	Pseudomonas_syringae_1188_1_11471_NZ_RBPG01000002	Pseudomonas_syringae_1845_4123_NZ_LYUP01000021	Pseudomonas_syringae_2507_4122_NZ_LYUO01000008	Pseudomonas_syringae_260-02_11495_NZ_MLFM01000009	Pseudomonas_syringae_2675C_6916_NZ_MLEX01000022	Pseudomonas_syringae_2676C_6925_NZ_MLEY01000018	Pseudomonas_syringae_31R1_5320_NZ_LT629769	Pseudomonas_syringae_44527_20732_NZ_JARNJB010000018	Pseudomonas_syringae_5264_5873_NZ_NBAQ01000017	Pseudomonas_syringae_7928A_6990_NZ_NBAL01000010	Pseudomonas_syringae_BIM_B-268_17583_NZ_CP068034	Pseudomonas_syringae_BRIP34881_444_NZ_KB316543	Pseudomonas_syringae_BRIP39023_442_NZ_KB316296	Pseudomonas_syringae_BRIP65014-c_20724_NZ_JAJISW010000012	Pseudomonas_syringae_BS0292_5537_NZ_FOVV01000019	Pseudomonas_syringae_BS2732_5563_NZ_FOTU01000003	Pseudomonas_syringae_BS2900_5075_NZ_FNPP01000004	Pseudomonas_syringae_BS3827_5522_NZ_FOQB01000010	Pseudomonas_syringae_BS3829_5514_NZ_FOPR01000011	Pseudomonas_syringae_CAS02_17541_NZ_CP032459	Pseudomonas_syringae_CC1557_3076_NZ_CP007014	Pseudomonas_syringae_CC457_20754_NZ_CP127246	Pseudomonas_syringae_CFBP_2116_6934_NZ_LT985192	Pseudomonas_syringae_CFBP_8692_12247_NZ_WJSF01000010	Pseudomonas_syringae_Dortyol_2015_6_17564_NZ_JAEIKC010000017	Pseudomonas_syringae_Dr_447_1_17557_NZ_JAEIKL010000026	Pseudomonas_syringae_Erdemli_3_17569_NZ_JAEIJX010000050	Pseudomonas_syringae_Erdemli_6_17567_NZ_JAEIJZ010000010	Pseudomonas_syringae_Erzin_1_17571_NZ_JAEIJV010000042	Pseudomonas_syringae_Erzin_2_17572_NZ_JAEIJW010000011	Pseudomonas_syringae_ICMP_11293_3802_NZ_LKEP01000002	Pseudomonas_syringae_ICMP_4122_6689_NZ_LKBX01000039	Pseudomonas_syringae_KCTC_12500_26106_NZ_AYTM02000002	Pseudomonas_syringae_KF529_17593_NZ_CP074409	Pseudomonas_syringae_Karpuz_1_hishtil_a_17552_NZ_JAEILI010000040	Pseudomonas_syringae_Kozan_2015_1_17562_NZ_JAEIKF010000024	Pseudomonas_syringae_LMG5095_7342_NZ_CP028490	Pseudomonas_syringae_M11_20731_NZ_JAROCH010000010	Pseudomonas_syringae_MB03_4121_NZ_LAGV01000047	Pseudomonas_syringae_MUP17_20728_NZ_CP110807	Pseudomonas_syringae_MUP20_20716_NZ_CP110808	Pseudomonas_syringae_MUP32_20727_NZ_CP110809	Pseudomonas_syringae_NCPPB_3871_5835_NZ_LKEN01000002	Pseudomonas_syringae_NZ45_6142_NZ_MTZF01000001	Pseudomonas_syringae_P108_12228_NZ_VLIA01000012	Pseudomonas_syringae_P121_12232_NZ_VLIE01000021	Pseudomonas_syringae_P78_12243_NZ_WJPU01000012	Pseudomonas_syringae_PA-1-11B_17691_NZ_WJYR01000030	Pseudomonas_syringae_PA-2-9E_17695_NZ_CP066265	Pseudomonas_syringae_PA-5-3F_17693_NZ_WKCY01000048	Pseudomonas_syringae_PA-5-3G_17692_NZ_WKCZ01000015	Pseudomonas_syringae_PsA1M246_17694_NZ_JAKMVN010000019	Pseudomonas_syringae_Pss9654_5872_NZ_MLES01000028	Pseudomonas_syringae_Pss9656_6144_NZ_MLEM01000010	Pseudomonas_syringae_Psy33_20718_NZ_CP036493	Pseudomonas_syringae_R1079_7297_NZ_NQWX01000016	Pseudomonas_syringae_RAYR-BL_17598_NZ_JAHZNS010000008	Pseudomonas_syringae_RMP66_6987_NZ_NHST01000045	Pseudomonas_syringae_SHV1866_17586_NZ_JAHARV010000001	Pseudomonas_syringae_SHV323_17590_NZ_JAHARZ010000001	Pseudomonas_syringae_SV1599_17591_NZ_JAHARU010000001	Pseudomonas_syringae_SV921_17588_NZ_JAHARY010000002	Pseudomonas_syringae_Sevgi_fide_PST_17555_NZ_JAEIKN010000010	Pseudomonas_syringae_StP26_17597_NZ_CP075880	Pseudomonas_syringae_Susan2139_17596_NZ_CP074578	Pseudomonas_syringae_Susan762_17594_NZ_CP074411	Pseudomonas_syringae_Tule1434_17592_NZ_JAHARX010000001	Pseudomonas_syringae_Tule230_17587_NZ_JAHARW010000001	Pseudomonas_syringae_U643_17595_NZ_CP074410	Pseudomonas_syringae_U888_17589_NZ_JAHASA010000001	Pseudomonas_syringae_UB303_12214_NZ_CP047267	Pseudomonas_syringae_UMAF0158_3878_NZ_CP005970	Pseudomonas_syringae_USA011_12213_NZ_CP045799	Pseudomonas_syringae_isolate_CFBP2118_5951_NZ_LT962481	Pseudomonas_syringae_isolate_CFBP3840_6707_NZ_LT963409	Pseudomonas_syringae_isolate_CFBP4215_6752_NZ_LT962480	Pseudomonas_syringae_isolate_CFBP6109_6963_NZ_LT963391	Pseudomonas_syringae_psy100_6403_NZ_MLEV01000005	Pseudomonas_syringae_pv_actinidiae_PSAAH01_20743_NZ_CP116478	Pseudomonas_syringae_pv_actinidiae_str_Shaanxi_M228_11439_NZ_CP032631	Pseudomonas_syringae_pv_actinidifoliorum_ICMP_18803_20753_NZ_CP081457	Pseudomonas_syringae_pv_aptata_G733_11468_NZ_RBOI01000041	Pseudomonas_syringae_pv_avellanae_ISPaVe037_292_NZ_JH951894	Pseudomonas_syringae_pv_avellanae_str_ISPaVe013_26105_NZ_JH951849	Pseudomonas_syringae_pv_cilantro_0788_9_3786_NZ_LGLN01000010	Pseudomonas_syringae_pv_dysoxyli_CFBP_2356_12226_NZ_VLHW01000015	Pseudomonas_syringae_pv_helianthi_LMG_5067_14836_NZ_CP092918	Pseudomonas_syringae_pv_lapsa_ATCC_10859_3811_NZ_CP013183	Pseudomonas_syringae_pv_lapsa_PslA1M171_17765_NZ_JAKMVE010000009	Pseudomonas_syringae_pv_maculicola_M4a_3822_NZ_LGLE01000004	Pseudomonas_syringae_pv_maculicola_YM7930_3817_NZ_LGLD01000029	Pseudomonas_syringae_pv_maculicola_str_ES4326_12204_NZ_CP047260	Pseudomonas_syringae_pv_papulans_PSP1_20741_NZ_JAFFRZ010000001	Pseudomonas_syringae_pv_syringae_2339_3881_NZ_LIHU01000021	Pseudomonas_syringae_pv_syringae_2340_3879_NZ_LIHT01000078	Pseudomonas_syringae_pv_syringae_41a_3079_NZ_JYHJ01000011	Pseudomonas_syringae_pv_syringae_529_11454_NZ_QPBJ01000022	Pseudomonas_syringae_pv_syringae_Alf3_2478_NZ_KL995102	Pseudomonas_syringae_pv_syringae_B301D_3084_NZ_CP005969	Pseudomonas_syringae_pv_syringae_B48_20739_NZ_CP125300	Pseudomonas_syringae_pv_syringae_B64_281_NZ_CM001763	Pseudomonas_syringae_pv_syringae_B728a_112_NC_007005	Pseudomonas_syringae_pv_syringae_EC33_20735_NZ_JAGSOX010000017	Pseudomonas_syringae_pv_syringae_HO7_20736_NZ_JARNIY010000011	Pseudomonas_syringae_pv_syringae_HS191_3083_NZ_CP006256	Pseudomonas_syringae_pv_syringae_Pss9644_17750_NZ_CP066263	Pseudomonas_syringae_pv_syringae_PssA1M140_20740_NZ_JAKMAG010000016	Pseudomonas_syringae_pv_syringae_PssA1M197_17707_NZ_JAKMVF010000007	Pseudomonas_syringae_pv_syringae_PssA1M201_17710_NZ_JAKMVI010000020	Pseudomonas_syringae_pv_syringae_PssA1M250_17721_NZ_JAKMVP010000021	Pseudomonas_syringae_pv_syringae_PssA1M262_17714_NZ_JAKMVV010000011	Pseudomonas_syringae_pv_syringae_S2_2_20738_NZ_JARNIX010000035	Pseudomonas_syringae_pv_syringae_SM_282_NZ_CM001986	Pseudomonas_syringae_pv_syringae_UMAF0176_17744_NZ_JAJPOK010000010	Pseudomonas_syringae_pv_syringae_UMAF0271_17740_NZ_JAJPOF010000013	Pseudomonas_syringae_pv_syringae_UMAF0297_17737_NZ_JAJPOD010000011	Pseudomonas_syringae_pv_syringae_UMAF1003_17741_NZ_JAJPOJ010000013	Pseudomonas_syringae_pv_syringae_UMAF1013_17734_NZ_JAJPOC010000013	Pseudomonas_syringae_pv_syringae_UMAF2016_17739_NZ_JAJPOG010000015	Pseudomonas_syringae_pv_syringae_UMAF2600_17732_NZ_JAJPOA010000013	Pseudomonas_syringae_pv_syringae_UMAF2801_17738_NZ_JAJPOH010000009	Pseudomonas_syringae_pv_syringae_UMAF2815_17736_NZ_JAJPNZ010000006	Pseudomonas_syringae_pv_syringae_UMAF3028_17702_NZ_JACTWB010000009	Pseudomonas_syringae_pv_syringae_UMAF7000_17735_NZ_JAJPNY010000012	Pseudomonas_syringae_pv_tagetis_ICMP_4091_14835_NZ_CP092923	Pseudomonas_syringae_pv_tomato_BRIP38746_11422_NZ_SNVG01000020	p1.G2	p12.A11	p12.E2	p12.G7	p13.C1	p13.D10	p13.F3	p20.D4	p20.F10	p20.G9	p21.A8	p21.E3	p21.F1	p21.F9	p22.A8	p22.B5	p22.C1	p22.D1	p22.D4	p23.A3	p23.B2	p23.B8	p24.B5	p24.H2	p25.A12	p25.B2	p25.C11	p25.C2	p25.D2	p26.B7	p26.D6	p26.E7	p27.D6	p27.F2	p3.A3	p3.F12	p3.F8	p3.G9	p4.A6	p4.D2	p4.E5	p4.E6	p5.C1	p5.C3	p5.D5	p5.H11	p6.B9	p7.G11	p8.B3	p8.B9	p8.C7	p8.E4	p8.H7
Pseudomonas_syringae_1188_1_11471_NZ_RBPG01000002	0.0	0.5357167131108543	0.5532540379806717	0.7979404397439466	0.8222642529046204	0.8175739957716702	0.8190745936788607	0.550793209017534	0.5584411093436614	0.6855806703039751	0.7108422550900426	0.6162866855877491	0.8016981943250214	0.6954133977066989	0.40635598064245704	0.9783109856504352	0.9772156787024522	0.5418298326806692	0.5482498954120765	0.7990985727401719	0.9721116510781704	0.679592397107728	0.8717032322020192	0.808390147349901	0.6215262178294076	0.6372741796730982	0.6384194603184304	0.6197509501591323	0.5920624800765062	0.6106548349539004	0.8140821946827667	0.5920050974211073	0.6328115370393197	0.5564803804994054	0.6958069381598793	0.6384194603184304	0.6022992335888038	0.6738200048911714	0.6051513200257566	0.6128158844765343	0.577068108252411	0.5675470132743363	0.8227481157434249	0.9786451509091327	0.5398523320727535	0.6791519002810705	0.8068813652628681	0.5725932581278493	0.9621116081039061	0.7350650949493707	0.7046996272077247	0.7926232487905819	0.7742284477849903	0.5742179717075114	0.530768416969355	0.7246018428567222	0.9777767041886082	0.8044738794690703	0.5315405275118794	0.44186571374835437	0.5307665135994348	0.5614016626328528	0.528125890059812	0.5174797045271704	0.7112906596085533	0.5352864261229106	0.5139642857142857	0.5453484671687705	0.5629642606867554	0.5363158652461848	0.9115128326935176	0.816419948068635	0.836573354069466	0.8039379275821792	0.8719037324512281	0.8066721808657292	0.8788923800035763	0.8103012736990454	0.9786407320549961	0.9786451509091327	0.9766349625923391	0.7940454950936664	0.7489655172413794	0.6939437969518039	0.9788710925591539	0.8182013020065904	0.9537693140438933	0.7380672466494239	0.583107016397951	0.9795060188073289	0.9764731431880701	0.9765399422521656	0.82896120281779	0.8096150687181733	0.8178513293543136	0.4550164173659248	0.8282760291860747	0.5156808402012982	0.7791591827570723	0.7816351916770327	0.5618244486831978	0.811495874945723	0.6326856371059336	0.8186531310225021	0.6309966501736377	0.8117250082300012	0.8086922992178033	0.8141258893173302	0.7774127775260535	0.8159633822653161	0.8008492215469153	0.8228085466022238	0.5768053429803812	0.7958128284260573	0.7855860908581043	0.7931892526630693	0.8215023573661069	0.7977220702361677	0.8116612187408647	0.814944901734724	0.7786075985176384	0.8102489660650215	0.7733537954358144	0.8095149104306272	0.9528759699470378	0.9794932260600175	0.9965253285262691	0.9965037722457348	0.996033934809445	0.9968532843844238	0.9967872125750092	0.9970561177552898	0.9955973313885963	0.9962550712576719	0.9965037722457348	0.9965037722457348	0.9965037722457348	0.9967872125750092	0.9951871796872968	0.9965037722457348	0.9967872125750092	0.9967872125750092	0.9963143660179243	0.9961754073453135	0.9961985052626134	0.9952083056036204	0.9946407995927008	0.995833980230813	0.9963303714188356	0.9951284796573876	0.9968693853106114	0.995962453388196	0.9961780104712041	0.9959699155479118	0.9959654623014853	0.9961272765333892	0.9966034017838623	0.995833980230813	0.995226097334571	0.9956659095062792	0.9959699155479118	0.9959699155479118	0.9961985052626134	0.9959323990972551	0.9959668096693811	0.9964665242728687	0.9967872125750092	0.9967872125750092	0.9961754073453135	0.9967872125750092	0.9951871796872968	0.9963042313872523	0.9961985052626134	0.9963042313872523	0.9959699155479118	0.9951871796872968	0.9963835530281192	0.9968914718205163	0.9959262435677531
Pseudomonas_syringae_1845_4123_NZ_LYUP01000021	0.5357167131108543	0.0	0.4768140981340705	0.8213585025717164	0.8247962899887338	0.8270191719355496	0.8335452049222007	0.5991514360313316	0.6333757556474706	0.7133418269088323	0.7275017785155324	0.5719918635581287	0.8178373501739915	0.7342852266909381	0.5581582117521082	0.9790315212425765	0.9781544873445878	0.6254109834304502	0.606747410462058	0.8194499800717417	0.972558591435816	0.7268128161888702	0.8865739582812265	0.8239263965412702	0.6865272662468813	0.5420728004857627	0.6482284567955866	0.6700541416948956	0.6680445617121079	0.6670384175153348	0.8234888355219457	0.6475609756097561	0.6349386778342806	0.6313418910658559	0.7354002671289324	0.6482284567955866	0.5340276835391504	0.65651611350164	0.5246335572246302	0.5792964512629785	0.5850601011891334	0.6035317200784827	0.8303798757510948	0.9805697459120619	0.6051314560256239	0.7264609925018602	0.8234301236912203	0.5643834725789149	0.960957677005049	0.7476350951874187	0.7310408975961399	0.8024950825856169	0.789434869301576	0.553836087027646	0.6034808067664281	0.6916847602840208	0.9815870642116086	0.8248726967294872	0.579051255500906	0.6099768812477614	0.6028165340983179	0.6222504643660182	0.6102612609674158	0.5942974345180054	0.71797303705711	0.6054719383590714	0.6002285341168789	0.6053739393540749	0.6226544175136826	0.6000867997596314	0.9169236578765183	0.8254783978514062	0.8408931082981717	0.8154430650684932	0.8867439188851706	0.823784126313566	0.8834874635280154	0.8267710511551997	0.9805658440805034	0.9805697459120619	0.9782260280245444	0.8053766902768834	0.7665014145923638	0.7285822814399252	0.9758416565721207	0.8288988102918785	0.9539677989584826	0.7056136343670385	0.6279310122085137	0.9759044291671363	0.9784144059869037	0.9784738094127524	0.835536013826056	0.8255334785689913	0.8319266437428363	0.5663193188915552	0.8358158517247654	0.5740835117045493	0.7971357175484322	0.7972888708146944	0.4710049764998617	0.8248793845351414	0.6637204282255477	0.8234119686859664	0.6805299539170506	0.8284497937087746	0.8207559664132652	0.8290032573289903	0.7923800206532964	0.8304864415152224	0.8181914808811416	0.8353574876772194	0.5937656276046008	0.7996607157282495	0.7931660033032789	0.8052918873860551	0.8333035873639122	0.8083859696277382	0.8289912649298393	0.824343194042201	0.7930528774340729	0.8248205883126101	0.7904824131547424	0.8255992624462201	0.9529003707690468	0.9758897559655375	0.9961542354012751	0.9965397923875432	0.9959829146750737	0.9967252233956133	0.9964792351973685	0.9967425881155363	0.9955330320524542	0.996298627722523	0.9965397923875432	0.9965397923875432	0.9965397923875432	0.9964792351973685	0.9953912408391468	0.9965397923875432	0.9964792351973685	0.9964792351973685	0.9960734999743366	0.996552598225602	0.9960424807133553	0.9953645283407587	0.9952332841118106	0.9957145005262894	0.9959642621452865	0.9956781656789421	0.9967624763108023	0.9963397325763801	0.9965548687810315	0.9963462829020953	0.9963423737248072	0.9959208492741138	0.996434221429827	0.9957145005262894	0.9957677114861745	0.99532214018408	0.9963462829020953	0.9963462829020953	0.9960424807133553	0.995859160654405	0.9963435564510111	0.9962989432844964	0.9964792351973685	0.9964792351973685	0.996552598225602	0.9964792351973685	0.9953912408391468	0.996191413840454	0.9960424807133553	0.996191413840454	0.9963462829020953	0.9953912408391468	0.9966014862157295	0.9967845659163987	0.9960078805474907
Pseudomonas_syringae_2507_4122_NZ_LYUO01000008	0.5532540379806717	0.4768140981340705	0.0	0.8155961827149903	0.8242476989213281	0.8206596013511771	0.8280611589361428	0.6042805249206401	0.6270788432463731	0.7125809242519168	0.7130487252979334	0.524910569105691	0.8199772221359425	0.727170690994906	0.571690685882039	0.978242369879712	0.9776525777327267	0.6136739144802061	0.6056969062724835	0.8146408246537099	0.9745811119573495	0.7308067197981767	0.8815127537477564	0.8184773629653317	0.6705487325307036	0.4948053241278587	0.663105371294394	0.6762335478633965	0.6682001828423132	0.668210513894625	0.8316275745897246	0.6447828966039164	0.6271299294815532	0.6238768068758953	0.7275368990419195	0.663105371294394	0.517487829299451	0.6589604110003022	0.4682888051705665	0.5336294007852224	0.568156461245652	0.62008520602296	0.8312901492078929	0.9796720575022462	0.6018783451711718	0.7304589947469644	0.8175636033921809	0.5710750797681838	0.9612675232277844	0.7323214070593904	0.7228649651152521	0.8123470732166385	0.7901502458318456	0.5410010295924806	0.6340901085529476	0.6921351630514977	0.980029672891694	0.8199586294685478	0.5485265748686223	0.6156206142498124	0.6063551279534001	0.6181782295470246	0.6262006749740394	0.6003706823925863	0.6983896606538116	0.6089350683404897	0.6249878965884517	0.6107429023642299	0.6185872138910813	0.6058030186406078	0.9133706640991208	0.8355356360920073	0.8415231553961922	0.8058782023447677	0.8813251186748813	0.8155747572296086	0.8853594933565131	0.8244094285787729	0.9796679472489946	0.9796720575022462	0.977523686576454	0.8074217802570943	0.7656094884790219	0.7325223508720504	0.9755014722119986	0.833747026579791	0.9565759501258841	0.7098299509530382	0.6136893618418892	0.9763820576168998	0.975575221238938	0.975643047090109	0.8410311219685981	0.822437577779543	0.8284482532004942	0.5779112117334384	0.8347643979057592	0.5745444600184609	0.7908910568221963	0.7894288852278968	0.3941419232314378	0.8190950798924221	0.6568344050498496	0.8188548078964126	0.66238801586136	0.817885918574249	0.8202687569988802	0.8195993445742376	0.7919527339369239	0.8286919389064997	0.8079930963809935	0.831906275635767	0.5849878444084279	0.8083916083916084	0.8019202163624071	0.803787181015333	0.8295205990581818	0.8116031934405006	0.8258066173448417	0.8280994735886731	0.7916393083825782	0.8176375103116102	0.7953237115652197	0.8224581525108494	0.9556835914055936	0.9763675950285766	0.9964343020146194	0.9965155901719146	0.9960062466398709	0.9966510724237544	0.9968697451817359	0.9970025363154255	0.9955802267764594	0.9964511140966817	0.9965155901719146	0.9965155901719146	0.9965155901719146	0.9968697451817359	0.9954102850187646	0.9965155901719146	0.9968697451817359	0.9968697451817359	0.996331128565523	0.9961698541991165	0.9960911887829728	0.9956963600539251	0.9952517610226976	0.9957356614771264	0.9962439635127884	0.9954641432705091	0.9969517851936279	0.995962281185735	0.9961723953150119	0.9959695589045211	0.9959652156479463	0.9959180549531852	0.9964857280105175	0.9957356614771264	0.9958416199602242	0.9955965077506554	0.9959695589045211	0.9959695589045211	0.9960911887829728	0.9959586658481686	0.9959665297123961	0.9965566861959091	0.9968697451817359	0.9968697451817359	0.9961698541991165	0.9968697451817359	0.9954102850187646	0.9965046821608368	0.9960911887829728	0.9965046821608368	0.9959695589045211	0.9954102850187646	0.9966290413197814	0.9969727282299674	0.9960580587897457
Pseudomonas_syringae_260-02_11495_NZ_MLFM01000009	0.7979404397439466	0.8213585025717164	0.8155961827149903	0.0	0.8212281713776286	0.8229483088704531	0.4031602708803612	0.8120167881599293	0.8082320701968058	0.7918956425201221	0.7900404903835339	0.8049959499359829	0.41558083419510516	0.6507955714199286	0.7988096562465236	0.9823039004111674	0.9805877280883689	0.7911811743203108	0.784444507249244	0.07229124280334187	0.9739830488467077	0.6863506634889811	0.8187594313398459	0.2797676297464702	0.784078128000439	0.8059335091797029	0.8165090328067417	0.8051027823920266	0.795911891477378	0.7935649730990433	0.44246085313174943	0.8079683246721109	0.8044438635472487	0.8031434184675835	0.6507955714199286	0.8165090328067417	0.8078553341407024	0.7942880237100902	0.8202935276106008	0.8070371332121526	0.8147320226232158	0.8097541986430875	0.41656348878800387	0.9810674319784645	0.7969629119301872	0.6883693574474342	0.2777135813881827	0.8155472303987156	0.9677352398523985	0.7866224749278551	0.7921163772876584	0.4126786159712076	0.8311845498079251	0.8045654461563368	0.8033981257473374	0.7864997692036167	0.9838574618533681	0.2644749564881067	0.8067935371936673	0.8020772094846169	0.7947257679899005	0.8033712623881187	0.8151579881820956	0.800234748504194	0.862201416396591	0.7982429056614365	0.8051323398576513	0.7939565895871755	0.8037428023032629	0.7948335674761318	0.9147108104362724	0.49976961558715116	0.8446858998376421	0.8373201980768727	0.8190468638490207	0.8298652969233189	0.808582335132289	0.43507330980179204	0.9810636404094348	0.9810674319784645	0.9786033978808915	0.44712759664567314	0.7990770860125577	0.7955982658161433	0.9800608620611346	0.4915091210613599	0.9508294688530861	0.8696229014645098	0.7966542330733581	0.9815253858197271	0.9801313705394578	0.9801858304297328	0.5056786748673892	0.819540955990735	0.8221511688856274	0.7996375518273429	0.8299708059639245	0.7986236043290785	0.8413128809007334	0.8355637030247479	0.8120814358424859	0.8290596074567658	0.8141901490301418	0.8234214871700783	0.756998213222156	0.8361983643277595	0.839479843953186	0.8261005551645946	0.8371060807811807	0.8288697820609399	0.8325432784223346	0.8313703543537432	0.8007828010664246	0.44907664537628433	0.45829450943852024	0.4504140858793235	0.4293102267278581	0.4431364305234391	0.4380952380952381	0.48830574262681214	0.42292168248123496	0.2952746918277279	0.45381944444444444	0.3749381231878933	0.9522149253731343	0.9815142224112079	0.996695840795016	0.9969051243023845	0.9967056915513659	0.9973937246963562	0.9962311557788944	0.9979464557347125	0.9971386952450317	0.9968371906220191	0.9969051243023845	0.9969051243023845	0.9969051243023845	0.9962311557788944	0.9968897361292265	0.9969051243023845	0.9962311557788944	0.9962311557788944	0.9972900421833056	0.9969165445079108	0.997505238998104	0.9964850164203612	0.9961795606494747	0.9969039474669796	0.9965081855216215	0.9970357004768656	0.9975080006295577	0.9969718030182685	0.9969185694079612	0.9969772051536174	0.9969739811989979	0.9967173375082067	0.9978991071205262	0.9969039474669796	0.9974203105843891	0.9961696444321246	0.9969772051536174	0.9969772051536174	0.997505238998104	0.9969119396562635	0.9969749566079842	0.9967427538997888	0.9962311557788944	0.9962311557788944	0.9969165445079108	0.9962311557788944	0.9968897361292265	0.9968235932133357	0.997505238998104	0.9968235932133357	0.9969772051536174	0.9968897361292265	0.9973711483531761	0.9975249459396087	0.9967187701847307
Pseudomonas_syringae_2675C_6916_NZ_MLEX01000022	0.8222642529046204	0.8247962899887338	0.8242476989213281	0.8212281713776286	0.0	0.378969014673591	0.821911196911197	0.813022798097425	0.8049887244926022	0.8094967070493536	0.7753369804297559	0.8048395036140833	0.8219540083852115	0.8045586164758388	0.8088432213811385	0.980074466884802	0.9768207315377126	0.7930167518856465	0.8094349972572683	0.8217245358229308	0.9699610127295787	0.8138873528714748	0.8939855535354528	0.8216487305401734	0.7810183166157871	0.8004889594007647	0.7802559511270276	0.7784442164522664	0.7717792395315257	0.7693173594918389	0.8400239216565747	0.8198689072910204	0.7878612716763006	0.8146291757318719	0.8049078451160567	0.7802559511270276	0.8042401860210642	0.8103920741989882	0.8232684378099066	0.8055419512823818	0.8172956561110075	0.8107245100198195	0.8276192880585711	0.9795458561583319	0.8074472883075883	0.8141042534127444	0.8213716525146962	0.8049929093195622	0.9698649511816771	0.7894320652941342	0.8043001435186439	0.8341634241245136	0.5034558749874787	0.8101993558861889	0.8127989940132856	0.8112625556932325	0.9791825865462545	0.8293553308680923	0.827565270188221	0.8113664510802256	0.8029374413339959	0.8063228974831185	0.8206713539244385	0.804447961115664	0.866529449018366	0.806402607446691	0.8131071281981119	0.7971010429516654	0.8067224546722455	0.8040641470082579	0.7614488522525616	0.8423424557516553	0.46945538057742786	0.46380292321416317	0.8937888046332425	0.48766240306173836	0.902152218347962	0.8331242472902449	0.9795417890992643	0.9795458561583319	0.9766656084176153	0.8368079774729391	0.8322958712250158	0.8080433310765065	0.9774317309862334	0.8357356747703395	0.9468290014981096	0.8703057872125347	0.8120284127027998	0.9796979120390937	0.9770085667978698	0.9770712108617345	0.841901285192779	0.4111388137795414	0.4231759059609098	0.8044986449864499	0.3438174304209487	0.8004462772568072	0.5322460361207484	0.5638185485161827	0.8226765603620672	0.5118892082571205	0.7788999050733045	0.3761921835783435	0.798775743113555	0.5179011736857678	0.5088271339140804	0.46064979503337056	0.5374125305126118	0.43534349306821696	0.5362082994304312	0.440585562847047	0.7973738341457917	0.8336222733976764	0.8431805348801396	0.836070669913476	0.8264498452483637	0.8390387902014604	0.8269230769230769	0.8334348510227907	0.8235956232657976	0.8259661333887388	0.8397892779671522	0.8159783413786938	0.9487605660556558	0.9796857288911609	0.9961019490254872	0.9962049812762321	0.9956046716061786	0.9966908170172228	0.9960399055669789	0.9963547689677711	0.9954352030947775	0.9962947305597692	0.9962049812762321	0.9962049812762321	0.9962049812762321	0.9960399055669789	0.9954235686215988	0.9962049812762321	0.9960399055669789	0.9960399055669789	0.9959706031424227	0.9962188556404157	0.996265242017264	0.9950146254610199	0.9947286266281122	0.9954194315143112	0.9955364979061662	0.9950658315224339	0.9962047362811615	0.996335374701788	0.9962213157828883	0.99634185264295	0.9963379866299646	0.9954440773004907	0.9965033230830275	0.9954194315143112	0.9951851194850612	0.9949790167865707	0.99634185264295	0.99634185264295	0.996265242017264	0.9961377373159782	0.9963391562860864	0.9961937890703771	0.9960399055669789	0.9960399055669789	0.9962188556404157	0.9960399055669789	0.9954235686215988	0.9958034800409417	0.996265242017264	0.9958034800409417	0.99634185264295	0.9954235686215988	0.9957134262508773	0.9962303124193131	0.9960075753698111
Pseudomonas_syringae_2676C_6925_NZ_MLEY01000018	0.8175739957716702	0.8270191719355496	0.8206596013511771	0.8229483088704531	0.378969014673591	0.0	0.8167380264861097	0.8179311076343773	0.8168266935441091	0.8044394939931577	0.7760390929555812	0.7920349460992183	0.8175144336054151	0.7930177824267782	0.8095516828522017	0.9785138172682798	0.9777020469881965	0.7969898015133239	0.8135832379329624	0.8215363371349664	0.96886811902962	0.7991890627436711	0.8948250275264493	0.8255616194948597	0.7821343243960711	0.785983924398449	0.7657350838424541	0.7577331697512334	0.7588497324652732	0.7489568660802084	0.83575751659508	0.817204867513038	0.7766078542970973	0.8148396438914512	0.7933648793495595	0.7657350838424541	0.8012077165606797	0.810639336261591	0.8190454301693098	0.7947214820454257	0.8245098039215686	0.8107506702412869	0.8211384127613197	0.9778751510965291	0.8155233968331834	0.799391306609786	0.8247859991363764	0.8175295514375678	0.968023709249727	0.7961494284307827	0.8069145294644268	0.8321045831116516	0.4534261782218185	0.8175700067041412	0.8111567383072903	0.8038023797206415	0.9790340780862108	0.8238498175922173	0.8236569687895294	0.813697164258962	0.8031028178102818	0.8096670188842829	0.822260064390815	0.8071032552011856	0.8666175243933192	0.8066060573457421	0.8104079288328481	0.8072550081212777	0.8106659447753113	0.8115712844561986	0.7339031009990182	0.8314740443254499	0.38874283788338393	0.4887302161824224	0.8946323968918111	0.5084258780991735	0.904796443612541	0.8283101430748807	0.9778708521341134	0.9778751510965291	0.9753818906353775	0.83446065317248	0.8311824123588829	0.8087665163383179	0.9774427816901409	0.8287471673680803	0.9456637743028166	0.876301796172413	0.8101630947567058	0.9792994320891316	0.9746477599113463	0.9747152362693132	0.8363565055397588	0.426924772010713	0.433984506567868	0.8060083346521074	0.43436046119614324	0.80446161856998	0.5483144661955094	0.5411343245728053	0.8217989526645446	0.5177370224647798	0.7682566045570146	0.33400294149298704	0.7862585660222973	0.5189313857389968	0.506533410958018	0.3898258225048382	0.5228496346622228	0.42353975121687404	0.4792140572973329	0.3336374162310094	0.8003557744937055	0.8323188442401435	0.8388385119690538	0.8347071912612521	0.8189313737700834	0.8366933953911921	0.8216829919857525	0.8238230742349358	0.8242615926133755	0.8216155762289665	0.839102176541717	0.8103905858788183	0.945351131746953	0.9792873099529356	0.9958210840885348	0.996287521676477	0.9954588735076539	0.996955007186183	0.9960536700868192	0.9960897404565228	0.9958187280921382	0.996422441925113	0.996287521676477	0.996287521676477	0.996287521676477	0.9960536700868192	0.9955027926207113	0.996287521676477	0.9960536700868192	0.9960536700868192	0.9962581852198317	0.9963007130862275	0.9963931036141102	0.9951072452307996	0.9945800805529312	0.9957160048134778	0.995441803778184	0.9953320918684048	0.9961380215564025	0.9962925755836204	0.9963030524139609	0.9962989493791786	0.9962951454454191	0.995303222038353	0.9967699946970062	0.9957160048134778	0.9957918050941307	0.9947292997498239	0.9962989493791786	0.9962989493791786	0.9963931036141102	0.9960996538442787	0.9962962962962963	0.9963752143032084	0.9960536700868192	0.9960536700868192	0.9963007130862275	0.9960536700868192	0.9955027926207113	0.9956992989608711	0.9963931036141102	0.9956992989608711	0.9962989493791786	0.9955027926207113	0.9956872395896786	0.9961632980590802	0.9961471538652746
Pseudomonas_syringae_31R1_5320_NZ_LT629769	0.8190745936788607	0.8335452049222007	0.8280611589361428	0.4031602708803612	0.821911196911197	0.8167380264861097	0.0	0.8217220720004241	0.8185512789863734	0.8015942840384974	0.7958066962834544	0.8116274381331586	0.331384907919293	0.6844737895158064	0.8146189818259113	0.982902785723716	0.9783533137299254	0.8055312875395872	0.797775913850483	0.4125531106428547	0.9733748112905439	0.7184622659879274	0.8250995202613045	0.406431334622824	0.8136459116724151	0.8137533653725184	0.8200961945822015	0.8177855274629469	0.8065065446689541	0.8023522808449842	0.3803914893617021	0.8216221906416127	0.8126542121959817	0.8166756176154673	0.6852629474105179	0.8200961945822015	0.8160067753546475	0.8068683945321584	0.8399617638920334	0.8137350664963559	0.8258644751124206	0.8194581609502202	0.2525955378838083	0.9793152639087018	0.8112912517488273	0.7184306518530894	0.40472321150720925	0.8219185146982981	0.9690827510770811	0.8037612428454619	0.8025813632990565	0.47571044865205425	0.8381905727318804	0.8209220772523336	0.8145916108903762	0.7995574645320838	0.9837339761641922	0.4340752266269787	0.8244029908669892	0.818881230966501	0.8081044066704262	0.817482385335961	0.8250938423448606	0.8142837597482555	0.8686345287998758	0.8114773917949545	0.8167888074616922	0.8081931633206728	0.8178334322880121	0.8095329406930558	0.9139682264085424	0.35683573950431713	0.831499227960099	0.8426412614980289	0.8253668976763147	0.8330631680259358	0.8178641071745132	0.37430740816745334	0.9793112393799858	0.9793152639087018	0.9771049890290122	0.46950712885107515	0.8141485940862165	0.8101239068981004	0.9816483516483516	0.3667955012361155	0.9516472330186934	0.8778374929446121	0.8023024793838283	0.9798618352450469	0.9788349032097762	0.9788911667304963	0.4422361883452338	0.8155988430132849	0.8185154040210993	0.8121315789473684	0.828099299035858	0.8138107835383315	0.8492020086511212	0.8390973258785135	0.8194387123400743	0.8283745378637358	0.8234446073923094	0.8235876854297907	0.7586342537959248	0.8392537952216712	0.8434972622695535	0.8247287076619533	0.8413078551981445	0.8275688212160935	0.8348826017578075	0.8252058735985712	0.8086086577254389	0.4899443170651818	0.49233033524121017	0.4278138898392063	0.17365778292777134	0.4829970228250082	0.2809740917643653	0.37382336655592474	0.47319471201753804	0.4048169490355751	0.47291638973813643	0.2570167371712342	0.9530116026441086	0.9798500163025758	0.9962726564022608	0.9968164564711645	0.996795812542804	0.9971658929880284	0.9961154959546725	0.9978953550976457	0.9967878742252001	0.9967517513877778	0.9968164564711645	0.9968164564711645	0.9968164564711645	0.9961154959546725	0.9966081162931557	0.9968164564711645	0.9961154959546725	0.9961154959546725	0.9970635410240593	0.9968277982479685	0.9973733673911995	0.9964349376114082	0.9958648864089279	0.9966956899254721	0.9963844237064543	0.9968163163785598	0.9973441254584545	0.9968827182696689	0.9968298095447119	0.996888090963495	0.9968848845011022	0.9965866146531757	0.9977534603956808	0.9966956899254721	0.9970658579283478	0.996058010511972	0.996888090963495	0.996888090963495	0.9973733673911995	0.9968232246713259	0.9968858545933644	0.9966594615838082	0.9961154959546725	0.9961154959546725	0.9968277982479685	0.9961154959546725	0.9966081162931557	0.9965112512148322	0.9973733673911995	0.9965112512148322	0.996888090963495	0.9966081162931557	0.9974379620818388	0.9973615438737562	0.9966601031878567
Pseudomonas_syringae_44527_20732_NZ_JARNJB010000018	0.550793209017534	0.5991514360313316	0.6042805249206401	0.8120167881599293	0.813022798097425	0.8179311076343773	0.8217220720004241	0.0	0.3633174346643542	0.6903885735670181	0.6770913032389696	0.6290747805589156	0.8101550574435608	0.7139273769708552	0.5615028662200428	0.9768728717366629	0.9766776570985259	0.525322633120052	0.3872773932654172	0.8110932920422496	0.970635173954676	0.6940203562340967	0.8869225999793324	0.8084660172742073	0.6348264420622767	0.6377705160614094	0.6319958086785009	0.6451013822078793	0.6102899374644685	0.6229846914817018	0.816032478904633	0.525163110562511	0.637086827824371	0.5134157807188833	0.7151167994271905	0.6319958086785009	0.6027090301003344	0.7082349424600209	0.6144214716835752	0.6275497589318828	0.5032419479878779	0.5099823098306798	0.8223121907332434	0.9779973679957519	0.5046850116662346	0.6936026936026936	0.8066878540831837	0.34646492008823193	0.9614368092263335	0.7333910944704025	0.6977949113338473	0.799413817166783	0.8061463088742902	0.38998682476943347	0.555218995891651	0.7260383150810285	0.978232413826538	0.8141195786017239	0.517139067299637	0.5200344369910679	0.5218011846142867	0.4644562234502463	0.5167146974063401	0.5621950785228447	0.6650584971656013	0.5277292342808231	0.545144983500667	0.4899200235875134	0.4662436167017122	0.4997962736600363	0.9127507292188685	0.821305290198282	0.8283333770010742	0.8008844603672189	0.8867242936395304	0.8020005557099195	0.8821905200184077	0.8133269440673003	0.9779927951228524	0.9779973679957519	0.9749157530020409	0.79997772270335	0.7469142515360774	0.6800602239578433	0.9779463738749352	0.8191369303525365	0.9514036738129426	0.6959570705530824	0.5543229441803135	0.9784319643396096	0.9760560308266486	0.9764211340081657	0.8336924532268236	0.8138999945232488	0.8202744938170947	0.5372772036895763	0.8300680051813472	0.5101620787239516	0.8131624352970175	0.805342980381244	0.6077270805554652	0.8096368448337017	0.6324077783598878	0.8146973590682924	0.6405685229430864	0.8107325946750454	0.8068562567496469	0.8168343758498776	0.8093576965669989	0.8211298486858133	0.801531393568147	0.8243050039714059	0.5520059699371025	0.8074244015700149	0.8037269147579169	0.7993745288023901	0.8219050656460958	0.8048916374171263	0.815757994630373	0.8147878983634798	0.7918820224719101	0.8089235088491922	0.7983902520820524	0.8110263615683126	0.9504238758613852	0.9784184360916229	0.9960360171160055	0.9964354553375756	0.9954335488979807	0.9963108382302563	0.9960500680562598	0.9967253809385481	0.9953594398762518	0.9960290506296045	0.9964354553375756	0.9964354553375756	0.9964354553375756	0.9960500680562598	0.9957435696566131	0.9964354553375756	0.9960500680562598	0.9960500680562598	0.9960306889019127	0.9964491438491281	0.9960778202031222	0.9951332994625237	0.994995560577932	0.9955027555370698	0.995626860560078	0.9955928195205848	0.996141426303979	0.9960747856626382	0.9964515705086082	0.9960820703165275	0.9960777230149924	0.9952654005997159	0.996484191884994	0.9955027555370698	0.9957400356772012	0.9948035587748996	0.9960820703165275	0.9960820703165275	0.9960778202031222	0.9958087304934626	0.9960790383325595	0.9958126838576312	0.9960500680562598	0.9960500680562598	0.9964491438491281	0.9960500680562598	0.9957435696566131	0.9959095801937567	0.9960778202031222	0.9959095801937567	0.9960820703165275	0.9957435696566131	0.9963677519543074	0.9961687905877238	0.9956376561826799
Pseudomonas_syringae_5264_5873_NZ_NBAQ01000017	0.5584411093436614	0.6333757556474706	0.6270788432463731	0.8082320701968058	0.8049887244926022	0.8168266935441091	0.8185512789863734	0.3633174346643542	0.0	0.6900345999189552	0.6575289325661084	0.6349299425961361	0.806640362884827	0.707521141966053	0.5572936494203149	0.9772764851777489	0.9767199612403101	0.5084033613445378	0.43682446427898924	0.80740022172949	0.9719438386709466	0.6926852918004969	0.8768072524552583	0.8061610719712667	0.6096175076303656	0.6488939134685896	0.6451947418184036	0.6577654540522619	0.6125098471718922	0.6296077210460772	0.8164974686563999	0.5216193302246714	0.622539860488291	0.4857374213257757	0.7079086221369468	0.6451947418184036	0.6108711542295169	0.7109302810814033	0.631440522213068	0.6390420188656132	0.43359375	0.5265242053440833	0.8169526642936833	0.9776593043919777	0.5068548834115516	0.6922656795218012	0.8043773000193686	0.43501811660505796	0.9598672662129992	0.7275889917375908	0.6889950668610965	0.7966338626705435	0.8021824676955709	0.42440640530093876	0.5198702641052144	0.7207428689908475	0.9805205790656645	0.8118082191780822	0.47621778558371264	0.4945671990082403	0.4898189633191272	0.482571736144623	0.512919523637676	0.5348466168685184	0.6483999316523055	0.4951735693731104	0.5196844772816505	0.49294325198471034	0.48319109461966603	0.500980065830837	0.9116671381181372	0.8174696855885825	0.8254593175853018	0.7949575580414863	0.8766196596763283	0.800872658551498	0.8703364230203197	0.8128493106935647	0.9776546629732226	0.9776593043919777	0.9744721233689205	0.7995824634655533	0.7405243036592026	0.668395256916996	0.9767337702135684	0.8151520866449335	0.9481363839396496	0.6891767732451305	0.5691048415186346	0.9790396253101161	0.9768916204902364	0.9772535398123356	0.831434660212055	0.8033185168824715	0.8070796946229473	0.4934689507494646	0.8234528393990346	0.5379847196194321	0.804191369088653	0.8021469399135648	0.6170631718260757	0.8025507405375754	0.6482405941799586	0.8073941726223199	0.6585211139974627	0.8029164702946966	0.8049057649667406	0.8141530248140986	0.799793630431145	0.8183075296222988	0.7952002685164467	0.8223617957279907	0.5969723034577671	0.8093977498345466	0.8043592655163818	0.798072625698324	0.8189152488217909	0.8052927426536064	0.8123451527825878	0.8124511521358307	0.7921308899054247	0.8145309206383968	0.7996038388572704	0.8122946221046726	0.9464956117451083	0.9790264952902418	0.9961972200367165	0.9962000263887056	0.9954372824137567	0.996366700015797	0.9962139391030769	0.9968868720979316	0.9951181145073363	0.9959798470253478	0.9962000263887056	0.9962000263887056	0.9962000263887056	0.9962139391030769	0.9957470124719512	0.9962000263887056	0.9962139391030769	0.9962139391030769	0.9961408458201368	0.9963465278872943	0.9958464214324654	0.9952983918362985	0.994945693085278	0.9955063767890076	0.9957890304242552	0.9956504228755537	0.9963093578282621	0.9959742974374854	0.9963490229039714	0.9959817633876825	0.9959773078906653	0.9952428511354079	0.9962519521082769	0.9955063767890076	0.995930526371785	0.9949659150498165	0.9959817633876825	0.9959817633876825	0.9958464214324654	0.9957592519425786	0.9959786559430825	0.9959224740521077	0.9962139391030769	0.9962139391030769	0.9963465278872943	0.9962139391030769	0.9957470124719512	0.9960209705605592	0.9958464214324654	0.9960209705605592	0.9959817633876825	0.9957470124719512	0.9963707132337472	0.9963355048859935	0.9958844415752098
Pseudomonas_syringae_7928A_6990_NZ_NBAL01000010	0.6855806703039751	0.7133418269088323	0.7125809242519168	0.7918956425201221	0.8094967070493536	0.8044394939931577	0.8015942840384974	0.6903885735670181	0.6900345999189552	0.0	0.6612373697128104	0.7290973702914001	0.789004177334591	0.7536613272311212	0.6950600470471711	0.9794110103294704	0.9777916048437275	0.6923564055474638	0.6672169661565814	0.7864873912073198	0.9703198563316022	0.7618655614851823	0.8664638269100744	0.7968160409838323	0.7098369937717912	0.7298357301199341	0.7459004944548426	0.7377085962698079	0.731256057928046	0.7408728137204958	0.7994093231162197	0.650672702926736	0.7393976990751184	0.7079607550919027	0.7539108302113421	0.7459004944548426	0.7113948739828726	0.518468315825144	0.698482725728083	0.7330813281051651	0.707204090840728	0.6772630845708134	0.7989646707225958	0.978250450738298	0.6975403045944051	0.7615609811556718	0.7952232549160209	0.6910990009082651	0.9644548640712324	0.5690161273612597	0.5620246348522582	0.7719768590376747	0.7834132391286063	0.6959378013500482	0.6755486881937437	0.5517927626123587	0.9795947659258905	0.7924642630897623	0.7127156205079062	0.688946096129093	0.6997023071198214	0.7039335527346811	0.7050270303858821	0.7060741303453297	0.7840703725477388	0.7022888909593465	0.6840982526586568	0.6912057050897731	0.7051916332665331	0.6931926827713685	0.9070188504802507	0.7965153970826581	0.8217654108696785	0.7770567656020765	0.8663480767732384	0.7782539282413242	0.860859262311972	0.7967703189643667	0.9782459824689554	0.978250450738298	0.976939645081238	0.7723714591428732	0.6250295089707272	0.5099720083974808	0.9795358355425329	0.7989137777297415	0.9485575507801001	0.8221877466590457	0.6797776012708499	0.9804828881660329	0.9775933808407863	0.9776564288439527	0.8194561329686514	0.8027541736113009	0.8071605139488768	0.6623421390743004	0.8156679538764818	0.6880733944954128	0.7951022427440633	0.7875387320994891	0.7114000118998036	0.7970014992503748	0.7393331647987416	0.8014428594851615	0.7378662617400595	0.7801995137899237	0.7767082924091483	0.8053368803952441	0.794102159031069	0.8094208577682891	0.7760820685778527	0.8085953044170314	0.6969897975299283	0.7794586432526145	0.7719406848813979	0.7603442380029637	0.7997697579781538	0.7737378873915869	0.8030604925480195	0.7945706011313503	0.7685929363821599	0.7879450689406944	0.7767842078623249	0.7987594577975029	0.9508814887365328	0.9804708093611754	0.9957495334853825	0.9967175532746314	0.9959119906262206	0.9969852119447982	0.9964196393313149	0.9968729641693811	0.9951261314337743	0.9965722532924409	0.9967175532746314	0.9967175532746314	0.9967175532746314	0.9964196393313149	0.9953068592057762	0.9967175532746314	0.9964196393313149	0.9964196393313149	0.9964262252003679	0.9968601603653632	0.9955877071468883	0.9947736571202322	0.9948490561028065	0.9955093661791121	0.9954752307892342	0.9954652735421252	0.9968708694127485	0.9966367713004485	0.9968622773124498	0.9966429298067141	0.9966392545255494	0.9957965749870265	0.9959619341563786	0.9955093661791121	0.9957964427396685	0.9948974305843349	0.9966429298067141	0.9966429298067141	0.9955877071468883	0.9960726175613817	0.9966403665054722	0.9966288611299848	0.9964196393313149	0.9964196393313149	0.9968601603653632	0.9964196393313149	0.9953068592057762	0.9964439254816624	0.9955877071468883	0.9964439254816624	0.9966429298067141	0.9953068592057762	0.9957109435924096	0.9968927461695061	0.9964159609206998
Pseudomonas_syringae_BIM_B-268_17583_NZ_CP068034	0.7108422550900426	0.7275017785155324	0.7130487252979334	0.7900404903835339	0.7753369804297559	0.7760390929555812	0.7958066962834544	0.6770913032389696	0.6575289325661084	0.6612373697128104	0.0	0.7309602411367877	0.7852769121425838	0.7585739812092915	0.6898015660869838	0.976707340143776	0.9753901414945514	0.7080932176556266	0.6285704839989421	0.7881477724237045	0.9660206144893229	0.7664139608067515	0.8745004831927286	0.7863706617957005	0.692263032451262	0.7253770945692614	0.7499718436760896	0.7463737501760315	0.7402891083440676	0.7307270628967109	0.7985677363773422	0.6949358794346158	0.7241638047963983	0.6567461613851682	0.7596821100521178	0.7499718436760896	0.7062356802278779	0.6851119493794111	0.7233822311605347	0.7331640948116033	0.6745499360394371	0.6523783095556789	0.7915897491584319	0.9753992131451052	0.6970606265931016	0.766112861644228	0.7842866794279924	0.6677888961625986	0.9644781910943975	0.6945153061224489	0.6674555092767891	0.7789037440744842	0.7677745540202809	0.6489055936325447	0.6452097274359393	0.6781908378245958	0.9786569116720771	0.7906983232430321	0.6729549926601492	0.6454831932773109	0.64953392868783	0.7056363463549092	0.657353372673035	0.7091391490585941	0.7769699916029522	0.6533594259621657	0.6432966745221262	0.6909857535296748	0.7069063746280939	0.6933324731460275	0.8978183002279387	0.7975982532751091	0.7921032731986605	0.7662962109869861	0.8741977563266371	0.7653391359120452	0.8738636656279777	0.795048514824725	0.9753940880998125	0.9753992131451052	0.9734828684122986	0.7740770237214859	0.7158973787570684	0.6824030303978963	0.9762376704894049	0.7954508084406686	0.9416144102730657	0.8074767918374174	0.6528529710929554	0.9769869127594784	0.9762337379169997	0.9763014856866772	0.8103762461142674	0.7763120727642506	0.7829731169231632	0.6841021802189576	0.7950200088928413	0.7013452914798206	0.7755459502217702	0.7562784230802653	0.7140969427593249	0.7621627755240986	0.7426628895184135	0.7765771357634579	0.7437522995499958	0.7684492894241196	0.7703655091733957	0.7805616277114511	0.7758488203318439	0.7857720291026677	0.7662281833032414	0.7765350816781906	0.7069703988070688	0.7844164624355616	0.7786741394927537	0.7756932186984	0.7956317405123469	0.7816865417376491	0.7883888511216859	0.7900766504574301	0.7680852282490406	0.7917701906702772	0.7810595538422291	0.7919906475993692	0.9423062514048802	0.9769724599925568	0.9952983820130279	0.9960120431016268	0.9948508053868498	0.9959147096808202	0.9955951840679143	0.9964080080291585	0.9949239956568947	0.9958986415882968	0.9960120431016268	0.9960120431016268	0.9960120431016268	0.9955951840679143	0.9955870064758722	0.9960120431016268	0.9955951840679143	0.9955951840679143	0.9958174601060287	0.9961594107589109	0.9958177472984207	0.9951342102448936	0.9949153910306422	0.995373017936054	0.9949128864756583	0.9955396727302039	0.9954275388111601	0.9960754950814593	0.9961620356983255	0.996082777104863	0.996078431372549	0.9945258836223912	0.9961973224983071	0.995373017936054	0.9956873602385262	0.9944351112977741	0.996082777104863	0.996082777104863	0.9958177472984207	0.9958095037292781	0.9960797462151497	0.9954674371140032	0.9955951840679143	0.9955951840679143	0.9961594107589109	0.9955951840679143	0.9955870064758722	0.9951533428471419	0.9958177472984207	0.9951533428471419	0.996082777104863	0.9955870064758722	0.9962627645015265	0.9954599826011309	0.9956925561986808
Pseudomonas_syringae_BRIP34881_444_NZ_KB316543	0.6162866855877491	0.5719918635581287	0.524910569105691	0.8049959499359829	0.8048395036140833	0.7920349460992183	0.8116274381331586	0.6290747805589156	0.6349299425961361	0.7290973702914001	0.7309602411367877	0.0	0.8052816990648047	0.6262753570999879	0.6362770110349492	0.9769470404984424	0.9779759737895887	0.5898674273119187	0.6092348368008561	0.8046133326359286	0.9724434826649477	0.6317816726881849	0.8922619191601557	0.8107085471414502	0.6584898428516672	0.23638688327316482	0.5552453987730062	0.5697797703795704	0.5562973265337661	0.5608087283486408	0.8246498460315883	0.6582801012414126	0.4886111021617965	0.6352735993023763	0.626687466250675	0.5552453987730062	0.4571715910667221	0.71833226355594	0.5692182918460291	0.0877840909090909	0.5920605739569377	0.6403907385081455	0.8142046310713748	0.9792486038982203	0.6118628777627424	0.6312862524666627	0.8090418353576249	0.5748651361184294	0.9659170212286982	0.7469350254098597	0.7428939122649956	0.8149655279664092	0.8288686271991781	0.5508077621642291	0.6425413007431062	0.7267730742539903	0.9804786037315638	0.8108973531310523	0.595331344025861	0.622975977951079	0.6273790272421943	0.6230518762052287	0.6406269359435015	0.6208828142505041	0.7101433174091767	0.6311842678449188	0.6353999258251948	0.6129738997904363	0.6238349499225933	0.6068158369873613	0.9049446346387771	0.8147875899827639	0.8068476264748057	0.8240092939202271	0.8924180575348422	0.8315059411494722	0.8874832279087598	0.8184362427846773	0.9792445449013301	0.9792486038982203	0.9771613190730838	0.813244895844129	0.7784174822899197	0.7372145475049338	0.974888231499811	0.8154814796009038	0.9553556941192833	0.694229112833764	0.623076681035839	0.9763996932179249	0.9748740281356164	0.9749414466653024	0.8299669573426747	0.8074521286243619	0.8153304734259806	0.6177294700865228	0.8241135475965589	0.5904305596297383	0.8246330567964263	0.8234384264391225	0.4124642533305434	0.8078723951633651	0.5754091912988231	0.8056830261076975	0.5527690700104493	0.8354748603351956	0.8291747622456284	0.8034022059965823	0.8256871307474956	0.8118402465647875	0.8278980402203151	0.7959110656785076	0.5983551040154813	0.8210263793901373	0.814142354645148	0.8126558603491272	0.8134554260632663	0.8166251556662516	0.8086114752445296	0.8113970401261252	0.8105161827453429	0.8127598048075185	0.820368554173334	0.8037155474341404	0.9549524472280213	0.9763857218031924	0.9966681366063992	0.9963025044369946	0.9965541006202618	0.9968281288418982	0.9969655515483149	0.9972159258894254	0.9957281160739112	0.9965119398980413	0.9963025044369946	0.9963025044369946	0.9963025044369946	0.9969655515483149	0.9957064793130367	0.9963025044369946	0.9969655515483149	0.9969655515483149	0.9965721950371346	0.996439008816523	0.9965792474344356	0.9954370917069765	0.9951592676197643	0.9958231137230141	0.9964857957338051	0.995489400090212	0.9970466176133616	0.9964041798392741	0.99644128113879	0.9964104170179962	0.996406694641393	0.9961719670200235	0.9969599688700812	0.9958231137230141	0.9958521682976504	0.9958621027373782	0.9964104170179962	0.9964104170179962	0.9965792474344356	0.9962116553098325	0.9964078208249958	0.996713452604527	0.9969655515483149	0.9969655515483149	0.996439008816523	0.9969655515483149	0.9957064793130367	0.9965651247336091	0.9965792474344356	0.9965651247336091	0.9964104170179962	0.9957064793130367	0.9966342374213837	0.9970661136122212	0.9964128935156152
Pseudomonas_syringae_BRIP39023_442_NZ_KB316296	0.8016981943250214	0.8178373501739915	0.8199772221359425	0.41558083419510516	0.8219540083852115	0.8175144336054151	0.331384907919293	0.8101550574435608	0.806640362884827	0.789004177334591	0.7852769121425838	0.8052816990648047	0.0	0.6577588470402894	0.8027919463087249	0.981820585707675	0.979522647138595	0.8051799032866158	0.7854857674113369	0.4062586733277824	0.973904491812277	0.6982588049070044	0.8230706285480489	0.3949328321848681	0.8102609464838567	0.8042524040291275	0.8129765248796148	0.8157605711147721	0.7891505662032141	0.7946366648686137	0.33231643172733005	0.807285421163429	0.8068941081190524	0.8042238992344861	0.6585806752580325	0.8129765248796148	0.8097468792419685	0.7994589814284971	0.8263360236270592	0.8086407327260833	0.8136722219319785	0.807852019630049	0.2977181400688863	0.9791089965397923	0.8034530386740332	0.6982061003904703	0.39319931714454937	0.814685042435568	0.9695542510211825	0.7971431704776004	0.7954339360964421	0.47869558020195335	0.8355523935359285	0.8069946496150333	0.8045250329557989	0.7929932970255551	0.9840711952236115	0.37859995795669543	0.8106883820795475	0.8017947188635255	0.7969957430655351	0.8074786208399151	0.81856404488364	0.8021956750179746	0.859245630174793	0.7996145389397107	0.8060741378382741	0.8025795544405966	0.8083548782147231	0.8009991443791229	0.9141386580677168	0.3546116674837173	0.8316008825692571	0.8384035724253419	0.8233416739008323	0.8318368589255821	0.8123997862105825	0.3736651150054765	0.9791049295926976	0.9791089965397923	0.9772550932186481	0.4689017494844675	0.8049089623906208	0.802664822744076	0.9799145487380523	0.3733347210657785	0.9510212588578575	0.8741933894882026	0.800839603096718	0.9792998477929985	0.9793111236589498	0.9793661162795936	0.42747964778202363	0.8189060824268424	0.8211115350375175	0.8000106377320355	0.8306009548589184	0.8011636243313296	0.8458660680882903	0.8392924922189327	0.8174674972214324	0.8289493537192576	0.8115785507974381	0.8246763137852247	0.764490861618799	0.8404116137472953	0.84375	0.8264945171559958	0.8424075986999572	0.829737961587837	0.837639029322548	0.826093424576019	0.8081623745089481	0.5184054010609227	0.4842105263157894	0.48143863012792965	0.30947782546494995	0.490400763987223	0.2627940154369536	0.3115991517199238	0.4743168310256666	0.4447921924953727	0.46506499147926617	0.3136570777556251	0.9527752081406106	0.9792876879228944	0.9965156794425087	0.9969134290333643	0.9967699309939804	0.9976057267108059	0.9963871223181807	0.9980907154921304	0.9967109392653594	0.9971881514519804	0.9969134290333643	0.9969134290333643	0.9969134290333643	0.9963871223181807	0.9965823981384977	0.9969134290333643	0.9963871223181807	0.9963871223181807	0.9973345837755128	0.9970468357210847	0.9970821577563963	0.9967067795770812	0.9959632204530163	0.9967427496018916	0.9964810244128931	0.9967400771432127	0.9975459191418307	0.9970979733781029	0.9970487085050855	0.9971029760337108	0.9970999904131914	0.9966096734066685	0.9974618062270354	0.9967427496018916	0.9971635753749013	0.9961541270111725	0.9971029760337108	0.9971029760337108	0.9970821577563963	0.9972631527502871	0.9971008936914488	0.9970031197032597	0.9963871223181807	0.9963871223181807	0.9970468357210847	0.9963871223181807	0.9965823981384977	0.9969348849958882	0.9970821577563963	0.9969348849958882	0.9971029760337108	0.9965823981384977	0.9971921086043559	0.9975620177444894	0.9970838214401435
Pseudomonas_syringae_BRIP65014-c_20724_NZ_JAJISW010000012	0.6954133977066989	0.7342852266909381	0.727170690994906	0.6507955714199286	0.8045586164758388	0.7930177824267782	0.6844737895158064	0.7139273769708552	0.707521141966053	0.7536613272311212	0.7585739812092915	0.6262753570999879	0.6577588470402894	0.0	0.6964754123074139	0.9796122690452352	0.9805126772368513	0.6742592534651607	0.6878581006948677	0.6476138466672734	0.9726532058094226	0.236206488278475	0.8595030770409335	0.6772077077668754	0.7110943264677687	0.6357240803672569	0.6219684024342716	0.6126866570327554	0.585469554962448	0.589786443825441	0.6801234250449988	0.7173174119942068	0.6143648415508944	0.7061105722599418	0.0027735528317079927	0.6219684024342716	0.6963829339426921	0.7677028885832187	0.7371273712737128	0.6388124204481544	0.7277846766973749	0.7025766796863173	0.6734599884858952	0.9806328241389278	0.689460202424091	0.23359050445103857	0.6766210342686496	0.7054200146092038	0.966219802025889	0.752318619394224	0.7535712253144385	0.6699776286353467	0.8143032371606848	0.7164852975225746	0.689494660622471	0.7522035032913087	0.9827866945801349	0.6615412122295727	0.7189171900441963	0.6997632345798932	0.6862379715900413	0.6909096519377931	0.7142814182179051	0.6844465349639386	0.804670600835836	0.6912483205081226	0.6899418374493742	0.6866569955862836	0.6912730974488694	0.6846201938105658	0.9071486534462646	0.6838112271389835	0.805639398395377	0.8168548902620925	0.8596307817838748	0.815927515498331	0.8630944911532188	0.6808151832161435	0.9806289476025265	0.9806328241389278	0.9788578205537564	0.6734372680029695	0.7849459624796085	0.7561892823566281	0.9786441294074882	0.6846287200231147	0.9565620101648221	0.8171974182535873	0.7099624742767219	0.9818393012710256	0.9783926157288705	0.9784518828451882	0.6983744902582691	0.798876254180602	0.8032773802239898	0.7025616698292221	0.8071838165020707	0.6879653571762361	0.8231579499004298	0.8140687450039968	0.7161532899493854	0.807732883215529	0.6131816398587682	0.8046606900587907	0.4490415766738661	0.8147706494951904	0.8171707007044118	0.8079902699558447	0.8153580443735884	0.8142046350307426	0.812450098472348	0.80037566524053	0.6760299039694704	0.6955900367496938	0.6788974563502614	0.6835203780271707	0.6841803537134177	0.6860063218221027	0.6816051217560306	0.6723234557838971	0.6748595714328172	0.677702762463516	0.6867984562354535	0.6760295852879386	0.955802287154371	0.9818283415288332	0.9966742252456539	0.9965017237882783	0.9964807453730663	0.9971177913179784	0.9969803209048801	0.9972631205494032	0.9959941733430444	0.99679037111334	0.9965017237882783	0.9965017237882783	0.9965017237882783	0.9969803209048801	0.9956853301224162	0.9965017237882783	0.9969803209048801	0.9969803209048801	0.9965756050190386	0.9966413293264982	0.9966328286733345	0.995484979861984	0.9951734462110262	0.9960560145777689	0.9964867050854312	0.9954872482529203	0.9971167204005138	0.9967014706976514	0.9966435331230283	0.9967073502834649	0.9967038413878563	0.9961639410458308	0.9970244048809762	0.9960560145777689	0.9959631058534966	0.9958452938510349	0.9967073502834649	0.9967073502834649	0.9966328286733345	0.996357104910319	0.9967049030052275	0.9967208947635994	0.9969803209048801	0.9969803209048801	0.9966413293264982	0.9969803209048801	0.9956853301224162	0.9966201398384891	0.9966328286733345	0.9966201398384891	0.9967073502834649	0.9956853301224162	0.996664729514617	0.9971363115693013	0.9964894166236448
Pseudomonas_syringae_BS0292_5537_NZ_FOVV01000019	0.40635598064245704	0.5581582117521082	0.571690685882039	0.7988096562465236	0.8088432213811385	0.8095516828522017	0.8146189818259113	0.5615028662200428	0.5572936494203149	0.6950600470471711	0.6898015660869838	0.6362770110349492	0.8027919463087249	0.6964754123074139	0.0	0.9780705882352941	0.9764498442066617	0.5706309324399776	0.5417425409721249	0.7996329152646069	0.9704270828237366	0.6903011045543955	0.8755751982321591	0.8058953168044077	0.647906830343091	0.6390721364793961	0.6506662628709873	0.6549533273110508	0.6177078117175764	0.6351355528764413	0.8093212453141201	0.6022239238272797	0.6163106190550445	0.5682969129379118	0.6976926320862702	0.6506662628709873	0.6035556147418184	0.6816386069409834	0.6148730737259416	0.643465822630714	0.5894009064143704	0.5774314257269388	0.8113774845009711	0.9791614014933946	0.5314956351649944	0.6898787878787879	0.8047758230849832	0.5738745927255802	0.9594234873737979	0.72648116013882	0.7100995040014606	0.7844655274344754	0.7699911436162614	0.5975502204801568	0.5514064184138243	0.7158312831609213	0.9794284336187146	0.8057538157461294	0.5570292674674335	0.5103926927502878	0.5353709637663298	0.556794989091421	0.5079937926305533	0.5463965579060595	0.7235304939747953	0.5396215778161446	0.5402399663205164	0.5336826347305389	0.5583676051882316	0.5257033062645011	0.9115966774934846	0.815405224380442	0.8261062872685427	0.7901769388731047	0.8757689811810513	0.7995895274018194	0.8789496538864339	0.8034606332905434	0.9791570916444526	0.9791614014933946	0.9758856872933397	0.7881334565929909	0.7436649555935795	0.7126097025841054	0.9785596997419658	0.808754827036807	0.9544895751376868	0.7389938030485477	0.553621560920831	0.9785383903792785	0.9767941140996261	0.9768599812378226	0.8197159963969692	0.8067074676839476	0.8146354733405876	0.5004249291784703	0.8224422978055578	0.5409542244685808	0.7799467115411584	0.7810838330127843	0.5769205298013245	0.8072554947299616	0.6362021983405284	0.8098337344126012	0.6320056505850198	0.8057623380204025	0.8028231386659286	0.8144156373014796	0.7774473989748818	0.8160275159787672	0.7984483190122633	0.8151416874900314	0.5450730770598485	0.7874520563285646	0.7815199347232773	0.7846262142756582	0.8143104596935377	0.7961762075134168	0.8057261898402863	0.8063679818520619	0.7705734950737514	0.798833093684327	0.7746770759403833	0.8021597227818519	0.9530564996798188	0.9785249809085229	0.9965777580396562	0.9968465864298103	0.9963502691348299	0.9971688468293706	0.9965474198603033	0.9973196689002759	0.9960041038932987	0.9966464762003795	0.9968465864298103	0.9968465864298103	0.9968465864298103	0.9965474198603033	0.9953701295323311	0.9968465864298103	0.9965474198603033	0.9965474198603033	0.996633621375179	0.9968586387434555	0.9967174132182274	0.9953955072926648	0.995367643121084	0.9962235844908306	0.9964881935162617	0.9959078873465458	0.9968693853106114	0.9966849124971089	0.9968607753884791	0.9966910350134667	0.9966873812336295	0.9961272765333892	0.9971234580698662	0.9962235844908306	0.9961047220308442	0.9956659095062792	0.9966910350134667	0.9966910350134667	0.9967174132182274	0.9964064631203441	0.9966884867154409	0.9967575262297675	0.9965474198603033	0.9965474198603033	0.9968586387434555	0.9965474198603033	0.9953701295323311	0.9964117395029991	0.9967174132182274	0.9964117395029991	0.9966910350134667	0.9953701295323311	0.9967779116676272	0.9968914718205163	0.9967060335823893
Pseudomonas_syringae_BS2732_5563_NZ_FOTU01000003	0.9783109856504352	0.9790315212425765	0.978242369879712	0.9823039004111674	0.980074466884802	0.9785138172682798	0.982902785723716	0.9768728717366629	0.9772764851777489	0.9794110103294704	0.976707340143776	0.9769470404984424	0.981820585707675	0.9796122690452352	0.9780705882352941	0.0	0.9457865976416451	0.9780829152363348	0.9762597931311984	0.9829407355246121	0.9677091699343318	0.9781232926607175	0.9780395015604711	0.9824815535738536	0.9795292178054589	0.9775780763413116	0.9783339972557872	0.9799422513169785	0.9791945410757292	0.978139025969676	0.9800158290462999	0.978704961814178	0.9796724512893347	0.9776633531192639	0.9796122690452352	0.9783339972557872	0.979570320736593	0.9776636597059692	0.9775876584222621	0.9782974204681208	0.9779425351071692	0.976168957808115	0.9823658751099384	0.9377537836840162	0.9792958155753584	0.9781008591026138	0.9824815535738536	0.977507696549189	0.9651849978154391	0.9753610671272972	0.9747891327648073	0.9810715504493231	0.9769338250452391	0.9770827592541563	0.9783742946856482	0.9792830857298623	0.9675175104592676	0.9830714784843225	0.9782287482107401	0.9768420552081599	0.9774685222001326	0.9793831713040563	0.9784035772048331	0.9788507195116043	0.9828323122951987	0.9791597515292333	0.9781051237793488	0.9786161418263487	0.979603073902947	0.9785203440610805	0.9891767293831321	0.981100611450806	0.9781543262785434	0.9796002378447606	0.9780694769888755	0.9780317344685501	0.9781241577576139	0.9814310200852635	0.9375201957254304	0.9377537836840162	0.9316529671687176	0.9807600572428049	0.9796644853238974	0.9781924931851541	0.8721650514536916	0.9823956200480727	0.976175010439382	0.9779980269346364	0.976556338869638	0.9482608096310251	0.8162239191223919	0.8165196643521622	0.9830810917982948	0.9788939716472667	0.9790541609236957	0.9771500372300819	0.9812866817155756	0.9771809809277479	0.9790888722927558	0.9782886918365481	0.9783933644945468	0.9791577669357195	0.9791643626551061	0.9793296847437695	0.9792560484762705	0.9773968860966948	0.9777382824070909	0.9803873001576222	0.9788388744470288	0.9760543971807442	0.9798561478581509	0.9775731143040581	0.9774935077426181	0.9812677174282799	0.9809420092567384	0.9808108169629647	0.9825881625987554	0.9806990326701953	0.9809502859656841	0.9833551565724938	0.9810475063705861	0.9814601279703362	0.9809491293956982	0.9814822979586438	0.976570474157929	0.9482770511022736	0.9972689233544637	0.9972274033371982	0.9967510389119758	0.9968545546049321	0.9969189244245263	0.99722621479184	0.9966897693182993	0.9971815528895318	0.9972274033371982	0.9972274033371982	0.9972274033371982	0.9969189244245263	0.9967334114654764	0.9972274033371982	0.9969189244245263	0.9969189244245263	0.9969244064867063	0.9972375690607734	0.9965995681203306	0.9961227457082367	0.9962032785203048	0.996125282531482	0.9969582704876823	0.9965142505638712	0.9966344899556483	0.9972125607439749	0.9972393715805853	0.9972175026470661	0.997214553342536	0.9965861740047192	0.9965896644428955	0.996125282531482	0.9966720861701046	0.9964190915009766	0.9972175026470661	0.9972175026470661	0.9965995681203306	0.9967035732259688	0.9972154456519061	0.9973966231928015	0.9969189244245263	0.9969189244245263	0.9972375690607734	0.9969189244245263	0.9967334114654764	0.9970492392168937	0.9965995681203306	0.9970492392168937	0.9972175026470661	0.9967334114654764	0.9964290204954105	0.9966572516908088	0.9968936923985315
Pseudomonas_syringae_BS2900_5075_NZ_FNPP01000004	0.9772156787024522	0.9781544873445878	0.9776525777327267	0.9805877280883689	0.9768207315377126	0.9777020469881965	0.9783533137299254	0.9766776570985259	0.9767199612403101	0.9777916048437275	0.9753901414945514	0.9779759737895887	0.979522647138595	0.9805126772368513	0.9764498442066617	0.9457865976416451	0.0	0.9775128691411542	0.9775128428806824	0.9812411157458113	0.9752739331026529	0.9787278657968314	0.9741938505491418	0.9792122029484258	0.9795966228893058	0.978434940855323	0.9802418899061829	0.9813721956933057	0.9787627594711242	0.9789187584222186	0.9790123178778121	0.9786799836738613	0.9798569319859203	0.9775865861706547	0.9805126772368513	0.9802418899061829	0.9796648420243926	0.9770668901771786	0.9767257462686567	0.9792580864057906	0.9778750591575959	0.9769776110312568	0.9792813938792092	0.8343179933665008	0.9788793638961362	0.9787055393586006	0.9792122029484258	0.9769484341888391	0.9666564770616315	0.9771125463520051	0.9774264215639584	0.9778416660823224	0.9767703787132198	0.9776440442887703	0.9780440571290244	0.9789165037698967	0.96118245699055	0.9816475591715976	0.9792788961345809	0.9760458592511282	0.977437042068999	0.9796254019687263	0.9786694619828868	0.9779142935309771	0.9826694492332819	0.9793939688479576	0.9777179710988265	0.9781377907404231	0.9798507828989349	0.9778819211981452	0.9888256902476596	0.9783199068897054	0.9774742337638958	0.9786884861557218	0.9742300586956013	0.9766312594840668	0.9729379954241871	0.9786922209695603	0.8340073624721315	0.8343179933665008	0.8317060842267685	0.9790991914625906	0.9797524083518592	0.9769092864826102	0.9420119478899258	0.9778484633515641	0.9758202567760342	0.9789162283996995	0.9782289628180039	0.5025781825487177	0.9562545542871023	0.955012853470437	0.9786468004166478	0.9778314259848185	0.9786603712447345	0.9773794484303864	0.9791299916612619	0.9763547042477173	0.9795705649364186	0.9764093424631836	0.9781935120416881	0.9768836801550316	0.9789204365348911	0.9777344837183413	0.9796149234145569	0.9766015023561797	0.9774520330516783	0.9790146827961954	0.9776478840308628	0.9757536496772552	0.9769741455888541	0.9767810983628861	0.9767809114911047	0.9772674283049662	0.9772886256587231	0.9788138562518979	0.9791742204496011	0.9769939729368449	0.9794860234445446	0.9802442692430388	0.9786284860092493	0.9805343776794198	0.9782877976955617	0.9792208379496687	0.9746898735684183	0.5030311149814114	0.99629057187017	0.9960597262546661	0.9956748076972883	0.996042011589404	0.9958878994237821	0.9961100593864267	0.9954483749900184	0.9963597210828548	0.9960597262546661	0.9960597262546661	0.9960597262546661	0.9958878994237821	0.9956161714564052	0.9960597262546661	0.9958878994237821	0.9958878994237821	0.9964726170568562	0.9958671281706876	0.9961754207037226	0.9949088046188165	0.9948784286807993	0.9947388583833482	0.9959159407552924	0.9954381246209424	0.9966468158162991	0.9961718849030295	0.9958699019101703	0.9961788597312549	0.9961746972690885	0.9954311969231563	0.9961639771884511	0.9947388583833482	0.9965803487522189	0.9946668727778637	0.9961788597312549	0.9961788597312549	0.9961754207037226	0.995964717142192	0.9961759566439587	0.997012676641729	0.9958878994237821	0.9958878994237821	0.9958671281706876	0.9958878994237821	0.9956161714564052	0.9968612349326089	0.9961754207037226	0.9968612349326089	0.9961788597312549	0.9956161714564052	0.9955791106514995	0.9966701297317456	0.9964628867067892
Pseudomonas_syringae_BS3827_5522_NZ_FOQB01000010	0.5418298326806692	0.6254109834304502	0.6136739144802061	0.7911811743203108	0.7930167518856465	0.7969898015133239	0.8055312875395872	0.525322633120052	0.5084033613445378	0.6923564055474638	0.7080932176556266	0.5898674273119187	0.8051799032866158	0.6742592534651607	0.5706309324399776	0.9780829152363348	0.9775128691411542	0.0	0.5329879847471042	0.7906803887935964	0.9714093256492777	0.6484514402243181	0.8865218419186215	0.7966917804339206	0.6161938262270292	0.6001480575493257	0.6116865785460092	0.6149298090299735	0.6070187853834277	0.6153846153846154	0.8159001455761039	0.6155270511396156	0.6053981279651237	0.5433771850783925	0.6746739232429388	0.6116865785460092	0.5006751578409547	0.7136201367459309	0.6382091658381707	0.5940495336120939	0.5748737890571701	0.5827948726904404	0.8040837496246553	0.9764611915053562	0.45631030189853716	0.647946647946648	0.7953952591584439	0.5568068669527897	0.9627326162776517	0.6601065601065601	0.7040319560604169	0.7999489521000539	0.7956841924987155	0.5275940507436571	0.5804397745459606	0.7224863108490283	0.9804731690521863	0.79932422919893	0.5651740951857702	0.5719466253564764	0.5564218882903318	0.4898826538287949	0.5716302046577275	0.51556303778526	0.7055785858107309	0.5622940947252826	0.5729845205575401	0.44165441460961075	0.49039365341955865	0.4508659272231952	0.9038052068501561	0.8101276245368465	0.809577891349612	0.7939333237945343	0.886495986569435	0.8009497427779977	0.8822092902421282	0.8041914209407532	0.9764562137268263	0.9764611915053562	0.9751868820834338	0.797970061238376	0.7393429420422672	0.6844782097333036	0.9770150756177648	0.8082497520114625	0.9503930263025295	0.6474426977850645	0.604343916441862	0.9793301751160762	0.9759481505212055	0.9760178882964347	0.8252803097523594	0.784530701879474	0.7934804101579052	0.5456776274276098	0.805694767197693	0.4973598853435921	0.8039886679195535	0.7994542198470679	0.6020381066188674	0.7875741316012426	0.6158501806198111	0.7893751064192065	0.622737877545873	0.8091057001795332	0.7993655828707376	0.7909794396746498	0.7988985408505082	0.8049025349284699	0.7921218517356456	0.8054766069086139	0.4806342703235841	0.8059353023909985	0.8039226737304852	0.7973161231626532	0.806200065667068	0.802156946218249	0.8036011458191242	0.8037045216143102	0.789015769439913	0.7983122124693065	0.8000680812436174	0.8010637714536382	0.9506123066068639	0.9793170133484269	0.9960964654296561	0.9960446656800753	0.9961039309992745	0.9968881616009873	0.9966846925188184	0.9970418179373404	0.9949921146556733	0.9961958979542975	0.9960446656800753	0.9960446656800753	0.9960446656800753	0.9966846925188184	0.9955846366634749	0.9960446656800753	0.9966846925188184	0.9966846925188184	0.9962826287512889	0.9958448382167654	0.9955804906449308	0.9951779000708331	0.9951480263157895	0.9953932911492944	0.9958954823478914	0.9949308124400603	0.9970178372352285	0.9959237343852728	0.9958477323260736	0.9959314381709846	0.9959268408051716	0.9960647838308124	0.995993207026482	0.9953932911492944	0.9952234917360979	0.9952172286645647	0.9959314381709846	0.9959314381709846	0.9955804906449308	0.9958921763410836	0.9959282318018231	0.9964384966138736	0.9966846925188184	0.9966846925188184	0.9958448382167654	0.9966846925188184	0.9955846366634749	0.9964919973689981	0.9955804906449308	0.9964919973689981	0.9959314381709846	0.9955846366634749	0.9962730587730588	0.9970393735646496	0.9955543358946213
Pseudomonas_syringae_BS3829_5514_NZ_FOPR01000011	0.5482498954120765	0.606747410462058	0.6056969062724835	0.784444507249244	0.8094349972572683	0.8135832379329624	0.797775913850483	0.3872773932654172	0.43682446427898924	0.6672169661565814	0.6285704839989421	0.6092348368008561	0.7854857674113369	0.6878581006948677	0.5417425409721249	0.9762597931311984	0.9775128428806824	0.5329879847471042	0.0	0.7840108631078673	0.970877839165132	0.6998793363499246	0.877423894912427	0.7867903316469926	0.6183462532299742	0.6280940401875834	0.6282419858419117	0.6505399174957535	0.5746273493195074	0.6013550049301822	0.7969955229516155	0.48422770123277736	0.6165743088820013	0.46255144032921813	0.6890966111500167	0.6282419858419117	0.5808216385198274	0.6904913461247006	0.6100963242163591	0.6133687334062159	0.43380915495555306	0.48394208863085175	0.7997518141843589	0.9779430445527404	0.490839066706551	0.6994713789457786	0.7849462365591398	0.42467269039277156	0.9570118271783732	0.7179559482407494	0.6640291185314132	0.776547917140906	0.8052722510171098	0.39015023155992323	0.49573920295898755	0.706288044619029	0.9787945617138841	0.7892236319937399	0.4873192277552183	0.4598752754023675	0.4863304093567251	0.488730152855398	0.4840159104301709	0.5514481570541578	0.677803269285919	0.49071026259966355	0.4895362403383404	0.4783222498792584	0.4904621072088725	0.48488137115485364	0.9123156636110004	0.7979417465127071	0.8337116172288748	0.7978105263157895	0.8776152805246175	0.8001224876120483	0.8743754828740664	0.7927120021674343	0.9779384586952504	0.9779430445527404	0.9760741724366878	0.7759277149514121	0.7097975527118976	0.6967284218353058	0.978444721901576	0.7929168040444005	0.9529167387917604	0.6980908011327305	0.5051182106298495	0.979325707125786	0.9758989404262541	0.9759676990401586	0.8134509961224763	0.8076880713734993	0.8148249303545092	0.4917376064096144	0.8251511290628643	0.5270790927595231	0.8083239347509146	0.80243330728876	0.6047338049750595	0.8009896907216495	0.650349863097049	0.8109516885682149	0.6220455321924403	0.8062489621962694	0.8026352365597376	0.8164103959722411	0.8060762587130995	0.8180534817429076	0.7979383171304056	0.8208043351219253	0.5627183232772308	0.7876718104393288	0.777295795412662	0.7755590371741917	0.800925424829527	0.7793715846994536	0.7912934918308636	0.7917158463945541	0.7661424553750789	0.7911415397512924	0.7744290154258504	0.7889397905759162	0.9517323361153075	0.9793127466914325	0.9959027157640384	0.9966461562838356	0.9955114326450863	0.9963888449575623	0.9962897715139868	0.9968036770921387	0.9956848590115884	0.9963947959663514	0.9966461562838356	0.9966461562838356	0.9966461562838356	0.9962897715139868	0.9956895425690326	0.9966461562838356	0.9962897715139868	0.9962897715139868	0.9961094678498148	0.9966590376976298	0.9961546456038246	0.9955076610423296	0.995155951451869	0.9958666943953416	0.9957046484663223	0.9959150765923139	0.9963597547624261	0.996436318562132	0.996661321275533	0.9964429322610578	0.9964389853688747	0.9955015389472023	0.9965613358689139	0.9958666943953416	0.9960593231621269	0.9950391096645493	0.9964429322610578	0.9964429322610578	0.9961546456038246	0.9958866183256427	0.9964401795387711	0.9959708416169649	0.9962897715139868	0.9962897715139868	0.9966590376976298	0.9962897715139868	0.9956895425690326	0.9959080385505842	0.9961546456038246	0.9959080385505842	0.9964429322610578	0.9956895425690326	0.996736240886479	0.9963855749109982	0.9959605752140895
Pseudomonas_syringae_CAS02_17541_NZ_CP032459	0.7990985727401719	0.8194499800717417	0.8146408246537099	0.07229124280334187	0.8217245358229308	0.8215363371349664	0.4125531106428547	0.8110932920422496	0.80740022172949	0.7864873912073198	0.7881477724237045	0.8046133326359286	0.4062586733277824	0.6476138466672734	0.7996329152646069	0.9829407355246121	0.9812411157458113	0.7906803887935964	0.7840108631078673	0.0	0.973991306812813	0.6856073995522565	0.8205406263224715	0.2801724137931034	0.7850246845858475	0.8060512632926606	0.8168131783145575	0.8063352877081928	0.7958033446232007	0.7934546226064817	0.45008568260475124	0.8076340919723698	0.8016463926174496	0.8023268884892086	0.648392965433596	0.8168131783145575	0.8091609353507565	0.7928093284387822	0.8209175861886913	0.8091347650171179	0.8145063475378023	0.8111382836816363	0.41990316266611727	0.9817364803238938	0.797053163684407	0.685383980181668	0.27811813663160323	0.8140532425404144	0.9679302309484807	0.7847959914101647	0.7894256055363322	0.41088702480813855	0.8283851898767582	0.8052992283201122	0.8025894473061395	0.7836387897933063	0.9838240428255557	0.2294603024201508	0.8094026578612608	0.8012613875262788	0.7933902877697842	0.8040040661885131	0.8132784697508897	0.7990881981878656	0.8615144293353093	0.7969127818703257	0.8043260397527977	0.795309531236707	0.8043754410726888	0.7941961594764488	0.9150930323377131	0.4964190237301561	0.8432260647615235	0.836934857862163	0.820824970951727	0.829411610398468	0.8113009198423128	0.44235254351867503	0.9817328230687077	0.9817364803238938	0.979313651619974	0.43967115620080466	0.8011233408054808	0.7932504637191662	0.9806281652397066	0.49426924605803635	0.9506733966461737	0.8677730329608511	0.7979663889281174	0.9820841441320539	0.9801431001934416	0.9801975595583963	0.505114006514658	0.8193551785902434	0.8219681074276123	0.7989663798554032	0.8266112157355096	0.798748607182652	0.840906741108354	0.8352379953868736	0.8100045646161695	0.8306735751295337	0.8137893593919653	0.8241954083237236	0.755107023683568	0.8321914225941422	0.8377075243034742	0.8270533666875131	0.8357482868650938	0.8300314179627658	0.8300068280897106	0.8286647277922343	0.8007038655843788	0.44625769859772435	0.45444475214621993	0.4515882127822426	0.4324555403556771	0.43516560958421424	0.4449846382389683	0.4695187525205	0.42015047199943223	0.2736700077101002	0.45138840559537896	0.3900883218842002	0.9520600325016729	0.982073318114677	0.9965417139972232	0.9969030816875666	0.996703519626737	0.9973920089127463	0.9960741044852714	0.9977925504922359	0.9971367588109741	0.9968351250879132	0.9969030816875666	0.9969030816875666	0.9969030816875666	0.9960741044852714	0.9968877064404398	0.9969030816875666	0.9960741044852714	0.9960741044852714	0.9971343039173042	0.996914516944866	0.9975036197513605	0.9963280608052588	0.9961769948079456	0.9969019362898188	0.9963534148750285	0.9968784665789542	0.9973483854029929	0.9969698474988823	0.9969165445079108	0.9969752566073288	0.9969720284927155	0.9965630528177912	0.9978977400705759	0.9969019362898188	0.9972648261758691	0.9960152329071146	0.9969752566073288	0.9969752566073288	0.9975036197513605	0.9969099060307489	0.9969730051607781	0.9965872914809627	0.9960741044852714	0.9960741044852714	0.996914516944866	0.9960741044852714	0.9968877064404398	0.9966658912925487	0.9975036197513605	0.9966658912925487	0.9969752566073288	0.9968877064404398	0.9973694195017073	0.9973664311230477	0.9965609081271171
Pseudomonas_syringae_CC1557_3076_NZ_CP007014	0.9721116510781704	0.972558591435816	0.9745811119573495	0.9739830488467077	0.9699610127295787	0.96886811902962	0.9733748112905439	0.970635173954676	0.9719438386709466	0.9703198563316022	0.9660206144893229	0.9724434826649477	0.973904491812277	0.9726532058094226	0.9704270828237366	0.9677091699343318	0.9752739331026529	0.9714093256492777	0.970877839165132	0.973991306812813	0.0	0.9708370751996975	0.9709637756549702	0.9725317439751231	0.9705882352941176	0.9721281643747265	0.9740913668406116	0.9715528092459091	0.9718172983479106	0.9712836664273639	0.9717220130092434	0.9728717973649667	0.9722554798305397	0.9704861971551767	0.9726532058094226	0.9740913668406116	0.9725453925911502	0.9721437317509655	0.9716206652512385	0.9719617597835806	0.9731256132289947	0.969281336496639	0.9739029179414586	0.9743007273811982	0.9704583869421529	0.9708060280583879	0.9725317439751231	0.9713060057197331	0.879392212725546	0.9685076673731455	0.9717006146800048	0.9730534675932492	0.9720000949149324	0.9716767821016303	0.9694765298599164	0.9731225855083389	0.9731886678722121	0.9731397203715868	0.9738415188178471	0.9714313909310702	0.971677720461803	0.9704209896249002	0.9728215255492471	0.9723250484752336	0.9774873045263718	0.9726388375815787	0.9682172070562728	0.9696683172012243	0.9704209896249002	0.9709919058870846	0.9842589275050758	0.973153897647792	0.9679793385596416	0.9741626567425984	0.9710049112202493	0.9726841695562947	0.9722086446477202	0.9727262353075431	0.9742954190764711	0.9743007273811982	0.9731459907270117	0.9733968538477866	0.9769108980561175	0.9704821173450856	0.9706317693771586	0.9734943102969748	0.9776620398021836	0.946553531806988	0.9687531072884558	0.9754449875495712	0.9646105707424746	0.9645112127150011	0.9743002952147745	0.9702483229375074	0.9708457547944884	0.9710512337630982	0.9707596840917638	0.9698021171205149	0.9739081510654758	0.9711011459890384	0.9749703721260963	0.972147705801395	0.9712580348943985	0.9707859358841778	0.9718028724819896	0.972051227623293	0.9725448536355052	0.9688108704325175	0.974625879242789	0.9662271733765776	0.9743335692380278	0.969764503159104	0.9698326537759212	0.9717090205516623	0.9704423022398639	0.9733850190275841	0.973442803412531	0.9723019279565558	0.9732499486453792	0.9734284461066094	0.9737556988637706	0.9729539206241041	0.9733837607847772	0.9743009351350116	0.9774829688060237	0.9756423859390138	0.9960025957170668	0.9958468289624909	0.9950133152315805	0.9946764091858038	0.9954063044511325	0.9956875147016544	0.9940105285775677	0.9953989712306459	0.9958468289624909	0.9958468289624909	0.9958468289624909	0.9954063044511325	0.9957654470809988	0.9958468289624909	0.9954063044511325	0.9954063044511325	0.9950705153552128	0.9953659108068001	0.994934169923884	0.9952423745837078	0.994919807431444	0.9952172795062998	0.995362409462769	0.9949496291964595	0.9949365032086864	0.9953743930488117	0.9952383430474605	0.9953828886281312	0.9953778186368396	0.9955801679536178	0.9949188826700369	0.9952172795062998	0.9949952586661047	0.9954356846473029	0.9953828886281312	0.9953828886281312	0.994934169923884	0.995751557327912	0.9953793525987951	0.9947806016733548	0.9954063044511325	0.9954063044511325	0.9953659108068001	0.9954063044511325	0.9958950792585326	0.9951550645547718	0.994934169923884	0.9951550645547718	0.9953828886281312	0.9957654470809988	0.9953107903923305	0.9949720369972037	0.9948052639991475
Pseudomonas_syringae_CC457_20754_NZ_CP127246	0.679592397107728	0.7268128161888702	0.7308067197981767	0.6863506634889811	0.8138873528714748	0.7991890627436711	0.7184622659879274	0.6940203562340967	0.6926852918004969	0.7618655614851823	0.7664139608067515	0.6317816726881849	0.6982588049070044	0.236206488278475	0.6903011045543955	0.9781232926607175	0.9787278657968314	0.6484514402243181	0.6998793363499246	0.6856073995522565	0.9708370751996975	0.0	0.8700970481196927	0.7088100521628866	0.7042159008023341	0.6393715287059313	0.614805671794563	0.6051589101575494	0.5907644787644788	0.5839232488822652	0.720015500871924	0.7195071626481164	0.6299219660956139	0.7026624973435744	0.2383617801253498	0.614805671794563	0.6875321297892285	0.7716352080650906	0.7326729871232489	0.6262571999880622	0.7197561329655973	0.6966363829722585	0.706603112294967	0.9788375094574747	0.6734261979216021	0.003618332886625608	0.7077672983184794	0.6873834679925419	0.9642972610964852	0.7526453087903391	0.7634451056149356	0.7023868360612844	0.8205569834918784	0.7032861107054185	0.6791239087149641	0.7526878725419197	0.9819057143521641	0.7039951573849879	0.7309662197157162	0.6959430691563773	0.6962144155057541	0.6759158222915043	0.6949932918648616	0.6707811115331055	0.7870405860057068	0.7011776102685194	0.6803333946191089	0.6681674639652315	0.6762872459793043	0.6685210354964124	0.9104462525900844	0.7177629916617536	0.8101571325870391	0.8268119574681407	0.8702937317048551	0.825778850948794	0.8710319930287564	0.7265560394729589	0.9788332702708719	0.9788375094574747	0.9777848736429158	0.7085342960288809	0.7979846328252929	0.742692750287687	0.9775753169446085	0.7168801914683937	0.9547982318551262	0.8222169160564576	0.7173344554991132	0.9797401551913058	0.9776535011068391	0.9777147770315804	0.7305686615346412	0.8088901847483234	0.8131934744221596	0.7026890955398921	0.8176966956704608	0.6585637468579975	0.8279979144942649	0.8241488519398258	0.7039813329444363	0.8125590427206886	0.6164581328200193	0.8119965135627691	0.4920510046874488	0.8255292358542535	0.8262364801008086	0.8145112564688576	0.8180253191376662	0.8207992899840768	0.8163557345770617	0.8072607602808946	0.6737510955302366	0.7301659339100837	0.7191541719125558	0.7163857085323053	0.7195206910965585	0.7253807397228902	0.7141305558649883	0.7033965693513575	0.7044036111353015	0.7179531111682229	0.7270263330575447	0.707831747902461	0.9535381905600647	0.9797279155106059	0.996602234974328	0.9964294758166624	0.996332456495346	0.997045081449678	0.9969068738975945	0.9971900868288485	0.9959205945018967	0.9967186012724814	0.9964294758166624	0.9964294758166624	0.9964294758166624	0.9969068738975945	0.995488834866294	0.9964294758166624	0.9969068738975945	0.9969068738975945	0.9965026931815281	0.9965692086476123	0.9964865942390113	0.9955673986010403	0.9952567539698907	0.9959853377552802	0.9964146846437408	0.9956218290453012	0.9970413426544131	0.9966305775091049	0.996571457382711	0.9966365772227032	0.9966329966329966	0.996092371300358	0.9968774199995004	0.9959853377552802	0.9960446066297497	0.9957742227588289	0.9966365772227032	0.9966365772227032	0.9964865942390113	0.9962851583230143	0.9966340799406014	0.996648214920522	0.9969068738975945	0.9969068738975945	0.9965692086476123	0.9969068738975945	0.995488834866294	0.9965464807608051	0.9964865942390113	0.9965464807608051	0.9966365772227032	0.995488834866294	0.9966685174902832	0.9970614240391117	0.9964158630292403
Pseudomonas_syringae_CFBP_2116_6934_NZ_LT985192	0.8717032322020192	0.8865739582812265	0.8815127537477564	0.8187594313398459	0.8939855535354528	0.8948250275264493	0.8250995202613045	0.8869225999793324	0.8768072524552583	0.8664638269100744	0.8745004831927286	0.8922619191601557	0.8230706285480489	0.8595030770409335	0.8755751982321591	0.9780395015604711	0.9741938505491418	0.8865218419186215	0.877423894912427	0.8205406263224715	0.9709637756549702	0.8700970481196927	0.0	0.8203135291792912	0.8855830069297981	0.8920697916414587	0.8963398535941438	0.8922744202811487	0.8900681596884128	0.8921861708591566	0.8165731991498297	0.8812266460507666	0.8993222457219765	0.8859177710529061	0.8596777899762555	0.8963398535941438	0.8912293259030138	0.8651708157115	0.8841598723414865	0.8948468468468469	0.8809892593250895	0.8776803246498233	0.8197086458946722	0.9736824437730782	0.8876520632901328	0.8698347630253802	0.8191624030803313	0.8853234081078363	0.9643938168626817	0.8869638043392918	0.8728521452824365	0.8010106711824315	0.8779103498726131	0.8841520158957721	0.8769643741367178	0.8717257027606202	0.9803277160105354	0.8187028419696611	0.8856471064141784	0.878484126776414	0.8821420219814483	0.8860952180987874	0.8837300344503601	0.8870031027075764	0.9153378674439427	0.8845413392996514	0.879539715185754	0.884106220672661	0.8866796075756781	0.8863786672310257	0.9459191783334352	0.8404044509933438	0.8961029674651412	0.885145136606538	0.004727288944387453	0.8821970549263731	0.5454341197239608	0.8237242363251892	0.9734473648860431	0.973452714045887	0.9747991485270892	0.8065110565110565	0.88872317121484	0.8740106731289798	0.981428215523294	0.8511389722761787	0.941655228876207	0.9341741741741741	0.8841645298027108	0.9762225515290314	0.9812969029529983	0.9813480386477907	0.829161467749739	0.8881433982817954	0.8896099089540823	0.8770809285622675	0.8929336715844437	0.8842456502740923	0.8799700860027421	0.8740675180174484	0.8849717514124293	0.8895246046557312	0.8963364862918327	0.8916313245882237	0.8681405253699008	0.8847735599810573	0.890552451893234	0.8915923222492566	0.8781880376276473	0.8958888698672014	0.8871936778600453	0.8962232459928976	0.8870577721705304	0.786218122626153	0.7820582630002723	0.8114238498853883	0.8246525556039006	0.7966303377775374	0.825019733659257	0.8443341269439238	0.7871108089734874	0.8220221061198771	0.7857804160766801	0.8281174403503858	0.9427292634213249	0.9762081283278291	0.9954613076476966	0.9964523731089882	0.9956434740761378	0.9964596398948007	0.9959800281654078	0.9968323154506982	0.9943224731098784	0.9962634165914335	0.9964523731089882	0.9964523731089882	0.9964523731089882	0.9959800281654078	0.9958634175691937	0.9964523731089882	0.9959800281654078	0.9959800281654078	0.9965001915953506	0.9965414520852267	0.9957830122766743	0.9946104096088697	0.9951496388028895	0.9954561342188046	0.9951935239058942	0.9953338489301367	0.9963291205621689	0.996329638171763	0.9965437206720823	0.9963361802203243	0.9963322759714512	0.9952531246054791	0.9959465545713857	0.9954561342188046	0.9956827180993741	0.994683129645962	0.9963361802203243	0.9963361802203243	0.9957830122766743	0.996206373292868	0.9963334572030225	0.9962887646161668	0.9959800281654078	0.9959800281654078	0.9965414520852267	0.9959800281654078	0.9958634175691937	0.9962592229503121	0.9957830122766743	0.9962592229503121	0.9963361802203243	0.9958634175691937	0.9958799888784976	0.9963540717206177	0.9962578713740065
Pseudomonas_syringae_CFBP_8692_12247_NZ_WJSF01000010	0.808390147349901	0.8239263965412702	0.8184773629653317	0.2797676297464702	0.8216487305401734	0.8255616194948597	0.406431334622824	0.8084660172742073	0.8061610719712667	0.7968160409838323	0.7863706617957005	0.8107085471414502	0.3949328321848681	0.6772077077668754	0.8058953168044077	0.9824815535738536	0.9792122029484258	0.7966917804339206	0.7867903316469926	0.2801724137931034	0.9725317439751231	0.7088100521628866	0.8203135291792912	0.0	0.7936645693208939	0.8111735896970796	0.8209661736860959	0.8165048294945043	0.7979848468904557	0.7955276620431412	0.4347135372655062	0.8114568251973666	0.8124417762136424	0.801925876161684	0.6780281773340816	0.8209661736860959	0.806550805809516	0.8009078771695595	0.8261222353095145	0.8122697173481745	0.8194964182615203	0.8087949869683358	0.4325993281986903	0.9801380351079647	0.7973525459587729	0.7107757006653801	0.008256392045454586	0.8147980148353701	0.9689644882124739	0.7950414157690895	0.7947634207926226	0.4264089837012004	0.8338913885110391	0.8087455120304379	0.8062634750400797	0.7923634111532972	0.9837509561669873	0.29594308204662423	0.8115212828929667	0.8090127565169163	0.8000111321384837	0.8029885186852769	0.8149724932961049	0.8026244627252285	0.8577322891421475	0.8035028122737651	0.8080855532220625	0.7973106306204719	0.8033589332433116	0.799311306525513	0.9146324592844117	0.5195339051626477	0.8412813342654549	0.832774166491927	0.8205971327107721	0.8282336942308698	0.8083654779710829	0.38949420405889934	0.9801340673000088	0.9801380351079647	0.9768867817008958	0.4559903464919841	0.8034108837745111	0.800367254090498	0.979415294730406	0.5220221516937625	0.9512369342127194	0.8716595183107885	0.7973436884461703	0.9798387997052848	0.9797297297297297	0.979785115546705	0.5250336129073565	0.8201242691974937	0.8228446138184855	0.8020642765475248	0.8306593977154725	0.7992094636865154	0.8389334433585188	0.8353518479849655	0.8158959076153478	0.8245882505511607	0.8172178289000719	0.8226346053319393	0.7567800955285101	0.8329255596043728	0.8388652629395291	0.8243327610426097	0.8384615384615385	0.8295604480894109	0.8337417874648034	0.8352536891045078	0.7998303167420815	0.4311907344553694	0.44894993599280353	0.4265342769620788	0.4407888049334192	0.428087986463621	0.41925338438397375	0.4627824098977945	0.41087172923777016	0.3011674915933049	0.43935319386721616	0.35699016673792217	0.9527909244416962	0.9798266386667263	0.9961034716810377	0.9965877208502895	0.9960598100626389	0.9970753599072183	0.9953482428115016	0.9972201865002148	0.9962401140930895	0.9963727329580988	0.9965877208502895	0.9965877208502895	0.9965877208502895	0.9953482428115016	0.9966260965186314	0.9965877208502895	0.9953482428115016	0.9953482428115016	0.9967387704145328	0.9966002669420031	0.9972407964403789	0.9958831952541679	0.9954200437411553	0.9958920480007967	0.9960158357919157	0.9959907478797224	0.9968367667050089	0.9965120593692022	0.9966024915062288	0.9965182606118972	0.996514559746873	0.995922066153149	0.9972327483047467	0.9958920480007967	0.9962559217564056	0.9952262505967187	0.9965182606118972	0.9965182606118972	0.9972407964403789	0.9965952080706179	0.9965156794425087	0.9963995030299957	0.9953482428115016	0.9953482428115016	0.9966002669420031	0.9953482428115016	0.9966260965186314	0.9963716836931628	0.9972407964403789	0.9963716836931628	0.9965182606118972	0.9966260965186314	0.9963453977215445	0.996858203723418	0.9958792623879674
Pseudomonas_syringae_Dortyol_2015_6_17564_NZ_JAEIKC010000017	0.6215262178294076	0.6865272662468813	0.6705487325307036	0.784078128000439	0.7810183166157871	0.7821343243960711	0.8136459116724151	0.6348264420622767	0.6096175076303656	0.7098369937717912	0.692263032451262	0.6584898428516672	0.8102609464838567	0.7110943264677687	0.647906830343091	0.9795292178054589	0.9795966228893058	0.6161938262270292	0.6183462532299742	0.7850246845858475	0.9705882352941176	0.7042159008023341	0.8855830069297981	0.7936645693208939	0.0	0.6743603194031591	0.5944873411880518	0.5890271702298071	0.5101785773012792	0.5294843486167035	0.8170084501236603	0.6341347524470209	0.6628856890978548	0.6723641372401703	0.7114686492608835	0.5944873411880518	0.6226179818391099	0.7265861891412553	0.6728955223880597	0.6570983664355388	0.6423830790224538	0.6234681669738416	0.8168410176934005	0.979027559937262	0.5973208575948302	0.7038270522933099	0.792551169987513	0.6559724045300528	0.9659296762506386	0.7210260137488265	0.7247582771755054	0.8059552681218001	0.7819615193781355	0.631451462642072	0.6685851169736188	0.7370245163489674	0.9829365915314936	0.7955857751875236	0.6398769766069154	0.6139139497768948	0.6476769211292568	0.6004648846089988	0.6215803991562551	0.6071189839572193	0.7565312843029638	0.6515612135030717	0.6663650546021841	0.6122710261965727	0.6019040668745439	0.6023004647741331	0.8905576073762236	0.8236621618116262	0.79424094744013	0.779596350566768	0.8857551143200962	0.7914013605442177	0.8838812038276563	0.8169838568260354	0.979023329822281	0.979027559937262	0.977055888911879	0.8037186742118028	0.767656542542126	0.7125007419718644	0.9780410814767373	0.8196640058433766	0.9504015002163774	0.7521236833163438	0.6480015323713446	0.9809011765235193	0.9782996293342092	0.9783595358412877	0.8187765022236012	0.771234989533987	0.7797368852011572	0.6361155547191117	0.7760600827782803	0.6196964698119433	0.7874548368694141	0.8150350961796067	0.6790740851649997	0.7717207064355623	0.5906510336315952	0.7725798471771755	0.6530636315385976	0.7849156666028813	0.7937060086420089	0.771893758736946	0.7847386033243733	0.778600800631791	0.7820533948582729	0.7769333690125769	0.6276762402088774	0.8149896016637338	0.8106835090724188	0.8046628349388812	0.8164509351248995	0.8097905110668318	0.8109748191177615	0.8203133132091184	0.7994093101392727	0.7966252699784018	0.8082541903198902	0.8082256046705588	0.951493164836749	0.9808895691712061	0.997134234485557	0.9970913915395213	0.9964813870474248	0.9972761061045772	0.9969845360824743	0.9980108637441665	0.9965171393406133	0.9970717423133235	0.9970913915395213	0.9970913915395213	0.9970913915395213	0.9969845360824743	0.9965675634748372	0.9970913915395213	0.9969845360824743	0.9969845360824743	0.9971189710610933	0.9966175834795656	0.9970123772940674	0.9964378823468677	0.9962866787847312	0.9966337578817795	0.9967682833731997	0.9963930767833511	0.9973073572503366	0.9968038353975229	0.9966198185376267	0.9968095712861416	0.9968061481647827	0.9965703833549272	0.9973822648443202	0.9966337578817795	0.9963732702299501	0.996299581802053	0.9968095712861416	0.9968095712861416	0.9970123772940674	0.9969446212603438	0.9968071838363681	0.996902994625032	0.9969845360824743	0.9969845360824743	0.9966175834795656	0.9969845360824743	0.9965675634748372	0.9967521500766493	0.9970123772940674	0.9967521500766493	0.9968095712861416	0.9965675634748372	0.9977123103123967	0.9973257826018562	0.9960986267166042
Pseudomonas_syringae_Dr_447_1_17557_NZ_JAEIKL010000026	0.6372741796730982	0.5420728004857627	0.4948053241278587	0.8059335091797029	0.8004889594007647	0.785983924398449	0.8137533653725184	0.6377705160614094	0.6488939134685896	0.7298357301199341	0.7253770945692614	0.23638688327316482	0.8042524040291275	0.6357240803672569	0.6390721364793961	0.9775780763413116	0.978434940855323	0.6001480575493257	0.6280940401875834	0.8060512632926606	0.9721281643747265	0.6393715287059313	0.8920697916414587	0.8111735896970796	0.6743603194031591	0.0	0.5727752182347235	0.5803783572438268	0.5702345232992468	0.5783543455752482	0.8227552061304207	0.6578733154451446	0.501788908765653	0.6250274630425913	0.636130647276195	0.5727752182347235	0.5063303892265842	0.7159796409195145	0.5620570711821888	0.263089970501475	0.5825410273306348	0.6390788944257018	0.8130751822982147	0.9786660287497554	0.6210462287104623	0.6388888888888888	0.8102795498158809	0.5904055605548143	0.9655584087939811	0.7373097181223591	0.737259311314125	0.8169017730037531	0.8251636513581774	0.564953919959601	0.6387297480441076	0.7103523919340777	0.9813994685562445	0.8143607705779334	0.6051128469542129	0.6365469321918233	0.6408550483582824	0.6367051751667137	0.6616844096025378	0.6369735134964083	0.7182420494699646	0.6459250592690662	0.6305224621494168	0.6225831887714872	0.6374730122970056	0.616613827777244	0.9052735844325192	0.8180576976561907	0.8062185297079557	0.8225255972696246	0.8922262764903462	0.8281965368186818	0.8887292923489418	0.8178499087248994	0.978661852351329	0.9786660287497554	0.976721889005329	0.8152747593914933	0.7768501805054151	0.7396493005713642	0.9737627511247717	0.8167474188884097	0.9546888775462855	0.6954725426063006	0.643851328311479	0.976572943832044	0.9751008960941241	0.9751677089255258	0.8264164111767491	0.803079964622028	0.8110268709061839	0.6328327291558777	0.8167476039980472	0.6020757889291257	0.8235880398671096	0.820250284414107	0.5047149663216691	0.8107206120196133	0.5757291540602687	0.801893909831161	0.561361691724728	0.8332018425673784	0.8272329089931099	0.8048887739265391	0.8232446767424496	0.8142498205312276	0.8256784164719776	0.7970170599652672	0.5679346034675984	0.8216984526808204	0.8171143970478181	0.8142920158800176	0.8141470180305131	0.8177033368767663	0.809364211375148	0.8125476444579967	0.8079129935840592	0.8118425473624358	0.8207087000283892	0.8043842289541787	0.9543333410721333	0.9765590737654591	0.9971832365836334	0.9967961356466877	0.9967753846153846	0.9975422125003072	0.9975382932166302	0.9976597526728088	0.9958791556061181	0.9970003658090477	0.9967961356466877	0.9967961356466877	0.9967961356466877	0.9975382932166302	0.9961216674390809	0.9967961356466877	0.9975382932166302	0.9975382932166302	0.9971193722218084	0.9969307830186362	0.9964321254338487	0.9962618685672988	0.9957876789609608	0.9963826171400826	0.9970025306503526	0.9963182808625742	0.9975818357684672	0.9969842456995344	0.996932741147891	0.9969894752053178	0.9969863542118713	0.9966880105983661	0.9968126520681265	0.9963826171400826	0.9966237183783918	0.996278796484442	0.9969894752053178	0.9969894752053178	0.9964321254338487	0.9966549425683154	0.9969872984502663	0.9972577696526508	0.9975382932166302	0.9975382932166302	0.9969307830186362	0.9975382932166302	0.9961216674390809	0.9970671546386584	0.9964321254338487	0.9970671546386584	0.9969894752053178	0.9961216674390809	0.9969783324325652	0.9975977950287	0.9968145677092478
Pseudomonas_syringae_Erdemli_3_17569_NZ_JAEIJX010000050	0.6384194603184304	0.6482284567955866	0.663105371294394	0.8165090328067417	0.7802559511270276	0.7657350838424541	0.8200961945822015	0.6319958086785009	0.6451947418184036	0.7459004944548426	0.7499718436760896	0.5552453987730062	0.8129765248796148	0.6219684024342716	0.6506662628709873	0.9783339972557872	0.9802418899061829	0.6116865785460092	0.6282419858419117	0.8168131783145575	0.9740913668406116	0.614805671794563	0.8963398535941438	0.8209661736860959	0.5944873411880518	0.5727752182347235	0.0	0.4394917039768238	0.4121610183837221	0.4291027273336461	0.8240156408543075	0.6708476994412079	0.5585444974905129	0.6346601309217261	0.6232478734874805	0.0	0.6292148620869512	0.7718387131138809	0.6392590185245368	0.5605963791267305	0.6594380595030579	0.6331961506327939	0.8215040397762585	0.9803044061054179	0.5958206243104679	0.6156186001686543	0.8196070394753695	0.6504185276109912	0.9672652366665174	0.7595653158252207	0.757250268528464	0.8236952010043813	0.78960029607698	0.6318864024445043	0.6406197372852813	0.7646648606603546	0.9819903285578705	0.8189179523858179	0.6276763033748639	0.631415819489214	0.6007891414141414	0.611546640429111	0.6441381856215584	0.6247815171449456	0.7526985350809561	0.6019872159989874	0.6304475399203138	0.5947919669453252	0.612911408459636	0.5921432510461608	0.893653603034134	0.82585969738652	0.7836104937798554	0.7928905074815928	0.8964889155182745	0.7978420461373671	0.8907948894863316	0.8223065664458833	0.9803005730349227	0.9803044061054179	0.9788205060038105	0.821719526566583	0.7885457108237097	0.7524615171266121	0.9806603669684354	0.8261207306988749	0.9515093946203925	0.7747431116357685	0.6542654173556249	0.9811660946257115	0.9768169148140594	0.9768787433608317	0.8250962852528264	0.776527586572064	0.7865995859864267	0.6207012605556235	0.7908922176038481	0.6133758978451715	0.8030342256511158	0.8272129385572076	0.6575229815853623	0.7854178087555799	0.45624346917450365	0.7807738942485107	0.5438277688801281	0.8058710647787978	0.8054393848871341	0.7810874704491726	0.7959344262295082	0.7915289954991285	0.7928107838242636	0.7749579179075489	0.6301666509744845	0.8286353922865575	0.8215071929555112	0.8212194370248613	0.823936647076402	0.8238058551617874	0.8192360333457758	0.8232580297369807	0.8114125932062966	0.818011929447303	0.821391884951207	0.8166679168854549	0.9522210384918245	0.9811550416241007	0.9969525574138183	0.9966642957003753	0.9966438020578148	0.9973335942660045	0.9971287128712871	0.9973763577961405	0.9962786955319203	0.9968932792893377	0.9966642957003753	0.9966642957003753	0.9966642957003753	0.9971287128712871	0.9955066550082581	0.9966642957003753	0.9971287128712871	0.9971287128712871	0.9967370346566471	0.996210083622671	0.9968129029142623	0.9956080494280539	0.9955832813474735	0.9963516876464761	0.9967719847402915	0.995410441246165	0.9969336813562758	0.9964687229749207	0.9962124914475613	0.9964748201438849	0.9964711813140649	0.9965817808921552	0.9971680987534793	0.9963516876464761	0.9955487412829517	0.9960524392026902	0.9964748201438849	0.9964748201438849	0.9968129029142623	0.9965486010819279	0.9964722822174226	0.9969507696847489	0.9971287128712871	0.9971287128712871	0.996210083622671	0.9971287128712871	0.9955066550082581	0.9965813245495833	0.9968129029142623	0.9965813245495833	0.9964748201438849	0.9955066550082581	0.9968705686763484	0.9969538291123307	0.9962544010787325
Pseudomonas_syringae_Erdemli_6_17567_NZ_JAEIJZ010000010	0.6197509501591323	0.6700541416948956	0.6762335478633965	0.8051027823920266	0.7784442164522664	0.7577331697512334	0.8177855274629469	0.6451013822078793	0.6577654540522619	0.7377085962698079	0.7463737501760315	0.5697797703795704	0.8157605711147721	0.6126866570327554	0.6549533273110508	0.9799422513169785	0.9813721956933057	0.6149298090299735	0.6505399174957535	0.8063352877081928	0.9715528092459091	0.6051589101575494	0.8922744202811487	0.8165048294945043	0.5890271702298071	0.5803783572438268	0.4394917039768238	0.0	0.4212894560107455	0.39270202797441944	0.8225638997379741	0.674707343029443	0.5581445061992305	0.6411985710766199	0.6131041955095407	0.4394917039768238	0.6181279693959401	0.7548079513009751	0.6309156683667418	0.5513533329260096	0.6572600879652861	0.6314049075962668	0.8149579790019701	0.9806166451056489	0.6388932459139819	0.6059716844143272	0.8155337316341444	0.658198885303608	0.9689604424028899	0.7401525141907	0.7393897171520134	0.812253219437921	0.7854950521246759	0.6576655818453689	0.6170576355445083	0.7509536047612606	0.9830680206245919	0.8101704487113667	0.655733829743226	0.6419412233879379	0.6098720635615753	0.6414743689019669	0.6493153197212373	0.6264839026243312	0.769806467934393	0.6124302988534553	0.6110972256935766	0.6318506998444791	0.6427775714816191	0.6340406830738323	0.8926183826410039	0.8203829957890515	0.7752232371959356	0.7912855523631284	0.8924295140971805	0.7934452814396318	0.8952842453610684	0.8206195786864932	0.9806128830519074	0.9806166451056489	0.9800233980089619	0.810755738973433	0.771201921873827	0.7364380183815288	0.9794531095320853	0.8215217827745432	0.952774443726341	0.7609807583015344	0.6715207428847081	0.9820287972285374	0.9785851291887623	0.9786420003150811	0.8243085700111621	0.7627987715315796	0.7737802784161449	0.5986915540121542	0.7808687421119058	0.6100472360525979	0.7939002810450713	0.8203712737823196	0.6542143906020558	0.780404256988207	0.45216709671097755	0.772657490735839	0.5516472098282501	0.7966424232944918	0.7935781016931411	0.7801756916218696	0.786450779251602	0.783594566353187	0.7848341732408116	0.7640358650888808	0.6169963971936034	0.8177044645372813	0.8092006811496981	0.8152487382840663	0.8200692903965504	0.8175075330294368	0.813120726655687	0.8157378039571062	0.8090469166472583	0.8139093890938909	0.8197373146580473	0.8120946538124452	0.9547853340400525	0.9820182850210147	0.9967170857448567	0.9966245138566152	0.9962608143115499	0.9971208276400546	0.9969634877922334	0.9975307434662494	0.9963648215002006	0.9968532907317309	0.9966245138566152	0.9966245138566152	0.9966245138566152	0.9969634877922334	0.9960540331170717	0.9966245138566152	0.9969634877922334	0.9969634877922334	0.9968698395484682	0.9963185098498147	0.9967974957861787	0.9962413452027695	0.9958456678026817	0.9964584286987737	0.9965362474387746	0.99582307749683	0.9967650626769107	0.9965745221099027	0.9963208420642269	0.9965804199148692	0.9965769000598445	0.9963468985168408	0.9971758912838833	0.9964584286987737	0.9959821538613227	0.995965782055021	0.9965804199148692	0.9965804199148692	0.9967974957861787	0.9965092151836934	0.9965779649660189	0.9966640502354788	0.9969634877922334	0.9969634877922334	0.9963185098498147	0.9969634877922334	0.9960540331170717	0.9962913181999203	0.9967974957861787	0.9962913181999203	0.9965804199148692	0.9960540331170717	0.9973192961934005	0.996786261266916	0.9960400478182905
Pseudomonas_syringae_Erzin_1_17571_NZ_JAEIJV010000042	0.5920624800765062	0.6680445617121079	0.6682001828423132	0.795911891477378	0.7717792395315257	0.7588497324652732	0.8065065446689541	0.6102899374644685	0.6125098471718922	0.731256057928046	0.7402891083440676	0.5562973265337661	0.7891505662032141	0.585469554962448	0.6177078117175764	0.9791945410757292	0.9787627594711242	0.6070187853834277	0.5746273493195074	0.7958033446232007	0.9718172983479106	0.5907644787644788	0.8900681596884128	0.7979848468904557	0.5101785773012792	0.5702345232992468	0.4121610183837221	0.4212894560107455	0.0	0.2274702653247942	0.8062914745960185	0.6352021181613867	0.535229375058794	0.6315839006180004	0.5859084139985108	0.4121610183837221	0.6267518293439167	0.736858097842601	0.6610080042220072	0.5622088747241971	0.619426116311186	0.621572269621887	0.8042776124717073	0.9786458219611782	0.5817652700155429	0.5901948654500464	0.7969720905739863	0.6165137614678899	0.9636779733985906	0.7379735068556821	0.7325759292837715	0.7979403221547399	0.7890693766503961	0.613436629206602	0.62642404569431	0.7481428688906554	0.9817613934295419	0.7993558017126248	0.6291703482526432	0.5877645844088797	0.628063821150904	0.5870889953400462	0.6180685161167874	0.5941321094902474	0.7392725608560159	0.6318847824049486	0.6203584544398757	0.5817351598173516	0.5885148772706557	0.5759030559878158	0.8903097615651111	0.8077740506491179	0.7725453505899476	0.7807677832141513	0.8902284880894507	0.7882562277580071	0.8877474920008661	0.8052574154423892	0.9786416248089103	0.9786458219611782	0.9769222160044768	0.7990783410138249	0.7658202133062468	0.7413700640718055	0.9791555436910482	0.8028756957328386	0.9493009858792122	0.7674950325267427	0.6479297287230741	0.9794185408667032	0.976938724201769	0.9770007522053292	0.8109231978498441	0.7604479428710541	0.7700816927815722	0.6043904571571321	0.7801154347421337	0.5614222697500334	0.7887450462351387	0.8122794636556104	0.6589537223340041	0.7749190165153205	0.47046158864785514	0.767413737504031	0.5062754841997961	0.7957590463129022	0.7939325010579772	0.7708088470990491	0.7830004545333012	0.7776450919512777	0.7854857630372187	0.7613981361704374	0.6075578588212573	0.8166502514125757	0.8027223373285426	0.8005007907221929	0.8082237093203735	0.805015393521564	0.7961475493707153	0.7992673425689446	0.7940763504384454	0.8063717183304221	0.7960474099158685	0.7958387849867877	0.9506106405877123	0.9794063405638008	0.9970715621616301	0.996930313157569	0.9966115947764147	0.9973823282461599	0.9971008697390783	0.9979217180464149	0.9966496611589126	0.9971586037966932	0.996930313157569	0.996930313157569	0.996930313157569	0.9971008697390783	0.9963006516732814	0.996930313157569	0.9971008697390783	0.9971008697390783	0.9972310225260059	0.9969413679978294	0.9971005311631986	0.9965458550260312	0.9962229944100317	0.9967576001365221	0.9968896568748458	0.9967806031338816	0.9971342305920884	0.9971893096847665	0.9969433283210491	0.9971942045811867	0.9971912832929782	0.9966974738139248	0.9974841845582668	0.9967576001365221	0.9969332036801556	0.9962616822429906	0.9971942045811867	0.9971942045811867	0.9971005311631986	0.9968625707156797	0.9971921671144676	0.9970210019363488	0.9971008697390783	0.9971008697390783	0.9969413679978294	0.9971008697390783	0.9963006516732814	0.9965984680507962	0.9971005311631986	0.9965984680507962	0.9971942045811867	0.9963006516732814	0.9976323188477285	0.9971532419998475	0.9968248368318927
Pseudomonas_syringae_Erzin_2_17572_NZ_JAEIJW010000011	0.6106548349539004	0.6670384175153348	0.668210513894625	0.7935649730990433	0.7693173594918389	0.7489568660802084	0.8023522808449842	0.6229846914817018	0.6296077210460772	0.7408728137204958	0.7307270628967109	0.5608087283486408	0.7946366648686137	0.589786443825441	0.6351355528764413	0.978139025969676	0.9789187584222186	0.6153846153846154	0.6013550049301822	0.7934546226064817	0.9712836664273639	0.5839232488822652	0.8921861708591566	0.7955276620431412	0.5294843486167035	0.5783543455752482	0.4291027273336461	0.39270202797441944	0.2274702653247942	0.0	0.8122668145608551	0.6474484189964596	0.53703007518797	0.6437968463284919	0.5902227722772277	0.4291027273336461	0.629808436233095	0.7434508919981309	0.6556141229129244	0.5657452143599779	0.6500870504892837	0.6284353357776316	0.8010305596653232	0.9772985740530138	0.5949001999278949	0.5833411062400895	0.7945104249142254	0.6204740261721013	0.9653775655676495	0.7451892516613696	0.7409200968523002	0.7973837209302326	0.7812776927414807	0.6293414080242241	0.6276204142750187	0.7531339614911922	0.9806159957989908	0.7994027661357921	0.6546721703756879	0.6087633947025343	0.6366204177918491	0.6035054934433096	0.6306283707512856	0.6092584182183871	0.7392422723111131	0.6404236156402372	0.6231629743364773	0.5946915815336868	0.6048989313763358	0.5897536816556791	0.8869281880909787	0.8078223451667434	0.76710361395446	0.7777538146330943	0.8923431622375926	0.7829335325666409	0.8914951791624695	0.8046978161503301	0.9772941047796129	0.9772985740530138	0.9760661542253994	0.796557822770108	0.776885510019132	0.7334280437562154	0.9781935627575454	0.8070125866940663	0.9492093241185429	0.7778497759058265	0.6473877119960241	0.9799491049491049	0.9769542056288438	0.9770162117791915	0.8146396965865992	0.7543845338118933	0.7645934817127324	0.6179354718965571	0.7782722234065231	0.5552123552123552	0.7840333236051047	0.8097783367395064	0.6597544741902086	0.7679239234961	0.4763684826420491	0.7604217356042173	0.49331447672923634	0.7893536323369493	0.7892052698682532	0.7651069769939062	0.7794527896995709	0.7709328706793007	0.7802271388010928	0.7553869016028023	0.5742639543701165	0.8070519354923025	0.8014497321147179	0.7998522700292822	0.8041018568181237	0.8025427305338679	0.796100107477353	0.7964874162592794	0.794186231384811	0.8038626385113945	0.8000633044946192	0.7955438047077548	0.950519614268327	0.9799372215027329	0.9970210985007016	0.9966061386776327	0.9965110236804988	0.9973070461508055	0.9974256435891027	0.997201169069203	0.9962406015037594	0.9968380027943231	0.9966061386776327	0.9966061386776327	0.9966061386776327	0.9974256435891027	0.9957578284004807	0.9966061386776327	0.9974256435891027	0.9974256435891027	0.9965538768885004	0.9966183694122874	0.9963900678081857	0.9961675266770202	0.9958927581514891	0.9959973641178337	0.9968389598202159	0.9964006141609404	0.9971074591716582	0.9968721964939505	0.99662053824712	0.9968776473435799	0.9968743942624539	0.9966467774545096	0.9967723793921315	0.9959973641178337	0.9965315899790398	0.9962109096277342	0.9968776473435799	0.9968776473435799	0.9963900678081857	0.996191606696837	0.9968753784667554	0.9970198922194353	0.9974256435891027	0.9974256435891027	0.9966183694122874	0.9974256435891027	0.9957578284004807	0.9965971819625438	0.9963900678081857	0.9965971819625438	0.9968776473435799	0.9957578284004807	0.9971613349131122	0.9971266559869809	0.9967730550093279
Pseudomonas_syringae_ICMP_11293_3802_NZ_LKEP01000002	0.8140821946827667	0.8234888355219457	0.8316275745897246	0.44246085313174943	0.8400239216565747	0.83575751659508	0.3803914893617021	0.816032478904633	0.8164974686563999	0.7994093231162197	0.7985677363773422	0.8246498460315883	0.33231643172733005	0.6801234250449988	0.8093212453141201	0.9800158290462999	0.9790123178778121	0.8159001455761039	0.7969955229516155	0.45008568260475124	0.9717220130092434	0.720015500871924	0.8165731991498297	0.4347135372655062	0.8170084501236603	0.8227552061304207	0.8240156408543075	0.8225638997379741	0.8062914745960185	0.8122668145608551	0.0	0.8160986145498604	0.8252711523665335	0.8127264431979818	0.6809148535206442	0.8240156408543075	0.8203835040714473	0.8059105431309904	0.8340512355474949	0.8267930302581569	0.8234869201795573	0.8151202198916553	0.34910237748665696	0.9795456992141243	0.8111062527328378	0.7193468799379037	0.43307166542599984	0.8220698158280034	0.9687194090949541	0.8027606445126756	0.8033193487954827	0.46787315291383036	0.8437358661239258	0.8161817806664603	0.8099733333333333	0.799081545287082	0.9847081773133927	0.4279914746777631	0.8150784578613738	0.8141914455932249	0.8032284923853777	0.8134477362257838	0.8242708913833824	0.8156698336645523	0.8670554952720508	0.8065998441404886	0.8110962923446252	0.8098232357306706	0.8143115209361266	0.8093548739220608	0.9202047798370622	0.38054373197858027	0.8470361445783132	0.8470065962729804	0.8167638334867546	0.8391445138941185	0.7985690840086163	0.2630984889859822	0.9795417348608838	0.9795456992141243	0.9768982728919122	0.4523203642938458	0.8122873482782751	0.8104196816208393	0.9801991053416367	0.42259750703659027	0.9489567206599349	0.8795830688863936	0.8080347507014893	0.9775024949017226	0.9764525442078672	0.9765150492644081	0.4765782808041297	0.8358107938736119	0.8387233617807057	0.8120133190005506	0.8473727279490167	0.8112272677774148	0.8519753910014083	0.8470549951187765	0.8278220044907124	0.8383931233230647	0.8265197737321839	0.8398472596585804	0.7688141391106044	0.8471713623794933	0.847657516144314	0.8405559284950648	0.8483524712930604	0.8439249096042399	0.8433577995440767	0.8416268642167852	0.8150958682149608	0.4695726948008996	0.42042195821384676	0.46284324180218606	0.33557800224466894	0.4345327166371922	0.3157653043201809	0.40733486424422527	0.46981958079066066	0.43942960920158736	0.4142400385051741	0.39031242595538707	0.9506611589319918	0.9774893090498622	0.9962882096069869	0.9964382425410456	0.9963936743098029	0.997421677369138	0.9958350789856323	0.9976110379796207	0.9969520573612811	0.9967167998454964	0.9964382425410456	0.9964382425410456	0.9964382425410456	0.9958350789856323	0.9967432210749783	0.9964382425410456	0.9958350789856323	0.9958350789856323	0.9970513072537841	0.9965728452676097	0.9969268444935295	0.9967221195317314	0.9962559817510104	0.9967575357271526	0.9963018831200429	0.9968050326926887	0.9971535806947278	0.9966319510796866	0.9965750097162845	0.9966377336894315	0.9966342825770416	0.9962353055474594	0.9973044524669074	0.9967575357271526	0.996905849418005	0.9960987666287043	0.9966377336894315	0.9966377336894315	0.9969268444935295	0.9968365211466395	0.9966353266835298	0.9966489739011325	0.9958350789856323	0.9958350789856323	0.9965728452676097	0.9958350789856323	0.9967432210749783	0.9965261407905511	0.9969268444935295	0.9965261407905511	0.9966377336894315	0.9967432210749783	0.9968880676845279	0.9971721721721721	0.9965747474496761
Pseudomonas_syringae_ICMP_4122_6689_NZ_LKBX01000039	0.5920050974211073	0.6475609756097561	0.6447828966039164	0.8079683246721109	0.8198689072910204	0.817204867513038	0.8216221906416127	0.525163110562511	0.5216193302246714	0.650672702926736	0.6949358794346158	0.6582801012414126	0.807285421163429	0.7173174119942068	0.6022239238272797	0.978704961814178	0.9786799836738613	0.6155270511396156	0.48422770123277736	0.8076340919723698	0.9728717973649667	0.7195071626481164	0.8812266460507666	0.8114568251973666	0.6341347524470209	0.6578733154451446	0.6708476994412079	0.674707343029443	0.6352021181613867	0.6474484189964596	0.8160986145498604	0.0	0.6549776489066087	0.5973801787164907	0.7173174119942068	0.6708476994412079	0.6393511487381652	0.696569683908046	0.5872128910691661	0.6650751969443781	0.5359146258038036	0.5945608108108108	0.8177359386124515	0.9803128001097544	0.5168342807170967	0.7191346182226026	0.810416951469583	0.5390696569741797	0.9575145407980086	0.7226968796433878	0.6903545488120153	0.7817629862828873	0.8027536914425022	0.5250171115674196	0.6050095053863855	0.6638707100500814	0.9813686936504892	0.8111676785276742	0.6066267413097253	0.5931188470516594	0.5979114901618428	0.5121052251210523	0.5855229526633269	0.5989260636100785	0.7486456717692809	0.6020024190297003	0.6040636278572383	0.5030083363537514	0.5130723674707497	0.5113752369841038	0.9128258949712662	0.8166182235140396	0.8356380366512446	0.7759852565920046	0.881035725316586	0.7870285060166959	0.86539600772698	0.8145097418026295	0.9803087478559177	0.9803128001097544	0.9782139167996995	0.7839760284522109	0.695920889987639	0.6827965338385564	0.9801190059502976	0.8137073654315033	0.9536206304848752	0.7236733001658375	0.6164571352146583	0.9808496942388156	0.9783823988099523	0.9784434289542312	0.8296908943387338	0.8145321200597583	0.8217085589590236	0.534507722007722	0.8272658934707904	0.5960078331672793	0.8108284764965412	0.8079964729547271	0.6599571335383468	0.812807216550532	0.6622179663654317	0.814743467997938	0.659078639553716	0.7808995065051593	0.7951436103787983	0.8210328133405056	0.8059022898239233	0.8246953261015133	0.7697282577863505	0.8226082379260429	0.6041999388358422	0.8066101183123335	0.796905704242894	0.7821626331618743	0.8230767203436734	0.788097106974658	0.8155449986803907	0.8189030883919063	0.7910285379529668	0.8168028004667445	0.7961599377587596	0.8152530707327403	0.9528588957055215	0.9808377999125854	0.9957301674086803	0.9968075363077326	0.9954465757726428	0.9962114284221253	0.996429610430827	0.9968848983010916	0.9951572547014985	0.9967385395905055	0.9968075363077326	0.9968075363077326	0.9968075363077326	0.996429610430827	0.9955717837165942	0.9968075363077326	0.996429610430827	0.996429610430827	0.9961977186311787	0.9968719860282043	0.9961110538786443	0.9956283284317622	0.9954681168692685	0.9954891094213172	0.9955332654180706	0.9953638325650795	0.996393611540443	0.9966473870092645	0.9968741045612024	0.9966535533643284	0.9966498734112472	0.9953584187332134	0.9960992999405853	0.9954891094213172	0.9956975056090801	0.9948741966539172	0.9966535533643284	0.9966535533643284	0.9961110538786443	0.9962382445141066	0.9966509868084671	0.996059889676911	0.996429610430827	0.996429610430827	0.9968719860282043	0.996429610430827	0.9955717837165942	0.9959990397695447	0.9961110538786443	0.9959990397695447	0.9966535533643284	0.9955717837165942	0.9963989353374041	0.9964189553042542	0.995756378776556
Pseudomonas_syringae_KCTC_12500_26106_NZ_AYTM02000002	0.6328115370393197	0.6349386778342806	0.6271299294815532	0.8044438635472487	0.7878612716763006	0.7766078542970973	0.8126542121959817	0.637086827824371	0.622539860488291	0.7393976990751184	0.7241638047963983	0.4886111021617965	0.8068941081190524	0.6143648415508944	0.6163106190550445	0.9796724512893347	0.9798569319859203	0.6053981279651237	0.6165743088820013	0.8016463926174496	0.9722554798305397	0.6299219660956139	0.8993222457219765	0.8124417762136424	0.6628856890978548	0.501788908765653	0.5585444974905129	0.5581445061992305	0.535229375058794	0.53703007518797	0.8252711523665335	0.6549776489066087	0.0	0.6387724039387445	0.6156637435742365	0.5585444974905129	0.5966312336371953	0.7161266877253795	0.6164565361645653	0.4965220165922144	0.617458083465916	0.6526573747894011	0.8148389849652369	0.979870143970815	0.6091994835377663	0.6297925832809554	0.8107799948173102	0.628941254563558	0.9670346967686807	0.7470574725842567	0.7405123605583273	0.8154356330474883	0.8137665513384147	0.5861543722217042	0.6308340301650717	0.7196449505945403	0.9820294064258486	0.8110606217081483	0.600575958382362	0.6306331558130119	0.6192010510839303	0.6265489516001892	0.6468937875751504	0.6214806757102636	0.7309096473777408	0.6236703791765736	0.6297480139026812	0.6089351674945866	0.6272414988497053	0.6046368949594756	0.9020142835588191	0.8192561169608363	0.7871790937915516	0.8069247289298622	0.8994672170490544	0.8206896551724138	0.8913666316493172	0.818297680927629	0.9798662091134182	0.979870143970815	0.9786187869888311	0.8156479470472644	0.7790703492444712	0.7410977769034035	0.9762327854286984	0.8201335153997876	0.9548005565862708	0.7224157303370786	0.661139325705195	0.9770507598651075	0.9779974997158768	0.9778478142572102	0.8326434502416656	0.7865221861899866	0.7937753367333595	0.6287302605455267	0.7974468751631598	0.5912836715416436	0.8186109757036201	0.8142471162839031	0.6256377743561876	0.8058855361146184	0.5358353285034669	0.7946624803767661	0.5500338690806084	0.8251914850014089	0.8178814784224654	0.7964322916666666	0.8106659729448491	0.7995796465917642	0.8107862248213126	0.7837377387712958	0.6054869244344617	0.8218534028723377	0.8233422295216588	0.8166002174700979	0.8154965753424658	0.8210694993667778	0.8132580037664783	0.8136389015786001	0.8106498101035327	0.8102814860809273	0.8194638152797149	0.8058771374287523	0.9542268232672578	0.9770371831109358	0.996545387725101	0.9966242022521745	0.9962825278810409	0.9968282848151062	0.9967660887086743	0.9973642723421027	0.9962611156022635	0.996854655840831	0.9966242022521745	0.9966242022521745	0.9966242022521745	0.9967660887086743	0.9957556834813153	0.9966242022521745	0.9967660887086743	0.9967660887086743	0.9967218814413787	0.9963159445918066	0.9967984477322338	0.9959880388736606	0.9958394947241785	0.9962133165036289	0.9963626532969598	0.9956406273487999	0.9965613856342334	0.9965738551368045	0.9963182956163174	0.996579796714678	0.9965762507534659	0.9962214152517421	0.9971796056310632	0.9962133165036289	0.9958274346173906	0.9957393667817528	0.996579796714678	0.996579796714678	0.9967984477322338	0.9965080536087545	0.99657732356344	0.9965896453725441	0.9967660887086743	0.9967660887086743	0.9963159445918066	0.9967660887086743	0.9957556834813153	0.9962129761994332	0.9967984477322338	0.9962129761994332	0.996579796714678	0.9957556834813153	0.9970778901876044	0.9965840945320209	0.9956825141824389
Pseudomonas_syringae_KF529_17593_NZ_CP074409	0.5564803804994054	0.6313418910658559	0.6238768068758953	0.8031434184675835	0.8146291757318719	0.8148396438914512	0.8166756176154673	0.5134157807188833	0.4857374213257757	0.7079607550919027	0.6567461613851682	0.6352735993023763	0.8042238992344861	0.7061105722599418	0.5682969129379118	0.9776633531192639	0.9775865861706547	0.5433771850783925	0.46255144032921813	0.8023268884892086	0.9704861971551767	0.7026624973435744	0.8859177710529061	0.801925876161684	0.6723641372401703	0.6250274630425913	0.6346601309217261	0.6411985710766199	0.6315839006180004	0.6437968463284919	0.8127264431979818	0.5973801787164907	0.6387724039387445	0.0	0.7073251975895588	0.6346601309217261	0.6136097250594421	0.7134790965881788	0.5989126162714529	0.6361749581810296	0.5009436985862327	0.536225658648339	0.8169338838543622	0.9776597479441843	0.5653561948489849	0.7022557305283639	0.8006501148909937	0.500761142776224	0.9621887414010271	0.7267104147696946	0.6955139196308882	0.792254518669613	0.8013084428402233	0.484880977911216	0.2891440935380518	0.7173013493253373	0.9778049675761654	0.8042976034737106	0.4672152036989843	0.42356344003085233	0.4076344169446815	0.5838320209973753	0.44224674481652604	0.5729322771711982	0.6959925973378889	0.4141367143577217	0.2629129827826896	0.5645024400594101	0.5853667062853947	0.5613009646071646	0.9160039121818135	0.8182556220063324	0.8319854587603066	0.7963603378876354	0.8860960616795166	0.806990117804701	0.8830532934748995	0.8058955445678312	0.9776550631436693	0.9776597479441843	0.9764523069567296	0.7903486165784033	0.7474379350030143	0.7056212558587082	0.9771148539347226	0.8151482186565134	0.9524082855003744	0.7110800291899781	0.5023567535719546	0.9789813687856942	0.9773593200468933	0.9774243826408845	0.8308358573781817	0.8145673422055332	0.8210537852426227	0.5525122061013192	0.8299980941490376	0.5707218109339407	0.8021806419229804	0.803262550977359	0.6267840383183922	0.8078396780329135	0.6559645639224072	0.8179442748301565	0.6467367903057144	0.8088620286303125	0.8009096779627706	0.8224612948147338	0.8032119493500295	0.8226840110174807	0.8025429437521051	0.8190450643776824	0.5689166193987522	0.803441522104085	0.7945421741091565	0.7912873308942397	0.813750101222771	0.7930173147885324	0.8056351738683684	0.8083695029072148	0.7803210208577723	0.8070697519190121	0.7919950110550484	0.8033254543972614	0.9510548945105489	0.9789680773824859	0.9957297827759064	0.9965599082642204	0.9958156765544628	0.9964605067064084	0.9965777418485583	0.99704	0.9957241530533932	0.996704021094265	0.9965599082642204	0.9965599082642204	0.9965599082642204	0.9965777418485583	0.995091312150322	0.9965599082642204	0.9965777418485583	0.9965777418485583	0.9963412337574992	0.9967065073041169	0.996328350380278	0.9957615679498947	0.9956809909273646	0.995879697669536	0.995849849690069	0.9959017505767404	0.9963506676619391	0.9966900362271626	0.9967087801252786	0.9966962357899118	0.996692536069587	0.9955645268385965	0.9966601798769263	0.995879697669536	0.9962904223004758	0.9951774026868756	0.9966962357899118	0.9966962357899118	0.996328350380278	0.9961939742361333	0.9966936554632787	0.996173196317705	0.9965777418485583	0.9965777418485583	0.9967065073041169	0.9965777418485583	0.995091312150322	0.9954849589294457	0.996328350380278	0.9954849589294457	0.9966962357899118	0.995091312150322	0.9968111397518004	0.9963768115942029	0.9961660820621584
Pseudomonas_syringae_Karpuz_1_hishtil_a_17552_NZ_JAEILI010000040	0.6958069381598793	0.7354002671289324	0.7275368990419195	0.6507955714199286	0.8049078451160567	0.7933648793495595	0.6852629474105179	0.7151167994271905	0.7079086221369468	0.7539108302113421	0.7596821100521178	0.626687466250675	0.6585806752580325	0.0027735528317079927	0.6976926320862702	0.9796122690452352	0.9805126772368513	0.6746739232429388	0.6890966111500167	0.648392965433596	0.9726532058094226	0.2383617801253498	0.8596777899762555	0.6780281773340816	0.7114686492608835	0.636130647276195	0.6232478734874805	0.6131041955095407	0.5859084139985108	0.5902227722772277	0.6809148535206442	0.7173174119942068	0.6156637435742365	0.7073251975895588	0.0	0.6232478734874805	0.6967747753163606	0.7680756854871978	0.7375194017214619	0.6392152220874145	0.7289226152692019	0.7037933329300018	0.6743376578546155	0.9806328241389278	0.690728084136941	0.23575436655338655	0.6774422315465989	0.7065915460065391	0.966219802025889	0.7527212980078045	0.7539612550849145	0.6704138835877862	0.8146509210140485	0.7168566633875355	0.6907294832826747	0.7525862309343891	0.9827866945801349	0.6624579375241952	0.719289576187431	0.7009855951478392	0.6866792890734746	0.6921606707974968	0.7154789087850018	0.6857241314495159	0.8054482874412358	0.691687780457279	0.6911773653787648	0.6879124267653407	0.6925234220907297	0.6858936323038006	0.9073010560478708	0.6846839055608407	0.8059782328364368	0.817201437891093	0.8598052212930859	0.8162724792753662	0.8632656646006374	0.6812298196988313	0.9806289476025265	0.9806328241389278	0.9788578205537564	0.6738704506323101	0.7852865479193741	0.756578947368421	0.9786441294074882	0.6855022666243178	0.9567106762917933	0.8181745502998001	0.7103527560960852	0.9818393012710256	0.9783926157288705	0.9784518828451882	0.6987798318376128	0.7991975391199679	0.803595649051887	0.7029462327346019	0.807532047028849	0.6892312480547775	0.8234662335621104	0.8144162382461841	0.7165245048431401	0.8087068806493267	0.6136418486786532	0.8050103717887347	0.45066244142534473	0.8157434865494598	0.8181409255682269	0.8083368576866146	0.8156727321025369	0.8145472694318212	0.8127976586404151	0.8007198184805571	0.6773125	0.6960083972359099	0.6797945205479452	0.6844140129268365	0.6850472643941564	0.6864331699249897	0.6823959553257734	0.6732117404078308	0.6752926495929645	0.6785987861646338	0.6876104110234366	0.6769053781995973	0.9559512206717855	0.9818283415288332	0.996825876662636	0.9965017237882783	0.9964807453730663	0.9971177913179784	0.9971343039173042	0.9974155623685611	0.9959941733430444	0.99679037111334	0.9965017237882783	0.9965017237882783	0.9965017237882783	0.9971343039173042	0.9956853301224162	0.9965017237882783	0.9971343039173042	0.9971343039173042	0.9967294376165776	0.9966413293264982	0.9966328286733345	0.9956395721650807	0.9951734462110262	0.9960560145777689	0.9966388678291636	0.9956426453525847	0.9972744188484419	0.9967014706976514	0.9966435331230283	0.9967073502834649	0.9967038413878563	0.9963159222811002	0.9970244048809762	0.9960560145777689	0.9961170008941116	0.9959969788519637	0.9967073502834649	0.9967073502834649	0.9966328286733345	0.996357104910319	0.9967049030052275	0.9968738880699436	0.9971343039173042	0.9971343039173042	0.9966413293264982	0.9971343039173042	0.9956853301224162	0.9967754417644783	0.9966328286733345	0.9967754417644783	0.9967073502834649	0.9956853301224162	0.996664729514617	0.9972929356031027	0.9966448149486399
Pseudomonas_syringae_Kozan_2015_1_17562_NZ_JAEIKF010000024	0.6384194603184304	0.6482284567955866	0.663105371294394	0.8165090328067417	0.7802559511270276	0.7657350838424541	0.8200961945822015	0.6319958086785009	0.6451947418184036	0.7459004944548426	0.7499718436760896	0.5552453987730062	0.8129765248796148	0.6219684024342716	0.6506662628709873	0.9783339972557872	0.9802418899061829	0.6116865785460092	0.6282419858419117	0.8168131783145575	0.9740913668406116	0.614805671794563	0.8963398535941438	0.8209661736860959	0.5944873411880518	0.5727752182347235	0.0	0.4394917039768238	0.4121610183837221	0.4291027273336461	0.8240156408543075	0.6708476994412079	0.5585444974905129	0.6346601309217261	0.6232478734874805	0.0	0.6292148620869512	0.7718387131138809	0.6392590185245368	0.5605963791267305	0.6594380595030579	0.6331961506327939	0.8215040397762585	0.9803044061054179	0.5958206243104679	0.6156186001686543	0.8196070394753695	0.6504185276109912	0.9672652366665174	0.7595653158252207	0.757250268528464	0.8236952010043813	0.78960029607698	0.6318864024445043	0.6406197372852813	0.7646648606603546	0.9819903285578705	0.8189179523858179	0.6276763033748639	0.631415819489214	0.6007891414141414	0.611546640429111	0.6441381856215584	0.6247815171449456	0.7526985350809561	0.6019872159989874	0.6304475399203138	0.5947919669453252	0.612911408459636	0.5921432510461608	0.893653603034134	0.82585969738652	0.7836104937798554	0.7928905074815928	0.8964889155182745	0.7978420461373671	0.8907948894863316	0.8223065664458833	0.9803005730349227	0.9803044061054179	0.9788205060038105	0.821719526566583	0.7885457108237097	0.7524615171266121	0.9806603669684354	0.8261207306988749	0.9515093946203925	0.7747431116357685	0.6542654173556249	0.9811660946257115	0.9768169148140594	0.9768787433608317	0.8250962852528264	0.776527586572064	0.7865995859864267	0.6207012605556235	0.7908922176038481	0.6133758978451715	0.8030342256511158	0.8272129385572076	0.6575229815853623	0.7854178087555799	0.45624346917450365	0.7807738942485107	0.5438277688801281	0.8058710647787978	0.8054393848871341	0.7810874704491726	0.7959344262295082	0.7915289954991285	0.7928107838242636	0.7749579179075489	0.6301666509744845	0.8286353922865575	0.8215071929555112	0.8212194370248613	0.823936647076402	0.8238058551617874	0.8192360333457758	0.8232580297369807	0.8114125932062966	0.818011929447303	0.821391884951207	0.8166679168854549	0.9522210384918245	0.9811550416241007	0.9969525574138183	0.9966642957003753	0.9966438020578148	0.9973335942660045	0.9971287128712871	0.9973763577961405	0.9962786955319203	0.9968932792893377	0.9966642957003753	0.9966642957003753	0.9966642957003753	0.9971287128712871	0.9955066550082581	0.9966642957003753	0.9971287128712871	0.9971287128712871	0.9967370346566471	0.996210083622671	0.9968129029142623	0.9956080494280539	0.9955832813474735	0.9963516876464761	0.9967719847402915	0.995410441246165	0.9969336813562758	0.9964687229749207	0.9962124914475613	0.9964748201438849	0.9964711813140649	0.9965817808921552	0.9971680987534793	0.9963516876464761	0.9955487412829517	0.9960524392026902	0.9964748201438849	0.9964748201438849	0.9968129029142623	0.9965486010819279	0.9964722822174226	0.9969507696847489	0.9971287128712871	0.9971287128712871	0.996210083622671	0.9971287128712871	0.9955066550082581	0.9965813245495833	0.9968129029142623	0.9965813245495833	0.9964748201438849	0.9955066550082581	0.9968705686763484	0.9969538291123307	0.9962544010787325
Pseudomonas_syringae_LMG5095_7342_NZ_CP028490	0.6022992335888038	0.5340276835391504	0.517487829299451	0.8078553341407024	0.8042401860210642	0.8012077165606797	0.8160067753546475	0.6027090301003344	0.6108711542295169	0.7113948739828726	0.7062356802278779	0.4571715910667221	0.8097468792419685	0.6963829339426921	0.6035556147418184	0.979570320736593	0.9796648420243926	0.5006751578409547	0.5808216385198274	0.8091609353507565	0.9725453925911502	0.6875321297892285	0.8912293259030138	0.806550805809516	0.6226179818391099	0.5063303892265842	0.6292148620869512	0.6181279693959401	0.6267518293439167	0.629808436233095	0.8203835040714473	0.6393511487381652	0.5966312336371953	0.6136097250594421	0.6967747753163606	0.6292148620869512	0.0	0.7009555091071962	0.5213558860565632	0.4491325468424705	0.5655921913259316	0.6043989254533244	0.8147903161793888	0.9794773128106461	0.5358968819759486	0.6871063468992248	0.8047787951277187	0.5455590492612503	0.9645933469756818	0.6752153233063376	0.7132869249394673	0.8092291615103264	0.8057476351164463	0.5255281991576208	0.6132811203663757	0.6827456568535306	0.9821081664468162	0.8086239383926377	0.5429087316458283	0.5992582602832097	0.5982190860215053	0.5543997750913692	0.6114924823360011	0.5422999713220533	0.6991932655208699	0.6009490795274796	0.6014745308310991	0.543676984435111	0.5548568417354647	0.5407648552928129	0.9053378029912326	0.8156320119670906	0.8214715894213145	0.8010174297389709	0.890999617004979	0.8101047206535446	0.8905162851668852	0.8156595654813759	0.9794730813287514	0.9794773128106461	0.9780493537015276	0.8047113927538229	0.7579336386277817	0.7138390553380081	0.9759146341463415	0.8194918872758326	0.9536264599077436	0.6484934086629002	0.5954880576223966	0.977750594317631	0.9786069293380393	0.978667368975507	0.8330285773992999	0.8011273027220236	0.8078843268312645	0.5986868153622806	0.8121070252320423	0.5265095463240337	0.8059668810729438	0.800338644312441	0.45503100691830667	0.7986048420188756	0.6477551391117435	0.7997745022549775	0.6320512035278986	0.8140119041118331	0.8095342646211269	0.7994078460399704	0.8036419906601453	0.8071397474967349	0.8010956478432891	0.8087686567164178	0.5260227721705398	0.817639853001225	0.8073543142747295	0.8066001323334804	0.8178686874039531	0.8158414212863958	0.8092784873994211	0.8106265933181269	0.8060664552598924	0.8117618177354682	0.8128085573230938	0.8114351027351745	0.9526324840920817	0.9777367205542725	0.9970327181863141	0.9968830216354969	0.9965983724520502	0.9972565516160218	0.9973549172089087	0.9976171148760115	0.99628742837158	0.9969170984455958	0.9968830216354969	0.9968830216354969	0.9968830216354969	0.9973549172089087	0.9959576066958618	0.9968830216354969	0.9973549172089087	0.9973549172089087	0.9969360802958267	0.9968948961486275	0.9968570471700544	0.9961561911830978	0.9959188028488356	0.9962355610561056	0.9968401535528687	0.9964028776978417	0.9974510548294376	0.9969523126568662	0.996897001303781	0.9969579221841608	0.9969545745361484	0.9966892596454641	0.9972621138547371	0.9962355610561056	0.9965944190712532	0.9961761569076295	0.9969579221841608	0.9969579221841608	0.9968570471700544	0.9965492000418279	0.9969555873925502	0.9970842417715201	0.9973549172089087	0.9973549172089087	0.9968948961486275	0.9973549172089087	0.9959576066958618	0.9969857020913359	0.9968570471700544	0.9969857020913359	0.9969579221841608	0.9959576066958618	0.9971548641382371	0.9974689679312851	0.9968239564428312
Pseudomonas_syringae_M11_20731_NZ_JAROCH010000010	0.6738200048911714	0.65651611350164	0.6589604110003022	0.7942880237100902	0.8103920741989882	0.810639336261591	0.8068683945321584	0.7082349424600209	0.7109302810814033	0.518468315825144	0.6851119493794111	0.71833226355594	0.7994589814284971	0.7677028885832187	0.6816386069409834	0.9776636597059692	0.9770668901771786	0.7136201367459309	0.6904913461247006	0.7928093284387822	0.9721437317509655	0.7716352080650906	0.8651708157115	0.8009078771695595	0.7265861891412553	0.7159796409195145	0.7718387131138809	0.7548079513009751	0.736858097842601	0.7434508919981309	0.8059105431309904	0.696569683908046	0.7161266877253795	0.7134790965881788	0.7680756854871978	0.7718387131138809	0.7009555091071962	0.0	0.7011979859945598	0.7196658525754884	0.6860192039002349	0.703825400174841	0.8034887031237868	0.977023510309393	0.7181915055564012	0.7713533380876625	0.7994332156988557	0.6680548897411314	0.963880693343168	0.5833693089363399	0.5770712597532943	0.7772767027440691	0.7771961079895848	0.6765414473097171	0.697631674099072	0.5162314049586777	0.9800320788488808	0.8026039590806431	0.688880979921108	0.7113862573450054	0.7150428775607431	0.7186455981941309	0.7147778676492615	0.724444040477489	0.7704208054125099	0.7187332419710422	0.7009027986758953	0.7077356092246232	0.7198400288669713	0.7136895333252102	0.9097234499305468	0.8038621338420131	0.8214022889334383	0.8003230148048452	0.8650022765214752	0.793174906477918	0.8755226761016404	0.7990610572184469	0.9770189098998887	0.977023510309393	0.9752252766054522	0.7811378222560644	0.6682356217796964	0.5721782210488575	0.9741863585708113	0.804340427759889	0.9495043370508055	0.7962016070124178	0.6987101484546119	0.9757190215930472	0.9764935881024973	0.9763441359457703	0.8223470821095645	0.8051148723934843	0.8115438291597545	0.6561380956753282	0.8217720857292211	0.7065250658015547	0.7802560701621417	0.7777199945257972	0.6609843360091399	0.8019652904350583	0.7575659579055165	0.8050467834707239	0.7572171756651123	0.803205675272029	0.8006744098913451	0.8137686860739575	0.7861387750671623	0.8133092205273366	0.8007232788641843	0.8199421891387205	0.7116597913127882	0.7742843094405595	0.7697833836029613	0.7842444341751162	0.8024495527355939	0.785797850632567	0.8050713972164123	0.8027159266333499	0.7627226463104326	0.7944974282040291	0.7752765910833608	0.8041044776119403	0.9499868950892325	0.9757043279467468	0.9950974230043997	0.9963120137415379	0.9954550045449955	0.9966230689750762	0.9958653428957913	0.9962089620137994	0.9948635467469129	0.9962505624156377	0.9963120137415379	0.9963120137415379	0.9963120137415379	0.9958653428957913	0.9949728634669734	0.9963120137415379	0.9958653428957913	0.9958653428957913	0.9959494573801396	0.9961992499181958	0.9953719830803682	0.9944484240687679	0.9946748302119778	0.9952709261517784	0.9948545917723913	0.9943159898150767	0.9962105373196738	0.9959940652818992	0.9962017356307382	0.9960011848341233	0.9959969359262646	0.9951676230745998	0.9957343843544203	0.9952709261517784	0.994750121053034	0.9942712128445438	0.9960011848341233	0.9960011848341233	0.9953719830803682	0.995687263556116	0.9959982214317474	0.9961739218567881	0.9958653428957913	0.9958653428957913	0.9961992499181958	0.9958653428957913	0.9949728634669734	0.9958070739549839	0.9953719830803682	0.9958070739549839	0.9960011848341233	0.9949728634669734	0.9953367614438395	0.9962362102530824	0.9953143504453942
Pseudomonas_syringae_MB03_4121_NZ_LAGV01000047	0.6051513200257566	0.5246335572246302	0.4682888051705665	0.8202935276106008	0.8232684378099066	0.8190454301693098	0.8399617638920334	0.6144214716835752	0.631440522213068	0.698482725728083	0.7233822311605347	0.5692182918460291	0.8263360236270592	0.7371273712737128	0.6148730737259416	0.9775876584222621	0.9767257462686567	0.6382091658381707	0.6100963242163591	0.8209175861886913	0.9716206652512385	0.7326729871232489	0.8841598723414865	0.8261222353095145	0.6728955223880597	0.5620570711821888	0.6392590185245368	0.6309156683667418	0.6610080042220072	0.6556141229129244	0.8340512355474949	0.5872128910691661	0.6164565361645653	0.5989126162714529	0.7375194017214619	0.6392590185245368	0.5213558860565632	0.7011979859945598	0.0	0.5611005277786453	0.5882823243467972	0.6093658915732885	0.8327224005864955	0.9782681228729675	0.6224894335047999	0.7323321054122981	0.8244606956567324	0.5916891356066614	0.9583507355329713	0.7418487891317189	0.726882468963917	0.7975293357734955	0.806780750381618	0.5615045966593293	0.6059167393340439	0.6564157899469472	0.9797913950456323	0.8242639567386818	0.5624369118556869	0.6160815036915239	0.5626521695627522	0.6243771435967126	0.6314007347069158	0.6154124814753829	0.7110136342053497	0.5653059861036879	0.5943593087707858	0.6154620429898046	0.6247776160439915	0.6169563791407019	0.9130911289713033	0.8359770846594525	0.8386991788503906	0.7797790388463963	0.8843329101003311	0.7946385315174678	0.8725782414307004	0.8360098670962546	0.9782637714692534	0.9782681228729675	0.9761279868544173	0.7929565311185417	0.7320058409664145	0.6964333601501743	0.9742457019241717	0.8365894715364212	0.9552929451128355	0.7298710949781347	0.6357742790534283	0.9749517439511604	0.9759128853238819	0.9759789786996559	0.8488764466218411	0.8187189789647837	0.824186143572621	0.6231042170377116	0.8299851867252268	0.604193537718689	0.8107343886260934	0.8070616557442825	0.5270391098453489	0.8171206225680934	0.6409787196363743	0.8220704811239306	0.6615509824439019	0.7949179887066415	0.7970434081440667	0.819500339727173	0.8062740487387773	0.8223298695210564	0.7772855306697295	0.8270665207097578	0.610905518257737	0.8131521796705334	0.8063295860195002	0.794081913658576	0.8373356926188069	0.7989436524832251	0.827251966505963	0.828269620285619	0.7978096493824502	0.8257166000365812	0.8122856003191066	0.8259596036779502	0.9545076612424278	0.9749365553484403	0.9961265657226218	0.9964335399013532	0.9960068742418116	0.996643448415102	0.9965004597936038	0.9967620348587185	0.9956125548430644	0.9963958552335186	0.9964335399013532	0.9964335399013532	0.9964335399013532	0.9965004597936038	0.9951417409596314	0.9964335399013532	0.9965004597936038	0.9965004597936038	0.9960971379011275	0.9959659119560285	0.9961407265393522	0.9953925307804541	0.9953398558187435	0.9956396073154931	0.9959376261606783	0.995342613797185	0.9964937069890363	0.9959634481563111	0.9959685547268696	0.995970632585964	0.9959663449641178	0.9959450950761869	0.9965053293727066	0.9956396073154931	0.9955370804855657	0.9952993816298829	0.995970632585964	0.995970632585964	0.9961407265393522	0.9959091942122673	0.9959676421839052	0.996321104176181	0.9965004597936038	0.9965004597936038	0.9959659119560285	0.9965004597936038	0.9951417409596314	0.995981866886462	0.9961407265393522	0.995981866886462	0.995970632585964	0.9951417409596314	0.9965205113335519	0.99651749051406	0.995669879890716
Pseudomonas_syringae_MUP17_20728_NZ_CP110807	0.6128158844765343	0.5792964512629785	0.5336294007852224	0.8070371332121526	0.8055419512823818	0.7947214820454257	0.8137350664963559	0.6275497589318828	0.6390420188656132	0.7330813281051651	0.7331640948116033	0.0877840909090909	0.8086407327260833	0.6388124204481544	0.643465822630714	0.9782974204681208	0.9792580864057906	0.5940495336120939	0.6133687334062159	0.8091347650171179	0.9719617597835806	0.6262571999880622	0.8948468468468469	0.8122697173481745	0.6570983664355388	0.263089970501475	0.5605963791267305	0.5513533329260096	0.5622088747241971	0.5657452143599779	0.8267930302581569	0.6650751969443781	0.4965220165922144	0.6361749581810296	0.6392152220874145	0.5605963791267305	0.4491325468424705	0.7196658525754884	0.5611005277786453	0.0	0.5988393628843067	0.6380335953151487	0.8151951231699395	0.9805323884015384	0.6147003295894531	0.6283370618941089	0.8106148566710529	0.582510403080554	0.9664225074479762	0.7522763487366264	0.7453165823558842	0.8184203756110111	0.8302816721571031	0.5495269540923233	0.639860354014822	0.7226226781258664	0.9812613019891501	0.8145518849791127	0.5940103440800273	0.6292434680071992	0.6312426693005742	0.6292479719359789	0.6467483043304791	0.6323371453844695	0.7091863865993087	0.6350216182828907	0.6327209961780298	0.6069762275049989	0.6300203474722179	0.6096897114861186	0.9053139734113733	0.8168283159088047	0.8082955995296826	0.8257890685142417	0.8949982007916517	0.8324498440155224	0.8920800076016724	0.8213922322868843	0.9805286019925227	0.9805323884015384	0.9786027555043636	0.8164981865884713	0.7797420447188885	0.7394812034287634	0.975207526286663	0.8189516129032258	0.9559060928923943	0.6977824649412838	0.6304821829055569	0.9769749035169962	0.9763858042877215	0.9764487840159117	0.832913890944979	0.8070342941191649	0.8148839827061322	0.6134050730207532	0.8242319518206999	0.5875507882333821	0.8265678912116907	0.8221708413615928	0.4059122917102419	0.8056810017448425	0.5719979467979106	0.8056114810799648	0.5621389919134189	0.8380375835540421	0.8298657035303694	0.8065710319296622	0.8257389792369847	0.8151056939592524	0.8274911985305373	0.7970767666497204	0.6068659668825576	0.8231476750127746	0.8164109680569476	0.8157691117301145	0.8155539398801614	0.8200710754017305	0.810738355924135	0.8144837512309674	0.8136495143624716	0.8166120106579218	0.8240100404692383	0.8066394434361767	0.9549988455322096	0.9769613404311022	0.9969783366230475	0.99661656900483	0.9965715685074079	0.9971385947320796	0.99727884425094	0.9975249344475212	0.9960532931121167	0.9968216226708074	0.99661656900483	0.99661656900483	0.99661656900483	0.99727884425094	0.9955330047825981	0.99661656900483	0.99727884425094	0.99727884425094	0.9968871979840901	0.9967511847183546	0.9965963404625114	0.9957594544327341	0.9954850457731548	0.9961350789893232	0.9967979272078414	0.9958130841121495	0.9973668219566538	0.9967111580564625	0.9967532467532467	0.9967168328220859	0.9967134460837231	0.9964853188840888	0.9969751966122202	0.9961350789893232	0.9961710432054545	0.9961764204476267	0.9967168328220859	0.9967168328220859	0.9965963404625114	0.9965255688769269	0.99671447071802	0.9970260771253717	0.99727884425094	0.99727884425094	0.9967511847183546	0.99727884425094	0.9955330047825981	0.9968831039297825	0.9965963404625114	0.9968831039297825	0.9967168328220859	0.9955330047825981	0.9966512673852997	0.9973841084588877	0.9967318630875163
Pseudomonas_syringae_MUP20_20716_NZ_CP110808	0.577068108252411	0.5850601011891334	0.568156461245652	0.8147320226232158	0.8172956561110075	0.8245098039215686	0.8258644751124206	0.5032419479878779	0.43359375	0.707204090840728	0.6745499360394371	0.5920605739569377	0.8136722219319785	0.7277846766973749	0.5894009064143704	0.9779425351071692	0.9778750591575959	0.5748737890571701	0.43380915495555306	0.8145063475378023	0.9731256132289947	0.7197561329655973	0.8809892593250895	0.8194964182615203	0.6423830790224538	0.5825410273306348	0.6594380595030579	0.6572600879652861	0.619426116311186	0.6500870504892837	0.8234869201795573	0.5359146258038036	0.617458083465916	0.5009436985862327	0.7289226152692019	0.6594380595030579	0.5655921913259316	0.6860192039002349	0.5882823243467972	0.5988393628843067	0.0	0.5177663194079063	0.8273702118884363	0.9789936823104693	0.5721190361113029	0.7193895348837209	0.8178849602526699	0.4271013241220495	0.9646612491510738	0.743352219923854	0.7029777270817075	0.8038714588657495	0.8090287203431239	0.3664364383050215	0.5284051544963282	0.7066596349359819	0.9807428760455555	0.8218234981392876	0.45421245421245426	0.5111377414352178	0.5045308698564931	0.5740387237523861	0.5352626459143969	0.5665268776210446	0.644208549971115	0.5087675969375154	0.5326139586359548	0.5667144906743184	0.5749131293861143	0.5666804864566058	0.9163301219157098	0.8233173076923077	0.8407061688311688	0.803913541837236	0.8811702963770505	0.8121262726929914	0.8805899143672693	0.8194444444444444	0.9789894157207014	0.9789936823104693	0.9767463405595701	0.8063529029462738	0.7605055292259084	0.7220771513353116	0.9755213264669884	0.8214866495305041	0.9533951511639138	0.6780167985981026	0.5585693710993759	0.9766378525932666	0.9776789936631042	0.9777410987974534	0.8380669449637617	0.8172740622079829	0.8243690580228278	0.5661662127150734	0.8301627925384555	0.5762095806329939	0.8138632410009368	0.8088909381865523	0.5901364924027814	0.8122836909642724	0.6768369162558703	0.8230344534692361	0.6587132635562651	0.8205141910310546	0.8128165068419351	0.8278533038254822	0.8155677014619962	0.8300013135426245	0.8154644999865479	0.8316044171021133	0.6076004270652609	0.8144426832872149	0.8105827807428971	0.8064314789687924	0.8277539193873855	0.8109082041833748	0.8225635456261474	0.8210553882414561	0.7961691065809277	0.8203843386017751	0.8058052078525075	0.8218094076745452	0.9529735869118677	0.9766234948671841	0.9959303813667776	0.9964483335478059	0.9956009466968512	0.9964557222108075	0.9963078523140926	0.9968084011119118	0.9955068058675829	0.9963842843683955	0.9964483335478059	0.9964483335478059	0.9964483335478059	0.9963078523140926	0.9955946014769544	0.9964483335478059	0.9963078523140926	0.9963078523140926	0.9960800602268892	0.9965902681638722	0.9959976695290929	0.9955722248267959	0.9953880823856192	0.9959204358292157	0.9957374691865243	0.995759051284065	0.9964031652146111	0.9963743485157489	0.9965925394548063	0.9963809092965392	0.9963769939113369	0.9953592123480847	0.9963937423811459	0.9959204358292157	0.9960312313558662	0.9950887604235944	0.9963809092965392	0.9963809092965392	0.9959976695290929	0.9958632030627714	0.9963781785256168	0.9959710743801653	0.9963078523140926	0.9963078523140926	0.9965902681638722	0.9963078523140926	0.9955946014769544	0.9959099132167484	0.9959976695290929	0.9959099132167484	0.9963809092965392	0.9955946014769544	0.9968198604842019	0.99642800444515	0.9959874114870181
Pseudomonas_syringae_MUP32_20727_NZ_CP110809	0.5675470132743363	0.6035317200784827	0.62008520602296	0.8097541986430875	0.8107245100198195	0.8107506702412869	0.8194581609502202	0.5099823098306798	0.5265242053440833	0.6772630845708134	0.6523783095556789	0.6403907385081455	0.807852019630049	0.7025766796863173	0.5774314257269388	0.976168957808115	0.9769776110312568	0.5827948726904404	0.48394208863085175	0.8111382836816363	0.969281336496639	0.6966363829722585	0.8776803246498233	0.8087949869683358	0.6234681669738416	0.6390788944257018	0.6331961506327939	0.6314049075962668	0.621572269621887	0.6284353357776316	0.8151202198916553	0.5945608108108108	0.6526573747894011	0.536225658648339	0.7037933329300018	0.6331961506327939	0.6043989254533244	0.703825400174841	0.6093658915732885	0.6380335953151487	0.5177663194079063	0.0	0.8187031554239684	0.9766512557210232	0.5829775221426303	0.6962210186819205	0.807637867391968	0.5360217645843377	0.9619357953174028	0.7229471174957656	0.6783084764961299	0.7885916489738146	0.7930985716306038	0.5192608831819605	0.5282729606389047	0.7227460662125584	0.9784652862362972	0.8151242031215652	0.5457642282017755	0.5042460910449393	0.5337128624799858	0.5743710305624758	0.5333381078564778	0.5663334523384506	0.6663924709070235	0.5380069071100508	0.5210762331838565	0.5748505087946287	0.5759200841219769	0.5788322455459516	0.9104558540647311	0.8127471694024595	0.827748801433012	0.7932733140818753	0.877872173572082	0.8025346136668156	0.8759237248720997	0.8123008541516052	0.9766463726355905	0.9766512557210232	0.9746630084695217	0.7922933919215819	0.7454739375376032	0.7038917613548408	0.9772027110289587	0.8110657966286026	0.9511399840700916	0.7451489236213507	0.5285235503982125	0.9779645191409897	0.9748798868375484	0.9749519710123781	0.8245016368136694	0.8076912436021579	0.8138199994507155	0.5777807903477259	0.8186399364609865	0.5665884527872582	0.8043647052298819	0.8020754452390969	0.6285097887686759	0.8098371442671493	0.6566787333069692	0.8081779251277801	0.6467902558602727	0.8048828016257447	0.8033830179199464	0.8113844802020979	0.8037686264642567	0.8169110219237175	0.7987040309686106	0.8158430699967842	0.58232187204869	0.8021597789993582	0.7927998874982422	0.7952350108423216	0.8178334048027445	0.7978369852982594	0.8112833163511557	0.8126338039619523	0.7886482661004954	0.8136177013584636	0.7952913345912304	0.8134628804552042	0.9501545209849467	0.9779506224744821	0.9960662143253162	0.9968144411998938	0.9957270628201386	0.9965554701783207	0.99645799232565	0.9969728351788417	0.9956060151196747	0.9965599642866522	0.9968144411998938	0.9968144411998938	0.9968144411998938	0.99645799232565	0.9955873082580374	0.9968144411998938	0.99645799232565	0.99645799232565	0.9962764532547549	0.9964817607068223	0.9961079330251025	0.9955640391439939	0.9955097514133463	0.996002090410243	0.9958676591348573	0.9953495917374141	0.9965326508709651	0.9962610998597913	0.9964841788046208	0.9962680765044316	0.9962639130321979	0.9956632113391157	0.9965166832538893	0.996002090410243	0.9954999598210699	0.9950919597857351	0.9962680765044316	0.9962680765044316	0.9961079330251025	0.9960506785411366	0.996265172735761	0.9961362182903432	0.99645799232565	0.99645799232565	0.9964817607068223	0.99645799232565	0.9955873082580374	0.9960756718720398	0.9961079330251025	0.9960756718720398	0.9962680765044316	0.9955873082580374	0.996692071557108	0.9965573770491803	0.9955030611692041
Pseudomonas_syringae_NCPPB_3871_5835_NZ_LKEN01000002	0.8227481157434249	0.8303798757510948	0.8312901492078929	0.41656348878800387	0.8276192880585711	0.8211384127613197	0.2525955378838083	0.8223121907332434	0.8169526642936833	0.7989646707225958	0.7915897491584319	0.8142046310713748	0.2977181400688863	0.6734599884858952	0.8113774845009711	0.9823658751099384	0.9792813938792092	0.8040837496246553	0.7997518141843589	0.41990316266611727	0.9739029179414586	0.706603112294967	0.8197086458946722	0.4325993281986903	0.8168410176934005	0.8130751822982147	0.8215040397762585	0.8149579790019701	0.8042776124717073	0.8010305596653232	0.34910237748665696	0.8177359386124515	0.8148389849652369	0.8169338838543622	0.6743376578546155	0.8215040397762585	0.8147903161793888	0.8034887031237868	0.8327224005864955	0.8151951231699395	0.8273702118884363	0.8187031554239684	0.0	0.9802001552928996	0.8118890501355385	0.7059054786442391	0.43094898444399155	0.8232797427652734	0.9688935468046203	0.8001583444811489	0.8007316491265276	0.4551587567966705	0.8392545578678534	0.8181818181818181	0.813935518252065	0.795795952430628	0.9843725406426371	0.4429814248765577	0.8248224202505489	0.819418148849364	0.8069365403199829	0.8198401808055533	0.827705122423535	0.8154568534847534	0.8702083171997212	0.8095404461166353	0.8148375229920295	0.809467103304555	0.8200624092107387	0.8101331583408525	0.9156571343719451	0.2497210859055411	0.8366113426433672	0.846252547362065	0.819894672256877	0.8365195460277428	0.8105865886245069	0.3644580383531514	0.9801963110775537	0.9802001552928996	0.9773159828265392	0.4553281297108974	0.8098446474879426	0.8051875794828317	0.9813590954001536	0.2722122070563997	0.9492612662683526	0.8766101528571779	0.8066726243669944	0.9805953645686534	0.9782638136511376	0.9783215523839539	0.4220180432104931	0.8206994858219213	0.8226522279424818	0.8091373768245771	0.8313085996572235	0.8139807200043571	0.8507351664972354	0.8424367630756828	0.8241949967928159	0.834628357276702	0.8203066660028875	0.8268865895924511	0.7654398166236879	0.8432723628163368	0.847860855657737	0.8278320903043741	0.8419516368485946	0.8332289343789933	0.8355707243079257	0.8313947757516018	0.8098229583095374	0.4983409238776838	0.48181040721005197	0.45538771399798594	0.17370674690429344	0.48715076436478655	0.25771949745430567	0.2536282988753201	0.4781099133655181	0.44719892653471993	0.5116610059841501	0.3243739624907287	0.9506292800296132	0.9805839986115932	0.996448898185533	0.9966002201296319	0.9966043727861243	0.9973656609020172	0.9960219410950781	0.9978983895799223	0.9969434283709977	0.9968777984848851	0.9966002201296319	0.9966002201296319	0.9966002201296319	0.9960219410950781	0.9969769522842149	0.9966002201296319	0.9960219410950781	0.9960219410950781	0.9970678099743742	0.9967345745199337	0.9970150690867075	0.9968121385854791	0.9964949786218554	0.9969902725609169	0.9962672001561432	0.9969455412351933	0.9973227590735736	0.996791034053355	0.9967366421508937	0.996796557494621	0.9967932610620528	0.9963960453903472	0.997393885282691	0.9969902725609169	0.9970454265665395	0.9962587760853193	0.996796557494621	0.996796557494621	0.9970150690867075	0.9970480605025616	0.9967942583732058	0.996565849829519	0.9960219410950781	0.9960219410950781	0.9967345745199337	0.9960219410950781	0.9969769522842149	0.9968159203980099	0.9970150690867075	0.9968159203980099	0.996796557494621	0.9969769522842149	0.9971973094170403	0.997340292066041	0.9967399148893811
Pseudomonas_syringae_NZ45_6142_NZ_MTZF01000001	0.9786451509091327	0.9805697459120619	0.9796720575022462	0.9810674319784645	0.9795458561583319	0.9778751510965291	0.9793152639087018	0.9779973679957519	0.9776593043919777	0.978250450738298	0.9753992131451052	0.9792486038982203	0.9791089965397923	0.9806328241389278	0.9791614014933946	0.9377537836840162	0.8343179933665008	0.9764611915053562	0.9779430445527404	0.9817364803238938	0.9743007273811982	0.9788375094574747	0.9736824437730782	0.9801380351079647	0.979027559937262	0.9786660287497554	0.9803044061054179	0.9806166451056489	0.9786458219611782	0.9772985740530138	0.9795456992141243	0.9803128001097544	0.979870143970815	0.9776597479441843	0.9806328241389278	0.9803044061054179	0.9794773128106461	0.977023510309393	0.9782681228729675	0.9805323884015384	0.9789936823104693	0.9766512557210232	0.9802001552928996	0.0	0.9807733188463992	0.9788162965272983	0.9801380351079647	0.978471692183361	0.9684024040186581	0.9775194161130345	0.9754331640900709	0.977672092348226	0.9781596849266022	0.978514398492868	0.9794615278225992	0.9807393600497049	0.9612983770287141	0.9802976361585919	0.980009015100293	0.9759767441860465	0.9784618228877796	0.9808186533339563	0.9805158656522546	0.9789403942168903	0.9831860729594961	0.9803272617862846	0.9789882010667529	0.9792580494633691	0.9815562767025424	0.9798213149147827	0.9895823698085283	0.9799141668300547	0.9784263959390863	0.9798282493961893	0.9737177338250084	0.9780885365636413	0.9752732722143864	0.9789101416772691	0.0037774288018335156	0.002632472826086918	0.5466013278533038	0.9793738735731927	0.9810884070058382	0.9772219435450773	0.9439652213705526	0.9797803349564382	0.9741567415219565	0.9793384725708139	0.9784387310319107	0.8404065443728309	0.9598752598752599	0.959912452482433	0.9817337795530605	0.9794743484710936	0.9796071673184419	0.9779485314176594	0.9809574303576557	0.9757372242060207	0.9798225624460718	0.9782715607815085	0.9794716812178196	0.9787402614551697	0.9811365600691443	0.9797191197611412	0.9804769420361923	0.9787409104049456	0.9777104136947218	0.9804599726836146	0.9789464293679468	0.9778253386876131	0.9785540718282543	0.9789655918632331	0.9751583507970519	0.9781254172415328	0.9773719376391983	0.9794435030767858	0.9796373719212357	0.9778464017185822	0.9796252775921175	0.9814166031987814	0.9790389118073364	0.9809913697720735	0.9792605146960439	0.98040825143104	0.9740546194601724	0.8397528167965453	0.9960104755611033	0.9961602835482918	0.9956959098846504	0.9962665487682067	0.9961229713944877	0.9960350687090578	0.9955324465534213	0.996517546209483	0.9961602835482918	0.9961602835482918	0.9961602835482918	0.9961229713944877	0.9953463440781619	0.9961602835482918	0.9961229713944877	0.9961229713944877	0.9966773289692281	0.9959770396899377	0.9962443362167139	0.9952194806164878	0.9950666132425122	0.9950013345951324	0.9962205806562446	0.9956978489244622	0.9966435273476237	0.9964098980796569	0.996127261140252	0.9964161154539988	0.996412404892613	0.995735294117647	0.9963555965888384	0.9950013345951324	0.9971023824855119	0.9949597514129823	0.9964161154539988	0.9964161154539988	0.9962443362167139	0.9959712088829931	0.9964135275003009	0.9966197878114976	0.9961229713944877	0.9961229713944877	0.9959770396899377	0.9961229713944877	0.9953463440781619	0.9961939102564102	0.9962443362167139	0.9961939102564102	0.9964161154539988	0.9953463440781619	0.9958022388059702	0.9966656562594726	0.9963936889556724
Pseudomonas_syringae_P108_12228_NZ_VLIA01000012	0.5398523320727535	0.6051314560256239	0.6018783451711718	0.7969629119301872	0.8074472883075883	0.8155233968331834	0.8112912517488273	0.5046850116662346	0.5068548834115516	0.6975403045944051	0.6970606265931016	0.6118628777627424	0.8034530386740332	0.689460202424091	0.5314956351649944	0.9792958155753584	0.9788793638961362	0.45631030189853716	0.490839066706551	0.797053163684407	0.9704583869421529	0.6734261979216021	0.8876520632901328	0.7973525459587729	0.5973208575948302	0.6210462287104623	0.5958206243104679	0.6388932459139819	0.5817652700155429	0.5949001999278949	0.8111062527328378	0.5168342807170967	0.6091994835377663	0.5653561948489849	0.690728084136941	0.5958206243104679	0.5358968819759486	0.7181915055564012	0.6224894335047999	0.6147003295894531	0.5721190361113029	0.5829775221426303	0.8118890501355385	0.9807733188463992	0.0	0.672961346239008	0.7960445347605827	0.5121916338934573	0.9635226937087723	0.679073779193206	0.7198243647234679	0.7935612059780575	0.80740571559083	0.5248078761908135	0.548297803501456	0.7268184846465993	0.9806244876667412	0.8048290307971014	0.5656229411560734	0.5162816484938089	0.5327388535031847	0.20103232817169248	0.43835029041437645	0.43273453093812375	0.7078825716055854	0.5354772843287392	0.5307490527542991	0.05114414238216314	0.2024972855591748	0.01481854838709673	0.9094352437176741	0.8093402479270085	0.8307098227454346	0.7993612246072395	0.8878304358180519	0.8153381846900208	0.8840784683481313	0.8035129256944635	0.9807692307692307	0.9807733188463992	0.9779958226064992	0.7986091236906874	0.7443535553756386	0.7061053030542308	0.9799922768740648	0.8062430323299888	0.9521050893106691	0.6910410709235459	0.6003925279500929	0.980167883385252	0.9784444223701202	0.9785074035556877	0.8313933075863559	0.8087118538802474	0.8156538784654158	0.5015871857554639	0.8187487764633499	0.4076422829906693	0.8111061049785988	0.8108915114460401	0.6277439526081948	0.7911109847300025	0.5999352750809062	0.8063467842206398	0.6313308658378413	0.8122969116442034	0.8141545416019211	0.8070915998311524	0.814461582000849	0.8140405790620983	0.8130785562632696	0.8177349318622498	0.493041825095057	0.8114360047508625	0.799388623832243	0.7936923963133641	0.8121718573902525	0.8018751612810735	0.8048592576287042	0.8063080602992713	0.7920535147915345	0.8051808185013037	0.7973524006432345	0.8070895419616052	0.9527257023827669	0.9801551420549184	0.9954003084499039	0.9964638359219867	0.9952677527264815	0.9964443720652498	0.9961222188608674	0.9966533344216799	0.9956362415731909	0.9965849198666237	0.9964638359219867	0.9964638359219867	0.9964638359219867	0.9961222188608674	0.9953727368109547	0.9964638359219867	0.9961222188608674	0.9961222188608674	0.9964326875583118	0.9965593844820113	0.9962561839818157	0.9952329778733019	0.9952309654522264	0.9956105133558161	0.9951945266473	0.9955123410620793	0.9959349593495935	0.9966253919328267	0.9965618062699659	0.9966318357821037	0.9966279903353423	0.9952040318647375	0.99667506837561	0.9956105133558161	0.9958025842912402	0.994510991536652	0.9966318357821037	0.9966318357821037	0.9962561839818157	0.9961180334989277	0.996629153837987	0.9962060212353632	0.9961222188608674	0.9961222188608674	0.9965593844820113	0.9961222188608674	0.9953727368109547	0.9955879904545202	0.9962561839818157	0.9955879904545202	0.9966318357821037	0.9953727368109547	0.9960673700197987	0.9959646910466583	0.9955862758161226
Pseudomonas_syringae_P121_12232_NZ_VLIE01000021	0.6791519002810705	0.7264609925018602	0.7304589947469644	0.6883693574474342	0.8141042534127444	0.799391306609786	0.7184306518530894	0.6936026936026936	0.6922656795218012	0.7615609811556718	0.766112861644228	0.6312862524666627	0.6982061003904703	0.23359050445103857	0.6898787878787879	0.9781008591026138	0.9787055393586006	0.647946647946648	0.6994713789457786	0.685383980181668	0.9708060280583879	0.003618332886625608	0.8698347630253802	0.7107757006653801	0.7038270522933099	0.6388888888888888	0.6156186001686543	0.6059716844143272	0.5901948654500464	0.5833411062400895	0.7193468799379037	0.7191346182226026	0.6297925832809554	0.7022557305283639	0.23575436655338655	0.6156186001686543	0.6871063468992248	0.7713533380876625	0.7323321054122981	0.6283370618941089	0.7193895348837209	0.6962210186819205	0.7059054786442391	0.9788162965272983	0.672961346239008	0.0	0.7097350745193001	0.6869665718349929	0.9642601197494047	0.752318619394224	0.7631445191167335	0.701996972519795	0.8203427601209742	0.7028955835039485	0.678680981595092	0.7523774995119502	0.9817445163693941	0.7029368448410291	0.7306174191131983	0.6955263879160702	0.6957998483699772	0.6763283516894949	0.6945742114744589	0.6703115590631041	0.7868363279834601	0.7007699769613193	0.6798919880941422	0.6703228024124246	0.6766999376169682	0.6680488731324385	0.9104504026192373	0.7177303768653571	0.8103656499730195	0.8262650284053376	0.8699464321811199	0.825572840025226	0.8708873379860419	0.7265327520556261	0.978812048837002	0.9788162965272983	0.9777620493618576	0.7078560684947357	0.7977553593947037	0.7423592107158289	0.9775523664399918	0.7161952567609486	0.9547498394118906	0.8220044093818897	0.7169516012521069	0.9797197475041411	0.9776300443200373	0.9776914487764027	0.7302337145698657	0.8091044142614601	0.8134100021101498	0.7022923400848136	0.8171694834939188	0.6607625528667281	0.8277959023880986	0.8239397542608007	0.7035922897196262	0.8135219548043359	0.6172709493004362	0.811772794584303	0.49441441441441436	0.8253230381342578	0.8257223230012882	0.8139797958539409	0.8174946290746095	0.8210199069961858	0.8161364782043459	0.8067261781191613	0.6759056497528624	0.7298210735586481	0.7187920809099504	0.7160180891206037	0.7188468086293991	0.7250265141743343	0.7140945584299732	0.702685021901132	0.7040169747703755	0.7172601172601172	0.7260203498342288	0.7077891070475548	0.9534883720930233	0.9797074831455641	0.9965983823418247	0.9964254024591203	0.9963282773290116	0.9970417193426043	0.9969033116650459	0.9971868822545491	0.9959158190473713	0.9967148983123103	0.9964254024591203	0.9964254024591203	0.9964254024591203	0.9969033116650459	0.9954837414692894	0.9964254024591203	0.9969033116650459	0.9969033116650459	0.9964986710284195	0.9965653096272351	0.9964826502357372	0.9955622819618305	0.9952512452576974	0.9959808277996904	0.9964106064052981	0.9956167491749175	0.9970378525741848	0.9966268168063892	0.9965675634748372	0.9966328299083932	0.9966292413314497	0.996087933166755	0.9968739058670535	0.9959808277996904	0.996040059271371	0.9957694341618192	0.9966328299083932	0.9966328299083932	0.9964826502357372	0.9962809290087538	0.9966303270564916	0.9966443806085873	0.9969033116650459	0.9969033116650459	0.9965653096272351	0.9969033116650459	0.9954837414692894	0.9965424708432242	0.9964826502357372	0.9965424708432242	0.9966328299083932	0.9954837414692894	0.996664729514617	0.9970579812023224	0.9964116994088339
Pseudomonas_syringae_P78_12243_NZ_WJPU01000012	0.8068813652628681	0.8234301236912203	0.8175636033921809	0.2777135813881827	0.8213716525146962	0.8247859991363764	0.40472321150720925	0.8066878540831837	0.8043773000193686	0.7952232549160209	0.7842866794279924	0.8090418353576249	0.39319931714454937	0.6766210342686496	0.8047758230849832	0.9824815535738536	0.9792122029484258	0.7953952591584439	0.7849462365591398	0.27811813663160323	0.9725317439751231	0.7077672983184794	0.8191624030803313	0.008256392045454586	0.792551169987513	0.8102795498158809	0.8196070394753695	0.8155337316341444	0.7969720905739863	0.7945104249142254	0.43307166542599984	0.810416951469583	0.8107799948173102	0.8006501148909937	0.6774422315465989	0.8196070394753695	0.8047787951277187	0.7994332156988557	0.8244606956567324	0.8106148566710529	0.8178849602526699	0.807637867391968	0.43094898444399155	0.9801380351079647	0.7960445347605827	0.7097350745193001	0.0	0.8136901423497049	0.9688698087651232	0.7941892044811587	0.7939358984922139	0.42468987877079223	0.8336167874617337	0.8075633632828215	0.8050083010514665	0.7920381393594957	0.9837509561669873	0.29394157541772437	0.8103369333943817	0.807325946291205	0.7982050281509561	0.8011667887943182	0.8138247827771321	0.8014303624344654	0.8569309708971378	0.8017010596765198	0.806832641770401	0.7960208833074643	0.8015383315019863	0.7980114526651663	0.9143047640613403	0.5180469155002592	0.8405865893874288	0.8324987546863121	0.8194481015324662	0.8279578330586728	0.8074892991255482	0.3877543908558684	0.9801340673000088	0.9801380351079647	0.9768867817008958	0.4543383723338166	0.8021809977437955	0.7990177248532075	0.979415294730406	0.5205368431289914	0.9505372757380096	0.8710005078720162	0.796056338028169	0.9798387997052848	0.9797297297297297	0.979785115546705	0.5235684301599	0.8198458068914879	0.8225680121142499	0.8009183338799606	0.8304468620985122	0.7979104987474379	0.8382444008669625	0.8350781923086965	0.8141920699211256	0.8243138068800913	0.8162756635917465	0.8223575854226033	0.7557056043214044	0.8326521048657937	0.8381723359539193	0.823598313290645	0.8377366340753069	0.8292878583997516	0.8334376466906588	0.834546925566343	0.7986751967389458	0.4294871794871795	0.4472845663618731	0.424814945364822	0.4406831351021653	0.4269789755891068	0.4175764005338626	0.46267903974177926	0.4108152309169125	0.2991753669238917	0.43766170197888254	0.3551735207047829	0.9520931007401414	0.9798266386667263	0.9961034716810377	0.9965877208502895	0.9960598100626389	0.9970753599072183	0.9953482428115016	0.9972201865002148	0.9962401140930895	0.9963727329580988	0.9965877208502895	0.9965877208502895	0.9965877208502895	0.9953482428115016	0.9966260965186314	0.9965877208502895	0.9953482428115016	0.9953482428115016	0.9967387704145328	0.9966002669420031	0.9972407964403789	0.9958831952541679	0.9954200437411553	0.9958920480007967	0.9960158357919157	0.9959907478797224	0.9968367667050089	0.9965120593692022	0.9966024915062288	0.9965182606118972	0.996514559746873	0.995922066153149	0.9972327483047467	0.9958920480007967	0.9962559217564056	0.9952262505967187	0.9965182606118972	0.9965182606118972	0.9972407964403789	0.9965952080706179	0.9965156794425087	0.9963995030299957	0.9953482428115016	0.9953482428115016	0.9966002669420031	0.9953482428115016	0.9966260965186314	0.9963716836931628	0.9972407964403789	0.9963716836931628	0.9965182606118972	0.9966260965186314	0.9963453977215445	0.996858203723418	0.9958792623879674
Pseudomonas_syringae_PA-1-11B_17691_NZ_WJYR01000030	0.5725932581278493	0.5643834725789149	0.5710750797681838	0.8155472303987156	0.8049929093195622	0.8175295514375678	0.8219185146982981	0.34646492008823193	0.43501811660505796	0.6910990009082651	0.6677888961625986	0.5748651361184294	0.814685042435568	0.7054200146092038	0.5738745927255802	0.977507696549189	0.9769484341888391	0.5568068669527897	0.42467269039277156	0.8140532425404144	0.9713060057197331	0.6873834679925419	0.8853234081078363	0.8147980148353701	0.6559724045300528	0.5904055605548143	0.6504185276109912	0.658198885303608	0.6165137614678899	0.6204740261721013	0.8220698158280034	0.5390696569741797	0.628941254563558	0.500761142776224	0.7065915460065391	0.6504185276109912	0.5455590492612503	0.6680548897411314	0.5916891356066614	0.582510403080554	0.4271013241220495	0.5360217645843377	0.8232797427652734	0.978471692183361	0.5121916338934573	0.6869665718349929	0.8136901423497049	0.0	0.9625032083440278	0.7320505111244738	0.7020545899779012	0.8007805089568822	0.804761775779409	0.3736511456023651	0.5389901199958975	0.6920130807530271	0.9795395216481269	0.8171469511224327	0.49965682910089226	0.5223922114047288	0.5534158331920664	0.5027038565532944	0.5187707351143706	0.5425189128607453	0.6109788132472442	0.5590348380100312	0.531296238945666	0.5013136405595399	0.5036620920145061	0.5065120938886504	0.9121780007855957	0.819672131147541	0.8303769119181533	0.7969487732321716	0.8851322498806863	0.7984559122308005	0.8788898862956314	0.8176422008877877	0.9784673417607832	0.978471692183361	0.975891951691712	0.8032986017383793	0.748214758000529	0.7030716723549488	0.9759462002800157	0.819777464347281	0.9534280775878625	0.6608343730030733	0.5520441005272889	0.9752887882219705	0.9772834164236667	0.9776339850893234	0.8384041551034958	0.8090617481956697	0.8143771410361951	0.5236476148379858	0.8231816742320279	0.5234510302901778	0.8065863453815261	0.8043366449202782	0.5477862394092243	0.8022371125764169	0.6592993181283799	0.8096254971571951	0.6354281953875146	0.8055219181399855	0.7995396073121191	0.8195129673112946	0.8092098180643772	0.8182369858315084	0.8022504124854616	0.8189862609640611	0.5689502385821404	0.8167106561092005	0.8076571735626008	0.8040821843741552	0.8230705651410269	0.8106003449019186	0.8154443150950718	0.8173458725182863	0.799924059559003	0.8167681224912943	0.8041685815468628	0.8192020272541567	0.9526567494172214	0.9752736667950955	0.9961098398169337	0.9965227173940835	0.9957835019932536	0.9965811093534724	0.9964876033057851	0.996983023113111	0.995642243981834	0.9964582964405879	0.9965227173940835	0.9965227173940835	0.9965227173940835	0.9964876033057851	0.9956229126606618	0.9965227173940835	0.9964876033057851	0.9964876033057851	0.9963128174715726	0.9966634404767969	0.9962253705427917	0.9956013247774788	0.995470873028268	0.9958959639449102	0.9959187837975717	0.9959437322863309	0.9964273427369201	0.9964476021314387	0.9966656485440847	0.9964539892620802	0.9964501774911254	0.9955427639957211	0.9966194056208688	0.9958959639449102	0.9962641383041765	0.9952736697667327	0.9964539892620802	0.9964539892620802	0.9962253705427917	0.9960950460682474	0.9964513307509684	0.9961003643080713	0.9964876033057851	0.9964876033057851	0.9966634404767969	0.9964876033057851	0.9956229126606618	0.9959892699950517	0.9962253705427917	0.9959892699950517	0.9964539892620802	0.9956229126606618	0.9967893181123229	0.996451850294365	0.9961708778327689
Pseudomonas_syringae_PA-2-9E_17695_NZ_CP066265	0.9621116081039061	0.960957677005049	0.9612675232277844	0.9677352398523985	0.9698649511816771	0.968023709249727	0.9690827510770811	0.9614368092263335	0.9598672662129992	0.9644548640712324	0.9644781910943975	0.9659170212286982	0.9695542510211825	0.966219802025889	0.9594234873737979	0.9651849978154391	0.9666564770616315	0.9627326162776517	0.9570118271783732	0.9679302309484807	0.879392212725546	0.9642972610964852	0.9643938168626817	0.9689644882124739	0.9659296762506386	0.9655584087939811	0.9672652366665174	0.9689604424028899	0.9636779733985906	0.9653775655676495	0.9687194090949541	0.9575145407980086	0.9670346967686807	0.9621887414010271	0.966219802025889	0.9672652366665174	0.9645933469756818	0.963880693343168	0.9583507355329713	0.9664225074479762	0.9646612491510738	0.9619357953174028	0.9688935468046203	0.9684024040186581	0.9635226937087723	0.9642601197494047	0.9688698087651232	0.9625032083440278	0.0	0.9638156297051824	0.9634267119411432	0.9638531897649647	0.9634370136356245	0.9619098712446352	0.9646269907795474	0.965789716181349	0.9720088072706831	0.9691709548313322	0.9638413048063178	0.9621976536474678	0.9637481093798766	0.9640676316749787	0.9638277835462294	0.9639307154807598	0.9712323581895852	0.965638300430423	0.9638854894056104	0.9633728974004223	0.9640676316749787	0.9636609005030058	0.9825491651643159	0.9677128427128427	0.9694065446478092	0.966042724932155	0.9645864574922136	0.966376290560472	0.9650281186676077	0.9684360590737977	0.968396025390844	0.9684024040186581	0.9627628875499227	0.9630117973629424	0.9675762024004836	0.9641362679968793	0.9612001473703602	0.9680115664392536	0.9751528252330149	0.9004595315742663	0.9616803378148813	0.9696785384424771	0.9603138960455717	0.9602036967182196	0.9689707591880533	0.9682568765316172	0.9685372206735823	0.9608886996024986	0.9699586503095515	0.960635342135674	0.9656201230147802	0.9664946664507023	0.9626231340676743	0.9684366117111995	0.9644268774703557	0.9684289995653268	0.9645222858425957	0.967020321741732	0.9644919835512636	0.9675711449371277	0.9641608593985136	0.965789714076916	0.9652447196931183	0.9693077490115487	0.962082529134397	0.9640367480725728	0.9611066095612918	0.9634101126199194	0.9691150798979454	0.9632322200027872	0.9671523888157454	0.9693052584168449	0.9649301378736005	0.9696206588676999	0.9665218797652604	0.9695975356592781	0.9739751856421239	0.9698690645212179	0.9965362315202931	0.9972245351096308	0.9962668684575609	0.9967249458356426	0.9974012738853503	0.9973751955984049	0.996764172922599	0.9970534621819362	0.9972245351096308	0.9972245351096308	0.9972245351096308	0.9974012738853503	0.9966048381056993	0.9972245351096308	0.9974012738853503	0.9974012738853503	0.9976098454027664	0.9972347218381558	0.9969450101832994	0.9962724673202614	0.9966115617619878	0.9967200079514958	0.9967784153830666	0.9969995383905216	0.9968928692655161	0.9972840176785759	0.9972365280743625	0.9972888374041851	0.997285961016531	0.9966330812331968	0.9973107569721116	0.9967200079514958	0.9972296352776718	0.9968177604049212	0.9972888374041851	0.9972888374041851	0.9969450101832994	0.9967507115689781	0.9972868312655699	0.9969878755663554	0.9974012738853503	0.9974012738853503	0.9972347218381558	0.9974012738853503	0.9966048381056993	0.9966079917769498	0.9969450101832994	0.9966079917769498	0.9972888374041851	0.9966048381056993	0.9968798751950078	0.9969139004149378	0.9967099344557255
Pseudomonas_syringae_PA-5-3F_17693_NZ_WKCY01000048	0.7350650949493707	0.7476350951874187	0.7323214070593904	0.7866224749278551	0.7894320652941342	0.7961494284307827	0.8037612428454619	0.7333910944704025	0.7275889917375908	0.5690161273612597	0.6945153061224489	0.7469350254098597	0.7971431704776004	0.752318619394224	0.72648116013882	0.9753610671272972	0.9771125463520051	0.6601065601065601	0.7179559482407494	0.7847959914101647	0.9685076673731455	0.7526453087903391	0.8869638043392918	0.7950414157690895	0.7210260137488265	0.7373097181223591	0.7595653158252207	0.7401525141907	0.7379735068556821	0.7451892516613696	0.8027606445126756	0.7226968796433878	0.7470574725842567	0.7267104147696946	0.7527212980078045	0.7595653158252207	0.6752153233063376	0.5833693089363399	0.7418487891317189	0.7522763487366264	0.743352219923854	0.7229471174957656	0.8001583444811489	0.9775194161130345	0.679073779193206	0.752318619394224	0.7941892044811587	0.7320505111244738	0.9638156297051824	0.0	0.468125	0.7910009967250463	0.7966968930327752	0.7367428776633949	0.7122546552591846	0.5510356790585353	0.9803397641752262	0.7938141423254765	0.7467415999043405	0.7230170682730923	0.7183354761830099	0.6867666232073012	0.7328341912338169	0.6840939885653855	0.8130903891151746	0.7209798994974874	0.7170202083594829	0.6763174270461467	0.6871517481833882	0.6761674344612734	0.9053640495383454	0.8015431248277762	0.813901646388956	0.7981069865272015	0.8871410279860984	0.8023020205999887	0.8880158689267865	0.8011547784405044	0.9775146821404338	0.9775194161130345	0.9751712534551136	0.7878088398734718	0.6007620920656382	0.5821211500375606	0.9759171569330846	0.806064608442023	0.9479777514912038	0.8075086866860646	0.7134868943606036	0.9798290518010614	0.9741911674252676	0.9742658783700905	0.8160994057266342	0.7982179998875709	0.8061793057335488	0.712575776320673	0.8061150477040674	0.6652422128000535	0.8016024204392649	0.7982359113985082	0.7502883676909882	0.7974704749141469	0.7382302974459385	0.793986699729486	0.7345730703704774	0.8072140696762631	0.8019774090870679	0.7982203318689314	0.8066066910317684	0.7983453981385729	0.8022665764546685	0.7970096021947874	0.6522584755709064	0.7942583732057417	0.786636272973358	0.7924029022620572	0.8010518530692744	0.7943110959255146	0.8007905138339921	0.7978432185815014	0.7844810307802433	0.789400595153748	0.79201297961972	0.7975825019186493	0.9472424479101056	0.9798162550811814	0.9961376591550797	0.9968929958483996	0.9964139481360559	0.9969265307213299	0.9967786470317533	0.9971871735112111	0.9955649826455842	0.9966619863830238	0.9968929958483996	0.9968929958483996	0.9968929958483996	0.9967786470317533	0.9958936046203571	0.9968929958483996	0.9967786470317533	0.9967786470317533	0.9964322395805179	0.9969050985832822	0.9966020440417237	0.9951142717550622	0.9956601250102356	0.9957280734138495	0.9960180656885539	0.9955258491338153	0.9972242269472048	0.9969635892469177	0.9969072439811235	0.9969693011103854	0.9969658924461184	0.9964273335644013	0.9965915396200491	0.9957280734138495	0.9957573300905284	0.9952616727892243	0.9969693011103854	0.9969693011103854	0.9966020440417237	0.9964443256249165	0.9969669237808864	0.9965596946729022	0.9967786470317533	0.9967786470317533	0.9969050985832822	0.9967786470317533	0.9958936046203571	0.9966148890284185	0.9966020440417237	0.9966148890284185	0.9969693011103854	0.9958936046203571	0.9963673273144933	0.9972441921349243	0.9961475409836066
Pseudomonas_syringae_PA-5-3G_17692_NZ_WKCZ01000015	0.7046996272077247	0.7310408975961399	0.7228649651152521	0.7921163772876584	0.8043001435186439	0.8069145294644268	0.8025813632990565	0.6977949113338473	0.6889950668610965	0.5620246348522582	0.6674555092767891	0.7428939122649956	0.7954339360964421	0.7535712253144385	0.7100995040014606	0.9747891327648073	0.9774264215639584	0.7040319560604169	0.6640291185314132	0.7894256055363322	0.9717006146800048	0.7634451056149356	0.8728521452824365	0.7947634207926226	0.7247582771755054	0.737259311314125	0.757250268528464	0.7393897171520134	0.7325759292837715	0.7409200968523002	0.8033193487954827	0.6903545488120153	0.7405123605583273	0.6955139196308882	0.7539612550849145	0.757250268528464	0.7132869249394673	0.5770712597532943	0.726882468963917	0.7453165823558842	0.7029777270817075	0.6783084764961299	0.8007316491265276	0.9754331640900709	0.7198243647234679	0.7631445191167335	0.7939358984922139	0.7020545899779012	0.9634267119411432	0.468125	0.0	0.7774579397462411	0.7901597514976703	0.6891647583463902	0.6804461942257218	0.5119842695867376	0.9807975664242597	0.7976209963441916	0.7019404061035684	0.6844512672702778	0.6857231920199501	0.7148508731262556	0.7090713075619899	0.7234022731507359	0.7901527574005351	0.6895702077225376	0.6893819334389857	0.7136203812226266	0.7160810226641141	0.7170592078653433	0.9097772213990087	0.8022413009173821	0.8172213692784095	0.7866232283574193	0.8725558210642617	0.7858230652083622	0.8722761979655513	0.800333615759373	0.9754281289852432	0.9754331640900709	0.9738852164163416	0.778824185009752	0.5497258958714033	0.5396841638527917	0.9755213897533559	0.8049054484178992	0.9507402357066329	0.8286168179003204	0.6923293587456577	0.9803063457330415	0.9754498867834585	0.9755187412354717	0.8194306347794234	0.8010234634438456	0.8054555787080886	0.6862180860833895	0.8198779377911023	0.705426599749059	0.7887141993293387	0.7814924373500027	0.7184731746078461	0.7988844966697353	0.745557687494786	0.8059256851912036	0.7356296067935315	0.7942243226905534	0.7895143914700845	0.8118016759776536	0.7932128569457857	0.8044006479481641	0.7865339838119525	0.8072400581318536	0.7045781025544937	0.7790361177583616	0.7754270403036732	0.7808876003568243	0.8028427205100956	0.781185408636389	0.7994061190943316	0.7993616907150136	0.7705042441958514	0.7907507144427347	0.7812151616499443	0.7976890924096802	0.9513352971249117	0.9802942182689018	0.9953605855971958	0.9969968415057215	0.9957803722591835	0.9967439336382665	0.9959682697594052	0.996371647013088	0.9953698775944652	0.9965667435306175	0.9969968415057215	0.9969968415057215	0.9969968415057215	0.9959682697594052	0.995669220715988	0.9969968415057215	0.9959682697594052	0.9959682697594052	0.9961068143812709	0.9967493937361334	0.9962791171823232	0.9949634059966947	0.9954105451955794	0.9955869598489873	0.9951644600744725	0.9947508638653689	0.9966211686465903	0.9965292731740684	0.9967515726513355	0.9965355923631306	0.9965318211736115	0.9957178971263478	0.9962679890595844	0.9955869598489873	0.9950606314028853	0.9945134202256453	0.9965355923631306	0.9965355923631306	0.9962791171823232	0.9960440583307477	0.996532962166266	0.9963361396944185	0.9959682697594052	0.9959682697594052	0.9967493937361334	0.9959682697594052	0.995669220715988	0.9959623149394348	0.9962791171823232	0.9959623149394348	0.9965355923631306	0.995669220715988	0.9956585781843553	0.9966446527481891	0.9953773410465699
Pseudomonas_syringae_PsA1M246_17694_NZ_JAKMVN010000019	0.7926232487905819	0.8024950825856169	0.8123470732166385	0.4126786159712076	0.8341634241245136	0.8321045831116516	0.47571044865205425	0.799413817166783	0.7966338626705435	0.7719768590376747	0.7789037440744842	0.8149655279664092	0.47869558020195335	0.6699776286353467	0.7844655274344754	0.9810715504493231	0.9778416660823224	0.7999489521000539	0.776547917140906	0.41088702480813855	0.9730534675932492	0.7023868360612844	0.8010106711824315	0.4264089837012004	0.8059552681218001	0.8169017730037531	0.8236952010043813	0.812253219437921	0.7979403221547399	0.7973837209302326	0.46787315291383036	0.7817629862828873	0.8154356330474883	0.792254518669613	0.6704138835877862	0.8236952010043813	0.8092291615103264	0.7772767027440691	0.7975293357734955	0.8184203756110111	0.8038714588657495	0.7885916489738146	0.4551587567966705	0.977672092348226	0.7935612059780575	0.701996972519795	0.42468987877079223	0.8007805089568822	0.9638531897649647	0.7910009967250463	0.7774579397462411	0.0	0.8227606500013255	0.795523768084412	0.7898615955890627	0.7685968635449109	0.981649022991186	0.44028371753416085	0.8017863464313918	0.7922642574816487	0.7844851983924832	0.8018777218483117	0.8029326006504429	0.8084186575654153	0.8576393771973883	0.7880280892513308	0.7907683647621728	0.7899652599806367	0.8021148463343606	0.7900374316153181	0.9187974643821001	0.5218942588387934	0.8431323492619465	0.8150591629049921	0.8013310790864934	0.8083771590272031	0.7774475099305537	0.4609015025041736	0.9776676046272723	0.977672092348226	0.9752263091554945	0.2675132028580305	0.7872335005985889	0.7764620047143338	0.9794522104784634	0.5054237065281704	0.9463801176611838	0.8747205284552846	0.7871509971509971	0.9790760260148015	0.9803391725680208	0.9803930678808717	0.5162895927601809	0.828914718558182	0.8305525911658294	0.7894576477757465	0.840375222885495	0.800912330719886	0.8321183086856905	0.8237986875529213	0.806836226618221	0.8293056059741741	0.8204970061419063	0.8294381553550003	0.7638092160189599	0.8179412543000794	0.8131169349474524	0.8331605680522443	0.8293458828478284	0.8360105366458344	0.8150078442843087	0.8378795546558704	0.7990055405597386	0.3476620301864457	0.4154899595543887	0.3395248219014584	0.45379738297585326	0.2654041390081999	0.4558586941949323	0.5067199895102603	0.35177850982714587	0.44686383967268817	0.38665603595114706	0.47082903451259694	0.9482051650960363	0.9790633485178287	0.9956050617564598	0.9968277332250532	0.9960429191081348	0.9964530022802128	0.9951990963004801	0.9970046199928924	0.9958574331717993	0.9964833839893497	0.9968277332250532	0.9968277332250532	0.9968277332250532	0.9951990963004801	0.9965614175995181	0.9968277332250532	0.9951990963004801	0.9951990963004801	0.9962109575012801	0.9968394437420987	0.9968284886624713	0.9959426839915773	0.9957374254049446	0.9960001999900004	0.9954136576713544	0.9962064516129032	0.9966646532027208	0.996622041181292	0.9968415201131999	0.9966280713063744	0.9966244725738397	0.9957777103559871	0.9968191950309314	0.9960001999900004	0.9964707687586313	0.9950791127261716	0.9966280713063744	0.9966280713063744	0.9968284886624713	0.9964281190626979	0.9966255613726025	0.9958726114649682	0.9951990963004801	0.9951990963004801	0.9968394437420987	0.9951990963004801	0.9965614175995181	0.9959925539066136	0.9968284886624713	0.9959925539066136	0.9966280713063744	0.9965614175995181	0.996532962166266	0.9966873597996766	0.9960170697012802
Pseudomonas_syringae_Pss9654_5872_NZ_MLES01000028	0.7742284477849903	0.789434869301576	0.7901502458318456	0.8311845498079251	0.5034558749874787	0.4534261782218185	0.8381905727318804	0.8061463088742902	0.8021824676955709	0.7834132391286063	0.7677745540202809	0.8288686271991781	0.8355523935359285	0.8143032371606848	0.7699911436162614	0.9769338250452391	0.9767703787132198	0.7956841924987155	0.8052722510171098	0.8283851898767582	0.9720000949149324	0.8205569834918784	0.8779103498726131	0.8338913885110391	0.7819615193781355	0.8251636513581774	0.78960029607698	0.7854950521246759	0.7890693766503961	0.7812776927414807	0.8437358661239258	0.8027536914425022	0.8137665513384147	0.8013084428402233	0.8146509210140485	0.78960029607698	0.8057476351164463	0.7771961079895848	0.806780750381618	0.8302816721571031	0.8090287203431239	0.7930985716306038	0.8392545578678534	0.9781596849266022	0.80740571559083	0.8203427601209742	0.8336167874617337	0.804761775779409	0.9634370136356245	0.7966968930327752	0.7901597514976703	0.8227606500013255	0.0	0.8026783051858277	0.796402817138528	0.7919310232633805	0.9778674865632407	0.8314090172927224	0.8128297394551013	0.79723099481164	0.7888574660633484	0.8078844145949149	0.8067825112107623	0.8033402085481838	0.8573097295228889	0.7911001586222525	0.7969390620612188	0.8025717111770524	0.8089263561520244	0.8039792189997716	0.771710103534452	0.8488893391758061	0.5614062451258696	0.40069409297953873	0.8780948542931265	0.42667797688474185	0.8949031325773348	0.8357139239224028	0.9781552854808747	0.9781596849266022	0.9758623857425015	0.8224956993515946	0.8158833063209077	0.7790570329392603	0.976595355640885	0.8458014101356683	0.9417867853342362	0.8762752830428698	0.798119938841384	0.9795918367346939	0.9756881702766761	0.9757553064519904	0.8461073165813948	0.482384087977734	0.5020226672461636	0.7708362713298548	0.49267405436356904	0.8080213751740997	0.3906098219104155	0.49029357673183027	0.7847993402968664	0.5135518800963983	0.7888930045507461	0.43953974895397485	0.8123800134903751	0.4536050265560454	0.45770350852863684	0.4828529918572828	0.38642392528798286	0.5191249629361183	0.45395720994955646	0.492644881034653	0.7993960802187785	0.810187782140663	0.8191844742563232	0.825657981748446	0.8387596505485575	0.8236543721288404	0.8390226646789802	0.8421978133999337	0.8064238677597098	0.8285474523378701	0.8069977426636569	0.8320334403833409	0.9424564796905223	0.9795794445069156	0.9956677054039674	0.996153356260349	0.995289144661455	0.9968498336000813	0.9958304378040306	0.9959469793525363	0.9955027976781886	0.9962954562637031	0.996153356260349	0.996153356260349	0.996153356260349	0.9958304378040306	0.9953366438960449	0.996153356260349	0.9958304378040306	0.9958304378040306	0.9961216417527097	0.9961676099591381	0.9962655705656783	0.9949200618875709	0.9943686095396274	0.9955596808991019	0.9952716272211912	0.9951538082773991	0.9959925123256611	0.9961615154536391	0.9961701372156136	0.9961683917197452	0.9961642880270991	0.9951273982336819	0.9966581235237951	0.9955596808991019	0.9954803420559307	0.9945292910873034	0.9961683917197452	0.9961683917197452	0.9962655705656783	0.9959576956322774	0.9961655296050993	0.9962444433089775	0.9958304378040306	0.9958304378040306	0.9961676099591381	0.9958304378040306	0.9953366438960449	0.9955368726970782	0.9962655705656783	0.9955368726970782	0.9961683917197452	0.9953366438960449	0.9955276598988642	0.9960199004975124	0.9960043588812205
Pseudomonas_syringae_Pss9656_6144_NZ_MLEM01000010	0.5742179717075114	0.553836087027646	0.5410010295924806	0.8045654461563368	0.8101993558861889	0.8175700067041412	0.8209220772523336	0.38998682476943347	0.42440640530093876	0.6959378013500482	0.6489055936325447	0.5508077621642291	0.8069946496150333	0.7164852975225746	0.5975502204801568	0.9770827592541563	0.9776440442887703	0.5275940507436571	0.39015023155992323	0.8052992283201122	0.9716767821016303	0.7032861107054185	0.8841520158957721	0.8087455120304379	0.631451462642072	0.564953919959601	0.6318864024445043	0.6576655818453689	0.613436629206602	0.6293414080242241	0.8161817806664603	0.5250171115674196	0.5861543722217042	0.484880977911216	0.7168566633875355	0.6318864024445043	0.5255281991576208	0.6765414473097171	0.5615045966593293	0.5495269540923233	0.3664364383050215	0.5192608831819605	0.8181818181818181	0.978514398492868	0.5248078761908135	0.7028955835039485	0.8075633632828215	0.3736511456023651	0.9619098712446352	0.7367428776633949	0.6891647583463902	0.795523768084412	0.8026783051858277	0.0	0.5300505137280506	0.6836695399745253	0.9799906059182715	0.8107892001385965	0.4213203463203463	0.5104006163328197	0.5081217032871066	0.5200421570349552	0.5178565194623843	0.5817643253549419	0.6378617653426997	0.5123212974937956	0.5205180593551961	0.5102774741741001	0.5209774251307797	0.5191919191919192	0.9104574168505974	0.8167223556437297	0.8292440824637313	0.798878423259106	0.8839622167512435	0.8024061935205417	0.8787063337818308	0.8122312593897322	0.9785100607909554	0.978514398492868	0.9764567798950566	0.7999891827573151	0.739630171611015	0.6924097584511927	0.9743460186950231	0.817718408532441	0.9530972602082434	0.6283240954101015	0.5481547537385101	0.9752885268160217	0.9770649747385736	0.9771283950038666	0.8316190768600962	0.8109217929232329	0.8161178371791136	0.5415436241610738	0.828899034424853	0.5390930687534936	0.8058083511777302	0.8024162964568209	0.5303489883670545	0.8008544726301736	0.6591976976389051	0.809738406975814	0.6569403182633762	0.8110733495678236	0.8024508083888904	0.8152743241098355	0.804567294714679	0.8201436955549122	0.7989974258230592	0.8196966956881184	0.5786946229286438	0.8056832540258623	0.8008530626569123	0.8013859938821364	0.8209456839275097	0.8021364277193364	0.8133398928044329	0.8137337033352532	0.7954143661435527	0.8119833608874194	0.7973380415591471	0.8140940816273579	0.9525273142033858	0.9752734189253447	0.9961138909349522	0.9964750957854406	0.9955827907570535	0.996380044357203	0.9964913185934315	0.9969861824125865	0.9955415683189089	0.9964112414071977	0.9964750957854406	0.9964750957854406	0.9964750957854406	0.9964913185934315	0.9956782166957313	0.9964750957854406	0.9964913185934315	0.9964913185934315	0.9963167113125901	0.9966158621918018	0.9959768669851647	0.99570981831339	0.9952144399074098	0.995849683066707	0.9959230475219774	0.9958958906956206	0.9965903684516573	0.9964010796760971	0.9966180995244998	0.9964075441572697	0.9964036862216228	0.9955474136834338	0.9963699614308402	0.995849683066707	0.9962164109955729	0.9952785886533824	0.9964075441572697	0.9964075441572697	0.9959768669851647	0.9959455324357405	0.9964048534478455	0.9962073648873742	0.9964913185934315	0.9964913185934315	0.9966158621918018	0.9964913185934315	0.9956782166957313	0.9960980177930389	0.9959768669851647	0.9960980177930389	0.9964075441572697	0.9956782166957313	0.9966905119523434	0.9966137288358052	0.9961227198209686
Pseudomonas_syringae_Psy33_20718_NZ_CP036493	0.530768416969355	0.6034808067664281	0.6340901085529476	0.8033981257473374	0.8127989940132856	0.8111567383072903	0.8145916108903762	0.555218995891651	0.5198702641052144	0.6755486881937437	0.6452097274359393	0.6425413007431062	0.8045250329557989	0.689494660622471	0.5514064184138243	0.9783742946856482	0.9780440571290244	0.5804397745459606	0.49573920295898755	0.8025894473061395	0.9694765298599164	0.6791239087149641	0.8769643741367178	0.8062634750400797	0.6685851169736188	0.6387297480441076	0.6406197372852813	0.6170576355445083	0.62642404569431	0.6276204142750187	0.8099733333333333	0.6050095053863855	0.6308340301650717	0.2891440935380518	0.6907294832826747	0.6406197372852813	0.6132811203663757	0.697631674099072	0.6059167393340439	0.639860354014822	0.5284051544963282	0.5282729606389047	0.813935518252065	0.9794615278225992	0.548297803501456	0.678680981595092	0.8050083010514665	0.5389901199958975	0.9646269907795474	0.7122546552591846	0.6804461942257218	0.7898615955890627	0.796402817138528	0.5300505137280506	0.0	0.6958820508172452	0.9792751131879041	0.8040779163447743	0.4986041909608113	0.3992551788346652	0.4301951127107406	0.5653685430347297	0.4171951266382259	0.556961120640366	0.6949232474238959	0.42885954564481144	0.08438857565394209	0.5408061529696624	0.5669285814508208	0.5442392007475023	0.9126328368949256	0.8102619497704564	0.832158337249987	0.7975585800477059	0.8771564622310114	0.8046623794212219	0.8787723391707905	0.8061803770351328	0.9794572660410855	0.9794615278225992	0.977709417889257	0.7932974970603057	0.7330841532457539	0.6883570181999501	0.9780703820605832	0.8135931764197797	0.9514120937600554	0.7441061624732098	0.48871792984135165	0.9794067855569212	0.9788807268509568	0.9789407739386053	0.8267878851947777	0.8102875346716831	0.8181248979147384	0.5304096419116622	0.8258232235701907	0.5392707882980257	0.80012180942362	0.803049732381802	0.6279800051268906	0.808079980332705	0.6437694799242193	0.8125907062077276	0.6345822566752799	0.8077135595093381	0.7999164578111947	0.8179620222216185	0.8002956516888405	0.8203017089618937	0.7995315244973649	0.8187089395430487	0.5746012870733073	0.7985299031072502	0.7883459702330806	0.7943988113593675	0.8132980004818116	0.7944200944032367	0.8089866616770469	0.806051076289107	0.7851676127538196	0.8050800662617339	0.7909977789648289	0.8078718609143594	0.9509524635239912	0.9793938831391841	0.9958258952010921	0.9964626065837755	0.9958054133910199	0.9967080140106924	0.9965595412721696	0.9970702351730145	0.9957145569448588	0.9966063643720469	0.9964626065837755	0.9964626065837755	0.9964626065837755	0.9965595412721696	0.995272176366106	0.9964626065837755	0.9965595412721696	0.9965595412721696	0.9963254872723399	0.996608119478334	0.9962349397590361	0.9957785615047557	0.9955909237552425	0.9961297696044054	0.9959450208015167	0.9959982811408927	0.9963343910712332	0.9965936362932569	0.9966104367018761	0.9965999536357314	0.9965961835997937	0.9955568408875802	0.9966415870453776	0.9961297696044054	0.9962752088543607	0.9952790600083928	0.9965999536357314	0.9965999536357314	0.9962349397590361	0.9961005427622912	0.9965973242595314	0.9961592456228644	0.9965595412721696	0.9965595412721696	0.996608119478334	0.9965595412721696	0.995272176366106	0.9954779144572151	0.9962349397590361	0.9954779144572151	0.9965999536357314	0.995272176366106	0.9970546468205964	0.9963603769997555	0.9962060058120762
Pseudomonas_syringae_R1079_7297_NZ_NQWX01000016	0.7246018428567222	0.6916847602840208	0.6921351630514977	0.7864997692036167	0.8112625556932325	0.8038023797206415	0.7995574645320838	0.7260383150810285	0.7207428689908475	0.5517927626123587	0.6781908378245958	0.7267730742539903	0.7929932970255551	0.7522035032913087	0.7158312831609213	0.9792830857298623	0.9789165037698967	0.7224863108490283	0.706288044619029	0.7836387897933063	0.9731225855083389	0.7526878725419197	0.8717257027606202	0.7923634111532972	0.7370245163489674	0.7103523919340777	0.7646648606603546	0.7509536047612606	0.7481428688906554	0.7531339614911922	0.799081545287082	0.6638707100500814	0.7196449505945403	0.7173013493253373	0.7525862309343891	0.7646648606603546	0.6827456568535306	0.5162314049586777	0.6564157899469472	0.7226226781258664	0.7066596349359819	0.7227460662125584	0.795795952430628	0.9807393600497049	0.7268184846465993	0.7523774995119502	0.7920381393594957	0.6920130807530271	0.965789716181349	0.5510356790585353	0.5119842695867376	0.7685968635449109	0.7919310232633805	0.6836695399745253	0.6958820508172452	0.0	0.9821374648672505	0.7916879211748598	0.6980536714833383	0.7228123419322205	0.7150864639236731	0.7256077455711759	0.7376174902030113	0.748831949528316	0.7751804743898247	0.7144482025801431	0.7043637675061609	0.7207955840883182	0.7267908481073311	0.7216479219086307	0.907572707359998	0.7999842507284038	0.8205395509674794	0.780447708030797	0.8719194461925739	0.7718971096363736	0.8592037800341812	0.7982900652269951	0.9807355127949042	0.9807393600497049	0.9782732469425403	0.7613935083981295	0.454501326774966	0.5854565442317641	0.9753656483861429	0.8034154403084914	0.9476263326480853	0.8020810869096399	0.7114891563357766	0.9769036044714263	0.9784140866693029	0.9782598607888631	0.8082138605662232	0.8070333633904418	0.8113182669233406	0.7053439622084441	0.82057529078906	0.7200909780136466	0.7978041352780895	0.7870100905703484	0.6876641194346915	0.8093786142361477	0.7515251755646539	0.8023939353637451	0.7512406779661017	0.7635325277271975	0.7872317363971385	0.8109865234786271	0.7943541857829114	0.8139900857659926	0.7593717916701351	0.8159740960604425	0.7201737975982138	0.7796356308379402	0.7741300065659882	0.7705139145035647	0.7969816650537493	0.7660575858250277	0.801555814858032	0.7930542717549188	0.7674290286092642	0.7852470537355389	0.7831962077044625	0.7890395124001681	0.9468520424035033	0.976889626109567	0.9954696466324373	0.996839523653005	0.9956769055745165	0.9967447259513476	0.9958848788467437	0.996432005668303	0.9949080328379923	0.996621875234592	0.996839523653005	0.996839523653005	0.996839523653005	0.9958848788467437	0.9955944931163955	0.996839523653005	0.9958848788467437	0.9958848788467437	0.996225163873798	0.9970532678503967	0.9959157244608258	0.994723495812095	0.9950552422158696	0.9952139990527706	0.995075508864084	0.994928823332561	0.9964674481892402	0.996683989111606	0.9970551961944074	0.9966898868632973	0.9966863671208487	0.9952871796164218	0.9959539449037189	0.9952139990527706	0.9954089830897543	0.9942881586231191	0.9966898868632973	0.9966898868632973	0.9959157244608258	0.9962893780290791	0.9966874320181944	0.996422953980415	0.9958848788467437	0.9958848788467437	0.9970532678503967	0.9958848788467437	0.9955944931163955	0.9962662546671817	0.9959157244608258	0.9962662546671817	0.9966898868632973	0.9955944931163955	0.9952792083207109	0.9964914104529979	0.995928674500103
Pseudomonas_syringae_RAYR-BL_17598_NZ_JAHZNS010000008	0.9777767041886082	0.9815870642116086	0.980029672891694	0.9838574618533681	0.9791825865462545	0.9790340780862108	0.9837339761641922	0.978232413826538	0.9805205790656645	0.9795947659258905	0.9786569116720771	0.9804786037315638	0.9840711952236115	0.9827866945801349	0.9794284336187146	0.9675175104592676	0.96118245699055	0.9804731690521863	0.9787945617138841	0.9838240428255557	0.9731886678722121	0.9819057143521641	0.9803277160105354	0.9837509561669873	0.9829365915314936	0.9813994685562445	0.9819903285578705	0.9830680206245919	0.9817613934295419	0.9806159957989908	0.9847081773133927	0.9813686936504892	0.9820294064258486	0.9778049675761654	0.9827866945801349	0.9819903285578705	0.9821081664468162	0.9800320788488808	0.9797913950456323	0.9812613019891501	0.9807428760455555	0.9784652862362972	0.9843725406426371	0.9612983770287141	0.9806244876667412	0.9817445163693941	0.9837509561669873	0.9795395216481269	0.9720088072706831	0.9803397641752262	0.9807975664242597	0.981649022991186	0.9778674865632407	0.9799906059182715	0.9792751131879041	0.9821374648672505	0.0	0.9841621646580783	0.9807456057456058	0.9806434355470175	0.979413690259693	0.9804485053913983	0.9818208366795649	0.9821415283875289	0.9847537209260165	0.9802334062727935	0.979247981769255	0.9799593306710439	0.9804485053913983	0.9801798677006169	0.9897883027495765	0.9839563685944779	0.9811180960933992	0.979474066949729	0.9803551893489747	0.9790816445511998	0.980170492405965	0.9839405237859934	0.9612903225806452	0.9612983770287141	0.9572257358885349	0.981186551178169	0.9805499225921808	0.9809264954819636	0.9688838940788087	0.9833865086599818	0.9813165995737627	0.9827380255299215	0.979672708593234	0.9635680141086926	0.9669723887243927	0.9670659401329844	0.9825635234330886	0.9799591760994618	0.9803331790837575	0.979516006097561	0.9815586098384932	0.979338535860275	0.97996893329933	0.9778653160757832	0.9806077944004127	0.9803623638833253	0.9821234858072682	0.9802386192517085	0.9823776602955131	0.9785502786132289	0.9775887452969082	0.9803536799335119	0.9782155977256242	0.9782302234753067	0.9791175165261264	0.9786520418800707	0.9805765490756013	0.9817771889454477	0.9821063394683026	0.9815959506426255	0.9840570873698711	0.9809590643274854	0.9837031042776542	0.983557718548167	0.9814819133801339	0.9832450070583879	0.9824021630189032	0.9840926501734938	0.9809720148811639	0.9638098333255954	0.9949367088607595	0.9951668225756158	0.9948600799543118	0.9943686095396274	0.9954073063195465	0.9958173126883508	0.9934287851266161	0.9951675920213859	0.9951668225756158	0.9951668225756158	0.9951668225756158	0.9954073063195465	0.9943961750038558	0.9951668225756158	0.9954073063195465	0.9954073063195465	0.9952841311011554	0.9951850893088273	0.9954771943273285	0.9940285158099648	0.9942855631101352	0.9938560786421934	0.9944781459013844	0.9946080245282022	0.9948592345373312	0.9954776422764228	0.9951883278145696	0.995485899776831	0.9954809718449313	0.9952944826516366	0.9955408626124395	0.9938560786421934	0.9945511225211537	0.9942955965102472	0.995485899776831	0.995485899776831	0.9954771943273285	0.9948910788381743	0.9954824628191462	0.9952044619354166	0.9954073063195465	0.9954073063195465	0.9951850893088273	0.9954073063195465	0.9943961750038558	0.9952107533141058	0.9954771943273285	0.9952107533141058	0.995485899776831	0.9943961750038558	0.994452940719044	0.9948950955499132	0.9938773887460574
Pseudomonas_syringae_RMP66_6987_NZ_NHST01000045	0.8044738794690703	0.8248726967294872	0.8199586294685478	0.2644749564881067	0.8293553308680923	0.8238498175922173	0.4340752266269787	0.8141195786017239	0.8118082191780822	0.7924642630897623	0.7906983232430321	0.8108973531310523	0.37859995795669543	0.6615412122295727	0.8057538157461294	0.9830714784843225	0.9816475591715976	0.79932422919893	0.7892236319937399	0.2294603024201508	0.9731397203715868	0.7039951573849879	0.8187028419696611	0.29594308204662423	0.7955857751875236	0.8143607705779334	0.8189179523858179	0.8101704487113667	0.7993558017126248	0.7994027661357921	0.4279914746777631	0.8111676785276742	0.8110606217081483	0.8042976034737106	0.6624579375241952	0.8189179523858179	0.8086239383926377	0.8026039590806431	0.8242639567386818	0.8145518849791127	0.8218234981392876	0.8151242031215652	0.4429814248765577	0.9802976361585919	0.8048290307971014	0.7029368448410291	0.29394157541772437	0.8171469511224327	0.9691709548313322	0.7938141423254765	0.7976209963441916	0.44028371753416085	0.8314090172927224	0.8107892001385965	0.8040779163447743	0.7916879211748598	0.9841621646580783	0.0	0.8115549597855227	0.8063524590163934	0.7967524884613246	0.8092980450121315	0.8222283055023268	0.8054038760786533	0.8651823629797198	0.7994377018149427	0.8054030188470984	0.8022767957037369	0.8101939583101103	0.8021779097723094	0.9159990471533707	0.5065890085575766	0.8443192534868715	0.8424079158679998	0.8188953640993333	0.831284277285369	0.8076923076923077	0.448169814474344	0.9802937143362676	0.9802976361585919	0.9785009638280984	0.4299189491335942	0.8090872956724797	0.8014896461408343	0.9803629804982528	0.54582116092976	0.9509966777408638	0.8711448450347881	0.8015644643106579	0.9820837866039118	0.9800869605439659	0.9801411569332964	0.5166516940451745	0.8235692516085337	0.8243668008832316	0.8021329270615121	0.8327092425690158	0.8051475770304175	0.8460477589069084	0.8396776450467726	0.8143103677153857	0.8327215790959727	0.8197671449726804	0.828942255381985	0.7611084311518465	0.836655549522997	0.8405707356090513	0.8285419088208705	0.8393924496079903	0.8324803908962325	0.8325444710288151	0.8326182423905911	0.8017328682344999	0.4753820609264342	0.4393797481527735	0.4556098904883257	0.43638887948257765	0.452788438267123	0.4426020408163265	0.4702763978261595	0.4393765438541558	0.2831976257514649	0.43944877505567925	0.3811223061852784	0.9528684154403924	0.9820730406966411	0.9970731707317073	0.9971314981631524	0.9971351025331725	0.997464604880008	0.996618529441676	0.9979122648153738	0.997110124883889	0.9974112610145865	0.9971314981631524	0.9971314981631524	0.9971314981631524	0.996618529441676	0.9971137098780791	0.9971314981631524	0.996618529441676	0.996618529441676	0.9976675202190503	0.9972676910736219	0.9974749975245074	0.9970491719874844	0.9963387782272518	0.9971267926584598	0.9968882531556627	0.9970851444643314	0.9973457545083141	0.9973162624646067	0.9972694706781232	0.9973210116253348	0.9973181773447495	0.9969190692082258	0.9978657401662737	0.9971267926584598	0.9975170386885911	0.9965509484891655	0.9973210116253348	0.9973210116253348	0.9974749975245074	0.9974901488341741	0.9973190348525469	0.9972495584153419	0.996618529441676	0.996618529441676	0.9972676910736219	0.996618529441676	0.9971137098780791	0.9973371569029087	0.9974749975245074	0.9973371569029087	0.9973210116253348	0.9971137098780791	0.9975929594062634	0.9973636598604291	0.9972848360655737
Pseudomonas_syringae_SHV1866_17586_NZ_JAHARV010000001	0.5315405275118794	0.579051255500906	0.5485265748686223	0.8067935371936673	0.827565270188221	0.8236569687895294	0.8244029908669892	0.517139067299637	0.47621778558371264	0.7127156205079062	0.6729549926601492	0.595331344025861	0.8106883820795475	0.7189171900441963	0.5570292674674335	0.9782287482107401	0.9792788961345809	0.5651740951857702	0.4873192277552183	0.8094026578612608	0.9738415188178471	0.7309662197157162	0.8856471064141784	0.8115212828929667	0.6398769766069154	0.6051128469542129	0.6276763033748639	0.655733829743226	0.6291703482526432	0.6546721703756879	0.8150784578613738	0.6066267413097253	0.600575958382362	0.4672152036989843	0.719289576187431	0.6276763033748639	0.5429087316458283	0.688880979921108	0.5624369118556869	0.5940103440800273	0.45421245421245426	0.5457642282017755	0.8248224202505489	0.980009015100293	0.5656229411560734	0.7306174191131983	0.8103369333943817	0.49965682910089226	0.9638413048063178	0.7467415999043405	0.7019404061035684	0.8017863464313918	0.8128297394551013	0.4213203463203463	0.4986041909608113	0.6980536714833383	0.9807456057456058	0.8115549597855227	0.0	0.4856804903401556	0.44150929531927396	0.5749029225424076	0.49085573172041086	0.5591779867641937	0.6617489843917042	0.44765157357423524	0.5017301038062284	0.5734294261626326	0.5764061383510837	0.5714088968461644	0.9162541619719201	0.8216518849907124	0.8383440494040509	0.8070705421293273	0.885820311513897	0.8190264538931135	0.8830406435012865	0.8141574495770982	0.9800049593111066	0.980009015100293	0.9781930023356381	0.8029813462217275	0.7650946860410219	0.7169114361464446	0.9757375686781476	0.8187577215256421	0.9526432782449019	0.6581731211480084	0.5215051872692105	0.9774550578395945	0.9772469252601703	0.9773102504835134	0.8358561239673662	0.8201379457271444	0.8255786271657188	0.5614754098360656	0.8280564511866377	0.5913639293104034	0.8156994763278829	0.8115004735489109	0.569029728846782	0.821940594059406	0.6535288181872143	0.8282558723280578	0.6591305375772084	0.8166854324164924	0.8158128039115601	0.826241789548656	0.8084121008585434	0.8274100984573264	0.8055661042695166	0.832561847451525	0.5995973829894313	0.8124949552021955	0.8074636545425067	0.8022055820285909	0.8238255904490008	0.807547067293325	0.8166865873304578	0.8191355434326479	0.7965318235278028	0.8165338751938399	0.8021621916017646	0.813247974915077	0.9514603044014809	0.9774412152635649	0.9965986394557823	0.9961647361647362	0.9961180523420228	0.9969714080386017	0.9968560812741964	0.9971186004630821	0.9955606056602277	0.9963848366811783	0.9961647361647362	0.9961647361647362	0.9961647361647362	0.9968560812741964	0.9946994215234066	0.9961647361647362	0.9968560812741964	0.9968560812741964	0.9963932639663717	0.9961018644372067	0.9961508268125301	0.9953636174202959	0.9950201813702364	0.9959210559651389	0.9964080459770115	0.9953389719552751	0.9967244547415515	0.9961727307062822	0.9961044619288039	0.9961796566717772	0.9961755233494364	0.9960291028334273	0.9965471717274297	0.9959210559651389	0.995615059287512	0.9957572969380974	0.9961796566717772	0.9961796566717772	0.9961508268125301	0.9960185970049575	0.9961767739014513	0.9965417569939093	0.9968560812741964	0.9968560812741964	0.9961018644372067	0.9968560812741964	0.9946994215234066	0.9962263162032547	0.9961508268125301	0.9962263162032547	0.9961796566717772	0.9946994215234066	0.9964600861892058	0.9967470644239924	0.9963038691412394
Pseudomonas_syringae_SHV323_17590_NZ_JAHARZ010000001	0.44186571374835437	0.6099768812477614	0.6156206142498124	0.8020772094846169	0.8113664510802256	0.813697164258962	0.818881230966501	0.5200344369910679	0.4945671990082403	0.688946096129093	0.6454831932773109	0.622975977951079	0.8017947188635255	0.6997632345798932	0.5103926927502878	0.9768420552081599	0.9760458592511282	0.5719466253564764	0.4598752754023675	0.8012613875262788	0.9714313909310702	0.6959430691563773	0.878484126776414	0.8090127565169163	0.6139139497768948	0.6365469321918233	0.631415819489214	0.6419412233879379	0.5877645844088797	0.6087633947025343	0.8141914455932249	0.5931188470516594	0.6306331558130119	0.42356344003085233	0.7009855951478392	0.631415819489214	0.5992582602832097	0.7113862573450054	0.6160815036915239	0.6292434680071992	0.5111377414352178	0.5042460910449393	0.819418148849364	0.9759767441860465	0.5162816484938089	0.6955263879160702	0.807325946291205	0.5223922114047288	0.9621976536474678	0.7230170682730923	0.6844512672702778	0.7922642574816487	0.79723099481164	0.5104006163328197	0.3992551788346652	0.7228123419322205	0.9806434355470175	0.8063524590163934	0.4856804903401556	0.0	0.45340892025829704	0.541320978342851	0.32118254879448904	0.5044521441078946	0.6946418419556566	0.4578277040988842	0.38176392052147967	0.5210730751079973	0.5429432446007032	0.5121194206325747	0.9130210748698924	0.8178286207640837	0.8284216902372863	0.7932880203908241	0.8786746452742429	0.8075468550136256	0.8781664345044626	0.8082990674299229	0.9759717150101184	0.9759767441860465	0.9744336492325321	0.7973230821033728	0.747870249017038	0.6989584952588217	0.9770491025914598	0.8178376331873005	0.9494737892164198	0.7452582519689684	0.5297528996469996	0.9777180894546303	0.9762943111219393	0.9763622670845177	0.8307513042557135	0.8078753666500637	0.8160528697178271	0.5392276351986628	0.8268582000217651	0.5583059092860209	0.8020234025403707	0.8007134430649964	0.6238081385953005	0.8055983705824067	0.6380352955695421	0.8106296715117081	0.6328812089681655	0.8076239164258724	0.8016944887173895	0.8144332721444423	0.8060238945958017	0.8175465414642136	0.8020483546004029	0.8152608287515086	0.5828961175236096	0.8093890461128683	0.7970112428855805	0.7966063539409629	0.8181403950789354	0.7996793068527062	0.8094828744123572	0.8137796555086123	0.7915360058762042	0.8117062396466042	0.7961544958054163	0.8096161616161617	0.9489041984923369	0.9777040291670562	0.9956667635479695	0.9963333953290645	0.9953252410422587	0.9966338890508627	0.9959174903308982	0.9961983251362488	0.9954396504642272	0.9961630443352343	0.9963333953290645	0.9963333953290645	0.9963333953290645	0.9959174903308982	0.9950838635049162	0.9963333953290645	0.9959174903308982	0.9959174903308982	0.9959251514664093	0.9964272481871592	0.9959752241068395	0.994994617868676	0.9945011783189317	0.9957380049679697	0.9954667161528061	0.995266176152348	0.9961166652895976	0.9962074966880536	0.9964297048556015	0.9962145764733336	0.9962103514509681	0.9952627957444556	0.9963838373250877	0.9957380049679697	0.995444313431236	0.9947981304956299	0.9962145764733336	0.9962145764733336	0.9959752241068395	0.9956229938721914	0.9962116297776279	0.996161433064989	0.9959174903308982	0.9959174903308982	0.9964272481871592	0.9959174903308982	0.9950838635049162	0.9955573615061628	0.9959752241068395	0.9955573615061628	0.9962145764733336	0.9950838635049162	0.9958134605193428	0.9961443806398688	0.9961541586544972
Pseudomonas_syringae_SV1599_17591_NZ_JAHARU010000001	0.5307665135994348	0.6028165340983179	0.6063551279534001	0.7947257679899005	0.8029374413339959	0.8031028178102818	0.8081044066704262	0.5218011846142867	0.4898189633191272	0.6997023071198214	0.64953392868783	0.6273790272421943	0.7969957430655351	0.6862379715900413	0.5353709637663298	0.9774685222001326	0.977437042068999	0.5564218882903318	0.4863304093567251	0.7933902877697842	0.971677720461803	0.6962144155057541	0.8821420219814483	0.8000111321384837	0.6476769211292568	0.6408550483582824	0.6007891414141414	0.6098720635615753	0.628063821150904	0.6366204177918491	0.8032284923853777	0.5979114901618428	0.6192010510839303	0.4076344169446815	0.6866792890734746	0.6007891414141414	0.5982190860215053	0.7150428775607431	0.5626521695627522	0.6312426693005742	0.5045308698564931	0.5337128624799858	0.8069365403199829	0.9784618228877796	0.5327388535031847	0.6957998483699772	0.7982050281509561	0.5534158331920664	0.9637481093798766	0.7183354761830099	0.6857231920199501	0.7844851983924832	0.7888574660633484	0.5081217032871066	0.4301951127107406	0.7150864639236731	0.979413690259693	0.7967524884613246	0.44150929531927396	0.45340892025829704	0.0	0.5536208241719272	0.4606110528680545	0.5153390048981696	0.702485740440814	0.010089794341990976	0.4116608452001689	0.5351260383844171	0.5552091820468312	0.5286348420899432	0.9111268512556343	0.8070998535553506	0.8229883239767006	0.7847281404465656	0.8823254727994396	0.7918397126501291	0.8781828926745292	0.8047313444859161	0.9784573423017359	0.9784618228877796	0.9755361850699475	0.7798224969518246	0.7385859139490272	0.6938045944853741	0.9773349702521484	0.8045817329955599	0.9511209205435969	0.7213173652694611	0.5085510515974092	0.9799897859696365	0.9770379710004364	0.9771034816247582	0.8207891026152659	0.7983552814357948	0.8064214120497852	0.4823262350016214	0.8116662091682679	0.5329829648423342	0.795328637844158	0.790099065789845	0.6136658451160981	0.7976817993652546	0.6273811367508131	0.8091649246341732	0.6345626521243491	0.7945669203222918	0.7958355489630853	0.8113765082491997	0.79282622139765	0.8115486568469379	0.7848519973989991	0.8091734249959719	0.5659299989425822	0.7953528688066211	0.7869452579409777	0.782130194298681	0.8083508318526894	0.7885300605169391	0.7988552297640261	0.8021738538233131	0.7737136656958483	0.7957807318228688	0.7858375045954583	0.7974302675449296	0.950477845351868	0.9799772363011312	0.995844729644435	0.9959781975975023	0.9959304476507584	0.9965166908563134	0.9962045278379174	0.9965076593380428	0.9950511202958451	0.9959175128231968	0.9959781975975023	0.9959781975975023	0.9959781975975023	0.9962045278379174	0.9951584622229201	0.9959781975975023	0.9962045278379174	0.9962045278379174	0.9957561522447018	0.9961259718012914	0.9960453741284213	0.9946943915967738	0.9944994202820395	0.9954954954954955	0.995752203049971	0.9949361633356677	0.9961623858995093	0.9959646127580319	0.9961286244765742	0.995972114639814	0.9959676377077571	0.9952576667720519	0.9964523281596452	0.9954954954954955	0.9951702422883979	0.9949271933974663	0.995972114639814	0.995972114639814	0.9960453741284213	0.9955366575110923	0.995968992248062	0.9959923562821806	0.9962045278379174	0.9962045278379174	0.9961259718012914	0.9962045278379174	0.9951584622229201	0.9955236759788588	0.9960453741284213	0.9955236759788588	0.995972114639814	0.9951584622229201	0.9963618148743771	0.9961896467258179	0.9958470416913866
Pseudomonas_syringae_SV921_17588_NZ_JAHARY010000002	0.5614016626328528	0.6222504643660182	0.6181782295470246	0.8033712623881187	0.8063228974831185	0.8096670188842829	0.817482385335961	0.4644562234502463	0.482571736144623	0.7039335527346811	0.7056363463549092	0.6230518762052287	0.8074786208399151	0.6909096519377931	0.556794989091421	0.9793831713040563	0.9796254019687263	0.4898826538287949	0.488730152855398	0.8040040661885131	0.9704209896249002	0.6759158222915043	0.8860952180987874	0.8029885186852769	0.6004648846089988	0.6367051751667137	0.611546640429111	0.6414743689019669	0.5870889953400462	0.6035054934433096	0.8134477362257838	0.5121052251210523	0.6265489516001892	0.5838320209973753	0.6921606707974968	0.611546640429111	0.5543997750913692	0.7186455981941309	0.6243771435967126	0.6292479719359789	0.5740387237523861	0.5743710305624758	0.8198401808055533	0.9808186533339563	0.20103232817169248	0.6763283516894949	0.8011667887943182	0.5027038565532944	0.9640676316749787	0.6867666232073012	0.7148508731262556	0.8018777218483117	0.8078844145949149	0.5200421570349552	0.5653685430347297	0.7256077455711759	0.9804485053913983	0.8092980450121315	0.5749029225424076	0.541320978342851	0.5536208241719272	0.0	0.48486094497607657	0.44090409668811803	0.6901432060922458	0.5563252691036982	0.551907719609583	0.18316965492386705	0.0030795211841255776	0.21232508073196987	0.9074230694164336	0.819077157470889	0.8270796742775028	0.7973381212950297	0.8858947809903274	0.8114453616902196	0.8834430563475195	0.811074125192823	0.9808146192134227	0.9808186533339563	0.9771399725968126	0.8056438679908843	0.7326268823201338	0.6920236103658344	0.9801932943562821	0.8141088837769745	0.9528829982177373	0.6782027548555113	0.6089096980755327	0.9808673169585145	0.9780168496549014	0.9783806282594325	0.8343859088123218	0.8057708992191654	0.8118192931762613	0.5174702880188444	0.8177162629757786	0.404367650587953	0.8105758783049619	0.8091188149483229	0.625822850811445	0.7889502451118499	0.6212918886542038	0.803758471965496	0.6306940922325538	0.8056757516156223	0.8105313305683219	0.8038066532708193	0.8151535492532305	0.8078793098658072	0.8095572339051577	0.8174399437944173	0.4972646882494005	0.8127601329646079	0.8044505710909807	0.800277588941763	0.8184572108622742	0.8082964383407123	0.8121364607851094	0.8141892815173131	0.7954965456458079	0.8081525385819728	0.8026743561473441	0.8102122340280986	0.954230827105382	0.9808551672232937	0.9959143345439009	0.9964817102648117	0.9955165378006873	0.9962472524526885	0.9962536648930395	0.9969382822151797	0.9953602695462455	0.9963612217795484	0.9964817102648117	0.9964817102648117	0.9964817102648117	0.9962536648930395	0.9955908523466759	0.9964817102648117	0.9962536648930395	0.9962536648930395	0.9962335726866278	0.9964954521134296	0.9960112003381234	0.9949661233707926	0.9950450327137343	0.9953997461928934	0.9954976684354397	0.9952405700374737	0.9963798384851017	0.9964038219235616	0.996497888039352	0.9964106057430309	0.9964065573770492	0.9953452288595811	0.9964243146603099	0.9953997461928934	0.9954481413243741	0.9946606866356986	0.9964106057430309	0.9964106057430309	0.9960112003381234	0.9960056831890196	0.9964077822644082	0.9960919602188503	0.9962536648930395	0.9962536648930395	0.9964954521134296	0.9962536648930395	0.9955908523466759	0.996249863133691	0.9960112003381234	0.996249863133691	0.9964106057430309	0.9955908523466759	0.9962783474791829	0.9964059605761522	0.9952303939036758
Pseudomonas_syringae_Sevgi_fide_PST_17555_NZ_JAEIKN010000010	0.528125890059812	0.6102612609674158	0.6262006749740394	0.8151579881820956	0.8206713539244385	0.822260064390815	0.8250938423448606	0.5167146974063401	0.512919523637676	0.7050270303858821	0.657353372673035	0.6406269359435015	0.81856404488364	0.7142814182179051	0.5079937926305533	0.9784035772048331	0.9786694619828868	0.5716302046577275	0.4840159104301709	0.8132784697508897	0.9728215255492471	0.6949932918648616	0.8837300344503601	0.8149724932961049	0.6215803991562551	0.6616844096025378	0.6441381856215584	0.6493153197212373	0.6180685161167874	0.6306283707512856	0.8242708913833824	0.5855229526633269	0.6468937875751504	0.44224674481652604	0.7154789087850018	0.6441381856215584	0.6114924823360011	0.7147778676492615	0.6314007347069158	0.6467483043304791	0.5352626459143969	0.5333381078564778	0.827705122423535	0.9805158656522546	0.43835029041437645	0.6945742114744589	0.8138247827771321	0.5187707351143706	0.9638277835462294	0.7328341912338169	0.7090713075619899	0.8029326006504429	0.8067825112107623	0.5178565194623843	0.4171951266382259	0.7376174902030113	0.9818208366795649	0.8222283055023268	0.49085573172041086	0.32118254879448904	0.4606110528680545	0.48486094497607657	0.0	0.5142231947483589	0.6966840360018949	0.46508055451479957	0.39952525488364854	0.45976967952117587	0.48661464361721984	0.4426661499709359	0.9151685176367638	0.8236638962855376	0.837017442774082	0.7968086912239009	0.8839118198874296	0.8143818730783081	0.8806312695015344	0.8191713576821492	0.9805117973226921	0.9805158656522546	0.9782209831534301	0.8060617900700511	0.7621816018603644	0.7125242748373971	0.9795018839308989	0.8237815397886564	0.9549081508364613	0.7352616997825374	0.4749354198644753	0.9806337206589202	0.9777447347893916	0.9778085654562247	0.8399620962859624	0.8151332286241768	0.8212156026040812	0.5306895946657308	0.8302712398760668	0.5451224364307158	0.8089094382457986	0.8126602028307144	0.6398783805408865	0.8122086326989524	0.6352288917797188	0.8197647316899285	0.649566363274187	0.8132705360853304	0.8120313281119813	0.8210776285620701	0.8122965641952984	0.8276301518438178	0.8086488596442313	0.8276210481533676	0.5564441270974652	0.8151539461672522	0.8073741958840402	0.803531885073581	0.8279764599366229	0.8108228855443554	0.8191137213027229	0.8197132906778974	0.7974933108012956	0.8193211488250652	0.8039232170379711	0.820660891883221	0.9545533693191711	0.9806215124559314	0.9956574696817243	0.9966460817717206	0.995635976583289	0.9969463621879979	0.9962328122056885	0.9965109465722047	0.9957593499493858	0.9964720130588174	0.9966460817717206	0.9966460817717206	0.9966460817717206	0.9962328122056885	0.995073372500461	0.9966460817717206	0.9962328122056885	0.9962328122056885	0.9962398947170521	0.9967388710660975	0.9962821385557941	0.9953088350273651	0.9950347297590623	0.9960446353730092	0.9957771167534261	0.9955825361120898	0.9964403973509933	0.9965129593005101	0.9967411175582227	0.9965194805194805	0.9965155888394831	0.9955722883580348	0.9966923056729583	0.9960446353730092	0.9957580476279969	0.9951060790434368	0.9965194805194805	0.9965194805194805	0.9962821385557941	0.9959338790262571	0.9965167663114115	0.9964748297503004	0.9962328122056885	0.9962328122056885	0.9967388710660975	0.9962328122056885	0.995073372500461	0.9955475918987892	0.9962821385557941	0.9955475918987892	0.9965194805194805	0.995073372500461	0.9961243396777362	0.996465850250678	0.9964725674282303
Pseudomonas_syringae_StP26_17597_NZ_CP075880	0.5174797045271704	0.5942974345180054	0.6003706823925863	0.800234748504194	0.804447961115664	0.8071032552011856	0.8142837597482555	0.5621950785228447	0.5348466168685184	0.7060741303453297	0.7091391490585941	0.6208828142505041	0.8021956750179746	0.6844465349639386	0.5463965579060595	0.9788507195116043	0.9779142935309771	0.51556303778526	0.5514481570541578	0.7990881981878656	0.9723250484752336	0.6707811115331055	0.8870031027075764	0.8026244627252285	0.6071189839572193	0.6369735134964083	0.6247815171449456	0.6264839026243312	0.5941321094902474	0.6092584182183871	0.8156698336645523	0.5989260636100785	0.6214806757102636	0.5729322771711982	0.6857241314495159	0.6247815171449456	0.5422999713220533	0.724444040477489	0.6154124814753829	0.6323371453844695	0.5665268776210446	0.5663334523384506	0.8154568534847534	0.9789403942168903	0.43273453093812375	0.6703115590631041	0.8014303624344654	0.5425189128607453	0.9639307154807598	0.6840939885653855	0.7234022731507359	0.8084186575654153	0.8033402085481838	0.5817643253549419	0.556961120640366	0.748831949528316	0.9821415283875289	0.8054038760786533	0.5591779867641937	0.5044521441078946	0.5153390048981696	0.44090409668811803	0.5142231947483589	0.0	0.7118422615512532	0.5196624037150334	0.5483603901947374	0.451274479328567	0.442798353909465	0.4407759303246239	0.9092642909394921	0.8151888953279797	0.821640903686088	0.798566122484236	0.8871826100770474	0.8064506962205171	0.8838153620454784	0.8105533964639553	0.9789359083593676	0.9789403942168903	0.9770517308440295	0.810186497364095	0.7658196586356402	0.7210914085914086	0.978784583786396	0.8119712645272238	0.9521317140098582	0.6904649627463926	0.5903635721849629	0.9791969152405208	0.9778352052479873	0.9779000049551558	0.8296548739586714	0.7924166547431678	0.8005048356447999	0.5243621990657563	0.8066676084192683	0.36619835053255423	0.8036270898271465	0.8032341156267888	0.6236218393081139	0.7946755124606617	0.6129973389759866	0.7996305768684285	0.614234009160501	0.8129006749696405	0.8060928433268859	0.8023732165560107	0.8086625145749794	0.8025283593882273	0.8100130555713232	0.8117966734368995	0.53243723616974	0.8174886756886025	0.8063114241890587	0.8049135422016778	0.8166931376307575	0.8113497368795335	0.8094781273983116	0.8103778030324029	0.7972899262193897	0.8117477944699681	0.8029211684673869	0.8108234260454134	0.9535232003249061	0.9791835373695994	0.9961608132587125	0.9963819368879216	0.9958139661311806	0.9966622344034083	0.996425822060926	0.9970899398950203	0.9957486085083769	0.9964230003765263	0.9963819368879216	0.9963819368879216	0.9963819368879216	0.996425822060926	0.9957509748554525	0.9963819368879216	0.996425822060926	0.996425822060926	0.9963225204456886	0.9963962499322604	0.9964172080960402	0.9956204379562044	0.9952031055039512	0.996040451602547	0.995957787363338	0.9958183328717807	0.9965015235300756	0.9964653981077921	0.9963987869598181	0.9964721485411141	0.9964681201370263	0.9957482532632833	0.9968364611260053	0.996040451602547	0.9959127691674667	0.9952716759882198	0.9964721485411141	0.9964721485411141	0.9964172080960402	0.9960907807579542	0.996469338996549	0.9960964157999618	0.996425822060926	0.996425822060926	0.9963962499322604	0.996425822060926	0.9957509748554525	0.9959223300970874	0.9964172080960402	0.9959223300970874	0.9964721485411141	0.9957509748554525	0.9969922774691776	0.9965270970452318	0.9958650163734251
Pseudomonas_syringae_Susan2139_17596_NZ_CP074578	0.7112906596085533	0.71797303705711	0.6983896606538116	0.862201416396591	0.866529449018366	0.8666175243933192	0.8686345287998758	0.6650584971656013	0.6483999316523055	0.7840703725477388	0.7769699916029522	0.7101433174091767	0.859245630174793	0.804670600835836	0.7235304939747953	0.9828323122951987	0.9826694492332819	0.7055785858107309	0.677803269285919	0.8615144293353093	0.9774873045263718	0.7870405860057068	0.9153378674439427	0.8577322891421475	0.7565312843029638	0.7182420494699646	0.7526985350809561	0.769806467934393	0.7392725608560159	0.7392422723111131	0.8670554952720508	0.7486456717692809	0.7309096473777408	0.6959925973378889	0.8054482874412358	0.7526985350809561	0.6991932655208699	0.7704208054125099	0.7110136342053497	0.7091863865993087	0.644208549971115	0.6663924709070235	0.8702083171997212	0.9831860729594961	0.7078825716055854	0.7868363279834601	0.8569309708971378	0.6109788132472442	0.9712323581895852	0.8130903891151746	0.7901527574005351	0.8576393771973883	0.8573097295228889	0.6378617653426997	0.6949232474238959	0.7751804743898247	0.9847537209260165	0.8651823629797198	0.6617489843917042	0.6946418419556566	0.702485740440814	0.6901432060922458	0.6966840360018949	0.7118422615512532	0.0	0.7049026286734479	0.6903600189483656	0.7056309762719868	0.6911148866926703	0.7100441448711254	0.910373600106237	0.8674126092995051	0.8780314930462434	0.8518308489954634	0.915434530265837	0.8606344253770151	0.9132847597115784	0.8623086809206684	0.9831834249116299	0.9831860729594961	0.9809389402979742	0.8575097307491674	0.8127909049495929	0.7887955303391225	0.9799112315288497	0.8669476573220937	0.9626833994647965	0.7784250269687163	0.691018335280513	0.9814250752680599	0.9821286014950287	0.98216678133034	0.8776355857071272	0.8658161544413802	0.8702275014305163	0.7115822391869209	0.8728695001083723	0.6945971245469602	0.8598117797184671	0.8562104669433142	0.7015674412209543	0.8607389201617379	0.7651998727600466	0.8655230540406544	0.7494093896310297	0.8583531956656719	0.8629909938694411	0.8649317237284782	0.8612858001201682	0.8683437493839087	0.8588534980744544	0.8715107607074366	0.7118556092957414	0.8620345412798243	0.8564262064813886	0.8568900685689007	0.871576538133292	0.8595084503928779	0.8646525914693417	0.8649724493597662	0.8497299265643017	0.8663147240359617	0.8561252414681262	0.8631735008388279	0.9609275319440078	0.9814162409723446	0.9972667077302125	0.9972348448225853	0.9969080930663987	0.9974133770871537	0.9973505289201458	0.9972921220092454	0.9964490037482738	0.9970648608206879	0.9972348448225853	0.9972348448225853	0.9972348448225853	0.9973505289201458	0.9965854594283522	0.9972348448225853	0.9973505289201458	0.9973505289201458	0.9967881336136417	0.9973392974202753	0.996732213495385	0.9963702359346642	0.9961770702634881	0.9962328374192068	0.9969701648075958	0.9966310181376582	0.9974406793111658	0.9970516063989652	0.997340630540353	0.997055638926353	0.9970532319391635	0.9966070326958667	0.9970130392325809	0.9962328374192068	0.9969072164948454	0.9963627266079058	0.997055638926353	0.997055638926353	0.996732213495385	0.9966390450252072	0.9970539600478969	0.997150831492034	0.9973505289201458	0.9973505289201458	0.9973392974202753	0.9973505289201458	0.9965854594283522	0.9972364320573881	0.996732213495385	0.9972364320573881	0.997055638926353	0.9965854594283522	0.9971833703096363	0.9974538636139346	0.9970587081846347
Pseudomonas_syringae_Susan762_17594_NZ_CP074411	0.5352864261229106	0.6054719383590714	0.6089350683404897	0.7982429056614365	0.806402607446691	0.8066060573457421	0.8114773917949545	0.5277292342808231	0.4951735693731104	0.7022888909593465	0.6533594259621657	0.6311842678449188	0.7996145389397107	0.6912483205081226	0.5396215778161446	0.9791597515292333	0.9793939688479576	0.5622940947252826	0.49071026259966355	0.7969127818703257	0.9726388375815787	0.7011776102685194	0.8845413392996514	0.8035028122737651	0.6515612135030717	0.6459250592690662	0.6019872159989874	0.6124302988534553	0.6318847824049486	0.6404236156402372	0.8065998441404886	0.6020024190297003	0.6236703791765736	0.4141367143577217	0.691687780457279	0.6019872159989874	0.6009490795274796	0.7187332419710422	0.5653059861036879	0.6350216182828907	0.5087675969375154	0.5380069071100508	0.8095404461166353	0.9803272617862846	0.5354772843287392	0.7007699769613193	0.8017010596765198	0.5590348380100312	0.965638300430423	0.7209798994974874	0.6895702077225376	0.7880280892513308	0.7911001586222525	0.5123212974937956	0.42885954564481144	0.7144482025801431	0.9802334062727935	0.7994377018149427	0.44765157357423524	0.4578277040988842	0.010089794341990976	0.5563252691036982	0.46508055451479957	0.5196624037150334	0.7049026286734479	0.0	0.41022477541735747	0.537824168729151	0.5579134137686302	0.5313650446509932	0.9122354821249066	0.8097306689834927	0.8263059357118372	0.7884221893827441	0.884721284222557	0.7950518127439692	0.880550553125804	0.8084546382338722	0.9803231631094033	0.9803272617862846	0.9774489747371425	0.7833697409855599	0.7419938583022593	0.6976454853659295	0.9792149444313076	0.8080015261766549	0.9516987514301348	0.7250314540770475	0.5146026550281869	0.9818659475042429	0.9789683310666407	0.9790284302804282	0.8231658585966221	0.801840115632644	0.8098793321946113	0.48762295968003455	0.8138780447572442	0.5365074756858761	0.7988190401916274	0.7936351057521249	0.6176260626906354	0.8011431095894194	0.6299398225696383	0.8113774104683196	0.63863033964125	0.7982087881332214	0.7990421241317499	0.8135806867070396	0.7944846624038759	0.8149829118250171	0.7865034846166922	0.8125470177324019	0.5717657835400225	0.799228123164695	0.7896532280800677	0.7860587834770767	0.811732385261797	0.792072204617474	0.8022420313344139	0.8048108653557695	0.7776667142653149	0.7992750592499651	0.7893783776136718	0.8008298755186722	0.9520196995323849	0.9818545572977249	0.9958286031100668	0.9959624936913964	0.9959145775301764	0.9965031259934302	0.9961895561637955	0.9964940239043825	0.9950312593846405	0.9959017470116905	0.9959624936913964	0.9959624936913964	0.9959624936913964	0.9961895561637955	0.9951397646069777	0.9959624936913964	0.9961895561637955	0.9961895561637955	0.9957394356761972	0.9961109053389068	0.9960301914387945	0.9946734100936189	0.9944775311315647	0.9954781881387386	0.9957356641504437	0.994916033424376	0.9961468596906479	0.9959492093168185	0.996113578680203	0.995956768524998	0.9959522573949143	0.9952392287550583	0.996438671834084	0.9954781881387386	0.9951512229098021	0.9949075173487427	0.995956768524998	0.995956768524998	0.9960301914387945	0.9955192618713047	0.9959536222862034	0.9959766592949828	0.9961895561637955	0.9961895561637955	0.9961109053389068	0.9961895561637955	0.9951397646069777	0.9955058613314562	0.9960301914387945	0.9955058613314562	0.995956768524998	0.9951397646069777	0.9963476603853483	0.996174340756934	0.9958305130634899
Pseudomonas_syringae_Tule1434_17592_NZ_JAHARX010000001	0.5139642857142857	0.6002285341168789	0.6249878965884517	0.8051323398576513	0.8131071281981119	0.8104079288328481	0.8167888074616922	0.545144983500667	0.5196844772816505	0.6840982526586568	0.6432966745221262	0.6353999258251948	0.8060741378382741	0.6899418374493742	0.5402399663205164	0.9781051237793488	0.9777179710988265	0.5729845205575401	0.4895362403383404	0.8043260397527977	0.9682172070562728	0.6803333946191089	0.879539715185754	0.8080855532220625	0.6663650546021841	0.6305224621494168	0.6304475399203138	0.6110972256935766	0.6203584544398757	0.6231629743364773	0.8110962923446252	0.6040636278572383	0.6297480139026812	0.2629129827826896	0.6911773653787648	0.6304475399203138	0.6014745308310991	0.7009027986758953	0.5943593087707858	0.6327209961780298	0.5326139586359548	0.5210762331838565	0.8148375229920295	0.9789882010667529	0.5307490527542991	0.6798919880941422	0.806832641770401	0.531296238945666	0.9638854894056104	0.7170202083594829	0.6893819334389857	0.7907683647621728	0.7969390620612188	0.5205180593551961	0.08438857565394209	0.7043637675061609	0.979247981769255	0.8054030188470984	0.5017301038062284	0.38176392052147967	0.4116608452001689	0.551907719609583	0.39952525488364854	0.5483603901947374	0.6903600189483656	0.41022477541735747	0.0	0.5244979630096982	0.553499255477558	0.5266416578650253	0.9134523962482333	0.8128423040604343	0.8314018887173987	0.7967779121095397	0.8797275870135947	0.804070752228362	0.8821918509418509	0.8077221731330495	0.9789838337182448	0.9789882010667529	0.9773901502583305	0.7950454863540938	0.7393839835728953	0.6943935393694673	0.977873705564598	0.8151786678182015	0.9513210727209637	0.7428125827619692	0.4740798630493841	0.9792150487691593	0.9787048688413513	0.9787655035953863	0.8288031275589719	0.8119989017023613	0.819177037662373	0.5240647330811266	0.8252495659722222	0.5258137333430424	0.7977559295672944	0.8014142769299569	0.6213611012605178	0.8067845800021903	0.6373835797497925	0.8146211955331728	0.6364111712598426	0.806732925445032	0.7985093375764174	0.8193648292537151	0.8023028883684622	0.8200065097103179	0.8016388416622537	0.8164621131270011	0.5685798691707111	0.8004675888557989	0.788705869125253	0.7966885190788368	0.8133776396183943	0.7955988983193749	0.8097301345315467	0.8078705585819985	0.7875828982644278	0.8064061852823415	0.7921084455943977	0.8094164989939638	0.9509648296046431	0.9792020077614854	0.9958199695041801	0.9964575567716182	0.9957994293564408	0.9967033256850489	0.9965545792046152	0.9970660534454048	0.9957082710851555	0.9966015737327791	0.9964575567716182	0.9964575567716182	0.9964575567716182	0.9965545792046152	0.9952654982997646	0.9964575567716182	0.9965545792046152	0.9965545792046152	0.9963201962561997	0.9966032966454264	0.9962296531280878	0.9957724621394552	0.9955845134887729	0.9961243334633892	0.9959392469148824	0.9959924690693921	0.9963289682757109	0.9965888828591364	0.9966056204610041	0.9965952178286775	0.9965914372772814	0.9955505239323891	0.996636858982715	0.9961243334633892	0.996269849728232	0.9952723643431213	0.9965952178286775	0.9965952178286775	0.9962296531280878	0.9960949868073878	0.9965925811198018	0.9961537441311441	0.9965545792046152	0.9965545792046152	0.9966032966454264	0.9965545792046152	0.9952654982997646	0.9954713319136318	0.9962296531280878	0.9954713319136318	0.9965952178286775	0.9952654982997646	0.9970504582323818	0.9963550308734326	0.9962004850444625
Pseudomonas_syringae_Tule230_17587_NZ_JAHARW010000001	0.5453484671687705	0.6053739393540749	0.6107429023642299	0.7939565895871755	0.7971010429516654	0.8072550081212777	0.8081931633206728	0.4899200235875134	0.49294325198471034	0.6912057050897731	0.6909857535296748	0.6129738997904363	0.8025795544405966	0.6866569955862836	0.5336826347305389	0.9786161418263487	0.9781377907404231	0.44165441460961075	0.4783222498792584	0.795309531236707	0.9696683172012243	0.6681674639652315	0.884106220672661	0.7973106306204719	0.6122710261965727	0.6225831887714872	0.5947919669453252	0.6318506998444791	0.5817351598173516	0.5946915815336868	0.8098232357306706	0.5030083363537514	0.6089351674945866	0.5645024400594101	0.6879124267653407	0.5947919669453252	0.543676984435111	0.7077356092246232	0.6154620429898046	0.6069762275049989	0.5667144906743184	0.5748505087946287	0.809467103304555	0.9792580494633691	0.05114414238216314	0.6703228024124246	0.7960208833074643	0.5013136405595399	0.9633728974004223	0.6763174270461467	0.7136203812226266	0.7899652599806367	0.8025717111770524	0.5102774741741001	0.5408061529696624	0.7207955840883182	0.9799593306710439	0.8022767957037369	0.5734294261626326	0.5210730751079973	0.5351260383844171	0.18316965492386705	0.45976967952117587	0.451274479328567	0.7056309762719868	0.537824168729151	0.5244979630096982	0.0	0.18464169967590927	0.042878120411160014	0.9067082683307333	0.8067867225831209	0.8214685650295952	0.7984386089425124	0.8839084672985286	0.8055796999859807	0.8818003002225788	0.8014037760487513	0.9792536930293342	0.9792580494633691	0.9770864292219932	0.7952860619093429	0.7408062332495233	0.7021389539422327	0.9792326561718545	0.8043059302901823	0.9502207948615013	0.6835841355889958	0.6092163052429316	0.9794409631767936	0.978359853121175	0.9784221831673501	0.828687386521414	0.7989167040862146	0.8055973266499582	0.48275736499034994	0.8149172799203231	0.3991359654386175	0.8080285062078949	0.8033462178709477	0.6285992217898833	0.7829315114900345	0.6018934684900067	0.7981764623369336	0.6279949953081013	0.8082965282048415	0.8036813264015736	0.803262715403246	0.8085971455009393	0.809142983645571	0.8038366336633663	0.8115302336916786	0.473438567200425	0.8051351048323803	0.7957223179724804	0.7920209287115763	0.8096079123984458	0.7984748837736705	0.8026051014303583	0.8036509594765492	0.788469763065606	0.8020509372110616	0.794887798235411	0.8050997360328734	0.9508866982717535	0.9794279272932225	0.995473546875416	0.9965204357485078	0.9953434848930874	0.9965011618279427	0.9961849617143321	0.9967069154774972	0.9957080364266652	0.9966389668131054	0.9965204357485078	0.9965204357485078	0.9965204357485078	0.9961849617143321	0.9954460006883953	0.9965204357485078	0.9961849617143321	0.9961849617143321	0.9964902807775378	0.9966142362036791	0.9963151106782828	0.9953102550895931	0.9953087497272529	0.9956796628029505	0.9952712991905105	0.9955854702019239	0.9960024429515296	0.9966781753504917	0.9966165814151747	0.9966844193817878	0.9966806931340007	0.9952805034129693	0.996727541433548	0.9956796628029505	0.9958703338821561	0.994598334264655	0.9966844193817878	0.9966844193817878	0.9963151106782828	0.9961800454120475	0.9966818205570361	0.9962669531354909	0.9961849617143321	0.9961849617143321	0.9966142362036791	0.9961849617143321	0.9954460006883953	0.9956600065509336	0.9963151106782828	0.9956600065509336	0.9966844193817878	0.9954460006883953	0.9961301342443086	0.9960311991841909	0.9956583474414287
Pseudomonas_syringae_U643_17595_NZ_CP074410	0.5629642606867554	0.6226544175136826	0.6185872138910813	0.8037428023032629	0.8067224546722455	0.8106659447753113	0.8178334322880121	0.4662436167017122	0.48319109461966603	0.7051916332665331	0.7069063746280939	0.6238349499225933	0.8083548782147231	0.6912730974488694	0.5583676051882316	0.979603073902947	0.9798507828989349	0.49039365341955865	0.4904621072088725	0.8043754410726888	0.9704209896249002	0.6762872459793043	0.8866796075756781	0.8033589332433116	0.6019040668745439	0.6374730122970056	0.612911408459636	0.6427775714816191	0.5885148772706557	0.6048989313763358	0.8143115209361266	0.5130723674707497	0.6272414988497053	0.5853667062853947	0.6925234220907297	0.612911408459636	0.5548568417354647	0.7198400288669713	0.6247776160439915	0.6300203474722179	0.5749131293861143	0.5759200841219769	0.8200624092107387	0.9815562767025424	0.2024972855591748	0.6766999376169682	0.8015383315019863	0.5036620920145061	0.9640676316749787	0.6871517481833882	0.7160810226641141	0.8021148463343606	0.8089263561520244	0.5209774251307797	0.5669285814508208	0.7267908481073311	0.9804485053913983	0.8101939583101103	0.5764061383510837	0.5429432446007032	0.5552091820468312	0.0030795211841255776	0.48661464361721984	0.442798353909465	0.6911148866926703	0.5579134137686302	0.553499255477558	0.18464169967590927	0.0	0.2137671417047593	0.9075936357604694	0.8193020156135244	0.8275788689684525	0.7983997266436972	0.8864785558961461	0.8121434164895402	0.8834719954384055	0.8119422359240629	0.9815524005230711	0.9815562767025424	0.977901614142967	0.8058790436005626	0.733721545791424	0.6923950773114547	0.9804609218436874	0.8143361717274047	0.9531720538044569	0.6782027548555113	0.6103927367769448	0.9810828594256709	0.9780168496549014	0.9783806282594325	0.8347274761574938	0.8064723651823674	0.8125121483908588	0.519108734402852	0.8181088634917121	0.4063436264131347	0.8112713704961854	0.8096551724137931	0.6266284523189161	0.7900070372976777	0.6216829498896943	0.8041603673217985	0.6310798122065728	0.8067151399455378	0.8112309200392102	0.8042071197411003	0.8158490566037736	0.8084090088588964	0.8105924596050269	0.8181106189910339	0.4990081964145364	0.8136548875118629	0.8053579962330981	0.8005154201240406	0.818680872927878	0.8092031109107304	0.8123613740870976	0.8144160883108367	0.7964204545454545	0.8083857442348008	0.8030465747230386	0.8105677804944309	0.9545192428231165	0.9810708491076258	0.9959143345439009	0.9964817102648117	0.9955165378006873	0.9962472524526885	0.9962536648930395	0.9969382822151797	0.9953602695462455	0.9963612217795484	0.9964817102648117	0.9964817102648117	0.9964817102648117	0.9962536648930395	0.9955908523466759	0.9964817102648117	0.9962536648930395	0.9962536648930395	0.9962335726866278	0.9964954521134296	0.9960112003381234	0.9949661233707926	0.9950450327137343	0.9953997461928934	0.9954976684354397	0.9952405700374737	0.9963798384851017	0.9964038219235616	0.996497888039352	0.9964106057430309	0.9964065573770492	0.9953452288595811	0.9964243146603099	0.9953997461928934	0.9954481413243741	0.9946606866356986	0.9964106057430309	0.9964106057430309	0.9960112003381234	0.9960056831890196	0.9964077822644082	0.9960919602188503	0.9962536648930395	0.9962536648930395	0.9964954521134296	0.9962536648930395	0.9955908523466759	0.996249863133691	0.9960112003381234	0.996249863133691	0.9964106057430309	0.9955908523466759	0.9962783474791829	0.9964059605761522	0.9952303939036758
Pseudomonas_syringae_U888_17589_NZ_JAHASA010000001	0.5363158652461848	0.6000867997596314	0.6058030186406078	0.7948335674761318	0.8040641470082579	0.8115712844561986	0.8095329406930558	0.4997962736600363	0.500980065830837	0.6931926827713685	0.6933324731460275	0.6068158369873613	0.8009991443791229	0.6846201938105658	0.5257033062645011	0.9785203440610805	0.9778819211981452	0.4508659272231952	0.48488137115485364	0.7941961594764488	0.9709919058870846	0.6685210354964124	0.8863786672310257	0.799311306525513	0.6023004647741331	0.616613827777244	0.5921432510461608	0.6340406830738323	0.5759030559878158	0.5897536816556791	0.8093548739220608	0.5113752369841038	0.6046368949594756	0.5613009646071646	0.6858936323038006	0.5921432510461608	0.5407648552928129	0.7136895333252102	0.6169563791407019	0.6096897114861186	0.5666804864566058	0.5788322455459516	0.8101331583408525	0.9798213149147827	0.01481854838709673	0.6680488731324385	0.7980114526651663	0.5065120938886504	0.9636609005030058	0.6761674344612734	0.7170592078653433	0.7900374316153181	0.8039792189997716	0.5191919191919192	0.5442392007475023	0.7216479219086307	0.9801798677006169	0.8021779097723094	0.5714088968461644	0.5121194206325747	0.5286348420899432	0.21232508073196987	0.4426661499709359	0.4407759303246239	0.7100441448711254	0.5313650446509932	0.5266416578650253	0.042878120411160014	0.2137671417047593	0.0	0.9094702798570721	0.8069708807802067	0.8274882024882024	0.8001204093919325	0.8865587279786588	0.8119518316929412	0.883176959464757	0.8014629049111808	0.9798170329152127	0.9798213149147827	0.9775182906148554	0.7951065960795536	0.7420299556522467	0.7033133480593248	0.9792178394259018	0.8044639875320049	0.9510092301450451	0.6946292998406598	0.6049240841342806	0.9792106699575195	0.9783346126228737	0.9783977286754721	0.8289708025257704	0.8053234729592413	0.8122917541649167	0.49748322147651003	0.8202729044834308	0.40113199919142917	0.8118072897668285	0.807477964174012	0.6241405401848867	0.7913430466579738	0.5968566069465105	0.803698997599887	0.6272146292077955	0.8138645059644385	0.8107627118644067	0.8081408387530836	0.810357031626037	0.815748469671675	0.8089722167152851	0.8144557916006772	0.4876183955266461	0.8079739855789623	0.7971634848614559	0.7921159320279478	0.8104087178501825	0.7983658256880735	0.8031048220909466	0.8038349312213422	0.7885252991206574	0.8026617584595781	0.7949107808824374	0.8053301795978988	0.9516288502978831	0.9791973402992163	0.9956867502358808	0.9967478793463237	0.9955561577022084	0.9967278725763271	0.9961631221223416	0.9969367562145898	0.9960153811859117	0.9968652877505091	0.9967478793463237	0.9967478793463237	0.9967478793463237	0.9961631221223416	0.9956576513790978	0.9967478793463237	0.9961631221223416	0.9961631221223416	0.9967193394936847	0.996841934787303	0.9965361967440249	0.9955252971696819	0.9955251091099939	0.9958931142994293	0.9954827017230653	0.995805160756175	0.9962317210348707	0.9969023034154091	0.9968441495387603	0.9969081972411606	0.9969046800179899	0.9954916041250472	0.9969543147208122	0.9958931142994293	0.9961738179830555	0.9948005064791616	0.9969081972411606	0.9969081972411606	0.9965361967440249	0.9964027804073242	0.9969057442081879	0.9964919914067386	0.9961631221223416	0.9961631221223416	0.996841934787303	0.9961631221223416	0.9956576513790978	0.99588101951678	0.9965361967440249	0.99588101951678	0.9969081972411606	0.9956576513790978	0.9963520415056611	0.9962591775773987	0.995879424778761
Pseudomonas_syringae_UB303_12214_NZ_CP047267	0.9115128326935176	0.9169236578765183	0.9133706640991208	0.9147108104362724	0.7614488522525616	0.7339031009990182	0.9139682264085424	0.9127507292188685	0.9116671381181372	0.9070188504802507	0.8978183002279387	0.9049446346387771	0.9141386580677168	0.9071486534462646	0.9115966774934846	0.9891767293831321	0.9888256902476596	0.9038052068501561	0.9123156636110004	0.9150930323377131	0.9842589275050758	0.9104462525900844	0.9459191783334352	0.9146324592844117	0.8905576073762236	0.9052735844325192	0.893653603034134	0.8926183826410039	0.8903097615651111	0.8869281880909787	0.9202047798370622	0.9128258949712662	0.9020142835588191	0.9160039121818135	0.9073010560478708	0.893653603034134	0.9053378029912326	0.9097234499305468	0.9130911289713033	0.9053139734113733	0.9163301219157098	0.9104558540647311	0.9156571343719451	0.9895823698085283	0.9094352437176741	0.9104504026192373	0.9143047640613403	0.9121780007855957	0.9825491651643159	0.9053640495383454	0.9097772213990087	0.9187974643821001	0.771710103534452	0.9104574168505974	0.9126328368949256	0.907572707359998	0.9897883027495765	0.9159990471533707	0.9162541619719201	0.9130210748698924	0.9111268512556343	0.9074230694164336	0.9151685176367638	0.9092642909394921	0.910373600106237	0.9122354821249066	0.9134523962482333	0.9067082683307333	0.9075936357604694	0.9094702798570721	0.0	0.92119202019702	0.7706496487250538	0.7915061714510642	0.9457527282503758	0.7782594528737586	0.9502345034329368	0.9176026264471379	0.9895812856300373	0.9895823698085283	0.9881012391123407	0.9199248355778264	0.9158058478963614	0.9089419026033063	0.9883752207421614	0.9200352256800168	0.9715825693592243	0.9382162061932134	0.9101843699829095	0.9896559321837348	0.9877040919169522	0.9877212716831448	0.9209598263828948	0.7538097778290394	0.7630830367225582	0.9095754879779115	0.7566176364865059	0.9105919733312499	0.8052841764892837	0.8128000662215109	0.9126682862637919	0.8014175578214374	0.8919001063775898	0.7028798560071996	0.9057884930410534	0.7960086525713488	0.805279933481153	0.6734250099537533	0.7951626891978849	0.747485549132948	0.7913311824940384	0.7536807632066069	0.9086828100399464	0.918608586649953	0.9217259784252697	0.9209111754313424	0.9152277463530812	0.9209783631232361	0.9162123740651462	0.9179350929903409	0.9171370739618562	0.9157536739329594	0.9230143941572977	0.9117588564325668	0.9724182707915019	0.9896526923880008	0.9978939849253657	0.9983332510247419	0.9977406849551841	0.9984707971586425	0.9980143956316704	0.9980235689403859	0.997924403265939	0.9983910982289799	0.9983332510247419	0.9983332510247419	0.9983332510247419	0.9980143956316704	0.9978502813060462	0.9983332510247419	0.9980143956316704	0.9980143956316704	0.9980906566157508	0.9983362500308102	0.9983954337228388	0.9976401033386327	0.9974211713114652	0.997855103016338	0.9976683650180732	0.9976216566220053	0.9980791683929042	0.9983386878076786	0.9983367829686576	0.9983401476780375	0.9983392761197675	0.9976210432896164	0.998393130941429	0.997855103016338	0.9978430108593246	0.997315469300298	0.9983401476780375	0.9983401476780375	0.9983954337228388	0.9981991316360765	0.9983395397106404	0.9981450336367234	0.9980143956316704	0.9980143956316704	0.9983362500308102	0.9980143956316704	0.9978502813060462	0.9978445590690489	0.9983954337228388	0.9978445590690489	0.9983401476780375	0.9978502813060462	0.9977798061030664	0.9980854418499887	0.9981063673398198
Pseudomonas_syringae_UMAF0158_3878_NZ_CP005970	0.816419948068635	0.8254783978514062	0.8355356360920073	0.49976961558715116	0.8423424557516553	0.8314740443254499	0.35683573950431713	0.821305290198282	0.8174696855885825	0.7965153970826581	0.7975982532751091	0.8147875899827639	0.3546116674837173	0.6838112271389835	0.815405224380442	0.981100611450806	0.9783199068897054	0.8101276245368465	0.7979417465127071	0.4964190237301561	0.973153897647792	0.7177629916617536	0.8404044509933438	0.5195339051626477	0.8236621618116262	0.8180576976561907	0.82585969738652	0.8203829957890515	0.8077740506491179	0.8078223451667434	0.38054373197858027	0.8166182235140396	0.8192561169608363	0.8182556220063324	0.6846839055608407	0.82585969738652	0.8156320119670906	0.8038621338420131	0.8359770846594525	0.8168283159088047	0.8233173076923077	0.8127471694024595	0.2497210859055411	0.9799141668300547	0.8093402479270085	0.7177303768653571	0.5180469155002592	0.819672131147541	0.9677128427128427	0.8015431248277762	0.8022413009173821	0.5218942588387934	0.8488893391758061	0.8167223556437297	0.8102619497704564	0.7999842507284038	0.9839563685944779	0.5065890085575766	0.8216518849907124	0.8178286207640837	0.8070998535553506	0.819077157470889	0.8236638962855376	0.8151888953279797	0.8674126092995051	0.8097306689834927	0.8128423040604343	0.8067867225831209	0.8193020156135244	0.8069708807802067	0.92119202019702	0.0	0.8406571848945561	0.855590844928413	0.8406473542691898	0.8483358547655068	0.8280917654208447	0.4503550762756444	0.9799102279165033	0.9799141668300547	0.9767181803949634	0.5206416072585871	0.8134146341463415	0.8061298173357225	0.9817347549486845	0.2191843767949454	0.9546396071403636	0.880710158526347	0.8046433857792884	0.9798426853048794	0.9775709037807744	0.9776311298213676	0.4724716907458024	0.8346754731360345	0.8371028131957093	0.8097632349028997	0.845532952802434	0.8130766476631138	0.8586705130436945	0.8463352777073294	0.8226287790320488	0.8430110220440882	0.8280356563210067	0.8392112248767539	0.7982231553074914	0.8555260654013721	0.8560222545235827	0.8399607141957742	0.8524982371310568	0.8418064905053753	0.8470368122977346	0.8373561084292611	0.8122377334686377	0.5422301607552947	0.5091021793031449	0.5333054312481891	0.30246198406951486	0.5237059167370267	0.3360765753037581	0.248421052631579	0.5597522045576662	0.5257334019557385	0.5167518640315176	0.4249606114444705	0.9558392632900795	0.9798307537159644	0.9966557651166794	0.996785122536291	0.9967147515067681	0.9974348855564326	0.9962022786328203	0.9979984679631323	0.9971621861301847	0.9970147062422003	0.996785122536291	0.996785122536291	0.996785122536291	0.9962022786328203	0.9970903222651475	0.996785122536291	0.9962022786328203	0.9962022786328203	0.9971593740655835	0.9969202720015768	0.9970795103312322	0.9970264124540843	0.9966060788898107	0.9970544560481024	0.9964727066426581	0.9971120040180814	0.9973939703628002	0.9969740982812878	0.9969222435613335	0.9969793630080711	0.9969762210019594	0.996503754770405	0.9974626720015615	0.9970544560481024	0.9971616372871228	0.9964633068081344	0.9969793630080711	0.9969793630080711	0.9970795103312322	0.9971879625061667	0.9969771715999226	0.9967509114809395	0.9962022786328203	0.9962022786328203	0.9969202720015768	0.9962022786328203	0.9970903222651475	0.9969055046794807	0.9970795103312322	0.9969055046794807	0.9969793630080711	0.9970903222651475	0.9972645949875552	0.9974112332174311	0.9969296589908141
Pseudomonas_syringae_USA011_12213_NZ_CP045799	0.836573354069466	0.8408931082981717	0.8415231553961922	0.8446858998376421	0.46945538057742786	0.38874283788338393	0.831499227960099	0.8283333770010742	0.8254593175853018	0.8217654108696785	0.7921032731986605	0.8068476264748057	0.8316008825692571	0.805639398395377	0.8261062872685427	0.9781543262785434	0.9774742337638958	0.809577891349612	0.8337116172288748	0.8432260647615235	0.9679793385596416	0.8101571325870391	0.8961029674651412	0.8412813342654549	0.79424094744013	0.8062185297079557	0.7836104937798554	0.7752232371959356	0.7725453505899476	0.76710361395446	0.8470361445783132	0.8356380366512446	0.7871790937915516	0.8319854587603066	0.8059782328364368	0.7836104937798554	0.8214715894213145	0.8214022889334383	0.8386991788503906	0.8082955995296826	0.8407061688311688	0.827748801433012	0.8366113426433672	0.9784263959390863	0.8307098227454346	0.8103656499730195	0.8405865893874288	0.8303769119181533	0.9694065446478092	0.813901646388956	0.8172213692784095	0.8431323492619465	0.5614062451258696	0.8292440824637313	0.832158337249987	0.8205395509674794	0.9811180960933992	0.8443192534868715	0.8383440494040509	0.8284216902372863	0.8229883239767006	0.8270796742775028	0.837017442774082	0.821640903686088	0.8780314930462434	0.8263059357118372	0.8314018887173987	0.8214685650295952	0.8275788689684525	0.8274882024882024	0.7706496487250538	0.8406571848945561	0.0	0.5740947075208913	0.8958045621220058	0.5629457364341085	0.9026294262007712	0.8435262241145732	0.978422218875718	0.9784263959390863	0.9767236818903192	0.8440923268870867	0.8406750975506558	0.8169094991905582	0.9777821643198666	0.8385158923603417	0.9478616105430794	0.8896907963021072	0.8296196442259403	0.9796495927758214	0.9749830966869506	0.9750494515374932	0.8499033816425121	0.43474020514545153	0.44236999432216695	0.8261341605273362	0.47835886714794373	0.8240320283741301	0.5741931532855655	0.5944275274056029	0.8340171199918959	0.5798757387482951	0.7832954225982058	0.4564280980781975	0.8049649840608449	0.5868551753557391	0.5433073342558812	0.4423557644235576	0.5670675013946569	0.43545150501672236	0.5473723865134676	0.4020462931902047	0.8123953551174723	0.8420106375009364	0.8485187116640592	0.8448159532198816	0.8346402666143893	0.8451081514119767	0.8334065826740893	0.8387714987714987	0.8396115140412076	0.8400598653030681	0.8484342692010662	0.8258555695173331	0.94927486108229	0.9796377156197311	0.9962486083547122	0.9958359713631715	0.9961340206185567	0.9974522602091573	0.9959440525060839	0.9967141292442497	0.9962592583356193	0.9960477165923606	0.9958359713631715	0.9958359713631715	0.9958359713631715	0.9959440525060839	0.9960262029767353	0.9958359713631715	0.9959440525060839	0.9959440525060839	0.9963943192131276	0.9959238141453355	0.9967179339753726	0.9956437203120769	0.9953458434420953	0.9961399218394111	0.9957990335348826	0.9956963715960525	0.9967321904378865	0.995922163399628	0.9959263839383138	0.995929152978146	0.995924981531349	0.9959038247127829	0.9970942100333806	0.9961399218394111	0.99615111176485	0.99533105934151	0.995929152978146	0.995929152978146	0.9967179339753726	0.9964544174073534	0.9959262435677531	0.9961427664664811	0.9959440525060839	0.9959440525060839	0.9959238141453355	0.9959440525060839	0.9960262029767353	0.996360845670149	0.9967179339753726	0.996360845670149	0.995929152978146	0.9960262029767353	0.9962139598097272	0.9967534899982519	0.9966825935186789
Pseudomonas_syringae_isolate_CFBP2118_5951_NZ_LT962481	0.8039379275821792	0.8154430650684932	0.8058782023447677	0.8373201980768727	0.46380292321416317	0.4887302161824224	0.8426412614980289	0.8008844603672189	0.7949575580414863	0.7770567656020765	0.7662962109869861	0.8240092939202271	0.8384035724253419	0.8168548902620925	0.7901769388731047	0.9796002378447606	0.9786884861557218	0.7939333237945343	0.7978105263157895	0.836934857862163	0.9741626567425984	0.8268119574681407	0.885145136606538	0.832774166491927	0.779596350566768	0.8225255972696246	0.7928905074815928	0.7912855523631284	0.7807677832141513	0.7777538146330943	0.8470065962729804	0.7759852565920046	0.8069247289298622	0.7963603378876354	0.817201437891093	0.7928905074815928	0.8010174297389709	0.8003230148048452	0.7797790388463963	0.8257890685142417	0.803913541837236	0.7932733140818753	0.846252547362065	0.9798282493961893	0.7993612246072395	0.8262650284053376	0.8324987546863121	0.7969487732321716	0.966042724932155	0.7981069865272015	0.7866232283574193	0.8150591629049921	0.40069409297953873	0.798878423259106	0.7975585800477059	0.780447708030797	0.979474066949729	0.8424079158679998	0.8070705421293273	0.7932880203908241	0.7847281404465656	0.7973381212950297	0.7968086912239009	0.798566122484236	0.8518308489954634	0.7884221893827441	0.7967779121095397	0.7984386089425124	0.7983997266436972	0.8001204093919325	0.7915061714510642	0.855590844928413	0.5740947075208913	0.0	0.885233991381902	0.4249079059223576	0.8877483035163479	0.8412806539509536	0.9798241886058112	0.9798282493961893	0.9766838187999632	0.8217798160273573	0.8000354098692364	0.7756730091613813	0.9772259569213884	0.8521728113518308	0.9454242767872222	0.8710692628508558	0.790794501796612	0.980763180367657	0.9769117060465989	0.9769754545241828	0.856146054770539	0.5254852766406972	0.5397363956674932	0.7914272230088004	0.5473598700243705	0.8062410943288686	0.4276213933849402	0.5381618909282979	0.8082091968911918	0.5138439172669002	0.7876080386022588	0.4908691983122363	0.8111986274662716	0.4737455842507803	0.4070542691232346	0.5140292178752444	0.4884996762871844	0.5198114451476794	0.4342597164421246	0.4951986319389634	0.802480373193765	0.8271126574938057	0.8331497508523472	0.8247297010811957	0.8455570157703194	0.8204595127672051	0.8435744337792558	0.8487100783846173	0.821659096342338	0.8375576336971529	0.8318406911811189	0.8387702298209122	0.9483995186522263	0.9807515009781655	0.9954842965142828	0.9965583173996176	0.9951555328913819	0.9965654098610899	0.9955925563173359	0.9956602762106553	0.9952080442012098	0.996417759838547	0.9965583173996176	0.9965583173996176	0.9965583173996176	0.9955925563173359	0.9953058752271351	0.9965583173996176	0.9955925563173359	0.9955925563173359	0.9958330118064666	0.9965710802367225	0.9963871744693662	0.9947583143978517	0.9943357497336763	0.995276975254365	0.9950870583443642	0.9949915661087323	0.995749062681523	0.9962823423738117	0.9965733431479554	0.9962890089910588	0.9962850304178718	0.994994028409524	0.9963765380840945	0.995276975254365	0.9953200133713904	0.9943444078113112	0.9962890089910588	0.9962890089910588	0.9963871744693662	0.9960807268470211	0.9962862341417212	0.9960602727109928	0.9955925563173359	0.9955925563173359	0.9965710802367225	0.9955925563173359	0.9953058752271351	0.9953488372093023	0.9963871744693662	0.9953488372093023	0.9962890089910588	0.9953058752271351	0.9950878086026979	0.9957781565491018	0.9960778202031222
Pseudomonas_syringae_isolate_CFBP3840_6707_NZ_LT963409	0.8719037324512281	0.8867439188851706	0.8813251186748813	0.8190468638490207	0.8937888046332425	0.8946323968918111	0.8253668976763147	0.8867242936395304	0.8766196596763283	0.8663480767732384	0.8741977563266371	0.8924180575348422	0.8233416739008323	0.8596307817838748	0.8757689811810513	0.9780694769888755	0.9742300586956013	0.886495986569435	0.8776152805246175	0.820824970951727	0.9710049112202493	0.8702937317048551	0.004727288944387453	0.8205971327107721	0.8857551143200962	0.8922262764903462	0.8964889155182745	0.8924295140971805	0.8902284880894507	0.8923431622375926	0.8167638334867546	0.881035725316586	0.8994672170490544	0.8860960616795166	0.8598052212930859	0.8964889155182745	0.890999617004979	0.8650022765214752	0.8843329101003311	0.8949982007916517	0.8811702963770505	0.877872173572082	0.819894672256877	0.9737177338250084	0.8878304358180519	0.8699464321811199	0.8194481015324662	0.8851322498806863	0.9645864574922136	0.8871410279860984	0.8725558210642617	0.8013310790864934	0.8780948542931265	0.8839622167512435	0.8771564622310114	0.8719194461925739	0.9803551893489747	0.8188953640993333	0.885820311513897	0.8786746452742429	0.8823254727994396	0.8858947809903274	0.8839118198874296	0.8871826100770474	0.915434530265837	0.884721284222557	0.8797275870135947	0.8839084672985286	0.8864785558961461	0.8865587279786588	0.9457527282503758	0.8406473542691898	0.8958045621220058	0.885233991381902	0.0	0.8820106877091345	0.543648501187496	0.8239932843224542	0.9734829852881992	0.9734883201072986	0.974833710484811	0.8067251539958935	0.8886457799916205	0.8740893293860214	0.9814534186777645	0.8512771424253112	0.9417394022457861	0.9339364561336149	0.8843460995872303	0.976254540562357	0.9813229391429433	0.9813739327610541	0.8294220843609367	0.8879519264058559	0.8894173895899053	0.8768958803033409	0.8925469353608425	0.8844292853176806	0.8797868632040237	0.8738886643766417	0.8851447912749154	0.889224127357912	0.896485592367071	0.8913273725953841	0.8683350131517491	0.8845847440748855	0.8902750564250106	0.8912077389574996	0.8782870777345222	0.8956908344733242	0.8870851281029803	0.8958433215073354	0.8868558527813509	0.7865655471289275	0.7824136993748301	0.811724945446804	0.8248313228378654	0.796959796959797	0.8252866549716523	0.8444826626874731	0.7874575811049274	0.8222094059665496	0.7858987954428039	0.8283796496402329	0.9428118317033904	0.9762401561553476	0.9954681638510536	0.9964577587733725	0.9956500847221871	0.9964650035349965	0.9959861945545188	0.996837124566686	0.9943313310970695	0.996269030448718	0.9964577587733725	0.9964577587733725	0.9964577587733725	0.9959861945545188	0.9958696305196756	0.9964577587733725	0.9959861945545188	0.9959861945545188	0.996505547761765	0.9965466827989514	0.9957893163244967	0.9946186961869619	0.9951571354971664	0.9954629306476542	0.9952008082849204	0.9953410553410553	0.9963348866432797	0.9963350914988981	0.9965489445312107	0.996341614139167	0.9963377214688707	0.9952603050548342	0.9959526307899865	0.9954629306476542	0.9956893253411555	0.9946911561202667	0.996341614139167	0.996341614139167	0.9957893163244967	0.9962121212121212	0.996338899196042	0.9962944162436548	0.9959861945545188	0.9959861945545188	0.9965466827989514	0.9959861945545188	0.9958696305196756	0.9962650043789604	0.9957893163244967	0.9962650043789604	0.996341614139167	0.9958696305196756	0.9958862276960352	0.9963597597441431	0.9962636569779427
Pseudomonas_syringae_isolate_CFBP4215_6752_NZ_LT962480	0.8066721808657292	0.823784126313566	0.8155747572296086	0.8298652969233189	0.48766240306173836	0.5084258780991735	0.8330631680259358	0.8020005557099195	0.800872658551498	0.7782539282413242	0.7653391359120452	0.8315059411494722	0.8318368589255821	0.815927515498331	0.7995895274018194	0.9780317344685501	0.9766312594840668	0.8009497427779977	0.8001224876120483	0.829411610398468	0.9726841695562947	0.825778850948794	0.8821970549263731	0.8282336942308698	0.7914013605442177	0.8281965368186818	0.7978420461373671	0.7934452814396318	0.7882562277580071	0.7829335325666409	0.8391445138941185	0.7870285060166959	0.8206896551724138	0.806990117804701	0.8162724792753662	0.7978420461373671	0.8101047206535446	0.793174906477918	0.7946385315174678	0.8324498440155224	0.8121262726929914	0.8025346136668156	0.8365195460277428	0.9780885365636413	0.8153381846900208	0.825572840025226	0.8279578330586728	0.7984559122308005	0.966376290560472	0.8023020205999887	0.7858230652083622	0.8083771590272031	0.42667797688474185	0.8024061935205417	0.8046623794212219	0.7718971096363736	0.9790816445511998	0.831284277285369	0.8190264538931135	0.8075468550136256	0.7918397126501291	0.8114453616902196	0.8143818730783081	0.8064506962205171	0.8606344253770151	0.7950518127439692	0.804070752228362	0.8055796999859807	0.8121434164895402	0.8119518316929412	0.7782594528737586	0.8483358547655068	0.5629457364341085	0.4249079059223576	0.8820106877091345	0.0	0.8822006951120314	0.8352493319215449	0.9780841444130158	0.9780885365636413	0.975754113345521	0.8087056128293242	0.799994970324917	0.7772897666871817	0.97653051942145	0.8464283906242089	0.9460100647016535	0.8744263874451741	0.7970119802677942	0.9801975772205087	0.9767490671641791	0.9768128750174426	0.8444383052465028	0.49214870487182927	0.4928884575482748	0.7952920470795293	0.506474963474565	0.8059866334390575	0.5027972027972027	0.524635761589404	0.8131143162393162	0.5267921088612539	0.7959221064754227	0.45835903763109187	0.8152249491385748	0.4318635519910342	0.4557416681056812	0.5125407863946475	0.513703420027307	0.5282447224394058	0.46561555372355046	0.544166482178437	0.8040754120568977	0.8154566620806435	0.8244531393608361	0.814862029585956	0.8331767513901938	0.8099208894590549	0.8346162582338541	0.8417300862506342	0.8087485654807974	0.8257708502236054	0.8241277537683145	0.8286702614711567	0.9472272770807394	0.9801856200380186	0.9957684751397915	0.9961501443695862	0.9953926383474254	0.9965638343566032	0.9959318391157507	0.9960467296824713	0.9952944235018848	0.9960902255639098	0.9961501443695862	0.9961501443695862	0.9961501443695862	0.9959318391157507	0.9951114342299883	0.9961501443695862	0.9959318391157507	0.9959318391157507	0.9958365261813538	0.9961643282527506	0.995986538701234	0.9947693648880798	0.9944795563007868	0.9953593972206283	0.9953750505458957	0.995259930959864	0.9960164583169536	0.995959245395275	0.9961668431936248	0.9959664447798867	0.9959621482362268	0.9953075331752359	0.9963762683060928	0.9953593972206283	0.9955579382706594	0.9947125915854672	0.9959664447798867	0.9959664447798867	0.995986538701234	0.9956763590391909	0.9959634481563111	0.9960366860598054	0.9959318391157507	0.9959318391157507	0.9961643282527506	0.9959318391157507	0.9951114342299883	0.9956408470685342	0.995986538701234	0.9956408470685342	0.9959664447798867	0.9951114342299883	0.9956295472918351	0.9960435212660732	0.9960796451047147
Pseudomonas_syringae_isolate_CFBP6109_6963_NZ_LT963391	0.8788923800035763	0.8834874635280154	0.8853594933565131	0.808582335132289	0.902152218347962	0.904796443612541	0.8178641071745132	0.8821905200184077	0.8703364230203197	0.860859262311972	0.8738636656279777	0.8874832279087598	0.8123997862105825	0.8630944911532188	0.8789496538864339	0.9781241577576139	0.9729379954241871	0.8822092902421282	0.8743754828740664	0.8113009198423128	0.9722086446477202	0.8710319930287564	0.5454341197239608	0.8083654779710829	0.8838812038276563	0.8887292923489418	0.8907948894863316	0.8952842453610684	0.8877474920008661	0.8914951791624695	0.7985690840086163	0.86539600772698	0.8913666316493172	0.8830532934748995	0.8632656646006374	0.8907948894863316	0.8905162851668852	0.8755226761016404	0.8725782414307004	0.8920800076016724	0.8805899143672693	0.8759237248720997	0.8105865886245069	0.9752732722143864	0.8840784683481313	0.8708873379860419	0.8074892991255482	0.8788898862956314	0.9650281186676077	0.8880158689267865	0.8722761979655513	0.7774475099305537	0.8949031325773348	0.8787063337818308	0.8787723391707905	0.8592037800341812	0.980170492405965	0.8076923076923077	0.8830406435012865	0.8781664345044626	0.8781828926745292	0.8834430563475195	0.8806312695015344	0.8838153620454784	0.9132847597115784	0.880550553125804	0.8821918509418509	0.8818003002225788	0.8834719954384055	0.883176959464757	0.9502345034329368	0.8280917654208447	0.9026294262007712	0.8877483035163479	0.543648501187496	0.8822006951120314	0.0	0.8140819377232765	0.9750424410785545	0.9750473923202398	0.9732851169623686	0.7853142168028943	0.872512191138384	0.868064779809952	0.9810098302055407	0.8433273219116321	0.9422607045427589	0.9238605385240806	0.876200862024199	0.9756054328318525	0.9809630715660221	0.9810143934201507	0.8129408469353976	0.8944340607325776	0.8948617366458425	0.8782927137264807	0.901592732705236	0.8831409620306053	0.8964155969968516	0.8996150285073827	0.8864248807139855	0.8983376573460171	0.8898125431722363	0.8974024089391961	0.8671009138635037	0.8803108808290155	0.8910910470038416	0.9018727490996399	0.8957723100956845	0.9024021864211738	0.8842476218640642	0.9048256428319831	0.8851132266348474	0.7858346934953041	0.7845049292756108	0.7905770362051446	0.8175492063492064	0.7738991062454158	0.812910756426197	0.8352801973717335	0.7923173433704386	0.8123140366445686	0.7844876239619447	0.815305707901686	0.9421146315414738	0.9755908304881834	0.9952338397378612	0.9959578821298468	0.9957627118644068	0.9966406211118299	0.9950064311114474	0.996657437202225	0.9957015658581517	0.9964955577492596	0.9959578821298468	0.9959578821298468	0.9959578821298468	0.9950064311114474	0.9961018454554426	0.9959578821298468	0.9950064311114474	0.9950064311114474	0.9966066760506737	0.9960973427129682	0.9965883710085168	0.9953059936908517	0.9955085261875761	0.9966122499079416	0.9952697487987652	0.9960712746812663	0.9964670689566248	0.9958964338055691	0.9960998633710099	0.9959036379596216	0.99589933852425	0.9953781930225624	0.9969735741351311	0.9966122499079416	0.9972641935645801	0.9951907583232108	0.9959036379596216	0.9959036379596216	0.9965883710085168	0.9962665206461409	0.9959006393050608	0.9959962965743313	0.9950064311114474	0.9950064311114474	0.9960973427129682	0.9950064311114474	0.9961018454554426	0.9958864455842771	0.9965883710085168	0.9958864455842771	0.9959036379596216	0.9961018454554426	0.9971676314939502	0.9964906887983811	0.9967514339373635
Pseudomonas_syringae_psy100_6403_NZ_MLEV01000005	0.8103012736990454	0.8267710511551997	0.8244094285787729	0.43507330980179204	0.8331242472902449	0.8283101430748807	0.37430740816745334	0.8133269440673003	0.8128493106935647	0.7967703189643667	0.795048514824725	0.8184362427846773	0.3736651150054765	0.6808151832161435	0.8034606332905434	0.9814310200852635	0.9786922209695603	0.8041914209407532	0.7927120021674343	0.44235254351867503	0.9727262353075431	0.7265560394729589	0.8237242363251892	0.38949420405889934	0.8169838568260354	0.8178499087248994	0.8223065664458833	0.8206195786864932	0.8052574154423892	0.8046978161503301	0.2630984889859822	0.8145097418026295	0.818297680927629	0.8058955445678312	0.6812298196988313	0.8223065664458833	0.8156595654813759	0.7990610572184469	0.8360098670962546	0.8213922322868843	0.8194444444444444	0.8123008541516052	0.3644580383531514	0.9789101416772691	0.8035129256944635	0.7265327520556261	0.3877543908558684	0.8176422008877877	0.9684360590737977	0.8011547784405044	0.800333615759373	0.4609015025041736	0.8357139239224028	0.8122312593897322	0.8061803770351328	0.7982900652269951	0.9839405237859934	0.448169814474344	0.8141574495770982	0.8082990674299229	0.8047313444859161	0.811074125192823	0.8191713576821492	0.8105533964639553	0.8623086809206684	0.8084546382338722	0.8077221731330495	0.8014037760487513	0.8119422359240629	0.8014629049111808	0.9176026264471379	0.4503550762756444	0.8435262241145732	0.8412806539509536	0.8239932843224542	0.8352493319215449	0.8140819377232765	0.0	0.9789060477957036	0.9789101416772691	0.9774183569755623	0.4784514003294893	0.8137498492341093	0.8067737503962802	0.9798441102206609	0.4484032726313011	0.9514755762707954	0.8790153033784774	0.8036701723950992	0.9765698015605643	0.9781133776625719	0.9781714362790279	0.4902840059790733	0.8314066238509004	0.8356665247552028	0.8058406099137363	0.8412805349701824	0.8069686029974839	0.8517290852421708	0.8457003812964078	0.8208514246075584	0.8355809257920582	0.8282723547128821	0.8320255520346059	0.7714825551299307	0.8444388902774307	0.8475764987770179	0.8344632627023241	0.848128155145699	0.8380506278652582	0.8393135725429017	0.8387088886171904	0.8099207211120765	0.4607444895784777	0.49100643097313357	0.4631315657828915	0.3507722276332267	0.45846741753821396	0.3510454167820548	0.4418135520354509	0.4518187619655393	0.4246975669430474	0.4756028978795197	0.364678346470244	0.953246693396009	0.9765560436692619	0.9965279463895499	0.997315960276212	0.9967324245897242	0.9973456714964082	0.9961525181275588	0.9978285797935931	0.9972747274727473	0.997246443322625	0.997315960276212	0.997315960276212	0.997315960276212	0.9961525181275588	0.9974660939234519	0.997315960276212	0.9961525181275588	0.9961525181275588	0.9971221251998524	0.997325488098422	0.9976222499759824	0.9970649895178197	0.9967499441784305	0.9970916957096503	0.9963468095470044	0.9971745111160681	0.9974538029092193	0.9973716279180904	0.9973271777426801	0.9973761419745725	0.9973734479465138	0.9966947772620118	0.9976155495074545	0.9970916957096503	0.9970997394681217	0.9963380623256942	0.9973761419745725	0.9973761419745725	0.9976222499759824	0.9973216459702946	0.9973742630033657	0.996719063708927	0.9961525181275588	0.9961525181275588	0.997325488098422	0.9961525181275588	0.9974660939234519	0.9967964636932551	0.9976222499759824	0.9967964636932551	0.9973761419745725	0.9974660939234519	0.9972264123400321	0.9974704468042477	0.9966707247385028
Pseudomonas_syringae_pv_actinidiae_PSAAH01_20743_NZ_CP116478	0.9786407320549961	0.9805658440805034	0.9796679472489946	0.9810636404094348	0.9795417890992643	0.9778708521341134	0.9793112393799858	0.9779927951228524	0.9776546629732226	0.9782459824689554	0.9753940880998125	0.9792445449013301	0.9791049295926976	0.9806289476025265	0.9791570916444526	0.9375201957254304	0.8340073624721315	0.9764562137268263	0.9779384586952504	0.9817328230687077	0.9742954190764711	0.9788332702708719	0.9734473648860431	0.9801340673000088	0.979023329822281	0.978661852351329	0.9803005730349227	0.9806128830519074	0.9786416248089103	0.9772941047796129	0.9795417348608838	0.9803087478559177	0.9798662091134182	0.9776550631436693	0.9806289476025265	0.9803005730349227	0.9794730813287514	0.9770189098998887	0.9782637714692534	0.9805286019925227	0.9789894157207014	0.9766463726355905	0.9801963110775537	0.0037774288018335156	0.9807692307692307	0.978812048837002	0.9801340673000088	0.9784673417607832	0.968396025390844	0.9775146821404338	0.9754281289852432	0.9776676046272723	0.9781552854808747	0.9785100607909554	0.9794572660410855	0.9807355127949042	0.9612903225806452	0.9802937143362676	0.9800049593111066	0.9759717150101184	0.9784573423017359	0.9808146192134227	0.9805117973226921	0.9789359083593676	0.9831834249116299	0.9803231631094033	0.9789838337182448	0.9792536930293342	0.9815524005230711	0.9798170329152127	0.9895812856300373	0.9799102279165033	0.978422218875718	0.9798241886058112	0.9734829852881992	0.9780841444130158	0.9750424410785545	0.9789060477957036	0.0	0.00114747131321713	0.5459204656901515	0.9793697422886901	0.9810848574586557	0.977217268352756	0.9437361228740815	0.9797763606185027	0.9741514538386341	0.9793343046060742	0.9784342068450993	0.8403709305497012	0.9596505823627288	0.9596883859220504	0.9817302293439295	0.9794702573415422	0.9796031114646866	0.9779440187362151	0.9809536435547307	0.9757320592270211	0.9798185439256473	0.978267188373393	0.9794675443899599	0.9787360496599089	0.9811328910116488	0.9797150820687519	0.9804731424617248	0.9787366548042704	0.9777059413666258	0.9804560978296795	0.9789422025920721	0.9778209343896895	0.9785497681056011	0.9789614943399494	0.9751530852567122	0.9781210354114269	0.97736740103807	0.9794393773833151	0.9796334012219959	0.9778419391660511	0.9796213232122832	0.9814129630435728	0.979034704255509	0.9809875832761559	0.9792563513483372	0.9804044419478892	0.974049308588064	0.8397170162591535	0.9960095965530749	0.9961594327777641	0.9956949569495694	0.9962657232704403	0.9961221040071592	0.9960341897184521	0.9955314314567029	0.9965167827739075	0.9961594327777641	0.9961594327777641	0.9961594327777641	0.9961221040071592	0.9953453233903592	0.9961594327777641	0.9961221040071592	0.9961221040071592	0.9966765873015873	0.9959761513359668	0.9962435170374679	0.9952184091248693	0.9950655010895975	0.9950002427066648	0.9962197456919829	0.9956968802381727	0.9966427590416603	0.9964091193907553	0.9961264066292382	0.9964153394601357	0.996411627290899	0.9957343531661396	0.9963547995139733	0.9950002427066648	0.9971017364809631	0.9949586412804072	0.9964153394601357	0.9964153394601357	0.9962435170374679	0.9959703179517421	0.996412750385208	0.9966190370425212	0.9961221040071592	0.9961221040071592	0.9959761513359668	0.9961221040071592	0.9953453233903592	0.9961930523204849	0.9962435170374679	0.9961930523204849	0.9964153394601357	0.9953453233903592	0.9958013111694944	0.9966648980519973	0.9963928759299616
Pseudomonas_syringae_pv_actinidiae_str_Shaanxi_M228_11439_NZ_CP032631	0.9786451509091327	0.9805697459120619	0.9796720575022462	0.9810674319784645	0.9795458561583319	0.9778751510965291	0.9793152639087018	0.9779973679957519	0.9776593043919777	0.978250450738298	0.9753992131451052	0.9792486038982203	0.9791089965397923	0.9806328241389278	0.9791614014933946	0.9377537836840162	0.8343179933665008	0.9764611915053562	0.9779430445527404	0.9817364803238938	0.9743007273811982	0.9788375094574747	0.973452714045887	0.9801380351079647	0.979027559937262	0.9786660287497554	0.9803044061054179	0.9806166451056489	0.9786458219611782	0.9772985740530138	0.9795456992141243	0.9803128001097544	0.979870143970815	0.9776597479441843	0.9806328241389278	0.9803044061054179	0.9794773128106461	0.977023510309393	0.9782681228729675	0.9805323884015384	0.9789936823104693	0.9766512557210232	0.9802001552928996	0.002632472826086918	0.9807733188463992	0.9788162965272983	0.9801380351079647	0.978471692183361	0.9684024040186581	0.9775194161130345	0.9754331640900709	0.977672092348226	0.9781596849266022	0.978514398492868	0.9794615278225992	0.9807393600497049	0.9612983770287141	0.9802976361585919	0.980009015100293	0.9759767441860465	0.9784618228877796	0.9808186533339563	0.9805158656522546	0.9789403942168903	0.9831860729594961	0.9803272617862846	0.9789882010667529	0.9792580494633691	0.9815562767025424	0.9798213149147827	0.9895823698085283	0.9799141668300547	0.9784263959390863	0.9798282493961893	0.9734883201072986	0.9780885365636413	0.9750473923202398	0.9789101416772691	0.00114747131321713	0.0	0.5456357366572812	0.9793738735731927	0.9810884070058382	0.9772219435450773	0.9439652213705526	0.9797803349564382	0.9741567415219565	0.9793384725708139	0.9784387310319107	0.8404065443728309	0.9598752598752599	0.959912452482433	0.9817337795530605	0.9794743484710936	0.9796071673184419	0.9779485314176594	0.9809574303576557	0.9757372242060207	0.9798225624460718	0.9782715607815085	0.9794716812178196	0.9787402614551697	0.9811365600691443	0.9797191197611412	0.9804769420361923	0.9787409104049456	0.9777104136947218	0.9804599726836146	0.9789464293679468	0.9778253386876131	0.9785540718282543	0.9789655918632331	0.9751583507970519	0.9781254172415328	0.9773719376391983	0.9794435030767858	0.9796373719212357	0.9778464017185822	0.9796252775921175	0.9814166031987814	0.9790389118073364	0.9809913697720735	0.9792605146960439	0.98040825143104	0.9740546194601724	0.8397528167965453	0.9960104755611033	0.9961602835482918	0.9956959098846504	0.9962665487682067	0.9961229713944877	0.9960350687090578	0.9955324465534213	0.996517546209483	0.9961602835482918	0.9961602835482918	0.9961602835482918	0.9961229713944877	0.9953463440781619	0.9961602835482918	0.9961229713944877	0.9961229713944877	0.9966773289692281	0.9959770396899377	0.9962443362167139	0.9952194806164878	0.9950666132425122	0.9950013345951324	0.9962205806562446	0.9956978489244622	0.9966435273476237	0.9964098980796569	0.996127261140252	0.9964161154539988	0.996412404892613	0.995735294117647	0.9963555965888384	0.9950013345951324	0.9971023824855119	0.9949597514129823	0.9964161154539988	0.9964161154539988	0.9962443362167139	0.9959712088829931	0.9964135275003009	0.9966197878114976	0.9961229713944877	0.9961229713944877	0.9959770396899377	0.9961229713944877	0.9953463440781619	0.9961939102564102	0.9962443362167139	0.9961939102564102	0.9964161154539988	0.9953463440781619	0.9958022388059702	0.9966656562594726	0.9963936889556724
Pseudomonas_syringae_pv_actinidifoliorum_ICMP_18803_20753_NZ_CP081457	0.9766349625923391	0.9782260280245444	0.977523686576454	0.9786033978808915	0.9766656084176153	0.9753818906353775	0.9771049890290122	0.9749157530020409	0.9744721233689205	0.976939645081238	0.9734828684122986	0.9771613190730838	0.9772550932186481	0.9788578205537564	0.9758856872933397	0.9316529671687176	0.8317060842267685	0.9751868820834338	0.9760741724366878	0.979313651619974	0.9731459907270117	0.9777848736429158	0.9747991485270892	0.9768867817008958	0.977055888911879	0.976721889005329	0.9788205060038105	0.9800233980089619	0.9769222160044768	0.9760661542253994	0.9768982728919122	0.9782139167996995	0.9786187869888311	0.9764523069567296	0.9788578205537564	0.9788205060038105	0.9780493537015276	0.9752252766054522	0.9761279868544173	0.9786027555043636	0.9767463405595701	0.9746630084695217	0.9773159828265392	0.5466013278533038	0.9779958226064992	0.9777620493618576	0.9768867817008958	0.975891951691712	0.9627628875499227	0.9751712534551136	0.9738852164163416	0.9752263091554945	0.9758623857425015	0.9764567798950566	0.977709417889257	0.9782732469425403	0.9572257358885349	0.9785009638280984	0.9781930023356381	0.9744336492325321	0.9755361850699475	0.9771399725968126	0.9782209831534301	0.9770517308440295	0.9809389402979742	0.9774489747371425	0.9773901502583305	0.9770864292219932	0.977901614142967	0.9775182906148554	0.9881012391123407	0.9767181803949634	0.9767236818903192	0.9766838187999632	0.974833710484811	0.975754113345521	0.9732851169623686	0.9774183569755623	0.5459204656901515	0.5456357366572812	0.0	0.9767479043420662	0.9777131368439064	0.9752627021460835	0.9346865474136913	0.9765043493857053	0.9730334459853164	0.9755136828526675	0.9766389813063979	0.8388334222493204	0.9524558518624437	0.9525144975758152	0.9792709394516543	0.9769339150986274	0.9768670764066859	0.9768022008766204	0.97809126372131	0.9738868511186144	0.9764566857558403	0.9758621480852626	0.9775838309600368	0.9755485751734424	0.9788601311824144	0.9775362483265639	0.9787031291552167	0.9759828318341628	0.9758088487481422	0.9773575516297587	0.9763262128809214	0.9748329369124477	0.9758308157099698	0.9766982534786178	0.9746890472165197	0.9756298106571044	0.9744791785771456	0.9763453171513625	0.9774756763961082	0.9750229779411764	0.97722498618021	0.9789713367264934	0.9767729238655347	0.9781443111595783	0.9766723135387574	0.9778422813587113	0.9740764894955047	0.8385456394609713	0.9956001407954945	0.9955738782942991	0.9950971720286083	0.9959377286604597	0.9946050983099384	0.9957752536112727	0.9954343822148435	0.9956206206206206	0.9955738782942991	0.9955738782942991	0.9955738782942991	0.9946050983099384	0.9954478377229183	0.9955738782942991	0.9946050983099384	0.9946050983099384	0.9963821656050955	0.9953876398830527	0.9956945896172416	0.9945998515599007	0.9949306502663339	0.9951683602311218	0.9955362772047512	0.9951403887688985	0.9958145861672073	0.9953954697363535	0.9952388149939541	0.9954036622433093	0.995398773006135	0.9953168668328424	0.99580733715997	0.9951683602311218	0.9961806793298366	0.9940658788031179	0.9954036622433093	0.9954036622433093	0.9956945896172416	0.995406128527437	0.9954002522442318	0.9958664063094362	0.9946050983099384	0.9946050983099384	0.9953876398830527	0.9946050983099384	0.9954478377229183	0.9962181631077952	0.9956945896172416	0.9962181631077952	0.9954036622433093	0.9954478377229183	0.995536952520235	0.9958429681207618	0.9958291496099483
Pseudomonas_syringae_pv_aptata_G733_11468_NZ_RBOI01000041	0.7940454950936664	0.8053766902768834	0.8074217802570943	0.44712759664567314	0.8368079774729391	0.83446065317248	0.46950712885107515	0.79997772270335	0.7995824634655533	0.7723714591428732	0.7740770237214859	0.813244895844129	0.4689017494844675	0.6734372680029695	0.7881334565929909	0.9807600572428049	0.9790991914625906	0.797970061238376	0.7759277149514121	0.43967115620080466	0.9733968538477866	0.7085342960288809	0.8065110565110565	0.4559903464919841	0.8037186742118028	0.8152747593914933	0.821719526566583	0.810755738973433	0.7990783410138249	0.796557822770108	0.4523203642938458	0.7839760284522109	0.8156479470472644	0.7903486165784033	0.6738704506323101	0.821719526566583	0.8047113927538229	0.7811378222560644	0.7929565311185417	0.8164981865884713	0.8063529029462738	0.7922933919215819	0.4553281297108974	0.9793738735731927	0.7986091236906874	0.7078560684947357	0.4543383723338166	0.8032986017383793	0.9630117973629424	0.7878088398734718	0.778824185009752	0.2675132028580305	0.8224956993515946	0.7999891827573151	0.7932974970603057	0.7613935083981295	0.981186551178169	0.4299189491335942	0.8029813462217275	0.7973230821033728	0.7798224969518246	0.8056438679908843	0.8060617900700511	0.810186497364095	0.8575097307491674	0.7833697409855599	0.7950454863540938	0.7952860619093429	0.8058790436005626	0.7951065960795536	0.9199248355778264	0.5206416072585871	0.8440923268870867	0.8217798160273573	0.8067251539958935	0.8087056128293242	0.7853142168028943	0.4784514003294893	0.9793697422886901	0.9793738735731927	0.9767479043420662	0.0	0.7841902674042163	0.772858788168207	0.9779605562119422	0.5137851153381839	0.9485781253737054	0.8746988562878807	0.7918425152244725	0.9808715083798882	0.9789527601219995	0.9790104251317653	0.5209211076448075	0.8301994895567477	0.8315855051396532	0.7896729966553335	0.8402084461986946	0.8049852540834845	0.8357470400787586	0.8274046183417152	0.8054382614776364	0.8313654566593464	0.8143420747273149	0.8352633351467579	0.7486325414319537	0.8132640343666304	0.8131821440900762	0.8372770388699866	0.8283958398991491	0.8396505203648978	0.8129586302243965	0.8395379338175948	0.7968523621488026	0.4208278928609239	0.3950068154100007	0.2806368297290004	0.4697318007662835	0.2768980603197956	0.43434309169239116	0.5059093141266984	0.36492578339747117	0.44274411825942117	0.38417505977827693	0.4520446596717783	0.9501923030983493	0.98085996019945	0.995487660389725	0.9960971159207258	0.9958733132484366	0.9963843236409609	0.9952093047087155	0.9970363240285729	0.9957619406671694	0.9960628933971963	0.9960971159207258	0.9960971159207258	0.9960971159207258	0.9952093047087155	0.9960153371926923	0.9960971159207258	0.9952093047087155	0.9952093047087155	0.9962959178460123	0.9962382286853998	0.9963848512802613	0.9954879893352475	0.9953580730845605	0.9958080694662774	0.9952962597678476	0.995981866886462	0.9964352179497261	0.996031746031746	0.9962406963542324	0.9960388195682314	0.9960345981313043	0.9954317155044042	0.9967756448710258	0.9958080694662774	0.9965038534170367	0.9949628510263191	0.9960388195682314	0.9960388195682314	0.9963848512802613	0.9962072365925814	0.9960358753282791	0.9957281257151576	0.9952093047087155	0.9952093047087155	0.9962382286853998	0.9952093047087155	0.9960153371926923	0.9960270367886074	0.9963848512802613	0.9960270367886074	0.9960388195682314	0.9960153371926923	0.9965655698376221	0.9964594397584088	0.9960774193548387
Pseudomonas_syringae_pv_avellanae_ISPaVe037_292_NZ_JH951894	0.7489655172413794	0.7665014145923638	0.7656094884790219	0.7990770860125577	0.8322958712250158	0.8311824123588829	0.8141485940862165	0.7469142515360774	0.7405243036592026	0.6250295089707272	0.7158973787570684	0.7784174822899197	0.8049089623906208	0.7849459624796085	0.7436649555935795	0.9796644853238974	0.9797524083518592	0.7393429420422672	0.7097975527118976	0.8011233408054808	0.9769108980561175	0.7979846328252929	0.88872317121484	0.8034108837745111	0.767656542542126	0.7768501805054151	0.7885457108237097	0.771201921873827	0.7658202133062468	0.776885510019132	0.8122873482782751	0.695920889987639	0.7790703492444712	0.7474379350030143	0.7852865479193741	0.7885457108237097	0.7579336386277817	0.6682356217796964	0.7320058409664145	0.7797420447188885	0.7605055292259084	0.7454739375376032	0.8098446474879426	0.9810884070058382	0.7443535553756386	0.7977553593947037	0.8021809977437955	0.748214758000529	0.9675762024004836	0.6007620920656382	0.5497258958714033	0.7872335005985889	0.8158833063209077	0.739630171611015	0.7330841532457539	0.454501326774966	0.9805499225921808	0.8090872956724797	0.7650946860410219	0.747870249017038	0.7385859139490272	0.7326268823201338	0.7621816018603644	0.7658196586356402	0.8127909049495929	0.7419938583022593	0.7393839835728953	0.7408062332495233	0.733721545791424	0.7420299556522467	0.9158058478963614	0.8134146341463415	0.8406750975506558	0.8000354098692364	0.8886457799916205	0.799994970324917	0.872512191138384	0.8137498492341093	0.9810848574586557	0.9810884070058382	0.9777131368439064	0.7841902674042163	0.0	0.6092888849167337	0.9784094538486107	0.8116999143311712	0.9540716322166786	0.8514450586752013	0.746023897816234	0.9817096165933376	0.978101552957599	0.9781577687856241	0.8201830443159923	0.8329070758738277	0.8369631047263741	0.7385606816404671	0.8473704451495049	0.7587174128258718	0.8230210174818307	0.8191936004769831	0.7542172473592937	0.8311804764559048	0.7744470023020719	0.8290318642412404	0.7782849446273571	0.7913534310375376	0.8176183274241936	0.8355723380049863	0.8251856970115736	0.8330748352074447	0.791497564935065	0.8375121569371635	0.7552768094859057	0.8016163847196426	0.7874993650632397	0.7834743271909423	0.8133776344190333	0.7875082954719486	0.8092111638724683	0.8096531806055266	0.790211922549169	0.8038676793923646	0.8007508377636121	0.8106593566542137	0.9541028897355346	0.9816992641972203	0.9963456628171191	0.9968215849696285	0.9963060561855913	0.996733331766586	0.9964820537199905	0.9970329204540103	0.9955110413901291	0.996221045510742	0.9968215849696285	0.9968215849696285	0.9968215849696285	0.9964820537199905	0.9958958095282513	0.9968215849696285	0.9964820537199905	0.9964820537199905	0.9964164510999833	0.9968324730173628	0.9961704497980782	0.9946850346783612	0.9952822281294155	0.9957500174179614	0.9959816707789919	0.9956934708232649	0.9970361012584422	0.9964916330063474	0.9968344041645172	0.996497453741042	0.996493979794252	0.9961533950979242	0.9965103294249023	0.9957500174179614	0.9958953187652739	0.9952457902995386	0.996497453741042	0.996497453741042	0.9961704497980782	0.9960732676526606	0.9964950307837757	0.9965759085649515	0.9964820537199905	0.9964820537199905	0.9968324730173628	0.9964820537199905	0.9958958095282513	0.9969607045421912	0.9961704497980782	0.9969607045421912	0.996497453741042	0.9958958095282513	0.9961945031712474	0.9970547763319895	0.9960704444710674
Pseudomonas_syringae_pv_avellanae_str_ISPaVe013_26105_NZ_JH951849	0.6939437969518039	0.7285822814399252	0.7325223508720504	0.7955982658161433	0.8080433310765065	0.8087665163383179	0.8101239068981004	0.6800602239578433	0.668395256916996	0.5099720083974808	0.6824030303978963	0.7372145475049338	0.802664822744076	0.7561892823566281	0.7126097025841054	0.9781924931851541	0.9769092864826102	0.6844782097333036	0.6967284218353058	0.7932504637191662	0.9704821173450856	0.742692750287687	0.8740106731289798	0.800367254090498	0.7125007419718644	0.7396493005713642	0.7524615171266121	0.7364380183815288	0.7413700640718055	0.7334280437562154	0.8104196816208393	0.6827965338385564	0.7410977769034035	0.7056212558587082	0.756578947368421	0.7524615171266121	0.7138390553380081	0.5721782210488575	0.6964333601501743	0.7394812034287634	0.7220771513353116	0.7038917613548408	0.8051875794828317	0.9772219435450773	0.7061053030542308	0.7423592107158289	0.7990177248532075	0.7030716723549488	0.9641362679968793	0.5821211500375606	0.5396841638527917	0.7764620047143338	0.7790570329392603	0.6924097584511927	0.6883570181999501	0.5854565442317641	0.9809264954819636	0.8014896461408343	0.7169114361464446	0.6989584952588217	0.6938045944853741	0.6920236103658344	0.7125242748373971	0.7210914085914086	0.7887955303391225	0.6976454853659295	0.6943935393694673	0.7021389539422327	0.6923950773114547	0.7033133480593248	0.9089419026033063	0.8061298173357225	0.8169094991905582	0.7756730091613813	0.8740893293860214	0.7772897666871817	0.868064779809952	0.8067737503962802	0.977217268352756	0.9772219435450773	0.9752627021460835	0.772858788168207	0.6092888849167337	0.0	0.9765606815325171	0.8094945336932988	0.9492329899933942	0.8297573745715596	0.7088862706188763	0.9795652173913043	0.9766386394037837	0.9769967138162594	0.8166701747000631	0.8074154556566617	0.812795121556353	0.6956269821907782	0.8161319001050675	0.6969965783804334	0.7921467264278055	0.7822206055179362	0.7073504884441267	0.8007105855550433	0.7431733698538249	0.8026645597210114	0.7331755824107722	0.7774610095589468	0.7797457745495181	0.8094710980318043	0.7930958115328184	0.8128126512828788	0.7746356258249318	0.8109872106542648	0.7079543678699797	0.7862911058692937	0.7791457286432161	0.7666166775133697	0.8082249933669409	0.7789382071366405	0.8027212688645466	0.7981362277465054	0.7792244155116897	0.7924902273853438	0.7903588377320789	0.8064533234350558	0.9491886335266907	0.9795525839763698	0.9952134540750324	0.9962814645308925	0.9955297970215973	0.9967838987446831	0.995768391726023	0.9962275932044644	0.9950837630587543	0.996218552245717	0.9962814645308925	0.9962814645308925	0.9962814645308925	0.995768391726023	0.9951881014873141	0.9962814645308925	0.995768391726023	0.995768391726023	0.9959605497849124	0.9965034965034965	0.995520401372037	0.9946532515078884	0.9948609271523179	0.9953393085787452	0.9950160938635656	0.9950236904100161	0.9964190517218169	0.9962869713384706	0.9965058494668185	0.9962937577742238	0.9962897077509529	0.9953378745888264	0.9958936454162817	0.9953393085787452	0.9955690726514774	0.9943631380255469	0.9962937577742238	0.9962937577742238	0.995520401372037	0.9956905503634476	0.9962909331097731	0.9961915692821369	0.995768391726023	0.995768391726023	0.9965034965034965	0.995768391726023	0.9951881014873141	0.9958140151013379	0.995520401372037	0.9958140151013379	0.9962937577742238	0.9951881014873141	0.9953558363386348	0.9964440404256457	0.9960253318847876
Pseudomonas_syringae_pv_cilantro_0788_9_3786_NZ_LGLN01000010	0.9788710925591539	0.9758416565721207	0.9755014722119986	0.9800608620611346	0.9774317309862334	0.9774427816901409	0.9816483516483516	0.9779463738749352	0.9767337702135684	0.9795358355425329	0.9762376704894049	0.974888231499811	0.9799145487380523	0.9786441294074882	0.9785596997419658	0.8721650514536916	0.9420119478899258	0.9770150756177648	0.978444721901576	0.9806281652397066	0.9706317693771586	0.9775753169446085	0.981428215523294	0.979415294730406	0.9780410814767373	0.9737627511247717	0.9806603669684354	0.9794531095320853	0.9791555436910482	0.9781935627575454	0.9801991053416367	0.9801190059502976	0.9762327854286984	0.9771148539347226	0.9786441294074882	0.9806603669684354	0.9759146341463415	0.9741863585708113	0.9742457019241717	0.975207526286663	0.9755213264669884	0.9772027110289587	0.9813590954001536	0.9439652213705526	0.9799922768740648	0.9775523664399918	0.979415294730406	0.9759462002800157	0.9612001473703602	0.9759171569330846	0.9755213897533559	0.9794522104784634	0.976595355640885	0.9743460186950231	0.9780703820605832	0.9753656483861429	0.9688838940788087	0.9803629804982528	0.9757375686781476	0.9770491025914598	0.9773349702521484	0.9801932943562821	0.9795018839308989	0.978784583786396	0.9799112315288497	0.9792149444313076	0.977873705564598	0.9792326561718545	0.9804609218436874	0.9792178394259018	0.9883752207421614	0.9817347549486845	0.9777821643198666	0.9772259569213884	0.9814534186777645	0.97653051942145	0.9810098302055407	0.9798441102206609	0.9437361228740815	0.9439652213705526	0.9346865474136913	0.9779605562119422	0.9784094538486107	0.9765606815325171	0.0	0.9818290867894351	0.9820076846973288	0.9712508638562544	0.9781775778777279	0.9269764070428134	0.8664577929582167	0.8667742100681108	0.982630873073456	0.9781163810643396	0.9781627865006317	0.977256904154096	0.9800937824067812	0.9771192979072234	0.9784730065507116	0.975892877544958	0.9752636405318661	0.9782476934473702	0.9796435975475277	0.9781140598531903	0.980072304029627	0.9775007946238023	0.9780968826683631	0.9782104670793472	0.9797281941729922	0.9756993755776471	0.9795598555563126	0.9778091810373379	0.9778726056625033	0.9792601659186726	0.9793503638053358	0.9786333538125469	0.9808137611644062	0.9790522212851314	0.979429475627445	0.9814572474215371	0.9782203004096495	0.9789278527662846	0.9801408770733924	0.9790132710197963	0.9806876843657817	0.9269804875766225	0.9968504724291356	0.9971343823839928	0.9966593826137191	0.9970395644647382	0.996672931376035	0.9976624943447444	0.9969838364569101	0.997164461247637	0.9971343823839928	0.9971343823839928	0.9971343823839928	0.996672931376035	0.9965678471945881	0.9971343823839928	0.996672931376035	0.996672931376035	0.9973651541638164	0.9969941385702119	0.9965841584158416	0.9960061053167133	0.9964965220949263	0.996260339788994	0.9966398355023948	0.9958313086621825	0.9964093357271095	0.9969488188976378	0.9969960949234005	0.9969542149734721	0.9969509946150631	0.9966459751702043	0.9965742372713056	0.996260339788994	0.995511032208978	0.9957018267236425	0.9969542149734721	0.9969542149734721	0.9965841584158416	0.9965365792445727	0.9969519689297478	0.9974039721746144	0.996672931376035	0.996672931376035	0.9969941385702119	0.996672931376035	0.9965678471945881	0.9970063710564696	0.9965841584158416	0.9970063710564696	0.9969542149734721	0.9965678471945881	0.9962880288931805	0.996433555590014	0.9962345346960731
Pseudomonas_syringae_pv_dysoxyli_CFBP_2356_12226_NZ_VLHW01000015	0.8182013020065904	0.8288988102918785	0.833747026579791	0.4915091210613599	0.8357356747703395	0.8287471673680803	0.3667955012361155	0.8191369303525365	0.8151520866449335	0.7989137777297415	0.7954508084406686	0.8154814796009038	0.3733347210657785	0.6846287200231147	0.808754827036807	0.9823956200480727	0.9778484633515641	0.8082497520114625	0.7929168040444005	0.49426924605803635	0.9734943102969748	0.7168801914683937	0.8511389722761787	0.5220221516937625	0.8196640058433766	0.8167474188884097	0.8261207306988749	0.8215217827745432	0.8028756957328386	0.8070125866940663	0.42259750703659027	0.8137073654315033	0.8201335153997876	0.8151482186565134	0.6855022666243178	0.8261207306988749	0.8194918872758326	0.804340427759889	0.8365894715364212	0.8189516129032258	0.8214866495305041	0.8110657966286026	0.2722122070563997	0.9797803349564382	0.8062430323299888	0.7161952567609486	0.5205368431289914	0.819777464347281	0.9680115664392536	0.806064608442023	0.8049054484178992	0.5054237065281704	0.8458014101356683	0.817718408532441	0.8135931764197797	0.8034154403084914	0.9833865086599818	0.54582116092976	0.8187577215256421	0.8178376331873005	0.8045817329955599	0.8141088837769745	0.8237815397886564	0.8119712645272238	0.8669476573220937	0.8080015261766549	0.8151786678182015	0.8043059302901823	0.8143361717274047	0.8044639875320049	0.9200352256800168	0.2191843767949454	0.8385158923603417	0.8521728113518308	0.8512771424253112	0.8464283906242089	0.8433273219116321	0.4484032726313011	0.9797763606185027	0.9797803349564382	0.9765043493857053	0.5137851153381839	0.8116999143311712	0.8094945336932988	0.9818290867894351	0.0	0.9547023698451204	0.8807414373391408	0.8043257207244345	0.9795510455104551	0.9788730785921477	0.9789298649233502	0.4933903702035959	0.830911087839391	0.8330704254019947	0.8075279157984719	0.8394010792733906	0.8099534986713905	0.8570858084161135	0.8421092912903719	0.8258546454323805	0.8429285194205227	0.8271267937191655	0.8355784871899146	0.801816321309798	0.8496985900572553	0.8554807257375484	0.8372881355932204	0.8504639813901742	0.839471294521239	0.8450604122245913	0.8354414651723366	0.8111551373066974	0.577737579141066	0.552843722229275	0.5073720158933439	0.31147363482152524	0.5429636054093989	0.3230950342465754	0.26322474596533174	0.5391041706831181	0.5415404241747728	0.5553048121543449	0.4204373168019946	0.9565126246156713	0.9795389112327202	0.9965236686390533	0.9969510683654752	0.9966816076867834	0.9973540394173941	0.9962680025046963	0.9978444538044151	0.9969255005589999	0.9968349771823937	0.9969510683654752	0.9969510683654752	0.9969510683654752	0.9962680025046963	0.996738757294885	0.9969510683654752	0.9962680025046963	0.9962680025046963	0.9972272874878225	0.9969620628334321	0.9972924187725631	0.9962896109105496	0.9962431607876755	0.9967043429436321	0.9963397141019934	0.9967509570824098	0.9973614775725593	0.9970152875515651	0.9969640124401441	0.9970204931931592	0.9970173864545697	0.9966435499395345	0.9976769776256266	0.9967043429436321	0.9971544106634717	0.9960094590600059	0.9970204931931592	0.9970204931931592	0.9972924187725631	0.996908007025008	0.9970183263841753	0.9967676164901288	0.9962680025046963	0.9962680025046963	0.9969620628334321	0.9962680025046963	0.996738757294885	0.9968975432578319	0.9972924187725631	0.9968975432578319	0.9970204931931592	0.996738757294885	0.9971585995602006	0.9973790014759021	0.9966432789864217
Pseudomonas_syringae_pv_helianthi_LMG_5067_14836_NZ_CP092918	0.9537693140438933	0.9539677989584826	0.9565759501258841	0.9508294688530861	0.9468290014981096	0.9456637743028166	0.9516472330186934	0.9514036738129426	0.9481363839396496	0.9485575507801001	0.9416144102730657	0.9553556941192833	0.9510212588578575	0.9565620101648221	0.9544895751376868	0.976175010439382	0.9758202567760342	0.9503930263025295	0.9529167387917604	0.9506733966461737	0.9776620398021836	0.9547982318551262	0.941655228876207	0.9512369342127194	0.9504015002163774	0.9546888775462855	0.9515093946203925	0.952774443726341	0.9493009858792122	0.9492093241185429	0.9489567206599349	0.9536206304848752	0.9548005565862708	0.9524082855003744	0.9567106762917933	0.9515093946203925	0.9536264599077436	0.9495043370508055	0.9552929451128355	0.9559060928923943	0.9533951511639138	0.9511399840700916	0.9492612662683526	0.9741567415219565	0.9521050893106691	0.9547498394118906	0.9505372757380096	0.9534280775878625	0.9751528252330149	0.9479777514912038	0.9507402357066329	0.9463801176611838	0.9417867853342362	0.9530972602082434	0.9514120937600554	0.9476263326480853	0.9813165995737627	0.9509966777408638	0.9526432782449019	0.9494737892164198	0.9511209205435969	0.9528829982177373	0.9549081508364613	0.9521317140098582	0.9626833994647965	0.9516987514301348	0.9513210727209637	0.9502207948615013	0.9531720538044569	0.9510092301450451	0.9715825693592243	0.9546396071403636	0.9478616105430794	0.9454242767872222	0.9417394022457861	0.9460100647016535	0.9422607045427589	0.9514755762707954	0.9741514538386341	0.9741567415219565	0.9730334459853164	0.9485781253737054	0.9540716322166786	0.9492329899933942	0.9820076846973288	0.9547023698451204	0.0	0.9623825942218523	0.952755708789287	0.9773214204312349	0.9791898482445134	0.979247822083717	0.9496309363539297	0.945032116335156	0.9474622607868775	0.9531139806911311	0.9460135859849839	0.9507615113656521	0.9475213105385971	0.9491326151114523	0.953318955188114	0.949077682514939	0.9504987241939226	0.9440796542584943	0.9523732345450335	0.9457750526920866	0.9475637495510595	0.944579230293516	0.9433030660661383	0.9426048039612446	0.9440142369294406	0.9434539089848308	0.949752675146376	0.9463755625778033	0.9447774793784769	0.9480815347721823	0.9495630345853477	0.9463408762638421	0.9515685957662919	0.9545496879947843	0.9466052050321714	0.9516435493064792	0.9467403049585784	0.95125960915069	0.30811699753318456	0.9773074554701576	0.9969223667000077	0.9960746842961548	0.9961315280464217	0.9963156674310154	0.9961917679586832	0.9965655261459005	0.9951464035646085	0.9962708487650379	0.9960746842961548	0.9960746842961548	0.9960746842961548	0.9961917679586832	0.9962991322103114	0.9960746842961548	0.9961917679586832	0.9961917679586832	0.9967733541504034	0.996218552245717	0.9968267668562144	0.9950334588038477	0.9956377778945709	0.995550809752625	0.9963190815722412	0.9953765728846508	0.9962308535379187	0.9961353877241728	0.9962210796915167	0.9961424033079522	0.9961382165122794	0.9955259571623255	0.9968173138128581	0.995550809752625	0.9959929225645295	0.9955635337863828	0.9961424033079522	0.9961424033079522	0.9968267668562144	0.9962386644682605	0.9961394832458619	0.9967124847920065	0.9961917679586832	0.9961917679586832	0.996218552245717	0.9961917679586832	0.9962991322103114	0.9967415582709237	0.9968267668562144	0.9967415582709237	0.9961424033079522	0.9962991322103114	0.9966295314791468	0.9962569684098752	0.9962390195150176
Pseudomonas_syringae_pv_lapsa_ATCC_10859_3811_NZ_CP013183	0.7380672466494239	0.7056136343670385	0.7098299509530382	0.8696229014645098	0.8703057872125347	0.876301796172413	0.8778374929446121	0.6959570705530824	0.6891767732451305	0.8221877466590457	0.8074767918374174	0.694229112833764	0.8741933894882026	0.8171974182535873	0.7389938030485477	0.9779980269346364	0.9789162283996995	0.6474426977850645	0.6980908011327305	0.8677730329608511	0.946553531806988	0.8222169160564576	0.9341741741741741	0.8716595183107885	0.7521236833163438	0.6954725426063006	0.7747431116357685	0.7609807583015344	0.7674950325267427	0.7778497759058265	0.8795830688863936	0.7236733001658375	0.7224157303370786	0.7110800291899781	0.8181745502998001	0.7747431116357685	0.6484934086629002	0.7962016070124178	0.7298710949781347	0.6977824649412838	0.6780167985981026	0.7451489236213507	0.8766101528571779	0.9793384725708139	0.6910410709235459	0.8220044093818897	0.8710005078720162	0.6608343730030733	0.9004595315742663	0.8075086866860646	0.8286168179003204	0.8747205284552846	0.8762752830428698	0.6283240954101015	0.7441061624732098	0.8020810869096399	0.9827380255299215	0.8711448450347881	0.6581731211480084	0.7452582519689684	0.7213173652694611	0.6782027548555113	0.7352616997825374	0.6904649627463926	0.7784250269687163	0.7250314540770475	0.7428125827619692	0.6835841355889958	0.6782027548555113	0.6946292998406598	0.9382162061932134	0.880710158526347	0.8896907963021072	0.8710692628508558	0.9339364561336149	0.8744263874451741	0.9238605385240806	0.8790153033784774	0.9793343046060742	0.9793384725708139	0.9755136828526675	0.8746988562878807	0.8514450586752013	0.8297573745715596	0.9712508638562544	0.8807414373391408	0.9623825942218523	0.0	0.7306204456172969	0.9759374010583926	0.9721376118627659	0.9722150274317738	0.8887131315097829	0.8726932605288438	0.8763954540883033	0.698391782216765	0.8800030112167825	0.6840482109701986	0.8764228870756523	0.8740321923390383	0.6966508025658459	0.8701821475294355	0.7783753411462514	0.875015752199007	0.7739977982439653	0.8796116504854369	0.8729646658368684	0.8760477839682779	0.874189694181051	0.8781873232740285	0.8728192869131783	0.8824637362099753	0.6848989298454221	0.8766530963157761	0.8758130235618657	0.8731612968901105	0.8762043220067516	0.87823084344691	0.8776234908040066	0.8797221123417721	0.8672600322258881	0.869729565173271	0.8717190764996687	0.8721529919802591	0.9612572925348256	0.9759226991921433	0.996190379438208	0.9964750957854406	0.9958391831525207	0.9965846820440933	0.9967242713438226	0.9970886431544806	0.9959102348993288	0.9966141095613503	0.9964750957854406	0.9964750957854406	0.9964750957854406	0.9967242713438226	0.9960334503928653	0.9964750957854406	0.9967242713438226	0.9967242713438226	0.9965493266036618	0.9962838525758502	0.9964058612109483	0.9957617263212302	0.995501820072803	0.9960517050598532	0.9961532582666734	0.9952173008941568	0.9965107980227855	0.9962756517609418	0.9962863102202778	0.9962823423738117	0.9962783494854631	0.9957773707773708	0.9967998790505468	0.9960517050598532	0.9955442229433884	0.9954825774687207	0.9962823423738117	0.9962823423738117	0.9964058612109483	0.9963294333562743	0.996279557542011	0.9962073648873742	0.9967242713438226	0.9967242713438226	0.9962838525758502	0.9967242713438226	0.9960334503928653	0.9960719023958794	0.9964058612109483	0.9960719023958794	0.9962823423738117	0.9960334503928653	0.9968948051617501	0.9965347054499633	0.9954953782059628
Pseudomonas_syringae_pv_lapsa_PslA1M171_17765_NZ_JAKMVE010000009	0.583107016397951	0.6279310122085137	0.6136893618418892	0.7966542330733581	0.8120284127027998	0.8101630947567058	0.8023024793838283	0.5543229441803135	0.5691048415186346	0.6797776012708499	0.6528529710929554	0.623076681035839	0.800839603096718	0.7099624742767219	0.553621560920831	0.976556338869638	0.9782289628180039	0.604343916441862	0.5051182106298495	0.7979663889281174	0.9687531072884558	0.7173344554991132	0.8841645298027108	0.7973436884461703	0.6480015323713446	0.643851328311479	0.6542654173556249	0.6715207428847081	0.6479297287230741	0.6473877119960241	0.8080347507014893	0.6164571352146583	0.661139325705195	0.5023567535719546	0.7103527560960852	0.6542654173556249	0.5954880576223966	0.6987101484546119	0.6357742790534283	0.6304821829055569	0.5585693710993759	0.5285235503982125	0.8066726243669944	0.9784387310319107	0.6003925279500929	0.7169516012521069	0.796056338028169	0.5520441005272889	0.9616803378148813	0.7134868943606036	0.6923293587456577	0.7871509971509971	0.798119938841384	0.5481547537385101	0.48871792984135165	0.7114891563357766	0.979672708593234	0.8015644643106579	0.5215051872692105	0.5297528996469996	0.5085510515974092	0.6089096980755327	0.4749354198644753	0.5903635721849629	0.691018335280513	0.5146026550281869	0.4740798630493841	0.6092163052429316	0.6103927367769448	0.6049240841342806	0.9101843699829095	0.8046433857792884	0.8296196442259403	0.790794501796612	0.8843460995872303	0.7970119802677942	0.876200862024199	0.8036701723950992	0.9784342068450993	0.9784387310319107	0.9766389813063979	0.7918425152244725	0.746023897816234	0.7088862706188763	0.9781775778777279	0.8043257207244345	0.952755708789287	0.7306204456172969	0.0	0.9800515101849684	0.9735097711872729	0.9735862913096696	0.814795835805599	0.808823937987942	0.8158844765342961	0.5769611018307026	0.8204233095107202	0.5722983799181057	0.8000391641256609	0.7981897892801584	0.6030463881837065	0.8073237414045455	0.6713940127003326	0.8093111006298033	0.6311526479750779	0.8021931792685663	0.8049094883147453	0.8117377628166216	0.8019701660568533	0.8148504508467121	0.7991036193482918	0.8190389212710522	0.5660108861930342	0.7936781446851784	0.7906765980344954	0.7883153489166643	0.8056659228215316	0.7956434183282752	0.8081277527088006	0.803836022390517	0.7797334097749749	0.798277361613781	0.787405613335233	0.7987874815664427	0.9511914297156587	0.9800388913619005	0.996256272734514	0.9964203665117273	0.996130547327409	0.9967757407802175	0.9970594582928671	0.9968209019021158	0.9956619625501071	0.996566296883254	0.9964203665117273	0.9964203665117273	0.9964203665117273	0.9970594582928671	0.9949506965923811	0.9964203665117273	0.9970594582928671	0.9970594582928671	0.996118912217341	0.9962205898009155	0.9958213975979606	0.9957818457128951	0.9955372935317968	0.9954507205217208	0.9963780659937681	0.9953761627590709	0.9968446400398572	0.9962132093703481	0.996223203361881	0.9962203164507468	0.9962160751565762	0.9960381823499694	0.996231884057971	0.9954507205217208	0.99577070200959	0.9957028037878989	0.9962203164507468	0.9962203164507468	0.9958213975979606	0.9957327643685825	0.9962173584118122	0.9967048864123447	0.9970594582928671	0.9970594582928671	0.9962205898009155	0.9970594582928671	0.9949506965923811	0.9959699379152598	0.9958213975979606	0.9959699379152598	0.9962203164507468	0.9949506965923811	0.9967526418057441	0.9968672712283594	0.9959684009806592
Pseudomonas_syringae_pv_maculicola_M4a_3822_NZ_LGLE01000004	0.9795060188073289	0.9759044291671363	0.9763820576168998	0.9815253858197271	0.9796979120390937	0.9792994320891316	0.9798618352450469	0.9784319643396096	0.9790396253101161	0.9804828881660329	0.9769869127594784	0.9763996932179249	0.9792998477929985	0.9818393012710256	0.9785383903792785	0.9482608096310251	0.5025781825487177	0.9793301751160762	0.979325707125786	0.9820841441320539	0.9754449875495712	0.9797401551913058	0.9762225515290314	0.9798387997052848	0.9809011765235193	0.976572943832044	0.9811660946257115	0.9820287972285374	0.9794185408667032	0.9799491049491049	0.9775024949017226	0.9808496942388156	0.9770507598651075	0.9789813687856942	0.9818393012710256	0.9811660946257115	0.977750594317631	0.9757190215930472	0.9749517439511604	0.9769749035169962	0.9766378525932666	0.9779645191409897	0.9805953645686534	0.8404065443728309	0.980167883385252	0.9797197475041411	0.9798387997052848	0.9752887882219705	0.9696785384424771	0.9798290518010614	0.9803063457330415	0.9790760260148015	0.9795918367346939	0.9752885268160217	0.9794067855569212	0.9769036044714263	0.9635680141086926	0.9820837866039118	0.9774550578395945	0.9777180894546303	0.9799897859696365	0.9808673169585145	0.9806337206589202	0.9791969152405208	0.9814250752680599	0.9818659475042429	0.9792150487691593	0.9794409631767936	0.9810828594256709	0.9792106699575195	0.9896559321837348	0.9798426853048794	0.9796495927758214	0.980763180367657	0.976254540562357	0.9801975772205087	0.9756054328318525	0.9765698015605643	0.8403709305497012	0.8404065443728309	0.8388334222493204	0.9808715083798882	0.9817096165933376	0.9795652173913043	0.9269764070428134	0.9795510455104551	0.9773214204312349	0.9759374010583926	0.9800515101849684	0.0	0.9547460595446585	0.95465132528998	0.9802339740801949	0.9800124643874644	0.9811178415318733	0.9793793245187368	0.9823607721322387	0.9780652818991098	0.9819469733978772	0.9805725053840632	0.9764453477868112	0.9809395498818385	0.9800087013269524	0.9797588860714445	0.9811845478642507	0.9820082935747091	0.9797744764632181	0.9807747679904317	0.9810391529180005	0.9781489862016949	0.9816925965665236	0.9795998260113092	0.9786812097174021	0.9796406382693426	0.9787709997091918	0.980510752688172	0.9799647204860733	0.9791624519522557	0.979619270630068	0.9806622574569664	0.9804470524995521	0.9810837876933348	0.9801443234279055	0.9796086956521739	0.9766603545435879	0.006475406321025723	0.9967012948648516	0.9965826358278441	0.9961896278701504	0.9964158592050623	0.9963735494197679	0.9966060546004063	0.995630081300813	0.9968146623542096	0.9965826358278441	0.9965826358278441	0.9965826358278441	0.9963735494197679	0.9957348759682322	0.9965826358278441	0.9963735494197679	0.9963735494197679	0.9967055182569197	0.9963968410661401	0.9962201575340796	0.9951122919590937	0.9954136532016229	0.9948218167607045	0.996171137789635	0.9955680902497985	0.9971856210822566	0.9966788683910693	0.9963991515809204	0.9966846550347265	0.9966812015503876	0.9960790116150033	0.9962093421374419	0.9948218167607045	0.9966581040975634	0.9952239099928605	0.9966846550347265	0.9966846550347265	0.9962201575340796	0.9961186650185414	0.9966822463855859	0.9970210758880917	0.9963735494197679	0.9963735494197679	0.9963968410661401	0.9963735494197679	0.9957348759682322	0.9973311848532151	0.9962201575340796	0.9973311848532151	0.9966846550347265	0.9957348759682322	0.9960229237685885	0.997204290143852	0.9965973534971645
Pseudomonas_syringae_pv_maculicola_YM7930_3817_NZ_LGLD01000029	0.9764731431880701	0.9784144059869037	0.975575221238938	0.9801313705394578	0.9770085667978698	0.9746477599113463	0.9788349032097762	0.9760560308266486	0.9768916204902364	0.9775933808407863	0.9762337379169997	0.9748740281356164	0.9793111236589498	0.9783926157288705	0.9767941140996261	0.8162239191223919	0.9562545542871023	0.9759481505212055	0.9758989404262541	0.9801431001934416	0.9646105707424746	0.9776535011068391	0.9812969029529983	0.9797297297297297	0.9782996293342092	0.9751008960941241	0.9768169148140594	0.9785851291887623	0.976938724201769	0.9769542056288438	0.9764525442078672	0.9783823988099523	0.9779974997158768	0.9773593200468933	0.9783926157288705	0.9768169148140594	0.9786069293380393	0.9764935881024973	0.9759128853238819	0.9763858042877215	0.9776789936631042	0.9748798868375484	0.9782638136511376	0.9598752598752599	0.9784444223701202	0.9776300443200373	0.9797297297297297	0.9772834164236667	0.9603138960455717	0.9741911674252676	0.9754498867834585	0.9803391725680208	0.9756881702766761	0.9770649747385736	0.9788807268509568	0.9784140866693029	0.9669723887243927	0.9800869605439659	0.9772469252601703	0.9762943111219393	0.9770379710004364	0.9780168496549014	0.9777447347893916	0.9778352052479873	0.9821286014950287	0.9789683310666407	0.9787048688413513	0.978359853121175	0.9780168496549014	0.9783346126228737	0.9877040919169522	0.9775709037807744	0.9749830966869506	0.9769117060465989	0.9813229391429433	0.9767490671641791	0.9809630715660221	0.9781133776625719	0.9596505823627288	0.9598752598752599	0.9524558518624437	0.9789527601219995	0.978101552957599	0.9766386394037837	0.8664577929582167	0.9788730785921477	0.9791898482445134	0.9721376118627659	0.9735097711872729	0.9547460595446585	0.0	0.008312168090510275	0.9788514170681505	0.9761666937675672	0.9763609817145241	0.9771336016959246	0.9777067111605487	0.9764294743103576	0.9765585108852063	0.9764080217411677	0.9780227512607013	0.9773298007142034	0.9778764067842667	0.9775424121627886	0.9773221567739012	0.9759794776119403	0.9759213414918959	0.9765796592143897	0.9764020768043407	0.9734275454650758	0.9771395213076474	0.9750147506013707	0.9754152987929801	0.9787402307406029	0.9780483262721729	0.9793343129708675	0.9785691631552716	0.9785954898474782	0.978953061270478	0.9797052593216864	0.9790062981105668	0.9793004334623676	0.9796427572054845	0.9781320669380371	0.9773417481256524	0.9547175101640264	0.9967075648841217	0.996505668582078	0.9960689994051776	0.9961759082217974	0.9962337186797091	0.9967379485320769	0.9956936654350196	0.9968002866943122	0.996505668582078	0.996505668582078	0.996505668582078	0.9962337186797091	0.995620774431469	0.996505668582078	0.9962337186797091	0.9962337186797091	0.9968691296180339	0.9963635425800794	0.9961538461538462	0.9952040254737008	0.9952019403142466	0.9956412021105758	0.9964385258593992	0.995707589403276	0.9964084695792013	0.9963537842149242	0.9963659793814433	0.9963604195627449	0.9963564596933353	0.9962125115943523	0.9961423498454385	0.9956412021105758	0.9962699220074601	0.9952672462575235	0.9963604195627449	0.9963604195627449	0.9961538461538462	0.9968244132909921	0.9963576577715948	0.9967034393251135	0.9962337186797091	0.9962337186797091	0.9963635425800794	0.9962337186797091	0.995620774431469	0.9968117622259697	0.9961538461538462	0.9968117622259697	0.9963604195627449	0.995620774431469	0.9956356687240141	0.9964334193926166	0.9969427825949451
Pseudomonas_syringae_pv_maculicola_str_ES4326_12204_NZ_CP047260	0.9765399422521656	0.9784738094127524	0.975643047090109	0.9801858304297328	0.9770712108617345	0.9747152362693132	0.9788911667304963	0.9764211340081657	0.9772535398123356	0.9776564288439527	0.9763014856866772	0.9749414466653024	0.9793661162795936	0.9784518828451882	0.9768599812378226	0.8165196643521622	0.955012853470437	0.9760178882964347	0.9759676990401586	0.9801975595583963	0.9645112127150011	0.9777147770315804	0.9813480386477907	0.979785115546705	0.9783595358412877	0.9751677089255258	0.9768787433608317	0.9786420003150811	0.9770007522053292	0.9770162117791915	0.9765150492644081	0.9784434289542312	0.9778478142572102	0.9774243826408845	0.9784518828451882	0.9768787433608317	0.978667368975507	0.9763441359457703	0.9759789786996559	0.9764487840159117	0.9777410987974534	0.9749519710123781	0.9783215523839539	0.959912452482433	0.9785074035556877	0.9776914487764027	0.979785115546705	0.9776339850893234	0.9602036967182196	0.9742658783700905	0.9755187412354717	0.9803930678808717	0.9757553064519904	0.9771283950038666	0.9789407739386053	0.9782598607888631	0.9670659401329844	0.9801411569332964	0.9773102504835134	0.9763622670845177	0.9771034816247582	0.9783806282594325	0.9778085654562247	0.9779000049551558	0.98216678133034	0.9790284302804282	0.9787655035953863	0.9784221831673501	0.9783806282594325	0.9783977286754721	0.9877212716831448	0.9776311298213676	0.9750494515374932	0.9769754545241828	0.9813739327610541	0.9768128750174426	0.9810143934201507	0.9781714362790279	0.9596883859220504	0.959912452482433	0.9525144975758152	0.9790104251317653	0.9781577687856241	0.9769967138162594	0.8667742100681108	0.9789298649233502	0.979247822083717	0.9722150274317738	0.9735862913096696	0.95465132528998	0.008312168090510275	0.0	0.9789077127839563	0.9762318437695462	0.9764254512677099	0.9771976912662407	0.9777675063554425	0.9764982083281849	0.9766225349504676	0.9764730620064483	0.9780834093513906	0.9773912643889437	0.9779353643939565	0.9776036610733602	0.977382620091283	0.976045397460347	0.9759875163033352	0.9766433792165272	0.9764670211773486	0.9734999884481205	0.9772023379829076	0.9750814774579033	0.9754866973493146	0.9787984226397588	0.9781084594669885	0.9793910353329767	0.978626299141437	0.9786544114216396	0.9790088774019553	0.9797596601621953	0.9790639248162278	0.9793568968307174	0.9796986186688991	0.9781902656863187	0.9774050063881133	0.9546227888223366	0.9967175278881908	0.996516308835673	0.9960809591336857	0.996187532199897	0.9962453066332916	0.9967478835432583	0.9957071309325065	0.9968099224173131	0.996516308835673	0.996516308835673	0.996516308835673	0.9962453066332916	0.9956339682377573	0.996516308835673	0.9962453066332916	0.9962453066332916	0.9968787390105602	0.9963745757482259	0.9961653715272487	0.9952188112344873	0.9952168199737188	0.9956542732979237	0.9964493387536665	0.9957208862753334	0.9964197926685904	0.9963646461841408	0.9963769977902256	0.9963712420935917	0.9963673057517659	0.9962239917801181	0.9961539441175722	0.9956542732979237	0.9962813678325315	0.99528156734024	0.9963712420935917	0.9963712420935917	0.9961653715272487	0.9968340583253971	0.9963684967089501	0.9967135056802008	0.9962453066332916	0.9962453066332916	0.9963745757482259	0.9962453066332916	0.9956339682377573	0.9968216443393748	0.9961653715272487	0.9968216443393748	0.9963712420935917	0.9956339682377573	0.995648927679514	0.9964445859534612	0.9969522608444339
Pseudomonas_syringae_pv_papulans_PSP1_20741_NZ_JAFFRZ010000001	0.82896120281779	0.835536013826056	0.8410311219685981	0.5056786748673892	0.841901285192779	0.8363565055397588	0.4422361883452338	0.8336924532268236	0.831434660212055	0.8194561329686514	0.8103762461142674	0.8299669573426747	0.42747964778202363	0.6983744902582691	0.8197159963969692	0.9830810917982948	0.9786468004166478	0.8252803097523594	0.8134509961224763	0.505114006514658	0.9743002952147745	0.7305686615346412	0.829161467749739	0.5250336129073565	0.8187765022236012	0.8264164111767491	0.8250962852528264	0.8243085700111621	0.8109231978498441	0.8146396965865992	0.4765782808041297	0.8296908943387338	0.8326434502416656	0.8308358573781817	0.6987798318376128	0.8250962852528264	0.8330285773992999	0.8223470821095645	0.8488764466218411	0.832913890944979	0.8380669449637617	0.8245016368136694	0.4220180432104931	0.9817337795530605	0.8313933075863559	0.7302337145698657	0.5235684301599	0.8384041551034958	0.9689707591880533	0.8160994057266342	0.8194306347794234	0.5162895927601809	0.8461073165813948	0.8316190768600962	0.8267878851947777	0.8082138605662232	0.9825635234330886	0.5166516940451745	0.8358561239673662	0.8307513042557135	0.8207891026152659	0.8343859088123218	0.8399620962859624	0.8296548739586714	0.8776355857071272	0.8231658585966221	0.8288031275589719	0.828687386521414	0.8347274761574938	0.8289708025257704	0.9209598263828948	0.4724716907458024	0.8499033816425121	0.856146054770539	0.8294220843609367	0.8444383052465028	0.8129408469353976	0.4902840059790733	0.9817302293439295	0.9817337795530605	0.9792709394516543	0.5209211076448075	0.8201830443159923	0.8166701747000631	0.982630873073456	0.4933903702035959	0.9496309363539297	0.8887131315097829	0.814795835805599	0.9802339740801949	0.9788514170681505	0.9789077127839563	0.0	0.8394072585708904	0.8407150547056909	0.8319902573005468	0.8439445069366329	0.8276197160287211	0.8552963898380627	0.8528837488735356	0.8348034466935196	0.845754974445492	0.829031459004211	0.8416399519134442	0.7724605317823017	0.8423884349465744	0.8594920382955504	0.8447941044664642	0.8494259788439364	0.8476081778483525	0.8467351191223358	0.841258175938855	0.8232581967213115	0.5101770054687247	0.5136095056665912	0.5300128122998078	0.42567094515752624	0.5125048720280629	0.42244389027431417	0.4601653760336002	0.5339337612979465	0.5140650144834245	0.5262532515495039	0.43850849694769845	0.9515852414943914	0.980222362437719	0.996756572208945	0.997057597528382	0.9968155206623717	0.9970879725926832	0.9963830946836446	0.9977693344772643	0.9967324368480583	0.9967955720632147	0.997057597528382	0.997057597528382	0.997057597528382	0.9963830946836446	0.9970167353868542	0.997057597528382	0.9963830946836446	0.9963830946836446	0.9973068465396684	0.9970680935278164	0.9972726395056961	0.9966036145474378	0.9961840628507295	0.996836130902065	0.9964525993883792	0.9971361689411296	0.9969842114599965	0.9970948379351741	0.9970699548284703	0.9970998513973444	0.9970968593296384	0.9966059481369341	0.9976530933197841	0.996836130902065	0.9972099454334461	0.9961988304093568	0.9970998513973444	0.9970998513973444	0.9972726395056961	0.9972356092668249	0.997097764559148	0.9968024399842582	0.9963830946836446	0.9963830946836446	0.9970680935278164	0.9963830946836446	0.9970167353868542	0.9969814897969366	0.9972726395056961	0.9969814897969366	0.9970998513973444	0.9970167353868542	0.9972870585359892	0.9970040281973817	0.9967050248371234
Pseudomonas_syringae_pv_syringae_2339_3881_NZ_LIHU01000021	0.8096150687181733	0.8255334785689913	0.822437577779543	0.819540955990735	0.4111388137795414	0.426924772010713	0.8155988430132849	0.8138999945232488	0.8033185168824715	0.8027541736113009	0.7763120727642506	0.8074521286243619	0.8189060824268424	0.798876254180602	0.8067074676839476	0.9788939716472667	0.9778314259848185	0.784530701879474	0.8076880713734993	0.8193551785902434	0.9702483229375074	0.8088901847483234	0.8881433982817954	0.8201242691974937	0.771234989533987	0.803079964622028	0.776527586572064	0.7627987715315796	0.7604479428710541	0.7543845338118933	0.8358107938736119	0.8145321200597583	0.7865221861899866	0.8145673422055332	0.7991975391199679	0.776527586572064	0.8011273027220236	0.8051148723934843	0.8187189789647837	0.8070342941191649	0.8172740622079829	0.8076912436021579	0.8206994858219213	0.9794743484710936	0.8087118538802474	0.8091044142614601	0.8198458068914879	0.8090617481956697	0.9682568765316172	0.7982179998875709	0.8010234634438456	0.828914718558182	0.482384087977734	0.8109217929232329	0.8102875346716831	0.8070333633904418	0.9799591760994618	0.8235692516085337	0.8201379457271444	0.8078753666500637	0.7983552814357948	0.8057708992191654	0.8151332286241768	0.7924166547431678	0.8658161544413802	0.801840115632644	0.8119989017023613	0.7989167040862146	0.8064723651823674	0.8053234729592413	0.7538097778290394	0.8346754731360345	0.43474020514545153	0.5254852766406972	0.8879519264058559	0.49214870487182927	0.8944340607325776	0.8314066238509004	0.9794702573415422	0.9794743484710936	0.9769339150986274	0.8301994895567477	0.8329070758738277	0.8074154556566617	0.9781163810643396	0.830911087839391	0.945032116335156	0.8726932605288438	0.808823937987942	0.9800124643874644	0.9761666937675672	0.9762318437695462	0.8394072585708904	0.0	0.08663282571912012	0.7995853678496413	0.3586324662113065	0.8020079185520362	0.49910263227864926	0.5693827318351821	0.8217981205786083	0.5239981814639215	0.7727840199750312	0.28447752126366954	0.7995219289129079	0.5321648878879859	0.521172209417188	0.36268737583528987	0.4890970981766708	0.36126259525443316	0.5024365821094793	0.42894039284986063	0.7990973201692525	0.8270078514229073	0.8352200606170505	0.8302625397985282	0.8204518734345448	0.8310289851284598	0.8239500912964091	0.8265264343108655	0.8222916885573185	0.8229936056374788	0.8367807739222963	0.8135854090244465	0.9472003051178757	0.980000445424378	0.9966193373901284	0.9963211207982664	0.9960983713847006	0.996933980045739	0.9968461479767022	0.9968758660653548	0.9956821883806913	0.996459912245712	0.9963211207982664	0.9963211207982664	0.9963211207982664	0.9968461479767022	0.9955615399960104	0.9963211207982664	0.9968461479767022	0.9968461479767022	0.9964440832084529	0.9963346053424382	0.9963547995139733	0.9953852429758809	0.994971909391755	0.9957312684585412	0.9962310610819367	0.9955671714454096	0.9968739416990127	0.9963998619125117	0.9963369963369964	0.9964062423078817	0.9964024345169159	0.9961624319646843	0.9967433997911799	0.9957312684585412	0.9958098430595764	0.9955692400120156	0.9964062423078817	0.9964062423078817	0.9963547995139733	0.9961272475795298	0.9964035865602523	0.9965891864578069	0.9968461479767022	0.9968461479767022	0.9963346053424382	0.9968461479767022	0.9955615399960104	0.9965128205128205	0.9963547995139733	0.9965128205128205	0.9964062423078817	0.9955615399960104	0.9963072749196141	0.9968950527841026	0.996357106208312
Pseudomonas_syringae_pv_syringae_2340_3879_NZ_LIHT01000078	0.8178513293543136	0.8319266437428363	0.8284482532004942	0.8221511688856274	0.4231759059609098	0.433984506567868	0.8185154040210993	0.8202744938170947	0.8070796946229473	0.8071605139488768	0.7829731169231632	0.8153304734259806	0.8211115350375175	0.8032773802239898	0.8146354733405876	0.9790541609236957	0.9786603712447345	0.7934804101579052	0.8148249303545092	0.8219681074276123	0.9708457547944884	0.8131934744221596	0.8896099089540823	0.8228446138184855	0.7797368852011572	0.8110268709061839	0.7865995859864267	0.7737802784161449	0.7700816927815722	0.7645934817127324	0.8387233617807057	0.8217085589590236	0.7937753367333595	0.8210537852426227	0.803595649051887	0.7865995859864267	0.8078843268312645	0.8115438291597545	0.824186143572621	0.8148839827061322	0.8243690580228278	0.8138199994507155	0.8226522279424818	0.9796071673184419	0.8156538784654158	0.8134100021101498	0.8225680121142499	0.8143771410361951	0.9685372206735823	0.8061793057335488	0.8054555787080886	0.8305525911658294	0.5020226672461636	0.8161178371791136	0.8181248979147384	0.8113182669233406	0.9803331790837575	0.8243668008832316	0.8255786271657188	0.8160528697178271	0.8064214120497852	0.8118192931762613	0.8212156026040812	0.8005048356447999	0.8702275014305163	0.8098793321946113	0.819177037662373	0.8055973266499582	0.8125121483908588	0.8122917541649167	0.7630830367225582	0.8371028131957093	0.44236999432216695	0.5397363956674932	0.8894173895899053	0.4928884575482748	0.8948617366458425	0.8356665247552028	0.9796031114646866	0.9796071673184419	0.9768670764066859	0.8315855051396532	0.8369631047263741	0.812795121556353	0.9781627865006317	0.8330704254019947	0.9474622607868775	0.8763954540883033	0.8158844765342961	0.9811178415318733	0.9763609817145241	0.9764254512677099	0.8407150547056909	0.08663282571912012	0.0	0.8069150231312393	0.36069669756662803	0.8100510118280173	0.49787558919206	0.5638069619239761	0.8287464976825787	0.5153530217093683	0.7810368888069723	0.3149471490248623	0.8073366135140009	0.521278341044066	0.5153394471201425	0.39295949053599855	0.49212902359614674	0.3744235100639949	0.5032457804853689	0.44472049689440996	0.8044050888303537	0.8298971749065227	0.8373029184837303	0.8325319054921634	0.8234021982495421	0.8344212415156165	0.8259727134916625	0.8287068899594708	0.8246082201815661	0.8244979710748102	0.8390115287183995	0.8166079362647465	0.9490430735622358	0.9811065228009413	0.9966272765883029	0.9963298139768728	0.9961075814268853	0.9969412059671555	0.9968536702950953	0.996883247455071	0.9956926568827216	0.9964681888275382	0.9963298139768728	0.9963298139768728	0.9963298139768728	0.9968536702950953	0.9955719190009453	0.9963298139768728	0.9968536702950953	0.9968536702950953	0.9964525528949703	0.9963432349847218	0.9963632765146829	0.9953962763251603	0.9949840051183622	0.9957412038527249	0.9962399418444339	0.9955778226527952	0.9968815779215717	0.9964081873646919	0.9963456147376852	0.9964145383104126	0.9964107480886004	0.9961714585992043	0.996750992063492	0.9957412038527249	0.9958198216457236	0.9955796413765546	0.9964145383104126	0.9964145383104126	0.9963632765146829	0.996136380742116	0.9964118948144507	0.996597267732016	0.9968536702950953	0.9968536702950953	0.9963432349847218	0.9968536702950953	0.9955719190009453	0.9965212053000461	0.9963632765146829	0.9965212053000461	0.9964145383104126	0.9955719190009453	0.9963159741366348	0.9969025863404057	0.996365869887905
Pseudomonas_syringae_pv_syringae_41a_3079_NZ_JYHJ01000011	0.4550164173659248	0.5663193188915552	0.5779112117334384	0.7996375518273429	0.8044986449864499	0.8060083346521074	0.8121315789473684	0.5372772036895763	0.4934689507494646	0.6623421390743004	0.6841021802189576	0.6177294700865228	0.8000106377320355	0.7025616698292221	0.5004249291784703	0.9771500372300819	0.9773794484303864	0.5456776274276098	0.4917376064096144	0.7989663798554032	0.9710512337630982	0.7026890955398921	0.8770809285622675	0.8020642765475248	0.6361155547191117	0.6328327291558777	0.6207012605556235	0.5986915540121542	0.6043904571571321	0.6179354718965571	0.8120133190005506	0.534507722007722	0.6287302605455267	0.5525122061013192	0.7029462327346019	0.6207012605556235	0.5986868153622806	0.6561380956753282	0.6231042170377116	0.6134050730207532	0.5661662127150734	0.5777807903477259	0.8091373768245771	0.9779485314176594	0.5015871857554639	0.7022923400848136	0.8009183338799606	0.5236476148379858	0.9608886996024986	0.712575776320673	0.6862180860833895	0.7894576477757465	0.7708362713298548	0.5415436241610738	0.5304096419116622	0.7053439622084441	0.979516006097561	0.8021329270615121	0.5614754098360656	0.5392276351986628	0.4823262350016214	0.5174702880188444	0.5306895946657308	0.5243621990657563	0.7115822391869209	0.48762295968003455	0.5240647330811266	0.48275736499034994	0.519108734402852	0.49748322147651003	0.9095754879779115	0.8097632349028997	0.8261341605273362	0.7914272230088004	0.8768958803033409	0.7952920470795293	0.8782927137264807	0.8058406099137363	0.9779440187362151	0.9779485314176594	0.9768022008766204	0.7896729966553335	0.7385606816404671	0.6956269821907782	0.977256904154096	0.8075279157984719	0.9531139806911311	0.698391782216765	0.5769611018307026	0.9793793245187368	0.9771336016959246	0.9771976912662407	0.8319902573005468	0.7995853678496413	0.8069150231312393	0.0	0.8169804732615293	0.5361619030711877	0.7707449184721912	0.7719377269784071	0.5503832055981339	0.8010604339122437	0.6261545496113398	0.8062872628726288	0.6468522021075385	0.799139914539279	0.7926089354660784	0.8114613026407788	0.7690357474858447	0.8135743208817141	0.7873620584484001	0.8128668825186238	0.5816962146621945	0.7938311688311688	0.7821738164036453	0.789515972626271	0.812602204990241	0.7968426572461569	0.8036280939284959	0.8024793830994966	0.7764307313248964	0.8075347853210014	0.7741863075196409	0.8038072008059812	0.9522812484783562	0.9793666026871402	0.9961585067161678	0.9963692946058091	0.9956716688697095	0.9965327192278831	0.9965424208292951	0.9970442583421919	0.9955787567250839	0.996254105090312	0.9963692946058091	0.9963692946058091	0.9963692946058091	0.9965424208292951	0.9955099422706863	0.9963692946058091	0.9965424208292951	0.9965424208292951	0.9963125686489879	0.9961755129464055	0.9960446066297497	0.9954854458122261	0.9950073964497042	0.9958130153948276	0.9959649258943121	0.9952756736783763	0.9964826549242831	0.9959653886168134	0.9961780807767793	0.9959727463843367	0.9959683553932756	0.9956354432995016	0.9964437394463491	0.9958130153948276	0.9955019744240173	0.9952588317142931	0.9959727463843367	0.9959727463843367	0.9960446066297497	0.9959358011907844	0.9959696839116879	0.996097104051206	0.9965424208292951	0.9965424208292951	0.9961755129464055	0.9965424208292951	0.9955099422706863	0.9959313077939234	0.9960446066297497	0.9959313077939234	0.9959727463843367	0.9955099422706863	0.9967180070291503	0.996507132382349	0.9956112521150592
Pseudomonas_syringae_pv_syringae_529_11454_NZ_QPBJ01000022	0.8282760291860747	0.8358158517247654	0.8347643979057592	0.8299708059639245	0.3438174304209487	0.43436046119614324	0.828099299035858	0.8300680051813472	0.8234528393990346	0.8156679538764818	0.7950200088928413	0.8241135475965589	0.8306009548589184	0.8071838165020707	0.8224422978055578	0.9812866817155756	0.9791299916612619	0.805694767197693	0.8251511290628643	0.8266112157355096	0.9707596840917638	0.8176966956704608	0.8929336715844437	0.8306593977154725	0.7760600827782803	0.8167476039980472	0.7908922176038481	0.7808687421119058	0.7801154347421337	0.7782722234065231	0.8473727279490167	0.8272658934707904	0.7974468751631598	0.8299980941490376	0.807532047028849	0.7908922176038481	0.8121070252320423	0.8217720857292211	0.8299851867252268	0.8242319518206999	0.8301627925384555	0.8186399364609865	0.8313085996572235	0.9809574303576557	0.8187487764633499	0.8171694834939188	0.8304468620985122	0.8231816742320279	0.9699586503095515	0.8061150477040674	0.8198779377911023	0.840375222885495	0.49267405436356904	0.828899034424853	0.8258232235701907	0.82057529078906	0.9815586098384932	0.8327092425690158	0.8280564511866377	0.8268582000217651	0.8116662091682679	0.8177162629757786	0.8302712398760668	0.8066676084192683	0.8728695001083723	0.8138780447572442	0.8252495659722222	0.8149172799203231	0.8181088634917121	0.8202729044834308	0.7566176364865059	0.845532952802434	0.47835886714794373	0.5473598700243705	0.8925469353608425	0.506474963474565	0.901592732705236	0.8412805349701824	0.9809536435547307	0.9809574303576557	0.97809126372131	0.8402084461986946	0.8473704451495049	0.8161319001050675	0.9800937824067812	0.8394010792733906	0.9460135859849839	0.8800030112167825	0.8204233095107202	0.9823607721322387	0.9777067111605487	0.9777675063554425	0.8439445069366329	0.3586324662113065	0.36069669756662803	0.8169804732615293	0.0	0.8200918324753026	0.5089073634204275	0.5628529260780287	0.8342162260901334	0.5495791353143732	0.7829657314312786	0.3796538502884581	0.8082929594887125	0.5209476555055368	0.5214459575027959	0.4277793179927918	0.4631272478164069	0.4613768803360889	0.4857701645535474	0.4374387896389855	0.8103799659398643	0.840567763208738	0.8493224239324981	0.8423565235342692	0.8332028191072827	0.8456976354400351	0.8358332497240895	0.8378700022788849	0.8353707596875082	0.8302796278539404	0.8454470582179441	0.8225523363772798	0.9466221851542953	0.982350198699021	0.995843869707819	0.9961731161408898	0.9952937031257865	0.9966850828729282	0.995803128576879	0.9961714775074304	0.9953491977366096	0.9961383227863869	0.9961731161408898	0.9961731161408898	0.9961731161408898	0.995803128576879	0.9954907822620828	0.9961731161408898	0.995803128576879	0.995803128576879	0.996090973702914	0.9961871315690455	0.9961096243433443	0.9950826772656628	0.9945388816244904	0.9954115925494184	0.9952763819095477	0.99534014389226	0.9958318136820716	0.9963044174530045	0.9961896167055225	0.9963109613634686	0.9963070559850312	0.9951338199513382	0.9964973295242827	0.9954115925494184	0.9953297121681304	0.9947187945836358	0.9963109613634686	0.9963109613634686	0.9961096243433443	0.9961058211692586	0.9963082375526077	0.9962378487564701	0.995803128576879	0.995803128576879	0.9961871315690455	0.995803128576879	0.9954907822620828	0.9955385759339505	0.9961096243433443	0.9955385759339505	0.9963109613634686	0.9954907822620828	0.9955546625813095	0.9958599632571739	0.9958717948717949
Pseudomonas_syringae_pv_syringae_Alf3_2478_NZ_KL995102	0.5156808402012982	0.5740835117045493	0.5745444600184609	0.7986236043290785	0.8004462772568072	0.80446161856998	0.8138107835383315	0.5101620787239516	0.5379847196194321	0.6880733944954128	0.7013452914798206	0.5904305596297383	0.8011636243313296	0.6879653571762361	0.5409542244685808	0.9771809809277479	0.9763547042477173	0.4973598853435921	0.5270790927595231	0.798748607182652	0.9698021171205149	0.6585637468579975	0.8842456502740923	0.7992094636865154	0.6196964698119433	0.6020757889291257	0.6133758978451715	0.6100472360525979	0.5614222697500334	0.5552123552123552	0.8112272677774148	0.5960078331672793	0.5912836715416436	0.5707218109339407	0.6892312480547775	0.6133758978451715	0.5265095463240337	0.7065250658015547	0.604193537718689	0.5875507882333821	0.5762095806329939	0.5665884527872582	0.8139807200043571	0.9757372242060207	0.4076422829906693	0.6607625528667281	0.7979104987474379	0.5234510302901778	0.960635342135674	0.6652422128000535	0.705426599749059	0.800912330719886	0.8080213751740997	0.5390930687534936	0.5392707882980257	0.7200909780136466	0.979338535860275	0.8051475770304175	0.5913639293104034	0.5583059092860209	0.5329829648423342	0.404367650587953	0.5451224364307158	0.36619835053255423	0.6945971245469602	0.5365074756858761	0.5258137333430424	0.3991359654386175	0.4063436264131347	0.40113199919142917	0.9105919733312499	0.8130766476631138	0.8240320283741301	0.8062410943288686	0.8844292853176806	0.8059866334390575	0.8831409620306053	0.8069686029974839	0.9757320592270211	0.9757372242060207	0.9738868511186144	0.8049852540834845	0.7587174128258718	0.6969965783804334	0.9771192979072234	0.8099534986713905	0.9507615113656521	0.6840482109701986	0.5722983799181057	0.9780652818991098	0.9764294743103576	0.9764982083281849	0.8276197160287211	0.8020079185520362	0.8100510118280173	0.5361619030711877	0.8200918324753026	0.0	0.8088251826869027	0.8000400205820136	0.5906397306397306	0.7958861205947914	0.6145550840698082	0.8059529173237215	0.5821606973783016	0.8182047332306399	0.806847142776236	0.8097009706565219	0.80842683894367	0.8056412269388213	0.810109405478755	0.8118830831487709	0.4642843360475437	0.8083712260287514	0.801539728984972	0.800256812669425	0.814107997265892	0.8056204088605432	0.8062484597902577	0.8066812553668874	0.793297371743372	0.8082565965475487	0.7976377727571711	0.8075213956550362	0.9498642579859438	0.9780512138343864	0.9965287121252893	0.9964521720290326	0.9961854777621469	0.997002025658339	0.9969633135447159	0.9971027050445426	0.995823704652393	0.9964922615541155	0.9964521720290326	0.9964521720290326	0.9964521720290326	0.9969633135447159	0.9956618375599176	0.9964521720290326	0.9969633135447159	0.9969633135447159	0.9963936396918202	0.9964661451308335	0.9964326597982057	0.9955848073495133	0.9952245562701852	0.9959505541346974	0.996327897181121	0.9958370092633436	0.9969118472768108	0.9965336579170194	0.9964686219538494	0.996540249313332	0.9965363158033896	0.9961187029999191	0.9968501414766964	0.9959505541346974	0.9959856904885442	0.9956435217554994	0.996540249313332	0.996540249313332	0.9964326597982057	0.9961621621621621	0.9965375059470317	0.9965226840532464	0.9969633135447159	0.9969633135447159	0.9964661451308335	0.9969633135447159	0.9956618375599176	0.9963563088304304	0.9964326597982057	0.9963563088304304	0.996540249313332	0.9956618375599176	0.9968971750802688	0.9969343106379421	0.996244027727913
Pseudomonas_syringae_pv_syringae_B301D_3084_NZ_CP005969	0.7791591827570723	0.7971357175484322	0.7908910568221963	0.8413128809007334	0.5322460361207484	0.5483144661955094	0.8492020086511212	0.8131624352970175	0.804191369088653	0.7951022427440633	0.7755459502217702	0.8246330567964263	0.8458660680882903	0.8231579499004298	0.7799467115411584	0.9790888722927558	0.9795705649364186	0.8039886679195535	0.8083239347509146	0.840906741108354	0.9739081510654758	0.8279979144942649	0.8799700860027421	0.8389334433585188	0.7874548368694141	0.8235880398671096	0.8030342256511158	0.7939002810450713	0.7887450462351387	0.7840333236051047	0.8519753910014083	0.8108284764965412	0.8186109757036201	0.8021806419229804	0.8234662335621104	0.8030342256511158	0.8059668810729438	0.7802560701621417	0.8107343886260934	0.8265678912116907	0.8138632410009368	0.8043647052298819	0.8507351664972354	0.9798225624460718	0.8111061049785988	0.8277959023880986	0.8382444008669625	0.8065863453815261	0.9656201230147802	0.8016024204392649	0.7887141993293387	0.8321183086856905	0.3906098219104155	0.8058083511777302	0.80012180942362	0.7978041352780895	0.97996893329933	0.8460477589069084	0.8156994763278829	0.8020234025403707	0.795328637844158	0.8105758783049619	0.8089094382457986	0.8036270898271465	0.8598117797184671	0.7988190401916274	0.7977559295672944	0.8080285062078949	0.8112713704961854	0.8118072897668285	0.8052841764892837	0.8586705130436945	0.5741931532855655	0.4276213933849402	0.8797868632040237	0.5027972027972027	0.8964155969968516	0.8517290852421708	0.9798185439256473	0.9798225624460718	0.9764566857558403	0.8357470400787586	0.8230210174818307	0.7921467264278055	0.9784730065507116	0.8570858084161135	0.9475213105385971	0.8764228870756523	0.8000391641256609	0.9819469733978772	0.9765585108852063	0.9766225349504676	0.8552963898380627	0.49910263227864926	0.49787558919206	0.7707449184721912	0.5089073634204275	0.8088251826869027	0.0	0.4646114806940539	0.7893837937484751	0.49963705952223836	0.796709447322521	0.5337204398741363	0.8182887235728711	0.5002499916669445	0.34220041322314054	0.5600889030004763	0.3034120139204115	0.5329153605015674	0.5063223745507787	0.4669362590738838	0.8095198166471016	0.8182295770948254	0.8259780254195266	0.8355492079979226	0.8503274320858545	0.8341366822125531	0.8477585992797715	0.850924209788108	0.8170165629285789	0.840094606406499	0.8122847910155215	0.843485215826439	0.9485294117647058	0.981936143266603	0.9958419958419958	0.9961966651554078	0.9951397632838076	0.9967844043611516	0.995775651465798	0.9959926405726239	0.9955287914814432	0.9963117103197349	0.9961966651554078	0.9961966651554078	0.9961966651554078	0.995775651465798	0.9956389553429027	0.9961966651554078	0.995775651465798	0.995775651465798	0.9960891868556047	0.9962861659682316	0.996207426503396	0.9953365102826126	0.9946395137089948	0.9955840031755483	0.9951479498202479	0.9954409241093154	0.9959868661072602	0.9963522539619944	0.9962885874062742	0.9963587157091893	0.9963548593665337	0.9950811855346701	0.9965955120399592	0.9955840031755483	0.9956591272561115	0.9947919274876058	0.9963587157091893	0.9963587157091893	0.996207426503396	0.9958769106999196	0.996356026098732	0.9962107815894509	0.995775651465798	0.995775651465798	0.9962861659682316	0.995775651465798	0.9956389553429027	0.9955365159171947	0.996207426503396	0.9955365159171947	0.9963587157091893	0.9956389553429027	0.9956283603839003	0.9960139769638928	0.9961788993178438
Pseudomonas_syringae_pv_syringae_B48_20739_NZ_CP125300	0.7816351916770327	0.7972888708146944	0.7894288852278968	0.8355637030247479	0.5638185485161827	0.5411343245728053	0.8390973258785135	0.805342980381244	0.8021469399135648	0.7875387320994891	0.7562784230802653	0.8234384264391225	0.8392924922189327	0.8140687450039968	0.7810838330127843	0.9782886918365481	0.9764093424631836	0.7994542198470679	0.80243330728876	0.8352379953868736	0.9711011459890384	0.8241488519398258	0.8740675180174484	0.8353518479849655	0.8150350961796067	0.820250284414107	0.8272129385572076	0.8203712737823196	0.8122794636556104	0.8097783367395064	0.8470549951187765	0.8079964729547271	0.8142471162839031	0.803262550977359	0.8144162382461841	0.8272129385572076	0.800338644312441	0.7777199945257972	0.8070616557442825	0.8221708413615928	0.8088909381865523	0.8020754452390969	0.8424367630756828	0.9782715607815085	0.8108915114460401	0.8239397542608007	0.8350781923086965	0.8043366449202782	0.9664946664507023	0.7982359113985082	0.7814924373500027	0.8237986875529213	0.49029357673183027	0.8024162964568209	0.803049732381802	0.7870100905703484	0.9778653160757832	0.8396776450467726	0.8115004735489109	0.8007134430649964	0.790099065789845	0.8091188149483229	0.8126602028307144	0.8032341156267888	0.8562104669433142	0.7936351057521249	0.8014142769299569	0.8033462178709477	0.8096551724137931	0.807477964174012	0.8128000662215109	0.8463352777073294	0.5944275274056029	0.5381618909282979	0.8738886643766417	0.524635761589404	0.8996150285073827	0.8457003812964078	0.978267188373393	0.9782715607815085	0.9758621480852626	0.8274046183417152	0.8191936004769831	0.7822206055179362	0.975892877544958	0.8421092912903719	0.9491326151114523	0.8740321923390383	0.7981897892801584	0.9805725053840632	0.9764080217411677	0.9764730620064483	0.8528837488735356	0.5693827318351821	0.5638069619239761	0.7719377269784071	0.5628529260780287	0.8000400205820136	0.4646114806940539	0.0	0.7859474882712831	0.5585620162476812	0.8253557236251763	0.5503850883437965	0.8171515605235304	0.5242271794532336	0.5096227867590455	0.5635985937999362	0.4999662504218697	0.5614388489208633	0.559255060728745	0.5086851863899551	0.8013751171974884	0.7965937002348241	0.8017095395532619	0.8244848292463561	0.8407548125633232	0.8298102551922519	0.8427568506076848	0.8399153018011123	0.7870708945041751	0.8359930231952725	0.7900669825191962	0.8355336650756575	0.9486600710786668	0.9805607308806034	0.9950364667747164	0.9959275096721645	0.9945268945854441	0.9958848781974751	0.9950598224623698	0.9954397228166718	0.9945098039215686	0.9957431802725372	0.9959275096721645	0.9959275096721645	0.9959275096721645	0.9950598224623698	0.9949113260781943	0.9959275096721645	0.9950598224623698	0.9950598224623698	0.9950945140743784	0.9960189669599615	0.9957163255592575	0.9943556701030928	0.9941922269179911	0.9946069332263081	0.9944595521894934	0.9945083411045488	0.9952030784639309	0.9957904700226667	0.996021589843651	0.9957980059176011	0.9957935085623257	0.9943677694337325	0.9957037334807296	0.9946069332263081	0.9947115754884092	0.9938987341772152	0.9957980059176011	0.9957980059176011	0.9957163255592575	0.9955028202652574	0.9957948692428277	0.9952227672184754	0.9950598224623698	0.9950598224623698	0.9960189669599615	0.9950598224623698	0.9949113260781943	0.9947600518806744	0.9957163255592575	0.9947600518806744	0.9957980059176011	0.9949113260781943	0.9947924604989077	0.9952358515260981	0.9954359213733728
Pseudomonas_syringae_pv_syringae_B64_281_NZ_CM001763	0.5618244486831978	0.4710049764998617	0.3941419232314378	0.8120814358424859	0.8226765603620672	0.8217989526645446	0.8194387123400743	0.6077270805554652	0.6170631718260757	0.7114000118998036	0.7140969427593249	0.4124642533305434	0.8174674972214324	0.7161532899493854	0.5769205298013245	0.9783933644945468	0.9781935120416881	0.6020381066188674	0.6047338049750595	0.8100045646161695	0.9749703721260963	0.7039813329444363	0.8849717514124293	0.8158959076153478	0.6790740851649997	0.5047149663216691	0.6575229815853623	0.6542143906020558	0.6589537223340041	0.6597544741902086	0.8278220044907124	0.6599571335383468	0.6256377743561876	0.6267840383183922	0.7165245048431401	0.6575229815853623	0.45503100691830667	0.6609843360091399	0.5270391098453489	0.4059122917102419	0.5901364924027814	0.6285097887686759	0.8241949967928159	0.9794716812178196	0.6277439526081948	0.7035922897196262	0.8141920699211256	0.5477862394092243	0.9626231340676743	0.7502883676909882	0.7184731746078461	0.806836226618221	0.7847993402968664	0.5303489883670545	0.6279800051268906	0.6876641194346915	0.9806077944004127	0.8143103677153857	0.569029728846782	0.6238081385953005	0.6136658451160981	0.625822850811445	0.6398783805408865	0.6236218393081139	0.7015674412209543	0.6176260626906354	0.6213611012605178	0.6285992217898833	0.6266284523189161	0.6241405401848867	0.9126682862637919	0.8226287790320488	0.8340171199918959	0.8082091968911918	0.8851447912749154	0.8131143162393162	0.8864248807139855	0.8208514246075584	0.9794675443899599	0.9794716812178196	0.9775838309600368	0.8054382614776364	0.7542172473592937	0.7073504884441267	0.9752636405318661	0.8258546454323805	0.953318955188114	0.6966508025658459	0.6030463881837065	0.9764453477868112	0.9780227512607013	0.9780834093513906	0.8348034466935196	0.8217981205786083	0.8287464976825787	0.5503832055981339	0.8342162260901334	0.5906397306397306	0.7893837937484751	0.7859474882712831	0.0	0.8184996320050468	0.6736903207081701	0.8195053638429425	0.6594802299659744	0.8121377247108476	0.8159494480883058	0.8184406136327693	0.785495095621678	0.8286214007883677	0.803688922446338	0.8216816553714537	0.6255105041330414	0.8059292677032144	0.7971159569287376	0.8029333117251438	0.8233535249387808	0.8090005655651612	0.82070596704116	0.8207488299531981	0.7937086723448257	0.8149348923731066	0.7947511558335599	0.8152742528616563	0.9539792055962819	0.9764309764309764	0.9965762110068476	0.9967859602581435	0.9964576962283385	0.9970478953529801	0.9971928197996343	0.9974497602774661	0.9959146261621056	0.9967189116882461	0.9967859602581435	0.9967859602581435	0.9967859602581435	0.9971928197996343	0.995073767178658	0.9967859602581435	0.9971928197996343	0.9971928197996343	0.9967852274773037	0.9965938842429019	0.9964851497577264	0.9956106377485153	0.9951673248804822	0.996005326231691	0.9966934581340929	0.99535282205722	0.9972823936043904	0.9963797063817038	0.9965961338176645	0.9963862027714087	0.9963823257902747	0.9963683462007314	0.9968789327963755	0.996005326231691	0.9957297936924423	0.9960472305275427	0.9963862027714087	0.9963862027714087	0.9964851497577264	0.9964099299809038	0.996383498777872	0.9969303182236775	0.9971928197996343	0.9971928197996343	0.9965938842429019	0.9971928197996343	0.995073767178658	0.9964672571888719	0.9964851497577264	0.9964672571888719	0.9963862027714087	0.995073767178658	0.9965408485095126	0.997300980032493	0.9963094835875977
Pseudomonas_syringae_pv_syringae_B728a_112_NC_007005	0.811495874945723	0.8248793845351414	0.8190950798924221	0.8290596074567658	0.5118892082571205	0.5177370224647798	0.8283745378637358	0.8096368448337017	0.8025507405375754	0.7970014992503748	0.7621627755240986	0.8078723951633651	0.8289493537192576	0.807732883215529	0.8072554947299616	0.9791577669357195	0.9768836801550316	0.7875741316012426	0.8009896907216495	0.8306735751295337	0.972147705801395	0.8125590427206886	0.8895246046557312	0.8245882505511607	0.7717207064355623	0.8107206120196133	0.7854178087555799	0.780404256988207	0.7749190165153205	0.7679239234961	0.8383931233230647	0.812807216550532	0.8058855361146184	0.8078396780329135	0.8087068806493267	0.7854178087555799	0.7986048420188756	0.8019652904350583	0.8171206225680934	0.8056810017448425	0.8122836909642724	0.8098371442671493	0.834628357276702	0.9787402614551697	0.7911109847300025	0.8135219548043359	0.8243138068800913	0.8022371125764169	0.9684366117111995	0.7974704749141469	0.7988844966697353	0.8293056059741741	0.5135518800963983	0.8008544726301736	0.808079980332705	0.8093786142361477	0.9803623638833253	0.8327215790959727	0.821940594059406	0.8055983705824067	0.7976817993652546	0.7889502451118499	0.8122086326989524	0.7946755124606617	0.8607389201617379	0.8011431095894194	0.8067845800021903	0.7829315114900345	0.7900070372976777	0.7913430466579738	0.8014175578214374	0.8430110220440882	0.5798757387482951	0.5138439172669002	0.889224127357912	0.5267921088612539	0.8983376573460171	0.8355809257920582	0.9787360496599089	0.9787402614551697	0.9755485751734424	0.8313654566593464	0.8311804764559048	0.8007105855550433	0.9782476934473702	0.8429285194205227	0.949077682514939	0.8701821475294355	0.8073237414045455	0.9809395498818385	0.9773298007142034	0.9773912643889437	0.845754974445492	0.5239981814639215	0.5153530217093683	0.8010604339122437	0.5495791353143732	0.7958861205947914	0.49963705952223836	0.5585620162476812	0.8184996320050468	0.0	0.7874087591240876	0.5270825913814874	0.8033031487960486	0.5140110250689067	0.48580420516941203	0.551245833994604	0.5352843840238799	0.5141788617886178	0.5102545502505935	0.5375019638648861	0.7964865016557221	0.8293824160483934	0.8354723386744168	0.8301583598994375	0.83444123918224	0.832313595354143	0.8311051023984778	0.8400994824900769	0.8240212549816364	0.8301862490017775	0.8357323427745963	0.8259203227433182	0.9500271463305243	0.9809281767955801	0.9960470377644631	0.99635	0.9956774854458686	0.9969079619978555	0.9962125994192652	0.9963233455054775	0.9955881598522547	0.9963632765146829	0.99635	0.99635	0.99635	0.9962125994192652	0.995596021574546	0.99635	0.9962125994192652	0.9962125994192652	0.9961939809446994	0.9963632740497185	0.9963335712000787	0.9950660391680582	0.9947818561319554	0.9956406088370031	0.9956596572625908	0.9952449970758004	0.9965103655069018	0.9962310327949094	0.996365627800458	0.9962376624645753	0.9962337058866688	0.9955174818208985	0.9967191277320046	0.9956406088370031	0.9955646279075628	0.9949297874984466	0.9962376624645753	0.9962376624645753	0.9963335712000787	0.9960323401706842	0.9962349029387316	0.9963141266736874	0.9962125994192652	0.9962125994192652	0.9963632740497185	0.9962125994192652	0.995596021574546	0.9960554777961572	0.9963335712000787	0.9960554777961572	0.9962376624645753	0.995596021574546	0.9959107343224037	0.9965337509949418	0.9960796293467746
Pseudomonas_syringae_pv_syringae_EC33_20735_NZ_JAGSOX010000017	0.6326856371059336	0.6637204282255477	0.6568344050498496	0.8141901490301418	0.7788999050733045	0.7682566045570146	0.8234446073923094	0.6324077783598878	0.6482405941799586	0.7393331647987416	0.7426628895184135	0.5754091912988231	0.8115785507974381	0.6131816398587682	0.6362021983405284	0.9791643626551061	0.9789204365348911	0.6158501806198111	0.650349863097049	0.8137893593919653	0.9712580348943985	0.6164581328200193	0.8963364862918327	0.8172178289000719	0.5906510336315952	0.5757291540602687	0.45624346917450365	0.45216709671097755	0.47046158864785514	0.4763684826420491	0.8265197737321839	0.6622179663654317	0.5358353285034669	0.6559645639224072	0.6136418486786532	0.45624346917450365	0.6477551391117435	0.7575659579055165	0.6409787196363743	0.5719979467979106	0.6768369162558703	0.6566787333069692	0.8203066660028875	0.9811365600691443	0.5999352750809062	0.6172709493004362	0.8162756635917465	0.6592993181283799	0.9644268774703557	0.7382302974459385	0.745557687494786	0.8204970061419063	0.7888930045507461	0.6591976976389051	0.6437694799242193	0.7515251755646539	0.9821234858072682	0.8197671449726804	0.6535288181872143	0.6380352955695421	0.6273811367508131	0.6212918886542038	0.6352288917797188	0.6129973389759866	0.7651998727600466	0.6299398225696383	0.6373835797497925	0.6018934684900067	0.6216829498896943	0.5968566069465105	0.8919001063775898	0.8280356563210067	0.7832954225982058	0.7876080386022588	0.896485592367071	0.7959221064754227	0.8898125431722363	0.8282723547128821	0.9811328910116488	0.9811365600691443	0.9788601311824144	0.8143420747273149	0.7744470023020719	0.7431733698538249	0.9796435975475277	0.8271267937191655	0.9504987241939226	0.7783753411462514	0.6713940127003326	0.9800087013269524	0.9778764067842667	0.9779353643939565	0.829031459004211	0.7727840199750312	0.7810368888069723	0.6261545496113398	0.7829657314312786	0.6145550840698082	0.796709447322521	0.8253557236251763	0.6736903207081701	0.7874087591240876	0.0	0.7779334038054968	0.5200388252238712	0.8080985915492958	0.8017982799061767	0.7760335593488642	0.7920669597031031	0.7870762158491355	0.7948045132511152	0.7751100751100751	0.6267073708063196	0.829446916719644	0.8190635022450289	0.8187668940661603	0.8235909702496637	0.8237817565311207	0.8175042377106392	0.8218455743879473	0.8146694214876034	0.8222687145991734	0.823331794635072	0.8159020947518583	0.9535895240959674	0.9799969527457937	0.9964622066071341	0.9968109898196983	0.9963476811452103	0.9969400993855719	0.9967552572263642	0.9973509933774835	0.9962775723735506	0.9968436642629956	0.9968109898196983	0.9968109898196983	0.9968109898196983	0.9967552572263642	0.9959200524564684	0.9968109898196983	0.9967552572263642	0.9967552572263642	0.9967112583764002	0.9968223705115984	0.9967150551919036	0.9957562973073583	0.9958326054949717	0.9961322761554825	0.9962799804209496	0.9961354343273162	0.996907321030217	0.9968774770014172	0.9968243886948237	0.9968828677616592	0.9968796505208584	0.9962866147118462	0.9970944309927361	0.9961322761554825	0.99631707739081	0.9957085731005559	0.9968828677616592	0.9968828677616592	0.9967150551919036	0.9964984451137393	0.9968806238752249	0.9965796402470534	0.9967552572263642	0.9967552572263642	0.9968223705115984	0.9967552572263642	0.9959200524564684	0.9964801038494183	0.9967150551919036	0.9964801038494183	0.9968828677616592	0.9959200524564684	0.9969922973468639	0.9969276486438843	0.996002498438476
Pseudomonas_syringae_pv_syringae_HO7_20736_NZ_JARNIY010000011	0.8186531310225021	0.8234119686859664	0.8188548078964126	0.8234214871700783	0.3761921835783435	0.33400294149298704	0.8235876854297907	0.8146973590682924	0.8073941726223199	0.8014428594851615	0.7765771357634579	0.8056830261076975	0.8246763137852247	0.8046606900587907	0.8098337344126012	0.9793296847437695	0.9777344837183413	0.7893751064192065	0.8109516885682149	0.8241954083237236	0.9707859358841778	0.8119965135627691	0.8916313245882237	0.8226346053319393	0.7725798471771755	0.801893909831161	0.7807738942485107	0.772657490735839	0.767413737504031	0.7604217356042173	0.8398472596585804	0.814743467997938	0.7946624803767661	0.8179442748301565	0.8050103717887347	0.7807738942485107	0.7997745022549775	0.8050467834707239	0.8220704811239306	0.8056114810799648	0.8230344534692361	0.8081779251277801	0.8268865895924511	0.9797191197611412	0.8063467842206398	0.811772794584303	0.8223575854226033	0.8096254971571951	0.9684289995653268	0.793986699729486	0.8059256851912036	0.8294381553550003	0.43953974895397485	0.809738406975814	0.8125907062077276	0.8023939353637451	0.9802386192517085	0.828942255381985	0.8282558723280578	0.8106296715117081	0.8091649246341732	0.803758471965496	0.8197647316899285	0.7996305768684285	0.8655230540406544	0.8113774104683196	0.8146211955331728	0.7981764623369336	0.8041603673217985	0.803698997599887	0.7028798560071996	0.8392112248767539	0.4564280980781975	0.4908691983122363	0.8913273725953841	0.45835903763109187	0.8974024089391961	0.8320255520346059	0.9797150820687519	0.9797191197611412	0.9775362483265639	0.8352633351467579	0.8290318642412404	0.8026645597210114	0.9781140598531903	0.8355784871899146	0.9440796542584943	0.875015752199007	0.8093111006298033	0.9797588860714445	0.9775424121627886	0.9776036610733602	0.8416399519134442	0.28447752126366954	0.3149471490248623	0.8062872628726288	0.3796538502884581	0.8059529173237215	0.5337204398741363	0.5503850883437965	0.8195053638429425	0.5270825913814874	0.7779334038054968	0.0	0.8041477037649979	0.5069651741293533	0.5336943049122578	0.26118115969800326	0.5037679226408802	0.394024045261669	0.49384579266861184	0.4150167842707405	0.8034144834751354	0.831763087544447	0.8393336084175779	0.834610489129023	0.8264569889741376	0.8350464492961045	0.828085944403767	0.8318784516326063	0.826521272979263	0.828440914635729	0.8408949979330302	0.8206160352602482	0.9451682176091625	0.9797467227526652	0.9956681773793725	0.9966028334885125	0.9953446236694431	0.9968112885407251	0.9959566676838572	0.9959947604413321	0.995634992380608	0.9966635127732683	0.9966028334885125	0.9966028334885125	0.9966028334885125	0.9959566676838572	0.9956412363944307	0.9966028334885125	0.9959566676838572	0.9959566676838572	0.9961167512690355	0.9966152688980819	0.9966319960376424	0.995108654115609	0.9946939403260535	0.9955364892007836	0.9952767379343266	0.99505749186919	0.9959629108714904	0.9966013200669884	0.9966174738793816	0.9966073360212411	0.996603745723919	0.9951845906902087	0.9966222089759829	0.9955364892007836	0.995457544536365	0.9945430423790332	0.9966073360212411	0.9966073360212411	0.9966319960376424	0.9964086594002712	0.9966048319637849	0.9962381337103615	0.9959566676838572	0.9959566676838572	0.9966152688980819	0.9959566676838572	0.9956412363944307	0.995590421986361	0.9966319960376424	0.995590421986361	0.9966073360212411	0.9956412363944307	0.9953531598513011	0.9959901694476782	0.9960265579738009
Pseudomonas_syringae_pv_syringae_HS191_3083_NZ_CP006256	0.6309966501736377	0.6805299539170506	0.66238801586136	0.756998213222156	0.798775743113555	0.7862585660222973	0.7586342537959248	0.6405685229430864	0.6585211139974627	0.7378662617400595	0.7437522995499958	0.5527690700104493	0.764490861618799	0.4490415766738661	0.6320056505850198	0.9792560484762705	0.9796149234145569	0.622737877545873	0.6220455321924403	0.755107023683568	0.9718028724819896	0.4920510046874488	0.8681405253699008	0.7567800955285101	0.6530636315385976	0.561361691724728	0.5438277688801281	0.5516472098282501	0.5062754841997961	0.49331447672923634	0.7688141391106044	0.659078639553716	0.5500338690806084	0.6467367903057144	0.45066244142534473	0.5438277688801281	0.6320512035278986	0.7572171756651123	0.6615509824439019	0.5621389919134189	0.6587132635562651	0.6467902558602727	0.7654398166236879	0.9804769420361923	0.6313308658378413	0.49441441441441436	0.7557056043214044	0.6354281953875146	0.9645222858425957	0.7345730703704774	0.7356296067935315	0.7638092160189599	0.8123800134903751	0.6569403182633762	0.6345822566752799	0.7512406779661017	0.9823776602955131	0.7611084311518465	0.6591305375772084	0.6328812089681655	0.6345626521243491	0.6306940922325538	0.649566363274187	0.614234009160501	0.7494093896310297	0.63863033964125	0.6364111712598426	0.6279949953081013	0.6310798122065728	0.6272146292077955	0.9057884930410534	0.7982231553074914	0.8049649840608449	0.8111986274662716	0.8683350131517491	0.8152249491385748	0.8671009138635037	0.7714825551299307	0.9804731424617248	0.9804769420361923	0.9787031291552167	0.7486325414319537	0.7782849446273571	0.7331755824107722	0.980072304029627	0.801816321309798	0.9523732345450335	0.7739977982439653	0.6311526479750779	0.9811845478642507	0.9773221567739012	0.977382620091283	0.7724605317823017	0.7995219289129079	0.8073366135140009	0.6468522021075385	0.8082929594887125	0.5821606973783016	0.8182887235728711	0.8171515605235304	0.6594802299659744	0.8033031487960486	0.5200388252238712	0.8041477037649979	0.0	0.8151379452336833	0.8162508689271646	0.8075104097054439	0.8185445465544314	0.808930265958811	0.813438040866937	0.7935001658120966	0.5637362999045519	0.7732832360700296	0.759432945235015	0.7617248637271304	0.7714783785190196	0.7655811947379771	0.7645511601864632	0.7905508157847256	0.7543693009118542	0.7626846069313035	0.7631472546429823	0.7496102111466398	0.9525750277880697	0.9811735037718211	0.9972453133760757	0.9972539596920512	0.9969380006368959	0.9979214554702401	0.9974259337177932	0.9974003678724709	0.9967572459214198	0.9974523838408347	0.9972539596920512	0.9972539596920512	0.9972539596920512	0.9974259337177932	0.9966512982285853	0.9972539596920512	0.9974259337177932	0.9974259337177932	0.9969843035471512	0.9973862276180473	0.9968848856583999	0.9966529478851589	0.9962586985259272	0.9965691367271498	0.9970656559481599	0.9966360170441803	0.997618987309709	0.9974315274010418	0.9973878866293973	0.9974359588794901	0.9974333141431587	0.9967035382023295	0.9972645848462842	0.9965691367271498	0.9970610027167202	0.9964429284931173	0.9974359588794901	0.9974359588794901	0.9968848856583999	0.9967689031405282	0.9974341142898252	0.9974432726110578	0.9974259337177932	0.9974259337177932	0.9973862276180473	0.9974259337177932	0.9966512982285853	0.9971562562362802	0.9968848856583999	0.9971562562362802	0.9974359588794901	0.9966512982285853	0.9975807634035482	0.9976346250629089	0.9972553520634763
Pseudomonas_syringae_pv_syringae_Pss9644_17750_NZ_CP066263	0.8117250082300012	0.8284497937087746	0.817885918574249	0.8361983643277595	0.5179011736857678	0.5189313857389968	0.8392537952216712	0.8107325946750454	0.8029164702946966	0.7801995137899237	0.7684492894241196	0.8354748603351956	0.8404116137472953	0.8147706494951904	0.8057623380204025	0.9773968860966948	0.9766015023561797	0.8091057001795332	0.8062489621962694	0.8321914225941422	0.972051227623293	0.8255292358542535	0.8847735599810573	0.8329255596043728	0.7849156666028813	0.8332018425673784	0.8058710647787978	0.7966424232944918	0.7957590463129022	0.7893536323369493	0.8471713623794933	0.7808995065051593	0.8251914850014089	0.8088620286303125	0.8157434865494598	0.8058710647787978	0.8140119041118331	0.803205675272029	0.7949179887066415	0.8380375835540421	0.8205141910310546	0.8048828016257447	0.8432723628163368	0.9787409104049456	0.8122969116442034	0.8253230381342578	0.8326521048657937	0.8055219181399855	0.967020321741732	0.8072140696762631	0.7942243226905534	0.8179412543000794	0.4536050265560454	0.8110733495678236	0.8077135595093381	0.7635325277271975	0.9785502786132289	0.836655549522997	0.8166854324164924	0.8076239164258724	0.7945669203222918	0.8056757516156223	0.8132705360853304	0.8129006749696405	0.8583531956656719	0.7982087881332214	0.806732925445032	0.8082965282048415	0.8067151399455378	0.8138645059644385	0.7960086525713488	0.8555260654013721	0.5868551753557391	0.4737455842507803	0.8845847440748855	0.4318635519910342	0.8803108808290155	0.8444388902774307	0.9787366548042704	0.9787409104049456	0.9759828318341628	0.8132640343666304	0.7913534310375376	0.7774610095589468	0.9775007946238023	0.8496985900572553	0.9457750526920866	0.8796116504854369	0.8021931792685663	0.9820082935747091	0.9759794776119403	0.976045397460347	0.8423884349465744	0.5321648878879859	0.521278341044066	0.799139914539279	0.5209476555055368	0.8182047332306399	0.5002499916669445	0.5242271794532336	0.8121377247108476	0.5140110250689067	0.8080985915492958	0.5069651741293533	0.8151379452336833	0.0	0.4906226809687647	0.5624801069450633	0.5348532064949976	0.551518646674356	0.4237658674188999	0.5080161943319839	0.8025019060796883	0.8238876492978081	0.83061863743148	0.8131029900332226	0.8408157092082378	0.8161264612114771	0.841124542308271	0.8461033385524521	0.8161458747449047	0.832935064935065	0.8320910160847391	0.8340880916841653	0.9460080963901598	0.9819974568898209	0.9958478031103729	0.9964581172363195	0.9952948319040753	0.9964906965588629	0.995832587630711	0.9960754525889353	0.9951940562165532	0.9962694041061593	0.9964581172363195	0.9964581172363195	0.9964581172363195	0.995832587630711	0.9956689365111155	0.9964581172363195	0.995832587630711	0.995832587630711	0.99576314446146	0.9964711516648602	0.9962898406374502	0.9949797653808719	0.9948987478744783	0.9952630266766392	0.9952774200065662	0.9953415349770938	0.9959936107256017	0.9963106026840984	0.9964734628076274	0.996317168421573	0.9963132500309291	0.9951341266639774	0.9962790000749194	0.9952630266766392	0.9953822996657907	0.9947169811320755	0.996317168421573	0.996317168421573	0.9962898406374502	0.9961111111111111	0.996314435539725	0.9958105877872286	0.995832587630711	0.995832587630711	0.9964711516648602	0.995832587630711	0.9956689365111155	0.9954115433196711	0.9962898406374502	0.9954115433196711	0.996317168421573	0.9956689365111155	0.9957092377587077	0.9960208062418726	0.9959536082474226
Pseudomonas_syringae_pv_syringae_PssA1M140_20740_NZ_JAKMAG010000016	0.8086922992178033	0.8207559664132652	0.8202687569988802	0.839479843953186	0.5088271339140804	0.506533410958018	0.8434972622695535	0.8068562567496469	0.8049057649667406	0.7767082924091483	0.7703655091733957	0.8291747622456284	0.84375	0.8171707007044118	0.8028231386659286	0.9777382824070909	0.9774520330516783	0.7993655828707376	0.8026352365597376	0.8377075243034742	0.9725448536355052	0.8262364801008086	0.890552451893234	0.8388652629395291	0.7937060086420089	0.8272329089931099	0.8054393848871341	0.7935781016931411	0.7939325010579772	0.7892052698682532	0.847657516144314	0.7951436103787983	0.8178814784224654	0.8009096779627706	0.8181409255682269	0.8054393848871341	0.8095342646211269	0.8006744098913451	0.7970434081440667	0.8298657035303694	0.8128165068419351	0.8033830179199464	0.847860855657737	0.9777104136947218	0.8141545416019211	0.8257223230012882	0.8381723359539193	0.7995396073121191	0.9644919835512636	0.8019774090870679	0.7895143914700845	0.8131169349474524	0.45770350852863684	0.8024508083888904	0.7999164578111947	0.7872317363971385	0.9775887452969082	0.8405707356090513	0.8158128039115601	0.8016944887173895	0.7958355489630853	0.8105313305683219	0.8120313281119813	0.8060928433268859	0.8629909938694411	0.7990421241317499	0.7985093375764174	0.8036813264015736	0.8112309200392102	0.8107627118644067	0.805279933481153	0.8560222545235827	0.5433073342558812	0.4070542691232346	0.8902750564250106	0.4557416681056812	0.8910910470038416	0.8475764987770179	0.9777059413666258	0.9777104136947218	0.9758088487481422	0.8131821440900762	0.8176183274241936	0.7797457745495181	0.9780968826683631	0.8554807257375484	0.9475637495510595	0.8729646658368684	0.8049094883147453	0.9797744764632181	0.9759213414918959	0.9759875163033352	0.8594920382955504	0.521172209417188	0.5153394471201425	0.7926089354660784	0.5214459575027959	0.806847142776236	0.34220041322314054	0.5096227867590455	0.8159494480883058	0.48580420516941203	0.8017982799061767	0.5336943049122578	0.8162508689271646	0.4906226809687647	0.0	0.5557796990073647	0.42227017084645047	0.5411806520404536	0.4568238384955752	0.44581081081081086	0.805472496473907	0.826782389805176	0.8345533644202464	0.8254319426885799	0.846105527638191	0.813270041068857	0.84424854116056	0.8486324182478805	0.8241821967999579	0.8349431375603676	0.8316696795829076	0.8383351422297383	0.9491306531461507	0.9797622512256823	0.9956895465201281	0.9961728551514384	0.9953130146183273	0.9968657584106362	0.9959289225727161	0.9959675374080649	0.995604567088871	0.9963895296359443	0.9961728551514384	0.9961728551514384	0.9961728551514384	0.9959289225727161	0.9953600361164756	0.9961728551514384	0.9959289225727161	0.9959289225727161	0.9961414626667348	0.996186964975632	0.9962841966133819	0.9950234717697458	0.9944755659963342	0.9956570572819169	0.9952955459443054	0.9952565094096416	0.9960135330063731	0.9962552389455149	0.996189466777702	0.9962619136031687	0.9962579302141158	0.9952281162420784	0.9966748337416871	0.9956570572819169	0.9955804210096055	0.9946328680139092	0.9962619136031687	0.9962619136031687	0.9962841966133819	0.9959781453938382	0.9962591353895702	0.9962635351532713	0.9959289225727161	0.9959289225727161	0.996186964975632	0.9959289225727161	0.9953600361164756	0.9955599153286179	0.9962841966133819	0.9955599153286179	0.9962619136031687	0.9953600361164756	0.9954994816818791	0.9960406355821828	0.9961027229319912
Pseudomonas_syringae_pv_syringae_PssA1M197_17707_NZ_JAKMVF010000007	0.8141258893173302	0.8290032573289903	0.8195993445742376	0.8261005551645946	0.46064979503337056	0.3898258225048382	0.8247287076619533	0.8168343758498776	0.8141530248140986	0.8053368803952441	0.7805616277114511	0.8034022059965823	0.8264945171559958	0.8079902699558447	0.8144156373014796	0.9803873001576222	0.9790146827961954	0.7909794396746498	0.8164103959722411	0.8270533666875131	0.9688108704325175	0.8145112564688576	0.8915923222492566	0.8243327610426097	0.771893758736946	0.8048887739265391	0.7810874704491726	0.7801756916218696	0.7708088470990491	0.7651069769939062	0.8405559284950648	0.8210328133405056	0.7964322916666666	0.8224612948147338	0.8083368576866146	0.7810874704491726	0.7994078460399704	0.8137686860739575	0.819500339727173	0.8065710319296622	0.8278533038254822	0.8113844802020979	0.8278320903043741	0.9804599726836146	0.8070915998311524	0.8139797958539409	0.823598313290645	0.8195129673112946	0.9675711449371277	0.7982203318689314	0.8118016759776536	0.8331605680522443	0.4828529918572828	0.8152743241098355	0.8179620222216185	0.8109865234786271	0.9803536799335119	0.8285419088208705	0.826241789548656	0.8144332721444423	0.8113765082491997	0.8038066532708193	0.8210776285620701	0.8023732165560107	0.8649317237284782	0.8135806867070396	0.8193648292537151	0.803262715403246	0.8042071197411003	0.8081408387530836	0.6734250099537533	0.8399607141957742	0.4423557644235576	0.5140292178752444	0.8912077389574996	0.5125407863946475	0.9018727490996399	0.8344632627023241	0.9804560978296795	0.9804599726836146	0.9773575516297587	0.8372770388699866	0.8355723380049863	0.8094710980318043	0.9782104670793472	0.8372881355932204	0.944579230293516	0.8760477839682779	0.8117377628166216	0.9807747679904317	0.9765796592143897	0.9766433792165272	0.8447941044664642	0.36268737583528987	0.39295949053599855	0.8114613026407788	0.4277793179927918	0.8097009706565219	0.5600889030004763	0.5635985937999362	0.8184406136327693	0.551245833994604	0.7760335593488642	0.26118115969800326	0.8075104097054439	0.5624801069450633	0.5557796990073647	0.0	0.5478033675246758	0.34798056703647307	0.5277087962357861	0.4301318904294893	0.8065362395690883	0.8358424417405651	0.8414962670292737	0.8385240614114308	0.8272895209656603	0.8393540051679587	0.8304659048097451	0.8338735818476499	0.8303327877795963	0.8288898657909027	0.8437371557747637	0.821025107258003	0.9466147379420077	0.9807632640397146	0.9957594352565542	0.9966406778811201	0.9954375673710862	0.9969235386808735	0.9959719301801231	0.996009737244962	0.9957550810393619	0.9967753937740296	0.9966406778811201	0.9966406778811201	0.9966406778811201	0.9959719301801231	0.9956822749944167	0.9966406778811201	0.9959719301801231	0.9959719301801231	0.996131381324433	0.9966529286873985	0.9967928950289873	0.9952036543585839	0.994739798784536	0.9957017933896547	0.9952943532238686	0.995153184867733	0.996056659575572	0.9966876042791245	0.9966551009710192	0.9966934456745371	0.99668995954395	0.9952025186776942	0.9967836112623089	0.9957017933896547	0.9956270063951872	0.9945883937255293	0.9966934456745371	0.9966934456745371	0.9967928950289873	0.9963718253471788	0.9966910142654052	0.9962522323112911	0.9959719301801231	0.9959719301801231	0.9966529286873985	0.9959719301801231	0.9956822749944167	0.9956072021453198	0.9967928950289873	0.9956072021453198	0.9966934456745371	0.9956822749944167	0.9955213050766882	0.9960831808694308	0.9961185873700876
Pseudomonas_syringae_pv_syringae_PssA1M201_17710_NZ_JAKMVI010000020	0.7774127775260535	0.7923800206532964	0.7919527339369239	0.8371060807811807	0.5374125305126118	0.5228496346622228	0.8413078551981445	0.8093576965669989	0.799793630431145	0.794102159031069	0.7758488203318439	0.8256871307474956	0.8424075986999572	0.8153580443735884	0.7774473989748818	0.9788388744470288	0.9776478840308628	0.7988985408505082	0.8060762587130995	0.8357482868650938	0.974625879242789	0.8180253191376662	0.8781880376276473	0.8384615384615385	0.7847386033243733	0.8232446767424496	0.7959344262295082	0.786450779251602	0.7830004545333012	0.7794527896995709	0.8483524712930604	0.8059022898239233	0.8106659729448491	0.8032119493500295	0.8156727321025369	0.7959344262295082	0.8036419906601453	0.7861387750671623	0.8062740487387773	0.8257389792369847	0.8155677014619962	0.8037686264642567	0.8419516368485946	0.9789464293679468	0.814461582000849	0.8174946290746095	0.8377366340753069	0.8092098180643772	0.9641608593985136	0.8066066910317684	0.7932128569457857	0.8293458828478284	0.38642392528798286	0.804567294714679	0.8002956516888405	0.7943541857829114	0.9782155977256242	0.8393924496079903	0.8084121008585434	0.8060238945958017	0.79282622139765	0.8151535492532305	0.8122965641952984	0.8086625145749794	0.8612858001201682	0.7944846624038759	0.8023028883684622	0.8085971455009393	0.8158490566037736	0.810357031626037	0.7951626891978849	0.8524982371310568	0.5670675013946569	0.4884996762871844	0.8782870777345222	0.513703420027307	0.8957723100956845	0.848128155145699	0.9789422025920721	0.9789464293679468	0.9763262128809214	0.8283958398991491	0.8251856970115736	0.7930958115328184	0.9797281941729922	0.8504639813901742	0.9433030660661383	0.874189694181051	0.8019701660568533	0.9810391529180005	0.9764020768043407	0.9764670211773486	0.8494259788439364	0.4890970981766708	0.49212902359614674	0.7690357474858447	0.4631272478164069	0.80842683894367	0.3034120139204115	0.4999662504218697	0.785495095621678	0.5352843840238799	0.7920669597031031	0.5037679226408802	0.8185445465544314	0.5348532064949976	0.42227017084645047	0.5478033675246758	0.0	0.5640135100688248	0.31030298433885706	0.5122622865843781	0.8035330087192843	0.8154837683004456	0.8229836584080127	0.8301797540208136	0.8441289932175184	0.8295652173913044	0.8449136180135904	0.8451357724195634	0.8117477515945665	0.8387908013792746	0.8083739358569364	0.8382349222404855	0.944096687211094	0.9810276856912463	0.9961117002474372	0.9964452569571399	0.9954052750488666	0.9968338399189463	0.9961264173208147	0.996265243902439	0.9957260502449703	0.9963568754553905	0.9964452569571399	0.9964452569571399	0.9964452569571399	0.9961264173208147	0.9957543022233388	0.9964452569571399	0.9961264173208147	0.9961264173208147	0.996261873671813	0.9964583860359221	0.9962514994002399	0.9954519759494321	0.9947499094811979	0.9956230303636636	0.9954130765331982	0.995687540348612	0.9961368653421634	0.9965219119546855	0.9964607139245626	0.9965281222100982	0.9965244159777563	0.9953453073614976	0.9966428660904422	0.9956230303636636	0.995853914467791	0.9950531283915095	0.9965281222100982	0.9965281222100982	0.9962514994002399	0.996122459323838	0.9965255373008388	0.9963835476887813	0.9961264173208147	0.9961264173208147	0.9964583860359221	0.9961264173208147	0.9957543022233388	0.9958102725909067	0.9962514994002399	0.9958102725909067	0.9965281222100982	0.9957543022233388	0.9957700101317123	0.9961631822096938	0.9962242681286853
Pseudomonas_syringae_pv_syringae_PssA1M250_17721_NZ_JAKMVP010000021	0.8159633822653161	0.8304864415152224	0.8286919389064997	0.8288697820609399	0.43534349306821696	0.42353975121687404	0.8275688212160935	0.8211298486858133	0.8183075296222988	0.8094208577682891	0.7857720291026677	0.8118402465647875	0.829737961587837	0.8142046350307426	0.8160275159787672	0.9760543971807442	0.9757536496772552	0.8049025349284699	0.8180534817429076	0.8300314179627658	0.9662271733765776	0.8207992899840768	0.8958888698672014	0.8295604480894109	0.778600800631791	0.8142498205312276	0.7915289954991285	0.783594566353187	0.7776450919512777	0.7709328706793007	0.8439249096042399	0.8246953261015133	0.7995796465917642	0.8226840110174807	0.8145472694318212	0.7915289954991285	0.8071397474967349	0.8133092205273366	0.8223298695210564	0.8151056939592524	0.8300013135426245	0.8169110219237175	0.8332289343789933	0.9778253386876131	0.8140405790620983	0.8210199069961858	0.8292878583997516	0.8182369858315084	0.965789714076916	0.7983453981385729	0.8044006479481641	0.8360105366458344	0.5191249629361183	0.8201436955549122	0.8203017089618937	0.8139900857659926	0.9782302234753067	0.8324803908962325	0.8274100984573264	0.8175465414642136	0.8115486568469379	0.8078793098658072	0.8276301518438178	0.8025283593882273	0.8683437493839087	0.8149829118250171	0.8200065097103179	0.809142983645571	0.8084090088588964	0.815748469671675	0.747485549132948	0.8418064905053753	0.43545150501672236	0.5198114451476794	0.8956908344733242	0.5282447224394058	0.9024021864211738	0.8380506278652582	0.9778209343896895	0.9778253386876131	0.9748329369124477	0.8396505203648978	0.8330748352074447	0.8128126512828788	0.9756993755776471	0.839471294521239	0.9426048039612446	0.8781873232740285	0.8148504508467121	0.9781489862016949	0.9734275454650758	0.9734999884481205	0.8476081778483525	0.36126259525443316	0.3744235100639949	0.8135743208817141	0.4613768803360889	0.8056412269388213	0.5329153605015674	0.5614388489208633	0.8286214007883677	0.5141788617886178	0.7870762158491355	0.394024045261669	0.808930265958811	0.551518646674356	0.5411806520404536	0.34798056703647307	0.5640135100688248	0.0	0.5459234662626132	0.36349228710290904	0.8048188061868334	0.835017008555819	0.8434317588659741	0.8404488020793124	0.8289998485383955	0.8406518319882423	0.830397470641373	0.8370966521179706	0.8327765260404527	0.8264561221848304	0.8435952057079794	0.8211740839355902	0.9446702317290553	0.9781358904352845	0.9958393542279137	0.9965440384663544	0.9955182774161242	0.9966011895836457	0.9959766188415698	0.9957122439256789	0.9955794289238994	0.996679634264192	0.9965440384663544	0.9965440384663544	0.9965440384663544	0.9959766188415698	0.9956623041840175	0.9965440384663544	0.9959766188415698	0.9959766188415698	0.9962119298954493	0.9965566284901565	0.9966481823783118	0.995132833096735	0.9948741488791982	0.9954836002862855	0.9954504549545046	0.9950820507593517	0.9957490927941939	0.9965437788018433	0.9965588609330973	0.9965498678672801	0.9965462339252908	0.9953584707908067	0.9966384892975432	0.9954836002862855	0.9954799121234312	0.9946446807980671	0.9965498678672801	0.9965498678672801	0.9966481823783118	0.9963509122719321	0.9965473333659827	0.9964078474716772	0.9959766188415698	0.9959766188415698	0.9965566284901565	0.9959766188415698	0.9956623041840175	0.9957660621827735	0.9966481823783118	0.9957660621827735	0.9965498678672801	0.9956623041840175	0.9955264539024817	0.9957776576298242	0.9960463218038975
Pseudomonas_syringae_pv_syringae_PssA1M262_17714_NZ_JAKMVV010000011	0.8008492215469153	0.8181914808811416	0.8079930963809935	0.8325432784223346	0.5362082994304312	0.4792140572973329	0.8348826017578075	0.801531393568147	0.7952002685164467	0.7760820685778527	0.7662281833032414	0.8278980402203151	0.837639029322548	0.812450098472348	0.7984483190122633	0.9798561478581509	0.9769741455888541	0.7921218517356456	0.7979383171304056	0.8300068280897106	0.9743335692380278	0.8163557345770617	0.8871936778600453	0.8337417874648034	0.7820533948582729	0.8256784164719776	0.7928107838242636	0.7848341732408116	0.7854857630372187	0.7802271388010928	0.8433577995440767	0.7697282577863505	0.8107862248213126	0.8025429437521051	0.8127976586404151	0.7928107838242636	0.8010956478432891	0.8007232788641843	0.7772855306697295	0.8274911985305373	0.8154644999865479	0.7987040309686106	0.8355707243079257	0.9785540718282543	0.8130785562632696	0.8161364782043459	0.8334376466906588	0.8022504124854616	0.9652447196931183	0.8022665764546685	0.7865339838119525	0.8150078442843087	0.45395720994955646	0.7989974258230592	0.7995315244973649	0.7593717916701351	0.9791175165261264	0.8325444710288151	0.8055661042695166	0.8020483546004029	0.7848519973989991	0.8095572339051577	0.8086488596442313	0.8100130555713232	0.8588534980744544	0.7865034846166922	0.8016388416622537	0.8038366336633663	0.8105924596050269	0.8089722167152851	0.7913311824940384	0.8470368122977346	0.5473723865134676	0.4342597164421246	0.8870851281029803	0.46561555372355046	0.8842476218640642	0.8393135725429017	0.9785497681056011	0.9785540718282543	0.9758308157099698	0.8129586302243965	0.791497564935065	0.7746356258249318	0.9795598555563126	0.8450604122245913	0.9440142369294406	0.8728192869131783	0.7991036193482918	0.9816925965665236	0.9771395213076474	0.9772023379829076	0.8467351191223358	0.5024365821094793	0.5032457804853689	0.7873620584484001	0.4857701645535474	0.810109405478755	0.5063223745507787	0.559255060728745	0.803688922446338	0.5102545502505935	0.7948045132511152	0.49384579266861184	0.813438040866937	0.4237658674188999	0.4568238384955752	0.5277087962357861	0.31030298433885706	0.5459234662626132	0.0	0.5146726132764528	0.7959752938832436	0.8207888141406147	0.8288611707981762	0.8136184490839369	0.8380103332995643	0.8150705013727111	0.8383935095366475	0.8414364500470175	0.8157223344318061	0.8307989253762487	0.8279971587172135	0.8323979786180451	0.9443495827421178	0.9816815406294035	0.9955579112087024	0.9964485933893102	0.9951802338854925	0.9966082818669637	0.9957955186381582	0.9958354494667344	0.9954163085657733	0.996057851654698	0.9964485933893102	0.9964485933893102	0.9964485933893102	0.9957955186381582	0.9953547933510772	0.9964485933893102	0.9957955186381582	0.9957955186381582	0.9960085968682837	0.9964616978795461	0.996029367695535	0.9948111995890059	0.9942611932581946	0.9953258179818532	0.9951629650264644	0.9953287911634149	0.9958769925680822	0.9960516513533648	0.9964640214179274	0.9960586981309801	0.9960544926673118	0.9950194670576933	0.9964198983551561	0.9953258179818532	0.9956780809656548	0.9944238387202584	0.9960586981309801	0.9960586981309801	0.996029367695535	0.995846418802553	0.9960557650327446	0.9961315280464217	0.9957955186381582	0.9957955186381582	0.9964616978795461	0.9957955186381582	0.9953547933510772	0.9955547515054403	0.996029367695535	0.9955547515054403	0.9960586981309801	0.9953547933510772	0.9952909008051041	0.995905059989567	0.9960463073027029
Pseudomonas_syringae_pv_syringae_S2_2_20738_NZ_JARNIX010000035	0.8228085466022238	0.8353574876772194	0.831906275635767	0.8313703543537432	0.440585562847047	0.3336374162310094	0.8252058735985712	0.8243050039714059	0.8223617957279907	0.8085953044170314	0.7765350816781906	0.7959110656785076	0.826093424576019	0.80037566524053	0.8151416874900314	0.9775731143040581	0.9767810983628861	0.8054766069086139	0.8208043351219253	0.8286647277922343	0.969764503159104	0.8072607602808946	0.8962232459928976	0.8352536891045078	0.7769333690125769	0.7970170599652672	0.7749579179075489	0.7640358650888808	0.7613981361704374	0.7553869016028023	0.8416268642167852	0.8226082379260429	0.7837377387712958	0.8190450643776824	0.8007198184805571	0.7749579179075489	0.8087686567164178	0.8199421891387205	0.8270665207097578	0.7970767666497204	0.8316044171021133	0.8158430699967842	0.8313947757516018	0.9789655918632331	0.8177349318622498	0.8067261781191613	0.834546925566343	0.8189862609640611	0.9693077490115487	0.7970096021947874	0.8072400581318536	0.8378795546558704	0.492644881034653	0.8196966956881184	0.8187089395430487	0.8159740960604425	0.9786520418800707	0.8326182423905911	0.832561847451525	0.8152608287515086	0.8091734249959719	0.8174399437944173	0.8276210481533676	0.8117966734368995	0.8715107607074366	0.8125470177324019	0.8164621131270011	0.8115302336916786	0.8181106189910339	0.8144557916006772	0.7536807632066069	0.8373561084292611	0.4020462931902047	0.4951986319389634	0.8958433215073354	0.544166482178437	0.9048256428319831	0.8387088886171904	0.9789614943399494	0.9789655918632331	0.9766982534786178	0.8395379338175948	0.8375121569371635	0.8109872106542648	0.9778091810373379	0.8354414651723366	0.9434539089848308	0.8824637362099753	0.8190389212710522	0.9795998260113092	0.9750147506013707	0.9750814774579033	0.841258175938855	0.42894039284986063	0.44472049689440996	0.8128668825186238	0.4374387896389855	0.8118830831487709	0.4669362590738838	0.5086851863899551	0.8216816553714537	0.5375019638648861	0.7751100751100751	0.4150167842707405	0.7935001658120966	0.5080161943319839	0.44581081081081086	0.4301318904294893	0.5122622865843781	0.36349228710290904	0.5146726132764528	0.0	0.8102128123382109	0.837811924406429	0.8424068767908309	0.8413747855051983	0.8288795240456123	0.8410188956062024	0.8280289375570974	0.8326371276542841	0.8350117957433855	0.8295322082002939	0.8430018648253617	0.8182226660009985	0.9460667877602348	0.9795878397493091	0.9956076134699854	0.9963458001226242	0.9951195585530349	0.9965004160344575	0.9956389226156552	0.9959254804742151	0.9952702022743283	0.9964319522318503	0.9963458001226242	0.9963458001226242	0.9963458001226242	0.9956389226156552	0.9956791921545781	0.9963458001226242	0.9956389226156552	0.9956389226156552	0.9957955135656518	0.996358837760563	0.9963782113192969	0.9952859446718769	0.9948330088363038	0.9953826814291931	0.9949799196787149	0.9952620816916862	0.9956375072919573	0.9965906362545018	0.9963611497789826	0.9965965198216769	0.9965930084694931	0.994964310159382	0.9963679507978401	0.9953826814291931	0.9953022623315614	0.9945356524284634	0.9965965198216769	0.9965965198216769	0.9963782113192969	0.9962061875856667	0.9965940708049505	0.9959154548362491	0.9956389226156552	0.9956389226156552	0.996358837760563	0.9956389226156552	0.9956791921545781	0.995279602387672	0.9963782113192969	0.995279602387672	0.9965965198216769	0.9956791921545781	0.9955217306186375	0.9956661963313848	0.9958048244518803
Pseudomonas_syringae_pv_syringae_SM_282_NZ_CM001986	0.5768053429803812	0.5937656276046008	0.5849878444084279	0.8007828010664246	0.7973738341457917	0.8003557744937055	0.8086086577254389	0.5520059699371025	0.5969723034577671	0.6969897975299283	0.7069703988070688	0.5983551040154813	0.8081623745089481	0.6760299039694704	0.5450730770598485	0.9774935077426181	0.9767809114911047	0.4806342703235841	0.5627183232772308	0.8007038655843788	0.9698326537759212	0.6737510955302366	0.8870577721705304	0.7998303167420815	0.6276762402088774	0.5679346034675984	0.6301666509744845	0.6169963971936034	0.6075578588212573	0.5742639543701165	0.8150958682149608	0.6041999388358422	0.6054869244344617	0.5689166193987522	0.6773125	0.6301666509744845	0.5260227721705398	0.7116597913127882	0.610905518257737	0.6068659668825576	0.6076004270652609	0.58232187204869	0.8098229583095374	0.9751583507970519	0.493041825095057	0.6759056497528624	0.7986751967389458	0.5689502385821404	0.962082529134397	0.6522584755709064	0.7045781025544937	0.7990055405597386	0.7993960802187785	0.5786946229286438	0.5746012870733073	0.7201737975982138	0.9805765490756013	0.8017328682344999	0.5995973829894313	0.5828961175236096	0.5659299989425822	0.4972646882494005	0.5564441270974652	0.53243723616974	0.7118556092957414	0.5717657835400225	0.5685798691707111	0.473438567200425	0.4990081964145364	0.4876183955266461	0.9086828100399464	0.8122377334686377	0.8123953551174723	0.802480373193765	0.8868558527813509	0.8040754120568977	0.8851132266348474	0.8099207211120765	0.9751530852567122	0.9751583507970519	0.9746890472165197	0.7968523621488026	0.7552768094859057	0.7079543678699797	0.9778726056625033	0.8111551373066974	0.949752675146376	0.6848989298454221	0.5660108861930342	0.9786812097174021	0.9754152987929801	0.9754866973493146	0.8232581967213115	0.7990973201692525	0.8044050888303537	0.5816962146621945	0.8103799659398643	0.4642843360475437	0.8095198166471016	0.8013751171974884	0.6255105041330414	0.7964865016557221	0.6267073708063196	0.8034144834751354	0.5637362999045519	0.8025019060796883	0.805472496473907	0.8065362395690883	0.8035330087192843	0.8048188061868334	0.7959752938832436	0.8102128123382109	0.0	0.8059192926135563	0.8024855246434119	0.7968794487785433	0.811102018548827	0.8030548221332652	0.8063865729388044	0.8032895646164478	0.7866513563944308	0.8015723181830989	0.8022224112027667	0.8011087630705053	0.949388827154258	0.9786676116229625	0.996548310277473	0.9966344471069707	0.9962611291927805	0.9970728825393416	0.9970353043572866	0.9967410040939453	0.9959036811513977	0.9966722572744456	0.9966344471069707	0.9966344471069707	0.9966344471069707	0.9970353043572866	0.9958466453674122	0.9966344471069707	0.9970353043572866	0.9970353043572866	0.9960325008831762	0.9966476251776759	0.996240004236615	0.9957744943023826	0.9956380994184133	0.9956539022127998	0.9963486992240986	0.995916129916404	0.9969860184745905	0.9967113052171854	0.9966499611395492	0.9967175231742864	0.9967138125032862	0.9961944578442408	0.9965481532619952	0.9956539022127998	0.9960632059079062	0.9956681017193892	0.9967175231742864	0.9967175231742864	0.996240004236615	0.9959140883309588	0.9967149352185225	0.9965425029037573	0.9970353043572866	0.9970353043572866	0.9966476251776759	0.9970353043572866	0.9958466453674122	0.9964324917672887	0.996240004236615	0.9964324917672887	0.9967175231742864	0.9958466453674122	0.9969685588582466	0.9970078129328974	0.9963760158137491
Pseudomonas_syringae_pv_syringae_UMAF0176_17744_NZ_JAJPOK010000010	0.7958128284260573	0.7996607157282495	0.8083916083916084	0.44907664537628433	0.8336222733976764	0.8323188442401435	0.4899443170651818	0.8074244015700149	0.8093977498345466	0.7794586432526145	0.7844164624355616	0.8210263793901373	0.5184054010609227	0.6955900367496938	0.7874520563285646	0.9812677174282799	0.9772674283049662	0.8059353023909985	0.7876718104393288	0.44625769859772435	0.9717090205516623	0.7301659339100837	0.786218122626153	0.4311907344553694	0.8149896016637338	0.8216984526808204	0.8286353922865575	0.8177044645372813	0.8166502514125757	0.8070519354923025	0.4695726948008996	0.8066101183123335	0.8218534028723377	0.803441522104085	0.6960083972359099	0.8286353922865575	0.817639853001225	0.7742843094405595	0.8131521796705334	0.8231476750127746	0.8144426832872149	0.8021597789993582	0.4983409238776838	0.9781254172415328	0.8114360047508625	0.7298210735586481	0.4294871794871795	0.8167106561092005	0.9640367480725728	0.7942583732057417	0.7790361177583616	0.3476620301864457	0.810187782140663	0.8056832540258623	0.7985299031072502	0.7796356308379402	0.9817771889454477	0.4753820609264342	0.8124949552021955	0.8093890461128683	0.7953528688066211	0.8127601329646079	0.8151539461672522	0.8174886756886025	0.8620345412798243	0.799228123164695	0.8004675888557989	0.8051351048323803	0.8136548875118629	0.8079739855789623	0.918608586649953	0.5422301607552947	0.8420106375009364	0.8271126574938057	0.7865655471289275	0.8154566620806435	0.7858346934953041	0.4607444895784777	0.9781210354114269	0.9781254172415328	0.9756298106571044	0.4208278928609239	0.8016163847196426	0.7862911058692937	0.9792601659186726	0.577737579141066	0.9463755625778033	0.8766530963157761	0.7936781446851784	0.9796406382693426	0.9787402307406029	0.9787984226397588	0.5101770054687247	0.8270078514229073	0.8298971749065227	0.7938311688311688	0.840567763208738	0.8083712260287514	0.8182295770948254	0.7965937002348241	0.8059292677032144	0.8293824160483934	0.829446916719644	0.831763087544447	0.7732832360700296	0.8238876492978081	0.826782389805176	0.8358424417405651	0.8154837683004456	0.835017008555819	0.8207888141406147	0.837811924406429	0.8059192926135563	0.0	0.26832379774238446	0.3690189203009716	0.48259248259248255	0.28521397783251234	0.49627363556481274	0.5290879237629181	0.20033846401805144	0.4441597118814281	0.3341665423071183	0.4805289016388037	0.9484464627151051	0.9796283458932444	0.996251572327044	0.997244273651211	0.9964622343517044	0.9965663502322764	0.9958578368703657	0.9970401477396342	0.996497145822522	0.9968969745501864	0.997244273651211	0.997244273651211	0.997244273651211	0.9958578368703657	0.9967486181627192	0.997244273651211	0.9958578368703657	0.9958578368703657	0.9967870257037944	0.9972544080604534	0.9971635440770321	0.9963675432313517	0.9961656244370674	0.9964136282127914	0.9960629921259843	0.9966839751169606	0.9967813685725501	0.9970305114943951	0.9972562050042794	0.9970357928019169	0.9970326409495549	0.9964241645891566	0.9971552627638868	0.9964136282127914	0.9969429867019921	0.9957271402000704	0.9970357928019169	0.9970357928019169	0.9971635440770321	0.9968960557195852	0.997033594541814	0.996523636732726	0.9958578368703657	0.9958578368703657	0.9972544080604534	0.9958578368703657	0.9967486181627192	0.9966526765713108	0.9971635440770321	0.9966526765713108	0.9970357928019169	0.9967486181627192	0.996873581765922	0.9968032019960494	0.996573930963421
Pseudomonas_syringae_pv_syringae_UMAF0271_17740_NZ_JAJPOF010000013	0.7855860908581043	0.7931660033032789	0.8019202163624071	0.45829450943852024	0.8431805348801396	0.8388385119690538	0.49233033524121017	0.8037269147579169	0.8043592655163818	0.7719406848813979	0.7786741394927537	0.814142354645148	0.4842105263157894	0.6788974563502614	0.7815199347232773	0.9809420092567384	0.9772886256587231	0.8039226737304852	0.777295795412662	0.45444475214621993	0.9704423022398639	0.7191541719125558	0.7820582630002723	0.44894993599280353	0.8106835090724188	0.8171143970478181	0.8215071929555112	0.8092006811496981	0.8027223373285426	0.8014497321147179	0.42042195821384676	0.796905704242894	0.8233422295216588	0.7945421741091565	0.6797945205479452	0.8215071929555112	0.8073543142747295	0.7697833836029613	0.8063295860195002	0.8164109680569476	0.8105827807428971	0.7927998874982422	0.48181040721005197	0.9773719376391983	0.799388623832243	0.7187920809099504	0.4472845663618731	0.8076571735626008	0.9611066095612918	0.786636272973358	0.7754270403036732	0.4154899595543887	0.8191844742563232	0.8008530626569123	0.7883459702330806	0.7741300065659882	0.9821063394683026	0.4393797481527735	0.8074636545425067	0.7970112428855805	0.7869452579409777	0.8044505710909807	0.8073741958840402	0.8063114241890587	0.8564262064813886	0.7896532280800677	0.788705869125253	0.7957223179724804	0.8053579962330981	0.7971634848614559	0.9217259784252697	0.5091021793031449	0.8485187116640592	0.8331497508523472	0.7824136993748301	0.8244531393608361	0.7845049292756108	0.49100643097313357	0.97736740103807	0.9773719376391983	0.9744791785771456	0.3950068154100007	0.7874993650632397	0.7791457286432161	0.9793503638053358	0.552843722229275	0.9447774793784769	0.8758130235618657	0.7906765980344954	0.9787709997091918	0.9780483262721729	0.9781084594669885	0.5136095056665912	0.8352200606170505	0.8373029184837303	0.7821738164036453	0.8493224239324981	0.801539728984972	0.8259780254195266	0.8017095395532619	0.7971159569287376	0.8354723386744168	0.8190635022450289	0.8393336084175779	0.759432945235015	0.83061863743148	0.8345533644202464	0.8414962670292737	0.8229836584080127	0.8434317588659741	0.8288611707981762	0.8424068767908309	0.8024855246434119	0.26832379774238446	0.0	0.39655234332914346	0.48685206516373214	0.3184117158601948	0.48960376618281676	0.5140357154474189	0.2987047619047619	0.4368084069872642	0.3327358279184405	0.4936576435203348	0.9468795633543198	0.9787581699346405	0.9962763548533186	0.9971171353429091	0.99613196814562	0.9962110687312132	0.9967296047420732	0.9969382591093118	0.9961319799589834	0.9967710445295487	0.9971171353429091	0.9971171353429091	0.9971171353429091	0.9967296047420732	0.9959947932312005	0.9971171353429091	0.9967296047420732	0.9967296047420732	0.9969145246838025	0.9971277399848828	0.9966388646831819	0.9957247452767395	0.995622280019571	0.9960630902250018	0.9960878344270571	0.9963223002340355	0.9964395109563579	0.9969060171777926	0.9971296203041595	0.9969115212610876	0.9969082364580757	0.9960950293502633	0.9970297523961661	0.9960630902250018	0.9965846820440933	0.9954488307769676	0.9969115212610876	0.9969115212610876	0.9966388646831819	0.9963130382080355	0.9969092302747076	0.9968541492249537	0.9967296047420732	0.9967296047420732	0.9971277399848828	0.9967296047420732	0.9959947932312005	0.9965488822499228	0.9966388646831819	0.9965488822499228	0.9969115212610876	0.9959947932312005	0.9968225948808473	0.9964636746580685	0.9963407720455599
Pseudomonas_syringae_pv_syringae_UMAF0297_17737_NZ_JAJPOD010000011	0.7931892526630693	0.8052918873860551	0.803787181015333	0.4504140858793235	0.836070669913476	0.8347071912612521	0.4278138898392063	0.7993745288023901	0.798072625698324	0.7603442380029637	0.7756932186984	0.8126558603491272	0.48143863012792965	0.6835203780271707	0.7846262142756582	0.9808108169629647	0.9788138562518979	0.7973161231626532	0.7755590371741917	0.4515882127822426	0.9733850190275841	0.7163857085323053	0.8114238498853883	0.4265342769620788	0.8046628349388812	0.8142920158800176	0.8212194370248613	0.8152487382840663	0.8005007907221929	0.7998522700292822	0.46284324180218606	0.7821626331618743	0.8166002174700979	0.7912873308942397	0.6844140129268365	0.8212194370248613	0.8066001323334804	0.7842444341751162	0.794081913658576	0.8157691117301145	0.8064314789687924	0.7952350108423216	0.45538771399798594	0.9794435030767858	0.7936923963133641	0.7160180891206037	0.424814945364822	0.8040821843741552	0.9634101126199194	0.7924029022620572	0.7808876003568243	0.3395248219014584	0.825657981748446	0.8013859938821364	0.7943988113593675	0.7705139145035647	0.9815959506426255	0.4556098904883257	0.8022055820285909	0.7966063539409629	0.782130194298681	0.800277588941763	0.803531885073581	0.8049135422016778	0.8568900685689007	0.7860587834770767	0.7966885190788368	0.7920209287115763	0.8005154201240406	0.7921159320279478	0.9209111754313424	0.5333054312481891	0.8448159532198816	0.8247297010811957	0.811724945446804	0.814862029585956	0.7905770362051446	0.4631315657828915	0.9794393773833151	0.9794435030767858	0.9763453171513625	0.2806368297290004	0.7834743271909423	0.7666166775133697	0.9786333538125469	0.5073720158933439	0.9480815347721823	0.8731612968901105	0.7883153489166643	0.980510752688172	0.9793343129708675	0.9793910353329767	0.5300128122998078	0.8302625397985282	0.8325319054921634	0.789515972626271	0.8423565235342692	0.800256812669425	0.8355492079979226	0.8244848292463561	0.8029333117251438	0.8301583598994375	0.8187668940661603	0.834610489129023	0.7617248637271304	0.8131029900332226	0.8254319426885799	0.8385240614114308	0.8301797540208136	0.8404488020793124	0.8136184490839369	0.8413747855051983	0.7968794487785433	0.3690189203009716	0.39655234332914346	0.0	0.4385964912280702	0.31837631110606235	0.41014842940973417	0.5259904194717763	0.30488919351153754	0.4543352202126191	0.38548884454924726	0.4627689836350859	0.949675441327936	0.9804989577029117	0.9953497775980591	0.9962151040211344	0.9957358241535104	0.9961974294623165	0.9950684509285183	0.9969017446732864	0.9959345355988741	0.9958767033740634	0.9962151040211344	0.9962151040211344	0.9962151040211344	0.9950684509285183	0.9960057276358429	0.9962151040211344	0.9950684509285183	0.9950684509285183	0.9962354025814383	0.9962290891605294	0.996551724137931	0.995244460439052	0.9952946043072468	0.9958482355000875	0.9951574463769586	0.9961015155035757	0.996347103962998	0.9960222752585521	0.9962315688307747	0.9960293825689894	0.9960251409832808	0.9954714498950085	0.9969438112177159	0.9958482355000875	0.9964952673317984	0.9948237551762448	0.9960293825689894	0.9960293825689894	0.996551724137931	0.9959689686644356	0.9960264242785477	0.9956664712330164	0.9950684509285183	0.9950684509285183	0.9962290891605294	0.9950684509285183	0.9960057276358429	0.9958873283153565	0.996551724137931	0.9958873283153565	0.9960293825689894	0.9960057276358429	0.9965318211736115	0.9963719886200506	0.9958858384868166
Pseudomonas_syringae_pv_syringae_UMAF1003_17741_NZ_JAJPOJ010000013	0.8215023573661069	0.8333035873639122	0.8295205990581818	0.4293102267278581	0.8264498452483637	0.8189313737700834	0.17365778292777134	0.8219050656460958	0.8189152488217909	0.7997697579781538	0.7956317405123469	0.8134554260632663	0.30947782546494995	0.6841803537134177	0.8143104596935377	0.9825881625987554	0.9791742204496011	0.806200065667068	0.800925424829527	0.4324555403556771	0.973442803412531	0.7195206910965585	0.8246525556039006	0.4407888049334192	0.8164509351248995	0.8141470180305131	0.823936647076402	0.8200692903965504	0.8082237093203735	0.8041018568181237	0.33557800224466894	0.8230767203436734	0.8154965753424658	0.813750101222771	0.6850472643941564	0.823936647076402	0.8178686874039531	0.8024495527355939	0.8373356926188069	0.8155539398801614	0.8277539193873855	0.8178334048027445	0.17370674690429344	0.9796373719212357	0.8121718573902525	0.7188468086293991	0.4406831351021653	0.8230705651410269	0.9691150798979454	0.8010518530692744	0.8028427205100956	0.45379738297585326	0.8387596505485575	0.8209456839275097	0.8132980004818116	0.7969816650537493	0.9840570873698711	0.43638887948257765	0.8238255904490008	0.8181403950789354	0.8083508318526894	0.8184572108622742	0.8279764599366229	0.8166931376307575	0.871576538133292	0.811732385261797	0.8133776396183943	0.8096079123984458	0.818680872927878	0.8104087178501825	0.9152277463530812	0.30246198406951486	0.8346402666143893	0.8455570157703194	0.8248313228378654	0.8331767513901938	0.8175492063492064	0.3507722276332267	0.9796334012219959	0.9796373719212357	0.9774756763961082	0.4697318007662835	0.8133776344190333	0.8082249933669409	0.9808137611644062	0.31147363482152524	0.9495630345853477	0.8762043220067516	0.8056659228215316	0.9799647204860733	0.9785691631552716	0.978626299141437	0.42567094515752624	0.8204518734345448	0.8234021982495421	0.812602204990241	0.8332028191072827	0.814107997265892	0.8503274320858545	0.8407548125633232	0.8233535249387808	0.83444123918224	0.8235909702496637	0.8264569889741376	0.7714783785190196	0.8408157092082378	0.846105527638191	0.8272895209656603	0.8441289932175184	0.8289998485383955	0.8380103332995643	0.8288795240456123	0.811102018548827	0.48259248259248255	0.48685206516373214	0.4385964912280702	0.0	0.4763824117255163	0.21484271990958748	0.317961600574197	0.46929985643217254	0.41519161367932633	0.48038858128046147	0.3131201370547505	0.9510575561282534	0.9799529329730672	0.996384335377324	0.9967577923513374	0.9966633136239849	0.9971084101156636	0.9959295110449243	0.9977169510249172	0.9971315703394309	0.996693491527072	0.9967577923513374	0.9967577923513374	0.9967577923513374	0.9959295110449243	0.9971586769634271	0.9967577923513374	0.9959295110449243	0.9959295110449243	0.9969555209029479	0.9967693776157028	0.9973172853828306	0.9966485439785506	0.9964041352444689	0.996952988972722	0.9962016320729287	0.9970319748590811	0.9971579374746244	0.9968254731728433	0.9967714320655497	0.996830960555062	0.9968276856524874	0.9964048131481119	0.9976983646274985	0.996952988972722	0.9969579304033834	0.9961934507832707	0.996830960555062	0.996830960555062	0.9973172853828306	0.9967647058823529	0.9968286764529226	0.9965507046417661	0.9959295110449243	0.9959295110449243	0.9967693776157028	0.9959295110449243	0.9971586769634271	0.9966261808367072	0.9973172853828306	0.9966261808367072	0.996830960555062	0.9971586769634271	0.9973077487884869	0.9971766366684313	0.9965497412305923
Pseudomonas_syringae_pv_syringae_UMAF1013_17734_NZ_JAJPOC010000013	0.7977220702361677	0.8083859696277382	0.8116031934405006	0.4431364305234391	0.8390387902014604	0.8366933953911921	0.4829970228250082	0.8048916374171263	0.8052927426536064	0.7737378873915869	0.7816865417376491	0.8166251556662516	0.490400763987223	0.6860063218221027	0.7961762075134168	0.9806990326701953	0.9769939729368449	0.802156946218249	0.7793715846994536	0.43516560958421424	0.9723019279565558	0.7253807397228902	0.7966303377775374	0.428087986463621	0.8097905110668318	0.8177033368767663	0.8238058551617874	0.8175075330294368	0.805015393521564	0.8025427305338679	0.4345327166371922	0.788097106974658	0.8210694993667778	0.7930173147885324	0.6864331699249897	0.8238058551617874	0.8158414212863958	0.785797850632567	0.7989436524832251	0.8200710754017305	0.8109082041833748	0.7978369852982594	0.48715076436478655	0.9778464017185822	0.8018751612810735	0.7250265141743343	0.4269789755891068	0.8106003449019186	0.9632322200027872	0.7943110959255146	0.781185408636389	0.2654041390081999	0.8236543721288404	0.8021364277193364	0.7944200944032367	0.7660575858250277	0.9809590643274854	0.452788438267123	0.807547067293325	0.7996793068527062	0.7885300605169391	0.8082964383407123	0.8108228855443554	0.8113497368795335	0.8595084503928779	0.792072204617474	0.7955988983193749	0.7984748837736705	0.8092031109107304	0.7983658256880735	0.9209783631232361	0.5237059167370267	0.8451081514119767	0.8204595127672051	0.796959796959797	0.8099208894590549	0.7738991062454158	0.45846741753821396	0.9778419391660511	0.9778464017185822	0.9750229779411764	0.2768980603197956	0.7875082954719486	0.7789382071366405	0.9790522212851314	0.5429636054093989	0.9463408762638421	0.87823084344691	0.7956434183282752	0.9791624519522557	0.9785954898474782	0.9786544114216396	0.5125048720280629	0.8310289851284598	0.8344212415156165	0.7968426572461569	0.8456976354400351	0.8056204088605432	0.8341366822125531	0.8298102551922519	0.8090005655651612	0.832313595354143	0.8237817565311207	0.8350464492961045	0.7655811947379771	0.8161264612114771	0.813270041068857	0.8393540051679587	0.8295652173913044	0.8406518319882423	0.8150705013727111	0.8410188956062024	0.8030548221332652	0.28521397783251234	0.3184117158601948	0.31837631110606235	0.4763824117255163	0.0	0.47560611588338697	0.5220176922076233	0.2839758943058024	0.43993296791537195	0.3405702328014648	0.46992456105213964	0.9477911646586346	0.9791497975708502	0.9956692414841078	0.9965380307504328	0.9958276090164352	0.996519662635911	0.9953925353925354	0.9971239501145329	0.9966845059391725	0.9961956110957144	0.9965380307504328	0.9965380307504328	0.9965380307504328	0.9953925353925354	0.9963246400161112	0.9965380307504328	0.9953925353925354	0.9953925353925354	0.9964579964579965	0.9965508496068983	0.9965434325217915	0.9959054388133498	0.9959334852880232	0.996391791325265	0.9954775273762037	0.9966631314829665	0.9966815033316653	0.996337908871229	0.9965531224655312	0.9963444657200408	0.9963405526512322	0.9957915018760775	0.9969364437636542	0.996391791325265	0.996718201164013	0.9954722517326858	0.9963444657200408	0.9963444657200408	0.9965434325217915	0.9961887338974007	0.9963417365552597	0.9959893731160272	0.9953925353925354	0.9953925353925354	0.9965508496068983	0.9953925353925354	0.9963246400161112	0.9961113703530876	0.9965434325217915	0.9961113703530876	0.9963444657200408	0.9963246400161112	0.9965233720753185	0.9967041590374052	0.9961099585062241
Pseudomonas_syringae_pv_syringae_UMAF2016_17739_NZ_JAJPOG010000015	0.8116612187408647	0.8289912649298393	0.8258066173448417	0.4380952380952381	0.8269230769230769	0.8216829919857525	0.2809740917643653	0.815757994630373	0.8123451527825878	0.8030604925480195	0.7883888511216859	0.8086114752445296	0.2627940154369536	0.6816051217560306	0.8057261898402863	0.9809502859656841	0.9794860234445446	0.8036011458191242	0.7912934918308636	0.4449846382389683	0.9732499486453792	0.7141305558649883	0.825019733659257	0.41925338438397375	0.8109748191177615	0.809364211375148	0.8192360333457758	0.813120726655687	0.7961475493707153	0.796100107477353	0.3157653043201809	0.8155449986803907	0.8132580037664783	0.8056351738683684	0.6823959553257734	0.8192360333457758	0.8092784873994211	0.8050713972164123	0.827251966505963	0.810738355924135	0.8225635456261474	0.8112833163511557	0.25771949745430567	0.9796252775921175	0.8048592576287042	0.7140945584299732	0.4175764005338626	0.8154443150950718	0.9671523888157454	0.8007905138339921	0.7994061190943316	0.4558586941949323	0.8390226646789802	0.8133398928044329	0.8089866616770469	0.801555814858032	0.9837031042776542	0.4426020408163265	0.8166865873304578	0.8094828744123572	0.7988552297640261	0.8121364607851094	0.8191137213027229	0.8094781273983116	0.8646525914693417	0.8022420313344139	0.8097301345315467	0.8026051014303583	0.8123613740870976	0.8031048220909466	0.9162123740651462	0.3360765753037581	0.8334065826740893	0.8435744337792558	0.8252866549716523	0.8346162582338541	0.812910756426197	0.3510454167820548	0.9796213232122832	0.9796252775921175	0.97722498618021	0.43434309169239116	0.8092111638724683	0.8027212688645466	0.979429475627445	0.3230950342465754	0.9515685957662919	0.8776234908040066	0.8081277527088006	0.979619270630068	0.978953061270478	0.9790088774019553	0.42244389027431417	0.8239500912964091	0.8259727134916625	0.8036280939284959	0.8358332497240895	0.8062484597902577	0.8477585992797715	0.8427568506076848	0.82070596704116	0.8311051023984778	0.8175042377106392	0.828085944403767	0.7645511601864632	0.841124542308271	0.84424854116056	0.8304659048097451	0.8449136180135904	0.830397470641373	0.8383935095366475	0.8280289375570974	0.8063865729388044	0.49627363556481274	0.48960376618281676	0.41014842940973417	0.21484271990958748	0.47560611588338697	0.0	0.32373460525379083	0.4724626148081833	0.44222169922334664	0.4765811061127282	0.32323446327683614	0.9528092997508996	0.9796073326825036	0.996062417967041	0.9963831867057673	0.9962896060147439	0.996732902596611	0.9956048297488826	0.9974846146331933	0.9967961553864637	0.9963229957907979	0.9963831867057673	0.9963831867057673	0.9963831867057673	0.9956048297488826	0.9968832298436783	0.9963831867057673	0.9956048297488826	0.9956048297488826	0.9967252671492589	0.9963960453903472	0.9970423449635704	0.9963200790318597	0.9961248975333482	0.9966797391911075	0.995879656719329	0.9968493388573272	0.9968195471640963	0.9964583133914042	0.996398325708167	0.9964644051600573	0.9964607695434871	0.9960824391074774	0.9974208166610423	0.9966797391911075	0.9967772092107853	0.9958728848534875	0.9964644051600573	0.9964644051600573	0.9970423449635704	0.9965376831736279	0.996461869471671	0.9962252126381842	0.9956048297488826	0.9956048297488826	0.9963960453903472	0.9956048297488826	0.9968832298436783	0.9963954557884008	0.9970423449635704	0.9963954557884008	0.9964644051600573	0.9968832298436783	0.9970293895639046	0.9968403631074778	0.9963692430120362
Pseudomonas_syringae_pv_syringae_UMAF2600_17732_NZ_JAJPOA010000013	0.814944901734724	0.824343194042201	0.8280994735886731	0.48830574262681214	0.8334348510227907	0.8238230742349358	0.37382336655592474	0.8147878983634798	0.8124511521358307	0.7945706011313503	0.7900766504574301	0.8113970401261252	0.3115991517199238	0.6723234557838971	0.8063679818520619	0.9833551565724938	0.9802442692430388	0.8037045216143102	0.7917158463945541	0.4695187525205	0.9734284461066094	0.7033965693513575	0.8443341269439238	0.4627824098977945	0.8203133132091184	0.8125476444579967	0.8232580297369807	0.8157378039571062	0.7992673425689446	0.7964874162592794	0.40733486424422527	0.8189030883919063	0.8136389015786001	0.8083695029072148	0.6732117404078308	0.8232580297369807	0.8106265933181269	0.8027159266333499	0.828269620285619	0.8144837512309674	0.8210553882414561	0.8126338039619523	0.2536282988753201	0.9814166031987814	0.8063080602992713	0.702685021901132	0.46267903974177926	0.8173458725182863	0.9693052584168449	0.7978432185815014	0.7993616907150136	0.5067199895102603	0.8421978133999337	0.8137337033352532	0.806051076289107	0.7930542717549188	0.983557718548167	0.4702763978261595	0.8191355434326479	0.8137796555086123	0.8021738538233131	0.8141892815173131	0.8197132906778974	0.8103778030324029	0.8649724493597662	0.8048108653557695	0.8078705585819985	0.8036509594765492	0.8144160883108367	0.8038349312213422	0.9179350929903409	0.248421052631579	0.8387714987714987	0.8487100783846173	0.8444826626874731	0.8417300862506342	0.8352801973717335	0.4418135520354509	0.9814129630435728	0.9814166031987814	0.9789713367264934	0.5059093141266984	0.8096531806055266	0.7981362277465054	0.9814572474215371	0.26322474596533174	0.9545496879947843	0.8797221123417721	0.803836022390517	0.9806622574569664	0.9797052593216864	0.9797596601621953	0.4601653760336002	0.8265264343108655	0.8287068899594708	0.8024793830994966	0.8378700022788849	0.8066812553668874	0.850924209788108	0.8399153018011123	0.8207488299531981	0.8400994824900769	0.8218455743879473	0.8318784516326063	0.7905508157847256	0.8461033385524521	0.8486324182478805	0.8338735818476499	0.8451357724195634	0.8370966521179706	0.8414364500470175	0.8326371276542841	0.8032895646164478	0.5290879237629181	0.5140357154474189	0.5259904194717763	0.317961600574197	0.5220176922076233	0.32373460525379083	0.0	0.5096191597958382	0.4679485035947166	0.5317104626793487	0.3577846928429076	0.9558956942473656	0.9806508162594499	0.9961605670547119	0.9963120637592199	0.9963166221694848	0.9970874265685936	0.9957238240516142	0.9976259953509076	0.9966523801070224	0.9965959739432826	0.9963120637592199	0.9963120637592199	0.9963120637592199	0.9957238240516142	0.9966965203347526	0.9963120637592199	0.9957238240516142	0.9957238240516142	0.9967831226153961	0.9964490913126033	0.9967364037117319	0.9965235224970612	0.9962007799723236	0.9967112475334357	0.9959758054561165	0.9966571155682904	0.9970340066479161	0.996511205330103	0.9964513664703418	0.9965172805765835	0.9965136548518303	0.9961067442032379	0.9971189999511695	0.9967112475334357	0.9967606897239111	0.995968534906588	0.9965172805765835	0.9965172805765835	0.9967364037117319	0.996765991063273	0.9965147517970812	0.9962764372952041	0.9957238240516142	0.9957238240516142	0.9964490913126033	0.9957238240516142	0.9966965203347526	0.9965254173275927	0.9967364037117319	0.9965254173275927	0.9965172805765835	0.9966965203347526	0.9969173099213298	0.9970536689441467	0.996448362720403
Pseudomonas_syringae_pv_syringae_UMAF2801_17738_NZ_JAJPOH010000009	0.7786075985176384	0.7930528774340729	0.7916393083825782	0.42292168248123496	0.8235956232657976	0.8242615926133755	0.47319471201753804	0.7918820224719101	0.7921308899054247	0.7685929363821599	0.7680852282490406	0.8105161827453429	0.4743168310256666	0.6748595714328172	0.7705734950737514	0.9810475063705861	0.9786284860092493	0.789015769439913	0.7661424553750789	0.42015047199943223	0.9737556988637706	0.7044036111353015	0.7871108089734874	0.41087172923777016	0.7994093101392727	0.8079129935840592	0.8114125932062966	0.8090469166472583	0.7940763504384454	0.794186231384811	0.46981958079066066	0.7910285379529668	0.8106498101035327	0.7803210208577723	0.6752926495929645	0.8114125932062966	0.8060664552598924	0.7627226463104326	0.7978096493824502	0.8136495143624716	0.7961691065809277	0.7886482661004954	0.4781099133655181	0.9790389118073364	0.7920535147915345	0.7040169747703755	0.4108152309169125	0.799924059559003	0.9649301378736005	0.7844810307802433	0.7705042441958514	0.35177850982714587	0.8064238677597098	0.7954143661435527	0.7851676127538196	0.7674290286092642	0.9814819133801339	0.4393765438541558	0.7965318235278028	0.7915360058762042	0.7737136656958483	0.7954965456458079	0.7974933108012956	0.7972899262193897	0.8497299265643017	0.7776667142653149	0.7875828982644278	0.788469763065606	0.7964204545454545	0.7885252991206574	0.9171370739618562	0.5597522045576662	0.8396115140412076	0.821659096342338	0.7874575811049274	0.8087485654807974	0.7923173433704386	0.4518187619655393	0.979034704255509	0.9790389118073364	0.9767729238655347	0.36492578339747117	0.790211922549169	0.7792244155116897	0.9782203004096495	0.5391041706831181	0.9466052050321714	0.8672600322258881	0.7797334097749749	0.9804470524995521	0.9790062981105668	0.9790639248162278	0.5339337612979465	0.8222916885573185	0.8246082201815661	0.7764307313248964	0.8353707596875082	0.793297371743372	0.8170165629285789	0.7870708945041751	0.7937086723448257	0.8240212549816364	0.8146694214876034	0.826521272979263	0.7543693009118542	0.8161458747449047	0.8241821967999579	0.8303327877795963	0.8117477515945665	0.8327765260404527	0.8157223344318061	0.8350117957433855	0.7866513563944308	0.20033846401805144	0.2987047619047619	0.30488919351153754	0.46929985643217254	0.2839758943058024	0.4724626148081833	0.5096191597958382	0.0	0.40699907532541435	0.3216453644007088	0.41950464396284826	0.9482279027384778	0.9804352210842429	0.995528722275552	0.9963945664593119	0.9956860456264115	0.9965799407189725	0.9952504428641114	0.9969790053565535	0.9961710773077724	0.9960544833132288	0.9963945664593119	0.9963945664593119	0.9963945664593119	0.9952504428641114	0.9958555209484578	0.9963945664593119	0.9952504428641114	0.9952504428641114	0.9965190683388789	0.9964078824213908	0.9965526716794484	0.995426515930113	0.9953738402294989	0.9959246943520764	0.9955406911928651	0.9961285327138986	0.9965327029156816	0.9961980020873714	0.9964102434461662	0.9962047923798184	0.9962007399865909	0.9956505247186749	0.9969446531430003	0.9959246943520764	0.9965219170374917	0.9950027762354248	0.9962047923798184	0.9962047923798184	0.9965526716794484	0.9959955393349554	0.9962019660411081	0.9960514584129411	0.9952504428641114	0.9952504428641114	0.9964078824213908	0.9952504428641114	0.9958555209484578	0.9959663865546219	0.9965526716794484	0.9959663865546219	0.9962047923798184	0.9958555209484578	0.9963803882856203	0.9965563121233466	0.995912982746579
Pseudomonas_syringae_pv_syringae_UMAF2815_17736_NZ_JAJPNZ010000006	0.8102489660650215	0.8248205883126101	0.8176375103116102	0.2952746918277279	0.8259661333887388	0.8216155762289665	0.4048169490355751	0.8089235088491922	0.8145309206383968	0.7879450689406944	0.7917701906702772	0.8127598048075185	0.4447921924953727	0.677702762463516	0.798833093684327	0.9814601279703362	0.9805343776794198	0.7983122124693065	0.7911415397512924	0.2736700077101002	0.9729539206241041	0.7179531111682229	0.8220221061198771	0.3011674915933049	0.7966252699784018	0.8118425473624358	0.818011929447303	0.8139093890938909	0.8063717183304221	0.8038626385113945	0.43942960920158736	0.8168028004667445	0.8102814860809273	0.8070697519190121	0.6785987861646338	0.818011929447303	0.8117618177354682	0.7944974282040291	0.8257166000365812	0.8166120106579218	0.8203843386017751	0.8136177013584636	0.44719892653471993	0.9809913697720735	0.8051808185013037	0.7172601172601172	0.2991753669238917	0.8167681224912943	0.9696206588676999	0.789400595153748	0.7907507144427347	0.44686383967268817	0.8285474523378701	0.8119833608874194	0.8050800662617339	0.7852470537355389	0.9832450070583879	0.2831976257514649	0.8165338751938399	0.8117062396466042	0.7957807318228688	0.8081525385819728	0.8193211488250652	0.8117477944699681	0.8663147240359617	0.7992750592499651	0.8064061852823415	0.8020509372110616	0.8083857442348008	0.8026617584595781	0.9157536739329594	0.5257334019557385	0.8400598653030681	0.8375576336971529	0.8222094059665496	0.8257708502236054	0.8123140366445686	0.4246975669430474	0.9809875832761559	0.9809913697720735	0.9781443111595783	0.44274411825942117	0.8038676793923646	0.7924902273853438	0.9789278527662846	0.5415404241747728	0.9516435493064792	0.869729565173271	0.798277361613781	0.9810837876933348	0.9793004334623676	0.9793568968307174	0.5140650144834245	0.8229936056374788	0.8244979710748102	0.8075347853210014	0.8302796278539404	0.8082565965475487	0.840094606406499	0.8359930231952725	0.8149348923731066	0.8301862490017775	0.8222687145991734	0.828440914635729	0.7626846069313035	0.832935064935065	0.8349431375603676	0.8288898657909027	0.8387908013792746	0.8264561221848304	0.8307989253762487	0.8295322082002939	0.8015723181830989	0.4441597118814281	0.4368084069872642	0.4543352202126191	0.41519161367932633	0.43993296791537195	0.44222169922334664	0.4679485035947166	0.40699907532541435	0.0	0.44657600777076245	0.37315166877904515	0.9535904003035477	0.9810724147145274	0.9963139418254764	0.9967981040742234	0.9964736404624569	0.9973596197852491	0.995794571173697	0.9977825933578592	0.9971311899100589	0.9965814951591975	0.9967981040742234	0.9967981040742234	0.9967981040742234	0.995794571173697	0.9968840362947452	0.9967981040742234	0.995794571173697	0.995794571173697	0.9972052845528455	0.9968098467721678	0.9972968951492908	0.996532911844185	0.9962811930958426	0.9968484006253567	0.9964291102952271	0.9969261507723046	0.9972105633619229	0.9967181562453733	0.996811928908525	0.996723976550569	0.9967205030205893	0.9962844877362991	0.9976878900131766	0.9968484006253567	0.9968510335720453	0.9960678237783955	0.996723976550569	0.996723976550569	0.9972968951492908	0.9968051118210862	0.9967215539341353	0.9967886312488937	0.995794571173697	0.995794571173697	0.9968098467721678	0.995794571173697	0.9968840362947452	0.99656066322733	0.9972968951492908	0.99656066322733	0.996723976550569	0.9968840362947452	0.9969844700206061	0.9972294148109788	0.9964305890811976
Pseudomonas_syringae_pv_syringae_UMAF3028_17702_NZ_JACTWB010000009	0.7733537954358144	0.7904824131547424	0.7953237115652197	0.45381944444444444	0.8397892779671522	0.839102176541717	0.47291638973813643	0.7983902520820524	0.7996038388572704	0.7767842078623249	0.7810595538422291	0.820368554173334	0.46506499147926617	0.6867984562354535	0.7746770759403833	0.9809491293956982	0.9782877976955617	0.8000680812436174	0.7744290154258504	0.45138840559537896	0.9733837607847772	0.7270263330575447	0.7857804160766801	0.43935319386721616	0.8082541903198902	0.8207087000283892	0.821391884951207	0.8197373146580473	0.7960474099158685	0.8000633044946192	0.4142400385051741	0.7961599377587596	0.8194638152797149	0.7919950110550484	0.6876104110234366	0.821391884951207	0.8128085573230938	0.7752765910833608	0.8122856003191066	0.8240100404692383	0.8058052078525075	0.7952913345912304	0.5116610059841501	0.9792605146960439	0.7973524006432345	0.7260203498342288	0.43766170197888254	0.8041685815468628	0.9665218797652604	0.79201297961972	0.7812151616499443	0.38665603595114706	0.8069977426636569	0.7973380415591471	0.7909977789648289	0.7831962077044625	0.9824021630189032	0.43944877505567925	0.8021621916017646	0.7961544958054163	0.7858375045954583	0.8026743561473441	0.8039232170379711	0.8029211684673869	0.8561252414681262	0.7893783776136718	0.7921084455943977	0.794887798235411	0.8030465747230386	0.7949107808824374	0.9230143941572977	0.5167518640315176	0.8484342692010662	0.8318406911811189	0.7858987954428039	0.8241277537683145	0.7844876239619447	0.4756028978795197	0.9792563513483372	0.9792605146960439	0.9766723135387574	0.38417505977827693	0.8007508377636121	0.7903588377320789	0.9801408770733924	0.5553048121543449	0.9467403049585784	0.8717190764996687	0.787405613335233	0.9801443234279055	0.9796427572054845	0.9796986186688991	0.5262532515495039	0.8367807739222963	0.8390115287183995	0.7741863075196409	0.8454470582179441	0.7976377727571711	0.8122847910155215	0.7900669825191962	0.7947511558335599	0.8357323427745963	0.823331794635072	0.8408949979330302	0.7631472546429823	0.8320910160847391	0.8316696795829076	0.8437371557747637	0.8083739358569364	0.8435952057079794	0.8279971587172135	0.8430018648253617	0.8022224112027667	0.3341665423071183	0.3327358279184405	0.38548884454924726	0.48038858128046147	0.3405702328014648	0.4765811061127282	0.5317104626793487	0.3216453644007088	0.44657600777076245	0.0	0.4508077844109414	0.9486152739479679	0.9801323018275592	0.9959332137715022	0.9968774593181183	0.9960923623445825	0.9969855101834025	0.9956099815157117	0.9974617356651522	0.9970321774445485	0.9964820584983416	0.9968774593181183	0.9968774593181183	0.9968774593181183	0.9956099815157117	0.9965853168625088	0.9968774593181183	0.9956099815157117	0.9956099815157117	0.9968774794604695	0.9968889900599438	0.9969275347838034	0.9965340179717587	0.9962286570402707	0.9967513806632181	0.9960989943511411	0.9971370354130664	0.9969532214430173	0.9966706420194792	0.996891034552486	0.9966765873015873	0.9966730392035157	0.9961061946902655	0.9973204447560854	0.9967513806632181	0.9970082847499233	0.9958884068207042	0.9966765873015873	0.9966765873015873	0.9969275347838034	0.9964776240433835	0.996674112683048	0.9965360026489392	0.9956099815157117	0.9956099815157117	0.9968889900599438	0.9956099815157117	0.9965853168625088	0.9963544225250148	0.9969275347838034	0.9963544225250148	0.9966765873015873	0.9965853168625088	0.9968871792276155	0.9969739656701623	0.9965866776996276
Pseudomonas_syringae_pv_syringae_UMAF7000_17735_NZ_JAJPNY010000012	0.8095149104306272	0.8255992624462201	0.8224581525108494	0.3749381231878933	0.8159783413786938	0.8103905858788183	0.2570167371712342	0.8110263615683126	0.8122946221046726	0.7987594577975029	0.7919906475993692	0.8037155474341404	0.3136570777556251	0.6760295852879386	0.8021597227818519	0.9814822979586438	0.9792208379496687	0.8010637714536382	0.7889397905759162	0.3900883218842002	0.9743009351350116	0.707831747902461	0.8281174403503858	0.35699016673792217	0.8082256046705588	0.8043842289541787	0.8166679168854549	0.8120946538124452	0.7958387849867877	0.7955438047077548	0.39031242595538707	0.8152530707327403	0.8058771374287523	0.8033254543972614	0.6769053781995973	0.8166679168854549	0.8114351027351745	0.8041044776119403	0.8259596036779502	0.8066394434361767	0.8218094076745452	0.8134628804552042	0.3243739624907287	0.98040825143104	0.8070895419616052	0.7077891070475548	0.3551735207047829	0.8192020272541567	0.9695975356592781	0.7975825019186493	0.7976890924096802	0.47082903451259694	0.8320334403833409	0.8140940816273579	0.8078718609143594	0.7890395124001681	0.9840926501734938	0.3811223061852784	0.813247974915077	0.8096161616161617	0.7974302675449296	0.8102122340280986	0.820660891883221	0.8108234260454134	0.8631735008388279	0.8008298755186722	0.8094164989939638	0.8050997360328734	0.8105677804944309	0.8053301795978988	0.9117588564325668	0.4249606114444705	0.8258555695173331	0.8387702298209122	0.8283796496402329	0.8286702614711567	0.815305707901686	0.364678346470244	0.9804044419478892	0.98040825143104	0.9778422813587113	0.4520446596717783	0.8106593566542137	0.8064533234350558	0.9790132710197963	0.4204373168019946	0.95125960915069	0.8721529919802591	0.7987874815664427	0.9796086956521739	0.9781320669380371	0.9781902656863187	0.43850849694769845	0.8135854090244465	0.8166079362647465	0.8038072008059812	0.8225523363772798	0.8075213956550362	0.843485215826439	0.8355336650756575	0.8152742528616563	0.8259203227433182	0.8159020947518583	0.8206160352602482	0.7496102111466398	0.8340880916841653	0.8383351422297383	0.821025107258003	0.8382349222404855	0.8211740839355902	0.8323979786180451	0.8182226660009985	0.8011087630705053	0.4805289016388037	0.4936576435203348	0.4627689836350859	0.3131201370547505	0.46992456105213964	0.32323446327683614	0.3577846928429076	0.41950464396284826	0.37315166877904515	0.4508077844109414	0.0	0.9529645731199704	0.9795967198138038	0.9963441384352912	0.9967656571596589	0.9965977236568352	0.9973850139302997	0.9958649036794929	0.9977961162671107	0.9966602214800492	0.9965554046186688	0.9967656571596589	0.9967656571596589	0.9967656571596589	0.9958649036794929	0.9965090909090909	0.9967656571596589	0.9958649036794929	0.9958649036794929	0.9971610546064975	0.9967771863860541	0.9972269778881628	0.9961595639246779	0.9956374333150521	0.9964760686442519	0.9964561540717568	0.9965399646528763	0.9973173385974237	0.9966885828094255	0.9967792309193831	0.9966942940641019	0.9966908855478023	0.9964134969624515	0.9976069615663524	0.9964760686442519	0.9967921036397286	0.9957870640950711	0.9966942940641019	0.9966942940641019	0.9972269778881628	0.996772537225849	0.9966919167705437	0.9967563582749723	0.9958649036794929	0.9958649036794929	0.9967771863860541	0.9958649036794929	0.9965090909090909	0.9966094934184284	0.9972269778881628	0.9966094934184284	0.9966942940641019	0.9965090909090909	0.996995896834701	0.9973349424246996	0.9963079379334431
Pseudomonas_syringae_pv_tagetis_ICMP_4091_14835_NZ_CP092923	0.9528759699470378	0.9529003707690468	0.9556835914055936	0.9522149253731343	0.9487605660556558	0.945351131746953	0.9530116026441086	0.9504238758613852	0.9464956117451083	0.9508814887365328	0.9423062514048802	0.9549524472280213	0.9527752081406106	0.955802287154371	0.9530564996798188	0.976570474157929	0.9746898735684183	0.9506123066068639	0.9517323361153075	0.9520600325016729	0.9774829688060237	0.9535381905600647	0.9427292634213249	0.9527909244416962	0.951493164836749	0.9543333410721333	0.9522210384918245	0.9547853340400525	0.9506106405877123	0.950519614268327	0.9506611589319918	0.9528588957055215	0.9542268232672578	0.9510548945105489	0.9559512206717855	0.9522210384918245	0.9526324840920817	0.9499868950892325	0.9545076612424278	0.9549988455322096	0.9529735869118677	0.9501545209849467	0.9506292800296132	0.9740546194601724	0.9527257023827669	0.9534883720930233	0.9520931007401414	0.9526567494172214	0.9739751856421239	0.9472424479101056	0.9513352971249117	0.9482051650960363	0.9424564796905223	0.9525273142033858	0.9509524635239912	0.9468520424035033	0.9809720148811639	0.9528684154403924	0.9514603044014809	0.9489041984923369	0.950477845351868	0.954230827105382	0.9545533693191711	0.9535232003249061	0.9609275319440078	0.9520196995323849	0.9509648296046431	0.9508866982717535	0.9545192428231165	0.9516288502978831	0.9724182707915019	0.9558392632900795	0.94927486108229	0.9483995186522263	0.9428118317033904	0.9472272770807394	0.9421146315414738	0.953246693396009	0.974049308588064	0.9740546194601724	0.9740764894955047	0.9501923030983493	0.9541028897355346	0.9491886335266907	0.9806876843657817	0.9565126246156713	0.30811699753318456	0.9612572925348256	0.9511914297156587	0.9766603545435879	0.9773417481256524	0.9774050063881133	0.9515852414943914	0.9472003051178757	0.9490430735622358	0.9522812484783562	0.9466221851542953	0.9498642579859438	0.9485294117647058	0.9486600710786668	0.9539792055962819	0.9500271463305243	0.9535895240959674	0.9451682176091625	0.9525750277880697	0.9460080963901598	0.9491306531461507	0.9466147379420077	0.944096687211094	0.9446702317290553	0.9443495827421178	0.9460667877602348	0.949388827154258	0.9484464627151051	0.9468795633543198	0.949675441327936	0.9510575561282534	0.9477911646586346	0.9528092997508996	0.9558956942473656	0.9482279027384778	0.9535904003035477	0.9486152739479679	0.9529645731199704	0.0	0.9766459684047119	0.9963546747445705	0.9957099291879878	0.9955599153286179	0.9960554810766217	0.9956923558897243	0.9965641952983725	0.9945041816009558	0.9957562122916453	0.9957099291879878	0.9957099291879878	0.9957099291879878	0.9956923558897243	0.9959644462607274	0.9957099291879878	0.9956923558897243	0.9956923558897243	0.9962495116551634	0.9958811718066211	0.9962647694066827	0.9945056382616886	0.9952926944722033	0.9952168935249969	0.9958263557902872	0.9947935840126216	0.9962293416056052	0.9958040543956321	0.9958839267338959	0.9958116768431144	0.9958071278825996	0.9950072060942969	0.9962536316835721	0.9952168935249969	0.9956514946359755	0.9949946095795472	0.9958116768431144	0.9958116768431144	0.9962647694066827	0.9957972359735974	0.9958085041914958	0.9962173225898386	0.9956923558897243	0.9956923558897243	0.9958811718066211	0.9956923558897243	0.9959644462607274	0.9962389205965124	0.9962647694066827	0.9962389205965124	0.9958116768431144	0.9959644462607274	0.9962923865187054	0.9962554773602443	0.9957090583620712
Pseudomonas_syringae_pv_tomato_BRIP38746_11422_NZ_SNVG01000020	0.9794932260600175	0.9758897559655375	0.9763675950285766	0.9815142224112079	0.9796857288911609	0.9792873099529356	0.9798500163025758	0.9784184360916229	0.9790264952902418	0.9804708093611754	0.9769724599925568	0.9763857218031924	0.9792876879228944	0.9818283415288332	0.9785249809085229	0.9482770511022736	0.5030311149814114	0.9793170133484269	0.9793127466914325	0.982073318114677	0.9756423859390138	0.9797279155106059	0.9762081283278291	0.9798266386667263	0.9808895691712061	0.9765590737654591	0.9811550416241007	0.9820182850210147	0.9794063405638008	0.9799372215027329	0.9774893090498622	0.9808377999125854	0.9770371831109358	0.9789680773824859	0.9818283415288332	0.9811550416241007	0.9777367205542725	0.9757043279467468	0.9749365553484403	0.9769613404311022	0.9766234948671841	0.9779506224744821	0.9805839986115932	0.8397528167965453	0.9801551420549184	0.9797074831455641	0.9798266386667263	0.9752736667950955	0.9698690645212179	0.9798162550811814	0.9802942182689018	0.9790633485178287	0.9795794445069156	0.9752734189253447	0.9793938831391841	0.976889626109567	0.9638098333255954	0.9820730406966411	0.9774412152635649	0.9777040291670562	0.9799772363011312	0.9808551672232937	0.9806215124559314	0.9791835373695994	0.9814162409723446	0.9818545572977249	0.9792020077614854	0.9794279272932225	0.9810708491076258	0.9791973402992163	0.9896526923880008	0.9798307537159644	0.9796377156197311	0.9807515009781655	0.9762401561553476	0.9801856200380186	0.9755908304881834	0.9765560436692619	0.8397170162591535	0.8397528167965453	0.8385456394609713	0.98085996019945	0.9816992641972203	0.9795525839763698	0.9269804875766225	0.9795389112327202	0.9773074554701576	0.9759226991921433	0.9800388913619005	0.006475406321025723	0.9547175101640264	0.9546227888223366	0.980222362437719	0.980000445424378	0.9811065228009413	0.9793666026871402	0.982350198699021	0.9780512138343864	0.981936143266603	0.9805607308806034	0.9764309764309764	0.9809281767955801	0.9799969527457937	0.9797467227526652	0.9811735037718211	0.9819974568898209	0.9797622512256823	0.9807632640397146	0.9810276856912463	0.9781358904352845	0.9816815406294035	0.9795878397493091	0.9786676116229625	0.9796283458932444	0.9787581699346405	0.9804989577029117	0.9799529329730672	0.9791497975708502	0.9796073326825036	0.9806508162594499	0.9804352210842429	0.9810724147145274	0.9801323018275592	0.9795967198138038	0.9766459684047119	0.0	0.996699100874492	0.9965803493990831	0.9961870806407686	0.9964134655816369	0.9963710989313512	0.996603782939587	0.9956270815854371	0.9968125536349148	0.9965803493990831	0.9965803493990831	0.9965803493990831	0.9963710989313512	0.995732051313498	0.9965803493990831	0.9963710989313512	0.9963710989313512	0.9967032967032967	0.9963944385449337	0.9962176671547096	0.9951089819157741	0.9954105305628405	0.9948183995698294	0.9961685823754789	0.9955650749653522	0.9971836755594244	0.9966766931884339	0.9963967521409709	0.9966824874079814	0.9966790294039222	0.9960763991708617	0.9962068374813401	0.9948183995698294	0.9966558522585476	0.9952207331493891	0.9966824874079814	0.9966824874079814	0.9962176671547096	0.9961160725329639	0.9966800756070373	0.9970190779014309	0.9963710989313512	0.9963710989313512	0.9963944385449337	0.9963710989313512	0.995732051313498	0.9973293693784485	0.9962176671547096	0.9973293693784485	0.9966824874079814	0.995732051313498	0.9960202694351749	0.997202370355299	0.9965950363196125
p1.G2	0.9965253285262691	0.9961542354012751	0.9964343020146194	0.996695840795016	0.9961019490254872	0.9958210840885348	0.9962726564022608	0.9960360171160055	0.9961972200367165	0.9957495334853825	0.9952983820130279	0.9966681366063992	0.9965156794425087	0.9966742252456539	0.9965777580396562	0.9972689233544637	0.99629057187017	0.9960964654296561	0.9959027157640384	0.9965417139972232	0.9960025957170668	0.996602234974328	0.9954613076476966	0.9961034716810377	0.997134234485557	0.9971832365836334	0.9969525574138183	0.9967170857448567	0.9970715621616301	0.9970210985007016	0.9962882096069869	0.9957301674086803	0.996545387725101	0.9957297827759064	0.996825876662636	0.9969525574138183	0.9970327181863141	0.9950974230043997	0.9961265657226218	0.9969783366230475	0.9959303813667776	0.9960662143253162	0.996448898185533	0.9960104755611033	0.9954003084499039	0.9965983823418247	0.9961034716810377	0.9961098398169337	0.9965362315202931	0.9961376591550797	0.9953605855971958	0.9956050617564598	0.9956677054039674	0.9961138909349522	0.9958258952010921	0.9954696466324373	0.9949367088607595	0.9970731707317073	0.9965986394557823	0.9956667635479695	0.995844729644435	0.9959143345439009	0.9956574696817243	0.9961608132587125	0.9972667077302125	0.9958286031100668	0.9958199695041801	0.995473546875416	0.9959143345439009	0.9956867502358808	0.9978939849253657	0.9966557651166794	0.9962486083547122	0.9954842965142828	0.9954681638510536	0.9957684751397915	0.9952338397378612	0.9965279463895499	0.9960095965530749	0.9960104755611033	0.9956001407954945	0.995487660389725	0.9963456628171191	0.9952134540750324	0.9968504724291356	0.9965236686390533	0.9969223667000077	0.996190379438208	0.996256272734514	0.9967012948648516	0.9967075648841217	0.9967175278881908	0.996756572208945	0.9966193373901284	0.9966272765883029	0.9961585067161678	0.995843869707819	0.9965287121252893	0.9958419958419958	0.9950364667747164	0.9965762110068476	0.9960470377644631	0.9964622066071341	0.9956681773793725	0.9972453133760757	0.9958478031103729	0.9956895465201281	0.9957594352565542	0.9961117002474372	0.9958393542279137	0.9955579112087024	0.9956076134699854	0.996548310277473	0.996251572327044	0.9962763548533186	0.9953497775980591	0.996384335377324	0.9956692414841078	0.996062417967041	0.9961605670547119	0.995528722275552	0.9963139418254764	0.9959332137715022	0.9963441384352912	0.9963546747445705	0.996699100874492	0.0	0.6506482415961494	0.6410586719756413	0.5565084099759715	0.6539124304848438	0.6027105284323977	0.7550132704217045	0.6468733174371202	0.6506482415961494	0.6506482415961494	0.6506482415961494	0.6539124304848438	0.682185628742515	0.6506482415961494	0.6539124304848438	0.6539124304848438	0.5132311677099072	0.6522528087718621	0.666767087177556	0.6949597080735899	0.6962654332785444	0.655562730276902	0.23316954561572367	0.7233007892866494	0.607661877992921	0.6490995260663507	0.6527054649234447	0.6373282442748092	0.6409406204741215	0.6114179015533749	0.6641807995154452	0.655562730276902	0.7223231162670027	0.34427545815227656	0.6373282442748092	0.6373282442748092	0.6649572004977563	0.5870499513460914	0.6369124952235383	0.5227902613738115	0.6539124304848438	0.6539124304848438	0.6522528087718621	0.6539124304848438	0.6814947951771138	0.589399585921325	0.6644031990342538	0.589399585921325	0.6373282442748092	0.682185628742515	0.6429766211537713	0.6115940834741049	0.7602126265200612
p12.A11	0.9965037722457348	0.9965397923875432	0.9965155901719146	0.9969051243023845	0.9962049812762321	0.996287521676477	0.9968164564711645	0.9964354553375756	0.9962000263887056	0.9967175532746314	0.9960120431016268	0.9963025044369946	0.9969134290333643	0.9965017237882783	0.9968465864298103	0.9972274033371982	0.9960597262546661	0.9960446656800753	0.9966461562838356	0.9969030816875666	0.9958468289624909	0.9964294758166624	0.9964523731089882	0.9965877208502895	0.9970913915395213	0.9967961356466877	0.9966642957003753	0.9966245138566152	0.996930313157569	0.9966061386776327	0.9964382425410456	0.9968075363077326	0.9966242022521745	0.9965599082642204	0.9965017237882783	0.9966642957003753	0.9968830216354969	0.9963120137415379	0.9964335399013532	0.99661656900483	0.9964483335478059	0.9968144411998938	0.9966002201296319	0.9961602835482918	0.9964638359219867	0.9964254024591203	0.9965877208502895	0.9965227173940835	0.9972245351096308	0.9968929958483996	0.9969968415057215	0.9968277332250532	0.996153356260349	0.9964750957854406	0.9964626065837755	0.996839523653005	0.9951668225756158	0.9971314981631524	0.9961647361647362	0.9963333953290645	0.9959781975975023	0.9964817102648117	0.9966460817717206	0.9963819368879216	0.9972348448225853	0.9959624936913964	0.9964575567716182	0.9965204357485078	0.9964817102648117	0.9967478793463237	0.9983332510247419	0.996785122536291	0.9958359713631715	0.9965583173996176	0.9964577587733725	0.9961501443695862	0.9959578821298468	0.997315960276212	0.9961594327777641	0.9961602835482918	0.9955738782942991	0.9960971159207258	0.9968215849696285	0.9962814645308925	0.9971343823839928	0.9969510683654752	0.9960746842961548	0.9964750957854406	0.9964203665117273	0.9965826358278441	0.996505668582078	0.996516308835673	0.997057597528382	0.9963211207982664	0.9963298139768728	0.9963692946058091	0.9961731161408898	0.9964521720290326	0.9961966651554078	0.9959275096721645	0.9967859602581435	0.99635	0.9968109898196983	0.9966028334885125	0.9972539596920512	0.9964581172363195	0.9961728551514384	0.9966406778811201	0.9964452569571399	0.9965440384663544	0.9964485933893102	0.9963458001226242	0.9966344471069707	0.997244273651211	0.9971171353429091	0.9962151040211344	0.9967577923513374	0.9965380307504328	0.9963831867057673	0.9963120637592199	0.9963945664593119	0.9967981040742234	0.9968774593181183	0.9967656571596589	0.9957099291879878	0.9965803493990831	0.6506482415961494	0.0	0.6798518575083043	0.5552726058278367	0.6254177908428301	0.6769543380746079	0.7414440108075653	0.49310106933425324	0.0	0.0	0.0	0.6254177908428301	0.6695069993913573	0.0	0.6254177908428301	0.6254177908428301	0.6168061789801448	0.23659851490184114	0.6679796985076888	0.6793322488186537	0.6692727772757632	0.6573872532172451	0.6616056250965847	0.7455958549222799	0.6668406681657565	0.5216773870186284	0.3184065135213725	0.5033548550449424	0.5088191959587456	0.6580595284112872	0.6701950072084377	0.6573872532172451	0.7059379370298975	0.6298205572170628	0.5033548550449424	0.5033548550449424	0.6631694986125366	0.5483559805401779	0.5027253137279757	0.6020557406354108	0.6254177908428301	0.6254177908428301	0.23659851490184114	0.6254177908428301	0.6681390655344427	0.6737494119491925	0.6641850571656474	0.6737494119491925	0.5033548550449424	0.6695069993913573	0.5796097401000246	0.6697674418604651	0.7550254031367352
p12.E2	0.996033934809445	0.9959829146750737	0.9960062466398709	0.9967056915513659	0.9956046716061786	0.9954588735076539	0.996795812542804	0.9954335488979807	0.9954372824137567	0.9959119906262206	0.9948508053868498	0.9965541006202618	0.9967699309939804	0.9964807453730663	0.9963502691348299	0.9967510389119758	0.9956748076972883	0.9961039309992745	0.9955114326450863	0.996703519626737	0.9950133152315805	0.996332456495346	0.9956434740761378	0.9960598100626389	0.9964813870474248	0.9967753846153846	0.9966438020578148	0.9962608143115499	0.9966115947764147	0.9965110236804988	0.9963936743098029	0.9954465757726428	0.9962825278810409	0.9958156765544628	0.9964807453730663	0.9966438020578148	0.9965983724520502	0.9954550045449955	0.9960068742418116	0.9965715685074079	0.9956009466968512	0.9957270628201386	0.9966043727861243	0.9956959098846504	0.9952677527264815	0.9963282773290116	0.9960598100626389	0.9957835019932536	0.9962668684575609	0.9964139481360559	0.9957803722591835	0.9960429191081348	0.995289144661455	0.9955827907570535	0.9958054133910199	0.9956769055745165	0.9948600799543118	0.9971351025331725	0.9961180523420228	0.9953252410422587	0.9959304476507584	0.9955165378006873	0.995635976583289	0.9958139661311806	0.9969080930663987	0.9959145775301764	0.9957994293564408	0.9953434848930874	0.9955165378006873	0.9955561577022084	0.9977406849551841	0.9967147515067681	0.9961340206185567	0.9951555328913819	0.9956500847221871	0.9953926383474254	0.9957627118644068	0.9967324245897242	0.9956949569495694	0.9956959098846504	0.9950971720286083	0.9958733132484366	0.9963060561855913	0.9955297970215973	0.9966593826137191	0.9966816076867834	0.9961315280464217	0.9958391831525207	0.996130547327409	0.9961896278701504	0.9960689994051776	0.9960809591336857	0.9968155206623717	0.9960983713847006	0.9961075814268853	0.9956716688697095	0.9952937031257865	0.9961854777621469	0.9951397632838076	0.9945268945854441	0.9964576962283385	0.9956774854458686	0.9963476811452103	0.9953446236694431	0.9969380006368959	0.9952948319040753	0.9953130146183273	0.9954375673710862	0.9954052750488666	0.9955182774161242	0.9951802338854925	0.9951195585530349	0.9962611291927805	0.9964622343517044	0.99613196814562	0.9957358241535104	0.9966633136239849	0.9958276090164352	0.9962896060147439	0.9963166221694848	0.9956860456264115	0.9964736404624569	0.9960923623445825	0.9965977236568352	0.9955599153286179	0.9961870806407686	0.6410586719756413	0.6798518575083043	0.0	0.6421267092426439	0.5552785056208267	0.6872673402719744	0.750027911130959	0.6282825115622795	0.6798518575083043	0.6798518575083043	0.6798518575083043	0.5552785056208267	0.7168083235638921	0.6798518575083043	0.5552785056208267	0.5552785056208267	0.6163509310498041	0.6997453565008988	0.7039817472584088	0.7500640579816245	0.7219396405561207	0.7215323166303558	0.6508127868087423	0.7463436253508642	0.6504180534134264	0.6507289961551639	0.7044963090000745	0.6466486301108867	0.6463270368250333	0.4036183304251998	0.7029893212134648	0.7215323166303558	0.7345168672030709	0.6308163505713276	0.6466486301108867	0.6466486301108867	0.7000110737883429	0.6626413056059262	0.6462442299622324	0.6298608349900596	0.5552785056208267	0.5552785056208267	0.6997453565008988	0.5552785056208267	0.7160086513435243	0.6363453411149125	0.7021190344573429	0.6363453411149125	0.6466486301108867	0.7168083235638921	0.7020647864143039	0.6447203461802887	0.7641499105937306
p12.G7	0.9968532843844238	0.9967252233956133	0.9966510724237544	0.9973937246963562	0.9966908170172228	0.996955007186183	0.9971658929880284	0.9963108382302563	0.996366700015797	0.9969852119447982	0.9959147096808202	0.9968281288418982	0.9976057267108059	0.9971177913179784	0.9971688468293706	0.9968545546049321	0.996042011589404	0.9968881616009873	0.9963888449575623	0.9973920089127463	0.9946764091858038	0.997045081449678	0.9964596398948007	0.9970753599072183	0.9972761061045772	0.9975422125003072	0.9973335942660045	0.9971208276400546	0.9973823282461599	0.9973070461508055	0.997421677369138	0.9962114284221253	0.9968282848151062	0.9964605067064084	0.9971177913179784	0.9973335942660045	0.9972565516160218	0.9966230689750762	0.996643448415102	0.9971385947320796	0.9964557222108075	0.9965554701783207	0.9973656609020172	0.9962665487682067	0.9964443720652498	0.9970417193426043	0.9970753599072183	0.9965811093534724	0.9967249458356426	0.9969265307213299	0.9967439336382665	0.9964530022802128	0.9968498336000813	0.996380044357203	0.9967080140106924	0.9967447259513476	0.9943686095396274	0.997464604880008	0.9969714080386017	0.9966338890508627	0.9965166908563134	0.9962472524526885	0.9969463621879979	0.9966622344034083	0.9974133770871537	0.9965031259934302	0.9967033256850489	0.9965011618279427	0.9962472524526885	0.9967278725763271	0.9984707971586425	0.9974348855564326	0.9974522602091573	0.9965654098610899	0.9964650035349965	0.9965638343566032	0.9966406211118299	0.9973456714964082	0.9962657232704403	0.9962665487682067	0.9959377286604597	0.9963843236409609	0.996733331766586	0.9967838987446831	0.9970395644647382	0.9973540394173941	0.9963156674310154	0.9965846820440933	0.9967757407802175	0.9964158592050623	0.9961759082217974	0.996187532199897	0.9970879725926832	0.996933980045739	0.9969412059671555	0.9965327192278831	0.9966850828729282	0.997002025658339	0.9967844043611516	0.9958848781974751	0.9970478953529801	0.9969079619978555	0.9969400993855719	0.9968112885407251	0.9979214554702401	0.9964906965588629	0.9968657584106362	0.9969235386808735	0.9968338399189463	0.9966011895836457	0.9966082818669637	0.9965004160344575	0.9970728825393416	0.9965663502322764	0.9962110687312132	0.9961974294623165	0.9971084101156636	0.996519662635911	0.996732902596611	0.9970874265685936	0.9965799407189725	0.9973596197852491	0.9969855101834025	0.9973850139302997	0.9960554810766217	0.9964134655816369	0.5565084099759715	0.5552726058278367	0.6421267092426439	0.0	0.6855167114867461	0.5880480039186873	0.7184462318453856	0.5521018476418799	0.5552726058278367	0.5552726058278367	0.5552726058278367	0.6855167114867461	0.6695130744999811	0.5552726058278367	0.6855167114867461	0.6855167114867461	0.535975062983048	0.5884813776857154	0.6570786345626334	0.6801822675316651	0.6949067845473765	0.6491873658386997	0.501596616898248	0.7189397081558011	0.6271501051850019	0.5870474369697694	0.5904024642321566	0.5744706448508181	0.579499079779147	0.6545644356803155	0.6549255331367969	0.6491873658386997	0.7206710158434296	0.5415796071876307	0.5744706448508181	0.5744706448508181	0.6545156118787694	0.5135389888603257	0.5739580823897856	0.5795477945718874	0.6855167114867461	0.6855167114867461	0.5884813776857154	0.6855167114867461	0.6681483169971887	0.6872991909573027	0.6537447962418363	0.6872991909573027	0.5744706448508181	0.6695130744999811	0.6525703200775945	0.6305625867559402	0.7497418117438772
p13.C1	0.9967872125750092	0.9964792351973685	0.9968697451817359	0.9962311557788944	0.9960399055669789	0.9960536700868192	0.9961154959546725	0.9960500680562598	0.9962139391030769	0.9964196393313149	0.9955951840679143	0.9969655515483149	0.9963871223181807	0.9969803209048801	0.9965474198603033	0.9969189244245263	0.9958878994237821	0.9966846925188184	0.9962897715139868	0.9960741044852714	0.9954063044511325	0.9969068738975945	0.9959800281654078	0.9953482428115016	0.9969845360824743	0.9975382932166302	0.9971287128712871	0.9969634877922334	0.9971008697390783	0.9974256435891027	0.9958350789856323	0.996429610430827	0.9967660887086743	0.9965777418485583	0.9971343039173042	0.9971287128712871	0.9973549172089087	0.9958653428957913	0.9965004597936038	0.99727884425094	0.9963078523140926	0.99645799232565	0.9960219410950781	0.9961229713944877	0.9961222188608674	0.9969033116650459	0.9953482428115016	0.9964876033057851	0.9974012738853503	0.9967786470317533	0.9959682697594052	0.9951990963004801	0.9958304378040306	0.9964913185934315	0.9965595412721696	0.9958848788467437	0.9954073063195465	0.996618529441676	0.9968560812741964	0.9959174903308982	0.9962045278379174	0.9962536648930395	0.9962328122056885	0.996425822060926	0.9973505289201458	0.9961895561637955	0.9965545792046152	0.9961849617143321	0.9962536648930395	0.9961631221223416	0.9980143956316704	0.9962022786328203	0.9959440525060839	0.9955925563173359	0.9959861945545188	0.9959318391157507	0.9950064311114474	0.9961525181275588	0.9961221040071592	0.9961229713944877	0.9946050983099384	0.9952093047087155	0.9964820537199905	0.995768391726023	0.996672931376035	0.9962680025046963	0.9961917679586832	0.9967242713438226	0.9970594582928671	0.9963735494197679	0.9962337186797091	0.9962453066332916	0.9963830946836446	0.9968461479767022	0.9968536702950953	0.9965424208292951	0.995803128576879	0.9969633135447159	0.995775651465798	0.9950598224623698	0.9971928197996343	0.9962125994192652	0.9967552572263642	0.9959566676838572	0.9974259337177932	0.995832587630711	0.9959289225727161	0.9959719301801231	0.9961264173208147	0.9959766188415698	0.9957955186381582	0.9956389226156552	0.9970353043572866	0.9958578368703657	0.9967296047420732	0.9950684509285183	0.9959295110449243	0.9953925353925354	0.9956048297488826	0.9957238240516142	0.9952504428641114	0.995794571173697	0.9956099815157117	0.9958649036794929	0.9956923558897243	0.9963710989313512	0.6539124304848438	0.6254177908428301	0.5552785056208267	0.6855167114867461	0.0	0.6547060447143251	0.7164762826718296	0.6827399557825722	0.6254177908428301	0.6254177908428301	0.6254177908428301	0.0	0.6917955895146953	0.6254177908428301	0.0	0.0	0.6513241863433312	0.6556997764793537	0.7156258078812276	0.7235476785579036	0.6757900565597437	0.7037506524494818	0.6571529384090642	0.7335374612534966	0.6420264061917966	0.6963986443707869	0.6527783231886903	0.6925972864171761	0.692347891004106	0.390990484226316	0.7132462132462132	0.7037506524494818	0.7098913664951401	0.6529462399248768	0.6925972864171761	0.6925972864171761	0.712678141773089	0.678942289133372	0.6922531532203896	0.652859179470933	0.0	0.0	0.6556997764793537	0.0	0.6941665093449122	0.6477819564074568	0.71301162016135	0.6477819564074568	0.6925972864171761	0.6917955895146953	0.6330699864336445	0.6312805231355021	0.7725386508023944
p13.D10	0.9970561177552898	0.9967425881155363	0.9970025363154255	0.9979464557347125	0.9963547689677711	0.9960897404565228	0.9978953550976457	0.9967253809385481	0.9968868720979316	0.9968729641693811	0.9964080080291585	0.9972159258894254	0.9980907154921304	0.9972631205494032	0.9973196689002759	0.99722621479184	0.9961100593864267	0.9970418179373404	0.9968036770921387	0.9977925504922359	0.9956875147016544	0.9971900868288485	0.9968323154506982	0.9972201865002148	0.9980108637441665	0.9976597526728088	0.9973763577961405	0.9975307434662494	0.9979217180464149	0.997201169069203	0.9976110379796207	0.9968848983010916	0.9973642723421027	0.99704	0.9974155623685611	0.9973763577961405	0.9976171148760115	0.9962089620137994	0.9967620348587185	0.9975249344475212	0.9968084011119118	0.9969728351788417	0.9978983895799223	0.9960350687090578	0.9966533344216799	0.9971868822545491	0.9972201865002148	0.996983023113111	0.9973751955984049	0.9971871735112111	0.996371647013088	0.9970046199928924	0.9959469793525363	0.9969861824125865	0.9970702351730145	0.996432005668303	0.9958173126883508	0.9979122648153738	0.9971186004630821	0.9961983251362488	0.9965076593380428	0.9969382822151797	0.9965109465722047	0.9970899398950203	0.9972921220092454	0.9964940239043825	0.9970660534454048	0.9967069154774972	0.9969382822151797	0.9969367562145898	0.9980235689403859	0.9979984679631323	0.9967141292442497	0.9956602762106553	0.996837124566686	0.9960467296824713	0.996657437202225	0.9978285797935931	0.9960341897184521	0.9960350687090578	0.9957752536112727	0.9970363240285729	0.9970329204540103	0.9962275932044644	0.9976624943447444	0.9978444538044151	0.9965655261459005	0.9970886431544806	0.9968209019021158	0.9966060546004063	0.9967379485320769	0.9967478835432583	0.9977693344772643	0.9968758660653548	0.996883247455071	0.9970442583421919	0.9961714775074304	0.9971027050445426	0.9959926405726239	0.9954397228166718	0.9974497602774661	0.9963233455054775	0.9973509933774835	0.9959947604413321	0.9974003678724709	0.9960754525889353	0.9959675374080649	0.996009737244962	0.996265243902439	0.9957122439256789	0.9958354494667344	0.9959254804742151	0.9967410040939453	0.9970401477396342	0.9969382591093118	0.9969017446732864	0.9977169510249172	0.9971239501145329	0.9974846146331933	0.9976259953509076	0.9969790053565535	0.9977825933578592	0.9974617356651522	0.9977961162671107	0.9965641952983725	0.996603782939587	0.6027105284323977	0.6769543380746079	0.6872673402719744	0.5880480039186873	0.6547060447143251	0.0	0.7446728831966446	0.6500096618357488	0.6769543380746079	0.6769543380746079	0.6769543380746079	0.6547060447143251	0.7021940082414523	0.6769543380746079	0.6547060447143251	0.6547060447143251	0.51253045596937	0.6968375136314068	0.7236383442265795	0.7333680220025274	0.7335777345503516	0.7261852979556329	0.5629980079681275	0.745156869281772	0.6127090301003344	0.6791741338112306	0.6898987609549713	0.6721729033224707	0.6718931692861698	0.672519989288037	0.7222262747100445	0.7261852979556329	0.7464742298252683	0.6144045865350161	0.6721729033224707	0.6721729033224707	0.7210842277605967	0.6220575934998207	0.6718041024487194	0.5667013961241925	0.6547060447143251	0.6547060447143251	0.6968375136314068	0.6547060447143251	0.7027237642867745	0.6702976916119392	0.7208980750336595	0.6702976916119392	0.6721729033224707	0.7021940082414523	0.717855688423235	0.6083718220779761	0.7923321542144567
p13.F3	0.9955973313885963	0.9955330320524542	0.9955802267764594	0.9971386952450317	0.9954352030947775	0.9958187280921382	0.9967878742252001	0.9953594398762518	0.9951181145073363	0.9951261314337743	0.9949239956568947	0.9957281160739112	0.9967109392653594	0.9959941733430444	0.9960041038932987	0.9966897693182993	0.9954483749900184	0.9949921146556733	0.9956848590115884	0.9971367588109741	0.9940105285775677	0.9959205945018967	0.9943224731098784	0.9962401140930895	0.9965171393406133	0.9958791556061181	0.9962786955319203	0.9963648215002006	0.9966496611589126	0.9962406015037594	0.9969520573612811	0.9951572547014985	0.9962611156022635	0.9957241530533932	0.9959941733430444	0.9962786955319203	0.99628742837158	0.9948635467469129	0.9956125548430644	0.9960532931121167	0.9955068058675829	0.9956060151196747	0.9969434283709977	0.9955324465534213	0.9956362415731909	0.9959158190473713	0.9962401140930895	0.995642243981834	0.996764172922599	0.9955649826455842	0.9953698775944652	0.9958574331717993	0.9955027976781886	0.9955415683189089	0.9957145569448588	0.9949080328379923	0.9934287851266161	0.997110124883889	0.9955606056602277	0.9954396504642272	0.9950511202958451	0.9953602695462455	0.9957593499493858	0.9957486085083769	0.9964490037482738	0.9950312593846405	0.9957082710851555	0.9957080364266652	0.9953602695462455	0.9960153811859117	0.997924403265939	0.9971621861301847	0.9962592583356193	0.9952080442012098	0.9943313310970695	0.9952944235018848	0.9957015658581517	0.9972747274727473	0.9955314314567029	0.9955324465534213	0.9954343822148435	0.9957619406671694	0.9955110413901291	0.9950837630587543	0.9969838364569101	0.9969255005589999	0.9951464035646085	0.9959102348993288	0.9956619625501071	0.995630081300813	0.9956936654350196	0.9957071309325065	0.9967324368480583	0.9956821883806913	0.9956926568827216	0.9955787567250839	0.9953491977366096	0.995823704652393	0.9955287914814432	0.9945098039215686	0.9959146261621056	0.9955881598522547	0.9962775723735506	0.995634992380608	0.9967572459214198	0.9951940562165532	0.995604567088871	0.9957550810393619	0.9957260502449703	0.9955794289238994	0.9954163085657733	0.9952702022743283	0.9959036811513977	0.996497145822522	0.9961319799589834	0.9959345355988741	0.9971315703394309	0.9966845059391725	0.9967961553864637	0.9966523801070224	0.9961710773077724	0.9971311899100589	0.9970321774445485	0.9966602214800492	0.9945041816009558	0.9956270815854371	0.7550132704217045	0.7414440108075653	0.750027911130959	0.7184462318453856	0.7164762826718296	0.7446728831966446	0.0	0.7288516244946848	0.7414440108075653	0.7414440108075653	0.7414440108075653	0.7164762826718296	0.7177726638246501	0.7414440108075653	0.7164762826718296	0.7164762826718296	0.7375242294097526	0.7517509727626459	0.7304063591115073	0.6748979428479949	0.6823081546784211	0.7189397915573217	0.763274905376107	0.6511723233316937	0.7375372315409938	0.7614384967061449	0.7467003755065621	0.7552619228130979	0.7551514713325139	0.7307417303277763	0.7296087718643942	0.7189397915573217	0.6260176040332246	0.7446287431815652	0.7552619228130979	0.7552619228130979	0.7279020432468644	0.7361398233414771	0.7549965665546279	0.7386873985734235	0.7164762826718296	0.7164762826718296	0.7517509727626459	0.7164762826718296	0.7174823591562582	0.7182109124970728	0.7288482278998847	0.7182109124970728	0.7552619228130979	0.7177726638246501	0.7253966450831156	0.7352883903882852	0.7000871149124891
p20.D4	0.9962550712576719	0.996298627722523	0.9964511140966817	0.9968371906220191	0.9962947305597692	0.996422441925113	0.9967517513877778	0.9960290506296045	0.9959798470253478	0.9965722532924409	0.9958986415882968	0.9965119398980413	0.9971881514519804	0.99679037111334	0.9966464762003795	0.9971815528895318	0.9963597210828548	0.9961958979542975	0.9963947959663514	0.9968351250879132	0.9953989712306459	0.9967186012724814	0.9962634165914335	0.9963727329580988	0.9970717423133235	0.9970003658090477	0.9968932792893377	0.9968532907317309	0.9971586037966932	0.9968380027943231	0.9967167998454964	0.9967385395905055	0.996854655840831	0.996704021094265	0.99679037111334	0.9968932792893377	0.9969170984455958	0.9962505624156377	0.9963958552335186	0.9968216226708074	0.9963842843683955	0.9965599642866522	0.9968777984848851	0.996517546209483	0.9965849198666237	0.9967148983123103	0.9963727329580988	0.9964582964405879	0.9970534621819362	0.9966619863830238	0.9965667435306175	0.9964833839893497	0.9962954562637031	0.9964112414071977	0.9966063643720469	0.996621875234592	0.9951675920213859	0.9974112610145865	0.9963848366811783	0.9961630443352343	0.9959175128231968	0.9963612217795484	0.9964720130588174	0.9964230003765263	0.9970648608206879	0.9959017470116905	0.9966015737327791	0.9966389668131054	0.9963612217795484	0.9968652877505091	0.9983910982289799	0.9970147062422003	0.9960477165923606	0.996417759838547	0.996269030448718	0.9960902255639098	0.9964955577492596	0.997246443322625	0.9965167827739075	0.996517546209483	0.9956206206206206	0.9960628933971963	0.996221045510742	0.996218552245717	0.997164461247637	0.9968349771823937	0.9962708487650379	0.9966141095613503	0.996566296883254	0.9968146623542096	0.9968002866943122	0.9968099224173131	0.9967955720632147	0.996459912245712	0.9964681888275382	0.996254105090312	0.9961383227863869	0.9964922615541155	0.9963117103197349	0.9957431802725372	0.9967189116882461	0.9963632765146829	0.9968436642629956	0.9966635127732683	0.9974523838408347	0.9962694041061593	0.9963895296359443	0.9967753937740296	0.9963568754553905	0.996679634264192	0.996057851654698	0.9964319522318503	0.9966722572744456	0.9968969745501864	0.9967710445295487	0.9958767033740634	0.996693491527072	0.9961956110957144	0.9963229957907979	0.9965959739432826	0.9960544833132288	0.9965814951591975	0.9964820584983416	0.9965554046186688	0.9957562122916453	0.9968125536349148	0.6468733174371202	0.49310106933425324	0.6282825115622795	0.5521018476418799	0.6827399557825722	0.6500096618357488	0.7288516244946848	0.0	0.49310106933425324	0.49310106933425324	0.49310106933425324	0.6827399557825722	0.6268135619520521	0.49310106933425324	0.6827399557825722	0.6827399557825722	0.6020589422688736	0.5342076685322863	0.6414474939878612	0.6818771956621353	0.6505725416125605	0.6411167124961809	0.6672874463152294	0.7125384557664891	0.6875756274639916	0.444338270425227	0.5270309944218429	0.4304395364093593	0.4297104306303938	0.6324965946682234	0.644879092332964	0.6411167124961809	0.6945762711864407	0.6381868768838396	0.4304395364093593	0.4304395364093593	0.6372860588888463	0.5987681478222613	0.4296912634114298	0.6716372373288586	0.6827399557825722	0.6827399557825722	0.5342076685322863	0.6827399557825722	0.6253737718923538	0.7066908322005739	0.6383288059073344	0.7066908322005739	0.4304395364093593	0.6268135619520521	0.6229385896026386	0.6826328680844447	0.7163317336532693
p20.F10	0.9965037722457348	0.9965397923875432	0.9965155901719146	0.9969051243023845	0.9962049812762321	0.996287521676477	0.9968164564711645	0.9964354553375756	0.9962000263887056	0.9967175532746314	0.9960120431016268	0.9963025044369946	0.9969134290333643	0.9965017237882783	0.9968465864298103	0.9972274033371982	0.9960597262546661	0.9960446656800753	0.9966461562838356	0.9969030816875666	0.9958468289624909	0.9964294758166624	0.9964523731089882	0.9965877208502895	0.9970913915395213	0.9967961356466877	0.9966642957003753	0.9966245138566152	0.996930313157569	0.9966061386776327	0.9964382425410456	0.9968075363077326	0.9966242022521745	0.9965599082642204	0.9965017237882783	0.9966642957003753	0.9968830216354969	0.9963120137415379	0.9964335399013532	0.99661656900483	0.9964483335478059	0.9968144411998938	0.9966002201296319	0.9961602835482918	0.9964638359219867	0.9964254024591203	0.9965877208502895	0.9965227173940835	0.9972245351096308	0.9968929958483996	0.9969968415057215	0.9968277332250532	0.996153356260349	0.9964750957854406	0.9964626065837755	0.996839523653005	0.9951668225756158	0.9971314981631524	0.9961647361647362	0.9963333953290645	0.9959781975975023	0.9964817102648117	0.9966460817717206	0.9963819368879216	0.9972348448225853	0.9959624936913964	0.9964575567716182	0.9965204357485078	0.9964817102648117	0.9967478793463237	0.9983332510247419	0.996785122536291	0.9958359713631715	0.9965583173996176	0.9964577587733725	0.9961501443695862	0.9959578821298468	0.997315960276212	0.9961594327777641	0.9961602835482918	0.9955738782942991	0.9960971159207258	0.9968215849696285	0.9962814645308925	0.9971343823839928	0.9969510683654752	0.9960746842961548	0.9964750957854406	0.9964203665117273	0.9965826358278441	0.996505668582078	0.996516308835673	0.997057597528382	0.9963211207982664	0.9963298139768728	0.9963692946058091	0.9961731161408898	0.9964521720290326	0.9961966651554078	0.9959275096721645	0.9967859602581435	0.99635	0.9968109898196983	0.9966028334885125	0.9972539596920512	0.9964581172363195	0.9961728551514384	0.9966406778811201	0.9964452569571399	0.9965440384663544	0.9964485933893102	0.9963458001226242	0.9966344471069707	0.997244273651211	0.9971171353429091	0.9962151040211344	0.9967577923513374	0.9965380307504328	0.9963831867057673	0.9963120637592199	0.9963945664593119	0.9967981040742234	0.9968774593181183	0.9967656571596589	0.9957099291879878	0.9965803493990831	0.6506482415961494	0.0	0.6798518575083043	0.5552726058278367	0.6254177908428301	0.6769543380746079	0.7414440108075653	0.49310106933425324	0.0	0.0	0.0	0.6254177908428301	0.6695069993913573	0.0	0.6254177908428301	0.6254177908428301	0.6168061789801448	0.23659851490184114	0.6679796985076888	0.6793322488186537	0.6692727772757632	0.6573872532172451	0.6616056250965847	0.7455958549222799	0.6668406681657565	0.5216773870186284	0.3184065135213725	0.5033548550449424	0.5088191959587456	0.6580595284112872	0.6701950072084377	0.6573872532172451	0.7059379370298975	0.6298205572170628	0.5033548550449424	0.5033548550449424	0.6631694986125366	0.5483559805401779	0.5027253137279757	0.6020557406354108	0.6254177908428301	0.6254177908428301	0.23659851490184114	0.6254177908428301	0.6681390655344427	0.6737494119491925	0.6641850571656474	0.6737494119491925	0.5033548550449424	0.6695069993913573	0.5796097401000246	0.6697674418604651	0.7550254031367352
p20.G9	0.9965037722457348	0.9965397923875432	0.9965155901719146	0.9969051243023845	0.9962049812762321	0.996287521676477	0.9968164564711645	0.9964354553375756	0.9962000263887056	0.9967175532746314	0.9960120431016268	0.9963025044369946	0.9969134290333643	0.9965017237882783	0.9968465864298103	0.9972274033371982	0.9960597262546661	0.9960446656800753	0.9966461562838356	0.9969030816875666	0.9958468289624909	0.9964294758166624	0.9964523731089882	0.9965877208502895	0.9970913915395213	0.9967961356466877	0.9966642957003753	0.9966245138566152	0.996930313157569	0.9966061386776327	0.9964382425410456	0.9968075363077326	0.9966242022521745	0.9965599082642204	0.9965017237882783	0.9966642957003753	0.9968830216354969	0.9963120137415379	0.9964335399013532	0.99661656900483	0.9964483335478059	0.9968144411998938	0.9966002201296319	0.9961602835482918	0.9964638359219867	0.9964254024591203	0.9965877208502895	0.9965227173940835	0.9972245351096308	0.9968929958483996	0.9969968415057215	0.9968277332250532	0.996153356260349	0.9964750957854406	0.9964626065837755	0.996839523653005	0.9951668225756158	0.9971314981631524	0.9961647361647362	0.9963333953290645	0.9959781975975023	0.9964817102648117	0.9966460817717206	0.9963819368879216	0.9972348448225853	0.9959624936913964	0.9964575567716182	0.9965204357485078	0.9964817102648117	0.9967478793463237	0.9983332510247419	0.996785122536291	0.9958359713631715	0.9965583173996176	0.9964577587733725	0.9961501443695862	0.9959578821298468	0.997315960276212	0.9961594327777641	0.9961602835482918	0.9955738782942991	0.9960971159207258	0.9968215849696285	0.9962814645308925	0.9971343823839928	0.9969510683654752	0.9960746842961548	0.9964750957854406	0.9964203665117273	0.9965826358278441	0.996505668582078	0.996516308835673	0.997057597528382	0.9963211207982664	0.9963298139768728	0.9963692946058091	0.9961731161408898	0.9964521720290326	0.9961966651554078	0.9959275096721645	0.9967859602581435	0.99635	0.9968109898196983	0.9966028334885125	0.9972539596920512	0.9964581172363195	0.9961728551514384	0.9966406778811201	0.9964452569571399	0.9965440384663544	0.9964485933893102	0.9963458001226242	0.9966344471069707	0.997244273651211	0.9971171353429091	0.9962151040211344	0.9967577923513374	0.9965380307504328	0.9963831867057673	0.9963120637592199	0.9963945664593119	0.9967981040742234	0.9968774593181183	0.9967656571596589	0.9957099291879878	0.9965803493990831	0.6506482415961494	0.0	0.6798518575083043	0.5552726058278367	0.6254177908428301	0.6769543380746079	0.7414440108075653	0.49310106933425324	0.0	0.0	0.0	0.6254177908428301	0.6695069993913573	0.0	0.6254177908428301	0.6254177908428301	0.6168061789801448	0.23659851490184114	0.6679796985076888	0.6793322488186537	0.6692727772757632	0.6573872532172451	0.6616056250965847	0.7455958549222799	0.6668406681657565	0.5216773870186284	0.3184065135213725	0.5033548550449424	0.5088191959587456	0.6580595284112872	0.6701950072084377	0.6573872532172451	0.7059379370298975	0.6298205572170628	0.5033548550449424	0.5033548550449424	0.6631694986125366	0.5483559805401779	0.5027253137279757	0.6020557406354108	0.6254177908428301	0.6254177908428301	0.23659851490184114	0.6254177908428301	0.6681390655344427	0.6737494119491925	0.6641850571656474	0.6737494119491925	0.5033548550449424	0.6695069993913573	0.5796097401000246	0.6697674418604651	0.7550254031367352
p21.A8	0.9965037722457348	0.9965397923875432	0.9965155901719146	0.9969051243023845	0.9962049812762321	0.996287521676477	0.9968164564711645	0.9964354553375756	0.9962000263887056	0.9967175532746314	0.9960120431016268	0.9963025044369946	0.9969134290333643	0.9965017237882783	0.9968465864298103	0.9972274033371982	0.9960597262546661	0.9960446656800753	0.9966461562838356	0.9969030816875666	0.9958468289624909	0.9964294758166624	0.9964523731089882	0.9965877208502895	0.9970913915395213	0.9967961356466877	0.9966642957003753	0.9966245138566152	0.996930313157569	0.9966061386776327	0.9964382425410456	0.9968075363077326	0.9966242022521745	0.9965599082642204	0.9965017237882783	0.9966642957003753	0.9968830216354969	0.9963120137415379	0.9964335399013532	0.99661656900483	0.9964483335478059	0.9968144411998938	0.9966002201296319	0.9961602835482918	0.9964638359219867	0.9964254024591203	0.9965877208502895	0.9965227173940835	0.9972245351096308	0.9968929958483996	0.9969968415057215	0.9968277332250532	0.996153356260349	0.9964750957854406	0.9964626065837755	0.996839523653005	0.9951668225756158	0.9971314981631524	0.9961647361647362	0.9963333953290645	0.9959781975975023	0.9964817102648117	0.9966460817717206	0.9963819368879216	0.9972348448225853	0.9959624936913964	0.9964575567716182	0.9965204357485078	0.9964817102648117	0.9967478793463237	0.9983332510247419	0.996785122536291	0.9958359713631715	0.9965583173996176	0.9964577587733725	0.9961501443695862	0.9959578821298468	0.997315960276212	0.9961594327777641	0.9961602835482918	0.9955738782942991	0.9960971159207258	0.9968215849696285	0.9962814645308925	0.9971343823839928	0.9969510683654752	0.9960746842961548	0.9964750957854406	0.9964203665117273	0.9965826358278441	0.996505668582078	0.996516308835673	0.997057597528382	0.9963211207982664	0.9963298139768728	0.9963692946058091	0.9961731161408898	0.9964521720290326	0.9961966651554078	0.9959275096721645	0.9967859602581435	0.99635	0.9968109898196983	0.9966028334885125	0.9972539596920512	0.9964581172363195	0.9961728551514384	0.9966406778811201	0.9964452569571399	0.9965440384663544	0.9964485933893102	0.9963458001226242	0.9966344471069707	0.997244273651211	0.9971171353429091	0.9962151040211344	0.9967577923513374	0.9965380307504328	0.9963831867057673	0.9963120637592199	0.9963945664593119	0.9967981040742234	0.9968774593181183	0.9967656571596589	0.9957099291879878	0.9965803493990831	0.6506482415961494	0.0	0.6798518575083043	0.5552726058278367	0.6254177908428301	0.6769543380746079	0.7414440108075653	0.49310106933425324	0.0	0.0	0.0	0.6254177908428301	0.6695069993913573	0.0	0.6254177908428301	0.6254177908428301	0.6168061789801448	0.23659851490184114	0.6679796985076888	0.6793322488186537	0.6692727772757632	0.6573872532172451	0.6616056250965847	0.7455958549222799	0.6668406681657565	0.5216773870186284	0.3184065135213725	0.5033548550449424	0.5088191959587456	0.6580595284112872	0.6701950072084377	0.6573872532172451	0.7059379370298975	0.6298205572170628	0.5033548550449424	0.5033548550449424	0.6631694986125366	0.5483559805401779	0.5027253137279757	0.6020557406354108	0.6254177908428301	0.6254177908428301	0.23659851490184114	0.6254177908428301	0.6681390655344427	0.6737494119491925	0.6641850571656474	0.6737494119491925	0.5033548550449424	0.6695069993913573	0.5796097401000246	0.6697674418604651	0.7550254031367352
p21.E3	0.9967872125750092	0.9964792351973685	0.9968697451817359	0.9962311557788944	0.9960399055669789	0.9960536700868192	0.9961154959546725	0.9960500680562598	0.9962139391030769	0.9964196393313149	0.9955951840679143	0.9969655515483149	0.9963871223181807	0.9969803209048801	0.9965474198603033	0.9969189244245263	0.9958878994237821	0.9966846925188184	0.9962897715139868	0.9960741044852714	0.9954063044511325	0.9969068738975945	0.9959800281654078	0.9953482428115016	0.9969845360824743	0.9975382932166302	0.9971287128712871	0.9969634877922334	0.9971008697390783	0.9974256435891027	0.9958350789856323	0.996429610430827	0.9967660887086743	0.9965777418485583	0.9971343039173042	0.9971287128712871	0.9973549172089087	0.9958653428957913	0.9965004597936038	0.99727884425094	0.9963078523140926	0.99645799232565	0.9960219410950781	0.9961229713944877	0.9961222188608674	0.9969033116650459	0.9953482428115016	0.9964876033057851	0.9974012738853503	0.9967786470317533	0.9959682697594052	0.9951990963004801	0.9958304378040306	0.9964913185934315	0.9965595412721696	0.9958848788467437	0.9954073063195465	0.996618529441676	0.9968560812741964	0.9959174903308982	0.9962045278379174	0.9962536648930395	0.9962328122056885	0.996425822060926	0.9973505289201458	0.9961895561637955	0.9965545792046152	0.9961849617143321	0.9962536648930395	0.9961631221223416	0.9980143956316704	0.9962022786328203	0.9959440525060839	0.9955925563173359	0.9959861945545188	0.9959318391157507	0.9950064311114474	0.9961525181275588	0.9961221040071592	0.9961229713944877	0.9946050983099384	0.9952093047087155	0.9964820537199905	0.995768391726023	0.996672931376035	0.9962680025046963	0.9961917679586832	0.9967242713438226	0.9970594582928671	0.9963735494197679	0.9962337186797091	0.9962453066332916	0.9963830946836446	0.9968461479767022	0.9968536702950953	0.9965424208292951	0.995803128576879	0.9969633135447159	0.995775651465798	0.9950598224623698	0.9971928197996343	0.9962125994192652	0.9967552572263642	0.9959566676838572	0.9974259337177932	0.995832587630711	0.9959289225727161	0.9959719301801231	0.9961264173208147	0.9959766188415698	0.9957955186381582	0.9956389226156552	0.9970353043572866	0.9958578368703657	0.9967296047420732	0.9950684509285183	0.9959295110449243	0.9953925353925354	0.9956048297488826	0.9957238240516142	0.9952504428641114	0.995794571173697	0.9956099815157117	0.9958649036794929	0.9956923558897243	0.9963710989313512	0.6539124304848438	0.6254177908428301	0.5552785056208267	0.6855167114867461	0.0	0.6547060447143251	0.7164762826718296	0.6827399557825722	0.6254177908428301	0.6254177908428301	0.6254177908428301	0.0	0.6917955895146953	0.6254177908428301	0.0	0.0	0.6513241863433312	0.6556997764793537	0.7156258078812276	0.7235476785579036	0.6757900565597437	0.7037506524494818	0.6571529384090642	0.7335374612534966	0.6420264061917966	0.6963986443707869	0.6527783231886903	0.6925972864171761	0.692347891004106	0.390990484226316	0.7132462132462132	0.7037506524494818	0.7098913664951401	0.6529462399248768	0.6925972864171761	0.6925972864171761	0.712678141773089	0.678942289133372	0.6922531532203896	0.652859179470933	0.0	0.0	0.6556997764793537	0.0	0.6941665093449122	0.6477819564074568	0.71301162016135	0.6477819564074568	0.6925972864171761	0.6917955895146953	0.6330699864336445	0.6312805231355021	0.7725386508023944
p21.F1	0.9951871796872968	0.9953912408391468	0.9954102850187646	0.9968897361292265	0.9954235686215988	0.9955027926207113	0.9966081162931557	0.9957435696566131	0.9957470124719512	0.9953068592057762	0.9955870064758722	0.9957064793130367	0.9965823981384977	0.9956853301224162	0.9953701295323311	0.9967334114654764	0.9956161714564052	0.9955846366634749	0.9956895425690326	0.9968877064404398	0.9957654470809988	0.995488834866294	0.9958634175691937	0.9966260965186314	0.9965675634748372	0.9961216674390809	0.9955066550082581	0.9960540331170717	0.9963006516732814	0.9957578284004807	0.9967432210749783	0.9955717837165942	0.9957556834813153	0.995091312150322	0.9956853301224162	0.9955066550082581	0.9959576066958618	0.9949728634669734	0.9951417409596314	0.9955330047825981	0.9955946014769544	0.9955873082580374	0.9969769522842149	0.9953463440781619	0.9953727368109547	0.9954837414692894	0.9966260965186314	0.9956229126606618	0.9966048381056993	0.9958936046203571	0.995669220715988	0.9965614175995181	0.9953366438960449	0.9956782166957313	0.995272176366106	0.9955944931163955	0.9943961750038558	0.9971137098780791	0.9946994215234066	0.9950838635049162	0.9951584622229201	0.9955908523466759	0.995073372500461	0.9957509748554525	0.9965854594283522	0.9951397646069777	0.9952654982997646	0.9954460006883953	0.9955908523466759	0.9956576513790978	0.9978502813060462	0.9970903222651475	0.9960262029767353	0.9953058752271351	0.9958696305196756	0.9951114342299883	0.9961018454554426	0.9974660939234519	0.9953453233903592	0.9953463440781619	0.9954478377229183	0.9960153371926923	0.9958958095282513	0.9951881014873141	0.9965678471945881	0.996738757294885	0.9962991322103114	0.9960334503928653	0.9949506965923811	0.9957348759682322	0.995620774431469	0.9956339682377573	0.9970167353868542	0.9955615399960104	0.9955719190009453	0.9955099422706863	0.9954907822620828	0.9956618375599176	0.9956389553429027	0.9949113260781943	0.995073767178658	0.995596021574546	0.9959200524564684	0.9956412363944307	0.9966512982285853	0.9956689365111155	0.9953600361164756	0.9956822749944167	0.9957543022233388	0.9956623041840175	0.9953547933510772	0.9956791921545781	0.9958466453674122	0.9967486181627192	0.9959947932312005	0.9960057276358429	0.9971586769634271	0.9963246400161112	0.9968832298436783	0.9966965203347526	0.9958555209484578	0.9968840362947452	0.9965853168625088	0.9965090909090909	0.9959644462607274	0.995732051313498	0.682185628742515	0.6695069993913573	0.7168083235638921	0.6695130744999811	0.6917955895146953	0.7021940082414523	0.7177726638246501	0.6268135619520521	0.6695069993913573	0.6695069993913573	0.6695069993913573	0.6917955895146953	0.0	0.6695069993913573	0.6917955895146953	0.6917955895146953	0.697033500018799	0.654071661237785	0.609920774304336	0.5809989320627619	0.6352393828535072	0.5380983660399048	0.7062011502728212	0.7149111318989709	0.7334487560691031	0.6486710650329878	0.6427247451343837	0.6408839779005524	0.6405563134758223	0.679954954954955	0.6110176454477875	0.5380983660399048	0.7101848064552114	0.6622287968441815	0.6408839779005524	0.6408839779005524	0.6048570309439875	0.6595687743711294	0.6404758296711623	0.6985140382317802	0.6917955895146953	0.6917955895146953	0.654071661237785	0.6917955895146953	0.010445917106593261	0.7356152257303039	0.6048570309439875	0.7356152257303039	0.6408839779005524	0.0	0.5810559508408797	0.7316927219687337	0.7642985935809592
p21.F9	0.9965037722457348	0.9965397923875432	0.9965155901719146	0.9969051243023845	0.9962049812762321	0.996287521676477	0.9968164564711645	0.9964354553375756	0.9962000263887056	0.9967175532746314	0.9960120431016268	0.9963025044369946	0.9969134290333643	0.9965017237882783	0.9968465864298103	0.9972274033371982	0.9960597262546661	0.9960446656800753	0.9966461562838356	0.9969030816875666	0.9958468289624909	0.9964294758166624	0.9964523731089882	0.9965877208502895	0.9970913915395213	0.9967961356466877	0.9966642957003753	0.9966245138566152	0.996930313157569	0.9966061386776327	0.9964382425410456	0.9968075363077326	0.9966242022521745	0.9965599082642204	0.9965017237882783	0.9966642957003753	0.9968830216354969	0.9963120137415379	0.9964335399013532	0.99661656900483	0.9964483335478059	0.9968144411998938	0.9966002201296319	0.9961602835482918	0.9964638359219867	0.9964254024591203	0.9965877208502895	0.9965227173940835	0.9972245351096308	0.9968929958483996	0.9969968415057215	0.9968277332250532	0.996153356260349	0.9964750957854406	0.9964626065837755	0.996839523653005	0.9951668225756158	0.9971314981631524	0.9961647361647362	0.9963333953290645	0.9959781975975023	0.9964817102648117	0.9966460817717206	0.9963819368879216	0.9972348448225853	0.9959624936913964	0.9964575567716182	0.9965204357485078	0.9964817102648117	0.9967478793463237	0.9983332510247419	0.996785122536291	0.9958359713631715	0.9965583173996176	0.9964577587733725	0.9961501443695862	0.9959578821298468	0.997315960276212	0.9961594327777641	0.9961602835482918	0.9955738782942991	0.9960971159207258	0.9968215849696285	0.9962814645308925	0.9971343823839928	0.9969510683654752	0.9960746842961548	0.9964750957854406	0.9964203665117273	0.9965826358278441	0.996505668582078	0.996516308835673	0.997057597528382	0.9963211207982664	0.9963298139768728	0.9963692946058091	0.9961731161408898	0.9964521720290326	0.9961966651554078	0.9959275096721645	0.9967859602581435	0.99635	0.9968109898196983	0.9966028334885125	0.9972539596920512	0.9964581172363195	0.9961728551514384	0.9966406778811201	0.9964452569571399	0.9965440384663544	0.9964485933893102	0.9963458001226242	0.9966344471069707	0.997244273651211	0.9971171353429091	0.9962151040211344	0.9967577923513374	0.9965380307504328	0.9963831867057673	0.9963120637592199	0.9963945664593119	0.9967981040742234	0.9968774593181183	0.9967656571596589	0.9957099291879878	0.9965803493990831	0.6506482415961494	0.0	0.6798518575083043	0.5552726058278367	0.6254177908428301	0.6769543380746079	0.7414440108075653	0.49310106933425324	0.0	0.0	0.0	0.6254177908428301	0.6695069993913573	0.0	0.6254177908428301	0.6254177908428301	0.6168061789801448	0.23659851490184114	0.6679796985076888	0.6793322488186537	0.6692727772757632	0.6573872532172451	0.6616056250965847	0.7455958549222799	0.6668406681657565	0.5216773870186284	0.3184065135213725	0.5033548550449424	0.5088191959587456	0.6580595284112872	0.6701950072084377	0.6573872532172451	0.7059379370298975	0.6298205572170628	0.5033548550449424	0.5033548550449424	0.6631694986125366	0.5483559805401779	0.5027253137279757	0.6020557406354108	0.6254177908428301	0.6254177908428301	0.23659851490184114	0.6254177908428301	0.6681390655344427	0.6737494119491925	0.6641850571656474	0.6737494119491925	0.5033548550449424	0.6695069993913573	0.5796097401000246	0.6697674418604651	0.7550254031367352
p22.A8	0.9967872125750092	0.9964792351973685	0.9968697451817359	0.9962311557788944	0.9960399055669789	0.9960536700868192	0.9961154959546725	0.9960500680562598	0.9962139391030769	0.9964196393313149	0.9955951840679143	0.9969655515483149	0.9963871223181807	0.9969803209048801	0.9965474198603033	0.9969189244245263	0.9958878994237821	0.9966846925188184	0.9962897715139868	0.9960741044852714	0.9954063044511325	0.9969068738975945	0.9959800281654078	0.9953482428115016	0.9969845360824743	0.9975382932166302	0.9971287128712871	0.9969634877922334	0.9971008697390783	0.9974256435891027	0.9958350789856323	0.996429610430827	0.9967660887086743	0.9965777418485583	0.9971343039173042	0.9971287128712871	0.9973549172089087	0.9958653428957913	0.9965004597936038	0.99727884425094	0.9963078523140926	0.99645799232565	0.9960219410950781	0.9961229713944877	0.9961222188608674	0.9969033116650459	0.9953482428115016	0.9964876033057851	0.9974012738853503	0.9967786470317533	0.9959682697594052	0.9951990963004801	0.9958304378040306	0.9964913185934315	0.9965595412721696	0.9958848788467437	0.9954073063195465	0.996618529441676	0.9968560812741964	0.9959174903308982	0.9962045278379174	0.9962536648930395	0.9962328122056885	0.996425822060926	0.9973505289201458	0.9961895561637955	0.9965545792046152	0.9961849617143321	0.9962536648930395	0.9961631221223416	0.9980143956316704	0.9962022786328203	0.9959440525060839	0.9955925563173359	0.9959861945545188	0.9959318391157507	0.9950064311114474	0.9961525181275588	0.9961221040071592	0.9961229713944877	0.9946050983099384	0.9952093047087155	0.9964820537199905	0.995768391726023	0.996672931376035	0.9962680025046963	0.9961917679586832	0.9967242713438226	0.9970594582928671	0.9963735494197679	0.9962337186797091	0.9962453066332916	0.9963830946836446	0.9968461479767022	0.9968536702950953	0.9965424208292951	0.995803128576879	0.9969633135447159	0.995775651465798	0.9950598224623698	0.9971928197996343	0.9962125994192652	0.9967552572263642	0.9959566676838572	0.9974259337177932	0.995832587630711	0.9959289225727161	0.9959719301801231	0.9961264173208147	0.9959766188415698	0.9957955186381582	0.9956389226156552	0.9970353043572866	0.9958578368703657	0.9967296047420732	0.9950684509285183	0.9959295110449243	0.9953925353925354	0.9956048297488826	0.9957238240516142	0.9952504428641114	0.995794571173697	0.9956099815157117	0.9958649036794929	0.9956923558897243	0.9963710989313512	0.6539124304848438	0.6254177908428301	0.5552785056208267	0.6855167114867461	0.0	0.6547060447143251	0.7164762826718296	0.6827399557825722	0.6254177908428301	0.6254177908428301	0.6254177908428301	0.0	0.6917955895146953	0.6254177908428301	0.0	0.0	0.6513241863433312	0.6556997764793537	0.7156258078812276	0.7235476785579036	0.6757900565597437	0.7037506524494818	0.6571529384090642	0.7335374612534966	0.6420264061917966	0.6963986443707869	0.6527783231886903	0.6925972864171761	0.692347891004106	0.390990484226316	0.7132462132462132	0.7037506524494818	0.7098913664951401	0.6529462399248768	0.6925972864171761	0.6925972864171761	0.712678141773089	0.678942289133372	0.6922531532203896	0.652859179470933	0.0	0.0	0.6556997764793537	0.0	0.6941665093449122	0.6477819564074568	0.71301162016135	0.6477819564074568	0.6925972864171761	0.6917955895146953	0.6330699864336445	0.6312805231355021	0.7725386508023944
p22.B5	0.9967872125750092	0.9964792351973685	0.9968697451817359	0.9962311557788944	0.9960399055669789	0.9960536700868192	0.9961154959546725	0.9960500680562598	0.9962139391030769	0.9964196393313149	0.9955951840679143	0.9969655515483149	0.9963871223181807	0.9969803209048801	0.9965474198603033	0.9969189244245263	0.9958878994237821	0.9966846925188184	0.9962897715139868	0.9960741044852714	0.9954063044511325	0.9969068738975945	0.9959800281654078	0.9953482428115016	0.9969845360824743	0.9975382932166302	0.9971287128712871	0.9969634877922334	0.9971008697390783	0.9974256435891027	0.9958350789856323	0.996429610430827	0.9967660887086743	0.9965777418485583	0.9971343039173042	0.9971287128712871	0.9973549172089087	0.9958653428957913	0.9965004597936038	0.99727884425094	0.9963078523140926	0.99645799232565	0.9960219410950781	0.9961229713944877	0.9961222188608674	0.9969033116650459	0.9953482428115016	0.9964876033057851	0.9974012738853503	0.9967786470317533	0.9959682697594052	0.9951990963004801	0.9958304378040306	0.9964913185934315	0.9965595412721696	0.9958848788467437	0.9954073063195465	0.996618529441676	0.9968560812741964	0.9959174903308982	0.9962045278379174	0.9962536648930395	0.9962328122056885	0.996425822060926	0.9973505289201458	0.9961895561637955	0.9965545792046152	0.9961849617143321	0.9962536648930395	0.9961631221223416	0.9980143956316704	0.9962022786328203	0.9959440525060839	0.9955925563173359	0.9959861945545188	0.9959318391157507	0.9950064311114474	0.9961525181275588	0.9961221040071592	0.9961229713944877	0.9946050983099384	0.9952093047087155	0.9964820537199905	0.995768391726023	0.996672931376035	0.9962680025046963	0.9961917679586832	0.9967242713438226	0.9970594582928671	0.9963735494197679	0.9962337186797091	0.9962453066332916	0.9963830946836446	0.9968461479767022	0.9968536702950953	0.9965424208292951	0.995803128576879	0.9969633135447159	0.995775651465798	0.9950598224623698	0.9971928197996343	0.9962125994192652	0.9967552572263642	0.9959566676838572	0.9974259337177932	0.995832587630711	0.9959289225727161	0.9959719301801231	0.9961264173208147	0.9959766188415698	0.9957955186381582	0.9956389226156552	0.9970353043572866	0.9958578368703657	0.9967296047420732	0.9950684509285183	0.9959295110449243	0.9953925353925354	0.9956048297488826	0.9957238240516142	0.9952504428641114	0.995794571173697	0.9956099815157117	0.9958649036794929	0.9956923558897243	0.9963710989313512	0.6539124304848438	0.6254177908428301	0.5552785056208267	0.6855167114867461	0.0	0.6547060447143251	0.7164762826718296	0.6827399557825722	0.6254177908428301	0.6254177908428301	0.6254177908428301	0.0	0.6917955895146953	0.6254177908428301	0.0	0.0	0.6513241863433312	0.6556997764793537	0.7156258078812276	0.7235476785579036	0.6757900565597437	0.7037506524494818	0.6571529384090642	0.7335374612534966	0.6420264061917966	0.6963986443707869	0.6527783231886903	0.6925972864171761	0.692347891004106	0.390990484226316	0.7132462132462132	0.7037506524494818	0.7098913664951401	0.6529462399248768	0.6925972864171761	0.6925972864171761	0.712678141773089	0.678942289133372	0.6922531532203896	0.652859179470933	0.0	0.0	0.6556997764793537	0.0	0.6941665093449122	0.6477819564074568	0.71301162016135	0.6477819564074568	0.6925972864171761	0.6917955895146953	0.6330699864336445	0.6312805231355021	0.7725386508023944
p22.C1	0.9963143660179243	0.9960734999743366	0.996331128565523	0.9972900421833056	0.9959706031424227	0.9962581852198317	0.9970635410240593	0.9960306889019127	0.9961408458201368	0.9964262252003679	0.9958174601060287	0.9965721950371346	0.9973345837755128	0.9965756050190386	0.996633621375179	0.9969244064867063	0.9964726170568562	0.9962826287512889	0.9961094678498148	0.9971343039173042	0.9950705153552128	0.9965026931815281	0.9965001915953506	0.9967387704145328	0.9971189710610933	0.9971193722218084	0.9967370346566471	0.9968698395484682	0.9972310225260059	0.9965538768885004	0.9970513072537841	0.9961977186311787	0.9967218814413787	0.9963412337574992	0.9967294376165776	0.9967370346566471	0.9969360802958267	0.9959494573801396	0.9960971379011275	0.9968871979840901	0.9960800602268892	0.9962764532547549	0.9970678099743742	0.9966773289692281	0.9964326875583118	0.9964986710284195	0.9967387704145328	0.9963128174715726	0.9976098454027664	0.9964322395805179	0.9961068143812709	0.9962109575012801	0.9961216417527097	0.9963167113125901	0.9963254872723399	0.996225163873798	0.9952841311011554	0.9976675202190503	0.9963932639663717	0.9959251514664093	0.9957561522447018	0.9962335726866278	0.9962398947170521	0.9963225204456886	0.9967881336136417	0.9957394356761972	0.9963201962561997	0.9964902807775378	0.9962335726866278	0.9967193394936847	0.9980906566157508	0.9971593740655835	0.9963943192131276	0.9958330118064666	0.996505547761765	0.9958365261813538	0.9966066760506737	0.9971221251998524	0.9966765873015873	0.9966773289692281	0.9963821656050955	0.9962959178460123	0.9964164510999833	0.9959605497849124	0.9973651541638164	0.9972272874878225	0.9967733541504034	0.9965493266036618	0.996118912217341	0.9967055182569197	0.9968691296180339	0.9968787390105602	0.9973068465396684	0.9964440832084529	0.9964525528949703	0.9963125686489879	0.996090973702914	0.9963936396918202	0.9960891868556047	0.9950945140743784	0.9967852274773037	0.9961939809446994	0.9967112583764002	0.9961167512690355	0.9969843035471512	0.99576314446146	0.9961414626667348	0.996131381324433	0.996261873671813	0.9962119298954493	0.9960085968682837	0.9957955135656518	0.9960325008831762	0.9967870257037944	0.9969145246838025	0.9962354025814383	0.9969555209029479	0.9964579964579965	0.9967252671492589	0.9967831226153961	0.9965190683388789	0.9972052845528455	0.9968774794604695	0.9971610546064975	0.9962495116551634	0.9967032967032967	0.5132311677099072	0.6168061789801448	0.6163509310498041	0.535975062983048	0.6513241863433312	0.51253045596937	0.7375242294097526	0.6020589422688736	0.6168061789801448	0.6168061789801448	0.6168061789801448	0.6513241863433312	0.697033500018799	0.6168061789801448	0.6513241863433312	0.6513241863433312	0.0	0.6698547918683446	0.7096571132340961	0.7522257933429384	0.717164378847551	0.7112311334714412	0.43013310158715634	0.7370975022569968	0.6108998732572877	0.6647504473293486	0.6647634584013051	0.6575117460559992	0.6572051566504724	0.613943179528511	0.7067585179668591	0.7112311334714412	0.7418014542216946	0.5849876948318293	0.6575117460559992	0.6575117460559992	0.7070238581128715	0.538153295251087	0.6571188190752992	0.4298479963150622	0.6513241863433312	0.6513241863433312	0.6698547918683446	0.6513241863433312	0.6967394983265014	0.6000584893048129	0.706831929342784	0.6000584893048129	0.6575117460559992	0.697033500018799	0.707189394795315	0.6058808682483594	0.7641589491938162
p22.D1	0.9961754073453135	0.996552598225602	0.9961698541991165	0.9969165445079108	0.9962188556404157	0.9963007130862275	0.9968277982479685	0.9964491438491281	0.9963465278872943	0.9968601603653632	0.9961594107589109	0.996439008816523	0.9970468357210847	0.9966413293264982	0.9968586387434555	0.9972375690607734	0.9958671281706876	0.9958448382167654	0.9966590376976298	0.996914516944866	0.9953659108068001	0.9965692086476123	0.9965414520852267	0.9966002669420031	0.9966175834795656	0.9969307830186362	0.996210083622671	0.9963185098498147	0.9969413679978294	0.9966183694122874	0.9965728452676097	0.9968719860282043	0.9963159445918066	0.9967065073041169	0.9966413293264982	0.996210083622671	0.9968948961486275	0.9961992499181958	0.9959659119560285	0.9967511847183546	0.9965902681638722	0.9964817607068223	0.9967345745199337	0.9959770396899377	0.9965593844820113	0.9965653096272351	0.9966002669420031	0.9966634404767969	0.9972347218381558	0.9969050985832822	0.9967493937361334	0.9968394437420987	0.9961676099591381	0.9966158621918018	0.996608119478334	0.9970532678503967	0.9951850893088273	0.9972676910736219	0.9961018644372067	0.9964272481871592	0.9961259718012914	0.9964954521134296	0.9967388710660975	0.9963962499322604	0.9973392974202753	0.9961109053389068	0.9966032966454264	0.9966142362036791	0.9964954521134296	0.996841934787303	0.9983362500308102	0.9969202720015768	0.9959238141453355	0.9965710802367225	0.9965466827989514	0.9961643282527506	0.9960973427129682	0.997325488098422	0.9959761513359668	0.9959770396899377	0.9953876398830527	0.9962382286853998	0.9968324730173628	0.9965034965034965	0.9969941385702119	0.9969620628334321	0.996218552245717	0.9962838525758502	0.9962205898009155	0.9963968410661401	0.9963635425800794	0.9963745757482259	0.9970680935278164	0.9963346053424382	0.9963432349847218	0.9961755129464055	0.9961871315690455	0.9964661451308335	0.9962861659682316	0.9960189669599615	0.9965938842429019	0.9963632740497185	0.9968223705115984	0.9966152688980819	0.9973862276180473	0.9964711516648602	0.996186964975632	0.9966529286873985	0.9964583860359221	0.9965566284901565	0.9964616978795461	0.996358837760563	0.9966476251776759	0.9972544080604534	0.9971277399848828	0.9962290891605294	0.9967693776157028	0.9965508496068983	0.9963960453903472	0.9964490913126033	0.9964078824213908	0.9968098467721678	0.9968889900599438	0.9967771863860541	0.9958811718066211	0.9963944385449337	0.6522528087718621	0.23659851490184114	0.6997453565008988	0.5884813776857154	0.6556997764793537	0.6968375136314068	0.7517509727626459	0.5342076685322863	0.23659851490184114	0.23659851490184114	0.23659851490184114	0.6556997764793537	0.654071661237785	0.23659851490184114	0.6556997764793537	0.6556997764793537	0.6698547918683446	0.0	0.6549097280414413	0.6738313775609001	0.640950858969237	0.635871875120745	0.6610860947542624	0.7396327014218009	0.6795882003563651	0.38505929931385463	0.12171850574093046	0.3635695248598474	0.36989000916590287	0.690530744093453	0.6569618804136299	0.635871875120745	0.707308820212046	0.629307303304716	0.3635695248598474	0.3635695248598474	0.6511077158135982	0.6177675269415834	0.3626909626357445	0.6470772483457969	0.6556997764793537	0.6556997764793537	0.0	0.6556997764793537	0.6548964038144843	0.6921744485930944	0.6509015892420538	0.6921744485930944	0.3635695248598474	0.654071661237785	0.5538838784755413	0.6823492511565906	0.7543280516431925
p22.D4	0.9961985052626134	0.9960424807133553	0.9960911887829728	0.997505238998104	0.996265242017264	0.9963931036141102	0.9973733673911995	0.9960778202031222	0.9958464214324654	0.9955877071468883	0.9958177472984207	0.9965792474344356	0.9970821577563963	0.9966328286733345	0.9967174132182274	0.9965995681203306	0.9961754207037226	0.9955804906449308	0.9961546456038246	0.9975036197513605	0.994934169923884	0.9964865942390113	0.9957830122766743	0.9972407964403789	0.9970123772940674	0.9964321254338487	0.9968129029142623	0.9967974957861787	0.9971005311631986	0.9963900678081857	0.9969268444935295	0.9961110538786443	0.9967984477322338	0.996328350380278	0.9966328286733345	0.9968129029142623	0.9968570471700544	0.9953719830803682	0.9961407265393522	0.9965963404625114	0.9959976695290929	0.9961079330251025	0.9970150690867075	0.9962443362167139	0.9962561839818157	0.9964826502357372	0.9972407964403789	0.9962253705427917	0.9969450101832994	0.9966020440417237	0.9962791171823232	0.9968284886624713	0.9962655705656783	0.9959768669851647	0.9962349397590361	0.9959157244608258	0.9954771943273285	0.9974749975245074	0.9961508268125301	0.9959752241068395	0.9960453741284213	0.9960112003381234	0.9962821385557941	0.9964172080960402	0.996732213495385	0.9960301914387945	0.9962296531280878	0.9963151106782828	0.9960112003381234	0.9965361967440249	0.9983954337228388	0.9970795103312322	0.9967179339753726	0.9963871744693662	0.9957893163244967	0.995986538701234	0.9965883710085168	0.9976222499759824	0.9962435170374679	0.9962443362167139	0.9956945896172416	0.9963848512802613	0.9961704497980782	0.995520401372037	0.9965841584158416	0.9972924187725631	0.9968267668562144	0.9964058612109483	0.9958213975979606	0.9962201575340796	0.9961538461538462	0.9961653715272487	0.9972726395056961	0.9963547995139733	0.9963632765146829	0.9960446066297497	0.9961096243433443	0.9964326597982057	0.996207426503396	0.9957163255592575	0.9964851497577264	0.9963335712000787	0.9967150551919036	0.9966319960376424	0.9968848856583999	0.9962898406374502	0.9962841966133819	0.9967928950289873	0.9962514994002399	0.9966481823783118	0.996029367695535	0.9963782113192969	0.996240004236615	0.9971635440770321	0.9966388646831819	0.996551724137931	0.9973172853828306	0.9965434325217915	0.9970423449635704	0.9967364037117319	0.9965526716794484	0.9972968951492908	0.9969275347838034	0.9972269778881628	0.9962647694066827	0.9962176671547096	0.666767087177556	0.6679796985076888	0.7039817472584088	0.6570786345626334	0.7156258078812276	0.7236383442265795	0.7304063591115073	0.6414474939878612	0.6679796985076888	0.6679796985076888	0.6679796985076888	0.7156258078812276	0.609920774304336	0.6679796985076888	0.7156258078812276	0.7156258078812276	0.7096571132340961	0.6549097280414413	0.0	0.6170780254777071	0.6649775645984837	0.4953137477409322	0.6756371279510566	0.7490129315028797	0.7327092304811833	0.6464335349134207	0.6544831524842947	0.634135270086246	0.6366901035760187	0.7176585790447176	0.023315057872293266	0.4953137477409322	0.7153222836095765	0.668131455399061	0.634135270086246	0.634135270086246	0.023948791524114332	0.6278897797151086	0.6337196091797319	0.6980052746926191	0.7156258078812276	0.7156258078812276	0.6549097280414413	0.7156258078812276	0.6111132774419965	0.739182912110018	0.010334481609067692	0.739182912110018	0.634135270086246	0.609920774304336	0.5563100838617304	0.7352962990432397	0.7678609740399056
p23.A3	0.9952083056036204	0.9953645283407587	0.9956963600539251	0.9964850164203612	0.9950146254610199	0.9951072452307996	0.9964349376114082	0.9951332994625237	0.9952983918362985	0.9947736571202322	0.9951342102448936	0.9954370917069765	0.9967067795770812	0.995484979861984	0.9953955072926648	0.9961227457082367	0.9949088046188165	0.9951779000708331	0.9955076610423296	0.9963280608052588	0.9952423745837078	0.9955673986010403	0.9946104096088697	0.9958831952541679	0.9964378823468677	0.9962618685672988	0.9956080494280539	0.9962413452027695	0.9965458550260312	0.9961675266770202	0.9967221195317314	0.9956283284317622	0.9959880388736606	0.9957615679498947	0.9956395721650807	0.9956080494280539	0.9961561911830978	0.9944484240687679	0.9953925307804541	0.9957594544327341	0.9955722248267959	0.9955640391439939	0.9968121385854791	0.9952194806164878	0.9952329778733019	0.9955622819618305	0.9958831952541679	0.9956013247774788	0.9962724673202614	0.9951142717550622	0.9949634059966947	0.9959426839915773	0.9949200618875709	0.99570981831339	0.9957785615047557	0.994723495812095	0.9940285158099648	0.9970491719874844	0.9953636174202959	0.994994617868676	0.9946943915967738	0.9949661233707926	0.9953088350273651	0.9956204379562044	0.9963702359346642	0.9946734100936189	0.9957724621394552	0.9953102550895931	0.9949661233707926	0.9955252971696819	0.9976401033386327	0.9970264124540843	0.9956437203120769	0.9947583143978517	0.9946186961869619	0.9947693648880798	0.9953059936908517	0.9970649895178197	0.9952184091248693	0.9952194806164878	0.9945998515599007	0.9954879893352475	0.9946850346783612	0.9946532515078884	0.9960061053167133	0.9962896109105496	0.9950334588038477	0.9957617263212302	0.9957818457128951	0.9951122919590937	0.9952040254737008	0.9952188112344873	0.9966036145474378	0.9953852429758809	0.9953962763251603	0.9954854458122261	0.9950826772656628	0.9955848073495133	0.9953365102826126	0.9943556701030928	0.9956106377485153	0.9950660391680582	0.9957562973073583	0.995108654115609	0.9966529478851589	0.9949797653808719	0.9950234717697458	0.9952036543585839	0.9954519759494321	0.995132833096735	0.9948111995890059	0.9952859446718769	0.9957744943023826	0.9963675432313517	0.9957247452767395	0.995244460439052	0.9966485439785506	0.9959054388133498	0.9963200790318597	0.9965235224970612	0.995426515930113	0.996532911844185	0.9965340179717587	0.9961595639246779	0.9945056382616886	0.9951089819157741	0.6949597080735899	0.6793322488186537	0.7500640579816245	0.6801822675316651	0.7235476785579036	0.7333680220025274	0.6748979428479949	0.6818771956621353	0.6793322488186537	0.6793322488186537	0.6793322488186537	0.7235476785579036	0.5809989320627619	0.6793322488186537	0.7235476785579036	0.7235476785579036	0.7522257933429384	0.6738313775609001	0.6170780254777071	0.0	0.6167845472970178	0.5579637933898023	0.7155942638336211	0.6829988193624557	0.7058916442900016	0.6807651675218835	0.6741081792153525	0.6701207014347529	0.6726596874525869	0.7421768957041711	0.618986836856801	0.5579637933898023	0.7371881069774391	0.6841400420891525	0.6701207014347529	0.6701207014347529	0.6140987792228516	0.6831034748439787	0.6697446420428637	0.7352043475024195	0.7235476785579036	0.7235476785579036	0.6738313775609001	0.7235476785579036	0.5822800393959291	0.689385913282323	0.6144857017508873	0.689385913282323	0.6701207014347529	0.5809989320627619	0.5757689266242144	0.7088919288645691	0.7312559376781304
p23.B2	0.9946407995927008	0.9952332841118106	0.9952517610226976	0.9961795606494747	0.9947286266281122	0.9945800805529312	0.9958648864089279	0.994995560577932	0.994945693085278	0.9948490561028065	0.9949153910306422	0.9951592676197643	0.9959632204530163	0.9951734462110262	0.995367643121084	0.9962032785203048	0.9948784286807993	0.9951480263157895	0.995155951451869	0.9961769948079456	0.994919807431444	0.9952567539698907	0.9951496388028895	0.9954200437411553	0.9962866787847312	0.9957876789609608	0.9955832813474735	0.9958456678026817	0.9962229944100317	0.9958927581514891	0.9962559817510104	0.9954681168692685	0.9958394947241785	0.9956809909273646	0.9951734462110262	0.9955832813474735	0.9959188028488356	0.9946748302119778	0.9953398558187435	0.9954850457731548	0.9953880823856192	0.9955097514133463	0.9964949786218554	0.9950666132425122	0.9952309654522264	0.9952512452576974	0.9954200437411553	0.995470873028268	0.9966115617619878	0.9956601250102356	0.9954105451955794	0.9957374254049446	0.9943686095396274	0.9952144399074098	0.9955909237552425	0.9950552422158696	0.9942855631101352	0.9963387782272518	0.9950201813702364	0.9945011783189317	0.9944994202820395	0.9950450327137343	0.9950347297590623	0.9952031055039512	0.9961770702634881	0.9944775311315647	0.9955845134887729	0.9953087497272529	0.9950450327137343	0.9955251091099939	0.9974211713114652	0.9966060788898107	0.9953458434420953	0.9943357497336763	0.9951571354971664	0.9944795563007868	0.9955085261875761	0.9967499441784305	0.9950655010895975	0.9950666132425122	0.9949306502663339	0.9953580730845605	0.9952822281294155	0.9948609271523179	0.9964965220949263	0.9962431607876755	0.9956377778945709	0.995501820072803	0.9955372935317968	0.9954136532016229	0.9952019403142466	0.9952168199737188	0.9961840628507295	0.994971909391755	0.9949840051183622	0.9950073964497042	0.9945388816244904	0.9952245562701852	0.9946395137089948	0.9941922269179911	0.9951673248804822	0.9947818561319554	0.9958326054949717	0.9946939403260535	0.9962586985259272	0.9948987478744783	0.9944755659963342	0.994739798784536	0.9947499094811979	0.9948741488791982	0.9942611932581946	0.9948330088363038	0.9956380994184133	0.9961656244370674	0.995622280019571	0.9952946043072468	0.9964041352444689	0.9959334852880232	0.9961248975333482	0.9962007799723236	0.9953738402294989	0.9962811930958426	0.9962286570402707	0.9956374333150521	0.9952926944722033	0.9954105305628405	0.6962654332785444	0.6692727772757632	0.7219396405561207	0.6949067845473765	0.6757900565597437	0.7335777345503516	0.6823081546784211	0.6505725416125605	0.6692727772757632	0.6692727772757632	0.6692727772757632	0.6757900565597437	0.6352393828535072	0.6692727772757632	0.6757900565597437	0.6757900565597437	0.717164378847551	0.640950858969237	0.6649775645984837	0.6167845472970178	0.0	0.6677992277992277	0.7160288617732613	0.6589065967318943	0.6809597146794196	0.6501787379546161	0.6426777241736773	0.6418929463171037	0.6415566148316012	0.6886501886501887	0.6692459473052965	0.6677992277992277	0.7297348413208761	0.6702475478748249	0.6418929463171037	0.6418929463171037	0.6638922225233247	0.691961018450753	0.6414733223966878	0.724531438935913	0.6757900565597437	0.6757900565597437	0.640950858969237	0.6757900565597437	0.6364322606277315	0.6307165263331682	0.6632712343622913	0.6307165263331682	0.6418929463171037	0.6352393828535072	0.6294952427027899	0.6687631877941893	0.6800541336623811
p23.B8	0.995833980230813	0.9957145005262894	0.9957356614771264	0.9969039474669796	0.9954194315143112	0.9957160048134778	0.9966956899254721	0.9955027555370698	0.9955063767890076	0.9955093661791121	0.995373017936054	0.9958231137230141	0.9967427496018916	0.9960560145777689	0.9962235844908306	0.996125282531482	0.9947388583833482	0.9953932911492944	0.9958666943953416	0.9969019362898188	0.9952172795062998	0.9959853377552802	0.9954561342188046	0.9958920480007967	0.9966337578817795	0.9963826171400826	0.9963516876464761	0.9964584286987737	0.9967576001365221	0.9959973641178337	0.9967575357271526	0.9954891094213172	0.9962133165036289	0.995879697669536	0.9960560145777689	0.9963516876464761	0.9962355610561056	0.9952709261517784	0.9956396073154931	0.9961350789893232	0.9959204358292157	0.996002090410243	0.9969902725609169	0.9950013345951324	0.9956105133558161	0.9959808277996904	0.9958920480007967	0.9958959639449102	0.9967200079514958	0.9957280734138495	0.9955869598489873	0.9960001999900004	0.9955596808991019	0.995849683066707	0.9961297696044054	0.9952139990527706	0.9938560786421934	0.9971267926584598	0.9959210559651389	0.9957380049679697	0.9954954954954955	0.9953997461928934	0.9960446353730092	0.996040451602547	0.9962328374192068	0.9954781881387386	0.9961243334633892	0.9956796628029505	0.9953997461928934	0.9958931142994293	0.997855103016338	0.9970544560481024	0.9961399218394111	0.995276975254365	0.9954629306476542	0.9953593972206283	0.9966122499079416	0.9970916957096503	0.9950002427066648	0.9950013345951324	0.9951683602311218	0.9958080694662774	0.9957500174179614	0.9953393085787452	0.996260339788994	0.9967043429436321	0.995550809752625	0.9960517050598532	0.9954507205217208	0.9948218167607045	0.9956412021105758	0.9956542732979237	0.996836130902065	0.9957312684585412	0.9957412038527249	0.9958130153948276	0.9954115925494184	0.9959505541346974	0.9955840031755483	0.9946069332263081	0.996005326231691	0.9956406088370031	0.9961322761554825	0.9955364892007836	0.9965691367271498	0.9952630266766392	0.9956570572819169	0.9957017933896547	0.9956230303636636	0.9954836002862855	0.9953258179818532	0.9953826814291931	0.9956539022127998	0.9964136282127914	0.9960630902250018	0.9958482355000875	0.996952988972722	0.996391791325265	0.9966797391911075	0.9967112475334357	0.9959246943520764	0.9968484006253567	0.9967513806632181	0.9964760686442519	0.9952168935249969	0.9948183995698294	0.655562730276902	0.6573872532172451	0.7215323166303558	0.6491873658386997	0.7037506524494818	0.7261852979556329	0.7189397915573217	0.6411167124961809	0.6573872532172451	0.6573872532172451	0.6573872532172451	0.7037506524494818	0.5380983660399048	0.6573872532172451	0.7037506524494818	0.7037506524494818	0.7112311334714412	0.635871875120745	0.4953137477409322	0.5579637933898023	0.6677992277992277	0.0	0.6814189062908833	0.7135991058122206	0.7318590704647676	0.6420790773057932	0.6374469726185885	0.6319918144611187	0.6345527531621601	0.7000220653133274	0.490205204146393	0.0	0.7020769746147547	0.64970481812988	0.6319918144611187	0.6319918144611187	0.4903647480497575	0.6551434676434676	0.6315729569770089	0.7069372693726937	0.7037506524494818	0.7037506524494818	0.635871875120745	0.7037506524494818	0.537738173455979	0.7290529576633722	0.4896004725140277	0.7290529576633722	0.6319918144611187	0.5380983660399048	0.5416442772702847	0.7344567759177462	0.7555900733302027
p24.B5	0.9963303714188356	0.9959642621452865	0.9962439635127884	0.9965081855216215	0.9955364979061662	0.995441803778184	0.9963844237064543	0.995626860560078	0.9957890304242552	0.9954752307892342	0.9949128864756583	0.9964857957338051	0.9964810244128931	0.9964867050854312	0.9964881935162617	0.9969582704876823	0.9959159407552924	0.9958954823478914	0.9957046484663223	0.9963534148750285	0.995362409462769	0.9964146846437408	0.9951935239058942	0.9960158357919157	0.9967682833731997	0.9970025306503526	0.9967719847402915	0.9965362474387746	0.9968896568748458	0.9968389598202159	0.9963018831200429	0.9955332654180706	0.9963626532969598	0.995849849690069	0.9966388678291636	0.9967719847402915	0.9968401535528687	0.9948545917723913	0.9959376261606783	0.9967979272078414	0.9957374691865243	0.9958676591348573	0.9962672001561432	0.9962205806562446	0.9951945266473	0.9964106064052981	0.9960158357919157	0.9959187837975717	0.9967784153830666	0.9960180656885539	0.9951644600744725	0.9954136576713544	0.9952716272211912	0.9959230475219774	0.9959450208015167	0.995075508864084	0.9944781459013844	0.9968882531556627	0.9964080459770115	0.9954667161528061	0.995752203049971	0.9954976684354397	0.9957771167534261	0.995957787363338	0.9969701648075958	0.9957356641504437	0.9959392469148824	0.9952712991905105	0.9954976684354397	0.9954827017230653	0.9976683650180732	0.9964727066426581	0.9957990335348826	0.9950870583443642	0.9952008082849204	0.9953750505458957	0.9952697487987652	0.9963468095470044	0.9962197456919829	0.9962205806562446	0.9955362772047512	0.9952962597678476	0.9959816707789919	0.9950160938635656	0.9966398355023948	0.9963397141019934	0.9963190815722412	0.9961532582666734	0.9963780659937681	0.996171137789635	0.9964385258593992	0.9964493387536665	0.9964525993883792	0.9962310610819367	0.9962399418444339	0.9959649258943121	0.9952763819095477	0.996327897181121	0.9951479498202479	0.9944595521894934	0.9966934581340929	0.9956596572625908	0.9962799804209496	0.9952767379343266	0.9970656559481599	0.9952774200065662	0.9952955459443054	0.9952943532238686	0.9954130765331982	0.9954504549545046	0.9951629650264644	0.9949799196787149	0.9963486992240986	0.9960629921259843	0.9960878344270571	0.9951574463769586	0.9962016320729287	0.9954775273762037	0.995879656719329	0.9959758054561165	0.9955406911928651	0.9964291102952271	0.9960989943511411	0.9964561540717568	0.9958263557902872	0.9961685823754789	0.23316954561572367	0.6616056250965847	0.6508127868087423	0.501596616898248	0.6571529384090642	0.5629980079681275	0.763274905376107	0.6672874463152294	0.6616056250965847	0.6616056250965847	0.6616056250965847	0.6571529384090642	0.7062011502728212	0.6616056250965847	0.6571529384090642	0.6571529384090642	0.43013310158715634	0.6610860947542624	0.6756371279510566	0.7155942638336211	0.7160288617732613	0.6814189062908833	0.0	0.7325408064395915	0.6116921538397433	0.6590514311607885	0.6628130281149178	0.6489349584235107	0.6525118483412322	0.6184507991908936	0.6725049071417786	0.6814189062908833	0.7421185602870638	0.3598892070794798	0.6489349584235107	0.6489349584235107	0.6732468509118255	0.5641046843345598	0.648534610559927	0.41645645094711736	0.6571529384090642	0.6571529384090642	0.6610860947542624	0.6571529384090642	0.7055330136481004	0.6149169692765923	0.6726978633764671	0.6149169692765923	0.6489349584235107	0.7062011502728212	0.6648488805253658	0.6155844155844156	0.7732104121475054
p24.H2	0.9951284796573876	0.9956781656789421	0.9954641432705091	0.9970357004768656	0.9950658315224339	0.9953320918684048	0.9968163163785598	0.9955928195205848	0.9956504228755537	0.9954652735421252	0.9955396727302039	0.995489400090212	0.9967400771432127	0.9954872482529203	0.9959078873465458	0.9965142505638712	0.9954381246209424	0.9949308124400603	0.9959150765923139	0.9968784665789542	0.9949496291964595	0.9956218290453012	0.9953338489301367	0.9959907478797224	0.9963930767833511	0.9963182808625742	0.995410441246165	0.99582307749683	0.9967806031338816	0.9964006141609404	0.9968050326926887	0.9953638325650795	0.9956406273487999	0.9959017505767404	0.9956426453525847	0.995410441246165	0.9964028776978417	0.9943159898150767	0.995342613797185	0.9958130841121495	0.995759051284065	0.9953495917374141	0.9969455412351933	0.9956978489244622	0.9955123410620793	0.9956167491749175	0.9959907478797224	0.9959437322863309	0.9969995383905216	0.9955258491338153	0.9947508638653689	0.9962064516129032	0.9951538082773991	0.9958958906956206	0.9959982811408927	0.994928823332561	0.9946080245282022	0.9970851444643314	0.9953389719552751	0.995266176152348	0.9949361633356677	0.9952405700374737	0.9955825361120898	0.9958183328717807	0.9966310181376582	0.994916033424376	0.9959924690693921	0.9955854702019239	0.9952405700374737	0.995805160756175	0.9976216566220053	0.9971120040180814	0.9956963715960525	0.9949915661087323	0.9953410553410553	0.995259930959864	0.9960712746812663	0.9971745111160681	0.9956968802381727	0.9956978489244622	0.9951403887688985	0.995981866886462	0.9956934708232649	0.9950236904100161	0.9958313086621825	0.9967509570824098	0.9953765728846508	0.9952173008941568	0.9953761627590709	0.9955680902497985	0.995707589403276	0.9957208862753334	0.9971361689411296	0.9955671714454096	0.9955778226527952	0.9952756736783763	0.99534014389226	0.9958370092633436	0.9954409241093154	0.9945083411045488	0.99535282205722	0.9952449970758004	0.9961354343273162	0.99505749186919	0.9966360170441803	0.9953415349770938	0.9952565094096416	0.995153184867733	0.995687540348612	0.9950820507593517	0.9953287911634149	0.9952620816916862	0.995916129916404	0.9966839751169606	0.9963223002340355	0.9961015155035757	0.9970319748590811	0.9966631314829665	0.9968493388573272	0.9966571155682904	0.9961285327138986	0.9969261507723046	0.9971370354130664	0.9965399646528763	0.9947935840126216	0.9955650749653522	0.7233007892866494	0.7455958549222799	0.7463436253508642	0.7189397081558011	0.7335374612534966	0.745156869281772	0.6511723233316937	0.7125384557664891	0.7455958549222799	0.7455958549222799	0.7455958549222799	0.7335374612534966	0.7149111318989709	0.7455958549222799	0.7335374612534966	0.7335374612534966	0.7370975022569968	0.7396327014218009	0.7490129315028797	0.6829988193624557	0.6589065967318943	0.7135991058122206	0.7325408064395915	0.0	0.7484532913192177	0.7446916076845298	0.737782059357516	0.740408606038691	0.7402780795133608	0.7452048742775099	0.7471699486768828	0.7135991058122206	0.6330540188740644	0.7016444495081843	0.740408606038691	0.740408606038691	0.7474249238357754	0.7185685194961913	0.7401266968325793	0.7521427515885917	0.7335374612534966	0.7335374612534966	0.7396327014218009	0.7335374612534966	0.7159201375906677	0.7036588699285408	0.7468795355587808	0.7036588699285408	0.740408606038691	0.7149111318989709	0.718370883882149	0.7499048054222832	0.6241552303163481
p25.A12	0.9968693853106114	0.9967624763108023	0.9969517851936279	0.9975080006295577	0.9962047362811615	0.9961380215564025	0.9973441254584545	0.996141426303979	0.9963093578282621	0.9968708694127485	0.9954275388111601	0.9970466176133616	0.9975459191418307	0.9971167204005138	0.9968693853106114	0.9966344899556483	0.9966468158162991	0.9970178372352285	0.9963597547624261	0.9973483854029929	0.9949365032086864	0.9970413426544131	0.9963291205621689	0.9968367667050089	0.9973073572503366	0.9975818357684672	0.9969336813562758	0.9967650626769107	0.9971342305920884	0.9971074591716582	0.9971535806947278	0.996393611540443	0.9965613856342334	0.9963506676619391	0.9972744188484419	0.9969336813562758	0.9974510548294376	0.9962105373196738	0.9964937069890363	0.9973668219566538	0.9964031652146111	0.9965326508709651	0.9973227590735736	0.9966435273476237	0.9959349593495935	0.9970378525741848	0.9968367667050089	0.9964273427369201	0.9968928692655161	0.9972242269472048	0.9966211686465903	0.9966646532027208	0.9959925123256611	0.9965903684516573	0.9963343910712332	0.9964674481892402	0.9948592345373312	0.9973457545083141	0.9967244547415515	0.9961166652895976	0.9961623858995093	0.9963798384851017	0.9964403973509933	0.9965015235300756	0.9974406793111658	0.9961468596906479	0.9963289682757109	0.9960024429515296	0.9963798384851017	0.9962317210348707	0.9980791683929042	0.9973939703628002	0.9967321904378865	0.995749062681523	0.9963348866432797	0.9960164583169536	0.9964670689566248	0.9974538029092193	0.9966427590416603	0.9966435273476237	0.9958145861672073	0.9964352179497261	0.9970361012584422	0.9964190517218169	0.9964093357271095	0.9973614775725593	0.9962308535379187	0.9965107980227855	0.9968446400398572	0.9971856210822566	0.9964084695792013	0.9964197926685904	0.9969842114599965	0.9968739416990127	0.9968815779215717	0.9964826549242831	0.9958318136820716	0.9969118472768108	0.9959868661072602	0.9952030784639309	0.9972823936043904	0.9965103655069018	0.996907321030217	0.9959629108714904	0.997618987309709	0.9959936107256017	0.9960135330063731	0.996056659575572	0.9961368653421634	0.9957490927941939	0.9958769925680822	0.9956375072919573	0.9969860184745905	0.9967813685725501	0.9964395109563579	0.996347103962998	0.9971579374746244	0.9966815033316653	0.9968195471640963	0.9970340066479161	0.9965327029156816	0.9972105633619229	0.9969532214430173	0.9973173385974237	0.9962293416056052	0.9971836755594244	0.607661877992921	0.6668406681657565	0.6504180534134264	0.6271501051850019	0.6420264061917966	0.6127090301003344	0.7375372315409938	0.6875756274639916	0.6668406681657565	0.6668406681657565	0.6668406681657565	0.6420264061917966	0.7334487560691031	0.6668406681657565	0.6420264061917966	0.6420264061917966	0.6108998732572877	0.6795882003563651	0.7327092304811833	0.7058916442900016	0.6809597146794196	0.7318590704647676	0.6116921538397433	0.7484532913192177	0.0	0.6681912356827333	0.6735691573926867	0.6625009793935595	0.6619314837342543	0.6354311401716388	0.7307692307692308	0.7318590704647676	0.7386172006745362	0.6411619132622013	0.6625009793935595	0.6625009793935595	0.7300461555780704	0.6645805752798171	0.66210385942893	0.6156742959956484	0.6420264061917966	0.6420264061917966	0.6795882003563651	0.6420264061917966	0.7341157882857465	0.5073701611792258	0.7304749043439118	0.5073701611792258	0.6625009793935595	0.7334487560691031	0.711368909512761	0.019779407233963875	0.7719782296469877
p25.B2	0.995962453388196	0.9963397325763801	0.995962281185735	0.9969718030182685	0.996335374701788	0.9962925755836204	0.9968827182696689	0.9960747856626382	0.9959742974374854	0.9966367713004485	0.9960754950814593	0.9964041798392741	0.9970979733781029	0.9967014706976514	0.9966849124971089	0.9972125607439749	0.9961718849030295	0.9959237343852728	0.996436318562132	0.9969698474988823	0.9953743930488117	0.9966305775091049	0.996329638171763	0.9965120593692022	0.9968038353975229	0.9969842456995344	0.9964687229749207	0.9965745221099027	0.9971893096847665	0.9968721964939505	0.9966319510796866	0.9966473870092645	0.9965738551368045	0.9966900362271626	0.9967014706976514	0.9964687229749207	0.9969523126568662	0.9959940652818992	0.9959634481563111	0.9967111580564625	0.9963743485157489	0.9962610998597913	0.996791034053355	0.9964098980796569	0.9966253919328267	0.9966268168063892	0.9965120593692022	0.9964476021314387	0.9972840176785759	0.9969635892469177	0.9965292731740684	0.996622041181292	0.9961615154536391	0.9964010796760971	0.9965936362932569	0.996683989111606	0.9954776422764228	0.9973162624646067	0.9961727307062822	0.9962074966880536	0.9959646127580319	0.9964038219235616	0.9965129593005101	0.9964653981077921	0.9970516063989652	0.9959492093168185	0.9965888828591364	0.9966781753504917	0.9964038219235616	0.9969023034154091	0.9983386878076786	0.9969740982812878	0.995922163399628	0.9962823423738117	0.9963350914988981	0.995959245395275	0.9958964338055691	0.9973716279180904	0.9964091193907553	0.9964098980796569	0.9953954697363535	0.996031746031746	0.9964916330063474	0.9962869713384706	0.9969488188976378	0.9970152875515651	0.9961353877241728	0.9962756517609418	0.9962132093703481	0.9966788683910693	0.9963537842149242	0.9963646461841408	0.9970948379351741	0.9963998619125117	0.9964081873646919	0.9959653886168134	0.9963044174530045	0.9965336579170194	0.9963522539619944	0.9957904700226667	0.9963797063817038	0.9962310327949094	0.9968774770014172	0.9966013200669884	0.9974315274010418	0.9963106026840984	0.9962552389455149	0.9966876042791245	0.9965219119546855	0.9965437788018433	0.9960516513533648	0.9965906362545018	0.9967113052171854	0.9970305114943951	0.9969060171777926	0.9960222752585521	0.9968254731728433	0.996337908871229	0.9964583133914042	0.996511205330103	0.9961980020873714	0.9967181562453733	0.9966706420194792	0.9966885828094255	0.9958040543956321	0.9966766931884339	0.6490995260663507	0.5216773870186284	0.6507289961551639	0.5870474369697694	0.6963986443707869	0.6791741338112306	0.7614384967061449	0.444338270425227	0.5216773870186284	0.5216773870186284	0.5216773870186284	0.6963986443707869	0.6486710650329878	0.5216773870186284	0.6963986443707869	0.6963986443707869	0.6647504473293486	0.38505929931385463	0.6464335349134207	0.6807651675218835	0.6501787379546161	0.6420790773057932	0.6590514311607885	0.7446916076845298	0.6681912356827333	0.0	0.37531405600475076	0.03046400693842155	0.033221331021027534	0.6320159926187914	0.6476789277512142	0.6420790773057932	0.7426125577563667	0.6165684602263917	0.03046400693842155	0.03046400693842155	0.6426607405175336	0.6301301108065326	0.03209019947961844	0.6414156974505122	0.6963986443707869	0.6963986443707869	0.38505929931385463	0.6963986443707869	0.6497909368290202	0.6906909173238746	0.642456206441891	0.6906909173238746	0.03046400693842155	0.6486710650329878	0.6119665468188213	0.671285365948059	0.766001351976376
p25.C11	0.9961780104712041	0.9965548687810315	0.9961723953150119	0.9969185694079612	0.9962213157828883	0.9963030524139609	0.9968298095447119	0.9964515705086082	0.9963490229039714	0.9968622773124498	0.9961620356983255	0.99644128113879	0.9970487085050855	0.9966435331230283	0.9968607753884791	0.9972393715805853	0.9958699019101703	0.9958477323260736	0.996661321275533	0.9969165445079108	0.9952383430474605	0.996571457382711	0.9965437206720823	0.9966024915062288	0.9966198185376267	0.996932741147891	0.9962124914475613	0.9963208420642269	0.9969433283210491	0.99662053824712	0.9965750097162845	0.9968741045612024	0.9963182956163174	0.9967087801252786	0.9966435331230283	0.9962124914475613	0.996897001303781	0.9962017356307382	0.9959685547268696	0.9967532467532467	0.9965925394548063	0.9964841788046208	0.9967366421508937	0.996127261140252	0.9965618062699659	0.9965675634748372	0.9966024915062288	0.9966656485440847	0.9972365280743625	0.9969072439811235	0.9967515726513355	0.9968415201131999	0.9961701372156136	0.9966180995244998	0.9966104367018761	0.9970551961944074	0.9951883278145696	0.9972694706781232	0.9961044619288039	0.9964297048556015	0.9961286244765742	0.996497888039352	0.9967411175582227	0.9963987869598181	0.997340630540353	0.996113578680203	0.9966056204610041	0.9966165814151747	0.996497888039352	0.9968441495387603	0.9983367829686576	0.9969222435613335	0.9959263839383138	0.9965733431479554	0.9965489445312107	0.9961668431936248	0.9960998633710099	0.9973271777426801	0.9961264066292382	0.996127261140252	0.9952388149939541	0.9962406963542324	0.9968344041645172	0.9965058494668185	0.9969960949234005	0.9969640124401441	0.9962210796915167	0.9962863102202778	0.996223203361881	0.9963991515809204	0.9963659793814433	0.9963769977902256	0.9970699548284703	0.9963369963369964	0.9963456147376852	0.9961780807767793	0.9961896167055225	0.9964686219538494	0.9962885874062742	0.996021589843651	0.9965961338176645	0.996365627800458	0.9968243886948237	0.9966174738793816	0.9973878866293973	0.9964734628076274	0.996189466777702	0.9966551009710192	0.9964607139245626	0.9965588609330973	0.9964640214179274	0.9963611497789826	0.9966499611395492	0.9972562050042794	0.9971296203041595	0.9962315688307747	0.9967714320655497	0.9965531224655312	0.996398325708167	0.9964513664703418	0.9964102434461662	0.996811928908525	0.996891034552486	0.9967792309193831	0.9958839267338959	0.9963967521409709	0.6527054649234447	0.3184065135213725	0.7044963090000745	0.5904024642321566	0.6527783231886903	0.6898987609549713	0.7467003755065621	0.5270309944218429	0.3184065135213725	0.3184065135213725	0.3184065135213725	0.6527783231886903	0.6427247451343837	0.3184065135213725	0.6527783231886903	0.6527783231886903	0.6647634584013051	0.12171850574093046	0.6544831524842947	0.6741081792153525	0.6426777241736773	0.6374469726185885	0.6628130281149178	0.737782059357516	0.6735691573926867	0.37531405600475076	0.0	0.3558774681675586	0.35982858722698374	0.6865446879000076	0.6565336791517278	0.6374469726185885	0.6986990394070041	0.6318279569892473	0.3558774681675586	0.3558774681675586	0.650681531823909	0.6178328763857432	0.3549847546890881	0.6445733547603183	0.6527783231886903	0.6527783231886903	0.12171850574093046	0.6527783231886903	0.6438768423489467	0.6878400802685911	0.650475426738458	0.6878400802685911	0.3558774681675586	0.6427247451343837	0.5567023128574982	0.6763999842587856	0.7545621106632466
p25.C2	0.9959699155479118	0.9963462829020953	0.9959695589045211	0.9969772051536174	0.99634185264295	0.9962989493791786	0.996888090963495	0.9960820703165275	0.9959817633876825	0.9966429298067141	0.996082777104863	0.9964104170179962	0.9971029760337108	0.9967073502834649	0.9966910350134667	0.9972175026470661	0.9961788597312549	0.9959314381709846	0.9964429322610578	0.9969752566073288	0.9953828886281312	0.9966365772227032	0.9963361802203243	0.9965182606118972	0.9968095712861416	0.9969894752053178	0.9964748201438849	0.9965804199148692	0.9971942045811867	0.9968776473435799	0.9966377336894315	0.9966535533643284	0.996579796714678	0.9966962357899118	0.9967073502834649	0.9964748201438849	0.9969579221841608	0.9960011848341233	0.995970632585964	0.9967168328220859	0.9963809092965392	0.9962680765044316	0.996796557494621	0.9964161154539988	0.9966318357821037	0.9966328299083932	0.9965182606118972	0.9964539892620802	0.9972888374041851	0.9969693011103854	0.9965355923631306	0.9966280713063744	0.9961683917197452	0.9964075441572697	0.9965999536357314	0.9966898868632973	0.995485899776831	0.9973210116253348	0.9961796566717772	0.9962145764733336	0.995972114639814	0.9964106057430309	0.9965194805194805	0.9964721485411141	0.997055638926353	0.995956768524998	0.9965952178286775	0.9966844193817878	0.9964106057430309	0.9969081972411606	0.9983401476780375	0.9969793630080711	0.995929152978146	0.9962890089910588	0.996341614139167	0.9959664447798867	0.9959036379596216	0.9973761419745725	0.9964153394601357	0.9964161154539988	0.9954036622433093	0.9960388195682314	0.996497453741042	0.9962937577742238	0.9969542149734721	0.9970204931931592	0.9961424033079522	0.9962823423738117	0.9962203164507468	0.9966846550347265	0.9963604195627449	0.9963712420935917	0.9970998513973444	0.9964062423078817	0.9964145383104126	0.9959727463843367	0.9963109613634686	0.996540249313332	0.9963587157091893	0.9957980059176011	0.9963862027714087	0.9962376624645753	0.9968828677616592	0.9966073360212411	0.9974359588794901	0.996317168421573	0.9962619136031687	0.9966934456745371	0.9965281222100982	0.9965498678672801	0.9960586981309801	0.9965965198216769	0.9967175231742864	0.9970357928019169	0.9969115212610876	0.9960293825689894	0.996830960555062	0.9963444657200408	0.9964644051600573	0.9965172805765835	0.9962047923798184	0.996723976550569	0.9966765873015873	0.9966942940641019	0.9958116768431144	0.9966824874079814	0.6373282442748092	0.5033548550449424	0.6466486301108867	0.5744706448508181	0.6925972864171761	0.6721729033224707	0.7552619228130979	0.4304395364093593	0.5033548550449424	0.5033548550449424	0.5033548550449424	0.6925972864171761	0.6408839779005524	0.5033548550449424	0.6925972864171761	0.6925972864171761	0.6575117460559992	0.3635695248598474	0.634135270086246	0.6701207014347529	0.6418929463171037	0.6319918144611187	0.6489349584235107	0.740408606038691	0.6625009793935595	0.03046400693842155	0.3558774681675586	0.0	0.00870708066370951	0.6280349378583246	0.636962696459004	0.6319918144611187	0.737229421689342	0.6045812846327948	0.0	0.0	0.6303011911084136	0.6180129052320609	0.0016480799868153762	0.6309980248634832	0.6925972864171761	0.6925972864171761	0.3635695248598474	0.6925972864171761	0.6420145190562614	0.6818560921980439	0.6300933302982017	0.6818560921980439	0.0	0.6408839779005524	0.5998504996459202	0.6653993870504713	0.7578270192994996
p25.D2	0.9959654623014853	0.9963423737248072	0.9959652156479463	0.9969739811989979	0.9963379866299646	0.9962951454454191	0.9968848845011022	0.9960777230149924	0.9959773078906653	0.9966392545255494	0.996078431372549	0.996406694641393	0.9970999904131914	0.9967038413878563	0.9966873812336295	0.997214553342536	0.9961746972690885	0.9959268408051716	0.9964389853688747	0.9969720284927155	0.9953778186368396	0.9966329966329966	0.9963322759714512	0.996514559746873	0.9968061481647827	0.9969863542118713	0.9964711813140649	0.9965769000598445	0.9971912832929782	0.9968743942624539	0.9966342825770416	0.9966498734112472	0.9965762507534659	0.996692536069587	0.9967038413878563	0.9964711813140649	0.9969545745361484	0.9959969359262646	0.9959663449641178	0.9967134460837231	0.9963769939113369	0.9962639130321979	0.9967932610620528	0.996412404892613	0.9966279903353423	0.9966292413314497	0.996514559746873	0.9964501774911254	0.997285961016531	0.9969658924461184	0.9965318211736115	0.9966244725738397	0.9961642880270991	0.9964036862216228	0.9965961835997937	0.9966863671208487	0.9954809718449313	0.9973181773447495	0.9961755233494364	0.9962103514509681	0.9959676377077571	0.9964065573770492	0.9965155888394831	0.9964681201370263	0.9970532319391635	0.9959522573949143	0.9965914372772814	0.9966806931340007	0.9964065573770492	0.9969046800179899	0.9983392761197675	0.9969762210019594	0.995924981531349	0.9962850304178718	0.9963377214688707	0.9959621482362268	0.99589933852425	0.9973734479465138	0.996411627290899	0.996412404892613	0.995398773006135	0.9960345981313043	0.996493979794252	0.9962897077509529	0.9969509946150631	0.9970173864545697	0.9961382165122794	0.9962783494854631	0.9962160751565762	0.9966812015503876	0.9963564596933353	0.9963673057517659	0.9970968593296384	0.9964024345169159	0.9964107480886004	0.9959683553932756	0.9963070559850312	0.9965363158033896	0.9963548593665337	0.9957935085623257	0.9963823257902747	0.9962337058866688	0.9968796505208584	0.996603745723919	0.9974333141431587	0.9963132500309291	0.9962579302141158	0.99668995954395	0.9965244159777563	0.9965462339252908	0.9960544926673118	0.9965930084694931	0.9967138125032862	0.9970326409495549	0.9969082364580757	0.9960251409832808	0.9968276856524874	0.9963405526512322	0.9964607695434871	0.9965136548518303	0.9962007399865909	0.9967205030205893	0.9966730392035157	0.9966908855478023	0.9958071278825996	0.9966790294039222	0.6409406204741215	0.5088191959587456	0.6463270368250333	0.579499079779147	0.692347891004106	0.6718931692861698	0.7551514713325139	0.4297104306303938	0.5088191959587456	0.5088191959587456	0.5088191959587456	0.692347891004106	0.6405563134758223	0.5088191959587456	0.692347891004106	0.692347891004106	0.6572051566504724	0.36989000916590287	0.6366901035760187	0.6726596874525869	0.6415566148316012	0.6345527531621601	0.6525118483412322	0.7402780795133608	0.6619314837342543	0.033221331021027534	0.35982858722698374	0.00870708066370951	0.0	0.6276829409271318	0.6395186012186354	0.6345527531621601	0.7370956146657082	0.6083229426433916	0.00870708066370951	0.00870708066370951	0.6328658074298712	0.6211315186580204	0.010349926071956617	0.6346726478208747	0.692347891004106	0.692347891004106	0.36989000916590287	0.692347891004106	0.64168875425975	0.6818371607515658	0.6326584774037003	0.6818371607515658	0.00870708066370951	0.6405563134758223	0.602806493455446	0.6650996542212206	0.7577210750456286
p26.B7	0.9961272765333892	0.9959208492741138	0.9959180549531852	0.9967173375082067	0.9954440773004907	0.995303222038353	0.9965866146531757	0.9952654005997159	0.9952428511354079	0.9957965749870265	0.9945258836223912	0.9961719670200235	0.9966096734066685	0.9961639410458308	0.9961272765333892	0.9965861740047192	0.9954311969231563	0.9960647838308124	0.9955015389472023	0.9965630528177912	0.9955801679536178	0.996092371300358	0.9952531246054791	0.995922066153149	0.9965703833549272	0.9966880105983661	0.9965817808921552	0.9963468985168408	0.9966974738139248	0.9966467774545096	0.9962353055474594	0.9953584187332134	0.9962214152517421	0.9955645268385965	0.9963159222811002	0.9965817808921552	0.9966892596454641	0.9951676230745998	0.9959450950761869	0.9964853188840888	0.9953592123480847	0.9956632113391157	0.9963960453903472	0.995735294117647	0.9952040318647375	0.996087933166755	0.995922066153149	0.9955427639957211	0.9966330812331968	0.9964273335644013	0.9957178971263478	0.9957777103559871	0.9951273982336819	0.9955474136834338	0.9955568408875802	0.9952871796164218	0.9952944826516366	0.9969190692082258	0.9960291028334273	0.9952627957444556	0.9952576667720519	0.9953452288595811	0.9955722883580348	0.9957482532632833	0.9966070326958667	0.9952392287550583	0.9955505239323891	0.9952805034129693	0.9953452288595811	0.9954916041250472	0.9976210432896164	0.996503754770405	0.9959038247127829	0.994994028409524	0.9952603050548342	0.9953075331752359	0.9953781930225624	0.9966947772620118	0.9957343531661396	0.995735294117647	0.9953168668328424	0.9954317155044042	0.9961533950979242	0.9953378745888264	0.9966459751702043	0.9966435499395345	0.9955259571623255	0.9957773707773708	0.9960381823499694	0.9960790116150033	0.9962125115943523	0.9962239917801181	0.9966059481369341	0.9961624319646843	0.9961714585992043	0.9956354432995016	0.9951338199513382	0.9961187029999191	0.9950811855346701	0.9943677694337325	0.9963683462007314	0.9955174818208985	0.9962866147118462	0.9951845906902087	0.9967035382023295	0.9951341266639774	0.9952281162420784	0.9952025186776942	0.9953453073614976	0.9953584707908067	0.9950194670576933	0.994964310159382	0.9961944578442408	0.9964241645891566	0.9960950293502633	0.9954714498950085	0.9964048131481119	0.9957915018760775	0.9960824391074774	0.9961067442032379	0.9956505247186749	0.9962844877362991	0.9961061946902655	0.9964134969624515	0.9950072060942969	0.9960763991708617	0.6114179015533749	0.6580595284112872	0.4036183304251998	0.6545644356803155	0.390990484226316	0.672519989288037	0.7307417303277763	0.6324965946682234	0.6580595284112872	0.6580595284112872	0.6580595284112872	0.390990484226316	0.679954954954955	0.6580595284112872	0.390990484226316	0.390990484226316	0.613943179528511	0.690530744093453	0.7176585790447176	0.7421768957041711	0.6886501886501887	0.7000220653133274	0.6184507991908936	0.7452048742775099	0.6354311401716388	0.6320159926187914	0.6865446879000076	0.6280349378583246	0.6276829409271318	0.0	0.7161280920980728	0.7000220653133274	0.7509705039364365	0.6054969129655448	0.6280349378583246	0.6280349378583246	0.7161686213282016	0.6452177975008759	0.6276050695327247	0.584328968903437	0.390990484226316	0.390990484226316	0.690530744093453	0.390990484226316	0.6792608728310674	0.6250656751404438	0.7150955738062359	0.6250656751404438	0.6280349378583246	0.679954954954955	0.6865598491988689	0.6248212169506764	0.7732323232323233
p26.D6	0.9966034017838623	0.996434221429827	0.9964857280105175	0.9978991071205262	0.9965033230830275	0.9967699946970062	0.9977534603956808	0.996484191884994	0.9962519521082769	0.9959619341563786	0.9961973224983071	0.9969599688700812	0.9974618062270354	0.9970244048809762	0.9971234580698662	0.9965896644428955	0.9961639771884511	0.995993207026482	0.9965613358689139	0.9978977400705759	0.9949188826700369	0.9968774199995004	0.9959465545713857	0.9972327483047467	0.9973822648443202	0.9968126520681265	0.9971680987534793	0.9971758912838833	0.9974841845582668	0.9967723793921315	0.9973044524669074	0.9960992999405853	0.9971796056310632	0.9966601798769263	0.9970244048809762	0.9971680987534793	0.9972621138547371	0.9957343843544203	0.9965053293727066	0.9969751966122202	0.9963937423811459	0.9965166832538893	0.997393885282691	0.9963555965888384	0.99667506837561	0.9968739058670535	0.9972327483047467	0.9966194056208688	0.9973107569721116	0.9965915396200491	0.9962679890595844	0.9968191950309314	0.9966581235237951	0.9963699614308402	0.9966415870453776	0.9959539449037189	0.9955408626124395	0.9978657401662737	0.9965471717274297	0.9963838373250877	0.9964523281596452	0.9964243146603099	0.9966923056729583	0.9968364611260053	0.9970130392325809	0.996438671834084	0.996636858982715	0.996727541433548	0.9964243146603099	0.9969543147208122	0.998393130941429	0.9974626720015615	0.9970942100333806	0.9963765380840945	0.9959526307899865	0.9963762683060928	0.9969735741351311	0.9976155495074545	0.9963547995139733	0.9963555965888384	0.99580733715997	0.9967756448710258	0.9965103294249023	0.9958936454162817	0.9965742372713056	0.9976769776256266	0.9968173138128581	0.9967998790505468	0.996231884057971	0.9962093421374419	0.9961423498454385	0.9961539441175722	0.9976530933197841	0.9967433997911799	0.996750992063492	0.9964437394463491	0.9964973295242827	0.9968501414766964	0.9965955120399592	0.9957037334807296	0.9968789327963755	0.9967191277320046	0.9970944309927361	0.9966222089759829	0.9972645848462842	0.9962790000749194	0.9966748337416871	0.9967836112623089	0.9966428660904422	0.9966384892975432	0.9964198983551561	0.9963679507978401	0.9965481532619952	0.9971552627638868	0.9970297523961661	0.9969438112177159	0.9976983646274985	0.9969364437636542	0.9974208166610423	0.9971189999511695	0.9969446531430003	0.9976878900131766	0.9973204447560854	0.9976069615663524	0.9962536316835721	0.9962068374813401	0.6641807995154452	0.6701950072084377	0.7029893212134648	0.6549255331367969	0.7132462132462132	0.7222262747100445	0.7296087718643942	0.644879092332964	0.6701950072084377	0.6701950072084377	0.6701950072084377	0.7132462132462132	0.6110176454477875	0.6701950072084377	0.7132462132462132	0.7132462132462132	0.7067585179668591	0.6569618804136299	0.023315057872293266	0.618986836856801	0.6692459473052965	0.490205204146393	0.6725049071417786	0.7471699486768828	0.7307692307692308	0.6476789277512142	0.6565336791517278	0.636962696459004	0.6395186012186354	0.7161280920980728	0.0	0.490205204146393	0.7143755316394838	0.6648029919534585	0.636962696459004	0.636962696459004	0.026702786377708954	0.6305779648466425	0.6365497630331753	0.6971245291463096	0.7132462132462132	0.7132462132462132	0.6569618804136299	0.7132462132462132	0.6122121887338259	0.7363910548771517	0.013081718993542601	0.7363910548771517	0.636962696459004	0.6110176454477875	0.5560162568249929	0.7333879923974211	0.7676822047583163
p26.E7	0.995833980230813	0.9957145005262894	0.9957356614771264	0.9969039474669796	0.9954194315143112	0.9957160048134778	0.9966956899254721	0.9955027555370698	0.9955063767890076	0.9955093661791121	0.995373017936054	0.9958231137230141	0.9967427496018916	0.9960560145777689	0.9962235844908306	0.996125282531482	0.9947388583833482	0.9953932911492944	0.9958666943953416	0.9969019362898188	0.9952172795062998	0.9959853377552802	0.9954561342188046	0.9958920480007967	0.9966337578817795	0.9963826171400826	0.9963516876464761	0.9964584286987737	0.9967576001365221	0.9959973641178337	0.9967575357271526	0.9954891094213172	0.9962133165036289	0.995879697669536	0.9960560145777689	0.9963516876464761	0.9962355610561056	0.9952709261517784	0.9956396073154931	0.9961350789893232	0.9959204358292157	0.996002090410243	0.9969902725609169	0.9950013345951324	0.9956105133558161	0.9959808277996904	0.9958920480007967	0.9958959639449102	0.9967200079514958	0.9957280734138495	0.9955869598489873	0.9960001999900004	0.9955596808991019	0.995849683066707	0.9961297696044054	0.9952139990527706	0.9938560786421934	0.9971267926584598	0.9959210559651389	0.9957380049679697	0.9954954954954955	0.9953997461928934	0.9960446353730092	0.996040451602547	0.9962328374192068	0.9954781881387386	0.9961243334633892	0.9956796628029505	0.9953997461928934	0.9958931142994293	0.997855103016338	0.9970544560481024	0.9961399218394111	0.995276975254365	0.9954629306476542	0.9953593972206283	0.9966122499079416	0.9970916957096503	0.9950002427066648	0.9950013345951324	0.9951683602311218	0.9958080694662774	0.9957500174179614	0.9953393085787452	0.996260339788994	0.9967043429436321	0.995550809752625	0.9960517050598532	0.9954507205217208	0.9948218167607045	0.9956412021105758	0.9956542732979237	0.996836130902065	0.9957312684585412	0.9957412038527249	0.9958130153948276	0.9954115925494184	0.9959505541346974	0.9955840031755483	0.9946069332263081	0.996005326231691	0.9956406088370031	0.9961322761554825	0.9955364892007836	0.9965691367271498	0.9952630266766392	0.9956570572819169	0.9957017933896547	0.9956230303636636	0.9954836002862855	0.9953258179818532	0.9953826814291931	0.9956539022127998	0.9964136282127914	0.9960630902250018	0.9958482355000875	0.996952988972722	0.996391791325265	0.9966797391911075	0.9967112475334357	0.9959246943520764	0.9968484006253567	0.9967513806632181	0.9964760686442519	0.9952168935249969	0.9948183995698294	0.655562730276902	0.6573872532172451	0.7215323166303558	0.6491873658386997	0.7037506524494818	0.7261852979556329	0.7189397915573217	0.6411167124961809	0.6573872532172451	0.6573872532172451	0.6573872532172451	0.7037506524494818	0.5380983660399048	0.6573872532172451	0.7037506524494818	0.7037506524494818	0.7112311334714412	0.635871875120745	0.4953137477409322	0.5579637933898023	0.6677992277992277	0.0	0.6814189062908833	0.7135991058122206	0.7318590704647676	0.6420790773057932	0.6374469726185885	0.6319918144611187	0.6345527531621601	0.7000220653133274	0.490205204146393	0.0	0.7020769746147547	0.64970481812988	0.6319918144611187	0.6319918144611187	0.4903647480497575	0.6551434676434676	0.6315729569770089	0.7069372693726937	0.7037506524494818	0.7037506524494818	0.635871875120745	0.7037506524494818	0.537738173455979	0.7290529576633722	0.4896004725140277	0.7290529576633722	0.6319918144611187	0.5380983660399048	0.5416442772702847	0.7344567759177462	0.7555900733302027
p27.D6	0.995226097334571	0.9957677114861745	0.9958416199602242	0.9974203105843891	0.9951851194850612	0.9957918050941307	0.9970658579283478	0.9957400356772012	0.995930526371785	0.9957964427396685	0.9956873602385262	0.9958521682976504	0.9971635753749013	0.9959631058534966	0.9961047220308442	0.9966720861701046	0.9965803487522189	0.9952234917360979	0.9960593231621269	0.9972648261758691	0.9949952586661047	0.9960446066297497	0.9956827180993741	0.9962559217564056	0.9963732702299501	0.9966237183783918	0.9955487412829517	0.9959821538613227	0.9969332036801556	0.9965315899790398	0.996905849418005	0.9956975056090801	0.9958274346173906	0.9962904223004758	0.9961170008941116	0.9955487412829517	0.9965944190712532	0.994750121053034	0.9955370804855657	0.9961710432054545	0.9960312313558662	0.9954999598210699	0.9970454265665395	0.9971023824855119	0.9958025842912402	0.996040059271371	0.9962559217564056	0.9962641383041765	0.9972296352776718	0.9957573300905284	0.9950606314028853	0.9964707687586313	0.9954803420559307	0.9962164109955729	0.9962752088543607	0.9954089830897543	0.9945511225211537	0.9975170386885911	0.995615059287512	0.995444313431236	0.9951702422883979	0.9954481413243741	0.9957580476279969	0.9959127691674667	0.9969072164948454	0.9951512229098021	0.996269849728232	0.9958703338821561	0.9954481413243741	0.9961738179830555	0.9978430108593246	0.9971616372871228	0.99615111176485	0.9953200133713904	0.9956893253411555	0.9955579382706594	0.9972641935645801	0.9970997394681217	0.9971017364809631	0.9971023824855119	0.9961806793298366	0.9965038534170367	0.9958953187652739	0.9955690726514774	0.995511032208978	0.9971544106634717	0.9959929225645295	0.9955442229433884	0.99577070200959	0.9966581040975634	0.9962699220074601	0.9962813678325315	0.9972099454334461	0.9958098430595764	0.9958198216457236	0.9955019744240173	0.9953297121681304	0.9959856904885442	0.9956591272561115	0.9947115754884092	0.9957297936924423	0.9955646279075628	0.99631707739081	0.995457544536365	0.9970610027167202	0.9953822996657907	0.9955804210096055	0.9956270063951872	0.995853914467791	0.9954799121234312	0.9956780809656548	0.9953022623315614	0.9960632059079062	0.9969429867019921	0.9965846820440933	0.9964952673317984	0.9969579304033834	0.996718201164013	0.9967772092107853	0.9967606897239111	0.9965219170374917	0.9968510335720453	0.9970082847499233	0.9967921036397286	0.9956514946359755	0.9966558522585476	0.7223231162670027	0.7059379370298975	0.7345168672030709	0.7206710158434296	0.7098913664951401	0.7464742298252683	0.6260176040332246	0.6945762711864407	0.7059379370298975	0.7059379370298975	0.7059379370298975	0.7098913664951401	0.7101848064552114	0.7059379370298975	0.7098913664951401	0.7098913664951401	0.7418014542216946	0.707308820212046	0.7153222836095765	0.7371881069774391	0.7297348413208761	0.7020769746147547	0.7421185602870638	0.6330540188740644	0.7386172006745362	0.7426125577563667	0.6986990394070041	0.737229421689342	0.7370956146657082	0.7509705039364365	0.7143755316394838	0.7020769746147547	0.0	0.6984545797210705	0.737229421689342	0.737229421689342	0.710191553879151	0.7303395723903233	0.7369461314550616	0.7486246607496516	0.7098913664951401	0.7098913664951401	0.707308820212046	0.7098913664951401	0.7097530129445023	0.7486569168780779	0.7129995203129036	0.7486569168780779	0.737229421689342	0.7101848064552114	0.671461160731547	0.73967554424224	0.6881993896236012
p27.F2	0.9956659095062792	0.99532214018408	0.9955965077506554	0.9961696444321246	0.9949790167865707	0.9947292997498239	0.996058010511972	0.9948035587748996	0.9949659150498165	0.9948974305843349	0.9944351112977741	0.9958621027373782	0.9961541270111725	0.9958452938510349	0.9956659095062792	0.9964190915009766	0.9946668727778637	0.9952172286645647	0.9950391096645493	0.9960152329071146	0.9954356846473029	0.9957742227588289	0.994683129645962	0.9952262505967187	0.996299581802053	0.996278796484442	0.9960524392026902	0.995965782055021	0.9962616822429906	0.9962109096277342	0.9960987666287043	0.9948741966539172	0.9957393667817528	0.9951774026868756	0.9959969788519637	0.9960524392026902	0.9961761569076295	0.9942712128445438	0.9952993816298829	0.9961764204476267	0.9950887604235944	0.9950919597857351	0.9962587760853193	0.9949597514129823	0.994510991536652	0.9957694341618192	0.9952262505967187	0.9952736697667327	0.9968177604049212	0.9952616727892243	0.9945134202256453	0.9950791127261716	0.9945292910873034	0.9952785886533824	0.9952790600083928	0.9942881586231191	0.9942955965102472	0.9965509484891655	0.9957572969380974	0.9947981304956299	0.9949271933974663	0.9946606866356986	0.9951060790434368	0.9952716759882198	0.9963627266079058	0.9949075173487427	0.9952723643431213	0.994598334264655	0.9946606866356986	0.9948005064791616	0.997315469300298	0.9964633068081344	0.99533105934151	0.9943444078113112	0.9946911561202667	0.9947125915854672	0.9951907583232108	0.9963380623256942	0.9949586412804072	0.9949597514129823	0.9940658788031179	0.9949628510263191	0.9952457902995386	0.9943631380255469	0.9957018267236425	0.9960094590600059	0.9955635337863828	0.9954825774687207	0.9957028037878989	0.9952239099928605	0.9952672462575235	0.99528156734024	0.9961988304093568	0.9955692400120156	0.9955796413765546	0.9952588317142931	0.9947187945836358	0.9956435217554994	0.9947919274876058	0.9938987341772152	0.9960472305275427	0.9949297874984466	0.9957085731005559	0.9945430423790332	0.9964429284931173	0.9947169811320755	0.9946328680139092	0.9945883937255293	0.9950531283915095	0.9946446807980671	0.9944238387202584	0.9945356524284634	0.9956681017193892	0.9957271402000704	0.9954488307769676	0.9948237551762448	0.9961934507832707	0.9954722517326858	0.9958728848534875	0.995968534906588	0.9950027762354248	0.9960678237783955	0.9958884068207042	0.9957870640950711	0.9949946095795472	0.9952207331493891	0.34427545815227656	0.6298205572170628	0.6308163505713276	0.5415796071876307	0.6529462399248768	0.6144045865350161	0.7446287431815652	0.6381868768838396	0.6298205572170628	0.6298205572170628	0.6298205572170628	0.6529462399248768	0.6622287968441815	0.6298205572170628	0.6529462399248768	0.6529462399248768	0.5849876948318293	0.629307303304716	0.668131455399061	0.6841400420891525	0.6702475478748249	0.64970481812988	0.3598892070794798	0.7016444495081843	0.6411619132622013	0.6165684602263917	0.6318279569892473	0.6045812846327948	0.6083229426433916	0.6054969129655448	0.6648029919534585	0.64970481812988	0.6984545797210705	0.0	0.6045812846327948	0.6045812846327948	0.6650730311700045	0.5940306923913481	0.6041178309110798	0.5695205902963849	0.6529462399248768	0.6529462399248768	0.629307303304716	0.6529462399248768	0.6615180265654649	0.6361710631494804	0.6650227760418628	0.6361710631494804	0.6045812846327948	0.6622287968441815	0.6380573744932959	0.6446496687412167	0.7388056942133481
p3.A3	0.9959699155479118	0.9963462829020953	0.9959695589045211	0.9969772051536174	0.99634185264295	0.9962989493791786	0.996888090963495	0.9960820703165275	0.9959817633876825	0.9966429298067141	0.996082777104863	0.9964104170179962	0.9971029760337108	0.9967073502834649	0.9966910350134667	0.9972175026470661	0.9961788597312549	0.9959314381709846	0.9964429322610578	0.9969752566073288	0.9953828886281312	0.9966365772227032	0.9963361802203243	0.9965182606118972	0.9968095712861416	0.9969894752053178	0.9964748201438849	0.9965804199148692	0.9971942045811867	0.9968776473435799	0.9966377336894315	0.9966535533643284	0.996579796714678	0.9966962357899118	0.9967073502834649	0.9964748201438849	0.9969579221841608	0.9960011848341233	0.995970632585964	0.9967168328220859	0.9963809092965392	0.9962680765044316	0.996796557494621	0.9964161154539988	0.9966318357821037	0.9966328299083932	0.9965182606118972	0.9964539892620802	0.9972888374041851	0.9969693011103854	0.9965355923631306	0.9966280713063744	0.9961683917197452	0.9964075441572697	0.9965999536357314	0.9966898868632973	0.995485899776831	0.9973210116253348	0.9961796566717772	0.9962145764733336	0.995972114639814	0.9964106057430309	0.9965194805194805	0.9964721485411141	0.997055638926353	0.995956768524998	0.9965952178286775	0.9966844193817878	0.9964106057430309	0.9969081972411606	0.9983401476780375	0.9969793630080711	0.995929152978146	0.9962890089910588	0.996341614139167	0.9959664447798867	0.9959036379596216	0.9973761419745725	0.9964153394601357	0.9964161154539988	0.9954036622433093	0.9960388195682314	0.996497453741042	0.9962937577742238	0.9969542149734721	0.9970204931931592	0.9961424033079522	0.9962823423738117	0.9962203164507468	0.9966846550347265	0.9963604195627449	0.9963712420935917	0.9970998513973444	0.9964062423078817	0.9964145383104126	0.9959727463843367	0.9963109613634686	0.996540249313332	0.9963587157091893	0.9957980059176011	0.9963862027714087	0.9962376624645753	0.9968828677616592	0.9966073360212411	0.9974359588794901	0.996317168421573	0.9962619136031687	0.9966934456745371	0.9965281222100982	0.9965498678672801	0.9960586981309801	0.9965965198216769	0.9967175231742864	0.9970357928019169	0.9969115212610876	0.9960293825689894	0.996830960555062	0.9963444657200408	0.9964644051600573	0.9965172805765835	0.9962047923798184	0.996723976550569	0.9966765873015873	0.9966942940641019	0.9958116768431144	0.9966824874079814	0.6373282442748092	0.5033548550449424	0.6466486301108867	0.5744706448508181	0.6925972864171761	0.6721729033224707	0.7552619228130979	0.4304395364093593	0.5033548550449424	0.5033548550449424	0.5033548550449424	0.6925972864171761	0.6408839779005524	0.5033548550449424	0.6925972864171761	0.6925972864171761	0.6575117460559992	0.3635695248598474	0.634135270086246	0.6701207014347529	0.6418929463171037	0.6319918144611187	0.6489349584235107	0.740408606038691	0.6625009793935595	0.03046400693842155	0.3558774681675586	0.0	0.00870708066370951	0.6280349378583246	0.636962696459004	0.6319918144611187	0.737229421689342	0.6045812846327948	0.0	0.0	0.6303011911084136	0.6180129052320609	0.0016480799868153762	0.6309980248634832	0.6925972864171761	0.6925972864171761	0.3635695248598474	0.6925972864171761	0.6420145190562614	0.6818560921980439	0.6300933302982017	0.6818560921980439	0.0	0.6408839779005524	0.5998504996459202	0.6653993870504713	0.7578270192994996
p3.F12	0.9959699155479118	0.9963462829020953	0.9959695589045211	0.9969772051536174	0.99634185264295	0.9962989493791786	0.996888090963495	0.9960820703165275	0.9959817633876825	0.9966429298067141	0.996082777104863	0.9964104170179962	0.9971029760337108	0.9967073502834649	0.9966910350134667	0.9972175026470661	0.9961788597312549	0.9959314381709846	0.9964429322610578	0.9969752566073288	0.9953828886281312	0.9966365772227032	0.9963361802203243	0.9965182606118972	0.9968095712861416	0.9969894752053178	0.9964748201438849	0.9965804199148692	0.9971942045811867	0.9968776473435799	0.9966377336894315	0.9966535533643284	0.996579796714678	0.9966962357899118	0.9967073502834649	0.9964748201438849	0.9969579221841608	0.9960011848341233	0.995970632585964	0.9967168328220859	0.9963809092965392	0.9962680765044316	0.996796557494621	0.9964161154539988	0.9966318357821037	0.9966328299083932	0.9965182606118972	0.9964539892620802	0.9972888374041851	0.9969693011103854	0.9965355923631306	0.9966280713063744	0.9961683917197452	0.9964075441572697	0.9965999536357314	0.9966898868632973	0.995485899776831	0.9973210116253348	0.9961796566717772	0.9962145764733336	0.995972114639814	0.9964106057430309	0.9965194805194805	0.9964721485411141	0.997055638926353	0.995956768524998	0.9965952178286775	0.9966844193817878	0.9964106057430309	0.9969081972411606	0.9983401476780375	0.9969793630080711	0.995929152978146	0.9962890089910588	0.996341614139167	0.9959664447798867	0.9959036379596216	0.9973761419745725	0.9964153394601357	0.9964161154539988	0.9954036622433093	0.9960388195682314	0.996497453741042	0.9962937577742238	0.9969542149734721	0.9970204931931592	0.9961424033079522	0.9962823423738117	0.9962203164507468	0.9966846550347265	0.9963604195627449	0.9963712420935917	0.9970998513973444	0.9964062423078817	0.9964145383104126	0.9959727463843367	0.9963109613634686	0.996540249313332	0.9963587157091893	0.9957980059176011	0.9963862027714087	0.9962376624645753	0.9968828677616592	0.9966073360212411	0.9974359588794901	0.996317168421573	0.9962619136031687	0.9966934456745371	0.9965281222100982	0.9965498678672801	0.9960586981309801	0.9965965198216769	0.9967175231742864	0.9970357928019169	0.9969115212610876	0.9960293825689894	0.996830960555062	0.9963444657200408	0.9964644051600573	0.9965172805765835	0.9962047923798184	0.996723976550569	0.9966765873015873	0.9966942940641019	0.9958116768431144	0.9966824874079814	0.6373282442748092	0.5033548550449424	0.6466486301108867	0.5744706448508181	0.6925972864171761	0.6721729033224707	0.7552619228130979	0.4304395364093593	0.5033548550449424	0.5033548550449424	0.5033548550449424	0.6925972864171761	0.6408839779005524	0.5033548550449424	0.6925972864171761	0.6925972864171761	0.6575117460559992	0.3635695248598474	0.634135270086246	0.6701207014347529	0.6418929463171037	0.6319918144611187	0.6489349584235107	0.740408606038691	0.6625009793935595	0.03046400693842155	0.3558774681675586	0.0	0.00870708066370951	0.6280349378583246	0.636962696459004	0.6319918144611187	0.737229421689342	0.6045812846327948	0.0	0.0	0.6303011911084136	0.6180129052320609	0.0016480799868153762	0.6309980248634832	0.6925972864171761	0.6925972864171761	0.3635695248598474	0.6925972864171761	0.6420145190562614	0.6818560921980439	0.6300933302982017	0.6818560921980439	0.0	0.6408839779005524	0.5998504996459202	0.6653993870504713	0.7578270192994996
p3.F8	0.9961985052626134	0.9960424807133553	0.9960911887829728	0.997505238998104	0.996265242017264	0.9963931036141102	0.9973733673911995	0.9960778202031222	0.9958464214324654	0.9955877071468883	0.9958177472984207	0.9965792474344356	0.9970821577563963	0.9966328286733345	0.9967174132182274	0.9965995681203306	0.9961754207037226	0.9955804906449308	0.9961546456038246	0.9975036197513605	0.994934169923884	0.9964865942390113	0.9957830122766743	0.9972407964403789	0.9970123772940674	0.9964321254338487	0.9968129029142623	0.9967974957861787	0.9971005311631986	0.9963900678081857	0.9969268444935295	0.9961110538786443	0.9967984477322338	0.996328350380278	0.9966328286733345	0.9968129029142623	0.9968570471700544	0.9953719830803682	0.9961407265393522	0.9965963404625114	0.9959976695290929	0.9961079330251025	0.9970150690867075	0.9962443362167139	0.9962561839818157	0.9964826502357372	0.9972407964403789	0.9962253705427917	0.9969450101832994	0.9966020440417237	0.9962791171823232	0.9968284886624713	0.9962655705656783	0.9959768669851647	0.9962349397590361	0.9959157244608258	0.9954771943273285	0.9974749975245074	0.9961508268125301	0.9959752241068395	0.9960453741284213	0.9960112003381234	0.9962821385557941	0.9964172080960402	0.996732213495385	0.9960301914387945	0.9962296531280878	0.9963151106782828	0.9960112003381234	0.9965361967440249	0.9983954337228388	0.9970795103312322	0.9967179339753726	0.9963871744693662	0.9957893163244967	0.995986538701234	0.9965883710085168	0.9976222499759824	0.9962435170374679	0.9962443362167139	0.9956945896172416	0.9963848512802613	0.9961704497980782	0.995520401372037	0.9965841584158416	0.9972924187725631	0.9968267668562144	0.9964058612109483	0.9958213975979606	0.9962201575340796	0.9961538461538462	0.9961653715272487	0.9972726395056961	0.9963547995139733	0.9963632765146829	0.9960446066297497	0.9961096243433443	0.9964326597982057	0.996207426503396	0.9957163255592575	0.9964851497577264	0.9963335712000787	0.9967150551919036	0.9966319960376424	0.9968848856583999	0.9962898406374502	0.9962841966133819	0.9967928950289873	0.9962514994002399	0.9966481823783118	0.996029367695535	0.9963782113192969	0.996240004236615	0.9971635440770321	0.9966388646831819	0.996551724137931	0.9973172853828306	0.9965434325217915	0.9970423449635704	0.9967364037117319	0.9965526716794484	0.9972968951492908	0.9969275347838034	0.9972269778881628	0.9962647694066827	0.9962176671547096	0.6649572004977563	0.6631694986125366	0.7000110737883429	0.6545156118787694	0.712678141773089	0.7210842277605967	0.7279020432468644	0.6372860588888463	0.6631694986125366	0.6631694986125366	0.6631694986125366	0.712678141773089	0.6048570309439875	0.6631694986125366	0.712678141773089	0.712678141773089	0.7070238581128715	0.6511077158135982	0.023948791524114332	0.6140987792228516	0.6638922225233247	0.4903647480497575	0.6732468509118255	0.7474249238357754	0.7300461555780704	0.6426607405175336	0.650681531823909	0.6303011911084136	0.6328658074298712	0.7161686213282016	0.026702786377708954	0.4903647480497575	0.710191553879151	0.6650730311700045	0.6303011911084136	0.6303011911084136	0.0	0.6222057214319212	0.6298799939237429	0.6962618560535614	0.712678141773089	0.712678141773089	0.6511077158135982	0.712678141773089	0.6060582341891045	0.7388600278041999	0.013755615952077194	0.7388600278041999	0.6303011911084136	0.6048570309439875	0.5488898026315789	0.732664437012263	0.7673761402253622
p3.G9	0.9959323990972551	0.995859160654405	0.9959586658481686	0.9969119396562635	0.9961377373159782	0.9960996538442787	0.9968232246713259	0.9958087304934626	0.9957592519425786	0.9960726175613817	0.9958095037292781	0.9962116553098325	0.9972631527502871	0.996357104910319	0.9964064631203441	0.9967035732259688	0.995964717142192	0.9958921763410836	0.9958866183256427	0.9969099060307489	0.995751557327912	0.9962851583230143	0.996206373292868	0.9965952080706179	0.9969446212603438	0.9966549425683154	0.9965486010819279	0.9965092151836934	0.9968625707156797	0.996191606696837	0.9968365211466395	0.9962382445141066	0.9965080536087545	0.9961939742361333	0.996357104910319	0.9965486010819279	0.9965492000418279	0.995687263556116	0.9959091942122673	0.9965255688769269	0.9958632030627714	0.9960506785411366	0.9970480605025616	0.9959712088829931	0.9961180334989277	0.9962809290087538	0.9965952080706179	0.9960950460682474	0.9967507115689781	0.9964443256249165	0.9960440583307477	0.9964281190626979	0.9959576956322774	0.9959455324357405	0.9961005427622912	0.9962893780290791	0.9948910788381743	0.9974901488341741	0.9960185970049575	0.9956229938721914	0.9955366575110923	0.9960056831890196	0.9959338790262571	0.9960907807579542	0.9966390450252072	0.9955192618713047	0.9960949868073878	0.9961800454120475	0.9960056831890196	0.9964027804073242	0.9981991316360765	0.9971879625061667	0.9964544174073534	0.9960807268470211	0.9962121212121212	0.9956763590391909	0.9962665206461409	0.9973216459702946	0.9959703179517421	0.9959712088829931	0.995406128527437	0.9962072365925814	0.9960732676526606	0.9956905503634476	0.9965365792445727	0.996908007025008	0.9962386644682605	0.9963294333562743	0.9957327643685825	0.9961186650185414	0.9968244132909921	0.9968340583253971	0.9972356092668249	0.9961272475795298	0.996136380742116	0.9959358011907844	0.9961058211692586	0.9961621621621621	0.9958769106999196	0.9955028202652574	0.9964099299809038	0.9960323401706842	0.9964984451137393	0.9964086594002712	0.9967689031405282	0.9961111111111111	0.9959781453938382	0.9963718253471788	0.996122459323838	0.9963509122719321	0.995846418802553	0.9962061875856667	0.9959140883309588	0.9968960557195852	0.9963130382080355	0.9959689686644356	0.9967647058823529	0.9961887338974007	0.9965376831736279	0.996765991063273	0.9959955393349554	0.9968051118210862	0.9964776240433835	0.996772537225849	0.9957972359735974	0.9961160725329639	0.5870499513460914	0.5483559805401779	0.6626413056059262	0.5135389888603257	0.678942289133372	0.6220575934998207	0.7361398233414771	0.5987681478222613	0.5483559805401779	0.5483559805401779	0.5483559805401779	0.678942289133372	0.6595687743711294	0.5483559805401779	0.678942289133372	0.678942289133372	0.538153295251087	0.6177675269415834	0.6278897797151086	0.6831034748439787	0.691961018450753	0.6551434676434676	0.5641046843345598	0.7185685194961913	0.6645805752798171	0.6301301108065326	0.6178328763857432	0.6180129052320609	0.6211315186580204	0.6452177975008759	0.6305779648466425	0.6551434676434676	0.7303395723903233	0.5940306923913481	0.6180129052320609	0.6180129052320609	0.6222057214319212	0.0	0.6175669364881693	0.5579198194055432	0.678942289133372	0.678942289133372	0.6177675269415834	0.678942289133372	0.658183766407715	0.66898202652853	0.6238729068269644	0.66898202652853	0.6180129052320609	0.6595687743711294	0.6346985299897807	0.6680562172463078	0.7367067854082051
p4.A6	0.9959668096693811	0.9963435564510111	0.9959665297123961	0.9969749566079842	0.9963391562860864	0.9962962962962963	0.9968858545933644	0.9960790383325595	0.9959786559430825	0.9966403665054722	0.9960797462151497	0.9964078208249958	0.9971008936914488	0.9967049030052275	0.9966884867154409	0.9972154456519061	0.9961759566439587	0.9959282318018231	0.9964401795387711	0.9969730051607781	0.9953793525987951	0.9966340799406014	0.9963334572030225	0.9965156794425087	0.9968071838363681	0.9969872984502663	0.9964722822174226	0.9965779649660189	0.9971921671144676	0.9968753784667554	0.9966353266835298	0.9966509868084671	0.99657732356344	0.9966936554632787	0.9967049030052275	0.9964722822174226	0.9969555873925502	0.9959982214317474	0.9959676421839052	0.99671447071802	0.9963781785256168	0.996265172735761	0.9967942583732058	0.9964135275003009	0.996629153837987	0.9966303270564916	0.9965156794425087	0.9964513307509684	0.9972868312655699	0.9969669237808864	0.996532962166266	0.9966255613726025	0.9961655296050993	0.9964048534478455	0.9965973242595314	0.9966874320181944	0.9954824628191462	0.9973190348525469	0.9961767739014513	0.9962116297776279	0.995968992248062	0.9964077822644082	0.9965167663114115	0.996469338996549	0.9970539600478969	0.9959536222862034	0.9965925811198018	0.9966818205570361	0.9964077822644082	0.9969057442081879	0.9983395397106404	0.9969771715999226	0.9959262435677531	0.9962862341417212	0.996338899196042	0.9959634481563111	0.9959006393050608	0.9973742630033657	0.996412750385208	0.9964135275003009	0.9954002522442318	0.9960358753282791	0.9964950307837757	0.9962909331097731	0.9969519689297478	0.9970183263841753	0.9961394832458619	0.996279557542011	0.9962173584118122	0.9966822463855859	0.9963576577715948	0.9963684967089501	0.997097764559148	0.9964035865602523	0.9964118948144507	0.9959696839116879	0.9963082375526077	0.9965375059470317	0.996356026098732	0.9957948692428277	0.996383498777872	0.9962349029387316	0.9968806238752249	0.9966048319637849	0.9974341142898252	0.996314435539725	0.9962591353895702	0.9966910142654052	0.9965255373008388	0.9965473333659827	0.9960557650327446	0.9965940708049505	0.9967149352185225	0.997033594541814	0.9969092302747076	0.9960264242785477	0.9968286764529226	0.9963417365552597	0.996461869471671	0.9965147517970812	0.9962019660411081	0.9967215539341353	0.996674112683048	0.9966919167705437	0.9958085041914958	0.9966800756070373	0.6369124952235383	0.5027253137279757	0.6462442299622324	0.5739580823897856	0.6922531532203896	0.6718041024487194	0.7549965665546279	0.4296912634114298	0.5027253137279757	0.5027253137279757	0.5027253137279757	0.6922531532203896	0.6404758296711623	0.5027253137279757	0.6922531532203896	0.6922531532203896	0.6571188190752992	0.3626909626357445	0.6337196091797319	0.6697446420428637	0.6414733223966878	0.6315729569770089	0.648534610559927	0.7401266968325793	0.66210385942893	0.03209019947961844	0.3549847546890881	0.0016480799868153762	0.010349926071956617	0.6276050695327247	0.6365497630331753	0.6315729569770089	0.7369461314550616	0.6041178309110798	0.0016480799868153762	0.0016480799868153762	0.6298799939237429	0.6175669364881693	0.0	0.6305688030708387	0.6922531532203896	0.6922531532203896	0.3626909626357445	0.6922531532203896	0.6416079945491711	0.6814938515257325	0.6296718322698268	0.6814938515257325	0.0016480799868153762	0.6404758296711623	0.5993776587364109	0.6650095156717287	0.757567084078712
p4.D2	0.9964665242728687	0.9962989432844964	0.9965566861959091	0.9967427538997888	0.9961937890703771	0.9963752143032084	0.9966594615838082	0.9958126838576312	0.9959224740521077	0.9966288611299848	0.9954674371140032	0.996713452604527	0.9970031197032597	0.9967208947635994	0.9967575262297675	0.9973966231928015	0.997012676641729	0.9964384966138736	0.9959708416169649	0.9965872914809627	0.9947806016733548	0.996648214920522	0.9962887646161668	0.9963995030299957	0.996902994625032	0.9972577696526508	0.9969507696847489	0.9966640502354788	0.9970210019363488	0.9970198922194353	0.9966489739011325	0.996059889676911	0.9965896453725441	0.996173196317705	0.9968738880699436	0.9969507696847489	0.9970842417715201	0.9961739218567881	0.996321104176181	0.9970260771253717	0.9959710743801653	0.9961362182903432	0.996565849829519	0.9966197878114976	0.9962060212353632	0.9966443806085873	0.9963995030299957	0.9961003643080713	0.9969878755663554	0.9965596946729022	0.9963361396944185	0.9958726114649682	0.9962444433089775	0.9962073648873742	0.9961592456228644	0.996422953980415	0.9952044619354166	0.9972495584153419	0.9965417569939093	0.996161433064989	0.9959923562821806	0.9960919602188503	0.9964748297503004	0.9960964157999618	0.997150831492034	0.9959766592949828	0.9961537441311441	0.9962669531354909	0.9960919602188503	0.9964919914067386	0.9981450336367234	0.9967509114809395	0.9961427664664811	0.9960602727109928	0.9962944162436548	0.9960366860598054	0.9959962965743313	0.996719063708927	0.9966190370425212	0.9966197878114976	0.9958664063094362	0.9957281257151576	0.9965759085649515	0.9961915692821369	0.9974039721746144	0.9967676164901288	0.9967124847920065	0.9962073648873742	0.9967048864123447	0.9970210758880917	0.9967034393251135	0.9967135056802008	0.9968024399842582	0.9965891864578069	0.996597267732016	0.996097104051206	0.9962378487564701	0.9965226840532464	0.9962107815894509	0.9952227672184754	0.9969303182236775	0.9963141266736874	0.9965796402470534	0.9962381337103615	0.9974432726110578	0.9958105877872286	0.9962635351532713	0.9962522323112911	0.9963835476887813	0.9964078474716772	0.9961315280464217	0.9959154548362491	0.9965425029037573	0.996523636732726	0.9968541492249537	0.9956664712330164	0.9965507046417661	0.9959893731160272	0.9962252126381842	0.9962764372952041	0.9960514584129411	0.9967886312488937	0.9965360026489392	0.9967563582749723	0.9962173225898386	0.9970190779014309	0.5227902613738115	0.6020557406354108	0.6298608349900596	0.5795477945718874	0.652859179470933	0.5667013961241925	0.7386873985734235	0.6716372373288586	0.6020557406354108	0.6020557406354108	0.6020557406354108	0.652859179470933	0.6985140382317802	0.6020557406354108	0.652859179470933	0.652859179470933	0.4298479963150622	0.6470772483457969	0.6980052746926191	0.7352043475024195	0.724531438935913	0.7069372693726937	0.41645645094711736	0.7521427515885917	0.6156742959956484	0.6414156974505122	0.6445733547603183	0.6309980248634832	0.6346726478208747	0.584328968903437	0.6971245291463096	0.7069372693726937	0.7486246607496516	0.5695205902963849	0.6309980248634832	0.6309980248634832	0.6962618560535614	0.5579198194055432	0.6305688030708387	0.0	0.652859179470933	0.652859179470933	0.6470772483457969	0.652859179470933	0.6982224213906938	0.5941201000834029	0.6965527499907032	0.5941201000834029	0.6309980248634832	0.6985140382317802	0.6954780703411281	0.6195404678120472	0.7811414930555556
p4.E5	0.9967872125750092	0.9964792351973685	0.9968697451817359	0.9962311557788944	0.9960399055669789	0.9960536700868192	0.9961154959546725	0.9960500680562598	0.9962139391030769	0.9964196393313149	0.9955951840679143	0.9969655515483149	0.9963871223181807	0.9969803209048801	0.9965474198603033	0.9969189244245263	0.9958878994237821	0.9966846925188184	0.9962897715139868	0.9960741044852714	0.9954063044511325	0.9969068738975945	0.9959800281654078	0.9953482428115016	0.9969845360824743	0.9975382932166302	0.9971287128712871	0.9969634877922334	0.9971008697390783	0.9974256435891027	0.9958350789856323	0.996429610430827	0.9967660887086743	0.9965777418485583	0.9971343039173042	0.9971287128712871	0.9973549172089087	0.9958653428957913	0.9965004597936038	0.99727884425094	0.9963078523140926	0.99645799232565	0.9960219410950781	0.9961229713944877	0.9961222188608674	0.9969033116650459	0.9953482428115016	0.9964876033057851	0.9974012738853503	0.9967786470317533	0.9959682697594052	0.9951990963004801	0.9958304378040306	0.9964913185934315	0.9965595412721696	0.9958848788467437	0.9954073063195465	0.996618529441676	0.9968560812741964	0.9959174903308982	0.9962045278379174	0.9962536648930395	0.9962328122056885	0.996425822060926	0.9973505289201458	0.9961895561637955	0.9965545792046152	0.9961849617143321	0.9962536648930395	0.9961631221223416	0.9980143956316704	0.9962022786328203	0.9959440525060839	0.9955925563173359	0.9959861945545188	0.9959318391157507	0.9950064311114474	0.9961525181275588	0.9961221040071592	0.9961229713944877	0.9946050983099384	0.9952093047087155	0.9964820537199905	0.995768391726023	0.996672931376035	0.9962680025046963	0.9961917679586832	0.9967242713438226	0.9970594582928671	0.9963735494197679	0.9962337186797091	0.9962453066332916	0.9963830946836446	0.9968461479767022	0.9968536702950953	0.9965424208292951	0.995803128576879	0.9969633135447159	0.995775651465798	0.9950598224623698	0.9971928197996343	0.9962125994192652	0.9967552572263642	0.9959566676838572	0.9974259337177932	0.995832587630711	0.9959289225727161	0.9959719301801231	0.9961264173208147	0.9959766188415698	0.9957955186381582	0.9956389226156552	0.9970353043572866	0.9958578368703657	0.9967296047420732	0.9950684509285183	0.9959295110449243	0.9953925353925354	0.9956048297488826	0.9957238240516142	0.9952504428641114	0.995794571173697	0.9956099815157117	0.9958649036794929	0.9956923558897243	0.9963710989313512	0.6539124304848438	0.6254177908428301	0.5552785056208267	0.6855167114867461	0.0	0.6547060447143251	0.7164762826718296	0.6827399557825722	0.6254177908428301	0.6254177908428301	0.6254177908428301	0.0	0.6917955895146953	0.6254177908428301	0.0	0.0	0.6513241863433312	0.6556997764793537	0.7156258078812276	0.7235476785579036	0.6757900565597437	0.7037506524494818	0.6571529384090642	0.7335374612534966	0.6420264061917966	0.6963986443707869	0.6527783231886903	0.6925972864171761	0.692347891004106	0.390990484226316	0.7132462132462132	0.7037506524494818	0.7098913664951401	0.6529462399248768	0.6925972864171761	0.6925972864171761	0.712678141773089	0.678942289133372	0.6922531532203896	0.652859179470933	0.0	0.0	0.6556997764793537	0.0	0.6941665093449122	0.6477819564074568	0.71301162016135	0.6477819564074568	0.6925972864171761	0.6917955895146953	0.6330699864336445	0.6312805231355021	0.7725386508023944
p4.E6	0.9967872125750092	0.9964792351973685	0.9968697451817359	0.9962311557788944	0.9960399055669789	0.9960536700868192	0.9961154959546725	0.9960500680562598	0.9962139391030769	0.9964196393313149	0.9955951840679143	0.9969655515483149	0.9963871223181807	0.9969803209048801	0.9965474198603033	0.9969189244245263	0.9958878994237821	0.9966846925188184	0.9962897715139868	0.9960741044852714	0.9954063044511325	0.9969068738975945	0.9959800281654078	0.9953482428115016	0.9969845360824743	0.9975382932166302	0.9971287128712871	0.9969634877922334	0.9971008697390783	0.9974256435891027	0.9958350789856323	0.996429610430827	0.9967660887086743	0.9965777418485583	0.9971343039173042	0.9971287128712871	0.9973549172089087	0.9958653428957913	0.9965004597936038	0.99727884425094	0.9963078523140926	0.99645799232565	0.9960219410950781	0.9961229713944877	0.9961222188608674	0.9969033116650459	0.9953482428115016	0.9964876033057851	0.9974012738853503	0.9967786470317533	0.9959682697594052	0.9951990963004801	0.9958304378040306	0.9964913185934315	0.9965595412721696	0.9958848788467437	0.9954073063195465	0.996618529441676	0.9968560812741964	0.9959174903308982	0.9962045278379174	0.9962536648930395	0.9962328122056885	0.996425822060926	0.9973505289201458	0.9961895561637955	0.9965545792046152	0.9961849617143321	0.9962536648930395	0.9961631221223416	0.9980143956316704	0.9962022786328203	0.9959440525060839	0.9955925563173359	0.9959861945545188	0.9959318391157507	0.9950064311114474	0.9961525181275588	0.9961221040071592	0.9961229713944877	0.9946050983099384	0.9952093047087155	0.9964820537199905	0.995768391726023	0.996672931376035	0.9962680025046963	0.9961917679586832	0.9967242713438226	0.9970594582928671	0.9963735494197679	0.9962337186797091	0.9962453066332916	0.9963830946836446	0.9968461479767022	0.9968536702950953	0.9965424208292951	0.995803128576879	0.9969633135447159	0.995775651465798	0.9950598224623698	0.9971928197996343	0.9962125994192652	0.9967552572263642	0.9959566676838572	0.9974259337177932	0.995832587630711	0.9959289225727161	0.9959719301801231	0.9961264173208147	0.9959766188415698	0.9957955186381582	0.9956389226156552	0.9970353043572866	0.9958578368703657	0.9967296047420732	0.9950684509285183	0.9959295110449243	0.9953925353925354	0.9956048297488826	0.9957238240516142	0.9952504428641114	0.995794571173697	0.9956099815157117	0.9958649036794929	0.9956923558897243	0.9963710989313512	0.6539124304848438	0.6254177908428301	0.5552785056208267	0.6855167114867461	0.0	0.6547060447143251	0.7164762826718296	0.6827399557825722	0.6254177908428301	0.6254177908428301	0.6254177908428301	0.0	0.6917955895146953	0.6254177908428301	0.0	0.0	0.6513241863433312	0.6556997764793537	0.7156258078812276	0.7235476785579036	0.6757900565597437	0.7037506524494818	0.6571529384090642	0.7335374612534966	0.6420264061917966	0.6963986443707869	0.6527783231886903	0.6925972864171761	0.692347891004106	0.390990484226316	0.7132462132462132	0.7037506524494818	0.7098913664951401	0.6529462399248768	0.6925972864171761	0.6925972864171761	0.712678141773089	0.678942289133372	0.6922531532203896	0.652859179470933	0.0	0.0	0.6556997764793537	0.0	0.6941665093449122	0.6477819564074568	0.71301162016135	0.6477819564074568	0.6925972864171761	0.6917955895146953	0.6330699864336445	0.6312805231355021	0.7725386508023944
p5.C1	0.9961754073453135	0.996552598225602	0.9961698541991165	0.9969165445079108	0.9962188556404157	0.9963007130862275	0.9968277982479685	0.9964491438491281	0.9963465278872943	0.9968601603653632	0.9961594107589109	0.996439008816523	0.9970468357210847	0.9966413293264982	0.9968586387434555	0.9972375690607734	0.9958671281706876	0.9958448382167654	0.9966590376976298	0.996914516944866	0.9953659108068001	0.9965692086476123	0.9965414520852267	0.9966002669420031	0.9966175834795656	0.9969307830186362	0.996210083622671	0.9963185098498147	0.9969413679978294	0.9966183694122874	0.9965728452676097	0.9968719860282043	0.9963159445918066	0.9967065073041169	0.9966413293264982	0.996210083622671	0.9968948961486275	0.9961992499181958	0.9959659119560285	0.9967511847183546	0.9965902681638722	0.9964817607068223	0.9967345745199337	0.9959770396899377	0.9965593844820113	0.9965653096272351	0.9966002669420031	0.9966634404767969	0.9972347218381558	0.9969050985832822	0.9967493937361334	0.9968394437420987	0.9961676099591381	0.9966158621918018	0.996608119478334	0.9970532678503967	0.9951850893088273	0.9972676910736219	0.9961018644372067	0.9964272481871592	0.9961259718012914	0.9964954521134296	0.9967388710660975	0.9963962499322604	0.9973392974202753	0.9961109053389068	0.9966032966454264	0.9966142362036791	0.9964954521134296	0.996841934787303	0.9983362500308102	0.9969202720015768	0.9959238141453355	0.9965710802367225	0.9965466827989514	0.9961643282527506	0.9960973427129682	0.997325488098422	0.9959761513359668	0.9959770396899377	0.9953876398830527	0.9962382286853998	0.9968324730173628	0.9965034965034965	0.9969941385702119	0.9969620628334321	0.996218552245717	0.9962838525758502	0.9962205898009155	0.9963968410661401	0.9963635425800794	0.9963745757482259	0.9970680935278164	0.9963346053424382	0.9963432349847218	0.9961755129464055	0.9961871315690455	0.9964661451308335	0.9962861659682316	0.9960189669599615	0.9965938842429019	0.9963632740497185	0.9968223705115984	0.9966152688980819	0.9973862276180473	0.9964711516648602	0.996186964975632	0.9966529286873985	0.9964583860359221	0.9965566284901565	0.9964616978795461	0.996358837760563	0.9966476251776759	0.9972544080604534	0.9971277399848828	0.9962290891605294	0.9967693776157028	0.9965508496068983	0.9963960453903472	0.9964490913126033	0.9964078824213908	0.9968098467721678	0.9968889900599438	0.9967771863860541	0.9958811718066211	0.9963944385449337	0.6522528087718621	0.23659851490184114	0.6997453565008988	0.5884813776857154	0.6556997764793537	0.6968375136314068	0.7517509727626459	0.5342076685322863	0.23659851490184114	0.23659851490184114	0.23659851490184114	0.6556997764793537	0.654071661237785	0.23659851490184114	0.6556997764793537	0.6556997764793537	0.6698547918683446	0.0	0.6549097280414413	0.6738313775609001	0.640950858969237	0.635871875120745	0.6610860947542624	0.7396327014218009	0.6795882003563651	0.38505929931385463	0.12171850574093046	0.3635695248598474	0.36989000916590287	0.690530744093453	0.6569618804136299	0.635871875120745	0.707308820212046	0.629307303304716	0.3635695248598474	0.3635695248598474	0.6511077158135982	0.6177675269415834	0.3626909626357445	0.6470772483457969	0.6556997764793537	0.6556997764793537	0.0	0.6556997764793537	0.6548964038144843	0.6921744485930944	0.6509015892420538	0.6921744485930944	0.3635695248598474	0.654071661237785	0.5538838784755413	0.6823492511565906	0.7543280516431925
p5.C3	0.9967872125750092	0.9964792351973685	0.9968697451817359	0.9962311557788944	0.9960399055669789	0.9960536700868192	0.9961154959546725	0.9960500680562598	0.9962139391030769	0.9964196393313149	0.9955951840679143	0.9969655515483149	0.9963871223181807	0.9969803209048801	0.9965474198603033	0.9969189244245263	0.9958878994237821	0.9966846925188184	0.9962897715139868	0.9960741044852714	0.9954063044511325	0.9969068738975945	0.9959800281654078	0.9953482428115016	0.9969845360824743	0.9975382932166302	0.9971287128712871	0.9969634877922334	0.9971008697390783	0.9974256435891027	0.9958350789856323	0.996429610430827	0.9967660887086743	0.9965777418485583	0.9971343039173042	0.9971287128712871	0.9973549172089087	0.9958653428957913	0.9965004597936038	0.99727884425094	0.9963078523140926	0.99645799232565	0.9960219410950781	0.9961229713944877	0.9961222188608674	0.9969033116650459	0.9953482428115016	0.9964876033057851	0.9974012738853503	0.9967786470317533	0.9959682697594052	0.9951990963004801	0.9958304378040306	0.9964913185934315	0.9965595412721696	0.9958848788467437	0.9954073063195465	0.996618529441676	0.9968560812741964	0.9959174903308982	0.9962045278379174	0.9962536648930395	0.9962328122056885	0.996425822060926	0.9973505289201458	0.9961895561637955	0.9965545792046152	0.9961849617143321	0.9962536648930395	0.9961631221223416	0.9980143956316704	0.9962022786328203	0.9959440525060839	0.9955925563173359	0.9959861945545188	0.9959318391157507	0.9950064311114474	0.9961525181275588	0.9961221040071592	0.9961229713944877	0.9946050983099384	0.9952093047087155	0.9964820537199905	0.995768391726023	0.996672931376035	0.9962680025046963	0.9961917679586832	0.9967242713438226	0.9970594582928671	0.9963735494197679	0.9962337186797091	0.9962453066332916	0.9963830946836446	0.9968461479767022	0.9968536702950953	0.9965424208292951	0.995803128576879	0.9969633135447159	0.995775651465798	0.9950598224623698	0.9971928197996343	0.9962125994192652	0.9967552572263642	0.9959566676838572	0.9974259337177932	0.995832587630711	0.9959289225727161	0.9959719301801231	0.9961264173208147	0.9959766188415698	0.9957955186381582	0.9956389226156552	0.9970353043572866	0.9958578368703657	0.9967296047420732	0.9950684509285183	0.9959295110449243	0.9953925353925354	0.9956048297488826	0.9957238240516142	0.9952504428641114	0.995794571173697	0.9956099815157117	0.9958649036794929	0.9956923558897243	0.9963710989313512	0.6539124304848438	0.6254177908428301	0.5552785056208267	0.6855167114867461	0.0	0.6547060447143251	0.7164762826718296	0.6827399557825722	0.6254177908428301	0.6254177908428301	0.6254177908428301	0.0	0.6917955895146953	0.6254177908428301	0.0	0.0	0.6513241863433312	0.6556997764793537	0.7156258078812276	0.7235476785579036	0.6757900565597437	0.7037506524494818	0.6571529384090642	0.7335374612534966	0.6420264061917966	0.6963986443707869	0.6527783231886903	0.6925972864171761	0.692347891004106	0.390990484226316	0.7132462132462132	0.7037506524494818	0.7098913664951401	0.6529462399248768	0.6925972864171761	0.6925972864171761	0.712678141773089	0.678942289133372	0.6922531532203896	0.652859179470933	0.0	0.0	0.6556997764793537	0.0	0.6941665093449122	0.6477819564074568	0.71301162016135	0.6477819564074568	0.6925972864171761	0.6917955895146953	0.6330699864336445	0.6312805231355021	0.7725386508023944
p5.D5	0.9951871796872968	0.9953912408391468	0.9954102850187646	0.9968897361292265	0.9954235686215988	0.9955027926207113	0.9966081162931557	0.9957435696566131	0.9957470124719512	0.9953068592057762	0.9955870064758722	0.9957064793130367	0.9965823981384977	0.9956853301224162	0.9953701295323311	0.9967334114654764	0.9956161714564052	0.9955846366634749	0.9956895425690326	0.9968877064404398	0.9958950792585326	0.995488834866294	0.9958634175691937	0.9966260965186314	0.9965675634748372	0.9961216674390809	0.9955066550082581	0.9960540331170717	0.9963006516732814	0.9957578284004807	0.9967432210749783	0.9955717837165942	0.9957556834813153	0.995091312150322	0.9956853301224162	0.9955066550082581	0.9959576066958618	0.9949728634669734	0.9951417409596314	0.9955330047825981	0.9955946014769544	0.9955873082580374	0.9969769522842149	0.9953463440781619	0.9953727368109547	0.9954837414692894	0.9966260965186314	0.9956229126606618	0.9966048381056993	0.9958936046203571	0.995669220715988	0.9965614175995181	0.9953366438960449	0.9956782166957313	0.995272176366106	0.9955944931163955	0.9943961750038558	0.9971137098780791	0.9946994215234066	0.9950838635049162	0.9951584622229201	0.9955908523466759	0.995073372500461	0.9957509748554525	0.9965854594283522	0.9951397646069777	0.9952654982997646	0.9954460006883953	0.9955908523466759	0.9956576513790978	0.9978502813060462	0.9970903222651475	0.9960262029767353	0.9953058752271351	0.9958696305196756	0.9951114342299883	0.9961018454554426	0.9974660939234519	0.9953453233903592	0.9953463440781619	0.9954478377229183	0.9960153371926923	0.9958958095282513	0.9951881014873141	0.9965678471945881	0.996738757294885	0.9962991322103114	0.9960334503928653	0.9949506965923811	0.9957348759682322	0.995620774431469	0.9956339682377573	0.9970167353868542	0.9955615399960104	0.9955719190009453	0.9955099422706863	0.9954907822620828	0.9956618375599176	0.9956389553429027	0.9949113260781943	0.995073767178658	0.995596021574546	0.9959200524564684	0.9956412363944307	0.9966512982285853	0.9956689365111155	0.9953600361164756	0.9956822749944167	0.9957543022233388	0.9956623041840175	0.9953547933510772	0.9956791921545781	0.9958466453674122	0.9967486181627192	0.9959947932312005	0.9960057276358429	0.9971586769634271	0.9963246400161112	0.9968832298436783	0.9966965203347526	0.9958555209484578	0.9968840362947452	0.9965853168625088	0.9965090909090909	0.9959644462607274	0.995732051313498	0.6814947951771138	0.6681390655344427	0.7160086513435243	0.6681483169971887	0.6941665093449122	0.7027237642867745	0.7174823591562582	0.6253737718923538	0.6681390655344427	0.6681390655344427	0.6681390655344427	0.6941665093449122	0.010445917106593261	0.6681390655344427	0.6941665093449122	0.6941665093449122	0.6967394983265014	0.6548964038144843	0.6111132774419965	0.5822800393959291	0.6364322606277315	0.537738173455979	0.7055330136481004	0.7159201375906677	0.7341157882857465	0.6497909368290202	0.6438768423489467	0.6420145190562614	0.64168875425975	0.6792608728310674	0.6122121887338259	0.537738173455979	0.7097530129445023	0.6615180265654649	0.6420145190562614	0.6420145190562614	0.6060582341891045	0.658183766407715	0.6416079945491711	0.6982224213906938	0.6941665093449122	0.6941665093449122	0.6548964038144843	0.6941665093449122	0.0	0.7349619898147465	0.6060582341891045	0.7349619898147465	0.6420145190562614	0.010445917106593261	0.5807116862110797	0.7323564593301435	0.7652336852726028
p5.H11	0.9963042313872523	0.996191413840454	0.9965046821608368	0.9968235932133357	0.9958034800409417	0.9956992989608711	0.9965112512148322	0.9959095801937567	0.9960209705605592	0.9964439254816624	0.9951533428471419	0.9965651247336091	0.9969348849958882	0.9966201398384891	0.9964117395029991	0.9970492392168937	0.9968612349326089	0.9964919973689981	0.9959080385505842	0.9966658912925487	0.9951550645547718	0.9965464807608051	0.9962592229503121	0.9963716836931628	0.9967521500766493	0.9970671546386584	0.9965813245495833	0.9962913181999203	0.9965984680507962	0.9965971819625438	0.9965261407905511	0.9959990397695447	0.9962129761994332	0.9954849589294457	0.9967754417644783	0.9965813245495833	0.9969857020913359	0.9958070739549839	0.995981866886462	0.9968831039297825	0.9959099132167484	0.9960756718720398	0.9968159203980099	0.9961939102564102	0.9955879904545202	0.9965424708432242	0.9963716836931628	0.9959892699950517	0.9966079917769498	0.9966148890284185	0.9959623149394348	0.9959925539066136	0.9955368726970782	0.9960980177930389	0.9954779144572151	0.9962662546671817	0.9952107533141058	0.9973371569029087	0.9962263162032547	0.9955573615061628	0.9955236759788588	0.996249863133691	0.9955475918987892	0.9959223300970874	0.9972364320573881	0.9955058613314562	0.9954713319136318	0.9956600065509336	0.996249863133691	0.99588101951678	0.9978445590690489	0.9969055046794807	0.996360845670149	0.9953488372093023	0.9962650043789604	0.9956408470685342	0.9958864455842771	0.9967964636932551	0.9961930523204849	0.9961939102564102	0.9962181631077952	0.9960270367886074	0.9969607045421912	0.9958140151013379	0.9970063710564696	0.9968975432578319	0.9967415582709237	0.9960719023958794	0.9959699379152598	0.9973311848532151	0.9968117622259697	0.9968216443393748	0.9969814897969366	0.9965128205128205	0.9965212053000461	0.9959313077939234	0.9955385759339505	0.9963563088304304	0.9955365159171947	0.9947600518806744	0.9964672571888719	0.9960554777961572	0.9964801038494183	0.995590421986361	0.9971562562362802	0.9954115433196711	0.9955599153286179	0.9956072021453198	0.9958102725909067	0.9957660621827735	0.9955547515054403	0.995279602387672	0.9964324917672887	0.9966526765713108	0.9965488822499228	0.9958873283153565	0.9966261808367072	0.9961113703530876	0.9963954557884008	0.9965254173275927	0.9959663865546219	0.99656066322733	0.9963544225250148	0.9966094934184284	0.9962389205965124	0.9973293693784485	0.589399585921325	0.6737494119491925	0.6363453411149125	0.6872991909573027	0.6477819564074568	0.6702976916119392	0.7182109124970728	0.7066908322005739	0.6737494119491925	0.6737494119491925	0.6737494119491925	0.6477819564074568	0.7356152257303039	0.6737494119491925	0.6477819564074568	0.6477819564074568	0.6000584893048129	0.6921744485930944	0.739182912110018	0.689385913282323	0.6307165263331682	0.7290529576633722	0.6149169692765923	0.7036588699285408	0.5073701611792258	0.6906909173238746	0.6878400802685911	0.6818560921980439	0.6818371607515658	0.6250656751404438	0.7363910548771517	0.7290529576633722	0.7486569168780779	0.6361710631494804	0.6818560921980439	0.6818560921980439	0.7388600278041999	0.66898202652853	0.6814938515257325	0.5941201000834029	0.6477819564074568	0.6477819564074568	0.6921744485930944	0.6477819564074568	0.7349619898147465	0.0	0.7370117974646442	0.0	0.6818560921980439	0.7356152257303039	0.7210712671387676	0.5077196338297582	0.717720391807658
p6.B9	0.9961985052626134	0.9960424807133553	0.9960911887829728	0.997505238998104	0.996265242017264	0.9963931036141102	0.9973733673911995	0.9960778202031222	0.9958464214324654	0.9955877071468883	0.9958177472984207	0.9965792474344356	0.9970821577563963	0.9966328286733345	0.9967174132182274	0.9965995681203306	0.9961754207037226	0.9955804906449308	0.9961546456038246	0.9975036197513605	0.994934169923884	0.9964865942390113	0.9957830122766743	0.9972407964403789	0.9970123772940674	0.9964321254338487	0.9968129029142623	0.9967974957861787	0.9971005311631986	0.9963900678081857	0.9969268444935295	0.9961110538786443	0.9967984477322338	0.996328350380278	0.9966328286733345	0.9968129029142623	0.9968570471700544	0.9953719830803682	0.9961407265393522	0.9965963404625114	0.9959976695290929	0.9961079330251025	0.9970150690867075	0.9962443362167139	0.9962561839818157	0.9964826502357372	0.9972407964403789	0.9962253705427917	0.9969450101832994	0.9966020440417237	0.9962791171823232	0.9968284886624713	0.9962655705656783	0.9959768669851647	0.9962349397590361	0.9959157244608258	0.9954771943273285	0.9974749975245074	0.9961508268125301	0.9959752241068395	0.9960453741284213	0.9960112003381234	0.9962821385557941	0.9964172080960402	0.996732213495385	0.9960301914387945	0.9962296531280878	0.9963151106782828	0.9960112003381234	0.9965361967440249	0.9983954337228388	0.9970795103312322	0.9967179339753726	0.9963871744693662	0.9957893163244967	0.995986538701234	0.9965883710085168	0.9976222499759824	0.9962435170374679	0.9962443362167139	0.9956945896172416	0.9963848512802613	0.9961704497980782	0.995520401372037	0.9965841584158416	0.9972924187725631	0.9968267668562144	0.9964058612109483	0.9958213975979606	0.9962201575340796	0.9961538461538462	0.9961653715272487	0.9972726395056961	0.9963547995139733	0.9963632765146829	0.9960446066297497	0.9961096243433443	0.9964326597982057	0.996207426503396	0.9957163255592575	0.9964851497577264	0.9963335712000787	0.9967150551919036	0.9966319960376424	0.9968848856583999	0.9962898406374502	0.9962841966133819	0.9967928950289873	0.9962514994002399	0.9966481823783118	0.996029367695535	0.9963782113192969	0.996240004236615	0.9971635440770321	0.9966388646831819	0.996551724137931	0.9973172853828306	0.9965434325217915	0.9970423449635704	0.9967364037117319	0.9965526716794484	0.9972968951492908	0.9969275347838034	0.9972269778881628	0.9962647694066827	0.9962176671547096	0.6644031990342538	0.6641850571656474	0.7021190344573429	0.6537447962418363	0.71301162016135	0.7208980750336595	0.7288482278998847	0.6383288059073344	0.6641850571656474	0.6641850571656474	0.6641850571656474	0.71301162016135	0.6048570309439875	0.6641850571656474	0.71301162016135	0.71301162016135	0.706831929342784	0.6509015892420538	0.010334481609067692	0.6144857017508873	0.6632712343622913	0.4896004725140277	0.6726978633764671	0.7468795355587808	0.7304749043439118	0.642456206441891	0.650475426738458	0.6300933302982017	0.6326584774037003	0.7150955738062359	0.013081718993542601	0.4896004725140277	0.7129995203129036	0.6650227760418628	0.6300933302982017	0.6300933302982017	0.013755615952077194	0.6238729068269644	0.6296718322698268	0.6965527499907032	0.71301162016135	0.71301162016135	0.6509015892420538	0.71301162016135	0.6060582341891045	0.7370117974646442	0.0	0.7370117974646442	0.6300933302982017	0.6048570309439875	0.5507966491458607	0.7330881533489357	0.7664053270325422
p7.G11	0.9963042313872523	0.996191413840454	0.9965046821608368	0.9968235932133357	0.9958034800409417	0.9956992989608711	0.9965112512148322	0.9959095801937567	0.9960209705605592	0.9964439254816624	0.9951533428471419	0.9965651247336091	0.9969348849958882	0.9966201398384891	0.9964117395029991	0.9970492392168937	0.9968612349326089	0.9964919973689981	0.9959080385505842	0.9966658912925487	0.9951550645547718	0.9965464807608051	0.9962592229503121	0.9963716836931628	0.9967521500766493	0.9970671546386584	0.9965813245495833	0.9962913181999203	0.9965984680507962	0.9965971819625438	0.9965261407905511	0.9959990397695447	0.9962129761994332	0.9954849589294457	0.9967754417644783	0.9965813245495833	0.9969857020913359	0.9958070739549839	0.995981866886462	0.9968831039297825	0.9959099132167484	0.9960756718720398	0.9968159203980099	0.9961939102564102	0.9955879904545202	0.9965424708432242	0.9963716836931628	0.9959892699950517	0.9966079917769498	0.9966148890284185	0.9959623149394348	0.9959925539066136	0.9955368726970782	0.9960980177930389	0.9954779144572151	0.9962662546671817	0.9952107533141058	0.9973371569029087	0.9962263162032547	0.9955573615061628	0.9955236759788588	0.996249863133691	0.9955475918987892	0.9959223300970874	0.9972364320573881	0.9955058613314562	0.9954713319136318	0.9956600065509336	0.996249863133691	0.99588101951678	0.9978445590690489	0.9969055046794807	0.996360845670149	0.9953488372093023	0.9962650043789604	0.9956408470685342	0.9958864455842771	0.9967964636932551	0.9961930523204849	0.9961939102564102	0.9962181631077952	0.9960270367886074	0.9969607045421912	0.9958140151013379	0.9970063710564696	0.9968975432578319	0.9967415582709237	0.9960719023958794	0.9959699379152598	0.9973311848532151	0.9968117622259697	0.9968216443393748	0.9969814897969366	0.9965128205128205	0.9965212053000461	0.9959313077939234	0.9955385759339505	0.9963563088304304	0.9955365159171947	0.9947600518806744	0.9964672571888719	0.9960554777961572	0.9964801038494183	0.995590421986361	0.9971562562362802	0.9954115433196711	0.9955599153286179	0.9956072021453198	0.9958102725909067	0.9957660621827735	0.9955547515054403	0.995279602387672	0.9964324917672887	0.9966526765713108	0.9965488822499228	0.9958873283153565	0.9966261808367072	0.9961113703530876	0.9963954557884008	0.9965254173275927	0.9959663865546219	0.99656066322733	0.9963544225250148	0.9966094934184284	0.9962389205965124	0.9973293693784485	0.589399585921325	0.6737494119491925	0.6363453411149125	0.6872991909573027	0.6477819564074568	0.6702976916119392	0.7182109124970728	0.7066908322005739	0.6737494119491925	0.6737494119491925	0.6737494119491925	0.6477819564074568	0.7356152257303039	0.6737494119491925	0.6477819564074568	0.6477819564074568	0.6000584893048129	0.6921744485930944	0.739182912110018	0.689385913282323	0.6307165263331682	0.7290529576633722	0.6149169692765923	0.7036588699285408	0.5073701611792258	0.6906909173238746	0.6878400802685911	0.6818560921980439	0.6818371607515658	0.6250656751404438	0.7363910548771517	0.7290529576633722	0.7486569168780779	0.6361710631494804	0.6818560921980439	0.6818560921980439	0.7388600278041999	0.66898202652853	0.6814938515257325	0.5941201000834029	0.6477819564074568	0.6477819564074568	0.6921744485930944	0.6477819564074568	0.7349619898147465	0.0	0.7370117974646442	0.0	0.6818560921980439	0.7356152257303039	0.7210712671387676	0.5077196338297582	0.717720391807658
p8.B3	0.9959699155479118	0.9963462829020953	0.9959695589045211	0.9969772051536174	0.99634185264295	0.9962989493791786	0.996888090963495	0.9960820703165275	0.9959817633876825	0.9966429298067141	0.996082777104863	0.9964104170179962	0.9971029760337108	0.9967073502834649	0.9966910350134667	0.9972175026470661	0.9961788597312549	0.9959314381709846	0.9964429322610578	0.9969752566073288	0.9953828886281312	0.9966365772227032	0.9963361802203243	0.9965182606118972	0.9968095712861416	0.9969894752053178	0.9964748201438849	0.9965804199148692	0.9971942045811867	0.9968776473435799	0.9966377336894315	0.9966535533643284	0.996579796714678	0.9966962357899118	0.9967073502834649	0.9964748201438849	0.9969579221841608	0.9960011848341233	0.995970632585964	0.9967168328220859	0.9963809092965392	0.9962680765044316	0.996796557494621	0.9964161154539988	0.9966318357821037	0.9966328299083932	0.9965182606118972	0.9964539892620802	0.9972888374041851	0.9969693011103854	0.9965355923631306	0.9966280713063744	0.9961683917197452	0.9964075441572697	0.9965999536357314	0.9966898868632973	0.995485899776831	0.9973210116253348	0.9961796566717772	0.9962145764733336	0.995972114639814	0.9964106057430309	0.9965194805194805	0.9964721485411141	0.997055638926353	0.995956768524998	0.9965952178286775	0.9966844193817878	0.9964106057430309	0.9969081972411606	0.9983401476780375	0.9969793630080711	0.995929152978146	0.9962890089910588	0.996341614139167	0.9959664447798867	0.9959036379596216	0.9973761419745725	0.9964153394601357	0.9964161154539988	0.9954036622433093	0.9960388195682314	0.996497453741042	0.9962937577742238	0.9969542149734721	0.9970204931931592	0.9961424033079522	0.9962823423738117	0.9962203164507468	0.9966846550347265	0.9963604195627449	0.9963712420935917	0.9970998513973444	0.9964062423078817	0.9964145383104126	0.9959727463843367	0.9963109613634686	0.996540249313332	0.9963587157091893	0.9957980059176011	0.9963862027714087	0.9962376624645753	0.9968828677616592	0.9966073360212411	0.9974359588794901	0.996317168421573	0.9962619136031687	0.9966934456745371	0.9965281222100982	0.9965498678672801	0.9960586981309801	0.9965965198216769	0.9967175231742864	0.9970357928019169	0.9969115212610876	0.9960293825689894	0.996830960555062	0.9963444657200408	0.9964644051600573	0.9965172805765835	0.9962047923798184	0.996723976550569	0.9966765873015873	0.9966942940641019	0.9958116768431144	0.9966824874079814	0.6373282442748092	0.5033548550449424	0.6466486301108867	0.5744706448508181	0.6925972864171761	0.6721729033224707	0.7552619228130979	0.4304395364093593	0.5033548550449424	0.5033548550449424	0.5033548550449424	0.6925972864171761	0.6408839779005524	0.5033548550449424	0.6925972864171761	0.6925972864171761	0.6575117460559992	0.3635695248598474	0.634135270086246	0.6701207014347529	0.6418929463171037	0.6319918144611187	0.6489349584235107	0.740408606038691	0.6625009793935595	0.03046400693842155	0.3558774681675586	0.0	0.00870708066370951	0.6280349378583246	0.636962696459004	0.6319918144611187	0.737229421689342	0.6045812846327948	0.0	0.0	0.6303011911084136	0.6180129052320609	0.0016480799868153762	0.6309980248634832	0.6925972864171761	0.6925972864171761	0.3635695248598474	0.6925972864171761	0.6420145190562614	0.6818560921980439	0.6300933302982017	0.6818560921980439	0.0	0.6408839779005524	0.5998504996459202	0.6653993870504713	0.7578270192994996
p8.B9	0.9951871796872968	0.9953912408391468	0.9954102850187646	0.9968897361292265	0.9954235686215988	0.9955027926207113	0.9966081162931557	0.9957435696566131	0.9957470124719512	0.9953068592057762	0.9955870064758722	0.9957064793130367	0.9965823981384977	0.9956853301224162	0.9953701295323311	0.9967334114654764	0.9956161714564052	0.9955846366634749	0.9956895425690326	0.9968877064404398	0.9957654470809988	0.995488834866294	0.9958634175691937	0.9966260965186314	0.9965675634748372	0.9961216674390809	0.9955066550082581	0.9960540331170717	0.9963006516732814	0.9957578284004807	0.9967432210749783	0.9955717837165942	0.9957556834813153	0.995091312150322	0.9956853301224162	0.9955066550082581	0.9959576066958618	0.9949728634669734	0.9951417409596314	0.9955330047825981	0.9955946014769544	0.9955873082580374	0.9969769522842149	0.9953463440781619	0.9953727368109547	0.9954837414692894	0.9966260965186314	0.9956229126606618	0.9966048381056993	0.9958936046203571	0.995669220715988	0.9965614175995181	0.9953366438960449	0.9956782166957313	0.995272176366106	0.9955944931163955	0.9943961750038558	0.9971137098780791	0.9946994215234066	0.9950838635049162	0.9951584622229201	0.9955908523466759	0.995073372500461	0.9957509748554525	0.9965854594283522	0.9951397646069777	0.9952654982997646	0.9954460006883953	0.9955908523466759	0.9956576513790978	0.9978502813060462	0.9970903222651475	0.9960262029767353	0.9953058752271351	0.9958696305196756	0.9951114342299883	0.9961018454554426	0.9974660939234519	0.9953453233903592	0.9953463440781619	0.9954478377229183	0.9960153371926923	0.9958958095282513	0.9951881014873141	0.9965678471945881	0.996738757294885	0.9962991322103114	0.9960334503928653	0.9949506965923811	0.9957348759682322	0.995620774431469	0.9956339682377573	0.9970167353868542	0.9955615399960104	0.9955719190009453	0.9955099422706863	0.9954907822620828	0.9956618375599176	0.9956389553429027	0.9949113260781943	0.995073767178658	0.995596021574546	0.9959200524564684	0.9956412363944307	0.9966512982285853	0.9956689365111155	0.9953600361164756	0.9956822749944167	0.9957543022233388	0.9956623041840175	0.9953547933510772	0.9956791921545781	0.9958466453674122	0.9967486181627192	0.9959947932312005	0.9960057276358429	0.9971586769634271	0.9963246400161112	0.9968832298436783	0.9966965203347526	0.9958555209484578	0.9968840362947452	0.9965853168625088	0.9965090909090909	0.9959644462607274	0.995732051313498	0.682185628742515	0.6695069993913573	0.7168083235638921	0.6695130744999811	0.6917955895146953	0.7021940082414523	0.7177726638246501	0.6268135619520521	0.6695069993913573	0.6695069993913573	0.6695069993913573	0.6917955895146953	0.0	0.6695069993913573	0.6917955895146953	0.6917955895146953	0.697033500018799	0.654071661237785	0.609920774304336	0.5809989320627619	0.6352393828535072	0.5380983660399048	0.7062011502728212	0.7149111318989709	0.7334487560691031	0.6486710650329878	0.6427247451343837	0.6408839779005524	0.6405563134758223	0.679954954954955	0.6110176454477875	0.5380983660399048	0.7101848064552114	0.6622287968441815	0.6408839779005524	0.6408839779005524	0.6048570309439875	0.6595687743711294	0.6404758296711623	0.6985140382317802	0.6917955895146953	0.6917955895146953	0.654071661237785	0.6917955895146953	0.010445917106593261	0.7356152257303039	0.6048570309439875	0.7356152257303039	0.6408839779005524	0.0	0.5810559508408797	0.7316927219687337	0.7642985935809592
p8.C7	0.9963835530281192	0.9966014862157295	0.9966290413197814	0.9973711483531761	0.9957134262508773	0.9956872395896786	0.9974379620818388	0.9963677519543074	0.9963707132337472	0.9957109435924096	0.9962627645015265	0.9966342374213837	0.9971921086043559	0.996664729514617	0.9967779116676272	0.9964290204954105	0.9955791106514995	0.9962730587730588	0.996736240886479	0.9973694195017073	0.9953107903923305	0.9966685174902832	0.9958799888784976	0.9963453977215445	0.9977123103123967	0.9969783324325652	0.9968705686763484	0.9973192961934005	0.9976323188477285	0.9971613349131122	0.9968880676845279	0.9963989353374041	0.9970778901876044	0.9968111397518004	0.996664729514617	0.9968705686763484	0.9971548641382371	0.9953367614438395	0.9965205113335519	0.9966512673852997	0.9968198604842019	0.996692071557108	0.9971973094170403	0.9958022388059702	0.9960673700197987	0.996664729514617	0.9963453977215445	0.9967893181123229	0.9968798751950078	0.9963673273144933	0.9956585781843553	0.996532962166266	0.9955276598988642	0.9966905119523434	0.9970546468205964	0.9952792083207109	0.994452940719044	0.9975929594062634	0.9964600861892058	0.9958134605193428	0.9963618148743771	0.9962783474791829	0.9961243396777362	0.9969922774691776	0.9971833703096363	0.9963476603853483	0.9970504582323818	0.9961301342443086	0.9962783474791829	0.9963520415056611	0.9977798061030664	0.9972645949875552	0.9962139598097272	0.9950878086026979	0.9958862276960352	0.9956295472918351	0.9971676314939502	0.9972264123400321	0.9958013111694944	0.9958022388059702	0.995536952520235	0.9965655698376221	0.9961945031712474	0.9953558363386348	0.9962880288931805	0.9971585995602006	0.9966295314791468	0.9968948051617501	0.9967526418057441	0.9960229237685885	0.9956356687240141	0.995648927679514	0.9972870585359892	0.9963072749196141	0.9963159741366348	0.9967180070291503	0.9955546625813095	0.9968971750802688	0.9956283603839003	0.9947924604989077	0.9965408485095126	0.9959107343224037	0.9969922973468639	0.9953531598513011	0.9975807634035482	0.9957092377587077	0.9954994816818791	0.9955213050766882	0.9957700101317123	0.9955264539024817	0.9952909008051041	0.9955217306186375	0.9969685588582466	0.996873581765922	0.9968225948808473	0.9965318211736115	0.9973077487884869	0.9965233720753185	0.9970293895639046	0.9969173099213298	0.9963803882856203	0.9969844700206061	0.9968871792276155	0.996995896834701	0.9962923865187054	0.9960202694351749	0.6429766211537713	0.5796097401000246	0.7020647864143039	0.6525703200775945	0.6330699864336445	0.717855688423235	0.7253966450831156	0.6229385896026386	0.5796097401000246	0.5796097401000246	0.5796097401000246	0.6330699864336445	0.5810559508408797	0.5796097401000246	0.6330699864336445	0.6330699864336445	0.707189394795315	0.5538838784755413	0.5563100838617304	0.5757689266242144	0.6294952427027899	0.5416442772702847	0.6648488805253658	0.718370883882149	0.711368909512761	0.6119665468188213	0.5567023128574982	0.5998504996459202	0.602806493455446	0.6865598491988689	0.5560162568249929	0.5416442772702847	0.671461160731547	0.6380573744932959	0.5998504996459202	0.5998504996459202	0.5488898026315789	0.6346985299897807	0.5993776587364109	0.6954780703411281	0.6330699864336445	0.6330699864336445	0.5538838784755413	0.6330699864336445	0.5807116862110797	0.7210712671387676	0.5507966491458607	0.7210712671387676	0.5998504996459202	0.5810559508408797	0.0	0.714006739163731	0.7547605943863511
p8.E4	0.9968914718205163	0.9967845659163987	0.9969727282299674	0.9975249459396087	0.9962303124193131	0.9961632980590802	0.9973615438737562	0.9961687905877238	0.9963355048859935	0.9968927461695061	0.9954599826011309	0.9970661136122212	0.9975620177444894	0.9971363115693013	0.9968914718205163	0.9966572516908088	0.9966701297317456	0.9970393735646496	0.9963855749109982	0.9973664311230477	0.9949720369972037	0.9970614240391117	0.9963540717206177	0.996858203723418	0.9973257826018562	0.9975977950287	0.9969538291123307	0.996786261266916	0.9971532419998475	0.9971266559869809	0.9971721721721721	0.9964189553042542	0.9965840945320209	0.9963768115942029	0.9972929356031027	0.9969538291123307	0.9974689679312851	0.9962362102530824	0.99651749051406	0.9973841084588877	0.99642800444515	0.9965573770491803	0.997340292066041	0.9966656562594726	0.9959646910466583	0.9970579812023224	0.996858203723418	0.996451850294365	0.9969139004149378	0.9972441921349243	0.9966446527481891	0.9966873597996766	0.9960199004975124	0.9966137288358052	0.9963603769997555	0.9964914104529979	0.9948950955499132	0.9973636598604291	0.9967470644239924	0.9961443806398688	0.9961896467258179	0.9964059605761522	0.996465850250678	0.9965270970452318	0.9974538636139346	0.996174340756934	0.9963550308734326	0.9960311991841909	0.9964059605761522	0.9962591775773987	0.9980854418499887	0.9974112332174311	0.9967534899982519	0.9957781565491018	0.9963597597441431	0.9960435212660732	0.9964906887983811	0.9974704468042477	0.9966648980519973	0.9966656562594726	0.9958429681207618	0.9964594397584088	0.9970547763319895	0.9964440404256457	0.996433555590014	0.9973790014759021	0.9962569684098752	0.9965347054499633	0.9968672712283594	0.997204290143852	0.9964334193926166	0.9964445859534612	0.9970040281973817	0.9968950527841026	0.9969025863404057	0.996507132382349	0.9958599632571739	0.9969343106379421	0.9960139769638928	0.9952358515260981	0.997300980032493	0.9965337509949418	0.9969276486438843	0.9959901694476782	0.9976346250629089	0.9960208062418726	0.9960406355821828	0.9960831808694308	0.9961631822096938	0.9957776576298242	0.995905059989567	0.9956661963313848	0.9970078129328974	0.9968032019960494	0.9964636746580685	0.9963719886200506	0.9971766366684313	0.9967041590374052	0.9968403631074778	0.9970536689441467	0.9965563121233466	0.9972294148109788	0.9969739656701623	0.9973349424246996	0.9962554773602443	0.997202370355299	0.6115940834741049	0.6697674418604651	0.6447203461802887	0.6305625867559402	0.6312805231355021	0.6083718220779761	0.7352883903882852	0.6826328680844447	0.6697674418604651	0.6697674418604651	0.6697674418604651	0.6312805231355021	0.7316927219687337	0.6697674418604651	0.6312805231355021	0.6312805231355021	0.6058808682483594	0.6823492511565906	0.7352962990432397	0.7088919288645691	0.6687631877941893	0.7344567759177462	0.6155844155844156	0.7499048054222832	0.019779407233963875	0.671285365948059	0.6763999842587856	0.6653993870504713	0.6650996542212206	0.6248212169506764	0.7333879923974211	0.7344567759177462	0.73967554424224	0.6446496687412167	0.6653993870504713	0.6653993870504713	0.732664437012263	0.6680562172463078	0.6650095156717287	0.6195404678120472	0.6312805231355021	0.6312805231355021	0.6823492511565906	0.6312805231355021	0.7323564593301435	0.5077196338297582	0.7330881533489357	0.5077196338297582	0.6653993870504713	0.7316927219687337	0.714006739163731	0.0	0.7727357889609173
p8.H7	0.9959262435677531	0.9960078805474907	0.9960580587897457	0.9967187701847307	0.9960075753698111	0.9961471538652746	0.9966601031878567	0.9956376561826799	0.9958844415752098	0.9964159609206998	0.9956925561986808	0.9964128935156152	0.9970838214401435	0.9964894166236448	0.9967060335823893	0.9968936923985315	0.9964628867067892	0.9955543358946213	0.9959605752140895	0.9965609081271171	0.9948052639991475	0.9964158630292403	0.9962578713740065	0.9958792623879674	0.9960986267166042	0.9968145677092478	0.9962544010787325	0.9960400478182905	0.9968248368318927	0.9967730550093279	0.9965747474496761	0.995756378776556	0.9956825141824389	0.9961660820621584	0.9966448149486399	0.9962544010787325	0.9968239564428312	0.9953143504453942	0.995669879890716	0.9967318630875163	0.9959874114870181	0.9955030611692041	0.9967399148893811	0.9963936889556724	0.9955862758161226	0.9964116994088339	0.9958792623879674	0.9961708778327689	0.9967099344557255	0.9961475409836066	0.9953773410465699	0.9960170697012802	0.9960043588812205	0.9961227198209686	0.9962060058120762	0.995928674500103	0.9938773887460574	0.9972848360655737	0.9963038691412394	0.9961541586544972	0.9958470416913866	0.9952303939036758	0.9964725674282303	0.9958650163734251	0.9970587081846347	0.9958305130634899	0.9962004850444625	0.9956583474414287	0.9952303939036758	0.995879424778761	0.9981063673398198	0.9969296589908141	0.9966825935186789	0.9960778202031222	0.9962636569779427	0.9960796451047147	0.9967514339373635	0.9966707247385028	0.9963928759299616	0.9963936889556724	0.9958291496099483	0.9960774193548387	0.9960704444710674	0.9960253318847876	0.9962345346960731	0.9966432789864217	0.9962390195150176	0.9954953782059628	0.9959684009806592	0.9965973534971645	0.9969427825949451	0.9969522608444339	0.9967050248371234	0.996357106208312	0.996365869887905	0.9956112521150592	0.9958717948717949	0.996244027727913	0.9961788993178438	0.9954359213733728	0.9963094835875977	0.9960796293467746	0.996002498438476	0.9960265579738009	0.9972553520634763	0.9959536082474226	0.9961027229319912	0.9961185873700876	0.9962242681286853	0.9960463218038975	0.9960463073027029	0.9958048244518803	0.9963760158137491	0.996573930963421	0.9963407720455599	0.9958858384868166	0.9965497412305923	0.9961099585062241	0.9963692430120362	0.996448362720403	0.995912982746579	0.9964305890811976	0.9965866776996276	0.9963079379334431	0.9957090583620712	0.9965950363196125	0.7602126265200612	0.7550254031367352	0.7641499105937306	0.7497418117438772	0.7725386508023944	0.7923321542144567	0.7000871149124891	0.7163317336532693	0.7550254031367352	0.7550254031367352	0.7550254031367352	0.7725386508023944	0.7642985935809592	0.7550254031367352	0.7725386508023944	0.7725386508023944	0.7641589491938162	0.7543280516431925	0.7678609740399056	0.7312559376781304	0.6800541336623811	0.7555900733302027	0.7732104121475054	0.6241552303163481	0.7719782296469877	0.766001351976376	0.7545621106632466	0.7578270192994996	0.7577210750456286	0.7732323232323233	0.7676822047583163	0.7555900733302027	0.6881993896236012	0.7388056942133481	0.7578270192994996	0.7578270192994996	0.7673761402253622	0.7367067854082051	0.757567084078712	0.7811414930555556	0.7725386508023944	0.7725386508023944	0.7543280516431925	0.7725386508023944	0.7652336852726028	0.717720391807658	0.7664053270325422	0.717720391807658	0.7578270192994996	0.7642985935809592	0.7547605943863511	0.7727357889609173	0.0
