	Pseudomonas_syringae_1188_1_11471_NZ_RBPG01000002	Pseudomonas_syringae_1845_4123_NZ_LYUP01000021	Pseudomonas_syringae_2507_4122_NZ_LYUO01000008	Pseudomonas_syringae_260-02_11495_NZ_MLFM01000009	Pseudomonas_syringae_2675C_6916_NZ_MLEX01000022	Pseudomonas_syringae_2676C_6925_NZ_MLEY01000018	Pseudomonas_syringae_31R1_5320_NZ_LT629769	Pseudomonas_syringae_44527_20732_NZ_JARNJB010000018	Pseudomonas_syringae_5264_5873_NZ_NBAQ01000017	Pseudomonas_syringae_7928A_6990_NZ_NBAL01000010	Pseudomonas_syringae_BIM_B-268_17583_NZ_CP068034	Pseudomonas_syringae_BRIP34881_444_NZ_KB316543	Pseudomonas_syringae_BRIP39023_442_NZ_KB316296	Pseudomonas_syringae_BRIP65014-c_20724_NZ_JAJISW010000012	Pseudomonas_syringae_BS0292_5537_NZ_FOVV01000019	Pseudomonas_syringae_BS2732_5563_NZ_FOTU01000003	Pseudomonas_syringae_BS2900_5075_NZ_FNPP01000004	Pseudomonas_syringae_BS3827_5522_NZ_FOQB01000010	Pseudomonas_syringae_BS3829_5514_NZ_FOPR01000011	Pseudomonas_syringae_CAS02_17541_NZ_CP032459	Pseudomonas_syringae_CC1557_3076_NZ_CP007014	Pseudomonas_syringae_CC457_20754_NZ_CP127246	Pseudomonas_syringae_CFBP_2116_6934_NZ_LT985192	Pseudomonas_syringae_CFBP_8692_12247_NZ_WJSF01000010	Pseudomonas_syringae_Dortyol_2015_6_17564_NZ_JAEIKC010000017	Pseudomonas_syringae_Dr_447_1_17557_NZ_JAEIKL010000026	Pseudomonas_syringae_Erdemli_3_17569_NZ_JAEIJX010000050	Pseudomonas_syringae_Erdemli_6_17567_NZ_JAEIJZ010000010	Pseudomonas_syringae_Erzin_1_17571_NZ_JAEIJV010000042	Pseudomonas_syringae_Erzin_2_17572_NZ_JAEIJW010000011	Pseudomonas_syringae_ICMP_11293_3802_NZ_LKEP01000002	Pseudomonas_syringae_ICMP_4122_6689_NZ_LKBX01000039	Pseudomonas_syringae_KCTC_12500_26106_NZ_AYTM02000002	Pseudomonas_syringae_KF529_17593_NZ_CP074409	Pseudomonas_syringae_Karpuz_1_hishtil_a_17552_NZ_JAEILI010000040	Pseudomonas_syringae_Kozan_2015_1_17562_NZ_JAEIKF010000024	Pseudomonas_syringae_LMG5095_7342_NZ_CP028490	Pseudomonas_syringae_M11_20731_NZ_JAROCH010000010	Pseudomonas_syringae_MB03_4121_NZ_LAGV01000047	Pseudomonas_syringae_MUP17_20728_NZ_CP110807	Pseudomonas_syringae_MUP20_20716_NZ_CP110808	Pseudomonas_syringae_MUP32_20727_NZ_CP110809	Pseudomonas_syringae_NCPPB_3871_5835_NZ_LKEN01000002	Pseudomonas_syringae_NZ45_6142_NZ_MTZF01000001	Pseudomonas_syringae_P108_12228_NZ_VLIA01000012	Pseudomonas_syringae_P121_12232_NZ_VLIE01000021	Pseudomonas_syringae_P78_12243_NZ_WJPU01000012	Pseudomonas_syringae_PA-1-11B_17691_NZ_WJYR01000030	Pseudomonas_syringae_PA-2-9E_17695_NZ_CP066265	Pseudomonas_syringae_PA-5-3F_17693_NZ_WKCY01000048	Pseudomonas_syringae_PA-5-3G_17692_NZ_WKCZ01000015	Pseudomonas_syringae_PsA1M246_17694_NZ_JAKMVN010000019	Pseudomonas_syringae_Pss9654_5872_NZ_MLES01000028	Pseudomonas_syringae_Pss9656_6144_NZ_MLEM01000010	Pseudomonas_syringae_Psy33_20718_NZ_CP036493	Pseudomonas_syringae_R1079_7297_NZ_NQWX01000016	Pseudomonas_syringae_RAYR-BL_17598_NZ_JAHZNS010000008	Pseudomonas_syringae_RMP66_6987_NZ_NHST01000045	Pseudomonas_syringae_SHV1866_17586_NZ_JAHARV010000001	Pseudomonas_syringae_SHV323_17590_NZ_JAHARZ010000001	Pseudomonas_syringae_SV1599_17591_NZ_JAHARU010000001	Pseudomonas_syringae_SV921_17588_NZ_JAHARY010000002	Pseudomonas_syringae_Sevgi_fide_PST_17555_NZ_JAEIKN010000010	Pseudomonas_syringae_StP26_17597_NZ_CP075880	Pseudomonas_syringae_Susan2139_17596_NZ_CP074578	Pseudomonas_syringae_Susan762_17594_NZ_CP074411	Pseudomonas_syringae_Tule1434_17592_NZ_JAHARX010000001	Pseudomonas_syringae_Tule230_17587_NZ_JAHARW010000001	Pseudomonas_syringae_U643_17595_NZ_CP074410	Pseudomonas_syringae_U888_17589_NZ_JAHASA010000001	Pseudomonas_syringae_UB303_12214_NZ_CP047267	Pseudomonas_syringae_UMAF0158_3878_NZ_CP005970	Pseudomonas_syringae_USA011_12213_NZ_CP045799	Pseudomonas_syringae_isolate_CFBP2118_5951_NZ_LT962481	Pseudomonas_syringae_isolate_CFBP3840_6707_NZ_LT963409	Pseudomonas_syringae_isolate_CFBP4215_6752_NZ_LT962480	Pseudomonas_syringae_isolate_CFBP6109_6963_NZ_LT963391	Pseudomonas_syringae_psy100_6403_NZ_MLEV01000005	Pseudomonas_syringae_pv_actinidiae_PSAAH01_20743_NZ_CP116478	Pseudomonas_syringae_pv_actinidiae_str_Shaanxi_M228_11439_NZ_CP032631	Pseudomonas_syringae_pv_actinidifoliorum_ICMP_18803_20753_NZ_CP081457	Pseudomonas_syringae_pv_aptata_G733_11468_NZ_RBOI01000041	Pseudomonas_syringae_pv_avellanae_ISPaVe037_292_NZ_JH951894	Pseudomonas_syringae_pv_avellanae_str_ISPaVe013_26105_NZ_JH951849	Pseudomonas_syringae_pv_cilantro_0788_9_3786_NZ_LGLN01000010	Pseudomonas_syringae_pv_dysoxyli_CFBP_2356_12226_NZ_VLHW01000015	Pseudomonas_syringae_pv_helianthi_LMG_5067_14836_NZ_CP092918	Pseudomonas_syringae_pv_lapsa_ATCC_10859_3811_NZ_CP013183	Pseudomonas_syringae_pv_lapsa_PslA1M171_17765_NZ_JAKMVE010000009	Pseudomonas_syringae_pv_maculicola_M4a_3822_NZ_LGLE01000004	Pseudomonas_syringae_pv_maculicola_YM7930_3817_NZ_LGLD01000029	Pseudomonas_syringae_pv_maculicola_str_ES4326_12204_NZ_CP047260	Pseudomonas_syringae_pv_papulans_PSP1_20741_NZ_JAFFRZ010000001	Pseudomonas_syringae_pv_syringae_2339_3881_NZ_LIHU01000021	Pseudomonas_syringae_pv_syringae_2340_3879_NZ_LIHT01000078	Pseudomonas_syringae_pv_syringae_41a_3079_NZ_JYHJ01000011	Pseudomonas_syringae_pv_syringae_529_11454_NZ_QPBJ01000022	Pseudomonas_syringae_pv_syringae_Alf3_2478_NZ_KL995102	Pseudomonas_syringae_pv_syringae_B301D_3084_NZ_CP005969	Pseudomonas_syringae_pv_syringae_B48_20739_NZ_CP125300	Pseudomonas_syringae_pv_syringae_B64_281_NZ_CM001763	Pseudomonas_syringae_pv_syringae_B728a_112_NC_007005	Pseudomonas_syringae_pv_syringae_EC33_20735_NZ_JAGSOX010000017	Pseudomonas_syringae_pv_syringae_HO7_20736_NZ_JARNIY010000011	Pseudomonas_syringae_pv_syringae_HS191_3083_NZ_CP006256	Pseudomonas_syringae_pv_syringae_Pss9644_17750_NZ_CP066263	Pseudomonas_syringae_pv_syringae_PssA1M140_20740_NZ_JAKMAG010000016	Pseudomonas_syringae_pv_syringae_PssA1M197_17707_NZ_JAKMVF010000007	Pseudomonas_syringae_pv_syringae_PssA1M201_17710_NZ_JAKMVI010000020	Pseudomonas_syringae_pv_syringae_PssA1M250_17721_NZ_JAKMVP010000021	Pseudomonas_syringae_pv_syringae_PssA1M262_17714_NZ_JAKMVV010000011	Pseudomonas_syringae_pv_syringae_S2_2_20738_NZ_JARNIX010000035	Pseudomonas_syringae_pv_syringae_SM_282_NZ_CM001986	Pseudomonas_syringae_pv_syringae_UMAF0176_17744_NZ_JAJPOK010000010	Pseudomonas_syringae_pv_syringae_UMAF0271_17740_NZ_JAJPOF010000013	Pseudomonas_syringae_pv_syringae_UMAF0297_17737_NZ_JAJPOD010000011	Pseudomonas_syringae_pv_syringae_UMAF1003_17741_NZ_JAJPOJ010000013	Pseudomonas_syringae_pv_syringae_UMAF1013_17734_NZ_JAJPOC010000013	Pseudomonas_syringae_pv_syringae_UMAF2016_17739_NZ_JAJPOG010000015	Pseudomonas_syringae_pv_syringae_UMAF2600_17732_NZ_JAJPOA010000013	Pseudomonas_syringae_pv_syringae_UMAF2801_17738_NZ_JAJPOH010000009	Pseudomonas_syringae_pv_syringae_UMAF2815_17736_NZ_JAJPNZ010000006	Pseudomonas_syringae_pv_syringae_UMAF3028_17702_NZ_JACTWB010000009	Pseudomonas_syringae_pv_syringae_UMAF7000_17735_NZ_JAJPNY010000012	Pseudomonas_syringae_pv_tagetis_ICMP_4091_14835_NZ_CP092923	Pseudomonas_syringae_pv_tomato_BRIP38746_11422_NZ_SNVG01000020	p1.G2	p12.A11	p12.E2	p12.G7	p13.C1	p13.D10	p13.F3	p20.D4	p20.F10	p20.G9	p21.A8	p21.E3	p21.F1	p21.F9	p22.A8	p22.B5	p22.C1	p22.D1	p22.D4	p23.A3	p23.B2	p23.B8	p24.B5	p24.H2	p25.A12	p25.B2	p25.C11	p25.C2	p25.D2	p26.B7	p26.D6	p26.E7	p27.D6	p27.F2	p3.A3	p3.F12	p3.F8	p3.G9	p4.A6	p4.D2	p4.E5	p4.E6	p5.C1	p5.C3	p5.D5	p5.H11	p6.B9	p7.G11	p8.B3	p8.B9	p8.C7	p8.E4	p8.H7
Pseudomonas_syringae_1188_1_11471_NZ_RBPG01000002	0.0	0.5580304806565064	0.5460992907801419	1.0	1.0	1.0	1.0	0.8459152016546019	0.8704453441295547	0.8313291139240506	0.8813899097895088	1.0	1.0	1.0	0.24285714285714288	1.0	0.9894319682959049	1.0	0.8899204244031831	1.0	1.0	1.0	0.8988361683079678	1.0	1.0	1.0	1.0	1.0	1.0	1.0	1.0	0.8457914572864321	1.0	0.886968085106383	1.0	1.0	1.0	0.4901800327332242	0.8494051346274264	1.0	0.8631578947368421	0.8899204244031831	1.0	0.999458141425088	1.0	1.0	1.0	0.8635437881873727	0.9642051860202931	1.0	0.8129218900675024	0.9219712525667351	0.7020752725993669	0.8631578947368421	0.886968085106383	0.8351822503961965	0.990983606557377	1.0	0.851063829787234	0.8753778972119584	0.8828828828828829	0.9993440472285995	0.886968085106383	1.0	0.8514579759862779	0.8828828828828829	0.886968085106383	1.0	0.9993440472285995	1.0	1.0	1.0	1.0	0.8947368421052632	0.8988361683079678	0.8653905526397037	0.9363241678726484	1.0	0.999458141425088	0.999458141425088	0.9934587080948487	0.9219712525667351	0.8351822503961965	0.8390443256837472	0.9997289238275956	1.0	0.9839150227617602	1.0	0.8631578947368421	1.0	1.0	1.0	1.0	1.0	1.0	0.35927078701645176	1.0	1.0	0.6877667140825036	0.7801652892561983	0.4901800327332242	1.0	1.0	1.0	1.0	0.8660907127429806	0.8997005988023952	1.0	0.6877667140825036	1.0	0.8660907127429806	1.0	1.0	0.8575851393188855	0.8635663689559594	0.9031779031779031	1.0	0.9285714285714286	1.0	1.0	0.8575851393188855	1.0	0.8322784810126582	1.0	0.9839150227617602	1.0	0.9965484781926577	1.0	0.9969503742722484	0.9965484781926577	0.9963922597572975	0.9965484781926577	0.9969730324711062	0.9969503742722484	1.0	1.0	1.0	0.9963922597572975	0.9969503742722484	1.0	0.9963922597572975	0.9963922597572975	0.9965484781926577	1.0	0.9969503742722484	0.9969730324711062	0.9969730324711062	0.9969503742722484	0.9965484781926577	1.0	0.9965484781926577	0.9969503742722484	1.0	0.9969503742722484	0.9969503742722484	0.9969503742722484	0.9969503742722484	0.9969503742722484	1.0	0.9965484781926577	0.9969503742722484	0.9969503742722484	0.9969503742722484	0.9965484781926577	0.9969503742722484	0.9965484781926577	0.9963922597572975	0.9963922597572975	1.0	0.9963922597572975	0.9969503742722484	0.9969730324711062	0.9969503742722484	0.9969730324711062	0.9969503742722484	0.9969503742722484	0.9963922597572975	0.9965484781926577	1.0
Pseudomonas_syringae_1845_4123_NZ_LYUP01000021	0.5580304806565064	0.0	0.46760797342192695	1.0	1.0	1.0	1.0	0.9126339720688535	0.9303514376996805	0.8671779141104294	0.9008535784635587	1.0	1.0	1.0	0.5752895752895753	1.0	0.9894319682959049	1.0	0.9062397909180007	1.0	1.0	1.0	0.8780784432958346	1.0	1.0	1.0	1.0	1.0	1.0	1.0	1.0	0.8795731707317074	1.0	0.911219512195122	1.0	1.0	1.0	0.5856650057493292	0.8554967299906571	1.0	0.8917576961271102	0.8906560636182903	1.0	0.9967400162999185	1.0	1.0	1.0	0.9234726688102894	0.9642051860202931	1.0	0.8587762669962917	0.8723534826633936	0.7129403557725846	0.8917576961271102	0.911219512195122	0.8604651162790697	0.9931842966194111	1.0	0.9094462540716612	0.9220862846104314	0.8592844974446338	0.991404958677686	0.911219512195122	1.0	0.912987012987013	0.8592844974446338	0.911219512195122	1.0	0.991404958677686	1.0	1.0	1.0	1.0	0.8917370325693607	0.8780784432958346	0.8839963559064683	0.9140070921985816	1.0	0.9967400162999185	0.9967400162999185	0.9967400162999185	0.8723534826633936	0.8604651162790697	0.8826021180030257	0.9967373572593801	1.0	0.9882139619220308	1.0	0.8906560636182903	1.0	1.0	1.0	1.0	1.0	1.0	0.5867483722711605	1.0	1.0	0.7249481686247408	0.8214627914404343	0.5292945396572339	1.0	1.0	1.0	1.0	0.900359066427289	0.9020017926501345	1.0	0.7249481686247408	1.0	0.900359066427289	1.0	1.0	0.8065976714100905	0.8042773817239144	0.8484565014031805	1.0	0.8863636363636364	1.0	1.0	0.8065976714100905	1.0	0.7905604719764012	1.0	0.9882139619220308	1.0	0.9949717159019484	1.0	0.9955580233203776	0.9949717159019484	0.9947437582128777	0.9949717159019484	0.996420704845815	0.9969503742722484	1.0	1.0	1.0	0.9947437582128777	0.9963938973647711	1.0	0.9947437582128777	0.9947437582128777	0.9949717159019484	1.0	0.9955580233203776	0.9969730324711062	0.9969730324711062	0.9969503742722484	0.9949717159019484	0.9986263736263736	0.9965484781926577	0.9969503742722484	1.0	0.9969503742722484	0.9969503742722484	0.9955580233203776	0.9955580233203776	0.9969503742722484	0.9983633387888707	0.9949717159019484	0.9969503742722484	0.9969503742722484	0.9955580233203776	0.9949717159019484	0.9969503742722484	0.9959183673469387	0.9947437582128777	0.9947437582128777	1.0	0.9947437582128777	0.9963938973647711	0.9969730324711062	0.9955580233203776	0.9969730324711062	0.9969503742722484	0.9963938973647711	0.9963922597572975	0.9965484781926577	0.9986263736263736
Pseudomonas_syringae_2507_4122_NZ_LYUO01000008	0.5460992907801419	0.46760797342192695	0.0	1.0	1.0	1.0	1.0	0.8813899097895088	0.9080234833659491	0.8441314553990611	0.8761329305135952	1.0	1.0	1.0	0.6246738725307492	1.0	0.9894319682959049	1.0	0.8787675820495646	1.0	1.0	1.0	0.8895576286488113	1.0	1.0	1.0	1.0	1.0	1.0	1.0	1.0	0.8608183508989461	1.0	0.8746218487394958	1.0	1.0	1.0	0.6200448765893792	0.8273771537970644	1.0	0.8569477637418914	0.8435233160621762	1.0	0.9967400162999185	1.0	1.0	1.0	0.875	0.9791666666666666	1.0	0.8250079541839007	0.8893925657298277	0.7384615384615385	0.8569477637418914	0.8746218487394958	0.8266283524904214	0.9918099918099919	1.0	0.8817635270541082	0.8862275449101796	0.8650847457627119	0.991404958677686	0.8746218487394958	1.0	0.8631578947368421	0.8650847457627119	0.8746218487394958	1.0	0.991404958677686	1.0	1.0	1.0	1.0	0.8873751135331517	0.8895576286488113	0.8650401482396541	0.9244951712028094	1.0	0.9967400162999185	0.9967400162999185	0.9967400162999185	0.8893925657298277	0.8266283524904214	0.8591288229842446	0.9997289238275956	1.0	0.9839150227617602	1.0	0.8463128876636802	1.0	1.0	1.0	1.0	1.0	1.0	0.5535084280674245	1.0	1.0	0.7478791991856124	0.8054386532858531	0.1306990881458967	1.0	1.0	1.0	1.0	0.8636363636363636	0.8977204559088182	1.0	0.7478791991856124	1.0	0.8636363636363636	1.0	1.0	0.8307984790874525	0.8381612090680101	0.8751142247943954	1.0	0.8920711486282785	1.0	1.0	0.8307984790874525	1.0	0.8123591889282266	1.0	0.9839150227617602	1.0	0.9949717159019484	1.0	0.9955580233203776	0.9949717159019484	0.9947437582128777	0.9949717159019484	0.996420704845815	0.9969503742722484	1.0	1.0	1.0	0.9947437582128777	0.9963938973647711	1.0	0.9947437582128777	0.9947437582128777	0.9949717159019484	1.0	0.9955580233203776	0.9969730324711062	0.9969730324711062	0.9969503742722484	0.9949717159019484	0.9986263736263736	0.9965484781926577	0.9969503742722484	1.0	0.9969503742722484	0.9969503742722484	0.9955580233203776	0.9955580233203776	0.9969503742722484	0.9983633387888707	0.9949717159019484	0.9969503742722484	0.9969503742722484	0.9955580233203776	0.9949717159019484	0.9969503742722484	0.9959183673469387	0.9947437582128777	0.9947437582128777	1.0	0.9947437582128777	0.9963938973647711	0.9969730324711062	0.9955580233203776	0.9969730324711062	0.9969503742722484	0.9963938973647711	0.9963922597572975	0.9965484781926577	0.9986263736263736
Pseudomonas_syringae_260-02_11495_NZ_MLFM01000009	1.0	1.0	1.0	0.0	0.9641589779985805	0.9641589779985805	0.929908256880734	1.0	1.0	1.0	1.0	0.9803431022158685	0.9920497753197373	0.9752155172413793	1.0	1.0	1.0	0.9807692307692307	1.0	0.16782334384858044	1.0	0.9525862068965517	1.0	0.038969201759899486	0.8899782135076253	0.9803431022158685	0.958943234559086	0.958943234559086	0.9700361010830325	0.9700361010830325	0.9920497753197373	1.0	0.9674220963172805	1.0	0.9752155172413793	0.958943234559086	0.9807692307692307	1.0	1.0	0.9578270192994996	1.0	1.0	0.9920497753197373	1.0	0.9741935483870968	0.9752155172413793	0.038969201759899486	1.0	1.0	0.9749715585893061	1.0	1.0	1.0	1.0	1.0	1.0	1.0	0.07856693903205536	1.0	1.0	1.0	0.9667538289129622	1.0	0.9741935483870968	1.0	1.0	1.0	0.9502846299810247	0.9667538289129622	0.9741935483870968	0.9641589779985805	0.9920497753197373	0.9641589779985805	1.0	1.0	1.0	1.0	0.9920497753197373	1.0	1.0	1.0	1.0	1.0	1.0	1.0	0.9920497753197373	1.0	0.9950641658440277	1.0	1.0	1.0	1.0	1.0	0.9641589779985805	0.9641589779985805	1.0	0.9685807150595883	0.9502846299810247	1.0	1.0	1.0	0.9446254071661238	0.958943234559086	0.9685807150595883	0.9525862068965517	1.0	1.0	0.9685807150595883	1.0	0.9641589779985805	1.0	0.9685807150595883	0.9502846299810247	1.0	1.0	1.0	0.9920497753197373	1.0	0.9920497753197373	0.9920497753197373	1.0	0.23129251700680276	1.0	0.929908256880734	1.0	1.0	1.0	1.0	1.0	1.0	1.0	1.0	1.0	1.0	1.0	1.0	1.0	1.0	1.0	1.0	1.0	1.0	1.0	1.0	1.0	1.0	1.0	1.0	1.0	1.0	1.0	1.0	1.0	1.0	1.0	1.0	1.0	1.0	1.0	1.0	1.0	1.0	1.0	1.0	1.0	1.0	1.0	1.0	1.0	1.0	1.0	1.0	1.0	1.0	1.0	1.0	1.0	1.0	1.0
Pseudomonas_syringae_2675C_6916_NZ_MLEX01000022	1.0	1.0	1.0	0.9641589779985805	0.0	0.0	0.9585730724971231	1.0	1.0	1.0	1.0	0.9045848822800495	0.9793233082706767	0.9108829568788501	1.0	1.0	1.0	0.9553235908141963	1.0	0.9834524257239564	0.9732868757259001	0.9070048309178744	1.0	0.9641589779985805	0.958804228946409	0.9045848822800495	0.8868388683886839	0.8868388683886839	0.8972972972972972	0.8972972972972972	0.9708112206216831	1.0	0.8999189627228525	1.0	0.9108829568788501	0.8868388683886839	0.9553235908141963	1.0	1.0	0.9008097165991903	1.0	1.0	0.9793233082706767	1.0	0.9600997506234414	0.9108829568788501	0.9641589779985805	1.0	1.0	0.9416243654822335	1.0	1.0	1.0	1.0	1.0	1.0	1.0	0.9685807150595883	1.0	1.0	1.0	0.9611178614823815	1.0	0.9600997506234414	1.0	1.0	1.0	0.955193482688391	0.9611178614823815	0.9600997506234414	0.1635135135135135	0.9793233082706767	0.20475561426684286	1.0	1.0	1.0	1.0	0.9708112206216831	1.0	1.0	1.0	1.0	1.0	1.0	1.0	0.9793233082706767	1.0	0.9996493688639552	1.0	1.0	0.9943117178612059	0.9943117178612059	0.9854628921193573	0.1635135135135135	0.04460431654676256	1.0	0.04635761589403975	0.955193482688391	1.0	1.0	1.0	0.9012545528126265	0.8868388683886839	0.20608108108108103	0.9070048309178744	1.0	1.0	0.20608108108108103	1.0	0.1635135135135135	1.0	0.14075630252100846	0.955193482688391	1.0	1.0	1.0	0.9793233082706767	1.0	0.9793233082706767	0.9793233082706767	1.0	0.9861062869051754	1.0	0.9585730724971231	1.0	0.9949567723342939	1.0	1.0	1.0	1.0	1.0	1.0	1.0	1.0	1.0	1.0	1.0	1.0	1.0	1.0	1.0	1.0	1.0	1.0	1.0	1.0	1.0	1.0	1.0	1.0	1.0	1.0	1.0	1.0	1.0	1.0	1.0	1.0	1.0	1.0	1.0	1.0	1.0	1.0	1.0	1.0	1.0	1.0	1.0	1.0	1.0	1.0	1.0	1.0	1.0	1.0	1.0	1.0	1.0
Pseudomonas_syringae_2676C_6925_NZ_MLEY01000018	1.0	1.0	1.0	0.9641589779985805	0.0	0.0	0.9585730724971231	1.0	1.0	1.0	1.0	0.9045848822800495	0.9793233082706767	0.9108829568788501	1.0	1.0	1.0	0.9553235908141963	1.0	0.9834524257239564	0.9732868757259001	0.9070048309178744	1.0	0.9641589779985805	0.958804228946409	0.9045848822800495	0.8868388683886839	0.8868388683886839	0.8972972972972972	0.8972972972972972	0.9708112206216831	1.0	0.8999189627228525	1.0	0.9108829568788501	0.8868388683886839	0.9553235908141963	1.0	1.0	0.9008097165991903	1.0	1.0	0.9793233082706767	1.0	0.9600997506234414	0.9108829568788501	0.9641589779985805	1.0	1.0	0.9416243654822335	1.0	1.0	1.0	1.0	1.0	1.0	1.0	0.9685807150595883	1.0	1.0	1.0	0.9611178614823815	1.0	0.9600997506234414	1.0	1.0	1.0	0.955193482688391	0.9611178614823815	0.9600997506234414	0.1635135135135135	0.9793233082706767	0.20475561426684286	1.0	1.0	1.0	1.0	0.9708112206216831	1.0	1.0	1.0	1.0	1.0	1.0	1.0	0.9793233082706767	1.0	0.9996493688639552	1.0	1.0	0.9943117178612059	0.9943117178612059	0.9854628921193573	0.1635135135135135	0.04460431654676256	1.0	0.04635761589403975	0.955193482688391	1.0	1.0	1.0	0.9012545528126265	0.8868388683886839	0.20608108108108103	0.9070048309178744	1.0	1.0	0.20608108108108103	1.0	0.1635135135135135	1.0	0.14075630252100846	0.955193482688391	1.0	1.0	1.0	0.9793233082706767	1.0	0.9793233082706767	0.9793233082706767	1.0	0.9861062869051754	1.0	0.9585730724971231	1.0	0.9949567723342939	1.0	1.0	1.0	1.0	1.0	1.0	1.0	1.0	1.0	1.0	1.0	1.0	1.0	1.0	1.0	1.0	1.0	1.0	1.0	1.0	1.0	1.0	1.0	1.0	1.0	1.0	1.0	1.0	1.0	1.0	1.0	1.0	1.0	1.0	1.0	1.0	1.0	1.0	1.0	1.0	1.0	1.0	1.0	1.0	1.0	1.0	1.0	1.0	1.0	1.0	1.0	1.0	1.0
Pseudomonas_syringae_31R1_5320_NZ_LT629769	1.0	1.0	1.0	0.929908256880734	0.9585730724971231	0.9585730724971231	0.0	1.0	1.0	1.0	1.0	0.8756366723259762	0.562798092209857	0.9071782178217822	1.0	1.0	1.0	0.9890776699029126	1.0	0.9522700814901047	0.9977298524404086	0.9055690072639225	1.0	0.929908256880734	0.9606557377049181	0.8756366723259762	0.9042424242424243	0.9042424242424243	0.9071782178217822	0.9071782178217822	0.8662207357859532	1.0	0.9006890960680989	1.0	0.9071782178217822	0.9042424242424243	0.9890776699029126	1.0	1.0	0.8746887966804979	1.0	1.0	0.562798092209857	1.0	0.9824918566775245	0.9071782178217822	0.929908256880734	1.0	1.0	0.9841463414634146	1.0	1.0	1.0	1.0	1.0	1.0	1.0	0.9318607263197305	1.0	1.0	1.0	0.9792828685258964	1.0	0.9824918566775245	1.0	1.0	1.0	0.9792828685258964	0.9792828685258964	0.9824918566775245	0.9585730724971231	0.562798092209857	0.9593714066692219	1.0	1.0	1.0	1.0	0.8662207357859532	1.0	1.0	1.0	1.0	1.0	1.0	1.0	0.562798092209857	1.0	0.9961253962662909	1.0	1.0	1.0	1.0	0.6634712411705348	0.9585730724971231	0.9585730724971231	1.0	0.9575471698113207	0.9792828685258964	1.0	1.0	1.0	0.8624161073825504	0.9042424242424243	0.9575471698113207	0.9055690072639225	1.0	1.0	0.9575471698113207	1.0	0.9585730724971231	1.0	0.9583660644147682	0.9792828685258964	1.0	1.0	1.0	0.562798092209857	1.0	0.562798092209857	0.562798092209857	1.0	0.8546739984289081	1.0	0.08744710860366711	1.0	0.9992818671454219	1.0	1.0	1.0	1.0	1.0	1.0	1.0	1.0	1.0	1.0	1.0	1.0	1.0	1.0	1.0	1.0	1.0	1.0	1.0	1.0	1.0	1.0	1.0	1.0	1.0	1.0	1.0	1.0	1.0	1.0	1.0	1.0	1.0	1.0	1.0	1.0	1.0	1.0	1.0	1.0	1.0	1.0	1.0	1.0	1.0	1.0	1.0	1.0	1.0	1.0	1.0	1.0	1.0
Pseudomonas_syringae_44527_20732_NZ_JARNJB010000018	0.8459152016546019	0.9126339720688535	0.8813899097895088	1.0	1.0	1.0	1.0	0.0	0.1880650994575045	0.8762575452716298	0.6063977746870653	1.0	1.0	1.0	0.8310055865921788	1.0	0.9880863737900223	1.0	0.6810004387889426	1.0	1.0	1.0	0.9511278195488722	1.0	1.0	1.0	1.0	1.0	1.0	1.0	1.0	0.9054187192118226	1.0	0.6286496350364963	1.0	1.0	1.0	0.8997699638514624	0.9039789542913516	1.0	0.5513253012048193	0.6526221425369789	1.0	0.9939957970579406	1.0	1.0	1.0	0.1648351648351648	0.99	1.0	0.8848585690515807	0.9378585086042065	0.9238187078109933	0.5513253012048193	0.6286496350364963	0.8871452420701169	0.99096657633243	1.0	0.5322265625	0.6089773253123554	0.6128287955699123	0.9992611747321758	0.6336363636363636	1.0	0.19892150988615942	0.6128287955699123	0.6286496350364963	1.0	0.9992611747321758	1.0	1.0	1.0	1.0	0.9182083739045764	0.9511278195488722	0.8739864864864865	0.9508970727101038	1.0	0.9939957970579406	0.9939957970579406	0.9939957970579406	0.9378585086042065	0.8871452420701169	0.8976973684210526	0.9997012249775918	1.0	0.975809199318569	1.0	0.588069516204791	1.0	1.0	1.0	1.0	1.0	1.0	0.8207115181401903	1.0	1.0	0.9238187078109933	0.9126339720688535	0.8358831710709318	1.0	1.0	1.0	1.0	0.890479360852197	0.9234496124031008	1.0	0.9238187078109933	1.0	0.890479360852197	1.0	1.0	0.9381541389153187	0.9481621112158342	0.938212927756654	1.0	0.9378585086042065	1.0	1.0	0.9381541389153187	1.0	0.9381541389153187	1.0	0.9719562243502052	1.0	0.9961335676625659	1.0	0.9966309341500765	0.9961335676625659	0.9959364610269671	0.9961335676625659	0.9966585662211421	0.9966309341500765	1.0	1.0	1.0	0.9959364610269671	0.9966309341500765	1.0	0.9959364610269671	0.9959364610269671	0.9961335676625659	1.0	0.9966309341500765	0.9966585662211421	0.9966585662211421	0.9966309341500765	0.9961335676625659	1.0	0.9961335676625659	0.9966309341500765	1.0	0.9966309341500765	0.9966309341500765	0.9966309341500765	0.9966309341500765	0.9966309341500765	1.0	0.9961335676625659	0.9966309341500765	0.9966309341500765	0.9966309341500765	0.9961335676625659	0.9966309341500765	0.9961335676625659	0.9959364610269671	0.9959364610269671	1.0	0.9959364610269671	0.9966309341500765	0.9966585662211421	0.9966309341500765	0.9966585662211421	0.9966309341500765	0.9966309341500765	0.9959364610269671	0.9961335676625659	1.0
Pseudomonas_syringae_5264_5873_NZ_NBAQ01000017	0.8704453441295547	0.9303514376996805	0.9080234833659491	1.0	1.0	1.0	1.0	0.1880650994575045	0.0	0.8944242824150446	0.6211009174311927	1.0	1.0	1.0	0.8646998982706002	1.0	0.9892153216809223	1.0	0.5840791333019313	1.0	1.0	1.0	0.9511278195488722	1.0	1.0	1.0	1.0	1.0	1.0	1.0	1.0	0.8463136033229491	1.0	0.5235756385068762	1.0	1.0	1.0	0.8950495049504951	0.8690193417034272	1.0	0.6141078838174274	0.6057513914656771	1.0	0.9939957970579406	1.0	1.0	1.0	0.2624277456647399	0.981979230299328	1.0	0.8800133689839572	0.9402225755166932	0.9227799227799228	0.6141078838174274	0.5235756385068762	0.8822937625754528	0.9976069398743643	1.0	0.5582733812949641	0.5007481296758105	0.6483812949640289	0.9992611747321758	0.5293542074363993	1.0	0.23072395526780454	0.6483812949640289	0.5235756385068762	1.0	0.9992611747321758	1.0	1.0	1.0	1.0	0.9171539961013645	0.9511278195488722	0.9100719424460432	0.9508970727101038	1.0	0.9939957970579406	0.9939957970579406	0.9939957970579406	0.9402225755166932	0.8822937625754528	0.8929633300297324	1.0	1.0	0.974061433447099	1.0	0.6089773253123554	1.0	1.0	1.0	1.0	1.0	1.0	0.8338557993730408	1.0	1.0	0.9227799227799228	0.9317166560306318	0.8646998982706002	1.0	1.0	1.0	1.0	0.8878878878878879	0.9224054316197866	1.0	0.9227799227799228	1.0	0.8878878878878879	1.0	1.0	0.9405063291139241	0.9458438287153652	0.9405627568763831	1.0	0.9402225755166932	1.0	1.0	0.9405063291139241	1.0	0.9405063291139241	1.0	0.9701952723535457	1.0	0.9961335676625659	1.0	0.9966309341500765	0.9961335676625659	0.9959364610269671	0.9961335676625659	0.9966585662211421	0.9966309341500765	1.0	1.0	1.0	0.9959364610269671	0.9966309341500765	1.0	0.9959364610269671	0.9959364610269671	0.9961335676625659	1.0	0.9966309341500765	0.9966585662211421	0.9966585662211421	0.9966309341500765	0.9961335676625659	1.0	0.9961335676625659	0.9966309341500765	1.0	0.9966309341500765	0.9966309341500765	0.9966309341500765	0.9966309341500765	0.9966309341500765	1.0	0.9961335676625659	0.9966309341500765	0.9966309341500765	0.9966309341500765	0.9961335676625659	0.9966309341500765	0.9961335676625659	0.9959364610269671	0.9959364610269671	1.0	0.9959364610269671	0.9966309341500765	0.9966585662211421	0.9966309341500765	0.9966585662211421	0.9966309341500765	0.9966309341500765	0.9959364610269671	0.9961335676625659	1.0
Pseudomonas_syringae_7928A_6990_NZ_NBAL01000010	0.8313291139240506	0.8671779141104294	0.8441314553990611	1.0	1.0	1.0	1.0	0.8762575452716298	0.8944242824150446	0.0	0.8671399594320487	1.0	1.0	1.0	0.8434074538051989	1.0	0.9894424282415044	1.0	0.8656059580230197	1.0	1.0	1.0	0.925516438754728	1.0	1.0	1.0	1.0	1.0	1.0	1.0	1.0	0.743423300307482	1.0	0.8728557013118062	1.0	1.0	1.0	0.7326698695950584	0.7796947577969475	1.0	0.8785140562248996	0.898784094643444	1.0	0.9994585814834868	1.0	1.0	1.0	0.885970744680851	0.9777654252362423	1.0	0.7148817802503478	0.8981426003594967	0.8534616578702267	0.8785140562248996	0.8728557013118062	0.6235029940119761	0.9882288529975363	1.0	0.881135225375626	0.8844873501997337	0.8976973684210526	0.9914134742404227	0.8728557013118062	1.0	0.8973346495557749	0.8976973684210526	0.8728557013118062	1.0	0.9914134742404227	1.0	1.0	1.0	1.0	0.837914691943128	0.925516438754728	0.8035133376707873	0.8609476618148033	1.0	0.9994585814834868	0.9994585814834868	0.9983739837398374	0.8981426003594967	0.6235029940119761	0.18467583497053042	0.9951020408163266	1.0	0.985160508782556	1.0	0.853967168262654	1.0	1.0	1.0	1.0	1.0	1.0	0.8430451127819549	1.0	1.0	0.8584234930448222	0.8640418332820671	0.8555934304307407	1.0	1.0	1.0	1.0	0.7984318850049004	0.8401135288552507	1.0	0.8584234930448222	1.0	0.7984318850049004	1.0	1.0	0.9002382370458606	0.8923215356928614	0.7394270122783083	1.0	0.8864668483197093	1.0	1.0	0.9002382370458606	1.0	0.9070730985498668	1.0	0.985160508782556	1.0	0.9949764521193093	1.0	0.9955617198335645	0.9949764521193093	0.9947489333770922	0.9949764521193093	0.9964236588720771	0.9969529085872576	1.0	1.0	1.0	0.9947489333770922	0.9963968957871396	1.0	0.9947489333770922	0.9947489333770922	0.9949764521193093	1.0	0.9955617198335645	0.9969755292823755	0.9969755292823755	0.9969529085872576	0.9949764521193093	0.9986275048037332	0.996551724137931	0.9969529085872576	1.0	0.9969529085872576	0.9969529085872576	0.9955617198335645	0.9955617198335645	0.9969529085872576	0.9983649444081099	0.9949764521193093	0.9969529085872576	0.9969529085872576	0.9955617198335645	0.9949764521193093	0.9969529085872576	0.9959222082810539	0.9947489333770922	0.9947489333770922	1.0	0.9947489333770922	0.9963968957871396	0.9969755292823755	0.9955617198335645	0.9969755292823755	0.9969529085872576	0.9963968957871396	0.9963958060288336	0.996551724137931	0.9986275048037332
Pseudomonas_syringae_BIM_B-268_17583_NZ_CP068034	0.8813899097895088	0.9008535784635587	0.8761329305135952	1.0	1.0	1.0	1.0	0.6063977746870653	0.6211009174311927	0.8671399594320487	0.0	1.0	1.0	1.0	0.8943196829590488	1.0	0.9880863737900223	1.0	0.46475995914198165	1.0	1.0	1.0	0.9401709401709402	1.0	1.0	1.0	1.0	1.0	1.0	1.0	1.0	0.8682512733446519	1.0	0.3985082578582845	1.0	1.0	1.0	0.8650847457627119	0.9025353967731313	1.0	0.4392523364485982	0.4825845532559313	1.0	0.9994028068080024	1.0	1.0	1.0	0.5907172995780591	0.9933554817275747	1.0	0.8559235233868214	0.9300160513643659	0.8994082840236687	0.4392523364485982	0.3985082578582845	0.8542454451701615	0.9900542495479204	1.0	0.40445859872611467	0.42452830188679247	0.45211122554067973	0.9970381340244354	0.42452830188679247	1.0	0.5699333967649858	0.45211122554067973	0.3985082578582845	1.0	0.9970381340244354	1.0	1.0	1.0	1.0	0.8875166889185581	0.9401709401709402	0.8686354378818737	0.938872970391595	1.0	0.9994028068080024	0.9994028068080024	0.9997014925373134	0.9300160513643659	0.8542454451701615	0.8574838049778384	0.9945945945945946	1.0	0.9817073170731707	1.0	0.3225446428571429	1.0	1.0	1.0	1.0	1.0	1.0	0.8538171858952414	1.0	1.0	0.8994082840236687	0.9073107049608355	0.8681541582150101	1.0	1.0	1.0	1.0	0.8674821610601426	0.8989098116947473	1.0	0.8994082840236687	1.0	0.8674821610601426	1.0	1.0	0.9303514376996805	0.9398353388220393	0.9304181295882541	1.0	0.9300160513643659	1.0	1.0	0.9303514376996805	1.0	0.9303514376996805	1.0	0.9789402173913043	1.0	0.9961335676625659	1.0	0.9966309341500765	0.9961335676625659	0.9959364610269671	0.9961335676625659	0.9966585662211421	0.9966309341500765	1.0	1.0	1.0	0.9959364610269671	0.9966309341500765	1.0	0.9959364610269671	0.9959364610269671	0.9961335676625659	1.0	0.9966309341500765	0.9966585662211421	0.9966585662211421	0.9966309341500765	0.9961335676625659	1.0	0.9961335676625659	0.9966309341500765	1.0	0.9966309341500765	0.9966309341500765	0.9966309341500765	0.9966309341500765	0.9966309341500765	1.0	0.9961335676625659	0.9966309341500765	0.9966309341500765	0.9966309341500765	0.9961335676625659	0.9966309341500765	0.9961335676625659	0.9959364610269671	0.9959364610269671	1.0	0.9959364610269671	0.9966309341500765	0.9966585662211421	0.9966309341500765	0.9966585662211421	0.9966309341500765	0.9966309341500765	0.9959364610269671	0.9961335676625659	1.0
Pseudomonas_syringae_BRIP34881_444_NZ_KB316543	1.0	1.0	1.0	0.9803431022158685	0.9045848822800495	0.9045848822800495	0.8756366723259762	1.0	1.0	1.0	1.0	0.0	0.899002493765586	0.4823943661971831	1.0	1.0	1.0	0.9120142920946851	1.0	0.9881043745203377	0.9965075669383003	0.5008488964346349	1.0	0.9803431022158685	0.9670492410218438	0.0	0.5380794701986755	0.5380794701986755	0.5214408233276158	0.5214408233276158	0.9724592707525214	1.0	0.505922165820643	1.0	0.4823943661971831	0.5380794701986755	0.9120142920946851	1.0	1.0	0.04646017699115046	1.0	1.0	0.899002493765586	1.0	0.8997289972899729	0.4823943661971831	0.9803431022158685	1.0	1.0	0.9292307692307692	1.0	1.0	1.0	1.0	1.0	1.0	1.0	0.979890310786106	1.0	1.0	1.0	0.9025032938076416	1.0	0.8997289972899729	1.0	1.0	1.0	0.9025032938076416	0.9025032938076416	0.8997289972899729	0.8991282689912827	0.899002493765586	0.8991282689912827	1.0	1.0	1.0	1.0	0.9724592707525214	1.0	1.0	1.0	1.0	1.0	1.0	1.0	0.899002493765586	1.0	1.0	1.0	1.0	0.9972857696781698	0.9972857696781698	0.9251870324189526	0.8991282689912827	0.9045848822800495	1.0	0.9020356234096693	0.9025032938076416	1.0	1.0	1.0	0.7627276973376926	0.5126333520494104	0.8964194373401535	0.5008488964346349	1.0	1.0	0.8964194373401535	1.0	0.9045848822800495	1.0	0.9020356234096693	0.9025032938076416	1.0	1.0	1.0	0.899002493765586	1.0	0.899002493765586	0.899002493765586	1.0	0.9854196301564723	1.0	0.8822784810126583	1.0	0.9966850828729282	1.0	1.0	1.0	1.0	1.0	1.0	1.0	1.0	1.0	1.0	1.0	1.0	1.0	1.0	1.0	1.0	1.0	1.0	1.0	1.0	1.0	1.0	1.0	1.0	1.0	1.0	1.0	1.0	1.0	1.0	1.0	1.0	1.0	1.0	1.0	1.0	1.0	1.0	1.0	1.0	1.0	1.0	1.0	1.0	1.0	1.0	1.0	1.0	1.0	1.0	1.0	1.0	1.0
Pseudomonas_syringae_BRIP39023_442_NZ_KB316296	1.0	1.0	1.0	0.9920497753197373	0.9793233082706767	0.9793233082706767	0.562798092209857	1.0	1.0	1.0	1.0	0.899002493765586	0.0	0.929264349232013	1.0	1.0	1.0	0.9943661971830986	1.0	1.0	0.9977298524404086	0.9272151898734178	1.0	0.9920497753197373	1.0	0.899002493765586	0.925940594059406	0.925940594059406	0.929264349232013	0.929264349232013	0.6205493387589014	1.0	0.9225268176400476	1.0	0.929264349232013	0.925940594059406	0.9943661971830986	1.0	1.0	0.8975609756097561	1.0	1.0	0.0	1.0	0.9943661971830986	0.929264349232013	0.9920497753197373	1.0	1.0	0.9943661971830986	1.0	1.0	1.0	1.0	1.0	1.0	1.0	0.9950686861570975	1.0	1.0	1.0	0.9909413154785348	1.0	0.9943661971830986	1.0	1.0	1.0	0.9909413154785348	0.9909413154785348	0.9943661971830986	0.9793233082706767	0.0	0.9800901577761082	1.0	1.0	1.0	1.0	0.6205493387589014	1.0	1.0	1.0	1.0	1.0	1.0	1.0	0.0	1.0	1.0	1.0	1.0	1.0	1.0	0.41472172351885095	0.9793233082706767	0.9793233082706767	1.0	0.9788217173661917	0.9909413154785348	1.0	1.0	1.0	0.9177972865123704	0.925940594059406	0.9788217173661917	0.9272151898734178	1.0	1.0	0.9788217173661917	1.0	0.9793233082706767	1.0	0.9796075413620623	0.9909413154785348	1.0	1.0	1.0	0.0	1.0	0.0	0.0	1.0	0.9746835443037974	1.0	0.562798092209857	1.0	0.9956756756756757	1.0	1.0	1.0	1.0	1.0	1.0	1.0	1.0	1.0	1.0	1.0	1.0	1.0	1.0	1.0	1.0	1.0	1.0	1.0	1.0	1.0	1.0	1.0	1.0	1.0	1.0	1.0	1.0	1.0	1.0	1.0	1.0	1.0	1.0	1.0	1.0	1.0	1.0	1.0	1.0	1.0	1.0	1.0	1.0	1.0	1.0	1.0	1.0	1.0	1.0	1.0	1.0	1.0
Pseudomonas_syringae_BRIP65014-c_20724_NZ_JAJISW010000012	1.0	1.0	1.0	0.9752155172413793	0.9108829568788501	0.9108829568788501	0.9071782178217822	1.0	1.0	1.0	1.0	0.4823943661971831	0.929264349232013	0.0	1.0	1.0	1.0	0.8992318120198826	1.0	0.9810664605873262	0.9984508133230054	0.04646017699115046	1.0	0.9752155172413793	0.9566192969334331	0.4823943661971831	0.24685638649900732	0.24685638649900732	0.21408839779005528	0.21408839779005528	0.9795839753466872	1.0	0.250330250990753	1.0	0.0	0.24685638649900732	0.8992318120198826	1.0	1.0	0.5008488964346349	1.0	1.0	0.929264349232013	1.0	0.9509043927648578	0.0	0.9752155172413793	1.0	1.0	0.9454545454545454	1.0	1.0	1.0	1.0	1.0	1.0	1.0	0.9746416758544653	1.0	1.0	1.0	0.9522012578616352	1.0	0.9509043927648578	1.0	1.0	1.0	0.9522012578616352	0.9522012578616352	0.9509043927648578	0.9068425391591096	0.929264349232013	0.9068425391591096	1.0	1.0	1.0	1.0	0.9795839753466872	1.0	1.0	1.0	1.0	1.0	1.0	1.0	0.929264349232013	1.0	1.0	1.0	1.0	1.0	1.0	0.93711467324291	0.9068425391591096	0.9108829568788501	1.0	0.9085160202360877	0.9522012578616352	1.0	1.0	1.0	0.893021312160468	0.21013513513513515	0.9043588658484977	0.04646017699115046	1.0	1.0	0.9043588658484977	1.0	0.9122231337161608	1.0	0.9098947368421053	0.9522012578616352	1.0	1.0	1.0	0.929264349232013	1.0	0.929264349232013	0.929264349232013	1.0	0.9832501781895937	1.0	0.9071782178217822	1.0	0.9992652461425422	1.0	1.0	1.0	1.0	1.0	1.0	1.0	1.0	1.0	1.0	1.0	1.0	1.0	1.0	1.0	1.0	1.0	1.0	1.0	1.0	1.0	1.0	1.0	1.0	1.0	1.0	1.0	1.0	1.0	1.0	1.0	1.0	1.0	1.0	1.0	1.0	1.0	1.0	1.0	1.0	1.0	1.0	1.0	1.0	1.0	1.0	1.0	1.0	1.0	1.0	1.0	1.0	1.0
Pseudomonas_syringae_BS0292_5537_NZ_FOVV01000019	0.24285714285714288	0.5752895752895753	0.6246738725307492	1.0	1.0	1.0	1.0	0.8310055865921788	0.8646998982706002	0.8434074538051989	0.8943196829590488	1.0	1.0	1.0	0.0	1.0	0.9894319682959049	1.0	0.9004926108374385	1.0	1.0	1.0	0.9118254202300207	1.0	1.0	1.0	1.0	1.0	1.0	1.0	1.0	0.8565650280024891	1.0	0.8712070128118679	1.0	1.0	1.0	0.5316354954237963	0.8558530510585305	1.0	0.8573378839590444	0.8696826468602296	1.0	0.999458141425088	1.0	1.0	1.0	0.8538171858952414	0.9702998038666293	1.0	0.8390443256837472	0.9244951712028094	0.7245074317317663	0.8573378839590444	0.8712070128118679	0.852996254681648	0.990983606557377	1.0	0.8588957055214724	0.8592844974446338	0.9033737307566329	0.9934015176509403	0.8712070128118679	1.0	0.8502747252747253	0.9033737307566329	0.8712070128118679	1.0	0.9934015176509403	1.0	1.0	1.0	1.0	0.9111111111111111	0.9118254202300207	0.8880484114977307	0.9484978540772532	1.0	0.999458141425088	0.999458141425088	0.9934587080948487	0.9244951712028094	0.852996254681648	0.8622920517560074	0.9997289238275956	1.0	0.9863760217983651	1.0	0.8467102996899759	1.0	1.0	1.0	1.0	1.0	1.0	0.4508816120906801	1.0	1.0	0.7106918238993711	0.8173076923076923	0.6022727272727273	1.0	1.0	1.0	1.0	0.8997005988023952	0.915929203539823	1.0	0.7106918238993711	1.0	0.8997005988023952	1.0	1.0	0.8604076590487956	0.8698315467075038	0.9057777777777778	1.0	0.931064572425829	1.0	1.0	0.8604076590487956	1.0	0.8352272727272727	1.0	0.9863760217983651	1.0	0.9949717159019484	1.0	0.9955580233203776	0.9949717159019484	0.9947437582128777	0.9949717159019484	0.996420704845815	0.9969503742722484	1.0	1.0	1.0	0.9947437582128777	0.9963938973647711	1.0	0.9947437582128777	0.9947437582128777	0.9949717159019484	1.0	0.9955580233203776	0.9969730324711062	0.9969730324711062	0.9969503742722484	0.9949717159019484	0.9986263736263736	0.9965484781926577	0.9969503742722484	1.0	0.9969503742722484	0.9969503742722484	0.9955580233203776	0.9955580233203776	0.9969503742722484	0.9983633387888707	0.9949717159019484	0.9969503742722484	0.9969503742722484	0.9955580233203776	0.9949717159019484	0.9969503742722484	0.9959183673469387	0.9947437582128777	0.9947437582128777	1.0	0.9947437582128777	0.9963938973647711	0.9969730324711062	0.9955580233203776	0.9969730324711062	0.9969503742722484	0.9963938973647711	0.9963922597572975	0.9965484781926577	0.9986263736263736
Pseudomonas_syringae_BS2732_5563_NZ_FOTU01000003	1.0	1.0	1.0	1.0	1.0	1.0	1.0	1.0	1.0	1.0	1.0	1.0	1.0	1.0	1.0	0.0	0.9700739744451916	1.0	1.0	1.0	1.0	1.0	1.0	1.0	1.0	1.0	1.0	1.0	1.0	1.0	1.0	1.0	1.0	1.0	1.0	1.0	1.0	1.0	1.0	1.0	1.0	1.0	1.0	0.9727626459143969	1.0	1.0	1.0	1.0	0.9950819672131147	1.0	0.9840571742715778	1.0	1.0	1.0	1.0	1.0	0.9945593035908596	1.0	1.0	1.0	1.0	1.0	1.0	1.0	1.0	1.0	1.0	1.0	1.0	1.0	1.0	1.0	1.0	1.0	1.0	1.0	1.0	1.0	0.9727626459143969	0.9727626459143969	0.9716193656093489	1.0	1.0	1.0	0.9638047138047138	1.0	1.0	1.0	1.0	1.0	1.0	1.0	1.0	1.0	1.0	1.0	1.0	1.0	1.0	1.0	1.0	1.0	1.0	1.0	1.0	1.0	1.0	1.0	1.0	1.0	1.0	1.0	1.0	1.0	1.0	1.0	1.0	1.0	1.0	1.0	1.0	1.0	1.0	1.0	1.0	0.9863987635239567	1.0	1.0	1.0	1.0	1.0	1.0	1.0	1.0	1.0	1.0	1.0	1.0	1.0	1.0	1.0	1.0	1.0	1.0	1.0	1.0	1.0	1.0	1.0	1.0	1.0	1.0	1.0	1.0	1.0	1.0	1.0	1.0	1.0	1.0	1.0	1.0	1.0	1.0	1.0	1.0	1.0	1.0	1.0	1.0	1.0	1.0	1.0	1.0	1.0	1.0	1.0	1.0	1.0
Pseudomonas_syringae_BS2900_5075_NZ_FNPP01000004	0.9894319682959049	0.9894319682959049	0.9894319682959049	1.0	1.0	1.0	1.0	0.9880863737900223	0.9892153216809223	0.9894424282415044	0.9880863737900223	1.0	1.0	1.0	0.9894319682959049	0.9700739744451916	0.0	1.0	0.9892153216809223	1.0	1.0	1.0	0.9973787680209698	1.0	1.0	1.0	1.0	1.0	1.0	1.0	1.0	0.9903846153846154	1.0	0.9892153216809223	1.0	1.0	1.0	0.9894319682959049	0.9903846153846154	1.0	0.9880863737900223	0.9937060348019252	1.0	0.9401384083044982	1.0	1.0	1.0	0.9880863737900223	0.9933884297520661	1.0	0.9894424282415044	0.989379356123465	0.9967213114754099	0.9880863737900223	0.9892153216809223	0.989379356123465	0.9954083306001967	1.0	0.9880863737900223	0.9892153216809223	0.9880863737900223	1.0	0.9892153216809223	1.0	0.9880863737900223	0.9880863737900223	0.9892153216809223	1.0	1.0	1.0	1.0	1.0	1.0	0.9967051070840197	0.9973787680209698	0.989379356123465	0.997365821534409	1.0	0.9401384083044982	0.9401384083044982	0.934608695652174	0.989379356123465	0.989379356123465	0.9894424282415044	0.9270687237026648	1.0	1.0	1.0	0.9880863737900223	1.0	1.0	1.0	1.0	1.0	1.0	0.9894319682959049	1.0	1.0	0.9967213114754099	0.9967213114754099	0.9894319682959049	1.0	1.0	1.0	1.0	0.989379356123465	0.9967051070840197	1.0	0.9967213114754099	1.0	0.989379356123465	1.0	1.0	0.9894319682959049	0.9960629921259843	0.9894424282415044	1.0	0.989379356123465	1.0	1.0	0.9894319682959049	1.0	0.9894319682959049	1.0	1.0	0.9732246798603027	1.0	1.0	1.0	1.0	1.0	1.0	1.0	1.0	1.0	1.0	1.0	1.0	1.0	1.0	1.0	1.0	1.0	1.0	1.0	1.0	1.0	1.0	1.0	1.0	1.0	1.0	1.0	1.0	1.0	1.0	1.0	1.0	1.0	1.0	1.0	1.0	1.0	1.0	1.0	1.0	1.0	1.0	1.0	1.0	1.0	1.0	1.0	1.0	1.0	1.0	1.0	1.0	1.0
Pseudomonas_syringae_BS3827_5522_NZ_FOQB01000010	1.0	1.0	1.0	0.9807692307692307	0.9553235908141963	0.9553235908141963	0.9890776699029126	1.0	1.0	1.0	1.0	0.9120142920946851	0.9943661971830986	0.8992318120198826	1.0	1.0	1.0	0.0	1.0	0.9873778501628665	1.0	0.9020210896309314	1.0	0.9807692307692307	0.9581689029202841	0.9120142920946851	0.9451245251160827	0.9451245251160827	0.9436253252385083	0.9436253252385083	0.9943661971830986	1.0	0.9451245251160827	1.0	0.8992318120198826	0.9451245251160827	0.05281090289608181	1.0	1.0	0.9144222415291051	1.0	1.0	0.9943661971830986	1.0	0.2824943651389933	0.8992318120198826	0.9807692307692307	1.0	1.0	0.28507126781695424	1.0	1.0	1.0	1.0	1.0	1.0	1.0	0.9803012746234068	1.0	1.0	1.0	0.3149210903873745	1.0	0.3215859030837004	1.0	1.0	1.0	0.3149210903873745	0.3149210903873745	0.2824943651389933	0.9500629458665548	0.9943661971830986	0.9500629458665548	1.0	1.0	1.0	1.0	0.9943661971830986	1.0	1.0	1.0	1.0	1.0	1.0	1.0	0.9943661971830986	1.0	0.6121052631578947	1.0	1.0	1.0	1.0	1.0	0.9500629458665548	0.9553235908141963	1.0	0.9541166380789022	0.3149210903873745	1.0	1.0	1.0	0.9469026548672567	0.9451245251160827	0.9487068965517241	0.9020210896309314	1.0	1.0	0.9487068965517241	1.0	0.9553235908141963	1.0	0.9541166380789022	0.3515789473684211	1.0	1.0	1.0	0.9943661971830986	1.0	0.9943661971830986	0.9943661971830986	1.0	0.9891548242333583	1.0	0.9890776699029126	1.0	1.0	1.0	1.0	1.0	1.0	1.0	1.0	1.0	1.0	1.0	1.0	1.0	1.0	1.0	1.0	1.0	1.0	1.0	1.0	1.0	1.0	1.0	1.0	1.0	1.0	1.0	1.0	1.0	1.0	1.0	1.0	1.0	1.0	1.0	1.0	1.0	1.0	1.0	1.0	1.0	1.0	1.0	1.0	1.0	1.0	1.0	1.0	1.0	1.0	1.0	1.0	1.0	1.0	1.0
Pseudomonas_syringae_BS3829_5514_NZ_FOPR01000011	0.8899204244031831	0.9062397909180007	0.8787675820495646	1.0	1.0	1.0	1.0	0.6810004387889426	0.5840791333019313	0.8656059580230197	0.46475995914198165	1.0	1.0	1.0	0.9004926108374385	1.0	0.9892153216809223	1.0	0.0	1.0	1.0	1.0	0.9344366645448758	1.0	1.0	1.0	1.0	1.0	1.0	1.0	1.0	0.798918918918919	1.0	0.18258766626360334	1.0	1.0	1.0	0.871967654986523	0.82475317348378	1.0	0.3456246560264171	0.3083849184018008	1.0	1.0	1.0	1.0	1.0	0.6681435533894551	0.96875	1.0	0.8617527173913043	0.9157449577098243	0.9158031088082902	0.3456246560264171	0.18258766626360334	0.8526678141135973	0.9976069398743643	1.0	0.321608040201005	0.21602373887240356	0.32441471571906355	0.9903093551994037	0.21602373887240356	1.0	0.6495956873315364	0.32441471571906355	0.18258766626360334	1.0	0.9903093551994037	1.0	1.0	1.0	1.0	0.9043392504930966	0.9344366645448758	0.8941605839416058	0.9341221618164375	1.0	1.0	1.0	1.0	0.9157449577098243	0.8526678141135973	0.8679054054054054	1.0	1.0	0.9841162554917202	1.0	0.3102866779089376	1.0	1.0	1.0	1.0	1.0	1.0	0.8666215301286391	1.0	1.0	0.9158031088082902	0.9327382849856551	0.8928571428571429	1.0	1.0	1.0	1.0	0.8701694915254237	0.9153921249593231	1.0	0.9158031088082902	1.0	0.8701694915254237	1.0	1.0	0.9161540951764325	0.9220862846104314	0.916235446313066	1.0	0.9157449577098243	1.0	1.0	0.9161540951764325	1.0	0.9161540951764325	1.0	0.981362250084717	1.0	0.9943661971830986	1.0	0.9950920245398773	0.9943661971830986	0.9940784603997039	0.9943661971830986	0.996048632218845	0.9966309341500765	1.0	1.0	1.0	0.9940784603997039	0.9960159362549801	1.0	0.9940784603997039	0.9940784603997039	0.9943661971830986	1.0	0.9950920245398773	0.9966585662211421	0.9966585662211421	0.9966309341500765	0.9943661971830986	0.998483929654336	0.9961335676625659	0.9966309341500765	1.0	0.9966309341500765	0.9966309341500765	0.9950920245398773	0.9950920245398773	0.9966309341500765	0.9981570217471434	0.9943661971830986	0.9966309341500765	0.9966309341500765	0.9950920245398773	0.9943661971830986	0.9966309341500765	0.9954273654590221	0.9940784603997039	0.9940784603997039	1.0	0.9940784603997039	0.9960159362549801	0.9966585662211421	0.9950920245398773	0.9966585662211421	0.9966309341500765	0.9960159362549801	0.9959364610269671	0.9961335676625659	0.998483929654336
Pseudomonas_syringae_CAS02_17541_NZ_CP032459	1.0	1.0	1.0	0.16782334384858044	0.9834524257239564	0.9834524257239564	0.9522700814901047	1.0	1.0	1.0	1.0	0.9881043745203377	1.0	0.9810664605873262	1.0	1.0	1.0	0.9873778501628665	1.0	0.0	1.0	0.981516408902301	1.0	0.20297029702970293	0.8880626223091976	0.9881043745203377	0.981516408902301	0.981516408902301	0.9810664605873262	0.9810664605873262	1.0	1.0	0.981516408902301	1.0	0.9810664605873262	0.981516408902301	0.9873778501628665	1.0	1.0	0.9883851629823904	1.0	1.0	1.0	1.0	0.9819893573475236	0.9810664605873262	0.20297029702970293	1.0	1.0	0.9819893573475236	1.0	1.0	1.0	1.0	1.0	1.0	1.0	0.17063747585318734	1.0	1.0	1.0	0.9824421388667198	1.0	0.9819893573475236	1.0	1.0	1.0	0.9824421388667198	0.9824421388667198	0.9819893573475236	0.9834524257239564	1.0	0.9834524257239564	1.0	1.0	1.0	1.0	1.0	1.0	1.0	1.0	1.0	1.0	1.0	1.0	1.0	1.0	0.9946865037194474	1.0	1.0	1.0	1.0	1.0	0.9834524257239564	0.9834524257239564	1.0	0.9830508474576272	0.9824421388667198	1.0	1.0	1.0	0.9639293937068304	0.981516408902301	0.9830508474576272	0.981516408902301	1.0	1.0	0.9830508474576272	1.0	0.9834524257239564	1.0	0.9830508474576272	0.9824421388667198	1.0	1.0	1.0	1.0	1.0	1.0	1.0	1.0	0.20297029702970293	1.0	0.9522700814901047	1.0	1.0	1.0	1.0	1.0	1.0	1.0	1.0	1.0	1.0	1.0	1.0	1.0	1.0	1.0	1.0	1.0	1.0	1.0	1.0	1.0	1.0	1.0	1.0	1.0	1.0	1.0	1.0	1.0	1.0	1.0	1.0	1.0	1.0	1.0	1.0	1.0	1.0	1.0	1.0	1.0	1.0	1.0	1.0	1.0	1.0	1.0	1.0	1.0	1.0	1.0	1.0	1.0	1.0	1.0
Pseudomonas_syringae_CC1557_3076_NZ_CP007014	1.0	1.0	1.0	1.0	0.9732868757259001	0.9732868757259001	0.9977298524404086	1.0	1.0	1.0	1.0	0.9965075669383003	0.9977298524404086	0.9984508133230054	1.0	1.0	1.0	1.0	1.0	1.0	0.0	0.9984877126654065	1.0	1.0	1.0	0.9965075669383003	0.9984877126654065	0.9984877126654065	0.9984508133230054	0.9984508133230054	0.9784033937524104	1.0	0.9984877126654065	1.0	0.9984508133230054	0.9984877126654065	1.0	1.0	1.0	0.9965909090909091	1.0	1.0	0.9977298524404086	1.0	1.0	0.9984508133230054	1.0	1.0	1.0	1.0	1.0	1.0	1.0	1.0	1.0	1.0	1.0	1.0	1.0	1.0	1.0	1.0	1.0	1.0	1.0	1.0	1.0	1.0	1.0	1.0	0.9648711943793911	0.9977298524404086	0.9732868757259001	1.0	1.0	1.0	1.0	0.9784033937524104	1.0	1.0	1.0	1.0	1.0	1.0	1.0	0.9977298524404086	1.0	1.0	1.0	1.0	0.9965075669383003	0.9965075669383003	0.9992260061919505	0.9648711943793911	0.9732868757259001	1.0	0.9726190476190476	1.0	1.0	1.0	1.0	0.9916254282451465	0.9984877126654065	0.963985594237695	0.9984877126654065	1.0	1.0	0.963985594237695	1.0	0.9680933852140078	1.0	0.9726190476190476	1.0	1.0	1.0	1.0	0.9977298524404086	1.0	0.9977298524404086	0.9977298524404086	1.0	1.0	1.0	0.9977298524404086	1.0	1.0	1.0	1.0	1.0	1.0	1.0	1.0	1.0	1.0	1.0	1.0	1.0	1.0	1.0	1.0	1.0	1.0	1.0	1.0	1.0	1.0	1.0	1.0	1.0	1.0	1.0	1.0	1.0	1.0	1.0	1.0	1.0	1.0	1.0	1.0	1.0	1.0	1.0	1.0	1.0	1.0	1.0	1.0	1.0	1.0	1.0	1.0	1.0	1.0	1.0	1.0	1.0	1.0	1.0
Pseudomonas_syringae_CC457_20754_NZ_CP127246	1.0	1.0	1.0	0.9525862068965517	0.9070048309178744	0.9070048309178744	0.9055690072639225	1.0	1.0	1.0	1.0	0.5008488964346349	0.9272151898734178	0.04646017699115046	1.0	1.0	1.0	0.9020210896309314	1.0	0.981516408902301	0.9984877126654065	0.0	1.0	0.9525862068965517	0.9576178297405918	0.5008488964346349	0.24124513618677046	0.24124513618677046	0.24685638649900732	0.24685638649900732	0.9766037735849057	1.0	0.27040816326530615	1.0	0.04646017699115046	0.24124513618677046	0.9020210896309314	1.0	1.0	0.465195246179966	1.0	1.0	0.9272151898734178	1.0	0.9522012578616352	0.04646017699115046	0.9525862068965517	1.0	1.0	0.9469026548672567	1.0	1.0	1.0	1.0	1.0	1.0	1.0	0.9752155172413793	1.0	1.0	1.0	0.9443757725587144	1.0	0.9522012578616352	1.0	1.0	1.0	0.9257861635220126	0.9443757725587144	0.9522012578616352	0.9030303030303031	0.9272151898734178	0.9030303030303031	1.0	1.0	1.0	1.0	0.9766037735849057	1.0	1.0	1.0	1.0	1.0	1.0	1.0	0.9272151898734178	1.0	1.0	1.0	1.0	1.0	1.0	0.9387019230769231	0.9030303030303031	0.9070048309178744	1.0	0.9108829568788501	0.9257861635220126	1.0	1.0	1.0	0.8784119106699751	0.20516214427531432	0.9068425391591096	0.0	1.0	1.0	0.9068425391591096	1.0	0.9083232810615199	1.0	0.9122231337161608	0.9257861635220126	1.0	1.0	1.0	0.9272151898734178	1.0	0.9272151898734178	0.9272151898734178	1.0	0.9804195804195804	1.0	0.9055690072639225	1.0	0.9992818671454219	1.0	1.0	1.0	1.0	1.0	1.0	1.0	1.0	1.0	1.0	1.0	1.0	1.0	1.0	1.0	1.0	1.0	1.0	1.0	1.0	1.0	1.0	1.0	1.0	1.0	1.0	1.0	1.0	1.0	1.0	1.0	1.0	1.0	1.0	1.0	1.0	1.0	1.0	1.0	1.0	1.0	1.0	1.0	1.0	1.0	1.0	1.0	1.0	1.0	1.0	1.0	1.0	1.0
Pseudomonas_syringae_CFBP_2116_6934_NZ_LT985192	0.8988361683079678	0.8780784432958346	0.8895576286488113	1.0	1.0	1.0	1.0	0.9511278195488722	0.9511278195488722	0.925516438754728	0.9401709401709402	1.0	1.0	1.0	0.9118254202300207	1.0	0.9973787680209698	1.0	0.9344366645448758	1.0	1.0	1.0	0.0	1.0	1.0	1.0	1.0	1.0	1.0	1.0	1.0	0.9273204903677759	1.0	0.9351145038167938	1.0	1.0	1.0	0.875	0.9200705260064649	1.0	0.9220862846104314	0.9289827255278311	1.0	0.997557003257329	1.0	1.0	1.0	0.9599254426840633	0.9848066298342542	1.0	0.9093325457767277	0.8775198533903482	0.884859474161378	0.9220862846104314	0.9351145038167938	0.923234690887782	0.9918099918099919	1.0	0.9494822717288987	0.945511811023622	0.9140447615958482	0.9934015176509403	0.9351145038167938	1.0	0.9534229446702094	0.9140447615958482	0.9351145038167938	1.0	0.9934015176509403	1.0	1.0	1.0	1.0	0.9216549295774648	0.0	0.907550535077289	0.7087139845397048	1.0	0.997557003257329	0.997557003257329	0.9951020408163266	0.8775198533903482	0.923234690887782	0.913503971756399	0.9948242985562517	1.0	0.978021978021978	1.0	0.9334182860783689	1.0	1.0	1.0	1.0	1.0	1.0	0.9124668435013262	1.0	1.0	0.884859474161378	0.8069835111542192	0.9066666666666666	1.0	1.0	1.0	1.0	0.9418370285056148	0.9313753998255306	1.0	0.884859474161378	1.0	0.9418370285056148	1.0	1.0	0.7310866574965612	0.7596638655462185	0.8713325183374083	1.0	0.8733905579399142	1.0	1.0	0.7310866574965612	1.0	0.7474541751527495	1.0	0.978021978021978	1.0	0.9946557686262182	1.0	0.995279089141905	0.9946557686262182	0.994413407821229	0.9946557686262182	0.996420704845815	0.9969503742722484	1.0	1.0	1.0	0.994413407821229	0.9963938973647711	1.0	0.994413407821229	0.994413407821229	0.9946557686262182	1.0	0.995279089141905	0.9969730324711062	0.9969730324711062	0.9969503742722484	0.9946557686262182	0.998351195383347	0.9965484781926577	0.9969503742722484	1.0	0.9969503742722484	0.9969503742722484	0.995279089141905	0.995279089141905	0.9969503742722484	0.9980353634577603	0.9946557686262182	0.9969503742722484	0.9969503742722484	0.995279089141905	0.9946557686262182	0.9969503742722484	0.9959183673469387	0.994413407821229	0.994413407821229	1.0	0.994413407821229	0.9963938973647711	0.9969730324711062	0.995279089141905	0.9969730324711062	0.9969503742722484	0.9963938973647711	0.9963922597572975	0.9965484781926577	0.998351195383347
Pseudomonas_syringae_CFBP_8692_12247_NZ_WJSF01000010	1.0	1.0	1.0	0.038969201759899486	0.9641589779985805	0.9641589779985805	0.929908256880734	1.0	1.0	1.0	1.0	0.9803431022158685	0.9920497753197373	0.9752155172413793	1.0	1.0	1.0	0.9807692307692307	1.0	0.20297029702970293	1.0	0.9525862068965517	1.0	0.0	0.8899782135076253	0.9803431022158685	0.958943234559086	0.958943234559086	0.9700361010830325	0.9700361010830325	0.9920497753197373	1.0	0.9674220963172805	1.0	0.9752155172413793	0.958943234559086	0.9807692307692307	1.0	1.0	0.9578270192994996	1.0	1.0	0.9920497753197373	1.0	0.9741935483870968	0.9752155172413793	0.0	1.0	1.0	0.9749715585893061	1.0	1.0	1.0	1.0	1.0	1.0	1.0	0.04038461538461535	1.0	1.0	1.0	0.9667538289129622	1.0	0.9741935483870968	1.0	1.0	1.0	0.9502846299810247	0.9667538289129622	0.9741935483870968	0.9641589779985805	0.9920497753197373	0.9641589779985805	1.0	1.0	1.0	1.0	0.9920497753197373	1.0	1.0	1.0	1.0	1.0	1.0	1.0	0.9920497753197373	1.0	0.9950641658440277	1.0	1.0	1.0	1.0	1.0	0.9641589779985805	0.9641589779985805	1.0	0.9685807150595883	0.9502846299810247	1.0	1.0	1.0	0.9446254071661238	0.958943234559086	0.9685807150595883	0.9525862068965517	1.0	1.0	0.9685807150595883	1.0	0.9641589779985805	1.0	0.9685807150595883	0.9502846299810247	1.0	1.0	1.0	0.9920497753197373	1.0	0.9920497753197373	0.9920497753197373	1.0	0.26183844011142066	1.0	0.929908256880734	1.0	1.0	1.0	1.0	1.0	1.0	1.0	1.0	1.0	1.0	1.0	1.0	1.0	1.0	1.0	1.0	1.0	1.0	1.0	1.0	1.0	1.0	1.0	1.0	1.0	1.0	1.0	1.0	1.0	1.0	1.0	1.0	1.0	1.0	1.0	1.0	1.0	1.0	1.0	1.0	1.0	1.0	1.0	1.0	1.0	1.0	1.0	1.0	1.0	1.0	1.0	1.0	1.0	1.0	1.0
Pseudomonas_syringae_Dortyol_2015_6_17564_NZ_JAEIKC010000017	1.0	1.0	1.0	0.8899782135076253	0.958804228946409	0.958804228946409	0.9606557377049181	1.0	1.0	1.0	1.0	0.9670492410218438	1.0	0.9566192969334331	1.0	1.0	1.0	0.9581689029202841	1.0	0.8880626223091976	1.0	0.9576178297405918	1.0	0.8899782135076253	0.0	0.9670492410218438	0.9495581737849779	0.9495581737849779	0.9483603467772334	0.9483603467772334	1.0	1.0	0.9495581737849779	1.0	0.9566192969334331	0.9495581737849779	0.9581689029202841	1.0	1.0	0.9678002894356006	1.0	1.0	1.0	1.0	0.9638932496075353	0.9566192969334331	0.8899782135076253	1.0	1.0	0.9215686274509804	1.0	1.0	1.0	1.0	1.0	1.0	1.0	0.887402452619844	1.0	1.0	1.0	0.9647644580620451	1.0	0.9638932496075353	1.0	1.0	1.0	0.9647644580620451	0.9647644580620451	0.9638932496075353	0.9542292200659099	1.0	0.9542292200659099	1.0	1.0	1.0	1.0	1.0	1.0	1.0	1.0	1.0	1.0	1.0	1.0	1.0	1.0	0.9942837928715534	1.0	1.0	1.0	1.0	1.0	0.9542292200659099	0.958804228946409	1.0	0.9578358208955224	0.9647644580620451	1.0	1.0	1.0	0.9518736223365173	0.9495581737849779	0.9531484257871065	0.9576178297405918	1.0	1.0	0.9531484257871065	1.0	0.958804228946409	1.0	0.9578358208955224	0.9647644580620451	1.0	1.0	1.0	1.0	1.0	1.0	1.0	1.0	0.8923913043478261	1.0	0.9606557377049181	1.0	1.0	1.0	1.0	1.0	1.0	1.0	1.0	1.0	1.0	1.0	1.0	1.0	1.0	1.0	1.0	1.0	1.0	1.0	1.0	1.0	1.0	1.0	1.0	1.0	1.0	1.0	1.0	1.0	1.0	1.0	1.0	1.0	1.0	1.0	1.0	1.0	1.0	1.0	1.0	1.0	1.0	1.0	1.0	1.0	1.0	1.0	1.0	1.0	1.0	1.0	1.0	1.0	1.0	1.0
Pseudomonas_syringae_Dr_447_1_17557_NZ_JAEIKL010000026	1.0	1.0	1.0	0.9803431022158685	0.9045848822800495	0.9045848822800495	0.8756366723259762	1.0	1.0	1.0	1.0	0.0	0.899002493765586	0.4823943661971831	1.0	1.0	1.0	0.9120142920946851	1.0	0.9881043745203377	0.9965075669383003	0.5008488964346349	1.0	0.9803431022158685	0.9670492410218438	0.0	0.5380794701986755	0.5380794701986755	0.5214408233276158	0.5214408233276158	0.9724592707525214	1.0	0.505922165820643	1.0	0.4823943661971831	0.5380794701986755	0.9120142920946851	1.0	1.0	0.04646017699115046	1.0	1.0	0.899002493765586	1.0	0.8997289972899729	0.4823943661971831	0.9803431022158685	1.0	1.0	0.9292307692307692	1.0	1.0	1.0	1.0	1.0	1.0	1.0	0.979890310786106	1.0	1.0	1.0	0.9025032938076416	1.0	0.8997289972899729	1.0	1.0	1.0	0.9025032938076416	0.9025032938076416	0.8997289972899729	0.8991282689912827	0.899002493765586	0.8991282689912827	1.0	1.0	1.0	1.0	0.9724592707525214	1.0	1.0	1.0	1.0	1.0	1.0	1.0	0.899002493765586	1.0	1.0	1.0	1.0	0.9972857696781698	0.9972857696781698	0.9251870324189526	0.8991282689912827	0.9045848822800495	1.0	0.9020356234096693	0.9025032938076416	1.0	1.0	1.0	0.7627276973376926	0.5126333520494104	0.8964194373401535	0.5008488964346349	1.0	1.0	0.8964194373401535	1.0	0.9045848822800495	1.0	0.9020356234096693	0.9025032938076416	1.0	1.0	1.0	0.899002493765586	1.0	0.899002493765586	0.899002493765586	1.0	0.9854196301564723	1.0	0.8822784810126583	1.0	0.9966850828729282	1.0	1.0	1.0	1.0	1.0	1.0	1.0	1.0	1.0	1.0	1.0	1.0	1.0	1.0	1.0	1.0	1.0	1.0	1.0	1.0	1.0	1.0	1.0	1.0	1.0	1.0	1.0	1.0	1.0	1.0	1.0	1.0	1.0	1.0	1.0	1.0	1.0	1.0	1.0	1.0	1.0	1.0	1.0	1.0	1.0	1.0	1.0	1.0	1.0	1.0	1.0	1.0	1.0
Pseudomonas_syringae_Erdemli_3_17569_NZ_JAEIJX010000050	1.0	1.0	1.0	0.958943234559086	0.8868388683886839	0.8868388683886839	0.9042424242424243	1.0	1.0	1.0	1.0	0.5380794701986755	0.925940594059406	0.24685638649900732	1.0	1.0	1.0	0.9451245251160827	1.0	0.981516408902301	0.9984877126654065	0.24124513618677046	1.0	0.958943234559086	0.9495581737849779	0.5380794701986755	0.0	0.0	0.04646017699115046	0.04646017699115046	0.9754438987533056	1.0	0.14627477785372522	1.0	0.24685638649900732	0.0	0.9451245251160827	1.0	1.0	0.5284861638632664	1.0	1.0	0.925940594059406	1.0	0.9548306148055207	0.24685638649900732	0.958943234559086	1.0	1.0	0.9393039049235993	1.0	1.0	1.0	1.0	1.0	1.0	1.0	0.9700361010830325	1.0	1.0	1.0	0.9521472392638037	1.0	0.9548306148055207	1.0	1.0	1.0	0.9421965317919075	0.9521472392638037	0.9548306148055207	0.8827160493827161	0.925940594059406	0.8827160493827161	1.0	1.0	1.0	1.0	0.9754438987533056	1.0	1.0	1.0	1.0	1.0	1.0	1.0	0.925940594059406	1.0	1.0	1.0	1.0	1.0	1.0	0.9387019230769231	0.8827160493827161	0.8868388683886839	1.0	0.8972972972972972	0.9421965317919075	1.0	1.0	1.0	0.8811881188118812	0.044700793078586876	0.8931552587646077	0.24124513618677046	1.0	1.0	0.8931552587646077	1.0	0.8882063882063882	1.0	0.8986710963455149	0.9421965317919075	1.0	1.0	1.0	0.925940594059406	1.0	0.925940594059406	0.925940594059406	1.0	0.9793489674483724	1.0	0.9042424242424243	1.0	0.9992818671454219	1.0	1.0	1.0	1.0	1.0	1.0	1.0	1.0	1.0	1.0	1.0	1.0	1.0	1.0	1.0	1.0	1.0	1.0	1.0	1.0	1.0	1.0	1.0	1.0	1.0	1.0	1.0	1.0	1.0	1.0	1.0	1.0	1.0	1.0	1.0	1.0	1.0	1.0	1.0	1.0	1.0	1.0	1.0	1.0	1.0	1.0	1.0	1.0	1.0	1.0	1.0	1.0	1.0
Pseudomonas_syringae_Erdemli_6_17567_NZ_JAEIJZ010000010	1.0	1.0	1.0	0.958943234559086	0.8868388683886839	0.8868388683886839	0.9042424242424243	1.0	1.0	1.0	1.0	0.5380794701986755	0.925940594059406	0.24685638649900732	1.0	1.0	1.0	0.9451245251160827	1.0	0.981516408902301	0.9984877126654065	0.24124513618677046	1.0	0.958943234559086	0.9495581737849779	0.5380794701986755	0.0	0.0	0.04646017699115046	0.04646017699115046	0.9754438987533056	1.0	0.14627477785372522	1.0	0.24685638649900732	0.0	0.9451245251160827	1.0	1.0	0.5284861638632664	1.0	1.0	0.925940594059406	1.0	0.9548306148055207	0.24685638649900732	0.958943234559086	1.0	1.0	0.9393039049235993	1.0	1.0	1.0	1.0	1.0	1.0	1.0	0.9700361010830325	1.0	1.0	1.0	0.9521472392638037	1.0	0.9548306148055207	1.0	1.0	1.0	0.9421965317919075	0.9521472392638037	0.9548306148055207	0.8827160493827161	0.925940594059406	0.8827160493827161	1.0	1.0	1.0	1.0	0.9754438987533056	1.0	1.0	1.0	1.0	1.0	1.0	1.0	0.925940594059406	1.0	1.0	1.0	1.0	1.0	1.0	0.9387019230769231	0.8827160493827161	0.8868388683886839	1.0	0.8972972972972972	0.9421965317919075	1.0	1.0	1.0	0.8811881188118812	0.044700793078586876	0.8931552587646077	0.24124513618677046	1.0	1.0	0.8931552587646077	1.0	0.8882063882063882	1.0	0.8986710963455149	0.9421965317919075	1.0	1.0	1.0	0.925940594059406	1.0	0.925940594059406	0.925940594059406	1.0	0.9793489674483724	1.0	0.9042424242424243	1.0	0.9992818671454219	1.0	1.0	1.0	1.0	1.0	1.0	1.0	1.0	1.0	1.0	1.0	1.0	1.0	1.0	1.0	1.0	1.0	1.0	1.0	1.0	1.0	1.0	1.0	1.0	1.0	1.0	1.0	1.0	1.0	1.0	1.0	1.0	1.0	1.0	1.0	1.0	1.0	1.0	1.0	1.0	1.0	1.0	1.0	1.0	1.0	1.0	1.0	1.0	1.0	1.0	1.0	1.0	1.0
Pseudomonas_syringae_Erzin_1_17571_NZ_JAEIJV010000042	1.0	1.0	1.0	0.9700361010830325	0.8972972972972972	0.8972972972972972	0.9071782178217822	1.0	1.0	1.0	1.0	0.5214408233276158	0.929264349232013	0.21408839779005528	1.0	1.0	1.0	0.9436253252385083	1.0	0.9810664605873262	0.9984508133230054	0.24685638649900732	1.0	0.9700361010830325	0.9483603467772334	0.5214408233276158	0.04646017699115046	0.04646017699115046	0.0	0.0	0.9795839753466872	1.0	0.13581984517945112	1.0	0.21408839779005528	0.04646017699115046	0.9436253252385083	1.0	1.0	0.5380794701986755	1.0	1.0	0.929264349232013	1.0	0.9536082474226804	0.21408839779005528	0.9700361010830325	1.0	1.0	0.9376362843436546	1.0	1.0	1.0	1.0	1.0	1.0	1.0	0.9693387513852973	1.0	1.0	1.0	0.9548306148055207	1.0	0.9536082474226804	1.0	1.0	1.0	0.9548306148055207	0.9548306148055207	0.9536082474226804	0.8931552587646077	0.929264349232013	0.8931552587646077	1.0	1.0	1.0	1.0	0.9795839753466872	1.0	1.0	1.0	1.0	1.0	1.0	1.0	0.929264349232013	1.0	1.0	1.0	1.0	1.0	1.0	0.93711467324291	0.8931552587646077	0.8972972972972972	1.0	0.894534585824082	0.9548306148055207	1.0	1.0	1.0	0.8888422818791947	0.0901225666906994	0.8902700385769395	0.24685638649900732	1.0	1.0	0.8902700385769395	1.0	0.8986710963455149	1.0	0.8959488272921109	0.9548306148055207	1.0	1.0	1.0	0.929264349232013	1.0	0.929264349232013	0.929264349232013	1.0	0.9832501781895937	1.0	0.9071782178217822	1.0	0.9992652461425422	1.0	1.0	1.0	1.0	1.0	1.0	1.0	1.0	1.0	1.0	1.0	1.0	1.0	1.0	1.0	1.0	1.0	1.0	1.0	1.0	1.0	1.0	1.0	1.0	1.0	1.0	1.0	1.0	1.0	1.0	1.0	1.0	1.0	1.0	1.0	1.0	1.0	1.0	1.0	1.0	1.0	1.0	1.0	1.0	1.0	1.0	1.0	1.0	1.0	1.0	1.0	1.0	1.0
Pseudomonas_syringae_Erzin_2_17572_NZ_JAEIJW010000011	1.0	1.0	1.0	0.9700361010830325	0.8972972972972972	0.8972972972972972	0.9071782178217822	1.0	1.0	1.0	1.0	0.5214408233276158	0.929264349232013	0.21408839779005528	1.0	1.0	1.0	0.9436253252385083	1.0	0.9810664605873262	0.9984508133230054	0.24685638649900732	1.0	0.9700361010830325	0.9483603467772334	0.5214408233276158	0.04646017699115046	0.04646017699115046	0.0	0.0	0.9795839753466872	1.0	0.13581984517945112	1.0	0.21408839779005528	0.04646017699115046	0.9436253252385083	1.0	1.0	0.5380794701986755	1.0	1.0	0.929264349232013	1.0	0.9536082474226804	0.21408839779005528	0.9700361010830325	1.0	1.0	0.9376362843436546	1.0	1.0	1.0	1.0	1.0	1.0	1.0	0.9693387513852973	1.0	1.0	1.0	0.9548306148055207	1.0	0.9536082474226804	1.0	1.0	1.0	0.9548306148055207	0.9548306148055207	0.9536082474226804	0.8931552587646077	0.929264349232013	0.8931552587646077	1.0	1.0	1.0	1.0	0.9795839753466872	1.0	1.0	1.0	1.0	1.0	1.0	1.0	0.929264349232013	1.0	1.0	1.0	1.0	1.0	1.0	0.93711467324291	0.8931552587646077	0.8972972972972972	1.0	0.894534585824082	0.9548306148055207	1.0	1.0	1.0	0.8888422818791947	0.0901225666906994	0.8902700385769395	0.24685638649900732	1.0	1.0	0.8902700385769395	1.0	0.8986710963455149	1.0	0.8959488272921109	0.9548306148055207	1.0	1.0	1.0	0.929264349232013	1.0	0.929264349232013	0.929264349232013	1.0	0.9832501781895937	1.0	0.9071782178217822	1.0	0.9992652461425422	1.0	1.0	1.0	1.0	1.0	1.0	1.0	1.0	1.0	1.0	1.0	1.0	1.0	1.0	1.0	1.0	1.0	1.0	1.0	1.0	1.0	1.0	1.0	1.0	1.0	1.0	1.0	1.0	1.0	1.0	1.0	1.0	1.0	1.0	1.0	1.0	1.0	1.0	1.0	1.0	1.0	1.0	1.0	1.0	1.0	1.0	1.0	1.0	1.0	1.0	1.0	1.0	1.0
Pseudomonas_syringae_ICMP_11293_3802_NZ_LKEP01000002	1.0	1.0	1.0	0.9920497753197373	0.9708112206216831	0.9708112206216831	0.8662207357859532	1.0	1.0	1.0	1.0	0.9724592707525214	0.6205493387589014	0.9795839753466872	1.0	1.0	1.0	0.9943661971830986	1.0	1.0	0.9784033937524104	0.9766037735849057	1.0	0.9920497753197373	1.0	0.9724592707525214	0.9754438987533056	0.9754438987533056	0.9795839753466872	0.9795839753466872	0.0	1.0	0.9754438987533056	1.0	0.9795839753466872	0.9754438987533056	0.9943661971830986	1.0	1.0	0.9696048632218845	1.0	1.0	0.6205493387589014	1.0	0.9943661971830986	0.9795839753466872	0.9920497753197373	1.0	1.0	0.9943661971830986	1.0	1.0	1.0	1.0	1.0	1.0	1.0	0.9950686861570975	1.0	1.0	1.0	0.9909413154785348	1.0	0.9943661971830986	1.0	1.0	1.0	0.9909413154785348	0.9909413154785348	0.9943661971830986	0.9625525410775697	0.6205493387589014	0.9708112206216831	1.0	1.0	1.0	1.0	0.0	1.0	1.0	1.0	1.0	1.0	1.0	1.0	0.6205493387589014	1.0	1.0	1.0	1.0	0.9916254282451465	0.9916254282451465	0.7792626728110599	0.9625525410775697	0.9708112206216831	1.0	0.9700970873786408	0.9909413154785348	1.0	1.0	1.0	0.9553158705701079	0.9754438987533056	0.961628817541112	0.9766037735849057	1.0	1.0	0.961628817541112	1.0	0.9625525410775697	1.0	0.9700970873786408	0.9909413154785348	1.0	1.0	1.0	0.6205493387589014	1.0	0.6205493387589014	0.6205493387589014	1.0	0.9746835443037974	1.0	0.8662207357859532	1.0	0.9924078091106291	1.0	1.0	1.0	1.0	1.0	1.0	1.0	1.0	1.0	1.0	1.0	1.0	1.0	1.0	1.0	1.0	1.0	1.0	1.0	1.0	1.0	1.0	1.0	1.0	1.0	1.0	1.0	1.0	1.0	1.0	1.0	1.0	1.0	1.0	1.0	1.0	1.0	1.0	1.0	1.0	1.0	1.0	1.0	1.0	1.0	1.0	1.0	1.0	1.0	1.0	1.0	1.0	1.0
Pseudomonas_syringae_ICMP_4122_6689_NZ_LKBX01000039	0.8457914572864321	0.8795731707317074	0.8608183508989461	1.0	1.0	1.0	1.0	0.9054187192118226	0.8463136033229491	0.743423300307482	0.8682512733446519	1.0	1.0	1.0	0.8565650280024891	1.0	0.9903846153846154	1.0	0.798918918918919	1.0	1.0	1.0	0.9273204903677759	1.0	1.0	1.0	1.0	1.0	1.0	1.0	1.0	0.0	1.0	0.7941389290882779	1.0	1.0	1.0	0.8421550094517958	0.24964131994261118	1.0	0.8807924781732707	0.8455143747835123	1.0	0.999455930359086	1.0	1.0	1.0	0.8985459352280238	0.9341875364006988	1.0	0.8241687979539642	0.8403041825095057	0.8678373382624769	0.8807924781732707	0.7941389290882779	0.36898395721925137	0.9948073244055753	1.0	0.875885328836425	0.8075134168157424	0.87474679270763	0.9913621262458472	0.7941389290882779	1.0	0.8871452420701169	0.87474679270763	0.7941389290882779	1.0	0.9913621262458472	1.0	1.0	1.0	1.0	0.7418356823650739	0.9273204903677759	0.7701612903225806	0.7418356823650739	1.0	0.999455930359086	0.999455930359086	0.9945325314379442	0.8403041825095057	0.36898395721925137	0.7686642115835286	1.0	1.0	0.9822900763358778	1.0	0.8337998600419874	1.0	1.0	1.0	1.0	1.0	1.0	0.8472396486825596	1.0	1.0	0.8685344827586207	0.9140070921985816	0.8751147842056933	1.0	1.0	1.0	1.0	0.6286998875983514	0.8066514509292468	1.0	0.8685344827586207	1.0	0.6286998875983514	1.0	1.0	0.8954012623985572	0.8934056007226738	0.8177434908389585	1.0	0.8425047438330171	1.0	1.0	0.8954012623985572	1.0	0.9091718610863758	1.0	0.9822900763358778	1.0	0.9949479002210294	1.0	0.9955394480066908	0.9949479002210294	0.994717728623308	0.9949479002210294	0.9964058612109483	0.9969376391982183	1.0	1.0	1.0	0.994717728623308	0.9963788300835654	1.0	0.994717728623308	0.994717728623308	0.9949479002210294	1.0	0.9955394480066908	0.9969604863221885	0.9969604863221885	0.9969376391982183	0.9949479002210294	0.9986206896551724	0.9965321563682219	0.9969376391982183	1.0	0.9969376391982183	0.9969376391982183	0.9955394480066908	0.9955394480066908	0.9969376391982183	0.9983552631578947	0.9949479002210294	0.9969376391982183	0.9969376391982183	0.9955394480066908	0.9949479002210294	0.9969376391982183	0.9958990536277602	0.994717728623308	0.994717728623308	1.0	0.994717728623308	0.9963788300835654	0.9969604863221885	0.9955394480066908	0.9969604863221885	0.9969376391982183	0.9963788300835654	0.9963744232036915	0.9965321563682219	0.9986206896551724
Pseudomonas_syringae_KCTC_12500_26106_NZ_AYTM02000002	1.0	1.0	1.0	0.9674220963172805	0.8999189627228525	0.8999189627228525	0.9006890960680989	1.0	1.0	1.0	1.0	0.505922165820643	0.9225268176400476	0.250330250990753	1.0	1.0	1.0	0.9451245251160827	1.0	0.981516408902301	0.9984877126654065	0.27040816326530615	1.0	0.9674220963172805	0.9495581737849779	0.505922165820643	0.14627477785372522	0.14627477785372522	0.13581984517945112	0.13581984517945112	0.9754438987533056	1.0	0.0	1.0	0.250330250990753	0.14627477785372522	0.9451245251160827	1.0	1.0	0.5155993431855501	1.0	1.0	0.9225268176400476	1.0	0.9548306148055207	0.250330250990753	0.9674220963172805	1.0	1.0	0.9393039049235993	1.0	1.0	1.0	1.0	1.0	1.0	1.0	0.9700361010830325	1.0	1.0	1.0	0.9521472392638037	1.0	0.9548306148055207	1.0	1.0	1.0	0.9521472392638037	0.9521472392638037	0.9548306148055207	0.8958926392842619	0.9225268176400476	0.8958926392842619	1.0	1.0	1.0	1.0	0.9754438987533056	1.0	1.0	1.0	1.0	1.0	1.0	1.0	0.9225268176400476	1.0	1.0	1.0	1.0	1.0	1.0	0.9352893890675241	0.8958926392842619	0.8999189627228525	1.0	0.8972972972972972	0.9521472392638037	1.0	1.0	1.0	0.8880688806888068	0.1061452513966481	0.8931552587646077	0.27040816326530615	1.0	1.0	0.8931552587646077	1.0	0.9012545528126265	1.0	0.8986710963455149	0.9521472392638037	1.0	1.0	1.0	0.9225268176400476	1.0	0.9225268176400476	0.9225268176400476	1.0	0.9793489674483724	1.0	0.9006890960680989	1.0	0.9992818671454219	1.0	1.0	1.0	1.0	1.0	1.0	1.0	1.0	1.0	1.0	1.0	1.0	1.0	1.0	1.0	1.0	1.0	1.0	1.0	1.0	1.0	1.0	1.0	1.0	1.0	1.0	1.0	1.0	1.0	1.0	1.0	1.0	1.0	1.0	1.0	1.0	1.0	1.0	1.0	1.0	1.0	1.0	1.0	1.0	1.0	1.0	1.0	1.0	1.0	1.0	1.0	1.0	1.0
Pseudomonas_syringae_KF529_17593_NZ_CP074409	0.886968085106383	0.911219512195122	0.8746218487394958	1.0	1.0	1.0	1.0	0.6286496350364963	0.5235756385068762	0.8728557013118062	0.3985082578582845	1.0	1.0	1.0	0.8712070128118679	1.0	0.9892153216809223	1.0	0.18258766626360334	1.0	1.0	1.0	0.9351145038167938	1.0	1.0	1.0	1.0	1.0	1.0	1.0	1.0	0.7941389290882779	1.0	0.0	1.0	1.0	1.0	0.8780160857908847	0.832983193277311	1.0	0.3102866779089376	0.18587809293904645	1.0	1.0	1.0	1.0	1.0	0.5953271028037384	0.9826007326007326	1.0	0.8690516368545393	0.9189101524489134	0.9076672104404567	0.3102866779089376	0.0	0.8601231190150479	0.9976069398743643	1.0	0.3419746276889134	0.04041720990873532	0.33922651933701653	0.9903093551994037	0.04041720990873532	1.0	0.5746799431009957	0.33922651933701653	0.0	1.0	0.9903093551994037	1.0	1.0	1.0	1.0	0.8959920503477973	0.9351145038167938	0.8845381526104418	0.9348034515819751	1.0	1.0	1.0	1.0	0.9189101524489134	0.8601231190150479	0.8732347007397445	1.0	1.0	0.983085250338295	1.0	0.15356265356265353	1.0	1.0	1.0	1.0	1.0	1.0	0.884	1.0	1.0	0.9076672104404567	0.9354531001589825	0.8899204244031831	1.0	1.0	1.0	1.0	0.8822937625754528	0.9072131147540984	1.0	0.9076672104404567	1.0	0.8822937625754528	1.0	1.0	0.9193027759845062	0.9252006420545746	0.9193808448887456	1.0	0.9189101524489134	1.0	1.0	0.9193027759845062	1.0	0.9193027759845062	1.0	0.980325644504749	1.0	0.9943661971830986	1.0	0.9950920245398773	0.9943661971830986	0.9940784603997039	0.9943661971830986	0.996048632218845	0.9966309341500765	1.0	1.0	1.0	0.9940784603997039	0.9960159362549801	1.0	0.9940784603997039	0.9940784603997039	0.9943661971830986	1.0	0.9950920245398773	0.9966585662211421	0.9966585662211421	0.9966309341500765	0.9943661971830986	0.998483929654336	0.9961335676625659	0.9966309341500765	1.0	0.9966309341500765	0.9966309341500765	0.9950920245398773	0.9950920245398773	0.9966309341500765	0.9981570217471434	0.9943661971830986	0.9966309341500765	0.9966309341500765	0.9950920245398773	0.9943661971830986	0.9966309341500765	0.9954273654590221	0.9940784603997039	0.9940784603997039	1.0	0.9940784603997039	0.9960159362549801	0.9966585662211421	0.9950920245398773	0.9966585662211421	0.9966309341500765	0.9960159362549801	0.9959364610269671	0.9961335676625659	0.998483929654336
Pseudomonas_syringae_Karpuz_1_hishtil_a_17552_NZ_JAEILI010000040	1.0	1.0	1.0	0.9752155172413793	0.9108829568788501	0.9108829568788501	0.9071782178217822	1.0	1.0	1.0	1.0	0.4823943661971831	0.929264349232013	0.0	1.0	1.0	1.0	0.8992318120198826	1.0	0.9810664605873262	0.9984508133230054	0.04646017699115046	1.0	0.9752155172413793	0.9566192969334331	0.4823943661971831	0.24685638649900732	0.24685638649900732	0.21408839779005528	0.21408839779005528	0.9795839753466872	1.0	0.250330250990753	1.0	0.0	0.24685638649900732	0.8992318120198826	1.0	1.0	0.5008488964346349	1.0	1.0	0.929264349232013	1.0	0.9509043927648578	0.0	0.9752155172413793	1.0	1.0	0.9454545454545454	1.0	1.0	1.0	1.0	1.0	1.0	1.0	0.9746416758544653	1.0	1.0	1.0	0.9522012578616352	1.0	0.9509043927648578	1.0	1.0	1.0	0.9522012578616352	0.9522012578616352	0.9509043927648578	0.9068425391591096	0.929264349232013	0.9068425391591096	1.0	1.0	1.0	1.0	0.9795839753466872	1.0	1.0	1.0	1.0	1.0	1.0	1.0	0.929264349232013	1.0	1.0	1.0	1.0	1.0	1.0	0.93711467324291	0.9068425391591096	0.9108829568788501	1.0	0.9085160202360877	0.9522012578616352	1.0	1.0	1.0	0.893021312160468	0.21013513513513515	0.9043588658484977	0.04646017699115046	1.0	1.0	0.9043588658484977	1.0	0.9122231337161608	1.0	0.9098947368421053	0.9522012578616352	1.0	1.0	1.0	0.929264349232013	1.0	0.929264349232013	0.929264349232013	1.0	0.9832501781895937	1.0	0.9071782178217822	1.0	0.9992652461425422	1.0	1.0	1.0	1.0	1.0	1.0	1.0	1.0	1.0	1.0	1.0	1.0	1.0	1.0	1.0	1.0	1.0	1.0	1.0	1.0	1.0	1.0	1.0	1.0	1.0	1.0	1.0	1.0	1.0	1.0	1.0	1.0	1.0	1.0	1.0	1.0	1.0	1.0	1.0	1.0	1.0	1.0	1.0	1.0	1.0	1.0	1.0	1.0	1.0	1.0	1.0	1.0	1.0
Pseudomonas_syringae_Kozan_2015_1_17562_NZ_JAEIKF010000024	1.0	1.0	1.0	0.958943234559086	0.8868388683886839	0.8868388683886839	0.9042424242424243	1.0	1.0	1.0	1.0	0.5380794701986755	0.925940594059406	0.24685638649900732	1.0	1.0	1.0	0.9451245251160827	1.0	0.981516408902301	0.9984877126654065	0.24124513618677046	1.0	0.958943234559086	0.9495581737849779	0.5380794701986755	0.0	0.0	0.04646017699115046	0.04646017699115046	0.9754438987533056	1.0	0.14627477785372522	1.0	0.24685638649900732	0.0	0.9451245251160827	1.0	1.0	0.5284861638632664	1.0	1.0	0.925940594059406	1.0	0.9548306148055207	0.24685638649900732	0.958943234559086	1.0	1.0	0.9393039049235993	1.0	1.0	1.0	1.0	1.0	1.0	1.0	0.9700361010830325	1.0	1.0	1.0	0.9521472392638037	1.0	0.9548306148055207	1.0	1.0	1.0	0.9421965317919075	0.9521472392638037	0.9548306148055207	0.8827160493827161	0.925940594059406	0.8827160493827161	1.0	1.0	1.0	1.0	0.9754438987533056	1.0	1.0	1.0	1.0	1.0	1.0	1.0	0.925940594059406	1.0	1.0	1.0	1.0	1.0	1.0	0.9387019230769231	0.8827160493827161	0.8868388683886839	1.0	0.8972972972972972	0.9421965317919075	1.0	1.0	1.0	0.8811881188118812	0.044700793078586876	0.8931552587646077	0.24124513618677046	1.0	1.0	0.8931552587646077	1.0	0.8882063882063882	1.0	0.8986710963455149	0.9421965317919075	1.0	1.0	1.0	0.925940594059406	1.0	0.925940594059406	0.925940594059406	1.0	0.9793489674483724	1.0	0.9042424242424243	1.0	0.9992818671454219	1.0	1.0	1.0	1.0	1.0	1.0	1.0	1.0	1.0	1.0	1.0	1.0	1.0	1.0	1.0	1.0	1.0	1.0	1.0	1.0	1.0	1.0	1.0	1.0	1.0	1.0	1.0	1.0	1.0	1.0	1.0	1.0	1.0	1.0	1.0	1.0	1.0	1.0	1.0	1.0	1.0	1.0	1.0	1.0	1.0	1.0	1.0	1.0	1.0	1.0	1.0	1.0	1.0
Pseudomonas_syringae_LMG5095_7342_NZ_CP028490	1.0	1.0	1.0	0.9807692307692307	0.9553235908141963	0.9553235908141963	0.9890776699029126	1.0	1.0	1.0	1.0	0.9120142920946851	0.9943661971830986	0.8992318120198826	1.0	1.0	1.0	0.05281090289608181	1.0	0.9873778501628665	1.0	0.9020210896309314	1.0	0.9807692307692307	0.9581689029202841	0.9120142920946851	0.9451245251160827	0.9451245251160827	0.9436253252385083	0.9436253252385083	0.9943661971830986	1.0	0.9451245251160827	1.0	0.8992318120198826	0.9451245251160827	0.0	1.0	1.0	0.9144222415291051	1.0	1.0	0.9943661971830986	1.0	0.3215859030837004	0.8992318120198826	0.9807692307692307	1.0	1.0	0.3240469208211144	1.0	1.0	1.0	1.0	1.0	1.0	1.0	0.9803012746234068	1.0	1.0	1.0	0.3515789473684211	1.0	0.3589375448671931	1.0	1.0	1.0	0.3515789473684211	0.3515789473684211	0.3215859030837004	0.9500629458665548	0.9943661971830986	0.9500629458665548	1.0	1.0	1.0	1.0	0.9943661971830986	1.0	1.0	1.0	1.0	1.0	1.0	1.0	0.9943661971830986	1.0	0.6343863283272916	1.0	1.0	1.0	1.0	1.0	0.9500629458665548	0.9553235908141963	1.0	0.9541166380789022	0.3515789473684211	1.0	1.0	1.0	0.9469026548672567	0.9451245251160827	0.9487068965517241	0.9020210896309314	1.0	1.0	0.9487068965517241	1.0	0.9553235908141963	1.0	0.9541166380789022	0.38667582417582413	1.0	1.0	1.0	0.9943661971830986	1.0	0.9943661971830986	0.9943661971830986	1.0	0.9891548242333583	1.0	0.9890776699029126	1.0	1.0	1.0	1.0	1.0	1.0	1.0	1.0	1.0	1.0	1.0	1.0	1.0	1.0	1.0	1.0	1.0	1.0	1.0	1.0	1.0	1.0	1.0	1.0	1.0	1.0	1.0	1.0	1.0	1.0	1.0	1.0	1.0	1.0	1.0	1.0	1.0	1.0	1.0	1.0	1.0	1.0	1.0	1.0	1.0	1.0	1.0	1.0	1.0	1.0	1.0	1.0	1.0	1.0	1.0
Pseudomonas_syringae_M11_20731_NZ_JAROCH010000010	0.4901800327332242	0.5856650057493292	0.6200448765893792	1.0	1.0	1.0	1.0	0.8997699638514624	0.8950495049504951	0.7326698695950584	0.8650847457627119	1.0	1.0	1.0	0.5316354954237963	1.0	0.9894319682959049	1.0	0.871967654986523	1.0	1.0	1.0	0.875	1.0	1.0	1.0	1.0	1.0	1.0	1.0	1.0	0.8421550094517958	1.0	0.8780160857908847	1.0	1.0	1.0	0.0	0.8594040968342644	1.0	0.864314789687924	0.8950495049504951	1.0	0.9961946181027453	1.0	1.0	1.0	0.9090909090909091	0.981994459833795	1.0	0.7317994505494505	0.9226033421284081	0.700246565692145	0.864314789687924	0.8780160857908847	0.7696685637763643	0.9912592187926796	1.0	0.8802675585284281	0.8895522388059701	0.884	0.9934015176509403	0.8780160857908847	1.0	0.8979591836734694	0.884	0.8780160857908847	1.0	0.9934015176509403	1.0	1.0	1.0	1.0	0.8688827331486612	0.875	0.8486842105263158	0.9085239085239085	1.0	0.9961946181027453	0.9961946181027453	0.9901558654634947	0.9226033421284081	0.7696685637763643	0.7378673957621327	0.9950980392156863	1.0	0.9860690490611751	1.0	0.8592844974446338	1.0	1.0	1.0	1.0	1.0	1.0	0.5078851597250303	1.0	1.0	0.6891651865008881	0.7956919060052219	0.6423841059602649	1.0	1.0	1.0	1.0	0.8860260685056077	0.8795731707317074	1.0	0.6891651865008881	1.0	0.8860260685056077	1.0	1.0	0.8618136952498457	0.853325046612803	0.9122238586156112	1.0	0.9085239085239085	1.0	1.0	0.8618136952498457	1.0	0.8547486033519553	1.0	0.9860690490611751	1.0	0.9946557686262182	1.0	0.995279089141905	0.9946557686262182	0.994413407821229	0.9946557686262182	0.996420704845815	0.9969503742722484	1.0	1.0	1.0	0.994413407821229	0.9963938973647711	1.0	0.994413407821229	0.994413407821229	0.9946557686262182	1.0	0.995279089141905	0.9969730324711062	0.9969730324711062	0.9969503742722484	0.9946557686262182	0.998351195383347	0.9965484781926577	0.9969503742722484	1.0	0.9969503742722484	0.9969503742722484	0.995279089141905	0.995279089141905	0.9969503742722484	0.9980353634577603	0.9946557686262182	0.9969503742722484	0.9969503742722484	0.995279089141905	0.9946557686262182	0.9969503742722484	0.9959183673469387	0.994413407821229	0.994413407821229	1.0	0.994413407821229	0.9963938973647711	0.9969730324711062	0.995279089141905	0.9969730324711062	0.9969503742722484	0.9963938973647711	0.9963922597572975	0.9965484781926577	0.998351195383347
Pseudomonas_syringae_MB03_4121_NZ_LAGV01000047	0.8494051346274264	0.8554967299906571	0.8273771537970644	1.0	1.0	1.0	1.0	0.9039789542913516	0.8690193417034272	0.7796947577969475	0.9025353967731313	1.0	1.0	1.0	0.8558530510585305	1.0	0.9903846153846154	1.0	0.82475317348378	1.0	1.0	1.0	0.9200705260064649	1.0	1.0	1.0	1.0	1.0	1.0	1.0	1.0	0.24964131994261118	1.0	0.832983193277311	1.0	1.0	1.0	0.8594040968342644	0.0	1.0	0.8804165267047364	0.8075134168157424	1.0	0.999455930359086	1.0	1.0	1.0	0.9125611745513866	0.9341875364006988	1.0	0.8448492462311558	0.7992125984251969	0.8930722891566265	0.8804165267047364	0.832983193277311	0.46733668341708545	0.9948073244055753	1.0	0.893058784456991	0.8455143747835123	0.8743667679837892	0.9913621262458472	0.832983193277311	1.0	0.9014502307185234	0.8743667679837892	0.832983193277311	1.0	0.9913621262458472	1.0	1.0	1.0	1.0	0.7534059945504087	0.9200705260064649	0.7622590463307406	0.7361878453038674	1.0	0.999455930359086	0.999455930359086	0.9983660130718954	0.7992125984251969	0.46733668341708545	0.8035133376707873	1.0	1.0	0.9822900763358778	1.0	0.8701694915254237	1.0	1.0	1.0	1.0	1.0	1.0	0.8678373382624769	1.0	1.0	0.8937387116195064	0.9178445229681979	0.873735825927061	1.0	1.0	1.0	1.0	0.6617915904936015	0.8159171789065027	1.0	0.8937387116195064	1.0	0.6617915904936015	1.0	1.0	0.8667900092506938	0.8646895273401297	0.7972531066056245	1.0	0.8015717092337917	1.0	1.0	0.8667900092506938	1.0	0.8812785388127854	1.0	0.9822900763358778	1.0	0.9949479002210294	1.0	0.9955394480066908	0.9949479002210294	0.994717728623308	0.9949479002210294	0.9964058612109483	0.9969376391982183	1.0	1.0	1.0	0.994717728623308	0.9963788300835654	1.0	0.994717728623308	0.994717728623308	0.9949479002210294	1.0	0.9955394480066908	0.9969604863221885	0.9969604863221885	0.9969376391982183	0.9949479002210294	0.9986206896551724	0.9965321563682219	0.9969376391982183	1.0	0.9969376391982183	0.9969376391982183	0.9955394480066908	0.9955394480066908	0.9969376391982183	0.9983552631578947	0.9949479002210294	0.9969376391982183	0.9969376391982183	0.9955394480066908	0.9949479002210294	0.9969376391982183	0.9958990536277602	0.994717728623308	0.994717728623308	1.0	0.994717728623308	0.9963788300835654	0.9969604863221885	0.9955394480066908	0.9969604863221885	0.9969376391982183	0.9963788300835654	0.9963744232036915	0.9965321563682219	0.9986206896551724
Pseudomonas_syringae_MUP17_20728_NZ_CP110807	1.0	1.0	1.0	0.9578270192994996	0.9008097165991903	0.9008097165991903	0.8746887966804979	1.0	1.0	1.0	1.0	0.04646017699115046	0.8975609756097561	0.5008488964346349	1.0	1.0	1.0	0.9144222415291051	1.0	0.9883851629823904	0.9965909090909091	0.465195246179966	1.0	0.9578270192994996	0.9678002894356006	0.04646017699115046	0.5284861638632664	0.5284861638632664	0.5380794701986755	0.5380794701986755	0.9696048632218845	1.0	0.5155993431855501	1.0	0.5008488964346349	0.5284861638632664	0.9144222415291051	1.0	1.0	0.0	1.0	1.0	0.8975609756097561	1.0	0.9025032938076416	0.5008488964346349	0.9578270192994996	1.0	1.0	0.9311377245508982	1.0	1.0	1.0	1.0	1.0	1.0	1.0	0.9803431022158685	1.0	1.0	1.0	0.8952134540750324	1.0	0.9025032938076416	1.0	1.0	1.0	0.8748353096179183	0.8952134540750324	0.9025032938076416	0.8954434499593165	0.8975609756097561	0.8954434499593165	1.0	1.0	1.0	1.0	0.9696048632218845	1.0	1.0	1.0	1.0	1.0	1.0	1.0	0.8975609756097561	1.0	1.0	1.0	1.0	0.9973504920514762	0.9973504920514762	0.9270959902794653	0.8954434499593165	0.9008097165991903	1.0	0.9045848822800495	0.8748353096179183	1.0	1.0	1.0	0.7479224376731302	0.5033112582781457	0.8991282689912827	0.465195246179966	1.0	1.0	0.8991282689912827	1.0	0.9008097165991903	1.0	0.9045848822800495	0.8748353096179183	1.0	1.0	1.0	0.8975609756097561	1.0	0.8975609756097561	0.8975609756097561	1.0	0.9825540823447313	1.0	0.8811881188118812	1.0	0.9967602591792657	1.0	1.0	1.0	1.0	1.0	1.0	1.0	1.0	1.0	1.0	1.0	1.0	1.0	1.0	1.0	1.0	1.0	1.0	1.0	1.0	1.0	1.0	1.0	1.0	1.0	1.0	1.0	1.0	1.0	1.0	1.0	1.0	1.0	1.0	1.0	1.0	1.0	1.0	1.0	1.0	1.0	1.0	1.0	1.0	1.0	1.0	1.0	1.0	1.0	1.0	1.0	1.0	1.0
Pseudomonas_syringae_MUP20_20716_NZ_CP110808	0.8631578947368421	0.8917576961271102	0.8569477637418914	1.0	1.0	1.0	1.0	0.5513253012048193	0.6141078838174274	0.8785140562248996	0.4392523364485982	1.0	1.0	1.0	0.8573378839590444	1.0	0.9880863737900223	1.0	0.3456246560264171	1.0	1.0	1.0	0.9220862846104314	1.0	1.0	1.0	1.0	1.0	1.0	1.0	1.0	0.8807924781732707	1.0	0.3102866779089376	1.0	1.0	1.0	0.864314789687924	0.8804165267047364	1.0	0.0	0.34925864909390447	1.0	1.0	1.0	1.0	1.0	0.6005586592178771	0.9906117504542702	1.0	0.8551417833959686	0.9185593770279039	0.912987012987013	0.0	0.3102866779089376	0.86594079618918	0.99096657633243	1.0	0.3197316936836221	0.33922651933701653	0.22654867256637168	0.9925622908144291	0.33922651933701653	1.0	0.5800661313179027	0.22654867256637168	0.3102866779089376	1.0	0.9925622908144291	1.0	1.0	1.0	1.0	0.9014502307185234	0.9220862846104314	0.8732251521298174	0.9217081850533808	1.0	1.0	1.0	1.0	0.9185593770279039	0.86594079618918	0.859428182437032	0.9997012249775918	1.0	0.980325644504749	1.0	0.24825174825174823	1.0	1.0	1.0	1.0	1.0	1.0	0.851063829787234	1.0	1.0	0.912987012987013	0.9069539666993144	0.8654693324296848	1.0	1.0	1.0	1.0	0.8811681772406847	0.9125611745513866	1.0	0.912987012987013	1.0	0.8811681772406847	1.0	1.0	0.9189538262835002	0.9296675191815856	0.9190322580645162	1.0	0.9185593770279039	1.0	1.0	0.9189538262835002	1.0	0.9189538262835002	1.0	0.9775510204081632	1.0	0.9940119760479041	1.0	0.9947836759742252	0.9940119760479041	0.9937060348019252	0.9940119760479041	0.996048632218845	0.9966309341500765	1.0	1.0	1.0	0.9937060348019252	0.9960159362549801	1.0	0.9937060348019252	0.9937060348019252	0.9940119760479041	1.0	0.9947836759742252	0.9966585662211421	0.9966585662211421	0.9966309341500765	0.9940119760479041	0.9981801637852593	0.9961335676625659	0.9966309341500765	1.0	0.9966309341500765	0.9966309341500765	0.9947836759742252	0.9947836759742252	0.9966309341500765	0.9977876106194691	0.9940119760479041	0.9966309341500765	0.9966309341500765	0.9947836759742252	0.9940119760479041	0.9966309341500765	0.9954273654590221	0.9937060348019252	0.9937060348019252	1.0	0.9937060348019252	0.9960159362549801	0.9966585662211421	0.9947836759742252	0.9966585662211421	0.9966309341500765	0.9960159362549801	0.9959364610269671	0.9961335676625659	0.9981801637852593
Pseudomonas_syringae_MUP32_20727_NZ_CP110809	0.8899204244031831	0.8906560636182903	0.8435233160621762	1.0	1.0	1.0	1.0	0.6526221425369789	0.6057513914656771	0.898784094643444	0.4825845532559313	1.0	1.0	1.0	0.8696826468602296	1.0	0.9937060348019252	1.0	0.3083849184018008	1.0	1.0	1.0	0.9289827255278311	1.0	1.0	1.0	1.0	1.0	1.0	1.0	1.0	0.8455143747835123	1.0	0.18587809293904645	1.0	1.0	1.0	0.8950495049504951	0.8075134168157424	1.0	0.34925864909390447	0.0	1.0	1.0	1.0	1.0	1.0	0.6471647164716472	0.9826007326007326	1.0	0.8951533135509396	0.893058784456991	0.9310344827586207	0.34925864909390447	0.18587809293904645	0.8867735470941884	0.9976069398743643	1.0	0.41955835962145105	0.2191943127962085	0.3768898488120951	0.9903093551994037	0.2191943127962085	1.0	0.6280237334550434	0.3768898488120951	0.18587809293904645	1.0	0.9903093551994037	1.0	1.0	1.0	1.0	0.9199611147116008	0.9289827255278311	0.8985459352280238	0.9286403085824494	1.0	1.0	1.0	1.0	0.893058784456991	0.8867735470941884	0.8991458607095927	1.0	1.0	0.983085250338295	1.0	0.2328042328042328	1.0	1.0	1.0	1.0	1.0	1.0	0.9094462540716612	1.0	1.0	0.9310344827586207	0.9418457648546144	0.8928571428571429	1.0	1.0	1.0	1.0	0.9010880316518298	0.9307025986525506	1.0	0.9310344827586207	1.0	0.9010880316518298	1.0	1.0	0.8935888962326504	0.8954140547674035	0.893694288544074	1.0	0.893058784456991	1.0	1.0	0.8935888962326504	1.0	0.8935888962326504	1.0	0.980325644504749	1.0	0.9943661971830986	1.0	0.9950920245398773	0.9943661971830986	0.9940784603997039	0.9943661971830986	0.996048632218845	0.9966309341500765	1.0	1.0	1.0	0.9940784603997039	0.9960159362549801	1.0	0.9940784603997039	0.9940784603997039	0.9943661971830986	1.0	0.9950920245398773	0.9966585662211421	0.9966585662211421	0.9966309341500765	0.9943661971830986	0.998483929654336	0.9961335676625659	0.9966309341500765	1.0	0.9966309341500765	0.9966309341500765	0.9950920245398773	0.9950920245398773	0.9966309341500765	0.9981570217471434	0.9943661971830986	0.9966309341500765	0.9966309341500765	0.9950920245398773	0.9943661971830986	0.9966309341500765	0.9954273654590221	0.9940784603997039	0.9940784603997039	1.0	0.9940784603997039	0.9960159362549801	0.9966585662211421	0.9950920245398773	0.9966585662211421	0.9966309341500765	0.9960159362549801	0.9959364610269671	0.9961335676625659	0.998483929654336
Pseudomonas_syringae_NCPPB_3871_5835_NZ_LKEN01000002	1.0	1.0	1.0	0.9920497753197373	0.9793233082706767	0.9793233082706767	0.562798092209857	1.0	1.0	1.0	1.0	0.899002493765586	0.0	0.929264349232013	1.0	1.0	1.0	0.9943661971830986	1.0	1.0	0.9977298524404086	0.9272151898734178	1.0	0.9920497753197373	1.0	0.899002493765586	0.925940594059406	0.925940594059406	0.929264349232013	0.929264349232013	0.6205493387589014	1.0	0.9225268176400476	1.0	0.929264349232013	0.925940594059406	0.9943661971830986	1.0	1.0	0.8975609756097561	1.0	1.0	0.0	1.0	0.9943661971830986	0.929264349232013	0.9920497753197373	1.0	1.0	0.9943661971830986	1.0	1.0	1.0	1.0	1.0	1.0	1.0	0.9950686861570975	1.0	1.0	1.0	0.9909413154785348	1.0	0.9943661971830986	1.0	1.0	1.0	0.9909413154785348	0.9909413154785348	0.9943661971830986	0.9793233082706767	0.0	0.9800901577761082	1.0	1.0	1.0	1.0	0.6205493387589014	1.0	1.0	1.0	1.0	1.0	1.0	1.0	0.0	1.0	1.0	1.0	1.0	1.0	1.0	0.41472172351885095	0.9793233082706767	0.9793233082706767	1.0	0.9788217173661917	0.9909413154785348	1.0	1.0	1.0	0.9177972865123704	0.925940594059406	0.9788217173661917	0.9272151898734178	1.0	1.0	0.9788217173661917	1.0	0.9793233082706767	1.0	0.9796075413620623	0.9909413154785348	1.0	1.0	1.0	0.0	1.0	0.0	0.0	1.0	0.9746835443037974	1.0	0.562798092209857	1.0	0.9956756756756757	1.0	1.0	1.0	1.0	1.0	1.0	1.0	1.0	1.0	1.0	1.0	1.0	1.0	1.0	1.0	1.0	1.0	1.0	1.0	1.0	1.0	1.0	1.0	1.0	1.0	1.0	1.0	1.0	1.0	1.0	1.0	1.0	1.0	1.0	1.0	1.0	1.0	1.0	1.0	1.0	1.0	1.0	1.0	1.0	1.0	1.0	1.0	1.0	1.0	1.0	1.0	1.0	1.0
Pseudomonas_syringae_NZ45_6142_NZ_MTZF01000001	0.999458141425088	0.9967400162999185	0.9967400162999185	1.0	1.0	1.0	1.0	0.9939957970579406	0.9939957970579406	0.9994585814834868	0.9994028068080024	1.0	1.0	1.0	0.999458141425088	0.9727626459143969	0.9401384083044982	1.0	1.0	1.0	1.0	1.0	0.997557003257329	1.0	1.0	1.0	1.0	1.0	1.0	1.0	1.0	0.999455930359086	1.0	1.0	1.0	1.0	1.0	0.9961946181027453	0.999455930359086	1.0	1.0	1.0	1.0	0.0	1.0	1.0	1.0	0.9939957970579406	0.999455930359086	1.0	0.9890590809628009	0.999455930359086	0.9972848221558512	1.0	1.0	1.0	0.9961977186311787	1.0	1.0	1.0	1.0	1.0	1.0	1.0	0.9939957970579406	1.0	1.0	1.0	1.0	1.0	1.0	1.0	1.0	0.999455930359086	0.997557003257329	0.999455930359086	0.9980931626259875	1.0	0.0	0.0	0.5251396648044693	0.999455930359086	1.0	0.9994585814834868	0.9707357859531772	1.0	1.0	1.0	1.0	1.0	1.0	1.0	1.0	1.0	1.0	0.9967400162999185	1.0	1.0	0.9972848221558512	1.0	0.9967400162999185	1.0	1.0	1.0	1.0	0.999455930359086	0.9972737186477645	1.0	0.9972848221558512	1.0	0.999455930359086	1.0	1.0	1.0	1.0	1.0	1.0	0.999455930359086	1.0	1.0	1.0	1.0	1.0	1.0	1.0	0.9947884733292459	0.9987488270253363	0.9996734160679295	0.9988941111418302	0.9987488270253363	0.9957377049180328	0.9987488270253363	0.9989023051591658	0.9988941111418302	0.9996734160679295	0.9996734160679295	0.9996734160679295	0.9957377049180328	0.9988941111418302	0.9996734160679295	0.9957377049180328	0.9957377049180328	0.9987488270253363	0.9996734160679295	0.9988941111418302	0.9989023051591658	0.9989023051591658	0.9988941111418302	0.9987488270253363	0.999725802029065	0.9987488270253363	0.9988941111418302	0.9996734160679295	0.9988941111418302	0.9988941111418302	0.9963968957871396	0.9988941111418302	0.9988941111418302	1.0	0.9987488270253363	0.9988941111418302	0.9988941111418302	0.9988941111418302	0.9987488270253363	0.9988941111418302	0.9987488270253363	0.9957377049180328	0.9957377049180328	0.9996734160679295	0.9957377049180328	0.9988941111418302	0.9964236588720771	0.9988941111418302	0.9964236588720771	0.9988941111418302	0.9988941111418302	0.9986923831317424	0.9987488270253363	0.999725802029065
Pseudomonas_syringae_P108_12228_NZ_VLIA01000012	1.0	1.0	1.0	0.9741935483870968	0.9600997506234414	0.9600997506234414	0.9824918566775245	1.0	1.0	1.0	1.0	0.8997289972899729	0.9943661971830986	0.9509043927648578	1.0	1.0	1.0	0.2824943651389933	1.0	0.9819893573475236	1.0	0.9522012578616352	1.0	0.9741935483870968	0.9638932496075353	0.8997289972899729	0.9548306148055207	0.9548306148055207	0.9536082474226804	0.9536082474226804	0.9943661971830986	1.0	0.9548306148055207	1.0	0.9509043927648578	0.9548306148055207	0.3215859030837004	1.0	1.0	0.9025032938076416	1.0	1.0	0.9943661971830986	1.0	0.0	0.9509043927648578	0.9741935483870968	1.0	1.0	0.1609010458567981	1.0	1.0	1.0	1.0	1.0	1.0	1.0	0.973561430793157	1.0	1.0	1.0	0.052238805970149294	1.0	0.05281090289608181	1.0	1.0	1.0	0.052238805970149294	0.052238805970149294	0.0	0.9600997506234414	0.9943661971830986	0.9600997506234414	1.0	1.0	1.0	1.0	0.9943661971830986	1.0	1.0	1.0	1.0	1.0	1.0	1.0	0.9943661971830986	1.0	0.6236951983298539	1.0	1.0	1.0	1.0	1.0	0.9600997506234414	0.9600997506234414	1.0	0.9590268886043534	0.052238805970149294	1.0	1.0	1.0	0.9379515512112198	0.9548306148055207	0.9590268886043534	0.9522012578616352	1.0	1.0	0.9590268886043534	1.0	0.9600997506234414	1.0	0.9590268886043534	0.101050929668553	1.0	1.0	1.0	0.9943661971830986	1.0	0.9943661971830986	0.9943661971830986	1.0	0.980384760467748	1.0	0.9824918566775245	1.0	1.0	1.0	1.0	1.0	1.0	1.0	1.0	1.0	1.0	1.0	1.0	1.0	1.0	1.0	1.0	1.0	1.0	1.0	1.0	1.0	1.0	1.0	1.0	1.0	1.0	1.0	1.0	1.0	1.0	1.0	1.0	1.0	1.0	1.0	1.0	1.0	1.0	1.0	1.0	1.0	1.0	1.0	1.0	1.0	1.0	1.0	1.0	1.0	1.0	1.0	1.0	1.0	1.0	1.0
Pseudomonas_syringae_P121_12232_NZ_VLIE01000021	1.0	1.0	1.0	0.9752155172413793	0.9108829568788501	0.9108829568788501	0.9071782178217822	1.0	1.0	1.0	1.0	0.4823943661971831	0.929264349232013	0.0	1.0	1.0	1.0	0.8992318120198826	1.0	0.9810664605873262	0.9984508133230054	0.04646017699115046	1.0	0.9752155172413793	0.9566192969334331	0.4823943661971831	0.24685638649900732	0.24685638649900732	0.21408839779005528	0.21408839779005528	0.9795839753466872	1.0	0.250330250990753	1.0	0.0	0.24685638649900732	0.8992318120198826	1.0	1.0	0.5008488964346349	1.0	1.0	0.929264349232013	1.0	0.9509043927648578	0.0	0.9752155172413793	1.0	1.0	0.9454545454545454	1.0	1.0	1.0	1.0	1.0	1.0	1.0	0.9746416758544653	1.0	1.0	1.0	0.9522012578616352	1.0	0.9509043927648578	1.0	1.0	1.0	0.9522012578616352	0.9522012578616352	0.9509043927648578	0.9068425391591096	0.929264349232013	0.9068425391591096	1.0	1.0	1.0	1.0	0.9795839753466872	1.0	1.0	1.0	1.0	1.0	1.0	1.0	0.929264349232013	1.0	1.0	1.0	1.0	1.0	1.0	0.93711467324291	0.9068425391591096	0.9108829568788501	1.0	0.9085160202360877	0.9522012578616352	1.0	1.0	1.0	0.893021312160468	0.21013513513513515	0.9043588658484977	0.04646017699115046	1.0	1.0	0.9043588658484977	1.0	0.9122231337161608	1.0	0.9098947368421053	0.9522012578616352	1.0	1.0	1.0	0.929264349232013	1.0	0.929264349232013	0.929264349232013	1.0	0.9832501781895937	1.0	0.9071782178217822	1.0	0.9992652461425422	1.0	1.0	1.0	1.0	1.0	1.0	1.0	1.0	1.0	1.0	1.0	1.0	1.0	1.0	1.0	1.0	1.0	1.0	1.0	1.0	1.0	1.0	1.0	1.0	1.0	1.0	1.0	1.0	1.0	1.0	1.0	1.0	1.0	1.0	1.0	1.0	1.0	1.0	1.0	1.0	1.0	1.0	1.0	1.0	1.0	1.0	1.0	1.0	1.0	1.0	1.0	1.0	1.0
Pseudomonas_syringae_P78_12243_NZ_WJPU01000012	1.0	1.0	1.0	0.038969201759899486	0.9641589779985805	0.9641589779985805	0.929908256880734	1.0	1.0	1.0	1.0	0.9803431022158685	0.9920497753197373	0.9752155172413793	1.0	1.0	1.0	0.9807692307692307	1.0	0.20297029702970293	1.0	0.9525862068965517	1.0	0.0	0.8899782135076253	0.9803431022158685	0.958943234559086	0.958943234559086	0.9700361010830325	0.9700361010830325	0.9920497753197373	1.0	0.9674220963172805	1.0	0.9752155172413793	0.958943234559086	0.9807692307692307	1.0	1.0	0.9578270192994996	1.0	1.0	0.9920497753197373	1.0	0.9741935483870968	0.9752155172413793	0.0	1.0	1.0	0.9749715585893061	1.0	1.0	1.0	1.0	1.0	1.0	1.0	0.04038461538461535	1.0	1.0	1.0	0.9667538289129622	1.0	0.9741935483870968	1.0	1.0	1.0	0.9502846299810247	0.9667538289129622	0.9741935483870968	0.9641589779985805	0.9920497753197373	0.9641589779985805	1.0	1.0	1.0	1.0	0.9920497753197373	1.0	1.0	1.0	1.0	1.0	1.0	1.0	0.9920497753197373	1.0	0.9950641658440277	1.0	1.0	1.0	1.0	1.0	0.9641589779985805	0.9641589779985805	1.0	0.9685807150595883	0.9502846299810247	1.0	1.0	1.0	0.9446254071661238	0.958943234559086	0.9685807150595883	0.9525862068965517	1.0	1.0	0.9685807150595883	1.0	0.9641589779985805	1.0	0.9685807150595883	0.9502846299810247	1.0	1.0	1.0	0.9920497753197373	1.0	0.9920497753197373	0.9920497753197373	1.0	0.26183844011142066	1.0	0.929908256880734	1.0	1.0	1.0	1.0	1.0	1.0	1.0	1.0	1.0	1.0	1.0	1.0	1.0	1.0	1.0	1.0	1.0	1.0	1.0	1.0	1.0	1.0	1.0	1.0	1.0	1.0	1.0	1.0	1.0	1.0	1.0	1.0	1.0	1.0	1.0	1.0	1.0	1.0	1.0	1.0	1.0	1.0	1.0	1.0	1.0	1.0	1.0	1.0	1.0	1.0	1.0	1.0	1.0	1.0	1.0
Pseudomonas_syringae_PA-1-11B_17691_NZ_WJYR01000030	0.8635437881873727	0.9234726688102894	0.875	1.0	1.0	1.0	1.0	0.1648351648351648	0.2624277456647399	0.885970744680851	0.5907172995780591	1.0	1.0	1.0	0.8538171858952414	1.0	0.9880863737900223	1.0	0.6681435533894551	1.0	1.0	1.0	0.9599254426840633	1.0	1.0	1.0	1.0	1.0	1.0	1.0	1.0	0.8985459352280238	1.0	0.5953271028037384	1.0	1.0	1.0	0.9090909090909091	0.9125611745513866	1.0	0.6005586592178771	0.6471647164716472	1.0	0.9939957970579406	1.0	1.0	1.0	0.0	0.9936594202898551	1.0	0.8944242824150446	0.9489120151371807	0.9196515004840271	0.6005586592178771	0.5953271028037384	0.8967229394240318	0.99096657633243	1.0	0.5582733812949641	0.5746799431009957	0.6435018050541517	0.9992611747321758	0.6005586592178771	1.0	0.04041720990873532	0.6435018050541517	0.5953271028037384	1.0	0.9992611747321758	1.0	1.0	1.0	1.0	0.9139784946236559	0.9599254426840633	0.8901098901098901	0.9597378277153558	1.0	0.9939957970579406	0.9939957970579406	0.9939957970579406	0.9489120151371807	0.8967229394240318	0.9020314547837484	0.9997012249775918	1.0	0.9806714140386572	1.0	0.567206863679695	1.0	1.0	1.0	1.0	1.0	1.0	0.8463128876636802	1.0	1.0	0.9196515004840271	0.9179056237879767	0.8289611752360966	1.0	1.0	1.0	1.0	0.8755060728744939	0.919260700389105	1.0	0.9196515004840271	1.0	0.8755060728744939	1.0	1.0	0.9491525423728814	0.9592788312092011	0.949200376293509	1.0	0.9489120151371807	1.0	1.0	0.9491525423728814	1.0	0.9491525423728814	1.0	0.9768550034036759	1.0	0.9961335676625659	1.0	0.9966309341500765	0.9961335676625659	0.9959364610269671	0.9961335676625659	0.9966585662211421	0.9966309341500765	1.0	1.0	1.0	0.9959364610269671	0.9966309341500765	1.0	0.9959364610269671	0.9959364610269671	0.9961335676625659	1.0	0.9966309341500765	0.9966585662211421	0.9966585662211421	0.9966309341500765	0.9961335676625659	1.0	0.9961335676625659	0.9966309341500765	1.0	0.9966309341500765	0.9966309341500765	0.9966309341500765	0.9966309341500765	0.9966309341500765	1.0	0.9961335676625659	0.9966309341500765	0.9966309341500765	0.9966309341500765	0.9961335676625659	0.9966309341500765	0.9961335676625659	0.9959364610269671	0.9959364610269671	1.0	0.9959364610269671	0.9966309341500765	0.9966585662211421	0.9966309341500765	0.9966585662211421	0.9966309341500765	0.9966309341500765	0.9959364610269671	0.9961335676625659	1.0
Pseudomonas_syringae_PA-2-9E_17695_NZ_CP066265	0.9642051860202931	0.9642051860202931	0.9791666666666666	1.0	1.0	1.0	1.0	0.99	0.981979230299328	0.9777654252362423	0.9933554817275747	1.0	1.0	1.0	0.9702998038666293	0.9950819672131147	0.9933884297520661	1.0	0.96875	1.0	1.0	1.0	0.9848066298342542	1.0	1.0	1.0	1.0	1.0	1.0	1.0	1.0	0.9341875364006988	1.0	0.9826007326007326	1.0	1.0	1.0	0.981994459833795	0.9341875364006988	1.0	0.9906117504542702	0.9826007326007326	1.0	0.999455930359086	1.0	1.0	1.0	0.9936594202898551	0.0	1.0	0.9720514253773057	0.9730639730639731	0.9674065748805845	0.9906117504542702	0.9826007326007326	0.9719101123595506	0.9997280391623606	1.0	0.9769797421731123	0.9826007326007326	0.9785473490652774	1.0	0.9826007326007326	1.0	0.9936594202898551	0.9785473490652774	0.9826007326007326	1.0	1.0	1.0	1.0	1.0	1.0	0.9678510998307953	0.9848066298342542	0.9675599435825106	0.984743411927878	1.0	0.999455930359086	0.999455930359086	0.9950819672131147	0.9730639730639731	0.9719101123595506	0.9817275747508306	0.9939775526964139	1.0	0.9921378893256728	1.0	0.9906117504542702	1.0	1.0	1.0	1.0	1.0	1.0	0.9595130237825594	1.0	1.0	0.9679865206402696	0.9785992217898832	0.9791666666666666	1.0	1.0	1.0	1.0	0.9767961979312273	0.9678510998307953	1.0	0.9679865206402696	1.0	0.9767961979312273	1.0	1.0	0.9668259769468653	0.9568549531649163	0.968013468013468	1.0	0.9790794979079498	1.0	1.0	0.9668259769468653	1.0	0.9748953974895398	1.0	0.9921378893256728	0.9944495837187789	1.0	1.0	1.0	1.0	1.0	1.0	1.0	1.0	1.0	1.0	1.0	1.0	1.0	1.0	1.0	1.0	1.0	1.0	1.0	1.0	1.0	1.0	1.0	1.0	1.0	1.0	1.0	1.0	1.0	1.0	1.0	1.0	1.0	1.0	1.0	1.0	1.0	1.0	1.0	1.0	1.0	1.0	1.0	1.0	1.0	1.0	1.0	1.0	1.0	1.0	1.0	1.0	1.0
Pseudomonas_syringae_PA-5-3F_17693_NZ_WKCY01000048	1.0	1.0	1.0	0.9749715585893061	0.9416243654822335	0.9416243654822335	0.9841463414634146	1.0	1.0	1.0	1.0	0.9292307692307692	0.9943661971830986	0.9454545454545454	1.0	1.0	1.0	0.28507126781695424	1.0	0.9819893573475236	1.0	0.9469026548672567	1.0	0.9749715585893061	0.9215686274509804	0.9292307692307692	0.9393039049235993	0.9393039049235993	0.9376362843436546	0.9376362843436546	0.9943661971830986	1.0	0.9393039049235993	1.0	0.9454545454545454	0.9393039049235993	0.3240469208211144	1.0	1.0	0.9311377245508982	1.0	1.0	0.9943661971830986	1.0	0.1609010458567981	0.9454545454545454	0.9749715585893061	1.0	1.0	0.0	1.0	1.0	1.0	1.0	1.0	1.0	1.0	0.9743589743589743	1.0	1.0	1.0	0.20137825421133226	1.0	0.2056514913657771	1.0	1.0	1.0	0.20137825421133226	0.20137825421133226	0.1609010458567981	0.9416243654822335	0.9943661971830986	0.9416243654822335	1.0	1.0	1.0	1.0	0.9943661971830986	1.0	1.0	1.0	1.0	1.0	1.0	1.0	0.9943661971830986	1.0	0.6236951983298539	1.0	1.0	1.0	1.0	1.0	0.9416243654822335	0.9416243654822335	1.0	0.940026075619296	0.20137825421133226	1.0	1.0	1.0	0.9486748001682793	0.9393039049235993	0.940026075619296	0.9469026548672567	1.0	1.0	0.940026075619296	1.0	0.9416243654822335	1.0	0.940026075619296	0.24308152580403886	1.0	1.0	1.0	0.9943661971830986	1.0	0.9943661971830986	0.9943661971830986	1.0	0.9819209039548022	1.0	0.9841463414634146	1.0	1.0	1.0	1.0	1.0	1.0	1.0	1.0	1.0	1.0	1.0	1.0	1.0	1.0	1.0	1.0	1.0	1.0	1.0	1.0	1.0	1.0	1.0	1.0	1.0	1.0	1.0	1.0	1.0	1.0	1.0	1.0	1.0	1.0	1.0	1.0	1.0	1.0	1.0	1.0	1.0	1.0	1.0	1.0	1.0	1.0	1.0	1.0	1.0	1.0	1.0	1.0	1.0	1.0	1.0
Pseudomonas_syringae_PA-5-3G_17692_NZ_WKCZ01000015	0.8129218900675024	0.8587762669962917	0.8250079541839007	1.0	1.0	1.0	1.0	0.8848585690515807	0.8800133689839572	0.7148817802503478	0.8559235233868214	1.0	1.0	1.0	0.8390443256837472	0.9840571742715778	0.9894424282415044	1.0	0.8617527173913043	1.0	1.0	1.0	0.9093325457767277	1.0	1.0	1.0	1.0	1.0	1.0	1.0	1.0	0.8241687979539642	1.0	0.8690516368545393	1.0	1.0	1.0	0.7317994505494505	0.8448492462311558	1.0	0.8551417833959686	0.8951533135509396	1.0	0.9890590809628009	1.0	1.0	1.0	0.8944242824150446	0.9720514253773057	1.0	0.0	0.9076329076329076	0.8584234930448222	0.8551417833959686	0.8690516368545393	0.7130860741777467	0.9912663755458515	1.0	0.8720969370582295	0.8807615230460922	0.8751258811681772	0.99340804218853	0.8690516368545393	1.0	0.883	0.8751258811681772	0.8690516368545393	1.0	0.99340804218853	1.0	1.0	1.0	1.0	0.8605947955390334	0.9093325457767277	0.8408446265364009	0.9007770472205618	1.0	0.9890590809628009	0.9890590809628009	0.9879518072289156	0.9076329076329076	0.7130860741777467	0.6999648258881463	0.9951020408163266	1.0	0.9860816944024205	1.0	0.8500343170899107	1.0	1.0	1.0	1.0	1.0	1.0	0.8167254085229093	1.0	1.0	0.8692590324556032	0.8608883405305368	0.8298479087452472	1.0	1.0	1.0	1.0	0.8481052301910429	0.8672620880813058	1.0	0.8692590324556032	1.0	0.8481052301910429	1.0	1.0	0.9002382370458606	0.8923215356928614	0.9061852619118083	1.0	0.9069836552748886	1.0	1.0	0.9002382370458606	1.0	0.9077196095829636	1.0	0.9836214740673339	1.0	0.9946608040201005	1.0	0.9952830188679245	0.9946608040201005	0.994418910045962	0.9946608040201005	0.9964236588720771	0.9969529085872576	1.0	1.0	1.0	0.994418910045962	0.9963968957871396	1.0	0.994418910045962	0.994418910045962	0.9946608040201005	1.0	0.9952830188679245	0.9969755292823755	0.9969755292823755	0.9969529085872576	0.9946608040201005	0.9983525535420099	0.996551724137931	0.9969529085872576	1.0	0.9969529085872576	0.9969529085872576	0.9952830188679245	0.9952830188679245	0.9969529085872576	0.9980372914622179	0.9946608040201005	0.9969529085872576	0.9969529085872576	0.9952830188679245	0.9946608040201005	0.9969529085872576	0.9959222082810539	0.994418910045962	0.994418910045962	1.0	0.994418910045962	0.9963968957871396	0.9969755292823755	0.9952830188679245	0.9969755292823755	0.9969529085872576	0.9963968957871396	0.9963958060288336	0.996551724137931	0.9983525535420099
Pseudomonas_syringae_PsA1M246_17694_NZ_JAKMVN010000019	0.9219712525667351	0.8723534826633936	0.8893925657298277	1.0	1.0	1.0	1.0	0.9378585086042065	0.9402225755166932	0.8981426003594967	0.9300160513643659	1.0	1.0	1.0	0.9244951712028094	1.0	0.989379356123465	1.0	0.9157449577098243	1.0	1.0	1.0	0.8775198533903482	1.0	1.0	1.0	1.0	1.0	1.0	1.0	1.0	0.8403041825095057	1.0	0.9189101524489134	1.0	1.0	1.0	0.9226033421284081	0.7992125984251969	1.0	0.9185593770279039	0.893058784456991	1.0	0.999455930359086	1.0	1.0	1.0	0.9489120151371807	0.9730639730639731	1.0	0.9076329076329076	0.0	0.9263803680981595	0.9185593770279039	0.9189101524489134	0.8362480127186009	0.9808811305070657	1.0	0.9419047619047619	0.9296724470134875	0.9079292267365662	0.9913621262458472	0.9189101524489134	1.0	0.9419047619047619	0.9079292267365662	0.9189101524489134	1.0	0.9913621262458472	1.0	1.0	1.0	1.0	0.8446969696969697	0.8775198533903482	0.8388324873096447	0.8007863695937091	1.0	0.999455930359086	0.999455930359086	0.9978201634877384	0.0	0.8362480127186009	0.901761719916393	0.9945280437756499	1.0	0.9856968959220938	1.0	0.9171539961013645	1.0	1.0	1.0	1.0	1.0	1.0	0.9335461404526988	1.0	1.0	0.9263803680981595	0.9282589676290464	0.931064572425829	1.0	1.0	1.0	1.0	0.8779889638258737	0.7643484132343011	1.0	0.9263803680981595	1.0	0.8779889638258737	1.0	1.0	0.7431600547195623	0.8137508069722401	0.676978417266187	1.0	0.20588235294117652	1.0	1.0	0.7431600547195623	1.0	0.714585519412382	1.0	0.9856968959220938	1.0	0.9949479002210294	1.0	0.9955394480066908	0.9949479002210294	0.994717728623308	0.9949479002210294	0.9964058612109483	0.9969376391982183	1.0	1.0	1.0	0.994717728623308	0.9963788300835654	1.0	0.994717728623308	0.994717728623308	0.9949479002210294	1.0	0.9955394480066908	0.9969604863221885	0.9969604863221885	0.9969376391982183	0.9949479002210294	0.9986206896551724	0.9965321563682219	0.9969376391982183	1.0	0.9969376391982183	0.9969376391982183	0.9955394480066908	0.9955394480066908	0.9969376391982183	0.9983552631578947	0.9949479002210294	0.9969376391982183	0.9969376391982183	0.9955394480066908	0.9949479002210294	0.9969376391982183	0.9958990536277602	0.994717728623308	0.994717728623308	1.0	0.994717728623308	0.9963788300835654	0.9969604863221885	0.9955394480066908	0.9969604863221885	0.9969376391982183	0.9963788300835654	0.9963744232036915	0.9965321563682219	0.9986206896551724
Pseudomonas_syringae_Pss9654_5872_NZ_MLES01000028	0.7020752725993669	0.7129403557725846	0.7384615384615385	1.0	1.0	1.0	1.0	0.9238187078109933	0.9227799227799228	0.8534616578702267	0.8994082840236687	1.0	1.0	1.0	0.7245074317317663	1.0	0.9967213114754099	1.0	0.9158031088082902	1.0	1.0	1.0	0.884859474161378	1.0	1.0	1.0	1.0	1.0	1.0	1.0	1.0	0.8678373382624769	1.0	0.9076672104404567	1.0	1.0	1.0	0.700246565692145	0.8930722891566265	1.0	0.912987012987013	0.9310344827586207	1.0	0.9972848221558512	1.0	1.0	1.0	0.9196515004840271	0.9674065748805845	1.0	0.8584234930448222	0.9263803680981595	0.0	0.912987012987013	0.9076672104404567	0.8681860178626424	0.9901558654634947	1.0	0.9083795239647865	0.9126339720688535	0.9186046511627907	0.9983585029546946	0.9076672104404567	1.0	0.91015625	0.9186046511627907	0.9076672104404567	1.0	0.9983585029546946	1.0	1.0	1.0	1.0	0.722183588317107	0.884859474161378	0.8041002277904328	0.930442374854482	1.0	0.9972848221558512	0.9972848221558512	0.9934587080948487	0.9263803680981595	0.8681860178626424	0.8408662900188324	0.9991863303498779	1.0	0.9839150227617602	1.0	0.8946847144272037	1.0	1.0	1.0	1.0	1.0	1.0	0.7280248190279215	1.0	1.0	0.09597523219814241	0.6769451416278236	0.7397540983606558	1.0	1.0	1.0	1.0	0.8903985507246377	0.7082601054481547	1.0	0.09597523219814241	1.0	0.8903985507246377	1.0	1.0	0.842534504391468	0.8457929308726931	0.9273889050246877	1.0	0.9152892561983471	1.0	1.0	0.842534504391468	1.0	0.8100612705578846	1.0	0.9839150227617602	1.0	1.0	1.0	1.0	1.0	1.0	1.0	1.0	1.0	1.0	1.0	1.0	1.0	1.0	1.0	1.0	1.0	1.0	1.0	1.0	1.0	1.0	1.0	1.0	1.0	1.0	1.0	1.0	1.0	1.0	1.0	1.0	1.0	1.0	1.0	1.0	1.0	1.0	1.0	1.0	1.0	1.0	1.0	1.0	1.0	1.0	1.0	1.0	1.0	1.0	1.0	1.0	1.0	1.0
Pseudomonas_syringae_Pss9656_6144_NZ_MLEM01000010	0.8631578947368421	0.8917576961271102	0.8569477637418914	1.0	1.0	1.0	1.0	0.5513253012048193	0.6141078838174274	0.8785140562248996	0.4392523364485982	1.0	1.0	1.0	0.8573378839590444	1.0	0.9880863737900223	1.0	0.3456246560264171	1.0	1.0	1.0	0.9220862846104314	1.0	1.0	1.0	1.0	1.0	1.0	1.0	1.0	0.8807924781732707	1.0	0.3102866779089376	1.0	1.0	1.0	0.864314789687924	0.8804165267047364	1.0	0.0	0.34925864909390447	1.0	1.0	1.0	1.0	1.0	0.6005586592178771	0.9906117504542702	1.0	0.8551417833959686	0.9185593770279039	0.912987012987013	0.0	0.3102866779089376	0.86594079618918	0.99096657633243	1.0	0.3197316936836221	0.33922651933701653	0.22654867256637168	0.9925622908144291	0.33922651933701653	1.0	0.5800661313179027	0.22654867256637168	0.3102866779089376	1.0	0.9925622908144291	1.0	1.0	1.0	1.0	0.9014502307185234	0.9220862846104314	0.8732251521298174	0.9217081850533808	1.0	1.0	1.0	1.0	0.9185593770279039	0.86594079618918	0.859428182437032	0.9997012249775918	1.0	0.980325644504749	1.0	0.24825174825174823	1.0	1.0	1.0	1.0	1.0	1.0	0.851063829787234	1.0	1.0	0.912987012987013	0.9069539666993144	0.8654693324296848	1.0	1.0	1.0	1.0	0.8811681772406847	0.9125611745513866	1.0	0.912987012987013	1.0	0.8811681772406847	1.0	1.0	0.9189538262835002	0.9296675191815856	0.9190322580645162	1.0	0.9185593770279039	1.0	1.0	0.9189538262835002	1.0	0.9189538262835002	1.0	0.9775510204081632	1.0	0.9940119760479041	1.0	0.9947836759742252	0.9940119760479041	0.9937060348019252	0.9940119760479041	0.996048632218845	0.9966309341500765	1.0	1.0	1.0	0.9937060348019252	0.9960159362549801	1.0	0.9937060348019252	0.9937060348019252	0.9940119760479041	1.0	0.9947836759742252	0.9966585662211421	0.9966585662211421	0.9966309341500765	0.9940119760479041	0.9981801637852593	0.9961335676625659	0.9966309341500765	1.0	0.9966309341500765	0.9966309341500765	0.9947836759742252	0.9947836759742252	0.9966309341500765	0.9977876106194691	0.9940119760479041	0.9966309341500765	0.9966309341500765	0.9947836759742252	0.9940119760479041	0.9966309341500765	0.9954273654590221	0.9937060348019252	0.9937060348019252	1.0	0.9937060348019252	0.9960159362549801	0.9966585662211421	0.9947836759742252	0.9966585662211421	0.9966309341500765	0.9960159362549801	0.9959364610269671	0.9961335676625659	0.9981801637852593
Pseudomonas_syringae_Psy33_20718_NZ_CP036493	0.886968085106383	0.911219512195122	0.8746218487394958	1.0	1.0	1.0	1.0	0.6286496350364963	0.5235756385068762	0.8728557013118062	0.3985082578582845	1.0	1.0	1.0	0.8712070128118679	1.0	0.9892153216809223	1.0	0.18258766626360334	1.0	1.0	1.0	0.9351145038167938	1.0	1.0	1.0	1.0	1.0	1.0	1.0	1.0	0.7941389290882779	1.0	0.0	1.0	1.0	1.0	0.8780160857908847	0.832983193277311	1.0	0.3102866779089376	0.18587809293904645	1.0	1.0	1.0	1.0	1.0	0.5953271028037384	0.9826007326007326	1.0	0.8690516368545393	0.9189101524489134	0.9076672104404567	0.3102866779089376	0.0	0.8601231190150479	0.9976069398743643	1.0	0.3419746276889134	0.04041720990873532	0.33922651933701653	0.9903093551994037	0.04041720990873532	1.0	0.5746799431009957	0.33922651933701653	0.0	1.0	0.9903093551994037	1.0	1.0	1.0	1.0	0.8959920503477973	0.9351145038167938	0.8845381526104418	0.9348034515819751	1.0	1.0	1.0	1.0	0.9189101524489134	0.8601231190150479	0.8732347007397445	1.0	1.0	0.983085250338295	1.0	0.15356265356265353	1.0	1.0	1.0	1.0	1.0	1.0	0.884	1.0	1.0	0.9076672104404567	0.9354531001589825	0.8899204244031831	1.0	1.0	1.0	1.0	0.8822937625754528	0.9072131147540984	1.0	0.9076672104404567	1.0	0.8822937625754528	1.0	1.0	0.9193027759845062	0.9252006420545746	0.9193808448887456	1.0	0.9189101524489134	1.0	1.0	0.9193027759845062	1.0	0.9193027759845062	1.0	0.980325644504749	1.0	0.9943661971830986	1.0	0.9950920245398773	0.9943661971830986	0.9940784603997039	0.9943661971830986	0.996048632218845	0.9966309341500765	1.0	1.0	1.0	0.9940784603997039	0.9960159362549801	1.0	0.9940784603997039	0.9940784603997039	0.9943661971830986	1.0	0.9950920245398773	0.9966585662211421	0.9966585662211421	0.9966309341500765	0.9943661971830986	0.998483929654336	0.9961335676625659	0.9966309341500765	1.0	0.9966309341500765	0.9966309341500765	0.9950920245398773	0.9950920245398773	0.9966309341500765	0.9981570217471434	0.9943661971830986	0.9966309341500765	0.9966309341500765	0.9950920245398773	0.9943661971830986	0.9966309341500765	0.9954273654590221	0.9940784603997039	0.9940784603997039	1.0	0.9940784603997039	0.9960159362549801	0.9966585662211421	0.9950920245398773	0.9966585662211421	0.9966309341500765	0.9960159362549801	0.9959364610269671	0.9961335676625659	0.998483929654336
Pseudomonas_syringae_R1079_7297_NZ_NQWX01000016	0.8351822503961965	0.8604651162790697	0.8266283524904214	1.0	1.0	1.0	1.0	0.8871452420701169	0.8822937625754528	0.6235029940119761	0.8542454451701615	1.0	1.0	1.0	0.852996254681648	1.0	0.989379356123465	1.0	0.8526678141135973	1.0	1.0	1.0	0.923234690887782	1.0	1.0	1.0	1.0	1.0	1.0	1.0	1.0	0.36898395721925137	1.0	0.8601231190150479	1.0	1.0	1.0	0.7696685637763643	0.46733668341708545	1.0	0.86594079618918	0.8867735470941884	1.0	1.0	1.0	1.0	1.0	0.8967229394240318	0.9719101123595506	1.0	0.7130860741777467	0.8362480127186009	0.8681860178626424	0.86594079618918	0.8601231190150479	0.0	0.9881705639614855	1.0	0.870552355133853	0.8720812182741117	0.8856569709127382	0.9913621262458472	0.8601231190150479	1.0	0.8852842809364548	0.8856569709127382	0.8601231190150479	1.0	0.9913621262458472	1.0	1.0	1.0	1.0	0.7353144436765722	0.923234690887782	0.7504267668146125	0.7555253315198912	1.0	1.0	1.0	1.0	0.8362480127186009	0.0	0.6698010849909584	0.9950779327317474	1.0	0.9863138686131386	1.0	0.8406956521739131	1.0	1.0	1.0	1.0	1.0	1.0	0.825503355704698	1.0	1.0	0.8788895668090299	0.8792314730100641	0.838495575221239	1.0	1.0	1.0	1.0	0.6322869955156951	0.8007863695937091	1.0	0.8788895668090299	1.0	0.6322869955156951	1.0	1.0	0.905924382256624	0.8980509745127436	0.8426683448709881	1.0	0.8351368555060471	1.0	1.0	0.905924382256624	1.0	0.9124001183782184	1.0	0.9863138686131386	1.0	0.9949479002210294	1.0	0.9955394480066908	0.9949479002210294	0.994717728623308	0.9949479002210294	0.9964058612109483	0.9969376391982183	1.0	1.0	1.0	0.994717728623308	0.9963788300835654	1.0	0.994717728623308	0.994717728623308	0.9949479002210294	1.0	0.9955394480066908	0.9969604863221885	0.9969604863221885	0.9969376391982183	0.9949479002210294	0.9986206896551724	0.9965321563682219	0.9969376391982183	1.0	0.9969376391982183	0.9969376391982183	0.9955394480066908	0.9955394480066908	0.9969376391982183	0.9983552631578947	0.9949479002210294	0.9969376391982183	0.9969376391982183	0.9955394480066908	0.9949479002210294	0.9969376391982183	0.9958990536277602	0.994717728623308	0.994717728623308	1.0	0.994717728623308	0.9963788300835654	0.9969604863221885	0.9955394480066908	0.9969604863221885	0.9969376391982183	0.9963788300835654	0.9963744232036915	0.9965321563682219	0.9986206896551724
Pseudomonas_syringae_RAYR-BL_17598_NZ_JAHZNS010000008	0.990983606557377	0.9931842966194111	0.9918099918099919	1.0	1.0	1.0	1.0	0.99096657633243	0.9976069398743643	0.9882288529975363	0.9900542495479204	1.0	1.0	1.0	0.990983606557377	0.9945593035908596	0.9954083306001967	1.0	0.9976069398743643	1.0	1.0	1.0	0.9918099918099919	1.0	1.0	1.0	1.0	1.0	1.0	1.0	1.0	0.9948073244055753	1.0	0.9976069398743643	1.0	1.0	1.0	0.9912592187926796	0.9948073244055753	1.0	0.99096657633243	0.9976069398743643	1.0	0.9961977186311787	1.0	1.0	1.0	0.99096657633243	0.9997280391623606	1.0	0.9912663755458515	0.9808811305070657	0.9901558654634947	0.99096657633243	0.9976069398743643	0.9881705639614855	0.0	1.0	0.99096657633243	0.9976069398743643	0.9924834636199639	1.0	0.9976069398743643	1.0	0.99096657633243	0.9924834636199639	0.9976069398743643	1.0	1.0	1.0	1.0	1.0	1.0	0.9870559074635087	0.9918099918099919	0.9870559074635087	0.9890049477735019	1.0	0.9961977186311787	0.9961977186311787	0.9961977186311787	0.9808811305070657	0.9881705639614855	0.9882288529975363	0.9937329700272479	1.0	1.0	1.0	0.99096657633243	1.0	1.0	1.0	1.0	1.0	1.0	0.9918099918099919	1.0	1.0	0.9901558654634947	0.9918099918099919	0.9918099918099919	1.0	1.0	1.0	1.0	0.9917763157894737	0.9870559074635087	1.0	0.9901558654634947	1.0	0.9917763157894737	1.0	1.0	0.987941901890929	0.994281045751634	0.9848942598187311	1.0	0.9808811305070657	1.0	1.0	0.987941901890929	1.0	0.987941901890929	1.0	1.0	0.9957120980091884	1.0	1.0	1.0	1.0	1.0	1.0	1.0	1.0	1.0	1.0	1.0	1.0	1.0	1.0	1.0	1.0	1.0	1.0	1.0	1.0	1.0	1.0	1.0	1.0	1.0	1.0	1.0	1.0	1.0	1.0	1.0	1.0	1.0	1.0	1.0	1.0	1.0	1.0	1.0	1.0	1.0	1.0	1.0	1.0	1.0	1.0	1.0	1.0	1.0	1.0	1.0	1.0	1.0
Pseudomonas_syringae_RMP66_6987_NZ_NHST01000045	1.0	1.0	1.0	0.07856693903205536	0.9685807150595883	0.9685807150595883	0.9318607263197305	1.0	1.0	1.0	1.0	0.979890310786106	0.9950686861570975	0.9746416758544653	1.0	1.0	1.0	0.9803012746234068	1.0	0.17063747585318734	1.0	0.9752155172413793	1.0	0.04038461538461535	0.887402452619844	0.979890310786106	0.9700361010830325	0.9700361010830325	0.9693387513852973	0.9693387513852973	0.9950686861570975	1.0	0.9700361010830325	1.0	0.9746416758544653	0.9700361010830325	0.9803012746234068	1.0	1.0	0.9803431022158685	1.0	1.0	0.9950686861570975	1.0	0.973561430793157	0.9746416758544653	0.04038461538461535	1.0	1.0	0.9743589743589743	1.0	1.0	1.0	1.0	1.0	1.0	1.0	0.0	1.0	1.0	1.0	0.9741935483870968	1.0	0.973561430793157	1.0	1.0	1.0	0.9741935483870968	0.9741935483870968	0.973561430793157	0.9685807150595883	0.9950686861570975	0.9685807150595883	1.0	1.0	1.0	1.0	0.9950686861570975	1.0	1.0	1.0	1.0	1.0	1.0	1.0	0.9950686861570975	1.0	0.9949596774193549	1.0	1.0	1.0	1.0	1.0	0.9685807150595883	0.9685807150595883	1.0	0.967849223946785	0.9741935483870968	1.0	1.0	1.0	0.9579985390796202	0.9700361010830325	0.967849223946785	0.9752155172413793	1.0	1.0	0.967849223946785	1.0	0.9685807150595883	1.0	0.967849223946785	0.9741935483870968	1.0	1.0	1.0	0.9950686861570975	1.0	0.9950686861570975	0.9950686861570975	1.0	0.24411257897759908	1.0	0.9318607263197305	1.0	1.0	1.0	1.0	1.0	1.0	1.0	1.0	1.0	1.0	1.0	1.0	1.0	1.0	1.0	1.0	1.0	1.0	1.0	1.0	1.0	1.0	1.0	1.0	1.0	1.0	1.0	1.0	1.0	1.0	1.0	1.0	1.0	1.0	1.0	1.0	1.0	1.0	1.0	1.0	1.0	1.0	1.0	1.0	1.0	1.0	1.0	1.0	1.0	1.0	1.0	1.0	1.0	1.0	1.0
Pseudomonas_syringae_SHV1866_17586_NZ_JAHARV010000001	0.851063829787234	0.9094462540716612	0.8817635270541082	1.0	1.0	1.0	1.0	0.5322265625	0.5582733812949641	0.881135225375626	0.40445859872611467	1.0	1.0	1.0	0.8588957055214724	1.0	0.9880863737900223	1.0	0.321608040201005	1.0	1.0	1.0	0.9494822717288987	1.0	1.0	1.0	1.0	1.0	1.0	1.0	1.0	0.875885328836425	1.0	0.3419746276889134	1.0	1.0	1.0	0.8802675585284281	0.893058784456991	1.0	0.3197316936836221	0.41955835962145105	1.0	1.0	1.0	1.0	1.0	0.5582733812949641	0.9769797421731123	1.0	0.8720969370582295	0.9419047619047619	0.9083795239647865	0.3197316936836221	0.3419746276889134	0.870552355133853	0.99096657633243	1.0	0.0	0.31313131313131315	0.273406088454911	0.9992611747321758	0.36984815618221256	1.0	0.5400679941719282	0.273406088454911	0.3419746276889134	1.0	0.9992611747321758	1.0	1.0	1.0	1.0	0.9025353967731313	0.9494822717288987	0.9043392504930966	0.9492433795712484	1.0	1.0	1.0	1.0	0.9419047619047619	0.870552355133853	0.8781386006026113	0.9997012249775918	1.0	0.9806714140386572	1.0	0.28228571428571425	1.0	1.0	1.0	1.0	1.0	1.0	0.7865168539325843	1.0	1.0	0.9083795239647865	0.8968698517298188	0.8411214953271028	1.0	1.0	1.0	1.0	0.8632332878581173	0.9079292267365662	1.0	0.9083795239647865	1.0	0.8632332878581173	1.0	1.0	0.9421800947867298	0.9524405506883604	0.9422348484848485	1.0	0.9419047619047619	1.0	1.0	0.9421800947867298	1.0	0.9421800947867298	1.0	0.9778986739204353	1.0	0.9961335676625659	1.0	0.9966309341500765	0.9961335676625659	0.9959364610269671	0.9961335676625659	0.9966585662211421	0.9966309341500765	1.0	1.0	1.0	0.9959364610269671	0.9966309341500765	1.0	0.9959364610269671	0.9959364610269671	0.9961335676625659	1.0	0.9966309341500765	0.9966585662211421	0.9966585662211421	0.9966309341500765	0.9961335676625659	1.0	0.9961335676625659	0.9966309341500765	1.0	0.9966309341500765	0.9966309341500765	0.9966309341500765	0.9966309341500765	0.9966309341500765	1.0	0.9961335676625659	0.9966309341500765	0.9966309341500765	0.9966309341500765	0.9961335676625659	0.9966309341500765	0.9961335676625659	0.9959364610269671	0.9959364610269671	1.0	0.9959364610269671	0.9966309341500765	0.9966585662211421	0.9966309341500765	0.9966585662211421	0.9966309341500765	0.9966309341500765	0.9959364610269671	0.9961335676625659	1.0
Pseudomonas_syringae_SHV323_17590_NZ_JAHARZ010000001	0.8753778972119584	0.9220862846104314	0.8862275449101796	1.0	1.0	1.0	1.0	0.6089773253123554	0.5007481296758105	0.8844873501997337	0.42452830188679247	1.0	1.0	1.0	0.8592844974446338	1.0	0.9892153216809223	1.0	0.21602373887240356	1.0	1.0	1.0	0.945511811023622	1.0	1.0	1.0	1.0	1.0	1.0	1.0	1.0	0.8075134168157424	1.0	0.04041720990873532	1.0	1.0	1.0	0.8895522388059701	0.8455143747835123	1.0	0.33922651933701653	0.2191943127962085	1.0	1.0	1.0	1.0	1.0	0.5746799431009957	0.9826007326007326	1.0	0.8807615230460922	0.9296724470134875	0.9126339720688535	0.33922651933701653	0.04041720990873532	0.8720812182741117	0.9976069398743643	1.0	0.31313131313131315	0.0	0.3671917436175991	0.9925622908144291	0.07923322683706069	1.0	0.5534167468719924	0.3671917436175991	0.04041720990873532	1.0	0.9925622908144291	1.0	1.0	1.0	1.0	0.9068547064611348	0.945511811023622	0.8956262425447317	0.9452531645569621	1.0	1.0	1.0	1.0	0.9296724470134875	0.8720812182741117	0.8848585690515807	1.0	1.0	0.983085250338295	1.0	0.1880650994575045	1.0	1.0	1.0	1.0	1.0	1.0	0.8723475917817447	1.0	1.0	0.9126339720688535	0.9364675984752223	0.878391959798995	1.0	1.0	1.0	1.0	0.8937935612346498	0.9122062663185379	1.0	0.9126339720688535	1.0	0.8937935612346498	1.0	1.0	0.9300095877277086	0.9357914812460267	0.9300766283524904	1.0	0.9296724470134875	1.0	1.0	0.9300095877277086	1.0	0.9300095877277086	1.0	0.980325644504749	1.0	0.9943661971830986	1.0	0.9950920245398773	0.9943661971830986	0.9940784603997039	0.9943661971830986	0.996048632218845	0.9966309341500765	1.0	1.0	1.0	0.9940784603997039	0.9960159362549801	1.0	0.9940784603997039	0.9940784603997039	0.9943661971830986	1.0	0.9950920245398773	0.9966585662211421	0.9966585662211421	0.9966309341500765	0.9943661971830986	0.998483929654336	0.9961335676625659	0.9966309341500765	1.0	0.9966309341500765	0.9966309341500765	0.9950920245398773	0.9950920245398773	0.9966309341500765	0.9981570217471434	0.9943661971830986	0.9966309341500765	0.9966309341500765	0.9950920245398773	0.9943661971830986	0.9966309341500765	0.9954273654590221	0.9940784603997039	0.9940784603997039	1.0	0.9940784603997039	0.9960159362549801	0.9966585662211421	0.9950920245398773	0.9966585662211421	0.9966309341500765	0.9960159362549801	0.9959364610269671	0.9961335676625659	0.998483929654336
Pseudomonas_syringae_SV1599_17591_NZ_JAHARU010000001	0.8828828828828829	0.8592844974446338	0.8650847457627119	1.0	1.0	1.0	1.0	0.6128287955699123	0.6483812949640289	0.8976973684210526	0.45211122554067973	1.0	1.0	1.0	0.9033737307566329	1.0	0.9880863737900223	1.0	0.32441471571906355	1.0	1.0	1.0	0.9140447615958482	1.0	1.0	1.0	1.0	1.0	1.0	1.0	1.0	0.87474679270763	1.0	0.33922651933701653	1.0	1.0	1.0	0.884	0.8743667679837892	1.0	0.22654867256637168	0.3768898488120951	1.0	1.0	1.0	1.0	1.0	0.6435018050541517	0.9785473490652774	1.0	0.8751258811681772	0.9079292267365662	0.9186046511627907	0.22654867256637168	0.33922651933701653	0.8856569709127382	0.9924834636199639	1.0	0.273406088454911	0.3671917436175991	0.0	0.9925622908144291	0.3671917436175991	1.0	0.6242562929061786	0.0	0.33922651933701653	1.0	0.9925622908144291	1.0	1.0	1.0	1.0	0.9072131147540984	0.9140447615958482	0.8819188191881919	0.9136245110821382	1.0	1.0	1.0	1.0	0.9079292267365662	0.8856569709127382	0.881135225375626	0.9997012249775918	1.0	0.980325644504749	1.0	0.31502242152466364	1.0	1.0	1.0	1.0	1.0	1.0	0.8592844974446338	1.0	1.0	0.9186046511627907	0.926923076923077	0.873485868102288	1.0	1.0	1.0	1.0	0.8709349593495935	0.9182083739045764	1.0	0.9186046511627907	1.0	0.8709349593495935	1.0	1.0	0.9083795239647865	0.9203482747500806	0.9084690553745929	1.0	0.9079292267365662	1.0	1.0	0.9083795239647865	1.0	0.9083795239647865	1.0	0.9775510204081632	1.0	0.9940119760479041	1.0	0.9947836759742252	0.9940119760479041	0.9937060348019252	0.9940119760479041	0.996048632218845	0.9966309341500765	1.0	1.0	1.0	0.9937060348019252	0.9960159362549801	1.0	0.9937060348019252	0.9937060348019252	0.9940119760479041	1.0	0.9947836759742252	0.9966585662211421	0.9966585662211421	0.9966309341500765	0.9940119760479041	0.9981801637852593	0.9961335676625659	0.9966309341500765	1.0	0.9966309341500765	0.9966309341500765	0.9947836759742252	0.9947836759742252	0.9966309341500765	0.9977876106194691	0.9940119760479041	0.9966309341500765	0.9966309341500765	0.9947836759742252	0.9940119760479041	0.9966309341500765	0.9954273654590221	0.9937060348019252	0.9937060348019252	1.0	0.9937060348019252	0.9960159362549801	0.9966585662211421	0.9947836759742252	0.9966585662211421	0.9966309341500765	0.9960159362549801	0.9959364610269671	0.9961335676625659	0.9981801637852593
Pseudomonas_syringae_SV921_17588_NZ_JAHARY010000002	0.9993440472285995	0.991404958677686	0.991404958677686	0.9667538289129622	0.9611178614823815	0.9611178614823815	0.9792828685258964	0.9992611747321758	0.9992611747321758	0.9914134742404227	0.9970381340244354	0.9025032938076416	0.9909413154785348	0.9522012578616352	0.9934015176509403	1.0	1.0	0.3149210903873745	0.9903093551994037	0.9824421388667198	1.0	0.9443757725587144	0.9934015176509403	0.9667538289129622	0.9647644580620451	0.9025032938076416	0.9521472392638037	0.9521472392638037	0.9548306148055207	0.9548306148055207	0.9909413154785348	0.9913621262458472	0.9521472392638037	0.9903093551994037	0.9522012578616352	0.9521472392638037	0.3515789473684211	0.9934015176509403	0.9913621262458472	0.8952134540750324	0.9925622908144291	0.9903093551994037	0.9909413154785348	1.0	0.052238805970149294	0.9522012578616352	0.9667538289129622	0.9992611747321758	1.0	0.20137825421133226	0.99340804218853	0.9913621262458472	0.9983585029546946	0.9925622908144291	0.9903093551994037	0.9913621262458472	1.0	0.9741935483870968	0.9992611747321758	0.9925622908144291	0.9925622908144291	0.0	0.9903093551994037	0.101050929668553	0.9992611747321758	0.9925622908144291	0.9903093551994037	0.06730769230769229	0.0	0.052238805970149294	0.9611178614823815	0.9909413154785348	0.9611178614823815	0.9983503794127351	0.9934015176509403	0.9983503794127351	0.993368700265252	0.9909413154785348	1.0	1.0	1.0	0.9913621262458472	0.9913621262458472	0.99340804218853	1.0	0.9909413154785348	1.0	0.6356745831227892	0.9903093551994037	1.0	1.0	1.0	1.0	0.9611178614823815	0.9611178614823815	0.9993440472285995	0.9600997506234414	0.06730769230769229	0.9983585029546946	0.9983585029546946	0.9993440472285995	0.939569536423841	0.9521472392638037	0.9600997506234414	0.9443757725587144	0.9973579920739762	0.9983503794127351	0.9600997506234414	0.9983585029546946	0.9611178614823815	0.9973579920739762	0.9600997506234414	0.11415168100078188	0.991404958677686	0.991404958677686	0.9914134742404227	0.9909413154785348	0.9913621262458472	0.9909413154785348	0.9909413154785348	0.991404958677686	0.977449168207024	0.991404958677686	0.9792828685258964	1.0	1.0	0.9980422866092404	1.0	0.9983187626092804	0.9980422866092404	0.9979304635761589	0.9980422866092404	0.9993342210386151	1.0	1.0	1.0	1.0	0.9979304635761589	0.9993281827342962	1.0	0.9979304635761589	0.9979304635761589	0.9980422866092404	1.0	0.9983187626092804	1.0	1.0	1.0	0.9980422866092404	0.9983338887037654	1.0	1.0	1.0	1.0	1.0	0.9983187626092804	0.9983187626092804	1.0	0.9979304635761589	0.9980422866092404	1.0	1.0	0.9983187626092804	0.9980422866092404	1.0	0.9992178333985139	0.9979304635761589	0.9979304635761589	1.0	0.9979304635761589	0.9993281827342962	1.0	0.9983187626092804	1.0	1.0	0.9993281827342962	1.0	1.0	0.9983338887037654
Pseudomonas_syringae_Sevgi_fide_PST_17555_NZ_JAEIKN010000010	0.886968085106383	0.911219512195122	0.8746218487394958	1.0	1.0	1.0	1.0	0.6336363636363636	0.5293542074363993	0.8728557013118062	0.42452830188679247	1.0	1.0	1.0	0.8712070128118679	1.0	0.9892153216809223	1.0	0.21602373887240356	1.0	1.0	1.0	0.9351145038167938	1.0	1.0	1.0	1.0	1.0	1.0	1.0	1.0	0.7941389290882779	1.0	0.04041720990873532	1.0	1.0	1.0	0.8780160857908847	0.832983193277311	1.0	0.33922651933701653	0.2191943127962085	1.0	1.0	1.0	1.0	1.0	0.6005586592178771	0.9826007326007326	1.0	0.8690516368545393	0.9189101524489134	0.9076672104404567	0.33922651933701653	0.04041720990873532	0.8601231190150479	0.9976069398743643	1.0	0.36984815618221256	0.07923322683706069	0.3671917436175991	0.9903093551994037	0.0	1.0	0.5800661313179027	0.3671917436175991	0.04041720990873532	1.0	0.9903093551994037	1.0	1.0	1.0	1.0	0.8959920503477973	0.9351145038167938	0.8845381526104418	0.9348034515819751	1.0	1.0	1.0	1.0	0.9189101524489134	0.8601231190150479	0.8732347007397445	1.0	1.0	0.983085250338295	1.0	0.1880650994575045	1.0	1.0	1.0	1.0	1.0	1.0	0.884	1.0	1.0	0.9076672104404567	0.9354531001589825	0.8899204244031831	1.0	1.0	1.0	1.0	0.8822937625754528	0.9072131147540984	1.0	0.9076672104404567	1.0	0.8822937625754528	1.0	1.0	0.9193027759845062	0.9252006420545746	0.9193808448887456	1.0	0.9189101524489134	1.0	1.0	0.9193027759845062	1.0	0.9193027759845062	1.0	0.980325644504749	1.0	0.9943661971830986	1.0	0.9950920245398773	0.9943661971830986	0.9940784603997039	0.9943661971830986	0.996048632218845	0.9966309341500765	1.0	1.0	1.0	0.9940784603997039	0.9960159362549801	1.0	0.9940784603997039	0.9940784603997039	0.9943661971830986	1.0	0.9950920245398773	0.9966585662211421	0.9966585662211421	0.9966309341500765	0.9943661971830986	0.998483929654336	0.9961335676625659	0.9966309341500765	1.0	0.9966309341500765	0.9966309341500765	0.9950920245398773	0.9950920245398773	0.9966309341500765	0.9981570217471434	0.9943661971830986	0.9966309341500765	0.9966309341500765	0.9950920245398773	0.9943661971830986	0.9966309341500765	0.9954273654590221	0.9940784603997039	0.9940784603997039	1.0	0.9940784603997039	0.9960159362549801	0.9966585662211421	0.9950920245398773	0.9966585662211421	0.9966309341500765	0.9960159362549801	0.9959364610269671	0.9961335676625659	0.998483929654336
Pseudomonas_syringae_StP26_17597_NZ_CP075880	1.0	1.0	1.0	0.9741935483870968	0.9600997506234414	0.9600997506234414	0.9824918566775245	1.0	1.0	1.0	1.0	0.8997289972899729	0.9943661971830986	0.9509043927648578	1.0	1.0	1.0	0.3215859030837004	1.0	0.9819893573475236	1.0	0.9522012578616352	1.0	0.9741935483870968	0.9638932496075353	0.8997289972899729	0.9548306148055207	0.9548306148055207	0.9536082474226804	0.9536082474226804	0.9943661971830986	1.0	0.9548306148055207	1.0	0.9509043927648578	0.9548306148055207	0.3589375448671931	1.0	1.0	0.9025032938076416	1.0	1.0	0.9943661971830986	1.0	0.05281090289608181	0.9509043927648578	0.9741935483870968	1.0	1.0	0.2056514913657771	1.0	1.0	1.0	1.0	1.0	1.0	1.0	0.973561430793157	1.0	1.0	1.0	0.101050929668553	1.0	0.0	1.0	1.0	1.0	0.101050929668553	0.101050929668553	0.05281090289608181	0.9600997506234414	0.9943661971830986	0.9600997506234414	1.0	1.0	1.0	1.0	0.9943661971830986	1.0	1.0	1.0	1.0	1.0	1.0	1.0	0.9943661971830986	1.0	0.6456086286594761	1.0	1.0	1.0	1.0	1.0	0.9600997506234414	0.9600997506234414	1.0	0.9590268886043534	0.101050929668553	1.0	1.0	1.0	0.9379515512112198	0.9548306148055207	0.9590268886043534	0.9522012578616352	1.0	1.0	0.9590268886043534	1.0	0.9600997506234414	1.0	0.9590268886043534	0.14747634069400628	1.0	1.0	1.0	0.9943661971830986	1.0	0.9943661971830986	0.9943661971830986	1.0	0.980384760467748	1.0	0.9824918566775245	1.0	1.0	1.0	1.0	1.0	1.0	1.0	1.0	1.0	1.0	1.0	1.0	1.0	1.0	1.0	1.0	1.0	1.0	1.0	1.0	1.0	1.0	1.0	1.0	1.0	1.0	1.0	1.0	1.0	1.0	1.0	1.0	1.0	1.0	1.0	1.0	1.0	1.0	1.0	1.0	1.0	1.0	1.0	1.0	1.0	1.0	1.0	1.0	1.0	1.0	1.0	1.0	1.0	1.0	1.0
Pseudomonas_syringae_Susan2139_17596_NZ_CP074578	0.8514579759862779	0.912987012987013	0.8631578947368421	1.0	1.0	1.0	1.0	0.19892150988615942	0.23072395526780454	0.8973346495557749	0.5699333967649858	1.0	1.0	1.0	0.8502747252747253	1.0	0.9880863737900223	1.0	0.6495956873315364	1.0	1.0	1.0	0.9534229446702094	1.0	1.0	1.0	1.0	1.0	1.0	1.0	1.0	0.8871452420701169	1.0	0.5746799431009957	1.0	1.0	1.0	0.8979591836734694	0.9014502307185234	1.0	0.5800661313179027	0.6280237334550434	1.0	0.9939957970579406	1.0	1.0	1.0	0.04041720990873532	0.9936594202898551	1.0	0.883	0.9419047619047619	0.91015625	0.5800661313179027	0.5746799431009957	0.8852842809364548	0.99096657633243	1.0	0.5400679941719282	0.5534167468719924	0.6242562929061786	0.9992611747321758	0.5800661313179027	1.0	0.0	0.6242562929061786	0.5746799431009957	1.0	0.9992611747321758	1.0	1.0	1.0	1.0	0.9043392504930966	0.9534229446702094	0.9014502307185234	0.9532035175879396	1.0	0.9939957970579406	0.9939957970579406	0.9939957970579406	0.9419047619047619	0.8852842809364548	0.8907646474677259	0.9997012249775918	1.0	0.9806714140386572	1.0	0.5457184325108854	1.0	1.0	1.0	1.0	1.0	1.0	0.8338557993730408	1.0	1.0	0.91015625	0.9083795239647865	0.8161244695898161	1.0	1.0	1.0	1.0	0.8636208660075009	0.9097154072620216	1.0	0.91015625	1.0	0.8636208660075009	1.0	1.0	0.9421800947867298	0.9524405506883604	0.9422348484848485	1.0	0.9419047619047619	1.0	1.0	0.9421800947867298	1.0	0.9421800947867298	1.0	0.9768550034036759	1.0	0.9961335676625659	1.0	0.9966309341500765	0.9961335676625659	0.9959364610269671	0.9961335676625659	0.9966585662211421	0.9966309341500765	1.0	1.0	1.0	0.9959364610269671	0.9966309341500765	1.0	0.9959364610269671	0.9959364610269671	0.9961335676625659	1.0	0.9966309341500765	0.9966585662211421	0.9966585662211421	0.9966309341500765	0.9961335676625659	1.0	0.9961335676625659	0.9966309341500765	1.0	0.9966309341500765	0.9966309341500765	0.9966309341500765	0.9966309341500765	0.9966309341500765	1.0	0.9961335676625659	0.9966309341500765	0.9966309341500765	0.9966309341500765	0.9961335676625659	0.9966309341500765	0.9961335676625659	0.9959364610269671	0.9959364610269671	1.0	0.9959364610269671	0.9966309341500765	0.9966585662211421	0.9966309341500765	0.9966585662211421	0.9966309341500765	0.9966309341500765	0.9959364610269671	0.9961335676625659	1.0
Pseudomonas_syringae_Susan762_17594_NZ_CP074411	0.8828828828828829	0.8592844974446338	0.8650847457627119	1.0	1.0	1.0	1.0	0.6128287955699123	0.6483812949640289	0.8976973684210526	0.45211122554067973	1.0	1.0	1.0	0.9033737307566329	1.0	0.9880863737900223	1.0	0.32441471571906355	1.0	1.0	1.0	0.9140447615958482	1.0	1.0	1.0	1.0	1.0	1.0	1.0	1.0	0.87474679270763	1.0	0.33922651933701653	1.0	1.0	1.0	0.884	0.8743667679837892	1.0	0.22654867256637168	0.3768898488120951	1.0	1.0	1.0	1.0	1.0	0.6435018050541517	0.9785473490652774	1.0	0.8751258811681772	0.9079292267365662	0.9186046511627907	0.22654867256637168	0.33922651933701653	0.8856569709127382	0.9924834636199639	1.0	0.273406088454911	0.3671917436175991	0.0	0.9925622908144291	0.3671917436175991	1.0	0.6242562929061786	0.0	0.33922651933701653	1.0	0.9925622908144291	1.0	1.0	1.0	1.0	0.9072131147540984	0.9140447615958482	0.8819188191881919	0.9136245110821382	1.0	1.0	1.0	1.0	0.9079292267365662	0.8856569709127382	0.881135225375626	0.9997012249775918	1.0	0.980325644504749	1.0	0.31502242152466364	1.0	1.0	1.0	1.0	1.0	1.0	0.8592844974446338	1.0	1.0	0.9186046511627907	0.926923076923077	0.873485868102288	1.0	1.0	1.0	1.0	0.8709349593495935	0.9182083739045764	1.0	0.9186046511627907	1.0	0.8709349593495935	1.0	1.0	0.9083795239647865	0.9203482747500806	0.9084690553745929	1.0	0.9079292267365662	1.0	1.0	0.9083795239647865	1.0	0.9083795239647865	1.0	0.9775510204081632	1.0	0.9940119760479041	1.0	0.9947836759742252	0.9940119760479041	0.9937060348019252	0.9940119760479041	0.996048632218845	0.9966309341500765	1.0	1.0	1.0	0.9937060348019252	0.9960159362549801	1.0	0.9937060348019252	0.9937060348019252	0.9940119760479041	1.0	0.9947836759742252	0.9966585662211421	0.9966585662211421	0.9966309341500765	0.9940119760479041	0.9981801637852593	0.9961335676625659	0.9966309341500765	1.0	0.9966309341500765	0.9966309341500765	0.9947836759742252	0.9947836759742252	0.9966309341500765	0.9977876106194691	0.9940119760479041	0.9966309341500765	0.9966309341500765	0.9947836759742252	0.9940119760479041	0.9966309341500765	0.9954273654590221	0.9937060348019252	0.9937060348019252	1.0	0.9937060348019252	0.9960159362549801	0.9966585662211421	0.9947836759742252	0.9966585662211421	0.9966309341500765	0.9960159362549801	0.9959364610269671	0.9961335676625659	0.9981801637852593
Pseudomonas_syringae_Tule1434_17592_NZ_JAHARX010000001	0.886968085106383	0.911219512195122	0.8746218487394958	1.0	1.0	1.0	1.0	0.6286496350364963	0.5235756385068762	0.8728557013118062	0.3985082578582845	1.0	1.0	1.0	0.8712070128118679	1.0	0.9892153216809223	1.0	0.18258766626360334	1.0	1.0	1.0	0.9351145038167938	1.0	1.0	1.0	1.0	1.0	1.0	1.0	1.0	0.7941389290882779	1.0	0.0	1.0	1.0	1.0	0.8780160857908847	0.832983193277311	1.0	0.3102866779089376	0.18587809293904645	1.0	1.0	1.0	1.0	1.0	0.5953271028037384	0.9826007326007326	1.0	0.8690516368545393	0.9189101524489134	0.9076672104404567	0.3102866779089376	0.0	0.8601231190150479	0.9976069398743643	1.0	0.3419746276889134	0.04041720990873532	0.33922651933701653	0.9903093551994037	0.04041720990873532	1.0	0.5746799431009957	0.33922651933701653	0.0	1.0	0.9903093551994037	1.0	1.0	1.0	1.0	0.8959920503477973	0.9351145038167938	0.8845381526104418	0.9348034515819751	1.0	1.0	1.0	1.0	0.9189101524489134	0.8601231190150479	0.8732347007397445	1.0	1.0	0.983085250338295	1.0	0.15356265356265353	1.0	1.0	1.0	1.0	1.0	1.0	0.884	1.0	1.0	0.9076672104404567	0.9354531001589825	0.8899204244031831	1.0	1.0	1.0	1.0	0.8822937625754528	0.9072131147540984	1.0	0.9076672104404567	1.0	0.8822937625754528	1.0	1.0	0.9193027759845062	0.9252006420545746	0.9193808448887456	1.0	0.9189101524489134	1.0	1.0	0.9193027759845062	1.0	0.9193027759845062	1.0	0.980325644504749	1.0	0.9943661971830986	1.0	0.9950920245398773	0.9943661971830986	0.9940784603997039	0.9943661971830986	0.996048632218845	0.9966309341500765	1.0	1.0	1.0	0.9940784603997039	0.9960159362549801	1.0	0.9940784603997039	0.9940784603997039	0.9943661971830986	1.0	0.9950920245398773	0.9966585662211421	0.9966585662211421	0.9966309341500765	0.9943661971830986	0.998483929654336	0.9961335676625659	0.9966309341500765	1.0	0.9966309341500765	0.9966309341500765	0.9950920245398773	0.9950920245398773	0.9966309341500765	0.9981570217471434	0.9943661971830986	0.9966309341500765	0.9966309341500765	0.9950920245398773	0.9943661971830986	0.9966309341500765	0.9954273654590221	0.9940784603997039	0.9940784603997039	1.0	0.9940784603997039	0.9960159362549801	0.9966585662211421	0.9950920245398773	0.9966585662211421	0.9966309341500765	0.9960159362549801	0.9959364610269671	0.9961335676625659	0.998483929654336
Pseudomonas_syringae_Tule230_17587_NZ_JAHARW010000001	1.0	1.0	1.0	0.9502846299810247	0.955193482688391	0.955193482688391	0.9792828685258964	1.0	1.0	1.0	1.0	0.9025032938076416	0.9909413154785348	0.9522012578616352	1.0	1.0	1.0	0.3149210903873745	1.0	0.9824421388667198	1.0	0.9257861635220126	1.0	0.9502846299810247	0.9647644580620451	0.9025032938076416	0.9421965317919075	0.9421965317919075	0.9548306148055207	0.9548306148055207	0.9909413154785348	1.0	0.9521472392638037	1.0	0.9522012578616352	0.9421965317919075	0.3515789473684211	1.0	1.0	0.8748353096179183	1.0	1.0	0.9909413154785348	1.0	0.052238805970149294	0.9522012578616352	0.9502846299810247	1.0	1.0	0.20137825421133226	1.0	1.0	1.0	1.0	1.0	1.0	1.0	0.9741935483870968	1.0	1.0	1.0	0.06730769230769229	1.0	0.101050929668553	1.0	1.0	1.0	0.0	0.06730769230769229	0.052238805970149294	0.955193482688391	0.9909413154785348	0.955193482688391	1.0	1.0	1.0	1.0	0.9909413154785348	1.0	1.0	1.0	1.0	1.0	1.0	1.0	0.9909413154785348	1.0	0.6356745831227892	1.0	1.0	1.0	1.0	1.0	0.955193482688391	0.955193482688391	1.0	0.9600997506234414	0.0	1.0	1.0	1.0	0.9226240538267452	0.9421965317919075	0.9600997506234414	0.9257861635220126	1.0	1.0	0.9600997506234414	1.0	0.955193482688391	1.0	0.9600997506234414	0.05012126111560222	1.0	1.0	1.0	0.9909413154785348	1.0	0.9909413154785348	0.9909413154785348	1.0	0.977449168207024	1.0	0.9792828685258964	1.0	1.0	1.0	1.0	1.0	1.0	1.0	1.0	1.0	1.0	1.0	1.0	1.0	1.0	1.0	1.0	1.0	1.0	1.0	1.0	1.0	1.0	1.0	1.0	1.0	1.0	1.0	1.0	1.0	1.0	1.0	1.0	1.0	1.0	1.0	1.0	1.0	1.0	1.0	1.0	1.0	1.0	1.0	1.0	1.0	1.0	1.0	1.0	1.0	1.0	1.0	1.0	1.0	1.0	1.0
Pseudomonas_syringae_U643_17595_NZ_CP074410	0.9993440472285995	0.991404958677686	0.991404958677686	0.9667538289129622	0.9611178614823815	0.9611178614823815	0.9792828685258964	0.9992611747321758	0.9992611747321758	0.9914134742404227	0.9970381340244354	0.9025032938076416	0.9909413154785348	0.9522012578616352	0.9934015176509403	1.0	1.0	0.3149210903873745	0.9903093551994037	0.9824421388667198	1.0	0.9443757725587144	0.9934015176509403	0.9667538289129622	0.9647644580620451	0.9025032938076416	0.9521472392638037	0.9521472392638037	0.9548306148055207	0.9548306148055207	0.9909413154785348	0.9913621262458472	0.9521472392638037	0.9903093551994037	0.9522012578616352	0.9521472392638037	0.3515789473684211	0.9934015176509403	0.9913621262458472	0.8952134540750324	0.9925622908144291	0.9903093551994037	0.9909413154785348	1.0	0.052238805970149294	0.9522012578616352	0.9667538289129622	0.9992611747321758	1.0	0.20137825421133226	0.99340804218853	0.9913621262458472	0.9983585029546946	0.9925622908144291	0.9903093551994037	0.9913621262458472	1.0	0.9741935483870968	0.9992611747321758	0.9925622908144291	0.9925622908144291	0.0	0.9903093551994037	0.101050929668553	0.9992611747321758	0.9925622908144291	0.9903093551994037	0.06730769230769229	0.0	0.052238805970149294	0.9611178614823815	0.9909413154785348	0.9611178614823815	0.9983503794127351	0.9934015176509403	0.9983503794127351	0.993368700265252	0.9909413154785348	1.0	1.0	1.0	0.9913621262458472	0.9913621262458472	0.99340804218853	1.0	0.9909413154785348	1.0	0.6356745831227892	0.9903093551994037	1.0	1.0	1.0	1.0	0.9611178614823815	0.9611178614823815	0.9993440472285995	0.9600997506234414	0.06730769230769229	0.9983585029546946	0.9983585029546946	0.9993440472285995	0.939569536423841	0.9521472392638037	0.9600997506234414	0.9443757725587144	0.9973579920739762	0.9983503794127351	0.9600997506234414	0.9983585029546946	0.9611178614823815	0.9973579920739762	0.9600997506234414	0.11415168100078188	0.991404958677686	0.991404958677686	0.9914134742404227	0.9909413154785348	0.9913621262458472	0.9909413154785348	0.9909413154785348	0.991404958677686	0.977449168207024	0.991404958677686	0.9792828685258964	1.0	1.0	0.9980422866092404	1.0	0.9983187626092804	0.9980422866092404	0.9979304635761589	0.9980422866092404	0.9993342210386151	1.0	1.0	1.0	1.0	0.9979304635761589	0.9993281827342962	1.0	0.9979304635761589	0.9979304635761589	0.9980422866092404	1.0	0.9983187626092804	1.0	1.0	1.0	0.9980422866092404	0.9983338887037654	1.0	1.0	1.0	1.0	1.0	0.9983187626092804	0.9983187626092804	1.0	0.9979304635761589	0.9980422866092404	1.0	1.0	0.9983187626092804	0.9980422866092404	1.0	0.9992178333985139	0.9979304635761589	0.9979304635761589	1.0	0.9979304635761589	0.9993281827342962	1.0	0.9983187626092804	1.0	1.0	0.9993281827342962	1.0	1.0	0.9983338887037654
Pseudomonas_syringae_U888_17589_NZ_JAHASA010000001	1.0	1.0	1.0	0.9741935483870968	0.9600997506234414	0.9600997506234414	0.9824918566775245	1.0	1.0	1.0	1.0	0.8997289972899729	0.9943661971830986	0.9509043927648578	1.0	1.0	1.0	0.2824943651389933	1.0	0.9819893573475236	1.0	0.9522012578616352	1.0	0.9741935483870968	0.9638932496075353	0.8997289972899729	0.9548306148055207	0.9548306148055207	0.9536082474226804	0.9536082474226804	0.9943661971830986	1.0	0.9548306148055207	1.0	0.9509043927648578	0.9548306148055207	0.3215859030837004	1.0	1.0	0.9025032938076416	1.0	1.0	0.9943661971830986	1.0	0.0	0.9509043927648578	0.9741935483870968	1.0	1.0	0.1609010458567981	1.0	1.0	1.0	1.0	1.0	1.0	1.0	0.973561430793157	1.0	1.0	1.0	0.052238805970149294	1.0	0.05281090289608181	1.0	1.0	1.0	0.052238805970149294	0.052238805970149294	0.0	0.9600997506234414	0.9943661971830986	0.9600997506234414	1.0	1.0	1.0	1.0	0.9943661971830986	1.0	1.0	1.0	1.0	1.0	1.0	1.0	0.9943661971830986	1.0	0.6236951983298539	1.0	1.0	1.0	1.0	1.0	0.9600997506234414	0.9600997506234414	1.0	0.9590268886043534	0.052238805970149294	1.0	1.0	1.0	0.9379515512112198	0.9548306148055207	0.9590268886043534	0.9522012578616352	1.0	1.0	0.9590268886043534	1.0	0.9600997506234414	1.0	0.9590268886043534	0.101050929668553	1.0	1.0	1.0	0.9943661971830986	1.0	0.9943661971830986	0.9943661971830986	1.0	0.980384760467748	1.0	0.9824918566775245	1.0	1.0	1.0	1.0	1.0	1.0	1.0	1.0	1.0	1.0	1.0	1.0	1.0	1.0	1.0	1.0	1.0	1.0	1.0	1.0	1.0	1.0	1.0	1.0	1.0	1.0	1.0	1.0	1.0	1.0	1.0	1.0	1.0	1.0	1.0	1.0	1.0	1.0	1.0	1.0	1.0	1.0	1.0	1.0	1.0	1.0	1.0	1.0	1.0	1.0	1.0	1.0	1.0	1.0	1.0
Pseudomonas_syringae_UB303_12214_NZ_CP047267	1.0	1.0	1.0	0.9641589779985805	0.1635135135135135	0.1635135135135135	0.9585730724971231	1.0	1.0	1.0	1.0	0.8991282689912827	0.9793233082706767	0.9068425391591096	1.0	1.0	1.0	0.9500629458665548	1.0	0.9834524257239564	0.9648711943793911	0.9030303030303031	1.0	0.9641589779985805	0.9542292200659099	0.8991282689912827	0.8827160493827161	0.8827160493827161	0.8931552587646077	0.8931552587646077	0.9625525410775697	1.0	0.8958926392842619	1.0	0.9068425391591096	0.8827160493827161	0.9500629458665548	1.0	1.0	0.8954434499593165	1.0	1.0	0.9793233082706767	1.0	0.9600997506234414	0.9068425391591096	0.9641589779985805	1.0	1.0	0.9416243654822335	1.0	1.0	1.0	1.0	1.0	1.0	1.0	0.9685807150595883	1.0	1.0	1.0	0.9611178614823815	1.0	0.9600997506234414	1.0	1.0	1.0	0.955193482688391	0.9611178614823815	0.9600997506234414	0.0	0.9793233082706767	0.1672285906945381	1.0	1.0	1.0	1.0	0.9625525410775697	1.0	1.0	1.0	1.0	1.0	1.0	1.0	0.9793233082706767	1.0	0.9996493688639552	1.0	1.0	0.9939301972685888	0.9939301972685888	0.9854628921193573	0.0	0.20119126406353405	1.0	0.20608108108108103	0.955193482688391	1.0	1.0	1.0	0.8958926392842619	0.8827160493827161	0.04635761589403975	0.9030303030303031	1.0	1.0	0.04635761589403975	1.0	0.08726249120337792	1.0	0.131597466572836	0.955193482688391	1.0	1.0	1.0	0.9793233082706767	1.0	0.9793233082706767	0.9793233082706767	1.0	0.9861062869051754	1.0	0.9585730724971231	1.0	0.9935064935064936	1.0	1.0	1.0	1.0	1.0	1.0	1.0	1.0	1.0	1.0	1.0	1.0	1.0	1.0	1.0	1.0	1.0	1.0	1.0	1.0	1.0	1.0	1.0	1.0	1.0	1.0	1.0	1.0	1.0	1.0	1.0	1.0	1.0	1.0	1.0	1.0	1.0	1.0	1.0	1.0	1.0	1.0	1.0	1.0	1.0	1.0	1.0	1.0	1.0	1.0	1.0	1.0	1.0
Pseudomonas_syringae_UMAF0158_3878_NZ_CP005970	1.0	1.0	1.0	0.9920497753197373	0.9793233082706767	0.9793233082706767	0.562798092209857	1.0	1.0	1.0	1.0	0.899002493765586	0.0	0.929264349232013	1.0	1.0	1.0	0.9943661971830986	1.0	1.0	0.9977298524404086	0.9272151898734178	1.0	0.9920497753197373	1.0	0.899002493765586	0.925940594059406	0.925940594059406	0.929264349232013	0.929264349232013	0.6205493387589014	1.0	0.9225268176400476	1.0	0.929264349232013	0.925940594059406	0.9943661971830986	1.0	1.0	0.8975609756097561	1.0	1.0	0.0	1.0	0.9943661971830986	0.929264349232013	0.9920497753197373	1.0	1.0	0.9943661971830986	1.0	1.0	1.0	1.0	1.0	1.0	1.0	0.9950686861570975	1.0	1.0	1.0	0.9909413154785348	1.0	0.9943661971830986	1.0	1.0	1.0	0.9909413154785348	0.9909413154785348	0.9943661971830986	0.9793233082706767	0.0	0.9800901577761082	1.0	1.0	1.0	1.0	0.6205493387589014	1.0	1.0	1.0	1.0	1.0	1.0	1.0	0.0	1.0	1.0	1.0	1.0	1.0	1.0	0.41472172351885095	0.9793233082706767	0.9793233082706767	1.0	0.9788217173661917	0.9909413154785348	1.0	1.0	1.0	0.9177972865123704	0.925940594059406	0.9788217173661917	0.9272151898734178	1.0	1.0	0.9788217173661917	1.0	0.9793233082706767	1.0	0.9796075413620623	0.9909413154785348	1.0	1.0	1.0	0.0	1.0	0.0	0.0	1.0	0.9746835443037974	1.0	0.562798092209857	1.0	0.9956756756756757	1.0	1.0	1.0	1.0	1.0	1.0	1.0	1.0	1.0	1.0	1.0	1.0	1.0	1.0	1.0	1.0	1.0	1.0	1.0	1.0	1.0	1.0	1.0	1.0	1.0	1.0	1.0	1.0	1.0	1.0	1.0	1.0	1.0	1.0	1.0	1.0	1.0	1.0	1.0	1.0	1.0	1.0	1.0	1.0	1.0	1.0	1.0	1.0	1.0	1.0	1.0	1.0	1.0
Pseudomonas_syringae_USA011_12213_NZ_CP045799	1.0	1.0	1.0	0.9641589779985805	0.20475561426684286	0.20475561426684286	0.9593714066692219	1.0	1.0	1.0	1.0	0.8991282689912827	0.9800901577761082	0.9068425391591096	1.0	1.0	1.0	0.9500629458665548	1.0	0.9834524257239564	0.9732868757259001	0.9030303030303031	1.0	0.9641589779985805	0.9542292200659099	0.8991282689912827	0.8827160493827161	0.8827160493827161	0.8931552587646077	0.8931552587646077	0.9708112206216831	1.0	0.8958926392842619	1.0	0.9068425391591096	0.8827160493827161	0.9500629458665548	1.0	1.0	0.8954434499593165	1.0	1.0	0.9800901577761082	1.0	0.9600997506234414	0.9068425391591096	0.9641589779985805	1.0	1.0	0.9416243654822335	1.0	1.0	1.0	1.0	1.0	1.0	1.0	0.9685807150595883	1.0	1.0	1.0	0.9611178614823815	1.0	0.9600997506234414	1.0	1.0	1.0	0.955193482688391	0.9611178614823815	0.9600997506234414	0.1672285906945381	0.9800901577761082	0.0	1.0	1.0	1.0	1.0	0.9708112206216831	1.0	1.0	1.0	1.0	1.0	1.0	1.0	0.9800901577761082	1.0	0.9996493688639552	1.0	1.0	0.9939301972685888	0.9939301972685888	0.9862385321100917	0.1672285906945381	0.1672285906945381	1.0	0.24636723910171732	0.955193482688391	1.0	1.0	1.0	0.9030303030303031	0.8827160493827161	0.20971004720161834	0.9030303030303031	1.0	1.0	0.20971004720161834	1.0	0.24077669902912624	1.0	0.20971004720161834	0.955193482688391	1.0	1.0	1.0	0.9800901577761082	1.0	0.9800901577761082	0.9800901577761082	1.0	0.9861062869051754	1.0	0.9593714066692219	1.0	0.9935064935064936	1.0	1.0	1.0	1.0	1.0	1.0	1.0	1.0	1.0	1.0	1.0	1.0	1.0	1.0	1.0	1.0	1.0	1.0	1.0	1.0	1.0	1.0	1.0	1.0	1.0	1.0	1.0	1.0	1.0	1.0	1.0	1.0	1.0	1.0	1.0	1.0	1.0	1.0	1.0	1.0	1.0	1.0	1.0	1.0	1.0	1.0	1.0	1.0	1.0	1.0	1.0	1.0	1.0
Pseudomonas_syringae_isolate_CFBP2118_5951_NZ_LT962481	0.8947368421052632	0.8917370325693607	0.8873751135331517	1.0	1.0	1.0	1.0	0.9182083739045764	0.9171539961013645	0.837914691943128	0.8875166889185581	1.0	1.0	1.0	0.9111111111111111	1.0	0.9967051070840197	1.0	0.9043392504930966	1.0	1.0	1.0	0.9216549295774648	1.0	1.0	1.0	1.0	1.0	1.0	1.0	1.0	0.7418356823650739	1.0	0.8959920503477973	1.0	1.0	1.0	0.8688827331486612	0.7534059945504087	1.0	0.9014502307185234	0.9199611147116008	1.0	0.999455930359086	1.0	1.0	1.0	0.9139784946236559	0.9678510998307953	1.0	0.8605947955390334	0.8446969696969697	0.722183588317107	0.9014502307185234	0.8959920503477973	0.7353144436765722	0.9870559074635087	1.0	0.9025353967731313	0.9068547064611348	0.9072131147540984	0.9983503794127351	0.8959920503477973	1.0	0.9043392504930966	0.9072131147540984	0.8959920503477973	1.0	0.9983503794127351	1.0	1.0	1.0	1.0	0.0	0.9216549295774648	0.417639429312581	0.8814180929095354	1.0	0.999455930359086	0.999455930359086	0.9983660130718954	0.8446969696969697	0.7353144436765722	0.8203976908274535	0.9991830065359477	1.0	0.9838414634146342	1.0	0.8826684545759302	1.0	1.0	1.0	1.0	1.0	1.0	0.894404332129964	1.0	1.0	0.7082601054481547	0.8247521586184842	0.8937387116195064	1.0	1.0	1.0	1.0	0.7180385288966725	0.579192546583851	1.0	0.7082601054481547	1.0	0.7180385288966725	1.0	1.0	0.9178445229681979	0.920704845814978	0.9089291011569267	1.0	0.8332802040165763	1.0	1.0	0.9178445229681979	1.0	0.9219712525667351	1.0	0.9838414634146342	1.0	0.9965321563682219	1.0	0.9969376391982183	0.9965321563682219	0.9963744232036915	0.9965321563682219	0.9969604863221885	0.9969376391982183	1.0	1.0	1.0	0.9963744232036915	0.9969376391982183	1.0	0.9963744232036915	0.9963744232036915	0.9965321563682219	1.0	0.9969376391982183	0.9969604863221885	0.9969604863221885	0.9969376391982183	0.9965321563682219	1.0	0.9965321563682219	0.9969376391982183	1.0	0.9969376391982183	0.9969376391982183	0.9969376391982183	0.9969376391982183	0.9969376391982183	1.0	0.9965321563682219	0.9969376391982183	0.9969376391982183	0.9969376391982183	0.9965321563682219	0.9969376391982183	0.9965321563682219	0.9963744232036915	0.9963744232036915	1.0	0.9963744232036915	0.9969376391982183	0.9969604863221885	0.9969376391982183	0.9969604863221885	0.9969376391982183	0.9969376391982183	0.9963744232036915	0.9965321563682219	1.0
Pseudomonas_syringae_isolate_CFBP3840_6707_NZ_LT963409	0.8988361683079678	0.8780784432958346	0.8895576286488113	1.0	1.0	1.0	1.0	0.9511278195488722	0.9511278195488722	0.925516438754728	0.9401709401709402	1.0	1.0	1.0	0.9118254202300207	1.0	0.9973787680209698	1.0	0.9344366645448758	1.0	1.0	1.0	0.0	1.0	1.0	1.0	1.0	1.0	1.0	1.0	1.0	0.9273204903677759	1.0	0.9351145038167938	1.0	1.0	1.0	0.875	0.9200705260064649	1.0	0.9220862846104314	0.9289827255278311	1.0	0.997557003257329	1.0	1.0	1.0	0.9599254426840633	0.9848066298342542	1.0	0.9093325457767277	0.8775198533903482	0.884859474161378	0.9220862846104314	0.9351145038167938	0.923234690887782	0.9918099918099919	1.0	0.9494822717288987	0.945511811023622	0.9140447615958482	0.9934015176509403	0.9351145038167938	1.0	0.9534229446702094	0.9140447615958482	0.9351145038167938	1.0	0.9934015176509403	1.0	1.0	1.0	1.0	0.9216549295774648	0.0	0.907550535077289	0.7087139845397048	1.0	0.997557003257329	0.997557003257329	0.9951020408163266	0.8775198533903482	0.923234690887782	0.913503971756399	0.9948242985562517	1.0	0.978021978021978	1.0	0.9334182860783689	1.0	1.0	1.0	1.0	1.0	1.0	0.9124668435013262	1.0	1.0	0.884859474161378	0.8069835111542192	0.9066666666666666	1.0	1.0	1.0	1.0	0.9418370285056148	0.9313753998255306	1.0	0.884859474161378	1.0	0.9418370285056148	1.0	1.0	0.7310866574965612	0.7596638655462185	0.8713325183374083	1.0	0.8733905579399142	1.0	1.0	0.7310866574965612	1.0	0.7474541751527495	1.0	0.978021978021978	1.0	0.9946557686262182	1.0	0.995279089141905	0.9946557686262182	0.994413407821229	0.9946557686262182	0.996420704845815	0.9969503742722484	1.0	1.0	1.0	0.994413407821229	0.9963938973647711	1.0	0.994413407821229	0.994413407821229	0.9946557686262182	1.0	0.995279089141905	0.9969730324711062	0.9969730324711062	0.9969503742722484	0.9946557686262182	0.998351195383347	0.9965484781926577	0.9969503742722484	1.0	0.9969503742722484	0.9969503742722484	0.995279089141905	0.995279089141905	0.9969503742722484	0.9980353634577603	0.9946557686262182	0.9969503742722484	0.9969503742722484	0.995279089141905	0.9946557686262182	0.9969503742722484	0.9959183673469387	0.994413407821229	0.994413407821229	1.0	0.994413407821229	0.9963938973647711	0.9969730324711062	0.995279089141905	0.9969730324711062	0.9969503742722484	0.9963938973647711	0.9963922597572975	0.9965484781926577	0.998351195383347
Pseudomonas_syringae_isolate_CFBP4215_6752_NZ_LT962480	0.8653905526397037	0.8839963559064683	0.8650401482396541	1.0	1.0	1.0	1.0	0.8739864864864865	0.9100719424460432	0.8035133376707873	0.8686354378818737	1.0	1.0	1.0	0.8880484114977307	1.0	0.989379356123465	1.0	0.8941605839416058	1.0	1.0	1.0	0.907550535077289	1.0	1.0	1.0	1.0	1.0	1.0	1.0	1.0	0.7701612903225806	1.0	0.8845381526104418	1.0	1.0	1.0	0.8486842105263158	0.7622590463307406	1.0	0.8732251521298174	0.8985459352280238	1.0	0.999455930359086	1.0	1.0	1.0	0.8901098901098901	0.9675599435825106	1.0	0.8408446265364009	0.8388324873096447	0.8041002277904328	0.8732251521298174	0.8845381526104418	0.7504267668146125	0.9870559074635087	1.0	0.9043392504930966	0.8956262425447317	0.8819188191881919	0.9983503794127351	0.8845381526104418	1.0	0.9014502307185234	0.8819188191881919	0.8845381526104418	1.0	0.9983503794127351	1.0	1.0	1.0	1.0	0.417639429312581	0.907550535077289	0.0	0.885166006701188	1.0	0.999455930359086	0.999455930359086	0.9983660130718954	0.8388324873096447	0.7504267668146125	0.8062317429406037	0.9950779327317474	1.0	0.9838414634146342	1.0	0.8709349593495935	1.0	1.0	1.0	1.0	1.0	1.0	0.8877118644067796	1.0	1.0	0.791913214990138	0.8685344827586207	0.8681860178626424	1.0	1.0	1.0	1.0	0.7478617858364693	0.690050107372942	1.0	0.791913214990138	1.0	0.7478617858364693	1.0	1.0	0.9013452914798207	0.907550535077289	0.8935018050541517	1.0	0.8272989426465877	1.0	1.0	0.9013452914798207	1.0	0.9046199701937407	1.0	0.9838414634146342	1.0	0.9965321563682219	1.0	0.9969376391982183	0.9965321563682219	0.9963744232036915	0.9965321563682219	0.9969604863221885	0.9969376391982183	1.0	1.0	1.0	0.9963744232036915	0.9969376391982183	1.0	0.9963744232036915	0.9963744232036915	0.9965321563682219	1.0	0.9969376391982183	0.9969604863221885	0.9969604863221885	0.9969376391982183	0.9965321563682219	1.0	0.9965321563682219	0.9969376391982183	1.0	0.9969376391982183	0.9969376391982183	0.9969376391982183	0.9969376391982183	0.9969376391982183	1.0	0.9965321563682219	0.9969376391982183	0.9969376391982183	0.9969376391982183	0.9965321563682219	0.9969376391982183	0.9965321563682219	0.9963744232036915	0.9963744232036915	1.0	0.9963744232036915	0.9969376391982183	0.9969604863221885	0.9969376391982183	0.9969604863221885	0.9969376391982183	0.9969376391982183	0.9963744232036915	0.9965321563682219	1.0
Pseudomonas_syringae_isolate_CFBP6109_6963_NZ_LT963391	0.9363241678726484	0.9140070921985816	0.9244951712028094	1.0	1.0	1.0	1.0	0.9508970727101038	0.9508970727101038	0.8609476618148033	0.938872970391595	1.0	1.0	1.0	0.9484978540772532	1.0	0.997365821534409	1.0	0.9341221618164375	1.0	1.0	1.0	0.7087139845397048	1.0	1.0	1.0	1.0	1.0	1.0	1.0	1.0	0.7418356823650739	1.0	0.9348034515819751	1.0	1.0	1.0	0.9085239085239085	0.7361878453038674	1.0	0.9217081850533808	0.9286403085824494	1.0	0.9980931626259875	1.0	1.0	1.0	0.9597378277153558	0.984743411927878	1.0	0.9007770472205618	0.8007863695937091	0.930442374854482	0.9217081850533808	0.9348034515819751	0.7555253315198912	0.9890049477735019	1.0	0.9492433795712484	0.9452531645569621	0.9136245110821382	0.993368700265252	0.9348034515819751	1.0	0.9532035175879396	0.9136245110821382	0.9348034515819751	1.0	0.993368700265252	1.0	1.0	1.0	1.0	0.8814180929095354	0.7087139845397048	0.885166006701188	0.0	1.0	0.9980931626259875	0.9980931626259875	0.995356459983611	0.8007863695937091	0.7555253315198912	0.8556316116988176	0.9931506849315068	1.0	0.9779208831646734	1.0	0.9330985915492958	1.0	1.0	1.0	1.0	1.0	1.0	0.9439655172413793	1.0	1.0	0.930442374854482	0.9357080799304952	0.9406168924762179	1.0	1.0	1.0	1.0	0.8284250960307298	0.8626476072094469	1.0	0.930442374854482	1.0	0.8284250960307298	1.0	1.0	0.8632848747293536	0.8957331730769231	0.7735911970656886	1.0	0.790482485128883	1.0	1.0	0.8632848747293536	1.0	0.8685344827586207	1.0	0.9779208831646734	1.0	0.994630448515477	1.0	0.9952593418851088	0.994630448515477	0.9943857331571995	0.994630448515477	0.9964058612109483	0.9969376391982183	1.0	1.0	1.0	0.9943857331571995	0.9963788300835654	1.0	0.9943857331571995	0.9943857331571995	0.994630448515477	1.0	0.9952593418851088	0.9969604863221885	0.9969604863221885	0.9969376391982183	0.994630448515477	0.9983443708609272	0.9965321563682219	0.9969376391982183	1.0	0.9969376391982183	0.9969376391982183	0.9952593418851088	0.9952593418851088	0.9969376391982183	0.998025666337611	0.994630448515477	0.9969376391982183	0.9969376391982183	0.9952593418851088	0.994630448515477	0.9969376391982183	0.9958990536277602	0.9943857331571995	0.9943857331571995	1.0	0.9943857331571995	0.9963788300835654	0.9969604863221885	0.9952593418851088	0.9969604863221885	0.9969376391982183	0.9963788300835654	0.9963744232036915	0.9965321563682219	0.9983443708609272
Pseudomonas_syringae_psy100_6403_NZ_MLEV01000005	1.0	1.0	1.0	0.9920497753197373	0.9708112206216831	0.9708112206216831	0.8662207357859532	1.0	1.0	1.0	1.0	0.9724592707525214	0.6205493387589014	0.9795839753466872	1.0	1.0	1.0	0.9943661971830986	1.0	1.0	0.9784033937524104	0.9766037735849057	1.0	0.9920497753197373	1.0	0.9724592707525214	0.9754438987533056	0.9754438987533056	0.9795839753466872	0.9795839753466872	0.0	1.0	0.9754438987533056	1.0	0.9795839753466872	0.9754438987533056	0.9943661971830986	1.0	1.0	0.9696048632218845	1.0	1.0	0.6205493387589014	1.0	0.9943661971830986	0.9795839753466872	0.9920497753197373	1.0	1.0	0.9943661971830986	1.0	1.0	1.0	1.0	1.0	1.0	1.0	0.9950686861570975	1.0	1.0	1.0	0.9909413154785348	1.0	0.9943661971830986	1.0	1.0	1.0	0.9909413154785348	0.9909413154785348	0.9943661971830986	0.9625525410775697	0.6205493387589014	0.9708112206216831	1.0	1.0	1.0	1.0	0.0	1.0	1.0	1.0	1.0	1.0	1.0	1.0	0.6205493387589014	1.0	1.0	1.0	1.0	0.9916254282451465	0.9916254282451465	0.7792626728110599	0.9625525410775697	0.9708112206216831	1.0	0.9700970873786408	0.9909413154785348	1.0	1.0	1.0	0.9553158705701079	0.9754438987533056	0.961628817541112	0.9766037735849057	1.0	1.0	0.961628817541112	1.0	0.9625525410775697	1.0	0.9700970873786408	0.9909413154785348	1.0	1.0	1.0	0.6205493387589014	1.0	0.6205493387589014	0.6205493387589014	1.0	0.9746835443037974	1.0	0.8662207357859532	1.0	0.9924078091106291	1.0	1.0	1.0	1.0	1.0	1.0	1.0	1.0	1.0	1.0	1.0	1.0	1.0	1.0	1.0	1.0	1.0	1.0	1.0	1.0	1.0	1.0	1.0	1.0	1.0	1.0	1.0	1.0	1.0	1.0	1.0	1.0	1.0	1.0	1.0	1.0	1.0	1.0	1.0	1.0	1.0	1.0	1.0	1.0	1.0	1.0	1.0	1.0	1.0	1.0	1.0	1.0	1.0
Pseudomonas_syringae_pv_actinidiae_PSAAH01_20743_NZ_CP116478	0.999458141425088	0.9967400162999185	0.9967400162999185	1.0	1.0	1.0	1.0	0.9939957970579406	0.9939957970579406	0.9994585814834868	0.9994028068080024	1.0	1.0	1.0	0.999458141425088	0.9727626459143969	0.9401384083044982	1.0	1.0	1.0	1.0	1.0	0.997557003257329	1.0	1.0	1.0	1.0	1.0	1.0	1.0	1.0	0.999455930359086	1.0	1.0	1.0	1.0	1.0	0.9961946181027453	0.999455930359086	1.0	1.0	1.0	1.0	0.0	1.0	1.0	1.0	0.9939957970579406	0.999455930359086	1.0	0.9890590809628009	0.999455930359086	0.9972848221558512	1.0	1.0	1.0	0.9961977186311787	1.0	1.0	1.0	1.0	1.0	1.0	1.0	0.9939957970579406	1.0	1.0	1.0	1.0	1.0	1.0	1.0	1.0	0.999455930359086	0.997557003257329	0.999455930359086	0.9980931626259875	1.0	0.0	0.0	0.5251396648044693	0.999455930359086	1.0	0.9994585814834868	0.9707357859531772	1.0	1.0	1.0	1.0	1.0	1.0	1.0	1.0	1.0	1.0	0.9967400162999185	1.0	1.0	0.9972848221558512	1.0	0.9967400162999185	1.0	1.0	1.0	1.0	0.999455930359086	0.9972737186477645	1.0	0.9972848221558512	1.0	0.999455930359086	1.0	1.0	1.0	1.0	1.0	1.0	0.999455930359086	1.0	1.0	1.0	1.0	1.0	1.0	1.0	0.9947884733292459	0.9987488270253363	0.9996734160679295	0.9988941111418302	0.9987488270253363	0.9957377049180328	0.9987488270253363	0.9989023051591658	0.9988941111418302	0.9996734160679295	0.9996734160679295	0.9996734160679295	0.9957377049180328	0.9988941111418302	0.9996734160679295	0.9957377049180328	0.9957377049180328	0.9987488270253363	0.9996734160679295	0.9988941111418302	0.9989023051591658	0.9989023051591658	0.9988941111418302	0.9987488270253363	0.999725802029065	0.9987488270253363	0.9988941111418302	0.9996734160679295	0.9988941111418302	0.9988941111418302	0.9963968957871396	0.9988941111418302	0.9988941111418302	1.0	0.9987488270253363	0.9988941111418302	0.9988941111418302	0.9988941111418302	0.9987488270253363	0.9988941111418302	0.9987488270253363	0.9957377049180328	0.9957377049180328	0.9996734160679295	0.9957377049180328	0.9988941111418302	0.9964236588720771	0.9988941111418302	0.9964236588720771	0.9988941111418302	0.9988941111418302	0.9986923831317424	0.9987488270253363	0.999725802029065
Pseudomonas_syringae_pv_actinidiae_str_Shaanxi_M228_11439_NZ_CP032631	0.999458141425088	0.9967400162999185	0.9967400162999185	1.0	1.0	1.0	1.0	0.9939957970579406	0.9939957970579406	0.9994585814834868	0.9994028068080024	1.0	1.0	1.0	0.999458141425088	0.9727626459143969	0.9401384083044982	1.0	1.0	1.0	1.0	1.0	0.997557003257329	1.0	1.0	1.0	1.0	1.0	1.0	1.0	1.0	0.999455930359086	1.0	1.0	1.0	1.0	1.0	0.9961946181027453	0.999455930359086	1.0	1.0	1.0	1.0	0.0	1.0	1.0	1.0	0.9939957970579406	0.999455930359086	1.0	0.9890590809628009	0.999455930359086	0.9972848221558512	1.0	1.0	1.0	0.9961977186311787	1.0	1.0	1.0	1.0	1.0	1.0	1.0	0.9939957970579406	1.0	1.0	1.0	1.0	1.0	1.0	1.0	1.0	0.999455930359086	0.997557003257329	0.999455930359086	0.9980931626259875	1.0	0.0	0.0	0.5251396648044693	0.999455930359086	1.0	0.9994585814834868	0.9707357859531772	1.0	1.0	1.0	1.0	1.0	1.0	1.0	1.0	1.0	1.0	0.9967400162999185	1.0	1.0	0.9972848221558512	1.0	0.9967400162999185	1.0	1.0	1.0	1.0	0.999455930359086	0.9972737186477645	1.0	0.9972848221558512	1.0	0.999455930359086	1.0	1.0	1.0	1.0	1.0	1.0	0.999455930359086	1.0	1.0	1.0	1.0	1.0	1.0	1.0	0.9947884733292459	0.9987488270253363	0.9996734160679295	0.9988941111418302	0.9987488270253363	0.9957377049180328	0.9987488270253363	0.9989023051591658	0.9988941111418302	0.9996734160679295	0.9996734160679295	0.9996734160679295	0.9957377049180328	0.9988941111418302	0.9996734160679295	0.9957377049180328	0.9957377049180328	0.9987488270253363	0.9996734160679295	0.9988941111418302	0.9989023051591658	0.9989023051591658	0.9988941111418302	0.9987488270253363	0.999725802029065	0.9987488270253363	0.9988941111418302	0.9996734160679295	0.9988941111418302	0.9988941111418302	0.9963968957871396	0.9988941111418302	0.9988941111418302	1.0	0.9987488270253363	0.9988941111418302	0.9988941111418302	0.9988941111418302	0.9987488270253363	0.9988941111418302	0.9987488270253363	0.9957377049180328	0.9957377049180328	0.9996734160679295	0.9957377049180328	0.9988941111418302	0.9964236588720771	0.9988941111418302	0.9964236588720771	0.9988941111418302	0.9988941111418302	0.9986923831317424	0.9987488270253363	0.999725802029065
Pseudomonas_syringae_pv_actinidifoliorum_ICMP_18803_20753_NZ_CP081457	0.9934587080948487	0.9967400162999185	0.9967400162999185	1.0	1.0	1.0	1.0	0.9939957970579406	0.9939957970579406	0.9983739837398374	0.9997014925373134	1.0	1.0	1.0	0.9934587080948487	0.9716193656093489	0.934608695652174	1.0	1.0	1.0	1.0	1.0	0.9951020408163266	1.0	1.0	1.0	1.0	1.0	1.0	1.0	1.0	0.9945325314379442	1.0	1.0	1.0	1.0	1.0	0.9901558654634947	0.9983660130718954	1.0	1.0	1.0	1.0	0.5251396648044693	1.0	1.0	1.0	0.9939957970579406	0.9950819672131147	1.0	0.9879518072289156	0.9978201634877384	0.9934587080948487	1.0	1.0	1.0	0.9961977186311787	1.0	1.0	1.0	1.0	1.0	1.0	1.0	0.9939957970579406	1.0	1.0	1.0	1.0	1.0	1.0	1.0	1.0	0.9983660130718954	0.9951020408163266	0.9983660130718954	0.995356459983611	1.0	0.5251396648044693	0.5251396648044693	0.0	0.9978201634877384	1.0	0.9983739837398374	0.9704488430443268	1.0	1.0	1.0	1.0	1.0	1.0	1.0	1.0	1.0	1.0	0.9967400162999185	1.0	1.0	0.9934587080948487	0.9986442516268981	0.9967400162999185	1.0	1.0	1.0	1.0	0.9983660130718954	0.9983660130718954	1.0	0.9934587080948487	1.0	0.9983660130718954	1.0	1.0	0.9986442516268981	0.9986442516268981	0.9994585814834868	1.0	0.9970002727024816	1.0	1.0	0.9986442516268981	1.0	0.999458141425088	1.0	1.0	0.98827522369639	1.0	1.0	1.0	1.0	1.0	1.0	1.0	1.0	1.0	1.0	1.0	1.0	1.0	1.0	1.0	1.0	1.0	1.0	1.0	1.0	1.0	1.0	1.0	1.0	1.0	1.0	1.0	1.0	1.0	1.0	1.0	1.0	1.0	1.0	1.0	1.0	1.0	1.0	1.0	1.0	1.0	1.0	1.0	1.0	1.0	1.0	1.0	1.0	1.0	1.0	1.0	1.0	1.0
Pseudomonas_syringae_pv_aptata_G733_11468_NZ_RBOI01000041	0.9219712525667351	0.8723534826633936	0.8893925657298277	1.0	1.0	1.0	1.0	0.9378585086042065	0.9402225755166932	0.8981426003594967	0.9300160513643659	1.0	1.0	1.0	0.9244951712028094	1.0	0.989379356123465	1.0	0.9157449577098243	1.0	1.0	1.0	0.8775198533903482	1.0	1.0	1.0	1.0	1.0	1.0	1.0	1.0	0.8403041825095057	1.0	0.9189101524489134	1.0	1.0	1.0	0.9226033421284081	0.7992125984251969	1.0	0.9185593770279039	0.893058784456991	1.0	0.999455930359086	1.0	1.0	1.0	0.9489120151371807	0.9730639730639731	1.0	0.9076329076329076	0.0	0.9263803680981595	0.9185593770279039	0.9189101524489134	0.8362480127186009	0.9808811305070657	1.0	0.9419047619047619	0.9296724470134875	0.9079292267365662	0.9913621262458472	0.9189101524489134	1.0	0.9419047619047619	0.9079292267365662	0.9189101524489134	1.0	0.9913621262458472	1.0	1.0	1.0	1.0	0.8446969696969697	0.8775198533903482	0.8388324873096447	0.8007863695937091	1.0	0.999455930359086	0.999455930359086	0.9978201634877384	0.0	0.8362480127186009	0.901761719916393	0.9945280437756499	1.0	0.9856968959220938	1.0	0.9171539961013645	1.0	1.0	1.0	1.0	1.0	1.0	0.9335461404526988	1.0	1.0	0.9263803680981595	0.9282589676290464	0.931064572425829	1.0	1.0	1.0	1.0	0.8779889638258737	0.7643484132343011	1.0	0.9263803680981595	1.0	0.8779889638258737	1.0	1.0	0.7431600547195623	0.8137508069722401	0.676978417266187	1.0	0.20588235294117652	1.0	1.0	0.7431600547195623	1.0	0.714585519412382	1.0	0.9856968959220938	1.0	0.9949479002210294	1.0	0.9955394480066908	0.9949479002210294	0.994717728623308	0.9949479002210294	0.9964058612109483	0.9969376391982183	1.0	1.0	1.0	0.994717728623308	0.9963788300835654	1.0	0.994717728623308	0.994717728623308	0.9949479002210294	1.0	0.9955394480066908	0.9969604863221885	0.9969604863221885	0.9969376391982183	0.9949479002210294	0.9986206896551724	0.9965321563682219	0.9969376391982183	1.0	0.9969376391982183	0.9969376391982183	0.9955394480066908	0.9955394480066908	0.9969376391982183	0.9983552631578947	0.9949479002210294	0.9969376391982183	0.9969376391982183	0.9955394480066908	0.9949479002210294	0.9969376391982183	0.9958990536277602	0.994717728623308	0.994717728623308	1.0	0.994717728623308	0.9963788300835654	0.9969604863221885	0.9955394480066908	0.9969604863221885	0.9969376391982183	0.9963788300835654	0.9963744232036915	0.9965321563682219	0.9986206896551724
Pseudomonas_syringae_pv_avellanae_ISPaVe037_292_NZ_JH951894	0.8351822503961965	0.8604651162790697	0.8266283524904214	1.0	1.0	1.0	1.0	0.8871452420701169	0.8822937625754528	0.6235029940119761	0.8542454451701615	1.0	1.0	1.0	0.852996254681648	1.0	0.989379356123465	1.0	0.8526678141135973	1.0	1.0	1.0	0.923234690887782	1.0	1.0	1.0	1.0	1.0	1.0	1.0	1.0	0.36898395721925137	1.0	0.8601231190150479	1.0	1.0	1.0	0.7696685637763643	0.46733668341708545	1.0	0.86594079618918	0.8867735470941884	1.0	1.0	1.0	1.0	1.0	0.8967229394240318	0.9719101123595506	1.0	0.7130860741777467	0.8362480127186009	0.8681860178626424	0.86594079618918	0.8601231190150479	0.0	0.9881705639614855	1.0	0.870552355133853	0.8720812182741117	0.8856569709127382	0.9913621262458472	0.8601231190150479	1.0	0.8852842809364548	0.8856569709127382	0.8601231190150479	1.0	0.9913621262458472	1.0	1.0	1.0	1.0	0.7353144436765722	0.923234690887782	0.7504267668146125	0.7555253315198912	1.0	1.0	1.0	1.0	0.8362480127186009	0.0	0.6698010849909584	0.9950779327317474	1.0	0.9863138686131386	1.0	0.8406956521739131	1.0	1.0	1.0	1.0	1.0	1.0	0.825503355704698	1.0	1.0	0.8788895668090299	0.8792314730100641	0.838495575221239	1.0	1.0	1.0	1.0	0.6322869955156951	0.8007863695937091	1.0	0.8788895668090299	1.0	0.6322869955156951	1.0	1.0	0.905924382256624	0.8980509745127436	0.8426683448709881	1.0	0.8351368555060471	1.0	1.0	0.905924382256624	1.0	0.9124001183782184	1.0	0.9863138686131386	1.0	0.9949479002210294	1.0	0.9955394480066908	0.9949479002210294	0.994717728623308	0.9949479002210294	0.9964058612109483	0.9969376391982183	1.0	1.0	1.0	0.994717728623308	0.9963788300835654	1.0	0.994717728623308	0.994717728623308	0.9949479002210294	1.0	0.9955394480066908	0.9969604863221885	0.9969604863221885	0.9969376391982183	0.9949479002210294	0.9986206896551724	0.9965321563682219	0.9969376391982183	1.0	0.9969376391982183	0.9969376391982183	0.9955394480066908	0.9955394480066908	0.9969376391982183	0.9983552631578947	0.9949479002210294	0.9969376391982183	0.9969376391982183	0.9955394480066908	0.9949479002210294	0.9969376391982183	0.9958990536277602	0.994717728623308	0.994717728623308	1.0	0.994717728623308	0.9963788300835654	0.9969604863221885	0.9955394480066908	0.9969604863221885	0.9969376391982183	0.9963788300835654	0.9963744232036915	0.9965321563682219	0.9986206896551724
Pseudomonas_syringae_pv_avellanae_str_ISPaVe013_26105_NZ_JH951849	0.8390443256837472	0.8826021180030257	0.8591288229842446	1.0	1.0	1.0	1.0	0.8976973684210526	0.8929633300297324	0.18467583497053042	0.8574838049778384	1.0	1.0	1.0	0.8622920517560074	1.0	0.9894424282415044	1.0	0.8679054054054054	1.0	1.0	1.0	0.913503971756399	1.0	1.0	1.0	1.0	1.0	1.0	1.0	1.0	0.7686642115835286	1.0	0.8732347007397445	1.0	1.0	1.0	0.7378673957621327	0.8035133376707873	1.0	0.859428182437032	0.8991458607095927	1.0	0.9994585814834868	1.0	1.0	1.0	0.9020314547837484	0.9817275747508306	1.0	0.6999648258881463	0.901761719916393	0.8408662900188324	0.859428182437032	0.8732347007397445	0.6698010849909584	0.9882288529975363	1.0	0.8781386006026113	0.8848585690515807	0.881135225375626	0.99340804218853	0.8732347007397445	1.0	0.8907646474677259	0.881135225375626	0.8732347007397445	1.0	0.99340804218853	1.0	1.0	1.0	1.0	0.8203976908274535	0.913503971756399	0.8062317429406037	0.8556316116988176	1.0	0.9994585814834868	0.9994585814834868	0.9983739837398374	0.901761719916393	0.6698010849909584	0.0	0.9951020408163266	1.0	0.9870012091898428	1.0	0.8543589743589743	1.0	1.0	1.0	1.0	1.0	1.0	0.8509645301804605	1.0	1.0	0.8459375	0.8495327102803738	0.8636923076923078	1.0	1.0	1.0	1.0	0.7976462896371364	0.8196405648267009	1.0	0.8459375	1.0	0.7976462896371364	1.0	1.0	0.906425821735268	0.8999106344950849	0.7605633802816901	1.0	0.8901629450814725	1.0	1.0	0.906425821735268	1.0	0.9131842260153031	1.0	0.9870012091898428	1.0	0.9946608040201005	1.0	0.9952830188679245	0.9946608040201005	0.994418910045962	0.9946608040201005	0.9964236588720771	0.9969529085872576	1.0	1.0	1.0	0.994418910045962	0.9963968957871396	1.0	0.994418910045962	0.994418910045962	0.9946608040201005	1.0	0.9952830188679245	0.9969755292823755	0.9969755292823755	0.9969529085872576	0.9946608040201005	0.9983525535420099	0.996551724137931	0.9969529085872576	1.0	0.9969529085872576	0.9969529085872576	0.9952830188679245	0.9952830188679245	0.9969529085872576	0.9980372914622179	0.9946608040201005	0.9969529085872576	0.9969529085872576	0.9952830188679245	0.9946608040201005	0.9969529085872576	0.9959222082810539	0.994418910045962	0.994418910045962	1.0	0.994418910045962	0.9963968957871396	0.9969755292823755	0.9952830188679245	0.9969755292823755	0.9969529085872576	0.9963968957871396	0.9963958060288336	0.996551724137931	0.9983525535420099
Pseudomonas_syringae_pv_cilantro_0788_9_3786_NZ_LGLN01000010	0.9997289238275956	0.9967373572593801	0.9997289238275956	1.0	1.0	1.0	1.0	0.9997012249775918	1.0	0.9951020408163266	0.9945945945945946	1.0	1.0	1.0	0.9997289238275956	0.9638047138047138	0.9270687237026648	1.0	1.0	1.0	1.0	1.0	0.9948242985562517	1.0	1.0	1.0	1.0	1.0	1.0	1.0	1.0	1.0	1.0	1.0	1.0	1.0	1.0	0.9950980392156863	1.0	1.0	0.9997012249775918	1.0	1.0	0.9707357859531772	1.0	1.0	1.0	0.9997012249775918	0.9939775526964139	1.0	0.9951020408163266	0.9945280437756499	0.9991863303498779	0.9997012249775918	1.0	0.9950779327317474	0.9937329700272479	1.0	0.9997012249775918	1.0	0.9997012249775918	1.0	1.0	1.0	0.9997012249775918	0.9997012249775918	1.0	1.0	1.0	1.0	1.0	1.0	1.0	0.9991830065359477	0.9948242985562517	0.9950779327317474	0.9931506849315068	1.0	0.9707357859531772	0.9707357859531772	0.9704488430443268	0.9945280437756499	0.9950779327317474	0.9951020408163266	0.0	1.0	1.0	1.0	0.9997012249775918	1.0	1.0	1.0	1.0	1.0	1.0	0.9997289238275956	1.0	1.0	0.9991863303498779	0.9991863303498779	0.9997289238275956	1.0	1.0	1.0	1.0	0.9997278170930866	0.9991830065359477	1.0	0.9991863303498779	1.0	0.9997278170930866	1.0	1.0	0.9945504087193461	0.9948242985562517	0.9945548597876396	1.0	0.9945280437756499	1.0	1.0	0.9945504087193461	1.0	0.9945504087193461	1.0	1.0	0.9863861386138614	1.0	1.0	1.0	1.0	1.0	1.0	1.0	1.0	1.0	1.0	1.0	1.0	1.0	1.0	1.0	1.0	1.0	1.0	1.0	1.0	1.0	1.0	1.0	1.0	1.0	1.0	1.0	1.0	1.0	1.0	1.0	1.0	1.0	1.0	1.0	1.0	1.0	1.0	1.0	1.0	1.0	1.0	1.0	1.0	1.0	1.0	1.0	1.0	1.0	1.0	1.0	1.0	1.0
Pseudomonas_syringae_pv_dysoxyli_CFBP_2356_12226_NZ_VLHW01000015	1.0	1.0	1.0	0.9920497753197373	0.9793233082706767	0.9793233082706767	0.562798092209857	1.0	1.0	1.0	1.0	0.899002493765586	0.0	0.929264349232013	1.0	1.0	1.0	0.9943661971830986	1.0	1.0	0.9977298524404086	0.9272151898734178	1.0	0.9920497753197373	1.0	0.899002493765586	0.925940594059406	0.925940594059406	0.929264349232013	0.929264349232013	0.6205493387589014	1.0	0.9225268176400476	1.0	0.929264349232013	0.925940594059406	0.9943661971830986	1.0	1.0	0.8975609756097561	1.0	1.0	0.0	1.0	0.9943661971830986	0.929264349232013	0.9920497753197373	1.0	1.0	0.9943661971830986	1.0	1.0	1.0	1.0	1.0	1.0	1.0	0.9950686861570975	1.0	1.0	1.0	0.9909413154785348	1.0	0.9943661971830986	1.0	1.0	1.0	0.9909413154785348	0.9909413154785348	0.9943661971830986	0.9793233082706767	0.0	0.9800901577761082	1.0	1.0	1.0	1.0	0.6205493387589014	1.0	1.0	1.0	1.0	1.0	1.0	1.0	0.0	1.0	1.0	1.0	1.0	1.0	1.0	0.41472172351885095	0.9793233082706767	0.9793233082706767	1.0	0.9788217173661917	0.9909413154785348	1.0	1.0	1.0	0.9177972865123704	0.925940594059406	0.9788217173661917	0.9272151898734178	1.0	1.0	0.9788217173661917	1.0	0.9793233082706767	1.0	0.9796075413620623	0.9909413154785348	1.0	1.0	1.0	0.0	1.0	0.0	0.0	1.0	0.9746835443037974	1.0	0.562798092209857	1.0	0.9956756756756757	1.0	1.0	1.0	1.0	1.0	1.0	1.0	1.0	1.0	1.0	1.0	1.0	1.0	1.0	1.0	1.0	1.0	1.0	1.0	1.0	1.0	1.0	1.0	1.0	1.0	1.0	1.0	1.0	1.0	1.0	1.0	1.0	1.0	1.0	1.0	1.0	1.0	1.0	1.0	1.0	1.0	1.0	1.0	1.0	1.0	1.0	1.0	1.0	1.0	1.0	1.0	1.0	1.0
Pseudomonas_syringae_pv_helianthi_LMG_5067_14836_NZ_CP092918	0.9839150227617602	0.9882139619220308	0.9839150227617602	1.0	1.0	1.0	1.0	0.975809199318569	0.974061433447099	0.985160508782556	0.9817073170731707	1.0	1.0	1.0	0.9863760217983651	1.0	1.0	1.0	0.9841162554917202	1.0	1.0	1.0	0.978021978021978	1.0	1.0	1.0	1.0	1.0	1.0	1.0	1.0	0.9822900763358778	1.0	0.983085250338295	1.0	1.0	1.0	0.9860690490611751	0.9822900763358778	1.0	0.980325644504749	0.983085250338295	1.0	1.0	1.0	1.0	1.0	0.9806714140386572	0.9921378893256728	1.0	0.9860816944024205	0.9856968959220938	0.9839150227617602	0.980325644504749	0.983085250338295	0.9863138686131386	1.0	1.0	0.9806714140386572	0.983085250338295	0.980325644504749	1.0	0.983085250338295	1.0	0.9806714140386572	0.980325644504749	0.983085250338295	1.0	1.0	1.0	1.0	1.0	1.0	0.9838414634146342	0.978021978021978	0.9838414634146342	0.9779208831646734	1.0	1.0	1.0	1.0	0.9856968959220938	0.9863138686131386	0.9870012091898428	1.0	1.0	0.0	1.0	0.9848024316109423	1.0	1.0	1.0	1.0	1.0	1.0	0.9802010356381359	1.0	1.0	0.9839150227617602	0.9854545454545455	0.9857618903362617	1.0	1.0	1.0	1.0	0.9853881278538813	0.9838414634146342	1.0	0.9839150227617602	1.0	0.9853881278538813	1.0	1.0	0.9857618903362617	0.982989064398542	0.9848530748258104	1.0	0.9856968959220938	1.0	1.0	0.9857618903362617	1.0	0.9857618903362617	1.0	0.04041720990873532	1.0	1.0	1.0	1.0	1.0	1.0	1.0	1.0	1.0	1.0	1.0	1.0	1.0	1.0	1.0	1.0	1.0	1.0	1.0	1.0	1.0	1.0	1.0	1.0	1.0	1.0	1.0	1.0	1.0	1.0	1.0	1.0	1.0	1.0	1.0	1.0	1.0	1.0	1.0	1.0	1.0	1.0	1.0	1.0	1.0	1.0	1.0	1.0	1.0	1.0	1.0	1.0	1.0	1.0
Pseudomonas_syringae_pv_lapsa_ATCC_10859_3811_NZ_CP013183	1.0	1.0	1.0	0.9950641658440277	0.9996493688639552	0.9996493688639552	0.9961253962662909	1.0	1.0	1.0	1.0	1.0	1.0	1.0	1.0	1.0	1.0	0.6121052631578947	1.0	0.9946865037194474	1.0	1.0	1.0	0.9950641658440277	0.9942837928715534	1.0	1.0	1.0	1.0	1.0	1.0	1.0	1.0	1.0	1.0	1.0	0.6343863283272916	1.0	1.0	1.0	1.0	1.0	1.0	1.0	0.6236951983298539	1.0	0.9950641658440277	1.0	1.0	0.6236951983298539	1.0	1.0	1.0	1.0	1.0	1.0	1.0	0.9949596774193549	1.0	1.0	1.0	0.6356745831227892	1.0	0.6456086286594761	1.0	1.0	1.0	0.6356745831227892	0.6356745831227892	0.6236951983298539	0.9996493688639552	1.0	0.9996493688639552	1.0	1.0	1.0	1.0	1.0	1.0	1.0	1.0	1.0	1.0	1.0	1.0	1.0	1.0	0.0	1.0	1.0	1.0	1.0	1.0	0.9996493688639552	0.9996493688639552	1.0	0.9996414485478666	0.6356745831227892	1.0	1.0	1.0	0.9961253962662909	1.0	0.9996414485478666	1.0	1.0	1.0	0.9996414485478666	1.0	0.9996493688639552	1.0	0.9996414485478666	0.6567164179104478	1.0	1.0	1.0	1.0	1.0	1.0	1.0	1.0	0.9950641658440277	1.0	0.9961253962662909	1.0	1.0	1.0	1.0	1.0	1.0	1.0	1.0	1.0	1.0	1.0	1.0	1.0	1.0	1.0	1.0	1.0	1.0	1.0	1.0	1.0	1.0	1.0	1.0	1.0	1.0	1.0	1.0	1.0	1.0	1.0	1.0	1.0	1.0	1.0	1.0	1.0	1.0	1.0	1.0	1.0	1.0	1.0	1.0	1.0	1.0	1.0	1.0	1.0	1.0	1.0	1.0	1.0	1.0	1.0
Pseudomonas_syringae_pv_lapsa_PslA1M171_17765_NZ_JAKMVE010000009	0.8631578947368421	0.8906560636182903	0.8463128876636802	1.0	1.0	1.0	1.0	0.588069516204791	0.6089773253123554	0.853967168262654	0.3225446428571429	1.0	1.0	1.0	0.8467102996899759	1.0	0.9880863737900223	1.0	0.3102866779089376	1.0	1.0	1.0	0.9334182860783689	1.0	1.0	1.0	1.0	1.0	1.0	1.0	1.0	0.8337998600419874	1.0	0.15356265356265353	1.0	1.0	1.0	0.8592844974446338	0.8701694915254237	1.0	0.24825174825174823	0.2328042328042328	1.0	1.0	1.0	1.0	1.0	0.567206863679695	0.9906117504542702	1.0	0.8500343170899107	0.9171539961013645	0.8946847144272037	0.24825174825174823	0.15356265356265353	0.8406956521739131	0.99096657633243	1.0	0.28228571428571425	0.1880650994575045	0.31502242152466364	0.9903093551994037	0.1880650994575045	1.0	0.5457184325108854	0.31502242152466364	0.15356265356265353	1.0	0.9903093551994037	1.0	1.0	1.0	1.0	0.8826684545759302	0.9334182860783689	0.8709349593495935	0.9330985915492958	1.0	1.0	1.0	1.0	0.9171539961013645	0.8406956521739131	0.8543589743589743	0.9997012249775918	1.0	0.9848024316109423	1.0	0.0	1.0	1.0	1.0	1.0	1.0	1.0	0.8479008947006195	1.0	1.0	0.8946847144272037	0.9026548672566371	0.8623853211009174	1.0	1.0	1.0	1.0	0.8686354378818737	0.8941605839416058	1.0	0.8946847144272037	1.0	0.8686354378818737	1.0	1.0	0.9175557710960233	0.9282970550576184	0.9176356589147286	1.0	0.9171539961013645	1.0	1.0	0.9175557710960233	1.0	0.9175557710960233	1.0	0.9820521503555706	1.0	0.9943661971830986	1.0	0.9950920245398773	0.9943661971830986	0.9940784603997039	0.9943661971830986	0.996048632218845	0.9966309341500765	1.0	1.0	1.0	0.9940784603997039	0.9960159362549801	1.0	0.9940784603997039	0.9940784603997039	0.9943661971830986	1.0	0.9950920245398773	0.9966585662211421	0.9966585662211421	0.9966309341500765	0.9943661971830986	0.998483929654336	0.9961335676625659	0.9966309341500765	1.0	0.9966309341500765	0.9966309341500765	0.9950920245398773	0.9950920245398773	0.9966309341500765	0.9981570217471434	0.9943661971830986	0.9966309341500765	0.9966309341500765	0.9950920245398773	0.9943661971830986	0.9966309341500765	0.9954273654590221	0.9940784603997039	0.9940784603997039	1.0	0.9940784603997039	0.9960159362549801	0.9966585662211421	0.9950920245398773	0.9966585662211421	0.9966309341500765	0.9960159362549801	0.9959364610269671	0.9961335676625659	0.998483929654336
Pseudomonas_syringae_pv_maculicola_M4a_3822_NZ_LGLE01000004	1.0	1.0	1.0	1.0	1.0	1.0	1.0	1.0	1.0	1.0	1.0	1.0	1.0	1.0	1.0	1.0	1.0	1.0	1.0	1.0	1.0	1.0	1.0	1.0	1.0	1.0	1.0	1.0	1.0	1.0	1.0	1.0	1.0	1.0	1.0	1.0	1.0	1.0	1.0	1.0	1.0	1.0	1.0	1.0	1.0	1.0	1.0	1.0	1.0	1.0	1.0	1.0	1.0	1.0	1.0	1.0	1.0	1.0	1.0	1.0	1.0	1.0	1.0	1.0	1.0	1.0	1.0	1.0	1.0	1.0	1.0	1.0	1.0	1.0	1.0	1.0	1.0	1.0	1.0	1.0	1.0	1.0	1.0	1.0	1.0	1.0	1.0	1.0	1.0	0.0	1.0	1.0	1.0	1.0	1.0	1.0	1.0	1.0	1.0	1.0	1.0	1.0	1.0	1.0	1.0	1.0	1.0	1.0	1.0	1.0	1.0	1.0	1.0	1.0	1.0	1.0	1.0	1.0	1.0	1.0	1.0	1.0	1.0	1.0	1.0	1.0	1.0	1.0	1.0	1.0	1.0	1.0	1.0	1.0	1.0	1.0	1.0	1.0	1.0	1.0	1.0	1.0	1.0	1.0	1.0	1.0	1.0	1.0	1.0	1.0	1.0	1.0	1.0	1.0	1.0	1.0	1.0	1.0	1.0	1.0	1.0	1.0	1.0	1.0	1.0	1.0	1.0	1.0	1.0	1.0	1.0	1.0	1.0	1.0	1.0	1.0	1.0	1.0	1.0
Pseudomonas_syringae_pv_maculicola_YM7930_3817_NZ_LGLD01000029	1.0	1.0	1.0	1.0	0.9943117178612059	0.9943117178612059	1.0	1.0	1.0	1.0	1.0	0.9972857696781698	1.0	1.0	1.0	1.0	1.0	1.0	1.0	1.0	0.9965075669383003	1.0	1.0	1.0	1.0	0.9972857696781698	1.0	1.0	1.0	1.0	0.9916254282451465	1.0	1.0	1.0	1.0	1.0	1.0	1.0	1.0	0.9973504920514762	1.0	1.0	1.0	1.0	1.0	1.0	1.0	1.0	1.0	1.0	1.0	1.0	1.0	1.0	1.0	1.0	1.0	1.0	1.0	1.0	1.0	1.0	1.0	1.0	1.0	1.0	1.0	1.0	1.0	1.0	0.9939301972685888	1.0	0.9939301972685888	1.0	1.0	1.0	1.0	0.9916254282451465	1.0	1.0	1.0	1.0	1.0	1.0	1.0	1.0	1.0	1.0	1.0	1.0	0.0	0.0	1.0	0.9939301972685888	0.9943117178612059	1.0	0.9941724941724942	1.0	1.0	1.0	1.0	0.9973504920514762	1.0	0.9937815779246016	1.0	1.0	1.0	0.9937815779246016	1.0	0.9939301972685888	1.0	0.9937815779246016	1.0	1.0	1.0	1.0	1.0	1.0	1.0	1.0	1.0	1.0	1.0	1.0	1.0	0.9321834574676597	1.0	1.0	1.0	1.0	1.0	1.0	1.0	1.0	1.0	1.0	1.0	1.0	1.0	1.0	1.0	1.0	1.0	1.0	1.0	1.0	1.0	1.0	1.0	1.0	1.0	1.0	1.0	1.0	1.0	1.0	1.0	1.0	1.0	1.0	1.0	1.0	1.0	1.0	1.0	1.0	1.0	1.0	1.0	1.0	1.0	1.0	1.0	1.0	1.0	1.0	1.0	1.0	1.0
Pseudomonas_syringae_pv_maculicola_str_ES4326_12204_NZ_CP047260	1.0	1.0	1.0	1.0	0.9943117178612059	0.9943117178612059	1.0	1.0	1.0	1.0	1.0	0.9972857696781698	1.0	1.0	1.0	1.0	1.0	1.0	1.0	1.0	0.9965075669383003	1.0	1.0	1.0	1.0	0.9972857696781698	1.0	1.0	1.0	1.0	0.9916254282451465	1.0	1.0	1.0	1.0	1.0	1.0	1.0	1.0	0.9973504920514762	1.0	1.0	1.0	1.0	1.0	1.0	1.0	1.0	1.0	1.0	1.0	1.0	1.0	1.0	1.0	1.0	1.0	1.0	1.0	1.0	1.0	1.0	1.0	1.0	1.0	1.0	1.0	1.0	1.0	1.0	0.9939301972685888	1.0	0.9939301972685888	1.0	1.0	1.0	1.0	0.9916254282451465	1.0	1.0	1.0	1.0	1.0	1.0	1.0	1.0	1.0	1.0	1.0	1.0	0.0	0.0	1.0	0.9939301972685888	0.9943117178612059	1.0	0.9941724941724942	1.0	1.0	1.0	1.0	0.9973504920514762	1.0	0.9937815779246016	1.0	1.0	1.0	0.9937815779246016	1.0	0.9939301972685888	1.0	0.9937815779246016	1.0	1.0	1.0	1.0	1.0	1.0	1.0	1.0	1.0	1.0	1.0	1.0	1.0	0.9321834574676597	1.0	1.0	1.0	1.0	1.0	1.0	1.0	1.0	1.0	1.0	1.0	1.0	1.0	1.0	1.0	1.0	1.0	1.0	1.0	1.0	1.0	1.0	1.0	1.0	1.0	1.0	1.0	1.0	1.0	1.0	1.0	1.0	1.0	1.0	1.0	1.0	1.0	1.0	1.0	1.0	1.0	1.0	1.0	1.0	1.0	1.0	1.0	1.0	1.0	1.0	1.0	1.0	1.0
Pseudomonas_syringae_pv_papulans_PSP1_20741_NZ_JAFFRZ010000001	1.0	1.0	1.0	1.0	0.9854628921193573	0.9854628921193573	0.6634712411705348	1.0	1.0	1.0	1.0	0.9251870324189526	0.41472172351885095	0.93711467324291	1.0	1.0	1.0	1.0	1.0	1.0	0.9992260061919505	0.9387019230769231	1.0	1.0	1.0	0.9251870324189526	0.9387019230769231	0.9387019230769231	0.93711467324291	0.93711467324291	0.7792626728110599	1.0	0.9352893890675241	1.0	0.93711467324291	0.9387019230769231	1.0	1.0	1.0	0.9270959902794653	1.0	1.0	0.41472172351885095	1.0	1.0	0.93711467324291	1.0	1.0	1.0	1.0	1.0	1.0	1.0	1.0	1.0	1.0	1.0	1.0	1.0	1.0	1.0	1.0	1.0	1.0	1.0	1.0	1.0	1.0	1.0	1.0	0.9854628921193573	0.41472172351885095	0.9862385321100917	1.0	1.0	1.0	1.0	0.7792626728110599	1.0	1.0	1.0	1.0	1.0	1.0	1.0	0.41472172351885095	1.0	1.0	1.0	1.0	1.0	1.0	0.0	0.9854628921193573	0.9854628921193573	1.0	0.9851038808310466	1.0	1.0	1.0	1.0	0.9550295857988166	0.9387019230769231	0.9851038808310466	0.9387019230769231	1.0	1.0	0.9851038808310466	1.0	0.9854628921193573	1.0	0.9858989424206815	1.0	1.0	1.0	1.0	0.41472172351885095	1.0	0.41472172351885095	0.41472172351885095	1.0	1.0	1.0	0.6634712411705348	1.0	0.995575221238938	1.0	1.0	1.0	1.0	1.0	1.0	1.0	1.0	1.0	1.0	1.0	1.0	1.0	1.0	1.0	1.0	1.0	1.0	1.0	1.0	1.0	1.0	1.0	1.0	1.0	1.0	1.0	1.0	1.0	1.0	1.0	1.0	1.0	1.0	1.0	1.0	1.0	1.0	1.0	1.0	1.0	1.0	1.0	1.0	1.0	1.0	1.0	1.0	1.0	1.0	1.0	1.0	1.0
Pseudomonas_syringae_pv_syringae_2339_3881_NZ_LIHU01000021	1.0	1.0	1.0	0.9641589779985805	0.1635135135135135	0.1635135135135135	0.9585730724971231	1.0	1.0	1.0	1.0	0.8991282689912827	0.9793233082706767	0.9068425391591096	1.0	1.0	1.0	0.9500629458665548	1.0	0.9834524257239564	0.9648711943793911	0.9030303030303031	1.0	0.9641589779985805	0.9542292200659099	0.8991282689912827	0.8827160493827161	0.8827160493827161	0.8931552587646077	0.8931552587646077	0.9625525410775697	1.0	0.8958926392842619	1.0	0.9068425391591096	0.8827160493827161	0.9500629458665548	1.0	1.0	0.8954434499593165	1.0	1.0	0.9793233082706767	1.0	0.9600997506234414	0.9068425391591096	0.9641589779985805	1.0	1.0	0.9416243654822335	1.0	1.0	1.0	1.0	1.0	1.0	1.0	0.9685807150595883	1.0	1.0	1.0	0.9611178614823815	1.0	0.9600997506234414	1.0	1.0	1.0	0.955193482688391	0.9611178614823815	0.9600997506234414	0.0	0.9793233082706767	0.1672285906945381	1.0	1.0	1.0	1.0	0.9625525410775697	1.0	1.0	1.0	1.0	1.0	1.0	1.0	0.9793233082706767	1.0	0.9996493688639552	1.0	1.0	0.9939301972685888	0.9939301972685888	0.9854628921193573	0.0	0.20119126406353405	1.0	0.20608108108108103	0.955193482688391	1.0	1.0	1.0	0.8958926392842619	0.8827160493827161	0.04635761589403975	0.9030303030303031	1.0	1.0	0.04635761589403975	1.0	0.08726249120337792	1.0	0.131597466572836	0.955193482688391	1.0	1.0	1.0	0.9793233082706767	1.0	0.9793233082706767	0.9793233082706767	1.0	0.9861062869051754	1.0	0.9585730724971231	1.0	0.9935064935064936	1.0	1.0	1.0	1.0	1.0	1.0	1.0	1.0	1.0	1.0	1.0	1.0	1.0	1.0	1.0	1.0	1.0	1.0	1.0	1.0	1.0	1.0	1.0	1.0	1.0	1.0	1.0	1.0	1.0	1.0	1.0	1.0	1.0	1.0	1.0	1.0	1.0	1.0	1.0	1.0	1.0	1.0	1.0	1.0	1.0	1.0	1.0	1.0	1.0	1.0	1.0	1.0	1.0
Pseudomonas_syringae_pv_syringae_2340_3879_NZ_LIHT01000078	1.0	1.0	1.0	0.9641589779985805	0.04460431654676256	0.04460431654676256	0.9585730724971231	1.0	1.0	1.0	1.0	0.9045848822800495	0.9793233082706767	0.9108829568788501	1.0	1.0	1.0	0.9553235908141963	1.0	0.9834524257239564	0.9732868757259001	0.9070048309178744	1.0	0.9641589779985805	0.958804228946409	0.9045848822800495	0.8868388683886839	0.8868388683886839	0.8972972972972972	0.8972972972972972	0.9708112206216831	1.0	0.8999189627228525	1.0	0.9108829568788501	0.8868388683886839	0.9553235908141963	1.0	1.0	0.9008097165991903	1.0	1.0	0.9793233082706767	1.0	0.9600997506234414	0.9108829568788501	0.9641589779985805	1.0	1.0	0.9416243654822335	1.0	1.0	1.0	1.0	1.0	1.0	1.0	0.9685807150595883	1.0	1.0	1.0	0.9611178614823815	1.0	0.9600997506234414	1.0	1.0	1.0	0.955193482688391	0.9611178614823815	0.9600997506234414	0.20119126406353405	0.9793233082706767	0.1672285906945381	1.0	1.0	1.0	1.0	0.9708112206216831	1.0	1.0	1.0	1.0	1.0	1.0	1.0	0.9793233082706767	1.0	0.9996493688639552	1.0	1.0	0.9943117178612059	0.9943117178612059	0.9854628921193573	0.20119126406353405	0.0	1.0	0.08992805755395683	0.955193482688391	1.0	1.0	1.0	0.9012545528126265	0.8868388683886839	0.24288550628722705	0.9070048309178744	1.0	1.0	0.24288550628722705	1.0	0.20119126406353405	1.0	0.18026045236463328	0.955193482688391	1.0	1.0	1.0	0.9793233082706767	1.0	0.9793233082706767	0.9793233082706767	1.0	0.9861062869051754	1.0	0.9585730724971231	1.0	0.9949567723342939	1.0	1.0	1.0	1.0	1.0	1.0	1.0	1.0	1.0	1.0	1.0	1.0	1.0	1.0	1.0	1.0	1.0	1.0	1.0	1.0	1.0	1.0	1.0	1.0	1.0	1.0	1.0	1.0	1.0	1.0	1.0	1.0	1.0	1.0	1.0	1.0	1.0	1.0	1.0	1.0	1.0	1.0	1.0	1.0	1.0	1.0	1.0	1.0	1.0	1.0	1.0	1.0	1.0
Pseudomonas_syringae_pv_syringae_41a_3079_NZ_JYHJ01000011	0.35927078701645176	0.5867483722711605	0.5535084280674245	1.0	1.0	1.0	1.0	0.8207115181401903	0.8338557993730408	0.8430451127819549	0.8538171858952414	1.0	1.0	1.0	0.4508816120906801	1.0	0.9894319682959049	1.0	0.8666215301286391	1.0	1.0	1.0	0.9124668435013262	1.0	1.0	1.0	1.0	1.0	1.0	1.0	1.0	0.8472396486825596	1.0	0.884	1.0	1.0	1.0	0.5078851597250303	0.8678373382624769	1.0	0.851063829787234	0.9094462540716612	1.0	0.9967400162999185	1.0	1.0	1.0	0.8463128876636802	0.9595130237825594	1.0	0.8167254085229093	0.9335461404526988	0.7280248190279215	0.851063829787234	0.884	0.825503355704698	0.9918099918099919	1.0	0.7865168539325843	0.8723475917817447	0.8592844974446338	0.9993440472285995	0.884	1.0	0.8338557993730408	0.8592844974446338	0.884	1.0	0.9993440472285995	1.0	1.0	1.0	1.0	0.894404332129964	0.9124668435013262	0.8877118644067796	0.9439655172413793	1.0	0.9967400162999185	0.9967400162999185	0.9967400162999185	0.9335461404526988	0.825503355704698	0.8509645301804605	0.9997289238275956	1.0	0.9802010356381359	1.0	0.8479008947006195	1.0	1.0	1.0	1.0	1.0	1.0	0.0	1.0	1.0	0.7142857142857143	0.784985182746131	0.4839769926047658	1.0	1.0	1.0	1.0	0.8428841309823678	0.89937106918239	1.0	0.7142857142857143	1.0	0.8428841309823678	1.0	1.0	0.8828337874659401	0.8888888888888888	0.9201754385964912	1.0	0.9360162130862768	1.0	1.0	0.8828337874659401	1.0	0.8518979464841319	1.0	0.9802010356381359	1.0	0.9965484781926577	1.0	0.9969503742722484	0.9965484781926577	0.9963922597572975	0.9965484781926577	0.9969730324711062	0.9969503742722484	1.0	1.0	1.0	0.9963922597572975	0.9969503742722484	1.0	0.9963922597572975	0.9963922597572975	0.9965484781926577	1.0	0.9969503742722484	0.9969730324711062	0.9969730324711062	0.9969503742722484	0.9965484781926577	1.0	0.9965484781926577	0.9969503742722484	1.0	0.9969503742722484	0.9969503742722484	0.9969503742722484	0.9969503742722484	0.9969503742722484	1.0	0.9965484781926577	0.9969503742722484	0.9969503742722484	0.9969503742722484	0.9965484781926577	0.9969503742722484	0.9965484781926577	0.9963922597572975	0.9963922597572975	1.0	0.9963922597572975	0.9969503742722484	0.9969730324711062	0.9969503742722484	0.9969730324711062	0.9969503742722484	0.9969503742722484	0.9963922597572975	0.9965484781926577	1.0
Pseudomonas_syringae_pv_syringae_529_11454_NZ_QPBJ01000022	1.0	1.0	1.0	0.9685807150595883	0.04635761589403975	0.04635761589403975	0.9575471698113207	1.0	1.0	1.0	1.0	0.9020356234096693	0.9788217173661917	0.9085160202360877	1.0	1.0	1.0	0.9541166380789022	1.0	0.9830508474576272	0.9726190476190476	0.9108829568788501	1.0	0.9685807150595883	0.9578358208955224	0.9020356234096693	0.8972972972972972	0.8972972972972972	0.894534585824082	0.894534585824082	0.9700970873786408	1.0	0.8972972972972972	1.0	0.9085160202360877	0.8972972972972972	0.9541166380789022	1.0	1.0	0.9045848822800495	1.0	1.0	0.9788217173661917	1.0	0.9590268886043534	0.9085160202360877	0.9685807150595883	1.0	1.0	0.940026075619296	1.0	1.0	1.0	1.0	1.0	1.0	1.0	0.967849223946785	1.0	1.0	1.0	0.9600997506234414	1.0	0.9590268886043534	1.0	1.0	1.0	0.9600997506234414	0.9600997506234414	0.9590268886043534	0.20608108108108103	0.9788217173661917	0.24636723910171732	1.0	1.0	1.0	1.0	0.9700970873786408	1.0	1.0	1.0	1.0	1.0	1.0	1.0	0.9788217173661917	1.0	0.9996414485478666	1.0	1.0	0.9941724941724942	0.9941724941724942	0.9851038808310466	0.20608108108108103	0.08992805755395683	1.0	0.0	0.9600997506234414	1.0	1.0	1.0	0.9090909090909091	0.8972972972972972	0.1707833450952717	0.9108829568788501	1.0	1.0	0.1707833450952717	1.0	0.20608108108108103	1.0	0.10109890109890107	0.9600997506234414	1.0	1.0	1.0	0.9788217173661917	1.0	0.9788217173661917	0.9788217173661917	1.0	0.9857954545454546	1.0	0.9575471698113207	1.0	0.9948396608920015	1.0	1.0	1.0	1.0	1.0	1.0	1.0	1.0	1.0	1.0	1.0	1.0	1.0	1.0	1.0	1.0	1.0	1.0	1.0	1.0	1.0	1.0	1.0	1.0	1.0	1.0	1.0	1.0	1.0	1.0	1.0	1.0	1.0	1.0	1.0	1.0	1.0	1.0	1.0	1.0	1.0	1.0	1.0	1.0	1.0	1.0	1.0	1.0	1.0	1.0	1.0	1.0	1.0
Pseudomonas_syringae_pv_syringae_Alf3_2478_NZ_KL995102	1.0	1.0	1.0	0.9502846299810247	0.955193482688391	0.955193482688391	0.9792828685258964	1.0	1.0	1.0	1.0	0.9025032938076416	0.9909413154785348	0.9522012578616352	1.0	1.0	1.0	0.3149210903873745	1.0	0.9824421388667198	1.0	0.9257861635220126	1.0	0.9502846299810247	0.9647644580620451	0.9025032938076416	0.9421965317919075	0.9421965317919075	0.9548306148055207	0.9548306148055207	0.9909413154785348	1.0	0.9521472392638037	1.0	0.9522012578616352	0.9421965317919075	0.3515789473684211	1.0	1.0	0.8748353096179183	1.0	1.0	0.9909413154785348	1.0	0.052238805970149294	0.9522012578616352	0.9502846299810247	1.0	1.0	0.20137825421133226	1.0	1.0	1.0	1.0	1.0	1.0	1.0	0.9741935483870968	1.0	1.0	1.0	0.06730769230769229	1.0	0.101050929668553	1.0	1.0	1.0	0.0	0.06730769230769229	0.052238805970149294	0.955193482688391	0.9909413154785348	0.955193482688391	1.0	1.0	1.0	1.0	0.9909413154785348	1.0	1.0	1.0	1.0	1.0	1.0	1.0	0.9909413154785348	1.0	0.6356745831227892	1.0	1.0	1.0	1.0	1.0	0.955193482688391	0.955193482688391	1.0	0.9600997506234414	0.0	1.0	1.0	1.0	0.9226240538267452	0.9421965317919075	0.9600997506234414	0.9257861635220126	1.0	1.0	0.9600997506234414	1.0	0.955193482688391	1.0	0.9600997506234414	0.05012126111560222	1.0	1.0	1.0	0.9909413154785348	1.0	0.9909413154785348	0.9909413154785348	1.0	0.977449168207024	1.0	0.9792828685258964	1.0	1.0	1.0	1.0	1.0	1.0	1.0	1.0	1.0	1.0	1.0	1.0	1.0	1.0	1.0	1.0	1.0	1.0	1.0	1.0	1.0	1.0	1.0	1.0	1.0	1.0	1.0	1.0	1.0	1.0	1.0	1.0	1.0	1.0	1.0	1.0	1.0	1.0	1.0	1.0	1.0	1.0	1.0	1.0	1.0	1.0	1.0	1.0	1.0	1.0	1.0	1.0	1.0	1.0	1.0
Pseudomonas_syringae_pv_syringae_B301D_3084_NZ_CP005969	0.6877667140825036	0.7249481686247408	0.7478791991856124	1.0	1.0	1.0	1.0	0.9238187078109933	0.9227799227799228	0.8584234930448222	0.8994082840236687	1.0	1.0	1.0	0.7106918238993711	1.0	0.9967213114754099	1.0	0.9158031088082902	1.0	1.0	1.0	0.884859474161378	1.0	1.0	1.0	1.0	1.0	1.0	1.0	1.0	0.8685344827586207	1.0	0.9076672104404567	1.0	1.0	1.0	0.6891651865008881	0.8937387116195064	1.0	0.912987012987013	0.9310344827586207	1.0	0.9972848221558512	1.0	1.0	1.0	0.9196515004840271	0.9679865206402696	1.0	0.8692590324556032	0.9263803680981595	0.09597523219814241	0.912987012987013	0.9076672104404567	0.8788895668090299	0.9901558654634947	1.0	0.9083795239647865	0.9126339720688535	0.9186046511627907	0.9983585029546946	0.9076672104404567	1.0	0.91015625	0.9186046511627907	0.9076672104404567	1.0	0.9983585029546946	1.0	1.0	1.0	1.0	0.7082601054481547	0.884859474161378	0.791913214990138	0.930442374854482	1.0	0.9972848221558512	0.9972848221558512	0.9934587080948487	0.9263803680981595	0.8788895668090299	0.8459375	0.9991863303498779	1.0	0.9839150227617602	1.0	0.8946847144272037	1.0	1.0	1.0	1.0	1.0	1.0	0.7142857142857143	1.0	1.0	0.0	0.6659436008676789	0.7491525423728813	1.0	1.0	1.0	1.0	0.8977204559088182	0.6940298507462687	1.0	0.0	1.0	0.8977204559088182	1.0	1.0	0.8450704225352113	0.848314606741573	0.9273889050246877	1.0	0.9178445229681979	1.0	1.0	0.8450704225352113	1.0	0.7980456026058632	1.0	0.9839150227617602	1.0	1.0	1.0	1.0	1.0	1.0	1.0	1.0	1.0	1.0	1.0	1.0	1.0	1.0	1.0	1.0	1.0	1.0	1.0	1.0	1.0	1.0	1.0	1.0	1.0	1.0	1.0	1.0	1.0	1.0	1.0	1.0	1.0	1.0	1.0	1.0	1.0	1.0	1.0	1.0	1.0	1.0	1.0	1.0	1.0	1.0	1.0	1.0	1.0	1.0	1.0	1.0	1.0	1.0
Pseudomonas_syringae_pv_syringae_B48_20739_NZ_CP125300	0.7801652892561983	0.8214627914404343	0.8054386532858531	1.0	1.0	1.0	1.0	0.9126339720688535	0.9317166560306318	0.8640418332820671	0.9073107049608355	1.0	1.0	1.0	0.8173076923076923	1.0	0.9967213114754099	1.0	0.9327382849856551	1.0	1.0	1.0	0.8069835111542192	1.0	1.0	1.0	1.0	1.0	1.0	1.0	1.0	0.9140070921985816	1.0	0.9354531001589825	1.0	1.0	1.0	0.7956919060052219	0.9178445229681979	1.0	0.9069539666993144	0.9418457648546144	1.0	1.0	1.0	1.0	1.0	0.9179056237879767	0.9785992217898832	1.0	0.8608883405305368	0.9282589676290464	0.6769451416278236	0.9069539666993144	0.9354531001589825	0.8792314730100641	0.9918099918099919	1.0	0.8968698517298188	0.9364675984752223	0.926923076923077	0.9983585029546946	0.9354531001589825	1.0	0.9083795239647865	0.926923076923077	0.9354531001589825	1.0	0.9983585029546946	1.0	1.0	1.0	1.0	0.8247521586184842	0.8069835111542192	0.8685344827586207	0.9357080799304952	1.0	1.0	1.0	0.9986442516268981	0.9282589676290464	0.8792314730100641	0.8495327102803738	0.9991863303498779	1.0	0.9854545454545455	1.0	0.9026548672566371	1.0	1.0	1.0	1.0	1.0	1.0	0.784985182746131	1.0	1.0	0.6659436008676789	0.0	0.8042773817239144	1.0	1.0	1.0	1.0	0.9013452914798207	0.8277511961722488	1.0	0.6659436008676789	1.0	0.9013452914798207	1.0	1.0	0.5824049174029966	0.5872894333843798	0.8953036195034401	1.0	0.9194354601587769	1.0	1.0	0.5824049174029966	1.0	0.5483870967741935	1.0	0.9854545454545455	1.0	0.9956030150753769	1.0	0.9961154273029966	0.9956030150753769	0.9954038082731451	0.9956030150753769	0.9961443128614706	0.9961154273029966	1.0	1.0	1.0	0.9954038082731451	0.9961154273029966	1.0	0.9954038082731451	0.9954038082731451	0.9956030150753769	1.0	0.9961154273029966	0.9961443128614706	0.9961443128614706	0.9961154273029966	0.9956030150753769	1.0	0.9956030150753769	0.9961154273029966	1.0	0.9961154273029966	0.9961154273029966	0.9961154273029966	0.9961154273029966	0.9961154273029966	1.0	0.9956030150753769	0.9961154273029966	0.9961154273029966	0.9961154273029966	0.9956030150753769	0.9961154273029966	0.9956030150753769	0.9954038082731451	0.9954038082731451	1.0	0.9954038082731451	0.9961154273029966	0.9961443128614706	0.9961154273029966	0.9961443128614706	0.9961154273029966	0.9961154273029966	0.9954038082731451	0.9956030150753769	1.0
Pseudomonas_syringae_pv_syringae_B64_281_NZ_CM001763	0.4901800327332242	0.5292945396572339	0.1306990881458967	1.0	1.0	1.0	1.0	0.8358831710709318	0.8646998982706002	0.8555934304307407	0.8681541582150101	1.0	1.0	1.0	0.6022727272727273	1.0	0.9894319682959049	1.0	0.8928571428571429	1.0	1.0	1.0	0.9066666666666666	1.0	1.0	1.0	1.0	1.0	1.0	1.0	1.0	0.8751147842056933	1.0	0.8899204244031831	1.0	1.0	1.0	0.6423841059602649	0.873735825927061	1.0	0.8654693324296848	0.8928571428571429	1.0	0.9967400162999185	1.0	1.0	1.0	0.8289611752360966	0.9791666666666666	1.0	0.8298479087452472	0.931064572425829	0.7397540983606558	0.8654693324296848	0.8899204244031831	0.838495575221239	0.9918099918099919	1.0	0.8411214953271028	0.878391959798995	0.873485868102288	0.9993440472285995	0.8899204244031831	1.0	0.8161244695898161	0.873485868102288	0.8899204244031831	1.0	0.9993440472285995	1.0	1.0	1.0	1.0	0.8937387116195064	0.9066666666666666	0.8681860178626424	0.9406168924762179	1.0	0.9967400162999185	0.9967400162999185	0.9967400162999185	0.931064572425829	0.838495575221239	0.8636923076923078	0.9997289238275956	1.0	0.9857618903362617	1.0	0.8623853211009174	1.0	1.0	1.0	1.0	1.0	1.0	0.4839769926047658	1.0	1.0	0.7491525423728813	0.8042773817239144	0.0	1.0	1.0	1.0	1.0	0.8533541341653667	0.8987114174408151	1.0	0.7491525423728813	1.0	0.8533541341653667	1.0	1.0	0.8767123287671232	0.8835098335854765	0.9176436107854631	1.0	0.9335461404526988	1.0	1.0	0.8767123287671232	1.0	0.8597033374536465	1.0	0.9857618903362617	1.0	0.9965484781926577	1.0	0.9969503742722484	0.9965484781926577	0.9963922597572975	0.9965484781926577	0.9969730324711062	0.9969503742722484	1.0	1.0	1.0	0.9963922597572975	0.9969503742722484	1.0	0.9963922597572975	0.9963922597572975	0.9965484781926577	1.0	0.9969503742722484	0.9969730324711062	0.9969730324711062	0.9969503742722484	0.9965484781926577	1.0	0.9965484781926577	0.9969503742722484	1.0	0.9969503742722484	0.9969503742722484	0.9969503742722484	0.9969503742722484	0.9969503742722484	1.0	0.9965484781926577	0.9969503742722484	0.9969503742722484	0.9969503742722484	0.9965484781926577	0.9969503742722484	0.9965484781926577	0.9963922597572975	0.9963922597572975	1.0	0.9963922597572975	0.9969503742722484	0.9969730324711062	0.9969503742722484	0.9969730324711062	0.9969503742722484	0.9969503742722484	0.9963922597572975	0.9965484781926577	1.0
Pseudomonas_syringae_pv_syringae_B728a_112_NC_007005	1.0	1.0	1.0	0.9446254071661238	0.9012545528126265	0.9012545528126265	0.8624161073825504	1.0	1.0	1.0	1.0	0.7627276973376926	0.9177972865123704	0.893021312160468	1.0	1.0	1.0	0.9469026548672567	1.0	0.9639293937068304	0.9916254282451465	0.8784119106699751	1.0	0.9446254071661238	0.9518736223365173	0.7627276973376926	0.8811881188118812	0.8811881188118812	0.8888422818791947	0.8888422818791947	0.9553158705701079	1.0	0.8880688806888068	1.0	0.893021312160468	0.8811881188118812	0.9469026548672567	1.0	1.0	0.7479224376731302	1.0	1.0	0.9177972865123704	1.0	0.9379515512112198	0.893021312160468	0.9446254071661238	1.0	1.0	0.9486748001682793	1.0	1.0	1.0	1.0	1.0	1.0	1.0	0.9579985390796202	1.0	1.0	1.0	0.939569536423841	1.0	0.9379515512112198	1.0	1.0	1.0	0.9226240538267452	0.939569536423841	0.9379515512112198	0.8958926392842619	0.9177972865123704	0.9030303030303031	1.0	1.0	1.0	1.0	0.9553158705701079	1.0	1.0	1.0	1.0	1.0	1.0	1.0	0.9177972865123704	1.0	0.9961253962662909	1.0	1.0	0.9973504920514762	0.9973504920514762	0.9550295857988166	0.8958926392842619	0.9012545528126265	1.0	0.9090909090909091	0.9226240538267452	1.0	1.0	1.0	0.0	0.8811881188118812	0.9036792062835882	0.8784119106699751	1.0	1.0	0.9036792062835882	1.0	0.9012545528126265	1.0	0.9090909090909091	0.9226240538267452	1.0	1.0	1.0	0.9177972865123704	1.0	0.9177972865123704	0.9177972865123704	1.0	0.9659574468085106	1.0	0.8690575479566305	1.0	0.9967602591792657	1.0	1.0	1.0	1.0	1.0	1.0	1.0	1.0	1.0	1.0	1.0	1.0	1.0	1.0	1.0	1.0	1.0	1.0	1.0	1.0	1.0	1.0	1.0	1.0	1.0	1.0	1.0	1.0	1.0	1.0	1.0	1.0	1.0	1.0	1.0	1.0	1.0	1.0	1.0	1.0	1.0	1.0	1.0	1.0	1.0	1.0	1.0	1.0	1.0	1.0	1.0	1.0	1.0
Pseudomonas_syringae_pv_syringae_EC33_20735_NZ_JAGSOX010000017	1.0	1.0	1.0	0.958943234559086	0.8868388683886839	0.8868388683886839	0.9042424242424243	1.0	1.0	1.0	1.0	0.5126333520494104	0.925940594059406	0.21013513513513515	1.0	1.0	1.0	0.9451245251160827	1.0	0.981516408902301	0.9984877126654065	0.20516214427531432	1.0	0.958943234559086	0.9495581737849779	0.5126333520494104	0.044700793078586876	0.044700793078586876	0.0901225666906994	0.0901225666906994	0.9754438987533056	1.0	0.1061452513966481	1.0	0.21013513513513515	0.044700793078586876	0.9451245251160827	1.0	1.0	0.5033112582781457	1.0	1.0	0.925940594059406	1.0	0.9548306148055207	0.21013513513513515	0.958943234559086	1.0	1.0	0.9393039049235993	1.0	1.0	1.0	1.0	1.0	1.0	1.0	0.9700361010830325	1.0	1.0	1.0	0.9521472392638037	1.0	0.9548306148055207	1.0	1.0	1.0	0.9421965317919075	0.9521472392638037	0.9548306148055207	0.8827160493827161	0.925940594059406	0.8827160493827161	1.0	1.0	1.0	1.0	0.9754438987533056	1.0	1.0	1.0	1.0	1.0	1.0	1.0	0.925940594059406	1.0	1.0	1.0	1.0	1.0	1.0	0.9387019230769231	0.8827160493827161	0.8868388683886839	1.0	0.8972972972972972	0.9421965317919075	1.0	1.0	1.0	0.8811881188118812	0.0	0.8931552587646077	0.20516214427531432	1.0	1.0	0.8931552587646077	1.0	0.8882063882063882	1.0	0.8986710963455149	0.9421965317919075	1.0	1.0	1.0	0.925940594059406	1.0	0.925940594059406	0.925940594059406	1.0	0.9793489674483724	1.0	0.9042424242424243	1.0	0.9992818671454219	1.0	1.0	1.0	1.0	1.0	1.0	1.0	1.0	1.0	1.0	1.0	1.0	1.0	1.0	1.0	1.0	1.0	1.0	1.0	1.0	1.0	1.0	1.0	1.0	1.0	1.0	1.0	1.0	1.0	1.0	1.0	1.0	1.0	1.0	1.0	1.0	1.0	1.0	1.0	1.0	1.0	1.0	1.0	1.0	1.0	1.0	1.0	1.0	1.0	1.0	1.0	1.0	1.0
Pseudomonas_syringae_pv_syringae_HO7_20736_NZ_JARNIY010000011	1.0	1.0	1.0	0.9685807150595883	0.20608108108108103	0.20608108108108103	0.9575471698113207	1.0	1.0	1.0	1.0	0.8964194373401535	0.9788217173661917	0.9043588658484977	1.0	1.0	1.0	0.9487068965517241	1.0	0.9830508474576272	0.963985594237695	0.9068425391591096	1.0	0.9685807150595883	0.9531484257871065	0.8964194373401535	0.8931552587646077	0.8931552587646077	0.8902700385769395	0.8902700385769395	0.961628817541112	1.0	0.8931552587646077	1.0	0.9043588658484977	0.8931552587646077	0.9487068965517241	1.0	1.0	0.8991282689912827	1.0	1.0	0.9788217173661917	1.0	0.9590268886043534	0.9043588658484977	0.9685807150595883	1.0	1.0	0.940026075619296	1.0	1.0	1.0	1.0	1.0	1.0	1.0	0.967849223946785	1.0	1.0	1.0	0.9600997506234414	1.0	0.9590268886043534	1.0	1.0	1.0	0.9600997506234414	0.9600997506234414	0.9590268886043534	0.04635761589403975	0.9788217173661917	0.20971004720161834	1.0	1.0	1.0	1.0	0.961628817541112	1.0	1.0	1.0	1.0	1.0	1.0	1.0	0.9788217173661917	1.0	0.9996414485478666	1.0	1.0	0.9937815779246016	0.9937815779246016	0.9851038808310466	0.04635761589403975	0.24288550628722705	1.0	0.1707833450952717	0.9600997506234414	1.0	1.0	1.0	0.9036792062835882	0.8931552587646077	0.0	0.9068425391591096	1.0	1.0	0.0	1.0	0.131597466572836	1.0	0.09131075110456555	0.9600997506234414	1.0	1.0	1.0	0.9788217173661917	1.0	0.9788217173661917	0.9788217173661917	1.0	0.9857954545454546	1.0	0.9575471698113207	1.0	0.9933554817275747	1.0	1.0	1.0	1.0	1.0	1.0	1.0	1.0	1.0	1.0	1.0	1.0	1.0	1.0	1.0	1.0	1.0	1.0	1.0	1.0	1.0	1.0	1.0	1.0	1.0	1.0	1.0	1.0	1.0	1.0	1.0	1.0	1.0	1.0	1.0	1.0	1.0	1.0	1.0	1.0	1.0	1.0	1.0	1.0	1.0	1.0	1.0	1.0	1.0	1.0	1.0	1.0	1.0
Pseudomonas_syringae_pv_syringae_HS191_3083_NZ_CP006256	1.0	1.0	1.0	0.9525862068965517	0.9070048309178744	0.9070048309178744	0.9055690072639225	1.0	1.0	1.0	1.0	0.5008488964346349	0.9272151898734178	0.04646017699115046	1.0	1.0	1.0	0.9020210896309314	1.0	0.981516408902301	0.9984877126654065	0.0	1.0	0.9525862068965517	0.9576178297405918	0.5008488964346349	0.24124513618677046	0.24124513618677046	0.24685638649900732	0.24685638649900732	0.9766037735849057	1.0	0.27040816326530615	1.0	0.04646017699115046	0.24124513618677046	0.9020210896309314	1.0	1.0	0.465195246179966	1.0	1.0	0.9272151898734178	1.0	0.9522012578616352	0.04646017699115046	0.9525862068965517	1.0	1.0	0.9469026548672567	1.0	1.0	1.0	1.0	1.0	1.0	1.0	0.9752155172413793	1.0	1.0	1.0	0.9443757725587144	1.0	0.9522012578616352	1.0	1.0	1.0	0.9257861635220126	0.9443757725587144	0.9522012578616352	0.9030303030303031	0.9272151898734178	0.9030303030303031	1.0	1.0	1.0	1.0	0.9766037735849057	1.0	1.0	1.0	1.0	1.0	1.0	1.0	0.9272151898734178	1.0	1.0	1.0	1.0	1.0	1.0	0.9387019230769231	0.9030303030303031	0.9070048309178744	1.0	0.9108829568788501	0.9257861635220126	1.0	1.0	1.0	0.8784119106699751	0.20516214427531432	0.9068425391591096	0.0	1.0	1.0	0.9068425391591096	1.0	0.9083232810615199	1.0	0.9122231337161608	0.9257861635220126	1.0	1.0	1.0	0.9272151898734178	1.0	0.9272151898734178	0.9272151898734178	1.0	0.9804195804195804	1.0	0.9055690072639225	1.0	0.9992818671454219	1.0	1.0	1.0	1.0	1.0	1.0	1.0	1.0	1.0	1.0	1.0	1.0	1.0	1.0	1.0	1.0	1.0	1.0	1.0	1.0	1.0	1.0	1.0	1.0	1.0	1.0	1.0	1.0	1.0	1.0	1.0	1.0	1.0	1.0	1.0	1.0	1.0	1.0	1.0	1.0	1.0	1.0	1.0	1.0	1.0	1.0	1.0	1.0	1.0	1.0	1.0	1.0	1.0
Pseudomonas_syringae_pv_syringae_Pss9644_17750_NZ_CP066263	0.8660907127429806	0.900359066427289	0.8636363636363636	1.0	1.0	1.0	1.0	0.890479360852197	0.8878878878878879	0.7984318850049004	0.8674821610601426	1.0	1.0	1.0	0.8997005988023952	1.0	0.989379356123465	1.0	0.8701694915254237	1.0	1.0	1.0	0.9418370285056148	1.0	1.0	1.0	1.0	1.0	1.0	1.0	1.0	0.6286998875983514	1.0	0.8822937625754528	1.0	1.0	1.0	0.8860260685056077	0.6617915904936015	1.0	0.8811681772406847	0.9010880316518298	1.0	0.999455930359086	1.0	1.0	1.0	0.8755060728744939	0.9767961979312273	1.0	0.8481052301910429	0.8779889638258737	0.8903985507246377	0.8811681772406847	0.8822937625754528	0.6322869955156951	0.9917763157894737	1.0	0.8632332878581173	0.8937935612346498	0.8709349593495935	0.9973579920739762	0.8822937625754528	1.0	0.8636208660075009	0.8709349593495935	0.8822937625754528	1.0	0.9973579920739762	1.0	1.0	1.0	1.0	0.7180385288966725	0.9418370285056148	0.7478617858364693	0.8284250960307298	1.0	0.999455930359086	0.999455930359086	0.9983660130718954	0.8779889638258737	0.6322869955156951	0.7976462896371364	0.9997278170930866	1.0	0.9853881278538813	1.0	0.8686354378818737	1.0	1.0	1.0	1.0	1.0	1.0	0.8428841309823678	1.0	1.0	0.8977204559088182	0.9013452914798207	0.8533541341653667	1.0	1.0	1.0	1.0	0.0	0.8276745675848814	1.0	0.8977204559088182	1.0	0.0	1.0	1.0	0.9375542064180399	0.937246963562753	0.8696988322065151	1.0	0.8790199081163859	1.0	1.0	0.9375542064180399	1.0	0.9375542064180399	1.0	0.9853881278538813	1.0	0.9965321563682219	1.0	0.9969376391982183	0.9965321563682219	0.9963744232036915	0.9965321563682219	0.9969604863221885	0.9969376391982183	1.0	1.0	1.0	0.9963744232036915	0.9969376391982183	1.0	0.9963744232036915	0.9963744232036915	0.9965321563682219	1.0	0.9969376391982183	0.9969604863221885	0.9969604863221885	0.9969376391982183	0.9965321563682219	1.0	0.9965321563682219	0.9969376391982183	1.0	0.9969376391982183	0.9969376391982183	0.9969376391982183	0.9969376391982183	0.9969376391982183	1.0	0.9965321563682219	0.9969376391982183	0.9969376391982183	0.9969376391982183	0.9965321563682219	0.9969376391982183	0.9965321563682219	0.9963744232036915	0.9963744232036915	1.0	0.9963744232036915	0.9969376391982183	0.9969604863221885	0.9969376391982183	0.9969604863221885	0.9969376391982183	0.9969376391982183	0.9963744232036915	0.9965321563682219	1.0
Pseudomonas_syringae_pv_syringae_PssA1M140_20740_NZ_JAKMAG010000016	0.8997005988023952	0.9020017926501345	0.8977204559088182	1.0	1.0	1.0	1.0	0.9234496124031008	0.9224054316197866	0.8401135288552507	0.8989098116947473	1.0	1.0	1.0	0.915929203539823	1.0	0.9967051070840197	1.0	0.9153921249593231	1.0	1.0	1.0	0.9313753998255306	1.0	1.0	1.0	1.0	1.0	1.0	1.0	1.0	0.8066514509292468	1.0	0.9072131147540984	1.0	1.0	1.0	0.8795731707317074	0.8159171789065027	1.0	0.9125611745513866	0.9307025986525506	1.0	0.9972737186477645	1.0	1.0	1.0	0.919260700389105	0.9678510998307953	1.0	0.8672620880813058	0.7643484132343011	0.7082601054481547	0.9125611745513866	0.9072131147540984	0.8007863695937091	0.9870559074635087	1.0	0.9079292267365662	0.9122062663185379	0.9182083739045764	0.9983503794127351	0.9072131147540984	1.0	0.9097154072620216	0.9182083739045764	0.9072131147540984	1.0	0.9983503794127351	1.0	1.0	1.0	1.0	0.579192546583851	0.9313753998255306	0.690050107372942	0.8626476072094469	1.0	0.9972737186477645	0.9972737186477645	0.9983660130718954	0.7643484132343011	0.8007863695937091	0.8196405648267009	0.9991830065359477	1.0	0.9838414634146342	1.0	0.8941605839416058	1.0	1.0	1.0	1.0	1.0	1.0	0.89937106918239	1.0	1.0	0.6940298507462687	0.8277511961722488	0.8987114174408151	1.0	1.0	1.0	1.0	0.8276745675848814	0.0	1.0	0.6940298507462687	1.0	0.8276745675848814	1.0	1.0	0.9263803680981595	0.9291958041958042	0.9108676339946699	1.0	0.7366240938902313	1.0	1.0	0.9263803680981595	1.0	0.930442374854482	1.0	0.9838414634146342	1.0	1.0	1.0	1.0	1.0	1.0	1.0	1.0	1.0	1.0	1.0	1.0	1.0	1.0	1.0	1.0	1.0	1.0	1.0	1.0	1.0	1.0	1.0	1.0	1.0	1.0	1.0	1.0	1.0	1.0	1.0	1.0	1.0	1.0	1.0	1.0	1.0	1.0	1.0	1.0	1.0	1.0	1.0	1.0	1.0	1.0	1.0	1.0	1.0	1.0	1.0	1.0	1.0	1.0
Pseudomonas_syringae_pv_syringae_PssA1M197_17707_NZ_JAKMVF010000007	1.0	1.0	1.0	0.9685807150595883	0.20608108108108103	0.20608108108108103	0.9575471698113207	1.0	1.0	1.0	1.0	0.8964194373401535	0.9788217173661917	0.9043588658484977	1.0	1.0	1.0	0.9487068965517241	1.0	0.9830508474576272	0.963985594237695	0.9068425391591096	1.0	0.9685807150595883	0.9531484257871065	0.8964194373401535	0.8931552587646077	0.8931552587646077	0.8902700385769395	0.8902700385769395	0.961628817541112	1.0	0.8931552587646077	1.0	0.9043588658484977	0.8931552587646077	0.9487068965517241	1.0	1.0	0.8991282689912827	1.0	1.0	0.9788217173661917	1.0	0.9590268886043534	0.9043588658484977	0.9685807150595883	1.0	1.0	0.940026075619296	1.0	1.0	1.0	1.0	1.0	1.0	1.0	0.967849223946785	1.0	1.0	1.0	0.9600997506234414	1.0	0.9590268886043534	1.0	1.0	1.0	0.9600997506234414	0.9600997506234414	0.9590268886043534	0.04635761589403975	0.9788217173661917	0.20971004720161834	1.0	1.0	1.0	1.0	0.961628817541112	1.0	1.0	1.0	1.0	1.0	1.0	1.0	0.9788217173661917	1.0	0.9996414485478666	1.0	1.0	0.9937815779246016	0.9937815779246016	0.9851038808310466	0.04635761589403975	0.24288550628722705	1.0	0.1707833450952717	0.9600997506234414	1.0	1.0	1.0	0.9036792062835882	0.8931552587646077	0.0	0.9068425391591096	1.0	1.0	0.0	1.0	0.131597466572836	1.0	0.09131075110456555	0.9600997506234414	1.0	1.0	1.0	0.9788217173661917	1.0	0.9788217173661917	0.9788217173661917	1.0	0.9857954545454546	1.0	0.9575471698113207	1.0	0.9933554817275747	1.0	1.0	1.0	1.0	1.0	1.0	1.0	1.0	1.0	1.0	1.0	1.0	1.0	1.0	1.0	1.0	1.0	1.0	1.0	1.0	1.0	1.0	1.0	1.0	1.0	1.0	1.0	1.0	1.0	1.0	1.0	1.0	1.0	1.0	1.0	1.0	1.0	1.0	1.0	1.0	1.0	1.0	1.0	1.0	1.0	1.0	1.0	1.0	1.0	1.0	1.0	1.0	1.0
Pseudomonas_syringae_pv_syringae_PssA1M201_17710_NZ_JAKMVI010000020	0.6877667140825036	0.7249481686247408	0.7478791991856124	1.0	1.0	1.0	1.0	0.9238187078109933	0.9227799227799228	0.8584234930448222	0.8994082840236687	1.0	1.0	1.0	0.7106918238993711	1.0	0.9967213114754099	1.0	0.9158031088082902	1.0	1.0	1.0	0.884859474161378	1.0	1.0	1.0	1.0	1.0	1.0	1.0	1.0	0.8685344827586207	1.0	0.9076672104404567	1.0	1.0	1.0	0.6891651865008881	0.8937387116195064	1.0	0.912987012987013	0.9310344827586207	1.0	0.9972848221558512	1.0	1.0	1.0	0.9196515004840271	0.9679865206402696	1.0	0.8692590324556032	0.9263803680981595	0.09597523219814241	0.912987012987013	0.9076672104404567	0.8788895668090299	0.9901558654634947	1.0	0.9083795239647865	0.9126339720688535	0.9186046511627907	0.9983585029546946	0.9076672104404567	1.0	0.91015625	0.9186046511627907	0.9076672104404567	1.0	0.9983585029546946	1.0	1.0	1.0	1.0	0.7082601054481547	0.884859474161378	0.791913214990138	0.930442374854482	1.0	0.9972848221558512	0.9972848221558512	0.9934587080948487	0.9263803680981595	0.8788895668090299	0.8459375	0.9991863303498779	1.0	0.9839150227617602	1.0	0.8946847144272037	1.0	1.0	1.0	1.0	1.0	1.0	0.7142857142857143	1.0	1.0	0.0	0.6659436008676789	0.7491525423728813	1.0	1.0	1.0	1.0	0.8977204559088182	0.6940298507462687	1.0	0.0	1.0	0.8977204559088182	1.0	1.0	0.8450704225352113	0.848314606741573	0.9273889050246877	1.0	0.9178445229681979	1.0	1.0	0.8450704225352113	1.0	0.7980456026058632	1.0	0.9839150227617602	1.0	1.0	1.0	1.0	1.0	1.0	1.0	1.0	1.0	1.0	1.0	1.0	1.0	1.0	1.0	1.0	1.0	1.0	1.0	1.0	1.0	1.0	1.0	1.0	1.0	1.0	1.0	1.0	1.0	1.0	1.0	1.0	1.0	1.0	1.0	1.0	1.0	1.0	1.0	1.0	1.0	1.0	1.0	1.0	1.0	1.0	1.0	1.0	1.0	1.0	1.0	1.0	1.0	1.0
Pseudomonas_syringae_pv_syringae_PssA1M250_17721_NZ_JAKMVP010000021	1.0	1.0	1.0	0.9641589779985805	0.1635135135135135	0.1635135135135135	0.9585730724971231	1.0	1.0	1.0	1.0	0.9045848822800495	0.9793233082706767	0.9122231337161608	1.0	1.0	1.0	0.9553235908141963	1.0	0.9834524257239564	0.9680933852140078	0.9083232810615199	1.0	0.9641589779985805	0.958804228946409	0.9045848822800495	0.8882063882063882	0.8882063882063882	0.8986710963455149	0.8986710963455149	0.9625525410775697	1.0	0.9012545528126265	1.0	0.9122231337161608	0.8882063882063882	0.9553235908141963	1.0	1.0	0.9008097165991903	1.0	1.0	0.9793233082706767	1.0	0.9600997506234414	0.9122231337161608	0.9641589779985805	1.0	1.0	0.9416243654822335	1.0	1.0	1.0	1.0	1.0	1.0	1.0	0.9685807150595883	1.0	1.0	1.0	0.9611178614823815	1.0	0.9600997506234414	1.0	1.0	1.0	0.955193482688391	0.9611178614823815	0.9600997506234414	0.08726249120337792	0.9793233082706767	0.24077669902912624	1.0	1.0	1.0	1.0	0.9625525410775697	1.0	1.0	1.0	1.0	1.0	1.0	1.0	0.9793233082706767	1.0	0.9996493688639552	1.0	1.0	0.9939301972685888	0.9939301972685888	0.9854628921193573	0.08726249120337792	0.20119126406353405	1.0	0.20608108108108103	0.955193482688391	1.0	1.0	1.0	0.9012545528126265	0.8882063882063882	0.131597466572836	0.9083232810615199	1.0	1.0	0.131597466572836	1.0	0.0	1.0	0.131597466572836	0.955193482688391	1.0	1.0	1.0	0.9793233082706767	1.0	0.9793233082706767	0.9793233082706767	1.0	0.9861062869051754	1.0	0.9585730724971231	1.0	0.9935064935064936	1.0	1.0	1.0	1.0	1.0	1.0	1.0	1.0	1.0	1.0	1.0	1.0	1.0	1.0	1.0	1.0	1.0	1.0	1.0	1.0	1.0	1.0	1.0	1.0	1.0	1.0	1.0	1.0	1.0	1.0	1.0	1.0	1.0	1.0	1.0	1.0	1.0	1.0	1.0	1.0	1.0	1.0	1.0	1.0	1.0	1.0	1.0	1.0	1.0	1.0	1.0	1.0	1.0
Pseudomonas_syringae_pv_syringae_PssA1M262_17714_NZ_JAKMVV010000011	0.8660907127429806	0.900359066427289	0.8636363636363636	1.0	1.0	1.0	1.0	0.890479360852197	0.8878878878878879	0.7984318850049004	0.8674821610601426	1.0	1.0	1.0	0.8997005988023952	1.0	0.989379356123465	1.0	0.8701694915254237	1.0	1.0	1.0	0.9418370285056148	1.0	1.0	1.0	1.0	1.0	1.0	1.0	1.0	0.6286998875983514	1.0	0.8822937625754528	1.0	1.0	1.0	0.8860260685056077	0.6617915904936015	1.0	0.8811681772406847	0.9010880316518298	1.0	0.999455930359086	1.0	1.0	1.0	0.8755060728744939	0.9767961979312273	1.0	0.8481052301910429	0.8779889638258737	0.8903985507246377	0.8811681772406847	0.8822937625754528	0.6322869955156951	0.9917763157894737	1.0	0.8632332878581173	0.8937935612346498	0.8709349593495935	0.9973579920739762	0.8822937625754528	1.0	0.8636208660075009	0.8709349593495935	0.8822937625754528	1.0	0.9973579920739762	1.0	1.0	1.0	1.0	0.7180385288966725	0.9418370285056148	0.7478617858364693	0.8284250960307298	1.0	0.999455930359086	0.999455930359086	0.9983660130718954	0.8779889638258737	0.6322869955156951	0.7976462896371364	0.9997278170930866	1.0	0.9853881278538813	1.0	0.8686354378818737	1.0	1.0	1.0	1.0	1.0	1.0	0.8428841309823678	1.0	1.0	0.8977204559088182	0.9013452914798207	0.8533541341653667	1.0	1.0	1.0	1.0	0.0	0.8276745675848814	1.0	0.8977204559088182	1.0	0.0	1.0	1.0	0.9375542064180399	0.937246963562753	0.8696988322065151	1.0	0.8790199081163859	1.0	1.0	0.9375542064180399	1.0	0.9375542064180399	1.0	0.9853881278538813	1.0	0.9965321563682219	1.0	0.9969376391982183	0.9965321563682219	0.9963744232036915	0.9965321563682219	0.9969604863221885	0.9969376391982183	1.0	1.0	1.0	0.9963744232036915	0.9969376391982183	1.0	0.9963744232036915	0.9963744232036915	0.9965321563682219	1.0	0.9969376391982183	0.9969604863221885	0.9969604863221885	0.9969376391982183	0.9965321563682219	1.0	0.9965321563682219	0.9969376391982183	1.0	0.9969376391982183	0.9969376391982183	0.9969376391982183	0.9969376391982183	0.9969376391982183	1.0	0.9965321563682219	0.9969376391982183	0.9969376391982183	0.9969376391982183	0.9965321563682219	0.9969376391982183	0.9965321563682219	0.9963744232036915	0.9963744232036915	1.0	0.9963744232036915	0.9969376391982183	0.9969604863221885	0.9969376391982183	0.9969604863221885	0.9969376391982183	0.9969376391982183	0.9963744232036915	0.9965321563682219	1.0
Pseudomonas_syringae_pv_syringae_S2_2_20738_NZ_JARNIX010000035	1.0	1.0	1.0	0.9685807150595883	0.14075630252100846	0.14075630252100846	0.9583660644147682	1.0	1.0	1.0	1.0	0.9020356234096693	0.9796075413620623	0.9098947368421053	1.0	1.0	1.0	0.9541166380789022	1.0	0.9830508474576272	0.9726190476190476	0.9122231337161608	1.0	0.9685807150595883	0.9578358208955224	0.9020356234096693	0.8986710963455149	0.8986710963455149	0.8959488272921109	0.8959488272921109	0.9700970873786408	1.0	0.8986710963455149	1.0	0.9098947368421053	0.8986710963455149	0.9541166380789022	1.0	1.0	0.9045848822800495	1.0	1.0	0.9796075413620623	1.0	0.9590268886043534	0.9098947368421053	0.9685807150595883	1.0	1.0	0.940026075619296	1.0	1.0	1.0	1.0	1.0	1.0	1.0	0.967849223946785	1.0	1.0	1.0	0.9600997506234414	1.0	0.9590268886043534	1.0	1.0	1.0	0.9600997506234414	0.9600997506234414	0.9590268886043534	0.131597466572836	0.9796075413620623	0.20971004720161834	1.0	1.0	1.0	1.0	0.9700970873786408	1.0	1.0	1.0	1.0	1.0	1.0	1.0	0.9796075413620623	1.0	0.9996414485478666	1.0	1.0	0.9937815779246016	0.9937815779246016	0.9858989424206815	0.131597466572836	0.18026045236463328	1.0	0.10109890109890107	0.9600997506234414	1.0	1.0	1.0	0.9090909090909091	0.8986710963455149	0.09131075110456555	0.9122231337161608	1.0	1.0	0.09131075110456555	1.0	0.131597466572836	1.0	0.0	0.9600997506234414	1.0	1.0	1.0	0.9796075413620623	1.0	0.9796075413620623	0.9796075413620623	1.0	0.9857954545454546	1.0	0.9583660644147682	1.0	0.9933554817275747	1.0	1.0	1.0	1.0	1.0	1.0	1.0	1.0	1.0	1.0	1.0	1.0	1.0	1.0	1.0	1.0	1.0	1.0	1.0	1.0	1.0	1.0	1.0	1.0	1.0	1.0	1.0	1.0	1.0	1.0	1.0	1.0	1.0	1.0	1.0	1.0	1.0	1.0	1.0	1.0	1.0	1.0	1.0	1.0	1.0	1.0	1.0	1.0	1.0	1.0	1.0	1.0	1.0
Pseudomonas_syringae_pv_syringae_SM_282_NZ_CM001986	1.0	1.0	1.0	0.9502846299810247	0.955193482688391	0.955193482688391	0.9792828685258964	1.0	1.0	1.0	1.0	0.9025032938076416	0.9909413154785348	0.9522012578616352	1.0	1.0	1.0	0.3515789473684211	1.0	0.9824421388667198	1.0	0.9257861635220126	1.0	0.9502846299810247	0.9647644580620451	0.9025032938076416	0.9421965317919075	0.9421965317919075	0.9548306148055207	0.9548306148055207	0.9909413154785348	1.0	0.9521472392638037	1.0	0.9522012578616352	0.9421965317919075	0.38667582417582413	1.0	1.0	0.8748353096179183	1.0	1.0	0.9909413154785348	1.0	0.101050929668553	0.9522012578616352	0.9502846299810247	1.0	1.0	0.24308152580403886	1.0	1.0	1.0	1.0	1.0	1.0	1.0	0.9741935483870968	1.0	1.0	1.0	0.11415168100078188	1.0	0.14747634069400628	1.0	1.0	1.0	0.05012126111560222	0.11415168100078188	0.101050929668553	0.955193482688391	0.9909413154785348	0.955193482688391	1.0	1.0	1.0	1.0	0.9909413154785348	1.0	1.0	1.0	1.0	1.0	1.0	1.0	0.9909413154785348	1.0	0.6567164179104478	1.0	1.0	1.0	1.0	1.0	0.955193482688391	0.955193482688391	1.0	0.9600997506234414	0.05012126111560222	1.0	1.0	1.0	0.9226240538267452	0.9421965317919075	0.9600997506234414	0.9257861635220126	1.0	1.0	0.9600997506234414	1.0	0.955193482688391	1.0	0.9600997506234414	0.0	1.0	1.0	1.0	0.9909413154785348	1.0	0.9909413154785348	0.9909413154785348	1.0	0.977449168207024	1.0	0.9792828685258964	1.0	1.0	1.0	1.0	1.0	1.0	1.0	1.0	1.0	1.0	1.0	1.0	1.0	1.0	1.0	1.0	1.0	1.0	1.0	1.0	1.0	1.0	1.0	1.0	1.0	1.0	1.0	1.0	1.0	1.0	1.0	1.0	1.0	1.0	1.0	1.0	1.0	1.0	1.0	1.0	1.0	1.0	1.0	1.0	1.0	1.0	1.0	1.0	1.0	1.0	1.0	1.0	1.0	1.0	1.0
Pseudomonas_syringae_pv_syringae_UMAF0176_17744_NZ_JAJPOK010000010	0.8575851393188855	0.8065976714100905	0.8307984790874525	1.0	1.0	1.0	1.0	0.9381541389153187	0.9405063291139241	0.9002382370458606	0.9303514376996805	1.0	1.0	1.0	0.8604076590487956	1.0	0.9894319682959049	1.0	0.9161540951764325	1.0	1.0	1.0	0.7310866574965612	1.0	1.0	1.0	1.0	1.0	1.0	1.0	1.0	0.8954012623985572	1.0	0.9193027759845062	1.0	1.0	1.0	0.8618136952498457	0.8667900092506938	1.0	0.9189538262835002	0.8935888962326504	1.0	1.0	1.0	1.0	1.0	0.9491525423728814	0.9668259769468653	1.0	0.9002382370458606	0.7431600547195623	0.842534504391468	0.9189538262835002	0.9193027759845062	0.905924382256624	0.987941901890929	1.0	0.9421800947867298	0.9300095877277086	0.9083795239647865	0.991404958677686	0.9193027759845062	1.0	0.9421800947867298	0.9083795239647865	0.9193027759845062	1.0	0.991404958677686	1.0	1.0	1.0	1.0	0.9178445229681979	0.7310866574965612	0.9013452914798207	0.8632848747293536	1.0	1.0	1.0	0.9986442516268981	0.7431600547195623	0.905924382256624	0.906425821735268	0.9945504087193461	1.0	0.9857618903362617	1.0	0.9175557710960233	1.0	1.0	1.0	1.0	1.0	1.0	0.8828337874659401	1.0	1.0	0.8450704225352113	0.5824049174029966	0.8767123287671232	1.0	1.0	1.0	1.0	0.9375542064180399	0.9263803680981595	1.0	0.8450704225352113	1.0	0.9375542064180399	1.0	1.0	0.0	0.20873786407766992	0.6706263498920086	1.0	0.7371134020618557	1.0	1.0	0.0	1.0	0.27085285848172447	1.0	0.9857618903362617	1.0	0.9949717159019484	1.0	0.9955580233203776	0.9949717159019484	0.9947437582128777	0.9949717159019484	0.996420704845815	0.9969503742722484	1.0	1.0	1.0	0.9947437582128777	0.9963938973647711	1.0	0.9947437582128777	0.9947437582128777	0.9949717159019484	1.0	0.9955580233203776	0.9969730324711062	0.9969730324711062	0.9969503742722484	0.9949717159019484	0.9986263736263736	0.9965484781926577	0.9969503742722484	1.0	0.9969503742722484	0.9969503742722484	0.9955580233203776	0.9955580233203776	0.9969503742722484	0.9983633387888707	0.9949717159019484	0.9969503742722484	0.9969503742722484	0.9955580233203776	0.9949717159019484	0.9969503742722484	0.9959183673469387	0.9947437582128777	0.9947437582128777	1.0	0.9947437582128777	0.9963938973647711	0.9969730324711062	0.9955580233203776	0.9969730324711062	0.9969503742722484	0.9963938973647711	0.9963922597572975	0.9965484781926577	0.9986263736263736
Pseudomonas_syringae_pv_syringae_UMAF0271_17740_NZ_JAJPOF010000013	0.8635663689559594	0.8042773817239144	0.8381612090680101	1.0	1.0	1.0	1.0	0.9481621112158342	0.9458438287153652	0.8923215356928614	0.9398353388220393	1.0	1.0	1.0	0.8698315467075038	1.0	0.9960629921259843	1.0	0.9220862846104314	1.0	1.0	1.0	0.7596638655462185	1.0	1.0	1.0	1.0	1.0	1.0	1.0	1.0	0.8934056007226738	1.0	0.9252006420545746	1.0	1.0	1.0	0.853325046612803	0.8646895273401297	1.0	0.9296675191815856	0.8954140547674035	1.0	1.0	1.0	1.0	1.0	0.9592788312092011	0.9568549531649163	1.0	0.8923215356928614	0.8137508069722401	0.8457929308726931	0.9296675191815856	0.9252006420545746	0.8980509745127436	0.994281045751634	1.0	0.9524405506883604	0.9357914812460267	0.9203482747500806	0.991404958677686	0.9252006420545746	1.0	0.9524405506883604	0.9203482747500806	0.9252006420545746	1.0	0.991404958677686	1.0	1.0	1.0	1.0	0.920704845814978	0.7596638655462185	0.907550535077289	0.8957331730769231	1.0	1.0	1.0	0.9986442516268981	0.8137508069722401	0.8980509745127436	0.8999106344950849	0.9948242985562517	1.0	0.982989064398542	1.0	0.9282970550576184	1.0	1.0	1.0	1.0	1.0	1.0	0.8888888888888888	1.0	1.0	0.848314606741573	0.5872894333843798	0.8835098335854765	1.0	1.0	1.0	1.0	0.937246963562753	0.9291958041958042	1.0	0.848314606741573	1.0	0.937246963562753	1.0	1.0	0.20873786407766992	0.0	0.7489837398373984	1.0	0.8087520259319287	1.0	1.0	0.20873786407766992	1.0	0.42844974446337314	1.0	0.982989064398542	1.0	0.9949717159019484	1.0	0.9955580233203776	0.9949717159019484	0.9947437582128777	0.9949717159019484	0.996420704845815	0.9969503742722484	1.0	1.0	1.0	0.9947437582128777	0.9963938973647711	1.0	0.9947437582128777	0.9947437582128777	0.9949717159019484	1.0	0.9955580233203776	0.9969730324711062	0.9969730324711062	0.9969503742722484	0.9949717159019484	0.9986263736263736	0.9965484781926577	0.9969503742722484	1.0	0.9969503742722484	0.9969503742722484	0.9955580233203776	0.9955580233203776	0.9969503742722484	0.9983633387888707	0.9949717159019484	0.9969503742722484	0.9969503742722484	0.9955580233203776	0.9949717159019484	0.9969503742722484	0.9959183673469387	0.9947437582128777	0.9947437582128777	1.0	0.9947437582128777	0.9963938973647711	0.9969730324711062	0.9955580233203776	0.9969730324711062	0.9969503742722484	0.9963938973647711	0.9963922597572975	0.9965484781926577	0.9986263736263736
Pseudomonas_syringae_pv_syringae_UMAF0297_17737_NZ_JAJPOD010000011	0.9031779031779031	0.8484565014031805	0.8751142247943954	1.0	1.0	1.0	1.0	0.938212927756654	0.9405627568763831	0.7394270122783083	0.9304181295882541	1.0	1.0	1.0	0.9057777777777778	1.0	0.9894424282415044	1.0	0.916235446313066	1.0	1.0	1.0	0.8713325183374083	1.0	1.0	1.0	1.0	1.0	1.0	1.0	1.0	0.8177434908389585	1.0	0.9193808448887456	1.0	1.0	1.0	0.9122238586156112	0.7972531066056245	1.0	0.9190322580645162	0.893694288544074	1.0	1.0	1.0	1.0	1.0	0.949200376293509	0.968013468013468	1.0	0.9061852619118083	0.676978417266187	0.9273889050246877	0.9190322580645162	0.9193808448887456	0.8426683448709881	0.9848942598187311	1.0	0.9422348484848485	0.9300766283524904	0.9084690553745929	0.9914134742404227	0.9193808448887456	1.0	0.9422348484848485	0.9084690553745929	0.9193808448887456	1.0	0.9914134742404227	1.0	1.0	1.0	1.0	0.9089291011569267	0.8713325183374083	0.8935018050541517	0.7735911970656886	1.0	1.0	1.0	0.9994585814834868	0.676978417266187	0.8426683448709881	0.7605633802816901	0.9945548597876396	1.0	0.9848530748258104	1.0	0.9176356589147286	1.0	1.0	1.0	1.0	1.0	1.0	0.9201754385964912	1.0	1.0	0.9273889050246877	0.8953036195034401	0.9176436107854631	1.0	1.0	1.0	1.0	0.8696988322065151	0.9108676339946699	1.0	0.9273889050246877	1.0	0.8696988322065151	1.0	1.0	0.6706263498920086	0.7489837398373984	0.0	1.0	0.7003533568904594	1.0	1.0	0.6706263498920086	1.0	0.6706263498920086	1.0	0.9848530748258104	1.0	0.9949764521193093	1.0	0.9955617198335645	0.9949764521193093	0.9947489333770922	0.9949764521193093	0.9964236588720771	0.9969529085872576	1.0	1.0	1.0	0.9947489333770922	0.9963968957871396	1.0	0.9947489333770922	0.9947489333770922	0.9949764521193093	1.0	0.9955617198335645	0.9969755292823755	0.9969755292823755	0.9969529085872576	0.9949764521193093	0.9986275048037332	0.996551724137931	0.9969529085872576	1.0	0.9969529085872576	0.9969529085872576	0.9955617198335645	0.9955617198335645	0.9969529085872576	0.9983649444081099	0.9949764521193093	0.9969529085872576	0.9969529085872576	0.9955617198335645	0.9949764521193093	0.9969529085872576	0.9959222082810539	0.9947489333770922	0.9947489333770922	1.0	0.9947489333770922	0.9963968957871396	0.9969755292823755	0.9955617198335645	0.9969755292823755	0.9969529085872576	0.9963968957871396	0.9963958060288336	0.996551724137931	0.9986275048037332
Pseudomonas_syringae_pv_syringae_UMAF1003_17741_NZ_JAJPOJ010000013	1.0	1.0	1.0	0.9920497753197373	0.9793233082706767	0.9793233082706767	0.562798092209857	1.0	1.0	1.0	1.0	0.899002493765586	0.0	0.929264349232013	1.0	1.0	1.0	0.9943661971830986	1.0	1.0	0.9977298524404086	0.9272151898734178	1.0	0.9920497753197373	1.0	0.899002493765586	0.925940594059406	0.925940594059406	0.929264349232013	0.929264349232013	0.6205493387589014	1.0	0.9225268176400476	1.0	0.929264349232013	0.925940594059406	0.9943661971830986	1.0	1.0	0.8975609756097561	1.0	1.0	0.0	1.0	0.9943661971830986	0.929264349232013	0.9920497753197373	1.0	1.0	0.9943661971830986	1.0	1.0	1.0	1.0	1.0	1.0	1.0	0.9950686861570975	1.0	1.0	1.0	0.9909413154785348	1.0	0.9943661971830986	1.0	1.0	1.0	0.9909413154785348	0.9909413154785348	0.9943661971830986	0.9793233082706767	0.0	0.9800901577761082	1.0	1.0	1.0	1.0	0.6205493387589014	1.0	1.0	1.0	1.0	1.0	1.0	1.0	0.0	1.0	1.0	1.0	1.0	1.0	1.0	0.41472172351885095	0.9793233082706767	0.9793233082706767	1.0	0.9788217173661917	0.9909413154785348	1.0	1.0	1.0	0.9177972865123704	0.925940594059406	0.9788217173661917	0.9272151898734178	1.0	1.0	0.9788217173661917	1.0	0.9793233082706767	1.0	0.9796075413620623	0.9909413154785348	1.0	1.0	1.0	0.0	1.0	0.0	0.0	1.0	0.9746835443037974	1.0	0.562798092209857	1.0	0.9956756756756757	1.0	1.0	1.0	1.0	1.0	1.0	1.0	1.0	1.0	1.0	1.0	1.0	1.0	1.0	1.0	1.0	1.0	1.0	1.0	1.0	1.0	1.0	1.0	1.0	1.0	1.0	1.0	1.0	1.0	1.0	1.0	1.0	1.0	1.0	1.0	1.0	1.0	1.0	1.0	1.0	1.0	1.0	1.0	1.0	1.0	1.0	1.0	1.0	1.0	1.0	1.0	1.0	1.0
Pseudomonas_syringae_pv_syringae_UMAF1013_17734_NZ_JAJPOC010000013	0.9285714285714286	0.8863636363636364	0.8920711486282785	1.0	1.0	1.0	1.0	0.9378585086042065	0.9402225755166932	0.8864668483197093	0.9300160513643659	1.0	1.0	1.0	0.931064572425829	1.0	0.989379356123465	1.0	0.9157449577098243	1.0	1.0	1.0	0.8733905579399142	1.0	1.0	1.0	1.0	1.0	1.0	1.0	1.0	0.8425047438330171	1.0	0.9189101524489134	1.0	1.0	1.0	0.9085239085239085	0.8015717092337917	1.0	0.9185593770279039	0.893058784456991	1.0	0.999455930359086	1.0	1.0	1.0	0.9489120151371807	0.9790794979079498	1.0	0.9069836552748886	0.20588235294117652	0.9152892561983471	0.9185593770279039	0.9189101524489134	0.8351368555060471	0.9808811305070657	1.0	0.9419047619047619	0.9296724470134875	0.9079292267365662	0.9913621262458472	0.9189101524489134	1.0	0.9419047619047619	0.9079292267365662	0.9189101524489134	1.0	0.9913621262458472	1.0	1.0	1.0	1.0	0.8332802040165763	0.8733905579399142	0.8272989426465877	0.790482485128883	1.0	0.999455930359086	0.999455930359086	0.9970002727024816	0.20588235294117652	0.8351368555060471	0.8901629450814725	0.9945280437756499	1.0	0.9856968959220938	1.0	0.9171539961013645	1.0	1.0	1.0	1.0	1.0	1.0	0.9360162130862768	1.0	1.0	0.9178445229681979	0.9194354601587769	0.9335461404526988	1.0	1.0	1.0	1.0	0.8790199081163859	0.7366240938902313	1.0	0.9178445229681979	1.0	0.8790199081163859	1.0	1.0	0.7371134020618557	0.8087520259319287	0.7003533568904594	1.0	0.0	1.0	1.0	0.7371134020618557	1.0	0.7521222410865874	1.0	0.9856968959220938	1.0	0.9949479002210294	1.0	0.9955394480066908	0.9949479002210294	0.994717728623308	0.9949479002210294	0.9964058612109483	0.9969376391982183	1.0	1.0	1.0	0.994717728623308	0.9963788300835654	1.0	0.994717728623308	0.994717728623308	0.9949479002210294	1.0	0.9955394480066908	0.9969604863221885	0.9969604863221885	0.9969376391982183	0.9949479002210294	0.9986206896551724	0.9965321563682219	0.9969376391982183	1.0	0.9969376391982183	0.9969376391982183	0.9955394480066908	0.9955394480066908	0.9969376391982183	0.9983552631578947	0.9949479002210294	0.9969376391982183	0.9969376391982183	0.9955394480066908	0.9949479002210294	0.9969376391982183	0.9958990536277602	0.994717728623308	0.994717728623308	1.0	0.994717728623308	0.9963788300835654	0.9969604863221885	0.9955394480066908	0.9969604863221885	0.9969376391982183	0.9963788300835654	0.9963744232036915	0.9965321563682219	0.9986206896551724
Pseudomonas_syringae_pv_syringae_UMAF2016_17739_NZ_JAJPOG010000015	1.0	1.0	1.0	0.9920497753197373	0.9793233082706767	0.9793233082706767	0.562798092209857	1.0	1.0	1.0	1.0	0.899002493765586	0.0	0.929264349232013	1.0	1.0	1.0	0.9943661971830986	1.0	1.0	0.9977298524404086	0.9272151898734178	1.0	0.9920497753197373	1.0	0.899002493765586	0.925940594059406	0.925940594059406	0.929264349232013	0.929264349232013	0.6205493387589014	1.0	0.9225268176400476	1.0	0.929264349232013	0.925940594059406	0.9943661971830986	1.0	1.0	0.8975609756097561	1.0	1.0	0.0	1.0	0.9943661971830986	0.929264349232013	0.9920497753197373	1.0	1.0	0.9943661971830986	1.0	1.0	1.0	1.0	1.0	1.0	1.0	0.9950686861570975	1.0	1.0	1.0	0.9909413154785348	1.0	0.9943661971830986	1.0	1.0	1.0	0.9909413154785348	0.9909413154785348	0.9943661971830986	0.9793233082706767	0.0	0.9800901577761082	1.0	1.0	1.0	1.0	0.6205493387589014	1.0	1.0	1.0	1.0	1.0	1.0	1.0	0.0	1.0	1.0	1.0	1.0	1.0	1.0	0.41472172351885095	0.9793233082706767	0.9793233082706767	1.0	0.9788217173661917	0.9909413154785348	1.0	1.0	1.0	0.9177972865123704	0.925940594059406	0.9788217173661917	0.9272151898734178	1.0	1.0	0.9788217173661917	1.0	0.9793233082706767	1.0	0.9796075413620623	0.9909413154785348	1.0	1.0	1.0	0.0	1.0	0.0	0.0	1.0	0.9746835443037974	1.0	0.562798092209857	1.0	0.9956756756756757	1.0	1.0	1.0	1.0	1.0	1.0	1.0	1.0	1.0	1.0	1.0	1.0	1.0	1.0	1.0	1.0	1.0	1.0	1.0	1.0	1.0	1.0	1.0	1.0	1.0	1.0	1.0	1.0	1.0	1.0	1.0	1.0	1.0	1.0	1.0	1.0	1.0	1.0	1.0	1.0	1.0	1.0	1.0	1.0	1.0	1.0	1.0	1.0	1.0	1.0	1.0	1.0	1.0
Pseudomonas_syringae_pv_syringae_UMAF2600_17732_NZ_JAJPOA010000013	1.0	1.0	1.0	0.9920497753197373	0.9793233082706767	0.9793233082706767	0.562798092209857	1.0	1.0	1.0	1.0	0.899002493765586	0.0	0.929264349232013	1.0	1.0	1.0	0.9943661971830986	1.0	1.0	0.9977298524404086	0.9272151898734178	1.0	0.9920497753197373	1.0	0.899002493765586	0.925940594059406	0.925940594059406	0.929264349232013	0.929264349232013	0.6205493387589014	1.0	0.9225268176400476	1.0	0.929264349232013	0.925940594059406	0.9943661971830986	1.0	1.0	0.8975609756097561	1.0	1.0	0.0	1.0	0.9943661971830986	0.929264349232013	0.9920497753197373	1.0	1.0	0.9943661971830986	1.0	1.0	1.0	1.0	1.0	1.0	1.0	0.9950686861570975	1.0	1.0	1.0	0.9909413154785348	1.0	0.9943661971830986	1.0	1.0	1.0	0.9909413154785348	0.9909413154785348	0.9943661971830986	0.9793233082706767	0.0	0.9800901577761082	1.0	1.0	1.0	1.0	0.6205493387589014	1.0	1.0	1.0	1.0	1.0	1.0	1.0	0.0	1.0	1.0	1.0	1.0	1.0	1.0	0.41472172351885095	0.9793233082706767	0.9793233082706767	1.0	0.9788217173661917	0.9909413154785348	1.0	1.0	1.0	0.9177972865123704	0.925940594059406	0.9788217173661917	0.9272151898734178	1.0	1.0	0.9788217173661917	1.0	0.9793233082706767	1.0	0.9796075413620623	0.9909413154785348	1.0	1.0	1.0	0.0	1.0	0.0	0.0	1.0	0.9746835443037974	1.0	0.562798092209857	1.0	0.9956756756756757	1.0	1.0	1.0	1.0	1.0	1.0	1.0	1.0	1.0	1.0	1.0	1.0	1.0	1.0	1.0	1.0	1.0	1.0	1.0	1.0	1.0	1.0	1.0	1.0	1.0	1.0	1.0	1.0	1.0	1.0	1.0	1.0	1.0	1.0	1.0	1.0	1.0	1.0	1.0	1.0	1.0	1.0	1.0	1.0	1.0	1.0	1.0	1.0	1.0	1.0	1.0	1.0	1.0
Pseudomonas_syringae_pv_syringae_UMAF2801_17738_NZ_JAJPOH010000009	0.8575851393188855	0.8065976714100905	0.8307984790874525	1.0	1.0	1.0	1.0	0.9381541389153187	0.9405063291139241	0.9002382370458606	0.9303514376996805	1.0	1.0	1.0	0.8604076590487956	1.0	0.9894319682959049	1.0	0.9161540951764325	1.0	1.0	1.0	0.7310866574965612	1.0	1.0	1.0	1.0	1.0	1.0	1.0	1.0	0.8954012623985572	1.0	0.9193027759845062	1.0	1.0	1.0	0.8618136952498457	0.8667900092506938	1.0	0.9189538262835002	0.8935888962326504	1.0	1.0	1.0	1.0	1.0	0.9491525423728814	0.9668259769468653	1.0	0.9002382370458606	0.7431600547195623	0.842534504391468	0.9189538262835002	0.9193027759845062	0.905924382256624	0.987941901890929	1.0	0.9421800947867298	0.9300095877277086	0.9083795239647865	0.991404958677686	0.9193027759845062	1.0	0.9421800947867298	0.9083795239647865	0.9193027759845062	1.0	0.991404958677686	1.0	1.0	1.0	1.0	0.9178445229681979	0.7310866574965612	0.9013452914798207	0.8632848747293536	1.0	1.0	1.0	0.9986442516268981	0.7431600547195623	0.905924382256624	0.906425821735268	0.9945504087193461	1.0	0.9857618903362617	1.0	0.9175557710960233	1.0	1.0	1.0	1.0	1.0	1.0	0.8828337874659401	1.0	1.0	0.8450704225352113	0.5824049174029966	0.8767123287671232	1.0	1.0	1.0	1.0	0.9375542064180399	0.9263803680981595	1.0	0.8450704225352113	1.0	0.9375542064180399	1.0	1.0	0.0	0.20873786407766992	0.6706263498920086	1.0	0.7371134020618557	1.0	1.0	0.0	1.0	0.27085285848172447	1.0	0.9857618903362617	1.0	0.9949717159019484	1.0	0.9955580233203776	0.9949717159019484	0.9947437582128777	0.9949717159019484	0.996420704845815	0.9969503742722484	1.0	1.0	1.0	0.9947437582128777	0.9963938973647711	1.0	0.9947437582128777	0.9947437582128777	0.9949717159019484	1.0	0.9955580233203776	0.9969730324711062	0.9969730324711062	0.9969503742722484	0.9949717159019484	0.9986263736263736	0.9965484781926577	0.9969503742722484	1.0	0.9969503742722484	0.9969503742722484	0.9955580233203776	0.9955580233203776	0.9969503742722484	0.9983633387888707	0.9949717159019484	0.9969503742722484	0.9969503742722484	0.9955580233203776	0.9949717159019484	0.9969503742722484	0.9959183673469387	0.9947437582128777	0.9947437582128777	1.0	0.9947437582128777	0.9963938973647711	0.9969730324711062	0.9955580233203776	0.9969730324711062	0.9969503742722484	0.9963938973647711	0.9963922597572975	0.9965484781926577	0.9986263736263736
Pseudomonas_syringae_pv_syringae_UMAF2815_17736_NZ_JAJPNZ010000006	1.0	1.0	1.0	0.23129251700680276	0.9861062869051754	0.9861062869051754	0.8546739984289081	1.0	1.0	1.0	1.0	0.9854196301564723	0.9746835443037974	0.9832501781895937	1.0	1.0	1.0	0.9891548242333583	1.0	0.20297029702970293	1.0	0.9804195804195804	1.0	0.26183844011142066	0.8923913043478261	0.9854196301564723	0.9793489674483724	0.9793489674483724	0.9832501781895937	0.9832501781895937	0.9746835443037974	1.0	0.9793489674483724	1.0	0.9832501781895937	0.9793489674483724	0.9891548242333583	1.0	1.0	0.9825540823447313	1.0	1.0	0.9746835443037974	1.0	0.980384760467748	0.9832501781895937	0.26183844011142066	1.0	1.0	0.9819209039548022	1.0	1.0	1.0	1.0	1.0	1.0	1.0	0.24411257897759908	1.0	1.0	1.0	0.977449168207024	1.0	0.980384760467748	1.0	1.0	1.0	0.977449168207024	0.977449168207024	0.980384760467748	0.9861062869051754	0.9746835443037974	0.9861062869051754	1.0	1.0	1.0	1.0	0.9746835443037974	1.0	1.0	1.0	1.0	1.0	1.0	1.0	0.9746835443037974	1.0	0.9950641658440277	1.0	1.0	1.0	1.0	1.0	0.9861062869051754	0.9861062869051754	1.0	0.9857954545454546	0.977449168207024	1.0	1.0	1.0	0.9659574468085106	0.9793489674483724	0.9857954545454546	0.9804195804195804	1.0	1.0	0.9857954545454546	1.0	0.9861062869051754	1.0	0.9857954545454546	0.977449168207024	1.0	1.0	1.0	0.9746835443037974	1.0	0.9746835443037974	0.9746835443037974	1.0	0.0	1.0	0.8546739984289081	1.0	1.0	1.0	1.0	1.0	1.0	1.0	1.0	1.0	1.0	1.0	1.0	1.0	1.0	1.0	1.0	1.0	1.0	1.0	1.0	1.0	1.0	1.0	1.0	1.0	1.0	1.0	1.0	1.0	1.0	1.0	1.0	1.0	1.0	1.0	1.0	1.0	1.0	1.0	1.0	1.0	1.0	1.0	1.0	1.0	1.0	1.0	1.0	1.0	1.0	1.0	1.0	1.0	1.0	1.0
Pseudomonas_syringae_pv_syringae_UMAF3028_17702_NZ_JACTWB010000009	0.8322784810126582	0.7905604719764012	0.8123591889282266	1.0	1.0	1.0	1.0	0.9381541389153187	0.9405063291139241	0.9070730985498668	0.9303514376996805	1.0	1.0	1.0	0.8352272727272727	1.0	0.9894319682959049	1.0	0.9161540951764325	1.0	1.0	1.0	0.7474541751527495	1.0	1.0	1.0	1.0	1.0	1.0	1.0	1.0	0.9091718610863758	1.0	0.9193027759845062	1.0	1.0	1.0	0.8547486033519553	0.8812785388127854	1.0	0.9189538262835002	0.8935888962326504	1.0	1.0	1.0	1.0	1.0	0.9491525423728814	0.9748953974895398	1.0	0.9077196095829636	0.714585519412382	0.8100612705578846	0.9189538262835002	0.9193027759845062	0.9124001183782184	0.987941901890929	1.0	0.9421800947867298	0.9300095877277086	0.9083795239647865	0.991404958677686	0.9193027759845062	1.0	0.9421800947867298	0.9083795239647865	0.9193027759845062	1.0	0.991404958677686	1.0	1.0	1.0	1.0	0.9219712525667351	0.7474541751527495	0.9046199701937407	0.8685344827586207	1.0	1.0	1.0	0.999458141425088	0.714585519412382	0.9124001183782184	0.9131842260153031	0.9945504087193461	1.0	0.9857618903362617	1.0	0.9175557710960233	1.0	1.0	1.0	1.0	1.0	1.0	0.8518979464841319	1.0	1.0	0.7980456026058632	0.5483870967741935	0.8597033374536465	1.0	1.0	1.0	1.0	0.9375542064180399	0.930442374854482	1.0	0.7980456026058632	1.0	0.9375542064180399	1.0	1.0	0.27085285848172447	0.42844974446337314	0.6706263498920086	1.0	0.7521222410865874	1.0	1.0	0.27085285848172447	1.0	0.0	1.0	0.9857618903362617	1.0	0.9949717159019484	1.0	0.9955580233203776	0.9949717159019484	0.9947437582128777	0.9949717159019484	0.996420704845815	0.9969503742722484	1.0	1.0	1.0	0.9947437582128777	0.9963938973647711	1.0	0.9947437582128777	0.9947437582128777	0.9949717159019484	1.0	0.9955580233203776	0.9969730324711062	0.9969730324711062	0.9969503742722484	0.9949717159019484	0.9986263736263736	0.9965484781926577	0.9969503742722484	1.0	0.9969503742722484	0.9969503742722484	0.9955580233203776	0.9955580233203776	0.9969503742722484	0.9983633387888707	0.9949717159019484	0.9969503742722484	0.9969503742722484	0.9955580233203776	0.9949717159019484	0.9969503742722484	0.9959183673469387	0.9947437582128777	0.9947437582128777	1.0	0.9947437582128777	0.9963938973647711	0.9969730324711062	0.9955580233203776	0.9969730324711062	0.9969503742722484	0.9963938973647711	0.9963922597572975	0.9965484781926577	0.9986263736263736
Pseudomonas_syringae_pv_syringae_UMAF7000_17735_NZ_JAJPNY010000012	1.0	1.0	1.0	0.929908256880734	0.9585730724971231	0.9585730724971231	0.08744710860366711	1.0	1.0	1.0	1.0	0.8822784810126583	0.562798092209857	0.9071782178217822	1.0	1.0	1.0	0.9890776699029126	1.0	0.9522700814901047	0.9977298524404086	0.9055690072639225	1.0	0.929908256880734	0.9606557377049181	0.8822784810126583	0.9042424242424243	0.9042424242424243	0.9071782178217822	0.9071782178217822	0.8662207357859532	1.0	0.9006890960680989	1.0	0.9071782178217822	0.9042424242424243	0.9890776699029126	1.0	1.0	0.8811881188118812	1.0	1.0	0.562798092209857	1.0	0.9824918566775245	0.9071782178217822	0.929908256880734	1.0	1.0	0.9841463414634146	1.0	1.0	1.0	1.0	1.0	1.0	1.0	0.9318607263197305	1.0	1.0	1.0	0.9792828685258964	1.0	0.9824918566775245	1.0	1.0	1.0	0.9792828685258964	0.9792828685258964	0.9824918566775245	0.9585730724971231	0.562798092209857	0.9593714066692219	1.0	1.0	1.0	1.0	0.8662207357859532	1.0	1.0	1.0	1.0	1.0	1.0	1.0	0.562798092209857	1.0	0.9961253962662909	1.0	1.0	1.0	1.0	0.6634712411705348	0.9585730724971231	0.9585730724971231	1.0	0.9575471698113207	0.9792828685258964	1.0	1.0	1.0	0.8690575479566305	0.9042424242424243	0.9575471698113207	0.9055690072639225	1.0	1.0	0.9575471698113207	1.0	0.9585730724971231	1.0	0.9583660644147682	0.9792828685258964	1.0	1.0	1.0	0.562798092209857	1.0	0.562798092209857	0.562798092209857	1.0	0.8546739984289081	1.0	0.0	1.0	0.9992818671454219	1.0	1.0	1.0	1.0	1.0	1.0	1.0	1.0	1.0	1.0	1.0	1.0	1.0	1.0	1.0	1.0	1.0	1.0	1.0	1.0	1.0	1.0	1.0	1.0	1.0	1.0	1.0	1.0	1.0	1.0	1.0	1.0	1.0	1.0	1.0	1.0	1.0	1.0	1.0	1.0	1.0	1.0	1.0	1.0	1.0	1.0	1.0	1.0	1.0	1.0	1.0	1.0	1.0
Pseudomonas_syringae_pv_tagetis_ICMP_4091_14835_NZ_CP092923	0.9839150227617602	0.9882139619220308	0.9839150227617602	1.0	1.0	1.0	1.0	0.9719562243502052	0.9701952723535457	0.985160508782556	0.9789402173913043	1.0	1.0	1.0	0.9863760217983651	1.0	1.0	1.0	0.981362250084717	1.0	1.0	1.0	0.978021978021978	1.0	1.0	1.0	1.0	1.0	1.0	1.0	1.0	0.9822900763358778	1.0	0.980325644504749	1.0	1.0	1.0	0.9860690490611751	0.9822900763358778	1.0	0.9775510204081632	0.980325644504749	1.0	1.0	1.0	1.0	1.0	0.9768550034036759	0.9921378893256728	1.0	0.9836214740673339	0.9856968959220938	0.9839150227617602	0.9775510204081632	0.980325644504749	0.9863138686131386	1.0	1.0	0.9778986739204353	0.980325644504749	0.9775510204081632	1.0	0.980325644504749	1.0	0.9768550034036759	0.9775510204081632	0.980325644504749	1.0	1.0	1.0	1.0	1.0	1.0	0.9838414634146342	0.978021978021978	0.9838414634146342	0.9779208831646734	1.0	1.0	1.0	1.0	0.9856968959220938	0.9863138686131386	0.9870012091898428	1.0	1.0	0.04041720990873532	1.0	0.9820521503555706	1.0	1.0	1.0	1.0	1.0	1.0	0.9802010356381359	1.0	1.0	0.9839150227617602	0.9854545454545455	0.9857618903362617	1.0	1.0	1.0	1.0	0.9853881278538813	0.9838414634146342	1.0	0.9839150227617602	1.0	0.9853881278538813	1.0	1.0	0.9857618903362617	0.982989064398542	0.9848530748258104	1.0	0.9856968959220938	1.0	1.0	0.9857618903362617	1.0	0.9857618903362617	1.0	0.0	1.0	1.0	1.0	1.0	1.0	1.0	1.0	1.0	1.0	1.0	1.0	1.0	1.0	1.0	1.0	1.0	1.0	1.0	1.0	1.0	1.0	1.0	1.0	1.0	1.0	1.0	1.0	1.0	1.0	1.0	1.0	1.0	1.0	1.0	1.0	1.0	1.0	1.0	1.0	1.0	1.0	1.0	1.0	1.0	1.0	1.0	1.0	1.0	1.0	1.0	1.0	1.0	1.0	1.0
Pseudomonas_syringae_pv_tomato_BRIP38746_11422_NZ_SNVG01000020	1.0	1.0	1.0	1.0	0.9949567723342939	0.9949567723342939	0.9992818671454219	1.0	1.0	1.0	1.0	0.9966850828729282	0.9956756756756757	0.9992652461425422	1.0	0.9863987635239567	0.9732246798603027	1.0	1.0	1.0	1.0	0.9992818671454219	1.0	1.0	1.0	0.9966850828729282	0.9992818671454219	0.9992818671454219	0.9992652461425422	0.9992652461425422	0.9924078091106291	1.0	0.9992818671454219	1.0	0.9992652461425422	0.9992818671454219	1.0	1.0	1.0	0.9967602591792657	1.0	1.0	0.9956756756756757	0.9947884733292459	1.0	0.9992652461425422	1.0	1.0	0.9944495837187789	1.0	1.0	1.0	1.0	1.0	1.0	1.0	0.9957120980091884	1.0	1.0	1.0	1.0	1.0	1.0	1.0	1.0	1.0	1.0	1.0	1.0	1.0	0.9935064935064936	0.9956756756756757	0.9935064935064936	1.0	1.0	1.0	1.0	0.9924078091106291	0.9947884733292459	0.9947884733292459	0.98827522369639	1.0	1.0	1.0	0.9863861386138614	0.9956756756756757	1.0	1.0	1.0	1.0	0.9321834574676597	0.9321834574676597	0.995575221238938	0.9935064935064936	0.9949567723342939	1.0	0.9948396608920015	1.0	1.0	1.0	1.0	0.9967602591792657	0.9992818671454219	0.9933554817275747	0.9992818671454219	1.0	1.0	0.9933554817275747	1.0	0.9935064935064936	1.0	0.9933554817275747	1.0	1.0	1.0	1.0	0.9956756756756757	1.0	0.9956756756756757	0.9956756756756757	1.0	1.0	1.0	0.9992818671454219	1.0	0.0	1.0	1.0	1.0	1.0	1.0	1.0	1.0	1.0	1.0	1.0	1.0	1.0	1.0	1.0	1.0	1.0	1.0	1.0	1.0	1.0	1.0	1.0	1.0	1.0	1.0	1.0	1.0	1.0	1.0	1.0	1.0	1.0	1.0	1.0	1.0	1.0	1.0	1.0	1.0	1.0	1.0	1.0	1.0	1.0	1.0	1.0	1.0	1.0	1.0	1.0	1.0	1.0	1.0
p1.G2	0.9965484781926577	0.9949717159019484	0.9949717159019484	1.0	1.0	1.0	1.0	0.9961335676625659	0.9961335676625659	0.9949764521193093	0.9961335676625659	1.0	1.0	1.0	0.9949717159019484	1.0	1.0	1.0	0.9943661971830986	1.0	1.0	1.0	0.9946557686262182	1.0	1.0	1.0	1.0	1.0	1.0	1.0	1.0	0.9949479002210294	1.0	0.9943661971830986	1.0	1.0	1.0	0.9946557686262182	0.9949479002210294	1.0	0.9940119760479041	0.9943661971830986	1.0	0.9987488270253363	1.0	1.0	1.0	0.9961335676625659	1.0	1.0	0.9946608040201005	0.9949479002210294	1.0	0.9940119760479041	0.9943661971830986	0.9949479002210294	1.0	1.0	0.9961335676625659	0.9943661971830986	0.9940119760479041	0.9980422866092404	0.9943661971830986	1.0	0.9961335676625659	0.9940119760479041	0.9943661971830986	1.0	0.9980422866092404	1.0	1.0	1.0	1.0	0.9965321563682219	0.9946557686262182	0.9965321563682219	0.994630448515477	1.0	0.9987488270253363	0.9987488270253363	1.0	0.9949479002210294	0.9949479002210294	0.9946608040201005	1.0	1.0	1.0	1.0	0.9943661971830986	1.0	1.0	1.0	1.0	1.0	1.0	0.9965484781926577	1.0	1.0	1.0	0.9956030150753769	0.9965484781926577	1.0	1.0	1.0	1.0	0.9965321563682219	1.0	1.0	1.0	1.0	0.9965321563682219	1.0	1.0	0.9949717159019484	0.9949717159019484	0.9949764521193093	1.0	0.9949479002210294	1.0	1.0	0.9949717159019484	1.0	0.9949717159019484	1.0	1.0	1.0	0.0	0.9025641025641026	0.8710725893824485	0.30663329161451813	0.8499776085982982	0.5365062195781504	0.9150034411562284	0.8992957746478873	0.9025641025641026	0.9025641025641026	0.9025641025641026	0.8499776085982982	0.8755395683453238	0.9025641025641026	0.8499776085982982	0.8499776085982982	0.0	0.9025641025641026	0.8731074260994953	0.9082409972299169	0.8480087687248813	0.8855614973262032	0.0	0.8433602347762289	0.7126546146527117	0.8992957746478873	0.9169126950653732	0.8992957746478873	0.8992957746478873	0.8199320498301246	0.8731074260994953	0.8855614973262032	0.8940568475452196	0.3883263847528291	0.8992957746478873	0.8992957746478873	0.8731074260994953	0.30663329161451813	0.8992957746478873	0.6819288845591817	0.8499776085982982	0.8499776085982982	0.9025641025641026	0.8499776085982982	0.8755395683453238	0.8862592723419287	0.8731074260994953	0.8862592723419287	0.8992957746478873	0.8755395683453238	0.8751642575558476	0.7126546146527117	0.8596745027124774
p12.A11	1.0	1.0	1.0	1.0	1.0	1.0	1.0	1.0	1.0	1.0	1.0	1.0	1.0	1.0	1.0	1.0	1.0	1.0	1.0	1.0	1.0	1.0	1.0	1.0	1.0	1.0	1.0	1.0	1.0	1.0	1.0	1.0	1.0	1.0	1.0	1.0	1.0	1.0	1.0	1.0	1.0	1.0	1.0	0.9996734160679295	1.0	1.0	1.0	1.0	1.0	1.0	1.0	1.0	1.0	1.0	1.0	1.0	1.0	1.0	1.0	1.0	1.0	1.0	1.0	1.0	1.0	1.0	1.0	1.0	1.0	1.0	1.0	1.0	1.0	1.0	1.0	1.0	1.0	1.0	0.9996734160679295	0.9996734160679295	1.0	1.0	1.0	1.0	1.0	1.0	1.0	1.0	1.0	1.0	1.0	1.0	1.0	1.0	1.0	1.0	1.0	1.0	1.0	1.0	1.0	1.0	1.0	1.0	1.0	1.0	1.0	1.0	1.0	1.0	1.0	1.0	1.0	1.0	1.0	1.0	1.0	1.0	1.0	1.0	1.0	1.0	1.0	1.0	1.0	1.0	0.9025641025641026	0.0	0.9313304721030042	0.9123252858958069	0.662630709961475	0.9164556962025316	0.9409905163329821	0.8409619860356866	0.0	0.0	0.0	0.662630709961475	0.9026808666911494	0.0	0.662630709961475	0.662630709961475	0.9025641025641026	0.0	0.9358974358974359	0.8626933232742362	0.8111198738170347	0.9290322580645162	0.9025641025641026	0.8690922730682671	0.8959587274290628	0.8409619860356866	0.09710258418167583	0.8409619860356866	0.8409619860356866	0.9305654974946314	0.9358974358974359	0.9290322580645162	0.717001055966209	0.8746713409290097	0.8409619860356866	0.8409619860356866	0.9358974358974359	0.9123252858958069	0.8409619860356866	0.9035012809564474	0.662630709961475	0.662630709961475	0.0	0.662630709961475	0.9026808666911494	0.9450664800559831	0.9358974358974359	0.9450664800559831	0.8409619860356866	0.9026808666911494	0.6002304147465438	0.8959587274290628	0.8939838591342627
p12.E2	0.9969503742722484	0.9955580233203776	0.9955580233203776	1.0	1.0	1.0	1.0	0.9966309341500765	0.9966309341500765	0.9955617198335645	0.9966309341500765	1.0	1.0	1.0	0.9955580233203776	1.0	1.0	1.0	0.9950920245398773	1.0	1.0	1.0	0.995279089141905	1.0	1.0	1.0	1.0	1.0	1.0	1.0	1.0	0.9955394480066908	1.0	0.9950920245398773	1.0	1.0	1.0	0.995279089141905	0.9955394480066908	1.0	0.9947836759742252	0.9950920245398773	1.0	0.9988941111418302	1.0	1.0	1.0	0.9966309341500765	1.0	1.0	0.9952830188679245	0.9955394480066908	1.0	0.9947836759742252	0.9950920245398773	0.9955394480066908	1.0	1.0	0.9966309341500765	0.9950920245398773	0.9947836759742252	0.9983187626092804	0.9950920245398773	1.0	0.9966309341500765	0.9947836759742252	0.9950920245398773	1.0	0.9983187626092804	1.0	1.0	1.0	1.0	0.9969376391982183	0.995279089141905	0.9969376391982183	0.9952593418851088	1.0	0.9988941111418302	0.9988941111418302	1.0	0.9955394480066908	0.9955394480066908	0.9952830188679245	1.0	1.0	1.0	1.0	0.9950920245398773	1.0	1.0	1.0	1.0	1.0	1.0	0.9969503742722484	1.0	1.0	1.0	0.9961154273029966	0.9969503742722484	1.0	1.0	1.0	1.0	0.9969376391982183	1.0	1.0	1.0	1.0	0.9969376391982183	1.0	1.0	0.9955580233203776	0.9955580233203776	0.9955617198335645	1.0	0.9955394480066908	1.0	1.0	0.9955580233203776	1.0	0.9955580233203776	1.0	1.0	1.0	0.8710725893824485	0.9313304721030042	0.0	0.7765166340508807	0.8467773060594366	0.9153365718251214	0.9315191387559809	0.5928571428571429	0.9313304721030042	0.9313304721030042	0.9313304721030042	0.8467773060594366	0.9011465757669662	0.9313304721030042	0.8467773060594366	0.8467773060594366	0.8710725893824485	0.9313304721030042	0.8949828607042692	0.9169445286450439	0.9166161309884778	0.9055555555555556	0.8710725893824485	0.9192377495462795	0.9220689655172414	0.6099568796550372	0.939297124600639	0.6099568796550372	0.6099568796550372	0.28778367938194105	0.8949828607042692	0.9055555555555556	0.9263384836507367	0.89579653832568	0.6099568796550372	0.6099568796550372	0.8949828607042692	0.7765166340508807	0.6099568796550372	0.9138290479499652	0.8467773060594366	0.8467773060594366	0.9313304721030042	0.8467773060594366	0.9011465757669662	0.9375557537912578	0.8949828607042692	0.9375557537912578	0.6099568796550372	0.9011465757669662	0.9042904290429042	0.9220689655172414	0.9321578003586372
p12.G7	0.9965484781926577	0.9949717159019484	0.9949717159019484	1.0	1.0	1.0	1.0	0.9961335676625659	0.9961335676625659	0.9949764521193093	0.9961335676625659	1.0	1.0	1.0	0.9949717159019484	1.0	1.0	1.0	0.9943661971830986	1.0	1.0	1.0	0.9946557686262182	1.0	1.0	1.0	1.0	1.0	1.0	1.0	1.0	0.9949479002210294	1.0	0.9943661971830986	1.0	1.0	1.0	0.9946557686262182	0.9949479002210294	1.0	0.9940119760479041	0.9943661971830986	1.0	0.9987488270253363	1.0	1.0	1.0	0.9961335676625659	1.0	1.0	0.9946608040201005	0.9949479002210294	1.0	0.9940119760479041	0.9943661971830986	0.9949479002210294	1.0	1.0	0.9961335676625659	0.9943661971830986	0.9940119760479041	0.9980422866092404	0.9943661971830986	1.0	0.9961335676625659	0.9940119760479041	0.9943661971830986	1.0	0.9980422866092404	1.0	1.0	1.0	1.0	0.9965321563682219	0.9946557686262182	0.9965321563682219	0.994630448515477	1.0	0.9987488270253363	0.9987488270253363	1.0	0.9949479002210294	0.9949479002210294	0.9946608040201005	1.0	1.0	1.0	1.0	0.9943661971830986	1.0	1.0	1.0	1.0	1.0	1.0	0.9965484781926577	1.0	1.0	1.0	0.9956030150753769	0.9965484781926577	1.0	1.0	1.0	1.0	0.9965321563682219	1.0	1.0	1.0	1.0	0.9965321563682219	1.0	1.0	0.9949717159019484	0.9949717159019484	0.9949764521193093	1.0	0.9949479002210294	1.0	1.0	0.9949717159019484	1.0	0.9949717159019484	1.0	1.0	1.0	0.30663329161451813	0.9123252858958069	0.7765166340508807	0.0	0.8111111111111111	0.5115511551155115	0.9213137187820732	0.9123173277661796	0.9123252858958069	0.9123252858958069	0.9123252858958069	0.8111111111111111	0.9153365718251214	0.9123252858958069	0.8111111111111111	0.8111111111111111	0.30663329161451813	0.9123252858958069	0.8779612347451543	0.8866525423728814	0.8463227222832053	0.8903088391906283	0.30663329161451813	0.8496898941991974	0.6864077669902913	0.9123173277661796	0.9264214046822743	0.9123173277661796	0.9123173277661796	0.8287748220307232	0.8779612347451543	0.8903088391906283	0.9100169779286927	0.395017793594306	0.9123173277661796	0.9123173277661796	0.8779612347451543	0.0	0.9123173277661796	0.783273381294964	0.8111111111111111	0.8111111111111111	0.9123252858958069	0.8111111111111111	0.9153365718251214	0.8743305962156372	0.8779612347451543	0.8743305962156372	0.9123173277661796	0.9153365718251214	0.8795811518324608	0.6864077669902913	0.866235167206041
p13.C1	0.9963922597572975	0.9947437582128777	0.9947437582128777	1.0	1.0	1.0	1.0	0.9959364610269671	0.9959364610269671	0.9947489333770922	0.9959364610269671	1.0	1.0	1.0	0.9947437582128777	1.0	1.0	1.0	0.9940784603997039	1.0	1.0	1.0	0.994413407821229	1.0	1.0	1.0	1.0	1.0	1.0	1.0	1.0	0.994717728623308	1.0	0.9940784603997039	1.0	1.0	1.0	0.994413407821229	0.994717728623308	1.0	0.9937060348019252	0.9940784603997039	1.0	0.9957377049180328	1.0	1.0	1.0	0.9959364610269671	1.0	1.0	0.994418910045962	0.994717728623308	1.0	0.9937060348019252	0.9940784603997039	0.994717728623308	1.0	1.0	0.9959364610269671	0.9940784603997039	0.9937060348019252	0.9979304635761589	0.9940784603997039	1.0	0.9959364610269671	0.9937060348019252	0.9940784603997039	1.0	0.9979304635761589	1.0	1.0	1.0	1.0	0.9963744232036915	0.994413407821229	0.9963744232036915	0.9943857331571995	1.0	0.9957377049180328	0.9957377049180328	1.0	0.994717728623308	0.994717728623308	0.994418910045962	1.0	1.0	1.0	1.0	0.9940784603997039	1.0	1.0	1.0	1.0	1.0	1.0	0.9963922597572975	1.0	1.0	1.0	0.9954038082731451	0.9963922597572975	1.0	1.0	1.0	1.0	0.9963744232036915	1.0	1.0	1.0	1.0	0.9963744232036915	1.0	1.0	0.9947437582128777	0.9947437582128777	0.9947489333770922	1.0	0.994717728623308	1.0	1.0	0.9947437582128777	1.0	0.9947437582128777	1.0	1.0	1.0	0.8499776085982982	0.662630709961475	0.8467773060594366	0.8111111111111111	0.0	0.9118644067796611	0.9083997103548154	0.9201301048066498	0.662630709961475	0.662630709961475	0.662630709961475	0.0	0.8970099667774086	0.662630709961475	0.0	0.0	0.8499776085982982	0.662630709961475	0.8900445765230312	0.9193548387096774	0.8980263157894737	0.9026808666911494	0.8499776085982982	0.8951997068523269	0.9201009251471826	0.9201301048066498	0.6648351648351649	0.9201301048066498	0.9201301048066498	0.8369015181004282	0.8900445765230312	0.9026808666911494	0.784392196098049	0.8766404199475065	0.9201301048066498	0.9201301048066498	0.8900445765230312	0.8111111111111111	0.9201301048066498	0.8790920995198603	0.0	0.0	0.662630709961475	0.0	0.8970099667774086	0.9323654390934845	0.8900445765230312	0.9323654390934845	0.9201301048066498	0.8970099667774086	0.5921205098493627	0.9201009251471826	0.9115523465703971
p13.D10	0.9965484781926577	0.9949717159019484	0.9949717159019484	1.0	1.0	1.0	1.0	0.9961335676625659	0.9961335676625659	0.9949764521193093	0.9961335676625659	1.0	1.0	1.0	0.9949717159019484	1.0	1.0	1.0	0.9943661971830986	1.0	1.0	1.0	0.9946557686262182	1.0	1.0	1.0	1.0	1.0	1.0	1.0	1.0	0.9949479002210294	1.0	0.9943661971830986	1.0	1.0	1.0	0.9946557686262182	0.9949479002210294	1.0	0.9940119760479041	0.9943661971830986	1.0	0.9987488270253363	1.0	1.0	1.0	0.9961335676625659	1.0	1.0	0.9946608040201005	0.9949479002210294	1.0	0.9940119760479041	0.9943661971830986	0.9949479002210294	1.0	1.0	0.9961335676625659	0.9943661971830986	0.9940119760479041	0.9980422866092404	0.9943661971830986	1.0	0.9961335676625659	0.9940119760479041	0.9943661971830986	1.0	0.9980422866092404	1.0	1.0	1.0	1.0	0.9965321563682219	0.9946557686262182	0.9965321563682219	0.994630448515477	1.0	0.9987488270253363	0.9987488270253363	1.0	0.9949479002210294	0.9949479002210294	0.9946608040201005	1.0	1.0	1.0	1.0	0.9943661971830986	1.0	1.0	1.0	1.0	1.0	1.0	0.9965484781926577	1.0	1.0	1.0	0.9956030150753769	0.9965484781926577	1.0	1.0	1.0	1.0	0.9965321563682219	1.0	1.0	1.0	1.0	0.9965321563682219	1.0	1.0	0.9949717159019484	0.9949717159019484	0.9949764521193093	1.0	0.9949479002210294	1.0	1.0	0.9949717159019484	1.0	0.9949717159019484	1.0	1.0	1.0	0.5365062195781504	0.9164556962025316	0.9153365718251214	0.5115511551155115	0.9118644067796611	0.0	0.8960084033613446	0.9202072538860103	0.9164556962025316	0.9164556962025316	0.9164556962025316	0.9118644067796611	0.9027729027729028	0.9164556962025316	0.9118644067796611	0.9118644067796611	0.5365062195781504	0.9164556962025316	0.9316473000683527	0.8420859346309217	0.8759358288770054	0.9428474805546162	0.5365062195781504	0.8743305962156372	0.5196936542669583	0.9202072538860103	0.9114031369224247	0.9202072538860103	0.9202072538860103	0.9119387399930386	0.9316473000683527	0.9428474805546162	0.8987993138936535	0.509090909090909	0.9202072538860103	0.9202072538860103	0.9316473000683527	0.5115511551155115	0.9202072538860103	0.7199621570482497	0.9118644067796611	0.9118644067796611	0.9164556962025316	0.9118644067796611	0.9027729027729028	0.8065859197577593	0.9316473000683527	0.8065859197577593	0.9202072538860103	0.9027729027729028	0.8868660598179454	0.5196936542669583	0.8771367521367521
p13.F3	0.9969730324711062	0.996420704845815	0.996420704845815	1.0	1.0	1.0	1.0	0.9966585662211421	0.9966585662211421	0.9964236588720771	0.9966585662211421	1.0	1.0	1.0	0.996420704845815	1.0	1.0	1.0	0.996048632218845	1.0	1.0	1.0	0.996420704845815	1.0	1.0	1.0	1.0	1.0	1.0	1.0	1.0	0.9964058612109483	1.0	0.996048632218845	1.0	1.0	1.0	0.996420704845815	0.9964058612109483	1.0	0.996048632218845	0.996048632218845	1.0	0.9989023051591658	1.0	1.0	1.0	0.9966585662211421	1.0	1.0	0.9964236588720771	0.9964058612109483	1.0	0.996048632218845	0.996048632218845	0.9964058612109483	1.0	1.0	0.9966585662211421	0.996048632218845	0.996048632218845	0.9993342210386151	0.996048632218845	1.0	0.9966585662211421	0.996048632218845	0.996048632218845	1.0	0.9993342210386151	1.0	1.0	1.0	1.0	0.9969604863221885	0.996420704845815	0.9969604863221885	0.9964058612109483	1.0	0.9989023051591658	0.9989023051591658	1.0	0.9964058612109483	0.9964058612109483	0.9964236588720771	1.0	1.0	1.0	1.0	0.996048632218845	1.0	1.0	1.0	1.0	1.0	1.0	0.9969730324711062	1.0	1.0	1.0	0.9961443128614706	0.9969730324711062	1.0	1.0	1.0	1.0	0.9969604863221885	1.0	1.0	1.0	1.0	0.9969604863221885	1.0	1.0	0.996420704845815	0.996420704845815	0.9964236588720771	1.0	0.9964058612109483	1.0	1.0	0.996420704845815	1.0	0.996420704845815	1.0	1.0	1.0	0.9150034411562284	0.9409905163329821	0.9315191387559809	0.9213137187820732	0.9083997103548154	0.8960084033613446	0.0	0.9472598703594579	0.9409905163329821	0.9409905163329821	0.9409905163329821	0.9083997103548154	0.9129905689078187	0.9409905163329821	0.9083997103548154	0.9083997103548154	0.9150034411562284	0.9409905163329821	0.9002770083102493	0.5483870967741935	0.750433877125998	0.9063360881542699	0.9150034411562284	0.727015558698727	0.8831030818278427	0.9472598703594579	0.9413623595505618	0.9472598703594579	0.9472598703594579	0.9311995213879749	0.9002770083102493	0.9063360881542699	0.9334984082065794	0.9290081521739131	0.9472598703594579	0.9472598703594579	0.9002770083102493	0.9213137187820732	0.9472598703594579	0.8625541125541125	0.9083997103548154	0.9083997103548154	0.9409905163329821	0.9083997103548154	0.9129905689078187	0.7292622661489587	0.9002770083102493	0.7292622661489587	0.9472598703594579	0.9129905689078187	0.9417339417339418	0.8831030818278427	0.7301587301587302
p20.D4	0.9969503742722484	0.9969503742722484	0.9969503742722484	1.0	1.0	1.0	1.0	0.9966309341500765	0.9966309341500765	0.9969529085872576	0.9966309341500765	1.0	1.0	1.0	0.9969503742722484	1.0	1.0	1.0	0.9966309341500765	1.0	1.0	1.0	0.9969503742722484	1.0	1.0	1.0	1.0	1.0	1.0	1.0	1.0	0.9969376391982183	1.0	0.9966309341500765	1.0	1.0	1.0	0.9969503742722484	0.9969376391982183	1.0	0.9966309341500765	0.9966309341500765	1.0	0.9988941111418302	1.0	1.0	1.0	0.9966309341500765	1.0	1.0	0.9969529085872576	0.9969376391982183	1.0	0.9966309341500765	0.9966309341500765	0.9969376391982183	1.0	1.0	0.9966309341500765	0.9966309341500765	0.9966309341500765	1.0	0.9966309341500765	1.0	0.9966309341500765	0.9966309341500765	0.9966309341500765	1.0	1.0	1.0	1.0	1.0	1.0	0.9969376391982183	0.9969503742722484	0.9969376391982183	0.9969376391982183	1.0	0.9988941111418302	0.9988941111418302	1.0	0.9969376391982183	0.9969376391982183	0.9969529085872576	1.0	1.0	1.0	1.0	0.9966309341500765	1.0	1.0	1.0	1.0	1.0	1.0	0.9969503742722484	1.0	1.0	1.0	0.9961154273029966	0.9969503742722484	1.0	1.0	1.0	1.0	0.9969376391982183	1.0	1.0	1.0	1.0	0.9969376391982183	1.0	1.0	0.9969503742722484	0.9969503742722484	0.9969529085872576	1.0	0.9969376391982183	1.0	1.0	0.9969503742722484	1.0	0.9969503742722484	1.0	1.0	1.0	0.8992957746478873	0.8409619860356866	0.5928571428571429	0.9123173277661796	0.9201301048066498	0.9202072538860103	0.9472598703594579	0.0	0.8409619860356866	0.8409619860356866	0.8409619860356866	0.9201301048066498	0.9105990783410138	0.8409619860356866	0.9201301048066498	0.9201301048066498	0.8992957746478873	0.8409619860356866	0.9092586896339587	0.9172727272727272	0.8463028737487892	0.8987577639751553	0.8992957746478873	0.8982423681776133	0.917215102182196	0.03436807095343686	0.8681818181818182	0.03436807095343686	0.03436807095343686	0.5973101265822784	0.9092586896339587	0.8987577639751553	0.8863212821468506	0.8903088391906283	0.03436807095343686	0.03436807095343686	0.9092586896339587	0.9123173277661796	0.03436807095343686	0.9202072538860103	0.9201301048066498	0.9201301048066498	0.8409619860356866	0.9201301048066498	0.9105990783410138	0.9555685472084186	0.9092586896339587	0.9555685472084186	0.03436807095343686	0.9105990783410138	0.838258164852255	0.917215102182196	0.9146415552855407
p20.F10	1.0	1.0	1.0	1.0	1.0	1.0	1.0	1.0	1.0	1.0	1.0	1.0	1.0	1.0	1.0	1.0	1.0	1.0	1.0	1.0	1.0	1.0	1.0	1.0	1.0	1.0	1.0	1.0	1.0	1.0	1.0	1.0	1.0	1.0	1.0	1.0	1.0	1.0	1.0	1.0	1.0	1.0	1.0	0.9996734160679295	1.0	1.0	1.0	1.0	1.0	1.0	1.0	1.0	1.0	1.0	1.0	1.0	1.0	1.0	1.0	1.0	1.0	1.0	1.0	1.0	1.0	1.0	1.0	1.0	1.0	1.0	1.0	1.0	1.0	1.0	1.0	1.0	1.0	1.0	0.9996734160679295	0.9996734160679295	1.0	1.0	1.0	1.0	1.0	1.0	1.0	1.0	1.0	1.0	1.0	1.0	1.0	1.0	1.0	1.0	1.0	1.0	1.0	1.0	1.0	1.0	1.0	1.0	1.0	1.0	1.0	1.0	1.0	1.0	1.0	1.0	1.0	1.0	1.0	1.0	1.0	1.0	1.0	1.0	1.0	1.0	1.0	1.0	1.0	1.0	0.9025641025641026	0.0	0.9313304721030042	0.9123252858958069	0.662630709961475	0.9164556962025316	0.9409905163329821	0.8409619860356866	0.0	0.0	0.0	0.662630709961475	0.9026808666911494	0.0	0.662630709961475	0.662630709961475	0.9025641025641026	0.0	0.9358974358974359	0.8626933232742362	0.8111198738170347	0.9290322580645162	0.9025641025641026	0.8690922730682671	0.8959587274290628	0.8409619860356866	0.09710258418167583	0.8409619860356866	0.8409619860356866	0.9305654974946314	0.9358974358974359	0.9290322580645162	0.717001055966209	0.8746713409290097	0.8409619860356866	0.8409619860356866	0.9358974358974359	0.9123252858958069	0.8409619860356866	0.9035012809564474	0.662630709961475	0.662630709961475	0.0	0.662630709961475	0.9026808666911494	0.9450664800559831	0.9358974358974359	0.9450664800559831	0.8409619860356866	0.9026808666911494	0.6002304147465438	0.8959587274290628	0.8939838591342627
p20.G9	1.0	1.0	1.0	1.0	1.0	1.0	1.0	1.0	1.0	1.0	1.0	1.0	1.0	1.0	1.0	1.0	1.0	1.0	1.0	1.0	1.0	1.0	1.0	1.0	1.0	1.0	1.0	1.0	1.0	1.0	1.0	1.0	1.0	1.0	1.0	1.0	1.0	1.0	1.0	1.0	1.0	1.0	1.0	0.9996734160679295	1.0	1.0	1.0	1.0	1.0	1.0	1.0	1.0	1.0	1.0	1.0	1.0	1.0	1.0	1.0	1.0	1.0	1.0	1.0	1.0	1.0	1.0	1.0	1.0	1.0	1.0	1.0	1.0	1.0	1.0	1.0	1.0	1.0	1.0	0.9996734160679295	0.9996734160679295	1.0	1.0	1.0	1.0	1.0	1.0	1.0	1.0	1.0	1.0	1.0	1.0	1.0	1.0	1.0	1.0	1.0	1.0	1.0	1.0	1.0	1.0	1.0	1.0	1.0	1.0	1.0	1.0	1.0	1.0	1.0	1.0	1.0	1.0	1.0	1.0	1.0	1.0	1.0	1.0	1.0	1.0	1.0	1.0	1.0	1.0	0.9025641025641026	0.0	0.9313304721030042	0.9123252858958069	0.662630709961475	0.9164556962025316	0.9409905163329821	0.8409619860356866	0.0	0.0	0.0	0.662630709961475	0.9026808666911494	0.0	0.662630709961475	0.662630709961475	0.9025641025641026	0.0	0.9358974358974359	0.8626933232742362	0.8111198738170347	0.9290322580645162	0.9025641025641026	0.8690922730682671	0.8959587274290628	0.8409619860356866	0.09710258418167583	0.8409619860356866	0.8409619860356866	0.9305654974946314	0.9358974358974359	0.9290322580645162	0.717001055966209	0.8746713409290097	0.8409619860356866	0.8409619860356866	0.9358974358974359	0.9123252858958069	0.8409619860356866	0.9035012809564474	0.662630709961475	0.662630709961475	0.0	0.662630709961475	0.9026808666911494	0.9450664800559831	0.9358974358974359	0.9450664800559831	0.8409619860356866	0.9026808666911494	0.6002304147465438	0.8959587274290628	0.8939838591342627
p21.A8	1.0	1.0	1.0	1.0	1.0	1.0	1.0	1.0	1.0	1.0	1.0	1.0	1.0	1.0	1.0	1.0	1.0	1.0	1.0	1.0	1.0	1.0	1.0	1.0	1.0	1.0	1.0	1.0	1.0	1.0	1.0	1.0	1.0	1.0	1.0	1.0	1.0	1.0	1.0	1.0	1.0	1.0	1.0	0.9996734160679295	1.0	1.0	1.0	1.0	1.0	1.0	1.0	1.0	1.0	1.0	1.0	1.0	1.0	1.0	1.0	1.0	1.0	1.0	1.0	1.0	1.0	1.0	1.0	1.0	1.0	1.0	1.0	1.0	1.0	1.0	1.0	1.0	1.0	1.0	0.9996734160679295	0.9996734160679295	1.0	1.0	1.0	1.0	1.0	1.0	1.0	1.0	1.0	1.0	1.0	1.0	1.0	1.0	1.0	1.0	1.0	1.0	1.0	1.0	1.0	1.0	1.0	1.0	1.0	1.0	1.0	1.0	1.0	1.0	1.0	1.0	1.0	1.0	1.0	1.0	1.0	1.0	1.0	1.0	1.0	1.0	1.0	1.0	1.0	1.0	0.9025641025641026	0.0	0.9313304721030042	0.9123252858958069	0.662630709961475	0.9164556962025316	0.9409905163329821	0.8409619860356866	0.0	0.0	0.0	0.662630709961475	0.9026808666911494	0.0	0.662630709961475	0.662630709961475	0.9025641025641026	0.0	0.9358974358974359	0.8626933232742362	0.8111198738170347	0.9290322580645162	0.9025641025641026	0.8690922730682671	0.8959587274290628	0.8409619860356866	0.09710258418167583	0.8409619860356866	0.8409619860356866	0.9305654974946314	0.9358974358974359	0.9290322580645162	0.717001055966209	0.8746713409290097	0.8409619860356866	0.8409619860356866	0.9358974358974359	0.9123252858958069	0.8409619860356866	0.9035012809564474	0.662630709961475	0.662630709961475	0.0	0.662630709961475	0.9026808666911494	0.9450664800559831	0.9358974358974359	0.9450664800559831	0.8409619860356866	0.9026808666911494	0.6002304147465438	0.8959587274290628	0.8939838591342627
p21.E3	0.9963922597572975	0.9947437582128777	0.9947437582128777	1.0	1.0	1.0	1.0	0.9959364610269671	0.9959364610269671	0.9947489333770922	0.9959364610269671	1.0	1.0	1.0	0.9947437582128777	1.0	1.0	1.0	0.9940784603997039	1.0	1.0	1.0	0.994413407821229	1.0	1.0	1.0	1.0	1.0	1.0	1.0	1.0	0.994717728623308	1.0	0.9940784603997039	1.0	1.0	1.0	0.994413407821229	0.994717728623308	1.0	0.9937060348019252	0.9940784603997039	1.0	0.9957377049180328	1.0	1.0	1.0	0.9959364610269671	1.0	1.0	0.994418910045962	0.994717728623308	1.0	0.9937060348019252	0.9940784603997039	0.994717728623308	1.0	1.0	0.9959364610269671	0.9940784603997039	0.9937060348019252	0.9979304635761589	0.9940784603997039	1.0	0.9959364610269671	0.9937060348019252	0.9940784603997039	1.0	0.9979304635761589	1.0	1.0	1.0	1.0	0.9963744232036915	0.994413407821229	0.9963744232036915	0.9943857331571995	1.0	0.9957377049180328	0.9957377049180328	1.0	0.994717728623308	0.994717728623308	0.994418910045962	1.0	1.0	1.0	1.0	0.9940784603997039	1.0	1.0	1.0	1.0	1.0	1.0	0.9963922597572975	1.0	1.0	1.0	0.9954038082731451	0.9963922597572975	1.0	1.0	1.0	1.0	0.9963744232036915	1.0	1.0	1.0	1.0	0.9963744232036915	1.0	1.0	0.9947437582128777	0.9947437582128777	0.9947489333770922	1.0	0.994717728623308	1.0	1.0	0.9947437582128777	1.0	0.9947437582128777	1.0	1.0	1.0	0.8499776085982982	0.662630709961475	0.8467773060594366	0.8111111111111111	0.0	0.9118644067796611	0.9083997103548154	0.9201301048066498	0.662630709961475	0.662630709961475	0.662630709961475	0.0	0.8970099667774086	0.662630709961475	0.0	0.0	0.8499776085982982	0.662630709961475	0.8900445765230312	0.9193548387096774	0.8980263157894737	0.9026808666911494	0.8499776085982982	0.8951997068523269	0.9201009251471826	0.9201301048066498	0.6648351648351649	0.9201301048066498	0.9201301048066498	0.8369015181004282	0.8900445765230312	0.9026808666911494	0.784392196098049	0.8766404199475065	0.9201301048066498	0.9201301048066498	0.8900445765230312	0.8111111111111111	0.9201301048066498	0.8790920995198603	0.0	0.0	0.662630709961475	0.0	0.8970099667774086	0.9323654390934845	0.8900445765230312	0.9323654390934845	0.9201301048066498	0.8970099667774086	0.5921205098493627	0.9201009251471826	0.9115523465703971
p21.F1	0.9969503742722484	0.9963938973647711	0.9963938973647711	1.0	1.0	1.0	1.0	0.9966309341500765	0.9966309341500765	0.9963968957871396	0.9966309341500765	1.0	1.0	1.0	0.9963938973647711	1.0	1.0	1.0	0.9960159362549801	1.0	1.0	1.0	0.9963938973647711	1.0	1.0	1.0	1.0	1.0	1.0	1.0	1.0	0.9963788300835654	1.0	0.9960159362549801	1.0	1.0	1.0	0.9963938973647711	0.9963788300835654	1.0	0.9960159362549801	0.9960159362549801	1.0	0.9988941111418302	1.0	1.0	1.0	0.9966309341500765	1.0	1.0	0.9963968957871396	0.9963788300835654	1.0	0.9960159362549801	0.9960159362549801	0.9963788300835654	1.0	1.0	0.9966309341500765	0.9960159362549801	0.9960159362549801	0.9993281827342962	0.9960159362549801	1.0	0.9966309341500765	0.9960159362549801	0.9960159362549801	1.0	0.9993281827342962	1.0	1.0	1.0	1.0	0.9969376391982183	0.9963938973647711	0.9969376391982183	0.9963788300835654	1.0	0.9988941111418302	0.9988941111418302	1.0	0.9963788300835654	0.9963788300835654	0.9963968957871396	1.0	1.0	1.0	1.0	0.9960159362549801	1.0	1.0	1.0	1.0	1.0	1.0	0.9969503742722484	1.0	1.0	1.0	0.9961154273029966	0.9969503742722484	1.0	1.0	1.0	1.0	0.9969376391982183	1.0	1.0	1.0	1.0	0.9969376391982183	1.0	1.0	0.9963938973647711	0.9963938973647711	0.9963968957871396	1.0	0.9963788300835654	1.0	1.0	0.9963938973647711	1.0	0.9963938973647711	1.0	1.0	1.0	0.8755395683453238	0.9026808666911494	0.9011465757669662	0.9153365718251214	0.8970099667774086	0.9027729027729028	0.9129905689078187	0.9105990783410138	0.9026808666911494	0.9026808666911494	0.9026808666911494	0.8970099667774086	0.0	0.9026808666911494	0.8970099667774086	0.8970099667774086	0.8755395683453238	0.9026808666911494	0.809267965077233	0.9350223546944858	0.9053308823529411	0.8164218958611482	0.8755395683453238	0.905666156202144	0.9145833333333333	0.9105990783410138	0.9074954296160878	0.9105990783410138	0.9105990783410138	0.875	0.809267965077233	0.8164218958611482	0.9114754098360656	0.8907026259758695	0.9105990783410138	0.9105990783410138	0.809267965077233	0.9153365718251214	0.9105990783410138	0.8460686600221484	0.8970099667774086	0.8970099667774086	0.9026808666911494	0.8970099667774086	0.0	0.9324768449357633	0.809267965077233	0.9324768449357633	0.9105990783410138	0.0	0.8941524796447076	0.9145833333333333	0.9149711509262071
p21.F9	1.0	1.0	1.0	1.0	1.0	1.0	1.0	1.0	1.0	1.0	1.0	1.0	1.0	1.0	1.0	1.0	1.0	1.0	1.0	1.0	1.0	1.0	1.0	1.0	1.0	1.0	1.0	1.0	1.0	1.0	1.0	1.0	1.0	1.0	1.0	1.0	1.0	1.0	1.0	1.0	1.0	1.0	1.0	0.9996734160679295	1.0	1.0	1.0	1.0	1.0	1.0	1.0	1.0	1.0	1.0	1.0	1.0	1.0	1.0	1.0	1.0	1.0	1.0	1.0	1.0	1.0	1.0	1.0	1.0	1.0	1.0	1.0	1.0	1.0	1.0	1.0	1.0	1.0	1.0	0.9996734160679295	0.9996734160679295	1.0	1.0	1.0	1.0	1.0	1.0	1.0	1.0	1.0	1.0	1.0	1.0	1.0	1.0	1.0	1.0	1.0	1.0	1.0	1.0	1.0	1.0	1.0	1.0	1.0	1.0	1.0	1.0	1.0	1.0	1.0	1.0	1.0	1.0	1.0	1.0	1.0	1.0	1.0	1.0	1.0	1.0	1.0	1.0	1.0	1.0	0.9025641025641026	0.0	0.9313304721030042	0.9123252858958069	0.662630709961475	0.9164556962025316	0.9409905163329821	0.8409619860356866	0.0	0.0	0.0	0.662630709961475	0.9026808666911494	0.0	0.662630709961475	0.662630709961475	0.9025641025641026	0.0	0.9358974358974359	0.8626933232742362	0.8111198738170347	0.9290322580645162	0.9025641025641026	0.8690922730682671	0.8959587274290628	0.8409619860356866	0.09710258418167583	0.8409619860356866	0.8409619860356866	0.9305654974946314	0.9358974358974359	0.9290322580645162	0.717001055966209	0.8746713409290097	0.8409619860356866	0.8409619860356866	0.9358974358974359	0.9123252858958069	0.8409619860356866	0.9035012809564474	0.662630709961475	0.662630709961475	0.0	0.662630709961475	0.9026808666911494	0.9450664800559831	0.9358974358974359	0.9450664800559831	0.8409619860356866	0.9026808666911494	0.6002304147465438	0.8959587274290628	0.8939838591342627
p22.A8	0.9963922597572975	0.9947437582128777	0.9947437582128777	1.0	1.0	1.0	1.0	0.9959364610269671	0.9959364610269671	0.9947489333770922	0.9959364610269671	1.0	1.0	1.0	0.9947437582128777	1.0	1.0	1.0	0.9940784603997039	1.0	1.0	1.0	0.994413407821229	1.0	1.0	1.0	1.0	1.0	1.0	1.0	1.0	0.994717728623308	1.0	0.9940784603997039	1.0	1.0	1.0	0.994413407821229	0.994717728623308	1.0	0.9937060348019252	0.9940784603997039	1.0	0.9957377049180328	1.0	1.0	1.0	0.9959364610269671	1.0	1.0	0.994418910045962	0.994717728623308	1.0	0.9937060348019252	0.9940784603997039	0.994717728623308	1.0	1.0	0.9959364610269671	0.9940784603997039	0.9937060348019252	0.9979304635761589	0.9940784603997039	1.0	0.9959364610269671	0.9937060348019252	0.9940784603997039	1.0	0.9979304635761589	1.0	1.0	1.0	1.0	0.9963744232036915	0.994413407821229	0.9963744232036915	0.9943857331571995	1.0	0.9957377049180328	0.9957377049180328	1.0	0.994717728623308	0.994717728623308	0.994418910045962	1.0	1.0	1.0	1.0	0.9940784603997039	1.0	1.0	1.0	1.0	1.0	1.0	0.9963922597572975	1.0	1.0	1.0	0.9954038082731451	0.9963922597572975	1.0	1.0	1.0	1.0	0.9963744232036915	1.0	1.0	1.0	1.0	0.9963744232036915	1.0	1.0	0.9947437582128777	0.9947437582128777	0.9947489333770922	1.0	0.994717728623308	1.0	1.0	0.9947437582128777	1.0	0.9947437582128777	1.0	1.0	1.0	0.8499776085982982	0.662630709961475	0.8467773060594366	0.8111111111111111	0.0	0.9118644067796611	0.9083997103548154	0.9201301048066498	0.662630709961475	0.662630709961475	0.662630709961475	0.0	0.8970099667774086	0.662630709961475	0.0	0.0	0.8499776085982982	0.662630709961475	0.8900445765230312	0.9193548387096774	0.8980263157894737	0.9026808666911494	0.8499776085982982	0.8951997068523269	0.9201009251471826	0.9201301048066498	0.6648351648351649	0.9201301048066498	0.9201301048066498	0.8369015181004282	0.8900445765230312	0.9026808666911494	0.784392196098049	0.8766404199475065	0.9201301048066498	0.9201301048066498	0.8900445765230312	0.8111111111111111	0.9201301048066498	0.8790920995198603	0.0	0.0	0.662630709961475	0.0	0.8970099667774086	0.9323654390934845	0.8900445765230312	0.9323654390934845	0.9201301048066498	0.8970099667774086	0.5921205098493627	0.9201009251471826	0.9115523465703971
p22.B5	0.9963922597572975	0.9947437582128777	0.9947437582128777	1.0	1.0	1.0	1.0	0.9959364610269671	0.9959364610269671	0.9947489333770922	0.9959364610269671	1.0	1.0	1.0	0.9947437582128777	1.0	1.0	1.0	0.9940784603997039	1.0	1.0	1.0	0.994413407821229	1.0	1.0	1.0	1.0	1.0	1.0	1.0	1.0	0.994717728623308	1.0	0.9940784603997039	1.0	1.0	1.0	0.994413407821229	0.994717728623308	1.0	0.9937060348019252	0.9940784603997039	1.0	0.9957377049180328	1.0	1.0	1.0	0.9959364610269671	1.0	1.0	0.994418910045962	0.994717728623308	1.0	0.9937060348019252	0.9940784603997039	0.994717728623308	1.0	1.0	0.9959364610269671	0.9940784603997039	0.9937060348019252	0.9979304635761589	0.9940784603997039	1.0	0.9959364610269671	0.9937060348019252	0.9940784603997039	1.0	0.9979304635761589	1.0	1.0	1.0	1.0	0.9963744232036915	0.994413407821229	0.9963744232036915	0.9943857331571995	1.0	0.9957377049180328	0.9957377049180328	1.0	0.994717728623308	0.994717728623308	0.994418910045962	1.0	1.0	1.0	1.0	0.9940784603997039	1.0	1.0	1.0	1.0	1.0	1.0	0.9963922597572975	1.0	1.0	1.0	0.9954038082731451	0.9963922597572975	1.0	1.0	1.0	1.0	0.9963744232036915	1.0	1.0	1.0	1.0	0.9963744232036915	1.0	1.0	0.9947437582128777	0.9947437582128777	0.9947489333770922	1.0	0.994717728623308	1.0	1.0	0.9947437582128777	1.0	0.9947437582128777	1.0	1.0	1.0	0.8499776085982982	0.662630709961475	0.8467773060594366	0.8111111111111111	0.0	0.9118644067796611	0.9083997103548154	0.9201301048066498	0.662630709961475	0.662630709961475	0.662630709961475	0.0	0.8970099667774086	0.662630709961475	0.0	0.0	0.8499776085982982	0.662630709961475	0.8900445765230312	0.9193548387096774	0.8980263157894737	0.9026808666911494	0.8499776085982982	0.8951997068523269	0.9201009251471826	0.9201301048066498	0.6648351648351649	0.9201301048066498	0.9201301048066498	0.8369015181004282	0.8900445765230312	0.9026808666911494	0.784392196098049	0.8766404199475065	0.9201301048066498	0.9201301048066498	0.8900445765230312	0.8111111111111111	0.9201301048066498	0.8790920995198603	0.0	0.0	0.662630709961475	0.0	0.8970099667774086	0.9323654390934845	0.8900445765230312	0.9323654390934845	0.9201301048066498	0.8970099667774086	0.5921205098493627	0.9201009251471826	0.9115523465703971
p22.C1	0.9965484781926577	0.9949717159019484	0.9949717159019484	1.0	1.0	1.0	1.0	0.9961335676625659	0.9961335676625659	0.9949764521193093	0.9961335676625659	1.0	1.0	1.0	0.9949717159019484	1.0	1.0	1.0	0.9943661971830986	1.0	1.0	1.0	0.9946557686262182	1.0	1.0	1.0	1.0	1.0	1.0	1.0	1.0	0.9949479002210294	1.0	0.9943661971830986	1.0	1.0	1.0	0.9946557686262182	0.9949479002210294	1.0	0.9940119760479041	0.9943661971830986	1.0	0.9987488270253363	1.0	1.0	1.0	0.9961335676625659	1.0	1.0	0.9946608040201005	0.9949479002210294	1.0	0.9940119760479041	0.9943661971830986	0.9949479002210294	1.0	1.0	0.9961335676625659	0.9943661971830986	0.9940119760479041	0.9980422866092404	0.9943661971830986	1.0	0.9961335676625659	0.9940119760479041	0.9943661971830986	1.0	0.9980422866092404	1.0	1.0	1.0	1.0	0.9965321563682219	0.9946557686262182	0.9965321563682219	0.994630448515477	1.0	0.9987488270253363	0.9987488270253363	1.0	0.9949479002210294	0.9949479002210294	0.9946608040201005	1.0	1.0	1.0	1.0	0.9943661971830986	1.0	1.0	1.0	1.0	1.0	1.0	0.9965484781926577	1.0	1.0	1.0	0.9956030150753769	0.9965484781926577	1.0	1.0	1.0	1.0	0.9965321563682219	1.0	1.0	1.0	1.0	0.9965321563682219	1.0	1.0	0.9949717159019484	0.9949717159019484	0.9949764521193093	1.0	0.9949479002210294	1.0	1.0	0.9949717159019484	1.0	0.9949717159019484	1.0	1.0	1.0	0.0	0.9025641025641026	0.8710725893824485	0.30663329161451813	0.8499776085982982	0.5365062195781504	0.9150034411562284	0.8992957746478873	0.9025641025641026	0.9025641025641026	0.9025641025641026	0.8499776085982982	0.8755395683453238	0.9025641025641026	0.8499776085982982	0.8499776085982982	0.0	0.9025641025641026	0.8731074260994953	0.9082409972299169	0.8480087687248813	0.8855614973262032	0.0	0.8433602347762289	0.7126546146527117	0.8992957746478873	0.9169126950653732	0.8992957746478873	0.8992957746478873	0.8199320498301246	0.8731074260994953	0.8855614973262032	0.8940568475452196	0.3883263847528291	0.8992957746478873	0.8992957746478873	0.8731074260994953	0.30663329161451813	0.8992957746478873	0.6819288845591817	0.8499776085982982	0.8499776085982982	0.9025641025641026	0.8499776085982982	0.8755395683453238	0.8862592723419287	0.8731074260994953	0.8862592723419287	0.8992957746478873	0.8755395683453238	0.8751642575558476	0.7126546146527117	0.8596745027124774
p22.D1	1.0	1.0	1.0	1.0	1.0	1.0	1.0	1.0	1.0	1.0	1.0	1.0	1.0	1.0	1.0	1.0	1.0	1.0	1.0	1.0	1.0	1.0	1.0	1.0	1.0	1.0	1.0	1.0	1.0	1.0	1.0	1.0	1.0	1.0	1.0	1.0	1.0	1.0	1.0	1.0	1.0	1.0	1.0	0.9996734160679295	1.0	1.0	1.0	1.0	1.0	1.0	1.0	1.0	1.0	1.0	1.0	1.0	1.0	1.0	1.0	1.0	1.0	1.0	1.0	1.0	1.0	1.0	1.0	1.0	1.0	1.0	1.0	1.0	1.0	1.0	1.0	1.0	1.0	1.0	0.9996734160679295	0.9996734160679295	1.0	1.0	1.0	1.0	1.0	1.0	1.0	1.0	1.0	1.0	1.0	1.0	1.0	1.0	1.0	1.0	1.0	1.0	1.0	1.0	1.0	1.0	1.0	1.0	1.0	1.0	1.0	1.0	1.0	1.0	1.0	1.0	1.0	1.0	1.0	1.0	1.0	1.0	1.0	1.0	1.0	1.0	1.0	1.0	1.0	1.0	0.9025641025641026	0.0	0.9313304721030042	0.9123252858958069	0.662630709961475	0.9164556962025316	0.9409905163329821	0.8409619860356866	0.0	0.0	0.0	0.662630709961475	0.9026808666911494	0.0	0.662630709961475	0.662630709961475	0.9025641025641026	0.0	0.9358974358974359	0.8626933232742362	0.8111198738170347	0.9290322580645162	0.9025641025641026	0.8690922730682671	0.8959587274290628	0.8409619860356866	0.09710258418167583	0.8409619860356866	0.8409619860356866	0.9305654974946314	0.9358974358974359	0.9290322580645162	0.717001055966209	0.8746713409290097	0.8409619860356866	0.8409619860356866	0.9358974358974359	0.9123252858958069	0.8409619860356866	0.9035012809564474	0.662630709961475	0.662630709961475	0.0	0.662630709961475	0.9026808666911494	0.9450664800559831	0.9358974358974359	0.9450664800559831	0.8409619860356866	0.9026808666911494	0.6002304147465438	0.8959587274290628	0.8939838591342627
p22.D4	0.9969503742722484	0.9955580233203776	0.9955580233203776	1.0	1.0	1.0	1.0	0.9966309341500765	0.9966309341500765	0.9955617198335645	0.9966309341500765	1.0	1.0	1.0	0.9955580233203776	1.0	1.0	1.0	0.9950920245398773	1.0	1.0	1.0	0.995279089141905	1.0	1.0	1.0	1.0	1.0	1.0	1.0	1.0	0.9955394480066908	1.0	0.9950920245398773	1.0	1.0	1.0	0.995279089141905	0.9955394480066908	1.0	0.9947836759742252	0.9950920245398773	1.0	0.9988941111418302	1.0	1.0	1.0	0.9966309341500765	1.0	1.0	0.9952830188679245	0.9955394480066908	1.0	0.9947836759742252	0.9950920245398773	0.9955394480066908	1.0	1.0	0.9966309341500765	0.9950920245398773	0.9947836759742252	0.9983187626092804	0.9950920245398773	1.0	0.9966309341500765	0.9947836759742252	0.9950920245398773	1.0	0.9983187626092804	1.0	1.0	1.0	1.0	0.9969376391982183	0.995279089141905	0.9969376391982183	0.9952593418851088	1.0	0.9988941111418302	0.9988941111418302	1.0	0.9955394480066908	0.9955394480066908	0.9952830188679245	1.0	1.0	1.0	1.0	0.9950920245398773	1.0	1.0	1.0	1.0	1.0	1.0	0.9969503742722484	1.0	1.0	1.0	0.9961154273029966	0.9969503742722484	1.0	1.0	1.0	1.0	0.9969376391982183	1.0	1.0	1.0	1.0	0.9969376391982183	1.0	1.0	0.9955580233203776	0.9955580233203776	0.9955617198335645	1.0	0.9955394480066908	1.0	1.0	0.9955580233203776	1.0	0.9955580233203776	1.0	1.0	1.0	0.8731074260994953	0.9358974358974359	0.8949828607042692	0.8779612347451543	0.8900445765230312	0.9316473000683527	0.9002770083102493	0.9092586896339587	0.9358974358974359	0.9358974358974359	0.9358974358974359	0.8900445765230312	0.809267965077233	0.9358974358974359	0.8900445765230312	0.8900445765230312	0.8731074260994953	0.9358974358974359	0.0	0.927992799279928	0.8855271366188396	0.06757493188010899	0.8731074260994953	0.8820400500625782	0.9381793478260869	0.9092586896339587	0.9504741833508957	0.9092586896339587	0.9092586896339587	0.8890977443609023	0.0	0.06757493188010899	0.9297994269340975	0.912695652173913	0.9092586896339587	0.9092586896339587	0.03436807095343686	0.8779612347451543	0.9092586896339587	0.910801393728223	0.8900445765230312	0.8900445765230312	0.9358974358974359	0.8900445765230312	0.809267965077233	0.9343871160155085	0.0	0.9343871160155085	0.9092586896339587	0.809267965077233	0.886736214605067	0.9381793478260869	0.9023041474654377
p23.A3	0.9969730324711062	0.9969730324711062	0.9969730324711062	1.0	1.0	1.0	1.0	0.9966585662211421	0.9966585662211421	0.9969755292823755	0.9966585662211421	1.0	1.0	1.0	0.9969730324711062	1.0	1.0	1.0	0.9966585662211421	1.0	1.0	1.0	0.9969730324711062	1.0	1.0	1.0	1.0	1.0	1.0	1.0	1.0	0.9969604863221885	1.0	0.9966585662211421	1.0	1.0	1.0	0.9969730324711062	0.9969604863221885	1.0	0.9966585662211421	0.9966585662211421	1.0	0.9989023051591658	1.0	1.0	1.0	0.9966585662211421	1.0	1.0	0.9969755292823755	0.9969604863221885	1.0	0.9966585662211421	0.9966585662211421	0.9969604863221885	1.0	1.0	0.9966585662211421	0.9966585662211421	0.9966585662211421	1.0	0.9966585662211421	1.0	0.9966585662211421	0.9966585662211421	0.9966585662211421	1.0	1.0	1.0	1.0	1.0	1.0	0.9969604863221885	0.9969730324711062	0.9969604863221885	0.9969604863221885	1.0	0.9989023051591658	0.9989023051591658	1.0	0.9969604863221885	0.9969604863221885	0.9969755292823755	1.0	1.0	1.0	1.0	0.9966585662211421	1.0	1.0	1.0	1.0	1.0	1.0	0.9969730324711062	1.0	1.0	1.0	0.9961443128614706	0.9969730324711062	1.0	1.0	1.0	1.0	0.9969604863221885	1.0	1.0	1.0	1.0	0.9969604863221885	1.0	1.0	0.9969730324711062	0.9969730324711062	0.9969755292823755	1.0	0.9969604863221885	1.0	1.0	0.9969730324711062	1.0	0.9969730324711062	1.0	1.0	1.0	0.9082409972299169	0.8626933232742362	0.9169445286450439	0.8866525423728814	0.9193548387096774	0.8420859346309217	0.5483870967741935	0.9172727272727272	0.8626933232742362	0.8626933232742362	0.8626933232742362	0.9193548387096774	0.9350223546944858	0.8626933232742362	0.9193548387096774	0.9193548387096774	0.9082409972299169	0.8626933232742362	0.927992799279928	0.0	0.6691312384473198	0.9221719457013575	0.9082409972299169	0.6980108499095841	0.8213084112149532	0.9172727272727272	0.8673929376408716	0.9172727272727272	0.9172727272727272	0.9447725930301241	0.927992799279928	0.9221719457013575	0.923982869379015	0.9264555669050051	0.9172727272727272	0.9172727272727272	0.927992799279928	0.8866525423728814	0.9172727272727272	0.8901795142555439	0.9193548387096774	0.9193548387096774	0.8626933232742362	0.9193548387096774	0.9350223546944858	0.6928104575163399	0.927992799279928	0.6928104575163399	0.9172727272727272	0.9350223546944858	0.9178033022254127	0.8213084112149532	0.7256637168141593
p23.B2	0.9969730324711062	0.9969730324711062	0.9969730324711062	1.0	1.0	1.0	1.0	0.9966585662211421	0.9966585662211421	0.9969755292823755	0.9966585662211421	1.0	1.0	1.0	0.9969730324711062	1.0	1.0	1.0	0.9966585662211421	1.0	1.0	1.0	0.9969730324711062	1.0	1.0	1.0	1.0	1.0	1.0	1.0	1.0	0.9969604863221885	1.0	0.9966585662211421	1.0	1.0	1.0	0.9969730324711062	0.9969604863221885	1.0	0.9966585662211421	0.9966585662211421	1.0	0.9989023051591658	1.0	1.0	1.0	0.9966585662211421	1.0	1.0	0.9969755292823755	0.9969604863221885	1.0	0.9966585662211421	0.9966585662211421	0.9969604863221885	1.0	1.0	0.9966585662211421	0.9966585662211421	0.9966585662211421	1.0	0.9966585662211421	1.0	0.9966585662211421	0.9966585662211421	0.9966585662211421	1.0	1.0	1.0	1.0	1.0	1.0	0.9969604863221885	0.9969730324711062	0.9969604863221885	0.9969604863221885	1.0	0.9989023051591658	0.9989023051591658	1.0	0.9969604863221885	0.9969604863221885	0.9969755292823755	1.0	1.0	1.0	1.0	0.9966585662211421	1.0	1.0	1.0	1.0	1.0	1.0	0.9969730324711062	1.0	1.0	1.0	0.9961443128614706	0.9969730324711062	1.0	1.0	1.0	1.0	0.9969604863221885	1.0	1.0	1.0	1.0	0.9969604863221885	1.0	1.0	0.9969730324711062	0.9969730324711062	0.9969755292823755	1.0	0.9969604863221885	1.0	1.0	0.9969730324711062	1.0	0.9969730324711062	1.0	1.0	1.0	0.8480087687248813	0.8111198738170347	0.9166161309884778	0.8463227222832053	0.8980263157894737	0.8759358288770054	0.750433877125998	0.8463028737487892	0.8111198738170347	0.8111198738170347	0.8111198738170347	0.8980263157894737	0.9053308823529411	0.8111198738170347	0.8980263157894737	0.8980263157894737	0.8480087687248813	0.8111198738170347	0.8855271366188396	0.6691312384473198	0.0	0.8746456692913386	0.8480087687248813	0.46808510638297873	0.8956217162872154	0.8463028737487892	0.8394919168591224	0.8463028737487892	0.8463028737487892	0.9136515658254789	0.8855271366188396	0.8746456692913386	0.8745800671892497	0.80884019644881	0.8463028737487892	0.8463028737487892	0.892093023255814	0.8463227222832053	0.8463028737487892	0.9146299483648881	0.8980263157894737	0.8980263157894737	0.8111198738170347	0.8980263157894737	0.9053308823529411	0.5407377381434941	0.8855271366188396	0.5407377381434941	0.8463028737487892	0.9053308823529411	0.8372541457770921	0.8956217162872154	0.5245901639344263
p23.B8	0.9969503742722484	0.9969503742722484	0.9969503742722484	1.0	1.0	1.0	1.0	0.9966309341500765	0.9966309341500765	0.9969529085872576	0.9966309341500765	1.0	1.0	1.0	0.9969503742722484	1.0	1.0	1.0	0.9966309341500765	1.0	1.0	1.0	0.9969503742722484	1.0	1.0	1.0	1.0	1.0	1.0	1.0	1.0	0.9969376391982183	1.0	0.9966309341500765	1.0	1.0	1.0	0.9969503742722484	0.9969376391982183	1.0	0.9966309341500765	0.9966309341500765	1.0	0.9988941111418302	1.0	1.0	1.0	0.9966309341500765	1.0	1.0	0.9969529085872576	0.9969376391982183	1.0	0.9966309341500765	0.9966309341500765	0.9969376391982183	1.0	1.0	0.9966309341500765	0.9966309341500765	0.9966309341500765	1.0	0.9966309341500765	1.0	0.9966309341500765	0.9966309341500765	0.9966309341500765	1.0	1.0	1.0	1.0	1.0	1.0	0.9969376391982183	0.9969503742722484	0.9969376391982183	0.9969376391982183	1.0	0.9988941111418302	0.9988941111418302	1.0	0.9969376391982183	0.9969376391982183	0.9969529085872576	1.0	1.0	1.0	1.0	0.9966309341500765	1.0	1.0	1.0	1.0	1.0	1.0	0.9969503742722484	1.0	1.0	1.0	0.9961154273029966	0.9969503742722484	1.0	1.0	1.0	1.0	0.9969376391982183	1.0	1.0	1.0	1.0	0.9969376391982183	1.0	1.0	0.9969503742722484	0.9969503742722484	0.9969529085872576	1.0	0.9969376391982183	1.0	1.0	0.9969503742722484	1.0	0.9969503742722484	1.0	1.0	1.0	0.8855614973262032	0.9290322580645162	0.9055555555555556	0.8903088391906283	0.9026808666911494	0.9428474805546162	0.9063360881542699	0.8987577639751553	0.9290322580645162	0.9290322580645162	0.9290322580645162	0.9026808666911494	0.8164218958611482	0.9290322580645162	0.9026808666911494	0.9026808666911494	0.8855614973262032	0.9290322580645162	0.06757493188010899	0.9221719457013575	0.8746456692913386	0.0	0.8855614973262032	0.892779671521537	0.9381793478260869	0.8987577639751553	0.943796394485684	0.8987577639751553	0.8987577639751553	0.8997828110456096	0.06757493188010899	0.0	0.9415515409139213	0.9242945629731589	0.8987577639751553	0.8987577639751553	0.09967845659163987	0.8903088391906283	0.8987577639751553	0.917590027700831	0.9026808666911494	0.9026808666911494	0.9290322580645162	0.9026808666911494	0.8164218958611482	0.9343871160155085	0.06757493188010899	0.9343871160155085	0.8987577639751553	0.8164218958611482	0.8737278552581983	0.9381793478260869	0.9126597687157638
p24.B5	0.9965484781926577	0.9949717159019484	0.9949717159019484	1.0	1.0	1.0	1.0	0.9961335676625659	0.9961335676625659	0.9949764521193093	0.9961335676625659	1.0	1.0	1.0	0.9949717159019484	1.0	1.0	1.0	0.9943661971830986	1.0	1.0	1.0	0.9946557686262182	1.0	1.0	1.0	1.0	1.0	1.0	1.0	1.0	0.9949479002210294	1.0	0.9943661971830986	1.0	1.0	1.0	0.9946557686262182	0.9949479002210294	1.0	0.9940119760479041	0.9943661971830986	1.0	0.9987488270253363	1.0	1.0	1.0	0.9961335676625659	1.0	1.0	0.9946608040201005	0.9949479002210294	1.0	0.9940119760479041	0.9943661971830986	0.9949479002210294	1.0	1.0	0.9961335676625659	0.9943661971830986	0.9940119760479041	0.9980422866092404	0.9943661971830986	1.0	0.9961335676625659	0.9940119760479041	0.9943661971830986	1.0	0.9980422866092404	1.0	1.0	1.0	1.0	0.9965321563682219	0.9946557686262182	0.9965321563682219	0.994630448515477	1.0	0.9987488270253363	0.9987488270253363	1.0	0.9949479002210294	0.9949479002210294	0.9946608040201005	1.0	1.0	1.0	1.0	0.9943661971830986	1.0	1.0	1.0	1.0	1.0	1.0	0.9965484781926577	1.0	1.0	1.0	0.9956030150753769	0.9965484781926577	1.0	1.0	1.0	1.0	0.9965321563682219	1.0	1.0	1.0	1.0	0.9965321563682219	1.0	1.0	0.9949717159019484	0.9949717159019484	0.9949764521193093	1.0	0.9949479002210294	1.0	1.0	0.9949717159019484	1.0	0.9949717159019484	1.0	1.0	1.0	0.0	0.9025641025641026	0.8710725893824485	0.30663329161451813	0.8499776085982982	0.5365062195781504	0.9150034411562284	0.8992957746478873	0.9025641025641026	0.9025641025641026	0.9025641025641026	0.8499776085982982	0.8755395683453238	0.9025641025641026	0.8499776085982982	0.8499776085982982	0.0	0.9025641025641026	0.8731074260994953	0.9082409972299169	0.8480087687248813	0.8855614973262032	0.0	0.8433602347762289	0.7126546146527117	0.8992957746478873	0.9169126950653732	0.8992957746478873	0.8992957746478873	0.8199320498301246	0.8731074260994953	0.8855614973262032	0.8940568475452196	0.3883263847528291	0.8992957746478873	0.8992957746478873	0.8731074260994953	0.30663329161451813	0.8992957746478873	0.6819288845591817	0.8499776085982982	0.8499776085982982	0.9025641025641026	0.8499776085982982	0.8755395683453238	0.8862592723419287	0.8731074260994953	0.8862592723419287	0.8992957746478873	0.8755395683453238	0.8751642575558476	0.7126546146527117	0.8596745027124774
p24.H2	1.0	0.9986263736263736	0.9986263736263736	1.0	1.0	1.0	1.0	1.0	1.0	0.9986275048037332	1.0	1.0	1.0	1.0	0.9986263736263736	1.0	1.0	1.0	0.998483929654336	1.0	1.0	1.0	0.998351195383347	1.0	1.0	1.0	1.0	1.0	1.0	1.0	1.0	0.9986206896551724	1.0	0.998483929654336	1.0	1.0	1.0	0.998351195383347	0.9986206896551724	1.0	0.9981801637852593	0.998483929654336	1.0	0.999725802029065	1.0	1.0	1.0	1.0	1.0	1.0	0.9983525535420099	0.9986206896551724	1.0	0.9981801637852593	0.998483929654336	0.9986206896551724	1.0	1.0	1.0	0.998483929654336	0.9981801637852593	0.9983338887037654	0.998483929654336	1.0	1.0	0.9981801637852593	0.998483929654336	1.0	0.9983338887037654	1.0	1.0	1.0	1.0	1.0	0.998351195383347	1.0	0.9983443708609272	1.0	0.999725802029065	0.999725802029065	1.0	0.9986206896551724	0.9986206896551724	0.9983525535420099	1.0	1.0	1.0	1.0	0.998483929654336	1.0	1.0	1.0	1.0	1.0	1.0	1.0	1.0	1.0	1.0	1.0	1.0	1.0	1.0	1.0	1.0	1.0	1.0	1.0	1.0	1.0	1.0	1.0	1.0	0.9986263736263736	0.9986263736263736	0.9986275048037332	1.0	0.9986206896551724	1.0	1.0	0.9986263736263736	1.0	0.9986263736263736	1.0	1.0	1.0	0.8433602347762289	0.8690922730682671	0.9192377495462795	0.8496898941991974	0.8951997068523269	0.8743305962156372	0.727015558698727	0.8982423681776133	0.8690922730682671	0.8690922730682671	0.8690922730682671	0.8951997068523269	0.905666156202144	0.8690922730682671	0.8951997068523269	0.8951997068523269	0.8433602347762289	0.8690922730682671	0.8820400500625782	0.6980108499095841	0.46808510638297873	0.892779671521537	0.8433602347762289	0.0	0.9074844074844075	0.8982423681776133	0.8690922730682671	0.8982423681776133	0.8982423681776133	0.910006101281269	0.8820400500625782	0.892779671521537	0.8474770642201834	0.7562130177514793	0.8982423681776133	0.8982423681776133	0.888646967340591	0.8496898941991974	0.8982423681776133	0.9216826265389877	0.8951997068523269	0.8951997068523269	0.8690922730682671	0.8951997068523269	0.905666156202144	0.6506746626686657	0.8820400500625782	0.6506746626686657	0.8982423681776133	0.905666156202144	0.8808463251670379	0.9074844074844075	0.1220657276995305
p25.A12	0.9965484781926577	0.9965484781926577	0.9965484781926577	1.0	1.0	1.0	1.0	0.9961335676625659	0.9961335676625659	0.996551724137931	0.9961335676625659	1.0	1.0	1.0	0.9965484781926577	1.0	1.0	1.0	0.9961335676625659	1.0	1.0	1.0	0.9965484781926577	1.0	1.0	1.0	1.0	1.0	1.0	1.0	1.0	0.9965321563682219	1.0	0.9961335676625659	1.0	1.0	1.0	0.9965484781926577	0.9965321563682219	1.0	0.9961335676625659	0.9961335676625659	1.0	0.9987488270253363	1.0	1.0	1.0	0.9961335676625659	1.0	1.0	0.996551724137931	0.9965321563682219	1.0	0.9961335676625659	0.9961335676625659	0.9965321563682219	1.0	1.0	0.9961335676625659	0.9961335676625659	0.9961335676625659	1.0	0.9961335676625659	1.0	0.9961335676625659	0.9961335676625659	0.9961335676625659	1.0	1.0	1.0	1.0	1.0	1.0	0.9965321563682219	0.9965484781926577	0.9965321563682219	0.9965321563682219	1.0	0.9987488270253363	0.9987488270253363	1.0	0.9965321563682219	0.9965321563682219	0.996551724137931	1.0	1.0	1.0	1.0	0.9961335676625659	1.0	1.0	1.0	1.0	1.0	1.0	0.9965484781926577	1.0	1.0	1.0	0.9956030150753769	0.9965484781926577	1.0	1.0	1.0	1.0	0.9965321563682219	1.0	1.0	1.0	1.0	0.9965321563682219	1.0	1.0	0.9965484781926577	0.9965484781926577	0.996551724137931	1.0	0.9965321563682219	1.0	1.0	0.9965484781926577	1.0	0.9965484781926577	1.0	1.0	1.0	0.7126546146527117	0.8959587274290628	0.9220689655172414	0.6864077669902913	0.9201009251471826	0.5196936542669583	0.8831030818278427	0.917215102182196	0.8959587274290628	0.8959587274290628	0.8959587274290628	0.9201009251471826	0.9145833333333333	0.8959587274290628	0.9201009251471826	0.9201009251471826	0.7126546146527117	0.8959587274290628	0.9381793478260869	0.8213084112149532	0.8956217162872154	0.9381793478260869	0.7126546146527117	0.9074844074844075	0.0	0.917215102182196	0.8844483058210252	0.917215102182196	0.917215102182196	0.9396200814111262	0.9381793478260869	0.9381793478260869	0.8902333621434745	0.6676514032496308	0.917215102182196	0.917215102182196	0.9381793478260869	0.6864077669902913	0.917215102182196	0.6537313432835821	0.9201009251471826	0.9201009251471826	0.8959587274290628	0.9201009251471826	0.9145833333333333	0.8429357798165138	0.9381793478260869	0.8429357798165138	0.917215102182196	0.9145833333333333	0.9100169779286927	0.0	0.8967809657102869
p25.B2	0.9969503742722484	0.9969503742722484	0.9969503742722484	1.0	1.0	1.0	1.0	0.9966309341500765	0.9966309341500765	0.9969529085872576	0.9966309341500765	1.0	1.0	1.0	0.9969503742722484	1.0	1.0	1.0	0.9966309341500765	1.0	1.0	1.0	0.9969503742722484	1.0	1.0	1.0	1.0	1.0	1.0	1.0	1.0	0.9969376391982183	1.0	0.9966309341500765	1.0	1.0	1.0	0.9969503742722484	0.9969376391982183	1.0	0.9966309341500765	0.9966309341500765	1.0	0.9988941111418302	1.0	1.0	1.0	0.9966309341500765	1.0	1.0	0.9969529085872576	0.9969376391982183	1.0	0.9966309341500765	0.9966309341500765	0.9969376391982183	1.0	1.0	0.9966309341500765	0.9966309341500765	0.9966309341500765	1.0	0.9966309341500765	1.0	0.9966309341500765	0.9966309341500765	0.9966309341500765	1.0	1.0	1.0	1.0	1.0	1.0	0.9969376391982183	0.9969503742722484	0.9969376391982183	0.9969376391982183	1.0	0.9988941111418302	0.9988941111418302	1.0	0.9969376391982183	0.9969376391982183	0.9969529085872576	1.0	1.0	1.0	1.0	0.9966309341500765	1.0	1.0	1.0	1.0	1.0	1.0	0.9969503742722484	1.0	1.0	1.0	0.9961154273029966	0.9969503742722484	1.0	1.0	1.0	1.0	0.9969376391982183	1.0	1.0	1.0	1.0	0.9969376391982183	1.0	1.0	0.9969503742722484	0.9969503742722484	0.9969529085872576	1.0	0.9969376391982183	1.0	1.0	0.9969503742722484	1.0	0.9969503742722484	1.0	1.0	1.0	0.8992957746478873	0.8409619860356866	0.6099568796550372	0.9123173277661796	0.9201301048066498	0.9202072538860103	0.9472598703594579	0.03436807095343686	0.8409619860356866	0.8409619860356866	0.8409619860356866	0.9201301048066498	0.9105990783410138	0.8409619860356866	0.9201301048066498	0.9201301048066498	0.8992957746478873	0.8409619860356866	0.9092586896339587	0.9172727272727272	0.8463028737487892	0.8987577639751553	0.8992957746478873	0.8982423681776133	0.917215102182196	0.0	0.8681818181818182	0.0	0.0	0.6143024618991794	0.9092586896339587	0.8987577639751553	0.8863212821468506	0.8903088391906283	0.0	0.0	0.9092586896339587	0.9123173277661796	0.0	0.9202072538860103	0.9201301048066498	0.9201301048066498	0.8409619860356866	0.9201301048066498	0.9105990783410138	0.9555685472084186	0.9092586896339587	0.9555685472084186	0.0	0.9105990783410138	0.838258164852255	0.917215102182196	0.9146415552855407
p25.C11	1.0	1.0	1.0	1.0	1.0	1.0	1.0	1.0	1.0	1.0	1.0	1.0	1.0	1.0	1.0	1.0	1.0	1.0	1.0	1.0	1.0	1.0	1.0	1.0	1.0	1.0	1.0	1.0	1.0	1.0	1.0	1.0	1.0	1.0	1.0	1.0	1.0	1.0	1.0	1.0	1.0	1.0	1.0	0.9996734160679295	1.0	1.0	1.0	1.0	1.0	1.0	1.0	1.0	1.0	1.0	1.0	1.0	1.0	1.0	1.0	1.0	1.0	1.0	1.0	1.0	1.0	1.0	1.0	1.0	1.0	1.0	1.0	1.0	1.0	1.0	1.0	1.0	1.0	1.0	0.9996734160679295	0.9996734160679295	1.0	1.0	1.0	1.0	1.0	1.0	1.0	1.0	1.0	1.0	1.0	1.0	1.0	1.0	1.0	1.0	1.0	1.0	1.0	1.0	1.0	1.0	1.0	1.0	1.0	1.0	1.0	1.0	1.0	1.0	1.0	1.0	1.0	1.0	1.0	1.0	1.0	1.0	1.0	1.0	1.0	1.0	1.0	1.0	1.0	1.0	0.9169126950653732	0.09710258418167583	0.939297124600639	0.9264214046822743	0.6648351648351649	0.9114031369224247	0.9413623595505618	0.8681818181818182	0.09710258418167583	0.09710258418167583	0.09710258418167583	0.6648351648351649	0.9074954296160878	0.09710258418167583	0.6648351648351649	0.6648351648351649	0.9169126950653732	0.09710258418167583	0.9504741833508957	0.8673929376408716	0.8394919168591224	0.943796394485684	0.9169126950653732	0.8690922730682671	0.8844483058210252	0.8681818181818182	0.0	0.8681818181818182	0.8681818181818182	0.9423008849557523	0.9504741833508957	0.943796394485684	0.6970509383378016	0.8746713409290097	0.8681818181818182	0.8681818181818182	0.9504741833508957	0.9264214046822743	0.8681818181818182	0.9035012809564474	0.6648351648351649	0.6648351648351649	0.09710258418167583	0.6648351648351649	0.9074954296160878	0.9409905163329821	0.9504741833508957	0.9409905163329821	0.8681818181818182	0.9074954296160878	0.6484983314794216	0.8844483058210252	0.8939838591342627
p25.C2	0.9969503742722484	0.9969503742722484	0.9969503742722484	1.0	1.0	1.0	1.0	0.9966309341500765	0.9966309341500765	0.9969529085872576	0.9966309341500765	1.0	1.0	1.0	0.9969503742722484	1.0	1.0	1.0	0.9966309341500765	1.0	1.0	1.0	0.9969503742722484	1.0	1.0	1.0	1.0	1.0	1.0	1.0	1.0	0.9969376391982183	1.0	0.9966309341500765	1.0	1.0	1.0	0.9969503742722484	0.9969376391982183	1.0	0.9966309341500765	0.9966309341500765	1.0	0.9988941111418302	1.0	1.0	1.0	0.9966309341500765	1.0	1.0	0.9969529085872576	0.9969376391982183	1.0	0.9966309341500765	0.9966309341500765	0.9969376391982183	1.0	1.0	0.9966309341500765	0.9966309341500765	0.9966309341500765	1.0	0.9966309341500765	1.0	0.9966309341500765	0.9966309341500765	0.9966309341500765	1.0	1.0	1.0	1.0	1.0	1.0	0.9969376391982183	0.9969503742722484	0.9969376391982183	0.9969376391982183	1.0	0.9988941111418302	0.9988941111418302	1.0	0.9969376391982183	0.9969376391982183	0.9969529085872576	1.0	1.0	1.0	1.0	0.9966309341500765	1.0	1.0	1.0	1.0	1.0	1.0	0.9969503742722484	1.0	1.0	1.0	0.9961154273029966	0.9969503742722484	1.0	1.0	1.0	1.0	0.9969376391982183	1.0	1.0	1.0	1.0	0.9969376391982183	1.0	1.0	0.9969503742722484	0.9969503742722484	0.9969529085872576	1.0	0.9969376391982183	1.0	1.0	0.9969503742722484	1.0	0.9969503742722484	1.0	1.0	1.0	0.8992957746478873	0.8409619860356866	0.6099568796550372	0.9123173277661796	0.9201301048066498	0.9202072538860103	0.9472598703594579	0.03436807095343686	0.8409619860356866	0.8409619860356866	0.8409619860356866	0.9201301048066498	0.9105990783410138	0.8409619860356866	0.9201301048066498	0.9201301048066498	0.8992957746478873	0.8409619860356866	0.9092586896339587	0.9172727272727272	0.8463028737487892	0.8987577639751553	0.8992957746478873	0.8982423681776133	0.917215102182196	0.0	0.8681818181818182	0.0	0.0	0.6143024618991794	0.9092586896339587	0.8987577639751553	0.8863212821468506	0.8903088391906283	0.0	0.0	0.9092586896339587	0.9123173277661796	0.0	0.9202072538860103	0.9201301048066498	0.9201301048066498	0.8409619860356866	0.9201301048066498	0.9105990783410138	0.9555685472084186	0.9092586896339587	0.9555685472084186	0.0	0.9105990783410138	0.838258164852255	0.917215102182196	0.9146415552855407
p25.D2	0.9969503742722484	0.9969503742722484	0.9969503742722484	1.0	1.0	1.0	1.0	0.9966309341500765	0.9966309341500765	0.9969529085872576	0.9966309341500765	1.0	1.0	1.0	0.9969503742722484	1.0	1.0	1.0	0.9966309341500765	1.0	1.0	1.0	0.9969503742722484	1.0	1.0	1.0	1.0	1.0	1.0	1.0	1.0	0.9969376391982183	1.0	0.9966309341500765	1.0	1.0	1.0	0.9969503742722484	0.9969376391982183	1.0	0.9966309341500765	0.9966309341500765	1.0	0.9988941111418302	1.0	1.0	1.0	0.9966309341500765	1.0	1.0	0.9969529085872576	0.9969376391982183	1.0	0.9966309341500765	0.9966309341500765	0.9969376391982183	1.0	1.0	0.9966309341500765	0.9966309341500765	0.9966309341500765	1.0	0.9966309341500765	1.0	0.9966309341500765	0.9966309341500765	0.9966309341500765	1.0	1.0	1.0	1.0	1.0	1.0	0.9969376391982183	0.9969503742722484	0.9969376391982183	0.9969376391982183	1.0	0.9988941111418302	0.9988941111418302	1.0	0.9969376391982183	0.9969376391982183	0.9969529085872576	1.0	1.0	1.0	1.0	0.9966309341500765	1.0	1.0	1.0	1.0	1.0	1.0	0.9969503742722484	1.0	1.0	1.0	0.9961154273029966	0.9969503742722484	1.0	1.0	1.0	1.0	0.9969376391982183	1.0	1.0	1.0	1.0	0.9969376391982183	1.0	1.0	0.9969503742722484	0.9969503742722484	0.9969529085872576	1.0	0.9969376391982183	1.0	1.0	0.9969503742722484	1.0	0.9969503742722484	1.0	1.0	1.0	0.8992957746478873	0.8409619860356866	0.6099568796550372	0.9123173277661796	0.9201301048066498	0.9202072538860103	0.9472598703594579	0.03436807095343686	0.8409619860356866	0.8409619860356866	0.8409619860356866	0.9201301048066498	0.9105990783410138	0.8409619860356866	0.9201301048066498	0.9201301048066498	0.8992957746478873	0.8409619860356866	0.9092586896339587	0.9172727272727272	0.8463028737487892	0.8987577639751553	0.8992957746478873	0.8982423681776133	0.917215102182196	0.0	0.8681818181818182	0.0	0.0	0.6143024618991794	0.9092586896339587	0.8987577639751553	0.8863212821468506	0.8903088391906283	0.0	0.0	0.9092586896339587	0.9123173277661796	0.0	0.9202072538860103	0.9201301048066498	0.9201301048066498	0.8409619860356866	0.9201301048066498	0.9105990783410138	0.9555685472084186	0.9092586896339587	0.9555685472084186	0.0	0.9105990783410138	0.838258164852255	0.917215102182196	0.9146415552855407
p26.B7	0.9969503742722484	0.9955580233203776	0.9955580233203776	1.0	1.0	1.0	1.0	0.9966309341500765	0.9966309341500765	0.9955617198335645	0.9966309341500765	1.0	1.0	1.0	0.9955580233203776	1.0	1.0	1.0	0.9950920245398773	1.0	1.0	1.0	0.995279089141905	1.0	1.0	1.0	1.0	1.0	1.0	1.0	1.0	0.9955394480066908	1.0	0.9950920245398773	1.0	1.0	1.0	0.995279089141905	0.9955394480066908	1.0	0.9947836759742252	0.9950920245398773	1.0	0.9963968957871396	1.0	1.0	1.0	0.9966309341500765	1.0	1.0	0.9952830188679245	0.9955394480066908	1.0	0.9947836759742252	0.9950920245398773	0.9955394480066908	1.0	1.0	0.9966309341500765	0.9950920245398773	0.9947836759742252	0.9983187626092804	0.9950920245398773	1.0	0.9966309341500765	0.9947836759742252	0.9950920245398773	1.0	0.9983187626092804	1.0	1.0	1.0	1.0	0.9969376391982183	0.995279089141905	0.9969376391982183	0.9952593418851088	1.0	0.9963968957871396	0.9963968957871396	1.0	0.9955394480066908	0.9955394480066908	0.9952830188679245	1.0	1.0	1.0	1.0	0.9950920245398773	1.0	1.0	1.0	1.0	1.0	1.0	0.9969503742722484	1.0	1.0	1.0	0.9961154273029966	0.9969503742722484	1.0	1.0	1.0	1.0	0.9969376391982183	1.0	1.0	1.0	1.0	0.9969376391982183	1.0	1.0	0.9955580233203776	0.9955580233203776	0.9955617198335645	1.0	0.9955394480066908	1.0	1.0	0.9955580233203776	1.0	0.9955580233203776	1.0	1.0	1.0	0.8199320498301246	0.9305654974946314	0.28778367938194105	0.8287748220307232	0.8369015181004282	0.9119387399930386	0.9311995213879749	0.5973101265822784	0.9305654974946314	0.9305654974946314	0.9305654974946314	0.8369015181004282	0.875	0.9305654974946314	0.8369015181004282	0.8369015181004282	0.8199320498301246	0.9305654974946314	0.8890977443609023	0.9447725930301241	0.9136515658254789	0.8997828110456096	0.8199320498301246	0.910006101281269	0.9396200814111262	0.6143024618991794	0.9423008849557523	0.6143024618991794	0.6143024618991794	0.0	0.8890977443609023	0.8997828110456096	0.9209100758396533	0.8973544973544973	0.6143024618991794	0.6143024618991794	0.8890977443609023	0.8287748220307232	0.6143024618991794	0.8859586600142552	0.8369015181004282	0.8369015181004282	0.9305654974946314	0.8369015181004282	0.875	0.9302395209580838	0.8890977443609023	0.9302395209580838	0.6143024618991794	0.875	0.902277736958119	0.9396200814111262	0.9234709249774028
p26.D6	0.9969503742722484	0.9955580233203776	0.9955580233203776	1.0	1.0	1.0	1.0	0.9966309341500765	0.9966309341500765	0.9955617198335645	0.9966309341500765	1.0	1.0	1.0	0.9955580233203776	1.0	1.0	1.0	0.9950920245398773	1.0	1.0	1.0	0.995279089141905	1.0	1.0	1.0	1.0	1.0	1.0	1.0	1.0	0.9955394480066908	1.0	0.9950920245398773	1.0	1.0	1.0	0.995279089141905	0.9955394480066908	1.0	0.9947836759742252	0.9950920245398773	1.0	0.9988941111418302	1.0	1.0	1.0	0.9966309341500765	1.0	1.0	0.9952830188679245	0.9955394480066908	1.0	0.9947836759742252	0.9950920245398773	0.9955394480066908	1.0	1.0	0.9966309341500765	0.9950920245398773	0.9947836759742252	0.9983187626092804	0.9950920245398773	1.0	0.9966309341500765	0.9947836759742252	0.9950920245398773	1.0	0.9983187626092804	1.0	1.0	1.0	1.0	0.9969376391982183	0.995279089141905	0.9969376391982183	0.9952593418851088	1.0	0.9988941111418302	0.9988941111418302	1.0	0.9955394480066908	0.9955394480066908	0.9952830188679245	1.0	1.0	1.0	1.0	0.9950920245398773	1.0	1.0	1.0	1.0	1.0	1.0	0.9969503742722484	1.0	1.0	1.0	0.9961154273029966	0.9969503742722484	1.0	1.0	1.0	1.0	0.9969376391982183	1.0	1.0	1.0	1.0	0.9969376391982183	1.0	1.0	0.9955580233203776	0.9955580233203776	0.9955617198335645	1.0	0.9955394480066908	1.0	1.0	0.9955580233203776	1.0	0.9955580233203776	1.0	1.0	1.0	0.8731074260994953	0.9358974358974359	0.8949828607042692	0.8779612347451543	0.8900445765230312	0.9316473000683527	0.9002770083102493	0.9092586896339587	0.9358974358974359	0.9358974358974359	0.9358974358974359	0.8900445765230312	0.809267965077233	0.9358974358974359	0.8900445765230312	0.8900445765230312	0.8731074260994953	0.9358974358974359	0.0	0.927992799279928	0.8855271366188396	0.06757493188010899	0.8731074260994953	0.8820400500625782	0.9381793478260869	0.9092586896339587	0.9504741833508957	0.9092586896339587	0.9092586896339587	0.8890977443609023	0.0	0.06757493188010899	0.9297994269340975	0.912695652173913	0.9092586896339587	0.9092586896339587	0.03436807095343686	0.8779612347451543	0.9092586896339587	0.910801393728223	0.8900445765230312	0.8900445765230312	0.9358974358974359	0.8900445765230312	0.809267965077233	0.9343871160155085	0.0	0.9343871160155085	0.9092586896339587	0.809267965077233	0.886736214605067	0.9381793478260869	0.9023041474654377
p26.E7	0.9969503742722484	0.9969503742722484	0.9969503742722484	1.0	1.0	1.0	1.0	0.9966309341500765	0.9966309341500765	0.9969529085872576	0.9966309341500765	1.0	1.0	1.0	0.9969503742722484	1.0	1.0	1.0	0.9966309341500765	1.0	1.0	1.0	0.9969503742722484	1.0	1.0	1.0	1.0	1.0	1.0	1.0	1.0	0.9969376391982183	1.0	0.9966309341500765	1.0	1.0	1.0	0.9969503742722484	0.9969376391982183	1.0	0.9966309341500765	0.9966309341500765	1.0	0.9988941111418302	1.0	1.0	1.0	0.9966309341500765	1.0	1.0	0.9969529085872576	0.9969376391982183	1.0	0.9966309341500765	0.9966309341500765	0.9969376391982183	1.0	1.0	0.9966309341500765	0.9966309341500765	0.9966309341500765	1.0	0.9966309341500765	1.0	0.9966309341500765	0.9966309341500765	0.9966309341500765	1.0	1.0	1.0	1.0	1.0	1.0	0.9969376391982183	0.9969503742722484	0.9969376391982183	0.9969376391982183	1.0	0.9988941111418302	0.9988941111418302	1.0	0.9969376391982183	0.9969376391982183	0.9969529085872576	1.0	1.0	1.0	1.0	0.9966309341500765	1.0	1.0	1.0	1.0	1.0	1.0	0.9969503742722484	1.0	1.0	1.0	0.9961154273029966	0.9969503742722484	1.0	1.0	1.0	1.0	0.9969376391982183	1.0	1.0	1.0	1.0	0.9969376391982183	1.0	1.0	0.9969503742722484	0.9969503742722484	0.9969529085872576	1.0	0.9969376391982183	1.0	1.0	0.9969503742722484	1.0	0.9969503742722484	1.0	1.0	1.0	0.8855614973262032	0.9290322580645162	0.9055555555555556	0.8903088391906283	0.9026808666911494	0.9428474805546162	0.9063360881542699	0.8987577639751553	0.9290322580645162	0.9290322580645162	0.9290322580645162	0.9026808666911494	0.8164218958611482	0.9290322580645162	0.9026808666911494	0.9026808666911494	0.8855614973262032	0.9290322580645162	0.06757493188010899	0.9221719457013575	0.8746456692913386	0.0	0.8855614973262032	0.892779671521537	0.9381793478260869	0.8987577639751553	0.943796394485684	0.8987577639751553	0.8987577639751553	0.8997828110456096	0.06757493188010899	0.0	0.9415515409139213	0.9242945629731589	0.8987577639751553	0.8987577639751553	0.09967845659163987	0.8903088391906283	0.8987577639751553	0.917590027700831	0.9026808666911494	0.9026808666911494	0.9290322580645162	0.9026808666911494	0.8164218958611482	0.9343871160155085	0.06757493188010899	0.9343871160155085	0.8987577639751553	0.8164218958611482	0.8737278552581983	0.9381793478260869	0.9126597687157638
p27.D6	1.0	0.9983633387888707	0.9983633387888707	1.0	1.0	1.0	1.0	1.0	1.0	0.9983649444081099	1.0	1.0	1.0	1.0	0.9983633387888707	1.0	1.0	1.0	0.9981570217471434	1.0	1.0	1.0	0.9980353634577603	1.0	1.0	1.0	1.0	1.0	1.0	1.0	1.0	0.9983552631578947	1.0	0.9981570217471434	1.0	1.0	1.0	0.9980353634577603	0.9983552631578947	1.0	0.9977876106194691	0.9981570217471434	1.0	1.0	1.0	1.0	1.0	1.0	1.0	1.0	0.9980372914622179	0.9983552631578947	1.0	0.9977876106194691	0.9981570217471434	0.9983552631578947	1.0	1.0	1.0	0.9981570217471434	0.9977876106194691	0.9979304635761589	0.9981570217471434	1.0	1.0	0.9977876106194691	0.9981570217471434	1.0	0.9979304635761589	1.0	1.0	1.0	1.0	1.0	0.9980353634577603	1.0	0.998025666337611	1.0	1.0	1.0	1.0	0.9983552631578947	0.9983552631578947	0.9980372914622179	1.0	1.0	1.0	1.0	0.9981570217471434	1.0	1.0	1.0	1.0	1.0	1.0	1.0	1.0	1.0	1.0	1.0	1.0	1.0	1.0	1.0	1.0	1.0	1.0	1.0	1.0	1.0	1.0	1.0	1.0	0.9983633387888707	0.9983633387888707	0.9983649444081099	1.0	0.9983552631578947	1.0	1.0	0.9983633387888707	1.0	0.9983633387888707	1.0	1.0	1.0	0.8940568475452196	0.717001055966209	0.9263384836507367	0.9100169779286927	0.784392196098049	0.8987993138936535	0.9334984082065794	0.8863212821468506	0.717001055966209	0.717001055966209	0.717001055966209	0.784392196098049	0.9114754098360656	0.717001055966209	0.784392196098049	0.784392196098049	0.8940568475452196	0.717001055966209	0.9297994269340975	0.923982869379015	0.8745800671892497	0.9415515409139213	0.8940568475452196	0.8474770642201834	0.8902333621434745	0.8863212821468506	0.6970509383378016	0.8863212821468506	0.8863212821468506	0.9209100758396533	0.9297994269340975	0.9415515409139213	0.0	0.793233082706767	0.8863212821468506	0.8863212821468506	0.9297994269340975	0.9100169779286927	0.8863212821468506	0.9011553273427471	0.784392196098049	0.784392196098049	0.717001055966209	0.784392196098049	0.9114754098360656	0.9483780955702825	0.9297994269340975	0.9483780955702825	0.8863212821468506	0.9114754098360656	0.7033084311632871	0.8902333621434745	0.8323005422153369
p27.F2	0.9965484781926577	0.9949717159019484	0.9949717159019484	1.0	1.0	1.0	1.0	0.9961335676625659	0.9961335676625659	0.9949764521193093	0.9961335676625659	1.0	1.0	1.0	0.9949717159019484	1.0	1.0	1.0	0.9943661971830986	1.0	1.0	1.0	0.9946557686262182	1.0	1.0	1.0	1.0	1.0	1.0	1.0	1.0	0.9949479002210294	1.0	0.9943661971830986	1.0	1.0	1.0	0.9946557686262182	0.9949479002210294	1.0	0.9940119760479041	0.9943661971830986	1.0	0.9987488270253363	1.0	1.0	1.0	0.9961335676625659	1.0	1.0	0.9946608040201005	0.9949479002210294	1.0	0.9940119760479041	0.9943661971830986	0.9949479002210294	1.0	1.0	0.9961335676625659	0.9943661971830986	0.9940119760479041	0.9980422866092404	0.9943661971830986	1.0	0.9961335676625659	0.9940119760479041	0.9943661971830986	1.0	0.9980422866092404	1.0	1.0	1.0	1.0	0.9965321563682219	0.9946557686262182	0.9965321563682219	0.994630448515477	1.0	0.9987488270253363	0.9987488270253363	1.0	0.9949479002210294	0.9949479002210294	0.9946608040201005	1.0	1.0	1.0	1.0	0.9943661971830986	1.0	1.0	1.0	1.0	1.0	1.0	0.9965484781926577	1.0	1.0	1.0	0.9956030150753769	0.9965484781926577	1.0	1.0	1.0	1.0	0.9965321563682219	1.0	1.0	1.0	1.0	0.9965321563682219	1.0	1.0	0.9949717159019484	0.9949717159019484	0.9949764521193093	1.0	0.9949479002210294	1.0	1.0	0.9949717159019484	1.0	0.9949717159019484	1.0	1.0	1.0	0.3883263847528291	0.8746713409290097	0.89579653832568	0.395017793594306	0.8766404199475065	0.509090909090909	0.9290081521739131	0.8903088391906283	0.8746713409290097	0.8746713409290097	0.8746713409290097	0.8766404199475065	0.8907026259758695	0.8746713409290097	0.8766404199475065	0.8766404199475065	0.3883263847528291	0.8746713409290097	0.912695652173913	0.9264555669050051	0.80884019644881	0.9242945629731589	0.3883263847528291	0.7562130177514793	0.6676514032496308	0.8903088391906283	0.8746713409290097	0.8903088391906283	0.8903088391906283	0.8973544973544973	0.912695652173913	0.9242945629731589	0.793233082706767	0.0	0.8903088391906283	0.8903088391906283	0.912695652173913	0.395017793594306	0.8903088391906283	0.7772254857659286	0.8766404199475065	0.8766404199475065	0.8746713409290097	0.8766404199475065	0.8907026259758695	0.8783351120597652	0.912695652173913	0.8783351120597652	0.8903088391906283	0.8907026259758695	0.8657243816254416	0.6676514032496308	0.72811617587737
p3.A3	0.9969503742722484	0.9969503742722484	0.9969503742722484	1.0	1.0	1.0	1.0	0.9966309341500765	0.9966309341500765	0.9969529085872576	0.9966309341500765	1.0	1.0	1.0	0.9969503742722484	1.0	1.0	1.0	0.9966309341500765	1.0	1.0	1.0	0.9969503742722484	1.0	1.0	1.0	1.0	1.0	1.0	1.0	1.0	0.9969376391982183	1.0	0.9966309341500765	1.0	1.0	1.0	0.9969503742722484	0.9969376391982183	1.0	0.9966309341500765	0.9966309341500765	1.0	0.9988941111418302	1.0	1.0	1.0	0.9966309341500765	1.0	1.0	0.9969529085872576	0.9969376391982183	1.0	0.9966309341500765	0.9966309341500765	0.9969376391982183	1.0	1.0	0.9966309341500765	0.9966309341500765	0.9966309341500765	1.0	0.9966309341500765	1.0	0.9966309341500765	0.9966309341500765	0.9966309341500765	1.0	1.0	1.0	1.0	1.0	1.0	0.9969376391982183	0.9969503742722484	0.9969376391982183	0.9969376391982183	1.0	0.9988941111418302	0.9988941111418302	1.0	0.9969376391982183	0.9969376391982183	0.9969529085872576	1.0	1.0	1.0	1.0	0.9966309341500765	1.0	1.0	1.0	1.0	1.0	1.0	0.9969503742722484	1.0	1.0	1.0	0.9961154273029966	0.9969503742722484	1.0	1.0	1.0	1.0	0.9969376391982183	1.0	1.0	1.0	1.0	0.9969376391982183	1.0	1.0	0.9969503742722484	0.9969503742722484	0.9969529085872576	1.0	0.9969376391982183	1.0	1.0	0.9969503742722484	1.0	0.9969503742722484	1.0	1.0	1.0	0.8992957746478873	0.8409619860356866	0.6099568796550372	0.9123173277661796	0.9201301048066498	0.9202072538860103	0.9472598703594579	0.03436807095343686	0.8409619860356866	0.8409619860356866	0.8409619860356866	0.9201301048066498	0.9105990783410138	0.8409619860356866	0.9201301048066498	0.9201301048066498	0.8992957746478873	0.8409619860356866	0.9092586896339587	0.9172727272727272	0.8463028737487892	0.8987577639751553	0.8992957746478873	0.8982423681776133	0.917215102182196	0.0	0.8681818181818182	0.0	0.0	0.6143024618991794	0.9092586896339587	0.8987577639751553	0.8863212821468506	0.8903088391906283	0.0	0.0	0.9092586896339587	0.9123173277661796	0.0	0.9202072538860103	0.9201301048066498	0.9201301048066498	0.8409619860356866	0.9201301048066498	0.9105990783410138	0.9555685472084186	0.9092586896339587	0.9555685472084186	0.0	0.9105990783410138	0.838258164852255	0.917215102182196	0.9146415552855407
p3.F12	0.9969503742722484	0.9969503742722484	0.9969503742722484	1.0	1.0	1.0	1.0	0.9966309341500765	0.9966309341500765	0.9969529085872576	0.9966309341500765	1.0	1.0	1.0	0.9969503742722484	1.0	1.0	1.0	0.9966309341500765	1.0	1.0	1.0	0.9969503742722484	1.0	1.0	1.0	1.0	1.0	1.0	1.0	1.0	0.9969376391982183	1.0	0.9966309341500765	1.0	1.0	1.0	0.9969503742722484	0.9969376391982183	1.0	0.9966309341500765	0.9966309341500765	1.0	0.9988941111418302	1.0	1.0	1.0	0.9966309341500765	1.0	1.0	0.9969529085872576	0.9969376391982183	1.0	0.9966309341500765	0.9966309341500765	0.9969376391982183	1.0	1.0	0.9966309341500765	0.9966309341500765	0.9966309341500765	1.0	0.9966309341500765	1.0	0.9966309341500765	0.9966309341500765	0.9966309341500765	1.0	1.0	1.0	1.0	1.0	1.0	0.9969376391982183	0.9969503742722484	0.9969376391982183	0.9969376391982183	1.0	0.9988941111418302	0.9988941111418302	1.0	0.9969376391982183	0.9969376391982183	0.9969529085872576	1.0	1.0	1.0	1.0	0.9966309341500765	1.0	1.0	1.0	1.0	1.0	1.0	0.9969503742722484	1.0	1.0	1.0	0.9961154273029966	0.9969503742722484	1.0	1.0	1.0	1.0	0.9969376391982183	1.0	1.0	1.0	1.0	0.9969376391982183	1.0	1.0	0.9969503742722484	0.9969503742722484	0.9969529085872576	1.0	0.9969376391982183	1.0	1.0	0.9969503742722484	1.0	0.9969503742722484	1.0	1.0	1.0	0.8992957746478873	0.8409619860356866	0.6099568796550372	0.9123173277661796	0.9201301048066498	0.9202072538860103	0.9472598703594579	0.03436807095343686	0.8409619860356866	0.8409619860356866	0.8409619860356866	0.9201301048066498	0.9105990783410138	0.8409619860356866	0.9201301048066498	0.9201301048066498	0.8992957746478873	0.8409619860356866	0.9092586896339587	0.9172727272727272	0.8463028737487892	0.8987577639751553	0.8992957746478873	0.8982423681776133	0.917215102182196	0.0	0.8681818181818182	0.0	0.0	0.6143024618991794	0.9092586896339587	0.8987577639751553	0.8863212821468506	0.8903088391906283	0.0	0.0	0.9092586896339587	0.9123173277661796	0.0	0.9202072538860103	0.9201301048066498	0.9201301048066498	0.8409619860356866	0.9201301048066498	0.9105990783410138	0.9555685472084186	0.9092586896339587	0.9555685472084186	0.0	0.9105990783410138	0.838258164852255	0.917215102182196	0.9146415552855407
p3.F8	0.9969503742722484	0.9955580233203776	0.9955580233203776	1.0	1.0	1.0	1.0	0.9966309341500765	0.9966309341500765	0.9955617198335645	0.9966309341500765	1.0	1.0	1.0	0.9955580233203776	1.0	1.0	1.0	0.9950920245398773	1.0	1.0	1.0	0.995279089141905	1.0	1.0	1.0	1.0	1.0	1.0	1.0	1.0	0.9955394480066908	1.0	0.9950920245398773	1.0	1.0	1.0	0.995279089141905	0.9955394480066908	1.0	0.9947836759742252	0.9950920245398773	1.0	0.9988941111418302	1.0	1.0	1.0	0.9966309341500765	1.0	1.0	0.9952830188679245	0.9955394480066908	1.0	0.9947836759742252	0.9950920245398773	0.9955394480066908	1.0	1.0	0.9966309341500765	0.9950920245398773	0.9947836759742252	0.9983187626092804	0.9950920245398773	1.0	0.9966309341500765	0.9947836759742252	0.9950920245398773	1.0	0.9983187626092804	1.0	1.0	1.0	1.0	0.9969376391982183	0.995279089141905	0.9969376391982183	0.9952593418851088	1.0	0.9988941111418302	0.9988941111418302	1.0	0.9955394480066908	0.9955394480066908	0.9952830188679245	1.0	1.0	1.0	1.0	0.9950920245398773	1.0	1.0	1.0	1.0	1.0	1.0	0.9969503742722484	1.0	1.0	1.0	0.9961154273029966	0.9969503742722484	1.0	1.0	1.0	1.0	0.9969376391982183	1.0	1.0	1.0	1.0	0.9969376391982183	1.0	1.0	0.9955580233203776	0.9955580233203776	0.9955617198335645	1.0	0.9955394480066908	1.0	1.0	0.9955580233203776	1.0	0.9955580233203776	1.0	1.0	1.0	0.8731074260994953	0.9358974358974359	0.8949828607042692	0.8779612347451543	0.8900445765230312	0.9316473000683527	0.9002770083102493	0.9092586896339587	0.9358974358974359	0.9358974358974359	0.9358974358974359	0.8900445765230312	0.809267965077233	0.9358974358974359	0.8900445765230312	0.8900445765230312	0.8731074260994953	0.9358974358974359	0.03436807095343686	0.927992799279928	0.892093023255814	0.09967845659163987	0.8731074260994953	0.888646967340591	0.9381793478260869	0.9092586896339587	0.9504741833508957	0.9092586896339587	0.9092586896339587	0.8890977443609023	0.03436807095343686	0.09967845659163987	0.9297994269340975	0.912695652173913	0.9092586896339587	0.9092586896339587	0.0	0.8779612347451543	0.9092586896339587	0.910801393728223	0.8900445765230312	0.8900445765230312	0.9358974358974359	0.8900445765230312	0.809267965077233	0.943524541691307	0.03436807095343686	0.943524541691307	0.9092586896339587	0.809267965077233	0.886736214605067	0.9381793478260869	0.9086744043982895
p3.G9	0.9965484781926577	0.9949717159019484	0.9949717159019484	1.0	1.0	1.0	1.0	0.9961335676625659	0.9961335676625659	0.9949764521193093	0.9961335676625659	1.0	1.0	1.0	0.9949717159019484	1.0	1.0	1.0	0.9943661971830986	1.0	1.0	1.0	0.9946557686262182	1.0	1.0	1.0	1.0	1.0	1.0	1.0	1.0	0.9949479002210294	1.0	0.9943661971830986	1.0	1.0	1.0	0.9946557686262182	0.9949479002210294	1.0	0.9940119760479041	0.9943661971830986	1.0	0.9987488270253363	1.0	1.0	1.0	0.9961335676625659	1.0	1.0	0.9946608040201005	0.9949479002210294	1.0	0.9940119760479041	0.9943661971830986	0.9949479002210294	1.0	1.0	0.9961335676625659	0.9943661971830986	0.9940119760479041	0.9980422866092404	0.9943661971830986	1.0	0.9961335676625659	0.9940119760479041	0.9943661971830986	1.0	0.9980422866092404	1.0	1.0	1.0	1.0	0.9965321563682219	0.9946557686262182	0.9965321563682219	0.994630448515477	1.0	0.9987488270253363	0.9987488270253363	1.0	0.9949479002210294	0.9949479002210294	0.9946608040201005	1.0	1.0	1.0	1.0	0.9943661971830986	1.0	1.0	1.0	1.0	1.0	1.0	0.9965484781926577	1.0	1.0	1.0	0.9956030150753769	0.9965484781926577	1.0	1.0	1.0	1.0	0.9965321563682219	1.0	1.0	1.0	1.0	0.9965321563682219	1.0	1.0	0.9949717159019484	0.9949717159019484	0.9949764521193093	1.0	0.9949479002210294	1.0	1.0	0.9949717159019484	1.0	0.9949717159019484	1.0	1.0	1.0	0.30663329161451813	0.9123252858958069	0.7765166340508807	0.0	0.8111111111111111	0.5115511551155115	0.9213137187820732	0.9123173277661796	0.9123252858958069	0.9123252858958069	0.9123252858958069	0.8111111111111111	0.9153365718251214	0.9123252858958069	0.8111111111111111	0.8111111111111111	0.30663329161451813	0.9123252858958069	0.8779612347451543	0.8866525423728814	0.8463227222832053	0.8903088391906283	0.30663329161451813	0.8496898941991974	0.6864077669902913	0.9123173277661796	0.9264214046822743	0.9123173277661796	0.9123173277661796	0.8287748220307232	0.8779612347451543	0.8903088391906283	0.9100169779286927	0.395017793594306	0.9123173277661796	0.9123173277661796	0.8779612347451543	0.0	0.9123173277661796	0.783273381294964	0.8111111111111111	0.8111111111111111	0.9123252858958069	0.8111111111111111	0.9153365718251214	0.8743305962156372	0.8779612347451543	0.8743305962156372	0.9123173277661796	0.9153365718251214	0.8795811518324608	0.6864077669902913	0.866235167206041
p4.A6	0.9969503742722484	0.9969503742722484	0.9969503742722484	1.0	1.0	1.0	1.0	0.9966309341500765	0.9966309341500765	0.9969529085872576	0.9966309341500765	1.0	1.0	1.0	0.9969503742722484	1.0	1.0	1.0	0.9966309341500765	1.0	1.0	1.0	0.9969503742722484	1.0	1.0	1.0	1.0	1.0	1.0	1.0	1.0	0.9969376391982183	1.0	0.9966309341500765	1.0	1.0	1.0	0.9969503742722484	0.9969376391982183	1.0	0.9966309341500765	0.9966309341500765	1.0	0.9988941111418302	1.0	1.0	1.0	0.9966309341500765	1.0	1.0	0.9969529085872576	0.9969376391982183	1.0	0.9966309341500765	0.9966309341500765	0.9969376391982183	1.0	1.0	0.9966309341500765	0.9966309341500765	0.9966309341500765	1.0	0.9966309341500765	1.0	0.9966309341500765	0.9966309341500765	0.9966309341500765	1.0	1.0	1.0	1.0	1.0	1.0	0.9969376391982183	0.9969503742722484	0.9969376391982183	0.9969376391982183	1.0	0.9988941111418302	0.9988941111418302	1.0	0.9969376391982183	0.9969376391982183	0.9969529085872576	1.0	1.0	1.0	1.0	0.9966309341500765	1.0	1.0	1.0	1.0	1.0	1.0	0.9969503742722484	1.0	1.0	1.0	0.9961154273029966	0.9969503742722484	1.0	1.0	1.0	1.0	0.9969376391982183	1.0	1.0	1.0	1.0	0.9969376391982183	1.0	1.0	0.9969503742722484	0.9969503742722484	0.9969529085872576	1.0	0.9969376391982183	1.0	1.0	0.9969503742722484	1.0	0.9969503742722484	1.0	1.0	1.0	0.8992957746478873	0.8409619860356866	0.6099568796550372	0.9123173277661796	0.9201301048066498	0.9202072538860103	0.9472598703594579	0.03436807095343686	0.8409619860356866	0.8409619860356866	0.8409619860356866	0.9201301048066498	0.9105990783410138	0.8409619860356866	0.9201301048066498	0.9201301048066498	0.8992957746478873	0.8409619860356866	0.9092586896339587	0.9172727272727272	0.8463028737487892	0.8987577639751553	0.8992957746478873	0.8982423681776133	0.917215102182196	0.0	0.8681818181818182	0.0	0.0	0.6143024618991794	0.9092586896339587	0.8987577639751553	0.8863212821468506	0.8903088391906283	0.0	0.0	0.9092586896339587	0.9123173277661796	0.0	0.9202072538860103	0.9201301048066498	0.9201301048066498	0.8409619860356866	0.9201301048066498	0.9105990783410138	0.9555685472084186	0.9092586896339587	0.9555685472084186	0.0	0.9105990783410138	0.838258164852255	0.917215102182196	0.9146415552855407
p4.D2	0.9965484781926577	0.9959183673469387	0.9959183673469387	1.0	1.0	1.0	1.0	0.9961335676625659	0.9961335676625659	0.9959222082810539	0.9961335676625659	1.0	1.0	1.0	0.9959183673469387	1.0	1.0	1.0	0.9954273654590221	1.0	1.0	1.0	0.9959183673469387	1.0	1.0	1.0	1.0	1.0	1.0	1.0	1.0	0.9958990536277602	1.0	0.9954273654590221	1.0	1.0	1.0	0.9959183673469387	0.9958990536277602	1.0	0.9954273654590221	0.9954273654590221	1.0	0.9987488270253363	1.0	1.0	1.0	0.9961335676625659	1.0	1.0	0.9959222082810539	0.9958990536277602	1.0	0.9954273654590221	0.9954273654590221	0.9958990536277602	1.0	1.0	0.9961335676625659	0.9954273654590221	0.9954273654590221	0.9992178333985139	0.9954273654590221	1.0	0.9961335676625659	0.9954273654590221	0.9954273654590221	1.0	0.9992178333985139	1.0	1.0	1.0	1.0	0.9965321563682219	0.9959183673469387	0.9965321563682219	0.9958990536277602	1.0	0.9987488270253363	0.9987488270253363	1.0	0.9958990536277602	0.9958990536277602	0.9959222082810539	1.0	1.0	1.0	1.0	0.9954273654590221	1.0	1.0	1.0	1.0	1.0	1.0	0.9965484781926577	1.0	1.0	1.0	0.9956030150753769	0.9965484781926577	1.0	1.0	1.0	1.0	0.9965321563682219	1.0	1.0	1.0	1.0	0.9965321563682219	1.0	1.0	0.9959183673469387	0.9959183673469387	0.9959222082810539	1.0	0.9958990536277602	1.0	1.0	0.9959183673469387	1.0	0.9959183673469387	1.0	1.0	1.0	0.6819288845591817	0.9035012809564474	0.9138290479499652	0.783273381294964	0.8790920995198603	0.7199621570482497	0.8625541125541125	0.9202072538860103	0.9035012809564474	0.9035012809564474	0.9035012809564474	0.8790920995198603	0.8460686600221484	0.9035012809564474	0.8790920995198603	0.8790920995198603	0.6819288845591817	0.9035012809564474	0.910801393728223	0.8901795142555439	0.9146299483648881	0.917590027700831	0.6819288845591817	0.9216826265389877	0.6537313432835821	0.9202072538860103	0.9035012809564474	0.9202072538860103	0.9202072538860103	0.8859586600142552	0.910801393728223	0.917590027700831	0.9011553273427471	0.7772254857659286	0.9202072538860103	0.9202072538860103	0.910801393728223	0.783273381294964	0.9202072538860103	0.0	0.8790920995198603	0.8790920995198603	0.9035012809564474	0.8790920995198603	0.8460686600221484	0.905968077723803	0.910801393728223	0.905968077723803	0.9202072538860103	0.8460686600221484	0.9006849315068494	0.6537313432835821	0.9224196855775804
p4.E5	0.9963922597572975	0.9947437582128777	0.9947437582128777	1.0	1.0	1.0	1.0	0.9959364610269671	0.9959364610269671	0.9947489333770922	0.9959364610269671	1.0	1.0	1.0	0.9947437582128777	1.0	1.0	1.0	0.9940784603997039	1.0	1.0	1.0	0.994413407821229	1.0	1.0	1.0	1.0	1.0	1.0	1.0	1.0	0.994717728623308	1.0	0.9940784603997039	1.0	1.0	1.0	0.994413407821229	0.994717728623308	1.0	0.9937060348019252	0.9940784603997039	1.0	0.9957377049180328	1.0	1.0	1.0	0.9959364610269671	1.0	1.0	0.994418910045962	0.994717728623308	1.0	0.9937060348019252	0.9940784603997039	0.994717728623308	1.0	1.0	0.9959364610269671	0.9940784603997039	0.9937060348019252	0.9979304635761589	0.9940784603997039	1.0	0.9959364610269671	0.9937060348019252	0.9940784603997039	1.0	0.9979304635761589	1.0	1.0	1.0	1.0	0.9963744232036915	0.994413407821229	0.9963744232036915	0.9943857331571995	1.0	0.9957377049180328	0.9957377049180328	1.0	0.994717728623308	0.994717728623308	0.994418910045962	1.0	1.0	1.0	1.0	0.9940784603997039	1.0	1.0	1.0	1.0	1.0	1.0	0.9963922597572975	1.0	1.0	1.0	0.9954038082731451	0.9963922597572975	1.0	1.0	1.0	1.0	0.9963744232036915	1.0	1.0	1.0	1.0	0.9963744232036915	1.0	1.0	0.9947437582128777	0.9947437582128777	0.9947489333770922	1.0	0.994717728623308	1.0	1.0	0.9947437582128777	1.0	0.9947437582128777	1.0	1.0	1.0	0.8499776085982982	0.662630709961475	0.8467773060594366	0.8111111111111111	0.0	0.9118644067796611	0.9083997103548154	0.9201301048066498	0.662630709961475	0.662630709961475	0.662630709961475	0.0	0.8970099667774086	0.662630709961475	0.0	0.0	0.8499776085982982	0.662630709961475	0.8900445765230312	0.9193548387096774	0.8980263157894737	0.9026808666911494	0.8499776085982982	0.8951997068523269	0.9201009251471826	0.9201301048066498	0.6648351648351649	0.9201301048066498	0.9201301048066498	0.8369015181004282	0.8900445765230312	0.9026808666911494	0.784392196098049	0.8766404199475065	0.9201301048066498	0.9201301048066498	0.8900445765230312	0.8111111111111111	0.9201301048066498	0.8790920995198603	0.0	0.0	0.662630709961475	0.0	0.8970099667774086	0.9323654390934845	0.8900445765230312	0.9323654390934845	0.9201301048066498	0.8970099667774086	0.5921205098493627	0.9201009251471826	0.9115523465703971
p4.E6	0.9963922597572975	0.9947437582128777	0.9947437582128777	1.0	1.0	1.0	1.0	0.9959364610269671	0.9959364610269671	0.9947489333770922	0.9959364610269671	1.0	1.0	1.0	0.9947437582128777	1.0	1.0	1.0	0.9940784603997039	1.0	1.0	1.0	0.994413407821229	1.0	1.0	1.0	1.0	1.0	1.0	1.0	1.0	0.994717728623308	1.0	0.9940784603997039	1.0	1.0	1.0	0.994413407821229	0.994717728623308	1.0	0.9937060348019252	0.9940784603997039	1.0	0.9957377049180328	1.0	1.0	1.0	0.9959364610269671	1.0	1.0	0.994418910045962	0.994717728623308	1.0	0.9937060348019252	0.9940784603997039	0.994717728623308	1.0	1.0	0.9959364610269671	0.9940784603997039	0.9937060348019252	0.9979304635761589	0.9940784603997039	1.0	0.9959364610269671	0.9937060348019252	0.9940784603997039	1.0	0.9979304635761589	1.0	1.0	1.0	1.0	0.9963744232036915	0.994413407821229	0.9963744232036915	0.9943857331571995	1.0	0.9957377049180328	0.9957377049180328	1.0	0.994717728623308	0.994717728623308	0.994418910045962	1.0	1.0	1.0	1.0	0.9940784603997039	1.0	1.0	1.0	1.0	1.0	1.0	0.9963922597572975	1.0	1.0	1.0	0.9954038082731451	0.9963922597572975	1.0	1.0	1.0	1.0	0.9963744232036915	1.0	1.0	1.0	1.0	0.9963744232036915	1.0	1.0	0.9947437582128777	0.9947437582128777	0.9947489333770922	1.0	0.994717728623308	1.0	1.0	0.9947437582128777	1.0	0.9947437582128777	1.0	1.0	1.0	0.8499776085982982	0.662630709961475	0.8467773060594366	0.8111111111111111	0.0	0.9118644067796611	0.9083997103548154	0.9201301048066498	0.662630709961475	0.662630709961475	0.662630709961475	0.0	0.8970099667774086	0.662630709961475	0.0	0.0	0.8499776085982982	0.662630709961475	0.8900445765230312	0.9193548387096774	0.8980263157894737	0.9026808666911494	0.8499776085982982	0.8951997068523269	0.9201009251471826	0.9201301048066498	0.6648351648351649	0.9201301048066498	0.9201301048066498	0.8369015181004282	0.8900445765230312	0.9026808666911494	0.784392196098049	0.8766404199475065	0.9201301048066498	0.9201301048066498	0.8900445765230312	0.8111111111111111	0.9201301048066498	0.8790920995198603	0.0	0.0	0.662630709961475	0.0	0.8970099667774086	0.9323654390934845	0.8900445765230312	0.9323654390934845	0.9201301048066498	0.8970099667774086	0.5921205098493627	0.9201009251471826	0.9115523465703971
p5.C1	1.0	1.0	1.0	1.0	1.0	1.0	1.0	1.0	1.0	1.0	1.0	1.0	1.0	1.0	1.0	1.0	1.0	1.0	1.0	1.0	1.0	1.0	1.0	1.0	1.0	1.0	1.0	1.0	1.0	1.0	1.0	1.0	1.0	1.0	1.0	1.0	1.0	1.0	1.0	1.0	1.0	1.0	1.0	0.9996734160679295	1.0	1.0	1.0	1.0	1.0	1.0	1.0	1.0	1.0	1.0	1.0	1.0	1.0	1.0	1.0	1.0	1.0	1.0	1.0	1.0	1.0	1.0	1.0	1.0	1.0	1.0	1.0	1.0	1.0	1.0	1.0	1.0	1.0	1.0	0.9996734160679295	0.9996734160679295	1.0	1.0	1.0	1.0	1.0	1.0	1.0	1.0	1.0	1.0	1.0	1.0	1.0	1.0	1.0	1.0	1.0	1.0	1.0	1.0	1.0	1.0	1.0	1.0	1.0	1.0	1.0	1.0	1.0	1.0	1.0	1.0	1.0	1.0	1.0	1.0	1.0	1.0	1.0	1.0	1.0	1.0	1.0	1.0	1.0	1.0	0.9025641025641026	0.0	0.9313304721030042	0.9123252858958069	0.662630709961475	0.9164556962025316	0.9409905163329821	0.8409619860356866	0.0	0.0	0.0	0.662630709961475	0.9026808666911494	0.0	0.662630709961475	0.662630709961475	0.9025641025641026	0.0	0.9358974358974359	0.8626933232742362	0.8111198738170347	0.9290322580645162	0.9025641025641026	0.8690922730682671	0.8959587274290628	0.8409619860356866	0.09710258418167583	0.8409619860356866	0.8409619860356866	0.9305654974946314	0.9358974358974359	0.9290322580645162	0.717001055966209	0.8746713409290097	0.8409619860356866	0.8409619860356866	0.9358974358974359	0.9123252858958069	0.8409619860356866	0.9035012809564474	0.662630709961475	0.662630709961475	0.0	0.662630709961475	0.9026808666911494	0.9450664800559831	0.9358974358974359	0.9450664800559831	0.8409619860356866	0.9026808666911494	0.6002304147465438	0.8959587274290628	0.8939838591342627
p5.C3	0.9963922597572975	0.9947437582128777	0.9947437582128777	1.0	1.0	1.0	1.0	0.9959364610269671	0.9959364610269671	0.9947489333770922	0.9959364610269671	1.0	1.0	1.0	0.9947437582128777	1.0	1.0	1.0	0.9940784603997039	1.0	1.0	1.0	0.994413407821229	1.0	1.0	1.0	1.0	1.0	1.0	1.0	1.0	0.994717728623308	1.0	0.9940784603997039	1.0	1.0	1.0	0.994413407821229	0.994717728623308	1.0	0.9937060348019252	0.9940784603997039	1.0	0.9957377049180328	1.0	1.0	1.0	0.9959364610269671	1.0	1.0	0.994418910045962	0.994717728623308	1.0	0.9937060348019252	0.9940784603997039	0.994717728623308	1.0	1.0	0.9959364610269671	0.9940784603997039	0.9937060348019252	0.9979304635761589	0.9940784603997039	1.0	0.9959364610269671	0.9937060348019252	0.9940784603997039	1.0	0.9979304635761589	1.0	1.0	1.0	1.0	0.9963744232036915	0.994413407821229	0.9963744232036915	0.9943857331571995	1.0	0.9957377049180328	0.9957377049180328	1.0	0.994717728623308	0.994717728623308	0.994418910045962	1.0	1.0	1.0	1.0	0.9940784603997039	1.0	1.0	1.0	1.0	1.0	1.0	0.9963922597572975	1.0	1.0	1.0	0.9954038082731451	0.9963922597572975	1.0	1.0	1.0	1.0	0.9963744232036915	1.0	1.0	1.0	1.0	0.9963744232036915	1.0	1.0	0.9947437582128777	0.9947437582128777	0.9947489333770922	1.0	0.994717728623308	1.0	1.0	0.9947437582128777	1.0	0.9947437582128777	1.0	1.0	1.0	0.8499776085982982	0.662630709961475	0.8467773060594366	0.8111111111111111	0.0	0.9118644067796611	0.9083997103548154	0.9201301048066498	0.662630709961475	0.662630709961475	0.662630709961475	0.0	0.8970099667774086	0.662630709961475	0.0	0.0	0.8499776085982982	0.662630709961475	0.8900445765230312	0.9193548387096774	0.8980263157894737	0.9026808666911494	0.8499776085982982	0.8951997068523269	0.9201009251471826	0.9201301048066498	0.6648351648351649	0.9201301048066498	0.9201301048066498	0.8369015181004282	0.8900445765230312	0.9026808666911494	0.784392196098049	0.8766404199475065	0.9201301048066498	0.9201301048066498	0.8900445765230312	0.8111111111111111	0.9201301048066498	0.8790920995198603	0.0	0.0	0.662630709961475	0.0	0.8970099667774086	0.9323654390934845	0.8900445765230312	0.9323654390934845	0.9201301048066498	0.8970099667774086	0.5921205098493627	0.9201009251471826	0.9115523465703971
p5.D5	0.9969503742722484	0.9963938973647711	0.9963938973647711	1.0	1.0	1.0	1.0	0.9966309341500765	0.9966309341500765	0.9963968957871396	0.9966309341500765	1.0	1.0	1.0	0.9963938973647711	1.0	1.0	1.0	0.9960159362549801	1.0	1.0	1.0	0.9963938973647711	1.0	1.0	1.0	1.0	1.0	1.0	1.0	1.0	0.9963788300835654	1.0	0.9960159362549801	1.0	1.0	1.0	0.9963938973647711	0.9963788300835654	1.0	0.9960159362549801	0.9960159362549801	1.0	0.9988941111418302	1.0	1.0	1.0	0.9966309341500765	1.0	1.0	0.9963968957871396	0.9963788300835654	1.0	0.9960159362549801	0.9960159362549801	0.9963788300835654	1.0	1.0	0.9966309341500765	0.9960159362549801	0.9960159362549801	0.9993281827342962	0.9960159362549801	1.0	0.9966309341500765	0.9960159362549801	0.9960159362549801	1.0	0.9993281827342962	1.0	1.0	1.0	1.0	0.9969376391982183	0.9963938973647711	0.9969376391982183	0.9963788300835654	1.0	0.9988941111418302	0.9988941111418302	1.0	0.9963788300835654	0.9963788300835654	0.9963968957871396	1.0	1.0	1.0	1.0	0.9960159362549801	1.0	1.0	1.0	1.0	1.0	1.0	0.9969503742722484	1.0	1.0	1.0	0.9961154273029966	0.9969503742722484	1.0	1.0	1.0	1.0	0.9969376391982183	1.0	1.0	1.0	1.0	0.9969376391982183	1.0	1.0	0.9963938973647711	0.9963938973647711	0.9963968957871396	1.0	0.9963788300835654	1.0	1.0	0.9963938973647711	1.0	0.9963938973647711	1.0	1.0	1.0	0.8755395683453238	0.9026808666911494	0.9011465757669662	0.9153365718251214	0.8970099667774086	0.9027729027729028	0.9129905689078187	0.9105990783410138	0.9026808666911494	0.9026808666911494	0.9026808666911494	0.8970099667774086	0.0	0.9026808666911494	0.8970099667774086	0.8970099667774086	0.8755395683453238	0.9026808666911494	0.809267965077233	0.9350223546944858	0.9053308823529411	0.8164218958611482	0.8755395683453238	0.905666156202144	0.9145833333333333	0.9105990783410138	0.9074954296160878	0.9105990783410138	0.9105990783410138	0.875	0.809267965077233	0.8164218958611482	0.9114754098360656	0.8907026259758695	0.9105990783410138	0.9105990783410138	0.809267965077233	0.9153365718251214	0.9105990783410138	0.8460686600221484	0.8970099667774086	0.8970099667774086	0.9026808666911494	0.8970099667774086	0.0	0.9324768449357633	0.809267965077233	0.9324768449357633	0.9105990783410138	0.0	0.8941524796447076	0.9145833333333333	0.9149711509262071
p5.H11	0.9969730324711062	0.9969730324711062	0.9969730324711062	1.0	1.0	1.0	1.0	0.9966585662211421	0.9966585662211421	0.9969755292823755	0.9966585662211421	1.0	1.0	1.0	0.9969730324711062	1.0	1.0	1.0	0.9966585662211421	1.0	1.0	1.0	0.9969730324711062	1.0	1.0	1.0	1.0	1.0	1.0	1.0	1.0	0.9969604863221885	1.0	0.9966585662211421	1.0	1.0	1.0	0.9969730324711062	0.9969604863221885	1.0	0.9966585662211421	0.9966585662211421	1.0	0.9964236588720771	1.0	1.0	1.0	0.9966585662211421	1.0	1.0	0.9969755292823755	0.9969604863221885	1.0	0.9966585662211421	0.9966585662211421	0.9969604863221885	1.0	1.0	0.9966585662211421	0.9966585662211421	0.9966585662211421	1.0	0.9966585662211421	1.0	0.9966585662211421	0.9966585662211421	0.9966585662211421	1.0	1.0	1.0	1.0	1.0	1.0	0.9969604863221885	0.9969730324711062	0.9969604863221885	0.9969604863221885	1.0	0.9964236588720771	0.9964236588720771	1.0	0.9969604863221885	0.9969604863221885	0.9969755292823755	1.0	1.0	1.0	1.0	0.9966585662211421	1.0	1.0	1.0	1.0	1.0	1.0	0.9969730324711062	1.0	1.0	1.0	0.9961443128614706	0.9969730324711062	1.0	1.0	1.0	1.0	0.9969604863221885	1.0	1.0	1.0	1.0	0.9969604863221885	1.0	1.0	0.9969730324711062	0.9969730324711062	0.9969755292823755	1.0	0.9969604863221885	1.0	1.0	0.9969730324711062	1.0	0.9969730324711062	1.0	1.0	1.0	0.8862592723419287	0.9450664800559831	0.9375557537912578	0.8743305962156372	0.9323654390934845	0.8065859197577593	0.7292622661489587	0.9555685472084186	0.9450664800559831	0.9450664800559831	0.9450664800559831	0.9323654390934845	0.9324768449357633	0.9450664800559831	0.9323654390934845	0.9323654390934845	0.8862592723419287	0.9450664800559831	0.9343871160155085	0.6928104575163399	0.5407377381434941	0.9343871160155085	0.8862592723419287	0.6506746626686657	0.8429357798165138	0.9555685472084186	0.9409905163329821	0.9555685472084186	0.9555685472084186	0.9302395209580838	0.9343871160155085	0.9343871160155085	0.9483780955702825	0.8783351120597652	0.9555685472084186	0.9555685472084186	0.943524541691307	0.8743305962156372	0.9555685472084186	0.905968077723803	0.9323654390934845	0.9323654390934845	0.9450664800559831	0.9323654390934845	0.9324768449357633	0.0	0.9343871160155085	0.0	0.9555685472084186	0.9324768449357633	0.935757147899753	0.8429357798165138	0.6415094339622642
p6.B9	0.9969503742722484	0.9955580233203776	0.9955580233203776	1.0	1.0	1.0	1.0	0.9966309341500765	0.9966309341500765	0.9955617198335645	0.9966309341500765	1.0	1.0	1.0	0.9955580233203776	1.0	1.0	1.0	0.9950920245398773	1.0	1.0	1.0	0.995279089141905	1.0	1.0	1.0	1.0	1.0	1.0	1.0	1.0	0.9955394480066908	1.0	0.9950920245398773	1.0	1.0	1.0	0.995279089141905	0.9955394480066908	1.0	0.9947836759742252	0.9950920245398773	1.0	0.9988941111418302	1.0	1.0	1.0	0.9966309341500765	1.0	1.0	0.9952830188679245	0.9955394480066908	1.0	0.9947836759742252	0.9950920245398773	0.9955394480066908	1.0	1.0	0.9966309341500765	0.9950920245398773	0.9947836759742252	0.9983187626092804	0.9950920245398773	1.0	0.9966309341500765	0.9947836759742252	0.9950920245398773	1.0	0.9983187626092804	1.0	1.0	1.0	1.0	0.9969376391982183	0.995279089141905	0.9969376391982183	0.9952593418851088	1.0	0.9988941111418302	0.9988941111418302	1.0	0.9955394480066908	0.9955394480066908	0.9952830188679245	1.0	1.0	1.0	1.0	0.9950920245398773	1.0	1.0	1.0	1.0	1.0	1.0	0.9969503742722484	1.0	1.0	1.0	0.9961154273029966	0.9969503742722484	1.0	1.0	1.0	1.0	0.9969376391982183	1.0	1.0	1.0	1.0	0.9969376391982183	1.0	1.0	0.9955580233203776	0.9955580233203776	0.9955617198335645	1.0	0.9955394480066908	1.0	1.0	0.9955580233203776	1.0	0.9955580233203776	1.0	1.0	1.0	0.8731074260994953	0.9358974358974359	0.8949828607042692	0.8779612347451543	0.8900445765230312	0.9316473000683527	0.9002770083102493	0.9092586896339587	0.9358974358974359	0.9358974358974359	0.9358974358974359	0.8900445765230312	0.809267965077233	0.9358974358974359	0.8900445765230312	0.8900445765230312	0.8731074260994953	0.9358974358974359	0.0	0.927992799279928	0.8855271366188396	0.06757493188010899	0.8731074260994953	0.8820400500625782	0.9381793478260869	0.9092586896339587	0.9504741833508957	0.9092586896339587	0.9092586896339587	0.8890977443609023	0.0	0.06757493188010899	0.9297994269340975	0.912695652173913	0.9092586896339587	0.9092586896339587	0.03436807095343686	0.8779612347451543	0.9092586896339587	0.910801393728223	0.8900445765230312	0.8900445765230312	0.9358974358974359	0.8900445765230312	0.809267965077233	0.9343871160155085	0.0	0.9343871160155085	0.9092586896339587	0.809267965077233	0.886736214605067	0.9381793478260869	0.9023041474654377
p7.G11	0.9969730324711062	0.9969730324711062	0.9969730324711062	1.0	1.0	1.0	1.0	0.9966585662211421	0.9966585662211421	0.9969755292823755	0.9966585662211421	1.0	1.0	1.0	0.9969730324711062	1.0	1.0	1.0	0.9966585662211421	1.0	1.0	1.0	0.9969730324711062	1.0	1.0	1.0	1.0	1.0	1.0	1.0	1.0	0.9969604863221885	1.0	0.9966585662211421	1.0	1.0	1.0	0.9969730324711062	0.9969604863221885	1.0	0.9966585662211421	0.9966585662211421	1.0	0.9964236588720771	1.0	1.0	1.0	0.9966585662211421	1.0	1.0	0.9969755292823755	0.9969604863221885	1.0	0.9966585662211421	0.9966585662211421	0.9969604863221885	1.0	1.0	0.9966585662211421	0.9966585662211421	0.9966585662211421	1.0	0.9966585662211421	1.0	0.9966585662211421	0.9966585662211421	0.9966585662211421	1.0	1.0	1.0	1.0	1.0	1.0	0.9969604863221885	0.9969730324711062	0.9969604863221885	0.9969604863221885	1.0	0.9964236588720771	0.9964236588720771	1.0	0.9969604863221885	0.9969604863221885	0.9969755292823755	1.0	1.0	1.0	1.0	0.9966585662211421	1.0	1.0	1.0	1.0	1.0	1.0	0.9969730324711062	1.0	1.0	1.0	0.9961443128614706	0.9969730324711062	1.0	1.0	1.0	1.0	0.9969604863221885	1.0	1.0	1.0	1.0	0.9969604863221885	1.0	1.0	0.9969730324711062	0.9969730324711062	0.9969755292823755	1.0	0.9969604863221885	1.0	1.0	0.9969730324711062	1.0	0.9969730324711062	1.0	1.0	1.0	0.8862592723419287	0.9450664800559831	0.9375557537912578	0.8743305962156372	0.9323654390934845	0.8065859197577593	0.7292622661489587	0.9555685472084186	0.9450664800559831	0.9450664800559831	0.9450664800559831	0.9323654390934845	0.9324768449357633	0.9450664800559831	0.9323654390934845	0.9323654390934845	0.8862592723419287	0.9450664800559831	0.9343871160155085	0.6928104575163399	0.5407377381434941	0.9343871160155085	0.8862592723419287	0.6506746626686657	0.8429357798165138	0.9555685472084186	0.9409905163329821	0.9555685472084186	0.9555685472084186	0.9302395209580838	0.9343871160155085	0.9343871160155085	0.9483780955702825	0.8783351120597652	0.9555685472084186	0.9555685472084186	0.943524541691307	0.8743305962156372	0.9555685472084186	0.905968077723803	0.9323654390934845	0.9323654390934845	0.9450664800559831	0.9323654390934845	0.9324768449357633	0.0	0.9343871160155085	0.0	0.9555685472084186	0.9324768449357633	0.935757147899753	0.8429357798165138	0.6415094339622642
p8.B3	0.9969503742722484	0.9969503742722484	0.9969503742722484	1.0	1.0	1.0	1.0	0.9966309341500765	0.9966309341500765	0.9969529085872576	0.9966309341500765	1.0	1.0	1.0	0.9969503742722484	1.0	1.0	1.0	0.9966309341500765	1.0	1.0	1.0	0.9969503742722484	1.0	1.0	1.0	1.0	1.0	1.0	1.0	1.0	0.9969376391982183	1.0	0.9966309341500765	1.0	1.0	1.0	0.9969503742722484	0.9969376391982183	1.0	0.9966309341500765	0.9966309341500765	1.0	0.9988941111418302	1.0	1.0	1.0	0.9966309341500765	1.0	1.0	0.9969529085872576	0.9969376391982183	1.0	0.9966309341500765	0.9966309341500765	0.9969376391982183	1.0	1.0	0.9966309341500765	0.9966309341500765	0.9966309341500765	1.0	0.9966309341500765	1.0	0.9966309341500765	0.9966309341500765	0.9966309341500765	1.0	1.0	1.0	1.0	1.0	1.0	0.9969376391982183	0.9969503742722484	0.9969376391982183	0.9969376391982183	1.0	0.9988941111418302	0.9988941111418302	1.0	0.9969376391982183	0.9969376391982183	0.9969529085872576	1.0	1.0	1.0	1.0	0.9966309341500765	1.0	1.0	1.0	1.0	1.0	1.0	0.9969503742722484	1.0	1.0	1.0	0.9961154273029966	0.9969503742722484	1.0	1.0	1.0	1.0	0.9969376391982183	1.0	1.0	1.0	1.0	0.9969376391982183	1.0	1.0	0.9969503742722484	0.9969503742722484	0.9969529085872576	1.0	0.9969376391982183	1.0	1.0	0.9969503742722484	1.0	0.9969503742722484	1.0	1.0	1.0	0.8992957746478873	0.8409619860356866	0.6099568796550372	0.9123173277661796	0.9201301048066498	0.9202072538860103	0.9472598703594579	0.03436807095343686	0.8409619860356866	0.8409619860356866	0.8409619860356866	0.9201301048066498	0.9105990783410138	0.8409619860356866	0.9201301048066498	0.9201301048066498	0.8992957746478873	0.8409619860356866	0.9092586896339587	0.9172727272727272	0.8463028737487892	0.8987577639751553	0.8992957746478873	0.8982423681776133	0.917215102182196	0.0	0.8681818181818182	0.0	0.0	0.6143024618991794	0.9092586896339587	0.8987577639751553	0.8863212821468506	0.8903088391906283	0.0	0.0	0.9092586896339587	0.9123173277661796	0.0	0.9202072538860103	0.9201301048066498	0.9201301048066498	0.8409619860356866	0.9201301048066498	0.9105990783410138	0.9555685472084186	0.9092586896339587	0.9555685472084186	0.0	0.9105990783410138	0.838258164852255	0.917215102182196	0.9146415552855407
p8.B9	0.9969503742722484	0.9963938973647711	0.9963938973647711	1.0	1.0	1.0	1.0	0.9966309341500765	0.9966309341500765	0.9963968957871396	0.9966309341500765	1.0	1.0	1.0	0.9963938973647711	1.0	1.0	1.0	0.9960159362549801	1.0	1.0	1.0	0.9963938973647711	1.0	1.0	1.0	1.0	1.0	1.0	1.0	1.0	0.9963788300835654	1.0	0.9960159362549801	1.0	1.0	1.0	0.9963938973647711	0.9963788300835654	1.0	0.9960159362549801	0.9960159362549801	1.0	0.9988941111418302	1.0	1.0	1.0	0.9966309341500765	1.0	1.0	0.9963968957871396	0.9963788300835654	1.0	0.9960159362549801	0.9960159362549801	0.9963788300835654	1.0	1.0	0.9966309341500765	0.9960159362549801	0.9960159362549801	0.9993281827342962	0.9960159362549801	1.0	0.9966309341500765	0.9960159362549801	0.9960159362549801	1.0	0.9993281827342962	1.0	1.0	1.0	1.0	0.9969376391982183	0.9963938973647711	0.9969376391982183	0.9963788300835654	1.0	0.9988941111418302	0.9988941111418302	1.0	0.9963788300835654	0.9963788300835654	0.9963968957871396	1.0	1.0	1.0	1.0	0.9960159362549801	1.0	1.0	1.0	1.0	1.0	1.0	0.9969503742722484	1.0	1.0	1.0	0.9961154273029966	0.9969503742722484	1.0	1.0	1.0	1.0	0.9969376391982183	1.0	1.0	1.0	1.0	0.9969376391982183	1.0	1.0	0.9963938973647711	0.9963938973647711	0.9963968957871396	1.0	0.9963788300835654	1.0	1.0	0.9963938973647711	1.0	0.9963938973647711	1.0	1.0	1.0	0.8755395683453238	0.9026808666911494	0.9011465757669662	0.9153365718251214	0.8970099667774086	0.9027729027729028	0.9129905689078187	0.9105990783410138	0.9026808666911494	0.9026808666911494	0.9026808666911494	0.8970099667774086	0.0	0.9026808666911494	0.8970099667774086	0.8970099667774086	0.8755395683453238	0.9026808666911494	0.809267965077233	0.9350223546944858	0.9053308823529411	0.8164218958611482	0.8755395683453238	0.905666156202144	0.9145833333333333	0.9105990783410138	0.9074954296160878	0.9105990783410138	0.9105990783410138	0.875	0.809267965077233	0.8164218958611482	0.9114754098360656	0.8907026259758695	0.9105990783410138	0.9105990783410138	0.809267965077233	0.9153365718251214	0.9105990783410138	0.8460686600221484	0.8970099667774086	0.8970099667774086	0.9026808666911494	0.8970099667774086	0.0	0.9324768449357633	0.809267965077233	0.9324768449357633	0.9105990783410138	0.0	0.8941524796447076	0.9145833333333333	0.9149711509262071
p8.C7	0.9963922597572975	0.9963922597572975	0.9963922597572975	1.0	1.0	1.0	1.0	0.9959364610269671	0.9959364610269671	0.9963958060288336	0.9959364610269671	1.0	1.0	1.0	0.9963922597572975	1.0	1.0	1.0	0.9959364610269671	1.0	1.0	1.0	0.9963922597572975	1.0	1.0	1.0	1.0	1.0	1.0	1.0	1.0	0.9963744232036915	1.0	0.9959364610269671	1.0	1.0	1.0	0.9963922597572975	0.9963744232036915	1.0	0.9959364610269671	0.9959364610269671	1.0	0.9986923831317424	1.0	1.0	1.0	0.9959364610269671	1.0	1.0	0.9963958060288336	0.9963744232036915	1.0	0.9959364610269671	0.9959364610269671	0.9963744232036915	1.0	1.0	0.9959364610269671	0.9959364610269671	0.9959364610269671	1.0	0.9959364610269671	1.0	0.9959364610269671	0.9959364610269671	0.9959364610269671	1.0	1.0	1.0	1.0	1.0	1.0	0.9963744232036915	0.9963922597572975	0.9963744232036915	0.9963744232036915	1.0	0.9986923831317424	0.9986923831317424	1.0	0.9963744232036915	0.9963744232036915	0.9963958060288336	1.0	1.0	1.0	1.0	0.9959364610269671	1.0	1.0	1.0	1.0	1.0	1.0	0.9963922597572975	1.0	1.0	1.0	0.9954038082731451	0.9963922597572975	1.0	1.0	1.0	1.0	0.9963744232036915	1.0	1.0	1.0	1.0	0.9963744232036915	1.0	1.0	0.9963922597572975	0.9963922597572975	0.9963958060288336	1.0	0.9963744232036915	1.0	1.0	0.9963922597572975	1.0	0.9963922597572975	1.0	1.0	1.0	0.8751642575558476	0.6002304147465438	0.9042904290429042	0.8795811518324608	0.5921205098493627	0.8868660598179454	0.9417339417339418	0.838258164852255	0.6002304147465438	0.6002304147465438	0.6002304147465438	0.5921205098493627	0.8941524796447076	0.6002304147465438	0.5921205098493627	0.5921205098493627	0.8751642575558476	0.6002304147465438	0.886736214605067	0.9178033022254127	0.8372541457770921	0.8737278552581983	0.8751642575558476	0.8808463251670379	0.9100169779286927	0.838258164852255	0.6484983314794216	0.838258164852255	0.838258164852255	0.902277736958119	0.886736214605067	0.8737278552581983	0.7033084311632871	0.8657243816254416	0.838258164852255	0.838258164852255	0.886736214605067	0.8795811518324608	0.838258164852255	0.9006849315068494	0.5921205098493627	0.5921205098493627	0.6002304147465438	0.5921205098493627	0.8941524796447076	0.935757147899753	0.886736214605067	0.935757147899753	0.838258164852255	0.8941524796447076	0.0	0.9100169779286927	0.8992332968236583
p8.E4	0.9965484781926577	0.9965484781926577	0.9965484781926577	1.0	1.0	1.0	1.0	0.9961335676625659	0.9961335676625659	0.996551724137931	0.9961335676625659	1.0	1.0	1.0	0.9965484781926577	1.0	1.0	1.0	0.9961335676625659	1.0	1.0	1.0	0.9965484781926577	1.0	1.0	1.0	1.0	1.0	1.0	1.0	1.0	0.9965321563682219	1.0	0.9961335676625659	1.0	1.0	1.0	0.9965484781926577	0.9965321563682219	1.0	0.9961335676625659	0.9961335676625659	1.0	0.9987488270253363	1.0	1.0	1.0	0.9961335676625659	1.0	1.0	0.996551724137931	0.9965321563682219	1.0	0.9961335676625659	0.9961335676625659	0.9965321563682219	1.0	1.0	0.9961335676625659	0.9961335676625659	0.9961335676625659	1.0	0.9961335676625659	1.0	0.9961335676625659	0.9961335676625659	0.9961335676625659	1.0	1.0	1.0	1.0	1.0	1.0	0.9965321563682219	0.9965484781926577	0.9965321563682219	0.9965321563682219	1.0	0.9987488270253363	0.9987488270253363	1.0	0.9965321563682219	0.9965321563682219	0.996551724137931	1.0	1.0	1.0	1.0	0.9961335676625659	1.0	1.0	1.0	1.0	1.0	1.0	0.9965484781926577	1.0	1.0	1.0	0.9956030150753769	0.9965484781926577	1.0	1.0	1.0	1.0	0.9965321563682219	1.0	1.0	1.0	1.0	0.9965321563682219	1.0	1.0	0.9965484781926577	0.9965484781926577	0.996551724137931	1.0	0.9965321563682219	1.0	1.0	0.9965484781926577	1.0	0.9965484781926577	1.0	1.0	1.0	0.7126546146527117	0.8959587274290628	0.9220689655172414	0.6864077669902913	0.9201009251471826	0.5196936542669583	0.8831030818278427	0.917215102182196	0.8959587274290628	0.8959587274290628	0.8959587274290628	0.9201009251471826	0.9145833333333333	0.8959587274290628	0.9201009251471826	0.9201009251471826	0.7126546146527117	0.8959587274290628	0.9381793478260869	0.8213084112149532	0.8956217162872154	0.9381793478260869	0.7126546146527117	0.9074844074844075	0.0	0.917215102182196	0.8844483058210252	0.917215102182196	0.917215102182196	0.9396200814111262	0.9381793478260869	0.9381793478260869	0.8902333621434745	0.6676514032496308	0.917215102182196	0.917215102182196	0.9381793478260869	0.6864077669902913	0.917215102182196	0.6537313432835821	0.9201009251471826	0.9201009251471826	0.8959587274290628	0.9201009251471826	0.9145833333333333	0.8429357798165138	0.9381793478260869	0.8429357798165138	0.917215102182196	0.9145833333333333	0.9100169779286927	0.0	0.8967809657102869
p8.H7	1.0	0.9986263736263736	0.9986263736263736	1.0	1.0	1.0	1.0	1.0	1.0	0.9986275048037332	1.0	1.0	1.0	1.0	0.9986263736263736	1.0	1.0	1.0	0.998483929654336	1.0	1.0	1.0	0.998351195383347	1.0	1.0	1.0	1.0	1.0	1.0	1.0	1.0	0.9986206896551724	1.0	0.998483929654336	1.0	1.0	1.0	0.998351195383347	0.9986206896551724	1.0	0.9981801637852593	0.998483929654336	1.0	0.999725802029065	1.0	1.0	1.0	1.0	1.0	1.0	0.9983525535420099	0.9986206896551724	1.0	0.9981801637852593	0.998483929654336	0.9986206896551724	1.0	1.0	1.0	0.998483929654336	0.9981801637852593	0.9983338887037654	0.998483929654336	1.0	1.0	0.9981801637852593	0.998483929654336	1.0	0.9983338887037654	1.0	1.0	1.0	1.0	1.0	0.998351195383347	1.0	0.9983443708609272	1.0	0.999725802029065	0.999725802029065	1.0	0.9986206896551724	0.9986206896551724	0.9983525535420099	1.0	1.0	1.0	1.0	0.998483929654336	1.0	1.0	1.0	1.0	1.0	1.0	1.0	1.0	1.0	1.0	1.0	1.0	1.0	1.0	1.0	1.0	1.0	1.0	1.0	1.0	1.0	1.0	1.0	1.0	0.9986263736263736	0.9986263736263736	0.9986275048037332	1.0	0.9986206896551724	1.0	1.0	0.9986263736263736	1.0	0.9986263736263736	1.0	1.0	1.0	0.8596745027124774	0.8939838591342627	0.9321578003586372	0.866235167206041	0.9115523465703971	0.8771367521367521	0.7301587301587302	0.9146415552855407	0.8939838591342627	0.8939838591342627	0.8939838591342627	0.9115523465703971	0.9149711509262071	0.8939838591342627	0.9115523465703971	0.9115523465703971	0.8596745027124774	0.8939838591342627	0.9023041474654377	0.7256637168141593	0.5245901639344263	0.9126597687157638	0.8596745027124774	0.1220657276995305	0.8967809657102869	0.9146415552855407	0.8939838591342627	0.9146415552855407	0.9146415552855407	0.9234709249774028	0.9023041474654377	0.9126597687157638	0.8323005422153369	0.72811617587737	0.9146415552855407	0.9146415552855407	0.9086744043982895	0.866235167206041	0.9146415552855407	0.9224196855775804	0.9115523465703971	0.9115523465703971	0.8939838591342627	0.9115523465703971	0.9149711509262071	0.6415094339622642	0.9023041474654377	0.6415094339622642	0.9146415552855407	0.9149711509262071	0.8992332968236583	0.8967809657102869	0.0
