	Pseudomonas_syringae_1188_1_11471_NZ_RBPG01000002	Pseudomonas_syringae_1845_4123_NZ_LYUP01000021	Pseudomonas_syringae_2507_4122_NZ_LYUO01000008	Pseudomonas_syringae_260-02_11495_NZ_MLFM01000009	Pseudomonas_syringae_2675C_6916_NZ_MLEX01000022	Pseudomonas_syringae_2676C_6925_NZ_MLEY01000018	Pseudomonas_syringae_31R1_5320_NZ_LT629769	Pseudomonas_syringae_44527_20732_NZ_JARNJB010000018	Pseudomonas_syringae_5264_5873_NZ_NBAQ01000017	Pseudomonas_syringae_7928A_6990_NZ_NBAL01000010	Pseudomonas_syringae_BIM_B-268_17583_NZ_CP068034	Pseudomonas_syringae_BRIP34881_444_NZ_KB316543	Pseudomonas_syringae_BRIP39023_442_NZ_KB316296	Pseudomonas_syringae_BRIP65014-c_20724_NZ_JAJISW010000012	Pseudomonas_syringae_BS0292_5537_NZ_FOVV01000019	Pseudomonas_syringae_BS2732_5563_NZ_FOTU01000003	Pseudomonas_syringae_BS2900_5075_NZ_FNPP01000004	Pseudomonas_syringae_BS3827_5522_NZ_FOQB01000010	Pseudomonas_syringae_BS3829_5514_NZ_FOPR01000011	Pseudomonas_syringae_CAS02_17541_NZ_CP032459	Pseudomonas_syringae_CC1557_3076_NZ_CP007014	Pseudomonas_syringae_CC457_20754_NZ_CP127246	Pseudomonas_syringae_CFBP_2116_6934_NZ_LT985192	Pseudomonas_syringae_CFBP_8692_12247_NZ_WJSF01000010	Pseudomonas_syringae_Dortyol_2015_6_17564_NZ_JAEIKC010000017	Pseudomonas_syringae_Dr_447_1_17557_NZ_JAEIKL010000026	Pseudomonas_syringae_Erdemli_3_17569_NZ_JAEIJX010000050	Pseudomonas_syringae_Erdemli_6_17567_NZ_JAEIJZ010000010	Pseudomonas_syringae_Erzin_1_17571_NZ_JAEIJV010000042	Pseudomonas_syringae_Erzin_2_17572_NZ_JAEIJW010000011	Pseudomonas_syringae_ICMP_11293_3802_NZ_LKEP01000002	Pseudomonas_syringae_ICMP_4122_6689_NZ_LKBX01000039	Pseudomonas_syringae_KCTC_12500_26106_NZ_AYTM02000002	Pseudomonas_syringae_KF529_17593_NZ_CP074409	Pseudomonas_syringae_Karpuz_1_hishtil_a_17552_NZ_JAEILI010000040	Pseudomonas_syringae_Kozan_2015_1_17562_NZ_JAEIKF010000024	Pseudomonas_syringae_LMG5095_7342_NZ_CP028490	Pseudomonas_syringae_M11_20731_NZ_JAROCH010000010	Pseudomonas_syringae_MB03_4121_NZ_LAGV01000047	Pseudomonas_syringae_MUP17_20728_NZ_CP110807	Pseudomonas_syringae_MUP20_20716_NZ_CP110808	Pseudomonas_syringae_MUP32_20727_NZ_CP110809	Pseudomonas_syringae_NCPPB_3871_5835_NZ_LKEN01000002	Pseudomonas_syringae_NZ45_6142_NZ_MTZF01000001	Pseudomonas_syringae_P108_12228_NZ_VLIA01000012	Pseudomonas_syringae_P121_12232_NZ_VLIE01000021	Pseudomonas_syringae_P78_12243_NZ_WJPU01000012	Pseudomonas_syringae_PA-1-11B_17691_NZ_WJYR01000030	Pseudomonas_syringae_PA-2-9E_17695_NZ_CP066265	Pseudomonas_syringae_PA-5-3F_17693_NZ_WKCY01000048	Pseudomonas_syringae_PA-5-3G_17692_NZ_WKCZ01000015	Pseudomonas_syringae_PsA1M246_17694_NZ_JAKMVN010000019	Pseudomonas_syringae_Pss9654_5872_NZ_MLES01000028	Pseudomonas_syringae_Pss9656_6144_NZ_MLEM01000010	Pseudomonas_syringae_Psy33_20718_NZ_CP036493	Pseudomonas_syringae_R1079_7297_NZ_NQWX01000016	Pseudomonas_syringae_RAYR-BL_17598_NZ_JAHZNS010000008	Pseudomonas_syringae_RMP66_6987_NZ_NHST01000045	Pseudomonas_syringae_SHV1866_17586_NZ_JAHARV010000001	Pseudomonas_syringae_SHV323_17590_NZ_JAHARZ010000001	Pseudomonas_syringae_SV1599_17591_NZ_JAHARU010000001	Pseudomonas_syringae_SV921_17588_NZ_JAHARY010000002	Pseudomonas_syringae_Sevgi_fide_PST_17555_NZ_JAEIKN010000010	Pseudomonas_syringae_StP26_17597_NZ_CP075880	Pseudomonas_syringae_Susan2139_17596_NZ_CP074578	Pseudomonas_syringae_Susan762_17594_NZ_CP074411	Pseudomonas_syringae_Tule1434_17592_NZ_JAHARX010000001	Pseudomonas_syringae_Tule230_17587_NZ_JAHARW010000001	Pseudomonas_syringae_U643_17595_NZ_CP074410	Pseudomonas_syringae_U888_17589_NZ_JAHASA010000001	Pseudomonas_syringae_UB303_12214_NZ_CP047267	Pseudomonas_syringae_UMAF0158_3878_NZ_CP005970	Pseudomonas_syringae_USA011_12213_NZ_CP045799	Pseudomonas_syringae_isolate_CFBP2118_5951_NZ_LT962481	Pseudomonas_syringae_isolate_CFBP3840_6707_NZ_LT963409	Pseudomonas_syringae_isolate_CFBP4215_6752_NZ_LT962480	Pseudomonas_syringae_isolate_CFBP6109_6963_NZ_LT963391	Pseudomonas_syringae_psy100_6403_NZ_MLEV01000005	Pseudomonas_syringae_pv_actinidiae_PSAAH01_20743_NZ_CP116478	Pseudomonas_syringae_pv_actinidiae_str_Shaanxi_M228_11439_NZ_CP032631	Pseudomonas_syringae_pv_actinidifoliorum_ICMP_18803_20753_NZ_CP081457	Pseudomonas_syringae_pv_aptata_G733_11468_NZ_RBOI01000041	Pseudomonas_syringae_pv_avellanae_ISPaVe037_292_NZ_JH951894	Pseudomonas_syringae_pv_avellanae_str_ISPaVe013_26105_NZ_JH951849	Pseudomonas_syringae_pv_cilantro_0788_9_3786_NZ_LGLN01000010	Pseudomonas_syringae_pv_dysoxyli_CFBP_2356_12226_NZ_VLHW01000015	Pseudomonas_syringae_pv_helianthi_LMG_5067_14836_NZ_CP092918	Pseudomonas_syringae_pv_lapsa_ATCC_10859_3811_NZ_CP013183	Pseudomonas_syringae_pv_lapsa_PslA1M171_17765_NZ_JAKMVE010000009	Pseudomonas_syringae_pv_maculicola_M4a_3822_NZ_LGLE01000004	Pseudomonas_syringae_pv_maculicola_YM7930_3817_NZ_LGLD01000029	Pseudomonas_syringae_pv_maculicola_str_ES4326_12204_NZ_CP047260	Pseudomonas_syringae_pv_papulans_PSP1_20741_NZ_JAFFRZ010000001	Pseudomonas_syringae_pv_syringae_2339_3881_NZ_LIHU01000021	Pseudomonas_syringae_pv_syringae_2340_3879_NZ_LIHT01000078	Pseudomonas_syringae_pv_syringae_41a_3079_NZ_JYHJ01000011	Pseudomonas_syringae_pv_syringae_529_11454_NZ_QPBJ01000022	Pseudomonas_syringae_pv_syringae_Alf3_2478_NZ_KL995102	Pseudomonas_syringae_pv_syringae_B301D_3084_NZ_CP005969	Pseudomonas_syringae_pv_syringae_B48_20739_NZ_CP125300	Pseudomonas_syringae_pv_syringae_B64_281_NZ_CM001763	Pseudomonas_syringae_pv_syringae_B728a_112_NC_007005	Pseudomonas_syringae_pv_syringae_EC33_20735_NZ_JAGSOX010000017	Pseudomonas_syringae_pv_syringae_HO7_20736_NZ_JARNIY010000011	Pseudomonas_syringae_pv_syringae_HS191_3083_NZ_CP006256	Pseudomonas_syringae_pv_syringae_Pss9644_17750_NZ_CP066263	Pseudomonas_syringae_pv_syringae_PssA1M140_20740_NZ_JAKMAG010000016	Pseudomonas_syringae_pv_syringae_PssA1M197_17707_NZ_JAKMVF010000007	Pseudomonas_syringae_pv_syringae_PssA1M201_17710_NZ_JAKMVI010000020	Pseudomonas_syringae_pv_syringae_PssA1M250_17721_NZ_JAKMVP010000021	Pseudomonas_syringae_pv_syringae_PssA1M262_17714_NZ_JAKMVV010000011	Pseudomonas_syringae_pv_syringae_S2_2_20738_NZ_JARNIX010000035	Pseudomonas_syringae_pv_syringae_SM_282_NZ_CM001986	Pseudomonas_syringae_pv_syringae_UMAF0176_17744_NZ_JAJPOK010000010	Pseudomonas_syringae_pv_syringae_UMAF0271_17740_NZ_JAJPOF010000013	Pseudomonas_syringae_pv_syringae_UMAF0297_17737_NZ_JAJPOD010000011	Pseudomonas_syringae_pv_syringae_UMAF1003_17741_NZ_JAJPOJ010000013	Pseudomonas_syringae_pv_syringae_UMAF1013_17734_NZ_JAJPOC010000013	Pseudomonas_syringae_pv_syringae_UMAF2016_17739_NZ_JAJPOG010000015	Pseudomonas_syringae_pv_syringae_UMAF2600_17732_NZ_JAJPOA010000013	Pseudomonas_syringae_pv_syringae_UMAF2801_17738_NZ_JAJPOH010000009	Pseudomonas_syringae_pv_syringae_UMAF2815_17736_NZ_JAJPNZ010000006	Pseudomonas_syringae_pv_syringae_UMAF3028_17702_NZ_JACTWB010000009	Pseudomonas_syringae_pv_syringae_UMAF7000_17735_NZ_JAJPNY010000012	Pseudomonas_syringae_pv_tagetis_ICMP_4091_14835_NZ_CP092923	Pseudomonas_syringae_pv_tomato_BRIP38746_11422_NZ_SNVG01000020	p1.G2	p12.A11	p12.E2	p12.G7	p13.C1	p13.D10	p13.F3	p20.D4	p20.F10	p20.G9	p21.A8	p21.E3	p21.F1	p21.F9	p22.A8	p22.B5	p22.C1	p22.D1	p22.D4	p23.A3	p23.B2	p23.B8	p24.B5	p24.H2	p25.A12	p25.B2	p25.C11	p25.C2	p25.D2	p26.B7	p26.D6	p26.E7	p27.D6	p27.F2	p3.A3	p3.F12	p3.F8	p3.G9	p4.A6	p4.D2	p4.E5	p4.E6	p5.C1	p5.C3	p5.D5	p5.H11	p6.B9	p7.G11	p8.B3	p8.B9	p8.C7	p8.E4	p8.H7
Pseudomonas_syringae_1188_1_11471_NZ_RBPG01000002	1845	1131	1152	0	0	0	0	447	384	533	355	0	0	0	1590	0	32	0	332	0	0	0	339	0	0	0	0	0	0	0	0	491	0	340	0	0	0	1246	481	0	403	332	0	2	0	0	0	402	127	0	582	266	847	403	340	520	33	0	434	371	351	2	340	0	433	351	340	0	2	0	0	0	0	350	339	436	220	0	2	2	24	266	520	512	1	0	53	0	403	0	0	0	0	0	0	1441	0	0	878	665	1246	0	0	0	0	434	335	0	878	0	434	0	0	460	443	326	0	245	0	0	460	0	530	0	53	0	11	0	11	11	11	11	11	11	0	0	0	11	11	0	11	11	11	0	11	11	11	11	11	0	11	11	0	11	11	11	11	11	0	11	11	11	11	11	11	11	11	11	0	11	11	11	11	11	11	11	11	11	0
Pseudomonas_syringae_1845_4123_NZ_LYUP01000021	1131	1845	1282	0	0	0	0	269	218	433	302	0	0	0	1100	0	32	0	287	0	0	0	401	0	0	0	0	0	0	0	0	395	0	273	0	0	0	1081	464	0	327	330	0	12	0	0	0	238	127	0	457	416	823	327	273	450	25	0	278	242	413	26	273	0	268	413	273	0	26	0	0	0	0	359	401	382	291	0	12	12	12	416	450	388	12	0	39	0	330	0	0	0	0	0	0	1079	0	0	796	559	1181	0	0	0	0	333	328	0	796	0	333	0	0	598	604	486	0	375	0	0	598	0	639	0	39	0	16	0	16	16	16	16	13	11	0	0	0	16	13	0	16	16	16	0	16	11	11	11	16	5	11	11	0	11	11	16	16	11	5	16	11	11	16	16	11	13	16	16	0	16	13	11	16	11	11	13	11	11	5
Pseudomonas_syringae_2507_4122_NZ_LYUO01000008	1152	1282	1845	0	0	0	0	355	282	498	369	0	0	0	1007	0	32	0	362	0	0	0	367	0	0	0	0	0	0	0	0	449	0	373	0	0	0	1016	541	0	419	453	0	12	0	0	0	372	75	0	550	366	765	419	373	543	30	0	354	342	398	26	373	0	403	398	373	0	26	0	0	0	0	372	367	437	258	0	12	12	12	366	543	456	1	0	53	0	446	0	0	0	0	0	0	1139	0	0	743	601	1716	0	0	0	0	441	341	0	743	0	441	0	0	534	514	410	0	358	0	0	534	0	583	0	53	0	16	0	16	16	16	16	13	11	0	0	0	16	13	0	16	16	16	0	16	11	11	11	16	5	11	11	0	11	11	16	16	11	5	16	11	11	16	16	11	13	16	16	0	16	13	11	16	11	11	13	11	11	5
Pseudomonas_syringae_260-02_11495_NZ_MLFM01000009	0	0	0	1560	101	101	191	0	0	0	0	55	23	69	0	0	0	51	0	1319	0	132	0	1529	303	55	115	115	83	83	23	0	92	0	69	115	51	0	0	118	0	0	23	0	68	69	1529	0	0	66	0	0	0	0	0	0	0	1466	0	0	0	89	0	68	0	0	0	131	89	68	101	23	101	0	0	0	0	23	0	0	0	0	0	0	0	23	0	15	0	0	0	0	0	101	101	0	87	131	0	0	0	153	115	87	132	0	0	87	0	101	0	87	131	0	0	0	23	0	23	23	0	1356	0	191	0	0	0	0	0	0	0	0	0	0	0	0	0	0	0	0	0	0	0	0	0	0	0	0	0	0	0	0	0	0	0	0	0	0	0	0	0	0	0	0	0	0	0	0	0	0	0	0	0	0	0	0	0	0	0
Pseudomonas_syringae_2675C_6916_NZ_MLEX01000022	0	0	0	101	1359	1359	108	0	0	0	0	231	55	217	0	0	0	107	0	44	69	231	0	101	113	231	276	276	247	247	77	0	247	0	217	276	107	0	0	245	0	0	55	0	96	217	101	0	0	138	0	0	0	0	0	0	0	87	0	0	0	96	0	96	0	0	0	110	96	96	1238	55	1204	0	0	0	0	77	0	0	0	0	0	0	0	55	0	1	0	0	15	15	38	1238	1328	0	1296	110	0	0	0	244	276	1175	231	0	0	1175	0	1238	0	1227	110	0	0	0	55	0	55	55	0	40	0	108	0	14	0	0	0	0	0	0	0	0	0	0	0	0	0	0	0	0	0	0	0	0	0	0	0	0	0	0	0	0	0	0	0	0	0	0	0	0	0	0	0	0	0	0	0	0	0	0	0	0	0	0	0	0	0
Pseudomonas_syringae_2676C_6925_NZ_MLEY01000018	0	0	0	101	1359	1359	108	0	0	0	0	231	55	217	0	0	0	107	0	44	69	231	0	101	113	231	276	276	247	247	77	0	247	0	217	276	107	0	0	245	0	0	55	0	96	217	101	0	0	138	0	0	0	0	0	0	0	87	0	0	0	96	0	96	0	0	0	110	96	96	1238	55	1204	0	0	0	0	77	0	0	0	0	0	0	0	55	0	1	0	0	15	15	38	1238	1328	0	1296	110	0	0	0	244	276	1175	231	0	0	1175	0	1238	0	1227	110	0	0	0	55	0	55	55	0	40	0	108	0	14	0	0	0	0	0	0	0	0	0	0	0	0	0	0	0	0	0	0	0	0	0	0	0	0	0	0	0	0	0	0	0	0	0	0	0	0	0	0	0	0	0	0	0	0	0	0	0	0	0	0	0	0	0
Pseudomonas_syringae_31R1_5320_NZ_LT629769	0	0	0	191	108	108	1356	0	0	0	0	293	825	225	0	0	0	27	0	123	6	234	0	191	108	293	237	237	225	225	320	0	245	0	225	237	27	0	0	302	0	0	825	0	43	225	191	0	0	39	0	0	0	0	0	0	0	182	0	0	0	52	0	43	0	0	0	52	52	43	108	825	106	0	0	0	0	320	0	0	0	0	0	0	0	825	0	11	0	0	0	0	667	108	108	0	108	52	0	0	0	328	237	108	234	0	0	108	0	108	0	106	52	0	0	0	825	0	825	825	0	370	0	1294	0	2	0	0	0	0	0	0	0	0	0	0	0	0	0	0	0	0	0	0	0	0	0	0	0	0	0	0	0	0	0	0	0	0	0	0	0	0	0	0	0	0	0	0	0	0	0	0	0	0	0	0	0	0	0
Pseudomonas_syringae_44527_20732_NZ_JARNJB010000018	447	269	355	0	0	0	0	1503	1347	369	849	0	0	0	484	0	32	0	727	0	0	0	156	0	0	0	0	0	0	0	0	288	0	814	0	0	0	305	292	0	931	775	0	20	0	0	0	1368	33	0	346	195	237	931	814	338	30	0	958	845	839	2	806	0	1337	839	814	0	2	0	0	0	0	252	156	373	156	0	20	20	20	195	338	311	1	0	71	0	877	0	0	0	0	0	0	509	0	0	237	269	472	0	0	0	0	329	237	0	237	0	329	0	0	195	165	195	0	195	0	0	195	0	195	0	82	0	11	0	11	11	11	11	11	11	0	0	0	11	11	0	11	11	11	0	11	11	11	11	11	0	11	11	0	11	11	11	11	11	0	11	11	11	11	11	11	11	11	11	0	11	11	11	11	11	11	11	11	11	0
Pseudomonas_syringae_5264_5873_NZ_NBAQ01000017	384	218	282	0	0	0	0	1347	1503	320	826	0	0	0	399	0	29	0	883	0	0	0	156	0	0	0	0	0	0	0	0	444	0	970	0	0	0	318	386	0	837	850	0	20	0	0	0	1276	59	0	359	188	240	837	970	351	8	0	921	1001	782	2	962	0	1307	782	970	0	2	0	0	0	0	255	156	275	156	0	20	20	20	188	351	324	0	0	76	0	845	0	0	0	0	0	0	477	0	0	240	214	399	0	0	0	0	336	240	0	240	0	336	0	0	188	172	188	0	188	0	0	188	0	188	0	87	0	11	0	11	11	11	11	11	11	0	0	0	11	11	0	11	11	11	0	11	11	11	11	11	0	11	11	0	11	11	11	11	11	0	11	11	11	11	11	11	11	11	11	0	11	11	11	11	11	11	11	11	11	0
Pseudomonas_syringae_7928A_6990_NZ_NBAL01000010	533	433	498	0	0	0	0	369	320	1848	393	0	0	0	500	0	32	0	397	0	0	0	256	0	0	0	0	0	0	0	0	751	0	378	0	0	0	779	664	0	363	308	0	2	0	0	0	343	80	0	820	340	472	363	378	1006	43	0	356	347	311	26	378	0	312	311	378	0	26	0	0	0	0	513	256	604	449	0	2	2	6	340	1006	1660	18	0	49	0	427	0	0	0	0	0	0	501	0	0	458	442	466	0	0	0	0	617	507	0	458	0	617	0	0	335	359	764	0	375	0	0	335	0	314	0	49	0	16	0	16	16	16	16	13	11	0	0	0	16	13	0	16	16	16	0	16	11	11	11	16	5	11	11	0	11	11	16	16	11	5	16	11	11	16	16	11	13	16	16	0	16	13	11	16	11	11	13	11	11	5
Pseudomonas_syringae_BIM_B-268_17583_NZ_CP068034	355	302	369	0	0	0	0	849	826	393	1503	0	0	0	320	0	32	0	1048	0	0	0	189	0	0	0	0	0	0	0	0	388	0	1129	0	0	0	398	296	0	1080	1025	0	2	0	0	0	873	22	0	422	218	306	1080	1129	424	33	0	1122	1098	1064	8	1098	0	904	1064	1129	0	8	0	0	0	0	337	189	387	192	0	2	2	1	218	424	418	18	0	54	0	1214	0	0	0	0	0	0	427	0	0	306	284	390	0	0	0	0	390	306	0	306	0	390	0	0	218	190	218	0	218	0	0	218	0	218	0	62	0	11	0	11	11	11	11	11	11	0	0	0	11	11	0	11	11	11	0	11	11	11	11	11	0	11	11	0	11	11	11	11	11	0	11	11	11	11	11	11	11	11	11	0	11	11	11	11	11	11	11	11	11	0
Pseudomonas_syringae_BRIP34881_444_NZ_KB316543	0	0	0	55	231	231	293	0	0	0	0	1293	243	882	0	0	0	197	0	31	9	882	0	55	89	1293	837	837	837	837	71	0	876	0	882	837	197	0	0	1293	0	0	243	0	222	882	55	0	0	161	0	0	0	0	0	0	0	55	0	0	0	222	0	222	0	0	0	222	222	222	243	243	243	0	0	0	0	71	0	0	0	0	0	0	0	243	0	0	0	0	7	7	180	243	231	0	231	222	0	0	0	508	868	243	882	0	0	243	0	231	0	231	222	0	0	0	243	0	243	243	0	41	0	279	0	9	0	0	0	0	0	0	0	0	0	0	0	0	0	0	0	0	0	0	0	0	0	0	0	0	0	0	0	0	0	0	0	0	0	0	0	0	0	0	0	0	0	0	0	0	0	0	0	0	0	0	0	0	0
Pseudomonas_syringae_BRIP39023_442_NZ_KB316296	0	0	0	23	55	55	825	0	0	0	0	243	1356	175	0	0	0	14	0	0	6	184	0	23	0	243	187	187	175	175	746	0	195	0	175	187	14	0	0	252	0	0	1356	0	14	175	23	0	0	14	0	0	0	0	0	0	0	14	0	0	0	23	0	14	0	0	0	23	23	14	55	1356	53	0	0	0	0	746	0	0	0	0	0	0	0	1356	0	0	0	0	0	0	978	55	55	0	55	23	0	0	0	206	187	55	184	0	0	55	0	55	0	53	23	0	0	0	1356	0	1356	1356	0	72	0	825	0	12	0	0	0	0	0	0	0	0	0	0	0	0	0	0	0	0	0	0	0	0	0	0	0	0	0	0	0	0	0	0	0	0	0	0	0	0	0	0	0	0	0	0	0	0	0	0	0	0	0	0	0	0	0
Pseudomonas_syringae_BRIP65014-c_20724_NZ_JAJISW010000012	0	0	0	69	217	217	225	0	0	0	0	882	175	1293	0	0	0	223	0	49	4	1293	0	69	116	882	1138	1138	1138	1138	53	0	1135	0	1293	1138	223	0	0	882	0	0	175	0	114	1293	69	0	0	126	0	0	0	0	0	0	0	69	0	0	0	114	0	114	0	0	0	114	114	114	226	175	226	0	0	0	0	53	0	0	0	0	0	0	0	175	0	0	0	0	0	0	153	226	217	0	217	114	0	0	0	256	1169	226	1293	0	0	226	0	214	0	214	114	0	0	0	175	0	175	175	0	47	0	225	0	2	0	0	0	0	0	0	0	0	0	0	0	0	0	0	0	0	0	0	0	0	0	0	0	0	0	0	0	0	0	0	0	0	0	0	0	0	0	0	0	0	0	0	0	0	0	0	0	0	0	0	0	0	0
Pseudomonas_syringae_BS0292_5537_NZ_FOVV01000019	1590	1100	1007	0	0	0	0	484	399	500	320	0	0	0	1845	0	32	0	303	0	0	0	299	0	0	0	0	0	0	0	0	461	0	382	0	0	0	1177	463	0	418	386	0	2	0	0	0	427	106	0	512	258	797	418	382	471	33	0	414	413	295	20	382	0	436	295	382	0	20	0	0	0	0	300	299	370	180	0	2	2	24	258	471	447	1	0	45	0	445	0	0	0	0	0	0	1308	0	0	828	570	1050	0	0	0	0	335	285	0	828	0	335	0	0	452	425	318	0	237	0	0	452	0	522	0	45	0	16	0	16	16	16	16	13	11	0	0	0	16	13	0	16	16	16	0	16	11	11	11	16	5	11	11	0	11	11	16	16	11	5	16	11	11	16	16	11	13	16	16	0	16	13	11	16	11	11	13	11	11	5
Pseudomonas_syringae_BS2732_5563_NZ_FOTU01000003	0	0	0	0	0	0	0	0	0	0	0	0	0	0	0	1848	89	0	0	0	0	0	0	0	0	0	0	0	0	0	0	0	0	0	0	0	0	0	0	0	0	0	0	98	0	0	0	0	18	0	58	0	0	0	0	0	20	0	0	0	0	0	0	0	0	0	0	0	0	0	0	0	0	0	0	0	0	0	98	98	102	0	0	0	129	0	0	0	0	0	0	0	0	0	0	0	0	0	0	0	0	0	0	0	0	0	0	0	0	0	0	0	0	0	0	0	0	0	0	0	0	0	0	0	0	44	0	0	0	0	0	0	0	0	0	0	0	0	0	0	0	0	0	0	0	0	0	0	0	0	0	0	0	0	0	0	0	0	0	0	0	0	0	0	0	0	0	0	0	0	0	0	0	0	0	0	0	0	0
Pseudomonas_syringae_BS2900_5075_NZ_FNPP01000004	32	32	32	0	0	0	0	32	29	32	32	0	0	0	32	89	1215	0	29	0	0	0	8	0	0	0	0	0	0	0	0	29	0	29	0	0	0	32	29	0	32	17	0	173	0	0	0	32	20	0	32	32	10	32	29	32	14	0	32	29	32	0	29	0	32	32	29	0	0	0	0	0	0	10	8	32	8	0	173	173	188	32	32	32	208	0	0	0	32	0	0	0	0	0	0	32	0	0	10	10	32	0	0	0	0	32	10	0	10	0	32	0	0	32	12	32	0	32	0	0	32	0	32	0	0	69	0	0	0	0	0	0	0	0	0	0	0	0	0	0	0	0	0	0	0	0	0	0	0	0	0	0	0	0	0	0	0	0	0	0	0	0	0	0	0	0	0	0	0	0	0	0	0	0	0	0	0	0	0
Pseudomonas_syringae_BS3827_5522_NZ_FOQB01000010	0	0	0	51	107	107	27	0	0	0	0	197	14	223	0	0	0	1143	0	31	0	223	0	51	106	197	130	130	130	130	14	0	130	0	223	130	1112	0	0	197	0	0	14	0	955	223	51	0	0	953	0	0	0	0	0	0	0	51	0	0	0	955	0	924	0	0	0	955	955	955	119	14	119	0	0	0	0	14	0	0	0	0	0	0	0	14	0	737	0	0	0	0	0	119	107	0	107	955	0	0	0	126	130	119	223	0	0	119	0	107	0	107	924	0	0	0	14	0	14	14	0	29	0	27	0	0	0	0	0	0	0	0	0	0	0	0	0	0	0	0	0	0	0	0	0	0	0	0	0	0	0	0	0	0	0	0	0	0	0	0	0	0	0	0	0	0	0	0	0	0	0	0	0	0	0	0	0	0	0
Pseudomonas_syringae_BS3829_5514_NZ_FOPR01000011	332	287	362	0	0	0	0	727	883	397	1048	0	0	0	303	0	29	0	1503	0	0	0	206	0	0	0	0	0	0	0	0	558	0	1352	0	0	0	380	497	0	1189	1229	0	0	0	0	0	749	101	0	407	259	260	1189	1352	428	8	0	1215	1321	1212	26	1321	0	780	1212	1352	0	26	0	0	0	0	291	206	319	206	0	0	0	0	259	428	391	0	0	47	0	1227	0	0	0	0	0	0	394	0	0	260	211	324	0	0	0	0	383	260	0	260	0	383	0	0	259	242	259	0	259	0	0	259	0	259	0	55	0	16	0	16	16	16	16	13	11	0	0	0	16	13	0	16	16	16	0	16	11	11	11	16	5	11	11	0	11	11	16	16	11	5	16	11	11	16	16	11	13	16	16	0	16	13	11	16	11	11	13	11	11	5
Pseudomonas_syringae_CAS02_17541_NZ_CP032459	0	0	0	1319	44	44	123	0	0	0	0	31	0	49	0	0	0	31	0	1344	0	49	0	1288	286	31	49	49	49	49	0	0	49	0	49	49	31	0	0	31	0	0	0	0	44	49	1288	0	0	44	0	0	0	0	0	0	0	1288	0	0	0	44	0	44	0	0	0	44	44	44	44	0	44	0	0	0	0	0	0	0	0	0	0	0	0	0	0	15	0	0	0	0	0	44	44	0	44	44	0	0	0	94	49	44	49	0	0	44	0	44	0	44	44	0	0	0	0	0	0	0	0	1288	0	123	0	0	0	0	0	0	0	0	0	0	0	0	0	0	0	0	0	0	0	0	0	0	0	0	0	0	0	0	0	0	0	0	0	0	0	0	0	0	0	0	0	0	0	0	0	0	0	0	0	0	0	0	0	0	0
Pseudomonas_syringae_CC1557_3076_NZ_CP007014	0	0	0	0	69	69	6	0	0	0	0	9	6	4	0	0	0	0	0	0	1293	4	0	0	0	9	4	4	4	4	56	0	4	0	4	4	0	0	0	9	0	0	6	0	0	4	0	0	0	0	0	0	0	0	0	0	0	0	0	0	0	0	0	0	0	0	0	0	0	0	90	6	69	0	0	0	0	56	0	0	0	0	0	0	0	6	0	0	0	0	9	9	2	90	69	0	69	0	0	0	0	22	4	90	4	0	0	90	0	82	0	69	0	0	0	0	6	0	6	6	0	0	0	6	0	0	0	0	0	0	0	0	0	0	0	0	0	0	0	0	0	0	0	0	0	0	0	0	0	0	0	0	0	0	0	0	0	0	0	0	0	0	0	0	0	0	0	0	0	0	0	0	0	0	0	0	0	0	0
Pseudomonas_syringae_CC457_20754_NZ_CP127246	0	0	0	132	231	231	234	0	0	0	0	882	184	1293	0	0	0	223	0	49	4	1356	0	132	116	882	1170	1170	1138	1138	62	0	1144	0	1293	1170	223	0	0	945	0	0	184	0	114	1293	132	0	0	126	0	0	0	0	0	0	0	69	0	0	0	135	0	114	0	0	0	177	135	114	240	184	240	0	0	0	0	62	0	0	0	0	0	0	0	184	0	0	0	0	0	0	153	240	231	0	217	177	0	0	0	294	1201	226	1356	0	0	226	0	228	0	214	177	0	0	0	184	0	184	184	0	56	0	234	0	2	0	0	0	0	0	0	0	0	0	0	0	0	0	0	0	0	0	0	0	0	0	0	0	0	0	0	0	0	0	0	0	0	0	0	0	0	0	0	0	0	0	0	0	0	0	0	0	0	0	0	0	0	0
Pseudomonas_syringae_CFBP_2116_6934_NZ_LT985192	339	401	367	0	0	0	0	156	156	256	189	0	0	0	299	0	8	0	206	0	0	0	1845	0	0	0	0	0	0	0	0	249	0	204	0	0	0	410	272	0	242	222	0	9	0	0	0	129	55	0	307	401	381	242	204	262	30	0	161	173	265	20	204	0	149	265	204	0	20	0	0	0	0	267	1845	311	829	0	9	9	18	401	262	294	19	0	72	0	209	0	0	0	0	0	0	297	0	0	381	597	315	0	0	0	0	202	236	0	381	0	202	0	0	782	715	421	0	413	0	0	782	0	744	0	72	0	17	0	17	17	17	17	13	11	0	0	0	17	13	0	17	17	17	0	17	11	11	11	17	6	11	11	0	11	11	17	17	11	6	17	11	11	17	17	11	13	17	17	0	17	13	11	17	11	11	13	11	11	6
Pseudomonas_syringae_CFBP_8692_12247_NZ_WJSF01000010	0	0	0	1529	101	101	191	0	0	0	0	55	23	69	0	0	0	51	0	1288	0	132	0	1560	303	55	115	115	83	83	23	0	92	0	69	115	51	0	0	118	0	0	23	0	68	69	1560	0	0	66	0	0	0	0	0	0	0	1497	0	0	0	89	0	68	0	0	0	131	89	68	101	23	101	0	0	0	0	23	0	0	0	0	0	0	0	23	0	15	0	0	0	0	0	101	101	0	87	131	0	0	0	153	115	87	132	0	0	87	0	101	0	87	131	0	0	0	23	0	23	23	0	1325	0	191	0	0	0	0	0	0	0	0	0	0	0	0	0	0	0	0	0	0	0	0	0	0	0	0	0	0	0	0	0	0	0	0	0	0	0	0	0	0	0	0	0	0	0	0	0	0	0	0	0	0	0	0	0	0	0
Pseudomonas_syringae_Dortyol_2015_6_17564_NZ_JAEIKC010000017	0	0	0	303	113	113	108	0	0	0	0	89	0	116	0	0	0	106	0	286	0	116	0	303	1497	89	137	137	137	137	0	0	137	0	116	137	106	0	0	89	0	0	0	0	92	116	303	0	0	192	0	0	0	0	0	0	0	303	0	0	0	92	0	92	0	0	0	92	92	92	125	0	125	0	0	0	0	0	0	0	0	0	0	0	0	0	0	17	0	0	0	0	0	125	113	0	113	92	0	0	0	131	137	125	116	0	0	125	0	113	0	113	92	0	0	0	0	0	0	0	0	297	0	108	0	0	0	0	0	0	0	0	0	0	0	0	0	0	0	0	0	0	0	0	0	0	0	0	0	0	0	0	0	0	0	0	0	0	0	0	0	0	0	0	0	0	0	0	0	0	0	0	0	0	0	0	0	0	0
Pseudomonas_syringae_Dr_447_1_17557_NZ_JAEIKL010000026	0	0	0	55	231	231	293	0	0	0	0	1293	243	882	0	0	0	197	0	31	9	882	0	55	89	1293	837	837	837	837	71	0	876	0	882	837	197	0	0	1293	0	0	243	0	222	882	55	0	0	161	0	0	0	0	0	0	0	55	0	0	0	222	0	222	0	0	0	222	222	222	243	243	243	0	0	0	0	71	0	0	0	0	0	0	0	243	0	0	0	0	7	7	180	243	231	0	231	222	0	0	0	508	868	243	882	0	0	243	0	231	0	231	222	0	0	0	243	0	243	243	0	41	0	279	0	9	0	0	0	0	0	0	0	0	0	0	0	0	0	0	0	0	0	0	0	0	0	0	0	0	0	0	0	0	0	0	0	0	0	0	0	0	0	0	0	0	0	0	0	0	0	0	0	0	0	0	0	0	0
Pseudomonas_syringae_Erdemli_3_17569_NZ_JAEIJX010000050	0	0	0	115	276	276	237	0	0	0	0	837	187	1138	0	0	0	130	0	49	4	1170	0	115	137	837	1356	1356	1293	1293	65	0	1249	0	1138	1356	130	0	0	869	0	0	187	0	108	1138	115	0	0	143	0	0	0	0	0	0	0	83	0	0	0	117	0	108	0	0	0	140	117	108	285	187	285	0	0	0	0	65	0	0	0	0	0	0	0	187	0	0	0	0	0	0	153	285	276	0	247	140	0	0	0	288	1325	256	1170	0	0	256	0	273	0	244	140	0	0	0	187	0	187	187	0	59	0	237	0	2	0	0	0	0	0	0	0	0	0	0	0	0	0	0	0	0	0	0	0	0	0	0	0	0	0	0	0	0	0	0	0	0	0	0	0	0	0	0	0	0	0	0	0	0	0	0	0	0	0	0	0	0	0
Pseudomonas_syringae_Erdemli_6_17567_NZ_JAEIJZ010000010	0	0	0	115	276	276	237	0	0	0	0	837	187	1138	0	0	0	130	0	49	4	1170	0	115	137	837	1356	1356	1293	1293	65	0	1249	0	1138	1356	130	0	0	869	0	0	187	0	108	1138	115	0	0	143	0	0	0	0	0	0	0	83	0	0	0	117	0	108	0	0	0	140	117	108	285	187	285	0	0	0	0	65	0	0	0	0	0	0	0	187	0	0	0	0	0	0	153	285	276	0	247	140	0	0	0	288	1325	256	1170	0	0	256	0	273	0	244	140	0	0	0	187	0	187	187	0	59	0	237	0	2	0	0	0	0	0	0	0	0	0	0	0	0	0	0	0	0	0	0	0	0	0	0	0	0	0	0	0	0	0	0	0	0	0	0	0	0	0	0	0	0	0	0	0	0	0	0	0	0	0	0	0	0	0
Pseudomonas_syringae_Erzin_1_17571_NZ_JAEIJV010000042	0	0	0	83	247	247	225	0	0	0	0	837	175	1138	0	0	0	130	0	49	4	1138	0	83	137	837	1293	1293	1293	1293	53	0	1228	0	1138	1293	130	0	0	837	0	0	175	0	108	1138	83	0	0	143	0	0	0	0	0	0	0	83	0	0	0	108	0	108	0	0	0	108	108	108	256	175	256	0	0	0	0	53	0	0	0	0	0	0	0	175	0	0	0	0	0	0	153	256	247	0	247	108	0	0	0	265	1262	256	1138	0	0	256	0	244	0	244	108	0	0	0	175	0	175	175	0	47	0	225	0	2	0	0	0	0	0	0	0	0	0	0	0	0	0	0	0	0	0	0	0	0	0	0	0	0	0	0	0	0	0	0	0	0	0	0	0	0	0	0	0	0	0	0	0	0	0	0	0	0	0	0	0	0	0
Pseudomonas_syringae_Erzin_2_17572_NZ_JAEIJW010000011	0	0	0	83	247	247	225	0	0	0	0	837	175	1138	0	0	0	130	0	49	4	1138	0	83	137	837	1293	1293	1293	1293	53	0	1228	0	1138	1293	130	0	0	837	0	0	175	0	108	1138	83	0	0	143	0	0	0	0	0	0	0	83	0	0	0	108	0	108	0	0	0	108	108	108	256	175	256	0	0	0	0	53	0	0	0	0	0	0	0	175	0	0	0	0	0	0	153	256	247	0	247	108	0	0	0	265	1262	256	1138	0	0	256	0	244	0	244	108	0	0	0	175	0	175	175	0	47	0	225	0	2	0	0	0	0	0	0	0	0	0	0	0	0	0	0	0	0	0	0	0	0	0	0	0	0	0	0	0	0	0	0	0	0	0	0	0	0	0	0	0	0	0	0	0	0	0	0	0	0	0	0	0	0	0
Pseudomonas_syringae_ICMP_11293_3802_NZ_LKEP01000002	0	0	0	23	77	77	320	0	0	0	0	71	746	53	0	0	0	14	0	0	56	62	0	23	0	71	65	65	53	53	1356	0	65	0	53	65	14	0	0	80	0	0	746	0	14	53	23	0	0	14	0	0	0	0	0	0	0	14	0	0	0	23	0	14	0	0	0	23	23	14	98	746	77	0	0	0	0	1356	0	0	0	0	0	0	0	746	0	0	0	0	22	22	479	98	77	0	77	23	0	0	0	116	65	98	62	0	0	98	0	98	0	77	23	0	0	0	746	0	746	746	0	72	0	320	0	21	0	0	0	0	0	0	0	0	0	0	0	0	0	0	0	0	0	0	0	0	0	0	0	0	0	0	0	0	0	0	0	0	0	0	0	0	0	0	0	0	0	0	0	0	0	0	0	0	0	0	0	0	0
Pseudomonas_syringae_ICMP_4122_6689_NZ_LKBX01000039	491	395	449	0	0	0	0	288	444	751	388	0	0	0	461	0	29	0	558	0	0	0	249	0	0	0	0	0	0	0	0	1830	0	569	0	0	0	501	1569	0	355	446	0	2	0	0	0	307	226	0	550	504	429	355	569	1416	19	0	368	538	371	26	569	0	338	371	569	0	26	0	0	0	0	751	249	684	751	0	2	2	20	504	1416	691	0	0	58	0	475	0	0	0	0	0	0	487	0	0	427	291	408	0	0	0	0	991	593	0	427	0	991	0	0	348	354	567	0	498	0	0	348	0	306	0	58	0	16	0	16	16	16	16	13	11	0	0	0	16	13	0	16	16	16	0	16	11	11	11	16	5	11	11	0	11	11	16	16	11	5	16	11	11	16	16	11	13	16	16	0	16	13	11	16	11	11	13	11	11	5
Pseudomonas_syringae_KCTC_12500_26106_NZ_AYTM02000002	0	0	0	92	247	247	245	0	0	0	0	876	195	1135	0	0	0	130	0	49	4	1144	0	92	137	876	1249	1249	1228	1228	65	0	1356	0	1135	1249	130	0	0	885	0	0	195	0	108	1135	92	0	0	143	0	0	0	0	0	0	0	83	0	0	0	117	0	108	0	0	0	117	117	108	256	195	256	0	0	0	0	65	0	0	0	0	0	0	0	195	0	0	0	0	0	0	161	256	247	0	247	117	0	0	0	273	1280	256	1144	0	0	256	0	244	0	244	117	0	0	0	195	0	195	195	0	59	0	245	0	2	0	0	0	0	0	0	0	0	0	0	0	0	0	0	0	0	0	0	0	0	0	0	0	0	0	0	0	0	0	0	0	0	0	0	0	0	0	0	0	0	0	0	0	0	0	0	0	0	0	0	0	0	0
Pseudomonas_syringae_KF529_17593_NZ_CP074409	340	273	373	0	0	0	0	814	970	378	1129	0	0	0	382	0	29	0	1352	0	0	0	204	0	0	0	0	0	0	0	0	569	0	1503	0	0	0	364	477	0	1227	1349	0	0	0	0	0	866	57	0	388	250	283	1227	1503	409	8	0	1193	1472	1196	26	1472	0	897	1196	1503	0	26	0	0	0	0	314	204	345	204	0	0	0	0	250	409	377	0	0	50	0	1378	0	0	0	0	0	0	348	0	0	283	203	332	0	0	0	0	351	283	0	283	0	351	0	0	250	233	250	0	250	0	0	250	0	250	0	58	0	16	0	16	16	16	16	13	11	0	0	0	16	13	0	16	16	16	0	16	11	11	11	16	5	11	11	0	11	11	16	16	11	5	16	11	11	16	16	11	13	16	16	0	16	13	11	16	11	11	13	11	11	5
Pseudomonas_syringae_Karpuz_1_hishtil_a_17552_NZ_JAEILI010000040	0	0	0	69	217	217	225	0	0	0	0	882	175	1293	0	0	0	223	0	49	4	1293	0	69	116	882	1138	1138	1138	1138	53	0	1135	0	1293	1138	223	0	0	882	0	0	175	0	114	1293	69	0	0	126	0	0	0	0	0	0	0	69	0	0	0	114	0	114	0	0	0	114	114	114	226	175	226	0	0	0	0	53	0	0	0	0	0	0	0	175	0	0	0	0	0	0	153	226	217	0	217	114	0	0	0	256	1169	226	1293	0	0	226	0	214	0	214	114	0	0	0	175	0	175	175	0	47	0	225	0	2	0	0	0	0	0	0	0	0	0	0	0	0	0	0	0	0	0	0	0	0	0	0	0	0	0	0	0	0	0	0	0	0	0	0	0	0	0	0	0	0	0	0	0	0	0	0	0	0	0	0	0	0	0
Pseudomonas_syringae_Kozan_2015_1_17562_NZ_JAEIKF010000024	0	0	0	115	276	276	237	0	0	0	0	837	187	1138	0	0	0	130	0	49	4	1170	0	115	137	837	1356	1356	1293	1293	65	0	1249	0	1138	1356	130	0	0	869	0	0	187	0	108	1138	115	0	0	143	0	0	0	0	0	0	0	83	0	0	0	117	0	108	0	0	0	140	117	108	285	187	285	0	0	0	0	65	0	0	0	0	0	0	0	187	0	0	0	0	0	0	153	285	276	0	247	140	0	0	0	288	1325	256	1170	0	0	256	0	273	0	244	140	0	0	0	187	0	187	187	0	59	0	237	0	2	0	0	0	0	0	0	0	0	0	0	0	0	0	0	0	0	0	0	0	0	0	0	0	0	0	0	0	0	0	0	0	0	0	0	0	0	0	0	0	0	0	0	0	0	0	0	0	0	0	0	0	0	0
Pseudomonas_syringae_LMG5095_7342_NZ_CP028490	0	0	0	51	107	107	27	0	0	0	0	197	14	223	0	0	0	1112	0	31	0	223	0	51	106	197	130	130	130	130	14	0	130	0	223	130	1143	0	0	197	0	0	14	0	924	223	51	0	0	922	0	0	0	0	0	0	0	51	0	0	0	924	0	893	0	0	0	924	924	924	119	14	119	0	0	0	0	14	0	0	0	0	0	0	0	14	0	706	0	0	0	0	0	119	107	0	107	924	0	0	0	126	130	119	223	0	0	119	0	107	0	107	893	0	0	0	14	0	14	14	0	29	0	27	0	0	0	0	0	0	0	0	0	0	0	0	0	0	0	0	0	0	0	0	0	0	0	0	0	0	0	0	0	0	0	0	0	0	0	0	0	0	0	0	0	0	0	0	0	0	0	0	0	0	0	0	0	0	0
Pseudomonas_syringae_M11_20731_NZ_JAROCH010000010	1246	1081	1016	0	0	0	0	305	318	779	398	0	0	0	1177	0	32	0	380	0	0	0	410	0	0	0	0	0	0	0	0	501	0	364	0	0	0	1845	453	0	400	318	0	14	0	0	0	279	65	0	781	264	851	400	364	688	32	0	358	333	348	20	364	0	310	348	364	0	20	0	0	0	0	426	410	483	308	0	14	14	36	264	688	767	18	0	46	0	413	0	0	0	0	0	0	1217	0	0	875	626	972	0	0	0	0	376	395	0	875	0	376	0	0	448	472	298	0	308	0	0	448	0	468	0	46	0	17	0	17	17	17	17	13	11	0	0	0	17	13	0	17	17	17	0	17	11	11	11	17	6	11	11	0	11	11	17	17	11	6	17	11	11	17	17	11	13	17	17	0	17	13	11	17	11	11	13	11	11	6
Pseudomonas_syringae_MB03_4121_NZ_LAGV01000047	481	464	541	0	0	0	0	292	386	664	296	0	0	0	463	0	29	0	497	0	0	0	272	0	0	0	0	0	0	0	0	1569	0	477	0	0	0	453	1830	0	356	538	0	2	0	0	0	268	226	0	494	612	355	356	477	1272	19	0	322	446	372	26	477	0	299	372	477	0	26	0	0	0	0	724	272	703	764	0	2	2	6	612	1272	604	0	0	58	0	383	0	0	0	0	0	0	429	0	0	353	279	412	0	0	0	0	925	569	0	353	0	925	0	0	432	438	620	0	606	0	0	432	0	390	0	58	0	16	0	16	16	16	16	13	11	0	0	0	16	13	0	16	16	16	0	16	11	11	11	16	5	11	11	0	11	11	16	16	11	5	16	11	11	16	16	11	13	16	16	0	16	13	11	16	11	11	13	11	11	5
Pseudomonas_syringae_MUP17_20728_NZ_CP110807	0	0	0	118	245	245	302	0	0	0	0	1293	252	882	0	0	0	197	0	31	9	945	0	118	89	1293	869	869	837	837	80	0	885	0	882	869	197	0	0	1356	0	0	252	0	222	882	118	0	0	161	0	0	0	0	0	0	0	55	0	0	0	243	0	222	0	0	0	285	243	222	257	252	257	0	0	0	0	80	0	0	0	0	0	0	0	252	0	0	0	0	7	7	180	257	245	0	231	285	0	0	0	546	900	243	945	0	0	243	0	245	0	231	285	0	0	0	252	0	252	252	0	50	0	288	0	9	0	0	0	0	0	0	0	0	0	0	0	0	0	0	0	0	0	0	0	0	0	0	0	0	0	0	0	0	0	0	0	0	0	0	0	0	0	0	0	0	0	0	0	0	0	0	0	0	0	0	0	0	0
Pseudomonas_syringae_MUP20_20716_NZ_CP110808	403	327	419	0	0	0	0	931	837	363	1080	0	0	0	418	0	32	0	1189	0	0	0	242	0	0	0	0	0	0	0	0	355	0	1227	0	0	0	400	356	0	1503	1185	0	0	0	0	0	858	31	0	424	251	268	1503	1227	394	30	0	1217	1196	1311	20	1196	0	889	1311	1227	0	20	0	0	0	0	299	242	375	242	0	0	0	0	251	394	413	1	0	58	0	1290	0	0	0	0	0	0	434	0	0	268	285	397	0	0	0	0	354	268	0	268	0	354	0	0	251	220	251	0	251	0	0	251	0	251	0	66	0	17	0	17	17	17	17	13	11	0	0	0	17	13	0	17	17	17	0	17	11	11	11	17	6	11	11	0	11	11	17	17	11	6	17	11	11	17	17	11	13	17	17	0	17	13	11	17	11	11	13	11	11	6
Pseudomonas_syringae_MUP32_20727_NZ_CP110809	332	330	453	0	0	0	0	775	850	308	1025	0	0	0	386	0	17	0	1229	0	0	0	222	0	0	0	0	0	0	0	0	446	0	1349	0	0	0	318	538	0	1185	1503	0	0	0	0	0	784	57	0	318	322	216	1185	1349	339	8	0	1104	1318	1154	26	1318	0	815	1154	1349	0	26	0	0	0	0	247	222	307	222	0	0	0	0	322	339	307	0	0	50	0	1305	0	0	0	0	0	0	278	0	0	216	184	324	0	0	0	0	300	216	0	216	0	300	0	0	322	317	322	0	322	0	0	322	0	322	0	58	0	16	0	16	16	16	16	13	11	0	0	0	16	13	0	16	16	16	0	16	11	11	11	16	5	11	11	0	11	11	16	16	11	5	16	11	11	16	16	11	13	16	16	0	16	13	11	16	11	11	13	11	11	5
Pseudomonas_syringae_NCPPB_3871_5835_NZ_LKEN01000002	0	0	0	23	55	55	825	0	0	0	0	243	1356	175	0	0	0	14	0	0	6	184	0	23	0	243	187	187	175	175	746	0	195	0	175	187	14	0	0	252	0	0	1356	0	14	175	23	0	0	14	0	0	0	0	0	0	0	14	0	0	0	23	0	14	0	0	0	23	23	14	55	1356	53	0	0	0	0	746	0	0	0	0	0	0	0	1356	0	0	0	0	0	0	978	55	55	0	55	23	0	0	0	206	187	55	184	0	0	55	0	55	0	53	23	0	0	0	1356	0	1356	1356	0	72	0	825	0	12	0	0	0	0	0	0	0	0	0	0	0	0	0	0	0	0	0	0	0	0	0	0	0	0	0	0	0	0	0	0	0	0	0	0	0	0	0	0	0	0	0	0	0	0	0	0	0	0	0	0	0	0	0
Pseudomonas_syringae_NZ45_6142_NZ_MTZF01000001	2	12	12	0	0	0	0	20	20	2	2	0	0	0	2	98	173	0	0	0	0	0	9	0	0	0	0	0	0	0	0	2	0	0	0	0	0	14	2	0	0	0	0	1848	0	0	0	20	2	0	40	2	10	0	0	0	14	0	0	0	0	0	0	0	20	0	0	0	0	0	0	0	0	2	9	2	7	0	1848	1848	1190	2	0	2	105	0	0	0	0	0	0	0	0	0	0	12	0	0	10	0	12	0	0	0	0	2	10	0	10	0	2	0	0	0	0	0	0	2	0	0	0	0	0	0	0	17	4	1	4	4	13	4	4	4	1	1	1	13	4	1	13	13	4	1	4	4	4	4	4	1	4	4	1	4	4	13	4	4	0	4	4	4	4	4	4	4	13	13	1	13	4	13	4	13	4	4	4	4	1
Pseudomonas_syringae_P108_12228_NZ_VLIA01000012	0	0	0	68	96	96	43	0	0	0	0	222	14	114	0	0	0	955	0	44	0	114	0	68	92	222	108	108	108	108	14	0	108	0	114	108	924	0	0	222	0	0	14	0	1143	114	68	0	0	1043	0	0	0	0	0	0	0	68	0	0	0	1143	0	1112	0	0	0	1143	1143	1143	96	14	96	0	0	0	0	14	0	0	0	0	0	0	0	14	0	721	0	0	0	0	0	96	96	0	96	1143	0	0	0	146	108	96	114	0	0	96	0	96	0	96	1112	0	0	0	14	0	14	14	0	52	0	43	0	0	0	0	0	0	0	0	0	0	0	0	0	0	0	0	0	0	0	0	0	0	0	0	0	0	0	0	0	0	0	0	0	0	0	0	0	0	0	0	0	0	0	0	0	0	0	0	0	0	0	0	0	0	0
Pseudomonas_syringae_P121_12232_NZ_VLIE01000021	0	0	0	69	217	217	225	0	0	0	0	882	175	1293	0	0	0	223	0	49	4	1293	0	69	116	882	1138	1138	1138	1138	53	0	1135	0	1293	1138	223	0	0	882	0	0	175	0	114	1293	69	0	0	126	0	0	0	0	0	0	0	69	0	0	0	114	0	114	0	0	0	114	114	114	226	175	226	0	0	0	0	53	0	0	0	0	0	0	0	175	0	0	0	0	0	0	153	226	217	0	217	114	0	0	0	256	1169	226	1293	0	0	226	0	214	0	214	114	0	0	0	175	0	175	175	0	47	0	225	0	2	0	0	0	0	0	0	0	0	0	0	0	0	0	0	0	0	0	0	0	0	0	0	0	0	0	0	0	0	0	0	0	0	0	0	0	0	0	0	0	0	0	0	0	0	0	0	0	0	0	0	0	0	0
Pseudomonas_syringae_P78_12243_NZ_WJPU01000012	0	0	0	1529	101	101	191	0	0	0	0	55	23	69	0	0	0	51	0	1288	0	132	0	1560	303	55	115	115	83	83	23	0	92	0	69	115	51	0	0	118	0	0	23	0	68	69	1560	0	0	66	0	0	0	0	0	0	0	1497	0	0	0	89	0	68	0	0	0	131	89	68	101	23	101	0	0	0	0	23	0	0	0	0	0	0	0	23	0	15	0	0	0	0	0	101	101	0	87	131	0	0	0	153	115	87	132	0	0	87	0	101	0	87	131	0	0	0	23	0	23	23	0	1325	0	191	0	0	0	0	0	0	0	0	0	0	0	0	0	0	0	0	0	0	0	0	0	0	0	0	0	0	0	0	0	0	0	0	0	0	0	0	0	0	0	0	0	0	0	0	0	0	0	0	0	0	0	0	0	0	0
Pseudomonas_syringae_PA-1-11B_17691_NZ_WJYR01000030	402	238	372	0	0	0	0	1368	1276	343	873	0	0	0	427	0	32	0	749	0	0	0	129	0	0	0	0	0	0	0	0	307	0	866	0	0	0	279	268	0	858	784	0	20	0	0	0	1503	21	0	320	162	249	858	866	312	30	0	921	897	790	2	858	0	1472	790	866	0	2	0	0	0	0	264	129	330	129	0	20	20	20	162	312	299	1	0	57	0	908	0	0	0	0	0	0	446	0	0	249	254	489	0	0	0	0	369	249	0	249	0	369	0	0	162	131	162	0	162	0	0	162	0	162	0	68	0	11	0	11	11	11	11	11	11	0	0	0	11	11	0	11	11	11	0	11	11	11	11	11	0	11	11	0	11	11	11	11	11	0	11	11	11	11	11	11	11	11	11	0	11	11	11	11	11	11	11	11	11	0
Pseudomonas_syringae_PA-2-9E_17695_NZ_CP066265	127	127	75	0	0	0	0	33	59	80	22	0	0	0	106	18	20	0	101	0	0	0	55	0	0	0	0	0	0	0	0	226	0	57	0	0	0	65	226	0	31	57	0	2	0	0	0	21	1830	0	100	96	116	31	57	100	1	0	75	57	70	0	57	0	21	70	57	0	0	0	0	0	0	114	55	115	55	0	2	2	18	96	100	66	22	0	26	0	31	0	0	0	0	0	0	143	0	0	114	77	75	0	0	0	0	83	114	0	114	0	83	0	0	118	152	114	0	75	0	0	118	0	90	0	26	18	0	0	0	0	0	0	0	0	0	0	0	0	0	0	0	0	0	0	0	0	0	0	0	0	0	0	0	0	0	0	0	0	0	0	0	0	0	0	0	0	0	0	0	0	0	0	0	0	0	0	0	0	0
Pseudomonas_syringae_PA-5-3F_17693_NZ_WKCY01000048	0	0	0	66	138	138	39	0	0	0	0	161	14	126	0	0	0	953	0	44	0	126	0	66	192	161	143	143	143	143	14	0	143	0	126	143	922	0	0	161	0	0	14	0	1043	126	66	0	0	1143	0	0	0	0	0	0	0	66	0	0	0	1043	0	1012	0	0	0	1043	1043	1043	138	14	138	0	0	0	0	14	0	0	0	0	0	0	0	14	0	721	0	0	0	0	0	138	138	0	138	1043	0	0	0	122	143	138	126	0	0	138	0	138	0	138	1012	0	0	0	14	0	14	14	0	48	0	39	0	0	0	0	0	0	0	0	0	0	0	0	0	0	0	0	0	0	0	0	0	0	0	0	0	0	0	0	0	0	0	0	0	0	0	0	0	0	0	0	0	0	0	0	0	0	0	0	0	0	0	0	0	0	0
Pseudomonas_syringae_PA-5-3G_17692_NZ_WKCZ01000015	582	457	550	0	0	0	0	346	359	820	422	0	0	0	512	58	32	0	407	0	0	0	307	0	0	0	0	0	0	0	0	550	0	388	0	0	0	781	494	0	424	318	0	40	0	0	0	320	100	0	1848	311	458	424	388	820	32	0	380	357	372	20	388	0	351	372	388	0	20	0	0	0	0	450	307	505	332	0	40	40	44	311	820	853	18	0	46	0	437	0	0	0	0	0	0	572	0	0	427	451	537	0	0	0	0	485	431	0	427	0	485	0	0	335	359	317	0	313	0	0	335	0	312	0	54	0	17	0	17	17	17	17	13	11	0	0	0	17	13	0	17	17	17	0	17	11	11	11	17	6	11	11	0	11	11	17	17	11	6	17	11	11	17	17	11	13	17	17	0	17	13	11	17	11	11	13	11	11	6
Pseudomonas_syringae_PsA1M246_17694_NZ_JAKMVN010000019	266	416	366	0	0	0	0	195	188	340	218	0	0	0	258	0	32	0	259	0	0	0	401	0	0	0	0	0	0	0	0	504	0	250	0	0	0	264	612	0	251	322	0	2	0	0	0	162	96	0	311	1830	252	251	250	515	69	0	183	219	281	26	250	0	183	281	250	0	26	0	0	0	0	492	401	508	608	0	2	2	8	1830	515	329	20	0	47	0	255	0	0	0	0	0	0	229	0	0	252	246	237	0	0	0	0	398	698	0	252	0	398	0	0	751	577	898	0	1620	0	0	751	0	816	0	47	0	16	0	16	16	16	16	13	11	0	0	0	16	13	0	16	16	16	0	16	11	11	11	16	5	11	11	0	11	11	16	16	11	5	16	11	11	16	16	11	13	16	16	0	16	13	11	16	11	11	13	11	11	5
Pseudomonas_syringae_Pss9654_5872_NZ_MLES01000028	847	823	765	0	0	0	0	237	240	472	306	0	0	0	797	0	10	0	260	0	0	0	381	0	0	0	0	0	0	0	0	429	0	283	0	0	0	851	355	0	268	216	0	10	0	0	0	249	116	0	458	252	1845	268	283	428	36	0	281	269	252	5	283	0	276	252	283	0	5	0	0	0	0	799	381	602	239	0	10	10	24	252	428	507	3	0	53	0	319	0	0	0	0	0	0	789	0	0	1752	901	762	0	0	0	0	363	830	0	1752	0	363	0	0	502	493	250	0	287	0	0	502	0	589	0	53	0	0	0	0	0	0	0	0	0	0	0	0	0	0	0	0	0	0	0	0	0	0	0	0	0	0	0	0	0	0	0	0	0	0	0	0	0	0	0	0	0	0	0	0	0	0	0	0	0	0	0	0	0	0
Pseudomonas_syringae_Pss9656_6144_NZ_MLEM01000010	403	327	419	0	0	0	0	931	837	363	1080	0	0	0	418	0	32	0	1189	0	0	0	242	0	0	0	0	0	0	0	0	355	0	1227	0	0	0	400	356	0	1503	1185	0	0	0	0	0	858	31	0	424	251	268	1503	1227	394	30	0	1217	1196	1311	20	1196	0	889	1311	1227	0	20	0	0	0	0	299	242	375	242	0	0	0	0	251	394	413	1	0	58	0	1290	0	0	0	0	0	0	434	0	0	268	285	397	0	0	0	0	354	268	0	268	0	354	0	0	251	220	251	0	251	0	0	251	0	251	0	66	0	17	0	17	17	17	17	13	11	0	0	0	17	13	0	17	17	17	0	17	11	11	11	17	6	11	11	0	11	11	17	17	11	6	17	11	11	17	17	11	13	17	17	0	17	13	11	17	11	11	13	11	11	6
Pseudomonas_syringae_Psy33_20718_NZ_CP036493	340	273	373	0	0	0	0	814	970	378	1129	0	0	0	382	0	29	0	1352	0	0	0	204	0	0	0	0	0	0	0	0	569	0	1503	0	0	0	364	477	0	1227	1349	0	0	0	0	0	866	57	0	388	250	283	1227	1503	409	8	0	1193	1472	1196	26	1472	0	897	1196	1503	0	26	0	0	0	0	314	204	345	204	0	0	0	0	250	409	377	0	0	50	0	1378	0	0	0	0	0	0	348	0	0	283	203	332	0	0	0	0	351	283	0	283	0	351	0	0	250	233	250	0	250	0	0	250	0	250	0	58	0	16	0	16	16	16	16	13	11	0	0	0	16	13	0	16	16	16	0	16	11	11	11	16	5	11	11	0	11	11	16	16	11	5	16	11	11	16	16	11	13	16	16	0	16	13	11	16	11	11	13	11	11	5
Pseudomonas_syringae_R1079_7297_NZ_NQWX01000016	520	450	543	0	0	0	0	338	351	1006	424	0	0	0	471	0	32	0	428	0	0	0	262	0	0	0	0	0	0	0	0	1416	0	409	0	0	0	688	1272	0	394	339	0	0	0	0	0	312	100	0	820	515	428	394	409	1830	43	0	382	378	342	26	409	0	343	342	409	0	26	0	0	0	0	766	262	731	719	0	0	0	0	515	1830	913	18	0	45	0	458	0	0	0	0	0	0	546	0	0	397	396	511	0	0	0	0	984	608	0	397	0	984	0	0	316	340	500	0	518	0	0	316	0	296	0	45	0	16	0	16	16	16	16	13	11	0	0	0	16	13	0	16	16	16	0	16	11	11	11	16	5	11	11	0	11	11	16	16	11	5	16	11	11	16	16	11	13	16	16	0	16	13	11	16	11	11	13	11	11	5
Pseudomonas_syringae_RAYR-BL_17598_NZ_JAHZNS010000008	33	25	30	0	0	0	0	30	8	43	33	0	0	0	33	20	14	0	8	0	0	0	30	0	0	0	0	0	0	0	0	19	0	8	0	0	0	32	19	0	30	8	0	14	0	0	0	30	1	0	32	69	36	30	8	43	1848	0	30	8	25	0	8	0	30	25	8	0	0	0	0	0	0	47	30	47	40	0	14	14	14	69	43	43	23	0	0	0	30	0	0	0	0	0	0	30	0	0	36	30	30	0	0	0	0	30	47	0	36	0	30	0	0	44	21	55	0	69	0	0	44	0	44	0	0	14	0	0	0	0	0	0	0	0	0	0	0	0	0	0	0	0	0	0	0	0	0	0	0	0	0	0	0	0	0	0	0	0	0	0	0	0	0	0	0	0	0	0	0	0	0	0	0	0	0	0	0	0	0
Pseudomonas_syringae_RMP66_6987_NZ_NHST01000045	0	0	0	1466	87	87	182	0	0	0	0	55	14	69	0	0	0	51	0	1288	0	69	0	1497	303	55	83	83	83	83	14	0	83	0	69	83	51	0	0	55	0	0	14	0	68	69	1497	0	0	66	0	0	0	0	0	0	0	1497	0	0	0	68	0	68	0	0	0	68	68	68	87	14	87	0	0	0	0	14	0	0	0	0	0	0	0	14	0	15	0	0	0	0	0	87	87	0	87	68	0	0	0	115	83	87	69	0	0	87	0	87	0	87	68	0	0	0	14	0	14	14	0	1316	0	182	0	0	0	0	0	0	0	0	0	0	0	0	0	0	0	0	0	0	0	0	0	0	0	0	0	0	0	0	0	0	0	0	0	0	0	0	0	0	0	0	0	0	0	0	0	0	0	0	0	0	0	0	0	0	0
Pseudomonas_syringae_SHV1866_17586_NZ_JAHARV010000001	434	278	354	0	0	0	0	958	921	356	1122	0	0	0	414	0	32	0	1215	0	0	0	161	0	0	0	0	0	0	0	0	368	0	1193	0	0	0	358	322	0	1217	1104	0	0	0	0	0	921	75	0	380	183	281	1217	1193	382	30	0	1503	1224	1265	2	1162	0	947	1265	1193	0	2	0	0	0	0	296	161	291	161	0	0	0	0	183	382	364	1	0	57	0	1256	0	0	0	0	0	0	589	0	0	281	313	459	0	0	0	0	401	281	0	281	0	401	0	0	183	152	183	0	183	0	0	183	0	183	0	65	0	11	0	11	11	11	11	11	11	0	0	0	11	11	0	11	11	11	0	11	11	11	11	11	0	11	11	0	11	11	11	11	11	0	11	11	11	11	11	11	11	11	11	0	11	11	11	11	11	11	11	11	11	0
Pseudomonas_syringae_SHV323_17590_NZ_JAHARZ010000001	371	242	342	0	0	0	0	845	1001	347	1098	0	0	0	413	0	29	0	1321	0	0	0	173	0	0	0	0	0	0	0	0	538	0	1472	0	0	0	333	446	0	1196	1318	0	0	0	0	0	897	57	0	357	219	269	1196	1472	378	8	0	1224	1503	1165	20	1441	0	928	1165	1472	0	20	0	0	0	0	284	173	315	173	0	0	0	0	219	378	346	0	0	50	0	1347	0	0	0	0	0	0	379	0	0	269	200	363	0	0	0	0	320	269	0	269	0	320	0	0	219	202	219	0	219	0	0	219	0	219	0	58	0	16	0	16	16	16	16	13	11	0	0	0	16	13	0	16	16	16	0	16	11	11	11	16	5	11	11	0	11	11	16	16	11	5	16	11	11	16	16	11	13	16	16	0	16	13	11	16	11	11	13	11	11	5
Pseudomonas_syringae_SV1599_17591_NZ_JAHARU010000001	351	413	398	0	0	0	0	839	782	311	1064	0	0	0	295	0	32	0	1212	0	0	0	265	0	0	0	0	0	0	0	0	371	0	1196	0	0	0	348	372	0	1311	1154	0	0	0	0	0	790	70	0	372	281	252	1311	1196	342	25	0	1265	1165	1503	20	1165	0	821	1503	1196	0	20	0	0	0	0	283	265	352	265	0	0	0	0	281	342	356	1	0	58	0	1222	0	0	0	0	0	0	413	0	0	252	228	376	0	0	0	0	381	252	0	252	0	381	0	0	281	247	281	0	281	0	0	281	0	281	0	66	0	17	0	17	17	17	17	13	11	0	0	0	17	13	0	17	17	17	0	17	11	11	11	17	6	11	11	0	11	11	17	17	11	6	17	11	11	17	17	11	13	17	17	0	17	13	11	17	11	11	13	11	11	6
Pseudomonas_syringae_SV921_17588_NZ_JAHARY010000002	2	26	26	89	96	96	52	2	2	26	8	222	23	114	20	0	0	955	26	44	0	135	20	89	92	222	117	117	108	108	23	26	117	26	114	117	924	20	26	243	20	26	23	0	1143	114	89	2	0	1043	20	26	5	20	26	26	0	68	2	20	20	1206	26	1112	2	20	26	1164	1206	1143	96	23	96	5	20	5	20	23	0	0	0	26	26	20	0	23	0	721	26	0	0	0	0	96	96	2	96	1164	5	5	2	146	117	96	135	8	5	96	5	96	8	96	1133	26	26	26	23	26	23	23	26	61	26	52	0	0	5	0	5	5	5	5	2	0	0	0	0	5	2	0	5	5	5	0	5	0	0	0	5	5	0	0	0	0	0	5	5	0	5	5	0	0	5	5	0	2	5	5	0	5	2	0	5	0	0	2	0	0	5
Pseudomonas_syringae_Sevgi_fide_PST_17555_NZ_JAEIKN010000010	340	273	373	0	0	0	0	806	962	378	1098	0	0	0	382	0	29	0	1321	0	0	0	204	0	0	0	0	0	0	0	0	569	0	1472	0	0	0	364	477	0	1196	1318	0	0	0	0	0	858	57	0	388	250	283	1196	1472	409	8	0	1162	1441	1165	26	1503	0	889	1165	1472	0	26	0	0	0	0	314	204	345	204	0	0	0	0	250	409	377	0	0	50	0	1347	0	0	0	0	0	0	348	0	0	283	203	332	0	0	0	0	351	283	0	283	0	351	0	0	250	233	250	0	250	0	0	250	0	250	0	58	0	16	0	16	16	16	16	13	11	0	0	0	16	13	0	16	16	16	0	16	11	11	11	16	5	11	11	0	11	11	16	16	11	5	16	11	11	16	16	11	13	16	16	0	16	13	11	16	11	11	13	11	11	5
Pseudomonas_syringae_StP26_17597_NZ_CP075880	0	0	0	68	96	96	43	0	0	0	0	222	14	114	0	0	0	924	0	44	0	114	0	68	92	222	108	108	108	108	14	0	108	0	114	108	893	0	0	222	0	0	14	0	1112	114	68	0	0	1012	0	0	0	0	0	0	0	68	0	0	0	1112	0	1143	0	0	0	1112	1112	1112	96	14	96	0	0	0	0	14	0	0	0	0	0	0	0	14	0	690	0	0	0	0	0	96	96	0	96	1112	0	0	0	146	108	96	114	0	0	96	0	96	0	96	1081	0	0	0	14	0	14	14	0	52	0	43	0	0	0	0	0	0	0	0	0	0	0	0	0	0	0	0	0	0	0	0	0	0	0	0	0	0	0	0	0	0	0	0	0	0	0	0	0	0	0	0	0	0	0	0	0	0	0	0	0	0	0	0	0	0	0
Pseudomonas_syringae_Susan2139_17596_NZ_CP074578	433	268	403	0	0	0	0	1337	1307	312	904	0	0	0	436	0	32	0	780	0	0	0	149	0	0	0	0	0	0	0	0	338	0	897	0	0	0	310	299	0	889	815	0	20	0	0	0	1472	21	0	351	183	276	889	897	343	30	0	947	928	821	2	889	0	1503	821	897	0	2	0	0	0	0	291	149	299	149	0	20	20	20	183	343	330	1	0	57	0	939	0	0	0	0	0	0	477	0	0	276	281	520	0	0	0	0	400	276	0	276	0	400	0	0	183	152	183	0	183	0	0	183	0	183	0	68	0	11	0	11	11	11	11	11	11	0	0	0	11	11	0	11	11	11	0	11	11	11	11	11	0	11	11	0	11	11	11	11	11	0	11	11	11	11	11	11	11	11	11	0	11	11	11	11	11	11	11	11	11	0
Pseudomonas_syringae_Susan762_17594_NZ_CP074411	351	413	398	0	0	0	0	839	782	311	1064	0	0	0	295	0	32	0	1212	0	0	0	265	0	0	0	0	0	0	0	0	371	0	1196	0	0	0	348	372	0	1311	1154	0	0	0	0	0	790	70	0	372	281	252	1311	1196	342	25	0	1265	1165	1503	20	1165	0	821	1503	1196	0	20	0	0	0	0	283	265	352	265	0	0	0	0	281	342	356	1	0	58	0	1222	0	0	0	0	0	0	413	0	0	252	228	376	0	0	0	0	381	252	0	252	0	381	0	0	281	247	281	0	281	0	0	281	0	281	0	66	0	17	0	17	17	17	17	13	11	0	0	0	17	13	0	17	17	17	0	17	11	11	11	17	6	11	11	0	11	11	17	17	11	6	17	11	11	17	17	11	13	17	17	0	17	13	11	17	11	11	13	11	11	6
Pseudomonas_syringae_Tule1434_17592_NZ_JAHARX010000001	340	273	373	0	0	0	0	814	970	378	1129	0	0	0	382	0	29	0	1352	0	0	0	204	0	0	0	0	0	0	0	0	569	0	1503	0	0	0	364	477	0	1227	1349	0	0	0	0	0	866	57	0	388	250	283	1227	1503	409	8	0	1193	1472	1196	26	1472	0	897	1196	1503	0	26	0	0	0	0	314	204	345	204	0	0	0	0	250	409	377	0	0	50	0	1378	0	0	0	0	0	0	348	0	0	283	203	332	0	0	0	0	351	283	0	283	0	351	0	0	250	233	250	0	250	0	0	250	0	250	0	58	0	16	0	16	16	16	16	13	11	0	0	0	16	13	0	16	16	16	0	16	11	11	11	16	5	11	11	0	11	11	16	16	11	5	16	11	11	16	16	11	13	16	16	0	16	13	11	16	11	11	13	11	11	5
Pseudomonas_syringae_Tule230_17587_NZ_JAHARW010000001	0	0	0	131	110	110	52	0	0	0	0	222	23	114	0	0	0	955	0	44	0	177	0	131	92	222	140	140	108	108	23	0	117	0	114	140	924	0	0	285	0	0	23	0	1143	114	131	0	0	1043	0	0	0	0	0	0	0	68	0	0	0	1164	0	1112	0	0	0	1206	1164	1143	110	23	110	0	0	0	0	23	0	0	0	0	0	0	0	23	0	721	0	0	0	0	0	110	110	0	96	1206	0	0	0	184	140	96	177	0	0	96	0	110	0	96	1175	0	0	0	23	0	23	23	0	61	0	52	0	0	0	0	0	0	0	0	0	0	0	0	0	0	0	0	0	0	0	0	0	0	0	0	0	0	0	0	0	0	0	0	0	0	0	0	0	0	0	0	0	0	0	0	0	0	0	0	0	0	0	0	0	0	0
Pseudomonas_syringae_U643_17595_NZ_CP074410	2	26	26	89	96	96	52	2	2	26	8	222	23	114	20	0	0	955	26	44	0	135	20	89	92	222	117	117	108	108	23	26	117	26	114	117	924	20	26	243	20	26	23	0	1143	114	89	2	0	1043	20	26	5	20	26	26	0	68	2	20	20	1206	26	1112	2	20	26	1164	1206	1143	96	23	96	5	20	5	20	23	0	0	0	26	26	20	0	23	0	721	26	0	0	0	0	96	96	2	96	1164	5	5	2	146	117	96	135	8	5	96	5	96	8	96	1133	26	26	26	23	26	23	23	26	61	26	52	0	0	5	0	5	5	5	5	2	0	0	0	0	5	2	0	5	5	5	0	5	0	0	0	5	5	0	0	0	0	0	5	5	0	5	5	0	0	5	5	0	2	5	5	0	5	2	0	5	0	0	2	0	0	5
Pseudomonas_syringae_U888_17589_NZ_JAHASA010000001	0	0	0	68	96	96	43	0	0	0	0	222	14	114	0	0	0	955	0	44	0	114	0	68	92	222	108	108	108	108	14	0	108	0	114	108	924	0	0	222	0	0	14	0	1143	114	68	0	0	1043	0	0	0	0	0	0	0	68	0	0	0	1143	0	1112	0	0	0	1143	1143	1143	96	14	96	0	0	0	0	14	0	0	0	0	0	0	0	14	0	721	0	0	0	0	0	96	96	0	96	1143	0	0	0	146	108	96	114	0	0	96	0	96	0	96	1112	0	0	0	14	0	14	14	0	52	0	43	0	0	0	0	0	0	0	0	0	0	0	0	0	0	0	0	0	0	0	0	0	0	0	0	0	0	0	0	0	0	0	0	0	0	0	0	0	0	0	0	0	0	0	0	0	0	0	0	0	0	0	0	0	0	0
Pseudomonas_syringae_UB303_12214_NZ_CP047267	0	0	0	101	1238	1238	108	0	0	0	0	243	55	226	0	0	0	119	0	44	90	240	0	101	125	243	285	285	256	256	98	0	256	0	226	285	119	0	0	257	0	0	55	0	96	226	101	0	0	138	0	0	0	0	0	0	0	87	0	0	0	96	0	96	0	0	0	110	96	96	1359	55	1235	0	0	0	0	98	0	0	0	0	0	0	0	55	0	1	0	0	16	16	38	1359	1207	0	1175	110	0	0	0	256	285	1296	240	0	0	1296	0	1297	0	1234	110	0	0	0	55	0	55	55	0	40	0	108	0	18	0	0	0	0	0	0	0	0	0	0	0	0	0	0	0	0	0	0	0	0	0	0	0	0	0	0	0	0	0	0	0	0	0	0	0	0	0	0	0	0	0	0	0	0	0	0	0	0	0	0	0	0	0
Pseudomonas_syringae_UMAF0158_3878_NZ_CP005970	0	0	0	23	55	55	825	0	0	0	0	243	1356	175	0	0	0	14	0	0	6	184	0	23	0	243	187	187	175	175	746	0	195	0	175	187	14	0	0	252	0	0	1356	0	14	175	23	0	0	14	0	0	0	0	0	0	0	14	0	0	0	23	0	14	0	0	0	23	23	14	55	1356	53	0	0	0	0	746	0	0	0	0	0	0	0	1356	0	0	0	0	0	0	978	55	55	0	55	23	0	0	0	206	187	55	184	0	0	55	0	55	0	53	23	0	0	0	1356	0	1356	1356	0	72	0	825	0	12	0	0	0	0	0	0	0	0	0	0	0	0	0	0	0	0	0	0	0	0	0	0	0	0	0	0	0	0	0	0	0	0	0	0	0	0	0	0	0	0	0	0	0	0	0	0	0	0	0	0	0	0	0
Pseudomonas_syringae_USA011_12213_NZ_CP045799	0	0	0	101	1204	1204	106	0	0	0	0	243	53	226	0	0	0	119	0	44	69	240	0	101	125	243	285	285	256	256	77	0	256	0	226	285	119	0	0	257	0	0	53	0	96	226	101	0	0	138	0	0	0	0	0	0	0	87	0	0	0	96	0	96	0	0	0	110	96	96	1235	53	1359	0	0	0	0	77	0	0	0	0	0	0	0	53	0	1	0	0	16	16	36	1235	1235	0	1141	110	0	0	0	240	285	1172	240	0	0	1172	0	1173	0	1172	110	0	0	0	53	0	53	53	0	40	0	106	0	18	0	0	0	0	0	0	0	0	0	0	0	0	0	0	0	0	0	0	0	0	0	0	0	0	0	0	0	0	0	0	0	0	0	0	0	0	0	0	0	0	0	0	0	0	0	0	0	0	0	0	0	0	0
Pseudomonas_syringae_isolate_CFBP2118_5951_NZ_LT962481	350	359	372	0	0	0	0	252	255	513	337	0	0	0	300	0	10	0	291	0	0	0	267	0	0	0	0	0	0	0	0	751	0	314	0	0	0	426	724	0	299	247	0	2	0	0	0	264	114	0	450	492	799	299	314	766	47	0	296	284	283	5	314	0	291	283	314	0	5	0	0	0	0	1830	267	1347	388	0	2	2	6	492	766	560	3	0	53	0	350	0	0	0	0	0	0	351	0	0	830	548	353	0	0	0	0	805	1084	0	830	0	805	0	0	279	270	307	0	523	0	0	279	0	266	0	53	0	11	0	11	11	11	11	11	11	0	0	0	11	11	0	11	11	11	0	11	11	11	11	11	0	11	11	0	11	11	11	11	11	0	11	11	11	11	11	11	11	11	11	0	11	11	11	11	11	11	11	11	11	0
Pseudomonas_syringae_isolate_CFBP3840_6707_NZ_LT963409	339	401	367	0	0	0	0	156	156	256	189	0	0	0	299	0	8	0	206	0	0	0	1845	0	0	0	0	0	0	0	0	249	0	204	0	0	0	410	272	0	242	222	0	9	0	0	0	129	55	0	307	401	381	242	204	262	30	0	161	173	265	20	204	0	149	265	204	0	20	0	0	0	0	267	1845	311	829	0	9	9	18	401	262	294	19	0	72	0	209	0	0	0	0	0	0	297	0	0	381	597	315	0	0	0	0	202	236	0	381	0	202	0	0	782	715	421	0	413	0	0	782	0	744	0	72	0	17	0	17	17	17	17	13	11	0	0	0	17	13	0	17	17	17	0	17	11	11	11	17	6	11	11	0	11	11	17	17	11	6	17	11	11	17	17	11	13	17	17	0	17	13	11	17	11	11	13	11	11	6
Pseudomonas_syringae_isolate_CFBP4215_6752_NZ_LT962480	436	382	437	0	0	0	0	373	275	604	387	0	0	0	370	0	32	0	319	0	0	0	311	0	0	0	0	0	0	0	0	684	0	345	0	0	0	483	703	0	375	307	0	2	0	0	0	330	115	0	505	508	602	375	345	731	47	0	291	315	352	5	345	0	299	352	345	0	5	0	0	0	0	1347	311	1830	377	0	2	2	6	508	731	597	18	0	53	0	381	0	0	0	0	0	0	371	0	0	633	427	428	0	0	0	0	737	866	0	633	0	737	0	0	330	311	354	0	539	0	0	330	0	320	0	53	0	11	0	11	11	11	11	11	11	0	0	0	11	11	0	11	11	11	0	11	11	11	11	11	0	11	11	0	11	11	11	11	11	0	11	11	11	11	11	11	11	11	11	0	11	11	11	11	11	11	11	11	11	0
Pseudomonas_syringae_isolate_CFBP6109_6963_NZ_LT963391	220	291	258	0	0	0	0	156	156	449	192	0	0	0	180	0	8	0	206	0	0	0	829	0	0	0	0	0	0	0	0	751	0	204	0	0	0	308	764	0	242	222	0	7	0	0	0	129	55	0	332	608	239	242	204	719	40	0	161	173	265	20	204	0	149	265	204	0	20	0	0	0	0	388	829	377	1830	0	7	7	17	608	719	464	25	0	72	0	209	0	0	0	0	0	0	195	0	0	239	222	206	0	0	0	0	536	442	0	239	0	536	0	0	442	347	679	0	634	0	0	442	0	427	0	72	0	17	0	17	17	17	17	13	11	0	0	0	17	13	0	17	17	17	0	17	11	11	11	17	6	11	11	0	11	11	17	17	11	6	17	11	11	17	17	11	13	17	17	0	17	13	11	17	11	11	13	11	11	6
Pseudomonas_syringae_psy100_6403_NZ_MLEV01000005	0	0	0	23	77	77	320	0	0	0	0	71	746	53	0	0	0	14	0	0	56	62	0	23	0	71	65	65	53	53	1356	0	65	0	53	65	14	0	0	80	0	0	746	0	14	53	23	0	0	14	0	0	0	0	0	0	0	14	0	0	0	23	0	14	0	0	0	23	23	14	98	746	77	0	0	0	0	1356	0	0	0	0	0	0	0	746	0	0	0	0	22	22	479	98	77	0	77	23	0	0	0	116	65	98	62	0	0	98	0	98	0	77	23	0	0	0	746	0	746	746	0	72	0	320	0	21	0	0	0	0	0	0	0	0	0	0	0	0	0	0	0	0	0	0	0	0	0	0	0	0	0	0	0	0	0	0	0	0	0	0	0	0	0	0	0	0	0	0	0	0	0	0	0	0	0	0	0	0	0
Pseudomonas_syringae_pv_actinidiae_PSAAH01_20743_NZ_CP116478	2	12	12	0	0	0	0	20	20	2	2	0	0	0	2	98	173	0	0	0	0	0	9	0	0	0	0	0	0	0	0	2	0	0	0	0	0	14	2	0	0	0	0	1848	0	0	0	20	2	0	40	2	10	0	0	0	14	0	0	0	0	0	0	0	20	0	0	0	0	0	0	0	0	2	9	2	7	0	1848	1848	1190	2	0	2	105	0	0	0	0	0	0	0	0	0	0	12	0	0	10	0	12	0	0	0	0	2	10	0	10	0	2	0	0	0	0	0	0	2	0	0	0	0	0	0	0	17	4	1	4	4	13	4	4	4	1	1	1	13	4	1	13	13	4	1	4	4	4	4	4	1	4	4	1	4	4	13	4	4	0	4	4	4	4	4	4	4	13	13	1	13	4	13	4	13	4	4	4	4	1
Pseudomonas_syringae_pv_actinidiae_str_Shaanxi_M228_11439_NZ_CP032631	2	12	12	0	0	0	0	20	20	2	2	0	0	0	2	98	173	0	0	0	0	0	9	0	0	0	0	0	0	0	0	2	0	0	0	0	0	14	2	0	0	0	0	1848	0	0	0	20	2	0	40	2	10	0	0	0	14	0	0	0	0	0	0	0	20	0	0	0	0	0	0	0	0	2	9	2	7	0	1848	1848	1190	2	0	2	105	0	0	0	0	0	0	0	0	0	0	12	0	0	10	0	12	0	0	0	0	2	10	0	10	0	2	0	0	0	0	0	0	2	0	0	0	0	0	0	0	17	4	1	4	4	13	4	4	4	1	1	1	13	4	1	13	13	4	1	4	4	4	4	4	1	4	4	1	4	4	13	4	4	0	4	4	4	4	4	4	4	13	13	1	13	4	13	4	13	4	4	4	4	1
Pseudomonas_syringae_pv_actinidifoliorum_ICMP_18803_20753_NZ_CP081457	24	12	12	0	0	0	0	20	20	6	1	0	0	0	24	102	188	0	0	0	0	0	18	0	0	0	0	0	0	0	0	20	0	0	0	0	0	36	6	0	0	0	0	1190	0	0	0	20	18	0	44	8	24	0	0	0	14	0	0	0	0	0	0	0	20	0	0	0	0	0	0	0	0	6	18	6	17	0	1190	1190	1848	8	0	6	106	0	0	0	0	0	0	0	0	0	0	12	0	0	24	5	12	0	0	0	0	6	6	0	24	0	6	0	0	5	5	2	0	11	0	0	5	0	2	0	0	38	0	0	0	0	0	0	0	0	0	0	0	0	0	0	0	0	0	0	0	0	0	0	0	0	0	0	0	0	0	0	0	0	0	0	0	0	0	0	0	0	0	0	0	0	0	0	0	0	0	0	0	0	0
Pseudomonas_syringae_pv_aptata_G733_11468_NZ_RBOI01000041	266	416	366	0	0	0	0	195	188	340	218	0	0	0	258	0	32	0	259	0	0	0	401	0	0	0	0	0	0	0	0	504	0	250	0	0	0	264	612	0	251	322	0	2	0	0	0	162	96	0	311	1830	252	251	250	515	69	0	183	219	281	26	250	0	183	281	250	0	26	0	0	0	0	492	401	508	608	0	2	2	8	1830	515	329	20	0	47	0	255	0	0	0	0	0	0	229	0	0	252	246	237	0	0	0	0	398	698	0	252	0	398	0	0	751	577	898	0	1620	0	0	751	0	816	0	47	0	16	0	16	16	16	16	13	11	0	0	0	16	13	0	16	16	16	0	16	11	11	11	16	5	11	11	0	11	11	16	16	11	5	16	11	11	16	16	11	13	16	16	0	16	13	11	16	11	11	13	11	11	5
Pseudomonas_syringae_pv_avellanae_ISPaVe037_292_NZ_JH951894	520	450	543	0	0	0	0	338	351	1006	424	0	0	0	471	0	32	0	428	0	0	0	262	0	0	0	0	0	0	0	0	1416	0	409	0	0	0	688	1272	0	394	339	0	0	0	0	0	312	100	0	820	515	428	394	409	1830	43	0	382	378	342	26	409	0	343	342	409	0	26	0	0	0	0	766	262	731	719	0	0	0	0	515	1830	913	18	0	45	0	458	0	0	0	0	0	0	546	0	0	397	396	511	0	0	0	0	984	608	0	397	0	984	0	0	316	340	500	0	518	0	0	316	0	296	0	45	0	16	0	16	16	16	16	13	11	0	0	0	16	13	0	16	16	16	0	16	11	11	11	16	5	11	11	0	11	11	16	16	11	5	16	11	11	16	16	11	13	16	16	0	16	13	11	16	11	11	13	11	11	5
Pseudomonas_syringae_pv_avellanae_str_ISPaVe013_26105_NZ_JH951849	512	388	456	0	0	0	0	311	324	1660	418	0	0	0	447	0	32	0	391	0	0	0	294	0	0	0	0	0	0	0	0	691	0	377	0	0	0	767	604	0	413	307	0	2	0	0	0	299	66	0	853	329	507	413	377	913	43	0	364	346	356	20	377	0	330	356	377	0	20	0	0	0	0	560	294	597	464	0	2	2	6	329	913	1848	18	0	43	0	426	0	0	0	0	0	0	479	0	0	493	483	443	0	0	0	0	619	562	0	493	0	619	0	0	316	336	714	0	364	0	0	316	0	295	0	43	0	17	0	17	17	17	17	13	11	0	0	0	17	13	0	17	17	17	0	17	11	11	11	17	6	11	11	0	11	11	17	17	11	6	17	11	11	17	17	11	13	17	17	0	17	13	11	17	11	11	13	11	11	6
Pseudomonas_syringae_pv_cilantro_0788_9_3786_NZ_LGLN01000010	1	12	1	0	0	0	0	1	0	18	18	0	0	0	1	129	208	0	0	0	0	0	19	0	0	0	0	0	0	0	0	0	0	0	0	0	0	18	0	0	1	0	0	105	0	0	0	1	22	0	18	20	3	1	0	18	23	0	1	0	1	0	0	0	1	1	0	0	0	0	0	0	0	3	19	18	25	0	105	105	106	20	18	18	1845	0	0	0	1	0	0	0	0	0	0	1	0	0	3	3	1	0	0	0	0	1	3	0	3	0	1	0	0	20	19	20	0	20	0	0	20	0	20	0	0	44	0	0	0	0	0	0	0	0	0	0	0	0	0	0	0	0	0	0	0	0	0	0	0	0	0	0	0	0	0	0	0	0	0	0	0	0	0	0	0	0	0	0	0	0	0	0	0	0	0	0	0	0	0
Pseudomonas_syringae_pv_dysoxyli_CFBP_2356_12226_NZ_VLHW01000015	0	0	0	23	55	55	825	0	0	0	0	243	1356	175	0	0	0	14	0	0	6	184	0	23	0	243	187	187	175	175	746	0	195	0	175	187	14	0	0	252	0	0	1356	0	14	175	23	0	0	14	0	0	0	0	0	0	0	14	0	0	0	23	0	14	0	0	0	23	23	14	55	1356	53	0	0	0	0	746	0	0	0	0	0	0	0	1356	0	0	0	0	0	0	978	55	55	0	55	23	0	0	0	206	187	55	184	0	0	55	0	55	0	53	23	0	0	0	1356	0	1356	1356	0	72	0	825	0	12	0	0	0	0	0	0	0	0	0	0	0	0	0	0	0	0	0	0	0	0	0	0	0	0	0	0	0	0	0	0	0	0	0	0	0	0	0	0	0	0	0	0	0	0	0	0	0	0	0	0	0	0	0
Pseudomonas_syringae_pv_helianthi_LMG_5067_14836_NZ_CP092918	53	39	53	0	0	0	0	71	76	49	54	0	0	0	45	0	0	0	47	0	0	0	72	0	0	0	0	0	0	0	0	58	0	50	0	0	0	46	58	0	58	50	0	0	0	0	0	57	26	0	46	47	53	58	50	45	0	0	57	50	58	0	50	0	57	58	50	0	0	0	0	0	0	53	72	53	72	0	0	0	0	47	45	43	0	0	1503	0	45	0	0	0	0	0	0	65	0	0	53	48	47	0	0	0	0	48	53	0	53	0	48	0	0	47	56	50	0	47	0	0	47	0	47	0	1472	0	0	0	0	0	0	0	0	0	0	0	0	0	0	0	0	0	0	0	0	0	0	0	0	0	0	0	0	0	0	0	0	0	0	0	0	0	0	0	0	0	0	0	0	0	0	0	0	0	0	0	0	0	0
Pseudomonas_syringae_pv_lapsa_ATCC_10859_3811_NZ_CP013183	0	0	0	15	1	1	11	0	0	0	0	0	0	0	0	0	0	737	0	15	0	0	0	15	17	0	0	0	0	0	0	0	0	0	0	0	706	0	0	0	0	0	0	0	721	0	15	0	0	721	0	0	0	0	0	0	0	15	0	0	0	721	0	690	0	0	0	721	721	721	1	0	1	0	0	0	0	0	0	0	0	0	0	0	0	0	0	1494	0	0	0	0	0	1	1	0	1	721	0	0	0	11	0	1	0	0	0	1	0	1	0	1	690	0	0	0	0	0	0	0	0	15	0	11	0	0	0	0	0	0	0	0	0	0	0	0	0	0	0	0	0	0	0	0	0	0	0	0	0	0	0	0	0	0	0	0	0	0	0	0	0	0	0	0	0	0	0	0	0	0	0	0	0	0	0	0	0	0	0
Pseudomonas_syringae_pv_lapsa_PslA1M171_17765_NZ_JAKMVE010000009	403	330	446	0	0	0	0	877	845	427	1214	0	0	0	445	0	32	0	1227	0	0	0	209	0	0	0	0	0	0	0	0	475	0	1378	0	0	0	413	383	0	1290	1305	0	0	0	0	0	908	31	0	437	255	319	1290	1378	458	30	0	1256	1347	1222	26	1347	0	939	1222	1378	0	26	0	0	0	0	350	209	381	209	0	0	0	0	255	458	426	1	0	45	0	1503	0	0	0	0	0	0	442	0	0	319	297	405	0	0	0	0	387	319	0	319	0	387	0	0	255	224	255	0	255	0	0	255	0	255	0	53	0	16	0	16	16	16	16	13	11	0	0	0	16	13	0	16	16	16	0	16	11	11	11	16	5	11	11	0	11	11	16	16	11	5	16	11	11	16	16	11	13	16	16	0	16	13	11	16	11	11	13	11	11	5
Pseudomonas_syringae_pv_maculicola_M4a_3822_NZ_LGLE01000004	0	0	0	0	0	0	0	0	0	0	0	0	0	0	0	0	0	0	0	0	0	0	0	0	0	0	0	0	0	0	0	0	0	0	0	0	0	0	0	0	0	0	0	0	0	0	0	0	0	0	0	0	0	0	0	0	0	0	0	0	0	0	0	0	0	0	0	0	0	0	0	0	0	0	0	0	0	0	0	0	0	0	0	0	0	0	0	0	0	1035	0	0	0	0	0	0	0	0	0	0	0	0	0	0	0	0	0	0	0	0	0	0	0	0	0	0	0	0	0	0	0	0	0	0	0	0	0	0	0	0	0	0	0	0	0	0	0	0	0	0	0	0	0	0	0	0	0	0	0	0	0	0	0	0	0	0	0	0	0	0	0	0	0	0	0	0	0	0	0	0	0	0	0	0	0	0	0	0	0
Pseudomonas_syringae_pv_maculicola_YM7930_3817_NZ_LGLD01000029	0	0	0	0	15	15	0	0	0	0	0	7	0	0	0	0	0	0	0	0	9	0	0	0	0	7	0	0	0	0	22	0	0	0	0	0	0	0	0	7	0	0	0	0	0	0	0	0	0	0	0	0	0	0	0	0	0	0	0	0	0	0	0	0	0	0	0	0	0	0	16	0	16	0	0	0	0	22	0	0	0	0	0	0	0	0	0	0	0	0	1293	1293	0	16	15	0	15	0	0	0	0	7	0	16	0	0	0	16	0	16	0	16	0	0	0	0	0	0	0	0	0	0	0	0	0	173	0	0	0	0	0	0	0	0	0	0	0	0	0	0	0	0	0	0	0	0	0	0	0	0	0	0	0	0	0	0	0	0	0	0	0	0	0	0	0	0	0	0	0	0	0	0	0	0	0	0	0	0	0
Pseudomonas_syringae_pv_maculicola_str_ES4326_12204_NZ_CP047260	0	0	0	0	15	15	0	0	0	0	0	7	0	0	0	0	0	0	0	0	9	0	0	0	0	7	0	0	0	0	22	0	0	0	0	0	0	0	0	7	0	0	0	0	0	0	0	0	0	0	0	0	0	0	0	0	0	0	0	0	0	0	0	0	0	0	0	0	0	0	16	0	16	0	0	0	0	22	0	0	0	0	0	0	0	0	0	0	0	0	1293	1293	0	16	15	0	15	0	0	0	0	7	0	16	0	0	0	16	0	16	0	16	0	0	0	0	0	0	0	0	0	0	0	0	0	173	0	0	0	0	0	0	0	0	0	0	0	0	0	0	0	0	0	0	0	0	0	0	0	0	0	0	0	0	0	0	0	0	0	0	0	0	0	0	0	0	0	0	0	0	0	0	0	0	0	0	0	0	0
Pseudomonas_syringae_pv_papulans_PSP1_20741_NZ_JAFFRZ010000001	0	0	0	0	38	38	667	0	0	0	0	180	978	153	0	0	0	0	0	0	2	153	0	0	0	180	153	153	153	153	479	0	161	0	153	153	0	0	0	180	0	0	978	0	0	153	0	0	0	0	0	0	0	0	0	0	0	0	0	0	0	0	0	0	0	0	0	0	0	0	38	978	36	0	0	0	0	479	0	0	0	0	0	0	0	978	0	0	0	0	0	0	1293	38	38	0	38	0	0	0	0	114	153	38	153	0	0	38	0	38	0	36	0	0	0	0	978	0	978	978	0	0	0	667	0	12	0	0	0	0	0	0	0	0	0	0	0	0	0	0	0	0	0	0	0	0	0	0	0	0	0	0	0	0	0	0	0	0	0	0	0	0	0	0	0	0	0	0	0	0	0	0	0	0	0	0	0	0	0
Pseudomonas_syringae_pv_syringae_2339_3881_NZ_LIHU01000021	0	0	0	101	1238	1238	108	0	0	0	0	243	55	226	0	0	0	119	0	44	90	240	0	101	125	243	285	285	256	256	98	0	256	0	226	285	119	0	0	257	0	0	55	0	96	226	101	0	0	138	0	0	0	0	0	0	0	87	0	0	0	96	0	96	0	0	0	110	96	96	1359	55	1235	0	0	0	0	98	0	0	0	0	0	0	0	55	0	1	0	0	16	16	38	1359	1207	0	1175	110	0	0	0	256	285	1296	240	0	0	1296	0	1297	0	1234	110	0	0	0	55	0	55	55	0	40	0	108	0	18	0	0	0	0	0	0	0	0	0	0	0	0	0	0	0	0	0	0	0	0	0	0	0	0	0	0	0	0	0	0	0	0	0	0	0	0	0	0	0	0	0	0	0	0	0	0	0	0	0	0	0	0	0
Pseudomonas_syringae_pv_syringae_2340_3879_NZ_LIHT01000078	0	0	0	101	1328	1328	108	0	0	0	0	231	55	217	0	0	0	107	0	44	69	231	0	101	113	231	276	276	247	247	77	0	247	0	217	276	107	0	0	245	0	0	55	0	96	217	101	0	0	138	0	0	0	0	0	0	0	87	0	0	0	96	0	96	0	0	0	110	96	96	1207	55	1235	0	0	0	0	77	0	0	0	0	0	0	0	55	0	1	0	0	15	15	38	1207	1359	0	1265	110	0	0	0	244	276	1144	231	0	0	1144	0	1207	0	1196	110	0	0	0	55	0	55	55	0	40	0	108	0	14	0	0	0	0	0	0	0	0	0	0	0	0	0	0	0	0	0	0	0	0	0	0	0	0	0	0	0	0	0	0	0	0	0	0	0	0	0	0	0	0	0	0	0	0	0	0	0	0	0	0	0	0	0
Pseudomonas_syringae_pv_syringae_41a_3079_NZ_JYHJ01000011	1441	1079	1139	0	0	0	0	509	477	501	427	0	0	0	1308	0	32	0	394	0	0	0	297	0	0	0	0	0	0	0	0	487	0	348	0	0	0	1217	429	0	434	278	0	12	0	0	0	446	143	0	572	229	789	434	348	546	30	0	589	379	413	2	348	0	477	413	348	0	2	0	0	0	0	351	297	371	195	0	12	12	12	229	546	479	1	0	65	0	442	0	0	0	0	0	0	1845	0	0	820	653	1256	0	0	0	0	499	336	0	820	0	499	0	0	387	369	273	0	221	0	0	387	0	476	0	65	0	11	0	11	11	11	11	11	11	0	0	0	11	11	0	11	11	11	0	11	11	11	11	11	0	11	11	0	11	11	11	11	11	0	11	11	11	11	11	11	11	11	11	0	11	11	11	11	11	11	11	11	11	0
Pseudomonas_syringae_pv_syringae_529_11454_NZ_QPBJ01000022	0	0	0	87	1296	1296	108	0	0	0	0	231	55	217	0	0	0	107	0	44	69	217	0	87	113	231	247	247	247	247	77	0	247	0	217	247	107	0	0	231	0	0	55	0	96	217	87	0	0	138	0	0	0	0	0	0	0	87	0	0	0	96	0	96	0	0	0	96	96	96	1175	55	1141	0	0	0	0	77	0	0	0	0	0	0	0	55	0	1	0	0	15	15	38	1175	1265	0	1296	96	0	0	0	221	247	1175	217	0	0	1175	0	1175	0	1227	96	0	0	0	55	0	55	55	0	40	0	108	0	14	0	0	0	0	0	0	0	0	0	0	0	0	0	0	0	0	0	0	0	0	0	0	0	0	0	0	0	0	0	0	0	0	0	0	0	0	0	0	0	0	0	0	0	0	0	0	0	0	0	0	0	0	0
Pseudomonas_syringae_pv_syringae_Alf3_2478_NZ_KL995102	0	0	0	131	110	110	52	0	0	0	0	222	23	114	0	0	0	955	0	44	0	177	0	131	92	222	140	140	108	108	23	0	117	0	114	140	924	0	0	285	0	0	23	0	1143	114	131	0	0	1043	0	0	0	0	0	0	0	68	0	0	0	1164	0	1112	0	0	0	1206	1164	1143	110	23	110	0	0	0	0	23	0	0	0	0	0	0	0	23	0	721	0	0	0	0	0	110	110	0	96	1206	0	0	0	184	140	96	177	0	0	96	0	110	0	96	1175	0	0	0	23	0	23	23	0	61	0	52	0	0	0	0	0	0	0	0	0	0	0	0	0	0	0	0	0	0	0	0	0	0	0	0	0	0	0	0	0	0	0	0	0	0	0	0	0	0	0	0	0	0	0	0	0	0	0	0	0	0	0	0	0	0	0
Pseudomonas_syringae_pv_syringae_B301D_3084_NZ_CP005969	878	796	743	0	0	0	0	237	240	458	306	0	0	0	828	0	10	0	260	0	0	0	381	0	0	0	0	0	0	0	0	427	0	283	0	0	0	875	353	0	268	216	0	10	0	0	0	249	114	0	427	252	1752	268	283	397	36	0	281	269	252	5	283	0	276	252	283	0	5	0	0	0	0	830	381	633	239	0	10	10	24	252	397	493	3	0	53	0	319	0	0	0	0	0	0	820	0	0	1845	924	740	0	0	0	0	341	861	0	1845	0	341	0	0	495	486	250	0	279	0	0	495	0	620	0	53	0	0	0	0	0	0	0	0	0	0	0	0	0	0	0	0	0	0	0	0	0	0	0	0	0	0	0	0	0	0	0	0	0	0	0	0	0	0	0	0	0	0	0	0	0	0	0	0	0	0	0	0	0	0
Pseudomonas_syringae_pv_syringae_B48_20739_NZ_CP125300	665	559	601	0	0	0	0	269	214	442	284	0	0	0	570	0	10	0	211	0	0	0	597	0	0	0	0	0	0	0	0	291	0	203	0	0	0	626	279	0	285	184	0	0	0	0	0	254	77	0	451	246	901	285	203	396	30	0	313	200	228	5	203	0	281	228	203	0	5	0	0	0	0	548	597	427	222	0	0	0	5	246	396	483	3	0	48	0	297	0	0	0	0	0	0	653	0	0	924	1845	604	0	0	0	0	330	540	0	924	0	330	0	0	1087	1078	350	0	274	0	0	1087	0	1148	0	48	0	14	0	14	14	14	14	14	14	0	0	0	14	14	0	14	14	14	0	14	14	14	14	14	0	14	14	0	14	14	14	14	14	0	14	14	14	14	14	14	14	14	14	0	14	14	14	14	14	14	14	14	14	0
Pseudomonas_syringae_pv_syringae_B64_281_NZ_CM001763	1246	1181	1716	0	0	0	0	472	399	466	390	0	0	0	1050	0	32	0	324	0	0	0	315	0	0	0	0	0	0	0	0	408	0	332	0	0	0	972	412	0	397	324	0	12	0	0	0	489	75	0	537	237	762	397	332	511	30	0	459	363	376	2	332	0	520	376	332	0	2	0	0	0	0	353	315	428	206	0	12	12	12	237	511	443	1	0	47	0	405	0	0	0	0	0	0	1256	0	0	740	604	1845	0	0	0	0	470	338	0	740	0	470	0	0	405	385	281	0	229	0	0	405	0	454	0	47	0	11	0	11	11	11	11	11	11	0	0	0	11	11	0	11	11	11	0	11	11	11	11	11	0	11	11	0	11	11	11	11	11	0	11	11	11	11	11	11	11	11	11	0	11	11	11	11	11	11	11	11	11	0
Pseudomonas_syringae_pv_syringae_B728a_112_NC_007005	0	0	0	153	244	244	328	0	0	0	0	508	206	256	0	0	0	126	0	94	22	294	0	153	131	508	288	288	265	265	116	0	273	0	256	288	126	0	0	546	0	0	206	0	146	256	153	0	0	122	0	0	0	0	0	0	0	115	0	0	0	146	0	146	0	0	0	184	146	146	256	206	240	0	0	0	0	116	0	0	0	0	0	0	0	206	0	11	0	0	7	7	114	256	244	0	221	184	0	0	0	1356	288	233	294	0	0	233	0	244	0	221	184	0	0	0	206	0	206	206	0	96	0	314	0	9	0	0	0	0	0	0	0	0	0	0	0	0	0	0	0	0	0	0	0	0	0	0	0	0	0	0	0	0	0	0	0	0	0	0	0	0	0	0	0	0	0	0	0	0	0	0	0	0	0	0	0	0	0
Pseudomonas_syringae_pv_syringae_EC33_20735_NZ_JAGSOX010000017	0	0	0	115	276	276	237	0	0	0	0	868	187	1169	0	0	0	130	0	49	4	1201	0	115	137	868	1325	1325	1262	1262	65	0	1280	0	1169	1325	130	0	0	900	0	0	187	0	108	1169	115	0	0	143	0	0	0	0	0	0	0	83	0	0	0	117	0	108	0	0	0	140	117	108	285	187	285	0	0	0	0	65	0	0	0	0	0	0	0	187	0	0	0	0	0	0	153	285	276	0	247	140	0	0	0	288	1356	256	1201	0	0	256	0	273	0	244	140	0	0	0	187	0	187	187	0	59	0	237	0	2	0	0	0	0	0	0	0	0	0	0	0	0	0	0	0	0	0	0	0	0	0	0	0	0	0	0	0	0	0	0	0	0	0	0	0	0	0	0	0	0	0	0	0	0	0	0	0	0	0	0	0	0	0
Pseudomonas_syringae_pv_syringae_HO7_20736_NZ_JARNIY010000011	0	0	0	87	1175	1175	108	0	0	0	0	243	55	226	0	0	0	119	0	44	90	226	0	87	125	243	256	256	256	256	98	0	256	0	226	256	119	0	0	243	0	0	55	0	96	226	87	0	0	138	0	0	0	0	0	0	0	87	0	0	0	96	0	96	0	0	0	96	96	96	1296	55	1172	0	0	0	0	98	0	0	0	0	0	0	0	55	0	1	0	0	16	16	38	1296	1144	0	1175	96	0	0	0	233	256	1296	226	0	0	1296	0	1234	0	1234	96	0	0	0	55	0	55	55	0	40	0	108	0	18	0	0	0	0	0	0	0	0	0	0	0	0	0	0	0	0	0	0	0	0	0	0	0	0	0	0	0	0	0	0	0	0	0	0	0	0	0	0	0	0	0	0	0	0	0	0	0	0	0	0	0	0	0
Pseudomonas_syringae_pv_syringae_HS191_3083_NZ_CP006256	0	0	0	132	231	231	234	0	0	0	0	882	184	1293	0	0	0	223	0	49	4	1356	0	132	116	882	1170	1170	1138	1138	62	0	1144	0	1293	1170	223	0	0	945	0	0	184	0	114	1293	132	0	0	126	0	0	0	0	0	0	0	69	0	0	0	135	0	114	0	0	0	177	135	114	240	184	240	0	0	0	0	62	0	0	0	0	0	0	0	184	0	0	0	0	0	0	153	240	231	0	217	177	0	0	0	294	1201	226	1356	0	0	226	0	228	0	214	177	0	0	0	184	0	184	184	0	56	0	234	0	2	0	0	0	0	0	0	0	0	0	0	0	0	0	0	0	0	0	0	0	0	0	0	0	0	0	0	0	0	0	0	0	0	0	0	0	0	0	0	0	0	0	0	0	0	0	0	0	0	0	0	0	0	0
Pseudomonas_syringae_pv_syringae_Pss9644_17750_NZ_CP066263	434	333	441	0	0	0	0	329	336	617	390	0	0	0	335	0	32	0	383	0	0	0	202	0	0	0	0	0	0	0	0	991	0	351	0	0	0	376	925	0	354	300	0	2	0	0	0	369	83	0	485	398	363	354	351	984	30	0	401	320	381	8	351	0	400	381	351	0	8	0	0	0	0	805	202	737	536	0	2	2	6	398	984	619	1	0	48	0	387	0	0	0	0	0	0	499	0	0	341	330	470	0	0	0	0	1830	538	0	341	0	1830	0	0	216	217	424	0	395	0	0	216	0	216	0	48	0	11	0	11	11	11	11	11	11	0	0	0	11	11	0	11	11	11	0	11	11	11	11	11	0	11	11	0	11	11	11	11	11	0	11	11	11	11	11	11	11	11	11	0	11	11	11	11	11	11	11	11	11	0
Pseudomonas_syringae_pv_syringae_PssA1M140_20740_NZ_JAKMAG010000016	335	328	341	0	0	0	0	237	240	507	306	0	0	0	285	0	10	0	260	0	0	0	236	0	0	0	0	0	0	0	0	593	0	283	0	0	0	395	569	0	268	216	0	10	0	0	0	249	114	0	431	698	830	268	283	608	47	0	281	269	252	5	283	0	276	252	283	0	5	0	0	0	0	1084	236	866	442	0	10	10	6	698	608	562	3	0	53	0	319	0	0	0	0	0	0	336	0	0	861	540	338	0	0	0	0	538	1830	0	861	0	538	0	0	252	243	301	0	763	0	0	252	0	239	0	53	0	0	0	0	0	0	0	0	0	0	0	0	0	0	0	0	0	0	0	0	0	0	0	0	0	0	0	0	0	0	0	0	0	0	0	0	0	0	0	0	0	0	0	0	0	0	0	0	0	0	0	0	0	0
Pseudomonas_syringae_pv_syringae_PssA1M197_17707_NZ_JAKMVF010000007	0	0	0	87	1175	1175	108	0	0	0	0	243	55	226	0	0	0	119	0	44	90	226	0	87	125	243	256	256	256	256	98	0	256	0	226	256	119	0	0	243	0	0	55	0	96	226	87	0	0	138	0	0	0	0	0	0	0	87	0	0	0	96	0	96	0	0	0	96	96	96	1296	55	1172	0	0	0	0	98	0	0	0	0	0	0	0	55	0	1	0	0	16	16	38	1296	1144	0	1175	96	0	0	0	233	256	1296	226	0	0	1296	0	1234	0	1234	96	0	0	0	55	0	55	55	0	40	0	108	0	18	0	0	0	0	0	0	0	0	0	0	0	0	0	0	0	0	0	0	0	0	0	0	0	0	0	0	0	0	0	0	0	0	0	0	0	0	0	0	0	0	0	0	0	0	0	0	0	0	0	0	0	0	0
Pseudomonas_syringae_pv_syringae_PssA1M201_17710_NZ_JAKMVI010000020	878	796	743	0	0	0	0	237	240	458	306	0	0	0	828	0	10	0	260	0	0	0	381	0	0	0	0	0	0	0	0	427	0	283	0	0	0	875	353	0	268	216	0	10	0	0	0	249	114	0	427	252	1752	268	283	397	36	0	281	269	252	5	283	0	276	252	283	0	5	0	0	0	0	830	381	633	239	0	10	10	24	252	397	493	3	0	53	0	319	0	0	0	0	0	0	820	0	0	1845	924	740	0	0	0	0	341	861	0	1845	0	341	0	0	495	486	250	0	279	0	0	495	0	620	0	53	0	0	0	0	0	0	0	0	0	0	0	0	0	0	0	0	0	0	0	0	0	0	0	0	0	0	0	0	0	0	0	0	0	0	0	0	0	0	0	0	0	0	0	0	0	0	0	0	0	0	0	0	0	0
Pseudomonas_syringae_pv_syringae_PssA1M250_17721_NZ_JAKMVP010000021	0	0	0	101	1238	1238	108	0	0	0	0	231	55	214	0	0	0	107	0	44	82	228	0	101	113	231	273	273	244	244	98	0	244	0	214	273	107	0	0	245	0	0	55	0	96	214	101	0	0	138	0	0	0	0	0	0	0	87	0	0	0	96	0	96	0	0	0	110	96	96	1297	55	1173	0	0	0	0	98	0	0	0	0	0	0	0	55	0	1	0	0	16	16	38	1297	1207	0	1175	110	0	0	0	244	273	1234	228	0	0	1234	0	1359	0	1234	110	0	0	0	55	0	55	55	0	40	0	108	0	18	0	0	0	0	0	0	0	0	0	0	0	0	0	0	0	0	0	0	0	0	0	0	0	0	0	0	0	0	0	0	0	0	0	0	0	0	0	0	0	0	0	0	0	0	0	0	0	0	0	0	0	0	0
Pseudomonas_syringae_pv_syringae_PssA1M262_17714_NZ_JAKMVV010000011	434	333	441	0	0	0	0	329	336	617	390	0	0	0	335	0	32	0	383	0	0	0	202	0	0	0	0	0	0	0	0	991	0	351	0	0	0	376	925	0	354	300	0	2	0	0	0	369	83	0	485	398	363	354	351	984	30	0	401	320	381	8	351	0	400	381	351	0	8	0	0	0	0	805	202	737	536	0	2	2	6	398	984	619	1	0	48	0	387	0	0	0	0	0	0	499	0	0	341	330	470	0	0	0	0	1830	538	0	341	0	1830	0	0	216	217	424	0	395	0	0	216	0	216	0	48	0	11	0	11	11	11	11	11	11	0	0	0	11	11	0	11	11	11	0	11	11	11	11	11	0	11	11	0	11	11	11	11	11	0	11	11	11	11	11	11	11	11	11	0	11	11	11	11	11	11	11	11	11	0
Pseudomonas_syringae_pv_syringae_S2_2_20738_NZ_JARNIX010000035	0	0	0	87	1227	1227	106	0	0	0	0	231	53	214	0	0	0	107	0	44	69	214	0	87	113	231	244	244	244	244	77	0	244	0	214	244	107	0	0	231	0	0	53	0	96	214	87	0	0	138	0	0	0	0	0	0	0	87	0	0	0	96	0	96	0	0	0	96	96	96	1234	53	1172	0	0	0	0	77	0	0	0	0	0	0	0	53	0	1	0	0	16	16	36	1234	1196	0	1227	96	0	0	0	221	244	1234	214	0	0	1234	0	1234	0	1296	96	0	0	0	53	0	53	53	0	40	0	106	0	18	0	0	0	0	0	0	0	0	0	0	0	0	0	0	0	0	0	0	0	0	0	0	0	0	0	0	0	0	0	0	0	0	0	0	0	0	0	0	0	0	0	0	0	0	0	0	0	0	0	0	0	0	0
Pseudomonas_syringae_pv_syringae_SM_282_NZ_CM001986	0	0	0	131	110	110	52	0	0	0	0	222	23	114	0	0	0	924	0	44	0	177	0	131	92	222	140	140	108	108	23	0	117	0	114	140	893	0	0	285	0	0	23	0	1112	114	131	0	0	1012	0	0	0	0	0	0	0	68	0	0	0	1133	0	1081	0	0	0	1175	1133	1112	110	23	110	0	0	0	0	23	0	0	0	0	0	0	0	23	0	690	0	0	0	0	0	110	110	0	96	1175	0	0	0	184	140	96	177	0	0	96	0	110	0	96	1206	0	0	0	23	0	23	23	0	61	0	52	0	0	0	0	0	0	0	0	0	0	0	0	0	0	0	0	0	0	0	0	0	0	0	0	0	0	0	0	0	0	0	0	0	0	0	0	0	0	0	0	0	0	0	0	0	0	0	0	0	0	0	0	0	0	0
Pseudomonas_syringae_pv_syringae_UMAF0176_17744_NZ_JAJPOK010000010	460	598	534	0	0	0	0	195	188	335	218	0	0	0	452	0	32	0	259	0	0	0	782	0	0	0	0	0	0	0	0	348	0	250	0	0	0	448	432	0	251	322	0	0	0	0	0	162	118	0	335	751	502	251	250	316	44	0	183	219	281	26	250	0	183	281	250	0	26	0	0	0	0	279	782	330	442	0	0	0	5	751	316	316	20	0	47	0	255	0	0	0	0	0	0	387	0	0	495	1087	405	0	0	0	0	216	252	0	495	0	216	0	0	1845	1630	915	0	765	0	0	1845	0	1556	0	47	0	16	0	16	16	16	16	13	11	0	0	0	16	13	0	16	16	16	0	16	11	11	11	16	5	11	11	0	11	11	16	16	11	5	16	11	11	16	16	11	13	16	16	0	16	13	11	16	11	11	13	11	11	5
Pseudomonas_syringae_pv_syringae_UMAF0271_17740_NZ_JAJPOF010000013	443	604	514	0	0	0	0	165	172	359	190	0	0	0	425	0	12	0	242	0	0	0	715	0	0	0	0	0	0	0	0	354	0	233	0	0	0	472	438	0	220	317	0	0	0	0	0	131	152	0	359	577	493	220	233	340	21	0	152	202	247	26	233	0	152	247	233	0	26	0	0	0	0	270	715	311	347	0	0	0	5	577	340	336	19	0	56	0	224	0	0	0	0	0	0	369	0	0	486	1078	385	0	0	0	0	217	243	0	486	0	217	0	0	1630	1845	741	0	590	0	0	1630	0	1342	0	56	0	16	0	16	16	16	16	13	11	0	0	0	16	13	0	16	16	16	0	16	11	11	11	16	5	11	11	0	11	11	16	16	11	5	16	11	11	16	16	11	13	16	16	0	16	13	11	16	11	11	13	11	11	5
Pseudomonas_syringae_pv_syringae_UMAF0297_17737_NZ_JAJPOD010000011	326	486	410	0	0	0	0	195	188	764	218	0	0	0	318	0	32	0	259	0	0	0	421	0	0	0	0	0	0	0	0	567	0	250	0	0	0	298	620	0	251	322	0	0	0	0	0	162	114	0	317	898	250	251	250	500	55	0	183	219	281	26	250	0	183	281	250	0	26	0	0	0	0	307	421	354	679	0	0	0	2	898	500	714	20	0	50	0	255	0	0	0	0	0	0	273	0	0	250	350	281	0	0	0	0	424	301	0	250	0	424	0	0	915	741	1848	0	848	0	0	915	0	915	0	50	0	16	0	16	16	16	16	13	11	0	0	0	16	13	0	16	16	16	0	16	11	11	11	16	5	11	11	0	11	11	16	16	11	5	16	11	11	16	16	11	13	16	16	0	16	13	11	16	11	11	13	11	11	5
Pseudomonas_syringae_pv_syringae_UMAF1003_17741_NZ_JAJPOJ010000013	0	0	0	23	55	55	825	0	0	0	0	243	1356	175	0	0	0	14	0	0	6	184	0	23	0	243	187	187	175	175	746	0	195	0	175	187	14	0	0	252	0	0	1356	0	14	175	23	0	0	14	0	0	0	0	0	0	0	14	0	0	0	23	0	14	0	0	0	23	23	14	55	1356	53	0	0	0	0	746	0	0	0	0	0	0	0	1356	0	0	0	0	0	0	978	55	55	0	55	23	0	0	0	206	187	55	184	0	0	55	0	55	0	53	23	0	0	0	1356	0	1356	1356	0	72	0	825	0	12	0	0	0	0	0	0	0	0	0	0	0	0	0	0	0	0	0	0	0	0	0	0	0	0	0	0	0	0	0	0	0	0	0	0	0	0	0	0	0	0	0	0	0	0	0	0	0	0	0	0	0	0	0
Pseudomonas_syringae_pv_syringae_UMAF1013_17734_NZ_JAJPOC010000013	245	375	358	0	0	0	0	195	188	375	218	0	0	0	237	0	32	0	259	0	0	0	413	0	0	0	0	0	0	0	0	498	0	250	0	0	0	308	606	0	251	322	0	2	0	0	0	162	75	0	313	1620	287	251	250	518	69	0	183	219	281	26	250	0	183	281	250	0	26	0	0	0	0	523	413	539	634	0	2	2	11	1620	518	364	20	0	47	0	255	0	0	0	0	0	0	221	0	0	279	274	229	0	0	0	0	395	763	0	279	0	395	0	0	765	590	848	0	1830	0	0	765	0	730	0	47	0	16	0	16	16	16	16	13	11	0	0	0	16	13	0	16	16	16	0	16	11	11	11	16	5	11	11	0	11	11	16	16	11	5	16	11	11	16	16	11	13	16	16	0	16	13	11	16	11	11	13	11	11	5
Pseudomonas_syringae_pv_syringae_UMAF2016_17739_NZ_JAJPOG010000015	0	0	0	23	55	55	825	0	0	0	0	243	1356	175	0	0	0	14	0	0	6	184	0	23	0	243	187	187	175	175	746	0	195	0	175	187	14	0	0	252	0	0	1356	0	14	175	23	0	0	14	0	0	0	0	0	0	0	14	0	0	0	23	0	14	0	0	0	23	23	14	55	1356	53	0	0	0	0	746	0	0	0	0	0	0	0	1356	0	0	0	0	0	0	978	55	55	0	55	23	0	0	0	206	187	55	184	0	0	55	0	55	0	53	23	0	0	0	1356	0	1356	1356	0	72	0	825	0	12	0	0	0	0	0	0	0	0	0	0	0	0	0	0	0	0	0	0	0	0	0	0	0	0	0	0	0	0	0	0	0	0	0	0	0	0	0	0	0	0	0	0	0	0	0	0	0	0	0	0	0	0	0
Pseudomonas_syringae_pv_syringae_UMAF2600_17732_NZ_JAJPOA010000013	0	0	0	23	55	55	825	0	0	0	0	243	1356	175	0	0	0	14	0	0	6	184	0	23	0	243	187	187	175	175	746	0	195	0	175	187	14	0	0	252	0	0	1356	0	14	175	23	0	0	14	0	0	0	0	0	0	0	14	0	0	0	23	0	14	0	0	0	23	23	14	55	1356	53	0	0	0	0	746	0	0	0	0	0	0	0	1356	0	0	0	0	0	0	978	55	55	0	55	23	0	0	0	206	187	55	184	0	0	55	0	55	0	53	23	0	0	0	1356	0	1356	1356	0	72	0	825	0	12	0	0	0	0	0	0	0	0	0	0	0	0	0	0	0	0	0	0	0	0	0	0	0	0	0	0	0	0	0	0	0	0	0	0	0	0	0	0	0	0	0	0	0	0	0	0	0	0	0	0	0	0	0
Pseudomonas_syringae_pv_syringae_UMAF2801_17738_NZ_JAJPOH010000009	460	598	534	0	0	0	0	195	188	335	218	0	0	0	452	0	32	0	259	0	0	0	782	0	0	0	0	0	0	0	0	348	0	250	0	0	0	448	432	0	251	322	0	0	0	0	0	162	118	0	335	751	502	251	250	316	44	0	183	219	281	26	250	0	183	281	250	0	26	0	0	0	0	279	782	330	442	0	0	0	5	751	316	316	20	0	47	0	255	0	0	0	0	0	0	387	0	0	495	1087	405	0	0	0	0	216	252	0	495	0	216	0	0	1845	1630	915	0	765	0	0	1845	0	1556	0	47	0	16	0	16	16	16	16	13	11	0	0	0	16	13	0	16	16	16	0	16	11	11	11	16	5	11	11	0	11	11	16	16	11	5	16	11	11	16	16	11	13	16	16	0	16	13	11	16	11	11	13	11	11	5
Pseudomonas_syringae_pv_syringae_UMAF2815_17736_NZ_JAJPNZ010000006	0	0	0	1356	40	40	370	0	0	0	0	41	72	47	0	0	0	29	0	1288	0	56	0	1325	297	41	59	59	47	47	72	0	59	0	47	59	29	0	0	50	0	0	72	0	52	47	1325	0	0	48	0	0	0	0	0	0	0	1316	0	0	0	61	0	52	0	0	0	61	61	52	40	72	40	0	0	0	0	72	0	0	0	0	0	0	0	72	0	15	0	0	0	0	0	40	40	0	40	61	0	0	0	96	59	40	56	0	0	40	0	40	0	40	61	0	0	0	72	0	72	72	0	1560	0	370	0	0	0	0	0	0	0	0	0	0	0	0	0	0	0	0	0	0	0	0	0	0	0	0	0	0	0	0	0	0	0	0	0	0	0	0	0	0	0	0	0	0	0	0	0	0	0	0	0	0	0	0	0	0	0
Pseudomonas_syringae_pv_syringae_UMAF3028_17702_NZ_JACTWB010000009	530	639	583	0	0	0	0	195	188	314	218	0	0	0	522	0	32	0	259	0	0	0	744	0	0	0	0	0	0	0	0	306	0	250	0	0	0	468	390	0	251	322	0	0	0	0	0	162	90	0	312	816	589	251	250	296	44	0	183	219	281	26	250	0	183	281	250	0	26	0	0	0	0	266	744	320	427	0	0	0	2	816	296	295	20	0	47	0	255	0	0	0	0	0	0	476	0	0	620	1148	454	0	0	0	0	216	239	0	620	0	216	0	0	1556	1342	915	0	730	0	0	1556	0	1845	0	47	0	16	0	16	16	16	16	13	11	0	0	0	16	13	0	16	16	16	0	16	11	11	11	16	5	11	11	0	11	11	16	16	11	5	16	11	11	16	16	11	13	16	16	0	16	13	11	16	11	11	13	11	11	5
Pseudomonas_syringae_pv_syringae_UMAF7000_17735_NZ_JAJPNY010000012	0	0	0	191	108	108	1294	0	0	0	0	279	825	225	0	0	0	27	0	123	6	234	0	191	108	279	237	237	225	225	320	0	245	0	225	237	27	0	0	288	0	0	825	0	43	225	191	0	0	39	0	0	0	0	0	0	0	182	0	0	0	52	0	43	0	0	0	52	52	43	108	825	106	0	0	0	0	320	0	0	0	0	0	0	0	825	0	11	0	0	0	0	667	108	108	0	108	52	0	0	0	314	237	108	234	0	0	108	0	108	0	106	52	0	0	0	825	0	825	825	0	370	0	1356	0	2	0	0	0	0	0	0	0	0	0	0	0	0	0	0	0	0	0	0	0	0	0	0	0	0	0	0	0	0	0	0	0	0	0	0	0	0	0	0	0	0	0	0	0	0	0	0	0	0	0	0	0	0	0
Pseudomonas_syringae_pv_tagetis_ICMP_4091_14835_NZ_CP092923	53	39	53	0	0	0	0	82	87	49	62	0	0	0	45	0	0	0	55	0	0	0	72	0	0	0	0	0	0	0	0	58	0	58	0	0	0	46	58	0	66	58	0	0	0	0	0	68	26	0	54	47	53	66	58	45	0	0	65	58	66	0	58	0	68	66	58	0	0	0	0	0	0	53	72	53	72	0	0	0	0	47	45	43	0	0	1472	0	53	0	0	0	0	0	0	65	0	0	53	48	47	0	0	0	0	48	53	0	53	0	48	0	0	47	56	50	0	47	0	0	47	0	47	0	1503	0	0	0	0	0	0	0	0	0	0	0	0	0	0	0	0	0	0	0	0	0	0	0	0	0	0	0	0	0	0	0	0	0	0	0	0	0	0	0	0	0	0	0	0	0	0	0	0	0	0	0	0	0	0
Pseudomonas_syringae_pv_tomato_BRIP38746_11422_NZ_SNVG01000020	0	0	0	0	14	14	2	0	0	0	0	9	12	2	0	44	69	0	0	0	0	2	0	0	0	9	2	2	2	2	21	0	2	0	2	2	0	0	0	9	0	0	12	17	0	2	0	0	18	0	0	0	0	0	0	0	14	0	0	0	0	0	0	0	0	0	0	0	0	0	18	12	18	0	0	0	0	21	17	17	38	0	0	0	44	12	0	0	0	0	173	173	12	18	14	0	14	0	0	0	0	9	2	18	2	0	0	18	0	18	0	18	0	0	0	0	12	0	12	12	0	0	0	2	0	1431	0	0	0	0	0	0	0	0	0	0	0	0	0	0	0	0	0	0	0	0	0	0	0	0	0	0	0	0	0	0	0	0	0	0	0	0	0	0	0	0	0	0	0	0	0	0	0	0	0	0	0	0	0
p1.G2	11	16	16	0	0	0	0	11	11	16	11	0	0	0	16	0	0	0	16	0	0	0	17	0	0	0	0	0	0	0	0	16	0	16	0	0	0	17	16	0	17	16	0	4	0	0	0	11	0	0	17	16	0	17	16	16	0	0	11	16	17	5	16	0	11	17	16	0	5	0	0	0	0	11	17	11	17	0	4	4	0	16	16	17	0	0	0	0	16	0	0	0	0	0	0	11	0	0	0	14	11	0	0	0	0	11	0	0	0	0	11	0	0	16	16	16	0	16	0	0	16	0	16	0	0	0	1353	228	357	1108	335	857	247	286	228	228	228	335	346	228	335	335	1353	228	352	265	416	321	1353	427	604	286	197	286	286	477	352	321	246	1027	286	286	352	1108	286	653	335	335	228	335	346	322	352	322	286	346	285	604	388
p12.A11	0	0	0	0	0	0	0	0	0	0	0	0	0	0	0	0	0	0	0	0	0	0	0	0	0	0	0	0	0	0	0	0	0	0	0	0	0	0	0	0	0	0	0	1	0	0	0	0	0	0	0	0	0	0	0	0	0	0	0	0	0	0	0	0	0	0	0	0	0	0	0	0	0	0	0	0	0	0	1	1	0	0	0	0	0	0	0	0	0	0	0	0	0	0	0	0	0	0	0	0	0	0	0	0	0	0	0	0	0	0	0	0	0	0	0	0	0	0	0	0	0	0	0	0	0	0	228	1215	192	207	613	198	168	410	1215	1215	1215	613	265	1215	613	613	228	1215	180	364	479	198	228	349	242	410	1153	410	410	194	180	198	536	286	410	410	180	207	410	226	613	613	1215	613	265	157	180	157	410	265	694	242	289
p12.E2	11	16	16	0	0	0	0	11	11	16	11	0	0	0	16	0	0	0	16	0	0	0	17	0	0	0	0	0	0	0	0	16	0	16	0	0	0	17	16	0	17	16	0	4	0	0	0	11	0	0	17	16	0	17	16	16	0	0	11	16	17	5	16	0	11	17	16	0	5	0	0	0	0	11	17	11	17	0	4	4	0	16	16	17	0	0	0	0	16	0	0	0	0	0	0	11	0	0	0	14	11	0	0	0	0	11	0	0	0	0	11	0	0	16	16	16	0	16	0	0	16	0	16	0	0	0	357	192	1773	571	397	244	229	1026	192	192	192	397	319	192	397	397	357	192	337	274	275	306	357	267	226	995	171	995	995	1475	337	306	205	295	995	995	337	571	995	248	397	397	192	397	319	210	337	210	995	319	261	226	227
p12.G7	11	16	16	0	0	0	0	11	11	16	11	0	0	0	16	0	0	0	16	0	0	0	17	0	0	0	0	0	0	0	0	16	0	16	0	0	0	17	16	0	17	16	0	4	0	0	0	11	0	0	17	16	0	17	16	16	0	0	11	16	17	5	16	0	11	17	16	0	5	0	0	0	0	11	17	11	17	0	4	4	0	16	16	17	0	0	0	0	16	0	0	0	0	0	0	11	0	0	0	14	11	0	0	0	0	11	0	0	0	0	11	0	0	16	16	16	0	16	0	0	16	0	16	0	0	0	1108	207	571	1353	408	888	230	252	207	207	207	408	244	207	408	408	1108	207	340	321	420	309	1108	412	646	252	176	252	252	457	340	309	212	1020	252	252	340	1353	252	482	408	408	207	408	244	352	340	352	252	244	276	646	372
p13.C1	11	16	16	0	0	0	0	11	11	16	11	0	0	0	16	0	0	0	16	0	0	0	17	0	0	0	0	0	0	0	0	16	0	16	0	0	0	17	16	0	17	16	0	13	0	0	0	11	0	0	17	16	0	17	16	16	0	0	11	16	17	5	16	0	11	17	16	0	5	0	0	0	0	11	17	11	17	0	13	13	0	16	16	17	0	0	0	0	16	0	0	0	0	0	0	11	0	0	0	14	11	0	0	0	0	11	0	0	0	0	11	0	0	16	16	16	0	16	0	0	16	0	16	0	0	0	335	613	397	408	1215	208	253	221	613	613	613	1215	279	613	1215	1215	335	613	296	225	279	265	335	286	190	221	610	221	221	419	296	265	431	282	221	221	296	408	221	277	1215	1215	613	1215	279	191	296	191	221	279	704	190	245
p13.D10	11	16	16	0	0	0	0	11	11	16	11	0	0	0	16	0	0	0	16	0	0	0	17	0	0	0	0	0	0	0	0	16	0	16	0	0	0	17	16	0	17	16	0	4	0	0	0	11	0	0	17	16	0	17	16	16	0	0	11	16	17	5	16	0	11	17	16	0	5	0	0	0	0	11	17	11	17	0	4	4	0	16	16	17	0	0	0	0	16	0	0	0	0	0	0	11	0	0	0	14	11	0	0	0	0	11	0	0	0	0	11	0	0	16	16	16	0	16	0	0	16	0	16	0	0	0	857	198	244	888	208	1353	297	231	198	198	198	208	277	198	208	208	857	198	200	430	348	169	857	352	878	231	209	231	231	253	200	169	236	891	231	231	200	888	231	592	208	208	198	208	277	511	200	511	231	277	261	878	345
p13.F3	11	13	13	0	0	0	0	11	11	13	11	0	0	0	13	0	0	0	13	0	0	0	13	0	0	0	0	0	0	0	0	13	0	13	0	0	0	13	13	0	13	13	0	4	0	0	0	11	0	0	13	13	0	13	13	13	0	0	11	13	13	2	13	0	11	13	13	0	2	0	0	0	0	11	13	11	13	0	4	4	0	13	13	13	0	0	0	0	13	0	0	0	0	0	0	11	0	0	0	14	11	0	0	0	0	11	0	0	0	0	11	0	0	13	13	13	0	13	0	0	13	0	13	0	0	0	247	168	229	230	253	297	1800	179	168	168	168	253	286	168	253	253	247	168	324	1120	719	306	247	772	330	179	167	179	179	230	324	306	188	209	179	179	324	230	179	381	253	253	168	253	286	767	324	767	179	286	166	330	765
p20.D4	11	11	11	0	0	0	0	11	11	11	11	0	0	0	11	0	0	0	11	0	0	0	11	0	0	0	0	0	0	0	0	11	0	11	0	0	0	11	11	0	11	11	0	4	0	0	0	11	0	0	11	11	0	11	11	11	0	0	11	11	11	0	11	0	11	11	11	0	0	0	0	0	0	11	11	11	11	0	4	4	0	11	11	11	0	0	0	0	11	0	0	0	0	0	0	11	0	0	0	14	11	0	0	0	0	11	0	0	0	0	11	0	0	11	11	11	0	11	0	0	11	0	11	0	0	0	286	410	1026	252	221	231	179	1773	410	410	410	221	291	410	221	221	286	410	295	273	476	326	286	330	239	1742	348	1742	1742	1018	295	326	305	309	1742	1742	295	252	1742	231	221	221	410	221	291	152	295	152	1742	291	416	239	281
p20.F10	0	0	0	0	0	0	0	0	0	0	0	0	0	0	0	0	0	0	0	0	0	0	0	0	0	0	0	0	0	0	0	0	0	0	0	0	0	0	0	0	0	0	0	1	0	0	0	0	0	0	0	0	0	0	0	0	0	0	0	0	0	0	0	0	0	0	0	0	0	0	0	0	0	0	0	0	0	0	1	1	0	0	0	0	0	0	0	0	0	0	0	0	0	0	0	0	0	0	0	0	0	0	0	0	0	0	0	0	0	0	0	0	0	0	0	0	0	0	0	0	0	0	0	0	0	0	228	1215	192	207	613	198	168	410	1215	1215	1215	613	265	1215	613	613	228	1215	180	364	479	198	228	349	242	410	1153	410	410	194	180	198	536	286	410	410	180	207	410	226	613	613	1215	613	265	157	180	157	410	265	694	242	289
p20.G9	0	0	0	0	0	0	0	0	0	0	0	0	0	0	0	0	0	0	0	0	0	0	0	0	0	0	0	0	0	0	0	0	0	0	0	0	0	0	0	0	0	0	0	1	0	0	0	0	0	0	0	0	0	0	0	0	0	0	0	0	0	0	0	0	0	0	0	0	0	0	0	0	0	0	0	0	0	0	1	1	0	0	0	0	0	0	0	0	0	0	0	0	0	0	0	0	0	0	0	0	0	0	0	0	0	0	0	0	0	0	0	0	0	0	0	0	0	0	0	0	0	0	0	0	0	0	228	1215	192	207	613	198	168	410	1215	1215	1215	613	265	1215	613	613	228	1215	180	364	479	198	228	349	242	410	1153	410	410	194	180	198	536	286	410	410	180	207	410	226	613	613	1215	613	265	157	180	157	410	265	694	242	289
p21.A8	0	0	0	0	0	0	0	0	0	0	0	0	0	0	0	0	0	0	0	0	0	0	0	0	0	0	0	0	0	0	0	0	0	0	0	0	0	0	0	0	0	0	0	1	0	0	0	0	0	0	0	0	0	0	0	0	0	0	0	0	0	0	0	0	0	0	0	0	0	0	0	0	0	0	0	0	0	0	1	1	0	0	0	0	0	0	0	0	0	0	0	0	0	0	0	0	0	0	0	0	0	0	0	0	0	0	0	0	0	0	0	0	0	0	0	0	0	0	0	0	0	0	0	0	0	0	228	1215	192	207	613	198	168	410	1215	1215	1215	613	265	1215	613	613	228	1215	180	364	479	198	228	349	242	410	1153	410	410	194	180	198	536	286	410	410	180	207	410	226	613	613	1215	613	265	157	180	157	410	265	694	242	289
p21.E3	11	16	16	0	0	0	0	11	11	16	11	0	0	0	16	0	0	0	16	0	0	0	17	0	0	0	0	0	0	0	0	16	0	16	0	0	0	17	16	0	17	16	0	13	0	0	0	11	0	0	17	16	0	17	16	16	0	0	11	16	17	5	16	0	11	17	16	0	5	0	0	0	0	11	17	11	17	0	13	13	0	16	16	17	0	0	0	0	16	0	0	0	0	0	0	11	0	0	0	14	11	0	0	0	0	11	0	0	0	0	11	0	0	16	16	16	0	16	0	0	16	0	16	0	0	0	335	613	397	408	1215	208	253	221	613	613	613	1215	279	613	1215	1215	335	613	296	225	279	265	335	286	190	221	610	221	221	419	296	265	431	282	221	221	296	408	221	277	1215	1215	613	1215	279	191	296	191	221	279	704	190	245
p21.F1	11	13	13	0	0	0	0	11	11	13	11	0	0	0	13	0	0	0	13	0	0	0	13	0	0	0	0	0	0	0	0	13	0	13	0	0	0	13	13	0	13	13	0	4	0	0	0	11	0	0	13	13	0	13	13	13	0	0	11	13	13	2	13	0	11	13	13	0	2	0	0	0	0	11	13	11	13	0	4	4	0	13	13	13	0	0	0	0	13	0	0	0	0	0	0	11	0	0	0	14	11	0	0	0	0	11	0	0	0	0	11	0	0	13	13	13	0	13	0	0	13	0	13	0	0	0	346	265	319	244	279	277	286	291	265	265	265	279	1773	265	279	279	346	265	568	218	309	550	346	308	246	291	253	291	291	394	568	550	243	308	291	291	568	244	291	417	279	279	265	279	1773	226	568	226	291	1773	286	246	280
p21.F9	0	0	0	0	0	0	0	0	0	0	0	0	0	0	0	0	0	0	0	0	0	0	0	0	0	0	0	0	0	0	0	0	0	0	0	0	0	0	0	0	0	0	0	1	0	0	0	0	0	0	0	0	0	0	0	0	0	0	0	0	0	0	0	0	0	0	0	0	0	0	0	0	0	0	0	0	0	0	1	1	0	0	0	0	0	0	0	0	0	0	0	0	0	0	0	0	0	0	0	0	0	0	0	0	0	0	0	0	0	0	0	0	0	0	0	0	0	0	0	0	0	0	0	0	0	0	228	1215	192	207	613	198	168	410	1215	1215	1215	613	265	1215	613	613	228	1215	180	364	479	198	228	349	242	410	1153	410	410	194	180	198	536	286	410	410	180	207	410	226	613	613	1215	613	265	157	180	157	410	265	694	242	289
p22.A8	11	16	16	0	0	0	0	11	11	16	11	0	0	0	16	0	0	0	16	0	0	0	17	0	0	0	0	0	0	0	0	16	0	16	0	0	0	17	16	0	17	16	0	13	0	0	0	11	0	0	17	16	0	17	16	16	0	0	11	16	17	5	16	0	11	17	16	0	5	0	0	0	0	11	17	11	17	0	13	13	0	16	16	17	0	0	0	0	16	0	0	0	0	0	0	11	0	0	0	14	11	0	0	0	0	11	0	0	0	0	11	0	0	16	16	16	0	16	0	0	16	0	16	0	0	0	335	613	397	408	1215	208	253	221	613	613	613	1215	279	613	1215	1215	335	613	296	225	279	265	335	286	190	221	610	221	221	419	296	265	431	282	221	221	296	408	221	277	1215	1215	613	1215	279	191	296	191	221	279	704	190	245
p22.B5	11	16	16	0	0	0	0	11	11	16	11	0	0	0	16	0	0	0	16	0	0	0	17	0	0	0	0	0	0	0	0	16	0	16	0	0	0	17	16	0	17	16	0	13	0	0	0	11	0	0	17	16	0	17	16	16	0	0	11	16	17	5	16	0	11	17	16	0	5	0	0	0	0	11	17	11	17	0	13	13	0	16	16	17	0	0	0	0	16	0	0	0	0	0	0	11	0	0	0	14	11	0	0	0	0	11	0	0	0	0	11	0	0	16	16	16	0	16	0	0	16	0	16	0	0	0	335	613	397	408	1215	208	253	221	613	613	613	1215	279	613	1215	1215	335	613	296	225	279	265	335	286	190	221	610	221	221	419	296	265	431	282	221	221	296	408	221	277	1215	1215	613	1215	279	191	296	191	221	279	704	190	245
p22.C1	11	16	16	0	0	0	0	11	11	16	11	0	0	0	16	0	0	0	16	0	0	0	17	0	0	0	0	0	0	0	0	16	0	16	0	0	0	17	16	0	17	16	0	4	0	0	0	11	0	0	17	16	0	17	16	16	0	0	11	16	17	5	16	0	11	17	16	0	5	0	0	0	0	11	17	11	17	0	4	4	0	16	16	17	0	0	0	0	16	0	0	0	0	0	0	11	0	0	0	14	11	0	0	0	0	11	0	0	0	0	11	0	0	16	16	16	0	16	0	0	16	0	16	0	0	0	1353	228	357	1108	335	857	247	286	228	228	228	335	346	228	335	335	1353	228	352	265	416	321	1353	427	604	286	197	286	286	477	352	321	246	1027	286	286	352	1108	286	653	335	335	228	335	346	322	352	322	286	346	285	604	388
p22.D1	0	0	0	0	0	0	0	0	0	0	0	0	0	0	0	0	0	0	0	0	0	0	0	0	0	0	0	0	0	0	0	0	0	0	0	0	0	0	0	0	0	0	0	1	0	0	0	0	0	0	0	0	0	0	0	0	0	0	0	0	0	0	0	0	0	0	0	0	0	0	0	0	0	0	0	0	0	0	1	1	0	0	0	0	0	0	0	0	0	0	0	0	0	0	0	0	0	0	0	0	0	0	0	0	0	0	0	0	0	0	0	0	0	0	0	0	0	0	0	0	0	0	0	0	0	0	228	1215	192	207	613	198	168	410	1215	1215	1215	613	265	1215	613	613	228	1215	180	364	479	198	228	349	242	410	1153	410	410	194	180	198	536	286	410	410	180	207	410	226	613	613	1215	613	265	157	180	157	410	265	694	242	289
p22.D4	11	16	16	0	0	0	0	11	11	16	11	0	0	0	16	0	0	0	16	0	0	0	17	0	0	0	0	0	0	0	0	16	0	16	0	0	0	17	16	0	17	16	0	4	0	0	0	11	0	0	17	16	0	17	16	16	0	0	11	16	17	5	16	0	11	17	16	0	5	0	0	0	0	11	17	11	17	0	4	4	0	16	16	17	0	0	0	0	16	0	0	0	0	0	0	11	0	0	0	14	11	0	0	0	0	11	0	0	0	0	11	0	0	16	16	16	0	16	0	0	16	0	16	0	0	0	352	180	337	340	296	200	324	295	180	180	180	296	568	180	296	296	352	180	1773	240	367	1711	352	377	182	295	141	295	295	354	1773	1711	196	251	295	295	1742	340	295	256	296	296	180	296	568	220	1773	220	295	568	304	182	318
p23.A3	11	11	11	0	0	0	0	11	11	11	11	0	0	0	11	0	0	0	11	0	0	0	11	0	0	0	0	0	0	0	0	11	0	11	0	0	0	11	11	0	11	11	0	4	0	0	0	11	0	0	11	11	0	11	11	11	0	0	11	11	11	0	11	0	11	11	11	0	0	0	0	0	0	11	11	11	11	0	4	4	0	11	11	11	0	0	0	0	11	0	0	0	0	0	0	11	0	0	0	14	11	0	0	0	0	11	0	0	0	0	11	0	0	11	11	11	0	11	0	0	11	0	11	0	0	0	265	364	274	321	225	430	1120	273	364	364	364	225	218	364	225	225	265	364	240	1800	895	258	265	835	478	273	353	273	273	187	240	258	213	216	273	273	240	321	273	312	225	225	364	225	218	846	240	846	273	218	229	478	775
p23.B2	11	11	11	0	0	0	0	11	11	11	11	0	0	0	11	0	0	0	11	0	0	0	11	0	0	0	0	0	0	0	0	11	0	11	0	0	0	11	11	0	11	11	0	4	0	0	0	11	0	0	11	11	0	11	11	11	0	0	11	11	11	0	11	0	11	11	11	0	0	0	0	0	0	11	11	11	11	0	4	4	0	11	11	11	0	0	0	0	11	0	0	0	0	0	0	11	0	0	0	14	11	0	0	0	0	11	0	0	0	0	11	0	0	11	11	11	0	11	0	0	11	0	11	0	0	0	416	479	275	420	279	348	719	476	479	479	479	279	309	479	279	279	416	479	367	895	1800	398	416	1250	298	476	417	476	476	284	367	398	336	506	476	476	348	420	476	248	279	279	479	279	309	1133	367	1133	476	309	422	298	1160
p23.B8	11	11	11	0	0	0	0	11	11	11	11	0	0	0	11	0	0	0	11	0	0	0	11	0	0	0	0	0	0	0	0	11	0	11	0	0	0	11	11	0	11	11	0	4	0	0	0	11	0	0	11	11	0	11	11	11	0	0	11	11	11	0	11	0	11	11	11	0	0	0	0	0	0	11	11	11	11	0	4	4	0	11	11	11	0	0	0	0	11	0	0	0	0	0	0	11	0	0	0	14	11	0	0	0	0	11	0	0	0	0	11	0	0	11	11	11	0	11	0	0	11	0	11	0	0	0	321	198	306	309	265	169	306	326	198	198	198	265	550	198	265	265	321	198	1711	258	398	1773	321	346	182	326	159	326	326	323	1711	1773	165	220	326	326	1680	309	326	238	265	265	198	265	550	220	1711	220	326	550	335	182	287
p24.B5	11	16	16	0	0	0	0	11	11	16	11	0	0	0	16	0	0	0	16	0	0	0	17	0	0	0	0	0	0	0	0	16	0	16	0	0	0	17	16	0	17	16	0	4	0	0	0	11	0	0	17	16	0	17	16	16	0	0	11	16	17	5	16	0	11	17	16	0	5	0	0	0	0	11	17	11	17	0	4	4	0	16	16	17	0	0	0	0	16	0	0	0	0	0	0	11	0	0	0	14	11	0	0	0	0	11	0	0	0	0	11	0	0	16	16	16	0	16	0	0	16	0	16	0	0	0	1353	228	357	1108	335	857	247	286	228	228	228	335	346	228	335	335	1353	228	352	265	416	321	1353	427	604	286	197	286	286	477	352	321	246	1027	286	286	352	1108	286	653	335	335	228	335	346	322	352	322	286	346	285	604	388
p24.H2	0	5	5	0	0	0	0	0	0	5	0	0	0	0	5	0	0	0	5	0	0	0	6	0	0	0	0	0	0	0	0	5	0	5	0	0	0	6	5	0	6	5	0	1	0	0	0	0	0	0	6	5	0	6	5	5	0	0	0	5	6	5	5	0	0	6	5	0	5	0	0	0	0	0	6	0	6	0	1	1	0	5	5	6	0	0	0	0	5	0	0	0	0	0	0	0	0	0	0	0	0	0	0	0	0	0	0	0	0	0	0	0	0	5	5	5	0	5	0	0	5	0	5	0	0	0	427	349	267	412	286	352	772	330	349	349	349	286	308	349	286	286	427	349	377	835	1250	346	427	1800	267	330	349	330	330	295	377	346	399	618	330	330	358	412	330	229	286	286	349	286	308	932	377	932	330	308	321	267	1683
p25.A12	11	11	11	0	0	0	0	11	11	11	11	0	0	0	11	0	0	0	11	0	0	0	11	0	0	0	0	0	0	0	0	11	0	11	0	0	0	11	11	0	11	11	0	4	0	0	0	11	0	0	11	11	0	11	11	11	0	0	11	11	11	0	11	0	11	11	11	0	0	0	0	0	0	11	11	11	11	0	4	4	0	11	11	11	0	0	0	0	11	0	0	0	0	0	0	11	0	0	0	14	11	0	0	0	0	11	0	0	0	0	11	0	0	11	11	11	0	11	0	0	11	0	11	0	0	0	604	242	226	646	190	878	330	239	242	242	242	190	246	242	190	190	604	242	182	478	298	182	604	267	1353	239	266	239	239	178	182	182	254	675	239	239	182	646	239	696	190	190	242	190	246	428	182	428	239	246	212	1353	295
p25.B2	11	11	11	0	0	0	0	11	11	11	11	0	0	0	11	0	0	0	11	0	0	0	11	0	0	0	0	0	0	0	0	11	0	11	0	0	0	11	11	0	11	11	0	4	0	0	0	11	0	0	11	11	0	11	11	11	0	0	11	11	11	0	11	0	11	11	11	0	0	0	0	0	0	11	11	11	11	0	4	4	0	11	11	11	0	0	0	0	11	0	0	0	0	0	0	11	0	0	0	14	11	0	0	0	0	11	0	0	0	0	11	0	0	11	11	11	0	11	0	0	11	0	11	0	0	0	286	410	995	252	221	231	179	1742	410	410	410	221	291	410	221	221	286	410	295	273	476	326	286	330	239	1773	348	1773	1773	987	295	326	305	309	1773	1773	295	252	1773	231	221	221	410	221	291	152	295	152	1773	291	416	239	281
p25.C11	0	0	0	0	0	0	0	0	0	0	0	0	0	0	0	0	0	0	0	0	0	0	0	0	0	0	0	0	0	0	0	0	0	0	0	0	0	0	0	0	0	0	0	1	0	0	0	0	0	0	0	0	0	0	0	0	0	0	0	0	0	0	0	0	0	0	0	0	0	0	0	0	0	0	0	0	0	0	1	1	0	0	0	0	0	0	0	0	0	0	0	0	0	0	0	0	0	0	0	0	0	0	0	0	0	0	0	0	0	0	0	0	0	0	0	0	0	0	0	0	0	0	0	0	0	0	197	1153	171	176	610	209	167	348	1153	1153	1153	610	253	1153	610	610	197	1153	141	353	417	159	197	349	266	348	1215	348	348	163	141	159	565	286	348	348	141	176	348	226	610	610	1153	610	253	168	141	168	348	253	632	266	289
p25.C2	11	11	11	0	0	0	0	11	11	11	11	0	0	0	11	0	0	0	11	0	0	0	11	0	0	0	0	0	0	0	0	11	0	11	0	0	0	11	11	0	11	11	0	4	0	0	0	11	0	0	11	11	0	11	11	11	0	0	11	11	11	0	11	0	11	11	11	0	0	0	0	0	0	11	11	11	11	0	4	4	0	11	11	11	0	0	0	0	11	0	0	0	0	0	0	11	0	0	0	14	11	0	0	0	0	11	0	0	0	0	11	0	0	11	11	11	0	11	0	0	11	0	11	0	0	0	286	410	995	252	221	231	179	1742	410	410	410	221	291	410	221	221	286	410	295	273	476	326	286	330	239	1773	348	1773	1773	987	295	326	305	309	1773	1773	295	252	1773	231	221	221	410	221	291	152	295	152	1773	291	416	239	281
p25.D2	11	11	11	0	0	0	0	11	11	11	11	0	0	0	11	0	0	0	11	0	0	0	11	0	0	0	0	0	0	0	0	11	0	11	0	0	0	11	11	0	11	11	0	4	0	0	0	11	0	0	11	11	0	11	11	11	0	0	11	11	11	0	11	0	11	11	11	0	0	0	0	0	0	11	11	11	11	0	4	4	0	11	11	11	0	0	0	0	11	0	0	0	0	0	0	11	0	0	0	14	11	0	0	0	0	11	0	0	0	0	11	0	0	11	11	11	0	11	0	0	11	0	11	0	0	0	286	410	995	252	221	231	179	1742	410	410	410	221	291	410	221	221	286	410	295	273	476	326	286	330	239	1773	348	1773	1773	987	295	326	305	309	1773	1773	295	252	1773	231	221	221	410	221	291	152	295	152	1773	291	416	239	281
p26.B7	11	16	16	0	0	0	0	11	11	16	11	0	0	0	16	0	0	0	16	0	0	0	17	0	0	0	0	0	0	0	0	16	0	16	0	0	0	17	16	0	17	16	0	13	0	0	0	11	0	0	17	16	0	17	16	16	0	0	11	16	17	5	16	0	11	17	16	0	5	0	0	0	0	11	17	11	17	0	13	13	0	16	16	17	0	0	0	0	16	0	0	0	0	0	0	11	0	0	0	14	11	0	0	0	0	11	0	0	0	0	11	0	0	16	16	16	0	16	0	0	16	0	16	0	0	0	477	194	1475	457	419	253	230	1018	194	194	194	419	394	194	419	419	477	194	354	187	284	323	477	295	178	987	163	987	987	1773	354	323	219	291	987	987	354	457	987	320	419	419	194	419	394	233	354	233	987	394	266	178	254
p26.D6	11	16	16	0	0	0	0	11	11	16	11	0	0	0	16	0	0	0	16	0	0	0	17	0	0	0	0	0	0	0	0	16	0	16	0	0	0	17	16	0	17	16	0	4	0	0	0	11	0	0	17	16	0	17	16	16	0	0	11	16	17	5	16	0	11	17	16	0	5	0	0	0	0	11	17	11	17	0	4	4	0	16	16	17	0	0	0	0	16	0	0	0	0	0	0	11	0	0	0	14	11	0	0	0	0	11	0	0	0	0	11	0	0	16	16	16	0	16	0	0	16	0	16	0	0	0	352	180	337	340	296	200	324	295	180	180	180	296	568	180	296	296	352	180	1773	240	367	1711	352	377	182	295	141	295	295	354	1773	1711	196	251	295	295	1742	340	295	256	296	296	180	296	568	220	1773	220	295	568	304	182	318
p26.E7	11	11	11	0	0	0	0	11	11	11	11	0	0	0	11	0	0	0	11	0	0	0	11	0	0	0	0	0	0	0	0	11	0	11	0	0	0	11	11	0	11	11	0	4	0	0	0	11	0	0	11	11	0	11	11	11	0	0	11	11	11	0	11	0	11	11	11	0	0	0	0	0	0	11	11	11	11	0	4	4	0	11	11	11	0	0	0	0	11	0	0	0	0	0	0	11	0	0	0	14	11	0	0	0	0	11	0	0	0	0	11	0	0	11	11	11	0	11	0	0	11	0	11	0	0	0	321	198	306	309	265	169	306	326	198	198	198	265	550	198	265	265	321	198	1711	258	398	1773	321	346	182	326	159	326	326	323	1711	1773	165	220	326	326	1680	309	326	238	265	265	198	265	550	220	1711	220	326	550	335	182	287
p27.D6	0	5	5	0	0	0	0	0	0	5	0	0	0	0	5	0	0	0	5	0	0	0	6	0	0	0	0	0	0	0	0	5	0	5	0	0	0	6	5	0	6	5	0	0	0	0	0	0	0	0	6	5	0	6	5	5	0	0	0	5	6	5	5	0	0	6	5	0	5	0	0	0	0	0	6	0	6	0	0	0	0	5	5	6	0	0	0	0	5	0	0	0	0	0	0	0	0	0	0	0	0	0	0	0	0	0	0	0	0	0	0	0	0	5	5	5	0	5	0	0	5	0	5	0	0	0	246	536	205	212	431	236	188	305	536	536	536	431	243	536	431	431	246	536	196	213	336	165	246	399	254	305	565	305	305	219	196	165	1215	440	305	305	196	212	305	231	431	431	536	431	243	148	196	148	305	243	556	254	433
p27.F2	11	16	16	0	0	0	0	11	11	16	11	0	0	0	16	0	0	0	16	0	0	0	17	0	0	0	0	0	0	0	0	16	0	16	0	0	0	17	16	0	17	16	0	4	0	0	0	11	0	0	17	16	0	17	16	16	0	0	11	16	17	5	16	0	11	17	16	0	5	0	0	0	0	11	17	11	17	0	4	4	0	16	16	17	0	0	0	0	16	0	0	0	0	0	0	11	0	0	0	14	11	0	0	0	0	11	0	0	0	0	11	0	0	16	16	16	0	16	0	0	16	0	16	0	0	0	1027	286	295	1020	282	891	209	309	286	286	286	282	308	286	282	282	1027	286	251	216	506	220	1027	618	675	309	286	309	309	291	251	220	440	1353	309	309	251	1020	309	493	282	282	286	282	308	342	251	342	309	308	304	675	674
p3.A3	11	11	11	0	0	0	0	11	11	11	11	0	0	0	11	0	0	0	11	0	0	0	11	0	0	0	0	0	0	0	0	11	0	11	0	0	0	11	11	0	11	11	0	4	0	0	0	11	0	0	11	11	0	11	11	11	0	0	11	11	11	0	11	0	11	11	11	0	0	0	0	0	0	11	11	11	11	0	4	4	0	11	11	11	0	0	0	0	11	0	0	0	0	0	0	11	0	0	0	14	11	0	0	0	0	11	0	0	0	0	11	0	0	11	11	11	0	11	0	0	11	0	11	0	0	0	286	410	995	252	221	231	179	1742	410	410	410	221	291	410	221	221	286	410	295	273	476	326	286	330	239	1773	348	1773	1773	987	295	326	305	309	1773	1773	295	252	1773	231	221	221	410	221	291	152	295	152	1773	291	416	239	281
p3.F12	11	11	11	0	0	0	0	11	11	11	11	0	0	0	11	0	0	0	11	0	0	0	11	0	0	0	0	0	0	0	0	11	0	11	0	0	0	11	11	0	11	11	0	4	0	0	0	11	0	0	11	11	0	11	11	11	0	0	11	11	11	0	11	0	11	11	11	0	0	0	0	0	0	11	11	11	11	0	4	4	0	11	11	11	0	0	0	0	11	0	0	0	0	0	0	11	0	0	0	14	11	0	0	0	0	11	0	0	0	0	11	0	0	11	11	11	0	11	0	0	11	0	11	0	0	0	286	410	995	252	221	231	179	1742	410	410	410	221	291	410	221	221	286	410	295	273	476	326	286	330	239	1773	348	1773	1773	987	295	326	305	309	1773	1773	295	252	1773	231	221	221	410	221	291	152	295	152	1773	291	416	239	281
p3.F8	11	16	16	0	0	0	0	11	11	16	11	0	0	0	16	0	0	0	16	0	0	0	17	0	0	0	0	0	0	0	0	16	0	16	0	0	0	17	16	0	17	16	0	4	0	0	0	11	0	0	17	16	0	17	16	16	0	0	11	16	17	5	16	0	11	17	16	0	5	0	0	0	0	11	17	11	17	0	4	4	0	16	16	17	0	0	0	0	16	0	0	0	0	0	0	11	0	0	0	14	11	0	0	0	0	11	0	0	0	0	11	0	0	16	16	16	0	16	0	0	16	0	16	0	0	0	352	180	337	340	296	200	324	295	180	180	180	296	568	180	296	296	352	180	1742	240	348	1680	352	358	182	295	141	295	295	354	1742	1680	196	251	295	295	1773	340	295	256	296	296	180	296	568	191	1742	191	295	568	304	182	299
p3.G9	11	16	16	0	0	0	0	11	11	16	11	0	0	0	16	0	0	0	16	0	0	0	17	0	0	0	0	0	0	0	0	16	0	16	0	0	0	17	16	0	17	16	0	4	0	0	0	11	0	0	17	16	0	17	16	16	0	0	11	16	17	5	16	0	11	17	16	0	5	0	0	0	0	11	17	11	17	0	4	4	0	16	16	17	0	0	0	0	16	0	0	0	0	0	0	11	0	0	0	14	11	0	0	0	0	11	0	0	0	0	11	0	0	16	16	16	0	16	0	0	16	0	16	0	0	0	1108	207	571	1353	408	888	230	252	207	207	207	408	244	207	408	408	1108	207	340	321	420	309	1108	412	646	252	176	252	252	457	340	309	212	1020	252	252	340	1353	252	482	408	408	207	408	244	352	340	352	252	244	276	646	372
p4.A6	11	11	11	0	0	0	0	11	11	11	11	0	0	0	11	0	0	0	11	0	0	0	11	0	0	0	0	0	0	0	0	11	0	11	0	0	0	11	11	0	11	11	0	4	0	0	0	11	0	0	11	11	0	11	11	11	0	0	11	11	11	0	11	0	11	11	11	0	0	0	0	0	0	11	11	11	11	0	4	4	0	11	11	11	0	0	0	0	11	0	0	0	0	0	0	11	0	0	0	14	11	0	0	0	0	11	0	0	0	0	11	0	0	11	11	11	0	11	0	0	11	0	11	0	0	0	286	410	995	252	221	231	179	1742	410	410	410	221	291	410	221	221	286	410	295	273	476	326	286	330	239	1773	348	1773	1773	987	295	326	305	309	1773	1773	295	252	1773	231	221	221	410	221	291	152	295	152	1773	291	416	239	281
p4.D2	11	13	13	0	0	0	0	11	11	13	11	0	0	0	13	0	0	0	13	0	0	0	13	0	0	0	0	0	0	0	0	13	0	13	0	0	0	13	13	0	13	13	0	4	0	0	0	11	0	0	13	13	0	13	13	13	0	0	11	13	13	2	13	0	11	13	13	0	2	0	0	0	0	11	13	11	13	0	4	4	0	13	13	13	0	0	0	0	13	0	0	0	0	0	0	11	0	0	0	14	11	0	0	0	0	11	0	0	0	0	11	0	0	13	13	13	0	13	0	0	13	0	13	0	0	0	653	226	248	482	277	592	381	231	226	226	226	277	417	226	277	277	653	226	256	312	248	238	653	229	696	231	226	231	231	320	256	238	231	493	231	231	256	482	231	1353	277	277	226	277	417	271	256	271	231	417	232	696	227
p4.E5	11	16	16	0	0	0	0	11	11	16	11	0	0	0	16	0	0	0	16	0	0	0	17	0	0	0	0	0	0	0	0	16	0	16	0	0	0	17	16	0	17	16	0	13	0	0	0	11	0	0	17	16	0	17	16	16	0	0	11	16	17	5	16	0	11	17	16	0	5	0	0	0	0	11	17	11	17	0	13	13	0	16	16	17	0	0	0	0	16	0	0	0	0	0	0	11	0	0	0	14	11	0	0	0	0	11	0	0	0	0	11	0	0	16	16	16	0	16	0	0	16	0	16	0	0	0	335	613	397	408	1215	208	253	221	613	613	613	1215	279	613	1215	1215	335	613	296	225	279	265	335	286	190	221	610	221	221	419	296	265	431	282	221	221	296	408	221	277	1215	1215	613	1215	279	191	296	191	221	279	704	190	245
p4.E6	11	16	16	0	0	0	0	11	11	16	11	0	0	0	16	0	0	0	16	0	0	0	17	0	0	0	0	0	0	0	0	16	0	16	0	0	0	17	16	0	17	16	0	13	0	0	0	11	0	0	17	16	0	17	16	16	0	0	11	16	17	5	16	0	11	17	16	0	5	0	0	0	0	11	17	11	17	0	13	13	0	16	16	17	0	0	0	0	16	0	0	0	0	0	0	11	0	0	0	14	11	0	0	0	0	11	0	0	0	0	11	0	0	16	16	16	0	16	0	0	16	0	16	0	0	0	335	613	397	408	1215	208	253	221	613	613	613	1215	279	613	1215	1215	335	613	296	225	279	265	335	286	190	221	610	221	221	419	296	265	431	282	221	221	296	408	221	277	1215	1215	613	1215	279	191	296	191	221	279	704	190	245
p5.C1	0	0	0	0	0	0	0	0	0	0	0	0	0	0	0	0	0	0	0	0	0	0	0	0	0	0	0	0	0	0	0	0	0	0	0	0	0	0	0	0	0	0	0	1	0	0	0	0	0	0	0	0	0	0	0	0	0	0	0	0	0	0	0	0	0	0	0	0	0	0	0	0	0	0	0	0	0	0	1	1	0	0	0	0	0	0	0	0	0	0	0	0	0	0	0	0	0	0	0	0	0	0	0	0	0	0	0	0	0	0	0	0	0	0	0	0	0	0	0	0	0	0	0	0	0	0	228	1215	192	207	613	198	168	410	1215	1215	1215	613	265	1215	613	613	228	1215	180	364	479	198	228	349	242	410	1153	410	410	194	180	198	536	286	410	410	180	207	410	226	613	613	1215	613	265	157	180	157	410	265	694	242	289
p5.C3	11	16	16	0	0	0	0	11	11	16	11	0	0	0	16	0	0	0	16	0	0	0	17	0	0	0	0	0	0	0	0	16	0	16	0	0	0	17	16	0	17	16	0	13	0	0	0	11	0	0	17	16	0	17	16	16	0	0	11	16	17	5	16	0	11	17	16	0	5	0	0	0	0	11	17	11	17	0	13	13	0	16	16	17	0	0	0	0	16	0	0	0	0	0	0	11	0	0	0	14	11	0	0	0	0	11	0	0	0	0	11	0	0	16	16	16	0	16	0	0	16	0	16	0	0	0	335	613	397	408	1215	208	253	221	613	613	613	1215	279	613	1215	1215	335	613	296	225	279	265	335	286	190	221	610	221	221	419	296	265	431	282	221	221	296	408	221	277	1215	1215	613	1215	279	191	296	191	221	279	704	190	245
p5.D5	11	13	13	0	0	0	0	11	11	13	11	0	0	0	13	0	0	0	13	0	0	0	13	0	0	0	0	0	0	0	0	13	0	13	0	0	0	13	13	0	13	13	0	4	0	0	0	11	0	0	13	13	0	13	13	13	0	0	11	13	13	2	13	0	11	13	13	0	2	0	0	0	0	11	13	11	13	0	4	4	0	13	13	13	0	0	0	0	13	0	0	0	0	0	0	11	0	0	0	14	11	0	0	0	0	11	0	0	0	0	11	0	0	13	13	13	0	13	0	0	13	0	13	0	0	0	346	265	319	244	279	277	286	291	265	265	265	279	1773	265	279	279	346	265	568	218	309	550	346	308	246	291	253	291	291	394	568	550	243	308	291	291	568	244	291	417	279	279	265	279	1773	226	568	226	291	1773	286	246	280
p5.H11	11	11	11	0	0	0	0	11	11	11	11	0	0	0	11	0	0	0	11	0	0	0	11	0	0	0	0	0	0	0	0	11	0	11	0	0	0	11	11	0	11	11	0	13	0	0	0	11	0	0	11	11	0	11	11	11	0	0	11	11	11	0	11	0	11	11	11	0	0	0	0	0	0	11	11	11	11	0	13	13	0	11	11	11	0	0	0	0	11	0	0	0	0	0	0	11	0	0	0	14	11	0	0	0	0	11	0	0	0	0	11	0	0	11	11	11	0	11	0	0	11	0	11	0	0	0	322	157	210	352	191	511	767	152	157	157	157	191	226	157	191	191	322	157	220	846	1133	220	322	932	428	152	168	152	152	233	220	220	148	342	152	152	191	352	152	271	191	191	157	191	226	1800	220	1800	152	226	182	428	950
p6.B9	11	16	16	0	0	0	0	11	11	16	11	0	0	0	16	0	0	0	16	0	0	0	17	0	0	0	0	0	0	0	0	16	0	16	0	0	0	17	16	0	17	16	0	4	0	0	0	11	0	0	17	16	0	17	16	16	0	0	11	16	17	5	16	0	11	17	16	0	5	0	0	0	0	11	17	11	17	0	4	4	0	16	16	17	0	0	0	0	16	0	0	0	0	0	0	11	0	0	0	14	11	0	0	0	0	11	0	0	0	0	11	0	0	16	16	16	0	16	0	0	16	0	16	0	0	0	352	180	337	340	296	200	324	295	180	180	180	296	568	180	296	296	352	180	1773	240	367	1711	352	377	182	295	141	295	295	354	1773	1711	196	251	295	295	1742	340	295	256	296	296	180	296	568	220	1773	220	295	568	304	182	318
p7.G11	11	11	11	0	0	0	0	11	11	11	11	0	0	0	11	0	0	0	11	0	0	0	11	0	0	0	0	0	0	0	0	11	0	11	0	0	0	11	11	0	11	11	0	13	0	0	0	11	0	0	11	11	0	11	11	11	0	0	11	11	11	0	11	0	11	11	11	0	0	0	0	0	0	11	11	11	11	0	13	13	0	11	11	11	0	0	0	0	11	0	0	0	0	0	0	11	0	0	0	14	11	0	0	0	0	11	0	0	0	0	11	0	0	11	11	11	0	11	0	0	11	0	11	0	0	0	322	157	210	352	191	511	767	152	157	157	157	191	226	157	191	191	322	157	220	846	1133	220	322	932	428	152	168	152	152	233	220	220	148	342	152	152	191	352	152	271	191	191	157	191	226	1800	220	1800	152	226	182	428	950
p8.B3	11	11	11	0	0	0	0	11	11	11	11	0	0	0	11	0	0	0	11	0	0	0	11	0	0	0	0	0	0	0	0	11	0	11	0	0	0	11	11	0	11	11	0	4	0	0	0	11	0	0	11	11	0	11	11	11	0	0	11	11	11	0	11	0	11	11	11	0	0	0	0	0	0	11	11	11	11	0	4	4	0	11	11	11	0	0	0	0	11	0	0	0	0	0	0	11	0	0	0	14	11	0	0	0	0	11	0	0	0	0	11	0	0	11	11	11	0	11	0	0	11	0	11	0	0	0	286	410	995	252	221	231	179	1742	410	410	410	221	291	410	221	221	286	410	295	273	476	326	286	330	239	1773	348	1773	1773	987	295	326	305	309	1773	1773	295	252	1773	231	221	221	410	221	291	152	295	152	1773	291	416	239	281
p8.B9	11	13	13	0	0	0	0	11	11	13	11	0	0	0	13	0	0	0	13	0	0	0	13	0	0	0	0	0	0	0	0	13	0	13	0	0	0	13	13	0	13	13	0	4	0	0	0	11	0	0	13	13	0	13	13	13	0	0	11	13	13	2	13	0	11	13	13	0	2	0	0	0	0	11	13	11	13	0	4	4	0	13	13	13	0	0	0	0	13	0	0	0	0	0	0	11	0	0	0	14	11	0	0	0	0	11	0	0	0	0	11	0	0	13	13	13	0	13	0	0	13	0	13	0	0	0	346	265	319	244	279	277	286	291	265	265	265	279	1773	265	279	279	346	265	568	218	309	550	346	308	246	291	253	291	291	394	568	550	243	308	291	291	568	244	291	417	279	279	265	279	1773	226	568	226	291	1773	286	246	280
p8.C7	11	11	11	0	0	0	0	11	11	11	11	0	0	0	11	0	0	0	11	0	0	0	11	0	0	0	0	0	0	0	0	11	0	11	0	0	0	11	11	0	11	11	0	4	0	0	0	11	0	0	11	11	0	11	11	11	0	0	11	11	11	0	11	0	11	11	11	0	0	0	0	0	0	11	11	11	11	0	4	4	0	11	11	11	0	0	0	0	11	0	0	0	0	0	0	11	0	0	0	14	11	0	0	0	0	11	0	0	0	0	11	0	0	11	11	11	0	11	0	0	11	0	11	0	0	0	285	694	261	276	704	261	166	416	694	694	694	704	286	694	704	704	285	694	304	229	422	335	285	321	212	416	632	416	416	266	304	335	556	304	416	416	304	276	416	232	704	704	694	704	286	182	304	182	416	286	1215	212	276
p8.E4	11	11	11	0	0	0	0	11	11	11	11	0	0	0	11	0	0	0	11	0	0	0	11	0	0	0	0	0	0	0	0	11	0	11	0	0	0	11	11	0	11	11	0	4	0	0	0	11	0	0	11	11	0	11	11	11	0	0	11	11	11	0	11	0	11	11	11	0	0	0	0	0	0	11	11	11	11	0	4	4	0	11	11	11	0	0	0	0	11	0	0	0	0	0	0	11	0	0	0	14	11	0	0	0	0	11	0	0	0	0	11	0	0	11	11	11	0	11	0	0	11	0	11	0	0	0	604	242	226	646	190	878	330	239	242	242	242	190	246	242	190	190	604	242	182	478	298	182	604	267	1353	239	266	239	239	178	182	182	254	675	239	239	182	646	239	696	190	190	242	190	246	428	182	428	239	246	212	1353	295
p8.H7	0	5	5	0	0	0	0	0	0	5	0	0	0	0	5	0	0	0	5	0	0	0	6	0	0	0	0	0	0	0	0	5	0	5	0	0	0	6	5	0	6	5	0	1	0	0	0	0	0	0	6	5	0	6	5	5	0	0	0	5	6	5	5	0	0	6	5	0	5	0	0	0	0	0	6	0	6	0	1	1	0	5	5	6	0	0	0	0	5	0	0	0	0	0	0	0	0	0	0	0	0	0	0	0	0	0	0	0	0	0	0	0	0	5	5	5	0	5	0	0	5	0	5	0	0	0	388	289	227	372	245	345	765	281	289	289	289	245	280	289	245	245	388	289	318	775	1160	287	388	1683	295	281	289	281	281	254	318	287	433	674	281	281	299	372	281	227	245	245	289	245	280	950	318	950	281	280	276	295	1800
