	Pseudomonas_syringae_1188_1_11471_NZ_RBPG01000002	Pseudomonas_syringae_1845_4123_NZ_LYUP01000021	Pseudomonas_syringae_2507_4122_NZ_LYUO01000008	Pseudomonas_syringae_260-02_11495_NZ_MLFM01000009	Pseudomonas_syringae_2675C_6916_NZ_MLEX01000022	Pseudomonas_syringae_2676C_6925_NZ_MLEY01000018	Pseudomonas_syringae_31R1_5320_NZ_LT629769	Pseudomonas_syringae_44527_20732_NZ_JARNJB010000018	Pseudomonas_syringae_5264_5873_NZ_NBAQ01000017	Pseudomonas_syringae_7928A_6990_NZ_NBAL01000010	Pseudomonas_syringae_BIM_B-268_17583_NZ_CP068034	Pseudomonas_syringae_BRIP34881_444_NZ_KB316543	Pseudomonas_syringae_BRIP39023_442_NZ_KB316296	Pseudomonas_syringae_BRIP65014-c_20724_NZ_JAJISW010000012	Pseudomonas_syringae_BS0292_5537_NZ_FOVV01000019	Pseudomonas_syringae_BS2732_5563_NZ_FOTU01000003	Pseudomonas_syringae_BS2900_5075_NZ_FNPP01000004	Pseudomonas_syringae_BS3827_5522_NZ_FOQB01000010	Pseudomonas_syringae_BS3829_5514_NZ_FOPR01000011	Pseudomonas_syringae_CAS02_17541_NZ_CP032459	Pseudomonas_syringae_CC1557_3076_NZ_CP007014	Pseudomonas_syringae_CC457_20754_NZ_CP127246	Pseudomonas_syringae_CFBP_2116_6934_NZ_LT985192	Pseudomonas_syringae_CFBP_8692_12247_NZ_WJSF01000010	Pseudomonas_syringae_Dortyol_2015_6_17564_NZ_JAEIKC010000017	Pseudomonas_syringae_Dr_447_1_17557_NZ_JAEIKL010000026	Pseudomonas_syringae_Erdemli_3_17569_NZ_JAEIJX010000050	Pseudomonas_syringae_Erdemli_6_17567_NZ_JAEIJZ010000010	Pseudomonas_syringae_Erzin_1_17571_NZ_JAEIJV010000042	Pseudomonas_syringae_Erzin_2_17572_NZ_JAEIJW010000011	Pseudomonas_syringae_ICMP_11293_3802_NZ_LKEP01000002	Pseudomonas_syringae_ICMP_4122_6689_NZ_LKBX01000039	Pseudomonas_syringae_KCTC_12500_26106_NZ_AYTM02000002	Pseudomonas_syringae_KF529_17593_NZ_CP074409	Pseudomonas_syringae_Karpuz_1_hishtil_a_17552_NZ_JAEILI010000040	Pseudomonas_syringae_Kozan_2015_1_17562_NZ_JAEIKF010000024	Pseudomonas_syringae_LMG5095_7342_NZ_CP028490	Pseudomonas_syringae_M11_20731_NZ_JAROCH010000010	Pseudomonas_syringae_MB03_4121_NZ_LAGV01000047	Pseudomonas_syringae_MUP17_20728_NZ_CP110807	Pseudomonas_syringae_MUP20_20716_NZ_CP110808	Pseudomonas_syringae_MUP32_20727_NZ_CP110809	Pseudomonas_syringae_NCPPB_3871_5835_NZ_LKEN01000002	Pseudomonas_syringae_NZ45_6142_NZ_MTZF01000001	Pseudomonas_syringae_P108_12228_NZ_VLIA01000012	Pseudomonas_syringae_P121_12232_NZ_VLIE01000021	Pseudomonas_syringae_P78_12243_NZ_WJPU01000012	Pseudomonas_syringae_PA-1-11B_17691_NZ_WJYR01000030	Pseudomonas_syringae_PA-2-9E_17695_NZ_CP066265	Pseudomonas_syringae_PA-5-3F_17693_NZ_WKCY01000048	Pseudomonas_syringae_PA-5-3G_17692_NZ_WKCZ01000015	Pseudomonas_syringae_PsA1M246_17694_NZ_JAKMVN010000019	Pseudomonas_syringae_Pss9654_5872_NZ_MLES01000028	Pseudomonas_syringae_Pss9656_6144_NZ_MLEM01000010	Pseudomonas_syringae_Psy33_20718_NZ_CP036493	Pseudomonas_syringae_R1079_7297_NZ_NQWX01000016	Pseudomonas_syringae_RAYR-BL_17598_NZ_JAHZNS010000008	Pseudomonas_syringae_RMP66_6987_NZ_NHST01000045	Pseudomonas_syringae_SHV1866_17586_NZ_JAHARV010000001	Pseudomonas_syringae_SHV323_17590_NZ_JAHARZ010000001	Pseudomonas_syringae_SV1599_17591_NZ_JAHARU010000001	Pseudomonas_syringae_SV921_17588_NZ_JAHARY010000002	Pseudomonas_syringae_Sevgi_fide_PST_17555_NZ_JAEIKN010000010	Pseudomonas_syringae_StP26_17597_NZ_CP075880	Pseudomonas_syringae_Susan2139_17596_NZ_CP074578	Pseudomonas_syringae_Susan762_17594_NZ_CP074411	Pseudomonas_syringae_Tule1434_17592_NZ_JAHARX010000001	Pseudomonas_syringae_Tule230_17587_NZ_JAHARW010000001	Pseudomonas_syringae_U643_17595_NZ_CP074410	Pseudomonas_syringae_U888_17589_NZ_JAHASA010000001	Pseudomonas_syringae_UB303_12214_NZ_CP047267	Pseudomonas_syringae_UMAF0158_3878_NZ_CP005970	Pseudomonas_syringae_USA011_12213_NZ_CP045799	Pseudomonas_syringae_isolate_CFBP2118_5951_NZ_LT962481	Pseudomonas_syringae_isolate_CFBP3840_6707_NZ_LT963409	Pseudomonas_syringae_isolate_CFBP4215_6752_NZ_LT962480	Pseudomonas_syringae_isolate_CFBP6109_6963_NZ_LT963391	Pseudomonas_syringae_psy100_6403_NZ_MLEV01000005	Pseudomonas_syringae_pv_actinidiae_PSAAH01_20743_NZ_CP116478	Pseudomonas_syringae_pv_actinidiae_str_Shaanxi_M228_11439_NZ_CP032631	Pseudomonas_syringae_pv_actinidifoliorum_ICMP_18803_20753_NZ_CP081457	Pseudomonas_syringae_pv_aptata_G733_11468_NZ_RBOI01000041	Pseudomonas_syringae_pv_avellanae_ISPaVe037_292_NZ_JH951894	Pseudomonas_syringae_pv_avellanae_str_ISPaVe013_26105_NZ_JH951849	Pseudomonas_syringae_pv_cilantro_0788_9_3786_NZ_LGLN01000010	Pseudomonas_syringae_pv_dysoxyli_CFBP_2356_12226_NZ_VLHW01000015	Pseudomonas_syringae_pv_helianthi_LMG_5067_14836_NZ_CP092918	Pseudomonas_syringae_pv_lapsa_ATCC_10859_3811_NZ_CP013183	Pseudomonas_syringae_pv_lapsa_PslA1M171_17765_NZ_JAKMVE010000009	Pseudomonas_syringae_pv_maculicola_M4a_3822_NZ_LGLE01000004	Pseudomonas_syringae_pv_maculicola_YM7930_3817_NZ_LGLD01000029	Pseudomonas_syringae_pv_maculicola_str_ES4326_12204_NZ_CP047260	Pseudomonas_syringae_pv_papulans_PSP1_20741_NZ_JAFFRZ010000001	Pseudomonas_syringae_pv_syringae_2339_3881_NZ_LIHU01000021	Pseudomonas_syringae_pv_syringae_2340_3879_NZ_LIHT01000078	Pseudomonas_syringae_pv_syringae_41a_3079_NZ_JYHJ01000011	Pseudomonas_syringae_pv_syringae_529_11454_NZ_QPBJ01000022	Pseudomonas_syringae_pv_syringae_Alf3_2478_NZ_KL995102	Pseudomonas_syringae_pv_syringae_B301D_3084_NZ_CP005969	Pseudomonas_syringae_pv_syringae_B48_20739_NZ_CP125300	Pseudomonas_syringae_pv_syringae_B64_281_NZ_CM001763	Pseudomonas_syringae_pv_syringae_B728a_112_NC_007005	Pseudomonas_syringae_pv_syringae_EC33_20735_NZ_JAGSOX010000017	Pseudomonas_syringae_pv_syringae_HO7_20736_NZ_JARNIY010000011	Pseudomonas_syringae_pv_syringae_HS191_3083_NZ_CP006256	Pseudomonas_syringae_pv_syringae_Pss9644_17750_NZ_CP066263	Pseudomonas_syringae_pv_syringae_PssA1M140_20740_NZ_JAKMAG010000016	Pseudomonas_syringae_pv_syringae_PssA1M197_17707_NZ_JAKMVF010000007	Pseudomonas_syringae_pv_syringae_PssA1M201_17710_NZ_JAKMVI010000020	Pseudomonas_syringae_pv_syringae_PssA1M250_17721_NZ_JAKMVP010000021	Pseudomonas_syringae_pv_syringae_PssA1M262_17714_NZ_JAKMVV010000011	Pseudomonas_syringae_pv_syringae_S2_2_20738_NZ_JARNIX010000035	Pseudomonas_syringae_pv_syringae_SM_282_NZ_CM001986	Pseudomonas_syringae_pv_syringae_UMAF0176_17744_NZ_JAJPOK010000010	Pseudomonas_syringae_pv_syringae_UMAF0271_17740_NZ_JAJPOF010000013	Pseudomonas_syringae_pv_syringae_UMAF0297_17737_NZ_JAJPOD010000011	Pseudomonas_syringae_pv_syringae_UMAF1003_17741_NZ_JAJPOJ010000013	Pseudomonas_syringae_pv_syringae_UMAF1013_17734_NZ_JAJPOC010000013	Pseudomonas_syringae_pv_syringae_UMAF2016_17739_NZ_JAJPOG010000015	Pseudomonas_syringae_pv_syringae_UMAF2600_17732_NZ_JAJPOA010000013	Pseudomonas_syringae_pv_syringae_UMAF2801_17738_NZ_JAJPOH010000009	Pseudomonas_syringae_pv_syringae_UMAF2815_17736_NZ_JAJPNZ010000006	Pseudomonas_syringae_pv_syringae_UMAF3028_17702_NZ_JACTWB010000009	Pseudomonas_syringae_pv_syringae_UMAF7000_17735_NZ_JAJPNY010000012	Pseudomonas_syringae_pv_tagetis_ICMP_4091_14835_NZ_CP092923	Pseudomonas_syringae_pv_tomato_BRIP38746_11422_NZ_SNVG01000020	p1.G2	p12.A11	p12.E2	p12.G7	p13.C1	p13.D10	p13.F3	p20.D4	p20.F10	p20.G9	p21.A8	p21.E3	p21.F1	p21.F9	p22.A8	p22.B5	p22.C1	p22.D1	p22.D4	p23.A3	p23.B2	p23.B8	p24.B5	p24.H2	p25.A12	p25.B2	p25.C11	p25.C2	p25.D2	p26.B7	p26.D6	p26.E7	p27.D6	p27.F2	p3.A3	p3.F12	p3.F8	p3.G9	p4.A6	p4.D2	p4.E5	p4.E6	p5.C1	p5.C3	p5.D5	p5.H11	p6.B9	p7.G11	p8.B3	p8.B9	p8.C7	p8.E4	p8.H7
Pseudomonas_syringae_1188_1_11471_NZ_RBPG01000002	19066	12531	12069	7260	6578	6903	6835	12465	12385	9552	8990	12303	7380	10094	13989	922	912	12870	12626	7221	1142	10502	4579	6970	11794	11806	11832	12306	12797	12373	7021	11675	11916	12342	10084	11832	11935	9424	11783	12441	12271	12178	6726	927	12776	10502	7016	12442	1457	8608	9082	7150	7083	12419	12966	8835	887	7115	13171	14467	12933	12502	12914	13195	12002	12799	13269	12858	12471	12883	6892	6858	6305	6700	4579	6576	4521	7134	927	927	966	7122	8762	9388	900	6786	1826	8912	11724	887	975	975	6507	6954	6714	13497	6378	13281	6991	7059	11848	6946	11966	6681	12007	6429	6611	6845	6982	6795	6742	6709	12166	6884	7203	7071	6739	7001	7087	6902	7366	6928	7445	7135	1860	887	122	133	140	109	110	101	152	133	133	133	133	110	174	133	110	110	128	146	136	169	189	150	129	182	104	146	146	146	146	137	120	150	180	155	146	146	136	144	146	123	110	110	146	110	174	127	136	127	146	174	127	104	152
Pseudomonas_syringae_1845_4123_NZ_LYUP01000021	12531	20332	13859	6738	6687	6785	6547	12013	11305	9242	8891	13677	7067	9342	12104	918	901	11507	11824	6795	1158	9558	4134	6679	10554	14329	11924	11396	11323	11345	6909	10876	12204	11186	9311	11924	13735	10334	13903	13574	12549	11794	6662	859	11835	9558	6695	13162	1551	8537	8796	6914	6886	13310	11916	10058	763	6672	12731	11736	11771	11566	11676	12066	12221	11671	11972	11999	11557	11979	6600	6758	6335	6539	4134	6292	4421	6793	859	859	939	6838	8546	8901	1045	6630	1888	10053	11190	1069	923	923	6471	6647	6452	12114	6316	12536	6754	6918	14126	6715	11528	6722	11092	6195	6439	6562	6844	6520	6509	6480	12185	6842	7035	6755	6538	6754	6715	6793	7022	6664	7057	6810	1930	1069	136	136	142	113	121	112	158	136	136	136	136	121	170	136	121	121	137	136	142	169	173	160	143	162	112	136	136	136	136	145	126	160	160	169	136	136	142	147	136	132	121	121	136	121	170	136	142	136	136	170	123	112	149
Pseudomonas_syringae_2507_4122_NZ_LYUO01000008	12069	13859	20059	6879	6664	6955	6691	11737	11311	9136	9142	14609	6955	9480	11832	946	916	11691	11695	6905	1068	9390	4320	6812	10891	15220	11478	11168	11251	11247	6597	10816	12320	11180	9470	11478	13975	10269	14843	14492	12741	11229	6592	893	11827	9390	6841	12802	1580	8888	8864	6613	6875	13401	11054	9889	818	6789	13220	11435	11631	11581	11146	11859	12689	11533	11246	11805	11572	11779	6838	6385	6276	6781	4333	6457	4358	6831	893	893	963	6780	8429	8669	1064	6430	1758	9880	11316	1042	1035	1035	6247	6706	6526	11725	6312	12445	6952	7068	14873	6861	11634	6827	11494	6385	6400	6826	6863	6539	6679	6557	12291	6590	6810	6833	6625	6627	6781	6629	7082	6853	6919	6873	1793	1042	124	136	140	115	105	101	155	129	136	136	136	105	168	136	105	105	126	150	139	155	171	158	131	169	104	150	150	150	150	144	123	158	156	157	150	150	139	142	150	121	105	105	150	105	168	123	139	123	150	168	121	104	146
Pseudomonas_syringae_260-02_11495_NZ_MLFM01000009	7260	6738	6879	20719	6717	6835	16995	6808	6928	7498	7467	7408	16931	11475	7234	779	833	7261	7627	19955	1102	10528	6846	17192	7568	7376	7005	7394	7635	7706	16498	6984	7389	7014	11475	7005	6930	7635	6808	7313	6879	6842	16941	851	7005	10528	17223	6893	1399	7402	7531	16482	6416	7243	7070	7863	694	17551	7127	7070	7317	6875	6663	6910	6888	7188	7009	7131	6864	7088	6669	15176	6117	6209	6846	6492	7271	16622	851	851	937	15889	7968	7402	878	15308	2057	5095	7196	826	853	853	15190	6755	6685	7297	6436	6921	6145	6279	7015	6440	7079	6650	8844	6289	6172	6585	6239	6487	6394	6542	6893	15871	15697	15794	16640	15894	16556	15401	16299	17167	15730	17487	2001	826	131	122	130	103	147	81	110	126	122	122	122	147	124	122	147	147	106	122	100	137	148	124	138	115	95	122	122	122	122	130	84	124	101	152	122	122	100	122	122	128	147	147	122	147	124	123	100	123	122	124	104	95	127
Pseudomonas_syringae_2675C_6916_NZ_MLEX01000022	6578	6687	6664	6717	21318	16459	6903	6840	7091	7029	7967	7302	6952	7140	6995	883	1000	7220	6948	6711	1210	6837	4315	6727	7921	7440	8069	8146	8288	8360	6343	6678	7827	6731	7129	8069	7049	7196	6772	7299	6860	6876	6773	926	6735	6837	6736	7288	1321	7318	7227	6393	14871	7131	6848	7159	899	6512	6532	6854	7138	6845	6555	6824	6744	7009	6830	7127	6833	6856	15431	6207	14967	15628	4328	15261	4069	6574	926	926	1029	6317	6897	7088	1000	6418	2236	5131	6801	900	978	978	6285	15531	15258	7214	16646	6955	14426	13625	6739	14700	8109	16223	7527	14664	14829	14745	14213	15176	14250	15396	7081	6430	6110	6328	6786	6216	6803	6508	6739	6661	6204	7097	2158	900	156	151	175	132	156	145	177	149	151	151	151	156	184	151	156	156	159	151	151	196	206	185	178	193	146	149	151	149	149	182	141	185	190	201	149	149	151	154	149	151	156	156	151	156	184	164	151	164	149	184	171	146	156
Pseudomonas_syringae_2676C_6925_NZ_MLEY01000018	6903	6785	6955	6835	16459	22473	7254	6866	6906	7374	8158	7910	7278	7698	7158	975	988	7298	7002	6892	1290	7495	4394	6771	8094	8103	8735	9005	8902	9199	6653	6940	8388	6905	7687	8735	7333	7372	7086	7844	6802	7059	7166	1025	6673	7495	6797	7070	1435	7316	7333	6627	16248	7075	7082	7585	929	6866	6831	6964	7323	6929	6680	6932	6876	7190	7097	7010	6898	6815	17194	6743	16932	15538	4407	15227	4069	6907	1025	1025	1112	6559	7103	7251	1025	6822	2342	5047	7042	928	1106	1106	6638	15666	15477	7355	15482	7025	14444	14474	6942	14955	8654	17391	8128	15018	15257	16481	14889	15816	15797	17765	7185	6639	6416	6537	7214	6456	7154	7003	6890	6978	6387	7465	2354	941	172	152	186	125	160	160	167	148	152	152	152	160	186	152	160	160	152	152	150	198	218	178	187	188	153	155	152	155	155	193	134	178	171	217	155	155	150	160	155	148	160	160	152	160	186	173	150	173	155	186	177	153	155
Pseudomonas_syringae_31R1_5320_NZ_LT629769	6835	6547	6691	16995	6903	7254	22346	6725	6831	7442	7538	7182	18163	10814	6977	777	957	7096	7474	16845	1158	9887	6854	16994	7078	7109	6982	7078	7388	7522	17881	6778	7196	6827	10793	6982	6925	7474	6362	7135	6738	6764	19476	957	6836	9887	17025	6906	1385	7161	7449	15811	6385	6945	6953	7700	722	16549	6787	6780	7146	6709	6570	6744	6769	7017	6875	7018	6698	6910	6829	17574	6769	6227	6854	6591	7192	17974	957	957	1033	15962	7687	7187	835	17360	2090	4967	7264	901	937	937	16284	7096	7014	7139	6685	6775	6066	6360	7000	6496	6866	6837	8970	6385	6231	6821	6295	6732	6519	6941	6969	15572	15522	16725	20569	15629	19046	17269	15860	16879	15861	18904	2033	925	153	130	131	116	157	86	128	134	130	130	130	157	140	130	157	157	119	130	109	144	166	137	148	128	105	130	130	130	130	140	93	137	119	162	130	130	109	130	130	136	157	157	130	157	140	140	109	140	130	140	105	105	134
Pseudomonas_syringae_44527_20732_NZ_JARNJB010000018	12465	12013	11737	6808	6840	6866	6725	19242	14805	9559	9280	11959	7089	9580	12214	978	930	13131	15031	6832	1196	10101	4221	6941	11446	11750	11941	11657	12339	12043	6933	13176	11770	12642	9549	11941	11879	9456	11718	12051	13166	12798	6715	933	13374	10101	6995	15520	1572	8616	9453	6991	6727	15274	11961	8943	868	6793	12875	12535	12563	14244	12610	12294	12548	12403	12143	13840	14213	13504	6790	6678	6552	6862	4234	6753	4452	7012	933	933	1037	6988	8971	9889	935	6731	1892	9972	11778	929	988	976	6329	6796	6613	12835	6297	13328	6585	6726	11590	6977	11928	6778	11734	6538	6738	6735	6649	6608	6799	6636	12607	6772	6913	6990	6701	6809	6931	6881	7214	6942	7019	7061	1918	929	140	135	162	129	137	113	160	141	135	135	135	137	152	135	137	137	138	135	140	171	175	162	155	164	130	141	135	141	141	169	124	162	160	187	141	141	140	148	141	147	137	137	135	137	152	141	140	141	141	152	127	130	162
Pseudomonas_syringae_5264_5873_NZ_NBAQ01000017	12385	11305	11311	6928	7091	6906	6831	14805	19273	9624	9768	11829	7204	9753	12393	962	932	13455	14071	6949	1145	10142	4573	7016	12023	11491	11633	11355	12297	11897	6923	13098	12121	13002	9743	11633	11712	9380	11245	11786	14533	12422	6891	948	13345	10142	7070	14161	1610	8770	9665	7086	6848	14799	12501	9077	798	6869	13692	12861	13224	13937	12535	12828	13097	13077	12487	13796	13926	13493	6870	6804	6650	7040	4586	6890	4866	7032	948	948	1056	7012	9151	10163	987	6861	2014	10149	11526	904	955	943	6407	7124	7025	13716	6510	12820	6861	6882	11464	7199	11556	7007	11305	6773	6799	6823	6939	6701	6986	6703	11714	6724	6892	7041	6801	6809	7044	6959	7219	6775	6995	7026	2065	904	134	144	162	127	131	107	169	143	144	144	144	131	152	144	131	131	134	139	149	165	177	162	149	162	124	145	139	145	145	170	133	162	153	181	145	145	149	150	145	143	131	131	139	131	152	137	149	137	145	152	127	124	153
Pseudomonas_syringae_7928A_6990_NZ_NBAL01000010	9552	9242	9136	7498	7029	7374	7442	9559	9624	19450	10235	9529	7829	8612	9352	883	896	9716	10085	7654	1223	8389	4879	7377	9737	9506	9096	9352	9427	9156	7539	10255	9242	9028	8605	9096	9470	13431	9500	9462	9371	9885	7534	951	9493	8389	7425	9860	1421	12480	12194	7740	7253	9727	9911	12556	810	7535	9237	9561	9373	9420	9116	9286	9605	9275	9692	9786	9389	9627	7241	7533	6841	7438	4890	7346	4974	7614	951	951	979	7744	11750	12394	862	7442	2048	6533	9652	852	937	937	6865	7219	7099	10274	6826	9758	6997	7169	9235	7447	9280	7266	9322	7298	7499	7171	6971	7052	7399	7215	9593	7552	7746	7646	7479	7634	7413	7590	7842	7659	7624	7527	1957	852	148	126	141	100	120	104	169	122	126	126	126	120	169	126	120	120	120	121	156	187	183	164	158	166	105	121	121	121	121	146	141	164	155	181	121	121	156	135	121	116	120	120	121	120	169	123	156	123	121	169	154	105	130
Pseudomonas_syringae_BIM_B-268_17583_NZ_CP068034	8990	8891	9142	7467	7967	8158	7538	9280	9768	10235	19249	9372	7855	8377	9544	985	982	9219	10187	7518	1378	8165	4616	7602	10071	9522	8880	9005	9073	9333	7482	9389	9558	9378	8346	8880	9488	9953	9057	9355	9351	9623	7677	1061	9389	8165	7663	9784	1461	9580	10117	7571	7778	10036	9740	10085	848	7502	9349	9702	9689	9283	9412	9099	9189	9564	9769	9674	9252	9507	7845	7416	7698	7780	4633	7809	4706	7583	1061	1061	1115	7725	9775	9727	989	7464	2283	6906	9366	990	981	981	7076	7919	7742	9701	7376	9324	7639	8130	9130	8384	9084	7919	9054	7724	7742	7830	7570	7685	7767	8112	9236	7435	7629	7661	7523	7471	7782	7641	7880	7459	7506	7651	2248	990	168	151	184	144	154	125	176	146	151	151	151	154	158	151	154	154	146	146	150	171	178	167	182	166	156	141	146	141	141	197	135	167	162	201	141	141	150	148	141	160	154	154	146	154	158	169	150	169	141	158	131	156	160
Pseudomonas_syringae_BRIP34881_444_NZ_KB316543	12303	13677	14609	7408	7302	7910	7182	11959	11829	9529	9372	22162	7440	11572	11833	1036	968	12456	12415	7416	1188	11450	4454	7249	11494	19013	13662	13365	13519	13413	6990	11341	14997	11711	11562	13662	15456	10093	13810	21184	13092	11633	7155	955	11825	11450	7303	13555	1514	8653	9190	7139	6663	14097	11641	9843	859	7268	13019	12038	11982	11702	11602	11622	13045	11853	11797	11967	11684	11973	7337	7064	7435	6817	4454	6608	4696	7195	955	955	1025	7208	8852	9321	1129	7025	1926	10650	11979	1063	1095	1095	6664	7188	6958	12415	6659	12344	6870	6849	16847	6960	13166	7252	13670	6479	6682	7350	6786	7095	6718	7755	12231	6961	7186	7212	7152	7068	7349	7174	7283	7211	6960	7455	1942	1068	136	150	140	129	122	113	169	143	150	150	150	122	176	150	122	122	138	145	141	183	193	172	143	180	116	149	145	149	149	156	125	172	167	169	149	149	141	154	149	133	122	122	145	122	176	137	141	137	149	176	137	116	143
Pseudomonas_syringae_BRIP39023_442_NZ_KB316296	7380	7067	6955	16931	6952	7278	18163	7089	7204	7829	7855	7440	22329	11556	7346	825	906	7117	7845	17095	1135	10491	6919	17363	7293	7472	7270	7194	7999	7820	18295	7232	7435	7212	11535	7270	7134	7710	6821	7353	7133	7126	18218	966	7101	10491	17394	7140	1364	7385	7670	15746	6472	7395	7266	7906	707	17722	7230	7311	7487	7046	6775	7139	7191	7382	7209	7217	7019	7196	6868	17075	6816	6369	6919	6630	7371	17553	966	966	1026	15968	8004	7420	912	16707	2115	5108	7306	916	916	916	16252	7037	6978	7520	6651	7188	6180	6351	7062	6596	7315	6851	8836	6343	6220	6812	6255	6709	6423	6961	7009	14980	15680	15687	17951	15475	18797	17796	15832	16426	16009	18453	2042	940	143	126	132	98	146	78	131	116	126	126	126	146	141	126	146	146	108	121	121	133	162	135	144	131	97	121	121	121	121	139	105	135	115	158	121	121	121	112	121	122	146	146	121	146	141	123	121	123	121	141	115	97	117
Pseudomonas_syringae_BRIP65014-c_20724_NZ_JAJISW010000012	10094	9342	9480	11475	7140	7698	10814	9580	9753	8612	8377	11572	11556	21030	10067	896	837	10188	10242	11546	1154	18060	5502	10853	9829	11338	11472	11727	12219	12116	11143	9564	11606	9696	20999	11472	9875	8444	9312	11320	9426	9823	11169	871	9827	18078	10868	10082	1464	8313	8660	11064	6964	9796	10206	8884	740	11289	9667	9891	10271	9903	9501	9949	9301	10111	10182	10038	9894	9975	7097	10786	7308	6876	5505	6948	5455	11114	871	871	927	10997	8437	8558	940	10740	1829	6854	9584	806	927	927	10498	7291	7178	10032	7046	9902	6749	6978	9814	7034	11649	7117	15033	6990	6904	7036	6949	6857	7047	7438	10243	10437	10869	10716	10843	10629	10965	11082	10940	10885	10631	11032	1859	811	132	138	139	114	118	108	154	128	138	138	138	118	172	138	118	118	134	133	135	176	187	158	139	175	110	133	133	133	133	152	119	158	158	165	133	133	135	144	133	129	118	118	133	118	172	131	135	131	133	172	132	110	136
Pseudomonas_syringae_BS0292_5537_NZ_FOVV01000019	13989	12104	11832	7234	6995	7158	6977	12214	12393	9352	9544	11833	7346	10067	19066	932	943	12304	12783	7205	1209	10234	4487	7046	11186	11763	11535	11459	12215	11803	7172	11487	12303	12064	10036	11535	11908	9299	11583	11715	11994	11923	7089	905	12934	10234	7080	12390	1586	8827	9015	7398	7254	11903	12520	9116	820	7076	12678	13202	12900	12575	13251	12651	11586	12771	12723	13083	12544	13083	6886	6890	6649	7159	4487	6856	4559	7349	905	905	997	7305	8967	8984	913	7082	1806	8887	12275	928	962	962	6805	7043	6814	12800	6562	12806	7018	7170	11727	7077	11882	6954	11983	6710	6839	6836	7031	6793	6913	6954	12793	7140	7340	7331	6968	7055	7274	7170	7605	7275	7415	7365	1861	928	115	120	123	92	114	86	135	118	120	120	120	114	165	120	114	114	111	120	111	162	162	135	118	148	104	118	120	118	118	132	95	135	142	150	118	118	111	121	118	110	114	114	120	114	165	123	111	123	118	165	112	104	118
Pseudomonas_syringae_BS2732_5563_NZ_FOTU01000003	922	918	946	779	883	975	777	978	962	883	985	1036	825	896	932	20673	2173	913	1003	751	1367	961	964	774	894	1008	979	910	933	979	909	909	916	937	896	979	872	983	985	981	955	1002	802	2600	855	961	774	979	1496	1027	1024	832	1007	998	916	912	1362	751	943	974	952	861	908	873	964	879	926	895	852	889	925	850	994	892	964	965	974	845	2609	2600	2775	847	954	936	4989	791	1027	959	981	2208	6835	6844	768	932	927	982	829	944	924	950	943	927	942	914	938	993	977	871	928	1060	885	1013	936	826	840	843	789	846	866	750	833	820	837	840	1010	2206	109	110	129	125	121	110	128	113	110	110	110	121	131	110	121	121	121	110	137	152	148	156	121	136	129	113	110	113	113	136	137	156	131	143	113	113	137	131	113	103	121	121	110	121	131	115	137	115	113	131	142	129	121
Pseudomonas_syringae_BS2900_5075_NZ_FNPP01000004	912	901	916	833	1000	988	957	930	932	896	982	968	906	837	943	2173	20250	913	899	805	1029	913	1094	894	870	948	874	827	930	923	932	859	887	888	837	874	847	953	969	917	903	928	918	6221	850	913	894	947	1398	932	916	916	980	919	878	874	1588	794	845	953	898	830	846	888	923	816	890	892	821	892	943	950	1001	899	1094	969	1163	945	6230	6221	6138	865	897	934	2209	968	1017	898	858	14070	1801	1855	943	955	922	917	901	953	872	996	897	1002	931	960	901	971	956	909	946	1048	953	1024	941	943	962	875	919	949	910	867	883	840	897	919	1063	14769	144	152	167	153	157	150	171	142	152	152	152	157	171	152	157	157	135	160	150	194	194	206	158	173	125	151	160	151	151	177	150	206	131	207	151	151	150	156	151	115	157	157	160	157	171	119	150	119	151	171	171	125	134
Pseudomonas_syringae_BS3827_5522_NZ_FOQB01000010	12870	11507	11691	7261	7220	7298	7096	13131	13455	9716	9219	12456	7117	10188	12304	913	913	18906	12982	7271	1146	10810	4320	7127	11569	12226	12091	12049	12087	11895	6815	11420	12180	12669	10178	12091	12570	9466	11281	12424	12463	11945	7163	1002	13020	10810	7165	12908	1528	9254	9484	7054	7158	13499	12059	9224	794	7076	12663	12158	12516	12608	12140	12025	12429	12356	12193	13476	12599	13155	7245	6904	6923	7201	4327	7042	4534	7171	1002	1002	1029	7126	9386	9926	959	6945	1969	10230	11440	877	976	976	6498	7436	7204	12960	6833	12372	6988	7055	11989	7396	11993	7303	11743	6805	7084	7282	7084	6889	7288	7011	12767	6899	6958	7129	7069	6971	7185	7097	7372	7117	7048	7229	1960	877	146	147	145	116	122	110	181	143	147	147	147	122	166	147	122	122	137	155	167	177	177	174	153	185	107	155	155	155	155	147	151	174	176	179	155	155	167	153	155	132	122	122	155	122	166	128	167	128	155	166	139	107	162
Pseudomonas_syringae_BS3829_5514_NZ_FOPR01000011	12626	11824	11695	7627	6948	7002	7474	15031	14071	10085	10187	12415	7845	10242	12783	1003	899	12982	19228	7635	1186	9949	4497	7586	11816	11975	12026	11521	13127	12533	7527	13667	12247	13014	10211	12026	12336	9831	11606	12378	14161	12815	7423	955	13617	9949	7640	14851	1680	9002	10208	7594	6728	15008	12554	9367	867	7542	13178	13143	12842	13788	12689	12498	12702	12713	12649	14042	13757	13765	6820	7402	6374	6912	4497	6861	4672	7651	955	955	1009	7627	9936	9398	915	7537	1857	9915	12358	891	994	994	6976	6984	6780	13816	6450	13011	6708	6869	11800	7239	11493	6891	12169	6618	6840	6746	6723	6702	6850	6746	12393	7295	7613	7620	7357	7493	7690	7588	7890	7474	7652	7740	1894	891	140	127	154	121	123	105	146	127	127	127	127	123	152	127	123	123	130	127	132	157	169	148	147	147	122	127	127	127	127	155	116	148	143	173	127	127	132	140	127	139	123	123	127	123	152	141	132	141	127	152	113	122	145
Pseudomonas_syringae_CAS02_17541_NZ_CP032459	7221	6795	6905	19955	6711	6892	16845	6832	6949	7654	7518	7416	17095	11546	7205	751	805	7271	7635	20914	1101	10599	6785	17259	7535	7368	7018	7377	7634	7705	16347	6990	7478	7034	11527	7018	6886	7676	6784	7299	6882	6796	16874	821	6998	10599	17290	6936	1390	7450	7607	16504	6503	7216	7090	7945	695	18077	7042	7090	7352	6868	6716	6939	6915	7223	7029	7145	6857	7102	6653	15239	6178	6218	6785	6503	7180	16479	821	821	906	16017	7896	7468	853	15248	2062	5156	7153	801	852	852	15193	6771	6701	7313	6542	6971	6155	6286	7076	6421	7115	6621	8953	6417	6227	6550	6280	6459	6473	6629	6949	15914	15760	15763	16576	16030	16420	15766	16339	17515	15766	17241	2006	801	137	122	130	103	153	87	110	126	122	122	122	153	124	122	153	153	112	122	100	143	148	124	144	121	101	122	122	122	122	136	84	124	107	158	122	122	100	122	122	134	153	153	122	153	124	129	100	129	122	124	104	101	133
Pseudomonas_syringae_CC1557_3076_NZ_CP007014	1142	1158	1068	1102	1210	1290	1158	1196	1145	1223	1378	1188	1135	1154	1209	1367	1029	1146	1186	1101	19887	1230	1228	1166	1235	1201	1128	1239	1214	1236	1183	1116	1201	1191	1154	1128	1128	1183	1203	1214	1123	1243	1137	1120	1171	1230	1166	1204	4699	1263	1174	1140	1180	1190	1242	1141	1112	1145	1094	1158	1153	1186	1101	1099	1228	1111	1290	1219	1186	1154	1228	1157	1332	1090	1228	1158	1194	1139	1120	1120	1141	1128	1050	1219	1250	1140	935	2192	1257	1065	1450	1458	1121	1174	1173	1199	1175	1201	1113	1218	1056	1172	1248	1153	1225	1185	1163	1239	1075	1355	1088	1247	1206	1199	1251	1126	1152	1168	1166	1145	1111	1151	1126	1118	942	1056	154	159	191	204	174	165	223	178	159	159	159	174	164	159	174	174	187	178	197	180	191	186	178	190	187	181	183	181	181	170	197	186	190	176	181	181	197	163	181	199	174	174	178	174	159	182	197	182	181	164	180	187	195
Pseudomonas_syringae_CC457_20754_NZ_CP127246	10502	9558	9390	10528	6837	7495	9887	10101	10142	8389	8165	11450	10491	18060	10234	961	913	10810	9949	10599	1230	21012	5140	9972	10022	11260	11625	11887	12111	12263	10053	9516	11234	9794	18029	11625	10110	8336	9446	11578	9653	9984	10280	951	10225	21012	10000	10563	1546	8313	8388	10237	6772	10158	10475	8879	778	10200	9350	9998	10031	10260	10003	10288	10001	9871	10432	10436	10251	10373	6848	9869	7154	6564	5140	6638	5180	9858	951	951	974	10092	8019	8944	987	9871	1902	6701	9404	899	959	959	9612	6970	6857	10039	6718	10554	6598	6663	10149	6849	11551	6892	14140	6651	6619	6835	6871	6637	6930	7224	10246	9513	9815	9859	9881	9593	10081	10260	10183	9821	9568	10178	1952	904	135	141	145	117	121	111	157	131	141	141	141	121	180	141	121	121	137	136	141	173	184	161	142	170	113	136	136	136	136	155	125	161	155	168	136	136	141	147	136	132	121	121	136	121	180	134	141	134	136	180	132	113	139
Pseudomonas_syringae_CFBP_2116_6934_NZ_LT985192	4579	4134	4320	6846	4315	4394	6854	4221	4573	4879	4616	4454	6919	5502	4487	964	1094	4320	4497	6785	1228	5140	20566	6820	4557	4460	4319	4483	4516	4436	7163	4360	4189	4169	5496	4319	4255	4914	4374	4377	4445	4450	7042	1167	4239	5144	6857	4431	1486	4319	4636	7002	4459	4364	4517	4826	814	6896	4362	4470	4271	4320	4251	4261	4295	4173	4423	4421	4300	4295	4423	6282	4359	4311	20543	4401	13333	6919	1177	1177	1083	6844	4513	4593	801	5901	2351	2740	4218	1059	805	805	6709	4518	4474	4495	4347	4371	4434	4383	4266	4499	4318	4395	5356	4421	4172	4411	4462	4257	4323	4325	4297	7098	7290	6654	6851	7107	6872	6146	7047	6779	7123	6750	2308	1059	163	140	155	123	140	108	205	138	140	140	140	140	152	140	140	140	120	137	152	199	177	171	173	175	129	137	137	137	137	171	145	171	163	194	137	137	152	133	137	133	140	140	137	140	152	134	152	134	137	152	152	129	139
Pseudomonas_syringae_CFBP_8692_12247_NZ_WJSF01000010	6970	6679	6812	17192	6727	6771	16994	6941	7016	7377	7602	7249	17363	10853	7046	774	894	7127	7586	17259	1166	9972	6820	20875	7305	7232	6882	7047	7596	7671	16701	6902	7156	7076	10832	6882	6995	7456	6643	7168	6753	6896	16700	895	7020	9972	20782	6941	1352	7184	7478	16294	6350	7138	7009	7711	701	17107	7005	6887	7186	6912	6693	6866	7103	7057	6945	7059	6901	6984	6687	14821	6256	6380	6820	6568	7303	17515	895	895	1014	15779	7850	7284	909	14736	2048	5042	7202	903	873	873	14837	6760	6686	7249	6436	6930	6246	6308	6919	6610	7004	6699	8881	6419	6214	6666	6216	6487	6377	6433	6947	16256	15927	16287	16481	16224	16965	15956	16571	17171	16053	17857	1985	903	155	135	156	116	182	110	145	145	135	135	135	182	135	135	182	182	128	135	111	161	178	165	158	156	121	141	135	141	141	162	111	165	147	190	141	141	111	135	141	142	182	182	135	182	135	141	111	141	141	135	145	121	160
Pseudomonas_syringae_Dortyol_2015_6_17564_NZ_JAEIKC010000017	11794	10554	10891	7568	7921	8094	7078	11446	12023	9737	10071	11494	7293	9829	11186	894	870	11569	11816	7535	1235	10022	4557	7305	20548	11085	13045	13204	14757	14353	7103	11550	11335	10466	9819	13045	11697	9558	10958	11582	11531	11645	7091	936	11872	10022	7339	11270	1467	9020	9394	7201	7910	11868	10653	9257	729	7273	11592	11854	11132	11940	11661	11663	11090	11003	10693	11719	11909	11802	8350	6798	7728	7972	4557	7666	4684	7097	936	936	998	7284	8935	9687	960	6913	2063	8737	11026	849	925	925	7009	8181	7957	11601	8057	11435	7824	6904	10717	8219	13130	8149	11650	7868	7591	8197	7848	8017	7935	8223	11316	6939	7074	7239	7076	7064	7289	6905	7403	7236	7127	7250	2019	849	113	114	138	107	117	78	133	116	114	114	114	117	136	114	117	117	112	133	119	138	143	134	127	139	102	128	133	128	128	135	104	134	141	146	128	128	119	120	128	121	117	117	133	117	136	125	119	125	128	136	90	102	150
Pseudomonas_syringae_Dr_447_1_17557_NZ_JAEIKL010000026	11806	14329	15220	7376	7440	8103	7109	11750	11491	9506	9522	19013	7472	11338	11763	1008	948	12226	11975	7368	1201	11260	4460	7232	11085	22150	13258	13115	13200	13009	7053	11348	14720	11947	11328	13258	14503	10156	13966	18692	13304	11661	7191	981	11615	11260	7261	13200	1529	8916	9347	7074	6784	13784	11729	10299	819	7153	12790	11717	11660	11382	11091	11250	12758	11500	11909	11744	11364	11750	7312	6953	7454	6864	4460	6717	4648	7213	981	981	1044	7140	8901	9250	1178	6981	1953	10614	11489	1055	1085	1085	6784	7327	7097	12053	6901	12085	6903	6952	15074	6865	13155	7372	13472	6554	6745	7300	6865	7014	6790	7717	12886	6937	7087	7157	7127	7031	7322	7134	7365	7239	6947	7431	1967	1060	115	130	131	100	99	95	163	123	130	130	130	99	159	130	99	99	116	125	147	150	168	149	122	147	95	125	125	125	125	135	131	149	136	152	125	125	147	136	125	111	99	99	125	99	159	117	147	117	125	159	123	95	127
Pseudomonas_syringae_Erdemli_3_17569_NZ_JAEIJX010000050	11832	11924	11478	7005	8069	8735	6982	11941	11633	9096	8880	13662	7270	11472	11535	979	874	12091	12026	7018	1128	11625	4319	6882	13045	13258	22288	15670	16070	15746	7046	11074	13176	11776	11441	22288	11955	8567	12210	13572	11527	11854	6993	911	12348	11625	6927	11819	1462	8353	8814	6881	7959	12288	11737	8774	797	7006	12312	11892	12647	12122	11568	11699	11547	12578	11965	12511	12091	12465	8127	6776	8186	7848	4319	7738	4590	7098	911	911	956	6959	8551	8925	878	6752	2093	8396	11291	860	1023	1023	6886	8156	7868	12397	7752	11971	7608	6752	11661	7932	15327	8061	13641	7486	7490	8078	7780	7740	7885	8446	11644	6736	6973	6961	6883	6861	7077	6862	7284	7050	6955	7095	2063	865	125	136	137	109	116	107	148	128	136	136	136	116	185	136	116	116	132	155	132	177	177	151	132	184	121	147	155	147	147	140	117	151	180	162	147	147	132	141	147	124	116	116	155	116	185	137	132	137	147	185	128	121	150
Pseudomonas_syringae_Erdemli_6_17567_NZ_JAEIJZ010000010	12306	11396	11168	7394	8146	9005	7078	11657	11355	9352	9005	13365	7194	11727	11459	910	827	12049	11521	7377	1239	11887	4483	7047	13204	13115	15670	22402	15941	16465	7113	11004	13220	11651	11717	15670	12248	9103	12447	13817	11611	11927	7233	899	11403	11887	7079	11652	1392	8921	9352	7275	8107	11676	12325	9206	752	7312	11651	11672	12472	11458	11473	11691	10919	12372	12448	11696	11427	11550	8212	6979	8475	7918	4483	7897	4430	7173	899	899	905	7337	9143	9406	934	6925	2046	8832	10895	823	949	949	6930	8597	8288	12943	8087	12078	7920	6996	11774	8110	15448	8333	13501	7801	7888	8127	8098	8011	8155	8809	11979	7117	7395	7175	7032	7086	7302	7133	7379	7203	7027	7267	1962	828	135	138	153	118	123	101	145	130	138	138	138	123	163	138	123	123	127	151	133	152	167	147	142	168	128	143	151	143	143	150	117	147	163	166	143	143	133	143	143	136	123	123	151	123	163	149	133	149	143	163	110	128	159
Pseudomonas_syringae_Erzin_1_17571_NZ_JAEIJV010000042	12797	11323	11251	7635	8288	8902	7388	12339	12297	9427	9073	13519	7999	12219	12215	933	930	12087	13127	7634	1214	12111	4516	7596	14757	13200	16070	15941	21963	18972	7595	11849	13594	11744	12209	16070	11908	9526	11562	13449	12401	12020	7521	978	12539	12111	7628	12540	1603	8877	9439	7652	7908	12624	11969	9188	800	7579	12171	12776	11912	12563	12074	12273	11964	11783	12095	12716	12532	12701	8356	7332	8496	8155	4516	7973	4666	7622	978	978	1031	7630	9222	9163	937	7475	2165	8542	11343	931	1009	1009	7304	8600	8337	12669	8020	13016	7996	7182	11526	8212	14971	8399	14361	7744	7791	8324	8116	8135	8046	8794	12084	7074	7522	7569	7362	7410	7794	7606	7773	7380	7709	7733	2111	936	119	124	137	106	116	84	132	116	124	124	124	116	151	124	116	116	111	124	119	138	150	133	126	128	112	116	124	116	116	134	103	133	123	152	116	116	119	127	116	120	116	116	124	116	151	135	119	135	116	151	96	112	126
Pseudomonas_syringae_Erzin_2_17572_NZ_JAEIJW010000011	12373	11345	11247	7706	8360	9199	7522	12043	11897	9156	9333	13413	7820	12116	11803	979	923	11895	12533	7705	1236	12263	4436	7671	14353	13009	15746	16465	18972	21948	7394	11551	13550	11453	12106	15746	11832	9333	11695	13364	11657	11857	7625	1038	12252	12263	7703	12442	1530	8676	9202	7667	8145	12241	11937	9039	849	7575	11545	12304	11707	12198	11780	11937	11962	11578	12026	12429	12167	12400	8593	7328	8663	8244	4436	8135	4524	7638	1038	1038	1068	7707	8863	9382	979	7338	2168	8228	11352	907	1008	1008	7178	8777	8500	12351	8074	13140	8140	7260	11502	8423	14847	8606	14626	7942	7936	8494	8222	8338	8205	8974	12805	7382	7560	7587	7495	7486	7793	7693	7767	7458	7580	7740	2114	912	121	137	141	109	103	113	148	129	137	137	137	103	173	137	103	103	138	137	148	153	163	164	128	143	113	129	137	129	129	136	132	164	139	154	129	129	148	154	129	120	103	103	137	103	173	135	148	135	129	173	115	113	128
Pseudomonas_syringae_ICMP_11293_3802_NZ_LKEP01000002	7021	6909	6597	16498	6343	6653	17881	6933	6923	7539	7482	6990	18295	11143	7172	909	932	6815	7527	16347	1183	10053	7163	16701	7103	7053	7046	7113	7595	7394	22518	6982	6975	6978	11122	7046	6824	7533	6588	6938	6842	6928	18035	950	6898	10071	16732	6927	1406	7245	7454	16025	6219	7127	7126	7744	682	16894	7118	6955	7326	6891	6622	6757	6861	7197	7082	7024	6864	6972	6386	17300	6271	6100	7166	6408	7855	18883	950	950	1046	16357	7779	7205	903	16486	2209	4933	7115	986	1022	1022	15846	6452	6386	7170	6078	6911	5991	6110	6748	6389	6958	6319	8859	6135	6110	6315	6075	6204	6253	6422	6824	16038	16977	16119	18198	16627	18624	16804	15986	16596	17038	17692	2138	1016	153	146	148	106	169	98	122	136	146	146	146	169	135	146	169	169	120	141	128	133	151	135	152	129	113	141	141	141	141	155	112	135	126	161	141	141	128	130	141	137	169	169	141	169	135	140	128	140	141	135	128	113	138
Pseudomonas_syringae_ICMP_4122_6689_NZ_LKBX01000039	11675	10876	10816	6984	6678	6940	6778	13176	13098	10255	9389	11341	7232	9564	11487	909	859	11420	13667	6990	1116	9516	4360	6902	11550	11348	11074	11004	11849	11551	6982	19293	11423	11326	9564	11074	11161	9636	11186	11224	13213	11555	6912	859	13260	9516	6934	13278	1549	8958	9511	7260	6691	13524	11274	9573	758	6936	11718	11489	11604	13476	11593	11652	10844	11475	11279	13712	13458	13402	6811	6877	6359	7199	4373	6977	4496	7026	859	859	908	7210	9457	9571	852	6953	1834	9331	10996	833	901	901	6507	6828	6618	13016	6434	11759	6519	6677	10539	6931	11288	6828	11367	6872	6838	6654	6617	6545	7176	6740	11648	6697	6984	7183	6713	7061	6989	6802	7143	6751	7030	6979	1863	833	148	122	158	129	119	103	167	115	122	122	122	119	158	122	119	119	128	120	135	154	159	164	155	169	122	120	120	120	120	162	135	164	158	181	120	120	135	128	120	137	119	119	120	119	158	139	135	139	120	158	127	122	154
Pseudomonas_syringae_KCTC_12500_26106_NZ_AYTM02000002	11916	12204	12320	7389	7827	8388	7196	11770	12121	9242	9558	14997	7435	11606	12303	916	887	12180	12247	7478	1201	11234	4189	7156	11335	14720	13176	13220	13594	13550	6975	11423	22101	11629	11575	13176	12658	10155	12716	14894	12503	11339	7182	927	11999	11234	7210	12298	1466	8668	9258	7124	7159	13313	11920	10044	792	7235	12899	11860	12173	11727	11453	11723	12309	12029	11931	12164	11711	12136	7537	6963	8067	7372	4189	6968	4550	7206	927	927	961	7130	8831	9212	1070	6918	1949	9882	11076	1041	968	977	6591	7841	7638	12155	7512	12431	7070	7150	12400	7260	13648	7592	13470	6824	7056	7561	7278	7480	7280	8134	12178	6934	6884	7084	7132	6923	7242	7148	7279	7274	6990	7418	1972	1046	141	137	151	129	130	107	148	129	137	137	137	130	174	137	130	130	132	150	132	161	166	156	148	174	135	142	150	142	142	154	116	156	168	174	142	142	132	142	142	138	130	130	150	130	174	151	132	151	142	174	119	135	172
Pseudomonas_syringae_KF529_17593_NZ_CP074409	12342	11186	11180	7014	6731	6905	6827	12642	13002	9028	9378	11711	7212	9696	12064	937	888	12669	13014	7034	1191	9794	4169	7076	10466	11947	11776	11651	11744	11453	6978	11326	11629	18862	9665	11776	11538	9176	11769	11745	12787	11607	6828	959	12117	9794	7114	13236	1504	8704	9379	7083	6763	13185	15581	9019	899	7031	13441	13475	14074	11866	13135	11969	11916	13914	15921	12315	11835	12234	6527	6716	6378	6870	4169	6569	4334	7184	959	959	985	7153	8808	9107	962	6797	1857	9502	12136	898	927	927	6367	6716	6531	12575	6244	12061	6811	6792	11200	6971	11262	6619	11486	6512	6808	6502	6726	6502	6684	6746	12160	6775	7055	7109	6900	7042	7188	7020	7428	6937	7088	7239	1900	898	145	129	141	117	111	95	143	114	129	129	129	111	173	129	111	111	120	124	124	146	148	146	140	146	121	116	124	116	116	151	111	146	133	166	116	116	124	127	116	130	111	111	124	111	173	155	124	155	116	173	109	121	136
Pseudomonas_syringae_Karpuz_1_hishtil_a_17552_NZ_JAEILI010000040	10084	9311	9470	11475	7129	7687	10793	9549	9743	8605	8346	11562	11535	20999	10036	896	837	10178	10211	11527	1154	18029	5496	10832	9819	11328	11441	11717	12209	12106	11122	9564	11575	9665	21030	11441	9865	8433	9301	11310	9395	9792	11146	871	9796	18047	10847	10051	1464	8302	8649	11053	6953	9786	10175	8873	740	11266	9657	9860	10260	9872	9470	9918	9270	10100	10151	10007	9863	9944	7086	10763	7297	6865	5499	6937	5449	11103	871	871	927	10986	8426	8547	940	10717	1823	6823	9574	806	927	927	10487	7281	7168	10022	7035	9871	6739	6967	9804	7003	11638	7106	15002	6959	6873	7025	6939	6846	7036	7427	10212	10426	10846	10693	10820	10618	10944	11059	10929	10862	10610	11009	1853	811	126	138	139	114	112	102	154	128	138	138	138	112	172	138	112	112	128	133	135	170	187	158	133	169	104	133	133	133	133	146	119	158	152	159	133	133	135	144	133	123	112	112	133	112	172	125	135	125	133	172	132	104	130
Pseudomonas_syringae_Kozan_2015_1_17562_NZ_JAEIKF010000024	11832	11924	11478	7005	8069	8735	6982	11941	11633	9096	8880	13662	7270	11472	11535	979	874	12091	12026	7018	1128	11625	4319	6882	13045	13258	22288	15670	16070	15746	7046	11074	13176	11776	11441	22288	11955	8567	12210	13572	11527	11854	6993	911	12348	11625	6927	11819	1462	8353	8814	6881	7959	12288	11737	8774	797	7006	12312	11892	12647	12122	11568	11699	11547	12578	11965	12511	12091	12465	8127	6776	8186	7848	4319	7738	4590	7098	911	911	956	6959	8551	8925	878	6752	2093	8396	11291	860	1023	1023	6886	8156	7868	12397	7752	11971	7608	6752	11661	7932	15327	8061	13641	7486	7490	8078	7780	7740	7885	8446	11644	6736	6973	6961	6883	6861	7077	6862	7284	7050	6955	7095	2063	865	125	136	137	109	116	107	148	128	136	136	136	116	185	136	116	116	132	155	132	177	177	151	132	184	121	147	155	147	147	140	117	151	180	162	147	147	132	141	147	124	116	116	155	116	185	137	132	137	147	185	128	121	150
Pseudomonas_syringae_LMG5095_7342_NZ_CP028490	11935	13735	13975	6930	7049	7333	6925	11879	11712	9470	9488	15456	7134	9875	11908	872	847	12570	12336	6886	1128	10110	4255	6995	11697	14503	11955	12248	11908	11832	6824	11161	12658	11538	9865	11955	19891	10015	14064	15679	12951	11781	6986	896	11966	10110	7049	13441	1488	9184	9473	6937	7023	13856	11653	10464	746	6957	13417	11886	11957	11756	11602	11875	12864	11857	11892	12005	11747	11913	7223	6888	6699	7158	4269	6927	4343	6969	896	896	934	7088	9039	9427	1027	6750	1890	10493	11906	964	891	891	6392	7114	6935	12163	6796	12195	7089	7193	15203	7236	11505	7162	11792	6812	6940	7198	7106	6981	7189	7068	12303	6699	7015	7015	6860	6717	7168	7043	7033	6872	6825	7067	1928	964	114	119	130	105	100	91	138	119	119	119	119	100	156	119	100	100	116	119	122	145	153	146	121	135	94	119	119	119	119	127	106	146	129	147	119	119	122	132	119	111	100	100	119	100	156	113	122	113	119	156	109	94	119
Pseudomonas_syringae_M11_20731_NZ_JAROCH010000010	9424	10334	10269	7635	7196	7372	7474	9456	9380	13431	9953	10093	7710	8444	9299	983	953	9466	9831	7676	1183	8336	4914	7456	9558	10156	8567	9103	9526	9333	7533	9636	10155	9176	8433	8567	10015	20626	9873	10101	10162	9507	7593	1019	9256	8336	7502	10800	1502	12546	12282	7885	7278	10475	9671	13946	827	7429	10132	9294	9222	9328	9157	9095	10345	9093	9575	9657	9297	9399	7149	7506	7038	6992	4927	7202	4723	7747	1019	1019	1050	7784	11224	12359	1117	7474	2073	7533	9491	1084	1010	1019	6956	7346	7157	10018	6819	9589	7243	7495	10304	7497	8996	7355	9007	7003	7053	7101	7006	7123	7063	7039	9506	7815	7924	7639	7597	7565	7549	7540	8131	7671	7738	7560	2053	1084	178	146	163	117	145	133	185	139	146	146	146	145	188	146	145	145	142	151	169	206	196	179	187	215	134	151	151	151	151	175	154	179	200	211	151	151	169	154	151	138	145	145	151	145	188	152	169	152	151	188	174	134	176
Pseudomonas_syringae_MB03_4121_NZ_LAGV01000047	11783	13903	14843	6808	6772	7086	6362	11718	11245	9500	9057	13810	6821	9312	11583	985	969	11281	11606	6784	1203	9446	4374	6643	10958	13966	12210	12447	11562	11695	6588	11186	12716	11769	9301	12210	14064	9873	20632	14054	12518	11524	6617	975	11522	9446	6697	12604	1569	8741	8922	6911	6860	13190	11725	10240	849	6727	13116	11462	12741	11583	11062	11678	12482	12641	11964	11843	11574	11679	6899	6442	6443	7358	4374	6960	4387	6515	975	975	1040	7066	8871	9633	1131	6407	1826	9451	11022	1116	1033	1033	6046	6903	6740	11574	6542	11968	6809	6934	13870	7003	12164	6801	11644	6751	7031	6907	6897	6822	7268	6793	11881	6623	6832	7007	6435	6855	6808	6698	7082	6670	6669	6833	1857	1116	138	141	142	117	121	112	156	133	141	141	141	121	181	141	121	121	137	160	139	169	170	164	145	176	123	152	160	152	152	145	124	164	170	171	152	152	139	146	152	132	121	121	160	121	181	145	139	145	152	181	127	123	163
Pseudomonas_syringae_MUP17_20728_NZ_CP110807	12441	13574	14492	7313	7299	7844	7135	12051	11786	9462	9355	21184	7353	11320	11715	981	917	12424	12378	7299	1214	11578	4377	7168	11582	18692	13572	13817	13449	13364	6938	11224	14894	11745	11310	13572	15679	10101	14054	22306	12996	11744	7145	901	11819	11578	7222	13444	1499	8545	9163	7058	6646	14189	11760	10005	829	7181	13109	11948	11947	11594	11510	11416	13125	11818	11916	12098	11576	11967	7314	7019	7406	6789	4377	6606	4543	7117	901	901	966	7134	8846	9300	1120	6932	1912	10603	11863	1042	1035	1035	6592	7221	6991	12574	6686	12404	6836	6922	17042	7027	13275	7288	13458	6421	6689	7281	6815	7006	6762	7752	12037	6922	7144	7143	7105	6987	7302	7095	7214	7108	6871	7383	1949	1047	124	138	140	117	110	101	157	131	138	138	138	110	184	138	110	110	126	133	141	171	181	160	131	168	104	137	133	137	137	144	125	160	155	157	137	137	141	142	137	121	110	110	133	110	184	125	141	125	137	184	137	104	131
Pseudomonas_syringae_MUP20_20716_NZ_CP110808	12271	12549	12741	6879	6860	6802	6738	13166	14533	9371	9351	13092	7133	9426	11994	955	903	12463	14161	6882	1123	9653	4445	6753	11531	13304	11527	11611	12401	11657	6842	13213	12503	12787	9395	11527	12951	10162	12518	12996	20227	12563	6697	931	12394	9653	6804	15064	1478	8561	9471	6963	6767	15467	12387	9618	785	6703	14130	12674	12741	12476	12181	12507	13892	12612	12287	12684	12458	12542	6609	6762	6280	6886	4445	6600	4527	6968	931	931	1004	6900	8702	8953	1059	6806	1872	10657	11583	1027	944	944	6323	6844	6632	12627	6437	12359	6687	6761	12335	7051	11079	6667	11543	6362	6681	6534	6582	6471	6505	6542	11761	6656	6807	6882	6658	6728	6862	6833	7198	6739	6901	6868	1880	1027	142	138	154	121	125	107	157	131	138	138	138	125	160	138	125	125	134	133	141	159	165	150	149	156	124	133	133	133	133	164	125	150	147	175	133	133	141	144	133	143	125	125	133	125	160	145	141	145	133	160	113	124	147
Pseudomonas_syringae_MUP32_20727_NZ_CP110809	12178	11794	11229	6842	6876	7059	6764	12798	12422	9885	9623	11633	7126	9823	11923	1002	928	11945	12815	6796	1243	9984	4450	6896	11645	11661	11854	11927	12020	11857	6928	11555	11339	11607	9792	11854	11781	9507	11524	11744	12563	19024	6797	1005	11818	9984	6931	12689	1520	8833	9906	7146	7099	12630	11882	8982	876	6728	12097	12284	11951	12104	11714	12147	12974	11822	12001	12158	12073	11938	6936	6913	6539	7055	4450	6767	4580	7010	1005	1005	1062	7052	8968	9257	962	6949	1913	8642	11778	944	1030	1030	6594	6951	6779	12180	6622	12191	6839	6873	11213	6936	11286	6943	11527	6709	6828	6869	6803	6706	6876	6872	11941	6768	7050	6949	6797	6856	7038	6914	7144	6764	6947	6950	1942	944	133	120	145	114	116	98	148	120	120	120	120	116	155	120	116	116	123	133	133	154	155	142	140	167	115	133	133	133	133	148	117	142	163	170	133	133	133	133	133	132	116	116	133	116	155	134	133	134	133	155	114	115	161
Pseudomonas_syringae_NCPPB_3871_5835_NZ_LKEN01000002	6726	6662	6592	16941	6773	7166	19476	6715	6891	7534	7677	7155	18218	11169	7089	802	918	7163	7423	16874	1137	10280	7042	16700	7091	7191	6993	7233	7521	7625	18035	6912	7182	6828	11146	6993	6986	7593	6617	7145	6697	6797	22405	918	6856	10298	16731	6870	1395	7306	7517	16233	6357	7044	6983	7830	695	16569	6782	6772	7192	6673	6495	6746	6704	7087	6946	7017	6666	6930	6761	18819	6651	6111	7045	6482	7443	17747	918	918	1025	16259	7846	7353	849	18426	2191	5029	7139	859	963	963	16384	6989	6938	7244	6638	6808	6020	6254	6852	6413	7032	6788	8821	6255	6088	6778	6281	6601	6504	6789	6970	15421	15754	16224	20064	15566	18909	18752	15783	16407	15097	18304	2134	883	146	139	139	108	161	86	122	129	139	139	139	161	125	139	161	161	119	134	124	129	141	125	153	123	106	134	134	134	134	148	108	125	120	154	134	134	124	121	134	140	161	161	134	161	125	128	124	128	134	125	115	106	131
Pseudomonas_syringae_NZ45_6142_NZ_MTZF01000001	927	859	893	851	926	1025	957	933	948	951	1061	955	966	871	905	2600	6221	1002	955	821	1120	951	1167	895	936	981	911	899	978	1038	950	859	927	959	871	911	896	1019	975	901	931	1005	918	21744	814	951	895	939	1407	961	1039	998	966	958	891	868	1660	891	887	1033	932	821	840	890	941	850	910	889	790	856	901	922	1003	900	1167	982	1115	978	21695	21713	13156	925	907	997	2344	926	1137	922	925	6421	1737	1740	846	927	923	958	862	1026	902	972	905	966	873	917	903	954	990	887	934	1005	960	972	1055	983	1016	922	940	988	945	854	940	859	930	907	1141	6440	159	155	171	148	143	157	173	139	155	155	155	143	187	155	143	143	130	163	151	188	193	202	150	171	128	145	157	145	145	161	146	202	117	202	145	145	151	160	145	133	143	143	163	143	187	139	151	139	145	187	167	128	143
Pseudomonas_syringae_P108_12228_NZ_VLIA01000012	12776	11835	11827	7005	6735	6673	6836	13374	13345	9493	9389	11825	7101	9827	12934	855	850	13020	13617	6998	1171	10225	4239	7020	11872	11615	12348	11403	12539	12252	6898	13260	11999	12117	9796	12348	11966	9256	11522	11819	12394	11818	6856	814	18487	10225	7058	13644	1482	8631	8997	7169	6746	13418	12565	9021	780	6827	12527	13087	12838	16503	14408	13098	12259	12740	12880	18263	16485	18403	6838	6861	6217	6973	4239	6547	4426	7123	814	814	906	7037	9157	9305	829	6938	1885	9111	11402	834	868	868	6243	6680	6487	13660	6385	13522	6708	6650	11311	7200	12254	6757	11540	6643	6578	6759	6556	6558	6603	6578	12221	6668	7022	7163	6819	6910	7078	6950	7212	6822	7057	6961	1861	834	170	130	174	131	141	123	156	127	130	130	130	141	172	130	141	141	130	127	140	173	172	164	177	162	144	127	127	127	127	177	124	164	153	203	127	127	140	143	127	139	141	141	127	141	172	159	140	159	127	172	145	144	159
Pseudomonas_syringae_P121_12232_NZ_VLIE01000021	10502	9558	9390	10528	6837	7495	9887	10101	10142	8389	8165	11450	10491	18078	10234	961	913	10810	9949	10599	1230	21012	5144	9972	10022	11260	11625	11887	12111	12263	10071	9516	11234	9794	18047	11625	10110	8336	9446	11578	9653	9984	10298	951	10225	21030	10000	10563	1546	8313	8388	10237	6772	10158	10475	8879	784	10218	9350	9998	10031	10260	10003	10288	10001	9871	10432	10436	10251	10373	6858	9869	7154	6575	5147	6638	5180	9858	951	951	974	10100	8019	8944	987	9889	1902	6701	9404	899	959	959	9612	6970	6857	10039	6728	10554	6598	6663	10149	6849	11551	6892	14140	6651	6629	6845	6881	6637	6930	7234	10246	9513	9815	9859	9899	9593	10081	10278	10183	9839	9586	10178	1952	904	135	141	145	117	121	111	157	131	141	141	141	121	180	141	121	121	137	136	141	173	184	161	142	170	113	136	136	136	136	155	125	161	155	168	136	136	141	147	136	132	121	121	136	121	180	134	141	134	136	180	132	113	139
Pseudomonas_syringae_P78_12243_NZ_WJPU01000012	7016	6695	6841	17223	6736	6797	17025	6995	7070	7425	7663	7303	17394	10868	7080	774	894	7165	7640	17290	1166	10000	6857	20782	7339	7261	6927	7079	7628	7703	16732	6934	7210	7114	10847	6927	7049	7502	6697	7222	6804	6931	16731	895	7058	10000	20875	6976	1356	7209	7503	16325	6359	7175	7047	7721	701	17138	7042	6938	7240	6966	6728	6901	7138	7111	6983	7097	6955	7022	6711	14852	6280	6389	6857	6577	7331	17546	895	895	1014	15810	7891	7325	909	14767	2076	5065	7240	903	873	873	14868	6769	6695	7284	6443	6968	6269	6317	6973	6619	7035	6708	8913	6428	6237	6690	6240	6496	6387	6457	6981	16287	15958	16318	16483	16244	16996	15958	16572	17202	16084	17888	2013	903	155	135	156	116	182	110	145	145	135	135	135	182	135	135	182	182	128	135	111	161	178	165	158	156	121	141	135	141	141	162	111	165	147	190	141	141	111	135	141	142	182	182	135	182	135	141	111	141	141	135	145	121	160
Pseudomonas_syringae_PA-1-11B_17691_NZ_WJYR01000030	12442	13162	12802	6893	7288	7070	6906	15520	14161	9860	9784	13555	7140	10082	12390	979	947	12908	14851	6936	1204	10563	4431	6941	11270	13200	11819	11652	12540	12442	6927	13278	12298	13236	10051	11819	13441	10800	12604	13444	15064	12689	6870	939	13644	10563	6976	20481	1586	8912	9657	7189	6959	16091	12619	10142	840	6891	13659	12839	12382	13976	12922	13062	14374	12222	12755	14046	13958	13792	6931	6919	6665	7176	4444	7110	4728	7066	939	939	1026	7125	9208	9619	1047	6900	1883	11146	12175	1091	966	954	6347	7143	6990	13564	6700	13483	6975	6974	13228	7408	11592	7132	12188	6858	7153	6841	6840	6889	6942	6996	12647	6713	7028	7085	6850	6867	7134	6992	7215	6893	7082	6992	1902	1091	142	136	154	123	125	107	155	129	136	136	136	125	162	136	125	125	132	131	139	159	163	152	149	156	124	131	131	131	131	164	123	152	145	175	131	131	139	142	131	141	125	125	131	125	162	143	139	143	131	162	115	124	147
Pseudomonas_syringae_PA-2-9E_17695_NZ_CP066265	1457	1551	1580	1399	1321	1435	1385	1572	1610	1421	1461	1514	1364	1464	1586	1496	1398	1528	1680	1390	4699	1546	1486	1352	1467	1529	1462	1392	1603	1530	1406	1549	1466	1504	1464	1462	1488	1502	1569	1499	1478	1520	1395	1407	1482	1546	1356	1586	20650	1490	1451	1465	1458	1602	1420	1385	1194	1348	1468	1509	1440	1477	1441	1466	1575	1359	1448	1509	1477	1481	1481	1432	1379	1350	1480	1344	1481	1417	1407	1407	1595	1503	1402	1451	1663	1416	1043	4029	1548	1328	1679	1688	1388	1386	1377	1510	1315	1601	1384	1371	1530	1388	1584	1380	1580	1350	1423	1421	1434	1498	1421	1374	1552	1440	1528	1465	1380	1508	1472	1363	1398	1327	1359	1362	1092	1319	138	110	148	130	102	104	125	118	110	110	110	102	136	110	102	102	94	110	123	146	132	132	128	117	119	110	110	110	110	134	108	132	109	127	110	110	123	129	110	119	102	102	110	102	136	132	123	132	110	136	124	119	128
Pseudomonas_syringae_PA-5-3F_17693_NZ_WKCY01000048	8608	8537	8888	7402	7318	7316	7161	8616	8770	12480	9580	8653	7385	8313	8827	1027	932	9254	9002	7450	1263	8313	4319	7184	9020	8916	8353	8921	8877	8676	7245	8958	8668	8704	8302	8353	9184	12546	8741	8545	8561	8833	7306	961	8631	8313	7209	8912	1490	19045	14467	7339	7152	8797	9148	13200	802	7247	8472	8828	8982	8567	8564	8547	8627	8884	9018	8840	8558	8728	7129	7188	6791	7103	4319	7025	4347	7287	961	961	1033	7446	12992	12238	1007	7034	2067	6093	9018	859	1049	1049	6808	7041	6819	9293	6812	8984	7082	7114	8443	7132	8948	7173	9066	6884	7030	7073	6879	7077	7014	7261	9358	7267	7488	7296	7249	7224	7294	7297	7527	7383	7307	7346	2094	859	145	116	134	115	119	105	161	126	116	116	116	119	155	116	119	119	132	116	129	180	159	162	149	164	100	116	116	116	116	134	129	162	157	178	116	116	129	133	116	128	119	119	116	119	155	124	129	124	116	155	136	100	141
Pseudomonas_syringae_PA-5-3G_17692_NZ_WKCZ01000015	9082	8796	8864	7531	7227	7333	7449	9453	9665	12194	10117	9190	7670	8660	9015	1024	916	9484	10208	7607	1174	8388	4636	7478	9394	9347	8814	9352	9439	9202	7454	9511	9258	9379	8649	8814	9473	12282	8922	9163	9471	9906	7517	1039	8997	8388	7503	9657	1451	14467	19702	7652	7108	9892	9839	13575	776	7418	9543	9715	9710	9206	9057	8907	9375	9581	9608	9285	9175	9094	7063	7394	7024	7213	4653	7230	4703	7541	1039	1039	1074	7627	13718	12643	1036	7294	1977	6365	9394	864	1030	1030	6901	7310	7189	9678	6729	9391	7260	7379	9029	7428	9150	7166	9433	7004	7189	7007	7068	7245	7216	7295	9460	7606	7687	7543	7421	7521	7566	7481	7830	7615	7538	7599	1945	864	163	116	146	109	137	123	161	123	116	116	116	137	156	116	137	137	132	126	129	181	163	162	170	193	115	126	126	126	126	149	129	162	183	196	126	126	129	136	126	128	137	137	126	137	156	142	129	142	126	156	157	115	169
Pseudomonas_syringae_PsA1M246_17694_NZ_JAKMVN010000019	7150	6914	6613	16482	6393	6627	15811	6991	7086	7740	7571	7139	15746	11064	7398	832	916	7054	7594	16504	1140	10237	7002	16294	7201	7074	6881	7275	7652	7667	16025	7260	7124	7083	11053	6881	6937	7885	6911	7058	6963	7146	16233	998	7169	10237	16325	7189	1465	7339	7652	20436	6434	7268	7220	7881	718	16098	7096	7139	7334	6980	6779	6736	6903	7205	7184	7376	6973	7292	6469	14740	6270	6432	7002	6670	7628	16146	998	998	1073	17033	7838	7637	884	15046	2186	4931	7216	933	844	844	14966	6550	6510	7372	6177	6983	6196	6413	6940	6583	6985	6539	8770	6482	6326	6438	6239	6350	6559	6407	7074	16883	15898	16810	16196	17193	16235	15048	16762	15953	16108	15900	2113	933	158	125	140	124	171	102	146	129	125	125	125	171	124	125	171	171	132	125	111	147	154	149	165	142	116	125	125	125	125	151	111	149	133	179	125	125	111	125	125	149	171	171	125	171	124	144	111	144	125	124	126	116	149
Pseudomonas_syringae_Pss9654_5872_NZ_MLES01000028	7083	6886	6875	6416	14871	16248	6385	6727	6848	7253	7778	6663	6472	6964	7254	1007	980	7158	6728	6503	1180	6772	4459	6350	7910	6784	7959	8107	7908	8145	6219	6691	7159	6763	6953	7959	7023	7278	6860	6646	6767	7099	6357	966	6746	6772	6359	6959	1458	7152	7108	6434	20298	7011	6973	7246	907	6454	6637	6922	7214	6803	6611	6865	6809	7123	6948	6986	6772	6867	15986	5966	14060	15779	4459	15619	4052	6487	966	966	1027	6455	6956	7361	1021	6058	2354	4863	6811	908	1036	1036	6106	15250	14895	7336	15062	6754	15186	14065	7067	14735	7979	16074	7232	15377	14812	15306	15133	14596	15333	15417	7042	6604	6327	6341	6349	6354	6371	6192	6700	6538	6593	6590	2327	908	171	151	185	124	162	159	172	147	151	151	151	162	185	151	162	162	151	151	149	197	217	177	186	187	152	154	151	154	154	192	133	177	176	216	154	154	149	159	154	147	162	162	151	162	185	172	149	172	154	185	176	152	154
Pseudomonas_syringae_Pss9656_6144_NZ_MLEM01000010	12419	13310	13401	7243	7131	7075	6945	15274	14799	9727	10036	14097	7395	9796	11903	998	919	13499	15008	7216	1190	10158	4364	7138	11868	13784	12288	11676	12624	12241	7127	13524	13313	13185	9786	12288	13856	10475	13190	14189	15467	12630	7044	958	13418	10158	7175	16091	1602	8797	9892	7268	7011	20522	12449	10285	822	7099	14824	12785	12770	13642	12615	12284	14164	12641	12619	13890	13624	13566	7059	7021	6709	7089	4377	6950	4626	7249	958	958	1023	7145	9392	9787	1116	6973	1897	11936	11884	1092	976	976	6581	7091	6941	13228	6521	13193	6987	7009	13693	7458	11605	7135	11663	6706	7051	6983	6972	6834	7064	6979	12458	6977	7157	7086	6926	7047	7209	7115	7271	7051	7210	7165	1911	1092	136	138	156	125	119	101	157	131	138	138	138	119	158	138	119	119	126	133	143	155	173	154	143	152	118	133	133	133	133	158	127	154	141	169	133	133	143	142	133	135	119	119	133	119	158	139	143	139	133	158	119	118	143
Pseudomonas_syringae_Psy33_20718_NZ_CP036493	12966	11916	11054	7070	6848	7082	6953	11961	12501	9911	9740	11641	7266	10206	12520	916	878	12059	12554	7090	1242	10475	4517	7009	10653	11729	11737	12325	11969	11937	7126	11274	11920	15581	10175	11737	11653	9671	11725	11760	12387	11882	6983	891	12565	10475	7047	12619	1420	9148	9839	7220	6973	12449	19249	9657	848	7101	12996	14014	13844	12351	13692	12398	12041	13813	18309	12896	12320	12682	6799	7026	6428	6900	4517	6702	4524	7238	891	891	942	7133	9303	9623	931	6906	1913	8716	12512	888	874	874	6554	6908	6681	13133	6432	12788	6937	6862	11278	7026	11658	6844	11879	6609	6902	6701	6877	6635	6838	6816	12163	6986	7304	7084	6975	7067	7146	7154	7357	7060	7184	7161	1922	888	143	134	143	109	113	95	145	119	134	134	134	113	168	134	113	113	122	129	129	147	153	138	138	144	123	121	129	121	121	153	113	138	135	164	121	121	129	132	121	132	113	113	129	113	168	157	129	157	121	168	101	123	136
Pseudomonas_syringae_R1079_7297_NZ_NQWX01000016	8835	10058	9889	7863	7159	7585	7700	8943	9077	12556	10085	9843	7906	8884	9116	912	874	9224	9367	7945	1141	8879	4826	7711	9257	10299	8774	9206	9188	9039	7744	9573	10044	9019	8873	8774	10464	13946	10240	10005	9618	8982	7830	868	9021	8879	7721	10142	1385	13200	13575	7881	7246	10285	9657	20632	726	7759	9857	8938	9214	9128	8496	8440	10121	9198	9428	9307	9097	9182	7300	7620	7058	7296	4826	7620	4904	7762	868	868	954	8108	15076	11957	1065	7494	2146	7342	9107	1031	928	937	7411	7276	7155	9434	6849	9230	7172	7435	10075	7252	9164	7429	9173	7636	7293	7181	7223	7092	7737	7161	9274	7776	7916	7837	7762	7932	7653	7836	8114	7945	7662	8030	2176	1031	164	125	155	113	145	125	183	124	125	125	125	145	163	125	145	145	132	117	148	195	181	181	179	192	124	123	117	123	123	171	146	181	175	211	123	123	148	131	123	128	145	145	117	145	163	134	148	134	123	163	176	124	153
Pseudomonas_syringae_RAYR-BL_17598_NZ_JAHZNS010000008	887	763	818	694	899	929	722	868	798	810	848	859	707	740	820	1362	1588	794	867	695	1112	778	814	701	729	819	797	752	800	849	682	758	792	899	740	797	746	827	849	829	785	876	695	1660	780	784	701	840	1194	802	776	718	907	822	848	726	19559	686	785	788	824	796	739	720	811	788	848	818	796	800	862	706	841	828	814	850	823	715	1660	1660	1785	739	849	757	1306	729	789	737	801	1556	1372	1372	772	864	850	830	797	834	828	914	797	853	791	853	780	890	912	851	895	942	864	942	789	740	749	734	706	745	725	723	750	724	711	706	803	1545	196	186	198	217	175	161	246	188	186	186	186	175	218	186	175	175	180	186	177	227	216	240	213	204	191	178	186	178	178	182	174	240	208	221	178	178	177	197	178	184	175	175	186	175	218	181	177	181	178	218	214	191	231
Pseudomonas_syringae_RMP66_6987_NZ_NHST01000045	7115	6672	6789	17551	6512	6866	16549	6793	6869	7535	7502	7268	17722	11289	7076	751	794	7076	7542	18077	1145	10200	6896	17107	7273	7153	7006	7312	7579	7575	16894	6936	7235	7031	11266	7006	6957	7429	6727	7181	6703	6728	16569	891	6827	10218	17138	6891	1348	7247	7418	16098	6454	7099	7101	7759	686	21096	7029	6993	7310	6770	6494	6810	6794	7205	7052	7001	6743	6926	6613	15150	6186	6084	6899	6491	7350	16494	891	891	948	16318	7685	7276	871	14289	2065	5078	7103	807	861	861	15065	6686	6674	7273	6391	6844	6028	6187	6994	6402	6976	6516	8845	6318	6179	6551	6207	6427	6439	6545	6980	15482	16161	15808	16630	15827	16592	15874	16114	17523	16108	17508	1989	807	117	114	114	101	133	83	112	104	114	114	114	133	116	114	133	133	92	109	102	116	143	116	124	114	102	109	109	109	109	123	86	116	98	138	109	109	102	100	109	109	133	133	109	133	116	104	102	104	109	116	96	102	106
Pseudomonas_syringae_SHV1866_17586_NZ_JAHARV010000001	13171	12731	13220	7127	6532	6831	6787	12875	13692	9237	9349	13019	7230	9667	12678	943	845	12663	13178	7042	1094	9350	4362	7005	11592	12790	12312	11651	12171	11545	7118	11718	12899	13441	9657	12312	13417	10132	13116	13109	14130	12097	6782	887	12527	9350	7042	13659	1468	8472	9543	7096	6637	14824	12996	9857	785	7029	20233	13125	13936	12478	13064	12656	13291	13776	12919	12548	12447	12448	6615	6817	6361	6793	4362	6468	4521	7141	887	887	943	7073	8574	9139	1050	6895	1903	11148	12350	992	962	962	6398	6754	6594	12572	6506	12047	6617	6653	12733	6744	11674	6500	11534	6437	6575	6587	6793	6556	6767	6511	11934	6786	6973	7081	6788	6901	7055	6896	7256	6862	7082	7147	1941	992	122	149	140	107	110	101	157	131	149	149	149	110	197	149	110	110	128	152	141	167	179	150	129	178	112	141	152	141	141	144	125	150	169	155	141	141	141	144	141	123	110	110	152	110	197	133	141	133	141	197	127	112	141
Pseudomonas_syringae_SHV323_17590_NZ_JAHARZ010000001	14467	11736	11435	7070	6854	6964	6780	12535	12861	9561	9702	12038	7311	9891	13202	974	953	12158	13143	7090	1158	9998	4470	6887	11854	11717	11892	11672	12776	12304	6955	11489	11860	13475	9860	11892	11886	9294	11462	11948	12674	12284	6772	1033	13087	9998	6938	12839	1509	8828	9715	7139	6922	12785	14014	8938	788	6993	13125	19009	13394	12751	15114	13301	11963	13266	14272	13193	12720	13204	6752	6752	6515	7015	4470	6606	4550	7133	1033	1033	1071	7004	8856	9337	968	6736	1976	8636	11708	954	973	973	6391	6943	6708	12853	6364	12348	6854	6895	11276	7063	11732	6866	11855	6604	6823	6773	6680	6684	6754	6888	11925	6651	7038	7009	6785	6902	7092	6876	7160	6820	7022	7068	1989	954	148	138	160	111	136	127	154	135	138	138	138	136	174	138	136	136	136	135	138	175	192	152	155	170	130	135	135	135	135	163	122	152	165	181	135	135	138	149	135	131	136	136	135	136	174	153	138	153	135	174	147	130	137
Pseudomonas_syringae_SV1599_17591_NZ_JAHARU010000001	12933	11771	11631	7317	7138	7323	7146	12563	13224	9373	9689	11982	7487	10271	12900	952	898	12516	12842	7352	1153	10031	4271	7186	11132	11660	12647	12472	11912	11707	7326	11604	12173	14074	10260	12647	11957	9222	12741	11947	12741	11951	7192	932	12838	10031	7240	12382	1440	8982	9710	7334	7214	12770	13844	9214	824	7310	13936	13394	19180	12567	13241	13160	11854	19002	14132	12983	12536	12955	6901	7113	6716	7295	4271	7066	4476	7272	932	932	1030	7484	9197	9494	959	7174	1913	9308	12284	862	947	947	6736	7258	7030	13954	6861	12885	7100	7209	11537	7331	12030	6938	11861	6962	7043	6894	7118	6896	7229	7106	12315	7038	7319	7400	7119	7197	7450	7262	7644	7328	7292	7473	1929	862	141	152	137	115	125	115	169	145	152	152	152	125	172	152	125	125	142	147	135	187	193	162	144	182	129	145	147	145	145	163	119	162	175	176	145	145	135	152	145	138	125	125	147	125	172	155	135	155	145	172	127	129	148
Pseudomonas_syringae_SV921_17588_NZ_JAHARY010000002	12502	11566	11581	6875	6845	6929	6709	14244	13937	9420	9283	11702	7046	9903	12575	861	830	12608	13788	6868	1186	10260	4320	6912	11940	11382	12122	11458	12563	12198	6891	13476	11727	11866	9872	12122	11756	9328	11583	11594	12476	12104	6673	821	16503	10260	6966	13976	1477	8567	9206	6980	6803	13642	12351	9128	796	6770	12478	12751	12567	18896	13755	13136	12937	12469	12599	16968	18865	16419	7019	6627	6402	7106	4333	6733	4477	6958	821	821	951	6882	9562	9737	830	6765	1877	9535	11334	814	895	883	6215	6844	6677	13518	6489	13728	6794	6773	11480	7345	11896	6911	11661	6908	6756	6934	6604	6819	6775	6660	12284	6677	6925	7025	6689	6772	6921	6776	7167	6801	6954	6932	1825	814	148	131	162	135	133	109	166	137	131	131	131	133	164	131	133	133	134	131	146	185	181	174	163	169	130	137	131	137	137	169	130	174	163	195	137	137	146	144	137	143	133	133	131	133	164	137	146	137	137	164	139	130	169
Pseudomonas_syringae_Sevgi_fide_PST_17555_NZ_JAEIKN010000010	12914	11676	11146	6663	6555	6680	6570	12610	12535	9116	9412	11602	6775	9501	13251	908	846	12140	12689	6716	1101	10003	4251	6693	11661	11091	11568	11473	12074	11780	6622	11593	11453	13135	9470	11568	11602	9157	11062	11510	12181	11714	6495	840	14408	10003	6728	12922	1441	8564	9057	6779	6611	12615	13692	8496	739	6494	13064	15114	13241	13755	18928	13098	11917	13112	13959	14261	13724	14382	6592	6556	6223	6868	4251	6356	4425	6778	840	840	914	6699	8386	8949	865	6537	1764	8887	12678	830	913	913	6080	6709	6536	13025	6245	12576	6619	6521	10920	6848	11777	6573	11435	6389	6485	6555	6464	6357	6512	6483	12424	6432	6684	6759	6460	6525	6776	6678	6940	6574	6747	6708	1769	830	148	126	148	99	124	115	142	123	126	126	126	124	174	126	124	124	124	123	126	163	172	140	143	158	118	123	123	123	123	151	110	140	153	169	123	123	126	137	123	119	124	124	123	124	174	153	126	153	123	174	135	118	125
Pseudomonas_syringae_StP26_17597_NZ_CP075880	13195	12066	11859	6910	6824	6932	6744	12294	12828	9286	9099	11622	7139	9949	12651	873	888	12025	12498	6939	1099	10288	4261	6866	11663	11250	11699	11691	12273	11937	6757	11652	11723	11969	9918	11699	11875	9095	11678	11416	12507	12147	6746	890	13098	10288	6901	13062	1466	8547	8907	6736	6865	12284	12398	8440	720	6810	12656	13301	13160	13136	13098	18487	12130	13033	12547	13010	13105	13014	6850	6683	6504	6996	4261	6811	4435	6908	890	890	944	6697	8534	8934	878	6765	1884	9156	11605	874	892	892	6298	7158	6938	13237	6747	14181	6930	6875	11402	7096	11963	6955	11930	6625	6817	6899	6728	6902	6694	6761	11546	6487	6819	6837	6680	6632	6937	6827	7061	6627	6895	6847	1831	874	142	133	154	123	130	107	152	133	133	133	133	130	158	133	130	130	134	133	134	159	173	148	149	151	124	133	133	133	133	157	118	148	149	175	133	133	134	144	133	143	130	130	133	130	158	147	134	147	133	158	111	124	149
Pseudomonas_syringae_Susan2139_17596_NZ_CP074578	12002	12221	12689	6888	6744	6876	6769	12548	13097	9605	9189	13045	7191	9301	11586	964	923	12429	12702	6915	1228	10001	4295	7103	11090	12758	11547	10919	11964	11962	6861	10844	12309	11916	9270	11547	12864	10345	12482	13125	13892	12974	6704	941	12259	10001	7138	14374	1575	8627	9375	6903	6809	14164	12041	10121	811	6794	13291	11963	11854	12937	11917	12130	33092	11741	12176	12468	12906	12217	8099	6778	6367	7025	4295	6669	4445	7071	941	941	1047	6919	9109	9423	1126	6787	1965	10270	12020	1055	985	985	6349	6763	6577	12066	6452	12724	6755	6857	12503	7026	11072	6781	11668	6672	6585	6825	6650	6678	6637	6633	12213	6727	7003	6934	6621	6808	6962	6886	7245	6736	6967	7014	2045	1055	131	143	149	123	125	129	169	142	143	143	143	125	167	143	125	125	154	138	160	175	184	186	146	172	118	144	138	144	144	165	145	186	159	178	144	144	160	163	144	136	125	125	138	125	167	130	160	130	144	167	135	118	150
Pseudomonas_syringae_Susan762_17594_NZ_CP074411	12799	11671	11533	7188	7009	7190	7017	12403	13077	9275	9564	11853	7382	10111	12771	879	816	12356	12713	7223	1111	9871	4173	7057	11003	11500	12578	12372	11783	11578	7197	11475	12029	13914	10100	12578	11857	9093	12641	11818	12612	11822	7087	850	12740	9871	7111	12222	1359	8884	9581	7205	7123	12641	13813	9198	788	7205	13776	13266	19002	12469	13112	13033	11741	19033	14101	12885	12438	12857	6810	7008	6587	7162	4173	6946	4378	7132	850	850	948	7355	9068	9365	878	7045	1884	9179	12124	780	866	866	6638	7129	6901	13807	6770	12772	6971	7080	11408	7202	11930	6847	11725	6829	6923	6803	7044	6767	7155	6977	12155	6898	7214	7260	6990	7068	7321	7157	7504	7199	7163	7344	1863	780	141	152	137	115	125	115	169	145	152	152	152	125	172	152	125	125	142	147	135	187	193	162	144	182	129	145	147	145	145	163	119	162	175	176	145	145	135	152	145	138	125	125	147	125	172	155	135	155	145	172	127	129	148
Pseudomonas_syringae_Tule1434_17592_NZ_JAHARX010000001	13269	11972	11246	7009	6830	7097	6875	12143	12487	9692	9769	11797	7209	10182	12723	926	890	12193	12649	7029	1290	10432	4423	6945	10693	11909	11965	12448	12095	12026	7082	11279	11931	15921	10151	11965	11892	9575	11964	11916	12287	12001	6946	910	12880	10432	6983	12755	1448	9018	9608	7184	6948	12619	18309	9428	848	7052	12919	14272	14132	12599	13959	12547	12176	14101	19195	13189	12568	12997	6736	6937	6445	6914	4423	6711	4399	7181	910	910	954	7072	9110	9462	938	6848	1914	8740	12754	895	880	880	6481	6847	6640	13239	6442	13024	6999	6902	11413	7057	11797	6773	11821	6630	6935	6649	6808	6636	6766	6879	12267	6919	7284	7007	6964	7023	7114	7089	7277	7011	7142	7104	1919	895	143	134	143	109	113	95	145	119	134	134	134	113	168	134	113	113	122	129	129	147	153	138	138	144	123	121	129	121	121	153	113	138	135	164	121	121	129	132	121	132	113	113	129	113	168	157	129	157	121	168	101	123	136
Pseudomonas_syringae_Tule230_17587_NZ_JAHARW010000001	12858	11999	11805	7131	7127	7010	7018	13840	13796	9786	9674	11967	7217	10038	13083	895	892	13476	14042	7145	1219	10436	4421	7059	11719	11744	12511	11696	12716	12429	7024	13712	12164	12315	10007	12511	12005	9657	11843	12098	12684	12158	7017	889	18263	10436	7097	14046	1509	8840	9285	7376	6986	13890	12896	9307	818	7001	12548	13193	12983	16968	14261	13010	12468	12885	13189	19022	16950	18411	7066	7026	6586	7100	4434	6934	4567	7277	889	889	956	7235	9381	9539	872	7085	1984	9435	11389	876	884	884	6416	7055	6871	14204	6594	13815	6896	6970	11454	7505	12349	7098	11716	6858	6986	6971	6826	6787	6974	6864	12702	6952	7230	7314	6984	7109	7236	7119	7419	7004	7230	7110	1958	876	170	130	174	131	141	123	156	127	130	130	130	141	172	130	141	141	130	127	140	173	172	164	177	162	144	127	127	127	127	177	124	164	153	203	127	127	140	143	127	139	141	141	127	141	172	159	140	159	127	172	145	144	159
Pseudomonas_syringae_U643_17595_NZ_CP074410	12471	11557	11572	6864	6833	6898	6698	14213	13926	9389	9252	11684	7019	9894	12544	852	821	12599	13757	6857	1186	10251	4300	6901	11909	11364	12091	11427	12532	12167	6864	13458	11711	11835	9863	12091	11747	9297	11574	11576	12458	12073	6666	790	16485	10251	6955	13958	1477	8558	9175	6973	6772	13624	12320	9097	796	6743	12447	12720	12536	18865	13724	13105	12906	12438	12568	16950	18896	16401	7007	6620	6386	7075	4313	6712	4476	6931	790	790	920	6875	9531	9728	819	6758	1866	9535	11303	805	895	883	6204	6823	6656	13487	6477	13697	6773	6757	11462	7314	11887	6899	11652	6877	6735	6922	6583	6803	6744	6639	12253	6650	6898	7018	6682	6745	6914	6769	7140	6794	6943	6921	1814	805	148	131	162	135	133	109	166	137	131	131	131	133	164	131	133	133	134	131	146	185	181	174	163	169	130	137	131	137	137	169	130	174	163	195	137	137	146	144	137	143	133	133	131	133	164	137	146	137	137	164	139	130	169
Pseudomonas_syringae_U888_17589_NZ_JAHASA010000001	12883	11979	11779	7088	6856	6815	6910	13504	13493	9627	9507	11973	7196	9975	13083	889	892	13155	13765	7102	1154	10373	4295	6984	11802	11750	12465	11550	12701	12400	6972	13402	12136	12234	9944	12465	11913	9399	11679	11967	12542	11938	6930	856	18403	10373	7022	13792	1481	8728	9094	7292	6867	13566	12682	9182	800	6926	12448	13204	12955	16419	14382	13014	12217	12857	12997	18411	16401	18613	6846	6953	6338	6972	4295	6668	4470	7206	856	856	928	7160	9249	9402	863	7012	1932	9053	11345	876	875	875	6338	6801	6608	13777	6358	13670	6707	6771	11425	7215	12358	6856	11669	6616	6699	6748	6698	6526	6745	6699	12358	6791	7108	7230	6893	7033	7152	7045	7335	6917	7149	7035	1908	876	160	120	164	121	140	113	143	117	120	120	120	140	162	120	140	140	120	117	130	163	162	154	167	152	134	117	117	117	117	167	114	154	140	193	117	117	130	133	117	129	140	140	117	140	162	149	130	149	117	162	135	134	149
Pseudomonas_syringae_UB303_12214_NZ_CP047267	6892	6600	6838	6669	15431	17194	6829	6790	6870	7241	7845	7337	6868	7097	6886	925	943	7245	6820	6653	1228	6848	4423	6687	8350	7312	8127	8212	8356	8593	6386	6811	7537	6527	7086	8127	7223	7149	6899	7314	6609	6936	6761	901	6838	6858	6711	6931	1481	7129	7063	6469	15986	7059	6799	7300	862	6613	6615	6752	6901	7019	6592	6850	8099	6810	6736	7066	7007	6846	62509	6313	15153	14831	4439	15652	4117	6578	901	901	1015	6392	6928	7111	994	6392	2362	4997	6937	874	1021	1021	6372	15717	15367	7074	15752	6756	14091	13569	6902	14117	8251	18513	7294	14617	14051	20030	14643	16177	14876	16065	6908	6493	6262	6312	6779	6300	6723	6555	6591	6673	6156	6991	2294	874	171	135	183	124	160	160	166	131	135	135	135	160	175	135	160	160	154	135	131	190	207	175	189	191	153	136	135	136	136	193	131	175	174	218	136	136	131	146	136	150	160	160	135	160	175	173	131	173	136	175	180	153	152
Pseudomonas_syringae_UMAF0158_3878_NZ_CP005970	6858	6758	6385	15176	6207	6743	17574	6678	6804	7533	7416	7064	17075	10786	6890	850	950	6904	7402	15239	1157	9869	6282	14821	6798	6953	6776	6979	7332	7328	17300	6877	6963	6716	10763	6776	6888	7506	6442	7019	6762	6913	18819	922	6861	9869	14852	6919	1432	7188	7394	14740	5966	7021	7026	7620	706	15150	6817	6752	7113	6627	6556	6683	6778	7008	6937	7026	6620	6953	6313	21948	6445	5729	6282	6015	6789	15972	922	922	1041	14793	7650	7249	824	19035	1949	4831	7127	884	983	983	15234	6453	6384	7151	6088	6764	5683	6059	6835	6061	6700	6305	7697	5770	5745	6300	5857	6243	6050	6517	6823	14352	15047	14496	17910	14667	17441	18636	13929	14672	14842	16329	1899	908	136	130	133	104	152	81	112	122	130	130	130	152	119	130	152	152	114	125	120	119	135	121	143	115	102	125	125	125	125	142	104	121	114	144	125	125	120	114	125	131	152	152	125	152	119	123	120	123	125	119	111	102	122
Pseudomonas_syringae_USA011_12213_NZ_CP045799	6305	6335	6276	6117	14967	16932	6769	6552	6650	6841	7698	7435	6816	7308	6649	994	1001	6923	6374	6178	1332	7154	4359	6256	7728	7454	8186	8475	8496	8663	6271	6359	8067	6378	7297	8186	6699	7038	6443	7406	6280	6539	6651	1003	6217	7154	6280	6665	1379	6791	7024	6270	14060	6709	6428	7058	841	6186	6361	6515	6716	6402	6223	6504	6367	6587	6445	6586	6386	6338	15153	6445	22615	13761	4376	14095	4166	6391	1003	1003	1056	6248	6778	7012	1013	6506	2259	4569	6446	911	1094	1094	6178	15573	15461	6726	14828	6439	13906	13319	6554	13622	8194	15233	7530	13559	14521	15559	13969	15707	14418	16653	6837	6327	6100	6210	6695	6187	6770	6509	6391	6372	6084	6962	2200	924	155	171	159	105	165	135	150	164	171	171	171	165	165	171	165	165	147	168	137	177	188	161	173	174	130	171	168	171	171	169	121	161	157	193	171	171	137	146	171	158	165	165	168	165	165	147	137	147	171	165	156	130	134
Pseudomonas_syringae_isolate_CFBP2118_5951_NZ_LT962481	6700	6539	6781	6209	15628	15538	6227	6862	7040	7438	7780	6817	6369	6876	7159	892	899	7201	6912	6218	1090	6564	4311	6380	7972	6864	7848	7918	8155	8244	6100	7199	7372	6870	6865	7848	7158	6992	7358	6789	6886	7055	6111	900	6973	6575	6389	7176	1350	7103	7213	6432	15779	7089	6900	7296	828	6084	6793	7015	7295	7106	6868	6996	7025	7162	6914	7100	7075	6972	14831	5729	13761	20316	4314	14922	4182	6291	900	900	1009	6231	7189	7447	993	5834	2209	5039	6986	856	984	984	5752	14374	14108	7162	13930	6799	15437	13442	6754	14714	8011	15083	7263	14588	15507	14670	14181	14567	15285	15350	6944	6280	6092	6307	6111	6213	6209	5964	6435	6236	6118	6356	2091	856	167	135	179	124	160	159	172	131	135	135	135	160	175	135	160	160	151	135	133	192	207	177	182	193	150	138	135	138	138	186	133	177	182	212	138	138	133	143	138	143	160	160	135	160	175	168	133	168	138	175	182	150	151
Pseudomonas_syringae_isolate_CFBP3840_6707_NZ_LT963409	4579	4134	4333	6846	4328	4407	6854	4234	4586	4890	4633	4454	6919	5505	4487	964	1094	4327	4497	6785	1228	5140	20543	6820	4557	4460	4319	4483	4516	4436	7166	4373	4189	4169	5499	4319	4269	4927	4374	4377	4445	4450	7045	1167	4239	5147	6857	4444	1480	4319	4653	7002	4459	4377	4517	4826	814	6899	4362	4470	4271	4333	4251	4261	4295	4173	4423	4434	4313	4295	4439	6282	4376	4314	20626	4414	13390	6919	1177	1177	1083	6847	4522	4597	801	5904	2351	2753	4218	1059	805	805	6709	4531	4487	4508	4367	4371	4447	4396	4266	4516	4318	4412	5356	4434	4188	4431	4465	4270	4333	4345	4310	7098	7290	6654	6854	7107	6872	6149	7047	6782	7130	6750	2308	1059	163	140	155	123	140	108	205	138	140	140	140	140	152	140	140	140	120	137	152	199	177	171	173	175	129	137	137	137	137	171	145	171	163	194	137	137	152	133	137	133	140	140	137	140	152	134	152	134	137	152	152	129	139
Pseudomonas_syringae_isolate_CFBP4215_6752_NZ_LT962480	6576	6292	6457	6492	15261	15227	6591	6753	6890	7346	7809	6608	6630	6948	6856	965	969	7042	6861	6503	1158	6638	4401	6568	7666	6717	7738	7897	7973	8135	6408	6977	6968	6569	6937	7738	6927	7202	6960	6606	6600	6767	6482	982	6547	6638	6577	7110	1344	7025	7230	6670	15619	6950	6702	7620	850	6491	6468	6606	7066	6733	6356	6811	6669	6946	6711	6934	6712	6668	15652	6015	14095	14922	4414	20590	4407	6535	982	982	1055	6673	7255	7397	1014	6067	2200	4953	6820	886	997	997	6194	15136	15153	7073	14863	6851	14298	13929	6569	14536	7797	15804	7175	15518	14926	14790	13970	14481	14853	14413	6942	6645	6374	6617	6570	6573	6553	6239	6836	6662	6354	6736	2151	886	157	152	171	125	148	145	170	145	152	152	152	148	184	152	148	148	152	152	150	193	203	175	172	184	141	152	152	152	152	175	134	175	174	199	152	152	150	160	152	145	148	148	152	148	184	158	150	158	152	184	162	141	152
Pseudomonas_syringae_isolate_CFBP6109_6963_NZ_LT963391	4521	4421	4358	7271	4069	4069	7192	4452	4866	4974	4706	4696	7371	5455	4559	974	1163	4534	4672	7180	1194	5180	13333	7303	4684	4648	4590	4430	4666	4524	7855	4496	4550	4334	5449	4590	4343	4723	4387	4543	4527	4580	7443	1115	4426	5180	7331	4728	1481	4347	4703	7628	4052	4626	4524	4904	823	7350	4521	4550	4476	4477	4425	4435	4445	4378	4399	4567	4476	4470	4117	6789	4166	4182	13390	4407	21196	7338	1125	1125	1165	7403	4766	4722	825	6255	2362	3184	4559	1101	831	831	7346	4349	4342	4624	4084	4475	4038	3898	4388	4232	4626	4242	5468	4336	4030	4087	4031	4071	4182	4053	4429	7562	7697	7153	7184	7689	7373	6543	7338	7191	7592	7274	2367	1101	175	162	153	118	181	117	155	131	162	162	162	181	145	162	181	181	118	157	122	175	166	127	173	149	126	157	157	157	157	169	106	127	103	177	157	157	122	133	157	147	181	181	157	181	145	151	122	151	157	145	103	126	122
Pseudomonas_syringae_psy100_6403_NZ_MLEV01000005	7134	6793	6831	16622	6574	6907	17974	7012	7032	7614	7583	7195	17553	11114	7349	845	945	7171	7651	16479	1139	9858	6919	17515	7097	7213	7098	7173	7622	7638	18883	7026	7206	7184	11103	7098	6969	7747	6515	7117	6968	7010	17747	978	7123	9858	17546	7066	1417	7287	7541	16146	6487	7249	7238	7762	715	16494	7141	7133	7272	6958	6778	6908	7071	7132	7181	7277	6931	7206	6578	15972	6391	6291	6919	6535	7338	22474	978	978	1022	15829	7721	7314	918	15974	2103	4949	7243	1027	949	949	15548	6596	6485	7360	6284	7035	5994	6151	6973	6480	6891	6581	8767	6224	6107	6519	6077	6402	6386	6519	6978	16196	15592	16098	17918	16155	18001	16133	16321	16858	15852	18138	2029	1057	143	110	134	109	156	89	109	114	110	110	110	156	105	110	156	156	117	110	99	119	131	121	150	114	101	110	110	110	110	136	99	121	118	151	110	110	99	110	110	134	156	156	110	156	105	129	99	129	110	105	114	101	134
Pseudomonas_syringae_pv_actinidiae_PSAAH01_20743_NZ_CP116478	927	859	893	851	926	1025	957	933	948	951	1061	955	966	871	905	2609	6230	1002	955	821	1120	951	1177	895	936	981	911	899	978	1038	950	859	927	959	871	911	896	1019	975	901	931	1005	918	21695	814	951	895	939	1407	961	1039	998	966	958	891	868	1660	891	887	1033	932	821	840	890	941	850	910	889	790	856	901	922	1003	900	1177	982	1125	978	21735	21726	13168	925	907	997	2353	926	1137	922	925	6421	1746	1749	846	927	923	958	862	1026	902	972	905	966	873	917	903	954	990	887	934	1005	960	972	1055	983	1016	922	940	988	945	854	940	859	930	907	1141	6440	159	155	171	148	143	157	173	139	155	155	155	143	187	155	143	143	130	163	151	188	193	202	150	171	128	145	157	145	145	161	146	202	117	202	145	145	151	160	145	133	143	143	163	143	187	139	151	139	145	187	167	128	143
Pseudomonas_syringae_pv_actinidiae_str_Shaanxi_M228_11439_NZ_CP032631	927	859	893	851	926	1025	957	933	948	951	1061	955	966	871	905	2600	6221	1002	955	821	1120	951	1177	895	936	981	911	899	978	1038	950	859	927	959	871	911	896	1019	975	901	931	1005	918	21713	814	951	895	939	1407	961	1039	998	966	958	891	868	1660	891	887	1033	932	821	840	890	941	850	910	889	790	856	901	922	1003	900	1177	982	1125	978	21726	21744	13177	925	907	997	2344	926	1137	922	925	6421	1737	1740	846	927	923	958	862	1026	902	972	905	966	873	917	903	954	990	887	934	1005	960	972	1055	983	1016	922	940	988	945	854	940	859	930	907	1141	6440	159	155	171	148	143	157	173	139	155	155	155	143	187	155	143	143	130	163	151	188	193	202	150	171	128	145	157	145	145	161	146	202	117	202	145	145	151	160	145	133	143	143	163	143	187	139	151	139	145	187	167	128	143
Pseudomonas_syringae_pv_actinidifoliorum_ICMP_18803_20753_NZ_CP081457	966	939	963	937	1029	1112	1033	1037	1056	979	1115	1025	1026	927	997	2775	6138	1029	1009	906	1141	974	1083	1014	998	1044	956	905	1031	1068	1046	908	961	985	927	956	934	1050	1040	966	1004	1062	1025	13156	906	974	1014	1026	1595	1033	1074	1073	1027	1023	942	954	1785	948	943	1071	1030	951	914	944	1047	948	954	956	920	928	1015	1041	1056	1009	1083	1055	1165	1022	13168	13177	20673	1010	1042	1051	2658	1048	1157	1063	976	6306	1995	1998	936	1015	1020	983	966	1075	1012	1047	964	1082	954	990	961	1046	1052	1001	1010	1111	1050	1050	1048	1062	1111	1031	1014	1076	1030	942	1010	962	1017	1000	1113	6312	175	175	194	161	211	167	176	175	175	175	175	211	182	175	211	211	142	183	173	211	197	194	177	189	160	186	189	186	186	186	168	194	150	236	186	186	173	182	186	163	211	211	183	211	182	147	173	147	186	182	177	160	162
Pseudomonas_syringae_pv_aptata_G733_11468_NZ_RBOI01000041	7122	6838	6780	15889	6317	6559	15962	6988	7012	7744	7725	7208	15968	10997	7305	847	865	7126	7627	16017	1128	10092	6844	15779	7284	7140	6959	7337	7630	7707	16357	7210	7130	7153	10986	6959	7088	7784	7066	7134	6900	7052	16259	925	7037	10100	15810	7125	1503	7446	7627	17033	6455	7145	7133	8108	739	16318	7073	7004	7484	6882	6699	6697	6919	7355	7072	7235	6875	7160	6392	14793	6248	6231	6847	6673	7403	15829	925	925	1010	20519	7951	7757	950	14902	2103	4941	7094	856	904	904	14896	6520	6488	7380	6194	6877	6088	6309	6997	6527	7200	6359	9237	6644	6337	6313	6282	6240	6637	6362	7151	15661	16289	17763	15916	17057	16675	15092	16577	16059	16182	16294	2038	856	163	154	147	127	171	101	150	146	154	154	154	171	146	154	171	171	129	149	129	165	169	157	170	151	125	149	149	149	149	165	113	157	132	184	149	149	129	134	149	155	171	171	149	171	146	143	129	143	149	146	125	125	147
Pseudomonas_syringae_pv_avellanae_ISPaVe037_292_NZ_JH951894	8762	8546	8429	7968	6897	7103	7687	8971	9151	11750	9775	8852	8004	8437	8967	954	897	9386	9936	7896	1050	8019	4513	7850	8935	8901	8551	9143	9222	8863	7779	9457	8831	8808	8426	8551	9039	11224	8871	8846	8702	8968	7846	907	9157	8019	7891	9208	1402	12992	13718	7838	6956	9392	9303	15076	849	7685	8574	8856	9197	9562	8386	8534	9109	9068	9110	9381	9531	9249	6928	7650	6778	7189	4522	7255	4766	7721	907	907	1042	7951	23565	12251	996	7693	2017	6127	8788	873	1004	1004	7466	6860	6730	9150	6350	8774	6811	6882	8843	6966	9014	7002	8889	7308	6797	6793	6687	6888	7285	6850	8916	7588	8027	7972	7695	7807	7875	7777	7940	7850	7612	7805	2015	873	140	135	141	123	132	110	173	151	135	135	135	132	163	135	132	132	135	135	149	212	186	172	155	175	111	141	135	141	141	148	134	172	168	187	141	141	149	151	141	132	132	132	135	132	163	116	149	116	141	163	151	111	159
Pseudomonas_syringae_pv_avellanae_str_ISPaVe013_26105_NZ_JH951849	9388	8901	8669	7402	7088	7251	7187	9889	10163	12394	9727	9321	7420	8558	8984	936	934	9926	9398	7468	1219	8944	4593	7284	9687	9250	8925	9406	9163	9382	7205	9571	9212	9107	8547	8925	9427	12359	9633	9300	8953	9257	7353	997	9305	8944	7325	9619	1451	12238	12643	7637	7361	9787	9623	11957	757	7276	9139	9337	9494	9737	8949	8934	9423	9365	9462	9539	9728	9402	7111	7249	7012	7447	4597	7397	4722	7314	997	997	1051	7757	12251	19537	989	7127	2032	6308	8963	893	978	966	6968	7090	6938	9502	6825	9564	7066	7300	9383	7348	9189	7243	9472	7392	7371	7057	6981	6960	7455	7153	9344	7385	7575	7534	7228	7510	7438	7495	7569	7538	7259	7300	2033	893	168	143	155	107	144	128	171	136	143	143	143	144	174	143	144	144	137	135	158	192	183	171	175	182	122	135	135	135	135	163	143	171	163	201	135	135	158	149	135	133	144	144	135	144	174	147	158	147	135	174	168	122	144
Pseudomonas_syringae_pv_cilantro_0788_9_3786_NZ_LGLN01000010	900	1045	1064	878	1000	1025	835	935	987	862	989	1129	912	940	913	4989	2209	959	915	853	1250	987	801	909	960	1178	878	934	937	979	903	852	1070	962	940	878	1027	1117	1131	1120	1059	962	849	2344	829	987	909	1047	1663	1007	1036	884	1021	1116	931	1065	1306	871	1050	968	959	830	865	878	1126	878	938	872	819	863	994	824	1013	993	801	1014	825	918	2353	2344	2658	950	996	989	20808	818	782	1248	916	3079	5200	5203	790	968	968	979	883	949	950	1052	1078	969	923	969	904	990	961	968	889	1078	899	1005	923	895	892	919	870	899	936	836	937	932	854	952	838	3077	126	114	133	118	131	93	117	114	114	114	114	131	138	114	131	131	104	120	138	157	137	151	134	163	138	124	120	124	124	134	138	151	177	172	124	124	138	138	124	103	131	131	120	131	138	117	138	117	124	138	148	138	147
Pseudomonas_syringae_pv_dysoxyli_CFBP_2356_12226_NZ_VLHW01000015	6786	6630	6430	15308	6418	6822	17360	6731	6861	7442	7464	7025	16707	10740	7082	791	968	6945	7537	15248	1140	9871	5901	14736	6913	6981	6752	6925	7475	7338	16486	6953	6918	6797	10717	6752	6750	7474	6407	6932	6806	6949	18426	926	6938	9889	14767	6900	1416	7034	7294	15046	6058	6973	6906	7494	729	14289	6895	6736	7174	6765	6537	6765	6787	7045	6848	7085	6758	7012	6392	19035	6506	5834	5904	6067	6255	15974	926	926	1048	14902	7693	7127	818	21846	1942	4819	7120	895	925	925	14773	6565	6506	7205	6284	6843	5726	6189	6714	6050	6716	6414	7563	5959	5751	6377	5914	6309	6104	6569	6840	13539	14089	15002	17721	14228	17619	18366	14344	14303	13991	16377	1867	919	141	123	134	107	149	87	121	129	123	123	123	149	133	123	149	149	111	123	111	148	149	135	148	129	103	123	123	123	123	136	95	135	114	162	123	123	111	125	123	130	149	149	123	149	133	123	111	123	123	133	115	103	133
Pseudomonas_syringae_pv_helianthi_LMG_5067_14836_NZ_CP092918	1826	1888	1758	2057	2236	2342	2090	1892	2014	2048	2283	1926	2115	1829	1806	1027	1017	1969	1857	2062	935	1902	2351	2048	2063	1953	2093	2046	2165	2168	2209	1834	1949	1857	1823	2093	1890	2073	1826	1912	1872	1913	2191	1137	1885	1902	2076	1883	1043	2067	1977	2186	2354	1897	1913	2146	789	2065	1903	1976	1913	1877	1764	1884	1965	1884	1914	1984	1866	1932	2362	1949	2259	2209	2351	2200	2362	2103	1137	1137	1157	2103	2017	2032	782	1942	20109	1582	1846	995	879	879	2170	2302	2210	1863	2265	1943	2151	2072	1901	2156	2134	2342	2057	2216	2137	2330	2301	2411	2280	2423	1991	2193	2247	2115	2170	2182	2098	1952	2177	2036	2171	2105	16198	995	120	152	150	143	146	133	183	146	152	152	152	146	145	152	146	146	124	147	125	190	166	175	143	176	141	153	147	153	153	174	125	175	154	173	153	153	125	146	153	127	146	146	147	146	145	124	125	124	153	145	131	141	143
Pseudomonas_syringae_pv_lapsa_ATCC_10859_3811_NZ_CP013183	8912	10053	9880	5095	5131	5047	4967	9972	10149	6533	6906	10650	5108	6854	8887	959	898	10230	9915	5156	2192	6701	2740	5042	8737	10614	8396	8832	8542	8228	4933	9331	9882	9502	6823	8396	10493	7533	9451	10603	10657	8642	5029	922	9111	6701	5065	11146	4029	6093	6365	4931	4863	11936	8716	7342	737	5078	11148	8636	9308	9535	8887	9156	10270	9179	8740	9435	9535	9053	4997	4831	4569	5039	2753	4953	3184	4949	922	922	1063	4941	6127	6308	1248	4819	1582	20531	8983	1064	1180	1180	4573	5035	4915	10071	4781	9319	4907	4946	10262	5149	8283	4958	8417	4774	5001	4938	4949	4867	5001	4804	9380	4878	4907	4984	5024	4796	4997	4865	5190	5120	5034	5170	1627	1064	150	138	163	134	127	114	156	134	138	138	138	127	157	138	127	127	134	146	143	164	173	157	151	184	132	149	146	149	149	166	127	157	173	178	149	149	143	144	149	148	127	127	146	127	157	151	143	151	149	157	122	132	173
Pseudomonas_syringae_pv_lapsa_PslA1M171_17765_NZ_JAKMVE010000009	11724	11190	11316	7196	6801	7042	7264	11778	11526	9652	9366	11979	7306	9584	12275	981	858	11440	12358	7153	1257	9404	4218	7202	11026	11489	11291	10895	11343	11352	7115	10996	11076	12136	9574	11291	11906	9491	11022	11863	11583	11778	7139	925	11402	9404	7240	12175	1548	9018	9394	7216	6811	11884	12512	9107	801	7103	12350	11708	12284	11334	12678	11605	12020	12124	12754	11389	11303	11345	6937	7127	6446	6986	4218	6820	4559	7243	925	925	976	7094	8788	8963	916	7120	1846	8983	18802	852	1079	1079	6867	6881	6681	11967	6533	12012	6829	6838	11635	6977	10867	6873	11840	6666	6643	6823	6717	6735	6740	6737	12199	7049	7167	7180	7141	6950	7101	7149	7429	7190	7206	7368	1897	852	125	134	129	105	93	103	145	119	134	134	134	93	178	134	93	93	128	142	143	145	153	162	120	165	103	134	142	134	134	133	127	162	152	146	134	134	143	144	134	110	93	93	142	93	178	137	143	137	134	178	111	103	143
Pseudomonas_syringae_pv_maculicola_M4a_3822_NZ_LGLE01000004	887	1069	1042	826	900	928	901	929	904	852	990	1063	916	806	928	2208	14070	877	891	801	1065	899	1059	903	849	1055	860	823	931	907	986	833	1041	898	806	860	964	1084	1116	1042	1027	944	859	6421	834	899	903	1091	1328	859	864	933	908	1092	888	1031	1556	807	992	954	862	814	830	874	1055	780	895	876	805	876	874	884	911	856	1059	886	1101	1027	6421	6421	6306	856	873	893	3079	895	995	1064	852	22224	1653	1662	879	880	837	903	781	924	813	866	1043	854	912	892	859	807	904	850	847	967	819	907	903	911	949	870	884	927	904	847	873	850	886	912	1023	20704	134	138	154	145	145	137	172	130	138	138	138	145	174	138	145	145	132	146	155	195	182	212	155	176	110	137	146	137	137	159	155	212	134	194	137	137	155	157	137	120	145	145	146	145	174	106	155	106	137	174	161	110	135
Pseudomonas_syringae_pv_maculicola_YM7930_3817_NZ_LGLD01000029	975	923	1035	853	978	1106	937	988	955	937	981	1095	916	927	962	6835	1801	976	994	852	1450	959	805	873	925	1085	1023	949	1009	1008	1022	901	968	927	927	1023	891	1010	1033	1035	944	1030	963	1737	868	959	873	966	1679	1049	1030	844	1036	976	874	928	1372	861	962	973	947	895	913	892	985	866	880	884	895	875	1021	983	1094	984	805	997	831	949	1746	1737	1995	904	1004	978	5200	925	879	1180	1079	1653	20213	20182	935	1010	1005	960	947	951	1010	1007	937	977	977	953	1001	1030	1031	997	1009	1131	979	1085	996	914	943	886	946	915	934	891	900	893	873	967	955	1765	128	135	152	148	144	126	162	125	135	135	135	144	171	135	144	144	120	141	151	183	182	171	138	163	134	144	141	144	144	147	151	171	143	184	144	144	151	123	144	127	144	144	141	144	171	121	151	121	144	171	169	134	116
Pseudomonas_syringae_pv_maculicola_str_ES4326_12204_NZ_CP047260	975	923	1035	853	978	1106	937	976	943	937	981	1095	916	927	962	6844	1855	976	994	852	1458	959	805	873	925	1085	1023	949	1009	1008	1022	901	977	927	927	1023	891	1019	1033	1035	944	1030	963	1740	868	959	873	954	1688	1049	1030	844	1036	976	874	937	1372	861	962	973	947	883	913	892	985	866	880	884	883	875	1021	983	1094	984	805	997	831	949	1749	1740	1998	904	1004	966	5203	925	879	1180	1079	1662	20182	20331	935	1010	1005	960	947	951	1010	1007	937	977	977	953	1001	1030	1031	997	1009	1131	979	1085	996	914	943	886	946	915	934	891	900	893	873	967	955	1774	128	135	152	148	144	126	162	125	135	135	135	144	171	135	144	144	120	141	151	183	182	171	138	163	134	144	141	144	144	147	151	171	143	184	144	144	151	123	144	127	144	144	141	144	171	121	151	121	144	171	169	134	116
Pseudomonas_syringae_pv_papulans_PSP1_20741_NZ_JAFFRZ010000001	6507	6471	6247	15190	6285	6638	16284	6329	6407	6865	7076	6664	16252	10498	6805	768	943	6498	6976	15193	1121	9612	6709	14837	7009	6784	6886	6930	7304	7178	15846	6507	6591	6367	10487	6886	6392	6956	6046	6592	6323	6594	16384	846	6243	9612	14868	6347	1388	6808	6901	14966	6106	6581	6554	7411	772	15065	6398	6391	6736	6215	6080	6298	6349	6638	6481	6416	6204	6338	6372	15234	6178	5752	6709	6194	7346	15548	846	846	936	14896	7466	6968	790	14773	2170	4573	6867	879	935	935	22347	6356	6324	6484	6205	6386	5844	5877	6480	6103	6749	6285	8610	6269	5665	6196	6007	6104	6105	6444	6555	15137	15064	14673	16249	15009	16392	15474	14593	15098	14752	16349	2089	897	133	120	130	119	146	91	130	132	120	120	120	146	123	120	146	146	109	120	113	137	153	131	145	115	119	121	120	121	121	139	97	131	113	156	121	121	113	113	121	130	146	146	120	146	123	121	113	121	121	123	111	119	132
Pseudomonas_syringae_pv_syringae_2339_3881_NZ_LIHU01000021	6954	6647	6706	6755	15531	15666	7096	6796	7124	7219	7919	7188	7037	7291	7043	932	955	7436	6984	6771	1174	6970	4518	6760	8181	7327	8156	8597	8600	8777	6452	6828	7841	6716	7281	8156	7114	7346	6903	7221	6844	6951	6989	927	6680	6970	6769	7143	1386	7041	7310	6550	15250	7091	6908	7276	864	6686	6754	6943	7258	6844	6709	7158	6763	7129	6847	7055	6823	6801	15717	6453	15573	14374	4531	15136	4349	6596	927	927	1015	6520	6860	7090	968	6565	2302	5035	6881	880	1010	1010	6356	21210	20385	7347	16478	6891	15071	13471	6751	14402	8269	17548	7476	14334	14542	16348	15159	16389	14907	15570	7012	6632	6361	6504	6970	6465	6887	6724	6765	6742	6289	7159	2215	880	135	146	155	122	124	124	167	142	146	146	146	124	178	146	124	124	140	146	147	181	196	172	150	173	120	146	146	146	146	153	131	172	165	177	146	146	147	154	146	135	124	124	146	124	178	136	147	136	146	178	147	120	142
Pseudomonas_syringae_pv_syringae_2340_3879_NZ_LIHT01000078	6714	6452	6526	6685	15258	15477	7014	6613	7025	7099	7742	6958	6978	7178	6814	927	922	7204	6780	6701	1173	6857	4474	6686	7957	7097	7868	8288	8337	8500	6386	6618	7638	6531	7168	7868	6935	7157	6740	6991	6632	6779	6938	923	6487	6857	6695	6990	1377	6819	7189	6510	14895	6941	6681	7155	850	6674	6594	6708	7030	6677	6536	6938	6577	6901	6640	6871	6656	6608	15367	6384	15461	14108	4487	15153	4342	6485	923	923	1020	6488	6730	6938	968	6506	2210	4915	6681	837	1005	1005	6324	20385	21304	7137	16390	6667	15127	13621	6540	14624	8040	17262	7248	14590	14692	16014	15131	16291	14922	15343	6870	6551	6305	6443	6886	6367	6833	6665	6704	6707	6228	7074	2146	837	135	146	155	122	124	124	167	142	146	146	146	124	178	146	124	124	140	146	147	181	196	172	150	173	120	146	146	146	146	153	131	172	165	177	146	146	147	154	146	135	124	124	146	124	178	136	147	136	146	178	147	120	142
Pseudomonas_syringae_pv_syringae_41a_3079_NZ_JYHJ01000011	13497	12114	11725	7297	7214	7355	7139	12835	13716	10274	9701	12415	7520	10032	12800	982	917	12960	13816	7313	1199	10039	4495	7249	11601	12053	12397	12943	12669	12351	7170	13016	12155	12575	10022	12397	12163	10018	11574	12574	12627	12180	7244	958	13660	10039	7284	13564	1510	9293	9678	7372	7336	13228	13133	9434	830	7273	12572	12853	13954	13518	13025	13237	12066	13807	13239	14204	13487	13777	7074	7151	6726	7162	4508	7073	4624	7360	958	958	983	7380	9150	9502	979	7205	1863	10071	11967	903	960	960	6484	7347	7137	19592	6814	13064	7391	7448	12237	7354	12264	7148	11763	6834	7184	7011	7379	6952	7170	7109	12222	7106	7471	7324	7105	7140	7426	7377	7598	7096	7572	7400	1895	903	138	140	156	123	121	103	155	135	140	140	140	121	164	140	121	121	130	148	144	161	178	153	145	179	120	148	148	148	148	158	128	153	172	173	148	148	144	146	148	139	121	121	148	121	164	143	144	143	148	164	116	120	166
Pseudomonas_syringae_pv_syringae_529_11454_NZ_QPBJ01000022	6378	6316	6312	6436	16646	15482	6685	6297	6510	6826	7376	6659	6651	7046	6562	829	901	6833	6450	6542	1175	6718	4347	6436	8057	6901	7752	8087	8020	8074	6078	6434	7512	6244	7035	7752	6796	6819	6542	6686	6437	6622	6638	862	6385	6728	6443	6700	1315	6812	6729	6177	15062	6521	6432	6849	797	6391	6506	6364	6861	6489	6245	6747	6452	6770	6442	6594	6477	6358	15752	6088	14828	13930	4367	14863	4084	6284	862	862	966	6194	6350	6825	883	6284	2265	4781	6533	781	947	947	6205	16478	16390	6814	21312	6369	14886	13625	6353	13906	7999	16137	7222	14579	14549	15337	15674	14723	15250	15431	6696	6189	5893	6109	6548	5984	6490	6348	6343	6509	6005	6868	2240	781	166	152	187	132	165	152	180	155	152	152	152	165	181	152	165	165	154	152	157	193	213	185	188	182	160	150	152	150	150	194	141	185	184	211	150	150	157	155	150	149	165	165	152	165	181	174	157	174	150	181	177	160	161
Pseudomonas_syringae_pv_syringae_Alf3_2478_NZ_KL995102	13281	12536	12445	6921	6955	7025	6775	13328	12820	9758	9324	12344	7188	9902	12806	944	953	12372	13011	6971	1201	10554	4371	6930	11435	12085	11971	12078	13016	13140	6911	11759	12431	12061	9871	11971	12195	9589	11968	12404	12359	12191	6808	1026	13522	10554	6968	13483	1601	8984	9391	6983	6754	13193	12788	9230	834	6844	12047	12348	12885	13728	12576	14181	12724	12772	13024	13815	13697	13670	6756	6764	6439	6799	4371	6851	4475	7035	1026	1026	1075	6877	8774	9564	949	6843	1943	9319	12012	924	951	951	6386	6891	6667	13064	6369	18586	6802	6995	12158	7050	11941	6795	12621	6491	6821	6707	6761	6822	6717	6784	12707	6785	6986	7000	6776	6827	7053	6956	7204	6748	7076	6965	1976	924	129	131	141	111	111	107	150	131	131	131	131	111	162	131	111	111	132	131	134	161	173	152	136	151	110	131	131	131	131	144	118	152	147	162	131	131	134	142	131	128	111	111	131	111	162	132	134	132	131	162	115	110	136
Pseudomonas_syringae_pv_syringae_B301D_3084_NZ_CP005969	6991	6754	6952	6145	14426	14444	6066	6585	6861	6997	7639	6870	6180	6749	7018	924	872	6988	6708	6155	1113	6598	4434	6246	7824	6903	7608	7920	7996	8140	5991	6519	7070	6811	6739	7608	7089	7243	6809	6836	6687	6839	6020	902	6708	6598	6269	6975	1384	7082	7260	6196	15186	6987	6937	7172	828	6028	6617	6854	7100	6794	6619	6930	6755	6971	6999	6896	6773	6707	14091	5683	13906	15437	4447	14298	4038	5994	902	902	1012	6088	6811	7066	950	5726	2151	4907	6829	813	1010	1010	5844	15071	15127	7391	14886	6802	20745	14689	7029	15165	7809	14374	7108	14652	16968	13855	16570	14453	14495	16082	6815	6425	6182	6083	6011	6087	6130	5952	6443	6220	6467	6262	2110	813	166	151	193	128	166	159	173	148	151	151	151	166	175	151	166	166	154	148	153	183	209	178	193	178	154	148	148	148	148	196	137	178	171	208	148	148	153	164	148	150	166	166	148	166	175	174	153	174	148	175	174	154	149
Pseudomonas_syringae_pv_syringae_B48_20739_NZ_CP125300	7059	6918	7068	6279	13625	14474	6360	6726	6882	7169	8130	6849	6351	6978	7170	950	996	7055	6869	6286	1218	6663	4383	6308	6904	6952	6752	6996	7182	7260	6110	6677	7150	6792	6967	6752	7193	7495	6934	6922	6761	6873	6254	972	6650	6663	6317	6974	1371	7114	7379	6413	14065	7009	6862	7435	914	6187	6653	6895	7209	6773	6521	6875	6857	7080	6902	6970	6757	6771	13569	6059	13319	13442	4396	13929	3898	6151	972	972	1047	6309	6882	7300	1052	6189	2072	4946	6838	866	1007	1007	5877	13471	13621	7448	13625	6995	14689	20340	7198	13802	6812	13894	7083	14045	14111	13655	13892	13716	13278	15104	6991	6449	6299	6285	6287	6175	6249	6275	6716	6300	6562	6478	2090	866	182	160	201	148	178	165	196	155	160	160	160	178	188	160	178	178	177	157	157	205	210	201	204	212	168	155	157	155	155	208	157	201	206	227	155	155	157	163	155	173	178	178	157	178	188	188	157	188	155	188	191	168	176
Pseudomonas_syringae_pv_syringae_B64_281_NZ_CM001763	11848	14126	14873	7015	6739	6942	7000	11590	11464	9235	9130	16847	7062	9814	11727	943	897	11989	11800	7076	1056	10149	4266	6919	10717	15074	11661	11774	11526	11502	6748	10539	12400	11200	9804	11661	15203	10304	13870	17042	12335	11213	6852	905	11311	10149	6973	13228	1530	8443	9029	6940	7067	13693	11278	10075	797	6994	12733	11276	11537	11480	10920	11402	12503	11408	11413	11454	11462	11425	6902	6835	6554	6754	4266	6569	4388	6973	905	905	964	6997	8843	9383	1078	6714	1901	10262	11635	1043	937	937	6480	6751	6540	12237	6353	12158	7029	7198	20221	6905	11243	6831	11609	6563	6565	6888	7089	6565	6810	6920	11462	6822	7114	7015	6853	6863	6974	6894	7176	6964	7093	7133	1874	1043	124	126	128	105	98	89	145	119	126	126	126	98	184	126	98	98	114	134	129	159	175	148	119	179	92	134	134	134	134	132	113	148	166	145	134	134	129	130	134	109	98	98	134	98	184	125	129	125	134	184	125	92	142
Pseudomonas_syringae_pv_syringae_B728a_112_NC_007005	6946	6715	6861	6440	14700	14955	6496	6977	7199	7447	8384	6960	6596	7034	7077	927	1002	7396	7239	6421	1172	6849	4499	6610	8219	6865	7932	8110	8212	8423	6389	6931	7260	6971	7003	7932	7236	7497	7003	7027	7051	6936	6413	966	7200	6849	6619	7408	1388	7132	7428	6583	14735	7458	7026	7252	853	6402	6744	7063	7331	7345	6848	7096	7026	7202	7057	7505	7314	7215	14117	6061	13622	14714	4516	14536	4232	6480	966	966	1082	6527	6966	7348	969	6050	2156	5149	6977	854	977	977	6103	14402	14624	7354	13906	7050	15165	13802	6905	21527	7867	14374	7352	14811	15358	13905	14323	14695	14853	14498	7068	6600	6397	6553	6394	6468	6540	6159	6756	6496	6368	6590	2117	854	159	146	173	124	150	147	172	147	146	146	146	150	178	146	150	150	151	146	149	195	205	177	174	187	135	154	146	154	154	180	133	177	176	204	154	154	149	159	154	147	150	150	146	150	178	155	149	155	154	178	164	135	154
Pseudomonas_syringae_pv_syringae_EC33_20735_NZ_JAGSOX010000017	11966	11528	11634	7079	8109	8654	6866	11928	11556	9280	9084	13166	7315	11649	11882	942	931	11993	11493	7115	1248	11551	4318	7004	13130	13155	15327	15448	14971	14847	6958	11288	13648	11262	11638	15327	11505	8996	12164	13275	11079	11286	7032	873	12254	11551	7035	11592	1584	8948	9150	6985	7979	11605	11658	9164	791	6976	11674	11732	12030	11896	11777	11963	11072	11930	11797	12349	11887	12358	8251	6700	8194	8011	4318	7797	4626	6891	873	873	954	7200	9014	9189	923	6716	2134	8283	10867	912	977	977	6749	8269	8040	12264	7999	11941	7809	6812	11243	7867	22276	8147	14128	7412	7605	8233	7900	7879	7820	8439	11721	6707	7052	7040	6893	6860	7134	6908	7176	6907	6889	7119	2006	917	145	130	149	125	131	108	148	130	130	130	130	131	168	130	131	131	133	130	136	171	167	160	152	155	122	130	130	130	130	152	120	160	149	176	130	130	136	143	130	139	131	131	130	131	168	141	136	141	130	168	123	122	160
Pseudomonas_syringae_pv_syringae_HO7_20736_NZ_JARNIY010000011	6681	6722	6827	6650	16223	17391	6837	6778	7007	7266	7919	7252	6851	7117	6954	914	960	7303	6891	6621	1153	6892	4395	6699	8149	7372	8061	8333	8399	8606	6319	6828	7592	6619	7106	8061	7162	7355	6801	7288	6667	6943	6788	917	6757	6892	6708	7132	1380	7173	7166	6539	16074	7135	6844	7429	853	6516	6500	6866	6938	6911	6573	6955	6781	6847	6773	7098	6899	6856	18513	6305	15233	15083	4412	15804	4242	6581	917	917	990	6359	7002	7243	969	6414	2342	4958	6873	892	953	953	6285	17548	17262	7148	16137	6795	14374	13894	6831	14374	8147	21315	7348	14865	14296	17982	14882	15903	15092	15844	6905	6482	6230	6367	6776	6339	6754	6551	6634	6570	6158	6933	2298	892	173	135	185	127	159	159	169	134	135	135	135	159	175	135	159	159	153	135	136	192	207	180	188	193	155	138	135	138	138	192	136	180	179	218	138	138	136	143	138	149	159	159	135	159	175	172	136	172	138	175	185	155	155
Pseudomonas_syringae_pv_syringae_HS191_3083_NZ_CP006256	12007	11092	11494	8844	7527	8128	8970	11734	11305	9322	9054	13670	8836	15033	11983	938	901	11743	12169	8953	1225	14140	5356	8881	11650	13472	13641	13501	14361	14626	8859	11367	13470	11486	15002	13641	11792	9007	11644	13458	11543	11527	8821	903	11540	14140	8913	12188	1580	9066	9433	8770	7232	11663	11879	9173	780	8845	11534	11855	11861	11661	11435	11930	11668	11725	11821	11716	11652	11669	7294	7697	7530	7263	5356	7175	5468	8767	903	903	961	9237	8889	9472	904	7563	2057	8417	11840	859	1001	1001	8610	7476	7248	11763	7222	12621	7108	7083	11609	7352	14128	7348	22279	7183	7137	7263	7049	7222	7222	7881	13078	8508	8926	8830	8599	8696	8857	7942	9051	8798	8787	9241	2048	864	113	112	125	85	104	106	129	105	112	112	112	104	138	112	104	104	122	107	129	135	150	142	120	135	94	107	107	107	107	135	113	142	119	146	107	107	129	132	107	104	104	104	107	104	138	114	129	114	107	138	99	94	110
Pseudomonas_syringae_pv_syringae_Pss9644_17750_NZ_CP066263	6429	6195	6385	6289	14664	15018	6385	6538	6773	7298	7724	6479	6343	6990	6710	993	971	6805	6618	6417	1185	6651	4421	6419	7868	6554	7486	7801	7744	7942	6135	6872	6824	6512	6959	7486	6812	7003	6751	6421	6362	6709	6255	954	6643	6651	6428	6858	1350	6884	7004	6482	15377	6706	6609	7636	890	6318	6437	6604	6962	6908	6389	6625	6672	6829	6630	6858	6877	6616	14617	5770	13559	14588	4434	15518	4336	6224	954	954	1046	6644	7308	7392	990	5959	2216	4774	6666	807	1030	1030	6269	14334	14590	6834	14579	6491	14652	14045	6563	14811	7412	14865	7183	20623	14612	13746	13839	13998	14561	15190	6994	6493	6272	6608	6315	6526	6335	6094	6721	6432	6204	6558	2206	807	154	140	175	128	152	144	174	138	140	140	140	152	162	140	152	152	155	140	138	185	187	179	176	181	142	138	140	138	138	182	138	179	181	199	138	138	138	143	138	154	152	152	140	152	162	167	138	167	138	162	159	142	157
Pseudomonas_syringae_pv_syringae_PssA1M140_20740_NZ_JAKMAG010000016	6611	6439	6400	6172	14829	15257	6231	6738	6799	7499	7742	6682	6220	6904	6839	977	956	7084	6840	6227	1163	6619	4172	6214	7591	6745	7490	7888	7791	7936	6110	6838	7056	6808	6873	7490	6940	7053	7031	6689	6681	6828	6088	990	6578	6629	6237	7153	1423	7030	7189	6326	14812	7051	6902	7293	912	6179	6575	6823	7043	6756	6485	6817	6585	6923	6935	6986	6735	6699	14051	5745	14521	15507	4188	14926	4030	6107	990	990	1052	6337	6797	7371	961	5751	2137	5001	6643	904	1031	1031	5665	14542	14692	7184	14549	6821	16968	14111	6565	15358	7605	14296	7137	14612	20562	13873	15472	14200	15224	16404	6896	6354	6108	6327	6125	6239	6219	5999	6418	6357	6186	6405	2074	904	171	151	185	124	159	159	169	144	151	151	151	159	185	151	159	159	151	151	149	194	214	174	186	184	152	151	151	151	151	189	133	174	173	213	151	151	149	159	151	147	159	159	151	159	185	172	149	172	151	185	178	152	151
Pseudomonas_syringae_pv_syringae_PssA1M197_17707_NZ_JAKMVF010000007	6845	6562	6826	6585	14745	16481	6821	6735	6823	7171	7830	7350	6812	7036	6836	871	909	7282	6746	6550	1239	6835	4411	6666	8197	7300	8078	8127	8324	8494	6315	6654	7561	6502	7025	8078	7198	7101	6907	7281	6534	6869	6778	887	6759	6845	6690	6841	1421	7073	7007	6438	15306	6983	6701	7181	851	6551	6587	6773	6894	6934	6555	6899	6825	6803	6649	6971	6922	6748	20030	6300	15559	14670	4431	14790	4087	6519	887	887	1001	6313	6793	7057	968	6377	2330	4938	6823	850	997	997	6196	16348	16014	7011	15337	6707	13855	13655	6888	13905	8233	17982	7263	13746	13873	21464	14019	16750	14454	15617	6836	6368	6178	6258	6770	6217	6695	6505	6531	6577	6083	6942	2248	850	170	134	182	123	159	159	165	130	134	134	134	159	174	134	159	159	153	134	130	189	206	174	188	190	152	135	134	135	135	192	130	174	173	217	135	135	130	145	135	149	159	159	134	159	174	172	130	172	135	174	179	152	152
Pseudomonas_syringae_pv_syringae_PssA1M201_17710_NZ_JAKMVI010000020	6982	6844	6863	6239	14213	14889	6295	6649	6939	6971	7570	6786	6255	6949	7031	928	946	7084	6723	6280	1075	6871	4462	6216	7848	6865	7780	8098	8116	8222	6075	6617	7278	6726	6939	7780	7106	7006	6897	6815	6582	6803	6281	934	6556	6881	6240	6840	1434	6879	7068	6239	15133	6972	6877	7223	895	6207	6793	6680	7118	6604	6464	6728	6650	7044	6808	6826	6583	6698	14643	5857	13969	14181	4465	13970	4031	6077	934	934	1010	6282	6687	6981	889	5914	2301	4949	6717	847	1009	1009	6007	15159	15131	7379	15674	6761	16570	13892	7089	14323	7900	14882	7049	13839	15472	14019	20416	13683	17847	15055	6940	6462	6230	6212	6182	6189	6185	6108	6559	6218	6538	6397	2269	847	154	140	181	125	151	147	164	145	140	140	140	151	169	140	151	151	146	140	150	177	203	175	181	167	147	140	140	140	140	184	134	175	162	196	140	140	150	153	140	142	151	151	140	151	169	162	150	162	140	169	167	147	146
Pseudomonas_syringae_pv_syringae_PssA1M250_17721_NZ_JAKMVP010000021	6795	6520	6539	6487	15176	15816	6732	6608	6701	7052	7685	7095	6709	6857	6793	1060	1048	6889	6702	6459	1355	6637	4257	6487	8017	7014	7740	8011	8135	8338	6204	6545	7480	6502	6846	7740	6981	7123	6822	7006	6471	6706	6601	1005	6558	6637	6496	6889	1498	7077	7245	6350	14596	6834	6635	7092	942	6427	6556	6684	6896	6819	6357	6902	6678	6767	6636	6787	6803	6526	16177	6243	15707	14567	4270	14481	4071	6402	1005	1005	1111	6240	6888	6960	1078	6309	2411	4867	6735	967	1131	1131	6104	16389	16291	6952	14723	6822	14453	13716	6565	14695	7879	15903	7222	13998	14200	16750	13683	21447	14085	16839	6881	6402	6119	6200	6719	6180	6704	6402	6457	6664	6094	6944	2328	967	167	138	179	136	159	171	172	134	138	138	138	159	175	138	159	159	150	138	136	192	201	183	182	193	164	141	138	141	141	186	136	183	179	215	141	141	136	146	141	143	159	159	138	159	175	166	136	166	141	175	179	164	155
Pseudomonas_syringae_pv_syringae_PssA1M262_17714_NZ_JAKMVV010000011	6742	6509	6679	6394	14250	15797	6519	6799	6986	7399	7767	6718	6423	7047	6913	885	953	7288	6850	6473	1088	6930	4323	6377	7935	6790	7885	8155	8046	8205	6253	7176	7280	6684	7036	7885	7189	7063	7268	6762	6505	6876	6504	960	6603	6930	6387	6942	1421	7014	7216	6559	15333	7064	6838	7737	864	6439	6767	6754	7229	6775	6512	6694	6637	7155	6766	6974	6744	6745	14876	6050	14418	15285	4333	14853	4182	6386	960	960	1050	6637	7285	7455	899	6104	2280	5001	6740	819	979	979	6105	14907	14922	7170	15250	6717	14495	13278	6810	14853	7820	15092	7222	14561	15224	14454	17847	14085	20517	15017	7168	6577	6314	6575	6396	6543	6414	6239	6718	6487	6322	6600	2266	819	165	140	179	123	153	153	165	146	140	140	140	153	174	140	153	153	145	140	148	191	211	176	180	181	146	148	140	148	148	186	132	176	169	210	148	148	148	153	148	141	153	153	140	153	174	161	148	161	148	174	175	146	153
Pseudomonas_syringae_pv_syringae_S2_2_20738_NZ_JARNIX010000035	6709	6480	6557	6542	15396	17765	6941	6636	6703	7215	8112	7755	6961	7438	6954	1013	1024	7011	6746	6629	1247	7224	4325	6433	8223	7717	8446	8809	8794	8974	6422	6740	8134	6746	7427	8446	7068	7039	6793	7752	6542	6872	6789	972	6578	7234	6457	6996	1374	7261	7295	6407	15417	6979	6816	7161	942	6545	6511	6888	7106	6660	6483	6761	6633	6977	6879	6864	6639	6699	16065	6517	16653	15350	4345	14413	4053	6519	972	972	1050	6362	6850	7153	1005	6569	2423	4804	6737	907	1085	1085	6444	15570	15343	7109	15431	6784	16082	15104	6920	14498	8439	15844	7881	15190	16404	15617	15055	16839	15017	22365	6869	6428	6270	6286	6850	6285	6912	6678	6504	6687	6230	7176	2316	920	180	149	199	143	176	166	188	147	149	149	149	176	178	149	176	176	170	149	150	190	207	191	205	190	172	142	149	142	142	206	150	191	190	224	142	142	150	155	142	166	176	176	149	176	178	189	150	189	142	178	183	172	168
Pseudomonas_syringae_pv_syringae_SM_282_NZ_CM001986	12166	12185	12291	6893	7081	7185	6969	12607	11714	9593	9236	12231	7009	10243	12793	936	941	12767	12393	6949	1206	10246	4297	6947	11316	12886	11644	11979	12084	12805	6824	11648	12178	12160	10212	11644	12303	9506	11881	12037	11761	11941	6970	1055	12221	10246	6981	12647	1552	9358	9460	7074	7042	12458	12163	9274	789	6980	11934	11925	12315	12284	12424	11546	12213	12155	12267	12702	12253	12358	6908	6823	6837	6944	4310	6942	4429	6978	1055	1055	1048	7151	8916	9344	923	6840	1991	9380	12199	903	996	996	6555	7012	6870	12222	6696	12707	6815	6991	11462	7068	11721	6905	13078	6994	6896	6836	6940	6881	7168	6869	18797	6892	6993	7134	6902	6937	7083	7093	7432	6981	6977	7195	2004	903	129	125	139	109	109	121	148	125	125	125	125	109	156	125	109	109	146	125	142	155	159	164	136	149	108	125	125	125	125	142	130	164	145	162	125	125	142	152	125	128	109	109	125	109	156	130	142	130	125	156	113	108	132
Pseudomonas_syringae_pv_syringae_UMAF0176_17744_NZ_JAJPOK010000010	6884	6842	6590	15871	6430	6639	15572	6772	6724	7552	7435	6961	14980	10437	7140	826	943	6899	7295	15914	1199	9513	7098	16256	6939	6937	6736	7117	7074	7382	16038	6697	6934	6775	10426	6736	6699	7815	6623	6922	6656	6768	15421	983	6668	9513	16287	6713	1440	7267	7606	16883	6604	6977	6986	7776	740	15482	6786	6651	7038	6677	6432	6487	6727	6898	6919	6952	6650	6791	6493	14352	6327	6280	7098	6645	7562	16196	983	983	1062	15661	7588	7385	895	13539	2193	4878	7049	911	914	914	15137	6632	6551	7106	6189	6785	6425	6449	6822	6600	6707	6482	8508	6493	6354	6368	6462	6402	6577	6428	6892	20555	17297	16360	15679	17808	15478	14627	18001	16051	16291	15754	2110	911	133	109	124	120	146	101	122	113	109	109	109	146	117	109	146	146	110	109	98	131	138	133	140	124	112	109	109	109	109	126	98	133	115	154	109	109	98	107	109	124	146	146	109	146	117	119	98	119	109	117	113	112	128
Pseudomonas_syringae_pv_syringae_UMAF0271_17740_NZ_JAJPOF010000013	7203	7035	6810	15697	6110	6416	15522	6913	6892	7746	7629	7186	15680	10869	7340	840	962	6958	7613	15760	1251	9815	7290	15927	7074	7087	6973	7395	7522	7560	16977	6984	6884	7055	10846	6973	7015	7924	6832	7144	6807	7050	15754	1016	7022	9815	15958	7028	1528	7488	7687	15898	6327	7157	7304	7916	749	16161	6973	7038	7319	6925	6684	6819	7003	7214	7284	7230	6898	7108	6262	15047	6100	6092	7290	6374	7697	15592	1016	1016	1111	16289	8027	7575	892	14089	2247	4907	7167	949	943	943	15064	6361	6305	7471	5893	6986	6182	6299	7114	6397	7052	6230	8926	6272	6108	6178	6230	6119	6314	6270	6993	17297	20550	16062	15592	17468	15612	14940	16779	16185	16526	15488	2163	949	132	114	137	134	112	105	136	118	114	114	114	112	147	114	112	112	105	114	119	156	159	147	139	138	125	114	114	114	114	139	103	147	129	165	114	114	119	130	114	111	112	112	114	112	147	123	119	123	114	147	115	125	137
Pseudomonas_syringae_pv_syringae_UMAF0297_17737_NZ_JAJPOD010000011	7071	6755	6833	15794	6328	6537	16725	6990	7041	7646	7661	7212	15687	10716	7331	843	875	7129	7620	15763	1126	9859	6654	16287	7239	7157	6961	7175	7569	7587	16119	7183	7084	7109	10693	6961	7015	7639	7007	7143	6882	6949	16224	922	7163	9859	16318	7085	1465	7296	7543	16810	6341	7086	7084	7837	734	15808	7081	7009	7400	7025	6759	6837	6934	7260	7007	7314	7018	7230	6312	14496	6210	6307	6654	6617	7153	16098	922	922	1031	17763	7972	7534	919	15002	2115	4984	7180	870	886	886	14673	6504	6443	7324	6109	7000	6083	6285	7015	6553	7040	6367	8830	6608	6327	6258	6212	6200	6575	6286	7134	16360	16062	20405	16480	17153	17088	14645	17340	15809	16024	16053	2051	870	168	149	152	134	176	106	143	153	149	149	149	176	146	149	176	176	131	149	122	174	171	155	175	146	128	149	149	149	149	163	106	155	132	189	149	149	122	143	149	157	176	176	149	176	146	148	122	148	149	146	126	128	154
Pseudomonas_syringae_pv_syringae_UMAF1003_17741_NZ_JAJPOJ010000013	6739	6538	6625	16640	6786	7214	20569	6701	6801	7479	7523	7152	17951	10843	6968	789	919	7069	7357	16576	1152	9881	6851	16481	7076	7127	6883	7032	7362	7495	18198	6713	7132	6900	10820	6883	6860	7597	6435	7105	6658	6797	20064	940	6819	9899	16483	6850	1380	7249	7421	16196	6349	6926	6975	7762	706	16630	6788	6785	7119	6689	6460	6680	6621	6990	6964	6984	6682	6893	6779	17910	6695	6111	6854	6570	7184	17918	940	940	1014	15916	7695	7228	870	17721	2170	5024	7141	884	946	946	16249	6970	6886	7105	6548	6776	6011	6287	6853	6394	6893	6776	8599	6315	6125	6770	6182	6719	6396	6850	6902	15679	15592	16480	22226	15719	19486	17649	15895	16943	15672	18420	2108	908	148	132	136	118	164	93	114	136	132	132	132	164	117	132	164	164	123	132	111	135	144	126	155	119	112	132	132	132	132	147	95	126	123	156	132	132	111	132	132	140	164	164	132	164	117	135	111	135	132	117	110	112	138
Pseudomonas_syringae_pv_syringae_UMAF1013_17734_NZ_JAJPOC010000013	7001	6754	6627	15894	6216	6456	15629	6809	6809	7634	7471	7068	15475	10629	7055	846	949	6971	7493	16030	1168	9593	7107	16224	7064	7031	6861	7086	7410	7486	16627	7061	6923	7042	10618	6861	6717	7565	6855	6987	6728	6856	15566	988	6910	9593	16244	6867	1508	7224	7521	17193	6354	7047	7067	7932	745	15827	6901	6902	7197	6772	6525	6632	6808	7068	7023	7109	6745	7033	6300	14667	6187	6213	7107	6573	7689	16155	988	988	1076	17057	7807	7510	899	14228	2182	4796	6950	927	915	915	15009	6465	6367	7140	5984	6827	6087	6175	6863	6468	6860	6339	8696	6526	6239	6217	6189	6180	6543	6285	6937	17808	17468	17153	15719	20327	15811	14697	17770	16042	16917	15880	2124	927	155	136	148	121	163	97	114	140	136	136	136	163	133	136	163	163	122	136	122	148	146	133	162	124	115	136	136	136	136	150	106	133	123	163	136	136	122	134	136	144	163	163	136	163	133	139	122	139	136	133	126	115	145
Pseudomonas_syringae_pv_syringae_UMAF2016_17739_NZ_JAJPOG010000015	7087	6715	6781	16556	6803	7154	19046	6931	7044	7413	7782	7349	18797	10965	7274	866	910	7185	7690	16420	1166	10081	6872	16965	7289	7322	7077	7302	7794	7793	18624	6989	7242	7188	10944	7077	7168	7549	6808	7302	6862	7038	18909	945	7078	10081	16996	7134	1472	7294	7566	16235	6371	7209	7146	7653	725	16592	7055	7092	7450	6921	6776	6937	6962	7321	7114	7236	6914	7152	6723	17441	6770	6209	6872	6553	7373	18001	945	945	1030	16675	7875	7438	936	17619	2098	4997	7101	904	934	934	16392	6887	6833	7426	6490	7053	6130	6249	6974	6540	7134	6754	8857	6335	6219	6695	6185	6704	6414	6912	7083	15478	15612	17088	19486	15811	22449	17643	15910	16518	15824	18341	2046	928	162	148	152	134	178	103	128	152	148	148	148	178	129	148	178	178	133	148	123	149	156	138	169	127	126	148	148	148	148	161	107	138	131	170	148	148	123	142	148	154	178	178	148	178	129	145	123	145	148	129	122	126	146
Pseudomonas_syringae_pv_syringae_UMAF2600_17732_NZ_JAJPOA010000013	6902	6793	6629	15401	6508	7003	17269	6881	6959	7590	7641	7174	17796	11082	7170	750	867	7097	7588	15766	1145	10260	6146	15956	6905	7134	6862	7133	7606	7693	16804	6802	7148	7020	11059	6862	7043	7540	6698	7095	6833	6914	18752	854	6950	10278	15958	6992	1363	7297	7481	15048	6192	7115	7154	7836	723	15874	6896	6876	7262	6776	6678	6827	6886	7157	7089	7119	6769	7045	6555	18636	6509	5964	6149	6239	6543	16133	854	854	942	15092	7777	7495	836	18366	1952	4865	7149	847	891	891	15474	6724	6665	7377	6348	6956	5952	6275	6894	6159	6908	6551	7942	6094	5999	6505	6108	6402	6239	6678	7093	14627	14940	14645	17649	14697	17643	21932	14988	15839	14524	17543	1896	871	156	149	149	118	171	96	132	139	149	149	149	171	135	149	171	171	129	144	134	139	151	135	163	133	116	144	144	144	144	158	118	135	130	164	144	144	134	131	144	150	171	171	144	171	135	138	134	138	144	135	125	116	141
Pseudomonas_syringae_pv_syringae_UMAF2801_17738_NZ_JAJPOH010000009	7366	7022	7082	16299	6739	6890	15860	7214	7219	7842	7880	7283	15832	10940	7605	833	883	7372	7890	16339	1111	10183	7047	16571	7403	7365	7284	7379	7773	7767	15986	7143	7279	7428	10929	7284	7033	8131	7082	7214	7198	7144	15783	940	7212	10183	16572	7215	1398	7527	7830	16762	6700	7271	7357	8114	750	16114	7256	7160	7644	7167	6940	7061	7245	7504	7277	7419	7140	7335	6591	13929	6391	6435	7047	6836	7338	16321	940	940	1010	16577	7940	7569	937	14344	2177	5190	7429	873	900	900	14593	6765	6704	7598	6343	7204	6443	6716	7176	6756	7176	6634	9051	6721	6418	6531	6559	6457	6718	6504	7432	18001	16779	17340	15895	17770	15910	14988	20419	16674	16436	16875	2112	873	161	142	154	119	169	103	134	146	142	142	142	169	152	142	169	169	120	142	122	167	168	152	160	145	121	142	142	142	142	156	106	152	131	182	142	142	122	142	142	142	169	169	142	169	152	145	122	145	142	152	132	121	153
Pseudomonas_syringae_pv_syringae_UMAF2815_17736_NZ_JAJPNZ010000006	6928	6664	6853	17167	6661	6978	16879	6942	6775	7659	7459	7211	16426	10885	7275	820	840	7117	7474	17515	1151	9821	6779	17171	7236	7239	7050	7203	7380	7458	16596	6751	7274	6937	10862	7050	6872	7671	6670	7108	6739	6764	16407	859	6822	9839	17202	6893	1327	7383	7615	15953	6538	7051	7060	7945	724	17523	6862	6820	7328	6801	6574	6627	6736	7199	7011	7004	6794	6917	6673	14672	6372	6236	6782	6662	7191	16858	859	859	962	16059	7850	7538	932	14303	2036	5120	7190	850	893	893	15098	6742	6707	7096	6509	6748	6220	6300	6964	6496	6907	6570	8798	6432	6357	6577	6218	6664	6487	6687	6981	16051	16185	15809	16943	16042	16518	15839	16674	20968	15953	17435	1957	850	147	127	140	105	165	88	111	137	127	127	127	165	125	127	165	165	110	127	109	136	145	127	142	120	107	133	127	133	133	148	93	127	124	157	133	133	109	127	133	127	165	165	127	165	125	134	109	134	133	125	120	107	139
Pseudomonas_syringae_pv_syringae_UMAF3028_17702_NZ_JACTWB010000009	7445	7057	6919	15730	6204	6387	15861	7019	6995	7624	7506	6960	16009	10631	7415	837	897	7048	7652	15766	1126	9568	7123	16053	7127	6947	6955	7027	7709	7580	17038	7030	6990	7088	10610	6955	6825	7738	6669	6871	6901	6947	15097	930	7057	9586	16084	7082	1359	7307	7538	16108	6593	7210	7184	7662	711	16108	7082	7022	7292	6954	6747	6895	6967	7163	7142	7230	6943	7149	6156	14842	6084	6118	7130	6354	7592	15852	930	930	1017	16182	7612	7259	854	13991	2171	5034	7206	886	873	873	14752	6289	6228	7572	6005	7076	6467	6562	7093	6368	6889	6158	8787	6204	6186	6083	6538	6094	6322	6230	6977	16291	16526	16024	15672	16917	15824	14524	16436	15953	20406	16283	2096	886	145	123	138	103	155	84	101	129	123	123	123	155	123	123	155	155	106	123	107	124	135	119	138	106	105	123	123	123	123	138	91	119	112	147	123	123	107	123	123	123	155	155	123	155	123	130	107	130	123	123	112	105	127
Pseudomonas_syringae_pv_syringae_UMAF7000_17735_NZ_JAJPNY010000012	7135	6810	6873	17487	7097	7465	18904	7061	7026	7527	7651	7455	18453	11032	7365	840	919	7229	7740	17241	1118	10178	6750	17857	7250	7431	7095	7267	7733	7740	17692	6979	7418	7239	11009	7095	7067	7560	6833	7383	6868	6950	18304	907	6961	10178	17888	6992	1362	7346	7599	15900	6590	7165	7161	8030	706	17508	7147	7068	7473	6932	6708	6847	7014	7344	7104	7110	6921	7035	6991	16329	6962	6356	6750	6736	7274	18138	907	907	1000	16294	7805	7300	952	16377	2105	5170	7368	912	967	967	16349	7159	7074	7400	6868	6965	6262	6478	7133	6590	7119	6933	9241	6558	6405	6942	6397	6944	6600	7176	7195	15754	15488	16053	18420	15880	18341	17543	16875	17435	16283	22325	2034	936	150	132	139	107	167	90	133	142	132	132	132	167	144	132	167	167	115	132	115	155	175	146	145	139	106	138	132	138	138	147	99	146	130	173	138	138	115	132	138	132	167	167	132	167	144	136	115	136	138	144	123	106	148
Pseudomonas_syringae_pv_tagetis_ICMP_4091_14835_NZ_CP092923	1860	1930	1793	2001	2158	2354	2033	1918	2065	1957	2248	1942	2042	1859	1861	1010	1063	1960	1894	2006	942	1952	2308	1985	2019	1967	2063	1962	2111	2114	2138	1863	1972	1900	1853	2063	1928	2053	1857	1949	1880	1942	2134	1141	1861	1952	2013	1902	1092	2094	1945	2113	2327	1911	1922	2176	803	1989	1941	1989	1929	1825	1769	1831	2045	1863	1919	1958	1814	1908	2294	1899	2200	2091	2308	2151	2367	2029	1141	1141	1113	2038	2015	2033	838	1867	16198	1627	1897	1023	955	955	2089	2215	2146	1895	2240	1976	2110	2090	1874	2117	2006	2298	2048	2206	2074	2248	2269	2328	2266	2316	2004	2110	2163	2051	2108	2124	2046	1896	2112	1957	2096	2034	20094	1023	142	166	172	153	165	133	207	166	166	166	166	165	158	166	165	165	144	160	147	210	179	188	162	198	141	166	160	166	166	194	147	188	167	195	166	166	147	163	166	146	165	165	160	165	158	143	147	143	166	158	144	141	163
Pseudomonas_syringae_pv_tomato_BRIP38746_11422_NZ_SNVG01000020	887	1069	1042	826	900	941	925	929	904	852	990	1068	940	811	928	2206	14769	877	891	801	1056	904	1059	903	849	1060	865	828	936	912	1016	833	1046	898	811	865	964	1084	1116	1047	1027	944	883	6440	834	904	903	1091	1319	859	864	933	908	1092	888	1031	1545	807	992	954	862	814	830	874	1055	780	895	876	805	876	874	908	924	856	1059	886	1101	1057	6440	6440	6312	856	873	893	3077	919	995	1064	852	20704	1765	1774	897	880	837	903	781	924	813	866	1043	854	917	892	864	807	904	850	847	967	819	920	903	911	949	870	908	927	928	871	873	850	886	936	1023	21799	134	138	154	145	145	137	172	130	138	138	138	145	174	138	145	145	132	146	155	195	182	212	155	176	110	137	146	137	137	159	155	212	134	194	137	137	155	157	137	120	145	145	146	145	174	106	155	106	137	174	161	110	135
p1.G2	122	136	124	131	156	172	153	140	134	148	168	136	143	132	115	109	144	146	140	137	154	135	163	155	113	115	125	135	119	121	153	148	141	145	126	125	114	178	138	124	142	133	146	159	170	135	155	142	138	145	163	158	171	136	143	164	196	117	122	148	141	148	148	142	131	141	143	170	148	160	171	136	155	167	163	157	175	143	159	159	175	163	140	168	126	141	120	150	125	134	128	128	133	135	135	138	166	129	166	182	124	159	145	173	113	154	171	170	154	167	165	180	129	133	132	168	148	155	162	156	161	147	145	150	142	134	16146	8772	8838	9597	8502	9022	6399	8896	8772	8772	8772	8502	8146	8772	8502	8502	9923	8779	8497	7760	7530	8747	13785	6970	8818	8969	8808	9216	9135	9304	8519	8747	7246	12856	9216	9216	8533	9077	9216	10539	8502	8502	8779	8502	8160	9594	8544	9594	9216	8146	8893	8823	6198
p12.A11	133	136	136	122	151	152	130	135	144	126	151	150	126	138	120	110	152	147	127	122	159	141	140	135	114	130	136	138	124	137	146	122	137	129	138	136	119	146	141	138	138	120	139	155	130	141	135	136	110	116	116	125	151	138	134	125	186	114	149	138	152	131	126	133	143	152	134	130	131	120	135	130	171	135	140	152	162	110	155	155	175	154	135	143	114	123	152	138	134	138	135	135	120	146	146	140	152	131	151	160	126	146	130	135	112	140	151	134	140	138	140	149	125	109	114	149	132	136	148	149	142	127	123	132	166	138	8772	16048	8193	10446	8689	8228	6722	11346	16048	16048	16048	8689	8423	16048	8689	8689	9248	13795	8586	7915	7939	8774	8531	6525	8055	11042	12911	11359	11258	8652	8513	8774	7244	9121	11359	11359	8681	10562	11359	9569	8689	8689	13795	8689	8450	8165	8661	8165	11359	8423	9561	8065	6365
p12.E2	140	142	140	130	175	186	131	162	162	141	184	140	132	139	123	129	167	145	154	130	191	145	155	156	138	131	137	153	137	141	148	158	151	141	139	137	130	163	142	140	154	145	139	171	174	145	156	154	148	134	146	140	185	156	143	155	198	114	140	160	137	162	148	154	149	137	143	174	162	164	183	133	159	179	155	171	153	134	171	171	194	147	141	155	133	134	150	163	129	154	152	152	130	155	155	156	187	141	193	201	128	173	149	185	125	175	185	182	181	179	179	199	139	124	137	152	136	148	152	149	154	140	138	139	172	154	8838	8193	15540	8563	10126	7989	6488	8458	8193	8193	8193	10126	7411	8193	10126	10126	9141	7826	7707	6554	7105	7363	8622	6601	8387	8180	7755	8278	8273	11513	7701	7363	6988	9107	8278	8278	7790	8173	8278	9061	10126	10126	7826	10126	7428	8825	7746	8825	8278	7411	7704	8559	6236
p12.G7	109	113	115	103	132	125	116	129	127	100	144	129	98	114	92	125	153	116	121	103	204	117	123	116	107	100	109	118	106	109	106	129	129	117	114	109	105	117	117	117	121	114	108	148	131	117	116	123	130	115	109	124	124	125	109	113	217	101	107	111	115	135	99	123	123	115	109	131	135	121	124	104	105	124	123	125	118	109	148	148	161	127	123	107	118	107	143	134	105	145	148	148	119	122	122	123	132	111	128	148	105	124	125	127	85	128	124	123	125	136	123	143	109	120	134	134	118	121	134	118	119	105	103	107	153	145	9597	10446	8563	15991	7778	9204	7156	10584	10446	10446	10446	7778	8464	10446	7778	7778	9759	9925	8661	7961	7517	8843	10442	7042	8393	10116	9930	10359	10258	8477	8673	8843	7281	9950	10359	10359	8711	10001	10359	9727	7778	7778	9925	7778	8491	7726	8726	7726	10359	8464	8679	8403	6413
p13.C1	110	121	105	147	156	160	157	137	131	120	154	122	146	118	114	121	157	122	123	153	174	121	140	182	117	99	116	123	116	103	169	119	130	111	112	116	100	145	121	110	125	116	161	143	141	121	182	125	102	119	137	171	162	119	113	145	175	133	110	136	125	133	124	130	125	125	113	141	133	140	160	152	165	160	140	148	181	156	143	143	211	171	132	144	131	149	146	127	93	145	144	144	146	124	124	121	165	111	166	178	98	150	131	159	104	152	159	159	151	159	153	176	109	146	112	176	164	163	178	171	169	165	155	167	165	145	8502	8689	10126	7778	15657	8549	7069	8102	8689	8689	8689	15657	7869	8689	15657	15657	8407	8167	7404	7075	7918	7681	8410	6763	8459	7931	8232	8026	8021	12573	7428	7681	7180	8588	8026	8026	7466	7909	8026	8489	15657	15657	8167	15657	7821	8519	7459	8519	8026	7869	8492	8719	5949
p13.D10	101	112	101	81	145	160	86	113	107	104	125	113	78	108	86	110	150	110	105	87	165	111	108	110	78	95	107	101	84	113	98	103	107	95	102	107	91	133	112	101	107	98	86	157	123	111	110	107	104	105	123	102	159	101	95	125	161	83	101	127	115	109	115	107	129	115	95	123	109	113	160	81	135	159	108	145	117	89	157	157	167	101	110	128	93	87	133	114	103	137	126	126	91	124	124	103	152	107	159	165	89	147	108	159	106	144	159	159	147	171	153	166	121	101	105	106	93	97	103	96	103	88	84	90	133	137	9022	8228	7989	9204	8549	15893	6521	8825	8228	8228	8228	8549	7745	8228	8549	8549	10347	7864	7411	6744	6774	7385	9673	6528	8386	8362	8000	8521	8516	8307	7416	7385	6685	8794	8521	8521	7466	8601	8521	9805	8549	8549	7864	8549	7734	7873	7470	7873	8521	7745	7360	8534	5467
p13.F3	152	158	155	110	177	167	128	160	169	169	176	169	131	154	135	128	171	181	146	110	223	157	205	145	133	163	148	145	132	148	122	167	148	143	154	148	138	185	156	157	157	148	122	173	156	157	145	155	125	161	161	146	172	157	145	183	246	112	157	154	169	166	142	152	169	169	145	156	166	143	166	112	150	172	205	170	155	109	173	173	176	150	173	171	117	121	183	156	145	172	162	162	130	167	167	155	180	150	173	196	145	172	148	169	129	174	169	165	164	172	165	188	148	122	136	143	114	114	128	132	134	111	101	133	207	172	6399	6722	6488	7156	7069	6521	14475	7065	6722	6722	6722	7069	7195	6722	7069	7069	6659	6531	6934	7003	7209	7191	6195	7738	6367	6448	6646	6600	6594	6925	6926	7191	8862	6673	6600	6600	6987	6790	6600	6543	7069	7069	6531	7069	7201	6453	6967	6453	6600	7195	7086	6467	6809
p20.D4	133	136	129	126	149	148	134	141	143	122	146	143	116	128	118	113	142	143	127	126	178	131	138	145	116	123	128	130	116	129	136	115	129	114	128	128	119	139	133	131	131	120	129	139	127	131	145	129	118	126	123	129	147	131	119	124	188	104	131	135	145	137	123	133	142	145	119	127	137	117	131	122	164	131	138	145	131	114	139	139	175	146	151	136	114	129	146	134	119	130	125	125	132	142	142	135	155	131	148	155	119	147	130	134	105	138	144	130	145	134	146	147	125	113	118	153	136	140	152	139	146	137	129	142	166	130	8896	11346	8458	10584	8102	8825	7065	15912	11346	11346	11346	8102	9329	11346	8102	8102	9571	10742	9098	8058	8404	9071	8468	7332	7765	11051	10929	11281	11276	8425	9001	9071	7804	9054	11281	11281	9178	9780	11281	8379	8102	8102	10742	8102	9356	7616	9158	7616	11281	9329	9187	7924	7285
p20.F10	133	136	136	122	151	152	130	135	144	126	151	150	126	138	120	110	152	147	127	122	159	141	140	135	114	130	136	138	124	137	146	122	137	129	138	136	119	146	141	138	138	120	139	155	130	141	135	136	110	116	116	125	151	138	134	125	186	114	149	138	152	131	126	133	143	152	134	130	131	120	135	130	171	135	140	152	162	110	155	155	175	154	135	143	114	123	152	138	134	138	135	135	120	146	146	140	152	131	151	160	126	146	130	135	112	140	151	134	140	138	140	149	125	109	114	149	132	136	148	149	142	127	123	132	166	138	8772	16048	8193	10446	8689	8228	6722	11346	16048	16048	16048	8689	8423	16048	8689	8689	9248	13795	8586	7915	7939	8774	8531	6525	8055	11042	12911	11359	11258	8652	8513	8774	7244	9121	11359	11359	8681	10562	11359	9569	8689	8689	13795	8689	8450	8165	8661	8165	11359	8423	9561	8065	6365
p20.G9	133	136	136	122	151	152	130	135	144	126	151	150	126	138	120	110	152	147	127	122	159	141	140	135	114	130	136	138	124	137	146	122	137	129	138	136	119	146	141	138	138	120	139	155	130	141	135	136	110	116	116	125	151	138	134	125	186	114	149	138	152	131	126	133	143	152	134	130	131	120	135	130	171	135	140	152	162	110	155	155	175	154	135	143	114	123	152	138	134	138	135	135	120	146	146	140	152	131	151	160	126	146	130	135	112	140	151	134	140	138	140	149	125	109	114	149	132	136	148	149	142	127	123	132	166	138	8772	16048	8193	10446	8689	8228	6722	11346	16048	16048	16048	8689	8423	16048	8689	8689	9248	13795	8586	7915	7939	8774	8531	6525	8055	11042	12911	11359	11258	8652	8513	8774	7244	9121	11359	11359	8681	10562	11359	9569	8689	8689	13795	8689	8450	8165	8661	8165	11359	8423	9561	8065	6365
p21.A8	133	136	136	122	151	152	130	135	144	126	151	150	126	138	120	110	152	147	127	122	159	141	140	135	114	130	136	138	124	137	146	122	137	129	138	136	119	146	141	138	138	120	139	155	130	141	135	136	110	116	116	125	151	138	134	125	186	114	149	138	152	131	126	133	143	152	134	130	131	120	135	130	171	135	140	152	162	110	155	155	175	154	135	143	114	123	152	138	134	138	135	135	120	146	146	140	152	131	151	160	126	146	130	135	112	140	151	134	140	138	140	149	125	109	114	149	132	136	148	149	142	127	123	132	166	138	8772	16048	8193	10446	8689	8228	6722	11346	16048	16048	16048	8689	8423	16048	8689	8689	9248	13795	8586	7915	7939	8774	8531	6525	8055	11042	12911	11359	11258	8652	8513	8774	7244	9121	11359	11359	8681	10562	11359	9569	8689	8689	13795	8689	8450	8165	8661	8165	11359	8423	9561	8065	6365
p21.E3	110	121	105	147	156	160	157	137	131	120	154	122	146	118	114	121	157	122	123	153	174	121	140	182	117	99	116	123	116	103	169	119	130	111	112	116	100	145	121	110	125	116	161	143	141	121	182	125	102	119	137	171	162	119	113	145	175	133	110	136	125	133	124	130	125	125	113	141	133	140	160	152	165	160	140	148	181	156	143	143	211	171	132	144	131	149	146	127	93	145	144	144	146	124	124	121	165	111	166	178	98	150	131	159	104	152	159	159	151	159	153	176	109	146	112	176	164	163	178	171	169	165	155	167	165	145	8502	8689	10126	7778	15657	8549	7069	8102	8689	8689	8689	15657	7869	8689	15657	15657	8407	8167	7404	7075	7918	7681	8410	6763	8459	7931	8232	8026	8021	12573	7428	7681	7180	8588	8026	8026	7466	7909	8026	8489	15657	15657	8167	15657	7821	8519	7459	8519	8026	7869	8492	8719	5949
p21.F1	174	170	168	124	184	186	140	152	152	169	158	176	141	172	165	131	171	166	152	124	164	180	152	135	136	159	185	163	151	173	135	158	174	173	172	185	156	188	181	184	160	155	125	187	172	180	135	162	136	155	156	124	185	158	168	163	218	116	197	174	172	164	174	158	167	172	168	172	164	162	175	119	165	175	152	184	145	105	187	187	182	146	163	174	138	133	145	157	178	174	171	171	123	178	178	164	181	162	175	188	184	178	168	175	138	162	185	174	169	175	174	178	156	117	147	146	117	133	129	135	152	125	123	144	158	174	8146	8423	7411	8464	7869	7745	7195	9329	8423	8423	8423	7869	15940	8423	7869	7869	7712	8762	9427	9983	8864	10701	7623	7311	6836	9028	8999	9199	9194	8132	9374	10701	7551	8597	9199	9199	9520	8661	9199	7658	7869	7869	8762	7869	15847	6942	9520	6942	9199	15940	10077	6928	6256
p21.F9	133	136	136	122	151	152	130	135	144	126	151	150	126	138	120	110	152	147	127	122	159	141	140	135	114	130	136	138	124	137	146	122	137	129	138	136	119	146	141	138	138	120	139	155	130	141	135	136	110	116	116	125	151	138	134	125	186	114	149	138	152	131	126	133	143	152	134	130	131	120	135	130	171	135	140	152	162	110	155	155	175	154	135	143	114	123	152	138	134	138	135	135	120	146	146	140	152	131	151	160	126	146	130	135	112	140	151	134	140	138	140	149	125	109	114	149	132	136	148	149	142	127	123	132	166	138	8772	16048	8193	10446	8689	8228	6722	11346	16048	16048	16048	8689	8423	16048	8689	8689	9248	13795	8586	7915	7939	8774	8531	6525	8055	11042	12911	11359	11258	8652	8513	8774	7244	9121	11359	11359	8681	10562	11359	9569	8689	8689	13795	8689	8450	8165	8661	8165	11359	8423	9561	8065	6365
p22.A8	110	121	105	147	156	160	157	137	131	120	154	122	146	118	114	121	157	122	123	153	174	121	140	182	117	99	116	123	116	103	169	119	130	111	112	116	100	145	121	110	125	116	161	143	141	121	182	125	102	119	137	171	162	119	113	145	175	133	110	136	125	133	124	130	125	125	113	141	133	140	160	152	165	160	140	148	181	156	143	143	211	171	132	144	131	149	146	127	93	145	144	144	146	124	124	121	165	111	166	178	98	150	131	159	104	152	159	159	151	159	153	176	109	146	112	176	164	163	178	171	169	165	155	167	165	145	8502	8689	10126	7778	15657	8549	7069	8102	8689	8689	8689	15657	7869	8689	15657	15657	8407	8167	7404	7075	7918	7681	8410	6763	8459	7931	8232	8026	8021	12573	7428	7681	7180	8588	8026	8026	7466	7909	8026	8489	15657	15657	8167	15657	7821	8519	7459	8519	8026	7869	8492	8719	5949
p22.B5	110	121	105	147	156	160	157	137	131	120	154	122	146	118	114	121	157	122	123	153	174	121	140	182	117	99	116	123	116	103	169	119	130	111	112	116	100	145	121	110	125	116	161	143	141	121	182	125	102	119	137	171	162	119	113	145	175	133	110	136	125	133	124	130	125	125	113	141	133	140	160	152	165	160	140	148	181	156	143	143	211	171	132	144	131	149	146	127	93	145	144	144	146	124	124	121	165	111	166	178	98	150	131	159	104	152	159	159	151	159	153	176	109	146	112	176	164	163	178	171	169	165	155	167	165	145	8502	8689	10126	7778	15657	8549	7069	8102	8689	8689	8689	15657	7869	8689	15657	15657	8407	8167	7404	7075	7918	7681	8410	6763	8459	7931	8232	8026	8021	12573	7428	7681	7180	8588	8026	8026	7466	7909	8026	8489	15657	15657	8167	15657	7821	8519	7459	8519	8026	7869	8492	8719	5949
p22.C1	128	137	126	106	159	152	119	138	134	120	146	138	108	134	111	121	135	137	130	112	187	137	120	128	112	116	132	127	111	138	120	128	132	120	128	132	116	142	137	126	134	123	119	130	130	137	128	132	94	132	132	132	151	126	122	132	180	92	128	136	142	134	124	134	154	142	122	130	134	120	154	114	147	151	120	152	118	117	130	130	142	129	135	137	104	111	124	134	128	132	120	120	109	140	140	130	154	132	154	177	114	151	133	153	122	155	151	153	146	150	145	170	146	110	105	131	123	122	133	129	120	110	106	115	144	132	9923	9248	9141	9759	8407	10347	6659	9571	9248	9248	9248	8407	7712	9248	8407	8407	15589	8298	7489	6442	6981	7485	11106	6562	8606	8520	8434	8680	8675	9103	7523	7485	6714	9091	8680	8680	7544	9726	8680	11725	8407	8407	8298	8407	7718	9251	7548	9251	8680	7712	7490	8765	6004
p22.D1	146	136	150	122	151	152	130	135	139	121	146	145	121	133	120	110	160	155	127	122	178	136	137	135	133	125	155	151	124	137	141	120	150	124	133	155	119	151	160	133	133	133	134	163	127	136	135	131	110	116	126	125	151	133	129	117	186	109	152	135	147	131	123	133	138	147	129	127	131	117	135	125	168	135	137	152	157	110	163	163	183	149	135	135	120	123	147	146	142	146	141	141	120	146	146	148	152	131	148	157	134	146	130	135	107	140	151	134	140	138	140	149	125	109	114	149	132	136	148	144	142	127	123	132	160	146	8779	13795	7826	9925	8167	7864	6531	10742	13795	13795	13795	8167	8762	13795	8167	8167	8298	16194	8880	8058	8508	9226	8578	6683	7850	13123	15140	13440	13339	8045	8810	9226	7249	9170	13440	13440	8954	9405	13440	8788	8167	8167	16194	8167	8746	7840	8958	7840	13440	8762	10040	7860	6409
p22.D4	136	142	139	100	151	150	109	140	149	156	150	141	121	135	111	137	150	167	132	100	197	141	152	111	119	147	132	133	119	148	128	135	132	124	135	132	122	169	139	141	141	133	124	151	140	141	111	139	123	129	129	111	149	143	129	148	177	102	141	138	135	146	126	134	160	135	129	140	146	130	131	120	137	133	152	150	122	99	151	151	173	129	149	158	138	111	125	143	143	155	151	151	113	147	147	144	157	134	153	157	129	149	136	136	129	138	149	130	150	136	148	150	142	98	119	122	111	122	123	134	122	109	107	115	147	155	8497	8586	7707	8661	7404	7411	6934	9098	8586	8586	8586	7404	9427	8586	7404	7404	7489	8880	16132	9379	8294	10297	8290	6552	6956	9118	8934	9377	9316	7431	15863	10297	7533	8585	9377	9377	15946	9221	9377	7874	7404	7404	8880	7404	9405	6911	16039	6911	9377	9427	10542	6956	6174
p23.A3	169	169	155	137	196	198	144	171	165	187	171	183	133	176	162	152	194	177	157	143	180	173	199	161	138	150	177	152	138	153	133	154	161	146	170	177	145	206	169	171	159	154	129	188	173	173	161	159	146	180	181	147	197	155	147	195	227	116	167	175	187	185	163	159	175	187	147	173	185	163	190	119	177	192	199	193	175	119	188	188	211	165	212	192	157	148	190	164	145	195	183	183	137	181	181	161	193	161	183	205	159	195	171	192	135	185	194	189	177	192	191	190	155	131	156	174	135	148	149	139	167	136	124	155	210	195	7760	7915	6554	7961	7075	6744	7003	8058	7915	7915	7915	7075	9983	7915	7075	7075	6442	8058	9379	15034	8370	10388	7311	7220	6970	8188	8070	8418	8357	6841	9312	10388	6823	8039	8418	8418	9433	7905	8418	6802	7075	7075	8058	7075	9961	7070	9426	7070	8418	9983	9964	6970	6297
p23.B2	189	173	171	148	206	218	166	175	177	183	178	193	162	187	162	148	194	177	169	148	191	184	177	178	143	168	177	167	150	163	151	159	166	148	187	177	153	196	170	181	165	155	141	193	172	184	178	163	132	159	163	154	217	173	153	181	216	143	179	192	193	181	172	173	184	193	153	172	181	162	207	135	188	207	177	203	166	131	193	193	197	169	186	183	137	149	166	173	153	182	182	182	153	196	196	178	213	173	209	210	175	205	167	207	150	187	214	206	203	201	211	207	159	138	159	171	144	146	156	151	168	145	135	175	179	182	7530	7939	7105	7517	7918	6774	7209	8404	7939	7939	7939	7918	8864	7939	7918	7918	6981	8508	8294	8370	14808	8206	7101	7204	7574	8527	8545	8703	8698	7803	8182	8206	6809	7966	8703	8703	8334	7577	8703	7042	7918	7918	8508	7918	8842	7814	8327	7814	8703	8864	8768	7865	6878
p23.B8	150	160	158	124	185	178	137	162	162	164	167	172	135	158	135	156	206	174	148	124	186	161	171	165	134	149	151	147	133	164	135	164	156	146	158	151	146	179	164	160	150	142	125	202	164	161	165	152	132	162	162	149	177	154	138	181	240	116	150	152	162	174	140	148	186	162	138	164	174	154	175	121	161	177	171	175	127	121	202	202	194	157	172	171	151	135	175	157	162	212	171	171	131	172	172	153	185	152	178	201	148	177	160	180	142	179	174	174	175	183	176	191	164	133	147	155	126	133	138	135	152	127	119	146	188	212	8747	8774	7363	8843	7681	7385	7191	9071	8774	8774	8774	7681	10701	8774	7681	7681	7485	9226	10297	10388	8206	16123	8202	7341	6972	9170	9242	9385	9324	7834	10338	16123	7839	8977	9385	9385	10406	8729	9385	7704	7681	7681	9226	7681	10707	7127	10387	7127	9385	10701	10754	6972	6479
p24.B5	129	143	131	138	178	187	148	155	149	158	182	143	144	139	118	121	158	153	147	144	178	142	173	158	127	122	132	142	126	128	152	155	148	140	133	132	121	187	145	131	149	140	153	150	177	142	158	149	128	149	170	165	186	143	138	179	213	124	129	155	144	163	143	149	146	144	138	177	163	167	189	143	173	182	173	172	173	150	150	150	177	170	155	175	134	148	143	151	120	155	138	138	145	150	150	145	188	136	193	204	119	174	152	188	120	176	186	188	181	182	180	205	136	140	139	175	155	162	169	163	160	142	138	145	162	155	13785	8531	8622	10442	8410	9673	6195	8468	8531	8531	8531	8410	7623	8531	8410	8410	11106	8578	8290	7311	7101	8202	16027	6750	8715	8743	8582	8960	8879	9143	8324	8202	6797	12608	8960	8960	8338	9435	8960	12070	8410	8410	8578	8410	7637	9116	8349	9116	8960	7623	8442	8720	5885
p24.H2	182	162	169	115	193	188	128	164	162	166	166	180	131	175	148	136	173	185	147	121	190	170	175	156	139	147	184	168	128	143	129	169	174	146	169	184	135	215	176	168	156	167	123	171	162	170	156	156	117	164	193	142	187	152	144	192	204	114	178	170	182	169	158	151	172	182	144	162	169	152	191	115	174	193	175	184	149	114	171	171	189	151	175	182	163	129	176	184	165	176	163	163	115	173	173	179	182	151	178	212	179	187	155	193	135	181	184	190	167	193	181	190	149	124	138	146	119	124	127	133	145	120	106	139	198	176	6970	6525	6601	7042	6763	6528	7738	7332	6525	6525	6525	6763	7311	6525	6763	6763	6562	6683	6552	7220	7204	7341	6750	14831	6279	6740	6728	6849	6843	6626	6569	7341	8622	7238	6849	6849	6606	7051	6849	6480	6763	6763	6683	6763	7290	6657	6599	6657	6849	7311	7154	6301	7382
p25.A12	104	112	104	95	146	153	105	130	124	105	156	116	97	110	104	129	125	107	122	101	187	113	129	121	102	95	121	128	112	113	113	122	135	121	104	121	94	134	123	104	124	115	106	128	144	113	121	124	119	100	115	116	152	118	123	124	191	102	112	130	129	130	118	124	118	129	123	144	130	134	153	102	130	150	129	141	126	101	128	128	160	125	111	122	138	103	141	132	103	110	134	134	119	120	120	120	160	110	154	168	92	135	122	155	94	142	152	152	147	164	146	172	108	112	125	128	112	115	126	116	121	107	105	106	141	110	8818	8055	8387	8393	8459	8386	6367	7765	8055	8055	8055	8459	6836	8055	8459	8459	8606	7850	6956	6970	7574	6972	8715	6279	14585	8249	7947	8376	8376	8743	6972	6972	6566	8170	8376	8376	7012	7715	8376	8489	8459	8459	7850	8459	6822	10300	7003	10300	8376	6836	7252	14555	5738
p25.B2	146	136	150	122	149	155	130	141	145	121	141	149	121	133	118	113	151	155	127	122	181	136	137	141	128	125	147	143	116	129	141	120	142	116	133	147	119	151	152	137	133	133	134	145	127	136	141	131	110	116	126	125	154	133	121	123	178	109	141	135	145	137	123	133	144	145	121	127	137	117	136	125	171	138	137	152	157	110	145	145	186	149	141	135	124	123	153	149	134	137	144	144	121	146	146	148	150	131	148	155	134	154	130	138	107	138	151	135	140	141	148	142	125	109	114	149	132	136	148	144	142	133	123	138	166	137	8969	11042	8180	10116	7931	8362	6448	11051	11042	11042	11042	7931	9028	11042	7931	7931	8520	13123	9118	8188	8527	9170	8743	6740	8249	16358	13327	16113	16066	8585	9063	9170	6881	9582	16113	16113	9192	9328	16083	9080	7931	7931	13123	7931	9006	8045	9196	8045	16113	9028	9513	8254	6296
p25.C11	146	136	150	122	151	152	130	135	139	121	146	145	121	133	120	110	160	155	127	122	183	136	137	135	133	125	155	151	124	137	141	120	150	124	133	155	119	151	160	133	133	133	134	157	127	136	135	131	110	116	126	125	151	133	129	117	186	109	152	135	147	131	123	133	138	147	129	127	131	117	135	125	168	135	137	152	157	110	157	157	189	149	135	135	120	123	147	146	142	146	141	141	120	146	146	148	152	131	148	157	134	146	130	135	107	140	151	134	140	138	140	149	125	109	114	149	132	136	148	144	142	127	123	132	160	146	8808	12911	7755	9930	8232	8000	6646	10929	12911	12911	12911	8232	8999	12911	8232	8232	8434	15140	8934	8070	8545	9242	8582	6728	7947	13327	16220	13614	13545	8163	8864	9242	7402	9130	13614	13614	9008	9442	13614	8842	8232	8232	15140	8232	8977	7921	9012	7921	13614	8999	10063	7957	6409
p25.C2	146	136	150	122	149	155	130	141	145	121	141	149	121	133	118	113	151	155	127	122	181	136	137	141	128	125	147	143	116	129	141	120	142	116	133	147	119	151	152	137	133	133	134	145	127	136	141	131	110	116	126	125	154	133	121	123	178	109	141	135	145	137	123	133	144	145	121	127	137	117	136	125	171	138	137	152	157	110	145	145	186	149	141	135	124	123	153	149	134	137	144	144	121	146	146	148	150	131	148	155	134	154	130	138	107	138	151	135	140	141	148	142	125	109	114	149	132	136	148	144	142	133	123	138	166	137	9216	11359	8278	10359	8026	8521	6600	11281	11359	11359	11359	8026	9199	11359	8026	8026	8680	13440	9377	8418	8703	9385	8960	6849	8376	16113	13614	16430	16329	8680	9291	9385	7015	9824	16430	16430	9451	9575	16400	9297	8026	8026	13440	8026	9177	8240	9455	8240	16430	9199	9755	8386	6495
p25.D2	146	136	150	122	149	155	130	141	145	121	141	149	121	133	118	113	151	155	127	122	181	136	137	141	128	125	147	143	116	129	141	120	142	116	133	147	119	151	152	137	133	133	134	145	127	136	141	131	110	116	126	125	154	133	121	123	178	109	141	135	145	137	123	133	144	145	121	127	137	117	136	125	171	138	137	152	157	110	145	145	186	149	141	135	124	123	153	149	134	137	144	144	121	146	146	148	150	131	148	155	134	154	130	138	107	138	151	135	140	141	148	142	125	109	114	149	132	136	148	144	142	133	123	138	166	137	9135	11258	8273	10258	8021	8516	6594	11276	11258	11258	11258	8021	9194	11258	8021	8021	8675	13339	9316	8357	8698	9324	8879	6843	8376	16066	13545	16329	16387	8675	9230	9324	7009	9743	16329	16329	9390	9505	16299	9216	8021	8021	13339	8021	9172	8230	9394	8230	16329	9194	9689	8381	6489
p26.B7	137	145	144	130	182	193	140	169	170	146	197	156	139	152	132	136	177	147	155	136	170	155	171	162	135	135	140	150	134	136	155	162	154	151	146	140	127	175	145	144	164	148	148	161	177	155	162	164	134	134	149	151	192	158	153	171	182	123	144	163	163	169	151	157	165	163	153	177	169	167	193	142	169	186	171	175	169	136	161	161	186	165	148	163	134	136	174	166	133	159	147	147	139	153	153	158	194	144	196	208	132	180	152	192	135	182	189	192	184	186	186	206	142	126	139	163	147	150	161	158	156	148	138	147	194	159	9304	8652	11513	8477	12573	8307	6925	8425	8652	8652	8652	12573	8132	8652	12573	12573	9103	8045	7431	6841	7803	7834	9143	6626	8743	8585	8163	8680	8675	15680	7438	7834	6645	9613	8680	8680	7463	8657	8680	9839	12573	12573	8045	12573	8146	9044	7486	9044	8680	8132	8048	9003	6032
p26.D6	120	126	123	84	141	134	93	124	133	141	135	125	105	119	95	137	150	151	116	84	197	125	145	111	104	131	117	117	103	132	112	135	116	111	119	117	106	154	124	125	125	117	108	146	124	125	111	123	108	129	129	111	133	127	113	146	174	86	125	122	119	130	110	118	145	119	113	124	130	114	131	104	121	133	145	134	106	99	146	146	168	113	134	143	138	95	125	127	127	155	151	151	97	131	131	128	141	118	137	157	113	133	120	136	113	138	133	130	134	136	132	150	130	98	103	106	95	106	107	118	106	93	91	99	147	155	8519	8513	7701	8673	7428	7416	6926	9001	8513	8513	8513	7428	9374	8513	7428	7428	7523	8810	15863	9312	8182	10338	8324	6569	6972	9063	8864	9291	9230	7438	16015	10338	7527	8622	9291	9291	15863	9139	9291	7865	7428	7428	8810	7428	9352	6947	15956	6947	9291	9374	10511	6972	6156
p26.E7	150	160	158	124	185	178	137	162	162	164	167	172	135	158	135	156	206	174	148	124	186	161	171	165	134	149	151	147	133	164	135	164	156	146	158	151	146	179	164	160	150	142	125	202	164	161	165	152	132	162	162	149	177	154	138	181	240	116	150	152	162	174	140	148	186	162	138	164	174	154	175	121	161	177	171	175	127	121	202	202	194	157	172	171	151	135	175	157	162	212	171	171	131	172	172	153	185	152	178	201	148	177	160	180	142	179	174	174	175	183	176	191	164	133	147	155	126	133	138	135	152	127	119	146	188	212	8747	8774	7363	8843	7681	7385	7191	9071	8774	8774	8774	7681	10701	8774	7681	7681	7485	9226	10297	10388	8206	16123	8202	7341	6972	9170	9242	9385	9324	7834	10338	16123	7839	8977	9385	9385	10406	8729	9385	7704	7681	7681	9226	7681	10707	7127	10387	7127	9385	10701	10754	6972	6479
p27.D6	180	160	156	101	190	171	119	160	153	155	162	167	115	158	142	131	131	176	143	107	190	155	163	147	141	136	180	163	123	139	126	158	168	133	152	180	129	200	170	155	147	163	120	117	153	155	147	145	109	157	183	133	176	141	135	175	208	98	169	165	175	163	153	149	159	175	135	153	163	140	174	114	157	182	163	174	103	118	117	117	150	132	168	163	177	114	154	173	152	134	143	143	113	165	165	172	184	147	171	206	166	176	149	179	119	181	173	173	162	179	169	190	145	115	129	132	123	123	131	130	131	124	112	130	167	134	7246	7244	6988	7281	7180	6685	8862	7804	7244	7244	7244	7180	7551	7244	7180	7180	6714	7249	7533	6823	6809	7839	6797	8622	6566	6881	7402	7015	7009	6645	7527	7839	15759	7560	7015	7015	7641	7078	7015	6623	7180	7180	7249	7180	7560	6589	7582	6589	7015	7551	7941	6598	7536
p27.F2	155	169	157	152	201	217	162	187	181	181	201	169	158	165	150	143	207	179	173	158	176	168	194	190	146	152	162	166	152	154	161	181	174	166	159	162	147	211	171	157	175	170	154	202	203	168	190	175	127	178	196	179	216	169	164	211	221	138	155	181	176	195	169	175	178	176	164	203	195	193	218	144	193	212	194	199	177	151	202	202	236	184	187	201	172	162	173	178	146	194	184	184	156	177	177	173	211	162	208	227	145	204	176	218	146	199	213	217	196	215	210	224	162	154	165	189	156	163	170	164	182	157	147	173	195	194	12856	9121	9107	9950	8588	8794	6673	9054	9121	9121	9121	8588	8597	9121	8588	8588	9091	9170	8585	8039	7966	8977	12608	7238	8170	9582	9130	9824	9743	9613	8622	8977	7560	16203	9824	9824	8646	9059	9824	9950	8588	8588	9170	8588	8611	8761	8647	8761	9824	8597	8982	8175	6390
p3.A3	146	136	150	122	149	155	130	141	145	121	141	149	121	133	118	113	151	155	127	122	181	136	137	141	128	125	147	143	116	129	141	120	142	116	133	147	119	151	152	137	133	133	134	145	127	136	141	131	110	116	126	125	154	133	121	123	178	109	141	135	145	137	123	133	144	145	121	127	137	117	136	125	171	138	137	152	157	110	145	145	186	149	141	135	124	123	153	149	134	137	144	144	121	146	146	148	150	131	148	155	134	154	130	138	107	138	151	135	140	141	148	142	125	109	114	149	132	136	148	144	142	133	123	138	166	137	9216	11359	8278	10359	8026	8521	6600	11281	11359	11359	11359	8026	9199	11359	8026	8026	8680	13440	9377	8418	8703	9385	8960	6849	8376	16113	13614	16430	16329	8680	9291	9385	7015	9824	16430	16430	9451	9575	16400	9297	8026	8026	13440	8026	9177	8240	9455	8240	16430	9199	9755	8386	6495
p3.F12	146	136	150	122	149	155	130	141	145	121	141	149	121	133	118	113	151	155	127	122	181	136	137	141	128	125	147	143	116	129	141	120	142	116	133	147	119	151	152	137	133	133	134	145	127	136	141	131	110	116	126	125	154	133	121	123	178	109	141	135	145	137	123	133	144	145	121	127	137	117	136	125	171	138	137	152	157	110	145	145	186	149	141	135	124	123	153	149	134	137	144	144	121	146	146	148	150	131	148	155	134	154	130	138	107	138	151	135	140	141	148	142	125	109	114	149	132	136	148	144	142	133	123	138	166	137	9216	11359	8278	10359	8026	8521	6600	11281	11359	11359	11359	8026	9199	11359	8026	8026	8680	13440	9377	8418	8703	9385	8960	6849	8376	16113	13614	16430	16329	8680	9291	9385	7015	9824	16430	16430	9451	9575	16400	9297	8026	8026	13440	8026	9177	8240	9455	8240	16430	9199	9755	8386	6495
p3.F8	136	142	139	100	151	150	109	140	149	156	150	141	121	135	111	137	150	167	132	100	197	141	152	111	119	147	132	133	119	148	128	135	132	124	135	132	122	169	139	141	141	133	124	151	140	141	111	139	123	129	129	111	149	143	129	148	177	102	141	138	135	146	126	134	160	135	129	140	146	130	131	120	137	133	152	150	122	99	151	151	173	129	149	158	138	111	125	143	143	155	151	151	113	147	147	144	157	134	153	157	129	149	136	136	129	138	149	130	150	136	148	150	142	98	119	122	111	122	123	134	122	109	107	115	147	155	8533	8681	7790	8711	7466	7466	6987	9178	8681	8681	8681	7466	9520	8681	7466	7466	7544	8954	15946	9433	8334	10406	8338	6606	7012	9192	9008	9451	9390	7463	15863	10406	7641	8646	9451	9451	16132	9327	9451	7910	7466	7466	8954	7466	9498	6947	16039	6947	9451	9520	10667	7012	6204
p3.G9	144	147	142	122	154	160	130	148	150	135	148	154	112	144	121	131	156	153	140	122	163	147	133	135	120	136	141	143	127	154	130	128	142	127	144	141	132	154	146	142	144	133	121	160	143	147	135	142	129	133	136	125	159	142	132	131	197	100	144	149	152	144	137	144	163	152	132	143	144	133	146	114	146	143	133	160	133	110	160	160	182	134	151	149	138	125	146	144	144	157	123	123	113	154	154	146	155	142	164	163	130	159	143	143	132	143	159	145	153	146	153	155	152	107	130	143	132	134	142	131	142	127	123	132	163	157	9077	10562	8173	10001	7909	8601	6790	9780	10562	10562	10562	7909	8661	10562	7909	7909	9726	9405	9221	7905	7577	8729	9435	7051	7715	9328	9442	9575	9505	8657	9139	8729	7078	9059	9575	9575	9327	15997	9575	10093	7909	7909	9405	7909	8688	8083	9296	8083	9575	8661	9018	7715	6694
p4.A6	146	136	150	122	149	155	130	141	145	121	141	149	121	133	118	113	151	155	127	122	181	136	137	141	128	125	147	143	116	129	141	120	142	116	133	147	119	151	152	137	133	133	134	145	127	136	141	131	110	116	126	125	154	133	121	123	178	109	141	135	145	137	123	133	144	145	121	127	137	117	136	125	171	138	137	152	157	110	145	145	186	149	141	135	124	123	153	149	134	137	144	144	121	146	146	148	150	131	148	155	134	154	130	138	107	138	151	135	140	141	148	142	125	109	114	149	132	136	148	144	142	133	123	138	166	137	9216	11359	8278	10359	8026	8521	6600	11281	11359	11359	11359	8026	9199	11359	8026	8026	8680	13440	9377	8418	8703	9385	8960	6849	8376	16083	13614	16400	16299	8680	9291	9385	7015	9824	16400	16400	9451	9575	16400	9297	8026	8026	13440	8026	9177	8240	9455	8240	16400	9199	9755	8386	6495
p4.D2	123	132	121	128	151	148	136	147	143	116	160	133	122	129	110	103	115	132	139	134	199	132	133	142	121	111	124	136	120	120	137	137	138	130	123	124	111	138	132	121	143	132	140	133	139	132	142	141	119	128	128	149	147	135	132	128	184	109	123	131	138	143	119	143	136	138	132	139	143	129	150	131	158	143	133	145	147	134	133	133	163	155	132	133	103	130	127	148	110	120	127	127	130	135	135	139	149	128	150	173	109	147	139	149	104	154	147	149	142	143	141	166	128	124	111	157	140	144	154	150	142	127	123	132	146	120	10539	9569	9061	9727	8489	9805	6543	8379	9569	9569	9569	8489	7658	9569	8489	8489	11725	8788	7874	6802	7042	7704	12070	6480	8489	9080	8842	9297	9216	9839	7865	7704	6623	9950	9297	9297	7910	10093	9297	15793	8489	8489	8788	8489	7664	9462	7904	9462	9297	7658	7829	8494	5824
p4.E5	110	121	105	147	156	160	157	137	131	120	154	122	146	118	114	121	157	122	123	153	174	121	140	182	117	99	116	123	116	103	169	119	130	111	112	116	100	145	121	110	125	116	161	143	141	121	182	125	102	119	137	171	162	119	113	145	175	133	110	136	125	133	124	130	125	125	113	141	133	140	160	152	165	160	140	148	181	156	143	143	211	171	132	144	131	149	146	127	93	145	144	144	146	124	124	121	165	111	166	178	98	150	131	159	104	152	159	159	151	159	153	176	109	146	112	176	164	163	178	171	169	165	155	167	165	145	8502	8689	10126	7778	15657	8549	7069	8102	8689	8689	8689	15657	7869	8689	15657	15657	8407	8167	7404	7075	7918	7681	8410	6763	8459	7931	8232	8026	8021	12573	7428	7681	7180	8588	8026	8026	7466	7909	8026	8489	15657	15657	8167	15657	7821	8519	7459	8519	8026	7869	8492	8719	5949
p4.E6	110	121	105	147	156	160	157	137	131	120	154	122	146	118	114	121	157	122	123	153	174	121	140	182	117	99	116	123	116	103	169	119	130	111	112	116	100	145	121	110	125	116	161	143	141	121	182	125	102	119	137	171	162	119	113	145	175	133	110	136	125	133	124	130	125	125	113	141	133	140	160	152	165	160	140	148	181	156	143	143	211	171	132	144	131	149	146	127	93	145	144	144	146	124	124	121	165	111	166	178	98	150	131	159	104	152	159	159	151	159	153	176	109	146	112	176	164	163	178	171	169	165	155	167	165	145	8502	8689	10126	7778	15657	8549	7069	8102	8689	8689	8689	15657	7869	8689	15657	15657	8407	8167	7404	7075	7918	7681	8410	6763	8459	7931	8232	8026	8021	12573	7428	7681	7180	8588	8026	8026	7466	7909	8026	8489	15657	15657	8167	15657	7821	8519	7459	8519	8026	7869	8492	8719	5949
p5.C1	146	136	150	122	151	152	130	135	139	121	146	145	121	133	120	110	160	155	127	122	178	136	137	135	133	125	155	151	124	137	141	120	150	124	133	155	119	151	160	133	133	133	134	163	127	136	135	131	110	116	126	125	151	133	129	117	186	109	152	135	147	131	123	133	138	147	129	127	131	117	135	125	168	135	137	152	157	110	163	163	183	149	135	135	120	123	147	146	142	146	141	141	120	146	146	148	152	131	148	157	134	146	130	135	107	140	151	134	140	138	140	149	125	109	114	149	132	136	148	144	142	127	123	132	160	146	8779	13795	7826	9925	8167	7864	6531	10742	13795	13795	13795	8167	8762	13795	8167	8167	8298	16194	8880	8058	8508	9226	8578	6683	7850	13123	15140	13440	13339	8045	8810	9226	7249	9170	13440	13440	8954	9405	13440	8788	8167	8167	16194	8167	8746	7840	8958	7840	13440	8762	10040	7860	6409
p5.C3	110	121	105	147	156	160	157	137	131	120	154	122	146	118	114	121	157	122	123	153	174	121	140	182	117	99	116	123	116	103	169	119	130	111	112	116	100	145	121	110	125	116	161	143	141	121	182	125	102	119	137	171	162	119	113	145	175	133	110	136	125	133	124	130	125	125	113	141	133	140	160	152	165	160	140	148	181	156	143	143	211	171	132	144	131	149	146	127	93	145	144	144	146	124	124	121	165	111	166	178	98	150	131	159	104	152	159	159	151	159	153	176	109	146	112	176	164	163	178	171	169	165	155	167	165	145	8502	8689	10126	7778	15657	8549	7069	8102	8689	8689	8689	15657	7869	8689	15657	15657	8407	8167	7404	7075	7918	7681	8410	6763	8459	7931	8232	8026	8021	12573	7428	7681	7180	8588	8026	8026	7466	7909	8026	8489	15657	15657	8167	15657	7821	8519	7459	8519	8026	7869	8492	8719	5949
p5.D5	174	170	168	124	184	186	140	152	152	169	158	176	141	172	165	131	171	166	152	124	159	180	152	135	136	159	185	163	151	173	135	158	174	173	172	185	156	188	181	184	160	155	125	187	172	180	135	162	136	155	156	124	185	158	168	163	218	116	197	174	172	164	174	158	167	172	168	172	164	162	175	119	165	175	152	184	145	105	187	187	182	146	163	174	138	133	145	157	178	174	171	171	123	178	178	164	181	162	175	188	184	178	168	175	138	162	185	174	169	175	174	178	156	117	147	146	117	133	129	135	152	125	123	144	158	174	8160	8450	7428	8491	7821	7734	7201	9356	8450	8450	8450	7821	15847	8450	7821	7821	7718	8746	9405	9961	8842	10707	7637	7290	6822	9006	8977	9177	9172	8146	9352	10707	7560	8611	9177	9177	9498	8688	9177	7664	7821	7821	8746	7821	15940	6956	9498	6956	9177	15847	10083	6914	6235
p5.H11	127	136	123	123	164	173	140	141	137	123	169	137	123	131	123	115	119	128	141	129	182	134	134	141	125	117	137	149	135	135	140	139	151	155	125	137	113	152	145	125	145	134	128	139	159	134	141	143	132	124	142	144	172	139	157	134	181	104	133	153	155	137	153	147	130	155	157	159	137	149	173	123	147	168	134	158	151	129	139	139	147	143	116	147	117	123	124	151	137	106	121	121	121	136	136	143	174	132	174	188	125	155	141	172	114	167	172	172	162	166	161	189	130	119	123	148	135	139	145	138	145	134	130	136	143	106	9594	8165	8825	7726	8519	7873	6453	7616	8165	8165	8165	8519	6942	8165	8519	8519	9251	7840	6911	7070	7814	7127	9116	6657	10300	8045	7921	8240	8230	9044	6947	7127	6589	8761	8240	8240	6947	8083	8240	9462	8519	8519	7840	8519	6956	14767	6958	14767	8240	6942	7223	10381	6341
p6.B9	136	142	139	100	151	150	109	140	149	156	150	141	121	135	111	137	150	167	132	100	197	141	152	111	119	147	132	133	119	148	128	135	132	124	135	132	122	169	139	141	141	133	124	151	140	141	111	139	123	129	129	111	149	143	129	148	177	102	141	138	135	146	126	134	160	135	129	140	146	130	131	120	137	133	152	150	122	99	151	151	173	129	149	158	138	111	125	143	143	155	151	151	113	147	147	144	157	134	153	157	129	149	136	136	129	138	149	130	150	136	148	150	142	98	119	122	111	122	123	134	122	109	107	115	147	155	8544	8661	7746	8726	7459	7470	6967	9158	8661	8661	8661	7459	9520	8661	7459	7459	7548	8958	16039	9426	8327	10387	8349	6599	7003	9196	9012	9455	9394	7486	15956	10387	7582	8647	9455	9455	16039	9296	9455	7904	7459	7459	8958	7459	9498	6958	16132	6958	9455	9520	10635	7003	6207
p7.G11	127	136	123	123	164	173	140	141	137	123	169	137	123	131	123	115	119	128	141	129	182	134	134	141	125	117	137	149	135	135	140	139	151	155	125	137	113	152	145	125	145	134	128	139	159	134	141	143	132	124	142	144	172	139	157	134	181	104	133	153	155	137	153	147	130	155	157	159	137	149	173	123	147	168	134	158	151	129	139	139	147	143	116	147	117	123	124	151	137	106	121	121	121	136	136	143	174	132	174	188	125	155	141	172	114	167	172	172	162	166	161	189	130	119	123	148	135	139	145	138	145	134	130	136	143	106	9594	8165	8825	7726	8519	7873	6453	7616	8165	8165	8165	8519	6942	8165	8519	8519	9251	7840	6911	7070	7814	7127	9116	6657	10300	8045	7921	8240	8230	9044	6947	7127	6589	8761	8240	8240	6947	8083	8240	9462	8519	8519	7840	8519	6956	14767	6958	14767	8240	6942	7223	10381	6341
p8.B3	146	136	150	122	149	155	130	141	145	121	141	149	121	133	118	113	151	155	127	122	181	136	137	141	128	125	147	143	116	129	141	120	142	116	133	147	119	151	152	137	133	133	134	145	127	136	141	131	110	116	126	125	154	133	121	123	178	109	141	135	145	137	123	133	144	145	121	127	137	117	136	125	171	138	137	152	157	110	145	145	186	149	141	135	124	123	153	149	134	137	144	144	121	146	146	148	150	131	148	155	134	154	130	138	107	138	151	135	140	141	148	142	125	109	114	149	132	136	148	144	142	133	123	138	166	137	9216	11359	8278	10359	8026	8521	6600	11281	11359	11359	11359	8026	9199	11359	8026	8026	8680	13440	9377	8418	8703	9385	8960	6849	8376	16113	13614	16430	16329	8680	9291	9385	7015	9824	16430	16430	9451	9575	16400	9297	8026	8026	13440	8026	9177	8240	9455	8240	16430	9199	9755	8386	6495
p8.B9	174	170	168	124	184	186	140	152	152	169	158	176	141	172	165	131	171	166	152	124	164	180	152	135	136	159	185	163	151	173	135	158	174	173	172	185	156	188	181	184	160	155	125	187	172	180	135	162	136	155	156	124	185	158	168	163	218	116	197	174	172	164	174	158	167	172	168	172	164	162	175	119	165	175	152	184	145	105	187	187	182	146	163	174	138	133	145	157	178	174	171	171	123	178	178	164	181	162	175	188	184	178	168	175	138	162	185	174	169	175	174	178	156	117	147	146	117	133	129	135	152	125	123	144	158	174	8146	8423	7411	8464	7869	7745	7195	9329	8423	8423	8423	7869	15940	8423	7869	7869	7712	8762	9427	9983	8864	10701	7623	7311	6836	9028	8999	9199	9194	8132	9374	10701	7551	8597	9199	9199	9520	8661	9199	7658	7869	7869	8762	7869	15847	6942	9520	6942	9199	15940	10077	6928	6256
p8.C7	127	123	121	104	171	177	105	127	127	154	131	137	115	132	112	142	171	139	113	104	180	132	152	145	90	123	128	110	96	115	128	127	119	109	132	128	109	174	127	137	113	114	115	167	145	132	145	115	124	136	157	126	176	119	101	176	214	96	127	147	127	139	135	111	135	127	101	145	139	135	180	111	156	182	152	162	103	114	167	167	177	125	151	168	148	115	131	122	111	161	169	169	111	147	147	116	177	115	174	191	125	164	123	185	99	159	178	179	167	179	175	183	113	113	115	126	110	126	122	125	132	120	112	123	144	161	8893	9561	7704	8679	8492	7360	7086	9187	9561	9561	9561	8492	10077	9561	8492	8492	7490	10040	10542	9964	8768	10754	8442	7154	7252	9513	10063	9755	9689	8048	10511	10754	7941	8982	9755	9755	10667	9018	9755	7829	8492	8492	10040	8492	10083	7223	10635	7223	9755	10077	16171	7257	6408
p8.E4	104	112	104	95	146	153	105	130	124	105	156	116	97	110	104	129	125	107	122	101	187	113	129	121	102	95	121	128	112	113	113	122	135	121	104	121	94	134	123	104	124	115	106	128	144	113	121	124	119	100	115	116	152	118	123	124	191	102	112	130	129	130	118	124	118	129	123	144	130	134	153	102	130	150	129	141	126	101	128	128	160	125	111	122	138	103	141	132	103	110	134	134	119	120	120	120	160	110	154	168	92	135	122	155	94	142	152	152	147	164	146	172	108	112	125	128	112	115	126	116	121	107	105	106	141	110	8823	8065	8559	8403	8719	8534	6467	7924	8065	8065	8065	8719	6928	8065	8719	8719	8765	7860	6956	6970	7865	6972	8720	6301	14555	8254	7957	8386	8381	9003	6972	6972	6598	8175	8386	8386	7012	7715	8386	8494	8719	8719	7860	8719	6914	10381	7003	10381	8386	6928	7257	14846	5770
p8.H7	152	149	146	127	156	155	134	162	153	130	160	143	117	136	118	121	134	162	145	133	195	139	139	160	150	127	150	159	126	128	138	154	172	136	130	150	119	176	163	131	147	161	131	143	159	139	160	147	128	141	169	149	154	143	136	153	231	106	141	137	148	169	125	149	150	148	136	159	169	149	152	122	134	151	139	152	122	134	143	143	162	147	159	144	147	133	143	173	143	135	116	116	132	142	142	166	161	136	149	176	142	154	160	155	110	157	151	152	146	155	153	168	132	128	137	154	138	145	146	141	153	139	127	148	163	135	6198	6365	6236	6413	5949	5467	6809	7285	6365	6365	6365	5949	6256	6365	5949	5949	6004	6409	6174	6297	6878	6479	5885	7382	5738	6296	6409	6495	6489	6032	6156	6479	7536	6390	6495	6495	6204	6694	6495	5824	5949	5949	6409	5949	6235	6341	6207	6341	6495	6256	6408	5770	14753
