	Pseudomonas_syringae_1188_1_11471_NZ_RBPG01000002	Pseudomonas_syringae_1845_4123_NZ_LYUP01000021	Pseudomonas_syringae_2507_4122_NZ_LYUO01000008	Pseudomonas_syringae_260-02_11495_NZ_MLFM01000009	Pseudomonas_syringae_2675C_6916_NZ_MLEX01000022	Pseudomonas_syringae_2676C_6925_NZ_MLEY01000018	Pseudomonas_syringae_31R1_5320_NZ_LT629769	Pseudomonas_syringae_44527_20732_NZ_JARNJB010000018	Pseudomonas_syringae_5264_5873_NZ_NBAQ01000017	Pseudomonas_syringae_7928A_6990_NZ_NBAL01000010	Pseudomonas_syringae_BIM_B-268_17583_NZ_CP068034	Pseudomonas_syringae_BRIP34881_444_NZ_KB316543	Pseudomonas_syringae_BRIP39023_442_NZ_KB316296	Pseudomonas_syringae_BRIP65014-c_20724_NZ_JAJISW010000012	Pseudomonas_syringae_BS0292_5537_NZ_FOVV01000019	Pseudomonas_syringae_BS2732_5563_NZ_FOTU01000003	Pseudomonas_syringae_BS2900_5075_NZ_FNPP01000004	Pseudomonas_syringae_BS3827_5522_NZ_FOQB01000010	Pseudomonas_syringae_BS3829_5514_NZ_FOPR01000011	Pseudomonas_syringae_CAS02_17541_NZ_CP032459	Pseudomonas_syringae_CC1557_3076_NZ_CP007014	Pseudomonas_syringae_CC457_20754_NZ_CP127246	Pseudomonas_syringae_CFBP_2116_6934_NZ_LT985192	Pseudomonas_syringae_CFBP_8692_12247_NZ_WJSF01000010	Pseudomonas_syringae_Dortyol_2015_6_17564_NZ_JAEIKC010000017	Pseudomonas_syringae_Dr_447_1_17557_NZ_JAEIKL010000026	Pseudomonas_syringae_Erdemli_3_17569_NZ_JAEIJX010000050	Pseudomonas_syringae_Erdemli_6_17567_NZ_JAEIJZ010000010	Pseudomonas_syringae_Erzin_1_17571_NZ_JAEIJV010000042	Pseudomonas_syringae_Erzin_2_17572_NZ_JAEIJW010000011	Pseudomonas_syringae_ICMP_11293_3802_NZ_LKEP01000002	Pseudomonas_syringae_ICMP_4122_6689_NZ_LKBX01000039	Pseudomonas_syringae_KCTC_12500_26106_NZ_AYTM02000002	Pseudomonas_syringae_KF529_17593_NZ_CP074409	Pseudomonas_syringae_Karpuz_1_hishtil_a_17552_NZ_JAEILI010000040	Pseudomonas_syringae_Kozan_2015_1_17562_NZ_JAEIKF010000024	Pseudomonas_syringae_LMG5095_7342_NZ_CP028490	Pseudomonas_syringae_M11_20731_NZ_JAROCH010000010	Pseudomonas_syringae_MB03_4121_NZ_LAGV01000047	Pseudomonas_syringae_MUP17_20728_NZ_CP110807	Pseudomonas_syringae_MUP20_20716_NZ_CP110808	Pseudomonas_syringae_MUP32_20727_NZ_CP110809	Pseudomonas_syringae_NCPPB_3871_5835_NZ_LKEN01000002	Pseudomonas_syringae_NZ45_6142_NZ_MTZF01000001	Pseudomonas_syringae_P108_12228_NZ_VLIA01000012	Pseudomonas_syringae_P121_12232_NZ_VLIE01000021	Pseudomonas_syringae_P78_12243_NZ_WJPU01000012	Pseudomonas_syringae_PA-1-11B_17691_NZ_WJYR01000030	Pseudomonas_syringae_PA-2-9E_17695_NZ_CP066265	Pseudomonas_syringae_PA-5-3F_17693_NZ_WKCY01000048	Pseudomonas_syringae_PA-5-3G_17692_NZ_WKCZ01000015	Pseudomonas_syringae_PsA1M246_17694_NZ_JAKMVN010000019	Pseudomonas_syringae_Pss9654_5872_NZ_MLES01000028	Pseudomonas_syringae_Pss9656_6144_NZ_MLEM01000010	Pseudomonas_syringae_Psy33_20718_NZ_CP036493	Pseudomonas_syringae_R1079_7297_NZ_NQWX01000016	Pseudomonas_syringae_RAYR-BL_17598_NZ_JAHZNS010000008	Pseudomonas_syringae_RMP66_6987_NZ_NHST01000045	Pseudomonas_syringae_SHV1866_17586_NZ_JAHARV010000001	Pseudomonas_syringae_SHV323_17590_NZ_JAHARZ010000001	Pseudomonas_syringae_SV1599_17591_NZ_JAHARU010000001	Pseudomonas_syringae_SV921_17588_NZ_JAHARY010000002	Pseudomonas_syringae_Sevgi_fide_PST_17555_NZ_JAEIKN010000010	Pseudomonas_syringae_StP26_17597_NZ_CP075880	Pseudomonas_syringae_Susan2139_17596_NZ_CP074578	Pseudomonas_syringae_Susan762_17594_NZ_CP074411	Pseudomonas_syringae_Tule1434_17592_NZ_JAHARX010000001	Pseudomonas_syringae_Tule230_17587_NZ_JAHARW010000001	Pseudomonas_syringae_U643_17595_NZ_CP074410	Pseudomonas_syringae_U888_17589_NZ_JAHASA010000001	Pseudomonas_syringae_UB303_12214_NZ_CP047267	Pseudomonas_syringae_UMAF0158_3878_NZ_CP005970	Pseudomonas_syringae_USA011_12213_NZ_CP045799	Pseudomonas_syringae_isolate_CFBP2118_5951_NZ_LT962481	Pseudomonas_syringae_isolate_CFBP3840_6707_NZ_LT963409	Pseudomonas_syringae_isolate_CFBP4215_6752_NZ_LT962480	Pseudomonas_syringae_isolate_CFBP6109_6963_NZ_LT963391	Pseudomonas_syringae_psy100_6403_NZ_MLEV01000005	Pseudomonas_syringae_pv_actinidiae_PSAAH01_20743_NZ_CP116478	Pseudomonas_syringae_pv_actinidiae_str_Shaanxi_M228_11439_NZ_CP032631	Pseudomonas_syringae_pv_actinidifoliorum_ICMP_18803_20753_NZ_CP081457	Pseudomonas_syringae_pv_aptata_G733_11468_NZ_RBOI01000041	Pseudomonas_syringae_pv_avellanae_ISPaVe037_292_NZ_JH951894	Pseudomonas_syringae_pv_avellanae_str_ISPaVe013_26105_NZ_JH951849	Pseudomonas_syringae_pv_cilantro_0788_9_3786_NZ_LGLN01000010	Pseudomonas_syringae_pv_dysoxyli_CFBP_2356_12226_NZ_VLHW01000015	Pseudomonas_syringae_pv_helianthi_LMG_5067_14836_NZ_CP092918	Pseudomonas_syringae_pv_lapsa_ATCC_10859_3811_NZ_CP013183	Pseudomonas_syringae_pv_lapsa_PslA1M171_17765_NZ_JAKMVE010000009	Pseudomonas_syringae_pv_maculicola_M4a_3822_NZ_LGLE01000004	Pseudomonas_syringae_pv_maculicola_YM7930_3817_NZ_LGLD01000029	Pseudomonas_syringae_pv_maculicola_str_ES4326_12204_NZ_CP047260	Pseudomonas_syringae_pv_papulans_PSP1_20741_NZ_JAFFRZ010000001	Pseudomonas_syringae_pv_syringae_2339_3881_NZ_LIHU01000021	Pseudomonas_syringae_pv_syringae_2340_3879_NZ_LIHT01000078	Pseudomonas_syringae_pv_syringae_41a_3079_NZ_JYHJ01000011	Pseudomonas_syringae_pv_syringae_529_11454_NZ_QPBJ01000022	Pseudomonas_syringae_pv_syringae_Alf3_2478_NZ_KL995102	Pseudomonas_syringae_pv_syringae_B301D_3084_NZ_CP005969	Pseudomonas_syringae_pv_syringae_B48_20739_NZ_CP125300	Pseudomonas_syringae_pv_syringae_B64_281_NZ_CM001763	Pseudomonas_syringae_pv_syringae_B728a_112_NC_007005	Pseudomonas_syringae_pv_syringae_EC33_20735_NZ_JAGSOX010000017	Pseudomonas_syringae_pv_syringae_HO7_20736_NZ_JARNIY010000011	Pseudomonas_syringae_pv_syringae_HS191_3083_NZ_CP006256	Pseudomonas_syringae_pv_syringae_Pss9644_17750_NZ_CP066263	Pseudomonas_syringae_pv_syringae_PssA1M140_20740_NZ_JAKMAG010000016	Pseudomonas_syringae_pv_syringae_PssA1M197_17707_NZ_JAKMVF010000007	Pseudomonas_syringae_pv_syringae_PssA1M201_17710_NZ_JAKMVI010000020	Pseudomonas_syringae_pv_syringae_PssA1M250_17721_NZ_JAKMVP010000021	Pseudomonas_syringae_pv_syringae_PssA1M262_17714_NZ_JAKMVV010000011	Pseudomonas_syringae_pv_syringae_S2_2_20738_NZ_JARNIX010000035	Pseudomonas_syringae_pv_syringae_SM_282_NZ_CM001986	Pseudomonas_syringae_pv_syringae_UMAF0176_17744_NZ_JAJPOK010000010	Pseudomonas_syringae_pv_syringae_UMAF0271_17740_NZ_JAJPOF010000013	Pseudomonas_syringae_pv_syringae_UMAF0297_17737_NZ_JAJPOD010000011	Pseudomonas_syringae_pv_syringae_UMAF1003_17741_NZ_JAJPOJ010000013	Pseudomonas_syringae_pv_syringae_UMAF1013_17734_NZ_JAJPOC010000013	Pseudomonas_syringae_pv_syringae_UMAF2016_17739_NZ_JAJPOG010000015	Pseudomonas_syringae_pv_syringae_UMAF2600_17732_NZ_JAJPOA010000013	Pseudomonas_syringae_pv_syringae_UMAF2801_17738_NZ_JAJPOH010000009	Pseudomonas_syringae_pv_syringae_UMAF2815_17736_NZ_JAJPNZ010000006	Pseudomonas_syringae_pv_syringae_UMAF3028_17702_NZ_JACTWB010000009	Pseudomonas_syringae_pv_syringae_UMAF7000_17735_NZ_JAJPNY010000012	Pseudomonas_syringae_pv_tagetis_ICMP_4091_14835_NZ_CP092923	Pseudomonas_syringae_pv_tomato_BRIP38746_11422_NZ_SNVG01000020	p1.G2	p12.A11	p12.E2	p12.G7	p13.C1	p13.D10	p13.F3	p20.D4	p20.F10	p20.G9	p21.A8	p21.E3	p21.F1	p21.F9	p22.A8	p22.B5	p22.C1	p22.D1	p22.D4	p23.A3	p23.B2	p23.B8	p24.B5	p24.H2	p25.A12	p25.B2	p25.C11	p25.C2	p25.D2	p26.B7	p26.D6	p26.E7	p27.D6	p27.F2	p3.A3	p3.F12	p3.F8	p3.G9	p4.A6	p4.D2	p4.E5	p4.E6	p5.C1	p5.C3	p5.D5	p5.H11	p6.B9	p7.G11	p8.B3	p8.B9	p8.C7	p8.E4	p8.H7
Pseudomonas_syringae_1188_1_11471_NZ_RBPG01000002	20911	13662	13221	7260	6578	6903	6835	12912	12769	10085	9345	12303	7380	10094	15579	922	944	12870	12958	7221	1142	10502	4918	6970	11794	11806	11832	12306	12797	12373	7021	12166	11916	12682	10084	11832	11935	10670	12264	12441	12674	12510	6726	929	12776	10502	7016	12844	1584	8608	9664	7416	7930	12822	13306	9355	920	7115	13605	14838	13284	12504	13254	13195	12435	13150	13609	12858	12473	12883	6892	6858	6305	7050	4918	7012	4741	7134	929	929	990	7388	9282	9900	901	6786	1879	8912	12127	887	975	975	6507	6954	6714	14938	6378	13281	7869	7724	13094	6946	11966	6681	12007	6863	6946	6845	7860	6795	7176	6709	12166	7344	7646	7397	6739	7246	7087	6902	7826	6928	7975	7135	1913	887	133	133	151	120	121	112	163	144	133	133	133	121	185	133	121	121	139	146	147	180	200	161	140	182	115	157	146	157	157	148	131	161	180	166	157	157	147	155	157	134	121	121	146	121	185	138	147	138	157	185	138	115	152
Pseudomonas_syringae_1845_4123_NZ_LYUP01000021	13662	22177	15141	6738	6687	6785	6547	12282	11523	9675	9193	13677	7067	9342	13204	918	933	11507	12111	6795	1158	9558	4535	6679	10554	14329	11924	11396	11323	11345	6909	11271	12204	11459	9311	11924	13735	11415	14367	13574	12876	12124	6662	871	11835	9558	6695	13400	1678	8537	9253	7330	7709	13637	12189	10508	788	6672	13009	11978	12184	11592	11949	12066	12489	12084	12245	11999	11583	11979	6600	6758	6335	6898	4535	6674	4712	6793	871	871	951	7254	8996	9289	1057	6630	1927	10053	11520	1069	923	923	6471	6647	6452	13193	6316	12536	7550	7477	15307	6715	11528	6722	11092	6528	6767	6562	7640	6520	6842	6480	12185	7440	7639	7241	6538	7129	6715	6793	7620	6664	7696	6810	1969	1069	152	136	158	129	137	128	171	147	136	136	136	137	183	136	137	137	153	136	158	180	184	171	159	167	123	147	136	147	147	161	142	171	165	185	147	147	158	163	147	145	137	137	136	137	183	147	158	147	147	183	134	123	154
Pseudomonas_syringae_2507_4122_NZ_LYUO01000008	13221	15141	21904	6879	6664	6955	6691	12092	11593	9634	9511	14609	6955	9480	12839	946	948	11691	12057	6905	1068	9390	4687	6812	10891	15220	11478	11168	11251	11247	6597	11265	12320	11553	9470	11478	13975	11285	15384	14492	13160	11682	6592	905	11827	9390	6841	13174	1655	8888	9414	6979	7640	13820	11427	10432	848	6789	13574	11777	12029	11607	11519	11859	13092	11931	11619	11805	11598	11779	6838	6385	6276	7153	4700	6894	4616	6831	905	905	975	7146	8972	9125	1065	6430	1811	9880	11762	1042	1035	1035	6247	6706	6526	12864	6312	12445	7695	7669	16589	6861	11634	6827	11494	6826	6741	6826	7606	6539	7120	6557	12291	7124	7324	7243	6625	6985	6781	6629	7616	6853	7502	6873	1846	1042	140	136	156	131	121	117	168	140	136	136	136	121	181	136	121	121	142	150	155	166	182	169	147	174	115	161	150	161	161	160	139	169	161	173	161	161	155	158	161	134	121	121	150	121	181	134	155	134	161	181	132	115	151
Pseudomonas_syringae_260-02_11495_NZ_MLFM01000009	7260	6738	6879	22279	6818	6936	17186	6808	6928	7498	7467	7463	16954	11544	7234	779	833	7312	7627	21431	1102	10660	6846	18721	7871	7431	7120	7509	7718	7789	16521	6984	7481	7014	11544	7120	6981	7635	6808	7431	6879	6842	16964	851	7073	10597	18752	6893	1399	7468	7531	16482	6416	7243	7070	7863	694	19017	7127	7070	7317	6964	6663	6978	6888	7188	7009	7262	6953	7156	6770	15199	6218	6209	6846	6492	7271	16645	851	851	937	15889	7968	7402	878	15331	2057	5110	7196	826	853	853	15190	6856	6786	7297	6523	7052	6145	6279	7015	6593	7194	6737	8976	6289	6172	6672	6239	6588	6394	6629	7024	15871	15697	15794	16663	15894	16579	15424	16299	18523	15730	17678	2001	826	131	122	130	103	147	81	110	126	122	122	122	147	124	122	147	147	106	122	100	137	148	124	138	115	95	122	122	122	122	130	84	124	101	152	122	122	100	122	122	128	147	147	122	147	124	123	100	123	122	124	104	95	127
Pseudomonas_syringae_2675C_6916_NZ_MLEX01000022	6578	6687	6664	6818	22677	17818	7011	6840	7091	7029	7967	7533	7007	7357	6995	883	1000	7327	6948	6798	1279	7068	4315	6828	8034	7671	8345	8422	8535	8607	6420	6678	8074	6731	7346	8345	7156	7196	6772	7544	6860	6876	6828	926	6831	7054	6837	7288	1321	7456	7227	6393	14871	7131	6848	7159	899	6599	6532	6854	7138	6941	6555	6920	6744	7009	6830	7237	6929	6952	16669	6262	16171	15628	4328	15261	4069	6651	926	926	1029	6317	6897	7088	1000	6473	2236	5132	6801	914	993	993	6323	16769	16586	7214	17942	7065	14426	13625	6739	14944	8385	17398	7758	14664	14829	15920	14213	16414	14250	16623	7191	6430	6110	6328	6841	6216	6858	6563	6739	6701	6204	7205	2158	914	156	151	175	132	156	145	177	149	151	151	151	156	184	151	156	156	159	151	151	196	206	185	178	193	146	149	151	149	149	182	141	185	190	201	149	149	151	154	149	151	156	156	151	156	184	164	151	164	149	184	171	146	156
Pseudomonas_syringae_2676C_6925_NZ_MLEY01000018	6903	6785	6955	6936	17818	23832	7362	6866	6906	7374	8158	8141	7333	7915	7158	975	988	7405	7002	6979	1359	7726	4394	6872	8207	8334	9011	9281	9149	9446	6730	6940	8635	6905	7904	9011	7440	7372	7086	8089	6802	7059	7221	1025	6769	7712	6898	7070	1435	7454	7333	6627	16248	7075	7082	7585	929	6953	6831	6964	7323	7025	6680	7028	6876	7190	7097	7120	6994	6911	18432	6798	18136	15538	4407	15227	4069	6984	1025	1025	1112	6559	7103	7251	1025	6877	2342	5048	7042	955	1121	1121	6676	16904	16805	7355	16778	7135	14444	14474	6942	15199	8930	18566	8359	15018	15257	17656	14889	17054	15797	18992	7295	6639	6416	6537	7269	6456	7209	7058	6890	7018	6387	7573	2354	955	172	152	186	125	160	160	167	148	152	152	152	160	186	152	160	160	152	152	150	198	218	178	187	188	153	155	152	155	155	193	134	178	171	217	155	155	150	160	155	148	160	160	152	160	186	173	150	173	155	186	177	153	155
Pseudomonas_syringae_31R1_5320_NZ_LT629769	6835	6547	6691	17186	7011	7362	23702	6725	6831	7442	7538	7475	18988	11039	6977	777	957	7123	7474	17006	1164	10121	6854	17185	7186	7402	7219	7315	7613	7747	18201	6778	7441	6827	11018	7219	6952	7474	6362	7437	6738	6764	20301	957	6879	10112	17216	6906	1385	7200	7449	15811	6385	6945	6953	7700	722	16731	6787	6780	7146	6761	6570	6787	6769	7017	6875	7070	6750	6953	6937	18399	6875	6227	6854	6591	7192	18294	957	957	1033	15962	7687	7187	835	18185	2090	4978	7264	927	937	937	16951	7204	7122	7139	6793	6827	6066	6360	7000	6824	7103	6945	9204	6385	6231	6929	6295	6840	6519	7047	7021	15572	15522	16725	21394	15629	19871	18094	15860	17249	15861	20198	2033	927	153	130	131	116	157	86	128	134	130	130	130	157	140	130	157	157	119	130	109	144	166	137	148	128	105	130	130	130	130	140	93	137	119	162	130	130	109	130	130	136	157	157	130	157	140	140	109	140	130	140	105	105	134
Pseudomonas_syringae_44527_20732_NZ_JARNJB010000018	12912	12282	12092	6808	6840	6866	6725	20745	16152	9928	10129	11959	7089	9580	12698	978	962	13131	15758	6832	1196	10101	4377	6941	11446	11750	11941	11657	12339	12043	6933	13464	11770	13456	9549	11941	11879	9761	12010	12051	14097	13573	6715	953	13374	10101	6995	16888	1605	8616	9799	7186	6964	16205	12775	9281	898	6793	13833	13380	13402	14246	13416	12294	13885	13242	12957	13840	14215	13504	6790	6678	6552	7114	4390	7126	4608	7012	953	953	1057	7183	9309	10200	936	6731	1963	9972	12655	929	988	976	6329	6796	6613	13344	6297	13328	6822	6995	12062	6977	11928	6778	11734	6867	6975	6735	6886	6608	7128	6636	12607	6967	7078	7185	6701	7004	6931	6881	7409	6942	7214	7061	2000	929	151	135	173	140	148	124	171	152	135	135	135	148	163	135	148	148	149	135	151	182	186	173	166	164	141	152	135	152	152	180	135	173	160	198	152	152	151	159	152	158	148	148	135	148	163	152	151	152	152	163	138	141	162
Pseudomonas_syringae_5264_5873_NZ_NBAQ01000017	12769	11523	11593	6928	7091	6906	6831	16152	20776	9944	10594	11829	7204	9753	12792	962	961	13455	14954	6949	1145	10142	4729	7016	12023	11491	11633	11355	12297	11897	6923	13542	12121	13972	9743	11633	11712	9698	11631	11786	15370	13272	6891	968	13345	10142	7070	15437	1669	8770	10024	7274	7088	15636	13471	9428	806	6869	14613	13862	14006	13939	13497	12828	14404	13859	13457	13796	13928	13493	6870	6804	6650	7295	4742	7165	5022	7032	968	968	1076	7200	9502	10487	987	6861	2090	10149	12371	904	955	943	6407	7124	7025	14193	6510	12820	7101	7096	11863	7199	11556	7007	11305	7109	7039	6823	7179	6701	7322	6703	11714	6912	7064	7229	6801	6997	7044	6959	7407	6775	7183	7026	2152	904	145	144	173	138	142	118	180	154	144	144	144	142	163	144	142	142	145	139	160	176	188	173	160	162	135	156	139	156	156	181	144	173	153	192	156	156	160	161	156	154	142	142	139	142	163	148	160	148	156	163	138	135	153
Pseudomonas_syringae_7928A_6990_NZ_NBAL01000010	10085	9675	9634	7498	7029	7374	7442	9928	9944	21249	10628	9529	7829	8612	9852	883	928	9716	10482	7654	1223	8389	5135	7377	9737	9506	9096	9352	9427	9156	7539	10957	9242	9406	8605	9096	9470	14210	10115	9462	9734	10193	7534	953	9493	8389	7425	10203	1501	12480	13014	8080	7725	10090	10289	13513	853	7535	9593	9908	9684	9446	9494	9286	9917	9586	10070	9786	9415	9627	7241	7533	6841	7902	5146	7917	5402	7614	953	953	985	8084	12707	14005	880	7442	2097	6533	10079	852	937	937	6865	7219	7099	10775	6826	9758	7455	7611	9701	7447	9280	7266	9322	7866	7957	7171	7429	7052	7967	7215	9593	7887	8105	8410	7479	8009	7413	7590	8177	7659	7938	7527	2006	852	164	126	157	116	136	120	182	133	126	126	126	136	182	126	136	136	136	121	172	198	194	175	174	171	116	132	121	132	132	162	157	175	160	197	132	132	172	151	132	129	136	136	121	136	182	134	172	134	132	182	165	116	135
Pseudomonas_syringae_BIM_B-268_17583_NZ_CP068034	9345	9193	9511	7467	7967	8158	7538	10129	10594	10628	20752	9372	7855	8377	9864	985	1014	9219	11235	7518	1378	8165	4805	7602	10071	9522	8880	9005	9073	9333	7482	9777	9558	10507	8346	8880	9488	10351	9353	9355	10431	10648	7677	1063	9389	8165	7663	10657	1483	9580	10539	7789	8084	11116	10869	10509	881	7502	10471	10800	10753	9291	10510	9099	10093	10628	10898	9674	9260	9507	7845	7416	7698	8117	4822	8196	4898	7583	1063	1063	1116	7943	10199	10145	1007	7464	2337	6906	10580	990	981	981	7076	7919	7742	10128	7376	9324	7945	8414	9520	8384	9084	7919	9054	8114	8048	7830	7876	7685	8157	8112	9236	7653	7819	7879	7523	7689	7782	7641	8098	7459	7724	7651	2310	990	179	151	195	155	165	136	187	157	151	151	151	165	169	151	165	165	157	146	161	182	189	178	193	166	167	152	146	152	152	208	146	178	162	212	152	152	161	159	152	171	165	165	146	165	169	180	161	180	152	169	142	167	160
Pseudomonas_syringae_BRIP34881_444_NZ_KB316543	12303	13677	14609	7463	7533	8141	7475	11959	11829	9529	9372	23455	7683	12454	11833	1036	968	12653	12415	7471	1197	12332	4454	7304	11583	20306	14499	14202	14356	14250	7061	11341	15873	11711	12444	14499	15653	10093	13810	22477	13092	11633	7398	955	12047	12332	7358	13555	1514	8814	9190	7139	6663	14097	11641	9843	859	7323	13019	12038	11982	11924	11602	11844	13045	11853	11797	12189	11906	12195	7580	7307	7678	6817	4454	6608	4696	7266	955	955	1025	7208	8852	9321	1129	7268	1926	10650	11979	1077	1102	1102	6844	7431	7189	12415	6890	12566	6870	6849	16847	7468	14034	7495	14552	6479	6682	7593	6786	7326	6718	7986	12453	6961	7186	7212	7395	7068	7592	7417	7283	7252	6960	7734	1942	1077	136	150	140	129	122	113	169	143	150	150	150	122	176	150	122	122	138	145	141	183	193	172	143	180	116	149	145	149	149	156	125	172	167	169	149	149	141	154	149	133	122	122	145	122	176	137	141	137	149	176	137	116	143
Pseudomonas_syringae_BRIP39023_442_NZ_KB316296	7380	7067	6955	16954	7007	7333	18988	7089	7204	7829	7855	7683	23685	11731	7346	825	906	7131	7845	17114	1141	10675	6919	17386	7293	7715	7457	7381	8174	7995	19041	7232	7630	7212	11710	7457	7148	7710	6821	7605	7133	7126	19574	966	7115	10666	17417	7140	1364	7399	7670	15746	6472	7395	7266	7906	707	17736	7230	7311	7487	7069	6775	7153	7191	7382	7209	7240	7042	7210	6923	18431	6869	6369	6919	6630	7371	18299	966	966	1026	15968	8004	7420	912	18063	2115	5108	7306	952	916	916	17230	7092	7033	7520	6706	7211	6180	6351	7062	6802	7502	6906	9020	6343	6220	6867	6255	6764	6423	7014	7032	14980	15680	15687	19307	15475	20153	19152	15832	16498	16009	19278	2042	952	143	126	132	98	146	78	131	116	126	126	126	146	141	126	146	146	108	121	121	133	162	135	144	131	97	121	121	121	121	139	105	135	115	158	121	121	121	112	121	122	146	146	121	146	141	123	121	123	121	141	115	97	117
Pseudomonas_syringae_BRIP65014-c_20724_NZ_JAJISW010000012	10094	9342	9480	11544	7357	7915	11039	9580	9753	8612	8377	12454	11731	22323	10067	896	837	10411	10242	11615	1158	19353	5502	10922	9945	12220	12610	12865	13357	13254	11196	9564	12741	9696	22292	12610	10098	8444	9312	12202	9426	9823	11344	871	9941	19371	10937	10082	1464	8439	8660	11064	6964	9796	10206	8884	740	11358	9667	9891	10271	10017	9501	10063	9301	10111	10182	10152	10008	10089	7323	10961	7534	6876	5505	6948	5455	11167	871	871	927	10997	8437	8558	940	10915	1829	6854	9584	813	927	927	10651	7517	7395	10032	7263	10016	6749	6978	9814	7290	12818	7343	16326	6990	6904	7262	6949	7071	7047	7652	10357	10437	10869	10716	11018	10629	11140	11257	10940	10932	10631	11257	1859	813	132	138	139	114	118	108	154	128	138	138	138	118	172	138	118	118	134	133	135	176	187	158	139	175	110	133	133	133	133	152	119	158	158	165	133	133	135	144	133	129	118	118	133	118	172	131	135	131	133	172	132	110	136
Pseudomonas_syringae_BS0292_5537_NZ_FOVV01000019	15579	13204	12839	7234	6995	7158	6977	12698	12792	9852	9864	11833	7346	10067	20911	932	975	12304	13086	7205	1209	10234	4786	7046	11186	11763	11535	11459	12215	11803	7172	11948	12303	12446	10036	11535	11908	10476	12046	11715	12412	12309	7089	907	12934	10234	7080	12817	1692	8827	9527	7656	8051	12321	12902	9587	853	7076	13092	13615	13195	12595	13633	12651	12022	13066	13105	13083	12564	13083	6886	6890	6649	7459	4786	7226	4739	7349	907	907	1021	7563	9438	9431	914	7082	1851	8887	12720	928	962	962	6805	7043	6814	14108	6562	12806	7846	7740	12777	7077	11882	6954	11983	7045	7124	6836	7859	6793	7248	6954	12793	7592	7765	7649	6968	7292	7274	7170	8057	7275	7937	7365	1906	928	131	120	139	108	130	102	148	129	120	120	120	130	178	120	130	130	127	120	127	173	173	146	134	153	115	129	120	129	129	148	111	146	147	166	129	129	127	137	129	123	130	130	120	130	178	134	127	134	129	178	123	115	123
Pseudomonas_syringae_BS2732_5563_NZ_FOTU01000003	922	918	946	779	883	975	777	978	962	883	985	1036	825	896	932	22521	2262	913	1003	751	1367	961	964	774	894	1008	979	910	933	979	909	909	916	937	896	979	872	983	985	981	955	1002	802	2698	855	961	774	979	1514	1027	1082	832	1007	998	916	912	1382	751	943	974	952	861	908	873	964	879	926	895	852	889	925	850	994	892	964	965	974	845	2707	2698	2877	847	954	936	5118	791	1027	959	981	2252	6835	6844	768	932	927	982	829	944	924	950	943	927	942	914	938	993	977	871	928	1060	885	1013	936	826	840	843	789	846	866	750	833	820	837	840	1010	2250	109	110	129	125	121	110	128	113	110	110	110	121	131	110	121	121	121	110	137	152	148	156	121	136	129	113	110	113	113	136	137	156	131	143	113	113	137	131	113	103	121	121	110	121	131	115	137	115	113	131	142	129	121
Pseudomonas_syringae_BS2900_5075_NZ_FNPP01000004	944	933	948	833	1000	988	957	962	961	928	1014	968	906	837	975	2262	21465	913	928	805	1029	913	1102	894	870	948	874	827	930	923	932	888	887	917	837	874	847	985	998	917	935	945	918	6394	850	913	894	979	1418	932	948	948	990	951	907	906	1602	794	877	982	930	830	875	888	955	848	919	892	821	892	943	950	1001	909	1102	1001	1171	945	6403	6394	6326	897	929	966	2417	968	1017	898	890	14856	1801	1855	943	955	922	949	901	953	882	1006	929	1002	931	960	901	1003	966	909	956	1048	985	1024	941	975	974	907	919	981	910	867	915	840	929	919	1063	14838	144	152	167	153	157	150	171	142	152	152	152	157	171	152	157	157	135	160	150	194	194	206	158	173	125	151	160	151	151	177	150	206	131	207	151	151	150	156	151	115	157	157	160	157	171	119	150	119	151	171	171	125	134
Pseudomonas_syringae_BS3827_5522_NZ_FOQB01000010	12870	11507	11691	7312	7327	7405	7123	13131	13455	9716	9219	12653	7131	10411	12304	913	913	20049	12982	7322	1146	11033	4320	7178	11675	12423	12221	12179	12217	12025	6829	11420	12310	12669	10401	12221	13682	9466	11281	12621	12463	11945	7177	1002	13975	11033	7216	12908	1528	10207	9484	7054	7158	13499	12059	9224	794	7127	12663	12158	12516	13563	12140	12949	12429	12356	12193	14431	13554	14110	7364	6918	7042	7201	4327	7042	4534	7185	1002	1002	1029	7126	9386	9926	959	6959	1969	10967	11440	877	976	976	6498	7555	7311	12960	6940	13327	6988	7055	11989	7522	12123	7422	11966	6805	7084	7401	7084	6996	7288	7118	13691	6899	6958	7129	7083	6971	7199	7111	7372	7146	7048	7256	1960	877	146	147	145	116	122	110	181	143	147	147	147	122	166	147	122	122	137	155	167	177	177	174	153	185	107	155	155	155	155	147	151	174	176	179	155	155	167	153	155	132	122	122	155	122	166	128	167	128	155	166	139	107	162
Pseudomonas_syringae_BS3829_5514_NZ_FOPR01000011	12958	12111	12057	7627	6948	7002	7474	15758	14954	10482	11235	12415	7845	10242	13086	1003	928	12982	20731	7635	1186	9949	4703	7586	11816	11975	12026	11521	13127	12533	7527	14225	12247	14366	10211	12026	12336	10211	12103	12378	15350	14044	7423	955	13617	9949	7640	15600	1781	9002	10615	7853	6988	16197	13906	9795	875	7542	14393	14464	14054	13814	14010	12498	13482	13925	14001	14042	13783	13765	6820	7402	6374	7203	4703	7180	4878	7651	955	955	1009	7886	10364	9789	915	7537	1904	9915	13585	891	994	994	6976	6984	6780	14210	6450	13011	6968	7080	12124	7239	11493	6891	12169	7001	7100	6746	6983	6702	7233	6746	12393	7554	7855	7879	7357	7752	7690	7588	8149	7474	7911	7740	1949	891	156	127	170	137	139	121	159	138	127	127	127	139	165	127	139	139	146	127	148	168	180	159	163	152	133	138	127	138	138	171	132	159	148	189	138	138	148	156	138	152	139	139	127	139	165	152	148	152	138	165	124	133	150
Pseudomonas_syringae_CAS02_17541_NZ_CP032459	7221	6795	6905	21431	6798	6979	17006	6832	6949	7654	7518	7471	17114	11615	7205	751	805	7322	7635	22253	1101	10673	6785	18704	7838	7423	7106	7465	7717	7788	16366	6990	7566	7034	11596	7106	6937	7676	6784	7359	6882	6796	16893	821	7066	10668	18735	6936	1390	7516	7607	16504	6503	7216	7090	7945	695	19517	7042	7090	7352	6941	6716	7007	6915	7223	7029	7218	6930	7170	6740	15258	6265	6218	6785	6503	7180	16498	821	821	906	16017	7896	7468	853	15267	2062	5171	7153	801	852	852	15193	6858	6788	7313	6629	7044	6155	6286	7076	6536	7203	6708	9027	6417	6227	6637	6280	6546	6473	6716	7022	15914	15760	15763	16595	16030	16439	15785	16339	18841	15766	17402	2006	801	137	122	130	103	153	87	110	126	122	122	122	153	124	122	153	153	112	122	100	143	148	124	144	121	101	122	122	122	122	136	84	124	107	158	122	122	100	122	122	134	153	153	122	153	124	129	100	129	122	124	104	101	133
Pseudomonas_syringae_CC1557_3076_NZ_CP007014	1142	1158	1068	1102	1279	1359	1164	1196	1145	1223	1378	1197	1141	1158	1209	1367	1029	1146	1186	1101	21180	1234	1228	1166	1235	1210	1132	1243	1218	1240	1239	1116	1205	1191	1158	1132	1128	1183	1203	1223	1123	1243	1143	1120	1171	1234	1166	1204	4699	1263	1174	1140	1180	1190	1242	1141	1112	1145	1094	1158	1153	1186	1101	1099	1228	1111	1290	1219	1186	1154	1318	1163	1401	1090	1228	1158	1194	1195	1120	1120	1141	1128	1050	1219	1250	1146	935	2192	1257	1065	1459	1467	1123	1264	1242	1199	1244	1201	1113	1218	1056	1194	1252	1243	1229	1185	1163	1329	1075	1437	1088	1316	1206	1199	1251	1126	1158	1168	1172	1151	1111	1151	1126	1124	942	1056	154	159	191	204	174	165	223	178	159	159	159	174	164	159	174	174	187	178	197	180	191	186	178	190	187	181	183	181	181	170	197	186	190	176	181	181	197	163	181	199	174	174	178	174	159	182	197	182	181	164	180	187	195
Pseudomonas_syringae_CC457_20754_NZ_CP127246	10502	9558	9390	10660	7068	7726	10121	10101	10142	8389	8165	12332	10675	19353	10234	961	913	11033	9949	10673	1234	22368	5140	10104	10138	12142	12795	13057	13249	13401	10115	9516	12378	9794	19322	12795	10333	8336	9446	12523	9653	9984	10464	951	10339	22305	10132	10563	1546	8439	8388	10237	6772	10158	10475	8879	778	10269	9350	9998	10031	10395	10003	10402	10001	9871	10432	10613	10386	10487	7088	10053	7394	6564	5140	6638	5180	9920	951	951	974	10092	8019	8944	987	10055	1902	6701	9404	906	959	959	9765	7210	7088	10039	6935	10731	6598	6663	10149	7143	12752	7118	15496	6651	6619	7061	6871	6865	6930	7438	10423	9513	9815	9859	10065	9593	10265	10444	10183	9877	9568	10412	1952	906	135	141	145	117	121	111	157	131	141	141	141	121	180	141	121	121	137	136	141	173	184	161	142	170	113	136	136	136	136	155	125	161	155	168	136	136	141	147	136	132	121	121	136	121	180	134	141	134	136	180	132	113	139
Pseudomonas_syringae_CFBP_2116_6934_NZ_LT985192	4918	4535	4687	6846	4315	4394	6854	4377	4729	5135	4805	4454	6919	5502	4786	964	1102	4320	4703	6785	1228	5140	22340	6820	4557	4460	4319	4483	4516	4436	7163	4609	4189	4373	5496	4319	4255	5324	4646	4377	4687	4672	7042	1176	4239	5144	6857	4560	1541	4319	4943	7403	4840	4606	4721	5088	844	6896	4523	4643	4536	4340	4455	4261	4444	4438	4627	4421	4320	4295	4423	6282	4359	4578	22317	4712	14162	6919	1186	1186	1101	7245	4775	4887	820	5901	2423	2740	4427	1059	805	805	6709	4518	4474	4792	4347	4371	4815	4980	4581	4499	4318	4395	5356	4623	4408	4411	4843	4257	4525	4325	4297	7880	8005	7075	6851	7520	6872	6146	7829	6779	7867	6750	2380	1059	180	140	172	140	157	125	218	149	140	140	140	157	165	140	157	157	137	137	169	210	188	182	190	181	140	148	137	148	148	188	162	182	169	211	148	148	169	150	148	146	157	157	137	157	165	145	169	145	148	165	163	140	145
Pseudomonas_syringae_CFBP_8692_12247_NZ_WJSF01000010	6970	6679	6812	18721	6828	6872	17185	6941	7016	7377	7602	7304	17386	10922	7046	774	894	7178	7586	18704	1166	10104	6820	22435	7608	7287	6997	7162	7679	7754	16724	6902	7248	7076	10901	6997	7046	7456	6643	7286	6753	6896	16723	895	7088	10041	22342	6941	1352	7250	7478	16294	6350	7138	7009	7711	701	18604	7005	6887	7186	7001	6693	6934	7103	7057	6945	7190	6990	7052	6788	14844	6357	6380	6820	6568	7303	17538	895	895	1014	15779	7850	7284	909	14759	2048	5057	7202	903	873	873	14837	6861	6787	7249	6523	7061	6246	6308	6919	6763	7119	6786	9013	6419	6214	6753	6216	6588	6377	6520	7078	16256	15927	16287	16504	16224	16988	15979	16571	18496	16053	18048	1985	903	155	135	156	116	182	110	145	145	135	135	135	182	135	135	182	182	128	135	111	161	178	165	158	156	121	141	135	141	141	162	111	165	147	190	141	141	111	135	141	142	182	182	135	182	135	141	111	141	141	135	145	121	160
Pseudomonas_syringae_Dortyol_2015_6_17564_NZ_JAEIKC010000017	11794	10554	10891	7871	8034	8207	7186	11446	12023	9737	10071	11583	7293	9945	11186	894	870	11675	11816	7838	1235	10138	4557	7608	22045	11174	13182	13341	14894	14490	7103	11550	11472	10466	9935	13182	11803	9558	10958	11671	11531	11645	7091	936	11964	10138	7642	11270	1467	9212	9394	7201	7910	11868	10653	9257	729	7576	11592	11854	11132	12032	11661	11755	11090	11003	10693	11811	12001	11894	8475	6798	7853	7972	4557	7666	4684	7097	936	936	998	7284	8935	9687	960	6913	2063	8754	11026	849	925	925	7009	8306	8070	11601	8170	11527	7824	6904	10717	8350	13267	8274	11766	7868	7591	8322	7848	8130	7935	8336	11408	6939	7074	7239	7076	7064	7289	6905	7403	7533	7127	7358	2019	849	113	114	138	107	117	78	133	116	114	114	114	117	136	114	117	117	112	133	119	138	143	134	127	139	102	128	133	128	128	135	104	134	141	146	128	128	119	120	128	121	117	117	133	117	136	125	119	125	128	136	90	102	150
Pseudomonas_syringae_Dr_447_1_17557_NZ_JAEIKL010000026	11806	14329	15220	7431	7671	8334	7402	11750	11491	9506	9522	20306	7715	12220	11763	1008	948	12423	11975	7423	1210	12142	4460	7287	11174	23443	14095	13952	14037	13846	7124	11348	15596	11947	12210	14095	14700	10156	13966	19985	13304	11661	7434	981	11837	12142	7316	13200	1529	9077	9347	7074	6784	13784	11729	10299	819	7208	12790	11717	11660	11604	11091	11472	12758	11500	11909	11966	11586	11972	7555	7196	7697	6864	4460	6717	4648	7284	981	981	1044	7140	8901	9250	1178	7224	1953	10614	11489	1069	1092	1092	6964	7570	7328	12053	7132	12307	6903	6952	15074	7373	14023	7615	14354	6554	6745	7543	6865	7245	6790	7948	13108	6937	7087	7157	7370	7031	7565	7377	7365	7280	6947	7710	1967	1069	115	130	131	100	99	95	163	123	130	130	130	99	159	130	99	99	116	125	147	150	168	149	122	147	95	125	125	125	125	135	131	149	136	152	125	125	147	136	125	111	99	99	125	99	159	117	147	117	125	159	123	95	127
Pseudomonas_syringae_Erdemli_3_17569_NZ_JAEIJX010000050	11832	11924	11478	7120	8345	9011	7219	11941	11633	9096	8880	14499	7457	12610	11535	979	874	12221	12026	7106	1132	12795	4319	6997	13182	14095	23644	17026	17363	17039	7111	11074	14425	11776	12579	23644	12085	8567	12210	14441	11527	11854	7180	911	12456	12763	7042	11819	1462	8496	8814	6881	7959	12288	11737	8774	797	7089	12312	11892	12647	12239	11568	11807	11547	12578	11965	12651	12208	12573	8412	6963	8471	7848	4319	7738	4590	7163	911	911	956	6959	8551	8925	878	6939	2093	8396	11291	867	1023	1023	7039	8441	8144	12397	7999	12111	7608	6752	11661	8220	16652	8317	14811	7486	7490	8334	7780	8013	7885	8690	11784	6736	6973	6961	7070	6861	7264	7049	7284	7109	6955	7332	2063	867	125	136	137	109	116	107	148	128	136	136	136	116	185	136	116	116	132	155	132	177	177	151	132	184	121	147	155	147	147	140	117	151	180	162	147	147	132	141	147	124	116	116	155	116	185	137	132	137	147	185	128	121	150
Pseudomonas_syringae_Erdemli_6_17567_NZ_JAEIJZ010000010	12306	11396	11168	7509	8422	9281	7315	11657	11355	9352	9005	14202	7381	12865	11459	910	827	12179	11521	7465	1243	13057	4483	7162	13341	13952	17026	23758	17234	17758	7178	11004	14469	11651	12855	17026	12378	9103	12447	14686	11611	11927	7420	899	11511	13025	7194	11652	1392	9064	9352	7275	8107	11676	12325	9206	752	7395	11651	11672	12472	11575	11473	11799	10919	12372	12448	11836	11544	11658	8497	7166	8760	7918	4483	7897	4430	7238	899	899	905	7337	9143	9406	934	7112	2046	8832	10895	830	949	949	7083	8882	8564	12943	8334	12218	7920	6996	11774	8398	16773	8589	14671	7801	7888	8383	8098	8284	8155	9053	12119	7117	7395	7175	7219	7086	7489	7320	7379	7262	7027	7504	1962	830	135	138	153	118	123	101	145	130	138	138	138	123	163	138	123	123	127	151	133	152	167	147	142	168	128	143	151	143	143	150	117	147	163	166	143	143	133	143	143	136	123	123	151	123	163	149	133	149	143	163	110	128	159
Pseudomonas_syringae_Erzin_1_17571_NZ_JAEIJV010000042	12797	11323	11251	7718	8535	9149	7613	12339	12297	9427	9073	14356	8174	13357	12215	933	930	12217	13127	7717	1218	13249	4516	7679	14894	14037	17363	17234	23256	20265	7648	11849	14822	11744	13347	17363	12038	9526	11562	14286	12401	12020	7696	978	12647	13249	7711	12540	1603	9020	9439	7652	7908	12624	11969	9188	800	7662	12171	12776	11912	12671	12074	12381	11964	11783	12095	12824	12640	12809	8612	7507	8752	8155	4516	7973	4666	7675	978	978	1031	7630	9222	9163	937	7650	2165	8542	11343	938	1009	1009	7457	8856	8584	12669	8267	13124	7996	7182	11526	8477	16233	8655	15499	7744	7791	8580	8116	8379	8046	9038	12192	7074	7522	7569	7537	7410	7969	7781	7773	7427	7709	7958	2111	938	119	124	137	106	116	84	132	116	124	124	124	116	151	124	116	116	111	124	119	138	150	133	126	128	112	116	124	116	116	134	103	133	123	152	116	116	119	127	116	120	116	116	124	116	151	135	119	135	116	151	96	112	126
Pseudomonas_syringae_Erzin_2_17572_NZ_JAEIJW010000011	12373	11345	11247	7789	8607	9446	7747	12043	11897	9156	9333	14250	7995	13254	11803	979	923	12025	12533	7788	1240	13401	4436	7754	14490	13846	17039	17758	20265	23241	7447	11551	14778	11453	13244	17039	11962	9333	11695	14201	11657	11857	7800	1038	12360	13401	7786	12442	1530	8819	9202	7667	8145	12241	11937	9039	849	7658	11545	12304	11707	12306	11780	12045	11962	11578	12026	12537	12275	12508	8849	7503	8919	8244	4436	8135	4524	7691	1038	1038	1068	7707	8863	9382	979	7513	2168	8228	11352	914	1008	1008	7331	9033	8747	12351	8321	13248	8140	7260	11502	8688	16109	8862	15764	7942	7936	8750	8222	8582	8205	9218	12913	7382	7560	7587	7670	7486	7968	7868	7767	7505	7580	7965	2114	914	121	137	141	109	103	113	148	129	137	137	137	103	173	137	103	103	138	137	148	153	163	164	128	143	113	129	137	129	129	136	132	164	139	154	129	129	148	154	129	120	103	103	137	103	173	135	148	135	129	173	115	113	128
Pseudomonas_syringae_ICMP_11293_3802_NZ_LKEP01000002	7021	6909	6597	16521	6420	6730	18201	6933	6923	7539	7482	7061	19041	11196	7172	909	932	6829	7527	16366	1239	10115	7163	16724	7103	7124	7111	7178	7648	7447	23874	6982	7040	6978	11175	7111	6838	7533	6588	7018	6842	6928	18781	950	6912	10124	16755	6927	1406	7259	7454	16025	6219	7127	7126	7744	682	16908	7118	6955	7326	6914	6622	6771	6861	7197	7082	7047	6887	6986	6484	18046	6348	6100	7166	6408	7855	20239	950	950	1046	16357	7779	7205	903	17232	2209	4933	7115	1037	1044	1044	16325	6550	6463	7170	6155	6934	5991	6110	6748	6505	7023	6417	8921	6135	6110	6413	6075	6302	6253	6499	6847	16038	16977	16119	18944	16627	19370	17550	15986	16668	17038	18012	2138	1037	153	146	148	106	169	98	122	136	146	146	146	169	135	146	169	169	120	141	128	133	151	135	152	129	113	141	141	141	141	155	112	135	126	161	141	141	128	130	141	137	169	169	141	169	135	140	128	140	141	135	128	113	138
Pseudomonas_syringae_ICMP_4122_6689_NZ_LKBX01000039	12166	11271	11265	6984	6678	6940	6778	13464	13542	10957	9777	11341	7232	9564	11948	909	888	11420	14225	6990	1116	9516	4609	6902	11550	11348	11074	11004	11849	11551	6982	21074	11423	11895	9564	11074	11161	10137	12706	11224	13568	12001	6912	861	13260	9516	6934	13585	1775	8958	10061	7764	7120	13879	11843	10940	777	6936	12086	12027	11975	13502	12162	11652	11182	11846	11848	13712	13484	13402	6811	6877	6359	7901	4622	7628	5226	7026	861	861	928	7714	10824	10213	852	6953	1892	9331	11471	833	901	901	6507	6828	6618	13503	6434	11759	6946	6968	10947	6931	11288	6828	11367	7814	7382	6654	7044	6545	8118	6740	11648	7045	7338	7750	6713	7559	6989	6802	7491	6751	7336	6979	1921	833	164	122	174	145	135	119	180	126	122	122	122	135	171	122	135	135	144	120	151	165	170	175	171	174	133	131	120	131	131	178	151	175	163	197	131	131	151	144	131	150	135	135	120	135	171	150	151	150	131	171	138	133	159
Pseudomonas_syringae_KCTC_12500_26106_NZ_AYTM02000002	11916	12204	12320	7481	8074	8635	7441	11770	12121	9242	9558	15873	7630	12741	12303	916	887	12310	12247	7566	1205	12378	4189	7248	11472	15596	14425	14469	14822	14778	7040	11423	23457	11629	12710	14425	12788	10155	12716	15779	12503	11339	7377	927	12107	12369	7302	12298	1466	8811	9258	7124	7159	13313	11920	10044	792	7318	12899	11860	12173	11844	11453	11831	12309	12029	11931	12281	11828	12244	7793	7158	8323	7372	4189	6968	4550	7271	927	927	961	7130	8831	9212	1070	7113	1949	9882	11076	1048	968	977	6752	8097	7885	12155	7759	12548	7070	7150	12400	7533	14928	7848	14614	6824	7056	7817	7278	7724	7280	8378	12295	6934	6884	7084	7327	6923	7437	7343	7279	7333	6990	7663	1972	1048	141	137	151	129	130	107	148	129	137	137	137	130	174	137	130	130	132	150	132	161	166	156	148	174	135	142	150	142	142	154	116	156	168	174	142	142	132	142	142	138	130	130	150	130	174	151	132	151	142	174	119	135	172
Pseudomonas_syringae_KF529_17593_NZ_CP074409	12682	11459	11553	7014	6731	6905	6827	13456	13972	9406	10507	11711	7212	9696	12446	937	917	12669	14366	7034	1191	9794	4373	7076	10466	11947	11776	11651	11744	11453	6978	11895	11629	20365	9665	11776	11538	9540	12246	11745	14014	12956	6828	959	12117	9794	7114	14102	1561	8704	9767	7333	7046	14412	17084	9428	907	7031	14634	14947	15270	11892	14607	11969	12813	15110	17424	12315	11861	12234	6527	6716	6378	7184	4373	6914	4538	7184	959	959	985	7403	9217	9484	962	6797	1907	9502	13514	898	927	927	6367	6716	6531	12923	6244	12061	7094	6995	11532	6971	11262	6619	11486	6863	7091	6502	7009	6502	7035	6746	12160	7025	7288	7359	6900	7292	7188	7020	7678	6937	7338	7239	1958	898	161	129	157	133	127	111	156	125	129	129	129	127	186	129	127	127	136	124	140	157	159	157	156	151	132	127	124	127	127	167	127	157	138	182	127	127	140	143	127	143	127	127	124	127	186	166	140	166	127	186	120	132	141
Pseudomonas_syringae_Karpuz_1_hishtil_a_17552_NZ_JAEILI010000040	10084	9311	9470	11544	7346	7904	11018	9549	9743	8605	8346	12444	11710	22292	10036	896	837	10401	10211	11596	1158	19322	5496	10901	9935	12210	12579	12855	13347	13244	11175	9564	12710	9665	22323	12579	10088	8433	9301	12192	9395	9792	11321	871	9910	19340	10916	10051	1464	8428	8649	11053	6953	9786	10175	8873	740	11335	9657	9860	10260	9986	9470	10032	9270	10100	10151	10121	9977	10058	7312	10938	7523	6865	5499	6937	5449	11156	871	871	927	10986	8426	8547	940	10892	1823	6823	9574	813	927	927	10640	7507	7385	10022	7252	9985	6739	6967	9804	7259	12807	7332	16295	6959	6873	7251	6939	7060	7036	7641	10326	10426	10846	10693	10995	10618	11119	11234	10929	10909	10610	11234	1853	813	126	138	139	114	112	102	154	128	138	138	138	112	172	138	112	112	128	133	135	170	187	158	133	169	104	133	133	133	133	146	119	158	152	159	133	133	135	144	133	123	112	112	133	112	172	125	135	125	133	172	132	104	130
Pseudomonas_syringae_Kozan_2015_1_17562_NZ_JAEIKF010000024	11832	11924	11478	7120	8345	9011	7219	11941	11633	9096	8880	14499	7457	12610	11535	979	874	12221	12026	7106	1132	12795	4319	6997	13182	14095	23644	17026	17363	17039	7111	11074	14425	11776	12579	23644	12085	8567	12210	14441	11527	11854	7180	911	12456	12763	7042	11819	1462	8496	8814	6881	7959	12288	11737	8774	797	7089	12312	11892	12647	12239	11568	11807	11547	12578	11965	12651	12208	12573	8412	6963	8471	7848	4319	7738	4590	7163	911	911	956	6959	8551	8925	878	6939	2093	8396	11291	867	1023	1023	7039	8441	8144	12397	7999	12111	7608	6752	11661	8220	16652	8317	14811	7486	7490	8334	7780	8013	7885	8690	11784	6736	6973	6961	7070	6861	7264	7049	7284	7109	6955	7332	2063	867	125	136	137	109	116	107	148	128	136	136	136	116	185	136	116	116	132	155	132	177	177	151	132	184	121	147	155	147	147	140	117	151	180	162	147	147	132	141	147	124	116	116	155	116	185	137	132	137	147	185	128	121	150
Pseudomonas_syringae_LMG5095_7342_NZ_CP028490	11935	13735	13975	6981	7156	7440	6952	11879	11712	9470	9488	15653	7148	10098	11908	872	847	13682	12336	6937	1128	10333	4255	7046	11803	14700	12085	12378	12038	11962	6838	11161	12788	11538	10088	12085	21034	10015	14064	15876	12951	11781	7000	896	12890	10333	7100	13441	1488	10106	9473	6937	7023	13856	11653	10464	746	7008	13417	11886	11957	12680	11602	12768	12864	11857	11892	12929	12671	12837	7342	6902	6818	7158	4269	6927	4343	6983	896	896	934	7088	9039	9427	1027	6764	1890	11199	11906	964	891	891	6392	7233	7042	12163	6903	13119	7089	7193	15203	7362	11635	7281	12015	6812	6940	7317	7106	7088	7189	7175	13196	6699	7015	7015	6874	6717	7182	7057	7033	6901	6825	7094	1928	964	114	119	130	105	100	91	138	119	119	119	119	100	156	119	100	100	116	119	122	145	153	146	121	135	94	119	119	119	119	127	106	146	129	147	119	119	122	132	119	111	100	100	119	100	156	113	122	113	119	156	109	94	119
Pseudomonas_syringae_M11_20731_NZ_JAROCH010000010	10670	11415	11285	7635	7196	7372	7474	9761	9698	14210	10351	10093	7710	8444	10476	983	985	9466	10211	7676	1183	8336	5324	7456	9558	10156	8567	9103	9526	9333	7533	10137	10155	9540	8433	8567	10015	22471	10326	10101	10562	9825	7593	1033	9256	8336	7502	11079	1567	12546	13063	8149	8129	10875	10035	14634	859	7429	10490	9627	9570	9348	9521	9095	10655	9441	9939	9657	9317	9399	7149	7506	7038	7418	5337	7685	5031	7747	1033	1033	1086	8048	11912	13126	1135	7474	2119	7533	9904	1084	1010	1019	6956	7346	7157	11235	6819	9589	8118	8121	11276	7497	8996	7355	9007	7379	7448	7101	7881	7123	7439	7039	9506	8263	8396	7937	7597	7873	7549	7540	8579	7671	8206	7560	2099	1084	195	146	180	134	162	150	198	150	146	146	146	162	201	146	162	162	159	151	186	217	207	190	204	221	145	162	151	162	162	192	171	190	206	228	162	162	186	171	162	151	162	162	151	162	201	163	186	163	162	201	185	145	182
Pseudomonas_syringae_MB03_4121_NZ_LAGV01000047	12264	14367	15384	6808	6772	7086	6362	12010	11631	10115	9353	13810	6821	9312	12046	985	998	11281	12103	6784	1203	9446	4646	6643	10958	13966	12210	12447	11562	11695	6588	12706	12716	12246	9301	12210	14064	10326	22413	14054	12874	12062	6617	977	11522	9446	6697	12872	1795	8741	9416	7523	7215	13546	12202	11463	868	6727	13438	11908	13113	11609	11539	11678	12781	13013	12441	11843	11600	11679	6899	6442	6443	8033	4646	7630	5130	6515	977	977	1046	7678	10094	10188	1131	6407	1884	9451	11405	1116	1033	1033	6046	6903	6740	12003	6542	11968	7162	7213	14282	7003	12164	6801	11644	7627	7551	6907	7250	6822	8144	6793	11881	7055	7270	7627	6435	7461	6808	6698	7514	6670	7059	6833	1915	1116	154	141	158	133	137	128	169	144	141	141	141	137	194	141	137	137	153	160	155	180	181	175	161	181	134	163	160	163	163	161	140	175	175	187	163	163	155	162	163	145	137	137	160	137	194	156	155	156	163	194	138	134	168
Pseudomonas_syringae_MUP17_20728_NZ_CP110807	12441	13574	14492	7431	7544	8089	7437	12051	11786	9462	9355	22477	7605	12202	11715	981	917	12621	12378	7359	1223	12523	4377	7286	11671	19985	14441	14686	14286	14201	7018	11224	15779	11745	12192	14441	15876	10101	14054	23662	12996	11744	7397	901	12041	12460	7340	13444	1499	8706	9163	7058	6646	14189	11760	10005	829	7236	13109	11948	11947	11837	11510	11638	13125	11818	11916	12383	11819	12189	7571	7271	7663	6789	4377	6606	4543	7197	901	901	966	7134	8846	9300	1120	7184	1912	10603	11863	1056	1042	1042	6772	7478	7236	12574	6917	12689	6836	6922	17042	7573	14175	7531	14403	6421	6689	7524	6815	7251	6762	7983	12322	6922	7144	7143	7357	6987	7554	7347	7214	7158	6871	7671	1949	1056	124	138	140	117	110	101	157	131	138	138	138	110	184	138	110	110	126	133	141	171	181	160	131	168	104	137	133	137	137	144	125	160	155	157	137	137	141	142	137	121	110	110	133	110	184	125	141	125	137	184	137	104	131
Pseudomonas_syringae_MUP20_20716_NZ_CP110808	12674	12876	13160	6879	6860	6802	6738	14097	15370	9734	10431	13092	7133	9426	12412	955	935	12463	15350	6882	1123	9653	4687	6753	11531	13304	11527	11611	12401	11657	6842	13568	12503	14014	9395	11527	12951	10562	12874	12996	21730	13748	6697	931	12394	9653	6804	15922	1509	8561	9895	7214	7035	16970	13614	10012	815	6703	15347	13870	14052	12496	13377	12507	14781	13923	13514	12684	12478	12542	6609	6762	6280	7185	4687	6975	4769	6968	931	931	1004	7151	9096	9366	1060	6806	1930	10657	12873	1027	944	944	6323	6844	6632	13061	6437	12359	6955	7046	12732	7051	11079	6667	11543	6716	6949	6534	6850	6471	6859	6542	11761	6907	7027	7133	6658	6979	6862	6833	7449	6739	7152	6868	1946	1027	159	138	171	138	142	124	170	142	138	138	138	142	173	138	142	142	151	133	158	170	176	161	166	162	135	144	133	144	144	181	142	161	153	192	144	144	158	161	144	156	142	142	133	142	173	156	158	156	144	173	124	135	153
Pseudomonas_syringae_MUP32_20727_NZ_CP110809	12510	12124	11682	6842	6876	7059	6764	13573	13272	10193	10648	11633	7126	9823	12309	1002	945	11945	14044	6796	1243	9984	4672	6896	11645	11661	11854	11927	12020	11857	6928	12001	11339	12956	9792	11854	11781	9825	12062	11744	13748	20527	6797	1005	11818	9984	6931	13473	1577	8833	10224	7468	7315	13815	13231	9321	884	6728	13201	13602	13105	12130	13032	12147	13789	12976	13350	12158	12099	11938	6936	6913	6539	7302	4672	7074	4802	7010	1005	1005	1062	7374	9307	9564	962	6949	1963	8642	13083	944	1030	1030	6594	6951	6779	12458	6622	12191	7055	7057	11537	6936	11286	6943	11527	7009	7044	6869	7019	6706	7176	6872	11941	7090	7367	7271	6797	7178	7038	6914	7466	6764	7269	6950	2000	944	149	120	161	130	132	114	161	131	120	120	120	132	168	120	132	132	139	133	149	165	166	153	156	172	126	144	133	144	144	164	133	153	168	186	144	144	149	149	144	145	132	132	133	132	168	145	149	145	144	168	125	126	166
Pseudomonas_syringae_NCPPB_3871_5835_NZ_LKEN01000002	6726	6662	6592	16964	6828	7221	20301	6715	6891	7534	7677	7398	19574	11344	7089	802	918	7177	7423	16893	1143	10464	7042	16723	7091	7434	7180	7420	7696	7800	18781	6912	7377	6828	11321	7180	7000	7593	6617	7397	6697	6797	23761	918	6870	10473	16754	6870	1395	7320	7517	16233	6357	7044	6983	7830	695	16583	6782	6772	7192	6696	6495	6760	6704	7087	6946	7040	6689	6944	6816	20175	6704	6111	7045	6482	7443	18493	918	918	1025	16259	7846	7353	849	19782	2191	5029	7139	895	963	963	17362	7044	6993	7244	6693	6831	6020	6254	6852	6619	7219	6843	9005	6255	6088	6833	6281	6656	6504	6842	6993	15421	15754	16224	21420	15566	20265	20108	15783	16479	15097	19129	2134	895	146	139	139	108	161	86	122	129	139	139	139	161	125	139	161	161	119	134	124	129	141	125	153	123	106	134	134	134	134	148	108	125	120	154	134	134	124	121	134	140	161	161	134	161	125	128	124	128	134	125	115	106	131
Pseudomonas_syringae_NZ45_6142_NZ_MTZF01000001	929	871	905	851	926	1025	957	953	968	953	1063	955	966	871	907	2698	6394	1002	955	821	1120	951	1176	895	936	981	911	899	978	1038	950	861	927	959	871	911	896	1033	977	901	931	1005	918	23521	814	951	895	959	1409	961	1079	1000	976	958	891	868	1674	891	887	1033	932	821	840	890	961	850	910	889	790	856	901	922	1003	902	1176	984	1122	978	23472	23490	14341	927	907	999	2449	926	1137	922	925	6438	1737	1740	846	927	923	970	862	1026	912	972	917	966	873	917	903	956	1000	887	944	1005	962	972	1055	983	1016	922	940	990	945	854	940	859	930	907	1141	6457	163	156	175	152	156	161	177	143	156	156	156	156	191	156	156	156	134	164	155	192	197	206	154	172	132	149	158	149	149	174	150	206	117	206	149	149	155	164	149	137	156	156	164	156	191	152	155	152	149	191	171	132	144
Pseudomonas_syringae_P108_12228_NZ_VLIA01000012	12776	11835	11827	7073	6831	6769	6879	13374	13345	9493	9389	12047	7115	9941	12934	855	850	13975	13617	7066	1171	10339	4239	7088	11964	11837	12456	11511	12647	12360	6912	13260	12107	12117	9910	12456	12890	9256	11522	12041	12394	11818	6870	814	19630	10339	7126	13644	1482	9674	8997	7169	6746	13418	12565	9021	780	6895	12527	13087	12838	17646	14408	14210	12259	12740	12880	19406	17628	19546	6934	6875	6313	6973	4239	6547	4426	7137	814	814	906	7037	9157	9305	829	6952	1885	9832	11402	834	868	868	6243	6776	6583	13660	6481	14665	6708	6650	11311	7346	12362	6853	11654	6643	6578	6855	6556	6654	6603	6674	13333	6668	7022	7163	6833	6910	7092	6964	7212	6874	7057	7004	1861	834	170	130	174	131	141	123	156	127	130	130	130	141	172	130	141	141	130	127	140	173	172	164	177	162	144	127	127	127	127	177	124	164	153	203	127	127	140	143	127	139	141	141	127	141	172	159	140	159	127	172	145	144	159
Pseudomonas_syringae_P121_12232_NZ_VLIE01000021	10502	9558	9390	10597	7054	7712	10112	10101	10142	8389	8165	12332	10666	19371	10234	961	913	11033	9949	10668	1234	22305	5144	10041	10138	12142	12763	13025	13249	13401	10124	9516	12369	9794	19340	12763	10333	8336	9446	12460	9653	9984	10473	951	10339	22323	10069	10563	1546	8439	8388	10237	6772	10158	10475	8879	784	10287	9350	9998	10031	10374	10003	10402	10001	9871	10432	10550	10365	10487	7084	10044	7380	6575	5147	6638	5180	9911	951	951	974	10100	8019	8944	987	10064	1902	6701	9404	906	959	959	9765	7196	7074	10039	6945	10668	6598	6663	10149	7105	12720	7118	15433	6651	6629	7071	6881	6851	6930	7448	10360	9513	9815	9859	10074	9593	10256	10453	10183	9886	9586	10403	1952	906	135	141	145	117	121	111	157	131	141	141	141	121	180	141	121	121	137	136	141	173	184	161	142	170	113	136	136	136	136	155	125	161	155	168	136	136	141	147	136	132	121	121	136	121	180	134	141	134	136	180	132	113	139
Pseudomonas_syringae_P78_12243_NZ_WJPU01000012	7016	6695	6841	18752	6837	6898	17216	6995	7070	7425	7663	7358	17417	10937	7080	774	894	7216	7640	18735	1166	10132	6857	22342	7642	7316	7042	7194	7711	7786	16755	6934	7302	7114	10916	7042	7100	7502	6697	7340	6804	6931	16754	895	7126	10069	22435	6976	1356	7275	7503	16325	6359	7175	7047	7721	701	18635	7042	6938	7240	7055	6728	6969	7138	7111	6983	7228	7044	7090	6812	14875	6381	6389	6857	6577	7331	17569	895	895	1014	15810	7891	7325	909	14790	2076	5080	7240	903	873	873	14868	6870	6796	7284	6530	7099	6269	6317	6973	6772	7150	6795	9045	6428	6237	6777	6240	6597	6387	6544	7112	16287	15958	16318	16506	16244	17019	15981	16572	18527	16084	18079	2013	903	155	135	156	116	182	110	145	145	135	135	135	182	135	135	182	182	128	135	111	161	178	165	158	156	121	141	135	141	141	162	111	165	147	190	141	141	111	135	141	142	182	182	135	182	135	141	111	141	141	135	145	121	160
Pseudomonas_syringae_PA-1-11B_17691_NZ_WJYR01000030	12844	13400	13174	6893	7288	7070	6906	16888	15437	10203	10657	13555	7140	10082	12817	979	979	12908	15600	6936	1204	10563	4560	6941	11270	13200	11819	11652	12540	12442	6927	13585	12298	14102	10051	11819	13441	11079	12872	13444	15922	13473	6870	959	13644	10563	6976	21984	1607	8912	9977	7351	7208	16949	13485	10454	870	6891	14580	13736	13172	13978	13780	13062	15846	13012	13621	14046	13960	13792	6931	6919	6665	7440	4573	7440	4857	7066	959	959	1046	7287	9520	9918	1048	6900	1940	11146	13083	1091	966	954	6347	7143	6990	14010	6700	13483	7224	7228	13717	7408	11592	7132	12188	7227	7402	6841	7089	6889	7311	6996	12647	6875	7159	7247	6850	7029	7134	6992	7377	6893	7244	6992	1970	1091	153	136	165	134	136	118	166	140	136	136	136	136	173	136	136	136	143	131	150	170	174	163	160	156	135	142	131	142	142	175	134	163	145	186	142	142	150	153	142	152	136	136	131	136	173	154	150	154	142	173	126	135	147
Pseudomonas_syringae_PA-2-9E_17695_NZ_CP066265	1584	1678	1655	1399	1321	1435	1385	1605	1669	1501	1483	1514	1364	1464	1692	1514	1418	1528	1781	1390	4699	1546	1541	1352	1467	1529	1462	1392	1603	1530	1406	1775	1466	1561	1464	1462	1488	1567	1795	1499	1509	1577	1395	1409	1482	1546	1356	1607	22480	1490	1551	1561	1574	1633	1477	1485	1195	1348	1543	1566	1510	1477	1498	1466	1596	1429	1505	1509	1477	1481	1481	1432	1379	1464	1535	1459	1536	1417	1409	1409	1613	1599	1502	1517	1685	1416	1069	4029	1579	1346	1679	1688	1388	1386	1377	1653	1315	1601	1498	1448	1605	1388	1584	1380	1580	1433	1537	1421	1548	1498	1504	1374	1552	1558	1680	1579	1380	1583	1472	1363	1516	1327	1449	1362	1118	1337	138	110	148	130	102	104	125	118	110	110	110	102	136	110	102	102	94	110	123	146	132	132	128	117	119	110	110	110	110	134	108	132	109	127	110	110	123	129	110	119	102	102	110	102	136	132	123	132	110	136	124	119	128
Pseudomonas_syringae_PA-5-3F_17693_NZ_WKCY01000048	8608	8537	8888	7468	7456	7454	7200	8616	8770	12480	9580	8814	7399	8439	8827	1027	932	10207	9002	7516	1263	8439	4319	7250	9212	9077	8496	9064	9020	8819	7259	8958	8811	8704	8428	8496	10106	12546	8741	8706	8561	8833	7320	961	9674	8439	7275	8912	1490	20188	14467	7339	7152	8797	9148	13200	802	7313	8472	8828	8982	9610	8564	9559	8627	8884	9018	9883	9601	9771	7267	7202	6929	7103	4319	7025	4347	7301	961	961	1033	7446	12992	12238	1007	7048	2067	6814	9018	859	1049	1049	6808	7179	6957	9293	6950	10027	7082	7114	8443	7254	9091	7311	9192	6884	7030	7211	6879	7215	7014	7399	10370	7267	7488	7296	7263	7224	7308	7311	7527	7431	7307	7385	2094	859	145	116	134	115	119	105	161	126	116	116	116	119	155	116	119	119	132	116	129	180	159	162	149	164	100	116	116	116	116	134	129	162	157	178	116	116	129	133	116	128	119	119	116	119	155	124	129	124	116	155	136	100	141
Pseudomonas_syringae_PA-5-3G_17692_NZ_WKCZ01000015	9664	9253	9414	7531	7227	7333	7449	9799	10024	13014	10539	9190	7670	8660	9527	1082	948	9484	10615	7607	1174	8388	4943	7478	9394	9347	8814	9352	9439	9202	7454	10061	9258	9767	8649	8814	9473	13063	9416	9163	9895	10224	7517	1079	8997	8388	7503	9977	1551	14467	21479	7963	7566	10316	10227	14395	808	7418	9923	10072	10082	9226	9445	8907	9726	9953	9996	9285	9195	9094	7063	7394	7024	7663	4960	7735	5035	7541	1079	1079	1118	7938	14538	13496	1054	7294	2023	6365	9831	864	1030	1030	6901	7310	7189	10250	6729	9391	7687	7830	9566	7428	9150	7166	9433	7489	7620	7007	7495	7245	7701	7295	9460	7941	8046	7860	7421	7834	7566	7481	8165	7615	7850	7599	1999	864	180	116	163	126	154	140	174	134	116	116	116	154	169	116	154	154	149	126	146	192	174	173	187	199	126	137	126	137	137	166	146	173	189	213	137	137	146	153	137	141	154	154	126	154	169	153	146	153	137	169	168	126	175
Pseudomonas_syringae_PsA1M246_17694_NZ_JAKMVN010000019	7416	7330	6979	16482	6393	6627	15811	7186	7274	8080	7789	7139	15746	11064	7656	832	948	7054	7853	16504	1140	10237	7403	16294	7201	7074	6881	7275	7652	7667	16025	7764	7124	7333	11053	6881	6937	8149	7523	7058	7214	7468	16233	1000	7169	10237	16325	7351	1561	7339	7963	22266	6686	7519	7470	8396	787	16098	7279	7358	7615	7006	7029	6736	7086	7486	7434	7376	6999	7292	6469	14740	6270	6924	7403	7178	8236	16146	1000	1000	1081	18863	8353	7966	904	15046	2233	4931	7471	933	844	844	14966	6550	6510	7601	6177	6983	6448	6659	7177	6583	6985	6539	8770	6880	7024	6438	6491	6350	6957	6407	7074	17634	16475	17708	16196	18813	16235	15048	17513	15953	16924	15900	2160	933	174	125	156	140	187	118	159	140	125	125	125	187	137	125	187	187	148	125	127	158	165	160	181	147	127	136	125	136	136	167	127	160	138	195	136	136	127	141	136	162	187	187	125	187	137	155	127	155	136	137	137	127	154
Pseudomonas_syringae_Pss9654_5872_NZ_MLES01000028	7930	7709	7640	6416	14871	16248	6385	6964	7088	7725	8084	6663	6472	6964	8051	1007	990	7158	6988	6503	1180	6772	4840	6350	7910	6784	7959	8107	7908	8145	6219	7120	7159	7046	6953	7959	7023	8129	7215	6646	7035	7315	6357	976	6746	6772	6359	7208	1574	7152	7566	6686	22143	7279	7256	7674	943	6454	6918	7191	7466	6808	6894	6865	7085	7375	7231	6986	6777	6867	15986	5966	14060	16578	4840	16221	4291	6487	976	976	1051	6707	7384	7868	1024	6058	2407	4863	7130	908	1036	1036	6106	15250	14895	8125	15062	6754	16938	14966	7829	14735	7979	16074	7232	15740	15642	15306	16885	14596	15696	15417	7042	7106	6820	6591	6349	6641	6371	6192	7202	6538	7182	6590	2380	908	171	151	185	124	162	159	172	147	151	151	151	162	185	151	162	162	151	151	149	197	217	177	186	187	152	154	151	154	154	192	133	177	176	216	154	154	149	159	154	147	162	162	151	162	185	172	149	172	154	185	176	152	154
Pseudomonas_syringae_Pss9656_6144_NZ_MLEM01000010	12822	13637	13820	7243	7131	7075	6945	16205	15636	10090	11116	14097	7395	9796	12321	998	951	13499	16197	7216	1190	10158	4606	7138	11868	13784	12288	11676	12624	12241	7127	13879	13313	14412	9786	12288	13856	10875	13546	14189	16970	13815	7044	958	13418	10158	7175	16949	1633	8797	10316	7519	7279	22025	13676	10679	852	7099	16041	13981	14081	13662	13811	12284	15053	13952	13846	13890	13644	13566	7059	7021	6709	7388	4619	7325	4868	7249	958	958	1023	7396	9786	10200	1117	6973	1955	11936	13174	1092	976	976	6581	7091	6941	13662	6521	13193	7255	7294	14090	7458	11605	7135	11663	7060	7319	6983	7240	6834	7418	6979	12458	7228	7377	7337	6926	7298	7209	7115	7522	7051	7461	7165	1977	1092	153	138	173	142	136	118	170	142	138	138	138	136	171	138	136	136	143	133	160	166	184	165	160	158	129	144	133	144	144	175	144	165	147	186	144	144	160	159	144	148	136	136	133	136	171	150	160	150	144	171	130	129	149
Pseudomonas_syringae_Psy33_20718_NZ_CP036493	13306	12189	11427	7070	6848	7082	6953	12775	13471	10289	10869	11641	7266	10206	12902	916	907	12059	13906	7090	1242	10475	4721	7009	10653	11729	11737	12325	11969	11937	7126	11843	11920	17084	10175	11737	11653	10035	12202	11760	13614	13231	6983	891	12565	10475	7047	13485	1477	9148	10227	7470	7256	13676	20752	10066	856	7101	14189	15486	15040	12377	15164	12398	12938	15009	19812	12896	12346	12682	6799	7026	6428	7214	4721	7047	4728	7238	891	891	942	7383	9712	10000	931	6906	1963	8716	13890	888	874	874	6554	6908	6681	13481	6432	12788	7220	7065	11610	7026	11658	6844	11879	6960	7185	6701	7160	6635	7189	6816	12163	7236	7537	7334	6975	7317	7146	7154	7607	7060	7434	7161	1980	888	159	134	159	125	129	111	158	130	134	134	134	129	181	134	129	129	138	129	145	158	164	149	154	149	134	132	129	132	132	169	129	149	140	180	132	132	145	148	132	145	129	129	129	129	181	168	145	168	132	181	112	134	141
Pseudomonas_syringae_R1079_7297_NZ_NQWX01000016	9355	10508	10432	7863	7159	7585	7700	9281	9428	13513	10509	9843	7906	8884	9587	912	906	9224	9795	7945	1141	8879	5088	7711	9257	10299	8774	9206	9188	9039	7744	10940	10044	9428	8873	8774	10464	14634	11463	10005	10012	9321	7830	868	9021	8879	7721	10454	1485	13200	14395	8396	7674	10679	10066	22413	769	7759	10239	9316	9556	9154	8905	8440	10464	9540	9837	9307	9123	9182	7300	7620	7058	8013	5088	8318	5602	7762	868	868	954	8623	16857	12821	1083	7494	2191	7342	9565	1031	928	937	7411	7276	7155	9980	6849	9230	7569	7831	10586	7252	9164	7429	9173	8571	7852	7181	7620	7092	8672	7161	9274	8092	8256	8337	7762	8450	7653	7836	8430	7945	7958	8030	2221	1031	180	125	171	129	161	141	196	135	125	125	125	161	176	125	161	161	148	117	164	206	192	192	195	197	135	134	117	134	134	187	162	192	180	227	134	134	164	147	134	141	161	161	117	161	176	145	164	145	134	176	187	135	158
Pseudomonas_syringae_RAYR-BL_17598_NZ_JAHZNS010000008	920	788	848	694	899	929	722	898	806	853	881	859	707	740	853	1382	1602	794	875	695	1112	778	844	701	729	819	797	752	800	849	682	777	792	907	740	797	746	859	868	829	815	884	695	1674	780	784	701	870	1195	802	808	787	943	852	856	769	21407	686	815	796	849	796	747	720	841	813	856	818	796	800	862	706	841	875	844	897	863	715	1674	1674	1799	808	892	800	1329	729	789	737	831	1570	1372	1372	772	864	850	860	797	834	864	944	827	853	791	853	780	920	959	851	931	942	894	942	789	784	770	789	706	814	725	723	794	724	755	706	803	1559	196	186	198	217	175	161	246	188	186	186	186	175	218	186	175	175	180	186	177	227	216	240	213	204	191	178	186	178	178	182	174	240	208	221	178	178	177	197	178	184	175	175	186	175	218	181	177	181	178	218	214	191	231
Pseudomonas_syringae_RMP66_6987_NZ_NHST01000045	7115	6672	6789	19017	6599	6953	16731	6793	6869	7535	7502	7323	17736	11358	7076	751	794	7127	7542	19517	1145	10269	6896	18604	7576	7208	7089	7395	7662	7658	16908	6936	7318	7031	11335	7089	7008	7429	6727	7236	6703	6728	16583	891	6895	10287	18635	6891	1348	7313	7418	16098	6454	7099	7101	7759	686	22593	7029	6993	7310	6838	6494	6878	6794	7205	7052	7069	6811	6994	6700	15164	6273	6084	6899	6491	7350	16508	891	891	948	16318	7685	7276	871	14303	2065	5093	7103	807	861	861	15065	6773	6761	7273	6478	6912	6028	6187	6994	6517	7059	6603	8914	6318	6179	6638	6207	6514	6439	6632	7048	15482	16161	15808	16644	15827	16606	15888	16114	18839	16108	17690	1989	807	117	114	114	101	133	83	112	104	114	114	114	133	116	114	133	133	92	109	102	116	143	116	124	114	102	109	109	109	109	123	86	116	98	138	109	109	102	100	109	109	133	133	109	133	116	104	102	104	109	116	96	102	106
Pseudomonas_syringae_SHV1866_17586_NZ_JAHARV010000001	13605	13009	13574	7127	6532	6831	6787	13833	14613	9593	10471	13019	7230	9667	13092	943	877	12663	14393	7042	1094	9350	4523	7005	11592	12790	12312	11651	12171	11545	7118	12086	12899	14634	9657	12312	13417	10490	13438	13109	15347	13201	6782	887	12527	9350	7042	14580	1543	8472	9923	7279	6918	16041	14189	10239	815	7029	21736	14349	15201	12480	14226	12656	14238	15041	14112	12548	12449	12448	6615	6817	6361	7089	4523	6759	4682	7141	887	887	943	7256	8956	9503	1051	6895	1960	11148	13606	992	962	962	6398	6754	6594	13161	6506	12047	6898	6966	13192	6744	11674	6500	11534	6838	6856	6587	7074	6556	7168	6511	11934	6969	7125	7264	6788	7084	7055	6896	7439	6862	7265	7147	2006	992	133	149	151	118	121	112	168	142	149	149	149	121	208	149	121	121	139	152	152	178	190	161	140	178	123	152	152	152	152	155	136	161	169	166	152	152	152	155	152	134	121	121	152	121	208	144	152	144	152	208	138	123	141
Pseudomonas_syringae_SHV323_17590_NZ_JAHARZ010000001	14838	11978	11777	7070	6854	6964	6780	13380	13862	9908	10800	12038	7311	9891	13615	974	982	12158	14464	7090	1158	9998	4643	6887	11854	11717	11892	11672	12776	12304	6955	12027	11860	14947	9860	11892	11886	9627	11908	11948	13870	13602	6772	1033	13087	9998	6938	13736	1566	8828	10072	7358	7191	13981	15486	9316	796	6993	14349	20512	14559	12771	16555	13301	12891	14431	15744	13193	12740	13204	6752	6752	6515	7299	4643	6921	4723	7133	1033	1033	1071	7223	9234	9683	968	6736	2026	8636	13055	954	973	973	6391	6943	6708	13232	6364	12348	7123	7095	11639	7063	11732	6866	11855	6924	7092	6773	6949	6684	7074	6888	11925	6870	7240	7228	6785	7121	7092	6876	7379	6820	7241	7068	2047	954	164	138	176	127	152	143	167	146	138	138	138	152	187	138	152	152	152	135	154	186	203	163	171	175	141	146	135	146	146	179	138	163	170	197	146	146	154	165	146	144	152	152	135	152	187	164	154	164	146	187	158	141	142
Pseudomonas_syringae_SV1599_17591_NZ_JAHARU010000001	13284	12184	12029	7317	7138	7323	7146	13402	14006	9684	10753	11982	7487	10271	13195	952	930	12516	14054	7352	1153	10031	4536	7186	11132	11660	12647	12472	11912	11707	7326	11975	12173	15270	10260	12647	11957	9570	13113	11947	14052	13105	7192	932	12838	10031	7240	13172	1510	8982	10082	7615	7466	14081	15040	9556	849	7310	15201	14559	20683	12587	14406	13160	12675	20505	15328	12983	12556	12955	6901	7113	6716	7578	4536	7418	4741	7272	932	932	1030	7765	9539	9850	960	7174	1971	9308	13506	862	947	947	6736	7258	7030	14367	6861	12885	7352	7437	11913	7331	12030	6938	11861	7343	7295	6894	7370	6896	7610	7106	12315	7319	7566	7681	7119	7478	7450	7262	7925	7328	7573	7473	1995	862	158	152	154	132	142	132	182	156	152	152	152	142	185	152	142	142	159	147	152	198	204	173	161	188	140	156	147	156	156	180	136	173	181	193	156	156	152	169	156	151	142	142	147	142	185	166	152	166	156	185	138	140	154
Pseudomonas_syringae_SV921_17588_NZ_JAHARY010000002	12504	11592	11607	6964	6941	7025	6761	14246	13939	9446	9291	11924	7069	10017	12595	861	830	13563	13814	6941	1186	10395	4340	7001	12032	11604	12239	11575	12671	12306	6914	13502	11844	11892	9986	12239	12680	9348	11609	11837	12496	12130	6696	821	17646	10374	7055	13978	1477	9610	9226	7006	6808	13662	12377	9154	796	6838	12480	12771	12587	20102	13781	14248	12939	12489	12625	18132	20071	17562	7115	6650	6498	7111	4353	6738	4497	6981	821	821	951	6908	9588	9757	830	6788	1877	10256	11360	814	895	883	6215	6940	6773	13520	6585	14892	6799	6778	11482	7491	12013	7007	11796	6916	6761	7030	6609	6915	6783	6756	13417	6703	6951	7051	6712	6798	6944	6799	7193	6862	6980	6984	1825	814	153	131	167	140	138	114	168	137	131	131	131	138	166	131	138	138	139	131	151	185	181	174	168	174	130	137	131	137	137	174	135	174	168	200	137	137	151	149	137	145	138	138	131	138	166	137	151	137	137	166	139	130	174
Pseudomonas_syringae_Sevgi_fide_PST_17555_NZ_JAEIKN010000010	13254	11949	11519	6663	6555	6680	6570	13416	13497	9494	10510	11602	6775	9501	13633	908	875	12140	14010	6716	1101	10003	4455	6693	11661	11091	11568	11473	12074	11780	6622	12162	11453	14607	9470	11568	11602	9521	11539	11510	13377	13032	6495	840	14408	10003	6728	13780	1498	8564	9445	7029	6894	13811	15164	8905	747	6494	14226	16555	14406	13781	20431	13098	12806	14277	15431	14261	13750	14382	6592	6556	6223	7182	4455	6701	4629	6778	840	840	914	6949	8795	9326	865	6537	1814	8887	14025	830	913	913	6080	6709	6536	13373	6245	12576	6902	6724	11252	6848	11777	6573	11435	6740	6768	6555	6747	6357	6863	6483	12424	6682	6917	7009	6460	6775	6776	6678	7190	6574	6997	6708	1827	830	164	126	164	115	140	131	155	134	126	126	126	140	187	126	140	140	140	123	142	174	183	151	159	163	129	134	123	134	134	167	126	151	158	185	134	134	142	153	134	132	140	140	123	140	187	164	142	164	134	187	146	129	130
Pseudomonas_syringae_StP26_17597_NZ_CP075880	13195	12066	11859	6978	6920	7028	6787	12294	12828	9286	9099	11844	7153	10063	12651	873	888	12949	12498	7007	1099	10402	4261	6934	11755	11472	11807	11799	12381	12045	6771	11652	11831	11969	10032	11807	12768	9095	11678	11638	12507	12147	6760	890	14210	10402	6969	13062	1466	9559	8907	6736	6865	12284	12398	8440	720	6878	12656	13301	13160	14248	13098	19630	12130	13033	12547	14122	14217	14126	6946	6697	6600	6996	4261	6811	4435	6922	890	890	944	6697	8534	8934	878	6779	1884	9846	11605	874	892	892	6298	7254	7034	13237	6843	15293	6930	6875	11402	7242	12071	7051	12044	6625	6817	6995	6728	6998	6694	6857	12627	6487	6819	6837	6694	6632	6951	6841	7061	6679	6895	6890	1831	874	142	133	154	123	130	107	152	133	133	133	133	130	158	133	130	130	134	133	134	159	173	148	149	151	124	133	133	133	133	157	118	148	149	175	133	133	134	144	133	143	130	130	133	130	158	147	134	147	133	158	111	124	149
Pseudomonas_syringae_Susan2139_17596_NZ_CP074578	12435	12489	13092	6888	6744	6876	6769	13885	14404	9917	10093	13045	7191	9301	12022	964	955	12429	13482	6915	1228	10001	4444	7103	11090	12758	11547	10919	11964	11962	6861	11182	12309	12813	9270	11547	12864	10655	12781	13125	14781	13789	6704	961	12259	10001	7138	15846	1596	8627	9726	7086	7085	15053	12938	10464	841	6794	14238	12891	12675	12939	12806	12130	34595	12562	13073	12468	12908	12217	8099	6778	6367	7316	4444	6968	4594	7071	961	961	1067	7102	9452	9753	1127	6787	2022	10270	12959	1055	985	985	6349	6763	6577	12543	6452	12724	7031	7138	13023	7026	11072	6781	11668	7072	6861	6825	6926	6678	7037	6633	12213	6910	7155	7117	6621	6991	6962	6886	7428	6736	7150	7014	2113	1055	142	143	160	134	136	140	180	153	143	143	143	136	178	143	136	136	165	138	171	186	195	197	157	172	129	155	138	155	155	176	156	197	159	189	155	155	171	174	155	147	136	136	138	136	178	141	171	141	155	178	146	129	150
Pseudomonas_syringae_Susan762_17594_NZ_CP074411	13150	12084	11931	7188	7009	7190	7017	13242	13859	9586	10628	11853	7382	10111	13066	879	848	12356	13925	7223	1111	9871	4438	7057	11003	11500	12578	12372	11783	11578	7197	11846	12029	15110	10100	12578	11857	9441	13013	11818	13923	12976	7087	850	12740	9871	7111	13012	1429	8884	9953	7486	7375	13952	15009	9540	813	7205	15041	14431	20505	12489	14277	13033	12562	20536	15297	12885	12458	12857	6810	7008	6587	7445	4438	7298	4643	7132	850	850	948	7636	9410	9721	879	7045	1942	9179	13346	780	866	866	6638	7129	6901	14220	6770	12772	7223	7308	11784	7202	11930	6847	11725	7210	7175	6803	7296	6767	7536	6977	12155	7179	7461	7541	6990	7349	7321	7157	7785	7199	7444	7344	1929	780	158	152	154	132	142	132	182	156	152	152	152	142	185	152	142	142	159	147	152	198	204	173	161	188	140	156	147	156	156	180	136	173	181	193	156	156	152	169	156	151	142	142	147	142	185	166	152	166	156	185	138	140	154
Pseudomonas_syringae_Tule1434_17592_NZ_JAHARX010000001	13609	12245	11619	7009	6830	7097	6875	12957	13457	10070	10898	11797	7209	10182	13105	926	919	12193	14001	7029	1290	10432	4627	6945	10693	11909	11965	12448	12095	12026	7082	11848	11931	17424	10151	11965	11892	9939	12441	11916	13514	13350	6946	910	12880	10432	6983	13621	1505	9018	9996	7434	7231	13846	19812	9837	856	7052	14112	15744	15328	12625	15431	12547	13073	15297	20698	13189	12594	12997	6736	6937	6445	7228	4627	7056	4603	7181	910	910	954	7322	9519	9839	938	6848	1964	8740	14132	895	880	880	6481	6847	6640	13587	6442	13024	7282	7105	11745	7057	11797	6773	11821	6981	7218	6649	7091	6636	7117	6879	12267	7169	7517	7257	6964	7273	7114	7089	7527	7011	7392	7104	1977	895	159	134	159	125	129	111	158	130	134	134	134	129	181	134	129	129	138	129	145	158	164	149	154	149	134	132	129	132	132	169	129	149	140	180	132	132	145	148	132	145	129	129	129	129	181	168	145	168	132	181	112	134	141
Pseudomonas_syringae_Tule230_17587_NZ_JAHARW010000001	12858	11999	11805	7262	7237	7120	7070	13840	13796	9786	9674	12189	7240	10152	13083	895	892	14431	14042	7218	1219	10613	4421	7190	11811	11966	12651	11836	12824	12537	7047	13712	12281	12315	10121	12651	12929	9657	11843	12383	12684	12158	7040	889	19406	10550	7228	14046	1509	9883	9285	7376	6986	13890	12896	9307	818	7069	12548	13193	12983	18132	14261	14122	12468	12885	13189	20228	18114	19554	7176	7049	6696	7100	4434	6934	4567	7300	889	889	956	7235	9381	9539	872	7108	1984	10156	11389	876	884	884	6416	7165	6981	14204	6690	15021	6896	6970	11454	7689	12489	7194	11893	6858	6986	7067	6826	6897	6974	6960	13877	6952	7230	7314	7007	7109	7259	7142	7419	7065	7230	7162	1958	876	170	130	174	131	141	123	156	127	130	130	130	141	172	130	141	141	130	127	140	173	172	164	177	162	144	127	127	127	127	177	124	164	153	203	127	127	140	143	127	139	141	141	127	141	172	159	140	159	127	172	145	144	159
Pseudomonas_syringae_U643_17595_NZ_CP074410	12473	11583	11598	6953	6929	6994	6750	14215	13928	9415	9260	11906	7042	10008	12564	852	821	13554	13783	6930	1186	10386	4320	6990	12001	11586	12208	11544	12640	12275	6887	13484	11828	11861	9977	12208	12671	9317	11600	11819	12478	12099	6689	790	17628	10365	7044	13960	1477	9601	9195	6999	6777	13644	12346	9123	796	6811	12449	12740	12556	20071	13750	14217	12908	12458	12594	18114	20102	17544	7103	6643	6482	7080	4333	6717	4496	6954	790	790	920	6901	9557	9748	819	6781	1866	10256	11329	805	895	883	6204	6919	6752	13489	6573	14861	6778	6762	11464	7460	12004	6995	11787	6885	6740	7018	6588	6899	6752	6735	13386	6676	6924	7044	6705	6771	6937	6792	7166	6855	6969	6973	1814	805	153	131	167	140	138	114	168	137	131	131	131	138	166	131	138	138	139	131	151	185	181	174	168	174	130	137	131	137	137	174	135	174	168	200	137	137	151	149	137	145	138	138	131	138	166	137	151	137	137	166	139	130	174
Pseudomonas_syringae_U888_17589_NZ_JAHASA010000001	12883	11979	11779	7156	6952	6911	6953	13504	13493	9627	9507	12195	7210	10089	13083	889	892	14110	13765	7170	1154	10487	4295	7052	11894	11972	12573	11658	12809	12508	6986	13402	12244	12234	10058	12573	12837	9399	11679	12189	12542	11938	6944	856	19546	10487	7090	13792	1481	9771	9094	7292	6867	13566	12682	9182	800	6994	12448	13204	12955	17562	14382	14126	12217	12857	12997	19554	17544	19756	6942	6967	6434	6972	4295	6668	4470	7220	856	856	928	7160	9249	9402	863	7026	1932	9774	11345	876	875	875	6338	6897	6704	13777	6454	14813	6707	6771	11425	7361	12466	6952	11783	6616	6699	6844	6698	6622	6745	6795	13470	6791	7108	7230	6907	7033	7166	7059	7335	6969	7149	7078	1908	876	160	120	164	121	140	113	143	117	120	120	120	140	162	120	140	140	120	117	130	163	162	154	167	152	134	117	117	117	117	167	114	154	140	193	117	117	130	133	117	129	140	140	117	140	162	149	130	149	117	162	135	134	149
Pseudomonas_syringae_UB303_12214_NZ_CP047267	6892	6600	6838	6770	16669	18432	6937	6790	6870	7241	7845	7580	6923	7323	6886	925	943	7364	6820	6740	1318	7088	4423	6788	8475	7555	8412	8497	8612	8849	6484	6811	7793	6527	7312	8412	7342	7149	6899	7571	6609	6936	6816	901	6934	7084	6812	6931	1481	7267	7063	6469	15986	7059	6799	7300	862	6700	6615	6752	6901	7115	6592	6946	8099	6810	6736	7176	7103	6942	63868	6368	16388	14831	4439	15652	4117	6676	901	901	1015	6392	6928	7111	994	6447	2362	4998	6937	892	1037	1037	6410	17076	16574	7074	16927	6866	14091	13569	6902	14373	8536	19809	7534	14617	14051	21326	14643	17474	14876	17299	7018	6493	6262	6312	6834	6300	6778	6610	6591	6713	6156	7099	2294	892	171	135	183	124	160	160	166	131	135	135	135	160	175	135	160	160	154	135	131	190	207	175	189	191	153	136	135	136	136	193	131	175	174	218	136	136	131	146	136	150	160	160	135	160	175	173	131	173	136	175	180	153	152
Pseudomonas_syringae_UMAF0158_3878_NZ_CP005970	6858	6758	6385	15199	6262	6798	18399	6678	6804	7533	7416	7307	18431	10961	6890	850	950	6918	7402	15258	1163	10053	6282	14844	6798	7196	6963	7166	7507	7503	18046	6877	7158	6716	10938	6963	6902	7506	6442	7271	6762	6913	20175	922	6875	10044	14875	6919	1432	7202	7394	14740	5966	7021	7026	7620	706	15164	6817	6752	7113	6650	6556	6697	6778	7008	6937	7049	6643	6967	6368	23304	6498	5729	6282	6015	6789	16718	922	922	1041	14793	7650	7249	824	20391	1949	4831	7127	920	983	983	16212	6508	6439	7151	6143	6787	5683	6059	6835	6267	6887	6360	7881	5770	5745	6355	5857	6298	6050	6570	6846	14352	15047	14496	19266	14667	18797	19992	13929	14744	14842	17154	1899	920	136	130	133	104	152	81	112	122	130	130	130	152	119	130	152	152	114	125	120	119	135	121	143	115	102	125	125	125	125	142	104	121	114	144	125	125	120	114	125	131	152	152	125	152	119	123	120	123	125	119	111	102	122
Pseudomonas_syringae_USA011_12213_NZ_CP045799	6305	6335	6276	6218	16171	18136	6875	6552	6650	6841	7698	7678	6869	7534	6649	994	1001	7042	6374	6265	1401	7394	4359	6357	7853	7697	8471	8760	8752	8919	6348	6359	8323	6378	7523	8471	6818	7038	6443	7663	6280	6539	6704	1003	6313	7380	6381	6665	1379	6929	7024	6270	14060	6709	6428	7058	841	6273	6361	6515	6716	6498	6223	6600	6367	6587	6445	6696	6482	6434	16388	6498	23974	13761	4376	14095	4166	6468	1003	1003	1056	6248	6778	7012	1013	6559	2259	4570	6446	942	1110	1110	6214	16808	16696	6726	15969	6549	13906	13319	6554	13862	8479	16405	7770	13559	14521	16731	13969	16880	14418	17825	6947	6327	6100	6210	6748	6187	6823	6562	6391	6412	6084	7068	2200	942	155	171	159	105	165	135	150	164	171	171	171	165	165	171	165	165	147	168	137	177	188	161	173	174	130	171	168	171	171	169	121	161	157	193	171	171	137	146	171	158	165	165	168	165	165	147	137	147	171	165	156	130	134
Pseudomonas_syringae_isolate_CFBP2118_5951_NZ_LT962481	7050	6898	7153	6209	15628	15538	6227	7114	7295	7902	8117	6817	6369	6876	7459	892	909	7201	7203	6218	1090	6564	4578	6380	7972	6864	7848	7918	8155	8244	6100	7901	7372	7184	6865	7848	7158	7418	8033	6789	7185	7302	6111	902	6973	6575	6389	7440	1464	7103	7663	6924	16578	7388	7214	8013	875	6084	7089	7299	7578	7111	7182	6996	7316	7445	7228	7100	7080	6972	14831	5729	13761	22097	4581	16236	4549	6291	902	902	1015	6723	7906	7958	996	5834	2262	5039	7336	856	984	984	5752	14374	14108	7513	13930	6799	16267	13990	7107	14714	8011	15083	7263	15344	16542	14670	15011	14567	16041	15350	6944	6559	6362	6614	6111	6736	6209	5964	6714	6236	6384	6356	2144	856	178	135	190	135	171	170	183	142	135	135	135	171	186	135	171	171	162	135	144	203	218	188	193	193	161	149	135	149	149	197	144	188	182	223	149	149	144	154	149	154	171	171	135	171	186	179	144	179	149	186	193	161	151
Pseudomonas_syringae_isolate_CFBP3840_6707_NZ_LT963409	4918	4535	4700	6846	4328	4407	6854	4390	4742	5146	4822	4454	6919	5505	4786	964	1102	4327	4703	6785	1228	5140	22317	6820	4557	4460	4319	4483	4516	4436	7166	4622	4189	4373	5499	4319	4269	5337	4646	4377	4687	4672	7045	1176	4239	5147	6857	4573	1535	4319	4960	7403	4840	4619	4721	5088	844	6899	4523	4643	4536	4353	4455	4261	4444	4438	4627	4434	4333	4295	4439	6282	4376	4581	22400	4725	14219	6919	1186	1186	1101	7248	4784	4891	820	5904	2423	2753	4427	1059	805	805	6709	4531	4487	4805	4367	4371	4828	4993	4581	4516	4318	4412	5356	4636	4424	4431	4846	4270	4535	4345	4310	7880	8005	7075	6854	7520	6872	6149	7829	6782	7874	6750	2380	1059	180	140	172	140	157	125	218	149	140	140	140	157	165	140	157	157	137	137	169	210	188	182	190	181	140	148	137	148	148	188	162	182	169	211	148	148	169	150	148	146	157	157	137	157	165	145	169	145	148	165	163	140	145
Pseudomonas_syringae_isolate_CFBP4215_6752_NZ_LT962480	7012	6674	6894	6492	15261	15227	6591	7126	7165	7917	8196	6608	6630	6948	7226	965	1001	7042	7180	6503	1158	6638	4712	6568	7666	6717	7738	7897	7973	8135	6408	7628	6968	6914	6937	7738	6927	7685	7630	6606	6975	7074	6482	984	6547	6638	6577	7440	1459	7025	7735	7178	16221	7325	7047	8318	897	6491	6759	6921	7418	6738	6701	6811	6968	7298	7056	6934	6717	6668	15652	6015	14095	16236	4725	22371	4779	6535	984	984	1061	7181	7953	7961	1032	6067	2253	4953	7201	886	997	997	6194	15136	15153	7444	14863	6851	14931	14356	6997	14536	7797	15804	7175	16222	15759	14790	14603	14481	15557	14413	6942	6975	6685	6971	6570	7112	6553	6239	7166	6662	6674	6736	2204	886	168	152	182	136	159	156	181	156	152	152	152	159	195	152	159	159	163	152	161	204	214	186	183	184	152	163	152	163	163	186	145	186	174	210	163	163	161	171	163	156	159	159	152	159	195	169	161	169	163	195	173	152	152
Pseudomonas_syringae_isolate_CFBP6109_6963_NZ_LT963391	4741	4712	4616	7271	4069	4069	7192	4608	5022	5402	4898	4696	7371	5455	4739	974	1171	4534	4878	7180	1194	5180	14162	7303	4684	4648	4590	4430	4666	4524	7855	5226	4550	4538	5449	4590	4343	5031	5130	4543	4769	4802	7443	1122	4426	5180	7331	4857	1536	4347	5035	8236	4291	4868	4728	5602	863	7350	4682	4723	4741	4497	4629	4435	4594	4643	4603	4567	4496	4470	4117	6789	4166	4549	14219	4779	22977	7338	1132	1132	1182	8011	5464	5165	850	6255	2434	3184	4768	1101	831	831	7346	4349	4342	4819	4084	4475	4277	4120	4594	4232	4626	4242	5468	4851	4451	4087	4270	4071	4697	4053	4429	8004	8044	7832	7184	8323	7373	6543	7780	7191	8019	7274	2439	1101	192	162	170	135	198	134	168	142	162	162	162	198	158	162	198	198	135	157	139	186	177	138	190	155	137	168	157	168	168	186	123	138	109	194	168	168	139	150	168	160	198	198	157	198	158	162	139	162	168	158	114	137	128
Pseudomonas_syringae_psy100_6403_NZ_MLEV01000005	7134	6793	6831	16645	6651	6984	18294	7012	7032	7614	7583	7266	18299	11167	7349	845	945	7185	7651	16498	1195	9920	6919	17538	7097	7284	7163	7238	7675	7691	20239	7026	7271	7184	11156	7163	6983	7747	6515	7197	6968	7010	18493	978	7137	9911	17569	7066	1417	7301	7541	16146	6487	7249	7238	7762	715	16508	7141	7133	7272	6981	6778	6922	7071	7132	7181	7300	6954	7220	6676	16718	6468	6291	6919	6535	7338	23830	978	978	1022	15829	7721	7314	918	16720	2103	4949	7243	1078	971	971	16027	6694	6562	7360	6361	7058	5994	6151	6973	6596	6956	6679	8829	6224	6107	6617	6077	6500	6386	6596	7001	16196	15592	16098	18664	16155	18747	16879	16321	16930	15852	18458	2029	1078	143	110	134	109	156	89	109	114	110	110	110	156	105	110	156	156	117	110	99	119	131	121	150	114	101	110	110	110	110	136	99	121	118	151	110	110	99	110	110	134	156	156	110	156	105	129	99	129	110	105	114	101	134
Pseudomonas_syringae_pv_actinidiae_PSAAH01_20743_NZ_CP116478	929	871	905	851	926	1025	957	953	968	953	1063	955	966	871	907	2707	6403	1002	955	821	1120	951	1186	895	936	981	911	899	978	1038	950	861	927	959	871	911	896	1033	977	901	931	1005	918	23472	814	951	895	959	1409	961	1079	1000	976	958	891	868	1674	891	887	1033	932	821	840	890	961	850	910	889	790	856	901	922	1003	902	1186	984	1132	978	23512	23503	14353	927	907	999	2458	926	1137	922	925	6438	1746	1749	846	927	923	970	862	1026	912	972	917	966	873	917	903	956	1000	887	944	1005	962	972	1055	983	1016	922	940	990	945	854	940	859	930	907	1141	6457	163	156	175	152	156	161	177	143	156	156	156	156	191	156	156	156	134	164	155	192	197	206	154	172	132	149	158	149	149	174	150	206	117	206	149	149	155	164	149	137	156	156	164	156	191	152	155	152	149	191	171	132	144
Pseudomonas_syringae_pv_actinidiae_str_Shaanxi_M228_11439_NZ_CP032631	929	871	905	851	926	1025	957	953	968	953	1063	955	966	871	907	2698	6394	1002	955	821	1120	951	1186	895	936	981	911	899	978	1038	950	861	927	959	871	911	896	1033	977	901	931	1005	918	23490	814	951	895	959	1409	961	1079	1000	976	958	891	868	1674	891	887	1033	932	821	840	890	961	850	910	889	790	856	901	922	1003	902	1186	984	1132	978	23503	23521	14362	927	907	999	2449	926	1137	922	925	6438	1737	1740	846	927	923	970	862	1026	912	972	917	966	873	917	903	956	1000	887	944	1005	962	972	1055	983	1016	922	940	990	945	854	940	859	930	907	1141	6457	163	156	175	152	156	161	177	143	156	156	156	156	191	156	156	156	134	164	155	192	197	206	154	172	132	149	158	149	149	174	150	206	117	206	149	149	155	164	149	137	156	156	164	156	191	152	155	152	149	191	171	132	144
Pseudomonas_syringae_pv_actinidifoliorum_ICMP_18803_20753_NZ_CP081457	990	951	975	937	1029	1112	1033	1057	1076	985	1116	1025	1026	927	1021	2877	6326	1029	1009	906	1141	974	1101	1014	998	1044	956	905	1031	1068	1046	928	961	985	927	956	934	1086	1046	966	1004	1062	1025	14341	906	974	1014	1046	1613	1033	1118	1081	1051	1023	942	954	1799	948	943	1071	1030	951	914	944	1067	948	954	956	920	928	1015	1041	1056	1015	1101	1061	1182	1022	14353	14362	22450	1018	1042	1057	2764	1048	1157	1063	976	6344	1995	1998	936	1015	1020	995	966	1075	1036	1052	976	1082	954	990	961	1052	1058	1001	1034	1111	1056	1050	1048	1067	1116	1033	1014	1087	1030	942	1015	962	1019	1000	1113	6350	175	175	194	161	211	167	176	175	175	175	175	211	182	175	211	211	142	183	173	211	197	194	177	189	160	186	189	186	186	186	168	194	150	236	186	186	173	182	186	163	211	211	183	211	182	147	173	147	186	182	177	160	162
Pseudomonas_syringae_pv_aptata_G733_11468_NZ_RBOI01000041	7388	7254	7146	15889	6317	6559	15962	7183	7200	8084	7943	7208	15968	10997	7563	847	897	7126	7886	16017	1128	10092	7245	15779	7284	7140	6959	7337	7630	7707	16357	7714	7130	7403	10986	6959	7088	8048	7678	7134	7151	7374	16259	927	7037	10100	15810	7287	1599	7446	7938	18863	6707	7396	7383	8623	808	16318	7256	7223	7765	6908	6949	6697	7102	7636	7322	7235	6901	7160	6392	14793	6248	6723	7248	7181	8011	15829	927	927	1018	22349	8466	8086	970	14902	2150	4941	7349	856	904	904	14896	6520	6488	7609	6194	6877	6340	6555	7234	6527	7200	6359	9237	7042	7035	6313	6534	6240	7035	6362	7151	16412	16866	18661	15916	18677	16675	15092	17328	16059	16998	16294	2085	856	179	154	163	143	187	117	163	157	154	154	154	187	159	154	187	187	145	149	145	176	180	168	186	156	136	160	149	160	160	181	129	168	137	200	160	160	145	150	160	168	187	187	149	187	159	154	145	154	160	159	136	136	152
Pseudomonas_syringae_pv_avellanae_ISPaVe037_292_NZ_JH951894	9282	8996	8972	7968	6897	7103	7687	9309	9502	12707	10199	8852	8004	8437	9438	954	929	9386	10364	7896	1050	8019	4775	7850	8935	8901	8551	9143	9222	8863	7779	10824	8831	9217	8426	8551	9039	11912	10094	8846	9096	9307	7846	907	9157	8019	7891	9520	1502	12992	14538	8353	7384	9786	9712	16857	892	7685	8956	9234	9539	9588	8795	8534	9452	9410	9519	9381	9557	9249	6928	7650	6778	7906	4784	7953	5464	7721	907	907	1042	8466	25346	13115	1014	7693	2062	6127	9246	873	1004	1004	7466	6860	6730	9696	6350	8774	7208	7278	9354	6966	9014	7002	8889	8243	7356	6793	7084	6888	8220	6850	8916	7904	8367	8472	7695	8325	7875	7777	8256	7850	7908	7805	2060	873	156	135	157	139	148	126	186	162	135	135	135	148	176	135	148	148	151	135	165	223	197	183	171	180	122	152	135	152	152	164	150	183	173	203	152	152	165	167	152	145	148	148	135	148	176	127	165	127	152	176	162	122	164
Pseudomonas_syringae_pv_avellanae_str_ISPaVe013_26105_NZ_JH951849	9900	9289	9125	7402	7088	7251	7187	10200	10487	14005	10145	9321	7420	8558	9431	936	966	9926	9789	7468	1219	8944	4887	7284	9687	9250	8925	9406	9163	9382	7205	10213	9212	9484	8547	8925	9427	13126	10188	9300	9366	9564	7353	999	9305	8944	7325	9918	1517	12238	13496	7966	7868	10200	10000	12821	800	7276	9503	9683	9850	9757	9326	8934	9753	9721	9839	9539	9748	9402	7111	7249	7012	7958	4891	7961	5165	7314	999	999	1057	8086	13115	21336	1007	7127	2075	6308	9389	893	978	966	6968	7090	6938	9981	6825	9564	7559	7783	9826	7348	9189	7243	9472	7962	7884	7057	7474	6960	8025	7153	9344	7701	7911	8248	7228	7874	7438	7495	7885	7538	7554	7300	2076	893	185	143	172	124	161	145	184	147	143	143	143	161	187	143	161	161	154	135	175	203	194	182	192	188	133	146	135	146	146	180	160	182	169	218	146	146	175	166	146	146	161	161	135	161	187	158	175	158	146	187	179	133	150
Pseudomonas_syringae_pv_cilantro_0788_9_3786_NZ_LGLN01000010	901	1057	1065	878	1000	1025	835	936	987	880	1007	1129	912	940	914	5118	2417	959	915	853	1250	987	820	909	960	1178	878	934	937	979	903	852	1070	962	940	878	1027	1135	1131	1120	1060	962	849	2449	829	987	909	1048	1685	1007	1054	904	1024	1117	931	1083	1329	871	1051	968	960	830	865	878	1127	879	938	872	819	863	994	824	1013	996	820	1032	850	918	2458	2449	2764	970	1014	1007	22633	818	782	1248	917	3123	5200	5203	790	968	968	980	883	949	953	1055	1079	969	923	969	904	991	964	968	892	1078	900	1005	923	915	911	939	870	919	936	836	957	932	874	952	838	3121	126	114	133	118	131	93	117	114	114	114	114	131	138	114	131	131	104	120	138	157	137	151	134	163	138	124	120	124	124	134	138	151	177	172	124	124	138	138	124	103	131	131	120	131	138	117	138	117	124	138	148	138	147
Pseudomonas_syringae_pv_dysoxyli_CFBP_2356_12226_NZ_VLHW01000015	6786	6630	6430	15331	6473	6877	18185	6731	6861	7442	7464	7268	18063	10915	7082	791	968	6959	7537	15267	1146	10055	5901	14759	6913	7224	6939	7112	7650	7513	17232	6953	7113	6797	10892	6939	6764	7474	6407	7184	6806	6949	19782	926	6952	10064	14790	6900	1416	7048	7294	15046	6058	6973	6906	7494	729	14303	6895	6736	7174	6788	6537	6779	6787	7045	6848	7108	6781	7026	6447	20391	6559	5834	5904	6067	6255	16720	926	926	1048	14902	7693	7127	818	23202	1942	4819	7120	931	925	925	15751	6620	6561	7205	6339	6866	5726	6189	6714	6256	6903	6469	7747	5959	5751	6432	5914	6364	6104	6622	6863	13539	14089	15002	19077	14228	18975	19722	14344	14375	13991	17202	1867	931	141	123	134	107	149	87	121	129	123	123	123	149	133	123	149	149	111	123	111	148	149	135	148	129	103	123	123	123	123	136	95	135	114	162	123	123	111	125	123	130	149	149	123	149	133	123	111	123	123	133	115	103	133
Pseudomonas_syringae_pv_helianthi_LMG_5067_14836_NZ_CP092918	1879	1927	1811	2057	2236	2342	2090	1963	2090	2097	2337	1926	2115	1829	1851	1027	1017	1969	1904	2062	935	1902	2423	2048	2063	1953	2093	2046	2165	2168	2209	1892	1949	1907	1823	2093	1890	2119	1884	1912	1930	1963	2191	1137	1885	1902	2076	1940	1069	2067	2023	2233	2407	1955	1963	2191	789	2065	1960	2026	1971	1877	1814	1884	2022	1942	1964	1984	1866	1932	2362	1949	2259	2262	2423	2253	2434	2103	1137	1137	1157	2150	2062	2075	782	1942	21612	1582	1891	995	879	879	2170	2302	2210	1928	2265	1943	2204	2120	1948	2156	2134	2342	2057	2264	2190	2330	2354	2411	2328	2423	1991	2240	2303	2165	2170	2229	2098	1952	2224	2036	2218	2105	17670	995	120	152	150	143	146	133	183	146	152	152	152	146	145	152	146	146	124	147	125	190	166	175	143	176	141	153	147	153	153	174	125	175	154	173	153	153	125	146	153	127	146	146	147	146	145	124	125	124	153	145	131	141	143
Pseudomonas_syringae_pv_lapsa_ATCC_10859_3811_NZ_CP013183	8912	10053	9880	5110	5132	5048	4978	9972	10149	6533	6906	10650	5108	6854	8887	959	898	10967	9915	5171	2192	6701	2740	5057	8754	10614	8396	8832	8542	8228	4933	9331	9882	9502	6823	8396	11199	7533	9451	10603	10657	8642	5029	922	9832	6701	5080	11146	4029	6814	6365	4931	4863	11936	8716	7342	737	5093	11148	8636	9308	10256	8887	9846	10270	9179	8740	10156	10256	9774	4998	4831	4570	5039	2753	4953	3184	4949	922	922	1063	4941	6127	6308	1248	4819	1582	22025	8983	1064	1180	1180	4573	5036	4916	10071	4782	10040	4907	4946	10262	5160	8283	4959	8417	4774	5001	4939	4949	4868	5001	4805	10070	4878	4907	4984	5024	4796	4997	4865	5190	5135	5034	5181	1627	1064	150	138	163	134	127	114	156	134	138	138	138	127	157	138	127	127	134	146	143	164	173	157	151	184	132	149	146	149	149	166	127	157	173	178	149	149	143	144	149	148	127	127	146	127	157	151	143	151	149	157	122	132	173
Pseudomonas_syringae_pv_lapsa_PslA1M171_17765_NZ_JAKMVE010000009	12127	11520	11762	7196	6801	7042	7264	12655	12371	10079	10580	11979	7306	9584	12720	981	890	11440	13585	7153	1257	9404	4427	7202	11026	11489	11291	10895	11343	11352	7115	11471	11076	13514	9574	11291	11906	9904	11405	11863	12873	13083	7139	925	11402	9404	7240	13083	1579	9018	9831	7471	7130	13174	13890	9565	831	7103	13606	13055	13506	11360	14025	11605	12959	13346	14132	11389	11329	11345	6937	7127	6446	7336	4427	7201	4768	7243	925	925	976	7349	9246	9389	917	7120	1891	8983	20305	852	1079	1079	6867	6881	6681	12409	6533	12012	7148	7135	12040	6977	10867	6873	11840	7053	6962	6823	7036	6735	7127	6737	12199	7304	7391	7435	7141	7205	7101	7149	7684	7190	7461	7368	1950	852	141	134	145	121	109	119	158	130	134	134	134	109	191	134	109	109	144	142	159	156	164	173	136	170	114	145	142	145	145	149	143	173	157	162	145	145	159	160	145	123	109	109	142	109	191	148	159	148	145	191	122	114	148
Pseudomonas_syringae_pv_maculicola_M4a_3822_NZ_LGLE01000004	887	1069	1042	826	914	955	927	929	904	852	990	1077	952	813	928	2252	14856	877	891	801	1065	906	1059	903	849	1069	867	830	938	914	1037	833	1048	898	813	867	964	1084	1116	1056	1027	944	895	6438	834	906	903	1091	1346	859	864	933	908	1092	888	1031	1570	807	992	954	862	814	830	874	1055	780	895	876	805	876	892	920	942	856	1059	886	1101	1078	6438	6438	6344	856	873	893	3123	931	995	1064	852	23257	1938	1947	909	898	851	903	795	924	813	866	1043	863	919	910	866	807	904	868	847	985	819	938	903	911	949	870	920	927	940	883	873	850	886	938	1023	23168	134	138	154	145	145	137	172	130	138	138	138	145	174	138	145	145	132	146	155	195	182	212	155	176	110	137	146	137	137	159	155	212	134	194	137	137	155	157	137	120	145	145	146	145	174	106	155	106	137	174	161	110	135
Pseudomonas_syringae_pv_maculicola_YM7930_3817_NZ_LGLD01000029	975	923	1035	853	993	1121	937	988	955	937	981	1102	916	927	962	6835	1801	976	994	852	1459	959	805	873	925	1092	1023	949	1009	1008	1044	901	968	927	927	1023	891	1010	1033	1042	944	1030	963	1737	868	959	873	966	1679	1049	1030	844	1036	976	874	928	1372	861	962	973	947	895	913	892	985	866	880	884	895	875	1037	983	1110	984	805	997	831	971	1746	1737	1995	904	1004	978	5200	925	879	1180	1079	1938	21506	21475	935	1026	1020	960	962	951	1010	1007	937	984	977	969	1001	1030	1031	1013	1009	1147	979	1101	996	914	943	886	946	915	934	891	900	893	873	967	955	1938	128	135	152	148	144	126	162	125	135	135	135	144	171	135	144	144	120	141	151	183	182	171	138	163	134	144	141	144	144	147	151	171	143	184	144	144	151	123	144	127	144	144	141	144	171	121	151	121	144	171	169	134	116
Pseudomonas_syringae_pv_maculicola_str_ES4326_12204_NZ_CP047260	975	923	1035	853	993	1121	937	976	943	937	981	1102	916	927	962	6844	1855	976	994	852	1467	959	805	873	925	1092	1023	949	1009	1008	1044	901	977	927	927	1023	891	1019	1033	1042	944	1030	963	1740	868	959	873	954	1688	1049	1030	844	1036	976	874	937	1372	861	962	973	947	883	913	892	985	866	880	884	883	875	1037	983	1110	984	805	997	831	971	1749	1740	1998	904	1004	966	5203	925	879	1180	1079	1947	21475	21624	935	1026	1020	960	962	951	1010	1007	937	984	977	969	1001	1030	1031	1013	1009	1147	979	1101	996	914	943	886	946	915	934	891	900	893	873	967	955	1947	128	135	152	148	144	126	162	125	135	135	135	144	171	135	144	144	120	141	151	183	182	171	138	163	134	144	141	144	144	147	151	171	143	184	144	144	151	123	144	127	144	144	141	144	171	121	151	121	144	171	169	134	116
Pseudomonas_syringae_pv_papulans_PSP1_20741_NZ_JAFFRZ010000001	6507	6471	6247	15190	6323	6676	16951	6329	6407	6865	7076	6844	17230	10651	6805	768	943	6498	6976	15193	1123	9765	6709	14837	7009	6964	7039	7083	7457	7331	16325	6507	6752	6367	10640	7039	6392	6956	6046	6772	6323	6594	17362	846	6243	9765	14868	6347	1388	6808	6901	14966	6106	6581	6554	7411	772	15065	6398	6391	6736	6215	6080	6298	6349	6638	6481	6416	6204	6338	6410	16212	6214	5752	6709	6194	7346	16027	846	846	936	14896	7466	6968	790	15751	2170	4573	6867	909	935	935	23640	6394	6362	6484	6243	6386	5844	5877	6480	6217	6902	6323	8763	6269	5665	6234	6007	6142	6105	6480	6555	15137	15064	14673	17227	15009	17370	16452	14593	15098	14752	17016	2089	909	133	120	130	119	146	91	130	132	120	120	120	146	123	120	146	146	109	120	113	137	153	131	145	115	119	121	120	121	121	139	97	131	113	156	121	121	113	113	121	130	146	146	120	146	123	121	113	121	121	123	111	119	132
Pseudomonas_syringae_pv_syringae_2339_3881_NZ_LIHU01000021	6954	6647	6706	6856	16769	16904	7204	6796	7124	7219	7919	7431	7092	7517	7043	932	955	7555	6984	6858	1264	7210	4518	6861	8306	7570	8441	8882	8856	9033	6550	6828	8097	6716	7507	8441	7233	7346	6903	7478	6844	6951	7044	927	6776	7196	6870	7143	1386	7179	7310	6550	15250	7091	6908	7276	864	6773	6754	6943	7258	6940	6709	7254	6763	7129	6847	7165	6919	6897	17076	6508	16808	14374	4531	15136	4349	6694	927	927	1015	6520	6860	7090	968	6620	2302	5036	6881	898	1026	1026	6394	22569	21592	7347	17653	7001	15071	13471	6751	14658	8554	18844	7716	14334	14542	17644	15159	17686	14907	16804	7122	6632	6361	6504	7025	6465	6942	6779	6765	6782	6289	7267	2215	898	135	146	155	122	124	124	167	142	146	146	146	124	178	146	124	124	140	146	147	181	196	172	150	173	120	146	146	146	146	153	131	172	165	177	146	146	147	154	146	135	124	124	146	124	178	136	147	136	146	178	147	120	142
Pseudomonas_syringae_pv_syringae_2340_3879_NZ_LIHT01000078	6714	6452	6526	6786	16586	16805	7122	6613	7025	7099	7742	7189	7033	7395	6814	927	922	7311	6780	6788	1242	7088	4474	6787	8070	7328	8144	8564	8584	8747	6463	6618	7885	6531	7385	8144	7042	7157	6740	7236	6632	6779	6993	923	6583	7074	6796	6990	1377	6957	7189	6510	14895	6941	6681	7155	850	6761	6594	6708	7030	6773	6536	7034	6577	6901	6640	6981	6752	6704	16574	6439	16696	14108	4487	15153	4342	6562	923	923	1020	6488	6730	6938	968	6561	2210	4916	6681	851	1020	1020	6362	21592	22663	7137	17655	6777	15127	13621	6540	14868	8316	18406	7479	14590	14692	17158	15131	17498	14922	16539	6980	6551	6305	6443	6941	6367	6888	6720	6704	6747	6228	7182	2146	851	135	146	155	122	124	124	167	142	146	146	146	124	178	146	124	124	140	146	147	181	196	172	150	173	120	146	146	146	146	153	131	172	165	177	146	146	147	154	146	135	124	124	146	124	178	136	147	136	146	178	147	120	142
Pseudomonas_syringae_pv_syringae_41a_3079_NZ_JYHJ01000011	14938	13193	12864	7297	7214	7355	7139	13344	14193	10775	10128	12415	7520	10032	14108	982	949	12960	14210	7313	1199	10039	4792	7249	11601	12053	12397	12943	12669	12351	7170	13503	12155	12923	10022	12397	12163	11235	12003	12574	13061	12458	7244	970	13660	10039	7284	14010	1653	9293	10250	7601	8125	13662	13481	9980	860	7273	13161	13232	14367	13520	13373	13237	12543	14220	13587	14204	13489	13777	7074	7151	6726	7513	4805	7444	4819	7360	970	970	995	7609	9696	9981	980	7205	1928	10071	12409	903	960	960	6484	7347	7137	21437	6814	13064	8211	8101	13493	7354	12264	7148	11763	7333	7520	7011	8199	6952	7669	7109	12222	7493	7840	7597	7105	7361	7426	7377	7985	7096	8048	7400	1960	903	149	140	167	134	132	114	166	146	140	140	140	132	175	140	132	132	141	148	155	172	189	164	156	179	131	159	148	159	159	169	139	164	172	184	159	159	155	157	159	150	132	132	148	132	175	154	155	154	159	175	127	131	166
Pseudomonas_syringae_pv_syringae_529_11454_NZ_QPBJ01000022	6378	6316	6312	6523	17942	16778	6793	6297	6510	6826	7376	6890	6706	7263	6562	829	901	6940	6450	6629	1244	6935	4347	6523	8170	7132	7999	8334	8267	8321	6155	6434	7759	6244	7252	7999	6903	6819	6542	6917	6437	6622	6693	862	6481	6945	6530	6700	1315	6950	6729	6177	15062	6521	6432	6849	797	6478	6506	6364	6861	6585	6245	6843	6452	6770	6442	6690	6573	6454	16927	6143	15969	13930	4367	14863	4084	6361	862	862	966	6194	6350	6825	883	6339	2265	4782	6533	795	962	962	6243	17653	17655	6814	22608	6465	14886	13625	6353	14127	8246	17312	7439	14579	14549	16512	15674	15898	15250	16658	6792	6189	5893	6109	6603	5984	6545	6403	6343	6549	6005	6976	2240	795	166	152	187	132	165	152	180	155	152	152	152	165	181	152	165	165	154	152	157	193	213	185	188	182	160	150	152	150	150	194	141	185	184	211	150	150	157	155	150	149	165	165	152	165	181	174	157	174	150	181	177	160	161
Pseudomonas_syringae_pv_syringae_Alf3_2478_NZ_KL995102	13281	12536	12445	7052	7065	7135	6827	13328	12820	9758	9324	12566	7211	10016	12806	944	953	13327	13011	7044	1201	10731	4371	7061	11527	12307	12111	12218	13124	13248	6934	11759	12548	12061	9985	12111	13119	9589	11968	12689	12359	12191	6831	1026	14665	10668	7099	13483	1601	10027	9391	6983	6754	13193	12788	9230	834	6912	12047	12348	12885	14892	12576	15293	12724	12772	13024	15021	14861	14813	6866	6787	6549	6799	4371	6851	4475	7058	1026	1026	1075	6877	8774	9564	949	6866	1943	10040	12012	924	951	951	6386	7001	6777	13064	6465	19792	6802	6995	12158	7234	12081	6891	12798	6491	6821	6803	6761	6932	6717	6880	13882	6785	6986	7000	6799	6827	7076	6979	7204	6809	7076	7017	1976	924	129	131	141	111	111	107	150	131	131	131	131	111	162	131	111	111	132	131	134	161	173	152	136	151	110	131	131	131	131	144	118	152	147	162	131	131	134	142	131	128	111	111	131	111	162	132	134	132	131	162	115	110	136
Pseudomonas_syringae_pv_syringae_B301D_3084_NZ_CP005969	7869	7550	7695	6145	14426	14444	6066	6822	7101	7455	7945	6870	6180	6749	7846	924	882	6988	6968	6155	1113	6598	4815	6246	7824	6903	7608	7920	7996	8140	5991	6946	7070	7094	6739	7608	7089	8118	7162	6836	6955	7055	6020	912	6708	6598	6269	7224	1498	7082	7687	6448	16938	7255	7220	7569	864	6028	6898	7123	7352	6799	6902	6930	7031	7223	7282	6896	6778	6707	14091	5683	13906	16267	4828	14931	4277	5994	912	912	1036	6340	7208	7559	953	5726	2204	4907	7148	813	1010	1010	5844	15071	15127	8211	14886	6802	22590	15613	7769	15165	7809	14374	7108	14993	17829	13855	18415	14453	14836	16082	6815	6920	6668	6333	6011	6366	6130	5952	6938	6220	7087	6262	2163	813	166	151	193	128	166	159	173	148	151	151	151	166	175	151	166	166	154	148	153	183	209	178	193	178	154	148	148	148	148	196	137	178	171	208	148	148	153	164	148	150	166	166	148	166	175	174	153	174	148	175	174	154	149
Pseudomonas_syringae_pv_syringae_B48_20739_NZ_CP125300	7724	7477	7669	6279	13625	14474	6360	6995	7096	7611	8414	6849	6351	6978	7740	950	1006	7055	7080	6286	1218	6663	4980	6308	6904	6952	6752	6996	7182	7260	6110	6968	7150	6995	6967	6752	7193	8121	7213	6922	7046	7057	6254	972	6650	6663	6317	7228	1448	7114	7830	6659	14966	7294	7065	7831	944	6187	6966	7095	7437	6778	6724	6875	7138	7308	7105	6970	6762	6771	13569	6059	13319	13990	4993	14356	4120	6151	972	972	1052	6555	7278	7783	1055	6189	2120	4946	7135	866	1007	1007	5877	13471	13621	8101	13625	6995	15613	22185	7802	13802	6812	13894	7083	14375	14651	13655	14816	13716	13608	15104	6991	7536	7377	6635	6287	6449	6249	6275	7803	6300	7710	6478	2138	866	196	160	215	162	192	179	210	169	160	160	160	192	202	160	192	192	191	157	171	219	224	215	218	212	182	169	157	169	169	222	171	215	206	241	169	169	171	177	169	187	192	192	157	192	202	202	171	202	169	202	205	182	176
Pseudomonas_syringae_pv_syringae_B64_281_NZ_CM001763	13094	15307	16589	7015	6739	6942	7000	12062	11863	9701	9520	16847	7062	9814	12777	943	929	11989	12124	7076	1056	10149	4581	6919	10717	15074	11661	11774	11526	11502	6748	10947	12400	11532	9804	11661	15203	11276	14282	17042	12732	11537	6852	917	11311	10149	6973	13717	1605	8443	9566	7177	7829	14090	11610	10586	827	6994	13192	11639	11913	11482	11252	11402	13023	11784	11745	11454	11464	11425	6902	6835	6554	7107	4581	6997	4594	6973	917	917	976	7234	9354	9826	1079	6714	1948	10262	12040	1043	937	937	6480	6751	6540	13493	6353	12158	7769	7802	22066	6905	11243	6831	11609	7033	6903	6888	7829	6565	7280	6920	11462	7227	7499	7296	6853	7092	6974	6894	7581	6964	7547	7133	1921	1043	135	126	139	116	109	100	156	130	126	126	126	109	195	126	109	109	125	134	140	170	186	159	130	179	103	145	134	145	145	143	124	159	166	156	145	145	140	141	145	120	109	109	134	109	195	136	140	136	145	195	136	103	142
Pseudomonas_syringae_pv_syringae_B728a_112_NC_007005	6946	6715	6861	6593	14944	15199	6824	6977	7199	7447	8384	7468	6802	7290	7077	927	1002	7522	7239	6536	1194	7143	4499	6763	8350	7373	8220	8398	8477	8688	6505	6931	7533	6971	7259	8220	7362	7497	7003	7573	7051	6936	6619	966	7346	7105	6772	7408	1388	7254	7428	6583	14735	7458	7026	7252	853	6517	6744	7063	7331	7491	6848	7242	7026	7202	7057	7689	7460	7361	14373	6267	13862	14714	4516	14536	4232	6596	966	966	1082	6527	6966	7348	969	6256	2156	5160	6977	863	984	984	6217	14658	14868	7354	14127	7234	15165	13802	6905	22883	8155	14607	7646	14811	15358	14138	14323	14939	14853	14719	7252	6600	6397	6553	6600	6468	6746	6365	6756	6592	6368	6904	2117	863	159	146	173	124	150	147	172	147	146	146	146	150	178	146	150	150	151	146	149	195	205	177	174	187	135	154	146	154	154	180	133	177	176	204	154	154	149	159	154	147	150	150	146	150	178	155	149	155	154	178	164	135	154
Pseudomonas_syringae_pv_syringae_EC33_20735_NZ_JAGSOX010000017	11966	11528	11634	7194	8385	8930	7103	11928	11556	9280	9084	14034	7502	12818	11882	942	931	12123	11493	7203	1252	12752	4318	7119	13267	14023	16652	16773	16233	16109	7023	11288	14928	11262	12807	16652	11635	8996	12164	14175	11079	11286	7219	873	12362	12720	7150	11592	1584	9091	9150	6985	7979	11605	11658	9164	791	7059	11674	11732	12030	12013	11777	12071	11072	11930	11797	12489	12004	12466	8536	6887	8479	8011	4318	7797	4626	6956	873	873	954	7200	9014	9189	923	6903	2134	8283	10867	919	977	977	6902	8554	8316	12264	8246	12081	7809	6812	11243	8155	23632	8403	15329	7412	7605	8489	7900	8152	7820	8683	11861	6707	7052	7040	7080	6860	7321	7095	7176	6966	6889	7356	2006	919	145	130	149	125	131	108	148	130	130	130	130	131	168	130	131	131	133	130	136	171	167	160	152	155	122	130	130	130	130	152	120	160	149	176	130	130	136	143	130	139	131	131	130	131	168	141	136	141	130	168	123	122	160
Pseudomonas_syringae_pv_syringae_HO7_20736_NZ_JARNIY010000011	6681	6722	6827	6737	17398	18566	6945	6778	7007	7266	7919	7495	6906	7343	6954	914	960	7422	6891	6708	1243	7118	4395	6786	8274	7615	8317	8589	8655	8862	6417	6828	7848	6619	7332	8317	7281	7355	6801	7531	6667	6943	6843	917	6853	7118	6795	7132	1380	7311	7166	6539	16074	7135	6844	7429	853	6603	6500	6866	6938	7007	6573	7051	6781	6847	6773	7194	6995	6952	19809	6360	16405	15083	4412	15804	4242	6679	917	917	990	6359	7002	7243	969	6469	2342	4959	6873	910	969	969	6323	18844	18406	7148	17312	6891	14374	13894	6831	14607	8403	22611	7574	14865	14296	19278	14882	17137	15092	17078	7001	6482	6230	6367	6831	6339	6809	6606	6634	6610	6158	7041	2298	910	173	135	185	127	159	159	169	134	135	135	135	159	175	135	159	159	153	135	136	192	207	180	188	193	155	138	135	138	138	192	136	180	179	218	138	138	136	143	138	149	159	159	135	159	175	172	136	172	138	175	185	155	155
Pseudomonas_syringae_pv_syringae_HS191_3083_NZ_CP006256	12007	11092	11494	8976	7758	8359	9204	11734	11305	9322	9054	14552	9020	16326	11983	938	901	11966	12169	9027	1229	15496	5356	9013	11766	14354	14811	14671	15499	15764	8921	11367	14614	11486	16295	14811	12015	9007	11644	14403	11543	11527	9005	903	11654	15433	9045	12188	1580	9192	9433	8770	7232	11663	11879	9173	780	8914	11534	11855	11861	11796	11435	12044	11668	11725	11821	11893	11787	11783	7534	7881	7770	7263	5356	7175	5468	8829	903	903	961	9237	8889	9472	904	7747	2057	8417	11840	866	1001	1001	8763	7716	7479	11763	7439	12798	7108	7083	11609	7646	15329	7574	23635	7183	7137	7489	7049	7450	7222	8095	13255	8508	8926	8830	8783	8696	9041	8126	9051	8854	8787	9475	2048	866	113	112	125	85	104	106	129	105	112	112	112	104	138	112	104	104	122	107	129	135	150	142	120	135	94	107	107	107	107	135	113	142	119	146	107	107	129	132	107	104	104	104	107	104	138	114	129	114	107	138	99	94	110
Pseudomonas_syringae_pv_syringae_Pss9644_17750_NZ_CP066263	6863	6528	6826	6289	14664	15018	6385	6867	7109	7866	8114	6479	6343	6990	7045	993	1003	6805	7001	6417	1185	6651	4623	6419	7868	6554	7486	7801	7744	7942	6135	7814	6824	6863	6959	7486	6812	7379	7627	6421	6716	7009	6255	956	6643	6651	6428	7227	1433	6884	7489	6880	15740	7060	6960	8571	920	6318	6838	6924	7343	6916	6740	6625	7072	7210	6981	6858	6885	6616	14617	5770	13559	15344	4636	16222	4851	6224	956	956	1052	7042	8243	7962	991	5959	2264	4774	7053	807	1030	1030	6269	14334	14590	7333	14579	6491	14993	14375	7033	14811	7412	14865	7183	22404	15101	13746	14180	13998	16342	15190	6994	6709	6489	7032	6315	6921	6335	6094	6937	6432	6420	6558	2254	807	165	140	186	139	163	155	185	149	140	140	140	163	173	140	163	163	166	140	149	196	198	190	187	181	153	149	140	149	149	193	149	190	181	210	149	149	149	154	149	165	163	163	140	163	173	178	149	178	149	173	170	153	157
Pseudomonas_syringae_pv_syringae_PssA1M140_20740_NZ_JAKMAG010000016	6946	6767	6741	6172	14829	15257	6231	6975	7039	7957	8048	6682	6220	6904	7124	977	966	7084	7100	6227	1163	6619	4408	6214	7591	6745	7490	7888	7791	7936	6110	7382	7056	7091	6873	7490	6940	7448	7551	6689	6949	7044	6088	1000	6578	6629	6237	7402	1537	7030	7620	7024	15642	7319	7185	7852	959	6179	6856	7092	7295	6761	6768	6817	6861	7175	7218	6986	6740	6699	14051	5745	14521	16542	4424	15759	4451	6107	1000	1000	1058	7035	7356	7884	964	5751	2190	5001	6962	904	1031	1031	5665	14542	14692	7520	14549	6821	17829	14651	6903	15358	7605	14296	7137	15101	22343	13873	16333	14200	15713	16404	6896	6606	6351	6628	6125	7002	6219	5999	6670	6357	6425	6405	2127	904	171	151	185	124	159	159	169	144	151	151	151	159	185	151	159	159	151	151	149	194	214	174	186	184	152	151	151	151	151	189	133	174	173	213	151	151	149	159	151	147	159	159	151	159	185	172	149	172	151	185	178	152	151
Pseudomonas_syringae_pv_syringae_PssA1M197_17707_NZ_JAKMVF010000007	6845	6562	6826	6672	15920	17656	6929	6735	6823	7171	7830	7593	6867	7262	6836	871	909	7401	6746	6637	1329	7061	4411	6753	8322	7543	8334	8383	8580	8750	6413	6654	7817	6502	7251	8334	7317	7101	6907	7524	6534	6869	6833	887	6855	7071	6777	6841	1421	7211	7007	6438	15306	6983	6701	7181	851	6638	6587	6773	6894	7030	6555	6995	6825	6803	6649	7067	7018	6844	21326	6355	16731	14670	4431	14790	4087	6617	887	887	1001	6313	6793	7057	968	6432	2330	4939	6823	868	1013	1013	6234	17644	17158	7011	16512	6803	13855	13655	6888	14138	8489	19278	7489	13746	13873	22760	14019	17984	14454	16851	6932	6368	6178	6258	6825	6217	6750	6560	6531	6617	6083	7050	2248	868	170	134	182	123	159	159	165	130	134	134	134	159	174	134	159	159	153	134	130	189	206	174	188	190	152	135	134	135	135	192	130	174	173	217	135	135	130	145	135	149	159	159	134	159	174	172	130	172	135	174	179	152	152
Pseudomonas_syringae_pv_syringae_PssA1M201_17710_NZ_JAKMVI010000020	7860	7640	7606	6239	14213	14889	6295	6886	7179	7429	7876	6786	6255	6949	7859	928	956	7084	6983	6280	1075	6871	4843	6216	7848	6865	7780	8098	8116	8222	6075	7044	7278	7009	6939	7780	7106	7881	7250	6815	6850	7019	6281	944	6556	6881	6240	7089	1548	6879	7495	6491	16885	7240	7160	7620	931	6207	7074	6949	7370	6609	6747	6728	6926	7296	7091	6826	6588	6698	14643	5857	13969	15011	4846	14603	4270	6077	944	944	1034	6534	7084	7474	892	5914	2354	4949	7036	847	1009	1009	6007	15159	15131	8199	15674	6761	18415	14816	7829	14323	7900	14882	7049	14180	16333	14019	22261	13683	18188	15055	6940	6957	6716	6462	6182	6468	6185	6108	7054	6218	7158	6397	2322	847	154	140	181	125	151	147	164	145	140	140	140	151	169	140	151	151	146	140	150	177	203	175	181	167	147	140	140	140	140	184	134	175	162	196	140	140	150	153	140	142	151	151	140	151	169	162	150	162	140	169	167	147	146
Pseudomonas_syringae_pv_syringae_PssA1M250_17721_NZ_JAKMVP010000021	6795	6520	6539	6588	16414	17054	6840	6608	6701	7052	7685	7326	6764	7071	6793	1060	1048	6996	6702	6546	1437	6865	4257	6588	8130	7245	8013	8284	8379	8582	6302	6545	7724	6502	7060	8013	7088	7123	6822	7251	6471	6706	6656	1005	6654	6851	6597	6889	1498	7215	7245	6350	14596	6834	6635	7092	942	6514	6556	6684	6896	6915	6357	6998	6678	6767	6636	6897	6899	6622	17474	6298	16880	14567	4270	14481	4071	6500	1005	1005	1111	6240	6888	6960	1078	6364	2411	4868	6735	985	1147	1147	6142	17686	17498	6952	15898	6932	14453	13716	6565	14939	8152	17137	7450	13998	14200	17984	13683	22806	14085	18073	6991	6402	6119	6200	6774	6180	6759	6457	6457	6704	6094	7052	2328	985	167	138	179	136	159	171	172	134	138	138	138	159	175	138	159	159	150	138	136	192	201	183	182	193	164	141	138	141	141	186	136	183	179	215	141	141	136	146	141	143	159	159	138	159	175	166	136	166	141	175	179	164	155
Pseudomonas_syringae_pv_syringae_PssA1M262_17714_NZ_JAKMVV010000011	7176	6842	7120	6394	14250	15797	6519	7128	7322	7967	8157	6718	6423	7047	7248	885	985	7288	7233	6473	1088	6930	4525	6377	7935	6790	7885	8155	8046	8205	6253	8118	7280	7035	7036	7885	7189	7439	8144	6762	6859	7176	6504	962	6603	6930	6387	7311	1504	7014	7701	6957	15696	7418	7189	8672	894	6439	7168	7074	7610	6783	6863	6694	7037	7536	7117	6974	6752	6745	14876	6050	14418	16041	4535	15557	4697	6386	962	962	1056	7035	8220	8025	900	6104	2328	5001	7127	819	979	979	6105	14907	14922	7669	15250	6717	14836	13608	7280	14853	7820	15092	7222	16342	15713	14454	18188	14085	22298	15017	7168	6793	6531	6999	6396	6938	6414	6239	6934	6487	6538	6600	2314	819	176	140	190	134	164	164	176	157	140	140	140	164	185	140	164	164	156	140	159	202	222	187	191	181	157	159	140	159	159	197	143	187	169	221	159	159	159	164	159	152	164	164	140	164	185	172	159	172	159	185	186	157	153
Pseudomonas_syringae_pv_syringae_S2_2_20738_NZ_JARNIX010000035	6709	6480	6557	6629	16623	18992	7047	6636	6703	7215	8112	7986	7014	7652	6954	1013	1024	7118	6746	6716	1316	7438	4325	6520	8336	7948	8690	9053	9038	9218	6499	6740	8378	6746	7641	8690	7175	7039	6793	7983	6542	6872	6842	972	6674	7448	6544	6996	1374	7399	7295	6407	15417	6979	6816	7161	942	6632	6511	6888	7106	6756	6483	6857	6633	6977	6879	6960	6735	6795	17299	6570	17825	15350	4345	14413	4053	6596	972	972	1050	6362	6850	7153	1005	6622	2423	4805	6737	938	1101	1101	6480	16804	16539	7109	16658	6880	16082	15104	6920	14719	8683	17078	8095	15190	16404	16851	15055	18073	15017	23661	6965	6428	6270	6286	6903	6285	6965	6731	6504	6727	6230	7282	2316	938	180	149	199	143	176	166	188	147	149	149	149	176	178	149	176	176	170	149	150	190	207	191	205	190	172	142	149	142	142	206	150	191	190	224	142	142	150	155	142	166	176	176	149	176	178	189	150	189	142	178	183	172	168
Pseudomonas_syringae_pv_syringae_SM_282_NZ_CM001986	12166	12185	12291	7024	7191	7295	7021	12607	11714	9593	9236	12453	7032	10357	12793	936	941	13691	12393	7022	1206	10423	4297	7078	11408	13108	11784	12119	12192	12913	6847	11648	12295	12160	10326	11784	13196	9506	11881	12322	11761	11941	6993	1055	13333	10360	7112	12647	1552	10370	9460	7074	7042	12458	12163	9274	789	7048	11934	11925	12315	13417	12424	12627	12213	12155	12267	13877	13386	13470	7018	6846	6947	6944	4310	6942	4429	7001	1055	1055	1048	7151	8916	9344	923	6863	1991	10070	12199	903	996	996	6555	7122	6980	12222	6792	13882	6815	6991	11462	7252	11861	7001	13255	6994	6896	6932	6940	6991	7168	6965	20003	6892	6993	7134	6925	6937	7106	7116	7432	7042	6977	7247	2004	903	129	125	139	109	109	121	148	125	125	125	125	109	156	125	109	109	146	125	142	155	159	164	136	149	108	125	125	125	125	142	130	164	145	162	125	125	142	152	125	128	109	109	125	109	156	130	142	130	125	156	113	108	132
Pseudomonas_syringae_pv_syringae_UMAF0176_17744_NZ_JAJPOK010000010	7344	7440	7124	15871	6430	6639	15572	6967	6912	7887	7653	6961	14980	10437	7592	826	975	6899	7554	15914	1199	9513	7880	16256	6939	6937	6736	7117	7074	7382	16038	7045	6934	7025	10426	6736	6699	8263	7055	6922	6907	7090	15421	983	6668	9513	16287	6875	1558	7267	7941	17634	7106	7228	7236	8092	784	15482	6969	6870	7319	6703	6682	6487	6910	7179	7169	6952	6676	6791	6493	14352	6327	6559	7880	6975	8004	16196	983	983	1067	16412	7904	7701	915	13539	2240	4878	7304	911	914	914	15137	6632	6551	7493	6189	6785	6920	7536	7227	6600	6707	6482	8508	6709	6606	6368	6957	6402	6793	6428	6892	22400	18927	17275	15679	18573	15478	14627	19846	16051	17847	15754	2157	911	149	109	140	136	162	117	135	124	109	109	109	162	130	109	162	162	126	109	114	142	149	144	156	129	123	120	109	120	120	142	114	144	120	170	120	120	114	123	120	137	162	162	109	162	130	130	114	130	120	130	124	123	133
Pseudomonas_syringae_pv_syringae_UMAF0271_17740_NZ_JAJPOF010000013	7646	7639	7324	15697	6110	6416	15522	7078	7064	8105	7819	7186	15680	10869	7765	840	974	6958	7855	15760	1251	9815	8005	15927	7074	7087	6973	7395	7522	7560	16977	7338	6884	7288	10846	6973	7015	8396	7270	7144	7027	7367	15754	1016	7022	9815	15958	7159	1680	7488	8046	16475	6820	7377	7537	8256	770	16161	7125	7240	7566	6951	6917	6819	7155	7461	7517	7230	6924	7108	6262	15047	6100	6362	8005	6685	8044	15592	1016	1016	1116	16866	8367	7911	911	14089	2303	4907	7391	949	943	943	15064	6361	6305	7840	5893	6986	6668	7377	7499	6397	7052	6230	8926	6489	6351	6178	6716	6119	6531	6270	6993	18927	22395	16803	15592	18058	15612	14940	18409	16185	17868	15488	2219	949	148	114	153	150	128	121	149	129	114	114	114	128	160	114	128	128	121	114	135	167	170	158	155	143	136	125	114	125	125	155	119	158	134	181	125	125	135	146	125	124	128	128	114	128	160	134	135	134	125	160	126	136	142
Pseudomonas_syringae_pv_syringae_UMAF0297_17737_NZ_JAJPOD010000011	7397	7241	7243	15794	6328	6537	16725	7185	7229	8410	7879	7212	15687	10716	7649	843	907	7129	7879	15763	1126	9859	7075	16287	7239	7157	6961	7175	7569	7587	16119	7750	7084	7359	10693	6961	7015	7937	7627	7143	7133	7271	16224	922	7163	9859	16318	7247	1579	7296	7860	17708	6591	7337	7334	8337	789	15808	7264	7228	7681	7051	7009	6837	7117	7541	7257	7314	7044	7230	6312	14496	6210	6614	7075	6971	7832	16098	922	922	1033	18661	8472	8248	939	15002	2165	4984	7435	870	886	886	14673	6504	6443	7597	6109	7000	6333	6635	7296	6553	7040	6367	8830	7032	6628	6258	6462	6200	6999	6286	7134	17275	16803	22253	16480	18001	17088	14645	18255	15809	16939	16053	2101	870	184	149	168	150	192	122	156	164	149	149	149	192	159	149	192	192	147	149	138	185	182	166	191	151	139	160	149	160	160	179	122	166	137	205	160	160	138	159	160	170	192	192	149	192	159	159	138	159	160	159	137	139	159
Pseudomonas_syringae_pv_syringae_UMAF1003_17741_NZ_JAJPOJ010000013	6739	6538	6625	16663	6841	7269	21394	6701	6801	7479	7523	7395	19307	11018	6968	789	919	7083	7357	16595	1158	10065	6851	16504	7076	7370	7070	7219	7537	7670	18944	6713	7327	6900	10995	7070	6874	7597	6435	7357	6658	6797	21420	940	6833	10074	16506	6850	1380	7263	7421	16196	6349	6926	6975	7762	706	16644	6788	6785	7119	6712	6460	6694	6621	6990	6964	7007	6705	6907	6834	19266	6748	6111	6854	6570	7184	18664	940	940	1014	15916	7695	7228	870	19077	2170	5024	7141	920	946	946	17227	7025	6941	7105	6603	6799	6011	6287	6853	6600	7080	6831	8783	6315	6125	6825	6182	6774	6396	6903	6925	15679	15592	16480	23582	15719	20842	19005	15895	17015	15672	19245	2108	920	148	132	136	118	164	93	114	136	132	132	132	164	117	132	164	164	123	132	111	135	144	126	155	119	112	132	132	132	132	147	95	126	123	156	132	132	111	132	132	140	164	164	132	164	117	135	111	135	132	117	110	112	138
Pseudomonas_syringae_pv_syringae_UMAF1013_17734_NZ_JAJPOC010000013	7246	7129	6985	15894	6216	6456	15629	7004	6997	8009	7689	7068	15475	10629	7292	846	981	6971	7752	16030	1168	9593	7520	16224	7064	7031	6861	7086	7410	7486	16627	7559	6923	7292	10618	6861	6717	7873	7461	6987	6979	7178	15566	990	6910	9593	16244	7029	1583	7224	7834	18813	6641	7298	7317	8450	814	15827	7084	7121	7478	6798	6775	6632	6991	7349	7273	7109	6771	7033	6300	14667	6187	6736	7520	7112	8323	16155	990	990	1087	18677	8325	7874	919	14228	2229	4796	7205	927	915	915	15009	6465	6367	7361	5984	6827	6366	6449	7092	6468	6860	6339	8696	6921	7002	6217	6468	6180	6938	6285	6937	18573	18058	18001	15719	22157	15811	14697	18535	16042	17647	15880	2171	927	171	136	164	137	179	113	127	151	136	136	136	179	146	136	179	179	138	136	138	159	157	144	178	129	126	147	136	147	147	166	122	144	128	179	147	147	138	150	147	157	179	179	136	179	146	150	138	150	147	146	137	126	150
Pseudomonas_syringae_pv_syringae_UMAF2016_17739_NZ_JAJPOG010000015	7087	6715	6781	16579	6858	7209	19871	6931	7044	7413	7782	7592	20153	11140	7274	866	910	7199	7690	16439	1172	10265	6872	16988	7289	7565	7264	7489	7969	7968	19370	6989	7437	7188	11119	7264	7182	7549	6808	7554	6862	7038	20265	945	7092	10256	17019	7134	1472	7308	7566	16235	6371	7209	7146	7653	725	16606	7055	7092	7450	6944	6776	6951	6962	7321	7114	7259	6937	7166	6778	18797	6823	6209	6872	6553	7373	18747	945	945	1030	16675	7875	7438	936	18975	2098	4997	7101	940	934	934	17370	6942	6888	7426	6545	7076	6130	6249	6974	6746	7321	6809	9041	6335	6219	6750	6185	6759	6414	6965	7106	15478	15612	17088	20842	15811	23805	18999	15910	16590	15824	19166	2046	940	162	148	152	134	178	103	128	152	148	148	148	178	129	148	178	178	133	148	123	149	156	138	169	127	126	148	148	148	148	161	107	138	131	170	148	148	123	142	148	154	178	178	148	178	129	145	123	145	148	129	122	126	146
Pseudomonas_syringae_pv_syringae_UMAF2600_17732_NZ_JAJPOA010000013	6902	6793	6629	15424	6563	7058	18094	6881	6959	7590	7641	7417	19152	11257	7170	750	867	7111	7588	15785	1151	10444	6146	15979	6905	7377	7049	7320	7781	7868	17550	6802	7343	7020	11234	7049	7057	7540	6698	7347	6833	6914	20108	854	6964	10453	15981	6992	1363	7311	7481	15048	6192	7115	7154	7836	723	15888	6896	6876	7262	6799	6678	6841	6886	7157	7089	7142	6792	7059	6610	19992	6562	5964	6149	6239	6543	16879	854	854	942	15092	7777	7495	836	19722	1952	4865	7149	883	891	891	16452	6779	6720	7377	6403	6979	5952	6275	6894	6365	7095	6606	8126	6094	5999	6560	6108	6457	6239	6731	7116	14627	14940	14645	19005	14697	18999	23288	14988	15911	14524	18368	1896	883	156	149	149	118	171	96	132	139	149	149	149	171	135	149	171	171	129	144	134	139	151	135	163	133	116	144	144	144	144	158	118	135	130	164	144	144	134	131	144	150	171	171	144	171	135	138	134	138	144	135	125	116	141
Pseudomonas_syringae_pv_syringae_UMAF2801_17738_NZ_JAJPOH010000009	7826	7620	7616	16299	6739	6890	15860	7409	7407	8177	8098	7283	15832	10940	8057	833	915	7372	8149	16339	1111	10183	7829	16571	7403	7365	7284	7379	7773	7767	15986	7491	7279	7678	10929	7284	7033	8579	7514	7214	7449	7466	15783	940	7212	10183	16572	7377	1516	7527	8165	17513	7202	7522	7607	8430	794	16114	7439	7379	7925	7193	7190	7061	7428	7785	7527	7419	7166	7335	6591	13929	6391	6714	7829	7166	7780	16321	940	940	1015	17328	8256	7885	957	14344	2224	5190	7684	873	900	900	14593	6765	6704	7985	6343	7204	6938	7803	7581	6756	7176	6634	9051	6937	6670	6531	7054	6457	6934	6504	7432	19846	18409	18255	15895	18535	15910	14988	22264	16674	17992	16875	2159	873	177	142	170	135	185	119	147	157	142	142	142	185	165	142	185	185	136	142	138	178	179	163	176	150	132	153	142	153	153	172	122	163	136	198	153	153	138	158	153	155	185	185	142	185	165	156	138	156	153	165	143	132	158
Pseudomonas_syringae_pv_syringae_UMAF2815_17736_NZ_JAJPNZ010000006	6928	6664	6853	18523	6701	7018	17249	6942	6775	7659	7459	7252	16498	10932	7275	820	840	7146	7474	18841	1151	9877	6779	18496	7533	7280	7109	7262	7427	7505	16668	6751	7333	6937	10909	7109	6901	7671	6670	7158	6739	6764	16479	859	6874	9886	18527	6893	1327	7431	7615	15953	6538	7051	7060	7945	724	18839	6862	6820	7328	6862	6574	6679	6736	7199	7011	7065	6855	6969	6713	14744	6412	6236	6782	6662	7191	16930	859	859	962	16059	7850	7538	932	14375	2036	5135	7190	850	893	893	15098	6782	6747	7096	6549	6809	6220	6300	6964	6592	6966	6610	8854	6432	6357	6617	6218	6704	6487	6727	7042	16051	16185	15809	17015	16042	16590	15911	16674	22528	15953	17805	1957	850	147	127	140	105	165	88	111	137	127	127	127	165	125	127	165	165	110	127	109	136	145	127	142	120	107	133	127	133	133	148	93	127	124	157	133	133	109	127	133	127	165	165	127	165	125	134	109	134	133	125	120	107	139
Pseudomonas_syringae_pv_syringae_UMAF3028_17702_NZ_JACTWB010000009	7975	7696	7502	15730	6204	6387	15861	7214	7183	7938	7724	6960	16009	10631	7937	837	929	7048	7911	15766	1126	9568	7867	16053	7127	6947	6955	7027	7709	7580	17038	7336	6990	7338	10610	6955	6825	8206	7059	6871	7152	7269	15097	930	7057	9586	16084	7244	1449	7307	7850	16924	7182	7461	7434	7958	755	16108	7265	7241	7573	6980	6997	6895	7150	7444	7392	7230	6969	7149	6156	14842	6084	6384	7874	6674	8019	15852	930	930	1019	16998	7908	7554	874	13991	2218	5034	7461	886	873	873	14752	6289	6228	8048	6005	7076	7087	7710	7547	6368	6889	6158	8787	6420	6425	6083	7158	6094	6538	6230	6977	17847	17868	16939	15672	17647	15824	14524	17992	15953	22251	16283	2143	886	161	123	154	119	171	100	114	140	123	123	123	171	136	123	171	171	122	123	123	135	146	130	154	111	116	134	123	134	134	154	107	130	117	163	134	134	123	139	134	136	171	171	123	171	136	141	123	141	134	136	123	116	132
Pseudomonas_syringae_pv_syringae_UMAF7000_17735_NZ_JAJPNY010000012	7135	6810	6873	17678	7205	7573	20198	7061	7026	7527	7651	7734	19278	11257	7365	840	919	7256	7740	17402	1124	10412	6750	18048	7358	7710	7332	7504	7958	7965	18012	6979	7663	7239	11234	7332	7094	7560	6833	7671	6868	6950	19129	907	7004	10403	18079	6992	1362	7385	7599	15900	6590	7165	7161	8030	706	17690	7147	7068	7473	6984	6708	6890	7014	7344	7104	7162	6973	7078	7099	17154	7068	6356	6750	6736	7274	18458	907	907	1000	16294	7805	7300	952	17202	2105	5181	7368	938	967	967	17016	7267	7182	7400	6976	7017	6262	6478	7133	6904	7356	7041	9475	6558	6405	7050	6397	7052	6600	7282	7247	15754	15488	16053	19245	15880	19166	18368	16875	17805	16283	23681	2034	938	150	132	139	107	167	90	133	142	132	132	132	167	144	132	167	167	115	132	115	155	175	146	145	139	106	138	132	138	138	147	99	146	130	173	138	138	115	132	138	132	167	167	132	167	144	136	115	136	138	144	123	106	148
Pseudomonas_syringae_pv_tagetis_ICMP_4091_14835_NZ_CP092923	1913	1969	1846	2001	2158	2354	2033	2000	2152	2006	2310	1942	2042	1859	1906	1010	1063	1960	1949	2006	942	1952	2380	1985	2019	1967	2063	1962	2111	2114	2138	1921	1972	1958	1853	2063	1928	2099	1915	1949	1946	2000	2134	1141	1861	1952	2013	1970	1118	2094	1999	2160	2380	1977	1980	2221	803	1989	2006	2047	1995	1825	1827	1831	2113	1929	1977	1958	1814	1908	2294	1899	2200	2144	2380	2204	2439	2029	1141	1141	1113	2085	2060	2076	838	1867	17670	1627	1950	1023	955	955	2089	2215	2146	1960	2240	1976	2163	2138	1921	2117	2006	2298	2048	2254	2127	2248	2322	2328	2314	2316	2004	2157	2219	2101	2108	2171	2046	1896	2159	1957	2143	2034	21597	1023	142	166	172	153	165	133	207	166	166	166	166	165	158	166	165	165	144	160	147	210	179	188	162	198	141	166	160	166	166	194	147	188	167	195	166	166	147	163	166	146	165	165	160	165	158	143	147	143	166	158	144	141	163
Pseudomonas_syringae_pv_tomato_BRIP38746_11422_NZ_SNVG01000020	887	1069	1042	826	914	955	927	929	904	852	990	1077	952	813	928	2250	14838	877	891	801	1056	906	1059	903	849	1069	867	830	938	914	1037	833	1048	898	813	867	964	1084	1116	1056	1027	944	895	6457	834	906	903	1091	1337	859	864	933	908	1092	888	1031	1559	807	992	954	862	814	830	874	1055	780	895	876	805	876	892	920	942	856	1059	886	1101	1078	6457	6457	6350	856	873	893	3121	931	995	1064	852	23168	1938	1947	909	898	851	903	795	924	813	866	1043	863	919	910	866	807	904	868	847	985	819	938	903	911	949	870	920	927	940	883	873	850	886	938	1023	23230	134	138	154	145	145	137	172	130	138	138	138	145	174	138	145	145	132	146	155	195	182	212	155	176	110	137	146	137	137	159	155	212	134	194	137	137	155	157	137	120	145	145	146	145	174	106	155	106	137	174	161	110	135
p1.G2	133	152	140	131	156	172	153	151	145	164	179	136	143	132	131	109	144	146	156	137	154	135	180	155	113	115	125	135	119	121	153	164	141	161	126	125	114	195	154	124	159	149	146	163	170	135	155	153	138	145	180	174	171	153	159	180	196	117	133	164	158	153	164	142	142	158	159	170	153	160	171	136	155	178	180	168	192	143	163	163	175	179	156	185	126	141	120	150	141	134	128	128	133	135	135	149	166	129	166	196	135	159	145	173	113	165	171	170	154	167	176	180	129	149	148	184	148	171	162	156	177	147	161	150	142	134	17499	9000	9195	10705	8837	9879	6646	9182	9000	9000	9000	8837	8492	9000	8837	8837	11276	9007	8849	8025	7946	9068	15138	7397	9422	9255	9005	9502	9421	9781	8871	9068	7492	13883	9502	9502	8885	10185	9502	11192	8837	8837	9007	8837	8506	9916	8896	9916	9502	8492	9178	9427	6586
p12.A11	133	136	136	122	151	152	130	135	144	126	151	150	126	138	120	110	152	147	127	122	159	141	140	135	114	130	136	138	124	137	146	122	137	129	138	136	119	146	141	138	138	120	139	156	130	141	135	136	110	116	116	125	151	138	134	125	186	114	149	138	152	131	126	133	143	152	134	130	131	120	135	130	171	135	140	152	162	110	156	156	175	154	135	143	114	123	152	138	134	138	135	135	120	146	146	140	152	131	151	160	126	146	130	135	112	140	151	134	140	138	140	149	125	109	114	149	132	136	148	149	142	127	123	132	166	138	9000	17263	8385	10653	9302	8426	6890	11756	17263	17263	17263	9302	8688	17263	9302	9302	9476	15010	8766	8279	8418	8972	8759	6874	8297	11452	14064	11769	11668	8846	8693	8972	7780	9407	11769	11769	8861	10769	11769	9795	9302	9302	15010	9302	8715	8322	8841	8322	11769	8688	10255	8307	6654
p12.E2	151	158	156	130	175	186	131	173	173	157	195	140	132	139	139	129	167	145	170	130	191	145	172	156	138	131	137	153	137	141	148	174	151	157	139	137	130	180	158	140	171	161	139	175	174	145	156	165	148	134	163	156	185	173	159	171	198	114	151	176	154	167	164	154	160	154	159	174	167	164	183	133	159	190	172	182	170	134	175	175	194	163	157	172	133	134	150	163	145	154	152	152	130	155	155	167	187	141	193	215	139	173	149	185	125	186	185	182	181	179	190	199	139	140	153	168	136	164	152	149	170	140	154	139	172	154	9195	8385	17313	9134	10523	8233	6717	9484	8385	8385	8385	10523	7730	8385	10523	10523	9498	8018	8044	6828	7380	7669	8979	6868	8613	9175	7926	9273	9268	12988	8038	7669	7193	9402	9273	9273	8127	8744	9273	9309	10523	10523	8018	10523	7747	9035	8083	9035	9273	7730	7965	8785	6463
p12.G7	120	129	131	103	132	125	116	140	138	116	155	129	98	114	108	125	153	116	137	103	204	117	140	116	107	100	109	118	106	109	106	145	129	133	114	109	105	134	133	117	138	130	108	152	131	117	116	134	130	115	126	140	124	142	125	129	217	101	118	127	132	140	115	123	134	132	125	131	140	121	124	104	105	135	140	136	135	109	152	152	161	143	139	124	118	107	143	134	121	145	148	148	119	122	122	134	132	111	128	162	116	124	125	127	85	139	124	123	125	136	134	143	109	136	150	150	118	137	134	118	135	105	119	107	153	145	10705	10653	9134	17344	8186	10092	7386	10836	10653	10653	10653	8186	8708	10653	8186	8186	10867	10132	9001	8282	7937	9152	11550	7454	9039	10368	10106	10611	10510	8934	9013	9152	7493	10970	10611	10611	9051	11354	10611	10209	8186	8186	10132	8186	8735	8078	9066	8078	10611	8708	8955	9049	6785
p13.C1	121	137	121	147	156	160	157	148	142	136	165	122	146	118	130	121	157	122	139	153	174	121	157	182	117	99	116	123	116	103	169	135	130	127	112	116	100	162	137	110	142	132	161	156	141	121	182	136	102	119	154	187	162	136	129	161	175	133	121	152	142	138	140	130	136	142	129	141	138	140	160	152	165	171	157	159	198	156	156	156	211	187	148	161	131	149	146	127	109	145	144	144	146	124	124	132	165	111	166	192	109	150	131	159	104	163	159	159	151	159	164	176	109	162	128	192	164	179	178	171	185	165	171	167	165	145	8837	9302	10523	8186	16872	8757	7322	8323	9302	9302	9302	16872	8148	9302	16872	16872	8742	8780	7700	7300	8197	7946	8745	7049	8649	8152	8842	8247	8242	12992	7724	7946	7611	8870	8247	8247	7762	8317	8247	8766	16872	16872	8780	16872	8100	8710	7755	8710	8247	8148	9196	8909	6194
p13.D10	112	128	117	81	145	160	86	124	118	120	136	113	78	108	102	110	150	110	121	87	165	111	125	110	78	95	107	101	84	113	98	119	107	111	102	107	91	150	128	101	124	114	86	161	123	111	110	118	104	105	140	118	159	118	111	141	161	83	112	143	132	114	131	107	140	132	111	123	114	113	160	81	135	170	125	156	134	89	161	161	167	117	126	145	93	87	133	114	119	137	126	126	91	124	124	114	152	107	159	179	100	147	108	159	106	155	159	159	147	171	164	166	121	117	121	122	93	113	103	96	119	88	100	90	133	137	9879	8426	8233	10092	8757	17246	6818	9056	8426	8426	8426	8757	8022	8426	8757	8757	11204	8062	7611	7174	7122	7554	10530	6880	9264	8593	8209	8752	8747	8560	7616	7554	6921	9685	8752	8752	7666	9489	8752	10397	8757	8757	8062	8757	8011	8384	7670	8384	8752	8022	7621	9412	5812
p13.F3	163	171	168	110	177	167	128	171	180	182	187	169	131	154	148	128	171	181	159	110	223	157	218	145	133	163	148	145	132	148	122	180	148	156	154	148	138	198	169	157	170	161	122	177	156	157	145	166	125	161	174	159	172	170	158	196	246	112	168	167	182	168	155	152	180	182	158	156	168	143	166	112	150	183	218	181	168	109	177	177	176	163	186	184	117	121	183	156	158	172	162	162	130	167	167	166	180	150	173	210	156	172	148	169	129	185	169	165	164	172	176	188	148	135	149	156	114	127	128	132	147	111	114	133	207	172	6646	6890	6717	7386	7322	6818	16275	7244	6890	6890	6890	7322	7481	6890	7322	7322	6906	6699	7258	8123	7928	7497	6442	8510	6697	6627	6813	6779	6773	7155	7250	7497	9050	6882	6779	6779	7311	7020	6779	6924	7322	7322	6699	7322	7487	7220	7291	7220	6779	7481	7252	6797	7574
p20.D4	144	147	140	126	149	148	134	152	154	133	157	143	116	128	129	113	142	143	138	126	178	131	149	145	116	123	128	130	116	129	136	126	129	125	128	128	119	150	144	131	142	131	129	143	127	131	145	140	118	126	134	140	147	142	130	135	188	104	142	146	156	137	134	133	153	156	130	127	137	117	131	122	164	142	149	156	142	114	143	143	175	157	162	147	114	129	146	134	130	130	125	125	132	142	142	146	155	131	148	169	130	147	130	134	105	149	144	130	145	134	157	147	125	124	129	164	136	151	152	139	157	137	140	142	166	130	9182	11756	9484	10836	8323	9056	7244	17685	11756	11756	11756	8323	9620	11756	8323	8323	9857	11152	9393	8331	8880	9397	8754	7662	8004	12793	11277	13023	13018	9443	9296	9397	8109	9363	13023	13023	9473	10032	13023	8610	8323	8323	11152	8323	9647	7768	9453	7768	13023	9620	9603	8163	7566
p20.F10	133	136	136	122	151	152	130	135	144	126	151	150	126	138	120	110	152	147	127	122	159	141	140	135	114	130	136	138	124	137	146	122	137	129	138	136	119	146	141	138	138	120	139	156	130	141	135	136	110	116	116	125	151	138	134	125	186	114	149	138	152	131	126	133	143	152	134	130	131	120	135	130	171	135	140	152	162	110	156	156	175	154	135	143	114	123	152	138	134	138	135	135	120	146	146	140	152	131	151	160	126	146	130	135	112	140	151	134	140	138	140	149	125	109	114	149	132	136	148	149	142	127	123	132	166	138	9000	17263	8385	10653	9302	8426	6890	11756	17263	17263	17263	9302	8688	17263	9302	9302	9476	15010	8766	8279	8418	8972	8759	6874	8297	11452	14064	11769	11668	8846	8693	8972	7780	9407	11769	11769	8861	10769	11769	9795	9302	9302	15010	9302	8715	8322	8841	8322	11769	8688	10255	8307	6654
p20.G9	133	136	136	122	151	152	130	135	144	126	151	150	126	138	120	110	152	147	127	122	159	141	140	135	114	130	136	138	124	137	146	122	137	129	138	136	119	146	141	138	138	120	139	156	130	141	135	136	110	116	116	125	151	138	134	125	186	114	149	138	152	131	126	133	143	152	134	130	131	120	135	130	171	135	140	152	162	110	156	156	175	154	135	143	114	123	152	138	134	138	135	135	120	146	146	140	152	131	151	160	126	146	130	135	112	140	151	134	140	138	140	149	125	109	114	149	132	136	148	149	142	127	123	132	166	138	9000	17263	8385	10653	9302	8426	6890	11756	17263	17263	17263	9302	8688	17263	9302	9302	9476	15010	8766	8279	8418	8972	8759	6874	8297	11452	14064	11769	11668	8846	8693	8972	7780	9407	11769	11769	8861	10769	11769	9795	9302	9302	15010	9302	8715	8322	8841	8322	11769	8688	10255	8307	6654
p21.A8	133	136	136	122	151	152	130	135	144	126	151	150	126	138	120	110	152	147	127	122	159	141	140	135	114	130	136	138	124	137	146	122	137	129	138	136	119	146	141	138	138	120	139	156	130	141	135	136	110	116	116	125	151	138	134	125	186	114	149	138	152	131	126	133	143	152	134	130	131	120	135	130	171	135	140	152	162	110	156	156	175	154	135	143	114	123	152	138	134	138	135	135	120	146	146	140	152	131	151	160	126	146	130	135	112	140	151	134	140	138	140	149	125	109	114	149	132	136	148	149	142	127	123	132	166	138	9000	17263	8385	10653	9302	8426	6890	11756	17263	17263	17263	9302	8688	17263	9302	9302	9476	15010	8766	8279	8418	8972	8759	6874	8297	11452	14064	11769	11668	8846	8693	8972	7780	9407	11769	11769	8861	10769	11769	9795	9302	9302	15010	9302	8715	8322	8841	8322	11769	8688	10255	8307	6654
p21.E3	121	137	121	147	156	160	157	148	142	136	165	122	146	118	130	121	157	122	139	153	174	121	157	182	117	99	116	123	116	103	169	135	130	127	112	116	100	162	137	110	142	132	161	156	141	121	182	136	102	119	154	187	162	136	129	161	175	133	121	152	142	138	140	130	136	142	129	141	138	140	160	152	165	171	157	159	198	156	156	156	211	187	148	161	131	149	146	127	109	145	144	144	146	124	124	132	165	111	166	192	109	150	131	159	104	163	159	159	151	159	164	176	109	162	128	192	164	179	178	171	185	165	171	167	165	145	8837	9302	10523	8186	16872	8757	7322	8323	9302	9302	9302	16872	8148	9302	16872	16872	8742	8780	7700	7300	8197	7946	8745	7049	8649	8152	8842	8247	8242	12992	7724	7946	7611	8870	8247	8247	7762	8317	8247	8766	16872	16872	8780	16872	8100	8710	7755	8710	8247	8148	9196	8909	6194
p21.F1	185	183	181	124	184	186	140	163	163	182	169	176	141	172	178	131	171	166	165	124	164	180	165	135	136	159	185	163	151	173	135	171	174	186	172	185	156	201	194	184	173	168	125	191	172	180	135	173	136	155	169	137	185	171	181	176	218	116	208	187	185	166	187	158	178	185	181	172	166	162	175	119	165	186	165	195	158	105	191	191	182	159	176	187	138	133	145	157	191	174	171	171	123	178	178	175	181	162	175	202	195	178	168	175	138	173	185	174	169	175	185	178	156	130	160	159	117	146	129	135	165	125	136	144	158	174	8492	8688	7730	8708	8148	8022	7481	9620	8688	8688	8688	8148	17713	8688	8148	8148	8058	9027	9995	10201	9173	11251	7969	7619	7082	9319	9252	9490	9485	8526	9942	11251	7794	8905	9490	9490	10088	8905	9490	8075	8148	8148	9027	8148	17620	7168	10088	7168	9490	17713	10363	7174	6536
p21.F9	133	136	136	122	151	152	130	135	144	126	151	150	126	138	120	110	152	147	127	122	159	141	140	135	114	130	136	138	124	137	146	122	137	129	138	136	119	146	141	138	138	120	139	156	130	141	135	136	110	116	116	125	151	138	134	125	186	114	149	138	152	131	126	133	143	152	134	130	131	120	135	130	171	135	140	152	162	110	156	156	175	154	135	143	114	123	152	138	134	138	135	135	120	146	146	140	152	131	151	160	126	146	130	135	112	140	151	134	140	138	140	149	125	109	114	149	132	136	148	149	142	127	123	132	166	138	9000	17263	8385	10653	9302	8426	6890	11756	17263	17263	17263	9302	8688	17263	9302	9302	9476	15010	8766	8279	8418	8972	8759	6874	8297	11452	14064	11769	11668	8846	8693	8972	7780	9407	11769	11769	8861	10769	11769	9795	9302	9302	15010	9302	8715	8322	8841	8322	11769	8688	10255	8307	6654
p22.A8	121	137	121	147	156	160	157	148	142	136	165	122	146	118	130	121	157	122	139	153	174	121	157	182	117	99	116	123	116	103	169	135	130	127	112	116	100	162	137	110	142	132	161	156	141	121	182	136	102	119	154	187	162	136	129	161	175	133	121	152	142	138	140	130	136	142	129	141	138	140	160	152	165	171	157	159	198	156	156	156	211	187	148	161	131	149	146	127	109	145	144	144	146	124	124	132	165	111	166	192	109	150	131	159	104	163	159	159	151	159	164	176	109	162	128	192	164	179	178	171	185	165	171	167	165	145	8837	9302	10523	8186	16872	8757	7322	8323	9302	9302	9302	16872	8148	9302	16872	16872	8742	8780	7700	7300	8197	7946	8745	7049	8649	8152	8842	8247	8242	12992	7724	7946	7611	8870	8247	8247	7762	8317	8247	8766	16872	16872	8780	16872	8100	8710	7755	8710	8247	8148	9196	8909	6194
p22.B5	121	137	121	147	156	160	157	148	142	136	165	122	146	118	130	121	157	122	139	153	174	121	157	182	117	99	116	123	116	103	169	135	130	127	112	116	100	162	137	110	142	132	161	156	141	121	182	136	102	119	154	187	162	136	129	161	175	133	121	152	142	138	140	130	136	142	129	141	138	140	160	152	165	171	157	159	198	156	156	156	211	187	148	161	131	149	146	127	109	145	144	144	146	124	124	132	165	111	166	192	109	150	131	159	104	163	159	159	151	159	164	176	109	162	128	192	164	179	178	171	185	165	171	167	165	145	8837	9302	10523	8186	16872	8757	7322	8323	9302	9302	9302	16872	8148	9302	16872	16872	8742	8780	7700	7300	8197	7946	8745	7049	8649	8152	8842	8247	8242	12992	7724	7946	7611	8870	8247	8247	7762	8317	8247	8766	16872	16872	8780	16872	8100	8710	7755	8710	8247	8148	9196	8909	6194
p22.C1	139	153	142	106	159	152	119	149	145	136	157	138	108	134	127	121	135	137	146	112	187	137	137	128	112	116	132	127	111	138	120	144	132	136	128	132	116	159	153	126	151	139	119	134	130	137	128	143	94	132	149	148	151	143	138	148	180	92	139	152	159	139	140	134	165	159	138	130	139	120	154	114	147	162	137	163	135	117	134	134	142	145	151	154	104	111	124	134	144	132	120	120	109	140	140	141	154	132	154	191	125	151	133	153	122	166	151	153	146	150	156	170	146	126	121	147	123	138	133	129	136	110	122	115	144	132	11276	9476	9498	10867	8742	11204	6906	9857	9476	9476	9476	8742	8058	9476	8742	8742	16942	8526	7841	6707	7397	7806	12459	6989	9210	8806	8631	8966	8961	9580	7875	7806	6960	10118	8966	8966	7896	10834	8966	12378	8742	8742	8526	8742	8064	9573	7900	9573	8966	8058	7775	9369	6392
p22.D1	146	136	150	122	151	152	130	135	139	121	146	145	121	133	120	110	160	155	127	122	178	136	137	135	133	125	155	151	124	137	141	120	150	124	133	155	119	151	160	133	133	133	134	164	127	136	135	131	110	116	126	125	151	133	129	117	186	109	152	135	147	131	123	133	138	147	129	127	131	117	135	125	168	135	137	152	157	110	164	164	183	149	135	135	120	123	147	146	142	146	141	141	120	146	146	148	152	131	148	157	134	146	130	135	107	140	151	134	140	138	140	149	125	109	114	149	132	136	148	144	142	127	123	132	160	146	9007	15010	8018	10132	8780	8062	6699	11152	15010	15010	15010	8780	9027	15010	8780	8780	8526	17409	9060	8422	8987	9424	8806	7032	8092	13533	16293	13850	13749	8239	8990	9424	7785	9456	13850	13850	9134	9612	13850	9014	8780	8780	17409	8780	9011	7997	9138	7997	13850	9027	10734	8102	6698
p22.D4	147	158	155	100	151	150	109	151	160	172	161	141	121	135	127	137	150	167	148	100	197	141	169	111	119	147	132	133	119	148	128	151	132	140	135	132	122	186	155	141	158	149	124	155	140	141	111	150	123	129	146	127	149	160	145	164	177	102	152	154	152	151	142	134	171	152	145	140	151	130	131	120	137	144	169	161	139	99	155	155	173	145	165	175	138	111	125	143	159	155	151	151	113	147	147	155	157	134	153	171	140	149	136	136	129	149	149	130	150	136	159	150	142	114	135	138	111	138	123	134	138	109	123	115	147	155	8849	8766	8044	9001	7700	7611	7258	9393	8766	8766	8766	7700	9995	8766	7700	7700	7841	9060	17905	9619	8661	12008	8642	6929	7138	9413	9075	9672	9611	7785	17636	12008	7729	8836	9672	9672	17688	9561	9672	8130	7700	7700	9060	7700	9973	7131	17812	7131	9672	9995	10846	7138	6492
p23.A3	180	180	166	137	196	198	144	182	176	198	182	183	133	176	173	152	194	177	168	143	180	173	210	161	138	150	177	152	138	153	133	165	161	157	170	177	145	217	180	171	170	165	129	192	173	173	161	170	146	180	192	158	197	166	158	206	227	116	178	186	198	185	174	159	186	198	158	173	185	163	190	119	177	203	210	204	186	119	192	192	211	176	223	203	157	148	190	164	156	195	183	183	137	181	181	172	193	161	183	219	170	195	171	192	135	196	194	189	177	192	202	190	155	142	167	185	135	159	149	139	178	136	135	155	210	195	8025	8279	6828	8282	7300	7174	8123	8331	8279	8279	8279	7300	10201	8279	7300	7300	6707	8422	9619	16834	9265	10646	7576	8055	7448	8461	8423	8691	8630	7028	9552	10646	7036	8255	8691	8691	9673	8226	8691	7114	7300	7300	8422	7300	10179	7916	9666	7916	8691	10201	10193	7448	7072
p23.B2	200	184	182	148	206	218	166	186	188	194	189	193	162	187	173	148	194	177	180	148	191	184	188	178	143	168	177	167	150	163	151	170	166	159	187	177	153	207	181	181	176	166	141	197	172	184	178	174	132	159	174	165	217	184	164	192	216	143	190	203	204	181	183	173	195	204	164	172	181	162	207	135	188	218	188	214	177	131	197	197	197	180	197	194	137	149	166	173	164	182	182	182	153	196	196	189	213	173	209	224	186	205	167	207	150	198	214	206	203	201	222	207	159	149	170	182	144	157	156	151	179	145	146	175	179	182	7946	8418	7380	7937	8197	7122	7928	8880	8418	8418	8418	8197	9173	8418	8197	8197	7397	8987	8661	9265	16608	8604	7517	8454	7872	9003	8962	9179	9174	8087	8549	8604	7145	8472	9179	9179	8682	7997	9179	7290	8197	8197	8987	8197	9151	8947	8694	8947	9179	9173	9190	8163	8038
p23.B8	161	171	169	124	185	178	137	173	173	175	178	172	135	158	146	156	206	174	159	124	186	161	182	165	134	149	151	147	133	164	135	175	156	157	158	151	146	190	175	160	161	153	125	206	164	161	165	163	132	162	173	160	177	165	149	192	240	116	161	163	173	174	151	148	197	173	149	164	174	154	175	121	161	188	182	186	138	121	206	206	194	168	183	182	151	135	175	157	173	212	171	171	131	172	172	164	185	152	178	215	159	177	160	180	142	190	174	174	175	183	187	191	164	144	158	166	126	144	138	135	163	127	130	146	188	212	9068	8972	7669	9152	7946	7554	7497	9397	8972	8972	8972	7946	11251	8972	7946	7946	7806	9424	12008	10646	8604	17896	8523	7687	7154	9496	9401	9711	9650	8157	12049	17896	8004	9197	9711	9711	12086	9038	9711	7942	7946	7946	9424	7946	11257	7347	12098	7347	9711	11251	11089	7154	6766
p24.B5	140	159	147	138	178	187	148	166	160	174	193	143	144	139	134	121	158	153	163	144	178	142	190	158	127	122	132	142	126	128	152	171	148	156	133	132	121	204	161	131	166	156	153	154	177	142	158	160	128	149	187	181	186	160	154	195	213	124	140	171	161	168	159	149	157	161	154	177	168	167	189	143	173	193	190	183	190	150	154	154	177	186	171	192	134	148	143	151	136	155	138	138	145	150	150	156	188	136	193	218	130	174	152	188	120	187	186	188	181	182	191	205	136	156	155	191	155	178	169	163	176	142	154	145	162	155	15138	8759	8979	11550	8745	10530	6442	8754	8759	8759	8759	8745	7969	8759	8745	8745	12459	8806	8642	7576	7517	8523	17380	7177	9319	9029	8779	9246	9165	9620	8676	8523	7043	13635	9246	9246	8690	10543	9246	12723	8745	8745	8806	8745	7983	9438	8701	9438	9246	7969	8727	9324	6273
p24.H2	182	167	174	115	193	188	128	164	162	171	166	180	131	175	153	136	173	185	152	121	190	170	181	156	139	147	184	168	128	143	129	174	174	151	169	184	135	221	181	168	162	172	123	172	162	170	156	156	117	164	199	147	187	158	149	197	204	114	178	175	188	174	163	151	172	188	149	162	174	152	191	115	174	193	181	184	155	114	172	172	189	156	180	188	163	129	176	184	170	176	163	163	115	173	173	179	182	151	178	212	179	187	155	193	135	181	184	190	167	193	181	190	149	129	143	151	119	129	127	133	150	120	111	139	198	176	7397	6874	6868	7454	7049	6880	8510	7662	6874	6874	6874	7049	7619	6874	7049	7049	6989	7032	6929	8055	8454	7687	7177	16631	6546	7070	7077	7179	7173	6921	6946	7687	9021	7856	7179	7179	6964	7463	7179	6709	7049	7049	7032	7049	7598	7589	6976	7589	7179	7619	7475	6568	9065
p25.A12	115	123	115	95	146	153	105	141	135	116	167	116	97	110	115	129	125	107	133	101	187	113	140	121	102	95	121	128	112	113	113	133	135	132	104	121	94	145	134	104	135	126	106	132	144	113	121	135	119	100	126	127	152	129	134	135	191	102	123	141	140	130	129	124	129	140	134	144	130	134	153	102	130	161	140	152	137	101	132	132	160	136	122	133	138	103	141	132	114	110	134	134	119	120	120	131	160	110	154	182	103	135	122	155	94	153	152	152	147	164	157	172	108	123	136	139	112	126	126	116	132	107	116	106	141	110	9422	8297	8613	9039	8649	9264	6697	8004	8297	8297	8297	8649	7082	8297	8649	8649	9210	8092	7138	7448	7872	7154	9319	6546	15938	8488	8213	8615	8615	8921	7154	7154	6820	8845	8615	8615	7194	8361	8615	9185	8649	8649	8092	8649	7068	10728	7185	10728	8615	7082	7464	15908	6033
p25.B2	157	147	161	122	149	155	130	152	156	132	152	149	121	133	129	113	151	155	138	122	181	136	148	141	128	125	147	143	116	129	141	131	142	127	133	147	119	162	163	137	144	144	134	149	127	136	141	142	110	116	137	136	154	144	132	134	178	109	152	146	156	137	134	133	155	156	132	127	137	117	136	125	171	149	148	163	168	110	149	149	186	160	152	146	124	123	153	149	145	137	144	144	121	146	146	159	150	131	148	169	145	154	130	138	107	149	151	135	140	141	159	142	125	120	125	160	132	147	148	144	153	133	134	138	166	137	9255	11452	9175	10368	8152	8593	6627	12793	11452	11452	11452	8152	9319	11452	8152	8152	8806	13533	9413	8461	9003	9496	9029	7070	8488	18131	13675	17886	17839	9572	9358	9496	7186	9891	17886	17886	9487	9580	17856	9311	8152	8152	13533	8152	9297	8197	9491	8197	17886	9319	9929	8493	6577
p25.C11	146	136	150	122	151	152	130	135	139	121	146	145	121	133	120	110	160	155	127	122	183	136	137	135	133	125	155	151	124	137	141	120	150	124	133	155	119	151	160	133	133	133	134	158	127	136	135	131	110	116	126	125	151	133	129	117	186	109	152	135	147	131	123	133	138	147	129	127	131	117	135	125	168	135	137	152	157	110	158	158	189	149	135	135	120	123	147	146	142	146	141	141	120	146	146	148	152	131	148	157	134	146	130	135	107	140	151	134	140	138	140	149	125	109	114	149	132	136	148	144	142	127	123	132	160	146	9005	14064	7926	10106	8842	8209	6813	11277	14064	14064	14064	8842	9252	14064	8842	8842	8631	16293	9075	8423	8962	9401	8779	7077	8213	13675	17435	13962	13893	8326	9005	9401	7967	9416	13962	13962	9149	9618	13962	9068	8842	8842	16293	8842	9230	8089	9153	8089	13962	9252	10695	8223	6698
p25.C2	157	147	161	122	149	155	130	152	156	132	152	149	121	133	129	113	151	155	138	122	181	136	148	141	128	125	147	143	116	129	141	131	142	127	133	147	119	162	163	137	144	144	134	149	127	136	141	142	110	116	137	136	154	144	132	134	178	109	152	146	156	137	134	133	155	156	132	127	137	117	136	125	171	149	148	163	168	110	149	149	186	160	152	146	124	123	153	149	145	137	144	144	121	146	146	159	150	131	148	169	145	154	130	138	107	149	151	135	140	141	159	142	125	120	125	160	132	147	148	144	153	133	134	138	166	137	9502	11769	9273	10611	8247	8752	6779	13023	11769	11769	11769	8247	9490	11769	8247	8247	8966	13850	9672	8691	9179	9711	9246	7179	8615	17886	13962	18203	18102	9667	9586	9711	7320	10133	18203	18203	9746	9827	18173	9528	8247	8247	13850	8247	9468	8392	9750	8392	18203	9490	10171	8625	6776
p25.D2	157	147	161	122	149	155	130	152	156	132	152	149	121	133	129	113	151	155	138	122	181	136	148	141	128	125	147	143	116	129	141	131	142	127	133	147	119	162	163	137	144	144	134	149	127	136	141	142	110	116	137	136	154	144	132	134	178	109	152	146	156	137	134	133	155	156	132	127	137	117	136	125	171	149	148	163	168	110	149	149	186	160	152	146	124	123	153	149	145	137	144	144	121	146	146	159	150	131	148	169	145	154	130	138	107	149	151	135	140	141	159	142	125	120	125	160	132	147	148	144	153	133	134	138	166	137	9421	11668	9268	10510	8242	8747	6773	13018	11668	11668	11668	8242	9485	11668	8242	8242	8961	13749	9611	8630	9174	9650	9165	7173	8615	17839	13893	18102	18160	9662	9525	9650	7314	10052	18102	18102	9685	9757	18072	9447	8242	8242	13749	8242	9463	8382	9689	8382	18102	9485	10105	8620	6770
p26.B7	148	161	160	130	182	193	140	180	181	162	208	156	139	152	148	136	177	147	171	136	170	155	188	162	135	135	140	150	134	136	155	178	154	167	146	140	127	192	161	144	181	164	148	174	177	155	162	175	134	134	166	167	192	175	169	187	182	123	155	179	180	174	167	157	176	180	169	177	174	167	193	142	169	197	188	186	186	136	174	174	186	181	164	180	134	136	174	166	149	159	147	147	139	153	153	169	194	144	196	222	143	180	152	192	135	193	189	192	184	186	197	206	142	142	155	179	147	166	161	158	172	148	154	147	194	159	9781	8846	12988	8934	12992	8560	7155	9443	8846	8846	8846	12992	8526	8846	12992	12992	9580	8239	7785	7028	8087	8157	9620	6921	8921	9572	8326	9667	9662	17453	7792	8157	6864	9904	9667	9667	7817	9114	9667	10159	12992	12992	8239	12992	8540	9277	7840	9277	9667	8526	8314	9181	6286
p26.D6	131	142	139	84	141	134	93	135	144	157	146	125	105	119	111	137	150	151	132	84	197	125	162	111	104	131	117	117	103	132	112	151	116	127	119	117	106	171	140	125	142	133	108	150	124	125	111	134	108	129	146	127	133	144	129	162	174	86	136	138	136	135	126	118	156	136	129	124	135	114	131	104	121	144	162	145	123	99	150	150	168	129	150	160	138	95	125	127	143	155	151	151	97	131	131	139	141	118	137	171	124	133	120	136	113	149	133	130	134	136	143	150	130	114	119	122	95	122	107	118	122	93	107	99	147	155	8871	8693	8038	9013	7724	7616	7250	9296	8693	8693	8693	7724	9942	8693	7724	7724	7875	8990	17636	9552	8549	12049	8676	6946	7154	9358	9005	9586	9525	7792	17788	12049	7723	8873	9586	9586	17605	9479	9586	8121	7724	7724	8990	7724	9920	7167	17729	7167	9586	9942	10815	7154	6474
p26.E7	161	171	169	124	185	178	137	173	173	175	178	172	135	158	146	156	206	174	159	124	186	161	182	165	134	149	151	147	133	164	135	175	156	157	158	151	146	190	175	160	161	153	125	206	164	161	165	163	132	162	173	160	177	165	149	192	240	116	161	163	173	174	151	148	197	173	149	164	174	154	175	121	161	188	182	186	138	121	206	206	194	168	183	182	151	135	175	157	173	212	171	171	131	172	172	164	185	152	178	215	159	177	160	180	142	190	174	174	175	183	187	191	164	144	158	166	126	144	138	135	163	127	130	146	188	212	9068	8972	7669	9152	7946	7554	7497	9397	8972	8972	8972	7946	11251	8972	7946	7946	7806	9424	12008	10646	8604	17896	8523	7687	7154	9496	9401	9711	9650	8157	12049	17896	8004	9197	9711	9711	12086	9038	9711	7942	7946	7946	9424	7946	11257	7347	12098	7347	9711	11251	11089	7154	6766
p27.D6	180	165	161	101	190	171	119	160	153	160	162	167	115	158	147	131	131	176	148	107	190	155	169	147	141	136	180	163	123	139	126	163	168	138	152	180	129	206	175	155	153	168	120	117	153	155	147	145	109	157	189	138	176	147	140	180	208	98	169	170	181	168	158	149	159	181	140	153	168	140	174	114	157	182	169	174	109	118	117	117	150	137	173	169	177	114	154	173	157	134	143	143	113	165	165	172	184	147	171	206	166	176	149	179	119	181	173	173	162	179	169	190	145	120	134	137	123	128	131	130	136	124	117	130	167	134	7492	7780	7193	7493	7611	6921	9050	8109	7780	7780	7780	7611	7794	7780	7611	7611	6960	7785	7729	7036	7145	8004	7043	9021	6820	7186	7967	7320	7314	6864	7723	8004	16974	8000	7320	7320	7837	7290	7320	6854	7611	7611	7785	7611	7803	6737	7778	6737	7320	7794	8497	6852	7969
p27.F2	166	185	173	152	201	217	162	198	192	197	212	169	158	165	166	143	207	179	189	158	176	168	211	190	146	152	162	166	152	154	161	197	174	182	159	162	147	228	187	157	192	186	154	206	203	168	190	186	127	178	213	195	216	186	180	227	221	138	166	197	193	200	185	175	189	193	180	203	200	193	218	144	193	223	211	210	194	151	206	206	236	200	203	218	172	162	173	178	162	194	184	184	156	177	177	184	211	162	208	241	156	204	176	218	146	210	213	217	196	215	221	224	162	170	181	205	156	179	170	164	198	157	163	173	195	194	13883	9407	9402	10970	8870	9685	6882	9363	9407	9407	9407	8870	8905	9407	8870	8870	10118	9456	8836	8255	8472	9197	13635	7856	8845	9891	9416	10133	10052	9904	8873	9197	8000	17556	10133	10133	8897	10079	10133	10443	8870	8870	9456	8870	8919	9103	8898	9103	10133	8905	9286	8850	7064
p3.A3	157	147	161	122	149	155	130	152	156	132	152	149	121	133	129	113	151	155	138	122	181	136	148	141	128	125	147	143	116	129	141	131	142	127	133	147	119	162	163	137	144	144	134	149	127	136	141	142	110	116	137	136	154	144	132	134	178	109	152	146	156	137	134	133	155	156	132	127	137	117	136	125	171	149	148	163	168	110	149	149	186	160	152	146	124	123	153	149	145	137	144	144	121	146	146	159	150	131	148	169	145	154	130	138	107	149	151	135	140	141	159	142	125	120	125	160	132	147	148	144	153	133	134	138	166	137	9502	11769	9273	10611	8247	8752	6779	13023	11769	11769	11769	8247	9490	11769	8247	8247	8966	13850	9672	8691	9179	9711	9246	7179	8615	17886	13962	18203	18102	9667	9586	9711	7320	10133	18203	18203	9746	9827	18173	9528	8247	8247	13850	8247	9468	8392	9750	8392	18203	9490	10171	8625	6776
p3.F12	157	147	161	122	149	155	130	152	156	132	152	149	121	133	129	113	151	155	138	122	181	136	148	141	128	125	147	143	116	129	141	131	142	127	133	147	119	162	163	137	144	144	134	149	127	136	141	142	110	116	137	136	154	144	132	134	178	109	152	146	156	137	134	133	155	156	132	127	137	117	136	125	171	149	148	163	168	110	149	149	186	160	152	146	124	123	153	149	145	137	144	144	121	146	146	159	150	131	148	169	145	154	130	138	107	149	151	135	140	141	159	142	125	120	125	160	132	147	148	144	153	133	134	138	166	137	9502	11769	9273	10611	8247	8752	6779	13023	11769	11769	11769	8247	9490	11769	8247	8247	8966	13850	9672	8691	9179	9711	9246	7179	8615	17886	13962	18203	18102	9667	9586	9711	7320	10133	18203	18203	9746	9827	18173	9528	8247	8247	13850	8247	9468	8392	9750	8392	18203	9490	10171	8625	6776
p3.F8	147	158	155	100	151	150	109	151	160	172	161	141	121	135	127	137	150	167	148	100	197	141	169	111	119	147	132	133	119	148	128	151	132	140	135	132	122	186	155	141	158	149	124	155	140	141	111	150	123	129	146	127	149	160	145	164	177	102	152	154	152	151	142	134	171	152	145	140	151	130	131	120	137	144	169	161	139	99	155	155	173	145	165	175	138	111	125	143	159	155	151	151	113	147	147	155	157	134	153	171	140	149	136	136	129	149	149	130	150	136	159	150	142	114	135	138	111	138	123	134	138	109	123	115	147	155	8885	8861	8127	9051	7762	7666	7311	9473	8861	8861	8861	7762	10088	8861	7762	7762	7896	9134	17688	9673	8682	12086	8690	6964	7194	9487	9149	9746	9685	7817	17605	12086	7837	8897	9746	9746	17905	9667	9746	8166	7762	7762	9134	7762	10066	7138	17781	7138	9746	10088	10971	7194	6503
p3.G9	155	163	158	122	154	160	130	159	161	151	159	154	112	144	137	131	156	153	156	122	163	147	150	135	120	136	141	143	127	154	130	144	142	143	144	141	132	171	162	142	161	149	121	164	143	147	135	153	129	133	153	141	159	159	148	147	197	100	155	165	169	149	153	144	174	169	148	143	149	133	146	114	146	154	150	171	150	110	164	164	182	150	167	166	138	125	146	144	160	157	123	123	113	154	154	157	155	142	164	177	141	159	143	143	132	154	159	145	153	146	164	155	152	123	146	159	132	150	142	131	158	127	139	132	163	157	10185	10769	8744	11354	8317	9489	7020	10032	10769	10769	10769	8317	8905	10769	8317	8317	10834	9612	9561	8226	7997	9038	10543	7463	8361	9580	9618	9827	9757	9114	9479	9038	7290	10079	9827	9827	9667	17350	9827	10575	8317	8317	9612	8317	8932	8435	9636	8435	9827	8905	9294	8361	7066
p4.A6	157	147	161	122	149	155	130	152	156	132	152	149	121	133	129	113	151	155	138	122	181	136	148	141	128	125	147	143	116	129	141	131	142	127	133	147	119	162	163	137	144	144	134	149	127	136	141	142	110	116	137	136	154	144	132	134	178	109	152	146	156	137	134	133	155	156	132	127	137	117	136	125	171	149	148	163	168	110	149	149	186	160	152	146	124	123	153	149	145	137	144	144	121	146	146	159	150	131	148	169	145	154	130	138	107	149	151	135	140	141	159	142	125	120	125	160	132	147	148	144	153	133	134	138	166	137	9502	11769	9273	10611	8247	8752	6779	13023	11769	11769	11769	8247	9490	11769	8247	8247	8966	13850	9672	8691	9179	9711	9246	7179	8615	17856	13962	18173	18072	9667	9586	9711	7320	10133	18173	18173	9746	9827	18173	9528	8247	8247	13850	8247	9468	8392	9750	8392	18173	9490	10171	8625	6776
p4.D2	134	145	134	128	151	148	136	158	154	129	171	133	122	129	123	103	115	132	152	134	199	132	146	142	121	111	124	136	120	120	137	150	138	143	123	124	111	151	145	121	156	145	140	137	139	132	142	152	119	128	141	162	147	148	145	141	184	109	134	144	151	145	132	143	147	151	145	139	145	129	150	131	158	154	146	156	160	134	137	137	163	168	145	146	103	130	127	148	123	120	127	127	130	135	135	150	149	128	150	187	120	147	139	149	104	165	147	149	142	143	152	166	128	137	124	170	140	157	154	150	155	127	136	132	146	120	11192	9795	9309	10209	8766	10397	6924	8610	9795	9795	9795	8766	8075	9795	8766	8766	12378	9014	8130	7114	7290	7942	12723	6709	9185	9311	9068	9528	9447	10159	8121	7942	6854	10443	9528	9528	8166	10575	9528	17146	8766	8766	9014	8766	8081	9733	8160	9733	9528	8075	8061	9190	6051
p4.E5	121	137	121	147	156	160	157	148	142	136	165	122	146	118	130	121	157	122	139	153	174	121	157	182	117	99	116	123	116	103	169	135	130	127	112	116	100	162	137	110	142	132	161	156	141	121	182	136	102	119	154	187	162	136	129	161	175	133	121	152	142	138	140	130	136	142	129	141	138	140	160	152	165	171	157	159	198	156	156	156	211	187	148	161	131	149	146	127	109	145	144	144	146	124	124	132	165	111	166	192	109	150	131	159	104	163	159	159	151	159	164	176	109	162	128	192	164	179	178	171	185	165	171	167	165	145	8837	9302	10523	8186	16872	8757	7322	8323	9302	9302	9302	16872	8148	9302	16872	16872	8742	8780	7700	7300	8197	7946	8745	7049	8649	8152	8842	8247	8242	12992	7724	7946	7611	8870	8247	8247	7762	8317	8247	8766	16872	16872	8780	16872	8100	8710	7755	8710	8247	8148	9196	8909	6194
p4.E6	121	137	121	147	156	160	157	148	142	136	165	122	146	118	130	121	157	122	139	153	174	121	157	182	117	99	116	123	116	103	169	135	130	127	112	116	100	162	137	110	142	132	161	156	141	121	182	136	102	119	154	187	162	136	129	161	175	133	121	152	142	138	140	130	136	142	129	141	138	140	160	152	165	171	157	159	198	156	156	156	211	187	148	161	131	149	146	127	109	145	144	144	146	124	124	132	165	111	166	192	109	150	131	159	104	163	159	159	151	159	164	176	109	162	128	192	164	179	178	171	185	165	171	167	165	145	8837	9302	10523	8186	16872	8757	7322	8323	9302	9302	9302	16872	8148	9302	16872	16872	8742	8780	7700	7300	8197	7946	8745	7049	8649	8152	8842	8247	8242	12992	7724	7946	7611	8870	8247	8247	7762	8317	8247	8766	16872	16872	8780	16872	8100	8710	7755	8710	8247	8148	9196	8909	6194
p5.C1	146	136	150	122	151	152	130	135	139	121	146	145	121	133	120	110	160	155	127	122	178	136	137	135	133	125	155	151	124	137	141	120	150	124	133	155	119	151	160	133	133	133	134	164	127	136	135	131	110	116	126	125	151	133	129	117	186	109	152	135	147	131	123	133	138	147	129	127	131	117	135	125	168	135	137	152	157	110	164	164	183	149	135	135	120	123	147	146	142	146	141	141	120	146	146	148	152	131	148	157	134	146	130	135	107	140	151	134	140	138	140	149	125	109	114	149	132	136	148	144	142	127	123	132	160	146	9007	15010	8018	10132	8780	8062	6699	11152	15010	15010	15010	8780	9027	15010	8780	8780	8526	17409	9060	8422	8987	9424	8806	7032	8092	13533	16293	13850	13749	8239	8990	9424	7785	9456	13850	13850	9134	9612	13850	9014	8780	8780	17409	8780	9011	7997	9138	7997	13850	9027	10734	8102	6698
p5.C3	121	137	121	147	156	160	157	148	142	136	165	122	146	118	130	121	157	122	139	153	174	121	157	182	117	99	116	123	116	103	169	135	130	127	112	116	100	162	137	110	142	132	161	156	141	121	182	136	102	119	154	187	162	136	129	161	175	133	121	152	142	138	140	130	136	142	129	141	138	140	160	152	165	171	157	159	198	156	156	156	211	187	148	161	131	149	146	127	109	145	144	144	146	124	124	132	165	111	166	192	109	150	131	159	104	163	159	159	151	159	164	176	109	162	128	192	164	179	178	171	185	165	171	167	165	145	8837	9302	10523	8186	16872	8757	7322	8323	9302	9302	9302	16872	8148	9302	16872	16872	8742	8780	7700	7300	8197	7946	8745	7049	8649	8152	8842	8247	8242	12992	7724	7946	7611	8870	8247	8247	7762	8317	8247	8766	16872	16872	8780	16872	8100	8710	7755	8710	8247	8148	9196	8909	6194
p5.D5	185	183	181	124	184	186	140	163	163	182	169	176	141	172	178	131	171	166	165	124	159	180	165	135	136	159	185	163	151	173	135	171	174	186	172	185	156	201	194	184	173	168	125	191	172	180	135	173	136	155	169	137	185	171	181	176	218	116	208	187	185	166	187	158	178	185	181	172	166	162	175	119	165	186	165	195	158	105	191	191	182	159	176	187	138	133	145	157	191	174	171	171	123	178	178	175	181	162	175	202	195	178	168	175	138	173	185	174	169	175	185	178	156	130	160	159	117	146	129	135	165	125	136	144	158	174	8506	8715	7747	8735	8100	8011	7487	9647	8715	8715	8715	8100	17620	8715	8100	8100	8064	9011	9973	10179	9151	11257	7983	7598	7068	9297	9230	9468	9463	8540	9920	11257	7803	8919	9468	9468	10066	8932	9468	8081	8100	8100	9011	8100	17713	7182	10066	7182	9468	17620	10369	7160	6515
p5.H11	138	147	134	123	164	173	140	152	148	134	180	137	123	131	134	115	119	128	152	129	182	134	145	141	125	117	137	149	135	135	140	150	151	166	125	137	113	163	156	125	156	145	128	152	159	134	141	154	132	124	153	155	172	150	168	145	181	104	144	164	166	137	164	147	141	166	168	159	137	149	173	123	147	179	145	169	162	129	152	152	147	154	127	158	117	123	124	151	148	106	121	121	121	136	136	154	174	132	174	202	136	155	141	172	114	178	172	172	162	166	172	189	130	130	134	159	135	150	145	138	156	134	141	136	143	106	9916	8322	9035	8078	8710	8384	7220	7768	8322	8322	8322	8710	7168	8322	8710	8710	9573	7997	7131	7916	8947	7347	9438	7589	10728	8197	8089	8392	8382	9277	7167	7347	6737	9103	8392	8392	7138	8435	8392	9733	8710	8710	7997	8710	7182	16567	7178	16567	8392	7168	7405	10809	7291
p6.B9	147	158	155	100	151	150	109	151	160	172	161	141	121	135	127	137	150	167	148	100	197	141	169	111	119	147	132	133	119	148	128	151	132	140	135	132	122	186	155	141	158	149	124	155	140	141	111	150	123	129	146	127	149	160	145	164	177	102	152	154	152	151	142	134	171	152	145	140	151	130	131	120	137	144	169	161	139	99	155	155	173	145	165	175	138	111	125	143	159	155	151	151	113	147	147	155	157	134	153	171	140	149	136	136	129	149	149	130	150	136	159	150	142	114	135	138	111	138	123	134	138	109	123	115	147	155	8896	8841	8083	9066	7755	7670	7291	9453	8841	8841	8841	7755	10088	8841	7755	7755	7900	9138	17812	9666	8694	12098	8701	6976	7185	9491	9153	9750	9689	7840	17729	12098	7778	8898	9750	9750	17781	9636	9750	8160	7755	7755	9138	7755	10066	7178	17905	7178	9750	10088	10939	7185	6525
p7.G11	138	147	134	123	164	173	140	152	148	134	180	137	123	131	134	115	119	128	152	129	182	134	145	141	125	117	137	149	135	135	140	150	151	166	125	137	113	163	156	125	156	145	128	152	159	134	141	154	132	124	153	155	172	150	168	145	181	104	144	164	166	137	164	147	141	166	168	159	137	149	173	123	147	179	145	169	162	129	152	152	147	154	127	158	117	123	124	151	148	106	121	121	121	136	136	154	174	132	174	202	136	155	141	172	114	178	172	172	162	166	172	189	130	130	134	159	135	150	145	138	156	134	141	136	143	106	9916	8322	9035	8078	8710	8384	7220	7768	8322	8322	8322	8710	7168	8322	8710	8710	9573	7997	7131	7916	8947	7347	9438	7589	10728	8197	8089	8392	8382	9277	7167	7347	6737	9103	8392	8392	7138	8435	8392	9733	8710	8710	7997	8710	7182	16567	7178	16567	8392	7168	7405	10809	7291
p8.B3	157	147	161	122	149	155	130	152	156	132	152	149	121	133	129	113	151	155	138	122	181	136	148	141	128	125	147	143	116	129	141	131	142	127	133	147	119	162	163	137	144	144	134	149	127	136	141	142	110	116	137	136	154	144	132	134	178	109	152	146	156	137	134	133	155	156	132	127	137	117	136	125	171	149	148	163	168	110	149	149	186	160	152	146	124	123	153	149	145	137	144	144	121	146	146	159	150	131	148	169	145	154	130	138	107	149	151	135	140	141	159	142	125	120	125	160	132	147	148	144	153	133	134	138	166	137	9502	11769	9273	10611	8247	8752	6779	13023	11769	11769	11769	8247	9490	11769	8247	8247	8966	13850	9672	8691	9179	9711	9246	7179	8615	17886	13962	18203	18102	9667	9586	9711	7320	10133	18203	18203	9746	9827	18173	9528	8247	8247	13850	8247	9468	8392	9750	8392	18203	9490	10171	8625	6776
p8.B9	185	183	181	124	184	186	140	163	163	182	169	176	141	172	178	131	171	166	165	124	164	180	165	135	136	159	185	163	151	173	135	171	174	186	172	185	156	201	194	184	173	168	125	191	172	180	135	173	136	155	169	137	185	171	181	176	218	116	208	187	185	166	187	158	178	185	181	172	166	162	175	119	165	186	165	195	158	105	191	191	182	159	176	187	138	133	145	157	191	174	171	171	123	178	178	175	181	162	175	202	195	178	168	175	138	173	185	174	169	175	185	178	156	130	160	159	117	146	129	135	165	125	136	144	158	174	8492	8688	7730	8708	8148	8022	7481	9620	8688	8688	8688	8148	17713	8688	8148	8148	8058	9027	9995	10201	9173	11251	7969	7619	7082	9319	9252	9490	9485	8526	9942	11251	7794	8905	9490	9490	10088	8905	9490	8075	8148	8148	9027	8148	17620	7168	10088	7168	9490	17713	10363	7174	6536
p8.C7	138	134	132	104	171	177	105	138	138	165	142	137	115	132	123	142	171	139	124	104	180	132	163	145	90	123	128	110	96	115	128	138	119	120	132	128	109	185	138	137	124	125	115	171	145	132	145	126	124	136	168	137	176	130	112	187	214	96	138	158	138	139	146	111	146	138	112	145	139	135	180	111	156	193	163	173	114	114	171	171	177	136	162	179	148	115	131	122	122	161	169	169	111	147	147	127	177	115	174	205	136	164	123	185	99	170	178	179	167	179	186	183	113	124	126	137	110	137	122	125	143	120	123	123	144	161	9178	10255	7965	8955	9196	7621	7252	9603	10255	10255	10255	9196	10363	10255	9196	9196	7775	10734	10846	10193	9190	11089	8727	7475	7464	9929	10695	10171	10105	8314	10815	11089	8497	9286	10171	10171	10971	9294	10171	8061	9196	9196	10734	9196	10369	7405	10939	7405	10171	10363	17386	7469	6684
p8.E4	115	123	115	95	146	153	105	141	135	116	167	116	97	110	115	129	125	107	133	101	187	113	140	121	102	95	121	128	112	113	113	133	135	132	104	121	94	145	134	104	135	126	106	132	144	113	121	135	119	100	126	127	152	129	134	135	191	102	123	141	140	130	129	124	129	140	134	144	130	134	153	102	130	161	140	152	137	101	132	132	160	136	122	133	138	103	141	132	114	110	134	134	119	120	120	131	160	110	154	182	103	135	122	155	94	153	152	152	147	164	157	172	108	123	136	139	112	126	126	116	132	107	116	106	141	110	9427	8307	8785	9049	8909	9412	6797	8163	8307	8307	8307	8909	7174	8307	8909	8909	9369	8102	7138	7448	8163	7154	9324	6568	15908	8493	8223	8625	8620	9181	7154	7154	6852	8850	8625	8625	7194	8361	8625	9190	8909	8909	8102	8909	7160	10809	7185	10809	8625	7174	7469	16199	6065
p8.H7	152	154	151	127	156	155	134	162	153	135	160	143	117	136	123	121	134	162	150	133	195	139	145	160	150	127	150	159	126	128	138	159	172	141	130	150	119	182	168	131	153	166	131	144	159	139	160	147	128	141	175	154	154	149	141	158	231	106	141	142	154	174	130	149	150	154	141	159	174	149	152	122	134	151	145	152	128	134	144	144	162	152	164	150	147	133	143	173	148	135	116	116	132	142	142	166	161	136	149	176	142	154	160	155	110	157	151	152	146	155	153	168	132	133	142	159	138	150	146	141	158	139	132	148	163	135	6586	6654	6463	6785	6194	5812	7574	7566	6654	6654	6654	6194	6536	6654	6194	6194	6392	6698	6492	7072	8038	6766	6273	9065	6033	6577	6698	6776	6770	6286	6474	6766	7969	7064	6776	6776	6503	7066	6776	6051	6194	6194	6698	6194	6515	7291	6525	7291	6776	6536	6684	6065	16553
