	Pseudomonas_syringae_1188_1_11471_NZ_RBPG01000002	Pseudomonas_syringae_1845_4123_NZ_LYUP01000021	Pseudomonas_syringae_2507_4122_NZ_LYUO01000008	Pseudomonas_syringae_260-02_11495_NZ_MLFM01000009	Pseudomonas_syringae_2675C_6916_NZ_MLEX01000022	Pseudomonas_syringae_2676C_6925_NZ_MLEY01000018	Pseudomonas_syringae_31R1_5320_NZ_LT629769	Pseudomonas_syringae_44527_20732_NZ_JARNJB010000018	Pseudomonas_syringae_5264_5873_NZ_NBAQ01000017	Pseudomonas_syringae_7928A_6990_NZ_NBAL01000010	Pseudomonas_syringae_BIM_B-268_17583_NZ_CP068034	Pseudomonas_syringae_BRIP34881_444_NZ_KB316543	Pseudomonas_syringae_BRIP39023_442_NZ_KB316296	Pseudomonas_syringae_BRIP65014-c_20724_NZ_JAJISW010000012	Pseudomonas_syringae_BS0292_5537_NZ_FOVV01000019	Pseudomonas_syringae_BS2732_5563_NZ_FOTU01000003	Pseudomonas_syringae_BS2900_5075_NZ_FNPP01000004	Pseudomonas_syringae_BS3827_5522_NZ_FOQB01000010	Pseudomonas_syringae_BS3829_5514_NZ_FOPR01000011	Pseudomonas_syringae_CAS02_17541_NZ_CP032459	Pseudomonas_syringae_CC1557_3076_NZ_CP007014	Pseudomonas_syringae_CC457_20754_NZ_CP127246	Pseudomonas_syringae_CFBP_2116_6934_NZ_LT985192	Pseudomonas_syringae_CFBP_8692_12247_NZ_WJSF01000010	Pseudomonas_syringae_Dortyol_2015_6_17564_NZ_JAEIKC010000017	Pseudomonas_syringae_Dr_447_1_17557_NZ_JAEIKL010000026	Pseudomonas_syringae_Erdemli_3_17569_NZ_JAEIJX010000050	Pseudomonas_syringae_Erdemli_6_17567_NZ_JAEIJZ010000010	Pseudomonas_syringae_Erzin_1_17571_NZ_JAEIJV010000042	Pseudomonas_syringae_Erzin_2_17572_NZ_JAEIJW010000011	Pseudomonas_syringae_ICMP_11293_3802_NZ_LKEP01000002	Pseudomonas_syringae_ICMP_4122_6689_NZ_LKBX01000039	Pseudomonas_syringae_KCTC_12500_26106_NZ_AYTM02000002	Pseudomonas_syringae_KF529_17593_NZ_CP074409	Pseudomonas_syringae_Karpuz_1_hishtil_a_17552_NZ_JAEILI010000040	Pseudomonas_syringae_Kozan_2015_1_17562_NZ_JAEIKF010000024	Pseudomonas_syringae_LMG5095_7342_NZ_CP028490	Pseudomonas_syringae_M11_20731_NZ_JAROCH010000010	Pseudomonas_syringae_MB03_4121_NZ_LAGV01000047	Pseudomonas_syringae_MUP17_20728_NZ_CP110807	Pseudomonas_syringae_MUP20_20716_NZ_CP110808	Pseudomonas_syringae_MUP32_20727_NZ_CP110809	Pseudomonas_syringae_NCPPB_3871_5835_NZ_LKEN01000002	Pseudomonas_syringae_NZ45_6142_NZ_MTZF01000001	Pseudomonas_syringae_P108_12228_NZ_VLIA01000012	Pseudomonas_syringae_P121_12232_NZ_VLIE01000021	Pseudomonas_syringae_P78_12243_NZ_WJPU01000012	Pseudomonas_syringae_PA-1-11B_17691_NZ_WJYR01000030	Pseudomonas_syringae_PA-2-9E_17695_NZ_CP066265	Pseudomonas_syringae_PA-5-3F_17693_NZ_WKCY01000048	Pseudomonas_syringae_PA-5-3G_17692_NZ_WKCZ01000015	Pseudomonas_syringae_PsA1M246_17694_NZ_JAKMVN010000019	Pseudomonas_syringae_Pss9654_5872_NZ_MLES01000028	Pseudomonas_syringae_Pss9656_6144_NZ_MLEM01000010	Pseudomonas_syringae_Psy33_20718_NZ_CP036493	Pseudomonas_syringae_R1079_7297_NZ_NQWX01000016	Pseudomonas_syringae_RAYR-BL_17598_NZ_JAHZNS010000008	Pseudomonas_syringae_RMP66_6987_NZ_NHST01000045	Pseudomonas_syringae_SHV1866_17586_NZ_JAHARV010000001	Pseudomonas_syringae_SHV323_17590_NZ_JAHARZ010000001	Pseudomonas_syringae_SV1599_17591_NZ_JAHARU010000001	Pseudomonas_syringae_SV921_17588_NZ_JAHARY010000002	Pseudomonas_syringae_Sevgi_fide_PST_17555_NZ_JAEIKN010000010	Pseudomonas_syringae_StP26_17597_NZ_CP075880	Pseudomonas_syringae_Susan2139_17596_NZ_CP074578	Pseudomonas_syringae_Susan762_17594_NZ_CP074411	Pseudomonas_syringae_Tule1434_17592_NZ_JAHARX010000001	Pseudomonas_syringae_Tule230_17587_NZ_JAHARW010000001	Pseudomonas_syringae_U643_17595_NZ_CP074410	Pseudomonas_syringae_U888_17589_NZ_JAHASA010000001	Pseudomonas_syringae_UB303_12214_NZ_CP047267	Pseudomonas_syringae_UMAF0158_3878_NZ_CP005970	Pseudomonas_syringae_USA011_12213_NZ_CP045799	Pseudomonas_syringae_isolate_CFBP2118_5951_NZ_LT962481	Pseudomonas_syringae_isolate_CFBP3840_6707_NZ_LT963409	Pseudomonas_syringae_isolate_CFBP4215_6752_NZ_LT962480	Pseudomonas_syringae_isolate_CFBP6109_6963_NZ_LT963391	Pseudomonas_syringae_psy100_6403_NZ_MLEV01000005	Pseudomonas_syringae_pv_actinidiae_PSAAH01_20743_NZ_CP116478	Pseudomonas_syringae_pv_actinidiae_str_Shaanxi_M228_11439_NZ_CP032631	Pseudomonas_syringae_pv_actinidifoliorum_ICMP_18803_20753_NZ_CP081457	Pseudomonas_syringae_pv_aptata_G733_11468_NZ_RBOI01000041	Pseudomonas_syringae_pv_avellanae_ISPaVe037_292_NZ_JH951894	Pseudomonas_syringae_pv_avellanae_str_ISPaVe013_26105_NZ_JH951849	Pseudomonas_syringae_pv_cilantro_0788_9_3786_NZ_LGLN01000010	Pseudomonas_syringae_pv_dysoxyli_CFBP_2356_12226_NZ_VLHW01000015	Pseudomonas_syringae_pv_helianthi_LMG_5067_14836_NZ_CP092918	Pseudomonas_syringae_pv_lapsa_ATCC_10859_3811_NZ_CP013183	Pseudomonas_syringae_pv_lapsa_PslA1M171_17765_NZ_JAKMVE010000009	Pseudomonas_syringae_pv_maculicola_M4a_3822_NZ_LGLE01000004	Pseudomonas_syringae_pv_maculicola_YM7930_3817_NZ_LGLD01000029	Pseudomonas_syringae_pv_maculicola_str_ES4326_12204_NZ_CP047260	Pseudomonas_syringae_pv_papulans_PSP1_20741_NZ_JAFFRZ010000001	Pseudomonas_syringae_pv_syringae_2339_3881_NZ_LIHU01000021	Pseudomonas_syringae_pv_syringae_2340_3879_NZ_LIHT01000078	Pseudomonas_syringae_pv_syringae_41a_3079_NZ_JYHJ01000011	Pseudomonas_syringae_pv_syringae_529_11454_NZ_QPBJ01000022	Pseudomonas_syringae_pv_syringae_Alf3_2478_NZ_KL995102	Pseudomonas_syringae_pv_syringae_B301D_3084_NZ_CP005969	Pseudomonas_syringae_pv_syringae_B48_20739_NZ_CP125300	Pseudomonas_syringae_pv_syringae_B64_281_NZ_CM001763	Pseudomonas_syringae_pv_syringae_B728a_112_NC_007005	Pseudomonas_syringae_pv_syringae_EC33_20735_NZ_JAGSOX010000017	Pseudomonas_syringae_pv_syringae_HO7_20736_NZ_JARNIY010000011	Pseudomonas_syringae_pv_syringae_HS191_3083_NZ_CP006256	Pseudomonas_syringae_pv_syringae_Pss9644_17750_NZ_CP066263	Pseudomonas_syringae_pv_syringae_PssA1M140_20740_NZ_JAKMAG010000016	Pseudomonas_syringae_pv_syringae_PssA1M197_17707_NZ_JAKMVF010000007	Pseudomonas_syringae_pv_syringae_PssA1M201_17710_NZ_JAKMVI010000020	Pseudomonas_syringae_pv_syringae_PssA1M250_17721_NZ_JAKMVP010000021	Pseudomonas_syringae_pv_syringae_PssA1M262_17714_NZ_JAKMVV010000011	Pseudomonas_syringae_pv_syringae_S2_2_20738_NZ_JARNIX010000035	Pseudomonas_syringae_pv_syringae_SM_282_NZ_CM001986	Pseudomonas_syringae_pv_syringae_UMAF0176_17744_NZ_JAJPOK010000010	Pseudomonas_syringae_pv_syringae_UMAF0271_17740_NZ_JAJPOF010000013	Pseudomonas_syringae_pv_syringae_UMAF0297_17737_NZ_JAJPOD010000011	Pseudomonas_syringae_pv_syringae_UMAF1003_17741_NZ_JAJPOJ010000013	Pseudomonas_syringae_pv_syringae_UMAF1013_17734_NZ_JAJPOC010000013	Pseudomonas_syringae_pv_syringae_UMAF2016_17739_NZ_JAJPOG010000015	Pseudomonas_syringae_pv_syringae_UMAF2600_17732_NZ_JAJPOA010000013	Pseudomonas_syringae_pv_syringae_UMAF2801_17738_NZ_JAJPOH010000009	Pseudomonas_syringae_pv_syringae_UMAF2815_17736_NZ_JAJPNZ010000006	Pseudomonas_syringae_pv_syringae_UMAF3028_17702_NZ_JACTWB010000009	Pseudomonas_syringae_pv_syringae_UMAF7000_17735_NZ_JAJPNY010000012	Pseudomonas_syringae_pv_tagetis_ICMP_4091_14835_NZ_CP092923	Pseudomonas_syringae_pv_tomato_BRIP38746_11422_NZ_SNVG01000020	p1.G2	p12.A11	p12.E2	p12.G7	p13.C1	p13.D10	p13.F3	p20.D4	p20.F10	p20.G9	p21.A8	p21.E3	p21.F1	p21.F9	p22.A8	p22.B5	p22.C1	p22.D1	p22.D4	p23.A3	p23.B2	p23.B8	p24.B5	p24.H2	p25.A12	p25.B2	p25.C11	p25.C2	p25.D2	p26.B7	p26.D6	p26.E7	p27.D6	p27.F2	p3.A3	p3.F12	p3.F8	p3.G9	p4.A6	p4.D2	p4.E5	p4.E6	p5.C1	p5.C3	p5.D5	p5.H11	p6.B9	p7.G11	p8.B3	p8.B9	p8.C7	p8.E4	p8.H7
Pseudomonas_syringae_1188_1_11471_NZ_RBPG01000002	0.0	0.5335913946477091	0.5539251921939681	0.7767870868562644	0.8054191563627758	0.8006986949994226	0.8023252451051277	0.5176643578531904	0.5228095861909532	0.6702112967822125	0.6934356351236146	0.5746585998271392	0.7830368954872851	0.6635557629491367	0.4205773930331773	0.9762475204163125	0.9762524737006562	0.48729184925503943	0.5081034751441483	0.7795720260081199	0.9697971489778107	0.6449147957803625	0.8693692408638347	0.7886021048800461	0.5760603882099209	0.5985719143148589	0.5992141453831041	0.5780124819971195	0.5467200340039671	0.5679969274815824	0.7968636981743483	0.5624718932693749	0.5926293118183994	0.5176268271711092	0.6640010662401705	0.5992141453831041	0.5583228480497373	0.6886480771772169	0.5778971878918144	0.5699768414503474	0.5458885352675598	0.530024698981167	0.8064181896675781	0.9767570142667302	0.48436049562093875	0.6451307697506251	0.786909643128322	0.5409703006825308	0.9619174573303013	0.7082330610446395	0.6940645422084484	0.7789935707220574	0.7805830054831016	0.5428981559866024	0.48850053256538717	0.7137348929138451	0.9764958397371349	0.7847005779647169	0.495904776484997	0.38719925449000336	0.4890767589776004	0.508955223880597	0.48508771929824557	0.4582888578701043	0.7011156489690209	0.49411067193675884	0.46907010243277847	0.49036860879904876	0.5107685065317171	0.48044039361187285	0.9077166155617744	0.7992153647968147	0.8217718227046585	0.7949941864023009	0.8695924586335545	0.8012091898428053	0.8735066170504463	0.7926524443411033	0.9767517680694187	0.9767570142667302	0.9750857555515436	0.7806117734035671	0.741297351560424	0.6786582235153175	0.9769076820444399	0.8011486842876399	0.9511098021366033	0.7095649340068437	0.5515605875152999	0.9780461846892557	0.974545739348371	0.9746239133829577	0.8135850570102561	0.7913090450753256	0.8005110530068933	0.4635745797066889	0.8124117647058824	0.45504903368757954	0.7869896404631322	0.7817726527962408	0.5682058384051897	0.7935625761583499	0.5926606753812635	0.8017507418397626	0.5907355647965096	0.8067047504509922	0.7997698155495654	0.7967938251447232	0.7851692307692307	0.7984755916721039	0.7947078347187966	0.8067795633892056	0.5265595205666032	0.7897180560222379	0.7777743497979206	0.7817592592592593	0.8049662836801436	0.7838663867621635	0.7941501103752759	0.7975715626466447	0.7706653382732962	0.7907327976801788	0.767539888219315	0.7917153199439514	0.9501340482573727	0.9778127970383711	0.9965232259903106	0.9961979360224121	0.995938025880578	0.9968810804624013	0.9968220032935602	0.9971025302656492	0.9954476025038186	0.9961830965705266	0.9961979360224121	0.9961979360224121	0.9961979360224121	0.9968220032935602	0.9950045934772623	0.9961979360224121	0.9968220032935602	0.9968220032935602	0.9962927563935471	0.995842114256422	0.9961211568079402	0.9950193038814064	0.9943891940032655	0.9957190559091298	0.9963104907905274	0.9946018092837016	0.9968998718216234	0.9958614433924826	0.9958451906659078	0.9958698727015559	0.9958648426657604	0.9960414920974313	0.9965676039014902	0.9957190559091298	0.994804445085871	0.9955858062311329	0.9958698727015559	0.9958698727015559	0.9961211568079402	0.9958761705661674	0.9958663646659117	0.9964590050667895	0.9968220032935602	0.9968220032935602	0.995842114256422	0.9968220032935602	0.9950045934772623	0.9962321248442414	0.9961211568079402	0.9962321248442414	0.9958698727015559	0.9950045934772623	0.9963827969239533	0.9969238050165641	0.9954851932159088
Pseudomonas_syringae_1845_4123_NZ_LYUP01000021	0.5335913946477091	0.0	0.4776496306347052	0.8036312767755661	0.8087406687069187	0.8116324264297612	0.8187982618803797	0.5641304742208193	0.600530035335689	0.6973804846103471	0.71029651352232	0.5253843217545199	0.8014553014553014	0.7082448469706433	0.556532571261083	0.9770998079177788	0.9772939190040574	0.5850492228913491	0.5736948370349004	0.8027633450407825	0.9703540615959653	0.6993015793116466	0.8875530410183876	0.8065627896200185	0.6519817977972697	0.4910311512094626	0.6115454782382069	0.6363520326759844	0.6344117267209093	0.6332632940035559	0.8077682869146657	0.6216911892587569	0.5962817162327566	0.6006141102542131	0.7094942435493432	0.6115454782382069	0.48146330413772276	0.6625522466039707	0.48623480285281406	0.5329617396091384	0.5519814352017136	0.5720920107394238	0.8153291753291754	0.9791590848436325	0.5614067595612215	0.6994717645579173	0.8060095039406583	0.5239955155328921	0.9606654662575131	0.7231841763942931	0.7184198732313208	0.7957700714834288	0.7959340919867236	0.5167731629392971	0.5692752575456352	0.6745615738044393	0.9804998977714169	0.8080331453561975	0.5426097578501115	0.5748596268791886	0.5756822032370859	0.5818812811799581	0.5767111368909512	0.5489851605427429	0.7033953838312744	0.5785729760959053	0.5655234984576302	0.561359897642113	0.5823425246648115	0.5557739375509901	0.9134324051363439	0.8097517031698666	0.826969299683164	0.8082910668738457	0.8877362589615468	0.8183078255847531	0.8808580591263104	0.8113736706189432	0.9791545331003688	0.9791590848436325	0.9765636699445914	0.7989592214741422	0.7582529489971995	0.7125742702144149	0.9739368998628258	0.8134916169686058	0.95102845433559	0.6737098344693282	0.5995562553678786	0.9742328922313014	0.9767048609358437	0.9767740312028184	0.8212825894829872	0.809514257056885	0.8166211914506594	0.5644012944983818	0.8212182971014492	0.5248275339246455	0.803222329050491	0.7950465130058659	0.4654709198925342	0.8089289779194173	0.6290862290862291	0.807530422333572	0.648085281893461	0.8217779056386652	0.8131185604411552	0.8137594369075325	0.798135913166588	0.8150826739272242	0.8104542807221898	0.8210784990474087	0.5477657363420427	0.7990306946688207	0.792152923449641	0.8012182920369607	0.8184897279289284	0.8007963427223124	0.8138135640215161	0.8084914437145838	0.7918112010436124	0.8075990299110751	0.7904753421810516	0.8100259435936061	0.9498649210307565	0.9739661974575032	0.9962577733751582	0.9962476547842402	0.9960257486705849	0.9968793151063242	0.9966265194602432	0.9968986237642954	0.9954399838379174	0.9962335216572504	0.9962476547842402	0.9962476547842402	0.9962476547842402	0.9966265194602432	0.995291119605562	0.9962476547842402	0.9966265194602432	0.9966265194602432	0.9961714732841493	0.9962627095355867	0.9960905236495787	0.9951984544137285	0.9950524780507336	0.9955916792946687	0.9960514689639938	0.9953715608125482	0.9967820715414452	0.9962794769382284	0.9962653778558875	0.9962867908043467	0.996282426263565	0.9959572866423174	0.9965213550150466	0.9955916792946687	0.9955470206785227	0.9953528020678656	0.9962867908043467	0.9962867908043467	0.9960905236495787	0.9959372063456967	0.99628374685758	0.9963326202317118	0.9966265194602432	0.9966265194602432	0.9962627095355867	0.9966265194602432	0.995291119605562	0.9961101736121042	0.9960905236495787	0.9961101736121042	0.9962867908043467	0.995291119605562	0.9966190214403519	0.9968060229281925	0.9957350583924891
Pseudomonas_syringae_2507_4122_NZ_LYUO01000008	0.5539251921939681	0.4776496306347052	0.0	0.7970736599899702	0.8080258116555757	0.8045085307923658	0.8126505012040096	0.5741909737338557	0.5963384604403841	0.6992065321173411	0.6969435788636213	0.4709184412574243	0.8037140518725482	0.7000854187098611	0.5664822481955081	0.9762227919368622	0.9767471378163634	0.5713500036664956	0.5761452594955059	0.7973171304449924	0.9725294511034518	0.7036078406615953	0.881008125602534	0.8003634019107907	0.633497105936196	0.43606654562970104	0.6281706566458258	0.6431150736586457	0.6343635240973644	0.6343628088426527	0.8166481378543635	0.6209700028034764	0.5871313672922251	0.596986410006849	0.7004965368923748	0.6281706566458258	0.4619826756496631	0.6623816412414518	0.42575827917053544	0.48007031894665086	0.537447812670176	0.5968622100954979	0.816235504014273	0.9781715961867514	0.5573561884801077	0.7037761443578662	0.7993429736309506	0.5384670848655274	0.959620741649416	0.7058512046597829	0.7131113053047222	0.8048226196800661	0.7946657905740397	0.5069536423841059	0.6087633609400439	0.6789494188689047	0.9789175257731959	0.8024500960251412	0.5116725768321513	0.5861831867694423	0.5787090698348305	0.5769343172353327	0.5996551847993965	0.5556263349196238	0.6863971133409125	0.5815160201748975	0.5984718651813767	0.5672019357677078	0.5774020377606544	0.5620049827092553	0.9097055328139443	0.8207568356633541	0.8275729435683279	0.7981484788950408	0.8808043573943662	0.811154656059897	0.8818874163211101	0.8086661811663212	0.9781667929879465	0.9781715961867514	0.9757851592949283	0.7993964139889934	0.7605057536581901	0.7196947650919908	0.9732683466070396	0.8187455954897815	0.9542306690965894	0.6782806903288832	0.5891813396260664	0.9747338813316845	0.973621836531845	0.9737009274552153	0.827235266462015	0.805977490379886	0.8126704366047592	0.5801403709804483	0.8199606377820245	0.525	0.7946354720548269	0.7879451561609313	0.41461014680993424	0.8024190064794816	0.6210546887723527	0.802385156453527	0.627350538192193	0.8138321135959413	0.8129803337132171	0.8032682940888262	0.7958169701297155	0.8129951096748362	0.8029619140336903	0.8171857138874175	0.5373235460191982	0.8063131906889255	0.7985147489570698	0.7968243584787844	0.8142176107683678	0.8036967919665867	0.8101995689534526	0.8125388835473106	0.7879386752904539	0.7994674313805817	0.7937459011506588	0.8064543380924221	0.9532586027111575	0.9744707957663661	0.9965632881572019	0.9962191765588947	0.9960517781099297	0.9967997773758175	0.9970514728595097	0.9971827843016932	0.9954914337240758	0.996400870487138	0.9962191765588947	0.9962191765588947	0.9962191765588947	0.9970514728595097	0.9953113225977506	0.9962191765588947	0.9970514728595097	0.9970514728595097	0.9964529024266652	0.9958452206187851	0.9961444580051038	0.9955635697521323	0.9950714779801706	0.9956140350877193	0.99635655680712	0.9951326286685291	0.9969889982628836	0.9958640086028621	0.9958482105787595	0.9958722034178156	0.9958673132025567	0.9959544879898862	0.9965786765319462	0.9956140350877193	0.9956255958723571	0.9956515718044592	0.9958722034178156	0.9958722034178156	0.9961444580051038	0.9960461101520298	0.995868792861274	0.9966135848422938	0.9970514728595097	0.9970514728595097	0.9958452206187851	0.9970514728595097	0.9953113225977506	0.9964556378411088	0.9961444580051038	0.9964556378411088	0.9958722034178156	0.9953113225977506	0.9966490348666538	0.9970115801270079	0.9957883805457797
Pseudomonas_syringae_260-02_11495_NZ_MLFM01000009	0.7767870868562644	0.8036312767755661	0.7970736599899702	0.0	0.8098244620611552	0.8120031905822813	0.3481012658227848	0.7946490513679003	0.7904669731429954	0.7704998316549845	0.7702532229777546	0.7911651114932484	0.3517249301221427	0.6209618814824602	0.7777641239900464	0.9808189495974196	0.9792455650787323	0.7756457792609072	0.764016089108911	0.07948150198357784	0.9721040907249898	0.6625965452039868	0.8012137402363599	0.2954675846242111	0.7754236030742752	0.7921843743836813	0.8054274762513194	0.7930416771629301	0.782149684709105	0.779582963874031	0.3829986162534126	0.7885430543781035	0.79145381163388	0.7846286117849357	0.6209618814824602	0.8054274762513194	0.7942399049881235	0.7735093444081875	0.802912312190603	0.795222894265233	0.7980743828338275	0.7920427950518221	0.35297712256044	0.9795491685090839	0.7824601720443465	0.6627910701130649	0.293299413237044	0.7990789051797009	0.9649987490617964	0.7712749521043198	0.7710246275463667	0.3319823288615086	0.814571833184012	0.7869580563562563	0.7850933187427807	0.7651994744386048	0.982467663702506	0.2766650181338609	0.7892978566149298	0.7835139935084818	0.775428150512553	0.7900122174709835	0.7979929662866845	0.7860416150606886	0.8532063167316668	0.7792654465053434	0.7869928582282328	0.7813247470101196	0.7904186131721169	0.7801761568043667	0.9128907117386591	0.44796478847622856	0.8356396270521536	0.8217136622063975	0.8015594654917534	0.8135393629548784	0.7901223877150445	0.3744307703887697	0.9795447443693964	0.9795491685090839	0.9768384624891855	0.3731902639157363	0.7805925762749202	0.774700188713703	0.9784004526556619	0.4383828007484316	0.9469448814835831	0.8590789655649288	0.7773859242072699	0.9803879668542393	0.9787170338581301	0.9787795109087742	0.455086813029129	0.807954739296071	0.8108268719225763	0.7789725570969892	0.819188088214637	0.7862833498023716	0.8260143265664374	0.8194652098907418	0.7932203389830509	0.8201418756632967	0.8029012139436462	0.8120619489034592	0.7410552204719798	0.820585969817134	0.8242046198980318	0.815017697623462	0.8212116001834021	0.8181843661537599	0.8164858504104242	0.8209731268129823	0.788707353707507	0.37523127189702	0.3861645549820115	0.3764705882352941	0.36742064246341	0.36808206106870234	0.3778746430181873	0.4348256880733945	0.3438141632110794	0.29987765089722673	0.3805867296711951	0.3157647611221974	0.948443780274142	0.9801880456682337	0.99643382152774	0.9966707599945422	0.9964017825015915	0.9971863304832409	0.9959424770211709	0.9977827050997783	0.9968646676547714	0.9965484180249281	0.9966707599945422	0.9966707599945422	0.9966707599945422	0.9959424770211709	0.9966059942520871	0.9966707599945422	0.9959424770211709	0.9959424770211709	0.9970719849732059	0.9966839716234949	0.9972789856058338	0.996153414195867	0.9958167274371802	0.9966229097445395	0.9962303321678322	0.9967546211372936	0.9973018262376097	0.9966986875930185	0.9966863133878371	0.9967051070840197	0.9967012762275579	0.9964156717858226	0.9977080491132333	0.9966229097445395	0.997223520356269	0.9958661952678814	0.9967051070840197	0.9967051070840197	0.9972789856058338	0.9966661201289829	0.9967024353325945	0.9964819700967458	0.9959424770211709	0.9959424770211709	0.9966839716234949	0.9959424770211709	0.9966059942520871	0.9965217883098153	0.9972789856058338	0.9965217883098153	0.9967051070840197	0.9966059942520871	0.9971728374925243	0.9973216802932056	0.9964068467958693
Pseudomonas_syringae_2675C_6916_NZ_MLEX01000022	0.8054191563627758	0.8087406687069187	0.8080258116555757	0.8098244620611552	0.0	0.39781208839455584	0.8122194717227497	0.797153024911032	0.7883283582089552	0.7916654316962566	0.7556134969325153	0.798164630438388	0.8105463959667529	0.7972051806407634	0.7904998652250741	0.9785199961078136	0.9753500295799645	0.7812386377408799	0.7932019763081135	0.8110695081782607	0.9697462182772847	0.8073704674161102	0.8851446671457851	0.8103253820560536	0.766651936956842	0.7934939491506606	0.7729408785209781	0.7710125372463035	0.7631526305261052	0.7604996275711912	0.8308217533939669	0.8032004243656617	0.7800910316925151	0.7987682740889115	0.7975808512450666	0.7729408785209781	0.7936475409836066	0.7929089443996777	0.8074933196884416	0.79906400550585	0.8022199798183653	0.7945377397956135	0.8166982408660352	0.9780235428137459	0.796341094647717	0.8074681084734308	0.8100234086358125	0.788820955637333	0.9675006765566955	0.7785444091390528	0.7861391412422691	0.8192076015949775	0.4439708356702188	0.7945489642455847	0.7969097541445476	0.7942283924003334	0.9775126319475712	0.818617347222996	0.8134726862560324	0.7952379529770263	0.786031175059952	0.7948694896460787	0.8054376539728711	0.7930929929353264	0.8585155037133386	0.7897846559894428	0.7972270878484695	0.785415349411375	0.7953027171145262	0.792713529856387	0.7743873910755015	0.832510321379422	0.48329075467789817	0.39906175497962004	0.8849425776265419	0.42729012646827036	0.8941604890102745	0.8233650384222688	0.9780188477698388	0.9780235428137459	0.9748791562911967	0.8221565315315316	0.8184331069341336	0.7900909171676489	0.975684481836308	0.8253415337723834	0.9429460845602307	0.8602592733809031	0.7958822293586242	0.9788940481215703	0.9758834118314305	0.9759533820166704	0.8318619582664526	0.4247138570952328	0.4424060809823125	0.78590930674264	0.359375	0.7889162038301618	0.47801859825596116	0.5139656833018229	0.8063505747126437	0.47770474329365786	0.7714809074256728	0.3857251041272245	0.7913224286110341	0.46240422333834363	0.4518132416546523	0.4740878125334379	0.48355801024672074	0.44992569502337887	0.4834148994018488	0.45572170961925973	0.7856450929345523	0.8185819484806591	0.8291291459253873	0.8212176861138579	0.8153871266118939	0.8245505094696435	0.8159560653608917	0.8228730063687333	0.8074461397794159	0.8130245614035088	0.8253378378378379	0.8058063809992886	0.9450247108574922	0.9786815737735983	0.9958185911868768	0.9959424963052532	0.9952293978137011	0.996449417650698	0.9957630571172492	0.9960880591377542	0.9950303234501348	0.995981769639438	0.9959424963052532	0.9959424963052532	0.9959424963052532	0.9957630571172492	0.9950369531207854	0.9959424963052532	0.9957630571172492	0.9957630571172492	0.9956732339174921	0.9959583522924975	0.9959516340920668	0.9945790463546853	0.9942650334075723	0.995034356882113	0.9952108052842575	0.9946323284013795	0.9959168834074447	0.9960295254083726	0.9959611629710862	0.9960371286470385	0.9960325913302801	0.9950564971751412	0.9962088621208862	0.995034356882113	0.9948491338411907	0.9946141479099678	0.9960371286470385	0.9960371286470385	0.9959516340920668	0.9958558704017653	0.996033964172589	0.9959145021645022	0.9957630571172492	0.9957630571172492	0.9959583522924975	0.9957630571172492	0.9950369531207854	0.9954344255449459	0.9959516340920668	0.9954344255449459	0.9960371286470385	0.9950369531207854	0.99541776086607	0.9959464712088401	0.9956564109703466
Pseudomonas_syringae_2676C_6925_NZ_MLEY01000018	0.8006986949994226	0.8116324264297612	0.8045085307923658	0.8120031905822813	0.39781208839455584	0.0	0.8068947158259018	0.8029785646646963	0.8017795637198623	0.7865640105357607	0.7569419616255512	0.7846153846153846	0.8060441317556764	0.785002094679514	0.7918036124603706	0.9768798463399019	0.9763268240086258	0.7858630908717468	0.7982074411366322	0.8111522126318673	0.9685902118334551	0.7917477076965824	0.8862983568378833	0.8148836700658884	0.7682595126979128	0.7781215772179628	0.757536223838339	0.7489545581265682	0.7494793718691957	0.7388280052240077	0.8264646043090407	0.8007235973123529	0.768197645498259	0.7994481556781876	0.7853752512843422	0.757536223838339	0.7906711198652622	0.7936574579449716	0.803270496127044	0.7876269121429538	0.8105186918491281	0.795022939775829	0.8099809079338142	0.9762687534728653	0.8053781316533963	0.7918518107087313	0.8140406555224207	0.8029762568275555	0.9655776242563807	0.786094380445588	0.7895356179323805	0.8173474450140565	0.38739961542811896	0.8030345211581291	0.795554272517321	0.7864583333333334	0.9773982434372187	0.8129308230934801	0.809588850174216	0.7982501883075497	0.7866880279638799	0.7988095238095239	0.8076092278448201	0.7962854120136358	0.8587771365195425	0.7904767455414384	0.7947123311446009	0.7967232129911556	0.7998897624089815	0.801143824224563	0.7463562872484806	0.821036148415521	0.39863616991049866	0.4298190892077355	0.8861004858885557	0.4529745653111079	0.8972474747474748	0.8184279705573081	0.9762638075168469	0.9762687534728653	0.9735452252938098	0.8199709054977631	0.8175677411069732	0.7913921574268534	0.9757430897387354	0.8180654452356189	0.9417992047713718	0.8670337487156519	0.7942920573715421	0.9787977792501542	0.9734006734006734	0.9734759460885414	0.8261484469121576	0.440839490309455	0.45310954063604236	0.7881014116969173	0.4529908490266049	0.7935887641769994	0.49801904497115457	0.48925509015843893	0.8058290445289774	0.4851093131347909	0.7602438010804821	0.3411751335379021	0.7780690257754478	0.4651328442196737	0.4507523939808481	0.3997304778554779	0.46825000000000006	0.43723313407344155	0.4190784393042327	0.3438111771876039	0.7892034619334019	0.8175547555579983	0.8247329745677057	0.8201205250268292	0.8075496865412832	0.8223640766013647	0.8105803855115441	0.8127640233142612	0.8086217432364868	0.8086279241971314	0.8249753370601776	0.8000428575255136	0.941461716360381	0.9782834460317094	0.9955263089447811	0.9960384685553442	0.995082877309858	0.9967396124051228	0.9957861469581248	0.9958121760979951	0.9954596122998287	0.9961294034573842	0.9960384685553442	0.9960384685553442	0.9960384685553442	0.9957861469581248	0.9951343291390902	0.9960384685553442	0.9957861469581248	0.9957861469581248	0.9959905038248483	0.9960534856549397	0.9960993368872708	0.9946929695247796	0.9941181231956399	0.9953667551668489	0.9951191501579099	0.9949347990085139	0.995854220295353	0.9959923466749405	0.9960561479982356	0.9959997935377309	0.9959953494380571	0.9949157007376186	0.9965062314230588	0.9953667551668489	0.9955072121068811	0.9943576276034218	0.9959997935377309	0.9959997935377309	0.9960993368872708	0.9958235447663796	0.9959966940441138	0.996117319901359	0.9957861469581248	0.9957861469581248	0.9960534856549397	0.9957861469581248	0.9951343291390902	0.9953327757843904	0.9960993368872708	0.9953327757843904	0.9959997935377309	0.9951343291390902	0.9953986533912185	0.9958833342302104	0.9958188341291037
Pseudomonas_syringae_31R1_5320_NZ_LT629769	0.8023252451051277	0.8187982618803797	0.8126505012040096	0.3481012658227848	0.8122194717227497	0.8068947158259018	0.0	0.807102085305338	0.8036391859261814	0.7833731152122023	0.7786651789646768	0.8075872046294807	0.31491400120700064	0.6678950924390394	0.7973863801364891	0.9816059845651247	0.9770167391147722	0.7922473357536011	0.7808211143695014	0.3622941510505394	0.9718076688983567	0.7046099608616414	0.8099173553719008	0.35204178899607275	0.8023788251060978	0.809853692459946	0.8145649633485605	0.8121051234404035	0.7998970775439451	0.7954421842706407	0.3373234999814698	0.80557069504604	0.8068239778797884	0.8014310229487217	0.6687536445385631	0.8145649633485605	0.803891028545537	0.7894529269254607	0.826250819313961	0.8098195484713596	0.8119715362076183	0.8045425648731434	0.22943620178041546	0.9778128115364106	0.7989234344206841	0.7047687300307564	0.35009161704076963	0.807744773252415	0.9667155319506862	0.7907975460122699	0.7847047602531865	0.4137777612991732	0.8239057889075816	0.8066698215627871	0.7992898793372207	0.7817336583706559	0.9824684942816211	0.38463540698322984	0.810376620473849	0.8039045553145336	0.7921465968586388	0.8057220629542756	0.8106846473029046	0.8021649212355892	0.8609176272370502	0.7957918631045923	0.80167887843997	0.7956914119359534	0.8061023622047244	0.7970571822961027	0.9124778919847231	0.3422904191616767	0.8227639296187683	0.8290929051735968	0.8102331247577386	0.8186545604622368	0.8021458046767538	0.3304775385532295	0.9778081810592709	0.9778128115364106	0.975396560758348	0.4066832695238449	0.7988959815822521	0.7928579663361771	0.9802689099458872	0.35301132975551586	0.9482224699616004	0.868979161171195	0.7856215322866249	0.9793675147129542	0.9774878669934169	0.9775515093435554	0.42680136576437044	0.8053757542512342	0.8085489682279725	0.7948504267364005	0.8191923836312985	0.8016511988757795	0.8361647535449022	0.8249187909486319	0.803188348750246	0.8262032800920351	0.8181481089098421	0.8143330436671736	0.7484223811527135	0.825470150885633	0.8301115140278649	0.8155938251912731	0.8273781775303699	0.8183535252691508	0.8206306405458947	0.8162298120201218	0.7960730379820916	0.43020234915291444	0.4329655877840286	0.3573733958349343	0.1430654501520643	0.422089927525514	0.2603207891568604	0.3606205338961087	0.4105184909868054	0.36149044826933985	0.4101744077944294	0.2663484301626111	0.9496869354319796	0.9785978713558537	0.9960092855838703	0.9966025507003973	0.996530260892597	0.996965019230266	0.9958516091528827	0.9977459177522082	0.9965115962172622	0.9964851537089497	0.9966025507003973	0.9966025507003973	0.9966025507003973	0.9958516091528827	0.996329890421014	0.9966025507003973	0.9958516091528827	0.9958516091528827	0.9968531838375291	0.9966154647227284	0.9971591649508718	0.9961327747341283	0.9955120579647453	0.9964259626421789	0.9961281883584042	0.9965451159275553	0.9971487535980014	0.9966298543060093	0.9966177541887814	0.9966361331056254	0.9966323860839831	0.9963047035844376	0.9975697710881154	0.9964259626421789	0.9968672668878008	0.9957798212936672	0.9966361331056254	0.9966361331056254	0.9971591649508718	0.9965980163818596	0.9966335197845453	0.9964213351577507	0.9958516091528827	0.9958516091528827	0.9966154647227284	0.9958516091528827	0.996329890421014	0.9962134530603414	0.9971591649508718	0.9962134530603414	0.9966361331056254	0.996329890421014	0.9972664792252421	0.9971688192628144	0.9963749492763425
Pseudomonas_syringae_44527_20732_NZ_JARNJB010000018	0.5176643578531904	0.5641304742208193	0.5741909737338557	0.7946490513679003	0.797153024911032	0.8029785646646963	0.807102085305338	0.0	0.3755799240826655	0.6718841176672502	0.6823114580123926	0.593852946170827	0.7944144771184967	0.6878665450280204	0.5319230474438568	0.974882502504045	0.9758829936206628	0.47511692049406407	0.35871837535731044	0.7949825951266355	0.968470724698811	0.6650084568699632	0.8813892713631383	0.7907824933687002	0.5961755574372001	0.6036029957492747	0.5964378654229612	0.6112648814486277	0.5725420910413636	0.5868185405015953	0.8009303126884314	0.4804211522536378	0.6020018259899232	0.5034954049171314	0.6891905087393809	0.5964378654229612	0.5641373743303735	0.6890701039063527	0.5838187242506038	0.5914499779638607	0.4994487320837927	0.49748704256321663	0.8077693805107065	0.9767058647292337	0.45087251077807433	0.665208312618077	0.788811062133929	0.35875717886212455	0.9589770354906054	0.7096154494287351	0.6794615306364653	0.7861229234864013	0.7949897906317618	0.37631686402613307	0.5491519035054655	0.7108725873718923	0.9771175493633512	0.7974959010284692	0.5159774436090225	0.5125602737595272	0.5141730151978035	0.40386707960157364	0.5066510172143974	0.5166502850402988	0.684612677826371	0.5206014223871367	0.5381836160340763	0.43334425155584666	0.40593521421107626	0.44544371894378054	0.9094195648403837	0.8065020862308763	0.8144172213567483	0.790127232689014	0.8811808946511759	0.795852353456876	0.8762852220307897	0.7979483633010604	0.9767006293077615	0.9767058647292337	0.9733268172231082	0.7867756995087419	0.7348681877290459	0.6577016268605054	0.9760961268055733	0.804086503478185	0.9494914439787501	0.6653803563638805	0.5515876037462879	0.9770826652194292	0.9743156471781007	0.9747130606005648	0.820504821327283	0.7980746375089137	0.8051159638110394	0.5063271664294781	0.8161835537262457	0.45599999999999996	0.8028561164002156	0.7952885317750182	0.5841854124062713	0.7935310132575757	0.596890841500507	0.7993427869386305	0.6060697619767013	0.8038227263180004	0.7962257303574669	0.8017426628594978	0.7985700869459844	0.8061089756755964	0.7937196601941747	0.8102427725829974	0.5042859389745202	0.7949432248296745	0.7897442136318015	0.7859570689285604	0.8072597578163201	0.7921550671550671	0.8006041426927503	0.7993468054705042	0.7776681973680155	0.7913310087772033	0.7848846118483558	0.7953689213470121	0.9487412475279278	0.9768398484244116	0.9960281434407626	0.996159863461812	0.9953206239168111	0.9963252051048314	0.9960589149070824	0.9967734566843698	0.9952319933247906	0.9959729243423872	0.996159863461812	0.996159863461812	0.996159863461812	0.9960589149070824	0.9956608621181844	0.996159863461812	0.9960589149070824	0.9960589149070824	0.9960222523275589	0.9961757457295828	0.996026565249475	0.9949860724233983	0.9948339483394834	0.9953981194784536	0.9955858062311329	0.9951635259075762	0.996142089800279	0.9960235765250007	0.9961785603079797	0.9960316343474712	0.9960268259693418	0.9951371104652835	0.9964705547490963	0.9953981194784536	0.9954077093079992	0.9946962391513983	0.9960316343474712	0.9960316343474712	0.996026565249475	0.9957823943461286	0.9960282808934959	0.9957865168539326	0.9960589149070824	0.9960589149070824	0.9961757457295828	0.9960589149070824	0.9956608621181844	0.9958367780796031	0.996026565249475	0.9958367780796031	0.9960316343474712	0.9956608621181844	0.9964008388596044	0.9961717415631074	0.9952117754854728
Pseudomonas_syringae_5264_5873_NZ_NBAQ01000017	0.5228095861909532	0.600530035335689	0.5963384604403841	0.7904669731429954	0.7883283582089552	0.8017795637198623	0.8036391859261814	0.3755799240826655	0.0	0.6692669851197636	0.6602907421576129	0.6004526109572383	0.7905692191406477	0.6807528641571194	0.5223541200955831	0.9753232095218551	0.9758492912855329	0.45579194305128623	0.42402783462955385	0.7909320657079246	0.969880310403788	0.6635371396344093	0.8703283615947371	0.7882409754919715	0.567486869558961	0.6160964853668315	0.6113004544239509	0.6254947229551451	0.5750717025467362	0.5942913654344564	0.8014511873350924	0.4857075545782943	0.5856493351109289	0.4826721839812199	0.681184554973822	0.6113004544239509	0.5733644178930497	0.6926504800288344	0.6076413119330077	0.6044037189943947	0.41791164336924735	0.5199227053140096	0.8019087590191738	0.976340812099129	0.4534097890640999	0.6637379397234839	0.786262772839954	0.4466846403313406	0.9579777099156944	0.7031948016786247	0.6702490617536676	0.7827912822241977	0.7907282339638786	0.40794527124339897	0.5195803389569963	0.7055598806280006	0.9790187726770784	0.794955223880597	0.46959014488262185	0.4940796978875732	0.47584129374925677	0.4248514361175305	0.5116106911867842	0.4854805069789828	0.666471427116227	0.4816679218359824	0.5193795465917401	0.4368749744887547	0.4255661428041084	0.4468495060058213	0.9082923964117898	0.8023069994479473	0.8112832737385777	0.7837107130787428	0.8701328122787642	0.7910411548842993	0.8633261242030166	0.7974362667434827	0.9763354967548677	0.976340812099129	0.9728464901002829	0.7860890787065283	0.7283521833348177	0.6452333577687017	0.97475315905254	0.7997256115359916	0.946103618068936	0.6577642893272635	0.5658593544012958	0.9777301505185623	0.9752147621395759	0.9756084943483097	0.818050151932525	0.7864444377829072	0.7906235097758703	0.4546105212930932	0.8089508437270726	0.4879987219936899	0.7930753687004253	0.7897406128746448	0.5910096325365679	0.785750424094521	0.6147100990231054	0.7913403412644054	0.626243925017357	0.7955197294931015	0.7941942123743795	0.7988146488175975	0.7881221374045801	0.8030218407360592	0.7870381660773076	0.8081293831401174	0.5555471239945364	0.7968825519574674	0.7907139169779236	0.784263259490762	0.8039944665398582	0.7923515598792352	0.7968740988522983	0.7967937861356071	0.777692236627352	0.797555728201757	0.7859809080895851	0.7967719541825755	0.9446410380140475	0.9774945230033858	0.9962023522743375	0.9959064161241721	0.9953248102507865	0.996385576457865	0.9962355240093106	0.9969480019395875	0.9949670925280681	0.9959191826950516	0.9959064161241721	0.9959064161241721	0.9959064161241721	0.9962355240093106	0.9956646986680358	0.9959064161241721	0.9962355240093106	0.9962355240093106	0.9961414420640405	0.9960654438405797	0.9957737690038575	0.9951672426922852	0.9947793770646531	0.9954021683601068	0.9957611447753976	0.9952271522008131	0.9963241833165353	0.9959138815307446	0.9960683373875657	0.9959221553518196	0.995917218076869	0.9951125549837564	0.9962167543734889	0.9954021683601068	0.995613406347659	0.9948717948717949	0.9959221553518196	0.9959221553518196	0.9957737690038575	0.9957289293849658	0.9959187120018014	0.9959052773243994	0.9962355240093106	0.9962355240093106	0.9960654438405797	0.9962355240093106	0.9956646986680358	0.9959590596702357	0.9957737690038575	0.9959590596702357	0.9959221553518196	0.9956646986680358	0.9964039980745817	0.9963524047654067	0.9954831281551678
Pseudomonas_syringae_7928A_6990_NZ_NBAL01000010	0.6702112967822125	0.6973804846103471	0.6992065321173411	0.7704998316549845	0.7916654316962566	0.7865640105357607	0.7833731152122023	0.6718841176672502	0.6692669851197636	0.0	0.6404229904440697	0.7029891219649036	0.7693961708394699	0.7297602610769424	0.6793306816623235	0.9774974515800204	0.9769095969487682	0.660754189944134	0.6472912950722205	0.766004280036686	0.967912053313743	0.73844043276276	0.8611435239206534	0.7761017360689572	0.6782327087670599	0.7038075652769988	0.7213406041296488	0.7122461538461539	0.7052773088226099	0.7160225792444637	0.7810276220627959	0.6400238696995226	0.7139496734655979	0.6917087829531485	0.7300392156862745	0.7213406041296488	0.6829701047839041	0.49592794145243013	0.6893597541037211	0.7070043971016288	0.6907873028443212	0.6542376438490328	0.78048425162437	0.9763685609919738	0.6662565040078752	0.7385871428126266	0.7743161094224924	0.6721093412257657	0.9632617182450425	0.5202767634057275	0.5476667408561466	0.759223542586947	0.7767964302200339	0.6783931228302198	0.6557246074753369	0.543849451427741	0.9787952564203252	0.7717427524158613	0.6966103921697431	0.6691466537476642	0.6796322247667225	0.6743414229412985	0.6884696876495113	0.6758926390003839	0.7763001607005613	0.6824500136948781	0.6652505785238145	0.6588579795021963	0.6757606105604863	0.6614502743001829	0.9030889477769748	0.7775579506865495	0.8057858278446514	0.7699208116802772	0.8610242710168817	0.7753104545176485	0.8605629064812739	0.7780821917808219	0.9763632748421733	0.9763685609919738	0.9749897813202534	0.759689681923972	0.6241803934111627	0.5339375023502426	0.9781196060513758	0.7801736870089206	0.9454026818799819	0.8046818942836642	0.6625174825174824	0.9791289010827495	0.9758043691576719	0.9758778704561837	0.8034753234856292	0.784127268921384	0.789065517753677	0.6428670745272524	0.7988566713814238	0.6549260909540986	0.7892342912223628	0.7802335918580056	0.6965764226573794	0.7779003877124963	0.7139863157245885	0.7830980029254605	0.7123460980652327	0.7773302822273074	0.7693537969427613	0.7874818480870106	0.7880832953336373	0.791638351307431	0.7728138049619258	0.7914739884393064	0.6652125357716201	0.7672942409022279	0.7598437403112792	0.7626129342730292	0.7812966049653478	0.7624988333385185	0.7850432059386417	0.775390625	0.7551440971680144	0.7662016545071584	0.7634648796227352	0.7802207428170989	0.9479341261606407	0.9789093249498725	0.9958248702324531	0.9964378604545968	0.9959539728543143	0.9971704252850796	0.9965701546288621	0.9970487244246431	0.9949934826401232	0.9965380249716231	0.9964378604545968	0.9964378604545968	0.9964378604545968	0.9965701546288621	0.9952017262428665	0.9964378604545968	0.9965701546288621	0.9965701546288621	0.9965634754718061	0.9965937561579822	0.9955964545813809	0.9945476280724261	0.9946294937637564	0.9953684091615126	0.9955264871598856	0.9951341052323025	0.9969053934571176	0.996609409588926	0.9965962474331205	0.9966162364719371	0.9966121626161945	0.9958266636176538	0.9960083795719624	0.9953684091615126	0.9955782506989217	0.9948973838520523	0.9966162364719371	0.9966162364719371	0.9955964545813809	0.9961769370185772	0.9966133952811441	0.9966976969282888	0.9965701546288621	0.9965701546288621	0.9965937561579822	0.9965701546288621	0.9952017262428665	0.9963923270956767	0.9955964545813809	0.9963923270956767	0.9966162364719371	0.9952017262428665	0.9956579355457186	0.9969290164078266	0.9961846623426173
Pseudomonas_syringae_BIM_B-268_17583_NZ_CP068034	0.6934356351236146	0.71029651352232	0.6969435788636213	0.7702532229777546	0.7556134969325153	0.7569419616255512	0.7786651789646768	0.6823114580123926	0.6602907421576129	0.6404229904440697	0.0	0.7074815069134492	0.767072917593334	0.7374145821578584	0.6682770845643182	0.9747027249146056	0.9745047641301243	0.6814003317666575	0.6399080947331213	0.7697043957727063	0.9635044229037555	0.7456069292123629	0.8688599107929202	0.7662505380972879	0.6612056785305793	0.7012893308655144	0.7280828000122486	0.7241622250811738	0.7176950122903638	0.7070989204117499	0.7817704535511156	0.6779405207011285	0.6993583291394061	0.6736157031984129	0.7386402780822348	0.7280828000122486	0.6800215837043033	0.667368491411002	0.7061705164806644	0.709472049689441	0.6895933609958507	0.6641186736474695	0.7740530358772111	0.9734298307122108	0.6687832927646664	0.7457495173444604	0.7639321031391516	0.6732785680892273	0.9619907383318591	0.6663648394511388	0.6491294998959561	0.7642461231861494	0.7551701344077559	0.6624852866991761	0.6613116350232979	0.6615317492280843	0.9776606954689147	0.7715799409310964	0.6897421431653006	0.6602465331278891	0.6628740431454418	0.6783660176009978	0.6727968016686946	0.6822642036526172	0.7870550611790879	0.6669684518420502	0.6593199651264168	0.6617127670734693	0.6797840307340879	0.6647152177746429	0.8938617022715896	0.7804683105887925	0.7746882866007141	0.7552304546169577	0.8685375404347087	0.7561973150171715	0.8683231204006827	0.7778851786760399	0.9734238408937204	0.9734298307122108	0.9712680701935218	0.7589177043348001	0.7041375344290082	0.6652672149764273	0.9746851643288625	0.7780619071689809	0.938422117329737	0.7899251688264282	0.6734878856545232	0.9755452906158141	0.9745068995088485	0.9745848338039845	0.7950173812282735	0.7566379840196681	0.7640425467068971	0.6670899107755662	0.7777309025161971	0.6729683280137491	0.7639004790604235	0.7415683906036428	0.6990771259063941	0.7411706594220795	0.7199839709010203	0.7574207382447542	0.7211923384861736	0.7597362199825806	0.7585830552870373	0.7618830398686252	0.7641377161551643	0.7671988125170398	0.7572736648020251	0.7578652020774879	0.6794168691426588	0.7703049213753901	0.7628535903015232	0.7605413684243428	0.7784224787935909	0.7672948138919171	0.7705507724967566	0.7721824686940966	0.7521077136026173	0.7722998962085598	0.7665246197393387	0.7744598060313062	0.9393988408141258	0.9752858355384693	0.9952309308201096	0.9957036362601719	0.9946828492992342	0.9958969683154776	0.9955686003683242	0.9964303052802924	0.9947537856206033	0.995830358417821	0.9957036362601719	0.9957036362601719	0.9957036362601719	0.9955686003683242	0.9954897091147841	0.9957036362601719	0.9955686003683242	0.9955686003683242	0.9957915369537645	0.9958636711335241	0.9957423859669041	0.9949871013133208	0.9947460078514714	0.9952563556313023	0.9948139283068331	0.9951052662617208	0.9953678959558169	0.9960243613601759	0.9958667157376214	0.9960324160054027	0.9960276095224679	0.9943279972359783	0.9961570212644824	0.9952563556313023	0.9953509728519773	0.9942980340983234	0.9960324160054027	0.9960324160054027	0.9957423859669041	0.995783235511995	0.99602906387293	0.9954131070466143	0.9955686003683242	0.9955686003683242	0.9958636711335241	0.9955686003683242	0.9954897091147841	0.995006943008243	0.9957423859669041	0.995006943008243	0.9960324160054027	0.9954897091147841	0.9962877950636175	0.9954035180765491	0.9952721470362271
Pseudomonas_syringae_BRIP34881_444_NZ_KB316543	0.5746585998271392	0.5253843217545199	0.4709184412574243	0.7911651114932484	0.798164630438388	0.7846153846153846	0.8075872046294807	0.593852946170827	0.6004526109572383	0.7029891219649036	0.7074815069134492	0.0	0.7991957032198861	0.6340290955091714	0.5974485456710326	0.9752147180554559	0.9766431811601197	0.5646581853767649	0.5715271786022433	0.7920358945597308	0.9709258216881623	0.6390745177152943	0.8836285729215656	0.7974460713088186	0.6317913890312661	0.2484683189058856	0.55625568403274	0.5716208852847848	0.5582892243350976	0.5630517640160276	0.814539665693818	0.6233977551969183	0.48756235905145906	0.600484426704875	0.6344609547897566	0.55625568403274	0.41888182877768165	0.6912983636641689	0.5235302235716257	0.09019068888507131	0.5531283066525583	0.6063682198084797	0.8087512028226238	0.9777653605271123	0.589751595892312	0.639279188456934	0.7956288128952818	0.5340002750275028	0.9633396290377259	0.7341954905695153	0.7187366101487421	0.7986688851913477	0.8138670838338409	0.5068737538041768	0.6089687604971448	0.7012837243179266	0.978978023591601	0.7980550152820227	0.5568150871459695	0.5867916108879965	0.5918937329700272	0.6013762092928192	0.6065518176885513	0.599614152340924	0.6909426899476415	0.5960398064208302	0.6009133964817321	0.5904096929869597	0.6022332675154899	0.5842997014096243	0.9051258178808803	0.8093181450089079	0.8008944352203953	0.8088387874709067	0.8838107163353681	0.8171757414785303	0.8785370648181677	0.8078309874202078	0.9777607004797169	0.9777653605271123	0.9754843338914135	0.7968032024356553	0.7599457627118644	0.7121193402927914	0.9730168973016897	0.8100478598274883	0.952261742471186	0.6676341166557438	0.5867172675521821	0.9754633797290123	0.9734738372093024	0.9735494468331803	0.8239133306909764	0.8013486623922176	0.8094116358058507	0.5768431098537783	0.8191226402281678	0.5654133220673145	0.8093625995504621	0.8078983535747343	0.3402647243107769	0.8105039614473577	0.5789843949859299	0.7998067632850241	0.5557505443437003	0.821544648267504	0.8146051828422396	0.7973867019517036	0.8104045596781404	0.8056909678479487	0.8131865076054614	0.789105841401066	0.5742481203007519	0.8053193869560353	0.7977256094128244	0.796011879507849	0.807927811795037	0.8004573558058778	0.8027749449841661	0.8056879739978331	0.7936710295200862	0.7992427406108188	0.804538305998652	0.7986876215165263	0.9518281490301136	0.9751008323036393	0.9964371790841454	0.9960588544403574	0.9962728289228475	0.9966074058489375	0.9967636681964082	0.9970217700701071	0.9953658001535592	0.9962299965727242	0.9960588544403574	0.9960588544403574	0.9960588544403574	0.9967636681964082	0.995359384063703	0.9960588544403574	0.9967636681964082	0.9967636681964082	0.9963310557520006	0.9962052812017482	0.9963043535239693	0.9950557912084943	0.9947521548794084	0.9954871041376958	0.996241391999159	0.995110422948415	0.9968332832846496	0.9961168590862891	0.9962078614954102	0.9961241318315428	0.9961197916666666	0.9958605317624583	0.9967150215494587	0.9954871041376958	0.9955766276421042	0.9955754529270081	0.9961241318315428	0.9961241318315428	0.9963043535239693	0.9959479015918958	0.9961211048343009	0.9964835281053355	0.9967636681964082	0.9967636681964082	0.9962052812017482	0.9967636681964082	0.995359384063703	0.9962763644270494	0.9963043535239693	0.9962763644270494	0.9961241318315428	0.995359384063703	0.9964132369881663	0.9968556868697821	0.9961111715435658
Pseudomonas_syringae_BRIP39023_442_NZ_KB316296	0.7830368954872851	0.8014553014553014	0.8037140518725482	0.3517249301221427	0.8105463959667529	0.8060441317556764	0.31491400120700064	0.7944144771184967	0.7905692191406477	0.7693961708394699	0.767072917593334	0.7991957032198861	0.0	0.6366380530138667	0.7842521072571882	0.9804395760722668	0.978259304585703	0.791400433788616	0.7672935453251069	0.3462215083371577	0.9723716559966895	0.6806392694063927	0.8076773404491884	0.3280832785108936	0.7950483363309353	0.7980922528170347	0.8053391169304094	0.8083490955590484	0.7795993717796821	0.7855007268837261	0.3109746911720398	0.7897063099738296	0.7990268955264225	0.7877512581300214	0.6375377073906485	0.8053391169304094	0.7966710368808072	0.7812455667470564	0.8112617598229109	0.8027734563596374	0.7986336560991446	0.7918017939053963	0.31294312867702523	0.9775906465307259	0.7893815808987098	0.6808141657539248	0.32607516466485853	0.7998317914213625	0.9672233569626336	0.7827238224131337	0.7767818165943948	0.41722491579999255	0.8209929470336053	0.7914316335740073	0.7882373513639543	0.7744686920553416	0.9828318884922659	0.31050850095319615	0.79536963659006	0.7851412113909543	0.7799365116689201	0.7938500248690716	0.803520677454904	0.7880155595807228	0.8509019282604189	0.7827545615067687	0.7899169459420079	0.7885685826448703	0.7948020815061685	0.7867599122859006	0.9119148390406566	0.372288802293949	0.8212337389844734	0.8244293747932517	0.807997557997558	0.8173000082669679	0.7961221441610886	0.35585321100917433	0.9775859668662119	0.9775906465307259	0.975557461406518	0.40595238095238095	0.788756927949327	0.7845903733379783	0.9784014209591474	0.39176496286588025	0.9475485454951269	0.8646959101504557	0.7840059127864005	0.9790086394573413	0.9779945226541105	0.9780567267152166	0.4282296650717703	0.8072160429565504	0.8096303369253853	0.7814017034388535	0.8201946472019465	0.7868769828327453	0.8324930883070418	0.8251280356847844	0.8010031559963932	0.8229736983360172	0.803834808259587	0.813796102519501	0.752991166275299	0.8267365948264088	0.8303836819284993	0.8157973013168924	0.8285831734721841	0.8190034262281813	0.8236553825879251	0.8155195717276654	0.7945598968256294	0.46315940366972475	0.4235082172138681	0.42000961289606975	0.3252518418282965	0.43066848165998306	0.27650975713021053	0.32756470810504434	0.4117996730569178	0.3887090171560418	0.40099528548978525	0.29571390404946374	0.9494316634060573	0.9782346948226359	0.9962694354586247	0.9967059684714125	0.9965021066857461	0.997436031604835	0.9961416490486258	0.9979551174496645	0.9964278897281379	0.9969573770491803	0.9967059684714125	0.9967059684714125	0.9967059684714125	0.9961416490486258	0.9963019303399077	0.9967059684714125	0.9961416490486258	0.9961416490486258	0.9971436128008463	0.9968491224415394	0.9968440271257173	0.9964276121407467	0.9956186612576065	0.9964767596628129	0.9962315502983357	0.9964622323044101	0.9973653475296738	0.9968625213918996	0.9968512542937441	0.9968683679279465	0.9968648788703199	0.9963295484552416	0.9972541122937315	0.9964767596628129	0.9969715324046032	0.9958826288632928	0.9968683679279465	0.9968683679279465	0.9968440271257173	0.99706913696551	0.9968659345213428	0.9967894736842106	0.9961416490486258	0.9961416490486258	0.9968491224415394	0.9961416490486258	0.9963019303399077	0.9966732480458713	0.9968440271257173	0.9966732480458713	0.9968683679279465	0.9963019303399077	0.997004038035691	0.9973838934138842	0.9968348437711348
Pseudomonas_syringae_BRIP65014-c_20724_NZ_JAJISW010000012	0.6635557629491367	0.7082448469706433	0.7000854187098611	0.6209618814824602	0.7972051806407634	0.785002094679514	0.6678950924390394	0.6878665450280204	0.6807528641571194	0.7297602610769424	0.7374145821578584	0.6340290955091714	0.6366380530138667	0.0	0.6647574011788604	0.9780429828215748	0.9793042059194422	0.6575231948366277	0.6587819829424306	0.6201723797618264	0.970978044916128	0.24693520140105074	0.8475646921926082	0.6504895014813861	0.6904154461557844	0.6439294014195088	0.6397663756829743	0.6301214319507964	0.6029440436732306	0.607413647851727	0.6561333127603766	0.6890666146493709	0.631847739888977	0.6788978672671877	0.002943829827643518	0.6397663756829743	0.681923597242801	0.74575454654944	0.7121483771251932	0.6464267866066966	0.703873582356822	0.6750686381528894	0.6538461538461539	0.9792138987661981	0.669013135735938	0.24618463847885919	0.6498372909752876	0.6792134652709281	0.9635965784762284	0.7382721491089982	0.7299825392866051	0.6360765739096113	0.7973460598300547	0.691522861821388	0.6606258105277159	0.7289645493928855	0.9814298978644382	0.6339138048448293	0.6940435498164325	0.6719185352262174	0.6569357693977755	0.6701528827898611	0.6880520077486292	0.6635213744588744	0.7924856652015796	0.6624265491452992	0.6610857770528908	0.6655560738322117	0.6705514118273841	0.6637791559929891	0.9071583684362	0.6649478131212724	0.7988826815642458	0.8005221932114883	0.8477220547149457	0.799607752653438	0.851649397623127	0.6568694041370793	0.979209433331742	0.9792138987661981	0.9772660388463802	0.6400562974600681	0.7666629791470767	0.732637695648099	0.977015991002005	0.6657953696788648	0.9534723988806919	0.802518223989397	0.6831526051309178	0.9810120618168111	0.9770066474848695	0.9770737498145126	0.68070805073147	0.791381727660305	0.7958243258618728	0.6720496894409937	0.8003739800543971	0.6667564111193377	0.8073145663221607	0.7971039776692254	0.6878200846136717	0.801987444754103	0.6320245127459961	0.7979732031338708	0.46834771537699815	0.7983440556212676	0.8009686346863468	0.8015680523436178	0.7985621938139549	0.8074957888826502	0.7957391304347826	0.7931418082709903	0.6537655489453759	0.6649223064081161	0.6460877210120153	0.6511605195481625	0.6654737296763644	0.6540939859411612	0.6627606569477764	0.6523839397741531	0.6414172867022846	0.6501462411210748	0.6548936860899205	0.6586950468706494	0.952655036291863	0.9806987481555524	0.9964366699060576	0.9962642122360584	0.9961845680876177	0.9969111550654347	0.9967732232218546	0.9970664131468152	0.9956436875901672	0.9965230618786332	0.9962642122360584	0.9962642122360584	0.9962642122360584	0.9967732232218546	0.9953258329257025	0.9962642122360584	0.9967732232218546	0.9967732232218546	0.9963272577771687	0.99641422447494	0.9963540119372349	0.9950958537672759	0.9947547053378587	0.9957291525881876	0.9962348989652744	0.9950961161239702	0.9969018448105901	0.9964300093947122	0.9964167362664008	0.9964368955447799	0.9964327861817401	0.995842223316374	0.9967773384607052	0.9957291525881876	0.9956867134394365	0.995548721269019	0.9964368955447799	0.9964368955447799	0.9963540119372349	0.9960957622753029	0.9964340295466123	0.9964844388728402	0.9967732232218546	0.9967732232218546	0.99641422447494	0.9967732232218546	0.9953258329257025	0.996327034150171	0.9963540119372349	0.996327034150171	0.9964368955447799	0.9953258329257025	0.9964390730799321	0.9969244533914892	0.9961848121861587
Pseudomonas_syringae_BS0292_5537_NZ_FOVV01000019	0.4205773930331773	0.556532571261083	0.5664822481955081	0.7777641239900464	0.7904998652250741	0.7918036124603706	0.7973863801364891	0.5319230474438568	0.5223541200955831	0.6793306816623235	0.6682770845643182	0.5974485456710326	0.7842521072571882	0.6647574011788604	0.0	0.9759837142783518	0.9754254293383369	0.5206482780115318	0.4989220336325506	0.7801678108314264	0.9679684188215345	0.6570835008711968	0.8723289230331484	0.7858033135734914	0.606514703813142	0.6006179336570129	0.6131661021496362	0.6181478889666434	0.5760741306309434	0.5959398856595118	0.7915843310473091	0.5725290264959809	0.5737597006651884	0.5335601608413238	0.6661343978709249	0.6131661021496362	0.5597619135642722	0.694041391109795	0.5880135159167704	0.604983646356678	0.5606432470053848	0.5443497535063248	0.79381653190623	0.9773211377020423	0.4746334132174337	0.657290201593999	0.7845470314354401	0.5437640387377103	0.9584054550222921	0.6985725993716705	0.6970053439989246	0.7695614253675555	0.774089068825911	0.5700559869965686	0.5146346191122311	0.7019161598325813	0.9783097473879117	0.7861331076588285	0.5237594380376395	0.4692236561733607	0.49104395170835635	0.5046677433332021	0.464454593218284	0.4919685165850133	0.7144335995267672	0.49577542640555905	0.5018012373717597	0.4767846430713857	0.506491462742938	0.46808424134005533	0.9078043620881254	0.7980893212987926	0.8102021009362869	0.7778295006672253	0.8725465132793637	0.7909756097560976	0.8723076492171526	0.7850603960106461	0.9773160216563064	0.9773211377020423	0.9742656548448712	0.7736988847583643	0.7336323669201521	0.6966811843748946	0.9765663098996432	0.790659178244162	0.9516711712917124	0.7106154347118203	0.5203766654944711	0.9770080769040186	0.97489365033797	0.9749707298035645	0.8033691631992603	0.7880720970120061	0.7969364644176898	0.5049887849021579	0.8059498462266383	0.4845850438702407	0.7859909126947824	0.7775778632584688	0.5744920174165458	0.7888471177944862	0.5966734555329261	0.7919645795315164	0.5918874736053402	0.7965371903332423	0.7914239531550216	0.7971152133911082	0.7833348741179008	0.7985468564650059	0.7883991429445975	0.7983003161527975	0.4897088153171121	0.7801791816754411	0.7725864419382823	0.7719041692594897	0.7969933574175504	0.7818356113550622	0.7875646155194066	0.7880454061724016	0.7614491844416562	0.7779236240422479	0.7686932651215024	0.7835478751542938	0.9501059009624923	0.976763402358715	0.9967233666695159	0.9965708407155512	0.9964330249688252	0.9973687973687974	0.9967060591175706	0.9975339087546239	0.9959588097946477	0.9966150315547906	0.9965708407155512	0.9965708407155512	0.9965708407155512	0.9967060591175706	0.9952642002238742	0.9965708407155512	0.9967060591175706	0.9967060591175706	0.9967867068087077	0.9965850882185544	0.9968364351469206	0.9952265896635041	0.9951945894636924	0.996148798995835	0.99662616154396	0.995614684879552	0.9968998718216234	0.9966577918767349	0.9965876130353182	0.9966645938153654	0.9966605348804302	0.9961865141272318	0.997284628136969	0.996148798995835	0.9959057751636249	0.995728807767875	0.9966645938153654	0.9966645938153654	0.9968364351469206	0.9965371186537691	0.9966617630417562	0.9968344412788858	0.9967060591175706	0.9967060591175706	0.9965850882185544	0.9967060591175706	0.9952642002238742	0.9963512310886977	0.9968364351469206	0.9963512310886977	0.9966645938153654	0.9952642002238742	0.9968113879003558	0.9969238050165641	0.9964986202189846
Pseudomonas_syringae_BS2732_5563_NZ_FOTU01000003	0.9762475204163125	0.9770998079177788	0.9762227919368622	0.9808189495974196	0.9785199961078136	0.9768798463399019	0.9816059845651247	0.974882502504045	0.9753232095218551	0.9774974515800204	0.9747027249146056	0.9752147180554559	0.9804395760722668	0.9780429828215748	0.9759837142783518	0.0	0.9439225806451613	0.9763875239228262	0.9742146125764821	0.981609364286414	0.9651213226851734	0.976402121599057	0.9760645561762881	0.981017314955609	0.9778312296972251	0.9758938180078919	0.976680482111381	0.9784181192932527	0.9776275088123156	0.9764900821286201	0.9785014899957428	0.9767263230662877	0.9781164890821349	0.9757241307839785	0.9780429828215748	0.976680482111381	0.9780308374483523	0.9756176207957139	0.9755704365079365	0.9766417448449927	0.976092126674177	0.9741051815480036	0.9810294256788722	0.9347012582565236	0.9776791541574207	0.9764125472485395	0.981017314955609	0.9756316116988176	0.9624375423707535	0.9734563593600579	0.973977789636858	0.9793430493830225	0.9748023220898809	0.97517227653805	0.9765164333692252	0.9774218305151883	0.9649601234885515	0.9816909649422205	0.9764031729349648	0.9748372429471944	0.9755276213979075	0.9777565361165651	0.9765332230636032	0.9771985269151409	0.981742770023295	0.9773611146882324	0.9762210466848134	0.9769329896907216	0.9779941627708758	0.9768471495168893	0.9887547564341028	0.9796509540111561	0.9764978483945713	0.9777539466793027	0.9761001611503657	0.9760534021539531	0.9761829074458981	0.9800245851259988	0.9344455890851529	0.9347012582565236	0.9280547561639574	0.9790060726236213	0.9779595231494317	0.9761674390181799	0.8632851035843473	0.9810439033742331	0.9741667714752861	0.9761709529134054	0.9745155089104796	0.9457347194573472	0.7992716807142228	0.7996487119437939	0.981823345640443	0.9772410930136016	0.9774177831912302	0.975001909222819	0.9798571289726893	0.9753621297142111	0.9771818047118092	0.9762873474278012	0.9763960852043754	0.9775397959925375	0.9775751660437546	0.977747480157764	0.9776741086304566	0.9753616356102524	0.9757315316210443	0.9788930354286822	0.9768930056522497	0.974184120798831	0.9780424264979531	0.9758953004164188	0.9757097628068718	0.9795554675511113	0.9791991679667187	0.9790480924568162	0.9812633578722394	0.9789311152064551	0.9795058689890193	0.9820809939075379	0.9793089743908194	0.9799123000416452	0.9792008349485612	0.9800749561174629	0.9745956686872752	0.9452143247404758	0.9970307818033234	0.9969954385294038	0.9964250083139341	0.9965789977831906	0.9966582893755697	0.9969826640333552	0.9963449457452884	0.9969017328361482	0.9969954385294038	0.9969954385294038	0.9969954385294038	0.9966582893755697	0.996409188092758	0.9969954385294038	0.9966582893755697	0.9966582893755697	0.9966520018815196	0.9970073727453275	0.9962637722264645	0.9957249332020813	0.9958112812385023	0.9957423580786027	0.9966920910905164	0.9961547161275729	0.9963278203193943	0.9969391624681727	0.997009488078732	0.9969451203027845	0.9969415649443798	0.9962448573874148	0.9962518125359088	0.9957423580786027	0.996391283986667	0.9961070427136363	0.9969451203027845	0.9969451203027845	0.9962637722264645	0.9964147896767838	0.9969426406926407	0.9971674504303826	0.9966582893755697	0.9966582893755697	0.9970073727453275	0.9966582893755697	0.996409188092758	0.9967445152158528	0.9962637722264645	0.9967445152158528	0.9969451203027845	0.996409188092758	0.9961310010353659	0.9963549025148347	0.9965727234102818
Pseudomonas_syringae_BS2900_5075_NZ_FNPP01000004	0.9762524737006562	0.9772939190040574	0.9767471378163634	0.9792455650787323	0.9753500295799645	0.9763268240086258	0.9770167391147722	0.9758829936206628	0.9758492912855329	0.9769095969487682	0.9745047641301243	0.9766431811601197	0.978259304585703	0.9793042059194422	0.9754254293383369	0.9439225806451613	0.0	0.9761263499202468	0.9766971668524327	0.9800540152134593	0.9736882479288125	0.9773724255867555	0.9724585871809073	0.9777783301434217	0.9782107794029252	0.9771301746598475	0.9790226574500768	0.9802271368798565	0.9774725674006249	0.9776377952755906	0.9777225356152596	0.9777944369765278	0.9786079490642485	0.9767685223943072	0.9793042059194422	0.9790226574500768	0.9784445462411564	0.976129048418205	0.9757221957758124	0.9779773769783136	0.9771819881740537	0.975799301100506	0.9780051273450415	0.8260978950605204	0.9775648639374983	0.9773825154210122	0.9777783301434217	0.9761964608887995	0.9646093868664878	0.9757057581523865	0.9765344809919049	0.9769675634900679	0.975232511120097	0.9769402554387374	0.9772662541104581	0.9781543691261748	0.9584521598074357	0.9804202012231209	0.9786820727584641	0.9751213909048191	0.9766946953181771	0.9783380311097192	0.9779296671188563	0.9765383497582499	0.9823918808065778	0.9787870122442613	0.9769160938918429	0.9767587285044294	0.9785779517286367	0.9765083879803007	0.9884741370881002	0.9769685802948022	0.9760892413529524	0.9773363249048327	0.9725001256849831	0.9756966216046751	0.9711292604820893	0.9773809808755595	0.8257586351559223	0.8260978950605204	0.8235446313065977	0.9783229751403368	0.9790996784565916	0.975960672277559	0.9431388195320343	0.9764637230110873	0.9741497636114077	0.9774841411127548	0.9775357385976855	0.5046472327841149	0.9534167916817546	0.9520993647678562	0.977361117779805	0.9764226638686582	0.9773085253002559	0.976441875401413	0.9778411745899018	0.97484359739197	0.9782668294992897	0.974844673435369	0.9773336028705716	0.9754261189454323	0.9776175021036182	0.9763575914296269	0.9783559142884597	0.9756653801814446	0.9760136491368928	0.9777233182208063	0.9761832829808661	0.9742183079534552	0.9760636961872708	0.9753792887884398	0.9753057261323677	0.9763433846771361	0.9758522014157337	0.9780040221216691	0.9778857954135284	0.9760522862622388	0.9782239345282251	0.9790148856347574	0.9778062635097773	0.9791965922036753	0.9774390703991549	0.9779383522181678	0.9729385708103154	0.4586143695014663	0.9960278053624627	0.9957948320699386	0.9953120175167729	0.9957603635557526	0.9956083916083917	0.9958325229905814	0.995051224170863	0.9960577456968351	0.9957948320699386	0.9957948320699386	0.9957948320699386	0.9956083916083917	0.9952525056220328	0.9957948320699386	0.9956083916083917	0.9956083916083917	0.9962189110463814	0.9955903428508434	0.9958600132479576	0.9944713593616414	0.9944355208811382	0.9943041999612907	0.9956255710290982	0.9950441159619572	0.9963987323537885	0.995858134240338	0.9955935004131093	0.9958662980098004	0.9958614263004988	0.9950493664867284	0.9958466011352624	0.9943041999612907	0.9963487373878143	0.9942890249958616	0.9958662980098004	0.9958662980098004	0.9958600132479576	0.9956775927516556	0.9958629003534344	0.9967991538632821	0.9956083916083917	0.9956083916083917	0.9955903428508434	0.9956083916083917	0.9952525056220328	0.9965900624677632	0.9958600132479576	0.9965900624677632	0.9958662980098004	0.9952525056220328	0.9952827586206896	0.9964256097909696	0.9961570449396312
Pseudomonas_syringae_BS3827_5522_NZ_FOQB01000010	0.48729184925503943	0.5850492228913491	0.5713500036664956	0.7756457792609072	0.7812386377408799	0.7858630908717468	0.7922473357536011	0.47511692049406407	0.45579194305128623	0.660754189944134	0.6814003317666575	0.5646581853767649	0.791400433788616	0.6575231948366277	0.5206482780115318	0.9763875239228262	0.9761263499202468	0.0	0.4838581424936387	0.776613720851639	0.9695593274364491	0.6286244331455271	0.8771051433773327	0.7817418999203773	0.5851174466559081	0.5759278529309747	0.5845445486719583	0.5881950852729074	0.5800500312695435	0.5892468662591941	0.8030859025109076	0.5735464356398671	0.577479446352378	0.49523885413761504	0.6579743262316016	0.5845445486719583	0.5207229191291417	0.6851593161710903	0.6007714902502035	0.5684312908156176	0.5326959130108737	0.5403117182990187	0.790236617078599	0.974727602905569	0.46580232224182494	0.6288539449289294	0.7803225410841305	0.5125193549605347	0.9598190806773956	0.6775272676586404	0.6743579178684247	0.7815287413280476	0.7766335892155027	0.4793860156581434	0.5378985285101165	0.6957181500296892	0.9789227787953598	0.7850938468079937	0.5217177821423176	0.5279729782195132	0.5105201407899882	0.4995633881082797	0.527516151630731	0.5259776095868811	0.6858904698122268	0.5170230231012782	0.5293731665894704	0.44887943726484536	0.5000991945403326	0.4600640288950911	0.9023189968990157	0.7966421207658321	0.7999017284236083	0.7751163299084975	0.8770913222553615	0.7830159610525667	0.8725258659469186	0.7903768014265252	0.9747218648300916	0.974727602905569	0.9733073929961089	0.7793739744264528	0.7163064833005894	0.6519269207840936	0.9752548058315056	0.794569172064957	0.9468498623333154	0.6497415003252645	0.5644891122278057	0.9782128040146076	0.9744120808536297	0.9744909960534226	0.813034095813552	0.7724602203182375	0.7817366539417075	0.4925209491737802	0.7953272427737008	0.507484076433121	0.7860576187123045	0.780839365039918	0.5582209448006485	0.7761297938674819	0.5891260406317449	0.7781456953642384	0.601148019835609	0.7920486493093754	0.78125	0.7799202127659575	0.7802593212978473	0.794136983026536	0.7732067838805041	0.7953590192644483	0.4880093038177735	0.7881272649100178	0.785894516585636	0.7784786526629793	0.792472771041893	0.7839253611059451	0.7897278314310798	0.7896624284994517	0.7692861390166807	0.7827334615502031	0.7815521943962311	0.7873948591259338	0.9470842332613391	0.9779803153560309	0.9958173379934682	0.9957767115810038	0.9957727179965599	0.9966648457491158	0.9964577102871578	0.9968289659546253	0.9945481927710843	0.9958759913482336	0.9957767115810038	0.9957767115810038	0.9957767115810038	0.9964577102871578	0.9952133794694348	0.9957767115810038	0.9964577102871578	0.9964577102871578	0.99601257349089	0.9955644584346831	0.9952109202489174	0.9947575748600539	0.9947222470703998	0.9950078898292928	0.9956009200690051	0.9944861707200763	0.9967948717948718	0.9955851775897918	0.9955677561408024	0.9955942127853102	0.9955888212191929	0.9957315833793083	0.9956571757262007	0.9950078898292928	0.9948969236568181	0.9948754652161466	0.9955942127853102	0.9955942127853102	0.9952109202489174	0.9955971223021582	0.9955904526187022	0.9961813290132207	0.9964577102871578	0.9964577102871578	0.9955644584346831	0.9964577102871578	0.9952133794694348	0.9961842301386198	0.9952109202489174	0.9961842301386198	0.9955942127853102	0.9952133794694348	0.9960215238422349	0.9968197354733244	0.9951637460071051
Pseudomonas_syringae_BS3829_5514_NZ_FOPR01000011	0.5081034751441483	0.5736948370349004	0.5761452594955059	0.764016089108911	0.7932019763081135	0.7982074411366322	0.7808211143695014	0.35871837535731044	0.42402783462955385	0.6472912950722205	0.6399080947331213	0.5715271786022433	0.7672935453251069	0.6587819829424306	0.4989220336325506	0.9742146125764821	0.9766971668524327	0.4838581424936387	0.0	0.7651275109976312	0.968731050119961	0.6715526063847348	0.8725954047086155	0.7667066457545284	0.5773962804005722	0.5927286331326735	0.5922007460155985	0.6173569364641802	0.5322477194982896	0.56244108508187	0.7800344837663287	0.45010863442504223	0.5788804071246819	0.48101770617323336	0.6601657403401338	0.5922007460155985	0.5394093268117837	0.6725510441994471	0.5892263042401076	0.5754561668267252	0.440143907646082	0.49620631363761447	0.7830166617947969	0.9761351425644101	0.43493235953191134	0.6717476657098551	0.7646551458583618	0.40256657816397134	0.9560186397193571	0.6924601141061119	0.6445929949167886	0.763205487995011	0.7948655405817429	0.3934200953843666	0.5157196312155229	0.6928147443675597	0.9771360759493671	0.7699347202733207	0.4986112696419739	0.4762493026221407	0.49769224751623253	0.43343195266272194	0.5017473593277575	0.5043819645477257	0.6793881568983795	0.5023876624393299	0.5092341118957089	0.4199438202247191	0.4354249599868675	0.42826881541784345	0.9089659222873313	0.7808373304909102	0.8202937776650032	0.78818337827899	0.8728116073196255	0.7918196437782565	0.8693219959722533	0.7753076267951015	0.976129774045191	0.9761351425644101	0.9740563612053893	0.762546699875467	0.6975986852116749	0.6799809309769469	0.9766110273254773	0.775263142201151	0.9504535752401281	0.667772416566144	0.5186195076347773	0.9780330859692808	0.9741462272739095	0.9742253338519383	0.7983756755975606	0.7912357266694565	0.7991230149324484	0.44744840825467924	0.8107949545321209	0.4754263597145506	0.7983466105516308	0.7899324138352855	0.5732214546638215	0.7840136054421769	0.6170404185132119	0.795227623915369	0.5852137159997273	0.8008605903770349	0.792412746585736	0.80127260943852	0.7957838461772121	0.8027256939334177	0.7917616659066727	0.806410881854966	0.516502808988764	0.7754555528195026	0.7633141613555107	0.7619716989972823	0.7842332169985629	0.7662965504335351	0.7737370170947715	0.7739783152627189	0.7515508391850616	0.7715909785465436	0.7607404164842724	0.771093957945169	0.9493961739873891	0.97780047837353	0.996026565249475	0.9963868104355743	0.995550933148437	0.9965525101145365	0.9964616535297164	0.9970013708019191	0.9956491939088715	0.9963727758261217	0.9963868104355743	0.9963868104355743	0.9963868104355743	0.9964616535297164	0.9956591272561115	0.9963868104355743	0.9964616535297164	0.9964616535297164	0.9962521982298844	0.9964017566227511	0.9962529805836267	0.9953965694179739	0.9950098916349248	0.9957958128568588	0.9958129201321636	0.9956652512384997	0.9963788548870618	0.9964183987140077	0.9964044053112879	0.9964256564689989	0.9964213255184852	0.9955399533853192	0.9966976969282888	0.9957958128568588	0.9958959935713466	0.9950933121561064	0.9964256564689989	0.9964256564689989	0.9962529805836267	0.9960096907510332	0.996422635982085	0.9960151367467461	0.9964616535297164	0.9964616535297164	0.9964017566227511	0.9964616535297164	0.9956591272561115	0.9958350564187393	0.9962529805836267	0.9958350564187393	0.9964256564689989	0.9956591272561115	0.9967975967805929	0.9964066918001885	0.9957146234779525
Pseudomonas_syringae_CAS02_17541_NZ_CP032459	0.7795720260081199	0.8027633450407825	0.7973171304449924	0.07948150198357784	0.8110695081782607	0.8111522126318673	0.3622941510505394	0.7949825951266355	0.7909320657079246	0.766004280036686	0.7697043957727063	0.7920358945597308	0.3462215083371577	0.6201723797618264	0.7801678108314264	0.981609364286414	0.9800540152134593	0.776613720851639	0.7651275109976312	0.0	0.9722670025188916	0.6616656558240495	0.8044386799250612	0.29641255605381167	0.7779055029917175	0.7935903182429404	0.8060468715454344	0.794735524082473	0.7833896092841132	0.7808402309639617	0.39645560273213953	0.7895655838877683	0.7895714325913836	0.7851688962189237	0.6210342900351777	0.8060468715454344	0.7969869394734515	0.7733286085518545	0.8048443702893965	0.7968040978814621	0.7991184798155229	0.7949429726630861	0.3619209680468898	0.9803762220044459	0.7840323426843193	0.6618599457648748	0.29425690844524266	0.798717316230883	0.9654005077911086	0.770832692485158	0.7695476991123633	0.3357482089672382	0.812642254170388	0.7891291642314436	0.785625737006017	0.7635487039076219	0.9825280305696616	0.24468307358041197	0.7935200117284855	0.7840587214083392	0.7754566000855171	0.7915123550482667	0.7972589506731872	0.7862423757008195	0.8531566541377333	0.7792751497371959	0.787515114873035	0.7821048458418468	0.7919157588079992	0.7809714726291441	0.9133385437019669	0.448322050465192	0.8345961286177077	0.8224037472866446	0.804776291181125	0.8142053084197595	0.7944460349269968	0.3876026608198001	0.9803719996174811	0.9803762220044459	0.9777291610334062	0.3698064211520302	0.784162042478747	0.7735803292605281	0.9791284347549487	0.44576911892992144	0.9470752804086138	0.8579183774697567	0.7803335073549734	0.9810803788648227	0.9788454376163873	0.9789072364023469	0.4587074248254239	0.8084745283285718	0.8113297857364079	0.7796824631699455	0.8166685349176102	0.7856989148144733	0.8266392519152772	0.8202356440173874	0.7922428726621451	0.8217379233759022	0.8027720027720028	0.8140586385082004	0.7385221962616823	0.8172835990888383	0.8233425061703878	0.8171820922183767	0.820827389443652	0.8200935881009415	0.8148349447908919	0.8191268758526603	0.7878945119345584	0.37726472314615533	0.38686585745409274	0.38319768351854755	0.3759975907242885	0.36416643528618464	0.39056526741639763	0.41779911373707534	0.346283107945907	0.28119998358435594	0.3830320106441262	0.3368336025848142	0.9485667401671709	0.980888528345104	0.9962895756032825	0.9966883821932682	0.9964210989979078	0.9972012390630944	0.9957987808226701	0.9976307189542484	0.996881997789053	0.996566757493188	0.9966883821932682	0.9966883821932682	0.9966883821932682	0.9957987808226701	0.9966240130683365	0.9966883821932682	0.9957987808226701	0.9957987808226701	0.9969223159572421	0.9967014546044449	0.9972933470470416	0.9960061443932412	0.9958396581773206	0.996640749871319	0.996086637497622	0.9966034134291489	0.9971467314537544	0.9967160161507402	0.9967037717497028	0.9967223684917522	0.9967185776917077	0.9962696801799331	0.9977201791287827	0.996640749871319	0.9970737843898704	0.9957249925593225	0.9967223684917522	0.9967223684917522	0.9972933470470416	0.9966837913506754	0.9967197246719725	0.9963360949334208	0.9957987808226701	0.9957987808226701	0.9967014546044449	0.9957987808226701	0.9966240130683365	0.9963715121512151	0.9972933470470416	0.9963715121512151	0.9967223684917522	0.9966240130683365	0.9971877450582731	0.9971676154687457	0.9962571058704339
Pseudomonas_syringae_CC1557_3076_NZ_CP007014	0.9697971489778107	0.9703540615959653	0.9725294511034518	0.9721040907249898	0.9697462182772847	0.9685902118334551	0.9718076688983567	0.968470724698811	0.969880310403788	0.967912053313743	0.9635044229037555	0.9709258216881623	0.9723716559966895	0.970978044916128	0.9679684188215345	0.9651213226851734	0.9736882479288125	0.9695593274364491	0.968731050119961	0.9722670025188916	0.0	0.9689934205550934	0.9686934353091141	0.9705525810687948	0.9684948979591836	0.9705896757762759	0.9725193071357224	0.9698172959805116	0.9701250123043607	0.9695559003916353	0.9713017320848091	0.9706809583858764	0.9705543432956579	0.9682890462750945	0.970978044916128	0.9725193071357224	0.9708150064683053	0.9699211797609967	0.9694017702716451	0.9703750701578857	0.9711984817009054	0.9670011681002443	0.9723727372129753	0.9723531880230061	0.9685240437599119	0.969007483558848	0.9705525810687948	0.9692574813604331	0.868882192086612	0.9664711035599565	0.9694390212156709	0.9709057499425772	0.9697474682732983	0.9696575639358475	0.9672243626959414	0.9710244298847072	0.9709918088381072	0.9712585973191425	0.9719674063444883	0.9693147490593036	0.9695890700005275	0.9684549299146209	0.9708065970196744	0.9705164319248827	0.9762709899325617	0.9706154619270544	0.9658657917019475	0.9676572035022553	0.9684549299146209	0.9690997697209875	0.9848708850778632	0.9715571070357442	0.9676463444255525	0.9721320277145706	0.9687412498409061	0.9705485897403291	0.9700669357466971	0.9723691232836835	0.9723470445903906	0.9723531880230061	0.9710545675943073	0.9712816334843933	0.9752370171218339	0.9680931815207433	0.968310305488655	0.9719163402557092	0.9760630808223035	0.9426568304295506	0.9664191066467194	0.9740535009501535	0.9624838292367399	0.9623839009287926	0.972733685209058	0.9705933922801393	0.9706881903143585	0.9686781609195403	0.9706426144313411	0.9677774200472204	0.9718363318909892	0.9687764362070291	0.9729591314145243	0.9708761989960738	0.9694977392154467	0.9712102674224076	0.9700788940182213	0.9698664971392245	0.9703965789339714	0.9691114878340646	0.9725961048230856	0.9661072062832987	0.9723267880761013	0.9695890745031094	0.9678211217247452	0.9694467803175089	0.9680753330271015	0.9712505744778634	0.9718756866287445	0.9700865645648722	0.9716784066067525	0.9718493386438511	0.9716545477739508	0.9710104775337498	0.9712513084995021	0.972794081861099	0.9758702835625912	0.974009352695053	0.9957077956464785	0.995555679785331	0.9945794074242252	0.9942815495879352	0.9950805767599661	0.9953671205952548	0.9934678813087671	0.9950029476993908	0.995555679785331	0.995555679785331	0.995555679785331	0.9950805767599661	0.995401396405238	0.995555679785331	0.9950805767599661	0.9950805767599661	0.9947008982969198	0.9950421970308888	0.9945005862319245	0.9948188019918828	0.9944644099234872	0.9948079499776686	0.9950190284307141	0.994497219647822	0.9945457197024938	0.9949811446317658	0.9949059124819063	0.9949911445649767	0.9949851771811709	0.9951973331073255	0.9944825654670214	0.9948079499776686	0.9946412454873647	0.9950994041320933	0.9949911445649767	0.9949911445649767	0.9945005862319245	0.9954368578707203	0.9949869827729463	0.9943913643922099	0.9950805767599661	0.9950805767599661	0.9950421970308888	0.9950805767599661	0.995542222720646	0.994720352750058	0.9945005862319245	0.994720352750058	0.9949911445649767	0.995401396405238	0.9949829979374547	0.9945869275748278	0.9943388009870808
Pseudomonas_syringae_CC457_20754_NZ_CP127246	0.6449147957803625	0.6993015793116466	0.7036078406615953	0.6625965452039868	0.8073704674161102	0.7917477076965824	0.7046099608616414	0.6650084568699632	0.6635371396344093	0.73844043276276	0.7456069292123629	0.6390745177152943	0.6806392694063927	0.24693520140105074	0.6570835008711968	0.976402121599057	0.9773724255867555	0.6286244331455271	0.6715526063847348	0.6616656558240495	0.9689934205550934	0.0	0.8589384708271585	0.6875450415165283	0.6822246179212379	0.6470440724719453	0.6329913180741911	0.6229580994068575	0.6076010886469674	0.6005147082776818	0.6997042745765749	0.6909285783883854	0.6476050064305656	0.6744015957446808	0.24919835089326614	0.6329913180741911	0.6716786282596694	0.749684703621404	0.7066277408534691	0.6352236925015753	0.6943899195846261	0.6677758551843471	0.6897727615656215	0.9772515249372085	0.6507139441142311	0.0008559201141227213	0.686392573776147	0.6584869059165859	0.9614617608934091	0.7381237399193548	0.7405184681061684	0.6720066643170677	0.8039261103711853	0.6762493625701174	0.6483247163096757	0.7290096139172898	0.9804488226572513	0.6803309514855209	0.706850603542875	0.6669886420411018	0.6674181890520872	0.6539395574743658	0.6658649831312422	0.6478039094861525	0.7732353808130966	0.6728640551468151	0.6496389588581024	0.6474086086897763	0.6543480459925144	0.6453917680842336	0.9106856390124294	0.7017618083466803	0.803854906369095	0.8111839834311356	0.8591703654994794	0.8101475803683789	0.8601058658312628	0.7068514333293684	0.9772466264714327	0.9772515249372085	0.9760752622141436	0.678997423582175	0.7806499261447563	0.7170068027210884	0.9758283741091764	0.7007609058113802	0.95150309798822	0.8076746455427357	0.6907596185465308	0.9787656187259371	0.976183380519545	0.976252971473851	0.7151746821939728	0.8022807216611824	0.8066217321413464	0.6715524292491412	0.8113239341683987	0.6366203002341275	0.8123382348758497	0.8079218195969904	0.6734976193540085	0.8080975063042869	0.6360399533667329	0.8055030337237195	0.5149394531920003	0.8098845186370912	0.8106422543269919	0.8082264807384754	0.8011690829643777	0.8147227960471219	0.7997051937917281	0.8001825574641108	0.6534181240063592	0.70321956698072	0.690836929473651	0.6875911020977248	0.7037803159756573	0.6978201978201979	0.6979928100659077	0.686084934524538	0.6741231438812084	0.6946111508442427	0.6995918367346938	0.693054675955246	0.9501455789957604	0.9784284248454912	0.99635361802123	0.9961808282997915	0.9960172494300547	0.996828064848452	0.9966892853234103	0.9969832037832256	0.9955561845457118	0.996439540129916	0.9961808282997915	0.9961808282997915	0.9961808282997915	0.9966892853234103	0.9951049711737191	0.9961808282997915	0.9966892853234103	0.9966892853234103	0.9962428696796841	0.9963312651739952	0.9961894981487988	0.9951774314944387	0.9948366820069593	0.9956455887921242	0.9961514486272597	0.9952344910716788	0.9968154661255777	0.9963474243970565	0.9963338365322407	0.9963544738111831	0.9963502670209055	0.9957577250458439	0.9966126497208824	0.9956455887921242	0.9957668778675989	0.9954652198558588	0.9963544738111831	0.9963544738111831	0.9961894981487988	0.9960121534371439	0.9963515398647924	0.9964006217107954	0.9966892853234103	0.9966892853234103	0.9963312651739952	0.9966892853234103	0.9951049711737191	0.9962407069715248	0.9961894981487988	0.9962407069715248	0.9963544738111831	0.9951049711737191	0.9964373431216431	0.9968387187019163	0.996098355133891
Pseudomonas_syringae_CFBP_2116_6934_NZ_LT985192	0.8693692408638347	0.8875530410183876	0.881008125602534	0.8012137402363599	0.8851446671457851	0.8862983568378833	0.8099173553719008	0.8813892713631383	0.8703283615947371	0.8611435239206534	0.8688599107929202	0.8836285729215656	0.8076773404491884	0.8475646921926082	0.8723289230331484	0.9760645561762881	0.9724585871809073	0.8771051433773327	0.8725954047086155	0.8044386799250612	0.9686934353091141	0.8589384708271585	0.0	0.8030097339764882	0.8753453510955495	0.8834169803429528	0.8879200726612171	0.8835130570352085	0.8811985373424881	0.8835022847838647	0.8005901840149217	0.8771796388630666	0.8911325952492333	0.8817606852151224	0.8477562326869806	0.8879200726612171	0.8824650571791613	0.8645460058437621	0.8812187703671519	0.88629692167814	0.8777099152635633	0.873363688104724	0.804002337944279	0.9716355151544612	0.878238639627736	0.8588829145177219	0.8017291232940088	0.8789873279440682	0.9625975333501132	0.8776209905927689	0.869892231701841	0.7940588235294117	0.8775168246120039	0.8811676287986058	0.8720324097682588	0.8673155174309909	0.9792933275673475	0.8016452856238854	0.8802865219419821	0.8726677111522575	0.8796053558844257	0.8770701724432304	0.8793803024714127	0.8775293170843872	0.9129915118611105	0.8822051600519393	0.8748372856415191	0.8742855517957175	0.8777088902792788	0.8768776516454535	0.9437649392259574	0.8266173548244645	0.8877183040544021	0.882119712340379	0.005133420504624953	0.8802611889538838	0.5310070702451721	0.8084493784778938	0.9713792432642739	0.9713855055551504	0.9730301822890726	0.800122659969043	0.8860871321116665	0.8706561531962828	0.9802578069159293	0.838377475281422	0.9386546289531364	0.928565841958443	0.88	0.9746231818072896	0.979861910241657	0.979921181283049	0.8146889846425809	0.8787374523592248	0.8803615359931544	0.8739590051313686	0.8841757480482801	0.8743279376671171	0.8797624535618407	0.8799934287982915	0.8831904931409327	0.8803266478693409	0.8879140276191465	0.8827562289921571	0.857131425218064	0.8797595735422106	0.8871089944799221	0.8827454211967357	0.8778203723986857	0.887249708655578	0.8823993471164309	0.8879707817437704	0.877459647521816	0.79137642183229	0.7844853071601726	0.8061019319870618	0.8093820427923542	0.7896465991830937	0.8098663641645685	0.830930897887324	0.7923566503624256	0.8049489282117681	0.7895654229076191	0.813231509919482	0.9398206090947017	0.974362078148453	0.9955402336589236	0.9961616493940889	0.9956885761174933	0.9966240324971181	0.9961200565363191	0.9970289675662293	0.9941152830405328	0.9962025316455696	0.9961616493940889	0.9961616493940889	0.9961616493940889	0.9961200565363191	0.9958188920063817	0.9961616493940889	0.9961200565363191	0.9961200565363191	0.9966699042597474	0.9962591813887448	0.9958408580966454	0.9943786898675179	0.9949711623149701	0.9953173777315296	0.9952498627127951	0.9950315143944126	0.9963166009936612	0.996275858319515	0.9962618352478921	0.9962831330204293	0.9962787918296393	0.9952598752598752	0.9960204193654627	0.9953173777315296	0.9954925059454676	0.9946958304853042	0.9962831330204293	0.9962831330204293	0.9958408580966454	0.9963491627779303	0.9962801053517608	0.9963286037652515	0.9961200565363191	0.9961200565363191	0.9962591813887448	0.9961200565363191	0.9958188920063817	0.9961930736668655	0.9958408580966454	0.9961930736668655	0.9962831330204293	0.9958188920063817	0.9958452917862511	0.9963438483122183	0.9960488914155771
Pseudomonas_syringae_CFBP_8692_12247_NZ_WJSF01000010	0.7886021048800461	0.8065627896200185	0.8003634019107907	0.2954675846242111	0.8103253820560536	0.8148836700658884	0.35204178899607275	0.7907824933687002	0.7882409754919715	0.7761017360689572	0.7662505380972879	0.7974460713088186	0.3280832785108936	0.6504895014813861	0.7858033135734914	0.981017314955609	0.9777783301434217	0.7817418999203773	0.7667066457545284	0.29641255605381167	0.9705525810687948	0.6875450415165283	0.8030097339764882	0.0	0.7858901459640073	0.7979493196993825	0.8103139384250709	0.8054926856196523	0.7844617218092049	0.7817762858443331	0.3743069084369849	0.7925208922022485	0.8002233389168063	0.783350172989192	0.6514015383130048	0.8103139384250709	0.7928696218649137	0.7809957409311206	0.8094596145020652	0.8009607641684947	0.8034003901132493	0.7910492985486168	0.37170805116629047	0.9785495158661681	0.7829447776884546	0.687721166191714	0.008870660053414747	0.7983146883626326	0.966345555472581	0.7805474095796676	0.7740717242212756	0.348682895630971	0.8176492548028602	0.7916459908345252	0.7883436509134834	0.7718369037755948	0.9823572345405582	0.3119771557271557	0.7945928510688209	0.7912840561263145	0.7813745474459217	0.7896466721446179	0.7978556327393537	0.7887124569177745	0.8484337657903721	0.7851815774253448	0.7903396226415094	0.7850356294536818	0.7900517188926073	0.7851341373369431	0.9128127566919175	0.4707163774016142	0.8319815222645969	0.8167245985464364	0.8033505377584268	0.8117889789953291	0.7899505292222734	0.3220174963226755	0.9785448879300012	0.9785495158661681	0.9749839640795381	0.3839937536599649	0.7854605083356108	0.7801255735329631	0.9777063815176338	0.47343219581918883	0.9474008629545921	0.8613463865361346	0.7782294072363356	0.9785998672859987	0.9782916822081313	0.9783551930181241	0.4772943456050731	0.8086341118188252	0.811624827430761	0.7817749412968873	0.8199770635786412	0.7869724263010667	0.8234296375869282	0.8192912596327384	0.7975539105246219	0.8153218596334376	0.8062356488781919	0.8112479220083965	0.740874741049806	0.8170130277373927	0.8235811827499078	0.81313598519889	0.8227797576621525	0.8189758615878331	0.8178780522633158	0.8252234629282473	0.7877158135981666	0.354254389449432	0.3753627735508668	0.34833753450966276	0.38087903831705483	0.3504684122027384	0.3563868128532949	0.4057576998994451	0.32973344658819725	0.30402885862516216	0.3636832091327097	0.295387286430178	0.9490816745331419	0.9783821311436164	0.9957955840069441	0.9963303251060128	0.9956976199012659	0.996843537414966	0.9949931224209079	0.996999290741448	0.995881266865502	0.9960427924239943	0.9963303251060128	0.9963303251060128	0.9963303251060128	0.9949931224209079	0.996319520174482	0.9963303251060128	0.9949931224209079	0.9949931224209079	0.9964773227653017	0.9963448313207343	0.9969915437987857	0.9954962515385476	0.9949866216025912	0.9955203214508729	0.9956999782277378	0.9956118143459916	0.9965760208268485	0.9961986412164349	0.9963474025974026	0.9962060058120762	0.9962016109479809	0.9955485945099333	0.9969819734087387	0.9955203214508729	0.9959711678131937	0.9948492734764693	0.9962060058120762	0.9962060058120762	0.9969915437987857	0.9963252306938509	0.9962029407012442	0.9961123583201007	0.9949931224209079	0.9949931224209079	0.9963448313207343	0.9949931224209079	0.996319520174482	0.9960282808934959	0.9969915437987857	0.9960282808934959	0.9962060058120762	0.996319520174482	0.996070567193301	0.9966011235955056	0.9954888913950604
Pseudomonas_syringae_Dortyol_2015_6_17564_NZ_JAEIKC010000017	0.5760603882099209	0.6519817977972697	0.633497105936196	0.7754236030742752	0.766651936956842	0.7682595126979128	0.8023788251060978	0.5961755574372001	0.567486869558961	0.6782327087670599	0.6612056785305793	0.6317913890312661	0.7950483363309353	0.6904154461557844	0.606514703813142	0.9778312296972251	0.9782107794029252	0.5851174466559081	0.5773962804005722	0.7779055029917175	0.9684948979591836	0.6822246179212379	0.8753453510955495	0.7858901459640073	0.0	0.6493531142251605	0.5621160753247625	0.556108384320581	0.4682928586870361	0.4899975127029812	0.8024914495453661	0.5917429571241737	0.6380213323114262	0.6384051962410171	0.6908277968449887	0.5621160753247625	0.5930345835362884	0.6976847165991903	0.6374164515915558	0.6296367357380404	0.605696895089591	0.583020016471515	0.8022698120573308	0.9773672502176226	0.5629348746456577	0.6824058816073013	0.7846790282830653	0.6212910380053094	0.9630766907452619	0.7049684362018775	0.6955535390199636	0.7868454548145517	0.7598372601408793	0.5935894801725909	0.634470216854241	0.7100209880023807	0.9814871247904922	0.7883971953099997	0.6028640926376374	0.5721041042486373	0.6107147852846552	0.5658813263525305	0.5807657738630235	0.5739076428467047	0.7393654524089306	0.61498355378263	0.6319104991394149	0.5792251624717245	0.5674959142909025	0.5686245842318798	0.8882300186060208	0.8095691635385736	0.7819105404261324	0.7576310349021038	0.8755496081055247	0.7709727533460803	0.8736103615758231	0.8024495476687543	0.9773623237477931	0.9773672502176226	0.9751883250876364	0.7843885978154693	0.7460060264938313	0.6813277189288769	0.9762352708188929	0.8051633268509907	0.946546095247966	0.7298559149094057	0.610718825024714	0.9797485866946545	0.9767797971683904	0.9768483756319768	0.8046870645934348	0.7563510736516068	0.7652456114471161	0.5935036266162095	0.7616483744046386	0.5871692118849057	0.7662314380471481	0.7968455743879472	0.6433847996805537	0.7572365311909263	0.5578231292517006	0.7582903244942754	0.6263271001058472	0.7637450079572411	0.7735314299352606	0.757592784267337	0.7630148568667714	0.7640532109011713	0.7604889827950498	0.762957624675699	0.5962752863106069	0.7968914646996839	0.7920879379261698	0.7852820786616835	0.8017816124152614	0.7910739108574133	0.7958720734849334	0.8059030217849613	0.7794363007984746	0.7889148191365227	0.7893103142460165	0.7964798023748701	0.9477254485669161	0.9795411827076004	0.9969109647084552	0.996875171317362	0.9961613351877607	0.9970630215195433	0.9967579250720461	0.9978549624618431	0.9961880194898252	0.9968082764692934	0.996875171317362	0.996875171317362	0.996875171317362	0.9967579250720461	0.9962588028169014	0.996875171317362	0.9967579250720461	0.9967579250720461	0.9968910478834143	0.9963670135758966	0.996745165613632	0.9961065342512132	0.9959389998012098	0.9963324848783425	0.9965155838454784	0.99605561861521	0.9970882932259998	0.9965196584914895	0.9963695919202948	0.9965264586160109	0.9965224006303148	0.9962596625384423	0.9971474807317809	0.9963324848783425	0.9961013106232373	0.9960114738423712	0.9965264586160109	0.9965264586160109	0.996745165613632	0.9967055593685655	0.996523628462792	0.9966593042517946	0.9967579250720461	0.9967579250720461	0.9963670135758966	0.9967579250720461	0.9962588028169014	0.9964478545041204	0.996745165613632	0.9964478545041204	0.9965264586160109	0.9962588028169014	0.9975429304649321	0.9971098265895953	0.995732696082615
Pseudomonas_syringae_Dr_447_1_17557_NZ_JAEIKL010000026	0.5985719143148589	0.4910311512094626	0.43606654562970104	0.7921843743836813	0.7934939491506606	0.7781215772179628	0.809853692459946	0.6036029957492747	0.6160964853668315	0.7038075652769988	0.7012893308655144	0.2484683189058856	0.7980922528170347	0.6439294014195088	0.6006179336570129	0.9758938180078919	0.9771301746598475	0.5759278529309747	0.5927286331326735	0.7935903182429404	0.9705896757762759	0.6470440724719453	0.8834169803429528	0.7979493196993825	0.6493531142251605	0.0	0.5747915330339961	0.5828164265038013	0.5729951800213502	0.5815561774260993	0.8124950152864548	0.6229273965775046	0.501540753784159	0.5889557887493548	0.6443551425342208	0.5747915330339961	0.47334592199869274	0.6886572654812998	0.5153387007218212	0.27449153858096564	0.5423932858666116	0.6048859824484125	0.8075420190557756	0.9771397944678769	0.5997863689614775	0.6472431077694236	0.7969746113410133	0.5514933233665182	0.9629521940345521	0.7237832646612349	0.7124442393477927	0.8007997296688443	0.8097801704800359	0.5228468568263639	0.6046848668688911	0.6829418465043253	0.9799706529713866	0.8018175269442829	0.5678031967019228	0.6020311120168467	0.60701044826424	0.6163025889967637	0.6301397272151266	0.6171776635927451	0.6996987101026269	0.6125728531482667	0.5954273678488925	0.6009242897920348	0.6171417020416414	0.595009133836556	0.9054649824815442	0.8128146453089244	0.8002197743292863	0.8072018425931128	0.8835995406618645	0.8135357965744108	0.8798904336141402	0.807195744567106	0.977134999067686	0.9771397944678769	0.9750113693482372	0.799037406062653	0.7582169826696366	0.7148318278509109	0.9718046912398277	0.8114007834661624	0.9515456755817993	0.6690055196931425	0.6100532871737434	0.975645790530714	0.9737148117641359	0.9737897381389506	0.8201150796807467	0.7966586184886076	0.804796875429766	0.5940247229613662	0.811246957140122	0.5781997137970751	0.8082073794176483	0.8043784118408464	0.44777814411840133	0.8135118982940346	0.5793226951488599	0.7957498683955337	0.5648157121168071	0.8190452524917861	0.8124669836238775	0.7989756016963154	0.8077084675499285	0.8082716015635678	0.8107422582713159	0.7902875156258492	0.540786144470974	0.8060556922388727	0.8009996349647601	0.7978134357873327	0.8086660044564955	0.8016419342097839	0.8035786141588648	0.8069178304644364	0.7907908192250881	0.7982385239276457	0.8049088713527479	0.7994007126660188	0.9511631948754873	0.9752850381216629	0.9969880306958958	0.9965850583166964	0.9965121542107085	0.9973712573276202	0.9973745624270712	0.997496574259513	0.9955295924524162	0.9967579535570258	0.9965850583166964	0.9965850583166964	0.9965850583166964	0.9973745624270712	0.9958081780074346	0.9965850583166964	0.9973745624270712	0.9973745624270712	0.996916779629482	0.9967293754415343	0.9961452733709191	0.9959496678727656	0.9954335417232943	0.9960917007659217	0.996794113782683	0.9960091220068416	0.9974072052401747	0.9967433499205377	0.9967315989018173	0.996749447406059	0.9967458086014787	0.9964186231595702	0.9965557133091445	0.9960917007659217	0.9963995446482937	0.9960210465694616	0.996749447406059	0.996749447406059	0.9961452733709191	0.9964220883428482	0.9967469095640858	0.9970659758934236	0.9973745624270712	0.9973745624270712	0.9967293754415343	0.9973745624270712	0.9958081780074346	0.996820652173913	0.9961452733709191	0.996820652173913	0.996749447406059	0.9958081780074346	0.9967799361223101	0.9974255440231972	0.996546660865782
Pseudomonas_syringae_Erdemli_3_17569_NZ_JAEIJX010000050	0.5992141453831041	0.6115454782382069	0.6281706566458258	0.8054274762513194	0.7729408785209781	0.757536223838339	0.8145649633485605	0.5964378654229612	0.6113004544239509	0.7213406041296488	0.7280828000122486	0.55625568403274	0.8053391169304094	0.6397663756829743	0.6131661021496362	0.976680482111381	0.9790226574500768	0.5845445486719583	0.5922007460155985	0.8060468715454344	0.9725193071357224	0.6329913180741911	0.8879200726612171	0.8103139384250709	0.5621160753247625	0.5747915330339961	0.0	0.4600275671950379	0.4297576381249778	0.4473148473148473	0.8134004237288135	0.6370013439538467	0.5778681959439977	0.5991012459998638	0.6410891865608432	0.0	0.6044534145050291	0.7505750138294465	0.6024096385542168	0.5625040293984913	0.6280172970182005	0.5975965781791024	0.8145092838196286	0.9788734027504	0.5656242304851022	0.633199760199413	0.8088365161717629	0.6181260096930533	0.964750699199537	0.7467252880533657	0.7343260188087775	0.808023881929526	0.7701504606232131	0.59740515038333	0.6061409395973154	0.7430445733028759	0.980584652862363	0.8074110726263126	0.592439339269754	0.5955789831661282	0.5611880226223933	0.5828917486752461	0.6098219104155423	0.5976406658412436	0.7365683389227294	0.5623978012037714	0.5946541093570026	0.5655751935831106	0.5844017461244972	0.5616472077648051	0.8940002608582236	0.8191137213027229	0.7770515020290328	0.774197260904592	0.8880943127348102	0.7797951052931132	0.8819869388594642	0.8115441801189465	0.9788689923919095	0.9788734027504	0.9772408046661112	0.8058748047310869	0.7707629617714868	0.7287234042553192	0.9792031834762424	0.8193783104167781	0.9480696705041683	0.75609330970572	0.6210946676062955	0.9802987262897461	0.9753363228699552	0.9754062890662564	0.8175845717767358	0.7692264161620734	0.7797559063934609	0.5795204015873554	0.7837536264226735	0.5858215410165035	0.7852364149611856	0.8117961868658713	0.6219852178423236	0.7789482484742078	0.4757670075589151	0.7731979067019301	0.5589148289465176	0.788680310515173	0.7881787330316742	0.7735605763301003	0.7772305577826137	0.7849701347409362	0.7741981672394044	0.7667301902946944	0.6044971298529263	0.8134433766305702	0.8055764673079604	0.8051886264412851	0.81709229093035	0.8081053868098674	0.812081784386617	0.8163177900315863	0.794370888970443	0.8052808926697232	0.8053946668905118	0.810890772429234	0.9488330563754062	0.9799870436351857	0.9967370591766948	0.9964397905759163	0.9963651800164496	0.9971443542048729	0.9969335694837295	0.997189683248411	0.9959579407346716	0.9966379491489809	0.9964397905759163	0.9964397905759163	0.9964397905759163	0.9969335694837295	0.995137081723313	0.9964397905759163	0.9969335694837295	0.9969335694837295	0.9965028480593456	0.9959558535758082	0.9965524446301713	0.9952348902947907	0.995205720631653	0.9960533193936226	0.9965429641463478	0.9950182753485853	0.9967076621680453	0.9961817190056884	0.9959585951555289	0.9961888465427393	0.9961845930232558	0.996299037749815	0.9969360498612057	0.9960533193936226	0.9952465207172472	0.9957734352578987	0.9961888465427393	0.9961888465427393	0.9965524446301713	0.9963034815436241	0.9961858799719779	0.9967331454013753	0.9969335694837295	0.9969335694837295	0.9959558535758082	0.9969335694837295	0.995137081723313	0.996289073080882	0.9965524446301713	0.996289073080882	0.9961888465427393	0.995137081723313	0.996660666301427	0.9967308783400427	0.9959339676343824
Pseudomonas_syringae_Erdemli_6_17567_NZ_JAEIJZ010000010	0.5780124819971195	0.6363520326759844	0.6431150736586457	0.7930416771629301	0.7710125372463035	0.7489545581265682	0.8121051234404035	0.6112648814486277	0.6254947229551451	0.7122461538461539	0.7241622250811738	0.5716208852847848	0.8083490955590484	0.6301214319507964	0.6181478889666434	0.9784181192932527	0.9802271368798565	0.5881950852729074	0.6173569364641802	0.794735524082473	0.9698172959805116	0.6229580994068575	0.8835130570352085	0.8054926856196523	0.556108384320581	0.5828164265038013	0.4600275671950379	0.0	0.43917112299465244	0.40953917876994805	0.811860237522152	0.641458408002346	0.577406258990506	0.6065579306385709	0.6305533659151821	0.4600275671950379	0.5923448161091696	0.7316728076639647	0.5930624121358747	0.5527176200187757	0.6256689664066026	0.5956812095325266	0.8074998669292596	0.9792124309200638	0.6132740961812386	0.6231732445712475	0.8044367092104536	0.626909160769748	0.9665866538646184	0.7257271106191969	0.7144601856375183	0.7954334561201248	0.7656462290058682	0.6263440860215054	0.5797244765736889	0.7278585786922076	0.9817515591254338	0.7979329022273808	0.6239672088820036	0.6075187464272505	0.571556166265888	0.6160187667560322	0.6157350035167632	0.599595862730324	0.7550420639371845	0.574304097994013	0.57295275995746	0.6065662002152852	0.6174550567439991	0.6080095027999322	0.8929321112400422	0.8132509164860453	0.7680750916753325	0.7724712643678161	0.883694383188481	0.774982191195327	0.8868974673202614	0.8097498872768745	0.9792081039826079	0.9792124309200638	0.9785392459094143	0.7938118255395683	0.7517108407560287	0.7108781852273076	0.9779070867631753	0.8144575730782627	0.9494377857407637	0.7410046626198645	0.6405358144445544	0.9812113325571308	0.9772236355781693	0.9772879571127704	0.816758772045797	0.7544766528630586	0.7659946919645378	0.5544731678771815	0.7730092345692874	0.5822206848841232	0.7751724529480228	0.8042857942147373	0.61833446789199	0.7735838521455094	0.47150188162846396	0.7644980782274474	0.5669980756895445	0.7785316829434477	0.7751168890409397	0.7726013598589776	0.7667626728110599	0.7764663206652157	0.7654182487630883	0.7550197452583569	0.590041067761807	0.8014229910714286	0.7920240740219928	0.7986360574764257	0.8129588254069582	0.8011951855904385	0.8055341021065807	0.8082578425311148	0.7918006884487332	0.8008405452484308	0.8036108549230039	0.8060064068339562	0.9515961908521241	0.980909782583635	0.9964855647827559	0.996397995406139	0.9959512027309535	0.9969170476812541	0.996757697174188	0.9973556055925015	0.996052488293586	0.9965954326419443	0.996397995406139	0.996397995406139	0.996397995406139	0.996757697174188	0.9957306372613217	0.996397995406139	0.996757697174188	0.996757697174188	0.996645890555673	0.9960723110937704	0.996536548527382	0.995923184207703	0.9954917258321411	0.9961696805461462	0.9962911693264033	0.9954674220963173	0.9965273067636127	0.9962969676567315	0.9960749655584726	0.9963038589780041	0.996299746416188	0.9960455552040494	0.9969451697127938	0.9961696805461462	0.9957103005421338	0.9956814693410339	0.9963038589780041	0.9963038589780041	0.996536548527382	0.9962620242576328	0.996300990713676	0.9964266008040148	0.996757697174188	0.996757697174188	0.9960723110937704	0.996757697174188	0.9957306372613217	0.9959751485683415	0.996536548527382	0.9959751485683415	0.9963038589780041	0.9957306372613217	0.9971401086758703	0.996551724137931	0.9957022380797924
Pseudomonas_syringae_Erzin_1_17571_NZ_JAEIJV010000042	0.5467200340039671	0.6344117267209093	0.6343635240973644	0.782149684709105	0.7631526305261052	0.7494793718691957	0.7998970775439451	0.5725420910413636	0.5750717025467362	0.7052773088226099	0.7176950122903638	0.5582892243350976	0.7795993717796821	0.6029440436732306	0.5760741306309434	0.9776275088123156	0.9774725674006249	0.5800500312695435	0.5322477194982896	0.7833896092841132	0.9701250123043607	0.6076010886469674	0.8811985373424881	0.7844617218092049	0.4682928586870361	0.5729951800213502	0.4297576381249778	0.43917112299465244	0.0	0.23926380368098155	0.7940953207178876	0.5970687251334716	0.5538562520511978	0.5961624428320897	0.603397869022869	0.4297576381249778	0.6023508982835771	0.7118833741644739	0.6274288660458223	0.5636275146009084	0.5837053946087483	0.5850450512652329	0.7958856894726843	0.9771115635750895	0.5507506001218158	0.6078298037691859	0.7833570008520306	0.5806581059390048	0.960911972689588	0.7237247517973298	0.7070998572581146	0.7797795493136098	0.7698017640380752	0.5772412176417401	0.5907054679752419	0.7249678211153351	0.9803545994793968	0.7863866967305524	0.5946378018318068	0.5468860831323592	0.5924874277308336	0.556014984450099	0.581011208661554	0.5644319835326685	0.7223550161286579	0.5966521754013624	0.5838351168151945	0.5501786409140754	0.5575952271684259	0.5443587443946188	0.8902201902359557	0.7995571229393914	0.7645363339061028	0.7610186379088032	0.8813857589367793	0.7694331983805668	0.8787831553789001	0.792964824120603	0.9771067415730337	0.9771115635750895	0.9752193246004086	0.7810742568575691	0.7459923979507519	0.7166403809877231	0.9776019505665249	0.7942698299113777	0.9457488661137143	0.7484095193213949	0.6144721636870369	0.9784769742925837	0.975490077003425	0.9755601307981107	0.8026266010917149	0.7512509761952969	0.7613226452905811	0.5614138336910615	0.7725145369451142	0.527258199251807	0.7696473841899055	0.795506961646878	0.6240459260225716	0.7672203639662112	0.48848571819051523	0.759196077869205	0.5193935945918811	0.7777395097870387	0.7756952841596131	0.7628692704327266	0.7631264045763652	0.7693834160170092	0.7663355985363304	0.7525187144706478	0.5786023155251778	0.8004175600947974	0.7850304363979309	0.7824937498203971	0.8000923235669481	0.7875573394495413	0.7871538587579878	0.7904048058640359	0.7754052414111936	0.7924109026469016	0.7775822273514137	0.7884557516071673	0.9471536574375407	0.9781441180591229	0.9968675967359831	0.9967271095626469	0.996333565273243	0.9971993236102304	0.9969069965870307	0.9977761304670126	0.9963642373161461	0.9969278847427103	0.9967271095626469	0.9967271095626469	0.9967271095626469	0.9969069965870307	0.9960002119093028	0.9967271095626469	0.9969069965870307	0.9969069965870307	0.997035335594669	0.9967396734414851	0.9968664419633453	0.99625600260452	0.9959039895142131	0.9964956656917767	0.9966723008662581	0.9965090274368625	0.9969261170271161	0.9969637482004973	0.9967419007330723	0.9969694594665204	0.9969660511586546	0.9964275240608921	0.9972805280528053	0.9964956656917767	0.9967286363999043	0.9960014731414742	0.9969694594665204	0.9969694594665204	0.9968664419633453	0.996643142230328	0.9969670823855465	0.9968115633967478	0.9969069965870307	0.9969069965870307	0.9967396734414851	0.9969069965870307	0.9960002119093028	0.9963109714441863	0.9968664419633453	0.9963109714441863	0.9969694594665204	0.9960002119093028	0.9974762080025238	0.9969479793988609	0.99655643618475
Pseudomonas_syringae_Erzin_2_17572_NZ_JAEIJW010000011	0.5679969274815824	0.6332632940035559	0.6343628088426527	0.779582963874031	0.7604996275711912	0.7388280052240077	0.7954421842706407	0.5868185405015953	0.5942913654344564	0.7160225792444637	0.7070989204117499	0.5630517640160276	0.7855007268837261	0.607413647851727	0.5959398856595118	0.9764900821286201	0.9776377952755906	0.5892468662591941	0.56244108508187	0.7808402309639617	0.9695559003916353	0.6005147082776818	0.8835022847838647	0.7817762858443331	0.4899975127029812	0.5815561774260993	0.4473148473148473	0.40953917876994805	0.23926380368098155	0.0	0.8005502805351747	0.6109464466150218	0.5557231384635561	0.6098715808836053	0.607864731795802	0.4473148473148473	0.605692005198787	0.7192322733973106	0.6213372187145864	0.5673680802848818	0.6180287043711907	0.5927528765241284	0.7923927248965367	0.9756646504431002	0.565269843522691	0.6007488197948885	0.7806662870159453	0.5850868709774235	0.9627447160806467	0.731534486493177	0.7164077909270217	0.7791571852406602	0.7611506993929797	0.5950577260246783	0.592036910457963	0.7305089293700248	0.9791185006640759	0.7864332233781612	0.6231557644601122	0.5705859770355635	0.6020869446993644	0.5741813865810235	0.5951333516634589	0.5811285002456312	0.7223176563443057	0.6062306567357072	0.586976680289865	0.5645212150940753	0.575722704606479	0.5596747274599624	0.8867315195613202	0.7996062130824765	0.7586908077994429	0.7576719576719577	0.8836855629555823	0.7635380635409703	0.8828586224754014	0.7923553719008265	0.9756595145972564	0.9756646504431002	0.9742978846292687	0.7782796317606444	0.7581718963165075	0.7077531694857179	0.976566053091414	0.7987162606978275	0.9456491764646895	0.7597734372719045	0.6138512824001633	0.9790361724257483	0.9755060384419119	0.9755760703641783	0.8066115257159792	0.7447136499810942	0.7554097605893186	0.5768611463222446	0.770533735008242	0.5203329196174344	0.7644198767111394	0.7927372387804043	0.6249388593602243	0.7596998744722128	0.49460462266398886	0.7516807571342009	0.5058950711124623	0.770654653614023	0.7704633539654075	0.7567443725299272	0.7591822388846582	0.7621587700031378	0.760507880910683	0.746059594216022	0.5416964924838941	0.7898123629737195	0.7836166924265843	0.7817695449577173	0.7956596417568635	0.784817039868924	0.7870997705168834	0.7874098433138973	0.7755202312138728	0.7896666478650798	0.782021050209927	0.7881367530725645	0.947054698457223	0.9787089996498191	0.9968135253996261	0.996381309596133	0.9962245963531208	0.9971186888712662	0.9972534798144099	0.997004877014419	0.9959200551343901	0.9965810606662956	0.996381309596133	0.996381309596133	0.996381309596133	0.9972534798144099	0.9954129656635291	0.996381309596133	0.9972534798144099	0.9972534798144099	0.9963100617663574	0.9963952111564268	0.996098281134662	0.9958456651008716	0.9955455961522696	0.9956736222861213	0.9966179617935371	0.9960967354514685	0.9968973091707852	0.9966210021740839	0.9963976755804476	0.9966273628068708	0.9966235669790086	0.9963725594793555	0.9965107980227855	0.9956736222861213	0.9963000425894378	0.9959470484511935	0.9966273628068708	0.9966273628068708	0.996098281134662	0.9959249556772777	0.9966247154556634	0.9968102921240797	0.9972534798144099	0.9972534798144099	0.9963952111564268	0.9972534798144099	0.9954129656635291	0.9963094587206124	0.996098281134662	0.9963094587206124	0.9966273628068708	0.9954129656635291	0.996974002736554	0.9969193860581772	0.9965001503841632
Pseudomonas_syringae_ICMP_11293_3802_NZ_LKEP01000002	0.7968636981743483	0.8077682869146657	0.8166481378543635	0.3829986162534126	0.8308217533939669	0.8264646043090407	0.3373234999814698	0.8009303126884314	0.8014511873350924	0.7810276220627959	0.7817704535511156	0.814539665693818	0.3109746911720398	0.6561333127603766	0.7915843310473091	0.9785014899957428	0.9777225356152596	0.8030859025109076	0.7800344837663287	0.39645560273213953	0.9713017320848091	0.6997042745765749	0.8005901840149217	0.3743069084369849	0.8024914495453661	0.8124950152864548	0.8134004237288135	0.811860237522152	0.7940953207178876	0.8005502805351747	0.0	0.7995348703666485	0.8147115078100096	0.7971629556421138	0.6570036390550793	0.8134004237288135	0.8082338063790924	0.7884642385779674	0.8198129205185711	0.8168716676344824	0.809430966771579	0.7998497717686486	0.3292546861053258	0.9780661248614703	0.7977541267188554	0.6991665919885295	0.37241663853568885	0.8079673985362608	0.9663330300272975	0.7888862987353575	0.7855951216705978	0.40491663262653643	0.8300680383638003	0.8015481858936875	0.794290003175428	0.7812800090380161	0.9835245802633168	0.3677395209580838	0.8002413493110319	0.7988256392456323	0.7868613988129873	0.800393940271703	0.8098437858947852	0.8027038075216071	0.8592586514595171	0.7905047447167725	0.7955011405965753	0.7965001738324256	0.8013314037626629	0.7958956643929858	0.918795539222543	0.36317455643083263	0.8386341413205702	0.8339413077802581	0.8008227249986103	0.8253950953678474	0.7809476003234892	0.27676280209889315	0.9780615661732444	0.9780661248614703	0.975180923003915	0.3869190404797601	0.7969141604010025	0.7932568149210903	0.9787143766353158	0.4086376354114355	0.9453461329110793	0.8705792842900619	0.7919894752229206	0.9774659475271963	0.975496895154523	0.9755660219475458	0.45394396774527035	0.826912758879708	0.829415535847847	0.794791070406411	0.8390019071837254	0.7978826075512532	0.8392627173213136	0.8337324480243823	0.8125086827262371	0.8303324835351604	0.8161010677661487	0.8315562190115691	0.753492125326952	0.8342160730692321	0.8347308628617798	0.8323466164016248	0.835182723351149	0.8357035036148407	0.8299983687673318	0.833025662359273	0.8021512858426836	0.4067690031440725	0.3493158560423134	0.39863453215937916	0.3144729902810216	0.36581737737432296	0.2930190183350415	0.3921724661795558	0.4068494675522244	0.3828188917813313	0.34180638182801515	0.3483849581967515	0.9471759648169195	0.976536338652687	0.996027109137649	0.9961998958875585	0.9960960168820892	0.9972397989740385	0.9955533336841551	0.9974421214731293	0.9966911664994169	0.9964485297957905	0.9961998958875585	0.9961998958875585	0.9961998958875585	0.9955533336841551	0.9964773112752133	0.9961998958875585	0.9955533336841551	0.9955533336841551	0.9968410245610341	0.9963444038267092	0.9966772234048077	0.9964456559501857	0.9959381304640215	0.9964940528748767	0.9960409449639257	0.996534121440086	0.9969451203027845	0.9963598812443527	0.996346866336762	0.9963666348854588	0.996362604478382	0.9959256630654786	0.9970849275135993	0.9964940528748767	0.9966973342769521	0.9958246887966805	0.9963666348854588	0.9963666348854588	0.9966772234048077	0.9966132603881724	0.996363823916239	0.9964111699062189	0.9955533336841551	0.9955533336841551	0.9963444038267092	0.9955533336841551	0.9964773112752133	0.9962309866738457	0.9966772234048077	0.9962309866738457	0.9963666348854588	0.9964773112752133	0.9966805840097508	0.996966524388607	0.996283629116958
Pseudomonas_syringae_ICMP_4122_6689_NZ_LKBX01000039	0.5624718932693749	0.6216911892587569	0.6209700028034764	0.7885430543781035	0.8032004243656617	0.8007235973123529	0.80557069504604	0.4804211522536378	0.4857075545782943	0.6400238696995226	0.6779405207011285	0.6233977551969183	0.7897063099738296	0.6890666146493709	0.5725290264959809	0.9767263230662877	0.9777944369765278	0.5735464356398671	0.45010863442504223	0.7895655838877683	0.9706809583858764	0.6909285783883854	0.8771796388630666	0.7925208922022485	0.5917429571241737	0.6229273965775046	0.6370013439538467	0.641458408002346	0.5970687251334716	0.6109464466150218	0.7995348703666485	0.0	0.6188649027393147	0.5778448693577845	0.6890666146493709	0.6370013439538467	0.6017200157013882	0.6818016709044679	0.6107728174257977	0.6304855967078189	0.49773824457368765	0.568231073910769	0.8012993733111022	0.9786201403753297	0.45921696574225124	0.6911091635018015	0.7913582475777818	0.49886775362318836	0.9596551544512163	0.6950987066031313	0.6774182607515941	0.7764021066247806	0.7966261398176292	0.48560343843900955	0.5865483350447411	0.6846006852925672	0.9801018533102326	0.7926643350372164	0.5786104718066744	0.5715138179241412	0.5681268376195616	0.4546999554890139	0.5646312152621301	0.5540416411512554	0.738956693387256	0.5726416148374363	0.5854680436620237	0.4426695931390481	0.45582467348671707	0.45306888671237344	0.9091757677587977	0.7998777790711209	0.8211201440265549	0.7778771983955569	0.8769763123839531	0.7879717984562086	0.8750868224376962	0.7977605710831582	0.9786153501456347	0.9786201403753297	0.9767525218905218	0.7788479234402798	0.7168647645280082	0.6728869749478793	0.9782924405717344	0.796612648452583	0.951181856899489	0.6939953431935197	0.5942285693199011	0.979525120440468	0.9766610542675819	0.9767321746765488	0.8147895141320126	0.7972383073496659	0.8052326436916919	0.49684951099771923	0.8117116853472243	0.5498085758039817	0.805513290969301	0.7973965287049399	0.6362726488352027	0.7954793590840685	0.6272249925695981	0.7978685612788632	0.6236715775533852	0.7920348626074325	0.7928945694642154	0.8048852007154796	0.8000423062975945	0.8085977482088025	0.7801066372494944	0.8069763445787272	0.559488692232055	0.7979849778287231	0.7874554916461244	0.7790865754267261	0.8071309544331438	0.7831321600786265	0.7988950594193307	0.8023995584347674	0.7806810156897663	0.7985377499253954	0.784811288989562	0.7985218972834089	0.950351774864087	0.9793089743908194	0.995806296222833	0.9965359607030296	0.9954434030281183	0.9963305361968425	0.9965835032011714	0.9970641051221389	0.9950299098241123	0.9967227130236535	0.9965359607030296	0.9965359607030296	0.9965359607030296	0.9965835032011714	0.9954953670705631	0.9965359607030296	0.9965835032011714	0.9965835032011714	0.9963169707084076	0.9966070065315125	0.9961745536979314	0.9954935182746613	0.9953155382711685	0.9953477816861455	0.9955922081615243	0.9950228243263143	0.9963858277047043	0.9966226675297627	0.9966094990534852	0.9966294975142544	0.9966254218222722	0.995346298583781	0.9961618286754045	0.9953477816861455	0.9954720009170631	0.9948746991363443	0.9966294975142544	0.9966294975142544	0.9961745536979314	0.9963597065013367	0.9966266550473674	0.9960800022890498	0.9965835032011714	0.9965835032011714	0.9966070065315125	0.9965835032011714	0.9954953670705631	0.9959022434480116	0.9961745536979314	0.9959022434480116	0.9966294975142544	0.9954953670705631	0.9964060333361632	0.9964135579269189	0.9954561548448011
Pseudomonas_syringae_KCTC_12500_26106_NZ_AYTM02000002	0.5926293118183994	0.5962817162327566	0.5871313672922251	0.79145381163388	0.7800910316925151	0.768197645498259	0.8068239778797884	0.6020018259899232	0.5856493351109289	0.7139496734655979	0.6993583291394061	0.48756235905145906	0.7990268955264225	0.631847739888977	0.5737597006651884	0.9781164890821349	0.9786079490642485	0.577479446352378	0.5788804071246819	0.7895714325913836	0.9705543432956579	0.6476050064305656	0.8911325952492333	0.8002233389168063	0.6380213323114262	0.501540753784159	0.5778681959439977	0.577406258990506	0.5538562520511978	0.5557231384635561	0.8147115078100096	0.6188649027393147	0.0	0.6035658280493625	0.6331917860311826	0.5778681959439977	0.5684870798390946	0.6882291538744933	0.5763733884132325	0.4953410361535594	0.5807879295892707	0.61931780030887	0.8075768942235559	0.9784006710471131	0.5802931197313652	0.6478038687023858	0.7984118995694235	0.5939109760929864	0.9644907351338259	0.7331116448057147	0.7155323398371486	0.7988309377912066	0.796850170261067	0.5457864210167178	0.5949711179068977	0.6927406772920555	0.9806205344034452	0.7988154162727323	0.5617801936470188	0.5945299145299145	0.5817988181943108	0.5993508711991801	0.6127603462266702	0.5938680062359258	0.7129698722134129	0.5867033155815152	0.593699982972927	0.5799578714734626	0.6001160964283275	0.5753376723353629	0.902209593502264	0.8122472091894515	0.7798848536112855	0.7896418889998573	0.8913020914422128	0.8049435937631217	0.8825715539267556	0.8071663678450052	0.9783961406697895	0.9784006710471131	0.9770167172888814	0.799098337559876	0.7602551920727569	0.7159069882193302	0.9744257749946222	0.813173458640525	0.9515908695760165	0.6982595419847328	0.6286585979146411	0.9759495425561409	0.9765878198616553	0.9764322759618864	0.8258974562168159	0.7789399492528898	0.7864511980317053	0.588496174419392	0.7907579176067518	0.5600580407701019	0.8023814847942755	0.7973987702247032	0.5855891985829824	0.800373955125385	0.5558592860164665	0.788075033497097	0.5642186994500162	0.80991643454039	0.8018367174993681	0.7899955560493279	0.7934674650245467	0.792613951425086	0.79398947308846	0.776120224595398	0.575974930362117	0.8058899277756004	0.8075320826460145	0.8000112924171419	0.8082537975534346	0.8050133783974088	0.8058861370215503	0.80620848583435	0.7934508101359212	0.7967872607906132	0.8031928372328744	0.7995568525724168	0.9509733237202596	0.9755915433798479	0.9962997953078255	0.9963958749868462	0.9959722592691385	0.9966019545346785	0.9965451259700223	0.9971758122838968	0.9959371911716263	0.996594868546088	0.9963958749868462	0.9963958749868462	0.9963958749868462	0.9965451259700223	0.9954049700266723	0.9963958749868462	0.9965451259700223	0.9965451259700223	0.9964854358592045	0.9960676366496264	0.9965355240019947	0.9956455887921242	0.9954821326511172	0.9959020699800357	0.9961032122169563	0.9952663365797921	0.996306530601078	0.9962940731268105	0.9960703151607241	0.9963010237307562	0.9962968758149481	0.9959071943019641	0.9969473684210526	0.9959020699800357	0.9955428207577205	0.9954366640440598	0.9963010237307562	0.9963010237307562	0.9965355240019947	0.9962588260090631	0.9962981308167574	0.9963449517957411	0.9965451259700223	0.9965451259700223	0.9960676366496264	0.9965451259700223	0.9954049700266723	0.995887463572732	0.9965355240019947	0.995887463572732	0.9963010237307562	0.9954049700266723	0.9968809792152649	0.9963327175920895	0.9953110517419989
Pseudomonas_syringae_KF529_17593_NZ_CP074409	0.5176268271711092	0.6006141102542131	0.596986410006849	0.7846286117849357	0.7987682740889115	0.7994481556781876	0.8014310229487217	0.5034954049171314	0.4826721839812199	0.6917087829531485	0.6736157031984129	0.600484426704875	0.7877512581300214	0.6788978672671877	0.5335601608413238	0.9757241307839785	0.9767685223943072	0.49523885413761504	0.48101770617323336	0.7851688962189237	0.9682890462750945	0.6744015957446808	0.8817606852151224	0.783350172989192	0.6384051962410171	0.5889557887493548	0.5991012459998638	0.6065579306385709	0.5961624428320897	0.6098715808836053	0.7971629556421138	0.5778448693577845	0.6035658280493625	0.0	0.6802527541601879	0.5991012459998638	0.5760426235531876	0.6972816046450251	0.5755094679891795	0.6008224858104204	0.5138392517679264	0.5583165265040526	0.8017364034960365	0.9758115368123692	0.519776474318326	0.6745963186922719	0.781932992060816	0.4930095376718888	0.9604293832877289	0.7019484299558265	0.6786362857632345	0.7801334781933882	0.7912461030342316	0.4967365166609412	0.30843320017754106	0.7040525020508613	0.9760407227759714	0.7864670331339023	0.4760661105480627	0.44765535333661255	0.41280040053404543	0.5417117256295381	0.46724802271344557	0.528408195429472	0.7023827364004196	0.41979066761185935	0.2807643657390676	0.5183620790801361	0.5434556185626663	0.5153123885741453	0.9127919405697184	0.8030151932891418	0.8182854212370723	0.7873591680079237	0.8819615504402729	0.8002311224644953	0.878680998768335	0.7896462871866947	0.9758060447045764	0.9758115368123692	0.9744487678339818	0.7780501427330272	0.7380052946250633	0.6890959989075516	0.9751472563811099	0.7995635634454896	0.9499649727865496	0.6821116724097555	0.5246004387339391	0.9776550213994227	0.9756999056307015	0.9757748392829143	0.8172607772228919	0.7986569132989567	0.8058272632674297	0.5140847791645735	0.8159740642499264	0.5249143262299603	0.7923222344188315	0.7904350509102129	0.5983215579385288	0.7913998443952361	0.6230419065470612	0.8027594016329936	0.6126791434833924	0.8025050799138689	0.7912680892813343	0.8077696310312205	0.7933767510444827	0.8076729671369834	0.7955650711117908	0.80435602215713	0.5231185536687712	0.7924453158507444	0.781963717279105	0.7789352571677344	0.7981747981747982	0.7809437894671354	0.7893502915921813	0.792147806004619	0.7668037547483754	0.7891040646946159	0.779738968303294	0.7867621067515023	0.9487262521588946	0.9774161909312677	0.99584086280584	0.9962910784623789	0.9958845334345173	0.9966317365269461	0.9967740060451058	0.9972590882862089	0.9956919925287703	0.9967109059434507	0.9962910784623789	0.9962910784623789	0.9962910784623789	0.9967740060451058	0.9950041872419071	0.9962910784623789	0.9967740060451058	0.9967740060451058	0.9965046168186188	0.9964502461926028	0.9964439346142816	0.995674074074074	0.9955849889624724	0.9958092941818077	0.9959711070822181	0.9956478969803559	0.9963692012242693	0.9966955332725616	0.9964528863207277	0.9967022970206959	0.9966982608943159	0.9956093163909162	0.9968072254501524	0.9958092941818077	0.9961435861749014	0.9952434167168114	0.9967022970206959	0.9967022970206959	0.9964439346142816	0.9963434296901993	0.996699482160132	0.9962346125995656	0.9967740060451058	0.9967740060451058	0.9964502461926028	0.9967740060451058	0.9950041872419071	0.9953695405389257	0.9964439346142816	0.9953695405389257	0.9967022970206959	0.9950041872419071	0.9968789371206047	0.9963974156667759	0.9959377520236566
Pseudomonas_syringae_Karpuz_1_hishtil_a_17552_NZ_JAEILI010000040	0.6640010662401705	0.7094942435493432	0.7004965368923748	0.6209618814824602	0.7975808512450666	0.7853752512843422	0.6687536445385631	0.6891905087393809	0.681184554973822	0.7300392156862745	0.7386402780822348	0.6344609547897566	0.6375377073906485	0.002943829827643518	0.6661343978709249	0.9780429828215748	0.9793042059194422	0.6579743262316016	0.6601657403401338	0.6210342900351777	0.970978044916128	0.24919835089326614	0.8477562326869806	0.6514015383130048	0.6908277968449887	0.6443551425342208	0.6410891865608432	0.6305533659151821	0.603397869022869	0.607864731795802	0.6570036390550793	0.6890666146493709	0.6331917860311826	0.6802527541601879	0.0	0.6410891865608432	0.6823480164863472	0.7461698221111881	0.7125861376348073	0.6468494348341972	0.7051346431485783	0.6764258806423897	0.6548050419647558	0.9792138987661981	0.6704013996837253	0.24844875692333324	0.6507502092858523	0.6805149396058487	0.9635965784762284	0.7387089667327605	0.7304179783686064	0.6365698878768947	0.797730909090909	0.6919347730277655	0.6620050491629019	0.7293909542834487	0.9814298978644382	0.6349319507453013	0.6944567487185977	0.6732827462805262	0.6574290484140234	0.6715245890730019	0.6893859879296773	0.6649211121997365	0.7933202532774458	0.6629175983713247	0.6624659174037375	0.6669329339324347	0.6719222965106609	0.6651739115795144	0.9073156056662263	0.6659009778053702	0.799246175855618	0.8009048461471535	0.8479132671405261	0.7999884669722919	0.8518367457922071	0.6573253911916299	0.979209433331742	0.9792138987661981	0.9772660388463802	0.6405457579426104	0.7670380712765075	0.7330730793254217	0.977015991002005	0.666749587984701	0.9536321090650117	0.8035868501352985	0.683587811487871	0.9810120618168111	0.9770066474848695	0.9770737498145126	0.6811492854971115	0.7917274521582425	0.7961667519763408	0.6724836601307189	0.800747727079616	0.668145906875105	0.8076549834455988	0.7974885911112403	0.6882373517346647	0.8030320076503347	0.6324996842238222	0.7983484207837906	0.4700250821351609	0.7994177667608232	0.8020392292404736	0.80193972201077	0.798910366012693	0.8078639387050602	0.796122975283243	0.7935108985765125	0.6551747425291238	0.6653936262396097	0.6471009305654976	0.6521696701580899	0.666420027130349	0.6545756205471875	0.6636237897648686	0.6533554838103	0.6419069462647444	0.6511433710174717	0.6558100304937391	0.6596487973783467	0.952815054365817	0.9806987481555524	0.9965991902834008	0.9962642122360584	0.9961845680876177	0.9969111550654347	0.9969377990430622	0.9972298416664404	0.9956436875901672	0.9965230618786332	0.9962642122360584	0.9962642122360584	0.9962642122360584	0.9969377990430622	0.9953258329257025	0.9962642122360584	0.9969377990430622	0.9969377990430622	0.9964922857690938	0.99641422447494	0.9963540119372349	0.9952638323953864	0.9947547053378587	0.9957291525881876	0.9963980067164988	0.9952650453883223	0.9970713300104193	0.9964300093947122	0.9964167362664008	0.9964368955447799	0.9964327861817401	0.9960070014221639	0.9967773384607052	0.9957291525881876	0.9958511886890302	0.9957112801424178	0.9964368955447799	0.9964368955447799	0.9963540119372349	0.9960957622753029	0.9964340295466123	0.9966485013623978	0.9969377990430622	0.9969377990430622	0.99641422447494	0.9969377990430622	0.9953258329257025	0.9964958510876878	0.9963540119372349	0.9964958510876878	0.9964368955447799	0.9953258329257025	0.9964390730799321	0.9970926981997092	0.9963537430230275
Pseudomonas_syringae_Kozan_2015_1_17562_NZ_JAEIKF010000024	0.5992141453831041	0.6115454782382069	0.6281706566458258	0.8054274762513194	0.7729408785209781	0.757536223838339	0.8145649633485605	0.5964378654229612	0.6113004544239509	0.7213406041296488	0.7280828000122486	0.55625568403274	0.8053391169304094	0.6397663756829743	0.6131661021496362	0.976680482111381	0.9790226574500768	0.5845445486719583	0.5922007460155985	0.8060468715454344	0.9725193071357224	0.6329913180741911	0.8879200726612171	0.8103139384250709	0.5621160753247625	0.5747915330339961	0.0	0.4600275671950379	0.4297576381249778	0.4473148473148473	0.8134004237288135	0.6370013439538467	0.5778681959439977	0.5991012459998638	0.6410891865608432	0.0	0.6044534145050291	0.7505750138294465	0.6024096385542168	0.5625040293984913	0.6280172970182005	0.5975965781791024	0.8145092838196286	0.9788734027504	0.5656242304851022	0.633199760199413	0.8088365161717629	0.6181260096930533	0.964750699199537	0.7467252880533657	0.7343260188087775	0.808023881929526	0.7701504606232131	0.59740515038333	0.6061409395973154	0.7430445733028759	0.980584652862363	0.8074110726263126	0.592439339269754	0.5955789831661282	0.5611880226223933	0.5828917486752461	0.6098219104155423	0.5976406658412436	0.7365683389227294	0.5623978012037714	0.5946541093570026	0.5655751935831106	0.5844017461244972	0.5616472077648051	0.8940002608582236	0.8191137213027229	0.7770515020290328	0.774197260904592	0.8880943127348102	0.7797951052931132	0.8819869388594642	0.8115441801189465	0.9788689923919095	0.9788734027504	0.9772408046661112	0.8058748047310869	0.7707629617714868	0.7287234042553192	0.9792031834762424	0.8193783104167781	0.9480696705041683	0.75609330970572	0.6210946676062955	0.9802987262897461	0.9753363228699552	0.9754062890662564	0.8175845717767358	0.7692264161620734	0.7797559063934609	0.5795204015873554	0.7837536264226735	0.5858215410165035	0.7852364149611856	0.8117961868658713	0.6219852178423236	0.7789482484742078	0.4757670075589151	0.7731979067019301	0.5589148289465176	0.788680310515173	0.7881787330316742	0.7735605763301003	0.7772305577826137	0.7849701347409362	0.7741981672394044	0.7667301902946944	0.6044971298529263	0.8134433766305702	0.8055764673079604	0.8051886264412851	0.81709229093035	0.8081053868098674	0.812081784386617	0.8163177900315863	0.794370888970443	0.8052808926697232	0.8053946668905118	0.810890772429234	0.9488330563754062	0.9799870436351857	0.9967370591766948	0.9964397905759163	0.9963651800164496	0.9971443542048729	0.9969335694837295	0.997189683248411	0.9959579407346716	0.9966379491489809	0.9964397905759163	0.9964397905759163	0.9964397905759163	0.9969335694837295	0.995137081723313	0.9964397905759163	0.9969335694837295	0.9969335694837295	0.9965028480593456	0.9959558535758082	0.9965524446301713	0.9952348902947907	0.995205720631653	0.9960533193936226	0.9965429641463478	0.9950182753485853	0.9967076621680453	0.9961817190056884	0.9959585951555289	0.9961888465427393	0.9961845930232558	0.996299037749815	0.9969360498612057	0.9960533193936226	0.9952465207172472	0.9957734352578987	0.9961888465427393	0.9961888465427393	0.9965524446301713	0.9963034815436241	0.9961858799719779	0.9967331454013753	0.9969335694837295	0.9969335694837295	0.9959558535758082	0.9969335694837295	0.995137081723313	0.996289073080882	0.9965524446301713	0.996289073080882	0.9961888465427393	0.995137081723313	0.996660666301427	0.9967308783400427	0.9959339676343824
Pseudomonas_syringae_LMG5095_7342_NZ_CP028490	0.5583228480497373	0.48146330413772276	0.4619826756496631	0.7942399049881235	0.7936475409836066	0.7906711198652622	0.803891028545537	0.5641373743303735	0.5733644178930497	0.6829701047839041	0.6800215837043033	0.41888182877768165	0.7966710368808072	0.681923597242801	0.5597619135642722	0.9780308374483523	0.9784445462411564	0.5207229191291417	0.5394093268117837	0.7969869394734515	0.9708150064683053	0.6716786282596694	0.8824650571791613	0.7928696218649137	0.5930345835362884	0.47334592199869274	0.6044534145050291	0.5923448161091696	0.6023508982835771	0.605692005198787	0.8082338063790924	0.6017200157013882	0.5684870798390946	0.5760426235531876	0.6823480164863472	0.6044534145050291	0.0	0.6716608746967412	0.4684606372122907	0.40874123237046533	0.5232819229211911	0.5658214785877497	0.8021523647691872	0.9780063329978644	0.5469483568075117	0.6718704358832884	0.7909363229231545	0.5009097322787865	0.961897933577446	0.6913148695885991	0.6854913678618858	0.7922431865828092	0.7882469999396973	0.47825432089467934	0.5760541346818496	0.6518846269004291	0.9807255064076065	0.7955627387599178	0.49762234620137047	0.560005922854816	0.5590101054805636	0.5650919314860716	0.5737223059117463	0.5519375165075652	0.6793539220818066	0.5619388923781727	0.5626976538942414	0.553850156087409	0.5655695266272189	0.5519912752435034	0.9039200819399551	0.8029240937312238	0.8129136760968526	0.7834125086992042	0.8822279849922754	0.793556654944269	0.8818038319181363	0.8031133461408069	0.9780014731156396	0.9780063329978644	0.9764319959626545	0.7872876778104556	0.7373681610831857	0.6857771407619746	0.9741127243395846	0.8070711978734959	0.9504067173970087	0.6494035884927662	0.5555306678612759	0.9765740808242813	0.9772779435391324	0.9773461137525108	0.8216816381186185	0.7906846735516521	0.7975773496789258	0.5547950219619326	0.8024820530705961	0.5359942165740812	0.7886845321489254	0.7822810097463526	0.38965835641735924	0.7883096366508688	0.6247798578044486	0.7896251909293854	0.6118243465665942	0.7978754970031452	0.7929161817802047	0.7892672073074334	0.7859703020993344	0.7968099659458043	0.7835877058310003	0.7991360691144709	0.5337123365548607	0.8014934660858744	0.7901334290671932	0.7892190739460954	0.8054287091925008	0.7994985224321662	0.7962015239394973	0.7974985623921794	0.7886528232713286	0.7978050431047166	0.7960982313575526	0.7989416484110501	0.9493391491709804	0.9763296174434023	0.9968265456671214	0.996677833612507	0.9963173847766352	0.9970651535902955	0.9971789663732792	0.9974504804863699	0.9959682131588173	0.9966651720659119	0.996677833612507	0.996677833612507	0.996677833612507	0.9971789663732792	0.9956271899088998	0.996677833612507	0.9971789663732792	0.9971789663732792	0.9967198280737473	0.996691319579603	0.9966017659675218	0.995830937320299	0.9955711225612227	0.9959295193487231	0.9966198284772467	0.9960967993754879	0.9972660112849747	0.9967063382230833	0.9966937097132696	0.9967128887906745	0.996708979783733	0.9964168829703194	0.9970391061452514	0.9959295193487231	0.996368345485769	0.9959106462291707	0.9967128887906745	0.9967128887906745	0.9966017659675218	0.9963083118917104	0.9967101625566737	0.9968796559188148	0.9971789663732792	0.9971789663732792	0.996691319579603	0.9971789663732792	0.9956271899088998	0.9967289043276886	0.9966017659675218	0.9967289043276886	0.9967128887906745	0.9956271899088998	0.9969682641226045	0.9972866091273851	0.9965532223026792
Pseudomonas_syringae_M11_20731_NZ_JAROCH010000010	0.6886480771772169	0.6625522466039707	0.6623816412414518	0.7735093444081875	0.7929089443996777	0.7936574579449716	0.7894529269254607	0.6890701039063527	0.6926504800288344	0.49592794145243013	0.667368491411002	0.6912983636641689	0.7812455667470564	0.74575454654944	0.694041391109795	0.9756176207957139	0.976129048418205	0.6851593161710903	0.6725510441994471	0.7733286085518545	0.9699211797609967	0.749684703621404	0.8645460058437621	0.7809957409311206	0.6976847165991903	0.6886572654812998	0.7505750138294465	0.7316728076639647	0.7118833741644739	0.7192322733973106	0.7884642385779674	0.6818016709044679	0.6882291538744933	0.6972816046450251	0.7461698221111881	0.7505750138294465	0.6716608746967412	0.0	0.6854229727576868	0.6923334653224087	0.6688931608614903	0.6846033905052582	0.7857384728257802	0.9753573069575101	0.6899889473155374	0.7498199279711885	0.7793464513662167	0.6436466822846207	0.9622366369990446	0.5374746543778801	0.5620765884618127	0.7623353528046538	0.7836889972062058	0.6584944413653702	0.6798106211097867	0.489381956649092	0.9789877534427562	0.7833668678739101	0.6702574283203697	0.6936818166836953	0.6984697881245095	0.6910644498907068	0.6987531664308978	0.6970151242587781	0.7614875613861158	0.7025125956945626	0.6834292137803346	0.6780034010203061	0.6924069478908188	0.685020107238606	0.9059168794251573	0.7859587087943425	0.8055962213076264	0.7940500736377025	0.8643633860977289	0.7882636561415888	0.8726919863069085	0.7808672531326903	0.9753519423346717	0.9753573069575101	0.9739123953390146	0.766673660861485	0.6595383262049929	0.5554956121421378	0.9722945655678746	0.7864449397108406	0.9463814598313589	0.7759635974304069	0.682967565220296	0.9740458746348705	0.9746415928092595	0.9744854524512995	0.8068689785379126	0.7870107277471731	0.7941793920570558	0.6682781456953643	0.8058316011275948	0.6762988218613915	0.7877695733708392	0.7760748110304443	0.6626395573453819	0.7836738227146814	0.7346782280422344	0.7873416989533337	0.7342911086199776	0.7955089645506045	0.7933792295298081	0.7970505015862128	0.7941591256316841	0.7961945636623748	0.7927523474178404	0.8042111704494882	0.6822542367215965	0.7657795360546664	0.7616985444484542	0.7712326305701964	0.7845128350588569	0.7734215885947047	0.7875077408095479	0.7846821634587926	0.7529622652974418	0.7738702355334139	0.7675857511863999	0.7863863694159532	0.9469056301238783	0.9737790571103747	0.9951358146144177	0.9960030661410425	0.9954725995055967	0.9967945205479452	0.9959876030770933	0.9963447479799923	0.9947015694810402	0.9961812137696091	0.9960030661410425	0.9960030661410425	0.9960030661410425	0.9959876030770933	0.9948320413436692	0.9960030661410425	0.9959876030770933	0.9959876030770933	0.9960635378260749	0.995882080231258	0.9953811254748695	0.9941896541998082	0.9944378228049265	0.9951052775499043	0.994871935501563	0.9938993246694285	0.9961798329389628	0.9959004153883746	0.9958849979561248	0.9959084134941065	0.9959036406055016	0.9951565137970164	0.9957793186614411	0.9951052775499043	0.9944728478651375	0.9942378065432301	0.9959084134941065	0.9959084134941065	0.9953811254748695	0.9957772354602539	0.9959050847457627	0.9961963562195089	0.9959876030770933	0.9959876030770933	0.995882080231258	0.9959876030770933	0.9948320413436692	0.9956868420305893	0.9953811254748695	0.9956868420305893	0.9959084134941065	0.9948320413436692	0.9952488873112525	0.9962080479936612	0.9950004261000482
Pseudomonas_syringae_MB03_4121_NZ_LAGV01000047	0.5778971878918144	0.48623480285281406	0.42575827917053544	0.802912312190603	0.8074933196884416	0.803270496127044	0.826250819313961	0.5838187242506038	0.6076413119330077	0.6893597541037211	0.7061705164806644	0.5235302235716257	0.8112617598229109	0.7121483771251932	0.5880135159167704	0.9755704365079365	0.9757221957758124	0.6007714902502035	0.5892263042401076	0.8048443702893965	0.9694017702716451	0.7066277408534691	0.8812187703671519	0.8094596145020652	0.6374164515915558	0.5153387007218212	0.6024096385542168	0.5930624121358747	0.6274288660458223	0.6213372187145864	0.8198129205185711	0.6107728174257977	0.5763733884132325	0.5755094679891795	0.7125861376348073	0.6024096385542168	0.4684606372122907	0.6854229727576868	0.0	0.5134330425148872	0.5583077520200417	0.5903597326887531	0.8183141131246567	0.9764498442066617	0.5824908504547596	0.7067916563198411	0.8076127549554726	0.5578939983864745	0.960491526704102	0.7174489268166537	0.7159684197122118	0.7976695845653892	0.7986498385676548	0.5283221284508655	0.5835701093905384	0.6699329551315111	0.9784200091505262	0.8078054912716779	0.5273343183538146	0.5932431952872707	0.5293487495844261	0.5855072463768116	0.6118324092918801	0.5744324186436354	0.697347364337326	0.5322306098283007	0.5706133582169903	0.5741613030815145	0.5859626529298132	0.5763259087281434	0.9095118176333254	0.821738889811279	0.8249375067927399	0.7809467103304555	0.8814119943606984	0.7968594944836845	0.8828289842685826	0.8219507529173841	0.9764447236180904	0.9764498442066617	0.9741711163541538	0.7926947337538507	0.7488818434014607	0.6845362850406078	0.9719417499813937	0.8223780876604474	0.9530772195811383	0.7019740161453077	0.6120653245107701	0.9732630570196454	0.9740530493318598	0.9741297270222891	0.8362981615357539	0.8024270872091359	0.8085009660188658	0.5960209424083769	0.8152081803287949	0.5608073394495413	0.8030259199259431	0.796286503319819	0.4859726494459474	0.8008021390374331	0.6043455633619568	0.8064929152677403	0.6275945885438321	0.804341525620218	0.7941925474929017	0.8037170706754952	0.7980439811425727	0.8065065093456618	0.7854844898320592	0.8123687990277317	0.5687164222448091	0.8083844462446477	0.8011062590975255	0.794093446958566	0.8233259204348901	0.798997185080929	0.8123121881289113	0.8132493169018011	0.7915157938120051	0.8090466647580876	0.805958858273444	0.8108459749750858	0.9522241374874578	0.9729880188793416	0.9962336244541484	0.9961411094994389	0.9960588398556758	0.9967950473894702	0.996654501216545	0.9969241754318513	0.9955366083946096	0.9963472576968498	0.9961411094994389	0.9961411094994389	0.9961411094994389	0.996654501216545	0.9950262427523289	0.9961411094994389	0.996654501216545	0.996654501216545	0.9962033034031704	0.9956362842960781	0.9962047781569966	0.9952390342845874	0.9951800396937908	0.9955180235577055	0.9960289204140877	0.9950123274860431	0.9964951273722004	0.9958738259406048	0.9956393764308296	0.9958818748306691	0.9958770716358804	0.9959908203611026	0.9966048791172686	0.9955180235577055	0.9953065900996659	0.995336024438141	0.9958818748306691	0.9958818748306691	0.9962047781569966	0.995998136118192	0.9958785249457701	0.99636293500124	0.996654501216545	0.996654501216545	0.9956362842960781	0.996654501216545	0.9950262427523289	0.9958869915470585	0.9962047781569966	0.9958869915470585	0.9958818748306691	0.9950262427523289	0.9965372450648926	0.9965210012728044	0.9953722105502243
Pseudomonas_syringae_MUP17_20728_NZ_CP110807	0.5699768414503474	0.5329617396091384	0.48007031894665086	0.795222894265233	0.79906400550585	0.7876269121429538	0.8098195484713596	0.5914499779638607	0.6044037189943947	0.7070043971016288	0.709472049689441	0.09019068888507131	0.8027734563596374	0.6464267866066966	0.604983646356678	0.9766417448449927	0.9779773769783136	0.5684312908156176	0.5754561668267252	0.7968040978814621	0.9703750701578857	0.6352236925015753	0.88629692167814	0.8009607641684947	0.6296367357380404	0.27449153858096564	0.5625040293984913	0.5527176200187757	0.5636275146009084	0.5673680802848818	0.8168716676344824	0.6304855967078189	0.4953410361535594	0.6008224858104204	0.6468494348341972	0.5625040293984913	0.40874123237046533	0.6923334653224087	0.5134330425148872	0.0	0.5600094796357111	0.6030554992226053	0.8098014161742001	0.9791188671811629	0.5920825567750396	0.6354304427230935	0.79916015462054	0.5418328050983199	0.9638420532117615	0.7395293543863928	0.721022986755975	0.8022082726151777	0.8151732576895266	0.5045567233492789	0.6053029031716731	0.6962013785564631	0.9797982259479482	0.801744844151183	0.5545701664967719	0.5931487724316409	0.5955516435898304	0.6084166441502297	0.6127708249226215	0.6113966708649624	0.689518132141083	0.5996748077639646	0.5972283251647794	0.5861101607937051	0.6092621346114899	0.5866606797457861	0.9056270241674301	0.8114945615684168	0.8025856324137012	0.8105377724443948	0.8864738684995461	0.8179663819233949	0.8833902307554096	0.811034702493163	0.9791145108947612	0.9791188671811629	0.9770071168447861	0.8001176767252248	0.7610803511141121	0.7142242571367114	0.9733295232652284	0.8137560451370232	0.9527936202256623	0.6710616119625241	0.594358009916225	0.9760393671817513	0.9750506219265259	0.9751213883947887	0.8268043404009353	0.8010469761675162	0.8090881782681122	0.5712044741508662	0.8189645835589733	0.564588598708228	0.8112384371116941	0.8062367036166163	0.3312929174023935	0.8090800412976145	0.5759734244737599	0.7994110037706768	0.5676422398560734	0.8241207406595814	0.8151137400149258	0.8004604127271232	0.8102041384688222	0.8093449805426294	0.8124844014309087	0.7900268154608738	0.5858735292093855	0.8073958652160605	0.7999551971326164	0.7991734143049932	0.8101637855024447	0.8039892274027941	0.8050356446746589	0.8089815039172926	0.7968516797612007	0.8034618149643311	0.8082921793476745	0.8017880154639175	0.9518182492398211	0.9756839611686562	0.9967647672719683	0.9963889470378899	0.9962870630668859	0.9969355683603981	0.997094021609912	0.9973489422016903	0.9957131935342944	0.9965605062094678	0.9963889470378899	0.9963889470378899	0.9963889470378899	0.997094021609912	0.9951657821449215	0.9963889470378899	0.997094021609912	0.997094021609912	0.9966639307368477	0.9965334792921	0.9963182494712379	0.9953993919664237	0.995099233747597	0.9958190702657503	0.9965708601643893	0.9954556520327842	0.9971729143447413	0.9964440522231163	0.996535826843435	0.9964506852509132	0.9964467268388837	0.9961947042968131	0.9967274060111007	0.9958190702657503	0.9959113690319177	0.9959063412599082	0.9964506852509132	0.9964506852509132	0.9963182494712379	0.9962789235082938	0.9964479244989499	0.9968139449154774	0.997094021609912	0.997094021609912	0.9965334792921	0.997094021609912	0.9951657821449215	0.9966168669481433	0.9963182494712379	0.9966168669481433	0.9964506852509132	0.9951657821449215	0.9964267083985394	0.997192830922047	0.9964525563258232
Pseudomonas_syringae_MUP20_20716_NZ_CP110808	0.5458885352675598	0.5519814352017136	0.537447812670176	0.7980743828338275	0.8022199798183653	0.8105186918491281	0.8119715362076183	0.4994487320837927	0.41791164336924735	0.6907873028443212	0.6895933609958507	0.5531283066525583	0.7986336560991446	0.703873582356822	0.5606432470053848	0.976092126674177	0.9771819881740537	0.5326959130108737	0.440143907646082	0.7991184798155229	0.9711984817009054	0.6943899195846261	0.8777099152635633	0.8034003901132493	0.605696895089591	0.5423932858666116	0.6280172970182005	0.6256689664066026	0.5837053946087483	0.6180287043711907	0.809430966771579	0.49773824457368765	0.5807879295892707	0.5138392517679264	0.7051346431485783	0.6280172970182005	0.5232819229211911	0.6688931608614903	0.5583077520200417	0.5600094796357111	0.0	0.5292640887290168	0.8136357311812996	0.9773148148148149	0.5291033434650456	0.6945639792431337	0.8016210857775964	0.41257214163157074	0.9624863575217645	0.7212399465989385	0.6890472125549938	0.7933827893175074	0.7995438118371941	0.38822086860216753	0.5427295212078704	0.6921353349764732	0.9798723109663855	0.8063835932986713	0.46334979111279906	0.5228521948648446	0.5222005550138753	0.5318047059706534	0.5484169941425077	0.5227610943641012	0.6476526238364573	0.5267187030921645	0.5471899760456974	0.5225296442687747	0.5327957997374836	0.5230816031637386	0.9131845468756158	0.8090531725637478	0.8282369673431431	0.7954066018955938	0.8779114480333993	0.8071134231522343	0.8773037727666956	0.8049981809531805	0.9773098389022934	0.9773148148148149	0.9748345698816924	0.796135436979259	0.7520091194072385	0.7094219596897212	0.973509105463278	0.8070150565684634	0.9513311148086523	0.6459586060263778	0.5779712890767326	0.9752076091154886	0.9760988454527041	0.9761700408946332	0.8255772254558496	0.8021565056514324	0.8099659016017651	0.5356354810238305	0.8166201356048088	0.532811673092916	0.8049584366340965	0.8000059161095663	0.5612350158289758	0.7968187188427514	0.6474350814663952	0.808831541218638	0.6272002066983173	0.815530039434006	0.8041222000703647	0.8141479648434167	0.806758462757993	0.8161804391671165	0.8100119746487924	0.8185298196948683	0.5686094707112204	0.8049580964660377	0.7996173093906388	0.7960888888888888	0.8139963682078503	0.8010997457577012	0.8083989501312336	0.8065730623336919	0.7848002870126765	0.8044172277687486	0.7954168148938693	0.8075327878040579	0.9510938841341277	0.9749506085514281	0.9960807043691866	0.9961811993247918	0.9956757363883975	0.9966479208798515	0.9965043765205962	0.9970288506928053	0.9954552033579389	0.9963619195734281	0.9961811993247918	0.9961811993247918	0.9961811993247918	0.9965043765205962	0.9955564195850807	0.9961811993247918	0.9965043765205962	0.9965043765205962	0.9962446051230313	0.9963348765432098	0.9961069081672097	0.995470343570167	0.9952681388012619	0.9958563535911602	0.9958731477634677	0.9955303421007392	0.9964252767527675	0.9963513661801822	0.9963375006884397	0.9963585587558865	0.9963542666045339	0.9954116890020424	0.9965390259434616	0.9958563535911602	0.9958983230558889	0.995173079575231	0.9963585587558865	0.9963585587558865	0.9961069081672097	0.9960088691796009	0.9963555652984052	0.9960141594893664	0.9965043765205962	0.9965043765205962	0.9963348765432098	0.9965043765205962	0.9955564195850807	0.99583919194238	0.9961069081672097	0.99583919194238	0.9963585587558865	0.9955564195850807	0.9968857654678241	0.9964519728747604	0.9957798639221428
Pseudomonas_syringae_MUP32_20727_NZ_CP110809	0.530024698981167	0.5720920107394238	0.5968622100954979	0.7920427950518221	0.7945377397956135	0.795022939775829	0.8045425648731434	0.49748704256321663	0.5199227053140096	0.6542376438490328	0.6641186736474695	0.6063682198084797	0.7918017939053963	0.6750686381528894	0.5443497535063248	0.9741051815480036	0.975799301100506	0.5403117182990187	0.49620631363761447	0.7949429726630861	0.9670011681002443	0.6677758551843471	0.873363688104724	0.7910492985486168	0.583020016471515	0.6048859824484125	0.5975965781791024	0.5956812095325266	0.5850450512652329	0.5927528765241284	0.7998497717686486	0.568231073910769	0.61931780030887	0.5583165265040526	0.6764258806423897	0.5975965781791024	0.5658214785877497	0.6846033905052582	0.5903597326887531	0.6030554992226053	0.5292640887290168	0.0	0.8037364287364287	0.9747252470890023	0.5400303584633948	0.6679747256401729	0.7897658335355496	0.5268123508353222	0.9601614509618913	0.6978724859761938	0.6562803608605136	0.7788574611623444	0.7796915246873352	0.5307623718234508	0.5497707551816907	0.7071787181326205	0.9767682393189594	0.7985146142788692	0.5546023564064801	0.5229329294341527	0.5447758351426504	0.5311434769135419	0.55354828874152	0.5210928875571676	0.6685401870113944	0.5493805984372022	0.5422610420321916	0.5303615574783683	0.5329051727473209	0.5354683061597727	0.9070203895599018	0.7970286855163099	0.8137037037037037	0.7814774663156264	0.8735795454545454	0.7939842299144518	0.8714927048260381	0.7967408953839017	0.9747195250792373	0.9747252470890023	0.9725119710107416	0.7829552799236712	0.7332619493768775	0.6841045591045591	0.9752508361204013	0.7951416526635418	0.9486029016657711	0.720441238313978	0.5478347665847666	0.9765780071456928	0.9730415892375742	0.9731245923026745	0.8103919256980188	0.7911546435117027	0.797937345375421	0.5392646391284612	0.8035830812125526	0.5203981273850269	0.7923170361372609	0.7884644978609461	0.5999928652968036	0.7936635430611334	0.6239754781102153	0.7921008504012457	0.6128761418592155	0.7963142874491469	0.7915623664448379	0.795681013712484	0.7915555964089837	0.8013919739375093	0.7894994642583806	0.8009096966712055	0.5386012364760433	0.7937277132668922	0.7832369942196532	0.7860529556650246	0.8027167445505471	0.7890136944145253	0.7956149266734427	0.7968979495916808	0.7788166816310103	0.7964367400987119	0.7861342856263276	0.7979592430012501	0.9477619969873037	0.9763283933900048	0.9962040129006479	0.9965667200732433	0.9957872105523112	0.9967336179479098	0.9966440040503399	0.9971854447284528	0.9955623519534647	0.9965533088235294	0.9965667200732433	0.9965667200732433	0.9965667200732433	0.9966440040503399	0.9955471286161625	0.9965667200732433	0.9966440040503399	0.9966440040503399	0.9964337489127283	0.9962092062134815	0.9962024955029553	0.9954577630957999	0.995397452267126	0.9959434366519069	0.9959898026410015	0.995042745191166	0.9965665492326984	0.996226843314704	0.9962120133291561	0.9962345346960731	0.9962299450082204	0.9957170968862137	0.9966496764217398	0.9959434366519069	0.9952917388792606	0.9951507544855521	0.9962345346960731	0.9962345346960731	0.9962024955029553	0.9961878009630819	0.9962313337678161	0.9961943203113738	0.9966440040503399	0.9966440040503399	0.9962092062134815	0.9966440040503399	0.9955471286161625	0.9960186588228304	0.9962024955029553	0.9960186588228304	0.9962345346960731	0.9955471286161625	0.996750377697329	0.9965930973189158	0.9952106139933365
Pseudomonas_syringae_NCPPB_3871_5835_NZ_LKEN01000002	0.8064181896675781	0.8153291753291754	0.816235504014273	0.35297712256044	0.8166982408660352	0.8099809079338142	0.22943620178041546	0.8077693805107065	0.8019087590191738	0.78048425162437	0.7740530358772111	0.8087512028226238	0.31294312867702523	0.6538461538461539	0.79381653190623	0.9810294256788722	0.9780051273450415	0.790236617078599	0.7830166617947969	0.3619209680468898	0.9723727372129753	0.6897727615656215	0.804002337944279	0.37170805116629047	0.8022698120573308	0.8075420190557756	0.8145092838196286	0.8074998669292596	0.7958856894726843	0.7923927248965367	0.3292546861053258	0.8012993733111022	0.8075768942235559	0.8017364034960365	0.6548050419647558	0.8145092838196286	0.8021523647691872	0.7857384728257802	0.8183141131246567	0.8098014161742001	0.8136357311812996	0.8037364287364287	0.0	0.9787652379079828	0.7985662239981196	0.689229562120892	0.36980677238314064	0.8092514438027543	0.9665146423427748	0.7860238987816307	0.7826828563168546	0.38992032471437166	0.8250976723711	0.8036953431987293	0.7985924836318536	0.7776010452466839	0.9831592720928543	0.38478390019307884	0.8108545292280231	0.8045147508804341	0.7908876806326869	0.8072946748296177	0.8135656467076181	0.8024365957945294	0.8626032422683582	0.7936886844633344	0.7995613781958792	0.7960767218831735	0.8075357297531399	0.7967026519596339	0.9134902051104884	0.262982689747004	0.8266569365894342	0.8330783938814532	0.8042294225532152	0.8224741872757648	0.7941534376901378	0.3459015185021377	0.9787608162509833	0.9787652379079828	0.9756259957672461	0.39024939058691166	0.7941978806001468	0.7874179652490676	0.9799593994901331	0.28650532429816067	0.945663765096843	0.8673332102250244	0.7904485147352354	0.9803746858578936	0.9768815268275117	0.9769468316855385	0.42244782853919904	0.8091792715557254	0.8113187022381768	0.7915575633758236	0.8209768332479301	0.8008366732001287	0.8378669539455965	0.8286152749993149	0.8084642477777156	0.8290732695434313	0.813222130733884	0.8162027510018413	0.7540361932911357	0.8299023740244201	0.8349196019414843	0.8172602518131082	0.8281061850027367	0.8227967034442029	0.8214069965401725	0.8212527316289724	0.7963893433045104	0.44003050219688444	0.42083011653983304	0.38975400586775	0.18329466357308588	0.42700434366487516	0.2711890537675853	0.2670705491498925	0.41633075699863176	0.39156715864421865	0.4552572706935123	0.3073488231287369	0.947132416697634	0.9796172756861569	0.9961984116651478	0.9963720833115832	0.996323334920383	0.9971792728792311	0.995752090973853	0.9977493980948393	0.9966809946134175	0.9966219754896827	0.9963720833115832	0.9963720833115832	0.9963720833115832	0.995752090973853	0.9967294610151753	0.9963720833115832	0.995752090973853	0.995752090973853	0.9968580858085808	0.9965163135317822	0.9967719261708275	0.9965424819083356	0.9961965904186448	0.9967450459599511	0.9960030303821938	0.9966857974294722	0.9971261251491161	0.9965311035750343	0.9965186667013068	0.9965375571690654	0.9965337058306172	0.9960987953712734	0.9971810398830654	0.9967450459599511	0.9968457575438966	0.9959952150621522	0.9965375571690654	0.9965375571690654	0.9967719261708275	0.9968391630312687	0.9965348710920328	0.9963214041725788	0.995752090973853	0.995752090973853	0.9965163135317822	0.995752090973853	0.9967294610151753	0.9965446496058741	0.9967719261708275	0.9965446496058741	0.9965375571690654	0.9967294610151753	0.997009958139414	0.997146318481626	0.9964620412131687
Pseudomonas_syringae_NZ45_6142_NZ_MTZF01000001	0.9767570142667302	0.9791590848436325	0.9781715961867514	0.9795491685090839	0.9780235428137459	0.9762687534728653	0.9778128115364106	0.9767058647292337	0.976340812099129	0.9763685609919738	0.9734298307122108	0.9777653605271123	0.9775906465307259	0.9792138987661981	0.9773211377020423	0.9347012582565236	0.8260978950605204	0.974727602905569	0.9761351425644101	0.9803762220044459	0.9723531880230061	0.9772515249372085	0.9716355151544612	0.9785495158661681	0.9773672502176226	0.9771397944678769	0.9788734027504	0.9792124309200638	0.9771115635750895	0.9756646504431002	0.9780661248614703	0.9786201403753297	0.9784006710471131	0.9758115368123692	0.9792138987661981	0.9788734027504	0.9780063329978644	0.9753573069575101	0.9764498442066617	0.9791188671811629	0.9773148148148149	0.9747252470890023	0.9787652379079828	0.0	0.97934901184768	0.9772613155440786	0.9785495158661681	0.9772562127597733	0.965672042354893	0.9758712463593452	0.9742866335040958	0.9757661114078966	0.976482617586912	0.9768083664181273	0.9777816567752232	0.9790883685072757	0.9581262770224251	0.9787599227633555	0.9784132392309565	0.973992950654582	0.9766953390678136	0.9793817022024661	0.9789114279975899	0.9773772908670344	0.9825401243157993	0.9787111478448168	0.9772664818006945	0.977706447325526	0.9801756587202007	0.9783296625401888	0.9891904213456186	0.9784428337619827	0.9768659470430852	0.978134110787172	0.9716768196490547	0.976252660088992	0.973341303048416	0.9773820536540241	0.004085567388909306	0.002847301951779513	0.5503913058337035	0.9776234941216314	0.9795729922075582	0.9752507198887896	0.9417031436530043	0.9782955184699044	0.9720748600058945	0.9777041568930912	0.9766537947048283	0.8289876687884519	0.9568125310790652	0.9568612867236891	0.9804370447450572	0.9779427510885859	0.9780890207715134	0.9762742087275249	0.9795705550552212	0.9738957866883777	0.9783105297328492	0.9763572679509632	0.9779590842669265	0.9771658196430681	0.9797668435812456	0.9782402353946182	0.9790584415584416	0.9769637553425253	0.9760383386581469	0.9790411379693297	0.9773443943142677	0.9761769307353151	0.976756010750345	0.977467139578552	0.9732816694524642	0.9762077645464227	0.9753864043800572	0.9776360152327358	0.9781547757378573	0.9759511233356863	0.9781492785793563	0.98005698005698	0.9771971957402421	0.9794757842926433	0.9774381368267832	0.9789861452203327	0.9719635353957294	0.8264291297199687	0.9957859584956666	0.9958817121449637	0.9953924500848759	0.9960624684066299	0.9961618981158409	0.9958110992529349	0.9952005770404483	0.9962950129274729	0.9958817121449637	0.9958817121449637	0.9958817121449637	0.9961618981158409	0.9950129343680828	0.9958817121449637	0.9961618981158409	0.9961618981158409	0.9965056581458485	0.9956849768365321	0.995997349237906	0.9948619841486745	0.994691823207459	0.9946369308376477	0.9960128651550996	0.9953027139874739	0.996464186072208	0.9961798877677371	0.9958473298595498	0.9961871203555182	0.9961828041910178	0.9956793602232777	0.9961183633318268	0.9946369308376477	0.996870486278286	0.9946482977877864	0.9961871203555182	0.9961871203555182	0.995997349237906	0.9957425294696788	0.9961841101081608	0.9964442305635761	0.9961618981158409	0.9961618981158409	0.9956849768365321	0.9961618981158409	0.9950129343680828	0.9961783789728362	0.995997349237906	0.9961783789728362	0.9961871203555182	0.9950129343680828	0.9955759245522942	0.9964894959135538	0.996066457611267
Pseudomonas_syringae_P108_12228_NZ_VLIA01000012	0.48436049562093875	0.5614067595612215	0.5573561884801077	0.7824601720443465	0.796341094647717	0.8053781316533963	0.7989234344206841	0.45087251077807433	0.4534097890640999	0.6662565040078752	0.6687832927646664	0.589751595892312	0.7893815808987098	0.669013135735938	0.4746334132174337	0.9776791541574207	0.9775648639374983	0.46580232224182494	0.43493235953191134	0.7840323426843193	0.9685240437599119	0.6507139441142311	0.878238639627736	0.7829447776884546	0.5629348746456577	0.5997863689614775	0.5656242304851022	0.6132740961812386	0.5507506001218158	0.565269843522691	0.7977541267188554	0.45921696574225124	0.5802931197313652	0.519776474318326	0.6704013996837253	0.5656242304851022	0.5469483568075117	0.6899889473155374	0.5824908504547596	0.5920825567750396	0.5291033434650456	0.5400303584633948	0.7985662239981196	0.97934901184768	0.0	0.6509285811825755	0.7815131253095592	0.46122255567840786	0.960642676935334	0.7013598145392893	0.6917991230474103	0.7742331674749638	0.7894441149848622	0.47567504200695554	0.5008144293035637	0.7002790883115158	0.9790693930123974	0.7915801685187447	0.5217424502729737	0.4638453029620222	0.482943332393572	0.2096264367816092	0.37375581344808106	0.45141564751214613	0.6882248219735503	0.48587570621468923	0.48068704136763163	0.05107554816585269	0.2111685328739592	0.01572444777236992	0.9077914722619272	0.7956454399237505	0.8217858678515121	0.7809299403078857	0.8784481275448759	0.7987396249615739	0.8744646453186601	0.789497015190023	0.9793442955745026	0.97934901184768	0.976316202227218	0.7798805092433294	0.7216294269645842	0.6759984679132282	0.9784484999740031	0.7922443479562808	0.9486529922911389	0.6953556023673387	0.5595472631050333	0.9790856884921133	0.9770564601395644	0.9771277997364954	0.8195195282009771	0.7976799830390405	0.8052185923612779	0.44059953315041567	0.8089124319147663	0.42584179015753043	0.7937523059894231	0.7933306398980638	0.5871445778734898	0.7805814591332968	0.5701708232487986	0.7955212588893933	0.6051461027851912	0.7953922444328088	0.7974192356256352	0.7963665943600868	0.7973227810925279	0.8035115052732502	0.7962099935187186	0.8080760926649939	0.5123887802737103	0.7940322481003275	0.7806653131344682	0.7742443821110025	0.7988139493715702	0.783412738214644	0.7909504400732471	0.7923451552182617	0.7724490439830882	0.7909478135629577	0.7783327051137078	0.7943635343121326	0.9493191721132898	0.9788603873060935	0.99506717349041	0.9962214794361285	0.9948601305644994	0.9961859842198736	0.9958533070611416	0.9964094929503459	0.9952447722977504	0.9962943510737629	0.9962214794361285	0.9962214794361285	0.9962214794361285	0.9958533070611416	0.9949788352065392	0.9962214794361285	0.9958533070611416	0.9958533070611416	0.996170388263713	0.9963245933900562	0.9959395574117579	0.9948122825956579	0.9948072336442955	0.9952389246937235	0.9948452107056528	0.995114006514658	0.9956268221574344	0.9963419551817501	0.9963273568536727	0.9963495257257833	0.996345008202147	0.994792586054722	0.9963930420617837	0.9952389246937235	0.9955122752471182	0.9941137240119465	0.9963495257257833	0.9963495257257833	0.9959395574117579	0.9958358813080574	0.9963463751438435	0.9959286488386397	0.9958533070611416	0.9958533070611416	0.9963245933900562	0.9958533070611416	0.9949788352065392	0.9951956488895604	0.9959395574117579	0.9951956488895604	0.9963495257257833	0.9949788352065392	0.9957986845536465	0.9956612130525174	0.9951936156706267
Pseudomonas_syringae_P121_12232_NZ_VLIE01000021	0.6451307697506251	0.6994717645579173	0.7037761443578662	0.6627910701130649	0.8074681084734308	0.7918518107087313	0.7047687300307564	0.665208312618077	0.6637379397234839	0.7385871428126266	0.7457495173444604	0.639279188456934	0.6808141657539248	0.24618463847885919	0.657290201593999	0.9764125472485395	0.9773825154210122	0.6288539449289294	0.6717476657098551	0.6618599457648748	0.969007483558848	0.0008559201141227213	0.8588829145177219	0.687721166191714	0.6824058816073013	0.6472431077694236	0.633199760199413	0.6231732445712475	0.6078298037691859	0.6007488197948885	0.6991665919885295	0.6911091635018015	0.6478038687023858	0.6745963186922719	0.24844875692333324	0.633199760199413	0.6718704358832884	0.7498199279711885	0.7067916563198411	0.6354304427230935	0.6945639792431337	0.6679747256401729	0.689229562120892	0.9772613155440786	0.6509285811825755	0.0	0.6865695032126626	0.6586855370298565	0.9614790451985847	0.7382721491089982	0.7406628741033885	0.67219571552083	0.8040282440097233	0.6764349875772441	0.6485371091128708	0.7291584052710246	0.9803039819118201	0.6797668296352012	0.7070159496130104	0.6671881761592491	0.6676165545578051	0.6541495314501449	0.6660657653146387	0.6480208012590236	0.7733278937467419	0.673059088500265	0.6498506360554492	0.647622906537007	0.6545577085088459	0.6456098394260334	0.910564546628239	0.7019239481711921	0.8039516593132553	0.8109056397572689	0.8590210632994604	0.8102452689954833	0.8601738379312207	0.7070082624977709	0.9772564212943033	0.9772613155440786	0.9760858356453632	0.6788451143120608	0.780757874015748	0.7171678841349651	0.9758390247484762	0.7002152363052112	0.9515253459744629	0.8077739529546759	0.6909425529117919	0.9787746428993035	0.9761940224406712	0.9762635513093412	0.7153265215459796	0.8023816274454211	0.8067198466612171	0.6717457410979957	0.811085528163082	0.6368453650815498	0.8124342610228275	0.8080214365978045	0.6736865796411806	0.8081942421866248	0.6362462604314281	0.8056017826418075	0.5152387808975282	0.8099822867264728	0.8103995652546978	0.8079890038991276	0.8009257919861131	0.8148158482142858	0.7998093422306959	0.7999502226155251	0.6536290186268212	0.7033861312047892	0.6910121202581457	0.6877691917912339	0.7032406991036364	0.6979914368467448	0.698155578178334	0.6855342063394934	0.674310752894518	0.6940514319475108	0.6990266875981161	0.6932212074630015	0.9501684876952926	0.9784376863446631	0.9963553899732729	0.9961826894441888	0.9960192175703501	0.9968296119661826	0.9966909150577039	0.9969846789090514	0.995558447436913	0.99644128113879	0.9961826894441888	0.9961826894441888	0.9961826894441888	0.9966909150577039	0.9951073661321012	0.9961826894441888	0.9966909150577039	0.9966909150577039	0.9962447234252508	0.9963330457290768	0.9961913508549202	0.9951798501016969	0.9948392887193582	0.9956477076124568	0.9961533252065556	0.9952368944551848	0.9968170807278464	0.9963491893052722	0.996335614592876	0.9963562319151217	0.9963520291837665	0.9957598139789359	0.996614301191766	0.9956477076124568	0.9957689577987662	0.9954674220963173	0.9963562319151217	0.9963562319151217	0.9961913508549202	0.9960140997830803	0.9963533007990562	0.996402387506473	0.9966909150577039	0.9966909150577039	0.9963330457290768	0.9966909150577039	0.9951073661321012	0.9962426043798895	0.9961913508549202	0.9962426043798895	0.9963562319151217	0.9951073661321012	0.9964390730799321	0.996840309817409	0.9961003254404669
Pseudomonas_syringae_P78_12243_NZ_WJPU01000012	0.786909643128322	0.8060095039406583	0.7993429736309506	0.293299413237044	0.8100234086358125	0.8140406555224207	0.35009161704076963	0.788811062133929	0.786262772839954	0.7743161094224924	0.7639321031391516	0.7956288128952818	0.32607516466485853	0.6498372909752876	0.7845470314354401	0.981017314955609	0.9777783301434217	0.7803225410841305	0.7646551458583618	0.29425690844524266	0.9705525810687948	0.686392573776147	0.8017291232940088	0.008870660053414747	0.7846790282830653	0.7969746113410133	0.8088365161717629	0.8044367092104536	0.7833570008520306	0.7806662870159453	0.37241663853568885	0.7913582475777818	0.7984118995694235	0.781932992060816	0.6507502092858523	0.8088365161717629	0.7909363229231545	0.7793464513662167	0.8076127549554726	0.79916015462054	0.8016210857775964	0.7897658335355496	0.36980677238314064	0.9785495158661681	0.7815131253095592	0.6865695032126626	0.0	0.7970913321698662	0.9662426249097563	0.7796154198893339	0.7731450686339723	0.3466341151044585	0.8173435974033435	0.7903395476594004	0.7869516582519576	0.7714733913455277	0.9823572345405582	0.30986993114001526	0.7932836259026596	0.7894129788138166	0.7793691909187872	0.7876543209876543	0.796583522297808	0.787406426172946	0.8475730850541331	0.7831813885416349	0.7889503430350289	0.7836280487804879	0.7880607020965382	0.7837121912154253	0.9124724479282146	0.4690214865396304	0.8312281644719162	0.8164185966323775	0.8020725089481584	0.8114824581518001	0.7889752446747266	0.3200015502073402	0.9785448879300012	0.9785495158661681	0.9749839640795381	0.38203564727954975	0.7840980601384443	0.7786139571432888	0.9777063815176338	0.4717392859698075	0.9466433638326308	0.8606257395228529	0.7767981009341185	0.9785998672859987	0.9782916822081313	0.9783551930181241	0.4756295408055301	0.8083305017555782	0.8113234133694059	0.7804900099448513	0.8197459713518352	0.7855538115901887	0.8226641396282991	0.8189867614189925	0.7956510271664273	0.8150238940278903	0.8052109868202458	0.8109463953553915	0.739698022838118	0.8167094382663245	0.8228125	0.8123369519481612	0.8219736954723118	0.8186791715513873	0.8175403513783746	0.8244569502215697	0.7864549876112692	0.3522252714473213	0.3733851651156398	0.3462863552599952	0.3807573822225562	0.3491465662312685	0.3544515344879976	0.4056389437222988	0.3296658846371653	0.30189521529158714	0.36167004008413695	0.293299620733249	0.9483263168703152	0.9783821311436164	0.9957955840069441	0.9963303251060128	0.9956976199012659	0.996843537414966	0.9949931224209079	0.996999290741448	0.995881266865502	0.9960427924239943	0.9963303251060128	0.9963303251060128	0.9963303251060128	0.9949931224209079	0.996319520174482	0.9963303251060128	0.9949931224209079	0.9949931224209079	0.9964773227653017	0.9963448313207343	0.9969915437987857	0.9954962515385476	0.9949866216025912	0.9955203214508729	0.9956999782277378	0.9956118143459916	0.9965760208268485	0.9961986412164349	0.9963474025974026	0.9962060058120762	0.9962016109479809	0.9955485945099333	0.9969819734087387	0.9955203214508729	0.9959711678131937	0.9948492734764693	0.9962060058120762	0.9962060058120762	0.9969915437987857	0.9963252306938509	0.9962029407012442	0.9961123583201007	0.9949931224209079	0.9949931224209079	0.9963448313207343	0.9949931224209079	0.996319520174482	0.9960282808934959	0.9969915437987857	0.9960282808934959	0.9962060058120762	0.996319520174482	0.996070567193301	0.9966011235955056	0.9954888913950604
Pseudomonas_syringae_PA-1-11B_17691_NZ_WJYR01000030	0.5409703006825308	0.5239955155328921	0.5384670848655274	0.7990789051797009	0.788820955637333	0.8029762568275555	0.807744773252415	0.35875717886212455	0.4466846403313406	0.6721093412257657	0.6732785680892273	0.5340002750275028	0.7998317914213625	0.6792134652709281	0.5437640387377103	0.9756316116988176	0.9761964608887995	0.5125193549605347	0.40256657816397134	0.798717316230883	0.9692574813604331	0.6584869059165859	0.8789873279440682	0.7983146883626326	0.6212910380053094	0.5514933233665182	0.6181260096930533	0.626909160769748	0.5806581059390048	0.5850868709774235	0.8079673985362608	0.49886775362318836	0.5939109760929864	0.4930095376718888	0.6805149396058487	0.6181260096930533	0.5009097322787865	0.6436466822846207	0.5578939983864745	0.5418328050983199	0.41257214163157074	0.5268123508353222	0.8092514438027543	0.9772562127597733	0.46122255567840786	0.6586855370298565	0.7970913321698662	0.0	0.9598937918826653	0.708891356895538	0.6836467273799385	0.7868536527514232	0.794234180958013	0.35408638407193316	0.5345431743572719	0.6725323689903457	0.9785714285714285	0.8013319494897077	0.4951395305858437	0.5182544745037709	0.5460977308552366	0.44978544151805044	0.5121380299769698	0.4957924805064464	0.6333069721166356	0.5521764619668768	0.5262063073437093	0.4482460619868799	0.4508831976080885	0.45490475061259983	0.9088733746170736	0.8051534778935511	0.8170514122587906	0.7865619701971982	0.8787878787878788	0.7906422072377138	0.8720398386965817	0.8031151606341775	0.9772512537248347	0.9772562127597733	0.9744318181818182	0.7896678966789668	0.735690912222286	0.6835751176025527	0.9739824064410317	0.8052332966381573	0.9513524685457411	0.6267997053505658	0.5508705917072452	0.9737828615369828	0.9756846556584776	0.9760650308595514	0.8260190236013267	0.7932441820076416	0.7991090673947406	0.4883247199064469	0.8090787336505856	0.47299093183239527	0.7963563107646492	0.793955151121222	0.5185266069738662	0.7858959537572254	0.6280442804428044	0.7942534041080083	0.6013345544943085	0.7997430356829995	0.7889347890233107	0.8051219234275296	0.7991602313768095	0.8033905077199692	0.7961592670894997	0.8048535564853556	0.52510232435883	0.8044168633277977	0.7933123547922243	0.7903908168397384	0.8089633823242324	0.7976783241507321	0.8007039892725444	0.8026029756359222	0.7858097075849785	0.8005266813288575	0.7905043632598728	0.8047690847154744	0.9508184004344116	0.9735123455291461	0.9961079895847609	0.9962630176132773	0.9957063596063234	0.9966161379955432	0.9965290311831838	0.9970496594700416	0.9955461049969828	0.9964427531436135	0.9962630176132773	0.9962630176132773	0.9962630176132773	0.9965290311831838	0.9955321437436223	0.9962630176132773	0.9965290311831838	0.9965290311831838	0.9963270076242418	0.9964152802101576	0.9961890661841312	0.9955028849417354	0.9953595627170757	0.995830132777351	0.9959019775021315	0.9955626351120719	0.9964512620914658	0.9964312956303804	0.9964178288214384	0.9964382816748233	0.9964341127473664	0.9954440647831764	0.9966183707695269	0.995830132777351	0.9959828231056933	0.9952066613711688	0.9964382816748233	0.9964382816748233	0.9961890661841312	0.9960920299427565	0.9964353741496599	0.9960977499792434	0.9965290311831838	0.9965290311831838	0.9964152802101576	0.9965290311831838	0.9955321437436223	0.9959265061956987	0.9961890661841312	0.9959265061956987	0.9964382816748233	0.9955321437436223	0.9968525056791745	0.996477572934125	0.9958104141134894
Pseudomonas_syringae_PA-2-9E_17695_NZ_CP066265	0.9619174573303013	0.9606654662575131	0.959620741649416	0.9649987490617964	0.9675006765566955	0.9655776242563807	0.9667155319506862	0.9589770354906054	0.9579777099156944	0.9632617182450425	0.9619907383318591	0.9633396290377259	0.9672233569626336	0.9635965784762284	0.9584054550222921	0.9624375423707535	0.9646093868664878	0.9598190806773956	0.9560186397193571	0.9654005077911086	0.868882192086612	0.9614617608934091	0.9625975333501132	0.966345555472581	0.9630766907452619	0.9629521940345521	0.964750699199537	0.9665866538646184	0.960911972689588	0.9627447160806467	0.9663330300272975	0.9596551544512163	0.9644907351338259	0.9604293832877289	0.9635965784762284	0.964750699199537	0.961897933577446	0.9622366369990446	0.960491526704102	0.9638420532117615	0.9624863575217645	0.9601614509618913	0.9665146423427748	0.965672042354893	0.960642676935334	0.9614790451985847	0.9662426249097563	0.9598937918826653	0.0	0.9609998691270776	0.9627001876558443	0.9630246586406199	0.9630792605722968	0.9595147839272176	0.9630967540736506	0.9652856104469008	0.9693963860053826	0.9666320114857171	0.9627552962070278	0.9604456094364351	0.9624902318312061	0.9612020278967138	0.9622151716181137	0.9610841230654881	0.9698084996262004	0.9645391921511325	0.9622887204729537	0.9604590834053927	0.9612020278967138	0.9608014398390768	0.9818678224246431	0.9652140115629403	0.9670773050661319	0.965922859450727	0.9628103326967534	0.966312412271907	0.9633097980924068	0.9660248879085046	0.9656645029039973	0.965672042354893	0.959851993556182	0.9621086068673423	0.9672529371919744	0.9625413052457662	0.958210830506345	0.9655306718597858	0.9737385436599859	0.8915536175710594	0.9591599831152385	0.968035430607038	0.9571508779093507	0.9570406942712443	0.9666418322958975	0.965755793842961	0.9660645193089681	0.961014148507694	0.967648288926612	0.9574598113458217	0.9654095123840943	0.9653953911002296	0.9611092753107445	0.9659712177302704	0.961685453050167	0.9659972896390292	0.9617886768724757	0.9661849059439421	0.9642363467289955	0.9650799891873295	0.9638171174808235	0.9631025394714156	0.9642479746389574	0.9670036742633462	0.9590447288560496	0.963787250094304	0.961484170195604	0.9629957059863602	0.9667437825332562	0.9617927994121969	0.9646383356955822	0.9669327251995439	0.964760152252275	0.9670646049986349	0.9657656749880343	0.9672698435585033	0.9724604055280944	0.9679309506442986	0.9962354738392711	0.9969935497977479	0.9958936795960268	0.9964394292131139	0.9971827095705013	0.9971459150909739	0.9964285714285714	0.9967621556360443	0.9969935497977479	0.9969935497977479	0.9969935497977479	0.9971827095705013	0.9962692708619082	0.9969935497977479	0.9971827095705013	0.9971827095705013	0.9973993636740904	0.9970054989927587	0.9966447529938078	0.9958917215375092	0.9962633754175395	0.9963974782347643	0.9964978521984186	0.9966915507295555	0.9966112313475339	0.9970188086075126	0.9970076169749728	0.9970246145523397	0.9970211498361632	0.996297933473312	0.9970457094400526	0.9963974782347643	0.9969972451790634	0.9965419593748298	0.9970246145523397	0.9970246145523397	0.9966447529938078	0.9964674954816802	0.997022198159177	0.9967239290827001	0.9971827095705013	0.9971827095705013	0.9970054989927587	0.9971827095705013	0.9962692708619082	0.9962590335836757	0.9966447529938078	0.9962590335836757	0.9970246145523397	0.9962692708619082	0.996620977191596	0.9966362325804902	0.9963713678242381
Pseudomonas_syringae_PA-5-3F_17693_NZ_WKCY01000048	0.7082330610446395	0.7231841763942931	0.7058512046597829	0.7712749521043198	0.7785444091390528	0.786094380445588	0.7907975460122699	0.7096154494287351	0.7031948016786247	0.5202767634057275	0.6663648394511388	0.7341954905695153	0.7827238224131337	0.7382721491089982	0.6985725993716705	0.9734563593600579	0.9757057581523865	0.6775272676586404	0.6924601141061119	0.770832692485158	0.9664711035599565	0.7381237399193548	0.8776209905927689	0.7805474095796676	0.7049684362018775	0.7237832646612349	0.7467252880533657	0.7257271106191969	0.7237247517973298	0.731534486493177	0.7888862987353575	0.6950987066031313	0.7331116448057147	0.7019484299558265	0.7387089667327605	0.7467252880533657	0.6913148695885991	0.5374746543778801	0.7174489268166537	0.7395293543863928	0.7212399465989385	0.6978724859761938	0.7860238987816307	0.9758712463593452	0.7013598145392893	0.7382721491089982	0.7796154198893339	0.708891356895538	0.9609998691270776	0.0	0.404159802306425	0.7716694667413353	0.7778261004628623	0.7141046473838154	0.6861318877375969	0.5014540922309929	0.978784191312629	0.7796862649723354	0.7249886385769007	0.6979401902415657	0.6928495708374653	0.708347518213386	0.708796626882927	0.705123339658444	0.801723741668582	0.6956908953894636	0.6913968927520362	0.6975399459403976	0.7087431508014839	0.6983062564811614	0.9042122942559624	0.7873687324360301	0.8052424789928017	0.7798065596131192	0.8778286942747228	0.7845752836553205	0.8788934083690868	0.7871290021032952	0.9758657927120219	0.9758712463593452	0.973297143595709	0.7681673827760135	0.5613478290228915	0.5354539933191619	0.974077125057921	0.7922438491301651	0.9442661849165476	0.8180270585073022	0.68718998230948	0.9787428854243999	0.9725457352979664	0.9726302606517598	0.803145963451307	0.7880110796652015	0.7966298836862511	0.6833083424209379	0.7969294976896706	0.6863894997731002	0.7834780481839305	0.7795543986861269	0.7260811731499205	0.7867224880382775	0.7235968245142557	0.7838611504504776	0.7189534379068758	0.7900195217179111	0.7842035792123278	0.7884615384615384	0.7888711558529249	0.7882088882238516	0.784502888042276	0.7873729831034584	0.6714646819266956	0.7752451056196455	0.766779829943626	0.7730919947751447	0.7869319851860561	0.7752892870474057	0.7867251461988304	0.7833432304038005	0.7643172495851207	0.773735825927061	0.772679193628671	0.7840935810016458	0.9434741530570927	0.9785169438539453	0.9958625806083433	0.9966835348943591	0.9961104176946968	0.9967068526101772	0.996559002978342	0.9969856170872449	0.9951737162384964	0.9963825328012402	0.9966835348943591	0.9966835348943591	0.9966835348943591	0.996559002978342	0.9955498133792707	0.9966835348943591	0.996559002978342	0.996559002978342	0.9961741348327633	0.9966973208438915	0.9963193334855056	0.9946901088527685	0.995281058942245	0.9953722219048163	0.99573347077857	0.9951352634076887	0.9970175961825232	0.9967126703885284	0.9966997638624143	0.9967193642354139	0.9967153698040548	0.9961261599838108	0.9963070052388996	0.9953722219048163	0.9954685831385113	0.9949244368406045	0.9967193642354139	0.9967193642354139	0.9963193334855056	0.9961900942450371	0.9967165784483003	0.9963123019302794	0.996559002978342	0.996559002978342	0.9966973208438915	0.996559002978342	0.9955498133792707	0.9963191640940394	0.9963193334855056	0.9963191640940394	0.9967193642354139	0.9955498133792707	0.9961231470923603	0.9970406321209789	0.9958106783135752
Pseudomonas_syringae_PA-5-3G_17692_NZ_WKCZ01000015	0.6940645422084484	0.7184198732313208	0.7131113053047222	0.7710246275463667	0.7861391412422691	0.7895356179323805	0.7847047602531865	0.6794615306364653	0.6702490617536676	0.5476667408561466	0.6491294998959561	0.7187366101487421	0.7767818165943948	0.7299825392866051	0.6970053439989246	0.973977789636858	0.9765344809919049	0.6743579178684247	0.6445929949167886	0.7695476991123633	0.9694390212156709	0.7405184681061684	0.869892231701841	0.7740717242212756	0.6955535390199636	0.7124442393477927	0.7343260188087775	0.7144601856375183	0.7070998572581146	0.7164077909270217	0.7855951216705978	0.6774182607515941	0.7155323398371486	0.6786362857632345	0.7304179783686064	0.7343260188087775	0.6854913678618858	0.5620765884618127	0.7159684197122118	0.721022986755975	0.6890472125549938	0.6562803608605136	0.7826828563168546	0.9742866335040958	0.6917991230474103	0.7406628741033885	0.7731450686339723	0.6836467273799385	0.9627001876558443	0.404159802306425	0.0	0.7644523794865481	0.7838988203818558	0.67387577475933	0.6620294036823303	0.49269404686273777	0.9798362998570872	0.7777711204313961	0.6860028954988155	0.664953786729204	0.6671465789112848	0.6867855198693522	0.6937409123186691	0.6958199576531658	0.7840807019968217	0.6713658503121356	0.6719587558469049	0.6846020584938347	0.6881691193963906	0.6887854625098389	0.906012136051525	0.7841546006539001	0.8009803643782053	0.7801249809480262	0.869572529782761	0.7813199443469845	0.8700649260947645	0.782272267937058	0.9742809049952968	0.9742866335040958	0.9726724510826696	0.7659998772780267	0.535754171037937	0.5246277635734697	0.9737548766276537	0.7870613650960472	0.9477454141777237	0.8120644856501713	0.6772930264513912	0.9789586478983001	0.9735116368779735	0.9735917749916673	0.8036588141572778	0.7824534253913458	0.7874146139515628	0.6732171799027553	0.8037334111127316	0.6750181679759144	0.7812396420285052	0.7740868873036769	0.7077426037418268	0.7802431880713588	0.7212745217497258	0.7883075832324008	0.7101818852156814	0.7898022268239249	0.7826455026455026	0.794871044234316	0.786142208774584	0.7863084001887684	0.7813532103142139	0.790204762452548	0.6742312063087572	0.7670515451287863	0.7639490250268693	0.7683638373664169	0.7849421856434926	0.768641565153193	0.7812346392944918	0.7809562849530056	0.7575175745563779	0.7696263802752987	0.7685600245624808	0.7792784942488672	0.9486143034530131	0.9787385879863179	0.9954322544486479	0.9967446820452377	0.9958399817643037	0.9969368255395683	0.996110385554483	0.9965324763193505	0.9952669332079022	0.9965343326477135	0.9967446820452377	0.9967446820452377	0.9967446820452377	0.996110385554483	0.9956039001296286	0.9967446820452377	0.996110385554483	0.996110385554483	0.9962456270087318	0.9964774951076321	0.9963870606357653	0.9947619736651715	0.9952543162430488	0.9954574769368814	0.9952192131387272	0.9943797320908562	0.996634671661009	0.9964935715478377	0.9964800536372779	0.9965005832361273	0.996496399076829	0.9957710101325462	0.9963751826458357	0.9954574769368814	0.9948126311015364	0.9945111876557731	0.9965005832361273	0.9965005832361273	0.9963870606357653	0.9961758006917302	0.9964976651100734	0.9963808069669466	0.996110385554483	0.996110385554483	0.9964774951076321	0.996110385554483	0.9956039001296286	0.9958633145920122	0.9963870606357653	0.9958633145920122	0.9965005832361273	0.9956039001296286	0.9956042109978721	0.9966601806406645	0.9950708744093799
Pseudomonas_syringae_PsA1M246_17694_NZ_JAKMVN010000019	0.7789935707220574	0.7957700714834288	0.8048226196800661	0.3319823288615086	0.8192076015949775	0.8173474450140565	0.4137777612991732	0.7861229234864013	0.7827912822241977	0.759223542586947	0.7642461231861494	0.7986688851913477	0.41722491579999255	0.6360765739096113	0.7695614253675555	0.9793430493830225	0.9769675634900679	0.7815287413280476	0.763205487995011	0.3357482089672382	0.9709057499425772	0.6720066643170677	0.7940588235294117	0.348682895630971	0.7868454548145517	0.8007997296688443	0.808023881929526	0.7954334561201248	0.7797795493136098	0.7791571852406602	0.40491663262653643	0.7764021066247806	0.7988309377912066	0.7801334781933882	0.6365698878768947	0.808023881929526	0.7922431865828092	0.7623353528046538	0.7976695845653892	0.8022082726151777	0.7933827893175074	0.7788574611623444	0.38992032471437166	0.9757661114078966	0.7742331674749638	0.67219571552083	0.3466341151044585	0.7868536527514232	0.9630246586406199	0.7716694667413353	0.7644523794865481	0.0	0.8124198250728862	0.7842683288809735	0.7776066533189588	0.76252749570615	0.9817195814344273	0.3670677046473225	0.7886396806957972	0.7790193772054727	0.7728145715878818	0.7842482690405539	0.7919594905631425	0.790722962686799	0.851946380697051	0.7766860897594843	0.7785927820753844	0.7700891465619351	0.7845112642541487	0.7703813332493623	0.9154113708875987	0.46679207061206773	0.8295315516163236	0.8125874125874126	0.7944216089254257	0.8058563278612179	0.7756734501823315	0.3967269466447467	0.975760814125762	0.9757661114078966	0.9731991207912878	0.2879775938466683	0.783259132262257	0.7638236021771401	0.9780971258671952	0.4475693934498458	0.9430120701790975	0.8631646131646131	0.7746549247392418	0.9776403767344884	0.9787966335887451	0.9788593041605089	0.4619836790451882	0.8133690449054023	0.8152143059892137	0.7742528172464478	0.8263473053892215	0.7820468803645557	0.8228955266542803	0.8133748508570264	0.7941691135035739	0.8139344262295082	0.8044896017017942	0.8142962626377371	0.7416408896744734	0.812534343638835	0.8175473004153208	0.8184535559190119	0.8197498049865657	0.8212928826724453	0.8092981333953597	0.8239544979941749	0.7800304735843776	0.2996930479508877	0.36631058673469385	0.3004868711247971	0.3880450389178569	0.27055579126007634	0.39080675422138833	0.449194729136164	0.3042792512347985	0.37318769400023577	0.348750707528099	0.40806373552734443	0.9449983080407112	0.9774102949009733	0.9956622007467604	0.996562061662862	0.9960933139859359	0.996584304327466	0.9952396859863036	0.997184420459878	0.9958003739393068	0.9964383334713824	0.996562061662862	0.996562061662862	0.996562061662862	0.9952396859863036	0.9965794990621207	0.996562061662862	0.9952396859863036	0.9952396859863036	0.9963224026969046	0.9965758115326667	0.9969553172230299	0.9958384055714407	0.9956112852664577	0.9959077176599835	0.9954542950024795	0.9959572953736655	0.9966766938833977	0.9965911260192534	0.9965782486107689	0.99659780626548	0.9965938198266936	0.9958014736549423	0.9969455145844799	0.9959077176599835	0.9963119072708114	0.9950905101481076	0.99659780626548	0.99659780626548	0.9969553172230299	0.9965572325658257	0.9965950260140013	0.995870288248337	0.9952396859863036	0.9952396859863036	0.9965758115326667	0.9952396859863036	0.9965794990621207	0.9958926381243047	0.9969553172230299	0.9958926381243047	0.99659780626548	0.9965794990621207	0.9965461473095584	0.9967013592674743	0.9957477168949772
Pseudomonas_syringae_Pss9654_5872_NZ_MLES01000028	0.7805830054831016	0.7959340919867236	0.7946657905740397	0.814571833184012	0.4439708356702188	0.38739961542811896	0.8239057889075816	0.7949897906317618	0.7907282339638786	0.7767964302200339	0.7551701344077559	0.8138670838338409	0.8209929470336053	0.7973460598300547	0.774089068825911	0.9748023220898809	0.975232511120097	0.7766335892155027	0.7948655405817429	0.812642254170388	0.9697474682732983	0.8039261103711853	0.8775168246120039	0.8176492548028602	0.7598372601408793	0.8097801704800359	0.7701504606232131	0.7656462290058682	0.7698017640380752	0.7611506993929797	0.8300680383638003	0.7966261398176292	0.796850170261067	0.7912461030342316	0.797730909090909	0.7701504606232131	0.7882469999396973	0.7836889972062058	0.7986498385676548	0.8151732576895266	0.7995438118371941	0.7796915246873352	0.8250976723711	0.976482617586912	0.7894441149848622	0.8040282440097233	0.8173435974033435	0.794234180958013	0.9630792605722968	0.7778261004628623	0.7838988203818558	0.8124198250728862	0.0	0.7926291815788695	0.7859335666482471	0.7848830305189407	0.9767137355584082	0.8152833428734975	0.8041836313211778	0.7862590705573568	0.7764071410860401	0.7899725232317619	0.7973018549747048	0.7849310776942355	0.8538245207273352	0.7788437655240934	0.7865109847902904	0.7839425991216675	0.7911294799827278	0.7857009112470353	0.7607638317295461	0.8355567805953693	0.5127023186497071	0.3646466680088585	0.8777183600713012	0.3818908544065851	0.8917792852945889	0.8212208901750034	0.9764774636569509	0.976482617586912	0.9742890046064491	0.8121471392817647	0.8115262687295093	0.7733263533904047	0.9745291256080828	0.832123261098487	0.9381389115181458	0.8647889673580604	0.7890612902226765	0.9781804200509444	0.9737555414819506	0.9738337584926628	0.8328908837132927	0.4192246172595019	0.4422810499120081	0.7746513485285986	0.43265029380744313	0.7897914721444133	0.41269288780601	0.4707033455010725	0.7887420782016024	0.4560723514211886	0.7693597340656164	0.37060965582050975	0.7953883151789504	0.3980191042906358	0.4313574938574939	0.4214544904747505	0.40842813025292213	0.4623743047626063	0.39828113962797274	0.43415547236291563	0.7803013758462547	0.807176851878887	0.8167202572347267	0.8154647575810489	0.8244920525224603	0.8145954305389396	0.8248570486034748	0.8281813641156557	0.8030396566422671	0.8117369269753513	0.806719240127818	0.8171120916937252	0.9388677262577171	0.9779552793221491	0.995285749731205	0.9958281530598149	0.9948110958404622	0.9965712705654638	0.9954739753583103	0.9955872557726465	0.995029045403312	0.9959238000166376	0.9958281530598149	0.9958281530598149	0.9958281530598149	0.9954739753583103	0.9948686655756802	0.9958281530598149	0.9954739753583103	0.9954739753583103	0.9957745690620103	0.995844913458628	0.9958931672225132	0.9943930553579052	0.9937802745851128	0.9951164330647831	0.9948532056780763	0.9946482742830977	0.9956235063775878	0.9957810530929813	0.9958478840707234	0.9957893585607261	0.9957844022884673	0.9946347733750629	0.9963239358761746	0.9951164330647831	0.9950948970207073	0.9940471269119471	0.9957893585607261	0.9957893585607261	0.9958931672225132	0.9955999557228249	0.9957859019264448	0.9959103049187625	0.9954739753583103	0.9954739753583103	0.995844913458628	0.9954739753583103	0.9948686655756802	0.9950706445418852	0.9958931672225132	0.9950706445418852	0.9957893585607261	0.9948686655756802	0.9951505800016532	0.9956561499771376	0.9955870132103046
Pseudomonas_syringae_Pss9656_6144_NZ_MLEM01000010	0.5428981559866024	0.5167731629392971	0.5069536423841059	0.7869580563562563	0.7945489642455847	0.8030345211581291	0.8066698215627871	0.37631686402613307	0.40794527124339897	0.6783931228302198	0.6624852866991761	0.5068737538041768	0.7914316335740073	0.691522861821388	0.5700559869965686	0.97517227653805	0.9769402554387374	0.4793860156581434	0.3934200953843666	0.7891291642314436	0.9696575639358475	0.6762493625701174	0.8811676287986058	0.7916459908345252	0.5935894801725909	0.5228468568263639	0.59740515038333	0.6263440860215054	0.5772412176417401	0.5950577260246783	0.8015481858936875	0.48560343843900955	0.5457864210167178	0.4967365166609412	0.6919347730277655	0.59740515038333	0.47825432089467934	0.6584944413653702	0.5283221284508655	0.5045567233492789	0.38822086860216753	0.5307623718234508	0.8036953431987293	0.9768083664181273	0.47567504200695554	0.6764349875772441	0.7903395476594004	0.35408638407193316	0.9595147839272176	0.7141046473838154	0.67387577475933	0.7842683288809735	0.7926291815788695	0.0	0.5443598565258766	0.6668178431436069	0.9790621258819634	0.7943451432544396	0.4283290270332807	0.5219845958274134	0.5258428635080945	0.470747982619491	0.5299049748462829	0.540355472404116	0.6409632446134348	0.5303187931931337	0.5343198760056093	0.4585639666328838	0.4718151508102659	0.4694356447260354	0.9070841889117043	0.8019408163841011	0.8158284835840562	0.7899493318320543	0.8809659786244595	0.796557578596101	0.8752830799094145	0.7972137522029821	0.9768033124288724	0.9768083664181273	0.9745345016429354	0.7892081661552985	0.7292981697650958	0.6766979386892178	0.972248470681852	0.8029947732730611	0.9510249393297878	0.5900676580691693	0.5669096209912536	0.973784030345225	0.9754520988958475	0.9755247385711061	0.8186452821869489	0.7953003666175918	0.8010319621613874	0.5079967269210741	0.8153371279698695	0.49091259888095695	0.7961785297549592	0.7929577880837739	0.49378927911275416	0.7843947847706051	0.627961401596512	0.794392254048758	0.6254415826321537	0.805278898922733	0.7928187347574414	0.8005028140445105	0.7947359123829711	0.8054930980503772	0.7920824135393671	0.8056421967249638	0.5362049067421168	0.7953958944281525	0.7889724310776942	0.7906090245560119	0.8066551281335492	0.7915212117626176	0.7984173144678709	0.7986643651489855	0.784051084051084	0.7952611864455994	0.7861676256005694	0.7991984754217814	0.9506265340395298	0.9735137888379539	0.9962772363954889	0.9962121212121212	0.9956553222302679	0.9965648015829395	0.9966999445368829	0.9972187035303189	0.9954936854190586	0.996391482797565	0.9962121212121212	0.9962121212121212	0.9962121212121212	0.9966999445368829	0.995647862494491	0.9962121212121212	0.9966999445368829	0.9966999445368829	0.9964985410587744	0.9963644315665746	0.9960833721344252	0.9956215926103782	0.9950792160878346	0.9957797813159409	0.9960720760314233	0.995681940853953	0.9966275115036154	0.9963806569243748	0.9963670135758966	0.9963877345935522	0.9963835109854253	0.995616468760404	0.9965119472672342	0.9957797813159409	0.996098505810736	0.9953769559032717	0.9963877345935522	0.9963877345935522	0.9960833721344252	0.9960964345602991	0.9963847889314741	0.996268656716418	0.9966999445368829	0.9966999445368829	0.9963644315665746	0.9966999445368829	0.995647862494491	0.9960455192034139	0.9960833721344252	0.9960455192034139	0.9963877345935522	0.995647862494491	0.9967463225241975	0.9966524822695035	0.9959296367983604
Pseudomonas_syringae_Psy33_20718_NZ_CP036493	0.48850053256538717	0.5692752575456352	0.6087633609400439	0.7850933187427807	0.7969097541445476	0.795554272517321	0.7992898793372207	0.5491519035054655	0.5195803389569963	0.6557246074753369	0.6613116350232979	0.6089687604971448	0.7882373513639543	0.6606258105277159	0.5146346191122311	0.9765164333692252	0.9772662541104581	0.5378985285101165	0.5157196312155229	0.785625737006017	0.9672243626959414	0.6483247163096757	0.8720324097682588	0.7883436509134834	0.634470216854241	0.6046848668688911	0.6061409395973154	0.5797244765736889	0.5907054679752419	0.592036910457963	0.794290003175428	0.5865483350447411	0.5949711179068977	0.30843320017754106	0.6620050491629019	0.6061409395973154	0.5760541346818496	0.6798106211097867	0.5835701093905384	0.6053029031716731	0.5427295212078704	0.5497707551816907	0.7985924836318536	0.9777816567752232	0.5008144293035637	0.6485371091128708	0.7869516582519576	0.5345431743572719	0.9630967540736506	0.6861318877375969	0.6620294036823303	0.7776066533189588	0.7859335666482471	0.5443598565258766	0.0	0.6804857067231339	0.9776606954689147	0.7863975454217302	0.509325681492109	0.42196007259528134	0.4368924140736221	0.521167713421726	0.4408004900959771	0.5106953982161181	0.7012158808933002	0.43548980342474153	0.09068785696548298	0.4917832512315271	0.5229428848015489	0.49634630659253376	0.9092970824050481	0.7943870533493314	0.8186025510779997	0.7887647328945354	0.8722495616267889	0.7977487400790657	0.8740569583252137	0.7901116427432217	0.9777766692440076	0.9777816567752232	0.9758337609030272	0.781430979010265	0.7223896630956999	0.670027089119775	0.9762050810202935	0.7980052063529205	0.9489117372145814	0.7194179757919135	0.5100826187399663	0.9781199950720709	0.9773504716492174	0.9774195215212111	0.8129672963871926	0.794104497630473	0.8027574397732641	0.4891473471292983	0.811538574233057	0.48943985307621674	0.790150346371419	0.7903260304946986	0.5999574347332577	0.7918222222222222	0.6096695349382262	0.7970344009489917	0.5993456777631623	0.8013107657156601	0.790270138867787	0.8029813007173938	0.7902586312065389	0.8052024309327384	0.7923347910592808	0.8041266739467785	0.5300776571494803	0.7871290145651777	0.7752269579935375	0.7824992324224747	0.7978260869565217	0.7826140453412901	0.7931812919657328	0.7897551944044435	0.77230664479589	0.7870736194468739	0.7787564288134028	0.7919100339987796	0.9486384650330029	0.9778884462151395	0.9959434925677976	0.9961891761226289	0.9958725393984875	0.9968973271469642	0.9967522202741931	0.9972893542956601	0.9956818249501176	0.9966040751098681	0.9961891761226289	0.9961891761226289	0.9961891761226289	0.9967522202741931	0.9952028782730362	0.9961891761226289	0.9967522202741931	0.9967522202741931	0.9964857702500288	0.9963470578240924	0.9963406331555656	0.9956936958050152	0.9954872581406323	0.9960833286030538	0.9960726279241846	0.9957567185289957	0.9963513393254427	0.9965902045877247	0.9963497453310696	0.9965971089487597	0.9965929888779389	0.995600414078675	0.99678529771557	0.9960833286030538	0.9961288102543515	0.9953525277714804	0.9965971089487597	0.9965971089487597	0.9963406331555656	0.9962408156290938	0.9965942355325377	0.9962188484674879	0.9967522202741931	0.9967522202741931	0.9963470578240924	0.9967522202741931	0.9952028782730362	0.9953631235417466	0.9963406331555656	0.9953631235417466	0.9965971089487597	0.9952028782730362	0.9971403493870155	0.9963793712469092	0.9959841729167898
Pseudomonas_syringae_R1079_7297_NZ_NQWX01000016	0.7137348929138451	0.6745615738044393	0.6789494188689047	0.7651994744386048	0.7942283924003334	0.7864583333333334	0.7817336583706559	0.7108725873718923	0.7055598806280006	0.543849451427741	0.6615317492280843	0.7012837243179266	0.7744686920553416	0.7289645493928855	0.7019161598325813	0.9774218305151883	0.9781543691261748	0.6957181500296892	0.6928147443675597	0.7635487039076219	0.9710244298847072	0.7290096139172898	0.8673155174309909	0.7718369037755948	0.7100209880023807	0.6829418465043253	0.7430445733028759	0.7278585786922076	0.7249678211153351	0.7305089293700248	0.7812800090380161	0.6846006852925672	0.6927406772920555	0.7040525020508613	0.7293909542834487	0.7430445733028759	0.6518846269004291	0.489381956649092	0.6699329551315111	0.6962013785564631	0.6921353349764732	0.7071787181326205	0.7776010452466839	0.9790883685072757	0.7002790883115158	0.7291584052710246	0.7714733913455277	0.6725323689903457	0.9652856104469008	0.5014540922309929	0.49269404686273777	0.76252749570615	0.7848830305189407	0.6668178431436069	0.6804857067231339	0.0	0.9816039528696313	0.7715858576937796	0.6821142930856553	0.7088883822427776	0.6988692071377214	0.6997368421052632	0.7265001287664177	0.7248932494540239	0.7678829438341399	0.6980995831555453	0.6898582190203625	0.6933140013839918	0.7010614176333344	0.6945747264078768	0.9037459949104046	0.7820366132723112	0.8049683605515487	0.7831926779983359	0.867534036012297	0.7732277840604727	0.8671866536669917	0.7803870529651427	0.9790838333453818	0.9790883685072757	0.9763574632598945	0.7546227642768514	0.4822979980083102	0.5761732596058415	0.9736222910216719	0.7857877887034073	0.9443969426091463	0.7829159398007155	0.6997065321330828	0.9753496712492529	0.9767517599017962	0.9765902163593664	0.7916385515069726	0.7895041370132501	0.7942842356458986	0.6936018187723287	0.8048439948710643	0.6922102174203015	0.790323052185353	0.7783045591436324	0.6726557930989667	0.7922479731858939	0.7284257942152679	0.784778955907063	0.7281107356689787	0.7728665338052887	0.7848736025485974	0.7943290849205212	0.786459719142646	0.797296138565753	0.768436489883874	0.8001730103806228	0.692455645829879	0.7672622788901858	0.762039319425239	0.7639457831325301	0.778835194894005	0.759832864020347	0.7839844191035339	0.7743607463718037	0.7536509093117163	0.7639280938939237	0.7704338446788112	0.77009190597532	0.9435538261997406	0.975096618357488	0.9955208390233244	0.9965804951443031	0.9956964766637977	0.9969049575458778	0.9959882691456396	0.9965659340659341	0.9947600503951437	0.9965952773201537	0.9965804951443031	0.9965804951443031	0.9965804951443031	0.9959882691456396	0.995523084951523	0.9965804951443031	0.9959882691456396	0.9959882691456396	0.996342375793178	0.99681277071018	0.9959580511251912	0.9945025513800005	0.994866558892765	0.9950511292174768	0.995093201754386	0.9945564344645743	0.9964665317869661	0.9966636829685084	0.9968150265414455	0.9966701859822952	0.9966663052905465	0.9952685315846269	0.9960001095860387	0.9950511292174768	0.9951678815992931	0.99423875054609	0.9966701859822952	0.9966701859822952	0.9959580511251912	0.9964107622335471	0.9966674794765504	0.9964735377579415	0.9959882691456396	0.9959882691456396	0.99681277071018	0.9959882691456396	0.995523084951523	0.9962001984970934	0.9959580511251912	0.9962001984970934	0.9966701859822952	0.995523084951523	0.9951948016490567	0.9964926175255983	0.9956573569482289
Pseudomonas_syringae_RAYR-BL_17598_NZ_JAHZNS010000008	0.9764958397371349	0.9804998977714169	0.9789175257731959	0.982467663702506	0.9775126319475712	0.9773982434372187	0.9824684942816211	0.9771175493633512	0.9790187726770784	0.9787952564203252	0.9776606954689147	0.978978023591601	0.9828318884922659	0.9814298978644382	0.9783097473879117	0.9649601234885515	0.9584521598074357	0.9789227787953598	0.9771360759493671	0.9825280305696616	0.9709918088381072	0.9804488226572513	0.9792933275673475	0.9823572345405582	0.9814871247904922	0.9799706529713866	0.980584652862363	0.9817515591254338	0.9803545994793968	0.9791185006640759	0.9835245802633168	0.9801018533102326	0.9806205344034452	0.9760407227759714	0.9814298978644382	0.980584652862363	0.9807255064076065	0.9789877534427562	0.9784200091505262	0.9797982259479482	0.9798723109663855	0.9767682393189594	0.9831592720928543	0.9581262770224251	0.9790693930123974	0.9803039819118201	0.9823572345405582	0.9785714285714285	0.9693963860053826	0.978784191312629	0.9798362998570872	0.9817195814344273	0.9767137355584082	0.9790621258819634	0.9776606954689147	0.9816039528696313	0.0	0.982836698441292	0.9798754069782347	0.979142403388036	0.9782671765791903	0.9788629544066492	0.980422803857158	0.9807104967047099	0.9843557098765432	0.979155644905301	0.9776288714187727	0.9783385853878135	0.9788629544066492	0.9785935994862464	0.9893850208112701	0.9826965025367025	0.9796530617182396	0.9787947857709939	0.9793248837977191	0.9783709509147815	0.9793899629369929	0.9826951933781887	0.958116768431145	0.9581262770224251	0.953572450386246	0.9812145707821754	0.9799172087522177	0.9802550927254232	0.9665651161004583	0.982077883764382	0.9797062681653335	0.9812720758264936	0.9786741214057508	0.9613195117707013	0.9642708333333333	0.9643802897346695	0.981232070793018	0.9783485778724471	0.978756904006198	0.9783408574932805	0.9801117931826122	0.9776473426067379	0.9790252305198095	0.9765550852892138	0.9795551907241619	0.9787984987448115	0.9807279992203489	0.978686189750381	0.9810024842905158	0.9773490786928637	0.976740034175827	0.978816090809519	0.9770982599795291	0.9764876198083067	0.9779659287973069	0.9770142989605193	0.9789975244230309	0.9812058718951593	0.9809705284552845	0.9812898292123375	0.9828136030575233	0.9809662502235508	0.9824382917908098	0.982265502354788	0.9808810033649434	0.9818104163002789	0.9818871962093035	0.9828549225314488	0.9793307593307593	0.9611935799864366	0.9944802726069447	0.9947488777843652	0.9943268101200539	0.9938584326267229	0.9950058502896607	0.9954379303505143	0.9927193086302829	0.9946716549046283	0.9947488777843652	0.9947488777843652	0.9947488777843652	0.9950058502896607	0.9938210368186843	0.9947488777843652	0.9950058502896607	0.9950058502896607	0.9948524365133836	0.9947704332667923	0.9950160500084474	0.9933946342315079	0.993675148604726	0.9932283731166412	0.9939784581460436	0.9940326449423741	0.9943745766206227	0.9950194465429922	0.9947742533644256	0.9950294602217196	0.9950234846790427	0.9948084548021793	0.9950847457627119	0.9932283731166412	0.9940757618911991	0.9937818294364256	0.9950294602217196	0.9950294602217196	0.9950160500084474	0.9944285754687633	0.9950252927531371	0.9947679708826206	0.9950058502896607	0.9950058502896607	0.9947704332667923	0.9950058502896607	0.9938210368186843	0.9946990774637575	0.9950160500084474	0.9946990774637575	0.9950294602217196	0.9938210368186843	0.9939745466831851	0.9944174899164084	0.9932220298700155
Pseudomonas_syringae_RMP66_6987_NZ_NHST01000045	0.7847005779647169	0.8080331453561975	0.8024500960251412	0.2766650181338609	0.818617347222996	0.8129308230934801	0.38463540698322984	0.7974959010284692	0.794955223880597	0.7717427524158613	0.7715799409310964	0.7980550152820227	0.31050850095319615	0.6339138048448293	0.7861331076588285	0.9816909649422205	0.9804202012231209	0.7850938468079937	0.7699347202733207	0.24468307358041197	0.9712585973191425	0.6803309514855209	0.8016452856238854	0.3119771557271557	0.7883971953099997	0.8018175269442829	0.8074110726263126	0.7979329022273808	0.7863866967305524	0.7864332233781612	0.3677395209580838	0.7926643350372164	0.7988154162727323	0.7864670331339023	0.6349319507453013	0.8074110726263126	0.7955627387599178	0.7833668678739101	0.8078054912716779	0.801744844151183	0.8063835932986713	0.7985146142788692	0.38478390019307884	0.9787599227633555	0.7915801685187447	0.6797668296352012	0.30986993114001526	0.8013319494897077	0.9666320114857171	0.7796862649723354	0.7777711204313961	0.3670677046473225	0.8152833428734975	0.7943451432544396	0.7863975454217302	0.7715858576937796	0.982836698441292	0.0	0.7950728862973762	0.7888076830152211	0.7782563853667415	0.7962193727048341	0.806322696093051	0.7922069996643579	0.8566485209098198	0.7811626776819341	0.7878395860284606	0.7885980010266631	0.7971969081776895	0.7887319647378215	0.9141079592684954	0.4568724456872446	0.8351499000666223	0.8277853260869565	0.801883812422824	0.815570393521807	0.7896514223570488	0.39082582360762297	0.978755364806867	0.9787599227633555	0.9767766590725362	0.3549432739059968	0.7921624837732584	0.7818748688431214	0.9787731825603783	0.5013087634802638	0.9472406745017885	0.8610632301841363	0.7834121055038878	0.9810175710959	0.9787134098101266	0.9787753290933294	0.4691310169849884	0.8122964626614262	0.8131892739181549	0.7823432590154122	0.8225560152150373	0.7915829222242524	0.8316812330717895	0.8244772901358903	0.7962299332808904	0.8232517048121255	0.808330585778657	0.8184705390722942	0.7438459310744281	0.8215304652410949	0.8258406381239607	0.8180732594629121	0.8241892083274324	0.8220456307453761	0.8169386478649002	0.8227056019070322	0.7879257436271382	0.408383965761015	0.3658622719246616	0.38473514186743474	0.3769668814626105	0.38166119706204094	0.3844098987125737	0.4154084112837888	0.365615526947758	0.28597041685342894	0.3656769315586359	0.32435457106471655	0.9492614984311625	0.9808258886143318	0.9968484848484849	0.9969214150688631	0.9968785937243305	0.9972692370085978	0.9963681048607318	0.9977510431908091	0.9968414224879438	0.9971818773032733	0.9969214150688631	0.9969214150688631	0.9969214150688631	0.9963681048607318	0.9968580715059588	0.9969214150688631	0.9963681048607318	0.9963681048607318	0.9974858579509742	0.9970683951480594	0.9972525992565857	0.9967790303770756	0.996001230390649	0.9968735681750802	0.996648558069137	0.9968167983693073	0.9971331403355912	0.9970812692462176	0.997070443733706	0.997086885640217	0.9970835340075989	0.9966442037486699	0.997677245104659	0.9968735681750802	0.9973338411731099	0.9962864293210624	0.997086885640217	0.997086885640217	0.9972525992565857	0.9972967858784094	0.9970845481049563	0.997036432843937	0.9963681048607318	0.9963681048607318	0.9970683951480594	0.9963681048607318	0.9968580715059588	0.997091641265136	0.9972525992565857	0.997091641265136	0.997086885640217	0.9968580715059588	0.9974173414758818	0.9971540178571429	0.9970343843549786
Pseudomonas_syringae_SHV1866_17586_NZ_JAHARV010000001	0.495904776484997	0.5426097578501115	0.5116725768321513	0.7892978566149298	0.8134726862560324	0.809588850174216	0.810376620473849	0.5159774436090225	0.46959014488262185	0.6966103921697431	0.6897421431653006	0.5568150871459695	0.79536963659006	0.6940435498164325	0.5237594380376395	0.9764031729349648	0.9786820727584641	0.5217177821423176	0.4986112696419739	0.7935200117284855	0.9719674063444883	0.706850603542875	0.8802865219419821	0.7945928510688209	0.6028640926376374	0.5678031967019228	0.592439339269754	0.6239672088820036	0.5946378018318068	0.6231557644601122	0.8002413493110319	0.5786104718066744	0.5617801936470188	0.4760661105480627	0.6944567487185977	0.592439339269754	0.49762234620137047	0.6702574283203697	0.5273343183538146	0.5545701664967719	0.46334979111279906	0.5546023564064801	0.8108545292280231	0.9784132392309565	0.5217424502729737	0.7070159496130104	0.7932836259026596	0.4951395305858437	0.9627552962070278	0.7249886385769007	0.6860028954988155	0.7886396806957972	0.8041836313211778	0.4283290270332807	0.509325681492109	0.6821142930856553	0.9798754069782347	0.7950728862973762	0.0	0.49745376574644873	0.4529968206617734	0.5317999324603204	0.4994060619994636	0.514426028238183	0.6680071938851976	0.4595527657905061	0.5126560790674866	0.5301606320440334	0.5335057342028333	0.5284491249337071	0.9131057312123163	0.807233344644271	0.8256639351001727	0.7987617016234151	0.8804833273967724	0.8117304613593364	0.8775062317112821	0.7992183546083338	0.9784085100167961	0.9784132392309565	0.9764031729349648	0.7899878262418718	0.7565864183511242	0.7016421272567007	0.9737440924207946	0.8040302410186448	0.9504929888914904	0.623581847649919	0.5371931796889639	0.976076208850838	0.9756357005369264	0.9757082975607293	0.8231717428555636	0.8052985096139986	0.8112926766448216	0.5386929879279345	0.8143211849653244	0.5500149409831168	0.8074270248246559	0.8038620283018868	0.5406731358897587	0.8074023303632625	0.6214042484190043	0.814540059347181	0.627671250564917	0.8129812022429472	0.8078609000584454	0.8123896325833095	0.7993560964083176	0.8133469992028243	0.8008710237471677	0.8195749161747998	0.5595659875996457	0.8004235044997353	0.7937592428275658	0.7889859045802664	0.8097053628998346	0.7949731126890283	0.8019760294158924	0.8044741841277042	0.7827284704755061	0.800168904161449	0.7889561045385464	0.7981700601508006	0.9494346897306309	0.9758284600389864	0.9966351325261329	0.9958762315952618	0.9960710577273876	0.9970374062076031	0.9969256567915036	0.9971963913948647	0.9954559925906631	0.996362525684456	0.9958762315952618	0.9958762315952618	0.9958762315952618	0.9969256567915036	0.9945241271959084	0.9958762315952618	0.9969256567915036	0.9969256567915036	0.9964139631310585	0.9958097863542384	0.9961075530035336	0.9952421652421652	0.9948654695657162	0.9958570402695686	0.9964296587418007	0.9948976666857765	0.9967728922952803	0.9961316872427983	0.9958127875265145	0.9961393132906193	0.9961347624660764	0.9959741675752747	0.9965396008083492	0.9958570402695686	0.9952823604946542	0.9957277914059701	0.9961393132906193	0.9961393132906193	0.9961075530035336	0.9960095327827967	0.9961361394278198	0.9965741024426928	0.9969256567915036	0.9969256567915036	0.9958097863542384	0.9969256567915036	0.9945241271959084	0.9961855049186911	0.9961075530035336	0.9961855049186911	0.9961393132906193	0.9945241271959084	0.9964991592469058	0.9967969800097235	0.9959535083943177
Pseudomonas_syringae_SHV323_17590_NZ_JAHARZ010000001	0.38719925449000336	0.5748596268791886	0.5861831867694423	0.7835139935084818	0.7952379529770263	0.7982501883075497	0.8039045553145336	0.5125602737595272	0.4940796978875732	0.6691466537476642	0.6602465331278891	0.5867916108879965	0.7851412113909543	0.6719185352262174	0.4692236561733607	0.9748372429471944	0.9751213909048191	0.5279729782195132	0.4762493026221407	0.7840587214083392	0.9693147490593036	0.6669886420411018	0.8726677111522575	0.7912840561263145	0.5721041042486373	0.6020311120168467	0.5955789831661282	0.6075187464272505	0.5468860831323592	0.5705859770355635	0.7988256392456323	0.5715138179241412	0.5945299145299145	0.44765535333661255	0.6732827462805262	0.5955789831661282	0.560005922854816	0.6936818166836953	0.5932431952872707	0.5931487724316409	0.5228521948648446	0.5229329294341527	0.8045147508804341	0.973992950654582	0.4638453029620222	0.6671881761592491	0.7894129788138166	0.5182544745037709	0.9604456094364351	0.6979401902415657	0.664953786729204	0.7790193772054727	0.7862590705573568	0.5219845958274134	0.42196007259528134	0.7088883822427776	0.979142403388036	0.7888076830152211	0.49745376574644873	0.0	0.4598104456543658	0.4930826111155283	0.3377732988651798	0.4502583178342633	0.7019532612486921	0.46456247981917986	0.40364365702824667	0.4688380706981239	0.4949374627754616	0.45925137193873367	0.9096915710349625	0.8026019587779565	0.8144350451451194	0.7828845558650572	0.8728849708516991	0.7997757099990908	0.8723881643528257	0.7923435225618631	0.9739870564830904	0.973992950654582	0.972261790681412	0.7846513343992129	0.7373509698084109	0.6803382519086583	0.9750830137197869	0.8025733462293736	0.9467987722793603	0.720553973595651	0.5514691797877639	0.9763152014697485	0.9745614264425214	0.9746396642948367	0.8172172172172172	0.791351123933165	0.8003868471953578	0.5008155973279478	0.8125865064640575	0.510912187586644	0.7916717325227963	0.7875454489431195	0.5966230235386707	0.7889941146595764	0.603018306094136	0.7947874947695619	0.597220806577651	0.8000484437447015	0.7916513985586906	0.7990207715133532	0.7959993892197282	0.8020845670970034	0.793909434883437	0.8002667749231572	0.5392372783122754	0.7979217938200711	0.7835859905906952	0.7837062181762073	0.8030478955007256	0.7871986187334279	0.7936332421579468	0.7981505944517834	0.7781083426304698	0.7943119100039208	0.7832247707838114	0.7937313955524427	0.9464083634208116	0.9760626285943694	0.9957722741166053	0.9960479967925772	0.9953473494431359	0.9968184814698042	0.996061395887634	0.9963479511143063	0.9953795379537954	0.9961191283849825	0.9960479967925772	0.9960479967925772	0.9960479967925772	0.996061395887634	0.9949964054636952	0.9960479967925772	0.996061395887634	0.996061395887634	0.9960536242818177	0.9961503364891069	0.9960574807873611	0.9948328805952522	0.9942899628252788	0.9956546598056032	0.9955563200596314	0.9949509949509949	0.9961152283050442	0.9961682561307902	0.9961531885792443	0.996176070700204	0.9961714075040413	0.9952789202340265	0.9965044983095525	0.9956546598056032	0.9952316273155507	0.9948331477833918	0.996176070700204	0.996176070700204	0.9960574807873611	0.9957253923171816	0.9961728185065487	0.996221626142886	0.996061395887634	0.996061395887634	0.9961503364891069	0.996061395887634	0.9949964054636952	0.9954495434672694	0.9960574807873611	0.9954495434672694	0.996176070700204	0.9949964054636952	0.9958039562698028	0.9961452928094885	0.9959256505576208
Pseudomonas_syringae_SV1599_17591_NZ_JAHARU010000001	0.4890767589776004	0.5756822032370859	0.5787090698348305	0.775428150512553	0.786031175059952	0.7866880279638799	0.7921465968586388	0.5141730151978035	0.47584129374925677	0.6796322247667225	0.6628740431454418	0.5918937329700272	0.7799365116689201	0.6569357693977755	0.49104395170835635	0.9755276213979075	0.9766946953181771	0.5105201407899882	0.49769224751623253	0.7754566000855171	0.9695890700005275	0.6674181890520872	0.8796053558844257	0.7813745474459217	0.6107147852846552	0.60701044826424	0.5611880226223933	0.571556166265888	0.5924874277308336	0.6020869446993644	0.7868613988129873	0.5681268376195616	0.5817988181943108	0.41280040053404543	0.6574290484140234	0.5611880226223933	0.5590101054805636	0.6984697881245095	0.5293487495844261	0.5955516435898304	0.5222005550138753	0.5447758351426504	0.7908876806326869	0.9766953390678136	0.482943332393572	0.6676165545578051	0.7793691909187872	0.5460977308552366	0.9624902318312061	0.6928495708374653	0.6671465789112848	0.7728145715878818	0.7764071410860401	0.5258428635080945	0.4368924140736221	0.6988692071377214	0.9782671765791903	0.7782563853667415	0.4529968206617734	0.4598104456543658	0.0	0.5073503469363754	0.4675272449430973	0.463010568409026	0.7067148300262259	0.010879183800947323	0.4170688446149404	0.4851897378960308	0.5091620986687548	0.4784201626539979	0.9077258383697919	0.79088637365868	0.8085464237863109	0.7734542405515357	0.8798086393696356	0.7839408023483366	0.8753203342618384	0.7884939794078296	0.9766900932896481	0.9766953390678136	0.9734693351879041	0.767685860623933	0.7258554906402765	0.6751189131848202	0.9754285275051885	0.7880775138839655	0.9488174229452054	0.6938460020392725	0.5219861467818507	0.9787380987617779	0.9753680486916715	0.9754434187324966	0.806386709206404	0.7809368586261016	0.7898607042506127	0.4377467966798292	0.7959917932859564	0.4821349624211245	0.7837014470677837	0.7768871282225868	0.5859532012632788	0.7803511505273251	0.5911778699109631	0.7932473105462348	0.5992634637475505	0.7880088913248683	0.7846111501880791	0.7957333333333333	0.780836258390295	0.7955589813524651	0.7773500061599112	0.7936641598188101	0.5201075520224456	0.7847508945774841	0.7741816050106445	0.770079229454715	0.7923702861142707	0.7772516248839368	0.7820299014014453	0.7854652880354505	0.76078860898138	0.7767215112736137	0.7741995417105345	0.7804125528913963	0.9483464988619628	0.9785128499140016	0.9959926104874236	0.995666552628578	0.9960385160338895	0.9967195344591511	0.9963989398478912	0.9967103381200297	0.9949531147345159	0.9958508598735227	0.995666552628578	0.995666552628578	0.995666552628578	0.9963989398478912	0.9950784021975506	0.995666552628578	0.9963989398478912	0.9963989398478912	0.9958991538394895	0.9958270644675958	0.9961622651164113	0.9945043641813853	0.9942890960201213	0.9953900002845679	0.9958931066936657	0.9946200005912087	0.9961648234034962	0.9959031446896279	0.9958301421155646	0.9959114620047934	0.9959064987860652	0.9953021875090066	0.9966073668605314	0.9953900002845679	0.9949660568404096	0.9950009941204874	0.9959114620047934	0.9959114620047934	0.9961622651164113	0.9956602426837973	0.9959080005644138	0.9960384670589923	0.9963989398478912	0.9963989398478912	0.9958270644675958	0.9963989398478912	0.9950784021975506	0.995413115530303	0.9961622651164113	0.995413115530303	0.9959114620047934	0.9950784021975506	0.9963945037474449	0.9961943534826091	0.9956193577031227
Pseudomonas_syringae_SV921_17588_NZ_JAHARY010000002	0.508955223880597	0.5818812811799581	0.5769343172353327	0.7900122174709835	0.7948694896460787	0.7988095238095239	0.8057220629542756	0.40386707960157364	0.4248514361175305	0.6743414229412985	0.6783660176009978	0.6013762092928192	0.7938500248690716	0.6701528827898611	0.5046677433332021	0.9777565361165651	0.9783380311097192	0.4995633881082797	0.43343195266272194	0.7915123550482667	0.9684549299146209	0.6539395574743658	0.8770701724432304	0.7896466721446179	0.5658813263525305	0.6163025889967637	0.5828917486752461	0.6160187667560322	0.556014984450099	0.5741813865810235	0.800393940271703	0.4546999554890139	0.5993508711991801	0.5417117256295381	0.6715245890730019	0.5828917486752461	0.5650919314860716	0.6910644498907068	0.5855072463768116	0.6084166441502297	0.5318047059706534	0.5311434769135419	0.8072946748296177	0.9793817022024661	0.2096264367816092	0.6541495314501449	0.7876543209876543	0.44978544151805044	0.9612020278967138	0.708347518213386	0.6867855198693522	0.7842482690405539	0.7899725232317619	0.470747982619491	0.521167713421726	0.6997368421052632	0.9788629544066492	0.7962193727048341	0.5317999324603204	0.4930826111155283	0.5073503469363754	0.0	0.4285180107191824	0.45824225677403385	0.668715269775422	0.5102513747054203	0.5057665149850934	0.1900715990453461	0.003275743646642404	0.2214793741109531	0.9056408463958272	0.8063243417014934	0.8176535930957874	0.7786706534604124	0.8768649293813408	0.7944310444844747	0.8742945388179137	0.7978030919446705	0.9793770409444863	0.9793817022024661	0.9753741778445285	0.788460947345772	0.7093528678683243	0.6606844159464733	0.9786489684622113	0.8008947229007859	0.9494451626804568	0.681018332664258	0.5700955848884843	0.9798044956085943	0.976579264144031	0.9769716252868766	0.8225705150165582	0.7942396729000061	0.8008233153357396	0.4586303564277132	0.8075565704795515	0.42207628188936597	0.7931622370383902	0.7913624742013985	0.5846148279480406	0.777949090029627	0.5936603361114907	0.7924624624624624	0.6048993697906078	0.7881696360123884	0.7934071310623203	0.7925566923951415	0.7980922098569158	0.7965934852642883	0.7924198786690361	0.8075200138724314	0.5165492542012673	0.7962714346738268	0.7870606684911288	0.7823460156153179	0.8057386809165625	0.79131613817756	0.7989484080873809	0.8010102196640432	0.7770623366927958	0.7943017874965974	0.7850253493260789	0.797836040712765	0.9508946589533163	0.9795892781023545	0.9957585831375021	0.9962370378881452	0.9952733850732334	0.9961153314917127	0.9961359674607786	0.9968569780853518	0.9950007528986599	0.9960485708517205	0.9962370378881452	0.9962370378881452	0.9962370378881452	0.9961359674607786	0.995269958467928	0.9962370378881452	0.9961359674607786	0.9961359674607786	0.9960990946406219	0.9962527532252067	0.9958144601800355	0.9945177063268632	0.9946007218924321	0.9950064571674558	0.9953107019562716	0.9949639430240181	0.9961020659050703	0.9960987555884614	0.9962555380877519	0.9961067379010486	0.9961019746201559	0.995088208794722	0.9962623271326299	0.9950064571674558	0.9952742664965789	0.9944132477652992	0.9961067379010486	0.9961067379010486	0.9958144601800355	0.9958559958559958	0.9961034159105777	0.9958605916748683	0.9961359674607786	0.9961359674607786	0.9962527532252067	0.9961359674607786	0.995269958467928	0.9959136192805583	0.9958144601800355	0.9959136192805583	0.9961067379010486	0.995269958467928	0.9960203847915712	0.9961323336903487	0.994952210274791
Pseudomonas_syringae_Sevgi_fide_PST_17555_NZ_JAEIKN010000010	0.48508771929824557	0.5767111368909512	0.5996551847993965	0.7979929662866845	0.8054376539728711	0.8076092278448201	0.8106846473029046	0.5066510172143974	0.5116106911867842	0.6884696876495113	0.6727968016686946	0.6065518176885513	0.803520677454904	0.6880520077486292	0.464454593218284	0.9765332230636032	0.9779296671188563	0.527516151630731	0.5017473593277575	0.7972589506731872	0.9708065970196744	0.6658649831312422	0.8793803024714127	0.7978556327393537	0.5807657738630235	0.6301397272151266	0.6098219104155423	0.6157350035167632	0.581011208661554	0.5951333516634589	0.8098437858947852	0.5646312152621301	0.6127603462266702	0.46724802271344557	0.6893859879296773	0.6098219104155423	0.5737223059117463	0.6987531664308978	0.6118324092918801	0.6127708249226215	0.5484169941425077	0.55354828874152	0.8135656467076181	0.9789114279975899	0.37375581344808106	0.6660657653146387	0.796583522297808	0.5121380299769698	0.9622151716181137	0.708796626882927	0.6937409123186691	0.7919594905631425	0.7973018549747048	0.5299049748462829	0.4408004900959771	0.7265001287664177	0.980422803857158	0.806322696093051	0.4994060619994636	0.3377732988651798	0.4675272449430973	0.4285180107191824	0.0	0.4613644775260106	0.7028401865197118	0.47233289065958384	0.42232246316834965	0.3979906285617797	0.4305394190871369	0.3789887300833369	0.9119246442648139	0.808974358974359	0.8238108720271801	0.7878675562144799	0.8795853043650681	0.8083348410831674	0.8760469480937841	0.8042398336414048	0.9789066619792582	0.9789114279975899	0.976374492723654	0.7954378893367534	0.754126718855367	0.6968085106382979	0.9777469064341026	0.8090662149136899	0.9526735170230461	0.7093091717911815	0.49393262015008776	0.9794157035861316	0.9761169823166266	0.9761904761904762	0.8272481886631624	0.7993059918035239	0.8060303893637227	0.489115512845656	0.8162965141932637	0.4957093592108429	0.799751921098808	0.8008672550157266	0.6131637677565625	0.7962329276638795	0.5997893091378665	0.8047817047817047	0.6159142818755878	0.8073397261926301	0.8035146189971216	0.8062771522298076	0.8034063260340633	0.8131283438179787	0.802265205113412	0.8137604136742316	0.5089522153274575	0.8053916674230734	0.796182228456425	0.7925032234297292	0.8138006571741512	0.8006416131989	0.8041675096095489	0.8046340179041601	0.7858487363841146	0.8027129223936138	0.7929542455580446	0.8058184976118107	0.9525138914986713	0.979196430809334	0.9957624692206379	0.9963845050215208	0.9956876456876457	0.9971568064330845	0.996401729491309	0.9966864519103326	0.9957307356964613	0.9964570671428983	0.9963845050215208	0.9963845050215208	0.9963845050215208	0.996401729491309	0.9949847235833286	0.9963845050215208	0.996401729491309	0.996401729491309	0.9963946151833222	0.9964856138746822	0.9963931986030801	0.995177372111601	0.9948754618043142	0.9959898026410015	0.9958922210731932	0.995297758995268	0.9964665369067226	0.9965020049483833	0.9964882226980728	0.996509152830992	0.996504887474426	0.9956177264416519	0.9968420750437803	0.9959898026410015	0.9955695835987722	0.9951661804244608	0.996509152830992	0.996509152830992	0.9963931986030801	0.9960618604116362	0.9965061780997018	0.9965608924339634	0.996401729491309	0.996401729491309	0.9964856138746822	0.996401729491309	0.9949847235833286	0.9954385546479041	0.9963931986030801	0.9954385546479041	0.996509152830992	0.9949847235833286	0.996138885711017	0.9964939386736392	0.9962748837763739
Pseudomonas_syringae_StP26_17597_NZ_CP075880	0.4582888578701043	0.5489851605427429	0.5556263349196238	0.7860416150606886	0.7930929929353264	0.7962854120136358	0.8021649212355892	0.5166502850402988	0.4854805069789828	0.6758926390003839	0.6822642036526172	0.599614152340924	0.7880155595807228	0.6635213744588744	0.4919685165850133	0.9771985269151409	0.9765383497582499	0.5259776095868811	0.5043819645477257	0.7862423757008195	0.9705164319248827	0.6478039094861525	0.8775293170843872	0.7887124569177745	0.5739076428467047	0.6171776635927451	0.5976406658412436	0.599595862730324	0.5644319835326685	0.5811285002456312	0.8027038075216071	0.5540416411512554	0.5938680062359258	0.528408195429472	0.6649211121997365	0.5976406658412436	0.5519375165075652	0.6970151242587781	0.5744324186436354	0.6113966708649624	0.5227610943641012	0.5210928875571676	0.8024365957945294	0.9773772908670344	0.45141564751214613	0.6480208012590236	0.787406426172946	0.4957924805064464	0.9610841230654881	0.705123339658444	0.6958199576531658	0.790722962686799	0.7849310776942355	0.540355472404116	0.5106953982161181	0.7248932494540239	0.9807104967047099	0.7922069996643579	0.514426028238183	0.4502583178342633	0.463010568409026	0.45824225677403385	0.4613644775260106	0.0	0.6925143856625009	0.46775840241760935	0.500815595782773	0.46895791664965913	0.46021089051816455	0.45968612471975423	0.9076147061203571	0.801996918701114	0.8120122550436442	0.7800484170151225	0.8777401583840239	0.7889109279117337	0.8741772582841579	0.7971397527383784	0.9773721143089596	0.9773772908670344	0.9752983043751309	0.7927202946547401	0.7453905364281879	0.6928841526297697	0.9771455345289846	0.7984687797902764	0.9486816299847461	0.6933895921237694	0.5481622800186887	0.9780605969324999	0.9764071096064325	0.9764805146864948	0.8176395645123928	0.7800178247641292	0.7888168508203208	0.4671524031881491	0.7958671184799709	0.38052594792940764	0.7854622004829422	0.7848335002503756	0.5824360946312166	0.7844340482410839	0.5846180555555556	0.7882607239626145	0.586281037591899	0.7960597198707096	0.7885021097046414	0.7912683044898947	0.7908935508935508	0.7910511019617341	0.7928195605075827	0.8016778621923675	0.5514025953842567	0.8007372139456305	0.7883481283754423	0.7867103416003743	0.8037199189022419	0.7939220682369026	0.795964587193741	0.7967670874017623	0.7782697440728529	0.7981296454246375	0.7845177823613976	0.7984101280730164	0.9501768707482994	0.9778240129909672	0.995882983966832	0.9961339457008314	0.9954536061169663	0.9964197351186145	0.9961780443346857	0.9968780089283109	0.9953672660774154	0.9961186015292126	0.9961339457008314	0.9961339457008314	0.9961339457008314	0.9961780443346857	0.9953894190084333	0.9961339457008314	0.9961780443346857	0.9961780443346857	0.9960520888574628	0.996150283663309	0.9961142525735828	0.9952340986751393	0.994776885453777	0.9957054146596251	0.9956641932198458	0.9954472819368649	0.9962364938691272	0.9961684719981563	0.9961531786891884	0.9961764029438822	0.996171670360669	0.9953837106733314	0.9965681712424383	0.9957054146596251	0.9956301140862832	0.9949297406924525	0.9961764029438822	0.9961764029438822	0.9961142525735828	0.9958066394874782	0.9961731023767049	0.9958109968655711	0.9961780443346857	0.9961780443346857	0.996150283663309	0.9961780443346857	0.9953894190084333	0.9955598513909445	0.9961142525735828	0.9955598513909445	0.9961764029438822	0.9953894190084333	0.9967869858453701	0.9962660724502393	0.9954972651174036
Pseudomonas_syringae_Susan2139_17596_NZ_CP074578	0.7011156489690209	0.7033953838312744	0.6863971133409125	0.8532063167316668	0.8585155037133386	0.8587771365195425	0.8609176272370502	0.684612677826371	0.666471427116227	0.7763001607005613	0.7870550611790879	0.6909426899476415	0.8509019282604189	0.7924856652015796	0.7144335995267672	0.981742770023295	0.9823918808065778	0.6858904698122268	0.6793881568983795	0.8531566541377333	0.9762709899325617	0.7732353808130966	0.9129915118611105	0.8484337657903721	0.7393654524089306	0.6996987101026269	0.7365683389227294	0.7550420639371845	0.7223550161286579	0.7223176563443057	0.8592586514595171	0.738956693387256	0.7129698722134129	0.7023827364004196	0.7933202532774458	0.7365683389227294	0.6793539220818066	0.7614875613861158	0.697347364337326	0.689518132141083	0.6476526238364573	0.6685401870113944	0.8626032422683582	0.9825401243157993	0.6882248219735503	0.7733278937467419	0.8475730850541331	0.6333069721166356	0.9698084996262004	0.801723741668582	0.7840807019968217	0.851946380697051	0.8538245207273352	0.6409632446134348	0.7012158808933002	0.7678829438341399	0.9843557098765432	0.8566485209098198	0.6680071938851976	0.7019532612486921	0.7067148300262259	0.668715269775422	0.7028401865197118	0.6925143856625009	0.0	0.7092660459587956	0.696442372416544	0.6855168238914393	0.6697712501919042	0.6906148703403565	0.9074421156087861	0.8595582445816584	0.8709566274827726	0.8485436474570425	0.9130971410072234	0.8581456192967902	0.9108199747206227	0.8541911537271883	0.9825372081802324	0.9825401243157993	0.9801396107591335	0.8518161569433735	0.8084251703541684	0.781905290931815	0.9786637359305719	0.8590475794895225	0.9616480599578422	0.7631075127442161	0.69855043386668	0.9805569377637714	0.9811735474006116	0.981215912124795	0.8706661234467306	0.8577378573381855	0.8624605282419122	0.7029395834359151	0.8654487821154488	0.6733583200698259	0.8565269104965805	0.8527750939345142	0.6936290124969371	0.8523732481667472	0.7500451508036843	0.8576197875110234	0.7330160400887811	0.8581723104393852	0.8600990035904735	0.8570111667469779	0.8580818643561399	0.860470947117695	0.858703057140424	0.864144682942815	0.6921816715394697	0.8566283034953112	0.8498466948262184	0.8510834782982196	0.8640367989814568	0.8539400570680741	0.8566870458428539	0.8569529270015372	0.8434055245752821	0.8576620742118164	0.850271861769573	0.8550916265520732	0.9600125144209147	0.9804034475072442	0.9973323558759444	0.9970814539665693	0.9969267578326424	0.9974877450980392	0.9974292530437644	0.9973595873587686	0.996434448710916	0.997093856166346	0.9970814539665693	0.9970814539665693	0.9970814539665693	0.9974292530437644	0.9965824209556943	0.9970814539665693	0.9974292530437644	0.9974292530437644	0.9968265089537783	0.9971921543094328	0.9967389532039784	0.9963504410752644	0.9961438511191215	0.9962063268677721	0.9970187654421824	0.9963979811941112	0.9975188712967051	0.9970794629456862	0.9971936389148737	0.9970837214954028	0.9970811796898753	0.9966054272018433	0.9970385196683142	0.9962063268677721	0.9967345765218105	0.9963760001628764	0.9970837214954028	0.9970837214954028	0.9967389532039784	0.9966684380492989	0.9970819486098728	0.997210199183573	0.9974292530437644	0.9974292530437644	0.9971921543094328	0.9974292530437644	0.9965824209556943	0.9972762890485868	0.9967389532039784	0.9972762890485868	0.9970837214954028	0.9965824209556943	0.9972520762090865	0.9975324132162275	0.9968550162490827
Pseudomonas_syringae_Susan762_17594_NZ_CP074411	0.49411067193675884	0.5785729760959053	0.5815160201748975	0.7792654465053434	0.7897846559894428	0.7904767455414384	0.7957918631045923	0.5206014223871367	0.4816679218359824	0.6824500136948781	0.6669684518420502	0.5960398064208302	0.7827545615067687	0.6624265491452992	0.49577542640555905	0.9773611146882324	0.9787870122442613	0.5170230231012782	0.5023876624393299	0.7792751497371959	0.9706154619270544	0.6728640551468151	0.8822051600519393	0.7851815774253448	0.61498355378263	0.6125728531482667	0.5623978012037714	0.574304097994013	0.5966521754013624	0.6062306567357072	0.7905047447167725	0.5726416148374363	0.5867033155815152	0.41979066761185935	0.6629175983713247	0.5623978012037714	0.5619388923781727	0.7025125956945626	0.5322306098283007	0.5996748077639646	0.5267187030921645	0.5493805984372022	0.7936886844633344	0.9787111478448168	0.48587570621468923	0.673059088500265	0.7831813885416349	0.5521764619668768	0.9645391921511325	0.6956908953894636	0.6713658503121356	0.7766860897594843	0.7788437655240934	0.5303187931931337	0.43548980342474153	0.6980995831555453	0.979155644905301	0.7811626776819341	0.4595527657905061	0.46456247981917986	0.010879183800947323	0.5102513747054203	0.47233289065958384	0.46775840241760935	0.7092660459587956	0.0	0.41555104240063	0.48808104886769965	0.5120630810874427	0.4813425309613135	0.9088743777765883	0.7937185411944779	0.8121274350417843	0.7774878056358157	0.8824043284675647	0.7874345870183921	0.8778834621070541	0.7925236363636363	0.9787063480134275	0.9787111478448168	0.9755405335672636	0.7715625679411126	0.7295556218311959	0.6793357301831878	0.9774658008880219	0.7917775019211444	0.9494336786730366	0.6979101530360375	0.5284508576095834	0.9807297971687625	0.9774361646690984	0.9775053249519455	0.8089344309481319	0.7847134142658694	0.7936056944610599	0.4436699169957289	0.7983618763961281	0.48597416187064835	0.7875148596336148	0.7807574396928127	0.5903181785534727	0.784099766173032	0.5939276353858198	0.7956180412524999	0.6037110893297732	0.7919700246748104	0.7881060235063663	0.7980946162521517	0.7826261379416757	0.7992762435855605	0.7791325821886094	0.7973039714128003	0.5265822784810126	0.7889874579382075	0.7771324415335661	0.774380011187768	0.7960255624617001	0.781122259383129	0.7856912853839173	0.7883045433033602	0.7651183172655566	0.7805316748978721	0.778070392861569	0.784088904568707	0.9500053671103478	0.9805253170877859	0.9959757977053485	0.9956483151535973	0.9960216052967824	0.996705720587814	0.9963836250542456	0.9966964465255236	0.9949308617535019	0.9958333333333333	0.9956483151535973	0.9956483151535973	0.9956483151535973	0.9963836250542456	0.9950576132869745	0.9956483151535973	0.9963836250542456	0.9963836250542456	0.9958816705336427	0.9958095781071836	0.9961461604339138	0.9944805194805195	0.9942641464574418	0.9953706349659942	0.9958758162447016	0.994596520396651	0.996147988891875	0.9958860579923963	0.9958126815928902	0.9958944447590464	0.9958894401133948	0.9952821997105644	0.9965930888373558	0.9953706349659942	0.994944680359361	0.9949800342270394	0.9958944447590464	0.9958944447590464	0.9961461604339138	0.995641951946786	0.9958909544321015	0.9960216789667896	0.9963836250542456	0.9963836250542456	0.9958095781071836	0.9963836250542456	0.9950576132869745	0.9953930747510774	0.9961461604339138	0.9953930747510774	0.9958944447590464	0.9950576132869745	0.9963793939048379	0.9961777777777778	0.9956002140436411
Pseudomonas_syringae_Tule1434_17592_NZ_JAHARX010000001	0.46907010243277847	0.5655234984576302	0.5984718651813767	0.7869928582282328	0.7972270878484695	0.7947123311446009	0.80167887843997	0.5381836160340763	0.5193795465917401	0.6652505785238145	0.6593199651264168	0.6009133964817321	0.7899169459420079	0.6610857770528908	0.5018012373717597	0.9762210466848134	0.9769160938918429	0.5293731665894704	0.5092341118957089	0.787515114873035	0.9658657917019475	0.6496389588581024	0.8748372856415191	0.7903396226415094	0.6319104991394149	0.5954273678488925	0.5946541093570026	0.57295275995746	0.5838351168151945	0.586976680289865	0.7955011405965753	0.5854680436620237	0.593699982972927	0.2807643657390676	0.6624659174037375	0.5946541093570026	0.5626976538942414	0.6834292137803346	0.5706133582169903	0.5972283251647794	0.5471899760456974	0.5422610420321916	0.7995613781958792	0.9772664818006945	0.48068704136763163	0.6498506360554492	0.7889503430350289	0.5262063073437093	0.9622887204729537	0.6913968927520362	0.6719587558469049	0.7785927820753844	0.7865109847902904	0.5343198760056093	0.09068785696548298	0.6898582190203625	0.9776288714187727	0.7878395860284606	0.5126560790674866	0.40364365702824667	0.4170688446149404	0.5057665149850934	0.42232246316834965	0.500815595782773	0.696442372416544	0.41555104240063	0.0	0.47303020616909064	0.5075813971711789	0.47615976784490754	0.9101483299541138	0.7971993217564171	0.8177576700127245	0.7878945915268276	0.8750494378213458	0.7970913708653322	0.8777783951989331	0.7917826490373463	0.9772613693153424	0.9772664818006945	0.9754844015007452	0.7833466086636849	0.7292719167904904	0.6767338571916639	0.9759887367208498	0.7997250899306876	0.9488098422037978	0.7179371328987285	0.494751020084776	0.977914322376863	0.9771594684385382	0.9772292087150029	0.8151507372864436	0.7959651945884737	0.8038926134853362	0.48179896665100985	0.8108909437839424	0.47392656622369433	0.7875292189065298	0.7884963074188704	0.5924365246580723	0.7903757611762958	0.60244658623711	0.7992411891988025	0.6013556807068425	0.8002289984331686	0.7887087928828225	0.8044986768597471	0.7924580068896138	0.8048579662412516	0.7946336429308566	0.8016493180704132	0.5231486880466472	0.7892540586640675	0.7756076522596347	0.7850151873101586	0.7978930260904896	0.7839010431090188	0.7939762525340284	0.7917327692578883	0.7749636639144015	0.7885195463320464	0.779968575741705	0.793584379358438	0.9486486486486486	0.9776802414025287	0.9959372691630206	0.9961833148195619	0.9958660962072156	0.996892550674231	0.9967471717666023	0.9972851713199783	0.9956748695003729	0.9965988338859038	0.9961833148195619	0.9961833148195619	0.9961833148195619	0.9967471717666023	0.9951954700145852	0.9961833148195619	0.9967471717666023	0.9967471717666023	0.9964802954243841	0.9963414634146341	0.9963350190351724	0.9956868728361011	0.995480059084195	0.9960773166571916	0.9960665830578042	0.9957499557287055	0.9963454853373741	0.9965850079024611	0.996344159156606	0.9965919333032898	0.9965878006824399	0.9955935717988595	0.9967803515970026	0.9960773166571916	0.996122806513685	0.9953454050065278	0.9965919333032898	0.9965919333032898	0.9963350190351724	0.9962350256702796	0.9965890511360433	0.9962129905898554	0.9967471717666023	0.9967471717666023	0.9963414634146341	0.9967471717666023	0.9951954700145852	0.9953557166099689	0.9963350190351724	0.9953557166099689	0.9965919333032898	0.9951954700145852	0.9971359705090033	0.9963736069343712	0.9959777593753697
Pseudomonas_syringae_Tule230_17587_NZ_JAHARW010000001	0.49036860879904876	0.561359897642113	0.5672019357677078	0.7813247470101196	0.785415349411375	0.7967232129911556	0.7956914119359534	0.43334425155584666	0.4368749744887547	0.6588579795021963	0.6617127670734693	0.5904096929869597	0.7885685826448703	0.6655560738322117	0.4767846430713857	0.9769329896907216	0.9767587285044294	0.44887943726484536	0.4199438202247191	0.7821048458418468	0.9676572035022553	0.6474086086897763	0.8742855517957175	0.7850356294536818	0.5792251624717245	0.6009242897920348	0.5655751935831106	0.6065662002152852	0.5501786409140754	0.5645212150940753	0.7965001738324256	0.4426695931390481	0.5799578714734626	0.5183620790801361	0.6669329339324347	0.5655751935831106	0.553850156087409	0.6780034010203061	0.5741613030815145	0.5861101607937051	0.5225296442687747	0.5303615574783683	0.7960767218831735	0.977706447325526	0.05107554816585269	0.647622906537007	0.7836280487804879	0.4482460619868799	0.9604590834053927	0.6975399459403976	0.6846020584938347	0.7700891465619351	0.7839425991216675	0.4585639666328838	0.4917832512315271	0.6933140013839918	0.9783385853878135	0.7885980010266631	0.5301606320440334	0.4688380706981239	0.4851897378960308	0.1900715990453461	0.3979906285617797	0.46895791664965913	0.6855168238914393	0.48808104886769965	0.47303020616909064	0.0	0.19162533384204505	0.04229088639200995	0.9051097831195863	0.7930120197973132	0.8121023651251034	0.7797630125938334	0.8740841710683251	0.7878083114021666	0.8718970014866343	0.787340366463076	0.9777014146684058	0.977706447325526	0.9753220268979581	0.7760477929796323	0.7174908149129675	0.6712956581667815	0.977616920786488	0.7902791344759199	0.9465905725899804	0.6867321867321867	0.5691696614337053	0.9783007183552143	0.9769497535918229	0.9770204580311419	0.816439218378966	0.7873526840883744	0.7946196383201315	0.4181073330602212	0.8045643153526971	0.4193670407262641	0.7902102156916431	0.7848234131884416	0.5878225197020404	0.7728785861275874	0.5734222252927562	0.7864556695448118	0.6039885076897076	0.7908317320889378	0.7856923737652617	0.7920035804863494	0.790690543358273	0.7984977139124755	0.7858436972209427	0.8011760275758191	0.49428673806585177	0.786911877394636	0.776451672747511	0.77224177124529	0.7961709082418865	0.7794975186104218	0.7886373594274865	0.7895965715974582	0.7683155330710136	0.7876674953010367	0.7754518914218275	0.7923299354499518	0.9473060982830077	0.9780698460383027	0.9951425795759757	0.9962793360045793	0.99494009538211	0.9962444813944155	0.9959175401007586	0.996464704529777	0.9953210761524849	0.9963513086448128	0.9962793360045793	0.9962793360045793	0.9962793360045793	0.9959175401007586	0.9950560505892497	0.9962793360045793	0.9959175401007586	0.9959175401007586	0.9962298077201938	0.9963806321069281	0.9960015993602559	0.9948941947289202	0.9948897736050865	0.995311740659215	0.9949242945629732	0.9951915941942953	0.9956967396826345	0.9963974697188892	0.9963833119749395	0.9964048124557678	0.9964004308145796	0.9948732802317162	0.9964483143814625	0.995311740659215	0.9955816102575951	0.9942036434241334	0.9964048124557678	0.9964048124557678	0.9960015993602559	0.9958997591466912	0.9964017566227511	0.9959914638366594	0.9959175401007586	0.9959175401007586	0.9963806321069281	0.9959175401007586	0.9950560505892497	0.9952720785013381	0.9960015993602559	0.9952720785013381	0.9964048124557678	0.9950560505892497	0.9958628167085141	0.9957300438856601	0.9952701094716802
Pseudomonas_syringae_U643_17595_NZ_CP074410	0.5107685065317171	0.5823425246648115	0.5774020377606544	0.7904186131721169	0.7953027171145262	0.7998897624089815	0.8061023622047244	0.40593521421107626	0.4255661428041084	0.6757606105604863	0.6797840307340879	0.6022332675154899	0.7948020815061685	0.6705514118273841	0.506491462742938	0.9779941627708758	0.9785779517286367	0.5000991945403326	0.4354249599868675	0.7919157588079992	0.9684549299146209	0.6543480459925144	0.8777088902792788	0.7900517188926073	0.5674959142909025	0.6171417020416414	0.5844017461244972	0.6174550567439991	0.5575952271684259	0.575722704606479	0.8013314037626629	0.45582467348671707	0.6001160964283275	0.5434556185626663	0.6719222965106609	0.5844017461244972	0.5655695266272189	0.6924069478908188	0.5859626529298132	0.6092621346114899	0.5327957997374836	0.5329051727473209	0.8075357297531399	0.9801756587202007	0.2111685328739592	0.6545577085088459	0.7880607020965382	0.4508831976080885	0.9612020278967138	0.7087431508014839	0.6881691193963906	0.7845112642541487	0.7911294799827278	0.4718151508102659	0.5229428848015489	0.7010614176333344	0.9788629544066492	0.7971969081776895	0.5335057342028333	0.4949374627754616	0.5091620986687548	0.003275743646642404	0.4305394190871369	0.46021089051816455	0.6697712501919042	0.5120630810874427	0.5075813971711789	0.19162533384204505	0.0	0.22299602046617395	0.9058173606817388	0.8065684899485741	0.8181921708185054	0.7798487724429786	0.8775029111874805	0.7952035149813876	0.8743261455525606	0.7987456081767763	0.9801711804422579	0.9801756587202007	0.9761960205956169	0.7887215734480639	0.7105678712420285	0.6611043372234802	0.9789378937893789	0.801141713747646	0.9497563208487035	0.681018332664258	0.5717749573782913	0.9800322460622597	0.976579264144031	0.9769716252868766	0.8229401524016097	0.7950004506805276	0.8015740519914143	0.4605415783368665	0.8079807891850227	0.42413285684254787	0.79393330899355	0.7919578804766156	0.5855360694268668	0.7790932978948322	0.5940925388424108	0.7928974543707973	0.6053246621278325	0.7893205073218552	0.7941814625798368	0.792990011364316	0.798863393320908	0.7971675611210495	0.7935657657106125	0.8082433135000866	0.5183569182389938	0.7972622785890674	0.7880668551063046	0.782610042437196	0.8059814169570267	0.7923209557238746	0.7991925880747002	0.8012566428844065	0.7780885780885781	0.7945570003023888	0.7854383633610433	0.7982215743440233	0.951205078545298	0.9798195036349963	0.9957585831375021	0.9962370378881452	0.9952733850732334	0.9961153314917127	0.9961359674607786	0.9968569780853518	0.9950007528986599	0.9960485708517205	0.9962370378881452	0.9962370378881452	0.9962370378881452	0.9961359674607786	0.995269958467928	0.9962370378881452	0.9961359674607786	0.9961359674607786	0.9960990946406219	0.9962527532252067	0.9958144601800355	0.9945177063268632	0.9946007218924321	0.9950064571674558	0.9953107019562716	0.9949639430240181	0.9961020659050703	0.9960987555884614	0.9962555380877519	0.9961067379010486	0.9961019746201559	0.995088208794722	0.9962623271326299	0.9950064571674558	0.9952742664965789	0.9944132477652992	0.9961067379010486	0.9961067379010486	0.9958144601800355	0.9958559958559958	0.9961034159105777	0.9958605916748683	0.9961359674607786	0.9961359674607786	0.9962527532252067	0.9961359674607786	0.995269958467928	0.9959136192805583	0.9958144601800355	0.9959136192805583	0.9961067379010486	0.995269958467928	0.9960203847915712	0.9961323336903487	0.994952210274791
Pseudomonas_syringae_U888_17589_NZ_JAHASA010000001	0.48044039361187285	0.5557739375509901	0.5620049827092553	0.7801761568043667	0.792713529856387	0.801143824224563	0.7970571822961027	0.44544371894378054	0.4468495060058213	0.6614502743001829	0.6647152177746429	0.5842997014096243	0.7867599122859006	0.6637791559929891	0.46808424134005533	0.9768471495168893	0.9765083879803007	0.4600640288950911	0.42826881541784345	0.7809714726291441	0.9690997697209875	0.6453917680842336	0.8768776516454535	0.7851341373369431	0.5686245842318798	0.595009133836556	0.5616472077648051	0.6080095027999322	0.5443587443946188	0.5596747274599624	0.7958956643929858	0.45306888671237344	0.5753376723353629	0.5153123885741453	0.6651739115795144	0.5616472077648051	0.5519912752435034	0.685020107238606	0.5763259087281434	0.5866606797457861	0.5230816031637386	0.5354683061597727	0.7967026519596339	0.9783296625401888	0.01572444777236992	0.6456098394260334	0.7837121912154253	0.45490475061259983	0.9608014398390768	0.6983062564811614	0.6887854625098389	0.7703813332493623	0.7857009112470353	0.4694356447260354	0.49634630659253376	0.6945747264078768	0.9785935994862464	0.7887319647378215	0.5284491249337071	0.45925137193873367	0.4784201626539979	0.2214793741109531	0.3789887300833369	0.45968612471975423	0.6906148703403565	0.4813425309613135	0.47615976784490754	0.04229088639200995	0.22299602046617395	0.0	0.907830254725618	0.7931147345870031	0.8183433648609917	0.7818318365303376	0.8770890567765568	0.795051483018288	0.8735108520331645	0.7873144240134589	0.9783247239947331	0.9783296625401888	0.9758068720996924	0.77605404729138	0.7191229615232774	0.6729511618199526	0.9776181337206287	0.7903548898256944	0.9474857298178853	0.699145924030441	0.564825469888761	0.9780786266609944	0.9769439540460066	0.9770154193700912	0.8169372075558893	0.7940463933135485	0.8016151790807289	0.4360160471589979	0.8105877796645515	0.4190148327595733	0.7945851581881106	0.7896028835995277	0.5831661133204422	0.780865603644647	0.5668571028004626	0.7926947266569908	0.6006912363549259	0.7971796443899448	0.7937245966252001	0.7975336793783192	0.7928304104419907	0.8053915429116717	0.7917245638412845	0.8045742291198693	0.5067060514130608	0.790252339623807	0.7782561222898143	0.7725556813892035	0.796942202321334	0.7795781489955182	0.7890887643762902	0.7897014925373134	0.7685900873899738	0.7882378153318639	0.7756824599937245	0.792496239270861	0.9481507649664394	0.9778429785511938	0.9953755888898523	0.9965258678092701	0.9951749095295537	0.996491024562828	0.9958980369176678	0.9967144477073823	0.9956594323873121	0.9965996279934899	0.9965258678092701	0.9965258678092701	0.9965258678092701	0.9958980369176678	0.9952894652670757	0.9965258678092701	0.9958980369176678	0.9958980369176678	0.996479079866205	0.996627270106659	0.9962444027155857	0.9951320033448812	0.9951291379776902	0.9955468162627956	0.9951556290430191	0.995434338579839	0.9959472538107912	0.9966431399552419	0.9966297960594539	0.9966500601271259	0.9966459306825675	0.9951063705092891	0.9966969925247725	0.9955468162627956	0.9959102594064033	0.9944256707968692	0.9966500601271259	0.9966500601271259	0.9962444027155857	0.9961423557734141	0.9966471801925723	0.9962365434547947	0.9958980369176678	0.9958980369176678	0.996627270106659	0.9958980369176678	0.9952894652670757	0.9955162348409617	0.9962444027155857	0.9955162348409617	0.9966500601271259	0.9952894652670757	0.99610378365898	0.9959789947486871	0.9955143450642743
Pseudomonas_syringae_UB303_12214_NZ_CP047267	0.9077166155617744	0.9134324051363439	0.9097055328139443	0.9128907117386591	0.7743873910755015	0.7463562872484806	0.9124778919847231	0.9094195648403837	0.9082923964117898	0.9030889477769748	0.8938617022715896	0.9051258178808803	0.9119148390406566	0.9071583684362	0.9078043620881254	0.9887547564341028	0.9884741370881002	0.9023189968990157	0.9089659222873313	0.9133385437019669	0.9848708850778632	0.9106856390124294	0.9437649392259574	0.9128127566919175	0.8882300186060208	0.9054649824815442	0.8940002608582236	0.8929321112400422	0.8902201902359557	0.8867315195613202	0.918795539222543	0.9091757677587977	0.902209593502264	0.9127919405697184	0.9073156056662263	0.8940002608582236	0.9039200819399551	0.9059168794251573	0.9095118176333254	0.9056270241674301	0.9131845468756158	0.9070203895599018	0.9134902051104884	0.9891904213456186	0.9077914722619272	0.910564546628239	0.9124724479282146	0.9088733746170736	0.9818678224246431	0.9042122942559624	0.906012136051525	0.9154113708875987	0.7607638317295461	0.9070841889117043	0.9092970824050481	0.9037459949104046	0.9893850208112701	0.9141079592684954	0.9131057312123163	0.9096915710349625	0.9077258383697919	0.9056408463958272	0.9119246442648139	0.9076147061203571	0.9074421156087861	0.9088743777765883	0.9101483299541138	0.9051097831195863	0.9058173606817388	0.907830254725618	0.0	0.9192132473382474	0.7834388532391992	0.7818778127481837	0.9435930669919691	0.767936305543612	0.9482710961451475	0.916102289394809	0.9891892540465306	0.9891904213456186	0.9876471089366777	0.9165927240461402	0.9124655699593157	0.9051044238339895	0.9879256100968138	0.9180123904929262	0.9705691786283892	0.9359711953666568	0.9067281576895152	0.9895777435934128	0.9875032129349702	0.9875212358987521	0.9188114774985985	0.7688744448692686	0.775487245419747	0.905713942980527	0.7685877565411567	0.9091190357685737	0.7962638983271402	0.804142609699769	0.9089782138524028	0.7980949384287532	0.8921917056471633	0.7165408583546417	0.9058765839935995	0.7866598555060935	0.7964213271515503	0.6867522637348888	0.7855510969215899	0.7613272547544224	0.7817168011738811	0.7665276344664216	0.9071480416140218	0.9152028835982291	0.9184603565243434	0.9176000626615493	0.9130406896197856	0.9176857949200377	0.9140665942353167	0.9158385332408905	0.9136591692102126	0.9131165043487318	0.9198009353951979	0.9101910255257377	0.9714353310338817	0.989524654217705	0.9978212119667703	0.9982785442860422	0.9976498086456219	0.9984178830254159	0.9979488757275081	0.9979550624984024	0.9978390481397589	0.9983267339379231	0.9982785442860422	0.9982785442860422	0.9982785442860422	0.9979488757275081	0.9977642639957074	0.9982785442860422	0.9979488757275081	0.9979488757275081	0.9980242225187314	0.9982817432033397	0.9983314227486945	0.9975437281036288	0.9973155232784334	0.9977694788227947	0.99758765491978	0.9975242712154403	0.9980114633290443	0.9982725991032757	0.9982823116268418	0.9982741773790338	0.9982732351447435	0.9975255141289296	0.9983289324301915	0.9977694788227947	0.9977719158962276	0.9972227176599485	0.9982741773790338	0.9982741773790338	0.9983314227486945	0.9981368044920877	0.9982735201147601	0.9980806633227557	0.9979488757275081	0.9979488757275081	0.9982817432033397	0.9979488757275081	0.9977642639957074	0.9977562481356108	0.9983314227486945	0.9977562481356108	0.9982741773790338	0.9977642639957074	0.9977070063694268	0.998018186057356	0.9980287900402023
Pseudomonas_syringae_UMAF0158_3878_NZ_CP005970	0.7992153647968147	0.8097517031698666	0.8207568356633541	0.44796478847622856	0.832510321379422	0.821036148415521	0.3422904191616767	0.8065020862308763	0.8023069994479473	0.7775579506865495	0.7804683105887925	0.8093181450089079	0.372288802293949	0.6649478131212724	0.7980893212987926	0.9796509540111561	0.9769685802948022	0.7966421207658321	0.7808373304909102	0.448322050465192	0.9715571070357442	0.7017618083466803	0.8266173548244645	0.4707163774016142	0.8095691635385736	0.8128146453089244	0.8191137213027229	0.8132509164860453	0.7995571229393914	0.7996062130824765	0.36317455643083263	0.7998777790711209	0.8122472091894515	0.8030151932891418	0.6659009778053702	0.8191137213027229	0.8029240937312238	0.7859587087943425	0.821738889811279	0.8114945615684168	0.8090531725637478	0.7970286855163099	0.262982689747004	0.9784428337619827	0.7956454399237505	0.7019239481711921	0.4690214865396304	0.8051534778935511	0.9652140115629403	0.7873687324360301	0.7841546006539001	0.46679207061206773	0.8355567805953693	0.8019408163841011	0.7943870533493314	0.7820366132723112	0.9826965025367025	0.4568724456872446	0.807233344644271	0.8026019587779565	0.79088637365868	0.8063243417014934	0.808974358974359	0.801996918701114	0.8595582445816584	0.7937185411944779	0.7971993217564171	0.7930120197973132	0.8065684899485741	0.7931147345870031	0.9192132473382474	0.0	0.830919775434178	0.843191460243602	0.826904000881737	0.8353092571804068	0.8132581488103424	0.4385940246045694	0.9784382965786581	0.9784428337619827	0.9749639249639249	0.4654549396545494	0.7979557879724269	0.7882638158663395	0.9803491366975102	0.23118865866957472	0.9514062032512217	0.8716797705057373	0.7880320019034589	0.9795786361116244	0.9761280295303317	0.9761962417667571	0.4757922989573655	0.8241928892521455	0.8268417055441033	0.7920555991741545	0.8362208113633918	0.7997038791827066	0.8464469062415563	0.8327582875596897	0.8065602535801211	0.8380018175014701	0.8214476068649398	0.8294009416093945	0.7892964686558992	0.8432107823156979	0.8437372501019992	0.8302435869799526	0.8395650149286438	0.8319605943152455	0.8338596732115886	0.8275743464916923	0.7988620953953187	0.4901779688110547	0.45185967724308773	0.4796281006569264	0.3180779774596406	0.4687409446537235	0.35298263837364596	0.26176517192204085	0.510197622898938	0.4805268375584195	0.4605263157894737	0.41565273403950753	0.9526941185262686	0.978804360512617	0.9964170925760051	0.99656684096551	0.996439566323116	0.9972512224131096	0.9959415801137426	0.9978548728813559	0.996915535237256	0.9967671842704966	0.99656684096551	0.99656684096551	0.99656684096551	0.9959415801137426	0.9968492679181339	0.99656684096551	0.9959415801137426	0.9959415801137426	0.9969537450231142	0.9967119972643818	0.9968387776606955	0.9967718308330846	0.9963135905627919	0.9968115942028986	0.9962201311059421	0.9968634082478726	0.997200186654223	0.9967261203216259	0.996714244407644	0.9967322824353645	0.996728605077205	0.9962119191164701	0.9972529649488893	0.9968115942028986	0.9969675205490384	0.9962112242481648	0.9967322824353645	0.9967322824353645	0.9968387776606955	0.9969865982924057	0.9967297177092327	0.996516883807498	0.9959415801137426	0.9959415801137426	0.9967119972643818	0.9959415801137426	0.9968492679181339	0.9966386095321381	0.9968387776606955	0.9966386095321381	0.9967322824353645	0.9968492679181339	0.9970795621974321	0.9972201024746539	0.9966647530003554
Pseudomonas_syringae_USA011_12213_NZ_CP045799	0.8217718227046585	0.826969299683164	0.8275729435683279	0.8356396270521536	0.48329075467789817	0.39863616991049866	0.8227639296187683	0.8144172213567483	0.8112832737385777	0.8057858278446514	0.7746882866007141	0.8008944352203953	0.8212337389844734	0.7988826815642458	0.8102021009362869	0.9764978483945713	0.9760892413529524	0.7999017284236083	0.8202937776650032	0.8345961286177077	0.9676463444255525	0.803854906369095	0.8877183040544021	0.8319815222645969	0.7819105404261324	0.8002197743292863	0.7770515020290328	0.7680750916753325	0.7645363339061028	0.7586908077994429	0.8386341413205702	0.8211201440265549	0.7798848536112855	0.8182854212370723	0.799246175855618	0.7770515020290328	0.8129136760968526	0.8055962213076264	0.8249375067927399	0.8025856324137012	0.8282369673431431	0.8137037037037037	0.8266569365894342	0.9768659470430852	0.8217858678515121	0.8039516593132553	0.8312281644719162	0.8170514122587906	0.9670773050661319	0.8052424789928017	0.8009803643782053	0.8295315516163236	0.5127023186497071	0.8158284835840562	0.8186025510779997	0.8049683605515487	0.9796530617182396	0.8351499000666223	0.8256639351001727	0.8144350451451194	0.8085464237863109	0.8176535930957874	0.8238108720271801	0.8120122550436442	0.8709566274827726	0.8121274350417843	0.8177576700127245	0.8121023651251034	0.8181921708185054	0.8183433648609917	0.7834388532391992	0.830919775434178	0.0	0.5282482002056907	0.887405120288177	0.5158021298522845	0.8949173918526927	0.8348493462194428	0.9768611437931114	0.9768659470430852	0.9749952642545937	0.830613240795966	0.8279782752144561	0.8004553215708594	0.9761141240273521	0.8285864839942036	0.9441739775114296	0.8815615522202349	0.8156758457007235	0.9792615188490257	0.9737863612402358	0.9738602695211699	0.8407075082508251	0.44878238708763984	0.45670813128118626	0.8104337532764014	0.49042922437197156	0.8147690006328749	0.5278739729748081	0.5505803752193279	0.8193594619921725	0.5536697247706421	0.7767119928059514	0.46917796285325997	0.7984691146558185	0.5431449846692948	0.49326493579006137	0.45445301542776995	0.5193379671048104	0.44605889613824723	0.49787560075224624	0.41211564938044976	0.8022559652928416	0.82827131341096	0.8354242546877108	0.8312958435207825	0.8244901169192052	0.8316691606584138	0.8232099023345694	0.8288816446711184	0.8255874246104303	0.828760312810728	0.8352871104854211	0.8166833429880457	0.945691080994347	0.9787537364911474	0.9959850800393721	0.9955575184453912	0.9958153489841036	0.99727279810914	0.9956700868606818	0.9964819013368775	0.9959393611261506	0.9957250475718792	0.9955575184453912	0.9955575184453912	0.9955575184453912	0.9956700868606818	0.995702005730659	0.9955575184453912	0.9956700868606818	0.9956700868606818	0.9961373728880364	0.9956522864315106	0.9964516964516964	0.9952764730999146	0.9949509869746207	0.9958265287606605	0.9955028724427462	0.9953316162266581	0.9964931211222012	0.9955930106695531	0.9956552098688805	0.9956011730205279	0.9955963019237207	0.9955673293815244	0.996857877379314	0.9958265287606605	0.9958918805767067	0.9950032362459547	0.9956011730205279	0.9956011730205279	0.9964516964516964	0.9962044402849269	0.9955977757182577	0.9958692810457517	0.9956700868606818	0.9956700868606818	0.9956522864315106	0.9956700868606818	0.995702005730659	0.9960521015173895	0.9964516964516964	0.9960521015173895	0.9956011730205279	0.995702005730659	0.9959616878074036	0.9965176394953256	0.9964011387441586
Pseudomonas_syringae_isolate_CFBP2118_5951_NZ_LT962481	0.7949941864023009	0.8082910668738457	0.7981484788950408	0.8217136622063975	0.39906175497962004	0.4298190892077355	0.8290929051735968	0.790127232689014	0.7837107130787428	0.7699208116802772	0.7552304546169577	0.8088387874709067	0.8244293747932517	0.8005221932114883	0.7778295006672253	0.9777539466793027	0.9773363249048327	0.7751163299084975	0.78818337827899	0.8224037472866446	0.9721320277145706	0.8111839834311356	0.882119712340379	0.8167245985464364	0.7576310349021038	0.8072018425931128	0.774197260904592	0.7724712643678161	0.7610186379088032	0.7576719576719577	0.8339413077802581	0.7778771983955569	0.7896418889998573	0.7873591680079237	0.8009048461471535	0.774197260904592	0.7834125086992042	0.7940500736377025	0.7809467103304555	0.8105377724443948	0.7954066018955938	0.7814774663156264	0.8330783938814532	0.978134110787172	0.7809299403078857	0.8109056397572689	0.8164185966323775	0.7865619701971982	0.965922859450727	0.7798065596131192	0.7801249809480262	0.8125874125874126	0.3646466680088585	0.7899493318320543	0.7887647328945354	0.7831926779983359	0.9787947857709939	0.8277853260869565	0.7987617016234151	0.7828845558650572	0.7734542405515357	0.7786706534604124	0.7878675562144799	0.7800484170151225	0.8485436474570425	0.7774878056358157	0.7878945915268276	0.7797630125938334	0.7798487724429786	0.7818318365303376	0.7818778127481837	0.843191460243602	0.5282482002056907	0.0	0.8822212515015835	0.42572352216748766	0.8879721403696759	0.8276391134003671	0.9781293285703871	0.978134110787172	0.9747623811905953	0.8199341116633915	0.8040717322577129	0.7701968771215207	0.9752560364805263	0.8394076194670778	0.9421969855557881	0.8592772564789991	0.7825843395991535	0.9794645427502159	0.975116955367303	0.9751909840405416	0.8441656958630219	0.47060989982321744	0.4872055830183193	0.7812862639711721	0.4970756011264351	0.7882129396006604	0.39755697783328126	0.5060630557801131	0.8000769617855135	0.4576283681669062	0.7683409965009688	0.4318592737682688	0.79443563908072	0.44639672118705176	0.3887903511883647	0.4588712652157876	0.4658958231328387	0.46436976025886156	0.4017144199154533	0.43836668983937654	0.7841400105691815	0.8184498858084472	0.8248116408811181	0.8167315627360958	0.8322582416074222	0.8195469067673541	0.8301510012036328	0.8356300297651857	0.8123906705539359	0.8220725861675416	0.8231996301005664	0.824831197464517	0.9454317701401393	0.9792530114641654	0.9953988152638105	0.9962737033867896	0.9949827620035316	0.9965729762595694	0.9955323485885014	0.9955894590846047	0.9950316300297525	0.9963708895476079	0.9962737033867896	0.9962737033867896	0.9962737033867896	0.9955323485885014	0.9951498018347607	0.9962737033867896	0.9955323485885014	0.9955323485885014	0.9957766963136991	0.9962886597938144	0.9963376015420625	0.9945389385061721	0.9940716556405189	0.9951188572058904	0.9949669533475292	0.9944784574011558	0.9956835774510086	0.9962229034377053	0.996291310678278	0.9962303321678322	0.9962258990838233	0.9948059201340408	0.9963257638543566	0.9951188572058904	0.9949293734154292	0.9941609056104883	0.9962303321678322	0.9962303321678322	0.9963376015420625	0.9960464473320432	0.9962272404177375	0.9960240226880943	0.9955323485885014	0.9955323485885014	0.9962886597938144	0.9955323485885014	0.9951498018347607	0.995188314478018	0.9963376015420625	0.995188314478018	0.9962303321678322	0.9951498018347607	0.9949869164026993	0.9957157545984234	0.9956755827939745
Pseudomonas_syringae_isolate_CFBP3840_6707_NZ_LT963409	0.8695924586335545	0.8877362589615468	0.8808043573943662	0.8015594654917534	0.8849425776265419	0.8861004858885557	0.8102331247577386	0.8811808946511759	0.8701328122787642	0.8610242710168817	0.8685375404347087	0.8838107163353681	0.807997557997558	0.8477220547149457	0.8725465132793637	0.9761001611503657	0.9725001256849831	0.8770913222553615	0.8728116073196255	0.804776291181125	0.9687412498409061	0.8591703654994794	0.005133420504624953	0.8033505377584268	0.8755496081055247	0.8835995406618645	0.8880943127348102	0.883694383188481	0.8813857589367793	0.8836855629555823	0.8008227249986103	0.8769763123839531	0.8913020914422128	0.8819615504402729	0.8479132671405261	0.8880943127348102	0.8822279849922754	0.8643633860977289	0.8814119943606984	0.8864738684995461	0.8779114480333993	0.8735795454545454	0.8042294225532152	0.9716768196490547	0.8784481275448759	0.8590210632994604	0.8020725089481584	0.8787878787878788	0.9628103326967534	0.8778286942747228	0.869572529782761	0.7944216089254257	0.8777183600713012	0.8809659786244595	0.8722495616267889	0.867534036012297	0.9793248837977191	0.801883812422824	0.8804833273967724	0.8728849708516991	0.8798086393696356	0.8768649293813408	0.8795853043650681	0.8777401583840239	0.9130971410072234	0.8824043284675647	0.8750494378213458	0.8740841710683251	0.8775029111874805	0.8770890567765568	0.9435930669919691	0.826904000881737	0.887405120288177	0.8822212515015835	0.0	0.8800608662572686	0.5290517726505346	0.8087670324203311	0.9714209401709402	0.9714271842303304	0.9730704197334394	0.8003673683596711	0.8860067054879125	0.8707473429680032	0.9802869588757906	0.8385473638153577	0.9387505210504377	0.9283147588792834	0.880204487361545	0.9746596157067311	0.9798920917220363	0.9799511854951185	0.8149955879108758	0.8785417504355985	0.8801645167320995	0.8737608513021562	0.8837667349817678	0.874544358657903	0.8795634275809772	0.8797921793820072	0.883382083595309	0.8800116906235885	0.8880883267675721	0.8824375816035599	0.8573597166369278	0.8795599619720222	0.8868108108108108	0.8823388831355055	0.8779287530415288	0.8870460016400815	0.8822874218962239	0.8875692180303265	0.8772534388972745	0.791743684534812	0.7848669066871274	0.8064403525613055	0.8096005333629646	0.7900195000886368	0.8101814766732038	0.8311131863000907	0.7927231013589034	0.805182121107664	0.7896879240162822	0.8135410624015911	0.9399146100177028	0.9743992650969395	0.9955475429539185	0.9961679531395412	0.9956957596290023	0.9966295829451417	0.9961264975237252	0.9970338633929307	0.9941254011921137	0.9962087912087912	0.9961679531395412	0.9961679531395412	0.9961679531395412	0.9961264975237252	0.9958257812929093	0.9961679531395412	0.9961264975237252	0.9961264975237252	0.9966754398116082	0.9962653000027261	0.9958476752444955	0.9943882011223598	0.9949797203392234	0.9953250587785007	0.9952576754385964	0.9950399637208776	0.9963229006328032	0.9962819225445763	0.9962679451905527	0.9962891735962512	0.9962848465126369	0.9952677459526774	0.9960269618588339	0.9953250587785007	0.9954999723924687	0.9947045175378736	0.9962891735962512	0.9962891735962512	0.9958476752444955	0.996355165798849	0.9962861557645911	0.9963346745301218	0.9961264975237252	0.9961264975237252	0.9962653000027261	0.9961264975237252	0.9958257812929093	0.9961995518874613	0.9958476752444955	0.9961995518874613	0.9962891735962512	0.9958257812929093	0.9958520944194297	0.9963500551735845	0.99605561861521
Pseudomonas_syringae_isolate_CFBP4215_6752_NZ_LT962480	0.8012091898428053	0.8183078255847531	0.811154656059897	0.8135393629548784	0.42729012646827036	0.4529745653111079	0.8186545604622368	0.795852353456876	0.7910411548842993	0.7753104545176485	0.7561973150171715	0.8171757414785303	0.8173000082669679	0.799607752653438	0.7909756097560976	0.9760534021539531	0.9756966216046751	0.7830159610525667	0.7918196437782565	0.8142053084197595	0.9705485897403291	0.8101475803683789	0.8802611889538838	0.8117889789953291	0.7709727533460803	0.8135357965744108	0.7797951052931132	0.774982191195327	0.7694331983805668	0.7635380635409703	0.8253950953678474	0.7879717984562086	0.8049435937631217	0.8002311224644953	0.7999884669722919	0.7797951052931132	0.793556654944269	0.7882636561415888	0.7968594944836845	0.8179663819233949	0.8071134231522343	0.7939842299144518	0.8224741872757648	0.976252660088992	0.7987396249615739	0.8102452689954833	0.8114824581518001	0.7906422072377138	0.966312412271907	0.7845752836553205	0.7813199443469845	0.8058563278612179	0.3818908544065851	0.796557578596101	0.7977487400790657	0.7732277840604727	0.9783709509147815	0.815570393521807	0.8117304613593364	0.7997757099990908	0.7839408023483366	0.7944310444844747	0.8083348410831674	0.7889109279117337	0.8581456192967902	0.7874345870183921	0.7970913708653322	0.7878083114021666	0.7952035149813876	0.795051483018288	0.767936305543612	0.8353092571804068	0.5158021298522845	0.42572352216748766	0.8800608662572686	0.0	0.8820995746274646	0.821101043006926	0.9762474905062526	0.976252660088992	0.9737614405093513	0.8062202346381694	0.8033875338753388	0.7739993889398106	0.9748910459587956	0.8331821056394182	0.9428556585885348	0.8630557398805574	0.7906177084612551	0.9788685365388284	0.9749535245942823	0.975027552349464	0.8314236725362654	0.43234323432343236	0.43334205901050826	0.7863722854812891	0.45031251155738006	0.7880587780355761	0.471169138587861	0.4841302173993556	0.8081595701185679	0.47297052318625143	0.7776668852832986	0.3945059576261446	0.7989858239480024	0.39606927417785565	0.43087012887973763	0.45752640845070425	0.4832815505252256	0.4744883147046015	0.4342576369315152	0.49502487562189057	0.786037910309755	0.807391304347826	0.8166599551285739	0.8075222526034092	0.8187386194338686	0.80861285814116	0.8203968645507866	0.8280461924317173	0.7999590319843151	0.8090898670334709	0.8165810288089602	0.8138146438541696	0.944177717800327	0.9786521456280269	0.9957079198447196	0.9958340185276544	0.9952445841096804	0.9965712091288128	0.9959001634394304	0.9960096868292146	0.9951282418684625	0.9960117721484171	0.9958340185276544	0.9958340185276544	0.9958340185276544	0.9959001634394304	0.9949375447091839	0.9958340185276544	0.9959001634394304	0.9959001634394304	0.9957809420712244	0.995850622406639	0.9958985015859128	0.9945527927521097	0.9942321352464839	0.9952104658164103	0.9952805597475648	0.994778216079689	0.9959753382428498	0.9958691162082836	0.9958535653881827	0.9958771834653358	0.9958723693143245	0.9951516830585954	0.9963258479339749	0.9952104658164103	0.9951900483759503	0.9945619500464558	0.9958771834653358	0.9958771834653358	0.9958985015859128	0.9956076536634914	0.9958738259406048	0.9959986754235886	0.9959001634394304	0.9959001634394304	0.995850622406639	0.9959001634394304	0.9949375447091839	0.9955112361146623	0.9958985015859128	0.9955112361146623	0.9958771834653358	0.9949375447091839	0.9955736495532664	0.9960050998725032	0.9956807138188741
Pseudomonas_syringae_isolate_CFBP6109_6963_NZ_LT963391	0.8735066170504463	0.8808580591263104	0.8818874163211101	0.7901223877150445	0.8941604890102745	0.8972474747474748	0.8021458046767538	0.8762852220307897	0.8633261242030166	0.8605629064812739	0.8683231204006827	0.8785370648181677	0.7961221441610886	0.851649397623127	0.8723076492171526	0.9761829074458981	0.9711292604820893	0.8725258659469186	0.8693219959722533	0.7944460349269968	0.9700669357466971	0.8601058658312628	0.5310070702451721	0.7899505292222734	0.8736103615758231	0.8798904336141402	0.8819869388594642	0.8868974673202614	0.8787831553789001	0.8828586224754014	0.7809476003234892	0.8750868224376962	0.8825715539267556	0.878680998768335	0.8518367457922071	0.8819869388594642	0.8818038319181363	0.8726919863069085	0.8828289842685826	0.8833902307554096	0.8773037727666956	0.8714927048260381	0.7941534376901378	0.973341303048416	0.8744646453186601	0.8601738379312207	0.7889752446747266	0.8720398386965817	0.9633097980924068	0.8788934083690868	0.8700649260947645	0.7756734501823315	0.8917792852945889	0.8752830799094145	0.8740569583252137	0.8671866536669917	0.9793899629369929	0.7896514223570488	0.8775062317112821	0.8723881643528257	0.8753203342618384	0.8742945388179137	0.8760469480937841	0.8741772582841579	0.9108199747206227	0.8778834621070541	0.8777783951989331	0.8718970014866343	0.8743261455525606	0.8735108520331645	0.9482710961451475	0.8132581488103424	0.8949173918526927	0.8879721403696759	0.5290517726505346	0.8820995746274646	0.0	0.7980292854783662	0.9730899870831938	0.9730957790266651	0.9713787342767296	0.7842445791559804	0.8808351043880485	0.8688733997945073	0.9799655164039923	0.8299671079457417	0.9393472511105976	0.9173909659341515	0.8713564152487373	0.9739833171861338	0.9795209226674553	0.9795803027324552	0.7970550045583888	0.8857240455106814	0.8862099690759474	0.872138037827674	0.8937122631688528	0.8732545954060101	0.8934648972376856	0.8964344545406239	0.8814982851278728	0.8900522199994804	0.8809143798589302	0.889153100420706	0.8561317652011471	0.8843208921377691	0.8931827820186599	0.8940450574235864	0.8927383518267209	0.8944571191537903	0.8885721137193253	0.897413182140326	0.8754639523113261	0.7788177483986077	0.7739434344620988	0.7923536925220622	0.8017550637452397	0.7727433942188331	0.7967302602558447	0.8211562115621156	0.785920588149488	0.7943842392702942	0.776771537783005	0.7993213231439843	0.9391876268530175	0.9737193870243949	0.9952915220491296	0.9956313035974327	0.9958177295465107	0.9968167471472119	0.9950643542757417	0.9968354430379747	0.9956357697938957	0.9964572572139438	0.9956313035974327	0.9956313035974327	0.9956313035974327	0.9950643542757417	0.9960801275986051	0.9956313035974327	0.9950643542757417	0.9950643542757417	0.9967818474377506	0.9957833105041227	0.9967209589851099	0.9951463042573846	0.995368045091802	0.9965852871585287	0.9953306342780027	0.9958470371815598	0.9964661337820783	0.9958018022836056	0.9957862529858558	0.9958098694921135	0.9958050553091434	0.9953959735200371	0.9971432421506535	0.9965852871585287	0.9972050363616629	0.9952447477298372	0.9958098694921135	0.9958098694921135	0.9967209589851099	0.9964112250404749	0.9958065119260664	0.9960099885999675	0.9950643542757417	0.9950643542757417	0.9957833105041227	0.9950643542757417	0.9960801275986051	0.9957835362448342	0.9967209589851099	0.9957835362448342	0.9958098694921135	0.9960801275986051	0.9972359381708888	0.9964918142332109	0.9965947469785358
Pseudomonas_syringae_psy100_6403_NZ_MLEV01000005	0.7926524443411033	0.8113736706189432	0.8086661811663212	0.3744307703887697	0.8233650384222688	0.8184279705573081	0.3304775385532295	0.7979483633010604	0.7974362667434827	0.7780821917808219	0.7778851786760399	0.8078309874202078	0.35585321100917433	0.6568694041370793	0.7850603960106461	0.9800245851259988	0.9773809808755595	0.7903768014265252	0.7753076267951015	0.3876026608198001	0.9723691232836835	0.7068514333293684	0.8084493784778938	0.3220174963226755	0.8024495476687543	0.807195744567106	0.8115441801189465	0.8097498872768745	0.792964824120603	0.7923553719008265	0.27676280209889315	0.7977605710831582	0.8071663678450052	0.7896462871866947	0.6573253911916299	0.8115441801189465	0.8031133461408069	0.7808672531326903	0.8219507529173841	0.811034702493163	0.8049981809531805	0.7967408953839017	0.3459015185021377	0.9773820536540241	0.789497015190023	0.7070082624977709	0.3200015502073402	0.8031151606341775	0.9660248879085046	0.7871290021032952	0.782272267937058	0.3967269466447467	0.8212208901750034	0.7972137522029821	0.7901116427432217	0.7803870529651427	0.9826951933781887	0.39082582360762297	0.7992183546083338	0.7923435225618631	0.7884939794078296	0.7978030919446705	0.8042398336414048	0.7971397527383784	0.8541911537271883	0.7925236363636363	0.7917826490373463	0.787340366463076	0.7987456081767763	0.7873144240134589	0.916102289394809	0.4385940246045694	0.8348493462194428	0.8276391134003671	0.8087670324203311	0.821101043006926	0.7980292854783662	0.0	0.977377344960792	0.9773820536540241	0.9757388724035608	0.41728022382565155	0.7985020094994519	0.7892036775513733	0.978330658105939	0.43646369858181044	0.948048418972332	0.8699548034475509	0.7871771515881645	0.9764832497538413	0.977262925870909	0.9773270259938838	0.468862091346975	0.8221527178602244	0.8261067760705763	0.7879329222612805	0.8324356034344835	0.7932402645113887	0.8389791806581599	0.8322286774131958	0.8047981635966631	0.8272967138402495	0.8179825140653477	0.8231294345302086	0.7563774801311621	0.8312044043066742	0.8346286116602128	0.8257836927763971	0.8349224458750985	0.8293664543298063	0.8255429586122114	0.8298799582463465	0.7965182398740267	0.3964148622964261	0.43161271507728205	0.3989022067883947	0.33096856097378835	0.39371763116415226	0.3313646831587549	0.429384925547342	0.3857820261929851	0.36585916340656033	0.4134971141038922	0.3196804320918195	0.9499494314117269	0.9755414661236579	0.9962834940353977	0.9971363115693013	0.9964625131995776	0.9971582021065805	0.9958920342330481	0.9976749046449658	0.9970412595005429	0.9970213210702341	0.9971363115693013	0.9971363115693013	0.9971363115693013	0.9958920342330481	0.9972591297084236	0.9971363115693013	0.9958920342330481	0.9958920342330481	0.9969166710588732	0.9971471549354219	0.9974290388760485	0.99681724571398	0.9964738499636618	0.9968551824513983	0.9960887590936351	0.9969347422763571	0.9972671681368039	0.9971592376426838	0.9971490773377566	0.9971645099757694	0.9971613635777141	0.9964227471197854	0.9974212034383955	0.9968551824513983	0.9969041059950151	0.9960805689664123	0.9971645099757694	0.9971645099757694	0.9974290388760485	0.9971325043664138	0.9971623155505108	0.9964859832690846	0.9958920342330481	0.9958920342330481	0.9971471549354219	0.9958920342330481	0.9972591297084236	0.9965240353524466	0.9974290388760485	0.9965240353524466	0.9971645099757694	0.9972591297084236	0.9970413433339389	0.9972863322496575	0.9963874585501308
Pseudomonas_syringae_pv_actinidiae_PSAAH01_20743_NZ_CP116478	0.9767517680694187	0.9791545331003688	0.9781667929879465	0.9795447443693964	0.9780188477698388	0.9762638075168469	0.9778081810592709	0.9767006293077615	0.9763354967548677	0.9763632748421733	0.9734238408937204	0.9777607004797169	0.9775859668662119	0.979209433331742	0.9773160216563064	0.9344455890851529	0.8257586351559223	0.9747218648300916	0.976129774045191	0.9803719996174811	0.9723470445903906	0.9772466264714327	0.9713792432642739	0.9785448879300012	0.9773623237477931	0.977134999067686	0.9788689923919095	0.9792081039826079	0.9771067415730337	0.9756595145972564	0.9780615661732444	0.9786153501456347	0.9783961406697895	0.9758060447045764	0.979209433331742	0.9788689923919095	0.9780014731156396	0.9753519423346717	0.9764447236180904	0.9791145108947612	0.9773098389022934	0.9747195250792373	0.9787608162509833	0.004085567388909306	0.9793442955745026	0.9772564212943033	0.9785448879300012	0.9772512537248347	0.9656645029039973	0.9758657927120219	0.9742809049952968	0.975760814125762	0.9764774636569509	0.9768033124288724	0.9777766692440076	0.9790838333453818	0.958116768431145	0.978755364806867	0.9784085100167961	0.9739870564830904	0.9766900932896481	0.9793770409444863	0.9789066619792582	0.9773721143089596	0.9825372081802324	0.9787063480134275	0.9772613693153424	0.9777014146684058	0.9801711804422579	0.9783247239947331	0.9891892540465306	0.9784382965786581	0.9768611437931114	0.9781293285703871	0.9714209401709402	0.9762474905062526	0.9730899870831938	0.977377344960792	0.0	0.0012412081092263438	0.5496580027359781	0.9776186213070726	0.9795688509449688	0.9752451893234017	0.9414530977855188	0.9782909389286133	0.9720686859753851	0.9776993034055728	0.9766484903564576	0.8289466673770579	0.9565693249092085	0.9566187960413721	0.9804329725228976	0.9779380265600457	0.9780843384936841	0.9762689192201938	0.979566196515349	0.9738898078635959	0.9783058348164895	0.9763520910882417	0.9779542520279653	0.9771609608473615	0.9797626222819787	0.9782355873068616	0.9790540697269838	0.9769587479470583	0.9760331178734839	0.9790366799016827	0.9773394473154281	0.9761718472153069	0.97675094449288	0.9774624373956594	0.9732755781847658	0.9762025806763986	0.9753810366134387	0.9776311320296958	0.9781502057134888	0.975945853824804	0.9781447304516756	0.9800527877046692	0.977192216237201	0.9794713698499188	0.9774332095799665	0.9789817625657544	0.9719573338576485	0.8263870167682105	0.9957849530777796	0.9958807271181035	0.9953913324708926	0.9960615253605833	0.9961609707643159	0.995810093138694	0.9951993784166273	0.9962941239202303	0.9958807271181035	0.9958807271181035	0.9958807271181035	0.9961609707643159	0.9950117370892019	0.9958807271181035	0.9961609707643159	0.9961609707643159	0.9965048126041834	0.9956839485251284	0.9959963941032983	0.9948607200459255	0.9946905089408529	0.9946356490333546	0.9960119110922047	0.9953015524110455	0.9964633068081344	0.9961789817645199	0.9958463410762474	0.9961862177801157	0.9961818995707928	0.9956783164223976	0.9961174343154984	0.9946356490333546	0.9968697327233326	0.9946470214119143	0.9961862177801157	0.9961862177801157	0.9959963941032983	0.9957415096348344	0.9961832061068703	0.9964433747827249	0.9961609707643159	0.9961609707643159	0.9956839485251284	0.9961609707643159	0.9950117370892019	0.9961774331050793	0.9959963941032983	0.9961774331050793	0.9961862177801157	0.9950117370892019	0.9955748694983969	0.9964886291937564	0.9960654835603246
Pseudomonas_syringae_pv_actinidiae_str_Shaanxi_M228_11439_NZ_CP032631	0.9767570142667302	0.9791590848436325	0.9781715961867514	0.9795491685090839	0.9780235428137459	0.9762687534728653	0.9778128115364106	0.9767058647292337	0.976340812099129	0.9763685609919738	0.9734298307122108	0.9777653605271123	0.9775906465307259	0.9792138987661981	0.9773211377020423	0.9347012582565236	0.8260978950605204	0.974727602905569	0.9761351425644101	0.9803762220044459	0.9723531880230061	0.9772515249372085	0.9713855055551504	0.9785495158661681	0.9773672502176226	0.9771397944678769	0.9788734027504	0.9792124309200638	0.9771115635750895	0.9756646504431002	0.9780661248614703	0.9786201403753297	0.9784006710471131	0.9758115368123692	0.9792138987661981	0.9788734027504	0.9780063329978644	0.9753573069575101	0.9764498442066617	0.9791188671811629	0.9773148148148149	0.9747252470890023	0.9787652379079828	0.002847301951779513	0.97934901184768	0.9772613155440786	0.9785495158661681	0.9772562127597733	0.965672042354893	0.9758712463593452	0.9742866335040958	0.9757661114078966	0.976482617586912	0.9768083664181273	0.9777816567752232	0.9790883685072757	0.9581262770224251	0.9787599227633555	0.9784132392309565	0.973992950654582	0.9766953390678136	0.9793817022024661	0.9789114279975899	0.9773772908670344	0.9825401243157993	0.9787111478448168	0.9772664818006945	0.977706447325526	0.9801756587202007	0.9783296625401888	0.9891904213456186	0.9784428337619827	0.9768659470430852	0.978134110787172	0.9714271842303304	0.976252660088992	0.9730957790266651	0.9773820536540241	0.0012412081092263438	0.0	0.5493502051983584	0.9776234941216314	0.9795729922075582	0.9752507198887896	0.9417031436530043	0.9782955184699044	0.9720748600058945	0.9777041568930912	0.9766537947048283	0.8289876687884519	0.9568125310790652	0.9568612867236891	0.9804370447450572	0.9779427510885859	0.9780890207715134	0.9762742087275249	0.9795705550552212	0.9738957866883777	0.9783105297328492	0.9763572679509632	0.9779590842669265	0.9771658196430681	0.9797668435812456	0.9782402353946182	0.9790584415584416	0.9769637553425253	0.9760383386581469	0.9790411379693297	0.9773443943142677	0.9761769307353151	0.976756010750345	0.977467139578552	0.9732816694524642	0.9762077645464227	0.9753864043800572	0.9776360152327358	0.9781547757378573	0.9759511233356863	0.9781492785793563	0.98005698005698	0.9771971957402421	0.9794757842926433	0.9774381368267832	0.9789861452203327	0.9719635353957294	0.8264291297199687	0.9957859584956666	0.9958817121449637	0.9953924500848759	0.9960624684066299	0.9961618981158409	0.9958110992529349	0.9952005770404483	0.9962950129274729	0.9958817121449637	0.9958817121449637	0.9958817121449637	0.9961618981158409	0.9950129343680828	0.9958817121449637	0.9961618981158409	0.9961618981158409	0.9965056581458485	0.9956849768365321	0.995997349237906	0.9948619841486745	0.994691823207459	0.9946369308376477	0.9960128651550996	0.9953027139874739	0.996464186072208	0.9961798877677371	0.9958473298595498	0.9961871203555182	0.9961828041910178	0.9956793602232777	0.9961183633318268	0.9946369308376477	0.996870486278286	0.9946482977877864	0.9961871203555182	0.9961871203555182	0.995997349237906	0.9957425294696788	0.9961841101081608	0.9964442305635761	0.9961618981158409	0.9961618981158409	0.9956849768365321	0.9961618981158409	0.9950129343680828	0.9961783789728362	0.995997349237906	0.9961783789728362	0.9961871203555182	0.9950129343680828	0.9955759245522942	0.9964894959135538	0.996066457611267
Pseudomonas_syringae_pv_actinidifoliorum_ICMP_18803_20753_NZ_CP081457	0.9750857555515436	0.9765636699445914	0.9757851592949283	0.9768384624891855	0.9748791562911967	0.9735452252938098	0.975396560758348	0.9733268172231082	0.9728464901002829	0.9749897813202534	0.9712680701935218	0.9754843338914135	0.975557461406518	0.9772660388463802	0.9742656548448712	0.9280547561639574	0.8235446313065977	0.9733073929961089	0.9740563612053893	0.9777291610334062	0.9710545675943073	0.9760752622141436	0.9730301822890726	0.9749839640795381	0.9751883250876364	0.9750113693482372	0.9772408046661112	0.9785392459094143	0.9752193246004086	0.9742978846292687	0.975180923003915	0.9767525218905218	0.9770167172888814	0.9744487678339818	0.9772660388463802	0.9772408046661112	0.9764319959626545	0.9739123953390146	0.9741711163541538	0.9770071168447861	0.9748345698816924	0.9725119710107416	0.9756259957672461	0.5503913058337035	0.976316202227218	0.9760858356453632	0.9749839640795381	0.9744318181818182	0.959851993556182	0.973297143595709	0.9726724510826696	0.9731991207912878	0.9742890046064491	0.9745345016429354	0.9758337609030272	0.9763574632598945	0.953572450386246	0.9767766590725362	0.9764031729349648	0.972261790681412	0.9734693351879041	0.9753741778445285	0.976374492723654	0.9752983043751309	0.9801396107591335	0.9755405335672636	0.9754844015007452	0.9753220268979581	0.9761960205956169	0.9758068720996924	0.9876471089366777	0.9749639249639249	0.9749952642545937	0.9747623811905953	0.9730704197334394	0.9737614405093513	0.9713787342767296	0.9757388724035608	0.5496580027359781	0.5493502051983584	0.0	0.9748643671295605	0.9758773960551903	0.9731607037973391	0.9315354300285913	0.9747293289286489	0.970801261829653	0.9735183478239207	0.9746486921738227	0.8276625399688448	0.9487027847059731	0.9487771112136595	0.9777587681779298	0.9751639424488597	0.9750958322142735	0.974975815895321	0.9764499378336868	0.9718468468468469	0.9749542147205861	0.973802732322474	0.9758577510643627	0.9736854905394231	0.9772830098821288	0.9758524806088101	0.9771141435069419	0.9740124223602484	0.9738197745315184	0.9756660832360949	0.9747997704533546	0.9729083859640567	0.9738415545590433	0.9749928551014576	0.9727239602311176	0.9735597271324006	0.9723025528520144	0.9742552500811547	0.9757908559150054	0.9730487927061416	0.9755297918844436	0.9773900103209082	0.9748016566039619	0.9763514344010423	0.9746143477609704	0.9761893423496357	0.9719322136480557	0.8254424778761063	0.9952243204890295	0.9952115142560062	0.9946139537466337	0.9955894036106622	0.9941581992856945	0.9954119618670842	0.9949674024934233	0.9951936281241417	0.9952115142560062	0.9952115142560062	0.9952115142560062	0.9941581992856945	0.9950042546183195	0.9952115142560062	0.9941581992856945	0.9941581992856945	0.9960686600221484	0.9950114491331371	0.995277353133872	0.9940556682443092	0.994416732796735	0.9946997431834326	0.995153738739972	0.9946481665014866	0.9954413356886432	0.9949518252137332	0.9948506974716652	0.9949616707749818	0.994955795411401	0.994857190256311	0.9953997809419496	0.9946997431834326	0.9958657185381181	0.9935589519650655	0.9949616707749818	0.9949616707749818	0.995277353133872	0.9950120587590441	0.9949575731287446	0.9955100129465885	0.9941581992856945	0.9941581992856945	0.9950114491331371	0.9941581992856945	0.9950042546183195	0.9958348681041567	0.995277353133872	0.9958348681041567	0.9949616707749818	0.9950042546183195	0.9951727711566258	0.995474985152295	0.9954060798548094
Pseudomonas_syringae_pv_aptata_G733_11468_NZ_RBOI01000041	0.7806117734035671	0.7989592214741422	0.7993964139889934	0.3731902639157363	0.8221565315315316	0.8199709054977631	0.4066832695238449	0.7867756995087419	0.7860890787065283	0.759689681923972	0.7589177043348001	0.7968032024356553	0.40595238095238095	0.6400562974600681	0.7736988847583643	0.9790060726236213	0.9783229751403368	0.7793739744264528	0.762546699875467	0.3698064211520302	0.9712816334843933	0.678997423582175	0.800122659969043	0.3839937536599649	0.7843885978154693	0.799037406062653	0.8058748047310869	0.7938118255395683	0.7810742568575691	0.7782796317606444	0.3869190404797601	0.7788479234402798	0.799098337559876	0.7780501427330272	0.6405457579426104	0.8058748047310869	0.7872876778104556	0.766673660861485	0.7926947337538507	0.8001176767252248	0.796135436979259	0.7829552799236712	0.39024939058691166	0.9776234941216314	0.7798805092433294	0.6788451143120608	0.38203564727954975	0.7896678966789668	0.9621086068673423	0.7681673827760135	0.7659998772780267	0.2879775938466683	0.8121471392817647	0.7892081661552985	0.781430979010265	0.7546227642768514	0.9812145707821754	0.3549432739059968	0.7899878262418718	0.7846513343992129	0.767685860623933	0.788460947345772	0.7954378893367534	0.7927202946547401	0.8518161569433735	0.7715625679411126	0.7833466086636849	0.7760477929796323	0.7887215734480639	0.77605404729138	0.9165927240461402	0.4654549396545494	0.830613240795966	0.8199341116633915	0.8003673683596711	0.8062202346381694	0.7842445791559804	0.41728022382565155	0.9776186213070726	0.9776234941216314	0.9748643671295605	0.0	0.779951844574212	0.7598377658751045	0.9764717537211779	0.4573790190438044	0.9454120700843608	0.8631643080672409	0.7798740186799888	0.9795640652231002	0.9773024003213819	0.9773694487558203	0.46742938863067574	0.8148200744127923	0.8163860195273808	0.7745256790198893	0.8261918792266465	0.7866141243639071	0.8269274505344553	0.8173950795947902	0.7926384731648045	0.8162391959233086	0.7977243994943111	0.8207470049330514	0.7247698221149548	0.8074091251666763	0.8176087957632973	0.8230165405102327	0.8187169941996364	0.8253372893690869	0.8070583447193233	0.8258036252122009	0.7776775998756412	0.383740605202062	0.34265536723163836	0.23306420275463058	0.4067613403406761	0.28298793560048763	0.3658007834784923	0.44837165101063636	0.31952711300849723	0.3684521000471921	0.34599684759325866	0.38629001883239167	0.9471678548282566	0.9793545897448266	0.9955344912607529	0.9957707412187955	0.9959066607262197	0.9965093587664569	0.9952506596306069	0.9972184737407397	0.9956950981517622	0.9959762987460383	0.9957707412187955	0.9957707412187955	0.9957707412187955	0.9952506596306069	0.995979401316333	0.9957707412187955	0.9952506596306069	0.9952506596306069	0.9964145751688485	0.9959249535061809	0.9964678823722688	0.9953374025093252	0.995193128164287	0.9956968617239962	0.9953265889597537	0.9957101054007216	0.9964264272849424	0.9959431496406012	0.995927849139109	0.9959510869565218	0.9959463503550344	0.9954209912860077	0.9968973943603965	0.9956968617239962	0.9963481436396835	0.99496414691554	0.9959510869565218	0.9959510869565218	0.9964678823722688	0.9963168599857072	0.9959477835191732	0.9957131399175817	0.9952506596306069	0.9952506596306069	0.9959249535061809	0.9952506596306069	0.995979401316333	0.9959309108499559	0.9964678823722688	0.9959309108499559	0.9959510869565218	0.995979401316333	0.9965814303295502	0.9964528944381384	0.9958149466192171
Pseudomonas_syringae_pv_avellanae_ISPaVe037_292_NZ_JH951894	0.741297351560424	0.7582529489971995	0.7605057536581901	0.7805925762749202	0.8184331069341336	0.8175677411069732	0.7988959815822521	0.7348681877290459	0.7283521833348177	0.6241803934111627	0.7041375344290082	0.7599457627118644	0.788756927949327	0.7666629791470767	0.7336323669201521	0.9779595231494317	0.9790996784565916	0.7163064833005894	0.6975986852116749	0.784162042478747	0.9752370171218339	0.7806499261447563	0.8860871321116665	0.7854605083356108	0.7460060264938313	0.7582169826696366	0.7707629617714868	0.7517108407560287	0.7459923979507519	0.7581718963165075	0.7969141604010025	0.7168647645280082	0.7602551920727569	0.7380052946250633	0.7670380712765075	0.7707629617714868	0.7373681610831857	0.6595383262049929	0.7488818434014607	0.7610803511141121	0.7520091194072385	0.7332619493768775	0.7941978806001468	0.9795729922075582	0.7216294269645842	0.780757874015748	0.7840980601384443	0.735690912222286	0.9672529371919744	0.5613478290228915	0.535754171037937	0.783259132262257	0.8115262687295093	0.7292981697650958	0.7223896630956999	0.4822979980083102	0.9799172087522177	0.7921624837732584	0.7565864183511242	0.7373509698084109	0.7258554906402765	0.7093528678683243	0.754126718855367	0.7453905364281879	0.8084251703541684	0.7295556218311959	0.7292719167904904	0.7174908149129675	0.7105678712420285	0.7191229615232774	0.9124655699593157	0.7979557879724269	0.8279782752144561	0.8040717322577129	0.8860067054879125	0.8033875338753388	0.8808351043880485	0.7985020094994519	0.9795688509449688	0.9795729922075582	0.9758773960551903	0.779951844574212	0.0	0.6028977990988946	0.9770385227194135	0.7960390264595154	0.9515807667378832	0.8386315151834391	0.7382888114595432	0.9805637189420251	0.9765277972600178	0.9765923715378159	0.8058055454403579	0.8190689700646182	0.8235402081858465	0.7309377481106831	0.835180522750279	0.7371243670791263	0.8183684898263954	0.8141155497933716	0.7469307157370575	0.8172900382940775	0.7552339316262525	0.8151433549817836	0.7594642132323095	0.8018438177874186	0.8179212429681222	0.8223402029500994	0.8206950179653564	0.819326408561536	0.802021903959562	0.824718526100307	0.7334210368952939	0.7922916894777181	0.7775714919086677	0.7785432524029112	0.7980102897942041	0.783649715948455	0.7935184456855188	0.7938229056203605	0.779713683275996	0.7860044162145954	0.7906433070216452	0.7950636733622161	0.9516136778407454	0.9803780539884471	0.996462055545728	0.9965803738791226	0.9963812750230983	0.9968807851292065	0.9966231772831926	0.9972044322456033	0.9954313782449098	0.9961603010730814	0.9965803738791226	0.9965803738791226	0.9965803738791226	0.9966231772831926	0.9958568451019267	0.9965803738791226	0.9966231772831926	0.9966231772831926	0.9965401471078192	0.9965929739551787	0.9962324264185294	0.994477297001589	0.9951292324613088	0.9956473327259844	0.9960696807566498	0.9954213652180738	0.9970819422171981	0.9964556834749384	0.9965952080706179	0.996462086616149	0.9964582653035593	0.9962145433153439	0.9966029508695432	0.9956473327259844	0.9957094698130555	0.9952755109774892	0.996462086616149	0.996462086616149	0.9962324264185294	0.9961685823754789	0.9964594214543994	0.9966348850252383	0.9966231772831926	0.9966231772831926	0.9965929739551787	0.9966231772831926	0.9958568451019267	0.9969646221477915	0.9962324264185294	0.9969646221477915	0.996462086616149	0.9958568451019267	0.9961854237716307	0.9971018276762402	0.9958332241410939
Pseudomonas_syringae_pv_avellanae_str_ISPaVe013_26105_NZ_JH951849	0.6786582235153175	0.7125742702144149	0.7196947650919908	0.774700188713703	0.7900909171676489	0.7913921574268534	0.7928579663361771	0.6577016268605054	0.6452333577687017	0.5339375023502426	0.6652672149764273	0.7121193402927914	0.7845903733379783	0.732637695648099	0.6966811843748946	0.9761674390181799	0.975960672277559	0.6519269207840936	0.6799809309769469	0.7735803292605281	0.9680931815207433	0.7170068027210884	0.8706561531962828	0.7801255735329631	0.6813277189288769	0.7148318278509109	0.7287234042553192	0.7108781852273076	0.7166403809877231	0.7077531694857179	0.7932568149210903	0.6728869749478793	0.7159069882193302	0.6890959989075516	0.7330730793254217	0.7287234042553192	0.6857771407619746	0.5554956121421378	0.6845362850406078	0.7142242571367114	0.7094219596897212	0.6841045591045591	0.7874179652490676	0.9752507198887896	0.6759984679132282	0.7171678841349651	0.7786139571432888	0.6835751176025527	0.9625413052457662	0.5354539933191619	0.5246277635734697	0.7638236021771401	0.7733263533904047	0.6766979386892178	0.670027089119775	0.5761732596058415	0.9802550927254232	0.7818748688431214	0.7016421272567007	0.6803382519086583	0.6751189131848202	0.6606844159464733	0.6968085106382979	0.6928841526297697	0.781905290931815	0.6793357301831878	0.6767338571916639	0.6712956581667815	0.6611043372234802	0.6729511618199526	0.9051044238339895	0.7882638158663395	0.8004553215708594	0.7701968771215207	0.8707473429680032	0.7739993889398106	0.8688733997945073	0.7892036775513733	0.9752451893234017	0.9752507198887896	0.9731607037973391	0.7598377658751045	0.6028977990988946	0.0	0.9748704136599248	0.7919488556749182	0.9459775615462328	0.8131516587677725	0.6948869825708062	0.9781491631594401	0.974775611265862	0.9751683718060769	0.8004353305075037	0.7893454556258728	0.7953573430079934	0.6792790360144463	0.7994063014342817	0.6651143247312581	0.7872711946050096	0.775915523221905	0.6910946502057613	0.7820619290544548	0.7183361942128494	0.7844922490999435	0.707148157308929	0.7744140625	0.7747800048887803	0.7920987508838087	0.7882748999150795	0.7954385139901246	0.7713120034356882	0.7941523497079053	0.677681959296309	0.7742073562234384	0.7670091043307087	0.7675265366576154	0.7907050818010714	0.7678803239166718	0.7847053375014472	0.7793901218578914	0.7662951184117084	0.771347104680438	0.7779035613755967	0.7887853712169435	0.9459279748922815	0.9779195410825112	0.9952696043925102	0.9959652389819987	0.9955615371399118	0.9969791931340165	0.9958915834522111	0.9963741431080392	0.9949469578322153	0.9961487270976694	0.9959652389819987	0.9959652389819987	0.9959652389819987	0.9958915834522111	0.9950712404044982	0.9959652389819987	0.9958915834522111	0.9958915834522111	0.9960844836948756	0.9962074390380942	0.9955506744389062	0.994415195322726	0.9946431707745448	0.9951816055679225	0.9950549605809715	0.9946761832329024	0.9964117647058823	0.9962248322147651	0.996210207175341	0.9962324179504354	0.9962278912515019	0.9953500313801563	0.9959614787200994	0.9951816055679225	0.9953604872911508	0.9943442415374659	0.9962324179504354	0.9962324179504354	0.9955506744389062	0.9957891762046065	0.9962292609351433	0.9962212688581413	0.9958915834522111	0.9958915834522111	0.9962074390380942	0.9958915834522111	0.9950712404044982	0.9956963433556811	0.9955506744389062	0.9956963433556811	0.9962324179504354	0.9950712404044982	0.9952729319077096	0.9964390998511427	0.9957828149710068
Pseudomonas_syringae_pv_cilantro_0788_9_3786_NZ_LGLN01000010	0.9769076820444399	0.9739368998628258	0.9732683466070396	0.9784004526556619	0.975684481836308	0.9757430897387354	0.9802689099458872	0.9760961268055733	0.97475315905254	0.9781196060513758	0.9746851643288625	0.9730168973016897	0.9784014209591474	0.977015991002005	0.9765663098996432	0.8632851035843473	0.9431388195320343	0.9752548058315056	0.9766110273254773	0.9791284347549487	0.968310305488655	0.9758283741091764	0.9802578069159293	0.9777063815176338	0.9762352708188929	0.9718046912398277	0.9792031834762424	0.9779070867631753	0.9776019505665249	0.976566053091414	0.9787143766353158	0.9782924405717344	0.9744257749946222	0.9751472563811099	0.977015991002005	0.9792031834762424	0.9741127243395846	0.9722945655678746	0.9719417499813937	0.9733295232652284	0.973509105463278	0.9752508361204013	0.9799593994901331	0.9417031436530043	0.9784484999740031	0.9758390247484762	0.9777063815176338	0.9739824064410317	0.958210830506345	0.974077125057921	0.9737548766276537	0.9780971258671952	0.9745291256080828	0.972248470681852	0.9762050810202935	0.9736222910216719	0.9665651161004583	0.9787731825603783	0.9737440924207946	0.9750830137197869	0.9754285275051885	0.9786489684622113	0.9777469064341026	0.9771455345289846	0.9786637359305719	0.9774658008880219	0.9759887367208498	0.977616920786488	0.9789378937893789	0.9776181337206287	0.9879256100968138	0.9803491366975102	0.9761141240273521	0.9752560364805263	0.9802869588757906	0.9748910459587956	0.9799655164039923	0.978330658105939	0.9414530977855188	0.9417031436530043	0.9315354300285913	0.9764717537211779	0.9770385227194135	0.9748704136599248	0.0	0.9804474615163974	0.9805157593123209	0.968870818887032	0.9763270791337159	0.9229344479763723	0.8548337567348762	0.8552148263579697	0.9813525315708722	0.9764190012180268	0.9764728757534513	0.9751655209152482	0.9785871911147755	0.9753153856158148	0.9766027140851661	0.9737629688747007	0.9730169457585542	0.976574964947058	0.9781077298925547	0.9764542936288089	0.9785695659388853	0.9755198931777157	0.9762181692197283	0.9765640131706372	0.9779595884467585	0.9738203365956724	0.9777618364418939	0.9761667615253272	0.9761387725557107	0.9778837600079074	0.977956803242228	0.9771926341390778	0.9793662840337729	0.977656824734069	0.9778833203374211	0.9800496372661321	0.9767436088359395	0.9771814709626873	0.9788404360753221	0.9774305967141604	0.9790834664536742	0.9221603845180876	0.9965786901270772	0.9968972837624517	0.9963274886096921	0.9967830757067692	0.9963945615676777	0.9974595716783217	0.9966729227094353	0.9968857564333716	0.9968972837624517	0.9968972837624517	0.9968972837624517	0.9963945615676777	0.996230538104343	0.9968972837624517	0.9963945615676777	0.9963945615676777	0.9971344336373406	0.9967463803481373	0.9962502037932721	0.9956003923217038	0.996138560838806	0.99589450788472	0.9963488733277023	0.9954053444582253	0.9960856616082825	0.9966524485718914	0.9967486723745529	0.996658942717034	0.9966550673032829	0.9963140232161523	0.9962382445141066	0.99589450788472	0.9951360263808738	0.9953310350443824	0.996658942717034	0.996658942717034	0.9962502037932721	0.9962363978509287	0.9966562398878223	0.9971779275576744	0.9963945615676777	0.9963945615676777	0.9967463803481373	0.9963945615676777	0.996230538104343	0.9967003215071352	0.9962502037932721	0.9967003215071352	0.996658942717034	0.996230538104343	0.9959816458961201	0.9961144273003717	0.9958490992262947
Pseudomonas_syringae_pv_dysoxyli_CFBP_2356_12226_NZ_VLHW01000015	0.8011486842876399	0.8134916169686058	0.8187455954897815	0.4383828007484316	0.8253415337723834	0.8180654452356189	0.35301132975551586	0.804086503478185	0.7997256115359916	0.7801736870089206	0.7780619071689809	0.8100478598274883	0.39176496286588025	0.6657953696788648	0.790659178244162	0.9810439033742331	0.9764637230110873	0.794569172064957	0.775263142201151	0.44576911892992144	0.9719163402557092	0.7007609058113802	0.838377475281422	0.47343219581918883	0.8051633268509907	0.8114007834661624	0.8193783104167781	0.8144575730782627	0.7942698299113777	0.7987162606978275	0.4086376354114355	0.796612648452583	0.813173458640525	0.7995635634454896	0.666749587984701	0.8193783104167781	0.8070711978734959	0.7864449397108406	0.8223780876604474	0.8137560451370232	0.8070150565684634	0.7951416526635418	0.28650532429816067	0.9782955184699044	0.7922443479562808	0.7002152363052112	0.4717392859698075	0.8052332966381573	0.9655306718597858	0.7922438491301651	0.7870613650960472	0.4475693934498458	0.832123261098487	0.8029947732730611	0.7980052063529205	0.7857877887034073	0.982077883764382	0.5013087634802638	0.8040302410186448	0.8025733462293736	0.7880775138839655	0.8008947229007859	0.8090662149136899	0.7984687797902764	0.8590475794895225	0.7917775019211444	0.7997250899306876	0.7902791344759199	0.801141713747646	0.7903548898256944	0.9180123904929262	0.23118865866957472	0.8285864839942036	0.8394076194670778	0.8385473638153577	0.8331821056394182	0.8299671079457417	0.43646369858181044	0.9782909389286133	0.9782955184699044	0.9747293289286489	0.4573790190438044	0.7960390264595154	0.7919488556749182	0.9804474615163974	0.0	0.9514657736235723	0.8716917833750466	0.7876401813409688	0.9792704111175449	0.977512520056401	0.9775768447590419	0.4978585995921142	0.8200926255789098	0.8224538805807227	0.7895305699179155	0.8295818191679775	0.7962725892405251	0.8446765224467652	0.8280690057504791	0.8100868384578395	0.8379015620394931	0.8204566112388387	0.8254551391950363	0.7931458891745529	0.8367844426184607	0.8431131843849742	0.8273359867868844	0.8372950368658523	0.8294127190136276	0.8316555889572244	0.8254874873811169	0.797651096056563	0.5309056891414317	0.5022785883350408	0.4494476861536203	0.3275018025881371	0.49085704061549473	0.33951866846603684	0.2772705808279553	0.48626481859532256	0.49833397636000143	0.5049361310640105	0.4107721090882924	0.9534100267012702	0.9784908486635772	0.9962748672426092	0.9967435333986392	0.9964028776978417	0.9971640604293666	0.9960111366921882	0.9976893657707426	0.9966574585635359	0.9965717930319701	0.9967435333986392	0.9967435333986392	0.9967435333986392	0.9960111366921882	0.9964677449340026	0.9967435333986392	0.9960111366921882	0.9960111366921882	0.9970260422248419	0.9967560724740882	0.9970686877756357	0.9959708156375912	0.9959183673469387	0.9964317809377808	0.9960768721007289	0.996470395096859	0.9971647214269984	0.9967700428034978	0.9967582953377434	0.9967761381804838	0.9967725006559958	0.996362663813854	0.9974845098766086	0.9964317809377808	0.996959270224854	0.9957241270092644	0.9967761381804838	0.9967761381804838	0.9970686877756357	0.996685932446047	0.9967736012380978	0.9965341651337013	0.9960111366921882	0.9960111366921882	0.9967560724740882	0.9960111366921882	0.9964677449340026	0.996629213483146	0.9970686877756357	0.996629213483146	0.9967761381804838	0.9964677449340026	0.9969658593214078	0.9971849462953347	0.9963527669610047
Pseudomonas_syringae_pv_helianthi_LMG_5067_14836_NZ_CP092918	0.9511098021366033	0.95102845433559	0.9542306690965894	0.9469448814835831	0.9429460845602307	0.9417992047713718	0.9482224699616004	0.9494914439787501	0.946103618068936	0.9454026818799819	0.938422117329737	0.952261742471186	0.9475485454951269	0.9534723988806919	0.9516711712917124	0.9741667714752861	0.9741497636114077	0.9468498623333154	0.9504535752401281	0.9470752804086138	0.9760630808223035	0.95150309798822	0.9386546289531364	0.9474008629545921	0.946546095247966	0.9515456755817993	0.9480696705041683	0.9494377857407637	0.9457488661137143	0.9456491764646895	0.9453461329110793	0.951181856899489	0.9515908695760165	0.9499649727865496	0.9536321090650117	0.9480696705041683	0.9504067173970087	0.9463814598313589	0.9530772195811383	0.9527936202256623	0.9513311148086523	0.9486029016657711	0.945663765096843	0.9720748600058945	0.9486529922911389	0.9515253459744629	0.9466433638326308	0.9513524685457411	0.9737385436599859	0.9442661849165476	0.9477454141777237	0.9430120701790975	0.9381389115181458	0.9510249393297878	0.9489117372145814	0.9443969426091463	0.9797062681653335	0.9472406745017885	0.9504929888914904	0.9467987722793603	0.9488174229452054	0.9494451626804568	0.9526735170230461	0.9486816299847461	0.9616480599578422	0.9494336786730366	0.9488098422037978	0.9465905725899804	0.9497563208487035	0.9474857298178853	0.9705691786283892	0.9514062032512217	0.9441739775114296	0.9421969855557881	0.9387505210504377	0.9428556585885348	0.9393472511105976	0.948048418972332	0.9720686859753851	0.9720748600058945	0.970801261829653	0.9454120700843608	0.9515807667378832	0.9459775615462328	0.9805157593123209	0.9514657736235723	0.0	0.9594961339546316	0.9501956023202482	0.9759301369200252	0.9777146768754912	0.977781148100402	0.9461351337933773	0.941000076889561	0.943626763257914	0.9507637824409324	0.94215445908673	0.9471321288637353	0.9444229129524843	0.946009328504052	0.9505321501990684	0.9453900709219858	0.9469826836600332	0.9400747147024205	0.9489970494160819	0.9424654688960432	0.9445424819639798	0.9406263537446169	0.9398022185014651	0.9384084812875207	0.9405413863245189	0.9395021347781578	0.9460652851144521	0.9429960229783473	0.9415026554201812	0.944920440636475	0.945972861944479	0.9429602133110263	0.9481463173504696	0.9513083389458455	0.9432348569789575	0.9478496964729387	0.9433809722511997	0.947804309553919	0.3252239116850656	0.9756801016791729	0.9966791199667911	0.995778364116095	0.9957745288599679	0.9960230275050755	0.9959011791128579	0.9962920627840196	0.9946803871980465	0.9959303135888502	0.995778364116095	0.995778364116095	0.995778364116095	0.9959011791128579	0.9959614527629234	0.995778364116095	0.9959011791128579	0.9959011791128579	0.9965143082026199	0.995934284766014	0.9965389301140769	0.9945641289731926	0.9952231590457828	0.9951465734808775	0.9960270052510211	0.9949372914509262	0.9959193123607212	0.9957867489122653	0.9959372063456967	0.9957950860220964	0.9957901108879289	0.9951144180822687	0.9965276813244812	0.9951465734808775	0.9956879655037241	0.9952129278618667	0.9957950860220964	0.9957950860220964	0.9965389301140769	0.9959399332591768	0.9957916162394103	0.996450034940601	0.9959011791128579	0.9959011791128579	0.995934284766014	0.9959011791128579	0.9959614527629234	0.9964318600368324	0.9965389301140769	0.9964318600368324	0.9957950860220964	0.9959614527629234	0.9963761099892113	0.9959499052105475	0.9958812177770097
Pseudomonas_syringae_pv_lapsa_ATCC_10859_3811_NZ_CP013183	0.7095649340068437	0.6737098344693282	0.6782806903288832	0.8590789655649288	0.8602592733809031	0.8670337487156519	0.868979161171195	0.6653803563638805	0.6577642893272635	0.8046818942836642	0.7899251688264282	0.6676341166557438	0.8646959101504557	0.802518223989397	0.7106154347118203	0.9761709529134054	0.9774841411127548	0.6497415003252645	0.667772416566144	0.8579183774697567	0.9426568304295506	0.8076746455427357	0.928565841958443	0.8613463865361346	0.7298559149094057	0.6690055196931425	0.75609330970572	0.7410046626198645	0.7484095193213949	0.7597734372719045	0.8705792842900619	0.6939953431935197	0.6982595419847328	0.6821116724097555	0.8035868501352985	0.75609330970572	0.6494035884927662	0.7759635974304069	0.7019740161453077	0.6710616119625241	0.6459586060263778	0.720441238313978	0.8673332102250244	0.9777041568930912	0.6953556023673387	0.8077739529546759	0.8606257395228529	0.6267997053505658	0.8915536175710594	0.8180270585073022	0.8120644856501713	0.8631646131646131	0.8647889673580604	0.5900676580691693	0.7194179757919135	0.7829159398007155	0.9812720758264936	0.8610632301841363	0.623581847649919	0.720553973595651	0.6938460020392725	0.681018332664258	0.7093091717911815	0.6933895921237694	0.7631075127442161	0.6979101530360375	0.7179371328987285	0.6867321867321867	0.681018332664258	0.699145924030441	0.9359711953666568	0.8716797705057373	0.8815615522202349	0.8592772564789991	0.9283147588792834	0.8630557398805574	0.9173909659341515	0.8699548034475509	0.9776993034055728	0.9777041568930912	0.9735183478239207	0.8631643080672409	0.8386315151834391	0.8131516587677725	0.968870818887032	0.8716917833750466	0.9594961339546316	0.0	0.7040197693574959	0.9744789043198772	0.970174906480639	0.9702635955848999	0.8806161075577601	0.8628289652917779	0.8668743228602384	0.6648808731532011	0.8709999460363715	0.6872608899926169	0.8650774010833402	0.8623242867084203	0.6634306329944244	0.8604947302825869	0.7600799443865137	0.8655931468228151	0.7552699677259908	0.8687740516767455	0.861437437659315	0.8667458240008635	0.8625201400077782	0.8688529007571879	0.8612644602879573	0.8738842801638139	0.6867904367570455	0.8652783915156872	0.8643500856969094	0.8613707165109035	0.8668539474730342	0.8670068215850479	0.8684411447226391	0.8706048194052876	0.8548657718120806	0.8592594628769346	0.8597888755814278	0.8628137769994162	0.9582799117903482	0.974216061648815	0.9958934486817971	0.9962130567218244	0.9954606215885039	0.9963174672969111	0.9964781897340618	0.9968603690443404	0.9955236728837876	0.9963094549560715	0.9962130567218244	0.9962130567218244	0.9962130567218244	0.9964781897340618	0.9956765985570304	0.9962130567218244	0.9964781897340618	0.9964781897340618	0.9962763296837659	0.9960086388364909	0.9960843373493976	0.995367362503884	0.9950804754592504	0.995698276570677	0.9958524459581949	0.9947694581840923	0.9962268465584267	0.9959444746869897	0.9960114738423712	0.9959524068238618	0.9959476733117572	0.9953946455819115	0.9965128092479201	0.995698276570677	0.9952100119057508	0.995130758288653	0.9959524068238618	0.9959524068238618	0.9960843373493976	0.996042216358839	0.9959491055407537	0.9959088898717382	0.9964781897340618	0.9964781897340618	0.9960086388364909	0.9964781897340618	0.9956765985570304	0.9957037585000142	0.9960843373493976	0.9957037585000142	0.9959524068238618	0.9956765985570304	0.996664844177146	0.9962547879131792	0.9950727692176241
Pseudomonas_syringae_pv_lapsa_PslA1M171_17765_NZ_JAKMVE010000009	0.5515605875152999	0.5995562553678786	0.5891813396260664	0.7773859242072699	0.7958822293586242	0.7942920573715421	0.7856215322866249	0.5515876037462879	0.5658593544012958	0.6625174825174824	0.6734878856545232	0.5867172675521821	0.7840059127864005	0.6831526051309178	0.5203766654944711	0.9745155089104796	0.9775357385976855	0.5644891122278057	0.5186195076347773	0.7803335073549734	0.9664191066467194	0.6907596185465308	0.88	0.7782294072363356	0.610718825024714	0.6100532871737434	0.6210946676062955	0.6405358144445544	0.6144721636870369	0.6138512824001633	0.7919894752229206	0.5942285693199011	0.6286585979146411	0.5246004387339391	0.683587811487871	0.6210946676062955	0.5555306678612759	0.682967565220296	0.6120653245107701	0.594358009916225	0.5779712890767326	0.5478347665847666	0.7904485147352354	0.9766537947048283	0.5595472631050333	0.6909425529117919	0.7767981009341185	0.5508705917072452	0.9591599831152385	0.68718998230948	0.6772930264513912	0.7746549247392418	0.7890612902226765	0.5669096209912536	0.5100826187399663	0.6997065321330828	0.9786741214057508	0.7834121055038878	0.5371931796889639	0.5514691797877639	0.5219861467818507	0.5700955848884843	0.49393262015008776	0.5481622800186887	0.69855043386668	0.5284508576095834	0.494751020084776	0.5691696614337053	0.5717749573782913	0.564825469888761	0.9067281576895152	0.7880320019034589	0.8156758457007235	0.7825843395991535	0.880204487361545	0.7906177084612551	0.8713564152487373	0.7871771515881645	0.9766484903564576	0.9766537947048283	0.9746486921738227	0.7798740186799888	0.7382888114595432	0.6948869825708062	0.9763270791337159	0.7876401813409688	0.9501956023202482	0.7040197693574959	0.0	0.9787922536964205	0.9715573597638127	0.9716455563147107	0.7996907998366489	0.7923093175575745	0.8001196709050112	0.5471676694289931	0.8054554658884489	0.5266393442622951	0.7912769729201051	0.7883234274393264	0.5751789104717395	0.7908071479971216	0.6402965807156333	0.7932559258813621	0.5950890872405185	0.796513935101804	0.7969805323798173	0.7959812217803427	0.7933294360173533	0.799039207495375	0.7931182663679057	0.8043276212605286	0.5197244094488189	0.781818744583385	0.7773186266894516	0.7758141568051956	0.7892702216189099	0.7840206345753442	0.7920644216691068	0.7871371147833854	0.7663248616004026	0.7793124616329037	0.7748265733391663	0.7817470896649782	0.9487283440092975	0.978565498503107	0.9964104184016311	0.9961401083074087	0.9962295034051384	0.996973016605166	0.9972938369318513	0.99702243293247	0.9956235663406978	0.9965601965601966	0.9961401083074087	0.9961401083074087	0.9961401083074087	0.9972938369318513	0.9948501330864483	0.9961401083074087	0.9972938369318513	0.9972938369318513	0.9962641916936638	0.9959258621679004	0.995889741599839	0.9956961799887211	0.9954269659563021	0.995339872853321	0.9965426834538592	0.995069917533166	0.996905420021632	0.9961742705418831	0.9959288990825688	0.9961821186392387	0.9961774354585651	0.9961279804361117	0.9963390025944077	0.995339872853321	0.9955825510767532	0.9958116985570441	0.9961821186392387	0.9961821186392387	0.995889741599839	0.9958447554465445	0.9961788525151135	0.9968102073365231	0.9972938369318513	0.9972938369318513	0.9959258621679004	0.9972938369318513	0.9948501330864483	0.9959021296960996	0.995889741599839	0.9959021296960996	0.9961821186392387	0.9948501330864483	0.9968160174401928	0.9969294976896705	0.9957201005626721
Pseudomonas_syringae_pv_maculicola_M4a_3822_NZ_LGLE01000004	0.9780461846892557	0.9742328922313014	0.9747338813316845	0.9803879668542393	0.9788940481215703	0.9787977792501542	0.9793675147129542	0.9770826652194292	0.9777301505185623	0.9791289010827495	0.9755452906158141	0.9754633797290123	0.9790086394573413	0.9810120618168111	0.9770080769040186	0.9457347194573472	0.5046472327841149	0.9782128040146076	0.9780330859692808	0.9810803788648227	0.9740535009501535	0.9787656187259371	0.9746231818072896	0.9785998672859987	0.9797485866946545	0.975645790530714	0.9802987262897461	0.9812113325571308	0.9784769742925837	0.9790361724257483	0.9774659475271963	0.979525120440468	0.9759495425561409	0.9776550213994227	0.9810120618168111	0.9802987262897461	0.9765740808242813	0.9740458746348705	0.9732630570196454	0.9760393671817513	0.9752076091154886	0.9765780071456928	0.9803746858578936	0.8289876687884519	0.9790856884921133	0.9787746428993035	0.9785998672859987	0.9737828615369828	0.968035430607038	0.9787428854243999	0.9789586478983001	0.9776403767344884	0.9781804200509444	0.973784030345225	0.9781199950720709	0.9753496712492529	0.9613195117707013	0.9810175710959	0.976076208850838	0.9763152014697485	0.9787380987617779	0.9798044956085943	0.9794157035861316	0.9780605969324999	0.9805569377637714	0.9807297971687625	0.977914322376863	0.9783007183552143	0.9800322460622597	0.9780786266609944	0.9895777435934128	0.9795786361116244	0.9792615188490257	0.9794645427502159	0.9746596157067311	0.9788685365388284	0.9739833171861338	0.9764832497538413	0.8289466673770579	0.8289876687884519	0.8276625399688448	0.9795640652231002	0.9805637189420251	0.9781491631594401	0.9229344479763723	0.9792704111175449	0.9759301369200252	0.9744789043198772	0.9787922536964205	0.0	0.9594693997646135	0.9593573472232412	0.9798819005767646	0.9793203929125347	0.9803939940502682	0.977928775694767	0.9817331306279967	0.9768339768339769	0.9807144890407059	0.9792316178233968	0.9748079802908072	0.9800918479147726	0.9790768101312288	0.9790841090815298	0.9803180276784896	0.9808039961941009	0.9784155484456329	0.9801578038190392	0.9797334481851028	0.9773557512176845	0.980463718334049	0.9792362987042718	0.9774914003689117	0.9782411388172351	0.9773102211595935	0.9791661677722168	0.9797089473442593	0.977729194695368	0.9793461125454088	0.9804428640698238	0.9790998324156093	0.9799253696093713	0.9787753928708317	0.9791003047872219	0.9752270250635671	0.11214031476478403	0.9964954493147818	0.9963811821471653	0.9959053443233182	0.9961912266876806	0.9961575153699386	0.9963928383359663	0.9952911544884606	0.9965794874493501	0.9963811821471653	0.9963811821471653	0.9963811821471653	0.9961575153699386	0.9954198473282443	0.9963811821471653	0.9961575153699386	0.9961575153699386	0.9964969082561503	0.9961852006688964	0.9959425145938589	0.9947386881795861	0.9950610583446404	0.994440802412482	0.9959313313733725	0.9952276363241953	0.9970026431237908	0.9964364676811028	0.9961877904851428	0.9964431290079705	0.9964391537141966	0.9957875215260299	0.9959300493645625	0.994440802412482	0.996459615841898	0.9949258493971177	0.9964431290079705	0.9964431290079705	0.9959425145938589	0.9958753678015974	0.9964403564840076	0.9968335224424096	0.9961575153699386	0.9961575153699386	0.9961852006688964	0.9961575153699386	0.9954198473282443	0.997126203063576	0.9959425145938589	0.997126203063576	0.9964431290079705	0.9954198473282443	0.9957890882460637	0.9970238095238095	0.9963357038162967
Pseudomonas_syringae_pv_maculicola_YM7930_3817_NZ_LGLD01000029	0.974545739348371	0.9767048609358437	0.973621836531845	0.9787170338581301	0.9758834118314305	0.9734006734006734	0.9774878669934169	0.9743156471781007	0.9752147621395759	0.9758043691576719	0.9745068995088485	0.9734738372093024	0.9779945226541105	0.9770066474848695	0.97489365033797	0.7992716807142228	0.9534167916817546	0.9744120808536297	0.9741462272739095	0.9788454376163873	0.9624838292367399	0.976183380519545	0.979861910241657	0.9782916822081313	0.9767797971683904	0.9737148117641359	0.9753363228699552	0.9772236355781693	0.975490077003425	0.9755060384419119	0.975496895154523	0.9766610542675819	0.9765878198616553	0.9756999056307015	0.9770066474848695	0.9753363228699552	0.9772779435391324	0.9746415928092595	0.9740530493318598	0.9750506219265259	0.9760988454527041	0.9730415892375742	0.9768815268275117	0.9568125310790652	0.9770564601395644	0.9761940224406712	0.9782916822081313	0.9756846556584776	0.9571508779093507	0.9725457352979664	0.9735116368779735	0.9787966335887451	0.9737555414819506	0.9754520988958475	0.9773504716492174	0.9767517599017962	0.9642708333333333	0.9787134098101266	0.9756357005369264	0.9745614264425214	0.9753680486916715	0.976579264144031	0.9761169823166266	0.9764071096064325	0.9811735474006116	0.9774361646690984	0.9771594684385382	0.9769497535918229	0.976579264144031	0.9769439540460066	0.9875032129349702	0.9761280295303317	0.9737863612402358	0.975116955367303	0.9798920917220363	0.9749535245942823	0.9795209226674553	0.977262925870909	0.9565693249092085	0.9568125310790652	0.9487027847059731	0.9773024003213819	0.9765277972600178	0.974775611265862	0.8548337567348762	0.977512520056401	0.9777146768754912	0.970174906480639	0.9715573597638127	0.9594693997646135	0.0	0.008839996071112854	0.9775375375375376	0.9750080419666939	0.9751925355450237	0.9752863946453855	0.9766622307654395	0.9748731769181991	0.9747171322719536	0.9745359834117231	0.9762766792414613	0.9760321860510758	0.9764646367315475	0.9765126309303759	0.9758742859897327	0.9741245038436417	0.9740589774557166	0.9754916420845624	0.9745330641090358	0.9720940561079721	0.9753716887625469	0.9738510110139059	0.9737991266375546	0.9770662919656747	0.9763184329482673	0.9777005939796637	0.9772009736582075	0.9769085173501577	0.9776169478527608	0.9784020943423668	0.9773482331621867	0.9778345909451946	0.9780355255874805	0.9767385918067883	0.9757318560683066	0.9561457996869331	0.9964671137975767	0.9962630792227205	0.9957304570096346	0.9958952740181939	0.9959693220623635	0.9964980544747082	0.9953078839135724	0.9965277777777778	0.9962630792227205	0.9962630792227205	0.9962630792227205	0.9959693220623635	0.9952476238119059	0.9962630792227205	0.9959693220623635	0.9959693220623635	0.9966369598116698	0.9961120608834722	0.9958280377963198	0.9947809719370294	0.9947759694595137	0.9952716715055994	0.9961774970915739	0.9953269688369026	0.9961343180244634	0.9960468882971423	0.9961148462471068	0.9960546864297652	0.9960500329163924	0.9958876517652324	0.9958145078581923	0.9952716715055994	0.996008819671216	0.994921616250828	0.9960546864297652	0.9960546864297652	0.9958280377963198	0.996591570371602	0.9960514409498478	0.9964603249811868	0.9959693220623635	0.9959693220623635	0.9961120608834722	0.9959693220623635	0.9952476238119059	0.9965288734616599	0.9958280377963198	0.9965288734616599	0.9960546864297652	0.9952476238119059	0.9953334253762253	0.9961632068718683	0.9966714490674319
Pseudomonas_syringae_pv_maculicola_str_ES4326_12204_NZ_CP047260	0.9746239133829577	0.9767740312028184	0.9737009274552153	0.9787795109087742	0.9759533820166704	0.9734759460885414	0.9775515093435554	0.9747130606005648	0.9756084943483097	0.9758778704561837	0.9745848338039845	0.9735494468331803	0.9780567267152166	0.9770737498145126	0.9749707298035645	0.7996487119437939	0.9520993647678562	0.9744909960534226	0.9742253338519383	0.9789072364023469	0.9623839009287926	0.976252971473851	0.979921181283049	0.9783551930181241	0.9768483756319768	0.9737897381389506	0.9754062890662564	0.9772879571127704	0.9755601307981107	0.9755760703641783	0.9755660219475458	0.9767321746765488	0.9764322759618864	0.9757748392829143	0.9770737498145126	0.9754062890662564	0.9773461137525108	0.9744854524512995	0.9741297270222891	0.9751213883947887	0.9761700408946332	0.9731245923026745	0.9769468316855385	0.9568612867236891	0.9771277997364954	0.9762635513093412	0.9783551930181241	0.9760650308595514	0.9570406942712443	0.9726302606517598	0.9735917749916673	0.9788593041605089	0.9738337584926628	0.9755247385711061	0.9774195215212111	0.9765902163593664	0.9643802897346695	0.9787753290933294	0.9757082975607293	0.9746396642948367	0.9754434187324966	0.9769716252868766	0.9761904761904762	0.9764805146864948	0.981215912124795	0.9775053249519455	0.9772292087150029	0.9770204580311419	0.9769716252868766	0.9770154193700912	0.9875212358987521	0.9761962417667571	0.9738602695211699	0.9751909840405416	0.9799511854951185	0.975027552349464	0.9795803027324552	0.9773270259938838	0.9566187960413721	0.9568612867236891	0.9487771112136595	0.9773694487558203	0.9765923715378159	0.9751683718060769	0.8552148263579697	0.9775768447590419	0.977781148100402	0.9702635955848999	0.9716455563147107	0.9593573472232412	0.008839996071112854	0.0	0.9776010349040558	0.9750808023488194	0.9752645828205759	0.9753612401509124	0.9767298997444467	0.9749512721909076	0.9747915938701143	0.974611738604276	0.9763473431780891	0.976101367383381	0.9765313475858756	0.976580738701988	0.9759427047033093	0.9742009818655445	0.9741357684009834	0.9755625275748812	0.9746086868991897	0.9721750682707211	0.9754445810027841	0.9739251640191295	0.9738802056015945	0.9771339937956569	0.9763884020231358	0.9777666248431619	0.9772656268775084	0.9769770777243791	0.977680065000239	0.978463695252828	0.9774153074027604	0.9778993218828886	0.9781005418422637	0.9768044328240063	0.9758044084114518	0.956041233026068	0.9964785826295084	0.9962752455578855	0.9957445617178532	0.9959086636810969	0.9959825912286575	0.9965095019114633	0.9953238656044336	0.9965391217675398	0.9962752455578855	0.9962752455578855	0.9962752455578855	0.9959825912286575	0.9952631578947368	0.9962752455578855	0.9959825912286575	0.9959825912286575	0.9966480446927374	0.9961246701846965	0.9958415950649923	0.9947984764936615	0.9947936035701004	0.9952870490312268	0.9961899503036996	0.9953427240778308	0.9961474325800701	0.9960596524832398	0.9961274375171656	0.9960674003877981	0.9960627768360037	0.995901182244033	0.9958281530598149	0.9952870490312268	0.9960219211617103	0.9949381017881705	0.9960674003877981	0.9960674003877981	0.9958415950649923	0.9966026791879574	0.9960641758001476	0.9964719282162402	0.9959825912286575	0.9959825912286575	0.9961246701846965	0.9959825912286575	0.9952631578947368	0.9965405838122194	0.9958415950649923	0.9965405838122194	0.9960674003877981	0.9952631578947368	0.9953485811796439	0.9961761264731901	0.996682681308625
Pseudomonas_syringae_pv_papulans_PSP1_20741_NZ_JAFFRZ010000001	0.8135850570102561	0.8212825894829872	0.827235266462015	0.455086813029129	0.8318619582664526	0.8261484469121576	0.42680136576437044	0.820504821327283	0.818050151932525	0.8034753234856292	0.7950173812282735	0.8239133306909764	0.4282296650717703	0.68070805073147	0.8033691631992603	0.981823345640443	0.977361117779805	0.813034095813552	0.7983756755975606	0.4587074248254239	0.972733685209058	0.7151746821939728	0.8146889846425809	0.4772943456050731	0.8046870645934348	0.8201150796807467	0.8175845717767358	0.816758772045797	0.8026266010917149	0.8066115257159792	0.45394396774527035	0.8147895141320126	0.8258974562168159	0.8172607772228919	0.6811492854971115	0.8175845717767358	0.8216816381186185	0.8068689785379126	0.8362981615357539	0.8268043404009353	0.8255772254558496	0.8103919256980188	0.42244782853919904	0.9804370447450572	0.8195195282009771	0.7153265215459796	0.4756295408055301	0.8260190236013267	0.9666418322958975	0.803145963451307	0.8036588141572778	0.4619836790451882	0.8328908837132927	0.8186452821869489	0.8129672963871926	0.7916385515069726	0.981232070793018	0.4691310169849884	0.8231717428555636	0.8172172172172172	0.806386709206404	0.8225705150165582	0.8272481886631624	0.8176395645123928	0.8706661234467306	0.8089344309481319	0.8151507372864436	0.816439218378966	0.8229401524016097	0.8169372075558893	0.9188114774985985	0.4757922989573655	0.8407075082508251	0.8441656958630219	0.8149955879108758	0.8314236725362654	0.7970550045583888	0.468862091346975	0.9804329725228976	0.9804370447450572	0.9777587681779298	0.46742938863067574	0.8058055454403579	0.8004353305075037	0.9813525315708722	0.4978585995921142	0.9461351337933773	0.8806161075577601	0.7996907998366489	0.9798819005767646	0.9775375375375376	0.9776010349040558	0.0	0.8291443778393054	0.8305784016931443	0.8171202933295727	0.8343301116035671	0.8151503748516513	0.8431056701030928	0.8403422982885086	0.8204389270671691	0.8384210108284134	0.8218038760099277	0.8318484629585039	0.7609395824078188	0.8291872156072042	0.8478949629470519	0.8352784793300545	0.8365708999891175	0.8380472273812682	0.8339182241083816	0.8316086547507056	0.8104888837491688	0.4548172159193229	0.4587719613408544	0.4774386552227643	0.42631690439203507	0.45747334176757637	0.42289818335445717	0.4628015969449748	0.48202179391616085	0.4649324875075309	0.47316167279740007	0.4227659499346821	0.9482305709754163	0.9792596360609493	0.9965328467153285	0.9968647942521228	0.9965569298408242	0.9968863654203407	0.9961434835437688	0.9976146163726441	0.996456993350049	0.9965378865370997	0.9968647942521228	0.9968647942521228	0.9968647942521228	0.9961434835437688	0.996777067393355	0.9968647942521228	0.9961434835437688	0.9961434835437688	0.9971184603590029	0.996876708050285	0.9970546838346452	0.9963215551498228	0.9958650883736014	0.9965831138005686	0.9962070679327212	0.9968971750802688	0.9967674462825632	0.9968639850715323	0.9968788201940334	0.9968698261589404	0.9968663403516951	0.9963312922297297	0.9974650463870378	0.9965831138005686	0.9970257679046141	0.9959368651351773	0.9968698261589404	0.9968698261589404	0.9970546838346452	0.9970442834349088	0.9968673950188992	0.9965798474085766	0.9961434835437688	0.9961434835437688	0.996876708050285	0.9961434835437688	0.996777067393355	0.9967291109128754	0.9970546838346452	0.9967291109128754	0.9968698261589404	0.996777067393355	0.9971099018408103	0.9967902033770297	0.9964293442977711
Pseudomonas_syringae_pv_syringae_2339_3881_NZ_LIHU01000021	0.7913090450753256	0.809514257056885	0.805977490379886	0.807954739296071	0.4247138570952328	0.440839490309455	0.8053757542512342	0.7980746375089137	0.7864444377829072	0.784127268921384	0.7566379840196681	0.8013486623922176	0.8072160429565504	0.791381727660305	0.7880720970120061	0.9772410930136016	0.9764226638686582	0.7724602203182375	0.7912357266694565	0.8084745283285718	0.9705933922801393	0.8022807216611824	0.8787374523592248	0.8086341118188252	0.7563510736516068	0.7966586184886076	0.7692264161620734	0.7544766528630586	0.7512509761952969	0.7447136499810942	0.826912758879708	0.7972383073496659	0.7789399492528898	0.7986569132989567	0.7917274521582425	0.7692264161620734	0.7906846735516521	0.7870107277471731	0.8024270872091359	0.8010469761675162	0.8021565056514324	0.7911546435117027	0.8091792715557254	0.9779427510885859	0.7976799830390405	0.8023816274454211	0.8083305017555782	0.7932441820076416	0.965755793842961	0.7880110796652015	0.7824534253913458	0.8133690449054023	0.4192246172595019	0.7953003666175918	0.794104497630473	0.7895041370132501	0.9783485778724471	0.8122964626614262	0.8052985096139986	0.791351123933165	0.7809368586261016	0.7942396729000061	0.7993059918035239	0.7800178247641292	0.8577378573381855	0.7847134142658694	0.7959651945884737	0.7873526840883744	0.7950004506805276	0.7940463933135485	0.7688744448692686	0.8241928892521455	0.44878238708763984	0.47060989982321744	0.8785417504355985	0.43234323432343236	0.8857240455106814	0.8221527178602244	0.9779380265600457	0.9779427510885859	0.9751639424488597	0.8148200744127923	0.8190689700646182	0.7893454556258728	0.9764190012180268	0.8200926255789098	0.941000076889561	0.8628289652917779	0.7923093175575745	0.9793203929125347	0.9750080419666939	0.9750808023488194	0.8291443778393054	0.0	0.07881061051109406	0.7803915707667015	0.3673014897865151	0.7905789393709163	0.43940633834250853	0.5202464475230599	0.8053344867358708	0.49172401623433915	0.765198625663742	0.29743363894783204	0.7924082970038597	0.47874468162478634	0.4659566654425267	0.3790169414267265	0.42724902709033896	0.3760849703060758	0.4441834451901566	0.44402785216925544	0.7874829519624186	0.8112316056129565	0.8203056583519308	0.8147589074648971	0.8088630505128065	0.8156649178832117	0.8127107581855759	0.8153660277884562	0.8059603028912345	0.8097415058132972	0.8219775242732188	0.8031944138992743	0.9433344419146051	0.9791117757364286	0.996373015233336	0.9960659624919164	0.9957644486951769	0.9967097278783139	0.9966252075225213	0.9966467454501203	0.9952981586801058	0.9961600865332613	0.9960659624919164	0.9960659624919164	0.9960659624919164	0.9966252075225213	0.9951855458184572	0.9960659624919164	0.9966252075225213	0.9966252075225213	0.9961810196677487	0.9960813784958935	0.9960478558946095	0.9949810054626625	0.9945285020378538	0.995371491617556	0.9959554560897349	0.9951767592282815	0.9966362999299229	0.9960985516541072	0.9960841111468727	0.9961060436336481	0.9961015727216896	0.995835261453031	0.9964684315522726	0.995371491617556	0.9955167916530812	0.9952465356106993	0.9961060436336481	0.9961060436336481	0.9960478558946095	0.9958437913259385	0.9961029254751228	0.9963382879461864	0.9966252075225213	0.9966252075225213	0.9960813784958935	0.9966252075225213	0.9951855458184572	0.9962054630172149	0.9960478558946095	0.9962054630172149	0.9961060436336481	0.9951855458184572	0.9960519954879948	0.9966607301869991	0.9960358448954524
Pseudomonas_syringae_pv_syringae_2340_3879_NZ_LIHT01000078	0.8005110530068933	0.8166211914506594	0.8126704366047592	0.8108268719225763	0.4424060809823125	0.45310954063604236	0.8085489682279725	0.8051159638110394	0.7906235097758703	0.789065517753677	0.7640425467068971	0.8094116358058507	0.8096303369253853	0.7958243258618728	0.7969364644176898	0.9774177831912302	0.9773085253002559	0.7817366539417075	0.7991230149324484	0.8113297857364079	0.9706881903143585	0.8066217321413464	0.8803615359931544	0.811624827430761	0.7652456114471161	0.804796875429766	0.7797559063934609	0.7659946919645378	0.7613226452905811	0.7554097605893186	0.829415535847847	0.8052326436916919	0.7864511980317053	0.8058272632674297	0.7961667519763408	0.7797559063934609	0.7975773496789258	0.7941793920570558	0.8085009660188658	0.8090881782681122	0.8099659016017651	0.797937345375421	0.8113187022381768	0.9780890207715134	0.8052185923612779	0.8067198466612171	0.8113234133694059	0.7991090673947406	0.9660645193089681	0.7966298836862511	0.7874146139515628	0.8152143059892137	0.4422810499120081	0.8010319621613874	0.8027574397732641	0.7942842356458986	0.978756904006198	0.8131892739181549	0.8112926766448216	0.8003868471953578	0.7898607042506127	0.8008233153357396	0.8060303893637227	0.7888168508203208	0.8624605282419122	0.7936056944610599	0.8038926134853362	0.7946196383201315	0.8015740519914143	0.8016151790807289	0.775487245419747	0.8268417055441033	0.45670813128118626	0.4872055830183193	0.8801645167320995	0.43334205901050826	0.8862099690759474	0.8261067760705763	0.9780843384936841	0.9780890207715134	0.9750958322142735	0.8163860195273808	0.8235402081858465	0.7953573430079934	0.9764728757534513	0.8224538805807227	0.943626763257914	0.8668743228602384	0.8001196709050112	0.9803939940502682	0.9751925355450237	0.9752645828205759	0.8305784016931443	0.07881061051109406	0.0	0.7885897094108238	0.3750476626248761	0.79932576829305	0.4381175247009881	0.5139349819790886	0.8130627411747892	0.48154713369021873	0.7737760270118177	0.3192412351618882	0.800522911793037	0.4662911072904854	0.45933613012438357	0.4014352993944831	0.43093008386926923	0.38431594860166285	0.44525818803673	0.4583421591470733	0.7932653245463573	0.8144613118839923	0.8226391740977242	0.8173027845516929	0.8120838336426155	0.8194475952813067	0.8149241603466956	0.8177517705285609	0.8085610668494246	0.8114157176999859	0.8244743813764726	0.8064833812064013	0.9453276266177519	0.980196848530734	0.9963821519496181	0.9960759017362791	0.9957753004987872	0.9967180480456245	0.9966338192578115	0.9966552477544305	0.9953105694709649	0.9961698225171279	0.9960759017362791	0.9960759017362791	0.9960759017362791	0.9966338192578115	0.9951977553553122	0.9960759017362791	0.9966338192578115	0.9966338192578115	0.9961907871466275	0.9960912400942386	0.9960578186596584	0.9949940537102082	0.9945428221405501	0.9953831700442893	0.9959656813964122	0.9951893665535844	0.9966451396460623	0.9961083271137648	0.9960939590133233	0.9961157816324359	0.9961113330669863	0.9958458906899079	0.9964773582876196	0.9953831700442893	0.9955282129112689	0.9952585052236806	0.9961157816324359	0.9961157816324359	0.9960578186596584	0.9958543085578916	0.9961126790563928	0.9963476002380823	0.9966338192578115	0.9966338192578115	0.9960912400942386	0.9966338192578115	0.9951977553553122	0.9962153888966189	0.9960578186596584	0.9962153888966189	0.9961157816324359	0.9951977553553122	0.9960619374196313	0.9966694421315571	0.9960462202422387
Pseudomonas_syringae_pv_syringae_41a_3079_NZ_JYHJ01000011	0.4635745797066889	0.5644012944983818	0.5801403709804483	0.7789725570969892	0.78590930674264	0.7881014116969173	0.7948504267364005	0.5063271664294781	0.4546105212930932	0.6428670745272524	0.6670899107755662	0.5768431098537783	0.7814017034388535	0.6720496894409937	0.5049887849021579	0.975001909222819	0.976441875401413	0.4925209491737802	0.44744840825467924	0.7796824631699455	0.9686781609195403	0.6715524292491412	0.8739590051313686	0.7817749412968873	0.5935036266162095	0.5940247229613662	0.5795204015873554	0.5544731678771815	0.5614138336910615	0.5768611463222446	0.794791070406411	0.49684951099771923	0.588496174419392	0.5140847791645735	0.6724836601307189	0.5795204015873554	0.5547950219619326	0.6682781456953643	0.5960209424083769	0.5712044741508662	0.5356354810238305	0.5392646391284612	0.7915575633758236	0.9762742087275249	0.44059953315041567	0.6717457410979957	0.7804900099448513	0.4883247199064469	0.961014148507694	0.6833083424209379	0.6732171799027553	0.7742528172464478	0.7746513485285986	0.5079967269210741	0.4891473471292983	0.6936018187723287	0.9783408574932805	0.7823432590154122	0.5386929879279345	0.5008155973279478	0.4377467966798292	0.4586303564277132	0.489115512845656	0.4671524031881491	0.7029395834359151	0.4436699169957289	0.48179896665100985	0.4181073330602212	0.4605415783368665	0.4360160471589979	0.905713942980527	0.7920555991741545	0.8104337532764014	0.7812862639711721	0.8737608513021562	0.7863722854812891	0.872138037827674	0.7879329222612805	0.9762689192201938	0.9762742087275249	0.974975815895321	0.7745256790198893	0.7309377481106831	0.6792790360144463	0.9751655209152482	0.7895305699179155	0.9507637824409324	0.6648808731532011	0.5471676694289931	0.977928775694767	0.9752863946453855	0.9753612401509124	0.8171202933295727	0.7803915707667015	0.7885897094108238	0.0	0.8001173364623057	0.47981205701998886	0.7756632064590542	0.7707178918852358	0.5562445604873804	0.7822005034799349	0.5857316578840697	0.7882638703753073	0.6093064966121962	0.7952727599532669	0.7821049438883834	0.7940666764576296	0.7738514818106592	0.796051280546836	0.7823249036097027	0.7959997704315886	0.5329231474758283	0.7849338700402531	0.7713262526399559	0.7758393780797601	0.7953216374269005	0.7821776137160987	0.7854687274303047	0.7839634521334231	0.7655878814056088	0.7879512311737987	0.766483685931043	0.785612886403801	0.9498557857690985	0.9776970954356846	0.996123595505618	0.9960563380281691	0.9955397987191217	0.9965313028764805	0.9965554543384195	0.9970889152676502	0.9954293465439962	0.9961830981933332	0.9960563380281691	0.9960563380281691	0.9960563380281691	0.9965554543384195	0.9953630400361909	0.9960563380281691	0.9965554543384195	0.9965554543384195	0.9962911186556732	0.9958471294685448	0.9959527824620573	0.9953285942260264	0.9947986675238151	0.9956976548000674	0.9959124992952585	0.99477280691508	0.9964764952873124	0.9958661527288978	0.9958501570210857	0.9958744494620059	0.9958694984789708	0.9955003702227032	0.9963922320245779	0.9956976548000674	0.9951107194633162	0.9951434506765482	0.9958744494620059	0.9958744494620059	0.9959527824620573	0.9958807098721891	0.9958709965405647	0.9960562900754696	0.9965554543384195	0.9965554543384195	0.9958471294685448	0.9965554543384195	0.9953630400361909	0.9958206686930091	0.9959527824620573	0.9958206686930091	0.9958744494620059	0.9953630400361909	0.996745869217606	0.9965032927326767	0.9951432165949852
Pseudomonas_syringae_pv_syringae_529_11454_NZ_QPBJ01000022	0.8124117647058824	0.8212182971014492	0.8199606377820245	0.819188088214637	0.359375	0.4529908490266049	0.8191923836312985	0.8161835537262457	0.8089508437270726	0.7988566713814238	0.7777309025161971	0.8191226402281678	0.8201946472019465	0.8003739800543971	0.8059498462266383	0.9798571289726893	0.9778411745899018	0.7953272427737008	0.8107949545321209	0.8166685349176102	0.9706426144313411	0.8113239341683987	0.8841757480482801	0.8199770635786412	0.7616483744046386	0.811246957140122	0.7837536264226735	0.7730092345692874	0.7725145369451142	0.770533735008242	0.8390019071837254	0.8117116853472243	0.7907579176067518	0.8159740642499264	0.800747727079616	0.7837536264226735	0.8024820530705961	0.8058316011275948	0.8152081803287949	0.8189645835589733	0.8166201356048088	0.8035830812125526	0.8209768332479301	0.9795705550552212	0.8089124319147663	0.811085528163082	0.8197459713518352	0.8090787336505856	0.967648288926612	0.7969294976896706	0.8037334111127316	0.8263473053892215	0.43265029380744313	0.8153371279698695	0.811538574233057	0.8048439948710643	0.9801117931826122	0.8225560152150373	0.8143211849653244	0.8125865064640575	0.7959917932859564	0.8075565704795515	0.8162965141932637	0.7958671184799709	0.8654487821154488	0.7983618763961281	0.8108909437839424	0.8045643153526971	0.8079807891850227	0.8105877796645515	0.7685877565411567	0.8362208113633918	0.49042922437197156	0.4970756011264351	0.8837667349817678	0.45031251155738006	0.8937122631688528	0.8324356034344835	0.979566196515349	0.9795705550552212	0.9764499378336868	0.8261918792266465	0.835180522750279	0.7994063014342817	0.9785871911147755	0.8295818191679775	0.94215445908673	0.8709999460363715	0.8054554658884489	0.9817331306279967	0.9766622307654395	0.9767298997444467	0.8343301116035671	0.3673014897865151	0.3750476626248761	0.8001173364623057	0.0	0.8100450356407886	0.45213646902948	0.5138616334249118	0.8194144400227402	0.5193723429993433	0.7752395403073984	0.39082672706681765	0.8014242899172372	0.46706389823073546	0.4675571820677036	0.4410510587120522	0.3984033161894527	0.47485375945213293	0.42623875992324767	0.45369255823833465	0.7995989584892108	0.8265317562643646	0.8361644749645528	0.8284374297910582	0.8229791835631252	0.8321694012060019	0.825869979340506	0.8279488291413704	0.8207584491918164	0.8180369573117889	0.8318539467420827	0.8132122168130762	0.9428075371495686	0.9815497283250649	0.99554864314062	0.9959148570199957	0.9948997681712806	0.9964488445293374	0.9955167916530812	0.9958977680619653	0.9949448142219226	0.9958186085408293	0.9959148570199957	0.9959148570199957	0.9959148570199957	0.9955167916530812	0.9951174772733403	0.9959148570199957	0.9955167916530812	0.9955167916530812	0.9958091817019077	0.9959308240081384	0.9957894172231608	0.994661577185849	0.9940680090233103	0.9950335570469798	0.9949395709402169	0.9949389616529017	0.9955228474690098	0.9960021321961621	0.9959336543606206	0.9960097893168759	0.9960052198460678	0.9947279743464319	0.9962082504168235	0.9950335570469798	0.9950117927725215	0.9943437701050826	0.9960097893168759	0.9960097893168759	0.9957894172231608	0.9958281746245358	0.9960066024173366	0.995968178374283	0.9955167916530812	0.9955167916530812	0.9959308240081384	0.9955167916530812	0.9951174772733403	0.9951538782899317	0.9957894172231608	0.9951538782899317	0.9960097893168759	0.9951174772733403	0.9952554548866134	0.9955553086282571	0.9955158199643493
Pseudomonas_syringae_pv_syringae_Alf3_2478_NZ_KL995102	0.45504903368757954	0.5248275339246455	0.525	0.7862833498023716	0.7889162038301618	0.7935887641769994	0.8016511988757795	0.45599999999999996	0.4879987219936899	0.6549260909540986	0.6729683280137491	0.5654133220673145	0.7868769828327453	0.6667564111193377	0.4845850438702407	0.9753621297142111	0.97484359739197	0.507484076433121	0.4754263597145506	0.7856989148144733	0.9677774200472204	0.6366203002341275	0.8743279376671171	0.7869724263010667	0.5871692118849057	0.5781997137970751	0.5858215410165035	0.5822206848841232	0.527258199251807	0.5203329196174344	0.7978826075512532	0.5498085758039817	0.5600580407701019	0.5249143262299603	0.668145906875105	0.5858215410165035	0.5359942165740812	0.6762988218613915	0.5608073394495413	0.564588598708228	0.532811673092916	0.5203981273850269	0.8008366732001287	0.9738957866883777	0.42584179015753043	0.6368453650815498	0.7855538115901887	0.47299093183239527	0.9574598113458217	0.6863894997731002	0.6750181679759144	0.7820468803645557	0.7897914721444133	0.49091259888095695	0.48943985307621674	0.6922102174203015	0.9776473426067379	0.7915829222242524	0.5500149409831168	0.510912187586644	0.4821349624211245	0.42207628188936597	0.4957093592108429	0.38052594792940764	0.6733583200698259	0.48597416187064835	0.47392656622369433	0.4193670407262641	0.42413285684254787	0.4190148327595733	0.9091190357685737	0.7997038791827066	0.8147690006328749	0.7882129396006604	0.874544358657903	0.7880587780355761	0.8732545954060101	0.7932402645113887	0.9738898078635959	0.9738957866883777	0.9718468468468469	0.7866141243639071	0.7371243670791263	0.6651143247312581	0.9753153856158148	0.7962725892405251	0.9471321288637353	0.6872608899926169	0.5266393442622951	0.9768339768339769	0.9748731769181991	0.9749512721909076	0.8151503748516513	0.7905789393709163	0.79932576829305	0.47981205701998886	0.8100450356407886	0.0	0.7908942789510898	0.780933888697504	0.5437727494465083	0.7867707104618455	0.587116628055738	0.7947501963390322	0.5531440305905679	0.8016076777309127	0.7889999071983171	0.7988483339831449	0.7902980676778015	0.7945861311011412	0.7925955659853023	0.8014458395527848	0.4850461987356135	0.7903016442081839	0.782706065318818	0.7811884592541652	0.8009166764602186	0.7872280745496478	0.7924489435583544	0.7927417913116024	0.7734662431998993	0.7943059196488447	0.7782930191753352	0.7948211865904672	0.9461639058413251	0.9765844758115608	0.9962719995376124	0.9962032287047503	0.9958511107841694	0.9967794348053154	0.9967479198406187	0.9968870010473642	0.9954422533499437	0.9961882038001572	0.9962032287047503	0.9962032287047503	0.9962032287047503	0.9967479198406187	0.9952857641718077	0.9962032287047503	0.9967479198406187	0.9967479198406187	0.9961225508915196	0.9962192271061214	0.9961253758963683	0.9951881407095251	0.9947924505583817	0.9956014700350146	0.9960553412419874	0.9954608308783743	0.996672816914189	0.9962370378881452	0.9962220620043258	0.9962448043571736	0.9962401699098788	0.9957798487779146	0.9965780239538323	0.9956014700350146	0.995701503011872	0.9953215698732203	0.9962448043571736	0.9962448043571736	0.9961253758963683	0.9958770070555443	0.9962415722278009	0.9962628828355377	0.9967479198406187	0.9967479198406187	0.9962192271061214	0.9967479198406187	0.9952857641718077	0.9960266096746034	0.9961253758963683	0.9960266096746034	0.9962448043571736	0.9952857641718077	0.9966803302349749	0.9966988776183903	0.9959039845797066
Pseudomonas_syringae_pv_syringae_B301D_3084_NZ_CP005969	0.7869896404631322	0.803222329050491	0.7946354720548269	0.8260143265664374	0.47801859825596116	0.49801904497115457	0.8361647535449022	0.8028561164002156	0.7930753687004253	0.7892342912223628	0.7639004790604235	0.8093625995504621	0.8324930883070418	0.8073145663221607	0.7859909126947824	0.9771818047118092	0.9782668294992897	0.7860576187123045	0.7983466105516308	0.8266392519152772	0.9718363318909892	0.8123382348758497	0.8797624535618407	0.8234296375869282	0.7662314380471481	0.8082073794176483	0.7852364149611856	0.7751724529480228	0.7696473841899055	0.7644198767111394	0.8392627173213136	0.805513290969301	0.8023814847942755	0.7923222344188315	0.8076549834455988	0.7852364149611856	0.7886845321489254	0.7877695733708392	0.8030259199259431	0.8112384371116941	0.8049584366340965	0.7923170361372609	0.8378669539455965	0.9783105297328492	0.7937523059894231	0.8124342610228275	0.8226641396282991	0.7963563107646492	0.9654095123840943	0.7834780481839305	0.7812396420285052	0.8228955266542803	0.41269288780601	0.7961785297549592	0.790150346371419	0.790323052185353	0.9790252305198095	0.8316812330717895	0.8074270248246559	0.7916717325227963	0.7837014470677837	0.7931622370383902	0.799751921098808	0.7854622004829422	0.8565269104965805	0.7875148596336148	0.7875292189065298	0.7902102156916431	0.79393330899355	0.7945851581881106	0.7962638983271402	0.8464469062415563	0.5278739729748081	0.39755697783328126	0.8795634275809772	0.471169138587861	0.8934648972376856	0.8389791806581599	0.9783058348164895	0.9783105297328492	0.9749542147205861	0.8269274505344553	0.8183684898263954	0.7872711946050096	0.9766027140851661	0.8446765224467652	0.9444229129524843	0.8650774010833402	0.7912769729201051	0.9807144890407059	0.9747171322719536	0.9747915938701143	0.8431056701030928	0.43940633834250853	0.4381175247009881	0.7756632064590542	0.45213646902948	0.7908942789510898	0.0	0.4435141688134566	0.7928809264224888	0.4405504113328661	0.778229012836533	0.48082063136603337	0.8020937743624011	0.4515646054798622	0.30284728213977563	0.5113564223742681	0.32617624334105977	0.47896463462994343	0.45847498785818364	0.40498742045286373	0.791762153573502	0.8157706093189965	0.8239398513371117	0.8265320671856732	0.8373647186147186	0.8260111476347006	0.8346104036261601	0.837930565010211	0.8144350681143976	0.8247541768799481	0.8135451505016722	0.8298739404477288	0.9455188618348008	0.9805180800843498	0.9954799183117767	0.9958790459036079	0.994652554582733	0.9965034965034965	0.9954189204106414	0.9956413278872777	0.9950637715068337	0.9959462050453313	0.9958790459036079	0.9958790459036079	0.9958790459036079	0.9954189204106414	0.9952067926595454	0.9958790459036079	0.9954189204106414	0.9954189204106414	0.9957435046987286	0.9959772770514528	0.9958337871691537	0.9948589729183054	0.9940866908103214	0.9951485418370128	0.9947237485989229	0.9949714673145376	0.9956220150102343	0.9959951292112028	0.995980117880327	0.9960029167904502	0.9959982695219555	0.9945899693615612	0.9962591813887448	0.9951485418370128	0.9952935348030716	0.9943385955362003	0.9960029167904502	0.9960029167904502	0.9958337871691537	0.9955164306413691	0.995999675649377	0.9958777618995274	0.9954189204106414	0.9954189204106414	0.9959772770514528	0.9954189204106414	0.9952067926595454	0.9950761220216198	0.9958337871691537	0.9950761220216198	0.9960029167904502	0.9952067926595454	0.9952642752163736	0.9956542596720941	0.9957848878327534
Pseudomonas_syringae_pv_syringae_B48_20739_NZ_CP125300	0.7817726527962408	0.7950465130058659	0.7879451561609313	0.8194652098907418	0.5139656833018229	0.48925509015843893	0.8249187909486319	0.7952885317750182	0.7897406128746448	0.7802335918580056	0.7415683906036428	0.8078983535747343	0.8251280356847844	0.7971039776692254	0.7775778632584688	0.9762873474278012	0.974844673435369	0.780839365039918	0.7899324138352855	0.8202356440173874	0.9687764362070291	0.8079218195969904	0.8799934287982915	0.8192912596327384	0.7968455743879472	0.8043784118408464	0.8117961868658713	0.8042857942147373	0.795506961646878	0.7927372387804043	0.8337324480243823	0.7973965287049399	0.7973987702247032	0.7904350509102129	0.7974885911112403	0.8117961868658713	0.7822810097463526	0.7760748110304443	0.796286503319819	0.8062367036166163	0.8000059161095663	0.7884644978609461	0.8286152749993149	0.9763572679509632	0.7933306398980638	0.8080214365978045	0.8189867614189925	0.793955151121222	0.9653953911002296	0.7795543986861269	0.7740868873036769	0.8133748508570264	0.4707033455010725	0.7929577880837739	0.7903260304946986	0.7783045591436324	0.9765550852892138	0.8244772901358903	0.8038620283018868	0.7875454489431195	0.7768871282225868	0.7913624742013985	0.8008672550157266	0.7848335002503756	0.8527750939345142	0.7807574396928127	0.7884963074188704	0.7848234131884416	0.7919578804766156	0.7896028835995277	0.804142609699769	0.8327582875596897	0.5505803752193279	0.5060630557801131	0.8797921793820072	0.4841302173993556	0.8964344545406239	0.8322286774131958	0.9763520910882417	0.9763572679509632	0.973802732322474	0.8173950795947902	0.8141155497933716	0.775915523221905	0.9737629688747007	0.8280690057504791	0.946009328504052	0.8623242867084203	0.7883234274393264	0.9792316178233968	0.9745359834117231	0.974611738604276	0.8403422982885086	0.5202464475230599	0.5139349819790886	0.7707178918852358	0.5138616334249118	0.780933888697504	0.4435141688134566	0.0	0.7842520157060217	0.5082130767860324	0.8097419282761702	0.49951370627859226	0.8006809995497524	0.478230180548332	0.473293270128028	0.5149028384667307	0.48287671232876717	0.5113818531580635	0.5185467203306864	0.4527734502373102	0.7825234865924221	0.8127794228647738	0.8179006099852563	0.817614625652931	0.8267041539182447	0.8209729792415632	0.8289819376026273	0.8256799177709253	0.802720089298828	0.8200411334552102	0.808038848584133	0.8209854367590571	0.9454934279157104	0.9790177597945388	0.994986778316439	0.9955835265540466	0.9943664340368283	0.9959096813420667	0.9950305703676819	0.995425307752024	0.9943383691036713	0.995706014350223	0.9955835265540466	0.9955835265540466	0.9955835265540466	0.9950305703676819	0.9947910894381027	0.9955835265540466	0.9950305703676819	0.9950305703676819	0.9950492280152159	0.9956840860983589	0.9956767176098031	0.9941710028718473	0.9939893525674052	0.9944570073355027	0.9943588750933274	0.9939357533110215	0.9951664412924015	0.9957584215855294	0.9956871686399472	0.9957667622559061	0.9957617849721098	0.9941918909862616	0.9956627437979999	0.9944570073355027	0.9942607193603209	0.9937493115981937	0.9957667622559061	0.9957667622559061	0.9956767176098031	0.9954940012163432	0.9957632909662429	0.9951890989988876	0.9950305703676819	0.9950305703676819	0.9956840860983589	0.9950305703676819	0.9947910894381027	0.9946161115724963	0.9956767176098031	0.9946161115724963	0.9957667622559061	0.9947910894381027	0.9947411894273128	0.9952024673025301	0.9949594753272045
Pseudomonas_syringae_pv_syringae_B64_281_NZ_CM001763	0.5682058384051897	0.4654709198925342	0.41461014680993424	0.7932203389830509	0.8063505747126437	0.8058290445289774	0.803188348750246	0.5841854124062713	0.5910096325365679	0.6965764226573794	0.6990771259063941	0.3402647243107769	0.8010031559963932	0.6878200846136717	0.5744920174165458	0.9763960852043754	0.9773336028705716	0.5582209448006485	0.5732214546638215	0.7922428726621451	0.9729591314145243	0.6734976193540085	0.8831904931409327	0.7975539105246219	0.6433847996805537	0.44777814411840133	0.6219852178423236	0.61833446789199	0.6240459260225716	0.6249388593602243	0.8125086827262371	0.6362726488352027	0.5855891985829824	0.5983215579385288	0.6882373517346647	0.6219852178423236	0.38965835641735924	0.6626395573453819	0.4859726494459474	0.3312929174023935	0.5612350158289758	0.5999928652968036	0.8084642477777156	0.9779590842669265	0.5871445778734898	0.6736865796411806	0.7956510271664273	0.5185266069738662	0.9611092753107445	0.7260811731499205	0.7077426037418268	0.7941691135035739	0.7887420782016024	0.49378927911275416	0.5999574347332577	0.6726557930989667	0.9795551907241619	0.7962299332808904	0.5406731358897587	0.5966230235386707	0.5859532012632788	0.5846148279480406	0.6131637677565625	0.5824360946312166	0.6936290124969371	0.5903181785534727	0.5924365246580723	0.5878225197020404	0.5855360694268668	0.5831661133204422	0.9089782138524028	0.8065602535801211	0.8193594619921725	0.8000769617855135	0.883382083595309	0.8081595701185679	0.8814982851278728	0.8047981635966631	0.9779542520279653	0.9779590842669265	0.9758577510643627	0.7926384731648045	0.7469307157370575	0.6910946502057613	0.9730169457585542	0.8100868384578395	0.9505321501990684	0.6634306329944244	0.5751789104717395	0.9748079802908072	0.9762766792414613	0.9763473431780891	0.8204389270671691	0.8053344867358708	0.8130627411747892	0.5562445604873804	0.8194144400227402	0.5437727494465083	0.7928809264224888	0.7842520157060217	0.0	0.8018253307694515	0.6402700454341844	0.8031695721077654	0.6241947492797255	0.8085528426825355	0.8081419136127185	0.8020519010259505	0.7886908310480505	0.8129789476682905	0.7992808299929262	0.8059776818258285	0.5840470314994919	0.7990811097367025	0.7886323795941409	0.7912885662431942	0.807467550710794	0.7962594626688437	0.8046279695203944	0.8044754530758105	0.7855606024384413	0.7965230094959825	0.7884833303512853	0.7985767938327732	0.9512499674826357	0.9745466969275447	0.9965786496702812	0.9965138477713527	0.9964078242078972	0.9970919766250311	0.997261039686976	0.997529493407356	0.9958033052588926	0.9966957294385517	0.9965138477713527	0.9965138477713527	0.9965138477713527	0.997261039686976	0.9948856213692081	0.9965138477713527	0.997261039686976	0.997261039686976	0.9968063648588077	0.996306606763871	0.9964388250883393	0.9954695691816732	0.9949790554886097	0.9959111504033595	0.9967062470591491	0.9948670891520661	0.9973497724261104	0.9963232267800796	0.9963092516594596	0.9963304762165567	0.9963261501343422	0.9963096536106685	0.9968717991307477	0.9959111504033595	0.9953649410844921	0.9960031974420464	0.9963304762165567	0.9963304762165567	0.9964388250883393	0.9963976945244957	0.9963274590950202	0.9969642111126584	0.997261039686976	0.997261039686976	0.996306606763871	0.997261039686976	0.9948856213692081	0.9964145369015862	0.9964388250883393	0.9964145369015862	0.9963304762165567	0.9948856213692081	0.9965533405023851	0.9973695496783417	0.9959232889297198
Pseudomonas_syringae_pv_syringae_B728a_112_NC_007005	0.7935625761583499	0.8089289779194173	0.8024190064794816	0.8201418756632967	0.47770474329365786	0.4851093131347909	0.8262032800920351	0.7935310132575757	0.785750424094521	0.7779003877124963	0.7411706594220795	0.8105039614473577	0.8229736983360172	0.801987444754103	0.7888471177944862	0.9775397959925375	0.9754261189454323	0.7761297938674819	0.7840136054421769	0.8217379233759022	0.9708761989960738	0.8080975063042869	0.8803266478693409	0.8153218596334376	0.7572365311909263	0.8135118982940346	0.7789482484742078	0.7735838521455094	0.7672203639662112	0.7596998744722128	0.8303324835351604	0.7954793590840685	0.800373955125385	0.7913998443952361	0.8030320076503347	0.7789482484742078	0.7883096366508688	0.7836738227146814	0.8008021390374331	0.8090800412976145	0.7968187188427514	0.7936635430611334	0.8290732695434313	0.9771658196430681	0.7805814591332968	0.8081942421866248	0.8150238940278903	0.7858959537572254	0.9659712177302704	0.7867224880382775	0.7802431880713588	0.8139344262295082	0.4560723514211886	0.7843947847706051	0.7918222222222222	0.7922479731858939	0.9787984987448115	0.8232517048121255	0.8074023303632625	0.7889941146595764	0.7803511505273251	0.777949090029627	0.7962329276638795	0.7844340482410839	0.8523732481667472	0.784099766173032	0.7903757611762958	0.7728785861275874	0.7790932978948322	0.780865603644647	0.7980949384287532	0.8380018175014701	0.5536697247706421	0.4576283681669062	0.8800116906235885	0.47297052318625143	0.8900522199994804	0.8272967138402495	0.9771609608473615	0.9771658196430681	0.9736854905394231	0.8162391959233086	0.8172900382940775	0.7820619290544548	0.976574964947058	0.8379015620394931	0.9453900709219858	0.8604947302825869	0.7908071479971216	0.9800918479147726	0.9760321860510758	0.976101367383381	0.8384210108284134	0.49172401623433915	0.48154713369021873	0.7822005034799349	0.5193723429993433	0.7867707104618455	0.4405504113328661	0.5082130767860324	0.8018253307694515	0.0	0.78108303650935	0.4950821975551496	0.7983211718878587	0.45824646109952816	0.4254610751561857	0.5219349515230696	0.48142650253439534	0.4803564482478164	0.4537530800632562	0.5067700891338369	0.7874669232619678	0.8139901922101347	0.8207118834080718	0.8147771276746092	0.8288498086137209	0.8172158480755101	0.8253018484880863	0.8348793565683647	0.8080136402387041	0.8195505430706409	0.8209475608041614	0.8231442219955987	0.9464104900769542	0.9798926351478621	0.995761582342592	0.9960992813059393	0.9953108906597279	0.9966839599935818	0.9959496678727656	0.9960561264185872	0.9951995534468323	0.9960581357931996	0.9960992813059393	0.9960992813059393	0.9960992813059393	0.9959496678727656	0.9952264742953686	0.9960992813059393	0.9959496678727656	0.9959496678727656	0.9959150547815501	0.9961144377910846	0.9960277259397494	0.9946378485398449	0.9943260448380847	0.995276599151389	0.9953451043338684	0.9948301125210804	0.9962476026350168	0.9959184755241048	0.99611712454456	0.9959262492394784	0.9959216101694915	0.99513868258298	0.9964447058194552	0.995276599151389	0.9952573430342225	0.9945637691200767	0.9959262492394784	0.9959262492394784	0.9960277259397494	0.9957446808510638	0.9959230137929209	0.9960455169074328	0.9959496678727656	0.9959496678727656	0.9961144377910846	0.9959496678727656	0.9952264742953686	0.9957110047317302	0.9960277259397494	0.9957110047317302	0.9959262492394784	0.9952264742953686	0.9956306282304044	0.9962746288426514	0.9957371422244367
Pseudomonas_syringae_pv_syringae_EC33_20735_NZ_JAGSOX010000017	0.5926606753812635	0.6290862290862291	0.6210546887723527	0.8029012139436462	0.7714809074256728	0.7602438010804821	0.8181481089098421	0.596890841500507	0.6147100990231054	0.7139863157245885	0.7199839709010203	0.5789843949859299	0.803834808259587	0.6320245127459961	0.5966734555329261	0.9775751660437546	0.9776175021036182	0.5891260406317449	0.6170404185132119	0.8027720027720028	0.9694977392154467	0.6360399533667329	0.8879140276191465	0.8062356488781919	0.5578231292517006	0.5793226951488599	0.4757670075589151	0.47150188162846396	0.48848571819051523	0.49460462266398886	0.8161010677661487	0.6272249925695981	0.5558592860164665	0.6230419065470612	0.6324996842238222	0.4757670075589151	0.6247798578044486	0.7346782280422344	0.6043455633619568	0.5759734244737599	0.6474350814663952	0.6239754781102153	0.813222130733884	0.9797668435812456	0.5701708232487986	0.6362462604314281	0.8052109868202458	0.6280442804428044	0.961685453050167	0.7235968245142557	0.7212745217497258	0.8044896017017942	0.7693597340656164	0.627961401596512	0.6096695349382262	0.7284257942152679	0.9807279992203489	0.808330585778657	0.6214042484190043	0.603018306094136	0.5911778699109631	0.5936603361114907	0.5997893091378665	0.5846180555555556	0.7500451508036843	0.5939276353858198	0.60244658623711	0.5734222252927562	0.5940925388424108	0.5668571028004626	0.8921917056471633	0.8214476068649398	0.7767119928059514	0.7683409965009688	0.8880883267675721	0.7776668852832986	0.8809143798589302	0.8179825140653477	0.9797626222819787	0.9797668435812456	0.9772830098821288	0.7977243994943111	0.7552339316262525	0.7183361942128494	0.9781077298925547	0.8204566112388387	0.9469826836600332	0.7600799443865137	0.6402965807156333	0.9790768101312288	0.9764646367315475	0.9765313475858756	0.8218038760099277	0.765198625663742	0.7737760270118177	0.5857316578840697	0.7752395403073984	0.587116628055738	0.778229012836533	0.8097419282761702	0.6402700454341844	0.78108303650935	0.0	0.770144453221984	0.5356755513195517	0.7911347817510638	0.7841512218658644	0.7681302278423973	0.7729363071970567	0.780186363129115	0.7763989363223058	0.7668913319706093	0.6006745707277188	0.8143339608016831	0.8028735953485772	0.8024746780393367	0.816719402270733	0.8080743082561621	0.8102205315102019	0.814798927613941	0.7979672851150088	0.8099182651292072	0.8075321990333305	0.8100688330398591	0.9503022495292835	0.9787524908475833	0.9962118243331505	0.9965963240299524	0.9960442827939576	0.9967227727963924	0.9965345748902175	0.9971624497517143	0.9959566155779581	0.9965841610173946	0.9965963240299524	0.9965963240299524	0.9965963240299524	0.9965345748902175	0.9955845248107653	0.9965963240299524	0.9965345748902175	0.9965345748902175	0.9964751404643274	0.9966092853416797	0.9964464882943144	0.9953956757047847	0.9954763388140965	0.9958157901618766	0.9960158318261645	0.9958053691275168	0.9966792781512834	0.996623727404945	0.9966115831726008	0.996630029033596	0.9966262683933252	0.9959792614538144	0.9968562521285793	0.9958157901618766	0.9960671488148657	0.9954050596559016	0.996630029033596	0.996630029033596	0.9964464882943144	0.9962496721741411	0.9966274062159498	0.99633535460058	0.9965345748902175	0.9965345748902175	0.9966092853416797	0.9965345748902175	0.9955845248107653	0.9961790688851553	0.9964464882943144	0.9961790688851553	0.996630029033596	0.9955845248107653	0.9967905229099259	0.9967027027027027	0.9956603108302368
Pseudomonas_syringae_pv_syringae_HO7_20736_NZ_JARNIY010000011	0.8017507418397626	0.807530422333572	0.802385156453527	0.8120619489034592	0.3857251041272245	0.3411751335379021	0.8143330436671736	0.7993427869386305	0.7913403412644054	0.7830980029254605	0.7574207382447542	0.7998067632850241	0.813796102519501	0.7979732031338708	0.7919645795315164	0.977747480157764	0.9763575914296269	0.7781456953642384	0.795227623915369	0.8140586385082004	0.9712102674224076	0.8055030337237195	0.8827562289921571	0.8112479220083965	0.7582903244942754	0.7957498683955337	0.7731979067019301	0.7644980782274474	0.759196077869205	0.7516807571342009	0.8315562190115691	0.7978685612788632	0.788075033497097	0.8027594016329936	0.7983484207837906	0.7731979067019301	0.7896251909293854	0.7873416989533337	0.8064929152677403	0.7994110037706768	0.808831541218638	0.7921008504012457	0.8162027510018413	0.9782402353946182	0.7955212588893933	0.8056017826418075	0.8109463953553915	0.7942534041080083	0.9659972896390292	0.7838611504504776	0.7883075832324008	0.8142962626377371	0.37060965582050975	0.794392254048758	0.7970344009489917	0.784778955907063	0.978686189750381	0.8184705390722942	0.814540059347181	0.7947874947695619	0.7932473105462348	0.7924624624624624	0.8047817047817047	0.7882607239626145	0.8576197875110234	0.7956180412524999	0.7992411891988025	0.7864556695448118	0.7928974543707973	0.7926947266569908	0.7165408583546417	0.8294009416093945	0.46917796285325997	0.4318592737682688	0.8824375816035599	0.3945059576261446	0.889153100420706	0.8231294345302086	0.9782355873068616	0.9782402353946182	0.9758524806088101	0.8207470049330514	0.8151433549817836	0.7844922490999435	0.9764542936288089	0.8254551391950363	0.9400747147024205	0.8655931468228151	0.7932559258813621	0.9790841090815298	0.9765126309303759	0.976580738701988	0.8318484629585039	0.29743363894783204	0.3192412351618882	0.7882638703753073	0.39082672706681765	0.7947501963390322	0.48082063136603337	0.49951370627859226	0.8031695721077654	0.4950821975551496	0.770144453221984	0.0	0.797274181978701	0.4509289698223322	0.48167216562126103	0.2748316328588135	0.4457149242057432	0.407907963811013	0.43560209424083773	0.4308090242850985	0.7920619146565483	0.8168305640330056	0.8251718815771012	0.8199021299465392	0.8156942744458044	0.8204401892190465	0.8175087814104296	0.82147918029213	0.810997150997151	0.8160333772015793	0.8268425048505469	0.8111259432805732	0.9412441512617934	0.9788735730188054	0.9953604376743188	0.9963736972171484	0.9949550040905373	0.996584093170876	0.9956808736044332	0.9957083861912602	0.9952556076471745	0.9963874585501308	0.9963736972171484	0.9963736972171484	0.9963736972171484	0.9956808736044332	0.9952804746494067	0.9963736972171484	0.9956808736044332	0.9956808736044332	0.9958368479769258	0.9963878632204206	0.9963549623435448	0.9946898249301657	0.9942365519545606	0.9951688228031563	0.9949399795445981	0.9946318805106668	0.9956637291928941	0.996323431463967	0.9963903743315508	0.9963304703911506	0.9963262698328187	0.9947830339917941	0.9963434962628381	0.9951688228031563	0.9951483940913403	0.9941554959785522	0.9963304703911506	0.9963304703911506	0.9963549623435448	0.996152707901746	0.9963275407829257	0.9959685056413864	0.9956808736044332	0.9956808736044332	0.9963878632204206	0.9956808736044332	0.9952804746494067	0.9952102478418268	0.9963549623435448	0.9952102478418268	0.9963304703911506	0.9952804746494067	0.9950403474437682	0.9956951619174582	0.9956840141452956
Pseudomonas_syringae_pv_syringae_HS191_3083_NZ_CP006256	0.5907355647965096	0.648085281893461	0.627350538192193	0.7410552204719798	0.7913224286110341	0.7780690257754478	0.7484223811527135	0.6060697619767013	0.626243925017357	0.7123460980652327	0.7211923384861736	0.5557505443437003	0.752991166275299	0.46834771537699815	0.5918874736053402	0.9776741086304566	0.9783559142884597	0.601148019835609	0.5852137159997273	0.7385221962616823	0.9700788940182213	0.5149394531920003	0.857131425218064	0.740874741049806	0.6263271001058472	0.5648157121168071	0.5589148289465176	0.5669980756895445	0.5193935945918811	0.5058950711124623	0.753492125326952	0.6236715775533852	0.5642186994500162	0.6126791434833924	0.4700250821351609	0.5589148289465176	0.6118243465665942	0.7342911086199776	0.6275945885438321	0.5676422398560734	0.6272002066983173	0.6128761418592155	0.7540361932911357	0.9790584415584416	0.6051461027851912	0.5152387808975282	0.739698022838118	0.6013345544943085	0.9617886768724757	0.7189534379068758	0.7101818852156814	0.7416408896744734	0.7953883151789504	0.6254415826321537	0.5993456777631623	0.7281107356689787	0.9810024842905158	0.7438459310744281	0.627671250564917	0.597220806577651	0.5992634637475505	0.6048993697906078	0.6159142818755878	0.586281037591899	0.7330160400887811	0.6037110893297732	0.6013556807068425	0.6039885076897076	0.6053246621278325	0.6006912363549259	0.9058765839935995	0.7892964686558992	0.7984691146558185	0.79443563908072	0.8573597166369278	0.7989858239480024	0.8561317652011471	0.7563774801311621	0.9790540697269838	0.9790584415584416	0.9771141435069419	0.7247698221149548	0.7594642132323095	0.707148157308929	0.9785695659388853	0.7931458891745529	0.9489970494160819	0.7552699677259908	0.5950890872405185	0.9803180276784896	0.9758742859897327	0.9759427047033093	0.7609395824078188	0.7924082970038597	0.800522911793037	0.6093064966121962	0.8014242899172372	0.5531440305905679	0.8020937743624011	0.8006809995497524	0.6241947492797255	0.7983211718878587	0.5356755513195517	0.797274181978701	0.0	0.798902544864078	0.8001064306520278	0.8009046052631579	0.8022499018122651	0.8021586675432829	0.7969865632203295	0.7856268530859831	0.5328952068004857	0.7521412340499912	0.736719464354187	0.7391741005494181	0.7605135631927812	0.7435564730168092	0.7530874522594854	0.7810251178692548	0.7310012779742622	0.7446079712038085	0.7407811670305033	0.7386816729349885	0.9492126472411655	0.9800064793816818	0.9970505324702443	0.9970692136595578	0.9966838223589961	0.9977739950242241	0.9972510044406852	0.997215362790942	0.9964778156996587	0.9972430814472509	0.9970692136595578	0.9970692136595578	0.9970692136595578	0.9972510044406852	0.9963761455844121	0.9970692136595578	0.9972510044406852	0.9972510044406852	0.9967678694431198	0.9972110723036022	0.9966302701008307	0.9963688202700521	0.9959390313236051	0.9962885520125457	0.9968574870371341	0.9963488843813387	0.9974435681261898	0.9972229431611731	0.9972129610335486	0.9972281228951868	0.9972250317694961	0.9964308375634517	0.9970404127707498	0.9962885520125457	0.9968617315857485	0.9961915692821369	0.9972281228951868	0.9972281228951868	0.9966302701008307	0.9965394295302014	0.9972259670227108	0.9972608512431521	0.9972510044406852	0.9972510044406852	0.9972110723036022	0.9972510044406852	0.9963761455844121	0.9969132459655583	0.9966302701008307	0.9969132459655583	0.9972281228951868	0.9963761455844121	0.9974185810017991	0.9974615862385569	0.9970207464384377
Pseudomonas_syringae_pv_syringae_Pss9644_17750_NZ_CP066263	0.8067047504509922	0.8217779056386652	0.8138321135959413	0.820585969817134	0.46240422333834363	0.4651328442196737	0.825470150885633	0.8038227263180004	0.7955197294931015	0.7773302822273074	0.7597362199825806	0.821544648267504	0.8267365948264088	0.7983440556212676	0.7965371903332423	0.9753616356102524	0.9756653801814446	0.7920486493093754	0.8008605903770349	0.8172835990888383	0.9698664971392245	0.8098845186370912	0.8797595735422106	0.8170130277373927	0.7637450079572411	0.8190452524917861	0.788680310515173	0.7785316829434477	0.7777395097870387	0.770654653614023	0.8342160730692321	0.7920348626074325	0.80991643454039	0.8025050799138689	0.7994177667608232	0.788680310515173	0.7978754970031452	0.7955089645506045	0.804341525620218	0.8241207406595814	0.815530039434006	0.7963142874491469	0.8299023740244201	0.9769637553425253	0.7953922444328088	0.8099822867264728	0.8167094382663245	0.7997430356829995	0.9661849059439421	0.7900195217179111	0.7898022268239249	0.812534343638835	0.3980191042906358	0.805278898922733	0.8013107657156601	0.7728665338052887	0.9773490786928637	0.8215304652410949	0.8129812022429472	0.8000484437447015	0.7880088913248683	0.7881696360123884	0.8073397261926301	0.7960597198707096	0.8581723104393852	0.7919700246748104	0.8002289984331686	0.7908317320889378	0.7893205073218552	0.7971796443899448	0.7866598555060935	0.8432107823156979	0.5431449846692948	0.44639672118705176	0.8795599619720222	0.39606927417785565	0.8843208921377691	0.8312044043066742	0.9769587479470583	0.9769637553425253	0.9740124223602484	0.8074091251666763	0.8018438177874186	0.7744140625	0.9755198931777157	0.8367844426184607	0.9424654688960432	0.8687740516767455	0.796513935101804	0.9808039961941009	0.9741245038436417	0.9742009818655445	0.8291872156072042	0.47874468162478634	0.4662911072904854	0.7952727599532669	0.46706389823073546	0.8016076777309127	0.4515646054798622	0.478230180548332	0.8085528426825355	0.45824646109952816	0.7911347817510638	0.4509289698223322	0.798902544864078	0.0	0.45011854137658525	0.5149782999894146	0.49121323529411764	0.5013536620119692	0.4521614808683547	0.4535578099143823	0.7843088879294393	0.8128009225890154	0.8202916821867569	0.8080185938407902	0.8271473148300214	0.8104229607250755	0.8275580477447805	0.832862510627794	0.804172372599866	0.8170596433345658	0.8218521177315147	0.8197856553998351	0.9427176650827036	0.9806079538627899	0.9957940734671583	0.9961676384440612	0.995137267978215	0.9964918050759195	0.995792736935341	0.9960409105905642	0.9950177528347268	0.9962084787207737	0.9961676384440612	0.9961676384440612	0.9961676384440612	0.995792736935341	0.9955495728139336	0.9961676384440612	0.995792736935341	0.995792736935341	0.9957012507973486	0.9961828939117158	0.9962312587049731	0.9947846188543076	0.9946941323345818	0.9951048759810759	0.9951746449525689	0.9948685963768321	0.995950493355387	0.9962543766794235	0.996185597907528	0.9962616822429906	0.9962573226296376	0.9949613798067606	0.9962191780821917	0.9951048759810759	0.9950001381177316	0.9945668495918312	0.9962616822429906	0.9962616822429906	0.9962312587049731	0.9960797214683225	0.9962586417242781	0.9957531299983454	0.995792736935341	0.995792736935341	0.9961828939117158	0.995792736935341	0.9955495728139336	0.9952587797745791	0.9962312587049731	0.9952587797745791	0.9962616822429906	0.9955495728139336	0.9956598880851645	0.9959804115832083	0.9955421789375053
Pseudomonas_syringae_pv_syringae_PssA1M140_20740_NZ_JAKMAG010000016	0.7997698155495654	0.8131185604411552	0.8129803337132171	0.8242046198980318	0.4518132416546523	0.4507523939808481	0.8301115140278649	0.7962257303574669	0.7941942123743795	0.7693537969427613	0.7585830552870373	0.8146051828422396	0.8303836819284993	0.8009686346863468	0.7914239531550216	0.9757315316210443	0.9760136491368928	0.78125	0.792412746585736	0.8233425061703878	0.9703965789339714	0.8106422543269919	0.8871089944799221	0.8235811827499078	0.7735314299352606	0.8124669836238775	0.7881787330316742	0.7751168890409397	0.7756952841596131	0.7704633539654075	0.8347308628617798	0.7928945694642154	0.8018367174993681	0.7912680892813343	0.8020392292404736	0.7881787330316742	0.7929161817802047	0.7933792295298081	0.7941925474929017	0.8151137400149258	0.8041222000703647	0.7915623664448379	0.8349196019414843	0.9760383386581469	0.7974192356256352	0.8103995652546978	0.8228125	0.7889347890233107	0.9642363467289955	0.7842035792123278	0.7826455026455026	0.8175473004153208	0.4313574938574939	0.7928187347574414	0.790270138867787	0.7848736025485974	0.976740034175827	0.8258406381239607	0.8078609000584454	0.7916513985586906	0.7846111501880791	0.7934071310623203	0.8035146189971216	0.7885021097046414	0.8600990035904735	0.7881060235063663	0.7887087928828225	0.7856923737652617	0.7941814625798368	0.7937245966252001	0.7964213271515503	0.8437372501019992	0.49326493579006137	0.3887903511883647	0.8868108108108108	0.43087012887973763	0.8931827820186599	0.8346286116602128	0.9760331178734839	0.9760383386581469	0.9738197745315184	0.8176087957632973	0.8179212429681222	0.7747800048887803	0.9762181692197283	0.8431131843849742	0.9445424819639798	0.861437437659315	0.7969805323798173	0.9784155484456329	0.9740589774557166	0.9741357684009834	0.8478949629470519	0.4659566654425267	0.45933613012438357	0.7821049438883834	0.4675571820677036	0.7889999071983171	0.30284728213977563	0.473293270128028	0.8081419136127185	0.4254610751561857	0.7841512218658644	0.48167216562126103	0.8001064306520278	0.45011854137658525	0.0	0.5072283593222747	0.393397631929742	0.4893739436872955	0.4111777219106556	0.38151792783621763	0.7875735452669193	0.8172194574691483	0.8255056564964004	0.8173498845265589	0.8329378392384693	0.81994227994228	0.8309686888454012	0.8356213179887656	0.8143101003963776	0.8192647769595998	0.8221493876142832	0.8244339674359958	0.9462443626561609	0.9781942735846781	0.9953198127925117	0.9958583614471049	0.9948492357379514	0.9965961184770376	0.9955906821963394	0.9956193519947102	0.995153149019158	0.9960363336085879	0.9958583614471049	0.9958583614471049	0.9958583614471049	0.9955906821963394	0.9949059669025525	0.9958583614471049	0.9955906821963394	0.9955906821963394	0.9958055555555556	0.9958748804808086	0.9959228348611301	0.9945200836110955	0.9939128456024576	0.9952343129467831	0.9948905310001923	0.9947740634496861	0.9956565223603372	0.9958932796649351	0.9958778084136387	0.9959013056105969	0.9958965161150063	0.9947577178043436	0.9963505652507958	0.9952343129467831	0.9952141197299988	0.9941726854891662	0.9959013056105969	0.9959013056105969	0.9959228348611301	0.9956318681318681	0.9958979652821167	0.9959401237295625	0.9955906821963394	0.9955906821963394	0.9958748804808086	0.9955906821963394	0.9949059669025525	0.9951076599254771	0.9959228348611301	0.9951076599254771	0.9959013056105969	0.9949059669025525	0.9951306250854877	0.9956886771046063	0.9957058355135935
Pseudomonas_syringae_pv_syringae_PssA1M197_17707_NZ_JAKMVF010000007	0.7967938251447232	0.8137594369075325	0.8032682940888262	0.815017697623462	0.4740878125334379	0.3997304778554779	0.8155938251912731	0.8017426628594978	0.7988146488175975	0.7874818480870106	0.7618830398686252	0.7973867019517036	0.8157973013168924	0.8015680523436178	0.7971152133911082	0.9788930354286822	0.9777233182208063	0.7799202127659575	0.80127260943852	0.8171820922183767	0.9691114878340646	0.8082264807384754	0.8827454211967357	0.81313598519889	0.757592784267337	0.7989756016963154	0.7735605763301003	0.7726013598589776	0.7628692704327266	0.7567443725299272	0.8323466164016248	0.8048852007154796	0.7899955560493279	0.8077696310312205	0.80193972201077	0.7735605763301003	0.7892672073074334	0.7970505015862128	0.8037170706754952	0.8004604127271232	0.8141479648434167	0.795681013712484	0.8172602518131082	0.9790411379693297	0.7963665943600868	0.8079890038991276	0.8123369519481612	0.8051219234275296	0.9650799891873295	0.7884615384615384	0.794871044234316	0.8184535559190119	0.4214544904747505	0.8005028140445105	0.8029813007173938	0.7943290849205212	0.978816090809519	0.8180732594629121	0.8123896325833095	0.7990207715133532	0.7957333333333333	0.7925566923951415	0.8062771522298076	0.7912683044898947	0.8570111667469779	0.7980946162521517	0.8044986768597471	0.7920035804863494	0.792990011364316	0.7975336793783192	0.6867522637348888	0.8302435869799526	0.45445301542776995	0.4588712652157876	0.8823388831355055	0.45752640845070425	0.8940450574235864	0.8257836927763971	0.9790366799016827	0.9790411379693297	0.9756660832360949	0.8230165405102327	0.8223402029500994	0.7920987508838087	0.9765640131706372	0.8273359867868844	0.9406263537446169	0.8667458240008635	0.7959812217803427	0.9801578038190392	0.9754916420845624	0.9755625275748812	0.8352784793300545	0.3790169414267265	0.4014352993944831	0.7940666764576296	0.4410510587120522	0.7988483339831449	0.5113564223742681	0.5149028384667307	0.8020519010259505	0.5219349515230696	0.7681302278423973	0.2748316328588135	0.8009046052631579	0.5149782999894146	0.5072283593222747	0.0	0.4968235167438355	0.3597339551240396	0.4749155374723	0.4464412306819793	0.7954824233358264	0.821379484446439	0.8276035271793727	0.8242677824267782	0.8166305525460456	0.8252375330297408	0.8201139233704122	0.8236697297443821	0.8152579769178547	0.8165667270952448	0.8300220750551877	0.8115993160908622	0.9428135334520478	0.979958974842619	0.9954594017094017	0.9964150034779817	0.9950573026994731	0.9967052394728383	0.9956982847248526	0.9957255766439056	0.9953877117459607	0.9965096923159534	0.9964150034779817	0.9964150034779817	0.9964150034779817	0.9956982847248526	0.9953263497179694	0.9964150034779817	0.9956982847248526	0.9956982847248526	0.9958536585365854	0.9964289521372988	0.9965301873698821	0.9947946790052054	0.9942882493206898	0.9953492101675888	0.994960190869367	0.9947375709735494	0.9957656628687634	0.9964178629235545	0.9964314247669773	0.996424693450568	0.9964206172446707	0.994804070145053	0.9965193177862861	0.9953492101675888	0.9953306342780027	0.9942056074766356	0.996424693450568	0.996424693450568	0.9965301873698821	0.9961142673384071	0.9964218505658777	0.9959846933275843	0.9956982847248526	0.9956982847248526	0.9964289521372988	0.9956982847248526	0.9953263497179694	0.9952300396572284	0.9965301873698821	0.9952300396572284	0.996424693450568	0.9953263497179694	0.9952210593763349	0.9957962276674595	0.995785387494801
Pseudomonas_syringae_pv_syringae_PssA1M201_17710_NZ_JAKMVI010000020	0.7851692307692307	0.798135913166588	0.7958169701297155	0.8212116001834021	0.48355801024672074	0.46825000000000006	0.8273781775303699	0.7985700869459844	0.7881221374045801	0.7880832953336373	0.7641377161551643	0.8104045596781404	0.8285831734721841	0.7985621938139549	0.7833348741179008	0.9768930056522497	0.9761832829808661	0.7802593212978473	0.7957838461772121	0.820827389443652	0.9725961048230856	0.8011690829643777	0.8778203723986857	0.8227797576621525	0.7630148568667714	0.8077084675499285	0.7772305577826137	0.7667626728110599	0.7631264045763652	0.7591822388846582	0.835182723351149	0.8000423062975945	0.7934674650245467	0.7933767510444827	0.798910366012693	0.7772305577826137	0.7859703020993344	0.7941591256316841	0.7980439811425727	0.8102041384688222	0.806758462757993	0.7915555964089837	0.8281061850027367	0.9773443943142677	0.7973227810925279	0.8009257919861131	0.8219736954723118	0.7991602313768095	0.9638171174808235	0.7888711558529249	0.786142208774584	0.8197498049865657	0.40842813025292213	0.7947359123829711	0.7902586312065389	0.786459719142646	0.9770982599795291	0.8241892083274324	0.7993560964083176	0.7959993892197282	0.780836258390295	0.7980922098569158	0.8034063260340633	0.7908935508935508	0.8580818643561399	0.7826261379416757	0.7924580068896138	0.790690543358273	0.798863393320908	0.7928304104419907	0.7855510969215899	0.8395650149286438	0.5193379671048104	0.4658958231328387	0.8779287530415288	0.4832815505252256	0.8927383518267209	0.8349224458750985	0.9773394473154281	0.9773443943142677	0.9747997704533546	0.8187169941996364	0.8206950179653564	0.7882748999150795	0.9779595884467585	0.8372950368658523	0.9398022185014651	0.8625201400077782	0.7933294360173533	0.9797334481851028	0.9745330641090358	0.9746086868991897	0.8365708999891175	0.42724902709033896	0.43093008386926923	0.7738514818106592	0.3984033161894527	0.7902980676778015	0.32617624334105977	0.48287671232876717	0.7886908310480505	0.48142650253439534	0.7729363071970567	0.4457149242057432	0.8022499018122651	0.49121323529411764	0.393397631929742	0.4968235167438355	0.0	0.5144428672817601	0.22693407259811138	0.4570078626559908	0.7849595637219967	0.8127445014344084	0.8206471672040534	0.8205091161258632	0.8304443225452551	0.820889043236673	0.8313794983642312	0.8314569536423841	0.8086416151242852	0.823181482113405	0.809298798273247	0.8239874532247413	0.9406657775685783	0.9795252368980855	0.9957701604043068	0.9961457989208237	0.9949406009783368	0.9965547654484317	0.9957964478592506	0.9959349593495935	0.9952774498229043	0.9959925932067546	0.9961457989208237	0.9961457989208237	0.9961457989208237	0.9957964478592506	0.9953298145742946	0.9961457989208237	0.9957964478592506	0.9957964478592506	0.9959284977272094	0.9961612284069098	0.9958788944447498	0.9949819975618746	0.994203477913252	0.9951875481245187	0.9950085488941591	0.9952394526795895	0.995782406610432	0.9961784134956597	0.9961639631740464	0.996185909660546	0.9961814363254508	0.9948763644464246	0.9963082348403449	0.9951875481245187	0.9955016244134063	0.9946187848337589	0.996185909660546	0.996185909660546	0.9958788944447498	0.995780474351903	0.9961827898353146	0.9960628829678099	0.9957964478592506	0.9957964478592506	0.9961612284069098	0.9957964478592506	0.9953298145742946	0.9953742040489991	0.9958788944447498	0.9953742040489991	0.996185909660546	0.9953298145742946	0.9954146073585942	0.9958137548056386	0.9958313108528681
Pseudomonas_syringae_pv_syringae_PssA1M250_17721_NZ_JAKMVP010000021	0.7984755916721039	0.8150826739272242	0.8129951096748362	0.8181843661537599	0.44992569502337887	0.43723313407344155	0.8183535252691508	0.8061089756755964	0.8030218407360592	0.791638351307431	0.7671988125170398	0.8056909678479487	0.8190034262281813	0.8074957888826502	0.7985468564650059	0.974184120798831	0.9742183079534552	0.794136983026536	0.8027256939334177	0.8200935881009415	0.9661072062832987	0.8147227960471219	0.887249708655578	0.8189758615878331	0.7640532109011713	0.8082716015635678	0.7849701347409362	0.7764663206652157	0.7693834160170092	0.7621587700031378	0.8357035036148407	0.8085977482088025	0.792613951425086	0.8076729671369834	0.8078639387050602	0.7849701347409362	0.7968099659458043	0.7961945636623748	0.8065065093456618	0.8093449805426294	0.8161804391671165	0.8013919739375093	0.8227967034442029	0.9761769307353151	0.8035115052732502	0.8148158482142858	0.8186791715513873	0.8033905077199692	0.9631025394714156	0.7882088882238516	0.7863084001887684	0.8212928826724453	0.4623743047626063	0.8054930980503772	0.8052024309327384	0.797296138565753	0.9764876198083067	0.8220456307453761	0.8133469992028243	0.8020845670970034	0.7955589813524651	0.7965934852642883	0.8131283438179787	0.7910511019617341	0.860470947117695	0.7992762435855605	0.8048579662412516	0.7984977139124755	0.7971675611210495	0.8053915429116717	0.7613272547544224	0.8319605943152455	0.44605889613824723	0.46436976025886156	0.8870460016400815	0.4744883147046015	0.8944571191537903	0.8293664543298063	0.9761718472153069	0.9761769307353151	0.9729083859640567	0.8253372893690869	0.819326408561536	0.7954385139901246	0.9738203365956724	0.8294127190136276	0.9384084812875207	0.8688529007571879	0.799039207495375	0.9773557512176845	0.9720940561079721	0.9721750682707211	0.8380472273812682	0.3760849703060758	0.38431594860166285	0.796051280546836	0.47485375945213293	0.7945861311011412	0.47896463462994343	0.5113818531580635	0.8129789476682905	0.4803564482478164	0.780186363129115	0.407907963811013	0.8021586675432829	0.5013536620119692	0.4893739436872955	0.3597339551240396	0.5144428672817601	0.0	0.49478101797051544	0.375709042375709	0.7937535593321944	0.8201685393258427	0.8294498021071408	0.826096712666891	0.8181793581209071	0.8263752317806372	0.8197461819746182	0.8268653487302918	0.8176452314383349	0.8135996195910604	0.8295813641321066	0.8114478114478114	0.9406319332874302	0.9771281250739138	0.9955378613797895	0.9963059132157294	0.9951369267550533	0.9963540828909978	0.995696305318717	0.9953993919664237	0.9951888111888112	0.9964002686366689	0.9963059132157294	0.9963059132157294	0.9963059132157294	0.995696305318717	0.9952972159518435	0.9963059132157294	0.995696305318717	0.995696305318717	0.9959334164723743	0.9963202943764499	0.9963678124081938	0.9947091405108986	0.9944250291229821	0.9951052504881376	0.9951195966963424	0.9946515172509353	0.9954276792684287	0.9962563721325404	0.9963228436675637	0.9962635149459402	0.9962592523810787	0.9949649441000514	0.9963564271553341	0.9951052504881376	0.9951656899019634	0.994256711633498	0.9962635149459402	0.9962635149459402	0.9963678124081938	0.9960855809963001	0.9962605420887922	0.9961452408550556	0.995696305318717	0.995696305318717	0.9963202943764499	0.995696305318717	0.9952972159518435	0.9953950288504216	0.9963678124081938	0.9953950288504216	0.9962635149459402	0.9952972159518435	0.9952188893934133	0.995460710232777	0.9956998196698571
Pseudomonas_syringae_pv_syringae_PssA1M262_17714_NZ_JAKMVV010000011	0.7947078347187966	0.8104542807221898	0.8029619140336903	0.8164858504104242	0.4834148994018488	0.4190784393042327	0.8206306405458947	0.7937196601941747	0.7870381660773076	0.7728138049619258	0.7572736648020251	0.8131865076054614	0.8236553825879251	0.7957391304347826	0.7883991429445975	0.9780424264979531	0.9760636961872708	0.7732067838805041	0.7917616659066727	0.8148349447908919	0.9723267880761013	0.7997051937917281	0.8823993471164309	0.8178780522633158	0.7604889827950498	0.8107422582713159	0.7741981672394044	0.7654182487630883	0.7663355985363304	0.760507880910683	0.8299983687673318	0.7801066372494944	0.79398947308846	0.7955650711117908	0.796122975283243	0.7741981672394044	0.7835877058310003	0.7927523474178404	0.7854844898320592	0.8124844014309087	0.8100119746487924	0.7894994642583806	0.8214069965401725	0.976756010750345	0.7962099935187186	0.7998093422306959	0.8175403513783746	0.7961592670894997	0.9642479746389574	0.784502888042276	0.7813532103142139	0.8092981333953597	0.39828113962797274	0.7920824135393671	0.7923347910592808	0.768436489883874	0.9779659287973069	0.8169386478649002	0.8008710237471677	0.793909434883437	0.7773500061599112	0.7924198786690361	0.802265205113412	0.7928195605075827	0.858703057140424	0.7791325821886094	0.7946336429308566	0.7858436972209427	0.7935657657106125	0.7917245638412845	0.7817168011738811	0.8338596732115886	0.49787560075224624	0.4017144199154533	0.8822874218962239	0.4342576369315152	0.8885721137193253	0.8255429586122114	0.97675094449288	0.976756010750345	0.9738415545590433	0.8070583447193233	0.802021903959562	0.7713120034356882	0.9777618364418939	0.8316555889572244	0.9405413863245189	0.8612644602879573	0.7931182663679057	0.980463718334049	0.9753716887625469	0.9754445810027841	0.8339182241083816	0.4441834451901566	0.44525818803673	0.7823249036097027	0.42623875992324767	0.7925955659853023	0.45847498785818364	0.5185467203306864	0.7992808299929262	0.4537530800632562	0.7763989363223058	0.43560209424083773	0.7969865632203295	0.4521614808683547	0.4111777219106556	0.4749155374723	0.22693407259811138	0.49478101797051544	0.0	0.46108020814642026	0.7770173583027438	0.8093346861864038	0.8183178430639082	0.8085713453867878	0.8240294934932731	0.8092475438033877	0.8245239658568615	0.8276995305164319	0.8036705827342334	0.814646551231499	0.8172885176728997	0.8178908448761106	0.9409049419741817	0.9802636335156758	0.9954792043399638	0.9961564859299932	0.9950108701711355	0.9966194860519445	0.9957524777213292	0.9957801252171994	0.9952622964940994	0.9959760769506381	0.9961564859299932	0.9961564859299932	0.9961564859299932	0.9957524777213292	0.9952043656808974	0.9961564859299932	0.9957524777213292	0.9957524777213292	0.995967854064125	0.9961718301386344	0.9959453165666694	0.9945984162895928	0.9939910007404454	0.9951733216322949	0.995050049499505	0.9948531293542241	0.9958233207460808	0.9959702671059438	0.9961745498264886	0.995978151580206	0.995973446512134	0.9948349115548027	0.9963736263736264	0.9951733216322949	0.9953194671393358	0.9942481511914544	0.995978151580206	0.995978151580206	0.9959453165666694	0.9957921949341327	0.9959748701351682	0.9961016339959634	0.9957524777213292	0.9957524777213292	0.9961718301386344	0.9957524777213292	0.9952043656808974	0.9954161091022976	0.9959453165666694	0.9954161091022976	0.995978151580206	0.9952043656808974	0.9952071864815272	0.9958542749240423	0.9956431358031722
Pseudomonas_syringae_pv_syringae_S2_2_20738_NZ_JARNIX010000035	0.8067795633892056	0.8210784990474087	0.8171857138874175	0.8209731268129823	0.45572170961925973	0.3438111771876039	0.8162298120201218	0.8102427725829974	0.8081293831401174	0.7914739884393064	0.7578652020774879	0.789105841401066	0.8155195717276654	0.7931418082709903	0.7983003161527975	0.9758953004164188	0.9753792887884398	0.7953590192644483	0.806410881854966	0.8191268758526603	0.9695890745031094	0.8001825574641108	0.8879707817437704	0.8252234629282473	0.762957624675699	0.7902875156258492	0.7667301902946944	0.7550197452583569	0.7525187144706478	0.746059594216022	0.833025662359273	0.8069763445787272	0.776120224595398	0.80435602215713	0.7935108985765125	0.7667301902946944	0.7991360691144709	0.8042111704494882	0.8123687990277317	0.7900268154608738	0.8185298196948683	0.8009096966712055	0.8212527316289724	0.977467139578552	0.8080760926649939	0.7999502226155251	0.8244569502215697	0.8048535564853556	0.9670036742633462	0.7873729831034584	0.790204762452548	0.8239544979941749	0.43415547236291563	0.8056421967249638	0.8041266739467785	0.8001730103806228	0.9770142989605193	0.8227056019070322	0.8195749161747998	0.8002667749231572	0.7936641598188101	0.8075200138724314	0.8137604136742316	0.8016778621923675	0.864144682942815	0.7973039714128003	0.8016493180704132	0.8011760275758191	0.8082433135000866	0.8045742291198693	0.7665276344664216	0.8275743464916923	0.41211564938044976	0.43836668983937654	0.8875692180303265	0.49502487562189057	0.897413182140326	0.8298799582463465	0.9774624373956594	0.977467139578552	0.9749928551014576	0.8258036252122009	0.824718526100307	0.7941523497079053	0.9761667615253272	0.8254874873811169	0.9395021347781578	0.8738842801638139	0.8043276212605286	0.9792362987042718	0.9738510110139059	0.9739251640191295	0.8316086547507056	0.44402785216925544	0.4583421591470733	0.7959997704315886	0.45369255823833465	0.8014458395527848	0.40498742045286373	0.4527734502373102	0.8059776818258285	0.5067700891338369	0.7668913319706093	0.4308090242850985	0.7856268530859831	0.4535578099143823	0.38151792783621763	0.4464412306819793	0.4570078626559908	0.375709042375709	0.46108020814642026	0.0	0.7996967311113055	0.8238518031349337	0.8288988948014736	0.8277052954719877	0.8184997747807424	0.827368363226852	0.8176349533006174	0.8224833195991388	0.8207276736493936	0.8175244228565192	0.8295065816480118	0.8087114144052887	0.942306255137882	0.9787253723059847	0.9953040619863818	0.9961060004181476	0.9947223253593592	0.9962578180200455	0.9953495745917667	0.9956421295810144	0.9948706755429445	0.9961447678992918	0.9961060004181476	0.9961060004181476	0.9961060004181476	0.9953495745917667	0.9953313924515436	0.9961060004181476	0.9953495745917667	0.9953495745917667	0.9955007410544146	0.9961208018745118	0.9960883511096044	0.9948937085113817	0.994400259698101	0.9950126641773507	0.9946316809385393	0.9948656974544668	0.9953232910979389	0.9963194318446904	0.996123425954834	0.9963262877396322	0.9963221963221963	0.9945558814979254	0.9960763798064347	0.9950126641773507	0.9949913006801286	0.9941581472981431	0.9963262877396322	0.9963262877396322	0.9960883511096044	0.9959431517784699	0.9963234342231313	0.9956306590861234	0.9953495745917667	0.9953495745917667	0.9961208018745118	0.9953495745917667	0.9953313924515436	0.9948840105026663	0.9960883511096044	0.9948840105026663	0.9963262877396322	0.9953313924515436	0.99522853492556	0.9953562461189557	0.9954533152909337
Pseudomonas_syringae_pv_syringae_SM_282_NZ_CM001986	0.5265595205666032	0.5477657363420427	0.5373235460191982	0.788707353707507	0.7856450929345523	0.7892034619334019	0.7960730379820916	0.5042859389745202	0.5555471239945364	0.6652125357716201	0.6794168691426588	0.5742481203007519	0.7945598968256294	0.6537655489453759	0.4897088153171121	0.9757097628068718	0.9753057261323677	0.4880093038177735	0.516502808988764	0.7878945119345584	0.9678211217247452	0.6534181240063592	0.877459647521816	0.7877158135981666	0.5962752863106069	0.540786144470974	0.6044971298529263	0.590041067761807	0.5786023155251778	0.5416964924838941	0.8021512858426836	0.559488692232055	0.575974930362117	0.5231185536687712	0.6551747425291238	0.6044971298529263	0.5337123365548607	0.6822542367215965	0.5687164222448091	0.5858735292093855	0.5686094707112204	0.5386012364760433	0.7963893433045104	0.9732816694524642	0.5123887802737103	0.6536290186268212	0.7864549876112692	0.52510232435883	0.9590447288560496	0.6714646819266956	0.6742312063087572	0.7800304735843776	0.7803013758462547	0.5362049067421168	0.5300776571494803	0.692455645829879	0.9789975244230309	0.7879257436271382	0.5595659875996457	0.5392372783122754	0.5201075520224456	0.5165492542012673	0.5089522153274575	0.5514025953842567	0.6921816715394697	0.5265822784810126	0.5231486880466472	0.49428673806585177	0.5183569182389938	0.5067060514130608	0.9071480416140218	0.7988620953953187	0.8022559652928416	0.7841400105691815	0.8772534388972745	0.786037910309755	0.8754639523113261	0.7965182398740267	0.9732755781847658	0.9732816694524642	0.9727239602311176	0.7776775998756412	0.7334210368952939	0.677681959296309	0.9761387725557107	0.797651096056563	0.9460652851144521	0.6867904367570455	0.5197244094488189	0.9774914003689117	0.9737991266375546	0.9738802056015945	0.8104888837491688	0.7874829519624186	0.7932653245463573	0.5329231474758283	0.7995989584892108	0.4850461987356135	0.791762153573502	0.7825234865924221	0.5840470314994919	0.7874669232619678	0.6006745707277188	0.7920619146565483	0.5328952068004857	0.7843088879294393	0.7875735452669193	0.7954824233358264	0.7849595637219967	0.7937535593321944	0.7770173583027438	0.7996967311113055	0.0	0.7876771410967345	0.7838598009519688	0.7775352376200574	0.7977198792532458	0.7844782054866872	0.792670432924509	0.7891247472945654	0.7661716586961993	0.7870607613469985	0.7834977968100292	0.7879270197777581	0.9456719169355058	0.9772503967954047	0.9962945941287987	0.9963997695852534	0.9959354348207498	0.9968568874535021	0.9968263211530063	0.9964997541149585	0.9955319405868857	0.9963856118436271	0.9963997695852534	0.9963997695852534	0.9963997695852534	0.9968263211530063	0.9954888522599115	0.9963997695852534	0.9968263211530063	0.9968263211530063	0.9957359813084112	0.996414845408134	0.995918015350562	0.9953973155956765	0.9952460682891826	0.9952813902635517	0.996079335793358	0.9955494489082709	0.9967542225160786	0.9964316300314017	0.9964175169093202	0.9964389493476156	0.9964345817051257	0.9958642784330858	0.9962516579205352	0.9952813902635517	0.9957862311470169	0.9953499052758482	0.9964389493476156	0.9964389493476156	0.995918015350562	0.9956122625714451	0.9964359032846716	0.9962857640299461	0.9968263211530063	0.9968263211530063	0.996414845408134	0.9968263211530063	0.9954888522599115	0.9961117425375366	0.995918015350562	0.9961117425375366	0.9964389493476156	0.9954888522599115	0.9967579974178741	0.9967794841210675	0.9960500329163924
Pseudomonas_syringae_pv_syringae_UMAF0176_17744_NZ_JAJPOK010000010	0.7897180560222379	0.7990306946688207	0.8063131906889255	0.37523127189702	0.8185819484806591	0.8175547555579983	0.43020234915291444	0.7949432248296745	0.7968825519574674	0.7672942409022279	0.7703049213753901	0.8053193869560353	0.46315940366972475	0.6649223064081161	0.7801791816754411	0.9795554675511113	0.9763433846771361	0.7881272649100178	0.7754555528195026	0.37726472314615533	0.9694467803175089	0.70321956698072	0.79137642183229	0.354254389449432	0.7968914646996839	0.8060556922388727	0.8134433766305702	0.8014229910714286	0.8004175600947974	0.7898123629737195	0.4067690031440725	0.7979849778287231	0.8058899277756004	0.7924453158507444	0.6653936262396097	0.8134433766305702	0.8014934660858744	0.7657795360546664	0.8083844462446477	0.8073958652160605	0.8049580964660377	0.7937277132668922	0.44003050219688444	0.9762077645464227	0.7940322481003275	0.7033861312047892	0.3522252714473213	0.8044168633277977	0.963787250094304	0.7752451056196455	0.7670515451287863	0.2996930479508877	0.807176851878887	0.7953958944281525	0.7871290145651777	0.7672622788901858	0.9812058718951593	0.408383965761015	0.8004235044997353	0.7979217938200711	0.7847508945774841	0.7962714346738268	0.8053916674230734	0.8007372139456305	0.8566283034953112	0.7889874579382075	0.7892540586640675	0.786911877394636	0.7972622785890674	0.790252339623807	0.9152028835982291	0.4901779688110547	0.82827131341096	0.8184498858084472	0.791743684534812	0.807391304347826	0.7788177483986077	0.3964148622964261	0.9762025806763986	0.9762077645464227	0.9735597271324006	0.383740605202062	0.7922916894777181	0.7742073562234384	0.9778837600079074	0.5309056891414317	0.9429960229783473	0.8652783915156872	0.781818744583385	0.9782411388172351	0.9770662919656747	0.9771339937956569	0.4548172159193229	0.8112316056129565	0.8144613118839923	0.7849338700402531	0.8265317562643646	0.7903016442081839	0.8157706093189965	0.8127794228647738	0.7990811097367025	0.8139901922101347	0.8143339608016831	0.8168305640330056	0.7521412340499912	0.8128009225890154	0.8172194574691483	0.821379484446439	0.8127445014344084	0.8201685393258427	0.8093346861864038	0.8238518031349337	0.7876771410967345	0.0	0.273479502688172	0.33495934959349594	0.42148180946055647	0.22822224148392134	0.4376952699266148	0.47498205312275665	0.21642798067296387	0.3698570979899497	0.3396432914471017	0.4192287841922878	0.9452502659643478	0.9780180006273677	0.9963629402756509	0.9970132076505727	0.9965527786272275	0.9967056498105749	0.9959518660234016	0.9972212287121358	0.9965050991176808	0.9968916762942179	0.9970132076505727	0.9970132076505727	0.9970132076505727	0.9959518660234016	0.9967837704106878	0.9970132076505727	0.9959518660234016	0.9959518660234016	0.9969473275240051	0.9970251091703056	0.9973215993877942	0.9963054881832026	0.996082327892122	0.9963606512518812	0.9961582789089513	0.9964834666212921	0.996802557953637	0.9970383653950657	0.9970272186767032	0.9970441479553097	0.9970406972008796	0.9965105652330444	0.9973130072384295	0.9963606512518812	0.9968231166606812	0.9957928095290132	0.9970441479553097	0.9970441479553097	0.9973215993877942	0.9970640691452874	0.9970417413016338	0.9965768551236749	0.9959518660234016	0.9959518660234016	0.9970251091703056	0.9959518660234016	0.9967837704106878	0.9966196062835554	0.9973215993877942	0.9966196062835554	0.9970441479553097	0.9967837704106878	0.9969136645453801	0.9968262064666044	0.9963615690733372
Pseudomonas_syringae_pv_syringae_UMAF0271_17740_NZ_JAJPOF010000013	0.7777743497979206	0.792152923449641	0.7985147489570698	0.3861645549820115	0.8291291459253873	0.8247329745677057	0.4329655877840286	0.7897442136318015	0.7907139169779236	0.7598437403112792	0.7628535903015232	0.7977256094128244	0.4235082172138681	0.6460877210120153	0.7725864419382823	0.9791991679667187	0.9758522014157337	0.785894516585636	0.7633141613555107	0.38686585745409274	0.9680753330271015	0.690836929473651	0.7844853071601726	0.3753627735508668	0.7920879379261698	0.8009996349647601	0.8055764673079604	0.7920240740219928	0.7850304363979309	0.7836166924265843	0.3493158560423134	0.7874554916461244	0.8075320826460145	0.781963717279105	0.6471009305654976	0.8055764673079604	0.7901334290671932	0.7616985444484542	0.8011062590975255	0.7999551971326164	0.7996173093906388	0.7832369942196532	0.42083011653983304	0.9753864043800572	0.7806653131344682	0.6910121202581457	0.3733851651156398	0.7933123547922243	0.961484170195604	0.766779829943626	0.7639490250268693	0.36631058673469385	0.8167202572347267	0.7889724310776942	0.7752269579935375	0.762039319425239	0.9809705284552845	0.3658622719246616	0.7937592428275658	0.7835859905906952	0.7741816050106445	0.7870606684911288	0.796182228456425	0.7883481283754423	0.8498466948262184	0.7771324415335661	0.7756076522596347	0.776451672747511	0.7880668551063046	0.7782561222898143	0.9184603565243434	0.45185967724308773	0.8354242546877108	0.8248116408811181	0.7848669066871274	0.8166599551285739	0.7739434344620988	0.43161271507728205	0.9753810366134387	0.9753864043800572	0.9723025528520144	0.34265536723163836	0.7775714919086677	0.7670091043307087	0.977956803242228	0.5022785883350408	0.9415026554201812	0.8643500856969094	0.7773186266894516	0.9773102211595935	0.9763184329482673	0.9763884020231358	0.4587719613408544	0.8203056583519308	0.8226391740977242	0.7713262526399559	0.8361644749645528	0.782706065318818	0.8239398513371117	0.8179006099852563	0.7886323795941409	0.8207118834080718	0.8028735953485772	0.8251718815771012	0.736719464354187	0.8202916821867569	0.8255056564964004	0.8276035271793727	0.8206471672040534	0.8294498021071408	0.8183178430639082	0.8288988948014736	0.7838598009519688	0.273479502688172	0.0	0.3547583658056481	0.4264273101824603	0.25379127685932756	0.42994851571913684	0.4575557330622322	0.30636626705250103	0.36111001460545533	0.3235366352844863	0.4344762113411472	0.9437904420363297	0.9770772946859904	0.9963898916967509	0.9968753426159412	0.9961894695852919	0.9963193891284643	0.9968970771575011	0.9971104628763278	0.9961019232422826	0.9967532467532467	0.9968753426159412	0.9968753426159412	0.9968753426159412	0.9968970771575011	0.9959552045785983	0.9968753426159412	0.9968970771575011	0.9968970771575011	0.997086085363823	0.9968877968877969	0.9967453436534202	0.9955967031726318	0.9954828262166538	0.995975469528555	0.9961853010593337	0.9960843288028829	0.9964295915452728	0.9969016687503397	0.9968900043649062	0.9969077198502685	0.9969041088450153	0.99614862431077	0.9971751412429378	0.995975469528555	0.9964344941956882	0.9954903246966218	0.9969077198502685	0.9969077198502685	0.9967453436534202	0.996430238624818	0.9969052014333804	0.9969364098034886	0.9968970771575011	0.9968970771575011	0.9968877968877969	0.9968970771575011	0.9959552045785983	0.9965050860942206	0.9967453436534202	0.9965050860942206	0.9969077198502685	0.9959552045785983	0.9968584385073486	0.9964560120212073	0.9961041915486549
Pseudomonas_syringae_pv_syringae_UMAF0297_17737_NZ_JAJPOD010000011	0.7817592592592593	0.8012182920369607	0.7968243584787844	0.3764705882352941	0.8212176861138579	0.8201205250268292	0.3573733958349343	0.7859570689285604	0.784263259490762	0.7626129342730292	0.7605413684243428	0.796011879507849	0.42000961289606975	0.6511605195481625	0.7719041692594897	0.9790480924568162	0.9780040221216691	0.7784786526629793	0.7619716989972823	0.38319768351854755	0.9712505744778634	0.6875911020977248	0.8061019319870618	0.34833753450966276	0.7852820786616835	0.7978134357873327	0.8051886264412851	0.7986360574764257	0.7824937498203971	0.7817695449577173	0.39863453215937916	0.7790865754267261	0.8000112924171419	0.7789352571677344	0.6521696701580899	0.8051886264412851	0.7892190739460954	0.7712326305701964	0.794093446958566	0.7991734143049932	0.7960888888888888	0.7860529556650246	0.38975400586775	0.9776360152327358	0.7742443821110025	0.6877691917912339	0.3462863552599952	0.7903908168397384	0.9629957059863602	0.7730919947751447	0.7683638373664169	0.3004868711247971	0.8154647575810489	0.7906090245560119	0.7824992324224747	0.7639457831325301	0.9812898292123375	0.38473514186743474	0.7889859045802664	0.7837062181762073	0.770079229454715	0.7823460156153179	0.7925032234297292	0.7867103416003743	0.8510834782982196	0.774380011187768	0.7850151873101586	0.77224177124529	0.782610042437196	0.7725556813892035	0.9176000626615493	0.4796281006569264	0.8312958435207825	0.8167315627360958	0.8064403525613055	0.8075222526034092	0.7923536925220622	0.3989022067883947	0.9776311320296958	0.9776360152327358	0.9742552500811547	0.23306420275463058	0.7785432524029112	0.7675265366576154	0.9771926341390778	0.4494476861536203	0.944920440636475	0.8613707165109035	0.7758141568051956	0.9791661677722168	0.9777005939796637	0.9777666248431619	0.4774386552227643	0.8147589074648971	0.8173027845516929	0.7758393780797601	0.8284374297910582	0.7811884592541652	0.8265320671856732	0.817614625652931	0.7912885662431942	0.8147771276746092	0.8024746780393367	0.8199021299465392	0.7391741005494181	0.8080185938407902	0.8173498845265589	0.8242677824267782	0.8205091161258632	0.826096712666891	0.8085713453867878	0.8277052954719877	0.7775352376200574	0.33495934959349594	0.3547583658056481	0.0	0.3698137738518603	0.2725306416726748	0.336800434681363	0.4711469016322404	0.26162493612672455	0.3815913002659991	0.3535320934360754	0.3982456797990779	0.9466552226383687	0.9789519523878647	0.9953824588406673	0.9958957690612604	0.9957533595954516	0.9963046715570019	0.9950955804492002	0.9970711759504863	0.9958833520453695	0.9957692733104745	0.9958957690612604	0.9958957690612604	0.9958957690612604	0.9950955804492002	0.995966739412691	0.9958957690612604	0.9950955804492002	0.9950955804492002	0.9963472102166578	0.9959122085048011	0.9966497322531923	0.9950659293917482	0.9951201415444324	0.9957385973111924	0.9951733458366661	0.9958392704474209	0.9963283804715737	0.9959305183809471	0.9959151222721789	0.995938505151829	0.9959337390497502	0.9954623907354825	0.9970810155862753	0.9957385973111924	0.9963365896980462	0.9948104011642275	0.995938505151829	0.995938505151829	0.9966497322531923	0.9960561515761605	0.9959351811436055	0.9956438500596543	0.9950955804492002	0.9950955804492002	0.9959122085048011	0.9950955804492002	0.995966739412691	0.9957743261763362	0.9966497322531923	0.9957743261763362	0.995938505151829	0.995966739412691	0.9965432098765432	0.9963556643794664	0.99560050279968
Pseudomonas_syringae_pv_syringae_UMAF1003_17741_NZ_JAJPOJ010000013	0.8049662836801436	0.8184897279289284	0.8142176107683678	0.36742064246341	0.8153871266118939	0.8075496865412832	0.1430654501520643	0.8072597578163201	0.8039944665398582	0.7812966049653478	0.7784224787935909	0.807927811795037	0.3252518418282965	0.6654737296763644	0.7969933574175504	0.9812633578722394	0.9778857954135284	0.792472771041893	0.7842332169985629	0.3759975907242885	0.9718756866287445	0.7037803159756573	0.8093820427923542	0.38087903831705483	0.8017816124152614	0.8086660044564955	0.81709229093035	0.8129588254069582	0.8000923235669481	0.7956596417568635	0.3144729902810216	0.8071309544331438	0.8082537975534346	0.7981747981747982	0.666420027130349	0.81709229093035	0.8054287091925008	0.7845128350588569	0.8233259204348901	0.8101637855024447	0.8139963682078503	0.8027167445505471	0.18329466357308588	0.9781547757378573	0.7988139493715702	0.7032406991036364	0.3807573822225562	0.8089633823242324	0.9667437825332562	0.7869319851860561	0.7849421856434926	0.3880450389178569	0.8244920525224603	0.8066551281335492	0.7978260869565217	0.778835194894005	0.9828136030575233	0.3769668814626105	0.8097053628998346	0.8030478955007256	0.7923702861142707	0.8057386809165625	0.8138006571741512	0.8037199189022419	0.8640367989814568	0.7960255624617001	0.7978930260904896	0.7961709082418865	0.8059814169570267	0.796942202321334	0.9130406896197856	0.3180779774596406	0.8244901169192052	0.8322582416074222	0.8096005333629646	0.8187386194338686	0.8017550637452397	0.33096856097378835	0.9781502057134888	0.9781547757378573	0.9757908559150054	0.4067613403406761	0.7980102897942041	0.7907050818010714	0.9793662840337729	0.3275018025881371	0.945972861944479	0.8668539474730342	0.7892702216189099	0.9797089473442593	0.9772009736582075	0.9772656268775084	0.42631690439203507	0.8088630505128065	0.8120838336426155	0.7953216374269005	0.8229791835631252	0.8009166764602186	0.8373647186147186	0.8267041539182447	0.807467550710794	0.8288498086137209	0.816719402270733	0.8156942744458044	0.7605135631927812	0.8271473148300214	0.8329378392384693	0.8166305525460456	0.8304443225452551	0.8181793581209071	0.8240294934932731	0.8184997747807424	0.7977198792532458	0.42148180946055647	0.4264273101824603	0.3698137738518603	0.0	0.4142133114705224	0.22640835285243555	0.33422611188652906	0.40579439252336447	0.35457696849643827	0.4186943620178042	0.2950901228426007	0.9475778374614543	0.9789410209430155	0.9961280870657179	0.9965392480729904	0.9963858623438746	0.9969028058479226	0.9956520586441846	0.9975543049492452	0.9968841391751169	0.9964212409873164	0.9965392480729904	0.9965392480729904	0.9965392480729904	0.9956520586441846	0.9969250177402823	0.9965392480729904	0.9956520586441846	0.9956520586441846	0.9967367080547597	0.9965524446301713	0.9970978115930661	0.9963636363636363	0.996096503117376	0.9967035554509065	0.9959315449629902	0.9967783854025665	0.9969481457260416	0.9965671486528659	0.996554784152007	0.9965735645312014	0.9965697357137289	0.9961068884239519	0.9975095684999737	0.9967035554509065	0.9967513602028419	0.9959240195438037	0.9965735645312014	0.9965735645312014	0.9970978115930661	0.9965346144758604	0.9965708941653245	0.9963040206974841	0.9956520586441846	0.9956520586441846	0.9965524446301713	0.9956520586441846	0.9969250177402823	0.9963372944815236	0.9970978115930661	0.9963372944815236	0.9965735645312014	0.9969250177402823	0.997126962154256	0.996969696969697	0.9962541733394858
Pseudomonas_syringae_pv_syringae_UMAF1013_17734_NZ_JAJPOC010000013	0.7838663867621635	0.8007963427223124	0.8036967919665867	0.36808206106870234	0.8245505094696435	0.8223640766013647	0.422089927525514	0.7921550671550671	0.7923515598792352	0.7624988333385185	0.7672948138919171	0.8004573558058778	0.43066848165998306	0.6540939859411612	0.7818356113550622	0.9789311152064551	0.9760522862622388	0.7839253611059451	0.7662965504335351	0.36416643528618464	0.9700865645648722	0.6978201978201979	0.7896465991830937	0.3504684122027384	0.7910739108574133	0.8016419342097839	0.8081053868098674	0.8011951855904385	0.7875573394495413	0.784817039868924	0.36581737737432296	0.7831321600786265	0.8050133783974088	0.7809437894671354	0.6545756205471875	0.8081053868098674	0.7994985224321662	0.7734215885947047	0.798997185080929	0.8039892274027941	0.8010997457577012	0.7890136944145253	0.42700434366487516	0.9759511233356863	0.783412738214644	0.6979914368467448	0.3491465662312685	0.7976783241507321	0.9617927994121969	0.7752892870474057	0.768641565153193	0.27055579126007634	0.8145954305389396	0.7915212117626176	0.7826140453412901	0.759832864020347	0.9809662502235508	0.38166119706204094	0.7949731126890283	0.7871986187334279	0.7772516248839368	0.79131613817756	0.8006416131989	0.7939220682369026	0.8539400570680741	0.781122259383129	0.7839010431090188	0.7794975186104218	0.7923209557238746	0.7795781489955182	0.9176857949200377	0.4687409446537235	0.8316691606584138	0.8195469067673541	0.7900195000886368	0.80861285814116	0.7727433942188331	0.39371763116415226	0.975945853824804	0.9759511233356863	0.9730487927061416	0.28298793560048763	0.783649715948455	0.7678803239166718	0.977656824734069	0.49085704061549473	0.9429602133110263	0.8670068215850479	0.7840206345753442	0.977729194695368	0.9769085173501577	0.9769770777243791	0.45747334176757637	0.8156649178832117	0.8194475952813067	0.7821776137160987	0.8321694012060019	0.7872280745496478	0.8260111476347006	0.8209729792415632	0.7962594626688437	0.8172158480755101	0.8080743082561621	0.8204401892190465	0.7435564730168092	0.8104229607250755	0.81994227994228	0.8252375330297408	0.820889043236673	0.8263752317806372	0.8092475438033877	0.827368363226852	0.7844782054866872	0.22822224148392134	0.25379127685932756	0.2725306416726748	0.4142133114705224	0.0	0.4136473206007788	0.4667658370219868	0.22658426183844016	0.3647487427236368	0.28967920725562646	0.40684297026744365	0.9445387367156697	0.9774994538702396	0.9957321438405199	0.996247137062281	0.9958565469358045	0.9966571815343813	0.9954495966053433	0.997314730227279	0.9967135608856088	0.9961217762264882	0.996247137062281	0.996247137062281	0.996247137062281	0.9954495966053433	0.9963192561022859	0.996247137062281	0.9954495966053433	0.9954495966053433	0.9965916075319886	0.9962621959598735	0.9966425406610342	0.995797006787266	0.9958272599959987	0.9963378032326459	0.9955238726790451	0.9964605811497402	0.9966951173951778	0.9962789679608197	0.9962648650133201	0.99628628382622	0.9962819180928427	0.9958167164012606	0.9970747323104096	0.9963378032326459	0.9965798181464283	0.9955179145929002	0.99628628382622	0.99628628382622	0.9966425406610342	0.996297319701575	0.9962832390478533	0.9959973315543695	0.9954495966053433	0.9954495966053433	0.9962621959598735	0.9954495966053433	0.9963192561022859	0.9960234587326563	0.9966425406610342	0.9960234587326563	0.99628628382622	0.9963192561022859	0.9965357967667436	0.9967197216041987	0.9958494346643767
Pseudomonas_syringae_pv_syringae_UMAF2016_17739_NZ_JAJPOG010000015	0.7941501103752759	0.8138135640215161	0.8101995689534526	0.3778746430181873	0.8159560653608917	0.8105803855115441	0.2603207891568604	0.8006041426927503	0.7968740988522983	0.7850432059386417	0.7705507724967566	0.8027749449841661	0.27650975713021053	0.6627606569477764	0.7875646155194066	0.9795058689890193	0.9782239345282251	0.7897278314310798	0.7737370170947715	0.39056526741639763	0.9716784066067525	0.6979928100659077	0.8098663641645685	0.3563868128532949	0.7958720734849334	0.8035786141588648	0.812081784386617	0.8055341021065807	0.7871538587579878	0.7870997705168834	0.2930190183350415	0.7988950594193307	0.8058861370215503	0.7893502915921813	0.6636237897648686	0.812081784386617	0.7962015239394973	0.7875077408095479	0.8123121881289113	0.8050356446746589	0.8083989501312336	0.7956149266734427	0.2711890537675853	0.9781492785793563	0.7909504400732471	0.698155578178334	0.3544515344879976	0.8007039892725444	0.9646383356955822	0.7867251461988304	0.7812346392944918	0.39080675422138833	0.8248570486034748	0.7984173144678709	0.7931812919657328	0.7839844191035339	0.9824382917908098	0.3844098987125737	0.8019760294158924	0.7936332421579468	0.7820299014014453	0.7989484080873809	0.8041675096095489	0.795964587193741	0.8566870458428539	0.7856912853839173	0.7939762525340284	0.7886373594274865	0.7991925880747002	0.7890887643762902	0.9140665942353167	0.35298263837364596	0.8232099023345694	0.8301510012036328	0.8101814766732038	0.8203968645507866	0.7967302602558447	0.3313646831587549	0.9781447304516756	0.9781492785793563	0.9755297918844436	0.3658007834784923	0.7935184456855188	0.7847053375014472	0.9778833203374211	0.33951866846603684	0.9481463173504696	0.8684411447226391	0.7920644216691068	0.9793461125454088	0.9776169478527608	0.977680065000239	0.42289818335445717	0.8127107581855759	0.8149241603466956	0.7854687274303047	0.825869979340506	0.7924489435583544	0.8346104036261601	0.8289819376026273	0.8046279695203944	0.8253018484880863	0.8102205315102019	0.8175087814104296	0.7530874522594854	0.8275580477447805	0.8309686888454012	0.8201139233704122	0.8313794983642312	0.8197461819746182	0.8245239658568615	0.8176349533006174	0.792670432924509	0.4376952699266148	0.42994851571913684	0.336800434681363	0.22640835285243555	0.4136473206007788	0.0	0.34015259181688984	0.4098226871429631	0.38592512732815343	0.41459805408604933	0.30613248590776676	0.9494777390917846	0.9785780240073869	0.9957848723753024	0.9961407077107617	0.9959827681898671	0.996501853495536	0.9953068972790551	0.9973064149167081	0.9965213610175019	0.9960218796618597	0.9961407077107617	0.9961407077107617	0.9961407077107617	0.9953068972790551	0.9966283324621014	0.9961407077107617	0.9953068972790551	0.9953068972790551	0.9964912280701754	0.9961553448499805	0.9968017057569296	0.9960089998392886	0.9957952615832457	0.9964094291512723	0.995588273683661	0.9965817026888811	0.9965861059932806	0.9961716547246436	0.9961579398250305	0.9961787715266841	0.9961745244003308	0.9957595870206489	0.9972104179158954	0.9964094291512723	0.9965596029098931	0.9955823501896991	0.9961787715266841	0.9961787715266841	0.9968017057569296	0.9962928153717627	0.9961758094106096	0.995956731779038	0.9953068972790551	0.9953068972790551	0.9961553448499805	0.9953068972790551	0.9966283324621014	0.9960885867659356	0.9968017057569296	0.9960885867659356	0.9961787715266841	0.9966283324621014	0.9968310042080109	0.996610078291049	0.9960600172711571
Pseudomonas_syringae_pv_syringae_UMAF2600_17732_NZ_JAJPOA010000013	0.7975715626466447	0.8084914437145838	0.8125388835473106	0.4348256880733945	0.8228730063687333	0.8127640233142612	0.3606205338961087	0.7993468054705042	0.7967937861356071	0.775390625	0.7721824686940966	0.8056879739978331	0.32756470810504434	0.6523839397741531	0.7880454061724016	0.9820809939075379	0.9790148856347574	0.7896624284994517	0.7739783152627189	0.41779911373707534	0.9718493386438511	0.686084934524538	0.830930897887324	0.4057576998994451	0.8059030217849613	0.8069178304644364	0.8163177900315863	0.8082578425311148	0.7904048058640359	0.7874098433138973	0.3921724661795558	0.8023995584347674	0.80620848583435	0.792147806004619	0.6533554838103	0.8163177900315863	0.7974985623921794	0.7846821634587926	0.8132493169018011	0.8089815039172926	0.8065730623336919	0.7968979495916808	0.2670705491498925	0.98005698005698	0.7923451552182617	0.6855342063394934	0.4056389437222988	0.8026029756359222	0.9669327251995439	0.7833432304038005	0.7809562849530056	0.449194729136164	0.8281813641156557	0.7986643651489855	0.7897551944044435	0.7743607463718037	0.982265502354788	0.4154084112837888	0.8044741841277042	0.7981505944517834	0.7854652880354505	0.8010102196640432	0.8046340179041601	0.7967670874017623	0.8569529270015372	0.7883045433033602	0.7917327692578883	0.7895965715974582	0.8012566428844065	0.7897014925373134	0.9158385332408905	0.26176517192204085	0.8288816446711184	0.8356300297651857	0.8311131863000907	0.8280461924317173	0.8211562115621156	0.429384925547342	0.9800527877046692	0.98005698005698	0.9773900103209082	0.44837165101063636	0.7938229056203605	0.7793901218578914	0.9800496372661321	0.2772705808279553	0.9513083389458455	0.8706048194052876	0.7871371147833854	0.9804428640698238	0.9784020943423668	0.978463695252828	0.4628015969449748	0.8153660277884562	0.8177517705285609	0.7839634521334231	0.8279488291413704	0.7927417913116024	0.837930565010211	0.8256799177709253	0.8044754530758105	0.8348793565683647	0.814798927613941	0.82147918029213	0.7810251178692548	0.832862510627794	0.8356213179887656	0.8236697297443821	0.8314569536423841	0.8268653487302918	0.8276995305164319	0.8224833195991388	0.7891247472945654	0.47498205312275665	0.4575557330622322	0.4711469016322404	0.33422611188652906	0.4667658370219868	0.34015259181688984	0.0	0.4522530424295582	0.41469273123683525	0.4778169267275473	0.3433031369319458	0.952753550959382	0.9796780214652356	0.9958862929170402	0.9960614311014776	0.9960078235940305	0.9968787197460653	0.9954300069485275	0.9974555381801797	0.9963611302549965	0.9963134862750298	0.9960614311014776	0.9960614311014776	0.9960614311014776	0.9954300069485275	0.9964226091104221	0.9960614311014776	0.9954300069485275	0.9954300069485275	0.9965500641848524	0.9962087304512663	0.9964671763775376	0.9962255953512369	0.9958730766077236	0.9964398734177216	0.9956873743253254	0.9963690963690963	0.9968132743605945	0.9962250301473287	0.9962113239318038	0.9962321419226543	0.9962278978388998	0.9957814919634752	0.9968806999920696	0.9964398734177216	0.9965389632863875	0.9956809143820284	0.9962321419226543	0.9962321419226543	0.9964671763775376	0.9965342081591618	0.9962291819419713	0.9960079840319361	0.9954300069485275	0.9954300069485275	0.9962087304512663	0.9954300069485275	0.9964226091104221	0.9962254861737917	0.9964671763775376	0.9962254861737917	0.9962321419226543	0.9964226091104221	0.9967086207804519	0.9968359609404833	0.9961416374781086
Pseudomonas_syringae_pv_syringae_UMAF2801_17738_NZ_JAJPOH010000009	0.7706653382732962	0.7918112010436124	0.7879386752904539	0.3438141632110794	0.8074461397794159	0.8086217432364868	0.4105184909868054	0.7776681973680155	0.777692236627352	0.7551440971680144	0.7521077136026173	0.7936710295200862	0.4117996730569178	0.6414172867022846	0.7614491844416562	0.9793089743908194	0.9778062635097773	0.7692861390166807	0.7515508391850616	0.346283107945907	0.9716545477739508	0.6741231438812084	0.7923566503624256	0.32973344658819725	0.7794363007984746	0.7907908192250881	0.794370888970443	0.7918006884487332	0.7754052414111936	0.7755202312138728	0.4068494675522244	0.7806810156897663	0.7934508101359212	0.7668037547483754	0.6419069462647444	0.794370888970443	0.7886528232713286	0.7529622652974418	0.7915157938120051	0.7968516797612007	0.7848002870126765	0.7788166816310103	0.41633075699863176	0.9771971957402421	0.7724490439830882	0.674310752894518	0.3296658846371653	0.7858097075849785	0.964760152252275	0.7643172495851207	0.7575175745563779	0.3042792512347985	0.8030396566422671	0.784051084051084	0.77230664479589	0.7536509093117163	0.9808810033649434	0.365615526947758	0.7827284704755061	0.7781083426304698	0.76078860898138	0.7770623366927958	0.7858487363841146	0.7782697440728529	0.8434055245752821	0.7651183172655566	0.7749636639144015	0.7683155330710136	0.7780885780885781	0.7685900873899738	0.9136591692102126	0.510197622898938	0.8255874246104303	0.8123906705539359	0.7927231013589034	0.7999590319843151	0.785920588149488	0.3857820261929851	0.977192216237201	0.9771971957402421	0.9748016566039619	0.31952711300849723	0.779713683275996	0.7662951184117084	0.9767436088359395	0.48626481859532256	0.9432348569789575	0.8548657718120806	0.7663248616004026	0.9790998324156093	0.9773482331621867	0.9774153074027604	0.48202179391616085	0.8059603028912345	0.8085610668494246	0.7655878814056088	0.8207584491918164	0.7734662431998993	0.8144350681143976	0.802720089298828	0.7855606024384413	0.8080136402387041	0.7979672851150088	0.810997150997151	0.7310012779742622	0.804172372599866	0.8143101003963776	0.8152579769178547	0.8086416151242852	0.8176452314383349	0.8036705827342334	0.8207276736493936	0.7661716586961993	0.21642798067296387	0.30636626705250103	0.26162493612672455	0.40579439252336447	0.22658426183844016	0.4098226871429631	0.4522530424295582	0.0	0.32529437947638895	0.32608963057115914	0.3476748231473965	0.9450014322543684	0.9788849921393156	0.9955774090759257	0.9960908465244322	0.9956989247311828	0.9967209500978204	0.9952933968307015	0.9971554033527577	0.99614499424626	0.9959651789415503	0.9960908465244322	0.9960908465244322	0.9960908465244322	0.9952933968307015	0.9958019167564283	0.9960908465244322	0.9952933968307015	0.9952933968307015	0.9966562639322336	0.9961064955718242	0.996651019791924	0.9952672447996372	0.9952080778116889	0.9958230283044792	0.9955905859008984	0.9958695342543797	0.996531261646074	0.9961239252081343	0.9961092692550073	0.9961315280464217	0.9961269910538948	0.995659794674902	0.9970821404976877	0.9958230283044792	0.9963658556884069	0.9950054884742042	0.9961315280464217	0.9961315280464217	0.996651019791924	0.9960853503887082	0.9961283638247403	0.9960632104241752	0.9952933968307015	0.9952933968307015	0.9961064955718242	0.9952933968307015	0.9958019167564283	0.9958619902400045	0.996651019791924	0.9958619902400045	0.9961315280464217	0.9958019167564283	0.9963793954687585	0.9965570225358525	0.9956309432022616
Pseudomonas_syringae_pv_syringae_UMAF2815_17736_NZ_JAJPNZ010000006	0.7907327976801788	0.8075990299110751	0.7994674313805817	0.29987765089722673	0.8130245614035088	0.8086279241971314	0.36149044826933985	0.7913310087772033	0.797555728201757	0.7662016545071584	0.7722998962085598	0.7992427406108188	0.3887090171560418	0.6501462411210748	0.7779236240422479	0.9799123000416452	0.9791965922036753	0.7827334615502031	0.7715909785465436	0.28119998358435594	0.9710104775337498	0.6946111508442427	0.8049489282117681	0.30402885862516216	0.7889148191365227	0.7982385239276457	0.8052808926697232	0.8008405452484308	0.7924109026469016	0.7896666478650798	0.3828188917813313	0.7985377499253954	0.7967872607906132	0.7891040646946159	0.6511433710174717	0.8052808926697232	0.7978050431047166	0.7738702355334139	0.8090466647580876	0.8034618149643311	0.8044172277687486	0.7964367400987119	0.39156715864421865	0.9794757842926433	0.7909478135629577	0.6940514319475108	0.30189521529158714	0.8005266813288575	0.9670646049986349	0.773735825927061	0.7696263802752987	0.37318769400023577	0.8117369269753513	0.7952611864455994	0.7870736194468739	0.7639280938939237	0.9818104163002789	0.28597041685342894	0.800168904161449	0.7943119100039208	0.7767215112736137	0.7943017874965974	0.8027129223936138	0.7981296454246375	0.8576620742118164	0.7805316748978721	0.7885195463320464	0.7876674953010367	0.7945570003023888	0.7882378153318639	0.9131165043487318	0.4805268375584195	0.828760312810728	0.8220725861675416	0.805182121107664	0.8090898670334709	0.7943842392702942	0.36585916340656033	0.9794713698499188	0.9794757842926433	0.9763514344010423	0.3684521000471921	0.7860044162145954	0.771347104680438	0.9771814709626873	0.49833397636000143	0.9478496964729387	0.8592594628769346	0.7793124616329037	0.9799253696093713	0.9778345909451946	0.9778993218828886	0.4649324875075309	0.8097415058132972	0.8114157176999859	0.7879512311737987	0.8180369573117889	0.7943059196488447	0.8247541768799481	0.8200411334552102	0.7965230094959825	0.8195505430706409	0.8099182651292072	0.8160333772015793	0.7446079712038085	0.8170596433345658	0.8192647769595998	0.8165667270952448	0.823181482113405	0.8135996195910604	0.814646551231499	0.8175244228565192	0.7870607613469985	0.3698570979899497	0.36111001460545533	0.3815913002659991	0.35457696849643827	0.3647487427236368	0.38592512732815343	0.41469273123683525	0.32529437947638895	0.0	0.37244797608276625	0.3257405831850878	0.9499552486894259	0.9797218312379226	0.9960234804014392	0.9965572392854238	0.9961504619445667	0.9971509198458783	0.9954744925946243	0.9976069398743643	0.9968583720140383	0.9962713986337534	0.9965572392854238	0.9965572392854238	0.9965572392854238	0.9954744925946243	0.9966016909985591	0.9965572392854238	0.9954744925946243	0.9954744925946243	0.9969819189508052	0.9965708113946267	0.9970533372982617	0.996208107957397	0.9959305099492015	0.9965642246510118	0.9961468537161153	0.9966366770369125	0.9969813237036619	0.9964240582905386	0.9965732171285179	0.9964309673956796	0.9964268443393692	0.9959452054794521	0.9974789915966387	0.9965642246510118	0.9966122995382892	0.995758361700978	0.9964309673956796	0.9964309673956796	0.9970533372982617	0.9965524729898474	0.9964280918490668	0.9965332750996342	0.9954744925946243	0.9954744925946243	0.9965708113946267	0.9954744925946243	0.9966016909985591	0.9962360607848094	0.9970533372982617	0.9962360607848094	0.9964309673956796	0.9966016909985591	0.9967584213511981	0.997003388691293	0.9960935304367377
Pseudomonas_syringae_pv_syringae_UMAF3028_17702_NZ_JACTWB010000009	0.767539888219315	0.7904753421810516	0.7937459011506588	0.3805867296711951	0.8253378378378379	0.8249753370601776	0.4101744077944294	0.7848846118483558	0.7859809080895851	0.7634648796227352	0.7665246197393387	0.804538305998652	0.40099528548978525	0.6548936860899205	0.7686932651215024	0.9792008349485612	0.9774390703991549	0.7815521943962311	0.7607404164842724	0.3830320106441262	0.9712513084995021	0.6995918367346938	0.7895654229076191	0.3636832091327097	0.7893103142460165	0.8049088713527479	0.8053946668905118	0.8036108549230039	0.7775822273514137	0.782021050209927	0.34180638182801515	0.784811288989562	0.8031928372328744	0.779738968303294	0.6558100304937391	0.8053946668905118	0.7960982313575526	0.7675857511863999	0.805958858273444	0.8082921793476745	0.7954168148938693	0.7861342856263276	0.4552572706935123	0.9774381368267832	0.7783327051137078	0.6990266875981161	0.36167004008413695	0.7905043632598728	0.9657656749880343	0.772679193628671	0.7685600245624808	0.348750707528099	0.806719240127818	0.7861676256005694	0.7787564288134028	0.7704338446788112	0.9818871962093035	0.3656769315586359	0.7889561045385464	0.7832247707838114	0.7741995417105345	0.7850253493260789	0.7929542455580446	0.7845177823613976	0.850271861769573	0.778070392861569	0.779968575741705	0.7754518914218275	0.7854383633610433	0.7756824599937245	0.9198009353951979	0.4605263157894737	0.8352871104854211	0.8231996301005664	0.7896879240162822	0.8165810288089602	0.776771537783005	0.4134971141038922	0.9774332095799665	0.9774381368267832	0.9746143477609704	0.34599684759325866	0.7906433070216452	0.7779035613755967	0.9788404360753221	0.5049361310640105	0.9433809722511997	0.8597888755814278	0.7748265733391663	0.9787753928708317	0.9780355255874805	0.9781005418422637	0.47316167279740007	0.8219775242732188	0.8244743813764726	0.766483685931043	0.8318539467420827	0.7782930191753352	0.8135451505016722	0.808038848584133	0.7884833303512853	0.8209475608041614	0.8075321990333305	0.8268425048505469	0.7407811670305033	0.8218521177315147	0.8221493876142832	0.8300220750551877	0.809298798273247	0.8295813641321066	0.8172885176728997	0.8295065816480118	0.7834977968100292	0.3396432914471017	0.3235366352844863	0.3535320934360754	0.4186943620178042	0.28967920725562646	0.41459805408604933	0.4778169267275473	0.32608963057115914	0.37244797608276625	0.0	0.38433908045977017	0.9454223518383502	0.9785570802778383	0.9960172494300547	0.9966144614791775	0.9961461126005362	0.9971620653551552	0.9956834131669823	0.9976805191219108	0.9970960322024152	0.9964353809168532	0.9966144614791775	0.9966144614791775	0.9966144614791775	0.9956834131669823	0.9966043673908842	0.9966144614791775	0.9956834131669823	0.9956834131669823	0.9970464487726044	0.9966280121720537	0.9970629409019791	0.9964888435836448	0.9961515436585991	0.9967316671244164	0.9961978233916517	0.9969827218126441	0.9969901966404862	0.9966431047187577	0.9966304139385804	0.9966496881213739	0.9966457594764112	0.9961611216201179	0.997495183044316	0.9967316671244164	0.996893462402574	0.995968405463222	0.9966496881213739	0.9966496881213739	0.9970629409019791	0.9966097023153252	0.99664694817763	0.996590531101009	0.9956834131669823	0.9956834131669823	0.9966280121720537	0.9956834131669823	0.9966043673908842	0.9962902719516024	0.9970629409019791	0.9962902719516024	0.9966496881213739	0.9966043673908842	0.996928561634444	0.9970125473013344	0.9963747430920301
Pseudomonas_syringae_pv_syringae_UMAF7000_17735_NZ_JAJPNY010000012	0.7917153199439514	0.8100259435936061	0.8064543380924221	0.3157647611221974	0.8058063809992886	0.8000428575255136	0.2663484301626111	0.7953689213470121	0.7967719541825755	0.7802207428170989	0.7744598060313062	0.7986876215165263	0.29571390404946374	0.6586950468706494	0.7835478751542938	0.9800749561174629	0.9779383522181678	0.7873948591259338	0.771093957945169	0.3368336025848142	0.972794081861099	0.693054675955246	0.813231509919482	0.295387286430178	0.7964798023748701	0.7994007126660188	0.810890772429234	0.8060064068339562	0.7884557516071673	0.7881367530725645	0.3483849581967515	0.7985218972834089	0.7995568525724168	0.7867621067515023	0.6596487973783467	0.810890772429234	0.7989416484110501	0.7863863694159532	0.8108459749750858	0.8017880154639175	0.8075327878040579	0.7979592430012501	0.3073488231287369	0.9789861452203327	0.7943635343121326	0.6932212074630015	0.293299620733249	0.8047690847154744	0.9672698435585033	0.7840935810016458	0.7792784942488672	0.40806373552734443	0.8171120916937252	0.7991984754217814	0.7919100339987796	0.77009190597532	0.9828549225314488	0.32435457106471655	0.7981700601508006	0.7937313955524427	0.7804125528913963	0.797836040712765	0.8058184976118107	0.7984101280730164	0.8550916265520732	0.784088904568707	0.793584379358438	0.7923299354499518	0.7982215743440233	0.792496239270861	0.9101910255257377	0.41565273403950753	0.8166833429880457	0.824831197464517	0.8135410624015911	0.8138146438541696	0.7993213231439843	0.3196804320918195	0.9789817625657544	0.9789861452203327	0.9761893423496357	0.38629001883239167	0.7950636733622161	0.7887853712169435	0.9774305967141604	0.4107721090882924	0.947804309553919	0.8628137769994162	0.7817470896649782	0.9791003047872219	0.9767385918067883	0.9768044328240063	0.4227659499346821	0.8031944138992743	0.8064833812064013	0.785612886403801	0.8132122168130762	0.7948211865904672	0.8298739404477288	0.8209854367590571	0.7985767938327732	0.8231442219955987	0.8100688330398591	0.8111259432805732	0.7386816729349885	0.8197856553998351	0.8244339674359958	0.8115993160908622	0.8239874532247413	0.8114478114478114	0.8178908448761106	0.8087114144052887	0.7879270197777581	0.4192287841922878	0.4344762113411472	0.3982456797990779	0.2950901228426007	0.40684297026744365	0.30613248590776676	0.3433031369319458	0.3476748231473965	0.3257405831850878	0.38433908045977017	0.0	0.9496347653831868	0.9783273131425396	0.9960856971373399	0.9965482074213541	0.9963155383555108	0.9971996126567039	0.9955837630569879	0.9976395300041964	0.9963727602476341	0.9962724767029794	0.9965482074213541	0.9965482074213541	0.9965482074213541	0.9955837630569879	0.9962225544975211	0.9965482074213541	0.9955837630569879	0.9955837630569879	0.9969575914706739	0.9965613358689139	0.9970006781075583	0.9958337813138373	0.9952648952865415	0.9961881886063391	0.9962048839217944	0.9962449685279736	0.9971198782741006	0.9964197691010507	0.9965636633431391	0.9964264443120905	0.9964224607248405	0.9961170690474933	0.9974111555660156	0.9961881886063391	0.9965748010749855	0.99548950593143	0.9964264443120905	0.9964264443120905	0.9970006781075583	0.9965435978004713	0.9964236660015031	0.9965250355394093	0.9955837630569879	0.9955837630569879	0.9965613358689139	0.9955837630569879	0.9962225544975211	0.9963199480463254	0.9970006781075583	0.9963199480463254	0.9964264443120905	0.9962225544975211	0.996794621218044	0.9971401591798192	0.9959924180882751
Pseudomonas_syringae_pv_tagetis_ICMP_4091_14835_NZ_CP092923	0.9501340482573727	0.9498649210307565	0.9532586027111575	0.948443780274142	0.9450247108574922	0.941461716360381	0.9496869354319796	0.9487412475279278	0.9446410380140475	0.9479341261606407	0.9393988408141258	0.9518281490301136	0.9494316634060573	0.952655036291863	0.9501059009624923	0.9745956686872752	0.9729385708103154	0.9470842332613391	0.9493961739873891	0.9485667401671709	0.9758702835625912	0.9501455789957604	0.9398206090947017	0.9490816745331419	0.9477254485669161	0.9511631948754873	0.9488330563754062	0.9515961908521241	0.9471536574375407	0.947054698457223	0.9471759648169195	0.950351774864087	0.9509733237202596	0.9487262521588946	0.952815054365817	0.9488330563754062	0.9493391491709804	0.9469056301238783	0.9522241374874578	0.9518182492398211	0.9510938841341277	0.9477619969873037	0.947132416697634	0.9719635353957294	0.9493191721132898	0.9501684876952926	0.9483263168703152	0.9508184004344116	0.9724604055280944	0.9434741530570927	0.9486143034530131	0.9449983080407112	0.9388677262577171	0.9506265340395298	0.9486384650330029	0.9435538261997406	0.9793307593307593	0.9492614984311625	0.9494346897306309	0.9464083634208116	0.9483464988619628	0.9508946589533163	0.9525138914986713	0.9501768707482994	0.9600125144209147	0.9500053671103478	0.9486486486486486	0.9473060982830077	0.951205078545298	0.9481507649664394	0.9714353310338817	0.9526941185262686	0.945691080994347	0.9454317701401393	0.9399146100177028	0.944177717800327	0.9391876268530175	0.9499494314117269	0.9719573338576485	0.9719635353957294	0.9719322136480557	0.9471678548282566	0.9516136778407454	0.9459279748922815	0.9790834664536742	0.9534100267012702	0.3252239116850656	0.9582799117903482	0.9487283440092975	0.9752270250635671	0.9757318560683066	0.9758044084114518	0.9482305709754163	0.9433344419146051	0.9453276266177519	0.9498557857690985	0.9428075371495686	0.9461639058413251	0.9455188618348008	0.9454934279157104	0.9512499674826357	0.9464104900769542	0.9503022495292835	0.9412441512617934	0.9492126472411655	0.9427176650827036	0.9462443626561609	0.9428135334520478	0.9406657775685783	0.9406319332874302	0.9409049419741817	0.942306255137882	0.9456719169355058	0.9452502659643478	0.9437904420363297	0.9466552226383687	0.9475778374614543	0.9445387367156697	0.9494777390917846	0.952753550959382	0.9450014322543684	0.9499552486894259	0.9454223518383502	0.9496347653831868	0.0	0.9749694152189871	0.9960662640589506	0.9953858127640649	0.995149737747448	0.9957419570299455	0.9953633451357276	0.9962905115189379	0.9939759036144579	0.9953683035714286	0.9953858127640649	0.9953858127640649	0.9953858127640649	0.9953633451357276	0.9955959415765414	0.9953858127640649	0.9953633451357276	0.9953633451357276	0.9959481133402741	0.995571302037201	0.9959256076942266	0.9939859098459247	0.9948449154738934	0.9947819811818257	0.9954948691565394	0.994298384542287	0.9959175401007586	0.9954252328721821	0.995574486917077	0.9954342923153089	0.9954288861352059	0.9945474985947161	0.9959123519270341	0.9947819811818257	0.9953202936725887	0.9945986371946153	0.9954342923153089	0.9954342923153089	0.9959256076942266	0.9954631485192608	0.9954305219114733	0.9959150555384573	0.9953633451357276	0.9953633451357276	0.995571302037201	0.9953633451357276	0.9955959415765414	0.9958810991416557	0.9959256076942266	0.9958810991416557	0.9954342923153089	0.9955959415765414	0.9960133994075469	0.9959481594298687	0.9953004267097221
Pseudomonas_syringae_pv_tomato_BRIP38746_11422_NZ_SNVG01000020	0.9778127970383711	0.9739661974575032	0.9744707957663661	0.9801880456682337	0.9786815737735983	0.9782834460317094	0.9785978713558537	0.9768398484244116	0.9774945230033858	0.9789093249498725	0.9752858355384693	0.9751008323036393	0.9782346948226359	0.9806987481555524	0.976763402358715	0.9452143247404758	0.4586143695014663	0.9779803153560309	0.97780047837353	0.980888528345104	0.974009352695053	0.9784284248454912	0.974362078148453	0.9783821311436164	0.9795411827076004	0.9752850381216629	0.9799870436351857	0.980909782583635	0.9781441180591229	0.9787089996498191	0.976536338652687	0.9793089743908194	0.9755915433798479	0.9774161909312677	0.9806987481555524	0.9799870436351857	0.9763296174434023	0.9737790571103747	0.9729880188793416	0.9756839611686562	0.9749506085514281	0.9763283933900048	0.9796172756861569	0.8264291297199687	0.9788603873060935	0.9784376863446631	0.9783821311436164	0.9735123455291461	0.9679309506442986	0.9785169438539453	0.9787385879863179	0.9774102949009733	0.9779552793221491	0.9735137888379539	0.9778884462151395	0.975096618357488	0.9611935799864366	0.9808258886143318	0.9758284600389864	0.9760626285943694	0.9785128499140016	0.9795892781023545	0.979196430809334	0.9778240129909672	0.9804034475072442	0.9805253170877859	0.9776802414025287	0.9780698460383027	0.9798195036349963	0.9778429785511938	0.989524654217705	0.978804360512617	0.9787537364911474	0.9792530114641654	0.9743992650969395	0.9786521456280269	0.9737193870243949	0.9755414661236579	0.8263870167682105	0.8264291297199687	0.8254424778761063	0.9793545897448266	0.9803780539884471	0.9779195410825112	0.9221603845180876	0.9784908486635772	0.9756801016791729	0.974216061648815	0.978565498503107	0.11214031476478403	0.9561457996869331	0.956041233026068	0.9792596360609493	0.9791117757364286	0.980196848530734	0.9776970954356846	0.9815497283250649	0.9765844758115608	0.9805180800843498	0.9790177597945388	0.9745466969275447	0.9798926351478621	0.9787524908475833	0.9788735730188054	0.9800064793816818	0.9806079538627899	0.9781942735846781	0.979958974842619	0.9795252368980855	0.9771281250739138	0.9802636335156758	0.9787253723059847	0.9772503967954047	0.9780180006273677	0.9770772946859904	0.9789519523878647	0.9789410209430155	0.9774994538702396	0.9785780240073869	0.9796780214652356	0.9788849921393156	0.9797218312379226	0.9785570802778383	0.9783273131425396	0.9749694152189871	0.0	0.996456057760969	0.9963403961918905	0.9958585451122764	0.9961482268561562	0.9961137466162794	0.9963520170416722	0.9952357210126863	0.996540805194114	0.9963403961918905	0.9963403961918905	0.9963403961918905	0.9961137466162794	0.9953680287501664	0.9963403961918905	0.9961137466162794	0.9961137466162794	0.9964569465321023	0.9961423626707533	0.9958968657348581	0.9946776570773513	0.9950034317089911	0.994378149032087	0.9958854291099254	0.9951719975859988	0.9969675249489993	0.9963966333508679	0.9961450109576744	0.9964034442927648	0.9963993797471681	0.9957395498392283	0.9958841180063198	0.994378149032087	0.9964194100042754	0.994868810833686	0.9964034442927648	0.9964034442927648	0.9958968657348581	0.9958287946013443	0.9964006095318165	0.996797608881298	0.9961137466162794	0.9961137466162794	0.9961423626707533	0.9961137466162794	0.9953680287501664	0.9970927043335162	0.9958968657348581	0.9970927043335162	0.9964034442927648	0.9953680287501664	0.9957417546086911	0.9969891884494321	0.996292940110388
p1.G2	0.9965232259903106	0.9962577733751582	0.9965632881572019	0.99643382152774	0.9958185911868768	0.9955263089447811	0.9960092855838703	0.9960281434407626	0.9962023522743375	0.9958248702324531	0.9952309308201096	0.9964371790841454	0.9962694354586247	0.9964366699060576	0.9967233666695159	0.9970307818033234	0.9960278053624627	0.9958173379934682	0.996026565249475	0.9962895756032825	0.9957077956464785	0.99635361802123	0.9955402336589236	0.9957955840069441	0.9969109647084552	0.9969880306958958	0.9967370591766948	0.9964855647827559	0.9968675967359831	0.9968135253996261	0.996027109137649	0.995806296222833	0.9962997953078255	0.99584086280584	0.9965991902834008	0.9967370591766948	0.9968265456671214	0.9951358146144177	0.9962336244541484	0.9967647672719683	0.9960807043691866	0.9962040129006479	0.9961984116651478	0.9957859584956666	0.99506717349041	0.9963553899732729	0.9957955840069441	0.9961079895847609	0.9962354738392711	0.9958625806083433	0.9954322544486479	0.9956622007467604	0.995285749731205	0.9962772363954889	0.9959434925677976	0.9955208390233244	0.9944802726069447	0.9968484848484849	0.9966351325261329	0.9957722741166053	0.9959926104874236	0.9957585831375021	0.9957624692206379	0.995882983966832	0.9973323558759444	0.9959757977053485	0.9959372691630206	0.9951425795759757	0.9957585831375021	0.9953755888898523	0.9978212119667703	0.9964170925760051	0.9959850800393721	0.9953988152638105	0.9955475429539185	0.9957079198447196	0.9952915220491296	0.9962834940353977	0.9957849530777796	0.9957859584956666	0.9952243204890295	0.9955344912607529	0.996462055545728	0.9952696043925102	0.9965786901270772	0.9962748672426092	0.9966791199667911	0.9958934486817971	0.9964104184016311	0.9964954493147818	0.9964671137975767	0.9964785826295084	0.9965328467153285	0.996373015233336	0.9963821519496181	0.996123595505618	0.99554864314062	0.9962719995376124	0.9954799183117767	0.994986778316439	0.9965786496702812	0.995761582342592	0.9962118243331505	0.9953604376743188	0.9970505324702443	0.9957940734671583	0.9953198127925117	0.9954594017094017	0.9957701604043068	0.9955378613797895	0.9954792043399638	0.9953040619863818	0.9962945941287987	0.9963629402756509	0.9963898916967509	0.9953824588406673	0.9961280870657179	0.9957321438405199	0.9957848723753024	0.9958862929170402	0.9955774090759257	0.9960234804014392	0.9960172494300547	0.9960856971373399	0.9960662640589506	0.996456057760969	0.0	0.6254803176500725	0.6131827731092436	0.574223602484472	0.6351229560963049	0.6080288482426033	0.735818677235571	0.6159226318970727	0.6254803176500725	0.6254803176500725	0.6254803176500725	0.6351229560963049	0.6597326649958228	0.6254803176500725	0.6351229560963049	0.6351229560963049	0.5450669356317623	0.6273927252663299	0.6426979521466717	0.6686592655849701	0.6785348360655737	0.6281353626392314	0.2503262997607135	0.7096680134960636	0.5975904714096655	0.6189080093477799	0.62611427116054	0.6054794520547946	0.6095820155568852	0.5868928159133292	0.6396666948650707	0.6281353626392314	0.7061519120807819	0.3404811983789052	0.6054794520547946	0.6054794520547946	0.6406401347652138	0.6064770658111507	0.6049721388769824	0.5075233644859813	0.6351229560963049	0.6351229560963049	0.6273927252663299	0.6351229560963049	0.6589484243082839	0.5499788920681082	0.6400101120755035	0.5499788920681082	0.6054794520547946	0.6597326649958228	0.6203466530054644	0.6020118183048401	0.7490789846564916
p12.A11	0.9961979360224121	0.9962476547842402	0.9962191765588947	0.9966707599945422	0.9959424963052532	0.9960384685553442	0.9966025507003973	0.996159863461812	0.9959064161241721	0.9964378604545968	0.9957036362601719	0.9960588544403574	0.9967059684714125	0.9962642122360584	0.9965708407155512	0.9969954385294038	0.9957948320699386	0.9957767115810038	0.9963868104355743	0.9966883821932682	0.995555679785331	0.9961808282997915	0.9961616493940889	0.9963303251060128	0.996875171317362	0.9965850583166964	0.9964397905759163	0.996397995406139	0.9967271095626469	0.996381309596133	0.9961998958875585	0.9965359607030296	0.9963958749868462	0.9962910784623789	0.9962642122360584	0.9964397905759163	0.996677833612507	0.9960030661410425	0.9961411094994389	0.9963889470378899	0.9961811993247918	0.9965667200732433	0.9963720833115832	0.9958817121449637	0.9962214794361285	0.9961826894441888	0.9963303251060128	0.9962630176132773	0.9969935497977479	0.9966835348943591	0.9967446820452377	0.996562061662862	0.9958281530598149	0.9962121212121212	0.9961891761226289	0.9965804951443031	0.9947488777843652	0.9969214150688631	0.9958762315952618	0.9960479967925772	0.995666552628578	0.9962370378881452	0.9963845050215208	0.9961339457008314	0.9970814539665693	0.9956483151535973	0.9961833148195619	0.9962793360045793	0.9962370378881452	0.9965258678092701	0.9982785442860422	0.99656684096551	0.9955575184453912	0.9962737033867896	0.9961679531395412	0.9958340185276544	0.9956313035974327	0.9971363115693013	0.9958807271181035	0.9958817121449637	0.9952115142560062	0.9957707412187955	0.9965803738791226	0.9959652389819987	0.9968972837624517	0.9967435333986392	0.995778364116095	0.9962130567218244	0.9961401083074087	0.9963811821471653	0.9962630792227205	0.9962752455578855	0.9968647942521228	0.9960659624919164	0.9960759017362791	0.9960563380281691	0.9959148570199957	0.9962032287047503	0.9958790459036079	0.9955835265540466	0.9965138477713527	0.9960992813059393	0.9965963240299524	0.9963736972171484	0.9970692136595578	0.9961676384440612	0.9958583614471049	0.9964150034779817	0.9961457989208237	0.9963059132157294	0.9961564859299932	0.9961060004181476	0.9963997695852534	0.9970132076505727	0.9968753426159412	0.9958957690612604	0.9965392480729904	0.996247137062281	0.9961407077107617	0.9960614311014776	0.9960908465244322	0.9965572392854238	0.9966144614791775	0.9965482074213541	0.9953858127640649	0.9963403961918905	0.6254803176500725	0.0	0.6497969651634965	0.5162321122586023	0.6224800139033715	0.6530173322650024	0.7175748918112684	0.4495973610167847	0.0	0.0	0.0	0.6224800139033715	0.6425631232760449	0.0	0.6224800139033715	0.6224800139033715	0.5869400151860289	0.2521819266005313	0.6360939221836059	0.6583502395648984	0.6535759479862111	0.6249946574347138	0.6376571525654094	0.7320768662232077	0.6432367791655593	0.48314922299194907	0.3330061476468461	0.46214309389649133	0.46838551258440764	0.625065002600104	0.6385138004246285	0.6249946574347138	0.7050848837682693	0.6056636402939906	0.46214309389649133	0.46214309389649133	0.6305800246819013	0.5083554438393147	0.46137796955758925	0.5703573994252873	0.6224800139033715	0.6224800139033715	0.2521819266005313	0.6224800139033715	0.6410060327980287	0.639514348785872	0.6317445469620306	0.639514348785872	0.46214309389649133	0.6425631232760449	0.5780298349368876	0.6467212755705463	0.7395236536257981
p12.E2	0.995938025880578	0.9960257486705849	0.9960517781099297	0.9964017825015915	0.9952293978137011	0.995082877309858	0.996530260892597	0.9953206239168111	0.9953248102507865	0.9959539728543143	0.9946828492992342	0.9962728289228475	0.9965021066857461	0.9961845680876177	0.9964330249688252	0.9964250083139341	0.9953120175167729	0.9957727179965599	0.995550933148437	0.9964210989979078	0.9945794074242252	0.9960172494300547	0.9956885761174933	0.9956976199012659	0.9961613351877607	0.9965121542107085	0.9963651800164496	0.9959512027309535	0.996333565273243	0.9962245963531208	0.9960960168820892	0.9954434030281183	0.9959722592691385	0.9958845334345173	0.9961845680876177	0.9963651800164496	0.9963173847766352	0.9954725995055967	0.9960588398556758	0.9962870630668859	0.9956757363883975	0.9957872105523112	0.996323334920383	0.9953924500848759	0.9948601305644994	0.9960192175703501	0.9956976199012659	0.9957063596063234	0.9958936795960268	0.9961104176946968	0.9958399817643037	0.9960933139859359	0.9948110958404622	0.9956553222302679	0.9958725393984875	0.9956964766637977	0.9943268101200539	0.9968785937243305	0.9960710577273876	0.9953473494431359	0.9960385160338895	0.9952733850732334	0.9956876456876457	0.9954536061169663	0.9969267578326424	0.9960216052967824	0.9958660962072156	0.99494009538211	0.9952733850732334	0.9951749095295537	0.9976498086456219	0.996439566323116	0.9958153489841036	0.9949827620035316	0.9956957596290023	0.9952445841096804	0.9958177295465107	0.9964625131995776	0.9953913324708926	0.9953924500848759	0.9946139537466337	0.9959066607262197	0.9963812750230983	0.9955615371399118	0.9963274886096921	0.9964028776978417	0.9957745288599679	0.9954606215885039	0.9962295034051384	0.9959053443233182	0.9957304570096346	0.9957445617178532	0.9965569298408242	0.9957644486951769	0.9957753004987872	0.9955397987191217	0.9948997681712806	0.9958511107841694	0.994652554582733	0.9943664340368283	0.9964078242078972	0.9953108906597279	0.9960442827939576	0.9949550040905373	0.9966838223589961	0.995137267978215	0.9948492357379514	0.9950573026994731	0.9949406009783368	0.9951369267550533	0.9950108701711355	0.9947223253593592	0.9959354348207498	0.9965527786272275	0.9961894695852919	0.9957533595954516	0.9963858623438746	0.9958565469358045	0.9959827681898671	0.9960078235940305	0.9956989247311828	0.9961504619445667	0.9961461126005362	0.9963155383555108	0.995149737747448	0.9958585451122764	0.6131827731092436	0.6497969651634965	0.0	0.6271769418321143	0.5194342935788525	0.6592305067394643	0.7242317337527097	0.6321649125858919	0.6497969651634965	0.6497969651634965	0.6497969651634965	0.5194342935788525	0.6920935643358677	0.6497969651634965	0.5194342935788525	0.5194342935788525	0.5842732399490631	0.6726618705035972	0.678406008762779	0.7271440466278102	0.6943165684292045	0.6969958847736626	0.6242318587927653	0.7222970130416491	0.6141779372527372	0.6551142592124125	0.6769423036867319	0.6505993584332264	0.6502494292720047	0.4157913431775512	0.6771610631340655	0.6969958847736626	0.7125581012710296	0.5976762678918537	0.6505993584332264	0.6505993584332264	0.6738129134913324	0.6501883239171375	0.6501563688614657	0.5931663074712643	0.5194342935788525	0.5194342935788525	0.6726618705035972	0.5194342935788525	0.691169133543988	0.5891909505632622	0.67625177631029	0.5891909505632622	0.6505993584332264	0.6920935643358677	0.6790935977006707	0.6078709854767032	0.7407823086835432
p12.G7	0.9968810804624013	0.9968793151063242	0.9967997773758175	0.9971863304832409	0.996449417650698	0.9967396124051228	0.996965019230266	0.9963252051048314	0.996385576457865	0.9971704252850796	0.9958969683154776	0.9966074058489375	0.997436031604835	0.9969111550654347	0.9973687973687974	0.9965789977831906	0.9957603635557526	0.9966648457491158	0.9965525101145365	0.9972012390630944	0.9942815495879352	0.996828064848452	0.9966240324971181	0.996843537414966	0.9970630215195433	0.9973712573276202	0.9971443542048729	0.9969170476812541	0.9971993236102304	0.9971186888712662	0.9972397989740385	0.9963305361968425	0.9966019545346785	0.9966317365269461	0.9969111550654347	0.9971443542048729	0.9970651535902955	0.9967945205479452	0.9967950473894702	0.9969355683603981	0.9966479208798515	0.9967336179479098	0.9971792728792311	0.9960624684066299	0.9961859842198736	0.9968296119661826	0.996843537414966	0.9966161379955432	0.9964394292131139	0.9967068526101772	0.9969368255395683	0.996584304327466	0.9965712705654638	0.9965648015829395	0.9968973271469642	0.9969049575458778	0.9938584326267229	0.9972692370085978	0.9970374062076031	0.9968184814698042	0.9967195344591511	0.9961153314917127	0.9971568064330845	0.9964197351186145	0.9974877450980392	0.996705720587814	0.996892550674231	0.9962444813944155	0.9961153314917127	0.996491024562828	0.9984178830254159	0.9972512224131096	0.99727279810914	0.9965729762595694	0.9966295829451417	0.9965712091288128	0.9968167471472119	0.9971582021065805	0.9960615253605833	0.9960624684066299	0.9955894036106622	0.9965093587664569	0.9968807851292065	0.9969791931340165	0.9967830757067692	0.9971640604293666	0.9960230275050755	0.9963174672969111	0.996973016605166	0.9961912266876806	0.9958952740181939	0.9959086636810969	0.9968863654203407	0.9967097278783139	0.9967180480456245	0.9965313028764805	0.9964488445293374	0.9967794348053154	0.9965034965034965	0.9959096813420667	0.9970919766250311	0.9966839599935818	0.9967227727963924	0.996584093170876	0.9977739950242241	0.9964918050759195	0.9965961184770376	0.9967052394728383	0.9965547654484317	0.9963540828909978	0.9966194860519445	0.9962578180200455	0.9968568874535021	0.9967056498105749	0.9963193891284643	0.9963046715570019	0.9969028058479226	0.9966571815343813	0.996501853495536	0.9968787197460653	0.9967209500978204	0.9971509198458783	0.9971620653551552	0.9971996126567039	0.9957419570299455	0.9961482268561562	0.574223602484472	0.5162321122586023	0.6271769418321143	0.0	0.674151654796816	0.5941798941798941	0.693007293007293	0.5035414419062808	0.5162321122586023	0.5162321122586023	0.5162321122586023	0.674151654796816	0.6393233050666893	0.5162321122586023	0.674151654796816	0.674151654796816	0.5527702671738234	0.5541329739442947	0.6308498849202966	0.6548300381547	0.6771325487501074	0.6199991405612135	0.5160363366703744	0.7038687973086628	0.6216472073209214	0.5450006746727837	0.5543288003231452	0.5304596138156106	0.5362567811934901	0.6345175476416314	0.6282946899241417	0.6199991405612135	0.7024398218153582	0.5526883654019061	0.5304596138156106	0.5304596138156106	0.6279258499914574	0.5451403101832901	0.5298202614379085	0.5590062111801242	0.674151654796816	0.674151654796816	0.5541329739442947	0.674151654796816	0.6377559726962457	0.6645536644668288	0.6270462025045946	0.6645536644668288	0.5304596138156106	0.6393233050666893	0.6304134906102287	0.6254346081840064	0.7364267806501994
p13.C1	0.9968220032935602	0.9966265194602432	0.9970514728595097	0.9959424770211709	0.9957630571172492	0.9957861469581248	0.9958516091528827	0.9960589149070824	0.9962355240093106	0.9965701546288621	0.9955686003683242	0.9967636681964082	0.9961416490486258	0.9967732232218546	0.9967060591175706	0.9966582893755697	0.9956083916083917	0.9964577102871578	0.9964616535297164	0.9957987808226701	0.9950805767599661	0.9966892853234103	0.9961200565363191	0.9949931224209079	0.9967579250720461	0.9973745624270712	0.9969335694837295	0.996757697174188	0.9969069965870307	0.9972534798144099	0.9955533336841551	0.9965835032011714	0.9965451259700223	0.9967740060451058	0.9969377990430622	0.9969335694837295	0.9971789663732792	0.9959876030770933	0.996654501216545	0.997094021609912	0.9965043765205962	0.9966440040503399	0.995752090973853	0.9961618981158409	0.9958533070611416	0.9966909150577039	0.9949931224209079	0.9965290311831838	0.9971827095705013	0.996559002978342	0.996110385554483	0.9952396859863036	0.9954739753583103	0.9966999445368829	0.9967522202741931	0.9959882691456396	0.9950058502896607	0.9963681048607318	0.9969256567915036	0.996061395887634	0.9963989398478912	0.9961359674607786	0.996401729491309	0.9961780443346857	0.9974292530437644	0.9963836250542456	0.9967471717666023	0.9959175401007586	0.9961359674607786	0.9958980369176678	0.9979488757275081	0.9959415801137426	0.9956700868606818	0.9955323485885014	0.9961264975237252	0.9959001634394304	0.9950643542757417	0.9958920342330481	0.9961609707643159	0.9961618981158409	0.9941581992856945	0.9952506596306069	0.9966231772831926	0.9958915834522111	0.9963945615676777	0.9960111366921882	0.9959011791128579	0.9964781897340618	0.9972938369318513	0.9961575153699386	0.9959693220623635	0.9959825912286575	0.9961434835437688	0.9966252075225213	0.9966338192578115	0.9965554543384195	0.9955167916530812	0.9967479198406187	0.9954189204106414	0.9950305703676819	0.997261039686976	0.9959496678727656	0.9965345748902175	0.9956808736044332	0.9972510044406852	0.995792736935341	0.9955906821963394	0.9956982847248526	0.9957964478592506	0.995696305318717	0.9957524777213292	0.9953495745917667	0.9968263211530063	0.9959518660234016	0.9968970771575011	0.9950955804492002	0.9956520586441846	0.9954495966053433	0.9953068972790551	0.9954300069485275	0.9952933968307015	0.9954744925946243	0.9956834131669823	0.9955837630569879	0.9953633451357276	0.9961137466162794	0.6351229560963049	0.6224800139033715	0.5194342935788525	0.674151654796816	0.0	0.6283205078040085	0.6934917400164766	0.6547492223121831	0.6224800139033715	0.6224800139033715	0.6224800139033715	0.0	0.6683664868509778	0.6224800139033715	0.0	0.0	0.6319015718726739	0.6551680459381861	0.6963707197047365	0.700414972899729	0.6488224597507428	0.681273081870617	0.6386525736873765	0.7149420442571128	0.6116696506449983	0.6706942368377347	0.6518502854726158	0.6664311541498691	0.6661116430087832	0.32994031123427836	0.6936149150305231	0.681273081870617	0.7037464928205974	0.6309728429013406	0.6664311541498691	0.6664311541498691	0.6930477325987748	0.666919351442409	0.6660147309724939	0.6302861373633553	0.0	0.0	0.6551680459381861	0.0	0.6710548452220727	0.6110933576808948	0.6934237566789971	0.6110933576808948	0.6664311541498691	0.6683664868509778	0.6360987315735345	0.5997521116415718	0.7567965332570213
p13.D10	0.9971025302656492	0.9968986237642954	0.9971827843016932	0.9977827050997783	0.9960880591377542	0.9958121760979951	0.9977459177522082	0.9967734566843698	0.9969480019395875	0.9970487244246431	0.9964303052802924	0.9970217700701071	0.9979551174496645	0.9970664131468152	0.9975339087546239	0.9969826640333552	0.9958325229905814	0.9968289659546253	0.9970013708019191	0.9976307189542484	0.9953671205952548	0.9969832037832256	0.9970289675662293	0.996999290741448	0.9978549624618431	0.997496574259513	0.997189683248411	0.9973556055925015	0.9977761304670126	0.997004877014419	0.9974421214731293	0.9970641051221389	0.9971758122838968	0.9972590882862089	0.9972298416664404	0.997189683248411	0.9974504804863699	0.9963447479799923	0.9969241754318513	0.9973489422016903	0.9970288506928053	0.9971854447284528	0.9977493980948393	0.9958110992529349	0.9964094929503459	0.9969846789090514	0.996999290741448	0.9970496594700416	0.9971459150909739	0.9969856170872449	0.9965324763193505	0.997184420459878	0.9955872557726465	0.9972187035303189	0.9972893542956601	0.9965659340659341	0.9954379303505143	0.9977510431908091	0.9971963913948647	0.9963479511143063	0.9967103381200297	0.9968569780853518	0.9966864519103326	0.9968780089283109	0.9973595873587686	0.9966964465255236	0.9972851713199783	0.996464704529777	0.9968569780853518	0.9967144477073823	0.9979550624984024	0.9978548728813559	0.9964819013368775	0.9955894590846047	0.9970338633929307	0.9960096868292146	0.9968354430379747	0.9976749046449658	0.995810093138694	0.9958110992529349	0.9954119618670842	0.9972184737407397	0.9972044322456033	0.9963741431080392	0.9974595716783217	0.9976893657707426	0.9962920627840196	0.9968603690443404	0.99702243293247	0.9963928383359663	0.9964980544747082	0.9965095019114633	0.9976146163726441	0.9966467454501203	0.9966552477544305	0.9970889152676502	0.9958977680619653	0.9968870010473642	0.9956413278872777	0.995425307752024	0.997529493407356	0.9960561264185872	0.9971624497517143	0.9957083861912602	0.997215362790942	0.9960409105905642	0.9956193519947102	0.9957255766439056	0.9959349593495935	0.9953993919664237	0.9957801252171994	0.9956421295810144	0.9964997541149585	0.9972212287121358	0.9971104628763278	0.9970711759504863	0.9975543049492452	0.997314730227279	0.9973064149167081	0.9974555381801797	0.9971554033527577	0.9976069398743643	0.9976805191219108	0.9976395300041964	0.9962905115189379	0.9963520170416722	0.6080288482426033	0.6530173322650024	0.6592305067394643	0.5941798941798941	0.6283205078040085	0.0	0.7265484127982555	0.6159704090513489	0.6530173322650024	0.6530173322650024	0.6530173322650024	0.6283205078040085	0.6784706077715045	0.6530173322650024	0.6283205078040085	0.6283205078040085	0.5104329311568488	0.675349874086612	0.6989111887543674	0.7211264111152462	0.7168888703138714	0.7001745767528724	0.5651998022205241	0.7302033393949413	0.6204055766793409	0.6499644187701452	0.6682287562725501	0.6420048735400387	0.6416428210738934	0.642955385541133	0.6972072513473787	0.7001745767528724	0.7322465654664156	0.6226075015020169	0.6420048735400387	0.6420048735400387	0.6959973940307016	0.6306840139121473	0.6415530876661619	0.5518943375531282	0.6283205078040085	0.6283205078040085	0.675349874086612	0.6283205078040085	0.6790738204904767	0.6544959845525957	0.6957849725106903	0.6544959845525957	0.6420048735400387	0.6784706077715045	0.7020725388601037	0.6156721459130826	0.7828746177370031
p13.F3	0.9954476025038186	0.9954399838379174	0.9954914337240758	0.9968646676547714	0.9950303234501348	0.9954596122998287	0.9965115962172622	0.9952319933247906	0.9949670925280681	0.9949934826401232	0.9947537856206033	0.9953658001535592	0.9964278897281379	0.9956436875901672	0.9959588097946477	0.9963449457452884	0.995051224170863	0.9945481927710843	0.9956491939088715	0.996881997789053	0.9934678813087671	0.9955561845457118	0.9941152830405328	0.995881266865502	0.9961880194898252	0.9955295924524162	0.9959579407346716	0.996052488293586	0.9963642373161461	0.9959200551343901	0.9966911664994169	0.9950299098241123	0.9959371911716263	0.9956919925287703	0.9956436875901672	0.9959579407346716	0.9959682131588173	0.9947015694810402	0.9955366083946096	0.9957131935342944	0.9954552033579389	0.9955623519534647	0.9966809946134175	0.9952005770404483	0.9952447722977504	0.995558447436913	0.995881266865502	0.9955461049969828	0.9964285714285714	0.9951737162384964	0.9952669332079022	0.9958003739393068	0.995029045403312	0.9954936854190586	0.9956818249501176	0.9947600503951437	0.9927193086302829	0.9968414224879438	0.9954559925906631	0.9953795379537954	0.9949531147345159	0.9950007528986599	0.9957307356964613	0.9953672660774154	0.996434448710916	0.9949308617535019	0.9956748695003729	0.9953210761524849	0.9950007528986599	0.9956594323873121	0.9978390481397589	0.996915535237256	0.9959393611261506	0.9950316300297525	0.9941254011921137	0.9951282418684625	0.9956357697938957	0.9970412595005429	0.9951993784166273	0.9952005770404483	0.9949674024934233	0.9956950981517622	0.9954313782449098	0.9949469578322153	0.9966729227094353	0.9966574585635359	0.9946803871980465	0.9955236728837876	0.9956235663406978	0.9952911544884606	0.9953078839135724	0.9953238656044336	0.996456993350049	0.9952981586801058	0.9953105694709649	0.9954293465439962	0.9949448142219226	0.9954422533499437	0.9950637715068337	0.9943383691036713	0.9958033052588926	0.9951995534468323	0.9959566155779581	0.9952556076471745	0.9964778156996587	0.9950177528347268	0.995153149019158	0.9953877117459607	0.9952774498229043	0.9951888111888112	0.9952622964940994	0.9948706755429445	0.9955319405868857	0.9965050991176808	0.9961019232422826	0.9958833520453695	0.9968841391751169	0.9967135608856088	0.9965213610175019	0.9963611302549965	0.99614499424626	0.9968583720140383	0.9970960322024152	0.9963727602476341	0.9939759036144579	0.9952357210126863	0.735818677235571	0.7175748918112684	0.7242317337527097	0.693007293007293	0.6934917400164766	0.7265484127982555	0.0	0.6970671468999228	0.7175748918112684	0.7175748918112684	0.7175748918112684	0.6934917400164766	0.6901378122308355	0.7175748918112684	0.6934917400164766	0.6934917400164766	0.7154881435590685	0.7294307730549341	0.7070924682127318	0.6888385319470364	0.6734166893177493	0.6927842098517538	0.7451351462541655	0.6412277448071216	0.7194288987793593	0.7355751486569613	0.723647552912803	0.7284509360213948	0.7282841602109774	0.7018941024537236	0.7060770667119334	0.6927842098517538	0.5853453116226839	0.7220162466152884	0.7284509360213948	0.7284509360213948	0.7041913632514818	0.7132843509838696	0.7281153450051494	0.7242149631190726	0.6934917400164766	0.6934917400164766	0.7294307730549341	0.6934917400164766	0.6897992590678039	0.7168370705164773	0.7052876480541455	0.7168370705164773	0.7284509360213948	0.6901378122308355	0.6992359932088286	0.7170298416032204	0.6962844016236228
p20.D4	0.9961830965705266	0.9962335216572504	0.996400870487138	0.9965484180249281	0.995981769639438	0.9961294034573842	0.9964851537089497	0.9959729243423872	0.9959191826950516	0.9965380249716231	0.995830358417821	0.9962299965727242	0.9969573770491803	0.9965230618786332	0.9966150315547906	0.9969017328361482	0.9960577456968351	0.9958759913482336	0.9963727758261217	0.996566757493188	0.9950029476993908	0.996439540129916	0.9962025316455696	0.9960427924239943	0.9968082764692934	0.9967579535570258	0.9966379491489809	0.9965954326419443	0.9969278847427103	0.9965810606662956	0.9964485297957905	0.9967227130236535	0.996594868546088	0.9967109059434507	0.9965230618786332	0.9966379491489809	0.9966651720659119	0.9961812137696091	0.9963472576968498	0.9965605062094678	0.9963619195734281	0.9965533088235294	0.9966219754896827	0.9962950129274729	0.9962943510737629	0.99644128113879	0.9960427924239943	0.9964427531436135	0.9967621556360443	0.9963825328012402	0.9965343326477135	0.9964383334713824	0.9959238000166376	0.996391482797565	0.9966040751098681	0.9965952773201537	0.9946716549046283	0.9971818773032733	0.996362525684456	0.9961191283849825	0.9958508598735227	0.9960485708517205	0.9964570671428983	0.9961186015292126	0.997093856166346	0.9958333333333333	0.9965988338859038	0.9963513086448128	0.9960485708517205	0.9965996279934899	0.9983267339379231	0.9967671842704966	0.9957250475718792	0.9963708895476079	0.9962087912087912	0.9960117721484171	0.9964572572139438	0.9970213210702341	0.9962941239202303	0.9962950129274729	0.9951936281241417	0.9959762987460383	0.9961603010730814	0.9961487270976694	0.9968857564333716	0.9965717930319701	0.9959303135888502	0.9963094549560715	0.9965601965601966	0.9965794874493501	0.9965277777777778	0.9965391217675398	0.9965378865370997	0.9961600865332613	0.9961698225171279	0.9961830981933332	0.9958186085408293	0.9961882038001572	0.9959462050453313	0.995706014350223	0.9966957294385517	0.9960581357931996	0.9965841610173946	0.9963874585501308	0.9972430814472509	0.9962084787207737	0.9960363336085879	0.9965096923159534	0.9959925932067546	0.9964002686366689	0.9959760769506381	0.9961447678992918	0.9963856118436271	0.9968916762942179	0.9967532467532467	0.9957692733104745	0.9964212409873164	0.9961217762264882	0.9960218796618597	0.9963134862750298	0.9959651789415503	0.9962713986337534	0.9964353809168532	0.9962724767029794	0.9953683035714286	0.996540805194114	0.6159226318970727	0.4495973610167847	0.6321649125858919	0.5035414419062808	0.6547492223121831	0.6159704090513489	0.6970671468999228	0.0	0.4495973610167847	0.4495973610167847	0.4495973610167847	0.6547492223121831	0.5858011810149625	0.4495973610167847	0.6547492223121831	0.6547492223121831	0.5635658914728683	0.4971915371653248	0.6035038786716639	0.6479377839916114	0.6234092131206309	0.6049904197874935	0.639214349622939	0.6868138909059844	0.6584110505014957	0.479193175927235	0.4845540725369052	0.4643654147476378	0.4636350663558959	0.6363361678249233	0.6073889906656198	0.6049904197874935	0.673021326517786	0.6073890984779498	0.4643654147476378	0.4643654147476378	0.5986180355112394	0.5580460029825116	0.46360135038752315	0.6407871045185629	0.6547492223121831	0.6547492223121831	0.4971915371653248	0.6547492223121831	0.5841038406827881	0.6697740970385466	0.5998426985930263	0.6697740970385466	0.4643654147476378	0.5858011810149625	0.5987508735150244	0.6529736358062539	0.6884088964927289
p20.F10	0.9961979360224121	0.9962476547842402	0.9962191765588947	0.9966707599945422	0.9959424963052532	0.9960384685553442	0.9966025507003973	0.996159863461812	0.9959064161241721	0.9964378604545968	0.9957036362601719	0.9960588544403574	0.9967059684714125	0.9962642122360584	0.9965708407155512	0.9969954385294038	0.9957948320699386	0.9957767115810038	0.9963868104355743	0.9966883821932682	0.995555679785331	0.9961808282997915	0.9961616493940889	0.9963303251060128	0.996875171317362	0.9965850583166964	0.9964397905759163	0.996397995406139	0.9967271095626469	0.996381309596133	0.9961998958875585	0.9965359607030296	0.9963958749868462	0.9962910784623789	0.9962642122360584	0.9964397905759163	0.996677833612507	0.9960030661410425	0.9961411094994389	0.9963889470378899	0.9961811993247918	0.9965667200732433	0.9963720833115832	0.9958817121449637	0.9962214794361285	0.9961826894441888	0.9963303251060128	0.9962630176132773	0.9969935497977479	0.9966835348943591	0.9967446820452377	0.996562061662862	0.9958281530598149	0.9962121212121212	0.9961891761226289	0.9965804951443031	0.9947488777843652	0.9969214150688631	0.9958762315952618	0.9960479967925772	0.995666552628578	0.9962370378881452	0.9963845050215208	0.9961339457008314	0.9970814539665693	0.9956483151535973	0.9961833148195619	0.9962793360045793	0.9962370378881452	0.9965258678092701	0.9982785442860422	0.99656684096551	0.9955575184453912	0.9962737033867896	0.9961679531395412	0.9958340185276544	0.9956313035974327	0.9971363115693013	0.9958807271181035	0.9958817121449637	0.9952115142560062	0.9957707412187955	0.9965803738791226	0.9959652389819987	0.9968972837624517	0.9967435333986392	0.995778364116095	0.9962130567218244	0.9961401083074087	0.9963811821471653	0.9962630792227205	0.9962752455578855	0.9968647942521228	0.9960659624919164	0.9960759017362791	0.9960563380281691	0.9959148570199957	0.9962032287047503	0.9958790459036079	0.9955835265540466	0.9965138477713527	0.9960992813059393	0.9965963240299524	0.9963736972171484	0.9970692136595578	0.9961676384440612	0.9958583614471049	0.9964150034779817	0.9961457989208237	0.9963059132157294	0.9961564859299932	0.9961060004181476	0.9963997695852534	0.9970132076505727	0.9968753426159412	0.9958957690612604	0.9965392480729904	0.996247137062281	0.9961407077107617	0.9960614311014776	0.9960908465244322	0.9965572392854238	0.9966144614791775	0.9965482074213541	0.9953858127640649	0.9963403961918905	0.6254803176500725	0.0	0.6497969651634965	0.5162321122586023	0.6224800139033715	0.6530173322650024	0.7175748918112684	0.4495973610167847	0.0	0.0	0.0	0.6224800139033715	0.6425631232760449	0.0	0.6224800139033715	0.6224800139033715	0.5869400151860289	0.2521819266005313	0.6360939221836059	0.6583502395648984	0.6535759479862111	0.6249946574347138	0.6376571525654094	0.7320768662232077	0.6432367791655593	0.48314922299194907	0.3330061476468461	0.46214309389649133	0.46838551258440764	0.625065002600104	0.6385138004246285	0.6249946574347138	0.7050848837682693	0.6056636402939906	0.46214309389649133	0.46214309389649133	0.6305800246819013	0.5083554438393147	0.46137796955758925	0.5703573994252873	0.6224800139033715	0.6224800139033715	0.2521819266005313	0.6224800139033715	0.6410060327980287	0.639514348785872	0.6317445469620306	0.639514348785872	0.46214309389649133	0.6425631232760449	0.5780298349368876	0.6467212755705463	0.7395236536257981
p20.G9	0.9961979360224121	0.9962476547842402	0.9962191765588947	0.9966707599945422	0.9959424963052532	0.9960384685553442	0.9966025507003973	0.996159863461812	0.9959064161241721	0.9964378604545968	0.9957036362601719	0.9960588544403574	0.9967059684714125	0.9962642122360584	0.9965708407155512	0.9969954385294038	0.9957948320699386	0.9957767115810038	0.9963868104355743	0.9966883821932682	0.995555679785331	0.9961808282997915	0.9961616493940889	0.9963303251060128	0.996875171317362	0.9965850583166964	0.9964397905759163	0.996397995406139	0.9967271095626469	0.996381309596133	0.9961998958875585	0.9965359607030296	0.9963958749868462	0.9962910784623789	0.9962642122360584	0.9964397905759163	0.996677833612507	0.9960030661410425	0.9961411094994389	0.9963889470378899	0.9961811993247918	0.9965667200732433	0.9963720833115832	0.9958817121449637	0.9962214794361285	0.9961826894441888	0.9963303251060128	0.9962630176132773	0.9969935497977479	0.9966835348943591	0.9967446820452377	0.996562061662862	0.9958281530598149	0.9962121212121212	0.9961891761226289	0.9965804951443031	0.9947488777843652	0.9969214150688631	0.9958762315952618	0.9960479967925772	0.995666552628578	0.9962370378881452	0.9963845050215208	0.9961339457008314	0.9970814539665693	0.9956483151535973	0.9961833148195619	0.9962793360045793	0.9962370378881452	0.9965258678092701	0.9982785442860422	0.99656684096551	0.9955575184453912	0.9962737033867896	0.9961679531395412	0.9958340185276544	0.9956313035974327	0.9971363115693013	0.9958807271181035	0.9958817121449637	0.9952115142560062	0.9957707412187955	0.9965803738791226	0.9959652389819987	0.9968972837624517	0.9967435333986392	0.995778364116095	0.9962130567218244	0.9961401083074087	0.9963811821471653	0.9962630792227205	0.9962752455578855	0.9968647942521228	0.9960659624919164	0.9960759017362791	0.9960563380281691	0.9959148570199957	0.9962032287047503	0.9958790459036079	0.9955835265540466	0.9965138477713527	0.9960992813059393	0.9965963240299524	0.9963736972171484	0.9970692136595578	0.9961676384440612	0.9958583614471049	0.9964150034779817	0.9961457989208237	0.9963059132157294	0.9961564859299932	0.9961060004181476	0.9963997695852534	0.9970132076505727	0.9968753426159412	0.9958957690612604	0.9965392480729904	0.996247137062281	0.9961407077107617	0.9960614311014776	0.9960908465244322	0.9965572392854238	0.9966144614791775	0.9965482074213541	0.9953858127640649	0.9963403961918905	0.6254803176500725	0.0	0.6497969651634965	0.5162321122586023	0.6224800139033715	0.6530173322650024	0.7175748918112684	0.4495973610167847	0.0	0.0	0.0	0.6224800139033715	0.6425631232760449	0.0	0.6224800139033715	0.6224800139033715	0.5869400151860289	0.2521819266005313	0.6360939221836059	0.6583502395648984	0.6535759479862111	0.6249946574347138	0.6376571525654094	0.7320768662232077	0.6432367791655593	0.48314922299194907	0.3330061476468461	0.46214309389649133	0.46838551258440764	0.625065002600104	0.6385138004246285	0.6249946574347138	0.7050848837682693	0.6056636402939906	0.46214309389649133	0.46214309389649133	0.6305800246819013	0.5083554438393147	0.46137796955758925	0.5703573994252873	0.6224800139033715	0.6224800139033715	0.2521819266005313	0.6224800139033715	0.6410060327980287	0.639514348785872	0.6317445469620306	0.639514348785872	0.46214309389649133	0.6425631232760449	0.5780298349368876	0.6467212755705463	0.7395236536257981
p21.A8	0.9961979360224121	0.9962476547842402	0.9962191765588947	0.9966707599945422	0.9959424963052532	0.9960384685553442	0.9966025507003973	0.996159863461812	0.9959064161241721	0.9964378604545968	0.9957036362601719	0.9960588544403574	0.9967059684714125	0.9962642122360584	0.9965708407155512	0.9969954385294038	0.9957948320699386	0.9957767115810038	0.9963868104355743	0.9966883821932682	0.995555679785331	0.9961808282997915	0.9961616493940889	0.9963303251060128	0.996875171317362	0.9965850583166964	0.9964397905759163	0.996397995406139	0.9967271095626469	0.996381309596133	0.9961998958875585	0.9965359607030296	0.9963958749868462	0.9962910784623789	0.9962642122360584	0.9964397905759163	0.996677833612507	0.9960030661410425	0.9961411094994389	0.9963889470378899	0.9961811993247918	0.9965667200732433	0.9963720833115832	0.9958817121449637	0.9962214794361285	0.9961826894441888	0.9963303251060128	0.9962630176132773	0.9969935497977479	0.9966835348943591	0.9967446820452377	0.996562061662862	0.9958281530598149	0.9962121212121212	0.9961891761226289	0.9965804951443031	0.9947488777843652	0.9969214150688631	0.9958762315952618	0.9960479967925772	0.995666552628578	0.9962370378881452	0.9963845050215208	0.9961339457008314	0.9970814539665693	0.9956483151535973	0.9961833148195619	0.9962793360045793	0.9962370378881452	0.9965258678092701	0.9982785442860422	0.99656684096551	0.9955575184453912	0.9962737033867896	0.9961679531395412	0.9958340185276544	0.9956313035974327	0.9971363115693013	0.9958807271181035	0.9958817121449637	0.9952115142560062	0.9957707412187955	0.9965803738791226	0.9959652389819987	0.9968972837624517	0.9967435333986392	0.995778364116095	0.9962130567218244	0.9961401083074087	0.9963811821471653	0.9962630792227205	0.9962752455578855	0.9968647942521228	0.9960659624919164	0.9960759017362791	0.9960563380281691	0.9959148570199957	0.9962032287047503	0.9958790459036079	0.9955835265540466	0.9965138477713527	0.9960992813059393	0.9965963240299524	0.9963736972171484	0.9970692136595578	0.9961676384440612	0.9958583614471049	0.9964150034779817	0.9961457989208237	0.9963059132157294	0.9961564859299932	0.9961060004181476	0.9963997695852534	0.9970132076505727	0.9968753426159412	0.9958957690612604	0.9965392480729904	0.996247137062281	0.9961407077107617	0.9960614311014776	0.9960908465244322	0.9965572392854238	0.9966144614791775	0.9965482074213541	0.9953858127640649	0.9963403961918905	0.6254803176500725	0.0	0.6497969651634965	0.5162321122586023	0.6224800139033715	0.6530173322650024	0.7175748918112684	0.4495973610167847	0.0	0.0	0.0	0.6224800139033715	0.6425631232760449	0.0	0.6224800139033715	0.6224800139033715	0.5869400151860289	0.2521819266005313	0.6360939221836059	0.6583502395648984	0.6535759479862111	0.6249946574347138	0.6376571525654094	0.7320768662232077	0.6432367791655593	0.48314922299194907	0.3330061476468461	0.46214309389649133	0.46838551258440764	0.625065002600104	0.6385138004246285	0.6249946574347138	0.7050848837682693	0.6056636402939906	0.46214309389649133	0.46214309389649133	0.6305800246819013	0.5083554438393147	0.46137796955758925	0.5703573994252873	0.6224800139033715	0.6224800139033715	0.2521819266005313	0.6224800139033715	0.6410060327980287	0.639514348785872	0.6317445469620306	0.639514348785872	0.46214309389649133	0.6425631232760449	0.5780298349368876	0.6467212755705463	0.7395236536257981
p21.E3	0.9968220032935602	0.9966265194602432	0.9970514728595097	0.9959424770211709	0.9957630571172492	0.9957861469581248	0.9958516091528827	0.9960589149070824	0.9962355240093106	0.9965701546288621	0.9955686003683242	0.9967636681964082	0.9961416490486258	0.9967732232218546	0.9967060591175706	0.9966582893755697	0.9956083916083917	0.9964577102871578	0.9964616535297164	0.9957987808226701	0.9950805767599661	0.9966892853234103	0.9961200565363191	0.9949931224209079	0.9967579250720461	0.9973745624270712	0.9969335694837295	0.996757697174188	0.9969069965870307	0.9972534798144099	0.9955533336841551	0.9965835032011714	0.9965451259700223	0.9967740060451058	0.9969377990430622	0.9969335694837295	0.9971789663732792	0.9959876030770933	0.996654501216545	0.997094021609912	0.9965043765205962	0.9966440040503399	0.995752090973853	0.9961618981158409	0.9958533070611416	0.9966909150577039	0.9949931224209079	0.9965290311831838	0.9971827095705013	0.996559002978342	0.996110385554483	0.9952396859863036	0.9954739753583103	0.9966999445368829	0.9967522202741931	0.9959882691456396	0.9950058502896607	0.9963681048607318	0.9969256567915036	0.996061395887634	0.9963989398478912	0.9961359674607786	0.996401729491309	0.9961780443346857	0.9974292530437644	0.9963836250542456	0.9967471717666023	0.9959175401007586	0.9961359674607786	0.9958980369176678	0.9979488757275081	0.9959415801137426	0.9956700868606818	0.9955323485885014	0.9961264975237252	0.9959001634394304	0.9950643542757417	0.9958920342330481	0.9961609707643159	0.9961618981158409	0.9941581992856945	0.9952506596306069	0.9966231772831926	0.9958915834522111	0.9963945615676777	0.9960111366921882	0.9959011791128579	0.9964781897340618	0.9972938369318513	0.9961575153699386	0.9959693220623635	0.9959825912286575	0.9961434835437688	0.9966252075225213	0.9966338192578115	0.9965554543384195	0.9955167916530812	0.9967479198406187	0.9954189204106414	0.9950305703676819	0.997261039686976	0.9959496678727656	0.9965345748902175	0.9956808736044332	0.9972510044406852	0.995792736935341	0.9955906821963394	0.9956982847248526	0.9957964478592506	0.995696305318717	0.9957524777213292	0.9953495745917667	0.9968263211530063	0.9959518660234016	0.9968970771575011	0.9950955804492002	0.9956520586441846	0.9954495966053433	0.9953068972790551	0.9954300069485275	0.9952933968307015	0.9954744925946243	0.9956834131669823	0.9955837630569879	0.9953633451357276	0.9961137466162794	0.6351229560963049	0.6224800139033715	0.5194342935788525	0.674151654796816	0.0	0.6283205078040085	0.6934917400164766	0.6547492223121831	0.6224800139033715	0.6224800139033715	0.6224800139033715	0.0	0.6683664868509778	0.6224800139033715	0.0	0.0	0.6319015718726739	0.6551680459381861	0.6963707197047365	0.700414972899729	0.6488224597507428	0.681273081870617	0.6386525736873765	0.7149420442571128	0.6116696506449983	0.6706942368377347	0.6518502854726158	0.6664311541498691	0.6661116430087832	0.32994031123427836	0.6936149150305231	0.681273081870617	0.7037464928205974	0.6309728429013406	0.6664311541498691	0.6664311541498691	0.6930477325987748	0.666919351442409	0.6660147309724939	0.6302861373633553	0.0	0.0	0.6551680459381861	0.0	0.6710548452220727	0.6110933576808948	0.6934237566789971	0.6110933576808948	0.6664311541498691	0.6683664868509778	0.6360987315735345	0.5997521116415718	0.7567965332570213
p21.F1	0.9950045934772623	0.995291119605562	0.9953113225977506	0.9966059942520871	0.9950369531207854	0.9951343291390902	0.996329890421014	0.9956608621181844	0.9956646986680358	0.9952017262428665	0.9954897091147841	0.995359384063703	0.9963019303399077	0.9953258329257025	0.9952642002238742	0.996409188092758	0.9952525056220328	0.9952133794694348	0.9956591272561115	0.9966240130683365	0.995401396405238	0.9951049711737191	0.9958188920063817	0.996319520174482	0.9962588028169014	0.9958081780074346	0.995137081723313	0.9957306372613217	0.9960002119093028	0.9954129656635291	0.9964773112752133	0.9954953670705631	0.9954049700266723	0.9950041872419071	0.9953258329257025	0.995137081723313	0.9956271899088998	0.9948320413436692	0.9950262427523289	0.9951657821449215	0.9955564195850807	0.9955471286161625	0.9967294610151753	0.9950129343680828	0.9949788352065392	0.9951073661321012	0.996319520174482	0.9955321437436223	0.9962692708619082	0.9955498133792707	0.9956039001296286	0.9965794990621207	0.9948686655756802	0.995647862494491	0.9952028782730362	0.995523084951523	0.9938210368186843	0.9968580715059588	0.9945241271959084	0.9949964054636952	0.9950784021975506	0.995269958467928	0.9949847235833286	0.9953894190084333	0.9965824209556943	0.9950576132869745	0.9951954700145852	0.9950560505892497	0.995269958467928	0.9952894652670757	0.9977642639957074	0.9968492679181339	0.995702005730659	0.9951498018347607	0.9958257812929093	0.9949375447091839	0.9960801275986051	0.9972591297084236	0.9950117370892019	0.9950129343680828	0.9950042546183195	0.995979401316333	0.9958568451019267	0.9950712404044982	0.996230538104343	0.9964677449340026	0.9959614527629234	0.9956765985570304	0.9948501330864483	0.9954198473282443	0.9952476238119059	0.9952631578947368	0.996777067393355	0.9951855458184572	0.9951977553553122	0.9953630400361909	0.9951174772733403	0.9952857641718077	0.9952067926595454	0.9947910894381027	0.9948856213692081	0.9952264742953686	0.9955845248107653	0.9952804746494067	0.9963761455844121	0.9955495728139336	0.9949059669025525	0.9953263497179694	0.9953298145742946	0.9952972159518435	0.9952043656808974	0.9953313924515436	0.9954888522599115	0.9967837704106878	0.9959552045785983	0.995966739412691	0.9969250177402823	0.9963192561022859	0.9966283324621014	0.9964226091104221	0.9958019167564283	0.9966016909985591	0.9966043673908842	0.9962225544975211	0.9955959415765414	0.9953680287501664	0.6597326649958228	0.6425631232760449	0.6920935643358677	0.6393233050666893	0.6683664868509778	0.6784706077715045	0.6901378122308355	0.5858011810149625	0.6425631232760449	0.6425631232760449	0.6425631232760449	0.6683664868509778	0.0	0.6425631232760449	0.6683664868509778	0.6683664868509778	0.6761976739303859	0.6251069655998631	0.5837050121439611	0.5244152255728646	0.5949552184244197	0.4990637580750866	0.6868632928031548	0.6883631713554987	0.7114272447127359	0.6120326600773528	0.6114589180087215	0.6029951232143628	0.6025591146846496	0.6537806539509536	0.5848722377219786	0.4990637580750866	0.6873032963392414	0.6348849061411705	0.6029951232143628	0.6029951232143628	0.5778644909542391	0.6278999828149167	0.602480445961713	0.6819106957424714	0.6683664868509778	0.6683664868509778	0.6251069655998631	0.6683664868509778	0.011601072787375988	0.7078897538396802	0.5778644909542391	0.7078897538396802	0.6029951232143628	0.0	0.5426613415630389	0.7096152234051472	0.7439947620411671
p21.F9	0.9961979360224121	0.9962476547842402	0.9962191765588947	0.9966707599945422	0.9959424963052532	0.9960384685553442	0.9966025507003973	0.996159863461812	0.9959064161241721	0.9964378604545968	0.9957036362601719	0.9960588544403574	0.9967059684714125	0.9962642122360584	0.9965708407155512	0.9969954385294038	0.9957948320699386	0.9957767115810038	0.9963868104355743	0.9966883821932682	0.995555679785331	0.9961808282997915	0.9961616493940889	0.9963303251060128	0.996875171317362	0.9965850583166964	0.9964397905759163	0.996397995406139	0.9967271095626469	0.996381309596133	0.9961998958875585	0.9965359607030296	0.9963958749868462	0.9962910784623789	0.9962642122360584	0.9964397905759163	0.996677833612507	0.9960030661410425	0.9961411094994389	0.9963889470378899	0.9961811993247918	0.9965667200732433	0.9963720833115832	0.9958817121449637	0.9962214794361285	0.9961826894441888	0.9963303251060128	0.9962630176132773	0.9969935497977479	0.9966835348943591	0.9967446820452377	0.996562061662862	0.9958281530598149	0.9962121212121212	0.9961891761226289	0.9965804951443031	0.9947488777843652	0.9969214150688631	0.9958762315952618	0.9960479967925772	0.995666552628578	0.9962370378881452	0.9963845050215208	0.9961339457008314	0.9970814539665693	0.9956483151535973	0.9961833148195619	0.9962793360045793	0.9962370378881452	0.9965258678092701	0.9982785442860422	0.99656684096551	0.9955575184453912	0.9962737033867896	0.9961679531395412	0.9958340185276544	0.9956313035974327	0.9971363115693013	0.9958807271181035	0.9958817121449637	0.9952115142560062	0.9957707412187955	0.9965803738791226	0.9959652389819987	0.9968972837624517	0.9967435333986392	0.995778364116095	0.9962130567218244	0.9961401083074087	0.9963811821471653	0.9962630792227205	0.9962752455578855	0.9968647942521228	0.9960659624919164	0.9960759017362791	0.9960563380281691	0.9959148570199957	0.9962032287047503	0.9958790459036079	0.9955835265540466	0.9965138477713527	0.9960992813059393	0.9965963240299524	0.9963736972171484	0.9970692136595578	0.9961676384440612	0.9958583614471049	0.9964150034779817	0.9961457989208237	0.9963059132157294	0.9961564859299932	0.9961060004181476	0.9963997695852534	0.9970132076505727	0.9968753426159412	0.9958957690612604	0.9965392480729904	0.996247137062281	0.9961407077107617	0.9960614311014776	0.9960908465244322	0.9965572392854238	0.9966144614791775	0.9965482074213541	0.9953858127640649	0.9963403961918905	0.6254803176500725	0.0	0.6497969651634965	0.5162321122586023	0.6224800139033715	0.6530173322650024	0.7175748918112684	0.4495973610167847	0.0	0.0	0.0	0.6224800139033715	0.6425631232760449	0.0	0.6224800139033715	0.6224800139033715	0.5869400151860289	0.2521819266005313	0.6360939221836059	0.6583502395648984	0.6535759479862111	0.6249946574347138	0.6376571525654094	0.7320768662232077	0.6432367791655593	0.48314922299194907	0.3330061476468461	0.46214309389649133	0.46838551258440764	0.625065002600104	0.6385138004246285	0.6249946574347138	0.7050848837682693	0.6056636402939906	0.46214309389649133	0.46214309389649133	0.6305800246819013	0.5083554438393147	0.46137796955758925	0.5703573994252873	0.6224800139033715	0.6224800139033715	0.2521819266005313	0.6224800139033715	0.6410060327980287	0.639514348785872	0.6317445469620306	0.639514348785872	0.46214309389649133	0.6425631232760449	0.5780298349368876	0.6467212755705463	0.7395236536257981
p22.A8	0.9968220032935602	0.9966265194602432	0.9970514728595097	0.9959424770211709	0.9957630571172492	0.9957861469581248	0.9958516091528827	0.9960589149070824	0.9962355240093106	0.9965701546288621	0.9955686003683242	0.9967636681964082	0.9961416490486258	0.9967732232218546	0.9967060591175706	0.9966582893755697	0.9956083916083917	0.9964577102871578	0.9964616535297164	0.9957987808226701	0.9950805767599661	0.9966892853234103	0.9961200565363191	0.9949931224209079	0.9967579250720461	0.9973745624270712	0.9969335694837295	0.996757697174188	0.9969069965870307	0.9972534798144099	0.9955533336841551	0.9965835032011714	0.9965451259700223	0.9967740060451058	0.9969377990430622	0.9969335694837295	0.9971789663732792	0.9959876030770933	0.996654501216545	0.997094021609912	0.9965043765205962	0.9966440040503399	0.995752090973853	0.9961618981158409	0.9958533070611416	0.9966909150577039	0.9949931224209079	0.9965290311831838	0.9971827095705013	0.996559002978342	0.996110385554483	0.9952396859863036	0.9954739753583103	0.9966999445368829	0.9967522202741931	0.9959882691456396	0.9950058502896607	0.9963681048607318	0.9969256567915036	0.996061395887634	0.9963989398478912	0.9961359674607786	0.996401729491309	0.9961780443346857	0.9974292530437644	0.9963836250542456	0.9967471717666023	0.9959175401007586	0.9961359674607786	0.9958980369176678	0.9979488757275081	0.9959415801137426	0.9956700868606818	0.9955323485885014	0.9961264975237252	0.9959001634394304	0.9950643542757417	0.9958920342330481	0.9961609707643159	0.9961618981158409	0.9941581992856945	0.9952506596306069	0.9966231772831926	0.9958915834522111	0.9963945615676777	0.9960111366921882	0.9959011791128579	0.9964781897340618	0.9972938369318513	0.9961575153699386	0.9959693220623635	0.9959825912286575	0.9961434835437688	0.9966252075225213	0.9966338192578115	0.9965554543384195	0.9955167916530812	0.9967479198406187	0.9954189204106414	0.9950305703676819	0.997261039686976	0.9959496678727656	0.9965345748902175	0.9956808736044332	0.9972510044406852	0.995792736935341	0.9955906821963394	0.9956982847248526	0.9957964478592506	0.995696305318717	0.9957524777213292	0.9953495745917667	0.9968263211530063	0.9959518660234016	0.9968970771575011	0.9950955804492002	0.9956520586441846	0.9954495966053433	0.9953068972790551	0.9954300069485275	0.9952933968307015	0.9954744925946243	0.9956834131669823	0.9955837630569879	0.9953633451357276	0.9961137466162794	0.6351229560963049	0.6224800139033715	0.5194342935788525	0.674151654796816	0.0	0.6283205078040085	0.6934917400164766	0.6547492223121831	0.6224800139033715	0.6224800139033715	0.6224800139033715	0.0	0.6683664868509778	0.6224800139033715	0.0	0.0	0.6319015718726739	0.6551680459381861	0.6963707197047365	0.700414972899729	0.6488224597507428	0.681273081870617	0.6386525736873765	0.7149420442571128	0.6116696506449983	0.6706942368377347	0.6518502854726158	0.6664311541498691	0.6661116430087832	0.32994031123427836	0.6936149150305231	0.681273081870617	0.7037464928205974	0.6309728429013406	0.6664311541498691	0.6664311541498691	0.6930477325987748	0.666919351442409	0.6660147309724939	0.6302861373633553	0.0	0.0	0.6551680459381861	0.0	0.6710548452220727	0.6110933576808948	0.6934237566789971	0.6110933576808948	0.6664311541498691	0.6683664868509778	0.6360987315735345	0.5997521116415718	0.7567965332570213
p22.B5	0.9968220032935602	0.9966265194602432	0.9970514728595097	0.9959424770211709	0.9957630571172492	0.9957861469581248	0.9958516091528827	0.9960589149070824	0.9962355240093106	0.9965701546288621	0.9955686003683242	0.9967636681964082	0.9961416490486258	0.9967732232218546	0.9967060591175706	0.9966582893755697	0.9956083916083917	0.9964577102871578	0.9964616535297164	0.9957987808226701	0.9950805767599661	0.9966892853234103	0.9961200565363191	0.9949931224209079	0.9967579250720461	0.9973745624270712	0.9969335694837295	0.996757697174188	0.9969069965870307	0.9972534798144099	0.9955533336841551	0.9965835032011714	0.9965451259700223	0.9967740060451058	0.9969377990430622	0.9969335694837295	0.9971789663732792	0.9959876030770933	0.996654501216545	0.997094021609912	0.9965043765205962	0.9966440040503399	0.995752090973853	0.9961618981158409	0.9958533070611416	0.9966909150577039	0.9949931224209079	0.9965290311831838	0.9971827095705013	0.996559002978342	0.996110385554483	0.9952396859863036	0.9954739753583103	0.9966999445368829	0.9967522202741931	0.9959882691456396	0.9950058502896607	0.9963681048607318	0.9969256567915036	0.996061395887634	0.9963989398478912	0.9961359674607786	0.996401729491309	0.9961780443346857	0.9974292530437644	0.9963836250542456	0.9967471717666023	0.9959175401007586	0.9961359674607786	0.9958980369176678	0.9979488757275081	0.9959415801137426	0.9956700868606818	0.9955323485885014	0.9961264975237252	0.9959001634394304	0.9950643542757417	0.9958920342330481	0.9961609707643159	0.9961618981158409	0.9941581992856945	0.9952506596306069	0.9966231772831926	0.9958915834522111	0.9963945615676777	0.9960111366921882	0.9959011791128579	0.9964781897340618	0.9972938369318513	0.9961575153699386	0.9959693220623635	0.9959825912286575	0.9961434835437688	0.9966252075225213	0.9966338192578115	0.9965554543384195	0.9955167916530812	0.9967479198406187	0.9954189204106414	0.9950305703676819	0.997261039686976	0.9959496678727656	0.9965345748902175	0.9956808736044332	0.9972510044406852	0.995792736935341	0.9955906821963394	0.9956982847248526	0.9957964478592506	0.995696305318717	0.9957524777213292	0.9953495745917667	0.9968263211530063	0.9959518660234016	0.9968970771575011	0.9950955804492002	0.9956520586441846	0.9954495966053433	0.9953068972790551	0.9954300069485275	0.9952933968307015	0.9954744925946243	0.9956834131669823	0.9955837630569879	0.9953633451357276	0.9961137466162794	0.6351229560963049	0.6224800139033715	0.5194342935788525	0.674151654796816	0.0	0.6283205078040085	0.6934917400164766	0.6547492223121831	0.6224800139033715	0.6224800139033715	0.6224800139033715	0.0	0.6683664868509778	0.6224800139033715	0.0	0.0	0.6319015718726739	0.6551680459381861	0.6963707197047365	0.700414972899729	0.6488224597507428	0.681273081870617	0.6386525736873765	0.7149420442571128	0.6116696506449983	0.6706942368377347	0.6518502854726158	0.6664311541498691	0.6661116430087832	0.32994031123427836	0.6936149150305231	0.681273081870617	0.7037464928205974	0.6309728429013406	0.6664311541498691	0.6664311541498691	0.6930477325987748	0.666919351442409	0.6660147309724939	0.6302861373633553	0.0	0.0	0.6551680459381861	0.0	0.6710548452220727	0.6110933576808948	0.6934237566789971	0.6110933576808948	0.6664311541498691	0.6683664868509778	0.6360987315735345	0.5997521116415718	0.7567965332570213
p22.C1	0.9962927563935471	0.9961714732841493	0.9964529024266652	0.9970719849732059	0.9956732339174921	0.9959905038248483	0.9968531838375291	0.9960222523275589	0.9961414420640405	0.9965634754718061	0.9957915369537645	0.9963310557520006	0.9971436128008463	0.9963272577771687	0.9967867068087077	0.9966520018815196	0.9962189110463814	0.99601257349089	0.9962521982298844	0.9969223159572421	0.9947008982969198	0.9962428696796841	0.9966699042597474	0.9964773227653017	0.9968910478834143	0.996916779629482	0.9965028480593456	0.996645890555673	0.997035335594669	0.9963100617663574	0.9968410245610341	0.9963169707084076	0.9964854358592045	0.9965046168186188	0.9964922857690938	0.9965028480593456	0.9967198280737473	0.9960635378260749	0.9962033034031704	0.9966639307368477	0.9962446051230313	0.9964337489127283	0.9968580858085808	0.9965056581458485	0.996170388263713	0.9962447234252508	0.9964773227653017	0.9963270076242418	0.9973993636740904	0.9961741348327633	0.9962456270087318	0.9963224026969046	0.9957745690620103	0.9964985410587744	0.9964857702500288	0.996342375793178	0.9948524365133836	0.9974858579509742	0.9964139631310585	0.9960536242818177	0.9958991538394895	0.9960990946406219	0.9963946151833222	0.9960520888574628	0.9968265089537783	0.9958816705336427	0.9964802954243841	0.9962298077201938	0.9960990946406219	0.996479079866205	0.9980242225187314	0.9969537450231142	0.9961373728880364	0.9957766963136991	0.9966754398116082	0.9957809420712244	0.9967818474377506	0.9969166710588732	0.9965048126041834	0.9965056581458485	0.9960686600221484	0.9964145751688485	0.9965401471078192	0.9960844836948756	0.9971344336373406	0.9970260422248419	0.9965143082026199	0.9962763296837659	0.9962641916936638	0.9964969082561503	0.9966369598116698	0.9966480446927374	0.9971184603590029	0.9961810196677487	0.9961907871466275	0.9962911186556732	0.9958091817019077	0.9961225508915196	0.9957435046987286	0.9950492280152159	0.9968063648588077	0.9959150547815501	0.9964751404643274	0.9958368479769258	0.9967678694431198	0.9957012507973486	0.9958055555555556	0.9958536585365854	0.9959284977272094	0.9959334164723743	0.995967854064125	0.9955007410544146	0.9957359813084112	0.9969473275240051	0.997086085363823	0.9963472102166578	0.9967367080547597	0.9965916075319886	0.9964912280701754	0.9965500641848524	0.9966562639322336	0.9969819189508052	0.9970464487726044	0.9969575914706739	0.9959481133402741	0.9964569465321023	0.5450669356317623	0.5869400151860289	0.5842732399490631	0.5527702671738234	0.6319015718726739	0.5104329311568488	0.7154881435590685	0.5635658914728683	0.5869400151860289	0.5869400151860289	0.5869400151860289	0.6319015718726739	0.6761976739303859	0.5869400151860289	0.6319015718726739	0.6319015718726739	0.0	0.6466680860123484	0.6909458567183889	0.7335924899714652	0.7018705158865732	0.6910471787674908	0.4585080448561677	0.7249559896051638	0.60098293768546	0.6363170700473813	0.6391871657754011	0.6280903209220619	0.6276983820436891	0.58932599476676	0.6875960300651967	0.6910471787674908	0.7274498660388081	0.5995330602176115	0.6280903209220619	0.6280903209220619	0.6879679033792447	0.5550777676120768	0.6276116521515295	0.4035203744213257	0.6319015718726739	0.6319015718726739	0.6466680860123484	0.6319015718726739	0.6758640964260216	0.5616678512200901	0.6877507963430274	0.5616678512200901	0.6280903209220619	0.6761976739303859	0.6913885455294602	0.595523765574527	0.7533075848467418
p22.D1	0.995842114256422	0.9962627095355867	0.9958452206187851	0.9966839716234949	0.9959583522924975	0.9960534856549397	0.9966154647227284	0.9961757457295828	0.9960654438405797	0.9965937561579822	0.9958636711335241	0.9962052812017482	0.9968491224415394	0.99641422447494	0.9965850882185544	0.9970073727453275	0.9955903428508434	0.9955644584346831	0.9964017566227511	0.9967014546044449	0.9950421970308888	0.9963312651739952	0.9962591813887448	0.9963448313207343	0.9963670135758966	0.9967293754415343	0.9959558535758082	0.9960723110937704	0.9967396734414851	0.9963952111564268	0.9963444038267092	0.9966070065315125	0.9960676366496264	0.9964502461926028	0.99641422447494	0.9959558535758082	0.996691319579603	0.995882080231258	0.9956362842960781	0.9965334792921	0.9963348765432098	0.9962092062134815	0.9965163135317822	0.9956849768365321	0.9963245933900562	0.9963330457290768	0.9963448313207343	0.9964152802101576	0.9970054989927587	0.9966973208438915	0.9964774951076321	0.9965758115326667	0.995844913458628	0.9963644315665746	0.9963470578240924	0.99681277071018	0.9947704332667923	0.9970683951480594	0.9958097863542384	0.9961503364891069	0.9958270644675958	0.9962527532252067	0.9964856138746822	0.996150283663309	0.9971921543094328	0.9958095781071836	0.9963414634146341	0.9963806321069281	0.9962527532252067	0.996627270106659	0.9982817432033397	0.9967119972643818	0.9956522864315106	0.9962886597938144	0.9962653000027261	0.995850622406639	0.9957833105041227	0.9971471549354219	0.9956839485251284	0.9956849768365321	0.9950114491331371	0.9959249535061809	0.9965929739551787	0.9962074390380942	0.9967463803481373	0.9967560724740882	0.995934284766014	0.9960086388364909	0.9959258621679004	0.9961852006688964	0.9961120608834722	0.9961246701846965	0.996876708050285	0.9960813784958935	0.9960912400942386	0.9958471294685448	0.9959308240081384	0.9962192271061214	0.9959772770514528	0.9956840860983589	0.996306606763871	0.9961144377910846	0.9966092853416797	0.9963878632204206	0.9972110723036022	0.9961828939117158	0.9958748804808086	0.9964289521372988	0.9961612284069098	0.9963202943764499	0.9961718301386344	0.9961208018745118	0.996414845408134	0.9970251091703056	0.9968877968877969	0.9959122085048011	0.9965524446301713	0.9962621959598735	0.9961553448499805	0.9962087304512663	0.9961064955718242	0.9965708113946267	0.9966280121720537	0.9965613358689139	0.995571302037201	0.9961423626707533	0.6273927252663299	0.2521819266005313	0.6726618705035972	0.5541329739442947	0.6551680459381861	0.675349874086612	0.7294307730549341	0.4971915371653248	0.2521819266005313	0.2521819266005313	0.2521819266005313	0.6551680459381861	0.6251069655998631	0.2521819266005313	0.6551680459381861	0.6551680459381861	0.6466680860123484	0.0	0.621257357331741	0.6522227017695296	0.6217658042144572	0.6004503919275908	0.6371864822569048	0.7254539479089639	0.6576387980286973	0.3245663698594884	0.12353826560148196	0.29941618015012506	0.30677684232408275	0.6623861681144824	0.6234881832556947	0.6004503919275908	0.7065657383419689	0.6052008438455245	0.29941618015012506	0.29941618015012506	0.6168920075303782	0.5872465549021328	0.29831888900490755	0.6211905685589896	0.6551680459381861	0.6551680459381861	0.0	0.6551680459381861	0.6260475457499572	0.6609143203148653	0.6166552550496405	0.6609143203148653	0.29941618015012506	0.6251069655998631	0.5502799552071669	0.6609145815358067	0.7388132692150949
p22.D4	0.9961211568079402	0.9960905236495787	0.9961444580051038	0.9972789856058338	0.9959516340920668	0.9960993368872708	0.9971591649508718	0.996026565249475	0.9957737690038575	0.9955964545813809	0.9957423859669041	0.9963043535239693	0.9968440271257173	0.9963540119372349	0.9968364351469206	0.9962637722264645	0.9958600132479576	0.9952109202489174	0.9962529805836267	0.9972933470470416	0.9945005862319245	0.9961894981487988	0.9958408580966454	0.9969915437987857	0.996745165613632	0.9961452733709191	0.9965524446301713	0.996536548527382	0.9968664419633453	0.996098281134662	0.9966772234048077	0.9961745536979314	0.9965355240019947	0.9964439346142816	0.9963540119372349	0.9965524446301713	0.9966017659675218	0.9953811254748695	0.9962047781569966	0.9963182494712379	0.9961069081672097	0.9962024955029553	0.9967719261708275	0.995997349237906	0.9959395574117579	0.9961913508549202	0.9969915437987857	0.9961890661841312	0.9966447529938078	0.9963193334855056	0.9963870606357653	0.9969553172230299	0.9958931672225132	0.9960833721344252	0.9963406331555656	0.9959580511251912	0.9950160500084474	0.9972525992565857	0.9961075530035336	0.9960574807873611	0.9961622651164113	0.9958144601800355	0.9963931986030801	0.9961142525735828	0.9967389532039784	0.9961461604339138	0.9963350190351724	0.9960015993602559	0.9958144601800355	0.9962444027155857	0.9983314227486945	0.9968387776606955	0.9964516964516964	0.9963376015420625	0.9958476752444955	0.9958985015859128	0.9967209589851099	0.9974290388760485	0.9959963941032983	0.995997349237906	0.995277353133872	0.9964678823722688	0.9962324264185294	0.9955506744389062	0.9962502037932721	0.9970686877756357	0.9965389301140769	0.9960843373493976	0.995889741599839	0.9959425145938589	0.9958280377963198	0.9958415950649923	0.9970546838346452	0.9960478558946095	0.9960578186596584	0.9959527824620573	0.9957894172231608	0.9961253758963683	0.9958337871691537	0.9956767176098031	0.9964388250883393	0.9960277259397494	0.9964464882943144	0.9963549623435448	0.9966302701008307	0.9962312587049731	0.9959228348611301	0.9965301873698821	0.9958788944447498	0.9963678124081938	0.9959453165666694	0.9960883511096044	0.995918015350562	0.9973215993877942	0.9967453436534202	0.9966497322531923	0.9970978115930661	0.9966425406610342	0.9968017057569296	0.9964671763775376	0.996651019791924	0.9970533372982617	0.9970629409019791	0.9970006781075583	0.9959256076942266	0.9958968657348581	0.6426979521466717	0.6360939221836059	0.678406008762779	0.6308498849202966	0.6963707197047365	0.6989111887543674	0.7070924682127318	0.6035038786716639	0.6360939221836059	0.6360939221836059	0.6360939221836059	0.6963707197047365	0.5837050121439611	0.6360939221836059	0.6963707197047365	0.6963707197047365	0.6909458567183889	0.621257357331741	0.0	0.5695139303254234	0.6337543053960965	0.5310592950177612	0.6526875864091499	0.7315964114538528	0.7072513783089938	0.60987506417936	0.6184985908275685	0.595557472503774	0.5985001939404387	0.6952134859111603	0.025853598624416607	0.5310592950177612	0.6907381558420231	0.6385263157894736	0.595557472503774	0.595557472503774	0.022796911386199326	0.5974768639776498	0.5950334700928526	0.6726123653902125	0.6963707197047365	0.6963707197047365	0.621257357331741	0.6963707197047365	0.5850796311818944	0.7118976154744039	0.011463790446841315	0.7118976154744039	0.595557472503774	0.5837050121439611	0.5155553513165756	0.710432103904754	0.7501517542794707
p23.A3	0.9950193038814064	0.9951984544137285	0.9955635697521323	0.996153414195867	0.9945790463546853	0.9946929695247796	0.9961327747341283	0.9949860724233983	0.9951672426922852	0.9945476280724261	0.9949871013133208	0.9950557912084943	0.9964276121407467	0.9950958537672759	0.9952265896635041	0.9957249332020813	0.9944713593616414	0.9947575748600539	0.9953965694179739	0.9960061443932412	0.9948188019918828	0.9951774314944387	0.9943786898675179	0.9954962515385476	0.9961065342512132	0.9959496678727656	0.9952348902947907	0.995923184207703	0.99625600260452	0.9958456651008716	0.9964456559501857	0.9954935182746613	0.9956455887921242	0.995674074074074	0.9952638323953864	0.9952348902947907	0.995830937320299	0.9941896541998082	0.9952390342845874	0.9953993919664237	0.995470343570167	0.9954577630957999	0.9965424819083356	0.9948619841486745	0.9948122825956579	0.9951798501016969	0.9954962515385476	0.9955028849417354	0.9958917215375092	0.9946901088527685	0.9947619736651715	0.9958384055714407	0.9943930553579052	0.9956215926103782	0.9956936958050152	0.9945025513800005	0.9933946342315079	0.9967790303770756	0.9952421652421652	0.9948328805952522	0.9945043641813853	0.9945177063268632	0.995177372111601	0.9952340986751393	0.9963504410752644	0.9944805194805195	0.9956868728361011	0.9948941947289202	0.9945177063268632	0.9951320033448812	0.9975437281036288	0.9967718308330846	0.9952764730999146	0.9945389385061721	0.9943882011223598	0.9945527927521097	0.9951463042573846	0.99681724571398	0.9948607200459255	0.9948619841486745	0.9940556682443092	0.9953374025093252	0.994477297001589	0.994415195322726	0.9956003923217038	0.9959708156375912	0.9945641289731926	0.995367362503884	0.9956961799887211	0.9947386881795861	0.9947809719370294	0.9947984764936615	0.9963215551498228	0.9949810054626625	0.9949940537102082	0.9953285942260264	0.994661577185849	0.9951881407095251	0.9948589729183054	0.9941710028718473	0.9954695691816732	0.9946378485398449	0.9953956757047847	0.9946898249301657	0.9963688202700521	0.9947846188543076	0.9945200836110955	0.9947946790052054	0.9949819975618746	0.9947091405108986	0.9945984162895928	0.9948937085113817	0.9953973155956765	0.9963054881832026	0.9955967031726318	0.9950659293917482	0.9963636363636363	0.995797006787266	0.9960089998392886	0.9962255953512369	0.9952672447996372	0.996208107957397	0.9964888435836448	0.9958337813138373	0.9939859098459247	0.9946776570773513	0.6686592655849701	0.6583502395648984	0.7271440466278102	0.6548300381547	0.700414972899729	0.7211264111152462	0.6888385319470364	0.6479377839916114	0.6583502395648984	0.6583502395648984	0.6583502395648984	0.700414972899729	0.5244152255728646	0.6583502395648984	0.700414972899729	0.700414972899729	0.7335924899714652	0.6522227017695296	0.5695139303254234	0.0	0.6101900149031296	0.49983147960903274	0.6921684210526315	0.6811658202693751	0.6922601439357146	0.6471298052059989	0.6519151138716356	0.6347305389221557	0.6376604231703087	0.7134419637247099	0.5716060173897042	0.49983147960903274	0.7153525239883187	0.6534615053021813	0.6347305389221557	0.6347305389221557	0.5659596006073713	0.6581769436997319	0.6342544316996872	0.7168782518210197	0.700414972899729	0.700414972899729	0.6522227017695296	0.700414972899729	0.5259601199257602	0.6889710087545642	0.5664213431462741	0.6889710087545642	0.6347305389221557	0.5244152255728646	0.5309072077585801	0.6957660410301179	0.7319284802043422
p23.B2	0.9943891940032655	0.9950524780507336	0.9950714779801706	0.9958167274371802	0.9942650334075723	0.9941181231956399	0.9955120579647453	0.9948339483394834	0.9947793770646531	0.9946294937637564	0.9947460078514714	0.9947521548794084	0.9956186612576065	0.9947547053378587	0.9951945894636924	0.9958112812385023	0.9944355208811382	0.9947222470703998	0.9950098916349248	0.9958396581773206	0.9944644099234872	0.9948366820069593	0.9949711623149701	0.9949866216025912	0.9959389998012098	0.9954335417232943	0.995205720631653	0.9954917258321411	0.9959039895142131	0.9955455961522696	0.9959381304640215	0.9953155382711685	0.9954821326511172	0.9955849889624724	0.9947547053378587	0.995205720631653	0.9955711225612227	0.9944378228049265	0.9951800396937908	0.995099233747597	0.9952681388012619	0.995397452267126	0.9961965904186448	0.994691823207459	0.9948072336442955	0.9948392887193582	0.9949866216025912	0.9953595627170757	0.9962633754175395	0.995281058942245	0.9952543162430488	0.9956112852664577	0.9937802745851128	0.9950792160878346	0.9954872581406323	0.994866558892765	0.993675148604726	0.996001230390649	0.9948654695657162	0.9942899628252788	0.9942890960201213	0.9946007218924321	0.9948754618043142	0.994776885453777	0.9961438511191215	0.9942641464574418	0.995480059084195	0.9948897736050865	0.9946007218924321	0.9951291379776902	0.9973155232784334	0.9963135905627919	0.9949509869746207	0.9940716556405189	0.9949797203392234	0.9942321352464839	0.995368045091802	0.9964738499636618	0.9946905089408529	0.994691823207459	0.994416732796735	0.995193128164287	0.9951292324613088	0.9946431707745448	0.996138560838806	0.9959183673469387	0.9952231590457828	0.9950804754592504	0.9954269659563021	0.9950610583446404	0.9947759694595137	0.9947936035701004	0.9958650883736014	0.9945285020378538	0.9945428221405501	0.9947986675238151	0.9940680090233103	0.9947924505583817	0.9940866908103214	0.9939893525674052	0.9949790554886097	0.9943260448380847	0.9954763388140965	0.9942365519545606	0.9959390313236051	0.9946941323345818	0.9939128456024576	0.9942882493206898	0.994203477913252	0.9944250291229821	0.9939910007404454	0.994400259698101	0.9952460682891826	0.996082327892122	0.9954828262166538	0.9951201415444324	0.996096503117376	0.9958272599959987	0.9957952615832457	0.9958730766077236	0.9952080778116889	0.9959305099492015	0.9961515436585991	0.9952648952865415	0.9948449154738934	0.9950034317089911	0.6785348360655737	0.6535759479862111	0.6943165684292045	0.6771325487501074	0.6488224597507428	0.7168888703138714	0.6734166893177493	0.6234092131206309	0.6535759479862111	0.6535759479862111	0.6535759479862111	0.6488224597507428	0.5949552184244197	0.6535759479862111	0.6488224597507428	0.6488224597507428	0.7018705158865732	0.6217658042144572	0.6337543053960965	0.6101900149031296	0.0	0.6388998899889988	0.7008089660402798	0.6788945843548028	0.6528713506576836	0.6233490878572375	0.6199350620468799	0.6138007543820723	0.6133706716451082	0.6560282124752039	0.6386202022878849	0.6388998899889988	0.7134018014984427	0.6543284877413755	0.6138007543820723	0.6138007543820723	0.6313368132354242	0.6737988634406751	0.6132859364585648	0.7010908782206375	0.6488224597507428	0.6488224597507428	0.6217658042144572	0.6488224597507428	0.5963662923399982	0.6409172372593172	0.6317604917525317	0.6409172372593172	0.6138007543820723	0.5949552184244197	0.6052406465264959	0.6390380467208224	0.6967773222236917
p23.B8	0.9957190559091298	0.9955916792946687	0.9956140350877193	0.9966229097445395	0.995034356882113	0.9953667551668489	0.9964259626421789	0.9953981194784536	0.9954021683601068	0.9953684091615126	0.9952563556313023	0.9954871041376958	0.9964767596628129	0.9957291525881876	0.996148798995835	0.9957423580786027	0.9943041999612907	0.9950078898292928	0.9957958128568588	0.996640749871319	0.9948079499776686	0.9956455887921242	0.9953173777315296	0.9955203214508729	0.9963324848783425	0.9960917007659217	0.9960533193936226	0.9961696805461462	0.9964956656917767	0.9956736222861213	0.9964940528748767	0.9953477816861455	0.9959020699800357	0.9958092941818077	0.9957291525881876	0.9960533193936226	0.9959295193487231	0.9951052775499043	0.9955180235577055	0.9958190702657503	0.9958563535911602	0.9959434366519069	0.9967450459599511	0.9946369308376477	0.9952389246937235	0.9956477076124568	0.9955203214508729	0.995830132777351	0.9963974782347643	0.9953722219048163	0.9954574769368814	0.9959077176599835	0.9951164330647831	0.9957797813159409	0.9960833286030538	0.9950511292174768	0.9932283731166412	0.9968735681750802	0.9958570402695686	0.9956546598056032	0.9953900002845679	0.9950064571674558	0.9959898026410015	0.9957054146596251	0.9962063268677721	0.9953706349659942	0.9960773166571916	0.995311740659215	0.9950064571674558	0.9955468162627956	0.9977694788227947	0.9968115942028986	0.9958265287606605	0.9951188572058904	0.9953250587785007	0.9952104658164103	0.9965852871585287	0.9968551824513983	0.9946356490333546	0.9946369308376477	0.9946997431834326	0.9956968617239962	0.9956473327259844	0.9951816055679225	0.99589450788472	0.9964317809377808	0.9951465734808775	0.995698276570677	0.995339872853321	0.994440802412482	0.9952716715055994	0.9952870490312268	0.9965831138005686	0.995371491617556	0.9953831700442893	0.9956976548000674	0.9950335570469798	0.9956014700350146	0.9951485418370128	0.9944570073355027	0.9959111504033595	0.995276599151389	0.9958157901618766	0.9951688228031563	0.9962885520125457	0.9951048759810759	0.9952343129467831	0.9953492101675888	0.9951875481245187	0.9951052504881376	0.9951733216322949	0.9950126641773507	0.9952813902635517	0.9963606512518812	0.995975469528555	0.9957385973111924	0.9967035554509065	0.9963378032326459	0.9964094291512723	0.9964398734177216	0.9958230283044792	0.9965642246510118	0.9967316671244164	0.9961881886063391	0.9947819811818257	0.994378149032087	0.6281353626392314	0.6249946574347138	0.6969958847736626	0.6199991405612135	0.681273081870617	0.7001745767528724	0.6927842098517538	0.6049904197874935	0.6249946574347138	0.6249946574347138	0.6249946574347138	0.681273081870617	0.4990637580750866	0.6249946574347138	0.681273081870617	0.681273081870617	0.6910471787674908	0.6004503919275908	0.5310592950177612	0.49983147960903274	0.6388998899889988	0.0	0.6575079338566895	0.6891119298691399	0.7062689585439839	0.6066234824760843	0.5999307389290507	0.5949154005524862	0.5978607780557232	0.6731611665067379	0.5257798165137615	0.0	0.6739591565112506	0.6155295730009851	0.5949154005524862	0.5949154005524862	0.523731063206554	0.6268222820743021	0.5943901806551992	0.6818106723938543	0.681273081870617	0.681273081870617	0.6004503919275908	0.681273081870617	0.4986420678029594	0.7000799562344822	0.5250137186756905	0.7000799562344822	0.5949154005524862	0.4990637580750866	0.5007428040854225	0.70946368296037	0.7344345616264295
p24.B5	0.9963104907905274	0.9960514689639938	0.99635655680712	0.9962303321678322	0.9952108052842575	0.9951191501579099	0.9961281883584042	0.9955858062311329	0.9957611447753976	0.9955264871598856	0.9948139283068331	0.996241391999159	0.9962315502983357	0.9962348989652744	0.99662616154396	0.9966920910905164	0.9956255710290982	0.9956009200690051	0.9958129201321636	0.996086637497622	0.9950190284307141	0.9961514486272597	0.9952498627127951	0.9956999782277378	0.9965155838454784	0.996794113782683	0.9965429641463478	0.9962911693264033	0.9966723008662581	0.9966179617935371	0.9960409449639257	0.9955922081615243	0.9961032122169563	0.9959711070822181	0.9963980067164988	0.9965429641463478	0.9966198284772467	0.994871935501563	0.9960289204140877	0.9965708601643893	0.9958731477634677	0.9959898026410015	0.9960030303821938	0.9960128651550996	0.9948452107056528	0.9961533252065556	0.9956999782277378	0.9959019775021315	0.9964978521984186	0.99573347077857	0.9952192131387272	0.9954542950024795	0.9948532056780763	0.9960720760314233	0.9960726279241846	0.995093201754386	0.9939784581460436	0.996648558069137	0.9964296587418007	0.9955563200596314	0.9958931066936657	0.9953107019562716	0.9958922210731932	0.9956641932198458	0.9970187654421824	0.9958758162447016	0.9960665830578042	0.9949242945629732	0.9953107019562716	0.9951556290430191	0.99758765491978	0.9962201311059421	0.9955028724427462	0.9949669533475292	0.9952576754385964	0.9952805597475648	0.9953306342780027	0.9960887590936351	0.9960119110922047	0.9960128651550996	0.995153738739972	0.9953265889597537	0.9960696807566498	0.9950549605809715	0.9963488733277023	0.9960768721007289	0.9960270052510211	0.9958524459581949	0.9965426834538592	0.9959313313733725	0.9961774970915739	0.9961899503036996	0.9962070679327212	0.9959554560897349	0.9959656813964122	0.9959124992952585	0.9949395709402169	0.9960553412419874	0.9947237485989229	0.9943588750933274	0.9967062470591491	0.9953451043338684	0.9960158318261645	0.9949399795445981	0.9968574870371341	0.9951746449525689	0.9948905310001923	0.994960190869367	0.9950085488941591	0.9951195966963424	0.995050049499505	0.9946316809385393	0.996079335793358	0.9961582789089513	0.9961853010593337	0.9951733458366661	0.9959315449629902	0.9955238726790451	0.995588273683661	0.9956873743253254	0.9955905859008984	0.9961468537161153	0.9961978233916517	0.9962048839217944	0.9954948691565394	0.9958854291099254	0.2503262997607135	0.6376571525654094	0.6242318587927653	0.5160363366703744	0.6386525736873765	0.5651998022205241	0.7451351462541655	0.639214349622939	0.6376571525654094	0.6376571525654094	0.6376571525654094	0.6386525736873765	0.6868632928031548	0.6376571525654094	0.6386525736873765	0.6386525736873765	0.4585080448561677	0.6371864822569048	0.6526875864091499	0.6921684210526315	0.7008089660402798	0.6575079338566895	0.0	0.7200099552015928	0.6020002740101384	0.630192031131038	0.6373547432917811	0.6186747244329063	0.6227321011259825	0.5947970218046446	0.6490429209882789	0.6575079338566895	0.728000320140862	0.3574559168280501	0.6186747244329063	0.6186747244329063	0.6499727131522606	0.5823188277480189	0.6181872416584991	0.38886075949367094	0.6386525736873765	0.6386525736873765	0.6371864822569048	0.6386525736873765	0.6861076859843814	0.5794815019835778	0.6493490130197397	0.5794815019835778	0.6186747244329063	0.6868632928031548	0.6446371443003873	0.6063738545569448	0.7636071500301265
p24.H2	0.9946018092837016	0.9953715608125482	0.9951326286685291	0.9967546211372936	0.9946323284013795	0.9949347990085139	0.9965451159275553	0.9951635259075762	0.9952271522008131	0.9951341052323025	0.9951052662617208	0.995110422948415	0.9964622323044101	0.9950961161239702	0.995614684879552	0.9961547161275729	0.9950441159619572	0.9944861707200763	0.9956652512384997	0.9966034134291489	0.994497219647822	0.9952344910716788	0.9950315143944126	0.9956118143459916	0.99605561861521	0.9960091220068416	0.9950182753485853	0.9954674220963173	0.9965090274368625	0.9960967354514685	0.996534121440086	0.9950228243263143	0.9952663365797921	0.9956478969803559	0.9952650453883223	0.9950182753485853	0.9960967993754879	0.9938993246694285	0.9950123274860431	0.9954556520327842	0.9955303421007392	0.995042745191166	0.9966857974294722	0.9953027139874739	0.995114006514658	0.9952368944551848	0.9956118143459916	0.9955626351120719	0.9966915507295555	0.9951352634076887	0.9943797320908562	0.9959572953736655	0.9946482742830977	0.995681940853953	0.9957567185289957	0.9945564344645743	0.9940326449423741	0.9968167983693073	0.9948976666857765	0.9949509949509949	0.9946200005912087	0.9949639430240181	0.995297758995268	0.9954472819368649	0.9963979811941112	0.994596520396651	0.9957499557287055	0.9951915941942953	0.9949639430240181	0.995434338579839	0.9975242712154403	0.9968634082478726	0.9953316162266581	0.9944784574011558	0.9950399637208776	0.994778216079689	0.9958470371815598	0.9969347422763571	0.9953015524110455	0.9953027139874739	0.9946481665014866	0.9957101054007216	0.9954213652180738	0.9946761832329024	0.9954053444582253	0.996470395096859	0.9949372914509262	0.9947694581840923	0.995069917533166	0.9952276363241953	0.9953269688369026	0.9953427240778308	0.9968971750802688	0.9951767592282815	0.9951893665535844	0.99477280691508	0.9949389616529017	0.9954608308783743	0.9949714673145376	0.9939357533110215	0.9948670891520661	0.9948301125210804	0.9958053691275168	0.9946318805106668	0.9963488843813387	0.9948685963768321	0.9947740634496861	0.9947375709735494	0.9952394526795895	0.9946515172509353	0.9948531293542241	0.9948656974544668	0.9955494489082709	0.9964834666212921	0.9960843288028829	0.9958392704474209	0.9967783854025665	0.9964605811497402	0.9965817026888811	0.9963690963690963	0.9958695342543797	0.9966366770369125	0.9969827218126441	0.9962449685279736	0.994298384542287	0.9951719975859988	0.7096680134960636	0.7320768662232077	0.7222970130416491	0.7038687973086628	0.7149420442571128	0.7302033393949413	0.6412277448071216	0.6868138909059844	0.7320768662232077	0.7320768662232077	0.7320768662232077	0.7149420442571128	0.6883631713554987	0.7320768662232077	0.7149420442571128	0.7149420442571128	0.7249559896051638	0.7254539479089639	0.7315964114538528	0.6811658202693751	0.6788945843548028	0.6891119298691399	0.7200099552015928	0.0	0.7286165017072221	0.7243241032353062	0.7233893845331579	0.7194412583975094	0.7192615384615384	0.7225873979485032	0.7294146723235985	0.6891119298691399	0.6075200291332847	0.6958312321398554	0.7194412583975094	0.7194412583975094	0.7287843330459416	0.7034529166841905	0.7190960544664097	0.731610337972167	0.7149420442571128	0.7149420442571128	0.7254539479089639	0.7149420442571128	0.689536220774243	0.709820844775729	0.7291495649318667	0.709820844775729	0.7194412583975094	0.6883631713554987	0.7000167728950017	0.7304500342231348	0.6675074317629042
p25.A12	0.9968998718216234	0.9967820715414452	0.9969889982628836	0.9973018262376097	0.9959168834074447	0.995854220295353	0.9971487535980014	0.996142089800279	0.9963241833165353	0.9969053934571176	0.9953678959558169	0.9968332832846496	0.9973653475296738	0.9969018448105901	0.9968998718216234	0.9963278203193943	0.9963987323537885	0.9967948717948718	0.9963788548870618	0.9971467314537544	0.9945457197024938	0.9968154661255777	0.9963166009936612	0.9965760208268485	0.9970882932259998	0.9974072052401747	0.9967076621680453	0.9965273067636127	0.9969261170271161	0.9968973091707852	0.9969451203027845	0.9963858277047043	0.996306530601078	0.9963692012242693	0.9970713300104193	0.9967076621680453	0.9972660112849747	0.9961798329389628	0.9964951273722004	0.9971729143447413	0.9964252767527675	0.9965665492326984	0.9971261251491161	0.996464186072208	0.9956268221574344	0.9968170807278464	0.9965760208268485	0.9964512620914658	0.9966112313475339	0.9970175961825232	0.996634671661009	0.9966766938833977	0.9956235063775878	0.9966275115036154	0.9963513393254427	0.9964665317869661	0.9943745766206227	0.9971331403355912	0.9967728922952803	0.9961152283050442	0.9961648234034962	0.9961020659050703	0.9964665369067226	0.9962364938691272	0.9975188712967051	0.996147988891875	0.9963454853373741	0.9956967396826345	0.9961020659050703	0.9959472538107912	0.9980114633290443	0.997200186654223	0.9964931211222012	0.9956835774510086	0.9963229006328032	0.9959753382428498	0.9964661337820783	0.9972671681368039	0.9964633068081344	0.996464186072208	0.9954413356886432	0.9964264272849424	0.9970819422171981	0.9964117647058823	0.9960856616082825	0.9971647214269984	0.9959193123607212	0.9962268465584267	0.996905420021632	0.9970026431237908	0.9961343180244634	0.9961474325800701	0.9967674462825632	0.9966362999299229	0.9966451396460623	0.9964764952873124	0.9955228474690098	0.996672816914189	0.9956220150102343	0.9951664412924015	0.9973497724261104	0.9962476026350168	0.9966792781512834	0.9956637291928941	0.9974435681261898	0.995950493355387	0.9956565223603372	0.9957656628687634	0.995782406610432	0.9954276792684287	0.9958233207460808	0.9953232910979389	0.9967542225160786	0.996802557953637	0.9964295915452728	0.9963283804715737	0.9969481457260416	0.9966951173951778	0.9965861059932806	0.9968132743605945	0.996531261646074	0.9969813237036619	0.9969901966404862	0.9971198782741006	0.9959175401007586	0.9969675249489993	0.5975904714096655	0.6432367791655593	0.6141779372527372	0.6216472073209214	0.6116696506449983	0.6204055766793409	0.7194288987793593	0.6584110505014957	0.6432367791655593	0.6432367791655593	0.6432367791655593	0.6116696506449983	0.7114272447127359	0.6432367791655593	0.6116696506449983	0.6116696506449983	0.60098293768546	0.6576387980286973	0.7072513783089938	0.6922601439357146	0.6528713506576836	0.7062689585439839	0.6020002740101384	0.7286165017072221	0.0	0.6365118533533092	0.6523317875579666	0.6300189937718097	0.6293149229952204	0.5937645200260199	0.7049263585576435	0.7062689585439839	0.7238623938094036	0.6387832699619772	0.6300189937718097	0.6300189937718097	0.7041974267032272	0.66261424760572	0.6295280640452917	0.6121796336059208	0.6116696506449983	0.6116696506449983	0.6576387980286973	0.6116696506449983	0.7121883305910643	0.4593743439009028	0.7046892131230497	0.4593743439009028	0.6300189937718097	0.7114272447127359	0.6914567733151804	0.02157838128529177	0.756864406779661
p25.B2	0.9958614433924826	0.9962794769382284	0.9958640086028621	0.9966986875930185	0.9960295254083726	0.9959923466749405	0.9966298543060093	0.9960235765250007	0.9959138815307446	0.996609409588926	0.9960243613601759	0.9961168590862891	0.9968625213918996	0.9964300093947122	0.9966577918767349	0.9969391624681727	0.995858134240338	0.9955851775897918	0.9964183987140077	0.9967160161507402	0.9949811446317658	0.9963474243970565	0.996275858319515	0.9961986412164349	0.9965196584914895	0.9967433499205377	0.9961817190056884	0.9962969676567315	0.9969637482004973	0.9966210021740839	0.9963598812443527	0.9966226675297627	0.9962940731268105	0.9966955332725616	0.9964300093947122	0.9961817190056884	0.9967063382230833	0.9959004153883746	0.9958738259406048	0.9964440522231163	0.9963513661801822	0.996226843314704	0.9965311035750343	0.9961798877677371	0.9963419551817501	0.9963491893052722	0.9961986412164349	0.9964312956303804	0.9970188086075126	0.9967126703885284	0.9964935715478377	0.9965911260192534	0.9957810530929813	0.9963806569243748	0.9965902045877247	0.9966636829685084	0.9950194465429922	0.9970812692462176	0.9961316872427983	0.9961682561307902	0.9959031446896279	0.9960987555884614	0.9965020049483833	0.9961684719981563	0.9970794629456862	0.9958860579923963	0.9965850079024611	0.9963974697188892	0.9960987555884614	0.9966431399552419	0.9982725991032757	0.9967261203216259	0.9955930106695531	0.9962229034377053	0.9962819225445763	0.9958691162082836	0.9958018022836056	0.9971592376426838	0.9961789817645199	0.9961798877677371	0.9949518252137332	0.9959431496406012	0.9964556834749384	0.9962248322147651	0.9966524485718914	0.9967700428034978	0.9957867489122653	0.9959444746869897	0.9961742705418831	0.9964364676811028	0.9960468882971423	0.9960596524832398	0.9968639850715323	0.9960985516541072	0.9961083271137648	0.9958661527288978	0.9960021321961621	0.9962370378881452	0.9959951292112028	0.9957584215855294	0.9963232267800796	0.9959184755241048	0.996623727404945	0.996323431463967	0.9972229431611731	0.9962543766794235	0.9958932796649351	0.9964178629235545	0.9961784134956597	0.9962563721325404	0.9959702671059438	0.9963194318446904	0.9964316300314017	0.9970383653950657	0.9969016687503397	0.9959305183809471	0.9965671486528659	0.9962789679608197	0.9961716547246436	0.9962250301473287	0.9961239252081343	0.9964240582905386	0.9966431047187577	0.9964197691010507	0.9954252328721821	0.9963966333508679	0.6189080093477799	0.48314922299194907	0.6551142592124125	0.5450006746727837	0.6706942368377347	0.6499644187701452	0.7355751486569613	0.479193175927235	0.48314922299194907	0.48314922299194907	0.48314922299194907	0.6706942368377347	0.6120326600773528	0.48314922299194907	0.6706942368377347	0.6706942368377347	0.6363170700473813	0.3245663698594884	0.60987506417936	0.6471298052059989	0.6233490878572375	0.6066234824760843	0.630192031131038	0.7243241032353062	0.6365118533533092	0.0	0.30772427406368497	0.033703148425787144	0.03675280292583494	0.6339487485609516	0.6111969111969112	0.6066234824760843	0.7273339673482326	0.5830105748727099	0.033703148425787144	0.033703148425787144	0.6054596961112542	0.5949103226646979	0.03550224887556219	0.6064323176281912	0.6706942368377347	0.6706942368377347	0.3245663698594884	0.6706942368377347	0.6133436373003607	0.6514298093587522	0.6052202283849919	0.6514298093587522	0.033703148425787144	0.6120326600773528	0.5866788321167884	0.6403485838779956	0.7462824904291758
p25.C11	0.9958451906659078	0.9962653778558875	0.9958482105787595	0.9966863133878371	0.9959611629710862	0.9960561479982356	0.9966177541887814	0.9961785603079797	0.9960683373875657	0.9965962474331205	0.9958667157376214	0.9962078614954102	0.9968512542937441	0.9964167362664008	0.9965876130353182	0.997009488078732	0.9955935004131093	0.9955677561408024	0.9964044053112879	0.9967037717497028	0.9949059124819063	0.9963338365322407	0.9962618352478921	0.9963474025974026	0.9963695919202948	0.9967315989018173	0.9959585951555289	0.9960749655584726	0.9967419007330723	0.9963976755804476	0.996346866336762	0.9966094990534852	0.9960703151607241	0.9964528863207277	0.9964167362664008	0.9959585951555289	0.9966937097132696	0.9958849979561248	0.9956393764308296	0.996535826843435	0.9963375006884397	0.9962120133291561	0.9965186667013068	0.9958473298595498	0.9963273568536727	0.996335614592876	0.9963474025974026	0.9964178288214384	0.9970076169749728	0.9966997638624143	0.9964800536372779	0.9965782486107689	0.9958478840707234	0.9963670135758966	0.9963497453310696	0.9968150265414455	0.9947742533644256	0.997070443733706	0.9958127875265145	0.9961531885792443	0.9958301421155646	0.9962555380877519	0.9964882226980728	0.9961531786891884	0.9971936389148737	0.9958126815928902	0.996344159156606	0.9963833119749395	0.9962555380877519	0.9966297960594539	0.9982823116268418	0.996714244407644	0.9956552098688805	0.996291310678278	0.9962679451905527	0.9958535653881827	0.9957862529858558	0.9971490773377566	0.9958463410762474	0.9958473298595498	0.9948506974716652	0.995927849139109	0.9965952080706179	0.996210207175341	0.9967486723745529	0.9967582953377434	0.9959372063456967	0.9960114738423712	0.9959288990825688	0.9961877904851428	0.9961148462471068	0.9961274375171656	0.9968788201940334	0.9960841111468727	0.9960939590133233	0.9958501570210857	0.9959336543606206	0.9962220620043258	0.995980117880327	0.9956871686399472	0.9963092516594596	0.99611712454456	0.9966115831726008	0.9963903743315508	0.9972129610335486	0.996185597907528	0.9958778084136387	0.9964314247669773	0.9961639631740464	0.9963228436675637	0.9961745498264886	0.996123425954834	0.9964175169093202	0.9970272186767032	0.9968900043649062	0.9959151222721789	0.996554784152007	0.9962648650133201	0.9961579398250305	0.9962113239318038	0.9961092692550073	0.9965732171285179	0.9966304139385804	0.9965636633431391	0.995574486917077	0.9961450109576744	0.62611427116054	0.3330061476468461	0.6769423036867319	0.5543288003231452	0.6518502854726158	0.6682287562725501	0.723647552912803	0.4845540725369052	0.3330061476468461	0.3330061476468461	0.3330061476468461	0.6518502854726158	0.6114589180087215	0.3330061476468461	0.6518502854726158	0.6518502854726158	0.6391871657754011	0.12353826560148196	0.6184985908275685	0.6519151138716356	0.6199350620468799	0.5999307389290507	0.6373547432917811	0.7233893845331579	0.6523317875579666	0.30772427406368497	0.0	0.2848287455347762	0.28942398489140697	0.6561065004002191	0.6207265414402465	0.5999307389290507	0.6988241038369207	0.6080367492379685	0.2848287455347762	0.2848287455347762	0.6141192597669637	0.5854226125137212	0.2836998842470798	0.6184023132363731	0.6518502854726158	0.6518502854726158	0.12353826560148196	0.6518502854726158	0.6127766035457016	0.6565941212173763	0.6138817480719794	0.6565941212173763	0.2848287455347762	0.6114589180087215	0.5493102830526693	0.6556752780302046	0.739089724800521
p25.C2	0.9958698727015559	0.9962867908043467	0.9958722034178156	0.9967051070840197	0.9960371286470385	0.9959997935377309	0.9966361331056254	0.9960316343474712	0.9959221553518196	0.9966162364719371	0.9960324160054027	0.9961241318315428	0.9968683679279465	0.9964368955447799	0.9966645938153654	0.9969451203027845	0.9958662980098004	0.9955942127853102	0.9964256564689989	0.9967223684917522	0.9949911445649767	0.9963544738111831	0.9962831330204293	0.9962060058120762	0.9965264586160109	0.996749447406059	0.9961888465427393	0.9963038589780041	0.9969694594665204	0.9966273628068708	0.9963666348854588	0.9966294975142544	0.9963010237307562	0.9967022970206959	0.9964368955447799	0.9961888465427393	0.9967128887906745	0.9959084134941065	0.9958818748306691	0.9964506852509132	0.9963585587558865	0.9962345346960731	0.9965375571690654	0.9961871203555182	0.9963495257257833	0.9963562319151217	0.9962060058120762	0.9964382816748233	0.9970246145523397	0.9967193642354139	0.9965005832361273	0.99659780626548	0.9957893585607261	0.9963877345935522	0.9965971089487597	0.9966701859822952	0.9950294602217196	0.997086885640217	0.9961393132906193	0.996176070700204	0.9959114620047934	0.9961067379010486	0.996509152830992	0.9961764029438822	0.9970837214954028	0.9958944447590464	0.9965919333032898	0.9964048124557678	0.9961067379010486	0.9966500601271259	0.9982741773790338	0.9967322824353645	0.9956011730205279	0.9962303321678322	0.9962891735962512	0.9958771834653358	0.9958098694921135	0.9971645099757694	0.9961862177801157	0.9961871203555182	0.9949616707749818	0.9959510869565218	0.996462086616149	0.9962324179504354	0.996658942717034	0.9967761381804838	0.9957950860220964	0.9959524068238618	0.9961821186392387	0.9964431290079705	0.9960546864297652	0.9960674003877981	0.9968698261589404	0.9961060436336481	0.9961157816324359	0.9958744494620059	0.9960097893168759	0.9962448043571736	0.9960029167904502	0.9957667622559061	0.9963304762165567	0.9959262492394784	0.996630029033596	0.9963304703911506	0.9972281228951868	0.9962616822429906	0.9959013056105969	0.996424693450568	0.996185909660546	0.9962635149459402	0.995978151580206	0.9963262877396322	0.9964389493476156	0.9970441479553097	0.9969077198502685	0.995938505151829	0.9965735645312014	0.99628628382622	0.9961787715266841	0.9962321419226543	0.9961315280464217	0.9964309673956796	0.9966496881213739	0.9964264443120905	0.9954342923153089	0.9964034442927648	0.6054794520547946	0.46214309389649133	0.6505993584332264	0.5304596138156106	0.6664311541498691	0.6420048735400387	0.7284509360213948	0.4643654147476378	0.46214309389649133	0.46214309389649133	0.46214309389649133	0.6664311541498691	0.6029951232143628	0.46214309389649133	0.6664311541498691	0.6664311541498691	0.6280903209220619	0.29941618015012506	0.595557472503774	0.6347305389221557	0.6138007543820723	0.5949154005524862	0.6186747244329063	0.7194412583975094	0.6300189937718097	0.033703148425787144	0.2848287455347762	0.0	0.009643377001455566	0.629534784464362	0.5987302409950764	0.5949154005524862	0.7213394772384205	0.5692928230084615	0.0	0.0	0.5910605339448747	0.5809994748818484	0.0018259281801582539	0.5944778853703219	0.6664311541498691	0.6664311541498691	0.29941618015012506	0.6664311541498691	0.6043202690466951	0.64106808380886	0.5908166356515342	0.64106808380886	0.0	0.6029951232143628	0.5730105926639237	0.6336391437308868	0.7369167206740117
p25.D2	0.9958648426657604	0.996282426263565	0.9958673132025567	0.9967012762275579	0.9960325913302801	0.9959953494380571	0.9966323860839831	0.9960268259693418	0.995917218076869	0.9966121626161945	0.9960276095224679	0.9961197916666666	0.9968648788703199	0.9964327861817401	0.9966605348804302	0.9969415649443798	0.9958614263004988	0.9955888212191929	0.9964213255184852	0.9967185776917077	0.9949851771811709	0.9963502670209055	0.9962787918296393	0.9962016109479809	0.9965224006303148	0.9967458086014787	0.9961845930232558	0.996299746416188	0.9969660511586546	0.9966235669790086	0.996362604478382	0.9966254218222722	0.9962968758149481	0.9966982608943159	0.9964327861817401	0.9961845930232558	0.996708979783733	0.9959036406055016	0.9958770716358804	0.9964467268388837	0.9963542666045339	0.9962299450082204	0.9965337058306172	0.9961828041910178	0.996345008202147	0.9963520291837665	0.9962016109479809	0.9964341127473664	0.9970211498361632	0.9967153698040548	0.996496399076829	0.9965938198266936	0.9957844022884673	0.9963835109854253	0.9965929888779389	0.9966663052905465	0.9950234846790427	0.9970835340075989	0.9961347624660764	0.9961714075040413	0.9959064987860652	0.9961019746201559	0.996504887474426	0.996171670360669	0.9970811796898753	0.9958894401133948	0.9965878006824399	0.9964004308145796	0.9961019746201559	0.9966459306825675	0.9982732351447435	0.996728605077205	0.9955963019237207	0.9962258990838233	0.9962848465126369	0.9958723693143245	0.9958050553091434	0.9971613635777141	0.9961818995707928	0.9961828041910178	0.994955795411401	0.9959463503550344	0.9964582653035593	0.9962278912515019	0.9966550673032829	0.9967725006559958	0.9957901108879289	0.9959476733117572	0.9961774354585651	0.9964391537141966	0.9960500329163924	0.9960627768360037	0.9968663403516951	0.9961015727216896	0.9961113330669863	0.9958694984789708	0.9960052198460678	0.9962401699098788	0.9959982695219555	0.9957617849721098	0.9963261501343422	0.9959216101694915	0.9966262683933252	0.9963262698328187	0.9972250317694961	0.9962573226296376	0.9958965161150063	0.9964206172446707	0.9961814363254508	0.9962592523810787	0.995973446512134	0.9963221963221963	0.9964345817051257	0.9970406972008796	0.9969041088450153	0.9959337390497502	0.9965697357137289	0.9962819180928427	0.9961745244003308	0.9962278978388998	0.9961269910538948	0.9964268443393692	0.9966457594764112	0.9964224607248405	0.9954288861352059	0.9963993797471681	0.6095820155568852	0.46838551258440764	0.6502494292720047	0.5362567811934901	0.6661116430087832	0.6416428210738934	0.7282841602109774	0.4636350663558959	0.46838551258440764	0.46838551258440764	0.46838551258440764	0.6661116430087832	0.6025591146846496	0.46838551258440764	0.6661116430087832	0.6661116430087832	0.6276983820436891	0.30677684232408275	0.5985001939404387	0.6376604231703087	0.6133706716451082	0.5978607780557232	0.6227321011259825	0.7192615384615384	0.6293149229952204	0.03675280292583494	0.28942398489140697	0.009643377001455566	0.0	0.6291467168262654	0.6016744346625238	0.5978607780557232	0.7211679993634881	0.5735545148159495	0.009643377001455566	0.009643377001455566	0.5940161701759696	0.5845535206958345	0.011462882096069826	0.5986761888172792	0.6661116430087832	0.6661116430087832	0.30677684232408275	0.6661116430087832	0.6038868494925502	0.6409876112371313	0.593772972972973	0.6409876112371313	0.009643377001455566	0.6025591146846496	0.5763260308714855	0.633248730964467	0.7367652427893392
p26.B7	0.9960414920974313	0.9959572866423174	0.9959544879898862	0.9964156717858226	0.9950564971751412	0.9949157007376186	0.9963047035844376	0.9951371104652835	0.9951125549837564	0.9958266636176538	0.9943279972359783	0.9958605317624583	0.9963295484552416	0.995842223316374	0.9961865141272318	0.9962448573874148	0.9950493664867284	0.9957315833793083	0.9955399533853192	0.9962696801799331	0.9951973331073255	0.9957577250458439	0.9952598752598752	0.9955485945099333	0.9962596625384423	0.9964186231595702	0.996299037749815	0.9960455552040494	0.9964275240608921	0.9963725594793555	0.9959256630654786	0.995346298583781	0.9959071943019641	0.9956093163909162	0.9960070014221639	0.996299037749815	0.9964168829703194	0.9951565137970164	0.9959908203611026	0.9961947042968131	0.9954116890020424	0.9957170968862137	0.9960987953712734	0.9956793602232777	0.994792586054722	0.9957598139789359	0.9955485945099333	0.9954440647831764	0.996297933473312	0.9961261599838108	0.9957710101325462	0.9958014736549423	0.9946347733750629	0.995616468760404	0.995600414078675	0.9952685315846269	0.9948084548021793	0.9966442037486699	0.9959741675752747	0.9952789202340265	0.9953021875090066	0.995088208794722	0.9956177264416519	0.9953837106733314	0.9966054272018433	0.9952821997105644	0.9955935717988595	0.9948732802317162	0.995088208794722	0.9951063705092891	0.9975255141289296	0.9962119191164701	0.9955673293815244	0.9948059201340408	0.9952677459526774	0.9951516830585954	0.9953959735200371	0.9964227471197854	0.9956783164223976	0.9956793602232777	0.994857190256311	0.9954209912860077	0.9962145433153439	0.9953500313801563	0.9963140232161523	0.996362663813854	0.9951144180822687	0.9953946455819115	0.9961279804361117	0.9957875215260299	0.9958876517652324	0.995901182244033	0.9963312922297297	0.995835261453031	0.9958458906899079	0.9955003702227032	0.9947279743464319	0.9957798487779146	0.9945899693615612	0.9941918909862616	0.9963096536106685	0.99513868258298	0.9959792614538144	0.9947830339917941	0.9964308375634517	0.9949613798067606	0.9947577178043436	0.994804070145053	0.9948763644464246	0.9949649441000514	0.9948349115548027	0.9945558814979254	0.9958642784330858	0.9965105652330444	0.99614862431077	0.9954623907354825	0.9961068884239519	0.9958167164012606	0.9957595870206489	0.9957814919634752	0.995659794674902	0.9959452054794521	0.9961611216201179	0.9961170690474933	0.9945474985947161	0.9957395498392283	0.5868928159133292	0.625065002600104	0.4157913431775512	0.6345175476416314	0.32994031123427836	0.642955385541133	0.7018941024537236	0.6363361678249233	0.625065002600104	0.625065002600104	0.625065002600104	0.32994031123427836	0.6537806539509536	0.625065002600104	0.32994031123427836	0.32994031123427836	0.58932599476676	0.6623861681144824	0.6952134859111603	0.7134419637247099	0.6560282124752039	0.6731611665067379	0.5947970218046446	0.7225873979485032	0.5937645200260199	0.6339487485609516	0.6561065004002191	0.629534784464362	0.6291467168262654	0.0	0.6933668631735169	0.6731611665067379	0.7319916108735984	0.568343062415806	0.629534784464362	0.629534784464362	0.6934987063123742	0.6239357080799305	0.629059829059829	0.5452066192105021	0.32994031123427836	0.32994031123427836	0.6623861681144824	0.32994031123427836	0.652977762630996	0.5774424146147736	0.6922634218531613	0.5774424146147736	0.629534784464362	0.6537806539509536	0.6618913582321556	0.5817032941504436	0.7527970165157165
p26.D6	0.9965676039014902	0.9965213550150466	0.9965786765319462	0.9977080491132333	0.9962088621208862	0.9965062314230588	0.9975697710881154	0.9964705547490963	0.9962167543734889	0.9960083795719624	0.9961570212644824	0.9967150215494587	0.9972541122937315	0.9967773384607052	0.997284628136969	0.9962518125359088	0.9958466011352624	0.9956571757262007	0.9966976969282888	0.9977201791287827	0.9944825654670214	0.9966126497208824	0.9960204193654627	0.9969819734087387	0.9971474807317809	0.9965557133091445	0.9969360498612057	0.9969451697127938	0.9972805280528053	0.9965107980227855	0.9970849275135993	0.9961618286754045	0.9969473684210526	0.9968072254501524	0.9967773384607052	0.9969360498612057	0.9970391061452514	0.9957793186614411	0.9966048791172686	0.9967274060111007	0.9965390259434616	0.9966496764217398	0.9971810398830654	0.9961183633318268	0.9963930420617837	0.996614301191766	0.9969819734087387	0.9966183707695269	0.9970457094400526	0.9963070052388996	0.9963751826458357	0.9969455145844799	0.9963239358761746	0.9965119472672342	0.99678529771557	0.9960001095860387	0.9950847457627119	0.997677245104659	0.9965396008083492	0.9965044983095525	0.9966073668605314	0.9962623271326299	0.9968420750437803	0.9965681712424383	0.9970385196683142	0.9965930888373558	0.9967803515970026	0.9964483143814625	0.9962623271326299	0.9966969925247725	0.9983289324301915	0.9972529649488893	0.996857877379314	0.9963257638543566	0.9960269618588339	0.9963258479339749	0.9971432421506535	0.9974212034383955	0.9961174343154984	0.9961183633318268	0.9953997809419496	0.9968973943603965	0.9966029508695432	0.9959614787200994	0.9962382445141066	0.9974845098766086	0.9965276813244812	0.9965128092479201	0.9963390025944077	0.9959300493645625	0.9958145078581923	0.9958281530598149	0.9974650463870378	0.9964684315522726	0.9964773582876196	0.9963922320245779	0.9962082504168235	0.9965780239538323	0.9962591813887448	0.9956627437979999	0.9968717991307477	0.9964447058194552	0.9968562521285793	0.9963434962628381	0.9970404127707498	0.9962191780821917	0.9963505652507958	0.9965193177862861	0.9963082348403449	0.9963564271553341	0.9963736263736264	0.9960763798064347	0.9962516579205352	0.9973130072384295	0.9971751412429378	0.9970810155862753	0.9975095684999737	0.9970747323104096	0.9972104179158954	0.9968806999920696	0.9970821404976877	0.9974789915966387	0.997495183044316	0.9974111555660156	0.9959123519270341	0.9958841180063198	0.6396666948650707	0.6385138004246285	0.6771610631340655	0.6282946899241417	0.6936149150305231	0.6972072513473787	0.7060770667119334	0.6073889906656198	0.6385138004246285	0.6385138004246285	0.6385138004246285	0.6936149150305231	0.5848722377219786	0.6385138004246285	0.6936149150305231	0.6936149150305231	0.6875960300651967	0.6234881832556947	0.025853598624416607	0.5716060173897042	0.6386202022878849	0.5257798165137615	0.6490429209882789	0.7294146723235985	0.7049263585576435	0.6111969111969112	0.6207265414402465	0.5987302409950764	0.6016744346625238	0.6933668631735169	0.0	0.5257798165137615	0.6895698436920031	0.6345990845906087	0.5987302409950764	0.5987302409950764	0.025853598624416607	0.6004459406286888	0.598209652309289	0.6715115064945913	0.6936149150305231	0.6936149150305231	0.6234881832556947	0.6936149150305231	0.5862496128832455	0.7085378644850011	0.014514236304119521	0.7085378644850011	0.5987302409950764	0.5848722377219786	0.5150634371395617	0.7081501946502574	0.749878108239883
p26.E7	0.9957190559091298	0.9955916792946687	0.9956140350877193	0.9966229097445395	0.995034356882113	0.9953667551668489	0.9964259626421789	0.9953981194784536	0.9954021683601068	0.9953684091615126	0.9952563556313023	0.9954871041376958	0.9964767596628129	0.9957291525881876	0.996148798995835	0.9957423580786027	0.9943041999612907	0.9950078898292928	0.9957958128568588	0.996640749871319	0.9948079499776686	0.9956455887921242	0.9953173777315296	0.9955203214508729	0.9963324848783425	0.9960917007659217	0.9960533193936226	0.9961696805461462	0.9964956656917767	0.9956736222861213	0.9964940528748767	0.9953477816861455	0.9959020699800357	0.9958092941818077	0.9957291525881876	0.9960533193936226	0.9959295193487231	0.9951052775499043	0.9955180235577055	0.9958190702657503	0.9958563535911602	0.9959434366519069	0.9967450459599511	0.9946369308376477	0.9952389246937235	0.9956477076124568	0.9955203214508729	0.995830132777351	0.9963974782347643	0.9953722219048163	0.9954574769368814	0.9959077176599835	0.9951164330647831	0.9957797813159409	0.9960833286030538	0.9950511292174768	0.9932283731166412	0.9968735681750802	0.9958570402695686	0.9956546598056032	0.9953900002845679	0.9950064571674558	0.9959898026410015	0.9957054146596251	0.9962063268677721	0.9953706349659942	0.9960773166571916	0.995311740659215	0.9950064571674558	0.9955468162627956	0.9977694788227947	0.9968115942028986	0.9958265287606605	0.9951188572058904	0.9953250587785007	0.9952104658164103	0.9965852871585287	0.9968551824513983	0.9946356490333546	0.9946369308376477	0.9946997431834326	0.9956968617239962	0.9956473327259844	0.9951816055679225	0.99589450788472	0.9964317809377808	0.9951465734808775	0.995698276570677	0.995339872853321	0.994440802412482	0.9952716715055994	0.9952870490312268	0.9965831138005686	0.995371491617556	0.9953831700442893	0.9956976548000674	0.9950335570469798	0.9956014700350146	0.9951485418370128	0.9944570073355027	0.9959111504033595	0.995276599151389	0.9958157901618766	0.9951688228031563	0.9962885520125457	0.9951048759810759	0.9952343129467831	0.9953492101675888	0.9951875481245187	0.9951052504881376	0.9951733216322949	0.9950126641773507	0.9952813902635517	0.9963606512518812	0.995975469528555	0.9957385973111924	0.9967035554509065	0.9963378032326459	0.9964094291512723	0.9964398734177216	0.9958230283044792	0.9965642246510118	0.9967316671244164	0.9961881886063391	0.9947819811818257	0.994378149032087	0.6281353626392314	0.6249946574347138	0.6969958847736626	0.6199991405612135	0.681273081870617	0.7001745767528724	0.6927842098517538	0.6049904197874935	0.6249946574347138	0.6249946574347138	0.6249946574347138	0.681273081870617	0.4990637580750866	0.6249946574347138	0.681273081870617	0.681273081870617	0.6910471787674908	0.6004503919275908	0.5310592950177612	0.49983147960903274	0.6388998899889988	0.0	0.6575079338566895	0.6891119298691399	0.7062689585439839	0.6066234824760843	0.5999307389290507	0.5949154005524862	0.5978607780557232	0.6731611665067379	0.5257798165137615	0.0	0.6739591565112506	0.6155295730009851	0.5949154005524862	0.5949154005524862	0.523731063206554	0.6268222820743021	0.5943901806551992	0.6818106723938543	0.681273081870617	0.681273081870617	0.6004503919275908	0.681273081870617	0.4986420678029594	0.7000799562344822	0.5250137186756905	0.7000799562344822	0.5949154005524862	0.4990637580750866	0.5007428040854225	0.70946368296037	0.7344345616264295
p27.D6	0.994804445085871	0.9955470206785227	0.9956255958723571	0.997223520356269	0.9948491338411907	0.9955072121068811	0.9968672668878008	0.9954077093079992	0.995613406347659	0.9955782506989217	0.9953509728519773	0.9955766276421042	0.9969715324046032	0.9956867134394365	0.9959057751636249	0.996391283986667	0.9963487373878143	0.9948969236568181	0.9958959935713466	0.9970737843898704	0.9946412454873647	0.9957668778675989	0.9954925059454676	0.9959711678131937	0.9961013106232373	0.9963995446482937	0.9952465207172472	0.9957103005421338	0.9967286363999043	0.9963000425894378	0.9966973342769521	0.9954720009170631	0.9955428207577205	0.9961435861749014	0.9958511886890302	0.9952465207172472	0.996368345485769	0.9944728478651375	0.9953065900996659	0.9959113690319177	0.9958983230558889	0.9952917388792606	0.9968457575438966	0.996870486278286	0.9955122752471182	0.9957689577987662	0.9959711678131937	0.9959828231056933	0.9969972451790634	0.9954685831385113	0.9948126311015364	0.9963119072708114	0.9950948970207073	0.996098505810736	0.9961288102543515	0.9951678815992931	0.9940757618911991	0.9973338411731099	0.9952823604946542	0.9952316273155507	0.9949660568404096	0.9952742664965789	0.9955695835987722	0.9956301140862832	0.9967345765218105	0.994944680359361	0.996122806513685	0.9955816102575951	0.9952742664965789	0.9959102594064033	0.9977719158962276	0.9969675205490384	0.9958918805767067	0.9949293734154292	0.9954999723924687	0.9951900483759503	0.9972050363616629	0.9969041059950151	0.9968697327233326	0.996870486278286	0.9958657185381181	0.9963481436396835	0.9957094698130555	0.9953604872911508	0.9951360263808738	0.996959270224854	0.9956879655037241	0.9952100119057508	0.9955825510767532	0.996459615841898	0.996008819671216	0.9960219211617103	0.9970257679046141	0.9955167916530812	0.9955282129112689	0.9951107194633162	0.9950117927725215	0.995701503011872	0.9952935348030716	0.9942607193603209	0.9953649410844921	0.9952573430342225	0.9960671488148657	0.9951483940913403	0.9968617315857485	0.9950001381177316	0.9952141197299988	0.9953306342780027	0.9955016244134063	0.9951656899019634	0.9953194671393358	0.9949913006801286	0.9957862311470169	0.9968231166606812	0.9964344941956882	0.9963365896980462	0.9967513602028419	0.9965798181464283	0.9965596029098931	0.9965389632863875	0.9963658556884069	0.9966122995382892	0.996893462402574	0.9965748010749855	0.9953202936725887	0.9964194100042754	0.7061519120807819	0.7050848837682693	0.7125581012710296	0.7024398218153582	0.7037464928205974	0.7322465654664156	0.5853453116226839	0.673021326517786	0.7050848837682693	0.7050848837682693	0.7050848837682693	0.7037464928205974	0.6873032963392414	0.7050848837682693	0.7037464928205974	0.7037464928205974	0.7274498660388081	0.7065657383419689	0.6907381558420231	0.7153525239883187	0.7134018014984427	0.6739591565112506	0.728000320140862	0.6075200291332847	0.7238623938094036	0.7273339673482326	0.6988241038369207	0.7213394772384205	0.7211679993634881	0.7319916108735984	0.6895698436920031	0.6739591565112506	0.0	0.6901893287435457	0.7213394772384205	0.7213394772384205	0.6849072164948453	0.7131858335359429	0.7210069996818327	0.7343254843756268	0.7037464928205974	0.7037464928205974	0.7065657383419689	0.7037464928205974	0.686813869671486	0.7247357647157121	0.6880990579620716	0.7247357647157121	0.7213394772384205	0.6873032963392414	0.6689732794197341	0.7251634939809222	0.6720055710306407
p27.F2	0.9955858062311329	0.9953528020678656	0.9956515718044592	0.9958661952678814	0.9946141479099678	0.9943576276034218	0.9957798212936672	0.9946962391513983	0.9948717948717949	0.9948973838520523	0.9942980340983234	0.9955754529270081	0.9958826288632928	0.995548721269019	0.995728807767875	0.9961070427136363	0.9942890249958616	0.9948754652161466	0.9950933121561064	0.9957249925593225	0.9950994041320933	0.9954652198558588	0.9946958304853042	0.9948492734764693	0.9960114738423712	0.9960210465694616	0.9957734352578987	0.9956814693410339	0.9960014731414742	0.9959470484511935	0.9958246887966805	0.9948746991363443	0.9954366640440598	0.9952434167168114	0.9957112801424178	0.9957734352578987	0.9959106462291707	0.9942378065432301	0.995336024438141	0.9959063412599082	0.995173079575231	0.9951507544855521	0.9959952150621522	0.9946482977877864	0.9941137240119465	0.9954674220963173	0.9948492734764693	0.9952066613711688	0.9965419593748298	0.9949244368406045	0.9945111876557731	0.9950905101481076	0.9940471269119471	0.9953769559032717	0.9953525277714804	0.99423875054609	0.9937818294364256	0.9962864293210624	0.9957277914059701	0.9948331477833918	0.9950009941204874	0.9944132477652992	0.9951661804244608	0.9949297406924525	0.9963760001628764	0.9949800342270394	0.9953454050065278	0.9942036434241334	0.9944132477652992	0.9944256707968692	0.9972227176599485	0.9962112242481648	0.9950032362459547	0.9941609056104883	0.9947045175378736	0.9945619500464558	0.9952447477298372	0.9960805689664123	0.9946470214119143	0.9946482977877864	0.9935589519650655	0.99496414691554	0.9952755109774892	0.9943442415374659	0.9953310350443824	0.9957241270092644	0.9952129278618667	0.995130758288653	0.9958116985570441	0.9949258493971177	0.994921616250828	0.9949381017881705	0.9959368651351773	0.9952465356106993	0.9952585052236806	0.9951434506765482	0.9943437701050826	0.9953215698732203	0.9943385955362003	0.9937493115981937	0.9960031974420464	0.9945637691200767	0.9954050596559016	0.9941554959785522	0.9961915692821369	0.9945668495918312	0.9941726854891662	0.9942056074766356	0.9946187848337589	0.994256711633498	0.9942481511914544	0.9941581472981431	0.9953499052758482	0.9957928095290132	0.9954903246966218	0.9948104011642275	0.9959240195438037	0.9955179145929002	0.9955823501896991	0.9956809143820284	0.9950054884742042	0.995758361700978	0.995968405463222	0.99548950593143	0.9945986371946153	0.994868810833686	0.3404811983789052	0.6056636402939906	0.5976762678918537	0.5526883654019061	0.6309728429013406	0.6226075015020169	0.7220162466152884	0.6073890984779498	0.6056636402939906	0.6056636402939906	0.6056636402939906	0.6309728429013406	0.6348849061411705	0.6056636402939906	0.6309728429013406	0.6309728429013406	0.5995330602176115	0.6052008438455245	0.6385263157894736	0.6534615053021813	0.6543284877413755	0.6155295730009851	0.3574559168280501	0.6958312321398554	0.6387832699619772	0.5830105748727099	0.6080367492379685	0.5692928230084615	0.5735545148159495	0.568343062415806	0.6345990845906087	0.6155295730009851	0.6901893287435457	0.0	0.5692928230084615	0.5692928230084615	0.6350204736375533	0.608530314161013	0.5687255805786031	0.5486709607184976	0.6309728429013406	0.6309728429013406	0.6052008438455245	0.6309728429013406	0.6340727519972803	0.6055202845693187	0.6349628503883823	0.6055202845693187	0.5692928230084615	0.6348849061411705	0.6160225718194254	0.6426073270962664	0.7398843930635839
p3.A3	0.9958698727015559	0.9962867908043467	0.9958722034178156	0.9967051070840197	0.9960371286470385	0.9959997935377309	0.9966361331056254	0.9960316343474712	0.9959221553518196	0.9966162364719371	0.9960324160054027	0.9961241318315428	0.9968683679279465	0.9964368955447799	0.9966645938153654	0.9969451203027845	0.9958662980098004	0.9955942127853102	0.9964256564689989	0.9967223684917522	0.9949911445649767	0.9963544738111831	0.9962831330204293	0.9962060058120762	0.9965264586160109	0.996749447406059	0.9961888465427393	0.9963038589780041	0.9969694594665204	0.9966273628068708	0.9963666348854588	0.9966294975142544	0.9963010237307562	0.9967022970206959	0.9964368955447799	0.9961888465427393	0.9967128887906745	0.9959084134941065	0.9958818748306691	0.9964506852509132	0.9963585587558865	0.9962345346960731	0.9965375571690654	0.9961871203555182	0.9963495257257833	0.9963562319151217	0.9962060058120762	0.9964382816748233	0.9970246145523397	0.9967193642354139	0.9965005832361273	0.99659780626548	0.9957893585607261	0.9963877345935522	0.9965971089487597	0.9966701859822952	0.9950294602217196	0.997086885640217	0.9961393132906193	0.996176070700204	0.9959114620047934	0.9961067379010486	0.996509152830992	0.9961764029438822	0.9970837214954028	0.9958944447590464	0.9965919333032898	0.9964048124557678	0.9961067379010486	0.9966500601271259	0.9982741773790338	0.9967322824353645	0.9956011730205279	0.9962303321678322	0.9962891735962512	0.9958771834653358	0.9958098694921135	0.9971645099757694	0.9961862177801157	0.9961871203555182	0.9949616707749818	0.9959510869565218	0.996462086616149	0.9962324179504354	0.996658942717034	0.9967761381804838	0.9957950860220964	0.9959524068238618	0.9961821186392387	0.9964431290079705	0.9960546864297652	0.9960674003877981	0.9968698261589404	0.9961060436336481	0.9961157816324359	0.9958744494620059	0.9960097893168759	0.9962448043571736	0.9960029167904502	0.9957667622559061	0.9963304762165567	0.9959262492394784	0.996630029033596	0.9963304703911506	0.9972281228951868	0.9962616822429906	0.9959013056105969	0.996424693450568	0.996185909660546	0.9962635149459402	0.995978151580206	0.9963262877396322	0.9964389493476156	0.9970441479553097	0.9969077198502685	0.995938505151829	0.9965735645312014	0.99628628382622	0.9961787715266841	0.9962321419226543	0.9961315280464217	0.9964309673956796	0.9966496881213739	0.9964264443120905	0.9954342923153089	0.9964034442927648	0.6054794520547946	0.46214309389649133	0.6505993584332264	0.5304596138156106	0.6664311541498691	0.6420048735400387	0.7284509360213948	0.4643654147476378	0.46214309389649133	0.46214309389649133	0.46214309389649133	0.6664311541498691	0.6029951232143628	0.46214309389649133	0.6664311541498691	0.6664311541498691	0.6280903209220619	0.29941618015012506	0.595557472503774	0.6347305389221557	0.6138007543820723	0.5949154005524862	0.6186747244329063	0.7194412583975094	0.6300189937718097	0.033703148425787144	0.2848287455347762	0.0	0.009643377001455566	0.629534784464362	0.5987302409950764	0.5949154005524862	0.7213394772384205	0.5692928230084615	0.0	0.0	0.5910605339448747	0.5809994748818484	0.0018259281801582539	0.5944778853703219	0.6664311541498691	0.6664311541498691	0.29941618015012506	0.6664311541498691	0.6043202690466951	0.64106808380886	0.5908166356515342	0.64106808380886	0.0	0.6029951232143628	0.5730105926639237	0.6336391437308868	0.7369167206740117
p3.F12	0.9958698727015559	0.9962867908043467	0.9958722034178156	0.9967051070840197	0.9960371286470385	0.9959997935377309	0.9966361331056254	0.9960316343474712	0.9959221553518196	0.9966162364719371	0.9960324160054027	0.9961241318315428	0.9968683679279465	0.9964368955447799	0.9966645938153654	0.9969451203027845	0.9958662980098004	0.9955942127853102	0.9964256564689989	0.9967223684917522	0.9949911445649767	0.9963544738111831	0.9962831330204293	0.9962060058120762	0.9965264586160109	0.996749447406059	0.9961888465427393	0.9963038589780041	0.9969694594665204	0.9966273628068708	0.9963666348854588	0.9966294975142544	0.9963010237307562	0.9967022970206959	0.9964368955447799	0.9961888465427393	0.9967128887906745	0.9959084134941065	0.9958818748306691	0.9964506852509132	0.9963585587558865	0.9962345346960731	0.9965375571690654	0.9961871203555182	0.9963495257257833	0.9963562319151217	0.9962060058120762	0.9964382816748233	0.9970246145523397	0.9967193642354139	0.9965005832361273	0.99659780626548	0.9957893585607261	0.9963877345935522	0.9965971089487597	0.9966701859822952	0.9950294602217196	0.997086885640217	0.9961393132906193	0.996176070700204	0.9959114620047934	0.9961067379010486	0.996509152830992	0.9961764029438822	0.9970837214954028	0.9958944447590464	0.9965919333032898	0.9964048124557678	0.9961067379010486	0.9966500601271259	0.9982741773790338	0.9967322824353645	0.9956011730205279	0.9962303321678322	0.9962891735962512	0.9958771834653358	0.9958098694921135	0.9971645099757694	0.9961862177801157	0.9961871203555182	0.9949616707749818	0.9959510869565218	0.996462086616149	0.9962324179504354	0.996658942717034	0.9967761381804838	0.9957950860220964	0.9959524068238618	0.9961821186392387	0.9964431290079705	0.9960546864297652	0.9960674003877981	0.9968698261589404	0.9961060436336481	0.9961157816324359	0.9958744494620059	0.9960097893168759	0.9962448043571736	0.9960029167904502	0.9957667622559061	0.9963304762165567	0.9959262492394784	0.996630029033596	0.9963304703911506	0.9972281228951868	0.9962616822429906	0.9959013056105969	0.996424693450568	0.996185909660546	0.9962635149459402	0.995978151580206	0.9963262877396322	0.9964389493476156	0.9970441479553097	0.9969077198502685	0.995938505151829	0.9965735645312014	0.99628628382622	0.9961787715266841	0.9962321419226543	0.9961315280464217	0.9964309673956796	0.9966496881213739	0.9964264443120905	0.9954342923153089	0.9964034442927648	0.6054794520547946	0.46214309389649133	0.6505993584332264	0.5304596138156106	0.6664311541498691	0.6420048735400387	0.7284509360213948	0.4643654147476378	0.46214309389649133	0.46214309389649133	0.46214309389649133	0.6664311541498691	0.6029951232143628	0.46214309389649133	0.6664311541498691	0.6664311541498691	0.6280903209220619	0.29941618015012506	0.595557472503774	0.6347305389221557	0.6138007543820723	0.5949154005524862	0.6186747244329063	0.7194412583975094	0.6300189937718097	0.033703148425787144	0.2848287455347762	0.0	0.009643377001455566	0.629534784464362	0.5987302409950764	0.5949154005524862	0.7213394772384205	0.5692928230084615	0.0	0.0	0.5910605339448747	0.5809994748818484	0.0018259281801582539	0.5944778853703219	0.6664311541498691	0.6664311541498691	0.29941618015012506	0.6664311541498691	0.6043202690466951	0.64106808380886	0.5908166356515342	0.64106808380886	0.0	0.6029951232143628	0.5730105926639237	0.6336391437308868	0.7369167206740117
p3.F8	0.9961211568079402	0.9960905236495787	0.9961444580051038	0.9972789856058338	0.9959516340920668	0.9960993368872708	0.9971591649508718	0.996026565249475	0.9957737690038575	0.9955964545813809	0.9957423859669041	0.9963043535239693	0.9968440271257173	0.9963540119372349	0.9968364351469206	0.9962637722264645	0.9958600132479576	0.9952109202489174	0.9962529805836267	0.9972933470470416	0.9945005862319245	0.9961894981487988	0.9958408580966454	0.9969915437987857	0.996745165613632	0.9961452733709191	0.9965524446301713	0.996536548527382	0.9968664419633453	0.996098281134662	0.9966772234048077	0.9961745536979314	0.9965355240019947	0.9964439346142816	0.9963540119372349	0.9965524446301713	0.9966017659675218	0.9953811254748695	0.9962047781569966	0.9963182494712379	0.9961069081672097	0.9962024955029553	0.9967719261708275	0.995997349237906	0.9959395574117579	0.9961913508549202	0.9969915437987857	0.9961890661841312	0.9966447529938078	0.9963193334855056	0.9963870606357653	0.9969553172230299	0.9958931672225132	0.9960833721344252	0.9963406331555656	0.9959580511251912	0.9950160500084474	0.9972525992565857	0.9961075530035336	0.9960574807873611	0.9961622651164113	0.9958144601800355	0.9963931986030801	0.9961142525735828	0.9967389532039784	0.9961461604339138	0.9963350190351724	0.9960015993602559	0.9958144601800355	0.9962444027155857	0.9983314227486945	0.9968387776606955	0.9964516964516964	0.9963376015420625	0.9958476752444955	0.9958985015859128	0.9967209589851099	0.9974290388760485	0.9959963941032983	0.995997349237906	0.995277353133872	0.9964678823722688	0.9962324264185294	0.9955506744389062	0.9962502037932721	0.9970686877756357	0.9965389301140769	0.9960843373493976	0.995889741599839	0.9959425145938589	0.9958280377963198	0.9958415950649923	0.9970546838346452	0.9960478558946095	0.9960578186596584	0.9959527824620573	0.9957894172231608	0.9961253758963683	0.9958337871691537	0.9956767176098031	0.9964388250883393	0.9960277259397494	0.9964464882943144	0.9963549623435448	0.9966302701008307	0.9962312587049731	0.9959228348611301	0.9965301873698821	0.9958788944447498	0.9963678124081938	0.9959453165666694	0.9960883511096044	0.995918015350562	0.9973215993877942	0.9967453436534202	0.9966497322531923	0.9970978115930661	0.9966425406610342	0.9968017057569296	0.9964671763775376	0.996651019791924	0.9970533372982617	0.9970629409019791	0.9970006781075583	0.9959256076942266	0.9958968657348581	0.6406401347652138	0.6305800246819013	0.6738129134913324	0.6279258499914574	0.6930477325987748	0.6959973940307016	0.7041913632514818	0.5986180355112394	0.6305800246819013	0.6305800246819013	0.6305800246819013	0.6930477325987748	0.5778644909542391	0.6305800246819013	0.6930477325987748	0.6930477325987748	0.6879679033792447	0.6168920075303782	0.022796911386199326	0.5659596006073713	0.6313368132354242	0.523731063206554	0.6499727131522606	0.7287843330459416	0.7041974267032272	0.6054596961112542	0.6141192597669637	0.5910605339448747	0.5940161701759696	0.6934987063123742	0.025853598624416607	0.523731063206554	0.6849072164948453	0.6350204736375533	0.5910605339448747	0.5910605339448747	0.0	0.5909569336023156	0.5905290065421775	0.6706225275869249	0.6930477325987748	0.6930477325987748	0.6168920075303782	0.6930477325987748	0.5792504651368832	0.7099615898463594	0.011463790446841315	0.7099615898463594	0.5910605339448747	0.5778644909542391	0.5069791088925863	0.7074188433614287	0.7486325513552936
p3.G9	0.9958761705661674	0.9959372063456967	0.9960461101520298	0.9966661201289829	0.9958558704017653	0.9958235447663796	0.9965980163818596	0.9957823943461286	0.9957289293849658	0.9961769370185772	0.995783235511995	0.9959479015918958	0.99706913696551	0.9960957622753029	0.9965371186537691	0.9964147896767838	0.9956775927516556	0.9955971223021582	0.9960096907510332	0.9966837913506754	0.9954368578707203	0.9960121534371439	0.9963491627779303	0.9963252306938509	0.9967055593685655	0.9964220883428482	0.9963034815436241	0.9962620242576328	0.996643142230328	0.9959249556772777	0.9966132603881724	0.9963597065013367	0.9962588260090631	0.9963434296901993	0.9960957622753029	0.9963034815436241	0.9963083118917104	0.9957772354602539	0.995998136118192	0.9962789235082938	0.9960088691796009	0.9961878009630819	0.9968391630312687	0.9957425294696788	0.9958358813080574	0.9960140997830803	0.9963252306938509	0.9960920299427565	0.9964674954816802	0.9961900942450371	0.9961758006917302	0.9965572325658257	0.9955999557228249	0.9960964345602991	0.9962408156290938	0.9964107622335471	0.9944285754687633	0.9972967858784094	0.9960095327827967	0.9957253923171816	0.9956602426837973	0.9958559958559958	0.9960618604116362	0.9958066394874782	0.9966684380492989	0.995641951946786	0.9962350256702796	0.9958997591466912	0.9958559958559958	0.9961423557734141	0.9981368044920877	0.9969865982924057	0.9962044402849269	0.9960464473320432	0.996355165798849	0.9956076536634914	0.9964112250404749	0.9971325043664138	0.9957415096348344	0.9957425294696788	0.9950120587590441	0.9963168599857072	0.9961685823754789	0.9957891762046065	0.9962363978509287	0.996685932446047	0.9959399332591768	0.996042216358839	0.9958447554465445	0.9958753678015974	0.996591570371602	0.9966026791879574	0.9970442834349088	0.9958437913259385	0.9958543085578916	0.9958807098721891	0.9958281746245358	0.9958770070555443	0.9955164306413691	0.9954940012163432	0.9963976945244957	0.9957446808510638	0.9962496721741411	0.996152707901746	0.9965394295302014	0.9960797214683225	0.9956318681318681	0.9961142673384071	0.995780474351903	0.9960855809963001	0.9957921949341327	0.9959431517784699	0.9956122625714451	0.9970640691452874	0.996430238624818	0.9960561515761605	0.9965346144758604	0.996297319701575	0.9962928153717627	0.9965342081591618	0.9960853503887082	0.9965524729898474	0.9966097023153252	0.9965435978004713	0.9954631485192608	0.9958287946013443	0.6064770658111507	0.5083554438393147	0.6501883239171375	0.5451403101832901	0.666919351442409	0.6306840139121473	0.7132843509838696	0.5580460029825116	0.5083554438393147	0.5083554438393147	0.5083554438393147	0.666919351442409	0.6278999828149167	0.5083554438393147	0.666919351442409	0.666919351442409	0.5550777676120768	0.5872465549021328	0.5974768639776498	0.6581769436997319	0.6737988634406751	0.6268222820743021	0.5823188277480189	0.7034529166841905	0.66261424760572	0.5949103226646979	0.5854226125137212	0.5809994748818484	0.5845535206958345	0.6239357080799305	0.6004459406286888	0.6268222820743021	0.7131858335359429	0.608530314161013	0.5809994748818484	0.5809994748818484	0.5909569336023156	0.0	0.5804486898606608	0.5348204820942988	0.666919351442409	0.666919351442409	0.5872465549021328	0.666919351442409	0.6263065078067873	0.6436224152374235	0.5928699689046555	0.6436224152374235	0.5809994748818484	0.6278999828149167	0.6104535637149028	0.6664216534071256	0.7217326238776189
p4.A6	0.9958663646659117	0.99628374685758	0.995868792861274	0.9967024353325945	0.996033964172589	0.9959966940441138	0.9966335197845453	0.9960282808934959	0.9959187120018014	0.9966133952811441	0.99602906387293	0.9961211048343009	0.9968659345213428	0.9964340295466123	0.9966617630417562	0.9969426406926407	0.9958629003534344	0.9955904526187022	0.996422635982085	0.9967197246719725	0.9949869827729463	0.9963515398647924	0.9962801053517608	0.9962029407012442	0.996523628462792	0.9967469095640858	0.9961858799719779	0.996300990713676	0.9969670823855465	0.9966247154556634	0.996363823916239	0.9966266550473674	0.9962981308167574	0.996699482160132	0.9964340295466123	0.9961858799719779	0.9967101625566737	0.9959050847457627	0.9958785249457701	0.9964479244989499	0.9963555652984052	0.9962313337678161	0.9965348710920328	0.9961841101081608	0.9963463751438435	0.9963533007990562	0.9962029407012442	0.9964353741496599	0.997022198159177	0.9967165784483003	0.9964976651100734	0.9965950260140013	0.9957859019264448	0.9963847889314741	0.9965942355325377	0.9966674794765504	0.9950252927531371	0.9970845481049563	0.9961361394278198	0.9961728185065487	0.9959080005644138	0.9961034159105777	0.9965061780997018	0.9961731023767049	0.9970819486098728	0.9958909544321015	0.9965890511360433	0.9964017566227511	0.9961034159105777	0.9966471801925723	0.9982735201147601	0.9967297177092327	0.9955977757182577	0.9962272404177375	0.9962861557645911	0.9958738259406048	0.9958065119260664	0.9971623155505108	0.9961832061068703	0.9961841101081608	0.9949575731287446	0.9959477835191732	0.9964594214543994	0.9962292609351433	0.9966562398878223	0.9967736012380978	0.9957916162394103	0.9959491055407537	0.9961788525151135	0.9964403564840076	0.9960514409498478	0.9960641758001476	0.9968673950188992	0.9961029254751228	0.9961126790563928	0.9958709965405647	0.9960066024173366	0.9962415722278009	0.995999675649377	0.9957632909662429	0.9963274590950202	0.9959230137929209	0.9966274062159498	0.9963275407829257	0.9972259670227108	0.9962586417242781	0.9958979652821167	0.9964218505658777	0.9961827898353146	0.9962605420887922	0.9959748701351682	0.9963234342231313	0.9964359032846716	0.9970417413016338	0.9969052014333804	0.9959351811436055	0.9965708941653245	0.9962832390478533	0.9961758094106096	0.9962291819419713	0.9961283638247403	0.9964280918490668	0.99664694817763	0.9964236660015031	0.9954305219114733	0.9964006095318165	0.6049721388769824	0.46137796955758925	0.6501563688614657	0.5298202614379085	0.6660147309724939	0.6415530876661619	0.7281153450051494	0.46360135038752315	0.46137796955758925	0.46137796955758925	0.46137796955758925	0.6660147309724939	0.602480445961713	0.46137796955758925	0.6660147309724939	0.6660147309724939	0.6276116521515295	0.29831888900490755	0.5950334700928526	0.6342544316996872	0.6132859364585648	0.5943901806551992	0.6181872416584991	0.7190960544664097	0.6295280640452917	0.03550224887556219	0.2836998842470798	0.0018259281801582539	0.011462882096069826	0.629059829059829	0.598209652309289	0.5943901806551992	0.7210069996818327	0.5687255805786031	0.0018259281801582539	0.0018259281801582539	0.5905290065421775	0.5804486898606608	0.0	0.5939465408805031	0.6660147309724939	0.6660147309724939	0.29831888900490755	0.6660147309724939	0.6038077969174978	0.6405984210755877	0.5902846990510031	0.6405984210755877	0.0018259281801582539	0.602480445961713	0.5724491584852736	0.6331583552055993	0.7365966420634277
p4.D2	0.9964590050667895	0.9963326202317118	0.9966135848422938	0.9964819700967458	0.9959145021645022	0.996117319901359	0.9964213351577507	0.9957865168539326	0.9959052773243994	0.9966976969282888	0.9954131070466143	0.9964835281053355	0.9967894736842106	0.9964844388728402	0.9968344412788858	0.9971674504303826	0.9967991538632821	0.9961813290132207	0.9960151367467461	0.9963360949334208	0.9943913643922099	0.9964006217107954	0.9963286037652515	0.9961123583201007	0.9966593042517946	0.9970659758934236	0.9967331454013753	0.9964266008040148	0.9968115633967478	0.9968102921240797	0.9964111699062189	0.9960800022890498	0.9963449517957411	0.9962346125995656	0.9966485013623978	0.9967331454013753	0.9968796559188148	0.9961963562195089	0.99636293500124	0.9968139449154774	0.9960141594893664	0.9961943203113738	0.9963214041725788	0.9964442305635761	0.9959286488386397	0.996402387506473	0.9961123583201007	0.9960977499792434	0.9967239290827001	0.9963123019302794	0.9963808069669466	0.995870288248337	0.9959103049187625	0.996268656716418	0.9962188484674879	0.9964735377579415	0.9947679708826206	0.997036432843937	0.9965741024426928	0.996221626142886	0.9960384670589923	0.9958605916748683	0.9965608924339634	0.9958109968655711	0.997210199183573	0.9960216789667896	0.9962129905898554	0.9959914638366594	0.9958605916748683	0.9962365434547947	0.9980806633227557	0.996516883807498	0.9958692810457517	0.9960240226880943	0.9963346745301218	0.9959986754235886	0.9960099885999675	0.9964859832690846	0.9964433747827249	0.9964442305635761	0.9955100129465885	0.9957131399175817	0.9966348850252383	0.9962212688581413	0.9971779275576744	0.9965341651337013	0.996450034940601	0.9959088898717382	0.9968102073365231	0.9968335224424096	0.9964603249811868	0.9964719282162402	0.9965798474085766	0.9963382879461864	0.9963476002380823	0.9960562900754696	0.995968178374283	0.9962628828355377	0.9958777618995274	0.9951890989988876	0.9969642111126584	0.9960455169074328	0.99633535460058	0.9959685056413864	0.9972608512431521	0.9957531299983454	0.9959401237295625	0.9959846933275843	0.9960628829678099	0.9961452408550556	0.9961016339959634	0.9956306590861234	0.9962857640299461	0.9965768551236749	0.9969364098034886	0.9956438500596543	0.9963040206974841	0.9959973315543695	0.995956731779038	0.9960079840319361	0.9960632104241752	0.9965332750996342	0.996590531101009	0.9965250355394093	0.9959150555384573	0.996797608881298	0.5075233644859813	0.5703573994252873	0.5931663074712643	0.5590062111801242	0.6302861373633553	0.5518943375531282	0.7242149631190726	0.6407871045185629	0.5703573994252873	0.5703573994252873	0.5703573994252873	0.6302861373633553	0.6819106957424714	0.5703573994252873	0.6302861373633553	0.6302861373633553	0.4035203744213257	0.6211905685589896	0.6726123653902125	0.7168782518210197	0.7010908782206375	0.6818106723938543	0.38886075949367094	0.731610337972167	0.6121796336059208	0.6064323176281912	0.6184023132363731	0.5944778853703219	0.5986761888172792	0.5452066192105021	0.6715115064945913	0.6818106723938543	0.7343254843756268	0.5486709607184976	0.5944778853703219	0.5944778853703219	0.6706225275869249	0.5348204820942988	0.5939465408805031	0.0	0.6302861373633553	0.6302861373633553	0.6211905685589896	0.6302861373633553	0.6815821180771947	0.5515214712295005	0.6709545814079347	0.5515214712295005	0.5944778853703219	0.6819106957424714	0.6756163248394448	0.616437118988485	0.7644203543402637
p4.E5	0.9968220032935602	0.9966265194602432	0.9970514728595097	0.9959424770211709	0.9957630571172492	0.9957861469581248	0.9958516091528827	0.9960589149070824	0.9962355240093106	0.9965701546288621	0.9955686003683242	0.9967636681964082	0.9961416490486258	0.9967732232218546	0.9967060591175706	0.9966582893755697	0.9956083916083917	0.9964577102871578	0.9964616535297164	0.9957987808226701	0.9950805767599661	0.9966892853234103	0.9961200565363191	0.9949931224209079	0.9967579250720461	0.9973745624270712	0.9969335694837295	0.996757697174188	0.9969069965870307	0.9972534798144099	0.9955533336841551	0.9965835032011714	0.9965451259700223	0.9967740060451058	0.9969377990430622	0.9969335694837295	0.9971789663732792	0.9959876030770933	0.996654501216545	0.997094021609912	0.9965043765205962	0.9966440040503399	0.995752090973853	0.9961618981158409	0.9958533070611416	0.9966909150577039	0.9949931224209079	0.9965290311831838	0.9971827095705013	0.996559002978342	0.996110385554483	0.9952396859863036	0.9954739753583103	0.9966999445368829	0.9967522202741931	0.9959882691456396	0.9950058502896607	0.9963681048607318	0.9969256567915036	0.996061395887634	0.9963989398478912	0.9961359674607786	0.996401729491309	0.9961780443346857	0.9974292530437644	0.9963836250542456	0.9967471717666023	0.9959175401007586	0.9961359674607786	0.9958980369176678	0.9979488757275081	0.9959415801137426	0.9956700868606818	0.9955323485885014	0.9961264975237252	0.9959001634394304	0.9950643542757417	0.9958920342330481	0.9961609707643159	0.9961618981158409	0.9941581992856945	0.9952506596306069	0.9966231772831926	0.9958915834522111	0.9963945615676777	0.9960111366921882	0.9959011791128579	0.9964781897340618	0.9972938369318513	0.9961575153699386	0.9959693220623635	0.9959825912286575	0.9961434835437688	0.9966252075225213	0.9966338192578115	0.9965554543384195	0.9955167916530812	0.9967479198406187	0.9954189204106414	0.9950305703676819	0.997261039686976	0.9959496678727656	0.9965345748902175	0.9956808736044332	0.9972510044406852	0.995792736935341	0.9955906821963394	0.9956982847248526	0.9957964478592506	0.995696305318717	0.9957524777213292	0.9953495745917667	0.9968263211530063	0.9959518660234016	0.9968970771575011	0.9950955804492002	0.9956520586441846	0.9954495966053433	0.9953068972790551	0.9954300069485275	0.9952933968307015	0.9954744925946243	0.9956834131669823	0.9955837630569879	0.9953633451357276	0.9961137466162794	0.6351229560963049	0.6224800139033715	0.5194342935788525	0.674151654796816	0.0	0.6283205078040085	0.6934917400164766	0.6547492223121831	0.6224800139033715	0.6224800139033715	0.6224800139033715	0.0	0.6683664868509778	0.6224800139033715	0.0	0.0	0.6319015718726739	0.6551680459381861	0.6963707197047365	0.700414972899729	0.6488224597507428	0.681273081870617	0.6386525736873765	0.7149420442571128	0.6116696506449983	0.6706942368377347	0.6518502854726158	0.6664311541498691	0.6661116430087832	0.32994031123427836	0.6936149150305231	0.681273081870617	0.7037464928205974	0.6309728429013406	0.6664311541498691	0.6664311541498691	0.6930477325987748	0.666919351442409	0.6660147309724939	0.6302861373633553	0.0	0.0	0.6551680459381861	0.0	0.6710548452220727	0.6110933576808948	0.6934237566789971	0.6110933576808948	0.6664311541498691	0.6683664868509778	0.6360987315735345	0.5997521116415718	0.7567965332570213
p4.E6	0.9968220032935602	0.9966265194602432	0.9970514728595097	0.9959424770211709	0.9957630571172492	0.9957861469581248	0.9958516091528827	0.9960589149070824	0.9962355240093106	0.9965701546288621	0.9955686003683242	0.9967636681964082	0.9961416490486258	0.9967732232218546	0.9967060591175706	0.9966582893755697	0.9956083916083917	0.9964577102871578	0.9964616535297164	0.9957987808226701	0.9950805767599661	0.9966892853234103	0.9961200565363191	0.9949931224209079	0.9967579250720461	0.9973745624270712	0.9969335694837295	0.996757697174188	0.9969069965870307	0.9972534798144099	0.9955533336841551	0.9965835032011714	0.9965451259700223	0.9967740060451058	0.9969377990430622	0.9969335694837295	0.9971789663732792	0.9959876030770933	0.996654501216545	0.997094021609912	0.9965043765205962	0.9966440040503399	0.995752090973853	0.9961618981158409	0.9958533070611416	0.9966909150577039	0.9949931224209079	0.9965290311831838	0.9971827095705013	0.996559002978342	0.996110385554483	0.9952396859863036	0.9954739753583103	0.9966999445368829	0.9967522202741931	0.9959882691456396	0.9950058502896607	0.9963681048607318	0.9969256567915036	0.996061395887634	0.9963989398478912	0.9961359674607786	0.996401729491309	0.9961780443346857	0.9974292530437644	0.9963836250542456	0.9967471717666023	0.9959175401007586	0.9961359674607786	0.9958980369176678	0.9979488757275081	0.9959415801137426	0.9956700868606818	0.9955323485885014	0.9961264975237252	0.9959001634394304	0.9950643542757417	0.9958920342330481	0.9961609707643159	0.9961618981158409	0.9941581992856945	0.9952506596306069	0.9966231772831926	0.9958915834522111	0.9963945615676777	0.9960111366921882	0.9959011791128579	0.9964781897340618	0.9972938369318513	0.9961575153699386	0.9959693220623635	0.9959825912286575	0.9961434835437688	0.9966252075225213	0.9966338192578115	0.9965554543384195	0.9955167916530812	0.9967479198406187	0.9954189204106414	0.9950305703676819	0.997261039686976	0.9959496678727656	0.9965345748902175	0.9956808736044332	0.9972510044406852	0.995792736935341	0.9955906821963394	0.9956982847248526	0.9957964478592506	0.995696305318717	0.9957524777213292	0.9953495745917667	0.9968263211530063	0.9959518660234016	0.9968970771575011	0.9950955804492002	0.9956520586441846	0.9954495966053433	0.9953068972790551	0.9954300069485275	0.9952933968307015	0.9954744925946243	0.9956834131669823	0.9955837630569879	0.9953633451357276	0.9961137466162794	0.6351229560963049	0.6224800139033715	0.5194342935788525	0.674151654796816	0.0	0.6283205078040085	0.6934917400164766	0.6547492223121831	0.6224800139033715	0.6224800139033715	0.6224800139033715	0.0	0.6683664868509778	0.6224800139033715	0.0	0.0	0.6319015718726739	0.6551680459381861	0.6963707197047365	0.700414972899729	0.6488224597507428	0.681273081870617	0.6386525736873765	0.7149420442571128	0.6116696506449983	0.6706942368377347	0.6518502854726158	0.6664311541498691	0.6661116430087832	0.32994031123427836	0.6936149150305231	0.681273081870617	0.7037464928205974	0.6309728429013406	0.6664311541498691	0.6664311541498691	0.6930477325987748	0.666919351442409	0.6660147309724939	0.6302861373633553	0.0	0.0	0.6551680459381861	0.0	0.6710548452220727	0.6110933576808948	0.6934237566789971	0.6110933576808948	0.6664311541498691	0.6683664868509778	0.6360987315735345	0.5997521116415718	0.7567965332570213
p5.C1	0.995842114256422	0.9962627095355867	0.9958452206187851	0.9966839716234949	0.9959583522924975	0.9960534856549397	0.9966154647227284	0.9961757457295828	0.9960654438405797	0.9965937561579822	0.9958636711335241	0.9962052812017482	0.9968491224415394	0.99641422447494	0.9965850882185544	0.9970073727453275	0.9955903428508434	0.9955644584346831	0.9964017566227511	0.9967014546044449	0.9950421970308888	0.9963312651739952	0.9962591813887448	0.9963448313207343	0.9963670135758966	0.9967293754415343	0.9959558535758082	0.9960723110937704	0.9967396734414851	0.9963952111564268	0.9963444038267092	0.9966070065315125	0.9960676366496264	0.9964502461926028	0.99641422447494	0.9959558535758082	0.996691319579603	0.995882080231258	0.9956362842960781	0.9965334792921	0.9963348765432098	0.9962092062134815	0.9965163135317822	0.9956849768365321	0.9963245933900562	0.9963330457290768	0.9963448313207343	0.9964152802101576	0.9970054989927587	0.9966973208438915	0.9964774951076321	0.9965758115326667	0.995844913458628	0.9963644315665746	0.9963470578240924	0.99681277071018	0.9947704332667923	0.9970683951480594	0.9958097863542384	0.9961503364891069	0.9958270644675958	0.9962527532252067	0.9964856138746822	0.996150283663309	0.9971921543094328	0.9958095781071836	0.9963414634146341	0.9963806321069281	0.9962527532252067	0.996627270106659	0.9982817432033397	0.9967119972643818	0.9956522864315106	0.9962886597938144	0.9962653000027261	0.995850622406639	0.9957833105041227	0.9971471549354219	0.9956839485251284	0.9956849768365321	0.9950114491331371	0.9959249535061809	0.9965929739551787	0.9962074390380942	0.9967463803481373	0.9967560724740882	0.995934284766014	0.9960086388364909	0.9959258621679004	0.9961852006688964	0.9961120608834722	0.9961246701846965	0.996876708050285	0.9960813784958935	0.9960912400942386	0.9958471294685448	0.9959308240081384	0.9962192271061214	0.9959772770514528	0.9956840860983589	0.996306606763871	0.9961144377910846	0.9966092853416797	0.9963878632204206	0.9972110723036022	0.9961828939117158	0.9958748804808086	0.9964289521372988	0.9961612284069098	0.9963202943764499	0.9961718301386344	0.9961208018745118	0.996414845408134	0.9970251091703056	0.9968877968877969	0.9959122085048011	0.9965524446301713	0.9962621959598735	0.9961553448499805	0.9962087304512663	0.9961064955718242	0.9965708113946267	0.9966280121720537	0.9965613358689139	0.995571302037201	0.9961423626707533	0.6273927252663299	0.2521819266005313	0.6726618705035972	0.5541329739442947	0.6551680459381861	0.675349874086612	0.7294307730549341	0.4971915371653248	0.2521819266005313	0.2521819266005313	0.2521819266005313	0.6551680459381861	0.6251069655998631	0.2521819266005313	0.6551680459381861	0.6551680459381861	0.6466680860123484	0.0	0.621257357331741	0.6522227017695296	0.6217658042144572	0.6004503919275908	0.6371864822569048	0.7254539479089639	0.6576387980286973	0.3245663698594884	0.12353826560148196	0.29941618015012506	0.30677684232408275	0.6623861681144824	0.6234881832556947	0.6004503919275908	0.7065657383419689	0.6052008438455245	0.29941618015012506	0.29941618015012506	0.6168920075303782	0.5872465549021328	0.29831888900490755	0.6211905685589896	0.6551680459381861	0.6551680459381861	0.0	0.6551680459381861	0.6260475457499572	0.6609143203148653	0.6166552550496405	0.6609143203148653	0.29941618015012506	0.6251069655998631	0.5502799552071669	0.6609145815358067	0.7388132692150949
p5.C3	0.9968220032935602	0.9966265194602432	0.9970514728595097	0.9959424770211709	0.9957630571172492	0.9957861469581248	0.9958516091528827	0.9960589149070824	0.9962355240093106	0.9965701546288621	0.9955686003683242	0.9967636681964082	0.9961416490486258	0.9967732232218546	0.9967060591175706	0.9966582893755697	0.9956083916083917	0.9964577102871578	0.9964616535297164	0.9957987808226701	0.9950805767599661	0.9966892853234103	0.9961200565363191	0.9949931224209079	0.9967579250720461	0.9973745624270712	0.9969335694837295	0.996757697174188	0.9969069965870307	0.9972534798144099	0.9955533336841551	0.9965835032011714	0.9965451259700223	0.9967740060451058	0.9969377990430622	0.9969335694837295	0.9971789663732792	0.9959876030770933	0.996654501216545	0.997094021609912	0.9965043765205962	0.9966440040503399	0.995752090973853	0.9961618981158409	0.9958533070611416	0.9966909150577039	0.9949931224209079	0.9965290311831838	0.9971827095705013	0.996559002978342	0.996110385554483	0.9952396859863036	0.9954739753583103	0.9966999445368829	0.9967522202741931	0.9959882691456396	0.9950058502896607	0.9963681048607318	0.9969256567915036	0.996061395887634	0.9963989398478912	0.9961359674607786	0.996401729491309	0.9961780443346857	0.9974292530437644	0.9963836250542456	0.9967471717666023	0.9959175401007586	0.9961359674607786	0.9958980369176678	0.9979488757275081	0.9959415801137426	0.9956700868606818	0.9955323485885014	0.9961264975237252	0.9959001634394304	0.9950643542757417	0.9958920342330481	0.9961609707643159	0.9961618981158409	0.9941581992856945	0.9952506596306069	0.9966231772831926	0.9958915834522111	0.9963945615676777	0.9960111366921882	0.9959011791128579	0.9964781897340618	0.9972938369318513	0.9961575153699386	0.9959693220623635	0.9959825912286575	0.9961434835437688	0.9966252075225213	0.9966338192578115	0.9965554543384195	0.9955167916530812	0.9967479198406187	0.9954189204106414	0.9950305703676819	0.997261039686976	0.9959496678727656	0.9965345748902175	0.9956808736044332	0.9972510044406852	0.995792736935341	0.9955906821963394	0.9956982847248526	0.9957964478592506	0.995696305318717	0.9957524777213292	0.9953495745917667	0.9968263211530063	0.9959518660234016	0.9968970771575011	0.9950955804492002	0.9956520586441846	0.9954495966053433	0.9953068972790551	0.9954300069485275	0.9952933968307015	0.9954744925946243	0.9956834131669823	0.9955837630569879	0.9953633451357276	0.9961137466162794	0.6351229560963049	0.6224800139033715	0.5194342935788525	0.674151654796816	0.0	0.6283205078040085	0.6934917400164766	0.6547492223121831	0.6224800139033715	0.6224800139033715	0.6224800139033715	0.0	0.6683664868509778	0.6224800139033715	0.0	0.0	0.6319015718726739	0.6551680459381861	0.6963707197047365	0.700414972899729	0.6488224597507428	0.681273081870617	0.6386525736873765	0.7149420442571128	0.6116696506449983	0.6706942368377347	0.6518502854726158	0.6664311541498691	0.6661116430087832	0.32994031123427836	0.6936149150305231	0.681273081870617	0.7037464928205974	0.6309728429013406	0.6664311541498691	0.6664311541498691	0.6930477325987748	0.666919351442409	0.6660147309724939	0.6302861373633553	0.0	0.0	0.6551680459381861	0.0	0.6710548452220727	0.6110933576808948	0.6934237566789971	0.6110933576808948	0.6664311541498691	0.6683664868509778	0.6360987315735345	0.5997521116415718	0.7567965332570213
p5.D5	0.9950045934772623	0.995291119605562	0.9953113225977506	0.9966059942520871	0.9950369531207854	0.9951343291390902	0.996329890421014	0.9956608621181844	0.9956646986680358	0.9952017262428665	0.9954897091147841	0.995359384063703	0.9963019303399077	0.9953258329257025	0.9952642002238742	0.996409188092758	0.9952525056220328	0.9952133794694348	0.9956591272561115	0.9966240130683365	0.995542222720646	0.9951049711737191	0.9958188920063817	0.996319520174482	0.9962588028169014	0.9958081780074346	0.995137081723313	0.9957306372613217	0.9960002119093028	0.9954129656635291	0.9964773112752133	0.9954953670705631	0.9954049700266723	0.9950041872419071	0.9953258329257025	0.995137081723313	0.9956271899088998	0.9948320413436692	0.9950262427523289	0.9951657821449215	0.9955564195850807	0.9955471286161625	0.9967294610151753	0.9950129343680828	0.9949788352065392	0.9951073661321012	0.996319520174482	0.9955321437436223	0.9962692708619082	0.9955498133792707	0.9956039001296286	0.9965794990621207	0.9948686655756802	0.995647862494491	0.9952028782730362	0.995523084951523	0.9938210368186843	0.9968580715059588	0.9945241271959084	0.9949964054636952	0.9950784021975506	0.995269958467928	0.9949847235833286	0.9953894190084333	0.9965824209556943	0.9950576132869745	0.9951954700145852	0.9950560505892497	0.995269958467928	0.9952894652670757	0.9977642639957074	0.9968492679181339	0.995702005730659	0.9951498018347607	0.9958257812929093	0.9949375447091839	0.9960801275986051	0.9972591297084236	0.9950117370892019	0.9950129343680828	0.9950042546183195	0.995979401316333	0.9958568451019267	0.9950712404044982	0.996230538104343	0.9964677449340026	0.9959614527629234	0.9956765985570304	0.9948501330864483	0.9954198473282443	0.9952476238119059	0.9952631578947368	0.996777067393355	0.9951855458184572	0.9951977553553122	0.9953630400361909	0.9951174772733403	0.9952857641718077	0.9952067926595454	0.9947910894381027	0.9948856213692081	0.9952264742953686	0.9955845248107653	0.9952804746494067	0.9963761455844121	0.9955495728139336	0.9949059669025525	0.9953263497179694	0.9953298145742946	0.9952972159518435	0.9952043656808974	0.9953313924515436	0.9954888522599115	0.9967837704106878	0.9959552045785983	0.995966739412691	0.9969250177402823	0.9963192561022859	0.9966283324621014	0.9964226091104221	0.9958019167564283	0.9966016909985591	0.9966043673908842	0.9962225544975211	0.9955959415765414	0.9953680287501664	0.6589484243082839	0.6410060327980287	0.691169133543988	0.6377559726962457	0.6710548452220727	0.6790738204904767	0.6897992590678039	0.5841038406827881	0.6410060327980287	0.6410060327980287	0.6410060327980287	0.6710548452220727	0.011601072787375988	0.6410060327980287	0.6710548452220727	0.6710548452220727	0.6758640964260216	0.6260475457499572	0.5850796311818944	0.5259601199257602	0.5963662923399982	0.4986420678029594	0.6861076859843814	0.689536220774243	0.7121883305910643	0.6133436373003607	0.6127766035457016	0.6043202690466951	0.6038868494925502	0.652977762630996	0.5862496128832455	0.4986420678029594	0.686813869671486	0.6340727519972803	0.6043202690466951	0.6043202690466951	0.5792504651368832	0.6263065078067873	0.6038077969174978	0.6815821180771947	0.6710548452220727	0.6710548452220727	0.6260475457499572	0.6710548452220727	0.0	0.7071281209212243	0.5792504651368832	0.7071281209212243	0.6043202690466951	0.011601072787375988	0.5422643907753768	0.7103719839142091	0.7450731866873824
p5.H11	0.9962321248442414	0.9961101736121042	0.9964556378411088	0.9965217883098153	0.9954344255449459	0.9953327757843904	0.9962134530603414	0.9958367780796031	0.9959590596702357	0.9963923270956767	0.995006943008243	0.9962763644270494	0.9966732480458713	0.996327034150171	0.9963512310886977	0.9967445152158528	0.9965900624677632	0.9961842301386198	0.9958350564187393	0.9963715121512151	0.994720352750058	0.9962407069715248	0.9961930736668655	0.9960282808934959	0.9964478545041204	0.996820652173913	0.996289073080882	0.9959751485683415	0.9963109714441863	0.9963094587206124	0.9962309866738457	0.9959022434480116	0.995887463572732	0.9953695405389257	0.9964958510876878	0.996289073080882	0.9967289043276886	0.9956868420305893	0.9958869915470585	0.9966168669481433	0.99583919194238	0.9960186588228304	0.9965446496058741	0.9961783789728362	0.9951956488895604	0.9962426043798895	0.9960282808934959	0.9959265061956987	0.9962590335836757	0.9963191640940394	0.9958633145920122	0.9958926381243047	0.9950706445418852	0.9960455192034139	0.9953631235417466	0.9962001984970934	0.9946990774637575	0.997091641265136	0.9961855049186911	0.9954495434672694	0.995413115530303	0.9959136192805583	0.9954385546479041	0.9955598513909445	0.9972762890485868	0.9953930747510774	0.9953557166099689	0.9952720785013381	0.9959136192805583	0.9955162348409617	0.9977562481356108	0.9966386095321381	0.9960521015173895	0.995188314478018	0.9961995518874613	0.9955112361146623	0.9957835362448342	0.9965240353524466	0.9961774331050793	0.9961783789728362	0.9958348681041567	0.9959309108499559	0.9969646221477915	0.9956963433556811	0.9967003215071352	0.996629213483146	0.9964318600368324	0.9957037585000142	0.9959021296960996	0.997126203063576	0.9965288734616599	0.9965405838122194	0.9967291109128754	0.9962054630172149	0.9962153888966189	0.9958206686930091	0.9951538782899317	0.9960266096746034	0.9950761220216198	0.9946161115724963	0.9964145369015862	0.9957110047317302	0.9961790688851553	0.9952102478418268	0.9969132459655583	0.9952587797745791	0.9951076599254771	0.9952300396572284	0.9953742040489991	0.9953950288504216	0.9954161091022976	0.9948840105026663	0.9961117425375366	0.9966196062835554	0.9965050860942206	0.9957743261763362	0.9963372944815236	0.9960234587326563	0.9960885867659356	0.9962254861737917	0.9958619902400045	0.9962360607848094	0.9962902719516024	0.9963199480463254	0.9958810991416557	0.9970927043335162	0.5499788920681082	0.639514348785872	0.5891909505632622	0.6645536644668288	0.6110933576808948	0.6544959845525957	0.7168370705164773	0.6697740970385466	0.639514348785872	0.639514348785872	0.639514348785872	0.6110933576808948	0.7078897538396802	0.639514348785872	0.6110933576808948	0.6110933576808948	0.5616678512200901	0.6609143203148653	0.7118976154744039	0.6889710087545642	0.6409172372593172	0.7000799562344822	0.5794815019835778	0.709820844775729	0.4593743439009028	0.6514298093587522	0.6565941212173763	0.64106808380886	0.6409876112371313	0.5774424146147736	0.7085378644850011	0.7000799562344822	0.7247357647157121	0.6055202845693187	0.64106808380886	0.64106808380886	0.7099615898463594	0.6436224152374235	0.6405984210755877	0.5515214712295005	0.6110933576808948	0.6110933576808948	0.6609143203148653	0.6110933576808948	0.7071281209212243	0.0	0.70936886512677	0.0	0.64106808380886	0.7078897538396802	0.6954248366013072	0.46022254575707155	0.7264334095517495
p6.B9	0.9961211568079402	0.9960905236495787	0.9961444580051038	0.9972789856058338	0.9959516340920668	0.9960993368872708	0.9971591649508718	0.996026565249475	0.9957737690038575	0.9955964545813809	0.9957423859669041	0.9963043535239693	0.9968440271257173	0.9963540119372349	0.9968364351469206	0.9962637722264645	0.9958600132479576	0.9952109202489174	0.9962529805836267	0.9972933470470416	0.9945005862319245	0.9961894981487988	0.9958408580966454	0.9969915437987857	0.996745165613632	0.9961452733709191	0.9965524446301713	0.996536548527382	0.9968664419633453	0.996098281134662	0.9966772234048077	0.9961745536979314	0.9965355240019947	0.9964439346142816	0.9963540119372349	0.9965524446301713	0.9966017659675218	0.9953811254748695	0.9962047781569966	0.9963182494712379	0.9961069081672097	0.9962024955029553	0.9967719261708275	0.995997349237906	0.9959395574117579	0.9961913508549202	0.9969915437987857	0.9961890661841312	0.9966447529938078	0.9963193334855056	0.9963870606357653	0.9969553172230299	0.9958931672225132	0.9960833721344252	0.9963406331555656	0.9959580511251912	0.9950160500084474	0.9972525992565857	0.9961075530035336	0.9960574807873611	0.9961622651164113	0.9958144601800355	0.9963931986030801	0.9961142525735828	0.9967389532039784	0.9961461604339138	0.9963350190351724	0.9960015993602559	0.9958144601800355	0.9962444027155857	0.9983314227486945	0.9968387776606955	0.9964516964516964	0.9963376015420625	0.9958476752444955	0.9958985015859128	0.9967209589851099	0.9974290388760485	0.9959963941032983	0.995997349237906	0.995277353133872	0.9964678823722688	0.9962324264185294	0.9955506744389062	0.9962502037932721	0.9970686877756357	0.9965389301140769	0.9960843373493976	0.995889741599839	0.9959425145938589	0.9958280377963198	0.9958415950649923	0.9970546838346452	0.9960478558946095	0.9960578186596584	0.9959527824620573	0.9957894172231608	0.9961253758963683	0.9958337871691537	0.9956767176098031	0.9964388250883393	0.9960277259397494	0.9964464882943144	0.9963549623435448	0.9966302701008307	0.9962312587049731	0.9959228348611301	0.9965301873698821	0.9958788944447498	0.9963678124081938	0.9959453165666694	0.9960883511096044	0.995918015350562	0.9973215993877942	0.9967453436534202	0.9966497322531923	0.9970978115930661	0.9966425406610342	0.9968017057569296	0.9964671763775376	0.996651019791924	0.9970533372982617	0.9970629409019791	0.9970006781075583	0.9959256076942266	0.9958968657348581	0.6400101120755035	0.6317445469620306	0.67625177631029	0.6270462025045946	0.6934237566789971	0.6957849725106903	0.7052876480541455	0.5998426985930263	0.6317445469620306	0.6317445469620306	0.6317445469620306	0.6934237566789971	0.5778644909542391	0.6317445469620306	0.6934237566789971	0.6934237566789971	0.6877507963430274	0.6166552550496405	0.011463790446841315	0.5664213431462741	0.6317604917525317	0.5250137186756905	0.6493490130197397	0.7291495649318667	0.7046892131230497	0.6052202283849919	0.6138817480719794	0.5908166356515342	0.593772972972973	0.6922634218531613	0.014514236304119521	0.5250137186756905	0.6880990579620716	0.6349628503883823	0.5908166356515342	0.5908166356515342	0.011463790446841315	0.5928699689046555	0.5902846990510031	0.6709545814079347	0.6934237566789971	0.6934237566789971	0.6166552550496405	0.6934237566789971	0.5792504651368832	0.70936886512677	0.0	0.70936886512677	0.5908166356515342	0.5778644909542391	0.5091840502122946	0.7079040667361836	0.7484804279115
p7.G11	0.9962321248442414	0.9961101736121042	0.9964556378411088	0.9965217883098153	0.9954344255449459	0.9953327757843904	0.9962134530603414	0.9958367780796031	0.9959590596702357	0.9963923270956767	0.995006943008243	0.9962763644270494	0.9966732480458713	0.996327034150171	0.9963512310886977	0.9967445152158528	0.9965900624677632	0.9961842301386198	0.9958350564187393	0.9963715121512151	0.994720352750058	0.9962407069715248	0.9961930736668655	0.9960282808934959	0.9964478545041204	0.996820652173913	0.996289073080882	0.9959751485683415	0.9963109714441863	0.9963094587206124	0.9962309866738457	0.9959022434480116	0.995887463572732	0.9953695405389257	0.9964958510876878	0.996289073080882	0.9967289043276886	0.9956868420305893	0.9958869915470585	0.9966168669481433	0.99583919194238	0.9960186588228304	0.9965446496058741	0.9961783789728362	0.9951956488895604	0.9962426043798895	0.9960282808934959	0.9959265061956987	0.9962590335836757	0.9963191640940394	0.9958633145920122	0.9958926381243047	0.9950706445418852	0.9960455192034139	0.9953631235417466	0.9962001984970934	0.9946990774637575	0.997091641265136	0.9961855049186911	0.9954495434672694	0.995413115530303	0.9959136192805583	0.9954385546479041	0.9955598513909445	0.9972762890485868	0.9953930747510774	0.9953557166099689	0.9952720785013381	0.9959136192805583	0.9955162348409617	0.9977562481356108	0.9966386095321381	0.9960521015173895	0.995188314478018	0.9961995518874613	0.9955112361146623	0.9957835362448342	0.9965240353524466	0.9961774331050793	0.9961783789728362	0.9958348681041567	0.9959309108499559	0.9969646221477915	0.9956963433556811	0.9967003215071352	0.996629213483146	0.9964318600368324	0.9957037585000142	0.9959021296960996	0.997126203063576	0.9965288734616599	0.9965405838122194	0.9967291109128754	0.9962054630172149	0.9962153888966189	0.9958206686930091	0.9951538782899317	0.9960266096746034	0.9950761220216198	0.9946161115724963	0.9964145369015862	0.9957110047317302	0.9961790688851553	0.9952102478418268	0.9969132459655583	0.9952587797745791	0.9951076599254771	0.9952300396572284	0.9953742040489991	0.9953950288504216	0.9954161091022976	0.9948840105026663	0.9961117425375366	0.9966196062835554	0.9965050860942206	0.9957743261763362	0.9963372944815236	0.9960234587326563	0.9960885867659356	0.9962254861737917	0.9958619902400045	0.9962360607848094	0.9962902719516024	0.9963199480463254	0.9958810991416557	0.9970927043335162	0.5499788920681082	0.639514348785872	0.5891909505632622	0.6645536644668288	0.6110933576808948	0.6544959845525957	0.7168370705164773	0.6697740970385466	0.639514348785872	0.639514348785872	0.639514348785872	0.6110933576808948	0.7078897538396802	0.639514348785872	0.6110933576808948	0.6110933576808948	0.5616678512200901	0.6609143203148653	0.7118976154744039	0.6889710087545642	0.6409172372593172	0.7000799562344822	0.5794815019835778	0.709820844775729	0.4593743439009028	0.6514298093587522	0.6565941212173763	0.64106808380886	0.6409876112371313	0.5774424146147736	0.7085378644850011	0.7000799562344822	0.7247357647157121	0.6055202845693187	0.64106808380886	0.64106808380886	0.7099615898463594	0.6436224152374235	0.6405984210755877	0.5515214712295005	0.6110933576808948	0.6110933576808948	0.6609143203148653	0.6110933576808948	0.7071281209212243	0.0	0.70936886512677	0.0	0.64106808380886	0.7078897538396802	0.6954248366013072	0.46022254575707155	0.7264334095517495
p8.B3	0.9958698727015559	0.9962867908043467	0.9958722034178156	0.9967051070840197	0.9960371286470385	0.9959997935377309	0.9966361331056254	0.9960316343474712	0.9959221553518196	0.9966162364719371	0.9960324160054027	0.9961241318315428	0.9968683679279465	0.9964368955447799	0.9966645938153654	0.9969451203027845	0.9958662980098004	0.9955942127853102	0.9964256564689989	0.9967223684917522	0.9949911445649767	0.9963544738111831	0.9962831330204293	0.9962060058120762	0.9965264586160109	0.996749447406059	0.9961888465427393	0.9963038589780041	0.9969694594665204	0.9966273628068708	0.9963666348854588	0.9966294975142544	0.9963010237307562	0.9967022970206959	0.9964368955447799	0.9961888465427393	0.9967128887906745	0.9959084134941065	0.9958818748306691	0.9964506852509132	0.9963585587558865	0.9962345346960731	0.9965375571690654	0.9961871203555182	0.9963495257257833	0.9963562319151217	0.9962060058120762	0.9964382816748233	0.9970246145523397	0.9967193642354139	0.9965005832361273	0.99659780626548	0.9957893585607261	0.9963877345935522	0.9965971089487597	0.9966701859822952	0.9950294602217196	0.997086885640217	0.9961393132906193	0.996176070700204	0.9959114620047934	0.9961067379010486	0.996509152830992	0.9961764029438822	0.9970837214954028	0.9958944447590464	0.9965919333032898	0.9964048124557678	0.9961067379010486	0.9966500601271259	0.9982741773790338	0.9967322824353645	0.9956011730205279	0.9962303321678322	0.9962891735962512	0.9958771834653358	0.9958098694921135	0.9971645099757694	0.9961862177801157	0.9961871203555182	0.9949616707749818	0.9959510869565218	0.996462086616149	0.9962324179504354	0.996658942717034	0.9967761381804838	0.9957950860220964	0.9959524068238618	0.9961821186392387	0.9964431290079705	0.9960546864297652	0.9960674003877981	0.9968698261589404	0.9961060436336481	0.9961157816324359	0.9958744494620059	0.9960097893168759	0.9962448043571736	0.9960029167904502	0.9957667622559061	0.9963304762165567	0.9959262492394784	0.996630029033596	0.9963304703911506	0.9972281228951868	0.9962616822429906	0.9959013056105969	0.996424693450568	0.996185909660546	0.9962635149459402	0.995978151580206	0.9963262877396322	0.9964389493476156	0.9970441479553097	0.9969077198502685	0.995938505151829	0.9965735645312014	0.99628628382622	0.9961787715266841	0.9962321419226543	0.9961315280464217	0.9964309673956796	0.9966496881213739	0.9964264443120905	0.9954342923153089	0.9964034442927648	0.6054794520547946	0.46214309389649133	0.6505993584332264	0.5304596138156106	0.6664311541498691	0.6420048735400387	0.7284509360213948	0.4643654147476378	0.46214309389649133	0.46214309389649133	0.46214309389649133	0.6664311541498691	0.6029951232143628	0.46214309389649133	0.6664311541498691	0.6664311541498691	0.6280903209220619	0.29941618015012506	0.595557472503774	0.6347305389221557	0.6138007543820723	0.5949154005524862	0.6186747244329063	0.7194412583975094	0.6300189937718097	0.033703148425787144	0.2848287455347762	0.0	0.009643377001455566	0.629534784464362	0.5987302409950764	0.5949154005524862	0.7213394772384205	0.5692928230084615	0.0	0.0	0.5910605339448747	0.5809994748818484	0.0018259281801582539	0.5944778853703219	0.6664311541498691	0.6664311541498691	0.29941618015012506	0.6664311541498691	0.6043202690466951	0.64106808380886	0.5908166356515342	0.64106808380886	0.0	0.6029951232143628	0.5730105926639237	0.6336391437308868	0.7369167206740117
p8.B9	0.9950045934772623	0.995291119605562	0.9953113225977506	0.9966059942520871	0.9950369531207854	0.9951343291390902	0.996329890421014	0.9956608621181844	0.9956646986680358	0.9952017262428665	0.9954897091147841	0.995359384063703	0.9963019303399077	0.9953258329257025	0.9952642002238742	0.996409188092758	0.9952525056220328	0.9952133794694348	0.9956591272561115	0.9966240130683365	0.995401396405238	0.9951049711737191	0.9958188920063817	0.996319520174482	0.9962588028169014	0.9958081780074346	0.995137081723313	0.9957306372613217	0.9960002119093028	0.9954129656635291	0.9964773112752133	0.9954953670705631	0.9954049700266723	0.9950041872419071	0.9953258329257025	0.995137081723313	0.9956271899088998	0.9948320413436692	0.9950262427523289	0.9951657821449215	0.9955564195850807	0.9955471286161625	0.9967294610151753	0.9950129343680828	0.9949788352065392	0.9951073661321012	0.996319520174482	0.9955321437436223	0.9962692708619082	0.9955498133792707	0.9956039001296286	0.9965794990621207	0.9948686655756802	0.995647862494491	0.9952028782730362	0.995523084951523	0.9938210368186843	0.9968580715059588	0.9945241271959084	0.9949964054636952	0.9950784021975506	0.995269958467928	0.9949847235833286	0.9953894190084333	0.9965824209556943	0.9950576132869745	0.9951954700145852	0.9950560505892497	0.995269958467928	0.9952894652670757	0.9977642639957074	0.9968492679181339	0.995702005730659	0.9951498018347607	0.9958257812929093	0.9949375447091839	0.9960801275986051	0.9972591297084236	0.9950117370892019	0.9950129343680828	0.9950042546183195	0.995979401316333	0.9958568451019267	0.9950712404044982	0.996230538104343	0.9964677449340026	0.9959614527629234	0.9956765985570304	0.9948501330864483	0.9954198473282443	0.9952476238119059	0.9952631578947368	0.996777067393355	0.9951855458184572	0.9951977553553122	0.9953630400361909	0.9951174772733403	0.9952857641718077	0.9952067926595454	0.9947910894381027	0.9948856213692081	0.9952264742953686	0.9955845248107653	0.9952804746494067	0.9963761455844121	0.9955495728139336	0.9949059669025525	0.9953263497179694	0.9953298145742946	0.9952972159518435	0.9952043656808974	0.9953313924515436	0.9954888522599115	0.9967837704106878	0.9959552045785983	0.995966739412691	0.9969250177402823	0.9963192561022859	0.9966283324621014	0.9964226091104221	0.9958019167564283	0.9966016909985591	0.9966043673908842	0.9962225544975211	0.9955959415765414	0.9953680287501664	0.6597326649958228	0.6425631232760449	0.6920935643358677	0.6393233050666893	0.6683664868509778	0.6784706077715045	0.6901378122308355	0.5858011810149625	0.6425631232760449	0.6425631232760449	0.6425631232760449	0.6683664868509778	0.0	0.6425631232760449	0.6683664868509778	0.6683664868509778	0.6761976739303859	0.6251069655998631	0.5837050121439611	0.5244152255728646	0.5949552184244197	0.4990637580750866	0.6868632928031548	0.6883631713554987	0.7114272447127359	0.6120326600773528	0.6114589180087215	0.6029951232143628	0.6025591146846496	0.6537806539509536	0.5848722377219786	0.4990637580750866	0.6873032963392414	0.6348849061411705	0.6029951232143628	0.6029951232143628	0.5778644909542391	0.6278999828149167	0.602480445961713	0.6819106957424714	0.6683664868509778	0.6683664868509778	0.6251069655998631	0.6683664868509778	0.011601072787375988	0.7078897538396802	0.5778644909542391	0.7078897538396802	0.6029951232143628	0.0	0.5426613415630389	0.7096152234051472	0.7439947620411671
p8.C7	0.9963827969239533	0.9966190214403519	0.9966490348666538	0.9971728374925243	0.99541776086607	0.9953986533912185	0.9972664792252421	0.9964008388596044	0.9964039980745817	0.9956579355457186	0.9962877950636175	0.9964132369881663	0.997004038035691	0.9964390730799321	0.9968113879003558	0.9961310010353659	0.9952827586206896	0.9960215238422349	0.9967975967805929	0.9971877450582731	0.9949829979374547	0.9964373431216431	0.9958452917862511	0.996070567193301	0.9975429304649321	0.9967799361223101	0.996660666301427	0.9971401086758703	0.9974762080025238	0.996974002736554	0.9966805840097508	0.9964060333361632	0.9968809792152649	0.9968789371206047	0.9964390730799321	0.996660666301427	0.9969682641226045	0.9952488873112525	0.9965372450648926	0.9964267083985394	0.9968857654678241	0.996750377697329	0.997009958139414	0.9955759245522942	0.9957986845536465	0.9964390730799321	0.996070567193301	0.9968525056791745	0.996620977191596	0.9961231470923603	0.9956042109978721	0.9965461473095584	0.9951505800016532	0.9967463225241975	0.9971403493870155	0.9951948016490567	0.9939745466831851	0.9974173414758818	0.9964991592469058	0.9958039562698028	0.9963945037474449	0.9960203847915712	0.996138885711017	0.9967869858453701	0.9972520762090865	0.9963793939048379	0.9971359705090033	0.9958628167085141	0.9960203847915712	0.99610378365898	0.9977070063694268	0.9970795621974321	0.9959616878074036	0.9949869164026993	0.9958520944194297	0.9955736495532664	0.9972359381708888	0.9970413433339389	0.9955748694983969	0.9955759245522942	0.9951727711566258	0.9965814303295502	0.9961854237716307	0.9952729319077096	0.9959816458961201	0.9969658593214078	0.9963761099892113	0.996664844177146	0.9968160174401928	0.9957890882460637	0.9953334253762253	0.9953485811796439	0.9971099018408103	0.9960519954879948	0.9960619374196313	0.996745869217606	0.9952554548866134	0.9966803302349749	0.9952642752163736	0.9947411894273128	0.9965533405023851	0.9956306282304044	0.9967905229099259	0.9950403474437682	0.9974185810017991	0.9956598880851645	0.9951306250854877	0.9952210593763349	0.9954146073585942	0.9952188893934133	0.9952071864815272	0.99522853492556	0.9967579974178741	0.9969136645453801	0.9968584385073486	0.9965432098765432	0.997126962154256	0.9965357967667436	0.9968310042080109	0.9967086207804519	0.9963793954687585	0.9967584213511981	0.996928561634444	0.996794621218044	0.9960133994075469	0.9957417546086911	0.6203466530054644	0.5780298349368876	0.6790935977006707	0.6304134906102287	0.6360987315735345	0.7020725388601037	0.6992359932088286	0.5987508735150244	0.5780298349368876	0.5780298349368876	0.5780298349368876	0.6360987315735345	0.5426613415630389	0.5780298349368876	0.6360987315735345	0.6360987315735345	0.6913885455294602	0.5502799552071669	0.5155553513165756	0.5309072077585801	0.6052406465264959	0.5007428040854225	0.6446371443003873	0.7000167728950017	0.6914567733151804	0.5866788321167884	0.5493102830526693	0.5730105926639237	0.5763260308714855	0.6618913582321556	0.5150634371395617	0.5007428040854225	0.6689732794197341	0.6160225718194254	0.5730105926639237	0.5730105926639237	0.5069791088925863	0.6104535637149028	0.5724491584852736	0.6756163248394448	0.6360987315735345	0.6360987315735345	0.5502799552071669	0.6360987315735345	0.5422643907753768	0.6954248366013072	0.5091840502122946	0.6954248366013072	0.5730105926639237	0.5426613415630389	0.0	0.694570707070707	0.7386196769456681
p8.E4	0.9969238050165641	0.9968060229281925	0.9970115801270079	0.9973216802932056	0.9959464712088401	0.9958833342302104	0.9971688192628144	0.9961717415631074	0.9963524047654067	0.9969290164078266	0.9954035180765491	0.9968556868697821	0.9973838934138842	0.9969244533914892	0.9969238050165641	0.9963549025148347	0.9964256097909696	0.9968197354733244	0.9964066918001885	0.9971676154687457	0.9945869275748278	0.9968387187019163	0.9963438483122183	0.9966011235955056	0.9971098265895953	0.9974255440231972	0.9967308783400427	0.996551724137931	0.9969479793988609	0.9969193860581772	0.996966524388607	0.9964135579269189	0.9963327175920895	0.9963974156667759	0.9970926981997092	0.9967308783400427	0.9972866091273851	0.9962080479936612	0.9965210012728044	0.997192830922047	0.9964519728747604	0.9965930973189158	0.997146318481626	0.9964894959135538	0.9956612130525174	0.996840309817409	0.9966011235955056	0.996477572934125	0.9966362325804902	0.9970406321209789	0.9966601806406645	0.9967013592674743	0.9956561499771376	0.9966524822695035	0.9963793712469092	0.9964926175255983	0.9944174899164084	0.9971540178571429	0.9967969800097235	0.9961452928094885	0.9961943534826091	0.9961323336903487	0.9964939386736392	0.9962660724502393	0.9975324132162275	0.9961777777777778	0.9963736069343712	0.9957300438856601	0.9961323336903487	0.9959789947486871	0.998018186057356	0.9972201024746539	0.9965176394953256	0.9957157545984234	0.9963500551735845	0.9960050998725032	0.9964918142332109	0.9972863322496575	0.9964886291937564	0.9964894959135538	0.995474985152295	0.9964528944381384	0.9971018276762402	0.9964390998511427	0.9961144273003717	0.9971849462953347	0.9959499052105475	0.9962547879131792	0.9969294976896705	0.9970238095238095	0.9961632068718683	0.9961761264731901	0.9967902033770297	0.9966607301869991	0.9966694421315571	0.9965032927326767	0.9955553086282571	0.9966988776183903	0.9956542596720941	0.9952024673025301	0.9973695496783417	0.9962746288426514	0.9967027027027027	0.9956951619174582	0.9974615862385569	0.9959804115832083	0.9956886771046063	0.9957962276674595	0.9958137548056386	0.995460710232777	0.9958542749240423	0.9953562461189557	0.9967794841210675	0.9968262064666044	0.9964560120212073	0.9963556643794664	0.996969696969697	0.9967197216041987	0.996610078291049	0.9968359609404833	0.9965570225358525	0.997003388691293	0.9970125473013344	0.9971401591798192	0.9959481594298687	0.9969891884494321	0.6020118183048401	0.6467212755705463	0.6078709854767032	0.6254346081840064	0.5997521116415718	0.6156721459130826	0.7170298416032204	0.6529736358062539	0.6467212755705463	0.6467212755705463	0.6467212755705463	0.5997521116415718	0.7096152234051472	0.6467212755705463	0.5997521116415718	0.5997521116415718	0.595523765574527	0.6609145815358067	0.710432103904754	0.6957660410301179	0.6390380467208224	0.70946368296037	0.6063738545569448	0.7304500342231348	0.02157838128529177	0.6403485838779956	0.6556752780302046	0.6336391437308868	0.633248730964467	0.5817032941504436	0.7081501946502574	0.70946368296037	0.7251634939809222	0.6426073270962664	0.6336391437308868	0.6336391437308868	0.7074188433614287	0.6664216534071256	0.6331583552055993	0.616437118988485	0.5997521116415718	0.5997521116415718	0.6609145815358067	0.5997521116415718	0.7103719839142091	0.46022254575707155	0.7079040667361836	0.46022254575707155	0.6336391437308868	0.7096152234051472	0.694570707070707	0.0	0.7578580720970246
p8.H7	0.9954851932159088	0.9957350583924891	0.9957883805457797	0.9964068467958693	0.9956564109703466	0.9958188341291037	0.9963749492763425	0.9952117754854728	0.9954831281551678	0.9961846623426173	0.9952721470362271	0.9961111715435658	0.9968348437711348	0.9961848121861587	0.9964986202189846	0.9965727234102818	0.9961570449396312	0.9951637460071051	0.9957146234779525	0.9962571058704339	0.9943388009870808	0.996098355133891	0.9960488914155771	0.9954888913950604	0.995732696082615	0.996546660865782	0.9959339676343824	0.9957022380797924	0.99655643618475	0.9965001503841632	0.996283629116958	0.9954561548448011	0.9953110517419989	0.9959377520236566	0.9963537430230275	0.9959339676343824	0.9965532223026792	0.9950004261000482	0.9953722105502243	0.9964525563258232	0.9957798639221428	0.9952106139933365	0.9964620412131687	0.996066457611267	0.9951936156706267	0.9961003254404669	0.9954888913950604	0.9958104141134894	0.9963713678242381	0.9958106783135752	0.9950708744093799	0.9957477168949772	0.9955870132103046	0.9959296367983604	0.9959841729167898	0.9956573569482289	0.9932220298700155	0.9970343843549786	0.9959535083943177	0.9959256505576208	0.9956193577031227	0.994952210274791	0.9962748837763739	0.9954972651174036	0.9968550162490827	0.9956002140436411	0.9959777593753697	0.9952701094716802	0.994952210274791	0.9955143450642743	0.9980287900402023	0.9966647530003554	0.9964011387441586	0.9956755827939745	0.99605561861521	0.9956807138188741	0.9965947469785358	0.9963874585501308	0.9960654835603246	0.996066457611267	0.9954060798548094	0.9958149466192171	0.9958332241410939	0.9957828149710068	0.9958490992262947	0.9963527669610047	0.9958812177770097	0.9950727692176241	0.9957201005626721	0.9963357038162967	0.9966714490674319	0.996682681308625	0.9964293442977711	0.9960358448954524	0.9960462202422387	0.9951432165949852	0.9955158199643493	0.9959039845797066	0.9957848878327534	0.9949594753272045	0.9959232889297198	0.9957371422244367	0.9956603108302368	0.9956840141452956	0.9970207464384377	0.9955421789375053	0.9957058355135935	0.995785387494801	0.9958313108528681	0.9956998196698571	0.9956431358031722	0.9954533152909337	0.9960500329163924	0.9963615690733372	0.9961041915486549	0.99560050279968	0.9962541733394858	0.9958494346643767	0.9960600172711571	0.9961416374781086	0.9956309432022616	0.9960935304367377	0.9963747430920301	0.9959924180882751	0.9953004267097221	0.996292940110388	0.7490789846564916	0.7395236536257981	0.7407823086835432	0.7364267806501994	0.7567965332570213	0.7828746177370031	0.6962844016236228	0.6884088964927289	0.7395236536257981	0.7395236536257981	0.7395236536257981	0.7567965332570213	0.7439947620411671	0.7395236536257981	0.7567965332570213	0.7567965332570213	0.7533075848467418	0.7388132692150949	0.7501517542794707	0.7319284802043422	0.6967773222236917	0.7344345616264295	0.7636071500301265	0.6675074317629042	0.756864406779661	0.7462824904291758	0.739089724800521	0.7369167206740117	0.7367652427893392	0.7527970165157165	0.749878108239883	0.7344345616264295	0.6720055710306407	0.7398843930635839	0.7369167206740117	0.7369167206740117	0.7486325513552936	0.7217326238776189	0.7365966420634277	0.7644203543402637	0.7567965332570213	0.7567965332570213	0.7388132692150949	0.7567965332570213	0.7450731866873824	0.7264334095517495	0.7484804279115	0.7264334095517495	0.7369167206740117	0.7439947620411671	0.7386196769456681	0.7578580720970246	0.0
