

== Warning ==  No assembly mode was specified! If you intend to assemble high-coverage multi-cell/isolate data, use '--isolate' option.


Command line: /SAN/ugi/aMetagenomics/jiajucui/tmpbigfile/miniconda3newdirtostore/envs/phylogeny_snp/bin/spades.py	-s	/SAN/ugi/plant_genom/jiajucui/4_mapping_to_pseudomonas/tailocin_2024_TF_Tapemeasure/2025_summer_paperfig_m57/scripts/step1_HTFhaplotypes/step1.2_HTF_bykmers_wholegenomeuniquekmers/step5_additional_analysis_coinfection_Oantigenbreakingisolates_HTFlengthfreq/authenticate_the2breakingisolates/step1_minimap2toview/the2fastq/PL0240.inclHTF.fastq.gz	-o	/SAN/ugi/plant_genom/jiajucui/4_mapping_to_pseudomonas/tailocin_2024_TF_Tapemeasure/2025_summer_paperfig_m57/scripts/step1_HTFhaplotypes/step1.2_HTF_bykmers_wholegenomeuniquekmers/step5_additional_analysis_coinfection_Oantigenbreakingisolates_HTFlengthfreq/authenticate_the2breakingisolates/step1_minimap2toview/tmp_assemble_from_raw_Psfastq_thenminmap_PL0240.inclHTF/spades_output	-t	4	--careful	-k	21,33	

System information:
  SPAdes version: 3.15.5
  Python version: 3.10.16
  OS: Linux-3.10.0-1160.114.2.el7.x86_64-x86_64-with-glibc2.17

Output dir: /SAN/ugi/plant_genom/jiajucui/4_mapping_to_pseudomonas/tailocin_2024_TF_Tapemeasure/2025_summer_paperfig_m57/scripts/step1_HTFhaplotypes/step1.2_HTF_bykmers_wholegenomeuniquekmers/step5_additional_analysis_coinfection_Oantigenbreakingisolates_HTFlengthfreq/authenticate_the2breakingisolates/step1_minimap2toview/tmp_assemble_from_raw_Psfastq_thenminmap_PL0240.inclHTF/spades_output
Mode: read error correction and assembling
Debug mode is turned OFF

Dataset parameters:
  Standard mode
  For multi-cell/isolate data we recommend to use '--isolate' option; for single-cell MDA data use '--sc'; for metagenomic data use '--meta'; for RNA-Seq use '--rna'.
  Reads:
    Library number: 1, library type: single
      left reads: not specified
      right reads: not specified
      interlaced reads: not specified
      single reads: ['/SAN/ugi/plant_genom/jiajucui/4_mapping_to_pseudomonas/tailocin_2024_TF_Tapemeasure/2025_summer_paperfig_m57/scripts/step1_HTFhaplotypes/step1.2_HTF_bykmers_wholegenomeuniquekmers/step5_additional_analysis_coinfection_Oantigenbreakingisolates_HTFlengthfreq/authenticate_the2breakingisolates/step1_minimap2toview/the2fastq/PL0240.inclHTF.fastq.gz']
      merged reads: not specified
Read error correction parameters:
  Iterations: 1
  PHRED offset will be auto-detected
  Corrected reads will be compressed
Assembly parameters:
  k: [21, 33]
  Repeat resolution is enabled
  Mismatch careful mode is turned ON
  MismatchCorrector will be used
  Coverage cutoff is turned OFF
Other parameters:
  Dir for temp files: /SAN/ugi/plant_genom/jiajucui/4_mapping_to_pseudomonas/tailocin_2024_TF_Tapemeasure/2025_summer_paperfig_m57/scripts/step1_HTFhaplotypes/step1.2_HTF_bykmers_wholegenomeuniquekmers/step5_additional_analysis_coinfection_Oantigenbreakingisolates_HTFlengthfreq/authenticate_the2breakingisolates/step1_minimap2toview/tmp_assemble_from_raw_Psfastq_thenminmap_PL0240.inclHTF/spades_output/tmp
  Threads: 4
  Memory limit (in Gb): 7


======= SPAdes pipeline started. Log can be found here: /SAN/ugi/plant_genom/jiajucui/4_mapping_to_pseudomonas/tailocin_2024_TF_Tapemeasure/2025_summer_paperfig_m57/scripts/step1_HTFhaplotypes/step1.2_HTF_bykmers_wholegenomeuniquekmers/step5_additional_analysis_coinfection_Oantigenbreakingisolates_HTFlengthfreq/authenticate_the2breakingisolates/step1_minimap2toview/tmp_assemble_from_raw_Psfastq_thenminmap_PL0240.inclHTF/spades_output/spades.log

/SAN/ugi/plant_genom/jiajucui/4_mapping_to_pseudomonas/tailocin_2024_TF_Tapemeasure/2025_summer_paperfig_m57/scripts/step1_HTFhaplotypes/step1.2_HTF_bykmers_wholegenomeuniquekmers/step5_additional_analysis_coinfection_Oantigenbreakingisolates_HTFlengthfreq/authenticate_the2breakingisolates/step1_minimap2toview/the2fastq/PL0240.inclHTF.fastq.gz: max reads length: 288

Reads length: 288


===== Before start started. 


===== Read error correction started. 


===== Read error correction started. 


== Running: /SAN/ugi/aMetagenomics/jiajucui/tmpbigfile/miniconda3newdirtostore/envs/phylogeny_snp/bin/spades-hammer /SAN/ugi/plant_genom/jiajucui/4_mapping_to_pseudomonas/tailocin_2024_TF_Tapemeasure/2025_summer_paperfig_m57/scripts/step1_HTFhaplotypes/step1.2_HTF_bykmers_wholegenomeuniquekmers/step5_additional_analysis_coinfection_Oantigenbreakingisolates_HTFlengthfreq/authenticate_the2breakingisolates/step1_minimap2toview/tmp_assemble_from_raw_Psfastq_thenminmap_PL0240.inclHTF/spades_output/corrected/configs/config.info

  0:00:00.000     1M / 20M   INFO    General                 (main.cpp                  :  75)   Starting BayesHammer, built from N/A, git revision N/A
  0:00:00.000     1M / 20M   INFO    General                 (main.cpp                  :  76)   Loading config from /SAN/ugi/plant_genom/jiajucui/4_mapping_to_pseudomonas/tailocin_2024_TF_Tapemeasure/2025_summer_paperfig_m57/scripts/step1_HTFhaplotypes/step1.2_HTF_bykmers_wholegenomeuniquekmers/step5_additional_analysis_coinfection_Oantigenbreakingisolates_HTFlengthfreq/authenticate_the2breakingisolates/step1_minimap2toview/tmp_assemble_from_raw_Psfastq_thenminmap_PL0240.inclHTF/spades_output/corrected/configs/config.info
  0:00:00.015     1M / 20M   INFO    General                 (main.cpp                  :  78)   Maximum # of threads to use (adjusted due to OMP capabilities): 4
  0:00:00.015     1M / 20M   INFO    General                 (memory_limit.cpp          :  54)   Memory limit set to 7 Gb
  0:00:00.015     1M / 20M   INFO    General                 (main.cpp                  :  86)   Trying to determine PHRED offset
  0:00:00.044     1M / 20M   INFO    General                 (main.cpp                  :  92)   Determined value is 33
  0:00:00.044     1M / 20M   INFO    General                 (hammer_tools.cpp          :  38)   Hamming graph threshold tau=1, k=21, subkmer positions = [ 0 10 ]
  0:00:00.044     1M / 20M   INFO    General                 (main.cpp                  : 113)   Size of aux. kmer data 24 bytes
     === ITERATION 0 begins ===
  0:00:00.074     1M / 20M   INFO    General                 (kmer_index_builder.hpp    : 243)   Splitting kmer instances into 16 files using 4 threads. This might take a while.
  0:00:00.077     1M / 20M   INFO    General                 (file_limit.hpp            :  42)   Open file limit set to 2048
  0:00:00.077     1M / 20M   INFO    General                 (kmer_splitter.hpp         :  93)   Memory available for splitting buffers: 0.583325 Gb
  0:00:00.077     1M / 20M   INFO    General                 (kmer_splitter.hpp         : 101)   Using cell size of 4194304
  0:00:00.078  2305M / 2305M INFO   K-mer Splitting          (kmer_data.cpp             :  97)   Processing /SAN/ugi/plant_genom/jiajucui/4_mapping_to_pseudomonas/tailocin_2024_TF_Tapemeasure/2025_summer_paperfig_m57/scripts/step1_HTFhaplotypes/step1.2_HTF_bykmers_wholegenomeuniquekmers/step5_additional_analysis_coinfection_Oantigenbreakingisolates_HTFlengthfreq/authenticate_the2breakingisolates/step1_minimap2toview/the2fastq/PL0240.inclHTF.fastq.gz
  0:00:07.461  2305M / 2305M INFO   K-mer Splitting          (kmer_data.cpp             : 107)   Processed 767105 reads
  0:00:07.472  2305M / 2305M INFO   K-mer Splitting          (kmer_data.cpp             : 112)   Total 767105 reads processed
  0:00:07.472     1M / 708M  INFO    General                 (kmer_index_builder.hpp    : 249)   Starting k-mer counting.
  0:00:07.872     1M / 708M  INFO    General                 (kmer_index_builder.hpp    : 260)   K-mer counting done. There are 11243854 kmers in total.
  0:00:07.875     1M / 708M  INFO   K-mer Index Building     (kmer_index_builder.hpp    : 395)   Building perfect hash indices
  0:00:08.699     9M / 708M  INFO   K-mer Index Building     (kmer_index_builder.hpp    : 431)   Index built. Total 11243854 kmers, 8133096 bytes occupied (5.7867 bits per kmer).
  0:00:08.699     9M / 708M  INFO   K-mer Counting           (kmer_data.cpp             : 354)   Arranging kmers in hash map order
  0:00:11.048   186M / 708M  INFO    General                 (main.cpp                  : 148)   Clustering Hamming graph.
  0:00:37.160   186M / 708M  INFO    General                 (main.cpp                  : 155)   Extracting clusters:
  0:00:37.160   186M / 708M  INFO    General                 (concurrent_dsu.cpp        :  18)   Connecting to root
  0:00:37.207   186M / 708M  INFO    General                 (concurrent_dsu.cpp        :  34)   Calculating counts
  0:00:44.603   458M / 708M  INFO    General                 (concurrent_dsu.cpp        :  63)   Writing down entries
  0:01:00.786   186M / 708M  INFO    General                 (main.cpp                  : 167)   Clustering done. Total clusters: 9779873
  0:01:00.796    97M / 708M  INFO   K-mer Counting           (kmer_data.cpp             : 371)   Collecting K-mer information, this takes a while.
  0:01:00.980   358M / 708M  INFO   K-mer Counting           (kmer_data.cpp             : 377)   Processing /SAN/ugi/plant_genom/jiajucui/4_mapping_to_pseudomonas/tailocin_2024_TF_Tapemeasure/2025_summer_paperfig_m57/scripts/step1_HTFhaplotypes/step1.2_HTF_bykmers_wholegenomeuniquekmers/step5_additional_analysis_coinfection_Oantigenbreakingisolates_HTFlengthfreq/authenticate_the2breakingisolates/step1_minimap2toview/the2fastq/PL0240.inclHTF.fastq.gz
  0:01:18.559   358M / 708M  INFO   K-mer Counting           (kmer_data.cpp             : 384)   Collection done, postprocessing.
  0:01:18.601   358M / 708M  INFO   K-mer Counting           (kmer_data.cpp             : 397)   There are 11243854 kmers in total. Among them 1804784 (16.0513%) are singletons.
  0:01:18.601   358M / 708M  INFO    General                 (main.cpp                  : 173)   Subclustering Hamming graph
  0:01:21.076   358M / 708M  INFO   Hamming Subclustering    (kmer_cluster.cpp          : 650)   Subclustering done. Total 9 non-read kmers were generated.
  0:01:21.076   358M / 708M  INFO   Hamming Subclustering    (kmer_cluster.cpp          : 651)   Subclustering statistics:
  0:01:21.076   358M / 708M  INFO   Hamming Subclustering    (kmer_cluster.cpp          : 652)     Total singleton hamming clusters: 8478758. Among them 8445748 (99.6107%) are good
  0:01:21.076   358M / 708M  INFO   Hamming Subclustering    (kmer_cluster.cpp          : 653)     Total singleton subclusters: 24978. Among them 24978 (100%) are good
  0:01:21.076   358M / 708M  INFO   Hamming Subclustering    (kmer_cluster.cpp          : 654)     Total non-singleton subcluster centers: 1298247. Among them 1144290 (88.1412%) are good
  0:01:21.076   358M / 708M  INFO   Hamming Subclustering    (kmer_cluster.cpp          : 655)     Average size of non-trivial subcluster: 2.12988 kmers
  0:01:21.076   358M / 708M  INFO   Hamming Subclustering    (kmer_cluster.cpp          : 656)     Average number of sub-clusters per non-singleton cluster: 1.01699
  0:01:21.076   358M / 708M  INFO   Hamming Subclustering    (kmer_cluster.cpp          : 657)     Total solid k-mers: 9615016
  0:01:21.076   358M / 708M  INFO   Hamming Subclustering    (kmer_cluster.cpp          : 658)     Substitution probabilities: [4,4]((0.967232,0.00807851,0.0236506,0.00103875),(0.00669897,0.940637,0.00215966,0.0505041),(0.0496435,0.00205644,0.94143,0.00687028),(0.000999654,0.022297,0.00783754,0.968866))
  0:01:21.165   358M / 708M  INFO    General                 (main.cpp                  : 178)   Finished clustering.
  0:01:21.165   358M / 708M  INFO    General                 (main.cpp                  : 197)   Starting solid k-mers expansion in 4 threads.
  0:01:28.066   358M / 708M  INFO    General                 (main.cpp                  : 218)   Solid k-mers iteration 0 produced 47966 new k-mers.
  0:01:37.322   358M / 708M  INFO    General                 (main.cpp                  : 218)   Solid k-mers iteration 1 produced 575 new k-mers.
  0:01:45.397   358M / 708M  INFO    General                 (main.cpp                  : 218)   Solid k-mers iteration 2 produced 15 new k-mers.
  0:01:54.889   358M / 708M  INFO    General                 (main.cpp                  : 218)   Solid k-mers iteration 3 produced 0 new k-mers.
  0:01:54.889   358M / 708M  INFO    General                 (main.cpp                  : 222)   Solid k-mers finalized
  0:01:54.889   358M / 708M  INFO    General                 (hammer_tools.cpp          : 222)   Starting read correction in 4 threads.
  0:01:54.889   358M / 708M  INFO    General                 (hammer_tools.cpp          : 266)   Correcting single reads: /SAN/ugi/plant_genom/jiajucui/4_mapping_to_pseudomonas/tailocin_2024_TF_Tapemeasure/2025_summer_paperfig_m57/scripts/step1_HTFhaplotypes/step1.2_HTF_bykmers_wholegenomeuniquekmers/step5_additional_analysis_coinfection_Oantigenbreakingisolates_HTFlengthfreq/authenticate_the2breakingisolates/step1_minimap2toview/the2fastq/PL0240.inclHTF.fastq.gz
  0:01:55.693   478M / 708M  INFO    General                 (hammer_tools.cpp          : 129)   Prepared batch 0 of 400000 reads.
  0:01:57.811   495M / 708M  INFO    General                 (hammer_tools.cpp          : 134)   Processed batch 0
  0:01:58.261   495M / 708M  INFO    General                 (hammer_tools.cpp          : 138)   Written batch 0
  0:01:58.905   517M / 708M  INFO    General                 (hammer_tools.cpp          : 129)   Prepared batch 1 of 367105 reads.
  0:02:00.920   517M / 708M  INFO    General                 (hammer_tools.cpp          : 134)   Processed batch 1
  0:02:01.316   517M / 708M  INFO    General                 (hammer_tools.cpp          : 138)   Written batch 1
  0:02:01.786   358M / 708M  INFO    General                 (hammer_tools.cpp          : 276)   Correction done. Changed 42137 bases in 38886 reads.
  0:02:01.791   358M / 708M  INFO    General                 (hammer_tools.cpp          : 277)   Failed to correct 105 bases out of 50304460.
  0:02:01.827     1M / 708M  INFO    General                 (main.cpp                  : 255)   Saving corrected dataset description to /SAN/ugi/plant_genom/jiajucui/4_mapping_to_pseudomonas/tailocin_2024_TF_Tapemeasure/2025_summer_paperfig_m57/scripts/step1_HTFhaplotypes/step1.2_HTF_bykmers_wholegenomeuniquekmers/step5_additional_analysis_coinfection_Oantigenbreakingisolates_HTFlengthfreq/authenticate_the2breakingisolates/step1_minimap2toview/tmp_assemble_from_raw_Psfastq_thenminmap_PL0240.inclHTF/spades_output/corrected/corrected.yaml
  0:02:02.014     1M / 708M  INFO    General                 (main.cpp                  : 262)   All done. Exiting.

===== Read error correction finished. 


===== corrected reads compression started. 


== Running: /SAN/ugi/aMetagenomics/jiajucui/tmpbigfile/miniconda3newdirtostore/envs/phylogeny_snp/bin/python /SAN/ugi/aMetagenomics/jiajucui/tmpbigfile/miniconda3newdirtostore/envs/phylogeny_snp/share/spades/spades_pipeline/scripts/compress_all.py --input_file /SAN/ugi/plant_genom/jiajucui/4_mapping_to_pseudomonas/tailocin_2024_TF_Tapemeasure/2025_summer_paperfig_m57/scripts/step1_HTFhaplotypes/step1.2_HTF_bykmers_wholegenomeuniquekmers/step5_additional_analysis_coinfection_Oantigenbreakingisolates_HTFlengthfreq/authenticate_the2breakingisolates/step1_minimap2toview/tmp_assemble_from_raw_Psfastq_thenminmap_PL0240.inclHTF/spades_output/corrected/corrected.yaml --ext_python_modules_home /SAN/ugi/aMetagenomics/jiajucui/tmpbigfile/miniconda3newdirtostore/envs/phylogeny_snp/share/spades --max_threads 4 --output_dir /SAN/ugi/plant_genom/jiajucui/4_mapping_to_pseudomonas/tailocin_2024_TF_Tapemeasure/2025_summer_paperfig_m57/scripts/step1_HTFhaplotypes/step1.2_HTF_bykmers_wholegenomeuniquekmers/step5_additional_analysis_coinfection_Oantigenbreakingisolates_HTFlengthfreq/authenticate_the2breakingisolates/step1_minimap2toview/tmp_assemble_from_raw_Psfastq_thenminmap_PL0240.inclHTF/spades_output/corrected --gzip_output

== Compressing corrected reads (with gzip)
== Files to compress: ['/SAN/ugi/plant_genom/jiajucui/4_mapping_to_pseudomonas/tailocin_2024_TF_Tapemeasure/2025_summer_paperfig_m57/scripts/step1_HTFhaplotypes/step1.2_HTF_bykmers_wholegenomeuniquekmers/step5_additional_analysis_coinfection_Oantigenbreakingisolates_HTFlengthfreq/authenticate_the2breakingisolates/step1_minimap2toview/tmp_assemble_from_raw_Psfastq_thenminmap_PL0240.inclHTF/spades_output/corrected/PL0240.inclHTF.fastq.00.0_0.cor.fastq']
== Files compression is finished
== Dataset yaml file is updated

===== corrected reads compression finished. 


===== Read error correction finished. 


===== Assembling started. 


===== K21 started. 


== Running: /SAN/ugi/aMetagenomics/jiajucui/tmpbigfile/miniconda3newdirtostore/envs/phylogeny_snp/bin/spades-core /SAN/ugi/plant_genom/jiajucui/4_mapping_to_pseudomonas/tailocin_2024_TF_Tapemeasure/2025_summer_paperfig_m57/scripts/step1_HTFhaplotypes/step1.2_HTF_bykmers_wholegenomeuniquekmers/step5_additional_analysis_coinfection_Oantigenbreakingisolates_HTFlengthfreq/authenticate_the2breakingisolates/step1_minimap2toview/tmp_assemble_from_raw_Psfastq_thenminmap_PL0240.inclHTF/spades_output/K21/configs/config.info /SAN/ugi/plant_genom/jiajucui/4_mapping_to_pseudomonas/tailocin_2024_TF_Tapemeasure/2025_summer_paperfig_m57/scripts/step1_HTFhaplotypes/step1.2_HTF_bykmers_wholegenomeuniquekmers/step5_additional_analysis_coinfection_Oantigenbreakingisolates_HTFlengthfreq/authenticate_the2breakingisolates/step1_minimap2toview/tmp_assemble_from_raw_Psfastq_thenminmap_PL0240.inclHTF/spades_output/K21/configs/careful_mode.info

  0:00:00.000     1M / 20M   INFO    General                 (main.cpp                  :  99)   Loaded config from /SAN/ugi/plant_genom/jiajucui/4_mapping_to_pseudomonas/tailocin_2024_TF_Tapemeasure/2025_summer_paperfig_m57/scripts/step1_HTFhaplotypes/step1.2_HTF_bykmers_wholegenomeuniquekmers/step5_additional_analysis_coinfection_Oantigenbreakingisolates_HTFlengthfreq/authenticate_the2breakingisolates/step1_minimap2toview/tmp_assemble_from_raw_Psfastq_thenminmap_PL0240.inclHTF/spades_output/K21/configs/config.info
  0:00:00.000     1M / 20M   INFO    General                 (main.cpp                  :  99)   Loaded config from /SAN/ugi/plant_genom/jiajucui/4_mapping_to_pseudomonas/tailocin_2024_TF_Tapemeasure/2025_summer_paperfig_m57/scripts/step1_HTFhaplotypes/step1.2_HTF_bykmers_wholegenomeuniquekmers/step5_additional_analysis_coinfection_Oantigenbreakingisolates_HTFlengthfreq/authenticate_the2breakingisolates/step1_minimap2toview/tmp_assemble_from_raw_Psfastq_thenminmap_PL0240.inclHTF/spades_output/K21/configs/careful_mode.info
  0:00:00.000     1M / 20M   INFO    General                 (memory_limit.cpp          :  54)   Memory limit set to 7 Gb
  0:00:00.000     1M / 20M   INFO    General                 (main.cpp                  : 107)   Starting SPAdes, built from N/A, git revision N/A
  0:00:00.000     1M / 20M   INFO    General                 (main.cpp                  : 108)   Maximum k-mer length: 128
  0:00:00.000     1M / 20M   INFO    General                 (main.cpp                  : 109)   Assembling dataset (/SAN/ugi/plant_genom/jiajucui/4_mapping_to_pseudomonas/tailocin_2024_TF_Tapemeasure/2025_summer_paperfig_m57/scripts/step1_HTFhaplotypes/step1.2_HTF_bykmers_wholegenomeuniquekmers/step5_additional_analysis_coinfection_Oantigenbreakingisolates_HTFlengthfreq/authenticate_the2breakingisolates/step1_minimap2toview/tmp_assemble_from_raw_Psfastq_thenminmap_PL0240.inclHTF/spades_output/dataset.info) with K=21
  0:00:00.000     1M / 20M   INFO    General                 (main.cpp                  : 110)   Maximum # of threads to use (adjusted due to OMP capabilities): 4
  0:00:00.000     1M / 20M   INFO    General                 (pipeline.cpp              : 212)   SPAdes started
  0:00:00.000     1M / 20M   INFO    General                 (pipeline.cpp              : 225)   Starting from stage: read_conversion
  0:00:00.000     1M / 20M   INFO    General                 (pipeline.cpp              : 231)   Two-step repeat resolution disabled
  0:00:00.001     1M / 20M   INFO   GraphCore                (graph_core.hpp            : 672)   Graph created, vertex min_id: 3, edge min_id: 3
  0:00:00.001     1M / 20M   INFO   GraphCore                (graph_core.hpp            : 673)   Vertex size: 48, edge size: 40
  0:00:00.001     1M / 20M   INFO    General                 (edge_index.hpp            : 113)   Size of edge index entries: 12/8
  0:00:00.001     1M / 20M   INFO   StageManager             (stage.cpp                 : 185)   STAGE == Binary Read Conversion (id: read_conversion)
  0:00:00.005     1M / 20M   INFO    General                 (read_converter.cpp        :  72)   Converting reads to binary format for library #0 (takes a while)
  0:00:00.005     1M / 20M   INFO    General                 (read_converter.cpp        :  73)   Converting paired reads
  0:00:00.412    23M / 23M   INFO    General                 (binary_converter.cpp      : 111)   0 reads written
  0:00:00.412     1M / 20M   INFO    General                 (read_converter.cpp        :  86)   Converting single reads
  0:00:00.615    32M / 32M   INFO    General                 (binary_converter.cpp      :  96)   16384 reads processed
  0:00:00.624    33M / 33M   INFO    General                 (binary_converter.cpp      :  96)   32768 reads processed
  0:00:00.642    36M / 36M   INFO    General                 (binary_converter.cpp      :  96)   65536 reads processed
  0:00:00.818    33M / 57M   INFO    General                 (binary_converter.cpp      :  96)   131072 reads processed
  0:00:01.090    35M / 67M   INFO    General                 (binary_converter.cpp      :  96)   262144 reads processed
  0:00:01.606    33M / 76M   INFO    General                 (binary_converter.cpp      :  96)   524288 reads processed
  0:00:01.988    31M / 82M   INFO    General                 (binary_converter.cpp      : 111)   756157 reads written
  0:00:01.988    21M / 82M   INFO    General                 (read_converter.cpp        :  92)   Converting merged reads
  0:00:02.070    31M / 82M   INFO    General                 (binary_converter.cpp      : 111)   0 reads written
  0:00:02.150     1M / 83M   INFO   StageManager             (stage.cpp                 : 185)   STAGE == de Bruijn graph construction (id: construction)
  0:00:02.240     1M / 83M   INFO    General                 (construction.cpp          : 153)   Max read length 289
  0:00:02.240     1M / 83M   INFO    General                 (construction.cpp          : 159)   Average read length 66.4388
  0:00:02.240     1M / 83M   INFO    General                 (stage.cpp                 : 117)   PROCEDURE == k+1-mer counting (id: construction:kpomer_counting)
  0:00:02.240     1M / 83M   INFO    General                 (kmer_index_builder.hpp    : 243)   Splitting kmer instances into 40 files using 4 threads. This might take a while.
  0:00:02.244     1M / 83M   INFO    General                 (file_limit.hpp            :  42)   Open file limit set to 2048
  0:00:02.244     1M / 83M   INFO    General                 (kmer_splitter.hpp         :  93)   Memory available for splitting buffers: 0.583312 Gb
  0:00:02.244     1M / 83M   INFO    General                 (kmer_splitter.hpp         : 101)   Using cell size of 1677721
  0:00:05.833  2401M / 2401M INFO    General                 (kmer_splitters.hpp        : 125)   Processed 1512314 reads
  0:00:05.833     1M / 362M  INFO    General                 (kmer_splitters.hpp        : 131)   Used 1512314 reads
  0:00:05.860     1M / 362M  INFO    General                 (kmer_index_builder.hpp    : 249)   Starting k-mer counting.
  0:00:08.503     1M / 362M  INFO    General                 (kmer_index_builder.hpp    : 260)   K-mer counting done. There are 4968526 kmers in total.
  0:00:08.503     1M / 362M  INFO    General                 (stage.cpp                 : 117)   PROCEDURE == Extension index construction (id: construction:extension_index_construction)
  0:00:13.957     1M / 362M  INFO   K-mer Index Building     (kmer_index_builder.hpp    : 438)   Building kmer index
  0:00:13.957     1M / 362M  INFO    General                 (kmer_index_builder.hpp    : 243)   Splitting kmer instances into 40 files using 4 threads. This might take a while.
  0:00:14.028     1M / 362M  INFO    General                 (file_limit.hpp            :  42)   Open file limit set to 2048
  0:00:14.028     1M / 362M  INFO    General                 (kmer_splitter.hpp         :  93)   Memory available for splitting buffers: 0.583306 Gb
  0:00:14.028     1M / 362M  INFO    General                 (kmer_splitter.hpp         : 101)   Using cell size of 1677721
  0:00:16.569  2401M / 2401M INFO    General                 (kmer_splitters.hpp        : 194)   Processed 4968526 kmers
  0:00:16.569  2401M / 2401M INFO    General                 (kmer_splitters.hpp        : 199)   Used 4968526 kmers.
  0:00:16.569     1M / 362M  INFO    General                 (kmer_index_builder.hpp    : 249)   Starting k-mer counting.
  0:00:18.510     1M / 362M  INFO    General                 (kmer_index_builder.hpp    : 260)   K-mer counting done. There are 4978029 kmers in total.
  0:00:18.510     1M / 362M  INFO   K-mer Index Building     (kmer_index_builder.hpp    : 395)   Building perfect hash indices
  0:00:18.845     5M / 362M  INFO   K-mer Index Building     (kmer_index_builder.hpp    : 431)   Index built. Total 4978029 kmers, 3625304 bytes occupied (5.82609 bits per kmer).
  0:00:18.846     5M / 362M  INFO    General                 (kmer_index_builder.hpp    : 169)   Merging final buckets.
  0:00:20.362     9M / 362M  INFO   DeBruijnExtensionIndexBu (kmer_extension_index_build: 100)   Building k-mer extensions from k+1-mers
  0:00:21.085     9M / 362M  INFO   DeBruijnExtensionIndexBu (kmer_extension_index_build: 105)   Building k-mer extensions from k+1-mers finished.
  0:00:21.087     9M / 362M  INFO    General                 (stage.cpp                 : 117)   PROCEDURE == Early tip clipping (id: construction:early_tip_clipper)
  0:00:21.087     9M / 362M  INFO    General                 (construction.cpp          : 301)   Early tip clipper length bound set as (RL - K)
  0:00:21.087     9M / 362M  INFO   Early tip clipping       (early_simplification.hpp  :  47)   Early tip clipping
  0:00:21.654    10M / 362M  INFO   Early tip clipping       (early_simplification.hpp  :  82)   #tipped junctions: 13625
  0:00:21.656    10M / 362M  INFO   Early tip clipping       (early_simplification.hpp  :  93)   Clipped tips: 13653
  0:00:21.659     9M / 362M  INFO   Early tip clipping       (early_simplification.hpp  :  49)   116788 22-mers were removed by early tip clipper
  0:00:21.659     9M / 362M  INFO    General                 (stage.cpp                 : 117)   PROCEDURE == Condensing graph (id: construction:graph_condensing)
  0:00:21.672     9M / 362M  INFO   UnbranchingPathExtractor (debruijn_graph_constructor: 354)   Extracting unbranching paths
  0:00:22.380    11M / 362M  INFO   UnbranchingPathExtractor (debruijn_graph_constructor: 373)   Extracting unbranching paths finished. 16788 sequences extracted
  0:00:22.812    11M / 362M  INFO   UnbranchingPathExtractor (debruijn_graph_constructor: 309)   Collecting perfect loops
  0:00:23.205    11M / 362M  INFO   UnbranchingPathExtractor (debruijn_graph_constructor: 342)   Collecting perfect loops finished. 0 loops collected
  0:00:23.209    11M / 362M  INFO    General                 (debruijn_graph_constructor: 487)   Total 33576 edges to create
  0:00:23.209    13M / 362M  INFO    General                 (debruijn_graph_constructor: 489)   Collecting link records
  0:00:23.215    13M / 362M  INFO    General                 (debruijn_graph_constructor: 491)   Ordering link records
  0:00:23.217    13M / 362M  INFO    General                 (debruijn_graph_constructor: 493)   Sorting done
  0:00:23.217    13M / 362M  INFO    General                 (debruijn_graph_constructor: 503)   Total 26291 vertices to create
  0:00:23.217    16M / 362M  INFO    General                 (debruijn_graph_constructor: 506)   Connecting the graph
  0:00:23.228    15M / 362M  INFO    General                 (stage.cpp                 : 117)   PROCEDURE == Filling coverage indices (PHM) (id: construction:coverage_filling_phm)
  0:00:23.228    15M / 362M  INFO   K-mer Index Building     (kmer_index_builder.hpp    : 395)   Building perfect hash indices
  0:00:23.520    18M / 362M  INFO   K-mer Index Building     (kmer_index_builder.hpp    : 431)   Index built. Total 4968526 kmers, 3618416 bytes occupied (5.82614 bits per kmer).
  0:00:23.530    37M / 362M  INFO    General                 (coverage_hash_map_builder.:  47)   Collecting k-mer coverage information from reads, this takes a while.
  0:00:27.397    37M / 362M  INFO    General                 (construction.cpp          : 430)   Filling coverage and flanking coverage from PHM
  0:00:28.746    37M / 362M  INFO    General                 (coverage_filling.hpp      :  82)   Processed 33569 edges
  0:00:44.012     6M / 362M  INFO   StageManager             (stage.cpp                 : 185)   STAGE == EC Threshold Finding (id: ec_threshold_finder)
  0:00:44.012     6M / 362M  INFO    General                 (kmer_coverage_model.cpp   : 181)   Kmer coverage valley at: 0
  0:00:44.012     6M / 362M  INFO    General                 (kmer_coverage_model.cpp   : 201)   K-mer histogram maximum: 5
  0:00:44.013     6M / 362M  INFO    General                 (kmer_coverage_model.cpp   : 237)   Estimated median coverage: 6. Coverage mad: 4.4478
  0:00:44.013     6M / 362M  INFO    General                 (kmer_coverage_model.cpp   : 259)   Fitting coverage model
  0:00:44.024     6M / 362M  INFO    General                 (kmer_coverage_model.cpp   : 295)   ... iteration 2
  0:00:44.052     6M / 362M  INFO    General                 (kmer_coverage_model.cpp   : 295)   ... iteration 4
  0:00:44.141     6M / 362M  INFO    General                 (kmer_coverage_model.cpp   : 295)   ... iteration 8
  0:00:44.320     6M / 362M  INFO    General                 (kmer_coverage_model.cpp   : 295)   ... iteration 16
  0:00:44.650     6M / 362M  INFO    General                 (kmer_coverage_model.cpp   : 295)   ... iteration 32
  0:00:45.312     6M / 362M  INFO    General                 (kmer_coverage_model.cpp   : 295)   ... iteration 64
  0:00:46.542     6M / 362M  INFO    General                 (kmer_coverage_model.cpp   : 295)   ... iteration 128
  0:00:47.734     6M / 362M  INFO    General                 (kmer_coverage_model.cpp   : 309)   Fitted mean coverage: 7.64304. Fitted coverage std. dev: 3.18371
  0:00:47.735     6M / 362M  INFO    General                 (kmer_coverage_model.cpp   : 334)   Probability of erroneous kmer at valley: 0.939478
  0:00:47.735     6M / 362M  INFO    General                 (kmer_coverage_model.cpp   : 358)   Preliminary threshold calculated as: 10
  0:00:47.735     6M / 362M  INFO    General                 (kmer_coverage_model.cpp   : 362)   Threshold adjusted to: 3
  0:00:47.735     6M / 362M  INFO    General                 (kmer_coverage_model.cpp   : 375)   Estimated genome size (ignoring repeats): 4390986
  0:00:47.735     6M / 362M  INFO    General                 (genomic_info_filler.cpp   :  55)   Mean coverage was calculated as 7.64304
  0:00:47.735     6M / 362M  INFO    General                 (genomic_info_filler.cpp   :  70)   EC coverage threshold value was calculated as 3
  0:00:47.735     6M / 362M  INFO    General                 (genomic_info_filler.cpp   :  71)   Trusted kmer low bound: 0
  0:00:47.735     6M / 362M  INFO   StageManager             (stage.cpp                 : 185)   STAGE == Raw Simplification (id: raw_simplification)
  0:00:47.735     6M / 362M  INFO    General                 (simplification.cpp        : 127)   PROCEDURE == Initial cleaning
  0:00:47.735     6M / 362M  INFO    General                 (graph_simplification.hpp  : 662)   Flanking coverage based disconnection disabled
  0:00:47.735     6M / 362M  INFO   Simplification           (parallel_processing.hpp   : 167)   Running Self conjugate edge remover
  0:00:47.738     6M / 362M  INFO   Simplification           (parallel_processing.hpp   : 170)   Self conjugate edge remover triggered 0 times
  0:00:47.738     6M / 362M  INFO   StageManager             (stage.cpp                 : 185)   STAGE == Simplification (id: simplification)
  0:00:47.738     6M / 362M  INFO    General                 (simplification.cpp        : 368)   Graph simplification started
  0:00:47.738     6M / 362M  INFO    General                 (graph_simplification.hpp  : 634)   Creating parallel br instance
  0:00:47.738     6M / 362M  INFO    General                 (simplification.cpp        : 373)   PROCEDURE == Simplification cycle, iteration 1
  0:00:47.738     6M / 362M  INFO   Simplification           (parallel_processing.hpp   : 167)   Running Tip clipper
  0:00:47.743     6M / 362M  INFO   Simplification           (parallel_processing.hpp   : 170)   Tip clipper triggered 194 times
  0:00:47.743     6M / 362M  INFO   Simplification           (parallel_processing.hpp   : 167)   Running Bulge remover
  0:00:47.779     6M / 362M  INFO   Simplification           (parallel_processing.hpp   : 170)   Bulge remover triggered 643 times
  0:00:47.782     6M / 362M  INFO   Simplification           (parallel_processing.hpp   : 167)   Running Low coverage edge remover
  0:00:47.783     6M / 362M  INFO   Simplification           (parallel_processing.hpp   : 170)   Low coverage edge remover triggered 0 times
  0:00:47.783     6M / 362M  INFO    General                 (simplification.cpp        : 373)   PROCEDURE == Simplification cycle, iteration 2
  0:00:47.784     6M / 362M  INFO   Simplification           (parallel_processing.hpp   : 167)   Running Tip clipper
  0:00:47.784     6M / 362M  INFO   Simplification           (parallel_processing.hpp   : 170)   Tip clipper triggered 14 times
  0:00:47.784     6M / 362M  INFO   Simplification           (parallel_processing.hpp   : 167)   Running Bulge remover
  0:00:47.784     6M / 362M  INFO   Simplification           (parallel_processing.hpp   : 170)   Bulge remover triggered 0 times
  0:00:47.784     6M / 362M  INFO   Simplification           (parallel_processing.hpp   : 167)   Running Low coverage edge remover
  0:00:47.784     6M / 362M  INFO   Simplification           (parallel_processing.hpp   : 170)   Low coverage edge remover triggered 0 times
  0:00:47.784     6M / 362M  INFO    General                 (simplification.cpp        : 373)   PROCEDURE == Simplification cycle, iteration 3
  0:00:47.785     6M / 362M  INFO   Simplification           (parallel_processing.hpp   : 167)   Running Tip clipper
  0:00:47.785     6M / 362M  INFO   Simplification           (parallel_processing.hpp   : 170)   Tip clipper triggered 0 times
  0:00:47.785     6M / 362M  INFO   Simplification           (parallel_processing.hpp   : 167)   Running Bulge remover
  0:00:47.785     6M / 362M  INFO   Simplification           (parallel_processing.hpp   : 170)   Bulge remover triggered 0 times
  0:00:47.785     6M / 362M  INFO   Simplification           (parallel_processing.hpp   : 167)   Running Low coverage edge remover
  0:00:47.785     6M / 362M  INFO   Simplification           (parallel_processing.hpp   : 170)   Low coverage edge remover triggered 0 times
  0:00:47.785     6M / 362M  INFO    General                 (simplification.cpp        : 373)   PROCEDURE == Simplification cycle, iteration 4
  0:00:47.785     6M / 362M  INFO   Simplification           (parallel_processing.hpp   : 167)   Running Tip clipper
  0:00:47.785     6M / 362M  INFO   Simplification           (parallel_processing.hpp   : 170)   Tip clipper triggered 0 times
  0:00:47.785     6M / 362M  INFO   Simplification           (parallel_processing.hpp   : 167)   Running Bulge remover
  0:00:47.785     6M / 362M  INFO   Simplification           (parallel_processing.hpp   : 170)   Bulge remover triggered 0 times
  0:00:47.785     6M / 362M  INFO   Simplification           (parallel_processing.hpp   : 167)   Running Low coverage edge remover
  0:00:47.788     6M / 362M  INFO   Simplification           (parallel_processing.hpp   : 170)   Low coverage edge remover triggered 151 times
  0:00:47.788     6M / 362M  INFO    General                 (simplification.cpp        : 373)   PROCEDURE == Simplification cycle, iteration 5
  0:00:47.788     6M / 362M  INFO   Simplification           (parallel_processing.hpp   : 167)   Running Tip clipper
  0:00:47.788     6M / 362M  INFO   Simplification           (parallel_processing.hpp   : 170)   Tip clipper triggered 11 times
  0:00:47.788     6M / 362M  INFO   Simplification           (parallel_processing.hpp   : 167)   Running Bulge remover
  0:00:47.790     6M / 362M  INFO   Simplification           (parallel_processing.hpp   : 170)   Bulge remover triggered 9 times
  0:00:47.790     6M / 362M  INFO   Simplification           (parallel_processing.hpp   : 167)   Running Low coverage edge remover
  0:00:47.790     6M / 362M  INFO   Simplification           (parallel_processing.hpp   : 170)   Low coverage edge remover triggered 21 times
  0:00:47.790     6M / 362M  INFO    General                 (simplification.cpp        : 373)   PROCEDURE == Simplification cycle, iteration 6
  0:00:47.790     6M / 362M  INFO   Simplification           (parallel_processing.hpp   : 167)   Running Tip clipper
  0:00:47.790     6M / 362M  INFO   Simplification           (parallel_processing.hpp   : 170)   Tip clipper triggered 0 times
  0:00:47.790     6M / 362M  INFO   Simplification           (parallel_processing.hpp   : 167)   Running Bulge remover
  0:00:47.791     6M / 362M  INFO   Simplification           (parallel_processing.hpp   : 170)   Bulge remover triggered 2 times
  0:00:47.791     6M / 362M  INFO   Simplification           (parallel_processing.hpp   : 167)   Running Low coverage edge remover
  0:00:47.791     6M / 362M  INFO   Simplification           (parallel_processing.hpp   : 170)   Low coverage edge remover triggered 17 times
  0:00:47.791     6M / 362M  INFO    General                 (simplification.cpp        : 373)   PROCEDURE == Simplification cycle, iteration 7
  0:00:47.791     6M / 362M  INFO   Simplification           (parallel_processing.hpp   : 167)   Running Tip clipper
  0:00:47.791     6M / 362M  INFO   Simplification           (parallel_processing.hpp   : 170)   Tip clipper triggered 0 times
  0:00:47.791     6M / 362M  INFO   Simplification           (parallel_processing.hpp   : 167)   Running Bulge remover
  0:00:47.791     6M / 362M  INFO   Simplification           (parallel_processing.hpp   : 170)   Bulge remover triggered 1 times
  0:00:47.791     6M / 362M  INFO   Simplification           (parallel_processing.hpp   : 167)   Running Low coverage edge remover
  0:00:47.793     6M / 362M  INFO   Simplification           (parallel_processing.hpp   : 170)   Low coverage edge remover triggered 78 times
  0:00:47.793     6M / 362M  INFO    General                 (simplification.cpp        : 373)   PROCEDURE == Simplification cycle, iteration 8
  0:00:47.793     6M / 362M  INFO   Simplification           (parallel_processing.hpp   : 167)   Running Tip clipper
  0:00:47.793     6M / 362M  INFO   Simplification           (parallel_processing.hpp   : 170)   Tip clipper triggered 6 times
  0:00:47.793     6M / 362M  INFO   Simplification           (parallel_processing.hpp   : 167)   Running Bulge remover
  0:00:47.794     6M / 362M  INFO   Simplification           (parallel_processing.hpp   : 170)   Bulge remover triggered 4 times
  0:00:47.794     6M / 362M  INFO   Simplification           (parallel_processing.hpp   : 167)   Running Low coverage edge remover
  0:00:47.794     6M / 362M  INFO   Simplification           (parallel_processing.hpp   : 170)   Low coverage edge remover triggered 13 times
  0:00:47.794     6M / 362M  INFO    General                 (simplification.cpp        : 373)   PROCEDURE == Simplification cycle, iteration 9
  0:00:47.794     6M / 362M  INFO   Simplification           (parallel_processing.hpp   : 167)   Running Tip clipper
  0:00:47.794     6M / 362M  INFO   Simplification           (parallel_processing.hpp   : 170)   Tip clipper triggered 0 times
  0:00:47.794     6M / 362M  INFO   Simplification           (parallel_processing.hpp   : 167)   Running Bulge remover
  0:00:47.794     6M / 362M  INFO   Simplification           (parallel_processing.hpp   : 170)   Bulge remover triggered 1 times
  0:00:47.794     6M / 362M  INFO   Simplification           (parallel_processing.hpp   : 167)   Running Low coverage edge remover
  0:00:47.795     6M / 362M  INFO   Simplification           (parallel_processing.hpp   : 170)   Low coverage edge remover triggered 19 times
  0:00:47.795     6M / 362M  INFO    General                 (simplification.cpp        : 373)   PROCEDURE == Simplification cycle, iteration 10
  0:00:47.795     6M / 362M  INFO   Simplification           (parallel_processing.hpp   : 167)   Running Tip clipper
  0:00:47.795     6M / 362M  INFO   Simplification           (parallel_processing.hpp   : 170)   Tip clipper triggered 0 times
  0:00:47.795     6M / 362M  INFO   Simplification           (parallel_processing.hpp   : 167)   Running Bulge remover
  0:00:47.795     6M / 362M  INFO   Simplification           (parallel_processing.hpp   : 170)   Bulge remover triggered 1 times
  0:00:47.795     6M / 362M  INFO   Simplification           (parallel_processing.hpp   : 167)   Running Low coverage edge remover
  0:00:47.796     6M / 362M  INFO   Simplification           (parallel_processing.hpp   : 170)   Low coverage edge remover triggered 41 times
  0:00:47.796     6M / 362M  INFO    General                 (simplification.cpp        : 373)   PROCEDURE == Simplification cycle, iteration 11
  0:00:47.796     6M / 362M  INFO   Simplification           (parallel_processing.hpp   : 167)   Running Tip clipper
  0:00:47.798     6M / 362M  INFO   Simplification           (parallel_processing.hpp   : 170)   Tip clipper triggered 1 times
  0:00:47.798     6M / 362M  INFO   Simplification           (parallel_processing.hpp   : 167)   Running Bulge remover
  0:00:47.804     6M / 362M  INFO   Simplification           (parallel_processing.hpp   : 170)   Bulge remover triggered 5 times
  0:00:47.805     6M / 362M  INFO   Simplification           (parallel_processing.hpp   : 167)   Running Low coverage edge remover
  0:00:47.806     6M / 362M  INFO   Simplification           (parallel_processing.hpp   : 170)   Low coverage edge remover triggered 0 times
  0:00:47.806     6M / 362M  INFO    General                 (simplification.cpp        : 373)   PROCEDURE == Simplification cycle, iteration 12
  0:00:47.806     6M / 362M  INFO   Simplification           (parallel_processing.hpp   : 167)   Running Tip clipper
  0:00:47.806     6M / 362M  INFO   Simplification           (parallel_processing.hpp   : 170)   Tip clipper triggered 0 times
  0:00:47.806     6M / 362M  INFO   Simplification           (parallel_processing.hpp   : 167)   Running Bulge remover
  0:00:47.806     6M / 362M  INFO   Simplification           (parallel_processing.hpp   : 170)   Bulge remover triggered 0 times
  0:00:47.806     6M / 362M  INFO   Simplification           (parallel_processing.hpp   : 167)   Running Low coverage edge remover
  0:00:47.806     6M / 362M  INFO   Simplification           (parallel_processing.hpp   : 170)   Low coverage edge remover triggered 0 times
  0:00:47.807     6M / 362M  INFO   StageManager             (stage.cpp                 : 185)   STAGE == Simplification Cleanup (id: simplification_cleanup)
  0:00:47.807     6M / 362M  INFO    General                 (simplification.cpp        : 176)   PROCEDURE == Post simplification
  0:00:47.807     6M / 362M  INFO    General                 (graph_simplification.hpp  : 448)   Disconnection of relatively low covered edges disabled
  0:00:47.807     6M / 362M  INFO    General                 (graph_simplification.hpp  : 485)   Complex tip clipping disabled
  0:00:47.808     6M / 362M  INFO    General                 (graph_simplification.hpp  : 634)   Creating parallel br instance
  0:00:47.808     6M / 362M  INFO   Simplification           (parallel_processing.hpp   : 167)   Running Tip clipper
  0:00:47.810     6M / 362M  INFO   Simplification           (parallel_processing.hpp   : 170)   Tip clipper triggered 0 times
  0:00:47.810     6M / 362M  INFO   Simplification           (parallel_processing.hpp   : 167)   Running Bulge remover
  0:00:47.816     6M / 362M  INFO   Simplification           (parallel_processing.hpp   : 170)   Bulge remover triggered 0 times
  0:00:47.816     6M / 362M  INFO   Simplification           (parallel_processing.hpp   : 167)   Running Tip clipper
  0:00:47.818     6M / 362M  INFO   Simplification           (parallel_processing.hpp   : 170)   Tip clipper triggered 0 times
  0:00:47.818     6M / 362M  INFO   Simplification           (parallel_processing.hpp   : 167)   Running Bulge remover
  0:00:47.824     6M / 362M  INFO   Simplification           (parallel_processing.hpp   : 170)   Bulge remover triggered 0 times
  0:00:47.824     6M / 362M  INFO    General                 (simplification.cpp        : 327)   Disrupting self-conjugate edges
  0:00:47.832     6M / 362M  INFO   Simplification           (parallel_processing.hpp   : 167)   Running Removing isolated edges
  0:00:47.847     6M / 362M  INFO   Simplification           (parallel_processing.hpp   : 170)   Removing isolated edges triggered 7562 times
  0:00:47.848     6M / 362M  INFO    General                 (simplification.cpp        : 495)   After simplification:
  0:00:47.848     6M / 362M  INFO    General                 (simplification.cpp        : 496)     Average coverage = 7.3736
  0:00:47.848     6M / 362M  INFO    General                 (simplification.cpp        : 497)     Total length = 4340611
  0:00:47.849     6M / 362M  INFO    General                 (simplification.cpp        : 498)     Median edge length: 1304
  0:00:47.849     6M / 362M  INFO    General                 (simplification.cpp        : 499)     Edges: 11845
  0:00:47.849     6M / 362M  INFO    General                 (simplification.cpp        : 500)     Vertices: 17748
  0:00:47.849     6M / 362M  INFO   StageManager             (stage.cpp                 : 185)   STAGE == Contig Output (id: contig_output)
  0:00:48.331     6M / 362M  INFO    General                 (read_converter.cpp        : 107)   Outputting contigs to /SAN/ugi/plant_genom/jiajucui/4_mapping_to_pseudomonas/tailocin_2024_TF_Tapemeasure/2025_summer_paperfig_m57/scripts/step1_HTFhaplotypes/step1.2_HTF_bykmers_wholegenomeuniquekmers/step5_additional_analysis_coinfection_Oantigenbreakingisolates_HTFlengthfreq/authenticate_the2breakingisolates/step1_minimap2toview/tmp_assemble_from_raw_Psfastq_thenminmap_PL0240.inclHTF/spades_output/K21/simplified_contigs
  0:00:49.844     8M / 362M  INFO    General                 (binary_converter.cpp      : 111)   5925 reads written
  0:00:52.752     6M / 362M  INFO    General                 (pipeline.cpp              : 287)   SPAdes finished
  0:00:52.759     1M / 362M  INFO    General                 (main.cpp                  : 136)   Assembling time: 0 hours 0 minutes 52 seconds

===== K21 finished. 


===== K33 started. 


== Running: /SAN/ugi/aMetagenomics/jiajucui/tmpbigfile/miniconda3newdirtostore/envs/phylogeny_snp/bin/spades-core /SAN/ugi/plant_genom/jiajucui/4_mapping_to_pseudomonas/tailocin_2024_TF_Tapemeasure/2025_summer_paperfig_m57/scripts/step1_HTFhaplotypes/step1.2_HTF_bykmers_wholegenomeuniquekmers/step5_additional_analysis_coinfection_Oantigenbreakingisolates_HTFlengthfreq/authenticate_the2breakingisolates/step1_minimap2toview/tmp_assemble_from_raw_Psfastq_thenminmap_PL0240.inclHTF/spades_output/K33/configs/config.info /SAN/ugi/plant_genom/jiajucui/4_mapping_to_pseudomonas/tailocin_2024_TF_Tapemeasure/2025_summer_paperfig_m57/scripts/step1_HTFhaplotypes/step1.2_HTF_bykmers_wholegenomeuniquekmers/step5_additional_analysis_coinfection_Oantigenbreakingisolates_HTFlengthfreq/authenticate_the2breakingisolates/step1_minimap2toview/tmp_assemble_from_raw_Psfastq_thenminmap_PL0240.inclHTF/spades_output/K33/configs/careful_mode.info

  0:00:00.000     1M / 20M   INFO    General                 (main.cpp                  :  99)   Loaded config from /SAN/ugi/plant_genom/jiajucui/4_mapping_to_pseudomonas/tailocin_2024_TF_Tapemeasure/2025_summer_paperfig_m57/scripts/step1_HTFhaplotypes/step1.2_HTF_bykmers_wholegenomeuniquekmers/step5_additional_analysis_coinfection_Oantigenbreakingisolates_HTFlengthfreq/authenticate_the2breakingisolates/step1_minimap2toview/tmp_assemble_from_raw_Psfastq_thenminmap_PL0240.inclHTF/spades_output/K33/configs/config.info
  0:00:00.000     1M / 20M   INFO    General                 (main.cpp                  :  99)   Loaded config from /SAN/ugi/plant_genom/jiajucui/4_mapping_to_pseudomonas/tailocin_2024_TF_Tapemeasure/2025_summer_paperfig_m57/scripts/step1_HTFhaplotypes/step1.2_HTF_bykmers_wholegenomeuniquekmers/step5_additional_analysis_coinfection_Oantigenbreakingisolates_HTFlengthfreq/authenticate_the2breakingisolates/step1_minimap2toview/tmp_assemble_from_raw_Psfastq_thenminmap_PL0240.inclHTF/spades_output/K33/configs/careful_mode.info
  0:00:00.000     1M / 20M   INFO    General                 (memory_limit.cpp          :  54)   Memory limit set to 7 Gb
  0:00:00.000     1M / 20M   INFO    General                 (main.cpp                  : 107)   Starting SPAdes, built from N/A, git revision N/A
  0:00:00.000     1M / 20M   INFO    General                 (main.cpp                  : 108)   Maximum k-mer length: 128
  0:00:00.000     1M / 20M   INFO    General                 (main.cpp                  : 109)   Assembling dataset (/SAN/ugi/plant_genom/jiajucui/4_mapping_to_pseudomonas/tailocin_2024_TF_Tapemeasure/2025_summer_paperfig_m57/scripts/step1_HTFhaplotypes/step1.2_HTF_bykmers_wholegenomeuniquekmers/step5_additional_analysis_coinfection_Oantigenbreakingisolates_HTFlengthfreq/authenticate_the2breakingisolates/step1_minimap2toview/tmp_assemble_from_raw_Psfastq_thenminmap_PL0240.inclHTF/spades_output/dataset.info) with K=33
  0:00:00.000     1M / 20M   INFO    General                 (main.cpp                  : 110)   Maximum # of threads to use (adjusted due to OMP capabilities): 4
  0:00:00.000     1M / 20M   INFO    General                 (pipeline.cpp              : 212)   SPAdes started
  0:00:00.000     1M / 20M   INFO    General                 (pipeline.cpp              : 225)   Starting from stage: read_conversion
  0:00:00.000     1M / 20M   INFO    General                 (pipeline.cpp              : 231)   Two-step repeat resolution disabled
  0:00:00.000     1M / 20M   INFO   GraphCore                (graph_core.hpp            : 672)   Graph created, vertex min_id: 3, edge min_id: 3
  0:00:00.000     1M / 20M   INFO   GraphCore                (graph_core.hpp            : 673)   Vertex size: 48, edge size: 40
  0:00:00.000     1M / 20M   INFO    General                 (edge_index.hpp            : 113)   Size of edge index entries: 12/8
  0:00:00.000     1M / 20M   INFO    General                 (pipeline.cpp              : 242)   Will need read mapping, kmer mapper will be attached
  0:00:00.000     1M / 20M   INFO   StageManager             (stage.cpp                 : 185)   STAGE == Binary Read Conversion (id: read_conversion)
  0:00:01.481     1M / 20M   INFO    General                 (read_converter.cpp        :  53)   Binary reads detected
  0:00:01.482     1M / 20M   INFO   StageManager             (stage.cpp                 : 185)   STAGE == de Bruijn graph construction (id: construction)
  0:00:01.482     1M / 20M   INFO    General                 (construction.cpp          : 118)   Contigs from previous K will be used: /SAN/ugi/plant_genom/jiajucui/4_mapping_to_pseudomonas/tailocin_2024_TF_Tapemeasure/2025_summer_paperfig_m57/scripts/step1_HTFhaplotypes/step1.2_HTF_bykmers_wholegenomeuniquekmers/step5_additional_analysis_coinfection_Oantigenbreakingisolates_HTFlengthfreq/authenticate_the2breakingisolates/step1_minimap2toview/tmp_assemble_from_raw_Psfastq_thenminmap_PL0240.inclHTF/spades_output/K21/simplified_contigs
  0:00:06.212     1M / 20M   INFO    General                 (construction.cpp          : 153)   Max read length 289
  0:00:06.212     1M / 20M   INFO    General                 (construction.cpp          : 159)   Average read length 66.4388
  0:00:06.212     1M / 20M   INFO    General                 (stage.cpp                 : 117)   PROCEDURE == k+1-mer counting (id: construction:kpomer_counting)
  0:00:06.212     1M / 20M   INFO    General                 (kmer_index_builder.hpp    : 243)   Splitting kmer instances into 40 files using 4 threads. This might take a while.
  0:00:07.552     1M / 20M   INFO    General                 (file_limit.hpp            :  42)   Open file limit set to 2048
  0:00:07.552     1M / 20M   INFO    General                 (kmer_splitter.hpp         :  93)   Memory available for splitting buffers: 0.583308 Gb
  0:00:07.552     1M / 20M   INFO    General                 (kmer_splitter.hpp         : 101)   Using cell size of 838860
  0:01:23.134  2401M / 2401M INFO    General                 (kmer_splitters.hpp        : 125)   Processed 1524164 reads
  0:01:23.134     1M / 511M  INFO    General                 (kmer_splitters.hpp        : 131)   Used 1524164 reads
  0:01:23.193     1M / 511M  INFO    General                 (kmer_index_builder.hpp    : 249)   Starting k-mer counting.
  0:01:24.237     1M / 511M  INFO    General                 (kmer_index_builder.hpp    : 260)   K-mer counting done. There are 4837333 kmers in total.
  0:01:24.237     1M / 511M  INFO    General                 (stage.cpp                 : 117)   PROCEDURE == Extension index construction (id: construction:extension_index_construction)
  0:01:24.274     1M / 511M  INFO   K-mer Index Building     (kmer_index_builder.hpp    : 438)   Building kmer index
  0:01:24.274     1M / 511M  INFO    General                 (kmer_index_builder.hpp    : 243)   Splitting kmer instances into 40 files using 4 threads. This might take a while.
  0:01:24.279     1M / 511M  INFO    General                 (file_limit.hpp            :  42)   Open file limit set to 2048
  0:01:24.279     1M / 511M  INFO    General                 (kmer_splitter.hpp         :  93)   Memory available for splitting buffers: 0.583302 Gb
  0:01:24.279     1M / 511M  INFO    General                 (kmer_splitter.hpp         : 101)   Using cell size of 838860
  0:01:26.435  2401M / 2401M INFO    General                 (kmer_splitters.hpp        : 194)   Processed 4837333 kmers
  0:01:26.435  2401M / 2401M INFO    General                 (kmer_splitters.hpp        : 199)   Used 4837333 kmers.
  0:01:26.436     1M / 511M  INFO    General                 (kmer_index_builder.hpp    : 249)   Starting k-mer counting.
  0:03:47.625     1M / 511M  INFO    General                 (kmer_index_builder.hpp    : 260)   K-mer counting done. There are 4848531 kmers in total.
  0:03:47.625     1M / 511M  INFO   K-mer Index Building     (kmer_index_builder.hpp    : 395)   Building perfect hash indices
  0:03:48.104     5M / 511M  INFO   K-mer Index Building     (kmer_index_builder.hpp    : 431)   Index built. Total 4848531 kmers, 3531936 bytes occupied (5.82764 bits per kmer).
  0:03:48.104     5M / 511M  INFO    General                 (kmer_index_builder.hpp    : 169)   Merging final buckets.
  0:03:50.710     9M / 511M  INFO   DeBruijnExtensionIndexBu (kmer_extension_index_build: 100)   Building k-mer extensions from k+1-mers
  0:03:51.794     9M / 511M  INFO   DeBruijnExtensionIndexBu (kmer_extension_index_build: 105)   Building k-mer extensions from k+1-mers finished.
  0:03:51.798     9M / 511M  INFO    General                 (stage.cpp                 : 117)   PROCEDURE == Condensing graph (id: construction:graph_condensing)
  0:03:51.831     9M / 511M  INFO   UnbranchingPathExtractor (debruijn_graph_constructor: 354)   Extracting unbranching paths
  0:03:53.490    12M / 511M  INFO   UnbranchingPathExtractor (debruijn_graph_constructor: 373)   Extracting unbranching paths finished. 35511 sequences extracted
  0:03:53.993    12M / 511M  INFO   UnbranchingPathExtractor (debruijn_graph_constructor: 309)   Collecting perfect loops
  0:03:54.164    12M / 511M  INFO   UnbranchingPathExtractor (debruijn_graph_constructor: 342)   Collecting perfect loops finished. 0 loops collected
  0:03:54.170    12M / 511M  INFO    General                 (debruijn_graph_constructor: 487)   Total 71022 edges to create
  0:03:54.170    15M / 511M  INFO    General                 (debruijn_graph_constructor: 489)   Collecting link records
  0:03:54.187    16M / 511M  INFO    General                 (debruijn_graph_constructor: 491)   Ordering link records
  0:03:54.190    16M / 511M  INFO    General                 (debruijn_graph_constructor: 493)   Sorting done
  0:03:54.191    16M / 511M  INFO    General                 (debruijn_graph_constructor: 503)   Total 46709 vertices to create
  0:03:54.191    21M / 511M  INFO    General                 (debruijn_graph_constructor: 506)   Connecting the graph
  0:03:54.210    19M / 511M  INFO    General                 (stage.cpp                 : 117)   PROCEDURE == Filling coverage indices (PHM) (id: construction:coverage_filling_phm)
  0:03:54.210    19M / 511M  INFO   K-mer Index Building     (kmer_index_builder.hpp    : 395)   Building perfect hash indices
  0:03:54.462    22M / 511M  INFO   K-mer Index Building     (kmer_index_builder.hpp    : 431)   Index built. Total 4837333 kmers, 3523760 bytes occupied (5.82761 bits per kmer).
  0:03:54.492    41M / 511M  INFO    General                 (coverage_hash_map_builder.:  47)   Collecting k-mer coverage information from reads, this takes a while.
  0:03:56.909    41M / 511M  INFO    General                 (construction.cpp          : 430)   Filling coverage and flanking coverage from PHM
  0:03:58.260    41M / 511M  INFO    General                 (coverage_filling.hpp      :  82)   Processed 71020 edges
  0:04:01.511    10M / 511M  INFO   StageManager             (stage.cpp                 : 185)   STAGE == EC Threshold Finding (id: ec_threshold_finder)
  0:04:01.511    10M / 511M  INFO    General                 (kmer_coverage_model.cpp   : 181)   Kmer coverage valley at: 0
  0:04:01.511    10M / 511M  INFO    General                 (kmer_coverage_model.cpp   : 201)   K-mer histogram maximum: 4
  0:04:01.511    10M / 511M  INFO    General                 (kmer_coverage_model.cpp   : 237)   Estimated median coverage: 5. Coverage mad: 4.4478
  0:04:01.511    10M / 511M  INFO    General                 (kmer_coverage_model.cpp   : 259)   Fitting coverage model
  0:04:01.521    10M / 511M  INFO    General                 (kmer_coverage_model.cpp   : 295)   ... iteration 2
  0:04:01.544    10M / 511M  INFO    General                 (kmer_coverage_model.cpp   : 295)   ... iteration 4
  0:04:01.623    10M / 511M  INFO    General                 (kmer_coverage_model.cpp   : 295)   ... iteration 8
  0:04:01.761    10M / 511M  INFO    General                 (kmer_coverage_model.cpp   : 295)   ... iteration 16
  0:04:02.041    10M / 511M  INFO    General                 (kmer_coverage_model.cpp   : 295)   ... iteration 32
  0:04:02.603    10M / 511M  INFO    General                 (kmer_coverage_model.cpp   : 295)   ... iteration 64
  0:04:03.646    10M / 511M  INFO    General                 (kmer_coverage_model.cpp   : 295)   ... iteration 128
  0:04:05.722    10M / 511M  INFO    General                 (kmer_coverage_model.cpp   : 295)   ... iteration 256
  0:04:05.880    10M / 511M  INFO    General                 (kmer_coverage_model.cpp   : 309)   Fitted mean coverage: 6.01605. Fitted coverage std. dev: 2.64051
  0:04:05.880    10M / 511M  INFO    General                 (kmer_coverage_model.cpp   : 334)   Probability of erroneous kmer at valley: 0.925711
  0:04:05.880    10M / 511M  WARN    General                 (kmer_coverage_model.cpp   : 366)   Failed to determine erroneous kmer threshold. Threshold set to: 0
  0:04:05.880    10M / 511M  INFO    General                 (kmer_coverage_model.cpp   : 375)   Estimated genome size (ignoring repeats): 0
  0:04:05.880    10M / 511M  INFO    General                 (genomic_info_filler.cpp   :  57)   Failed to estimate mean coverage
  0:04:05.881    10M / 511M  INFO    General                 (genomic_info_filler.cpp   :  70)   EC coverage threshold value was calculated as 0
  0:04:05.881    10M / 511M  INFO    General                 (genomic_info_filler.cpp   :  71)   Trusted kmer low bound: 0
  0:04:05.881    10M / 511M  INFO   StageManager             (stage.cpp                 : 185)   STAGE == Gap Closer (id: early_gapcloser)
  0:04:05.881    10M / 511M  INFO    General                 (gap_closer.cpp            : 429)   No paired-end libraries exist, skipping gap closer
  0:04:05.881    10M / 511M  INFO   StageManager             (stage.cpp                 : 185)   STAGE == Raw Simplification (id: raw_simplification)
  0:04:05.881    10M / 511M  INFO    General                 (simplification.cpp        : 127)   PROCEDURE == Initial cleaning
  0:04:05.881    10M / 511M  INFO    General                 (simplification.cpp        :  61)   Most init cleaning disabled on main iteration
  0:04:05.881    10M / 511M  INFO   Simplification           (parallel_processing.hpp   : 167)   Running Self conjugate edge remover
  0:04:05.885    10M / 511M  INFO   Simplification           (parallel_processing.hpp   : 170)   Self conjugate edge remover triggered 1 times
  0:04:05.886    10M / 511M  INFO   StageManager             (stage.cpp                 : 185)   STAGE == Simplification (id: simplification)
  0:04:05.886    10M / 511M  INFO    General                 (simplification.cpp        : 368)   Graph simplification started
  0:04:05.886    10M / 511M  INFO    General                 (graph_simplification.hpp  : 634)   Creating parallel br instance
  0:04:05.886    10M / 511M  INFO    General                 (simplification.cpp        : 373)   PROCEDURE == Simplification cycle, iteration 1
  0:04:05.886    10M / 511M  INFO   Simplification           (parallel_processing.hpp   : 167)   Running Tip clipper
  0:04:06.004    10M / 511M  INFO   Simplification           (parallel_processing.hpp   : 170)   Tip clipper triggered 10756 times
  0:04:06.004    10M / 511M  INFO   Simplification           (parallel_processing.hpp   : 167)   Running Bulge remover
  0:04:06.040    10M / 511M  INFO   Simplification           (parallel_processing.hpp   : 170)   Bulge remover triggered 250 times
  0:04:06.040    10M / 511M  INFO   Simplification           (parallel_processing.hpp   : 167)   Running Low coverage edge remover
  0:04:06.043    10M / 511M  INFO   Simplification           (parallel_processing.hpp   : 170)   Low coverage edge remover triggered 31 times
  0:04:06.043    10M / 511M  INFO    General                 (simplification.cpp        : 373)   PROCEDURE == Simplification cycle, iteration 2
  0:04:06.043    10M / 511M  INFO   Simplification           (parallel_processing.hpp   : 167)   Running Tip clipper
  0:04:06.043    10M / 511M  INFO   Simplification           (parallel_processing.hpp   : 170)   Tip clipper triggered 5 times
  0:04:06.043    10M / 511M  INFO   Simplification           (parallel_processing.hpp   : 167)   Running Bulge remover
  0:04:06.043    10M / 511M  INFO   Simplification           (parallel_processing.hpp   : 170)   Bulge remover triggered 2 times
  0:04:06.043    10M / 511M  INFO   Simplification           (parallel_processing.hpp   : 167)   Running Low coverage edge remover
  0:04:06.043    10M / 511M  INFO   Simplification           (parallel_processing.hpp   : 170)   Low coverage edge remover triggered 0 times
  0:04:06.043    10M / 511M  INFO    General                 (simplification.cpp        : 373)   PROCEDURE == Simplification cycle, iteration 3
  0:04:06.043    10M / 511M  INFO   Simplification           (parallel_processing.hpp   : 167)   Running Tip clipper
  0:04:06.043    10M / 511M  INFO   Simplification           (parallel_processing.hpp   : 170)   Tip clipper triggered 0 times
  0:04:06.043    10M / 511M  INFO   Simplification           (parallel_processing.hpp   : 167)   Running Bulge remover
  0:04:06.043    10M / 511M  INFO   Simplification           (parallel_processing.hpp   : 170)   Bulge remover triggered 0 times
  0:04:06.043    10M / 511M  INFO   Simplification           (parallel_processing.hpp   : 167)   Running Low coverage edge remover
  0:04:06.043    10M / 511M  INFO   Simplification           (parallel_processing.hpp   : 170)   Low coverage edge remover triggered 0 times
  0:04:06.043    10M / 511M  INFO    General                 (simplification.cpp        : 373)   PROCEDURE == Simplification cycle, iteration 4
  0:04:06.043    10M / 511M  INFO   Simplification           (parallel_processing.hpp   : 167)   Running Tip clipper
  0:04:06.043    10M / 511M  INFO   Simplification           (parallel_processing.hpp   : 170)   Tip clipper triggered 0 times
  0:04:06.043    10M / 511M  INFO   Simplification           (parallel_processing.hpp   : 167)   Running Bulge remover
  0:04:06.043    10M / 511M  INFO   Simplification           (parallel_processing.hpp   : 170)   Bulge remover triggered 0 times
  0:04:06.043    10M / 511M  INFO   Simplification           (parallel_processing.hpp   : 167)   Running Low coverage edge remover
  0:04:06.043    10M / 511M  INFO   Simplification           (parallel_processing.hpp   : 170)   Low coverage edge remover triggered 0 times
  0:04:06.043    10M / 511M  INFO    General                 (simplification.cpp        : 373)   PROCEDURE == Simplification cycle, iteration 5
  0:04:06.043    10M / 511M  INFO   Simplification           (parallel_processing.hpp   : 167)   Running Tip clipper
  0:04:06.043    10M / 511M  INFO   Simplification           (parallel_processing.hpp   : 170)   Tip clipper triggered 0 times
  0:04:06.043    10M / 511M  INFO   Simplification           (parallel_processing.hpp   : 167)   Running Bulge remover
  0:04:06.043    10M / 511M  INFO   Simplification           (parallel_processing.hpp   : 170)   Bulge remover triggered 0 times
  0:04:06.043    10M / 511M  INFO   Simplification           (parallel_processing.hpp   : 167)   Running Low coverage edge remover
  0:04:06.043    10M / 511M  INFO   Simplification           (parallel_processing.hpp   : 170)   Low coverage edge remover triggered 0 times
  0:04:06.044    10M / 511M  INFO    General                 (simplification.cpp        : 373)   PROCEDURE == Simplification cycle, iteration 6
  0:04:06.044    10M / 511M  INFO   Simplification           (parallel_processing.hpp   : 167)   Running Tip clipper
  0:04:06.044    10M / 511M  INFO   Simplification           (parallel_processing.hpp   : 170)   Tip clipper triggered 0 times
  0:04:06.044    10M / 511M  INFO   Simplification           (parallel_processing.hpp   : 167)   Running Bulge remover
  0:04:06.044    10M / 511M  INFO   Simplification           (parallel_processing.hpp   : 170)   Bulge remover triggered 0 times
  0:04:06.044    10M / 511M  INFO   Simplification           (parallel_processing.hpp   : 167)   Running Low coverage edge remover
  0:04:06.044    10M / 511M  INFO   Simplification           (parallel_processing.hpp   : 170)   Low coverage edge remover triggered 0 times
  0:04:06.044    10M / 511M  INFO    General                 (simplification.cpp        : 373)   PROCEDURE == Simplification cycle, iteration 7
  0:04:06.044    10M / 511M  INFO   Simplification           (parallel_processing.hpp   : 167)   Running Tip clipper
  0:04:06.044    10M / 511M  INFO   Simplification           (parallel_processing.hpp   : 170)   Tip clipper triggered 0 times
  0:04:06.044    10M / 511M  INFO   Simplification           (parallel_processing.hpp   : 167)   Running Bulge remover
  0:04:06.044    10M / 511M  INFO   Simplification           (parallel_processing.hpp   : 170)   Bulge remover triggered 0 times
  0:04:06.044    10M / 511M  INFO   Simplification           (parallel_processing.hpp   : 167)   Running Low coverage edge remover
  0:04:06.044    10M / 511M  INFO   Simplification           (parallel_processing.hpp   : 170)   Low coverage edge remover triggered 0 times
  0:04:06.044    10M / 511M  INFO    General                 (simplification.cpp        : 373)   PROCEDURE == Simplification cycle, iteration 8
  0:04:06.044    10M / 511M  INFO   Simplification           (parallel_processing.hpp   : 167)   Running Tip clipper
  0:04:06.044    10M / 511M  INFO   Simplification           (parallel_processing.hpp   : 170)   Tip clipper triggered 0 times
  0:04:06.044    10M / 511M  INFO   Simplification           (parallel_processing.hpp   : 167)   Running Bulge remover
  0:04:06.044    10M / 511M  INFO   Simplification           (parallel_processing.hpp   : 170)   Bulge remover triggered 0 times
  0:04:06.044    10M / 511M  INFO   Simplification           (parallel_processing.hpp   : 167)   Running Low coverage edge remover
  0:04:06.044    10M / 511M  INFO   Simplification           (parallel_processing.hpp   : 170)   Low coverage edge remover triggered 0 times
  0:04:06.044    10M / 511M  INFO    General                 (simplification.cpp        : 373)   PROCEDURE == Simplification cycle, iteration 9
  0:04:06.044    10M / 511M  INFO   Simplification           (parallel_processing.hpp   : 167)   Running Tip clipper
  0:04:06.044    10M / 511M  INFO   Simplification           (parallel_processing.hpp   : 170)   Tip clipper triggered 0 times
  0:04:06.044    10M / 511M  INFO   Simplification           (parallel_processing.hpp   : 167)   Running Bulge remover
  0:04:06.044    10M / 511M  INFO   Simplification           (parallel_processing.hpp   : 170)   Bulge remover triggered 0 times
  0:04:06.044    10M / 511M  INFO   Simplification           (parallel_processing.hpp   : 167)   Running Low coverage edge remover
  0:04:06.044    10M / 511M  INFO   Simplification           (parallel_processing.hpp   : 170)   Low coverage edge remover triggered 0 times
  0:04:06.044    10M / 511M  INFO    General                 (simplification.cpp        : 373)   PROCEDURE == Simplification cycle, iteration 10
  0:04:06.044    10M / 511M  INFO   Simplification           (parallel_processing.hpp   : 167)   Running Tip clipper
  0:04:06.044    10M / 511M  INFO   Simplification           (parallel_processing.hpp   : 170)   Tip clipper triggered 0 times
  0:04:06.044    10M / 511M  INFO   Simplification           (parallel_processing.hpp   : 167)   Running Bulge remover
  0:04:06.044    10M / 511M  INFO   Simplification           (parallel_processing.hpp   : 170)   Bulge remover triggered 0 times
  0:04:06.044    10M / 511M  INFO   Simplification           (parallel_processing.hpp   : 167)   Running Low coverage edge remover
  0:04:06.044    10M / 511M  INFO   Simplification           (parallel_processing.hpp   : 170)   Low coverage edge remover triggered 0 times
  0:04:06.044    10M / 511M  INFO    General                 (simplification.cpp        : 373)   PROCEDURE == Simplification cycle, iteration 11
  0:04:06.044    10M / 511M  INFO   Simplification           (parallel_processing.hpp   : 167)   Running Tip clipper
  0:04:06.047    10M / 511M  INFO   Simplification           (parallel_processing.hpp   : 170)   Tip clipper triggered 2 times
  0:04:06.047    10M / 511M  INFO   Simplification           (parallel_processing.hpp   : 167)   Running Bulge remover
  0:04:06.051    10M / 511M  INFO   Simplification           (parallel_processing.hpp   : 170)   Bulge remover triggered 0 times
  0:04:06.051    10M / 511M  INFO   Simplification           (parallel_processing.hpp   : 167)   Running Low coverage edge remover
  0:04:06.054    10M / 511M  INFO   Simplification           (parallel_processing.hpp   : 170)   Low coverage edge remover triggered 0 times
  0:04:06.054    10M / 511M  INFO    General                 (simplification.cpp        : 373)   PROCEDURE == Simplification cycle, iteration 12
  0:04:06.054    10M / 511M  INFO   Simplification           (parallel_processing.hpp   : 167)   Running Tip clipper
  0:04:06.054    10M / 511M  INFO   Simplification           (parallel_processing.hpp   : 170)   Tip clipper triggered 0 times
  0:04:06.054    10M / 511M  INFO   Simplification           (parallel_processing.hpp   : 167)   Running Bulge remover
  0:04:06.054    10M / 511M  INFO   Simplification           (parallel_processing.hpp   : 170)   Bulge remover triggered 0 times
  0:04:06.054    10M / 511M  INFO   Simplification           (parallel_processing.hpp   : 167)   Running Low coverage edge remover
  0:04:06.054    10M / 511M  INFO   Simplification           (parallel_processing.hpp   : 170)   Low coverage edge remover triggered 0 times
  0:04:06.055    10M / 511M  INFO   StageManager             (stage.cpp                 : 185)   STAGE == Gap Closer (id: late_gapcloser)
  0:04:06.055    10M / 511M  INFO    General                 (gap_closer.cpp            : 429)   No paired-end libraries exist, skipping gap closer
  0:04:06.055    10M / 511M  INFO   StageManager             (stage.cpp                 : 185)   STAGE == Simplification Cleanup (id: simplification_cleanup)
  0:04:06.055    10M / 511M  INFO    General                 (simplification.cpp        : 176)   PROCEDURE == Post simplification
  0:04:06.055    10M / 511M  INFO    General                 (graph_simplification.hpp  : 448)   Disconnection of relatively low covered edges disabled
  0:04:06.055    10M / 511M  INFO    General                 (graph_simplification.hpp  : 485)   Complex tip clipping disabled
  0:04:06.055    10M / 511M  INFO    General                 (graph_simplification.hpp  : 634)   Creating parallel br instance
  0:04:06.055    10M / 511M  INFO   Simplification           (parallel_processing.hpp   : 167)   Running Tip clipper
  0:04:06.058    10M / 511M  INFO   Simplification           (parallel_processing.hpp   : 170)   Tip clipper triggered 0 times
  0:04:06.058    10M / 511M  INFO   Simplification           (parallel_processing.hpp   : 167)   Running Bulge remover
  0:04:06.063    10M / 511M  INFO   Simplification           (parallel_processing.hpp   : 170)   Bulge remover triggered 0 times
  0:04:06.063    10M / 511M  INFO   Simplification           (parallel_processing.hpp   : 167)   Running Tip clipper
  0:04:06.066    10M / 511M  INFO   Simplification           (parallel_processing.hpp   : 170)   Tip clipper triggered 0 times
  0:04:06.066    10M / 511M  INFO   Simplification           (parallel_processing.hpp   : 167)   Running Bulge remover
  0:04:06.072    10M / 511M  INFO   Simplification           (parallel_processing.hpp   : 170)   Bulge remover triggered 0 times
  0:04:06.072    10M / 511M  INFO    General                 (simplification.cpp        : 327)   Disrupting self-conjugate edges
  0:04:06.077    10M / 511M  INFO   Simplification           (parallel_processing.hpp   : 167)   Running Removing isolated edges
  0:04:06.089    10M / 511M  INFO   Simplification           (parallel_processing.hpp   : 170)   Removing isolated edges triggered 8063 times
  0:04:06.089    10M / 511M  INFO    General                 (simplification.cpp        : 495)   After simplification:
  0:04:06.089    10M / 511M  INFO    General                 (simplification.cpp        : 496)     Average coverage = 5.61663
  0:04:06.090    10M / 511M  INFO    General                 (simplification.cpp        : 497)     Total length = 4320625
  0:04:06.090    10M / 511M  INFO    General                 (simplification.cpp        : 498)     Median edge length: 1444
  0:04:06.090    10M / 511M  INFO    General                 (simplification.cpp        : 499)     Edges: 10391
  0:04:06.090    10M / 511M  INFO    General                 (simplification.cpp        : 500)     Vertices: 17230
  0:04:06.090    10M / 511M  INFO   StageManager             (stage.cpp                 : 185)   STAGE == Mismatch Correction (id: mismatch_correction)
  0:04:06.090    10M / 511M  INFO    General                 (graph_pack.cpp            :  67)   Index refill
  0:04:06.090    10M / 511M  INFO    General                 (edge_index.hpp            : 156)   Using small index (max_id = 71380)
  0:04:18.985    10M / 511M  INFO   K-mer Index Building     (kmer_index_builder.hpp    : 395)   Building perfect hash indices
  0:04:19.856    13M / 511M  INFO   K-mer Index Building     (kmer_index_builder.hpp    : 431)   Index built. Total 4320624 kmers, 3121336 bytes occupied (5.77942 bits per kmer).
  0:04:23.343    49M / 511M  INFO    General                 (edge_index_builders.hpp   : 252)   Collecting edge information from graph, this takes a while.
  0:04:23.646    49M / 511M  INFO    General                 (graph_pack.cpp            :  77)   Normalizing k-mer map. Total 20398 kmers to process
  0:04:23.650    49M / 511M  INFO    General                 (graph_pack.cpp            :  79)   Normalizing done
  0:04:23.650    49M / 511M  INFO    General                 (mismatch_correction.cpp   : 400)   Collect potential mismatches
  0:04:23.657    49M / 511M  INFO    General                 (mismatch_correction.cpp   : 192)   Total 661 edges (out of 10391) with 2663 potential mismatch positions (4.02874 positions per edge)
  0:04:23.657    49M / 511M  INFO    General                 (mismatch_correction.cpp   : 402)   Potential mismatches collected
  0:04:37.099    50M / 511M  INFO    General                 (sequence_mapper_notifier.h:  77)   Processed 200000 reads
  0:04:37.111    50M / 511M  INFO    General                 (sequence_mapper_notifier.h:  77)   Processed 400000 reads
  0:04:37.375    50M / 511M  INFO    General                 (sequence_mapper_notifier.h:  77)   Processed 600000 reads
  0:04:37.386    50M / 511M  INFO    General                 (sequence_mapper_notifier.h:  77)   Processed 800000 reads
  0:04:38.259    50M / 511M  INFO    General                 (sequence_mapper_notifier.h:  95)   Total 1512314 reads processed
  0:04:38.267    50M / 511M  INFO    General                 (mismatch_correction.cpp   : 395)   All edges processed
  0:04:38.267    49M / 511M  INFO    General                 (mismatch_correction.cpp   : 450)   Corrected 0 nucleotides
  0:04:38.267    49M / 511M  INFO   StageManager             (stage.cpp                 : 185)   STAGE == Contig Output (id: contig_output)
  0:04:38.268    49M / 511M  INFO    General                 (contig_output.hpp         :  16)   Outputting contigs to /SAN/ugi/plant_genom/jiajucui/4_mapping_to_pseudomonas/tailocin_2024_TF_Tapemeasure/2025_summer_paperfig_m57/scripts/step1_HTFhaplotypes/step1.2_HTF_bykmers_wholegenomeuniquekmers/step5_additional_analysis_coinfection_Oantigenbreakingisolates_HTFlengthfreq/authenticate_the2breakingisolates/step1_minimap2toview/tmp_assemble_from_raw_Psfastq_thenminmap_PL0240.inclHTF/spades_output/K33/before_rr.fasta
  0:04:48.224    49M / 511M  INFO    General                 (contig_output_stage.cpp   : 151)   Writing GFA graph to /SAN/ugi/plant_genom/jiajucui/4_mapping_to_pseudomonas/tailocin_2024_TF_Tapemeasure/2025_summer_paperfig_m57/scripts/step1_HTFhaplotypes/step1.2_HTF_bykmers_wholegenomeuniquekmers/step5_additional_analysis_coinfection_Oantigenbreakingisolates_HTFlengthfreq/authenticate_the2breakingisolates/step1_minimap2toview/tmp_assemble_from_raw_Psfastq_thenminmap_PL0240.inclHTF/spades_output/K33/assembly_graph_after_simplification.gfa
  0:04:51.569    49M / 511M  INFO   StageManager             (stage.cpp                 : 185)   STAGE == Paired Information Counting (id: late_pair_info_count)
  0:04:51.585    51M / 511M  INFO    General                 (graph_pack.cpp            :  77)   Normalizing k-mer map. Total 20398 kmers to process
  0:04:51.585    51M / 511M  INFO    General                 (graph_pack.cpp            :  79)   Normalizing done
  0:04:51.586    51M / 511M  INFO    General                 (pair_info_count.cpp       : 339)   Min edge length for estimation: 1444
  0:04:51.586    51M / 511M  INFO    General                 (pair_info_count.cpp       : 411)   Mapping single reads of library #0
  0:04:51.586    51M / 511M  INFO    General                 (pair_info_count.cpp       :  48)   Selecting usual mapper
  0:05:03.769    53M / 511M  INFO    General                 (sequence_mapper_notifier.h:  95)   Total 756157 reads processed
  0:05:03.770    53M / 511M  INFO    General                 (pair_info_count.cpp       : 413)   Total paths obtained from single reads: 10799
  0:05:03.770    53M / 511M  INFO   StageManager             (stage.cpp                 : 185)   STAGE == Distance Estimation (id: distance_estimation)
  0:05:03.770    53M / 511M  INFO   StageManager             (stage.cpp                 : 185)   STAGE == Repeat Resolving (id: repeat_resolving)
  0:05:03.770    53M / 511M  INFO    General                 (repeat_resolving.cpp      :  87)   Using Path-Extend repeat resolving
  0:05:03.770    53M / 511M  INFO    General                 (launcher.cpp              : 600)   ExSPAnder repeat resolving tool started
  0:05:07.194    53M / 511M  INFO    General                 (coverage_uniformity_analyz:  25)   genomic coverage is 5.8226 calculated of length 2833103
  0:05:07.223    74M / 511M  INFO    General                 (launcher.cpp              : 418)   Creating main extenders, unique edge length = 2000
  0:05:07.223    75M / 511M  INFO    General                 (launcher.cpp              : 342)   filling path container
  0:05:07.247    85M / 511M  INFO    General                 (extenders_logic.cpp       :  47)   resolvable_repeat_length_bound set to 10000
  0:05:07.272    86M / 511M  INFO    General                 (extenders_logic.cpp       : 543)   Using 0 paired-end libraries
  0:05:07.272    86M / 511M  INFO    General                 (extenders_logic.cpp       : 544)   Using 0 paired-end scaffolding libraries
  0:05:07.272    86M / 511M  INFO    General                 (extenders_logic.cpp       : 545)   Using 1 single read library
  0:05:07.272    86M / 511M  INFO    General                 (launcher.cpp              : 447)   Total number of extenders is 1
  0:05:07.272    86M / 511M  INFO    General                 (path_extenders.cpp        :  36)   Processed 0 paths from 5189 (0%)
  0:05:07.275    87M / 511M  INFO    General                 (path_extenders.cpp        :  34)   Processed 128 paths from 5189 (2%)
  0:05:07.277    87M / 511M  INFO    General                 (path_extenders.cpp        :  34)   Processed 256 paths from 5189 (4%)
  0:05:07.282    88M / 511M  INFO    General                 (path_extenders.cpp        :  34)   Processed 512 paths from 5189 (9%)
  0:05:07.283    89M / 511M  INFO    General                 (path_extenders.cpp        :  36)   Processed 519 paths from 5189 (10%)
  0:05:07.289    91M / 511M  INFO    General                 (path_extenders.cpp        :  34)   Processed 1024 paths from 5189 (19%)
  0:05:07.290    91M / 511M  INFO    General                 (path_extenders.cpp        :  36)   Processed 1038 paths from 5189 (20%)
  0:05:07.296    93M / 511M  INFO    General                 (path_extenders.cpp        :  36)   Processed 1557 paths from 5189 (30%)
  0:05:07.303    95M / 511M  INFO    General                 (path_extenders.cpp        :  34)   Processed 2048 paths from 5189 (39%)
  0:05:07.303    95M / 511M  INFO    General                 (path_extenders.cpp        :  36)   Processed 2076 paths from 5189 (40%)
  0:05:07.309    97M / 511M  INFO    General                 (path_extenders.cpp        :  36)   Processed 2595 paths from 5189 (50%)
  0:05:07.316    99M / 511M  INFO    General                 (path_extenders.cpp        :  36)   Processed 3114 paths from 5189 (60%)
  0:05:07.321   101M / 511M  INFO    General                 (path_extenders.cpp        :  36)   Processed 3633 paths from 5189 (70%)
  0:05:07.327   103M / 511M  INFO    General                 (path_extenders.cpp        :  34)   Processed 4096 paths from 5189 (78%)
  0:05:07.329   103M / 511M  INFO    General                 (path_extenders.cpp        :  36)   Processed 4152 paths from 5189 (80%)
  0:05:07.355   105M / 511M  INFO    General                 (path_extenders.cpp        :  36)   Processed 4671 paths from 5189 (90%)
  0:05:07.368   106M / 511M  INFO    General                 (launcher.cpp              : 250)   Finalizing paths
  0:05:07.368   106M / 511M  INFO    General                 (launcher.cpp              : 252)   Deduplicating paths
  0:05:07.373   105M / 511M  INFO    General                 (launcher.cpp              : 256)   Paths deduplicated
  0:05:07.373   105M / 511M  INFO   PEResolver               (pe_resolver.cpp           :  60)   Removing overlaps
  0:05:07.373   105M / 511M  INFO   PEResolver               (pe_resolver.cpp           :  63)   Sorting paths
  0:05:07.376   105M / 511M  INFO   PEResolver               (pe_resolver.cpp           :  70)   Marking overlaps
  0:05:07.376   105M / 511M  INFO   OverlapRemover           (overlap_remover.hpp       : 116)   Marking start/end overlaps
  0:05:07.384   105M / 511M  INFO   OverlapRemover           (overlap_remover.hpp       : 119)   Marking remaining overlaps
  0:05:07.392   105M / 511M  INFO   PEResolver               (pe_resolver.cpp           :  73)   Splitting paths
  0:05:07.398   107M / 511M  INFO   PEResolver               (pe_resolver.cpp           :  78)   Deduplicating paths
  0:05:07.404   104M / 511M  INFO   PEResolver               (pe_resolver.cpp           :  80)   Overlaps removed
  0:05:07.409   104M / 511M  INFO    General                 (launcher.cpp              : 273)   Paths finalized
  0:05:07.409   104M / 511M  INFO    General                 (launcher.cpp              : 454)   Closing gaps in paths
  0:05:07.441   122M / 511M  INFO    General                 (launcher.cpp              : 484)   Gap closing completed
  0:05:07.444   122M / 511M  INFO    General                 (launcher.cpp              : 302)   Traversing tandem repeats
  0:05:07.471   122M / 511M  INFO    General                 (launcher.cpp              : 312)   Traversed 7 loops
  0:05:07.471   122M / 511M  INFO    General                 (launcher.cpp              : 250)   Finalizing paths
  0:05:07.471   122M / 511M  INFO    General                 (launcher.cpp              : 252)   Deduplicating paths
  0:05:07.474   122M / 511M  INFO    General                 (launcher.cpp              : 256)   Paths deduplicated
  0:05:07.474   122M / 511M  INFO   PEResolver               (pe_resolver.cpp           :  60)   Removing overlaps
  0:05:07.474   122M / 511M  INFO   PEResolver               (pe_resolver.cpp           :  63)   Sorting paths
  0:05:07.476   122M / 511M  INFO   PEResolver               (pe_resolver.cpp           :  70)   Marking overlaps
  0:05:07.476   122M / 511M  INFO   OverlapRemover           (overlap_remover.hpp       : 116)   Marking start/end overlaps
  0:05:07.481   122M / 511M  INFO   OverlapRemover           (overlap_remover.hpp       : 119)   Marking remaining overlaps
  0:05:07.487   122M / 511M  INFO   PEResolver               (pe_resolver.cpp           :  73)   Splitting paths
  0:05:07.489   123M / 511M  INFO   PEResolver               (pe_resolver.cpp           :  78)   Deduplicating paths
  0:05:07.492   122M / 511M  INFO   PEResolver               (pe_resolver.cpp           :  80)   Overlaps removed
  0:05:07.496   122M / 511M  INFO    General                 (launcher.cpp              : 273)   Paths finalized
  0:05:07.496   122M / 511M  INFO    General                 (launcher.cpp              : 664)   ExSPAnder repeat resolving tool finished
  0:05:07.513    70M / 511M  INFO   StageManager             (stage.cpp                 : 185)   STAGE == Contig Output (id: contig_output)
  0:05:07.514    70M / 511M  INFO    General                 (contig_output.hpp         :  16)   Outputting contigs to /SAN/ugi/plant_genom/jiajucui/4_mapping_to_pseudomonas/tailocin_2024_TF_Tapemeasure/2025_summer_paperfig_m57/scripts/step1_HTFhaplotypes/step1.2_HTF_bykmers_wholegenomeuniquekmers/step5_additional_analysis_coinfection_Oantigenbreakingisolates_HTFlengthfreq/authenticate_the2breakingisolates/step1_minimap2toview/tmp_assemble_from_raw_Psfastq_thenminmap_PL0240.inclHTF/spades_output/K33/before_rr.fasta
  0:05:21.833    70M / 511M  INFO    General                 (contig_output_stage.cpp   : 151)   Writing GFA graph to /SAN/ugi/plant_genom/jiajucui/4_mapping_to_pseudomonas/tailocin_2024_TF_Tapemeasure/2025_summer_paperfig_m57/scripts/step1_HTFhaplotypes/step1.2_HTF_bykmers_wholegenomeuniquekmers/step5_additional_analysis_coinfection_Oantigenbreakingisolates_HTFlengthfreq/authenticate_the2breakingisolates/step1_minimap2toview/tmp_assemble_from_raw_Psfastq_thenminmap_PL0240.inclHTF/spades_output/K33/assembly_graph_with_scaffolds.gfa
  0:05:21.867    70M / 511M  INFO    General                 (contig_output_stage.cpp   : 165)   Outputting FastG graph to /SAN/ugi/plant_genom/jiajucui/4_mapping_to_pseudomonas/tailocin_2024_TF_Tapemeasure/2025_summer_paperfig_m57/scripts/step1_HTFhaplotypes/step1.2_HTF_bykmers_wholegenomeuniquekmers/step5_additional_analysis_coinfection_Oantigenbreakingisolates_HTFlengthfreq/authenticate_the2breakingisolates/step1_minimap2toview/tmp_assemble_from_raw_Psfastq_thenminmap_PL0240.inclHTF/spades_output/K33/assembly_graph.fastg
  0:05:26.758    70M / 511M  INFO    General                 (contig_output_stage.cpp   : 196)   Breaking scaffolds
  0:05:26.811    94M / 511M  INFO    General                 (contig_output_stage.cpp   :  98)   Outputting contigs to /SAN/ugi/plant_genom/jiajucui/4_mapping_to_pseudomonas/tailocin_2024_TF_Tapemeasure/2025_summer_paperfig_m57/scripts/step1_HTFhaplotypes/step1.2_HTF_bykmers_wholegenomeuniquekmers/step5_additional_analysis_coinfection_Oantigenbreakingisolates_HTFlengthfreq/authenticate_the2breakingisolates/step1_minimap2toview/tmp_assemble_from_raw_Psfastq_thenminmap_PL0240.inclHTF/spades_output/K33/final_contigs.fasta
  0:05:30.571    94M / 511M  INFO    General                 (contig_output_stage.cpp   : 104)   Outputting FastG paths to /SAN/ugi/plant_genom/jiajucui/4_mapping_to_pseudomonas/tailocin_2024_TF_Tapemeasure/2025_summer_paperfig_m57/scripts/step1_HTFhaplotypes/step1.2_HTF_bykmers_wholegenomeuniquekmers/step5_additional_analysis_coinfection_Oantigenbreakingisolates_HTFlengthfreq/authenticate_the2breakingisolates/step1_minimap2toview/tmp_assemble_from_raw_Psfastq_thenminmap_PL0240.inclHTF/spades_output/K33/final_contigs.paths
  0:05:30.757    76M / 511M  INFO    General                 (contig_output_stage.cpp   :  98)   Outputting contigs to /SAN/ugi/plant_genom/jiajucui/4_mapping_to_pseudomonas/tailocin_2024_TF_Tapemeasure/2025_summer_paperfig_m57/scripts/step1_HTFhaplotypes/step1.2_HTF_bykmers_wholegenomeuniquekmers/step5_additional_analysis_coinfection_Oantigenbreakingisolates_HTFlengthfreq/authenticate_the2breakingisolates/step1_minimap2toview/tmp_assemble_from_raw_Psfastq_thenminmap_PL0240.inclHTF/spades_output/K33/scaffolds.fasta
  0:05:30.887    76M / 511M  INFO    General                 (contig_output_stage.cpp   : 104)   Outputting FastG paths to /SAN/ugi/plant_genom/jiajucui/4_mapping_to_pseudomonas/tailocin_2024_TF_Tapemeasure/2025_summer_paperfig_m57/scripts/step1_HTFhaplotypes/step1.2_HTF_bykmers_wholegenomeuniquekmers/step5_additional_analysis_coinfection_Oantigenbreakingisolates_HTFlengthfreq/authenticate_the2breakingisolates/step1_minimap2toview/tmp_assemble_from_raw_Psfastq_thenminmap_PL0240.inclHTF/spades_output/K33/scaffolds.paths
  0:05:30.989    76M / 511M  INFO    General                 (contig_output_stage.cpp   : 111)   Populating GFA with scaffold paths
  0:05:31.093    70M / 511M  INFO    General                 (pipeline.cpp              : 287)   SPAdes finished
  0:05:31.111     1M / 511M  INFO    General                 (main.cpp                  : 136)   Assembling time: 0 hours 5 minutes 39 seconds

===== K33 finished. 


===== Copy files started. 


== Running: /SAN/ugi/aMetagenomics/jiajucui/tmpbigfile/miniconda3newdirtostore/envs/phylogeny_snp/bin/python /SAN/ugi/aMetagenomics/jiajucui/tmpbigfile/miniconda3newdirtostore/envs/phylogeny_snp/share/spades/spades_pipeline/scripts/copy_files.py /SAN/ugi/plant_genom/jiajucui/4_mapping_to_pseudomonas/tailocin_2024_TF_Tapemeasure/2025_summer_paperfig_m57/scripts/step1_HTFhaplotypes/step1.2_HTF_bykmers_wholegenomeuniquekmers/step5_additional_analysis_coinfection_Oantigenbreakingisolates_HTFlengthfreq/authenticate_the2breakingisolates/step1_minimap2toview/tmp_assemble_from_raw_Psfastq_thenminmap_PL0240.inclHTF/spades_output/K33/before_rr.fasta /SAN/ugi/plant_genom/jiajucui/4_mapping_to_pseudomonas/tailocin_2024_TF_Tapemeasure/2025_summer_paperfig_m57/scripts/step1_HTFhaplotypes/step1.2_HTF_bykmers_wholegenomeuniquekmers/step5_additional_analysis_coinfection_Oantigenbreakingisolates_HTFlengthfreq/authenticate_the2breakingisolates/step1_minimap2toview/tmp_assemble_from_raw_Psfastq_thenminmap_PL0240.inclHTF/spades_output/before_rr.fasta /SAN/ugi/plant_genom/jiajucui/4_mapping_to_pseudomonas/tailocin_2024_TF_Tapemeasure/2025_summer_paperfig_m57/scripts/step1_HTFhaplotypes/step1.2_HTF_bykmers_wholegenomeuniquekmers/step5_additional_analysis_coinfection_Oantigenbreakingisolates_HTFlengthfreq/authenticate_the2breakingisolates/step1_minimap2toview/tmp_assemble_from_raw_Psfastq_thenminmap_PL0240.inclHTF/spades_output/K33/assembly_graph_after_simplification.gfa /SAN/ugi/plant_genom/jiajucui/4_mapping_to_pseudomonas/tailocin_2024_TF_Tapemeasure/2025_summer_paperfig_m57/scripts/step1_HTFhaplotypes/step1.2_HTF_bykmers_wholegenomeuniquekmers/step5_additional_analysis_coinfection_Oantigenbreakingisolates_HTFlengthfreq/authenticate_the2breakingisolates/step1_minimap2toview/tmp_assemble_from_raw_Psfastq_thenminmap_PL0240.inclHTF/spades_output/assembly_graph_after_simplification.gfa /SAN/ugi/plant_genom/jiajucui/4_mapping_to_pseudomonas/tailocin_2024_TF_Tapemeasure/2025_summer_paperfig_m57/scripts/step1_HTFhaplotypes/step1.2_HTF_bykmers_wholegenomeuniquekmers/step5_additional_analysis_coinfection_Oantigenbreakingisolates_HTFlengthfreq/authenticate_the2breakingisolates/step1_minimap2toview/tmp_assemble_from_raw_Psfastq_thenminmap_PL0240.inclHTF/spades_output/K33/final_contigs.fasta /SAN/ugi/plant_genom/jiajucui/4_mapping_to_pseudomonas/tailocin_2024_TF_Tapemeasure/2025_summer_paperfig_m57/scripts/step1_HTFhaplotypes/step1.2_HTF_bykmers_wholegenomeuniquekmers/step5_additional_analysis_coinfection_Oantigenbreakingisolates_HTFlengthfreq/authenticate_the2breakingisolates/step1_minimap2toview/tmp_assemble_from_raw_Psfastq_thenminmap_PL0240.inclHTF/spades_output/contigs.fasta /SAN/ugi/plant_genom/jiajucui/4_mapping_to_pseudomonas/tailocin_2024_TF_Tapemeasure/2025_summer_paperfig_m57/scripts/step1_HTFhaplotypes/step1.2_HTF_bykmers_wholegenomeuniquekmers/step5_additional_analysis_coinfection_Oantigenbreakingisolates_HTFlengthfreq/authenticate_the2breakingisolates/step1_minimap2toview/tmp_assemble_from_raw_Psfastq_thenminmap_PL0240.inclHTF/spades_output/K33/first_pe_contigs.fasta /SAN/ugi/plant_genom/jiajucui/4_mapping_to_pseudomonas/tailocin_2024_TF_Tapemeasure/2025_summer_paperfig_m57/scripts/step1_HTFhaplotypes/step1.2_HTF_bykmers_wholegenomeuniquekmers/step5_additional_analysis_coinfection_Oantigenbreakingisolates_HTFlengthfreq/authenticate_the2breakingisolates/step1_minimap2toview/tmp_assemble_from_raw_Psfastq_thenminmap_PL0240.inclHTF/spades_output/first_pe_contigs.fasta /SAN/ugi/plant_genom/jiajucui/4_mapping_to_pseudomonas/tailocin_2024_TF_Tapemeasure/2025_summer_paperfig_m57/scripts/step1_HTFhaplotypes/step1.2_HTF_bykmers_wholegenomeuniquekmers/step5_additional_analysis_coinfection_Oantigenbreakingisolates_HTFlengthfreq/authenticate_the2breakingisolates/step1_minimap2toview/tmp_assemble_from_raw_Psfastq_thenminmap_PL0240.inclHTF/spades_output/K33/strain_graph.gfa /SAN/ugi/plant_genom/jiajucui/4_mapping_to_pseudomonas/tailocin_2024_TF_Tapemeasure/2025_summer_paperfig_m57/scripts/step1_HTFhaplotypes/step1.2_HTF_bykmers_wholegenomeuniquekmers/step5_additional_analysis_coinfection_Oantigenbreakingisolates_HTFlengthfreq/authenticate_the2breakingisolates/step1_minimap2toview/tmp_assemble_from_raw_Psfastq_thenminmap_PL0240.inclHTF/spades_output/strain_graph.gfa /SAN/ugi/plant_genom/jiajucui/4_mapping_to_pseudomonas/tailocin_2024_TF_Tapemeasure/2025_summer_paperfig_m57/scripts/step1_HTFhaplotypes/step1.2_HTF_bykmers_wholegenomeuniquekmers/step5_additional_analysis_coinfection_Oantigenbreakingisolates_HTFlengthfreq/authenticate_the2breakingisolates/step1_minimap2toview/tmp_assemble_from_raw_Psfastq_thenminmap_PL0240.inclHTF/spades_output/K33/scaffolds.fasta /SAN/ugi/plant_genom/jiajucui/4_mapping_to_pseudomonas/tailocin_2024_TF_Tapemeasure/2025_summer_paperfig_m57/scripts/step1_HTFhaplotypes/step1.2_HTF_bykmers_wholegenomeuniquekmers/step5_additional_analysis_coinfection_Oantigenbreakingisolates_HTFlengthfreq/authenticate_the2breakingisolates/step1_minimap2toview/tmp_assemble_from_raw_Psfastq_thenminmap_PL0240.inclHTF/spades_output/scaffolds.fasta /SAN/ugi/plant_genom/jiajucui/4_mapping_to_pseudomonas/tailocin_2024_TF_Tapemeasure/2025_summer_paperfig_m57/scripts/step1_HTFhaplotypes/step1.2_HTF_bykmers_wholegenomeuniquekmers/step5_additional_analysis_coinfection_Oantigenbreakingisolates_HTFlengthfreq/authenticate_the2breakingisolates/step1_minimap2toview/tmp_assemble_from_raw_Psfastq_thenminmap_PL0240.inclHTF/spades_output/K33/scaffolds.paths /SAN/ugi/plant_genom/jiajucui/4_mapping_to_pseudomonas/tailocin_2024_TF_Tapemeasure/2025_summer_paperfig_m57/scripts/step1_HTFhaplotypes/step1.2_HTF_bykmers_wholegenomeuniquekmers/step5_additional_analysis_coinfection_Oantigenbreakingisolates_HTFlengthfreq/authenticate_the2breakingisolates/step1_minimap2toview/tmp_assemble_from_raw_Psfastq_thenminmap_PL0240.inclHTF/spades_output/scaffolds.paths /SAN/ugi/plant_genom/jiajucui/4_mapping_to_pseudomonas/tailocin_2024_TF_Tapemeasure/2025_summer_paperfig_m57/scripts/step1_HTFhaplotypes/step1.2_HTF_bykmers_wholegenomeuniquekmers/step5_additional_analysis_coinfection_Oantigenbreakingisolates_HTFlengthfreq/authenticate_the2breakingisolates/step1_minimap2toview/tmp_assemble_from_raw_Psfastq_thenminmap_PL0240.inclHTF/spades_output/K33/assembly_graph_with_scaffolds.gfa /SAN/ugi/plant_genom/jiajucui/4_mapping_to_pseudomonas/tailocin_2024_TF_Tapemeasure/2025_summer_paperfig_m57/scripts/step1_HTFhaplotypes/step1.2_HTF_bykmers_wholegenomeuniquekmers/step5_additional_analysis_coinfection_Oantigenbreakingisolates_HTFlengthfreq/authenticate_the2breakingisolates/step1_minimap2toview/tmp_assemble_from_raw_Psfastq_thenminmap_PL0240.inclHTF/spades_output/assembly_graph_with_scaffolds.gfa /SAN/ugi/plant_genom/jiajucui/4_mapping_to_pseudomonas/tailocin_2024_TF_Tapemeasure/2025_summer_paperfig_m57/scripts/step1_HTFhaplotypes/step1.2_HTF_bykmers_wholegenomeuniquekmers/step5_additional_analysis_coinfection_Oantigenbreakingisolates_HTFlengthfreq/authenticate_the2breakingisolates/step1_minimap2toview/tmp_assemble_from_raw_Psfastq_thenminmap_PL0240.inclHTF/spades_output/K33/assembly_graph.fastg /SAN/ugi/plant_genom/jiajucui/4_mapping_to_pseudomonas/tailocin_2024_TF_Tapemeasure/2025_summer_paperfig_m57/scripts/step1_HTFhaplotypes/step1.2_HTF_bykmers_wholegenomeuniquekmers/step5_additional_analysis_coinfection_Oantigenbreakingisolates_HTFlengthfreq/authenticate_the2breakingisolates/step1_minimap2toview/tmp_assemble_from_raw_Psfastq_thenminmap_PL0240.inclHTF/spades_output/assembly_graph.fastg /SAN/ugi/plant_genom/jiajucui/4_mapping_to_pseudomonas/tailocin_2024_TF_Tapemeasure/2025_summer_paperfig_m57/scripts/step1_HTFhaplotypes/step1.2_HTF_bykmers_wholegenomeuniquekmers/step5_additional_analysis_coinfection_Oantigenbreakingisolates_HTFlengthfreq/authenticate_the2breakingisolates/step1_minimap2toview/tmp_assemble_from_raw_Psfastq_thenminmap_PL0240.inclHTF/spades_output/K33/final_contigs.paths /SAN/ugi/plant_genom/jiajucui/4_mapping_to_pseudomonas/tailocin_2024_TF_Tapemeasure/2025_summer_paperfig_m57/scripts/step1_HTFhaplotypes/step1.2_HTF_bykmers_wholegenomeuniquekmers/step5_additional_analysis_coinfection_Oantigenbreakingisolates_HTFlengthfreq/authenticate_the2breakingisolates/step1_minimap2toview/tmp_assemble_from_raw_Psfastq_thenminmap_PL0240.inclHTF/spades_output/contigs.paths


===== Copy files finished. 


===== Assembling finished. 


===== Mismatch correction started. 


===== Mismatch correction contigs started. 


== Running: /SAN/ugi/aMetagenomics/jiajucui/tmpbigfile/miniconda3newdirtostore/envs/phylogeny_snp/bin/python /SAN/ugi/aMetagenomics/jiajucui/tmpbigfile/miniconda3newdirtostore/envs/phylogeny_snp/share/spades/spades_pipeline/scripts/correction_iteration_script.py --corrected /SAN/ugi/plant_genom/jiajucui/4_mapping_to_pseudomonas/tailocin_2024_TF_Tapemeasure/2025_summer_paperfig_m57/scripts/step1_HTFhaplotypes/step1.2_HTF_bykmers_wholegenomeuniquekmers/step5_additional_analysis_coinfection_Oantigenbreakingisolates_HTFlengthfreq/authenticate_the2breakingisolates/step1_minimap2toview/tmp_assemble_from_raw_Psfastq_thenminmap_PL0240.inclHTF/spades_output/contigs.fasta --assembled /SAN/ugi/plant_genom/jiajucui/4_mapping_to_pseudomonas/tailocin_2024_TF_Tapemeasure/2025_summer_paperfig_m57/scripts/step1_HTFhaplotypes/step1.2_HTF_bykmers_wholegenomeuniquekmers/step5_additional_analysis_coinfection_Oantigenbreakingisolates_HTFlengthfreq/authenticate_the2breakingisolates/step1_minimap2toview/tmp_assemble_from_raw_Psfastq_thenminmap_PL0240.inclHTF/spades_output/misc/assembled_contigs.fasta --assembly_type contigs --output_dir /SAN/ugi/plant_genom/jiajucui/4_mapping_to_pseudomonas/tailocin_2024_TF_Tapemeasure/2025_summer_paperfig_m57/scripts/step1_HTFhaplotypes/step1.2_HTF_bykmers_wholegenomeuniquekmers/step5_additional_analysis_coinfection_Oantigenbreakingisolates_HTFlengthfreq/authenticate_the2breakingisolates/step1_minimap2toview/tmp_assemble_from_raw_Psfastq_thenminmap_PL0240.inclHTF/spades_output --bin_home /SAN/ugi/aMetagenomics/jiajucui/tmpbigfile/miniconda3newdirtostore/envs/phylogeny_snp/bin

== Processing of contigs
== Running contig polishing tool: /SAN/ugi/aMetagenomics/jiajucui/tmpbigfile/miniconda3newdirtostore/envs/phylogeny_snp/bin/spades-corrector-core /SAN/ugi/plant_genom/jiajucui/4_mapping_to_pseudomonas/tailocin_2024_TF_Tapemeasure/2025_summer_paperfig_m57/scripts/step1_HTFhaplotypes/step1.2_HTF_bykmers_wholegenomeuniquekmers/step5_additional_analysis_coinfection_Oantigenbreakingisolates_HTFlengthfreq/authenticate_the2breakingisolates/step1_minimap2toview/tmp_assemble_from_raw_Psfastq_thenminmap_PL0240.inclHTF/spades_output/mismatch_corrector/contigs/configs/corrector.info /SAN/ugi/plant_genom/jiajucui/4_mapping_to_pseudomonas/tailocin_2024_TF_Tapemeasure/2025_summer_paperfig_m57/scripts/step1_HTFhaplotypes/step1.2_HTF_bykmers_wholegenomeuniquekmers/step5_additional_analysis_coinfection_Oantigenbreakingisolates_HTFlengthfreq/authenticate_the2breakingisolates/step1_minimap2toview/tmp_assemble_from_raw_Psfastq_thenminmap_PL0240.inclHTF/spades_output/misc/assembled_contigs.fasta
== Dataset description file was created: /SAN/ugi/plant_genom/jiajucui/4_mapping_to_pseudomonas/tailocin_2024_TF_Tapemeasure/2025_summer_paperfig_m57/scripts/step1_HTFhaplotypes/step1.2_HTF_bykmers_wholegenomeuniquekmers/step5_additional_analysis_coinfection_Oantigenbreakingisolates_HTFlengthfreq/authenticate_the2breakingisolates/step1_minimap2toview/tmp_assemble_from_raw_Psfastq_thenminmap_PL0240.inclHTF/spades_output/mismatch_corrector/contigs/configs/corrector.info
Run: /SAN/ugi/aMetagenomics/jiajucui/tmpbigfile/miniconda3newdirtostore/envs/phylogeny_snp/bin/spades-corrector-core /SAN/ugi/plant_genom/jiajucui/4_mapping_to_pseudomonas/tailocin_2024_TF_Tapemeasure/2025_summer_paperfig_m57/scripts/step1_HTFhaplotypes/step1.2_HTF_bykmers_wholegenomeuniquekmers/step5_additional_analysis_coinfection_Oantigenbreakingisolates_HTFlengthfreq/authenticate_the2breakingisolates/step1_minimap2toview/tmp_assemble_from_raw_Psfastq_thenminmap_PL0240.inclHTF/spades_output/mismatch_corrector/contigs/configs/corrector.info /SAN/ugi/plant_genom/jiajucui/4_mapping_to_pseudomonas/tailocin_2024_TF_Tapemeasure/2025_summer_paperfig_m57/scripts/step1_HTFhaplotypes/step1.2_HTF_bykmers_wholegenomeuniquekmers/step5_additional_analysis_coinfection_Oantigenbreakingisolates_HTFlengthfreq/authenticate_the2breakingisolates/step1_minimap2toview/tmp_assemble_from_raw_Psfastq_thenminmap_PL0240.inclHTF/spades_output/misc/assembled_contigs.fasta
/SAN/ugi/plant_genom/jiajucui/4_mapping_to_pseudomonas/tailocin_2024_TF_Tapemeasure/2025_summer_paperfig_m57/scripts/step1_HTFhaplotypes/step1.2_HTF_bykmers_wholegenomeuniquekmers/step5_additional_analysis_coinfection_Oantigenbreakingisolates_HTFlengthfreq/authenticate_the2breakingisolates/step1_minimap2toview/tmp_assemble_from_raw_Psfastq_thenminmap_PL0240.inclHTF/spades_output/mismatch_corrector/contigs/configs/log.properties  0:00:00.000     1M / 17M   INFO    General                 (main.cpp                  :  58)   Starting mismatch corrector, built from N/A, git revision N/A
  0:00:00.000     1M / 17M   INFO    General                 (main.cpp                  :  59)   Maximum # of threads to use (adjusted due to OMP capabilities): 4
  0:00:00.000     1M / 17M   INFO   DatasetProcessor         (dataset_processor.cpp     : 175)   Splitting assembly...
  0:00:00.000     1M / 17M   INFO   DatasetProcessor         (dataset_processor.cpp     : 176)   Assembly file: /SAN/ugi/plant_genom/jiajucui/4_mapping_to_pseudomonas/tailocin_2024_TF_Tapemeasure/2025_summer_paperfig_m57/scripts/step1_HTFhaplotypes/step1.2_HTF_bykmers_wholegenomeuniquekmers/step5_additional_analysis_coinfection_Oantigenbreakingisolates_HTFlengthfreq/authenticate_the2breakingisolates/step1_minimap2toview/tmp_assemble_from_raw_Psfastq_thenminmap_PL0240.inclHTF/spades_output/misc/assembled_contigs.fasta
  0:02:05.218     8M / 17M   INFO   DatasetProcessor         (dataset_processor.cpp     : 128)   Running bwa index ...: /SAN/ugi/aMetagenomics/jiajucui/tmpbigfile/miniconda3newdirtostore/envs/phylogeny_snp/bin/spades-bwa index /SAN/ugi/plant_genom/jiajucui/4_mapping_to_pseudomonas/tailocin_2024_TF_Tapemeasure/2025_summer_paperfig_m57/scripts/step1_HTFhaplotypes/step1.2_HTF_bykmers_wholegenomeuniquekmers/step5_additional_analysis_coinfection_Oantigenbreakingisolates_HTFlengthfreq/authenticate_the2breakingisolates/step1_minimap2toview/tmp_assemble_from_raw_Psfastq_thenminmap_PL0240.inclHTF/spades_output/misc/assembled_contigs.fasta
[bwa_index] Pack FASTA... 0.06 sec
[bwa_index] Construct BWT for the packed sequence...
[bwa_index] 2.82 seconds elapse.
[bwa_index] Update BWT... 0.04 sec
[bwa_index] Pack forward-only FASTA... 0.03 sec
[bwa_index] Construct SA from BWT and Occ... 0.63 sec
[main] Version: 0.7.16a-r1181
[main] CMD: /SAN/ugi/aMetagenomics/jiajucui/tmpbigfile/miniconda3newdirtostore/envs/phylogeny_snp/bin/spades-bwa index /SAN/ugi/plant_genom/jiajucui/4_mapping_to_pseudomonas/tailocin_2024_TF_Tapemeasure/2025_summer_paperfig_m57/scripts/step1_HTFhaplotypes/step1.2_HTF_bykmers_wholegenomeuniquekmers/step5_additional_analysis_coinfection_Oantigenbreakingisolates_HTFlengthfreq/authenticate_the2breakingisolates/step1_minimap2toview/tmp_assemble_from_raw_Psfastq_thenminmap_PL0240.inclHTF/spades_output/misc/assembled_contigs.fasta
[main] Real time: 9.690 sec; CPU: 3.588 sec
  0:02:14.970     8M / 17M   INFO   DatasetProcessor         (dataset_processor.cpp     : 190)   Processing single sublib of number 0
  0:02:14.970     8M / 17M   INFO   DatasetProcessor         (dataset_processor.cpp     : 191)   /SAN/ugi/plant_genom/jiajucui/4_mapping_to_pseudomonas/tailocin_2024_TF_Tapemeasure/2025_summer_paperfig_m57/scripts/step1_HTFhaplotypes/step1.2_HTF_bykmers_wholegenomeuniquekmers/step5_additional_analysis_coinfection_Oantigenbreakingisolates_HTFlengthfreq/authenticate_the2breakingisolates/step1_minimap2toview/the2fastq/PL0240.inclHTF.fastq.gz
  0:02:15.012     8M / 17M   INFO   DatasetProcessor         (dataset_processor.cpp     : 153)   Running bwa mem ...:/SAN/ugi/aMetagenomics/jiajucui/tmpbigfile/miniconda3newdirtostore/envs/phylogeny_snp/bin/spades-bwa mem  -v 1 -t 4  /SAN/ugi/plant_genom/jiajucui/4_mapping_to_pseudomonas/tailocin_2024_TF_Tapemeasure/2025_summer_paperfig_m57/scripts/step1_HTFhaplotypes/step1.2_HTF_bykmers_wholegenomeuniquekmers/step5_additional_analysis_coinfection_Oantigenbreakingisolates_HTFlengthfreq/authenticate_the2breakingisolates/step1_minimap2toview/tmp_assemble_from_raw_Psfastq_thenminmap_PL0240.inclHTF/spades_output/misc/assembled_contigs.fasta /SAN/ugi/plant_genom/jiajucui/4_mapping_to_pseudomonas/tailocin_2024_TF_Tapemeasure/2025_summer_paperfig_m57/scripts/step1_HTFhaplotypes/step1.2_HTF_bykmers_wholegenomeuniquekmers/step5_additional_analysis_coinfection_Oantigenbreakingisolates_HTFlengthfreq/authenticate_the2breakingisolates/step1_minimap2toview/the2fastq/PL0240.inclHTF.fastq.gz   > /SAN/ugi/plant_genom/jiajucui/4_mapping_to_pseudomonas/tailocin_2024_TF_Tapemeasure/2025_summer_paperfig_m57/scripts/step1_HTFhaplotypes/step1.2_HTF_bykmers_wholegenomeuniquekmers/step5_additional_analysis_coinfection_Oantigenbreakingisolates_HTFlengthfreq/authenticate_the2breakingisolates/step1_minimap2toview/tmp_assemble_from_raw_Psfastq_thenminmap_PL0240.inclHTF/spades_output/tmp/corrector_hmh9zm_h/lib0_wyNEFc/tmp.sam
[main] Version: 0.7.16a-r1181
[main] CMD: /SAN/ugi/aMetagenomics/jiajucui/tmpbigfile/miniconda3newdirtostore/envs/phylogeny_snp/bin/spades-bwa mem -v 1 -t 4 /SAN/ugi/plant_genom/jiajucui/4_mapping_to_pseudomonas/tailocin_2024_TF_Tapemeasure/2025_summer_paperfig_m57/scripts/step1_HTFhaplotypes/step1.2_HTF_bykmers_wholegenomeuniquekmers/step5_additional_analysis_coinfection_Oantigenbreakingisolates_HTFlengthfreq/authenticate_the2breakingisolates/step1_minimap2toview/tmp_assemble_from_raw_Psfastq_thenminmap_PL0240.inclHTF/spades_output/misc/assembled_contigs.fasta /SAN/ugi/plant_genom/jiajucui/4_mapping_to_pseudomonas/tailocin_2024_TF_Tapemeasure/2025_summer_paperfig_m57/scripts/step1_HTFhaplotypes/step1.2_HTF_bykmers_wholegenomeuniquekmers/step5_additional_analysis_coinfection_Oantigenbreakingisolates_HTFlengthfreq/authenticate_the2breakingisolates/step1_minimap2toview/the2fastq/PL0240.inclHTF.fastq.gz
[main] Real time: 48.022 sec; CPU: 33.733 sec
  0:03:03.091     8M / 17M   INFO   DatasetProcessor         (dataset_processor.cpp     : 199)   Adding samfile /SAN/ugi/plant_genom/jiajucui/4_mapping_to_pseudomonas/tailocin_2024_TF_Tapemeasure/2025_summer_paperfig_m57/scripts/step1_HTFhaplotypes/step1.2_HTF_bykmers_wholegenomeuniquekmers/step5_additional_analysis_coinfection_Oantigenbreakingisolates_HTFlengthfreq/authenticate_the2breakingisolates/step1_minimap2toview/tmp_assemble_from_raw_Psfastq_thenminmap_PL0240.inclHTF/spades_output/tmp/corrector_hmh9zm_h/lib0_wyNEFc/tmp.sam
  0:11:05.799    16M / 50M   INFO   DatasetProcessor         (dataset_processor.cpp     : 227)   Processing contigs
  0:11:05.989    19M / 59M   INFO   DatasetProcessor         (dataset_processor.cpp     : 243)   Contig NODE_1_length_31831_cov_7.512862 processed with 0 changes in thread 2
  0:13:21.800    16M / 63M   INFO   DatasetProcessor         (dataset_processor.cpp     : 247)   Gluing processed contigs
  0:13:32.253     1M / 63M   INFO    General                 (main.cpp                  :  72)   Correcting time: 0 hours 13 minutes 32 seconds

===== Mismatch correction contigs finished. 


===== Mismatch correction scaffolds started. 


== Running: /SAN/ugi/aMetagenomics/jiajucui/tmpbigfile/miniconda3newdirtostore/envs/phylogeny_snp/bin/python /SAN/ugi/aMetagenomics/jiajucui/tmpbigfile/miniconda3newdirtostore/envs/phylogeny_snp/share/spades/spades_pipeline/scripts/correction_iteration_script.py --corrected /SAN/ugi/plant_genom/jiajucui/4_mapping_to_pseudomonas/tailocin_2024_TF_Tapemeasure/2025_summer_paperfig_m57/scripts/step1_HTFhaplotypes/step1.2_HTF_bykmers_wholegenomeuniquekmers/step5_additional_analysis_coinfection_Oantigenbreakingisolates_HTFlengthfreq/authenticate_the2breakingisolates/step1_minimap2toview/tmp_assemble_from_raw_Psfastq_thenminmap_PL0240.inclHTF/spades_output/scaffolds.fasta --assembled /SAN/ugi/plant_genom/jiajucui/4_mapping_to_pseudomonas/tailocin_2024_TF_Tapemeasure/2025_summer_paperfig_m57/scripts/step1_HTFhaplotypes/step1.2_HTF_bykmers_wholegenomeuniquekmers/step5_additional_analysis_coinfection_Oantigenbreakingisolates_HTFlengthfreq/authenticate_the2breakingisolates/step1_minimap2toview/tmp_assemble_from_raw_Psfastq_thenminmap_PL0240.inclHTF/spades_output/misc/assembled_scaffolds.fasta --assembly_type scaffolds --output_dir /SAN/ugi/plant_genom/jiajucui/4_mapping_to_pseudomonas/tailocin_2024_TF_Tapemeasure/2025_summer_paperfig_m57/scripts/step1_HTFhaplotypes/step1.2_HTF_bykmers_wholegenomeuniquekmers/step5_additional_analysis_coinfection_Oantigenbreakingisolates_HTFlengthfreq/authenticate_the2breakingisolates/step1_minimap2toview/tmp_assemble_from_raw_Psfastq_thenminmap_PL0240.inclHTF/spades_output --bin_home /SAN/ugi/aMetagenomics/jiajucui/tmpbigfile/miniconda3newdirtostore/envs/phylogeny_snp/bin

== Processing of scaffolds
== Running contig polishing tool: /SAN/ugi/aMetagenomics/jiajucui/tmpbigfile/miniconda3newdirtostore/envs/phylogeny_snp/bin/spades-corrector-core /SAN/ugi/plant_genom/jiajucui/4_mapping_to_pseudomonas/tailocin_2024_TF_Tapemeasure/2025_summer_paperfig_m57/scripts/step1_HTFhaplotypes/step1.2_HTF_bykmers_wholegenomeuniquekmers/step5_additional_analysis_coinfection_Oantigenbreakingisolates_HTFlengthfreq/authenticate_the2breakingisolates/step1_minimap2toview/tmp_assemble_from_raw_Psfastq_thenminmap_PL0240.inclHTF/spades_output/mismatch_corrector/scaffolds/configs/corrector.info /SAN/ugi/plant_genom/jiajucui/4_mapping_to_pseudomonas/tailocin_2024_TF_Tapemeasure/2025_summer_paperfig_m57/scripts/step1_HTFhaplotypes/step1.2_HTF_bykmers_wholegenomeuniquekmers/step5_additional_analysis_coinfection_Oantigenbreakingisolates_HTFlengthfreq/authenticate_the2breakingisolates/step1_minimap2toview/tmp_assemble_from_raw_Psfastq_thenminmap_PL0240.inclHTF/spades_output/misc/assembled_scaffolds.fasta
== Dataset description file was created: /SAN/ugi/plant_genom/jiajucui/4_mapping_to_pseudomonas/tailocin_2024_TF_Tapemeasure/2025_summer_paperfig_m57/scripts/step1_HTFhaplotypes/step1.2_HTF_bykmers_wholegenomeuniquekmers/step5_additional_analysis_coinfection_Oantigenbreakingisolates_HTFlengthfreq/authenticate_the2breakingisolates/step1_minimap2toview/tmp_assemble_from_raw_Psfastq_thenminmap_PL0240.inclHTF/spades_output/mismatch_corrector/scaffolds/configs/corrector.info
Run: /SAN/ugi/aMetagenomics/jiajucui/tmpbigfile/miniconda3newdirtostore/envs/phylogeny_snp/bin/spades-corrector-core /SAN/ugi/plant_genom/jiajucui/4_mapping_to_pseudomonas/tailocin_2024_TF_Tapemeasure/2025_summer_paperfig_m57/scripts/step1_HTFhaplotypes/step1.2_HTF_bykmers_wholegenomeuniquekmers/step5_additional_analysis_coinfection_Oantigenbreakingisolates_HTFlengthfreq/authenticate_the2breakingisolates/step1_minimap2toview/tmp_assemble_from_raw_Psfastq_thenminmap_PL0240.inclHTF/spades_output/mismatch_corrector/scaffolds/configs/corrector.info /SAN/ugi/plant_genom/jiajucui/4_mapping_to_pseudomonas/tailocin_2024_TF_Tapemeasure/2025_summer_paperfig_m57/scripts/step1_HTFhaplotypes/step1.2_HTF_bykmers_wholegenomeuniquekmers/step5_additional_analysis_coinfection_Oantigenbreakingisolates_HTFlengthfreq/authenticate_the2breakingisolates/step1_minimap2toview/tmp_assemble_from_raw_Psfastq_thenminmap_PL0240.inclHTF/spades_output/misc/assembled_scaffolds.fasta
/SAN/ugi/plant_genom/jiajucui/4_mapping_to_pseudomonas/tailocin_2024_TF_Tapemeasure/2025_summer_paperfig_m57/scripts/step1_HTFhaplotypes/step1.2_HTF_bykmers_wholegenomeuniquekmers/step5_additional_analysis_coinfection_Oantigenbreakingisolates_HTFlengthfreq/authenticate_the2breakingisolates/step1_minimap2toview/tmp_assemble_from_raw_Psfastq_thenminmap_PL0240.inclHTF/spades_output/mismatch_corrector/scaffolds/configs/log.properties  0:00:00.000     1M / 17M   INFO    General                 (main.cpp                  :  58)   Starting mismatch corrector, built from N/A, git revision N/A
  0:00:00.000     1M / 17M   INFO    General                 (main.cpp                  :  59)   Maximum # of threads to use (adjusted due to OMP capabilities): 4
  0:00:00.000     1M / 17M   INFO   DatasetProcessor         (dataset_processor.cpp     : 175)   Splitting assembly...
  0:00:00.000     1M / 17M   INFO   DatasetProcessor         (dataset_processor.cpp     : 176)   Assembly file: /SAN/ugi/plant_genom/jiajucui/4_mapping_to_pseudomonas/tailocin_2024_TF_Tapemeasure/2025_summer_paperfig_m57/scripts/step1_HTFhaplotypes/step1.2_HTF_bykmers_wholegenomeuniquekmers/step5_additional_analysis_coinfection_Oantigenbreakingisolates_HTFlengthfreq/authenticate_the2breakingisolates/step1_minimap2toview/tmp_assemble_from_raw_Psfastq_thenminmap_PL0240.inclHTF/spades_output/misc/assembled_scaffolds.fasta
  0:03:36.767     8M / 17M   INFO   DatasetProcessor         (dataset_processor.cpp     : 128)   Running bwa index ...: /SAN/ugi/aMetagenomics/jiajucui/tmpbigfile/miniconda3newdirtostore/envs/phylogeny_snp/bin/spades-bwa index /SAN/ugi/plant_genom/jiajucui/4_mapping_to_pseudomonas/tailocin_2024_TF_Tapemeasure/2025_summer_paperfig_m57/scripts/step1_HTFhaplotypes/step1.2_HTF_bykmers_wholegenomeuniquekmers/step5_additional_analysis_coinfection_Oantigenbreakingisolates_HTFlengthfreq/authenticate_the2breakingisolates/step1_minimap2toview/tmp_assemble_from_raw_Psfastq_thenminmap_PL0240.inclHTF/spades_output/misc/assembled_scaffolds.fasta
[bwa_index] Pack FASTA... 0.06 sec
[bwa_index] Construct BWT for the packed sequence...
[bwa_index] 2.35 seconds elapse.
[bwa_index] Update BWT... 0.04 sec
[bwa_index] Pack forward-only FASTA... 0.05 sec
[bwa_index] Construct SA from BWT and Occ... 1.65 sec
[main] Version: 0.7.16a-r1181
[main] CMD: /SAN/ugi/aMetagenomics/jiajucui/tmpbigfile/miniconda3newdirtostore/envs/phylogeny_snp/bin/spades-bwa index /SAN/ugi/plant_genom/jiajucui/4_mapping_to_pseudomonas/tailocin_2024_TF_Tapemeasure/2025_summer_paperfig_m57/scripts/step1_HTFhaplotypes/step1.2_HTF_bykmers_wholegenomeuniquekmers/step5_additional_analysis_coinfection_Oantigenbreakingisolates_HTFlengthfreq/authenticate_the2breakingisolates/step1_minimap2toview/tmp_assemble_from_raw_Psfastq_thenminmap_PL0240.inclHTF/spades_output/misc/assembled_scaffolds.fasta
[main] Real time: 5.324 sec; CPU: 4.177 sec
  0:03:42.314     8M / 17M   INFO   DatasetProcessor         (dataset_processor.cpp     : 190)   Processing single sublib of number 0
  0:03:42.314     8M / 17M   INFO   DatasetProcessor         (dataset_processor.cpp     : 191)   /SAN/ugi/plant_genom/jiajucui/4_mapping_to_pseudomonas/tailocin_2024_TF_Tapemeasure/2025_summer_paperfig_m57/scripts/step1_HTFhaplotypes/step1.2_HTF_bykmers_wholegenomeuniquekmers/step5_additional_analysis_coinfection_Oantigenbreakingisolates_HTFlengthfreq/authenticate_the2breakingisolates/step1_minimap2toview/the2fastq/PL0240.inclHTF.fastq.gz
  0:03:42.378     8M / 17M   INFO   DatasetProcessor         (dataset_processor.cpp     : 153)   Running bwa mem ...:/SAN/ugi/aMetagenomics/jiajucui/tmpbigfile/miniconda3newdirtostore/envs/phylogeny_snp/bin/spades-bwa mem  -v 1 -t 4  /SAN/ugi/plant_genom/jiajucui/4_mapping_to_pseudomonas/tailocin_2024_TF_Tapemeasure/2025_summer_paperfig_m57/scripts/step1_HTFhaplotypes/step1.2_HTF_bykmers_wholegenomeuniquekmers/step5_additional_analysis_coinfection_Oantigenbreakingisolates_HTFlengthfreq/authenticate_the2breakingisolates/step1_minimap2toview/tmp_assemble_from_raw_Psfastq_thenminmap_PL0240.inclHTF/spades_output/misc/assembled_scaffolds.fasta /SAN/ugi/plant_genom/jiajucui/4_mapping_to_pseudomonas/tailocin_2024_TF_Tapemeasure/2025_summer_paperfig_m57/scripts/step1_HTFhaplotypes/step1.2_HTF_bykmers_wholegenomeuniquekmers/step5_additional_analysis_coinfection_Oantigenbreakingisolates_HTFlengthfreq/authenticate_the2breakingisolates/step1_minimap2toview/the2fastq/PL0240.inclHTF.fastq.gz   > /SAN/ugi/plant_genom/jiajucui/4_mapping_to_pseudomonas/tailocin_2024_TF_Tapemeasure/2025_summer_paperfig_m57/scripts/step1_HTFhaplotypes/step1.2_HTF_bykmers_wholegenomeuniquekmers/step5_additional_analysis_coinfection_Oantigenbreakingisolates_HTFlengthfreq/authenticate_the2breakingisolates/step1_minimap2toview/tmp_assemble_from_raw_Psfastq_thenminmap_PL0240.inclHTF/spades_output/tmp/corrector__j6_ft6s/lib0_ijJzdY/tmp.sam
[main] Version: 0.7.16a-r1181
[main] CMD: /SAN/ugi/aMetagenomics/jiajucui/tmpbigfile/miniconda3newdirtostore/envs/phylogeny_snp/bin/spades-bwa mem -v 1 -t 4 /SAN/ugi/plant_genom/jiajucui/4_mapping_to_pseudomonas/tailocin_2024_TF_Tapemeasure/2025_summer_paperfig_m57/scripts/step1_HTFhaplotypes/step1.2_HTF_bykmers_wholegenomeuniquekmers/step5_additional_analysis_coinfection_Oantigenbreakingisolates_HTFlengthfreq/authenticate_the2breakingisolates/step1_minimap2toview/tmp_assemble_from_raw_Psfastq_thenminmap_PL0240.inclHTF/spades_output/misc/assembled_scaffolds.fasta /SAN/ugi/plant_genom/jiajucui/4_mapping_to_pseudomonas/tailocin_2024_TF_Tapemeasure/2025_summer_paperfig_m57/scripts/step1_HTFhaplotypes/step1.2_HTF_bykmers_wholegenomeuniquekmers/step5_additional_analysis_coinfection_Oantigenbreakingisolates_HTFlengthfreq/authenticate_the2breakingisolates/step1_minimap2toview/the2fastq/PL0240.inclHTF.fastq.gz
[main] Real time: 8.776 sec; CPU: 30.228 sec
  0:03:51.353     8M / 17M   INFO   DatasetProcessor         (dataset_processor.cpp     : 199)   Adding samfile /SAN/ugi/plant_genom/jiajucui/4_mapping_to_pseudomonas/tailocin_2024_TF_Tapemeasure/2025_summer_paperfig_m57/scripts/step1_HTFhaplotypes/step1.2_HTF_bykmers_wholegenomeuniquekmers/step5_additional_analysis_coinfection_Oantigenbreakingisolates_HTFlengthfreq/authenticate_the2breakingisolates/step1_minimap2toview/tmp_assemble_from_raw_Psfastq_thenminmap_PL0240.inclHTF/spades_output/tmp/corrector__j6_ft6s/lib0_ijJzdY/tmp.sam
  0:12:20.893    16M / 50M   INFO   DatasetProcessor         (dataset_processor.cpp     : 227)   Processing contigs
  0:12:21.086    19M / 60M   INFO   DatasetProcessor         (dataset_processor.cpp     : 243)   Contig NODE_1_length_31831_cov_7.512862 processed with 0 changes in thread 1
  0:13:46.031    16M / 62M   INFO   DatasetProcessor         (dataset_processor.cpp     : 247)   Gluing processed contigs
  0:14:00.780     1M / 62M   INFO    General                 (main.cpp                  :  72)   Correcting time: 0 hours 14 minutes 0 seconds

===== Mismatch correction scaffolds finished. 


===== Mismatch correction finished. 


===== Breaking scaffolds started. 


== Running: /SAN/ugi/aMetagenomics/jiajucui/tmpbigfile/miniconda3newdirtostore/envs/phylogeny_snp/bin/python /SAN/ugi/aMetagenomics/jiajucui/tmpbigfile/miniconda3newdirtostore/envs/phylogeny_snp/share/spades/spades_pipeline/scripts/breaking_scaffolds_script.py --result_scaffolds_filename /SAN/ugi/plant_genom/jiajucui/4_mapping_to_pseudomonas/tailocin_2024_TF_Tapemeasure/2025_summer_paperfig_m57/scripts/step1_HTFhaplotypes/step1.2_HTF_bykmers_wholegenomeuniquekmers/step5_additional_analysis_coinfection_Oantigenbreakingisolates_HTFlengthfreq/authenticate_the2breakingisolates/step1_minimap2toview/tmp_assemble_from_raw_Psfastq_thenminmap_PL0240.inclHTF/spades_output/scaffolds.fasta --misc_dir /SAN/ugi/plant_genom/jiajucui/4_mapping_to_pseudomonas/tailocin_2024_TF_Tapemeasure/2025_summer_paperfig_m57/scripts/step1_HTFhaplotypes/step1.2_HTF_bykmers_wholegenomeuniquekmers/step5_additional_analysis_coinfection_Oantigenbreakingisolates_HTFlengthfreq/authenticate_the2breakingisolates/step1_minimap2toview/tmp_assemble_from_raw_Psfastq_thenminmap_PL0240.inclHTF/spades_output/misc --threshold_for_breaking_scaffolds 3


===== Breaking scaffolds finished. 


===== Terminate started. 


===== Terminate finished. 

 * Corrected reads are in /SAN/ugi/plant_genom/jiajucui/4_mapping_to_pseudomonas/tailocin_2024_TF_Tapemeasure/2025_summer_paperfig_m57/scripts/step1_HTFhaplotypes/step1.2_HTF_bykmers_wholegenomeuniquekmers/step5_additional_analysis_coinfection_Oantigenbreakingisolates_HTFlengthfreq/authenticate_the2breakingisolates/step1_minimap2toview/tmp_assemble_from_raw_Psfastq_thenminmap_PL0240.inclHTF/spades_output/corrected/
 * Assembled contigs are in /SAN/ugi/plant_genom/jiajucui/4_mapping_to_pseudomonas/tailocin_2024_TF_Tapemeasure/2025_summer_paperfig_m57/scripts/step1_HTFhaplotypes/step1.2_HTF_bykmers_wholegenomeuniquekmers/step5_additional_analysis_coinfection_Oantigenbreakingisolates_HTFlengthfreq/authenticate_the2breakingisolates/step1_minimap2toview/tmp_assemble_from_raw_Psfastq_thenminmap_PL0240.inclHTF/spades_output/contigs.fasta
 * Assembled scaffolds are in /SAN/ugi/plant_genom/jiajucui/4_mapping_to_pseudomonas/tailocin_2024_TF_Tapemeasure/2025_summer_paperfig_m57/scripts/step1_HTFhaplotypes/step1.2_HTF_bykmers_wholegenomeuniquekmers/step5_additional_analysis_coinfection_Oantigenbreakingisolates_HTFlengthfreq/authenticate_the2breakingisolates/step1_minimap2toview/tmp_assemble_from_raw_Psfastq_thenminmap_PL0240.inclHTF/spades_output/scaffolds.fasta
 * Paths in the assembly graph corresponding to the contigs are in /SAN/ugi/plant_genom/jiajucui/4_mapping_to_pseudomonas/tailocin_2024_TF_Tapemeasure/2025_summer_paperfig_m57/scripts/step1_HTFhaplotypes/step1.2_HTF_bykmers_wholegenomeuniquekmers/step5_additional_analysis_coinfection_Oantigenbreakingisolates_HTFlengthfreq/authenticate_the2breakingisolates/step1_minimap2toview/tmp_assemble_from_raw_Psfastq_thenminmap_PL0240.inclHTF/spades_output/contigs.paths
 * Paths in the assembly graph corresponding to the scaffolds are in /SAN/ugi/plant_genom/jiajucui/4_mapping_to_pseudomonas/tailocin_2024_TF_Tapemeasure/2025_summer_paperfig_m57/scripts/step1_HTFhaplotypes/step1.2_HTF_bykmers_wholegenomeuniquekmers/step5_additional_analysis_coinfection_Oantigenbreakingisolates_HTFlengthfreq/authenticate_the2breakingisolates/step1_minimap2toview/tmp_assemble_from_raw_Psfastq_thenminmap_PL0240.inclHTF/spades_output/scaffolds.paths
 * Assembly graph is in /SAN/ugi/plant_genom/jiajucui/4_mapping_to_pseudomonas/tailocin_2024_TF_Tapemeasure/2025_summer_paperfig_m57/scripts/step1_HTFhaplotypes/step1.2_HTF_bykmers_wholegenomeuniquekmers/step5_additional_analysis_coinfection_Oantigenbreakingisolates_HTFlengthfreq/authenticate_the2breakingisolates/step1_minimap2toview/tmp_assemble_from_raw_Psfastq_thenminmap_PL0240.inclHTF/spades_output/assembly_graph.fastg
 * Assembly graph in GFA format is in /SAN/ugi/plant_genom/jiajucui/4_mapping_to_pseudomonas/tailocin_2024_TF_Tapemeasure/2025_summer_paperfig_m57/scripts/step1_HTFhaplotypes/step1.2_HTF_bykmers_wholegenomeuniquekmers/step5_additional_analysis_coinfection_Oantigenbreakingisolates_HTFlengthfreq/authenticate_the2breakingisolates/step1_minimap2toview/tmp_assemble_from_raw_Psfastq_thenminmap_PL0240.inclHTF/spades_output/assembly_graph_with_scaffolds.gfa

======= SPAdes pipeline finished WITH WARNINGS!

=== Error correction and assembling warnings:
 * 0:04:05.880    10M / 511M  WARN    General                 (kmer_coverage_model.cpp   : 366)   Failed to determine erroneous kmer threshold. Threshold set to: 0
======= Warnings saved to /SAN/ugi/plant_genom/jiajucui/4_mapping_to_pseudomonas/tailocin_2024_TF_Tapemeasure/2025_summer_paperfig_m57/scripts/step1_HTFhaplotypes/step1.2_HTF_bykmers_wholegenomeuniquekmers/step5_additional_analysis_coinfection_Oantigenbreakingisolates_HTFlengthfreq/authenticate_the2breakingisolates/step1_minimap2toview/tmp_assemble_from_raw_Psfastq_thenminmap_PL0240.inclHTF/spades_output/warnings.log

SPAdes log can be found here: /SAN/ugi/plant_genom/jiajucui/4_mapping_to_pseudomonas/tailocin_2024_TF_Tapemeasure/2025_summer_paperfig_m57/scripts/step1_HTFhaplotypes/step1.2_HTF_bykmers_wholegenomeuniquekmers/step5_additional_analysis_coinfection_Oantigenbreakingisolates_HTFlengthfreq/authenticate_the2breakingisolates/step1_minimap2toview/tmp_assemble_from_raw_Psfastq_thenminmap_PL0240.inclHTF/spades_output/spades.log

Thank you for using SPAdes!
