# strain1	strain2	divergence	clonal fraction	SNP rate in clonal	SNP rate in recombined	SNPs in clonal	SNPs in recombined
p5_H11	p13_F3	0.026594565997983627	0.033632912868222835	0.005855843659442657	0.02731695374892553	848.6141940424692	113744.58580595753
p5_H11	p8_H7	0.027057241604143197	0.023172457854988893	0.005534438980489549	0.027567394913213764	552.58875198896	116029.91124801105
p5_H11	p3_F12	0.02122042872904589	0.06242343269290422	0.004069828857861468	0.02236112403728648	1094.6622211079916	90335.137778892
p5_H11	p27_F2	0.01684194894557993	0.06916035649284175	0.0019318706341739805	0.017947484997242063	575.6938635408227	71983.80613645918
p5_H11	p20_D4	0.021389581445640838	0.04033232948782915	0.002914766446550227	0.022167256208362154	506.5396010422112	91661.9603989578
p5_H11	p23_B2	0.02214833231431777	0.05208741985378876	0.004044520549262883	0.023143586378133307	907.7290358455671	94526.87096415443
p5_H11	p25_D2	0.02132530805401285	0.0599456779053674	0.004027668940577959	0.022427192088773976	1040.3224674279443	90841.47753257205
p5_H11	p6_B9	0.023487399978884913	0.023528548716256613	0.00407821063250896	0.02395590343806895	413.4482219535848	100792.55177804643
p5_H11	p4_E6	0.016808304029384772	0.06895379806623361	0.0017265362932853653	0.017926334893530085	512.967961028564	71914.93203897144
p5_H11	p22_B5	0.01680807199547998	0.06895151841625606	0.001726484023602238	0.017926049828917077	512.93547279531	71913.96452720469
p5_H11	ref	0.02122042872904589	0.06242343269290422	0.004069828857861468	0.02236112403728648	1094.6622211079916	90335.137778892
p5_H11	p8_B3	0.02122042872904589	0.06242343269290422	0.004069828857861468	0.02236112403728648	1094.6622211079916	90335.137778892
p5_H11	p7_G11	1.1601695239708427e-06	1.0	1.1601695239708427e-06	nan	5.0	nan
p5_H11	p24_H2	0.026517298707687167	0.033174416615643486	0.006367463444610963	0.02721034190422749	910.1774905033875	113354.42250949661
p5_H11	p5_D5	0.023447258113355525	0.02396307511248541	0.0041201048539794725	0.02392201750523096	425.4094703374387	100605.19052966258
p5_H11	p22_C1	0.01693104996502089	0.07292140970167933	0.0019712712646628564	0.01811012051621768	619.380863291407	72342.61913670858
p5_H11	p3_F8	0.023467445063072617	0.020476627848903365	0.0037756639397944765	0.023879918357047752	333.12567433941564	100786.87432566058
p5_H11	p22_A8	0.016808536063289567	0.06895608674458222	0.0017265889495946304	0.017926620087740708	513.0006323290313	71915.89936767097
p5_H11	p5_C1	0.021386797038783305	0.04018320904580083	0.002986041593267319	0.022158210252556928	517.0074551707255	91638.79254482928
p5_H11	p26_B7	0.01674588690899514	0.07988639634623218	0.0021001070313169156	0.018017347029372015	722.8873013426813	71431.31269865733
p5_H11	p25_C2	0.02122042872904589	0.06242343269290422	0.004069828857861468	0.02236112403728648	1094.6622211079916	90335.137778892
p5_H11	p4_A6	0.021251289238383514	0.06233090795773073	0.004079918241122785	0.022391567383809985	1095.7494200323013	90467.05057996769
p5_H11	p21_A8	0.02128632635800743	0.04446368952362518	0.0032227572080796704	0.022125895978027152	617.4324083613509	91097.06759163865
p5_H11	p25_B2	0.02140373551383328	0.0619498209585155	0.004229997859495847	0.022536765278848535	1129.1107421863335	91090.68925781366
p5_H11	p13_C1	0.016808304029384772	0.06890872320842908	0.001726275399588878	0.01792556995696092	512.5551726911862	71915.34482730881
p5_H11	p23_B8	0.023424054722876106	0.024111152019082864	0.004396380220800446	0.02389396268386932	456.7405206690264	100471.95947933097
p5_H11	p26_D6	0.023585318286708054	0.02266053014143883	0.004054907938613823	0.024038999382411934	395.9199633233487	101232.08003667665
p5_H11	p8_B9	0.023530094217367042	0.025335809516197592	0.00431448305365613	0.024029861553986457	470.9988955787781	100916.6011044212
p5_H11	p4_D2	0.01678927724919165	0.07204952363953585	0.0022385513567069076	0.017919915587815593	694.9515249597501	71650.14847504025
p5_H11	p27_D6	0.02708183719805138	0.024707527800942007	0.005750169576783332	0.0276231653031746	612.1618788947428	116081.93812110527
p5_H11	p3_G9	0.021235278898952714	0.044614633900936694	0.002929234844192708	0.02208921972123401	563.1030261027726	90931.69697389723
p5_H11	p12_E2	0.01697745674597972	0.06778436126892608	0.0018919407597884673	0.018075451628338245	552.5777297963602	72604.22227020364
p5_H11	p13_D10	0.01667279622898498	0.08214471239633393	0.0021423960798417677	0.01797439142140863	758.2906735022268	71086.10932649777
p5_H11	p1_G2	0.016760969112806764	0.06820512054548379	0.00199866637891672	0.017840297477147136	587.372519283625	71627.32748071638
p5_H11	p8_C7	0.02333356150000638	0.02543338558262395	0.004424988032678087	0.023828533120532385	484.9228087406085	100061.07719125939
p5_H11	p3_A3	0.021264747204861573	0.06227759073453392	0.004094263872913133	0.022403878777821414	1098.6616581273904	90521.9383418726
p5_H11	p5_C3	0.016808304029384772	0.06890872320842908	0.001726275399588878	0.01792556995696092	512.5551726911862	71915.34482730881
p5_H11	p20_G9	0.021286558391912225	0.04441707517641814	0.003222025100162066	0.022125250763271976	616.644997498709	91098.85500250128
p5_H11	p4_E5	0.016860511657963463	0.06785655398391031	0.0017266707719917874	0.017963276049876943	504.844552514412	72148.05544748559
p5_H11	p21_F1	0.023530094217367042	0.025335809516197592	0.00431448305365613	0.024029861553986457	470.9988955787781	100916.6011044212
p5_H11	p8_E4	0.01690390199815997	0.06499786546846371	0.0018823173864349605	0.01794935469261625	527.1670828733556	72313.23291712665
p5_H11	p22_D1	0.021479610600700975	0.06272545948486677	0.004036026101443526	0.022648094825589823	1090.822666342643	91464.97733365736
p5_H11	p12_A11	0.02128609432410264	0.04446558097501735	0.0032229281105666864	0.02212568256019021	617.4914172350876	91096.0085827649
p5_H11	p12_G7	0.021160099913799406	0.041493794052246416	0.0026260304783733346	0.02196296430959353	469.50394464857675	90707.29605535143
p5_H11	p25_A12	0.017021775221795408	0.06343163294593235	0.0019363693311116228	0.018044633706338648	529.2372734371796	72818.86272656283
p5_H11	p26_E7	0.023423358621161725	0.024132174108256254	0.004398871578745499	0.02389360762400041	457.39779786442944	100468.30220213556
p5_H11	p22_D4	0.023792524563689247	0.023006388522351727	0.004097797992037863	0.02425690940399481	406.2144152587043	102113.5855847413
p5_H11	p25_C11	0.021425778734788726	0.03906822950334244	0.0031623844527058353	0.0221686215401391	532.3469038791582	91788.35309612083
p5_H11	p21_E3	0.016808304029384772	0.06895366434076897	0.0017265308751410037	0.01792633296803549	512.9653564331799	71914.93464356681
p5_H11	p24_B5	0.01669228707698769	0.08128671575797927	0.00229415243772546	0.017966261614059818	803.5227638072938	71120.3772361927
p5_H11	p21_F9	0.021287022459721815	0.04442025231646607	0.0032215197269070284	0.022125822848816205	616.59237850842	91100.90762149158
p5_H11	p20_F10	0.021285862290197844	0.04446379741437317	0.0032228414791815123	0.022125408425702726	617.4500516860867	91095.04994831391
p5_H11	p23_A3	0.023402475569730248	0.02440585769655544	0.00381653422997477	0.023892710234501527	401.3465855999623	100436.35341440004
p13_F3	p8_H7	0.022686883007345032	0.02585209197763784	0.0031463722280334777	0.023205656717916565	350.4791028877972	97403.6208971122
p13_F3	p3_F12	0.024243366440704316	0.03727319540172958	0.004512855148200109	0.025006820236668927	724.7769216413005	103733.2230783587
p13_F3	p27_F2	0.02672566515419233	0.03335092851782248	0.005847272595921235	0.02744603983340998	840.2675779336658	114315.43242206634
p13_F3	p20_D4	0.024376321868151373	0.026284621420653145	0.0023855027513243923	0.02497075680953469	270.17053580400403	104765.929464196
p13_F3	p23_B2	0.0251949374842652	0.03346090718867008	0.005707234924625306	0.02586988906884474	822.8483393737706	107738.35166062621
p13_F3	p25_D2	0.024349637969100044	0.03670017544225453	0.0045434033076858634	0.025103809273275265	718.4652480838336	104197.53475191616
p13_F3	p6_B9	0.025488924441639412	0.02869932222327866	0.0051153521077421755	0.026092849462138808	632.5625980483129	109202.23740195172
p13_F3	p4_E6	0.02668621939037732	0.017889680012934707	0.004225640387870924	0.02709632430042246	325.72526299022076	114663.97473700978
p13_F3	p22_B5	0.026685987356472526	0.017893746572303974	0.0042264336305436545	0.027096168235569526	325.8604640894748	114662.83953591055
p13_F3	ref	0.024243366440704316	0.03727319540172958	0.004512855148200109	0.025006820236668927	724.7769216413005	103733.2230783587
p13_F3	p8_B3	0.024243366440704316	0.03727319540172958	0.004512855148200109	0.025006820236668927	724.7769216413005	103733.2230783587
p13_F3	p7_G11	0.026593405828459656	0.03365212483737297	0.005857572009299295	0.027316119403061112	849.3495551052257	113738.85044489475
p13_F3	p24_H2	0.01515158194915441	0.08433151188344254	0.0016668694892706375	0.016394074805387827	605.6863965055253	64681.71360349446
p13_F3	p5_D5	0.02558777088508173	0.028056384496848136	0.00527456111598075	0.02617418824948484	637.6382623144996	109615.16173768551
p13_F3	p22_C1	0.026752117019338866	0.03273436287699294	0.005543380661444923	0.02747026922534302	781.870686289692	114489.32931371029
p13_F3	p3_F8	0.025615382919752235	0.030721229343953067	0.005444608406373125	0.02625666685932294	720.7117057820293	109659.08829421797
p13_F3	p22_A8	0.026686451424282116	0.017895547795205302	0.004226695038183221	0.02709667804062427	325.91342261075897	114664.78657738926
p13_F3	p5_C1	0.0246259903497099	0.024782037478680328	0.0027481697283228954	0.025182738147540507	293.4518805396174	105818.34811946038
p13_F3	p26_B7	0.02662380226998769	0.03177286893939026	0.005570995692129628	0.02731431591476208	762.6856760888463	113952.51432391116
p13_F3	p25_C2	0.024243366440704316	0.03727319540172958	0.004512855148200109	0.025006820236668927	724.7769216413005	103733.2230783587
p13_F3	p4_A6	0.02427376288223235	0.03683863906437756	0.004495259382451372	0.02502981256064815	713.5339962242361	103875.46600377574
p13_F3	p21_A8	0.02461369255275581	0.03611226627250074	0.00409203391311832	0.0253836056221024	636.7226575872638	105423.17734241275
p13_F3	p25_B2	0.024424816954253355	0.037127706209276044	0.00463992381211679	0.025187311074697512	742.2758045652355	104497.72419543478
p13_F3	p13_C1	0.02668621939037732	0.01794015294672448	0.004241535193405785	0.027097209374051225	327.8729227769096	114661.82707722308
p13_F3	p23_B8	0.0255571424096489	0.02887940396331249	0.005335649930850111	0.02615946992940392	663.9446713972015	109460.7553286028
p13_F3	p26_D6	0.025588699020700906	0.02813284222631843	0.005074446388031608	0.026184490822392242	615.1182540443998	109649.68174595559
p13_F3	p8_B9	0.025516768510214713	0.027004385302263467	0.005020327132891826	0.026085659164842356	584.1476708965919	109362.65232910341
p13_F3	p4_D2	0.026685987356472526	0.03205090199557725	0.005889942935551701	0.02737600853282148	813.4065765410385	114177.09342345898
p13_F3	p27_D6	0.01234559593847853	0.17277876958016444	0.001252386424230484	0.014663323722918368	932.3630722066864	52264.93692779331
p13_F3	p3_G9	0.02436936085100755	0.028233051020078028	0.004031082454905902	0.024961281720143634	490.3834793048652	104516.61652069516
p13_F3	p12_E2	0.026711511085999885	0.03386855168751238	0.006121009881397592	0.02743348243723965	893.2562057639414	114201.94379423605
p13_F3	p13_D10	0.026616377185034276	0.03270367172317275	0.005802126012729777	0.02732032262708482	817.5983522470899	113868.00164775293
p13_F3	p1_G2	0.026525651928259758	0.03264148244456842	0.005830634949248668	0.027225154439479964	820.0532648486882	113478.64673515133
p13_F3	p8_C7	0.025473378170018202	0.026322367767264508	0.004906245253747526	0.026032084715023503	556.4556324087595	109214.54436759125
p13_F3	p3_A3	0.024287916950424798	0.03689144123313417	0.004503656676028931	0.0250452678671178	715.8915462643766	103933.90845373564
p13_F3	p5_C3	0.02668621939037732	0.01794015294672448	0.004241535193405785	0.027097209374051225	327.8729227769096	114661.82707722308
p13_F3	p20_G9	0.024613924586660604	0.03613466493424409	0.004092885529248649	0.02538430926088171	637.2501794340295	105423.649820566
p13_F3	p4_E5	0.026737266849432038	0.017659121598912256	0.004225466252988504	0.027142935763672965	321.5141348034717	114888.18586519654
p13_F3	p21_F1	0.025516768510214713	0.027004385302263467	0.005020327132891826	0.026085659164842356	584.1476708965919	109362.65232910341
p13_F3	p8_E4	0.026747012273433395	0.028861700438333606	0.005381376996110373	0.027383295361406126	669.2242485512576	114583.77575144875
p13_F3	p22_D1	0.024718803911627566	0.024338946557005747	0.0027387551242054596	0.02526793357386136	287.21777683176464	106224.58222316825
p13_F3	p12_A11	0.024613460518851014	0.036134942028395796	0.004092974910059938	0.025383830463154962	637.2689825420542	105421.63101745797
p13_F3	p12_G7	0.02450904526169364	0.029288761865959724	0.0032377443186075825	0.02515258066596094	408.60144581792343	105203.19855418208
p13_F3	p25_A12	0.026861869056306508	0.029334985038171533	0.005569485251451838	0.027506619642066275	703.9750467885142	115043.72495321147
p13_F3	p26_E7	0.025556446307934515	0.02887379658226503	0.005335065673216327	0.026158650111247895	663.7430679951473	109457.95693200488
p13_F3	p22_D4	0.025791728687395803	0.027537954569262477	0.005078519806500218	0.026379998712779514	602.5945031750141	110536.00549682499
p13_F3	p25_C11	0.024867305610695833	0.028344575390266375	0.00380907057851244	0.02548395794085584	465.20600426779265	106692.8939957322
p13_F3	p21_E3	0.02668621939037732	0.017894647182061574	0.004226564338102189	0.02709642313787545	325.88694310035487	114663.81305689966
p13_F3	p24_B5	0.026486902266159133	0.030852640499765844	0.005501522226188917	0.027155719118613135	731.3605771076614	113398.53942289233
p13_F3	p21_F9	0.02461438865447019	0.03610168378022437	0.004091704017776156	0.02538410654778292	636.4847528199558	105426.41524718006
p13_F3	p20_F10	0.02461322848494622	0.03613367998514191	0.004092863316461006	0.025383565985740857	637.2293510667322	105420.67064893329
p13_F3	p23_A3	0.025668750717854894	0.028228741985045293	0.0053368117260336875	0.02626032033790918	649.1271023538528	109956.37289764616
p8_H7	p3_F12	0.025428363592488134	0.023049134198072835	0.004854762157429255	0.025911561757278344	482.14638017244727	109074.35361982757
p8_H7	p27_F2	0.02735006839199344	0.023745736738363107	0.0054980369427012335	0.027879781447209064	562.5351160752753	117275.86488392473
p8_H7	p20_D4	0.025598212410797464	0.022875605126164617	0.0047490386507207105	0.026085703300153702	468.095678251501	109826.90432174849
p8_H7	p23_B2	0.02591749106379424	0.025138067876589742	0.005190214654406749	0.02645106932166484	562.1776169099884	111107.32238309002
p8_H7	p25_D2	0.025533706985264686	0.02190043215609229	0.0047399112720412475	0.025997128770255933	447.279746254822	109563.22025374518
p8_H7	p6_B9	0.026120288696584344	0.023808506404140117	0.005348823225481664	0.026626840095761932	548.714873609285	111998.18512639073
p8_H7	p4_E6	0.02728950754284216	0.022641749356522547	0.005502657365084736	0.027794078067435904	536.8324822187316	117047.56751778128
p8_H7	p22_B5	0.027289275508937366	0.02264041232073969	0.005502476085128546	0.027793814312564058	536.7830968956757	117046.61690310434
p8_H7	ref	0.025428363592488134	0.023049134198072835	0.004854762157429255	0.025911561757278344	482.14638017244727	109074.35361982757
p8_H7	p8_B3	0.025428363592488134	0.023049134198072835	0.004854762157429255	0.025911561757278344	482.14638017244727	109074.35361982757
p8_H7	p7_G11	0.027056081434619225	0.02316585498058625	0.005533590717697086	0.027566078163581788	552.3466235475573	116025.15337645245
p8_H7	p24_H2	0.022663215549056027	0.028571497632651075	0.0028583173224759925	0.02324543611605011	351.88421281188994	97298.21578718809
p8_H7	p5_D5	0.02626043717508002	0.021554964255598715	0.004927970227321286	0.026729848662093096	457.690310595532	112691.00968940447
p8_H7	p22_C1	0.0273236165268469	0.024278789929381164	0.005699349317136413	0.027861477565525365	596.2228957434261	117134.87710425658
p8_H7	p3_F8	0.026154629714493883	0.02398204487858979	0.005260061622523797	0.02666799666420036	543.5423396489887	112151.35766035099
p8_H7	p22_A8	0.027289739576746953	0.022643093671600868	0.0055028399589530765	0.027794341958118883	536.8821704184555	117048.51782958156
p8_H7	p5_C1	0.02574648207596094	0.024848919194118156	0.0050372766125968025	0.026273639202343924	539.336285610451	110394.76371438954
p8_H7	p26_B7	0.027205511269306672	0.02363158285330948	0.005519394983272379	0.027729107056502424	562.0055732942268	116655.69442670578
p8_H7	p25_C2	0.025428363592488134	0.023049134198072835	0.004854762157429255	0.025911561757278344	482.14638017244727	109074.35361982757
p8_H7	p4_A6	0.02545922410182576	0.02291666365619263	0.004834232342913869	0.02594077946153583	477.3481529397326	109212.15184706028
p8_H7	p21_A8	0.025704019871383606	0.02559827203556815	0.0048727442886224385	0.026250158393039496	537.4531433356156	110211.34685666436
p8_H7	p25_B2	0.02560795783479882	0.03517687950237451	0.00625492858071047	0.0263113763854371	948.0603906593462	109382.43960934065
p8_H7	p13_C1	0.02728950754284216	0.02265002893225681	0.005510094127054201	0.02779409456166276	537.7545763724104	117046.6454236276
p8_H7	p23_B8	0.026050678525146094	0.023480338760433955	0.0050322071095155445	0.026555266611673047	509.1188786328515	111734.68112136718
p8_H7	p26_D6	0.02621913514002666	0.02377396731560347	0.005369333617946283	0.026726862932800233	550.0198795254598	112422.88012047455
p8_H7	p8_B9	0.026273199039843702	0.021754465654469465	0.004887401747221369	0.0267482455011734	458.12373859129747	112745.5762614087
p8_H7	p4_D2	0.027285795000365452	0.022947529858510795	0.005675394271904382	0.027794004528330068	561.1620811671095	117010.6379188329
p8_H7	p27_D6	0.022931214709093293	0.022023803093277387	0.0028620697447782136	0.023383115602461643	271.5994363547391	98534.20056364525
p8_H7	p3_G9	0.02562512834375359	0.03010034062199276	0.00543860427762237	0.026250493410865477	705.367111241168	109703.53288875884
p8_H7	p12_E2	0.027294612288747633	0.025115541063535175	0.005977577927989125	0.027843002480664004	646.8805917312528	116956.81940826874
p8_H7	p13_D10	0.027146574657488952	0.022850217605893203	0.005384983301711729	0.02765463789801942	530.1893958215055	116435.51060417849
p8_H7	p1_G2	0.02717929143806493	0.020770830059635127	0.005284099226166267	0.027643640870223616	472.91289141127623	116636.88710858872
p8_H7	p8_C7	0.026119128527060373	0.018883062485610384	0.004739080072773902	0.026531423562207283	385.58738153277136	112159.91261846724
p8_H7	p3_A3	0.02547268206830382	0.022981809089889997	0.004863660665367412	0.025955224521957903	481.6192261685968	109265.6807738314
p8_H7	p5_C3	0.02728950754284216	0.02265002893225681	0.005510094127054201	0.02779409456166276	537.7545763724104	117046.6454236276
p8_H7	p20_G9	0.0257042519052884	0.025579267101915243	0.004870301650140971	0.026250043748253956	536.7849041078017	110213.01509589217
p8_H7	p4_E5	0.027340787035801672	0.022614299078544634	0.005531192202727257	0.027845268893512527	538.9620888592235	117266.43791114079
p8_H7	p21_F1	0.026273199039843702	0.021754465654469465	0.004887401747221369	0.0267482455011734	458.12373859129747	112745.5762614087
p8_H7	p8_E4	0.027218969235784735	0.021293418268717005	0.004915263861112028	0.02770441507433476	450.9709403416022	116830.92905965837
p8_H7	p22_D1	0.025837903434449843	0.024474168640870517	0.005019100439204508	0.02635967206562469	529.2857126036574	110798.81428739634
p8_H7	p12_A11	0.02570378783747881	0.02563635970356861	0.004877859151658887	0.0262506212656111	538.8178175754648	110208.98218242452
p8_H7	p12_G7	0.02571817393957605	0.029644308544406105	0.005223275749463926	0.02634425170763984	667.1763065991581	110147.12369340086
p8_H7	p25_A12	0.027334290086467435	0.02096464150013544	0.004921677512143378	0.02781436892890438	444.5871744725349	117334.01282552746
p8_H7	p26_E7	0.026049982423431713	0.023476336441000507	0.005031710029187847	0.02655447736088591	508.98181516487773	111731.81818483514
p8_H7	p22_D4	0.026421004637197588	0.02306807648307809	0.0053140972185895695	0.02691913014650484	528.1985614403052	113313.50143855969
p8_H7	p25_C11	0.02596645021770581	0.03202756279140691	0.006061445514947337	0.026625042671522207	836.4816786738335	111047.71832132616
p8_H7	p21_E3	0.02728950754284216	0.022641753070390003	0.005502658041968568	0.027794078136460267	536.8326363099369	117047.56736369008
p8_H7	p24_B5	0.02712754787729583	0.023044341390128984	0.005470006734853414	0.0276374589181106	543.1358849812648	116340.06411501874
p8_H7	p21_F9	0.02570471597309799	0.02566017995391081	0.004885249359039227	0.026251901930920644	540.1355601160178	110211.66443988396
p8_H7	p20_F10	0.02570355580357402	0.025610820461801215	0.004874519595738664	0.026249910668074822	537.9125146037727	110208.8874853962
p8_H7	p23_A3	0.026300811074514208	0.01997803294520912	0.0048772076003722135	0.02673636884369658	419.83660644396326	112900.16339355604
p3_F12	p27_F2	0.021400022971356576	0.032841429438439006	0.002445152465603761	0.022044957427481457	346.0065595700647	91867.79344042994
p3_F12	p20_D4	0.012705016457004698	0.2708674055506217	0.00039952416756108605	0.017275628730915423	466.29004036233994	54274.60995963766
p3_F12	p23_B2	0.019642598176445543	0.05192876677100391	0.0031089549760504845	0.020548875292454256	695.6307597084793	83943.1692402915
p3_F12	p25_D2	0.00011323254553955423	0.9494548595026394	5.0684260564999235e-05	0.0014999999999999998	207.34987249701192	280.6501275029881
p3_F12	p6_B9	0.02011339496927291	0.07878457623525191	0.004003494739283915	0.02149044822845959	1359.0542769276892	85302.74572307231
p3_F12	p4_E6	0.02121555601704521	0.06250936472600829	0.0036903483311186013	0.02238268187740076	993.9597138246112	90413.9402861754
p3_F12	p22_B5	0.021215323983140418	0.06257759417640026	0.003693116779988831	0.02238360999858763	995.7910973433561	90411.10890265665
p3_F12	ref	0.0	1.0	0.0	nan	0.0	nan
p3_F12	p8_B3	0.0	1.0	0.0	nan	0.0	nan
p3_F12	p7_G11	0.021219268559521918	0.06249457484825279	0.0040729549966016755	0.022361065903818766	1096.7515716211815	90328.04842837882
p3_F12	p24_H2	0.024080246605634015	0.025205016168856984	0.0034165862958653653	0.024614787449161877	371.05279816010176	103386.9472018399
p3_F12	p5_D5	0.02020087175138031	0.0747307611510659	0.003963544329842326	0.021512324931003714	1276.2608923126672	85765.33910768734
p3_F12	p22_C1	0.02150675856756189	0.06415696464207873	0.00421079053702558	0.02269072214894328	1164.0289538248169	91497.17104617518
p3_F12	p3_F8	0.020306679211966452	0.051306904682836954	0.003233800788446384	0.021229368155571107	714.9001914268188	86779.89980857317
p3_F12	p22_A8	0.021215788050950004	0.06258226465823516	0.0036933251686757625	0.022384184362086466	995.9216112003863	90412.97838879962
p3_F12	p5_C1	0.013702530213714828	0.20238170417975934	0.0005910707811545051	0.017029315827951388	515.4268943433464	58525.97310565666
p3_F12	p26_B7	0.021014382621588668	0.04209659859475788	0.002361417684668435	0.02183315472237862	428.32769260101065	90114.47230739899
p3_F12	p25_C2	0.0	1.0	0.0	nan	0.0	nan
p3_F12	p4_A6	3.132457714721275e-05	0.9896101460428848	1.9159393461312113e-05	0.0014999999999999998	81.69627059919115	53.30372940080884
p3_F12	p21_A8	0.013468408003777512	0.22729396267805416	0.0006097304187834272	0.017250355839656693	597.1481598965745	57433.95184010343
p3_F12	p25_B2	0.00018910763240724736	0.9165419690117784	8.02170365746649e-05	0.0014999999999999998	316.7928028665866	498.2071971334134
p3_F12	p13_C1	0.02121555601704521	0.06256027165398284	0.003693849788388945	0.022383463279273708	995.7130352723173	90412.1869647277
p3_F12	p23_B8	0.020076965646220225	0.04944703341469943	0.003129342232521634	0.020957755030911088	666.7294496028179	85837.57055039718
p3_F12	p26_D6	0.02021363361614399	0.07868105247598492	0.004063735874861301	0.021592160868038942	1377.6914704970125	85716.10852950298
p3_F12	p8_B9	0.020203192090428253	0.04940027671806938	0.00294533512367795	0.0211000604879264	626.9319948469082	86424.66800515309
p3_F12	p4_D2	0.02126289093362322	0.0664855697311895	0.004263249775696283	0.022472462945759643	1221.306050441336	90391.59394955866
p3_F12	p27_D6	0.02475801764153778	0.03460679599457422	0.004894500918989816	0.025469243713381152	729.837447988796	105944.06255201122
p3_F12	p3_G9	0.01477916753195977	0.1723905094376947	0.0007098812336369454	0.017709712866067602	527.2971020098695	63152.90289799012
p3_F12	p12_E2	0.021405591785071634	0.03888176471541086	0.0031269061946749945	0.022144226451892433	523.8623138309564	91705.13768616904
p3_F12	p13_D10	0.02140187924259493	0.05336795572709238	0.0036697323580192676	0.02240130910757341	843.8617360594324	91371.53826394057
p3_F12	p1_G2	0.021430187378979816	0.0609584044226073	0.004138644041030788	0.022552210023879228	1087.046199229271	91249.45380077073
p3_F12	p8_C7	0.019982295813064203	0.07282823993047291	0.003932428747080338	0.021242213772601864	1234.0052649038362	84862.59473509617
p3_F12	p3_A3	4.872712000677539e-05	0.9935071774790605	4.203117479263982e-05	0.0014999999999999998	179.9280502975103	29.871949702489694
p3_F12	p5_C3	0.02121555601704521	0.06256027165398284	0.003693849788388945	0.022383463279273708	995.7130352723173	90412.1869647277
p3_F12	p20_G9	0.013468640037682306	0.2273464138061006	0.0006133337519767194	0.017250725601577418	600.815749821042	57431.28425017896
p3_F12	p4_E5	0.021265443306575958	0.0622793981871867	0.00369899751666315	0.022430735216525065	992.6240264900763	90630.27597350994
p3_F12	p21_F1	0.020203192090428253	0.04940027671806938	0.00294533512367795	0.0211000604879264	626.9319948469082	86424.66800515309
p3_F12	p8_E4	0.021406055852881224	0.055424585761818725	0.003978202353574855	0.02242826867961105	950.0482492655956	91282.75175073442
p3_F12	p22_D1	0.013796271911251672	0.2003687659689197	0.0006499239209835987	0.017090444132479614	561.1111274863973	58884.28887251361
p3_F12	p12_A11	0.013468175969872717	0.22731100741788254	0.0006100915817609402	0.017250316309692773	597.5466765713616	57432.55332342864
p3_F12	p12_G7	0.014456408370391081	0.18334808709742226	0.0006477512728885102	0.01755429395767956	511.730137055655	61769.86986294434
p3_F12	p25_A12	0.021519752466230366	0.0551594283353004	0.004059481448776047	0.02253863190401109	964.820791373908	91757.6792086261
p3_F12	p26_E7	0.020076269544505844	0.049505573837424	0.003131447277770618	0.02095801092069454	667.9678180699606	85833.33218193003
p3_F12	p22_D4	0.02042176802874436	0.07687481347267455	0.004136086615415917	0.021777051974160723	1370.0298701939637	86619.57012980604
p3_F12	p25_C11	0.014319740400467316	0.19145913138339837	0.000928484236054987	0.017489472199523345	765.9615246655205	60930.53847533448
p3_F12	p21_E3	0.02121555601704521	0.0625799634203576	0.003693223208283959	0.022383897708714785	995.8574966986343	90412.04250330137
p3_F12	p24_B5	0.02133737381706215	0.055725844204653444	0.003708011465951028	0.022377079034625096	890.3362600303128	91045.36373996969
p3_F12	p21_F9	0.013469104105491894	0.22728578697808938	0.0006096447268559399	0.017251106023000767	597.0427600555074	57437.057239944486
p3_F12	p20_F10	0.013467943935967924	0.2272606459535103	0.0006091967245231569	0.01724919465926181	596.5380255318753	57432.561974468124
p3_F12	p23_A3	0.020169779208137895	0.049698173762817814	0.003180582867412648	0.021058354267983023	681.0883966584781	86226.8116033415
p27_F2	p20_D4	0.02168983331844449	0.04063895284929362	0.0028122278614223814	0.022487887278121267	492.4354972458642	92958.06450275413
p27_F2	p23_B2	0.02232931876005722	0.059149085634009	0.0042884804229824935	0.02346351159104376	1092.9688971715325	95119.63110282847
p27_F2	p25_D2	0.021509775008324215	0.032224923450092195	0.002493305519497238	0.02214429891726317	346.19734176464135	92340.60265823535
p27_F2	p6_B9	0.023521276928984862	0.023852898595713497	0.0036402177385376367	0.02400685323554604	374.1320034620559	100973.36799653793
p27_F2	p4_E6	0.015580612639118828	0.11257445750153362	0.0009228874792057529	0.017437785462022206	447.6565597224434	66677.54344027756
p27_F2	p22_B5	0.015580380605214035	0.11257260900722725	0.0009228613882698743	0.017437492847943107	447.6365536323776	66676.56344636763
p27_F2	ref	0.021400022971356576	0.032841429438439006	0.002445152465603761	0.022044957427481457	346.0065595700647	91867.79344042994
p27_F2	p8_B3	0.021400022971356576	0.032841429438439006	0.002445152465603761	0.022044957427481457	346.0065595700647	91867.79344042994
p27_F2	p7_G11	0.016840788776055958	0.0691959783356856	0.001929613451543884	0.01794701903209291	575.3173986510816	71979.18260134892
p27_F2	p24_H2	0.02678506583381964	0.032952681462012	0.006161639127695614	0.027488926663526734	874.8696595497768	114541.23034045023
p27_F2	p5_D5	0.02345700353735688	0.03050666733596602	0.003965141617906131	0.024070624773060847	521.2064786483043	100551.4935213517
p27_F2	p22_C1	0.015640013318746135	0.11579935809638435	0.0008228546234184549	0.017577815874390994	410.56847708089316	66968.73152291912
p27_F2	p3_F8	0.023584390151088878	0.029779970266336168	0.0041219143572279945	0.02418155198086775	528.9072983797134	101090.5927016203
p27_F2	p22_A8	0.015580844673023623	0.11273492642697774	0.000928124067152684	0.017440368528597313	450.8383548160753	66675.36164518392
p27_F2	p5_C1	0.02144086093860035	0.03741904636565296	0.0024495933634931235	0.022177389526520326	394.95084561512414	91982.24915438489
p27_F2	p26_B7	0.015325375343845243	0.1087543747497634	0.0006857222313478433	0.017110771450027984	321.33002041985924	65708.76997958015
p27_F2	p25_C2	0.021400022971356576	0.032841429438439006	0.002445152465603761	0.022044957427481457	346.0065595700647	91867.79344042994
p27_F2	p4_A6	0.021430883480694198	0.03252356122449449	0.002443379089681459	0.02207048216717438	342.4090875238672	92004.39091247614
p27_F2	p21_A8	0.021447125854029792	0.04521104653912677	0.0027080257306352057	0.02233543552215366	527.5379201092393	91887.86207989077
p27_F2	p25_B2	0.02158077738319123	0.03104043925311152	0.0024109942687235756	0.0221962062836151	322.4633581190446	92670.33664188096
p27_F2	p13_C1	0.015580612639118828	0.11244604602457921	0.0009220296553940093	0.017435504762875025	446.73030456957014	66678.46969543042
p27_F2	p23_B8	0.023412220993731605	0.03247188484291974	0.004457568930953518	0.0240483765922052	623.6801213748345	100254.91987862515
p27_F2	p26_D6	0.02362012337242718	0.02294170450254483	0.0035586460502957237	0.024090963743662	351.7764906684532	101421.72350933155
p27_F2	p8_B9	0.023545176421178662	0.03179616268295801	0.004119782149034963	0.02418341151811996	564.4237734631424	100888.27622653687
p27_F2	p4_D2	0.015034172793328561	0.13090515604591654	0.0008873065620380905	0.017162272328811096	500.48006348078115	64268.5199365192
p27_F2	p27_D6	0.027319207882655815	0.029912076874795704	0.006027211047817605	0.027975445995055373	776.8180411944201	116934.9819588056
p27_F2	p3_G9	0.021403503479928487	0.04487343446360283	0.0025415625317196234	0.02229070983942587	491.41277874913686	91736.28722125087
p27_F2	p12_E2	0.015143460762486615	0.12274001037746761	0.0007358264777575026	0.017157781929459597	389.1507779944171	64855.34922200558
p27_F2	p13_D10	0.015784802475337697	0.10717680683254836	0.0009286061318499018	0.017567124169455727	428.8334924243743	67580.66650757563
p27_F2	p1_G2	0.015117472965149668	0.1129914362339439	0.0005997623812188315	0.016965038378721112	291.998813781032	64839.40118621898
p27_F2	p8_C7	0.023307573702669435	0.034026017147420456	0.004297381398525761	0.023976653288064836	630.0446849713123	99795.3553150287
p27_F2	p3_A3	0.021445269582791436	0.032669830629554815	0.0024607265624840475	0.022087691230488208	346.3909814707956	92062.2090185292
p27_F2	p5_C3	0.015580612639118828	0.11244604602457921	0.0009220296553940093	0.017435504762875025	446.73030456957014	66678.46969543042
p27_F2	p20_G9	0.021447357887934584	0.04521929147821585	0.002708545826511398	0.022335823455850362	527.735460812091	91888.66453918791
p27_F2	p4_E5	0.015631660098173544	0.11199729658077029	0.0009481526982356364	0.017481362929962933	457.55379421980666	66887.6462057802
p27_F2	p21_F1	0.023545176421178662	0.03179616268295801	0.004119782149034963	0.02418341151811996	564.4237734631424	100888.27622653687
p27_F2	p8_E4	0.01605048129632702	0.10157473144809916	0.0015092421496912829	0.017692527079927283	660.5427716148853	68490.15722838513
p27_F2	p22_D1	0.02153344246661322	0.038109341900488515	0.0025561859296266247	0.022283593931836383	419.7398714387138	92356.46012856127
p27_F2	p12_A11	0.021446893820124997	0.04520960226266357	0.0027079525552655306	0.022335166224980316	527.5068132999214	91886.89318670008
p27_F2	p12_G7	0.02170862806473282	0.04093547732388978	0.002907636181853163	0.022509959228902192	512.8569666298955	93020.54303337012
p27_F2	p25_A12	0.016167658418248073	0.09986839702614744	0.0015642970657497618	0.017785869028610807	673.1372836410554	68982.26271635895
p27_F2	p26_E7	0.02341152489201722	0.03247368392295821	0.004457878114090388	0.02404768302510614	623.7579376080182	100251.842062392
p27_F2	p22_D4	0.023824777276455635	0.02336331145596339	0.003723333628382862	0.024305196719859326	374.819940570082	102279.48005942993
p27_F2	p25_C11	0.0216696463687274	0.04356482538411068	0.0029934650266463846	0.022521235418591766	561.9096651453333	92811.99033485468
p27_F2	p21_E3	0.015580612639118828	0.1125734115693734	0.0009228649456348913	0.017437768855823828	447.64147048304886	66677.55852951694
p27_F2	p24_B5	0.014700276004329752	0.15421440302303224	0.0008025881969641734	0.017232866512553586	533.3030183781757	62802.09698162183
p27_F2	p21_F9	0.021447821955744174	0.04520193133499994	0.0027089339018918023	0.022335934361238024	527.6084417539514	91890.79155824604
p27_F2	p20_F10	0.021446661786220202	0.04521556068870433	0.0027083706267255277	0.02233502583809556	527.6577870615869	91885.7422129384
p27_F2	p23_A3	0.023427767265352815	0.03228501562663417	0.0039636636458422175	0.024076564017999565	551.3839628985262	100391.81603710148
p20_D4	p23_B2	0.019949579032488226	0.052431353833917775	0.0032725549532757916	0.02087283922381097	739.3232362763422	85221.37676372367
p20_D4	p25_D2	0.012813608324448368	0.267739883260654	0.00046390674721974657	0.017328337801307468	535.1802706585432	54673.71972934145
p20_D4	p6_B9	0.02050530023447026	0.04389918242291868	0.002885937128960451	0.02131532449193	545.8830805550997	87811.6169194449
p20_D4	p4_E6	0.021574976535571378	0.04084124095362094	0.0028558966532369846	0.022373090447153153	502.5713800175235	92464.02861998248
p20_D4	p22_B5	0.021574744501666583	0.04087731226548193	0.002858123042712758	0.02237348760050217	503.4073938889659	92462.19260611103
p20_D4	ref	0.012705016457004698	0.2708674055506217	0.00039952416756108605	0.017275628730915423	466.29004036233994	54274.60995963766
p20_D4	p8_B3	0.012705016457004698	0.2708674055506217	0.00039952416756108605	0.017275628730915423	466.29004036233994	54274.60995963766
p20_D4	p7_G11	0.021388421276116867	0.04034046530827413	0.0029075450769767935	0.022166513791224897	505.3865687806383	91658.11343121936
p20_D4	p24_H2	0.024067484740870337	0.03369005315246881	0.0034025051533005174	0.02478899989044765	493.92024080414996	103212.37975919584
p20_D4	p5_D5	0.020562844642859214	0.07021335282420711	0.003854095659963989	0.021823795096995766	1165.9999660924202	87431.90003390757
p20_D4	p22_C1	0.021764084167978624	0.042726968930431194	0.0030951880420976184	0.02259774387934975	569.8301966558679	93208.86980334413
p20_D4	p3_F8	0.02058047921962357	0.046740175396744854	0.003053879714523938	0.021440896807981547	615.0332581256403	88066.46674187436
p20_D4	p22_A8	0.021575208569476173	0.040879976214578735	0.0028582633456597875	0.02237401977447542	503.4649141087228	92464.13508589128
p20_D4	p5_C1	0.014315099722371433	0.18687292165908348	0.0007137298507349099	0.017444277889418856	574.6938803590198	61117.80611964098
p20_D4	p26_B7	0.02121555601704521	0.04562344849348804	0.0021556423532267366	0.022126780682153808	423.76116382641266	90990.13883617357
p20_D4	p25_C2	0.012705016457004698	0.2708674055506217	0.00039952416756108605	0.017275628730915423	466.29004036233994	54274.60995963766
p20_D4	p4_A6	0.01273518086462794	0.2703673355000875	0.0004184450101821164	0.017298401835466826	487.47118655147193	54383.428813448525
p20_D4	p21_A8	0.013917161575649433	0.2081584908601038	0.0005374172418302435	0.017431875278768064	482.0166747585966	59475.5833252414
p20_D4	p25_B2	0.012886931038363325	0.26803374848723127	0.0005316317035100916	0.017410502218408695	613.9834828148843	54910.91651718511
p20_D4	p13_C1	0.021574976535571378	0.04082896094815304	0.0028562697448972995	0.02237282469247443	502.4859042764243	92464.11409572359
p20_D4	p23_B8	0.020437546334270362	0.0719735905094387	0.004037588004897223	0.021708828861926696	1252.1360119645162	86806.66398803549
p20_D4	p26_D6	0.02060600294915093	0.043103878294977756	0.0029331198409385862	0.02140314319230011	544.7565885858317	88246.74341141417
p20_D4	p8_B9	0.020486041420372345	0.04254876100435864	0.002616482842084819	0.021279344352209947	479.69053072290455	87787.20946927712
p20_D4	p4_D2	0.021550845009472783	0.04919434878029589	0.0033909979147916016	0.022491629777801864	718.7851145944859	92144.41488540551
p20_D4	p27_D6	0.024870090017553366	0.025329662874948457	0.0031945396883023363	0.025433858449767074	348.6535035824058	106813.5464964176
p20_D4	p3_G9	0.015307044665366504	0.16366788569912494	0.0007744170843187245	0.01814901565025692	546.1283648310141	65401.57163516899
p20_D4	p12_E2	0.021774525693694362	0.03818911387636204	0.0032354427424057227	0.022510874950779504	532.389689203485	93290.71031079651
p20_D4	p13_D10	0.02160073229900353	0.03972236052189476	0.0030388246392966272	0.022369053806128077	520.1121796387046	92555.1878203613
p20_D4	p1_G2	0.021613030095957622	0.03783071799516725	0.0028916036593521436	0.022349067935271284	471.3458478350002	92654.654152165
p20_D4	p8_C7	0.020290668872535656	0.07169475359741007	0.00402126340484764	0.02154895208447911	1242.2420732344406	86193.25792676555
p20_D4	p3_A3	0.01275026306843956	0.2707615723511871	0.0004361981338134759	0.017321558633971498	508.8938081369564	54426.806191863056
p20_D4	p5_C3	0.021574976535571378	0.04082896094815304	0.0028562697448972995	0.02237282469247443	502.4859042764243	92464.11409572359
p20_D4	p20_G9	0.013917393609554228	0.20813121880073915	0.0005347883024277996	0.017432277492980378	479.59590113653286	59479.004098863465
p20_D4	p4_E5	0.021624631791197328	0.04068702028592964	0.002872119179595699	0.02242103705089775	503.51762684006604	92677.08237315995
p20_D4	p21_F1	0.020486041420372345	0.04254876100435864	0.002616482842084819	0.021279344352209947	479.69053072290455	87787.20946927712
p20_D4	p8_E4	0.021605140943194618	0.04023909418561042	0.003120149295528847	0.022380597632644522	540.9783773526989	92553.1216226473
p20_D4	p22_D1	0.014408609386003484	0.18587255158838206	0.0007917220995888694	0.017520796821778813	634.080452017661	61461.41954798234
p20_D4	p12_A11	0.01391692954174464	0.20827971661482395	0.0005387030969146495	0.017433830695027335	483.4513601387295	59473.14863986127
p20_D4	p12_G7	0.014652012952132566	0.17733367001121586	0.0006065247561175	0.017680924896412663	463.4427260027917	62673.6572739972
p20_D4	p25_A12	0.021718373488734174	0.039125779303425035	0.003112309681368548	0.022476396595160285	524.6892189508081	93057.1107810492
p20_D4	p26_E7	0.02043685023255598	0.07199678552794607	0.004036039446568624	0.02170864042124835	1252.059146017274	86803.74085398272
p20_D4	p22_D4	0.020812977192227328	0.06881608284167011	0.004099613969826564	0.022048956705839496	1215.5959611319322	88466.70403886808
p20_D4	p25_C11	0.014866644314067172	0.18337908454363305	0.0009248404933281186	0.017997337452109574	730.7569813127225	63326.443018687285
p20_D4	p21_E3	0.021574976535571378	0.04087864422013921	0.002858193193327513	0.022373753686848564	503.4361532000033	92463.1638468
p20_D4	p24_B5	0.021573816366047407	0.039167074558434406	0.003015796604363925	0.022330729622117386	508.9551563496538	92450.04484365035
p20_D4	p21_F9	0.013917857677363817	0.20819545248386986	0.0005366836661334336	0.017433736120899223	481.4441933274751	59479.15580667253
p20_D4	p20_F10	0.013916697507839845	0.20815756438066146	0.0005346285040302144	0.017432002422930026	479.51328447562315	59476.086715524376
p20_D4	p23_A3	0.02050460413275588	0.07141819921231293	0.004102218602334905	0.021766319166475513	1262.362343997359	87088.63765600264
p23_B2	p25_D2	0.019747477501412508	0.04977903214983801	0.0030913819074104413	0.02062073770014352	663.0639940269077	84427.7360059731
p23_B2	p6_B9	0.018326269834548225	0.06396697953566623	0.0023228390958226473	0.01941951384309242	640.2230519086535	78322.37694809136
p23_B2	p4_E6	0.02224694672385529	0.03521903198633735	0.0027125749479106464	0.022960248851772114	411.63803610188154	95446.86196389812
p23_B2	p22_B5	0.022246714689950497	0.03521776419728303	0.0027124944850608593	0.02295998462713484	411.6110083158267	95445.88899168417
p23_B2	ref	0.019642598176445543	0.05192876677100391	0.0031089549760504845	0.020548875292454256	695.6307597084793	83943.1692402915
p23_B2	p8_B3	0.019642598176445543	0.05192876677100391	0.0031089549760504845	0.020548875292454256	695.6307597084793	83943.1692402915
p23_B2	p7_G11	0.022147172144793798	0.05207701922744923	0.004043985136522596	0.023142182070539127	907.4276428409361	94522.17235715907
p23_B2	p24_H2	0.02510305205796671	0.030788566971829412	0.005518808878046573	0.025725169828689193	732.1349947171627	107431.86500528285
p23_B2	p5_D5	0.01851073678885959	0.06880147014830924	0.002496527520046671	0.019694277651595753	740.1000135932464	79020.29998640675
p23_B2	p22_C1	0.022270150114334707	0.03934201306037375	0.002652375626446279	0.023073313542940645	449.6224033171886	95506.97759668282
p23_B2	p3_F8	0.018664575267738123	0.06403842215079435	0.002220807295276298	0.01978932887532983	612.7845884458059	79807.8154115542
p23_B2	p22_A8	0.022247178757760083	0.035220305600175264	0.0027126559886583783	0.022960513178040435	411.6652205489791	95447.83477945102
p23_B2	p5_C1	0.019689004957404378	0.05125745022129694	0.003046204854874553	0.020588360370310567	672.7790210688745	84164.02097893115
p23_B2	p26_B7	0.022134178246125322	0.03474138479289494	0.002514447442452289	0.02284058059008515	376.39688779893555	94996.40311220106
p23_B2	p25_C2	0.019642598176445543	0.05192876677100391	0.0031089549760504845	0.020548875292454256	695.6307597084793	83943.1692402915
p23_B2	p4_A6	0.01967253055016399	0.05166303610745356	0.0031322533645038297	0.020574288983870516	697.2574213969122	84070.54257860307
p23_B2	p21_A8	0.01998438411820735	0.05285641330316507	0.0032268965707112096	0.020918717941745338	734.9183161344214	85370.38168386558
p23_B2	p25_B2	0.019823816656089788	0.0510044196114533	0.0032234548522008977	0.020716733210079386	708.4117205911342	84711.38827940886
p23_B2	p13_C1	0.02224694672385529	0.03529145393139582	0.002724386240424366	0.022961336784750087	414.2805698827986	95444.2194301172
p23_B2	p23_B8	0.018652741538593618	0.05770375307983763	0.0024445704981736556	0.019644294217681508	607.803173228567	79759.09682677143
p23_B2	p26_D6	0.0184267405153241	0.06315772622940781	0.0023682474444451786	0.019508951083563368	644.480675569892	78751.11932443011
p23_B2	p8_B9	0.018431613227324777	0.0716575354732541	0.0025457514777463925	0.019658138258143852	786.0211063736547	78633.37889362636
p23_B2	p4_D2	0.022205412654897134	0.03512284334471563	0.0028379452961022145	0.022910852133430845	429.4869996711358	95251.01300032887
p23_B2	p27_D6	0.025628608852325502	0.028651409525312976	0.00573247344160684	0.026215081549220427	707.6921522330513	109719.20784776696
p23_B2	p3_G9	0.019964429202395054	0.052430847381700216	0.0033513727538706187	0.02088289474473726	757.1221422804497	85262.47785771954
p23_B2	p12_E2	0.022247874859474468	0.035584126992490486	0.0027909577446035214	0.022966682295417165	427.923279097349	95437.47672090266
p23_B2	p13_D10	0.02212628909336232	0.05900510398531648	0.004165552149806807	0.02325390986339993	1059.0549441213689	94284.34505587863
p23_B2	p1_G2	0.022075937736021987	0.0382276661420966	0.002935231106529995	0.02283612202193963	483.4776715045542	94634.82232849546
p23_B2	p8_C7	0.01844739153285078	0.06251026447183784	0.002443715793892743	0.019514262241677932	658.2007428730612	78826.99925712694
p23_B2	p3_A3	0.019687380720070816	0.051801265478440134	0.0031438545541607275	0.020591813740546017	701.7124005290303	84129.88759947095
p23_B2	p5_C3	0.02224694672385529	0.03529145393139582	0.002724386240424366	0.022961336784750087	414.2805698827986	95444.2194301172
p23_B2	p20_G9	0.019985544287731322	0.05293770432412873	0.0032313470317360876	0.02092121303096592	737.0637318840584	85373.23626811593
p23_B2	p4_E5	0.022297298081195623	0.03518160825126773	0.002732200073544645	0.02301094633340291	414.1756124969235	95661.32438750307
p23_B2	p21_F1	0.018431613227324777	0.0716575354732541	0.0025457514777463925	0.019658138258143852	786.0211063736547	78633.37889362636
p23_B2	p8_E4	0.02231702096310313	0.03324932092279165	0.002918535271174029	0.022983811083795325	418.1230041592644	95739.87699584075
p23_B2	p22_D1	0.01978205055322684	0.05085974654144506	0.003093433787293092	0.020676531452492465	677.9089260408246	84559.89107395915
p23_B2	p12_A11	0.019985080219921736	0.052844438552302656	0.003226146455480272	0.02091927121284691	734.5810202511527	85373.71897974885
p23_B2	p12_G7	0.02009947293498526	0.045750677971544126	0.0032716513547894417	0.020906315088611023	644.9423368975923	85959.85766310242
p23_B2	p25_A12	0.022431645712071447	0.03197635690428448	0.0029247353010356985	0.023075584500090902	402.9692302394137	96248.73076976057
p23_B2	p26_E7	0.018652045436879237	0.05779368100743486	0.0024436875707904457	0.01964525102892218	608.5305311363577	79755.36946886365
p23_B2	p22_D4	0.018631858487162145	0.0604044407552127	0.0024347717750042215	0.019672501680663243	633.6996430149724	79644.70035698502
p23_B2	p25_C11	0.0201813809033776	0.08139813371241186	0.00466792526084509	0.021556033496391337	1637.1733910897665	85320.32660891021
p23_B2	p21_E3	0.02224694672385529	0.03521904104540661	0.0027125758477084317	0.022960249009046224	411.63827852970326	95446.8617214703
p23_B2	p24_B5	0.022218870621375196	0.0606062074376391	0.004288268881723639	0.023374854106340257	1119.8386498725652	94613.46135012744
p23_B2	p21_F9	0.019986008355540912	0.05284872120702256	0.0032267942862433127	0.020920295198405534	734.78807316648	85377.51192683351
p23_B2	p20_F10	0.01998484818601694	0.05296541302227825	0.003230349333281471	0.02092105121758557	737.2218342894882	85370.07816571053
p23_B2	p23_A3	0.018699380353457248	0.060233720760325536	0.0025023719127453352	0.01973747034856931	649.4532345374431	79922.24676546255
p25_D2	p6_B9	0.020221522768906992	0.07693983745839915	0.004023393730386309	0.021571007305667043	1333.8289379672733	85793.97106203272
p25_D2	p4_E6	0.021322755681060117	0.06081347018147202	0.0036758774104674705	0.022464031243589897	963.2014807358747	90906.69851926413
p25_D2	p22_B5	0.021322523647155322	0.060883311220826374	0.0036793096605638037	0.022464958853834975	965.2080623954147	90903.69193760457
p25_D2	ref	0.00011323254553955423	0.9494548595026394	5.0684260564999235e-05	0.0014999999999999998	207.34987249701192	280.6501275029881
p25_D2	p8_B3	0.00011323254553955423	0.9494548595026394	5.0684260564999235e-05	0.0014999999999999998	207.34987249701192	280.6501275029881
p25_D2	p7_G11	0.021324147884488883	0.06001756803636696	0.004030992495864623	0.022427152573706585	1042.4295626350477	90834.37043736495
p25_D2	p24_H2	0.024183733727172214	0.02446131998957219	0.0034267423692517997	0.024704477019946824	361.17499819542167	103842.82500180458
p25_D2	p5_D5	0.02030551904244248	0.07394784223657479	0.004020903490376547	0.02160593591653408	1281.1662557110915	86211.43374428891
p25_D2	p22_C1	0.021614422299386385	0.06287271656653613	0.004226052234166104	0.022779284541027442	1144.862742332604	91980.33725766739
p25_D2	p3_F8	0.020410862435219033	0.049428637009870866	0.0032269932034373152	0.021303787969965557	687.2789171559376	87256.52108284406
p25_D2	p22_A8	0.021322987714964912	0.060888002879176756	0.0036795261999987756	0.022465532925461187	965.3392512123504	90905.56074878764
p25_D2	p5_C1	0.013808801742110558	0.20525966336900225	0.0006977440018145196	0.017195039119896713	617.1007299503974	58882.2992700496
p25_D2	p26_B7	0.0211204221160796	0.04082001819644634	0.002349199318052767	0.02191833532487187	413.18961367137894	90586.61038632861
p25_D2	p25_C2	0.00011323254553955423	0.9494548595026394	5.0684260564999235e-05	0.0014999999999999998	207.34987249701192	280.6501275029881
p25_D2	p4_A6	0.000144557122686767	0.9358739851174491	6.686177788923285e-05	0.0014999999999999998	269.6197066055287	353.38029339447127
p25_D2	p21_A8	0.013578392074649948	0.22546902133060057	0.0006860452614635777	0.017330962852301735	666.4936020624401	57838.60639793757
p25_D2	p25_B2	0.00030234017794680156	0.847616453087398	0.00010921364994969301	0.0014999999999999998	398.87115969814795	904.128840301852
p25_D2	p13_C1	0.021322755681060117	0.060865283565131933	0.003680021467993083	0.022464799236268457	965.1089385947814	90904.79106140522
p25_D2	p23_B8	0.020184397344139925	0.047959280652649976	0.0031377459649038226	0.021042338812588605	648.4056287406906	86318.8943712593
p25_D2	p26_D6	0.020321761415778072	0.07683753798465083	0.004082367183046805	0.02167275911044884	1351.5802626097518	86208.21973739025
p25_D2	p8_B9	0.020307375313680834	0.048239075169857495	0.0029791276114225925	0.02118568486219263	619.2192025633881	86881.3807974366
p25_D2	p4_D2	0.02136869839420936	0.06481981125073571	0.004253221991726292	0.02255388872676591	1187.9061996691173	90880.99380033089
p25_D2	p27_D6	0.024862200864790362	0.03355001843483571	0.004846473129141843	0.02555623606223768	700.607703667447	106422.29229633254
p25_D2	p3_G9	0.014887063297689058	0.17092896567112004	0.0007793470076961853	0.01779559087198197	573.9880792806175	63571.21192071938
p25_D2	p12_E2	0.0215144156864201	0.037666823002548894	0.0030991233669776757	0.02223441202176489	502.9840250618272	92195.01597493817
p25_D2	p13_D10	0.02151000704222901	0.05285356252798945	0.00372081885985494	0.022502471143489418	847.3622838219906	91834.03771617802
p25_D2	p1_G2	0.02153947534813787	0.059605370075935006	0.004133960719310292	0.022642253223123725	1061.715286856908	91745.78471314309
p25_D2	p8_C7	0.02008787123974555	0.07199359121395879	0.004008155694398074	0.021334560550288928	1243.3538885116457	85308.24611148833
p25_D2	p3_A3	0.00016195966554632962	0.9384879440017464	8.896821449361588e-05	0.0014999999999999998	359.7658270679401	338.0341729320599
p25_D2	p5_C3	0.021322755681060117	0.060865283565131933	0.003680021467993083	0.022464799236268457	965.1089385947814	90904.79106140522
p25_D2	p20_G9	0.013578624108554743	0.22561280758678673	0.0006905100316922311	0.017333052355114873	671.2589333236479	57834.84106667636
p25_D2	p4_E5	0.021372642970590862	0.060649231547934425	0.0036857869399596916	0.022513226005432277	963.1897791801726	91121.71022081983
p25_D2	p21_F1	0.020307375313680834	0.048239075169857495	0.0029791276114225925	0.02118568486219263	619.2192025633881	86881.3807974366
p25_D2	p8_E4	0.02151371958470572	0.05389224219335374	0.003972364179790341	0.022512539616003684	922.4262341567212	91774.37376584327
p25_D2	p22_D1	0.013902543439647402	0.2030899791430499	0.0007518643593012074	0.017253987281756502	657.9370291402347	59245.462970859764
p25_D2	p12_A11	0.013578160040745154	0.22548616802812857	0.0006864015081958539	0.01733092798330299	666.890408593932	57837.20959140607
p25_D2	p12_G7	0.014563608034405987	0.18582739220574632	0.0007712487927317522	0.01770928527389002	617.5335616859155	62126.06643831409
p25_D2	p25_A12	0.02162741619805486	0.05337061803171781	0.004027304462639265	0.022619284593681045	926.1323007516188	92260.3676992484
p25_D2	p26_E7	0.020183701242425543	0.0480175052052537	0.0031398977376658524	0.021042593979688627	649.6380171305062	86314.6619828695
p25_D2	p22_D4	0.02052989582837844	0.07522332748142402	0.004155862083616627	0.021860887758360387	1347.00746669462	87108.59253330536
p25_D2	p25_C11	0.014429260403530163	0.18830673911745544	0.0009728263966583092	0.017549823325526518	789.3280658181176	61379.17193418188
p25_D2	p21_E3	0.021322755681060117	0.06088568998565348	0.003679420143576336	0.02246524640454401	965.274758512518	90904.62524148749
p25_D2	p24_B5	0.021446197718410612	0.05549412769566425	0.003769771958540737	0.022484112498267407	901.4018495551811	91503.29815044483
p25_D2	p21_F9	0.01357908817636433	0.22545879609161534	0.0006859419581843221	0.017331672100442157	666.3630212512509	57841.73697874875
p25_D2	p20_F10	0.01357792800684036	0.22550409422596876	0.0006860984249919308	0.017331101820760753	666.6489351081007	57836.4510648919
p25_D2	p23_A3	0.020276282770438418	0.0474542092574405	0.0031486120131153485	0.021129664484031994	643.7988924271266	86723.10110757287
p6_B9	p4_E6	0.023502946250506123	0.024409269770382783	0.004138422129882734	0.02398854196912035	435.25714701301786	100838.84285298699
p6_B9	p22_B5	0.023502714216601328	0.024440454145388545	0.004142267333659805	0.023988842260247657	436.2181500273604	100836.88184997265
p6_B9	ref	0.02011339496927291	0.07878457623525191	0.004003494739283915	0.02149044822845959	1359.0542769276892	85302.74572307231
p6_B9	p8_B3	0.02011339496927291	0.07878457623525191	0.004003494739283915	0.02149044822845959	1359.0542769276892	85302.74572307231
p6_B9	p7_G11	0.023486239809360945	0.023520928500504006	0.004077422485226516	0.023954578934264652	413.234441699973	100787.76555830003
p6_B9	p24_H2	0.025240184095700065	0.03276665065146084	0.005359974092238287	0.025915601828238502	756.7476438069025	108006.2523561931
p6_B9	p5_D5	0.013710883434287419	0.17364558223550122	0.0008303131065659164	0.016415666852701235	621.2436579427285	58449.55634205728
p6_B9	p22_C1	0.023603880999091588	0.024671974739008267	0.0038724773302351075	0.024103197924749045	411.6699169697005	101293.53008303032
p6_B9	p3_F8	0.009769555527453672	0.4074526129072435	0.00034675040820882763	0.016252448331001933	608.7660497274543	41495.23395027255
p6_B9	p22_A8	0.023503178284410918	0.024443555885700678	0.004142577235738846	0.023989373393195484	436.30615014215886	100838.79384985786
p6_B9	p5_C1	0.020330578704160253	0.06912569901421813	0.003885216929322848	0.02155279102132327	1157.2072464209984	86447.19275357899
p6_B9	p26_B7	0.023488560148408884	0.026802354221259032	0.0037715686591835843	0.024030644090811584	435.56331733364544	100768.03668266637
p6_B9	p25_C2	0.02011339496927291	0.07878457623525191	0.004003494739283915	0.02149044822845959	1359.0542769276892	85302.74572307231
p6_B9	p4_A6	0.02014355937689615	0.07871648425837864	0.00403690551178654	0.021519049753385307	1369.2117243164664	85422.58827568353
p6_B9	p21_A8	0.020556115659620185	0.044394847849421916	0.0028102622750646087	0.021382121100066053	537.5709125712358	88041.12908742878
p6_B9	p25_B2	0.02029600565234592	0.07734567932984648	0.004077559673887675	0.02165492904454119	1358.9163371170334	86089.88366288297
p6_B9	p13_C1	0.023502946250506123	0.02444005468756504	0.004146129856000163	0.023988975265966443	436.6177722519948	100837.48222774801
p6_B9	p23_B8	0.01378838275848867	0.157936945617609	0.0007696472464741605	0.016230423156750384	523.7593523086055	58888.5406476914
p6_B9	p26_D6	0.00010464729106217	0.9493691260726316	4.463725276117425e-05	0.0014999999999999998	182.595007090753	268.40499290924697
p6_B9	p8_B9	0.013848015472020771	0.17054393283731104	0.0008094705969458255	0.016527035522736693	594.8311288452699	59066.96887115472
p6_B9	p4_D2	0.023477422520978765	0.02647338357263965	0.004275388085276128	0.024000585780708635	487.68717052524573	100676.01282947476
p6_B9	p27_D6	0.025766436991773237	0.028926104964218238	0.005218928306766021	0.026379523030806595	650.4705291680675	110376.22947083194
p6_B9	p3_G9	0.020595793457339986	0.04095629299802232	0.0030017698917744417	0.021348760404167024	529.7297629920314	88220.07023700798
p6_B9	p12_E2	0.023479974893931502	0.02826902355885593	0.003938620533142274	0.02404795509962353	479.7459139738474	100688.65408602614
p6_B9	p13_D10	0.02344377760478361	0.026083197096088744	0.0037758222241815118	0.023970246092320655	424.35438820881325	100589.04561179118
p6_B9	p1_G2	0.02355515387908481	0.02396637801872651	0.004081098260300992	0.024032873799926104	421.44003810715884	101071.05996189284
p6_B9	p8_C7	0.01413898598863266	0.15795086922919147	0.0010739732930370271	0.016590960627227785	730.9233533392273	60195.676646660766
p6_B9	p3_A3	0.020159801750231743	0.0785816161009335	0.004020934745500899	0.021535433873969282	1361.4582169575156	85500.14178304249
p6_B9	p5_C3	0.023502946250506123	0.02444005468756504	0.004146129856000163	0.023988975265966443	436.6177722519948	100837.48222774801
p6_B9	p20_G9	0.020556347693524976	0.04437902937751587	0.0028096927114808455	0.021382082990218574	537.2704567851674	88042.42954321484
p6_B9	p4_E5	0.023553529641751253	0.024116622603086987	0.004136024465769213	0.024034493028637312	429.7896198896287	101062.31038011039
p6_B9	p21_F1	0.013848015472020771	0.17054393283731104	0.0008094705969458255	0.016527035522736693	594.8311288452699	59066.96887115472
p6_B9	p8_E4	0.023472549808978088	0.02690759457755896	0.00400754876763583	0.024010902740451524	464.63297398207226	100674.36702601794
p6_B9	p22_D1	0.020422232096553947	0.0688559299336724	0.00393903474684038	0.021642144556544816	1168.658160224097	86830.74183977592
p6_B9	p12_A11	0.02055588362571539	0.04439397457341142	0.0028102353915207467	0.02138186251225532	537.5551957837786	88040.14480421622
p6_B9	p12_G7	0.02073130125773978	0.06614597015058572	0.004180212547696537	0.02190645965615832	1191.4013590198147	88146.9986409802
p6_B9	p25_A12	0.023586942524041612	0.026458482675269856	0.004006968571608331	0.024119145673062118	456.811687803758	101174.88831219626
p6_B9	p26_E7	0.013787686656774288	0.15797910855711797	0.0007700001898922861	0.016230304233973116	524.1394241319525	58885.160575868045
p6_B9	p22_D4	0.0003236872971878651	0.8456946720479266	0.0001470210833379542	0.0014999999999999998	535.7344190201219	858.0655809798783
p6_B9	p25_C11	0.02074058261393155	0.04219507075543834	0.0030923007220658417	0.02151890143493526	562.2115680483724	88808.28843195163
p6_B9	p21_E3	0.023502946250506123	0.02444200624926851	0.004142422479079397	0.023989107846774445	436.2621915411693	100837.83780845883
p6_B9	p24_B5	0.02345491523221373	0.023443305630230813	0.0036078328249574544	0.023931261761129356	364.4362684291922	100697.6637315708
p6_B9	p21_F9	0.020556811761334566	0.044395510553818754	0.002810218419473615	0.021382864612876563	537.5705479683924	88044.12945203162
p6_B9	p20_F10	0.020555651591810595	0.044392586053308036	0.002810175695666852	0.021381595435839663	537.5269640019382	88039.17303599804
p6_B9	p23_A3	0.014212076668642822	0.15739450237669952	0.0008825763887024198	0.016700887725515798	598.5469189990216	60634.55308100098
p4_E6	p22_B5	2.3203390479416853e-07	1.0	2.3203390479416853e-07	nan	1.0	nan
p4_E6	ref	0.02121555601704521	0.06250936472600829	0.0036903483311186013	0.02238268187740076	993.9597138246112	90413.9402861754
p4_E6	p8_B3	0.02121555601704521	0.06250936472600829	0.0036903483311186013	0.02238268187740076	993.9597138246112	90413.9402861754
p4_E6	p7_G11	0.016807143859860804	0.06899788441771204	0.0017276201023101643	0.01792577527459992	513.6181469515288	71909.28185304848
p4_E6	p24_H2	0.026741443459718333	0.029295727794860043	0.005862656464918321	0.02737361111817468	740.0397951233704	114492.06020487663
p4_E6	p5_D5	0.023428927434876783	0.02954905636452512	0.004322276949996585	0.024011356475970122	550.3165114456314	100402.98348855437
p4_E6	p22_C1	0.01620756824987267	0.10847400286462147	0.0014448550663145251	0.01800371095062593	675.3148312610688	69159.58516873894
p4_E6	p3_F8	0.02350828303031639	0.025714524075743518	0.004168174741338756	0.02401982878802488	461.82851501535924	100835.27148498464
p4_E6	p22_A8	6.961017143825055e-07	1.0	6.961017143825055e-07	nan	3.0	nan
p4_E6	p5_C1	0.02149933348260848	0.03804542192928783	0.0026276475019321207	0.022246572746971716	430.75055456697436	92209.14944543304
p4_E6	p26_B7	0.015773200780097987	0.09421999365365062	0.0010134165888746414	0.01730830359312808	411.4219097810099	67551.27809021898
p4_E6	p25_C2	0.02121555601704521	0.06250936472600829	0.0036903483311186013	0.02238268187740076	993.9597138246112	90413.9402861754
p4_E6	p4_A6	0.021246184492478042	0.06239869495926987	0.0036971793667866064	0.02241269469363846	994.0365730008	90545.86342699917
p4_E6	p21_A8	0.021288182629245787	0.04793264783875358	0.003252138484979779	0.022195413120404753	671.6712932673573	91051.52870673264
p4_E6	p25_B2	0.021396774496689457	0.06046384563956641	0.0037683634358934817	0.02252988679714947	981.7589816939877	91207.141018306
p4_E6	p13_C1	4.6406780958833706e-07	1.0	4.6406780958833706e-07	nan	2.0	nan
p4_E6	p23_B8	0.023392730145728895	0.03041800751034098	0.004588333662081459	0.02398228518483441	601.3704596270994	100191.6295403729
p4_E6	p26_D6	0.02360063252442447	0.023911128469212124	0.0041480972092079035	0.02407827510117436	427.37128070064193	101267.72871929937
p4_E6	p8_B9	0.023449578452403464	0.025631882536810577	0.004046179743140512	0.02396066387626943	446.8708353600112	100595.42916464
p4_E6	p4_D2	0.015399858227284171	0.10779329900207324	0.0008683792427531635	0.017155940623794056	403.3272205311077	65953.27277946888
p4_E6	p27_D6	0.027314799238464724	0.029710764739617927	0.006358920078942192	0.027957290818064667	814.0545971234601	116883.34540287654
p4_E6	p3_G9	0.021330644833823117	0.044532718201404496	0.0029222038743450677	0.022187906773177234	560.7200075506604	91345.77999244936
p4_E6	p12_E2	0.015887129427351925	0.09750524709859029	0.0010494201055048164	0.017490045989620364	440.8935077060838	68013.00649229392
p4_E6	p13_D10	0.015708927388470004	0.09887212387282386	0.0012210374455424936	0.017297894024610513	520.1866257238531	67163.91337427615
p4_E6	p1_G2	0.015478749754914188	0.10871735216887926	0.0009112411092147159	0.01725535103580035	426.86299444051775	66266.73700555948
p4_E6	p8_C7	0.02328344217657084	0.030196380323139416	0.004066051053382768	0.02388348246419683	529.0345675027522	99801.66543249725
p4_E6	p3_A3	0.02126057059457528	0.06258433440831299	0.0037221118805165513	0.02243003672686002	1003.7172708050222	90597.98272919498
p4_E6	p5_C3	4.6406780958833706e-07	1.0	4.6406780958833706e-07	nan	2.0	nan
p4_E6	p20_G9	0.021288414663150578	0.04793326235128827	0.003252143602833294	0.022195668857458963	671.6809613324544	91052.51903866755
p4_E6	p4_E5	5.38318659122471e-05	0.9783524073094796	2.7966533652596142e-05	0.0014999999999999998	117.89361765401517	114.10638234598483
p4_E6	p21_F1	0.023449578452403464	0.025631882536810577	0.004046179743140512	0.02396066387626943	446.8708353600112	100595.42916464
p4_E6	p8_E4	0.016216849606064437	0.07903293933896532	0.001239962774650599	0.017501876487214085	422.253363375818	69452.04663662419
p4_E6	p22_D1	0.021592611112335736	0.03823746456758266	0.002686492628095808	0.022345157393437485	442.62004378167285	92599.27995621834
p4_E6	p12_A11	0.02128795059534099	0.047931613256654244	0.0032521049650722183	0.022195150455567123	671.6498730699243	91050.55012693009
p4_E6	p12_G7	0.021523000940897485	0.04235533059005193	0.002810410615271993	0.022351407491942477	512.901759687829	92228.59824031217
p4_E6	p25_A12	0.016334722829699874	0.07969334928596564	0.0013579204097604906	0.017631363457938174	466.2863813101675	69915.71361868986
p4_E6	p26_E7	0.02339203404401451	0.030420920065944313	0.004588783048963125	0.023981611248742353	601.4869460501358	100188.51305394986
p4_E6	p22_D4	0.02380203795378581	0.024104243667680478	0.0042103141395022125	0.024286820764080123	437.2847637788168	102124.61523622117
p4_E6	p25_C11	0.021666629927965073	0.040336721431589874	0.003423887950704985	0.02243390150995008	595.0815363138546	92764.11846368616
p4_E6	p21_E3	4.6406780958833706e-07	1.0	4.6406780958833706e-07	nan	2.0	nan
p4_E6	p24_B5	0.015568778909974325	0.1088045517633899	0.0011193377494724615	0.0173339924389806	524.7646246142372	66562.23537538575
p4_E6	p21_F9	0.021288878730960168	0.047855602981550685	0.0032502501897425902	0.022194706434687395	670.2023110929392	91055.99768890705
p4_E6	p20_F10	0.021287718561436197	0.04793031080065453	0.003252050568013203	0.022194883512509495	671.6203879878532	91049.57961201215
p4_E6	p23_A3	0.02342475082459049	0.02799837784815746	0.0038797223685468536	0.02398837160921492	468.0474193370704	100467.15258066292
p22_B5	ref	0.021215323983140418	0.06257759417640026	0.003693116779988831	0.02238360999858763	995.7910973433561	90411.10890265665
p22_B5	p8_B3	0.021215323983140418	0.06257759417640026	0.003693116779988831	0.02238360999858763	995.7910973433561	90411.10890265665
p22_B5	p7_G11	0.01680691182595601	0.06899560091555273	0.001727567746313636	0.017925490142362374	513.5855838087742	71908.31441619124
p22_B5	p24_H2	0.02674121142581354	0.029338307665843576	0.005867699315917507	0.027374163217619176	741.7528872673302	114489.34711273266
p22_B5	p5_D5	0.02342869540097199	0.029589286138344405	0.0043256236510493765	0.02401183150941294	551.4924291523188	100400.8075708477
p22_B5	p22_C1	0.01620733621596788	0.10847396999313484	0.0014448734939406299	0.018003447776694173	675.3232395534698	69158.57676044652
p22_B5	p3_F8	0.023508050996411595	0.02571486724217999	0.004168279689320174	0.024019594801614755	461.84630648610164	100834.2536935139
p22_B5	p22_A8	4.6406780958833706e-07	1.0	4.6406780958833706e-07	nan	2.0	nan
p22_B5	p5_C1	0.021499101448703685	0.0380442519016621	0.002627581932959266	0.02224631021583022	430.72655910671955	92208.17344089328
p22_B5	p26_B7	0.015772968746193192	0.09421807441595852	0.00101338482052083	0.017308016146691512	411.40063232148776	67550.29936767851
p22_B5	p25_C2	0.021215323983140418	0.06257759417640026	0.003693116779988831	0.02238360999858763	995.7910973433561	90411.10890265665
p22_B5	p4_A6	0.021245952458573247	0.0624673965669223	0.0036999744299817568	0.022413632370352984	995.8833353981589	90543.01666460185
p22_B5	p21_A8	0.02128795059534099	0.047943992841481334	0.0032529071447836505	0.02219535637553267	671.9890592534954	91050.21094074653
p22_B5	p25_B2	0.021396542462784662	0.06053419695089273	0.0037712947887247523	0.02253085582390888	983.665868705525	91204.23413129448
p22_B5	p13_C1	2.3203390479416853e-07	1.0	2.3203390479416853e-07	nan	1.0	nan
p22_B5	p23_B8	0.0233924981118241	0.030415724128651882	0.004588138943355232	0.023982006256567875	601.2997977711855	100190.70020222884
p22_B5	p26_D6	0.023600400490519674	0.023928811353713025	0.00415041388521745	0.024078341596889718	427.9261922104708	101266.17380778953
p22_B5	p8_B9	0.023449346418498673	0.025656619252483505	0.004048498678055659	0.023960870209813592	447.5584561906626	100593.74154380936
p22_B5	p4_D2	0.015399626193379376	0.10779151150789151	0.0008683530565392543	0.01715565103402712	403.3083700721987	65952.2916299278
p22_B5	p27_D6	0.02731456720455993	0.02972856781016033	0.006361078272929805	0.02795738179685677	814.8188417365708	116881.58115826342
p22_B5	p3_G9	0.021330412799918323	0.04456837072576941	0.0029241777876060897	0.02218829069773464	561.5479781255939	91343.95202187441
p22_B5	p12_E2	0.01588689739344713	0.09750309414719746	0.0010493837130352696	0.01748975354466359	440.868483363962	68012.03151663605
p22_B5	p13_D10	0.01570869535456521	0.09891583425806105	0.0012218462135931607	0.01729832754954	520.7612989267315	67162.33870107325
p22_B5	p1_G2	0.015478517721009393	0.10871554956550124	0.0009112148423286881	0.01725506079231266	426.84361248755386	66265.75638751245
p22_B5	p8_C7	0.023283210142666048	0.030195830938949696	0.004066035378594898	0.02388323241655154	529.0229029890893	99800.6770970109
p22_B5	p3_A3	0.021260338560670486	0.06265205932233427	0.003724828704152657	0.02243095921763424	1005.53685249651	90595.16314750351
p22_B5	p5_C3	2.3203390479416853e-07	1.0	2.3203390479416853e-07	nan	1.0	nan
p22_B5	p20_G9	0.021288182629245787	0.047944607358772276	0.003252912247308181	0.022195612115907176	671.9987265039824	91051.20127349603
p22_B5	p4_E5	5.359983200745293e-05	0.9783243851912801	2.7703313996076473e-05	0.0014999999999999998	116.78066370495192	114.21933629504811
p22_B5	p21_F1	0.023449346418498673	0.025656619252483505	0.004048498678055659	0.023960870209813592	447.5584561906626	100593.74154380936
p22_B5	p8_E4	0.016216617572159645	0.07903093644825807	0.0012399252433166533	0.01750159234316586	422.22988193946753	69451.07011806054
p22_B5	p22_D1	0.02159237907843094	0.03823629990534364	0.0026864279957897275	0.022344894847052255	442.5959138262332	92598.30408617377
p22_B5	p12_A11	0.021287718561436197	0.047942957748514085	0.003252873612939174	0.022195093699298278	671.9676243647568	91049.23237563526
p22_B5	p12_G7	0.02152276890699269	0.042353984652097276	0.002810341379292844	0.022351140742304	512.8728258462912	92227.62717415372
p22_B5	p25_A12	0.016334490795795083	0.07969117116494559	0.001357878807858238	0.017631076365829088	466.25935212460234	69914.74064787538
p22_B5	p26_E7	0.02339180201010972	0.030418634623093722	0.00458858813850654	0.023981332287657857	601.416211447682	100187.58378855234
p22_B5	p22_D4	0.023801805919881014	0.024111258663944105	0.0042113117152193045	0.024286702616015784	437.5156643741536	102123.38433562584
p22_B5	p25_C11	0.02166639789406028	0.040335017193365894	0.003423800901275842	0.02243362957168537	595.0412651447103	92763.1587348553
p22_B5	p21_E3	2.3203390479416853e-07	1.0	2.3203390479416853e-07	nan	1.0	nan
p22_B5	p24_B5	0.015568546876069532	0.10882129117660858	0.001119695681987712	0.017333992876544888	525.0131895293187	66560.98681047068
p22_B5	p21_F9	0.021288646697055373	0.047866935913209764	0.0032510194475660077	0.022194649500454515	670.5196838497685	91054.68031615023
p22_B5	p20_F10	0.021287486527531402	0.04794165434156904	0.0032528191724449096	0.022194826738104533	671.9381100093534	91048.26188999064
p22_B5	p23_A3	0.023424518790685696	0.02799959618514957	0.003879904756191663	0.02398815279156119	468.08979030830324	100466.1102096917
ref	p8_B3	0.0	1.0	0.0	nan	0.0	nan
ref	p7_G11	0.021219268559521918	0.06249457484825279	0.0040729549966016755	0.022361065903818766	1096.7515716211815	90328.04842837882
ref	p24_H2	0.024080246605634015	0.025205016168856984	0.0034165862958653653	0.024614787449161877	371.05279816010176	103386.9472018399
ref	p5_D5	0.02020087175138031	0.0747307611510659	0.003963544329842326	0.021512324931003714	1276.2608923126672	85765.33910768734
ref	p22_C1	0.02150675856756189	0.06415696464207873	0.00421079053702558	0.02269072214894328	1164.0289538248169	91497.17104617518
ref	p3_F8	0.020306679211966452	0.051306904682836954	0.003233800788446384	0.021229368155571107	714.9001914268188	86779.89980857317
ref	p22_A8	0.021215788050950004	0.06258226465823516	0.0036933251686757625	0.022384184362086466	995.9216112003863	90412.97838879962
ref	p5_C1	0.013702530213714828	0.20238170417975934	0.0005910707811545051	0.017029315827951388	515.4268943433464	58525.97310565666
ref	p26_B7	0.021014382621588668	0.04209659859475788	0.002361417684668435	0.02183315472237862	428.32769260101065	90114.47230739899
ref	p25_C2	0.0	1.0	0.0	nan	0.0	nan
ref	p4_A6	3.132457714721275e-05	0.9896101460428848	1.9159393461312113e-05	0.0014999999999999998	81.69627059919115	53.30372940080884
ref	p21_A8	0.013468408003777512	0.22729396267805416	0.0006097304187834272	0.017250355839656693	597.1481598965745	57433.95184010343
ref	p25_B2	0.00018910763240724736	0.9165419690117784	8.02170365746649e-05	0.0014999999999999998	316.7928028665866	498.2071971334134
ref	p13_C1	0.02121555601704521	0.06256027165398284	0.003693849788388945	0.022383463279273708	995.7130352723173	90412.1869647277
ref	p23_B8	0.020076965646220225	0.04944703341469943	0.003129342232521634	0.020957755030911088	666.7294496028179	85837.57055039718
ref	p26_D6	0.02021363361614399	0.07868105247598492	0.004063735874861301	0.021592160868038942	1377.6914704970125	85716.10852950298
ref	p8_B9	0.020203192090428253	0.04940027671806938	0.00294533512367795	0.0211000604879264	626.9319948469082	86424.66800515309
ref	p4_D2	0.02126289093362322	0.0664855697311895	0.004263249775696283	0.022472462945759643	1221.306050441336	90391.59394955866
ref	p27_D6	0.02475801764153778	0.03460679599457422	0.004894500918989816	0.025469243713381152	729.837447988796	105944.06255201122
ref	p3_G9	0.01477916753195977	0.1723905094376947	0.0007098812336369454	0.017709712866067602	527.2971020098695	63152.90289799012
ref	p12_E2	0.021405591785071634	0.03888176471541086	0.0031269061946749945	0.022144226451892433	523.8623138309564	91705.13768616904
ref	p13_D10	0.02140187924259493	0.05336795572709238	0.0036697323580192676	0.02240130910757341	843.8617360594324	91371.53826394057
ref	p1_G2	0.021430187378979816	0.0609584044226073	0.004138644041030788	0.022552210023879228	1087.046199229271	91249.45380077073
ref	p8_C7	0.019982295813064203	0.07282823993047291	0.003932428747080338	0.021242213772601864	1234.0052649038362	84862.59473509617
ref	p3_A3	4.872712000677539e-05	0.9935071774790605	4.203117479263982e-05	0.0014999999999999998	179.9280502975103	29.871949702489694
ref	p5_C3	0.02121555601704521	0.06256027165398284	0.003693849788388945	0.022383463279273708	995.7130352723173	90412.1869647277
ref	p20_G9	0.013468640037682306	0.2273464138061006	0.0006133337519767194	0.017250725601577418	600.815749821042	57431.28425017896
ref	p4_E5	0.021265443306575958	0.0622793981871867	0.00369899751666315	0.022430735216525065	992.6240264900763	90630.27597350994
ref	p21_F1	0.020203192090428253	0.04940027671806938	0.00294533512367795	0.0211000604879264	626.9319948469082	86424.66800515309
ref	p8_E4	0.021406055852881224	0.055424585761818725	0.003978202353574855	0.02242826867961105	950.0482492655956	91282.75175073442
ref	p22_D1	0.013796271911251672	0.2003687659689197	0.0006499239209835987	0.017090444132479614	561.1111274863973	58884.28887251361
ref	p12_A11	0.013468175969872717	0.22731100741788254	0.0006100915817609402	0.017250316309692773	597.5466765713616	57432.55332342864
ref	p12_G7	0.014456408370391081	0.18334808709742226	0.0006477512728885102	0.01755429395767956	511.730137055655	61769.86986294434
ref	p25_A12	0.021519752466230366	0.0551594283353004	0.004059481448776047	0.02253863190401109	964.820791373908	91757.6792086261
ref	p26_E7	0.020076269544505844	0.049505573837424	0.003131447277770618	0.02095801092069454	667.9678180699606	85833.33218193003
ref	p22_D4	0.02042176802874436	0.07687481347267455	0.004136086615415917	0.021777051974160723	1370.0298701939637	86619.57012980604
ref	p25_C11	0.014319740400467316	0.19145913138339837	0.000928484236054987	0.017489472199523345	765.9615246655205	60930.53847533448
ref	p21_E3	0.02121555601704521	0.0625799634203576	0.003693223208283959	0.022383897708714785	995.8574966986343	90412.04250330137
ref	p24_B5	0.02133737381706215	0.055725844204653444	0.003708011465951028	0.022377079034625096	890.3362600303128	91045.36373996969
ref	p21_F9	0.013469104105491894	0.22728578697808938	0.0006096447268559399	0.017251106023000767	597.0427600555074	57437.057239944486
ref	p20_F10	0.013467943935967924	0.2272606459535103	0.0006091967245231569	0.01724919465926181	596.5380255318753	57432.561974468124
ref	p23_A3	0.020169779208137895	0.049698173762817814	0.003180582867412648	0.021058354267983023	681.0883966584781	86226.8116033415
p8_B3	p7_G11	0.021219268559521918	0.06249457484825279	0.0040729549966016755	0.022361065903818766	1096.7515716211815	90328.04842837882
p8_B3	p24_H2	0.024080246605634015	0.025205016168856984	0.0034165862958653653	0.024614787449161877	371.05279816010176	103386.9472018399
p8_B3	p5_D5	0.02020087175138031	0.0747307611510659	0.003963544329842326	0.021512324931003714	1276.2608923126672	85765.33910768734
p8_B3	p22_C1	0.02150675856756189	0.06415696464207873	0.00421079053702558	0.02269072214894328	1164.0289538248169	91497.17104617518
p8_B3	p3_F8	0.020306679211966452	0.051306904682836954	0.003233800788446384	0.021229368155571107	714.9001914268188	86779.89980857317
p8_B3	p22_A8	0.021215788050950004	0.06258226465823516	0.0036933251686757625	0.022384184362086466	995.9216112003863	90412.97838879962
p8_B3	p5_C1	0.013702530213714828	0.20238170417975934	0.0005910707811545051	0.017029315827951388	515.4268943433464	58525.97310565666
p8_B3	p26_B7	0.021014382621588668	0.04209659859475788	0.002361417684668435	0.02183315472237862	428.32769260101065	90114.47230739899
p8_B3	p25_C2	0.0	1.0	0.0	nan	0.0	nan
p8_B3	p4_A6	3.132457714721275e-05	0.9896101460428848	1.9159393461312113e-05	0.0014999999999999998	81.69627059919115	53.30372940080884
p8_B3	p21_A8	0.013468408003777512	0.22729396267805416	0.0006097304187834272	0.017250355839656693	597.1481598965745	57433.95184010343
p8_B3	p25_B2	0.00018910763240724736	0.9165419690117784	8.02170365746649e-05	0.0014999999999999998	316.7928028665866	498.2071971334134
p8_B3	p13_C1	0.02121555601704521	0.06256027165398284	0.003693849788388945	0.022383463279273708	995.7130352723173	90412.1869647277
p8_B3	p23_B8	0.020076965646220225	0.04944703341469943	0.003129342232521634	0.020957755030911088	666.7294496028179	85837.57055039718
p8_B3	p26_D6	0.02021363361614399	0.07868105247598492	0.004063735874861301	0.021592160868038942	1377.6914704970125	85716.10852950298
p8_B3	p8_B9	0.020203192090428253	0.04940027671806938	0.00294533512367795	0.0211000604879264	626.9319948469082	86424.66800515309
p8_B3	p4_D2	0.02126289093362322	0.0664855697311895	0.004263249775696283	0.022472462945759643	1221.306050441336	90391.59394955866
p8_B3	p27_D6	0.02475801764153778	0.03460679599457422	0.004894500918989816	0.025469243713381152	729.837447988796	105944.06255201122
p8_B3	p3_G9	0.01477916753195977	0.1723905094376947	0.0007098812336369454	0.017709712866067602	527.2971020098695	63152.90289799012
p8_B3	p12_E2	0.021405591785071634	0.03888176471541086	0.0031269061946749945	0.022144226451892433	523.8623138309564	91705.13768616904
p8_B3	p13_D10	0.02140187924259493	0.05336795572709238	0.0036697323580192676	0.02240130910757341	843.8617360594324	91371.53826394057
p8_B3	p1_G2	0.021430187378979816	0.0609584044226073	0.004138644041030788	0.022552210023879228	1087.046199229271	91249.45380077073
p8_B3	p8_C7	0.019982295813064203	0.07282823993047291	0.003932428747080338	0.021242213772601864	1234.0052649038362	84862.59473509617
p8_B3	p3_A3	4.872712000677539e-05	0.9935071774790605	4.203117479263982e-05	0.0014999999999999998	179.9280502975103	29.871949702489694
p8_B3	p5_C3	0.02121555601704521	0.06256027165398284	0.003693849788388945	0.022383463279273708	995.7130352723173	90412.1869647277
p8_B3	p20_G9	0.013468640037682306	0.2273464138061006	0.0006133337519767194	0.017250725601577418	600.815749821042	57431.28425017896
p8_B3	p4_E5	0.021265443306575958	0.0622793981871867	0.00369899751666315	0.022430735216525065	992.6240264900763	90630.27597350994
p8_B3	p21_F1	0.020203192090428253	0.04940027671806938	0.00294533512367795	0.0211000604879264	626.9319948469082	86424.66800515309
p8_B3	p8_E4	0.021406055852881224	0.055424585761818725	0.003978202353574855	0.02242826867961105	950.0482492655956	91282.75175073442
p8_B3	p22_D1	0.013796271911251672	0.2003687659689197	0.0006499239209835987	0.017090444132479614	561.1111274863973	58884.28887251361
p8_B3	p12_A11	0.013468175969872717	0.22731100741788254	0.0006100915817609402	0.017250316309692773	597.5466765713616	57432.55332342864
p8_B3	p12_G7	0.014456408370391081	0.18334808709742226	0.0006477512728885102	0.01755429395767956	511.730137055655	61769.86986294434
p8_B3	p25_A12	0.021519752466230366	0.0551594283353004	0.004059481448776047	0.02253863190401109	964.820791373908	91757.6792086261
p8_B3	p26_E7	0.020076269544505844	0.049505573837424	0.003131447277770618	0.02095801092069454	667.9678180699606	85833.33218193003
p8_B3	p22_D4	0.02042176802874436	0.07687481347267455	0.004136086615415917	0.021777051974160723	1370.0298701939637	86619.57012980604
p8_B3	p25_C11	0.014319740400467316	0.19145913138339837	0.000928484236054987	0.017489472199523345	765.9615246655205	60930.53847533448
p8_B3	p21_E3	0.02121555601704521	0.0625799634203576	0.003693223208283959	0.022383897708714785	995.8574966986343	90412.04250330137
p8_B3	p24_B5	0.02133737381706215	0.055725844204653444	0.003708011465951028	0.022377079034625096	890.3362600303128	91045.36373996969
p8_B3	p21_F9	0.013469104105491894	0.22728578697808938	0.0006096447268559399	0.017251106023000767	597.0427600555074	57437.057239944486
p8_B3	p20_F10	0.013467943935967924	0.2272606459535103	0.0006091967245231569	0.01724919465926181	596.5380255318753	57432.561974468124
p8_B3	p23_A3	0.020169779208137895	0.049698173762817814	0.003180582867412648	0.021058354267983023	681.0883966584781	86226.8116033415
p7_G11	p24_H2	0.026516138538163196	0.0331643868309524	0.006366585396702	0.02720895558215001	909.7768401484452	113349.82315985156
p7_G11	p5_D5	0.023446097943831554	0.02395410333502828	0.004119156241862884	0.023920669872810787	425.1522874736363	100600.44771252637
p7_G11	p22_C1	0.01692988979549692	0.07299550233100996	0.0019680503371956965	0.01811041228082236	618.997136440339	72338.00286355965
p7_G11	p3_F8	0.023466284893548645	0.020469037083227774	0.0037747306218126543	0.02387859739986923	332.91986752091657	100782.08013247907
p7_G11	p22_A8	0.016807375893765596	0.06900017700544195	0.0017276728471704258	0.017926060537238168	513.6508943716054	71910.2491056284
p7_G11	p5_C1	0.021385636869259338	0.04020500738229966	0.002986879814436711	0.022157401543193494	517.4331276746274	91633.36687232538
p7_G11	p26_B7	0.016744726739471173	0.0799835966894675	0.002099183704445409	0.018017847668600345	723.4486523244773	71425.75134767551
p7_G11	p25_C2	0.021219268559521918	0.06249457484825279	0.0040729549966016755	0.022361065903818766	1096.7515716211815	90328.04842837882
p7_G11	p4_A6	0.021250129068859543	0.06240197051363055	0.004083036453215422	0.022391510082195	1097.8370853255624	90459.96291467444
p7_G11	p21_A8	0.021285166188483463	0.04445242250213634	0.0032148732919272172	0.022124825451748723	615.7658935850045	91093.73410641501
p7_G11	p25_B2	0.02140257534430931	0.062022392233630375	0.004233121171733004	0.022536738001294545	1131.2681223033846	91083.5318776966
p7_G11	p13_C1	0.016807143859860804	0.06895283493035075	0.0017273607623910694	0.017925010720030853	513.2057490208857	71909.69425097913
p7_G11	p23_B8	0.023422894553352135	0.024101841900851968	0.004395428571563749	0.023892611104116238	456.46532916452463	100467.23467083547
p7_G11	p26_D6	0.023584158117184083	0.022653063736020114	0.004054102904419927	0.024037678061719258	395.7109344837768	101227.2890655162
p7_G11	p8_B9	0.02352893404784307	0.025325308819562953	0.004313409494784106	0.024028486476841332	470.68653650094444	100911.91346349905
p7_G11	p4_D2	0.01678811707966768	0.07195608372988398	0.002229504463537925	0.01791778777671416	691.245314781005	71648.85468521899
p7_G11	p27_D6	0.027080677028527407	0.024699665338501643	0.005749188484586398	0.027621824014952907	611.862662287709	116077.23733771229
p7_G11	p3_G9	0.021234118729428743	0.0445669618306593	0.0029207372283823114	0.02208744555281881	560.8695354554679	90928.93046454455
p7_G11	p12_E2	0.016976296576455753	0.06780553843917406	0.0018853505889706668	0.018075053809146254	550.8249783407307	72600.97502165927
p7_G11	p13_D10	0.01667163605946101	0.08214076122694346	0.0021393494092631173	0.01797333165657017	757.1758972745865	71082.22410272542
p7_G11	p1_G2	0.016759808943282793	0.06821420378888414	0.001991808587864727	0.017839708582416403	585.4350915654375	71624.26490843458
p7_G11	p8_C7	0.02333240133048241	0.025423951483038144	0.0044240813258614505	0.02382717825571539	484.6436077736556	100056.35639222636
p7_G11	p3_A3	0.021263587035337605	0.06234912174776114	0.0040974051376180135	0.022403829115752397	1100.7674632171863	90514.83253678282
p7_G11	p5_C3	0.016807143859860804	0.06895283493035075	0.0017273607623910694	0.017925010720030853	513.2057490208857	71909.69425097913
p7_G11	p20_G9	0.021285398222388254	0.04440565341791382	0.0032141234272942054	0.022124177666692432	614.9745613141448	91095.52543868584
p7_G11	p4_E5	0.016859351488439492	0.06790090267792008	0.0017277777058454632	0.01796272299123417	505.4983586303916	72142.40164136961
p7_G11	p21_F1	0.02352893404784307	0.025325308819562953	0.004313409494784106	0.024028486476841332	470.68653650094444	100911.91346349905
p7_G11	p8_E4	0.016902741828636	0.06473397219650359	0.0018639637740028756	0.01794485084389687	519.9074738791157	72315.49252612087
p7_G11	p22_D1	0.021478450431177003	0.06273123067140447	0.0040354708707311	0.022647008507662655	1090.7729529318585	91460.02704706814
p7_G11	p12_A11	0.021284934154578668	0.04445427423685988	0.003215041480354231	0.02212461139223015	615.8237598510766	91092.67624014892
p7_G11	p12_G7	0.021158939744275435	0.04146555295847302	0.0026193927507888732	0.021961471118593028	467.99845416124475	90703.80154583874
p7_G11	p25_A12	0.017020615052271437	0.06325248914734964	0.001920396893272558	0.018041392902306004	523.3894346725266	72819.71056532746
p7_G11	p26_E7	0.023422198451637753	0.02412284485342741	0.004397918671652791	0.023892255711603933	457.12192684155843	100463.57807315845
p7_G11	p22_D4	0.023791364394165276	0.022999093223610784	0.004097021944120426	0.0242555894111209	406.00869996638215	102108.79130003363
p7_G11	p25_C11	0.021424618565264758	0.03897107691135202	0.0031488849857308153	0.022166040106568547	528.7562834077265	91786.94371659227
p7_G11	p21_E3	0.016807143859860804	0.06899775000792606	0.0017276146594136196	0.017925773339434938	513.615528249618	71909.28447175038
p7_G11	p24_B5	0.01669112690746372	0.08131847775697147	0.0022903826054601695	0.017965874013626627	802.5158396726112	71116.38416032738
p7_G11	p21_F9	0.021285862290197844	0.04440915986620899	0.003213640126199983	0.022124755253309068	614.9306424140086	91097.569357586
p7_G11	p20_F10	0.021284702120673873	0.04445250306793894	0.0032149554432091792	0.02212433746481625	615.7827446079174	91091.71725539208
p7_G11	p23_A3	0.023401315400206277	0.024398415998037385	0.003815768650354796	0.02389138680715843	401.1437254553677	100431.55627454462
p24_H2	p5_D5	0.025409568846199805	0.03205655319374654	0.00539501110182024	0.026072714802017304	745.1873996265444	108740.81260037348
p24_H2	p22_C1	0.026845626682970917	0.02906881690482758	0.00584297856955855	0.02747532696025719	731.8431057076267	114944.35689429236
p24_H2	p3_F8	0.02538961393038751	0.019651662441681685	0.003982374834142684	0.025820683390361233	337.2079201307465	109069.79207986925
p24_H2	p22_A8	0.026741675493623128	0.0293423463556649	0.005868133537302002	0.02737471777278886	741.9098951641486	114491.19010483586
p24_H2	p5_C1	0.024467047124925895	0.025191442916895027	0.0032296568750746144	0.025017060745437837	350.5627477892033	105078.03725221078
p24_H2	p26_B7	0.026713831425047827	0.03160414091430251	0.005858126653535202	0.027394527298167957	797.735800414498	114307.06419958551
p24_H2	p25_C2	0.024080246605634015	0.025205016168856984	0.0034165862958653653	0.024614787449161877	371.05279816010176	103386.9472018399
p24_H2	p4_A6	0.024110875081066845	0.02525635366588598	0.003433978512943435	0.02464688201915216	373.7012579840711	103516.29874201593
p24_H2	p21_A8	0.024395812716154083	0.04316653541927966	0.004914263178594654	0.025276357074086427	914.0331359983267	104209.46686400168
p24_H2	p25_B2	0.02426146508527826	0.02530620405613217	0.0035336704843783365	0.024799911236825994	385.3092106025156	104153.69078939749
p24_H2	p13_C1	0.026741443459718333	0.02938582666933905	0.005877919678540057	0.027375145806925637	744.2483763083424	114487.85162369166
p24_H2	p23_B8	0.02530167308047052	0.032847494746244425	0.00564754594025907	0.025970544167163108	799.3157311611817	108226.18426883883
p24_H2	p26_D6	0.025341118844285526	0.032081632188836036	0.005319484996425624	0.026006698513039286	735.3301609818286	108462.66983901817
p24_H2	p8_B9	0.02534019070866635	0.033614574720842554	0.005526285386286697	0.02602967887549653	800.4187729487531	108386.58122705123
p24_H2	p4_D2	0.026769751596103224	0.034216509959935804	0.006724879339722718	0.027482125980156293	991.4630706280337	114363.236929372
p24_H2	p27_D6	0.014766637701100885	0.08885248883603464	0.001609845785885863	0.016049500360924035	616.3256017696124	63009.57439823039
p24_H2	p3_G9	0.024040568807914213	0.03215578295140214	0.0030780927367960505	0.02473861080625656	426.4784830205637	103166.12151697945
p24_H2	p12_E2	0.02669735701780744	0.03382038863044138	0.006206518992558244	0.02741515855024794	904.4467833757626	114131.35321662427
p24_H2	p13_D10	0.02664004464332328	0.029115735791658305	0.0060138502016287045	0.02725902565504458	754.4608558406381	114033.93914415939
p24_H2	p1_G2	0.02662705074465481	0.03197461538595607	0.006483264183899938	0.027295067873724526	893.2137174534895	113848.4862825465
p24_H2	p8_C7	0.02526222731665551	0.027935291394311654	0.005173559458649476	0.02584276416272097	622.7288504406365	108240.67114955936
p24_H2	p3_A3	0.024125261183164083	0.025022853710053538	0.003414153743520168	0.024657021334467538	368.1088400243443	103583.69115997564
p24_H2	p5_C3	0.026741443459718333	0.02938582666933905	0.005877919678540057	0.027375145806925637	744.2483763083424	114487.85162369166
p24_H2	p20_G9	0.024396044750058878	0.04319135839977001	0.004916180348046825	0.02527704135499354	914.9155429575644	104209.58445704247
p24_H2	p4_E5	0.026792026850963463	0.029237562667360818	0.005887609610761038	0.027423688639185328	741.7140526326104	114708.38594736738
p24_H2	p21_F1	0.02534019070866635	0.033614574720842554	0.005526285386286697	0.02602967887549653	800.4187729487531	108386.58122705123
p24_H2	p8_E4	0.02677578447762787	0.03165196865503879	0.006143661174877022	0.027453509033800706	837.8848139620837	114547.51518603791
p24_H2	p22_D1	0.024558932551224384	0.025009281857566953	0.0032800760805572217	0.025105959206138267	353.46097767102555	105471.13902232899
p24_H2	p12_A11	0.024395580682249292	0.04319075292432701	0.004916202251578801	0.02527654236275443	914.9067935236391	104207.59320647638
p24_H2	p12_G7	0.024143823895547617	0.033379447918509886	0.0030427464929407397	0.024874431409166592	437.6241255316743	103601.37587446834
p24_H2	p25_A12	0.02689087329440578	0.032016633004587715	0.006234931837682794	0.027577366941094132	860.1292245747618	115020.97077542523
p24_H2	p26_E7	0.025300976978756134	0.03284096536133043	0.005646946989240361	0.025969707411205478	799.0720895010651	108223.42791049894
p24_H2	p22_D4	0.025547861053457133	0.031228914029708378	0.005327690524682177	0.02620138950113325	716.8894806068993	109370.91051939312
p24_H2	p25_C11	0.0245742467889408	0.025480388647486293	0.003079346575095085	0.025139072377241008	338.0811482471539	105559.21885175286
p24_H2	p21_E3	0.026741443459718333	0.02934032821376769	0.005867916616219499	0.02737444051600217	741.831443714043	114490.26855628594
p24_H2	p24_B5	0.026522635487497434	0.03563407522186669	0.006508488017639151	0.02726486161978715	999.313922659128	113292.58607734086
p24_H2	p21_F9	0.024396508817868468	0.04314906673437865	0.004916158488281256	0.025276627512960965	914.01562128286	104212.48437871714
p24_H2	p20_F10	0.024395348648344497	0.043189960658061716	0.004916162441232868	0.025276284741521556	914.8826024189436	104206.61739758107
p24_H2	p23_A3	0.025444605965823725	0.029573449779721622	0.005363067820668463	0.026057728245299033	683.3947113654195	108957.10528863459
p5_D5	p22_C1	0.023558170319847135	0.029337434634004147	0.004112527003976878	0.02414540925167531	519.8609950179247	100985.53900498209
p5_D5	p3_F8	0.014038051240047195	0.17080458227614662	0.0008155646367432334	0.016759950471023004	600.225220680402	59880.57477931961
p5_D5	p22_A8	0.023429159468781578	0.029592762651243224	0.004325921055591707	0.024012371287632384	551.595147102812	100402.70485289718
p5_D5	p5_C1	0.02037837768854785	0.04712995557530961	0.0027955390494216067	0.02124717783103375	567.7000461502522	87235.09995384974
p5_D5	p26_B7	0.02341314912935078	0.027865652798888252	0.004074404229984028	0.023968395442556068	489.2036308467317	100397.19636915329
p5_D5	p25_C2	0.02020087175138031	0.0747307611510659	0.003963544329842326	0.021512324931003714	1276.2608923126672	85765.33910768734
p5_D5	p4_A6	0.02023126819290835	0.07462103329087111	0.003988258703626062	0.021541105673924112	1282.333287904677	85890.26671209534
p5_D5	p21_A8	0.020566557185335923	0.04908936584907945	0.003091197936862601	0.021467603160327545	653.8386251972659	87958.86137480274
p5_D5	p25_B2	0.02038232226492935	0.0736780589055907	0.004053310611978974	0.021681166445566134	1286.7802820484658	86536.81971795153
p5_D5	p13_C1	0.023428927434876783	0.02960697130514314	0.004331696777487194	0.024012244156820954	552.5968015479748	100400.70319845204
p5_D5	p23_B8	0.013253080540128524	0.19002837029869565	0.0006382804202050515	0.016209623590617447	522.6203328088673	56571.67966719114
p5_D5	p26_D6	0.013814138521920823	0.1710513814042177	0.0008783958516193065	0.016481558580667872	647.4007497584164	58868.39925024158
p5_D5	p8_B9	0.0035415334888733944	0.7828844948326895	0.00013984830289021777	0.015810941206323384	471.74926083215394	14791.250739167846
p5_D5	p4_D2	0.023504570487839684	0.032073150814323055	0.004390435790273173	0.024137936610636106	606.7441427020723	100669.75585729795
p5_D5	p27_D6	0.02584231207864093	0.028200761244653396	0.005218900227593497	0.026440867958526907	634.156082137182	110715.54391786281
p5_D5	p3_G9	0.020703225155259686	0.03899381703082361	0.003021562041198075	0.02141964891512076	507.6724564305258	88694.12754356948
p5_D5	p12_E2	0.02350225014879174	0.03108321575196899	0.00441699193176469	0.02411520815277716	591.5737366719868	100677.82626332801
p5_D5	p13_D10	0.02329736421085849	0.028179345129985843	0.004023177729377112	0.023857134806278754	488.49086966922624	99898.90913033078
p5_D5	p1_G2	0.023318015228385173	0.03251351830045957	0.005115026118086619	0.023929756665626595	716.5857357388934	99756.11426426111
p5_D5	p8_C7	0.013707402925715505	0.16228644342518284	0.0008419634074250682	0.0161974783539812	588.7511869787882	58465.448813021205
p5_D5	p3_A3	0.020246118362815174	0.0744900071577778	0.003973880592619733	0.021555776558980874	1275.46681995545	85960.93318004457
p5_D5	p5_C3	0.023428927434876783	0.02960697130514314	0.004331696777487194	0.024012244156820954	552.5968015479748	100400.70319845204
p5_D5	p20_G9	0.02056771735485989	0.049097492841226935	0.0030915196879827255	0.021468963934550934	654.0149383403426	87963.68506165965
p5_D5	p4_E5	0.023479046758312326	0.029287142326546004	0.0043182754914602465	0.02405780719637267	544.9337159221441	100624.36628407786
p5_D5	p21_F1	0.0035415334888733944	0.7828844948326895	0.00013984830289021777	0.015810941206323384	471.74926083215394	14791.250739167846
p5_D5	p8_E4	0.023444009638688406	0.03365883004728234	0.005115913532356005	0.024082267574741037	741.9566775695746	100273.04332243043
p5_D5	p22_D1	0.02047072718265593	0.04675706389718471	0.002849673029956253	0.021334204436119473	574.1146116020586	87626.68538839793
p5_D5	p12_A11	0.020567253287050304	0.04909301082345941	0.003091311420438655	0.02146839993626912	653.911179303994	87961.788820696
p5_D5	p12_G7	0.02081529753127527	0.06645968584134168	0.004266656303426385	0.021992130843236934	1221.806074940565	88461.99392505945
p5_D5	p25_A12	0.023556546082513577	0.03328593826593042	0.0051462799980541065	0.024190270082368143	738.0920898251793	100761.60791017482
p5_D5	p26_E7	0.01325238443841414	0.18992005953756874	0.0006358468117512616	0.016207252710401777	520.3309652478955	56570.96903475211
p5_D5	p22_D4	0.014020648697187632	0.16847654008393947	0.0010665952325068138	0.016643180816201152	774.27530731902	59630.32469268098
p5_D5	p25_C11	0.020869593464997106	0.04446808750845684	0.0032787662460161755	0.021686865776943808	628.2250407810329	89289.07495921897
p5_D5	p21_E3	0.023428927434876783	0.029591028097827637	0.004325772836376046	0.02401210145869769	551.5439176247045	100401.75608237529
p5_D5	p24_B5	0.023435656418115815	0.026862678287871724	0.004088365354676696	0.023970234163127133	473.21156105819546	100508.4884389418
p5_D5	p21_F9	0.02056818142266948	0.04909239424978191	0.0030911541999622035	0.021469372396905054	653.8697099009873	87965.830290099
p5_D5	p20_F10	0.02056702125314551	0.049091274988087935	0.003091238080303215	0.021468126111441044	653.8725450155547	87960.82745498444
p5_D5	p23_A3	0.014261731924268774	0.15497282343734411	0.0008265934321491235	0.016724871390638565	551.9552032226632	60896.14479677734
p22_C1	p3_F8	0.023680220153768868	0.028044253910277137	0.004297235384744511	0.02423969280246993	519.2653813307404	101514.93461866926
p22_C1	p22_A8	0.016207800283777465	0.10847893846051367	0.0014449576990632504	0.018004050457476772	675.3935302536992	69160.50646974631
p22_C1	p5_C1	0.021675215182442458	0.03867853360882134	0.0027049135970560897	0.022438778246750956	450.79566773753436	92944.60433226246
p22_C1	p26_B7	0.016173227231963135	0.0852085907754062	0.0011347095276532013	0.01757364007375332	416.6049446984098	69269.19505530158
p22_C1	p25_C2	0.02150675856756189	0.06415696464207873	0.00421079053702558	0.02269072214894328	1164.0289538248169	91497.17104617518
p22_C1	p4_A6	0.02153785111080431	0.06384554393320822	0.004204022524701639	0.022718256301873466	1156.5168419494662	91638.68315805055
p22_C1	p21_A8	0.02163808975767539	0.04316407331123001	0.0030657626515889548	0.022474285434229545	570.1869676203338	92657.31303237966
p22_C1	p25_B2	0.02168797704720614	0.061400385027860424	0.004192067691248472	0.02283078735628436	1109.061724532382	92333.13827546762
p22_C1	p13_C1	0.01620756824987267	0.10840631469237316	0.0014453694121677992	0.018002391294545873	675.1336838792404	69159.76631612076
p22_C1	p23_B8	0.023587638625755997	0.030886841615481764	0.004761394042165632	0.024186764232885585	633.6711886199676	100997.02881138003
p22_C1	p26_D6	0.023701567273009934	0.023817074132132163	0.0038299271120958234	0.02418660973458879	393.0386445725862	101733.16135542741
p22_C1	p8_B9	0.023641006423858656	0.028595571352029083	0.004017658461956073	0.024218195470339484	495.02613633798694	101367.37386366201
p22_C1	p4_D2	0.01519613245887489	0.11665762057463484	0.00074291208347124	0.017104881969004476	373.42799453416154	65103.67200546585
p22_C1	p27_D6	0.02738533754552215	0.028530358274751175	0.006179728480780281	0.02800867228867552	759.683957503441	117240.61604249655
p22_C1	p3_G9	0.021658740775202072	0.04591078028680927	0.002949968654760273	0.022557454538198192	583.5638910674975	92733.23610893251
p22_C1	p12_E2	0.015845363324488975	0.0984298306879104	0.0011406649820129302	0.017451509703635425	483.7725065772428	67793.62749342275
p22_C1	p13_D10	0.014843208889682961	0.13184308935874156	0.0005008484297965936	0.017022490041938943	284.5247323825948	63676.275267617406
p22_C1	p1_G2	0.01554952009587641	0.10443219868914111	0.0009274114388035391	0.01725251291784895	417.31424148563246	66574.38575851437
p22_C1	p8_C7	0.023408276417350105	0.030918201512419315	0.004218471181871407	0.024021147273978173	561.9861932946294	100302.21380670536
p22_C1	p3_A3	0.02155293331461593	0.06353195079508103	0.004203031272484378	0.02272818299344483	1150.5649724015007	91709.4350275985
p22_C1	p5_C3	0.01620756824987267	0.10840631469237316	0.0014453694121677992	0.018002391294545873	675.1336838792404	69159.76631612076
p22_C1	p20_G9	0.021638321791580185	0.04313564980536075	0.0030619259430364923	0.0224741244122769	569.0983982515529	92659.40160174847
p22_C1	p4_E5	0.016258383675022595	0.10785657063826067	0.0014583064718436776	0.018047595623316492	677.7222542962886	69376.17774570371
p22_C1	p21_F1	0.023641006423858656	0.028595571352029083	0.004017658461956073	0.024218195470339484	495.02613633798694	101367.37386366201
p22_C1	p8_E4	0.01616858655386725	0.08721448516408227	0.0013705487113553412	0.017582858378318064	515.0381900507834	69153.56180994921
p22_C1	p22_D1	0.02176872484607451	0.038789967566462975	0.002780885674418704	0.022535304069485087	464.79226009502247	93333.60773990498
p22_C1	p12_A11	0.0216378577237706	0.04313333009958568	0.0030618299602273896	0.022473596588595903	569.0499551651168	92657.45004483488
p22_C1	p12_G7	0.02167637535196643	0.04420397314092984	0.0029792030049257613	0.022540805256450122	567.4371162923758	92830.56288370762
p22_C1	p25_A12	0.016287619947026658	0.08583151483325101	0.0014690884107599568	0.017679241148200055	543.3141879305832	69637.9858120694
p22_C1	p26_E7	0.023586942524041612	0.030892010828461186	0.004762074291612575	0.024186127719782534	633.8677859495842	100993.83221405042
p22_C1	p22_D4	0.023908077448276742	0.02370650196443337	0.003876593622502828	0.024394455374565485	395.9807637809238	102619.01923621906
p22_C1	p25_C11	0.021891470781710623	0.06475446802784166	0.004360462825691449	0.02310516508738857	1216.6304008867335	93108.86959911327
p22_C1	p21_E3	0.01620756824987267	0.10843943750686036	0.0014443724459577909	0.018003127672585585	674.8741400704976	69160.0258599295
p22_C1	p24_B5	0.015407283312237584	0.11949778438127115	0.001125563638575616	0.017344584305197135	579.5437730333155	65803.75622696668
p22_C1	p21_F9	0.021638785859389775	0.04305721598794334	0.0030578941055481633	0.022473199794012983	567.3155967559816	92663.18440324401
p22_C1	p20_F10	0.021637625689865804	0.04313039002264874	0.0030616482260482606	0.022473302591381424	568.9773937594264	92656.52260624057
p22_C1	p23_A3	0.023536359132796485	0.032360819790815905	0.004098734196283208	0.024185893803245703	571.512332302943	100839.78766769708
p3_F8	p22_A8	0.023508515064221185	0.02571822480169302	0.004168609145265535	0.024020130935329224	461.94311776438275	100836.15688223563
p3_F8	p5_C1	0.020474207691227844	0.0400356210283798	0.0027320855153402045	0.02121514798434141	471.2997338446521	87752.10026615536
p3_F8	p26_B7	0.023536823200606072	0.025531151274899907	0.003967962287939463	0.024048608491982197	436.51007381361865	100975.0899261864
p3_F8	p25_C2	0.020306679211966452	0.051306904682836954	0.003233800788446384	0.021229368155571107	714.9001914268188	86779.89980857317
p3_F8	p4_A6	0.020337075653494487	0.05106137065996311	0.003251651713930188	0.021255790179978747	715.4064090971169	86910.39359090288
p3_F8	p21_A8	0.020642896340013202	0.044863703800677356	0.00289664515442894	0.021478056287314123	559.94678718903	88392.75321281096
p3_F8	p25_B2	0.020488593793325082	0.07777337113943467	0.004256694504135415	0.0218568477592008	1426.4604762756321	86852.33952372438
p3_F8	p13_C1	0.02350828303031639	0.02579088118058004	0.004184976212861799	0.02402093993557277	465.0669854461271	100832.03301455388
p3_F8	p23_B8	0.014005798527280806	0.16119059533595292	0.0007110306557477458	0.016560908639100622	493.83783602037465	59855.462163979624
p3_F8	p26_D6	0.0098718824794679	0.39959306415995066	0.00039707059679033435	0.016181212437131193	683.6628893517026	41861.337110648295
p3_F8	p8_B9	0.014252682601981802	0.16232925268904164	0.0008222499783506637	0.016853612317220493	575.1180473654301	60830.68195263457
p3_F8	p4_D2	0.02348484760593218	0.029007295659919396	0.0043203560767020805	0.024058366007590544	539.9867703594572	100655.71322964055
p3_F8	p27_D6	0.025872476486264173	0.03104247184028163	0.0054408527760327645	0.026528091472771853	727.7456302425621	110755.95436975746
p3_F8	p3_G9	0.020709722104593924	0.0404631958593264	0.0031001422875235516	0.021453941914892718	540.5030443071685	88700.29695569281
p3_F8	p12_E2	0.02349320082650477	0.027742851282028077	0.004151343551817984	0.02404460847856843	496.2449560880307	100729.15504391197
p3_F8	p13_D10	0.023542392014321133	0.023246217023303522	0.0038044073470297085	0.024011893923692386	381.061994080383	101057.33800591962
p3_F8	p1_G2	0.02356211489622864	0.024580256566554756	0.004192205772006366	0.024049768486874918	444.0024222019556	101078.49757779804
p3_F8	p8_C7	0.0142447934492188	0.15674635656710945	0.00094759489869031	0.016717789459122986	639.994887867794	60742.60511213221
p3_F8	p3_A3	0.020351461755591726	0.051177291334334324	0.0032605029572002208	0.021272628741608027	718.9823525151919	86968.6176474848
p3_F8	p5_C3	0.02350828303031639	0.02579088118058004	0.004184976212861799	0.02402093993557277	465.0669854461271	100832.03301455388
p3_F8	p20_G9	0.020643128373917997	0.04482045427807558	0.0028946327380386674	0.02147755234377022	559.0183444721823	88394.68165552783
p3_F8	p4_E5	0.023558634387656725	0.02550667809023879	0.0041658891250979406	0.02406733476943722	457.8444396933355	101056.25556030667
p3_F8	p21_F1	0.014252682601981802	0.16232925268904164	0.0008222499783506637	0.016853612317220493	575.1180473654301	60830.68195263457
p3_F8	p8_E4	0.023529630149557453	0.027089531164700347	0.004453735349137632	0.02406090201597061	519.8550074234536	100865.14499257655
p3_F8	p22_D1	0.020566325151431128	0.03918024346777972	0.0027526629156329483	0.021293748363813886	464.70409387100665	88155.69590612898
p3_F8	p12_A11	0.020642664306108408	0.04486214753082716	0.002896575048284032	0.02147778632025582	559.9138116249154	88391.78618837509
p3_F8	p12_G7	0.020786061259271203	0.04293869544053635	0.003303251341304159	0.02157319920105675	611.1485724926591	88963.25142750735
p3_F8	p25_A12	0.023643790830716185	0.026700793701644625	0.004472437368601912	0.024169803676678772	514.5466734692325	101362.15332653077
p3_F8	p26_E7	0.014005102425566424	0.16118521576914058	0.0007109803434517881	0.01655998661742233	493.78641206423345	59852.51358793577
p3_F8	p22_D4	0.010088138078736065	0.3949883974179437	0.0005423147151969236	0.016323313130303475	922.979517660962	42552.82048233904
p3_F8	p25_C11	0.02085636753242384	0.0421995029018776	0.003291885136343953	0.02163110519007617	598.5609004283173	89270.9390995717
p3_F8	p21_E3	0.02350828303031639	0.02571654749175291	0.0041684446388065895	0.024019862892395084	461.8947618784151	100835.20523812159
p3_F8	p24_B5	0.023586014388422435	0.025322909676139205	0.004015089405762904	0.024094407150652055	438.0918383321581	101189.00816166785
p3_F8	p21_F9	0.020643592441727584	0.04486287296951608	0.002896500861522754	0.02147877585406043	559.9085249701515	88395.79147502985
p3_F8	p20_F10	0.020642432272203616	0.04484689769254539	0.002895607466432402	0.02147729210566326	559.5365100648003	88391.1634899352
p3_F8	p23_A3	0.014317884129228962	0.15854773130339622	0.0007966486467425769	0.016864528275690866	544.2308931770774	61144.869106822924
p22_A8	p5_C1	0.02149956551651327	0.038046565501859364	0.0026277106234889364	0.0222468348358379	430.77384993930235	92210.12615006069
p22_A8	p26_B7	0.015773432814002782	0.09422191288699815	0.0010134483572178418	0.017308591040571093	411.4431877426761	67552.25681225731
p22_A8	p25_C2	0.021215788050950004	0.06258226465823516	0.0036933251686757625	0.022384184362086466	995.9216112003863	90412.97838879962
p22_A8	p4_A6	0.021246416526382834	0.0624721244806484	0.0037001868497693897	0.022414207684022195	996.0158890605697	90544.88411093944
p22_A8	p21_A8	0.021288414663150578	0.04794479115276225	0.003252883990885347	0.022195860966477066	671.9954652483625	91052.20453475164
p22_A8	p25_B2	0.02139700653059425	0.060539022205212525	0.003771518409512948	0.022531431843817184	983.8026095090702	91206.09739049092
p22_A8	p13_C1	6.961017143825055e-07	1.0	6.961017143825055e-07	nan	3.0	nan
p22_A8	p23_B8	0.02339296217963369	0.030420302379368585	0.0045885297841115015	0.023982564299245	601.4415363693488	100192.55846363064
p22_A8	p26_D6	0.023600864558329264	0.02393183749158391	0.004150722493639718	0.024078871360555	428.012132481401	101268.0878675186
p22_A8	p8_B9	0.02344981048630826	0.025658227953564983	0.004048634704654073	0.023961375893982652	447.6015572276762	100595.69844277232
p22_A8	p4_D2	0.015400090261188965	0.10779508652723263	0.0008684054299901568	0.01715623021505834	403.346071984488	65954.2539280155
p22_A8	p27_D6	0.02731503127236952	0.029732971528025173	0.006361546376808269	0.027957943860958297	814.9995119323669	116883.40048806762
p22_A8	p3_G9	0.021330876867727912	0.04457122569949319	0.002924315329260148	0.022188827665541245	561.6103645981507	91345.88963540187
p22_A8	p12_E2	0.01588736146125672	0.09750742126992375	0.0010494570815943968	0.017490338759310883	440.91887387992284	68013.98112612008
p22_A8	p13_D10	0.0157091594223748	0.09892034043558749	0.001221918061510554	0.017298915180844355	520.815646150309	67164.2843538497
p22_A8	p1_G2	0.015478981788818982	0.1087191642488625	0.0009112676214016953	0.017255641424216518	426.88252892212836	66267.71747107788
p22_A8	p8_C7	0.023283674210475634	0.030199176421134982	0.004066317640025051	0.02388377060992224	529.1182434260064	99802.58175657399
p22_A8	p3_A3	0.021260802628480072	0.0626566899658161	0.0037250341148063757	0.02243153309213799	1005.6666279743613	90597.03337202565
p22_A8	p5_C3	6.961017143825055e-07	1.0	6.961017143825055e-07	nan	3.0	nan
p22_A8	p20_G9	0.021288646697055373	0.04794540558855162	0.003252889089595145	0.02219611670597283	672.0051305246886	91053.19486947532
p22_A8	p4_E5	5.4063899817041265e-05	0.9783806386577075	2.8229941948782076e-05	0.0014999999999999998	119.00745585438494	113.99254414561507
p22_A8	p21_F1	0.02344981048630826	0.025658227953564983	0.004048634704654073	0.023961375893982652	447.6015572276762	100595.69844277232
p22_A8	p8_E4	0.01621708163996923	0.07901734662141918	0.0012396214664202924	0.017501882442833388	422.053850165387	69453.24614983462
p22_A8	p22_D1	0.021592843146240527	0.038238598326455465	0.0026865543887945225	0.02234541942279448	442.6433435203127	92600.25665647969
p22_A8	p12_A11	0.021288182629245787	0.047943756169300564	0.003252850465772036	0.02219559829131658	671.9740332728902	91051.22596672711
p22_A8	p12_G7	0.021523232974802277	0.04235581936531018	0.002810412634555848	0.022351659724254715	512.9080470353447	92229.59195296466
p22_A8	p25_A12	0.01633495486360467	0.07967779765601267	0.0013576001333238147	0.017631368373103053	466.0854326799709	69916.91456732003
p22_A8	p26_E7	0.023392266077919305	0.030423217015091243	0.004588979364865184	0.023981890396265543	601.5580962416336	100189.44190375836
p22_A8	p22_D4	0.0238022699876906	0.02411429392430803	0.004211621584078609	0.024287233034817435	437.6029378094875	102125.2970621905
p22_A8	p25_C11	0.021666861961869868	0.04030448574041687	0.0034221109227306977	0.022433579433265932	594.2973623193026	92765.90263768067
p22_A8	p21_E3	6.961017143825055e-07	1.0	6.961017143825055e-07	nan	3.0	nan
p22_A8	p24_B5	0.01556901094387912	0.10893128671151338	0.0011243249547180317	0.01733594939683249	527.7166778401804	66560.28332215983
p22_A8	p21_F9	0.021289110764864963	0.04786773593210841	0.0032509965369367454	0.02219515407142366	670.5261651340018	91056.673834866
p22_A8	p20_F10	0.02128795059534099	0.04794245290152852	0.0032527960348732745	0.02219533133150797	671.9445227929817	91050.25547720701
p22_A8	p23_A3	0.023424982858495282	0.028002550366217974	0.003880171410661794	0.02398868376286966	468.1713513525868	100468.02864864742
p5_C1	p26_B7	0.021127847201033015	0.0431387711070616	0.0018810662380089396	0.021995593833273576	349.6457018740956	90686.15429812591
p5_C1	p25_C2	0.013702530213714828	0.20238170417975934	0.0005910707811545051	0.017029315827951388	515.4268943433464	58525.97310565666
p5_C1	p4_A6	0.013733390723052453	0.20635705841956298	0.0006485786801481468	0.017135595043207576	576.6845722723442	58597.71542772765
p5_C1	p21_A8	0.014236208194741416	0.19568673235850853	0.0007006825714098698	0.017527084391629512	590.7980218137591	60742.30197818623
p5_C1	p25_B2	0.013884212761168663	0.2048961506131982	0.0007630614386005628	0.017265528986742155	673.6737767304513	59150.72622326954
p5_C1	p13_C1	0.02149933348260848	0.0379940475596758	0.0026252198530685123	0.022245620909087323	429.771466199966	92210.12853380003
p5_C1	p23_B8	0.02023985344738573	0.042496912643207124	0.0028571355400968963	0.021010580670816577	523.1720807336152	86683.1279192664
p5_C1	p26_D6	0.020430353283221743	0.06844856048724143	0.003938452527713547	0.021643165495624377	1161.5723624715272	86872.82763752848
p5_C1	p8_B9	0.020341252263780783	0.047903477936600644	0.002787956960913708	0.021223548561892604	575.4524544368194	87067.34754556319
p5_C1	p4_D2	0.02131625873172588	0.03692608521116721	0.002515720142505917	0.022038168505252802	400.2689764312566	91451.63102356876
p5_C1	p27_D6	0.025146674432068014	0.03538980649079107	0.004538411110813389	0.025903165638752963	692.0514099662591	107661.64859003374
p5_C1	p3_G9	0.014821861770441896	0.1895557936188721	0.0007489045512028371	0.01811133035573983	611.6737860861904	63245.52621391381
p5_C1	p12_E2	0.02155270128071114	0.03796643716292819	0.0028384572077680974	0.022291428562665593	464.3426027825906	92402.65739721742
p5_C1	p13_D10	0.021411856700501077	0.03981412067567913	0.003067174451320891	0.022172903962191935	526.1770993873712	91734.82290061262
p5_C1	p1_G2	0.021555485687568668	0.03750957400605396	0.0028033976288818767	0.022286141251866072	453.08863597174076	92424.61136402826
p5_C1	p8_C7	0.020114091070987293	0.04154320251784626	0.0027239423540278357	0.020869300894273284	487.5893614413349	86186.01063855868
p5_C1	p3_A3	0.013749865130292839	0.20687182891147407	0.0006600727773254388	0.017164015057129594	588.3686335093635	58656.83136649064
p5_C1	p5_C3	0.02149933348260848	0.0379940475596758	0.0026252198530685123	0.022245620909087323	429.771466199966	92210.12853380003
p5_C1	p20_G9	0.014236440228646209	0.19565606111257192	0.0007008514137216801	0.017526690233687626	590.8477635239333	60743.252236476066
p5_C1	p4_E5	0.02154898873823443	0.03732055265332823	0.0026129730190114185	0.022283960377918882	420.18382254710144	92433.7161774529
p5_C1	p21_F1	0.020341252263780783	0.047903477936600644	0.002787956960913708	0.021223548561892604	575.4524544368194	87067.34754556319
p5_C1	p8_E4	0.02146058382050785	0.03962257335858847	0.0030386800587138413	0.02222111383200764	518.7809140677261	91952.61908593227
p5_C1	p22_D1	9.629407048957994e-05	0.9524885849329469	3.9319839184737814e-05	0.0014999999999999998	161.37187627717313	253.62812372282684
p5_C1	p12_A11	0.014235976160836621	0.1956690701197923	0.0006999023177046293	0.01752661617192871	590.0868666977782	60742.01313330223
p5_C1	p12_G7	0.014660830240514743	0.18566323939344312	0.0006453272007803024	0.017857584712253398	516.2525749713445	62658.94742502866
p5_C1	p25_A12	0.02157288823042823	0.03785240256744291	0.0029989442999002833	0.022304060090645682	489.1231135166753	92465.97688648335
p5_C1	p26_E7	0.02023915734567135	0.04255490107105465	0.002859812128811158	0.021010833988985567	524.376746956018	86678.92325304398
p5_C1	p22_D4	0.02063825566191732	0.06804570146491361	0.004047176015283344	0.021850404583625423	1186.6130607133196	87742.58693928669
p5_C1	p25_C11	0.014367075317045327	0.2020158753102919	0.0008392937793488174	0.017791286222099256	730.5599160276307	61172.74008397236
p5_C1	p21_E3	0.02149933348260848	0.038019944906219856	0.002626768379796313	0.02224608790569731	430.3180854333168	92209.58191456669
p5_C1	p24_B5	0.02144875009136335	0.036542760507950085	0.0026625330647122745	0.02216151140464943	419.2303324631286	92000.06966753688
p5_C1	p21_F9	0.014236904296455797	0.19564487464690314	0.0007003629359326373	0.01752715211035504	590.4021981593843	60745.697801840615
p5_C1	p20_F10	0.014235744126931828	0.19559336177115855	0.0006978252965452614	0.017525249009732197	588.1080933870325	60742.99190661297
p5_C1	p23_A3	0.020448683961700485	0.0419921270692891	0.003003849578325308	0.02121348707057653	543.5035574093599	87566.39644259066
p26_B7	p25_C2	0.021014382621588668	0.04209659859475788	0.002361417684668435	0.02183315472237862	428.32769260101065	90114.47230739899
p26_B7	p4_A6	0.021044547029211907	0.041911556750531806	0.002368926898827781	0.021860556163672794	427.80099252434303	90244.99900747566
p26_B7	p21_A8	0.021082832623502946	0.04864323165853315	0.002213652995455663	0.022045471916459017	463.96828979122125	90368.93171020878
p26_B7	p25_B2	0.021195137033423322	0.04079037793992013	0.0024217190461136525	0.02199255543333259	425.63548011706513	90896.16451988294
p26_B7	p13_C1	0.015773200780097987	0.09413810839992795	0.0010135184395095127	0.017306820034767478	411.10566174942113	67551.59433825058
p26_B7	p23_B8	0.023371615060392623	0.026308564227375	0.004542110570667835	0.023878967230221895	514.8861213954417	100182.81387860455
p26_B7	p26_D6	0.023586478456232025	0.026287347318784206	0.003768996047461909	0.024120581470782554	426.90258180550745	101198.6974181945
p26_B7	p8_B9	0.023431247773924725	0.029697835653046307	0.004247752218996265	0.024019311393544285	543.5510149830321	100420.84898501696
p26_B7	p4_D2	0.015777377390384283	0.09458283988428993	0.0009350346559152924	0.017327020514427943	381.0626589824934	67597.23734101752
p26_B7	p27_D6	0.027247973473884003	0.03023436202869296	0.0060845834721789775	0.02790755233428529	792.6619266096682	116612.43807339035
p26_B7	p3_G9	0.021253145509621867	0.045553653501983794	0.00246451475826922	0.02214785488858697	483.7388561313708	91083.46114386863
p26_B7	p12_E2	0.014593772442029229	0.14460377093765794	0.0004390714129417467	0.016988386758549027	273.57166685769556	62614.62833314231
p26_B7	p13_D10	0.0158562689180143	0.09077590729099681	0.001128775784992619	0.01732774497011223	441.50397553138737	67884.29602446861
p26_B7	p1_G2	0.015180818221158476	0.11341944737112475	0.0006677975007456859	0.017035202070298208	326.3537837754095	65076.14621622459
p26_B7	p8_C7	0.023246316751803775	0.02980495879920054	0.0041447514315373435	0.02383276209948867	532.2839267762804	99629.9160732237
p26_B7	p3_A3	0.021059861266928322	0.041682412654652584	0.002369605332593759	0.02187180129031308	425.58391303016106	90313.01608696984
p26_B7	p5_C3	0.015773200780097987	0.09413810839992795	0.0010135184395095127	0.017306820034767478	411.10566174942113	67551.59433825058
p26_B7	p20_G9	0.02108306465740774	0.04870102367185357	0.002216203335686219	0.022046790113758836	465.0546918512437	90368.84530814877
p26_B7	p4_E5	0.015824248239152704	0.09413885994308434	0.0010444163347492358	0.01735998696030558	423.6419185896008	67759.0580814104
p26_B7	p21_F1	0.023431247773924725	0.029697835653046307	0.004247752218996265	0.024019311393544285	543.5510149830321	100420.84898501696
p26_B7	p8_E4	0.016179724181297372	0.0778658768122695	0.0012939108207399518	0.01743553971817169	434.11806567238784	69276.4819343276
p26_B7	p22_D1	0.0212199646612363	0.043047201554648334	0.0019051125548814986	0.022088869088976566	353.3636717017637	91079.43632829824
p26_B7	p12_A11	0.02108260058959815	0.04864204940821693	0.0022135969541297023	0.022045206187468462	463.94526762765	90367.95473237235
p26_B7	p12_G7	0.02131811500296423	0.047615504310680186	0.002406440342545827	0.02226287091036544	493.7189812271419	91358.68101877287
p26_B7	p25_A12	0.016296901303218425	0.07674162178638483	0.001372475880922461	0.017536222110978	453.8287763678428	69761.47122363215
p26_B7	p26_E7	0.023370918958678242	0.026305325965247327	0.004541892993666013	0.023878193739380722	514.7980840860665	100179.90191591394
p26_B7	p22_D4	0.02379159642807007	0.026749112531105	0.003942156736304805	0.024335992309025348	454.35948777364575	102054.04051222635
p26_B7	p25_C11	0.021387725174402485	0.04478300663274794	0.0024700565019557556	0.022273970338292697	476.6246195535422	91676.07538044646
p26_B7	p21_E3	0.015773200780097987	0.09421999365376428	0.0010134165888782284	0.01730830359312975	411.4219097829623	67551.27809021703
p26_B7	p24_B5	0.015619594335124248	0.10241269648740528	0.0010191650862916898	0.01728577872746395	449.73291592063543	66853.16708407937
p26_B7	p21_F9	0.021083528725217328	0.04863084095279635	0.0022129496022362887	0.022045981419949356	463.70271549575733	90372.19728450425
p26_B7	p20_F10	0.021082368555693357	0.04870483646609415	0.0022164827503490113	0.02204612339278879	465.1497386913627	90365.75026130865
p26_B7	p23_A3	0.023413845231065163	0.02713417013709945	0.0037947067752398087	0.023961310060217976	443.660845546458	100443.03915445355
p25_C2	p4_A6	3.132457714721275e-05	0.9896101460428848	1.9159393461312113e-05	0.0014999999999999998	81.69627059919115	53.30372940080884
p25_C2	p21_A8	0.013468408003777512	0.22729396267805416	0.0006097304187834272	0.017250355839656693	597.1481598965745	57433.95184010343
p25_C2	p25_B2	0.00018910763240724736	0.9165419690117784	8.02170365746649e-05	0.0014999999999999998	316.7928028665866	498.2071971334134
p25_C2	p13_C1	0.02121555601704521	0.06256027165398284	0.003693849788388945	0.022383463279273708	995.7130352723173	90412.1869647277
p25_C2	p23_B8	0.020076965646220225	0.04944703341469943	0.003129342232521634	0.020957755030911088	666.7294496028179	85837.57055039718
p25_C2	p26_D6	0.02021363361614399	0.07868105247598492	0.004063735874861301	0.021592160868038942	1377.6914704970125	85716.10852950298
p25_C2	p8_B9	0.020203192090428253	0.04940027671806938	0.00294533512367795	0.0211000604879264	626.9319948469082	86424.66800515309
p25_C2	p4_D2	0.02126289093362322	0.0664855697311895	0.004263249775696283	0.022472462945759643	1221.306050441336	90391.59394955866
p25_C2	p27_D6	0.02475801764153778	0.03460679599457422	0.004894500918989816	0.025469243713381152	729.837447988796	105944.06255201122
p25_C2	p3_G9	0.01477916753195977	0.1723905094376947	0.0007098812336369454	0.017709712866067602	527.2971020098695	63152.90289799012
p25_C2	p12_E2	0.021405591785071634	0.03888176471541086	0.0031269061946749945	0.022144226451892433	523.8623138309564	91705.13768616904
p25_C2	p13_D10	0.02140187924259493	0.05336795572709238	0.0036697323580192676	0.02240130910757341	843.8617360594324	91371.53826394057
p25_C2	p1_G2	0.021430187378979816	0.0609584044226073	0.004138644041030788	0.022552210023879228	1087.046199229271	91249.45380077073
p25_C2	p8_C7	0.019982295813064203	0.07282823993047291	0.003932428747080338	0.021242213772601864	1234.0052649038362	84862.59473509617
p25_C2	p3_A3	4.872712000677539e-05	0.9935071774790605	4.203117479263982e-05	0.0014999999999999998	179.9280502975103	29.871949702489694
p25_C2	p5_C3	0.02121555601704521	0.06256027165398284	0.003693849788388945	0.022383463279273708	995.7130352723173	90412.1869647277
p25_C2	p20_G9	0.013468640037682306	0.2273464138061006	0.0006133337519767194	0.017250725601577418	600.815749821042	57431.28425017896
p25_C2	p4_E5	0.021265443306575958	0.0622793981871867	0.00369899751666315	0.022430735216525065	992.6240264900763	90630.27597350994
p25_C2	p21_F1	0.020203192090428253	0.04940027671806938	0.00294533512367795	0.0211000604879264	626.9319948469082	86424.66800515309
p25_C2	p8_E4	0.021406055852881224	0.055424585761818725	0.003978202353574855	0.02242826867961105	950.0482492655956	91282.75175073442
p25_C2	p22_D1	0.013796271911251672	0.2003687659689197	0.0006499239209835987	0.017090444132479614	561.1111274863973	58884.28887251361
p25_C2	p12_A11	0.013468175969872717	0.22731100741788254	0.0006100915817609402	0.017250316309692773	597.5466765713616	57432.55332342864
p25_C2	p12_G7	0.014456408370391081	0.18334808709742226	0.0006477512728885102	0.01755429395767956	511.730137055655	61769.86986294434
p25_C2	p25_A12	0.021519752466230366	0.0551594283353004	0.004059481448776047	0.02253863190401109	964.820791373908	91757.6792086261
p25_C2	p26_E7	0.020076269544505844	0.049505573837424	0.003131447277770618	0.02095801092069454	667.9678180699606	85833.33218193003
p25_C2	p22_D4	0.02042176802874436	0.07687481347267455	0.004136086615415917	0.021777051974160723	1370.0298701939637	86619.57012980604
p25_C2	p25_C11	0.014319740400467316	0.19145913138339837	0.000928484236054987	0.017489472199523345	765.9615246655205	60930.53847533448
p25_C2	p21_E3	0.02121555601704521	0.0625799634203576	0.003693223208283959	0.022383897708714785	995.8574966986343	90412.04250330137
p25_C2	p24_B5	0.02133737381706215	0.055725844204653444	0.003708011465951028	0.022377079034625096	890.3362600303128	91045.36373996969
p25_C2	p21_F9	0.013469104105491894	0.22728578697808938	0.0006096447268559399	0.017251106023000767	597.0427600555074	57437.057239944486
p25_C2	p20_F10	0.013467943935967924	0.2272606459535103	0.0006091967245231569	0.01724919465926181	596.5380255318753	57432.561974468124
p25_C2	p23_A3	0.020169779208137895	0.049698173762817814	0.003180582867412648	0.021058354267983023	681.0883966584781	86226.8116033415
p4_A6	p21_A8	0.013499268513115137	0.22687494178958353	0.0006252583820178821	0.017276705247343666	611.2268018415607	57552.873198158435
p4_A6	p25_B2	0.0002204322095544601	0.9020832562032854	9.539693136546842e-05	0.0014999999999999998	370.79798283064736	579.2020171693526
p4_A6	p13_C1	0.021246184492478042	0.06245029547841062	0.0037007221946801483	0.022413488763173638	995.8119150394995	90544.0880849605
p4_A6	p23_B8	0.020107594121653055	0.049249714624934486	0.0031577534833264983	0.02098480509141718	670.0979314414138	85966.20206855857
p4_A6	p26_D6	0.020243333955957645	0.0787259082021327	0.004097030018730184	0.021622414389360974	1389.7707325710903	85832.0292674289
p4_A6	p8_B9	0.02023358853195629	0.049308690796734375	0.0029700215440104766	0.021129010919907334	631.0145993759493	86551.58540062407
p4_A6	p4_D2	0.021293751442960845	0.0663246757554394	0.004275915080502286	0.02250148511986541	1221.9699978652577	90523.93000213474
p4_A6	p27_D6	0.024787717981351435	0.034380383931012976	0.004885748204719482	0.025495495456970583	723.7659363064098	106078.1340636936
p4_A6	p3_G9	0.0148097960073926	0.17273869050708773	0.0007410418440196856	0.01774739304733965	551.5548283719206	63260.64517162808
p4_A6	p12_E2	0.02143645229440926	0.03880123999932054	0.003129202565051916	0.022174653661788776	523.161309921847	91838.83869007813
p4_A6	p13_D10	0.021432971785837345	0.05345124676888845	0.0036870566720359687	0.022434834387897236	849.1687213488913	91500.2312786511
p4_A6	p1_G2	0.021461279922222236	0.06086128811547827	0.004153083174601035	0.02258248468275168	1089.1008696514177	91381.3991303486
p4_A6	p8_C7	0.020012924288497037	0.07219984571219476	0.003941323574839716	0.021262816706829453	1226.1248562178787	85002.47514378213
p4_A6	p3_A3	8.005169715398814e-05	0.9786305727466629	5.7183930025828686e-05	0.0014999999999999998	241.12881652155096	103.67118347844904
p4_A6	p5_C3	0.021246184492478042	0.06245029547841062	0.0037007221946801483	0.022413488763173638	995.8119150394995	90544.0880849605
p4_A6	p20_G9	0.01349950054701993	0.22687186630739506	0.0006281744347616148	0.017276083489633776	614.0690903742828	57551.030909625726
p4_A6	p4_E5	0.021296071782008787	0.06216437554804286	0.003705666295930494	0.02246066140448393	992.5770262818054	90762.3229737182
p4_A6	p21_F1	0.02023358853195629	0.049308690796734375	0.0029700215440104766	0.021129010919907334	631.0145993759493	86551.58540062407
p4_A6	p8_E4	0.02143714839612364	0.0551480956228958	0.003971167755717404	0.022456194568404156	943.6372788298312	91423.16272117019
p4_A6	p22_D1	0.013827132420589297	0.20428480402737056	0.0007066381981987611	0.017195585898052555	621.9987450237072	58956.40125497629
p4_A6	p12_A11	0.013499036479210342	0.22689211034215084	0.0006256200726153698	0.017276668684942577	611.6266564321003	57551.4733435679
p4_A6	p12_G7	0.014487036845823913	0.18730229761389397	0.0007200262031237426	0.017657591589404893	581.0958079525749	61832.504192047425
p4_A6	p25_A12	0.021550845009472783	0.054878876705716596	0.004051073564490098	0.02256653965546787	957.9253783139005	91898.5746216861
p4_A6	p26_E7	0.020106898019938674	0.04930857182930249	0.0031598628859867803	0.020985066994747722	671.3469154325759	85961.95308456743
p4_A6	p22_D4	0.020451468368558014	0.07689182951464268	0.004165662863252191	0.021807094666176155	1380.1320742561936	86737.4679257438
p4_A6	p25_C11	0.014350832943709734	0.19164106948536602	0.0009765940887060682	0.017520265942372208	806.4157718480765	61024.08422815193
p4_A6	p21_E3	0.021246184492478042	0.062469779285111354	0.0037000818870023193	0.022413920318121974	995.950245946452	90543.94975405357
p4_A6	p24_B5	0.021368234326399775	0.055410519237648614	0.0037042336290251765	0.02240374625044621	884.3963185530354	91184.30368144695
p4_A6	p21_F9	0.013499964614829519	0.22686633020665672	0.0006251687751757674	0.01727744662366464	611.1160086337405	57555.98399136625
p4_A6	p20_F10	0.013498804445305547	0.22684399788182985	0.0006247451458334223	0.01727558903969258	610.6417853554531	57551.458214644554
p4_A6	p23_A3	0.02019971158185634	0.049224614675269854	0.0031859318522069755	0.021080661584244015	675.7330227248935	86361.1669772751
p21_A8	p25_B2	0.013650554619040934	0.22464051044063216	0.000738923660959104	0.017390946309051483	715.2271412681049	58100.87285873189
p21_A8	p13_C1	0.021288182629245787	0.04791061805299289	0.0032524946259536156	0.0221949568825512	671.4361147410879	91051.76388525892
p21_A8	p23_B8	0.020461909894273753	0.04752481161978729	0.0031383477805398694	0.021327828939979167	642.6548789965939	87529.94512100339
p21_A8	p26_D6	0.020655890238681675	0.04384078260214522	0.0028501980930227457	0.021473899672233388	538.4057376195433	88470.29426238046
p21_A8	p8_B9	0.02052919972666406	0.04499448487120806	0.002808164121788131	0.02136301777139003	544.4250585059849	87907.274941494
p21_A8	p4_D2	0.02135315212258815	0.049326859124559023	0.0031977225826808225	0.022294568177316183	679.6425846077941	91324.35741539222
p21_A8	p27_D6	0.02505061239548323	0.0353577829085226	0.004702825511098057	0.025796705460708332	716.4736560102949	107222.7263439897
p21_A8	p3_G9	0.015053895675236066	0.17005764929316844	0.0006509536418858832	0.018008869143884023	476.98263527915714	64400.71736472083
p21_A8	p12_E2	0.021509310940514628	0.04442571852822395	0.0031074415729712215	0.022363226884786067	594.831238911041	92077.86876108893
p21_A8	p13_D10	0.0214148731412634	0.04256429260630317	0.003132627435077862	0.022226110360156665	574.5270793475084	91691.5729206525
p21_A8	p1_G2	0.021407448056309987	0.04138752695076024	0.0027735835239927563	0.02221170909096664	494.61474776564455	91744.78525223437
p21_A8	p8_C7	0.020329882602445868	0.048615814832951625	0.0029937482401105222	0.021216858771664147	627.1178763089179	86974.78212369108
p21_A8	p3_A3	0.013513654615212374	0.227712659855849	0.0006585926691057881	0.017303510450606047	646.1902553259648	57579.70974467404
p21_A8	p5_C3	0.021288182629245787	0.04791061805299289	0.0032524946259536156	0.0221949568825512	671.4361147410879	91051.76388525892
p21_A8	p20_G9	2.088305143147517e-06	0.9993759006834945	1.4834878436945265e-06	0.0014999999999999998	6.388063145364017	2.611936854635983
p21_A8	p4_E5	0.021338766020490913	0.047487184712565585	0.0032648218054103844	0.022239038053057554	668.0242706725984	91273.17572932741
p21_A8	p21_F1	0.02052919972666406	0.04499448487120806	0.002808164121788131	0.02136301777139003	544.4250585059849	87907.274941494
p21_A8	p8_E4	0.02161836687576789	0.040127942982047964	0.0032304642143520705	0.022386908673877288	558.5578609134167	92589.94213908659
p21_A8	p22_D1	0.014330181926183055	0.19404162552757198	0.0007717137411228716	0.017592260778887925	645.2194840897884	61092.880515910205
p21_A8	p12_A11	6.961017143825055e-07	1.0	6.961017143825055e-07	nan	3.0	nan
p21_A8	p12_G7	0.014778935498054976	0.18517298400531096	0.0007202087764381818	0.01797413360114586	574.6353916639605	63105.864608336036
p21_A8	p25_A12	0.02173206348911703	0.03914035326721797	0.0032235943627956357	0.02248577983969721	543.6525943200646	93094.54740567994
p21_A8	p26_E7	0.020461213792559368	0.04751855043300025	0.003138063082446626	0.021326992588956692	642.5119206720952	87527.08807932789
p21_A8	p22_D4	0.020862400413948486	0.04295070934524271	0.0028804815089600237	0.02167075304026071	533.079238254237	89364.42076174576
p21_A8	p25_C11	0.014943215502649248	0.17708699600691244	0.000876859375896059	0.017970418792586176	669.072156487717	63718.92784351228
p21_A8	p21_E3	0.021288182629245787	0.04793329922673303	0.0032532819824871192	0.02219536850988874	671.9165933034978	91051.28340669652
p21_A8	p24_B5	0.0213870290726881	0.04415410014837723	0.0029657716396197897	0.022237337124838007	564.2415739761917	91585.55842602381
p21_A8	p21_F9	1.6242373335591797e-06	1.0	1.6242373335591797e-06	nan	7.0	nan
p21_A8	p20_F10	1.392203428765011e-06	1.0	1.392203428765011e-06	nan	6.0	nan
p21_A8	p23_A3	0.02063825566191732	0.0742286165693183	0.004205006869817507	0.02195620017946021	1344.9136834424194	87582.48631655758
p25_B2	p13_C1	0.021396774496689457	0.060518943305108694	0.0037721855498238847	0.022530740891904485	983.6502791465603	91205.24972085343
p25_B2	p23_B8	0.02025980836319803	0.04821008902211439	0.0031730691119679737	0.02112451526961979	659.1341314639585	86633.16586853605
p25_B2	p26_D6	0.020396244299217003	0.07740539539310991	0.00414538457731629	0.02175904798314578	1382.5867698976895	86498.2132301023
p25_B2	p8_B9	0.020384642603977293	0.047939849643589105	0.0029958146062546136	0.021260297647690263	618.8251240065298	87214.77487599348
p25_B2	p4_D2	0.02144480551498185	0.06483054538875843	0.004349109747705727	0.02262885189906073	1214.8883800478238	91182.01161995217
p25_B2	p27_D6	0.02493900408727723	0.03409292343383831	0.0049525215415039715	0.025643664208889347	727.5233764433247	106726.37662355667
p25_B2	p3_G9	0.014963170418461546	0.17266935675465145	0.0008734236258547403	0.017903762922985574	649.8251900595352	63823.37480994046
p25_B2	p12_E2	0.021585650095191908	0.06497979713008087	0.004452601969203295	0.022775515212090893	1246.6615391566697	91758.33846084333
p25_B2	p13_D10	0.021582401620524792	0.05322583042912188	0.003846143490182832	0.02257929120556681	882.0724640172202	92111.32753598277
p25_B2	p1_G2	0.021609317553480913	0.05914506954581245	0.004212120284853549	0.022702533405684597	1073.4347429820698	92035.06525701794
p25_B2	p8_C7	0.0201656025978516	0.07165026418054082	0.00398928865814079	0.02141335743789009	1231.5997564263423	85655.00024357367
p25_B2	p3_A3	0.00023783475241402274	0.9022088464841036	0.0001158722936364353	0.0014999999999999998	450.4462969128958	574.3537030871043
p25_B2	p5_C3	0.021396774496689457	0.060518943305108694	0.0037721855498238847	0.022530740891904485	983.6502791465603	91205.24972085343
p25_B2	p20_G9	0.013650786652945729	0.22454349485426867	0.0007407178422920896	0.01738864277004216	716.6541496219497	58100.44585037805
p25_B2	p4_E5	0.021446661786220202	0.06023299503856705	0.0037750258281860965	0.022577947091219647	979.7397352976814	91424.16026470232
p25_B2	p21_F1	0.020384642603977293	0.047939849643589105	0.0029958146062546136	0.021260297647690263	618.8251240065298	87214.77487599348
p25_B2	p8_E4	0.02158727433252547	0.054434730602998506	0.004097182009516174	0.022593796590490597	960.9873505441906	92052.8126494558
p25_B2	p22_D1	0.013977954458705507	0.2027507308773493	0.0008201495327150745	0.017324208541050577	716.4927599740437	59511.907240025954
p25_B2	p12_A11	0.01365032258513614	0.22465674022955912	0.0007392657933690314	0.017390896412805813	715.6099993775266	58099.49000062247
p25_B2	p12_G7	0.014640875324702445	0.1864270345825183	0.0008395076029385761	0.017801121136849916	674.3569864126057	62402.243013587395
p25_B2	p25_A12	0.021700738911969816	0.053748879976368374	0.004144338178085721	0.022697572999695124	959.8004329670412	92542.69956703295
p25_B2	p26_E7	0.020259112261483646	0.04826939681073194	0.0031752381568718054	0.021124792357010085	660.396119528227	86628.90388047179
p25_B2	p22_D4	0.020604378711817372	0.07569846504226085	0.004217375218213075	0.021945551226091774	1375.5793609704278	87401.0206390296
p25_B2	p25_C11	0.014502351083540328	0.1882921011266681	0.0010399997181731089	0.01762400683608506	843.7652968981491	61639.73470310184
p25_B2	p21_E3	0.021396774496689457	0.060536634926309986	0.003771408316260887	0.02253114422893064	983.7350977599152	91205.16490224007
p25_B2	p24_B5	0.021518592296706395	0.05494272644601236	0.0038518232498576874	0.02254504289997393	911.8699269878722	91804.83007301214
p25_B2	p21_F9	0.013651250720755317	0.2246505465623458	0.0007389880999427452	0.017392041163771826	715.3214702962765	58103.77852970372
p25_B2	p20_F10	0.013650090551231345	0.22463697190649398	0.0007385315514889208	0.017390385271436805	714.8363460748454	58099.26365392515
p25_B2	p23_A3	0.02035215785730611	0.07740571730807637	0.004273913394936954	0.02170125492903354	1425.46019072709	86268.4398092729
p13_C1	p23_B8	0.023392730145728895	0.030536400991899693	0.004607131312441455	0.023984061532966134	606.1844293106878	100186.81557068932
p13_C1	p26_D6	0.02360063252442447	0.02392841909046571	0.004154370352009494	0.024078474368083944	428.32709994211257	101266.7729000579
p13_C1	p8_B9	0.023449578452403464	0.02574406313599832	0.004064258803445627	0.023962479200380603	450.83205022893236	100591.46794977106
p13_C1	p4_D2	0.015399858227284171	0.10764456415994031	0.0008666583396330787	0.017153433459143563	401.97251607649446	65954.6274839235
p13_C1	p27_D6	0.027314799238464724	0.02977182007635171	0.006371004345834722	0.027958279168226536	817.2776511631292	116880.12234883686
p13_C1	p3_G9	0.021330644833823117	0.04459406789593302	0.0029283392710512295	0.022188857513234333	562.671370915443	91343.82862908456
p13_C1	p12_E2	0.015887129427351925	0.09745658551502802	0.0010486115366705362	0.0174892468850887	440.33393763006245	68013.56606236994
p13_C1	p13_D10	0.015708927388470004	0.09880464727089115	0.0012204762521722218	0.0172967518048514	519.5927008582806	67164.50729914173
p13_C1	p1_G2	0.015478749754914188	0.10861444370141102	0.0009096510521374552	0.017253657891762843	425.7147957966604	66267.88520420334
p13_C1	p8_C7	0.02328344217657084	0.030207175337622554	0.004070510193746307	0.023883564163527105	529.8040808983184	99800.89591910169
p13_C1	p3_A3	0.02126057059457528	0.06263567243098382	0.0037256179021955297	0.022430827055468304	1005.486842783411	90596.2131572166
p13_C1	p5_C3	0.0	1.0	0.0	nan	0.0	nan
p13_C1	p20_G9	0.021288414663150578	0.04791123293287042	0.00325249978167474	0.022195212618685227	671.4457962288478	91052.75420377117
p13_C1	p4_E5	5.38318659122471e-05	0.9783524073094796	2.7966533652596142e-05	0.0014999999999999998	117.89361765401517	114.10638234598483
p13_C1	p21_F1	0.023449578452403464	0.02574406313599832	0.004064258803445627	0.023962479200380603	450.83205022893236	100591.46794977106
p13_C1	p8_E4	0.016216849606064437	0.0789986327797847	0.001241577522413236	0.017501132239490798	422.61971482675466	69451.68028517325
p13_C1	p22_D1	0.021592611112335736	0.03818729954806212	0.0026842257877117593	0.02234422206290117	441.6663664439703	92600.23363355604
p13_C1	p12_A11	0.02128795059534099	0.04790958246649999	0.003252461012472769	0.022194694208624213	671.4146627454487	91050.78533725457
p13_C1	p12_G7	0.021523000940897485	0.04230425052604061	0.002808415491463129	0.02235045337561235	511.9195335181818	92229.58046648181
p13_C1	p25_A12	0.016334722829699874	0.07962937148010299	0.0013589619401622244	0.017630142128664403	466.2694030995592	69915.73059690044
p13_C1	p26_E7	0.02339203404401451	0.030539500563906842	0.0046075991801358485	0.02398339056412166	606.3075256123547	100183.69247438764
p13_C1	p22_D4	0.02380203795378581	0.02411235167518479	0.004215480126091047	0.024286859924716152	437.9685761299211	102123.93142387009
p13_C1	p25_C11	0.021666629927965073	0.040309101978964236	0.003424478257926015	0.022433329616516468	594.7765975522344	92764.42340244776
p13_C1	p21_E3	4.6406780958833706e-07	1.0	4.6406780958833706e-07	nan	2.0	nan
p13_C1	p24_B5	0.015568778909974325	0.10870790232206487	0.0011183156500985008	0.017332358825217067	523.8197321478345	66563.18026785219
p13_C1	p21_F9	0.021288878730960168	0.047833524985813655	0.0032506020210285084	0.022194249492580906	669.965630091083	91056.23436990893
p13_C1	p20_F10	0.021287718561436197	0.047908278495304255	0.003252406476040119	0.022194427248464026	671.3851308245225	91049.81486917548
p13_C1	p23_A3	0.02342475082459049	0.027999899306118223	0.003883524598372483	0.02398829355614915	468.5315771610536	100466.66842283895
p23_B8	p26_D6	0.013889549540978928	0.15553238788001253	0.0008203889089462896	0.016296879187503308	549.7901517991752	59298.50984820082
p23_B8	p8_B9	0.013328955626996217	0.18870402238501494	0.0006429911789703612	0.016276652623101115	522.8083420601998	56898.4916579398
p23_B8	p4_D2	0.0233846089590611	0.03117819165649871	0.004747598863907426	0.023983849159056093	637.7952429505759	100119.60475704944
p23_B8	p27_D6	0.0258474168245464	0.02929203264037475	0.005443191534048862	0.02646357605768196	687.0043104255664	110686.19568957445
p23_B8	p3_G9	0.020619460915628992	0.03990277424643758	0.0031267803128932053	0.021348064760815584	537.5969498961107	88314.10305010388
p23_B8	p12_E2	0.02347649438535959	0.029213064695153692	0.004410559294799783	0.024049268524550246	555.1714466848122	100596.3285533152
p23_B8	p13_D10	0.02341152489201722	0.025561543303669446	0.004445682167774071	0.023908162210973593	489.64555693316817	100382.25444306683
p23_B8	p1_G2	0.023445633876021964	0.02916777100371037	0.004980222373271552	0.023999897052175655	625.9048441183343	100394.49515588167
p23_B8	p8_C7	0.013872146998119365	0.1513818178036181	0.000747080113219681	0.016212929623251708	487.3009162528912	59282.99908374711
p23_B8	p3_A3	0.02012290835936947	0.049466026441582114	0.003176773225509721	0.021003937962527097	677.0949506651615	86025.00504933485
p23_B8	p5_C3	0.023392730145728895	0.030536400991899693	0.004607131312441455	0.023984061532966134	606.1844293106878	100186.81557068932
p23_B8	p20_G9	0.020462141928178544	0.047478444237767974	0.003137875915608254	0.021327210673624326	641.9313436490602	87531.66865635096
p23_B8	p4_E5	0.023443545570878816	0.03022148425857778	0.00460240509396995	0.0240303266637747	599.3175116410187	100412.68248835897
p23_B8	p21_F1	0.013328955626996217	0.18870402238501494	0.0006429911789703612	0.016276652623101115	522.8083420601998	56898.4916579398
p23_B8	p8_E4	0.023488096080599298	0.03266434919093941	0.005259702235419668	0.024103234518331226	740.2723087739156	100463.6276912261
p23_B8	p22_D1	0.020333131077112987	0.04179939700753307	0.0028912539465523746	0.021093244986532526	520.7299912243614	87087.57000877563
p23_B8	p12_A11	0.020461677860368958	0.047451565254491235	0.003137017523345088	0.021326252879676814	641.392420615094	87530.2075793849
p23_B8	p12_G7	0.020704385324783657	0.07348868084920225	0.004656267028654447	0.021978397326473505	1474.3977726652683	87741.10222733473
p23_B8	p25_A12	0.02360109659223406	0.032412557672799276	0.005290195825159906	0.024214048137341692	738.8246675587025	100951.77533244132
p23_B8	p26_E7	6.961017143825055e-07	1.0	6.961017143825055e-07	nan	3.0	nan
p23_B8	p22_D4	0.014098612089198473	0.1585540454788901	0.001015879975150845	0.016563797339477358	694.0265156010657	60054.07348439895
p23_B8	p25_C11	0.020778868208222584	0.04477123596781128	0.0034510397527395625	0.02159150642785423	665.741119320977	88868.25888067902
p23_B8	p21_E3	0.023392730145728895	0.030418013431812756	0.004588334395302417	0.023982285280275135	601.3706727955573	100191.62932720444
p23_B8	p24_B5	0.02343194387563911	0.02572469396395826	0.004187521582603774	0.023939367144806385	464.15561793217813	100496.44438206783
p23_B8	p21_F9	0.020462605995988134	0.04749286645714377	0.0031365054520985838	0.021328041726900435	641.8458910723638	87533.75410892763
p23_B8	p20_F10	0.020461445826464163	0.04753790993631991	0.0031349795500680098	0.02132775985991887	642.1420819687818	87528.45791803121
p23_B8	p23_A3	0.013929227338698731	0.1506963603955844	0.00087244142983932	0.016245727172760197	566.494085964541	59450.90591403546
p26_D6	p8_B9	0.013950574457939794	0.16809486208649055	0.0008561466601278181	0.01659464098331845	620.0960173898668	59483.70398261014
p26_D6	p4_D2	0.02357719710004026	0.025189137996694155	0.004183423492028965	0.02407935006283831	454.047692167544	101139.65230783244
p26_D6	p27_D6	0.025865979536929935	0.02836481088280209	0.005171773895168613	0.02647114578594215	632.0853986182956	110823.61460138169
p26_D6	p3_G9	0.020695336002496685	0.04062824609618777	0.003053642612868215	0.02144407018598861	534.567581794663	88644.23241820536
p26_D6	p12_E2	0.02357835726956423	0.028426338870819332	0.004009117724434668	0.02415043090861886	491.05040567675667	101101.34959432326
p26_D6	p13_D10	0.023542392014321133	0.025673473158702814	0.0038176212482016678	0.024061886916488185	422.3123676274189	101016.08763237258
p26_D6	p1_G2	0.023654928458146304	0.023185334086108313	0.004054639359149122	0.02411971321275989	405.0623948840299	101517.43760511598
p26_D6	p8_C7	0.014238992601598945	0.1558949307244993	0.0011249014061012676	0.016662262702972726	755.6188596926398	60601.98114030736
p26_D6	p3_A3	0.020260040397102826	0.07856634824647284	0.004084256503899149	0.021638553143418237	1382.6297999425842	85910.9702000574
p26_D6	p5_C3	0.02360063252442447	0.02392841909046571	0.004154370352009494	0.024078474368083944	428.32709994211257	101266.7729000579
p26_D6	p20_G9	0.02065612227258647	0.04382493864944833	0.0028496283850883825	0.021473859907074764	538.103579490489	88471.59642050951
p26_D6	p4_E5	0.0236512159156696	0.023619622465423602	0.004145472425481272	0.02412420634258161	421.89397015592357	101491.20602984409
p26_D6	p21_F1	0.013950574457939794	0.16809486208649055	0.0008561466601278181	0.01659464098331845	620.0960173898668	59483.70398261014
p26_D6	p8_E4	0.02357000404899164	0.026052073259704284	0.003974766241121735	0.024094290866055502	446.1801235382566	101112.81987646174
p26_D6	p22_D1	0.02052200667561544	0.06823026175183142	0.003995251438136535	0.02173324411819497	1174.5661750224958	87254.83382497751
p26_D6	p12_A11	0.020655658204776883	0.04383995263740756	0.0028501739408994804	0.021473641889692755	538.390982599929	88469.30901740005
p26_D6	p12_G7	0.020830611768991685	0.06572208452033332	0.004236692388405342	0.02200076320833854	1199.7606069670328	88566.63939303297
p26_D6	p25_A12	0.023684396764055163	0.025680779952920483	0.003980805725479181	0.024203825848439265	440.48946797050235	101611.21053202948
p26_D6	p26_E7	0.013888853439264544	0.15557392665726244	0.0008207270906801157	0.01629675367348007	550.1636825863734	59295.13631741363
p26_D6	p22_D4	0.00042787052044044677	0.7733093435007699	0.0001654864601150566	0.0014999999999999998	551.4067266556177	1291.3932733443824
p26_D6	p25_C11	0.020840125159088247	0.04188834775317532	0.0031709088470914747	0.0216134823291789	572.3126220323572	89227.18737796764
p26_D6	p21_E3	0.02360063252442447	0.023930325654921456	0.004150568388178662	0.024078606498837044	427.9692038711956	101267.13079612881
p26_D6	p24_B5	0.02355445777737043	0.022487819116735416	0.003556653480832971	0.024014427817564004	344.62377073809404	101146.4762292619
p26_D6	p21_F9	0.02065658634039606	0.04384122000701855	0.002850138740925495	0.021474639086770816	538.399897567603	88473.3001024324
p26_D6	p20_F10	0.02065542617087209	0.04383858485265641	0.00285011534706838	0.02147337521149447	538.3631171806009	88468.33688281938
p26_D6	p23_A3	0.014313707518942669	0.1553849776656436	0.0009469467174256906	0.01677176375902129	634.0024099042377	61037.09759009576
p8_B9	p4_D2	0.02358183777813614	0.030950414129306554	0.004332454820898078	0.024196661149310544	577.7724680681656	101031.72753193183
p8_B9	p27_D6	0.02576481275443968	0.0312608491043606	0.005507909228608061	0.02641856126988512	741.8974537765658	110273.80254622344
p8_B9	p3_G9	0.020666099730492618	0.03579836129691103	0.0027859621119465396	0.021328911162900272	429.72902577329853	88612.07097422669
p8_B9	p12_E2	0.02357116421851561	0.03326458710523803	0.004498539899338462	0.024228150295679544	644.7777612465977	100921.62223875339
p8_B9	p13_D10	0.023380432348774804	0.028281532454154865	0.004117792272298161	0.023941970811182642	501.7919716773533	100243.60802832265
p8_B9	p1_G2	0.023344003025722117	0.030461244938220777	0.0049459154371443844	0.023922053690987252	649.1583856965605	99935.54161430345
p8_B9	p8_C7	0.01379673597906126	0.1608943816947372	0.0008858180732424151	0.016270079738582664	614.1037538404134	58825.09624615959
p8_B9	p3_A3	0.020248902769672703	0.04934527452680967	0.0029652968102151828	0.021146018714189883	630.4782019495786	86617.92179805043
p8_B9	p5_C3	0.023449578452403464	0.02574406313599832	0.004064258803445627	0.023962479200380603	450.83205022893236	100591.46794977106
p8_B9	p20_G9	0.02053035989618803	0.04500214965974191	0.002808516554600956	0.02136436518247363	544.5861396260101	87912.11386037398
p8_B9	p4_E5	0.023499697775839004	0.025410306800811702	0.004041333380656891	0.02400769961651852	442.4772260590329	100815.82277394098
p8_B9	p21_F1	0.0	1.0	0.0	nan	0.0	nan
p8_B9	p8_E4	0.02354332014994031	0.030144655041525165	0.004972057995655916	0.02412043511059219	645.8071370031744	100797.19286299682
p8_B9	p22_D1	0.020433601757888862	0.04761511707845376	0.0028418221138856482	0.021312260812604074	583.039638971343	87457.76036102866
p8_B9	p12_A11	0.02052989582837844	0.04499829707341249	0.0028083189781607986	0.021363813598365446	544.5012103521564	87910.19878964784
p8_B9	p12_G7	0.02077561973355547	0.0662338512646354	0.004149611953358544	0.021953644814848506	1184.25119204836	88328.54880795165
p8_B9	p25_A12	0.023655392525955894	0.029897782809737445	0.00501278081752824	0.02422978629416711	645.7643033506594	101279.93569664934
p8_B9	p26_E7	0.013328259525281834	0.18858946714187358	0.0006404789173518226	0.016274171288114373	520.4495149617356	56897.85048503827
p8_B9	p22_D4	0.014157548701016192	0.17088775782111335	0.0010663391259978347	0.01685368474005234	785.1680738307958	60209.4319261692
p8_B9	p25_C11	0.020771211089364378	0.04428854040293206	0.003268948392655598	0.021580899097034357	623.8149349279536	88869.48506507206
p8_B9	p21_E3	0.023449578452403464	0.025657424236948657	0.004048566817667112	0.0239611230613748	447.58003149608265	100594.71996850392
p8_B9	p24_B5	0.023494825063838327	0.02724031417417697	0.004214606401506542	0.024035255846117338	494.68127412138165	100742.01872587862
p8_B9	p21_F9	0.020530823963997618	0.04499952514805037	0.002808280074921989	0.02136481136841808	544.5085275478667	87914.19147245215
p8_B9	p20_F10	0.02052966379447365	0.044996797193000086	0.00280825019979971	0.021363544678434272	544.4697261720618	87909.23027382794
p8_B9	p23_A3	0.01417123870139905	0.16172968544100186	0.0008721000825191882	0.016736264200555896	607.7324210350366	60450.367578964964
p4_D2	p27_D6	0.02726096737255248	0.027440779787040466	0.005794344995871943	0.027867446527175207	685.1049955163744	116780.29500448365
p4_D2	p3_G9	0.021348743478397065	0.0453367665297631	0.003206701063075554	0.02220977891335098	626.4196237631792	91358.88037623683
p4_D2	p12_E2	0.015424917889001941	0.1037308332434673	0.0009271157164200009	0.017102221268844652	414.37938911749234	66046.1206108825
p4_D2	p13_D10	0.015623770945410544	0.09989382749796359	0.0010679573494818855	0.017238813786074628	459.6728978063514	66858.62710219366
p4_D2	p1_G2	0.014975004147606049	0.13398420226833002	0.0008874722854649456	0.01715531108738683	512.34762861666	64014.85237138334
p4_D2	p8_C7	0.023260702853901014	0.03336516539588041	0.004518095943227024	0.02390926682379858	649.5387529690697	99582.96124703094
p4_D2	p3_A3	0.021307673477248497	0.06614922502863146	0.004287539173943656	0.02251209919233171	1222.050625699967	90583.64937430003
p4_D2	p5_C3	0.015399858227284171	0.10764456415994031	0.0008666583396330787	0.017153433459143563	401.97251607649446	65954.6274839235
p4_D2	p20_G9	0.021353384156492947	0.049331132842059325	0.003199023680637496	0.02229483063785772	679.978028130973	91325.02197186902
p4_D2	p4_E5	0.01545160178805327	0.10774672680377399	0.0008994839451381916	0.017209338658693934	417.59360364302836	66162.00639635697
p4_D2	p21_F1	0.02358183777813614	0.030950414129306554	0.004332454820898078	0.024196661149310544	577.7724680681656	101031.72753193183
p4_D2	p8_E4	0.016043056211373606	0.08875191625299729	0.0012899814400484726	0.017480654524174494	493.3072936186113	68635.7927063814
p4_D2	p22_D1	0.021409072293643548	0.03670795558229688	0.0025353157078579	0.022129371930418675	401.0038855381757	91850.89611446182
p4_D2	p12_A11	0.021352920088683357	0.04932519988688564	0.0031976510657248177	0.022294294433028362	679.6045233834462	91323.39547661657
p4_D2	p12_G7	0.0215223048391831	0.04687092256769115	0.003456605362577302	0.02241142953927035	698.0871395588434	92040.21286044117
p4_D2	p25_A12	0.0161625536723426	0.0879926140035462	0.0013790940365555526	0.017589555338746815	522.8732644881206	69120.92673551188
p4_D2	p26_E7	0.023383912857346714	0.031181792183819022	0.00474810723923765	0.02398318562802434	637.9372003018622	100116.46279969816
p4_D2	p22_D4	0.023779066597211185	0.02666173272030963	0.004438586299213143	0.0243096188471204	509.9051222660687	101952.59487773392
p4_D2	p25_C11	0.021660365012535633	0.0356643064762127	0.002878969146918683	0.022355593181371435	442.4122360167779	92890.38776398322
p4_D2	p21_E3	0.015399858227284171	0.10778859988161428	0.0008682812908677836	0.017155866673700705	403.26414523485323	65953.33585476514
p4_D2	p24_B5	0.014776151091197445	0.13949381508984146	0.0008494475450534475	0.017032986294878958	510.5612543195315	63154.038745680475
p4_D2	p21_F9	0.021353848224302537	0.04928660329321516	0.0031962245359854675	0.022294569569716444	678.7697914334948	91328.2302085665
p4_D2	p20_F10	0.021352688054778565	0.049322613911270234	0.003197517258792052	0.022294005305581947	679.5404568903255	91322.45954310968
p4_D2	p23_A3	0.02349644930117189	0.03094093518036978	0.00439451138832413	0.024106471653808952	585.8687942365316	100656.13120576348
p27_D6	p3_G9	0.024909999849177963	0.023820646323506285	0.004119636685383482	0.02541758431267736	422.83292158908716	106910.46707841092
p27_D6	p12_E2	0.027305517882272957	0.032622527740034164	0.00639247411677108	0.028011261150719773	898.5513963127802	116757.5486036872
p27_D6	p13_D10	0.027134044826630066	0.027420304445019947	0.005776817101250448	0.027736112175341856	682.5228979858125	116232.37710201419
p27_D6	p1_G2	0.027163049064729338	0.02645947876409337	0.005906036512668419	0.027741370188626827	673.3389667533581	116369.26103324664
p27_D6	p8_C7	0.02575483529653353	0.02347865609710168	0.004860436020440778	0.02625892940447891	491.7052002164383	110487.99479978357
p27_D6	p3_A3	0.02480303221906785	0.034790732805113384	0.0049551108352242895	0.025517578836930725	742.8023785248196	106124.89762147519
p27_D6	p5_C3	0.027314799238464724	0.02977182007635171	0.006371004345834722	0.027958279168226536	817.2776511631292	116880.12234883686
p27_D6	p20_G9	0.02505084442938802	0.03535180518433356	0.004703378754502993	0.025796795059828098	716.4367983595383	107223.76320164045
p27_D6	p4_E5	0.027365382629709854	0.02963589756181066	0.006386544955367399	0.028006920061094006	815.5308506362437	117099.86914936376
p27_D6	p21_F1	0.02576481275443968	0.0312608491043606	0.005507909228608061	0.02641856126988512	741.8974537765658	110273.80254622344
p27_D6	p8_E4	0.027309462458654458	0.026407845467762325	0.005836911988123581	0.02789295670518208	664.1595944767402	117011.34040552327
p27_D6	p22_D1	0.025238095790556917	0.03556677414212975	0.004617875490043438	0.02599896838454956	707.6899564788856	108040.01004352114
p27_D6	p12_A11	0.025050380361578434	0.03538393209452581	0.004705546517298709	0.02579693687372386	717.418381771873	107220.78161822814
p27_D6	p12_G7	0.02490721544232043	0.027619309191755825	0.0036913101905562437	0.025510613092888764	439.28835379508934	106884.2116462049
p27_D6	p25_A12	0.02742478330933716	0.02631143702520892	0.005900755033427106	0.028007438406897442	668.9728458230442	117503.22715417693
p27_D6	p26_E7	0.02584672072283202	0.029286864061679452	0.005442670246272329	0.026462762606072054	686.8173065750271	110683.38269342498
p27_D6	p22_D4	0.026074113949530305	0.027764375193939643	0.005205448388233667	0.026670867182846524	622.7337240400258	111728.76627595996
p27_D6	p25_C11	0.025374995794385475	0.03499131694006904	0.004779703889771556	0.026123230607054966	720.6387584291552	108621.16124157087
p27_D6	p21_E3	0.027314799238464724	0.029730766110696357	0.00636131181868876	0.027957662765108058	814.9090122359491	116882.49098776406
p27_D6	p24_B5	0.027128940080724594	0.028399813252459525	0.006089333461842581	0.027744696341916276	745.1463487493181	116151.25365125072
p27_D6	p21_F9	0.02505130849719761	0.03536542603470082	0.004706111979134763	0.025797473881620903	717.1293331341328	107225.07066686587
p27_D6	p20_F10	0.02505014832767364	0.035377373524807416	0.004704872625480861	0.025796577591243153	717.1826810296673	107220.01731897033
p27_D6	p23_A3	0.026054159033718008	0.024942301414456785	0.005207159047259423	0.02658796531120012	559.6206120881025	111704.7793879119
p3_G9	p12_E2	0.02142809907383667	0.04232081125671888	0.0029948051061693647	0.022241087152148894	546.108435808572	91776.69156419142
p3_G9	p13_D10	0.021534138568327605	0.0406292646487705	0.002913803346421549	0.02232128171981792	510.100249422014	92270.299750578
p3_G9	p1_G2	0.02145385483726882	0.04184804326828005	0.003267358765513142	0.02224795374937363	589.1533018911399	91850.34669810887
p3_G9	p8_C7	0.0204797765049429	0.042939602790042705	0.0031959071166617493	0.021256386141611686	591.3008558591638	87656.69914414083
p3_G9	p3_A3	0.014826038380728192	0.1725267139469437	0.0007538564794258042	0.01775994159878698	560.4041704410766	63321.595829558915
p3_G9	p5_C3	0.021330644833823117	0.04459406789593302	0.0029283392710512295	0.022188857513234333	562.671370915443	91343.82862908456
p3_G9	p20_G9	0.01505412770914086	0.17008338315045374	0.0006527741727836227	0.018009313920187092	478.3890000329071	64400.31099996709
p3_G9	p4_E5	0.021381692292877834	0.04419148891412631	0.00293980493673712	0.02223363398690769	559.7749826114921	91566.72501738851
p3_G9	p21_F1	0.020666099730492618	0.03579836129691103	0.0027859621119465396	0.021328911162900272	429.72902577329853	88612.07097422669
p3_G9	p8_E4	0.02151371958470572	0.039807563413543134	0.00298395283361259	0.02228175202258785	511.81603232883015	92185.78396767119
p3_G9	p22_D1	0.014915139400169152	0.18982193096883174	0.0008399973403322449	0.01821084776030341	687.0378030182883	63572.162196981706
p3_G9	p12_A11	0.015053663641331271	0.17009699503343215	0.0006516495351580063	0.018009269802153505	477.60302322899065	64399.096976771005
p3_G9	p12_G7	0.014977556520558785	0.1902231538494157	0.0006692710401528156	0.018339062776760305	548.5569820259082	63988.04301797409
p3_G9	p25_A12	0.02162741619805486	0.03953537731617461	0.0030351964619228246	0.02239250321656659	517.0458198172868	92670.25418018272
p3_G9	p26_E7	0.02061876481391461	0.03996093608525354	0.003129360684776516	0.021348336020399837	538.8248431462024	88309.8751568538
p3_G9	p22_D4	0.02090393448290664	0.04018002291222619	0.003124141306476276	0.02164961771296346	540.8753448931931	89535.7246551068
p3_G9	p25_C11	0.014890311772356177	0.1889451441474632	0.0007611136595394013	0.018182145792141096	619.6430563163898	63540.65694368361
p3_G9	p21_E3	0.021330644833823117	0.04454672411176745	0.0029235163451434096	0.022188127995332894	561.148278141746	91345.35172185826
p3_G9	p24_B5	0.021357096698969652	0.0442911969601425	0.0030077216723090896	0.022206904160352044	573.9993470732915	91447.10065292672
p3_G9	p21_F9	0.015054591776950448	0.17009223057828152	0.0006512755985931605	0.018010365389939376	477.31558981915555	64403.38441018085
p3_G9	p20_F10	0.015053431607426478	0.17008800114698952	0.0006512487966481328	0.0180088841771324	477.2840786398587	64398.41592136014
p3_G9	p23_A3	0.020769586852030817	0.039486917578253095	0.0032825305812559757	0.021488847271597798	558.4937921213341	88935.00620787867
p12_E2	p13_D10	0.015663448743130345	0.09904574254285102	0.0009518212831953539	0.01728254634681793	406.2071466200515	67091.39285337995
p12_E2	p1_G2	0.014586347357075816	0.14507841499241853	0.0004200102626064908	0.016988403361656787	262.554242595826	62579.94575740418
p12_E2	p8_C7	0.023318247262289964	0.03416335765998041	0.004309444179952559	0.023990847353560545	634.3634369213448	99840.23656307865
p12_E2	p3_A3	0.02144921415917294	0.03849792371363542	0.003122623111136198	0.022182136389277768	517.9802648271187	91898.81973517289
p12_E2	p5_C3	0.015887129427351925	0.09745658551502802	0.0010486115366705362	0.0174892468850887	440.33393763006245	68013.56606236994
p12_E2	p20_G9	0.021509542974419423	0.044424718660213816	0.0031059887576474687	0.02236351715061055	594.5397574523246	92079.16024254766
p12_E2	p4_E5	0.015937944852501846	0.09693045042664275	0.001063827368429165	0.017534316883935357	444.3116757323073	68228.5883242677
p12_E2	p21_F1	0.02357116421851561	0.03326458710523803	0.004498539899338462	0.024228150295679544	644.7777612465977	100921.62223875339
p12_E2	p8_E4	0.01604560858432634	0.09671292691260225	0.001262278595560848	0.017628293506987112	526.0125196765108	68610.78748032347
p12_E2	p22_D1	0.021645050774819218	0.03804657938327179	0.0028726852154270085	0.022387717893113647	470.9339416407568	92794.06605835925
p12_E2	p12_A11	0.021509078906609833	0.044423999306941256	0.003107356077343247	0.022362953342883986	594.7918545943509	92076.90814540564
p12_E2	p12_G7	0.021559894331759758	0.044938582471488527	0.003181283095238424	0.022424403950464473	615.9961854883707	92280.20381451162
p12_E2	p25_A12	0.016163945875771368	0.10569401917967372	0.0014937918511358649	0.017897561436299125	680.2943044350626	68966.20569556495
p12_E2	p26_E7	0.023475798283645207	0.029215756078528016	0.004410998015897693	0.02404859256404407	555.2778226603926	100593.22217733962
p12_E2	p22_D4	0.023785099478735833	0.027849950578098012	0.004031000766162236	0.024350285811361245	483.7195560215794	101998.48044397842
p12_E2	p25_C11	0.02183903111922714	0.03612233723809799	0.003183133119329236	0.022537670872445757	495.4353378742182	93602.46466212579
p12_E2	p21_E3	0.015887129427351925	0.09750525888815455	0.001049420430788754	0.0174900461692457	440.89369767719927	68013.00630232278
p12_E2	p24_B5	0.015197524662303655	0.11564238147193946	0.0008388263278995936	0.017073923738709335	417.9702931515423	65060.52970684846
p12_E2	p21_F9	0.02151000704222901	0.04432318718079711	0.003102702161131128	0.02236210934564993	592.5532797206945	92083.1467202793
p12_E2	p20_F10	0.02150884687270504	0.04441898143091882	0.003105687421694059	0.022362686923408103	594.4053021850536	92076.29469781494
p12_E2	p23_A3	0.023489024216218474	0.02970460313180763	0.004265060109080305	0.024077066073719067	545.890135733486	100661.60986426652
p13_D10	p1_G2	0.015758350610191162	0.10999742483342402	0.0013531357845194998	0.017536824915992885	641.3280472879042	67250.9719527121
p13_D10	p8_C7	0.023290867261524253	0.02758800496200678	0.004122447812572632	0.02383485838671091	490.0403010223693	99866.35969897764
p13_D10	p3_A3	0.02144758992183938	0.05307536371737726	0.0036836345818918276	0.022442975986609076	842.4145446720913	91569.7854553279
p13_D10	p5_C3	0.015708927388470004	0.09880464727089115	0.0012204762521722218	0.0172967518048514	519.5927008582806	67164.50729914173
p13_D10	p20_G9	0.021415105175168196	0.04255214364556059	0.0031323263559786445	0.02222612386351886	574.3078918600188	91692.79210813998
p13_D10	p4_E5	0.01575997484752472	0.0975689646253158	0.0012252918465776317	0.017330796813083627	515.1190084081524	67388.98099159184
p13_D10	p21_F1	0.023380432348774804	0.028281532454154865	0.004117792272298161	0.023941970811182642	501.7919716773533	100243.60802832265
p13_D10	p8_E4	0.016150951977102895	0.08805845893380482	0.0013246974693804172	0.01758249024344671	502.6250433365706	69088.17495666341
p13_D10	p22_D1	0.02150397416070436	0.03944385874920114	0.003086944354086146	0.022260648022972486	524.6437841718462	92133.35621582816
p13_D10	p12_A11	0.021414641107358606	0.04256240751750873	0.0031325276386213892	0.022225834803280754	574.4833327115612	91690.61666728844
p13_D10	p12_G7	0.021435756192694878	0.042707164869113856	0.003141417856890479	0.022251720557762332	578.0731336920657	91783.52686630793
p13_D10	p25_A12	0.016267897065119157	0.08651730784450481	0.0013640434453289672	0.017679307046730448	508.4959943197831	69586.00400568022
p13_D10	p26_E7	0.02341082879030284	0.025555087188902172	0.0044450422231036586	0.02390733553756372	489.4514210358057	100379.44857896419
p13_D10	p22_D4	0.023746117782730412	0.0256277686339844	0.003823204382670065	0.024269633182926312	422.1770743826291	101893.02292561736
p13_D10	p25_C11	0.02166918230091781	0.03153218081716255	0.0029268064287694988	0.022279107175447756	397.653074561666	92969.24692543833
p13_D10	p21_E3	0.015708927388470004	0.09889182915387552	0.001221393487971006	0.017298206516827782	520.4420107690152	67163.657989231
p13_D10	p24_B5	0.01516550398344206	0.1122305573248521	0.0009404817089375283	0.016962341052360143	454.7972282157805	64884.702771784214
p13_D10	p21_F9	0.021415569242977783	0.04248088234813933	0.003128227056957049	0.02222536947587991	572.5957665698626	91696.50423343015
p13_D10	p20_F10	0.021414409073453815	0.042561706105941344	0.0031325177497459654	0.022225578855133203	574.4720519347894	91689.62794806517
p13_D10	p23_A3	0.023422430485542548	0.026025810223281775	0.0037424298070321774	0.02394805015072017	419.6761200644213	100501.82387993559
p1_G2	p8_C7	0.023315926923242025	0.02765780744058314	0.004264416331909543	0.023858466719920524	508.1988555146967	99958.10114448529
p1_G2	p3_A3	0.021474273820890708	0.060982709052719464	0.0041841337572446	0.02259664247095356	1099.4325960312406	91426.86740396876
p1_G2	p5_C3	0.015478749754914188	0.10861444370141102	0.0009096510521374552	0.017253657891762843	425.7147957966604	66267.88520420334
p1_G2	p20_G9	0.021407680090214782	0.04140339773303983	0.0027726387741120696	0.02221231382635908	494.6358741790475	91745.76412582095
p1_G2	p4_E5	0.015530261281778493	0.10847651933865832	0.0009367789121209806	0.0173056200600066	437.8538607788125	66477.74613922118
p1_G2	p21_F1	0.023344003025722117	0.030461244938220777	0.0049459154371443844	0.023922053690987252	649.1583856965605	99935.54161430345
p1_G2	p8_E4	0.015916829767165578	0.09834274710191863	0.0010825208194606749	0.017535168038137025	458.7065371037572	68125.19346289625
p1_G2	p22_D1	0.021648067215581542	0.03755429800451166	0.0028810898562737154	0.02238022952844496	466.2005565751532	92810.49944342484
p1_G2	p12_A11	0.021407216022405195	0.04138231719595659	0.0027708780873884277	0.02221147813986389	494.07008560375186	91744.32991439626
p1_G2	p12_G7	0.02153112212756528	0.042386756797944826	0.0033099766654472807	0.022337110255293637	604.5210892264425	92166.57891077355
p1_G2	p25_A12	0.016035167058610605	0.09672757157098909	0.0011526086572976786	0.017629203296944385	480.38396000629274	68613.2160399937
p1_G2	p26_E7	0.023444937774307582	0.029158213212766446	0.004979360971991145	0.02399901851697079	625.5915217701618	100391.80847822984
p1_G2	p22_D4	0.02385563778579326	0.022757726809281148	0.004004555663226767	0.024317241783166098	392.68069457521125	102393.6193054248
p1_G2	p25_C11	0.021755266879596447	0.03661831336281596	0.00324300713083246	0.02245957314894522	511.68487119700075	93230.11512880301
p1_G2	p21_E3	0.015478749754914188	0.1087173569060222	0.000911241231724286	0.01725535110772532	426.86307042877405	66266.73692957121
p1_G2	p24_B5	0.014595628713267583	0.15217744476258852	0.0007755701481466288	0.01707631712561133	508.54303222384976	62381.45696777615
p1_G2	p21_F9	0.021408144158024372	0.04130422937590235	0.0027693043112707438	0.022210930794428024	492.85769511119173	91749.54230488882
p1_G2	p20_F10	0.0214069839885004	0.041390389086818816	0.0027705694905112476	0.02221141305827993	494.11142113161674	91743.28857886838
p1_G2	p23_A3	0.023463964554500703	0.025983961899665956	0.003866650244195345	0.02398697203196485	432.9089821404711	100669.49101785952
p8_C7	p3_A3	0.020028006492308657	0.07245136189475421	0.003945082973213211	0.02128343368742229	1231.569801428479	85061.83019857154
p8_C7	p5_C3	0.02328344217657084	0.030207175337622554	0.004070510193746307	0.023883564163527105	529.8040808983184	99800.89591910169
p8_C7	p20_G9	0.020330114636350663	0.04862626207752857	0.0029943535589038845	0.021217271890153072	627.3794670485655	86975.52053295143
p8_C7	p4_E5	0.023333793533911174	0.029791488556549915	0.004039227481195528	0.023927944297483704	518.4977213920489	100029.20227860795
p8_C7	p21_F1	0.01379673597906126	0.1608943816947372	0.0008858180732424151	0.016270079738582664	614.1037538404134	58825.09624615959
p8_C7	p8_E4	0.023344467093531707	0.030299856559868155	0.004573107739079473	0.023932243729867405	597.0467543408402	99994.75324565917
p8_C7	p22_D1	0.0202052803955714	0.041040873550623004	0.0027638847952694006	0.020953198606990596	488.7568632501484	86577.84313674984
p8_C7	p12_A11	0.020329650568541077	0.04864212519511241	0.0029966009155813706	0.02121697293823033	628.0551557753196	86972.84484422467
p8_C7	p12_G7	0.020678165493541917	0.06282236919551842	0.004129784482663984	0.02179086042927489	1117.8873325518284	87993.91266744818
p8_C7	p25_A12	0.02345885980859523	0.030646705887364414	0.004714721966607466	0.02405265604654229	622.5815171782277	100461.91848282178
p8_C7	p26_E7	0.013871450896404982	0.1513843010484722	0.0007462624669239593	0.016212300286282923	486.7755717153614	59280.52442828463
p8_C7	p22_D4	0.014450375488866433	0.152787900175786	0.0012846635372446582	0.01682569816286339	845.7357636281731	61421.66423637181
p8_C7	p25_C11	0.020692087527829566	0.04205864701894782	0.0031529420935575295	0.02146409419511506	571.3834125232498	88594.71658747675
p8_C7	p21_E3	0.02328344217657084	0.0301975037744909	0.004066176526270405	0.023883501514418048	529.0705760519247	99801.62942394808
p8_C7	p24_B5	0.023285298447809195	0.028374894916003937	0.004233495867903234	0.023842683231651524	517.5946016334282	99818.30539836657
p8_C7	p21_F9	0.020330578704160253	0.04862765228193919	0.002994365791831693	0.02121778578471944	627.3999666906028	86977.5000333094
p8_C7	p20_F10	0.02032941853463628	0.04862030948550416	0.0029940867598510414	0.02121643967638024	627.2467731677899	86972.65322683222
p8_C7	p23_A3	0.014054293613382788	0.15767825008813113	0.0008673293300209475	0.016521325772201532	589.2670542784699	59962.43294572153
p3_A3	p5_C3	0.02126057059457528	0.06263567243098382	0.0037256179021955297	0.022430827055468304	1005.486842783411	90596.2131572166
p3_A3	p20_G9	0.013513886649117169	0.22778753306180624	0.0006624179373895913	0.017304296494779287	650.1571924203816	57576.74280757962
p3_A3	p4_E5	0.021310457884106026	0.06233308619865782	0.003729475420004049	0.022477749361247877	1001.66549864573	90815.03450135427
p3_A3	p21_F1	0.020248902769672703	0.04934527452680967	0.0029652968102151828	0.021146018714189883	630.4782019495786	86617.92179805043
p3_A3	p8_E4	0.021451302464316088	0.05453890711675404	0.003946781269035251	0.022460615484032595	927.4827168868202	91500.1172831132
p3_A3	p22_D1	0.013843606827829683	0.20503264828129678	0.0007213702342678033	0.017227967234733656	637.2906921056813	59011.90930789432
p3_A3	p12_A11	0.01351342258130758	0.22772980512951957	0.000658948760843086	0.017303474460339748	646.5883214591726	57578.31167854083
p3_A3	p12_G7	0.014503279219159504	0.18772107678788366	0.0007282699358572232	0.017684361929619388	589.0630133965038	61894.3369866035
p3_A3	p25_A12	0.02156499907766523	0.054237788391808726	0.004026031455784931	0.02257034487930822	940.8826760487908	91976.41732395122
p3_A3	p26_E7	0.02012221225765509	0.04951976011023689	0.003178638179323004	0.021004116101277014	678.2283880254882	86020.87161197452
p3_A3	p22_D4	0.020468174809703196	0.07682841113722681	0.004160408196188742	0.021824370424180412	1377.2542814528306	86812.14571854718
p3_A3	p25_C11	0.014365451079711768	0.19126173743142066	0.000974250710213955	0.017531082145388018	802.8883637511192	61090.411636248886
p3_A3	p21_E3	0.02126057059457528	0.06265441126073988	0.0037249338158892933	0.022431246724328294	1005.6029765549229	90596.09702344507
p3_A3	p24_B5	0.021383316530211395	0.055771449878557734	0.003740371822237699	0.022424686877178107	898.8413587723054	91234.65864122771
p3_A3	p21_F9	0.013514350716926757	0.22770317228752301	0.0006584961678491582	0.017304235953240866	646.0686520052055	57582.8313479948
p3_A3	p20_F10	0.013513190547402786	0.2276869284548771	0.0006581298201865969	0.017302491331817237	645.6631548203303	57578.23684517967
p3_A3	p23_A3	0.02021641802300152	0.04932750147087829	0.0031981673102127375	0.02109949157993613	679.7459585078727	86428.95404149212
p5_C3	p20_G9	0.021288414663150578	0.04791123293287042	0.00325249978167474	0.022195212618685227	671.4457962288478	91052.75420377117
p5_C3	p4_E5	5.38318659122471e-05	0.9783524073094796	2.7966533652596142e-05	0.0014999999999999998	117.89361765401517	114.10638234598483
p5_C3	p21_F1	0.023449578452403464	0.02574406313599832	0.004064258803445627	0.023962479200380603	450.83205022893236	100591.46794977106
p5_C3	p8_E4	0.016216849606064437	0.0789986327797847	0.001241577522413236	0.017501132239490798	422.61971482675466	69451.68028517325
p5_C3	p22_D1	0.021592611112335736	0.03818729954806212	0.0026842257877117593	0.02234422206290117	441.6663664439703	92600.23363355604
p5_C3	p12_A11	0.02128795059534099	0.04790958246649999	0.003252461012472769	0.022194694208624213	671.4146627454487	91050.78533725457
p5_C3	p12_G7	0.021523000940897485	0.04230425052604061	0.002808415491463129	0.02235045337561235	511.9195335181818	92229.58046648181
p5_C3	p25_A12	0.016334722829699874	0.07962937148010299	0.0013589619401622244	0.017630142128664403	466.2694030995592	69915.73059690044
p5_C3	p26_E7	0.02339203404401451	0.030539500563906842	0.0046075991801358485	0.02398339056412166	606.3075256123547	100183.69247438764
p5_C3	p22_D4	0.02380203795378581	0.02411235167518479	0.004215480126091047	0.024286859924716152	437.9685761299211	102123.93142387009
p5_C3	p25_C11	0.021666629927965073	0.040309101978964236	0.003424478257926015	0.022433329616516468	594.7765975522344	92764.42340244776
p5_C3	p21_E3	4.6406780958833706e-07	1.0	4.6406780958833706e-07	nan	2.0	nan
p5_C3	p24_B5	0.015568778909974325	0.10870790232206487	0.0011183156500985008	0.017332358825217067	523.8197321478345	66563.18026785219
p5_C3	p21_F9	0.021288878730960168	0.047833524985813655	0.0032506020210285084	0.022194249492580906	669.965630091083	91056.23436990893
p5_C3	p20_F10	0.021287718561436197	0.047908278495304255	0.003252406476040119	0.022194427248464026	671.3851308245225	91049.81486917548
p5_C3	p23_A3	0.02342475082459049	0.027999899306118223	0.003883524598372483	0.02398829355614915	468.5315771610536	100466.66842283895
p20_G9	p4_E5	0.021338998054395708	0.04748791675557069	0.003264833496527382	0.022239295706412747	668.0369608502061	91274.16303914979
p20_G9	p21_F1	0.02053035989618803	0.04500214965974191	0.002808516554600956	0.02136436518247363	544.5861396260101	87912.11386037398
p20_G9	p8_E4	0.02161859890967268	0.04020774223296573	0.0032420631456097134	0.022388257284733506	561.6781019706983	92587.82189802929
p20_G9	p22_D1	0.014330413960087848	0.19407883472636508	0.0007725929898205965	0.017593113615026343	646.0784796184039	61093.02152038159
p20_G9	p12_A11	1.8562712383533482e-06	0.9993735451920956	1.2490318675307728e-06	0.0014999999999999998	5.378457038470676	2.6215429615293235
p20_G9	p12_G7	0.01477916753195977	0.18523377110415667	0.0007228415213747922	0.01797510716375966	576.9253149502013	63104.5746850498
p20_G9	p25_A12	0.021732295523021822	0.03921973193968685	0.0032354669217240285	0.02248712817225052	546.7614935691364	93092.43850643087
p20_G9	p26_E7	0.020461445826464163	0.04747217235742813	0.0031375903528704915	0.02132637418931356	641.7881335035909	87528.81186649641
p20_G9	p22_D4	0.02086263244785328	0.04293531207182056	0.002879937463098178	0.021670717643498715	532.7874879402082	89365.71251205979
p20_G9	p25_C11	0.014943447536554041	0.17702195727587927	0.0008746896210839048	0.01796981663072364	667.171441117483	63721.82855888251
p20_G9	p21_E3	0.021288414663150578	0.04793391389973997	0.003253287094250996	0.022195624249846925	671.9262654024479	91052.27373459756
p20_G9	p24_B5	0.021387261106592895	0.04415369052898958	0.002965711191809519	0.022237574462329834	564.2248393231504	91586.57516067685
p20_G9	p21_F9	2.784406857530022e-06	0.9993923523116034	2.1920595513259354e-06	0.0014999999999999998	9.43940687350138	2.560593126498622
p20_G9	p20_F10	1.6242373335591797e-06	0.9993676250977108	1.013380768960251e-06	0.0014999999999999998	4.363693820705722	2.636306179294278
p20_G9	p23_A3	0.020638487695822112	0.07420136834534695	0.004201893850587774	0.02195617791217096	1343.4246946342284	87584.97530536578
p4_E5	p21_F1	0.023499697775839004	0.025410306800811702	0.004041333380656891	0.02400769961651852	442.4772260590329	100815.82277394098
p4_E5	p8_E4	0.016267897065119157	0.07865750438323035	0.0012764314584695216	0.017547553825427078	432.60745410442314	69661.6925458956
p4_E5	p22_D1	0.021642266367961686	0.03754135214673026	0.0026731144728981172	0.0223830638464773	432.39812706848386	92823.5018729315
p4_E5	p12_A11	0.02133853398658612	0.04748590576542263	0.0032647742796435173	0.022238771292286543	667.9965550120078	91272.203444988
p4_E5	p12_G7	0.021573352298237817	0.04215605185080897	0.0028234989044678706	0.022399344521798162	512.865977317748	92445.63402268225
p4_E5	p25_A12	0.016385770288754594	0.089887586025696	0.0015736493979983139	0.017848438040458076	609.4864198400945	69992.51358015992
p4_E5	p26_E7	0.023442849469164435	0.030224601549698766	0.004602878390452816	0.024029656413480607	599.4409683874989	100409.5590316125
p4_E5	p22_D4	0.023852621345030935	0.02380161153925483	0.004204379803018081	0.02433256923519597	431.1859887207252	102348.71401127927
p4_E5	p25_C11	0.021717677387019792	0.04016229225296395	0.0034485781589269574	0.022482608476250665	596.7808813409641	92982.41911865903
p4_E5	p21_E3	5.38318659122471e-05	0.9783524073094796	2.7966533652596142e-05	0.0014999999999999998	117.89361765401517	114.10638234598483
p4_E5	p24_B5	0.015618898233409865	0.10861071876110392	0.0011408879175264723	0.017384078807617116	533.9148553975456	66769.08514460246
p4_E5	p21_F9	0.021339462122205298	0.047401196943318014	0.0032624276245231173	0.022238175345745587	666.3256478505897	91277.87435214942
p4_E5	p20_F10	0.021338301952681327	0.047484251548349315	0.0032646994808309135	0.02223849841645933	667.9579808635465	91271.24201913645
p4_E5	p23_A3	0.023475566249740412	0.027920045042467413	0.0038890270371100535	0.024038769996906118	467.85730313260893	100686.34269686737
p21_F1	p8_E4	0.02354332014994031	0.030144655041525165	0.004972057995655916	0.02412043511059219	645.8071370031744	100797.19286299682
p21_F1	p22_D1	0.020433601757888862	0.04761511707845376	0.0028418221138856482	0.021312260812604074	583.039638971343	87457.76036102866
p21_F1	p12_A11	0.02052989582837844	0.04499829707341249	0.0028083189781607986	0.021363813598365446	544.5012103521564	87910.19878964784
p21_F1	p12_G7	0.02077561973355547	0.0662338512646354	0.004149611953358544	0.021953644814848506	1184.25119204836	88328.54880795165
p21_F1	p25_A12	0.023655392525955894	0.029897782809737445	0.00501278081752824	0.02422978629416711	645.7643033506594	101279.93569664934
p21_F1	p26_E7	0.013328259525281834	0.18858946714187358	0.0006404789173518226	0.016274171288114373	520.4495149617356	56897.85048503827
p21_F1	p22_D4	0.014157548701016192	0.17088775782111335	0.0010663391259978347	0.01685368474005234	785.1680738307958	60209.4319261692
p21_F1	p25_C11	0.020771211089364378	0.04428854040293206	0.003268948392655598	0.021580899097034357	623.8149349279536	88869.48506507206
p21_F1	p21_E3	0.023449578452403464	0.025657424236948657	0.004048566817667112	0.0239611230613748	447.58003149608265	100594.71996850392
p21_F1	p24_B5	0.023494825063838327	0.02724031417417697	0.004214606401506542	0.024035255846117338	494.68127412138165	100742.01872587862
p21_F1	p21_F9	0.020530823963997618	0.04499952514805037	0.002808280074921989	0.02136481136841808	544.5085275478667	87914.19147245215
p21_F1	p20_F10	0.02052966379447365	0.044996797193000086	0.00280825019979971	0.021363544678434272	544.4697261720618	87909.23027382794
p21_F1	p23_A3	0.01417123870139905	0.16172968544100186	0.0008721000825191882	0.016736264200555896	607.7324210350366	60450.367578964964
p8_E4	p22_D1	0.021552469246806344	0.03931690811186775	0.003074797889263402	0.022309198544508184	520.8974937268143	92346.50250627319
p8_E4	p12_A11	0.021618134841863094	0.040109660162649226	0.0032270222131610357	0.022386445850702083	557.7085124469036	92589.79148755308
p8_E4	p12_G7	0.02155293331461593	0.04666389590177486	0.0033140479233804655	0.022445476279439894	666.3403536418416	92200.05964635816
p8_E4	p25_A12	0.0001229779695409093	0.940017682470307	5.1986612918797164e-05	0.0014999999999999998	210.56388355173672	319.13611644826324
p8_E4	p26_E7	0.023487399978884913	0.032675709433581	0.005260948361494657	0.024102693954535296	740.7052119587222	100460.19478804128
p8_E4	p22_D4	0.02377558608863927	0.026442707057062146	0.004046423598804298	0.024311342034748447	461.03467942934776	101982.76532057064
p8_E4	p25_C11	0.021848776543228497	0.035952106591935866	0.0032344289980209976	0.02254379943615712	501.0468091515546	93644.45319084844
p8_E4	p21_E3	0.016216849606064437	0.07903252403956784	0.0012399500404684603	0.01750187024687601	422.2468080952573	69452.05319190475
p8_E4	p24_B5	0.01605396180489893	0.08982315311456777	0.0013356488602964426	0.017507289784002518	516.936181258887	68659.56381874111
p8_E4	p21_F9	0.02161906297748227	0.039989885639918815	0.0032225250941154662	0.02238520978160923	555.2682049452902	92596.23179505471
p8_E4	p20_F10	0.0216179028079583	0.04009797973404571	0.003226215874250161	0.022386004617234244	557.4067862973014	92589.0932137027
p8_E4	p23_A3	0.02340363573925422	0.029854320769966552	0.004355111521537201	0.02399027447547749	560.2254206055853	100283.27457939443
p22_D1	p12_A11	0.01432994989227826	0.19402125935499023	0.0007708833003867653	0.017591747700609044	644.4575158431767	61092.64248415682
p22_D1	p12_G7	0.01475526803976597	0.184789161021825	0.0007137965810641477	0.017939478363744345	568.3387832948158	63013.86121670519
p22_D1	p25_A12	0.02166454162282193	0.037508690762785714	0.0030299898306035957	0.022391201638157034	489.69922012695207	92860.40077987306
p22_D1	p26_E7	0.020332434975398606	0.04185846998939944	0.002894020363795659	0.02109351968327556	521.9648630786119	87083.33513692139
p22_D1	p22_D4	0.02072967702040622	0.06787485312110324	0.004101536347736697	0.021941282317114525	1199.5319042051533	88123.66809579484
p22_D1	p25_C11	0.014461977184106141	0.20065522256182655	0.0008901477234446765	0.017868414561724714	769.6067876591218	61542.69321234088
p22_D1	p21_E3	0.021592611112335736	0.038213209785155924	0.0026857392118672728	0.022344691566511133	442.21522880480023	92599.6847711952
p22_D1	p24_B5	0.02154109958547143	0.036278831980381905	0.002672839872220492	0.022251629638417748	417.8136012054222	92399.48639879459
p22_D1	p21_F9	0.014330878027897436	0.19399291893303566	0.0007713295969853676	0.017592200604744018	644.7364297319359	61096.36357026806
p22_D1	p20_F10	0.014329717858373465	0.19400520262364793	0.0007693944908468579	0.017591483015919437	643.1596421053608	61092.94035789464
p22_D1	p23_A3	0.02054149752361815	0.06737771152708628	0.004105284352820786	0.02172911211341724	1191.8341799531631	87318.06582004685
p12_A11	p12_G7	0.01477870346415018	0.18522607656642218	0.0007212687207399619	0.017974732101590122	575.6460941813821	63103.853905818614
p12_A11	p25_A12	0.021731831455212236	0.03912195525637563	0.0032200520561971825	0.022485313716948258	542.7999272484086	93094.4000727516
p12_A11	p26_E7	0.020460981758654576	0.04744530440428121	0.003136732159363944	0.021325416612282856	641.2494564503932	87527.3505435496
p12_A11	p22_D4	0.02086216838004369	0.04294997524926659	0.0028804624231080957	0.0216704969854066	533.0665949994759	89363.43340500054
p12_A11	p25_C11	0.014942983468744453	0.17705868299295954	0.0008752166959890144	0.01796990210614065	667.7119662552591	63719.288033744735
p12_A11	p21_E3	0.02128795059534099	0.04793226362357484	0.003253248415248783	0.022195105828253833	671.8951438264512	91050.30485617356
p12_A11	p24_B5	0.021386797038783305	0.04415239313358658	0.0029656828893262943	0.022237064004430315	564.2028759802515	91584.59712401974
p12_A11	p21_F9	1.392203428765011e-06	1.0	1.392203428765011e-06	nan	6.0	nan
p12_A11	p20_F10	1.1601695239708427e-06	1.0	1.1601695239708427e-06	nan	5.0	nan
p12_A11	p23_A3	0.020638023628012526	0.07423457152804713	0.0042064850950685176	0.02195594513540052	1345.4944065318796	87580.90559346811
p12_G7	p25_A12	0.021666861961869868	0.0721426154984358	0.004414067901030071	0.023008029538963064	1372.1046276320376	91984.99537236796
p12_G7	p26_E7	0.020703689223069276	0.0735181354669606	0.004655441830806821	0.021978262012651614	1474.727316403934	87737.77268359606
p12_G7	p22_D4	0.021035961774734525	0.06406996478014784	0.004235170811088033	0.02218866638696957	1169.181007981976	89481.01899201803
p12_G7	p25_C11	0.014914211264549976	0.1879047825499478	0.000887284794054549	0.018160755732187398	718.3849225281124	63547.315077471874
p12_G7	p21_E3	0.021523000940897485	0.04235537290336073	0.002810414214081652	0.022351408196186303	512.9029288664784	92228.59707113352
p12_G7	p24_B5	0.0215462043313769	0.04245414631023162	0.0029584864927998445	0.022369884335228584	541.1853593774401	92295.31464062256
p12_G7	p21_F9	0.014779631599769359	0.18530360210318755	0.0007223781607860723	0.017977261060221305	576.7728453020537	63106.72715469794
p12_G7	p20_F10	0.014778471430245388	0.1852295401658406	0.0007199421148356217	0.01797482219139133	574.5980715837254	63103.901928416264
p12_G7	p23_A3	0.020774459564031497	0.06990026367396364	0.0043756112299369095	0.022006768034986267	1317.8739645742137	88194.6260354258
p25_A12	p26_E7	0.023600400490519674	0.032424300514012516	0.00529148532572588	0.02421351501016918	739.2724944285684	100948.32750557142
p25_A12	p22_D4	0.023889746769798003	0.02604073487885201	0.004048565990250977	0.0244200874205807	454.2665876197561	102481.23341238023
p25_A12	p25_C11	0.021962241122672845	0.03606242451973847	0.0033245484965850718	0.022660300021218896	516.5875439044681	94117.61245609554
p25_A12	p21_E3	0.016334722829699874	0.0796925653859231	0.0013578961636388019	0.017631351696089197	466.2734690882524	69915.72653091175
p25_A12	p24_B5	0.016172763164153545	0.09917401993104517	0.001579320559488905	0.01778016148893011	674.8768677743965	69013.3231322256
p25_A12	p21_F9	0.021732759590831412	0.03900215473797716	0.0032154153988763474	0.022484066246936538	540.3585459501722	93100.84145404982
p25_A12	p20_F10	0.02173159942130744	0.03911048727304472	0.003219238900581852	0.02248487535857274	542.503781633458	93093.69621836655
p25_A12	p23_A3	0.02351733235260336	0.029481621793962378	0.004386548872128393	0.024098882726208207	557.2251104224262	100775.97488957758
p26_E7	p22_D4	0.014097915987484092	0.15858931102262694	0.001016082896407378	0.016563583264566462	694.3195428784732	60050.78045712153
p26_E7	p25_C11	0.020778172106508203	0.04476431891887652	0.0034507062228507418	0.021590661821848413	665.5739324986066	88865.4260675014
p26_E7	p21_E3	0.02339203404401451	0.03042092599711731	0.004588783783298961	0.023981611344333367	601.4871595772106	100188.51284042279
p26_E7	p24_B5	0.023431247773924725	0.0257174864079797	0.004186769779892419	0.02393852624128922	463.94226221839875	100493.6577377816
p26_E7	p21_F9	0.020461909894273753	0.04748661866124895	0.0031362212758358696	0.021327205610592485	641.7033093656421	87530.89669063436
p26_E7	p20_F10	0.02046074972474978	0.047531660649889416	0.0031346954074912827	0.021326923679198195	641.9994729529394	87525.60052704706
p26_E7	p23_A3	0.013928531236984348	0.1506899186226629	0.000872378000403105	0.01624480204236049	566.4286859374874	59447.9713140625
p22_D4	p25_C11	0.02104802753778382	0.04099325809358642	0.003198771127130402	0.02181162286089909	565.0045435495978	90129.29545645042
p22_D4	p21_E3	0.02380203795378581	0.02411277708217082	0.004211466779352033	0.02428696783825161	437.5593278546064	102124.34067214538
p22_D4	p24_B5	0.023755167105017384	0.02373222044592264	0.0037837686127425206	0.024240330166799447	386.9183082174029	101967.9816917826
p22_D4	p21_F9	0.020863096515662868	0.04295084772416855	0.002880404335510291	0.021671486716662646	533.0666735040979	89367.4333264959
p22_D4	p20_F10	0.020861936346138896	0.04294868184659573	0.0028804068423339225	0.021670231587790315	533.0402565168048	89362.4597434832
p22_D4	p23_A3	0.014525090406210155	0.15032766642085452	0.001062277254806182	0.016905675239578186	688.0708104850497	61892.82918951495
p25_C11	p21_E3	0.021666629927965073	0.040324469512979876	0.0034242993793243237	0.022433641526474642	594.9722713691212	92764.22772863088
p25_C11	p24_B5	0.02169192162358764	0.0359162668944827	0.002957253191179841	0.02239074683246717	457.6527067776192	93012.14729322238
p25_C11	p21_F9	0.01494391160436363	0.17704770541214246	0.0008762316934892847	0.017970583763448223	668.4448725237231	63722.555127476284
p25_C11	p20_F10	0.014942751434839658	0.1770569925007105	0.0008752001847360184	0.017969588526492195	667.69299469573	63718.30700530426
p25_C11	p23_A3	0.02085822380366219	0.04364876756593923	0.0031052825621995413	0.02166874806879877	584.0223216309511	89290.97767836906
p21_E3	p24_B5	0.015568778909974325	0.1088137996722462	0.001119529484867748	0.017334137288835507	524.8991237647833	66562.10087623521
p21_E3	p21_F9	0.021288878730960168	0.04785622205533558	0.003251393014790796	0.022194661312013662	670.446634849204	91055.7533651508
p21_E3	p20_F10	0.021287718561436197	0.04793095939691231	0.0032531939140114877	0.02219483885669332	671.865605839442	91049.33439416057
p21_E3	p23_A3	0.02342475082459049	0.028001076352049122	0.0038800384976268366	0.02398841832872522	468.1306713871821	100467.06932861282
p24_B5	p21_F9	0.021387725174402485	0.044156840628231685	0.0029704786246910198	0.02223790334459684	565.1721594169521	91587.62784058305
p24_B5	p20_F10	0.021386565004878514	0.04415103462802634	0.0029656212391533663	0.022236796659329407	564.1737880659304	91583.62621193407
p24_B5	p23_A3	0.023388321501537804	0.030098650321052245	0.004196789522719597	0.02398517862770465	544.2777071189648	100236.72229288104
p21_F9	p20_F10	2.088305143147517e-06	1.0	2.088305143147517e-06	nan	9.0	nan
p21_F9	p23_A3	0.020638951763631702	0.07421314816194749	0.004205414881340631	0.02195662294094792	1344.76388827049	87585.63611172952
p20_F10	p23_A3	0.02063779159410773	0.07423903044157659	0.004203479018594421	0.021956020995513536	1344.61363675446	87580.78636324554
