22	15502	50
22	15503	50
22	15504	52
22	15505	52
22	15506	50
22	15507	49
22	15508	48
22	15509	49
22	15510	48
22	15511	47
22	15512	48
22	15513	49
22	15514	48
22	15515	48
22	15516	48
22	15517	48
22	15518	49
22	15519	49
22	15520	50
22	15521	50
22	15522	51
22	15523	50
22	15524	51
22	15525	53
22	15526	54
22	15527	55
22	15528	56
22	15529	56
22	15530	56
22	15531	57
22	15532	58
22	15533	58
22	15534	59
22	15535	59
22	15536	60
22	15537	60
22	15538	61
22	15539	61
22	15540	60
22	15541	60
22	15542	61
22	15543	60
22	15544	61
22	15545	62
22	15546	62
22	15547	61
22	15548	61
22	15549	60
22	15550	61
22	15551	59
22	15552	59
22	15553	58
22	15554	57
22	15555	57
22	15556	56
22	15557	54
22	15558	53
22	15559	53
22	15560	53
22	15561	52
22	15562	52
22	15563	51
22	15564	49
22	15565	48
22	15566	48
22	15567	49
22	15568	49
22	15569	51
22	15570	50
22	15571	49
22	15572	49
22	15573	47
22	15574	47
22	15575	47
22	15576	47
22	15577	47
22	15578	46
22	15579	44
22	15580	43
22	15581	43
22	15582	43
22	15583	43
22	15584	44
22	15585	44
22	15586	46
22	15587	46
22	15588	44
22	15589	43
22	15590	43
22	15591	43
22	15592	43
22	15593	45
22	15594	46
22	15595	45
22	15596	45
22	15597	44
22	15598	44
22	15599	44
22	15600	42
22	15601	41
22	15602	40
22	15603	41
22	15604	41
22	15605	40
22	15606	39
22	15607	39
22	15608	40
22	15609	42
22	15610	43
22	15611	44
22	15612	44
22	15613	44
22	15614	44
22	15615	45
22	15616	46
22	15617	45
22	15618	45
22	15619	45
22	15620	45
22	15621	45
22	15622	46
22	15623	47
22	15624	47
22	15625	46
22	15626	46
22	15627	45
22	15628	47
22	15629	47
22	15630	48
22	15631	48
22	15632	48
22	15633	47
22	15634	48
22	15635	48
22	15636	46
22	15637	47
22	15638	47
22	15639	48
22	15640	48
22	15641	48
22	15642	47
22	15643	47
22	15644	45
22	15645	45
22	15646	47
22	15647	47
22	15648	47
22	15649	49
22	15650	49
22	15651	48
22	15652	48
22	15653	49
22	15654	50
22	15655	51
22	15656	51
22	15657	52
22	15658	54
22	15659	54
22	15660	54
22	15661	54
22	15662	55
22	15663	57
22	15664	57
22	15665	58
22	15666	57
22	15667	58
22	15668	59
22	15669	58
22	15670	58
22	15671	59
22	15672	58
22	15673	60
22	15674	60
22	15675	59
22	15676	61
22	15677	62
22	15678	60
22	15679	61
22	15680	61
22	15681	63
22	15682	62
22	15683	62
22	15684	60
22	15685	60
22	15686	58
22	15687	57
22	15688	56
22	15689	57
22	15690	57
22	15691	58
22	15692	59
22	15693	60
22	15694	60
22	15695	60
22	15696	60
22	15697	59
22	15698	59
22	15699	59
22	15700	59
22	15701	59
22	15702	60
22	15703	59
22	15704	59
22	15705	58
22	15706	59
22	15707	58
22	15708	59
22	15709	59
22	15710	58
22	15711	57
22	15712	56
22	15713	56
22	15714	57
22	15715	57
22	15716	56
22	15717	57
22	15718	57
22	15719	58
22	15720	58
22	15721	57
22	15722	58
22	15723	59
22	15724	57
22	15725	60
22	15726	61
22	15727	61
22	15728	62
22	15729	61
22	15730	61
22	15731	60
22	15732	60
22	15733	58
22	15734	57
22	15735	58
22	15736	57
22	15737	55
22	15738	55
22	15739	55
22	15740	54
22	15741	53
22	15742	53
22	15743	51
22	15744	51
22	15745	51
22	15746	53
22	15747	55
22	15748	53
22	15749	53
22	15750	54
22	15751	54
22	15752	53
22	15753	52
22	15754	52
22	15755	54
22	15756	53
22	15757	55
22	15758	54
22	15759	54
22	15760	54
22	15761	54
22	15762	56
22	15763	57
22	15764	58
22	15765	60
22	15766	58
22	15767	57
22	15768	56
22	15769	55
22	15770	54
22	15771	54
22	15772	55
22	15773	54
22	15774	54
22	15775	54
22	15776	56
22	15777	55
22	15778	56
22	15779	56
22	15780	58
22	15781	57
22	15782	58
22	15783	58
22	15784	59
22	15785	59
22	15786	59
22	15787	59
22	15788	59
22	15789	57
22	15790	58
22	15791	59
22	15792	59
22	15793	59
22	15794	59
22	15795	59
22	15796	59
22	15797	59
22	15798	57
22	15799	57
22	15800	56
22	15801	55
22	15802	55
22	15803	53
22	15804	54
22	15805	53
22	15806	53
22	15807	54
22	15808	54
22	15809	54
22	15810	54
22	15811	53
22	15812	53
22	15813	52
22	15814	51
22	15815	52
22	15816	53
22	15817	54
22	15818	53
22	15819	53
22	15820	53
22	15821	51
22	15822	50
22	15823	51
22	15824	51
22	15825	50
22	15826	49
22	15827	49
22	15828	50
22	15829	50
22	15830	49
22	15831	50
22	15832	48
22	15833	48
22	15834	48
22	15835	48
22	15836	50
22	15837	50
22	15838	49
22	15839	48
22	15840	47
22	15841	47
22	15842	49
22	15843	50
22	15844	50
22	15845	50
22	15846	49
22	15847	48
22	15848	49
22	15849	50
22	15850	50
22	15851	48
22	15852	49
22	15853	47
22	15854	47
22	15855	46
22	15856	47
22	15857	46
22	15858	44
22	15859	43
22	15860	43
22	15861	43
22	15862	43
22	15863	42
22	15864	43
22	15865	44
22	15866	43
22	15867	43
22	15868	43
22	15869	43
22	15870	43
22	15871	44
22	15872	45
22	15873	45
22	15874	44
22	15875	44
22	15876	45
22	15877	44
22	15878	44
22	15879	44
22	15880	45
22	15881	46
22	15882	45
22	15883	46
22	15884	47
22	15885	48
22	15886	50
22	15887	50
22	15888	49
22	15889	49
22	15890	50
22	15891	51
22	15892	51
22	15893	51
22	15894	52
22	15895	52
22	15896	53
22	15897	53
22	15898	52
22	15899	52
22	15900	51
22	15901	52
22	15902	52
22	15903	52
22	15904	51
22	15905	53
22	15906	53
22	15907	53
22	15908	54
22	15909	55
22	15910	55
22	15911	54
22	15912	53
22	15913	54
22	15914	53
22	15915	53
22	15916	53
22	15917	52
22	15918	51
22	15919	51
22	15920	52
22	15921	52
22	15922	53
22	15923	53
22	15924	54
22	15925	54
22	15926	54
22	15927	52
22	15928	52
22	15929	52
22	15930	52
22	15931	52
22	15932	52
22	15933	54
22	15934	53
22	15935	52
22	15936	51
22	15937	51
22	15938	52
22	15939	52
22	15940	50
22	15941	51
22	15942	51
22	15943	51
22	15944	51
22	15945	52
22	15946	52
22	15947	51
22	15948	51
22	15949	51
22	15950	50
22	15951	50
22	15952	50
22	15953	51
22	15954	52
22	15955	51
22	15956	50
22	15957	51
22	15958	51
22	15959	51
22	15960	50
22	15961	50
22	15962	50
22	15963	51
22	15964	51
22	15965	52
22	15966	51
22	15967	51
22	15968	51
22	15969	50
22	15970	52
22	15971	51
22	15972	52
22	15973	52
22	15974	53
22	15975	53
22	15976	52
22	15977	52
22	15978	51
22	15979	51
22	15980	51
22	15981	50
22	15982	51
22	15983	52
22	15984	53
22	15985	53
22	15986	53
22	15987	53
22	15988	53
22	15989	54
22	15990	54
22	15991	54
22	15992	55
22	15993	56
22	15994	57
22	15995	56
22	15996	56
22	15997	56
22	15998	56
22	15999	56
22	16000	57
22	16001	57
22	16002	57
22	16003	58
22	16004	59
22	16005	59
22	16006	59
22	16007	60
22	16008	59
22	16009	60
22	16010	61
22	16011	61
22	16012	62
22	16013	61
22	16014	60
22	16015	63
22	16016	64
22	16017	64
22	16018	64
22	16019	64
22	16020	63
22	16021	62
22	16022	61
22	16023	61
22	16024	61
22	16025	61
22	16026	61
22	16027	62
22	16028	60
22	16029	61
22	16030	62
22	16031	62
22	16032	59
22	16033	58
22	16034	58
22	16035	57
22	16036	56
22	16037	57
22	16038	57
22	16039	56
22	16040	54
22	16041	53
22	16042	53
22	16043	52
22	16044	53
22	16045	53
22	16046	52
22	16047	52
22	16048	52
22	16049	53
22	16050	53
22	16051	54
22	16052	54
22	16053	55
22	16054	56
22	16055	55
22	16056	55
22	16057	55
22	16058	55
22	16059	53
22	16060	53
22	16061	53
22	16062	52
22	16063	51
22	16064	49
22	16065	49
22	16066	49
22	16067	51
22	16068	51
22	16069	52
22	16070	53
22	16071	53
22	16072	53
22	16073	51
22	16074	50
22	16075	49
22	16076	50
22	16077	51
22	16078	50
22	16079	50
22	16080	49
22	16081	51
22	16082	50
22	16083	51
22	16084	51
22	16085	51
22	16086	52
22	16087	52
22	16088	54
22	16089	55
22	16090	54
22	16091	53
22	16092	54
22	16093	54
22	16094	54
22	16095	55
22	16096	56
22	16097	56
22	16098	57
22	16099	56
22	16100	57
22	16101	57
22	16102	57
22	16103	57
22	16104	55
22	16105	55
22	16106	55
22	16107	54
22	16108	54
22	16109	55
22	16110	56
22	16111	56
22	16112	56
22	16113	57
22	16114	56
22	16115	55
22	16116	55
22	16117	55
22	16118	55
22	16119	56
22	16120	56
22	16121	57
22	16122	58
22	16123	59
22	16124	57
22	16125	56
22	16126	55
22	16127	54
22	16128	54
22	16129	55
22	16130	56
22	16131	56
22	16132	56
22	16133	56
22	16134	55
22	16135	55
22	16136	54
22	16137	55
22	16138	56
22	16139	56
22	16140	56
22	16141	56
22	16142	55
22	16143	55
22	16144	55
22	16145	54
22	16146	54
22	16147	54
22	16148	54
22	16149	54
22	16150	55
22	16151	55
22	16152	56
22	16153	57
22	16154	58
22	16155	58
22	16156	57
22	16157	58
22	16158	59
22	16159	59
22	16160	60
22	16161	59
22	16162	60
22	16163	58
22	16164	59
22	16165	59
22	16166	60
22	16167	59
22	16168	60
22	16169	59
22	16170	59
22	16171	60
22	16172	60
22	16173	61
22	16174	62
22	16175	61
22	16176	62
22	16177	62
22	16178	63
22	16179	64
22	16180	64
22	16181	65
22	16182	66
22	16183	67
22	16184	67
22	16185	67
22	16186	66
22	16187	66
22	16188	67
22	16189	69
22	16190	70
22	16191	71
22	16192	73
22	16193	72
22	16194	72
22	16195	72
22	16196	72
22	16197	70
22	16198	69
22	16199	70
22	16200	71
22	16201	71
22	16202	71
22	16203	69
22	16204	71
22	16205	70
22	16206	71
22	16207	69
22	16208	67
22	16209	67
22	16210	66
22	16211	66
22	16212	65
22	16213	65
22	16214	64
22	16215	65
22	16216	66
22	16217	68
22	16218	67
22	16219	68
22	16220	68
22	16221	69
22	16222	69
22	16223	70
22	16224	70
22	16225	71
22	16226	72
22	16227	71
22	16228	71
22	16229	71
22	16230	71
22	16231	71
22	16232	70
22	16233	70
22	16234	69
22	16235	69
22	16236	69
22	16237	69
22	16238	69
22	16239	68
22	16240	67
22	16241	67
22	16242	66
22	16243	65
22	16244	65
22	16245	65
22	16246	64
22	16247	65
22	16248	64
22	16249	63
22	16250	62
22	16251	62
22	16252	63
22	16253	63
22	16254	62
22	16255	62
22	16256	61
22	16257	60
22	16258	59
22	16259	58
22	16260	57
22	16261	58
22	16262	57
22	16263	57
22	16264	57
22	16265	56
22	16266	55
22	16267	54
22	16268	54
22	16269	54
22	16270	53
22	16271	52
22	16272	51
22	16273	52
22	16274	52
22	16275	52
22	16276	53
22	16277	54
22	16278	56
22	16279	54
22	16280	54
22	16281	54
22	16282	55
22	16283	55
22	16284	55
22	16285	56
22	16286	57
22	16287	58
22	16288	58
22	16289	59
22	16290	58
22	16291	59
22	16292	58
22	16293	58
22	16294	59
22	16295	59
22	16296	60
22	16297	59
22	16298	59
22	16299	59
22	16300	59
22	16301	58
22	16302	58
22	16303	58
22	16304	57
22	16305	59
22	16306	58
22	16307	57
22	16308	57
22	16309	57
22	16310	57
22	16311	58
22	16312	57
22	16313	58
22	16314	57
22	16315	58
22	16316	57
22	16317	57
22	16318	56
22	16319	57
22	16320	57
22	16321	57
22	16322	57
22	16323	58
22	16324	58
22	16325	58
22	16326	57
22	16327	56
22	16328	55
22	16329	56
22	16330	57
22	16331	58
22	16332	59
22	16333	58
22	16334	58
22	16335	58
22	16336	57
22	16337	56
22	16338	56
22	16339	56
22	16340	57
22	16341	57
22	16342	58
22	16343	58
22	16344	58
22	16345	59
22	16346	59
22	16347	60
22	16348	59
22	16349	58
22	16350	58
22	16351	58
22	16352	57
22	16353	55
22	16354	55
22	16355	54
22	16356	54
22	16357	54
22	16358	55
22	16359	54
22	16360	53
22	16361	53
22	16362	52
22	16363	51
22	16364	50
22	16365	51
22	16366	50
22	16367	49
22	16368	49
22	16369	47
22	16370	46
22	16371	44
22	16372	45
22	16373	46
22	16374	47
22	16375	47
22	16376	47
22	16377	47
22	16378	47
22	16379	46
22	16380	46
22	16381	48
22	16382	47
22	16383	47
22	16384	48
22	16385	48
22	16386	48
22	16387	48
22	16388	47
22	16389	48
22	16390	48
22	16391	49
22	16392	48
22	16393	49
22	16394	49
22	16395	50
22	16396	49
22	16397	49
22	16398	48
22	16399	50
22	16400	50
22	16401	50
22	16402	49
22	16403	49
22	16404	49
22	16405	49
22	16406	50
22	16407	49
22	16408	49
22	16409	49
22	16410	50
22	16411	52
22	16412	53
22	16413	52
22	16414	51
22	16415	50
22	16416	48
22	16417	46
22	16418	47
22	16419	46
22	16420	46
22	16421	46
22	16422	45
22	16423	45
22	16424	46
22	16425	47
22	16426	47
22	16427	47
22	16428	47
22	16429	48
22	16430	48
22	16431	49
22	16432	49
22	16433	49
22	16434	50
22	16435	49
22	16436	48
22	16437	48
22	16438	49
22	16439	49
22	16440	48
22	16441	49
22	16442	49
22	16443	49
22	16444	49
22	16445	51
22	16446	51
22	16447	50
22	16448	50
22	16449	49
22	16450	49
22	16451	49
22	16452	49
22	16453	48
22	16454	48
22	16455	47
22	16456	45
22	16457	47
22	16458	46
22	16459	46
22	16460	45
22	16461	44
22	16462	44
22	16463	44
22	16464	43
22	16465	43
22	16466	42
22	16467	42
22	16468	41
22	16469	41
22	16470	40
22	16471	40
22	16472	39
22	16473	39
22	16474	37
22	16475	37
22	16476	37
22	16477	37
22	16478	36
22	16479	35
22	16480	33
22	16481	32
22	16482	34
22	16483	34
22	16484	34
22	16485	33
22	16486	32
22	16487	33
22	16488	33
22	16489	34
22	16490	34
22	16491	34
22	16492	34
22	16493	32
22	16494	32
22	16495	31
22	16496	30
22	16497	30
22	16498	30
22	16499	29
22	16500	28
22	16501	27
22	16502	25
22	16503	25
22	16504	24
22	16505	24
22	16506	23
22	16507	22
22	16508	21
22	16509	20
22	16510	20
22	16511	20
22	16512	20
22	16513	19
22	16514	19
22	16515	19
22	16516	17
22	16517	17
22	16518	16
22	16519	16
22	16520	14
22	16521	14
22	16522	14
22	16523	13
22	16524	12
22	16525	12
22	16526	12
22	16527	12
22	16528	11
22	16529	11
22	16530	10
22	16531	9
22	16532	7
22	16533	7
22	16534	7
22	16535	7
22	16536	7
22	16537	7
22	16538	7
22	16539	7
22	16540	7
22	16541	7
22	16542	7
22	16543	7
22	16544	7
22	16545	7
22	16546	7
22	16547	7
22	16548	7
22	16549	7
22	16550	7
22	16551	7
22	16552	7
22	16553	7
22	16554	7
22	16555	7
22	16556	6
22	16557	4
22	16558	4
22	16559	4
22	16560	4
22	16561	3
22	16562	1
22	16563	1
22	16569	1
22	16570	1
22	16571	3
22	16572	5
22	16573	6
22	16574	7
22	16575	7
22	16576	7
22	16577	7
22	16578	7
22	16579	7
22	16580	8
22	16581	11
22	16582	11
22	16583	11
22	16584	11
22	16585	11
22	16586	11
22	16587	11
22	16588	12
22	16589	13
22	16590	13
22	16591	14
22	16592	14
22	16593	14
22	16594	14
22	16595	15
22	16596	15
22	16597	15
22	16598	15
22	16599	16
22	16600	16
22	16601	17
22	16602	17
22	16603	17
22	16604	19
22	16605	22
22	16606	25
22	16607	25
22	16608	25
22	16609	26
22	16610	27
22	16611	29
22	16612	29
22	16613	29
22	16614	30
22	16615	31
22	16616	32
22	16617	32
22	16618	33
22	16619	33
22	16620	34
22	16621	34
22	16622	35
22	16623	35
22	16624	35
22	16625	37
22	16626	39
22	16627	39
22	16628	40
22	16629	40
22	16630	40
22	16631	41
22	16632	41
22	16633	42
22	16634	43
22	16635	44
22	16636	45
22	16637	45
22	16638	45
22	16639	46
22	16640	47
22	16641	48
22	16642	49
22	16643	49
22	16644	49
22	16645	51
22	16646	50
22	16647	48
22	16648	48
22	16649	47
22	16650	47
22	16651	48
22	16652	48
22	16653	49
22	16654	49
22	16655	50
22	16656	48
22	16657	49
22	16658	50
22	16659	51
22	16660	51
22	16661	51
22	16662	51
22	16663	52
22	16664	52
22	16665	54
22	16666	54
22	16667	54
22	16668	56
22	16669	57
22	16670	57
22	16671	58
22	16672	58
22	16673	59
22	16674	59
22	16675	60
22	16676	60
22	16677	61
22	16678	63
22	16679	62
22	16680	61
22	16681	61
22	16682	61
22	16683	62
22	16684	62
22	16685	61
22	16686	60
22	16687	61
22	16688	62
22	16689	63
22	16690	62
22	16691	62
22	16692	62
22	16693	63
22	16694	63
22	16695	62
22	16696	63
22	16697	64
22	16698	64
22	16699	65
22	16700	65
22	16701	64
22	16702	65
22	16703	65
22	16704	65
22	16705	65
22	16706	65
22	16707	65
22	16708	66
22	16709	66
22	16710	66
22	16711	66
22	16712	66
22	16713	65
22	16714	65
22	16715	65
22	16716	64
22	16717	63
22	16718	63
22	16719	65
22	16720	64
22	16721	64
22	16722	64
22	16723	64
22	16724	64
22	16725	65
22	16726	65
22	16727	65
22	16728	64
22	16729	65
22	16730	63
22	16731	63
22	16732	63
22	16733	63
22	16734	62
22	16735	61
22	16736	61
22	16737	62
22	16738	62
22	16739	61
22	16740	60
22	16741	60
22	16742	60
22	16743	60
22	16744	60
22	16745	61
22	16746	61
22	16747	61
22	16748	62
22	16749	61
22	16750	62
22	16751	62
22	16752	60
22	16753	58
22	16754	57
22	16755	57
22	16756	56
22	16757	56
22	16758	55
22	16759	55
22	16760	55
22	16761	55
22	16762	55
22	16763	55
22	16764	55
22	16765	56
22	16766	55
22	16767	55
22	16768	56
22	16769	55
22	16770	56
22	16771	56
22	16772	55
22	16773	55
22	16774	57
22	16775	58
22	16776	57
22	16777	55
22	16778	54
22	16779	53
22	16780	55
22	16781	56
22	16782	56
22	16783	54
22	16784	53
22	16785	54
22	16786	54
22	16787	55
22	16788	57
22	16789	56
22	16790	56
22	16791	56
22	16792	56
22	16793	56
22	16794	54
22	16795	55
22	16796	55
22	16797	55
22	16798	54
22	16799	54
22	16800	56
22	16801	55
22	16802	55
22	16803	56
22	16804	55
22	16805	57
22	16806	59
22	16807	58
22	16808	57
22	16809	59
22	16810	58
22	16811	56
22	16812	55
22	16813	55
22	16814	56
22	16815	56
22	16816	55
22	16817	56
22	16818	55
22	16819	55
22	16820	56
22	16821	56
22	16822	58
22	16823	57
22	16824	58
22	16825	58
22	16826	58
22	16827	59
22	16828	58
22	16829	59
22	16830	60
22	16831	61
22	16832	63
22	16833	64
22	16834	63
22	16835	64
22	16836	64
22	16837	64
22	16838	65
22	16839	64
22	16840	63
22	16841	64
22	16842	65
22	16843	63
22	16844	63
22	16845	63
22	16846	63
22	16847	63
22	16848	64
22	16849	63
22	16850	63
22	16851	64
22	16852	65
22	16853	65
22	16854	66
22	16855	64
22	16856	63
22	16857	63
22	16858	64
22	16859	64
22	16860	62
22	16861	62
22	16862	62
22	16863	62
22	16864	64
22	16865	63
22	16866	64
22	16867	64
22	16868	65
22	16869	65
22	16870	65
22	16871	63
22	16872	63
22	16873	64
22	16874	64
22	16875	63
22	16876	64
22	16877	64
22	16878	63
22	16879	64
22	16880	62
22	16881	60
22	16882	60
22	16883	61
22	16884	60
22	16885	60
22	16886	61
22	16887	61
22	16888	61
22	16889	60
22	16890	62
22	16891	63
22	16892	63
22	16893	63
22	16894	63
22	16895	65
22	16896	64
22	16897	62
22	16898	62
22	16899	62
22	16900	60
22	16901	60
22	16902	60
22	16903	61
22	16904	61
22	16905	61
22	16906	59
22	16907	58
22	16908	58
22	16909	60
22	16910	60
22	16911	60
22	16912	60
22	16913	59
22	16914	59
22	16915	58
22	16916	57
22	16917	58
22	16918	58
22	16919	58
22	16920	58
22	16921	57
22	16922	57
22	16923	56
22	16924	55
22	16925	57
22	16926	55
22	16927	54
22	16928	55
22	16929	55
22	16930	57
22	16931	57
22	16932	59
22	16933	59
22	16934	58
22	16935	58
22	16936	58
22	16937	58
22	16938	55
22	16939	56
22	16940	56
22	16941	55
22	16942	55
22	16943	54
22	16944	54
22	16945	55
22	16946	55
22	16947	57
22	16948	58
22	16949	59
22	16950	58
22	16951	57
22	16952	56
22	16953	55
22	16954	55
22	16955	55
22	16956	56
22	16957	57
22	16958	59
22	16959	58
22	16960	58
22	16961	58
22	16962	58
22	16963	59
22	16964	58
22	16965	57
22	16966	57
22	16967	56
22	16968	56
22	16969	55
22	16970	53
22	16971	56
22	16972	57
22	16973	59
22	16974	60
22	16975	60
22	16976	59
22	16977	58
22	16978	57
22	16979	56
22	16980	55
22	16981	56
22	16982	55
22	16983	55
22	16984	55
22	16985	55
22	16986	55
22	16987	55
22	16988	55
22	16989	56
22	16990	57
22	16991	58
22	16992	57
22	16993	58
22	16994	57
22	16995	57
22	16996	57
22	16997	57
22	16998	56
22	16999	56
22	17000	54
22	17001	56
22	17002	57
22	17003	57
22	17004	56
22	17005	56
22	17006	57
22	17007	56
22	17008	56
22	17009	56
22	17010	57
22	17011	59
22	17012	59
22	17013	60
22	17014	59
22	17015	59
22	17016	59
22	17017	59
22	17018	60
22	17019	59
22	17020	57
22	17021	57
22	17022	56
22	17023	55
22	17024	55
22	17025	55
22	17026	55
22	17027	56
22	17028	57
22	17029	56
22	17030	57
22	17031	57
22	17032	58
22	17033	58
22	17034	59
22	17035	60
22	17036	62
22	17037	62
22	17038	60
22	17039	60
22	17040	60
22	17041	59
22	17042	59
22	17043	60
22	17044	61
22	17045	62
22	17046	62
22	17047	62
22	17048	62
22	17049	61
22	17050	63
22	17051	63
22	17052	64
22	17053	64
22	17054	66
22	17055	66
22	17056	67
22	17057	68
22	17058	68
22	17059	67
22	17060	67
22	17061	67
22	17062	66
22	17063	68
22	17064	67
22	17065	67
22	17066	66
22	17067	65
22	17068	65
22	17069	67
22	17070	68
22	17071	68
22	17072	68
22	17073	68
22	17074	68
22	17075	69
22	17076	69
22	17077	68
22	17078	68
22	17079	70
22	17080	69
22	17081	69
22	17082	69
22	17083	69
22	17084	69
22	17085	67
22	17086	65
22	17087	63
22	17088	62
22	17089	62
22	17090	63
22	17091	63
22	17092	64
22	17093	64
22	17094	65
22	17095	65
22	17096	64
22	17097	62
22	17098	61
22	17099	60
22	17100	60
22	17101	61
22	17102	61
22	17103	59
22	17104	59
22	17105	58
22	17106	58
22	17107	57
22	17108	55
22	17109	55
22	17110	55
22	17111	54
22	17112	54
22	17113	54
22	17114	55
22	17115	54
22	17116	55
22	17117	56
22	17118	57
22	17119	56
22	17120	56
22	17121	55
22	17122	54
22	17123	52
22	17124	52
22	17125	51
22	17126	52
22	17127	52
22	17128	50
22	17129	49
22	17130	50
22	17131	49
22	17132	48
22	17133	47
22	17134	47
22	17135	48
22	17136	49
22	17137	51
22	17138	51
22	17139	51
22	17140	52
22	17141	53
22	17142	53
22	17143	53
22	17144	52
22	17145	51
22	17146	52
22	17147	51
22	17148	52
22	17149	53
22	17150	53
22	17151	52
22	17152	53
22	17153	53
22	17154	52
22	17155	52
22	17156	52
22	17157	52
22	17158	51
22	17159	51
22	17160	50
22	17161	51
22	17162	51
22	17163	52
22	17164	52
22	17165	50
22	17166	50
22	17167	51
22	17168	51
22	17169	52
22	17170	52
22	17171	53
22	17172	54
22	17173	54
22	17174	54
22	17175	54
22	17176	54
22	17177	53
22	17178	54
22	17179	53
22	17180	55
22	17181	55
22	17182	55
22	17183	55
22	17184	56
22	17185	57
22	17186	57
22	17187	58
22	17188	58
22	17189	58
22	17190	60
22	17191	60
22	17192	60
22	17193	60
22	17194	59
22	17195	57
22	17196	56
22	17197	57
22	17198	57
22	17199	56
22	17200	57
22	17201	58
22	17202	58
22	17203	59
22	17204	60
22	17205	60
22	17206	61
22	17207	62
22	17208	62
22	17209	62
22	17210	61
22	17211	59
22	17212	57
22	17213	56
22	17214	57
22	17215	55
22	17216	54
22	17217	55
22	17218	55
22	17219	55
22	17220	56
22	17221	57
22	17222	58
22	17223	58
22	17224	57
22	17225	56
22	17226	56
22	17227	55
22	17228	53
22	17229	53
22	17230	53
22	17231	52
22	17232	51
22	17233	50
22	17234	50
22	17235	50
22	17236	50
22	17237	50
22	17238	49
22	17239	49
22	17240	48
22	17241	48
22	17242	47
22	17243	46
22	17244	44
22	17245	44
22	17246	41
22	17247	39
22	17248	39
22	17249	39
22	17250	39
22	17251	37
22	17252	37
22	17253	36
22	17254	36
22	17255	34
22	17256	34
22	17257	33
22	17258	33
22	17259	31
22	17260	30
22	17261	29
22	17262	28
22	17263	27
22	17264	26
22	17265	25
22	17266	24
22	17267	22
22	17268	21
22	17269	21
22	17270	21
22	17271	21
22	17272	21
22	17273	21
22	17274	21
22	17275	20
22	17276	18
22	17277	17
22	17278	16
22	17279	14
22	17280	13
22	17281	12
22	17282	12
22	17283	12
22	17284	12
22	17285	11
22	17286	11
22	17287	11
22	17288	11
22	17289	10
22	17290	10
22	17291	10
22	17292	9
22	17293	8
22	17294	8
22	17295	8
22	17296	7
22	17297	7
22	17298	7
22	17299	7
22	17300	7
22	17301	7
22	17302	8
22	17303	9
22	17304	9
22	17305	10
22	17306	11
22	17307	12
22	17308	13
22	17309	14
22	17310	14
22	17311	14
22	17312	14
22	17313	14
22	17314	14
22	17315	15
22	17316	16
22	17317	16
22	17318	17
22	17319	17
22	17320	18
22	17321	18
22	17322	19
22	17323	20
22	17324	19
22	17325	20
22	17326	21
22	17327	22
22	17328	23
22	17329	25
22	17330	26
22	17331	27
22	17332	29
22	17333	29
22	17334	30
22	17335	31
22	17336	33
22	17337	33
22	17338	33
22	17339	33
22	17340	34
22	17341	34
22	17342	34
22	17343	34
22	17344	34
22	17345	35
22	17346	35
22	17347	34
22	17348	34
22	17349	36
22	17350	36
22	17351	37
22	17352	38
22	17353	39
22	17354	41
22	17355	43
22	17356	45
22	17357	45
22	17358	45
22	17359	45
22	17360	46
22	17361	47
22	17362	48
22	17363	48
22	17364	48
22	17365	49
22	17366	50
22	17367	50
22	17368	51
22	17369	51
22	17370	52
22	17371	53
22	17372	52
22	17373	51
22	17374	51
22	17375	52
22	17376	52
22	17377	53
22	17378	53
22	17379	54
22	17380	55
22	17381	54
22	17382	55
22	17383	54
22	17384	54
22	17385	54
22	17386	54
22	17387	54
22	17388	54
22	17389	54
22	17390	53
22	17391	52
22	17392	52
22	17393	52
22	17394	53
22	17395	54
22	17396	54
22	17397	55
22	17398	56
22	17399	57
22	17400	57
22	17401	57
22	17402	57
22	17403	57
22	17404	56
22	17405	55
22	17406	55
22	17407	55
22	17408	55
22	17409	54
22	17410	54
22	17411	52
22	17412	52
22	17413	55
22	17414	55
22	17415	54
22	17416	55
22	17417	55
22	17418	57
22	17419	56
22	17420	56
22	17421	58
22	17422	58
22	17423	58
22	17424	56
22	17425	56
22	17426	56
22	17427	55
22	17428	55
22	17429	53
22	17430	53
22	17431	51
22	17432	51
22	17433	52
22	17434	53
22	17435	52
22	17436	52
22	17437	52
22	17438	53
22	17439	54
22	17440	56
22	17441	56
22	17442	55
22	17443	56
22	17444	58
22	17445	57
22	17446	57
22	17447	57
22	17448	58
22	17449	59
22	17450	59
22	17451	59
22	17452	58
22	17453	59
22	17454	59
22	17455	57
22	17456	58
22	17457	58
22	17458	58
22	17459	58
22	17460	59
22	17461	59
22	17462	59
22	17463	59
22	17464	58
22	17465	59
22	17466	60
22	17467	60
22	17468	60
22	17469	59
22	17470	61
22	17471	61
22	17472	60
22	17473	58
22	17474	57
22	17475	58
22	17476	55
22	17477	57
22	17478	56
22	17479	57
22	17480	58
22	17481	60
22	17482	59
22	17483	59
22	17484	60
22	17485	60
22	17486	62
22	17487	63
22	17488	64
22	17489	64
22	17490	66
22	17491	65
22	17492	65
22	17493	65
22	17494	66
22	17495	65
22	17496	65
22	17497	65
22	17498	66
22	17499	67
22	17500	66
22	17501	66
22	17502	66
22	17503	67
22	17504	67
22	17505	67
22	17506	68
22	17507	67
22	17508	67
22	17509	66
22	17510	66
22	17511	65
22	17512	65
22	17513	65
22	17514	64
22	17515	64
22	17516	63
22	17517	65
22	17518	66
22	17519	65
22	17520	65
22	17521	64
22	17522	64
22	17523	64
22	17524	65
22	17525	63
22	17526	63
22	17527	63
22	17528	61
22	17529	59
22	17530	59
22	17531	58
22	17532	57
22	17533	57
22	17534	57
22	17535	56
22	17536	56
22	17537	56
22	17538	55
22	17539	55
22	17540	55
22	17541	54
22	17542	52
22	17543	51
22	17544	51
22	17545	49
22	17546	48
22	17547	47
22	17548	47
22	17549	47
22	17550	45
22	17551	44
22	17552	43
22	17553	43
22	17554	42
22	17555	41
22	17556	39
22	17557	39
22	17558	39
22	17559	38
22	17560	37
22	17561	35
22	17562	34
22	17563	33
22	17564	33
22	17565	31
22	17566	31
22	17567	30
22	17568	28
22	17569	27
22	17570	27
22	17571	24
22	17572	23
22	17573	21
22	17574	20
22	17575	20
22	17576	19
22	17577	18
22	17578	16
22	17579	16
22	17580	15
22	17581	14
22	17582	14
22	17583	13
22	17584	12
22	17585	12
22	17586	11
22	17587	10
22	17588	9
22	17589	9
22	17590	8
22	17591	5
22	17592	6
22	17593	5
22	17594	4
22	17595	4
22	17596	4
22	17597	3
22	17598	3
22	17599	3
22	17600	2
22	17601	2
22	19936	1
22	19937	1
22	19938	1
22	19939	1
22	19940	1
22	19941	1
22	19942	1
22	19943	3
22	19944	3
22	19945	3
22	19946	3
22	19947	3
22	19948	3
22	19949	3
22	19950	3
22	19951	4
22	19952	4
22	19953	4
22	19954	4
22	19955	4
22	19956	4
22	19957	4
22	19958	4
22	19959	4
22	19960	4
22	19961	4
22	19962	4
22	19963	4
22	19964	4
22	19965	4
22	19966	4
22	19967	4
22	19968	4
22	19969	4
22	19970	4
22	19971	4
22	19972	5
22	19973	6
22	19974	7
22	19975	8
22	19976	10
22	19977	11
22	19978	11
22	19979	11
22	19980	12
22	19981	12
22	19982	12
22	19983	12
22	19984	13
22	19985	14
22	19986	14
22	19987	14
22	19988	16
22	19989	16
22	19990	17
22	19991	17
22	19992	17
22	19993	18
22	19994	19
22	19995	20
22	19996	21
22	19997	22
22	19998	22
22	19999	22
22	20000	23
22	20001	23
22	20002	24
22	20003	25
22	20004	25
22	20005	25
22	20006	25
22	20007	25
22	20008	26
22	20009	26
22	20010	26
22	20011	26
22	20012	28
22	20013	28
22	20014	28
22	20015	29
22	20016	30
22	20017	31
22	20018	34
22	20019	35
22	20020	36
22	20021	36
22	20022	37
22	20023	39
22	20024	39
22	20025	41
22	20026	42
22	20027	42
22	20028	42
22	20029	45
22	20030	46
22	20031	46
22	20032	47
22	20033	47
22	20034	47
22	20035	47
22	20036	48
22	20037	50
22	20038	50
22	20039	50
22	20040	50
22	20041	51
22	20042	52
22	20043	52
22	20044	54
22	20045	55
22	20046	56
22	20047	56
22	20048	56
22	20049	56
22	20050	57
22	20051	56
22	20052	55
22	20053	55
22	20054	56
22	20055	57
22	20056	56
22	20057	56
22	20058	56
22	20059	56
22	20060	55
22	20061	57
22	20062	58
22	20063	56
22	20064	57
22	20065	56
22	20066	56
22	20067	57
22	20068	58
22	20069	57
22	20070	56
22	20071	56
22	20072	55
22	20073	55
22	20074	55
22	20075	54
22	20076	53
22	20077	52
22	20078	51
22	20079	50
22	20080	51
22	20081	52
22	20082	53
22	20083	54
22	20084	56
22	20085	56
22	20086	57
22	20087	56
22	20088	56
22	20089	56
22	20090	56
22	20091	55
22	20092	55
22	20093	53
22	20094	52
22	20095	52
22	20096	52
22	20097	52
22	20098	50
22	20099	50
22	20100	51
22	20101	50
22	20102	52
22	20103	53
22	20104	51
22	20105	50
22	20106	51
22	20107	50
22	20108	50
22	20109	51
22	20110	52
22	20111	52
22	20112	52
22	20113	52
22	20114	53
22	20115	53
22	20116	53
22	20117	53
22	20118	53
22	20119	51
22	20120	51
22	20121	51
22	20122	51
22	20123	52
22	20124	52
22	20125	50
22	20126	49
22	20127	51
22	20128	53
22	20129	52
22	20130	51
22	20131	52
22	20132	51
22	20133	53
22	20134	52
22	20135	54
22	20136	52
22	20137	50
22	20138	50
22	20139	50
22	20140	50
22	20141	50
22	20142	50
22	20143	49
22	20144	50
22	20145	50
22	20146	52
22	20147	52
22	20148	51
22	20149	51
22	20150	52
22	20151	53
22	20152	53
22	20153	55
22	20154	57
22	20155	57
22	20156	57
22	20157	57
22	20158	57
22	20159	56
22	20160	56
22	20161	58
22	20162	59
22	20163	61
22	20164	62
22	20165	63
22	20166	64
22	20167	63
22	20168	62
22	20169	64
22	20170	64
22	20171	66
22	20172	66
22	20173	66
22	20174	67
22	20175	66
22	20176	66
22	20177	66
22	20178	65
22	20179	65
22	20180	64
22	20181	63
22	20182	62
22	20183	62
22	20184	62
22	20185	62
22	20186	63
22	20187	61
22	20188	61
22	20189	61
22	20190	61
22	20191	61
22	20192	61
22	20193	62
22	20194	62
22	20195	62
22	20196	62
22	20197	62
22	20198	59
22	20199	59
22	20200	59
22	20201	61
22	20202	59
22	20203	58
22	20204	58
22	20205	58
22	20206	58
22	20207	58
22	20208	57
22	20209	57
22	20210	55
22	20211	56
22	20212	57
22	20213	57
22	20214	56
22	20215	57
22	20216	58
22	20217	57
22	20218	57
22	20219	57
22	20220	58
22	20221	56
22	20222	56
22	20223	55
22	20224	55
22	20225	54
22	20226	53
22	20227	53
22	20228	53
22	20229	53
22	20230	55
22	20231	56
22	20232	56
22	20233	56
22	20234	55
22	20235	54
22	20236	52
22	20237	51
22	20238	49
22	20239	49
22	20240	48
22	20241	47
22	20242	46
22	20243	46
22	20244	45
22	20245	45
22	20246	45
22	20247	45
22	20248	46
22	20249	45
22	20250	45
22	20251	44
22	20252	43
22	20253	44
22	20254	45
22	20255	46
22	20256	47
22	20257	48
22	20258	49
22	20259	48
22	20260	47
22	20261	44
22	20262	45
22	20263	46
22	20264	46
22	20265	47
22	20266	48
22	20267	49
22	20268	48
22	20269	49
22	20270	51
22	20271	51
22	20272	49
22	20273	50
22	20274	51
22	20275	51
22	20276	49
22	20277	49
22	20278	48
22	20279	48
22	20280	49
22	20281	49
22	20282	49
22	20283	49
22	20284	49
22	20285	50
22	20286	50
22	20287	49
22	20288	50
22	20289	48
22	20290	48
22	20291	49
22	20292	50
22	20293	51
22	20294	50
22	20295	49
22	20296	49
22	20297	49
22	20298	49
22	20299	49
22	20300	49
22	20301	51
22	20302	53
22	20303	53
22	20304	52
22	20305	50
22	20306	52
22	20307	50
22	20308	51
22	20309	52
22	20310	52
22	20311	54
22	20312	55
22	20313	55
22	20314	55
22	20315	55
22	20316	55
22	20317	55
22	20318	54
22	20319	54
22	20320	54
22	20321	53
22	20322	52
22	20323	52
22	20324	53
22	20325	54
22	20326	56
22	20327	57
22	20328	56
22	20329	55
22	20330	55
22	20331	57
22	20332	56
22	20333	56
22	20334	57
22	20335	58
22	20336	59
22	20337	58
22	20338	58
22	20339	58
22	20340	57
22	20341	57
22	20342	55
22	20343	55
22	20344	54
22	20345	52
22	20346	52
22	20347	52
22	20348	51
22	20349	51
22	20350	52
22	20351	52
22	20352	52
22	20353	52
22	20354	53
22	20355	55
22	20356	55
22	20357	55
22	20358	56
22	20359	56
22	20360	54
22	20361	54
22	20362	55
22	20363	54
22	20364	56
22	20365	58
22	20366	56
22	20367	57
22	20368	58
22	20369	58
22	20370	58
22	20371	58
22	20372	59
22	20373	60
22	20374	59
22	20375	59
22	20376	60
22	20377	60
22	20378	60
22	20379	60
22	20380	60
22	20381	57
22	20382	57
22	20383	55
22	20384	54
22	20385	53
22	20386	52
22	20387	50
22	20388	50
22	20389	50
22	20390	50
22	20391	50
22	20392	50
22	20393	49
22	20394	49
22	20395	48
22	20396	48
22	20397	48
22	20398	47
22	20399	45
22	20400	44
22	20401	43
22	20402	41
22	20403	41
22	20404	41
22	20405	40
22	20406	39
22	20407	39
22	20408	39
22	20409	38
22	20410	37
22	20411	37
22	20412	37
22	20413	36
22	20414	36
22	20415	36
22	20416	35
22	20417	35
22	20418	34
22	20419	34
22	20420	34
22	20421	33
22	20422	33
22	20423	33
22	20424	31
22	20425	30
22	20426	30
22	20427	29
22	20428	29
22	20429	27
22	20430	25
22	20431	24
22	20432	24
22	20433	23
22	20434	22
22	20435	22
22	20436	21
22	20437	19
22	20438	19
22	20439	17
22	20440	15
22	20441	15
22	20442	13
22	20443	11
22	20444	11
22	20445	11
22	20446	11
22	20447	10
22	20448	9
22	20449	9
22	20450	9
22	20451	8
22	20452	6
22	20453	5
22	20454	5
22	20455	5
22	20456	5
22	20457	6
22	20458	6
22	20459	6
22	20460	6
22	20461	5
22	20462	7
22	20463	7
22	20464	7
22	20465	6
22	20466	7
22	20467	8
22	20468	8
22	20469	7
22	20470	6
22	20471	6
22	20472	6
22	20473	6
22	20474	8
22	20475	8
22	20476	9
22	20477	9
22	20478	9
22	20479	9
22	20480	9
22	20481	10
22	20482	10
22	20483	10
22	20484	10
22	20485	10
22	20486	10
22	20487	10
22	20488	10
22	20489	10
22	20490	10
22	20491	10
22	20492	10
22	20493	10
22	20494	10
22	20495	10
22	20496	10
22	20497	10
22	20498	10
22	20499	10
22	20500	10
22	20501	10
22	20502	10
22	20503	10
22	20504	10
22	20505	10
22	20506	10
22	20507	10
22	20508	10
22	20509	10
22	20510	10
22	20511	10
22	20512	10
22	20513	10
22	20514	10
22	20515	10
22	20516	10
22	20517	10
22	20518	10
22	20519	10
22	20520	10
22	20521	10
22	20522	10
22	20523	10
22	20524	10
22	20525	10
22	20526	9
22	20527	9
22	20528	9
22	20529	9
22	20530	9
22	20531	9
22	20532	8
22	20533	8
22	20534	8
22	20535	8
22	20536	8
22	20537	6
22	20538	6
22	20539	6
22	20540	6
22	20541	5
22	20542	4
22	20543	4
22	20544	4
22	20545	4
22	20546	4
22	20547	4
22	20548	4
22	20549	2
22	20550	2
22	20551	2
22	20552	2
22	20553	2
22	20554	2
22	20555	2
22	20556	1
22	20557	1
22	20558	1
22	20559	1
22	20560	1
22	20561	1
22	20562	1
22	20563	1
22	20564	1
22	20565	1
22	20566	1
22	20567	1
22	20568	1
22	20569	1
22	20570	1
22	20571	1
22	20605	1
22	20606	1
22	20607	1
22	20608	1
22	20609	1
22	20610	1
22	20611	1
22	20612	1
22	20613	1
22	20614	1
22	20615	1
22	20616	1
22	20617	1
22	20618	1
22	20619	1
22	20620	2
22	20621	3
22	20622	5
22	20623	6
22	20624	6
22	20625	6
22	20626	6
22	20627	6
22	20628	6
22	20629	6
22	20630	6
22	20631	6
22	20632	6
22	20633	6
22	20634	6
22	20635	6
22	20636	6
22	20637	6
22	20638	6
22	20639	6
22	20640	6
22	20641	6
22	20642	6
22	20643	6
22	20644	6
22	20645	6
22	20646	6
22	20647	6
22	20648	6
22	20649	6
22	20650	5
22	20651	5
22	20652	5
22	20653	5
22	20654	5
22	20655	5
22	20656	5
22	20657	5
22	20658	5
22	20659	5
22	20660	5
22	20661	5
22	20662	5
22	20663	5
22	20664	5
22	20665	5
22	20666	5
22	20667	5
22	20668	5
22	20669	5
22	20670	5
22	20671	5
22	20672	5
22	20673	5
22	20674	5
22	20675	5
22	20676	5
22	20677	5
22	20678	5
22	20679	5
22	20680	5
22	20681	5
22	20682	5
22	20683	5
22	20684	5
22	20685	5
22	20686	5
22	20687	5
22	20688	5
22	20689	5
22	20690	5
22	20691	5
22	20692	5
22	20693	5
22	20694	5
22	20695	4
22	20696	3
22	20697	1
22	20736	1
22	20737	1
22	20738	3
22	20739	3
22	20740	4
22	20741	4
22	20742	5
22	20743	6
22	20744	7
22	20745	10
22	20746	12
22	20747	12
22	20748	13
22	20749	14
22	20750	14
22	20751	16
22	20752	18
22	20753	18
22	20754	18
22	20755	19
22	20756	19
22	20757	20
22	20758	20
22	20759	20
22	20760	21
22	20761	21
22	20762	22
22	20763	23
22	20764	24
22	20765	25
22	20766	25
22	20767	25
22	20768	26
22	20769	27
22	20770	28
22	20771	28
22	20772	28
22	20773	29
22	20774	30
22	20775	31
22	20776	32
22	20777	33
22	20778	33
22	20779	34
22	20780	35
22	20781	36
22	20782	37
22	20783	37
22	20784	37
22	20785	37
22	20786	37
22	20787	37
22	20788	37
22	20789	37
22	20790	38
22	20791	38
22	20792	40
22	20793	42
22	20794	42
22	20795	42
22	20796	43
22	20797	44
22	20798	44
22	20799	44
22	20800	46
22	20801	46
22	20802	47
22	20803	48
22	20804	51
22	20805	51
22	20806	51
22	20807	52
22	20808	53
22	20809	53
22	20810	54
22	20811	54
22	20812	55
22	20813	53
22	20814	53
22	20815	53
22	20816	54
22	20817	53
22	20818	53
22	20819	52
22	20820	52
22	20821	51
22	20822	51
22	20823	51
22	20824	51
22	20825	52
22	20826	51
22	20827	49
22	20828	49
22	20829	50
22	20830	49
22	20831	51
22	20832	52
22	20833	53
22	20834	54
22	20835	53
22	20836	53
22	20837	52
22	20838	52
22	20839	52
22	20840	51
22	20841	51
22	20842	52
22	20843	53
22	20844	53
22	20845	52
22	20846	53
22	20847	55
22	20848	54
22	20849	53
22	20850	54
22	20851	54
22	20852	54
22	20853	54
22	20854	54
22	20855	53
22	20856	53
22	20857	53
22	20858	53
22	20859	53
22	20860	55
22	20861	55
22	20862	57
22	20863	59
22	20864	60
22	20865	59
22	20866	60
22	20867	58
22	20868	56
22	20869	56
22	20870	57
22	20871	57
22	20872	57
22	20873	57
22	20874	59
22	20875	59
22	20876	59
22	20877	59
22	20878	59
22	20879	57
22	20880	57
22	20881	57
22	20882	57
22	20883	55
22	20884	54
22	20885	54
22	20886	54
22	20887	54
22	20888	54
22	20889	54
22	20890	53
22	20891	53
22	20892	53
22	20893	54
22	20894	54
22	20895	54
22	20896	54
22	20897	54
22	20898	54
22	20899	53
22	20900	52
22	20901	51
22	20902	52
22	20903	52
22	20904	51
22	20905	51
22	20906	49
22	20907	47
22	20908	46
22	20909	45
22	20910	45
22	20911	45
22	20912	45
22	20913	45
22	20914	45
22	20915	45
22	20916	44
22	20917	43
22	20918	41
22	20919	41
22	20920	40
22	20921	39
22	20922	38
22	20923	37
22	20924	37
22	20925	35
22	20926	35
22	20927	34
22	20928	34
22	20929	33
22	20930	33
22	20931	32
22	20932	30
22	20933	30
22	20934	30
22	20935	28
22	20936	28
22	20937	26
22	20938	24
22	20939	23
22	20940	23
22	20941	22
22	20942	22
22	20943	22
22	20944	22
22	20945	21
22	20946	20
22	20947	19
22	20948	19
22	20949	17
22	20950	15
22	20951	15
22	20952	14
22	20953	13
22	20954	13
22	20955	13
22	20956	13
22	20957	12
22	20958	12
22	20959	12
22	20960	11
22	20961	10
22	20962	9
22	20963	9
22	20964	9
22	20965	9
22	20966	8
22	20967	7
22	20968	6
22	20969	6
22	20970	5
22	20971	4
22	20972	4
22	20973	4
22	20974	3
22	20975	3
22	20976	3
22	20977	2
22	20978	1
22	20979	1
22	20980	1
22	20981	1
22	21051	1
22	21052	4
22	21053	4
22	21054	4
22	21055	6
22	21056	8
22	21057	9
22	21058	11
22	21059	12
22	21060	12
22	21061	13
22	21062	14
22	21063	15
22	21064	15
22	21065	16
22	21066	17
22	21067	18
22	21068	18
22	21069	19
22	21070	19
22	21071	20
22	21072	20
22	21073	20
22	21074	21
22	21075	21
22	21076	22
22	21077	23
22	21078	23
22	21079	23
22	21080	25
22	21081	25
22	21082	27
22	21083	27
22	21084	28
22	21085	27
22	21086	27
22	21087	28
22	21088	28
22	21089	28
22	21090	30
22	21091	30
22	21092	30
22	21093	30
22	21094	32
22	21095	33
22	21096	34
22	21097	35
22	21098	35
22	21099	35
22	21100	35
22	21101	35
22	21102	35
22	21103	36
22	21104	36
22	21105	37
22	21106	38
22	21107	39
22	21108	40
22	21109	40
22	21110	40
22	21111	40
22	21112	40
22	21113	40
22	21114	40
22	21115	40
22	21116	42
22	21117	42
22	21118	43
22	21119	43
22	21120	45
22	21121	47
22	21122	49
22	21123	51
22	21124	52
22	21125	54
22	21126	54
22	21127	54
22	21128	54
22	21129	55
22	21130	53
22	21131	51
22	21132	52
22	21133	52
22	21134	52
22	21135	52
22	21136	52
22	21137	52
22	21138	51
22	21139	52
22	21140	51
22	21141	51
22	21142	50
22	21143	52
22	21144	52
22	21145	53
22	21146	52
22	21147	52
22	21148	53
22	21149	52
22	21150	53
22	21151	52
22	21152	52
22	21153	52
22	21154	53
22	21155	52
22	21156	52
22	21157	50
22	21158	51
22	21159	52
22	21160	52
22	21161	52
22	21162	51
22	21163	51
22	21164	51
22	21165	50
22	21166	51
22	21167	51
22	21168	52
22	21169	50
22	21170	50
22	21171	49
22	21172	48
22	21173	49
22	21174	50
22	21175	51
22	21176	51
22	21177	51
22	21178	51
22	21179	53
22	21180	53
22	21181	52
22	21182	50
22	21183	50
22	21184	51
22	21185	51
22	21186	52
22	21187	52
22	21188	53
22	21189	53
22	21190	53
22	21191	53
22	21192	54
22	21193	56
22	21194	57
22	21195	55
22	21196	53
22	21197	52
22	21198	50
22	21199	49
22	21200	49
22	21201	50
22	21202	50
22	21203	51
22	21204	52
22	21205	54
22	21206	54
22	21207	54
22	21208	53
22	21209	53
22	21210	53
22	21211	52
22	21212	53
22	21213	54
22	21214	54
22	21215	55
22	21216	55
22	21217	55
22	21218	54
22	21219	54
22	21220	53
22	21221	54
22	21222	54
22	21223	52
22	21224	53
22	21225	52
22	21226	54
22	21227	54
22	21228	54
22	21229	53
22	21230	52
22	21231	52
22	21232	53
22	21233	53
22	21234	52
22	21235	52
22	21236	53
22	21237	53
22	21238	53
22	21239	54
22	21240	55
22	21241	55
22	21242	56
22	21243	56
22	21244	56
22	21245	55
22	21246	55
22	21247	54
22	21248	52
22	21249	52
22	21250	52
22	21251	53
22	21252	53
22	21253	55
22	21254	54
22	21255	55
22	21256	55
22	21257	55
22	21258	56
22	21259	55
22	21260	55
22	21261	56
22	21262	57
22	21263	56
22	21264	56
22	21265	56
22	21266	57
22	21267	56
22	21268	54
22	21269	54
22	21270	55
22	21271	56
22	21272	55
22	21273	54
22	21274	54
22	21275	54
22	21276	53
22	21277	52
22	21278	51
22	21279	50
22	21280	49
22	21281	50
22	21282	50
22	21283	50
22	21284	51
22	21285	51
22	21286	52
22	21287	52
22	21288	53
22	21289	53
22	21290	53
22	21291	53
22	21292	54
22	21293	55
22	21294	55
22	21295	56
22	21296	56
22	21297	56
22	21298	57
22	21299	57
22	21300	57
22	21301	56
22	21302	57
22	21303	55
22	21304	55
22	21305	55
22	21306	55
22	21307	55
22	21308	55
22	21309	56
22	21310	57
22	21311	57
22	21312	59
22	21313	58
22	21314	58
22	21315	58
22	21316	57
22	21317	58
22	21318	59
22	21319	62
22	21320	62
22	21321	63
22	21322	64
22	21323	64
22	21324	66
22	21325	65
22	21326	64
22	21327	66
22	21328	64
22	21329	63
22	21330	64
22	21331	65
22	21332	66
22	21333	65
22	21334	66
22	21335	66
22	21336	67
22	21337	67
22	21338	67
22	21339	68
22	21340	70
22	21341	69
22	21342	69
22	21343	70
22	21344	70
22	21345	69
22	21346	68
22	21347	68
22	21348	69
22	21349	69
22	21350	67
22	21351	65
22	21352	66
22	21353	66
22	21354	68
22	21355	69
22	21356	69
22	21357	68
22	21358	68
22	21359	68
22	21360	68
22	21361	68
22	21362	66
22	21363	65
22	21364	65
22	21365	65
22	21366	66
22	21367	66
22	21368	64
22	21369	64
22	21370	63
22	21371	63
22	21372	64
22	21373	64
22	21374	64
22	21375	64
22	21376	64
22	21377	64
22	21378	64
22	21379	64
22	21380	65
22	21381	65
22	21382	66
22	21383	66
22	21384	65
22	21385	66
22	21386	66
22	21387	66
22	21388	66
22	21389	65
22	21390	65
22	21391	66
22	21392	65
22	21393	64
22	21394	62
22	21395	62
22	21396	63
22	21397	63
22	21398	64
22	21399	64
22	21400	64
22	21401	64
22	21402	64
22	21403	64
22	21404	64
22	21405	62
22	21406	60
22	21407	59
22	21408	59
22	21409	59
22	21410	59
22	21411	57
22	21412	57
22	21413	56
22	21414	56
22	21415	55
22	21416	56
22	21417	56
22	21418	55
22	21419	54
22	21420	55
22	21421	56
22	21422	56
22	21423	56
22	21424	57
22	21425	58
22	21426	60
22	21427	60
22	21428	61
22	21429	60
22	21430	59
22	21431	58
22	21432	58
22	21433	59
22	21434	57
22	21435	57
22	21436	57
22	21437	58
22	21438	57
22	21439	58
22	21440	56
22	21441	57
22	21442	57
22	21443	57
22	21444	56
22	21445	56
22	21446	57
22	21447	56
22	21448	57
22	21449	58
22	21450	59
22	21451	59
22	21452	58
22	21453	59
22	21454	59
22	21455	59
22	21456	60
22	21457	59
22	21458	58
22	21459	57
22	21460	55
22	21461	54
22	21462	52
22	21463	52
22	21464	51
22	21465	51
22	21466	52
22	21467	52
22	21468	52
22	21469	52
22	21470	53
22	21471	53
22	21472	53
22	21473	52
22	21474	51
22	21475	51
22	21476	52
22	21477	51
22	21478	52
22	21479	53
22	21480	54
22	21481	54
22	21482	54
22	21483	53
22	21484	52
22	21485	53
22	21486	53
22	21487	54
22	21488	53
22	21489	52
22	21490	52
22	21491	52
22	21492	54
22	21493	54
22	21494	54
22	21495	54
22	21496	55
22	21497	55
22	21498	54
22	21499	53
22	21500	53
22	21501	51
22	21502	51
22	21503	50
22	21504	50
22	21505	51
22	21506	51
22	21507	52
22	21508	52
22	21509	53
22	21510	53
22	21511	54
22	21512	54
22	21513	54
22	21514	52
22	21515	52
22	21516	51
22	21517	51
22	21518	51
22	21519	51
22	21520	53
22	21521	54
22	21522	55
22	21523	55
22	21524	54
22	21525	54
22	21526	53
22	21527	54
22	21528	54
22	21529	54
22	21530	54
22	21531	53
22	21532	54
22	21533	54
22	21534	54
22	21535	55
22	21536	55
22	21537	55
22	21538	55
22	21539	56
22	21540	56
22	21541	54
22	21542	54
22	21543	54
22	21544	56
22	21545	56
22	21546	58
22	21547	57
22	21548	58
22	21549	55
22	21550	55
22	21551	55
22	21552	56
22	21553	57
22	21554	57
22	21555	56
22	21556	55
22	21557	56
22	21558	57
22	21559	57
22	21560	57
22	21561	59
22	21562	59
22	21563	59
22	21564	59
22	21565	57
22	21566	57
22	21567	56
22	21568	56
22	21569	57
22	21570	56
22	21571	55
22	21572	56
22	21573	57
22	21574	57
22	21575	56
22	21576	56
22	21577	57
22	21578	57
22	21579	57
22	21580	57
22	21581	57
22	21582	55
22	21583	56
22	21584	56
22	21585	56
22	21586	55
22	21587	55
22	21588	56
22	21589	55
22	21590	56
22	21591	57
22	21592	56
22	21593	57
22	21594	57
22	21595	57
22	21596	57
22	21597	57
22	21598	56
22	21599	56
22	21600	56
22	21601	57
22	21602	55
22	21603	55
22	21604	56
22	21605	56
22	21606	54
22	21607	53
22	21608	53
22	21609	54
22	21610	53
22	21611	54
22	21612	54
22	21613	55
22	21614	55
22	21615	56
22	21616	57
22	21617	57
22	21618	57
22	21619	56
22	21620	56
22	21621	54
22	21622	53
22	21623	54
22	21624	55
22	21625	56
22	21626	55
22	21627	54
22	21628	53
22	21629	53
22	21630	53
22	21631	54
22	21632	56
22	21633	56
22	21634	58
22	21635	57
22	21636	55
22	21637	53
22	21638	55
22	21639	56
22	21640	56
22	21641	55
22	21642	55
22	21643	56
22	21644	54
22	21645	55
22	21646	55
22	21647	53
22	21648	54
22	21649	54
22	21650	56
22	21651	57
22	21652	58
22	21653	59
22	21654	59
22	21655	58
22	21656	58
22	21657	57
22	21658	56
22	21659	55
22	21660	55
22	21661	55
22	21662	56
22	21663	55
22	21664	55
22	21665	55
22	21666	54
22	21667	54
22	21668	55
22	21669	56
22	21670	55
22	21671	55
22	21672	54
22	21673	54
22	21674	56
22	21675	56
22	21676	55
22	21677	55
22	21678	57
22	21679	56
22	21680	57
22	21681	57
22	21682	56
22	21683	56
22	21684	56
22	21685	57
22	21686	56
22	21687	55
22	21688	55
22	21689	55
22	21690	54
22	21691	53
22	21692	53
22	21693	53
22	21694	54
22	21695	54
22	21696	54
22	21697	55
22	21698	57
22	21699	55
22	21700	55
22	21701	55
22	21702	56
22	21703	56
22	21704	55
22	21705	56
22	21706	56
22	21707	56
22	21708	56
22	21709	54
22	21710	54
22	21711	54
22	21712	56
22	21713	55
22	21714	55
22	21715	55
22	21716	55
22	21717	55
22	21718	54
22	21719	54
22	21720	54
22	21721	55
22	21722	55
22	21723	55
22	21724	55
22	21725	54
22	21726	54
22	21727	52
22	21728	52
22	21729	51
22	21730	51
22	21731	52
22	21732	52
22	21733	53
22	21734	54
22	21735	53
22	21736	54
22	21737	54
22	21738	54
22	21739	55
22	21740	55
22	21741	56
22	21742	57
22	21743	57
22	21744	57
22	21745	58
22	21746	57
22	21747	59
22	21748	60
22	21749	58
22	21750	57
22	21751	58
22	21752	58
22	21753	57
22	21754	57
22	21755	57
22	21756	58
22	21757	58
22	21758	60
22	21759	59
22	21760	61
22	21761	62
22	21762	62
22	21763	62
22	21764	63
22	21765	62
22	21766	62
22	21767	62
22	21768	63
22	21769	62
22	21770	61
22	21771	61
22	21772	60
22	21773	59
22	21774	59
22	21775	59
22	21776	59
22	21777	60
22	21778	60
22	21779	61
22	21780	60
22	21781	60
22	21782	59
22	21783	59
22	21784	60
22	21785	61
22	21786	61
22	21787	60
22	21788	61
22	21789	61
22	21790	62
22	21791	61
22	21792	61
22	21793	60
22	21794	61
22	21795	62
22	21796	62
22	21797	62
22	21798	60
22	21799	63
22	21800	62
22	21801	62
22	21802	64
22	21803	65
22	21804	66
22	21805	65
22	21806	66
22	21807	66
22	21808	65
22	21809	66
22	21810	65
22	21811	63
22	21812	63
22	21813	63
22	21814	63
22	21815	62
22	21816	61
22	21817	61
22	21818	62
22	21819	61
22	21820	61
22	21821	62
22	21822	60
22	21823	60
22	21824	62
22	21825	60
22	21826	60
22	21827	61
22	21828	60
22	21829	60
22	21830	60
22	21831	58
22	21832	58
22	21833	56
22	21834	56
22	21835	54
22	21836	52
22	21837	52
22	21838	51
22	21839	51
22	21840	50
22	21841	50
22	21842	49
22	21843	50
22	21844	51
22	21845	51
22	21846	51
22	21847	51
22	21848	52
22	21849	53
22	21850	53
22	21851	52
22	21852	53
22	21853	53
22	21854	52
22	21855	52
22	21856	51
22	21857	52
22	21858	51
22	21859	51
22	21860	50
22	21861	49
22	21862	49
22	21863	48
22	21864	50
22	21865	50
22	21866	51
22	21867	51
22	21868	53
22	21869	52
22	21870	52
22	21871	53
22	21872	53
22	21873	53
22	21874	51
22	21875	52
22	21876	53
22	21877	52
22	21878	51
22	21879	51
22	21880	51
22	21881	50
22	21882	50
22	21883	50
22	21884	49
22	21885	50
22	21886	50
22	21887	52
22	21888	51
22	21889	50
22	21890	50
22	21891	51
22	21892	51
22	21893	52
22	21894	53
22	21895	53
22	21896	53
22	21897	53
22	21898	53
22	21899	51
22	21900	51
22	21901	51
22	21902	52
22	21903	52
22	21904	52
22	21905	51
22	21906	51
22	21907	51
22	21908	53
22	21909	53
22	21910	54
22	21911	54
22	21912	54
22	21913	54
22	21914	53
22	21915	54
22	21916	53
22	21917	53
22	21918	52
22	21919	52
22	21920	53
22	21921	53
22	21922	52
22	21923	53
22	21924	54
22	21925	53
22	21926	54
22	21927	53
22	21928	53
22	21929	53
22	21930	54
22	21931	53
22	21932	52
22	21933	53
22	21934	52
22	21935	53
22	21936	53
22	21937	55
22	21938	55
22	21939	55
22	21940	54
22	21941	54
22	21942	55
22	21943	54
22	21944	55
22	21945	55
22	21946	54
22	21947	54
22	21948	54
22	21949	56
22	21950	56
22	21951	55
22	21952	56
22	21953	56
22	21954	56
22	21955	56
22	21956	58
22	21957	58
22	21958	57
22	21959	57
22	21960	57
22	21961	57
22	21962	56
22	21963	59
22	21964	60
22	21965	61
22	21966	61
22	21967	60
22	21968	59
22	21969	59
22	21970	59
22	21971	59
22	21972	59
22	21973	58
22	21974	59
22	21975	60
22	21976	59
22	21977	57
22	21978	58
22	21979	59
22	21980	59
22	21981	58
22	21982	60
22	21983	60
22	21984	59
22	21985	59
22	21986	59
22	21987	61
22	21988	60
22	21989	61
22	21990	61
22	21991	63
22	21992	62
22	21993	63
22	21994	63
22	21995	63
22	21996	63
22	21997	65
22	21998	65
22	21999	63
22	22000	63
22	22001	64
22	22002	65
22	22003	67
22	22004	68
22	22005	68
22	22006	68
22	22007	68
22	22008	69
22	22009	68
22	22010	67
22	22011	68
22	22012	66
22	22013	66
22	22014	65
22	22015	65
22	22016	66
22	22017	66
22	22018	65
22	22019	64
22	22020	64
22	22021	66
22	22022	68
22	22023	68
22	22024	67
22	22025	66
22	22026	66
22	22027	66
22	22028	63
22	22029	63
22	22030	64
22	22031	62
22	22032	63
22	22033	64
22	22034	64
22	22035	63
22	22036	63
22	22037	63
22	22038	62
22	22039	62
22	22040	62
22	22041	61
22	22042	63
22	22043	63
22	22044	62
22	22045	61
22	22046	60
22	22047	60
22	22048	60
22	22049	60
22	22050	61
22	22051	62
22	22052	62
22	22053	62
22	22054	63
22	22055	63
22	22056	63
22	22057	62
22	22058	62
22	22059	64
22	22060	64
22	22061	63
22	22062	62
22	22063	61
22	22064	62
22	22065	62
22	22066	60
22	22067	60
22	22068	59
22	22069	58
22	22070	57
22	22071	59
22	22072	59
22	22073	60
22	22074	61
22	22075	62
22	22076	61
22	22077	61
22	22078	61
22	22079	60
22	22080	60
22	22081	60
22	22082	62
22	22083	60
22	22084	62
22	22085	63
22	22086	63
22	22087	63
22	22088	64
22	22089	65
22	22090	65
22	22091	65
22	22092	66
22	22093	68
22	22094	68
22	22095	67
22	22096	68
22	22097	68
22	22098	67
22	22099	67
22	22100	65
22	22101	65
22	22102	64
22	22103	64
22	22104	65
22	22105	65
22	22106	65
22	22107	64
22	22108	65
22	22109	66
22	22110	65
22	22111	66
22	22112	66
22	22113	65
22	22114	66
22	22115	66
22	22116	68
22	22117	68
22	22118	67
22	22119	68
22	22120	68
22	22121	69
22	22122	70
22	22123	71
22	22124	70
22	22125	70
22	22126	69
22	22127	70
22	22128	69
22	22129	67
22	22130	68
22	22131	69
22	22132	68
22	22133	67
22	22134	67
22	22135	65
22	22136	66
22	22137	68
22	22138	69
22	22139	69
22	22140	68
22	22141	69
22	22142	71
22	22143	72
22	22144	71
22	22145	72
22	22146	70
22	22147	69
22	22148	67
22	22149	68
22	22150	67
22	22151	66
22	22152	65
22	22153	64
22	22154	64
22	22155	63
22	22156	63
22	22157	63
22	22158	63
22	22159	62
22	22160	61
22	22161	59
22	22162	58
22	22163	59
22	22164	58
22	22165	60
22	22166	59
22	22167	57
22	22168	56
22	22169	55
22	22170	55
22	22171	55
22	22172	55
22	22173	56
22	22174	58
22	22175	58
22	22176	60
22	22177	59
22	22178	60
22	22179	61
22	22180	60
22	22181	60
22	22182	60
22	22183	59
22	22184	57
22	22185	58
22	22186	58
22	22187	60
22	22188	61
22	22189	61
22	22190	59
22	22191	58
22	22192	59
22	22193	59
22	22194	60
22	22195	60
22	22196	60
22	22197	60
22	22198	59
22	22199	59
22	22200	59
22	22201	60
22	22202	60
22	22203	62
22	22204	63
22	22205	63
22	22206	63
22	22207	63
22	22208	64
22	22209	62
22	22210	63
22	22211	62
22	22212	62
22	22213	63
22	22214	62
22	22215	64
22	22216	64
22	22217	63
22	22218	62
22	22219	62
22	22220	61
22	22221	61
22	22222	62
22	22223	62
22	22224	61
22	22225	61
22	22226	60
22	22227	61
22	22228	61
22	22229	62
22	22230	65
22	22231	66
22	22232	65
22	22233	65
22	22234	66
22	22235	66
22	22236	65
22	22237	65
22	22238	63
22	22239	63
22	22240	62
22	22241	61
22	22242	62
22	22243	64
22	22244	64
22	22245	65
22	22246	63
22	22247	63
22	22248	63
22	22249	61
22	22250	61
22	22251	59
22	22252	60
22	22253	60
22	22254	59
22	22255	59
22	22256	58
22	22257	59
22	22258	59
22	22259	61
22	22260	60
22	22261	60
22	22262	59
22	22263	58
22	22264	57
22	22265	57
22	22266	57
22	22267	57
22	22268	57
22	22269	56
22	22270	57
22	22271	56
22	22272	55
22	22273	55
22	22274	55
22	22275	56
22	22276	57
22	22277	56
22	22278	55
22	22279	54
22	22280	54
22	22281	54
22	22282	55
22	22283	56
22	22284	56
22	22285	56
22	22286	55
22	22287	56
22	22288	56
22	22289	56
22	22290	55
22	22291	55
22	22292	54
22	22293	55
22	22294	55
22	22295	55
22	22296	55
22	22297	53
22	22298	52
22	22299	51
22	22300	52
22	22301	52
22	22302	51
22	22303	51
22	22304	51
22	22305	51
22	22306	50
22	22307	50
22	22308	50
22	22309	49
22	22310	49
22	22311	50
22	22312	49
22	22313	49
22	22314	49
22	22315	48
22	22316	48
22	22317	48
22	22318	45
22	22319	44
22	22320	42
22	22321	43
22	22322	42
22	22323	41
22	22324	43
22	22325	43
22	22326	43
22	22327	43
22	22328	43
22	22329	43
22	22330	44
22	22331	46
22	22332	47
22	22333	46
22	22334	46
22	22335	47
22	22336	47
22	22337	45
22	22338	46
22	22339	46
22	22340	46
22	22341	47
22	22342	49
22	22343	48
22	22344	47
22	22345	47
22	22346	47
22	22347	48
22	22348	48
22	22349	46
22	22350	47
22	22351	46
22	22352	46
22	22353	47
22	22354	49
22	22355	49
22	22356	48
22	22357	47
22	22358	48
22	22359	49
22	22360	50
22	22361	53
22	22362	52
22	22363	53
22	22364	53
22	22365	53
22	22366	52
22	22367	52
22	22368	53
22	22369	52
22	22370	52
22	22371	52
22	22372	52
22	22373	53
22	22374	53
22	22375	53
22	22376	52
22	22377	52
22	22378	52
22	22379	52
22	22380	51
22	22381	51
22	22382	51
22	22383	53
22	22384	53
22	22385	54
22	22386	53
22	22387	53
22	22388	53
22	22389	53
22	22390	53
22	22391	53
22	22392	53
22	22393	53
22	22394	53
22	22395	54
22	22396	53
22	22397	55
22	22398	56
22	22399	55
22	22400	55
22	22401	54
22	22402	53
22	22403	53
22	22404	54
22	22405	54
22	22406	54
22	22407	53
22	22408	54
22	22409	55
22	22410	54
22	22411	54
22	22412	55
22	22413	56
22	22414	56
22	22415	56
22	22416	54
22	22417	53
22	22418	53
22	22419	54
22	22420	53
22	22421	54
22	22422	53
22	22423	54
22	22424	54
22	22425	52
22	22426	51
22	22427	51
22	22428	50
22	22429	49
22	22430	49
22	22431	50
22	22432	51
22	22433	50
22	22434	49
22	22435	48
22	22436	49
22	22437	48
22	22438	47
22	22439	49
22	22440	50
22	22441	51
22	22442	51
22	22443	49
22	22444	49
22	22445	49
22	22446	49
22	22447	49
22	22448	48
22	22449	48
22	22450	48
22	22451	48
22	22452	49
22	22453	49
22	22454	50
22	22455	50
22	22456	51
22	22457	52
22	22458	52
22	22459	53
22	22460	53
22	22461	54
22	22462	53
22	22463	53
22	22464	54
22	22465	54
22	22466	54
22	22467	53
22	22468	54
22	22469	55
22	22470	54
22	22471	55
22	22472	55
22	22473	54
22	22474	54
22	22475	55
22	22476	55
22	22477	56
22	22478	56
22	22479	57
22	22480	57
22	22481	56
22	22482	55
22	22483	54
22	22484	52
22	22485	53
22	22486	53
22	22487	52
22	22488	52
22	22489	53
22	22490	53
22	22491	52
22	22492	50
22	22493	51
22	22494	51
22	22495	52
22	22496	51
22	22497	52
22	22498	52
22	22499	52
22	22500	53
22	22501	53
22	22502	53
22	22503	54
22	22504	54
22	22505	54
22	22506	55
22	22507	55
22	22508	54
22	22509	55
22	22510	55
22	22511	54
22	22512	54
22	22513	54
22	22514	53
22	22515	54
22	22516	54
22	22517	54
22	22518	55
22	22519	54
22	22520	53
22	22521	53
22	22522	53
22	22523	53
22	22524	52
22	22525	52
22	22526	53
22	22527	53
22	22528	54
22	22529	54
22	22530	52
22	22531	49
22	22532	47
22	22533	46
22	22534	45
22	22535	44
22	22536	43
22	22537	42
22	22538	42
22	22539	41
22	22540	40
22	22541	40
22	22542	40
22	22543	39
22	22544	38
22	22545	38
22	22546	37
22	22547	35
22	22548	35
22	22549	34
22	22550	33
22	22551	33
22	22552	32
22	22553	32
22	22554	31
22	22555	30
22	22556	30
22	22557	30
22	22558	30
22	22559	30
22	22560	28
22	22561	28
22	22562	28
22	22563	26
22	22564	25
22	22565	25
22	22566	25
22	22567	25
22	22568	24
22	22569	23
22	22570	23
22	22571	23
22	22572	23
22	22573	22
22	22574	22
22	22575	22
22	22576	23
22	22577	23
22	22578	23
22	22579	25
22	22580	24
22	22581	23
22	22582	22
22	22583	22
22	22584	22
22	22585	23
22	22586	23
22	22587	25
22	22588	25
22	22589	25
22	22590	24
22	22591	23
22	22592	22
22	22593	22
22	22594	22
22	22595	24
22	22596	24
22	22597	24
22	22598	24
22	22599	25
22	22600	24
22	22601	24
22	22602	24
22	22603	23
22	22604	23
22	22605	23
22	22606	23
22	22607	24
22	22608	25
22	22609	27
22	22610	28
22	22611	30
22	22612	30
22	22613	30
22	22614	30
22	22615	31
22	22616	33
22	22617	33
22	22618	33
22	22619	33
22	22620	34
22	22621	36
22	22622	37
22	22623	38
22	22624	39
22	22625	39
22	22626	39
22	22627	41
22	22628	43
22	22629	44
22	22630	46
22	22631	46
22	22632	47
22	22633	47
22	22634	47
22	22635	48
22	22636	50
22	22637	51
22	22638	52
22	22639	52
22	22640	52
22	22641	53
22	22642	55
22	22643	55
22	22644	55
22	22645	54
22	22646	54
22	22647	54
22	22648	55
22	22649	55
22	22650	54
22	22651	52
22	22652	52
22	22653	53
22	22654	51
22	22655	51
22	22656	52
22	22657	53
22	22658	53
22	22659	53
22	22660	53
22	22661	51
22	22662	50
22	22663	51
22	22664	50
22	22665	50
22	22666	50
22	22667	50
22	22668	49
22	22669	50
22	22670	48
22	22671	49
22	22672	49
22	22673	50
22	22674	50
22	22675	50
22	22676	50
22	22677	49
22	22678	49
22	22679	49
22	22680	48
22	22681	48
22	22682	47
22	22683	46
22	22684	44
22	22685	45
22	22686	43
22	22687	43
22	22688	44
22	22689	45
22	22690	45
22	22691	45
22	22692	45
22	22693	45
22	22694	46
22	22695	46
22	22696	45
22	22697	44
22	22698	43
22	22699	42
22	22700	44
22	22701	46
22	22702	45
22	22703	43
22	22704	42
22	22705	41
22	22706	43
22	22707	42
22	22708	44
22	22709	45
22	22710	44
22	22711	44
22	22712	44
22	22713	44
22	22714	45
22	22715	45
22	22716	44
22	22717	45
22	22718	45
22	22719	46
22	22720	47
22	22721	48
22	22722	48
22	22723	48
22	22724	48
22	22725	48
22	22726	49
22	22727	49
22	22728	47
22	22729	46
22	22730	47
22	22731	46
22	22732	46
22	22733	47
22	22734	47
22	22735	47
22	22736	48
22	22737	48
22	22738	47
22	22739	48
22	22740	49
22	22741	49
22	22742	50
22	22743	50
22	22744	52
22	22745	53
22	22746	52
22	22747	52
22	22748	52
22	22749	52
22	22750	53
22	22751	54
22	22752	55
22	22753	57
22	22754	56
22	22755	57
22	22756	57
22	22757	56
22	22758	56
22	22759	57
22	22760	56
22	22761	56
22	22762	57
22	22763	56
22	22764	55
22	22765	56
22	22766	55
22	22767	55
22	22768	56
22	22769	55
22	22770	55
22	22771	55
22	22772	54
22	22773	54
22	22774	55
22	22775	55
22	22776	53
22	22777	53
22	22778	54
22	22779	54
22	22780	55
22	22781	56
22	22782	57
22	22783	55
22	22784	54
22	22785	55
22	22786	55
22	22787	54
22	22788	53
22	22789	53
22	22790	53
22	22791	55
22	22792	56
22	22793	57
22	22794	56
22	22795	56
22	22796	57
22	22797	56
22	22798	55
22	22799	56
22	22800	56
22	22801	57
22	22802	58
22	22803	58
22	22804	59
22	22805	60
22	22806	61
22	22807	60
22	22808	59
22	22809	58
22	22810	58
22	22811	58
22	22812	58
22	22813	57
22	22814	58
22	22815	57
22	22816	58
22	22817	58
22	22818	58
22	22819	57
22	22820	56
22	22821	57
22	22822	59
22	22823	58
22	22824	57
22	22825	57
22	22826	56
22	22827	55
22	22828	53
22	22829	53
22	22830	52
22	22831	52
22	22832	53
22	22833	53
22	22834	50
22	22835	51
22	22836	52
22	22837	52
22	22838	52
22	22839	53
22	22840	53
22	22841	54
22	22842	55
22	22843	55
22	22844	55
22	22845	56
22	22846	55
22	22847	56
22	22848	56
22	22849	55
22	22850	54
22	22851	56
22	22852	56
22	22853	56
22	22854	55
22	22855	55
22	22856	54
22	22857	54
22	22858	55
22	22859	56
22	22860	55
22	22861	56
22	22862	58
22	22863	59
22	22864	58
22	22865	60
22	22866	59
22	22867	58
22	22868	59
22	22869	60
22	22870	60
22	22871	60
22	22872	61
22	22873	61
22	22874	60
22	22875	62
22	22876	61
22	22877	60
22	22878	61
22	22879	62
22	22880	61
22	22881	60
22	22882	60
22	22883	60
22	22884	60
22	22885	59
22	22886	57
22	22887	58
22	22888	58
22	22889	56
22	22890	56
22	22891	56
22	22892	55
22	22893	57
22	22894	56
22	22895	56
22	22896	56
22	22897	56
22	22898	58
22	22899	59
22	22900	59
22	22901	58
22	22902	58
22	22903	59
22	22904	60
22	22905	60
22	22906	61
22	22907	61
22	22908	62
22	22909	62
22	22910	62
22	22911	61
22	22912	62
22	22913	63
22	22914	64
22	22915	63
22	22916	64
22	22917	64
22	22918	65
22	22919	66
22	22920	66
22	22921	67
22	22922	68
22	22923	69
22	22924	69
22	22925	69
22	22926	67
22	22927	67
22	22928	67
22	22929	69
22	22930	68
22	22931	68
22	22932	67
22	22933	66
22	22934	66
22	22935	66
22	22936	65
22	22937	65
22	22938	62
22	22939	64
22	22940	63
22	22941	62
22	22942	63
22	22943	61
22	22944	60
22	22945	59
22	22946	59
22	22947	59
22	22948	59
22	22949	59
22	22950	58
22	22951	58
22	22952	60
22	22953	59
22	22954	58
22	22955	58
22	22956	59
22	22957	59
22	22958	59
22	22959	59
22	22960	59
22	22961	60
22	22962	60
22	22963	61
22	22964	60
22	22965	60
22	22966	61
22	22967	62
22	22968	61
22	22969	61
22	22970	61
22	22971	61
22	22972	59
22	22973	57
22	22974	56
22	22975	57
22	22976	57
22	22977	57
22	22978	58
22	22979	57
22	22980	57
22	22981	56
22	22982	56
22	22983	54
22	22984	55
22	22985	55
22	22986	55
22	22987	55
22	22988	56
22	22989	55
22	22990	55
22	22991	54
22	22992	53
22	22993	53
22	22994	53
22	22995	53
22	22996	55
22	22997	54
22	22998	53
22	22999	53
22	23000	52
22	23001	52
22	23002	52
22	23003	52
22	23004	50
22	23005	50
22	23006	50
22	23007	51
22	23008	50
22	23009	49
22	23010	49
22	23011	48
22	23012	49
22	23013	49
22	23014	48
22	23015	48
22	23016	48
22	23017	48
22	23018	49
22	23019	50
22	23020	50
22	23021	50
22	23022	50
22	23023	50
22	23024	51
22	23025	50
22	23026	50
22	23027	50
22	23028	50
22	23029	49
22	23030	48
22	23031	47
22	23032	47
22	23033	47
22	23034	47
22	23035	47
22	23036	46
22	23037	44
22	23038	43
22	23039	42
22	23040	42
22	23041	42
22	23042	40
22	23043	40
22	23044	40
22	23045	40
22	23046	39
22	23047	39
22	23048	40
22	23049	40
22	23050	38
22	23051	38
22	23052	38
22	23053	37
22	23054	37
22	23055	37
22	23056	36
22	23057	35
22	23058	34
22	23059	33
22	23060	32
22	23061	31
22	23062	30
22	23063	28
22	23064	28
22	23065	27
22	23066	26
22	23067	26
22	23068	25
22	23069	23
22	23070	22
22	23071	20
22	23072	20
22	23073	20
22	23074	20
22	23075	20
22	23076	20
22	23077	19
22	23078	18
22	23079	17
22	23080	17
22	23081	16
22	23082	15
22	23083	15
22	23084	15
22	23085	14
22	23086	14
22	23087	13
22	23088	12
22	23089	11
22	23090	10
22	23091	10
22	23092	9
22	23093	8
22	23094	7
22	23095	7
22	23096	6
22	23097	5
22	23098	5
22	23099	4
22	23100	3
22	23101	3
22	23102	2
22	23103	2
22	23104	3
22	23105	4
22	23106	4
22	23107	4
22	23108	5
22	23109	6
22	23110	8
22	23111	8
22	23112	9
22	23113	10
22	23114	10
22	23115	11
22	23116	11
22	23117	12
22	23118	13
22	23119	15
22	23120	16
22	23121	17
22	23122	17
22	23123	17
22	23124	18
22	23125	19
22	23126	19
22	23127	20
22	23128	21
22	23129	22
22	23130	22
22	23131	22
22	23132	23
22	23133	24
22	23134	26
22	23135	26
22	23136	27
22	23137	28
22	23138	28
22	23139	28
22	23140	29
22	23141	29
22	23142	29
22	23143	30
22	23144	31
22	23145	31
22	23146	32
22	23147	33
22	23148	34
22	23149	36
22	23150	37
22	23151	39
22	23152	39
22	23153	39
22	23154	39
22	23155	40
22	23156	40
22	23157	41
22	23158	41
22	23159	42
22	23160	42
22	23161	42
22	23162	44
22	23163	44
22	23164	45
22	23165	45
22	23166	45
22	23167	45
22	23168	47
22	23169	48
22	23170	48
22	23171	49
22	23172	51
22	23173	52
22	23174	53
22	23175	55
22	23176	55
22	23177	56
22	23178	56
22	23179	57
22	23180	56
22	23181	56
22	23182	57
22	23183	56
22	23184	56
22	23185	56
22	23186	55
22	23187	54
22	23188	53
22	23189	53
22	23190	53
22	23191	53
22	23192	53
22	23193	53
22	23194	53
22	23195	53
22	23196	53
22	23197	53
22	23198	52
22	23199	51
22	23200	50
22	23201	52
22	23202	51
22	23203	53
22	23204	55
22	23205	56
22	23206	57
22	23207	57
22	23208	57
22	23209	56
22	23210	57
22	23211	57
22	23212	57
22	23213	59
22	23214	60
22	23215	60
22	23216	60
22	23217	61
22	23218	61
22	23219	61
22	23220	62
22	23221	63
22	23222	64
22	23223	63
22	23224	64
22	23225	66
22	23226	65
22	23227	65
22	23228	66
22	23229	66
22	23230	65
22	23231	65
22	23232	63
22	23233	63
22	23234	62
22	23235	62
22	23236	63
22	23237	62
22	23238	63
22	23239	62
22	23240	62
22	23241	62
22	23242	62
22	23243	62
22	23244	61
22	23245	61
22	23246	61
22	23247	60
22	23248	59
22	23249	58
22	23250	56
22	23251	57
22	23252	56
22	23253	57
22	23254	56
22	23255	57
22	23256	57
22	23257	57
22	23258	59
22	23259	59
22	23260	57
22	23261	57
22	23262	57
22	23263	59
22	23264	60
22	23265	61
22	23266	61
22	23267	60
22	23268	61
22	23269	59
22	23270	59
22	23271	59
22	23272	61
22	23273	61
22	23274	62
22	23275	63
22	23276	62
22	23277	64
22	23278	62
22	23279	60
22	23280	61
22	23281	61
22	23282	60
22	23283	60
22	23284	60
22	23285	60
22	23286	60
22	23287	61
22	23288	61
22	23289	60
22	23290	61
22	23291	61
22	23292	61
22	23293	60
22	23294	60
22	23295	59
22	23296	58
22	23297	57
22	23298	57
22	23299	56
22	23300	55
22	23301	57
22	23302	58
22	23303	57
22	23304	58
22	23305	59
22	23306	59
22	23307	61
22	23308	63
22	23309	64
22	23310	64
22	23311	64
22	23312	62
22	23313	62
22	23314	62
22	23315	62
22	23316	62
22	23317	62
22	23318	61
22	23319	62
22	23320	64
22	23321	64
22	23322	66
22	23323	67
22	23324	67
22	23325	68
22	23326	69
22	23327	69
22	23328	69
22	23329	69
22	23330	68
22	23331	70
22	23332	69
22	23333	68
22	23334	66
22	23335	66
22	23336	66
22	23337	66
22	23338	66
22	23339	66
22	23340	65
22	23341	65
22	23342	66
22	23343	65
22	23344	66
22	23345	66
22	23346	67
22	23347	65
22	23348	66
22	23349	65
22	23350	64
22	23351	63
22	23352	61
22	23353	60
22	23354	62
22	23355	60
22	23356	59
22	23357	59
22	23358	60
22	23359	59
22	23360	56
22	23361	55
22	23362	55
22	23363	54
22	23364	54
22	23365	54
22	23366	55
22	23367	56
22	23368	57
22	23369	56
22	23370	55
22	23371	56
22	23372	56
22	23373	57
22	23374	57
22	23375	58
22	23376	58
22	23377	57
22	23378	58
22	23379	57
22	23380	56
22	23381	56
22	23382	54
22	23383	52
22	23384	53
22	23385	53
22	23386	53
22	23387	54
22	23388	54
22	23389	55
22	23390	55
22	23391	56
22	23392	57
22	23393	58
22	23394	57
22	23395	56
22	23396	55
22	23397	54
22	23398	53
22	23399	54
22	23400	56
22	23401	55
22	23402	55
22	23403	54
22	23404	54
22	23405	55
22	23406	53
22	23407	54
22	23408	54
22	23409	54
22	23410	54
22	23411	55
22	23412	56
22	23413	57
22	23414	57
22	23415	56
22	23416	58
22	23417	57
22	23418	56
22	23419	56
22	23420	55
22	23421	54
22	23422	54
22	23423	52
22	23424	52
22	23425	54
22	23426	54
22	23427	55
22	23428	56
22	23429	55
22	23430	56
22	23431	56
22	23432	57
22	23433	58
22	23434	58
22	23435	58
22	23436	60
22	23437	61
22	23438	61
22	23439	62
22	23440	61
22	23441	59
22	23442	57
22	23443	56
22	23444	56
22	23445	56
22	23446	55
22	23447	55
22	23448	56
22	23449	56
22	23450	56
22	23451	55
22	23452	56
22	23453	56
22	23454	59
22	23455	59
22	23456	60
22	23457	61
22	23458	61
22	23459	60
22	23460	59
22	23461	59
22	23462	60
22	23463	61
22	23464	60
22	23465	61
22	23466	62
22	23467	60
22	23468	59
22	23469	60
22	23470	60
22	23471	60
22	23472	61
22	23473	61
22	23474	60
22	23475	59
22	23476	59
22	23477	59
22	23478	59
22	23479	60
22	23480	60
22	23481	62
22	23482	61
22	23483	61
22	23484	61
22	23485	61
22	23486	61
22	23487	59
22	23488	56
22	23489	56
22	23490	57
22	23491	57
22	23492	58
22	23493	58
22	23494	58
22	23495	57
22	23496	56
22	23497	57
22	23498	59
22	23499	60
22	23500	59
22	23501	59
22	23502	58
22	23503	59
22	23504	58
22	23505	58
22	23506	59
22	23507	58
22	23508	57
22	23509	58
22	23510	58
22	23511	57
22	23512	57
22	23513	58
22	23514	57
22	23515	56
22	23516	56
22	23517	56
22	23518	56
22	23519	56
22	23520	56
22	23521	56
22	23522	56
22	23523	56
22	23524	55
22	23525	54
22	23526	55
22	23527	56
22	23528	55
22	23529	56
22	23530	57
22	23531	57
22	23532	56
22	23533	56
22	23534	56
22	23535	56
22	23536	55
22	23537	53
22	23538	53
22	23539	54
22	23540	55
22	23541	55
22	23542	54
22	23543	55
22	23544	54
22	23545	55
22	23546	56
22	23547	56
22	23548	56
22	23549	56
22	23550	55
22	23551	54
22	23552	53
22	23553	53
22	23554	53
22	23555	54
22	23556	52
22	23557	52
22	23558	52
22	23559	52
22	23560	53
22	23561	52
22	23562	52
22	23563	53
22	23564	54
22	23565	54
22	23566	52
22	23567	52
22	23568	53
22	23569	53
22	23570	53
22	23571	54
22	23572	54
22	23573	53
22	23574	54
22	23575	56
22	23576	56
22	23577	57
22	23578	57
22	23579	59
22	23580	58
22	23581	58
22	23582	58
22	23583	60
22	23584	61
22	23585	63
22	23586	63
22	23587	63
22	23588	64
22	23589	64
22	23590	63
22	23591	63
22	23592	64
22	23593	65
22	23594	66
22	23595	66
22	23596	65
22	23597	66
22	23598	66
22	23599	66
22	23600	67
22	23601	65
22	23602	65
22	23603	64
22	23604	63
22	23605	62
22	23606	62
22	23607	63
22	23608	63
22	23609	65
22	23610	67
22	23611	68
22	23612	68
22	23613	67
22	23614	67
22	23615	67
22	23616	68
22	23617	69
22	23618	67
22	23619	67
22	23620	67
22	23621	68
22	23622	68
22	23623	67
22	23624	67
22	23625	67
22	23626	68
22	23627	69
22	23628	68
22	23629	67
22	23630	67
22	23631	67
22	23632	67
22	23633	69
22	23634	69
22	23635	69
22	23636	70
22	23637	71
22	23638	70
22	23639	68
22	23640	68
22	23641	68
22	23642	67
22	23643	66
22	23644	65
22	23645	65
22	23646	65
22	23647	64
22	23648	65
22	23649	65
22	23650	64
22	23651	65
22	23652	65
22	23653	65
22	23654	65
22	23655	65
22	23656	65
22	23657	65
22	23658	63
22	23659	62
22	23660	61
22	23661	61
22	23662	60
22	23663	60
22	23664	60
22	23665	60
22	23666	60
22	23667	60
22	23668	59
22	23669	58
22	23670	57
22	23671	59
22	23672	57
22	23673	58
22	23674	59
22	23675	58
22	23676	58
22	23677	57
22	23678	58
22	23679	57
22	23680	57
22	23681	58
22	23682	59
22	23683	61
22	23684	60
22	23685	60
22	23686	60
22	23687	60
22	23688	61
22	23689	60
22	23690	60
22	23691	59
22	23692	58
22	23693	58
22	23694	58
22	23695	58
22	23696	58
22	23697	59
22	23698	60
22	23699	63
22	23700	62
22	23701	61
22	23702	61
22	23703	61
22	23704	61
22	23705	62
22	23706	63
22	23707	64
22	23708	62
22	23709	64
22	23710	64
22	23711	63
22	23712	62
22	23713	63
22	23714	62
22	23715	64
22	23716	65
22	23717	65
22	23718	65
22	23719	67
22	23720	66
22	23721	66
22	23722	66
22	23723	64
22	23724	63
22	23725	61
22	23726	62
22	23727	61
22	23728	59
22	23729	58
22	23730	59
22	23731	59
22	23732	59
22	23733	60
22	23734	59
22	23735	58
22	23736	59
22	23737	59
22	23738	57
22	23739	57
22	23740	57
22	23741	58
22	23742	58
22	23743	59
22	23744	59
22	23745	59
22	23746	58
22	23747	58
22	23748	57
22	23749	56
22	23750	56
22	23751	57
22	23752	57
22	23753	57
22	23754	58
22	23755	59
22	23756	58
22	23757	58
22	23758	56
22	23759	57
22	23760	58
22	23761	57
22	23762	58
22	23763	56
22	23764	56
22	23765	56
22	23766	55
22	23767	56
22	23768	56
22	23769	55
22	23770	54
22	23771	54
22	23772	53
22	23773	54
22	23774	53
22	23775	53
22	23776	53
22	23777	52
22	23778	53
22	23779	53
22	23780	51
22	23781	50
22	23782	50
22	23783	52
22	23784	51
22	23785	50
22	23786	51
22	23787	50
22	23788	49
22	23789	50
22	23790	51
22	23791	50
22	23792	51
22	23793	51
22	23794	49
22	23795	50
22	23796	48
22	23797	50
22	23798	51
22	23799	51
22	23800	52
22	23801	51
22	23802	51
22	23803	50
22	23804	50
22	23805	50
22	23806	51
22	23807	51
22	23808	51
22	23809	51
22	23810	53
22	23811	54
22	23812	55
22	23813	55
22	23814	56
22	23815	58
22	23816	58
22	23817	57
22	23818	56
22	23819	57
22	23820	58
22	23821	58
22	23822	59
22	23823	62
22	23824	62
22	23825	62
22	23826	62
22	23827	63
22	23828	63
22	23829	63
22	23830	62
22	23831	62
22	23832	61
22	23833	61
22	23834	60
22	23835	59
22	23836	60
22	23837	59
22	23838	59
22	23839	58
22	23840	58
22	23841	58
22	23842	58
22	23843	60
22	23844	62
22	23845	62
22	23846	62
22	23847	61
22	23848	61
22	23849	61
22	23850	62
22	23851	61
22	23852	61
22	23853	60
22	23854	60
22	23855	60
22	23856	60
22	23857	59
22	23858	59
22	23859	59
22	23860	60
22	23861	62
22	23862	62
22	23863	61
22	23864	60
22	23865	59
22	23866	59
22	23867	59
22	23868	59
22	23869	59
22	23870	58
22	23871	57
22	23872	56
22	23873	55
22	23874	55
22	23875	56
22	23876	57
22	23877	57
22	23878	58
22	23879	58
22	23880	57
22	23881	56
22	23882	56
22	23883	55
22	23884	55
22	23885	53
22	23886	54
22	23887	54
22	23888	54
22	23889	53
22	23890	51
22	23891	51
22	23892	53
22	23893	53
22	23894	52
22	23895	51
22	23896	51
22	23897	50
22	23898	48
22	23899	50
22	23900	49
22	23901	50
22	23902	52
22	23903	52
22	23904	52
22	23905	53
22	23906	53
22	23907	54
22	23908	54
22	23909	54
22	23910	52
22	23911	50
22	23912	50
22	23913	50
22	23914	50
22	23915	50
22	23916	51
22	23917	51
22	23918	50
22	23919	48
22	23920	49
22	23921	50
22	23922	51
22	23923	50
22	23924	51
22	23925	51
22	23926	53
22	23927	55
22	23928	56
22	23929	56
22	23930	56
22	23931	56
22	23932	56
22	23933	54
22	23934	54
22	23935	53
22	23936	52
22	23937	53
22	23938	53
22	23939	54
22	23940	55
22	23941	53
22	23942	53
22	23943	55
22	23944	55
22	23945	56
22	23946	56
22	23947	56
22	23948	56
22	23949	56
22	23950	55
22	23951	55
22	23952	56
22	23953	55
22	23954	53
22	23955	53
22	23956	52
22	23957	52
22	23958	51
22	23959	53
22	23960	54
22	23961	53
22	23962	52
22	23963	52
22	23964	52
22	23965	53
22	23966	53
22	23967	52
22	23968	53
22	23969	54
22	23970	54
22	23971	54
22	23972	56
22	23973	57
22	23974	58
22	23975	59
22	23976	57
22	23977	56
22	23978	55
22	23979	55
22	23980	54
22	23981	54
22	23982	56
22	23983	56
22	23984	56
22	23985	56
22	23986	57
22	23987	58
22	23988	60
22	23989	60
22	23990	61
22	23991	59
22	23992	60
22	23993	61
22	23994	60
22	23995	59
22	23996	60
22	23997	60
22	23998	61
22	23999	61
22	24000	61
22	24001	60
22	24002	58
22	24003	57
22	24004	58
22	24005	58
22	24006	58
22	24007	59
22	24008	60
22	24009	60
22	24010	62
22	24011	64
22	24012	64
22	24013	65
22	24014	64
22	24015	63
22	24016	63
22	24017	63
22	24018	62
22	24019	61
22	24020	62
22	24021	62
22	24022	62
22	24023	62
22	24024	63
22	24025	62
22	24026	62
22	24027	64
22	24028	63
22	24029	64
22	24030	64
22	24031	64
22	24032	65
22	24033	66
22	24034	65
22	24035	63
22	24036	62
22	24037	62
22	24038	62
22	24039	62
22	24040	61
22	24041	60
22	24042	60
22	24043	60
22	24044	60
22	24045	60
22	24046	59
22	24047	57
22	24048	57
22	24049	57
22	24050	56
22	24051	57
22	24052	56
22	24053	57
22	24054	58
22	24055	57
22	24056	56
22	24057	56
22	24058	54
22	24059	56
22	24060	56
22	24061	55
22	24062	55
22	24063	53
22	24064	55
22	24065	55
22	24066	55
22	24067	55
22	24068	54
22	24069	55
22	24070	57
22	24071	55
22	24072	53
22	24073	54
22	24074	54
22	24075	54
22	24076	54
22	24077	53
22	24078	54
22	24079	54
22	24080	55
22	24081	55
22	24082	55
22	24083	56
22	24084	56
22	24085	55
22	24086	53
22	24087	52
22	24088	51
22	24089	51
22	24090	52
22	24091	52
22	24092	51
22	24093	50
22	24094	49
22	24095	47
22	24096	48
22	24097	49
22	24098	48
22	24099	48
22	24100	49
22	24101	50
22	24102	50
22	24103	51
22	24104	50
22	24105	51
22	24106	50
22	24107	50
22	24108	50
22	24109	52
22	24110	51
22	24111	52
22	24112	52
22	24113	51
22	24114	52
22	24115	52
22	24116	52
22	24117	53
22	24118	53
22	24119	52
22	24120	51
22	24121	51
22	24122	52
22	24123	52
22	24124	51
22	24125	53
22	24126	53
22	24127	53
22	24128	52
22	24129	52
22	24130	52
22	24131	52
22	24132	52
22	24133	52
22	24134	51
22	24135	52
22	24136	52
22	24137	53
22	24138	54
22	24139	53
22	24140	52
22	24141	54
22	24142	54
22	24143	56
22	24144	55
22	24145	54
22	24146	55
22	24147	55
22	24148	55
22	24149	55
22	24150	56
22	24151	56
22	24152	57
22	24153	56
22	24154	56
22	24155	56
22	24156	56
22	24157	54
22	24158	52
22	24159	51
22	24160	52
22	24161	54
22	24162	54
22	24163	55
22	24164	55
22	24165	54
22	24166	55
22	24167	56
22	24168	56
22	24169	55
22	24170	55
22	24171	55
22	24172	53
22	24173	53
22	24174	53
22	24175	54
22	24176	54
22	24177	55
22	24178	54
22	24179	54
22	24180	54
22	24181	54
22	24182	53
22	24183	53
22	24184	51
22	24185	51
22	24186	51
22	24187	51
22	24188	52
22	24189	51
22	24190	52
22	24191	52
22	24192	51
22	24193	50
22	24194	50
22	24195	50
22	24196	51
22	24197	50
22	24198	49
22	24199	49
22	24200	47
22	24201	47
22	24202	47
22	24203	45
22	24204	44
22	24205	44
22	24206	45
22	24207	46
22	24208	45
22	24209	45
22	24210	45
22	24211	45
22	24212	44
22	24213	43
22	24214	43
22	24215	43
22	24216	42
22	24217	41
22	24218	39
22	24219	40
22	24220	41
22	24221	41
22	24222	42
22	24223	42
22	24224	41
22	24225	40
22	24226	38
22	24227	36
22	24228	36
22	24229	35
22	24230	34
22	24231	33
22	24232	33
22	24233	32
22	24234	32
22	24235	31
22	24236	29
22	24237	27
22	24238	26
22	24239	26
22	24240	26
22	24241	25
22	24242	24
22	24243	24
22	24244	24
22	24245	24
22	24246	23
22	24247	23
22	24248	23
22	24249	23
22	24250	21
22	24251	20
22	24252	18
22	24253	18
22	24254	18
22	24255	17
22	24256	17
22	24257	17
22	24258	18
22	24259	18
22	24260	19
22	24261	19
22	24262	20
22	24263	20
22	24264	20
22	24265	19
22	24266	20
22	24267	20
22	24268	22
22	24269	22
22	24270	23
22	24271	24
22	24272	24
22	24273	24
22	24274	24
22	24275	24
22	24276	25
22	24277	26
22	24278	27
22	24279	28
22	24280	29
22	24281	29
22	24282	28
22	24283	28
22	24284	28
22	24285	27
22	24286	28
22	24287	27
22	24288	28
22	24289	27
22	24290	29
22	24291	28
22	24292	29
22	24293	30
22	24294	29
22	24295	28
22	24296	28
22	24297	27
22	24298	26
22	24299	27
22	24300	28
22	24301	30
22	24302	30
22	24303	30
22	24304	30
22	24305	30
22	24306	31
22	24307	32
22	24308	33
22	24309	33
22	24310	35
22	24311	36
22	24312	36
22	24313	36
22	24314	36
22	24315	36
22	24316	36
22	24317	36
22	24318	36
22	24319	36
22	24320	36
22	24321	36
22	24322	36
22	24323	36
22	24324	36
22	24325	36
22	24326	36
22	24327	36
22	24328	36
22	24329	36
22	24330	36
22	24331	36
22	24332	36
22	24333	34
22	24334	34
22	24335	33
22	24336	32
22	24337	31
22	24338	30
22	24339	30
22	24340	30
22	24341	29
22	24342	29
22	24343	27
22	24344	27
22	24345	26
22	24346	25
22	24347	25
22	24348	25
22	24349	25
22	24350	25
22	24351	24
22	24352	23
22	24353	22
22	24354	21
22	24355	20
22	24356	20
22	24357	19
22	24358	19
22	24359	19
22	24360	19
22	24361	18
22	24362	18
22	24363	17
22	24364	17
22	24365	15
22	24366	15
22	24367	14
22	24368	13
22	24369	13
22	24370	12
22	24371	11
22	24372	11
22	24373	11
22	24374	10
22	24375	8
22	24376	6
22	24377	6
22	24378	6
22	24379	6
22	24380	6
22	24381	5
22	24382	4
22	24383	3
22	24384	3
22	24385	1
22	24424	1
22	24425	2
22	24426	2
22	24427	3
22	24428	4
22	24429	6
22	24430	8
22	24431	8
22	24432	9
22	24433	11
22	24434	12
22	24435	13
22	24436	15
22	24437	15
22	24438	16
22	24439	17
22	24440	18
22	24441	18
22	24442	18
22	24443	18
22	24444	20
22	24445	22
22	24446	23
22	24447	23
22	24448	24
22	24449	24
22	24450	24
22	24451	26
22	24452	27
22	24453	28
22	24454	28
22	24455	29
22	24456	29
22	24457	29
22	24458	31
22	24459	31
22	24460	31
22	24461	31
22	24462	31
22	24463	31
22	24464	31
22	24465	32
22	24466	34
22	24467	34
22	24468	34
22	24469	35
22	24470	36
22	24471	37
22	24472	38
22	24473	39
22	24474	39
22	24475	39
22	24476	39
22	24477	41
22	24478	44
22	24479	44
22	24480	44
22	24481	47
22	24482	47
22	24483	47
22	24484	48
22	24485	48
22	24486	48
22	24487	48
22	24488	49
22	24489	51
22	24490	54
22	24491	54
22	24492	56
22	24493	56
22	24494	56
22	24495	56
22	24496	57
22	24497	58
22	24498	59
22	24499	61
22	24500	61
22	24501	61
22	24502	59
22	24503	59
22	24504	58
22	24505	58
22	24506	59
22	24507	58
22	24508	57
22	24509	56
22	24510	54
22	24511	54
22	24512	57
22	24513	58
22	24514	57
22	24515	58
22	24516	58
22	24517	58
22	24518	58
22	24519	57
22	24520	56
22	24521	56
22	24522	56
22	24523	55
22	24524	55
22	24525	55
22	24526	54
22	24527	53
22	24528	53
22	24529	54
22	24530	54
22	24531	55
22	24532	56
22	24533	56
22	24534	56
22	24535	56
22	24536	56
22	24537	56
22	24538	56
22	24539	58
22	24540	57
22	24541	57
22	24542	57
22	24543	57
22	24544	56
22	24545	55
22	24546	55
22	24547	55
22	24548	54
22	24549	56
22	24550	57
22	24551	57
22	24552	55
22	24553	52
22	24554	55
22	24555	55
22	24556	55
22	24557	57
22	24558	58
22	24559	58
22	24560	57
22	24561	59
22	24562	59
22	24563	60
22	24564	58
22	24565	56
22	24566	57
22	24567	56
22	24568	56
22	24569	57
22	24570	58
22	24571	57
22	24572	57
22	24573	57
22	24574	56
22	24575	56
22	24576	56
22	24577	55
22	24578	54
22	24579	56
22	24580	55
22	24581	56
22	24582	57
22	24583	57
22	24584	59
22	24585	60
22	24586	60
22	24587	59
22	24588	59
22	24589	59
22	24590	56
22	24591	56
22	24592	56
22	24593	57
22	24594	57
22	24595	56
22	24596	55
22	24597	55
22	24598	55
22	24599	54
22	24600	53
22	24601	54
22	24602	54
22	24603	53
22	24604	52
22	24605	51
22	24606	51
22	24607	50
22	24608	50
22	24609	50
22	24610	49
22	24611	49
22	24612	49
22	24613	49
22	24614	47
22	24615	47
22	24616	46
22	24617	45
22	24618	43
22	24619	43
22	24620	41
22	24621	41
22	24622	40
22	24623	39
22	24624	38
22	24625	37
22	24626	38
22	24627	38
22	24628	38
22	24629	36
22	24630	36
22	24631	36
22	24632	35
22	24633	33
22	24634	32
22	24635	32
22	24636	30
22	24637	30
22	24638	28
22	24639	28
22	24640	28
22	24641	27
22	24642	26
22	24643	26
22	24644	25
22	24645	24
22	24646	25
22	24647	24
22	24648	23
22	24649	22
22	24650	21
22	24651	21
22	24652	23
22	24653	24
22	24654	23
22	24655	24
22	24656	23
22	24657	24
22	24658	24
22	24659	22
22	24660	22
22	24661	21
22	24662	21
22	24663	20
22	24664	21
22	24665	21
22	24666	21
22	24667	21
22	24668	20
22	24669	20
22	24670	20
22	24671	21
22	24672	21
22	24673	22
22	24674	22
22	24675	23
22	24676	24
22	24677	25
22	24678	25
22	24679	25
22	24680	26
22	24681	27
22	24682	27
22	24683	28
22	24684	29
22	24685	28
22	24686	28
22	24687	28
22	24688	30
22	24689	30
22	24690	31
22	24691	33
22	24692	34
22	24693	34
22	24694	36
22	24695	37
22	24696	38
22	24697	38
22	24698	38
22	24699	39
22	24700	39
22	24701	41
22	24702	42
22	24703	43
22	24704	43
22	24705	43
22	24706	44
22	24707	45
22	24708	45
22	24709	47
22	24710	48
22	24711	49
22	24712	50
22	24713	52
22	24714	52
22	24715	52
22	24716	53
22	24717	53
22	24718	54
22	24719	55
22	24720	55
22	24721	56
22	24722	57
22	24723	58
22	24724	58
22	24725	58
22	24726	59
22	24727	59
22	24728	59
22	24729	59
22	24730	58
22	24731	59
22	24732	59
22	24733	59
22	24734	61
22	24735	62
22	24736	62
22	24737	63
22	24738	64
22	24739	64
22	24740	66
22	24741	67
22	24742	68
22	24743	70
22	24744	70
22	24745	71
22	24746	70
22	24747	71
22	24748	70
22	24749	71
22	24750	70
22	24751	69
22	24752	69
22	24753	70
22	24754	71
22	24755	69
22	24756	69
22	24757	70
22	24758	70
22	24759	71
22	24760	72
22	24761	73
22	24762	73
22	24763	72
22	24764	73
22	24765	73
22	24766	71
22	24767	72
22	24768	73
22	24769	72
22	24770	71
22	24771	71
22	24772	71
22	24773	72
22	24774	73
22	24775	73
22	24776	73
22	24777	73
22	24778	72
22	24779	72
22	24780	72
22	24781	72
22	24782	69
22	24783	69
22	24784	67
22	24785	66
22	24786	65
22	24787	66
22	24788	65
22	24789	65
22	24790	65
22	24791	64
22	24792	64
22	24793	64
22	24794	64
22	24795	64
22	24796	64
22	24797	64
22	24798	63
22	24799	63
22	24800	65
22	24801	65
22	24802	65
22	24803	65
22	24804	65
22	24805	64
22	24806	64
22	24807	62
22	24808	61
22	24809	61
22	24810	60
22	24811	60
22	24812	59
22	24813	57
22	24814	56
22	24815	55
22	24816	54
22	24817	53
22	24818	51
22	24819	52
22	24820	52
22	24821	52
22	24822	52
22	24823	53
22	24824	52
22	24825	51
22	24826	52
22	24827	52
22	24828	53
22	24829	54
22	24830	55
22	24831	55
22	24832	54
22	24833	54
22	24834	52
22	24835	51
22	24836	50
22	24837	51
22	24838	51
22	24839	52
22	24840	52
22	24841	52
22	24842	51
22	24843	52
22	24844	53
22	24845	53
22	24846	52
22	24847	52
22	24848	52
22	24849	50
22	24850	51
22	24851	51
22	24852	52
22	24853	52
22	24854	52
22	24855	55
22	24856	56
22	24857	57
22	24858	57
22	24859	57
22	24860	57
22	24861	57
22	24862	56
22	24863	57
22	24864	57
22	24865	57
22	24866	60
22	24867	60
22	24868	59
22	24869	59
22	24870	59
22	24871	61
22	24872	60
22	24873	61
22	24874	62
22	24875	61
22	24876	61
22	24877	61
22	24878	61
22	24879	61
22	24880	61
22	24881	61
22	24882	61
22	24883	61
22	24884	60
22	24885	61
22	24886	62
22	24887	61
22	24888	63
22	24889	63
22	24890	63
22	24891	64
22	24892	65
22	24893	66
22	24894	63
22	24895	62
22	24896	62
22	24897	61
22	24898	60
22	24899	59
22	24900	59
22	24901	58
22	24902	58
22	24903	58
22	24904	56
22	24905	56
22	24906	56
22	24907	57
22	24908	56
22	24909	56
22	24910	56
22	24911	56
22	24912	55
22	24913	56
22	24914	56
22	24915	56
22	24916	55
22	24917	54
22	24918	53
22	24919	51
22	24920	52
22	24921	53
22	24922	53
22	24923	52
22	24924	53
22	24925	52
22	24926	50
22	24927	49
22	24928	48
22	24929	48
22	24930	47
22	24931	45
22	24932	46
22	24933	46
22	24934	47
22	24935	46
22	24936	47
22	24937	48
22	24938	47
22	24939	48
22	24940	47
22	24941	45
22	24942	45
22	24943	45
22	24944	45
22	24945	46
22	24946	45
22	24947	46
22	24948	46
22	24949	46
22	24950	46
22	24951	45
22	24952	45
22	24953	44
22	24954	43
22	24955	43
22	24956	44
22	24957	44
22	24958	45
22	24959	46
22	24960	45
22	24961	45
22	24962	46
22	24963	46
22	24964	47
22	24965	46
22	24966	46
22	24967	48
22	24968	47
22	24969	49
22	24970	51
22	24971	50
22	24972	51
22	24973	52
22	24974	52
22	24975	52
22	24976	52
22	24977	53
22	24978	52
22	24979	53
22	24980	55
22	24981	53
22	24982	52
22	24983	52
22	24984	52
22	24985	53
22	24986	54
22	24987	55
22	24988	55
22	24989	54
22	24990	55
22	24991	54
22	24992	54
22	24993	54
22	24994	54
22	24995	53
22	24996	53
22	24997	54
22	24998	54
22	24999	55
22	25000	56
22	25001	56
22	25002	56
22	25003	57
22	25004	58
22	25005	57
22	25006	57
22	25007	56
22	25008	57
22	25009	55
22	25010	56
22	25011	55
22	25012	57
22	25013	58
22	25014	57
22	25015	58
22	25016	58
22	25017	58
22	25018	58
22	25019	57
22	25020	57
22	25021	58
22	25022	57
22	25023	57
22	25024	57
22	25025	56
22	25026	57
22	25027	56
22	25028	56
22	25029	56
22	25030	57
22	25031	56
22	25032	57
22	25033	57
22	25034	56
22	25035	56
22	25036	55
22	25037	54
22	25038	52
22	25039	51
22	25040	51
22	25041	50
22	25042	48
22	25043	48
22	25044	44
22	25045	42
22	25046	42
22	25047	41
22	25048	40
22	25049	40
22	25050	40
22	25051	41
22	25052	40
22	25053	40
22	25054	39
22	25055	37
22	25056	37
22	25057	37
22	25058	37
22	25059	37
22	25060	36
22	25061	35
22	25062	34
22	25063	33
22	25064	33
22	25065	31
22	25066	31
22	25067	31
22	25068	29
22	25069	29
22	25070	29
22	25071	28
22	25072	27
22	25073	27
22	25074	27
22	25075	26
22	25076	24
22	25077	24
22	25078	23
22	25079	22
22	25080	22
22	25081	21
22	25082	20
22	25083	18
22	25084	18
22	25085	17
22	25086	16
22	25087	14
22	25088	12
22	25089	12
22	25090	11
22	25091	10
22	25092	10
22	25093	10
22	25094	10
22	25095	10
22	25096	9
22	25097	9
22	25098	9
22	25099	9
22	25100	10
22	25101	9
22	25102	9
22	25103	9
22	25104	9
22	25105	9
22	25106	9
22	25107	9
22	25108	8
22	25109	10
22	25110	11
22	25111	11
22	25112	10
22	25113	11
22	25114	12
22	25115	13
22	25116	13
22	25117	15
22	25118	15
22	25119	15
22	25120	16
22	25121	16
22	25122	17
22	25123	17
22	25124	18
22	25125	18
22	25126	19
22	25127	20
22	25128	21
22	25129	21
22	25130	22
22	25131	23
22	25132	23
22	25133	24
22	25134	26
22	25135	27
22	25136	27
22	25137	27
22	25138	28
22	25139	29
22	25140	31
22	25141	31
22	25142	33
22	25143	34
22	25144	35
22	25145	37
22	25146	38
22	25147	38
22	25148	39
22	25149	40
22	25150	41
22	25151	41
22	25152	42
22	25153	42
22	25154	42
22	25155	43
22	25156	43
22	25157	43
22	25158	43
22	25159	44
22	25160	45
22	25161	46
22	25162	47
22	25163	48
22	25164	49
22	25165	50
22	25166	51
22	25167	52
22	25168	53
22	25169	54
22	25170	55
22	25171	55
22	25172	55
22	25173	55
22	25174	56
22	25175	56
22	25176	57
22	25177	58
22	25178	59
22	25179	60
22	25180	60
22	25181	61
22	25182	61
22	25183	62
22	25184	61
22	25185	61
22	25186	62
22	25187	62
22	25188	62
22	25189	61
22	25190	60
22	25191	60
22	25192	58
22	25193	59
22	25194	60
22	25195	59
22	25196	59
22	25197	59
22	25198	59
22	25199	60
22	25200	61
22	25201	61
22	25202	61
22	25203	60
22	25204	61
22	25205	61
22	25206	60
22	25207	60
22	25208	59
22	25209	57
22	25210	55
22	25211	55
22	25212	55
22	25213	54
22	25214	53
22	25215	54
22	25216	54
22	25217	52
22	25218	51
22	25219	50
22	25220	48
22	25221	47
22	25222	47
22	25223	47
22	25224	45
22	25225	44
22	25226	44
22	25227	43
22	25228	43
22	25229	43
22	25230	43
22	25231	43
22	25232	43
22	25233	42
22	25234	41
22	25235	40
22	25236	39
22	25237	38
22	25238	39
22	25239	39
22	25240	37
22	25241	37
22	25242	36
22	25243	35
22	25244	34
22	25245	33
22	25246	33
22	25247	33
22	25248	33
22	25249	31
22	25250	31
22	25251	30
22	25252	29
22	25253	28
22	25254	27
22	25255	27
22	25256	26
22	25257	26
22	25258	25
22	25259	25
22	25260	23
22	25261	22
22	25262	21
22	25263	19
22	25264	19
22	25265	19
22	25266	19
22	25267	19
22	25268	18
22	25269	17
22	25270	17
22	25271	17
22	25272	16
22	25273	16
22	25274	13
22	25275	12
22	25276	11
22	25277	11
22	25278	11
22	25279	10
22	25280	10
22	25281	10
22	25282	10
22	25283	9
22	25284	9
22	25285	9
22	25286	9
22	25287	9
22	25288	9
22	25289	9
22	25290	6
22	25291	6
22	25292	5
22	25293	6
22	25294	6
22	25295	6
22	25296	6
22	25297	7
22	25298	7
22	25299	9
22	25300	11
22	25301	11
22	25302	11
22	25303	11
22	25304	11
22	25305	11
22	25306	10
22	25307	10
22	25308	10
22	25309	10
22	25310	10
22	25311	9
22	25312	9
22	25313	8
22	25314	8
22	25315	8
22	25316	10
22	25317	11
22	25318	11
22	25319	13
22	25320	13
22	25321	14
22	25322	15
22	25323	15
22	25324	15
22	25325	16
22	25326	16
22	25327	16
22	25328	16
22	25329	17
22	25330	18
22	25331	19
22	25332	20
22	25333	20
22	25334	20
22	25335	21
22	25336	21
22	25337	22
22	25338	22
22	25339	23
22	25340	25
22	25341	27
22	25342	27
22	25343	28
22	25344	28
22	25345	29
22	25346	30
22	25347	31
22	25348	31
22	25349	32
22	25350	33
22	25351	33
22	25352	33
22	25353	34
22	25354	34
22	25355	35
22	25356	36
22	25357	37
22	25358	37
22	25359	39
22	25360	40
22	25361	41
22	25362	42
22	25363	43
22	25364	44
22	25365	45
22	25366	46
22	25367	46
22	25368	47
22	25369	48
22	25370	49
22	25371	51
22	25372	51
22	25373	52
22	25374	50
22	25375	49
22	25376	50
22	25377	50
22	25378	50
22	25379	50
22	25380	50
22	25381	50
22	25382	51
22	25383	52
22	25384	52
22	25385	53
22	25386	53
22	25387	54
22	25388	54
22	25389	55
22	25390	57
22	25391	56
22	25392	56
22	25393	57
22	25394	55
22	25395	55
22	25396	54
22	25397	53
22	25398	53
22	25399	53
22	25400	55
22	25401	55
22	25402	55
22	25403	57
22	25404	56
22	25405	56
22	25406	55
22	25407	55
22	25408	55
22	25409	55
22	25410	56
22	25411	57
22	25412	57
22	25413	58
22	25414	58
22	25415	56
22	25416	55
22	25417	57
22	25418	56
22	25419	57
22	25420	56
22	25421	56
22	25422	55
22	25423	56
22	25424	55
22	25425	54
22	25426	55
22	25427	56
22	25428	57
22	25429	57
22	25430	58
22	25431	58
22	25432	58
22	25433	58
22	25434	57
22	25435	57
22	25436	56
22	25437	53
22	25438	51
22	25439	50
22	25440	50
22	25441	49
22	25442	49
22	25443	48
22	25444	49
22	25445	48
22	25446	47
22	25447	46
22	25448	47
22	25449	47
22	25450	47
22	25451	47
22	25452	48
22	25453	50
22	25454	50
22	25455	51
22	25456	52
22	25457	52
22	25458	52
22	25459	54
22	25460	53
22	25461	53
22	25462	54
22	25463	54
22	25464	53
22	25465	52
22	25466	52
22	25467	53
22	25468	53
22	25469	53
22	25470	54
22	25471	55
22	25472	55
22	25473	55
22	25474	54
22	25475	52
22	25476	52
22	25477	52
22	25478	51
22	25479	52
22	25480	52
22	25481	52
22	25482	54
22	25483	55
22	25484	57
22	25485	57
22	25486	57
22	25487	56
22	25488	56
22	25489	56
22	25490	56
22	25491	56
22	25492	54
22	25493	54
22	25494	54
22	25495	54
22	25496	53
22	25497	55
22	25498	55
22	25499	56
22	25500	57
22	25501	57
22	25502	56
22	25503	56
22	25504	55
22	25505	53
22	25506	52
22	25507	51
22	25508	52
22	25509	51
22	25510	52
22	25511	54
22	25512	54
22	25513	55
22	25514	54
22	25515	53
22	25516	53
22	25517	55
22	25518	55
22	25519	55
22	25520	56
22	25521	56
22	25522	56
22	25523	55
22	25524	56
22	25525	55
22	25526	54
22	25527	55
22	25528	55
22	25529	56
22	25530	56
22	25531	55
22	25532	56
22	25533	56
22	25534	54
22	25535	54
22	25536	55
22	25537	54
22	25538	53
22	25539	54
22	25540	53
22	25541	54
22	25542	54
22	25543	52
22	25544	52
22	25545	51
22	25546	51
22	25547	53
22	25548	53
22	25549	54
22	25550	55
22	25551	55
22	25552	55
22	25553	55
22	25554	53
22	25555	54
22	25556	54
22	25557	53
22	25558	53
22	25559	51
22	25560	50
22	25561	49
22	25562	48
22	25563	48
22	25564	49
22	25565	50
22	25566	50
22	25567	51
22	25568	52
22	25569	53
22	25570	54
22	25571	54
22	25572	54
22	25573	54
22	25574	53
22	25575	52
22	25576	52
22	25577	53
22	25578	53
22	25579	54
22	25580	54
22	25581	54
22	25582	54
22	25583	54
22	25584	55
22	25585	55
22	25586	54
22	25587	54
22	25588	55
22	25589	55
22	25590	56
22	25591	57
22	25592	56
22	25593	56
22	25594	56
22	25595	55
22	25596	56
22	25597	58
22	25598	58
22	25599	57
22	25600	57
22	25601	57
22	25602	54
22	25603	52
22	25604	52
22	25605	51
22	25606	52
22	25607	52
22	25608	53
22	25609	53
22	25610	55
22	25611	54
22	25612	54
22	25613	54
22	25614	53
22	25615	54
22	25616	54
22	25617	53
22	25618	53
22	25619	55
22	25620	55
22	25621	55
22	25622	53
22	25623	53
22	25624	52
22	25625	52
22	25626	52
22	25627	54
22	25628	55
22	25629	54
22	25630	53
22	25631	54
22	25632	55
22	25633	56
22	25634	57
22	25635	57
22	25636	58
22	25637	58
22	25638	59
22	25639	57
22	25640	57
22	25641	58
22	25642	58
22	25643	58
22	25644	57
22	25645	56
22	25646	57
22	25647	57
22	25648	57
22	25649	58
22	25650	58
22	25651	59
22	25652	59
22	25653	58
22	25654	57
22	25655	56
22	25656	56
22	25657	56
22	25658	55
22	25659	55
22	25660	54
22	25661	55
22	25662	55
22	25663	53
22	25664	53
22	25665	54
22	25666	53
22	25667	54
22	25668	54
22	25669	54
22	25670	53
22	25671	52
22	25672	50
22	25673	49
22	25674	49
22	25675	49
22	25676	50
22	25677	51
22	25678	52
22	25679	51
22	25680	51
22	25681	51
22	25682	50
22	25683	49
22	25684	49
22	25685	46
22	25686	45
22	25687	46
22	25688	48
22	25689	49
22	25690	47
22	25691	47
22	25692	47
22	25693	47
22	25694	45
22	25695	44
22	25696	44
22	25697	44
22	25698	44
22	25699	43
22	25700	42
22	25701	42
22	25702	40
22	25703	39
22	25704	39
22	25705	38
22	25706	37
22	25707	36
22	25708	35
22	25709	34
22	25710	34
22	25711	33
22	25712	33
22	25713	32
22	25714	32
22	25715	31
22	25716	30
22	25717	30
22	25718	29
22	25719	29
22	25720	29
22	25721	28
22	25722	27
22	25723	26
22	25724	25
22	25725	25
22	25726	24
22	25727	23
22	25728	23
22	25729	23
22	25730	23
22	25731	23
22	25732	23
22	25733	23
22	25734	22
22	25735	22
22	25736	20
22	25737	20
22	25738	20
22	25739	20
22	25740	18
22	25741	18
22	25742	16
22	25743	14
22	25744	13
22	25745	13
22	25746	12
22	25747	12
22	25748	12
22	25749	12
22	25750	12
22	25751	10
22	25752	10
22	25753	9
22	25754	8
22	25755	8
22	25756	7
22	25757	7
22	25758	6
22	25759	6
22	25760	6
22	25761	6
22	25762	5
22	25763	3
22	25764	2
22	25765	1
22	25767	1
22	25768	1
22	25769	1
22	25770	1
22	25771	1
22	25772	1
22	25773	1
22	25774	1
22	25775	1
22	25776	1
22	25777	1
22	25778	1
22	25779	1
22	25780	1
22	25781	1
22	25782	1
22	25783	1
22	25784	1
22	25785	1
22	25786	1
22	25787	1
22	25788	1
22	25789	1
22	25790	1
22	25791	1
22	25792	1
22	25910	1
22	25911	1
22	25912	1
22	25913	1
22	25914	1
22	25915	1
22	25916	2
22	25917	4
22	25918	4
22	25919	4
22	25920	4
22	25921	5
22	25922	6
22	25923	7
22	25924	8
22	25925	8
22	25926	9
22	25927	10
22	25928	11
22	25929	11
22	25930	12
22	25931	12
22	25932	13
22	25933	13
22	25934	14
22	25935	15
22	25936	15
22	25937	16
22	25938	17
22	25939	17
22	25940	18
22	25941	18
22	25942	18
22	25943	19
22	25944	20
22	25945	21
22	25946	21
22	25947	21
22	25948	21
22	25949	21
22	25950	21
22	25951	22
22	25952	23
22	25953	24
22	25954	25
22	25955	25
22	25956	27
22	25957	27
22	25958	28
22	25959	29
22	25960	30
22	25961	30
22	25962	31
22	25963	31
22	25964	31
22	25965	32
22	25966	32
22	25967	32
22	25968	32
22	25969	32
22	25970	32
22	25971	32
22	25972	32
22	25973	32
22	25974	31
22	25975	32
22	25976	32
22	25977	32
22	25978	32
22	25979	32
22	25980	32
22	25981	32
22	25982	32
22	25983	32
22	25984	32
22	25985	31
22	25986	31
22	25987	31
22	25988	31
22	25989	31
22	25990	31
22	25991	30
22	25992	28
22	25993	28
22	25994	28
22	25995	28
22	25996	27
22	25997	26
22	25998	26
22	25999	24
22	26000	24
22	26001	23
22	26002	22
22	26003	21
22	26004	21
22	26005	20
22	26006	20
22	26007	19
22	26008	19
22	26009	18
22	26010	17
22	26011	17
22	26012	16
22	26013	15
22	26014	15
22	26015	14
22	26016	14
22	26017	14
22	26018	13
22	26019	12
22	26020	11
22	26021	11
22	26022	11
22	26023	11
22	26024	11
22	26025	11
22	26026	10
22	26027	9
22	26028	8
22	26029	7
22	26030	7
22	26031	5
22	26032	5
22	26033	4
22	26034	3
22	26035	2
22	26036	2
22	26037	1
22	26038	1
22	26039	1
22	26314	1
22	26315	2
22	26316	4
22	26317	4
22	26318	4
22	26319	4
22	26320	4
22	26321	6
22	26322	6
22	26323	7
22	26324	8
22	26325	9
22	26326	10
22	26327	11
22	26328	12
22	26329	13
22	26330	15
22	26331	16
22	26332	16
22	26333	17
22	26334	18
22	26335	19
22	26336	19
22	26337	19
22	26338	19
22	26339	20
22	26340	21
22	26341	22
22	26342	22
22	26343	23
22	26344	24
22	26345	26
22	26346	27
22	26347	28
22	26348	29
22	26349	29
22	26350	30
22	26351	30
22	26352	30
22	26353	31
22	26354	31
22	26355	31
22	26356	32
22	26357	33
22	26358	33
22	26359	35
22	26360	35
22	26361	36
22	26362	37
22	26363	38
22	26364	38
22	26365	39
22	26366	39
22	26367	39
22	26368	40
22	26369	41
22	26370	41
22	26371	43
22	26372	43
22	26373	43
22	26374	44
22	26375	44
22	26376	44
22	26377	44
22	26378	44
22	26379	44
22	26380	44
22	26381	45
22	26382	46
22	26383	46
22	26384	46
22	26385	48
22	26386	49
22	26387	49
22	26388	49
22	26389	50
22	26390	51
22	26391	49
22	26392	51
22	26393	52
22	26394	52
22	26395	52
22	26396	51
22	26397	52
22	26398	53
22	26399	52
22	26400	52
22	26401	51
22	26402	51
22	26403	51
22	26404	51
22	26405	51
22	26406	52
22	26407	53
22	26408	53
22	26409	54
22	26410	54
22	26411	54
22	26412	54
22	26413	54
22	26414	53
22	26415	53
22	26416	52
22	26417	53
22	26418	54
22	26419	55
22	26420	54
22	26421	55
22	26422	55
22	26423	54
22	26424	55
22	26425	54
22	26426	54
22	26427	54
22	26428	56
22	26429	57
22	26430	58
22	26431	58
22	26432	58
22	26433	58
22	26434	56
22	26435	56
22	26436	56
22	26437	56
22	26438	56
22	26439	57
22	26440	57
22	26441	57
22	26442	58
22	26443	58
22	26444	59
22	26445	60
22	26446	59
22	26447	60
22	26448	60
22	26449	59
22	26450	59
22	26451	60
22	26452	61
22	26453	62
22	26454	63
22	26455	63
22	26456	63
22	26457	63
22	26458	63
22	26459	64
22	26460	62
22	26461	62
22	26462	62
22	26463	63
22	26464	61
22	26465	60
22	26466	60
22	26467	60
22	26468	60
22	26469	60
22	26470	60
22	26471	61
22	26472	61
22	26473	59
22	26474	59
22	26475	59
22	26476	60
22	26477	60
22	26478	60
22	26479	60
22	26480	61
22	26481	61
22	26482	61
22	26483	60
22	26484	60
22	26485	60
22	26486	61
22	26487	61
22	26488	62
22	26489	63
22	26490	63
22	26491	63
22	26492	62
22	26493	62
22	26494	62
22	26495	61
22	26496	60
22	26497	60
22	26498	60
22	26499	60
22	26500	60
22	26501	60
22	26502	61
22	26503	59
22	26504	58
22	26505	59
22	26506	58
22	26507	57
22	26508	57
22	26509	58
22	26510	59
22	26511	58
22	26512	58
22	26513	59
22	26514	58
22	26515	58
22	26516	61
22	26517	59
22	26518	58
22	26519	56
22	26520	55
22	26521	55
22	26522	53
22	26523	53
22	26524	53
22	26525	54
22	26526	54
22	26527	55
22	26528	55
22	26529	55
22	26530	55
22	26531	55
22	26532	55
22	26533	54
22	26534	53
22	26535	53
22	26536	53
22	26537	53
22	26538	52
22	26539	54
22	26540	55
22	26541	56
22	26542	56
22	26543	55
22	26544	55
22	26545	55
22	26546	53
22	26547	52
22	26548	53
22	26549	54
22	26550	55
22	26551	54
22	26552	53
22	26553	51
22	26554	52
22	26555	51
22	26556	51
22	26557	51
22	26558	52
22	26559	52
22	26560	52
22	26561	52
22	26562	53
22	26563	53
22	26564	52
22	26565	52
22	26566	52
22	26567	52
22	26568	51
22	26569	50
22	26570	51
22	26571	51
22	26572	52
22	26573	52
22	26574	52
22	26575	53
22	26576	52
22	26577	51
22	26578	53
22	26579	53
22	26580	53
22	26581	55
22	26582	56
22	26583	56
22	26584	56
22	26585	55
22	26586	55
22	26587	55
22	26588	53
22	26589	54
22	26590	51
22	26591	50
22	26592	51
22	26593	51
22	26594	52
22	26595	51
22	26596	50
22	26597	50
22	26598	51
22	26599	52
22	26600	52
22	26601	52
22	26602	51
22	26603	50
22	26604	50
22	26605	50
22	26606	49
22	26607	50
22	26608	49
22	26609	49
22	26610	51
22	26611	51
22	26612	53
22	26613	53
22	26614	51
22	26615	50
22	26616	49
22	26617	50
22	26618	52
22	26619	51
22	26620	52
22	26621	53
22	26622	54
22	26623	53
22	26624	53
22	26625	52
22	26626	53
22	26627	54
22	26628	55
22	26629	55
22	26630	56
22	26631	55
22	26632	54
22	26633	53
22	26634	53
22	26635	52
22	26636	52
22	26637	51
22	26638	49
22	26639	49
22	26640	51
22	26641	53
22	26642	54
22	26643	55
22	26644	54
22	26645	53
22	26646	53
22	26647	51
22	26648	51
22	26649	51
22	26650	50
22	26651	51
22	26652	51
22	26653	49
22	26654	50
22	26655	50
22	26656	51
22	26657	51
22	26658	52
22	26659	52
22	26660	52
22	26661	53
22	26662	52
22	26663	53
22	26664	53
22	26665	53
22	26666	51
22	26667	50
22	26668	52
22	26669	51
22	26670	51
22	26671	51
22	26672	51
22	26673	51
22	26674	51
22	26675	52
22	26676	52
22	26677	52
22	26678	53
22	26679	53
22	26680	55
22	26681	56
22	26682	54
22	26683	55
22	26684	55
22	26685	55
22	26686	56
22	26687	55
22	26688	56
22	26689	56
22	26690	57
22	26691	58
22	26692	58
22	26693	58
22	26694	58
22	26695	56
22	26696	55
22	26697	55
22	26698	55
22	26699	55
22	26700	55
22	26701	52
22	26702	51
22	26703	51
22	26704	50
22	26705	48
22	26706	47
22	26707	47
22	26708	46
22	26709	46
22	26710	47
22	26711	47
22	26712	47
22	26713	47
22	26714	47
22	26715	45
22	26716	45
22	26717	45
22	26718	45
22	26719	46
22	26720	48
22	26721	49
22	26722	51
22	26723	51
22	26724	51
22	26725	51
22	26726	51
22	26727	51
22	26728	52
22	26729	52
22	26730	51
22	26731	49
22	26732	48
22	26733	49
22	26734	48
22	26735	48
22	26736	48
22	26737	48
22	26738	49
22	26739	50
22	26740	50
22	26741	50
22	26742	50
22	26743	49
22	26744	51
22	26745	52
22	26746	53
22	26747	52
22	26748	52
22	26749	52
22	26750	51
22	26751	51
22	26752	51
22	26753	50
22	26754	50
22	26755	49
22	26756	50
22	26757	50
22	26758	49
22	26759	49
22	26760	49
22	26761	49
22	26762	49
22	26763	51
22	26764	51
22	26765	51
22	26766	50
22	26767	48
22	26768	47
22	26769	49
22	26770	49
22	26771	49
22	26772	49
22	26773	51
22	26774	51
22	26775	51
22	26776	51
22	26777	52
22	26778	53
22	26779	53
22	26780	53
22	26781	52
22	26782	52
22	26783	53
22	26784	54
22	26785	55
22	26786	55
22	26787	56
22	26788	56
22	26789	57
22	26790	57
22	26791	56
22	26792	55
22	26793	54
22	26794	53
22	26795	53
22	26796	54
22	26797	53
22	26798	53
22	26799	52
22	26800	52
22	26801	51
22	26802	51
22	26803	51
22	26804	50
22	26805	52
22	26806	51
22	26807	51
22	26808	50
22	26809	51
22	26810	51
22	26811	51
22	26812	53
22	26813	52
22	26814	52
22	26815	54
22	26816	55
22	26817	55
22	26818	55
22	26819	54
22	26820	54
22	26821	55
22	26822	56
22	26823	55
22	26824	56
22	26825	57
22	26826	58
22	26827	58
22	26828	58
22	26829	58
22	26830	58
22	26831	57
22	26832	58
22	26833	59
22	26834	61
22	26835	62
22	26836	62
22	26837	63
22	26838	61
22	26839	62
22	26840	63
22	26841	64
22	26842	64
22	26843	63
22	26844	62
22	26845	64
22	26846	64
22	26847	65
22	26848	65
22	26849	67
22	26850	67
22	26851	68
22	26852	68
22	26853	67
22	26854	67
22	26855	68
22	26856	67
22	26857	67
22	26858	66
22	26859	66
22	26860	63
22	26861	63
22	26862	64
22	26863	64
22	26864	65
22	26865	65
22	26866	66
22	26867	67
22	26868	68
22	26869	70
22	26870	69
22	26871	69
22	26872	68
22	26873	67
22	26874	67
22	26875	69
22	26876	70
22	26877	70
22	26878	69
22	26879	70
22	26880	69
22	26881	69
22	26882	69
22	26883	68
22	26884	66
22	26885	66
22	26886	66
22	26887	66
22	26888	66
22	26889	67
22	26890	66
22	26891	67
22	26892	68
22	26893	67
22	26894	67
22	26895	69
22	26896	69
22	26897	69
22	26898	68
22	26899	67
22	26900	65
22	26901	65
22	26902	64
22	26903	63
22	26904	62
22	26905	62
22	26906	62
22	26907	61
22	26908	61
22	26909	59
22	26910	57
22	26911	55
22	26912	53
22	26913	52
22	26914	52
22	26915	52
22	26916	50
22	26917	49
22	26918	49
22	26919	48
22	26920	45
22	26921	45
22	26922	44
22	26923	44
22	26924	43
22	26925	42
22	26926	40
22	26927	39
22	26928	39
22	26929	39
22	26930	37
22	26931	36
22	26932	35
22	26933	35
22	26934	34
22	26935	32
22	26936	31
22	26937	30
22	26938	30
22	26939	30
22	26940	31
22	26941	29
22	26942	29
22	26943	28
22	26944	27
22	26945	27
22	26946	27
22	26947	27
22	26948	27
22	26949	28
22	26950	26
22	26951	25
22	26952	25
22	26953	25
22	26954	24
22	26955	24
22	26956	24
22	26957	24
22	26958	23
22	26959	24
22	26960	25
22	26961	25
22	26962	24
22	26963	25
22	26964	24
22	26965	23
22	26966	23
22	26967	22
22	26968	23
22	26969	22
22	26970	20
22	26971	21
22	26972	21
22	26973	21
22	26974	21
22	26975	22
22	26976	23
22	26977	25
22	26978	25
22	26979	26
22	26980	27
22	26981	27
22	26982	28
22	26983	27
22	26984	28
22	26985	27
22	26986	27
22	26987	27
22	26988	27
22	26989	25
22	26990	25
22	26991	27
22	26992	28
22	26993	29
22	26994	30
22	26995	30
22	26996	31
22	26997	32
22	26998	32
22	26999	33
22	27000	34
22	27001	36
22	27002	37
22	27003	39
22	27004	40
22	27005	40
22	27006	40
22	27007	41
22	27008	42
22	27009	42
22	27010	42
22	27011	42
22	27012	44
22	27013	45
22	27014	45
22	27015	45
22	27016	46
22	27017	45
22	27018	46
22	27019	47
22	27020	47
22	27021	47
22	27022	47
22	27023	47
22	27024	46
22	27025	47
22	27026	47
22	27027	47
22	27028	48
22	27029	49
22	27030	49
22	27031	49
22	27032	50
22	27033	50
22	27034	50
22	27035	50
22	27036	51
22	27037	52
22	27038	52
22	27039	53
22	27040	53
22	27041	52
22	27042	52
22	27043	51
22	27044	51
22	27045	51
22	27046	50
22	27047	50
22	27048	50
22	27049	50
22	27050	50
22	27051	50
22	27052	49
22	27053	51
22	27054	51
22	27055	51
22	27056	53
22	27057	53
22	27058	53
22	27059	53
22	27060	54
22	27061	55
22	27062	56
22	27063	57
22	27064	57
22	27065	57
22	27066	56
22	27067	55
22	27068	55
22	27069	54
22	27070	54
22	27071	52
22	27072	51
22	27073	52
22	27074	52
22	27075	52
22	27076	50
22	27077	50
22	27078	48
22	27079	49
22	27080	48
22	27081	48
22	27082	48
22	27083	47
22	27084	47
22	27085	48
22	27086	49
22	27087	48
22	27088	48
22	27089	47
22	27090	46
22	27091	45
22	27092	46
22	27093	45
22	27094	44
22	27095	44
22	27096	43
22	27097	45
22	27098	45
22	27099	47
22	27100	47
22	27101	47
22	27102	47
22	27103	48
22	27104	48
22	27105	47
22	27106	48
22	27107	47
22	27108	48
22	27109	47
22	27110	46
22	27111	46
22	27112	46
22	27113	45
22	27114	45
22	27115	45
22	27116	46
22	27117	45
22	27118	45
22	27119	44
22	27120	44
22	27121	44
22	27122	44
22	27123	44
22	27124	45
22	27125	44
22	27126	44
22	27127	43
22	27128	43
22	27129	43
22	27130	44
22	27131	42
22	27132	43
22	27133	43
22	27134	44
22	27135	43
22	27136	44
22	27137	43
22	27138	43
22	27139	44
22	27140	45
22	27141	46
22	27142	46
22	27143	45
22	27144	45
22	27145	46
22	27146	48
22	27147	48
22	27148	48
22	27149	48
22	27150	49
22	27151	50
22	27152	52
22	27153	52
22	27154	52
22	27155	52
22	27156	53
22	27157	54
22	27158	54
22	27159	54
22	27160	53
22	27161	53
22	27162	55
22	27163	54
22	27164	54
22	27165	56
22	27166	56
22	27167	58
22	27168	58
22	27169	58
22	27170	58
22	27171	60
22	27172	59
22	27173	59
22	27174	59
22	27175	59
22	27176	61
22	27177	61
22	27178	59
22	27179	59
22	27180	61
22	27181	61
22	27182	62
22	27183	60
22	27184	60
22	27185	61
22	27186	60
22	27187	60
22	27188	61
22	27189	62
22	27190	63
22	27191	63
22	27192	62
22	27193	63
22	27194	64
22	27195	65
22	27196	64
22	27197	65
22	27198	66
22	27199	65
22	27200	65
22	27201	64
22	27202	65
22	27203	64
22	27204	64
22	27205	65
22	27206	66
22	27207	66
22	27208	66
22	27209	65
22	27210	65
22	27211	65
22	27212	66
22	27213	65
22	27214	64
22	27215	63
22	27216	62
22	27217	62
22	27218	62
22	27219	63
22	27220	63
22	27221	64
22	27222	64
22	27223	63
22	27224	64
22	27225	63
22	27226	63
22	27227	63
22	27228	61
22	27229	60
22	27230	61
22	27231	61
22	27232	61
22	27233	61
22	27234	61
22	27235	60
22	27236	60
22	27237	58
22	27238	59
22	27239	60
22	27240	59
22	27241	59
22	27242	57
22	27243	58
22	27244	60
22	27245	60
22	27246	60
22	27247	62
22	27248	62
22	27249	63
22	27250	64
22	27251	63
22	27252	64
22	27253	64
22	27254	63
22	27255	62
22	27256	61
22	27257	60
22	27258	61
22	27259	62
22	27260	63
22	27261	63
22	27262	62
22	27263	64
22	27264	64
22	27265	63
22	27266	62
22	27267	63
22	27268	61
22	27269	61
22	27270	61
22	27271	60
22	27272	61
22	27273	61
22	27274	60
22	27275	60
22	27276	61
22	27277	60
22	27278	60
22	27279	59
22	27280	58
22	27281	57
22	27282	57
22	27283	57
22	27284	56
22	27285	56
22	27286	55
22	27287	56
22	27288	56
22	27289	57
22	27290	57
22	27291	57
22	27292	58
22	27293	57
22	27294	57
22	27295	56
22	27296	56
22	27297	56
22	27298	56
22	27299	54
22	27300	54
22	27301	55
22	27302	53
22	27303	53
22	27304	55
22	27305	55
22	27306	54
22	27307	52
22	27308	52
22	27309	53
22	27310	53
22	27311	52
22	27312	53
22	27313	53
22	27314	53
22	27315	53
22	27316	54
22	27317	54
22	27318	54
22	27319	55
22	27320	56
22	27321	55
22	27322	54
22	27323	52
22	27324	50
22	27325	49
22	27326	49
22	27327	48
22	27328	49
22	27329	49
22	27330	48
22	27331	47
22	27332	47
22	27333	47
22	27334	45
22	27335	45
22	27336	46
22	27337	49
22	27338	48
22	27339	47
22	27340	48
22	27341	49
22	27342	50
22	27343	51
22	27344	52
22	27345	52
22	27346	52
22	27347	51
22	27348	51
22	27349	51
22	27350	52
22	27351	53
22	27352	52
22	27353	52
22	27354	53
22	27355	53
22	27356	54
22	27357	56
22	27358	55
22	27359	56
22	27360	58
22	27361	58
22	27362	57
22	27363	57
22	27364	57
22	27365	58
22	27366	59
22	27367	58
22	27368	58
22	27369	58
22	27370	59
22	27371	57
22	27372	57
22	27373	57
22	27374	57
22	27375	57
22	27376	56
22	27377	57
22	27378	58
22	27379	58
22	27380	57
22	27381	57
22	27382	58
22	27383	59
22	27384	59
22	27385	59
22	27386	59
22	27387	59
22	27388	59
22	27389	59
22	27390	60
22	27391	58
22	27392	57
22	27393	58
22	27394	58
22	27395	57
22	27396	58
22	27397	59
22	27398	59
22	27399	59
22	27400	59
22	27401	58
22	27402	58
22	27403	57
22	27404	57
22	27405	57
22	27406	58
22	27407	58
22	27408	57
22	27409	57
22	27410	56
22	27411	58
22	27412	56
22	27413	55
22	27414	55
22	27415	55
22	27416	54
22	27417	53
22	27418	54
22	27419	52
22	27420	51
22	27421	52
22	27422	52
22	27423	53
22	27424	53
22	27425	52
22	27426	52
22	27427	53
22	27428	53
22	27429	53
22	27430	54
22	27431	54
22	27432	53
22	27433	53
22	27434	52
22	27435	51
22	27436	51
22	27437	51
22	27438	52
22	27439	52
22	27440	51
22	27441	51
22	27442	52
22	27443	52
22	27444	50
22	27445	49
22	27446	51
22	27447	50
22	27448	50
22	27449	51
22	27450	51
22	27451	51
22	27452	51
22	27453	50
22	27454	48
22	27455	49
22	27456	50
22	27457	50
22	27458	49
22	27459	49
22	27460	50
22	27461	50
22	27462	49
22	27463	49
22	27464	48
22	27465	46
22	27466	45
22	27467	46
22	27468	46
22	27469	46
22	27470	46
22	27471	47
22	27472	45
22	27473	46
22	27474	46
22	27475	44
22	27476	43
22	27477	42
22	27478	43
22	27479	42
22	27480	42
22	27481	42
22	27482	43
22	27483	43
22	27484	43
22	27485	43
22	27486	42
22	27487	43
22	27488	44
22	27489	43
22	27490	43
22	27491	43
22	27492	45
22	27493	45
22	27494	46
22	27495	48
22	27496	48
22	27497	47
22	27498	46
22	27499	46
22	27500	46
22	27501	45
22	27502	44
22	27503	44
22	27504	43
22	27505	41
22	27506	41
22	27507	41
22	27508	41
22	27509	41
22	27510	40
22	27511	39
22	27512	38
22	27513	37
22	27514	36
22	27515	35
22	27516	35
22	27517	34
22	27518	34
22	27519	34
22	27520	34
22	27521	31
22	27522	31
22	27523	31
22	27524	30
22	27525	29
22	27526	28
22	27527	27
22	27528	27
22	27529	27
22	27530	26
22	27531	25
22	27532	24
22	27533	24
22	27534	23
22	27535	22
22	27536	22
22	27537	22
22	27538	21
22	27539	21
22	27540	21
22	27541	21
22	27542	20
22	27543	19
22	27544	19
22	27545	18
22	27546	17
22	27547	17
22	27548	16
22	27549	16
22	27550	16
22	27551	16
22	27552	16
22	27553	15
22	27554	15
22	27555	15
22	27556	14
22	27557	13
22	27558	13
22	27559	13
22	27560	13
22	27561	12
22	27562	11
22	27563	10
22	27564	10
22	27565	9
22	27566	9
22	27567	7
22	27568	6
22	27569	4
22	27570	2
22	27606	2
22	27607	3
22	27608	3
22	27609	5
22	27610	6
22	27611	7
22	27612	8
22	27613	8
22	27614	8
22	27615	9
22	27616	11
22	27617	11
22	27618	11
22	27619	13
22	27620	15
22	27621	15
22	27622	16
22	27623	16
22	27624	17
22	27625	17
22	27626	18
22	27627	19
22	27628	20
22	27629	20
22	27630	21
22	27631	22
22	27632	23
22	27633	24
22	27634	24
22	27635	24
22	27636	25
22	27637	26
22	27638	26
22	27639	26
22	27640	26
22	27641	26
22	27642	26
22	27643	27
22	27644	27
22	27645	28
22	27646	29
22	27647	30
22	27648	30
22	27649	31
22	27650	32
22	27651	34
22	27652	35
22	27653	35
22	27654	35
22	27655	35
22	27656	35
22	27657	36
22	27658	38
22	27659	39
22	27660	39
22	27661	39
22	27662	40
22	27663	40
22	27664	41
22	27665	41
22	27666	42
22	27667	42
22	27668	42
22	27669	42
22	27670	42
22	27671	43
22	27672	44
22	27673	44
22	27674	44
22	27675	44
22	27676	46
22	27677	46
22	27678	46
22	27679	46
22	27680	46
22	27681	44
22	27682	45
22	27683	46
22	27684	45
22	27685	45
22	27686	44
22	27687	44
22	27688	45
22	27689	46
22	27690	45
22	27691	43
22	27692	43
22	27693	45
22	27694	44
22	27695	43
22	27696	45
22	27697	44
22	27698	45
22	27699	45
22	27700	45
22	27701	44
22	27702	44
22	27703	43
22	27704	43
22	27705	45
22	27706	45
22	27707	45
22	27708	45
22	27709	44
22	27710	45
22	27711	44
22	27712	44
22	27713	44
22	27714	45
22	27715	46
22	27716	46
22	27717	46
22	27718	46
22	27719	46
22	27720	46
22	27721	45
22	27722	45
22	27723	45
22	27724	47
22	27725	50
22	27726	48
22	27727	47
22	27728	48
22	27729	48
22	27730	48
22	27731	49
22	27732	48
22	27733	49
22	27734	49
22	27735	49
22	27736	50
22	27737	49
22	27738	50
22	27739	49
22	27740	50
22	27741	49
22	27742	50
22	27743	51
22	27744	52
22	27745	52
22	27746	53
22	27747	52
22	27748	52
22	27749	53
22	27750	53
22	27751	51
22	27752	51
22	27753	51
22	27754	51
22	27755	52
22	27756	53
22	27757	52
22	27758	52
22	27759	53
22	27760	54
22	27761	55
22	27762	54
22	27763	54
22	27764	55
22	27765	57
22	27766	57
22	27767	57
22	27768	57
22	27769	56
22	27770	57
22	27771	55
22	27772	55
22	27773	55
22	27774	55
22	27775	55
22	27776	57
22	27777	58
22	27778	59
22	27779	59
22	27780	59
22	27781	58
22	27782	57
22	27783	57
22	27784	57
22	27785	57
22	27786	59
22	27787	58
22	27788	59
22	27789	58
22	27790	59
22	27791	59
22	27792	61
22	27793	60
22	27794	60
22	27795	58
22	27796	59
22	27797	58
22	27798	58
22	27799	57
22	27800	55
22	27801	56
22	27802	57
22	27803	56
22	27804	57
22	27805	59
22	27806	60
22	27807	61
22	27808	60
22	27809	62
22	27810	63
22	27811	63
22	27812	63
22	27813	63
22	27814	64
22	27815	65
22	27816	66
22	27817	67
22	27818	67
22	27819	66
22	27820	66
22	27821	65
22	27822	65
22	27823	65
22	27824	66
22	27825	67
22	27826	68
22	27827	69
22	27828	69
22	27829	69
22	27830	69
22	27831	68
22	27832	68
22	27833	67
22	27834	68
22	27835	67
22	27836	67
22	27837	67
22	27838	67
22	27839	66
22	27840	64
22	27841	65
22	27842	65
22	27843	63
22	27844	64
22	27845	64
22	27846	65
22	27847	67
22	27848	67
22	27849	66
22	27850	67
22	27851	66
22	27852	64
22	27853	63
22	27854	63
22	27855	63
22	27856	62
22	27857	63
22	27858	64
22	27859	65
22	27860	64
22	27861	64
22	27862	65
22	27863	64
22	27864	65
22	27865	63
22	27866	64
22	27867	62
22	27868	62
22	27869	61
22	27870	62
22	27871	61
22	27872	62
22	27873	62
22	27874	62
22	27875	62
22	27876	62
22	27877	63
22	27878	63
22	27879	62
22	27880	60
22	27881	58
22	27882	59
22	27883	57
22	27884	57
22	27885	56
22	27886	56
22	27887	56
22	27888	55
22	27889	55
22	27890	53
22	27891	52
22	27892	51
22	27893	50
22	27894	50
22	27895	49
22	27896	50
22	27897	50
22	27898	49
22	27899	47
22	27900	46
22	27901	45
22	27902	45
22	27903	45
22	27904	44
22	27905	43
22	27906	42
22	27907	41
22	27908	41
22	27909	39
22	27910	39
22	27911	38
22	27912	38
22	27913	37
22	27914	36
22	27915	36
22	27916	35
22	27917	35
22	27918	35
22	27919	34
22	27920	32
22	27921	31
22	27922	30
22	27923	29
22	27924	29
22	27925	28
22	27926	28
22	27927	28
22	27928	28
22	27929	28
22	27930	27
22	27931	27
22	27932	26
22	27933	24
22	27934	23
22	27935	22
22	27936	19
22	27937	18
22	27938	19
22	27939	18
22	27940	19
22	27941	18
22	27942	18
22	27943	18
22	27944	19
22	27945	18
22	27946	19
22	27947	19
22	27948	18
22	27949	18
22	27950	19
22	27951	18
22	27952	17
22	27953	18
22	27954	19
22	27955	19
22	27956	19
22	27957	18
22	27958	19
22	27959	20
22	27960	21
22	27961	20
22	27962	20
22	27963	20
22	27964	22
22	27965	23
22	27966	22
22	27967	23
22	27968	23
22	27969	23
22	27970	24
22	27971	25
22	27972	27
22	27973	28
22	27974	29
22	27975	29
22	27976	30
22	27977	32
22	27978	32
22	27979	33
22	27980	34
22	27981	35
22	27982	35
22	27983	35
22	27984	36
22	27985	38
22	27986	39
22	27987	40
22	27988	41
22	27989	41
22	27990	42
22	27991	43
22	27992	44
22	27993	44
22	27994	44
22	27995	45
22	27996	45
22	27997	46
22	27998	46
22	27999	48
22	28000	49
22	28001	49
22	28002	50
22	28003	50
22	28004	51
22	28005	51
22	28006	52
22	28007	53
22	28008	55
22	28009	57
22	28010	57
22	28011	57
22	28012	57
22	28013	57
22	28014	57
22	28015	58
22	28016	58
22	28017	58
22	28018	57
22	28019	56
22	28020	57
22	28021	56
22	28022	55
22	28023	57
22	28024	57
22	28025	56
22	28026	57
22	28027	56
22	28028	55
22	28029	54
22	28030	54
22	28031	54
22	28032	53
22	28033	52
22	28034	50
22	28035	50
22	28036	51
22	28037	52
22	28038	52
22	28039	51
22	28040	51
22	28041	51
22	28042	50
22	28043	50
22	28044	50
22	28045	50
22	28046	49
22	28047	48
22	28048	48
22	28049	47
22	28050	47
22	28051	46
22	28052	45
22	28053	46
22	28054	47
22	28055	48
22	28056	48
22	28057	49
22	28058	49
22	28059	48
22	28060	47
22	28061	47
22	28062	48
22	28063	48
22	28064	48
22	28065	49
22	28066	49
22	28067	50
22	28068	51
22	28069	51
22	28070	52
22	28071	52
22	28072	50
22	28073	52
22	28074	50
22	28075	50
22	28076	51
22	28077	50
22	28078	50
22	28079	51
22	28080	52
22	28081	52
22	28082	51
22	28083	50
22	28084	48
22	28085	48
22	28086	48
22	28087	47
22	28088	47
22	28089	47
22	28090	46
22	28091	46
22	28092	46
22	28093	46
22	28094	46
22	28095	46
22	28096	46
22	28097	46
22	28098	45
22	28099	44
22	28100	44
22	28101	43
22	28102	43
22	28103	43
22	28104	43
22	28105	43
22	28106	43
22	28107	43
22	28108	43
22	28109	43
22	28110	42
22	28111	41
22	28112	40
22	28113	39
22	28114	38
22	28115	37
22	28116	37
22	28117	37
22	28118	37
22	28119	37
22	28120	36
22	28121	36
22	28122	35
22	28123	34
22	28124	33
22	28125	33
22	28126	33
22	28127	32
22	28128	31
22	28129	29
22	28130	27
22	28131	26
22	28132	25
22	28133	25
22	28134	25
22	28135	24
22	28136	23
22	28137	20
22	28138	19
22	28139	18
22	28140	15
22	28141	14
22	28142	12
22	28143	11
22	28144	11
22	28145	9
22	28146	9
22	28147	9
22	28148	7
22	28149	6
22	28150	5
22	28151	4
22	28152	4
22	28153	4
22	28154	2
22	28155	1
22	28163	2
22	28164	2
22	28165	2
22	28166	4
22	28167	4
22	28168	5
22	28169	5
22	28170	6
22	28171	6
22	28172	7
22	28173	8
22	28174	9
22	28175	9
22	28176	9
22	28177	9
22	28178	10
22	28179	11
22	28180	12
22	28181	13
22	28182	14
22	28183	15
22	28184	16
22	28185	16
22	28186	17
22	28187	17
22	28188	19
22	28189	20
22	28190	20
22	28191	21
22	28192	21
22	28193	23
22	28194	23
22	28195	24
22	28196	25
22	28197	26
22	28198	27
22	28199	27
22	28200	27
22	28201	28
22	28202	29
22	28203	30
22	28204	31
22	28205	31
22	28206	32
22	28207	32
22	28208	33
22	28209	35
22	28210	35
22	28211	36
22	28212	37
22	28213	39
22	28214	39
22	28215	39
22	28216	40
22	28217	41
22	28218	41
22	28219	42
22	28220	43
22	28221	43
22	28222	44
22	28223	44
22	28224	44
22	28225	45
22	28226	45
22	28227	47
22	28228	48
22	28229	49
22	28230	50
22	28231	51
22	28232	52
22	28233	54
22	28234	55
22	28235	55
22	28236	57
22	28237	58
22	28238	58
22	28239	59
22	28240	59
22	28241	57
22	28242	59
22	28243	58
22	28244	58
22	28245	58
22	28246	59
22	28247	60
22	28248	59
22	28249	59
22	28250	59
22	28251	59
22	28252	59
22	28253	58
22	28254	57
22	28255	57
22	28256	56
22	28257	57
22	28258	56
22	28259	56
22	28260	57
22	28261	57
22	28262	58
22	28263	56
22	28264	56
22	28265	56
22	28266	56
22	28267	57
22	28268	56
22	28269	56
22	28270	56
22	28271	57
22	28272	57
22	28273	57
22	28274	59
22	28275	59
22	28276	58
22	28277	58
22	28278	58
22	28279	58
22	28280	58
22	28281	58
22	28282	59
22	28283	57
22	28284	55
22	28285	55
22	28286	56
22	28287	55
22	28288	53
22	28289	54
22	28290	54
22	28291	54
22	28292	52
22	28293	53
22	28294	55
22	28295	54
22	28296	54
22	28297	55
22	28298	56
22	28299	57
22	28300	57
22	28301	57
22	28302	56
22	28303	55
22	28304	55
22	28305	54
22	28306	53
22	28307	53
22	28308	51
22	28309	50
22	28310	50
22	28311	49
22	28312	48
22	28313	47
22	28314	46
22	28315	46
22	28316	46
22	28317	44
22	28318	44
22	28319	44
22	28320	44
22	28321	44
22	28322	42
22	28323	42
22	28324	40
22	28325	40
22	28326	40
22	28327	40
22	28328	40
22	28329	40
22	28330	39
22	28331	39
22	28332	37
22	28333	37
22	28334	36
22	28335	35
22	28336	34
22	28337	33
22	28338	33
22	28339	32
22	28340	32
22	28341	32
22	28342	31
22	28343	29
22	28344	29
22	28345	28
22	28346	27
22	28347	28
22	28348	28
22	28349	26
22	28350	27
22	28351	27
22	28352	28
22	28353	29
22	28354	30
22	28355	31
22	28356	31
22	28357	30
22	28358	30
22	28359	31
22	28360	31
22	28361	29
22	28362	30
22	28363	31
22	28364	31
22	28365	32
22	28366	33
22	28367	33
22	28368	33
22	28369	31
22	28370	31
22	28371	33
22	28372	31
22	28373	30
22	28374	30
22	28375	29
22	28376	30
22	28377	29
22	28378	30
22	28379	30
22	28380	30
22	28381	32
22	28382	33
22	28383	34
22	28384	34
22	28385	35
22	28386	36
22	28387	37
22	28388	37
22	28389	39
22	28390	40
22	28391	40
22	28392	42
22	28393	43
22	28394	43
22	28395	43
22	28396	44
22	28397	44
22	28398	44
22	28399	45
22	28400	45
22	28401	46
22	28402	48
22	28403	49
22	28404	51
22	28405	52
22	28406	53
22	28407	54
22	28408	54
22	28409	56
22	28410	57
22	28411	58
22	28412	58
22	28413	58
22	28414	59
22	28415	60
22	28416	61
22	28417	61
22	28418	62
22	28419	62
22	28420	64
22	28421	65
22	28422	65
22	28423	64
22	28424	64
22	28425	65
22	28426	66
22	28427	66
22	28428	67
22	28429	66
22	28430	64
22	28431	65
22	28432	65
22	28433	65
22	28434	65
22	28435	65
22	28436	66
22	28437	65
22	28438	64
22	28439	64
22	28440	63
22	28441	61
22	28442	61
22	28443	62
22	28444	61
22	28445	61
22	28446	60
22	28447	60
22	28448	61
22	28449	61
22	28450	62
22	28451	63
22	28452	64
22	28453	65
22	28454	64
22	28455	63
22	28456	62
22	28457	62
22	28458	61
22	28459	61
22	28460	61
22	28461	62
22	28462	61
22	28463	61
22	28464	59
22	28465	58
22	28466	59
22	28467	58
22	28468	57
22	28469	57
22	28470	57
22	28471	56
22	28472	58
22	28473	59
22	28474	59
22	28475	60
22	28476	60
22	28477	58
22	28478	57
22	28479	55
22	28480	55
22	28481	55
22	28482	55
22	28483	57
22	28484	56
22	28485	57
22	28486	57
22	28487	57
22	28488	57
22	28489	57
22	28490	55
22	28491	55
22	28492	56
22	28493	55
22	28494	55
22	28495	54
22	28496	53
22	28497	54
22	28498	54
22	28499	54
22	28500	52
22	28501	51
22	28502	51
22	28503	49
22	28504	49
22	28505	48
22	28506	48
22	28507	48
22	28508	50
22	28509	50
22	28510	50
22	28511	49
22	28512	49
22	28513	50
22	28514	50
22	28515	51
22	28516	52
22	28517	53
22	28518	52
22	28519	53
22	28520	53
22	28521	53
22	28522	54
22	28523	55
22	28524	54
22	28525	53
22	28526	52
22	28527	51
22	28528	51
22	28529	53
22	28530	53
22	28531	52
22	28532	52
22	28533	53
22	28534	54
22	28535	52
22	28536	51
22	28537	51
22	28538	52
22	28539	54
22	28540	54
22	28541	53
22	28542	52
22	28543	53
22	28544	53
22	28545	53
22	28546	54
22	28547	52
22	28548	53
22	28549	55
22	28550	54
22	28551	53
22	28552	54
22	28553	54
22	28554	54
22	28555	56
22	28556	56
22	28557	58
22	28558	56
22	28559	55
22	28560	55
22	28561	55
22	28562	56
22	28563	57
22	28564	57
22	28565	59
22	28566	59
22	28567	58
22	28568	58
22	28569	59
22	28570	59
22	28571	59
22	28572	59
22	28573	60
22	28574	60
22	28575	61
22	28576	62
22	28577	61
22	28578	59
22	28579	60
22	28580	61
22	28581	60
22	28582	62
22	28583	62
22	28584	62
22	28585	61
22	28586	60
22	28587	62
22	28588	61
22	28589	61
22	28590	61
22	28591	60
22	28592	59
22	28593	58
22	28594	58
22	28595	58
22	28596	57
22	28597	57
22	28598	58
22	28599	57
22	28600	58
22	28601	57
22	28602	58
22	28603	57
22	28604	55
22	28605	56
22	28606	56
22	28607	56
22	28608	56
22	28609	55
22	28610	56
22	28611	57
22	28612	57
22	28613	56
22	28614	58
22	28615	57
22	28616	58
22	28617	59
22	28618	58
22	28619	59
22	28620	60
22	28621	59
22	28622	61
22	28623	61
22	28624	60
22	28625	60
22	28626	61
22	28627	60
22	28628	60
22	28629	60
22	28630	59
22	28631	58
22	28632	57
22	28633	58
22	28634	58
22	28635	58
22	28636	59
22	28637	58
22	28638	57
22	28639	56
22	28640	54
22	28641	54
22	28642	55
22	28643	55
22	28644	56
22	28645	55
22	28646	55
22	28647	56
22	28648	55
22	28649	55
22	28650	55
22	28651	53
22	28652	52
22	28653	53
22	28654	52
22	28655	51
22	28656	51
22	28657	51
22	28658	50
22	28659	51
22	28660	50
22	28661	50
22	28662	49
22	28663	50
22	28664	50
22	28665	51
22	28666	52
22	28667	52
22	28668	53
22	28669	53
22	28670	54
22	28671	56
22	28672	56
22	28673	55
22	28674	56
22	28675	56
22	28676	56
22	28677	54
22	28678	53
22	28679	52
22	28680	52
22	28681	52
22	28682	51
22	28683	50
22	28684	49
22	28685	49
22	28686	49
22	28687	48
22	28688	48
22	28689	48
22	28690	48
22	28691	48
22	28692	47
22	28693	48
22	28694	46
22	28695	47
22	28696	48
22	28697	47
22	28698	46
22	28699	46
22	28700	47
22	28701	47
22	28702	48
22	28703	49
22	28704	49
22	28705	48
22	28706	48
22	28707	48
22	28708	48
22	28709	49
22	28710	50
22	28711	49
22	28712	49
22	28713	49
22	28714	48
22	28715	48
22	28716	47
22	28717	47
22	28718	47
22	28719	47
22	28720	47
22	28721	47
22	28722	46
22	28723	47
22	28724	47
22	28725	47
22	28726	47
22	28727	48
22	28728	46
22	28729	47
22	28730	47
22	28731	47
22	28732	45
22	28733	47
22	28734	46
22	28735	47
22	28736	49
22	28737	48
22	28738	48
22	28739	48
22	28740	48
22	28741	48
22	28742	49
22	28743	46
22	28744	47
22	28745	45
22	28746	45
22	28747	45
22	28748	46
22	28749	46
22	28750	46
22	28751	46
22	28752	46
22	28753	47
22	28754	47
22	28755	47
22	28756	48
22	28757	48
22	28758	48
22	28759	49
22	28760	50
22	28761	52
22	28762	52
22	28763	54
22	28764	53
22	28765	54
22	28766	54
22	28767	55
22	28768	55
22	28769	55
22	28770	54
22	28771	53
22	28772	53
22	28773	54
22	28774	53
22	28775	53
22	28776	52
22	28777	52
22	28778	50
22	28779	51
22	28780	51
22	28781	52
22	28782	52
22	28783	51
22	28784	52
22	28785	50
22	28786	50
22	28787	50
22	28788	49
22	28789	49
22	28790	49
22	28791	50
22	28792	49
22	28793	50
22	28794	49
22	28795	49
22	28796	49
22	28797	49
22	28798	49
22	28799	49
22	28800	48
22	28801	47
22	28802	47
22	28803	48
22	28804	47
22	28805	47
22	28806	47
22	28807	47
22	28808	47
22	28809	48
22	28810	49
22	28811	48
22	28812	49
22	28813	48
22	28814	50
22	28815	51
22	28816	50
22	28817	49
22	28818	49
22	28819	48
22	28820	48
22	28821	50
22	28822	51
22	28823	49
22	28824	48
22	28825	48
22	28826	48
22	28827	48
22	28828	47
22	28829	48
22	28830	49
22	28831	49
22	28832	49
22	28833	51
22	28834	51
22	28835	50
22	28836	48
22	28837	48
22	28838	47
22	28839	48
22	28840	47
22	28841	46
22	28842	46
22	28843	45
22	28844	47
22	28845	47
22	28846	48
22	28847	47
22	28848	47
22	28849	46
22	28850	47
22	28851	48
22	28852	48
22	28853	50
22	28854	50
22	28855	51
22	28856	51
22	28857	52
22	28858	52
22	28859	51
22	28860	52
22	28861	51
22	28862	52
22	28863	53
22	28864	52
22	28865	52
22	28866	53
22	28867	54
22	28868	54
22	28869	54
22	28870	54
22	28871	55
22	28872	56
22	28873	55
22	28874	55
22	28875	55
22	28876	56
22	28877	56
22	28878	55
22	28879	56
22	28880	56
22	28881	57
22	28882	57
22	28883	55
22	28884	54
22	28885	52
22	28886	52
22	28887	51
22	28888	53
22	28889	52
22	28890	51
22	28891	51
22	28892	51
22	28893	51
22	28894	51
22	28895	51
22	28896	49
22	28897	48
22	28898	49
22	28899	49
22	28900	51
22	28901	51
22	28902	52
22	28903	53
22	28904	51
22	28905	51
22	28906	50
22	28907	50
22	28908	48
22	28909	46
22	28910	47
22	28911	47
22	28912	47
22	28913	49
22	28914	50
22	28915	51
22	28916	51
22	28917	52
22	28918	54
22	28919	53
22	28920	52
22	28921	52
22	28922	52
22	28923	52
22	28924	52
22	28925	50
22	28926	49
22	28927	48
22	28928	46
22	28929	46
22	28930	45
22	28931	44
22	28932	43
22	28933	44
22	28934	43
22	28935	43
22	28936	43
22	28937	43
22	28938	44
22	28939	45
22	28940	46
22	28941	45
22	28942	45
22	28943	45
22	28944	46
22	28945	46
22	28946	45
22	28947	46
22	28948	46
22	28949	46
22	28950	47
22	28951	45
22	28952	44
22	28953	45
22	28954	44
22	28955	44
22	28956	44
22	28957	45
22	28958	47
22	28959	49
22	28960	50
22	28961	50
22	28962	51
22	28963	49
22	28964	47
22	28965	46
22	28966	47
22	28967	48
22	28968	49
22	28969	48
22	28970	50
22	28971	49
22	28972	49
22	28973	48
22	28974	48
22	28975	47
22	28976	48
22	28977	49
22	28978	50
22	28979	51
22	28980	50
22	28981	51
22	28982	53
22	28983	54
22	28984	54
22	28985	53
22	28986	53
22	28987	53
22	28988	51
22	28989	50
22	28990	49
22	28991	50
22	28992	50
22	28993	50
22	28994	51
22	28995	53
22	28996	52
22	28997	53
22	28998	54
22	28999	55
22	29000	56
22	29001	56
22	29002	56
22	29003	56
22	29004	54
22	29005	54
22	29006	54
22	29007	54
22	29008	54
22	29009	54
22	29010	53
22	29011	53
22	29012	53
22	29013	52
22	29014	52
22	29015	52
22	29016	52
22	29017	53
22	29018	52
22	29019	51
22	29020	50
22	29021	51
22	29022	50
22	29023	50
22	29024	51
22	29025	52
22	29026	52
22	29027	53
22	29028	53
22	29029	53
22	29030	53
22	29031	53
22	29032	53
22	29033	52
22	29034	51
22	29035	50
22	29036	50
22	29037	50
22	29038	50
22	29039	51
22	29040	52
22	29041	51
22	29042	51
22	29043	52
22	29044	52
22	29045	51
22	29046	51
22	29047	53
22	29048	55
22	29049	55
22	29050	54
22	29051	53
22	29052	51
22	29053	49
22	29054	48
22	29055	48
22	29056	47
22	29057	45
22	29058	44
22	29059	44
22	29060	45
22	29061	44
22	29062	44
22	29063	45
22	29064	47
22	29065	47
22	29066	46
22	29067	45
22	29068	44
22	29069	43
22	29070	43
22	29071	43
22	29072	43
22	29073	44
22	29074	43
22	29075	42
22	29076	43
22	29077	44
22	29078	45
22	29079	46
22	29080	47
22	29081	48
22	29082	48
22	29083	47
22	29084	46
22	29085	47
22	29086	47
22	29087	47
22	29088	48
22	29089	48
22	29090	47
22	29091	47
22	29092	46
22	29093	47
22	29094	48
22	29095	47
22	29096	47
22	29097	47
22	29098	48
22	29099	47
22	29100	46
22	29101	46
22	29102	45
22	29103	43
22	29104	43
22	29105	43
22	29106	41
22	29107	40
22	29108	39
22	29109	38
22	29110	38
22	29111	37
22	29112	36
22	29113	36
22	29114	34
22	29115	33
22	29116	32
22	29117	31
22	29118	30
22	29119	30
22	29120	30
22	29121	30
22	29122	28
22	29123	28
22	29124	27
22	29125	27
22	29126	28
22	29127	29
22	29128	29
22	29129	30
22	29130	30
22	29131	30
22	29132	30
22	29133	29
22	29134	29
22	29135	29
22	29136	29
22	29137	29
22	29138	29
22	29139	29
22	29140	30
22	29141	31
22	29142	31
22	29143	32
22	29144	32
22	29145	31
22	29146	31
22	29147	32
22	29148	31
22	29149	31
22	29150	32
22	29151	31
22	29152	30
22	29153	29
22	29154	29
22	29155	28
22	29156	28
22	29157	28
22	29158	28
22	29159	29
22	29160	29
22	29161	29
22	29162	30
22	29163	30
22	29164	30
22	29165	30
22	29166	31
22	29167	30
22	29168	29
22	29169	30
22	29170	31
22	29171	31
22	29172	32
22	29173	31
22	29174	32
22	29175	33
22	29176	33
22	29177	33
22	29178	33
22	29179	33
22	29180	34
22	29181	34
22	29182	35
22	29183	35
22	29184	35
22	29185	37
22	29186	37
22	29187	38
22	29188	38
22	29189	38
22	29190	40
22	29191	40
22	29192	40
22	29193	40
22	29194	41
22	29195	42
22	29196	42
22	29197	43
22	29198	41
22	29199	42
22	29200	42
22	29201	42
22	29202	41
22	29203	41
22	29204	40
22	29205	41
22	29206	42
22	29207	42
22	29208	43
22	29209	43
22	29210	43
22	29211	43
22	29212	44
22	29213	44
22	29214	44
22	29215	43
22	29216	44
22	29217	45
22	29218	44
22	29219	44
22	29220	44
22	29221	46
22	29222	45
22	29223	45
22	29224	46
22	29225	46
22	29226	46
22	29227	47
22	29228	47
22	29229	46
22	29230	46
22	29231	46
22	29232	47
22	29233	47
22	29234	48
22	29235	49
22	29236	51
22	29237	50
22	29238	51
22	29239	52
22	29240	53
22	29241	52
22	29242	52
22	29243	52
22	29244	51
22	29245	50
22	29246	49
22	29247	50
22	29248	49
22	29249	49
22	29250	48
22	29251	50
22	29252	50
22	29253	52
22	29254	52
22	29255	51
22	29256	51
22	29257	51
22	29258	52
22	29259	52
22	29260	51
22	29261	52
22	29262	53
22	29263	54
22	29264	55
22	29265	55
22	29266	55
22	29267	57
22	29268	57
22	29269	55
22	29270	54
22	29271	54
22	29272	53
22	29273	54
22	29274	55
22	29275	56
22	29276	57
22	29277	57
22	29278	57
22	29279	57
22	29280	57
22	29281	57
22	29282	57
22	29283	56
22	29284	56
22	29285	55
22	29286	55
22	29287	55
22	29288	55
22	29289	55
22	29290	54
22	29291	52
22	29292	51
22	29293	52
22	29294	51
22	29295	52
22	29296	52
22	29297	52
22	29298	52
22	29299	52
22	29300	52
22	29301	52
22	29302	51
22	29303	52
22	29304	54
22	29305	55
22	29306	55
22	29307	55
22	29308	55
22	29309	55
22	29310	54
22	29311	52
22	29312	53
22	29313	51
22	29314	50
22	29315	50
22	29316	50
22	29317	50
22	29318	50
22	29319	50
22	29320	50
22	29321	50
22	29322	50
22	29323	50
22	29324	49
22	29325	50
22	29326	48
22	29327	50
22	29328	49
22	29329	49
22	29330	50
22	29331	51
22	29332	52
22	29333	51
22	29334	51
22	29335	50
22	29336	49
22	29337	47
22	29338	46
22	29339	45
22	29340	43
22	29341	44
22	29342	42
22	29343	42
22	29344	42
22	29345	42
22	29346	42
22	29347	42
22	29348	41
22	29349	39
22	29350	38
22	29351	38
22	29352	39
22	29353	39
22	29354	39
22	29355	38
22	29356	37
22	29357	38
22	29358	39
22	29359	39
22	29360	41
22	29361	41
22	29362	40
22	29363	39
22	29364	39
22	29365	39
22	29366	39
22	29367	40
22	29368	39
22	29369	40
22	29370	40
22	29371	41
22	29372	41
22	29373	40
22	29374	39
22	29375	40
22	29376	40
22	29377	42
22	29378	41
22	29379	40
22	29380	41
22	29381	41
22	29382	42
22	29383	43
22	29384	41
22	29385	41
22	29386	41
22	29387	40
22	29388	40
22	29389	41
22	29390	42
22	29391	43
22	29392	43
22	29393	44
22	29394	43
22	29395	44
22	29396	45
22	29397	46
22	29398	46
22	29399	46
22	29400	46
22	29401	47
22	29402	46
22	29403	46
22	29404	47
22	29405	48
22	29406	48
22	29407	50
22	29408	52
22	29409	52
22	29410	51
22	29411	53
22	29412	54
22	29413	55
22	29414	56
22	29415	56
22	29416	57
22	29417	58
22	29418	58
22	29419	59
22	29420	60
22	29421	61
22	29422	62
22	29423	63
22	29424	64
22	29425	64
22	29426	64
22	29427	63
22	29428	62
22	29429	64
22	29430	64
22	29431	65
22	29432	65
22	29433	64
22	29434	64
22	29435	64
22	29436	64
22	29437	65
22	29438	65
22	29439	66
22	29440	66
22	29441	66
22	29442	65
22	29443	66
22	29444	66
22	29445	66
22	29446	65
22	29447	66
22	29448	67
22	29449	68
22	29450	68
22	29451	70
22	29452	71
22	29453	71
22	29454	71
22	29455	70
22	29456	70
22	29457	68
22	29458	68
22	29459	67
22	29460	67
22	29461	68
22	29462	68
22	29463	67
22	29464	67
22	29465	67
22	29466	66
22	29467	67
22	29468	67
22	29469	66
22	29470	66
22	29471	64
22	29472	65
22	29473	67
22	29474	67
22	29475	66
22	29476	66
22	29477	66
22	29478	66
22	29479	65
22	29480	64
22	29481	64
22	29482	63
22	29483	61
22	29484	61
22	29485	61
22	29486	59
22	29487	57
22	29488	55
22	29489	54
22	29490	55
22	29491	54
22	29492	55
22	29493	56
22	29494	55
22	29495	55
22	29496	56
22	29497	56
22	29498	55
22	29499	54
22	29500	53
22	29501	54
22	29502	54
22	29503	54
22	29504	53
22	29505	55
22	29506	55
22	29507	55
22	29508	57
22	29509	56
22	29510	55
22	29511	54
22	29512	53
22	29513	53
22	29514	52
22	29515	53
22	29516	54
22	29517	54
22	29518	53
22	29519	52
22	29520	51
22	29521	50
22	29522	48
22	29523	47
22	29524	47
22	29525	47
22	29526	45
22	29527	45
22	29528	45
22	29529	46
22	29530	45
22	29531	45
22	29532	46
22	29533	45
22	29534	46
22	29535	48
22	29536	49
22	29537	50
22	29538	51
22	29539	52
22	29540	50
22	29541	50
22	29542	50
22	29543	51
22	29544	53
22	29545	53
22	29546	54
22	29547	55
22	29548	55
22	29549	56
22	29550	57
22	29551	57
22	29552	58
22	29553	58
22	29554	59
22	29555	59
22	29556	60
22	29557	60
22	29558	62
22	29559	62
22	29560	62
22	29561	62
22	29562	62
22	29563	63
22	29564	62
22	29565	60
22	29566	62
22	29567	60
22	29568	60
22	29569	61
22	29570	61
22	29571	61
22	29572	58
22	29573	58
22	29574	58
22	29575	58
22	29576	57
22	29577	58
22	29578	59
22	29579	59
22	29580	57
22	29581	56
22	29582	57
22	29583	55
22	29584	55
22	29585	56
22	29586	56
22	29587	57
22	29588	58
22	29589	59
22	29590	59
22	29591	59
22	29592	59
22	29593	59
22	29594	60
22	29595	61
22	29596	62
22	29597	64
22	29598	64
22	29599	64
22	29600	64
22	29601	63
22	29602	63
22	29603	63
22	29604	61
22	29605	62
22	29606	61
22	29607	60
22	29608	61
22	29609	59
22	29610	57
22	29611	55
22	29612	54
22	29613	56
22	29614	58
22	29615	59
22	29616	60
22	29617	60
22	29618	60
22	29619	59
22	29620	58
22	29621	59
22	29622	57
22	29623	57
22	29624	56
22	29625	56
22	29626	56
22	29627	57
22	29628	57
22	29629	59
22	29630	60
22	29631	59
22	29632	59
22	29633	58
22	29634	60
22	29635	60
22	29636	61
22	29637	61
22	29638	59
22	29639	60
22	29640	61
22	29641	60
22	29642	60
22	29643	59
22	29644	58
22	29645	58
22	29646	57
22	29647	57
22	29648	57
22	29649	57
22	29650	57
22	29651	56
22	29652	56
22	29653	57
22	29654	57
22	29655	56
22	29656	57
22	29657	56
22	29658	56
22	29659	56
22	29660	55
22	29661	55
22	29662	55
22	29663	53
22	29664	52
22	29665	52
22	29666	52
22	29667	53
22	29668	54
22	29669	52
22	29670	51
22	29671	51
22	29672	49
22	29673	49
22	29674	50
22	29675	49
22	29676	49
22	29677	49
22	29678	49
22	29679	50
22	29680	50
22	29681	50
22	29682	51
22	29683	51
22	29684	52
22	29685	53
22	29686	53
22	29687	53
22	29688	51
22	29689	49
22	29690	49
22	29691	47
22	29692	46
22	29693	46
22	29694	45
22	29695	45
22	29696	43
22	29697	43
22	29698	43
22	29699	44
22	29700	43
22	29701	42
22	29702	41
22	29703	40
22	29704	38
22	29705	38
22	29706	37
22	29707	37
22	29708	38
22	29709	36
22	29710	36
22	29711	35
22	29712	36
22	29713	38
22	29714	37
22	29715	36
22	29716	35
22	29717	35
22	29718	35
22	29719	36
22	29720	36
22	29721	37
22	29722	38
22	29723	38
22	29724	38
22	29725	39
22	29726	40
22	29727	39
22	29728	38
22	29729	39
22	29730	39
22	29731	38
22	29732	37
22	29733	38
22	29734	38
22	29735	36
22	29736	37
22	29737	36
22	29738	36
22	29739	37
22	29740	37
22	29741	36
22	29742	34
22	29743	34
22	29744	36
22	29745	36
22	29746	34
22	29747	34
22	29748	35
22	29749	33
22	29750	33
22	29751	33
22	29752	33
22	29753	34
22	29754	34
22	29755	35
22	29756	35
22	29757	35
22	29758	35
22	29759	36
22	29760	35
22	29761	35
22	29762	35
22	29763	35
22	29764	36
22	29765	38
22	29766	38
22	29767	39
22	29768	39
22	29769	40
22	29770	40
22	29771	41
22	29772	42
22	29773	42
22	29774	44
22	29775	46
22	29776	47
22	29777	49
22	29778	49
22	29779	49
22	29780	49
22	29781	49
22	29782	50
22	29783	51
22	29784	52
22	29785	52
22	29786	53
22	29787	53
22	29788	53
22	29789	54
22	29790	55
22	29791	57
22	29792	57
22	29793	57
22	29794	57
22	29795	57
22	29796	56
22	29797	56
22	29798	56
22	29799	56
22	29800	56
22	29801	55
22	29802	56
22	29803	56
22	29804	55
22	29805	56
22	29806	58
22	29807	58
22	29808	58
22	29809	57
22	29810	58
22	29811	58
22	29812	57
22	29813	57
22	29814	56
22	29815	55
22	29816	55
22	29817	55
22	29818	56
22	29819	56
22	29820	57
22	29821	59
22	29822	59
22	29823	59
22	29824	60
22	29825	60
22	29826	61
22	29827	61
22	29828	62
22	29829	62
22	29830	60
22	29831	60
22	29832	59
22	29833	59
22	29834	58
22	29835	57
22	29836	57
22	29837	57
22	29838	58
22	29839	57
22	29840	57
22	29841	58
22	29842	57
22	29843	57
22	29844	55
22	29845	56
22	29846	55
22	29847	55
22	29848	55
22	29849	55
22	29850	53
22	29851	52
22	29852	51
22	29853	51
22	29854	51
22	29855	52
22	29856	54
22	29857	55
22	29858	56
22	29859	55
22	29860	56
22	29861	56
22	29862	57
22	29863	58
22	29864	56
22	29865	55
22	29866	54
22	29867	55
22	29868	56
22	29869	56
22	29870	55
22	29871	55
22	29872	55
22	29873	55
22	29874	57
22	29875	57
22	29876	57
22	29877	55
22	29878	56
22	29879	55
22	29880	53
22	29881	52
22	29882	52
22	29883	50
22	29884	50
22	29885	50
22	29886	52
22	29887	51
22	29888	52
22	29889	51
22	29890	52
22	29891	53
22	29892	53
22	29893	53
22	29894	52
22	29895	51
22	29896	48
22	29897	49
22	29898	48
22	29899	48
22	29900	48
22	29901	49
22	29902	50
22	29903	49
22	29904	49
22	29905	50
22	29906	50
22	29907	51
22	29908	50
22	29909	52
22	29910	52
22	29911	52
22	29912	52
22	29913	51
22	29914	52
22	29915	51
22	29916	50
22	29917	50
22	29918	51
22	29919	52
22	29920	50
22	29921	51
22	29922	51
22	29923	51
22	29924	52
22	29925	52
22	29926	52
22	29927	51
22	29928	51
22	29929	51
22	29930	51
22	29931	49
22	29932	49
22	29933	47
22	29934	48
22	29935	47
22	29936	47
22	29937	47
22	29938	47
22	29939	48
22	29940	48
22	29941	48
22	29942	48
22	29943	48
22	29944	48
22	29945	49
22	29946	50
22	29947	50
22	29948	50
22	29949	48
22	29950	48
22	29951	48
22	29952	49
22	29953	48
22	29954	47
22	29955	47
22	29956	47
22	29957	47
22	29958	48
22	29959	48
22	29960	47
22	29961	47
22	29962	47
22	29963	46
22	29964	47
22	29965	47
22	29966	47
22	29967	47
22	29968	48
22	29969	48
22	29970	50
22	29971	51
22	29972	50
22	29973	50
22	29974	50
22	29975	49
22	29976	48
22	29977	48
22	29978	48
22	29979	48
22	29980	48
22	29981	48
22	29982	47
22	29983	48
22	29984	48
22	29985	48
22	29986	48
22	29987	48
22	29988	49
22	29989	49
22	29990	50
22	29991	51
22	29992	52
22	29993	52
22	29994	52
22	29995	53
22	29996	54
22	29997	54
22	29998	55
22	29999	54
22	30000	54
22	30001	54
22	30002	55
22	30003	56
22	30004	57
22	30005	57
22	30006	58
22	30007	59
22	30008	59
22	30009	58
22	30010	59
22	30011	59
22	30012	59
22	30013	59
22	30014	57
22	30015	57
22	30016	57
22	30017	57
22	30018	58
22	30019	58
22	30020	57
22	30021	55
22	30022	55
22	30023	54
22	30024	56
22	30025	56
22	30026	55
22	30027	55
22	30028	56
22	30029	58
22	30030	57
22	30031	57
22	30032	56
22	30033	55
22	30034	57
22	30035	58
22	30036	59
22	30037	59
22	30038	60
22	30039	59
22	30040	58
22	30041	59
22	30042	58
22	30043	59
22	30044	61
22	30045	60
22	30046	59
22	30047	60
22	30048	59
22	30049	59
22	30050	60
22	30051	60
22	30052	60
22	30053	59
22	30054	60
22	30055	60
22	30056	60
22	30057	61
22	30058	60
22	30059	59
22	30060	60
22	30061	62
22	30062	62
22	30063	61
22	30064	60
22	30065	60
22	30066	60
22	30067	59
22	30068	59
22	30069	59
22	30070	59
22	30071	56
22	30072	58
22	30073	58
22	30074	58
22	30075	59
22	30076	57
22	30077	57
22	30078	55
22	30079	56
22	30080	55
22	30081	56
22	30082	55
22	30083	56
22	30084	57
22	30085	57
22	30086	58
22	30087	59
22	30088	59
22	30089	59
22	30090	59
22	30091	58
22	30092	58
22	30093	57
22	30094	58
22	30095	60
22	30096	61
22	30097	61
22	30098	61
22	30099	59
22	30100	58
22	30101	59
22	30102	61
22	30103	60
22	30104	59
22	30105	59
22	30106	58
22	30107	58
22	30108	58
22	30109	58
22	30110	59
22	30111	59
22	30112	60
22	30113	59
22	30114	59
22	30115	60
22	30116	61
22	30117	62
22	30118	63
22	30119	62
22	30120	62
22	30121	63
22	30122	63
22	30123	64
22	30124	64
22	30125	63
22	30126	65
22	30127	65
22	30128	66
22	30129	66
22	30130	65
22	30131	66
22	30132	67
22	30133	68
22	30134	70
22	30135	71
22	30136	69
22	30137	69
22	30138	70
22	30139	72
22	30140	72
22	30141	72
22	30142	73
22	30143	74
22	30144	73
22	30145	73
22	30146	75
22	30147	76
22	30148	76
22	30149	77
22	30150	76
22	30151	76
22	30152	75
22	30153	75
22	30154	73
22	30155	73
22	30156	71
22	30157	72
22	30158	71
22	30159	70
22	30160	69
22	30161	68
22	30162	68
22	30163	68
22	30164	68
22	30165	69
22	30166	70
22	30167	70
22	30168	70
22	30169	70
22	30170	68
22	30171	68
22	30172	69
22	30173	70
22	30174	69
22	30175	69
22	30176	71
22	30177	70
22	30178	70
22	30179	70
22	30180	72
22	30181	72
22	30182	72
22	30183	72
22	30184	72
22	30185	73
22	30186	72
22	30187	71
22	30188	71
22	30189	71
22	30190	71
22	30191	71
22	30192	71
22	30193	71
22	30194	70
22	30195	70
22	30196	70
22	30197	69
22	30198	68
22	30199	67
22	30200	66
22	30201	66
22	30202	67
22	30203	68
22	30204	68
22	30205	68
22	30206	67
22	30207	67
22	30208	66
22	30209	66
22	30210	65
22	30211	65
22	30212	65
22	30213	65
22	30214	65
22	30215	65
22	30216	65
22	30217	64
22	30218	63
22	30219	62
22	30220	62
22	30221	60
22	30222	58
22	30223	57
22	30224	56
22	30225	55
22	30226	56
22	30227	57
22	30228	56
22	30229	56
22	30230	56
22	30231	55
22	30232	53
22	30233	54
22	30234	56
22	30235	57
22	30236	57
22	30237	56
22	30238	57
22	30239	58
22	30240	58
22	30241	58
22	30242	58
22	30243	58
22	30244	58
22	30245	59
22	30246	58
22	30247	59
22	30248	58
22	30249	59
22	30250	59
22	30251	59
22	30252	59
22	30253	59
22	30254	58
22	30255	56
22	30256	56
22	30257	55
22	30258	54
22	30259	55
22	30260	53
22	30261	54
22	30262	54
22	30263	55
22	30264	55
22	30265	56
22	30266	55
22	30267	54
22	30268	55
22	30269	54
22	30270	55
22	30271	55
22	30272	56
22	30273	56
22	30274	58
22	30275	59
22	30276	58
22	30277	58
22	30278	56
22	30279	58
22	30280	60
22	30281	61
22	30282	61
22	30283	61
22	30284	59
22	30285	59
22	30286	59
22	30287	59
22	30288	59
22	30289	58
22	30290	57
22	30291	58
22	30292	58
22	30293	59
22	30294	59
22	30295	59
22	30296	59
22	30297	59
22	30298	61
22	30299	59
22	30300	59
22	30301	58
22	30302	57
22	30303	57
22	30304	57
22	30305	58
22	30306	59
22	30307	59
22	30308	59
22	30309	58
22	30310	57
22	30311	57
22	30312	56
22	30313	56
22	30314	55
22	30315	56
22	30316	57
22	30317	61
22	30318	62
22	30319	63
22	30320	63
22	30321	62
22	30322	60
22	30323	58
22	30324	58
22	30325	57
22	30326	56
22	30327	56
22	30328	57
22	30329	57
22	30330	58
22	30331	60
22	30332	60
22	30333	61
22	30334	60
22	30335	60
22	30336	60
22	30337	62
22	30338	61
22	30339	62
22	30340	61
22	30341	61
22	30342	61
22	30343	61
22	30344	61
22	30345	60
22	30346	60
22	30347	60
22	30348	61
22	30349	60
22	30350	60
22	30351	59
22	30352	59
22	30353	60
22	30354	58
22	30355	57
22	30356	57
22	30357	57
22	30358	56
22	30359	57
22	30360	58
22	30361	58
22	30362	59
22	30363	59
22	30364	59
22	30365	60
22	30366	59
22	30367	60
22	30368	58
22	30369	57
22	30370	57
22	30371	57
22	30372	58
22	30373	57
22	30374	57
22	30375	58
22	30376	58
22	30377	58
22	30378	58
22	30379	58
22	30380	57
22	30381	56
22	30382	57
22	30383	57
22	30384	56
22	30385	57
22	30386	58
22	30387	59
22	30388	59
22	30389	59
22	30390	59
22	30391	58
22	30392	57
22	30393	59
22	30394	57
22	30395	56
22	30396	58
22	30397	59
22	30398	60
22	30399	61
22	30400	62
22	30401	61
22	30402	60
22	30403	61
22	30404	61
22	30405	61
22	30406	60
22	30407	61
22	30408	60
22	30409	60
22	30410	61
22	30411	60
22	30412	59
22	30413	60
22	30414	59
22	30415	59
22	30416	60
22	30417	62
22	30418	60
22	30419	60
22	30420	59
22	30421	59
22	30422	59
22	30423	60
22	30424	59
22	30425	60
22	30426	60
22	30427	60
22	30428	60
22	30429	61
22	30430	60
22	30431	60
22	30432	58
22	30433	58
22	30434	58
22	30435	58
22	30436	57
22	30437	57
22	30438	56
22	30439	59
22	30440	59
22	30441	58
22	30442	58
22	30443	59
22	30444	61
22	30445	63
22	30446	63
22	30447	62
22	30448	62
22	30449	62
22	30450	60
22	30451	58
22	30452	60
22	30453	61
22	30454	61
22	30455	62
22	30456	63
22	30457	64
22	30458	63
22	30459	62
22	30460	63
22	30461	64
22	30462	63
22	30463	62
22	30464	62
22	30465	61
22	30466	60
22	30467	59
22	30468	58
22	30469	58
22	30470	59
22	30471	59
22	30472	58
22	30473	56
22	30474	54
22	30475	54
22	30476	54
22	30477	54
22	30478	53
22	30479	53
22	30480	53
22	30481	53
22	30482	54
22	30483	54
22	30484	53
22	30485	53
22	30486	54
22	30487	53
22	30488	52
22	30489	53
22	30490	53
22	30491	52
22	30492	51
22	30493	52
22	30494	54
22	30495	56
22	30496	56
22	30497	56
22	30498	54
22	30499	54
22	30500	53
22	30501	55
22	30502	55
22	30503	54
22	30504	54
22	30505	55
22	30506	56
22	30507	57
22	30508	57
22	30509	57
22	30510	56
22	30511	56
22	30512	55
22	30513	55
22	30514	53
22	30515	53
22	30516	55
22	30517	54
22	30518	53
22	30519	51
22	30520	51
22	30521	51
22	30522	52
22	30523	53
22	30524	54
22	30525	56
22	30526	57
22	30527	56
22	30528	56
22	30529	56
22	30530	55
22	30531	56
22	30532	55
22	30533	55
22	30534	56
22	30535	56
22	30536	54
22	30537	55
22	30538	55
22	30539	56
22	30540	56
22	30541	58
22	30542	58
22	30543	58
22	30544	59
22	30545	58
22	30546	57
22	30547	58
22	30548	60
22	30549	60
22	30550	59
22	30551	61
22	30552	62
22	30553	61
22	30554	62
22	30555	61
22	30556	60
22	30557	59
22	30558	60
22	30559	60
22	30560	59
22	30561	59
22	30562	60
22	30563	60
22	30564	59
22	30565	62
22	30566	61
22	30567	62
22	30568	60
22	30569	58
22	30570	57
22	30571	58
22	30572	59
22	30573	60
22	30574	60
22	30575	61
22	30576	60
22	30577	59
22	30578	60
22	30579	61
22	30580	60
22	30581	58
22	30582	57
22	30583	59
22	30584	59
22	30585	60
22	30586	60
22	30587	59
22	30588	60
22	30589	61
22	30590	60
22	30591	59
22	30592	59
22	30593	60
22	30594	61
22	30595	60
22	30596	60
22	30597	60
22	30598	59
22	30599	58
22	30600	58
22	30601	57
22	30602	56
22	30603	56
22	30604	56
22	30605	57
22	30606	55
22	30607	55
22	30608	55
22	30609	54
22	30610	53
22	30611	53
22	30612	52
22	30613	52
22	30614	52
22	30615	54
22	30616	53
22	30617	54
22	30618	54
22	30619	54
22	30620	55
22	30621	57
22	30622	56
22	30623	55
22	30624	56
22	30625	56
22	30626	54
22	30627	53
22	30628	53
22	30629	53
22	30630	53
22	30631	55
22	30632	56
22	30633	57
22	30634	58
22	30635	59
22	30636	58
22	30637	60
22	30638	60
22	30639	61
22	30640	61
22	30641	61
22	30642	60
22	30643	60
22	30644	62
22	30645	62
22	30646	62
22	30647	61
22	30648	60
22	30649	61
22	30650	59
22	30651	60
22	30652	61
22	30653	60
22	30654	58
22	30655	60
22	30656	59
22	30657	60
22	30658	59
22	30659	57
22	30660	56
22	30661	56
22	30662	57
22	30663	56
22	30664	56
22	30665	57
22	30666	58
22	30667	58
22	30668	59
22	30669	58
22	30670	58
22	30671	58
22	30672	58
22	30673	58
22	30674	58
22	30675	58
22	30676	59
22	30677	58
22	30678	59
22	30679	58
22	30680	57
22	30681	58
22	30682	57
22	30683	58
22	30684	59
22	30685	60
22	30686	62
22	30687	62
22	30688	62
22	30689	62
22	30690	59
22	30691	58
22	30692	57
22	30693	58
22	30694	56
22	30695	56
22	30696	56
22	30697	57
22	30698	56
22	30699	57
22	30700	59
22	30701	58
22	30702	59
22	30703	58
22	30704	56
22	30705	56
22	30706	55
22	30707	57
22	30708	58
22	30709	57
22	30710	57
22	30711	56
22	30712	55
22	30713	56
22	30714	56
22	30715	55
22	30716	55
22	30717	54
22	30718	56
22	30719	54
22	30720	54
22	30721	54
22	30722	54
22	30723	54
22	30724	53
22	30725	54
22	30726	54
22	30727	53
22	30728	53
22	30729	55
22	30730	53
22	30731	54
22	30732	53
22	30733	54
22	30734	55
22	30735	55
22	30736	54
22	30737	55
22	30738	55
22	30739	55
22	30740	54
22	30741	55
22	30742	54
22	30743	54
22	30744	55
22	30745	57
22	30746	57
22	30747	59
22	30748	61
22	30749	61
22	30750	61
22	30751	61
22	30752	63
22	30753	63
22	30754	65
22	30755	65
22	30756	64
22	30757	64
22	30758	64
22	30759	63
22	30760	62
22	30761	61
22	30762	62
22	30763	62
22	30764	61
22	30765	62
22	30766	62
22	30767	62
22	30768	62
22	30769	62
22	30770	62
22	30771	61
22	30772	61
22	30773	62
22	30774	60
22	30775	58
22	30776	59
22	30777	59
22	30778	60
22	30779	60
22	30780	60
22	30781	60
22	30782	60
22	30783	60
22	30784	61
22	30785	61
22	30786	60
22	30787	59
22	30788	60
22	30789	58
22	30790	58
22	30791	58
22	30792	58
22	30793	58
22	30794	58
22	30795	58
22	30796	57
22	30797	57
22	30798	57
22	30799	56
22	30800	56
22	30801	56
22	30802	56
22	30803	56
22	30804	55
22	30805	56
22	30806	56
22	30807	57
22	30808	58
22	30809	59
22	30810	59
22	30811	60
22	30812	59
22	30813	59
22	30814	58
22	30815	59
22	30816	58
22	30817	60
22	30818	59
22	30819	59
22	30820	59
22	30821	60
22	30822	59
22	30823	58
22	30824	59
22	30825	60
22	30826	58
22	30827	57
22	30828	57
22	30829	58
22	30830	58
22	30831	59
22	30832	59
22	30833	59
22	30834	59
22	30835	59
22	30836	59
22	30837	59
22	30838	60
22	30839	61
22	30840	60
22	30841	60
22	30842	61
22	30843	61
22	30844	62
22	30845	63
22	30846	62
22	30847	62
22	30848	61
22	30849	62
22	30850	63
22	30851	63
22	30852	62
22	30853	62
22	30854	63
22	30855	63
22	30856	63
22	30857	63
22	30858	63
22	30859	63
22	30860	62
22	30861	62
22	30862	64
22	30863	63
22	30864	63
22	30865	62
22	30866	61
22	30867	61
22	30868	59
22	30869	59
22	30870	58
22	30871	56
22	30872	55
22	30873	55
22	30874	55
22	30875	54
22	30876	54
22	30877	54
22	30878	54
22	30879	53
22	30880	53
22	30881	53
22	30882	52
22	30883	52
22	30884	49
22	30885	49
22	30886	48
22	30887	48
22	30888	47
22	30889	47
22	30890	46
22	30891	46
22	30892	45
22	30893	45
22	30894	44
22	30895	42
22	30896	41
22	30897	40
22	30898	40
22	30899	39
22	30900	37
22	30901	36
22	30902	37
22	30903	37
22	30904	35
22	30905	35
22	30906	34
22	30907	33
22	30908	32
22	30909	32
22	30910	32
22	30911	31
22	30912	30
22	30913	29
22	30914	28
22	30915	28
22	30916	27
22	30917	26
22	30918	25
22	30919	23
22	30920	22
22	30921	22
22	30922	21
22	30923	21
22	30924	21
22	30925	20
22	30926	19
22	30927	21
22	30928	21
22	30929	21
22	30930	20
22	30931	20
22	30932	19
22	30933	19
22	30934	18
22	30935	18
22	30936	19
22	30937	18
22	30938	18
22	30939	17
22	30940	16
22	30941	16
22	30942	14
22	30943	13
22	30944	14
22	30945	14
22	30946	14
22	30947	15
22	30948	15
22	30949	16
22	30950	17
22	30951	18
22	30952	18
22	30953	19
22	30954	19
22	30955	20
22	30956	20
22	30957	20
22	30958	21
22	30959	21
22	30960	22
22	30961	22
22	30962	23
22	30963	24
22	30964	25
22	30965	26
22	30966	27
22	30967	29
22	30968	29
22	30969	30
22	30970	30
22	30971	31
22	30972	32
22	30973	33
22	30974	33
22	30975	33
22	30976	33
22	30977	33
22	30978	33
22	30979	33
22	30980	33
22	30981	33
22	30982	33
22	30983	33
22	30984	33
22	30985	33
22	30986	34
22	30987	35
22	30988	35
22	30989	36
22	30990	38
22	30991	38
22	30992	38
22	30993	39
22	30994	39
22	30995	39
22	30996	39
22	30997	40
22	30998	40
22	30999	40
22	31000	40
22	31001	40
22	31002	39
22	31003	39
22	31004	38
22	31005	39
22	31006	38
22	31007	38
22	31008	39
22	31009	39
22	31010	40
22	31011	39
22	31012	38
22	31013	39
22	31014	40
22	31015	42
22	31016	42
22	31017	42
22	31018	42
22	31019	41
22	31020	42
22	31021	43
22	31022	43
22	31023	44
22	31024	44
22	31025	43
22	31026	42
22	31027	43
22	31028	43
22	31029	44
22	31030	44
22	31031	45
22	31032	47
22	31033	47
22	31034	48
22	31035	48
22	31036	48
22	31037	48
22	31038	48
22	31039	47
22	31040	46
22	31041	46
22	31042	44
22	31043	45
22	31044	46
22	31045	46
22	31046	46
22	31047	46
22	31048	47
22	31049	47
22	31050	47
22	31051	47
22	31052	47
22	31053	47
22	31054	47
22	31055	46
22	31056	46
22	31057	46
22	31058	46
22	31059	46
22	31060	46
22	31061	45
22	31062	44
22	31063	44
22	31064	43
22	31065	41
22	31066	41
22	31067	40
22	31068	39
22	31069	39
22	31070	39
22	31071	39
22	31072	38
22	31073	37
22	31074	36
22	31075	36
22	31076	36
22	31077	35
22	31078	35
22	31079	37
22	31080	36
22	31081	36
22	31082	36
22	31083	35
22	31084	36
22	31085	35
22	31086	34
22	31087	35
22	31088	34
22	31089	34
22	31090	33
22	31091	35
22	31092	34
22	31093	34
22	31094	34
22	31095	35
22	31096	34
22	31097	34
22	31098	33
22	31099	32
22	31100	32
22	31101	32
22	31102	31
22	31103	30
22	31104	29
22	31105	28
22	31106	27
22	31107	25
22	31108	24
22	31109	23
22	31110	22
22	31111	22
22	31112	21
22	31113	20
22	31114	20
22	31115	21
22	31116	20
22	31117	20
22	31118	19
22	31119	17
22	31120	16
22	31121	15
22	31122	15
22	31123	13
22	31124	13
22	31125	13
22	31126	13
22	31127	15
22	31128	15
22	31129	16
22	31130	17
22	31131	18
22	31132	19
22	31133	20
22	31134	20
22	31135	20
22	31136	20
22	31137	22
22	31138	21
22	31139	22
22	31140	22
22	31141	23
22	31142	25
22	31143	26
22	31144	27
22	31145	28
22	31146	28
22	31147	28
22	31148	29
22	31149	29
22	31150	30
22	31151	30
22	31152	31
22	31153	32
22	31154	30
22	31155	30
22	31156	30
22	31157	32
22	31158	33
22	31159	33
22	31160	32
22	31161	32
22	31162	31
22	31163	32
22	31164	31
22	31165	33
22	31166	31
22	31167	31
22	31168	31
22	31169	32
22	31170	30
22	31171	30
22	31172	30
22	31173	32
22	31174	32
22	31175	32
22	31176	32
22	31177	34
22	31178	36
22	31179	36
22	31180	36
22	31181	36
22	31182	36
22	31183	37
22	31184	38
22	31185	39
22	31186	40
22	31187	41
22	31188	43
22	31189	45
22	31190	45
22	31191	46
22	31192	48
22	31193	49
22	31194	49
22	31195	49
22	31196	49
22	31197	49
22	31198	49
22	31199	50
22	31200	50
22	31201	50
22	31202	48
22	31203	50
22	31204	51
22	31205	52
22	31206	52
22	31207	53
22	31208	52
22	31209	52
22	31210	53
22	31211	53
22	31212	51
22	31213	53
22	31214	52
22	31215	52
22	31216	52
22	31217	51
22	31218	51
22	31219	51
22	31220	50
22	31221	50
22	31222	50
22	31223	49
22	31224	49
22	31225	49
22	31226	50
22	31227	50
22	31228	50
22	31229	51
22	31230	51
22	31231	51
22	31232	50
22	31233	50
22	31234	50
22	31235	50
22	31236	50
22	31237	51
22	31238	52
22	31239	53
22	31240	51
22	31241	52
22	31242	53
22	31243	53
22	31244	53
22	31245	54
22	31246	55
22	31247	55
22	31248	54
22	31249	54
22	31250	54
22	31251	55
22	31252	56
22	31253	56
22	31254	57
22	31255	57
22	31256	57
22	31257	58
22	31258	58
22	31259	58
22	31260	57
22	31261	56
22	31262	55
22	31263	56
22	31264	54
22	31265	55
22	31266	54
22	31267	53
22	31268	52
22	31269	53
22	31270	54
22	31271	56
22	31272	57
22	31273	58
22	31274	58
22	31275	59
22	31276	60
22	31277	61
22	31278	60
22	31279	60
22	31280	60
22	31281	59
22	31282	57
22	31283	56
22	31284	56
22	31285	56
22	31286	58
22	31287	58
22	31288	57
22	31289	57
22	31290	58
22	31291	57
22	31292	56
22	31293	55
22	31294	54
22	31295	52
22	31296	53
22	31297	54
22	31298	55
22	31299	56
22	31300	55
22	31301	55
22	31302	56
22	31303	55
22	31304	55
22	31305	55
22	31306	55
22	31307	55
22	31308	55
22	31309	55
22	31310	55
22	31311	55
22	31312	55
22	31313	55
22	31314	56
22	31315	56
22	31316	55
22	31317	56
22	31318	55
22	31319	53
22	31320	53
22	31321	53
22	31322	53
22	31323	54
22	31324	54
22	31325	56
22	31326	56
22	31327	55
22	31328	54
22	31329	53
22	31330	53
22	31331	52
22	31332	51
22	31333	52
22	31334	52
22	31335	53
22	31336	54
22	31337	54
22	31338	53
22	31339	53
22	31340	53
22	31341	53
22	31342	52
22	31343	52
22	31344	52
22	31345	51
22	31346	51
22	31347	51
22	31348	50
22	31349	50
22	31350	49
22	31351	48
22	31352	47
22	31353	46
22	31354	45
22	31355	46
22	31356	48
22	31357	48
22	31358	49
22	31359	49
22	31360	48
22	31361	46
22	31362	47
22	31363	48
22	31364	47
22	31365	46
22	31366	48
22	31367	48
22	31368	49
22	31369	50
22	31370	52
22	31371	52
22	31372	52
22	31373	51
22	31374	51
22	31375	50
22	31376	50
22	31377	50
22	31378	50
22	31379	50
22	31380	51
22	31381	52
22	31382	51
22	31383	51
22	31384	52
22	31385	52
22	31386	52
22	31387	53
22	31388	53
22	31389	52
22	31390	53
22	31391	53
22	31392	51
22	31393	52
22	31394	53
22	31395	54
22	31396	53
22	31397	53
22	31398	54
22	31399	55
22	31400	53
22	31401	54
22	31402	54
22	31403	54
22	31404	56
22	31405	57
22	31406	58
22	31407	59
22	31408	58
22	31409	58
22	31410	57
22	31411	58
22	31412	59
22	31413	58
22	31414	60
22	31415	61
22	31416	62
22	31417	62
22	31418	63
22	31419	62
22	31420	63
22	31421	62
22	31422	61
22	31423	61
22	31424	60
22	31425	61
22	31426	61
22	31427	63
22	31428	63
22	31429	63
22	31430	61
22	31431	59
22	31432	59
22	31433	58
22	31434	58
22	31435	58
22	31436	58
22	31437	59
22	31438	59
22	31439	59
22	31440	59
22	31441	58
22	31442	59
22	31443	58
22	31444	59
22	31445	58
22	31446	57
22	31447	59
22	31448	60
22	31449	58
22	31450	60
22	31451	59
22	31452	57
22	31453	58
22	31454	59
22	31455	59
22	31456	57
22	31457	56
22	31458	56
22	31459	56
22	31460	57
22	31461	59
22	31462	59
22	31463	59
22	31464	59
22	31465	59
22	31466	60
22	31467	60
22	31468	61
22	31469	61
22	31470	60
22	31471	62
22	31472	62
22	31473	60
22	31474	59
22	31475	60
22	31476	58
22	31477	58
22	31478	57
22	31479	58
22	31480	57
22	31481	57
22	31482	58
22	31483	57
22	31484	58
22	31485	58
22	31486	57
22	31487	57
22	31488	57
22	31489	57
22	31490	57
22	31491	56
22	31492	57
22	31493	59
22	31494	61
22	31495	60
22	31496	60
22	31497	60
22	31498	60
22	31499	61
22	31500	60
22	31501	60
22	31502	60
22	31503	60
22	31504	60
22	31505	60
22	31506	61
22	31507	61
22	31508	60
22	31509	59
22	31510	59
22	31511	58
22	31512	56
22	31513	56
22	31514	57
22	31515	59
22	31516	59
22	31517	57
22	31518	57
22	31519	54
22	31520	54
22	31521	55
22	31522	54
22	31523	53
22	31524	53
22	31525	51
22	31526	50
22	31527	51
22	31528	52
22	31529	51
22	31530	52
22	31531	52
22	31532	52
22	31533	52
22	31534	51
22	31535	50
22	31536	48
22	31537	49
22	31538	49
22	31539	50
22	31540	49
22	31541	48
22	31542	48
22	31543	48
22	31544	48
22	31545	48
22	31546	47
22	31547	46
22	31548	47
22	31549	48
22	31550	46
22	31551	48
22	31552	48
22	31553	48
22	31554	48
22	31555	48
22	31556	47
22	31557	47
22	31558	47
22	31559	47
22	31560	48
22	31561	49
22	31562	49
22	31563	49
22	31564	49
22	31565	49
22	31566	49
22	31567	48
22	31568	47
22	31569	46
22	31570	47
22	31571	47
22	31572	47
22	31573	47
22	31574	47
22	31575	48
22	31576	50
22	31577	50
22	31578	50
22	31579	50
22	31580	51
22	31581	51
22	31582	53
22	31583	54
22	31584	54
22	31585	53
22	31586	53
22	31587	55
22	31588	56
22	31589	54
22	31590	53
22	31591	53
22	31592	54
22	31593	54
22	31594	53
22	31595	53
22	31596	51
22	31597	54
22	31598	55
22	31599	57
22	31600	57
22	31601	57
22	31602	56
22	31603	54
22	31604	55
22	31605	54
22	31606	54
22	31607	55
22	31608	55
22	31609	57
22	31610	57
22	31611	58
22	31612	59
22	31613	59
22	31614	58
22	31615	60
22	31616	59
22	31617	59
22	31618	59
22	31619	59
22	31620	59
22	31621	59
22	31622	59
22	31623	61
22	31624	62
22	31625	63
22	31626	61
22	31627	61
22	31628	61
22	31629	60
22	31630	61
22	31631	60
22	31632	60
22	31633	60
22	31634	59
22	31635	58
22	31636	57
22	31637	56
22	31638	58
22	31639	58
22	31640	59
22	31641	61
22	31642	62
22	31643	62
22	31644	62
22	31645	63
22	31646	64
22	31647	64
22	31648	63
22	31649	62
22	31650	61
22	31651	60
22	31652	61
22	31653	62
22	31654	63
22	31655	62
22	31656	62
22	31657	60
22	31658	61
22	31659	62
22	31660	63
22	31661	65
22	31662	63
22	31663	61
22	31664	60
22	31665	61
22	31666	61
22	31667	60
22	31668	60
22	31669	61
22	31670	61
22	31671	61
22	31672	60
22	31673	59
22	31674	57
22	31675	57
22	31676	57
22	31677	58
22	31678	59
22	31679	58
22	31680	57
22	31681	56
22	31682	56
22	31683	58
22	31684	57
22	31685	58
22	31686	57
22	31687	56
22	31688	56
22	31689	56
22	31690	54
22	31691	55
22	31692	55
22	31693	56
22	31694	56
22	31695	55
22	31696	55
22	31697	56
22	31698	55
22	31699	53
22	31700	53
22	31701	54
22	31702	54
22	31703	54
22	31704	54
22	31705	54
22	31706	56
22	31707	56
22	31708	56
22	31709	55
22	31710	55
22	31711	56
22	31712	57
22	31713	57
22	31714	58
22	31715	58
22	31716	56
22	31717	55
22	31718	55
22	31719	56
22	31720	55
22	31721	56
22	31722	55
22	31723	56
22	31724	58
22	31725	58
22	31726	58
22	31727	58
22	31728	58
22	31729	59
22	31730	58
22	31731	58
22	31732	57
22	31733	55
22	31734	55
22	31735	56
22	31736	54
22	31737	55
22	31738	55
22	31739	56
22	31740	56
22	31741	56
22	31742	57
22	31743	56
22	31744	55
22	31745	55
22	31746	57
22	31747	58
22	31748	58
22	31749	58
22	31750	59
22	31751	59
22	31752	58
22	31753	58
22	31754	58
22	31755	59
22	31756	59
22	31757	59
22	31758	60
22	31759	60
22	31760	61
22	31761	61
22	31762	61
22	31763	63
22	31764	64
22	31765	64
22	31766	65
22	31767	65
22	31768	66
22	31769	66
22	31770	67
22	31771	66
22	31772	65
22	31773	65
22	31774	65
22	31775	65
22	31776	65
22	31777	66
22	31778	66
22	31779	66
22	31780	66
22	31781	64
22	31782	64
22	31783	64
22	31784	65
22	31785	65
22	31786	65
22	31787	64
22	31788	63
22	31789	62
22	31790	62
22	31791	61
22	31792	61
22	31793	60
22	31794	61
22	31795	62
22	31796	61
22	31797	60
22	31798	61
22	31799	60
22	31800	61
22	31801	60
22	31802	59
22	31803	58
22	31804	56
22	31805	56
22	31806	56
22	31807	57
22	31808	58
22	31809	58
22	31810	56
22	31811	55
22	31812	54
22	31813	53
22	31814	52
22	31815	51
22	31816	50
22	31817	49
22	31818	50
22	31819	51
22	31820	51
22	31821	50
22	31822	49
22	31823	49
22	31824	50
22	31825	50
22	31826	51
22	31827	52
22	31828	51
22	31829	50
22	31830	50
22	31831	50
22	31832	49
22	31833	49
22	31834	48
22	31835	47
22	31836	47
22	31837	46
22	31838	44
22	31839	44
22	31840	44
22	31841	44
22	31842	45
22	31843	44
22	31844	42
22	31845	40
22	31846	39
22	31847	40
22	31848	41
22	31849	41
22	31850	42
22	31851	41
22	31852	40
22	31853	39
22	31854	38
22	31855	40
22	31856	41
22	31857	41
22	31858	40
22	31859	41
22	31860	42
22	31861	42
22	31862	42
22	31863	41
22	31864	43
22	31865	44
22	31866	45
22	31867	45
22	31868	45
22	31869	44
22	31870	43
22	31871	43
22	31872	45
22	31873	44
22	31874	45
22	31875	45
22	31876	46
22	31877	46
22	31878	48
22	31879	48
22	31880	49
22	31881	50
22	31882	50
22	31883	50
22	31884	52
22	31885	52
22	31886	52
22	31887	52
22	31888	53
22	31889	52
22	31890	52
22	31891	53
22	31892	53
22	31893	52
22	31894	53
22	31895	52
22	31896	52
22	31897	52
22	31898	52
22	31899	52
22	31900	53
22	31901	52
22	31902	52
22	31903	53
22	31904	54
22	31905	55
22	31906	56
22	31907	56
22	31908	54
22	31909	54
22	31910	54
22	31911	53
22	31912	54
22	31913	54
22	31914	55
22	31915	57
22	31916	56
22	31917	55
22	31918	54
22	31919	54
22	31920	54
22	31921	55
22	31922	56
22	31923	55
22	31924	56
22	31925	55
22	31926	56
22	31927	58
22	31928	58
22	31929	57
22	31930	56
22	31931	56
22	31932	57
22	31933	57
22	31934	57
22	31935	57
22	31936	57
22	31937	59
22	31938	59
22	31939	58
22	31940	57
22	31941	57
22	31942	59
22	31943	59
22	31944	59
22	31945	59
22	31946	58
22	31947	56
22	31948	56
22	31949	56
22	31950	57
22	31951	55
22	31952	56
22	31953	55
22	31954	54
22	31955	53
22	31956	54
22	31957	53
22	31958	53
22	31959	51
22	31960	51
22	31961	51
22	31962	52
22	31963	52
22	31964	52
22	31965	52
22	31966	53
22	31967	53
22	31968	53
22	31969	54
22	31970	55
22	31971	54
22	31972	54
22	31973	53
22	31974	53
22	31975	52
22	31976	53
22	31977	53
22	31978	53
22	31979	52
22	31980	52
22	31981	52
22	31982	53
22	31983	54
22	31984	55
22	31985	54
22	31986	55
22	31987	54
22	31988	55
22	31989	54
22	31990	54
22	31991	54
22	31992	55
22	31993	55
22	31994	55
22	31995	55
22	31996	54
22	31997	52
22	31998	52
22	31999	50
22	32000	51
22	32001	52
22	32002	52
22	32003	52
22	32004	53
22	32005	54
22	32006	55
22	32007	54
22	32008	55
22	32009	54
22	32010	55
22	32011	56
22	32012	56
22	32013	56
22	32014	55
22	32015	56
22	32016	55
22	32017	53
22	32018	54
22	32019	54
22	32020	53
22	32021	53
22	32022	54
22	32023	55
22	32024	53
22	32025	52
22	32026	52
22	32027	52
22	32028	54
22	32029	55
22	32030	57
22	32031	57
22	32032	58
22	32033	59
22	32034	60
22	32035	60
22	32036	61
22	32037	61
22	32038	61
22	32039	61
22	32040	61
22	32041	61
22	32042	61
22	32043	61
22	32044	59
22	32045	59
22	32046	60
22	32047	61
22	32048	61
22	32049	60
22	32050	60
22	32051	59
22	32052	59
22	32053	59
22	32054	61
22	32055	61
22	32056	62
22	32057	61
22	32058	60
22	32059	59
22	32060	61
22	32061	61
22	32062	61
22	32063	61
22	32064	63
22	32065	63
22	32066	64
22	32067	63
22	32068	64
22	32069	64
22	32070	65
22	32071	65
22	32072	65
22	32073	66
22	32074	66
22	32075	65
22	32076	63
22	32077	63
22	32078	63
22	32079	64
22	32080	64
22	32081	64
22	32082	63
22	32083	62
22	32084	64
22	32085	66
22	32086	66
22	32087	65
22	32088	65
22	32089	65
22	32090	65
22	32091	65
22	32092	65
22	32093	65
22	32094	64
22	32095	65
22	32096	66
22	32097	65
22	32098	64
22	32099	64
22	32100	64
22	32101	63
22	32102	62
22	32103	61
22	32104	61
22	32105	62
22	32106	60
22	32107	60
22	32108	59
22	32109	59
22	32110	59
22	32111	60
22	32112	61
22	32113	61
22	32114	62
22	32115	61
22	32116	60
22	32117	59
22	32118	61
22	32119	61
22	32120	60
22	32121	60
22	32122	60
22	32123	61
22	32124	62
22	32125	61
22	32126	62
22	32127	63
22	32128	63
22	32129	62
22	32130	63
22	32131	63
22	32132	63
22	32133	64
22	32134	64
22	32135	63
22	32136	63
22	32137	64
22	32138	64
22	32139	63
22	32140	62
22	32141	60
22	32142	59
22	32143	60
22	32144	60
22	32145	59
22	32146	60
22	32147	60
22	32148	61
22	32149	63
22	32150	63
22	32151	63
22	32152	62
22	32153	62
22	32154	61
22	32155	61
22	32156	60
22	32157	62
22	32158	62
22	32159	62
22	32160	60
22	32161	59
22	32162	58
22	32163	58
22	32164	58
22	32165	57
22	32166	58
22	32167	60
22	32168	59
22	32169	59
22	32170	60
22	32171	60
22	32172	61
22	32173	62
22	32174	64
22	32175	64
22	32176	64
22	32177	64
22	32178	63
22	32179	64
22	32180	62
22	32181	62
22	32182	62
22	32183	62
22	32184	61
22	32185	61
22	32186	59
22	32187	59
22	32188	60
22	32189	59
22	32190	60
22	32191	61
22	32192	62
22	32193	60
22	32194	61
22	32195	62
22	32196	62
22	32197	62
22	32198	61
22	32199	59
22	32200	60
22	32201	59
22	32202	58
22	32203	57
22	32204	57
22	32205	55
22	32206	55
22	32207	55
22	32208	55
22	32209	56
22	32210	56
22	32211	56
22	32212	55
22	32213	55
22	32214	56
22	32215	55
22	32216	55
22	32217	54
22	32218	52
22	32219	51
22	32220	51
22	32221	50
22	32222	50
22	32223	48
22	32224	46
22	32225	46
22	32226	46
22	32227	46
22	32228	45
22	32229	44
22	32230	44
22	32231	44
22	32232	43
22	32233	42
22	32234	40
22	32235	40
22	32236	39
22	32237	39
22	32238	39
22	32239	39
22	32240	39
22	32241	37
22	32242	35
22	32243	35
22	32244	34
22	32245	32
22	32246	31
22	32247	30
22	32248	28
22	32249	27
22	32250	26
22	32251	26
22	32252	26
22	32253	26
22	32254	24
22	32255	24
22	32256	23
22	32257	23
22	32258	22
22	32259	22
22	32260	21
22	32261	21
22	32262	20
22	32263	19
22	32264	19
22	32265	18
22	32266	17
22	32267	16
22	32268	16
22	32269	15
22	32270	14
22	32271	13
22	32272	13
22	32273	13
22	32274	13
22	32275	12
22	32276	12
22	32277	12
22	32278	12
22	32279	11
22	32280	11
22	32281	9
22	32282	8
22	32283	7
22	32284	6
22	32285	6
22	32286	4
22	32287	4
22	32288	2
22	32289	1
22	32290	1
22	32291	1
22	32292	1
22	32293	1
22	32294	1
22	32295	1
22	32296	1
22	32297	2
22	32298	2
22	32299	2
22	32300	4
22	32301	5
22	32302	4
22	32303	5
22	32304	6
22	32305	7
22	32306	8
22	32307	9
22	32308	10
22	32309	11
22	32310	11
22	32311	11
22	32312	12
22	32313	14
22	32314	14
22	32315	14
22	32316	14
22	32317	15
22	32318	15
22	32319	15
22	32320	15
22	32321	16
22	32322	17
22	32323	18
22	32324	19
22	32325	19
22	32326	19
22	32327	19
22	32328	19
22	32329	19
22	32330	19
22	32331	19
22	32332	19
22	32333	19
22	32334	19
22	32335	19
22	32336	19
22	32337	19
22	32338	19
22	32339	19
22	32340	21
22	32341	22
22	32342	23
22	32343	24
22	32344	25
22	32345	27
22	32346	27
22	32347	27
22	32348	27
22	32349	27
22	32350	27
22	32351	27
22	32352	27
22	32353	28
22	32354	30
22	32355	30
22	32356	30
22	32357	30
22	32358	30
22	32359	30
22	32360	30
22	32361	30
22	32362	30
22	32363	30
22	32364	31
22	32365	33
22	32366	34
22	32367	35
22	32368	36
22	32369	37
22	32370	37
22	32371	37
22	32372	36
22	32373	37
22	32374	39
22	32375	38
22	32376	37
22	32377	37
22	32378	37
22	32379	36
22	32380	36
22	32381	35
22	32382	34
22	32383	33
22	32384	32
22	32385	32
22	32386	32
22	32387	31
22	32388	29
22	32389	30
22	32390	31
22	32391	32
22	32392	31
22	32393	33
22	32394	34
22	32395	36
22	32396	36
22	32397	35
22	32398	35
22	32399	35
22	32400	36
22	32401	37
22	32402	38
22	32403	38
22	32404	39
22	32405	39
22	32406	40
22	32407	40
22	32408	40
22	32409	41
22	32410	43
22	32411	43
22	32412	43
22	32413	43
22	32414	44
22	32415	42
22	32416	41
22	32417	40
22	32418	41
22	32419	41
22	32420	39
22	32421	39
22	32422	39
22	32423	40
22	32424	41
22	32425	42
22	32426	42
22	32427	42
22	32428	43
22	32429	42
22	32430	44
22	32431	45
22	32432	46
22	32433	48
22	32434	49
22	32435	50
22	32436	51
22	32437	52
22	32438	53
22	32439	54
22	32440	53
22	32441	54
22	32442	55
22	32443	54
22	32444	56
22	32445	56
22	32446	56
22	32447	56
22	32448	55
22	32449	53
22	32450	54
22	32451	54
22	32452	54
22	32453	53
22	32454	54
22	32455	53
22	32456	54
22	32457	54
22	32458	54
22	32459	55
22	32460	56
22	32461	56
22	32462	57
22	32463	57
22	32464	56
22	32465	56
22	32466	56
22	32467	56
22	32468	56
22	32469	57
22	32470	55
22	32471	55
22	32472	55
22	32473	56
22	32474	56
22	32475	55
22	32476	54
22	32477	53
22	32478	54
22	32479	53
22	32480	54
22	32481	53
22	32482	53
22	32483	54
22	32484	54
22	32485	52
22	32486	52
22	32487	52
22	32488	52
22	32489	52
22	32490	52
22	32491	52
22	32492	51
22	32493	50
22	32494	50
22	32495	50
22	32496	52
22	32497	53
22	32498	51
22	32499	50
22	32500	51
22	32501	52
22	32502	52
22	32503	50
22	32504	52
22	32505	51
22	32506	50
22	32507	49
22	32508	48
22	32509	49
22	32510	48
22	32511	48
22	32512	50
22	32513	51
22	32514	50
22	32515	50
22	32516	49
22	32517	50
22	32518	51
22	32519	50
22	32520	51
22	32521	51
22	32522	51
22	32523	52
22	32524	52
22	32525	51
22	32526	52
22	32527	51
22	32528	52
22	32529	52
22	32530	54
22	32531	54
22	32532	54
22	32533	55
22	32534	56
22	32535	56
22	32536	56
22	32537	55
22	32538	56
22	32539	56
22	32540	56
22	32541	56
22	32542	57
22	32543	55
22	32544	54
22	32545	54
22	32546	54
22	32547	55
22	32548	54
22	32549	54
22	32550	54
22	32551	54
22	32552	54
22	32553	55
22	32554	55
22	32555	54
22	32556	55
22	32557	56
22	32558	56
22	32559	55
22	32560	56
22	32561	58
22	32562	58
22	32563	59
22	32564	59
22	32565	59
22	32566	61
22	32567	61
22	32568	62
22	32569	62
22	32570	61
22	32571	59
22	32572	59
22	32573	60
22	32574	60
22	32575	59
22	32576	58
22	32577	58
22	32578	58
22	32579	56
22	32580	55
22	32581	56
22	32582	57
22	32583	56
22	32584	55
22	32585	56
22	32586	57
22	32587	57
22	32588	55
22	32589	57
22	32590	58
22	32591	58
22	32592	57
22	32593	56
22	32594	55
22	32595	55
22	32596	55
22	32597	55
22	32598	53
22	32599	53
22	32600	54
22	32601	53
22	32602	53
22	32603	53
22	32604	53
22	32605	52
22	32606	52
22	32607	52
22	32608	51
22	32609	51
22	32610	50
22	32611	52
22	32612	52
22	32613	51
22	32614	50
22	32615	50
22	32616	49
22	32617	51
22	32618	52
22	32619	54
22	32620	54
22	32621	54
22	32622	54
22	32623	53
22	32624	52
22	32625	52
22	32626	53
22	32627	53
22	32628	52
22	32629	53
22	32630	53
22	32631	52
22	32632	51
22	32633	50
22	32634	51
22	32635	51
22	32636	50
22	32637	49
22	32638	50
22	32639	50
22	32640	49
22	32641	48
22	32642	48
22	32643	47
22	32644	47
22	32645	50
22	32646	50
22	32647	50
22	32648	51
22	32649	51
22	32650	51
22	32651	50
22	32652	51
22	32653	52
22	32654	52
22	32655	52
22	32656	51
22	32657	52
22	32658	52
22	32659	53
22	32660	53
22	32661	53
22	32662	55
22	32663	56
22	32664	54
22	32665	53
22	32666	54
22	32667	54
22	32668	57
22	32669	59
22	32670	58
22	32671	59
22	32672	60
22	32673	60
22	32674	60
22	32675	60
22	32676	59
22	32677	60
22	32678	59
22	32679	58
22	32680	57
22	32681	56
22	32682	55
22	32683	56
22	32684	57
22	32685	57
22	32686	56
22	32687	56
22	32688	57
22	32689	59
22	32690	60
22	32691	60
22	32692	60
22	32693	60
22	32694	59
22	32695	59
22	32696	60
22	32697	60
22	32698	60
22	32699	62
22	32700	62
22	32701	61
22	32702	61
22	32703	61
22	32704	60
22	32705	60
22	32706	60
22	32707	61
22	32708	62
22	32709	61
22	32710	60
22	32711	61
22	32712	60
22	32713	59
22	32714	59
22	32715	59
22	32716	57
22	32717	57
22	32718	58
22	32719	58
22	32720	58
22	32721	59
22	32722	59
22	32723	57
22	32724	58
22	32725	59
22	32726	59
22	32727	58
22	32728	57
22	32729	57
22	32730	57
22	32731	58
22	32732	58
22	32733	57
22	32734	56
22	32735	56
22	32736	57
22	32737	56
22	32738	56
22	32739	57
22	32740	57
22	32741	56
22	32742	57
22	32743	57
22	32744	55
22	32745	57
22	32746	58
22	32747	57
22	32748	57
22	32749	57
22	32750	55
22	32751	54
22	32752	53
22	32753	52
22	32754	51
22	32755	51
22	32756	51
22	32757	52
22	32758	52
22	32759	53
22	32760	54
22	32761	54
22	32762	54
22	32763	53
22	32764	53
22	32765	54
22	32766	54
22	32767	52
22	32768	52
22	32769	53
22	32770	53
22	32771	52
22	32772	51
22	32773	53
22	32774	53
22	32775	53
22	32776	54
22	32777	56
22	32778	56
22	32779	56
22	32780	56
22	32781	57
22	32782	57
22	32783	58
22	32784	58
22	32785	58
22	32786	57
22	32787	57
22	32788	56
22	32789	56
22	32790	57
22	32791	57
22	32792	59
22	32793	58
22	32794	58
22	32795	58
22	32796	57
22	32797	57
22	32798	57
22	32799	57
22	32800	57
22	32801	58
22	32802	59
22	32803	61
22	32804	60
22	32805	60
22	32806	60
22	32807	60
22	32808	60
22	32809	61
22	32810	61
22	32811	60
22	32812	60
22	32813	58
22	32814	58
22	32815	59
22	32816	60
22	32817	59
22	32818	58
22	32819	58
22	32820	57
22	32821	55
22	32822	55
22	32823	54
22	32824	54
22	32825	53
22	32826	53
22	32827	53
22	32828	53
22	32829	54
22	32830	54
22	32831	52
22	32832	51
22	32833	52
22	32834	51
22	32835	50
22	32836	51
22	32837	53
22	32838	53
22	32839	52
22	32840	51
22	32841	53
22	32842	54
22	32843	54
22	32844	53
22	32845	52
22	32846	52
22	32847	52
22	32848	50
22	32849	48
22	32850	48
22	32851	47
22	32852	46
22	32853	46
22	32854	46
22	32855	46
22	32856	45
22	32857	47
22	32858	47
22	32859	47
22	32860	47
22	32861	47
22	32862	48
22	32863	48
22	32864	48
22	32865	47
22	32866	47
22	32867	45
22	32868	47
22	32869	47
22	32870	47
22	32871	48
22	32872	47
22	32873	46
22	32874	45
22	32875	46
22	32876	47
22	32877	47
22	32878	45
22	32879	45
22	32880	44
22	32881	43
22	32882	43
22	32883	45
22	32884	45
22	32885	45
22	32886	45
22	32887	44
22	32888	45
22	32889	46
22	32890	45
22	32891	43
22	32892	44
22	32893	45
22	32894	45
22	32895	44
22	32896	44
22	32897	44
22	32898	44
22	32899	45
22	32900	47
22	32901	47
22	32902	47
22	32903	48
22	32904	48
22	32905	48
22	32906	49
22	32907	50
22	32908	49
22	32909	50
22	32910	51
22	32911	52
22	32912	51
22	32913	50
22	32914	50
22	32915	51
22	32916	51
22	32917	52
22	32918	51
22	32919	51
22	32920	51
22	32921	50
22	32922	50
22	32923	50
22	32924	50
22	32925	51
22	32926	52
22	32927	51
22	32928	53
22	32929	54
22	32930	56
22	32931	56
22	32932	55
22	32933	54
22	32934	55
22	32935	55
22	32936	56
22	32937	55
22	32938	55
22	32939	56
22	32940	58
22	32941	58
22	32942	60
22	32943	58
22	32944	58
22	32945	58
22	32946	56
22	32947	58
22	32948	58
22	32949	58
22	32950	57
22	32951	55
22	32952	55
22	32953	56
22	32954	57
22	32955	58
22	32956	58
22	32957	59
22	32958	58
22	32959	58
22	32960	58
22	32961	57
22	32962	58
22	32963	59
22	32964	59
22	32965	60
22	32966	61
22	32967	60
22	32968	61
22	32969	61
22	32970	62
22	32971	63
22	32972	63
22	32973	62
22	32974	61
22	32975	60
22	32976	60
22	32977	60
22	32978	59
22	32979	59
22	32980	59
22	32981	59
22	32982	59
22	32983	61
22	32984	62
22	32985	62
22	32986	61
22	32987	62
22	32988	62
22	32989	63
22	32990	63
22	32991	62
22	32992	61
22	32993	61
22	32994	60
22	32995	61
22	32996	62
22	32997	61
22	32998	61
22	32999	61
22	33000	61
22	33001	60
22	33002	60
22	33003	58
22	33004	57
22	33005	56
22	33006	57
22	33007	58
22	33008	58
22	33009	58
22	33010	59
22	33011	58
22	33012	58
22	33013	58
22	33014	57
22	33015	56
22	33016	56
22	33017	54
22	33018	55
22	33019	55
22	33020	54
22	33021	55
22	33022	54
22	33023	53
22	33024	54
22	33025	55
22	33026	54
22	33027	53
22	33028	52
22	33029	51
22	33030	51
22	33031	52
22	33032	51
22	33033	50
22	33034	51
22	33035	51
22	33036	52
22	33037	52
22	33038	52
22	33039	52
22	33040	53
22	33041	52
22	33042	53
22	33043	52
22	33044	53
22	33045	53
22	33046	54
22	33047	53
22	33048	55
22	33049	55
22	33050	56
22	33051	55
22	33052	55
22	33053	55
22	33054	55
22	33055	54
22	33056	53
22	33057	53
22	33058	51
22	33059	50
22	33060	48
22	33061	46
22	33062	46
22	33063	45
22	33064	45
22	33065	45
22	33066	46
22	33067	47
22	33068	47
22	33069	49
22	33070	48
22	33071	49
22	33072	51
22	33073	53
22	33074	55
22	33075	54
22	33076	54
22	33077	55
22	33078	53
22	33079	53
22	33080	52
22	33081	52
22	33082	51
22	33083	52
22	33084	52
22	33085	52
22	33086	52
22	33087	52
22	33088	52
22	33089	53
22	33090	52
22	33091	53
22	33092	55
22	33093	54
22	33094	55
22	33095	56
22	33096	55
22	33097	54
22	33098	55
22	33099	54
22	33100	54
22	33101	54
22	33102	54
22	33103	54
22	33104	54
22	33105	56
22	33106	56
22	33107	56
22	33108	57
22	33109	57
22	33110	57
22	33111	58
22	33112	58
22	33113	57
22	33114	57
22	33115	57
22	33116	57
22	33117	57
22	33118	57
22	33119	56
22	33120	55
22	33121	53
22	33122	53
22	33123	53
22	33124	53
22	33125	55
22	33126	56
22	33127	55
22	33128	56
22	33129	56
22	33130	56
22	33131	57
22	33132	55
22	33133	57
22	33134	58
22	33135	59
22	33136	59
22	33137	58
22	33138	59
22	33139	59
22	33140	58
22	33141	57
22	33142	56
22	33143	56
22	33144	54
22	33145	55
22	33146	54
22	33147	53
22	33148	51
22	33149	50
22	33150	51
22	33151	51
22	33152	50
22	33153	52
22	33154	53
22	33155	53
22	33156	53
22	33157	54
22	33158	53
22	33159	53
22	33160	53
22	33161	54
22	33162	55
22	33163	55
22	33164	56
22	33165	58
22	33166	56
22	33167	54
22	33168	55
22	33169	54
22	33170	54
22	33171	55
22	33172	56
22	33173	55
22	33174	56
22	33175	55
22	33176	55
22	33177	55
22	33178	55
22	33179	57
22	33180	58
22	33181	57
22	33182	58
22	33183	58
22	33184	58
22	33185	57
22	33186	57
22	33187	55
22	33188	56
22	33189	56
22	33190	56
22	33191	56
22	33192	57
22	33193	57
22	33194	58
22	33195	58
22	33196	58
22	33197	59
22	33198	58
22	33199	58
22	33200	56
22	33201	55
22	33202	56
22	33203	57
22	33204	57
22	33205	57
22	33206	56
22	33207	58
22	33208	56
22	33209	55
22	33210	55
22	33211	57
22	33212	57
22	33213	56
22	33214	56
22	33215	56
22	33216	56
22	33217	57
22	33218	58
22	33219	59
22	33220	59
22	33221	59
22	33222	59
22	33223	59
22	33224	60
22	33225	59
22	33226	59
22	33227	60
22	33228	57
22	33229	57
22	33230	57
22	33231	59
22	33232	58
22	33233	58
22	33234	57
22	33235	57
22	33236	57
22	33237	58
22	33238	57
22	33239	56
22	33240	56
22	33241	57
22	33242	58
22	33243	57
22	33244	58
22	33245	58
22	33246	57
22	33247	56
22	33248	55
22	33249	55
22	33250	56
22	33251	56
22	33252	56
22	33253	56
22	33254	55
22	33255	55
22	33256	56
22	33257	57
22	33258	57
22	33259	58
22	33260	58
22	33261	54
22	33262	54
22	33263	53
22	33264	53
22	33265	54
22	33266	54
22	33267	54
22	33268	53
22	33269	53
22	33270	53
22	33271	53
22	33272	52
22	33273	52
22	33274	52
22	33275	52
22	33276	51
22	33277	50
22	33278	49
22	33279	49
22	33280	50
22	33281	51
22	33282	51
22	33283	51
22	33284	51
22	33285	51
22	33286	49
22	33287	50
22	33288	49
22	33289	48
22	33290	49
22	33291	50
22	33292	51
22	33293	50
22	33294	50
22	33295	49
22	33296	50
22	33297	49
22	33298	49
22	33299	48
22	33300	47
22	33301	48
22	33302	50
22	33303	51
22	33304	50
22	33305	49
22	33306	49
22	33307	49
22	33308	51
22	33309	53
22	33310	53
22	33311	52
22	33312	50
22	33313	50
22	33314	51
22	33315	52
22	33316	51
22	33317	51
22	33318	51
22	33319	51
22	33320	50
22	33321	51
22	33322	52
22	33323	53
22	33324	52
22	33325	53
22	33326	53
22	33327	52
22	33328	53
22	33329	55
22	33330	55
22	33331	54
22	33332	54
22	33333	54
22	33334	53
22	33335	55
22	33336	57
22	33337	57
22	33338	58
22	33339	60
22	33340	60
22	33341	61
22	33342	61
22	33343	62
22	33344	61
22	33345	61
22	33346	62
22	33347	62
22	33348	63
22	33349	64
22	33350	64
22	33351	66
22	33352	66
22	33353	66
22	33354	66
22	33355	65
22	33356	65
22	33357	64
22	33358	65
22	33359	64
22	33360	64
22	33361	65
22	33362	64
22	33363	64
22	33364	65
22	33365	65
22	33366	65
22	33367	63
22	33368	64
22	33369	64
22	33370	64
22	33371	64
22	33372	65
22	33373	65
22	33374	65
22	33375	66
22	33376	65
22	33377	65
22	33378	65
22	33379	65
22	33380	66
22	33381	66
22	33382	67
22	33383	65
22	33384	65
22	33385	64
22	33386	64
22	33387	64
22	33388	64
22	33389	64
22	33390	64
22	33391	65
22	33392	64
22	33393	64
22	33394	64
22	33395	64
22	33396	64
22	33397	64
22	33398	63
22	33399	62
22	33400	63
22	33401	64
22	33402	66
22	33403	67
22	33404	67
22	33405	67
22	33406	69
22	33407	70
22	33408	70
22	33409	70
22	33410	69
22	33411	67
22	33412	66
22	33413	66
22	33414	64
22	33415	63
22	33416	64
22	33417	63
22	33418	62
22	33419	62
22	33420	63
22	33421	63
22	33422	63
22	33423	64
22	33424	63
22	33425	62
22	33426	60
22	33427	60
22	33428	60
22	33429	60
22	33430	60
22	33431	60
22	33432	60
22	33433	60
22	33434	61
22	33435	61
22	33436	61
22	33437	62
22	33438	63
22	33439	64
22	33440	63
22	33441	62
22	33442	63
22	33443	62
22	33444	61
22	33445	61
22	33446	59
22	33447	58
22	33448	60
22	33449	61
22	33450	61
22	33451	62
22	33452	62
22	33453	62
22	33454	62
22	33455	63
22	33456	62
22	33457	60
22	33458	61
22	33459	59
22	33460	60
22	33461	60
22	33462	60
22	33463	61
22	33464	60
22	33465	61
22	33466	60
22	33467	61
22	33468	61
22	33469	60
22	33470	60
22	33471	60
22	33472	59
22	33473	59
22	33474	60
22	33475	60
22	33476	60
22	33477	61
22	33478	60
22	33479	59
22	33480	58
22	33481	58
22	33482	58
22	33483	58
22	33484	58
22	33485	58
22	33486	58
22	33487	59
22	33488	58
22	33489	58
22	33490	59
22	33491	60
22	33492	59
22	33493	59
22	33494	59
22	33495	60
22	33496	59
22	33497	58
22	33498	56
22	33499	55
22	33500	55
22	33501	57
22	33502	57
22	33503	56
22	33504	56
22	33505	55
22	33506	56
22	33507	56
22	33508	56
22	33509	56
22	33510	58
22	33511	57
22	33512	56
22	33513	56
22	33514	55
22	33515	55
22	33516	56
22	33517	55
22	33518	55
22	33519	55
22	33520	56
22	33521	57
22	33522	58
22	33523	58
22	33524	56
22	33525	58
22	33526	57
22	33527	58
22	33528	58
22	33529	58
22	33530	58
22	33531	58
22	33532	59
22	33533	59
22	33534	59
22	33535	58
22	33536	61
22	33537	62
22	33538	62
22	33539	63
22	33540	62
22	33541	63
22	33542	61
22	33543	61
22	33544	62
22	33545	62
22	33546	61
22	33547	61
22	33548	63
22	33549	63
22	33550	61
22	33551	60
22	33552	59
22	33553	59
22	33554	61
22	33555	61
22	33556	60
22	33557	61
22	33558	60
