22	15610	1
22	15611	1
22	15612	1
22	15613	1
22	15614	2
22	15615	2
22	15616	2
22	15617	2
22	15618	2
22	15619	2
22	15620	2
22	15621	2
22	15622	2
22	15623	2
22	15624	2
22	15625	2
22	15626	2
22	15627	2
22	15628	2
22	15629	2
22	15630	2
22	15631	2
22	15632	2
22	15633	3
22	15634	3
22	15635	3
22	15636	3
22	15637	3
22	15638	3
22	15639	3
22	15640	3
22	15641	3
22	15642	3
22	15643	3
22	15644	3
22	15645	3
22	15646	4
22	15647	4
22	15648	4
22	15649	4
22	15650	4
22	15651	4
22	15652	4
22	15653	4
22	15654	4
22	15655	4
22	15656	4
22	15657	4
22	15658	4
22	15659	4
22	15660	4
22	15661	4
22	15662	4
22	15663	4
22	15664	4
22	15665	4
22	15666	4
22	15667	4
22	15668	4
22	15669	4
22	15670	4
22	15671	4
22	15672	4
22	15673	4
22	15674	4
22	15675	4
22	15676	4
22	15677	4
22	15678	4
22	15679	4
22	15680	4
22	15681	4
22	15682	4
22	15683	4
22	15684	4
22	15685	3
22	15686	3
22	15687	3
22	15688	3
22	15689	3
22	15690	3
22	15691	3
22	15692	3
22	15693	3
22	15694	3
22	15695	3
22	15696	3
22	15697	3
22	15698	3
22	15699	3
22	15700	3
22	15701	3
22	15702	3
22	15703	3
22	15704	2
22	15705	2
22	15706	2
22	15707	2
22	15708	2
22	15709	2
22	15710	2
22	15711	2
22	15712	2
22	15713	2
22	15714	2
22	15715	2
22	15716	2
22	15717	2
22	15718	2
22	15719	2
22	15720	2
22	15721	1
22	15722	1
22	15723	1
22	15724	1
22	15725	1
22	15726	1
22	15727	1
22	15728	1
22	15729	1
22	15730	1
22	15731	1
22	15732	1
22	15733	1
22	15734	1
22	15735	1
22	15736	1
22	15737	1
22	15738	1
22	15739	1
22	15740	1
22	15741	1
22	15742	1
22	15743	1
22	15744	1
22	15745	1
22	15746	1
22	15747	1
22	15748	1
22	15749	2
22	15750	2
22	15751	2
22	15752	2
22	15753	2
22	15754	2
22	15755	2
22	15756	3
22	15757	3
22	15758	3
22	15759	3
22	15760	3
22	15761	3
22	15762	3
22	15763	3
22	15764	2
22	15765	2
22	15766	2
22	15767	2
22	15768	2
22	15769	2
22	15770	2
22	15771	2
22	15772	2
22	15773	2
22	15774	2
22	15775	2
22	15776	2
22	15777	2
22	15778	2
22	15779	2
22	15780	2
22	15781	2
22	15782	2
22	15783	2
22	15784	2
22	15785	2
22	15786	2
22	15787	2
22	15788	3
22	15789	3
22	15790	3
22	15791	3
22	15792	3
22	15793	3
22	15794	3
22	15795	3
22	15796	3
22	15797	3
22	15798	3
22	15799	3
22	15800	3
22	15801	3
22	15802	3
22	15803	3
22	15804	3
22	15805	3
22	15806	3
22	15807	3
22	15808	3
22	15809	3
22	15810	3
22	15811	3
22	15812	3
22	15813	3
22	15814	3
22	15815	3
22	15816	3
22	15817	3
22	15818	3
22	15819	3
22	15820	3
22	15821	3
22	15822	3
22	15823	3
22	15824	3
22	15825	3
22	15826	3
22	15827	3
22	15828	3
22	15829	3
22	15830	3
22	15831	2
22	15832	2
22	15833	2
22	15834	3
22	15835	3
22	15836	3
22	15837	3
22	15838	3
22	15839	3
22	15840	3
22	15841	3
22	15842	3
22	15843	3
22	15844	3
22	15845	3
22	15846	3
22	15847	3
22	15848	3
22	15849	3
22	15850	3
22	15851	3
22	15852	3
22	15853	3
22	15854	3
22	15855	3
22	15856	3
22	15857	3
22	15858	3
22	15859	3
22	15860	3
22	15861	3
22	15862	3
22	15863	2
22	15864	2
22	15865	2
22	15866	2
22	15867	2
22	15868	2
22	15869	2
22	15870	2
22	15871	2
22	15872	2
22	15873	2
22	15874	2
22	15875	1
22	15876	1
22	15877	1
22	15878	1
22	15879	1
22	15880	1
22	15881	1
22	15882	1
22	15883	1
22	15884	1
22	15885	1
22	15886	1
22	15887	1
22	15888	1
22	15889	1
22	15890	1
22	15891	1
22	15892	1
22	15893	1
22	15894	1
22	15895	1
22	15896	1
22	15897	1
22	15898	1
22	15899	1
22	15900	1
22	15901	1
22	15902	1
22	15903	1
22	15904	1
22	15905	1
22	15906	1
22	15907	1
22	15908	1
22	15909	1
22	15910	1
22	15911	1
22	15912	1
22	15913	1
22	15914	1
22	15915	1
22	15916	1
22	15917	1
22	15918	1
22	15919	1
22	15920	1
22	15921	1
22	15922	1
22	15923	1
22	16007	1
22	16008	1
22	16009	1
22	16010	1
22	16011	1
22	16012	1
22	16013	1
22	16014	1
22	16015	1
22	16016	2
22	16017	2
22	16018	2
22	16019	2
22	16020	2
22	16021	2
22	16022	2
22	16023	2
22	16024	2
22	16025	2
22	16026	2
22	16027	2
22	16028	2
22	16029	2
22	16030	2
22	16031	2
22	16032	2
22	16033	2
22	16034	2
22	16035	2
22	16036	2
22	16037	2
22	16038	2
22	16039	2
22	16040	2
22	16041	2
22	16042	2
22	16043	2
22	16044	2
22	16045	2
22	16046	2
22	16047	2
22	16048	2
22	16049	2
22	16050	2
22	16051	2
22	16052	2
22	16053	2
22	16054	2
22	16055	2
22	16056	2
22	16057	2
22	16058	2
22	16059	2
22	16060	2
22	16061	2
22	16062	2
22	16063	2
22	16064	2
22	16065	2
22	16066	2
22	16067	2
22	16068	2
22	16069	2
22	16070	2
22	16071	2
22	16072	2
22	16073	2
22	16074	2
22	16075	2
22	16076	2
22	16077	2
22	16078	2
22	16079	2
22	16080	2
22	16081	2
22	16082	1
22	16083	1
22	16084	1
22	16085	1
22	16086	1
22	16087	1
22	16088	1
22	16089	1
22	16090	1
22	16116	1
22	16117	1
22	16118	1
22	16119	1
22	16120	2
22	16121	2
22	16122	2
22	16123	2
22	16124	2
22	16125	2
22	16126	2
22	16127	2
22	16128	2
22	16129	2
22	16130	2
22	16131	2
22	16132	2
22	16133	2
22	16134	2
22	16135	2
22	16136	2
22	16137	2
22	16138	2
22	16139	2
22	16140	2
22	16141	2
22	16142	2
22	16143	2
22	16144	2
22	16145	2
22	16146	2
22	16147	2
22	16148	2
22	16149	2
22	16150	2
22	16151	2
22	16152	2
22	16153	2
22	16154	2
22	16155	2
22	16156	2
22	16157	2
22	16158	2
22	16159	2
22	16160	2
22	16161	2
22	16162	2
22	16163	2
22	16164	2
22	16165	2
22	16166	2
22	16167	2
22	16168	2
22	16169	2
22	16170	2
22	16171	2
22	16172	2
22	16173	2
22	16174	2
22	16175	2
22	16176	2
22	16177	2
22	16178	2
22	16179	2
22	16180	2
22	16181	2
22	16182	2
22	16183	2
22	16184	2
22	16185	2
22	16186	2
22	16187	2
22	16188	2
22	16189	2
22	16190	2
22	16191	2
22	16192	2
22	16193	2
22	16194	2
22	16195	1
22	16196	1
22	16197	1
22	16198	1
22	16199	1
22	16200	1
22	16201	1
22	16202	1
22	16203	1
22	16204	1
22	16205	1
22	16206	1
22	16207	1
22	16208	1
22	16209	1
22	16210	1
22	16211	1
22	16212	1
22	16213	1
22	16214	1
22	16249	1
22	16250	1
22	16251	1
22	16252	1
22	16253	1
22	16254	1
22	16255	1
22	16256	1
22	16257	1
22	16258	1
22	16259	1
22	16260	1
22	16261	1
22	16262	1
22	16263	1
22	16264	1
22	16265	1
22	16266	1
22	16267	1
22	16268	1
22	16269	1
22	16270	1
22	16271	1
22	16272	1
22	16273	1
22	16274	1
22	16275	1
22	16276	1
22	16277	1
22	16278	2
22	16279	3
22	16280	3
22	16281	3
22	16282	3
22	16283	3
22	16284	3
22	16285	3
22	16286	3
22	16287	3
22	16288	3
22	16289	3
22	16290	3
22	16291	3
22	16292	3
22	16293	3
22	16294	3
22	16295	3
22	16296	3
22	16297	3
22	16298	3
22	16299	3
22	16300	3
22	16301	3
22	16302	3
22	16303	3
22	16304	3
22	16305	3
22	16306	3
22	16307	3
22	16308	3
22	16309	3
22	16310	3
22	16311	3
22	16312	3
22	16313	3
22	16314	3
22	16315	3
22	16316	3
22	16317	3
22	16318	3
22	16319	3
22	16320	3
22	16321	3
22	16322	3
22	16323	3
22	16324	3
22	16325	3
22	16326	3
22	16327	3
22	16328	3
22	16329	3
22	16330	3
22	16331	3
22	16332	3
22	16333	3
22	16334	3
22	16335	3
22	16336	3
22	16337	3
22	16338	3
22	16339	3
22	16340	3
22	16341	3
22	16342	3
22	16343	3
22	16344	2
22	16345	2
22	16346	2
22	16347	2
22	16348	2
22	16349	2
22	16350	2
22	16351	2
22	16352	2
22	16353	2
22	16354	2
22	16355	2
22	16356	2
22	16357	2
22	16358	2
22	16359	2
22	16360	2
22	16361	2
22	16362	1
22	16420	1
22	16421	1
22	16422	1
22	16423	1
22	16424	1
22	16425	1
22	16426	1
22	16427	1
22	16428	1
22	16429	1
22	16430	1
22	16431	1
22	16432	1
22	16433	1
22	16434	1
22	16435	1
22	16436	1
22	16437	1
22	16438	1
22	16439	1
22	16440	1
22	16441	1
22	16442	1
22	16443	1
22	16444	1
22	16445	1
22	16446	1
22	16447	1
22	16448	1
22	16449	1
22	16450	1
22	16451	1
22	16452	1
22	16453	1
22	16454	1
22	16455	1
22	16456	1
22	16457	1
22	16458	1
22	16459	1
22	16460	1
22	16461	1
22	16462	1
22	16463	1
22	16464	1
22	16465	1
22	16466	1
22	16467	1
22	16468	1
22	16469	1
22	16470	1
22	16471	1
22	16472	1
22	16473	1
22	16474	1
22	16475	1
22	16476	1
22	16477	1
22	16478	1
22	16479	1
22	16480	1
22	16481	1
22	16482	1
22	16483	1
22	16484	1
22	16485	1
22	16486	1
22	16487	1
22	16488	1
22	16489	1
22	16490	1
22	16491	1
22	16492	1
22	16493	1
22	16494	1
22	16495	1
22	16496	1
22	16497	1
22	16498	1
22	16499	1
22	16500	1
22	16501	1
22	16502	1
22	16503	1
22	16504	1
22	16505	1
22	16506	1
22	16507	1
22	16508	1
22	16509	1
22	16510	1
22	16511	1
22	16512	1
22	16513	1
22	16514	1
22	16515	1
22	16516	1
22	16517	1
22	16518	1
22	16519	1
22	16520	1
22	16521	1
22	16522	1
22	16523	1
22	16524	1
22	16525	1
22	16526	1
22	16527	1
22	16528	1
22	16529	1
22	16530	1
22	16531	1
22	16532	1
22	16533	1
22	16534	1
22	16535	1
22	16536	1
22	16537	2
22	16538	2
22	16539	2
22	16540	2
22	16541	2
22	16542	2
22	16543	2
22	16544	2
22	16545	2
22	16546	2
22	16547	2
22	16548	2
22	16549	2
22	16550	2
22	16551	2
22	16552	2
22	16553	2
22	16554	2
22	16555	2
22	16556	2
22	16557	1
22	16558	1
22	16559	1
22	16560	1
22	16561	1
22	16562	1
22	16563	1
22	16564	1
22	16565	1
22	16566	1
22	16567	1
22	16568	1
22	16569	1
22	16570	1
22	16571	1
22	16572	2
22	16573	2
22	16574	2
22	16575	2
22	16576	2
22	16577	2
22	16578	2
22	16579	2
22	16580	3
22	16581	3
22	16582	3
22	16583	3
22	16584	3
22	16585	3
22	16586	3
22	16587	3
22	16588	3
22	16589	3
22	16590	3
22	16591	3
22	16592	3
22	16593	3
22	16594	3
22	16595	3
22	16596	3
22	16597	3
22	16598	3
22	16599	3
22	16600	3
22	16601	3
22	16602	3
22	16603	3
22	16604	3
22	16605	3
22	16606	3
22	16607	3
22	16608	3
22	16609	3
22	16610	3
22	16611	3
22	16612	3
22	16613	3
22	16614	3
22	16615	3
22	16616	3
22	16617	3
22	16618	3
22	16619	3
22	16620	4
22	16621	4
22	16622	4
22	16623	4
22	16624	4
22	16625	4
22	16626	4
22	16627	4
22	16628	4
22	16629	3
22	16630	3
22	16631	3
22	16632	4
22	16633	4
22	16634	4
22	16635	4
22	16636	4
22	16637	4
22	16638	4
22	16639	4
22	16640	4
22	16641	4
22	16642	4
22	16643	4
22	16644	4
22	16645	4
22	16646	4
22	16647	4
22	16648	4
22	16649	4
22	16650	4
22	16651	4
22	16652	4
22	16653	4
22	16654	4
22	16655	3
22	16656	3
22	16657	3
22	16658	3
22	16659	3
22	16660	3
22	16661	3
22	16662	3
22	16663	3
22	16664	3
22	16665	3
22	16666	3
22	16667	3
22	16668	3
22	16669	3
22	16670	3
22	16671	3
22	16672	3
22	16673	3
22	16674	3
22	16675	3
22	16676	3
22	16677	3
22	16678	3
22	16679	3
22	16680	3
22	16681	3
22	16682	3
22	16683	3
22	16684	3
22	16685	3
22	16686	3
22	16687	3
22	16688	3
22	16689	3
22	16690	3
22	16691	3
22	16692	3
22	16693	3
22	16694	3
22	16695	4
22	16696	4
22	16697	4
22	16698	4
22	16699	4
22	16700	4
22	16701	4
22	16702	4
22	16703	3
22	16704	3
22	16705	3
22	16706	3
22	16707	3
22	16708	3
22	16709	3
22	16710	3
22	16711	3
22	16712	3
22	16713	3
22	16714	3
22	16715	3
22	16716	3
22	16717	3
22	16718	3
22	16719	3
22	16720	3
22	16721	3
22	16722	4
22	16723	4
22	16724	4
22	16725	4
22	16726	4
22	16727	4
22	16728	4
22	16729	4
22	16730	4
22	16731	4
22	16732	4
22	16733	4
22	16734	4
22	16735	4
22	16736	4
22	16737	4
22	16738	4
22	16739	3
22	16740	3
22	16741	3
22	16742	3
22	16743	2
22	16744	2
22	16745	2
22	16746	2
22	16747	2
22	16748	2
22	16749	2
22	16750	2
22	16751	2
22	16752	2
22	16753	2
22	16754	2
22	16755	2
22	16756	2
22	16757	2
22	16758	2
22	16759	2
22	16760	2
22	16761	2
22	16762	2
22	16763	2
22	16764	2
22	16765	2
22	16766	2
22	16767	2
22	16768	2
22	16769	2
22	16770	2
22	16771	2
22	16772	2
22	16773	2
22	16774	2
22	16775	2
22	16776	2
22	16777	2
22	16778	2
22	16779	2
22	16780	2
22	16781	2
22	16782	2
22	16783	2
22	16784	2
22	16785	2
22	16786	2
22	16787	2
22	16788	2
22	16789	2
22	16790	2
22	16791	2
22	16792	2
22	16793	2
22	16794	1
22	16795	1
22	16796	1
22	16806	1
22	16807	1
22	16808	1
22	16809	1
22	16810	1
22	16811	1
22	16812	1
22	16813	1
22	16814	1
22	16815	1
22	16816	1
22	16817	1
22	16818	1
22	16819	1
22	16820	1
22	16821	1
22	16822	1
22	16823	1
22	16824	1
22	16825	1
22	16826	1
22	16827	1
22	16828	1
22	16829	2
22	16830	2
22	16831	2
22	16832	2
22	16833	2
22	16834	2
22	16835	2
22	16836	2
22	16837	2
22	16838	2
22	16839	2
22	16840	3
22	16841	3
22	16842	3
22	16843	3
22	16844	3
22	16845	3
22	16846	3
22	16847	3
22	16848	3
22	16849	3
22	16850	3
22	16851	3
22	16852	3
22	16853	3
22	16854	3
22	16855	3
22	16856	3
22	16857	4
22	16858	4
22	16859	4
22	16860	4
22	16861	4
22	16862	4
22	16863	4
22	16864	4
22	16865	4
22	16866	4
22	16867	4
22	16868	4
22	16869	4
22	16870	4
22	16871	4
22	16872	4
22	16873	4
22	16874	4
22	16875	4
22	16876	4
22	16877	4
22	16878	4
22	16879	4
22	16880	4
22	16881	4
22	16882	4
22	16883	4
22	16884	4
22	16885	4
22	16886	4
22	16887	4
22	16888	4
22	16889	4
22	16890	4
22	16891	4
22	16892	4
22	16893	4
22	16894	4
22	16895	4
22	16896	4
22	16897	4
22	16898	4
22	16899	4
22	16900	3
22	16901	3
22	16902	3
22	16903	3
22	16904	3
22	16905	3
22	16906	3
22	16907	3
22	16908	3
22	16909	3
22	16910	3
22	16911	3
22	16912	3
22	16913	3
22	16914	3
22	16915	2
22	16916	2
22	16917	2
22	16918	2
22	16919	2
22	16920	2
22	16921	2
22	16922	2
22	16923	2
22	16924	2
22	16925	2
22	16926	2
22	16927	2
22	16928	2
22	16929	2
22	16930	1
22	16931	1
22	16932	1
22	16933	1
22	16934	1
22	16935	1
22	16936	1
22	16937	1
22	16938	1
22	16939	1
22	16940	1
22	16941	1
22	16942	1
22	16943	1
22	16944	1
22	16945	1
22	16946	1
22	16963	1
22	16964	1
22	16965	1
22	16966	1
22	16967	1
22	16968	1
22	16969	1
22	16970	1
22	16971	1
22	16972	1
22	16973	1
22	16974	1
22	16975	1
22	16976	1
22	16977	1
22	16978	1
22	16979	1
22	16980	1
22	16981	1
22	16982	1
22	16983	1
22	16984	1
22	16985	1
22	16986	1
22	16987	2
22	16988	2
22	16989	2
22	16990	2
22	16991	2
22	16992	2
22	16993	2
22	16994	2
22	16995	2
22	16996	2
22	16997	2
22	16998	2
22	16999	2
22	17000	2
22	17001	2
22	17002	2
22	17003	2
22	17004	2
22	17005	2
22	17006	2
22	17007	2
22	17008	2
22	17009	2
22	17010	2
22	17011	2
22	17012	2
22	17013	2
22	17014	2
22	17015	2
22	17016	2
22	17017	2
22	17018	2
22	17019	2
22	17020	2
22	17021	2
22	17022	2
22	17023	2
22	17024	2
22	17025	2
22	17026	2
22	17027	2
22	17028	2
22	17029	2
22	17030	2
22	17031	2
22	17032	2
22	17033	2
22	17034	2
22	17035	2
22	17036	2
22	17037	2
22	17038	1
22	17039	1
22	17040	1
22	17041	1
22	17042	1
22	17043	1
22	17044	1
22	17045	1
22	17046	1
22	17047	1
22	17048	1
22	17049	1
22	17050	1
22	17051	1
22	17052	1
22	17053	1
22	17054	1
22	17055	1
22	17056	1
22	17057	1
22	17058	1
22	17059	1
22	17060	1
22	17061	1
22	17234	1
22	17235	1
22	17236	1
22	17237	1
22	17238	1
22	17239	1
22	17240	1
22	17241	1
22	17242	1
22	17243	1
22	17244	1
22	17245	1
22	17246	1
22	17247	1
22	17248	1
22	17249	1
22	17250	1
22	17251	1
22	17252	1
22	17253	1
22	17254	1
22	17255	1
22	17256	1
22	17257	1
22	17258	1
22	17259	1
22	17260	1
22	17261	1
22	17262	1
22	17263	1
22	17264	1
22	17265	1
22	17266	1
22	17267	1
22	17268	1
22	17269	1
22	17270	1
22	17271	1
22	17272	1
22	17273	1
22	17274	1
22	17275	1
22	17276	1
22	17277	1
22	17278	1
22	17279	1
22	17280	1
22	17281	1
22	17282	1
22	17283	1
22	17284	1
22	17285	1
22	17286	1
22	17287	1
22	17288	1
22	17289	1
22	17290	1
22	17291	1
22	17292	1
22	17293	1
22	17294	1
22	17295	1
22	17296	1
22	17297	1
22	17298	1
22	17299	1
22	17300	1
22	17301	1
22	17302	1
22	17303	1
22	17304	1
22	17305	1
22	17306	1
22	17307	1
22	17308	1
22	17310	1
22	17311	1
22	17312	1
22	17313	1
22	17314	1
22	17315	1
22	17316	1
22	17317	1
22	17318	1
22	17319	1
22	17320	1
22	17321	1
22	17322	1
22	17323	1
22	17324	1
22	17325	1
22	17326	1
22	17327	1
22	17328	1
22	17329	1
22	17330	1
22	17331	1
22	17332	1
22	17333	1
22	17334	1
22	17335	1
22	17336	1
22	17337	1
22	17338	1
22	17339	1
22	17340	1
22	17341	1
22	17342	1
22	17343	1
22	17344	1
22	17345	1
22	17346	1
22	17347	1
22	17348	1
22	17349	1
22	17350	1
22	17351	1
22	17352	1
22	17353	1
22	17354	1
22	17355	1
22	17356	1
22	17357	1
22	17358	1
22	17359	1
22	17360	1
22	17361	1
22	17362	1
22	17363	1
22	17364	1
22	17365	1
22	17366	1
22	17367	1
22	17368	1
22	17369	1
22	17370	1
22	17371	1
22	17372	1
22	17373	1
22	17374	1
22	17375	1
22	17376	1
22	17377	1
22	17378	1
22	17379	2
22	17380	2
22	17381	2
22	17382	2
22	17383	2
22	17384	2
22	17385	1
22	17386	1
22	17387	1
22	17388	1
22	17389	1
22	17390	1
22	17391	1
22	17392	1
22	17393	1
22	17394	1
22	17395	1
22	17396	1
22	17397	1
22	17398	1
22	17399	1
22	17400	1
22	17401	1
22	17402	1
22	17403	1
22	17404	1
22	17405	1
22	17406	1
22	17407	1
22	17408	1
22	17409	1
22	17410	1
22	17411	1
22	17412	1
22	17413	1
22	17414	1
22	17415	1
22	17416	1
22	17417	1
22	17418	1
22	17419	1
22	17420	1
22	17421	1
22	17422	1
22	17423	1
22	17424	1
22	17425	1
22	17426	1
22	17427	1
22	17428	1
22	17429	1
22	17430	1
22	17431	1
22	17432	1
22	17433	1
22	17434	1
22	17435	1
22	17436	1
22	17437	1
22	17438	1
22	17439	1
22	17440	1
22	17441	1
22	17442	1
22	17443	1
22	17444	1
22	17445	2
22	17446	2
22	17447	2
22	17448	2
22	17449	2
22	17450	2
22	17451	2
22	17452	2
22	17453	2
22	17454	2
22	17455	2
22	17456	2
22	17457	2
22	17458	2
22	17459	2
22	17460	2
22	17461	2
22	17462	2
22	17463	2
22	17464	2
22	17465	2
22	17466	2
22	17467	2
22	17468	2
22	17469	2
22	17470	2
22	17471	2
22	17472	2
22	17473	2
22	17474	2
22	17475	2
22	17476	2
22	17477	2
22	17478	2
22	17479	2
22	17480	2
22	17481	2
22	17482	2
22	17483	2
22	17484	2
22	17485	2
22	17486	2
22	17487	2
22	17488	3
22	17489	3
22	17490	3
22	17491	3
22	17492	3
22	17493	3
22	17494	3
22	17495	3
22	17496	3
22	17497	3
22	17498	3
22	17499	3
22	17500	3
22	17501	3
22	17502	3
22	17503	3
22	17504	3
22	17505	3
22	17506	3
22	17507	3
22	17508	3
22	17509	3
22	17510	3
22	17511	3
22	17512	3
22	17513	3
22	17514	2
22	17515	2
22	17516	2
22	17517	2
22	17518	2
22	17519	2
22	17520	2
22	17521	2
22	17522	2
22	17523	2
22	17524	2
22	17525	2
22	17526	2
22	17527	2
22	17528	2
22	17529	2
22	17530	2
22	17531	2
22	17532	2
22	17533	2
22	17534	2
22	17535	2
22	17536	2
22	17537	2
22	17538	2
22	17539	2
22	17540	2
22	17541	2
22	17542	2
22	17543	2
22	17544	2
22	17545	2
22	17546	2
22	17547	2
22	17548	2
22	17549	2
22	17550	2
22	17551	2
22	17552	2
22	17553	2
22	17554	2
22	17555	2
22	17556	2
22	17557	2
22	17558	2
22	17559	1
22	17560	1
22	17561	1
22	17562	1
22	18175	1
22	18176	1
22	18177	1
22	18178	1
22	18179	1
22	18180	1
22	18181	1
22	18182	1
22	18183	1
22	18184	1
22	18185	1
22	18186	1
22	18187	1
22	18188	1
22	18189	1
22	18190	1
22	18191	1
22	18192	1
22	18193	1
22	18194	2
22	18195	2
22	18196	2
22	18197	2
22	18198	2
22	18199	2
22	18200	2
22	18201	2
22	18202	2
22	18203	2
22	18204	2
22	18205	2
22	18206	2
22	18207	2
22	18208	2
22	18209	2
22	18210	2
22	18211	2
22	18212	2
22	18213	2
22	18214	2
22	18215	2
22	18216	2
22	18217	2
22	18218	2
22	18219	2
22	18220	2
22	18221	2
22	18222	2
22	18223	2
22	18224	2
22	18225	2
22	18226	2
22	18227	2
22	18228	2
22	18229	2
22	18230	2
22	18231	2
22	18232	2
22	18233	2
22	18234	2
22	18235	2
22	18236	2
22	18237	2
22	18238	2
22	18239	2
22	18240	2
22	18241	2
22	18242	2
22	18243	2
22	18244	2
22	18245	2
22	18246	2
22	18247	2
22	18248	2
22	18249	2
22	18250	2
22	18251	2
22	18252	2
22	18253	2
22	18254	2
22	18255	2
22	18256	2
22	18257	2
22	18258	2
22	18259	2
22	18260	2
22	18261	2
22	18262	2
22	18263	2
22	18264	2
22	18265	2
22	18266	2
22	18267	2
22	18268	2
22	18269	2
22	18270	2
22	18271	2
22	18272	1
22	18273	1
22	18274	1
22	18275	1
22	18276	1
22	18277	1
22	18278	1
22	18279	1
22	18280	1
22	18281	1
22	18282	1
22	18283	1
22	18284	1
22	18285	1
22	18286	1
22	18287	1
22	18288	1
22	18289	1
22	18290	1
22	18291	1
22	18292	1
22	18293	1
22	18294	1
22	18295	1
22	18296	1
22	18297	1
22	18298	1
22	18299	1
22	18300	1
22	18301	1
22	18302	1
22	18303	1
22	18304	1
22	18305	1
22	18306	1
22	18307	1
22	19971	1
22	19972	1
22	19973	1
22	19974	1
22	19975	1
22	19976	1
22	19977	1
22	19978	1
22	19979	1
22	19980	1
22	19981	1
22	19982	1
22	19983	1
22	19984	1
22	19985	1
22	19986	1
22	19987	1
22	19988	1
22	19989	1
22	19990	1
22	19991	1
22	19992	1
22	19993	1
22	19994	1
22	19995	1
22	19996	1
22	19997	1
22	19998	1
22	19999	1
22	20000	1
22	20001	1
22	20002	1
22	20003	1
22	20004	1
22	20005	1
22	20006	1
22	20007	1
22	20008	1
22	20009	1
22	20010	1
22	20011	1
22	20012	1
22	20013	1
22	20014	1
22	20015	1
22	20016	1
22	20017	1
22	20018	1
22	20019	1
22	20020	1
22	20021	1
22	20022	1
22	20023	1
22	20024	1
22	20025	1
22	20026	1
22	20027	2
22	20028	2
22	20029	2
22	20030	2
22	20031	2
22	20032	2
22	20033	2
22	20034	2
22	20035	2
22	20036	2
22	20037	2
22	20038	2
22	20039	2
22	20040	2
22	20041	2
22	20042	2
22	20043	2
22	20044	2
22	20045	2
22	20046	1
22	20047	2
22	20048	2
22	20049	2
22	20050	2
22	20051	2
22	20052	2
22	20053	2
22	20054	2
22	20055	2
22	20056	2
22	20057	2
22	20058	2
22	20059	2
22	20060	2
22	20061	2
22	20062	2
22	20063	2
22	20064	2
22	20065	2
22	20066	2
22	20067	2
22	20068	2
22	20069	2
22	20070	2
22	20071	2
22	20072	2
22	20073	2
22	20074	2
22	20075	2
22	20076	2
22	20077	2
22	20078	2
22	20079	2
22	20080	2
22	20081	2
22	20082	2
22	20083	2
22	20084	2
22	20085	2
22	20086	2
22	20087	2
22	20088	2
22	20089	2
22	20090	2
22	20091	2
22	20092	2
22	20093	2
22	20094	2
22	20095	2
22	20096	2
22	20097	2
22	20098	2
22	20099	2
22	20100	2
22	20101	2
22	20102	2
22	20103	2
22	20104	2
22	20105	2
22	20106	2
22	20107	2
22	20108	2
22	20109	2
22	20110	2
22	20111	2
22	20112	2
22	20113	2
22	20114	2
22	20115	2
22	20116	2
22	20117	2
22	20118	2
22	20119	2
22	20120	2
22	20121	2
22	20122	1
22	20123	1
22	20124	1
22	20125	1
22	20126	1
22	20127	1
22	20128	1
22	20129	1
22	20130	1
22	20131	1
22	20132	1
22	20133	1
22	20134	1
22	20135	1
22	20319	1
22	20320	1
22	20321	1
22	20322	1
22	20323	1
22	20324	1
22	20325	1
22	20326	1
22	20327	1
22	20328	1
22	20329	1
22	20330	1
22	20331	1
22	20332	1
22	20333	1
22	20334	1
22	20335	1
22	20336	1
22	20337	1
22	20338	1
22	20339	1
22	20340	1
22	20341	1
22	20342	1
22	20343	1
22	20344	1
22	20345	1
22	20346	1
22	20347	1
22	20348	1
22	20349	1
22	20350	1
22	20351	1
22	20352	1
22	20353	1
22	20354	1
22	20355	1
22	20356	1
22	20357	1
22	20358	1
22	20359	1
22	20360	2
22	20361	2
22	20362	2
22	20363	2
22	20364	2
22	20365	2
22	20366	2
22	20367	2
22	20368	2
22	20369	2
22	20370	2
22	20371	2
22	20372	2
22	20373	2
22	20374	2
22	20375	2
22	20376	2
22	20377	2
22	20378	2
22	20379	2
22	20380	2
22	20381	2
22	20382	2
22	20383	2
22	20384	2
22	20385	2
22	20386	2
22	20387	2
22	20388	2
22	20389	2
22	20390	2
22	20391	3
22	20392	3
22	20393	3
22	20394	2
22	20395	2
22	20396	2
22	20397	2
22	20398	2
22	20399	2
22	20400	2
22	20401	2
22	20402	2
22	20403	2
22	20404	2
22	20405	2
22	20406	2
22	20407	2
22	20408	2
22	20409	2
22	20410	2
22	20411	2
22	20412	2
22	20413	2
22	20414	2
22	20415	2
22	20416	2
22	20417	2
22	20418	2
22	20419	2
22	20420	2
22	20421	2
22	20422	2
22	20423	2
22	20424	2
22	20425	2
22	20426	2
22	20427	2
22	20428	2
22	20429	2
22	20430	2
22	20431	2
22	20432	2
22	20433	2
22	20434	2
22	20435	2
22	20436	2
22	20437	2
22	20438	2
22	20439	2
22	20440	2
22	20441	2
22	20442	2
22	20443	2
22	20444	2
22	20445	2
22	20446	2
22	20447	2
22	20448	2
22	20449	2
22	20450	2
22	20451	2
22	20452	2
22	20453	2
22	20454	2
22	20455	2
22	20456	2
22	20457	2
22	20458	2
22	20459	2
22	20460	2
22	20461	2
22	20462	2
22	20463	2
22	20464	2
22	20465	2
22	20466	1
22	20467	1
22	20468	1
22	20469	1
22	20470	1
22	20471	1
22	20472	1
22	20473	1
22	20474	1
22	20475	1
22	20476	1
22	20477	1
22	20478	1
22	20479	1
22	20480	1
22	20481	1
22	20482	1
22	20483	1
22	20484	1
22	20485	2
22	20486	2
22	20487	2
22	20488	2
22	20489	2
22	20490	2
22	20491	1
22	20492	1
22	20493	1
22	20494	1
22	20495	1
22	20496	1
22	20497	1
22	20498	1
22	20499	1
22	20500	1
22	20501	1
22	20502	1
22	20503	1
22	20504	1
22	20505	1
22	20506	1
22	20507	1
22	20508	1
22	20509	1
22	20510	1
22	20511	1
22	20512	1
22	20513	1
22	20514	1
22	20515	1
22	20516	1
22	20517	1
22	20518	1
22	20519	1
22	20520	1
22	20521	1
22	20522	1
22	20523	1
22	20524	1
22	20525	1
22	20526	1
22	20527	1
22	20528	1
22	20529	1
22	20530	1
22	20531	1
22	20532	1
22	20533	1
22	20534	1
22	20535	1
22	20536	1
22	20537	1
22	20538	1
22	20539	1
22	20540	1
22	20541	1
22	20542	1
22	20543	1
22	20544	1
22	20545	1
22	20546	1
22	20547	1
22	20548	1
22	20549	1
22	20550	1
22	20551	1
22	20552	2
22	20553	2
22	20554	2
22	20555	2
22	20556	2
22	20557	2
22	20558	2
22	20559	2
22	20560	1
22	20561	1
22	20562	1
22	20563	1
22	20564	1
22	20565	1
22	20566	1
22	20567	1
22	20568	1
22	20569	1
22	20570	1
22	20571	1
22	20572	1
22	20573	1
22	20574	1
22	20575	1
22	20576	1
22	20577	1
22	20578	2
22	20579	2
22	20580	2
22	20581	2
22	20582	2
22	20583	2
22	20584	2
22	20585	2
22	20586	2
22	20587	2
22	20588	2
22	20589	2
22	20590	2
22	20591	2
22	20592	2
22	20593	2
22	20594	2
22	20595	2
22	20596	2
22	20597	2
22	20598	2
22	20599	2
22	20600	2
22	20601	2
22	20602	2
22	20603	2
22	20604	2
22	20605	2
22	20606	2
22	20607	2
22	20608	2
22	20609	2
22	20610	2
22	20611	2
22	20612	2
22	20613	2
22	20614	2
22	20615	2
22	20616	2
22	20617	2
22	20618	2
22	20619	2
22	20620	2
22	20621	2
22	20622	2
22	20623	2
22	20624	2
22	20625	2
22	20626	2
22	20627	2
22	20628	2
22	20629	2
22	20630	2
22	20631	2
22	20632	2
22	20633	2
22	20634	2
22	20635	2
22	20636	2
22	20637	2
22	20638	2
22	20639	1
22	20640	1
22	20641	1
22	20642	1
22	20643	1
22	20644	1
22	20645	1
22	20646	1
22	20647	1
22	20648	1
22	20649	1
22	20650	1
22	20651	1
22	20652	1
22	20681	1
22	20682	1
22	20683	1
22	20684	1
22	20685	1
22	20686	1
22	20687	1
22	20688	1
22	20689	2
22	20690	2
22	20691	2
22	20692	2
22	20693	2
22	20694	2
22	20695	2
22	20696	2
22	20697	2
22	20698	2
22	20699	2
22	20700	2
22	20701	2
22	20702	3
22	20703	3
22	20704	3
22	20705	3
22	20706	3
22	20707	3
22	20708	3
22	20709	3
22	20710	3
22	20711	3
22	20712	3
22	20713	3
22	20714	3
22	20715	3
22	20716	3
22	20717	3
22	20718	3
22	20719	3
22	20720	3
22	20721	3
22	20722	3
22	20723	3
22	20724	3
22	20725	3
22	20726	3
22	20727	3
22	20728	3
22	20729	3
22	20730	3
22	20731	3
22	20732	3
22	20733	3
22	20734	3
22	20735	3
22	20736	3
22	20737	3
22	20738	3
22	20739	4
22	20740	4
22	20741	4
22	20742	4
22	20743	4
22	20744	4
22	20745	4
22	20746	4
22	20747	4
22	20748	4
22	20749	4
22	20750	4
22	20751	4
22	20752	4
22	20753	4
22	20754	4
22	20755	4
22	20756	4
22	20757	4
22	20758	4
22	20759	4
22	20760	4
22	20761	4
22	20762	4
22	20763	4
22	20764	3
22	20765	3
22	20766	3
22	20767	3
22	20768	3
22	20769	3
22	20770	3
22	20771	3
22	20772	3
22	20773	3
22	20774	3
22	20775	3
22	20776	3
22	20777	3
22	20778	3
22	20779	3
22	20780	3
22	20781	3
22	20782	3
22	20783	3
22	20784	3
22	20785	3
22	20786	3
22	20787	3
22	20788	2
22	20789	2
22	20790	2
22	20791	2
22	20792	2
22	20793	2
22	20794	2
22	20795	2
22	20796	2
22	20797	2
22	20798	2
22	20799	2
22	20800	2
22	20801	2
22	20802	2
22	20803	2
22	20804	2
22	20805	2
22	20806	2
22	20807	2
22	20808	2
22	20809	2
22	20810	2
22	20811	2
22	20812	2
22	20813	2
22	20814	1
22	20815	1
22	20816	1
22	20817	1
22	20818	1
22	20819	1
22	20820	1
22	20821	1
22	20822	1
22	20823	1
22	20824	1
22	20825	1
22	20826	1
22	20827	1
22	20828	1
22	20829	1
22	20830	1
22	20831	1
22	20832	1
22	20833	1
22	20834	1
22	20835	1
22	20836	1
22	20845	1
22	20846	1
22	20847	1
22	20848	1
22	20849	1
22	20850	1
22	20851	1
22	20852	1
22	20853	1
22	20854	1
22	20855	1
22	20856	1
22	20857	1
22	20858	2
22	20859	2
22	20860	2
22	20861	2
22	20862	2
22	20863	2
22	20864	2
22	20865	2
22	20866	2
22	20867	2
22	20868	2
22	20869	2
22	20870	2
22	20871	2
22	20872	2
22	20873	2
22	20874	2
22	20875	2
22	20876	2
22	20877	2
22	20878	2
22	20879	2
22	20880	2
22	20881	2
22	20882	2
22	20883	2
22	20884	2
22	20885	2
22	20886	2
22	20887	2
22	20888	2
22	20889	2
22	20890	2
22	20891	2
22	20892	2
22	20893	2
22	20894	2
22	20895	2
22	20896	2
22	20897	2
22	20898	2
22	20899	2
22	20900	2
22	20901	2
22	20902	2
22	20903	2
22	20904	2
22	20905	2
22	20906	2
22	20907	2
22	20908	2
22	20909	2
22	20910	2
22	20911	2
22	20912	2
22	20913	2
22	20914	2
22	20915	2
22	20916	2
22	20917	2
22	20918	2
22	20919	2
22	20920	1
22	20921	1
22	20922	1
22	20923	1
22	20924	1
22	20925	1
22	20926	1
22	20927	1
22	20928	1
22	20929	1
22	20930	1
22	20931	1
22	20932	1
22	20973	1
22	20974	1
22	20975	1
22	20976	1
22	20977	1
22	20978	1
22	20979	1
22	20980	1
22	20981	1
22	20982	1
22	20983	1
22	20984	1
22	20985	1
22	20986	1
22	20987	1
22	20988	1
22	20989	1
22	20990	1
22	20991	1
22	20992	1
22	20993	1
22	20994	1
22	20995	1
22	20996	1
22	20997	1
22	20998	1
22	20999	1
22	21000	1
22	21001	1
22	21002	1
22	21003	1
22	21004	1
22	21005	1
22	21006	1
22	21007	1
22	21008	1
22	21009	1
22	21010	1
22	21011	1
22	21012	1
22	21013	1
22	21014	1
22	21015	1
22	21016	1
22	21017	1
22	21018	1
22	21019	1
22	21020	1
22	21021	1
22	21022	1
22	21023	1
22	21024	1
22	21025	1
22	21026	1
22	21027	1
22	21028	1
22	21029	1
22	21030	1
22	21031	1
22	21032	1
22	21033	1
22	21034	1
22	21035	2
22	21036	2
22	21037	2
22	21038	2
22	21039	2
22	21040	2
22	21041	2
22	21042	2
22	21043	2
22	21044	2
22	21045	2
22	21046	2
22	21047	2
22	21048	2
22	21049	2
22	21050	2
22	21051	2
22	21052	2
22	21053	2
22	21054	2
22	21055	2
22	21056	2
22	21057	2
22	21058	2
22	21059	2
22	21060	2
22	21061	2
22	21062	2
22	21063	2
22	21064	2
22	21065	2
22	21066	2
22	21067	2
22	21068	2
22	21069	2
22	21070	2
22	21071	2
22	21072	2
22	21073	2
22	21074	2
22	21075	2
22	21076	2
22	21077	2
22	21078	2
22	21079	2
22	21080	2
22	21081	2
22	21082	2
22	21083	2
22	21084	2
22	21085	2
22	21086	2
22	21087	2
22	21088	2
22	21089	2
22	21090	1
22	21091	1
22	21092	1
22	21093	1
22	21094	1
22	21095	1
22	21096	1
22	21097	1
22	21098	1
22	21099	2
22	21100	2
22	21101	2
22	21102	2
22	21103	2
22	21104	2
22	21105	2
22	21106	2
22	21107	1
22	21108	1
22	21109	1
22	21110	1
22	21111	1
22	21112	1
22	21113	1
22	21114	1
22	21115	1
22	21116	1
22	21117	1
22	21118	1
22	21119	1
22	21120	1
22	21121	1
22	21122	1
22	21123	1
22	21124	1
22	21125	1
22	21126	1
22	21127	1
22	21128	1
22	21129	1
22	21130	1
22	21131	1
22	21132	1
22	21133	1
22	21134	1
22	21135	1
22	21136	1
22	21137	1
22	21138	1
22	21139	1
22	21140	1
22	21141	1
22	21142	1
22	21143	1
22	21144	1
22	21145	1
22	21146	1
22	21147	1
22	21148	1
22	21149	2
22	21150	2
22	21151	2
22	21152	2
22	21153	2
22	21154	2
22	21155	2
22	21156	2
22	21157	2
22	21158	2
22	21159	2
22	21160	2
22	21161	2
22	21162	2
22	21163	2
22	21164	2
22	21165	2
22	21166	2
22	21167	2
22	21168	2
22	21169	2
22	21170	2
22	21171	2
22	21172	2
22	21173	2
22	21174	2
22	21175	2
22	21176	2
22	21177	2
22	21178	2
22	21179	2
22	21180	2
22	21181	2
22	21182	2
22	21183	2
22	21184	2
22	21185	2
22	21186	2
22	21187	2
22	21188	2
22	21189	2
22	21190	2
22	21191	2
22	21192	2
22	21193	2
22	21194	2
22	21195	2
22	21196	2
22	21197	2
22	21198	2
22	21199	2
22	21200	2
22	21201	2
22	21202	2
22	21203	2
22	21204	1
22	21205	1
22	21206	1
22	21207	1
22	21208	1
22	21209	1
22	21210	1
22	21211	1
22	21212	1
22	21213	1
22	21214	1
22	21215	1
22	21216	1
22	21217	1
22	21218	1
22	21219	1
22	21220	1
22	21221	1
22	21222	1
22	21223	1
22	21237	1
22	21238	1
22	21239	1
22	21240	1
22	21241	1
22	21242	1
22	21243	1
22	21244	1
22	21245	1
22	21246	1
22	21247	1
22	21248	1
22	21249	1
22	21250	1
22	21251	1
22	21252	1
22	21253	1
22	21254	1
22	21255	1
22	21256	1
22	21257	1
22	21258	1
22	21259	1
22	21260	1
22	21261	1
22	21262	1
22	21263	1
22	21264	1
22	21265	1
22	21266	1
22	21267	1
22	21268	1
22	21269	1
22	21270	1
22	21271	1
22	21272	1
22	21273	1
22	21274	1
22	21275	1
22	21276	1
22	21277	1
22	21278	1
22	21279	1
22	21280	1
22	21281	1
22	21282	1
22	21283	1
22	21284	1
22	21285	1
22	21286	1
22	21287	1
22	21288	1
22	21289	1
22	21290	1
22	21291	1
22	21292	1
22	21293	1
22	21294	1
22	21295	1
22	21296	1
22	21297	1
22	21298	1
22	21299	1
22	21300	1
22	21301	1
22	21302	1
22	21303	1
22	21304	2
22	21305	2
22	21306	2
22	21307	2
22	21308	2
22	21309	2
22	21310	2
22	21311	2
22	21312	2
22	21313	2
22	21314	2
22	21315	2
22	21316	2
22	21317	2
22	21318	2
22	21319	2
22	21320	2
22	21321	2
22	21322	2
22	21323	2
22	21324	2
22	21325	2
22	21326	2
22	21327	2
22	21328	2
22	21329	2
22	21330	2
22	21331	2
22	21332	2
22	21333	2
22	21334	2
22	21335	2
22	21336	2
22	21337	2
22	21338	2
22	21339	2
22	21340	2
22	21341	2
22	21342	3
22	21343	3
22	21344	3
22	21345	3
22	21346	3
22	21347	3
22	21348	3
22	21349	3
22	21350	3
22	21351	3
22	21352	4
22	21353	4
22	21354	4
22	21355	4
22	21356	4
22	21357	4
22	21358	4
22	21359	4
22	21360	4
22	21361	4
22	21362	4
22	21363	4
22	21364	4
22	21365	4
22	21366	4
22	21367	4
22	21368	4
22	21369	4
22	21370	4
22	21371	4
22	21372	3
22	21373	3
22	21374	3
22	21375	3
22	21376	3
22	21377	3
22	21378	3
22	21379	2
22	21380	2
22	21381	2
22	21382	2
22	21383	2
22	21384	2
22	21385	2
22	21386	2
22	21387	2
22	21388	2
22	21389	2
22	21390	2
22	21391	2
22	21392	2
22	21393	2
22	21394	2
22	21395	2
22	21396	2
22	21397	2
22	21398	2
22	21399	2
22	21400	2
22	21401	2
22	21402	2
22	21403	2
22	21404	2
22	21405	2
22	21406	2
22	21407	2
22	21408	2
22	21409	2
22	21410	2
22	21411	2
22	21412	2
22	21413	2
22	21414	2
22	21415	2
22	21416	2
22	21417	1
22	21418	1
22	21419	1
22	21420	1
22	21421	1
22	21422	1
22	21423	1
22	21472	1
22	21473	1
22	21474	1
22	21475	1
22	21476	1
22	21477	1
22	21478	1
22	21479	1
22	21480	1
22	21481	1
22	21482	1
22	21483	1
22	21484	1
22	21485	1
22	21486	1
22	21487	1
22	21488	2
22	21489	2
22	21490	2
22	21491	2
22	21492	2
22	21493	2
22	21494	2
22	21495	2
22	21496	2
22	21497	2
22	21498	2
22	21499	2
22	21500	2
22	21501	2
22	21502	2
22	21503	2
22	21504	2
22	21505	2
22	21506	2
22	21507	2
22	21508	2
22	21509	2
22	21510	2
22	21511	2
22	21512	2
22	21513	2
22	21514	2
22	21515	2
22	21516	3
22	21517	3
22	21518	3
22	21519	3
22	21520	3
22	21521	3
22	21522	3
22	21523	3
22	21524	3
22	21525	3
22	21526	3
22	21527	4
22	21528	4
22	21529	4
22	21530	4
22	21531	4
22	21532	4
22	21533	4
22	21534	4
22	21535	4
22	21536	4
22	21537	4
22	21538	4
22	21539	4
22	21540	4
22	21541	4
22	21542	4
22	21543	4
22	21544	4
22	21545	4
22	21546	4
22	21547	3
22	21548	3
22	21549	3
22	21550	3
22	21551	3
22	21552	3
22	21553	3
22	21554	3
22	21555	3
22	21556	3
22	21557	3
22	21558	3
22	21559	3
22	21560	3
22	21561	3
22	21562	3
22	21563	2
22	21564	2
22	21565	2
22	21566	2
22	21567	2
22	21568	2
22	21569	2
22	21570	2
22	21571	2
22	21572	2
22	21573	2
22	21574	2
22	21575	2
22	21576	2
22	21577	2
22	21578	2
22	21579	2
22	21580	2
22	21581	2
22	21582	2
22	21583	2
22	21584	2
22	21585	2
22	21586	2
22	21587	2
22	21588	2
22	21589	2
22	21590	2
22	21591	2
22	21592	2
22	21593	2
22	21594	2
22	21595	2
22	21596	1
22	21597	1
22	21598	1
22	21599	1
22	21600	1
22	21601	1
22	21603	1
22	21604	1
22	21605	1
22	21606	1
22	21607	1
22	21608	1
22	21609	1
22	21610	1
22	21611	2
22	21612	2
22	21613	2
22	21614	2
22	21615	2
22	21616	2
22	21617	2
22	21618	2
22	21619	2
22	21620	2
22	21621	2
22	21622	2
22	21623	2
22	21624	2
22	21625	2
22	21626	2
22	21627	2
22	21628	2
22	21629	2
22	21630	2
22	21631	2
22	21632	2
22	21633	2
22	21634	2
22	21635	2
22	21636	2
22	21637	2
22	21638	2
22	21639	2
22	21640	2
22	21641	2
22	21642	2
22	21643	2
22	21644	3
22	21645	3
22	21646	3
22	21647	3
22	21648	3
22	21649	3
22	21650	3
22	21651	3
22	21652	3
22	21653	3
22	21654	3
22	21655	3
22	21656	3
22	21657	3
22	21658	3
22	21659	3
22	21660	3
22	21661	3
22	21662	3
22	21663	3
22	21664	3
22	21665	3
22	21666	3
22	21667	3
22	21668	3
22	21669	3
22	21670	3
22	21671	3
22	21672	3
22	21673	3
22	21674	3
22	21675	3
22	21676	3
22	21677	3
22	21678	2
22	21679	2
22	21680	2
22	21681	2
22	21682	2
22	21683	2
22	21684	2
22	21685	2
22	21686	1
22	21687	1
22	21688	1
22	21689	1
22	21690	1
22	21691	1
22	21692	1
22	21693	1
22	21694	1
22	21695	1
22	21696	1
22	21697	1
22	21698	1
22	21699	1
22	21700	1
22	21701	1
22	21702	1
22	21703	1
22	21704	1
22	21705	1
22	21706	1
22	21707	1
22	21708	1
22	21709	1
22	21710	1
22	21711	1
22	21712	1
22	21713	1
22	21714	1
22	21715	1
22	21716	1
22	21717	1
22	21718	1
22	21791	1
22	21792	1
22	21793	1
22	21794	1
22	21795	1
22	21796	1
22	21797	1
22	21798	1
22	21799	1
22	21800	1
22	21801	1
22	21802	1
22	21803	1
22	21804	1
22	21805	1
22	21806	1
22	21807	1
22	21808	1
22	21809	1
22	21810	1
22	21811	1
22	21812	1
22	21813	1
22	21814	1
22	21815	1
22	21816	1
22	21817	1
22	21818	1
22	21819	1
22	21820	1
22	21821	1
22	21822	1
22	21823	1
22	21824	1
22	21825	1
22	21826	1
22	21827	1
22	21828	1
22	21829	1
22	21830	1
22	21831	1
22	21832	1
22	21833	1
22	21834	1
22	21835	1
22	21836	1
22	21837	1
22	21838	1
22	21839	1
22	21840	1
22	21841	1
22	21842	1
22	21843	1
22	21844	1
22	21845	1
22	21846	1
22	21847	1
22	21848	1
22	21849	1
22	21850	1
22	21851	1
22	21852	1
22	21853	1
22	21854	1
22	21855	2
22	21856	2
22	21857	2
22	21858	2
22	21859	2
22	21860	2
22	21861	2
22	21862	2
22	21863	2
22	21864	2
22	21865	2
22	21866	1
22	21867	1
22	21868	1
22	21869	1
22	21870	1
22	21871	1
22	21872	1
22	21873	1
22	21874	1
22	21875	1
22	21876	1
22	21877	1
22	21878	1
22	21879	1
22	21880	2
22	21881	2
22	21882	2
22	21883	2
22	21884	2
22	21885	2
22	21886	2
22	21887	2
22	21888	3
22	21889	3
22	21890	3
22	21891	3
22	21892	3
22	21893	3
22	21894	3
22	21895	3
22	21896	3
22	21897	3
22	21898	3
22	21899	3
22	21900	3
22	21901	3
22	21902	3
22	21903	3
22	21904	3
22	21905	3
22	21906	3
22	21907	3
22	21908	3
22	21909	3
22	21910	3
22	21911	3
22	21912	3
22	21913	3
22	21914	3
22	21915	3
22	21916	3
22	21917	3
22	21918	3
22	21919	3
22	21920	3
22	21921	3
22	21922	3
22	21923	3
22	21924	3
22	21925	3
22	21926	3
22	21927	3
22	21928	3
22	21929	3
22	21930	3
22	21931	3
22	21932	3
22	21933	3
22	21934	3
22	21935	3
22	21936	3
22	21937	3
22	21938	3
22	21939	3
22	21940	3
22	21941	3
22	21942	3
22	21943	3
22	21944	3
22	21945	3
22	21946	3
22	21947	3
22	21948	3
22	21949	3
22	21950	3
22	21951	4
22	21952	4
22	21953	4
22	21954	4
22	21955	4
22	21956	3
22	21957	3
22	21958	3
22	21959	3
22	21960	3
22	21961	3
22	21962	3
22	21963	2
22	21964	2
22	21965	2
22	21966	2
22	21967	2
22	21968	2
22	21969	2
22	21970	2
22	21971	2
22	21972	2
22	21973	2
22	21974	2
22	21975	2
22	21976	2
22	21977	2
22	21978	2
22	21979	2
22	21980	2
22	21981	2
22	21982	2
22	21983	2
22	21984	2
22	21985	2
22	21986	2
22	21987	2
22	21988	2
22	21989	2
22	21990	2
22	21991	2
22	21992	1
22	21993	1
22	21994	1
22	21995	1
22	21996	1
22	21997	1
22	21998	1
22	21999	1
22	22000	1
22	22001	1
22	22002	1
22	22003	1
22	22004	1
22	22005	1
22	22006	1
22	22007	1
22	22008	1
22	22009	1
22	22010	1
22	22011	1
22	22012	1
22	22013	1
22	22014	1
22	22015	1
22	22016	1
22	22017	1
22	22018	1
22	22019	1
22	22020	1
22	22021	1
22	22022	1
22	22023	1
22	22024	1
22	22025	1
22	22026	1
22	22027	1
22	22028	1
22	22029	1
22	22030	1
22	22031	1
22	22032	1
22	22033	1
22	22034	1
22	22035	1
22	22036	1
22	22037	1
22	22038	1
22	22039	1
22	22040	2
22	22041	2
22	22042	2
22	22043	2
22	22044	2
22	22045	2
22	22046	2
22	22047	1
22	22048	1
22	22049	1
22	22050	1
22	22051	1
22	22052	1
22	22053	1
22	22054	2
22	22055	2
22	22056	2
22	22057	2
22	22058	2
22	22059	2
22	22060	2
22	22061	2
22	22062	2
22	22063	2
22	22064	2
22	22065	2
22	22066	2
22	22067	2
22	22068	2
22	22069	2
22	22070	2
22	22071	2
22	22072	2
22	22073	2
22	22074	2
22	22075	2
22	22076	2
22	22077	2
22	22078	2
22	22079	2
22	22080	2
22	22081	2
22	22082	2
22	22083	2
22	22084	2
22	22085	2
22	22086	2
22	22087	2
22	22088	2
22	22089	2
22	22090	2
22	22091	2
22	22092	2
22	22093	2
22	22094	2
22	22095	2
22	22096	2
22	22097	2
22	22098	2
22	22099	2
22	22100	2
22	22101	2
22	22102	2
22	22103	2
22	22104	2
22	22105	2
22	22106	2
22	22107	2
22	22108	2
22	22109	2
22	22110	2
22	22111	2
22	22112	2
22	22113	2
22	22114	2
22	22115	1
22	22116	1
22	22117	1
22	22118	1
22	22119	1
22	22120	1
22	22121	1
22	22122	1
22	22123	1
22	22124	1
22	22125	1
22	22126	1
22	22127	1
22	22128	1
22	22132	1
22	22133	1
22	22134	1
22	22135	1
22	22136	1
22	22137	1
22	22138	1
22	22139	1
22	22140	1
22	22141	1
22	22142	1
22	22143	1
22	22144	1
22	22145	1
22	22146	1
22	22147	1
22	22148	1
22	22149	1
22	22150	1
22	22151	1
22	22152	1
22	22153	1
22	22154	1
22	22155	1
22	22156	1
22	22157	1
22	22158	1
22	22159	1
22	22160	1
22	22161	1
22	22162	1
22	22163	2
22	22164	2
22	22165	2
22	22166	2
22	22167	2
22	22168	2
22	22169	2
22	22170	2
22	22171	2
22	22172	2
22	22173	2
22	22174	2
22	22175	2
22	22176	2
22	22177	2
22	22178	2
22	22179	2
22	22180	2
22	22181	2
22	22182	2
22	22183	2
22	22184	2
22	22185	2
22	22186	2
22	22187	2
22	22188	2
22	22189	2
22	22190	2
22	22191	2
22	22192	2
22	22193	2
22	22194	2
22	22195	2
22	22196	2
22	22197	2
22	22198	2
22	22199	2
22	22200	2
22	22201	2
22	22202	2
22	22203	2
22	22204	2
22	22205	2
22	22206	2
22	22207	1
22	22208	1
22	22209	1
22	22210	1
22	22211	1
22	22212	1
22	22213	1
22	22214	1
22	22215	1
22	22216	1
22	22217	1
22	22218	1
22	22219	1
22	22220	1
22	22221	1
22	22222	1
22	22223	1
22	22224	1
22	22225	1
22	22226	1
22	22227	1
22	22228	1
22	22229	1
22	22230	1
22	22231	1
22	22232	1
22	22233	1
22	22234	1
22	22235	1
22	22236	2
22	22237	2
22	22238	1
22	22239	1
22	22240	1
22	22241	1
22	22242	1
22	22243	1
22	22244	1
22	22245	1
22	22246	1
22	22247	1
22	22248	1
22	22249	1
22	22250	1
22	22251	1
22	22252	1
22	22253	1
22	22254	1
22	22255	1
22	22256	1
22	22257	1
22	22258	1
22	22259	1
22	22260	1
22	22261	1
22	22262	1
22	22263	1
22	22264	1
22	22265	1
22	22266	1
22	22267	1
22	22268	1
22	22269	1
22	22270	1
22	22271	1
22	22272	1
22	22273	1
22	22274	1
22	22275	1
22	22276	1
22	22277	1
22	22278	1
22	22279	1
22	22280	1
22	22281	1
22	22282	1
22	22283	1
22	22284	1
22	22285	1
22	22286	1
22	22287	1
22	22288	1
22	22289	1
22	22290	1
22	22291	1
22	22292	1
22	22293	1
22	22294	1
22	22295	1
22	22296	1
22	22297	1
22	22298	1
22	22299	1
22	22300	1
22	22301	2
22	22302	2
22	22303	2
22	22304	2
22	22305	3
22	22306	3
22	22307	3
22	22308	3
22	22309	3
22	22310	3
22	22311	2
22	22312	2
22	22313	2
22	22314	2
22	22315	2
22	22316	2
22	22317	2
22	22318	2
22	22319	2
22	22320	2
22	22321	2
22	22322	2
22	22323	2
22	22324	2
22	22325	2
22	22326	2
22	22327	2
22	22328	2
22	22329	2
22	22330	2
22	22331	2
22	22332	3
22	22333	3
22	22334	3
22	22335	3
22	22336	3
22	22337	3
22	22338	3
22	22339	3
22	22340	3
22	22341	3
22	22342	3
22	22343	3
22	22344	3
22	22345	3
22	22346	3
22	22347	3
22	22348	3
22	22349	3
22	22350	3
22	22351	3
22	22352	3
22	22353	3
22	22354	3
22	22355	3
22	22356	3
22	22357	3
22	22358	3
22	22359	3
22	22360	3
22	22361	3
22	22362	3
22	22363	3
22	22364	3
22	22365	3
22	22366	3
22	22367	3
22	22368	3
22	22369	3
22	22370	3
22	22371	3
22	22372	3
22	22373	3
22	22374	3
22	22375	3
22	22376	3
22	22377	3
22	22378	3
22	22379	3
22	22380	2
22	22381	2
22	22382	2
22	22383	2
22	22384	2
22	22385	2
22	22386	2
22	22387	2
22	22388	2
22	22389	2
22	22390	2
22	22391	2
22	22392	2
22	22393	2
22	22394	2
22	22395	2
22	22396	2
22	22397	2
22	22398	2
22	22399	2
22	22400	2
22	22401	2
22	22402	2
22	22403	2
22	22404	2
22	22405	2
22	22406	2
22	22407	1
22	22408	1
22	22409	1
22	22410	1
22	22411	1
22	22412	1
22	22413	1
22	22414	1
22	22415	1
22	22416	1
22	22417	1
22	22432	1
22	22433	1
22	22434	1
22	22435	1
22	22436	1
22	22437	1
22	22438	1
22	22439	1
22	22440	1
22	22441	1
22	22442	1
22	22443	1
22	22444	1
22	22445	1
22	22446	1
22	22447	1
22	22448	1
22	22449	1
22	22450	1
22	22451	1
22	22452	1
22	22453	2
22	22454	2
22	22455	3
22	22456	3
22	22457	3
22	22458	3
22	22459	3
22	22460	3
22	22461	3
22	22462	3
22	22463	3
22	22464	3
22	22465	3
22	22466	3
22	22467	3
22	22468	3
22	22469	3
22	22470	3
22	22471	3
22	22472	3
22	22473	3
22	22474	3
22	22475	3
22	22476	3
22	22477	3
22	22478	3
22	22479	3
22	22480	3
22	22481	3
22	22482	3
22	22483	3
22	22484	3
22	22485	3
22	22486	3
22	22487	3
22	22488	3
22	22489	3
22	22490	3
22	22491	3
22	22492	3
22	22493	3
22	22494	3
22	22495	3
22	22496	3
22	22497	3
22	22498	3
22	22499	3
22	22500	3
22	22501	3
22	22502	3
22	22503	3
22	22504	3
22	22505	3
22	22506	3
22	22507	3
22	22508	3
22	22509	3
22	22510	3
22	22511	3
22	22512	3
22	22513	3
22	22514	3
22	22515	3
22	22516	3
22	22517	3
22	22518	3
22	22519	3
22	22520	4
22	22521	4
22	22522	4
22	22523	4
22	22524	4
22	22525	4
22	22526	4
22	22527	4
22	22528	3
22	22529	3
22	22530	2
22	22531	2
22	22532	2
22	22533	2
22	22534	2
22	22535	2
22	22536	2
22	22537	2
22	22538	2
22	22539	2
22	22540	2
22	22541	2
22	22542	2
22	22543	2
22	22544	2
22	22545	2
22	22546	2
22	22547	2
22	22548	2
22	22549	2
22	22550	2
22	22551	2
22	22552	2
22	22553	2
22	22554	2
22	22555	2
22	22556	2
22	22557	2
22	22558	2
22	22559	2
22	22560	2
22	22561	2
22	22562	2
22	22563	2
22	22564	2
22	22565	2
22	22566	2
22	22567	2
22	22568	2
22	22569	1
22	22570	1
22	22571	1
22	22572	1
22	22573	1
22	22574	1
22	22575	1
22	22576	1
22	22577	1
22	22578	2
22	22579	2
22	22580	2
22	22581	2
22	22582	2
22	22583	2
22	22584	2
22	22585	2
22	22586	2
22	22587	2
22	22588	2
22	22589	2
22	22590	2
22	22591	2
22	22592	2
22	22593	2
22	22594	2
22	22595	1
22	22596	1
22	22597	1
22	22598	1
22	22599	1
22	22600	1
22	22601	1
22	22602	1
22	22603	1
22	22604	1
22	22605	1
22	22606	1
22	22607	1
22	22608	1
22	22609	1
22	22610	1
22	22611	1
22	22612	1
22	22613	1
22	22614	1
22	22615	1
22	22616	1
22	22617	1
22	22618	1
22	22619	1
22	22620	1
22	22621	1
22	22622	1
22	22623	1
22	22624	1
22	22625	1
22	22626	1
22	22627	1
22	22628	1
22	22629	1
22	22630	1
22	22631	1
22	22632	1
22	22633	1
22	22634	1
22	22635	1
22	22636	1
22	22637	1
22	22638	1
22	22639	1
22	22640	1
22	22641	1
22	22642	1
22	22643	1
22	22644	1
22	22645	1
22	22646	1
22	22647	1
22	22648	1
22	22649	1
22	22650	1
22	22651	1
22	22652	1
22	22653	1
22	22654	1
22	22655	1
22	22656	1
22	22657	1
22	22658	1
22	22659	1
22	22660	1
22	22661	1
22	22662	1
22	22663	1
22	22664	1
22	22665	1
22	22666	1
22	22667	1
22	22668	1
22	22669	1
22	22670	1
22	22671	1
22	22672	1
22	22673	1
22	22674	1
22	22675	1
22	22676	1
22	22677	1
22	22678	1
22	22679	1
22	22680	1
22	22681	1
22	22682	1
22	22683	1
22	22684	1
22	22685	1
22	22686	1
22	22687	1
22	22688	1
22	22689	1
22	22690	1
22	22691	1
22	22692	1
22	22693	1
22	22694	1
22	22715	1
22	22716	1
22	22717	1
22	22718	1
22	22719	1
22	22720	1
22	22721	1
22	22722	1
22	22723	1
22	22724	1
22	22725	1
22	22726	1
22	22727	1
22	22728	1
22	22729	1
22	22730	2
22	22731	2
22	22732	2
22	22733	2
22	22734	2
22	22735	2
22	22736	2
22	22737	2
22	22738	2
22	22739	2
22	22740	2
22	22741	2
22	22742	2
22	22743	2
22	22744	2
22	22745	2
22	22746	2
22	22747	2
22	22748	2
22	22749	2
22	22750	2
22	22751	2
22	22752	2
22	22753	2
22	22754	2
22	22755	2
22	22756	2
22	22757	2
22	22758	2
22	22759	2
22	22760	2
22	22761	2
22	22762	2
22	22763	2
22	22764	2
22	22765	2
22	22766	2
22	22767	2
22	22768	2
22	22769	2
22	22770	2
22	22771	2
22	22772	2
22	22773	2
22	22774	2
22	22775	2
22	22776	2
22	22777	2
22	22778	2
22	22779	2
22	22780	2
22	22781	2
22	22782	2
22	22783	2
22	22784	2
22	22785	2
22	22786	2
22	22787	3
22	22788	3
22	22789	3
22	22790	2
22	22791	2
22	22792	2
22	22793	2
22	22794	2
22	22795	2
22	22796	2
22	22797	2
22	22798	2
22	22799	2
22	22800	2
22	22801	2
22	22802	1
22	22803	1
22	22804	1
22	22805	1
22	22806	1
22	22807	1
22	22808	1
22	22809	1
22	22810	1
22	22811	1
22	22812	1
22	22813	1
22	22814	1
22	22815	1
22	22816	1
22	22817	1
22	22818	1
22	22819	1
22	22820	1
22	22821	1
22	22822	1
22	22823	1
22	22824	1
22	22825	1
22	22826	1
22	22827	1
22	22828	1
22	22829	1
22	22830	1
22	22831	1
22	22832	1
22	22833	1
22	22834	1
22	22835	1
22	22836	1
22	22837	1
22	22838	1
22	22839	1
22	22840	1
22	22841	1
22	22842	1
22	22843	1
22	22844	1
22	22845	1
22	22846	1
22	22847	1
22	22848	1
22	22849	1
22	22850	1
22	22851	1
22	22852	1
22	22853	1
22	22854	1
22	22855	1
22	22856	1
22	22857	1
22	22858	1
22	22859	1
22	22860	1
22	22861	1
22	22951	1
22	22952	1
22	22953	1
22	22954	1
22	22955	1
22	22956	1
22	22957	1
22	22958	1
22	22959	1
22	22960	1
22	22961	1
22	22962	1
22	22963	1
22	22964	1
22	22965	1
22	22966	1
22	22967	1
22	22968	1
22	22969	1
22	22970	1
22	22971	1
22	22972	1
22	22973	1
22	22974	1
22	22975	1
22	22976	1
22	22977	1
22	22978	1
22	22979	1
22	22980	1
22	22981	1
22	22982	1
22	22983	1
22	22984	1
22	22985	1
22	22986	1
22	22987	1
22	22988	1
22	22989	1
22	22990	1
22	22991	1
22	22992	1
22	22993	1
22	22994	1
22	22995	1
22	22996	1
22	22997	1
22	22998	1
22	22999	1
22	23000	1
22	23001	1
22	23002	1
22	23003	1
22	23004	1
22	23005	1
22	23006	1
22	23007	1
22	23008	1
22	23009	1
22	23010	1
22	23011	1
22	23012	1
22	23013	1
22	23014	1
22	23015	2
22	23016	2
22	23017	2
22	23018	2
22	23019	2
22	23020	2
22	23021	2
22	23022	2
22	23023	2
22	23024	2
22	23025	2
22	23026	2
22	23027	2
22	23028	2
22	23029	2
22	23030	2
22	23031	2
22	23032	2
22	23033	2
22	23034	2
22	23035	2
22	23036	2
22	23037	2
22	23038	2
22	23039	2
22	23040	2
22	23041	2
22	23042	2
22	23043	2
22	23044	2
22	23045	2
22	23046	2
22	23047	2
22	23048	2
22	23049	2
22	23050	2
22	23051	2
22	23052	2
22	23053	2
22	23054	2
22	23055	2
22	23056	2
22	23057	2
22	23058	2
22	23059	2
22	23060	2
22	23061	2
22	23062	2
22	23063	1
22	23064	1
22	23065	1
22	23066	1
22	23067	1
22	23170	1
22	23171	1
22	23172	1
22	23173	1
22	23174	1
22	23175	1
22	23176	1
22	23177	1
22	23178	1
22	23179	1
22	23180	1
22	23181	1
22	23182	1
22	23183	1
22	23184	1
22	23185	1
22	23186	1
22	23187	1
22	23188	1
22	23189	1
22	23190	1
22	23191	1
22	23192	1
22	23193	1
22	23194	1
22	23195	1
22	23196	1
22	23197	1
22	23198	1
22	23199	1
22	23200	1
22	23201	1
22	23202	1
22	23203	1
22	23204	1
22	23205	1
22	23206	1
22	23207	1
22	23208	1
22	23209	1
22	23210	1
22	23211	1
22	23212	1
22	23213	1
22	23214	1
22	23215	1
22	23216	1
22	23217	1
22	23218	1
22	23219	1
22	23220	1
22	23221	1
22	23222	1
22	23223	1
22	23224	1
22	23225	1
22	23226	1
22	23227	1
22	23228	1
22	23229	1
22	23230	1
22	23231	1
22	23232	1
22	23233	1
22	23234	1
22	23235	1
22	23236	1
22	23237	1
22	23238	2
22	23239	2
22	23240	2
22	23241	2
22	23242	2
22	23243	2
22	23244	2
22	23245	1
22	23246	1
22	23247	1
22	23248	1
22	23249	1
22	23250	1
22	23251	1
22	23252	1
22	23253	1
22	23254	1
22	23255	1
22	23256	1
22	23257	1
22	23258	1
22	23259	1
22	23260	1
22	23261	1
22	23262	1
22	23263	1
22	23264	1
22	23265	1
22	23266	1
22	23267	1
22	23268	1
22	23269	1
22	23270	1
22	23271	2
22	23272	2
22	23273	2
22	23274	2
22	23275	2
22	23276	2
22	23277	2
22	23278	2
22	23279	2
22	23280	2
22	23281	2
22	23282	2
22	23283	2
22	23284	2
22	23285	2
22	23286	2
22	23287	2
22	23288	2
22	23289	2
22	23290	2
22	23291	2
22	23292	2
22	23293	2
22	23294	2
22	23295	2
22	23296	2
22	23297	2
22	23298	2
22	23299	2
22	23300	2
22	23301	2
22	23302	2
22	23303	2
22	23304	2
22	23305	2
22	23306	2
22	23307	2
22	23308	2
22	23309	2
22	23310	2
22	23311	2
22	23312	2
22	23313	2
22	23314	1
22	23315	1
22	23316	1
22	23317	1
22	23318	1
22	23319	1
22	23320	1
22	23321	1
22	23322	1
22	23323	1
22	23324	1
22	23325	1
22	23326	1
22	23327	1
22	23328	1
22	23329	3
22	23330	3
22	23331	3
22	23332	3
22	23333	3
22	23334	3
22	23335	3
22	23336	3
22	23337	3
22	23338	3
22	23339	3
22	23340	3
22	23341	3
22	23342	3
22	23343	3
22	23344	3
22	23345	3
22	23346	2
22	23347	2
22	23348	2
22	23349	2
22	23350	2
22	23351	2
22	23352	2
22	23353	2
22	23354	2
22	23355	2
22	23356	2
22	23357	2
22	23358	2
22	23359	2
22	23360	2
22	23361	2
22	23362	2
22	23363	2
22	23364	2
22	23365	2
22	23366	2
22	23367	2
22	23368	2
22	23369	2
22	23370	2
22	23371	2
22	23372	2
22	23373	3
22	23374	3
22	23375	3
22	23376	3
22	23377	3
22	23378	3
22	23379	3
22	23380	3
22	23381	3
22	23382	3
22	23383	3
22	23384	3
22	23385	3
22	23386	3
22	23387	3
22	23388	3
22	23389	3
22	23390	3
22	23391	3
22	23392	3
22	23393	3
22	23394	3
22	23395	3
22	23396	3
22	23397	3
22	23398	3
22	23399	3
22	23400	3
22	23401	3
22	23402	3
22	23403	3
22	23404	3
22	23405	3
22	23406	3
22	23407	3
22	23408	3
22	23409	3
22	23410	3
22	23411	3
22	23412	3
22	23413	3
22	23414	3
22	23415	3
22	23416	3
22	23417	3
22	23418	3
22	23419	3
22	23420	3
22	23421	3
22	23422	3
22	23423	3
22	23424	3
22	23425	3
22	23426	3
22	23427	2
22	23428	2
22	23429	2
22	23430	2
22	23431	2
22	23432	2
22	23433	2
22	23434	2
22	23435	2
22	23436	2
22	23437	2
22	23438	2
22	23439	2
22	23440	2
22	23441	2
22	23442	2
22	23443	2
22	23444	2
22	23445	2
22	23446	2
22	23447	2
22	23448	1
22	23449	1
22	23450	1
22	23451	1
22	23452	1
22	23453	1
22	23454	1
22	23455	1
22	23456	1
22	23457	1
22	23458	1
22	23459	1
22	23460	1
22	23461	1
22	23462	1
22	23463	1
22	23493	1
22	23494	1
22	23495	1
22	23496	1
22	23497	1
22	23498	1
22	23499	1
22	23500	1
22	23501	1
22	23502	1
22	23503	1
22	23504	1
22	23505	1
22	23506	1
22	23507	1
22	23508	1
22	23509	1
22	23510	1
22	23511	1
22	23512	1
22	23513	1
22	23514	1
22	23515	1
22	23516	1
22	23517	1
22	23518	1
22	23519	1
22	23520	1
22	23521	1
22	23522	1
22	23523	1
22	23524	1
22	23525	1
22	23526	1
22	23527	1
22	23528	1
22	23529	1
22	23530	1
22	23531	1
22	23532	1
22	23533	1
22	23534	1
22	23535	1
22	23536	1
22	23537	1
22	23538	1
22	23539	1
22	23540	2
22	23541	2
22	23542	2
22	23543	2
22	23544	2
22	23545	2
22	23546	2
22	23547	2
22	23548	2
22	23549	2
22	23550	2
22	23551	2
22	23552	2
22	23553	2
22	23554	2
22	23555	2
22	23556	2
22	23557	2
22	23558	2
22	23559	2
22	23560	2
22	23561	2
22	23562	2
22	23563	2
22	23564	2
22	23565	2
22	23566	3
22	23567	3
22	23568	2
22	23569	2
22	23570	2
22	23571	2
22	23572	2
22	23573	2
22	23574	2
22	23575	2
22	23576	2
22	23577	2
22	23578	2
22	23579	2
22	23580	2
22	23581	2
22	23582	2
22	23583	2
22	23584	2
22	23585	2
22	23586	2
22	23587	2
22	23588	2
22	23589	2
22	23590	2
22	23591	2
22	23592	2
22	23593	2
22	23594	2
22	23595	2
22	23596	2
22	23597	2
22	23598	2
22	23599	2
22	23600	2
22	23601	3
22	23602	3
22	23603	3
22	23604	3
22	23605	3
22	23606	3
22	23607	3
22	23608	3
22	23609	3
22	23610	3
22	23611	3
22	23612	3
22	23613	3
22	23614	3
22	23615	2
22	23616	2
22	23617	2
22	23618	2
22	23619	2
22	23620	2
22	23621	2
22	23622	3
22	23623	3
22	23624	3
22	23625	3
22	23626	3
22	23627	3
22	23628	3
22	23629	3
22	23630	3
22	23631	3
22	23632	3
22	23633	3
22	23634	3
22	23635	3
22	23636	3
22	23637	3
22	23638	3
22	23639	3
22	23640	3
22	23641	3
22	23642	3
22	23643	3
22	23644	3
22	23645	3
22	23646	3
22	23647	3
22	23648	3
22	23649	3
22	23650	3
22	23651	2
22	23652	2
22	23653	2
22	23654	2
22	23655	2
22	23656	2
22	23657	2
22	23658	2
22	23659	2
22	23660	3
22	23661	3
22	23662	3
22	23663	3
22	23664	3
22	23665	4
22	23666	4
22	23667	4
22	23668	4
22	23669	4
22	23670	4
22	23671	4
22	23672	4
22	23673	4
22	23674	4
22	23675	4
22	23676	4
22	23677	4
22	23678	4
22	23679	4
22	23680	4
22	23681	4
22	23682	4
22	23683	4
22	23684	4
22	23685	4
22	23686	4
22	23687	4
22	23688	4
22	23689	4
22	23690	4
22	23691	4
22	23692	4
22	23693	4
22	23694	4
22	23695	4
22	23696	4
22	23697	3
22	23698	3
22	23699	2
22	23700	2
22	23701	2
22	23702	2
22	23703	2
22	23704	2
22	23705	2
22	23706	2
22	23707	2
22	23708	2
22	23709	2
22	23710	2
22	23711	2
22	23712	2
22	23713	2
22	23714	2
22	23715	2
22	23716	2
22	23717	2
22	23718	2
22	23719	2
22	23720	2
22	23721	2
22	23722	2
22	23723	2
22	23724	2
22	23725	2
22	23726	2
22	23727	2
22	23728	2
22	23729	2
22	23730	2
22	23731	2
22	23732	2
22	23733	2
22	23734	2
22	23735	1
22	23736	1
22	23737	1
22	23738	1
22	23739	1
22	23767	1
22	23768	1
22	23769	1
22	23770	1
22	23771	1
22	23772	1
22	23773	1
22	23774	1
22	23775	1
22	23776	1
22	23777	1
22	23778	1
22	23779	1
22	23780	1
22	23781	1
22	23782	1
22	23783	1
22	23784	1
22	23785	1
22	23786	1
22	23787	1
22	23788	1
22	23789	1
22	23790	1
22	23791	1
22	23792	1
22	23793	1
22	23794	1
22	23795	2
22	23796	2
22	23797	2
22	23798	2
22	23799	2
22	23800	2
22	23801	2
22	23802	2
22	23803	2
22	23804	2
22	23805	2
22	23806	2
22	23807	2
22	23808	2
22	23809	2
22	23810	2
22	23811	2
22	23812	2
22	23813	2
22	23814	2
22	23815	2
22	23816	2
22	23817	2
22	23818	2
22	23819	2
22	23820	2
22	23821	2
22	23822	2
22	23823	2
22	23824	2
22	23825	2
22	23826	2
22	23827	3
22	23828	3
22	23829	3
22	23830	3
22	23831	3
22	23832	3
22	23833	3
22	23834	3
22	23835	3
22	23836	3
22	23837	3
22	23838	3
22	23839	3
22	23840	3
22	23841	3
22	23842	2
22	23843	2
22	23844	2
22	23845	2
22	23846	2
22	23847	2
22	23848	2
22	23849	2
22	23850	2
22	23851	2
22	23852	2
22	23853	2
22	23854	2
22	23855	2
22	23856	2
22	23857	2
22	23858	2
22	23859	2
22	23860	2
22	23861	2
22	23862	2
22	23863	2
22	23864	2
22	23865	2
22	23866	3
22	23867	3
22	23868	3
22	23869	3
22	23870	2
22	23871	2
22	23872	2
22	23873	2
22	23874	2
22	23875	2
22	23876	2
22	23877	2
22	23878	2
22	23879	2
22	23880	2
22	23881	2
22	23882	2
22	23883	2
22	23884	2
22	23885	2
22	23886	2
22	23887	2
22	23888	2
22	23889	2
22	23890	2
22	23891	2
22	23892	2
22	23893	2
22	23894	2
22	23895	2
22	23896	2
22	23897	2
22	23898	2
22	23899	2
22	23900	2
22	23901	2
22	23902	1
22	23903	1
22	23904	1
22	23905	1
22	23906	1
22	23907	1
22	23908	1
22	23909	1
22	23910	1
22	23911	1
22	23912	1
22	23913	1
22	23914	2
22	23915	2
22	23916	2
22	23917	2
22	23918	2
22	23919	2
22	23920	2
22	23921	2
22	23922	2
22	23923	2
22	23924	2
22	23925	2
22	23926	2
22	23927	2
22	23928	2
22	23929	2
22	23930	2
22	23931	3
22	23932	3
22	23933	3
22	23934	3
22	23935	3
22	23936	3
22	23937	3
22	23938	3
22	23939	3
22	23940	3
22	23941	2
22	23942	2
22	23943	2
22	23944	2
22	23945	2
22	23946	2
22	23947	2
22	23948	3
22	23949	3
22	23950	3
22	23951	3
22	23952	3
22	23953	3
22	23954	3
22	23955	4
22	23956	4
22	23957	4
22	23958	4
22	23959	4
22	23960	4
22	23961	4
22	23962	4
22	23963	5
22	23964	5
22	23965	5
22	23966	5
22	23967	5
22	23968	5
22	23969	5
22	23970	5
22	23971	5
22	23972	5
22	23973	5
22	23974	5
22	23975	5
22	23976	5
22	23977	5
22	23978	5
22	23979	5
22	23980	5
22	23981	5
22	23982	5
22	23983	5
22	23984	5
22	23985	5
22	23986	5
22	23987	5
22	23988	5
22	23989	4
22	23990	4
22	23991	4
22	23992	4
22	23993	4
22	23994	4
22	23995	4
22	23996	4
22	23997	4
22	23998	4
22	23999	4
22	24000	4
22	24001	4
22	24002	4
22	24003	4
22	24004	4
22	24005	4
22	24006	3
22	24007	3
22	24008	3
22	24009	3
22	24010	3
22	24011	3
22	24012	3
22	24013	3
22	24014	3
22	24015	3
22	24016	3
22	24017	3
22	24018	3
22	24019	3
22	24020	3
22	24021	3
22	24022	3
22	24023	3
22	24024	3
22	24025	3
22	24026	3
22	24027	3
22	24028	3
22	24029	3
22	24030	3
22	24031	3
22	24032	3
22	24033	3
22	24034	3
22	24035	3
22	24036	3
22	24037	2
22	24038	1
22	24039	1
22	24040	1
22	24041	1
22	24042	1
22	24043	1
22	24044	1
22	24045	1
22	24046	1
22	24047	2
22	24048	3
22	24049	3
22	24050	3
22	24051	3
22	24052	3
22	24053	3
22	24054	3
22	24055	3
22	24056	3
22	24057	3
22	24058	3
22	24059	3
22	24060	3
22	24061	3
22	24062	3
22	24063	3
22	24064	3
22	24065	3
22	24066	3
22	24067	3
22	24068	3
22	24069	3
22	24070	3
22	24071	3
22	24072	3
22	24073	3
22	24074	3
22	24075	3
22	24076	3
22	24077	3
22	24078	3
22	24079	3
22	24080	3
22	24081	3
22	24082	3
22	24083	3
22	24084	3
22	24085	3
22	24086	3
22	24087	3
22	24088	3
22	24089	3
22	24090	3
22	24091	3
22	24092	3
22	24093	3
22	24094	3
22	24095	3
22	24096	3
22	24097	3
22	24098	3
22	24099	3
22	24100	3
22	24101	3
22	24102	3
22	24103	3
22	24104	3
22	24105	2
22	24106	2
22	24107	2
22	24108	2
22	24109	2
22	24110	2
22	24111	2
22	24112	2
22	24113	2
22	24114	2
22	24115	2
22	24116	2
22	24117	2
22	24118	2
22	24119	2
22	24120	2
22	24121	2
22	24122	2
22	24123	2
22	24124	2
22	24125	2
22	24126	2
22	24127	2
22	24128	2
22	24129	2
22	24130	2
22	24131	2
22	24132	2
22	24133	2
22	24134	1
22	24135	1
22	24136	1
22	24137	1
22	24138	1
22	24139	1
22	24140	1
22	24141	2
22	24142	2
22	24143	2
22	24144	2
22	24145	2
22	24146	2
22	24147	2
22	24148	2
22	24149	2
22	24150	2
22	24151	2
22	24152	2
22	24153	2
22	24154	2
22	24155	2
22	24156	2
22	24157	2
22	24158	2
22	24159	2
22	24160	2
22	24161	2
22	24162	2
22	24163	2
22	24164	2
22	24165	2
22	24166	2
22	24167	2
22	24168	2
22	24169	2
22	24170	2
22	24171	1
22	24172	1
22	24173	1
22	24174	1
22	24175	1
22	24176	1
22	24177	1
22	24178	1
22	24179	1
22	24180	1
22	24181	1
22	24182	1
22	24183	1
22	24184	1
22	24185	1
22	24186	1
22	24187	1
22	24188	1
22	24189	1
22	24190	1
22	24191	1
22	24192	1
22	24193	1
22	24194	1
22	24195	1
22	24196	1
22	24197	1
22	24198	1
22	24199	1
22	24200	1
22	24201	1
22	24202	1
22	24203	1
22	24204	1
22	24205	1
22	24206	1
22	24207	1
22	24208	1
22	24209	1
22	24210	1
22	24211	1
22	24212	1
22	24213	1
22	24214	1
22	24215	1
22	24263	1
22	24264	1
22	24265	1
22	24266	1
22	24267	1
22	24268	1
22	24269	1
22	24270	1
22	24271	1
22	24272	1
22	24273	1
22	24274	1
22	24275	1
22	24276	1
22	24277	1
22	24278	1
22	24279	1
22	24280	1
22	24281	1
22	24282	1
22	24283	1
22	24284	1
22	24285	1
22	24286	1
22	24287	1
22	24288	1
22	24289	1
22	24290	1
22	24291	1
22	24292	1
22	24293	1
22	24294	1
22	24295	1
22	24296	1
22	24297	1
22	24298	1
22	24299	1
22	24300	1
22	24301	1
22	24302	1
22	24303	1
22	24304	1
22	24305	1
22	24306	1
22	24307	1
22	24308	1
22	24309	1
22	24310	1
22	24311	1
22	24312	1
22	24313	1
22	24314	1
22	24315	1
22	24316	1
22	24317	1
22	24318	1
22	24319	1
22	24320	1
22	24321	1
22	24322	1
22	24323	1
22	24324	1
22	24325	1
22	24326	1
22	24327	1
22	24328	1
22	24329	1
22	24330	1
22	24331	1
22	24332	1
22	24333	1
22	24334	1
22	24335	1
22	24336	1
22	24337	1
22	24546	1
22	24547	1
22	24548	1
22	24549	1
22	24550	1
22	24551	1
22	24552	1
22	24553	1
22	24554	2
22	24555	2
22	24556	2
22	24557	2
22	24558	2
22	24559	2
22	24560	2
22	24561	2
22	24562	2
22	24563	2
22	24564	2
22	24565	2
22	24566	2
22	24567	2
22	24568	2
22	24569	2
22	24570	2
22	24571	2
22	24572	2
22	24573	2
22	24574	2
22	24575	2
22	24576	2
22	24577	2
22	24578	2
22	24579	3
22	24580	3
22	24581	3
22	24582	3
22	24583	3
22	24584	3
22	24585	4
22	24586	4
22	24587	4
22	24588	4
22	24589	4
22	24590	4
22	24591	4
22	24592	4
22	24593	4
22	24594	4
22	24595	4
22	24596	4
22	24597	4
22	24598	4
22	24599	4
22	24600	4
22	24601	4
22	24602	4
22	24603	4
22	24604	4
22	24605	4
22	24606	4
22	24607	4
22	24608	4
22	24609	4
22	24610	4
22	24611	4
22	24612	4
22	24613	4
22	24614	4
22	24615	4
22	24616	4
22	24617	4
22	24618	4
22	24619	4
22	24620	4
22	24621	4
22	24622	4
22	24623	4
22	24624	4
22	24625	4
22	24626	4
22	24627	4
22	24628	4
22	24629	3
22	24630	3
22	24631	3
22	24632	3
22	24633	3
22	24634	3
22	24635	3
22	24636	3
22	24637	3
22	24638	3
22	24639	3
22	24640	3
22	24641	3
22	24642	3
22	24643	3
22	24644	3
22	24645	3
22	24646	3
22	24647	3
22	24648	3
22	24649	3
22	24650	3
22	24651	3
22	24652	3
22	24653	3
22	24654	3
22	24655	3
22	24656	3
22	24657	3
22	24658	3
22	24659	3
22	24660	2
22	24661	2
22	24662	2
22	24663	2
22	24664	1
22	24665	1
22	24666	1
22	24667	1
22	24668	1
22	24669	1
22	24670	1
22	24671	1
22	24672	1
22	24673	1
22	24674	1
22	24675	1
22	24676	1
22	24677	1
22	24678	2
22	24679	2
22	24680	1
22	24681	1
22	24682	1
22	24683	1
22	24684	1
22	24685	1
22	24686	1
22	24687	1
22	24688	1
22	24689	1
22	24690	1
22	24691	1
22	24692	1
22	24693	1
22	24694	1
22	24695	2
22	24696	2
22	24697	2
22	24698	2
22	24699	2
22	24700	2
22	24701	2
22	24702	2
22	24703	2
22	24704	2
22	24705	2
22	24706	2
22	24707	2
22	24708	2
22	24709	2
22	24710	2
22	24711	2
22	24712	2
22	24713	2
22	24714	2
22	24715	2
22	24716	2
22	24717	2
22	24718	2
22	24719	2
22	24720	2
22	24721	2
22	24722	2
22	24723	2
22	24724	2
22	24725	2
22	24726	2
22	24727	2
22	24728	2
22	24729	2
22	24730	2
22	24731	2
22	24732	2
22	24733	2
22	24734	2
22	24735	2
22	24736	2
22	24737	2
22	24738	2
22	24739	2
22	24740	2
22	24741	2
22	24742	2
22	24743	2
22	24744	2
22	24745	2
22	24746	2
22	24747	2
22	24748	2
22	24749	2
22	24750	2
22	24751	2
22	24752	2
22	24753	2
22	24754	2
22	24755	2
22	24756	2
22	24757	2
22	24758	2
22	24759	2
22	24760	2
22	24761	2
22	24762	2
22	24763	2
22	24764	2
22	24765	2
22	24766	2
22	24767	2
22	24768	2
22	24769	2
22	24770	1
22	24771	1
22	24772	1
22	24773	1
22	24774	1
22	24775	1
22	24776	1
22	24777	1
22	24778	1
22	24779	1
22	24780	1
22	24781	1
22	24782	1
22	24783	1
22	24784	1
22	24785	1
22	24786	1
22	24787	1
22	24788	1
22	24789	1
22	24790	1
22	24791	1
22	24792	2
22	24793	2
22	24794	2
22	24795	2
22	24796	2
22	24797	2
22	24798	2
22	24799	2
22	24800	2
22	24801	2
22	24802	2
22	24803	2
22	24804	2
22	24805	2
22	24806	2
22	24807	2
22	24808	2
22	24809	2
22	24810	2
22	24811	3
22	24812	3
22	24813	3
22	24814	2
22	24815	2
22	24816	2
22	24817	2
22	24818	2
22	24819	2
22	24820	2
22	24821	2
22	24822	2
22	24823	2
22	24824	2
22	24825	2
22	24826	2
22	24827	2
22	24828	2
22	24829	2
22	24830	2
22	24831	2
22	24832	2
22	24833	2
22	24834	2
22	24835	2
22	24836	2
22	24837	2
22	24838	2
22	24839	2
22	24840	2
22	24841	2
22	24842	2
22	24843	2
22	24844	2
22	24845	2
22	24846	2
22	24847	2
22	24848	2
22	24849	2
22	24850	2
22	24851	2
22	24852	2
22	24853	2
22	24854	2
22	24855	2
22	24856	2
22	24857	2
22	24858	2
22	24859	2
22	24860	2
22	24861	2
22	24862	2
22	24863	2
22	24864	2
22	24865	2
22	24866	2
22	24867	1
22	24868	1
22	24869	1
22	24870	1
22	24871	1
22	24872	1
22	24873	1
22	24874	1
22	24875	1
22	24876	1
22	24877	1
22	24878	1
22	24879	1
22	24880	1
22	24881	1
22	24882	1
22	24883	1
22	24884	1
22	24885	1
22	24886	1
22	24887	1
22	24888	1
22	24889	1
22	24890	1
22	24891	1
22	24892	1
22	24893	1
22	24894	1
22	24895	1
22	24896	1
22	24897	1
22	24898	1
22	24899	1
22	24900	1
22	24901	1
22	24902	1
22	24903	1
22	24904	1
22	24905	1
22	24906	1
22	24907	1
22	24908	1
22	24909	2
22	24910	2
22	24911	2
22	24912	2
22	24913	2
22	24914	2
22	24915	2
22	24916	2
22	24917	2
22	24918	2
22	24919	2
22	24920	2
22	24921	2
22	24922	2
22	24923	2
22	24924	2
22	24925	2
22	24926	2
22	24927	2
22	24928	2
22	24929	2
22	24930	2
22	24931	2
22	24932	2
22	24933	2
22	24934	2
22	24935	2
22	24936	2
22	24937	2
22	24938	2
22	24939	2
22	24940	3
22	24941	3
22	24942	3
22	24943	2
22	24944	2
22	24945	3
22	24946	3
22	24947	3
22	24948	3
22	24949	3
22	24950	3
22	24951	3
22	24952	3
22	24953	3
22	24954	3
22	24955	3
22	24956	3
22	24957	3
22	24958	3
22	24959	3
22	24960	3
22	24961	3
22	24962	3
22	24963	4
22	24964	4
22	24965	4
22	24966	4
22	24967	4
22	24968	4
22	24969	4
22	24970	4
22	24971	4
22	24972	4
22	24973	4
22	24974	4
22	24975	4
22	24976	4
22	24977	4
22	24978	4
22	24979	4
22	24980	4
22	24981	4
22	24982	4
22	24983	4
22	24984	3
22	24985	3
22	24986	3
22	24987	3
22	24988	3
22	24989	3
22	24990	3
22	24991	3
22	24992	3
22	24993	3
22	24994	3
22	24995	3
22	24996	3
22	24997	3
22	24998	3
22	24999	3
22	25000	3
22	25001	3
22	25002	3
22	25003	3
22	25004	3
22	25005	3
22	25006	3
22	25007	3
22	25008	3
22	25009	3
22	25010	3
22	25011	3
22	25012	3
22	25013	3
22	25014	3
22	25015	3
22	25016	3
22	25017	3
22	25018	3
22	25019	3
22	25020	2
22	25021	2
22	25022	2
22	25023	2
22	25024	2
22	25025	2
22	25026	3
22	25027	3
22	25028	3
22	25029	3
22	25030	3
22	25031	3
22	25032	3
22	25033	3
22	25034	3
22	25035	3
22	25036	3
22	25037	3
22	25038	2
22	25039	2
22	25040	2
22	25041	1
22	25042	1
22	25043	1
22	25044	1
22	25045	1
22	25046	1
22	25047	1
22	25048	1
22	25049	1
22	25050	1
22	25051	1
22	25052	1
22	25053	1
22	25054	1
22	25055	1
22	25056	1
22	25057	1
22	25058	1
22	25059	1
22	25060	1
22	25061	1
22	25062	1
22	25063	1
22	25064	1
22	25065	1
22	25066	1
22	25067	1
22	25068	1
22	25069	1
22	25070	1
22	25071	1
22	25072	1
22	25073	1
22	25074	1
22	25075	1
22	25076	1
22	25077	1
22	25078	1
22	25079	1
22	25080	1
22	25081	1
22	25082	1
22	25083	1
22	25084	1
22	25085	1
22	25086	1
22	25087	1
22	25088	1
22	25089	1
22	25090	1
22	25091	1
22	25092	1
22	25093	1
22	25094	1
22	25095	1
22	25096	1
22	25097	1
22	25098	1
22	25099	1
22	25100	1
22	25316	1
22	25317	1
22	25318	1
22	25319	1
22	25320	1
22	25321	1
22	25322	1
22	25323	1
22	25324	1
22	25325	1
22	25326	1
22	25327	1
22	25328	1
22	25329	1
22	25330	1
22	25331	1
22	25332	1
22	25333	1
22	25334	1
22	25335	1
22	25336	1
22	25337	1
22	25338	1
22	25339	1
22	25340	1
22	25341	1
22	25342	1
22	25343	1
22	25344	1
22	25345	2
22	25346	2
22	25347	2
22	25348	2
22	25349	2
22	25350	2
22	25351	2
22	25352	2
22	25353	2
22	25354	2
22	25355	2
22	25356	2
22	25357	2
22	25358	2
22	25359	2
22	25360	2
22	25361	2
22	25362	2
22	25363	2
22	25364	2
22	25365	2
22	25366	2
22	25367	2
22	25368	2
22	25369	2
22	25370	2
22	25371	2
22	25372	2
22	25373	2
22	25374	2
22	25375	2
22	25376	2
22	25377	2
22	25378	2
22	25379	2
22	25380	2
22	25381	2
22	25382	2
22	25383	2
22	25384	2
22	25385	2
22	25386	2
22	25387	2
22	25388	2
22	25389	2
22	25390	2
22	25391	2
22	25392	2
22	25393	2
22	25394	2
22	25395	2
22	25396	2
22	25397	2
22	25398	2
22	25399	2
22	25400	2
22	25401	2
22	25402	2
22	25403	2
22	25404	2
22	25405	2
22	25406	2
22	25407	2
22	25408	2
22	25409	2
22	25410	2
22	25411	2
22	25412	2
22	25413	2
22	25414	2
22	25415	2
22	25416	2
22	25417	2
22	25418	2
22	25419	2
22	25420	1
22	25421	1
22	25422	1
22	25423	1
22	25424	1
22	25425	1
22	25426	1
22	25427	1
22	25428	1
22	25429	1
22	25430	1
22	25431	1
22	25432	1
22	25433	1
22	25434	1
22	25435	1
22	25436	2
22	25437	2
22	25438	2
22	25439	2
22	25440	1
22	25441	1
22	25442	1
22	25443	1
22	25444	1
22	25445	1
22	25446	1
22	25447	1
22	25448	1
22	25449	1
22	25450	1
22	25451	1
22	25452	1
22	25453	1
22	25454	1
22	25455	1
22	25456	1
22	25457	1
22	25458	1
22	25459	1
22	25460	1
22	25461	1
22	25462	1
22	25463	1
22	25464	1
22	25465	1
22	25466	1
22	25467	1
22	25468	1
22	25469	1
22	25470	1
22	25471	1
22	25472	1
22	25473	1
22	25474	1
22	25475	2
22	25476	2
22	25477	2
22	25478	2
22	25479	2
22	25480	2
22	25481	2
22	25482	2
22	25483	2
22	25484	2
22	25485	2
22	25486	2
22	25487	2
22	25488	2
22	25489	2
22	25490	2
22	25491	2
22	25492	2
22	25493	2
22	25494	2
22	25495	2
22	25496	2
22	25497	2
22	25498	2
22	25499	2
22	25500	2
22	25501	2
22	25502	2
22	25503	2
22	25504	3
22	25505	3
22	25506	3
22	25507	3
22	25508	3
22	25509	3
22	25510	3
22	25511	3
22	25512	3
22	25513	3
22	25514	3
22	25515	3
22	25516	3
22	25517	3
22	25518	3
22	25519	3
22	25520	3
22	25521	3
22	25522	3
22	25523	3
22	25524	3
22	25525	3
22	25526	3
22	25527	3
22	25528	3
22	25529	3
22	25530	3
22	25531	3
22	25532	3
22	25533	3
22	25534	3
22	25535	3
22	25536	3
22	25537	3
22	25538	3
22	25539	3
22	25540	3
22	25541	3
22	25542	3
22	25543	3
22	25544	3
22	25545	3
22	25546	3
22	25547	3
22	25548	3
22	25549	3
22	25550	2
22	25551	2
22	25552	1
22	25553	1
22	25554	1
22	25555	1
22	25556	1
22	25557	1
22	25558	1
22	25559	1
22	25560	1
22	25561	1
22	25562	1
22	25563	1
22	25564	1
22	25565	1
22	25566	1
22	25567	1
22	25568	1
22	25569	1
22	25570	1
22	25571	1
22	25572	1
22	25573	1
22	25574	1
22	25575	1
22	25576	1
22	25577	1
22	25578	1
22	25579	1
22	25580	1
22	25581	1
22	25582	1
22	25583	1
22	25584	1
22	25585	1
22	25586	1
22	25587	1
22	25588	1
22	25589	1
22	25590	1
22	25591	1
22	25592	1
22	25593	1
22	25594	1
22	25595	1
22	25596	1
22	25597	1
22	25645	1
22	25646	1
22	25647	1
22	25648	1
22	25649	1
22	25650	1
22	25651	1
22	25652	1
22	25653	1
22	25654	1
22	25655	1
22	25656	1
22	25657	1
22	25658	1
22	25659	1
22	25660	1
22	25661	1
22	25662	1
22	25663	1
22	25664	1
22	25665	1
22	25666	1
22	25667	1
22	25668	1
22	25669	1
22	25670	1
22	25671	1
22	25672	1
22	25673	1
22	25674	1
22	25675	1
22	25676	1
22	25677	1
22	25678	1
22	25679	1
22	25680	1
22	25681	1
22	25682	1
22	25683	1
22	25684	1
22	25685	1
22	25686	1
22	25687	1
22	25688	1
22	25689	1
22	25690	1
22	25691	1
22	25692	1
22	25693	1
22	25694	1
22	25695	1
22	25696	1
22	25697	2
22	25698	2
22	25699	2
22	25700	2
22	25701	2
22	25702	2
22	25703	2
22	25704	2
22	25705	2
22	25706	2
22	25707	2
22	25708	2
22	25709	2
22	25710	2
22	25711	2
22	25712	2
22	25713	2
22	25714	2
22	25715	2
22	25716	2
22	25717	2
22	25718	2
22	25719	2
22	25720	1
22	25721	1
22	25722	1
22	25723	1
22	25724	1
22	25725	1
22	25726	1
22	25727	1
22	25728	1
22	25729	1
22	25730	1
22	25731	1
22	25732	1
22	25733	1
22	25734	1
22	25735	1
22	25736	1
22	25737	1
22	25738	1
22	25739	1
22	25740	1
22	25741	1
22	25742	1
22	25743	1
22	25744	1
22	25745	1
22	25746	1
22	25747	1
22	25748	1
22	25749	1
22	25750	1
22	25751	1
22	25752	1
22	25753	1
22	25754	1
22	25755	1
22	25756	1
22	25757	1
22	25758	1
22	25759	1
22	25760	1
22	25761	1
22	25762	1
22	25763	1
22	25764	1
22	25765	1
22	25766	1
22	25767	1
22	25768	1
22	25769	1
22	25770	1
22	25771	1
22	26375	1
22	26376	1
22	26377	1
22	26378	1
22	26379	1
22	26380	1
22	26381	1
22	26382	1
22	26383	1
22	26384	1
22	26385	1
22	26386	1
22	26387	1
22	26388	1
22	26389	1
22	26390	1
22	26391	1
22	26392	2
22	26393	2
22	26394	2
22	26395	2
22	26396	2
22	26397	2
22	26398	2
22	26399	2
22	26400	2
22	26401	2
22	26402	2
22	26403	2
22	26404	2
22	26405	2
22	26406	2
22	26407	2
22	26408	2
22	26409	2
22	26410	2
22	26411	2
22	26412	2
22	26413	2
22	26414	2
22	26415	2
22	26416	2
22	26417	2
22	26418	2
22	26419	2
22	26420	2
22	26421	2
22	26422	2
22	26423	2
22	26424	2
22	26425	2
22	26426	2
22	26427	2
22	26428	2
22	26429	2
22	26430	2
22	26431	2
22	26432	2
22	26433	2
22	26434	2
22	26435	2
22	26436	2
22	26437	2
22	26438	2
22	26439	2
22	26440	2
22	26441	2
22	26442	2
22	26443	2
22	26444	2
22	26445	2
22	26446	2
22	26447	2
22	26448	2
22	26449	2
22	26450	1
22	26451	1
22	26452	1
22	26453	1
22	26454	1
22	26455	1
22	26456	1
22	26457	1
22	26458	1
22	26459	1
22	26460	1
22	26461	1
22	26462	1
22	26463	1
22	26464	1
22	26465	1
22	26466	1
22	26478	1
22	26479	1
22	26480	1
22	26481	1
22	26482	2
22	26483	2
22	26484	2
22	26485	2
22	26486	2
22	26487	2
22	26488	2
22	26489	2
22	26490	2
22	26491	2
22	26492	2
22	26493	2
22	26494	2
22	26495	2
22	26496	2
22	26497	2
22	26498	2
22	26499	2
22	26500	2
22	26501	2
22	26502	2
22	26503	2
22	26504	2
22	26505	2
22	26506	2
22	26507	2
22	26508	2
22	26509	2
22	26510	2
22	26511	2
22	26512	2
22	26513	2
22	26514	2
22	26515	2
22	26516	2
22	26517	2
22	26518	2
22	26519	2
22	26520	2
22	26521	2
22	26522	3
22	26523	3
22	26524	4
22	26525	4
22	26526	4
22	26527	4
22	26528	4
22	26529	4
22	26530	4
22	26531	4
22	26532	4
22	26533	4
22	26534	4
22	26535	4
22	26536	4
22	26537	4
22	26538	4
22	26539	4
22	26540	4
22	26541	4
22	26542	4
22	26543	4
22	26544	4
22	26545	4
22	26546	4
22	26547	4
22	26548	4
22	26549	4
22	26550	4
22	26551	4
22	26552	4
22	26553	4
22	26554	4
22	26555	4
22	26556	4
22	26557	3
22	26558	3
22	26559	3
22	26560	3
22	26561	3
22	26562	3
22	26563	3
22	26564	3
22	26565	3
22	26566	3
22	26567	3
22	26568	3
22	26569	3
22	26570	3
22	26571	3
22	26572	3
22	26573	3
22	26574	3
22	26575	3
22	26576	3
22	26577	3
22	26578	3
22	26579	3
22	26580	3
22	26581	3
22	26582	3
22	26583	3
22	26584	3
22	26585	2
22	26586	2
22	26587	2
22	26588	2
22	26589	2
22	26590	2
22	26591	2
22	26592	2
22	26593	2
22	26594	2
22	26595	2
22	26596	2
22	26597	1
22	26598	1
22	26601	1
22	26602	1
22	26603	1
22	26604	1
22	26605	1
22	26606	1
22	26607	1
22	26608	1
22	26609	1
22	26610	1
22	26611	1
22	26612	1
22	26613	1
22	26614	1
22	26615	1
22	26616	1
22	26617	1
22	26618	1
22	26619	1
22	26620	1
22	26621	1
22	26622	1
22	26623	1
22	26624	1
22	26625	1
22	26626	1
22	26627	1
22	26628	1
22	26629	1
22	26630	1
22	26631	1
22	26632	1
22	26633	1
22	26634	1
22	26635	1
22	26636	1
22	26637	1
22	26638	1
22	26639	1
22	26640	1
22	26641	1
22	26642	1
22	26643	1
22	26644	1
22	26645	1
22	26646	1
22	26647	1
22	26648	1
22	26649	1
22	26650	1
22	26651	1
22	26652	1
22	26653	1
22	26654	1
22	26655	1
22	26656	1
22	26657	1
22	26658	1
22	26659	1
22	26660	1
22	26661	1
22	26662	1
22	26663	1
22	26664	1
22	26665	1
22	26666	1
22	26667	1
22	26668	1
22	26669	1
22	26670	1
22	26671	1
22	26672	1
22	26673	2
22	26674	2
22	26675	2
22	26676	2
22	26677	2
22	26678	2
22	26679	2
22	26680	2
22	26681	3
22	26682	3
22	26683	3
22	26684	3
22	26685	3
22	26686	3
22	26687	3
22	26688	3
22	26689	3
22	26690	3
22	26691	3
22	26692	3
22	26693	3
22	26694	3
22	26695	3
22	26696	3
22	26697	3
22	26698	4
22	26699	4
22	26700	5
22	26701	5
22	26702	5
22	26703	5
22	26704	5
22	26705	5
22	26706	5
22	26707	5
22	26708	5
22	26709	5
22	26710	5
22	26711	4
22	26712	4
22	26713	4
22	26714	4
22	26715	4
22	26716	4
22	26717	4
22	26718	4
22	26719	4
22	26720	4
22	26721	4
22	26722	4
22	26723	4
22	26724	4
22	26725	4
22	26726	4
22	26727	4
22	26728	4
22	26729	4
22	26730	4
22	26731	4
22	26732	4
22	26733	4
22	26734	4
22	26735	4
22	26736	4
22	26737	4
22	26738	4
22	26739	4
22	26740	4
22	26741	4
22	26742	4
22	26743	4
22	26744	4
22	26745	4
22	26746	4
22	26747	4
22	26748	3
22	26749	3
22	26750	3
22	26751	3
22	26752	3
22	26753	3
22	26754	3
22	26755	3
22	26756	3
22	26757	3
22	26758	3
22	26759	3
22	26760	3
22	26761	3
22	26762	3
22	26763	3
22	26764	3
22	26765	3
22	26766	3
22	26767	3
22	26768	3
22	26769	3
22	26770	3
22	26771	3
22	26772	3
22	26773	2
22	26774	2
22	26775	1
22	26776	2
22	26777	2
22	26778	2
22	26779	2
22	26780	2
22	26781	2
22	26782	2
22	26783	2
22	26784	2
22	26785	2
22	26786	2
22	26787	2
22	26788	2
22	26789	2
22	26790	2
22	26791	2
22	26792	2
22	26793	2
22	26794	2
22	26795	2
22	26796	2
22	26797	1
22	26798	1
22	26799	1
22	26800	1
22	26801	1
22	26802	1
22	26803	1
22	26804	1
22	26805	1
22	26806	1
22	26807	1
22	26808	1
22	26809	1
22	26810	1
22	26811	1
22	26812	1
22	26813	1
22	26814	1
22	26815	1
22	26816	1
22	26817	1
22	26818	1
22	26819	1
22	26820	1
22	26821	1
22	26822	1
22	26823	1
22	26824	1
22	26825	1
22	26826	1
22	26827	1
22	26828	1
22	26829	1
22	26830	1
22	26831	1
22	26832	1
22	26833	1
22	26834	1
22	26835	1
22	26836	1
22	26837	1
22	26838	1
22	26839	1
22	26840	1
22	26841	1
22	26842	1
22	26843	1
22	26844	1
22	26845	1
22	26846	1
22	26847	1
22	26848	1
22	26849	1
22	26850	1
22	26852	1
22	26853	1
22	26854	1
22	26855	1
22	26856	1
22	26857	1
22	26858	1
22	26859	1
22	26860	1
22	26861	1
22	26862	1
22	26863	1
22	26864	1
22	26865	1
22	26866	1
22	26867	1
22	26868	1
22	26869	1
22	26870	1
22	26871	1
22	26872	1
22	26873	1
22	26874	1
22	26875	1
22	26876	1
22	26877	1
22	26878	1
22	26879	1
22	26880	1
22	26881	1
22	26882	1
22	26883	1
22	26884	1
22	26885	1
22	26886	1
22	26887	1
22	26888	1
22	26889	1
22	26890	1
22	26891	1
22	26892	1
22	26893	1
22	26894	1
22	26895	1
22	26896	1
22	26897	1
22	26898	1
22	26899	1
22	26900	1
22	26901	1
22	26902	1
22	26903	1
22	26904	1
22	26905	1
22	26906	1
22	26907	1
22	26908	1
22	26909	1
22	26910	1
22	26911	1
22	26912	1
22	26913	1
22	26914	1
22	26915	1
22	26916	1
22	26917	1
22	26918	1
22	26919	1
22	26920	1
22	26921	1
22	26922	1
22	26923	1
22	26924	1
22	26925	1
22	26926	1
22	26927	1
22	26928	1
22	26929	1
22	26930	1
22	26931	1
22	26932	1
22	26933	1
22	26934	1
22	26935	1
22	26936	1
22	26937	1
22	26938	1
22	26939	1
22	26940	1
22	26941	1
22	26942	1
22	26943	1
22	26944	1
22	26945	1
22	26946	1
22	26947	1
22	26948	1
22	26949	1
22	26950	1
22	27009	1
22	27010	1
22	27011	1
22	27012	1
22	27013	1
22	27014	1
22	27015	1
22	27016	1
22	27017	1
22	27018	1
22	27019	1
22	27020	1
22	27021	1
22	27022	1
22	27023	1
22	27024	1
22	27025	1
22	27026	1
22	27027	1
22	27028	1
22	27029	1
22	27030	1
22	27031	1
22	27032	1
22	27033	1
22	27034	1
22	27035	1
22	27036	1
22	27037	1
22	27038	1
22	27039	1
22	27040	1
22	27041	1
22	27042	1
22	27043	1
22	27044	1
22	27045	1
22	27046	1
22	27047	1
22	27048	1
22	27049	1
22	27050	1
22	27051	1
22	27052	1
22	27053	1
22	27054	1
22	27055	1
22	27056	1
22	27057	1
22	27058	1
22	27059	1
22	27060	1
22	27061	1
22	27062	1
22	27063	1
22	27064	1
22	27065	1
22	27066	1
22	27067	1
22	27068	1
22	27069	1
22	27070	1
22	27071	1
22	27072	1
22	27073	1
22	27074	1
22	27075	1
22	27076	1
22	27077	1
22	27078	1
22	27079	1
22	27080	1
22	27081	1
22	27082	1
22	27083	1
22	27086	1
22	27087	1
22	27088	1
22	27089	2
22	27090	2
22	27091	2
22	27092	2
22	27093	2
22	27094	2
22	27095	2
22	27096	2
22	27097	2
22	27098	2
22	27099	2
22	27100	2
22	27101	2
22	27102	2
22	27103	2
22	27104	2
22	27105	2
22	27106	2
22	27107	2
22	27108	2
22	27109	2
22	27110	2
22	27111	2
22	27112	2
22	27113	2
22	27114	2
22	27115	2
22	27116	2
22	27117	2
22	27118	2
22	27119	2
22	27120	2
22	27121	2
22	27122	2
22	27123	2
22	27124	2
22	27125	2
22	27126	2
22	27127	2
22	27128	2
22	27129	2
22	27130	2
22	27131	2
22	27132	2
22	27133	2
22	27134	2
22	27135	2
22	27136	2
22	27137	2
22	27138	2
22	27139	2
22	27140	3
22	27141	3
22	27142	3
22	27143	3
22	27144	3
22	27145	3
22	27146	3
22	27147	3
22	27148	3
22	27149	3
22	27150	3
22	27151	3
22	27152	3
22	27153	3
22	27154	3
22	27155	3
22	27156	3
22	27157	3
22	27158	3
22	27159	3
22	27160	3
22	27161	3
22	27162	3
22	27163	3
22	27164	2
22	27165	2
22	27166	2
22	27167	2
22	27168	2
22	27169	2
22	27170	2
22	27171	2
22	27172	2
22	27173	2
22	27174	2
22	27175	2
22	27176	2
22	27177	2
22	27178	2
22	27179	2
22	27180	2
22	27181	2
22	27182	2
22	27183	2
22	27184	2
22	27185	2
22	27186	2
22	27187	2
22	27188	2
22	27189	2
22	27190	2
22	27191	2
22	27192	2
22	27193	2
22	27194	2
22	27195	2
22	27196	2
22	27197	2
22	27198	2
22	27199	2
22	27200	2
22	27201	2
22	27202	2
22	27203	2
22	27204	1
22	27205	1
22	27206	1
22	27207	1
22	27208	1
22	27209	1
22	27210	1
22	27211	1
22	27212	1
22	27213	1
22	27214	1
22	27220	1
22	27221	1
22	27222	1
22	27223	1
22	27224	1
22	27225	1
22	27226	1
22	27227	1
22	27228	1
22	27229	1
22	27230	1
22	27231	1
22	27232	1
22	27233	1
22	27234	1
22	27235	1
22	27236	1
22	27237	1
22	27238	1
22	27239	1
22	27240	1
22	27241	2
22	27242	2
22	27243	2
22	27244	2
22	27245	2
22	27246	2
22	27247	3
22	27248	3
22	27249	3
22	27250	3
22	27251	3
22	27252	3
22	27253	3
22	27254	3
22	27255	3
22	27256	3
22	27257	3
22	27258	3
22	27259	3
22	27260	3
22	27261	3
22	27262	3
22	27263	3
22	27264	3
22	27265	3
22	27266	3
22	27267	3
22	27268	3
22	27269	3
22	27270	3
22	27271	3
22	27272	3
22	27273	3
22	27274	3
22	27275	3
22	27276	3
22	27277	3
22	27278	3
22	27279	3
22	27280	3
22	27281	3
22	27282	3
22	27283	3
22	27284	3
22	27285	3
22	27286	3
22	27287	3
22	27288	3
22	27289	3
22	27290	3
22	27291	3
22	27292	3
22	27293	3
22	27294	3
22	27295	2
22	27296	2
22	27297	2
22	27298	2
22	27299	2
22	27300	2
22	27301	2
22	27302	2
22	27303	2
22	27304	2
22	27305	2
22	27306	2
22	27307	2
22	27308	2
22	27309	2
22	27310	2
22	27311	2
22	27312	2
22	27313	1
22	27314	1
22	27315	1
22	27316	1
22	27317	1
22	27318	1
22	27319	1
22	27320	1
22	27321	1
22	27322	1
22	27323	1
22	27324	1
22	27325	1
22	27326	1
22	27327	1
22	27328	1
22	27329	1
22	27330	1
22	27331	1
22	27332	1
22	27333	1
22	27334	1
22	27335	1
22	27336	1
22	27337	1
22	27338	1
22	27339	1
22	27340	1
22	27341	1
22	27342	1
22	27343	1
22	27344	1
22	27345	1
22	27346	1
22	27347	1
22	27348	1
22	27349	1
22	27350	1
22	27351	1
22	27352	1
22	27353	1
22	27354	1
22	27355	1
22	27356	1
22	27357	1
22	27358	1
22	27359	1
22	27360	1
22	27361	1
22	27362	1
22	27363	1
22	27364	1
22	27365	1
22	27509	1
22	27510	1
22	27511	1
22	27512	1
22	27513	1
22	27514	1
22	27515	1
22	27516	1
22	27517	1
22	27518	1
22	27519	1
22	27520	1
22	27521	1
22	27522	1
22	27523	1
22	27524	1
22	27525	1
22	27526	1
22	27527	1
22	27528	1
22	27529	1
22	27530	1
22	27531	1
22	27532	1
22	27533	1
22	27534	1
22	27535	1
22	27536	1
22	27537	1
22	27538	1
22	27539	1
22	27540	1
22	27541	1
22	27542	1
22	27543	1
22	27544	1
22	27545	1
22	27546	1
22	27547	1
22	27548	1
22	27549	1
22	27550	1
22	27551	1
22	27552	1
22	27553	1
22	27554	1
22	27555	1
22	27556	1
22	27557	1
22	27558	1
22	27559	1
22	27560	1
22	27561	1
22	27562	1
22	27563	1
22	27564	1
22	27565	1
22	27566	1
22	27567	1
22	27568	1
22	27569	2
22	27570	2
22	27571	2
22	27572	2
22	27573	2
22	27574	2
22	27575	2
22	27576	2
22	27577	2
22	27578	2
22	27579	2
22	27580	2
22	27581	2
22	27582	2
22	27583	2
22	27584	1
22	27585	1
22	27586	1
22	27587	1
22	27588	1
22	27589	1
22	27590	1
22	27591	1
22	27592	1
22	27593	1
22	27594	1
22	27595	1
22	27596	1
22	27597	1
22	27598	1
22	27599	1
22	27600	1
22	27601	1
22	27602	1
22	27603	1
22	27604	1
22	27605	1
22	27606	1
22	27607	1
22	27608	1
22	27609	1
22	27610	1
22	27611	1
22	27612	1
22	27613	1
22	27614	1
22	27615	1
22	27616	1
22	27617	1
22	27618	1
22	27619	1
22	27620	1
22	27621	1
22	27622	1
22	27623	1
22	27624	1
22	27625	1
22	27626	1
22	27627	1
22	27628	1
22	27629	1
22	27630	1
22	27631	1
22	27632	1
22	27633	2
22	27634	2
22	27635	2
22	27636	2
22	27637	2
22	27638	2
22	27639	2
22	27640	2
22	27641	2
22	27642	2
22	27643	3
22	27644	2
22	27645	2
22	27646	2
22	27647	2
22	27648	2
22	27649	2
22	27650	2
22	27651	2
22	27652	2
22	27653	2
22	27654	2
22	27655	2
22	27656	2
22	27657	2
22	27658	2
22	27659	2
22	27660	2
22	27661	3
22	27662	3
22	27663	3
22	27664	3
22	27665	3
22	27666	3
22	27667	3
22	27668	3
22	27669	3
22	27670	3
22	27671	3
22	27672	3
22	27673	3
22	27674	3
22	27675	3
22	27676	3
22	27677	3
22	27678	3
22	27679	3
22	27680	3
22	27681	4
22	27682	4
22	27683	4
22	27684	4
22	27685	4
22	27686	4
22	27687	4
22	27688	4
22	27689	4
22	27690	4
22	27691	4
22	27692	4
22	27693	4
22	27694	4
22	27695	4
22	27696	4
22	27697	4
22	27698	4
22	27699	4
22	27700	4
22	27701	4
22	27702	4
22	27703	4
22	27704	4
22	27705	4
22	27706	4
22	27707	4
22	27708	3
22	27709	3
22	27710	3
22	27711	3
22	27712	3
22	27713	3
22	27714	3
22	27715	3
22	27716	3
22	27717	3
22	27718	3
22	27719	3
22	27720	3
22	27721	3
22	27722	3
22	27723	3
22	27724	3
22	27725	3
22	27726	3
22	27727	3
22	27728	3
22	27729	3
22	27730	3
22	27731	3
22	27732	3
22	27733	3
22	27734	3
22	27735	3
22	27736	3
22	27737	3
22	27738	3
22	27739	2
22	27740	2
22	27741	2
22	27742	2
22	27743	2
22	27744	2
22	27745	2
22	27746	2
22	27747	2
22	27748	2
22	27749	2
22	27750	2
22	27751	2
22	27752	2
22	27753	2
22	27754	2
22	27755	3
22	27756	2
22	27757	2
22	27758	2
22	27759	2
22	27760	2
22	27761	3
22	27762	3
22	27763	3
22	27764	3
22	27765	3
22	27766	3
22	27767	3
22	27768	4
22	27769	4
22	27770	4
22	27771	4
22	27772	4
22	27773	4
22	27774	4
22	27775	4
22	27776	4
22	27777	4
22	27778	3
22	27779	3
22	27780	3
22	27781	3
22	27782	3
22	27783	3
22	27784	3
22	27785	3
22	27786	3
22	27787	3
22	27788	3
22	27789	3
22	27790	3
22	27791	3
22	27792	3
22	27793	3
22	27794	3
22	27795	3
22	27796	3
22	27797	3
22	27798	3
22	27799	3
22	27800	3
22	27801	3
22	27802	3
22	27803	3
22	27804	3
22	27805	3
22	27806	3
22	27807	3
22	27808	3
22	27809	3
22	27810	3
22	27811	3
22	27812	3
22	27813	3
22	27814	3
22	27815	3
22	27816	3
22	27817	3
22	27818	3
22	27819	3
22	27820	3
22	27821	3
22	27822	3
22	27823	3
22	27824	3
22	27825	3
22	27826	3
22	27827	3
22	27828	3
22	27829	3
22	27830	2
22	27831	2
22	27832	2
22	27833	2
22	27834	2
22	27835	2
22	27836	1
22	27837	1
22	27838	1
22	27839	1
22	27840	1
22	27841	1
22	27842	1
22	27847	1
22	27848	1
22	27849	1
22	27850	1
22	27851	1
22	27852	1
22	27853	1
22	27854	1
22	27855	1
22	27856	1
22	27857	1
22	27858	1
22	27859	1
22	27860	1
22	27861	1
22	27862	1
22	27863	1
22	27864	1
22	27865	1
22	27866	1
22	27867	1
22	27868	1
22	27869	1
22	27870	1
22	27871	1
22	27872	1
22	27873	1
22	27874	1
22	27875	1
22	27876	1
22	27877	1
22	27878	1
22	27879	2
22	27880	2
22	27881	2
22	27882	2
22	27883	2
22	27884	2
22	27885	2
22	27886	2
22	27887	2
22	27888	2
22	27889	2
22	27890	2
22	27891	2
22	27892	2
22	27893	2
22	27894	3
22	27895	3
22	27896	3
22	27897	3
22	27898	3
22	27899	3
22	27900	3
22	27901	3
22	27902	3
22	27903	3
22	27904	3
22	27905	3
22	27906	3
22	27907	3
22	27908	3
22	27909	3
22	27910	3
22	27911	3
22	27912	3
22	27913	3
22	27914	3
22	27915	3
22	27916	3
22	27917	3
22	27918	3
22	27919	3
22	27920	3
22	27921	3
22	27922	2
22	27923	2
22	27924	2
22	27925	2
22	27926	2
22	27927	2
22	27928	2
22	27929	2
22	27930	2
22	27931	2
22	27932	2
22	27933	2
22	27934	2
22	27935	2
22	27936	2
22	27937	2
22	27938	2
22	27939	2
22	27940	2
22	27941	2
22	27942	2
22	27943	2
22	27944	2
22	27945	2
22	27946	2
22	27947	2
22	27948	2
22	27949	2
22	27950	2
22	27951	2
22	27952	2
22	27953	2
22	27954	1
22	27955	1
22	27956	1
22	27957	1
22	27958	1
22	27959	1
22	27960	1
22	27961	1
22	27962	1
22	27963	1
22	27964	1
22	27965	1
22	27966	1
22	27967	1
22	27968	1
22	28074	1
22	28075	1
22	28076	1
22	28077	1
22	28078	1
22	28079	1
22	28080	1
22	28081	1
22	28082	1
22	28083	1
22	28084	1
22	28085	1
22	28086	1
22	28087	1
22	28088	1
22	28089	1
22	28090	1
22	28091	1
22	28092	1
22	28093	1
22	28094	1
22	28095	1
22	28096	1
22	28097	1
22	28098	1
22	28099	1
22	28100	1
22	28101	1
22	28102	1
22	28103	1
22	28104	1
22	28105	1
22	28106	1
22	28107	1
22	28108	1
22	28109	1
22	28110	1
22	28111	1
22	28112	1
22	28113	1
22	28114	1
22	28115	2
22	28116	2
22	28117	2
22	28118	2
22	28119	2
22	28120	2
22	28121	2
22	28122	2
22	28123	2
22	28124	2
22	28125	2
22	28126	2
22	28127	2
22	28128	2
22	28129	2
22	28130	2
22	28131	2
22	28132	2
22	28133	2
22	28134	2
22	28135	2
22	28136	2
22	28137	2
22	28138	2
22	28139	2
22	28140	2
22	28141	2
22	28142	2
22	28143	2
22	28144	2
22	28145	2
22	28146	2
22	28147	2
22	28148	2
22	28149	1
22	28150	1
22	28151	1
22	28152	1
22	28153	1
22	28154	1
22	28155	2
22	28156	2
22	28157	2
22	28158	2
22	28159	2
22	28160	2
22	28161	2
22	28162	2
22	28163	2
22	28164	2
22	28165	2
22	28166	2
22	28167	2
22	28168	2
22	28169	2
22	28170	2
22	28171	2
22	28172	2
22	28173	2
22	28174	2
22	28175	2
22	28176	2
22	28177	2
22	28178	2
22	28179	2
22	28180	2
22	28181	2
22	28182	2
22	28183	2
22	28184	2
22	28185	2
22	28186	2
22	28187	2
22	28188	2
22	28189	2
22	28190	2
22	28191	2
22	28192	2
22	28193	2
22	28194	2
22	28195	2
22	28196	2
22	28197	2
22	28198	2
22	28199	2
22	28200	2
22	28201	2
22	28202	2
22	28203	2
22	28204	2
22	28205	2
22	28206	2
22	28207	2
22	28208	2
22	28209	2
22	28210	2
22	28211	2
22	28212	2
22	28213	2
22	28214	2
22	28215	2
22	28216	2
22	28217	2
22	28218	2
22	28219	2
22	28220	2
22	28221	2
22	28222	2
22	28223	2
22	28224	2
22	28225	2
22	28226	2
22	28227	2
22	28228	2
22	28229	2
22	28230	2
22	28231	3
22	28232	3
22	28233	3
22	28234	2
22	28235	2
22	28236	2
22	28237	2
22	28238	2
22	28239	2
22	28240	2
22	28241	2
22	28242	2
22	28243	2
22	28244	2
22	28245	2
22	28246	2
22	28247	2
22	28248	2
22	28249	2
22	28250	1
22	28251	1
22	28252	1
22	28253	1
22	28254	1
22	28255	1
22	28256	1
22	28257	1
22	28258	1
22	28259	1
22	28260	1
22	28261	1
22	28262	1
22	28263	1
22	28264	1
22	28265	1
22	28266	1
22	28267	1
22	28268	1
22	28269	1
22	28270	1
22	28271	1
22	28272	1
22	28273	1
22	28274	1
22	28275	1
22	28276	1
22	28277	1
22	28278	1
22	28279	1
22	28280	1
22	28281	1
22	28282	1
22	28283	1
22	28284	1
22	28285	1
22	28286	2
22	28287	2
22	28288	2
22	28289	2
22	28290	2
22	28291	2
22	28292	2
22	28293	2
22	28294	2
22	28295	2
22	28296	2
22	28297	2
22	28298	2
22	28299	2
22	28300	2
22	28301	2
22	28302	2
22	28303	2
22	28304	2
22	28305	2
22	28306	1
22	28307	1
22	28308	1
22	28309	1
22	28310	1
22	28311	1
22	28312	1
22	28313	1
22	28314	1
22	28315	1
22	28316	1
22	28317	1
22	28318	1
22	28319	1
22	28320	1
22	28321	1
22	28322	1
22	28323	1
22	28324	1
22	28325	1
22	28326	1
22	28327	1
22	28328	1
22	28329	1
22	28330	1
22	28331	1
22	28332	1
22	28333	1
22	28334	1
22	28335	1
22	28336	1
22	28337	2
22	28338	2
22	28339	2
22	28340	2
22	28341	2
22	28342	2
22	28343	2
22	28344	2
22	28345	2
22	28346	2
22	28347	2
22	28348	2
22	28349	2
22	28350	2
22	28351	2
22	28352	2
22	28353	2
22	28354	2
22	28355	2
22	28356	2
22	28357	2
22	28358	2
22	28359	2
22	28360	2
22	28361	2
22	28362	2
22	28363	2
22	28364	2
22	28365	2
22	28366	2
22	28367	2
22	28368	2
22	28369	2
22	28370	2
22	28371	2
22	28372	2
22	28373	2
22	28374	2
22	28375	2
22	28376	2
22	28377	2
22	28378	2
22	28379	2
22	28380	2
22	28381	2
22	28382	2
22	28383	2
22	28384	2
22	28385	2
22	28386	2
22	28387	2
22	28388	2
22	28389	2
22	28390	2
22	28391	1
22	28392	1
22	28393	1
22	28394	1
22	28395	1
22	28396	1
22	28397	1
22	28398	1
22	28399	1
22	28400	1
22	28401	1
22	28402	1
22	28403	1
22	28404	1
22	28405	1
22	28406	1
22	28407	1
22	28408	1
22	28409	1
22	28410	1
22	28411	1
22	28552	1
22	28553	1
22	28554	1
22	28555	1
22	28556	1
22	28557	1
22	28558	1
22	28559	1
22	28560	2
22	28561	2
22	28562	2
22	28563	2
22	28564	2
22	28565	2
22	28566	2
22	28567	2
22	28568	2
22	28569	2
22	28570	2
22	28571	2
22	28572	2
22	28573	2
22	28574	2
22	28575	2
22	28576	2
22	28577	2
22	28578	2
22	28579	2
22	28580	2
22	28581	2
22	28582	2
22	28583	2
22	28584	2
22	28585	2
22	28586	2
22	28587	3
22	28588	3
22	28589	3
22	28590	3
22	28591	3
22	28592	3
22	28593	3
22	28594	3
22	28595	3
22	28596	3
22	28597	3
22	28598	3
22	28599	3
22	28600	3
22	28601	3
22	28602	3
22	28603	3
22	28604	3
22	28605	3
22	28606	3
22	28607	3
22	28608	3
22	28609	3
22	28610	3
22	28611	3
22	28612	3
22	28613	3
22	28614	3
22	28615	3
22	28616	3
22	28617	3
22	28618	3
22	28619	3
22	28620	3
22	28621	3
22	28622	3
22	28623	4
22	28624	4
22	28625	4
22	28626	4
22	28627	3
22	28628	3
22	28629	3
22	28630	3
22	28631	3
22	28632	3
22	28633	3
22	28634	3
22	28635	3
22	28636	3
22	28637	3
22	28638	3
22	28639	3
22	28640	3
22	28641	3
22	28642	3
22	28643	3
22	28644	3
22	28645	3
22	28646	3
22	28647	3
22	28648	3
22	28649	3
22	28650	3
22	28651	3
22	28652	3
22	28653	3
22	28654	3
22	28655	3
22	28656	3
22	28657	3
22	28658	3
22	28659	3
22	28660	3
22	28661	3
22	28662	3
22	28663	3
22	28664	3
22	28665	3
22	28666	3
22	28667	3
22	28668	3
22	28669	3
22	28670	3
22	28671	3
22	28672	2
22	28673	2
22	28674	2
22	28675	2
22	28676	2
22	28677	2
22	28678	2
22	28679	2
22	28680	2
22	28681	2
22	28682	2
22	28683	2
22	28684	2
22	28685	2
22	28686	2
22	28687	2
22	28688	2
22	28689	2
22	28690	3
22	28691	3
22	28692	3
22	28693	3
22	28694	3
22	28695	3
22	28696	3
22	28697	3
22	28698	2
22	28699	2
22	28700	2
22	28701	2
22	28702	2
22	28703	2
22	28704	2
22	28705	2
22	28706	2
22	28707	2
22	28708	2
22	28709	2
22	28710	2
22	28711	2
22	28712	2
22	28713	2
22	28714	2
22	28715	2
22	28716	2
22	28717	2
22	28718	2
22	28719	2
22	28720	2
22	28721	2
22	28722	2
22	28723	2
22	28724	2
22	28725	2
22	28726	2
22	28727	2
22	28728	2
22	28729	2
22	28730	2
22	28731	2
22	28732	2
22	28733	2
22	28734	2
22	28735	2
22	28736	2
22	28737	1
22	28738	1
22	28739	1
22	28740	1
22	28741	1
22	28742	1
22	28743	2
22	28744	2
22	28745	2
22	28746	2
22	28747	2
22	28748	2
22	28749	2
22	28750	2
22	28751	2
22	28752	2
22	28753	2
22	28754	2
22	28755	2
22	28756	2
22	28757	2
22	28758	2
22	28759	2
22	28760	2
22	28761	2
22	28762	2
22	28763	2
22	28764	2
22	28765	1
22	28766	1
22	28767	1
22	28768	1
22	28769	1
22	28770	1
22	28771	1
22	28772	1
22	28773	1
22	28774	1
22	28775	1
22	28776	1
22	28777	1
22	28778	1
22	28779	1
22	28780	1
22	28781	1
22	28782	1
22	28783	1
22	28784	1
22	28785	1
22	28786	1
22	28787	1
22	28788	1
22	28789	1
22	28790	1
22	28791	1
22	28792	1
22	28793	1
22	28794	1
22	28795	1
22	28796	1
22	28797	1
22	28798	1
22	28799	1
22	28800	1
22	28801	1
22	28802	1
22	28803	1
22	28804	1
22	28805	1
22	28806	1
22	28807	1
22	28808	1
22	28809	1
22	28810	1
22	28811	1
22	28812	1
22	28813	1
22	28814	1
22	28815	1
22	28816	1
22	28817	1
22	28852	1
22	28853	1
22	28854	1
22	28855	1
22	28856	1
22	28857	1
22	28858	1
22	28859	2
22	28860	2
22	28861	2
22	28862	2
22	28863	2
22	28864	2
22	28865	2
22	28866	2
22	28867	2
22	28868	2
22	28869	2
22	28870	2
22	28871	2
22	28872	2
22	28873	2
22	28874	2
22	28875	2
22	28876	2
22	28877	2
22	28878	2
22	28879	2
22	28880	2
22	28881	2
22	28882	2
22	28883	2
22	28884	2
22	28885	2
22	28886	2
22	28887	2
22	28888	2
22	28889	2
22	28890	2
22	28891	2
22	28892	2
22	28893	2
22	28894	2
22	28895	2
22	28896	2
22	28897	2
22	28898	2
22	28899	2
22	28900	2
22	28901	2
22	28902	2
22	28903	2
22	28904	2
22	28905	2
22	28906	2
22	28907	2
22	28908	2
22	28909	2
22	28910	2
22	28911	2
22	28912	2
22	28913	2
22	28914	2
22	28915	2
22	28916	2
22	28917	2
22	28918	2
22	28919	2
22	28920	2
22	28921	2
22	28922	2
22	28923	2
22	28924	2
22	28925	2
22	28926	2
22	28927	1
22	28928	1
22	28929	1
22	28930	1
22	28931	1
22	28932	1
22	28933	1
22	28934	1
22	28935	1
22	28936	2
22	28937	2
22	28938	2
22	28939	2
22	28940	2
22	28941	2
22	28942	2
22	28943	2
22	28944	2
22	28945	2
22	28946	2
22	28947	2
22	28948	2
22	28949	2
22	28950	2
22	28951	2
22	28952	2
22	28953	2
22	28954	2
22	28955	2
22	28956	2
22	28957	2
22	28958	2
22	28959	2
22	28960	2
22	28961	2
22	28962	2
22	28963	1
22	28964	1
22	28965	1
22	28966	1
22	28967	1
22	28968	1
22	28969	1
22	28970	1
22	28971	1
22	28972	1
22	28973	1
22	28974	1
22	28975	1
22	28976	1
22	28977	1
22	28978	1
22	28979	1
22	28980	1
22	28981	1
22	28982	1
22	28983	1
22	28984	1
22	28985	1
22	28986	1
22	28987	1
22	28988	1
22	28989	1
22	28990	1
22	28991	1
22	28992	1
22	28993	1
22	28994	1
22	28995	1
22	28996	1
22	28997	1
22	28998	1
22	28999	1
22	29000	1
22	29001	1
22	29002	1
22	29003	1
22	29004	1
22	29005	1
22	29006	1
22	29007	1
22	29008	1
22	29009	1
22	29010	1
22	29176	1
22	29177	1
22	29178	1
22	29179	1
22	29180	1
22	29181	1
22	29182	1
22	29183	1
22	29184	1
22	29185	1
22	29186	1
22	29187	1
22	29188	1
22	29189	1
22	29190	1
22	29191	1
22	29192	1
22	29193	1
22	29194	1
22	29195	1
22	29196	1
22	29197	1
22	29198	1
22	29199	1
22	29200	1
22	29201	1
22	29202	1
22	29203	1
22	29204	1
22	29205	1
22	29206	1
22	29207	1
22	29208	1
22	29209	1
22	29210	1
22	29211	1
22	29212	1
22	29213	1
22	29214	1
22	29215	1
22	29216	1
22	29217	1
22	29218	1
22	29219	1
22	29220	1
22	29221	1
22	29222	1
22	29223	1
22	29224	1
22	29225	1
22	29226	1
22	29227	1
22	29228	1
22	29229	1
22	29230	1
22	29231	1
22	29232	1
22	29233	1
22	29234	1
22	29235	1
22	29236	1
22	29237	1
22	29238	1
22	29239	1
22	29240	1
22	29241	1
22	29242	1
22	29243	1
22	29244	1
22	29245	1
22	29246	1
22	29247	1
22	29248	1
22	29249	1
22	29250	1
22	29312	1
22	29313	1
22	29314	1
22	29315	1
22	29316	1
22	29317	1
22	29318	1
22	29319	1
22	29320	1
22	29321	1
22	29322	1
22	29323	1
22	29324	1
22	29325	1
22	29326	1
22	29327	1
22	29328	1
22	29329	1
22	29330	1
22	29331	1
22	29332	1
22	29333	1
22	29334	1
22	29335	1
22	29336	1
22	29337	1
22	29338	1
22	29339	1
22	29340	1
22	29341	1
22	29342	1
22	29343	1
22	29344	1
22	29345	1
22	29346	1
22	29347	1
22	29348	1
22	29349	1
22	29350	1
22	29351	1
22	29352	1
22	29353	1
22	29354	1
22	29355	1
22	29356	1
22	29357	1
22	29358	1
22	29359	1
22	29360	1
22	29361	1
22	29362	1
22	29363	1
22	29364	1
22	29365	1
22	29366	1
22	29367	1
22	29368	1
22	29369	1
22	29370	1
22	29371	1
22	29372	1
22	29373	1
22	29374	1
22	29375	1
22	29376	1
22	29377	1
22	29378	1
22	29379	1
22	29380	1
22	29381	1
22	29382	1
22	29383	1
22	29384	1
22	29385	1
22	29386	1
22	29424	1
22	29425	1
22	29426	1
22	29427	1
22	29428	1
22	29429	1
22	29430	1
22	29431	1
22	29432	1
22	29433	1
22	29434	1
22	29435	1
22	29436	1
22	29437	1
22	29438	1
22	29439	1
22	29440	1
22	29441	1
22	29442	1
22	29443	1
22	29444	1
22	29445	1
22	29446	1
22	29447	1
22	29448	1
22	29449	1
22	29450	1
22	29451	1
22	29452	1
22	29453	1
22	29454	1
22	29455	1
22	29456	1
22	29457	1
22	29458	1
22	29459	1
22	29460	1
22	29461	1
22	29462	1
22	29463	1
22	29464	1
22	29465	1
22	29466	1
22	29467	1
22	29468	1
22	29469	1
22	29470	1
22	29471	1
22	29472	1
22	29473	1
22	29474	1
22	29475	1
22	29476	1
22	29477	1
22	29478	1
22	29479	1
22	29480	1
22	29481	1
22	29482	1
22	29483	1
22	29484	1
22	29485	1
22	29486	1
22	29487	1
22	29488	1
22	29489	1
22	29490	1
22	29491	1
22	29492	1
22	29493	1
22	29494	1
22	29495	1
22	29496	1
22	29497	1
22	29498	2
22	29499	1
22	29500	1
22	29501	1
22	29502	1
22	29503	1
22	29504	1
22	29505	1
22	29506	1
22	29507	1
22	29508	1
22	29509	1
22	29510	1
22	29511	1
22	29512	1
22	29513	1
22	29514	1
22	29515	1
22	29516	1
22	29517	1
22	29518	1
22	29519	1
22	29520	1
22	29521	1
22	29522	1
22	29523	1
22	29524	1
22	29525	1
22	29526	1
22	29527	1
22	29528	1
22	29529	1
22	29530	1
22	29531	1
22	29532	1
22	29533	1
22	29534	1
22	29535	1
22	29536	1
22	29537	1
22	29538	1
22	29539	1
22	29540	1
22	29541	1
22	29542	1
22	29543	1
22	29544	1
22	29545	1
22	29546	1
22	29547	1
22	29548	1
22	29549	1
22	29550	1
22	29551	1
22	29552	1
22	29553	1
22	29554	1
22	29555	1
22	29556	1
22	29557	1
22	29558	1
22	29559	1
22	29560	1
22	29561	1
22	29562	1
22	29563	1
22	29564	1
22	29565	1
22	29566	1
22	29567	1
22	29568	1
22	29569	2
22	29570	2
22	29571	2
22	29572	2
22	29573	1
22	29574	1
22	29575	1
22	29576	1
22	29577	1
22	29578	1
22	29579	1
22	29580	1
22	29581	1
22	29582	1
22	29583	1
22	29584	1
22	29585	1
22	29586	1
22	29587	1
22	29588	1
22	29589	1
22	29590	1
22	29591	1
22	29592	1
22	29593	1
22	29594	1
22	29595	1
22	29596	1
22	29597	1
22	29598	1
22	29599	1
22	29600	1
22	29601	1
22	29602	1
22	29603	1
22	29604	1
22	29605	1
22	29606	2
22	29607	2
22	29608	2
22	29609	2
22	29610	2
22	29611	2
22	29612	2
22	29613	2
22	29614	2
22	29615	2
22	29616	2
22	29617	2
22	29618	2
22	29619	2
22	29620	2
22	29621	2
22	29622	2
22	29623	2
22	29624	2
22	29625	2
22	29626	2
22	29627	2
22	29628	2
22	29629	3
22	29630	3
22	29631	3
22	29632	3
22	29633	3
22	29634	3
22	29635	3
22	29636	3
22	29637	3
22	29638	3
22	29639	3
22	29640	3
22	29641	3
22	29642	3
22	29643	3
22	29644	2
22	29645	2
22	29646	2
22	29647	2
22	29648	2
22	29649	2
22	29650	2
22	29651	2
22	29652	2
22	29653	2
22	29654	2
22	29655	2
22	29656	2
22	29657	2
22	29658	2
22	29659	2
22	29660	2
22	29661	2
22	29662	2
22	29663	2
22	29664	2
22	29665	2
22	29666	2
22	29667	2
22	29668	2
22	29669	2
22	29670	2
22	29671	2
22	29672	2
22	29673	2
22	29674	2
22	29675	2
22	29676	2
22	29677	2
22	29678	2
22	29679	2
22	29680	2
22	29681	2
22	29682	2
22	29683	2
22	29684	2
22	29685	2
22	29686	2
22	29687	2
22	29688	2
22	29689	2
22	29690	2
22	29691	2
22	29692	2
22	29693	2
22	29694	2
22	29695	2
22	29696	2
22	29697	3
22	29698	3
22	29699	3
22	29700	3
22	29701	3
22	29702	3
22	29703	3
22	29704	2
22	29705	3
22	29706	3
22	29707	3
22	29708	3
22	29709	3
22	29710	3
22	29711	2
22	29712	2
22	29713	2
22	29714	2
22	29715	2
22	29716	2
22	29717	2
22	29718	2
22	29719	2
22	29720	2
22	29721	2
22	29722	2
22	29723	2
22	29724	3
22	29725	3
22	29726	3
22	29727	3
22	29728	3
22	29729	3
22	29730	3
22	29731	3
22	29732	3
22	29733	3
22	29734	3
22	29735	3
22	29736	3
22	29737	3
22	29738	3
22	29739	3
22	29740	3
22	29741	3
22	29742	3
22	29743	3
22	29744	3
22	29745	3
22	29746	3
22	29747	3
22	29748	3
22	29749	3
22	29750	3
22	29751	3
22	29752	3
22	29753	3
22	29754	3
22	29755	3
22	29756	3
22	29757	3
22	29758	3
22	29759	3
22	29760	3
22	29761	3
22	29762	3
22	29763	4
22	29764	4
22	29765	4
22	29766	4
22	29767	4
22	29768	4
22	29769	4
22	29770	4
22	29771	4
22	29772	3
22	29773	3
22	29774	3
22	29775	3
22	29776	3
22	29777	3
22	29778	3
22	29779	3
22	29780	2
22	29781	2
22	29782	2
22	29783	2
22	29784	2
22	29785	2
22	29786	2
22	29787	2
22	29788	2
22	29789	2
22	29790	2
22	29791	2
22	29792	2
22	29793	2
22	29794	2
22	29795	2
22	29796	2
22	29797	2
22	29798	2
22	29799	1
22	29800	1
22	29801	1
22	29802	1
22	29803	1
22	29804	1
22	29805	1
22	29806	1
22	29807	1
22	29808	1
22	29809	1
22	29810	1
22	29811	1
22	29812	1
22	29813	1
22	29814	1
22	29815	1
22	29816	1
22	29817	1
22	29818	1
22	29819	1
22	29820	1
22	29821	1
22	29822	1
22	29823	1
22	29824	1
22	29825	1
22	29826	1
22	29827	1
22	29828	1
22	29829	1
22	29830	1
22	29831	1
22	29832	1
22	29833	1
22	29834	2
22	29835	2
22	29836	2
22	29837	2
22	29838	1
22	29839	1
22	29840	1
22	29841	1
22	29842	1
22	29843	1
22	29844	1
22	29845	1
22	29846	1
22	29847	1
22	29848	1
22	29849	1
22	29850	1
22	29851	1
22	29852	1
22	29853	1
22	29854	1
22	29855	1
22	29856	1
22	29857	1
22	29858	1
22	29859	1
22	29860	1
22	29861	1
22	29862	1
22	29863	1
22	29864	1
22	29865	1
22	29866	1
22	29867	1
22	29868	1
22	29869	1
22	29870	1
22	29871	1
22	29872	1
22	29873	1
22	29874	1
22	29875	1
22	29876	1
22	29877	1
22	29878	1
22	29879	1
22	29880	1
22	29881	1
22	29882	2
22	29883	2
22	29884	2
22	29885	2
22	29886	2
22	29887	2
22	29888	3
22	29889	3
22	29890	3
22	29891	3
22	29892	3
22	29893	3
22	29894	3
22	29895	3
22	29896	3
22	29897	3
22	29898	3
22	29899	3
22	29900	3
22	29901	3
22	29902	3
22	29903	3
22	29904	3
22	29905	3
22	29906	3
22	29907	3
22	29908	3
22	29909	3
22	29910	3
22	29911	3
22	29912	3
22	29913	3
22	29914	3
22	29915	3
22	29916	3
22	29917	3
22	29918	3
22	29919	3
22	29920	3
22	29921	3
22	29922	3
22	29923	3
22	29924	3
22	29925	3
22	29926	3
22	29927	3
22	29928	3
22	29929	3
22	29930	3
22	29931	3
22	29932	3
22	29933	3
22	29934	3
22	29935	4
22	29936	4
22	29937	4
22	29938	4
22	29939	4
22	29940	4
22	29941	4
22	29942	4
22	29943	4
22	29944	4
22	29945	4
22	29946	4
22	29947	4
22	29948	4
22	29949	4
22	29950	4
22	29951	4
22	29952	3
22	29953	4
22	29954	4
22	29955	4
22	29956	4
22	29957	3
22	29958	3
22	29959	3
22	29960	3
22	29961	3
22	29962	3
22	29963	2
22	29964	2
22	29965	2
22	29966	2
22	29967	2
22	29968	2
22	29969	2
22	29970	2
22	29971	2
22	29972	2
22	29973	2
22	29974	2
22	29975	2
22	29976	2
22	29977	2
22	29978	2
22	29979	2
22	29980	2
22	29981	2
22	29982	2
22	29983	2
22	29984	2
22	29985	2
22	29986	2
22	29987	2
22	29988	2
22	29989	2
22	29990	2
22	29991	2
22	29992	2
22	29993	2
22	29994	2
22	29995	2
22	29996	2
22	29997	2
22	29998	2
22	29999	2
22	30000	2
22	30001	2
22	30002	2
22	30003	2
22	30004	2
22	30005	3
22	30006	3
22	30007	3
22	30008	3
22	30009	3
22	30010	2
22	30011	2
22	30012	2
22	30013	2
22	30014	2
22	30015	3
22	30016	3
22	30017	3
22	30018	3
22	30019	3
22	30020	3
22	30021	3
22	30022	3
22	30023	3
22	30024	3
22	30025	3
22	30026	3
22	30027	3
22	30028	2
22	30029	2
22	30030	2
22	30031	2
22	30032	2
22	30033	2
22	30034	2
22	30035	2
22	30036	2
22	30037	2
22	30038	2
22	30039	2
22	30040	2
22	30041	2
22	30042	2
22	30043	2
22	30044	2
22	30045	2
22	30046	2
22	30047	2
22	30048	2
22	30049	2
22	30050	2
22	30051	2
22	30052	2
22	30053	2
22	30054	2
22	30055	3
22	30056	3
22	30057	3
22	30058	3
22	30059	3
22	30060	3
22	30061	3
22	30062	3
22	30063	3
22	30064	3
22	30065	3
22	30066	3
22	30067	3
22	30068	3
22	30069	3
22	30070	3
22	30071	3
22	30072	3
22	30073	3
22	30074	3
22	30075	3
22	30076	3
22	30077	3
22	30078	3
22	30079	3
22	30080	2
22	30081	2
22	30082	2
22	30083	2
22	30084	2
22	30085	2
22	30086	2
22	30087	2
22	30088	2
22	30089	2
22	30090	1
22	30091	1
22	30092	1
22	30093	1
22	30094	1
22	30095	1
22	30096	1
22	30097	1
22	30098	1
22	30099	1
22	30100	1
22	30101	1
22	30102	1
22	30103	1
22	30104	1
22	30105	1
22	30106	1
22	30107	1
22	30108	1
22	30109	1
22	30110	1
22	30111	2
22	30112	2
22	30113	2
22	30114	2
22	30115	2
22	30116	2
22	30117	2
22	30118	2
22	30119	2
22	30120	2
22	30121	2
22	30122	2
22	30123	2
22	30124	2
22	30125	2
22	30126	3
22	30127	3
22	30128	3
22	30129	3
22	30130	2
22	30131	2
22	30132	2
22	30133	2
22	30134	2
22	30135	2
22	30136	2
22	30137	2
22	30138	2
22	30139	2
22	30140	2
22	30141	2
22	30142	2
22	30143	2
22	30144	2
22	30145	2
22	30146	2
22	30147	2
22	30148	2
22	30149	2
22	30150	2
22	30151	2
22	30152	2
22	30153	2
22	30154	2
22	30155	2
22	30156	2
22	30157	2
22	30158	2
22	30159	2
22	30160	2
22	30161	2
22	30162	2
22	30163	2
22	30164	2
22	30165	2
22	30166	2
22	30167	2
22	30168	2
22	30169	2
22	30170	2
22	30171	2
22	30172	2
22	30173	2
22	30174	2
22	30175	2
22	30176	2
22	30177	2
22	30178	2
22	30179	2
22	30180	2
22	30181	2
22	30182	2
22	30183	2
22	30184	2
22	30185	2
22	30186	2
22	30187	2
22	30188	2
22	30189	2
22	30190	2
22	30191	2
22	30192	2
22	30193	2
22	30194	2
22	30195	2
22	30196	2
22	30197	2
22	30198	2
22	30199	3
22	30200	3
22	30201	3
22	30202	3
22	30203	3
22	30204	3
22	30205	3
22	30206	3
22	30207	3
22	30208	3
22	30209	3
22	30210	3
22	30211	3
22	30212	3
22	30213	3
22	30214	3
22	30215	3
22	30216	3
22	30217	3
22	30218	3
22	30219	3
22	30220	3
22	30221	3
22	30222	3
22	30223	3
22	30224	3
22	30225	3
22	30226	3
22	30227	3
22	30228	3
22	30229	3
22	30230	3
22	30231	2
22	30232	2
22	30233	2
22	30234	2
22	30235	2
22	30236	2
22	30237	2
22	30238	2
22	30239	2
22	30240	2
22	30241	2
22	30242	2
22	30243	2
22	30244	2
22	30245	2
22	30246	2
22	30247	2
22	30248	2
22	30249	2
22	30250	2
22	30251	2
22	30252	2
22	30253	2
22	30254	2
22	30255	2
22	30256	1
22	30257	1
22	30258	1
22	30259	1
22	30260	1
22	30261	1
22	30262	1
22	30263	1
22	30264	1
22	30265	1
22	30266	1
22	30267	1
22	30268	1
22	30269	1
22	30270	1
22	30271	1
22	30272	1
22	30273	1
22	30287	1
22	30288	1
22	30289	1
22	30290	1
22	30291	1
22	30292	1
22	30293	1
22	30294	1
22	30295	1
22	30296	1
22	30297	1
22	30298	1
22	30299	1
22	30300	1
22	30301	1
22	30302	1
22	30303	1
22	30304	1
22	30305	1
22	30306	1
22	30307	1
22	30308	1
22	30309	1
22	30310	1
22	30311	1
22	30312	1
22	30313	1
22	30314	1
22	30315	1
22	30316	1
22	30317	1
22	30318	1
22	30319	1
22	30320	1
22	30321	1
22	30322	1
22	30323	1
22	30324	1
22	30325	1
22	30326	1
22	30327	1
22	30328	1
22	30329	1
22	30330	1
22	30331	1
22	30332	1
22	30333	1
22	30334	1
22	30335	1
22	30336	1
22	30337	1
22	30338	1
22	30339	1
22	30340	1
22	30341	1
22	30342	1
22	30343	1
22	30344	1
22	30345	1
22	30346	1
22	30347	1
22	30348	1
22	30349	1
22	30350	1
22	30351	2
22	30352	2
22	30353	2
22	30354	2
22	30355	2
22	30356	2
22	30357	2
22	30358	2
22	30359	2
22	30360	2
22	30361	2
22	30362	1
22	30363	1
22	30364	1
22	30365	1
22	30366	1
22	30367	1
22	30368	1
22	30369	1
22	30370	1
22	30371	1
22	30372	1
22	30373	1
22	30374	1
22	30375	1
22	30376	1
22	30377	1
22	30378	1
22	30379	1
22	30380	1
22	30381	1
22	30382	1
22	30383	1
22	30384	1
22	30385	1
22	30386	1
22	30387	1
22	30388	1
22	30389	1
22	30390	1
22	30391	1
22	30392	1
22	30393	1
22	30394	1
22	30395	1
22	30396	1
22	30397	1
22	30398	1
22	30399	1
22	30400	1
22	30401	1
22	30402	1
22	30403	1
22	30404	1
22	30405	1
22	30406	1
22	30407	1
22	30408	1
22	30409	1
22	30410	1
22	30411	1
22	30412	1
22	30413	1
22	30414	1
22	30415	1
22	30416	1
22	30417	1
22	30418	1
22	30419	1
22	30420	1
22	30421	2
22	30422	2
22	30423	2
22	30424	2
22	30425	2
22	30426	2
22	30427	2
22	30428	2
22	30429	2
22	30430	2
22	30431	2
22	30432	2
22	30433	2
22	30434	2
22	30435	2
22	30436	2
22	30437	2
22	30438	2
22	30439	2
22	30440	2
22	30441	2
22	30442	2
22	30443	2
22	30444	2
22	30445	2
22	30446	2
22	30447	2
22	30448	2
22	30449	2
22	30450	2
22	30451	2
22	30452	2
22	30453	2
22	30454	2
22	30455	2
22	30456	2
22	30457	3
22	30458	3
22	30459	3
22	30460	3
22	30461	3
22	30462	3
22	30463	3
22	30464	3
22	30465	4
22	30466	4
22	30467	4
22	30468	4
22	30469	4
22	30470	4
22	30471	4
22	30472	4
22	30473	4
22	30474	4
22	30475	4
22	30476	4
22	30477	4
22	30478	4
22	30479	4
22	30480	4
22	30481	4
22	30482	4
22	30483	4
22	30484	4
22	30485	4
22	30486	4
22	30487	4
22	30488	4
22	30489	3
22	30490	3
22	30491	3
22	30492	3
22	30493	3
22	30494	3
22	30495	3
22	30496	2
22	30497	2
22	30498	2
22	30499	2
22	30500	2
22	30501	2
22	30502	2
22	30503	2
22	30504	2
22	30505	2
22	30506	2
22	30507	2
22	30508	2
22	30509	2
22	30510	2
22	30511	2
22	30512	2
22	30513	2
22	30514	2
22	30515	2
22	30516	2
22	30517	2
22	30518	2
22	30519	2
22	30520	2
22	30521	2
22	30522	2
22	30523	2
22	30524	2
22	30525	2
22	30526	2
22	30527	2
22	30528	2
22	30529	2
22	30530	2
22	30531	2
22	30532	1
22	30533	1
22	30534	1
22	30535	1
22	30536	1
22	30537	1
22	30538	1
22	30539	1
22	30540	1
22	30541	1
22	30542	1
22	30543	1
22	30544	1
22	30545	1
22	30546	1
22	30547	1
22	30548	2
22	30549	2
22	30550	2
22	30551	2
22	30552	2
22	30553	2
22	30554	2
22	30555	2
22	30556	2
22	30557	2
22	30558	2
22	30559	3
22	30560	3
22	30561	3
22	30562	3
22	30563	3
22	30564	3
22	30565	3
22	30566	3
22	30567	3
22	30568	3
22	30569	3
22	30570	3
22	30571	3
22	30572	3
22	30573	3
22	30574	3
22	30575	3
22	30576	3
22	30577	3
22	30578	3
22	30579	3
22	30580	3
22	30581	3
22	30582	3
22	30583	3
22	30584	3
22	30585	3
22	30586	3
22	30587	3
22	30588	3
22	30589	3
22	30590	3
22	30591	3
22	30592	3
22	30593	3
22	30594	3
22	30595	3
22	30596	3
22	30597	3
22	30598	2
22	30599	2
22	30600	2
22	30601	2
22	30602	2
22	30603	2
22	30604	2
22	30605	2
22	30606	2
22	30607	2
22	30608	2
22	30609	2
22	30610	2
22	30611	2
22	30612	2
22	30613	2
22	30614	2
22	30615	2
22	30616	2
22	30617	2
22	30618	2
22	30619	2
22	30620	2
22	30621	2
22	30622	2
22	30623	1
22	30624	1
22	30625	1
22	30626	1
22	30627	1
22	30628	1
22	30629	1
22	30630	1
22	30631	1
22	30632	1
22	30633	1
22	30716	1
22	30717	1
22	30718	1
22	30719	1
22	30720	1
22	30721	1
22	30722	1
22	30723	1
22	30724	1
22	30725	1
22	30726	1
22	30727	1
22	30728	1
22	30729	1
22	30730	1
22	30731	1
22	30732	1
22	30733	1
22	30734	1
22	30735	1
22	30736	1
22	30737	1
22	30738	1
22	30739	1
22	30740	1
22	30741	1
22	30742	1
22	30743	2
22	30744	2
22	30745	2
22	30746	2
22	30747	2
22	30748	2
22	30749	2
22	30750	2
22	30751	2
22	30752	2
22	30753	2
22	30754	2
22	30755	2
22	30756	2
22	30757	2
22	30758	2
22	30759	2
22	30760	2
22	30761	2
22	30762	2
22	30763	2
22	30764	2
22	30765	2
22	30766	2
22	30767	2
22	30768	2
22	30769	2
22	30770	2
22	30771	2
22	30772	2
22	30773	2
22	30774	2
22	30775	2
22	30776	2
22	30777	2
22	30778	2
22	30779	2
22	30780	2
22	30781	2
22	30782	2
22	30783	2
22	30784	3
22	30785	3
22	30786	3
22	30787	3
22	30788	3
22	30789	3
22	30790	3
22	30791	2
22	30792	2
22	30793	2
22	30794	2
22	30795	2
22	30796	2
22	30797	2
22	30798	2
22	30799	2
22	30800	2
22	30801	2
22	30802	2
22	30803	2
22	30804	2
22	30805	2
22	30806	2
22	30807	2
22	30808	2
22	30809	2
22	30810	2
22	30811	2
22	30812	2
22	30813	3
22	30814	4
22	30815	4
22	30816	4
22	30817	4
22	30818	3
22	30819	3
22	30820	3
22	30821	3
22	30822	3
22	30823	3
22	30824	3
22	30825	3
22	30826	3
22	30827	3
22	30828	3
22	30829	3
22	30830	3
22	30831	3
22	30832	4
22	30833	4
22	30834	4
22	30835	4
22	30836	4
22	30837	4
22	30838	4
22	30839	4
22	30840	4
22	30841	4
22	30842	4
22	30843	4
22	30844	4
22	30845	4
22	30846	4
22	30847	4
22	30848	4
22	30849	4
22	30850	4
22	30851	4
22	30852	4
22	30853	4
22	30854	4
22	30855	4
22	30856	4
22	30857	4
22	30858	4
22	30859	3
22	30860	3
22	30861	3
22	30862	3
22	30863	3
22	30864	3
22	30865	3
22	30866	3
22	30867	3
22	30868	3
22	30869	3
22	30870	3
22	30871	3
22	30872	3
22	30873	3
22	30874	3
22	30875	3
22	30876	3
22	30877	3
22	30878	3
22	30879	3
22	30880	3
22	30881	3
22	30882	3
22	30883	3
22	30884	3
22	30885	3
22	30886	3
22	30887	3
22	30888	3
22	30889	2
22	30890	2
22	30891	2
22	30892	2
22	30893	2
22	30894	2
22	30895	2
22	30896	2
22	30897	2
22	30898	2
22	30899	2
22	30900	2
22	30901	2
22	30902	2
22	30903	2
22	30904	2
22	30905	2
22	30906	2
22	30907	3
22	30908	3
22	30909	3
22	30910	3
22	30911	3
22	30912	3
22	30913	3
22	30914	3
22	30915	3
22	30916	3
22	30917	3
22	30918	3
22	30919	2
22	30920	2
22	30921	2
22	30922	2
22	30923	2
22	30924	2
22	30925	2
22	30926	2
22	30927	2
22	30928	2
22	30929	2
22	30930	2
22	30931	2
22	30932	2
22	30933	2
22	30934	2
22	30935	2
22	30936	2
22	30937	2
22	30938	1
22	30939	1
22	30940	1
22	30941	1
22	30942	1
22	30943	1
22	30944	1
22	30945	1
22	30946	1
22	30947	1
22	30948	1
22	30949	1
22	30950	1
22	30951	1
22	30952	1
22	30953	1
22	30954	1
22	30955	1
22	30956	1
22	30957	1
22	30958	1
22	30959	1
22	30960	1
22	30961	1
22	30962	1
22	30963	1
22	30964	1
22	30965	1
22	30966	1
22	30967	1
22	30968	1
22	30969	1
22	30970	1
22	30971	1
22	30972	1
22	30973	1
22	30974	1
22	30975	1
22	30976	1
22	30977	1
22	30978	1
22	30979	1
22	30980	1
22	30981	1
22	31207	1
22	31208	1
22	31209	1
22	31210	1
22	31211	1
22	31212	1
22	31213	1
22	31214	1
22	31215	1
22	31216	1
22	31217	1
22	31218	1
22	31219	1
22	31220	1
22	31221	1
22	31222	1
22	31223	1
22	31224	2
22	31225	2
22	31226	2
22	31227	2
22	31228	2
22	31229	3
22	31230	3
22	31231	3
22	31232	3
22	31233	3
22	31234	3
22	31235	3
22	31236	3
22	31237	3
22	31238	4
22	31239	4
22	31240	4
22	31241	4
22	31242	4
22	31243	4
22	31244	4
22	31245	4
22	31246	4
22	31247	4
22	31248	4
22	31249	4
22	31250	4
22	31251	4
22	31252	4
22	31253	4
22	31254	4
22	31255	4
22	31256	4
22	31257	4
22	31258	4
22	31259	4
22	31260	4
22	31261	4
22	31262	4
22	31263	4
22	31264	4
22	31265	4
22	31266	4
22	31267	4
22	31268	4
22	31269	4
22	31270	4
22	31271	4
22	31272	4
22	31273	4
22	31274	4
22	31275	4
22	31276	4
22	31277	4
22	31278	4
22	31279	4
22	31280	4
22	31281	4
22	31282	4
22	31283	4
22	31284	4
22	31285	4
22	31286	4
22	31287	4
22	31288	4
22	31289	4
22	31290	4
22	31291	4
22	31292	4
22	31293	4
22	31294	4
22	31295	4
22	31296	4
22	31297	4
22	31298	4
22	31299	4
22	31300	4
22	31301	4
22	31302	4
22	31303	4
22	31304	3
22	31305	3
22	31306	3
22	31307	3
22	31308	3
22	31309	3
22	31310	3
22	31311	3
22	31312	4
22	31313	4
22	31314	3
22	31315	3
22	31316	3
22	31317	2
22	31318	2
22	31319	2
22	31320	2
22	31321	2
22	31322	3
22	31323	3
22	31324	3
22	31325	3
22	31326	2
22	31327	3
22	31328	3
22	31329	3
22	31330	3
22	31331	3
22	31332	3
22	31333	3
22	31334	3
22	31335	3
22	31336	3
22	31337	3
22	31338	3
22	31339	3
22	31340	4
22	31341	4
22	31342	4
22	31343	4
22	31344	4
22	31345	4
22	31346	5
22	31347	5
22	31348	5
22	31349	5
22	31350	5
22	31351	5
22	31352	5
22	31353	5
22	31354	5
22	31355	5
22	31356	5
22	31357	5
22	31358	5
22	31359	5
22	31360	5
22	31361	5
22	31362	5
22	31363	5
22	31364	5
22	31365	5
22	31366	5
22	31367	5
22	31368	5
22	31369	5
22	31370	5
22	31371	5
22	31372	5
22	31373	5
22	31374	5
22	31375	5
22	31376	5
22	31377	5
22	31378	5
22	31379	5
22	31380	5
22	31381	5
22	31382	5
22	31383	5
22	31384	5
22	31385	5
22	31386	5
22	31387	4
22	31388	4
22	31389	4
22	31390	4
22	31391	4
22	31392	4
22	31393	4
22	31394	4
22	31395	4
22	31396	4
22	31397	3
22	31398	3
22	31399	3
22	31400	3
22	31401	3
22	31402	2
22	31403	2
22	31404	2
22	31405	2
22	31406	2
22	31407	2
22	31408	2
22	31409	2
22	31410	2
22	31411	2
22	31412	2
22	31413	2
22	31414	2
22	31415	2
22	31416	2
22	31417	2
22	31418	3
22	31419	3
22	31420	3
22	31421	2
22	31422	2
22	31423	2
22	31424	2
22	31425	2
22	31426	2
22	31427	2
22	31428	2
22	31429	2
22	31430	2
22	31431	2
22	31432	2
22	31433	2
22	31434	2
22	31435	2
22	31436	2
22	31437	2
22	31438	2
22	31439	2
22	31440	2
22	31441	2
22	31442	2
22	31443	3
22	31444	3
22	31445	3
22	31446	3
22	31447	3
22	31448	3
22	31449	3
22	31450	3
22	31451	3
22	31452	3
22	31453	3
22	31454	3
22	31455	3
22	31456	3
22	31457	3
22	31458	3
22	31459	3
22	31460	3
22	31461	3
22	31462	3
22	31463	3
22	31464	3
22	31465	3
22	31466	3
22	31467	3
22	31468	3
22	31469	3
22	31470	3
22	31471	3
22	31472	3
22	31473	3
22	31474	3
22	31475	2
22	31476	2
22	31477	2
22	31478	2
22	31479	2
22	31480	2
22	31481	2
22	31482	1
22	31483	1
22	31484	1
22	31485	1
22	31486	1
22	31487	1
22	31488	1
22	31489	1
22	31490	1
22	31491	1
22	31492	1
22	31493	1
22	31494	1
22	31495	1
22	31496	1
22	31497	1
22	31498	1
22	31499	1
22	31500	1
22	31501	1
22	31502	1
22	31503	1
22	31504	1
22	31505	1
22	31506	1
22	31507	1
22	31508	1
22	31509	1
22	31510	1
22	31511	1
22	31512	1
22	31513	1
22	31514	1
22	31515	1
22	31516	1
22	31517	1
22	31705	1
22	31706	1
22	31707	1
22	31708	1
22	31709	1
22	31710	1
22	31711	1
22	31712	1
22	31713	1
22	31714	1
22	31715	1
22	31716	1
22	31717	1
22	31718	1
22	31719	1
22	31720	1
22	31721	1
22	31722	1
22	31723	1
22	31724	1
22	31725	1
22	31726	1
22	31727	1
22	31728	1
22	31729	1
22	31730	1
22	31731	2
22	31732	2
22	31733	2
22	31734	2
22	31735	2
22	31736	2
22	31737	2
22	31738	2
22	31739	2
22	31740	2
22	31741	2
22	31742	2
22	31743	2
22	31744	2
22	31745	2
22	31746	2
22	31747	2
22	31748	2
22	31749	2
22	31750	2
22	31751	2
22	31752	2
22	31753	2
22	31754	2
22	31755	2
22	31756	2
22	31757	2
22	31758	3
22	31759	3
22	31760	3
22	31761	3
22	31762	3
22	31763	3
22	31764	3
22	31765	3
22	31766	3
22	31767	3
22	31768	3
22	31769	3
22	31770	3
22	31771	3
22	31772	3
22	31773	3
22	31774	3
22	31775	3
22	31776	3
22	31777	3
22	31778	3
22	31779	3
22	31780	2
22	31781	2
22	31782	2
22	31783	2
22	31784	2
22	31785	2
22	31786	2
22	31787	2
22	31788	2
22	31789	2
22	31790	2
22	31791	2
22	31792	2
22	31793	2
22	31794	2
22	31795	2
22	31796	2
22	31797	2
22	31798	2
22	31799	2
22	31800	2
22	31801	2
22	31802	2
22	31803	2
22	31804	2
22	31805	2
22	31806	1
22	31807	1
22	31808	1
22	31809	1
22	31810	1
22	31811	1
22	31812	1
22	31813	1
22	31814	1
22	31815	1
22	31816	1
22	31817	1
22	31818	1
22	31819	1
22	31820	1
22	31821	1
22	31822	1
22	31823	1
22	31824	1
22	31825	1
22	31826	1
22	31827	1
22	31828	1
22	31829	1
22	31830	1
22	31831	1
22	31832	1
22	31842	1
22	31843	1
22	31844	1
22	31845	1
22	31846	1
22	31847	1
22	31848	1
22	31849	1
22	31850	1
22	31851	1
22	31852	1
22	31853	1
22	31854	1
22	31855	1
22	31856	1
22	31857	1
22	31858	1
22	31859	1
22	31860	1
22	31861	1
22	31862	1
22	31863	1
22	31864	1
22	31865	1
22	31866	1
22	31867	1
22	31868	1
22	31869	1
22	31870	1
22	31871	1
22	31872	1
22	31873	1
22	31874	1
22	31875	1
22	31876	1
22	31877	1
22	31878	1
22	31879	1
22	31880	1
22	31881	1
22	31882	1
22	31883	1
22	31884	1
22	31885	1
22	31886	1
22	31887	1
22	31888	1
22	31889	1
22	31890	1
22	31891	1
22	31892	1
22	31893	1
22	31894	1
22	31895	1
22	31896	1
22	31897	1
22	31898	1
22	31899	1
22	31900	1
22	31901	1
22	31902	1
22	31903	1
22	31904	1
22	31905	1
22	31906	1
22	31907	1
22	31908	1
22	31909	1
22	31910	1
22	31911	1
22	31912	1
22	31913	1
22	31914	1
22	31915	1
22	31916	1
22	31982	1
22	31983	1
22	31984	1
22	31985	1
22	31986	1
22	31987	1
22	31988	1
22	31989	1
22	31990	1
22	31991	1
22	31992	1
22	31993	1
22	31994	1
22	31995	1
22	31996	1
22	31997	1
22	31998	1
22	31999	1
22	32000	1
22	32001	1
22	32002	1
22	32003	1
22	32004	1
22	32005	1
22	32006	1
22	32007	1
22	32008	1
22	32009	1
22	32010	1
22	32011	1
22	32012	1
22	32013	1
22	32014	1
22	32015	1
22	32016	1
22	32017	1
22	32018	1
22	32019	1
22	32020	1
22	32021	1
22	32022	1
22	32023	1
22	32024	1
22	32025	1
22	32026	1
22	32027	1
22	32028	1
22	32029	1
22	32030	1
22	32031	1
22	32032	1
22	32033	1
22	32034	1
22	32035	1
22	32036	1
22	32037	1
22	32038	1
22	32039	1
22	32040	1
22	32041	1
22	32042	1
22	32043	1
22	32044	1
22	32045	1
22	32046	1
22	32047	1
22	32048	1
22	32049	1
22	32050	1
22	32051	1
22	32052	1
22	32053	1
22	32054	1
22	32055	1
22	32056	1
22	32057	1
22	32058	1
22	32059	1
22	32060	1
22	32061	1
22	32062	1
22	32063	1
22	32064	1
22	32065	1
22	32066	1
22	32067	1
22	32068	1
22	32069	1
22	32070	1
22	32071	1
22	32072	1
22	32073	1
22	32074	1
22	32075	1
22	32076	1
22	32077	1
22	32078	1
22	32079	1
22	32080	1
22	32081	1
22	32082	1
22	32083	1
22	32084	1
22	32085	1
22	32086	1
22	32087	1
22	32088	1
22	32089	1
22	32090	1
22	32091	1
22	32092	1
22	32093	1
22	32094	1
22	32095	1
22	32096	1
22	32097	2
22	32098	2
22	32099	2
22	32100	2
22	32101	2
22	32102	2
22	32103	2
22	32104	2
22	32105	2
22	32106	2
22	32107	2
22	32108	2
22	32109	2
22	32110	2
22	32111	2
22	32112	2
22	32113	2
22	32114	2
22	32115	2
22	32116	2
22	32117	2
22	32118	2
22	32119	2
22	32120	2
22	32121	1
22	32122	1
22	32123	1
22	32124	1
22	32125	1
22	32126	1
22	32127	1
22	32128	1
22	32129	1
22	32130	1
22	32131	1
22	32132	1
22	32133	1
22	32134	1
22	32135	1
22	32136	1
22	32137	1
22	32138	1
22	32139	1
22	32140	1
22	32141	1
22	32142	1
22	32143	1
22	32144	1
22	32145	1
22	32146	1
22	32147	1
22	32148	1
22	32149	1
22	32150	1
22	32151	1
22	32152	1
22	32153	1
22	32154	1
22	32155	1
22	32156	1
22	32157	1
22	32158	1
22	32159	1
22	32160	1
22	32161	1
22	32162	1
22	32163	1
22	32164	1
22	32165	1
22	32166	1
22	32167	1
22	32168	1
22	32169	1
22	32170	1
22	32171	1
22	32172	1
22	32173	1
22	32174	1
22	32175	1
22	32176	1
22	32177	1
22	32178	1
22	32179	1
22	32180	1
22	32181	1
22	32182	1
22	32183	1
22	32184	1
22	32185	1
22	32186	1
22	32187	1
22	32188	1
22	32189	1
22	32190	1
22	32191	1
22	32192	1
22	32193	1
22	32194	1
22	32195	1
22	32196	1
22	32197	1
22	32198	1
22	32199	1
22	32200	1
22	32201	1
22	32202	1
22	32203	1
22	32204	1
22	32205	1
22	32206	1
22	32207	1
22	32386	1
22	32387	1
22	32388	1
22	32389	1
22	32390	1
22	32391	1
22	32392	1
22	32393	1
22	32394	1
22	32395	2
22	32396	2
22	32397	2
22	32398	2
22	32399	2
22	32400	2
22	32401	2
22	32402	2
22	32403	2
22	32404	2
22	32405	2
22	32406	2
22	32407	2
22	32408	2
22	32409	2
22	32410	2
22	32411	2
22	32412	2
22	32413	2
22	32414	2
22	32415	2
22	32416	2
22	32417	2
22	32418	2
22	32419	2
22	32420	2
22	32421	2
22	32422	2
22	32423	2
22	32424	2
22	32425	2
22	32426	2
22	32427	2
22	32428	2
22	32429	2
22	32430	2
22	32431	2
22	32432	3
22	32433	3
22	32434	3
22	32435	3
22	32436	3
22	32437	3
22	32438	3
22	32439	3
22	32440	3
22	32441	3
22	32442	3
22	32443	3
22	32444	3
22	32445	3
22	32446	3
22	32447	3
22	32448	3
22	32449	3
22	32450	3
22	32451	3
22	32452	3
22	32453	3
22	32454	3
22	32455	3
22	32456	3
22	32457	3
22	32458	3
22	32459	3
22	32460	4
22	32461	3
22	32462	3
22	32463	3
22	32464	3
22	32465	3
22	32466	3
22	32467	3
22	32468	3
22	32469	3
22	32470	3
22	32471	3
22	32472	3
22	32473	3
22	32474	3
22	32475	3
22	32476	3
22	32477	3
22	32478	3
22	32479	3
22	32480	3
22	32481	3
22	32482	3
22	32483	3
22	32484	4
22	32485	4
22	32486	3
22	32487	3
22	32488	3
22	32489	3
22	32490	3
22	32491	4
22	32492	4
22	32493	4
22	32494	4
22	32495	4
22	32496	4
22	32497	4
22	32498	4
22	32499	4
22	32500	4
22	32501	4
22	32502	4
22	32503	4
22	32504	4
22	32505	4
22	32506	4
22	32507	3
22	32508	3
22	32509	3
22	32510	3
22	32511	3
22	32512	4
22	32513	6
22	32514	6
22	32515	6
22	32516	6
22	32517	6
22	32518	6
22	32519	6
22	32520	6
22	32521	6
22	32522	6
22	32523	6
22	32524	6
22	32525	6
22	32526	6
22	32527	6
22	32528	6
22	32529	6
22	32530	6
22	32531	6
22	32532	6
22	32533	6
22	32534	6
22	32535	5
22	32536	5
22	32537	5
22	32538	5
22	32539	5
22	32540	5
22	32541	5
22	32542	5
22	32543	5
22	32544	5
22	32545	5
22	32546	5
22	32547	5
22	32548	5
22	32549	5
22	32550	5
22	32551	5
22	32552	5
22	32553	5
22	32554	5
22	32555	5
22	32556	5
22	32557	5
22	32558	5
22	32559	4
22	32560	4
22	32561	4
22	32562	4
22	32563	4
22	32564	4
22	32565	4
22	32566	4
22	32567	4
22	32568	4
22	32569	4
22	32570	4
22	32571	4
22	32572	4
22	32573	4
22	32574	4
22	32575	4
22	32576	5
22	32577	5
22	32578	5
22	32579	5
22	32580	5
22	32581	5
22	32582	5
22	32583	5
22	32584	5
22	32585	5
22	32586	5
22	32587	5
22	32588	3
22	32589	3
22	32590	3
22	32591	2
22	32592	2
22	32593	2
22	32594	2
22	32595	2
22	32596	3
22	32597	3
22	32598	3
22	32599	3
22	32600	3
22	32601	3
22	32602	3
22	32603	3
22	32604	3
22	32605	3
22	32606	3
22	32607	3
22	32608	3
22	32609	3
22	32610	3
22	32611	3
22	32612	3
22	32613	3
22	32614	3
22	32615	3
22	32616	3
22	32617	3
22	32618	3
22	32619	3
22	32620	3
22	32621	3
22	32622	3
22	32623	3
22	32624	3
22	32625	3
22	32626	3
22	32627	3
22	32628	3
22	32629	3
22	32630	3
22	32631	3
22	32632	3
22	32633	3
22	32634	3
22	32635	2
22	32636	2
22	32637	2
22	32638	2
22	32639	2
22	32640	2
22	32641	2
22	32642	2
22	32643	2
22	32644	2
22	32645	2
22	32646	2
22	32647	2
22	32648	2
22	32649	2
22	32650	3
22	32651	2
22	32652	2
22	32653	2
22	32654	2
22	32655	3
22	32656	3
22	32657	3
22	32658	3
22	32659	3
22	32660	3
22	32661	3
22	32662	3
22	32663	3
22	32664	3
22	32665	3
22	32666	3
22	32667	3
22	32668	4
22	32669	4
22	32670	4
22	32671	3
22	32672	3
22	32673	3
22	32674	3
22	32675	3
22	32676	3
22	32677	3
22	32678	3
22	32679	3
22	32680	3
22	32681	3
22	32682	3
22	32683	3
22	32684	3
22	32685	3
22	32686	3
22	32687	3
22	32688	3
22	32689	3
22	32690	3
22	32691	3
22	32692	3
22	32693	3
22	32694	3
22	32695	3
22	32696	3
22	32697	3
22	32698	3
22	32699	3
22	32700	3
22	32701	3
22	32702	3
22	32703	3
22	32704	3
22	32705	3
22	32706	3
22	32707	3
22	32708	3
22	32709	3
22	32710	3
22	32711	3
22	32712	3
22	32713	3
22	32714	3
22	32715	3
22	32716	3
22	32717	3
22	32718	3
22	32719	3
22	32720	3
22	32721	3
22	32722	3
22	32723	3
22	32724	3
22	32725	3
22	32726	3
22	32727	3
22	32728	3
22	32729	3
22	32730	3
22	32731	3
22	32732	3
22	32733	3
22	32734	4
22	32735	4
22	32736	4
22	32737	4
22	32738	4
22	32739	4
22	32740	4
22	32741	4
22	32742	4
22	32743	3
22	32744	3
22	32745	3
22	32746	2
22	32747	3
22	32748	4
22	32749	4
22	32750	4
22	32751	4
22	32752	4
22	32753	4
22	32754	4
22	32755	4
22	32756	4
22	32757	4
22	32758	4
22	32759	4
22	32760	4
22	32761	4
22	32762	4
22	32763	4
22	32764	4
22	32765	4
22	32766	4
22	32767	4
22	32768	4
22	32769	4
22	32770	4
22	32771	4
22	32772	4
22	32773	4
22	32774	4
22	32775	4
22	32776	4
22	32777	4
22	32778	4
22	32779	4
22	32780	4
22	32781	4
22	32782	4
22	32783	4
22	32784	4
22	32785	4
22	32786	4
22	32787	4
22	32788	4
22	32789	4
22	32790	4
22	32791	4
22	32792	4
22	32793	3
22	32794	3
22	32795	3
22	32796	3
22	32797	3
22	32798	3
22	32799	3
22	32800	3
22	32801	3
22	32802	3
22	32803	3
22	32804	3
22	32805	3
22	32806	3
22	32807	4
22	32808	4
22	32809	4
22	32810	4
22	32811	4
22	32812	4
22	32813	4
22	32814	4
22	32815	4
22	32816	4
22	32817	4
22	32818	4
22	32819	4
22	32820	4
22	32821	4
22	32822	4
22	32823	3
22	32824	3
22	32825	3
22	32826	3
22	32827	3
22	32828	3
22	32829	3
22	32830	3
22	32831	3
22	32832	4
22	32833	4
22	32834	4
22	32835	4
22	32836	4
22	32837	4
22	32838	4
22	32839	4
22	32840	4
22	32841	4
22	32842	5
22	32843	5
22	32844	5
22	32845	5
22	32846	4
22	32847	4
22	32848	4
22	32849	4
22	32850	4
22	32851	4
22	32852	4
22	32853	4
22	32854	4
22	32855	4
22	32856	4
22	32857	4
22	32858	4
22	32859	4
22	32860	4
22	32861	4
22	32862	4
22	32863	4
22	32864	4
22	32865	4
22	32866	4
22	32867	4
22	32868	4
22	32869	4
22	32870	4
22	32871	4
22	32872	4
22	32873	4
22	32874	4
22	32875	4
22	32876	4
22	32877	4
22	32878	4
22	32879	4
22	32880	4
22	32881	4
22	32882	3
22	32883	3
22	32884	3
22	32885	3
22	32886	3
22	32887	3
22	32888	2
22	32889	2
22	32890	2
22	32891	2
22	32892	2
22	32893	2
22	32894	2
22	32895	2
22	32896	2
22	32897	1
22	32898	1
22	32899	1
22	32900	1
22	32901	2
22	32902	2
22	32903	2
22	32904	2
22	32905	2
22	32906	2
22	32907	1
22	32908	1
22	32909	1
22	32910	1
22	32911	1
22	32912	1
22	32913	1
22	32914	1
22	32915	1
22	32916	1
22	32917	1
22	32918	1
22	32919	1
22	32920	1
22	32921	1
22	32922	1
22	32923	1
22	32924	1
22	32925	1
22	32926	1
22	32927	1
22	32928	1
22	32929	1
22	32930	1
22	32931	2
22	32932	2
22	32933	2
22	32934	2
22	32935	2
22	32936	2
22	32937	2
22	32938	2
22	32939	2
22	32940	2
22	32941	2
22	32942	2
22	32943	2
22	32944	2
22	32945	2
22	32946	2
22	32947	2
22	32948	2
22	32949	2
22	32950	2
22	32951	2
22	32952	2
22	32953	2
22	32954	2
22	32955	2
22	32956	2
22	32957	2
22	32958	2
22	32959	2
22	32960	2
22	32961	2
22	32962	2
22	32963	2
22	32964	2
22	32965	2
22	32966	2
22	32967	2
22	32968	2
22	32969	2
22	32970	2
22	32971	2
22	32972	2
22	32973	2
22	32974	2
22	32975	2
22	32976	1
22	32977	1
22	32978	1
22	32979	1
22	32980	1
22	32981	1
22	32982	1
22	32983	1
22	32984	1
22	32985	1
22	32986	1
22	32987	1
22	32988	1
22	32989	1
22	32990	1
22	32991	1
22	32992	1
22	32993	1
22	32994	1
22	32995	1
22	32996	1
22	32997	1
22	32998	1
22	32999	1
22	33000	1
22	33001	1
22	33002	1
22	33003	1
22	33004	1
22	33005	1
22	33108	1
22	33109	1
22	33110	1
22	33111	1
22	33112	1
22	33113	1
22	33114	1
22	33115	1
22	33116	1
22	33117	1
22	33118	1
22	33119	1
22	33120	1
22	33121	1
22	33122	1
22	33123	1
22	33124	1
22	33125	1
22	33126	1
22	33127	1
22	33128	1
22	33129	1
22	33130	1
22	33131	1
22	33132	1
22	33133	1
22	33134	1
22	33135	1
22	33136	1
22	33137	1
22	33138	1
22	33139	1
22	33140	1
22	33141	1
22	33142	1
22	33143	1
22	33144	1
22	33145	1
22	33146	1
22	33147	1
22	33148	1
22	33149	1
22	33150	1
22	33151	1
22	33152	1
22	33153	1
22	33154	1
22	33155	1
22	33156	1
22	33157	1
22	33158	1
22	33159	1
22	33160	1
22	33161	1
22	33162	1
22	33163	1
22	33164	1
22	33165	1
22	33166	1
22	33167	1
22	33168	1
22	33169	1
22	33170	1
22	33171	1
22	33172	1
22	33173	1
22	33174	1
22	33175	1
22	33176	1
22	33177	1
22	33178	1
22	33179	1
22	33180	1
22	33181	1
22	33182	1
22	33183	1
22	33184	1
22	33185	1
22	33186	1
22	33187	1
22	33188	1
22	33189	1
22	33190	1
22	33191	1
22	33192	1
22	33193	1
22	33194	1
22	33195	1
22	33196	1
22	33197	1
22	33198	1
22	33199	1
22	33200	1
22	33201	1
22	33202	1
22	33203	1
22	33204	1
22	33205	1
22	33206	1
22	33207	1
22	33208	1
22	33209	2
22	33210	2
22	33211	2
22	33212	2
22	33213	2
22	33214	2
22	33215	2
22	33216	2
22	33217	2
22	33218	2
22	33219	2
22	33220	2
22	33221	2
22	33222	2
22	33223	2
22	33224	2
22	33225	2
22	33226	2
22	33227	2
22	33228	2
22	33229	1
22	33230	1
22	33231	1
22	33232	1
22	33233	1
22	33234	1
22	33235	1
22	33236	1
22	33237	1
22	33238	1
22	33239	1
22	33240	1
22	33241	1
22	33242	1
22	33243	1
22	33244	1
22	33245	1
22	33246	1
22	33247	1
22	33248	1
22	33249	1
22	33250	1
22	33251	1
22	33252	1
22	33253	1
22	33254	1
22	33255	1
22	33256	1
22	33257	1
22	33258	1
22	33259	1
22	33260	1
22	33261	1
22	33262	1
22	33263	1
22	33264	1
22	33265	1
22	33266	1
22	33267	1
22	33268	1
22	33269	1
22	33270	1
22	33271	1
22	33272	1
22	33273	1
22	33274	1
22	33275	1
22	33276	1
22	33277	1
22	33278	1
22	33279	1
22	33280	1
22	33281	1
22	33282	1
22	33283	1
22	33410	1
22	33411	1
22	33412	1
22	33413	1
22	33414	1
22	33415	1
22	33416	2
22	33417	2
22	33418	2
22	33419	2
22	33420	2
22	33421	2
22	33422	2
22	33423	2
22	33424	2
22	33425	2
22	33426	2
22	33427	2
22	33428	2
22	33429	2
22	33430	2
22	33431	2
22	33432	2
22	33433	2
22	33434	2
22	33435	2
22	33436	2
22	33437	2
22	33438	2
22	33439	2
22	33440	2
22	33441	2
22	33442	2
22	33443	2
22	33444	2
22	33445	2
22	33446	2
22	33447	2
22	33448	2
22	33449	2
22	33450	3
22	33451	4
22	33452	4
22	33453	4
22	33454	4
22	33455	4
22	33456	4
22	33457	4
22	33458	4
22	33459	4
22	33460	4
22	33461	4
22	33462	4
22	33463	4
22	33464	4
22	33465	4
22	33466	4
22	33467	4
22	33468	4
22	33469	4
22	33470	4
22	33471	4
22	33472	4
22	33473	4
22	33474	4
22	33475	4
22	33476	4
22	33477	4
22	33478	4
22	33479	4
22	33480	4
22	33481	4
22	33482	4
22	33483	4
22	33484	4
22	33485	3
22	33486	3
22	33487	3
22	33488	3
22	33489	3
22	33490	3
22	33491	2
22	33492	2
22	33493	2
22	33494	2
22	33495	2
22	33496	2
22	33497	2
22	33498	2
22	33499	2
22	33500	2
22	33501	2
22	33502	2
22	33503	2
22	33504	2
22	33505	2
22	33506	2
22	33507	2
22	33508	2
22	33509	2
22	33510	2
22	33511	2
22	33512	2
22	33513	2
22	33514	2
22	33515	2
22	33516	2
22	33517	2
22	33518	2
22	33519	2
22	33520	2
22	33521	2
22	33522	2
22	33523	2
22	33524	2
22	33525	1
22	33526	1
22	33527	1
22	33528	1
22	33529	1
22	33530	2
22	33531	2
22	33532	2
22	33533	2
22	33534	2
22	33535	4
22	33536	4
22	33537	4
22	33538	4
22	33539	4
22	33540	4
22	33541	4
22	33542	4
22	33543	4
22	33544	4
22	33545	4
22	33546	4
22	33547	4
22	33548	4
22	33549	4
22	33550	4
22	33551	4
22	33552	4
22	33553	4
22	33554	4
22	33555	4
22	33556	4
22	33557	4
22	33558	4
