22	15502	5
22	15503	5
22	15504	5
22	15505	5
22	15506	6
22	15507	6
22	15508	6
22	15509	5
22	15510	5
22	15511	5
22	15512	6
22	15513	6
22	15514	6
22	15515	6
22	15516	6
22	15517	6
22	15518	6
22	15519	6
22	15520	6
22	15521	6
22	15522	6
22	15523	6
22	15524	6
22	15525	6
22	15526	6
22	15527	6
22	15528	6
22	15529	6
22	15530	6
22	15531	6
22	15532	6
22	15533	6
22	15534	6
22	15535	6
22	15536	7
22	15537	7
22	15538	7
22	15539	7
22	15540	7
22	15541	7
22	15542	8
22	15543	8
22	15544	7
22	15545	7
22	15546	7
22	15547	7
22	15548	7
22	15549	7
22	15550	7
22	15551	7
22	15552	7
22	15553	7
22	15554	7
22	15555	7
22	15556	7
22	15557	7
22	15558	7
22	15559	7
22	15560	7
22	15561	6
22	15562	6
22	15563	6
22	15564	6
22	15565	6
22	15566	6
22	15567	6
22	15568	6
22	15569	7
22	15570	7
22	15571	7
22	15572	7
22	15573	7
22	15574	7
22	15575	7
22	15576	6
22	15577	6
22	15578	6
22	15579	6
22	15580	6
22	15581	6
22	15582	6
22	15583	6
22	15584	6
22	15585	8
22	15586	8
22	15587	8
22	15588	8
22	15589	8
22	15590	8
22	15591	8
22	15592	8
22	15593	9
22	15594	9
22	15595	9
22	15596	9
22	15597	10
22	15598	10
22	15599	10
22	15600	9
22	15601	9
22	15602	8
22	15603	8
22	15604	9
22	15605	10
22	15606	11
22	15607	11
22	15608	11
22	15609	12
22	15610	12
22	15611	12
22	15612	12
22	15613	12
22	15614	12
22	15615	13
22	15616	13
22	15617	13
22	15618	13
22	15619	13
22	15620	12
22	15621	12
22	15622	11
22	15623	11
22	15624	10
22	15625	10
22	15626	10
22	15627	10
22	15628	11
22	15629	11
22	15630	12
22	15631	12
22	15632	12
22	15633	12
22	15634	12
22	15635	12
22	15636	11
22	15637	11
22	15638	12
22	15639	12
22	15640	12
22	15641	12
22	15642	12
22	15643	12
22	15644	12
22	15645	12
22	15646	13
22	15647	14
22	15648	14
22	15649	14
22	15650	13
22	15651	13
22	15652	13
22	15653	13
22	15654	13
22	15655	13
22	15656	13
22	15657	14
22	15658	14
22	15659	14
22	15660	14
22	15661	14
22	15662	14
22	15663	14
22	15664	13
22	15665	13
22	15666	13
22	15667	12
22	15668	12
22	15669	13
22	15670	13
22	15671	12
22	15672	11
22	15673	11
22	15674	11
22	15675	12
22	15676	12
22	15677	13
22	15678	14
22	15679	13
22	15680	13
22	15681	13
22	15682	14
22	15683	15
22	15684	17
22	15685	17
22	15686	17
22	15687	16
22	15688	16
22	15689	17
22	15690	17
22	15691	19
22	15692	19
22	15693	19
22	15694	20
22	15695	20
22	15696	21
22	15697	21
22	15698	21
22	15699	21
22	15700	21
22	15701	21
22	15702	21
22	15703	21
22	15704	19
22	15705	20
22	15706	20
22	15707	20
22	15708	20
22	15709	21
22	15710	20
22	15711	20
22	15712	20
22	15713	20
22	15714	19
22	15715	19
22	15716	20
22	15717	19
22	15718	19
22	15719	19
22	15720	20
22	15721	20
22	15722	20
22	15723	20
22	15724	20
22	15725	19
22	15726	19
22	15727	20
22	15728	20
22	15729	19
22	15730	19
22	15731	18
22	15732	17
22	15733	17
22	15734	17
22	15735	17
22	15736	17
22	15737	18
22	15738	19
22	15739	19
22	15740	19
22	15741	19
22	15742	18
22	15743	18
22	15744	17
22	15745	18
22	15746	18
22	15747	18
22	15748	18
22	15749	18
22	15750	17
22	15751	16
22	15752	16
22	15753	16
22	15754	17
22	15755	17
22	15756	17
22	15757	17
22	15758	17
22	15759	16
22	15760	16
22	15761	16
22	15762	16
22	15763	16
22	15764	17
22	15765	17
22	15766	17
22	15767	16
22	15768	15
22	15769	15
22	15770	15
22	15771	15
22	15772	15
22	15773	14
22	15774	14
22	15775	14
22	15776	14
22	15777	14
22	15778	15
22	15779	14
22	15780	15
22	15781	15
22	15782	15
22	15783	15
22	15784	15
22	15785	14
22	15786	14
22	15787	14
22	15788	14
22	15789	14
22	15790	15
22	15791	15
22	15792	15
22	15793	15
22	15794	15
22	15795	15
22	15796	14
22	15797	14
22	15798	14
22	15799	14
22	15800	14
22	15801	14
22	15802	14
22	15803	14
22	15804	14
22	15805	13
22	15806	13
22	15807	13
22	15808	13
22	15809	13
22	15810	13
22	15811	13
22	15812	13
22	15813	14
22	15814	13
22	15815	13
22	15816	13
22	15817	13
22	15818	13
22	15819	13
22	15820	13
22	15821	13
22	15822	13
22	15823	13
22	15824	14
22	15825	14
22	15826	12
22	15827	12
22	15828	12
22	15829	12
22	15830	12
22	15831	12
22	15832	13
22	15833	13
22	15834	13
22	15835	14
22	15836	14
22	15837	14
22	15838	13
22	15839	13
22	15840	13
22	15841	12
22	15842	12
22	15843	12
22	15844	12
22	15845	12
22	15846	12
22	15847	12
22	15848	11
22	15849	11
22	15850	11
22	15851	12
22	15852	13
22	15853	13
22	15854	13
22	15855	13
22	15856	13
22	15857	13
22	15858	14
22	15859	14
22	15860	14
22	15861	14
22	15862	14
22	15863	14
22	15864	13
22	15865	13
22	15866	13
22	15867	13
22	15868	13
22	15869	13
22	15870	13
22	15871	13
22	15872	14
22	15873	13
22	15874	12
22	15875	13
22	15876	13
22	15877	13
22	15878	13
22	15879	13
22	15880	13
22	15881	13
22	15882	13
22	15883	14
22	15884	14
22	15885	14
22	15886	14
22	15887	14
22	15888	15
22	15889	15
22	15890	15
22	15891	13
22	15892	13
22	15893	13
22	15894	12
22	15895	11
22	15896	10
22	15897	10
22	15898	10
22	15899	10
22	15900	10
22	15901	10
22	15902	10
22	15903	12
22	15904	12
22	15905	12
22	15906	12
22	15907	10
22	15908	10
22	15909	9
22	15910	10
22	15911	9
22	15912	9
22	15913	10
22	15914	10
22	15915	9
22	15916	9
22	15917	8
22	15918	8
22	15919	8
22	15920	8
22	15921	8
22	15922	8
22	15923	8
22	15924	8
22	15925	8
22	15926	8
22	15927	8
22	15928	8
22	15929	7
22	15930	7
22	15931	7
22	15932	7
22	15933	7
22	15934	7
22	15935	7
22	15936	7
22	15937	7
22	15938	7
22	15939	7
22	15940	7
22	15941	7
22	15942	9
22	15943	9
22	15944	9
22	15945	9
22	15946	9
22	15947	9
22	15948	9
22	15949	10
22	15950	10
22	15951	10
22	15952	10
22	15953	12
22	15954	12
22	15955	12
22	15956	12
22	15957	12
22	15958	12
22	15959	12
22	15960	12
22	15961	13
22	15962	13
22	15963	13
22	15964	14
22	15965	13
22	15966	13
22	15967	13
22	15968	13
22	15969	12
22	15970	13
22	15971	13
22	15972	13
22	15973	14
22	15974	15
22	15975	14
22	15976	15
22	15977	15
22	15978	14
22	15979	14
22	15980	14
22	15981	14
22	15982	14
22	15983	14
22	15984	14
22	15985	13
22	15986	13
22	15987	13
22	15988	13
22	15989	13
22	15990	13
22	15991	13
22	15992	13
22	15993	14
22	15994	14
22	15995	14
22	15996	14
22	15997	14
22	15998	14
22	15999	14
22	16000	14
22	16001	14
22	16002	14
22	16003	14
22	16004	13
22	16005	13
22	16006	13
22	16007	12
22	16008	12
22	16009	12
22	16010	12
22	16011	13
22	16012	13
22	16013	13
22	16014	15
22	16015	15
22	16016	16
22	16017	16
22	16018	16
22	16019	15
22	16020	16
22	16021	15
22	16022	15
22	16023	15
22	16024	15
22	16025	16
22	16026	16
22	16027	16
22	16028	17
22	16029	17
22	16030	17
22	16031	17
22	16032	16
22	16033	16
22	16034	16
22	16035	17
22	16036	17
22	16037	17
22	16038	18
22	16039	18
22	16040	18
22	16041	19
22	16042	19
22	16043	19
22	16044	19
22	16045	19
22	16046	19
22	16047	18
22	16048	16
22	16049	16
22	16050	16
22	16051	15
22	16052	15
22	16053	15
22	16054	15
22	16055	16
22	16056	16
22	16057	16
22	16058	18
22	16059	18
22	16060	19
22	16061	19
22	16062	20
22	16063	21
22	16064	20
22	16065	20
22	16066	21
22	16067	21
22	16068	21
22	16069	22
22	16070	22
22	16071	22
22	16072	22
22	16073	22
22	16074	22
22	16075	23
22	16076	23
22	16077	23
22	16078	23
22	16079	23
22	16080	23
22	16081	24
22	16082	24
22	16083	23
22	16084	23
22	16085	24
22	16086	25
22	16087	26
22	16088	25
22	16089	25
22	16090	25
22	16091	26
22	16092	26
22	16093	26
22	16094	26
22	16095	25
22	16096	25
22	16097	25
22	16098	25
22	16099	25
22	16100	26
22	16101	26
22	16102	26
22	16103	26
22	16104	25
22	16105	23
22	16106	23
22	16107	23
22	16108	23
22	16109	23
22	16110	23
22	16111	23
22	16112	23
22	16113	22
22	16114	22
22	16115	22
22	16116	22
22	16117	22
22	16118	22
22	16119	22
22	16120	22
22	16121	22
22	16122	22
22	16123	22
22	16124	22
22	16125	22
22	16126	22
22	16127	21
22	16128	21
22	16129	19
22	16130	19
22	16131	19
22	16132	18
22	16133	15
22	16134	15
22	16135	14
22	16136	14
22	16137	15
22	16138	15
22	16139	15
22	16140	14
22	16141	14
22	16142	14
22	16143	14
22	16144	14
22	16145	14
22	16146	12
22	16147	11
22	16148	11
22	16149	12
22	16150	11
22	16151	11
22	16152	11
22	16153	11
22	16154	12
22	16155	12
22	16156	12
22	16157	13
22	16158	13
22	16159	13
22	16160	12
22	16161	12
22	16162	12
22	16163	12
22	16164	12
22	16165	12
22	16166	12
22	16167	12
22	16168	14
22	16169	14
22	16170	14
22	16171	14
22	16172	14
22	16173	14
22	16174	15
22	16175	15
22	16176	14
22	16177	14
22	16178	14
22	16179	14
22	16180	14
22	16181	14
22	16182	14
22	16183	14
22	16184	14
22	16185	14
22	16186	14
22	16187	14
22	16188	14
22	16189	14
22	16190	14
22	16191	14
22	16192	14
22	16193	13
22	16194	13
22	16195	13
22	16196	13
22	16197	13
22	16198	13
22	16199	13
22	16200	13
22	16201	13
22	16202	13
22	16203	13
22	16204	13
22	16205	13
22	16206	13
22	16207	11
22	16208	11
22	16209	11
22	16210	11
22	16211	12
22	16212	12
22	16213	13
22	16214	13
22	16215	13
22	16216	13
22	16217	13
22	16218	13
22	16219	13
22	16220	13
22	16221	13
22	16222	13
22	16223	13
22	16224	14
22	16225	14
22	16226	13
22	16227	13
22	16228	13
22	16229	13
22	16230	13
22	16231	13
22	16232	13
22	16233	13
22	16234	13
22	16235	13
22	16236	13
22	16237	13
22	16238	13
22	16239	13
22	16240	13
22	16241	12
22	16242	12
22	16243	12
22	16244	12
22	16245	12
22	16246	12
22	16247	12
22	16248	13
22	16249	13
22	16250	12
22	16251	12
22	16252	13
22	16253	14
22	16254	14
22	16255	14
22	16256	13
22	16257	13
22	16258	13
22	16259	13
22	16260	14
22	16261	14
22	16262	14
22	16263	13
22	16264	13
22	16265	13
22	16266	12
22	16267	12
22	16268	11
22	16269	11
22	16270	10
22	16271	10
22	16272	10
22	16273	10
22	16274	10
22	16275	10
22	16276	10
22	16277	10
22	16278	10
22	16279	10
22	16280	10
22	16281	10
22	16282	10
22	16283	10
22	16284	10
22	16285	10
22	16286	10
22	16287	11
22	16288	12
22	16289	12
22	16290	12
22	16291	13
22	16292	13
22	16293	13
22	16294	12
22	16295	11
22	16296	11
22	16297	11
22	16298	11
22	16299	10
22	16300	10
22	16301	10
22	16302	10
22	16303	11
22	16304	12
22	16305	12
22	16306	12
22	16307	13
22	16308	13
22	16309	13
22	16310	13
22	16311	13
22	16312	14
22	16313	14
22	16314	14
22	16315	14
22	16316	14
22	16317	13
22	16318	13
22	16319	13
22	16320	13
22	16321	13
22	16322	13
22	16323	13
22	16324	13
22	16325	13
22	16326	12
22	16327	12
22	16328	12
22	16329	12
22	16330	13
22	16331	14
22	16332	14
22	16333	13
22	16334	13
22	16335	13
22	16336	14
22	16337	13
22	16338	13
22	16339	13
22	16340	14
22	16341	14
22	16342	14
22	16343	14
22	16344	14
22	16345	15
22	16346	15
22	16347	16
22	16348	16
22	16349	16
22	16350	16
22	16351	16
22	16352	16
22	16353	16
22	16354	17
22	16355	18
22	16356	18
22	16357	18
22	16358	18
22	16359	18
22	16360	18
22	16361	17
22	16362	17
22	16363	17
22	16364	17
22	16365	17
22	16366	18
22	16367	18
22	16368	18
22	16369	16
22	16370	15
22	16371	14
22	16372	14
22	16373	15
22	16374	15
22	16375	15
22	16376	15
22	16377	15
22	16378	14
22	16379	15
22	16380	15
22	16381	15
22	16382	15
22	16383	16
22	16384	16
22	16385	16
22	16386	16
22	16387	16
22	16388	16
22	16389	15
22	16390	15
22	16391	15
22	16392	14
22	16393	14
22	16394	14
22	16395	14
22	16396	14
22	16397	13
22	16398	13
22	16399	13
22	16400	13
22	16401	15
22	16402	15
22	16403	15
22	16404	15
22	16405	15
22	16406	15
22	16407	15
22	16408	15
22	16409	15
22	16410	15
22	16411	16
22	16412	17
22	16413	17
22	16414	16
22	16415	16
22	16416	16
22	16417	16
22	16418	15
22	16419	15
22	16420	16
22	16421	15
22	16422	15
22	16423	15
22	16424	15
22	16425	15
22	16426	15
22	16427	14
22	16428	13
22	16429	13
22	16430	13
22	16431	13
22	16432	12
22	16433	13
22	16434	13
22	16435	14
22	16436	14
22	16437	14
22	16438	14
22	16439	15
22	16440	15
22	16441	15
22	16442	15
22	16443	14
22	16444	14
22	16445	14
22	16446	14
22	16447	15
22	16448	15
22	16449	15
22	16450	15
22	16451	13
22	16452	13
22	16453	13
22	16454	13
22	16455	13
22	16456	14
22	16457	14
22	16458	14
22	16459	14
22	16460	14
22	16461	15
22	16462	16
22	16463	15
22	16464	15
22	16465	15
22	16466	15
22	16467	15
22	16468	15
22	16469	15
22	16470	15
22	16471	15
22	16472	14
22	16473	14
22	16474	14
22	16475	14
22	16476	14
22	16477	14
22	16478	15
22	16479	15
22	16480	17
22	16481	17
22	16482	17
22	16483	17
22	16484	18
22	16485	19
22	16486	19
22	16487	18
22	16488	18
22	16489	19
22	16490	19
22	16491	19
22	16492	19
22	16493	19
22	16494	19
22	16495	19
22	16496	19
22	16497	19
22	16498	19
22	16499	19
22	16500	18
22	16501	17
22	16502	17
22	16503	17
22	16504	17
22	16505	18
22	16506	18
22	16507	19
22	16508	18
22	16509	18
22	16510	17
22	16511	17
22	16512	17
22	16513	17
22	16514	16
22	16515	16
22	16516	17
22	16517	17
22	16518	17
22	16519	17
22	16520	18
22	16521	18
22	16522	19
22	16523	19
22	16524	19
22	16525	18
22	16526	17
22	16527	17
22	16528	17
22	16529	18
22	16530	19
22	16531	19
22	16532	19
22	16533	17
22	16534	17
22	16535	17
22	16536	17
22	16537	17
22	16538	17
22	16539	17
22	16540	17
22	16541	17
22	16542	17
22	16543	17
22	16544	17
22	16545	17
22	16546	17
22	16547	17
22	16548	17
22	16549	18
22	16550	18
22	16551	18
22	16552	18
22	16553	18
22	16554	17
22	16555	18
22	16556	18
22	16557	16
22	16558	15
22	16559	15
22	16560	14
22	16561	14
22	16562	14
22	16563	14
22	16564	14
22	16565	14
22	16566	16
22	16567	16
22	16568	15
22	16569	15
22	16570	15
22	16571	15
22	16572	14
22	16573	14
22	16574	14
22	16575	15
22	16576	15
22	16577	15
22	16578	15
22	16579	15
22	16580	15
22	16581	15
22	16582	14
22	16583	14
22	16584	14
22	16585	14
22	16586	13
22	16587	13
22	16588	13
22	16589	14
22	16590	15
22	16591	12
22	16592	12
22	16593	12
22	16594	13
22	16595	13
22	16596	13
22	16597	13
22	16598	12
22	16599	12
22	16600	12
22	16601	12
22	16602	13
22	16603	14
22	16604	14
22	16605	14
22	16606	14
22	16607	14
22	16608	14
22	16609	14
22	16610	16
22	16611	16
22	16612	16
22	16613	16
22	16614	16
22	16615	16
22	16616	15
22	16617	15
22	16618	15
22	16619	15
22	16620	15
22	16621	14
22	16622	13
22	16623	12
22	16624	12
22	16625	12
22	16626	12
22	16627	12
22	16628	12
22	16629	12
22	16630	12
22	16631	12
22	16632	12
22	16633	12
22	16634	11
22	16635	11
22	16636	12
22	16637	13
22	16638	13
22	16639	13
22	16640	13
22	16641	13
22	16642	12
22	16643	13
22	16644	13
22	16645	12
22	16646	13
22	16647	12
22	16648	12
22	16649	11
22	16650	11
22	16651	10
22	16652	10
22	16653	10
22	16654	10
22	16655	10
22	16656	9
22	16657	9
22	16658	10
22	16659	10
22	16660	8
22	16661	8
22	16662	9
22	16663	9
22	16664	9
22	16665	8
22	16666	8
22	16667	8
22	16668	8
22	16669	8
22	16670	9
22	16671	9
22	16672	9
22	16673	11
22	16674	11
22	16675	11
22	16676	11
22	16677	11
22	16678	11
22	16679	11
22	16680	12
22	16681	12
22	16682	12
22	16683	13
22	16684	13
22	16685	14
22	16686	14
22	16687	14
22	16688	14
22	16689	14
22	16690	14
22	16691	14
22	16692	13
22	16693	13
22	16694	13
22	16695	13
22	16696	13
22	16697	14
22	16698	14
22	16699	15
22	16700	15
22	16701	16
22	16702	16
22	16703	15
22	16704	15
22	16705	17
22	16706	17
22	16707	17
22	16708	17
22	16709	17
22	16710	17
22	16711	17
22	16712	17
22	16713	17
22	16714	17
22	16715	16
22	16716	16
22	16717	16
22	16718	17
22	16719	17
22	16720	17
22	16721	17
22	16722	16
22	16723	16
22	16724	16
22	16725	16
22	16726	16
22	16727	16
22	16728	16
22	16729	16
22	16730	16
22	16731	14
22	16732	14
22	16733	14
22	16734	14
22	16735	14
22	16736	15
22	16737	15
22	16738	15
22	16739	15
22	16740	15
22	16741	15
22	16742	15
22	16743	14
22	16744	13
22	16745	13
22	16746	13
22	16747	13
22	16748	13
22	16749	13
22	16750	13
22	16751	13
22	16752	12
22	16753	12
22	16754	12
22	16755	12
22	16756	11
22	16757	11
22	16758	11
22	16759	11
22	16760	11
22	16761	11
22	16762	12
22	16763	12
22	16764	12
22	16765	12
22	16766	12
22	16767	13
22	16768	13
22	16769	13
22	16770	13
22	16771	13
22	16772	13
22	16773	13
22	16774	13
22	16775	13
22	16776	14
22	16777	14
22	16778	14
22	16779	14
22	16780	14
22	16781	14
22	16782	14
22	16783	14
22	16784	14
22	16785	15
22	16786	15
22	16787	16
22	16788	16
22	16789	17
22	16790	17
22	16791	17
22	16792	17
22	16793	17
22	16794	17
22	16795	17
22	16796	17
22	16797	16
22	16798	16
22	16799	16
22	16800	16
22	16801	16
22	16802	17
22	16803	17
22	16804	17
22	16805	17
22	16806	17
22	16807	17
22	16808	16
22	16809	16
22	16810	16
22	16811	16
22	16812	16
22	16813	15
22	16814	15
22	16815	16
22	16816	16
22	16817	16
22	16818	16
22	16819	16
22	16820	16
22	16821	16
22	16822	15
22	16823	15
22	16824	15
22	16825	14
22	16826	14
22	16827	14
22	16828	13
22	16829	13
22	16830	14
22	16831	14
22	16832	15
22	16833	15
22	16834	15
22	16835	15
22	16836	15
22	16837	15
22	16838	14
22	16839	14
22	16840	14
22	16841	13
22	16842	12
22	16843	12
22	16844	12
22	16845	12
22	16846	12
22	16847	14
22	16848	14
22	16849	14
22	16850	15
22	16851	15
22	16852	15
22	16853	15
22	16854	16
22	16855	18
22	16856	18
22	16857	18
22	16858	16
22	16859	16
22	16860	16
22	16861	16
22	16862	16
22	16863	18
22	16864	18
22	16865	18
22	16866	18
22	16867	18
22	16868	17
22	16869	17
22	16870	17
22	16871	17
22	16872	18
22	16873	18
22	16874	18
22	16875	18
22	16876	18
22	16877	18
22	16878	18
22	16879	18
22	16880	18
22	16881	18
22	16882	18
22	16883	17
22	16884	15
22	16885	15
22	16886	15
22	16887	14
22	16888	14
22	16889	14
22	16890	14
22	16891	14
22	16892	14
22	16893	14
22	16894	15
22	16895	15
22	16896	16
22	16897	15
22	16898	15
22	16899	15
22	16900	15
22	16901	15
22	16902	15
22	16903	15
22	16904	15
22	16905	15
22	16906	15
22	16907	16
22	16908	16
22	16909	16
22	16910	15
22	16911	14
22	16912	14
22	16913	14
22	16914	14
22	16915	15
22	16916	15
22	16917	15
22	16918	15
22	16919	15
22	16920	14
22	16921	14
22	16922	14
22	16923	15
22	16924	15
22	16925	15
22	16926	15
22	16927	15
22	16928	15
22	16929	15
22	16930	15
22	16931	15
22	16932	15
22	16933	14
22	16934	14
22	16935	14
22	16936	14
22	16937	14
22	16938	13
22	16939	13
22	16940	12
22	16941	12
22	16942	12
22	16943	12
22	16944	12
22	16945	12
22	16946	12
22	16947	13
22	16948	12
22	16949	12
22	16950	12
22	16951	12
22	16952	13
22	16953	14
22	16954	14
22	16955	15
22	16956	17
22	16957	17
22	16958	16
22	16959	15
22	16960	15
22	16961	15
22	16962	16
22	16963	17
22	16964	17
22	16965	17
22	16966	17
22	16967	16
22	16968	16
22	16969	16
22	16970	16
22	16971	16
22	16972	16
22	16973	16
22	16974	16
22	16975	15
22	16976	15
22	16977	15
22	16978	15
22	16979	15
22	16980	15
22	16981	15
22	16982	15
22	16983	15
22	16984	15
22	16985	15
22	16986	15
22	16987	15
22	16988	15
22	16989	15
22	16990	15
22	16991	15
22	16992	15
22	16993	15
22	16994	15
22	16995	14
22	16996	14
22	16997	14
22	16998	15
22	16999	15
22	17000	16
22	17001	17
22	17002	17
22	17003	18
22	17004	18
22	17005	18
22	17006	17
22	17007	16
22	17008	16
22	17009	16
22	17010	16
22	17011	16
22	17012	16
22	17013	16
22	17014	16
22	17015	15
22	17016	14
22	17017	14
22	17018	14
22	17019	14
22	17020	14
22	17021	13
22	17022	13
22	17023	13
22	17024	13
22	17025	12
22	17026	12
22	17027	12
22	17028	11
22	17029	11
22	17030	11
22	17031	13
22	17032	13
22	17033	11
22	17034	11
22	17035	13
22	17036	12
22	17037	12
22	17038	13
22	17039	13
22	17040	13
22	17041	13
22	17042	13
22	17043	12
22	17044	12
22	17045	12
22	17046	12
22	17047	12
22	17048	11
22	17049	11
22	17050	11
22	17051	12
22	17052	12
22	17053	11
22	17054	11
22	17055	10
22	17056	10
22	17057	10
22	17058	11
22	17059	11
22	17060	11
22	17061	12
22	17062	13
22	17063	13
22	17064	13
22	17065	13
22	17066	13
22	17067	13
22	17068	12
22	17069	12
22	17070	12
22	17071	12
22	17072	12
22	17073	12
22	17074	13
22	17075	13
22	17076	12
22	17077	12
22	17078	11
22	17079	11
22	17080	11
22	17081	11
22	17082	11
22	17083	11
22	17084	12
22	17085	12
22	17086	13
22	17087	13
22	17088	12
22	17089	12
22	17090	12
22	17091	12
22	17092	12
22	17093	11
22	17094	11
22	17095	11
22	17096	11
22	17097	11
22	17098	11
22	17099	11
22	17100	10
22	17101	10
22	17102	11
22	17103	10
22	17104	10
22	17105	10
22	17106	10
22	17107	10
22	17108	10
22	17109	10
22	17110	10
22	17111	10
22	17112	10
22	17113	10
22	17114	11
22	17115	11
22	17116	11
22	17117	13
22	17118	12
22	17119	11
22	17120	11
22	17121	11
22	17122	11
22	17123	11
22	17124	11
22	17125	11
22	17126	11
22	17127	11
22	17128	11
22	17129	11
22	17130	11
22	17131	11
22	17132	11
22	17133	11
22	17134	11
22	17135	11
22	17136	11
22	17137	11
22	17138	11
22	17139	11
22	17140	11
22	17141	11
22	17142	11
22	17143	11
22	17144	12
22	17145	12
22	17146	12
22	17147	12
22	17148	12
22	17149	12
22	17150	12
22	17151	13
22	17152	13
22	17153	13
22	17154	13
22	17155	12
22	17156	11
22	17157	11
22	17158	12
22	17159	12
22	17160	12
22	17161	12
22	17162	12
22	17163	13
22	17164	13
22	17165	13
22	17166	13
22	17167	13
22	17168	13
22	17169	13
22	17170	13
22	17171	13
22	17172	11
22	17173	11
22	17174	12
22	17175	12
22	17176	13
22	17177	13
22	17178	13
22	17179	14
22	17180	14
22	17181	14
22	17182	14
22	17183	14
22	17184	14
22	17185	15
22	17186	15
22	17187	15
22	17188	16
22	17189	17
22	17190	17
22	17191	17
22	17192	20
22	17193	20
22	17194	20
22	17195	20
22	17196	20
22	17197	21
22	17198	21
22	17199	22
22	17200	22
22	17201	22
22	17202	21
22	17203	20
22	17204	20
22	17205	21
22	17206	21
22	17207	21
22	17208	21
22	17209	22
22	17210	22
22	17211	21
22	17212	20
22	17213	20
22	17214	20
22	17215	20
22	17216	22
22	17217	20
22	17218	20
22	17219	20
22	17220	20
22	17221	20
22	17222	19
22	17223	19
22	17224	19
22	17225	19
22	17226	19
22	17227	19
22	17228	19
22	17229	19
22	17230	19
22	17231	19
22	17232	20
22	17233	20
22	17234	21
22	17235	21
22	17236	21
22	17237	21
22	17238	20
22	17239	20
22	17240	17
22	17241	17
22	17242	16
22	17243	16
22	17244	16
22	17245	17
22	17246	18
22	17247	18
22	17248	18
22	17249	19
22	17250	19
22	17251	18
22	17252	18
22	17253	18
22	17254	17
22	17255	17
22	17256	17
22	17257	19
22	17258	19
22	17259	19
22	17260	19
22	17261	18
22	17262	18
22	17263	18
22	17264	17
22	17265	17
22	17266	17
22	17267	17
22	17268	17
22	17269	17
22	17270	17
22	17271	18
22	17272	17
22	17273	17
22	17274	18
22	17275	17
22	17276	17
22	17277	17
22	17278	17
22	17279	17
22	17280	17
22	17281	17
22	17282	18
22	17283	18
22	17284	18
22	17285	18
22	17286	18
22	17287	18
22	17288	18
22	17289	18
22	17290	18
22	17291	18
22	17292	17
22	17293	16
22	17294	16
22	17295	14
22	17296	12
22	17297	12
22	17298	12
22	17299	11
22	17300	11
22	17301	11
22	17302	11
22	17303	11
22	17304	11
22	17305	11
22	17306	11
22	17307	10
22	17308	10
22	17309	10
22	17310	11
22	17311	12
22	17312	12
22	17313	12
22	17314	11
22	17315	11
22	17316	11
22	17317	11
22	17318	11
22	17319	11
22	17320	11
22	17321	10
22	17322	10
22	17323	10
22	17324	10
22	17325	10
22	17326	10
22	17327	10
22	17328	11
22	17329	12
22	17330	11
22	17331	10
22	17332	11
22	17333	13
22	17334	13
22	17335	13
22	17336	14
22	17337	14
22	17338	14
22	17339	14
22	17340	13
22	17341	12
22	17342	12
22	17343	12
22	17344	11
22	17345	11
22	17346	11
22	17347	11
22	17348	11
22	17349	11
22	17350	11
22	17351	11
22	17352	11
22	17353	12
22	17354	12
22	17355	12
22	17356	11
22	17357	11
22	17358	11
22	17359	11
22	17360	11
22	17361	11
22	17362	12
22	17363	12
22	17364	12
22	17365	12
22	17366	12
22	17367	12
22	17368	12
22	17369	11
22	17370	11
22	17371	11
22	17372	11
22	17373	11
22	17374	10
22	17375	10
22	17376	10
22	17377	10
22	17378	9
22	17379	9
22	17380	9
22	17381	9
22	17382	9
22	17383	9
22	17384	9
22	17385	9
22	17386	9
22	17387	9
22	17388	10
22	17389	11
22	17390	11
22	17391	12
22	17392	12
22	17393	11
22	17394	13
22	17395	14
22	17396	13
22	17397	13
22	17398	13
22	17399	13
22	17400	13
22	17401	13
22	17402	13
22	17403	13
22	17404	13
22	17405	13
22	17406	12
22	17407	12
22	17408	12
22	17409	12
22	17410	12
22	17411	12
22	17412	12
22	17413	13
22	17414	13
22	17415	13
22	17416	13
22	17417	13
22	17418	14
22	17419	14
22	17420	14
22	17421	14
22	17422	13
22	17423	13
22	17424	14
22	17425	14
22	17426	15
22	17427	15
22	17428	15
22	17429	15
22	17430	15
22	17431	14
22	17432	14
22	17433	14
22	17434	14
22	17435	14
22	17436	14
22	17437	13
22	17438	12
22	17439	12
22	17440	12
22	17441	12
22	17442	12
22	17443	14
22	17444	15
22	17445	14
22	17446	13
22	17447	13
22	17448	13
22	17449	13
22	17450	14
22	17451	14
22	17452	13
22	17453	13
22	17454	13
22	17455	13
22	17456	12
22	17457	12
22	17458	12
22	17459	12
22	17460	12
22	17461	12
22	17462	14
22	17463	14
22	17464	16
22	17465	16
22	17466	16
22	17467	17
22	17468	18
22	17469	18
22	17470	16
22	17471	16
22	17472	16
22	17473	16
22	17474	16
22	17475	15
22	17476	15
22	17477	15
22	17478	15
22	17479	15
22	17480	15
22	17481	16
22	17482	16
22	17483	16
22	17484	16
22	17485	16
22	17486	16
22	17487	16
22	17488	18
22	17489	18
22	17490	21
22	17491	21
22	17492	21
22	17493	21
22	17494	21
22	17495	21
22	17496	21
22	17497	21
22	17498	21
22	17499	21
22	17500	21
22	17501	21
22	17502	21
22	17503	21
22	17504	21
22	17505	21
22	17506	21
22	17507	21
22	17508	21
22	17509	21
22	17510	20
22	17511	20
22	17512	19
22	17513	19
22	17514	19
22	17515	19
22	17516	18
22	17517	17
22	17518	17
22	17519	17
22	17520	19
22	17521	19
22	17522	19
22	17523	19
22	17524	19
22	17525	18
22	17526	18
22	17527	18
22	17528	18
22	17529	18
22	17530	17
22	17531	17
22	17532	17
22	17533	17
22	17534	17
22	17535	17
22	17536	17
22	17537	16
22	17538	16
22	17539	16
22	17540	16
22	17541	17
22	17542	17
22	17543	17
22	17544	17
22	17545	16
22	17546	15
22	17547	15
22	17548	15
22	17549	16
22	17550	16
22	17551	16
22	17552	16
22	17553	16
22	17554	16
22	17555	16
22	17556	16
22	17557	16
22	17558	16
22	17559	16
22	17560	16
22	17561	16
22	17562	16
22	17563	15
22	17564	15
22	17565	15
22	17566	15
22	17567	15
22	17568	15
22	17569	15
22	17570	15
22	17571	15
22	17572	14
22	17573	14
22	17574	14
22	17575	15
22	17576	15
22	17577	15
22	17578	15
22	17579	15
22	17580	15
22	17581	15
22	17582	15
22	17583	14
22	17584	14
22	17585	14
22	17586	16
22	17587	15
22	17588	15
22	17589	15
22	17590	14
22	17591	13
22	17592	13
22	17593	13
22	17594	13
22	17595	13
22	17596	13
22	17597	13
22	17598	13
22	17599	13
22	17600	13
22	17601	13
22	17602	13
22	17603	12
22	17604	11
22	17605	11
22	17606	11
22	17607	11
22	17608	11
22	17609	11
22	17610	10
22	17611	10
22	17612	10
22	17613	10
22	17614	10
22	17615	10
22	17616	10
22	17617	10
22	17618	10
22	17619	10
22	17620	10
22	17621	9
22	17622	9
22	17623	9
22	17624	9
22	17625	8
22	17626	6
22	17627	6
22	17628	6
22	17629	6
22	17630	6
22	17631	6
22	17632	6
22	17633	6
22	17634	6
22	17635	6
22	17636	6
22	17637	4
22	17638	4
22	17639	2
22	17640	2
22	17641	2
22	17642	2
22	17643	2
22	17644	2
22	17645	2
22	17646	2
22	17647	2
22	17648	2
22	17649	2
22	17650	1
22	17651	1
22	17652	1
22	17714	1
22	17715	1
22	17716	1
22	17717	1
22	17718	1
22	17719	1
22	17720	1
22	17721	1
22	17722	1
22	17723	1
22	17724	1
22	17725	1
22	17726	1
22	17727	1
22	17728	1
22	17729	1
22	17730	1
22	17731	1
22	17732	1
22	17733	1
22	17734	1
22	17735	1
22	17736	1
22	17737	1
22	17738	1
22	17739	1
22	17740	1
22	17741	1
22	17742	1
22	17743	1
22	17744	1
22	17745	1
22	17746	1
22	17747	1
22	17748	1
22	17749	1
22	17750	1
22	17751	1
22	17752	1
22	17753	1
22	17754	1
22	17755	1
22	17756	1
22	17757	1
22	17758	1
22	17759	1
22	17760	1
22	17761	1
22	17762	1
22	17763	1
22	17764	1
22	18159	2
22	18160	2
22	18161	2
22	18162	2
22	18163	2
22	18164	2
22	18165	2
22	18166	2
22	18167	3
22	18168	3
22	18169	3
22	18170	3
22	18171	3
22	18172	4
22	18173	4
22	18174	4
22	18175	4
22	18176	4
22	18177	4
22	18178	4
22	18179	4
22	18180	4
22	18181	5
22	18182	5
22	18183	5
22	18184	5
22	18185	5
22	18186	5
22	18187	5
22	18188	5
22	18189	5
22	18190	5
22	18191	5
22	18192	5
22	18193	5
22	18194	5
22	18195	5
22	18196	5
22	18197	5
22	18198	6
22	18199	6
22	18200	6
22	18201	7
22	18202	7
22	18203	7
22	18204	7
22	18205	7
22	18206	7
22	18207	7
22	18208	7
22	18209	7
22	18210	8
22	18211	9
22	18212	9
22	18213	9
22	18214	9
22	18215	9
22	18216	9
22	18217	9
22	18218	9
22	18219	9
22	18220	9
22	18221	10
22	18222	10
22	18223	10
22	18224	11
22	18225	11
22	18226	11
22	18227	11
22	18228	11
22	18229	11
22	18230	11
22	18231	11
22	18232	12
22	18233	12
22	18234	12
22	18235	12
22	18236	12
22	18237	12
22	18238	12
22	18239	12
22	18240	12
22	18241	11
22	18242	11
22	18243	11
22	18244	11
22	18245	11
22	18246	10
22	18247	10
22	18248	10
22	18249	10
22	18250	9
22	18251	9
22	18252	9
22	18253	9
22	18254	9
22	18255	9
22	18256	9
22	18257	9
22	18258	9
22	18259	8
22	18260	8
22	18261	8
22	18262	8
22	18263	8
22	18264	8
22	18265	8
22	18266	8
22	18267	8
22	18268	7
22	18269	7
22	18270	7
22	18271	7
22	18272	7
22	18273	7
22	18274	7
22	18275	7
22	18276	6
22	18277	6
22	18278	6
22	18279	6
22	18280	6
22	18281	6
22	18282	6
22	18283	6
22	18284	6
22	18285	6
22	18286	5
22	18287	4
22	18288	4
22	18289	4
22	18290	4
22	18291	4
22	18292	4
22	18293	4
22	18294	4
22	18295	4
22	18296	4
22	18297	4
22	18298	4
22	18299	4
22	18300	4
22	18301	4
22	18302	4
22	18303	4
22	18304	4
22	18305	4
22	18306	4
22	18307	4
22	18308	4
22	18309	4
22	18310	4
22	18311	3
22	18312	2
22	18313	2
22	18314	2
22	18315	2
22	18316	2
22	18317	2
22	18318	2
22	18319	2
22	18320	2
22	18321	2
22	18322	2
22	18323	2
22	18324	2
22	18325	2
22	18326	2
22	18327	2
22	18328	2
22	18329	2
22	18330	1
22	18331	1
22	18332	1
22	18333	1
22	18334	1
22	18335	1
22	18336	1
22	18337	1
22	18338	1
22	18339	1
22	18340	1
22	18341	1
22	18342	1
22	18343	1
22	18344	1
22	19924	1
22	19925	1
22	19926	1
22	19927	1
22	19928	1
22	19929	1
22	19930	1
22	19931	1
22	19932	1
22	19933	2
22	19934	2
22	19935	2
22	19936	2
22	19937	2
22	19938	2
22	19939	2
22	19940	2
22	19941	2
22	19942	3
22	19943	3
22	19944	3
22	19945	3
22	19946	3
22	19947	3
22	19948	3
22	19949	3
22	19950	3
22	19951	3
22	19952	3
22	19953	3
22	19954	3
22	19955	3
22	19956	3
22	19957	4
22	19958	4
22	19959	5
22	19960	5
22	19961	5
22	19962	5
22	19963	5
22	19964	5
22	19965	5
22	19966	5
22	19967	5
22	19968	5
22	19969	5
22	19970	6
22	19971	6
22	19972	6
22	19973	6
22	19974	6
22	19975	6
22	19976	7
22	19977	8
22	19978	8
22	19979	8
22	19980	8
22	19981	8
22	19982	8
22	19983	8
22	19984	8
22	19985	8
22	19986	8
22	19987	8
22	19988	8
22	19989	8
22	19990	8
22	19991	8
22	19992	10
22	19993	10
22	19994	10
22	19995	10
22	19996	10
22	19997	10
22	19998	10
22	19999	10
22	20000	10
22	20001	11
22	20002	11
22	20003	13
22	20004	13
22	20005	13
22	20006	13
22	20007	13
22	20008	13
22	20009	13
22	20010	13
22	20011	14
22	20012	14
22	20013	14
22	20014	14
22	20015	14
22	20016	15
22	20017	16
22	20018	16
22	20019	16
22	20020	16
22	20021	16
22	20022	16
22	20023	16
22	20024	16
22	20025	17
22	20026	17
22	20027	17
22	20028	17
22	20029	17
22	20030	17
22	20031	17
22	20032	17
22	20033	18
22	20034	18
22	20035	19
22	20036	19
22	20037	19
22	20038	21
22	20039	23
22	20040	23
22	20041	23
22	20042	23
22	20043	24
22	20044	24
22	20045	25
22	20046	25
22	20047	25
22	20048	25
22	20049	25
22	20050	27
22	20051	26
22	20052	26
22	20053	25
22	20054	25
22	20055	24
22	20056	24
22	20057	24
22	20058	23
22	20059	23
22	20060	23
22	20061	23
22	20062	23
22	20063	23
22	20064	23
22	20065	22
22	20066	22
22	20067	22
22	20068	20
22	20069	20
22	20070	20
22	20071	20
22	20072	21
22	20073	20
22	20074	20
22	20075	20
22	20076	21
22	20077	21
22	20078	21
22	20079	21
22	20080	21
22	20081	21
22	20082	22
22	20083	22
22	20084	21
22	20085	21
22	20086	21
22	20087	21
22	20088	21
22	20089	22
22	20090	22
22	20091	22
22	20092	21
22	20093	21
22	20094	21
22	20095	20
22	20096	20
22	20097	19
22	20098	19
22	20099	19
22	20100	18
22	20101	18
22	20102	18
22	20103	19
22	20104	19
22	20105	18
22	20106	18
22	20107	17
22	20108	17
22	20109	16
22	20110	16
22	20111	15
22	20112	15
22	20113	15
22	20114	15
22	20115	15
22	20116	15
22	20117	14
22	20118	14
22	20119	14
22	20120	14
22	20121	14
22	20122	14
22	20123	13
22	20124	12
22	20125	11
22	20126	11
22	20127	11
22	20128	12
22	20129	12
22	20130	13
22	20131	12
22	20132	11
22	20133	11
22	20134	10
22	20135	9
22	20136	9
22	20137	8
22	20138	7
22	20139	7
22	20140	7
22	20141	7
22	20142	8
22	20143	8
22	20144	10
22	20145	10
22	20146	10
22	20147	10
22	20148	10
22	20149	9
22	20150	9
22	20151	10
22	20152	11
22	20153	11
22	20154	11
22	20155	11
22	20156	11
22	20157	11
22	20158	11
22	20159	11
22	20160	11
22	20161	11
22	20162	11
22	20163	12
22	20164	12
22	20165	12
22	20166	13
22	20167	13
22	20168	14
22	20169	14
22	20170	14
22	20171	14
22	20172	14
22	20173	14
22	20174	14
22	20175	15
22	20176	15
22	20177	14
22	20178	14
22	20179	14
22	20180	15
22	20181	16
22	20182	16
22	20183	16
22	20184	16
22	20185	16
22	20186	16
22	20187	17
22	20188	17
22	20189	16
22	20190	16
22	20191	16
22	20192	16
22	20193	16
22	20194	15
22	20195	15
22	20196	16
22	20197	16
22	20198	16
22	20199	16
22	20200	15
22	20201	15
22	20202	15
22	20203	15
22	20204	15
22	20205	16
22	20206	15
22	20207	15
22	20208	14
22	20209	14
22	20210	14
22	20211	15
22	20212	16
22	20213	16
22	20214	16
22	20215	17
22	20216	17
22	20217	17
22	20218	17
22	20219	16
22	20220	16
22	20221	15
22	20222	15
22	20223	15
22	20224	14
22	20225	14
22	20226	14
22	20227	14
22	20228	14
22	20229	14
22	20230	13
22	20231	13
22	20232	13
22	20233	13
22	20234	12
22	20235	12
22	20236	12
22	20237	12
22	20238	12
22	20239	12
22	20240	12
22	20241	12
22	20242	12
22	20243	11
22	20244	11
22	20245	10
22	20246	10
22	20247	10
22	20248	10
22	20249	10
22	20250	10
22	20251	10
22	20252	10
22	20253	8
22	20254	8
22	20255	9
22	20256	9
22	20257	9
22	20258	9
22	20259	10
22	20260	10
22	20261	8
22	20262	8
22	20263	8
22	20264	8
22	20265	8
22	20266	7
22	20267	7
22	20268	7
22	20269	7
22	20270	6
22	20271	6
22	20272	7
22	20273	7
22	20274	7
22	20275	8
22	20276	8
22	20277	8
22	20278	8
22	20279	8
22	20280	9
22	20281	9
22	20282	9
22	20283	8
22	20284	8
22	20285	8
22	20286	8
22	20287	8
22	20288	8
22	20289	7
22	20290	7
22	20291	7
22	20292	8
22	20293	8
22	20294	8
22	20295	8
22	20296	9
22	20297	9
22	20298	9
22	20299	9
22	20300	9
22	20301	9
22	20302	10
22	20303	10
22	20304	10
22	20305	10
22	20306	11
22	20307	13
22	20308	14
22	20309	14
22	20310	14
22	20311	14
22	20312	14
22	20313	14
22	20314	13
22	20315	12
22	20316	12
22	20317	12
22	20318	12
22	20319	12
22	20320	12
22	20321	12
22	20322	12
22	20323	11
22	20324	11
22	20325	11
22	20326	11
22	20327	11
22	20328	11
22	20329	11
22	20330	11
22	20331	11
22	20332	11
22	20333	11
22	20334	10
22	20335	10
22	20336	10
22	20337	10
22	20338	10
22	20339	10
22	20340	10
22	20341	10
22	20342	10
22	20343	11
22	20344	10
22	20345	10
22	20346	10
22	20347	10
22	20348	10
22	20349	10
22	20350	10
22	20351	10
22	20352	10
22	20353	10
22	20354	10
22	20355	10
22	20356	10
22	20357	10
22	20358	10
22	20359	10
22	20360	10
22	20361	10
22	20362	10
22	20363	10
22	20364	10
22	20365	10
22	20366	10
22	20367	10
22	20368	10
22	20369	10
22	20370	10
22	20371	10
22	20372	10
22	20373	10
22	20374	10
22	20375	10
22	20376	10
22	20377	10
22	20378	10
22	20379	10
22	20380	11
22	20381	12
22	20382	12
22	20383	12
22	20384	12
22	20385	12
22	20386	12
22	20387	13
22	20388	13
22	20389	13
22	20390	14
22	20391	14
22	20392	14
22	20393	14
22	20394	14
22	20395	14
22	20396	14
22	20397	14
22	20398	14
22	20399	14
22	20400	14
22	20401	14
22	20402	13
22	20403	13
22	20404	12
22	20405	11
22	20406	11
22	20407	11
22	20408	11
22	20409	11
22	20410	11
22	20411	11
22	20412	11
22	20413	10
22	20414	10
22	20415	10
22	20416	10
22	20417	10
22	20418	10
22	20419	10
22	20420	10
22	20421	10
22	20422	9
22	20423	9
22	20424	9
22	20425	9
22	20426	9
22	20427	9
22	20428	9
22	20429	9
22	20430	9
22	20431	8
22	20432	8
22	20433	8
22	20434	8
22	20435	8
22	20436	8
22	20437	8
22	20438	8
22	20439	8
22	20440	8
22	20441	7
22	20442	6
22	20443	6
22	20444	4
22	20445	4
22	20446	3
22	20447	3
22	20448	3
22	20449	3
22	20450	3
22	20451	3
22	20452	3
22	20453	3
22	20454	3
22	20455	3
22	20456	4
22	20457	4
22	20458	3
22	20459	3
22	20460	3
22	20461	3
22	20462	3
22	20463	3
22	20464	3
22	20465	3
22	20466	3
22	20467	3
22	20468	3
22	20469	3
22	20470	3
22	20471	3
22	20472	3
22	20473	3
22	20474	3
22	20475	3
22	20476	3
22	20477	3
22	20478	3
22	20479	3
22	20480	4
22	20481	4
22	20482	4
22	20483	4
22	20484	4
22	20485	4
22	20486	4
22	20487	4
22	20488	4
22	20489	4
22	20490	3
22	20491	2
22	20492	2
22	20493	2
22	20494	2
22	20495	3
22	20496	3
22	20497	3
22	20498	3
22	20499	3
22	20500	3
22	20501	3
22	20502	3
22	20503	3
22	20504	3
22	20505	3
22	20506	3
22	20507	3
22	20508	3
22	20509	3
22	20510	3
22	20511	3
22	20512	3
22	20513	3
22	20514	3
22	20515	3
22	20516	3
22	20517	3
22	20518	4
22	20519	4
22	20520	4
22	20521	4
22	20522	4
22	20523	4
22	20524	4
22	20525	4
22	20526	4
22	20527	4
22	20528	4
22	20529	3
22	20530	3
22	20531	3
22	20532	3
22	20533	3
22	20534	3
22	20535	3
22	20536	4
22	20537	4
22	20538	4
22	20539	4
22	20540	4
22	20541	4
22	20542	4
22	20543	4
22	20544	4
22	20545	4
22	20546	4
22	20547	4
22	20548	4
22	20549	4
22	20550	4
22	20551	4
22	20552	4
22	20553	4
22	20554	4
22	20555	4
22	20556	3
22	20557	3
22	20558	3
22	20559	3
22	20560	3
22	20561	3
22	20562	3
22	20563	3
22	20564	3
22	20565	3
22	20566	4
22	20567	4
22	20568	4
22	20569	4
22	20570	4
22	20571	4
22	20572	4
22	20573	4
22	20574	4
22	20575	4
22	20576	4
22	20577	4
22	20578	4
22	20579	5
22	20580	5
22	20581	6
22	20582	6
22	20583	6
22	20584	6
22	20585	6
22	20586	6
22	20587	6
22	20588	6
22	20589	6
22	20590	6
22	20591	6
22	20592	6
22	20593	6
22	20594	6
22	20595	6
22	20596	6
22	20597	6
22	20598	6
22	20599	6
22	20600	6
22	20601	6
22	20602	6
22	20603	6
22	20604	6
22	20605	6
22	20606	6
22	20607	6
22	20608	6
22	20609	6
22	20610	6
22	20611	6
22	20612	6
22	20613	6
22	20614	7
22	20615	7
22	20616	7
22	20617	7
22	20618	7
22	20619	7
22	20620	7
22	20621	7
22	20622	7
22	20623	7
22	20624	7
22	20625	7
22	20626	7
22	20627	7
22	20628	7
22	20629	7
22	20630	7
22	20631	7
22	20632	7
22	20633	7
22	20634	7
22	20635	7
22	20636	7
22	20637	7
22	20638	9
22	20639	8
22	20640	8
22	20641	6
22	20642	6
22	20643	6
22	20644	6
22	20645	5
22	20646	5
22	20647	6
22	20648	6
22	20649	7
22	20650	7
22	20651	6
22	20652	6
22	20653	7
22	20654	8
22	20655	8
22	20656	8
22	20657	8
22	20658	8
22	20659	9
22	20660	9
22	20661	8
22	20662	8
22	20663	8
22	20664	8
22	20665	8
22	20666	8
22	20667	8
22	20668	8
22	20669	8
22	20670	9
22	20671	9
22	20672	9
22	20673	9
22	20674	9
22	20675	9
22	20676	10
22	20677	10
22	20678	10
22	20679	10
22	20680	10
22	20681	9
22	20682	8
22	20683	8
22	20684	8
22	20685	8
22	20686	8
22	20687	8
22	20688	8
22	20689	8
22	20690	8
22	20691	8
22	20692	7
22	20693	7
22	20694	7
22	20695	7
22	20696	7
22	20697	7
22	20698	7
22	20699	7
22	20700	7
22	20701	7
22	20702	7
22	20703	7
22	20704	8
22	20705	8
22	20706	8
22	20707	8
22	20708	8
22	20709	8
22	20710	9
22	20711	9
22	20712	9
22	20713	9
22	20714	9
22	20715	8
22	20716	8
22	20717	8
22	20718	8
22	20719	8
22	20720	8
22	20721	8
22	20722	8
22	20723	8
22	20724	8
22	20725	10
22	20726	8
22	20727	8
22	20728	8
22	20729	9
22	20730	10
22	20731	10
22	20732	10
22	20733	10
22	20734	10
22	20735	10
22	20736	10
22	20737	10
22	20738	10
22	20739	10
22	20740	10
22	20741	10
22	20742	10
22	20743	10
22	20744	9
22	20745	9
22	20746	11
22	20747	13
22	20748	14
22	20749	14
22	20750	14
22	20751	14
22	20752	14
22	20753	14
22	20754	14
22	20755	14
22	20756	14
22	20757	14
22	20758	14
22	20759	14
22	20760	15
22	20761	15
22	20762	16
22	20763	15
22	20764	15
22	20765	15
22	20766	15
22	20767	15
22	20768	15
22	20769	15
22	20770	15
22	20771	15
22	20772	15
22	20773	15
22	20774	14
22	20775	15
22	20776	14
22	20777	14
22	20778	14
22	20779	15
22	20780	15
22	20781	15
22	20782	14
22	20783	13
22	20784	13
22	20785	13
22	20786	12
22	20787	12
22	20788	12
22	20789	11
22	20790	13
22	20791	13
22	20792	13
22	20793	13
22	20794	13
22	20795	13
22	20796	13
22	20797	12
22	20798	12
22	20799	12
22	20800	12
22	20801	12
22	20802	12
22	20803	13
22	20804	12
22	20805	12
22	20806	12
22	20807	12
22	20808	12
22	20809	13
22	20810	13
22	20811	14
22	20812	14
22	20813	14
22	20814	13
22	20815	13
22	20816	13
22	20817	11
22	20818	12
22	20819	12
22	20820	12
22	20821	12
22	20822	12
22	20823	12
22	20824	12
22	20825	12
22	20826	12
22	20827	12
22	20828	11
22	20829	11
22	20830	11
22	20831	11
22	20832	11
22	20833	11
22	20834	11
22	20835	12
22	20836	12
22	20837	12
22	20838	13
22	20839	12
22	20840	13
22	20841	13
22	20842	13
22	20843	13
22	20844	12
22	20845	12
22	20846	12
22	20847	12
22	20848	12
22	20849	13
22	20850	13
22	20851	13
22	20852	13
22	20853	13
22	20854	13
22	20855	13
22	20856	13
22	20857	13
22	20858	14
22	20859	14
22	20860	13
22	20861	13
22	20862	14
22	20863	14
22	20864	14
22	20865	14
22	20866	14
22	20867	15
22	20868	15
22	20869	15
22	20870	15
22	20871	15
22	20872	15
22	20873	15
22	20874	16
22	20875	16
22	20876	15
22	20877	15
22	20878	15
22	20879	15
22	20880	14
22	20881	14
22	20882	14
22	20883	14
22	20884	13
22	20885	13
22	20886	13
22	20887	13
22	20888	13
22	20889	13
22	20890	13
22	20891	11
22	20892	11
22	20893	11
22	20894	11
22	20895	11
22	20896	11
22	20897	11
22	20898	11
22	20899	12
22	20900	11
22	20901	10
22	20902	10
22	20903	10
22	20904	10
22	20905	11
22	20906	11
22	20907	11
22	20908	11
22	20909	10
22	20910	10
22	20911	9
22	20912	9
22	20913	9
22	20914	9
22	20915	8
22	20916	8
22	20917	8
22	20918	9
22	20919	9
22	20920	9
22	20921	9
22	20922	9
22	20923	9
22	20924	9
22	20925	9
22	20926	9
22	20927	9
22	20928	9
22	20929	9
22	20930	10
22	20931	10
22	20932	10
22	20933	10
22	20934	11
22	20935	11
22	20936	11
22	20937	12
22	20938	13
22	20939	13
22	20940	13
22	20941	13
22	20942	13
22	20943	13
22	20944	13
22	20945	12
22	20946	12
22	20947	12
22	20948	12
22	20949	9
22	20950	9
22	20951	9
22	20952	9
22	20953	9
22	20954	9
22	20955	9
22	20956	9
22	20957	9
22	20958	9
22	20959	9
22	20960	10
22	20961	10
22	20962	10
22	20963	10
22	20964	10
22	20965	10
22	20966	10
22	20967	10
22	20968	10
22	20969	10
22	20970	10
22	20971	10
22	20972	11
22	20973	10
22	20974	10
22	20975	10
22	20976	11
22	20977	11
22	20978	11
22	20979	12
22	20980	12
22	20981	12
22	20982	12
22	20983	12
22	20984	12
22	20985	12
22	20986	12
22	20987	12
22	20988	12
22	20989	12
22	20990	12
22	20991	12
22	20992	11
22	20993	11
22	20994	11
22	20995	11
22	20996	12
22	20997	12
22	20998	12
22	20999	13
22	21000	13
22	21001	13
22	21002	14
22	21003	14
22	21004	14
22	21005	14
22	21006	14
22	21007	14
22	21008	13
22	21009	13
22	21010	13
22	21011	13
22	21012	13
22	21013	13
22	21014	13
22	21015	13
22	21016	13
22	21017	13
22	21018	14
22	21019	14
22	21020	14
22	21021	14
22	21022	14
22	21023	14
22	21024	14
22	21025	14
22	21026	12
22	21027	10
22	21028	10
22	21029	10
22	21030	10
22	21031	9
22	21032	9
22	21033	8
22	21034	8
22	21035	8
22	21036	8
22	21037	8
22	21038	8
22	21039	8
22	21040	9
22	21041	9
22	21042	9
22	21043	9
22	21044	10
22	21045	9
22	21046	9
22	21047	9
22	21048	8
22	21049	8
22	21050	8
22	21051	8
22	21052	9
22	21053	9
22	21054	10
22	21055	10
22	21056	11
22	21057	10
22	21058	9
22	21059	8
22	21060	8
22	21061	9
22	21062	9
22	21063	11
22	21064	11
22	21065	11
22	21066	11
22	21067	11
22	21068	11
22	21069	12
22	21070	10
22	21071	10
22	21072	10
22	21073	10
22	21074	10
22	21075	10
22	21076	10
22	21077	10
22	21078	9
22	21079	9
22	21080	9
22	21081	9
22	21082	9
22	21083	9
22	21084	9
22	21085	9
22	21086	9
22	21087	9
22	21088	9
22	21089	9
22	21090	7
22	21091	7
22	21092	7
22	21093	8
22	21094	8
22	21095	8
22	21096	8
22	21097	8
22	21098	9
22	21099	9
22	21100	9
22	21101	8
22	21102	8
22	21103	8
22	21104	8
22	21105	8
22	21106	8
22	21107	8
22	21108	8
22	21109	8
22	21110	8
22	21111	9
22	21112	9
22	21113	10
22	21114	10
22	21115	10
22	21116	10
22	21117	10
22	21118	10
22	21119	10
22	21120	10
22	21121	10
22	21122	10
22	21123	10
22	21124	10
22	21125	10
22	21126	10
22	21127	10
22	21128	10
22	21129	9
22	21130	9
22	21131	9
22	21132	9
22	21133	9
22	21134	9
22	21135	9
22	21136	8
22	21137	8
22	21138	8
22	21139	9
22	21140	9
22	21141	10
22	21142	10
22	21143	10
22	21144	11
22	21145	11
22	21146	11
22	21147	11
22	21148	11
22	21149	11
22	21150	11
22	21151	10
22	21152	11
22	21153	11
22	21154	11
22	21155	11
22	21156	11
22	21157	11
22	21158	11
22	21159	11
22	21160	11
22	21161	11
22	21162	11
22	21163	11
22	21164	11
22	21165	11
22	21166	11
22	21167	10
22	21168	10
22	21169	10
22	21170	10
22	21171	10
22	21172	10
22	21173	10
22	21174	10
22	21175	11
22	21176	11
22	21177	10
22	21178	9
22	21179	9
22	21180	9
22	21181	9
22	21182	8
22	21183	8
22	21184	8
22	21185	7
22	21186	7
22	21187	7
22	21188	8
22	21189	9
22	21190	9
22	21191	9
22	21192	10
22	21193	10
22	21194	11
22	21195	11
22	21196	11
22	21197	11
22	21198	11
22	21199	11
22	21200	12
22	21201	11
22	21202	11
22	21203	11
22	21204	11
22	21205	10
22	21206	10
22	21207	10
22	21208	10
22	21209	10
22	21210	10
22	21211	10
22	21212	11
22	21213	11
22	21214	12
22	21215	12
22	21216	12
22	21217	12
22	21218	12
22	21219	12
22	21220	12
22	21221	13
22	21222	12
22	21223	12
22	21224	12
22	21225	12
22	21226	12
22	21227	14
22	21228	13
22	21229	13
22	21230	12
22	21231	12
22	21232	12
22	21233	12
22	21234	11
22	21235	11
22	21236	11
22	21237	11
22	21238	12
22	21239	12
22	21240	12
22	21241	12
22	21242	12
22	21243	11
22	21244	11
22	21245	11
22	21246	12
22	21247	12
22	21248	12
22	21249	13
22	21250	13
22	21251	13
22	21252	13
22	21253	13
22	21254	14
22	21255	15
22	21256	15
22	21257	15
22	21258	15
22	21259	14
22	21260	14
22	21261	14
22	21262	14
22	21263	14
22	21264	14
22	21265	14
22	21266	15
22	21267	15
22	21268	15
22	21269	15
22	21270	15
22	21271	15
22	21272	15
22	21273	15
22	21274	15
22	21275	16
22	21276	17
22	21277	17
22	21278	17
22	21279	18
22	21280	18
22	21281	18
22	21282	18
22	21283	18
22	21284	18
22	21285	17
22	21286	17
22	21287	17
22	21288	16
22	21289	15
22	21290	14
22	21291	14
22	21292	14
22	21293	14
22	21294	14
22	21295	14
22	21296	14
22	21297	15
22	21298	15
22	21299	15
22	21300	15
22	21301	15
22	21302	15
22	21303	14
22	21304	14
22	21305	14
22	21306	14
22	21307	14
22	21308	13
22	21309	12
22	21310	11
22	21311	11
22	21312	12
22	21313	12
22	21314	13
22	21315	13
22	21316	12
22	21317	12
22	21318	12
22	21319	12
22	21320	12
22	21321	12
22	21322	11
22	21323	11
22	21324	11
22	21325	11
22	21326	11
22	21327	12
22	21328	12
22	21329	12
22	21330	12
22	21331	12
22	21332	12
22	21333	12
22	21334	12
22	21335	12
22	21336	11
22	21337	12
22	21338	13
22	21339	13
22	21340	13
22	21341	13
22	21342	13
22	21343	13
22	21344	14
22	21345	13
22	21346	13
22	21347	13
22	21348	13
22	21349	13
22	21350	14
22	21351	13
22	21352	13
22	21353	13
22	21354	13
22	21355	13
22	21356	14
22	21357	14
22	21358	14
22	21359	13
22	21360	13
22	21361	12
22	21362	12
22	21363	12
22	21364	12
22	21365	12
22	21366	12
22	21367	12
22	21368	12
22	21369	12
22	21370	12
22	21371	13
22	21372	13
22	21373	13
22	21374	12
22	21375	12
22	21376	12
22	21377	12
22	21378	12
22	21379	12
22	21380	13
22	21381	13
22	21382	13
22	21383	13
22	21384	13
22	21385	13
22	21386	13
22	21387	13
22	21388	13
22	21389	13
22	21390	13
22	21391	13
22	21392	13
22	21393	13
22	21394	13
22	21395	13
22	21396	13
22	21397	13
22	21398	14
22	21399	13
22	21400	13
22	21401	13
22	21402	13
22	21403	13
22	21404	15
22	21405	15
22	21406	14
22	21407	14
22	21408	13
22	21409	13
22	21410	13
22	21411	12
22	21412	12
22	21413	12
22	21414	12
22	21415	12
22	21416	12
22	21417	11
22	21418	11
22	21419	11
22	21420	11
22	21421	12
22	21422	12
22	21423	12
22	21424	12
22	21425	12
22	21426	12
22	21427	12
22	21428	11
22	21429	11
22	21430	11
22	21431	9
22	21432	9
22	21433	9
22	21434	9
22	21435	9
22	21436	9
22	21437	9
22	21438	10
22	21439	9
22	21440	9
22	21441	9
22	21442	10
22	21443	10
22	21444	10
22	21445	10
22	21446	10
22	21447	10
22	21448	10
22	21449	10
22	21450	10
22	21451	10
22	21452	10
22	21453	10
22	21454	10
22	21455	10
22	21456	10
22	21457	10
22	21458	10
22	21459	10
22	21460	9
22	21461	9
22	21462	9
22	21463	8
22	21464	8
22	21465	8
22	21466	8
22	21467	9
22	21468	9
22	21469	9
22	21470	9
22	21471	9
22	21472	10
22	21473	10
22	21474	10
22	21475	10
22	21476	10
22	21477	10
22	21478	10
22	21479	11
22	21480	11
22	21481	11
22	21482	10
22	21483	10
22	21484	10
22	21485	11
22	21486	11
22	21487	12
22	21488	12
22	21489	12
22	21490	12
22	21491	12
22	21492	12
22	21493	12
22	21494	12
22	21495	12
22	21496	12
22	21497	11
22	21498	11
22	21499	11
22	21500	11
22	21501	11
22	21502	11
22	21503	13
22	21504	13
22	21505	13
22	21506	14
22	21507	14
22	21508	14
22	21509	14
22	21510	15
22	21511	15
22	21512	14
22	21513	13
22	21514	13
22	21515	13
22	21516	14
22	21517	14
22	21518	14
22	21519	13
22	21520	13
22	21521	13
22	21522	13
22	21523	13
22	21524	13
22	21525	13
22	21526	13
22	21527	13
22	21528	13
22	21529	13
22	21530	13
22	21531	13
22	21532	13
22	21533	13
22	21534	13
22	21535	13
22	21536	12
22	21537	12
22	21538	11
22	21539	11
22	21540	11
22	21541	11
22	21542	11
22	21543	11
22	21544	11
22	21545	11
22	21546	11
22	21547	11
22	21548	10
22	21549	10
22	21550	10
22	21551	10
22	21552	10
22	21553	10
22	21554	11
22	21555	11
22	21556	11
22	21557	11
22	21558	11
22	21559	11
22	21560	11
22	21561	11
22	21562	11
22	21563	11
22	21564	10
22	21565	10
22	21566	10
22	21567	9
22	21568	9
22	21569	9
22	21570	8
22	21571	8
22	21572	9
22	21573	9
22	21574	9
22	21575	9
22	21576	9
22	21577	9
22	21578	9
22	21579	9
22	21580	9
22	21581	9
22	21582	9
22	21583	9
22	21584	9
22	21585	9
22	21586	10
22	21587	10
22	21588	9
22	21589	9
22	21590	9
22	21591	9
22	21592	9
22	21593	9
22	21594	9
22	21595	9
22	21596	9
22	21597	9
22	21598	9
22	21599	9
22	21600	9
22	21601	9
22	21602	9
22	21603	10
22	21604	13
22	21605	12
22	21606	12
22	21607	12
22	21608	10
22	21609	10
22	21610	11
22	21611	11
22	21612	11
22	21613	11
22	21614	11
22	21615	11
22	21616	11
22	21617	10
22	21618	11
22	21619	11
22	21620	10
22	21621	10
22	21622	10
22	21623	10
22	21624	10
22	21625	10
22	21626	10
22	21627	10
22	21628	10
22	21629	10
22	21630	10
22	21631	10
22	21632	10
22	21633	8
22	21634	8
22	21635	8
22	21636	8
22	21637	9
22	21638	9
22	21639	8
22	21640	8
22	21641	9
22	21642	9
22	21643	9
22	21644	9
22	21645	8
22	21646	8
22	21647	9
22	21648	9
22	21649	9
22	21650	10
22	21651	10
22	21652	10
22	21653	10
22	21654	10
22	21655	10
22	21656	10
22	21657	11
22	21658	11
22	21659	11
22	21660	11
22	21661	10
22	21662	10
22	21663	10
22	21664	10
22	21665	10
22	21666	10
22	21667	11
22	21668	11
22	21669	11
22	21670	11
22	21671	10
22	21672	10
22	21673	10
22	21674	10
22	21675	10
22	21676	9
22	21677	9
22	21678	9
22	21679	9
22	21680	9
22	21681	10
22	21682	10
22	21683	11
22	21684	12
22	21685	12
22	21686	12
22	21687	12
22	21688	12
22	21689	11
22	21690	11
22	21691	11
22	21692	11
22	21693	11
22	21694	11
22	21695	11
22	21696	11
22	21697	11
22	21698	11
22	21699	10
22	21700	10
22	21701	10
22	21702	10
22	21703	10
22	21704	10
22	21705	10
22	21706	11
22	21707	11
22	21708	13
22	21709	13
22	21710	13
22	21711	13
22	21712	13
22	21713	13
22	21714	13
22	21715	13
22	21716	12
22	21717	12
22	21718	12
22	21719	12
22	21720	12
22	21721	12
22	21722	12
22	21723	12
22	21724	12
22	21725	12
22	21726	12
22	21727	11
22	21728	11
22	21729	11
22	21730	11
22	21731	10
22	21732	10
22	21733	11
22	21734	11
22	21735	11
22	21736	11
22	21737	11
22	21738	11
22	21739	11
22	21740	11
22	21741	12
22	21742	12
22	21743	12
22	21744	11
22	21745	11
22	21746	11
22	21747	11
22	21748	12
22	21749	12
22	21750	12
22	21751	12
22	21752	12
22	21753	12
22	21754	12
22	21755	12
22	21756	12
22	21757	12
22	21758	11
22	21759	11
22	21760	12
22	21761	12
22	21762	13
22	21763	13
22	21764	13
22	21765	13
22	21766	13
22	21767	13
22	21768	14
22	21769	14
22	21770	14
22	21771	14
22	21772	14
22	21773	14
22	21774	14
22	21775	14
22	21776	14
22	21777	13
22	21778	13
22	21779	13
22	21780	13
22	21781	13
22	21782	13
22	21783	13
22	21784	14
22	21785	14
22	21786	14
22	21787	14
22	21788	15
22	21789	15
22	21790	16
22	21791	16
22	21792	16
22	21793	16
22	21794	16
22	21795	16
22	21796	16
22	21797	16
22	21798	15
22	21799	16
22	21800	16
22	21801	16
22	21802	16
22	21803	17
22	21804	17
22	21805	17
22	21806	17
22	21807	16
22	21808	16
22	21809	16
22	21810	14
22	21811	13
22	21812	13
22	21813	13
22	21814	13
22	21815	13
22	21816	13
22	21817	13
22	21818	13
22	21819	14
22	21820	14
22	21821	14
22	21822	14
22	21823	13
22	21824	12
22	21825	12
22	21826	12
22	21827	12
22	21828	12
22	21829	12
22	21830	12
22	21831	12
22	21832	13
22	21833	12
22	21834	12
22	21835	12
22	21836	11
22	21837	11
22	21838	11
22	21839	11
22	21840	12
22	21841	12
22	21842	13
22	21843	14
22	21844	15
22	21845	15
22	21846	15
22	21847	15
22	21848	15
22	21849	15
22	21850	17
22	21851	17
22	21852	16
22	21853	15
22	21854	15
22	21855	15
22	21856	15
22	21857	15
22	21858	15
22	21859	15
22	21860	15
22	21861	15
22	21862	15
22	21863	15
22	21864	16
22	21865	16
22	21866	16
22	21867	16
22	21868	16
22	21869	16
22	21870	16
22	21871	16
22	21872	16
22	21873	16
22	21874	16
22	21875	16
22	21876	16
22	21877	17
22	21878	17
22	21879	18
22	21880	18
22	21881	18
22	21882	17
22	21883	17
22	21884	17
22	21885	18
22	21886	18
22	21887	17
22	21888	16
22	21889	16
22	21890	16
22	21891	16
22	21892	16
22	21893	16
22	21894	16
22	21895	16
22	21896	16
22	21897	16
22	21898	16
22	21899	15
22	21900	15
22	21901	15
22	21902	15
22	21903	15
22	21904	15
22	21905	15
22	21906	14
22	21907	14
22	21908	14
22	21909	15
22	21910	15
22	21911	16
22	21912	16
22	21913	15
22	21914	15
22	21915	15
22	21916	15
22	21917	13
22	21918	12
22	21919	12
22	21920	12
22	21921	12
22	21922	12
22	21923	12
22	21924	10
22	21925	9
22	21926	9
22	21927	9
22	21928	9
22	21929	9
22	21930	9
22	21931	9
22	21932	9
22	21933	9
22	21934	8
22	21935	9
22	21936	9
22	21937	9
22	21938	9
22	21939	10
22	21940	10
22	21941	12
22	21942	13
22	21943	13
22	21944	13
22	21945	13
22	21946	13
22	21947	13
22	21948	13
22	21949	13
22	21950	12
22	21951	12
22	21952	12
22	21953	11
22	21954	10
22	21955	10
22	21956	11
22	21957	11
22	21958	11
22	21959	10
22	21960	10
22	21961	10
22	21962	10
22	21963	10
22	21964	10
22	21965	11
22	21966	11
22	21967	11
22	21968	11
22	21969	11
22	21970	11
22	21971	11
22	21972	11
22	21973	11
22	21974	11
22	21975	11
22	21976	10
22	21977	10
22	21978	10
22	21979	10
22	21980	10
22	21981	10
22	21982	12
22	21983	12
22	21984	12
22	21985	12
22	21986	12
22	21987	10
22	21988	10
22	21989	10
22	21990	10
22	21991	10
22	21992	10
22	21993	10
22	21994	10
22	21995	10
22	21996	10
22	21997	11
22	21998	11
22	21999	11
22	22000	11
22	22001	11
22	22002	11
22	22003	11
22	22004	11
22	22005	11
22	22006	11
22	22007	11
22	22008	11
22	22009	12
22	22010	12
22	22011	12
22	22012	12
22	22013	13
22	22014	13
22	22015	14
22	22016	15
22	22017	15
22	22018	14
22	22019	13
22	22020	13
22	22021	13
22	22022	13
22	22023	13
22	22024	13
22	22025	13
22	22026	13
22	22027	13
22	22028	13
22	22029	13
22	22030	13
22	22031	13
22	22032	13
22	22033	13
22	22034	13
22	22035	13
22	22036	13
22	22037	13
22	22038	13
22	22039	12
22	22040	12
22	22041	12
22	22042	12
22	22043	12
22	22044	12
22	22045	11
22	22046	11
22	22047	11
22	22048	11
22	22049	11
22	22050	11
22	22051	11
22	22052	11
22	22053	11
22	22054	12
22	22055	12
22	22056	10
22	22057	9
22	22058	8
22	22059	9
22	22060	9
22	22061	9
22	22062	9
22	22063	8
22	22064	8
22	22065	8
22	22066	7
22	22067	6
22	22068	6
22	22069	6
22	22070	6
22	22071	6
22	22072	6
22	22073	6
22	22074	7
22	22075	7
22	22076	7
22	22077	7
22	22078	7
22	22079	7
22	22080	7
22	22081	7
22	22082	7
22	22083	8
22	22084	8
22	22085	8
22	22086	8
22	22087	8
22	22088	8
22	22089	8
22	22090	8
22	22091	8
22	22092	8
22	22093	8
22	22094	8
22	22095	8
22	22096	8
22	22097	8
22	22098	8
22	22099	7
22	22100	7
22	22101	7
22	22102	7
22	22103	9
22	22104	8
22	22105	8
22	22106	9
22	22107	9
22	22108	10
22	22109	10
22	22110	10
22	22111	10
22	22112	8
22	22113	8
22	22114	7
22	22115	7
22	22116	8
22	22117	9
22	22118	9
22	22119	9
22	22120	9
22	22121	9
22	22122	9
22	22123	9
22	22124	10
22	22125	10
22	22126	10
22	22127	11
22	22128	11
22	22129	11
22	22130	11
22	22131	11
22	22132	11
22	22133	11
22	22134	12
22	22135	12
22	22136	12
22	22137	13
22	22138	13
22	22139	14
22	22140	14
22	22141	14
22	22142	15
22	22143	15
22	22144	15
22	22145	16
22	22146	17
22	22147	17
22	22148	16
22	22149	16
22	22150	16
22	22151	16
22	22152	16
22	22153	16
22	22154	16
22	22155	15
22	22156	15
22	22157	15
22	22158	15
22	22159	15
22	22160	15
22	22161	15
22	22162	16
22	22163	16
22	22164	16
22	22165	16
22	22166	15
22	22167	15
22	22168	15
22	22169	15
22	22170	15
22	22171	15
22	22172	15
22	22173	15
22	22174	15
22	22175	16
22	22176	17
22	22177	17
22	22178	19
22	22179	19
22	22180	20
22	22181	21
22	22182	21
22	22183	21
22	22184	21
22	22185	22
22	22186	22
22	22187	21
22	22188	21
22	22189	21
22	22190	21
22	22191	21
22	22192	21
22	22193	21
22	22194	21
22	22195	21
22	22196	21
22	22197	20
22	22198	20
22	22199	20
22	22200	20
22	22201	20
22	22202	19
22	22203	19
22	22204	20
22	22205	20
22	22206	20
22	22207	20
22	22208	20
22	22209	21
22	22210	21
22	22211	21
22	22212	21
22	22213	22
22	22214	22
22	22215	20
22	22216	17
22	22217	17
22	22218	17
22	22219	17
22	22220	17
22	22221	17
22	22222	17
22	22223	17
22	22224	17
22	22225	17
22	22226	17
22	22227	17
22	22228	17
22	22229	17
22	22230	17
22	22231	17
22	22232	16
22	22233	16
22	22234	16
22	22235	17
22	22236	18
22	22237	18
22	22238	18
22	22239	18
22	22240	18
22	22241	18
22	22242	18
22	22243	17
22	22244	17
22	22245	16
22	22246	16
22	22247	17
22	22248	16
22	22249	16
22	22250	17
22	22251	16
22	22252	16
22	22253	16
22	22254	16
22	22255	16
22	22256	17
22	22257	17
22	22258	17
22	22259	16
22	22260	16
22	22261	16
22	22262	16
22	22263	17
22	22264	17
22	22265	17
22	22266	17
22	22267	15
22	22268	15
22	22269	15
22	22270	15
22	22271	16
22	22272	15
22	22273	15
22	22274	15
22	22275	15
22	22276	14
22	22277	14
22	22278	14
22	22279	14
22	22280	14
22	22281	15
22	22282	15
22	22283	15
22	22284	15
22	22285	14
22	22286	14
22	22287	13
22	22288	13
22	22289	13
22	22290	13
22	22291	13
22	22292	13
22	22293	13
22	22294	13
22	22295	11
22	22296	10
22	22297	9
22	22298	9
22	22299	9
22	22300	9
22	22301	8
22	22302	8
22	22303	8
22	22304	8
22	22305	7
22	22306	7
22	22307	7
22	22308	7
22	22309	7
22	22310	7
22	22311	8
22	22312	7
22	22313	7
22	22314	7
22	22315	7
22	22316	7
22	22317	7
22	22318	6
22	22319	6
22	22320	5
22	22321	5
22	22322	5
22	22323	5
22	22324	5
22	22325	5
22	22326	5
22	22327	4
22	22328	4
22	22329	4
22	22330	4
22	22331	5
22	22332	5
22	22333	5
22	22334	5
22	22335	5
22	22336	5
22	22337	5
22	22338	5
22	22339	5
22	22340	6
22	22341	6
22	22342	6
22	22343	6
22	22344	5
22	22345	5
22	22346	6
22	22347	6
22	22348	6
22	22349	6
22	22350	6
22	22351	7
22	22352	7
22	22353	7
22	22354	7
22	22355	7
22	22356	7
22	22357	7
22	22358	8
22	22359	8
22	22360	8
22	22361	9
22	22362	10
22	22363	11
22	22364	11
22	22365	11
22	22366	11
22	22367	11
22	22368	11
22	22369	11
22	22370	11
22	22371	12
22	22372	12
22	22373	12
22	22374	12
22	22375	12
22	22376	12
22	22377	12
22	22378	10
22	22379	11
22	22380	11
22	22381	11
22	22382	13
22	22383	14
22	22384	14
22	22385	13
22	22386	13
22	22387	13
22	22388	13
22	22389	13
22	22390	13
22	22391	13
22	22392	13
22	22393	13
22	22394	13
22	22395	13
22	22396	13
22	22397	13
22	22398	13
22	22399	13
22	22400	13
22	22401	13
22	22402	13
22	22403	13
22	22404	11
22	22405	11
22	22406	11
22	22407	10
22	22408	10
22	22409	10
22	22410	10
22	22411	10
22	22412	10
22	22413	10
22	22414	9
22	22415	9
22	22416	9
22	22417	8
22	22418	8
22	22419	8
22	22420	7
22	22421	7
22	22422	7
22	22423	7
22	22424	7
22	22425	7
22	22426	7
22	22427	7
22	22428	7
22	22429	5
22	22430	5
22	22431	5
22	22432	6
22	22433	6
22	22434	6
22	22435	6
22	22436	6
22	22437	6
22	22438	6
22	22439	6
22	22440	5
22	22441	5
22	22442	6
22	22443	7
22	22444	7
22	22445	8
22	22446	8
22	22447	8
22	22448	8
22	22449	8
22	22450	8
22	22451	8
22	22452	7
22	22453	8
22	22454	7
22	22455	7
22	22456	7
22	22457	7
22	22458	7
22	22459	7
22	22460	7
22	22461	7
22	22462	7
22	22463	7
22	22464	7
22	22465	7
22	22466	7
22	22467	8
22	22468	8
22	22469	8
22	22470	7
22	22471	7
22	22472	8
22	22473	8
22	22474	8
22	22475	8
22	22476	8
22	22477	8
22	22478	8
22	22479	9
22	22480	9
22	22481	9
22	22482	9
22	22483	10
22	22484	10
22	22485	10
22	22486	11
22	22487	11
22	22488	11
22	22489	11
22	22490	12
22	22491	12
22	22492	12
22	22493	12
22	22494	13
22	22495	13
22	22496	15
22	22497	15
22	22498	17
22	22499	17
22	22500	18
22	22501	17
22	22502	17
22	22503	18
22	22504	19
22	22505	19
22	22506	19
22	22507	20
22	22508	20
22	22509	20
22	22510	20
22	22511	20
22	22512	20
22	22513	20
22	22514	20
22	22515	21
22	22516	21
22	22517	20
22	22518	20
22	22519	20
22	22520	22
22	22521	22
22	22522	22
22	22523	22
22	22524	22
22	22525	22
22	22526	22
22	22527	21
22	22528	21
22	22529	21
22	22530	21
22	22531	21
22	22532	21
22	22533	21
22	22534	21
22	22535	21
22	22536	21
22	22537	21
22	22538	21
22	22539	21
22	22540	21
22	22541	21
22	22542	21
22	22543	21
22	22544	21
22	22545	22
22	22546	22
22	22547	21
22	22548	20
22	22549	20
22	22550	20
22	22551	20
22	22552	19
22	22553	19
22	22554	18
22	22555	18
22	22556	18
22	22557	19
22	22558	19
22	22559	19
22	22560	18
22	22561	18
22	22562	18
22	22563	18
22	22564	19
22	22565	19
22	22566	18
22	22567	18
22	22568	18
22	22569	20
22	22570	21
22	22571	21
22	22572	21
22	22573	20
22	22574	20
22	22575	20
22	22576	18
22	22577	18
22	22578	18
22	22579	18
22	22580	18
22	22581	18
22	22582	19
22	22583	19
22	22584	18
22	22585	18
22	22586	18
22	22587	18
22	22588	19
22	22589	18
22	22590	18
22	22591	18
22	22592	18
22	22593	18
22	22594	18
22	22595	18
22	22596	18
22	22597	19
22	22598	18
22	22599	18
22	22600	18
22	22601	18
22	22602	17
22	22603	16
22	22604	16
22	22605	16
22	22606	16
22	22607	16
22	22608	16
22	22609	18
22	22610	18
22	22611	18
22	22612	19
22	22613	19
22	22614	18
22	22615	18
22	22616	18
22	22617	18
22	22618	18
22	22619	18
22	22620	18
22	22621	18
22	22622	18
22	22623	17
22	22624	17
22	22625	17
22	22626	17
22	22627	17
22	22628	17
22	22629	17
22	22630	17
22	22631	17
22	22632	16
22	22633	16
22	22634	16
22	22635	16
22	22636	16
22	22637	16
22	22638	16
22	22639	17
22	22640	17
22	22641	16
22	22642	17
22	22643	17
22	22644	17
22	22645	17
22	22646	16
22	22647	16
22	22648	16
22	22649	16
22	22650	16
22	22651	16
22	22652	15
22	22653	15
22	22654	16
22	22655	16
22	22656	16
22	22657	17
22	22658	16
22	22659	17
22	22660	17
22	22661	17
22	22662	17
22	22663	17
22	22664	18
22	22665	18
22	22666	17
22	22667	16
22	22668	16
22	22669	16
22	22670	17
22	22671	16
22	22672	16
22	22673	16
22	22674	16
22	22675	16
22	22676	17
22	22677	17
22	22678	17
22	22679	16
22	22680	16
22	22681	14
22	22682	13
22	22683	13
22	22684	13
22	22685	12
22	22686	12
22	22687	12
22	22688	13
22	22689	13
22	22690	13
22	22691	13
22	22692	13
22	22693	13
22	22694	13
22	22695	12
22	22696	11
22	22697	11
22	22698	12
22	22699	12
22	22700	12
22	22701	13
22	22702	14
22	22703	13
22	22704	13
22	22705	14
22	22706	15
22	22707	15
22	22708	15
22	22709	15
22	22710	15
22	22711	16
22	22712	17
22	22713	17
22	22714	18
22	22715	18
22	22716	18
22	22717	18
22	22718	17
22	22719	17
22	22720	17
22	22721	16
22	22722	16
22	22723	18
22	22724	18
22	22725	18
22	22726	18
22	22727	18
22	22728	18
22	22729	18
22	22730	18
22	22731	18
22	22732	18
22	22733	18
22	22734	19
22	22735	20
22	22736	20
22	22737	20
22	22738	20
22	22739	18
22	22740	18
22	22741	19
22	22742	19
22	22743	19
22	22744	19
22	22745	19
22	22746	19
22	22747	19
22	22748	19
22	22749	18
22	22750	18
22	22751	19
22	22752	18
22	22753	18
22	22754	19
22	22755	19
22	22756	18
22	22757	18
22	22758	17
22	22759	17
22	22760	17
22	22761	17
22	22762	17
22	22763	17
22	22764	16
22	22765	16
22	22766	17
22	22767	17
22	22768	17
22	22769	17
22	22770	17
22	22771	17
22	22772	18
22	22773	18
22	22774	19
22	22775	19
22	22776	19
22	22777	19
22	22778	19
22	22779	19
22	22780	17
22	22781	16
22	22782	15
22	22783	15
22	22784	15
22	22785	14
22	22786	14
22	22787	14
22	22788	13
22	22789	13
22	22790	13
22	22791	12
22	22792	13
22	22793	13
22	22794	13
22	22795	13
22	22796	13
22	22797	13
22	22798	13
22	22799	13
22	22800	13
22	22801	13
22	22802	13
22	22803	13
22	22804	15
22	22805	15
22	22806	15
22	22807	15
22	22808	15
22	22809	15
22	22810	15
22	22811	15
22	22812	15
22	22813	15
22	22814	15
22	22815	15
22	22816	15
22	22817	15
22	22818	15
22	22819	15
22	22820	15
22	22821	15
22	22822	14
22	22823	14
22	22824	14
22	22825	14
22	22826	14
22	22827	14
22	22828	14
22	22829	14
22	22830	14
22	22831	14
22	22832	14
22	22833	13
22	22834	12
22	22835	12
22	22836	12
22	22837	12
22	22838	12
22	22839	12
22	22840	12
22	22841	12
22	22842	12
22	22843	12
22	22844	11
22	22845	11
22	22846	10
22	22847	10
22	22848	10
22	22849	11
22	22850	11
22	22851	12
22	22852	12
22	22853	11
22	22854	11
22	22855	11
22	22856	11
22	22857	11
22	22858	11
22	22859	11
22	22860	12
22	22861	12
22	22862	12
22	22863	13
22	22864	13
22	22865	13
22	22866	13
22	22867	13
22	22868	13
22	22869	13
22	22870	14
22	22871	14
22	22872	14
22	22873	13
22	22874	13
22	22875	14
22	22876	14
22	22877	14
22	22878	14
22	22879	15
22	22880	15
22	22881	15
22	22882	16
22	22883	16
22	22884	17
22	22885	16
22	22886	16
22	22887	17
22	22888	17
22	22889	17
22	22890	17
22	22891	18
22	22892	18
22	22893	17
22	22894	17
22	22895	17
22	22896	17
22	22897	18
22	22898	18
22	22899	18
22	22900	18
22	22901	19
22	22902	19
22	22903	18
22	22904	18
22	22905	18
22	22906	17
22	22907	17
22	22908	17
22	22909	16
22	22910	16
22	22911	16
22	22912	16
22	22913	16
22	22914	16
22	22915	15
22	22916	15
22	22917	13
22	22918	13
22	22919	13
22	22920	13
22	22921	13
22	22922	13
22	22923	13
22	22924	13
22	22925	12
22	22926	12
22	22927	13
22	22928	13
22	22929	14
22	22930	14
22	22931	14
22	22932	13
22	22933	13
22	22934	12
22	22935	10
22	22936	8
22	22937	8
22	22938	8
22	22939	9
22	22940	9
22	22941	9
22	22942	10
22	22943	10
22	22944	10
22	22945	11
22	22946	11
22	22947	11
22	22948	11
22	22949	11
22	22950	11
22	22951	11
22	22952	10
22	22953	10
22	22954	11
22	22955	11
22	22956	10
22	22957	11
22	22958	11
22	22959	11
22	22960	12
22	22961	12
22	22962	12
22	22963	12
22	22964	12
22	22965	12
22	22966	13
22	22967	13
22	22968	13
22	22969	13
22	22970	13
22	22971	13
22	22972	13
22	22973	13
22	22974	13
22	22975	12
22	22976	12
22	22977	12
22	22978	13
22	22979	14
22	22980	13
22	22981	13
22	22982	13
22	22983	13
22	22984	13
22	22985	13
22	22986	13
22	22987	14
22	22988	14
22	22989	14
22	22990	14
22	22991	16
22	22992	16
22	22993	16
22	22994	16
22	22995	16
22	22996	17
22	22997	16
22	22998	16
22	22999	16
22	23000	16
22	23001	17
22	23002	17
22	23003	16
22	23004	16
22	23005	16
22	23006	16
22	23007	16
22	23008	16
22	23009	16
22	23010	16
22	23011	15
22	23012	15
22	23013	15
22	23014	14
22	23015	15
22	23016	15
22	23017	15
22	23018	15
22	23019	15
22	23020	14
22	23021	13
22	23022	13
22	23023	14
22	23024	14
22	23025	14
22	23026	15
22	23027	15
22	23028	15
22	23029	13
22	23030	13
22	23031	13
22	23032	13
22	23033	14
22	23034	14
22	23035	14
22	23036	14
22	23037	14
22	23038	14
22	23039	14
22	23040	14
22	23041	14
22	23042	14
22	23043	14
22	23044	15
22	23045	15
22	23046	14
22	23047	14
22	23048	15
22	23049	14
22	23050	14
22	23051	14
22	23052	15
22	23053	12
22	23054	12
22	23055	13
22	23056	13
22	23057	13
22	23058	13
22	23059	13
22	23060	13
22	23061	13
22	23062	13
22	23063	13
22	23064	14
22	23065	14
22	23066	14
22	23067	12
22	23068	11
22	23069	11
22	23070	11
22	23071	11
22	23072	11
22	23073	12
22	23074	12
22	23075	12
22	23076	12
22	23077	12
22	23078	11
22	23079	11
22	23080	11
22	23081	11
22	23082	10
22	23083	10
22	23084	10
22	23085	10
22	23086	9
22	23087	8
22	23088	8
22	23089	9
22	23090	11
22	23091	11
22	23092	11
22	23093	11
22	23094	11
22	23095	11
22	23096	11
22	23097	11
22	23098	11
22	23099	11
22	23100	10
22	23101	10
22	23102	10
22	23103	10
22	23104	9
22	23105	8
22	23106	7
22	23107	6
22	23108	6
22	23109	6
22	23110	7
22	23111	7
22	23112	6
22	23113	6
22	23114	6
22	23115	7
22	23116	6
22	23117	6
22	23118	6
22	23119	6
22	23120	7
22	23121	7
22	23122	7
22	23123	8
22	23124	8
22	23125	7
22	23126	7
22	23127	7
22	23128	7
22	23129	9
22	23130	9
22	23131	9
22	23132	9
22	23133	9
22	23134	9
22	23135	9
22	23136	8
22	23137	8
22	23138	8
22	23139	8
22	23140	8
22	23141	7
22	23142	7
22	23143	7
22	23144	7
22	23145	7
22	23146	7
22	23147	7
22	23148	7
22	23149	7
22	23150	7
22	23151	7
22	23152	7
22	23153	7
22	23154	7
22	23155	7
22	23156	7
22	23157	7
22	23158	9
22	23159	9
22	23160	9
22	23161	9
22	23162	8
22	23163	8
22	23164	8
22	23165	8
22	23166	8
22	23167	7
22	23168	7
22	23169	7
22	23170	8
22	23171	8
22	23172	8
22	23173	10
22	23174	10
22	23175	10
22	23176	10
22	23177	10
22	23178	10
22	23179	10
22	23180	10
22	23181	10
22	23182	11
22	23183	11
22	23184	11
22	23185	12
22	23186	11
22	23187	11
22	23188	11
22	23189	11
22	23190	12
22	23191	12
22	23192	12
22	23193	12
22	23194	12
22	23195	12
22	23196	12
22	23197	12
22	23198	12
22	23199	12
22	23200	13
22	23201	13
22	23202	12
22	23203	12
22	23204	12
22	23205	12
22	23206	12
22	23207	10
22	23208	9
22	23209	9
22	23210	9
22	23211	9
22	23212	9
22	23213	9
22	23214	9
22	23215	10
22	23216	10
22	23217	10
22	23218	9
22	23219	9
22	23220	9
22	23221	9
22	23222	10
22	23223	10
22	23224	10
22	23225	10
22	23226	10
22	23227	10
22	23228	10
22	23229	10
22	23230	10
22	23231	10
22	23232	9
22	23233	9
22	23234	9
22	23235	9
22	23236	10
22	23237	10
22	23238	10
22	23239	10
22	23240	10
22	23241	10
22	23242	11
22	23243	11
22	23244	11
22	23245	11
22	23246	13
22	23247	14
22	23248	14
22	23249	15
22	23250	15
22	23251	16
22	23252	16
22	23253	16
22	23254	16
22	23255	16
22	23256	16
22	23257	17
22	23258	17
22	23259	18
22	23260	18
22	23261	18
22	23262	18
22	23263	18
22	23264	19
22	23265	20
22	23266	20
22	23267	20
22	23268	20
22	23269	19
22	23270	19
22	23271	18
22	23272	19
22	23273	19
22	23274	19
22	23275	20
22	23276	20
22	23277	20
22	23278	19
22	23279	19
22	23280	20
22	23281	20
22	23282	21
22	23283	21
22	23284	21
22	23285	21
22	23286	20
22	23287	19
22	23288	18
22	23289	18
22	23290	19
22	23291	19
22	23292	19
22	23293	19
22	23294	19
22	23295	19
22	23296	19
22	23297	18
22	23298	18
22	23299	18
22	23300	17
22	23301	17
22	23302	17
22	23303	17
22	23304	16
22	23305	18
22	23306	18
22	23307	18
22	23308	17
22	23309	18
22	23310	17
22	23311	17
22	23312	16
22	23313	17
22	23314	18
22	23315	18
22	23316	18
22	23317	18
22	23318	18
22	23319	18
22	23320	18
22	23321	18
22	23322	18
22	23323	18
22	23324	18
22	23325	18
22	23326	18
22	23327	17
22	23328	17
22	23329	17
22	23330	18
22	23331	18
22	23332	18
22	23333	17
22	23334	17
22	23335	17
22	23336	18
22	23337	18
22	23338	18
22	23339	18
22	23340	16
22	23341	16
22	23342	16
22	23343	16
22	23344	16
22	23345	17
22	23346	16
22	23347	16
22	23348	16
22	23349	16
22	23350	16
22	23351	16
22	23352	16
22	23353	15
22	23354	15
22	23355	15
22	23356	15
22	23357	15
22	23358	16
22	23359	16
22	23360	16
22	23361	17
22	23362	17
22	23363	16
22	23364	16
22	23365	16
22	23366	16
22	23367	15
22	23368	15
22	23369	15
22	23370	15
22	23371	15
22	23372	14
22	23373	14
22	23374	15
22	23375	14
22	23376	14
22	23377	14
22	23378	14
22	23379	14
22	23380	14
22	23381	14
22	23382	14
22	23383	13
22	23384	13
22	23385	13
22	23386	13
22	23387	13
22	23388	13
22	23389	14
22	23390	13
22	23391	13
22	23392	13
22	23393	14
22	23394	14
22	23395	14
22	23396	13
22	23397	13
22	23398	13
22	23399	13
22	23400	13
22	23401	13
22	23402	15
22	23403	15
22	23404	15
22	23405	15
22	23406	15
22	23407	15
22	23408	15
22	23409	15
22	23410	14
22	23411	14
22	23412	13
22	23413	13
22	23414	13
22	23415	13
22	23416	13
22	23417	14
22	23418	14
22	23419	15
22	23420	16
22	23421	15
22	23422	15
22	23423	15
22	23424	13
22	23425	13
22	23426	14
22	23427	14
22	23428	14
22	23429	15
22	23430	15
22	23431	15
22	23432	15
22	23433	15
22	23434	15
22	23435	15
22	23436	16
22	23437	16
22	23438	16
22	23439	16
22	23440	16
22	23441	16
22	23442	17
22	23443	19
22	23444	19
22	23445	19
22	23446	17
22	23447	17
22	23448	17
22	23449	17
22	23450	17
22	23451	17
22	23452	17
22	23453	17
22	23454	17
22	23455	18
22	23456	18
22	23457	17
22	23458	17
22	23459	17
22	23460	16
22	23461	17
22	23462	16
22	23463	16
22	23464	16
22	23465	17
22	23466	17
22	23467	17
22	23468	16
22	23469	14
22	23470	14
22	23471	14
22	23472	15
22	23473	15
22	23474	16
22	23475	16
22	23476	16
22	23477	16
22	23478	15
22	23479	15
22	23480	15
22	23481	16
22	23482	16
22	23483	15
22	23484	14
22	23485	14
22	23486	14
22	23487	15
22	23488	15
22	23489	15
22	23490	16
22	23491	15
22	23492	14
22	23493	15
22	23494	15
22	23495	14
22	23496	13
22	23497	13
22	23498	13
22	23499	13
22	23500	13
22	23501	13
22	23502	13
22	23503	13
22	23504	13
22	23505	12
22	23506	12
22	23507	11
22	23508	11
22	23509	11
22	23510	11
22	23511	11
22	23512	10
22	23513	10
22	23514	11
22	23515	11
22	23516	12
22	23517	12
22	23518	12
22	23519	12
22	23520	12
22	23521	12
22	23522	11
22	23523	10
22	23524	10
22	23525	10
22	23526	10
22	23527	10
22	23528	11
22	23529	11
22	23530	11
22	23531	11
22	23532	10
22	23533	9
22	23534	9
22	23535	9
22	23536	9
22	23537	10
22	23538	9
22	23539	9
22	23540	10
22	23541	10
22	23542	10
22	23543	10
22	23544	10
22	23545	9
22	23546	10
22	23547	10
22	23548	10
22	23549	10
22	23550	10
22	23551	11
22	23552	11
22	23553	11
22	23554	11
22	23555	11
22	23556	12
22	23557	12
22	23558	12
22	23559	11
22	23560	11
22	23561	11
22	23562	12
22	23563	13
22	23564	13
22	23565	13
22	23566	13
22	23567	13
22	23568	13
22	23569	12
22	23570	11
22	23571	11
22	23572	11
22	23573	11
22	23574	11
22	23575	11
22	23576	11
22	23577	11
22	23578	11
22	23579	12
22	23580	12
22	23581	13
22	23582	12
22	23583	12
22	23584	12
22	23585	12
22	23586	13
22	23587	13
22	23588	14
22	23589	14
22	23590	14
22	23591	14
22	23592	14
22	23593	15
22	23594	15
22	23595	15
22	23596	15
22	23597	15
22	23598	15
22	23599	15
22	23600	15
22	23601	15
22	23602	15
22	23603	13
22	23604	13
22	23605	13
22	23606	13
22	23607	13
22	23608	14
22	23609	15
22	23610	15
22	23611	15
22	23612	15
22	23613	15
22	23614	15
22	23615	15
22	23616	15
22	23617	15
22	23618	15
22	23619	15
22	23620	15
22	23621	17
22	23622	17
22	23623	16
22	23624	17
22	23625	16
22	23626	16
22	23627	16
22	23628	16
22	23629	17
22	23630	17
22	23631	17
22	23632	16
22	23633	16
22	23634	16
22	23635	16
22	23636	16
22	23637	16
22	23638	15
22	23639	14
22	23640	14
22	23641	12
22	23642	11
22	23643	11
22	23644	11
22	23645	11
22	23646	11
22	23647	11
22	23648	11
22	23649	11
22	23650	11
22	23651	9
22	23652	9
22	23653	9
22	23654	11
22	23655	11
22	23656	11
22	23657	11
22	23658	14
22	23659	15
22	23660	16
22	23661	16
22	23662	16
22	23663	17
22	23664	17
22	23665	17
22	23666	17
22	23667	17
22	23668	17
22	23669	17
22	23670	17
22	23671	17
22	23672	17
22	23673	17
22	23674	18
22	23675	18
22	23676	18
22	23677	18
22	23678	19
22	23679	19
22	23680	19
22	23681	17
22	23682	17
22	23683	18
22	23684	19
22	23685	19
22	23686	19
22	23687	19
22	23688	21
22	23689	21
22	23690	21
22	23691	21
22	23692	20
22	23693	20
22	23694	20
22	23695	20
22	23696	21
22	23697	21
22	23698	21
22	23699	21
22	23700	22
22	23701	22
22	23702	20
22	23703	19
22	23704	19
22	23705	19
22	23706	19
22	23707	19
22	23708	18
22	23709	18
22	23710	18
22	23711	17
22	23712	17
22	23713	17
22	23714	17
22	23715	17
22	23716	17
22	23717	17
22	23718	18
22	23719	18
22	23720	17
22	23721	15
22	23722	15
22	23723	16
22	23724	15
22	23725	17
22	23726	17
22	23727	17
22	23728	17
22	23729	17
22	23730	17
22	23731	16
22	23732	16
22	23733	16
22	23734	16
22	23735	17
22	23736	17
22	23737	17
22	23738	16
22	23739	16
22	23740	17
22	23741	17
22	23742	17
22	23743	16
22	23744	16
22	23745	16
22	23746	15
22	23747	15
22	23748	15
22	23749	15
22	23750	15
22	23751	15
22	23752	15
22	23753	16
22	23754	16
22	23755	16
22	23756	16
22	23757	15
22	23758	15
22	23759	16
22	23760	16
22	23761	16
22	23762	16
22	23763	16
22	23764	16
22	23765	16
22	23766	16
22	23767	16
22	23768	16
22	23769	17
22	23770	17
22	23771	17
22	23772	14
22	23773	14
22	23774	14
22	23775	14
22	23776	13
22	23777	13
22	23778	13
22	23779	13
22	23780	13
22	23781	13
22	23782	14
22	23783	14
22	23784	14
22	23785	15
22	23786	15
22	23787	15
22	23788	14
22	23789	14
22	23790	14
22	23791	16
22	23792	16
22	23793	16
22	23794	16
22	23795	16
22	23796	15
22	23797	15
22	23798	15
22	23799	15
22	23800	15
22	23801	15
22	23802	15
22	23803	15
22	23804	15
22	23805	16
22	23806	16
22	23807	16
22	23808	17
22	23809	16
22	23810	16
22	23811	16
22	23812	16
22	23813	16
22	23814	16
22	23815	16
22	23816	16
22	23817	15
22	23818	15
22	23819	15
22	23820	15
22	23821	14
22	23822	14
22	23823	15
22	23824	15
22	23825	16
22	23826	15
22	23827	13
22	23828	13
22	23829	13
22	23830	13
22	23831	14
22	23832	14
22	23833	15
22	23834	15
22	23835	15
22	23836	15
22	23837	15
22	23838	16
22	23839	16
22	23840	17
22	23841	17
22	23842	17
22	23843	18
22	23844	17
22	23845	17
22	23846	17
22	23847	17
22	23848	16
22	23849	16
22	23850	16
22	23851	17
22	23852	17
22	23853	17
22	23854	17
22	23855	16
22	23856	16
22	23857	17
22	23858	17
22	23859	17
22	23860	17
22	23861	16
22	23862	16
22	23863	16
22	23864	15
22	23865	15
22	23866	15
22	23867	15
22	23868	15
22	23869	15
22	23870	15
22	23871	15
22	23872	16
22	23873	16
22	23874	16
22	23875	17
22	23876	16
22	23877	16
22	23878	16
22	23879	16
22	23880	16
22	23881	16
22	23882	16
22	23883	16
22	23884	16
22	23885	15
22	23886	15
22	23887	16
22	23888	16
22	23889	16
22	23890	16
22	23891	16
22	23892	16
22	23893	16
22	23894	16
22	23895	16
22	23896	16
22	23897	17
22	23898	18
22	23899	19
22	23900	19
22	23901	19
22	23902	19
22	23903	19
22	23904	19
22	23905	19
22	23906	20
22	23907	20
22	23908	20
22	23909	20
22	23910	20
22	23911	20
22	23912	20
22	23913	20
22	23914	19
22	23915	19
22	23916	19
22	23917	19
22	23918	17
22	23919	17
22	23920	17
22	23921	17
22	23922	18
22	23923	18
22	23924	17
22	23925	17
22	23926	17
22	23927	17
22	23928	17
22	23929	17
22	23930	17
22	23931	17
22	23932	17
22	23933	17
22	23934	16
22	23935	16
22	23936	16
22	23937	15
22	23938	15
22	23939	15
22	23940	15
22	23941	13
22	23942	13
22	23943	13
22	23944	13
22	23945	13
22	23946	13
22	23947	13
22	23948	13
22	23949	12
22	23950	12
22	23951	12
22	23952	12
22	23953	12
22	23954	13
22	23955	13
22	23956	12
22	23957	11
22	23958	10
22	23959	10
22	23960	10
22	23961	9
22	23962	9
22	23963	10
22	23964	10
22	23965	9
22	23966	9
22	23967	9
22	23968	9
22	23969	9
22	23970	9
22	23971	9
22	23972	9
22	23973	8
22	23974	8
22	23975	8
22	23976	8
22	23977	8
22	23978	9
22	23979	9
22	23980	9
22	23981	8
22	23982	7
22	23983	7
22	23984	7
22	23985	7
22	23986	7
22	23987	7
22	23988	7
22	23989	7
22	23990	6
22	23991	6
22	23992	6
22	23993	6
22	23994	6
22	23995	7
22	23996	7
22	23997	7
22	23998	7
22	23999	7
22	24000	7
22	24001	7
22	24002	7
22	24003	7
22	24004	7
22	24005	7
22	24006	7
22	24007	10
22	24008	10
22	24009	10
22	24010	10
22	24011	10
22	24012	10
22	24013	10
22	24014	10
22	24015	10
22	24016	10
22	24017	10
22	24018	11
22	24019	11
22	24020	11
22	24021	11
22	24022	11
22	24023	11
22	24024	11
22	24025	11
22	24026	11
22	24027	11
22	24028	11
22	24029	11
22	24030	11
22	24031	11
22	24032	10
22	24033	10
22	24034	10
22	24035	11
22	24036	11
22	24037	11
22	24038	11
22	24039	11
22	24040	11
22	24041	11
22	24042	11
22	24043	12
22	24044	12
22	24045	12
22	24046	12
22	24047	12
22	24048	12
22	24049	12
22	24050	12
22	24051	12
22	24052	12
22	24053	12
22	24054	12
22	24055	14
22	24056	13
22	24057	13
22	24058	13
22	24059	13
22	24060	14
22	24061	13
22	24062	13
22	24063	13
22	24064	13
22	24065	12
22	24066	12
22	24067	12
22	24068	12
22	24069	12
22	24070	13
22	24071	13
22	24072	13
22	24073	13
22	24074	13
22	24075	13
22	24076	13
22	24077	12
22	24078	12
22	24079	12
22	24080	13
22	24081	12
22	24082	12
22	24083	11
22	24084	11
22	24085	11
22	24086	11
22	24087	11
22	24088	11
22	24089	11
22	24090	11
22	24091	13
22	24092	15
22	24093	15
22	24094	16
22	24095	17
22	24096	15
22	24097	15
22	24098	15
22	24099	15
22	24100	15
22	24101	15
22	24102	15
22	24103	15
22	24104	15
22	24105	16
22	24106	16
22	24107	16
22	24108	16
22	24109	16
22	24110	17
22	24111	17
22	24112	18
22	24113	18
22	24114	18
22	24115	19
22	24116	19
22	24117	19
22	24118	19
22	24119	18
22	24120	18
22	24121	17
22	24122	17
22	24123	17
22	24124	17
22	24125	17
22	24126	17
22	24127	17
22	24128	18
22	24129	18
22	24130	18
22	24131	18
22	24132	18
22	24133	18
22	24134	17
22	24135	16
22	24136	16
22	24137	17
22	24138	17
22	24139	17
22	24140	18
22	24141	17
22	24142	17
22	24143	17
22	24144	18
22	24145	17
22	24146	17
22	24147	17
22	24148	17
22	24149	17
22	24150	17
22	24151	17
22	24152	16
22	24153	16
22	24154	16
22	24155	17
22	24156	17
22	24157	17
22	24158	16
22	24159	16
22	24160	17
22	24161	16
22	24162	16
22	24163	16
22	24164	17
22	24165	17
22	24166	18
22	24167	17
22	24168	18
22	24169	18
22	24170	17
22	24171	17
22	24172	16
22	24173	15
22	24174	15
22	24175	15
22	24176	15
22	24177	16
22	24178	16
22	24179	16
22	24180	16
22	24181	17
22	24182	17
22	24183	17
22	24184	17
22	24185	18
22	24186	18
22	24187	18
22	24188	18
22	24189	18
22	24190	19
22	24191	19
22	24192	17
22	24193	19
22	24194	19
22	24195	19
22	24196	19
22	24197	19
22	24198	19
22	24199	19
22	24200	19
22	24201	20
22	24202	20
22	24203	21
22	24204	18
22	24205	18
22	24206	19
22	24207	19
22	24208	19
22	24209	19
22	24210	19
22	24211	19
22	24212	19
22	24213	19
22	24214	19
22	24215	18
22	24216	18
22	24217	18
22	24218	18
22	24219	18
22	24220	19
22	24221	18
22	24222	18
22	24223	18
22	24224	18
22	24225	18
22	24226	17
22	24227	17
22	24228	17
22	24229	17
22	24230	16
22	24231	16
22	24232	16
22	24233	16
22	24234	16
22	24235	16
22	24236	15
22	24237	15
22	24238	15
22	24239	15
22	24240	15
22	24241	14
22	24242	14
22	24243	14
22	24244	13
22	24245	13
22	24246	11
22	24247	10
22	24248	10
22	24249	10
22	24250	10
22	24251	9
22	24252	8
22	24253	8
22	24254	8
22	24255	8
22	24256	8
22	24257	8
22	24258	8
22	24259	8
22	24260	8
22	24261	8
22	24262	8
22	24263	8
22	24264	8
22	24265	8
22	24266	8
22	24267	8
22	24268	6
22	24269	6
22	24270	6
22	24271	6
22	24272	5
22	24273	5
22	24274	5
22	24275	5
22	24276	5
22	24277	5
22	24278	6
22	24279	6
22	24280	6
22	24281	6
22	24282	6
22	24283	7
22	24284	7
22	24285	7
22	24286	7
22	24287	6
22	24288	6
22	24289	6
22	24290	6
22	24291	6
22	24292	6
22	24293	6
22	24294	7
22	24295	7
22	24296	9
22	24297	9
22	24298	9
22	24299	8
22	24300	8
22	24301	7
22	24302	7
22	24303	7
22	24304	7
22	24305	7
22	24306	7
22	24307	8
22	24308	9
22	24309	9
22	24310	11
22	24311	11
22	24312	11
22	24313	12
22	24314	12
22	24315	12
22	24316	12
22	24317	13
22	24318	13
22	24319	14
22	24320	14
22	24321	14
22	24322	14
22	24323	15
22	24324	15
22	24325	14
22	24326	15
22	24327	16
22	24328	16
22	24329	16
22	24330	16
22	24331	16
22	24332	16
22	24333	16
22	24334	16
22	24335	16
22	24336	17
22	24337	17
22	24338	17
22	24339	17
22	24340	16
22	24341	15
22	24342	15
22	24343	15
22	24344	15
22	24345	16
22	24346	16
22	24347	16
22	24348	16
22	24349	17
22	24350	17
22	24351	17
22	24352	17
22	24353	17
22	24354	17
22	24355	18
22	24356	18
22	24357	17
22	24358	17
22	24359	17
22	24360	17
22	24361	17
22	24362	17
22	24363	17
22	24364	17
22	24365	16
22	24366	16
22	24367	16
22	24368	16
22	24369	16
22	24370	16
22	24371	15
22	24372	15
22	24373	14
22	24374	14
22	24375	14
22	24376	14
22	24377	14
22	24378	13
22	24379	13
22	24380	13
22	24381	13
22	24382	13
22	24383	12
22	24384	12
22	24385	12
22	24386	11
22	24387	11
22	24388	11
22	24389	10
22	24390	9
22	24391	9
22	24392	9
22	24393	9
22	24394	9
22	24395	9
22	24396	9
22	24397	9
22	24398	9
22	24399	9
22	24400	9
22	24401	9
22	24402	9
22	24403	8
22	24404	8
22	24405	8
22	24406	8
22	24407	8
22	24408	8
22	24409	7
22	24410	7
22	24411	7
22	24412	7
22	24413	6
22	24414	4
22	24415	4
22	24416	4
22	24417	4
22	24418	3
22	24419	3
22	24420	3
22	24421	4
22	24422	4
22	24423	4
22	24424	4
22	24425	4
22	24426	4
22	24427	4
22	24428	5
22	24429	5
22	24430	5
22	24431	5
22	24432	5
22	24433	5
22	24434	5
22	24435	5
22	24436	5
22	24437	5
22	24438	5
22	24439	5
22	24440	5
22	24441	6
22	24442	6
22	24443	7
22	24444	7
22	24445	8
22	24446	8
22	24447	8
22	24448	8
22	24449	8
22	24450	8
22	24451	10
22	24452	10
22	24453	10
22	24454	10
22	24455	10
22	24456	10
22	24457	10
22	24458	10
22	24459	11
22	24460	11
22	24461	11
22	24462	11
22	24463	12
22	24464	13
22	24465	13
22	24466	13
22	24467	13
22	24468	13
22	24469	14
22	24470	14
22	24471	14
22	24472	14
22	24473	14
22	24474	14
22	24475	15
22	24476	15
22	24477	15
22	24478	16
22	24479	16
22	24480	16
22	24481	17
22	24482	17
22	24483	17
22	24484	17
22	24485	17
22	24486	17
22	24487	18
22	24488	17
22	24489	17
22	24490	18
22	24491	18
22	24492	18
22	24493	19
22	24494	19
22	24495	20
22	24496	20
22	24497	20
22	24498	20
22	24499	20
22	24500	20
22	24501	20
22	24502	20
22	24503	20
22	24504	20
22	24505	20
22	24506	20
22	24507	20
22	24508	19
22	24509	19
22	24510	19
22	24511	20
22	24512	20
22	24513	20
22	24514	21
22	24515	21
22	24516	21
22	24517	21
22	24518	21
22	24519	21
22	24520	21
22	24521	20
22	24522	20
22	24523	20
22	24524	20
22	24525	20
22	24526	20
22	24527	21
22	24528	21
22	24529	21
22	24530	21
22	24531	20
22	24532	21
22	24533	20
22	24534	20
22	24535	20
22	24536	20
22	24537	21
22	24538	21
22	24539	21
22	24540	20
22	24541	20
22	24542	18
22	24543	18
22	24544	18
22	24545	18
22	24546	18
22	24547	17
22	24548	16
22	24549	17
22	24550	17
22	24551	18
22	24552	19
22	24553	18
22	24554	17
22	24555	17
22	24556	18
22	24557	18
22	24558	16
22	24559	16
22	24560	17
22	24561	17
22	24562	18
22	24563	17
22	24564	17
22	24565	17
22	24566	17
22	24567	17
22	24568	17
22	24569	17
22	24570	16
22	24571	16
22	24572	16
22	24573	16
22	24574	16
22	24575	16
22	24576	16
22	24577	16
22	24578	15
22	24579	14
22	24580	14
22	24581	14
22	24582	14
22	24583	14
22	24584	14
22	24585	15
22	24586	15
22	24587	15
22	24588	16
22	24589	16
22	24590	15
22	24591	15
22	24592	15
22	24593	16
22	24594	15
22	24595	15
22	24596	14
22	24597	14
22	24598	14
22	24599	14
22	24600	14
22	24601	14
22	24602	14
22	24603	14
22	24604	14
22	24605	14
22	24606	13
22	24607	13
22	24608	13
22	24609	14
22	24610	14
22	24611	14
22	24612	15
22	24613	15
22	24614	14
22	24615	13
22	24616	14
22	24617	15
22	24618	15
22	24619	15
22	24620	14
22	24621	14
22	24622	14
22	24623	14
22	24624	13
22	24625	13
22	24626	14
22	24627	15
22	24628	15
22	24629	16
22	24630	17
22	24631	17
22	24632	18
22	24633	19
22	24634	19
22	24635	19
22	24636	18
22	24637	18
22	24638	18
22	24639	18
22	24640	17
22	24641	17
22	24642	17
22	24643	19
22	24644	19
22	24645	18
22	24646	18
22	24647	18
22	24648	18
22	24649	18
22	24650	18
22	24651	18
22	24652	18
22	24653	19
22	24654	18
22	24655	18
22	24656	17
22	24657	17
22	24658	18
22	24659	18
22	24660	18
22	24661	19
22	24662	19
22	24663	20
22	24664	20
22	24665	21
22	24666	21
22	24667	21
22	24668	19
22	24669	19
22	24670	19
22	24671	19
22	24672	19
22	24673	20
22	24674	20
22	24675	18
22	24676	18
22	24677	18
22	24678	19
22	24679	19
22	24680	20
22	24681	20
22	24682	19
22	24683	19
22	24684	19
22	24685	19
22	24686	18
22	24687	18
22	24688	17
22	24689	16
22	24690	16
22	24691	17
22	24692	15
22	24693	15
22	24694	15
22	24695	15
22	24696	15
22	24697	15
22	24698	15
22	24699	15
22	24700	15
22	24701	15
22	24702	16
22	24703	18
22	24704	18
22	24705	18
22	24706	18
22	24707	18
22	24708	18
22	24709	17
22	24710	16
22	24711	16
22	24712	16
22	24713	16
22	24714	16
22	24715	16
22	24716	18
22	24717	18
22	24718	18
22	24719	18
22	24720	18
22	24721	18
22	24722	17
22	24723	16
22	24724	15
22	24725	16
22	24726	16
22	24727	15
22	24728	15
22	24729	16
22	24730	16
22	24731	16
22	24732	16
22	24733	17
22	24734	16
22	24735	16
22	24736	16
22	24737	16
22	24738	16
22	24739	16
22	24740	16
22	24741	16
22	24742	16
22	24743	16
22	24744	16
22	24745	15
22	24746	14
22	24747	14
22	24748	14
22	24749	14
22	24750	13
22	24751	13
22	24752	14
22	24753	14
22	24754	14
22	24755	12
22	24756	11
22	24757	11
22	24758	11
22	24759	11
22	24760	10
22	24761	12
22	24762	12
22	24763	12
22	24764	12
22	24765	13
22	24766	13
22	24767	13
22	24768	13
22	24769	13
22	24770	13
22	24771	13
22	24772	13
22	24773	14
22	24774	16
22	24775	15
22	24776	15
22	24777	16
22	24778	16
22	24779	16
22	24780	15
22	24781	15
22	24782	15
22	24783	15
22	24784	15
22	24785	16
22	24786	16
22	24787	16
22	24788	16
22	24789	16
22	24790	15
22	24791	15
22	24792	15
22	24793	15
22	24794	14
22	24795	14
22	24796	14
22	24797	14
22	24798	13
22	24799	14
22	24800	13
22	24801	13
22	24802	13
22	24803	13
22	24804	13
22	24805	14
22	24806	14
22	24807	15
22	24808	15
22	24809	15
22	24810	15
22	24811	15
22	24812	16
22	24813	17
22	24814	17
22	24815	18
22	24816	18
22	24817	18
22	24818	18
22	24819	19
22	24820	19
22	24821	18
22	24822	18
22	24823	18
22	24824	19
22	24825	20
22	24826	20
22	24827	19
22	24828	19
22	24829	19
22	24830	18
22	24831	16
22	24832	15
22	24833	14
22	24834	14
22	24835	15
22	24836	15
22	24837	15
22	24838	15
22	24839	15
22	24840	15
22	24841	15
22	24842	16
22	24843	16
22	24844	18
22	24845	18
22	24846	18
22	24847	18
22	24848	18
22	24849	18
22	24850	19
22	24851	19
22	24852	19
22	24853	19
22	24854	19
22	24855	19
22	24856	19
22	24857	19
22	24858	19
22	24859	19
22	24860	19
22	24861	19
22	24862	21
22	24863	21
22	24864	21
22	24865	21
22	24866	22
22	24867	22
22	24868	22
22	24869	22
22	24870	22
22	24871	22
22	24872	22
22	24873	21
22	24874	21
22	24875	21
22	24876	22
22	24877	22
22	24878	23
22	24879	23
22	24880	22
22	24881	21
22	24882	21
22	24883	20
22	24884	20
22	24885	20
22	24886	19
22	24887	18
22	24888	18
22	24889	17
22	24890	17
22	24891	17
22	24892	17
22	24893	18
22	24894	18
22	24895	18
22	24896	18
22	24897	18
22	24898	18
22	24899	17
22	24900	15
22	24901	15
22	24902	15
22	24903	17
22	24904	17
22	24905	16
22	24906	15
22	24907	14
22	24908	14
22	24909	15
22	24910	15
22	24911	15
22	24912	15
22	24913	15
22	24914	15
22	24915	15
22	24916	16
22	24917	16
22	24918	16
22	24919	17
22	24920	17
22	24921	17
22	24922	18
22	24923	18
22	24924	17
22	24925	17
22	24926	15
22	24927	15
22	24928	15
22	24929	15
22	24930	15
22	24931	14
22	24932	14
22	24933	14
22	24934	16
22	24935	16
22	24936	16
22	24937	17
22	24938	17
22	24939	17
22	24940	17
22	24941	17
22	24942	17
22	24943	17
22	24944	17
22	24945	19
22	24946	19
22	24947	19
22	24948	19
22	24949	18
22	24950	18
22	24951	18
22	24952	18
22	24953	18
22	24954	17
22	24955	17
22	24956	17
22	24957	17
22	24958	17
22	24959	17
22	24960	18
22	24961	19
22	24962	19
22	24963	19
22	24964	19
22	24965	20
22	24966	19
22	24967	18
22	24968	18
22	24969	18
22	24970	18
22	24971	18
22	24972	18
22	24973	18
22	24974	18
22	24975	18
22	24976	18
22	24977	18
22	24978	19
22	24979	19
22	24980	19
22	24981	20
22	24982	20
22	24983	21
22	24984	20
22	24985	20
22	24986	20
22	24987	20
22	24988	19
22	24989	20
22	24990	20
22	24991	20
22	24992	20
22	24993	20
22	24994	18
22	24995	18
22	24996	18
22	24997	18
22	24998	18
22	24999	18
22	25000	18
22	25001	16
22	25002	16
22	25003	16
22	25004	16
22	25005	15
22	25006	15
22	25007	17
22	25008	17
22	25009	17
22	25010	15
22	25011	14
22	25012	15
22	25013	15
22	25014	15
22	25015	15
22	25016	15
22	25017	15
22	25018	15
22	25019	15
22	25020	15
22	25021	15
22	25022	14
22	25023	14
22	25024	14
22	25025	14
22	25026	14
22	25027	14
22	25028	14
22	25029	14
22	25030	14
22	25031	14
22	25032	13
22	25033	12
22	25034	12
22	25035	12
22	25036	11
22	25037	11
22	25038	11
22	25039	11
22	25040	11
22	25041	10
22	25042	10
22	25043	10
22	25044	11
22	25045	11
22	25046	11
22	25047	11
22	25048	11
22	25049	11
22	25050	11
22	25051	10
22	25052	10
22	25053	11
22	25054	10
22	25055	9
22	25056	9
22	25057	9
22	25058	9
22	25059	9
22	25060	8
22	25061	8
22	25062	8
22	25063	8
22	25064	8
22	25065	8
22	25066	7
22	25067	7
22	25068	7
22	25069	7
22	25070	7
22	25071	7
22	25072	7
22	25073	7
22	25074	7
22	25075	6
22	25076	5
22	25077	5
22	25078	5
22	25079	5
22	25080	5
22	25081	5
22	25082	4
22	25083	3
22	25084	3
22	25085	3
22	25086	3
22	25087	2
22	25088	2
22	25089	2
22	25090	2
22	25091	2
22	25092	2
22	25093	1
22	25094	1
22	25095	1
22	25096	1
22	25097	1
22	25098	1
22	25099	1
22	25100	1
22	25101	1
22	25102	1
22	25103	1
22	25104	1
22	25105	1
22	25106	1
22	25107	1
22	25118	1
22	25119	1
22	25120	1
22	25121	2
22	25122	2
22	25123	2
22	25124	2
22	25125	2
22	25126	2
22	25127	2
22	25128	3
22	25129	3
22	25130	3
22	25131	3
22	25132	3
22	25133	4
22	25134	4
22	25135	5
22	25136	5
22	25137	5
22	25138	5
22	25139	5
22	25140	5
22	25141	5
22	25142	5
22	25143	6
22	25144	6
22	25145	6
22	25146	7
22	25147	7
22	25148	7
22	25149	7
22	25150	7
22	25151	7
22	25152	7
22	25153	7
22	25154	7
22	25155	7
22	25156	7
22	25157	7
22	25158	7
22	25159	7
22	25160	7
22	25161	7
22	25162	7
22	25163	7
22	25164	7
22	25165	7
22	25166	7
22	25167	8
22	25168	8
22	25169	8
22	25170	9
22	25171	9
22	25172	9
22	25173	9
22	25174	9
22	25175	9
22	25176	9
22	25177	9
22	25178	9
22	25179	9
22	25180	9
22	25181	10
22	25182	10
22	25183	10
22	25184	11
22	25185	11
22	25186	12
22	25187	12
22	25188	12
22	25189	12
22	25190	12
22	25191	12
22	25192	13
22	25193	13
22	25194	12
22	25195	12
22	25196	12
22	25197	12
22	25198	13
22	25199	14
22	25200	14
22	25201	15
22	25202	15
22	25203	14
22	25204	14
22	25205	15
22	25206	16
22	25207	16
22	25208	16
22	25209	17
22	25210	17
22	25211	17
22	25212	17
22	25213	17
22	25214	17
22	25215	16
22	25216	15
22	25217	15
22	25218	15
22	25219	15
22	25220	15
22	25221	15
22	25222	16
22	25223	16
22	25224	16
22	25225	17
22	25226	17
22	25227	17
22	25228	17
22	25229	17
22	25230	17
22	25231	18
22	25232	19
22	25233	20
22	25234	20
22	25235	20
22	25236	20
22	25237	22
22	25238	21
22	25239	21
22	25240	21
22	25241	22
22	25242	22
22	25243	21
22	25244	21
22	25245	23
22	25246	23
22	25247	22
22	25248	21
22	25249	21
22	25250	21
22	25251	21
22	25252	20
22	25253	20
22	25254	19
22	25255	19
22	25256	20
22	25257	19
22	25258	19
22	25259	19
22	25260	19
22	25261	19
22	25262	19
22	25263	19
22	25264	19
22	25265	19
22	25266	19
22	25267	18
22	25268	18
22	25269	17
22	25270	17
22	25271	17
22	25272	17
22	25273	17
22	25274	16
22	25275	15
22	25276	15
22	25277	14
22	25278	14
22	25279	15
22	25280	15
22	25281	14
22	25282	14
22	25283	14
22	25284	14
22	25285	14
22	25286	14
22	25287	14
22	25288	14
22	25289	14
22	25290	15
22	25291	15
22	25292	15
22	25293	15
22	25294	14
22	25295	14
22	25296	15
22	25297	15
22	25298	15
22	25299	15
22	25300	15
22	25301	15
22	25302	14
22	25303	14
22	25304	14
22	25305	14
22	25306	14
22	25307	13
22	25308	13
22	25309	12
22	25310	12
22	25311	12
22	25312	13
22	25313	13
22	25314	13
22	25315	13
22	25316	12
22	25317	11
22	25318	11
22	25319	10
22	25320	10
22	25321	9
22	25322	9
22	25323	9
22	25324	9
22	25325	9
22	25326	10
22	25327	10
22	25328	10
22	25329	10
22	25330	10
22	25331	10
22	25332	10
22	25333	12
22	25334	12
22	25335	12
22	25336	12
22	25337	13
22	25338	13
22	25339	13
22	25340	13
22	25341	13
22	25342	13
22	25343	13
22	25344	13
22	25345	13
22	25346	11
22	25347	11
22	25348	11
22	25349	11
22	25350	11
22	25351	10
22	25352	10
22	25353	10
22	25354	10
22	25355	10
22	25356	10
22	25357	10
22	25358	11
22	25359	11
22	25360	9
22	25361	9
22	25362	9
22	25363	9
22	25364	9
22	25365	9
22	25366	9
22	25367	8
22	25368	8
22	25369	8
22	25370	7
22	25371	7
22	25372	6
22	25373	7
22	25374	6
22	25375	6
22	25376	6
22	25377	6
22	25378	6
22	25379	6
22	25380	6
22	25381	6
22	25382	7
22	25383	7
22	25384	7
22	25385	7
22	25386	7
22	25387	7
22	25388	7
22	25389	8
22	25390	8
22	25391	8
22	25392	8
22	25393	9
22	25394	8
22	25395	8
22	25396	8
22	25397	8
22	25398	8
22	25399	8
22	25400	8
22	25401	8
22	25402	8
22	25403	8
22	25404	7
22	25405	6
22	25406	6
22	25407	6
22	25408	7
22	25409	7
22	25410	7
22	25411	8
22	25412	8
22	25413	8
22	25414	8
22	25415	8
22	25416	8
22	25417	8
22	25418	8
22	25419	8
22	25420	8
22	25421	8
22	25422	8
22	25423	8
22	25424	8
22	25425	8
22	25426	8
22	25427	8
22	25428	8
22	25429	8
22	25430	7
22	25431	7
22	25432	7
22	25433	7
22	25434	7
22	25435	7
22	25436	8
22	25437	8
22	25438	8
22	25439	8
22	25440	8
22	25441	8
22	25442	8
22	25443	8
22	25444	8
22	25445	8
22	25446	7
22	25447	7
22	25448	7
22	25449	7
22	25450	7
22	25451	7
22	25452	7
22	25453	7
22	25454	7
22	25455	8
22	25456	8
22	25457	8
22	25458	8
22	25459	8
22	25460	8
22	25461	7
22	25462	7
22	25463	7
22	25464	7
22	25465	7
22	25466	7
22	25467	7
22	25468	7
22	25469	5
22	25470	6
22	25471	6
22	25472	6
22	25473	5
22	25474	5
22	25475	5
22	25476	5
22	25477	5
22	25478	5
22	25479	5
22	25480	5
22	25481	5
22	25482	6
22	25483	5
22	25484	5
22	25485	6
22	25486	6
22	25487	6
22	25488	6
22	25489	7
22	25490	7
22	25491	9
22	25492	9
22	25493	9
22	25494	9
22	25495	10
22	25496	10
22	25497	10
22	25498	10
22	25499	10
22	25500	12
22	25501	12
22	25502	12
22	25503	12
22	25504	11
22	25505	11
22	25506	14
22	25507	14
22	25508	16
22	25509	16
22	25510	16
22	25511	17
22	25512	17
22	25513	17
22	25514	17
22	25515	17
22	25516	17
22	25517	17
22	25518	17
22	25519	18
22	25520	18
22	25521	18
22	25522	19
22	25523	19
22	25524	19
22	25525	18
22	25526	18
22	25527	18
22	25528	18
22	25529	18
22	25530	18
22	25531	18
22	25532	18
22	25533	18
22	25534	17
22	25535	17
22	25536	17
22	25537	17
22	25538	17
22	25539	17
22	25540	17
22	25541	17
22	25542	19
22	25543	20
22	25544	19
22	25545	19
22	25546	19
22	25547	19
22	25548	18
22	25549	19
22	25550	20
22	25551	20
22	25552	20
22	25553	20
22	25554	20
22	25555	20
22	25556	20
22	25557	19
22	25558	20
22	25559	21
22	25560	17
22	25561	17
22	25562	17
22	25563	19
22	25564	19
22	25565	19
22	25566	20
22	25567	20
22	25568	20
22	25569	20
22	25570	20
22	25571	20
22	25572	21
22	25573	21
22	25574	21
22	25575	21
22	25576	22
22	25577	22
22	25578	22
22	25579	20
22	25580	20
22	25581	20
22	25582	20
22	25583	20
22	25584	19
22	25585	19
22	25586	20
22	25587	21
22	25588	21
22	25589	20
22	25590	20
22	25591	20
22	25592	20
22	25593	20
22	25594	20
22	25595	19
22	25596	19
22	25597	18
22	25598	18
22	25599	19
22	25600	19
22	25601	19
22	25602	19
22	25603	20
22	25604	20
22	25605	19
22	25606	20
22	25607	21
22	25608	21
22	25609	21
22	25610	21
22	25611	21
22	25612	21
22	25613	21
22	25614	20
22	25615	20
22	25616	20
22	25617	18
22	25618	17
22	25619	16
22	25620	16
22	25621	16
22	25622	16
22	25623	17
22	25624	17
22	25625	16
22	25626	17
22	25627	18
22	25628	18
22	25629	18
22	25630	18
22	25631	18
22	25632	18
22	25633	18
22	25634	17
22	25635	17
22	25636	18
22	25637	18
22	25638	18
22	25639	19
22	25640	19
22	25641	19
22	25642	17
22	25643	16
22	25644	16
22	25645	16
22	25646	16
22	25647	17
22	25648	17
22	25649	17
22	25650	17
22	25651	17
22	25652	18
22	25653	17
22	25654	17
22	25655	16
22	25656	17
22	25657	17
22	25658	16
22	25659	16
22	25660	15
22	25661	15
22	25662	15
22	25663	14
22	25664	14
22	25665	14
22	25666	14
22	25667	14
22	25668	14
22	25669	15
22	25670	15
22	25671	16
22	25672	17
22	25673	17
22	25674	17
22	25675	16
22	25676	16
22	25677	16
22	25678	16
22	25679	15
22	25680	15
22	25681	15
22	25682	15
22	25683	15
22	25684	15
22	25685	15
22	25686	16
22	25687	17
22	25688	18
22	25689	18
22	25690	17
22	25691	17
22	25692	17
22	25693	18
22	25694	19
22	25695	19
22	25696	19
22	25697	20
22	25698	18
22	25699	16
22	25700	16
22	25701	16
22	25702	16
22	25703	16
22	25704	16
22	25705	16
22	25706	15
22	25707	15
22	25708	16
22	25709	16
22	25710	14
22	25711	14
22	25712	14
22	25713	14
22	25714	14
22	25715	14
22	25716	14
22	25717	14
22	25718	14
22	25719	14
22	25720	14
22	25721	15
22	25722	15
22	25723	14
22	25724	14
22	25725	15
22	25726	15
22	25727	15
22	25728	15
22	25729	15
22	25730	15
22	25731	15
22	25732	16
22	25733	16
22	25734	16
22	25735	15
22	25736	15
22	25737	15
22	25738	16
22	25739	16
22	25740	16
22	25741	16
22	25742	16
22	25743	16
22	25744	16
22	25745	16
22	25746	15
22	25747	15
22	25748	17
22	25749	17
22	25750	17
22	25751	16
22	25752	15
22	25753	15
22	25754	15
22	25755	15
22	25756	16
22	25757	16
22	25758	17
22	25759	17
22	25760	17
22	25761	18
22	25762	17
22	25763	17
22	25764	17
22	25765	17
22	25766	17
22	25767	17
22	25768	17
22	25769	17
22	25770	17
22	25771	18
22	25772	18
22	25773	18
22	25774	18
22	25775	19
22	25776	18
22	25777	18
22	25778	19
22	25779	18
22	25780	18
22	25781	17
22	25782	17
22	25783	17
22	25784	17
22	25785	17
22	25786	17
22	25787	17
22	25788	17
22	25789	17
22	25790	17
22	25791	18
22	25792	18
22	25793	18
22	25794	19
22	25795	19
22	25796	20
22	25797	19
22	25798	19
22	25799	20
22	25800	20
22	25801	18
22	25802	18
22	25803	18
22	25804	18
22	25805	17
22	25806	16
22	25807	16
22	25808	17
22	25809	17
22	25810	16
22	25811	16
22	25812	16
22	25813	16
22	25814	16
22	25815	16
22	25816	16
22	25817	16
22	25818	16
22	25819	16
22	25820	18
22	25821	18
22	25822	18
22	25823	18
22	25824	18
22	25825	17
22	25826	17
22	25827	17
22	25828	17
22	25829	15
22	25830	14
22	25831	14
22	25832	14
22	25833	15
22	25834	15
22	25835	16
22	25836	16
22	25837	17
22	25838	17
22	25839	17
22	25840	18
22	25841	17
22	25842	18
22	25843	18
22	25844	20
22	25845	20
22	25846	21
22	25847	19
22	25848	19
22	25849	19
22	25850	19
22	25851	18
22	25852	18
22	25853	18
22	25854	18
22	25855	18
22	25856	18
22	25857	18
22	25858	18
22	25859	18
22	25860	19
22	25861	20
22	25862	20
22	25863	20
22	25864	20
22	25865	20
22	25866	20
22	25867	20
22	25868	19
22	25869	19
22	25870	19
22	25871	19
22	25872	21
22	25873	21
22	25874	21
22	25875	22
22	25876	22
22	25877	22
22	25878	23
22	25879	24
22	25880	25
22	25881	25
22	25882	25
22	25883	25
22	25884	25
22	25885	26
22	25886	26
22	25887	26
22	25888	26
22	25889	26
22	25890	26
22	25891	24
22	25892	24
22	25893	23
22	25894	23
22	25895	24
22	25896	24
22	25897	23
22	25898	22
22	25899	21
22	25900	21
22	25901	22
22	25902	21
22	25903	22
22	25904	20
22	25905	20
22	25906	20
22	25907	20
22	25908	21
22	25909	21
22	25910	20
22	25911	20
22	25912	21
22	25913	21
22	25914	22
22	25915	21
22	25916	21
22	25917	21
22	25918	21
22	25919	20
22	25920	20
22	25921	20
22	25922	20
22	25923	20
22	25924	18
22	25925	18
22	25926	18
22	25927	18
22	25928	17
22	25929	16
22	25930	16
22	25931	15
22	25932	15
22	25933	15
22	25934	15
22	25935	15
22	25936	15
22	25937	15
22	25938	15
22	25939	15
22	25940	16
22	25941	16
22	25942	14
22	25943	14
22	25944	14
22	25945	16
22	25946	17
22	25947	17
22	25948	17
22	25949	17
22	25950	17
22	25951	17
22	25952	17
22	25953	17
22	25954	16
22	25955	16
22	25956	17
22	25957	17
22	25958	17
22	25959	17
22	25960	17
22	25961	17
22	25962	17
22	25963	17
22	25964	17
22	25965	17
22	25966	16
22	25967	16
22	25968	16
22	25969	16
22	25970	16
22	25971	17
22	25972	16
22	25973	16
22	25974	16
22	25975	16
22	25976	17
22	25977	17
22	25978	18
22	25979	17
22	25980	17
22	25981	18
22	25982	18
22	25983	19
22	25984	18
22	25985	18
22	25986	18
22	25987	19
22	25988	18
22	25989	18
22	25990	18
22	25991	17
22	25992	17
22	25993	17
22	25994	17
22	25995	17
22	25996	17
22	25997	17
22	25998	17
22	25999	17
22	26000	17
22	26001	18
22	26002	18
22	26003	18
22	26004	18
22	26005	18
22	26006	18
22	26007	18
22	26008	18
22	26009	17
22	26010	15
22	26011	14
22	26012	14
22	26013	13
22	26014	13
22	26015	13
22	26016	13
22	26017	14
22	26018	13
22	26019	13
22	26020	13
22	26021	14
22	26022	14
22	26023	14
22	26024	14
22	26025	14
22	26026	14
22	26027	14
22	26028	14
22	26029	13
22	26030	13
22	26031	13
22	26032	13
22	26033	13
22	26034	14
22	26035	15
22	26036	15
22	26037	16
22	26038	15
22	26039	14
22	26040	14
22	26041	15
22	26042	14
22	26043	14
22	26044	14
22	26045	14
22	26046	14
22	26047	15
22	26048	15
22	26049	15
22	26050	15
22	26051	15
22	26052	15
22	26053	14
22	26054	14
22	26055	14
22	26056	14
22	26057	14
22	26058	14
22	26059	14
22	26060	14
22	26061	14
22	26062	14
22	26063	13
22	26064	13
22	26065	14
22	26066	14
22	26067	15
22	26068	15
22	26069	15
22	26070	15
22	26071	15
22	26072	15
22	26073	15
22	26074	15
22	26075	14
22	26076	14
22	26077	14
22	26078	14
22	26079	13
22	26080	13
22	26081	13
22	26082	13
22	26083	13
22	26084	13
22	26085	13
22	26086	13
22	26087	13
22	26088	13
22	26089	13
22	26090	13
22	26091	13
22	26092	13
22	26093	13
22	26094	13
22	26095	13
22	26096	13
22	26097	13
22	26098	13
22	26099	13
22	26100	13
22	26101	11
22	26102	12
22	26103	12
22	26104	11
22	26105	11
22	26106	12
22	26107	13
22	26108	13
22	26109	13
22	26110	13
22	26111	13
22	26112	14
22	26113	13
22	26114	13
22	26115	13
22	26116	13
22	26117	13
22	26118	13
22	26119	13
22	26120	13
22	26121	13
22	26122	13
22	26123	13
22	26124	13
22	26125	13
22	26126	13
22	26127	13
22	26128	14
22	26129	14
22	26130	14
22	26131	15
22	26132	14
22	26133	14
22	26134	15
22	26135	14
22	26136	15
22	26137	15
22	26138	15
22	26139	15
22	26140	15
22	26141	15
22	26142	15
22	26143	15
22	26144	15
22	26145	15
22	26146	15
22	26147	15
22	26148	15
22	26149	15
22	26150	15
22	26151	15
22	26152	16
22	26153	17
22	26154	17
22	26155	17
22	26156	17
22	26157	17
22	26158	17
22	26159	17
22	26160	17
22	26161	17
22	26162	17
22	26163	17
22	26164	17
22	26165	17
22	26166	17
22	26167	17
22	26168	17
22	26169	18
22	26170	18
22	26171	18
22	26172	18
22	26173	17
22	26174	17
22	26175	17
22	26176	17
22	26177	16
22	26178	16
22	26179	16
22	26180	16
22	26181	16
22	26182	16
22	26183	16
22	26184	16
22	26185	16
22	26186	16
22	26187	15
22	26188	15
22	26189	15
22	26190	15
22	26191	16
22	26192	16
22	26193	16
22	26194	15
22	26195	15
22	26196	15
22	26197	16
22	26198	15
22	26199	15
22	26200	15
22	26201	15
22	26202	15
22	26203	15
22	26204	15
22	26205	15
22	26206	15
22	26207	15
22	26208	15
22	26209	13
22	26210	13
22	26211	13
22	26212	14
22	26213	14
22	26214	14
22	26215	15
22	26216	15
22	26217	16
22	26218	17
22	26219	18
22	26220	18
22	26221	18
22	26222	18
22	26223	18
22	26224	17
22	26225	16
22	26226	16
22	26227	16
22	26228	16
22	26229	16
22	26230	15
22	26231	15
22	26232	15
22	26233	15
22	26234	15
22	26235	15
22	26236	14
22	26237	14
22	26238	14
22	26239	14
22	26240	14
22	26241	14
22	26242	14
22	26243	14
22	26244	14
22	26245	14
22	26246	14
22	26247	16
22	26248	16
22	26249	16
22	26250	17
22	26251	18
22	26252	18
22	26253	18
22	26254	20
22	26255	21
22	26256	20
22	26257	20
22	26258	20
22	26259	21
22	26260	21
22	26261	21
22	26262	21
22	26263	21
22	26264	20
22	26265	20
22	26266	20
22	26267	19
22	26268	19
22	26269	18
22	26270	18
22	26271	18
22	26272	18
22	26273	19
22	26274	20
22	26275	20
22	26276	20
22	26277	20
22	26278	20
22	26279	20
22	26280	20
22	26281	20
22	26282	19
22	26283	19
22	26284	19
22	26285	19
22	26286	19
22	26287	19
22	26288	19
22	26289	19
22	26290	19
22	26291	19
22	26292	19
22	26293	17
22	26294	16
22	26295	16
22	26296	15
22	26297	15
22	26298	15
22	26299	16
22	26300	15
22	26301	15
22	26302	15
22	26303	15
22	26304	14
22	26305	14
22	26306	14
22	26307	15
22	26308	16
22	26309	16
22	26310	16
22	26311	17
22	26312	17
22	26313	17
22	26314	17
22	26315	17
22	26316	17
22	26317	17
22	26318	17
22	26319	18
22	26320	18
22	26321	18
22	26322	18
22	26323	19
22	26324	20
22	26325	20
22	26326	20
22	26327	20
22	26328	20
22	26329	20
22	26330	20
22	26331	20
22	26332	20
22	26333	19
22	26334	19
22	26335	18
22	26336	18
22	26337	18
22	26338	17
22	26339	17
22	26340	17
22	26341	17
22	26342	17
22	26343	18
22	26344	19
22	26345	19
22	26346	19
22	26347	19
22	26348	19
22	26349	19
22	26350	18
22	26351	18
22	26352	18
22	26353	17
22	26354	17
22	26355	17
22	26356	16
22	26357	16
22	26358	16
22	26359	16
22	26360	14
22	26361	14
22	26362	14
22	26363	13
22	26364	13
22	26365	13
22	26366	12
22	26367	12
22	26368	11
22	26369	10
22	26370	9
22	26371	9
22	26372	9
22	26373	9
22	26374	9
22	26375	8
22	26376	8
22	26377	8
22	26378	7
22	26379	7
22	26380	7
22	26381	7
22	26382	7
22	26383	6
22	26384	6
22	26385	5
22	26386	5
22	26387	5
22	26388	5
22	26389	5
22	26390	5
22	26391	5
22	26392	6
22	26393	5
22	26394	5
22	26395	5
22	26396	6
22	26397	6
22	26398	6
22	26399	6
22	26400	6
22	26401	6
22	26402	6
22	26403	7
22	26404	7
22	26405	6
22	26406	6
22	26407	6
22	26408	6
22	26409	6
22	26410	6
22	26411	6
22	26412	6
22	26413	6
22	26414	6
22	26415	6
22	26416	5
22	26417	5
22	26418	6
22	26419	6
22	26420	6
22	26421	6
22	26422	6
22	26423	7
22	26424	7
22	26425	8
22	26426	8
22	26427	8
22	26428	8
22	26429	8
22	26430	8
22	26431	9
22	26432	9
22	26433	9
22	26434	9
22	26435	9
22	26436	9
22	26437	9
22	26438	9
22	26439	9
22	26440	9
22	26441	8
22	26442	9
22	26443	9
22	26444	9
22	26445	9
22	26446	9
22	26447	9
22	26448	9
22	26449	9
22	26450	9
22	26451	9
22	26452	9
22	26453	10
22	26454	10
22	26455	12
22	26456	12
22	26457	12
22	26458	13
22	26459	13
22	26460	13
22	26461	12
22	26462	12
22	26463	12
22	26464	13
22	26465	13
22	26466	14
22	26467	14
22	26468	14
22	26469	14
22	26470	14
22	26471	14
22	26472	14
22	26473	13
22	26474	13
22	26475	14
22	26476	14
22	26477	14
22	26478	14
22	26479	13
22	26480	13
22	26481	13
22	26482	13
22	26483	13
22	26484	13
22	26485	13
22	26486	13
22	26487	13
22	26488	13
22	26489	13
22	26490	13
22	26491	12
22	26492	13
22	26493	14
22	26494	14
22	26495	14
22	26496	14
22	26497	14
22	26498	14
22	26499	14
22	26500	14
22	26501	14
22	26502	14
22	26503	16
22	26504	15
22	26505	15
22	26506	15
22	26507	13
22	26508	12
22	26509	12
22	26510	11
22	26511	11
22	26512	12
22	26513	12
22	26514	12
22	26515	11
22	26516	11
22	26517	11
22	26518	10
22	26519	11
22	26520	11
22	26521	11
22	26522	11
22	26523	12
22	26524	11
22	26525	11
22	26526	11
22	26527	12
22	26528	12
22	26529	12
22	26530	12
22	26531	12
22	26532	12
22	26533	12
22	26534	12
22	26535	12
22	26536	12
22	26537	12
22	26538	12
22	26539	11
22	26540	11
22	26541	10
22	26542	10
22	26543	10
22	26544	10
22	26545	12
22	26546	12
22	26547	13
22	26548	12
22	26549	13
22	26550	15
22	26551	15
22	26552	15
22	26553	15
22	26554	14
22	26555	14
22	26556	15
22	26557	16
22	26558	16
22	26559	18
22	26560	17
22	26561	17
22	26562	18
22	26563	18
22	26564	19
22	26565	19
22	26566	20
22	26567	22
22	26568	22
22	26569	22
22	26570	22
22	26571	22
22	26572	22
22	26573	22
22	26574	23
22	26575	24
22	26576	25
22	26577	27
22	26578	27
22	26579	27
22	26580	27
22	26581	28
22	26582	29
22	26583	28
22	26584	28
22	26585	28
22	26586	28
22	26587	28
22	26588	28
22	26589	28
22	26590	28
22	26591	28
22	26592	28
22	26593	28
22	26594	28
22	26595	28
22	26596	28
22	26597	28
22	26598	29
22	26599	29
22	26600	29
22	26601	29
22	26602	28
22	26603	28
22	26604	28
22	26605	29
22	26606	28
22	26607	28
22	26608	27
22	26609	27
22	26610	27
22	26611	26
22	26612	25
22	26613	25
22	26614	22
22	26615	22
22	26616	22
22	26617	22
22	26618	22
22	26619	23
22	26620	24
22	26621	23
22	26622	23
22	26623	22
22	26624	22
22	26625	22
22	26626	22
22	26627	22
22	26628	21
22	26629	20
22	26630	20
22	26631	20
22	26632	18
22	26633	18
22	26634	18
22	26635	18
22	26636	18
22	26637	18
22	26638	18
22	26639	19
22	26640	19
22	26641	19
22	26642	20
22	26643	20
22	26644	21
22	26645	19
22	26646	19
22	26647	19
22	26648	18
22	26649	18
22	26650	17
22	26651	17
22	26652	17
22	26653	17
22	26654	17
22	26655	17
22	26656	18
22	26657	18
22	26658	17
22	26659	16
22	26660	15
22	26661	15
22	26662	15
22	26663	15
22	26664	13
22	26665	13
22	26666	13
22	26667	13
22	26668	13
22	26669	13
22	26670	14
22	26671	14
22	26672	15
22	26673	16
22	26674	16
22	26675	16
22	26676	17
22	26677	15
22	26678	16
22	26679	16
22	26680	16
22	26681	18
22	26682	18
22	26683	18
22	26684	17
22	26685	16
22	26686	16
22	26687	16
22	26688	16
22	26689	17
22	26690	17
22	26691	17
22	26692	16
22	26693	16
22	26694	16
22	26695	16
22	26696	16
22	26697	16
22	26698	16
22	26699	16
22	26700	16
22	26701	16
22	26702	16
22	26703	17
22	26704	18
22	26705	18
22	26706	18
22	26707	19
22	26708	20
22	26709	20
22	26710	20
22	26711	20
22	26712	20
22	26713	21
22	26714	21
22	26715	21
22	26716	21
22	26717	21
22	26718	21
22	26719	21
22	26720	22
22	26721	22
22	26722	22
22	26723	22
22	26724	22
22	26725	23
22	26726	21
22	26727	21
22	26728	21
22	26729	21
22	26730	21
22	26731	21
22	26732	23
22	26733	23
22	26734	22
22	26735	22
22	26736	22
22	26737	22
22	26738	22
22	26739	22
22	26740	21
22	26741	21
22	26742	21
22	26743	22
22	26744	22
22	26745	23
22	26746	22
22	26747	22
22	26748	20
22	26749	20
22	26750	20
22	26751	20
22	26752	19
22	26753	19
22	26754	19
22	26755	19
22	26756	17
22	26757	17
22	26758	17
22	26759	15
22	26760	15
22	26761	15
22	26762	15
22	26763	16
22	26764	16
22	26765	15
22	26766	15
22	26767	14
22	26768	14
22	26769	14
22	26770	14
22	26771	14
22	26772	14
22	26773	14
22	26774	14
22	26775	14
22	26776	14
22	26777	14
22	26778	14
22	26779	14
22	26780	14
22	26781	14
22	26782	15
22	26783	16
22	26784	16
22	26785	16
22	26786	16
22	26787	16
22	26788	16
22	26789	17
22	26790	17
22	26791	17
22	26792	18
22	26793	18
22	26794	18
22	26795	18
22	26796	18
22	26797	18
22	26798	18
22	26799	17
22	26800	16
22	26801	16
22	26802	15
22	26803	16
22	26804	17
22	26805	18
22	26806	17
22	26807	17
22	26808	17
22	26809	16
22	26810	16
22	26811	16
22	26812	17
22	26813	17
22	26814	17
22	26815	17
22	26816	15
22	26817	15
22	26818	15
22	26819	13
22	26820	13
22	26821	13
22	26822	13
22	26823	13
22	26824	13
22	26825	13
22	26826	13
22	26827	14
22	26828	14
22	26829	14
22	26830	14
22	26831	14
22	26832	14
22	26833	15
22	26834	15
22	26835	15
22	26836	15
22	26837	16
22	26838	16
22	26839	15
22	26840	15
22	26841	15
22	26842	15
22	26843	15
22	26844	15
22	26845	16
22	26846	16
22	26847	17
22	26848	18
22	26849	18
22	26850	18
22	26851	19
22	26852	19
22	26853	18
22	26854	18
22	26855	19
22	26856	19
22	26857	20
22	26858	20
22	26859	20
22	26860	20
22	26861	20
22	26862	20
22	26863	21
22	26864	19
22	26865	19
22	26866	19
22	26867	20
22	26868	20
22	26869	20
22	26870	21
22	26871	20
22	26872	20
22	26873	20
22	26874	20
22	26875	19
22	26876	19
22	26877	19
22	26878	19
22	26879	19
22	26880	19
22	26881	19
22	26882	20
22	26883	20
22	26884	20
22	26885	20
22	26886	20
22	26887	19
22	26888	19
22	26889	19
22	26890	19
22	26891	19
22	26892	19
22	26893	19
22	26894	19
22	26895	19
22	26896	19
22	26897	19
22	26898	19
22	26899	21
22	26900	21
22	26901	21
22	26902	21
22	26903	21
22	26904	21
22	26905	21
22	26906	20
22	26907	20
22	26908	20
22	26909	20
22	26910	19
22	26911	19
22	26912	19
22	26913	19
22	26914	19
22	26915	19
22	26916	19
22	26917	18
22	26918	18
22	26919	18
22	26920	18
22	26921	18
22	26922	18
22	26923	17
22	26924	17
22	26925	17
22	26926	16
22	26927	15
22	26928	15
22	26929	15
22	26930	15
22	26931	15
22	26932	14
22	26933	14
22	26934	14
22	26935	14
22	26936	13
22	26937	12
22	26938	12
22	26939	10
22	26940	10
22	26941	9
22	26942	9
22	26943	6
22	26944	5
22	26945	5
22	26946	4
22	26947	4
22	26948	4
22	26949	4
22	26950	6
22	26951	5
22	26952	5
22	26953	5
22	26954	5
22	26955	5
22	26956	5
22	26957	5
22	26958	6
22	26959	6
22	26960	6
22	26961	7
22	26962	7
22	26963	7
22	26964	6
22	26965	6
22	26966	6
22	26967	6
22	26968	7
22	26969	7
22	26970	7
22	26971	7
22	26972	8
22	26973	8
22	26974	8
22	26975	8
22	26976	9
22	26977	10
22	26978	11
22	26979	11
22	26980	11
22	26981	11
22	26982	12
22	26983	12
22	26984	12
22	26985	12
22	26986	12
22	26987	12
22	26988	12
22	26989	12
22	26990	12
22	26991	12
22	26992	12
22	26993	12
22	26994	12
22	26995	12
22	26996	12
22	26997	12
22	26998	11
22	26999	11
22	27000	11
22	27001	12
22	27002	12
22	27003	12
22	27004	12
22	27005	12
22	27006	12
22	27007	12
22	27008	12
22	27009	11
22	27010	11
22	27011	11
22	27012	12
22	27013	12
22	27014	12
22	27015	12
22	27016	12
22	27017	12
22	27018	12
22	27019	12
22	27020	12
22	27021	11
22	27022	11
22	27023	11
22	27024	11
22	27025	12
22	27026	12
22	27027	12
22	27028	12
22	27029	12
22	27030	11
22	27031	10
22	27032	9
22	27033	9
22	27034	9
22	27035	9
22	27036	9
22	27037	9
22	27038	9
22	27039	9
22	27040	9
22	27041	9
22	27042	9
22	27043	9
22	27044	9
22	27045	8
22	27046	8
22	27047	8
22	27048	9
22	27049	10
22	27050	10
22	27051	10
22	27052	11
22	27053	11
22	27054	10
22	27055	10
22	27056	9
22	27057	8
22	27058	7
22	27059	7
22	27060	7
22	27061	7
22	27062	8
22	27063	8
22	27064	7
22	27065	7
22	27066	7
22	27067	7
22	27068	8
22	27069	8
22	27070	8
22	27071	8
22	27072	8
22	27073	8
22	27074	8
22	27075	8
22	27076	7
22	27077	8
22	27078	8
22	27079	8
22	27080	7
22	27081	7
22	27082	7
22	27083	7
22	27084	7
22	27085	7
22	27086	7
22	27087	7
22	27088	6
22	27089	6
22	27090	6
22	27091	6
22	27092	6
22	27093	6
22	27094	6
22	27095	6
22	27096	6
22	27097	6
22	27098	6
22	27099	6
22	27100	6
22	27101	5
22	27102	5
22	27103	5
22	27104	5
22	27105	3
22	27106	3
22	27107	3
22	27108	3
22	27109	3
22	27110	3
22	27111	3
22	27112	3
22	27113	3
22	27114	3
22	27115	3
22	27116	3
22	27117	4
22	27118	4
22	27119	4
22	27120	4
22	27121	6
22	27122	6
22	27123	6
22	27124	6
22	27125	6
22	27126	6
22	27127	6
22	27128	6
22	27129	6
22	27130	6
22	27131	6
22	27132	6
22	27133	7
22	27134	8
22	27135	8
22	27136	8
22	27137	8
22	27138	8
22	27139	8
22	27140	9
22	27141	9
22	27142	9
22	27143	9
22	27144	9
22	27145	9
22	27146	9
22	27147	10
22	27148	11
22	27149	11
22	27150	13
22	27151	13
22	27152	13
22	27153	13
22	27154	13
22	27155	13
22	27156	14
22	27157	15
22	27158	15
22	27159	15
22	27160	15
22	27161	15
22	27162	18
22	27163	19
22	27164	19
22	27165	19
22	27166	19
22	27167	19
22	27168	19
22	27169	19
22	27170	19
22	27171	19
22	27172	19
22	27173	19
22	27174	19
22	27175	19
22	27176	19
22	27177	18
22	27178	17
22	27179	17
22	27180	18
22	27181	18
22	27182	18
22	27183	17
22	27184	17
22	27185	17
22	27186	18
22	27187	18
22	27188	18
22	27189	18
22	27190	19
22	27191	19
22	27192	19
22	27193	20
22	27194	19
22	27195	19
22	27196	19
22	27197	19
22	27198	20
22	27199	21
22	27200	21
22	27201	22
22	27202	22
22	27203	22
22	27204	22
22	27205	22
22	27206	22
22	27207	23
22	27208	23
22	27209	23
22	27210	23
22	27211	24
22	27212	23
22	27213	23
22	27214	23
22	27215	22
22	27216	22
22	27217	22
22	27218	22
22	27219	22
22	27220	20
22	27221	20
22	27222	19
22	27223	20
22	27224	21
22	27225	21
22	27226	21
22	27227	21
22	27228	21
22	27229	21
22	27230	21
22	27231	22
22	27232	22
22	27233	21
22	27234	21
22	27235	20
22	27236	20
22	27237	21
22	27238	21
22	27239	21
22	27240	23
22	27241	23
22	27242	23
22	27243	23
22	27244	23
22	27245	23
22	27246	24
22	27247	24
22	27248	23
22	27249	23
22	27250	23
22	27251	22
22	27252	23
22	27253	23
22	27254	24
22	27255	24
22	27256	24
22	27257	24
22	27258	24
22	27259	23
22	27260	23
22	27261	23
22	27262	23
22	27263	23
22	27264	23
22	27265	22
22	27266	22
22	27267	22
22	27268	22
22	27269	22
22	27270	21
22	27271	20
22	27272	20
22	27273	20
22	27274	20
22	27275	19
22	27276	18
22	27277	18
22	27278	18
22	27279	18
22	27280	17
22	27281	17
22	27282	17
22	27283	17
22	27284	17
22	27285	17
22	27286	16
22	27287	16
22	27288	16
22	27289	16
22	27290	16
22	27291	16
22	27292	16
22	27293	15
22	27294	15
22	27295	15
22	27296	15
22	27297	15
22	27298	15
22	27299	15
22	27300	16
22	27301	17
22	27302	16
22	27303	15
22	27304	15
22	27305	14
22	27306	14
22	27307	14
22	27308	13
22	27309	12
22	27310	12
22	27311	12
22	27312	12
22	27313	13
22	27314	13
22	27315	12
22	27316	11
22	27317	11
22	27318	10
22	27319	10
22	27320	10
22	27321	10
22	27322	10
22	27323	10
22	27324	10
22	27325	10
22	27326	10
22	27327	10
22	27328	11
22	27329	11
22	27330	11
22	27331	11
22	27332	11
22	27333	11
22	27334	11
22	27335	11
22	27336	11
22	27337	11
22	27338	10
22	27339	10
22	27340	11
22	27341	11
22	27342	11
22	27343	11
22	27344	11
22	27345	11
22	27346	11
22	27347	11
22	27348	11
22	27349	11
22	27350	9
22	27351	9
22	27352	10
22	27353	10
22	27354	10
22	27355	10
22	27356	10
22	27357	10
22	27358	10
22	27359	10
22	27360	10
22	27361	10
22	27362	10
22	27363	9
22	27364	9
22	27365	9
22	27366	10
22	27367	10
22	27368	9
22	27369	9
22	27370	9
22	27371	9
22	27372	10
22	27373	11
22	27374	11
22	27375	11
22	27376	10
22	27377	10
22	27378	11
22	27379	12
22	27380	12
22	27381	12
22	27382	12
22	27383	12
22	27384	12
22	27385	12
22	27386	13
22	27387	14
22	27388	14
22	27389	14
22	27390	14
22	27391	13
22	27392	13
22	27393	13
22	27394	13
22	27395	13
22	27396	13
22	27397	13
22	27398	13
22	27399	13
22	27400	13
22	27401	13
22	27402	13
22	27403	13
22	27404	13
22	27405	13
22	27406	13
22	27407	13
22	27408	14
22	27409	14
22	27410	13
22	27411	12
22	27412	12
22	27413	11
22	27414	11
22	27415	11
22	27416	11
22	27417	11
22	27418	10
22	27419	10
22	27420	10
22	27421	10
22	27422	12
22	27423	12
22	27424	11
22	27425	11
22	27426	11
22	27427	11
22	27428	11
22	27429	11
22	27430	11
22	27431	11
22	27432	11
22	27433	10
22	27434	10
22	27435	10
22	27436	10
22	27437	11
22	27438	11
22	27439	11
22	27440	11
22	27441	11
22	27442	12
22	27443	12
22	27444	12
22	27445	10
22	27446	10
22	27447	10
22	27448	10
22	27449	10
22	27450	10
22	27451	10
22	27452	10
22	27453	10
22	27454	10
22	27455	10
22	27456	10
22	27457	10
22	27458	10
22	27459	10
22	27460	10
22	27461	10
22	27462	10
22	27463	8
22	27464	8
22	27465	8
22	27466	8
22	27467	9
22	27468	9
22	27469	10
22	27470	12
22	27471	12
22	27472	12
22	27473	11
22	27474	11
22	27475	11
22	27476	11
22	27477	11
22	27478	11
22	27479	11
22	27480	11
22	27481	11
22	27482	12
22	27483	12
22	27484	12
22	27485	12
22	27486	12
22	27487	13
22	27488	13
22	27489	13
22	27490	13
22	27491	13
22	27492	14
22	27493	14
22	27494	14
22	27495	14
22	27496	14
22	27497	14
22	27498	14
22	27499	13
22	27500	13
22	27501	13
22	27502	13
22	27503	13
22	27504	12
22	27505	12
22	27506	12
22	27507	13
22	27508	14
22	27509	14
22	27510	13
22	27511	13
22	27512	13
22	27513	13
22	27514	12
22	27515	11
22	27516	11
22	27517	11
22	27518	11
22	27519	11
22	27520	11
22	27521	11
22	27522	11
22	27523	11
22	27524	11
22	27525	11
22	27526	10
22	27527	10
22	27528	9
22	27529	9
22	27530	9
22	27531	11
22	27532	8
22	27533	8
22	27534	8
22	27535	8
22	27536	8
22	27537	8
22	27538	8
22	27539	8
22	27540	8
22	27541	8
22	27542	8
22	27543	8
22	27544	8
22	27545	8
22	27546	8
22	27547	8
22	27548	8
22	27549	8
22	27550	9
22	27551	9
22	27552	11
22	27553	11
22	27554	11
22	27555	12
22	27556	12
22	27557	12
22	27558	11
22	27559	11
22	27560	11
22	27561	12
22	27562	12
22	27563	12
22	27564	12
22	27565	13
22	27566	13
22	27567	13
22	27568	13
22	27569	13
22	27570	12
22	27571	12
22	27572	12
22	27573	11
22	27574	11
22	27575	11
22	27576	11
22	27577	11
22	27578	11
22	27579	11
22	27580	11
22	27581	11
22	27582	12
22	27583	12
22	27584	14
22	27585	14
22	27586	14
22	27587	14
22	27588	14
22	27589	14
22	27590	14
22	27591	14
22	27592	14
22	27593	14
22	27594	13
22	27595	13
22	27596	13
22	27597	13
22	27598	14
22	27599	14
22	27600	14
22	27601	14
22	27602	14
22	27603	14
22	27604	14
22	27605	14
22	27606	14
22	27607	14
22	27608	13
22	27609	14
22	27610	15
22	27611	15
22	27612	15
22	27613	15
22	27614	16
22	27615	16
22	27616	16
22	27617	16
22	27618	16
22	27619	16
22	27620	15
22	27621	15
22	27622	15
22	27623	15
22	27624	15
22	27625	14
22	27626	14
22	27627	14
22	27628	13
22	27629	13
22	27630	11
22	27631	11
22	27632	11
22	27633	9
22	27634	9
22	27635	9
22	27636	11
22	27637	10
22	27638	11
22	27639	11
22	27640	13
22	27641	12
22	27642	12
22	27643	12
22	27644	12
22	27645	12
22	27646	12
22	27647	12
22	27648	12
22	27649	12
22	27650	12
22	27651	12
22	27652	12
22	27653	12
22	27654	12
22	27655	12
22	27656	14
22	27657	14
22	27658	14
22	27659	14
22	27660	14
22	27661	14
22	27662	16
22	27663	15
22	27664	15
22	27665	16
22	27666	16
22	27667	15
22	27668	15
22	27669	15
22	27670	15
22	27671	15
22	27672	15
22	27673	15
22	27674	14
22	27675	14
22	27676	14
22	27677	14
22	27678	16
22	27679	16
22	27680	16
22	27681	16
22	27682	17
22	27683	17
22	27684	16
22	27685	16
22	27686	16
22	27687	15
22	27688	15
22	27689	15
22	27690	15
22	27691	15
22	27692	15
22	27693	16
22	27694	16
22	27695	16
22	27696	18
22	27697	18
22	27698	18
22	27699	18
22	27700	19
22	27701	19
22	27702	19
22	27703	19
22	27704	19
22	27705	19
22	27706	20
22	27707	20
22	27708	19
22	27709	19
22	27710	18
22	27711	18
22	27712	18
22	27713	18
22	27714	18
22	27715	18
22	27716	18
22	27717	18
22	27718	18
22	27719	19
22	27720	18
22	27721	18
22	27722	19
22	27723	19
22	27724	20
22	27725	20
22	27726	19
22	27727	19
22	27728	19
22	27729	19
22	27730	19
22	27731	19
22	27732	19
22	27733	20
22	27734	20
22	27735	20
22	27736	20
22	27737	20
22	27738	20
22	27739	20
22	27740	20
22	27741	20
22	27742	19
22	27743	19
22	27744	19
22	27745	20
22	27746	21
22	27747	21
22	27748	20
22	27749	20
22	27750	20
22	27751	20
22	27752	20
22	27753	19
22	27754	19
22	27755	19
22	27756	19
22	27757	19
22	27758	19
22	27759	18
22	27760	18
22	27761	18
22	27762	18
22	27763	18
22	27764	17
22	27765	16
22	27766	15
22	27767	15
22	27768	15
22	27769	13
22	27770	13
22	27771	13
22	27772	12
22	27773	12
22	27774	11
22	27775	11
22	27776	12
22	27777	12
22	27778	13
22	27779	13
22	27780	12
22	27781	12
22	27782	12
22	27783	12
22	27784	11
22	27785	11
22	27786	12
22	27787	11
22	27788	11
22	27789	11
22	27790	11
22	27791	12
22	27792	12
22	27793	12
22	27794	12
22	27795	12
22	27796	13
22	27797	13
22	27798	12
22	27799	12
22	27800	12
22	27801	12
22	27802	12
22	27803	12
22	27804	12
22	27805	12
22	27806	12
22	27807	12
22	27808	12
22	27809	11
22	27810	11
22	27811	11
22	27812	11
22	27813	11
22	27814	11
22	27815	12
22	27816	13
22	27817	15
22	27818	15
22	27819	15
22	27820	15
22	27821	15
22	27822	15
22	27823	15
22	27824	15
22	27825	16
22	27826	16
22	27827	16
22	27828	17
22	27829	17
22	27830	18
22	27831	16
22	27832	16
22	27833	16
22	27834	16
22	27835	16
22	27836	16
22	27837	17
22	27838	18
22	27839	18
22	27840	18
22	27841	17
22	27842	17
22	27843	17
22	27844	17
22	27845	17
22	27846	17
22	27847	16
22	27848	17
22	27849	16
22	27850	16
22	27851	16
22	27852	16
22	27853	16
22	27854	16
22	27855	17
22	27856	16
22	27857	16
22	27858	16
22	27859	16
22	27860	16
22	27861	16
22	27862	16
22	27863	17
22	27864	17
22	27865	17
22	27866	18
22	27867	18
22	27868	18
22	27869	18
22	27870	18
22	27871	18
22	27872	18
22	27873	18
22	27874	18
22	27875	18
22	27876	18
22	27877	18
22	27878	18
22	27879	17
22	27880	17
22	27881	17
22	27882	18
22	27883	18
22	27884	18
22	27885	18
22	27886	18
22	27887	18
22	27888	18
22	27889	18
22	27890	18
22	27891	18
22	27892	18
22	27893	18
22	27894	17
22	27895	17
22	27896	16
22	27897	16
22	27898	14
22	27899	14
22	27900	13
22	27901	14
22	27902	13
22	27903	13
22	27904	13
22	27905	13
22	27906	13
22	27907	13
22	27908	12
22	27909	12
22	27910	12
22	27911	12
22	27912	13
22	27913	12
22	27914	11
22	27915	10
22	27916	10
22	27917	10
22	27918	9
22	27919	8
22	27920	8
22	27921	8
22	27922	8
22	27923	8
22	27924	8
22	27925	8
22	27926	9
22	27927	9
22	27928	9
22	27929	9
22	27930	9
22	27931	8
22	27932	8
22	27933	8
22	27934	8
22	27935	9
22	27936	9
22	27937	9
22	27938	9
22	27939	10
22	27940	11
22	27941	11
22	27942	11
22	27943	11
22	27944	11
22	27945	11
22	27946	11
22	27947	11
22	27948	11
22	27949	11
22	27950	11
22	27951	11
22	27952	11
22	27953	12
22	27954	12
22	27955	12
22	27956	13
22	27957	12
22	27958	13
22	27959	13
22	27960	13
22	27961	12
22	27962	12
22	27963	12
22	27964	11
22	27965	11
22	27966	11
22	27967	11
22	27968	10
22	27969	9
22	27970	9
22	27971	9
22	27972	9
22	27973	9
22	27974	10
22	27975	10
22	27976	11
22	27977	11
22	27978	10
22	27979	10
22	27980	10
22	27981	10
22	27982	10
22	27983	9
22	27984	9
22	27985	9
22	27986	9
22	27987	10
22	27988	10
22	27989	11
22	27990	10
22	27991	10
22	27992	10
22	27993	10
22	27994	11
22	27995	11
22	27996	11
22	27997	11
22	27998	11
22	27999	11
22	28000	12
22	28001	12
22	28002	12
22	28003	12
22	28004	12
22	28005	12
22	28006	11
22	28007	11
22	28008	11
22	28009	11
22	28010	11
22	28011	11
22	28012	9
22	28013	9
22	28014	9
22	28015	10
22	28016	10
22	28017	10
22	28018	10
22	28019	10
22	28020	11
22	28021	11
22	28022	11
22	28023	11
22	28024	11
22	28025	11
22	28026	11
22	28027	11
22	28028	11
22	28029	11
22	28030	12
22	28031	13
22	28032	13
22	28033	12
22	28034	11
22	28035	12
22	28036	12
22	28037	13
22	28038	13
22	28039	13
22	28040	13
22	28041	13
22	28042	12
22	28043	12
22	28044	12
22	28045	12
22	28046	12
22	28047	12
22	28048	12
22	28049	12
22	28050	12
22	28051	12
22	28052	11
22	28053	11
22	28054	11
22	28055	11
22	28056	11
22	28057	12
22	28058	12
22	28059	12
22	28060	12
22	28061	12
22	28062	12
22	28063	12
22	28064	12
22	28065	12
22	28066	12
22	28067	12
22	28068	11
22	28069	12
22	28070	12
22	28071	12
22	28072	11
22	28073	11
22	28074	11
22	28075	11
22	28076	12
22	28077	12
22	28078	12
22	28079	13
22	28080	13
22	28081	14
22	28082	13
22	28083	13
22	28084	13
22	28085	13
22	28086	13
22	28087	13
22	28088	13
22	28089	13
22	28090	13
22	28091	13
22	28092	13
22	28093	14
22	28094	14
22	28095	15
22	28096	15
22	28097	15
22	28098	15
22	28099	16
22	28100	17
22	28101	17
22	28102	17
22	28103	17
22	28104	17
22	28105	18
22	28106	18
22	28107	18
22	28108	18
22	28109	19
22	28110	19
22	28111	19
22	28112	22
22	28113	21
22	28114	20
22	28115	20
22	28116	21
22	28117	21
22	28118	22
22	28119	22
22	28120	22
22	28121	22
22	28122	22
22	28123	22
22	28124	22
22	28125	22
22	28126	21
22	28127	21
22	28128	21
22	28129	21
22	28130	21
22	28131	21
22	28132	21
22	28133	20
22	28134	20
22	28135	20
22	28136	20
22	28137	20
22	28138	20
22	28139	20
22	28140	19
22	28141	19
22	28142	19
22	28143	19
22	28144	19
22	28145	19
22	28146	19
22	28147	19
22	28148	19
22	28149	18
22	28150	18
22	28151	18
22	28152	17
22	28153	15
22	28154	15
22	28155	15
22	28156	15
22	28157	15
22	28158	13
22	28159	13
22	28160	12
22	28161	12
22	28162	12
22	28163	12
22	28164	12
22	28165	11
22	28166	11
22	28167	12
22	28168	13
22	28169	13
22	28170	13
22	28171	13
22	28172	13
22	28173	13
22	28174	13
22	28175	13
22	28176	13
22	28177	13
22	28178	13
22	28179	14
22	28180	14
22	28181	14
22	28182	13
22	28183	13
22	28184	13
22	28185	12
22	28186	12
22	28187	12
22	28188	12
22	28189	12
22	28190	12
22	28191	13
22	28192	13
22	28193	13
22	28194	13
22	28195	16
22	28196	15
22	28197	15
22	28198	15
22	28199	14
22	28200	14
22	28201	14
22	28202	14
22	28203	14
22	28204	14
22	28205	14
22	28206	14
22	28207	14
22	28208	15
22	28209	14
22	28210	14
22	28211	14
22	28212	14
22	28213	15
22	28214	15
22	28215	14
22	28216	13
22	28217	13
22	28218	14
22	28219	14
22	28220	14
22	28221	14
22	28222	15
22	28223	15
22	28224	15
22	28225	15
22	28226	15
22	28227	15
22	28228	16
22	28229	16
22	28230	17
22	28231	17
22	28232	17
22	28233	17
22	28234	16
22	28235	16
22	28236	17
22	28237	18
22	28238	18
22	28239	17
22	28240	15
22	28241	15
22	28242	15
22	28243	14
22	28244	14
22	28245	14
22	28246	14
22	28247	15
22	28248	15
22	28249	15
22	28250	15
22	28251	17
22	28252	17
22	28253	19
22	28254	20
22	28255	21
22	28256	21
22	28257	21
22	28258	21
22	28259	21
22	28260	23
22	28261	23
22	28262	23
22	28263	23
22	28264	23
22	28265	23
22	28266	23
22	28267	23
22	28268	22
22	28269	22
22	28270	21
22	28271	21
22	28272	21
22	28273	21
22	28274	21
22	28275	21
22	28276	22
22	28277	22
22	28278	22
22	28279	22
22	28280	22
22	28281	22
22	28282	22
22	28283	23
22	28284	23
22	28285	23
22	28286	22
22	28287	21
22	28288	21
22	28289	21
22	28290	21
22	28291	21
22	28292	21
22	28293	21
22	28294	21
22	28295	22
22	28296	22
22	28297	21
22	28298	21
22	28299	20
22	28300	20
22	28301	19
22	28302	19
22	28303	19
22	28304	18
22	28305	18
22	28306	17
22	28307	16
22	28308	15
22	28309	15
22	28310	15
22	28311	15
22	28312	15
22	28313	15
22	28314	15
22	28315	15
22	28316	14
22	28317	14
22	28318	14
22	28319	14
22	28320	14
22	28321	15
22	28322	15
22	28323	15
22	28324	14
22	28325	13
22	28326	13
22	28327	13
22	28328	15
22	28329	15
22	28330	15
22	28331	16
22	28332	15
22	28333	17
22	28334	17
22	28335	17
22	28336	17
22	28337	17
22	28338	17
22	28339	17
22	28340	17
22	28341	17
22	28342	16
22	28343	16
22	28344	16
22	28345	16
22	28346	16
22	28347	15
22	28348	14
22	28349	14
22	28350	12
22	28351	12
22	28352	12
22	28353	12
22	28354	12
22	28355	12
22	28356	12
22	28357	12
22	28358	12
22	28359	12
22	28360	12
22	28361	12
22	28362	12
22	28363	12
22	28364	14
22	28365	14
22	28366	16
22	28367	16
22	28368	18
22	28369	18
22	28370	18
22	28371	18
22	28372	17
22	28373	17
22	28374	18
22	28375	18
22	28376	18
22	28377	16
22	28378	16
22	28379	16
22	28380	17
22	28381	16
22	28382	16
22	28383	16
22	28384	15
22	28385	16
22	28386	18
22	28387	18
22	28388	19
22	28389	19
22	28390	20
22	28391	20
22	28392	20
22	28393	20
22	28394	19
22	28395	19
22	28396	21
22	28397	22
22	28398	22
22	28399	22
22	28400	22
22	28401	22
22	28402	22
22	28403	22
22	28404	21
22	28405	21
22	28406	21
22	28407	21
22	28408	21
22	28409	21
22	28410	21
22	28411	21
22	28412	21
22	28413	22
22	28414	22
22	28415	22
22	28416	22
22	28417	21
22	28418	20
22	28419	20
22	28420	20
22	28421	20
22	28422	20
22	28423	20
22	28424	19
22	28425	19
22	28426	18
22	28427	19
22	28428	19
22	28429	20
22	28430	20
22	28431	19
22	28432	19
22	28433	20
22	28434	20
22	28435	20
22	28436	20
22	28437	20
22	28438	20
22	28439	19
22	28440	17
22	28441	16
22	28442	17
22	28443	17
22	28444	17
22	28445	17
22	28446	15
22	28447	15
22	28448	16
22	28449	17
22	28450	18
22	28451	19
22	28452	18
22	28453	19
22	28454	19
22	28455	19
22	28456	19
22	28457	19
22	28458	20
22	28459	21
22	28460	21
22	28461	21
22	28462	21
22	28463	20
22	28464	20
22	28465	20
22	28466	20
22	28467	20
22	28468	20
22	28469	20
22	28470	20
22	28471	21
22	28472	21
22	28473	22
22	28474	22
22	28475	22
22	28476	21
22	28477	21
22	28478	20
22	28479	20
22	28480	19
22	28481	20
22	28482	19
22	28483	19
22	28484	20
22	28485	20
22	28486	20
22	28487	20
22	28488	20
22	28489	21
22	28490	21
22	28491	21
22	28492	22
22	28493	22
22	28494	22
22	28495	23
22	28496	23
22	28497	23
22	28498	23
22	28499	23
22	28500	23
22	28501	20
22	28502	19
22	28503	19
22	28504	19
22	28505	19
22	28506	19
22	28507	19
22	28508	19
22	28509	19
22	28510	21
22	28511	21
22	28512	21
22	28513	21
22	28514	21
22	28515	21
22	28516	20
22	28517	19
22	28518	19
22	28519	19
22	28520	19
22	28521	20
22	28522	20
22	28523	20
22	28524	20
22	28525	20
22	28526	21
22	28527	21
22	28528	21
22	28529	18
22	28530	17
22	28531	17
22	28532	17
22	28533	17
22	28534	17
22	28535	17
22	28536	17
22	28537	17
22	28538	18
22	28539	18
22	28540	17
22	28541	18
22	28542	18
22	28543	18
22	28544	18
22	28545	17
22	28546	17
22	28547	16
22	28548	15
22	28549	15
22	28550	16
22	28551	16
22	28552	16
22	28553	15
22	28554	15
22	28555	15
22	28556	15
22	28557	16
22	28558	15
22	28559	15
22	28560	16
22	28561	16
22	28562	16
22	28563	16
22	28564	16
22	28565	16
22	28566	16
22	28567	16
22	28568	16
22	28569	16
22	28570	16
22	28571	16
22	28572	15
22	28573	15
22	28574	15
22	28575	14
22	28576	16
22	28577	16
22	28578	16
22	28579	17
22	28580	17
22	28581	17
22	28582	17
22	28583	17
22	28584	16
22	28585	16
22	28586	16
22	28587	16
22	28588	16
22	28589	16
22	28590	15
22	28591	15
22	28592	14
22	28593	14
22	28594	14
22	28595	13
22	28596	13
22	28597	13
22	28598	13
22	28599	13
22	28600	13
22	28601	13
22	28602	13
22	28603	14
22	28604	14
22	28605	14
22	28606	13
22	28607	14
22	28608	14
22	28609	14
22	28610	13
22	28611	14
22	28612	14
22	28613	14
22	28614	14
22	28615	14
22	28616	13
22	28617	13
22	28618	13
22	28619	13
22	28620	13
22	28621	13
22	28622	13
22	28623	12
22	28624	12
22	28625	13
22	28626	13
22	28627	13
22	28628	14
22	28629	14
22	28630	14
22	28631	14
22	28632	14
22	28633	14
22	28634	13
22	28635	13
22	28636	13
22	28637	13
22	28638	13
22	28639	12
22	28640	13
22	28641	14
22	28642	15
22	28643	15
22	28644	15
22	28645	13
22	28646	13
22	28647	13
22	28648	13
22	28649	13
22	28650	13
22	28651	12
22	28652	12
22	28653	12
22	28654	12
22	28655	12
22	28656	12
22	28657	13
22	28658	14
22	28659	14
22	28660	14
22	28661	13
22	28662	13
22	28663	13
22	28664	14
22	28665	14
22	28666	14
22	28667	14
22	28668	14
22	28669	14
22	28670	14
22	28671	14
22	28672	14
22	28673	13
22	28674	12
22	28675	12
22	28676	12
22	28677	12
22	28678	13
22	28679	13
22	28680	13
22	28681	13
22	28682	15
22	28683	16
22	28684	16
22	28685	15
22	28686	15
22	28687	14
22	28688	14
22	28689	14
22	28690	14
22	28691	14
22	28692	14
22	28693	14
22	28694	13
22	28695	13
22	28696	13
22	28697	13
22	28698	12
22	28699	12
22	28700	12
22	28701	12
22	28702	12
22	28703	12
22	28704	12
22	28705	13
22	28706	13
22	28707	13
22	28708	13
22	28709	13
22	28710	13
22	28711	12
22	28712	12
22	28713	12
22	28714	12
22	28715	12
22	28716	12
22	28717	11
22	28718	11
22	28719	10
22	28720	10
22	28721	10
22	28722	10
22	28723	10
22	28724	13
22	28725	13
22	28726	14
22	28727	14
22	28728	15
22	28729	15
22	28730	15
22	28731	15
22	28732	15
22	28733	15
22	28734	15
22	28735	16
22	28736	16
22	28737	16
22	28738	16
22	28739	16
22	28740	16
22	28741	16
22	28742	16
22	28743	16
22	28744	18
22	28745	18
22	28746	18
22	28747	18
22	28748	18
22	28749	19
22	28750	20
22	28751	20
22	28752	20
22	28753	19
22	28754	20
22	28755	20
22	28756	20
22	28757	19
22	28758	19
22	28759	19
22	28760	18
22	28761	17
22	28762	17
22	28763	18
22	28764	18
22	28765	18
22	28766	18
22	28767	18
22	28768	18
22	28769	20
22	28770	20
22	28771	20
22	28772	20
22	28773	19
22	28774	19
22	28775	20
22	28776	20
22	28777	19
22	28778	18
22	28779	18
22	28780	18
22	28781	18
22	28782	18
22	28783	17
22	28784	17
22	28785	17
22	28786	17
22	28787	17
22	28788	17
22	28789	17
22	28790	17
22	28791	16
22	28792	15
22	28793	15
22	28794	15
22	28795	15
22	28796	14
22	28797	15
22	28798	15
22	28799	14
22	28800	14
22	28801	13
22	28802	12
22	28803	12
22	28804	12
22	28805	12
22	28806	12
22	28807	12
22	28808	12
22	28809	12
22	28810	12
22	28811	12
22	28812	12
22	28813	12
22	28814	12
22	28815	12
22	28816	12
22	28817	11
22	28818	12
22	28819	12
22	28820	12
22	28821	12
22	28822	13
22	28823	13
22	28824	12
22	28825	11
22	28826	11
22	28827	11
22	28828	11
22	28829	11
22	28830	11
22	28831	11
22	28832	12
22	28833	12
22	28834	12
22	28835	13
22	28836	12
22	28837	12
22	28838	13
22	28839	12
22	28840	11
22	28841	10
22	28842	10
22	28843	10
22	28844	10
22	28845	10
22	28846	10
22	28847	10
22	28848	10
22	28849	10
22	28850	10
22	28851	11
22	28852	11
22	28853	11
22	28854	11
22	28855	11
22	28856	12
22	28857	12
22	28858	12
22	28859	12
22	28860	12
22	28861	12
22	28862	12
22	28863	11
22	28864	11
22	28865	11
22	28866	11
22	28867	11
22	28868	11
22	28869	11
22	28870	11
22	28871	11
22	28872	11
22	28873	12
22	28874	12
22	28875	12
22	28876	12
22	28877	11
22	28878	11
22	28879	13
22	28880	13
22	28881	13
22	28882	13
22	28883	13
22	28884	13
22	28885	14
22	28886	14
22	28887	14
22	28888	14
22	28889	14
22	28890	14
22	28891	14
22	28892	16
22	28893	16
22	28894	17
22	28895	17
22	28896	17
22	28897	17
22	28898	17
22	28899	18
22	28900	20
22	28901	20
22	28902	20
22	28903	20
22	28904	20
22	28905	21
22	28906	21
22	28907	21
22	28908	21
22	28909	21
22	28910	21
22	28911	21
22	28912	21
22	28913	21
22	28914	21
22	28915	21
22	28916	21
22	28917	21
22	28918	22
22	28919	22
22	28920	22
22	28921	21
22	28922	20
22	28923	19
22	28924	19
22	28925	19
22	28926	19
22	28927	19
22	28928	19
22	28929	19
22	28930	18
22	28931	18
22	28932	18
22	28933	19
22	28934	20
22	28935	19
22	28936	20
22	28937	22
22	28938	22
22	28939	22
22	28940	23
22	28941	23
22	28942	23
22	28943	23
22	28944	23
22	28945	22
22	28946	22
22	28947	22
22	28948	22
22	28949	22
22	28950	23
22	28951	24
22	28952	23
22	28953	23
22	28954	23
22	28955	23
22	28956	23
22	28957	23
22	28958	23
22	28959	22
22	28960	20
22	28961	20
22	28962	20
22	28963	18
22	28964	18
22	28965	18
22	28966	16
22	28967	16
22	28968	17
22	28969	17
22	28970	17
22	28971	17
22	28972	17
22	28973	17
22	28974	17
22	28975	17
22	28976	17
22	28977	17
22	28978	17
22	28979	17
22	28980	17
22	28981	17
22	28982	17
22	28983	17
22	28984	17
22	28985	15
22	28986	15
22	28987	15
22	28988	15
22	28989	14
22	28990	14
22	28991	14
22	28992	14
22	28993	14
22	28994	14
22	28995	14
22	28996	14
22	28997	14
22	28998	14
22	28999	14
22	29000	14
22	29001	14
22	29002	14
22	29003	14
22	29004	13
22	29005	13
22	29006	14
22	29007	14
22	29008	13
22	29009	13
22	29010	13
22	29011	12
22	29012	12
22	29013	12
22	29014	13
22	29015	12
22	29016	12
22	29017	13
22	29018	10
22	29019	10
22	29020	10
22	29021	10
22	29022	10
22	29023	10
22	29024	11
22	29025	11
22	29026	11
22	29027	11
22	29028	11
22	29029	12
22	29030	12
22	29031	12
22	29032	12
22	29033	12
22	29034	12
22	29035	12
22	29036	12
22	29037	12
22	29038	11
22	29039	11
22	29040	11
22	29041	11
22	29042	11
22	29043	11
22	29044	11
22	29045	11
22	29046	11
22	29047	12
22	29048	11
22	29049	10
22	29050	10
22	29051	10
22	29052	10
22	29053	10
22	29054	10
22	29055	9
22	29056	9
22	29057	9
22	29058	9
22	29059	10
22	29060	10
22	29061	10
22	29062	10
22	29063	10
22	29064	10
22	29065	10
22	29066	9
22	29067	9
22	29068	7
22	29069	6
22	29070	6
22	29071	6
22	29072	6
22	29073	6
22	29074	6
22	29075	6
22	29076	6
22	29077	6
22	29078	5
22	29079	5
22	29080	5
22	29081	5
22	29082	5
22	29083	6
22	29084	6
22	29085	6
22	29086	6
22	29087	6
22	29088	6
22	29089	6
22	29090	6
22	29091	6
22	29092	7
22	29093	7
22	29094	7
22	29095	7
22	29096	8
22	29097	8
22	29098	8
22	29099	7
22	29100	7
22	29101	7
22	29102	8
22	29103	8
22	29104	8
22	29105	8
22	29106	8
22	29107	8
22	29108	7
22	29109	6
22	29110	6
22	29111	6
22	29112	6
22	29113	6
22	29114	6
22	29115	6
22	29116	7
22	29117	8
22	29118	9
22	29119	9
22	29120	9
22	29121	9
22	29122	9
22	29123	10
22	29124	10
22	29125	10
22	29126	10
22	29127	10
22	29128	10
22	29129	10
22	29130	9
22	29131	9
22	29132	8
22	29133	8
22	29134	8
22	29135	7
22	29136	7
22	29137	7
22	29138	7
22	29139	7
22	29140	7
22	29141	7
22	29142	8
22	29143	8
22	29144	8
22	29145	8
22	29146	8
22	29147	8
22	29148	7
22	29149	7
22	29150	7
22	29151	7
22	29152	7
22	29153	7
22	29154	6
22	29155	6
22	29156	7
22	29157	7
22	29158	7
22	29159	7
22	29160	7
22	29161	7
22	29162	7
22	29163	7
22	29164	7
22	29165	7
22	29166	7
22	29167	7
22	29168	7
22	29169	6
22	29170	6
22	29171	6
22	29172	6
22	29173	6
22	29174	7
22	29175	7
22	29176	7
22	29177	7
22	29178	7
22	29179	9
22	29180	10
22	29181	10
22	29182	10
22	29183	10
22	29184	10
22	29185	10
22	29186	11
22	29187	10
22	29188	10
22	29189	10
22	29190	10
22	29191	10
22	29192	10
22	29193	10
22	29194	9
22	29195	9
22	29196	9
22	29197	9
22	29198	9
22	29199	9
22	29200	8
22	29201	8
22	29202	8
22	29203	8
22	29204	8
22	29205	8
22	29206	7
22	29207	7
22	29208	7
22	29209	7
22	29210	7
22	29211	7
22	29212	7
22	29213	6
22	29214	6
22	29215	7
22	29216	7
22	29217	7
22	29218	7
22	29219	7
22	29220	7
22	29221	7
22	29222	7
22	29223	6
22	29224	6
22	29225	6
22	29226	6
22	29227	7
22	29228	7
22	29229	7
22	29230	7
22	29231	8
22	29232	7
22	29233	7
22	29234	7
22	29235	7
22	29236	8
22	29237	7
22	29238	7
22	29239	7
22	29240	7
22	29241	8
22	29242	8
22	29243	8
22	29244	8
22	29245	8
22	29246	8
22	29247	9
22	29248	10
22	29249	10
22	29250	10
22	29251	10
22	29252	10
22	29253	10
22	29254	11
22	29255	11
22	29256	11
22	29257	11
22	29258	11
22	29259	11
22	29260	11
22	29261	10
22	29262	10
22	29263	8
22	29264	8
22	29265	8
22	29266	8
22	29267	7
22	29268	8
22	29269	8
22	29270	8
22	29271	8
22	29272	8
22	29273	8
22	29274	9
22	29275	10
22	29276	11
22	29277	11
22	29278	11
22	29279	11
22	29280	11
22	29281	12
22	29282	12
22	29283	12
22	29284	12
22	29285	12
22	29286	12
22	29287	11
22	29288	11
22	29289	11
22	29290	12
22	29291	12
22	29292	12
22	29293	11
22	29294	12
22	29295	12
22	29296	12
22	29297	12
22	29298	12
22	29299	12
22	29300	12
22	29301	12
22	29302	12
22	29303	12
22	29304	12
22	29305	12
22	29306	12
22	29307	11
22	29308	12
22	29309	12
22	29310	12
22	29311	12
22	29312	13
22	29313	13
22	29314	13
22	29315	13
22	29316	13
22	29317	13
22	29318	14
22	29319	14
22	29320	13
22	29321	13
22	29322	13
22	29323	13
22	29324	13
22	29325	13
22	29326	13
22	29327	13
22	29328	12
22	29329	12
22	29330	11
22	29331	12
22	29332	12
22	29333	11
22	29334	11
22	29335	12
22	29336	12
22	29337	12
22	29338	13
22	29339	13
22	29340	13
22	29341	13
22	29342	11
22	29343	11
22	29344	9
22	29345	9
22	29346	9
22	29347	9
22	29348	9
22	29349	9
22	29350	9
22	29351	9
22	29352	9
22	29353	9
22	29354	9
22	29355	10
22	29356	10
22	29357	10
22	29358	10
22	29359	10
22	29360	10
22	29361	10
22	29362	10
22	29363	10
22	29364	10
22	29365	10
22	29366	10
22	29367	10
22	29368	11
22	29369	11
22	29370	11
22	29371	11
22	29372	11
22	29373	11
22	29374	12
22	29375	12
22	29376	12
22	29377	12
22	29378	10
22	29379	10
22	29380	10
22	29381	10
22	29382	10
22	29383	10
22	29384	10
22	29385	10
22	29386	10
22	29387	10
22	29388	9
22	29389	9
22	29390	9
22	29391	8
22	29392	8
22	29393	8
22	29394	8
22	29395	8
22	29396	8
22	29397	8
22	29398	8
22	29399	8
22	29400	8
22	29401	8
22	29402	8
22	29403	8
22	29404	6
22	29405	6
22	29406	6
22	29407	6
22	29408	7
22	29409	7
22	29410	7
22	29411	6
22	29412	5
22	29413	4
22	29414	4
22	29415	4
22	29416	4
22	29417	5
22	29418	5
22	29419	6
22	29420	7
22	29421	7
22	29422	7
22	29423	7
22	29424	7
22	29425	7
22	29426	8
22	29427	8
22	29428	8
22	29429	8
22	29430	8
22	29431	8
22	29432	8
22	29433	8
22	29434	9
22	29435	8
22	29436	8
22	29437	8
22	29438	7
22	29439	7
22	29440	7
22	29441	7
22	29442	7
22	29443	7
22	29444	7
22	29445	7
22	29446	7
22	29447	7
22	29448	7
22	29449	7
22	29450	7
22	29451	7
22	29452	7
22	29453	7
22	29454	7
22	29455	7
22	29456	7
22	29457	7
22	29458	7
22	29459	7
22	29460	8
22	29461	8
22	29462	8
22	29463	8
22	29464	8
22	29465	8
22	29466	8
22	29467	8
22	29468	8
22	29469	9
22	29470	10
22	29471	10
22	29472	10
22	29473	9
22	29474	9
22	29475	9
22	29476	9
22	29477	9
22	29478	9
22	29479	9
22	29480	8
22	29481	8
22	29482	8
22	29483	8
22	29484	8
22	29485	8
22	29486	8
22	29487	9
22	29488	9
22	29489	9
22	29490	9
22	29491	10
22	29492	10
22	29493	10
22	29494	10
22	29495	10
22	29496	10
22	29497	10
22	29498	9
22	29499	9
22	29500	9
22	29501	9
22	29502	9
22	29503	8
22	29504	8
22	29505	8
22	29506	8
22	29507	10
22	29508	10
22	29509	10
22	29510	10
22	29511	10
22	29512	11
22	29513	11
22	29514	11
22	29515	11
22	29516	11
22	29517	11
22	29518	10
22	29519	10
22	29520	10
22	29521	10
22	29522	10
22	29523	10
22	29524	9
22	29525	8
22	29526	8
22	29527	8
22	29528	8
22	29529	8
22	29530	8
22	29531	8
22	29532	8
22	29533	8
22	29534	8
22	29535	8
22	29536	8
22	29537	8
22	29538	8
22	29539	8
22	29540	8
22	29541	8
22	29542	9
22	29543	9
22	29544	8
22	29545	8
22	29546	7
22	29547	7
22	29548	7
22	29549	7
22	29550	7
22	29551	7
22	29552	7
22	29553	7
22	29554	7
22	29555	6
22	29556	6
22	29557	5
22	29558	6
22	29559	6
22	29560	6
22	29561	6
22	29562	6
22	29563	6
22	29564	6
22	29565	6
22	29566	6
22	29567	6
22	29568	6
22	29569	6
22	29570	6
22	29571	6
22	29572	6
22	29573	6
22	29574	6
22	29575	7
22	29576	7
22	29577	6
22	29578	6
22	29579	6
22	29580	7
22	29581	7
22	29582	7
22	29583	7
22	29584	6
22	29585	6
22	29586	6
22	29587	7
22	29588	8
22	29589	9
22	29590	9
22	29591	9
22	29592	9
22	29593	9
22	29594	9
22	29595	9
22	29596	9
22	29597	9
22	29598	9
22	29599	9
22	29600	9
22	29601	9
22	29602	9
22	29603	9
22	29604	9
22	29605	9
22	29606	9
22	29607	9
22	29608	9
22	29609	9
22	29610	9
22	29611	9
22	29612	9
22	29613	9
22	29614	9
22	29615	9
22	29616	9
22	29617	9
22	29618	8
22	29619	8
22	29620	8
22	29621	8
22	29622	7
22	29623	6
22	29624	6
22	29625	6
22	29626	6
22	29627	6
22	29628	6
22	29629	6
22	29630	6
22	29631	5
22	29632	5
22	29633	3
22	29634	3
22	29635	4
22	29636	4
22	29637	4
22	29638	4
22	29639	5
22	29640	5
22	29641	5
22	29642	6
22	29643	6
22	29644	6
22	29645	6
22	29646	6
22	29647	6
22	29648	6
22	29649	6
22	29650	6
22	29651	7
22	29652	7
22	29653	9
22	29654	9
22	29655	9
22	29656	9
22	29657	8
22	29658	8
22	29659	8
22	29660	8
22	29661	8
22	29662	8
22	29663	8
22	29664	8
22	29665	7
22	29666	7
22	29667	7
22	29668	7
22	29669	8
22	29670	8
22	29671	8
22	29672	8
22	29673	8
22	29674	8
22	29675	8
22	29676	7
22	29677	7
22	29678	7
22	29679	7
22	29680	6
22	29681	6
22	29682	6
22	29683	6
22	29684	6
22	29685	6
22	29686	6
22	29687	6
22	29688	6
22	29689	6
22	29690	6
22	29691	6
22	29692	6
22	29693	6
22	29694	6
22	29695	7
22	29696	7
22	29697	7
22	29698	7
22	29699	6
22	29700	6
22	29701	6
22	29702	5
22	29703	5
22	29704	5
22	29705	5
22	29706	5
22	29707	5
22	29708	5
22	29709	5
22	29710	5
22	29711	5
22	29712	5
22	29713	5
22	29714	5
22	29715	5
22	29716	5
22	29717	6
22	29718	5
22	29719	5
22	29720	4
22	29721	4
22	29722	4
22	29723	4
22	29724	4
22	29725	4
22	29726	5
22	29727	4
22	29728	4
22	29729	4
22	29730	4
22	29731	4
22	29732	5
22	29733	5
22	29734	5
22	29735	5
22	29736	5
22	29737	5
22	29738	5
22	29739	5
22	29740	5
22	29741	5
22	29742	5
22	29743	5
22	29744	5
22	29745	5
22	29746	5
22	29747	5
22	29748	6
22	29749	6
22	29750	6
22	29751	6
22	29752	6
22	29753	6
22	29754	6
22	29755	7
22	29756	7
22	29757	7
22	29758	7
22	29759	7
22	29760	7
22	29761	7
22	29762	7
22	29763	6
22	29764	6
22	29765	6
22	29766	6
22	29767	6
22	29768	6
22	29769	6
22	29770	6
22	29771	6
22	29772	7
22	29773	7
22	29774	7
22	29775	7
22	29776	7
22	29777	7
22	29778	7
22	29779	5
22	29780	5
22	29781	5
22	29782	6
22	29783	6
22	29784	6
22	29785	6
22	29786	6
22	29787	6
22	29788	6
22	29789	7
22	29790	7
22	29791	7
22	29792	7
22	29793	7
22	29794	7
22	29795	8
22	29796	8
22	29797	8
22	29798	8
22	29799	8
22	29800	7
22	29801	7
22	29802	7
22	29803	7
22	29804	7
22	29805	8
22	29806	8
22	29807	8
22	29808	8
22	29809	8
22	29810	8
22	29811	8
22	29812	8
22	29813	8
22	29814	8
22	29815	8
22	29816	8
22	29817	7
22	29818	7
22	29819	8
22	29820	8
22	29821	8
22	29822	8
22	29823	8
22	29824	8
22	29825	8
22	29826	8
22	29827	8
22	29828	10
22	29829	10
22	29830	10
22	29831	10
22	29832	11
22	29833	10
22	29834	11
22	29835	12
22	29836	12
22	29837	12
22	29838	12
22	29839	12
22	29840	13
22	29841	13
22	29842	14
22	29843	14
22	29844	15
22	29845	15
22	29846	15
22	29847	15
22	29848	17
22	29849	16
22	29850	16
22	29851	16
22	29852	16
22	29853	16
22	29854	16
22	29855	16
22	29856	16
22	29857	16
22	29858	16
22	29859	15
22	29860	15
22	29861	15
22	29862	15
22	29863	16
22	29864	17
22	29865	17
22	29866	17
22	29867	17
22	29868	17
22	29869	17
22	29870	17
22	29871	17
22	29872	17
22	29873	17
22	29874	17
22	29875	17
22	29876	17
22	29877	17
22	29878	17
22	29879	16
22	29880	16
22	29881	16
22	29882	16
22	29883	16
22	29884	16
22	29885	16
22	29886	16
22	29887	15
22	29888	14
22	29889	14
22	29890	15
22	29891	14
22	29892	13
22	29893	13
22	29894	13
22	29895	13
22	29896	14
22	29897	14
22	29898	14
22	29899	14
22	29900	12
22	29901	12
22	29902	13
22	29903	13
22	29904	13
22	29905	13
22	29906	13
22	29907	13
22	29908	13
22	29909	13
22	29910	13
22	29911	13
22	29912	13
22	29913	13
22	29914	12
22	29915	12
22	29916	12
22	29917	12
22	29918	11
22	29919	11
22	29920	11
22	29921	11
22	29922	11
22	29923	11
22	29924	11
22	29925	12
22	29926	12
22	29927	13
22	29928	13
22	29929	13
22	29930	13
22	29931	13
22	29932	13
22	29933	13
22	29934	13
22	29935	13
22	29936	13
22	29937	13
22	29938	13
22	29939	13
22	29940	12
22	29941	12
22	29942	12
22	29943	13
22	29944	12
22	29945	12
22	29946	12
22	29947	12
22	29948	11
22	29949	11
22	29950	11
22	29951	11
22	29952	12
22	29953	12
22	29954	12
22	29955	12
22	29956	11
22	29957	11
22	29958	11
22	29959	11
22	29960	11
22	29961	11
22	29962	11
22	29963	11
22	29964	11
22	29965	11
22	29966	11
22	29967	11
22	29968	11
22	29969	12
22	29970	12
22	29971	11
22	29972	11
22	29973	11
22	29974	10
22	29975	9
22	29976	10
22	29977	10
22	29978	11
22	29979	11
22	29980	11
22	29981	10
22	29982	10
22	29983	10
22	29984	10
22	29985	10
22	29986	11
22	29987	11
22	29988	11
22	29989	11
22	29990	12
22	29991	12
22	29992	12
22	29993	13
22	29994	13
22	29995	13
22	29996	13
22	29997	13
22	29998	13
22	29999	13
22	30000	13
22	30001	12
22	30002	12
22	30003	13
22	30004	13
22	30005	14
22	30006	14
22	30007	14
22	30008	14
22	30009	14
22	30010	14
22	30011	15
22	30012	16
22	30013	16
22	30014	16
22	30015	16
22	30016	17
22	30017	17
22	30018	17
22	30019	17
22	30020	17
22	30021	17
22	30022	17
22	30023	16
22	30024	16
22	30025	17
22	30026	17
22	30027	17
22	30028	17
22	30029	17
22	30030	17
22	30031	17
22	30032	16
22	30033	16
22	30034	16
22	30035	17
22	30036	17
22	30037	17
22	30038	17
22	30039	17
22	30040	18
22	30041	19
22	30042	19
22	30043	19
22	30044	20
22	30045	20
22	30046	21
22	30047	21
22	30048	21
22	30049	21
22	30050	20
22	30051	21
22	30052	19
22	30053	18
22	30054	18
22	30055	18
22	30056	18
22	30057	19
22	30058	19
22	30059	19
22	30060	19
22	30061	19
22	30062	18
22	30063	18
22	30064	18
22	30065	17
22	30066	17
22	30067	17
22	30068	17
22	30069	17
22	30070	17
22	30071	17
22	30072	17
22	30073	18
22	30074	18
22	30075	18
22	30076	17
22	30077	16
22	30078	16
22	30079	16
22	30080	14
22	30081	13
22	30082	14
22	30083	15
22	30084	16
22	30085	16
22	30086	16
22	30087	17
22	30088	16
22	30089	15
22	30090	17
22	30091	17
22	30092	17
22	30093	17
22	30094	17
22	30095	15
22	30096	14
22	30097	14
22	30098	14
22	30099	14
22	30100	14
22	30101	14
22	30102	15
22	30103	15
22	30104	15
22	30105	14
22	30106	14
22	30107	14
22	30108	14
22	30109	13
22	30110	13
22	30111	13
22	30112	13
22	30113	13
22	30114	13
22	30115	14
22	30116	14
22	30117	14
22	30118	14
22	30119	14
22	30120	14
22	30121	13
22	30122	13
22	30123	13
22	30124	13
22	30125	13
22	30126	13
22	30127	14
22	30128	14
22	30129	12
22	30130	12
22	30131	12
22	30132	11
22	30133	11
22	30134	11
22	30135	11
22	30136	11
22	30137	11
22	30138	12
22	30139	12
22	30140	13
22	30141	13
22	30142	11
22	30143	11
22	30144	10
22	30145	11
22	30146	11
22	30147	13
22	30148	13
22	30149	14
22	30150	14
22	30151	14
22	30152	14
22	30153	14
22	30154	14
22	30155	14
22	30156	14
22	30157	14
22	30158	14
22	30159	16
22	30160	16
22	30161	15
22	30162	15
22	30163	15
22	30164	15
22	30165	15
22	30166	15
22	30167	15
22	30168	15
22	30169	16
22	30170	15
22	30171	16
22	30172	16
22	30173	16
22	30174	15
22	30175	15
22	30176	15
22	30177	15
22	30178	15
22	30179	15
22	30180	15
22	30181	14
22	30182	14
22	30183	14
22	30184	14
22	30185	14
22	30186	14
22	30187	14
22	30188	14
22	30189	14
22	30190	13
22	30191	13
22	30192	14
22	30193	14
22	30194	14
22	30195	14
22	30196	15
22	30197	15
22	30198	15
22	30199	15
22	30200	15
22	30201	15
22	30202	15
22	30203	15
22	30204	15
22	30205	16
22	30206	16
22	30207	16
22	30208	16
22	30209	16
22	30210	16
22	30211	16
22	30212	16
22	30213	16
22	30214	16
22	30215	16
22	30216	16
22	30217	16
22	30218	16
22	30219	16
22	30220	16
22	30221	16
22	30222	16
22	30223	16
22	30224	17
22	30225	17
22	30226	17
22	30227	17
22	30228	17
22	30229	17
22	30230	16
22	30231	16
22	30232	16
22	30233	17
22	30234	16
22	30235	15
22	30236	15
22	30237	15
22	30238	15
22	30239	16
22	30240	15
22	30241	15
22	30242	15
22	30243	15
22	30244	15
22	30245	16
22	30246	15
22	30247	15
22	30248	15
22	30249	15
22	30250	15
22	30251	15
22	30252	15
22	30253	15
22	30254	15
22	30255	15
22	30256	15
22	30257	13
22	30258	13
22	30259	13
22	30260	13
22	30261	12
22	30262	14
22	30263	14
22	30264	14
22	30265	13
22	30266	13
22	30267	13
22	30268	12
22	30269	12
22	30270	12
22	30271	12
22	30272	12
22	30273	12
22	30274	12
22	30275	12
22	30276	12
22	30277	12
22	30278	11
22	30279	10
22	30280	10
22	30281	10
22	30282	9
22	30283	9
22	30284	8
22	30285	8
22	30286	8
22	30287	8
22	30288	8
22	30289	8
22	30290	8
22	30291	8
22	30292	10
22	30293	10
22	30294	9
22	30295	9
22	30296	9
22	30297	8
22	30298	8
22	30299	8
22	30300	8
22	30301	8
22	30302	8
22	30303	7
22	30304	6
22	30305	6
22	30306	6
22	30307	6
22	30308	6
22	30309	7
22	30310	7
22	30311	7
22	30312	7
22	30313	7
22	30314	7
22	30315	7
22	30316	7
22	30317	7
22	30318	8
22	30319	7
22	30320	7
22	30321	7
22	30322	7
22	30323	7
22	30324	7
22	30325	7
22	30326	7
22	30327	7
22	30328	7
22	30329	7
22	30330	7
22	30331	7
22	30332	7
22	30333	7
22	30334	7
22	30335	7
22	30336	7
22	30337	7
22	30338	7
22	30339	7
22	30340	6
22	30341	6
22	30342	6
22	30343	7
22	30344	7
22	30345	7
22	30346	7
22	30347	7
22	30348	7
22	30349	7
22	30350	7
22	30351	7
22	30352	8
22	30353	8
22	30354	10
22	30355	10
22	30356	10
22	30357	10
22	30358	10
22	30359	10
22	30360	9
22	30361	9
22	30362	10
22	30363	10
22	30364	9
22	30365	10
22	30366	10
22	30367	10
22	30368	11
22	30369	11
22	30370	12
22	30371	12
22	30372	13
22	30373	13
22	30374	15
22	30375	15
22	30376	16
22	30377	16
22	30378	15
22	30379	15
22	30380	15
22	30381	14
22	30382	14
22	30383	15
22	30384	15
22	30385	15
22	30386	16
22	30387	16
22	30388	15
22	30389	15
22	30390	15
22	30391	15
22	30392	15
22	30393	15
22	30394	14
22	30395	14
22	30396	15
22	30397	16
22	30398	16
22	30399	16
22	30400	16
22	30401	16
22	30402	18
22	30403	18
22	30404	18
22	30405	17
22	30406	16
22	30407	16
22	30408	16
22	30409	16
22	30410	16
22	30411	16
22	30412	16
22	30413	16
22	30414	16
22	30415	16
22	30416	15
22	30417	15
22	30418	14
22	30419	14
22	30420	14
22	30421	14
22	30422	14
22	30423	14
22	30424	12
22	30425	12
22	30426	12
22	30427	12
22	30428	12
22	30429	11
22	30430	11
22	30431	11
22	30432	11
22	30433	11
22	30434	11
22	30435	11
22	30436	12
22	30437	12
22	30438	12
22	30439	13
22	30440	13
22	30441	12
22	30442	11
22	30443	11
22	30444	11
22	30445	11
22	30446	11
22	30447	11
22	30448	11
22	30449	12
22	30450	11
22	30451	11
22	30452	11
22	30453	11
22	30454	11
22	30455	11
22	30456	11
22	30457	11
22	30458	11
22	30459	10
22	30460	10
22	30461	11
22	30462	10
22	30463	10
22	30464	10
22	30465	11
22	30466	11
22	30467	11
22	30468	10
22	30469	10
22	30470	10
22	30471	10
22	30472	10
22	30473	10
22	30474	11
22	30475	11
22	30476	11
22	30477	11
22	30478	10
22	30479	10
22	30480	10
22	30481	10
22	30482	10
22	30483	10
22	30484	10
22	30485	10
22	30486	10
22	30487	10
22	30488	10
22	30489	9
22	30490	9
22	30491	9
22	30492	9
22	30493	10
22	30494	10
22	30495	11
22	30496	11
22	30497	12
22	30498	12
22	30499	12
22	30500	12
22	30501	12
22	30502	13
22	30503	12
22	30504	12
22	30505	13
22	30506	12
22	30507	13
22	30508	13
22	30509	13
22	30510	13
22	30511	14
22	30512	15
22	30513	14
22	30514	14
22	30515	14
22	30516	13
22	30517	13
22	30518	14
22	30519	14
22	30520	14
22	30521	14
22	30522	14
22	30523	15
22	30524	15
22	30525	16
22	30526	16
22	30527	15
22	30528	15
22	30529	15
22	30530	15
22	30531	15
22	30532	15
22	30533	15
22	30534	15
22	30535	15
22	30536	15
22	30537	16
22	30538	15
22	30539	15
22	30540	15
22	30541	14
22	30542	14
22	30543	15
22	30544	15
22	30545	14
22	30546	14
22	30547	14
22	30548	16
22	30549	16
22	30550	17
22	30551	16
22	30552	16
22	30553	16
22	30554	16
22	30555	16
22	30556	17
22	30557	17
22	30558	17
22	30559	17
22	30560	18
22	30561	18
22	30562	17
22	30563	16
22	30564	16
22	30565	16
22	30566	16
22	30567	16
22	30568	16
22	30569	16
22	30570	16
22	30571	16
22	30572	16
22	30573	15
22	30574	15
22	30575	16
22	30576	16
22	30577	15
22	30578	15
22	30579	15
22	30580	12
22	30581	12
22	30582	12
22	30583	12
22	30584	11
22	30585	11
22	30586	11
22	30587	11
22	30588	11
22	30589	11
22	30590	11
22	30591	11
22	30592	11
22	30593	11
22	30594	10
22	30595	9
22	30596	10
22	30597	10
22	30598	10
22	30599	10
22	30600	10
22	30601	9
22	30602	9
22	30603	9
22	30604	9
22	30605	9
22	30606	9
22	30607	9
22	30608	9
22	30609	9
22	30610	9
22	30611	9
22	30612	9
22	30613	9
22	30614	9
22	30615	9
22	30616	9
22	30617	9
22	30618	9
22	30619	8
22	30620	8
22	30621	8
22	30622	7
22	30623	6
22	30624	6
22	30625	6
22	30626	7
22	30627	6
22	30628	6
22	30629	6
22	30630	6
22	30631	6
22	30632	6
22	30633	6
22	30634	6
22	30635	6
22	30636	4
22	30637	4
22	30638	4
22	30639	4
22	30640	4
22	30641	4
22	30642	4
22	30643	3
22	30644	3
22	30645	3
22	30646	3
22	30647	3
22	30648	3
22	30649	3
22	30650	3
22	30651	2
22	30652	2
22	30653	2
22	30654	2
22	30655	2
22	30656	2
22	30657	2
22	30658	2
22	30659	2
22	30660	1
22	30697	2
22	30698	2
22	30699	4
22	30700	5
22	30701	5
22	30702	5
22	30703	5
22	30704	5
22	30705	5
22	30706	5
22	30707	5
22	30708	5
22	30709	5
22	30710	5
22	30711	5
22	30712	5
22	30713	6
22	30714	6
22	30715	7
22	30716	8
22	30717	9
22	30718	9
22	30719	9
22	30720	9
22	30721	10
22	30722	10
22	30723	10
22	30724	10
22	30725	11
22	30726	11
22	30727	11
22	30728	11
22	30729	11
22	30730	11
22	30731	11
22	30732	11
22	30733	11
22	30734	11
22	30735	11
22	30736	11
22	30737	12
22	30738	12
22	30739	12
22	30740	12
22	30741	12
22	30742	12
22	30743	12
22	30744	12
22	30745	11
22	30746	10
22	30747	10
22	30748	10
22	30749	10
22	30750	10
22	30751	11
22	30752	11
22	30753	12
22	30754	12
22	30755	12
22	30756	14
22	30757	13
22	30758	13
22	30759	12
22	30760	12
22	30761	13
22	30762	13
22	30763	13
22	30764	13
22	30765	14
22	30766	14
22	30767	14
22	30768	14
22	30769	14
22	30770	14
22	30771	14
22	30772	14
22	30773	14
22	30774	14
22	30775	14
22	30776	14
22	30777	15
22	30778	15
22	30779	15
22	30780	15
22	30781	15
22	30782	15
22	30783	15
22	30784	15
22	30785	15
22	30786	15
22	30787	15
22	30788	15
22	30789	14
22	30790	14
22	30791	14
22	30792	14
22	30793	14
22	30794	13
22	30795	13
22	30796	13
22	30797	13
22	30798	13
22	30799	13
22	30800	13
22	30801	13
22	30802	13
22	30803	13
22	30804	13
22	30805	13
22	30806	14
22	30807	15
22	30808	15
22	30809	15
22	30810	15
22	30811	14
22	30812	14
22	30813	14
22	30814	14
22	30815	14
22	30816	14
22	30817	13
22	30818	16
22	30819	18
22	30820	18
22	30821	18
22	30822	19
22	30823	19
22	30824	19
22	30825	18
22	30826	18
22	30827	18
22	30828	18
22	30829	18
22	30830	18
22	30831	18
22	30832	18
22	30833	18
22	30834	18
22	30835	18
22	30836	19
22	30837	18
22	30838	18
22	30839	18
22	30840	18
22	30841	18
22	30842	18
22	30843	19
22	30844	19
22	30845	19
22	30846	19
22	30847	19
22	30848	19
22	30849	20
22	30850	20
22	30851	19
22	30852	18
22	30853	18
22	30854	18
22	30855	17
22	30856	17
22	30857	17
22	30858	18
22	30859	18
22	30860	17
22	30861	17
22	30862	17
22	30863	17
22	30864	17
22	30865	17
22	30866	17
22	30867	17
22	30868	17
22	30869	17
22	30870	17
22	30871	17
22	30872	17
22	30873	17
22	30874	17
22	30875	16
22	30876	16
22	30877	17
22	30878	17
22	30879	16
22	30880	15
22	30881	14
22	30882	14
22	30883	15
22	30884	15
22	30885	15
22	30886	15
22	30887	15
22	30888	15
22	30889	15
22	30890	15
22	30891	15
22	30892	15
22	30893	14
22	30894	14
22	30895	16
22	30896	16
22	30897	16
22	30898	16
22	30899	16
22	30900	15
22	30901	16
22	30902	16
22	30903	16
22	30904	16
22	30905	16
22	30906	17
22	30907	15
22	30908	15
22	30909	16
22	30910	17
22	30911	17
22	30912	17
22	30913	17
22	30914	17
22	30915	18
22	30916	17
22	30917	17
22	30918	17
22	30919	17
22	30920	18
22	30921	18
22	30922	17
22	30923	18
22	30924	20
22	30925	20
22	30926	20
22	30927	19
22	30928	19
22	30929	19
22	30930	18
22	30931	18
22	30932	17
22	30933	17
22	30934	17
22	30935	18
22	30936	18
22	30937	18
22	30938	18
22	30939	18
22	30940	18
22	30941	18
22	30942	17
22	30943	17
22	30944	17
22	30945	16
22	30946	16
22	30947	16
22	30948	15
22	30949	14
22	30950	14
22	30951	14
22	30952	14
22	30953	14
22	30954	13
22	30955	13
22	30956	13
22	30957	14
22	30958	14
22	30959	14
22	30960	14
22	30961	14
22	30962	15
22	30963	15
22	30964	15
22	30965	14
22	30966	14
22	30967	14
22	30968	14
22	30969	16
22	30970	17
22	30971	17
22	30972	16
22	30973	16
22	30974	15
22	30975	15
22	30976	15
22	30977	15
22	30978	15
22	30979	15
22	30980	14
22	30981	14
22	30982	14
22	30983	14
22	30984	14
22	30985	14
22	30986	14
22	30987	14
22	30988	14
22	30989	14
22	30990	14
22	30991	14
22	30992	14
22	30993	15
22	30994	15
22	30995	15
22	30996	16
22	30997	16
22	30998	16
22	30999	16
22	31000	16
22	31001	17
22	31002	17
22	31003	17
22	31004	18
22	31005	18
22	31006	18
22	31007	18
22	31008	18
22	31009	18
22	31010	18
22	31011	16
22	31012	16
22	31013	14
22	31014	14
22	31015	14
22	31016	14
22	31017	14
22	31018	14
22	31019	14
22	31020	14
22	31021	14
22	31022	15
22	31023	14
22	31024	14
22	31025	14
22	31026	14
22	31027	14
22	31028	15
22	31029	14
22	31030	13
22	31031	13
22	31032	13
22	31033	13
22	31034	12
22	31035	12
22	31036	11
22	31037	11
22	31038	10
22	31039	10
22	31040	9
22	31041	9
22	31042	9
22	31043	9
22	31044	9
22	31045	9
22	31046	8
22	31047	8
22	31048	8
22	31049	8
22	31050	8
22	31051	7
22	31052	7
22	31053	7
22	31054	7
22	31055	7
22	31056	7
22	31057	7
22	31058	7
22	31059	7
22	31060	7
22	31061	7
22	31062	7
22	31063	7
22	31064	7
22	31065	7
22	31066	7
22	31067	6
22	31068	6
22	31069	6
22	31070	6
22	31071	6
22	31072	6
22	31073	6
22	31074	6
22	31075	5
22	31076	5
22	31077	5
22	31078	4
22	31079	4
22	31080	4
22	31081	4
22	31082	4
22	31083	4
22	31084	4
22	31085	4
22	31086	5
22	31087	5
22	31088	5
22	31089	5
22	31090	4
22	31091	4
22	31092	3
22	31093	3
22	31094	3
22	31095	3
22	31096	3
22	31097	3
22	31098	3
22	31099	3
22	31100	3
22	31101	3
22	31102	3
22	31103	3
22	31104	3
22	31105	3
22	31106	3
22	31107	3
22	31108	3
22	31109	3
22	31110	3
22	31111	3
22	31112	3
22	31113	3
22	31114	3
22	31115	3
22	31116	3
22	31117	3
22	31118	2
22	31119	2
22	31120	2
22	31121	2
22	31122	2
22	31123	2
22	31124	2
22	31125	2
22	31126	2
22	31127	2
22	31128	2
22	31129	2
22	31130	2
22	31131	4
22	31132	4
22	31133	4
22	31134	4
22	31135	4
22	31136	4
22	31137	4
22	31138	4
22	31139	4
22	31140	4
22	31141	4
22	31142	5
22	31143	5
22	31144	5
22	31145	5
22	31146	6
22	31147	6
22	31148	7
22	31149	7
22	31150	8
22	31151	8
22	31152	8
22	31153	9
22	31154	9
22	31155	9
22	31156	9
22	31157	9
22	31158	10
22	31159	11
22	31160	11
22	31161	9
22	31162	9
22	31163	10
22	31164	10
22	31165	10
22	31166	10
22	31167	10
22	31168	11
22	31169	11
22	31170	11
22	31171	11
22	31172	11
22	31173	11
22	31174	11
22	31175	11
22	31176	12
22	31177	12
22	31178	12
22	31179	13
22	31180	13
22	31181	13
22	31182	14
22	31183	14
22	31184	14
22	31185	14
22	31186	15
22	31187	16
22	31188	17
22	31189	17
22	31190	17
22	31191	17
22	31192	17
22	31193	17
22	31194	17
22	31195	16
22	31196	16
22	31197	16
22	31198	16
22	31199	16
22	31200	16
22	31201	16
22	31202	14
22	31203	14
22	31204	14
22	31205	15
22	31206	15
22	31207	15
22	31208	15
22	31209	15
22	31210	15
22	31211	15
22	31212	15
22	31213	15
22	31214	15
22	31215	15
22	31216	14
22	31217	14
22	31218	14
22	31219	14
22	31220	14
22	31221	14
22	31222	15
22	31223	15
22	31224	14
22	31225	15
22	31226	15
22	31227	15
22	31228	15
22	31229	15
22	31230	14
22	31231	14
22	31232	14
22	31233	15
22	31234	14
22	31235	14
22	31236	14
22	31237	14
22	31238	14
22	31239	14
22	31240	13
22	31241	13
22	31242	14
22	31243	14
22	31244	13
22	31245	13
22	31246	12
22	31247	12
22	31248	12
22	31249	12
22	31250	11
22	31251	11
22	31252	12
22	31253	12
22	31254	12
22	31255	12
22	31256	12
22	31257	12
22	31258	12
22	31259	12
22	31260	12
22	31261	12
22	31262	12
22	31263	14
22	31264	14
22	31265	14
22	31266	14
22	31267	13
22	31268	14
22	31269	14
22	31270	14
22	31271	13
22	31272	13
22	31273	13
22	31274	12
22	31275	12
22	31276	12
22	31277	12
22	31278	12
22	31279	11
22	31280	11
22	31281	11
22	31282	11
22	31283	10
22	31284	10
22	31285	9
22	31286	10
22	31287	10
22	31288	10
22	31289	10
22	31290	10
22	31291	12
22	31292	12
22	31293	11
22	31294	11
22	31295	11
22	31296	11
22	31297	12
22	31298	12
22	31299	11
22	31300	11
22	31301	10
22	31302	10
22	31303	10
22	31304	10
22	31305	10
22	31306	12
22	31307	12
22	31308	14
22	31309	14
22	31310	14
22	31311	14
22	31312	13
22	31313	13
22	31314	13
22	31315	13
22	31316	13
22	31317	13
22	31318	13
22	31319	13
22	31320	14
22	31321	14
22	31322	14
22	31323	14
22	31324	14
22	31325	15
22	31326	15
22	31327	15
22	31328	15
22	31329	15
22	31330	14
22	31331	14
22	31332	14
22	31333	16
22	31334	16
22	31335	17
22	31336	17
22	31337	17
22	31338	17
22	31339	17
22	31340	17
22	31341	17
22	31342	19
22	31343	18
22	31344	18
22	31345	18
22	31346	18
22	31347	19
22	31348	19
22	31349	19
22	31350	19
22	31351	19
22	31352	19
22	31353	20
22	31354	19
22	31355	19
22	31356	19
22	31357	19
22	31358	18
22	31359	18
22	31360	18
22	31361	18
22	31362	17
22	31363	17
22	31364	17
22	31365	17
22	31366	16
22	31367	14
22	31368	15
22	31369	15
22	31370	15
22	31371	15
22	31372	15
22	31373	15
22	31374	15
22	31375	15
22	31376	15
22	31377	14
22	31378	15
22	31379	15
22	31380	15
22	31381	14
22	31382	14
22	31383	14
22	31384	14
22	31385	14
22	31386	14
22	31387	14
22	31388	15
22	31389	15
22	31390	15
22	31391	15
22	31392	15
22	31393	14
22	31394	14
22	31395	15
22	31396	14
22	31397	14
22	31398	14
22	31399	14
22	31400	14
22	31401	14
22	31402	14
22	31403	14
22	31404	14
22	31405	14
22	31406	14
22	31407	14
22	31408	14
22	31409	14
22	31410	14
22	31411	14
22	31412	15
22	31413	16
22	31414	16
22	31415	16
22	31416	16
22	31417	16
22	31418	16
22	31419	16
22	31420	16
22	31421	17
22	31422	17
22	31423	18
22	31424	18
22	31425	17
22	31426	17
22	31427	17
22	31428	17
22	31429	17
22	31430	17
22	31431	17
22	31432	17
22	31433	17
22	31434	17
22	31435	17
22	31436	17
22	31437	17
22	31438	17
22	31439	17
22	31440	18
22	31441	19
22	31442	18
22	31443	18
22	31444	18
22	31445	19
22	31446	19
22	31447	19
22	31448	18
22	31449	18
22	31450	18
22	31451	18
22	31452	18
22	31453	18
22	31454	19
22	31455	19
22	31456	19
22	31457	19
22	31458	19
22	31459	19
22	31460	19
22	31461	19
22	31462	19
22	31463	19
22	31464	19
22	31465	19
22	31466	19
22	31467	18
22	31468	16
22	31469	16
22	31470	16
22	31471	16
22	31472	17
22	31473	17
22	31474	17
22	31475	17
22	31476	17
22	31477	15
22	31478	16
22	31479	16
22	31480	17
22	31481	17
22	31482	17
22	31483	16
22	31484	16
22	31485	16
22	31486	16
22	31487	16
22	31488	16
22	31489	15
22	31490	15
22	31491	15
22	31492	15
22	31493	15
22	31494	16
22	31495	16
22	31496	16
22	31497	16
22	31498	15
22	31499	15
22	31500	15
22	31501	15
22	31502	14
22	31503	14
22	31504	13
22	31505	12
22	31506	10
22	31507	11
22	31508	10
22	31509	9
22	31510	9
22	31511	10
22	31512	10
22	31513	10
22	31514	10
22	31515	10
22	31516	10
22	31517	10
22	31518	11
22	31519	10
22	31520	10
22	31521	10
22	31522	10
22	31523	10
22	31524	10
22	31525	10
22	31526	10
22	31527	10
22	31528	10
22	31529	12
22	31530	13
22	31531	13
22	31532	13
22	31533	14
22	31534	14
22	31535	14
22	31536	15
22	31537	15
22	31538	15
22	31539	16
22	31540	16
22	31541	16
22	31542	16
22	31543	17
22	31544	19
22	31545	19
22	31546	19
22	31547	19
22	31548	19
22	31549	19
22	31550	20
22	31551	20
22	31552	20
22	31553	20
22	31554	19
22	31555	18
22	31556	18
22	31557	18
22	31558	18
22	31559	18
22	31560	18
22	31561	18
22	31562	18
22	31563	18
22	31564	19
22	31565	19
22	31566	19
22	31567	19
22	31568	19
22	31569	19
22	31570	19
22	31571	18
22	31572	18
22	31573	18
22	31574	18
22	31575	18
22	31576	18
22	31577	18
22	31578	18
22	31579	18
22	31580	18
22	31581	17
22	31582	17
22	31583	17
22	31584	17
22	31585	16
22	31586	16
22	31587	16
22	31588	16
22	31589	16
22	31590	16
22	31591	17
22	31592	17
22	31593	17
22	31594	17
22	31595	17
22	31596	17
22	31597	17
22	31598	17
22	31599	17
22	31600	17
22	31601	17
22	31602	17
22	31603	17
22	31604	17
22	31605	16
22	31606	15
22	31607	15
22	31608	15
22	31609	15
22	31610	15
22	31611	13
22	31612	13
22	31613	13
22	31614	13
22	31615	11
22	31616	11
22	31617	11
22	31618	11
22	31619	11
22	31620	12
22	31621	10
22	31622	10
22	31623	10
22	31624	10
22	31625	10
22	31626	9
22	31627	9
22	31628	9
22	31629	9
22	31630	9
22	31631	7
22	31632	7
22	31633	7
22	31634	7
22	31635	6
22	31636	6
22	31637	5
22	31638	5
22	31639	5
22	31640	5
22	31641	5
22	31642	5
22	31643	5
22	31644	5
22	31645	5
22	31646	5
22	31647	5
22	31648	5
22	31649	5
22	31650	5
22	31651	3
22	31652	3
22	31653	3
22	31654	3
22	31655	3
22	31656	2
22	31657	2
22	31658	2
22	31659	2
22	31660	2
22	31661	3
22	31662	3
22	31663	3
22	31664	3
22	31665	3
22	31666	3
22	31667	3
22	31668	3
22	31669	3
22	31670	3
22	31671	3
22	31672	3
22	31673	3
22	31674	4
22	31675	4
22	31676	4
22	31677	4
22	31678	4
22	31679	4
22	31680	4
22	31681	4
22	31682	4
22	31683	4
22	31684	4
22	31685	4
22	31686	4
22	31687	4
22	31688	4
22	31689	4
22	31690	4
22	31691	4
22	31692	4
22	31693	4
22	31694	4
22	31695	4
22	31696	4
22	31697	4
22	31698	3
22	31699	3
22	31700	3
22	31701	3
22	31702	3
22	31703	3
22	31704	3
22	31705	3
22	31706	3
22	31707	3
22	31708	2
22	31709	2
22	31710	2
22	31711	2
22	31712	2
22	31713	2
22	31714	2
22	31715	2
22	31716	2
22	31717	2
22	31718	2
22	31719	2
22	31720	2
22	31721	2
22	31722	2
22	31723	2
22	31724	2
22	31725	2
22	31726	2
22	31727	2
22	31728	2
22	31729	2
22	31730	3
22	31731	3
22	31732	3
22	31733	3
22	31734	3
22	31735	3
22	31736	3
22	31737	3
22	31738	3
22	31739	3
22	31740	3
22	31741	2
22	31742	2
22	31743	2
22	31744	2
22	31745	2
22	31746	2
22	31747	2
22	31748	2
22	31749	2
22	31750	2
22	31751	2
22	31752	2
22	31753	2
22	31754	2
22	31755	2
22	31756	2
22	31757	2
22	31758	2
22	31759	3
22	31760	3
22	31761	3
22	31762	3
22	31763	3
22	31764	3
22	31765	3
22	31766	3
22	31767	3
22	31768	2
22	31769	2
22	31770	2
22	31771	4
22	31772	4
22	31773	4
22	31774	4
22	31775	4
22	31776	4
22	31777	5
22	31778	5
22	31779	5
22	31780	5
22	31781	5
22	31782	5
22	31783	5
22	31784	6
22	31785	7
22	31786	8
22	31787	8
22	31788	7
22	31789	7
22	31790	7
22	31791	7
22	31792	7
22	31793	7
22	31794	7
22	31795	8
22	31796	8
22	31797	8
22	31798	8
22	31799	9
22	31800	9
22	31801	9
22	31802	9
22	31803	9
22	31804	9
22	31805	9
22	31806	9
22	31807	9
22	31808	10
22	31809	11
22	31810	11
22	31811	11
22	31812	11
22	31813	11
22	31814	11
22	31815	11
22	31816	11
22	31817	12
22	31818	13
22	31819	15
22	31820	16
22	31821	16
22	31822	16
22	31823	16
22	31824	16
22	31825	16
22	31826	16
22	31827	15
22	31828	15
22	31829	15
22	31830	15
22	31831	16
22	31832	16
22	31833	16
22	31834	16
22	31835	16
22	31836	17
22	31837	18
22	31838	18
22	31839	18
22	31840	18
22	31841	19
22	31842	19
22	31843	19
22	31844	19
22	31845	19
22	31846	19
22	31847	20
22	31848	19
22	31849	19
22	31850	19
22	31851	20
22	31852	22
22	31853	21
22	31854	21
22	31855	21
22	31856	21
22	31857	21
22	31858	20
22	31859	20
22	31860	20
22	31861	20
22	31862	21
22	31863	21
22	31864	23
22	31865	22
22	31866	22
22	31867	22
22	31868	22
22	31869	22
22	31870	21
22	31871	21
22	31872	21
22	31873	20
22	31874	21
22	31875	22
22	31876	22
22	31877	22
22	31878	22
22	31879	22
22	31880	22
22	31881	22
22	31882	21
22	31883	19
22	31884	18
22	31885	18
22	31886	18
22	31887	18
22	31888	17
22	31889	16
22	31890	16
22	31891	15
22	31892	15
22	31893	15
22	31894	14
22	31895	14
22	31896	13
22	31897	15
22	31898	15
22	31899	16
22	31900	15
22	31901	15
22	31902	16
22	31903	16
22	31904	16
22	31905	16
22	31906	16
22	31907	15
22	31908	15
22	31909	13
22	31910	13
22	31911	13
22	31912	13
22	31913	12
22	31914	12
22	31915	11
22	31916	11
22	31917	10
22	31918	10
22	31919	10
22	31920	10
22	31921	10
22	31922	10
22	31923	10
22	31924	10
22	31925	10
22	31926	11
22	31927	11
22	31928	11
22	31929	11
22	31930	11
22	31931	11
22	31932	11
22	31933	11
22	31934	11
22	31935	10
22	31936	10
22	31937	10
22	31938	10
22	31939	10
22	31940	10
22	31941	10
22	31942	10
22	31943	10
22	31944	10
22	31945	11
22	31946	11
22	31947	11
22	31948	12
22	31949	12
22	31950	12
22	31951	12
22	31952	12
22	31953	12
22	31954	12
22	31955	12
22	31956	12
22	31957	14
22	31958	14
22	31959	14
22	31960	15
22	31961	15
22	31962	15
22	31963	15
22	31964	15
22	31965	15
22	31966	15
22	31967	15
22	31968	15
22	31969	15
22	31970	15
22	31971	15
22	31972	14
22	31973	14
22	31974	14
22	31975	14
22	31976	14
22	31977	14
22	31978	14
22	31979	14
22	31980	14
22	31981	13
22	31982	13
22	31983	13
22	31984	13
22	31985	13
22	31986	14
22	31987	14
22	31988	14
22	31989	14
22	31990	14
22	31991	14
22	31992	14
22	31993	14
22	31994	15
22	31995	14
22	31996	15
22	31997	16
22	31998	16
22	31999	15
22	32000	15
22	32001	15
22	32002	14
22	32003	13
22	32004	14
22	32005	14
22	32006	14
22	32007	14
22	32008	15
22	32009	15
22	32010	16
22	32011	16
22	32012	15
22	32013	15
22	32014	15
22	32015	15
22	32016	15
22	32017	15
22	32018	15
22	32019	14
22	32020	14
22	32021	15
22	32022	15
22	32023	18
22	32024	18
22	32025	18
22	32026	17
22	32027	17
22	32028	17
22	32029	17
22	32030	17
22	32031	17
22	32032	20
22	32033	20
22	32034	20
22	32035	20
22	32036	21
22	32037	21
22	32038	20
22	32039	20
22	32040	19
22	32041	19
22	32042	19
22	32043	19
22	32044	18
22	32045	18
22	32046	18
22	32047	18
22	32048	18
22	32049	18
22	32050	17
22	32051	17
22	32052	17
22	32053	17
22	32054	16
22	32055	16
22	32056	16
22	32057	16
22	32058	15
22	32059	15
22	32060	16
22	32061	15
22	32062	15
22	32063	15
22	32064	15
22	32065	14
22	32066	14
22	32067	14
22	32068	14
22	32069	14
22	32070	13
22	32071	13
22	32072	13
22	32073	13
22	32074	13
22	32075	13
22	32076	13
22	32077	13
22	32078	13
22	32079	14
22	32080	14
22	32081	15
22	32082	15
22	32083	15
22	32084	16
22	32085	15
22	32086	16
22	32087	16
22	32088	15
22	32089	15
22	32090	14
22	32091	13
22	32092	13
22	32093	13
22	32094	13
22	32095	13
22	32096	11
22	32097	11
22	32098	9
22	32099	9
22	32100	9
22	32101	8
22	32102	8
22	32103	8
22	32104	8
22	32105	8
22	32106	8
22	32107	7
22	32108	7
22	32109	7
22	32110	7
22	32111	8
22	32112	8
22	32113	9
22	32114	9
22	32115	10
22	32116	10
22	32117	10
22	32118	10
22	32119	10
22	32120	11
22	32121	11
22	32122	11
22	32123	11
22	32124	12
22	32125	13
22	32126	12
22	32127	12
22	32128	13
22	32129	13
22	32130	12
22	32131	12
22	32132	12
22	32133	12
22	32134	12
22	32135	12
22	32136	12
22	32137	12
22	32138	12
22	32139	12
22	32140	12
22	32141	12
22	32142	12
22	32143	13
22	32144	14
22	32145	14
22	32146	14
22	32147	14
22	32148	13
22	32149	12
22	32150	12
22	32151	12
22	32152	12
22	32153	12
22	32154	12
22	32155	12
22	32156	12
22	32157	12
22	32158	12
22	32159	12
22	32160	12
22	32161	12
22	32162	11
22	32163	11
22	32164	11
22	32165	10
22	32166	10
22	32167	10
22	32168	10
22	32169	10
22	32170	10
22	32171	10
22	32172	9
22	32173	10
22	32174	10
22	32175	10
22	32176	10
22	32177	10
22	32178	10
22	32179	10
22	32180	10
22	32181	10
22	32182	10
22	32183	10
22	32184	10
22	32185	11
22	32186	12
22	32187	12
22	32188	13
22	32189	13
22	32190	13
22	32191	13
22	32192	13
22	32193	12
22	32194	12
22	32195	12
22	32196	12
22	32197	12
22	32198	11
22	32199	11
22	32200	11
22	32201	11
22	32202	11
22	32203	10
22	32204	10
22	32205	10
22	32206	11
22	32207	11
22	32208	11
22	32209	10
22	32210	10
22	32211	10
22	32212	11
22	32213	11
22	32214	11
22	32215	11
22	32216	11
22	32217	11
22	32218	11
22	32219	10
22	32220	9
22	32221	9
22	32222	10
22	32223	10
22	32224	10
22	32225	10
22	32226	10
22	32227	12
22	32228	12
22	32229	12
22	32230	12
22	32231	12
22	32232	12
22	32233	12
22	32234	11
22	32235	11
22	32236	11
22	32237	12
22	32238	12
22	32239	12
22	32240	14
22	32241	14
22	32242	14
22	32243	14
22	32244	14
22	32245	13
22	32246	14
22	32247	14
22	32248	15
22	32249	15
22	32250	16
22	32251	17
22	32252	17
22	32253	17
22	32254	16
22	32255	16
22	32256	16
22	32257	16
22	32258	16
22	32259	16
22	32260	15
22	32261	14
22	32262	14
22	32263	14
22	32264	14
22	32265	17
22	32266	17
22	32267	17
22	32268	17
22	32269	17
22	32270	17
22	32271	17
22	32272	17
22	32273	16
22	32274	16
22	32275	16
22	32276	16
22	32277	16
22	32278	16
22	32279	17
22	32280	17
22	32281	17
22	32282	19
22	32283	19
22	32284	19
22	32285	20
22	32286	21
22	32287	21
22	32288	21
22	32289	21
22	32290	21
22	32291	21
22	32292	21
22	32293	21
22	32294	22
22	32295	22
22	32296	23
22	32297	23
22	32298	23
22	32299	21
22	32300	21
22	32301	21
22	32302	23
22	32303	23
22	32304	23
22	32305	23
22	32306	24
22	32307	23
22	32308	23
22	32309	22
22	32310	22
22	32311	23
22	32312	24
22	32313	24
22	32314	24
22	32315	24
22	32316	24
22	32317	24
22	32318	24
22	32319	24
22	32320	25
22	32321	25
22	32322	25
22	32323	25
22	32324	25
22	32325	24
22	32326	24
22	32327	24
22	32328	24
22	32329	24
22	32330	24
22	32331	24
22	32332	25
22	32333	25
22	32334	26
22	32335	27
22	32336	26
22	32337	28
22	32338	28
22	32339	28
22	32340	28
22	32341	28
22	32342	27
22	32343	27
22	32344	27
22	32345	27
22	32346	26
22	32347	26
22	32348	25
22	32349	24
22	32350	22
22	32351	22
22	32352	23
22	32353	23
22	32354	22
22	32355	22
22	32356	21
22	32357	21
22	32358	20
22	32359	20
22	32360	19
22	32361	19
22	32362	19
22	32363	18
22	32364	18
22	32365	18
22	32366	18
22	32367	16
22	32368	16
22	32369	15
22	32370	15
22	32371	16
22	32372	16
22	32373	16
22	32374	16
22	32375	16
22	32376	16
22	32377	14
22	32378	14
22	32379	14
22	32380	14
22	32381	15
22	32382	15
22	32383	14
22	32384	13
22	32385	12
22	32386	12
22	32387	13
22	32388	13
22	32389	13
22	32390	13
22	32391	14
22	32392	14
22	32393	14
22	32394	15
22	32395	15
22	32396	16
22	32397	16
22	32398	16
22	32399	16
22	32400	16
22	32401	16
22	32402	16
22	32403	16
22	32404	16
22	32405	16
22	32406	16
22	32407	16
22	32408	14
22	32409	14
22	32410	14
22	32411	15
22	32412	14
22	32413	14
22	32414	14
22	32415	14
22	32416	14
22	32417	14
22	32418	14
22	32419	14
22	32420	15
22	32421	14
22	32422	14
22	32423	14
22	32424	13
22	32425	14
22	32426	14
22	32427	15
22	32428	16
22	32429	16
22	32430	16
22	32431	16
22	32432	16
22	32433	15
22	32434	17
22	32435	18
22	32436	17
22	32437	16
22	32438	16
22	32439	15
22	32440	15
22	32441	15
22	32442	15
22	32443	15
22	32444	13
22	32445	13
22	32446	13
22	32447	13
22	32448	13
22	32449	13
22	32450	13
22	32451	13
22	32452	13
22	32453	12
22	32454	12
22	32455	13
22	32456	13
22	32457	13
22	32458	13
22	32459	13
22	32460	12
22	32461	12
22	32462	12
22	32463	12
22	32464	12
22	32465	12
22	32466	11
22	32467	11
22	32468	12
22	32469	12
22	32470	12
22	32471	12
22	32472	12
22	32473	12
22	32474	12
22	32475	12
22	32476	12
22	32477	12
22	32478	12
22	32479	12
22	32480	13
22	32481	13
22	32482	13
22	32483	13
22	32484	12
22	32485	11
22	32486	10
22	32487	10
22	32488	10
22	32489	10
22	32490	10
22	32491	10
22	32492	9
22	32493	9
22	32494	9
22	32495	9
22	32496	9
22	32497	9
22	32498	9
22	32499	9
22	32500	9
22	32501	10
22	32502	10
22	32503	10
22	32504	10
22	32505	10
22	32506	11
22	32507	12
22	32508	12
22	32509	13
22	32510	12
22	32511	12
22	32512	13
22	32513	13
22	32514	13
22	32515	12
22	32516	12
22	32517	13
22	32518	14
22	32519	14
22	32520	15
22	32521	14
22	32522	14
22	32523	14
22	32524	14
22	32525	14
22	32526	14
22	32527	14
22	32528	14
22	32529	14
22	32530	14
22	32531	14
22	32532	14
22	32533	14
22	32534	13
22	32535	13
22	32536	12
22	32537	12
22	32538	12
22	32539	13
22	32540	13
22	32541	13
22	32542	13
22	32543	13
22	32544	13
22	32545	13
22	32546	13
22	32547	12
22	32548	12
22	32549	12
22	32550	12
22	32551	12
22	32552	12
22	32553	12
22	32554	12
22	32555	12
22	32556	13
22	32557	14
22	32558	14
22	32559	13
22	32560	13
22	32561	13
22	32562	13
22	32563	13
22	32564	13
22	32565	14
22	32566	14
22	32567	14
22	32568	17
22	32569	16
22	32570	16
22	32571	16
22	32572	16
22	32573	16
22	32574	16
22	32575	16
22	32576	16
22	32577	16
22	32578	16
22	32579	16
22	32580	16
22	32581	15
22	32582	15
22	32583	16
22	32584	16
22	32585	16
22	32586	17
22	32587	17
22	32588	17
22	32589	19
22	32590	20
22	32591	18
22	32592	18
22	32593	18
22	32594	18
22	32595	18
22	32596	18
22	32597	17
22	32598	18
22	32599	18
22	32600	18
22	32601	18
22	32602	18
22	32603	18
22	32604	18
22	32605	18
22	32606	17
22	32607	17
22	32608	17
22	32609	17
22	32610	19
22	32611	20
22	32612	20
22	32613	19
22	32614	18
22	32615	18
22	32616	18
22	32617	17
22	32618	16
22	32619	16
22	32620	16
22	32621	17
22	32622	17
22	32623	17
22	32624	17
22	32625	17
22	32626	17
22	32627	17
22	32628	17
22	32629	16
22	32630	16
22	32631	16
22	32632	16
22	32633	16
22	32634	16
22	32635	18
22	32636	17
22	32637	17
22	32638	17
22	32639	18
22	32640	18
22	32641	18
22	32642	18
22	32643	18
22	32644	18
22	32645	19
22	32646	19
22	32647	20
22	32648	21
22	32649	20
22	32650	20
22	32651	20
22	32652	19
22	32653	19
22	32654	21
22	32655	20
22	32656	20
22	32657	20
22	32658	20
22	32659	21
22	32660	20
22	32661	20
22	32662	20
22	32663	20
22	32664	20
22	32665	20
22	32666	20
22	32667	19
22	32668	19
22	32669	19
22	32670	19
22	32671	18
22	32672	18
22	32673	18
22	32674	18
22	32675	19
22	32676	19
22	32677	18
22	32678	18
22	32679	18
22	32680	18
22	32681	17
22	32682	17
22	32683	17
22	32684	17
22	32685	16
22	32686	16
22	32687	16
22	32688	15
22	32689	15
22	32690	15
22	32691	14
22	32692	14
22	32693	14
22	32694	14
22	32695	13
22	32696	13
22	32697	13
22	32698	13
22	32699	12
22	32700	11
22	32701	11
22	32702	11
22	32703	9
22	32704	8
22	32705	8
22	32706	8
22	32707	8
22	32708	8
22	32709	9
22	32710	9
22	32711	9
22	32712	9
22	32713	10
22	32714	10
22	32715	10
22	32716	10
22	32717	10
22	32718	11
22	32719	12
22	32720	12
22	32721	12
22	32722	12
22	32723	12
22	32724	13
22	32725	13
22	32726	13
22	32727	12
22	32728	12
22	32729	12
22	32730	12
22	32731	12
22	32732	12
22	32733	12
22	32734	11
22	32735	11
22	32736	11
22	32737	11
22	32738	10
22	32739	10
22	32740	11
22	32741	12
22	32742	14
22	32743	15
22	32744	15
22	32745	15
22	32746	14
22	32747	14
22	32748	13
22	32749	14
22	32750	13
22	32751	13
22	32752	14
22	32753	14
22	32754	14
22	32755	14
22	32756	14
22	32757	14
22	32758	14
22	32759	14
22	32760	16
22	32761	15
22	32762	15
22	32763	14
22	32764	14
22	32765	14
22	32766	14
22	32767	13
22	32768	13
22	32769	13
22	32770	14
22	32771	15
22	32772	15
22	32773	15
22	32774	15
22	32775	14
22	32776	14
22	32777	14
22	32778	14
22	32779	14
22	32780	14
22	32781	14
22	32782	14
22	32783	15
22	32784	15
22	32785	15
22	32786	15
22	32787	15
22	32788	15
22	32789	15
22	32790	15
22	32791	15
22	32792	15
22	32793	13
22	32794	13
22	32795	13
22	32796	11
22	32797	11
22	32798	11
22	32799	11
22	32800	11
22	32801	11
22	32802	10
22	32803	10
22	32804	10
22	32805	10
22	32806	10
22	32807	8
22	32808	8
22	32809	8
22	32810	9
22	32811	9
22	32812	9
22	32813	9
22	32814	9
22	32815	9
22	32816	9
22	32817	9
22	32818	9
22	32819	9
22	32820	9
22	32821	9
22	32822	9
22	32823	9
22	32824	9
22	32825	9
22	32826	10
22	32827	10
22	32828	10
22	32829	9
22	32830	9
22	32831	9
22	32832	9
22	32833	8
22	32834	7
22	32835	7
22	32836	8
22	32837	8
22	32838	8
22	32839	8
22	32840	8
22	32841	8
22	32842	8
22	32843	8
22	32844	8
22	32845	8
22	32846	8
22	32847	8
22	32848	8
22	32849	8
22	32850	8
22	32851	8
22	32852	8
22	32853	7
22	32854	7
22	32855	8
22	32856	8
22	32857	8
22	32858	8
22	32859	9
22	32860	9
22	32861	9
22	32862	9
22	32863	9
22	32864	8
22	32865	8
22	32866	8
22	32867	8
22	32868	8
22	32869	8
22	32870	8
22	32871	8
22	32872	8
22	32873	8
22	32874	9
22	32875	9
22	32876	11
22	32877	11
22	32878	10
22	32879	10
22	32880	10
22	32881	9
22	32882	9
22	32883	9
22	32884	10
22	32885	10
22	32886	10
22	32887	10
22	32888	10
22	32889	10
22	32890	10
22	32891	10
22	32892	10
22	32893	11
22	32894	11
22	32895	10
22	32896	10
22	32897	10
22	32898	11
22	32899	12
22	32900	13
22	32901	13
22	32902	12
22	32903	12
22	32904	12
22	32905	12
22	32906	14
22	32907	14
22	32908	14
22	32909	13
22	32910	13
22	32911	12
22	32912	12
22	32913	12
22	32914	13
22	32915	12
22	32916	12
22	32917	12
22	32918	12
22	32919	12
22	32920	12
22	32921	12
22	32922	12
22	32923	12
22	32924	12
22	32925	12
22	32926	13
22	32927	13
22	32928	13
22	32929	13
22	32930	14
22	32931	14
22	32932	14
22	32933	14
22	32934	14
22	32935	14
22	32936	14
22	32937	14
22	32938	14
22	32939	14
22	32940	14
22	32941	14
22	32942	13
22	32943	13
22	32944	13
22	32945	13
22	32946	13
22	32947	13
22	32948	14
22	32949	14
22	32950	14
22	32951	13
22	32952	13
22	32953	14
22	32954	15
22	32955	15
22	32956	15
22	32957	15
22	32958	14
22	32959	14
22	32960	13
22	32961	12
22	32962	12
22	32963	12
22	32964	12
22	32965	12
22	32966	11
22	32967	11
22	32968	11
22	32969	11
22	32970	11
22	32971	11
22	32972	11
22	32973	11
22	32974	11
22	32975	10
22	32976	8
22	32977	8
22	32978	8
22	32979	8
22	32980	7
22	32981	7
22	32982	7
22	32983	7
22	32984	7
22	32985	6
22	32986	7
22	32987	6
22	32988	6
22	32989	6
22	32990	7
22	32991	6
22	32992	7
22	32993	7
22	32994	7
22	32995	7
22	32996	7
22	32997	7
22	32998	7
22	32999	7
22	33000	7
22	33001	7
22	33002	7
22	33003	6
22	33004	6
22	33005	6
22	33006	6
22	33007	6
22	33008	6
22	33009	6
22	33010	6
22	33011	7
22	33012	7
22	33013	7
22	33014	7
22	33015	5
22	33016	5
22	33017	5
22	33018	5
22	33019	5
22	33020	6
22	33021	5
22	33022	5
22	33023	5
22	33024	4
22	33025	4
22	33026	4
22	33027	4
22	33028	4
22	33029	5
22	33030	6
22	33031	6
22	33032	6
22	33033	6
22	33034	7
22	33035	7
22	33036	7
22	33037	7
22	33038	7
22	33039	7
22	33040	7
22	33041	9
22	33042	9
22	33043	9
22	33044	10
22	33045	10
22	33046	10
22	33047	10
22	33048	10
22	33049	10
22	33050	10
22	33051	10
22	33052	11
22	33053	11
22	33054	11
22	33055	11
22	33056	11
22	33057	12
22	33058	12
22	33059	11
22	33060	11
22	33061	12
22	33062	12
22	33063	12
22	33064	12
22	33065	13
22	33066	14
22	33067	13
22	33068	13
22	33069	13
22	33070	14
22	33071	14
22	33072	14
22	33073	14
22	33074	16
22	33075	17
22	33076	17
22	33077	17
22	33078	17
22	33079	17
22	33080	17
22	33081	17
22	33082	17
22	33083	17
22	33084	17
22	33085	17
22	33086	17
22	33087	17
22	33088	17
22	33089	17
22	33090	17
22	33091	17
22	33092	18
22	33093	18
22	33094	18
22	33095	16
22	33096	16
22	33097	17
22	33098	17
22	33099	17
22	33100	17
22	33101	18
22	33102	19
22	33103	19
22	33104	20
22	33105	20
22	33106	21
22	33107	21
22	33108	21
22	33109	20
22	33110	18
22	33111	18
22	33112	18
22	33113	18
22	33114	18
22	33115	19
22	33116	19
22	33117	19
22	33118	20
22	33119	20
22	33120	19
22	33121	19
22	33122	20
22	33123	20
22	33124	20
22	33125	21
22	33126	20
22	33127	19
22	33128	18
22	33129	18
22	33130	18
22	33131	18
22	33132	17
22	33133	18
22	33134	18
22	33135	18
22	33136	19
22	33137	19
22	33138	19
22	33139	19
22	33140	20
22	33141	20
22	33142	20
22	33143	20
22	33144	20
22	33145	18
22	33146	17
22	33147	17
22	33148	17
22	33149	17
22	33150	17
22	33151	17
22	33152	16
22	33153	16
22	33154	16
22	33155	16
22	33156	16
22	33157	16
22	33158	16
22	33159	16
22	33160	17
22	33161	17
22	33162	17
22	33163	17
22	33164	18
22	33165	18
22	33166	18
22	33167	17
22	33168	15
22	33169	15
22	33170	14
22	33171	14
22	33172	14
22	33173	14
22	33174	14
22	33175	13
22	33176	13
22	33177	13
22	33178	13
22	33179	13
22	33180	13
22	33181	13
22	33182	13
22	33183	13
22	33184	13
22	33185	13
22	33186	14
22	33187	14
22	33188	14
22	33189	14
22	33190	14
22	33191	13
22	33192	13
22	33193	13
22	33194	13
22	33195	12
22	33196	12
22	33197	13
22	33198	13
22	33199	12
22	33200	11
22	33201	11
22	33202	11
22	33203	12
22	33204	12
22	33205	12
22	33206	11
22	33207	11
22	33208	11
22	33209	11
22	33210	11
22	33211	12
22	33212	12
22	33213	12
22	33214	12
22	33215	12
22	33216	12
22	33217	12
22	33218	12
22	33219	13
22	33220	13
22	33221	13
22	33222	13
22	33223	13
22	33224	13
22	33225	13
22	33226	13
22	33227	12
22	33228	12
22	33229	12
22	33230	12
22	33231	12
22	33232	12
22	33233	12
22	33234	12
22	33235	12
22	33236	11
22	33237	11
22	33238	9
22	33239	9
22	33240	10
22	33241	9
22	33242	9
22	33243	8
22	33244	8
22	33245	8
22	33246	8
22	33247	8
22	33248	8
22	33249	6
22	33250	6
22	33251	6
22	33252	6
22	33253	6
22	33254	6
22	33255	6
22	33256	6
22	33257	6
22	33258	5
22	33259	5
22	33260	5
22	33261	5
22	33262	5
22	33263	5
22	33264	5
22	33265	5
22	33266	4
22	33267	4
22	33268	4
22	33269	3
22	33270	2
22	33271	2
22	33272	2
22	33273	2
22	33274	2
22	33275	2
22	33276	2
22	33277	2
22	33278	2
22	33279	2
22	33280	2
22	33281	2
22	33282	2
22	33283	2
22	33284	2
22	33285	1
22	33286	1
22	33287	1
22	33288	1
22	33289	1
22	33290	2
22	33291	2
22	33292	2
22	33293	2
22	33294	2
22	33295	2
22	33296	2
22	33297	2
22	33298	2
22	33299	2
22	33300	2
22	33301	1
22	33302	1
22	33303	1
22	33304	1
22	33305	1
22	33306	1
22	33307	1
22	33308	2
22	33309	3
22	33310	3
22	33311	3
22	33312	4
22	33313	4
22	33314	4
22	33315	4
22	33316	4
22	33317	3
22	33318	3
22	33319	3
22	33320	3
22	33321	3
22	33322	3
22	33323	3
22	33324	3
22	33325	3
22	33326	3
22	33327	3
22	33328	4
22	33329	4
22	33330	4
22	33331	4
22	33332	4
22	33333	4
22	33334	5
22	33335	5
22	33336	5
22	33337	6
22	33338	6
22	33339	7
22	33340	7
22	33341	7
22	33342	7
22	33343	8
22	33344	8
22	33345	8
22	33346	8
22	33347	8
22	33348	8
22	33349	8
22	33350	8
22	33351	8
22	33352	8
22	33353	8
22	33354	8
22	33355	8
22	33356	8
22	33357	8
22	33358	8
22	33359	8
22	33360	8
22	33361	8
22	33362	8
22	33363	8
22	33364	8
22	33365	8
22	33366	8
22	33367	8
22	33368	10
22	33369	11
22	33370	12
22	33371	12
22	33372	12
22	33373	12
22	33374	13
22	33375	14
22	33376	14
22	33377	14
22	33378	14
22	33379	14
22	33380	14
22	33381	14
22	33382	13
22	33383	13
22	33384	12
22	33385	12
22	33386	12
22	33387	12
22	33388	13
22	33389	13
22	33390	12
22	33391	12
22	33392	12
22	33393	12
22	33394	12
22	33395	12
22	33396	11
22	33397	11
22	33398	11
22	33399	11
22	33400	11
22	33401	11
22	33402	12
22	33403	13
22	33404	12
22	33405	12
22	33406	12
22	33407	13
22	33408	12
22	33409	12
22	33410	13
22	33411	12
22	33412	12
22	33413	12
22	33414	12
22	33415	12
22	33416	12
22	33417	13
22	33418	13
22	33419	13
22	33420	13
22	33421	13
22	33422	13
22	33423	13
22	33424	13
22	33425	13
22	33426	12
22	33427	11
22	33428	11
22	33429	11
22	33430	11
22	33431	11
22	33432	12
22	33433	12
22	33434	12
22	33435	12
22	33436	12
22	33437	13
22	33438	13
22	33439	13
22	33440	13
22	33441	14
22	33442	14
22	33443	15
22	33444	15
22	33445	15
22	33446	15
22	33447	14
22	33448	14
22	33449	14
22	33450	14
22	33451	15
22	33452	15
22	33453	15
22	33454	15
22	33455	15
22	33456	14
22	33457	14
22	33458	14
22	33459	13
22	33460	13
22	33461	13
22	33462	13
22	33463	13
22	33464	13
22	33465	13
22	33466	13
22	33467	13
22	33468	13
22	33469	12
22	33470	12
22	33471	12
22	33472	13
22	33473	13
22	33474	13
22	33475	13
22	33476	13
22	33477	13
22	33478	12
22	33479	12
22	33480	12
22	33481	12
22	33482	12
22	33483	13
22	33484	13
22	33485	13
22	33486	13
22	33487	13
22	33488	13
22	33489	14
22	33490	14
22	33491	14
22	33492	15
22	33493	15
22	33494	15
22	33495	16
22	33496	15
22	33497	15
22	33498	15
22	33499	16
22	33500	16
22	33501	18
22	33502	18
22	33503	17
22	33504	17
22	33505	17
22	33506	17
22	33507	17
22	33508	17
22	33509	17
22	33510	17
22	33511	15
22	33512	15
22	33513	15
22	33514	13
22	33515	12
22	33516	12
22	33517	12
22	33518	12
22	33519	13
22	33520	13
22	33521	13
22	33522	13
22	33523	13
22	33524	13
22	33525	13
22	33526	13
22	33527	13
22	33528	13
22	33529	13
22	33530	13
22	33531	13
22	33532	12
22	33533	11
22	33534	11
22	33535	12
22	33536	12
22	33537	12
22	33538	12
22	33539	12
22	33540	12
22	33541	12
22	33542	14
22	33543	14
22	33544	14
22	33545	14
22	33546	14
22	33547	14
22	33548	14
22	33549	14
22	33550	15
22	33551	14
22	33552	14
22	33553	14
22	33554	13
22	33555	13
22	33556	13
22	33557	12
22	33558	12
