22	15502	190
22	15503	189
22	15504	188
22	15505	188
22	15506	191
22	15507	191
22	15508	192
22	15509	191
22	15510	192
22	15511	192
22	15512	192
22	15513	192
22	15514	193
22	15515	193
22	15516	193
22	15517	193
22	15518	195
22	15519	195
22	15520	201
22	15521	204
22	15522	216
22	15523	213
22	15524	214
22	15525	214
22	15526	223
22	15527	226
22	15528	225
22	15529	218
22	15530	218
22	15531	219
22	15532	219
22	15533	218
22	15534	217
22	15535	218
22	15536	224
22	15537	222
22	15538	221
22	15539	221
22	15540	221
22	15541	221
22	15542	207
22	15543	206
22	15544	202
22	15545	202
22	15546	193
22	15547	195
22	15548	198
22	15549	196
22	15550	196
22	15551	195
22	15552	200
22	15553	202
22	15554	202
22	15555	202
22	15556	204
22	15557	203
22	15558	202
22	15559	204
22	15560	199
22	15561	197
22	15562	196
22	15563	196
22	15564	195
22	15565	195
22	15566	195
22	15567	201
22	15568	201
22	15569	199
22	15570	199
22	15571	199
22	15572	196
22	15573	199
22	15574	200
22	15575	202
22	15576	203
22	15577	202
22	15578	205
22	15579	205
22	15580	205
22	15581	206
22	15582	208
22	15583	208
22	15584	209
22	15585	206
22	15586	206
22	15587	206
22	15588	206
22	15589	211
22	15590	208
22	15591	209
22	15592	208
22	15593	205
22	15594	204
22	15595	204
22	15596	205
22	15597	206
22	15598	211
22	15599	211
22	15600	216
22	15601	216
22	15602	216
22	15603	221
22	15604	225
22	15605	223
22	15606	220
22	15607	220
22	15608	218
22	15609	218
22	15610	223
22	15611	222
22	15612	224
22	15613	224
22	15614	226
22	15615	226
22	15616	226
22	15617	226
22	15618	226
22	15619	227
22	15620	226
22	15621	231
22	15622	230
22	15623	223
22	15624	224
22	15625	231
22	15626	235
22	15627	237
22	15628	238
22	15629	238
22	15630	238
22	15631	249
22	15632	248
22	15633	248
22	15634	221
22	15635	221
22	15636	218
22	15637	218
22	15638	219
22	15639	219
22	15640	220
22	15641	221
22	15642	221
22	15643	221
22	15644	223
22	15645	224
22	15646	225
22	15647	224
22	15648	224
22	15649	224
22	15650	225
22	15651	225
22	15652	225
22	15653	225
22	15654	221
22	15655	222
22	15656	222
22	15657	221
22	15658	220
22	15659	219
22	15660	218
22	15661	217
22	15662	217
22	15663	228
22	15664	228
22	15665	231
22	15666	231
22	15667	231
22	15668	231
22	15669	227
22	15670	225
22	15671	215
22	15672	207
22	15673	205
22	15674	207
22	15675	194
22	15676	196
22	15677	200
22	15678	199
22	15679	197
22	15680	196
22	15681	199
22	15682	199
22	15683	202
22	15684	199
22	15685	198
22	15686	198
22	15687	198
22	15688	198
22	15689	198
22	15690	197
22	15691	197
22	15692	194
22	15693	197
22	15694	199
22	15695	199
22	15696	194
22	15697	192
22	15698	192
22	15699	192
22	15700	192
22	15701	191
22	15702	184
22	15703	183
22	15704	181
22	15705	181
22	15706	180
22	15707	182
22	15708	190
22	15709	190
22	15710	191
22	15711	188
22	15712	188
22	15713	193
22	15714	196
22	15715	195
22	15716	196
22	15717	192
22	15718	197
22	15719	200
22	15720	200
22	15721	199
22	15722	196
22	15723	197
22	15724	196
22	15725	193
22	15726	192
22	15727	190
22	15728	190
22	15729	191
22	15730	191
22	15731	190
22	15732	190
22	15733	192
22	15734	191
22	15735	193
22	15736	200
22	15737	201
22	15738	198
22	15739	198
22	15740	199
22	15741	202
22	15742	204
22	15743	205
22	15744	205
22	15745	205
22	15746	203
22	15747	204
22	15748	199
22	15749	203
22	15750	193
22	15751	194
22	15752	189
22	15753	193
22	15754	192
22	15755	192
22	15756	194
22	15757	195
22	15758	191
22	15759	191
22	15760	203
22	15761	206
22	15762	203
22	15763	203
22	15764	203
22	15765	204
22	15766	205
22	15767	204
22	15768	206
22	15769	201
22	15770	201
22	15771	201
22	15772	207
22	15773	209
22	15774	210
22	15775	203
22	15776	198
22	15777	198
22	15778	199
22	15779	199
22	15780	200
22	15781	189
22	15782	189
22	15783	191
22	15784	191
22	15785	190
22	15786	187
22	15787	186
22	15788	187
22	15789	189
22	15790	190
22	15791	188
22	15792	188
22	15793	192
22	15794	191
22	15795	189
22	15796	187
22	15797	187
22	15798	187
22	15799	186
22	15800	185
22	15801	185
22	15802	190
22	15803	190
22	15804	190
22	15805	191
22	15806	196
22	15807	196
22	15808	196
22	15809	196
22	15810	196
22	15811	197
22	15812	198
22	15813	192
22	15814	189
22	15815	188
22	15816	188
22	15817	203
22	15818	209
22	15819	210
22	15820	210
22	15821	211
22	15822	211
22	15823	214
22	15824	214
22	15825	212
22	15826	214
22	15827	208
22	15828	213
22	15829	207
22	15830	209
22	15831	209
22	15832	205
22	15833	209
22	15834	210
22	15835	211
22	15836	211
22	15837	209
22	15838	211
22	15839	211
22	15840	211
22	15841	210
22	15842	210
22	15843	208
22	15844	210
22	15845	213
22	15846	213
22	15847	213
22	15848	213
22	15849	214
22	15850	215
22	15851	216
22	15852	218
22	15853	218
22	15854	221
22	15855	236
22	15856	238
22	15857	230
22	15858	229
22	15859	230
22	15860	229
22	15861	227
22	15862	222
22	15863	221
22	15864	221
22	15865	221
22	15866	219
22	15867	219
22	15868	219
22	15869	218
22	15870	218
22	15871	218
22	15872	222
22	15873	222
22	15874	232
22	15875	232
22	15876	239
22	15877	237
22	15878	243
22	15879	244
22	15880	242
22	15881	244
22	15882	244
22	15883	241
22	15884	238
22	15885	234
22	15886	236
22	15887	239
22	15888	237
22	15889	240
22	15890	240
22	15891	234
22	15892	232
22	15893	232
22	15894	233
22	15895	235
22	15896	233
22	15897	234
22	15898	231
22	15899	231
22	15900	231
22	15901	231
22	15902	231
22	15903	229
22	15904	229
22	15905	228
22	15906	228
22	15907	225
22	15908	224
22	15909	225
22	15910	211
22	15911	211
22	15912	216
22	15913	215
22	15914	215
22	15915	215
22	15916	214
22	15917	226
22	15918	224
22	15919	223
22	15920	225
22	15921	225
22	15922	218
22	15923	218
22	15924	218
22	15925	221
22	15926	221
22	15927	218
22	15928	218
22	15929	216
22	15930	219
22	15931	222
22	15932	223
22	15933	222
22	15934	226
22	15935	228
22	15936	227
22	15937	228
22	15938	226
22	15939	224
22	15940	223
22	15941	224
22	15942	224
22	15943	221
22	15944	222
22	15945	223
22	15946	224
22	15947	224
22	15948	223
22	15949	223
22	15950	225
22	15951	221
22	15952	223
22	15953	222
22	15954	222
22	15955	221
22	15956	217
22	15957	223
22	15958	220
22	15959	220
22	15960	218
22	15961	219
22	15962	218
22	15963	220
22	15964	219
22	15965	219
22	15966	199
22	15967	199
22	15968	196
22	15969	195
22	15970	196
22	15971	195
22	15972	197
22	15973	194
22	15974	195
22	15975	196
22	15976	192
22	15977	194
22	15978	189
22	15979	190
22	15980	187
22	15981	191
22	15982	190
22	15983	189
22	15984	190
22	15985	190
22	15986	191
22	15987	192
22	15988	190
22	15989	191
22	15990	191
22	15991	191
22	15992	188
22	15993	188
22	15994	185
22	15995	184
22	15996	190
22	15997	204
22	15998	209
22	15999	208
22	16000	207
22	16001	207
22	16002	206
22	16003	209
22	16004	205
22	16005	191
22	16006	191
22	16007	192
22	16008	192
22	16009	193
22	16010	192
22	16011	194
22	16012	194
22	16013	195
22	16014	194
22	16015	192
22	16016	194
22	16017	196
22	16018	198
22	16019	203
22	16020	207
22	16021	204
22	16022	205
22	16023	203
22	16024	199
22	16025	199
22	16026	190
22	16027	192
22	16028	186
22	16029	185
22	16030	187
22	16031	187
22	16032	188
22	16033	188
22	16034	191
22	16035	194
22	16036	198
22	16037	195
22	16038	196
22	16039	193
22	16040	194
22	16041	193
22	16042	193
22	16043	196
22	16044	194
22	16045	193
22	16046	195
22	16047	195
22	16048	195
22	16049	194
22	16050	192
22	16051	191
22	16052	188
22	16053	189
22	16054	191
22	16055	190
22	16056	190
22	16057	190
22	16058	195
22	16059	198
22	16060	199
22	16061	193
22	16062	193
22	16063	193
22	16064	198
22	16065	198
22	16066	198
22	16067	186
22	16068	183
22	16069	181
22	16070	181
22	16071	181
22	16072	182
22	16073	182
22	16074	182
22	16075	180
22	16076	184
22	16077	185
22	16078	187
22	16079	188
22	16080	183
22	16081	185
22	16082	184
22	16083	184
22	16084	182
22	16085	181
22	16086	181
22	16087	181
22	16088	181
22	16089	181
22	16090	185
22	16091	195
22	16092	196
22	16093	197
22	16094	194
22	16095	193
22	16096	192
22	16097	193
22	16098	195
22	16099	194
22	16100	193
22	16101	193
22	16102	191
22	16103	192
22	16104	192
22	16105	190
22	16106	186
22	16107	188
22	16108	192
22	16109	192
22	16110	192
22	16111	191
22	16112	190
22	16113	189
22	16114	190
22	16115	192
22	16116	192
22	16117	186
22	16118	186
22	16119	191
22	16120	191
22	16121	188
22	16122	190
22	16123	189
22	16124	193
22	16125	192
22	16126	192
22	16127	192
22	16128	193
22	16129	194
22	16130	194
22	16131	191
22	16132	192
22	16133	191
22	16134	191
22	16135	196
22	16136	195
22	16137	198
22	16138	202
22	16139	205
22	16140	203
22	16141	204
22	16142	204
22	16143	204
22	16144	204
22	16145	205
22	16146	198
22	16147	184
22	16148	179
22	16149	181
22	16150	182
22	16151	181
22	16152	179
22	16153	179
22	16154	178
22	16155	177
22	16156	177
22	16157	176
22	16158	177
22	16159	176
22	16160	177
22	16161	176
22	16162	176
22	16163	175
22	16164	175
22	16165	171
22	16166	168
22	16167	168
22	16168	167
22	16169	165
22	16170	163
22	16171	164
22	16172	162
22	16173	162
22	16174	160
22	16175	161
22	16176	162
22	16177	162
22	16178	160
22	16179	160
22	16180	160
22	16181	159
22	16182	158
22	16183	156
22	16184	152
22	16185	149
22	16186	144
22	16187	148
22	16188	144
22	16189	144
22	16190	144
22	16191	144
22	16192	145
22	16193	144
22	16194	144
22	16195	146
22	16196	144
22	16197	145
22	16198	155
22	16199	155
22	16200	158
22	16201	158
22	16202	158
22	16203	156
22	16204	156
22	16205	157
22	16206	157
22	16207	160
22	16208	159
22	16209	157
22	16210	157
22	16211	157
22	16212	158
22	16213	162
22	16214	161
22	16215	160
22	16216	160
22	16217	161
22	16218	162
22	16219	162
22	16220	162
22	16221	162
22	16222	164
22	16223	164
22	16224	162
22	16225	163
22	16226	159
22	16227	159
22	16228	156
22	16229	156
22	16230	155
22	16231	151
22	16232	171
22	16233	169
22	16234	172
22	16235	172
22	16236	172
22	16237	175
22	16238	174
22	16239	174
22	16240	169
22	16241	157
22	16242	155
22	16243	156
22	16244	157
22	16245	158
22	16246	156
22	16247	156
22	16248	157
22	16249	159
22	16250	160
22	16251	160
22	16252	160
22	16253	158
22	16254	159
22	16255	161
22	16256	160
22	16257	156
22	16258	155
22	16259	157
22	16260	159
22	16261	159
22	16262	159
22	16263	158
22	16264	155
22	16265	163
22	16266	163
22	16267	162
22	16268	159
22	16269	158
22	16270	159
22	16271	160
22	16272	158
22	16273	157
22	16274	155
22	16275	155
22	16276	162
22	16277	163
22	16278	167
22	16279	166
22	16280	166
22	16281	168
22	16282	167
22	16283	167
22	16284	162
22	16285	157
22	16286	157
22	16287	156
22	16288	149
22	16289	148
22	16290	148
22	16291	147
22	16292	149
22	16293	149
22	16294	148
22	16295	151
22	16296	152
22	16297	152
22	16298	152
22	16299	152
22	16300	153
22	16301	153
22	16302	153
22	16303	153
22	16304	155
22	16305	155
22	16306	155
22	16307	154
22	16308	152
22	16309	154
22	16310	156
22	16311	156
22	16312	156
22	16313	156
22	16314	156
22	16315	160
22	16316	161
22	16317	160
22	16318	159
22	16319	157
22	16320	156
22	16321	155
22	16322	154
22	16323	152
22	16324	151
22	16325	154
22	16326	151
22	16327	151
22	16328	150
22	16329	150
22	16330	151
22	16331	152
22	16332	161
22	16333	161
22	16334	161
22	16335	161
22	16336	158
22	16337	162
22	16338	162
22	16339	167
22	16340	167
22	16341	167
22	16342	167
22	16343	165
22	16344	163
22	16345	163
22	16346	163
22	16347	163
22	16348	152
22	16349	152
22	16350	151
22	16351	151
22	16352	151
22	16353	151
22	16354	154
22	16355	154
22	16356	155
22	16357	151
22	16358	148
22	16359	149
22	16360	148
22	16361	148
22	16362	148
22	16363	145
22	16364	143
22	16365	142
22	16366	141
22	16367	141
22	16368	142
22	16369	147
22	16370	146
22	16371	143
22	16372	142
22	16373	148
22	16374	152
22	16375	153
22	16376	152
22	16377	154
22	16378	158
22	16379	157
22	16380	160
22	16381	163
22	16382	146
22	16383	146
22	16384	147
22	16385	147
22	16386	147
22	16387	146
22	16388	146
22	16389	148
22	16390	148
22	16391	148
22	16392	148
22	16393	149
22	16394	148
22	16395	149
22	16396	149
22	16397	146
22	16398	146
22	16399	145
22	16400	145
22	16401	150
22	16402	151
22	16403	150
22	16404	150
22	16405	151
22	16406	148
22	16407	150
22	16408	148
22	16409	146
22	16410	146
22	16411	146
22	16412	147
22	16413	141
22	16414	143
22	16415	143
22	16416	144
22	16417	144
22	16418	149
22	16419	149
22	16420	161
22	16421	160
22	16422	163
22	16423	164
22	16424	167
22	16425	167
22	16426	160
22	16427	156
22	16428	153
22	16429	153
22	16430	153
22	16431	151
22	16432	152
22	16433	154
22	16434	154
22	16435	155
22	16436	155
22	16437	155
22	16438	155
22	16439	157
22	16440	161
22	16441	161
22	16442	158
22	16443	158
22	16444	161
22	16445	158
22	16446	157
22	16447	157
22	16448	154
22	16449	153
22	16450	154
22	16451	154
22	16452	155
22	16453	155
22	16454	153
22	16455	154
22	16456	155
22	16457	152
22	16458	152
22	16459	152
22	16460	152
22	16461	152
22	16462	152
22	16463	153
22	16464	148
22	16465	148
22	16466	149
22	16467	148
22	16468	148
22	16469	151
22	16470	151
22	16471	154
22	16472	155
22	16473	160
22	16474	160
22	16475	157
22	16476	158
22	16477	158
22	16478	158
22	16479	159
22	16480	158
22	16481	157
22	16482	147
22	16483	151
22	16484	151
22	16485	152
22	16486	153
22	16487	149
22	16488	149
22	16489	144
22	16490	144
22	16491	143
22	16492	143
22	16493	144
22	16494	144
22	16495	143
22	16496	143
22	16497	143
22	16498	145
22	16499	145
22	16500	143
22	16501	143
22	16502	145
22	16503	145
22	16504	142
22	16505	141
22	16506	140
22	16507	139
22	16508	139
22	16509	139
22	16510	143
22	16511	143
22	16512	145
22	16513	147
22	16514	146
22	16515	147
22	16516	148
22	16517	149
22	16518	148
22	16519	142
22	16520	143
22	16521	144
22	16522	154
22	16523	149
22	16524	152
22	16525	151
22	16526	151
22	16527	149
22	16528	145
22	16529	145
22	16530	145
22	16531	142
22	16532	141
22	16533	144
22	16534	142
22	16535	143
22	16536	141
22	16537	141
22	16538	141
22	16539	140
22	16540	140
22	16541	144
22	16542	144
22	16543	144
22	16544	144
22	16545	144
22	16546	144
22	16547	144
22	16548	144
22	16549	152
22	16550	153
22	16551	150
22	16552	151
22	16553	152
22	16554	152
22	16555	152
22	16556	152
22	16557	151
22	16558	155
22	16559	156
22	16560	170
22	16561	174
22	16562	173
22	16563	172
22	16564	170
22	16565	172
22	16566	174
22	16567	176
22	16568	172
22	16569	162
22	16570	161
22	16571	161
22	16572	162
22	16573	160
22	16574	158
22	16575	158
22	16576	158
22	16577	160
22	16578	161
22	16579	161
22	16580	161
22	16581	161
22	16582	163
22	16583	162
22	16584	162
22	16585	161
22	16586	161
22	16587	160
22	16588	159
22	16589	156
22	16590	156
22	16591	157
22	16592	157
22	16593	157
22	16594	155
22	16595	154
22	16596	156
22	16597	157
22	16598	158
22	16599	159
22	16600	165
22	16601	166
22	16602	167
22	16603	167
22	16604	168
22	16605	167
22	16606	169
22	16607	171
22	16608	173
22	16609	167
22	16610	167
22	16611	168
22	16612	168
22	16613	167
22	16614	172
22	16615	172
22	16616	172
22	16617	172
22	16618	177
22	16619	177
22	16620	180
22	16621	182
22	16622	180
22	16623	176
22	16624	176
22	16625	176
22	16626	175
22	16627	174
22	16628	176
22	16629	177
22	16630	177
22	16631	179
22	16632	179
22	16633	177
22	16634	177
22	16635	176
22	16636	177
22	16637	185
22	16638	186
22	16639	189
22	16640	189
22	16641	189
22	16642	189
22	16643	189
22	16644	189
22	16645	188
22	16646	188
22	16647	189
22	16648	187
22	16649	189
22	16650	189
22	16651	189
22	16652	187
22	16653	187
22	16654	187
22	16655	190
22	16656	190
22	16657	191
22	16658	191
22	16659	194
22	16660	190
22	16661	190
22	16662	194
22	16663	196
22	16664	205
22	16665	205
22	16666	204
22	16667	204
22	16668	209
22	16669	209
22	16670	209
22	16671	205
22	16672	198
22	16673	201
22	16674	206
22	16675	206
22	16676	206
22	16677	206
22	16678	207
22	16679	206
22	16680	205
22	16681	205
22	16682	206
22	16683	205
22	16684	204
22	16685	204
22	16686	204
22	16687	204
22	16688	207
22	16689	209
22	16690	207
22	16691	208
22	16692	207
22	16693	207
22	16694	208
22	16695	208
22	16696	208
22	16697	208
22	16698	207
22	16699	198
22	16700	198
22	16701	197
22	16702	197
22	16703	196
22	16704	195
22	16705	194
22	16706	194
22	16707	194
22	16708	190
22	16709	187
22	16710	178
22	16711	175
22	16712	176
22	16713	175
22	16714	175
22	16715	173
22	16716	169
22	16717	169
22	16718	169
22	16719	169
22	16720	168
22	16721	168
22	16722	168
22	16723	164
22	16724	163
22	16725	164
22	16726	164
22	16727	162
22	16728	161
22	16729	161
22	16730	164
22	16731	162
22	16732	160
22	16733	160
22	16734	160
22	16735	159
22	16736	161
22	16737	161
22	16738	161
22	16739	162
22	16740	162
22	16741	161
22	16742	161
22	16743	161
22	16744	161
22	16745	162
22	16746	161
22	16747	161
22	16748	161
22	16749	159
22	16750	154
22	16751	153
22	16752	149
22	16753	148
22	16754	154
22	16755	154
22	16756	153
22	16757	153
22	16758	151
22	16759	151
22	16760	151
22	16761	150
22	16762	149
22	16763	144
22	16764	143
22	16765	142
22	16766	142
22	16767	142
22	16768	142
22	16769	142
22	16770	139
22	16771	136
22	16772	137
22	16773	137
22	16774	137
22	16775	137
22	16776	137
22	16777	139
22	16778	140
22	16779	140
22	16780	139
22	16781	139
22	16782	139
22	16783	139
22	16784	139
22	16785	138
22	16786	137
22	16787	129
22	16788	128
22	16789	131
22	16790	132
22	16791	132
22	16792	131
22	16793	130
22	16794	130
22	16795	130
22	16796	130
22	16797	130
22	16798	128
22	16799	128
22	16800	130
22	16801	130
22	16802	130
22	16803	128
22	16804	131
22	16805	132
22	16806	133
22	16807	132
22	16808	131
22	16809	128
22	16810	128
22	16811	128
22	16812	124
22	16813	119
22	16814	120
22	16815	118
22	16816	113
22	16817	113
22	16818	110
22	16819	110
22	16820	109
22	16821	109
22	16822	104
22	16823	96
22	16824	95
22	16825	95
22	16826	95
22	16827	95
22	16828	93
22	16829	92
22	16830	26
22	16831	26
22	16832	25
22	16833	21
22	16834	20
22	16835	20
22	16836	20
22	16837	20
22	16838	15
22	16839	91
22	16840	95
22	16841	94
22	16842	95
22	16843	96
22	16844	96
22	16845	96
22	16846	96
22	16847	91
22	16848	91
22	16849	98
22	16850	99
22	16851	101
22	16852	101
22	16853	101
22	16854	101
22	16855	102
22	16856	107
22	16857	107
22	16858	108
22	16859	109
22	16860	109
22	16861	109
22	16862	109
22	16863	109
22	16864	109
22	16865	109
22	16866	109
22	16867	109
22	16868	112
22	16869	111
22	16870	111
22	16871	110
22	16872	111
22	16873	111
22	16874	113
22	16875	113
22	16876	113
22	16877	113
22	16878	114
22	16879	109
22	16880	108
22	16881	109
22	16882	110
22	16883	110
22	16884	110
22	16885	107
22	16886	109
22	16887	109
22	16888	108
22	16889	108
22	16890	108
22	16891	108
22	16892	108
22	16893	108
22	16894	110
22	16895	111
22	16896	110
22	16897	110
22	16898	109
22	16899	119
22	16900	119
22	16901	120
22	16902	120
22	16903	119
22	16904	118
22	16905	117
22	16906	117
22	16907	115
22	16908	115
22	16909	116
22	16910	120
22	16911	119
22	16912	119
22	16913	118
22	16914	118
22	16915	118
22	16916	117
22	16917	117
22	16918	119
22	16919	122
22	16920	125
22	16921	125
22	16922	128
22	16923	129
22	16924	129
22	16925	129
22	16926	130
22	16927	121
22	16928	118
22	16929	120
22	16930	120
22	16931	120
22	16932	120
22	16933	120
22	16934	121
22	16935	121
22	16936	120
22	16937	119
22	16938	119
22	16939	119
22	16940	121
22	16941	121
22	16942	123
22	16943	123
22	16944	124
22	16945	124
22	16946	124
22	16947	128
22	16948	125
22	16949	127
22	16950	127
22	16951	125
22	16952	126
22	16953	126
22	16954	130
22	16955	132
22	16956	138
22	16957	138
22	16958	138
22	16959	137
22	16960	137
22	16961	137
22	16962	137
22	16963	133
22	16964	133
22	16965	132
22	16966	133
22	16967	133
22	16968	133
22	16969	134
22	16970	134
22	16971	135
22	16972	135
22	16973	134
22	16974	134
22	16975	134
22	16976	134
22	16977	134
22	16978	134
22	16979	134
22	16980	133
22	16981	137
22	16982	137
22	16983	137
22	16984	141
22	16985	141
22	16986	142
22	16987	142
22	16988	141
22	16989	142
22	16990	142
22	16991	142
22	16992	143
22	16993	142
22	16994	143
22	16995	151
22	16996	150
22	16997	151
22	16998	149
22	16999	144
22	17000	145
22	17001	143
22	17002	144
22	17003	144
22	17004	140
22	17005	147
22	17006	147
22	17007	147
22	17008	146
22	17009	147
22	17010	148
22	17011	152
22	17012	152
22	17013	152
22	17014	152
22	17015	152
22	17016	155
22	17017	155
22	17018	152
22	17019	151
22	17020	153
22	17021	153
22	17022	158
22	17023	158
22	17024	155
22	17025	156
22	17026	155
22	17027	155
22	17028	155
22	17029	154
22	17030	154
22	17031	152
22	17032	152
22	17033	154
22	17034	154
22	17035	162
22	17036	158
22	17037	158
22	17038	162
22	17039	162
22	17040	175
22	17041	179
22	17042	179
22	17043	177
22	17044	169
22	17045	171
22	17046	175
22	17047	174
22	17048	174
22	17049	160
22	17050	160
22	17051	161
22	17052	166
22	17053	168
22	17054	168
22	17055	174
22	17056	174
22	17057	174
22	17058	175
22	17059	167
22	17060	172
22	17061	173
22	17062	176
22	17063	176
22	17064	176
22	17065	177
22	17066	177
22	17067	176
22	17068	169
22	17069	169
22	17070	169
22	17071	169
22	17072	169
22	17073	168
22	17074	169
22	17075	169
22	17076	169
22	17077	169
22	17078	165
22	17079	164
22	17080	166
22	17081	166
22	17082	168
22	17083	169
22	17084	170
22	17085	171
22	17086	171
22	17087	171
22	17088	171
22	17089	168
22	17090	168
22	17091	168
22	17092	175
22	17093	174
22	17094	174
22	17095	174
22	17096	171
22	17097	175
22	17098	175
22	17099	173
22	17100	174
22	17101	182
22	17102	181
22	17103	179
22	17104	179
22	17105	170
22	17106	170
22	17107	172
22	17108	171
22	17109	171
22	17110	172
22	17111	173
22	17112	172
22	17113	174
22	17114	175
22	17115	175
22	17116	175
22	17117	175
22	17118	175
22	17119	174
22	17120	174
22	17121	177
22	17122	178
22	17123	178
22	17124	178
22	17125	181
22	17126	181
22	17127	181
22	17128	181
22	17129	181
22	17130	181
22	17131	178
22	17132	178
22	17133	174
22	17134	176
22	17135	182
22	17136	181
22	17137	180
22	17138	179
22	17139	180
22	17140	179
22	17141	179
22	17142	180
22	17143	182
22	17144	173
22	17145	174
22	17146	173
22	17147	172
22	17148	172
22	17149	172
22	17150	170
22	17151	172
22	17152	173
22	17153	174
22	17154	168
22	17155	168
22	17156	168
22	17157	168
22	17158	168
22	17159	166
22	17160	165
22	17161	163
22	17162	163
22	17163	166
22	17164	166
22	17165	166
22	17166	166
22	17167	166
22	17168	166
22	17169	167
22	17170	168
22	17171	170
22	17172	164
22	17173	162
22	17174	164
22	17175	164
22	17176	164
22	17177	164
22	17178	164
22	17179	164
22	17180	167
22	17181	167
22	17182	160
22	17183	158
22	17184	159
22	17185	159
22	17186	160
22	17187	161
22	17188	161
22	17189	161
22	17190	154
22	17191	151
22	17192	151
22	17193	160
22	17194	160
22	17195	159
22	17196	159
22	17197	159
22	17198	158
22	17199	160
22	17200	157
22	17201	160
22	17202	155
22	17203	156
22	17204	158
22	17205	152
22	17206	153
22	17207	156
22	17208	155
22	17209	156
22	17210	151
22	17211	151
22	17212	149
22	17213	151
22	17214	152
22	17215	151
22	17216	150
22	17217	150
22	17218	150
22	17219	150
22	17220	150
22	17221	150
22	17222	151
22	17223	150
22	17224	153
22	17225	152
22	17226	152
22	17227	155
22	17228	155
22	17229	153
22	17230	153
22	17231	152
22	17232	151
22	17233	150
22	17234	151
22	17235	150
22	17236	151
22	17237	152
22	17238	156
22	17239	155
22	17240	153
22	17241	146
22	17242	147
22	17243	149
22	17244	150
22	17245	150
22	17246	149
22	17247	145
22	17248	149
22	17249	149
22	17250	148
22	17251	139
22	17252	138
22	17253	138
22	17254	138
22	17255	138
22	17256	138
22	17257	137
22	17258	137
22	17259	137
22	17260	135
22	17261	137
22	17262	136
22	17263	134
22	17264	134
22	17265	134
22	17266	133
22	17267	133
22	17268	133
22	17269	133
22	17270	128
22	17271	128
22	17272	131
22	17273	131
22	17274	131
22	17275	130
22	17276	134
22	17277	139
22	17278	144
22	17279	144
22	17280	143
22	17281	143
22	17282	145
22	17283	144
22	17284	142
22	17285	136
22	17286	137
22	17287	138
22	17288	138
22	17289	135
22	17290	134
22	17291	134
22	17292	133
22	17293	131
22	17294	121
22	17295	120
22	17296	120
22	17297	121
22	17298	122
22	17299	121
22	17300	128
22	17301	126
22	17302	135
22	17303	139
22	17304	140
22	17305	140
22	17306	140
22	17307	141
22	17308	142
22	17309	133
22	17310	133
22	17311	133
22	17312	133
22	17313	133
22	17314	131
22	17315	130
22	17316	130
22	17317	129
22	17318	129
22	17319	124
22	17320	124
22	17321	126
22	17322	126
22	17323	129
22	17324	129
22	17325	131
22	17326	131
22	17327	131
22	17328	134
22	17329	135
22	17330	135
22	17331	136
22	17332	136
22	17333	137
22	17334	137
22	17335	136
22	17336	135
22	17337	137
22	17338	138
22	17339	139
22	17340	139
22	17341	139
22	17342	140
22	17343	131
22	17344	132
22	17345	132
22	17346	134
22	17347	135
22	17348	136
22	17349	137
22	17350	138
22	17351	136
22	17352	136
22	17353	133
22	17354	129
22	17355	129
22	17356	127
22	17357	125
22	17358	125
22	17359	123
22	17360	123
22	17361	123
22	17362	122
22	17363	122
22	17364	122
22	17365	122
22	17366	122
22	17367	123
22	17368	125
22	17369	126
22	17370	127
22	17371	127
22	17372	126
22	17373	124
22	17374	125
22	17375	125
22	17376	123
22	17377	135
22	17378	135
22	17379	137
22	17380	136
22	17381	137
22	17382	137
22	17383	139
22	17384	140
22	17385	140
22	17386	140
22	17387	140
22	17388	140
22	17389	143
22	17390	144
22	17391	144
22	17392	142
22	17393	142
22	17394	148
22	17395	149
22	17396	149
22	17397	147
22	17398	147
22	17399	147
22	17400	147
22	17401	146
22	17402	148
22	17403	148
22	17404	148
22	17405	146
22	17406	147
22	17407	148
22	17408	148
22	17409	148
22	17410	148
22	17411	148
22	17412	149
22	17413	152
22	17414	152
22	17415	152
22	17416	151
22	17417	151
22	17418	152
22	17419	152
22	17420	152
22	17421	153
22	17422	152
22	17423	152
22	17424	153
22	17425	152
22	17426	149
22	17427	145
22	17428	140
22	17429	142
22	17430	142
22	17431	143
22	17432	143
22	17433	148
22	17434	148
22	17435	148
22	17436	147
22	17437	144
22	17438	146
22	17439	146
22	17440	146
22	17441	149
22	17442	149
22	17443	149
22	17444	151
22	17445	151
22	17446	150
22	17447	150
22	17448	153
22	17449	155
22	17450	161
22	17451	161
22	17452	148
22	17453	146
22	17454	145
22	17455	145
22	17456	152
22	17457	151
22	17458	150
22	17459	150
22	17460	151
22	17461	156
22	17462	157
22	17463	157
22	17464	157
22	17465	157
22	17466	161
22	17467	160
22	17468	160
22	17469	158
22	17470	159
22	17471	155
22	17472	155
22	17473	152
22	17474	152
22	17475	148
22	17476	152
22	17477	149
22	17478	146
22	17479	146
22	17480	146
22	17481	145
22	17482	145
22	17483	146
22	17484	145
22	17485	140
22	17486	140
22	17487	139
22	17488	139
22	17489	139
22	17490	139
22	17491	139
22	17492	137
22	17493	136
22	17494	136
22	17495	136
22	17496	135
22	17497	135
22	17498	134
22	17499	132
22	17500	131
22	17501	130
22	17502	130
22	17503	130
22	17504	130
22	17505	130
22	17506	130
22	17507	131
22	17508	133
22	17509	133
22	17510	132
22	17511	132
22	17512	132
22	17513	131
22	17514	131
22	17515	131
22	17516	133
22	17517	132
22	17518	132
22	17519	131
22	17520	130
22	17521	130
22	17522	130
22	17523	129
22	17524	128
22	17525	127
22	17526	127
22	17527	115
22	17528	113
22	17529	113
22	17530	115
22	17531	114
22	17532	112
22	17533	111
22	17534	110
22	17535	110
22	17536	110
22	17537	107
22	17538	104
22	17539	104
22	17540	104
22	17541	104
22	17542	104
22	17543	98
22	17544	99
22	17545	99
22	17546	99
22	17547	99
22	17548	99
22	17549	100
22	17550	101
22	17551	101
22	17552	99
22	17553	99
22	17554	98
22	17555	98
22	17556	97
22	17557	96
22	17558	96
22	17559	96
22	17560	96
22	17561	95
22	17562	95
22	17563	92
22	17564	92
22	17565	91
22	17566	91
22	17567	91
22	17568	91
22	17569	97
22	17570	97
22	17571	96
22	17572	96
22	17573	94
22	17574	95
22	17575	94
22	17576	91
22	17577	91
22	17578	91
22	17579	91
22	17580	91
22	17581	92
22	17582	97
22	17583	91
22	17584	91
22	17585	91
22	17586	91
22	17587	91
22	17588	90
22	17589	91
22	17590	91
22	17591	87
22	17592	87
22	17593	86
22	17594	86
22	17595	87
22	17596	87
22	17597	89
22	17598	87
22	17599	82
22	17600	82
22	17601	82
22	17602	83
22	17603	83
22	17604	83
22	17605	83
22	17606	80
22	17607	79
22	17608	74
22	17609	74
22	17610	74
22	17611	70
22	17612	73
22	17613	73
22	17614	73
22	17615	74
22	17616	74
22	17617	74
22	17618	74
22	17619	73
22	17620	73
22	17621	73
22	17622	73
22	17623	73
22	17624	73
22	17625	73
22	17626	72
22	17627	72
22	17628	73
22	17629	72
22	17630	73
22	17631	73
22	17632	71
22	17633	72
22	17634	72
22	17635	72
22	17636	72
22	17637	72
22	17638	72
22	17639	70
22	17640	72
22	17641	74
22	17642	74
22	17643	74
22	17644	74
22	17645	74
22	17646	72
22	17647	71
22	17648	71
22	17649	71
22	17650	55
22	17651	54
22	17652	54
22	17653	54
22	17654	54
22	17655	54
22	17656	54
22	17657	54
22	17658	54
22	17659	53
22	17660	53
22	17661	53
22	17662	53
22	17663	53
22	17664	74
22	17665	74
22	17666	74
22	17667	74
22	17668	74
22	17669	81
22	17670	82
22	17671	82
22	17672	82
22	17673	83
22	17674	83
22	17675	83
22	17676	83
22	17677	83
22	17678	84
22	17679	83
22	17680	84
22	17681	84
22	17682	84
22	17683	86
22	17684	89
22	17685	89
22	17686	92
22	17687	92
22	17688	98
22	17689	99
22	17690	99
22	17691	99
22	17692	98
22	17693	91
22	17694	94
22	17695	95
22	17696	96
22	17697	96
22	17698	95
22	17699	94
22	17700	94
22	17701	94
22	17702	94
22	17703	93
22	17704	83
22	17705	83
22	17706	83
22	17707	86
22	17708	85
22	17709	87
22	17710	95
22	17711	95
22	17712	97
22	17713	97
22	17714	97
22	17715	100
22	17716	100
22	17717	102
22	17718	103
22	17719	103
22	17720	108
22	17721	111
22	17722	106
22	17723	106
22	17724	107
22	17725	108
22	17726	109
22	17727	110
22	17728	110
22	17729	109
22	17730	109
22	17731	105
22	17732	106
22	17733	108
22	17734	111
22	17735	111
22	17736	111
22	17737	110
22	17738	110
22	17739	110
22	17740	113
22	17741	110
22	17742	111
22	17743	112
22	17744	112
22	17745	113
22	17746	113
22	17747	114
22	17748	120
22	17749	120
22	17750	120
22	17751	120
22	17752	124
22	17753	120
22	17754	117
22	17755	117
22	17756	119
22	17757	120
22	17758	127
22	17759	127
22	17760	129
22	17761	129
22	17762	132
22	17763	132
22	17764	131
22	17765	132
22	17766	133
22	17767	135
22	17768	135
22	17769	135
22	17770	135
22	17771	136
22	17772	137
22	17773	143
22	17774	143
22	17775	143
22	17776	142
22	17777	143
22	17778	143
22	17779	145
22	17780	145
22	17781	145
22	17782	147
22	17783	147
22	17784	147
22	17785	147
22	17786	146
22	17787	146
22	17788	151
22	17789	151
22	17790	151
22	17791	152
22	17792	154
22	17793	154
22	17794	153
22	17795	150
22	17796	150
22	17797	152
22	17798	152
22	17799	152
22	17800	152
22	17801	152
22	17802	156
22	17803	161
22	17804	162
22	17805	162
22	17806	163
22	17807	162
22	17808	163
22	17809	163
22	17810	165
22	17811	162
22	17812	168
22	17813	168
22	17814	168
22	17815	168
22	17816	166
22	17817	169
22	17818	170
22	17819	170
22	17820	169
22	17821	169
22	17822	171
22	17823	172
22	17824	173
22	17825	173
22	17826	173
22	17827	173
22	17828	172
22	17829	171
22	17830	171
22	17831	171
22	17832	169
22	17833	169
22	17834	167
22	17835	167
22	17836	172
22	17837	173
22	17838	174
22	17839	174
22	17840	174
22	17841	174
22	17842	175
22	17843	178
22	17844	179
22	17845	179
22	17846	179
22	17847	179
22	17848	180
22	17849	176
22	17850	176
22	17851	176
22	17852	179
22	17853	181
22	17854	181
22	17855	182
22	17856	182
22	17857	180
22	17858	181
22	17859	181
22	17860	181
22	17861	180
22	17862	180
22	17863	185
22	17864	182
22	17865	182
22	17866	181
22	17867	185
22	17868	196
22	17869	197
22	17870	195
22	17871	190
22	17872	191
22	17873	191
22	17874	191
22	17875	191
22	17876	192
22	17877	192
22	17878	192
22	17879	191
22	17880	196
22	17881	200
22	17882	198
22	17883	198
22	17884	196
22	17885	196
22	17886	196
22	17887	196
22	17888	198
22	17889	199
22	17890	197
22	17891	197
22	17892	201
22	17893	202
22	17894	204
22	17895	203
22	17896	203
22	17897	197
22	17898	196
22	17899	201
22	17900	201
22	17901	198
22	17902	198
22	17903	197
22	17904	197
22	17905	199
22	17906	200
22	17907	206
22	17908	199
22	17909	199
22	17910	199
22	17911	197
22	17912	197
22	17913	195
22	17914	194
22	17915	194
22	17916	188
22	17917	189
22	17918	190
22	17919	190
22	17920	190
22	17921	188
22	17922	189
22	17923	182
22	17924	183
22	17925	183
22	17926	193
22	17927	192
22	17928	190
22	17929	192
22	17930	195
22	17931	192
22	17932	195
22	17933	197
22	17934	195
22	17935	195
22	17936	195
22	17937	195
22	17938	190
22	17939	190
22	17940	187
22	17941	188
22	17942	189
22	17943	187
22	17944	187
22	17945	189
22	17946	188
22	17947	186
22	17948	186
22	17949	186
22	17950	186
22	17951	188
22	17952	178
22	17953	178
22	17954	179
22	17955	179
22	17956	179
22	17957	179
22	17958	181
22	17959	182
22	17960	183
22	17961	181
22	17962	177
22	17963	178
22	17964	183
22	17965	184
22	17966	184
22	17967	181
22	17968	181
22	17969	182
22	17970	183
22	17971	183
22	17972	180
22	17973	179
22	17974	179
22	17975	182
22	17976	182
22	17977	183
22	17978	184
22	17979	185
22	17980	185
22	17981	185
22	17982	186
22	17983	186
22	17984	186
22	17985	188
22	17986	188
22	17987	196
22	17988	197
22	17989	201
22	17990	202
22	17991	205
22	17992	204
22	17993	204
22	17994	204
22	17995	204
22	17996	205
22	17997	207
22	17998	209
22	17999	209
22	18000	210
22	18001	210
22	18002	208
22	18003	205
22	18004	206
22	18005	205
22	18006	203
22	18007	202
22	18008	214
22	18009	223
22	18010	222
22	18011	228
22	18012	228
22	18013	223
22	18014	223
22	18015	222
22	18016	223
22	18017	221
22	18018	210
22	18019	210
22	18020	208
22	18021	208
22	18022	206
22	18023	207
22	18024	207
22	18025	209
22	18026	215
22	18027	214
22	18028	214
22	18029	220
22	18030	215
22	18031	210
22	18032	213
22	18033	218
22	18034	219
22	18035	219
22	18036	221
22	18037	221
22	18038	219
22	18039	218
22	18040	218
22	18041	219
22	18042	212
22	18043	212
22	18044	212
22	18045	212
22	18046	212
22	18047	213
22	18048	214
22	18049	209
22	18050	210
22	18051	208
22	18052	211
22	18053	212
22	18054	213
22	18055	208
22	18056	203
22	18057	203
22	18058	203
22	18059	206
22	18060	205
22	18061	205
22	18062	207
22	18063	207
22	18064	208
22	18065	210
22	18066	210
22	18067	215
22	18068	214
22	18069	217
22	18070	218
22	18071	218
22	18072	217
22	18073	233
22	18074	232
22	18075	235
22	18076	225
22	18077	228
22	18078	232
22	18079	229
22	18080	226
22	18081	225
22	18082	222
22	18083	221
22	18084	221
22	18085	230
22	18086	230
22	18087	229
22	18088	229
22	18089	230
22	18090	236
22	18091	234
22	18092	247
22	18093	247
22	18094	246
22	18095	246
22	18096	246
22	18097	248
22	18098	249
22	18099	251
22	18100	252
22	18101	251
22	18102	252
22	18103	253
22	18104	252
22	18105	252
22	18106	252
22	18107	252
22	18108	248
22	18109	248
22	18110	249
22	18111	249
22	18112	247
22	18113	246
22	18114	246
22	18115	250
22	18116	251
22	18117	248
22	18118	254
22	18119	252
22	18120	251
22	18121	251
22	18122	251
22	18123	251
22	18124	246
22	18125	253
22	18126	253
22	18127	253
22	18128	257
22	18129	258
22	18130	271
22	18131	271
22	18132	271
22	18133	272
22	18134	270
22	18135	268
22	18136	269
22	18137	257
22	18138	253
22	18139	248
22	18140	245
22	18141	244
22	18142	241
22	18143	242
22	18144	242
22	18145	241
22	18146	238
22	18147	236
22	18148	235
22	18149	236
22	18150	237
22	18151	237
22	18152	237
22	18153	241
22	18154	243
22	18155	245
22	18156	246
22	18157	249
22	18158	240
22	18159	230
22	18160	229
22	18161	229
22	18162	232
22	18163	233
22	18164	233
22	18165	237
22	18166	240
22	18167	248
22	18168	248
22	18169	249
22	18170	254
22	18171	254
22	18172	260
22	18173	258
22	18174	256
22	18175	256
22	18176	248
22	18177	248
22	18178	251
22	18179	245
22	18180	247
22	18181	243
22	18182	243
22	18183	239
22	18184	238
22	18185	238
22	18186	238
22	18187	236
22	18188	236
22	18189	234
22	18190	234
22	18191	231
22	18192	231
22	18193	231
22	18194	231
22	18195	231
22	18196	231
22	18197	230
22	18198	229
22	18199	228
22	18200	228
22	18201	228
22	18202	224
22	18203	222
22	18204	223
22	18205	225
22	18206	223
22	18207	223
22	18208	220
22	18209	221
22	18210	220
22	18211	220
22	18212	220
22	18213	226
22	18214	226
22	18215	226
22	18216	227
22	18217	220
22	18218	223
22	18219	220
22	18220	222
22	18221	220
22	18222	202
22	18223	202
22	18224	199
22	18225	201
22	18226	198
22	18227	198
22	18228	198
22	18229	198
22	18230	200
22	18231	199
22	18232	206
22	18233	203
22	18234	197
22	18235	196
22	18236	197
22	18237	201
22	18238	202
22	18239	197
22	18240	193
22	18241	184
22	18242	185
22	18243	186
22	18244	186
22	18245	185
22	18246	185
22	18247	184
22	18248	183
22	18249	182
22	18250	182
22	18251	182
22	18252	180
22	18253	184
22	18254	184
22	18255	185
22	18256	185
22	18257	186
22	18258	185
22	18259	185
22	18260	183
22	18261	182
22	18262	178
22	18263	178
22	18264	177
22	18265	175
22	18266	175
22	18267	176
22	18268	172
22	18269	172
22	18270	172
22	18271	172
22	18272	175
22	18273	176
22	18274	176
22	18275	175
22	18276	174
22	18277	174
22	18278	173
22	18279	171
22	18280	166
22	18281	166
22	18282	166
22	18283	166
22	18284	165
22	18285	164
22	18286	162
22	18287	162
22	18288	161
22	18289	161
22	18290	161
22	18291	160
22	18292	159
22	18293	159
22	18294	159
22	18295	159
22	18296	159
22	18297	159
22	18298	158
22	18299	158
22	18300	156
22	18301	156
22	18302	154
22	18303	151
22	18304	150
22	18305	146
22	18306	144
22	18307	140
22	18308	140
22	18309	139
22	18310	135
22	18311	131
22	18312	127
22	18313	38
22	18314	38
22	18315	33
22	18316	28
22	18317	18
22	18318	17
22	18319	15
22	18320	10
22	18321	4
22	18322	4
22	18323	4
22	18324	4
22	18325	4
22	18326	2
22	18327	0
22	18328	0
22	18329	1
22	18330	1
22	18331	1
22	18332	1
22	18333	1
22	18334	1
22	18335	1
22	18336	1
22	18337	1
22	18338	1
22	18339	1
22	18340	1
22	18341	1
22	18342	1
22	18343	1
22	18344	1
22	18345	1
22	18346	1
22	18347	32
22	18348	32
22	18349	32
22	18350	32
22	18351	32
22	18352	32
22	18353	32
22	18354	32
22	18355	32
22	18356	32
22	18357	32
22	18358	32
22	18359	32
22	18360	32
22	18361	32
22	18362	32
22	18363	32
22	18364	32
22	18365	32
22	18366	32
22	18367	28
22	18368	28
22	18369	28
22	18370	28
22	18371	28
22	18372	28
22	18381	1
22	18382	1
22	18383	1
22	18384	1
22	18385	1
22	18386	1
22	18387	1
22	18388	1
22	18389	1
22	18390	1
22	18391	1
22	18392	1
22	18393	1
22	18394	1
22	18395	1
22	18396	1
22	18397	1
22	18398	1
22	18399	1
22	18400	1
22	18401	1
22	18402	1
22	18403	1
22	18404	1
22	18405	1
22	18406	1
22	18407	1
22	18408	1
22	18409	1
22	18410	1
22	18411	1
22	18412	1
22	18413	3
22	18414	3
22	18415	3
22	18416	11
22	18417	13
22	18418	14
22	18419	96
22	18420	97
22	18421	97
22	18422	97
22	18423	97
22	18424	102
22	18425	103
22	18426	103
22	18427	106
22	18428	109
22	18429	110
22	18430	110
22	18431	110
22	18432	110
22	18433	110
22	18434	110
22	18435	116
22	18436	118
22	18437	122
22	18438	121
22	18439	122
22	18440	123
22	18441	141
22	18442	143
22	18443	143
22	18444	144
22	18445	145
22	18446	145
22	18447	145
22	18448	144
22	18449	146
22	18450	147
22	18451	149
22	18452	149
22	18453	149
22	18454	149
22	18455	149
22	18456	167
22	18457	167
22	18458	167
22	18459	168
22	18460	167
22	18461	167
22	18462	167
22	18463	165
22	18464	162
22	18465	153
22	18466	153
22	18467	153
22	18468	153
22	18469	156
22	18470	165
22	18471	165
22	18472	165
22	18473	165
22	18474	166
22	18475	166
22	18476	168
22	18477	168
22	18478	168
22	18479	170
22	18480	170
22	18481	170
22	18482	170
22	18483	170
22	18484	171
22	18485	175
22	18486	175
22	18487	174
22	18488	171
22	18489	172
22	18490	173
22	18491	174
22	18492	174
22	18493	172
22	18494	173
22	18495	173
22	18496	173
22	18497	174
22	18498	174
22	18499	173
22	18500	172
22	18501	172
22	18502	172
22	18503	172
22	18504	172
22	18505	172
22	18506	170
22	18507	170
22	18508	170
22	18509	171
22	18510	171
22	18511	171
22	18512	171
22	18513	170
22	18514	170
22	18515	170
22	18516	170
22	18517	170
22	18518	171
22	18519	172
22	18520	174
22	18521	173
22	18522	174
22	18523	177
22	18524	188
22	18525	186
22	18526	186
22	18527	186
22	18528	185
22	18529	184
22	18530	184
22	18531	183
22	18532	189
22	18533	189
22	18534	189
22	18535	197
22	18536	201
22	18537	202
22	18538	202
22	18539	200
22	18540	200
22	18541	200
22	18542	199
22	18543	199
22	18544	199
22	18545	199
22	18546	197
22	18547	197
22	18548	200
22	18549	200
22	18550	212
22	18551	215
22	18552	215
22	18553	215
22	18554	217
22	18555	230
22	18556	230
22	18557	229
22	18558	232
22	18559	226
22	18560	230
22	18561	230
22	18562	231
22	18563	229
22	18564	229
22	18565	229
22	18566	222
22	18567	223
22	18568	224
22	18569	222
22	18570	221
22	18571	222
22	18572	222
22	18573	216
22	18574	216
22	18575	216
22	18576	216
22	18577	216
22	18578	222
22	18579	223
22	18580	227
22	18581	228
22	18582	236
22	18583	238
22	18584	239
22	18585	233
22	18586	235
22	18587	230
22	18588	230
22	18589	222
22	18590	221
22	18591	211
22	18592	211
22	18593	211
22	18594	210
22	18595	210
22	18596	210
22	18597	210
22	18598	210
22	18599	209
22	18600	210
22	18601	207
22	18602	206
22	18603	205
22	18604	204
22	18605	204
22	18606	188
22	18607	186
22	18608	187
22	18609	185
22	18610	188
22	18611	191
22	18612	192
22	18613	192
22	18614	193
22	18615	193
22	18616	194
22	18617	194
22	18618	193
22	18619	188
22	18620	180
22	18621	181
22	18622	181
22	18623	181
22	18624	179
22	18625	186
22	18626	185
22	18627	185
22	18628	184
22	18629	182
22	18630	183
22	18631	184
22	18632	184
22	18633	185
22	18634	180
22	18635	181
22	18636	182
22	18637	182
22	18638	183
22	18639	186
22	18640	186
22	18641	184
22	18642	184
22	18643	183
22	18644	183
22	18645	185
22	18646	184
22	18647	184
22	18648	184
22	18649	185
22	18650	186
22	18651	186
22	18652	186
22	18653	186
22	18654	191
22	18655	193
22	18656	197
22	18657	195
22	18658	193
22	18659	193
22	18660	193
22	18661	197
22	18662	196
22	18663	198
22	18664	200
22	18665	218
22	18666	221
22	18667	221
22	18668	221
22	18669	220
22	18670	221
22	18671	225
22	18672	229
22	18673	227
22	18674	215
22	18675	227
22	18676	229
22	18677	239
22	18678	239
22	18679	239
22	18680	239
22	18681	235
22	18682	239
22	18683	237
22	18684	231
22	18685	227
22	18686	221
22	18687	221
22	18688	220
22	18689	220
22	18690	220
22	18691	220
22	18692	221
22	18693	221
22	18694	221
22	18695	221
22	18696	242
22	18697	242
22	18698	239
22	18699	232
22	18700	229
22	18701	235
22	18702	235
22	18703	235
22	18704	234
22	18705	227
22	18706	225
22	18707	224
22	18708	226
22	18709	224
22	18710	223
22	18711	223
22	18712	222
22	18713	220
22	18714	220
22	18715	224
22	18716	221
22	18717	222
22	18718	221
22	18719	223
22	18720	238
22	18721	237
22	18722	238
22	18723	238
22	18724	239
22	18725	240
22	18726	237
22	18727	239
22	18728	228
22	18729	234
22	18730	236
22	18731	228
22	18732	230
22	18733	232
22	18734	232
22	18735	235
22	18736	234
22	18737	234
22	18738	233
22	18739	234
22	18740	236
22	18741	236
22	18742	235
22	18743	235
22	18744	240
22	18745	238
22	18746	238
22	18747	238
22	18748	239
22	18749	239
22	18750	240
22	18751	241
22	18752	241
22	18753	241
22	18754	241
22	18755	244
22	18756	245
22	18757	249
22	18758	247
22	18759	248
22	18760	244
22	18761	242
22	18762	244
22	18763	245
22	18764	244
22	18765	244
22	18766	244
22	18767	248
22	18768	251
22	18769	251
22	18770	251
22	18771	252
22	18772	253
22	18773	255
22	18774	250
22	18775	250
22	18776	250
22	18777	251
22	18778	251
22	18779	252
22	18780	253
22	18781	258
22	18782	257
22	18783	265
22	18784	264
22	18785	274
22	18786	274
22	18787	274
22	18788	271
22	18789	269
22	18790	268
22	18791	267
22	18792	268
22	18793	268
22	18794	266
22	18795	275
22	18796	275
22	18797	275
22	18798	277
22	18799	295
22	18800	294
22	18801	294
22	18802	294
22	18803	289
22	18804	284
22	18805	285
22	18806	287
22	18807	288
22	18808	288
22	18809	290
22	18810	288
22	18811	288
22	18812	292
22	18813	292
22	18814	272
22	18815	274
22	18816	272
22	18817	272
22	18818	274
22	18819	274
22	18820	267
22	18821	266
22	18822	261
22	18823	261
22	18824	249
22	18825	247
22	18826	247
22	18827	240
22	18828	239
22	18829	237
22	18830	237
22	18831	234
22	18832	232
22	18833	234
22	18834	234
22	18835	234
22	18836	237
22	18837	238
22	18838	240
22	18839	265
22	18840	265
22	18841	265
22	18842	266
22	18843	266
22	18844	265
22	18845	264
22	18846	247
22	18847	246
22	18848	247
22	18849	237
22	18850	241
22	18851	241
22	18852	241
22	18853	241
22	18854	239
22	18855	239
22	18856	238
22	18857	237
22	18858	233
22	18859	231
22	18860	232
22	18861	235
22	18862	234
22	18863	234
22	18864	234
22	18865	230
22	18866	232
22	18867	231
22	18868	226
22	18869	217
22	18870	213
22	18871	215
22	18872	224
22	18873	229
22	18874	227
22	18875	237
22	18876	237
22	18877	236
22	18878	238
22	18879	239
22	18880	237
22	18881	240
22	18882	237
22	18883	238
22	18884	233
22	18885	233
22	18886	233
22	18887	233
22	18888	237
22	18889	235
22	18890	237
22	18891	237
22	18892	237
22	18893	235
22	18894	237
22	18895	238
22	18896	238
22	18897	238
22	18898	240
22	18899	238
22	18900	238
22	18901	238
22	18902	240
22	18903	237
22	18904	242
22	18905	241
22	18906	241
22	18907	240
22	18908	242
22	18909	241
22	18910	241
22	18911	241
22	18912	240
22	18913	240
22	18914	241
22	18915	242
22	18916	243
22	18917	238
22	18918	242
22	18919	242
22	18920	241
22	18921	240
22	18922	239
22	18923	240
22	18924	241
22	18925	239
22	18926	240
22	18927	239
22	18928	239
22	18929	240
22	18930	238
22	18931	234
22	18932	231
22	18933	225
22	18934	223
22	18935	216
22	18936	216
22	18937	220
22	18938	220
22	18939	219
22	18940	222
22	18941	225
22	18942	223
22	18943	214
22	18944	213
22	18945	212
22	18946	213
22	18947	213
22	18948	213
22	18949	193
22	18950	193
22	18951	194
22	18952	194
22	18953	200
22	18954	203
22	18955	200
22	18956	199
22	18957	198
22	18958	198
22	18959	201
22	18960	201
22	18961	200
22	18962	196
22	18963	195
22	18964	194
22	18965	194
22	18966	193
22	18967	192
22	18968	191
22	18969	195
22	18970	195
22	18971	197
22	18972	197
22	18973	197
22	18974	196
22	18975	196
22	18976	196
22	18977	195
22	18978	197
22	18979	212
22	18980	219
22	18981	223
22	18982	224
22	18983	225
22	18984	225
22	18985	224
22	18986	229
22	18987	228
22	18988	222
22	18989	203
22	18990	203
22	18991	202
22	18992	201
22	18993	203
22	18994	202
22	18995	202
22	18996	206
22	18997	206
22	18998	203
22	18999	200
22	19000	198
22	19001	199
22	19002	198
22	19003	198
22	19004	198
22	19005	195
22	19006	195
22	19007	195
22	19008	195
22	19009	194
22	19010	192
22	19011	191
22	19012	188
22	19013	191
22	19014	196
22	19015	199
22	19016	201
22	19017	208
22	19018	209
22	19019	210
22	19020	210
22	19021	207
22	19022	214
22	19023	209
22	19024	209
22	19025	202
22	19026	201
22	19027	198
22	19028	198
22	19029	195
22	19030	199
22	19031	195
22	19032	196
22	19033	196
22	19034	197
22	19035	203
22	19036	203
22	19037	202
22	19038	201
22	19039	200
22	19040	199
22	19041	200
22	19042	199
22	19043	198
22	19044	198
22	19045	201
22	19046	199
22	19047	198
22	19048	199
22	19049	200
22	19050	200
22	19051	199
22	19052	197
22	19053	197
22	19054	192
22	19055	195
22	19056	195
22	19057	192
22	19058	191
22	19059	192
22	19060	193
22	19061	194
22	19062	191
22	19063	192
22	19064	193
22	19065	192
22	19066	189
22	19067	189
22	19068	185
22	19069	185
22	19070	185
22	19071	189
22	19072	191
22	19073	189
22	19074	188
22	19075	189
22	19076	186
22	19077	186
22	19078	189
22	19079	188
22	19080	188
22	19081	187
22	19082	187
22	19083	187
22	19084	185
22	19085	184
22	19086	183
22	19087	183
22	19088	183
22	19089	189
22	19090	187
22	19091	187
22	19092	191
22	19093	191
22	19094	191
22	19095	191
22	19096	192
22	19097	192
22	19098	194
22	19099	194
22	19100	195
22	19101	195
22	19102	195
22	19103	189
22	19104	188
22	19105	189
22	19106	190
22	19107	189
22	19108	187
22	19109	187
22	19110	193
22	19111	193
22	19112	194
22	19113	194
22	19114	194
22	19115	194
22	19116	195
22	19117	195
22	19118	193
22	19119	191
22	19120	191
22	19121	189
22	19122	189
22	19123	189
22	19124	192
22	19125	193
22	19126	193
22	19127	196
22	19128	205
22	19129	184
22	19130	181
22	19131	182
22	19132	181
22	19133	180
22	19134	180
22	19135	178
22	19136	180
22	19137	175
22	19138	176
22	19139	177
22	19140	177
22	19141	178
22	19142	177
22	19143	181
22	19144	182
22	19145	182
22	19146	180
22	19147	180
22	19148	180
22	19149	180
22	19150	181
22	19151	183
22	19152	188
22	19153	189
22	19154	190
22	19155	190
22	19156	190
22	19157	190
22	19158	190
22	19159	190
22	19160	190
22	19161	190
22	19162	191
22	19163	191
22	19164	185
22	19165	185
22	19166	185
22	19167	179
22	19168	179
22	19169	177
22	19170	176
22	19171	176
22	19172	168
22	19173	167
22	19174	164
22	19175	167
22	19176	172
22	19177	172
22	19178	168
22	19179	159
22	19180	160
22	19181	162
22	19182	161
22	19183	161
22	19184	156
22	19185	155
22	19186	159
22	19187	158
22	19188	162
22	19189	158
22	19190	162
22	19191	162
22	19192	162
22	19193	160
22	19194	163
22	19195	160
22	19196	160
22	19197	160
22	19198	159
22	19199	158
22	19200	157
22	19201	158
22	19202	157
22	19203	157
22	19204	166
22	19205	162
22	19206	163
22	19207	163
22	19208	160
22	19209	161
22	19210	158
22	19211	159
22	19212	160
22	19213	159
22	19214	157
22	19215	157
22	19216	156
22	19217	156
22	19218	156
22	19219	156
22	19220	157
22	19221	153
22	19222	151
22	19223	153
22	19224	153
22	19225	153
22	19226	153
22	19227	153
22	19228	157
22	19229	156
22	19230	162
22	19231	162
22	19232	162
22	19233	162
22	19234	161
22	19235	161
22	19236	161
22	19237	153
22	19238	153
22	19239	154
22	19240	154
22	19241	154
22	19242	151
22	19243	151
22	19244	151
22	19245	151
22	19246	151
22	19247	151
22	19248	150
22	19249	150
22	19250	149
22	19251	149
22	19252	154
22	19253	153
22	19254	151
22	19255	151
22	19256	153
22	19257	153
22	19258	154
22	19259	150
22	19260	151
22	19261	163
22	19262	162
22	19263	164
22	19264	166
22	19265	169
22	19266	169
22	19267	171
22	19268	174
22	19269	182
22	19270	183
22	19271	183
22	19272	183
22	19273	181
22	19274	180
22	19275	179
22	19276	177
22	19277	173
22	19278	166
22	19279	166
22	19280	164
22	19281	164
22	19282	166
22	19283	165
22	19284	172
22	19285	169
22	19286	166
22	19287	167
22	19288	166
22	19289	167
22	19290	167
22	19291	167
22	19292	164
22	19293	163
22	19294	166
22	19295	167
22	19296	169
22	19297	170
22	19298	170
22	19299	169
22	19300	168
22	19301	162
22	19302	164
22	19303	162
22	19304	161
22	19305	162
22	19306	162
22	19307	162
22	19308	162
22	19309	162
22	19310	162
22	19311	167
22	19312	162
22	19313	162
22	19314	162
22	19315	165
22	19316	167
22	19317	166
22	19318	165
22	19319	160
22	19320	158
22	19321	159
22	19322	161
22	19323	160
22	19324	158
22	19325	161
22	19326	157
22	19327	159
22	19328	160
22	19329	161
22	19330	159
22	19331	159
22	19332	159
22	19333	158
22	19334	158
22	19335	158
22	19336	157
22	19337	159
22	19338	159
22	19339	159
22	19340	161
22	19341	161
22	19342	161
22	19343	161
22	19344	157
22	19345	158
22	19346	158
22	19347	158
22	19348	158
22	19349	158
22	19350	158
22	19351	157
22	19352	157
22	19353	157
22	19354	150
22	19355	148
22	19356	149
22	19357	149
22	19358	149
22	19359	150
22	19360	150
22	19361	151
22	19362	150
22	19363	150
22	19364	151
22	19365	154
22	19366	155
22	19367	155
22	19368	155
22	19369	156
22	19370	155
22	19371	154
22	19372	156
22	19373	154
22	19374	152
22	19375	153
22	19376	153
22	19377	141
22	19378	144
22	19379	145
22	19380	145
22	19381	145
22	19382	145
22	19383	146
22	19384	146
22	19385	146
22	19386	146
22	19387	141
22	19388	141
22	19389	144
22	19390	151
22	19391	160
22	19392	159
22	19393	159
22	19394	160
22	19395	160
22	19396	158
22	19397	158
22	19398	156
22	19399	157
22	19400	156
22	19401	161
22	19402	161
22	19403	161
22	19404	161
22	19405	160
22	19406	158
22	19407	160
22	19408	158
22	19409	157
22	19410	145
22	19411	146
22	19412	145
22	19413	148
22	19414	145
22	19415	143
22	19416	142
22	19417	143
22	19418	142
22	19419	138
22	19420	137
22	19421	137
22	19422	137
22	19423	136
22	19424	136
22	19425	140
22	19426	140
22	19427	140
22	19428	141
22	19429	141
22	19430	141
22	19431	147
22	19432	146
22	19433	146
22	19434	141
22	19435	142
22	19436	142
22	19437	143
22	19438	144
22	19439	143
22	19440	142
22	19441	142
22	19442	142
22	19443	141
22	19444	139
22	19445	138
22	19446	138
22	19447	137
22	19448	138
22	19449	137
22	19450	136
22	19451	134
22	19452	133
22	19453	133
22	19454	134
22	19455	133
22	19456	133
22	19457	133
22	19458	133
22	19459	136
22	19460	134
22	19461	130
22	19462	130
22	19463	130
22	19464	128
22	19465	126
22	19466	124
22	19467	124
22	19468	124
22	19469	127
22	19470	127
22	19471	125
22	19472	125
22	19473	125
22	19474	124
22	19475	122
22	19476	122
22	19477	120
22	19478	120
22	19479	122
22	19480	122
22	19481	122
22	19482	122
22	19483	122
22	19484	120
22	19485	115
22	19486	112
22	19487	108
22	19488	108
22	19489	106
22	19490	105
22	19491	105
22	19492	105
22	19493	105
22	19494	104
22	19495	105
22	19496	105
22	19497	106
22	19498	106
22	19499	105
22	19500	105
22	19501	106
22	19502	106
22	19503	106
22	19504	106
22	19505	104
22	19506	104
22	19507	103
22	19508	105
22	19509	105
22	19510	105
22	19511	104
22	19512	104
22	19513	101
22	19514	101
22	19515	100
22	19516	98
22	19517	100
22	19518	99
22	19519	99
22	19520	98
22	19521	97
22	19522	97
22	19523	99
22	19524	99
22	19525	98
22	19526	98
22	19527	98
22	19528	94
22	19529	94
22	19530	94
22	19531	94
22	19532	95
22	19533	95
22	19534	95
22	19535	95
22	19536	95
22	19537	94
22	19538	95
22	19539	93
22	19540	89
22	19541	85
22	19542	85
22	19543	85
22	19544	84
22	19545	84
22	19546	84
22	19547	84
22	19548	84
22	19549	82
22	19550	81
22	19551	79
22	19552	78
22	19553	78
22	19554	78
22	19555	78
22	19556	78
22	19557	77
22	19558	77
22	19559	78
22	19560	77
22	19561	77
22	19562	77
22	19563	72
22	19564	72
22	19565	72
22	19566	73
22	19567	72
22	19568	70
22	19569	70
22	19570	69
22	19571	69
22	19572	69
22	19573	69
22	19574	67
22	19575	66
22	19576	66
22	19577	67
22	19578	67
22	19579	63
22	19580	63
22	19581	61
22	19582	60
22	19583	59
22	19584	58
22	19585	57
22	19586	57
22	19587	54
22	19588	54
22	19589	52
22	19590	52
22	19591	48
22	19592	47
22	19593	45
22	19594	45
22	19595	45
22	19596	45
22	19597	44
22	19598	55
22	19599	55
22	19600	55
22	19601	55
22	19602	56
22	19603	56
22	19604	55
22	19605	56
22	19606	57
22	19607	57
22	19608	57
22	19609	54
22	19610	60
22	19611	60
22	19612	60
22	19613	60
22	19614	61
22	19615	61
22	19616	63
22	19617	63
22	19618	64
22	19619	55
22	19620	56
22	19621	56
22	19622	57
22	19623	57
22	19624	57
22	19625	59
22	19626	58
22	19627	56
22	19628	56
22	19629	50
22	19630	50
22	19631	50
22	19632	50
22	19633	50
22	19634	50
22	19635	51
22	19636	51
22	19637	51
22	19638	51
22	19639	48
22	19640	51
22	19641	50
22	19642	51
22	19643	51
22	19644	51
22	19645	49
22	19646	51
22	19647	52
22	19648	52
22	19649	52
22	19650	52
22	19651	52
22	19652	54
22	19653	54
22	19654	54
22	19655	55
22	19656	55
22	19657	54
22	19658	54
22	19659	54
22	19660	54
22	19661	57
22	19662	57
22	19663	57
22	19664	58
22	19665	56
22	19666	56
22	19667	56
22	19668	56
22	19669	56
22	19670	56
22	19671	55
22	19672	55
22	19673	50
22	19674	51
22	19675	51
22	19676	52
22	19677	52
22	19678	54
22	19679	55
22	19680	57
22	19681	56
22	19682	57
22	19683	57
22	19684	57
22	19685	54
22	19686	58
22	19687	58
22	19688	58
22	19689	58
22	19690	58
22	19691	61
22	19692	61
22	19693	60
22	19694	61
22	19695	61
22	19696	61
22	19697	61
22	19698	62
22	19699	62
22	19700	61
22	19701	63
22	19702	63
22	19703	63
22	19704	63
22	19705	63
22	19706	63
22	19707	63
22	19708	63
22	19709	62
22	19710	62
22	19711	64
22	19712	64
22	19713	64
22	19714	65
22	19715	63
22	19716	66
22	19717	73
22	19718	74
22	19719	74
22	19720	74
22	19721	74
22	19722	74
22	19723	74
22	19724	74
22	19725	76
22	19726	76
22	19727	75
22	19728	89
22	19729	89
22	19730	91
22	19731	90
22	19732	91
22	19733	91
22	19734	91
22	19735	91
22	19736	91
22	19737	89
22	19738	89
22	19739	89
22	19740	89
22	19741	89
22	19742	89
22	19743	89
22	19744	89
22	19745	88
22	19746	88
22	19747	89
22	19748	87
22	19749	88
22	19750	87
22	19751	87
22	19752	86
22	19753	86
22	19754	86
22	19755	85
22	19756	82
22	19757	85
22	19758	85
22	19759	85
22	19760	82
22	19761	82
22	19762	82
22	19763	83
22	19764	82
22	19765	84
22	19766	87
22	19767	87
22	19768	85
22	19769	84
22	19770	84
22	19771	83
22	19772	83
22	19773	83
22	19774	83
22	19775	80
22	19776	80
22	19777	80
22	19778	80
22	19779	80
22	19780	78
22	19781	78
22	19782	77
22	19783	78
22	19784	78
22	19785	80
22	19786	80
22	19787	80
22	19788	80
22	19789	78
22	19790	78
22	19791	80
22	19792	80
22	19793	81
22	19794	81
22	19795	78
22	19796	81
22	19797	81
22	19798	83
22	19799	84
22	19800	83
22	19801	79
22	19802	80
22	19803	84
22	19804	84
22	19805	87
22	19806	87
22	19807	92
22	19808	94
22	19809	94
22	19810	91
22	19811	91
22	19812	91
22	19813	91
22	19814	96
22	19815	96
22	19816	99
22	19817	100
22	19818	104
22	19819	105
22	19820	105
22	19821	105
22	19822	100
22	19823	102
22	19824	101
22	19825	107
22	19826	110
22	19827	110
22	19828	109
22	19829	108
22	19830	107
22	19831	107
22	19832	107
22	19833	106
22	19834	106
22	19835	106
22	19836	105
22	19837	105
22	19838	105
22	19839	105
22	19840	109
22	19841	106
22	19842	106
22	19843	108
22	19844	108
22	19845	116
22	19846	115
22	19847	116
22	19848	117
22	19849	118
22	19850	120
22	19851	120
22	19852	120
22	19853	122
22	19854	122
22	19855	127
22	19856	127
22	19857	127
22	19858	127
22	19859	127
22	19860	130
22	19861	129
22	19862	130
22	19863	130
22	19864	132
22	19865	132
22	19866	130
22	19867	125
22	19868	124
22	19869	129
22	19870	131
22	19871	132
22	19872	134
22	19873	134
22	19874	134
22	19875	133
22	19876	133
22	19877	133
22	19878	124
22	19879	125
22	19880	123
22	19881	123
22	19882	122
22	19883	122
22	19884	125
22	19885	127
22	19886	143
22	19887	149
22	19888	149
22	19889	148
22	19890	148
22	19891	149
22	19892	152
22	19893	152
22	19894	153
22	19895	153
22	19896	154
22	19897	159
22	19898	167
22	19899	167
22	19900	167
22	19901	167
22	19902	169
22	19903	169
22	19904	169
22	19905	169
22	19906	169
22	19907	169
22	19908	170
22	19909	171
22	19910	173
22	19911	173
22	19912	174
22	19913	175
22	19914	175
22	19915	174
22	19916	174
22	19917	175
22	19918	176
22	19919	178
22	19920	181
22	19921	181
22	19922	181
22	19923	182
22	19924	182
22	19925	182
22	19926	185
22	19927	185
22	19928	185
22	19929	185
22	19930	186
22	19931	186
22	19932	189
22	19933	191
22	19934	192
22	19935	190
22	19936	191
22	19937	191
22	19938	194
22	19939	194
22	19940	197
22	19941	197
22	19942	197
22	19943	200
22	19944	201
22	19945	200
22	19946	200
22	19947	197
22	19948	200
22	19949	203
22	19950	203
22	19951	205
22	19952	206
22	19953	203
22	19954	203
22	19955	201
22	19956	203
22	19957	199
22	19958	199
22	19959	199
22	19960	199
22	19961	199
22	19962	196
22	19963	193
22	19964	190
22	19965	191
22	19966	191
22	19967	191
22	19968	189
22	19969	187
22	19970	187
22	19971	187
22	19972	186
22	19973	186
22	19974	186
22	19975	181
22	19976	179
22	19977	179
22	19978	178
22	19979	178
22	19980	179
22	19981	180
22	19982	181
22	19983	182
22	19984	182
22	19985	182
22	19986	182
22	19987	183
22	19988	183
22	19989	178
22	19990	178
22	19991	178
22	19992	178
22	19993	175
22	19994	177
22	19995	170
22	19996	170
22	19997	168
22	19998	168
22	19999	167
22	20000	167
22	20001	167
22	20002	167
22	20003	164
22	20004	166
22	20005	179
22	20006	183
22	20007	194
22	20008	194
22	20009	194
22	20010	205
22	20011	204
22	20012	207
22	20013	207
22	20014	202
22	20015	202
22	20016	202
22	20017	202
22	20018	202
22	20019	197
22	20020	195
22	20021	193
22	20022	192
22	20023	192
22	20024	192
22	20025	191
22	20026	191
22	20027	211
22	20028	209
22	20029	212
22	20030	210
22	20031	212
22	20032	212
22	20033	214
22	20034	213
22	20035	212
22	20036	191
22	20037	185
22	20038	199
22	20039	208
22	20040	210
22	20041	208
22	20042	206
22	20043	206
22	20044	205
22	20045	210
22	20046	209
22	20047	202
22	20048	193
22	20049	194
22	20050	194
22	20051	194
22	20052	194
22	20053	194
22	20054	192
22	20055	192
22	20056	191
22	20057	193
22	20058	196
22	20059	195
22	20060	192
22	20061	192
22	20062	194
22	20063	196
22	20064	201
22	20065	200
22	20066	198
22	20067	199
22	20068	196
22	20069	196
22	20070	197
22	20071	198
22	20072	199
22	20073	198
22	20074	198
22	20075	198
22	20076	196
22	20077	196
22	20078	196
22	20079	196
22	20080	195
22	20081	195
22	20082	195
22	20083	194
22	20084	192
22	20085	192
22	20086	190
22	20087	190
22	20088	188
22	20089	190
22	20090	189
22	20091	188
22	20092	186
22	20093	182
22	20094	184
22	20095	184
22	20096	184
22	20097	184
22	20098	181
22	20099	179
22	20100	178
22	20101	177
22	20102	178
22	20103	178
22	20104	179
22	20105	176
22	20106	175
22	20107	177
22	20108	179
22	20109	182
22	20110	182
22	20111	182
22	20112	182
22	20113	183
22	20114	183
22	20115	180
22	20116	180
22	20117	179
22	20118	180
22	20119	192
22	20120	192
22	20121	199
22	20122	199
22	20123	201
22	20124	205
22	20125	207
22	20126	207
22	20127	207
22	20128	208
22	20129	209
22	20130	206
22	20131	206
22	20132	205
22	20133	210
22	20134	211
22	20135	211
22	20136	211
22	20137	209
22	20138	211
22	20139	210
22	20140	211
22	20141	211
22	20142	210
22	20143	210
22	20144	212
22	20145	212
22	20146	216
22	20147	216
22	20148	231
22	20149	233
22	20150	232
22	20151	232
22	20152	228
22	20153	229
22	20154	231
22	20155	221
22	20156	220
22	20157	194
22	20158	192
22	20159	192
22	20160	194
22	20161	198
22	20162	195
22	20163	198
22	20164	199
22	20165	201
22	20166	202
22	20167	202
22	20168	202
22	20169	203
22	20170	203
22	20171	206
22	20172	206
22	20173	206
22	20174	206
22	20175	205
22	20176	190
22	20177	189
22	20178	189
22	20179	186
22	20180	186
22	20181	186
22	20182	186
22	20183	189
22	20184	190
22	20185	188
22	20186	190
22	20187	184
22	20188	184
22	20189	177
22	20190	177
22	20191	176
22	20192	176
22	20193	176
22	20194	171
22	20195	171
22	20196	172
22	20197	171
22	20198	173
22	20199	173
22	20200	174
22	20201	174
22	20202	172
22	20203	171
22	20204	173
22	20205	175
22	20206	176
22	20207	174
22	20208	174
22	20209	177
22	20210	179
22	20211	179
22	20212	176
22	20213	175
22	20214	169
22	20215	169
22	20216	169
22	20217	167
22	20218	167
22	20219	164
22	20220	164
22	20221	162
22	20222	163
22	20223	164
22	20224	164
22	20225	164
22	20226	164
22	20227	163
22	20228	162
22	20229	167
22	20230	167
22	20231	167
22	20232	167
22	20233	167
22	20234	167
22	20235	168
22	20236	168
22	20237	168
22	20238	166
22	20239	165
22	20240	164
22	20241	163
22	20242	165
22	20243	164
22	20244	164
22	20245	166
22	20246	167
22	20247	167
22	20248	167
22	20249	166
22	20250	170
22	20251	171
22	20252	170
22	20253	168
22	20254	168
22	20255	167
22	20256	166
22	20257	165
22	20258	163
22	20259	160
22	20260	162
22	20261	164
22	20262	168
22	20263	171
22	20264	171
22	20265	175
22	20266	175
22	20267	174
22	20268	172
22	20269	159
22	20270	157
22	20271	153
22	20272	152
22	20273	148
22	20274	145
22	20275	153
22	20276	153
22	20277	152
22	20278	151
22	20279	151
22	20280	155
22	20281	155
22	20282	155
22	20283	150
22	20284	149
22	20285	149
22	20286	149
22	20287	149
22	20288	147
22	20289	147
22	20290	151
22	20291	150
22	20292	150
22	20293	158
22	20294	155
22	20295	155
22	20296	157
22	20297	157
22	20298	145
22	20299	142
22	20300	143
22	20301	149
22	20302	147
22	20303	146
22	20304	147
22	20305	144
22	20306	151
22	20307	154
22	20308	154
22	20309	153
22	20310	156
22	20311	159
22	20312	160
22	20313	160
22	20314	158
22	20315	158
22	20316	156
22	20317	159
22	20318	159
22	20319	158
22	20320	159
22	20321	156
22	20322	157
22	20323	158
22	20324	158
22	20325	158
22	20326	154
22	20327	153
22	20328	156
22	20329	157
22	20330	160
22	20331	162
22	20332	157
22	20333	157
22	20334	157
22	20335	157
22	20336	158
22	20337	152
22	20338	152
22	20339	152
22	20340	152
22	20341	152
22	20342	154
22	20343	154
22	20344	154
22	20345	154
22	20346	156
22	20347	158
22	20348	157
22	20349	157
22	20350	158
22	20351	159
22	20352	164
22	20353	165
22	20354	162
22	20355	162
22	20356	166
22	20357	164
22	20358	164
22	20359	161
22	20360	160
22	20361	160
22	20362	160
22	20363	160
22	20364	160
22	20365	161
22	20366	161
22	20367	161
22	20368	160
22	20369	159
22	20370	159
22	20371	160
22	20372	162
22	20373	162
22	20374	162
22	20375	163
22	20376	164
22	20377	163
22	20378	159
22	20379	159
22	20380	159
22	20381	157
22	20382	156
22	20383	156
22	20384	157
22	20385	157
22	20386	157
22	20387	162
22	20388	165
22	20389	165
22	20390	171
22	20391	171
22	20392	171
22	20393	170
22	20394	170
22	20395	167
22	20396	167
22	20397	167
22	20398	167
22	20399	169
22	20400	165
22	20401	166
22	20402	165
22	20403	166
22	20404	167
22	20405	168
22	20406	168
22	20407	168
22	20408	168
22	20409	168
22	20410	166
22	20411	165
22	20412	157
22	20413	157
22	20414	157
22	20415	157
22	20416	159
22	20417	162
22	20418	162
22	20419	162
22	20420	162
22	20421	164
22	20422	166
22	20423	167
22	20424	166
22	20425	156
22	20426	155
22	20427	155
22	20428	155
22	20429	153
22	20430	153
22	20431	153
22	20432	156
22	20433	159
22	20434	159
22	20435	159
22	20436	160
22	20437	160
22	20438	161
22	20439	162
22	20440	158
22	20441	156
22	20442	151
22	20443	151
22	20444	146
22	20445	149
22	20446	149
22	20447	150
22	20448	150
22	20449	150
22	20450	153
22	20451	145
22	20452	146
22	20453	146
22	20454	145
22	20455	144
22	20456	138
22	20457	136
22	20458	139
22	20459	138
22	20460	127
22	20461	125
22	20462	126
22	20463	128
22	20464	127
22	20465	126
22	20466	124
22	20467	122
22	20468	123
22	20469	123
22	20470	121
22	20471	121
22	20472	123
22	20473	119
22	20474	122
22	20475	122
22	20476	122
22	20477	119
22	20478	119
22	20479	119
22	20480	116
22	20481	118
22	20482	118
22	20483	117
22	20484	117
22	20485	117
22	20486	117
22	20487	118
22	20488	117
22	20489	116
22	20490	116
22	20491	116
22	20492	114
22	20493	113
22	20494	113
22	20495	112
22	20496	108
22	20497	111
22	20498	115
22	20499	116
22	20500	115
22	20501	115
22	20502	112
22	20503	111
22	20504	111
22	20505	113
22	20506	106
22	20507	106
22	20508	108
22	20509	108
22	20510	110
22	20511	121
22	20512	121
22	20513	122
22	20514	124
22	20515	124
22	20516	125
22	20517	125
22	20518	125
22	20519	125
22	20520	126
22	20521	126
22	20522	126
22	20523	125
22	20524	125
22	20525	125
22	20526	125
22	20527	126
22	20528	131
22	20529	132
22	20530	133
22	20531	133
22	20532	133
22	20533	133
22	20534	135
22	20535	135
22	20536	135
22	20537	133
22	20538	130
22	20539	126
22	20540	121
22	20541	119
22	20542	119
22	20543	118
22	20544	119
22	20545	119
22	20546	120
22	20547	120
22	20548	124
22	20549	124
22	20550	124
22	20551	125
22	20552	127
22	20553	127
22	20554	127
22	20555	128
22	20556	128
22	20557	128
22	20558	128
22	20559	128
22	20560	127
22	20561	126
22	20562	127
22	20563	127
22	20564	127
22	20565	127
22	20566	127
22	20567	128
22	20568	128
22	20569	126
22	20570	126
22	20571	125
22	20572	125
22	20573	133
22	20574	133
22	20575	133
22	20576	133
22	20577	132
22	20578	136
22	20579	139
22	20580	139
22	20581	140
22	20582	133
22	20583	133
22	20584	133
22	20585	134
22	20586	133
22	20587	132
22	20588	131
22	20589	133
22	20590	134
22	20591	133
22	20592	133
22	20593	132
22	20594	132
22	20595	136
22	20596	136
22	20597	137
22	20598	137
22	20599	139
22	20600	138
22	20601	138
22	20602	137
22	20603	136
22	20604	135
22	20605	137
22	20606	140
22	20607	140
22	20608	138
22	20609	137
22	20610	136
22	20611	136
22	20612	137
22	20613	135
22	20614	135
22	20615	138
22	20616	139
22	20617	139
22	20618	138
22	20619	139
22	20620	139
22	20621	136
22	20622	140
22	20623	140
22	20624	141
22	20625	141
22	20626	141
22	20627	141
22	20628	141
22	20629	140
22	20630	140
22	20631	135
22	20632	135
22	20633	136
22	20634	135
22	20635	135
22	20636	135
22	20637	140
22	20638	141
22	20639	144
22	20640	147
22	20641	146
22	20642	146
22	20643	147
22	20644	148
22	20645	147
22	20646	142
22	20647	137
22	20648	136
22	20649	139
22	20650	140
22	20651	140
22	20652	140
22	20653	140
22	20654	140
22	20655	139
22	20656	139
22	20657	139
22	20658	135
22	20659	132
22	20660	128
22	20661	124
22	20662	125
22	20663	125
22	20664	123
22	20665	122
22	20666	121
22	20667	121
22	20668	121
22	20669	121
22	20670	112
22	20671	112
22	20672	112
22	20673	112
22	20674	114
22	20675	113
22	20676	113
22	20677	107
22	20678	106
22	20679	106
22	20680	106
22	20681	106
22	20682	106
22	20683	104
22	20684	103
22	20685	100
22	20686	100
22	20687	100
22	20688	100
22	20689	99
22	20690	99
22	20691	99
22	20692	99
22	20693	99
22	20694	99
22	20695	99
22	20696	98
22	20697	98
22	20698	94
22	20699	91
22	20700	91
22	20701	91
22	20702	91
22	20703	93
22	20704	92
22	20705	92
22	20706	92
22	20707	92
22	20708	92
22	20709	92
22	20710	92
22	20711	92
22	20712	92
22	20713	93
22	20714	93
22	20715	92
22	20716	91
22	20717	88
22	20718	88
22	20719	89
22	20720	89
22	20721	89
22	20722	84
22	20723	83
22	20724	83
22	20725	83
22	20726	83
22	20727	80
22	20728	79
22	20729	76
22	20730	75
22	20731	75
22	20732	78
22	20733	77
22	20734	77
22	20735	77
22	20736	76
22	20737	77
22	20738	77
22	20739	74
22	20740	74
22	20741	73
22	20742	73
22	20743	73
22	20744	71
22	20745	71
22	20746	71
22	20747	69
22	20748	68
22	20749	68
22	20750	67
22	20751	67
22	20752	67
22	20753	67
22	20754	62
22	20755	61
22	20756	61
22	20757	61
22	20758	59
22	20759	59
22	20760	59
22	20761	59
22	20762	64
22	20763	61
22	20764	62
22	20765	61
22	20766	60
22	20767	61
22	20768	62
22	20769	61
22	20770	61
22	20771	61
22	20772	57
22	20773	63
22	20774	63
22	20775	63
22	20776	63
22	20777	63
22	20778	63
22	20779	65
22	20780	65
22	20781	65
22	20782	65
22	20783	65
22	20784	65
22	20785	66
22	20786	64
22	20787	64
22	20788	62
22	20789	59
22	20790	58
22	20791	58
22	20792	58
22	20793	58
22	20794	58
22	20795	58
22	20796	60
22	20797	59
22	20798	59
22	20799	58
22	20800	58
22	20801	62
22	20802	62
22	20803	62
22	20804	62
22	20805	62
22	20806	63
22	20807	63
22	20808	63
22	20809	62
22	20810	61
22	20811	61
22	20812	56
22	20813	56
22	20814	56
22	20815	56
22	20816	58
22	20817	59
22	20818	59
22	20819	59
22	20820	59
22	20821	60
22	20822	61
22	20823	61
22	20824	61
22	20825	61
22	20826	62
22	20827	62
22	20828	60
22	20829	64
22	20830	64
22	20831	64
22	20832	64
22	20833	60
22	20834	60
22	20835	60
22	20836	60
22	20837	60
22	20838	60
22	20839	60
22	20840	60
22	20841	60
22	20842	60
22	20843	60
22	20844	62
22	20845	62
22	20846	63
22	20847	63
22	20848	63
22	20849	60
22	20850	64
22	20851	65
22	20852	66
22	20853	66
22	20854	67
22	20855	67
22	20856	67
22	20857	67
22	20858	67
22	20859	69
22	20860	69
22	20861	69
22	20862	67
22	20863	66
22	20864	66
22	20865	66
22	20866	66
22	20867	66
22	20868	64
22	20869	64
22	20870	64
22	20871	64
22	20872	63
22	20873	67
22	20874	66
22	20875	67
22	20876	67
22	20877	67
22	20878	67
22	20879	67
22	20880	66
22	20881	66
22	20882	61
22	20883	61
22	20884	61
22	20885	61
22	20886	61
22	20887	61
22	20888	64
22	20889	65
22	20890	65
22	20891	65
22	20892	65
22	20893	65
22	20894	65
22	20895	65
22	20896	65
22	20897	65
22	20898	65
22	20899	65
22	20900	65
22	20901	65
22	20902	65
22	20903	66
22	20904	66
22	20905	66
22	20906	66
22	20907	66
22	20908	68
22	20909	68
22	20910	68
22	20911	68
22	20912	66
22	20913	66
22	20914	62
22	20915	64
22	20916	64
22	20917	64
22	20918	65
22	20919	65
22	20920	65
22	20921	65
22	20922	59
22	20923	59
22	20924	59
22	20925	59
22	20926	58
22	20927	58
22	20928	58
22	20929	57
22	20930	57
22	20931	57
22	20932	53
22	20933	54
22	20934	55
22	20935	56
22	20936	56
22	20937	57
22	20938	57
22	20939	57
22	20940	57
22	20941	58
22	20942	58
22	20943	58
22	20944	57
22	20945	57
22	20946	54
22	20947	51
22	20948	52
22	20949	52
22	20950	51
22	20951	51
22	20952	51
22	20953	49
22	20954	50
22	20955	50
22	20956	50
22	20957	50
22	20958	50
22	20959	49
22	20960	49
22	20961	49
22	20962	49
22	20963	49
22	20964	49
22	20965	49
22	20966	49
22	20967	48
22	20968	43
22	20969	43
22	20970	44
22	20971	44
22	20972	44
22	20973	44
22	20974	44
22	20975	44
22	20976	43
22	20977	40
22	20978	40
22	20979	39
22	20980	40
22	20981	41
22	20982	42
22	20983	42
22	20984	44
22	20985	45
22	20986	46
22	20987	47
22	20988	54
22	20989	54
22	20990	54
22	20991	54
22	20992	54
22	20993	54
22	20994	55
22	20995	55
22	20996	53
22	20997	53
22	20998	52
22	20999	51
22	21000	50
22	21001	50
22	21002	49
22	21003	49
22	21004	49
22	21005	49
22	21006	50
22	21007	50
22	21008	50
22	21009	50
22	21010	50
22	21011	51
22	21012	52
22	21013	53
22	21014	53
22	21015	53
22	21016	53
22	21017	54
22	21018	55
22	21019	55
22	21020	56
22	21021	55
22	21022	57
22	21023	57
22	21024	57
22	21025	58
22	21026	59
22	21027	59
22	21028	59
22	21029	59
22	21030	64
22	21031	64
22	21032	64
22	21033	65
22	21034	69
22	21035	77
22	21036	76
22	21037	76
22	21038	76
22	21039	75
22	21040	76
22	21041	76
22	21042	75
22	21043	80
22	21044	81
22	21045	88
22	21046	88
22	21047	89
22	21048	90
22	21049	90
22	21050	102
22	21051	103
22	21052	104
22	21053	103
22	21054	103
22	21055	103
22	21056	103
22	21057	102
22	21058	102
22	21059	101
22	21060	101
22	21061	102
22	21062	102
22	21063	102
22	21064	101
22	21065	103
22	21066	109
22	21067	109
22	21068	108
22	21069	110
22	21070	111
22	21071	111
22	21072	111
22	21073	111
22	21074	112
22	21075	112
22	21076	112
22	21077	114
22	21078	113
22	21079	114
22	21080	113
22	21081	114
22	21082	114
22	21083	115
22	21084	115
22	21085	118
22	21086	119
22	21087	119
22	21088	120
22	21089	120
22	21090	121
22	21091	121
22	21092	122
22	21093	123
22	21094	123
22	21095	124
22	21096	124
22	21097	124
22	21098	128
22	21099	128
22	21100	129
22	21101	130
22	21102	131
22	21103	131
22	21104	131
22	21105	131
22	21106	129
22	21107	132
22	21108	132
22	21109	132
22	21110	132
22	21111	132
22	21112	132
22	21113	132
22	21114	132
22	21115	133
22	21116	133
22	21117	133
22	21118	133
22	21119	133
22	21120	132
22	21121	132
22	21122	132
22	21123	132
22	21124	132
22	21125	134
22	21126	135
22	21127	134
22	21128	138
22	21129	137
22	21130	137
22	21131	136
22	21132	133
22	21133	133
22	21134	132
22	21135	124
22	21136	124
22	21137	117
22	21138	117
22	21139	117
22	21140	117
22	21141	118
22	21142	118
22	21143	118
22	21144	117
22	21145	117
22	21146	116
22	21147	116
22	21148	115
22	21149	115
22	21150	115
22	21151	115
22	21152	115
22	21153	114
22	21154	114
22	21155	114
22	21156	113
22	21157	113
22	21158	113
22	21159	113
22	21160	112
22	21161	111
22	21162	112
22	21163	112
22	21164	114
22	21165	112
22	21166	113
22	21167	112
22	21168	111
22	21169	114
22	21170	113
22	21171	111
22	21172	110
22	21173	108
22	21174	108
22	21175	106
22	21176	106
22	21177	104
22	21178	104
22	21179	105
22	21180	102
22	21181	102
22	21182	101
22	21183	97
22	21184	97
22	21185	89
22	21186	89
22	21187	89
22	21188	89
22	21189	87
22	21190	87
22	21191	87
22	21192	89
22	21193	84
22	21194	80
22	21195	83
22	21196	83
22	21197	84
22	21198	85
22	21199	85
22	21200	79
22	21201	80
22	21202	80
22	21203	80
22	21204	80
22	21205	80
22	21206	80
22	21207	83
22	21208	83
22	21209	86
22	21210	88
22	21211	88
22	21212	88
22	21213	87
22	21214	88
22	21215	84
22	21216	80
22	21217	79
22	21218	79
22	21219	78
22	21220	78
22	21221	79
22	21222	79
22	21223	79
22	21224	79
22	21225	79
22	21226	83
22	21227	83
22	21228	83
22	21229	82
22	21230	82
22	21231	82
22	21232	82
22	21233	84
22	21234	84
22	21235	81
22	21236	84
22	21237	91
22	21238	90
22	21239	89
22	21240	91
22	21241	91
22	21242	91
22	21243	92
22	21244	92
22	21245	91
22	21246	91
22	21247	87
22	21248	88
22	21249	89
22	21250	95
22	21251	95
22	21252	96
22	21253	98
22	21254	98
22	21255	99
22	21256	99
22	21257	96
22	21258	96
22	21259	96
22	21260	98
22	21261	98
22	21262	98
22	21263	98
22	21264	99
22	21265	99
22	21266	99
22	21267	100
22	21268	100
22	21269	100
22	21270	100
22	21271	100
22	21272	100
22	21273	101
22	21274	101
22	21275	104
22	21276	104
22	21277	103
22	21278	102
22	21279	104
22	21280	104
22	21281	104
22	21282	104
22	21283	100
22	21284	100
22	21285	101
22	21286	102
22	21287	102
22	21288	101
22	21289	101
22	21290	101
22	21291	100
22	21292	100
22	21293	100
22	21294	102
22	21295	103
22	21296	105
22	21297	108
22	21298	108
22	21299	108
22	21300	108
22	21301	108
22	21302	109
22	21303	109
22	21304	109
22	21305	109
22	21306	108
22	21307	108
22	21308	111
22	21309	111
22	21310	111
22	21311	113
22	21312	113
22	21313	113
22	21314	112
22	21315	112
22	21316	113
22	21317	113
22	21318	114
22	21319	113
22	21320	114
22	21321	114
22	21322	115
22	21323	115
22	21324	115
22	21325	115
22	21326	114
22	21327	117
22	21328	117
22	21329	121
22	21330	121
22	21331	123
22	21332	132
22	21333	133
22	21334	133
22	21335	133
22	21336	140
22	21337	140
22	21338	142
22	21339	142
22	21340	140
22	21341	137
22	21342	144
22	21343	147
22	21344	147
22	21345	142
22	21346	140
22	21347	145
22	21348	145
22	21349	139
22	21350	141
22	21351	142
22	21352	145
22	21353	145
22	21354	145
22	21355	145
22	21356	146
22	21357	144
22	21358	144
22	21359	138
22	21360	138
22	21361	138
22	21362	138
22	21363	137
22	21364	136
22	21365	141
22	21366	141
22	21367	141
22	21368	143
22	21369	143
22	21370	145
22	21371	144
22	21372	144
22	21373	145
22	21374	142
22	21375	143
22	21376	143
22	21377	143
22	21378	143
22	21379	143
22	21380	144
22	21381	144
22	21382	137
22	21383	137
22	21384	137
22	21385	138
22	21386	137
22	21387	140
22	21388	140
22	21389	140
22	21390	141
22	21391	154
22	21392	156
22	21393	155
22	21394	154
22	21395	154
22	21396	154
22	21397	158
22	21398	157
22	21399	157
22	21400	150
22	21401	150
22	21402	151
22	21403	150
22	21404	169
22	21405	168
22	21406	170
22	21407	170
22	21408	171
22	21409	171
22	21410	174
22	21411	174
22	21412	174
22	21413	174
22	21414	175
22	21415	186
22	21416	186
22	21417	187
22	21418	187
22	21419	187
22	21420	191
22	21421	192
22	21422	191
22	21423	190
22	21424	184
22	21425	185
22	21426	185
22	21427	185
22	21428	186
22	21429	187
22	21430	187
22	21431	188
22	21432	188
22	21433	190
22	21434	193
22	21435	192
22	21436	191
22	21437	191
22	21438	192
22	21439	191
22	21440	191
22	21441	191
22	21442	192
22	21443	192
22	21444	192
22	21445	190
22	21446	190
22	21447	188
22	21448	188
22	21449	191
22	21450	191
22	21451	190
22	21452	190
22	21453	189
22	21454	189
22	21455	192
22	21456	192
22	21457	191
22	21458	191
22	21459	195
22	21460	196
22	21461	198
22	21462	201
22	21463	201
22	21464	199
22	21465	200
22	21466	199
22	21467	199
22	21468	199
22	21469	197
22	21470	194
22	21471	194
22	21472	196
22	21473	196
22	21474	198
22	21475	198
22	21476	202
22	21477	200
22	21478	198
22	21479	195
22	21480	192
22	21481	186
22	21482	185
22	21483	184
22	21484	184
22	21485	181
22	21486	182
22	21487	183
22	21488	182
22	21489	184
22	21490	185
22	21491	186
22	21492	179
22	21493	179
22	21494	179
22	21495	180
22	21496	180
22	21497	175
22	21498	173
22	21499	173
22	21500	172
22	21501	169
22	21502	169
22	21503	169
22	21504	168
22	21505	168
22	21506	168
22	21507	167
22	21508	167
22	21509	168
22	21510	169
22	21511	171
22	21512	172
22	21513	170
22	21514	169
22	21515	168
22	21516	171
22	21517	173
22	21518	171
22	21519	172
22	21520	171
22	21521	171
22	21522	171
22	21523	167
22	21524	168
22	21525	169
22	21526	170
22	21527	175
22	21528	175
22	21529	173
22	21530	173
22	21531	173
22	21532	173
22	21533	179
22	21534	180
22	21535	181
22	21536	181
22	21537	178
22	21538	181
22	21539	189
22	21540	178
22	21541	177
22	21542	174
22	21543	175
22	21544	176
22	21545	182
22	21546	177
22	21547	174
22	21548	176
22	21549	176
22	21550	176
22	21551	178
22	21552	177
22	21553	179
22	21554	159
22	21555	165
22	21556	177
22	21557	180
22	21558	179
22	21559	176
22	21560	176
22	21561	176
22	21562	176
22	21563	175
22	21564	178
22	21565	167
22	21566	167
22	21567	166
22	21568	166
22	21569	168
22	21570	165
22	21571	163
22	21572	163
22	21573	164
22	21574	164
22	21575	163
22	21576	163
22	21577	164
22	21578	170
22	21579	171
22	21580	171
22	21581	170
22	21582	170
22	21583	170
22	21584	167
22	21585	167
22	21586	167
22	21587	166
22	21588	167
22	21589	168
22	21590	168
22	21591	170
22	21592	168
22	21593	168
22	21594	168
22	21595	168
22	21596	168
22	21597	168
22	21598	166
22	21599	165
22	21600	165
22	21601	165
22	21602	166
22	21603	166
22	21604	166
22	21605	163
22	21606	167
22	21607	168
22	21608	165
22	21609	165
22	21610	164
22	21611	161
22	21612	158
22	21613	159
22	21614	158
22	21615	158
22	21616	158
22	21617	158
22	21618	158
22	21619	158
22	21620	159
22	21621	156
22	21622	156
22	21623	156
22	21624	154
22	21625	154
22	21626	158
22	21627	158
22	21628	164
22	21629	163
22	21630	162
22	21631	163
22	21632	166
22	21633	168
22	21634	165
22	21635	162
22	21636	163
22	21637	164
22	21638	164
22	21639	162
22	21640	161
22	21641	163
22	21642	163
22	21643	163
22	21644	163
22	21645	162
22	21646	162
22	21647	164
22	21648	165
22	21649	165
22	21650	166
22	21651	166
22	21652	165
22	21653	166
22	21654	166
22	21655	166
22	21656	169
22	21657	169
22	21658	169
22	21659	164
22	21660	169
22	21661	169
22	21662	168
22	21663	169
22	21664	168
22	21665	169
22	21666	164
22	21667	165
22	21668	165
22	21669	163
22	21670	161
22	21671	163
22	21672	163
22	21673	163
22	21674	162
22	21675	161
22	21676	161
22	21677	157
22	21678	159
22	21679	161
22	21680	161
22	21681	161
22	21682	159
22	21683	156
22	21684	156
22	21685	152
22	21686	152
22	21687	148
22	21688	146
22	21689	142
22	21690	142
22	21691	145
22	21692	148
22	21693	147
22	21694	146
22	21695	142
22	21696	143
22	21697	158
22	21698	160
22	21699	162
22	21700	159
22	21701	159
22	21702	159
22	21703	167
22	21704	166
22	21705	169
22	21706	156
22	21707	154
22	21708	153
22	21709	153
22	21710	154
22	21711	154
22	21712	154
22	21713	154
22	21714	152
22	21715	152
22	21716	152
22	21717	151
22	21718	153
22	21719	152
22	21720	156
22	21721	156
22	21722	156
22	21723	155
22	21724	157
22	21725	161
22	21726	161
22	21727	156
22	21728	158
22	21729	155
22	21730	155
22	21731	155
22	21732	153
22	21733	151
22	21734	153
22	21735	154
22	21736	153
22	21737	154
22	21738	155
22	21739	165
22	21740	164
22	21741	162
22	21742	162
22	21743	162
22	21744	165
22	21745	164
22	21746	164
22	21747	166
22	21748	167
22	21749	167
22	21750	166
22	21751	166
22	21752	166
22	21753	165
22	21754	165
22	21755	168
22	21756	163
22	21757	166
22	21758	166
22	21759	166
22	21760	167
22	21761	165
22	21762	166
22	21763	165
22	21764	168
22	21765	168
22	21766	168
22	21767	171
22	21768	173
22	21769	172
22	21770	172
22	21771	172
22	21772	174
22	21773	175
22	21774	176
22	21775	168
22	21776	162
22	21777	161
22	21778	166
22	21779	168
22	21780	169
22	21781	168
22	21782	167
22	21783	165
22	21784	164
22	21785	164
22	21786	165
22	21787	163
22	21788	165
22	21789	165
22	21790	165
22	21791	164
22	21792	166
22	21793	168
22	21794	167
22	21795	168
22	21796	167
22	21797	166
22	21798	165
22	21799	165
22	21800	164
22	21801	165
22	21802	167
22	21803	166
22	21804	169
22	21805	169
22	21806	169
22	21807	169
22	21808	171
22	21809	173
22	21810	169
22	21811	167
22	21812	163
22	21813	164
22	21814	165
22	21815	165
22	21816	165
22	21817	165
22	21818	165
22	21819	165
22	21820	165
22	21821	163
22	21822	163
22	21823	164
22	21824	167
22	21825	168
22	21826	167
22	21827	169
22	21828	166
22	21829	166
22	21830	166
22	21831	169
22	21832	169
22	21833	171
22	21834	171
22	21835	169
22	21836	166
22	21837	166
22	21838	166
22	21839	166
22	21840	165
22	21841	163
22	21842	164
22	21843	164
22	21844	164
22	21845	164
22	21846	163
22	21847	149
22	21848	151
22	21849	149
22	21850	150
22	21851	149
22	21852	142
22	21853	142
22	21854	142
22	21855	134
22	21856	134
22	21857	134
22	21858	134
22	21859	134
22	21860	134
22	21861	134
22	21862	134
22	21863	135
22	21864	138
22	21865	138
22	21866	140
22	21867	140
22	21868	138
22	21869	135
22	21870	136
22	21871	136
22	21872	135
22	21873	138
22	21874	139
22	21875	140
22	21876	142
22	21877	139
22	21878	139
22	21879	144
22	21880	152
22	21881	154
22	21882	155
22	21883	155
22	21884	155
22	21885	158
22	21886	157
22	21887	155
22	21888	155
22	21889	145
22	21890	145
22	21891	145
22	21892	145
22	21893	146
22	21894	143
22	21895	144
22	21896	146
22	21897	144
22	21898	144
22	21899	144
22	21900	144
22	21901	143
22	21902	143
22	21903	144
22	21904	151
22	21905	153
22	21906	153
22	21907	150
22	21908	150
22	21909	150
22	21910	148
22	21911	148
22	21912	148
22	21913	143
22	21914	145
22	21915	146
22	21916	146
22	21917	143
22	21918	143
22	21919	143
22	21920	145
22	21921	147
22	21922	145
22	21923	144
22	21924	142
22	21925	143
22	21926	144
22	21927	144
22	21928	140
22	21929	138
22	21930	138
22	21931	139
22	21932	139
22	21933	138
22	21934	139
22	21935	139
22	21936	138
22	21937	140
22	21938	139
22	21939	141
22	21940	141
22	21941	139
22	21942	137
22	21943	138
22	21944	139
22	21945	138
22	21946	138
22	21947	138
22	21948	138
22	21949	138
22	21950	140
22	21951	137
22	21952	142
22	21953	140
22	21954	139
22	21955	136
22	21956	136
22	21957	138
22	21958	139
22	21959	137
22	21960	139
22	21961	139
22	21962	141
22	21963	146
22	21964	146
22	21965	145
22	21966	145
22	21967	145
22	21968	145
22	21969	145
22	21970	146
22	21971	142
22	21972	143
22	21973	142
22	21974	146
22	21975	146
22	21976	144
22	21977	144
22	21978	150
22	21979	152
22	21980	154
22	21981	150
22	21982	151
22	21983	154
22	21984	154
22	21985	154
22	21986	155
22	21987	155
22	21988	156
22	21989	157
22	21990	157
22	21991	155
22	21992	155
22	21993	157
22	21994	156
22	21995	156
22	21996	159
22	21997	156
22	21998	156
22	21999	157
22	22000	157
22	22001	159
22	22002	158
22	22003	158
22	22004	158
22	22005	156
22	22006	157
22	22007	158
22	22008	159
22	22009	158
22	22010	161
22	22011	161
22	22012	162
22	22013	162
22	22014	157
22	22015	159
22	22016	160
22	22017	160
22	22018	160
22	22019	163
22	22020	162
22	22021	165
22	22022	165
22	22023	161
22	22024	156
22	22025	154
22	22026	158
22	22027	157
22	22028	152
22	22029	152
22	22030	142
22	22031	142
22	22032	145
22	22033	145
22	22034	141
22	22035	141
22	22036	141
22	22037	142
22	22038	144
22	22039	144
22	22040	144
22	22041	144
22	22042	145
22	22043	143
22	22044	143
22	22045	145
22	22046	144
22	22047	144
22	22048	146
22	22049	148
22	22050	150
22	22051	150
22	22052	148
22	22053	145
22	22054	137
22	22055	138
22	22056	138
22	22057	138
22	22058	140
22	22059	143
22	22060	143
22	22061	143
22	22062	145
22	22063	145
22	22064	142
22	22065	142
22	22066	148
22	22067	147
22	22068	147
22	22069	146
22	22070	146
22	22071	144
22	22072	146
22	22073	141
22	22074	145
22	22075	144
22	22076	146
22	22077	146
22	22078	145
22	22079	143
22	22080	143
22	22081	142
22	22082	142
22	22083	143
22	22084	143
22	22085	142
22	22086	142
22	22087	140
22	22088	138
22	22089	139
22	22090	139
22	22091	140
22	22092	137
22	22093	138
22	22094	137
22	22095	138
22	22096	139
22	22097	139
22	22098	155
22	22099	156
22	22100	154
22	22101	154
22	22102	149
22	22103	151
22	22104	151
22	22105	152
22	22106	152
22	22107	150
22	22108	149
22	22109	149
22	22110	146
22	22111	147
22	22112	140
22	22113	140
22	22114	140
22	22115	140
22	22116	142
22	22117	142
22	22118	151
22	22119	151
22	22120	153
22	22121	152
22	22122	153
22	22123	155
22	22124	153
22	22125	151
22	22126	151
22	22127	145
22	22128	143
22	22129	141
22	22130	139
22	22131	139
22	22132	134
22	22133	134
22	22134	139
22	22135	142
22	22136	142
22	22137	142
22	22138	142
22	22139	142
22	22140	143
22	22141	143
22	22142	144
22	22143	145
22	22144	145
22	22145	144
22	22146	145
22	22147	145
22	22148	148
22	22149	144
22	22150	144
22	22151	145
22	22152	145
22	22153	147
22	22154	149
22	22155	150
22	22156	149
22	22157	150
22	22158	151
22	22159	146
22	22160	147
22	22161	148
22	22162	149
22	22163	151
22	22164	147
22	22165	147
22	22166	147
22	22167	146
22	22168	143
22	22169	143
22	22170	145
22	22171	145
22	22172	146
22	22173	146
22	22174	145
22	22175	144
22	22176	142
22	22177	140
22	22178	140
22	22179	140
22	22180	140
22	22181	140
22	22182	142
22	22183	142
22	22184	142
22	22185	142
22	22186	143
22	22187	145
22	22188	144
22	22189	143
22	22190	143
22	22191	143
22	22192	147
22	22193	147
22	22194	148
22	22195	149
22	22196	150
22	22197	152
22	22198	150
22	22199	148
22	22200	146
22	22201	146
22	22202	146
22	22203	148
22	22204	145
22	22205	146
22	22206	146
22	22207	147
22	22208	146
22	22209	144
22	22210	144
22	22211	144
22	22212	141
22	22213	143
22	22214	143
22	22215	144
22	22216	138
22	22217	138
22	22218	140
22	22219	139
22	22220	141
22	22221	139
22	22222	139
22	22223	139
22	22224	145
22	22225	146
22	22226	146
22	22227	151
22	22228	153
22	22229	152
22	22230	157
22	22231	160
22	22232	162
22	22233	163
22	22234	162
22	22235	166
22	22236	165
22	22237	168
22	22238	168
22	22239	167
22	22240	168
22	22241	168
22	22242	169
22	22243	170
22	22244	169
22	22245	167
22	22246	165
22	22247	166
22	22248	151
22	22249	149
22	22250	150
22	22251	151
22	22252	153
22	22253	152
22	22254	150
22	22255	151
22	22256	152
22	22257	152
22	22258	153
22	22259	154
22	22260	152
22	22261	152
22	22262	152
22	22263	152
22	22264	152
22	22265	154
22	22266	152
22	22267	143
22	22268	143
22	22269	143
22	22270	141
22	22271	144
22	22272	144
22	22273	144
22	22274	147
22	22275	147
22	22276	147
22	22277	148
22	22278	148
22	22279	149
22	22280	149
22	22281	149
22	22282	149
22	22283	147
22	22284	148
22	22285	146
22	22286	146
22	22287	149
22	22288	146
22	22289	143
22	22290	143
22	22291	143
22	22292	142
22	22293	139
22	22294	139
22	22295	139
22	22296	137
22	22297	135
22	22298	138
22	22299	141
22	22300	140
22	22301	141
22	22302	139
22	22303	138
22	22304	142
22	22305	141
22	22306	141
22	22307	139
22	22308	138
22	22309	140
22	22310	140
22	22311	139
22	22312	138
22	22313	137
22	22314	137
22	22315	137
22	22316	138
22	22317	138
22	22318	137
22	22319	137
22	22320	138
22	22321	138
22	22322	139
22	22323	139
22	22324	139
22	22325	139
22	22326	145
22	22327	144
22	22328	147
22	22329	144
22	22330	144
22	22331	143
22	22332	142
22	22333	146
22	22334	147
22	22335	149
22	22336	148
22	22337	147
22	22338	150
22	22339	151
22	22340	151
22	22341	148
22	22342	150
22	22343	152
22	22344	152
22	22345	149
22	22346	148
22	22347	146
22	22348	147
22	22349	147
22	22350	147
22	22351	147
22	22352	146
22	22353	145
22	22354	145
22	22355	147
22	22356	146
22	22357	147
22	22358	151
22	22359	150
22	22360	150
22	22361	151
22	22362	150
22	22363	151
22	22364	150
22	22365	149
22	22366	149
22	22367	148
22	22368	150
22	22369	153
22	22370	153
22	22371	154
22	22372	156
22	22373	150
22	22374	151
22	22375	148
22	22376	150
22	22377	145
22	22378	143
22	22379	145
22	22380	141
22	22381	136
22	22382	135
22	22383	134
22	22384	134
22	22385	131
22	22386	131
22	22387	132
22	22388	131
22	22389	129
22	22390	129
22	22391	128
22	22392	127
22	22393	129
22	22394	132
22	22395	132
22	22396	135
22	22397	135
22	22398	138
22	22399	138
22	22400	137
22	22401	137
22	22402	135
22	22403	135
22	22404	134
22	22405	133
22	22406	133
22	22407	132
22	22408	132
22	22409	131
22	22410	132
22	22411	132
22	22412	133
22	22413	136
22	22414	135
22	22415	135
22	22416	136
22	22417	136
22	22418	137
22	22419	136
22	22420	134
22	22421	135
22	22422	132
22	22423	131
22	22424	132
22	22425	135
22	22426	135
22	22427	134
22	22428	135
22	22429	135
22	22430	135
22	22431	136
22	22432	135
22	22433	134
22	22434	134
22	22435	134
22	22436	133
22	22437	130
22	22438	130
22	22439	130
22	22440	130
22	22441	130
22	22442	130
22	22443	130
22	22444	128
22	22445	129
22	22446	129
22	22447	129
22	22448	128
22	22449	124
22	22450	125
22	22451	129
22	22452	131
22	22453	133
22	22454	133
22	22455	133
22	22456	133
22	22457	133
22	22458	133
22	22459	130
22	22460	130
22	22461	131
22	22462	132
22	22463	134
22	22464	137
22	22465	139
22	22466	143
22	22467	144
22	22468	142
22	22469	146
22	22470	143
22	22471	144
22	22472	149
22	22473	149
22	22474	151
22	22475	147
22	22476	146
22	22477	147
22	22478	147
22	22479	147
22	22480	144
22	22481	143
22	22482	145
22	22483	143
22	22484	143
22	22485	140
22	22486	140
22	22487	140
22	22488	140
22	22489	140
22	22490	139
22	22491	137
22	22492	137
22	22493	136
22	22494	136
22	22495	136
22	22496	136
22	22497	136
22	22498	137
22	22499	137
22	22500	135
22	22501	137
22	22502	137
22	22503	137
22	22504	137
22	22505	134
22	22506	134
22	22507	128
22	22508	129
22	22509	128
22	22510	128
22	22511	128
22	22512	128
22	22513	128
22	22514	127
22	22515	126
22	22516	127
22	22517	128
22	22518	122
22	22519	122
22	22520	121
22	22521	119
22	22522	119
22	22523	117
22	22524	117
22	22525	118
22	22526	118
22	22527	118
22	22528	118
22	22529	117
22	22530	117
22	22531	118
22	22532	118
22	22533	117
22	22534	119
22	22535	118
22	22536	118
22	22537	115
22	22538	114
22	22539	115
22	22540	115
22	22541	115
22	22542	114
22	22543	109
22	22544	108
22	22545	108
22	22546	106
22	22547	106
22	22548	103
22	22549	103
22	22550	104
22	22551	105
22	22552	104
22	22553	104
22	22554	106
22	22555	106
22	22556	106
22	22557	107
22	22558	106
22	22559	106
22	22560	105
22	22561	104
22	22562	102
22	22563	100
22	22564	99
22	22565	103
22	22566	102
22	22567	102
22	22568	101
22	22569	101
22	22570	108
22	22571	107
22	22572	108
22	22573	107
22	22574	109
22	22575	106
22	22576	103
22	22577	103
22	22578	103
22	22579	103
22	22580	102
22	22581	101
22	22582	99
22	22583	99
22	22584	99
22	22585	101
22	22586	103
22	22587	103
22	22588	104
22	22589	105
22	22590	105
22	22591	106
22	22592	104
22	22593	104
22	22594	110
22	22595	110
22	22596	110
22	22597	110
22	22598	110
22	22599	110
22	22600	110
22	22601	110
22	22602	106
22	22603	100
22	22604	107
22	22605	107
22	22606	108
22	22607	108
22	22608	108
22	22609	108
22	22610	107
22	22611	108
22	22612	102
22	22613	100
22	22614	102
22	22615	99
22	22616	100
22	22617	99
22	22618	98
22	22619	94
22	22620	95
22	22621	95
22	22622	92
22	22623	92
22	22624	91
22	22625	91
22	22626	86
22	22627	86
22	22628	85
22	22629	87
22	22630	87
22	22631	86
22	22632	84
22	22633	83
22	22634	83
22	22635	85
22	22636	87
22	22637	88
22	22638	88
22	22639	88
22	22640	88
22	22641	88
22	22642	88
22	22643	88
22	22644	88
22	22645	92
22	22646	93
22	22647	92
22	22648	92
22	22649	94
22	22650	94
22	22651	96
22	22652	96
22	22653	96
22	22654	97
22	22655	96
22	22656	100
22	22657	105
22	22658	103
22	22659	103
22	22660	103
22	22661	103
22	22662	103
22	22663	103
22	22664	104
22	22665	105
22	22666	105
22	22667	106
22	22668	105
22	22669	106
22	22670	105
22	22671	105
22	22672	105
22	22673	105
22	22674	105
22	22675	104
22	22676	104
22	22677	104
22	22678	103
22	22679	103
22	22680	102
22	22681	101
22	22682	100
22	22683	100
22	22684	100
22	22685	100
22	22686	100
22	22687	100
22	22688	100
22	22689	100
22	22690	100
22	22691	100
22	22692	100
22	22693	100
22	22694	102
22	22695	112
22	22696	112
22	22697	115
22	22698	114
22	22699	113
22	22700	118
22	22701	119
22	22702	119
22	22703	122
22	22704	121
22	22705	122
22	22706	122
22	22707	126
22	22708	128
22	22709	125
22	22710	125
22	22711	125
22	22712	124
22	22713	125
22	22714	123
22	22715	126
22	22716	127
22	22717	125
22	22718	126
22	22719	124
22	22720	124
22	22721	124
22	22722	124
22	22723	125
22	22724	123
22	22725	124
22	22726	124
22	22727	126
22	22728	128
22	22729	128
22	22730	131
22	22731	133
22	22732	133
22	22733	133
22	22734	141
22	22735	146
22	22736	145
22	22737	145
22	22738	145
22	22739	144
22	22740	144
22	22741	144
22	22742	138
22	22743	135
22	22744	135
22	22745	135
22	22746	137
22	22747	137
22	22748	139
22	22749	139
22	22750	139
22	22751	140
22	22752	147
22	22753	147
22	22754	141
22	22755	142
22	22756	145
22	22757	145
22	22758	142
22	22759	142
22	22760	141
22	22761	143
22	22762	144
22	22763	142
22	22764	142
22	22765	143
22	22766	144
22	22767	144
22	22768	144
22	22769	141
22	22770	141
22	22771	142
22	22772	142
22	22773	143
22	22774	144
22	22775	144
22	22776	143
22	22777	143
22	22778	144
22	22779	143
22	22780	144
22	22781	145
22	22782	145
22	22783	145
22	22784	145
22	22785	143
22	22786	145
22	22787	144
22	22788	143
22	22789	143
22	22790	144
22	22791	144
22	22792	145
22	22793	158
22	22794	158
22	22795	154
22	22796	158
22	22797	159
22	22798	162
22	22799	164
22	22800	173
22	22801	174
22	22802	174
22	22803	176
22	22804	177
22	22805	172
22	22806	171
22	22807	166
22	22808	166
22	22809	167
22	22810	168
22	22811	170
22	22812	170
22	22813	169
22	22814	169
22	22815	169
22	22816	169
22	22817	168
22	22818	168
22	22819	168
22	22820	170
22	22821	170
22	22822	170
22	22823	170
22	22824	171
22	22825	172
22	22826	173
22	22827	173
22	22828	173
22	22829	173
22	22830	174
22	22831	174
22	22832	174
22	22833	176
22	22834	176
22	22835	176
22	22836	185
22	22837	188
22	22838	188
22	22839	188
22	22840	188
22	22841	189
22	22842	189
22	22843	189
22	22844	194
22	22845	181
22	22846	185
22	22847	184
22	22848	185
22	22849	186
22	22850	180
22	22851	179
22	22852	179
22	22853	179
22	22854	182
22	22855	182
22	22856	181
22	22857	176
22	22858	174
22	22859	174
22	22860	174
22	22861	173
22	22862	173
22	22863	174
22	22864	175
22	22865	173
22	22866	169
22	22867	170
22	22868	171
22	22869	174
22	22870	172
22	22871	177
22	22872	175
22	22873	174
22	22874	179
22	22875	180
22	22876	181
22	22877	180
22	22878	178
22	22879	177
22	22880	175
22	22881	173
22	22882	173
22	22883	163
22	22884	163
22	22885	160
22	22886	160
22	22887	159
22	22888	162
22	22889	165
22	22890	164
22	22891	164
22	22892	166
22	22893	165
22	22894	166
22	22895	166
22	22896	164
22	22897	166
22	22898	163
22	22899	161
22	22900	160
22	22901	156
22	22902	159
22	22903	158
22	22904	157
22	22905	155
22	22906	158
22	22907	158
22	22908	158
22	22909	158
22	22910	156
22	22911	156
22	22912	155
22	22913	156
22	22914	158
22	22915	157
22	22916	161
22	22917	161
22	22918	161
22	22919	162
22	22920	161
22	22921	161
22	22922	159
22	22923	159
22	22924	160
22	22925	164
22	22926	164
22	22927	163
22	22928	164
22	22929	163
22	22930	163
22	22931	163
22	22932	164
22	22933	164
22	22934	174
22	22935	171
22	22936	171
22	22937	171
22	22938	173
22	22939	177
22	22940	177
22	22941	176
22	22942	176
22	22943	164
22	22944	166
22	22945	168
22	22946	165
22	22947	164
22	22948	160
22	22949	160
22	22950	154
22	22951	154
22	22952	156
22	22953	156
22	22954	155
22	22955	155
22	22956	156
22	22957	156
22	22958	154
22	22959	154
22	22960	156
22	22961	159
22	22962	159
22	22963	159
22	22964	164
22	22965	165
22	22966	165
22	22967	165
22	22968	164
22	22969	165
22	22970	164
22	22971	164
22	22972	163
22	22973	163
22	22974	163
22	22975	163
22	22976	163
22	22977	163
22	22978	163
22	22979	163
22	22980	163
22	22981	163
22	22982	163
22	22983	161
22	22984	161
22	22985	159
22	22986	151
22	22987	157
22	22988	158
22	22989	158
22	22990	159
22	22991	161
22	22992	161
22	22993	161
22	22994	157
22	22995	157
22	22996	153
22	22997	154
22	22998	154
22	22999	154
22	23000	152
22	23001	152
22	23002	149
22	23003	149
22	23004	146
22	23005	146
22	23006	147
22	23007	147
22	23008	147
22	23009	147
22	23010	148
22	23011	148
22	23012	148
22	23013	147
22	23014	146
22	23015	145
22	23016	146
22	23017	147
22	23018	146
22	23019	143
22	23020	143
22	23021	140
22	23022	141
22	23023	141
22	23024	137
22	23025	137
22	23026	135
22	23027	135
22	23028	135
22	23029	134
22	23030	135
22	23031	134
22	23032	138
22	23033	138
22	23034	138
22	23035	138
22	23036	138
22	23037	136
22	23038	133
22	23039	133
22	23040	133
22	23041	132
22	23042	132
22	23043	132
22	23044	135
22	23045	135
22	23046	133
22	23047	134
22	23048	134
22	23049	131
22	23050	129
22	23051	129
22	23052	128
22	23053	131
22	23054	131
22	23055	130
22	23056	129
22	23057	128
22	23058	128
22	23059	128
22	23060	128
22	23061	126
22	23062	127
22	23063	126
22	23064	126
22	23065	121
22	23066	121
22	23067	120
22	23068	119
22	23069	121
22	23070	119
22	23071	120
22	23072	119
22	23073	120
22	23074	119
22	23075	114
22	23076	115
22	23077	115
22	23078	115
22	23079	116
22	23080	115
22	23081	115
22	23082	114
22	23083	114
22	23084	107
22	23085	106
22	23086	106
22	23087	105
22	23088	105
22	23089	106
22	23090	105
22	23091	105
22	23092	105
22	23093	96
22	23094	95
22	23095	99
22	23096	99
22	23097	99
22	23098	99
22	23099	98
22	23100	92
22	23101	92
22	23102	90
22	23103	88
22	23104	98
22	23105	100
22	23106	99
22	23107	97
22	23108	93
22	23109	93
22	23110	93
22	23111	93
22	23112	94
22	23113	88
22	23114	89
22	23115	85
22	23116	86
22	23117	86
22	23118	86
22	23119	86
22	23120	86
22	23121	87
22	23122	87
22	23123	86
22	23124	86
22	23125	88
22	23126	90
22	23127	90
22	23128	91
22	23129	92
22	23130	92
22	23131	97
22	23132	97
22	23133	79
22	23134	79
22	23135	80
22	23136	81
22	23137	85
22	23138	86
22	23139	87
22	23140	87
22	23141	87
22	23142	87
22	23143	86
22	23144	85
22	23145	82
22	23146	82
22	23147	81
22	23148	79
22	23149	81
22	23150	81
22	23151	82
22	23152	79
22	23153	78
22	23154	77
22	23155	78
22	23156	80
22	23157	80
22	23158	76
22	23159	77
22	23160	77
22	23161	79
22	23162	78
22	23163	78
22	23164	80
22	23165	80
22	23166	78
22	23167	77
22	23168	78
22	23169	78
22	23170	80
22	23171	81
22	23172	84
22	23173	84
22	23174	84
22	23175	85
22	23176	84
22	23177	85
22	23178	85
22	23179	85
22	23180	86
22	23181	86
22	23182	88
22	23183	92
22	23184	92
22	23185	92
22	23186	91
22	23187	91
22	23188	91
22	23189	91
22	23190	91
22	23191	92
22	23192	94
22	23193	93
22	23194	92
22	23195	92
22	23196	90
22	23197	91
22	23198	91
22	23199	89
22	23200	89
22	23201	90
22	23202	90
22	23203	90
22	23204	91
22	23205	91
22	23206	92
22	23207	93
22	23208	93
22	23209	93
22	23210	93
22	23211	95
22	23212	94
22	23213	95
22	23214	97
22	23215	96
22	23216	96
22	23217	97
22	23218	101
22	23219	99
22	23220	99
22	23221	98
22	23222	99
22	23223	99
22	23224	100
22	23225	100
22	23226	99
22	23227	99
22	23228	98
22	23229	99
22	23230	97
22	23231	97
22	23232	97
22	23233	97
22	23234	98
22	23235	98
22	23236	98
22	23237	97
22	23238	98
22	23239	98
22	23240	98
22	23241	98
22	23242	98
22	23243	98
22	23244	98
22	23245	95
22	23246	95
22	23247	95
22	23248	95
22	23249	95
22	23250	94
22	23251	94
22	23252	94
22	23253	96
22	23254	94
22	23255	92
22	23256	92
22	23257	92
22	23258	92
22	23259	92
22	23260	91
22	23261	91
22	23262	89
22	23263	88
22	23264	88
22	23265	88
22	23266	89
22	23267	89
22	23268	89
22	23269	88
22	23270	88
22	23271	88
22	23272	88
22	23273	88
22	23274	88
22	23275	86
22	23276	80
22	23277	78
22	23278	83
22	23279	85
22	23280	79
22	23281	79
22	23282	82
22	23283	82
22	23284	83
22	23285	82
22	23286	78
22	23287	79
22	23288	78
22	23289	81
22	23290	81
22	23291	81
22	23292	82
22	23293	82
22	23294	83
22	23295	82
22	23296	82
22	23297	85
22	23298	85
22	23299	85
22	23300	86
22	23301	85
22	23302	85
22	23303	87
22	23304	90
22	23305	90
22	23306	86
22	23307	85
22	23308	85
22	23309	84
22	23310	84
22	23311	82
22	23312	81
22	23313	80
22	23314	80
22	23315	80
22	23316	80
22	23317	81
22	23318	81
22	23319	81
22	23320	79
22	23321	78
22	23322	76
22	23323	76
22	23324	77
22	23325	77
22	23326	77
22	23327	75
22	23328	75
22	23329	79
22	23330	78
22	23331	76
22	23332	74
22	23333	71
22	23334	73
22	23335	75
22	23336	75
22	23337	75
22	23338	75
22	23339	75
22	23340	75
22	23341	74
22	23342	73
22	23343	72
22	23344	72
22	23345	72
22	23346	72
22	23347	73
22	23348	72
22	23349	71
22	23350	73
22	23351	73
22	23352	73
22	23353	73
22	23354	72
22	23355	71
22	23356	70
22	23357	70
22	23358	67
22	23359	66
22	23360	66
22	23361	65
22	23362	74
22	23363	74
22	23364	73
22	23365	74
22	23366	75
22	23367	72
22	23368	71
22	23369	71
22	23370	71
22	23371	71
22	23372	70
22	23373	70
22	23374	69
22	23375	70
22	23376	69
22	23377	69
22	23378	69
22	23379	69
22	23380	73
22	23381	75
22	23382	75
22	23383	74
22	23384	73
22	23385	73
22	23386	74
22	23387	75
22	23388	74
22	23389	75
22	23390	75
22	23391	69
22	23392	69
22	23393	69
22	23394	69
22	23395	72
22	23396	73
22	23397	73
22	23398	74
22	23399	75
22	23400	75
22	23401	84
22	23402	84
22	23403	84
22	23404	84
22	23405	85
22	23406	94
22	23407	94
22	23408	94
22	23409	94
22	23410	94
22	23411	95
22	23412	96
22	23413	96
22	23414	96
22	23415	95
22	23416	96
22	23417	96
22	23418	96
22	23419	98
22	23420	104
22	23421	104
22	23422	105
22	23423	105
22	23424	104
22	23425	106
22	23426	106
22	23427	105
22	23428	110
22	23429	107
22	23430	110
22	23431	110
22	23432	109
22	23433	108
22	23434	108
22	23435	110
22	23436	109
22	23437	108
22	23438	108
22	23439	106
22	23440	106
22	23441	105
22	23442	107
22	23443	110
22	23444	109
22	23445	109
22	23446	110
22	23447	109
22	23448	114
22	23449	114
22	23450	115
22	23451	115
22	23452	115
22	23453	112
22	23454	112
22	23455	112
22	23456	115
22	23457	112
22	23458	112
22	23459	112
22	23460	112
22	23461	113
22	23462	113
22	23463	113
22	23464	113
22	23465	113
22	23466	112
22	23467	113
22	23468	113
22	23469	113
22	23470	113
22	23471	114
22	23472	115
22	23473	115
22	23474	111
22	23475	111
22	23476	114
22	23477	114
22	23478	114
22	23479	114
22	23480	114
22	23481	114
22	23482	117
22	23483	116
22	23484	115
22	23485	115
22	23486	116
22	23487	116
22	23488	116
22	23489	116
22	23490	116
22	23491	122
22	23492	122
22	23493	125
22	23494	126
22	23495	128
22	23496	128
22	23497	133
22	23498	133
22	23499	133
22	23500	136
22	23501	135
22	23502	135
22	23503	136
22	23504	138
22	23505	132
22	23506	134
22	23507	133
22	23508	133
22	23509	136
22	23510	136
22	23511	144
22	23512	143
22	23513	143
22	23514	143
22	23515	142
22	23516	142
22	23517	147
22	23518	148
22	23519	153
22	23520	153
22	23521	155
22	23522	158
22	23523	158
22	23524	159
22	23525	161
22	23526	164
22	23527	164
22	23528	164
22	23529	162
22	23530	170
22	23531	171
22	23532	171
22	23533	169
22	23534	169
22	23535	170
22	23536	179
22	23537	178
22	23538	180
22	23539	178
22	23540	178
22	23541	179
22	23542	187
22	23543	187
22	23544	187
22	23545	190
22	23546	192
22	23547	193
22	23548	193
22	23549	193
22	23550	192
22	23551	188
22	23552	188
22	23553	189
22	23554	186
22	23555	180
22	23556	186
22	23557	188
22	23558	188
22	23559	188
22	23560	187
22	23561	188
22	23562	190
22	23563	190
22	23564	189
22	23565	188
22	23566	188
22	23567	189
22	23568	189
22	23569	182
22	23570	180
22	23571	180
22	23572	181
22	23573	184
22	23574	184
22	23575	182
22	23576	179
22	23577	179
22	23578	178
22	23579	178
22	23580	174
22	23581	174
22	23582	173
22	23583	173
22	23584	171
22	23585	171
22	23586	171
22	23587	171
22	23588	173
22	23589	171
22	23590	175
22	23591	175
22	23592	175
22	23593	175
22	23594	174
22	23595	181
22	23596	181
22	23597	175
22	23598	175
22	23599	177
22	23600	176
22	23601	176
22	23602	175
22	23603	175
22	23604	172
22	23605	172
22	23606	171
22	23607	171
22	23608	173
22	23609	173
22	23610	173
22	23611	179
22	23612	181
22	23613	183
22	23614	183
22	23615	183
22	23616	183
22	23617	182
22	23618	183
22	23619	183
22	23620	186
22	23621	182
22	23622	183
22	23623	183
22	23624	183
22	23625	179
22	23626	180
22	23627	180
22	23628	181
22	23629	183
22	23630	184
22	23631	182
22	23632	192
22	23633	194
22	23634	197
22	23635	197
22	23636	196
22	23637	198
22	23638	199
22	23639	200
22	23640	197
22	23641	192
22	23642	192
22	23643	191
22	23644	191
22	23645	190
22	23646	190
22	23647	188
22	23648	188
22	23649	188
22	23650	185
22	23651	189
22	23652	189
22	23653	190
22	23654	187
22	23655	187
22	23656	186
22	23657	187
22	23658	189
22	23659	189
22	23660	189
22	23661	181
22	23662	181
22	23663	185
22	23664	185
22	23665	191
22	23666	199
22	23667	196
22	23668	195
22	23669	191
22	23670	187
22	23671	187
22	23672	185
22	23673	186
22	23674	187
22	23675	182
22	23676	185
22	23677	197
22	23678	198
22	23679	186
22	23680	186
22	23681	185
22	23682	186
22	23683	188
22	23684	189
22	23685	185
22	23686	182
22	23687	184
22	23688	186
22	23689	186
22	23690	185
22	23691	187
22	23692	181
22	23693	181
22	23694	181
22	23695	178
22	23696	175
22	23697	176
22	23698	181
22	23699	188
22	23700	186
22	23701	186
22	23702	188
22	23703	188
22	23704	188
22	23705	187
22	23706	181
22	23707	180
22	23708	179
22	23709	179
22	23710	177
22	23711	175
22	23712	175
22	23713	175
22	23714	175
22	23715	177
22	23716	177
22	23717	176
22	23718	176
22	23719	176
22	23720	177
22	23721	175
22	23722	179
22	23723	176
22	23724	176
22	23725	177
22	23726	178
22	23727	178
22	23728	177
22	23729	178
22	23730	178
22	23731	180
22	23732	180
22	23733	180
22	23734	180
22	23735	188
22	23736	189
22	23737	190
22	23738	188
22	23739	187
22	23740	185
22	23741	184
22	23742	187
22	23743	184
22	23744	177
22	23745	179
22	23746	179
22	23747	179
22	23748	180
22	23749	178
22	23750	183
22	23751	186
22	23752	194
22	23753	199
22	23754	200
22	23755	203
22	23756	203
22	23757	202
22	23758	203
22	23759	198
22	23760	198
22	23761	196
22	23762	195
22	23763	196
22	23764	196
22	23765	197
22	23766	197
22	23767	204
22	23768	203
22	23769	203
22	23770	201
22	23771	201
22	23772	201
22	23773	201
22	23774	202
22	23775	202
22	23776	201
22	23777	200
22	23778	198
22	23779	202
22	23780	201
22	23781	199
22	23782	191
22	23783	191
22	23784	191
22	23785	191
22	23786	191
22	23787	193
22	23788	192
22	23789	192
22	23790	195
22	23791	198
22	23792	198
22	23793	194
22	23794	194
22	23795	195
22	23796	195
22	23797	192
22	23798	193
22	23799	203
22	23800	204
22	23801	200
22	23802	198
22	23803	199
22	23804	200
22	23805	198
22	23806	200
22	23807	198
22	23808	196
22	23809	197
22	23810	199
22	23811	199
22	23812	200
22	23813	196
22	23814	196
22	23815	191
22	23816	184
22	23817	183
22	23818	184
22	23819	183
22	23820	183
22	23821	183
22	23822	185
22	23823	184
22	23824	183
22	23825	182
22	23826	169
22	23827	170
22	23828	170
22	23829	171
22	23830	171
22	23831	174
22	23832	174
22	23833	176
22	23834	172
22	23835	167
22	23836	167
22	23837	168
22	23838	167
22	23839	168
22	23840	171
22	23841	169
22	23842	168
22	23843	169
22	23844	171
22	23845	171
22	23846	174
22	23847	175
22	23848	171
22	23849	165
22	23850	167
22	23851	168
22	23852	170
22	23853	170
22	23854	170
22	23855	171
22	23856	171
22	23857	172
22	23858	177
22	23859	177
22	23860	177
22	23861	177
22	23862	177
22	23863	185
22	23864	186
22	23865	184
22	23866	185
22	23867	185
22	23868	188
22	23869	191
22	23870	190
22	23871	190
22	23872	187
22	23873	187
22	23874	189
22	23875	195
22	23876	195
22	23877	194
22	23878	194
22	23879	194
22	23880	194
22	23881	190
22	23882	192
22	23883	195
22	23884	198
22	23885	191
22	23886	191
22	23887	194
22	23888	195
22	23889	195
22	23890	194
22	23891	191
22	23892	191
22	23893	191
22	23894	196
22	23895	196
22	23896	197
22	23897	199
22	23898	198
22	23899	199
22	23900	193
22	23901	193
22	23902	182
22	23903	179
22	23904	179
22	23905	176
22	23906	175
22	23907	175
22	23908	180
22	23909	180
22	23910	187
22	23911	186
22	23912	187
22	23913	188
22	23914	187
22	23915	186
22	23916	187
22	23917	181
22	23918	185
22	23919	186
22	23920	184
22	23921	185
22	23922	185
22	23923	185
22	23924	185
22	23925	186
22	23926	190
22	23927	186
22	23928	185
22	23929	186
22	23930	187
22	23931	188
22	23932	188
22	23933	188
22	23934	187
22	23935	186
22	23936	183
22	23937	180
22	23938	182
22	23939	181
22	23940	177
22	23941	178
22	23942	176
22	23943	178
22	23944	178
22	23945	178
22	23946	179
22	23947	185
22	23948	185
22	23949	176
22	23950	175
22	23951	176
22	23952	176
22	23953	177
22	23954	181
22	23955	180
22	23956	179
22	23957	179
22	23958	178
22	23959	176
22	23960	178
22	23961	180
22	23962	178
22	23963	178
22	23964	178
22	23965	177
22	23966	175
22	23967	175
22	23968	176
22	23969	176
22	23970	176
22	23971	174
22	23972	177
22	23973	177
22	23974	176
22	23975	171
22	23976	171
22	23977	171
22	23978	171
22	23979	170
22	23980	172
22	23981	170
22	23982	171
22	23983	170
22	23984	172
22	23985	174
22	23986	173
22	23987	173
22	23988	173
22	23989	172
22	23990	173
22	23991	173
22	23992	173
22	23993	172
22	23994	172
22	23995	173
22	23996	169
22	23997	167
22	23998	163
22	23999	163
22	24000	166
22	24001	165
22	24002	160
22	24003	160
22	24004	159
22	24005	163
22	24006	161
22	24007	159
22	24008	158
22	24009	158
22	24010	158
22	24011	160
22	24012	154
22	24013	153
22	24014	153
22	24015	161
22	24016	161
22	24017	161
22	24018	155
22	24019	155
22	24020	155
22	24021	157
22	24022	156
22	24023	155
22	24024	154
22	24025	149
22	24026	147
22	24027	146
22	24028	151
22	24029	151
22	24030	146
22	24031	143
22	24032	144
22	24033	147
22	24034	144
22	24035	142
22	24036	144
22	24037	146
22	24038	147
22	24039	147
22	24040	148
22	24041	148
22	24042	148
22	24043	148
22	24044	146
22	24045	144
22	24046	142
22	24047	142
22	24048	142
22	24049	141
22	24050	140
22	24051	140
22	24052	140
22	24053	142
22	24054	146
22	24055	146
22	24056	147
22	24057	139
22	24058	136
22	24059	135
22	24060	133
22	24061	134
22	24062	132
22	24063	132
22	24064	133
22	24065	134
22	24066	133
22	24067	133
22	24068	129
22	24069	131
22	24070	131
22	24071	131
22	24072	133
22	24073	133
22	24074	132
22	24075	129
22	24076	129
22	24077	131
22	24078	130
22	24079	130
22	24080	129
22	24081	128
22	24082	129
22	24083	136
22	24084	136
22	24085	136
22	24086	134
22	24087	138
22	24088	138
22	24089	139
22	24090	140
22	24091	141
22	24092	142
22	24093	139
22	24094	142
22	24095	141
22	24096	141
22	24097	135
22	24098	133
22	24099	133
22	24100	133
22	24101	132
22	24102	133
22	24103	127
22	24104	128
22	24105	129
22	24106	128
22	24107	128
22	24108	128
22	24109	128
22	24110	127
22	24111	126
22	24112	126
22	24113	127
22	24114	128
22	24115	127
22	24116	128
22	24117	126
22	24118	126
22	24119	127
22	24120	127
22	24121	128
22	24122	124
22	24123	125
22	24124	125
22	24125	125
22	24126	127
22	24127	127
22	24128	127
22	24129	127
22	24130	125
22	24131	124
22	24132	123
22	24133	126
22	24134	122
22	24135	122
22	24136	122
22	24137	121
22	24138	121
22	24139	121
22	24140	117
22	24141	117
22	24142	116
22	24143	114
22	24144	114
22	24145	114
22	24146	114
22	24147	114
22	24148	114
22	24149	113
22	24150	110
22	24151	110
22	24152	110
22	24153	111
22	24154	110
22	24155	107
22	24156	106
22	24157	106
22	24158	106
22	24159	105
22	24160	106
22	24161	105
22	24162	105
22	24163	105
22	24164	97
22	24165	97
22	24166	96
22	24167	96
22	24168	96
22	24169	97
22	24170	96
22	24171	96
22	24172	96
22	24173	96
22	24174	96
22	24175	96
22	24176	96
22	24177	97
22	24178	92
22	24179	93
22	24180	93
22	24181	93
22	24182	91
22	24183	89
22	24184	90
22	24185	90
22	24186	87
22	24187	84
22	24188	84
22	24189	84
22	24190	83
22	24191	83
22	24192	82
22	24193	84
22	24194	84
22	24195	84
22	24196	83
22	24197	83
22	24198	83
22	24199	83
22	24200	84
22	24201	84
22	24202	81
22	24203	75
22	24204	75
22	24205	75
22	24206	75
22	24207	76
22	24208	77
22	24209	77
22	24210	77
22	24211	77
22	24212	76
22	24213	77
22	24214	74
22	24215	75
22	24216	75
22	24217	75
22	24218	75
22	24219	72
22	24220	72
22	24221	72
22	24222	71
22	24223	71
22	24224	71
22	24225	70
22	24226	70
22	24227	68
22	24228	68
22	24229	72
22	24230	73
22	24231	73
22	24232	72
22	24233	66
22	24234	66
22	24235	66
22	24236	66
22	24237	62
22	24238	62
22	24239	60
22	24240	60
22	24241	57
22	24242	58
22	24243	63
22	24244	62
22	24245	62
22	24246	60
22	24247	60
22	24248	60
22	24249	60
22	24250	61
22	24251	61
22	24252	57
22	24253	57
22	24254	56
22	24255	54
22	24256	58
22	24257	58
22	24258	58
22	24259	58
22	24260	58
22	24261	58
22	24262	58
22	24263	57
22	24264	57
22	24265	57
22	24266	56
22	24267	55
22	24268	57
22	24269	57
22	24270	57
22	24271	57
22	24272	57
22	24273	57
22	24274	56
22	24275	55
22	24276	54
22	24277	54
22	24278	54
22	24279	54
22	24280	54
22	24281	54
22	24282	52
22	24283	49
22	24284	49
22	24285	49
22	24286	50
22	24287	51
22	24288	51
22	24289	51
22	24290	51
22	24291	51
22	24292	51
22	24293	51
22	24294	50
22	24295	49
22	24296	49
22	24297	48
22	24298	45
22	24299	45
22	24300	45
22	24301	45
22	24302	46
22	24303	46
22	24304	46
22	24305	46
22	24306	46
22	24307	45
22	24308	45
22	24309	44
22	24310	44
22	24311	44
22	24312	44
22	24313	44
22	24314	44
22	24315	43
22	24316	46
22	24317	46
22	24318	46
22	24319	46
22	24320	47
22	24321	44
22	24322	44
22	24323	44
22	24324	44
22	24325	44
22	24326	45
22	24327	44
22	24328	44
22	24329	44
22	24330	44
22	24331	43
22	24332	43
22	24333	43
22	24334	43
22	24335	43
22	24336	43
22	24337	40
22	24338	41
22	24339	41
22	24340	40
22	24341	40
22	24342	40
22	24343	40
22	24344	39
22	24345	38
22	24346	38
22	24347	36
22	24348	36
22	24349	36
22	24350	36
22	24351	36
22	24352	36
22	24353	36
22	24354	36
22	24355	36
22	24356	36
22	24357	34
22	24358	33
22	24359	33
22	24360	33
22	24361	30
22	24362	30
22	24363	29
22	24364	28
22	24365	28
22	24366	28
22	24367	28
22	24368	28
22	24369	27
22	24370	27
22	24371	27
22	24372	26
22	24373	25
22	24374	25
22	24375	18
22	24376	18
22	24377	18
22	24378	15
22	24379	15
22	24380	15
22	24381	15
22	24382	15
22	24383	14
22	24384	0
22	24385	0
22	24386	0
22	24387	0
22	24388	0
22	24389	0
22	24390	0
22	24391	0
22	24392	0
22	24393	0
22	24394	0
22	24395	0
22	24396	0
22	24397	0
22	24398	0
22	24399	0
22	24400	0
22	24401	0
22	24402	16
22	24403	17
22	24404	17
22	24405	17
22	24406	17
22	24407	17
22	24408	17
22	24409	17
22	24410	17
22	24411	17
22	24412	18
22	24413	18
22	24414	18
22	24415	18
22	24416	18
22	24417	18
22	24418	18
22	24419	18
22	24420	18
22	24421	18
22	24422	18
22	24423	20
22	24424	20
22	24425	20
22	24426	20
22	24427	20
22	24428	20
22	24429	20
22	24430	20
22	24431	20
22	24432	20
22	24433	20
22	24434	20
22	24435	20
22	24436	20
22	24437	20
22	24438	20
22	24439	20
22	24440	20
22	24441	22
22	24442	24
22	24443	24
22	24444	25
22	24445	29
22	24446	30
22	24447	32
22	24448	32
22	24449	32
22	24450	32
22	24451	32
22	24452	35
22	24453	42
22	24454	42
22	24455	43
22	24456	43
22	24457	45
22	24458	49
22	24459	49
22	24460	49
22	24461	50
22	24462	50
22	24463	50
22	24464	51
22	24465	51
22	24466	55
22	24467	55
22	24468	55
22	24469	55
22	24470	55
22	24471	56
22	24472	56
22	24473	55
22	24474	55
22	24475	55
22	24476	55
22	24477	55
22	24478	55
22	24479	59
22	24480	59
22	24481	60
22	24482	60
22	24483	63
22	24484	64
22	24485	64
22	24486	64
22	24487	63
22	24488	63
22	24489	68
22	24490	67
22	24491	67
22	24492	67
22	24493	66
22	24494	67
22	24495	69
22	24496	69
22	24497	74
22	24498	74
22	24499	77
22	24500	77
22	24501	77
22	24502	77
22	24503	75
22	24504	76
22	24505	77
22	24506	77
22	24507	77
22	24508	77
22	24509	77
22	24510	78
22	24511	78
22	24512	80
22	24513	80
22	24514	80
22	24515	81
22	24516	82
22	24517	82
22	24518	84
22	24519	84
22	24520	90
22	24521	90
22	24522	90
22	24523	90
22	24524	91
22	24525	91
22	24526	91
22	24527	91
22	24528	91
22	24529	90
22	24530	90
22	24531	92
22	24532	93
22	24533	93
22	24534	93
22	24535	93
22	24536	93
22	24537	93
22	24538	94
22	24539	94
22	24540	94
22	24541	96
22	24542	97
22	24543	96
22	24544	97
22	24545	97
22	24546	96
22	24547	96
22	24548	97
22	24549	97
22	24550	98
22	24551	99
22	24552	98
22	24553	98
22	24554	98
22	24555	98
22	24556	101
22	24557	101
22	24558	101
22	24559	101
22	24560	107
22	24561	107
22	24562	115
22	24563	115
22	24564	117
22	24565	117
22	24566	117
22	24567	117
22	24568	117
22	24569	117
22	24570	117
22	24571	116
22	24572	114
22	24573	114
22	24574	114
22	24575	115
22	24576	117
22	24577	117
22	24578	117
22	24579	117
22	24580	118
22	24581	119
22	24582	122
22	24583	122
22	24584	123
22	24585	123
22	24586	123
22	24587	122
22	24588	122
22	24589	122
22	24590	119
22	24591	118
22	24592	117
22	24593	119
22	24594	118
22	24595	117
22	24596	114
22	24597	113
22	24598	113
22	24599	113
22	24600	114
22	24601	115
22	24602	107
22	24603	107
22	24604	106
22	24605	109
22	24606	109
22	24607	115
22	24608	112
22	24609	112
22	24610	112
22	24611	109
22	24612	111
22	24613	112
22	24614	112
22	24615	107
22	24616	110
22	24617	113
22	24618	114
22	24619	114
22	24620	114
22	24621	114
22	24622	115
22	24623	115
22	24624	116
22	24625	117
22	24626	116
22	24627	116
22	24628	118
22	24629	115
22	24630	117
22	24631	114
22	24632	115
22	24633	113
22	24634	112
22	24635	112
22	24636	114
22	24637	114
22	24638	116
22	24639	117
22	24640	118
22	24641	121
22	24642	122
22	24643	122
22	24644	121
22	24645	119
22	24646	119
22	24647	114
22	24648	115
22	24649	118
22	24650	118
22	24651	116
22	24652	116
22	24653	116
22	24654	117
22	24655	119
22	24656	120
22	24657	120
22	24658	129
22	24659	128
22	24660	128
22	24661	129
22	24662	130
22	24663	132
22	24664	131
22	24665	131
22	24666	131
22	24667	132
22	24668	131
22	24669	127
22	24670	125
22	24671	125
22	24672	125
22	24673	126
22	24674	126
22	24675	127
22	24676	127
22	24677	127
22	24678	134
22	24679	135
22	24680	133
22	24681	132
22	24682	137
22	24683	140
22	24684	141
22	24685	146
22	24686	146
22	24687	147
22	24688	150
22	24689	149
22	24690	149
22	24691	149
22	24692	148
22	24693	148
22	24694	149
22	24695	150
22	24696	151
22	24697	151
22	24698	153
22	24699	152
22	24700	152
22	24701	151
22	24702	147
22	24703	147
22	24704	146
22	24705	146
22	24706	146
22	24707	146
22	24708	149
22	24709	151
22	24710	147
22	24711	144
22	24712	144
22	24713	140
22	24714	143
22	24715	143
22	24716	143
22	24717	143
22	24718	143
22	24719	143
22	24720	142
22	24721	143
22	24722	142
22	24723	143
22	24724	144
22	24725	144
22	24726	144
22	24727	144
22	24728	144
22	24729	144
22	24730	145
22	24731	144
22	24732	145
22	24733	145
22	24734	144
22	24735	144
22	24736	144
22	24737	144
22	24738	144
22	24739	144
22	24740	144
22	24741	144
22	24742	143
22	24743	144
22	24744	146
22	24745	146
22	24746	147
22	24747	147
22	24748	147
22	24749	147
22	24750	146
22	24751	148
22	24752	149
22	24753	150
22	24754	150
22	24755	148
22	24756	147
22	24757	149
22	24758	149
22	24759	149
22	24760	149
22	24761	149
22	24762	149
22	24763	149
22	24764	151
22	24765	146
22	24766	144
22	24767	145
22	24768	147
22	24769	147
22	24770	148
22	24771	148
22	24772	150
22	24773	150
22	24774	154
22	24775	152
22	24776	155
22	24777	156
22	24778	160
22	24779	160
22	24780	159
22	24781	161
22	24782	161
22	24783	163
22	24784	163
22	24785	162
22	24786	166
22	24787	165
22	24788	163
22	24789	163
22	24790	160
22	24791	157
22	24792	157
22	24793	157
22	24794	157
22	24795	157
22	24796	157
22	24797	157
22	24798	152
22	24799	152
22	24800	152
22	24801	152
22	24802	153
22	24803	153
22	24804	152
22	24805	149
22	24806	148
22	24807	151
22	24808	150
22	24809	150
22	24810	149
22	24811	148
22	24812	147
22	24813	145
22	24814	144
22	24815	149
22	24816	149
22	24817	148
22	24818	151
22	24819	151
22	24820	151
22	24821	151
22	24822	149
22	24823	157
22	24824	156
22	24825	157
22	24826	156
22	24827	150
22	24828	150
22	24829	151
22	24830	151
22	24831	146
22	24832	141
22	24833	141
22	24834	135
22	24835	135
22	24836	135
22	24837	152
22	24838	148
22	24839	148
22	24840	147
22	24841	147
22	24842	147
22	24843	148
22	24844	145
22	24845	146
22	24846	145
22	24847	145
22	24848	142
22	24849	142
22	24850	143
22	24851	144
22	24852	144
22	24853	144
22	24854	144
22	24855	145
22	24856	145
22	24857	143
22	24858	140
22	24859	138
22	24860	141
22	24861	141
22	24862	142
22	24863	142
22	24864	141
22	24865	142
22	24866	146
22	24867	150
22	24868	150
22	24869	149
22	24870	150
22	24871	150
22	24872	151
22	24873	151
22	24874	151
22	24875	151
22	24876	150
22	24877	150
22	24878	150
22	24879	147
22	24880	144
22	24881	141
22	24882	141
22	24883	142
22	24884	142
22	24885	143
22	24886	143
22	24887	144
22	24888	144
22	24889	143
22	24890	145
22	24891	146
22	24892	148
22	24893	149
22	24894	149
22	24895	150
22	24896	154
22	24897	155
22	24898	155
22	24899	157
22	24900	155
22	24901	152
22	24902	150
22	24903	147
22	24904	148
22	24905	147
22	24906	146
22	24907	145
22	24908	146
22	24909	147
22	24910	144
22	24911	146
22	24912	146
22	24913	146
22	24914	147
22	24915	145
22	24916	144
22	24917	142
22	24918	143
22	24919	143
22	24920	142
22	24921	142
22	24922	136
22	24923	133
22	24924	133
22	24925	133
22	24926	130
22	24927	126
22	24928	127
22	24929	130
22	24930	129
22	24931	128
22	24932	127
22	24933	128
22	24934	126
22	24935	123
22	24936	123
22	24937	123
22	24938	122
22	24939	122
22	24940	122
22	24941	122
22	24942	122
22	24943	122
22	24944	122
22	24945	122
22	24946	122
22	24947	124
22	24948	124
22	24949	126
22	24950	126
22	24951	125
22	24952	125
22	24953	125
22	24954	127
22	24955	127
22	24956	126
22	24957	126
22	24958	125
22	24959	125
22	24960	125
22	24961	125
22	24962	125
22	24963	125
22	24964	121
22	24965	121
22	24966	120
22	24967	120
22	24968	122
22	24969	120
22	24970	120
22	24971	120
22	24972	112
22	24973	113
22	24974	112
22	24975	112
22	24976	112
22	24977	112
22	24978	112
22	24979	114
22	24980	114
22	24981	115
22	24982	115
22	24983	115
22	24984	115
22	24985	115
22	24986	96
22	24987	97
22	24988	97
22	24989	97
22	24990	97
22	24991	96
22	24992	96
22	24993	96
22	24994	96
22	24995	97
22	24996	97
22	24997	98
22	24998	98
22	24999	98
22	25000	97
22	25001	96
22	25002	96
22	25003	96
22	25004	96
22	25005	97
22	25006	97
22	25007	99
22	25008	99
22	25009	99
22	25010	92
22	25011	92
22	25012	90
22	25013	91
22	25014	88
22	25015	90
22	25016	83
22	25017	83
22	25018	83
22	25019	83
22	25020	82
22	25021	80
22	25022	79
22	25023	77
22	25024	76
22	25025	76
22	25026	75
22	25027	78
22	25028	81
22	25029	81
22	25030	87
22	25031	87
22	25032	90
22	25033	91
22	25034	91
22	25035	91
22	25036	92
22	25037	92
22	25038	92
22	25039	92
22	25040	92
22	25041	91
22	25042	92
22	25043	89
22	25044	85
22	25045	83
22	25046	83
22	25047	83
22	25048	84
22	25049	84
22	25050	84
22	25051	84
22	25052	82
22	25053	84
22	25054	84
22	25055	84
22	25056	81
22	25057	82
22	25058	81
22	25059	80
22	25060	80
22	25061	80
22	25062	80
22	25063	77
22	25064	77
22	25065	76
22	25066	78
22	25067	80
22	25068	80
22	25069	80
22	25070	80
22	25071	81
22	25072	81
22	25073	81
22	25074	82
22	25075	82
22	25076	82
22	25077	81
22	25078	81
22	25079	79
22	25080	80
22	25081	79
22	25082	79
22	25083	78
22	25084	78
22	25085	77
22	25086	79
22	25087	78
22	25088	78
22	25089	78
22	25090	78
22	25091	78
22	25092	78
22	25093	78
22	25094	78
22	25095	78
22	25096	76
22	25097	74
22	25098	74
22	25099	74
22	25100	74
22	25101	74
22	25102	74
22	25103	74
22	25104	71
22	25105	71
22	25106	66
22	25107	52
22	25108	53
22	25109	55
22	25110	57
22	25111	57
22	25112	59
22	25113	59
22	25114	73
22	25115	73
22	25116	74
22	25117	75
22	25118	75
22	25119	75
22	25120	76
22	25121	76
22	25122	76
22	25123	77
22	25124	77
22	25125	77
22	25126	78
22	25127	80
22	25128	81
22	25129	81
22	25130	81
22	25131	80
22	25132	80
22	25133	82
22	25134	82
22	25135	83
22	25136	83
22	25137	84
22	25138	84
22	25139	85
22	25140	85
22	25141	85
22	25142	85
22	25143	85
22	25144	84
22	25145	82
22	25146	81
22	25147	81
22	25148	81
22	25149	81
22	25150	81
22	25151	81
22	25152	85
22	25153	85
22	25154	85
22	25155	83
22	25156	83
22	25157	83
22	25158	83
22	25159	83
22	25160	83
22	25161	83
22	25162	83
22	25163	84
22	25164	85
22	25165	89
22	25166	88
22	25167	87
22	25168	88
22	25169	90
22	25170	89
22	25171	93
22	25172	93
22	25173	93
22	25174	93
22	25175	90
22	25176	90
22	25177	89
22	25178	87
22	25179	87
22	25180	82
22	25181	81
22	25182	79
22	25183	77
22	25184	77
22	25185	77
22	25186	76
22	25187	76
22	25188	76
22	25189	76
22	25190	72
22	25191	73
22	25192	73
22	25193	73
22	25194	74
22	25195	74
22	25196	74
22	25197	75
22	25198	81
22	25199	81
22	25200	84
22	25201	84
22	25202	85
22	25203	86
22	25204	86
22	25205	86
22	25206	86
22	25207	85
22	25208	85
22	25209	84
22	25210	83
22	25211	84
22	25212	84
22	25213	85
22	25214	85
22	25215	83
22	25216	81
22	25217	83
22	25218	83
22	25219	83
22	25220	83
22	25221	82
22	25222	82
22	25223	82
22	25224	81
22	25225	82
22	25226	82
22	25227	82
22	25228	80
22	25229	78
22	25230	78
22	25231	78
22	25232	78
22	25233	77
22	25234	77
22	25235	74
22	25236	75
22	25237	75
22	25238	75
22	25239	75
22	25240	75
22	25241	75
22	25242	75
22	25243	74
22	25244	74
22	25245	78
22	25246	78
22	25247	78
22	25248	78
22	25249	78
22	25250	78
22	25251	78
22	25252	78
22	25253	77
22	25254	76
22	25255	76
22	25256	76
22	25257	76
22	25258	74
22	25259	70
22	25260	71
22	25261	72
22	25262	72
22	25263	89
22	25264	85
22	25265	86
22	25266	85
22	25267	87
22	25268	87
22	25269	87
22	25270	87
22	25271	86
22	25272	85
22	25273	87
22	25274	88
22	25275	88
22	25276	88
22	25277	86
22	25278	86
22	25279	86
22	25280	87
22	25281	88
22	25282	88
22	25283	87
22	25284	87
22	25285	86
22	25286	85
22	25287	85
22	25288	86
22	25289	86
22	25290	86
22	25291	88
22	25292	90
22	25293	95
22	25294	96
22	25295	97
22	25296	99
22	25297	99
22	25298	99
22	25299	99
22	25300	99
22	25301	101
22	25302	100
22	25303	100
22	25304	100
22	25305	103
22	25306	103
22	25307	103
22	25308	103
22	25309	103
22	25310	103
22	25311	103
22	25312	102
22	25313	99
22	25314	95
22	25315	95
22	25316	95
22	25317	96
22	25318	95
22	25319	101
22	25320	101
22	25321	101
22	25322	101
22	25323	101
22	25324	101
22	25325	101
22	25326	102
22	25327	102
22	25328	101
22	25329	101
22	25330	100
22	25331	100
22	25332	103
22	25333	103
22	25334	104
22	25335	104
22	25336	106
22	25337	107
22	25338	109
22	25339	109
22	25340	110
22	25341	109
22	25342	109
22	25343	108
22	25344	108
22	25345	106
22	25346	106
22	25347	106
22	25348	103
22	25349	102
22	25350	101
22	25351	101
22	25352	102
22	25353	101
22	25354	101
22	25355	101
22	25356	102
22	25357	101
22	25358	101
22	25359	102
22	25360	104
22	25361	104
22	25362	104
22	25363	103
22	25364	103
22	25365	103
22	25366	113
22	25367	115
22	25368	116
22	25369	117
22	25370	117
22	25371	117
22	25372	117
22	25373	117
22	25374	116
22	25375	115
22	25376	115
22	25377	117
22	25378	117
22	25379	118
22	25380	118
22	25381	118
22	25382	118
22	25383	118
22	25384	119
22	25385	119
22	25386	119
22	25387	119
22	25388	119
22	25389	121
22	25390	121
22	25391	121
22	25392	122
22	25393	122
22	25394	122
22	25395	121
22	25396	121
22	25397	121
22	25398	122
22	25399	124
22	25400	123
22	25401	124
22	25402	125
22	25403	127
22	25404	126
22	25405	126
22	25406	126
22	25407	126
22	25408	125
22	25409	124
22	25410	121
22	25411	122
22	25412	122
22	25413	122
22	25414	122
22	25415	121
22	25416	124
22	25417	122
22	25418	123
22	25419	123
22	25420	123
22	25421	125
22	25422	123
22	25423	123
22	25424	127
22	25425	126
22	25426	126
22	25427	125
22	25428	127
22	25429	129
22	25430	137
22	25431	137
22	25432	137
22	25433	137
22	25434	137
22	25435	138
22	25436	135
22	25437	135
22	25438	135
22	25439	137
22	25440	132
22	25441	131
22	25442	139
22	25443	140
22	25444	142
22	25445	149
22	25446	146
22	25447	146
22	25448	146
22	25449	146
22	25450	146
22	25451	140
22	25452	140
22	25453	143
22	25454	143
22	25455	139
22	25456	142
22	25457	142
22	25458	142
22	25459	142
22	25460	142
22	25461	142
22	25462	142
22	25463	141
22	25464	141
22	25465	143
22	25466	143
22	25467	146
22	25468	147
22	25469	144
22	25470	147
22	25471	147
22	25472	147
22	25473	149
22	25474	148
22	25475	145
22	25476	151
22	25477	152
22	25478	152
22	25479	151
22	25480	151
22	25481	155
22	25482	154
22	25483	154
22	25484	153
22	25485	152
22	25486	151
22	25487	151
22	25488	149
22	25489	149
22	25490	149
22	25491	148
22	25492	147
22	25493	145
22	25494	145
22	25495	145
22	25496	146
22	25497	146
22	25498	145
22	25499	146
22	25500	145
22	25501	143
22	25502	144
22	25503	143
22	25504	141
22	25505	140
22	25506	139
22	25507	138
22	25508	140
22	25509	138
22	25510	146
22	25511	146
22	25512	146
22	25513	150
22	25514	149
22	25515	149
22	25516	138
22	25517	138
22	25518	138
22	25519	140
22	25520	140
22	25521	140
22	25522	140
22	25523	142
22	25524	141
22	25525	142
22	25526	142
22	25527	141
22	25528	141
22	25529	140
22	25530	141
22	25531	141
22	25532	141
22	25533	139
22	25534	139
22	25535	139
22	25536	139
22	25537	139
22	25538	138
22	25539	137
22	25540	138
22	25541	136
22	25542	136
22	25543	137
22	25544	137
22	25545	142
22	25546	143
22	25547	146
22	25548	145
22	25549	143
22	25550	141
22	25551	140
22	25552	140
22	25553	135
22	25554	134
22	25555	134
22	25556	135
22	25557	136
22	25558	135
22	25559	133
22	25560	133
22	25561	132
22	25562	132
22	25563	131
22	25564	131
22	25565	131
22	25566	128
22	25567	127
22	25568	127
22	25569	127
22	25570	129
22	25571	129
22	25572	129
22	25573	127
22	25574	124
22	25575	125
22	25576	125
22	25577	125
22	25578	121
22	25579	117
22	25580	114
22	25581	114
22	25582	114
22	25583	114
22	25584	114
22	25585	111
22	25586	113
22	25587	112
22	25588	111
22	25589	111
22	25590	111
22	25591	111
22	25592	106
22	25593	104
22	25594	103
22	25595	95
22	25596	95
22	25597	97
22	25598	97
22	25599	94
22	25600	95
22	25601	94
22	25602	94
22	25603	94
22	25604	96
22	25605	99
22	25606	95
22	25607	95
22	25608	95
22	25609	95
22	25610	95
22	25611	99
22	25612	99
22	25613	99
22	25614	101
22	25615	100
22	25616	100
22	25617	98
22	25618	97
22	25619	94
22	25620	94
22	25621	94
22	25622	94
22	25623	93
22	25624	93
22	25625	93
22	25626	87
22	25627	86
22	25628	90
22	25629	90
22	25630	91
22	25631	85
22	25632	85
22	25633	85
22	25634	86
22	25635	85
22	25636	85
22	25637	85
22	25638	85
22	25639	84
22	25640	84
22	25641	84
22	25642	82
22	25643	83
22	25644	83
22	25645	83
22	25646	82
22	25647	82
22	25648	82
22	25649	80
22	25650	81
22	25651	81
22	25652	81
22	25653	81
22	25654	81
22	25655	84
22	25656	84
22	25657	82
22	25658	77
22	25659	77
22	25660	77
22	25661	75
22	25662	74
22	25663	74
22	25664	74
22	25665	74
22	25666	72
22	25667	69
22	25668	69
22	25669	69
22	25670	69
22	25671	69
22	25672	69
22	25673	67
22	25674	69
22	25675	69
22	25676	69
22	25677	68
22	25678	68
22	25679	67
22	25680	67
22	25681	67
22	25682	67
22	25683	67
22	25684	68
22	25685	70
22	25686	70
22	25687	70
22	25688	70
22	25689	70
22	25690	68
22	25691	68
22	25692	67
22	25693	67
22	25694	67
22	25695	61
22	25696	61
22	25697	57
22	25698	58
22	25699	58
22	25700	58
22	25701	58
22	25702	58
22	25703	58
22	25704	57
22	25705	56
22	25706	56
22	25707	56
22	25708	57
22	25709	56
22	25710	56
22	25711	56
22	25712	56
22	25713	56
22	25714	56
22	25715	55
22	25716	55
22	25717	55
22	25718	54
22	25719	52
22	25720	52
22	25721	51
22	25722	51
22	25723	51
22	25724	51
22	25725	50
22	25726	50
22	25727	50
22	25728	50
22	25729	49
22	25730	49
22	25731	49
22	25732	49
22	25733	49
22	25734	48
22	25735	48
22	25736	45
22	25737	45
22	25738	45
22	25739	45
22	25740	44
22	25741	44
22	25742	43
22	25743	43
22	25744	43
22	25745	43
22	25746	42
22	25747	42
22	25748	42
22	25749	42
22	25750	41
22	25751	36
22	25752	36
22	25753	36
22	25754	34
22	25755	35
22	25756	35
22	25757	35
22	25758	35
22	25759	35
22	25760	35
22	25761	28
22	25762	28
22	25763	28
22	25764	26
22	25765	25
22	25766	23
22	25767	23
22	25768	23
22	25769	23
22	25770	23
22	25771	23
22	25772	22
22	25773	22
22	25774	22
22	25775	19
22	25776	18
22	25777	18
22	25778	18
22	25779	18
22	25780	17
22	25781	17
22	25782	17
22	25783	16
22	25784	16
22	25785	16
22	25786	16
22	25787	16
22	25788	16
22	25789	16
22	25790	16
22	25791	16
22	25792	10
22	25793	10
22	25794	10
22	25795	10
22	25796	10
22	25797	10
22	25798	10
22	25799	10
22	25800	10
22	25801	10
22	25802	10
22	25803	10
22	25804	10
22	25805	10
22	25806	10
22	25807	10
22	25808	10
22	25809	8
22	25810	8
22	25811	8
22	25812	8
22	25813	8
22	25814	8
22	25815	8
22	25816	8
22	25817	8
22	25818	8
22	25854	7
22	25855	7
22	25856	7
22	25857	7
22	25858	7
22	25859	7
22	25860	7
22	25861	7
22	25862	7
22	25863	7
22	25864	7
22	25865	7
22	25866	7
22	25867	7
22	25868	7
22	25869	7
22	25870	7
22	25871	7
22	25872	7
22	25873	7
22	25874	7
22	25875	7
22	25876	7
22	25877	7
22	25878	7
22	25879	7
22	25880	7
22	25881	7
22	25882	7
22	25883	7
22	25884	7
22	25885	7
22	25886	7
22	25887	7
22	25888	7
22	25889	7
22	25890	7
22	25891	7
22	25892	7
22	25893	11
22	25894	11
22	25895	11
22	25896	11
22	25897	11
22	25898	11
22	25899	11
22	25900	11
22	25901	11
22	25902	11
22	25903	11
22	25904	11
22	25905	11
22	25906	11
22	25907	11
22	25908	11
22	25909	11
22	25910	11
22	25911	11
22	25912	11
22	25913	11
22	25914	11
22	25915	11
22	25916	11
22	25917	11
22	25918	12
22	25919	12
22	25920	12
22	25921	12
22	25922	12
22	25923	12
22	25924	12
22	25925	12
22	25926	12
22	25927	12
22	25928	12
22	25929	12
22	25930	12
22	25931	12
22	25932	12
22	25933	12
22	25934	12
22	25935	12
22	25936	12
22	25937	12
22	25938	12
22	25939	12
22	25940	12
22	25941	12
22	25942	12
22	25943	12
22	25944	12
22	25945	12
22	25946	12
22	25947	12
22	25948	12
22	25949	12
22	25950	12
22	25951	12
22	25952	12
22	25953	12
22	25954	12
22	25955	12
22	25956	12
22	25957	12
22	25958	12
22	25959	13
22	25960	13
22	25961	13
22	25962	13
22	25963	13
22	25964	13
22	25965	14
22	25966	14
22	25967	14
22	25968	14
22	25969	14
22	25970	14
22	25971	14
22	25972	14
22	25973	14
22	25974	14
22	25975	14
22	25976	15
22	25977	15
22	25978	15
22	25979	15
22	25980	15
22	25981	16
22	25982	16
22	25983	16
22	25984	16
22	25985	14
22	25986	13
22	25987	13
22	25988	9
22	25989	9
22	25990	9
22	25991	9
22	25992	9
22	25993	9
22	25994	9
22	25995	8
22	25996	8
22	25997	8
22	25998	8
22	25999	8
22	26000	8
22	26001	8
22	26002	8
22	26003	8
22	26004	8
22	26005	8
22	26006	8
22	26007	8
22	26008	8
22	26009	8
22	26010	8
22	26011	8
22	26012	8
22	26013	8
22	26014	8
22	26015	8
22	26016	8
22	26017	8
22	26018	8
22	26019	8
22	26020	8
22	26021	8
22	26022	8
22	26023	8
22	26024	8
22	26025	8
22	26026	8
22	26027	8
22	26028	8
22	26029	8
22	26030	8
22	26031	8
22	26032	8
22	26033	8
22	26034	8
22	26035	5
22	26036	5
22	26037	5
22	26038	5
22	26039	5
22	26040	5
22	26041	5
22	26042	5
22	26043	5
22	26044	5
22	26045	5
22	26046	5
22	26047	5
22	26048	5
22	26049	5
22	26050	5
22	26051	6
22	26052	6
22	26053	6
22	26054	6
22	26055	6
22	26056	6
22	26057	6
22	26058	6
22	26059	6
22	26060	6
22	26061	6
22	26062	6
22	26063	6
22	26064	6
22	26065	5
22	26066	5
22	26067	5
22	26068	5
22	26069	5
22	26070	5
22	26071	5
22	26072	5
22	26073	5
22	26074	5
22	26075	5
22	26076	5
22	26077	5
22	26078	5
22	26079	5
22	26080	5
22	26081	5
22	26082	5
22	26083	4
22	26084	1
22	26085	1
22	26086	1
22	26087	1
22	26088	1
22	26089	1
22	26090	1
22	26091	1
22	26092	1
22	26093	1
22	26094	1
22	26095	1
22	26096	1
22	26097	1
22	26098	1
22	26099	1
22	26100	1
22	26101	1
22	26102	1
22	26103	1
22	26104	1
22	26105	1
22	26106	1
22	26107	1
22	26108	1
22	26109	1
22	26110	1
22	26111	1
22	26112	1
22	26113	1
22	26114	1
22	26115	1
22	26116	1
22	26117	1
22	26118	1
22	26119	1
22	26120	1
22	26121	1
22	26122	1
22	26123	1
22	26124	1
22	26125	1
22	26126	1
22	26127	1
22	26128	1
22	26129	1
22	26130	1
22	26131	1
22	26132	1
22	26133	1
22	26134	1
22	26135	1
22	26136	1
22	26137	1
22	26138	1
22	26139	1
22	26140	1
22	26141	1
22	26142	1
22	26143	1
22	26144	1
22	26145	1
22	26146	1
22	26147	1
22	26148	1
22	26149	1
22	26150	1
22	26151	1
22	26152	1
22	26153	1
22	26154	1
22	26155	1
22	26156	1
22	26157	1
22	26158	1
22	26159	1
22	26160	1
22	26161	1
22	26162	1
22	26163	1
22	26164	1
22	26165	1
22	26166	1
22	26167	1
22	26168	1
22	26169	1
22	26170	1
22	26171	1
22	26172	1
22	26173	1
22	26174	1
22	26175	1
22	26176	1
22	26177	4
22	26178	4
22	26179	4
22	26180	5
22	26181	5
22	26182	5
22	26183	5
22	26184	5
22	26185	5
22	26186	5
22	26187	5
22	26188	5
22	26189	5
22	26190	5
22	26191	5
22	26192	5
22	26193	5
22	26194	5
22	26195	5
22	26196	5
22	26197	5
22	26198	5
22	26199	5
22	26200	7
22	26201	7
22	26202	7
22	26203	7
22	26204	7
22	26205	7
22	26206	7
22	26207	7
22	26208	7
22	26209	7
22	26210	7
22	26211	7
22	26212	7
22	26213	7
22	26214	7
22	26215	7
22	26216	7
22	26217	8
22	26218	8
22	26219	8
22	26220	8
22	26221	8
22	26222	8
22	26223	8
22	26224	8
22	26225	12
22	26226	12
22	26227	12
22	26228	12
22	26229	12
22	26230	12
22	26231	12
22	26232	12
22	26233	12
22	26234	12
22	26235	12
22	26236	12
22	26237	12
22	26238	12
22	26239	12
22	26240	12
22	26241	12
22	26242	12
22	26243	12
22	26244	12
22	26245	12
22	26246	12
22	26247	12
22	26248	12
22	26249	12
22	26250	12
22	26251	12
22	26252	12
22	26253	12
22	26254	12
22	26255	12
22	26256	12
22	26257	12
22	26258	12
22	26259	12
22	26260	12
22	26261	12
22	26262	12
22	26263	12
22	26264	12
22	26265	12
22	26266	12
22	26267	12
22	26268	12
22	26269	12
22	26270	12
22	26271	12
22	26272	12
22	26273	12
22	26274	12
22	26275	12
22	26276	12
22	26277	12
22	26278	12
22	26279	6
22	26280	6
22	26281	6
22	26282	6
22	26283	6
22	26284	5
22	26285	5
22	26286	5
22	26287	5
22	26288	5
22	26289	5
22	26290	5
22	26291	5
22	26292	5
22	26293	5
22	26294	5
22	26295	5
22	26296	5
22	26297	5
22	26298	5
22	26299	5
22	26300	15
22	26301	15
22	26302	15
22	26303	15
22	26304	15
22	26305	15
22	26306	15
22	26307	15
22	26308	15
22	26309	15
22	26310	15
22	26311	15
22	26312	15
22	26313	15
22	26314	34
22	26315	37
22	26316	37
22	26317	37
22	26318	37
22	26319	38
22	26320	38
22	26321	38
22	26322	38
22	26323	38
22	26324	38
22	26325	48
22	26326	50
22	26327	50
22	26328	50
22	26329	50
22	26330	50
22	26331	50
22	26332	50
22	26333	50
22	26334	51
22	26335	51
22	26336	51
22	26337	51
22	26338	51
22	26339	51
22	26340	51
22	26341	51
22	26342	51
22	26343	51
22	26344	51
22	26345	51
22	26346	51
22	26347	51
22	26348	51
22	26349	54
22	26350	54
22	26351	54
22	26352	54
22	26353	55
22	26354	55
22	26355	55
22	26356	55
22	26357	54
22	26358	62
22	26359	63
22	26360	65
22	26361	69
22	26362	69
22	26363	69
22	26364	69
22	26365	69
22	26366	68
22	26367	69
22	26368	70
22	26369	70
22	26370	70
22	26371	75
22	26372	77
22	26373	78
22	26374	74
22	26375	75
22	26376	75
22	26377	75
22	26378	75
22	26379	75
22	26380	76
22	26381	74
22	26382	77
22	26383	77
22	26384	77
22	26385	77
22	26386	73
22	26387	73
22	26388	77
22	26389	77
22	26390	77
22	26391	77
22	26392	77
22	26393	77
22	26394	77
22	26395	77
22	26396	79
22	26397	80
22	26398	80
22	26399	79
22	26400	81
22	26401	81
22	26402	81
22	26403	83
22	26404	84
22	26405	84
22	26406	84
22	26407	84
22	26408	84
22	26409	84
22	26410	85
22	26411	85
22	26412	85
22	26413	85
22	26414	85
22	26415	90
22	26416	90
22	26417	90
22	26418	95
22	26419	98
22	26420	98
22	26421	98
22	26422	98
22	26423	99
22	26424	100
22	26425	98
22	26426	100
22	26427	100
22	26428	100
22	26429	100
22	26430	100
22	26431	100
22	26432	101
22	26433	101
22	26434	102
22	26435	102
22	26436	102
22	26437	102
22	26438	102
22	26439	103
22	26440	105
22	26441	105
22	26442	105
22	26443	106
22	26444	106
22	26445	107
22	26446	108
22	26447	108
22	26448	109
22	26449	111
22	26450	111
22	26451	110
22	26452	113
22	26453	107
22	26454	109
22	26455	110
22	26456	113
22	26457	117
22	26458	118
22	26459	123
22	26460	123
22	26461	123
22	26462	121
22	26463	118
22	26464	122
22	26465	118
22	26466	117
22	26467	118
22	26468	117
22	26469	118
22	26470	123
22	26471	125
22	26472	124
22	26473	123
22	26474	122
22	26475	122
22	26476	122
22	26477	122
22	26478	122
22	26479	123
22	26480	123
22	26481	132
22	26482	132
22	26483	132
22	26484	132
22	26485	132
22	26486	132
22	26487	132
22	26488	137
22	26489	137
22	26490	138
22	26491	138
22	26492	139
22	26493	138
22	26494	136
22	26495	135
22	26496	135
22	26497	141
22	26498	142
22	26499	142
22	26500	144
22	26501	143
22	26502	143
22	26503	143
22	26504	144
22	26505	144
22	26506	144
22	26507	144
22	26508	141
22	26509	141
22	26510	143
22	26511	145
22	26512	147
22	26513	147
22	26514	147
22	26515	148
22	26516	150
22	26517	150
22	26518	149
22	26519	153
22	26520	153
22	26521	150
22	26522	152
22	26523	152
22	26524	150
22	26525	150
22	26526	150
22	26527	150
22	26528	151
22	26529	152
22	26530	155
22	26531	153
22	26532	153
22	26533	153
22	26534	153
22	26535	153
22	26536	154
22	26537	152
22	26538	150
22	26539	151
22	26540	151
22	26541	153
22	26542	156
22	26543	158
22	26544	164
22	26545	167
22	26546	167
22	26547	168
22	26548	169
22	26549	173
22	26550	184
22	26551	193
22	26552	193
22	26553	189
22	26554	188
22	26555	187
22	26556	188
22	26557	187
22	26558	187
22	26559	185
22	26560	187
22	26561	187
22	26562	187
22	26563	187
22	26564	188
22	26565	188
22	26566	192
22	26567	192
22	26568	185
22	26569	184
22	26570	183
22	26571	186
22	26572	189
22	26573	187
22	26574	187
22	26575	187
22	26576	188
22	26577	188
22	26578	189
22	26579	189
22	26580	189
22	26581	191
22	26582	190
22	26583	193
22	26584	193
22	26585	193
22	26586	194
22	26587	194
22	26588	194
22	26589	196
22	26590	194
22	26591	193
22	26592	194
22	26593	199
22	26594	203
22	26595	203
22	26596	208
22	26597	208
22	26598	207
22	26599	204
22	26600	205
22	26601	205
22	26602	201
22	26603	200
22	26604	199
22	26605	202
22	26606	196
22	26607	195
22	26608	191
22	26609	193
22	26610	195
22	26611	195
22	26612	194
22	26613	193
22	26614	191
22	26615	191
22	26616	197
22	26617	199
22	26618	200
22	26619	198
22	26620	194
22	26621	193
22	26622	196
22	26623	198
22	26624	200
22	26625	200
22	26626	200
22	26627	200
22	26628	200
22	26629	199
22	26630	191
22	26631	189
22	26632	189
22	26633	188
22	26634	188
22	26635	189
22	26636	184
22	26637	187
22	26638	188
22	26639	188
22	26640	187
22	26641	193
22	26642	195
22	26643	198
22	26644	199
22	26645	200
22	26646	198
22	26647	194
22	26648	193
22	26649	198
22	26650	196
22	26651	197
22	26652	200
22	26653	200
22	26654	200
22	26655	203
22	26656	204
22	26657	205
22	26658	209
22	26659	204
22	26660	201
22	26661	200
22	26662	198
22	26663	201
22	26664	201
22	26665	199
22	26666	200
22	26667	196
22	26668	196
22	26669	197
22	26670	193
22	26671	191
22	26672	189
22	26673	189
22	26674	189
22	26675	192
22	26676	193
22	26677	195
22	26678	194
22	26679	191
22	26680	190
22	26681	193
22	26682	195
22	26683	195
22	26684	198
22	26685	197
22	26686	197
22	26687	198
22	26688	197
22	26689	198
22	26690	198
22	26691	198
22	26692	196
22	26693	194
22	26694	194
22	26695	191
22	26696	190
22	26697	188
22	26698	188
22	26699	177
22	26700	168
22	26701	161
22	26702	161
22	26703	163
22	26704	163
22	26705	164
22	26706	164
22	26707	164
22	26708	164
22	26709	164
22	26710	160
22	26711	160
22	26712	161
22	26713	161
22	26714	159
22	26715	157
22	26716	159
22	26717	160
22	26718	160
22	26719	160
22	26720	160
22	26721	156
22	26722	155
22	26723	156
22	26724	161
22	26725	160
22	26726	159
22	26727	158
22	26728	156
22	26729	157
22	26730	160
22	26731	159
22	26732	158
22	26733	158
22	26734	161
22	26735	160
22	26736	160
22	26737	160
22	26738	157
22	26739	157
22	26740	156
22	26741	155
22	26742	154
22	26743	145
22	26744	139
22	26745	143
22	26746	145
22	26747	146
22	26748	146
22	26749	148
22	26750	148
22	26751	148
22	26752	148
22	26753	148
22	26754	147
22	26755	145
22	26756	145
22	26757	146
22	26758	147
22	26759	149
22	26760	148
22	26761	150
22	26762	150
22	26763	152
22	26764	152
22	26765	152
22	26766	153
22	26767	151
22	26768	153
22	26769	155
22	26770	157
22	26771	155
22	26772	151
22	26773	152
22	26774	149
22	26775	149
22	26776	150
22	26777	150
22	26778	150
22	26779	152
22	26780	152
22	26781	153
22	26782	153
22	26783	156
22	26784	156
22	26785	156
22	26786	155
22	26787	154
22	26788	152
22	26789	153
22	26790	153
22	26791	152
22	26792	150
22	26793	147
22	26794	146
22	26795	147
22	26796	148
22	26797	149
22	26798	144
22	26799	145
22	26800	146
22	26801	145
22	26802	143
22	26803	144
22	26804	150
22	26805	149
22	26806	150
22	26807	151
22	26808	147
22	26809	148
22	26810	147
22	26811	145
22	26812	146
22	26813	143
22	26814	142
22	26815	142
22	26816	143
22	26817	143
22	26818	148
22	26819	148
22	26820	148
22	26821	149
22	26822	150
22	26823	152
22	26824	152
22	26825	149
22	26826	148
22	26827	145
22	26828	145
22	26829	145
22	26830	144
22	26831	145
22	26832	143
22	26833	141
22	26834	139
22	26835	139
22	26836	141
22	26837	142
22	26838	142
22	26839	139
22	26840	138
22	26841	138
22	26842	135
22	26843	135
22	26844	141
22	26845	141
22	26846	141
22	26847	142
22	26848	143
22	26849	144
22	26850	142
22	26851	143
22	26852	143
22	26853	141
22	26854	141
22	26855	142
22	26856	142
22	26857	142
22	26858	142
22	26859	142
22	26860	142
22	26861	141
22	26862	141
22	26863	143
22	26864	142
22	26865	142
22	26866	143
22	26867	144
22	26868	148
22	26869	148
22	26870	145
22	26871	146
22	26872	146
22	26873	142
22	26874	142
22	26875	142
22	26876	142
22	26877	143
22	26878	147
22	26879	146
22	26880	146
22	26881	145
22	26882	146
22	26883	145
22	26884	143
22	26885	143
22	26886	147
22	26887	147
22	26888	147
22	26889	147
22	26890	147
22	26891	148
22	26892	148
22	26893	150
22	26894	151
22	26895	145
22	26896	146
22	26897	147
22	26898	147
22	26899	144
22	26900	146
22	26901	146
22	26902	146
22	26903	146
22	26904	146
22	26905	146
22	26906	148
22	26907	147
22	26908	147
22	26909	144
22	26910	144
22	26911	145
22	26912	142
22	26913	140
22	26914	135
22	26915	134
22	26916	133
22	26917	129
22	26918	128
22	26919	130
22	26920	128
22	26921	128
22	26922	130
22	26923	132
22	26924	133
22	26925	134
22	26926	133
22	26927	133
22	26928	131
22	26929	137
22	26930	137
22	26931	137
22	26932	134
22	26933	134
22	26934	133
22	26935	135
22	26936	134
22	26937	135
22	26938	134
22	26939	130
22	26940	130
22	26941	133
22	26942	131
22	26943	135
22	26944	135
22	26945	135
22	26946	134
22	26947	133
22	26948	134
22	26949	133
22	26950	130
22	26951	130
22	26952	125
22	26953	124
22	26954	122
22	26955	122
22	26956	121
22	26957	118
22	26958	118
22	26959	118
22	26960	118
22	26961	118
22	26962	118
22	26963	121
22	26964	122
22	26965	122
22	26966	120
22	26967	117
22	26968	120
22	26969	119
22	26970	119
22	26971	122
22	26972	121
22	26973	120
22	26974	120
22	26975	120
22	26976	122
22	26977	122
22	26978	122
22	26979	122
22	26980	124
22	26981	124
22	26982	123
22	26983	124
22	26984	120
22	26985	120
22	26986	125
22	26987	125
22	26988	125
22	26989	126
22	26990	131
22	26991	132
22	26992	132
22	26993	131
22	26994	122
22	26995	123
22	26996	123
22	26997	123
22	26998	121
22	26999	118
22	27000	119
22	27001	119
22	27002	119
22	27003	118
22	27004	118
22	27005	120
22	27006	121
22	27007	121
22	27008	124
22	27009	123
22	27010	126
22	27011	126
22	27012	128
22	27013	127
22	27014	127
22	27015	130
22	27016	127
22	27017	123
22	27018	123
22	27019	123
22	27020	123
22	27021	120
22	27022	123
22	27023	124
22	27024	124
22	27025	124
22	27026	122
22	27027	123
22	27028	125
22	27029	125
22	27030	126
22	27031	123
22	27032	125
22	27033	125
22	27034	127
22	27035	127
22	27036	123
22	27037	123
22	27038	123
22	27039	124
22	27040	124
22	27041	123
22	27042	119
22	27043	121
22	27044	121
22	27045	121
22	27046	119
22	27047	119
22	27048	119
22	27049	117
22	27050	115
22	27051	115
22	27052	115
22	27053	114
22	27054	114
22	27055	110
22	27056	111
22	27057	113
22	27058	114
22	27059	112
22	27060	113
22	27061	125
22	27062	125
22	27063	125
22	27064	126
22	27065	129
22	27066	129
22	27067	128
22	27068	123
22	27069	123
22	27070	124
22	27071	123
22	27072	120
22	27073	119
22	27074	119
22	27075	118
22	27076	118
22	27077	119
22	27078	114
22	27079	115
22	27080	117
22	27081	117
22	27082	117
22	27083	117
22	27084	118
22	27085	117
22	27086	117
22	27087	118
22	27088	122
22	27089	122
22	27090	123
22	27091	122
22	27092	120
22	27093	116
22	27094	116
22	27095	116
22	27096	117
22	27097	117
22	27098	117
22	27099	117
22	27100	117
22	27101	114
22	27102	113
22	27103	112
22	27104	112
22	27105	112
22	27106	112
22	27107	112
22	27108	111
22	27109	109
22	27110	110
22	27111	110
22	27112	108
22	27113	108
22	27114	106
22	27115	106
22	27116	109
22	27117	106
22	27118	106
22	27119	106
22	27120	106
22	27121	114
22	27122	115
22	27123	115
22	27124	115
22	27125	113
22	27126	117
22	27127	121
22	27128	122
22	27129	121
22	27130	118
22	27131	119
22	27132	121
22	27133	121
22	27134	121
22	27135	119
22	27136	118
22	27137	121
22	27138	121
22	27139	117
22	27140	115
22	27141	115
22	27142	115
22	27143	115
22	27144	116
22	27145	119
22	27146	119
22	27147	121
22	27148	120
22	27149	122
22	27150	121
22	27151	122
22	27152	123
22	27153	123
22	27154	122
22	27155	121
22	27156	120
22	27157	120
22	27158	116
22	27159	116
22	27160	113
22	27161	114
22	27162	116
22	27163	115
22	27164	114
22	27165	109
22	27166	109
22	27167	110
22	27168	109
22	27169	114
22	27170	112
22	27171	113
22	27172	112
22	27173	112
22	27174	112
22	27175	116
22	27176	119
22	27177	124
22	27178	120
22	27179	120
22	27180	119
22	27181	119
22	27182	117
22	27183	117
22	27184	114
22	27185	114
22	27186	114
22	27187	114
22	27188	115
22	27189	114
22	27190	115
22	27191	115
22	27192	116
22	27193	116
22	27194	116
22	27195	116
22	27196	117
22	27197	117
22	27198	117
22	27199	117
22	27200	118
22	27201	130
22	27202	130
22	27203	133
22	27204	134
22	27205	135
22	27206	134
22	27207	134
22	27208	133
22	27209	131
22	27210	124
22	27211	119
22	27212	124
22	27213	125
22	27214	122
22	27215	121
22	27216	121
22	27217	121
22	27218	121
22	27219	122
22	27220	121
22	27221	122
22	27222	122
22	27223	123
22	27224	125
22	27225	127
22	27226	130
22	27227	132
22	27228	130
22	27229	130
22	27230	131
22	27231	132
22	27232	133
22	27233	133
22	27234	132
22	27235	132
22	27236	131
22	27237	132
22	27238	129
22	27239	129
22	27240	127
22	27241	131
22	27242	131
22	27243	131
22	27244	133
22	27245	132
22	27246	132
22	27247	133
22	27248	133
22	27249	133
22	27250	133
22	27251	136
22	27252	135
22	27253	135
22	27254	138
22	27255	138
22	27256	139
22	27257	142
22	27258	145
22	27259	144
22	27260	144
22	27261	144
22	27262	144
22	27263	146
22	27264	147
22	27265	148
22	27266	148
22	27267	149
22	27268	152
22	27269	153
22	27270	149
22	27271	149
22	27272	148
22	27273	150
22	27274	153
22	27275	150
22	27276	147
22	27277	148
22	27278	147
22	27279	148
22	27280	163
22	27281	162
22	27282	162
22	27283	162
22	27284	163
22	27285	165
22	27286	161
22	27287	160
22	27288	160
22	27289	164
22	27290	166
22	27291	165
22	27292	165
22	27293	165
22	27294	163
22	27295	163
22	27296	162
22	27297	162
22	27298	161
22	27299	161
22	27300	161
22	27301	159
22	27302	160
22	27303	167
22	27304	167
22	27305	167
22	27306	168
22	27307	169
22	27308	171
22	27309	171
22	27310	171
22	27311	170
22	27312	167
22	27313	168
22	27314	168
22	27315	167
22	27316	167
22	27317	169
22	27318	169
22	27319	164
22	27320	164
22	27321	164
22	27322	165
22	27323	166
22	27324	166
22	27325	163
22	27326	160
22	27327	156
22	27328	156
22	27329	158
22	27330	159
22	27331	159
22	27332	159
22	27333	159
22	27334	159
22	27335	159
22	27336	159
22	27337	159
22	27338	158
22	27339	158
22	27340	161
22	27341	161
22	27342	161
22	27343	161
22	27344	161
22	27345	161
22	27346	160
22	27347	160
22	27348	160
22	27349	162
22	27350	151
22	27351	153
22	27352	153
22	27353	150
22	27354	151
22	27355	151
22	27356	151
22	27357	151
22	27358	152
22	27359	151
22	27360	146
22	27361	145
22	27362	144
22	27363	144
22	27364	148
22	27365	148
22	27366	148
22	27367	146
22	27368	149
22	27369	150
22	27370	148
22	27371	149
22	27372	148
22	27373	150
22	27374	151
22	27375	151
22	27376	149
22	27377	144
22	27378	145
22	27379	144
22	27380	143
22	27381	142
22	27382	145
22	27383	145
22	27384	145
22	27385	144
22	27386	144
22	27387	143
22	27388	144
22	27389	146
22	27390	146
22	27391	143
22	27392	144
22	27393	146
22	27394	143
22	27395	143
22	27396	143
22	27397	141
22	27398	141
22	27399	140
22	27400	139
22	27401	140
22	27402	140
22	27403	139
22	27404	137
22	27405	137
22	27406	136
22	27407	130
22	27408	129
22	27409	130
22	27410	130
22	27411	138
22	27412	138
22	27413	139
22	27414	140
22	27415	138
22	27416	138
22	27417	135
22	27418	135
22	27419	134
22	27420	129
22	27421	138
22	27422	138
22	27423	136
22	27424	135
22	27425	135
22	27426	136
22	27427	136
22	27428	136
22	27429	136
22	27430	120
22	27431	122
22	27432	122
22	27433	121
22	27434	121
22	27435	119
22	27436	119
22	27437	121
22	27438	116
22	27439	118
22	27440	122
22	27441	122
22	27442	122
22	27443	121
22	27444	124
22	27445	122
22	27446	122
22	27447	121
22	27448	121
22	27449	125
22	27450	125
22	27451	126
22	27452	125
22	27453	118
22	27454	118
22	27455	117
22	27456	118
22	27457	118
22	27458	120
22	27459	120
22	27460	120
22	27461	124
22	27462	128
22	27463	127
22	27464	127
22	27465	135
22	27466	132
22	27467	132
22	27468	132
22	27469	132
22	27470	134
22	27471	134
22	27472	138
22	27473	139
22	27474	140
22	27475	139
22	27476	136
22	27477	136
22	27478	136
22	27479	138
22	27480	143
22	27481	148
22	27482	152
22	27483	153
22	27484	154
22	27485	155
22	27486	156
22	27487	161
22	27488	161
22	27489	162
22	27490	157
22	27491	157
22	27492	158
22	27493	158
22	27494	158
22	27495	158
22	27496	159
22	27497	161
22	27498	160
22	27499	160
22	27500	159
22	27501	157
22	27502	165
22	27503	165
22	27504	164
22	27505	161
22	27506	160
22	27507	162
22	27508	162
22	27509	162
22	27510	165
22	27511	165
22	27512	166
22	27513	167
22	27514	165
22	27515	164
22	27516	164
22	27517	162
22	27518	162
22	27519	166
22	27520	166
22	27521	165
22	27522	163
22	27523	167
22	27524	168
22	27525	166
22	27526	166
22	27527	166
22	27528	165
22	27529	165
22	27530	165
22	27531	166
22	27532	164
22	27533	164
22	27534	165
22	27535	165
22	27536	165
22	27537	164
22	27538	163
22	27539	162
22	27540	162
22	27541	161
22	27542	164
22	27543	162
22	27544	163
22	27545	167
22	27546	168
22	27547	170
22	27548	170
22	27549	170
22	27550	170
22	27551	166
22	27552	167
22	27553	174
22	27554	174
22	27555	175
22	27556	175
22	27557	178
22	27558	180
22	27559	181
22	27560	181
22	27561	178
22	27562	178
22	27563	180
22	27564	183
22	27565	182
22	27566	181
22	27567	182
22	27568	185
22	27569	185
22	27570	188
22	27571	181
22	27572	183
22	27573	183
22	27574	181
22	27575	181
22	27576	179
22	27577	179
22	27578	181
22	27579	181
22	27580	181
22	27581	180
22	27582	180
22	27583	179
22	27584	179
22	27585	181
22	27586	182
22	27587	182
22	27588	182
22	27589	177
22	27590	175
22	27591	174
22	27592	175
22	27593	171
22	27594	171
22	27595	171
22	27596	171
22	27597	171
22	27598	171
22	27599	168
22	27600	169
22	27601	176
22	27602	175
22	27603	175
22	27604	175
22	27605	175
22	27606	173
22	27607	173
22	27608	171
22	27609	170
22	27610	161
22	27611	160
22	27612	162
22	27613	165
22	27614	165
22	27615	159
22	27616	159
22	27617	159
22	27618	159
22	27619	160
22	27620	157
22	27621	156
22	27622	156
22	27623	153
22	27624	154
22	27625	154
22	27626	154
22	27627	154
22	27628	152
22	27629	152
22	27630	148
22	27631	144
22	27632	143
22	27633	142
22	27634	143
22	27635	143
22	27636	140
22	27637	137
22	27638	136
22	27639	135
22	27640	135
22	27641	134
22	27642	135
22	27643	140
22	27644	137
22	27645	140
22	27646	140
22	27647	140
22	27648	139
22	27649	139
22	27650	140
22	27651	144
22	27652	136
22	27653	136
22	27654	136
22	27655	136
22	27656	135
22	27657	135
22	27658	134
22	27659	135
22	27660	129
22	27661	130
22	27662	130
22	27663	128
22	27664	128
22	27665	130
22	27666	130
22	27667	131
22	27668	129
22	27669	127
22	27670	127
22	27671	127
22	27672	125
22	27673	123
22	27674	124
22	27675	124
22	27676	125
22	27677	125
22	27678	125
22	27679	125
22	27680	125
22	27681	124
22	27682	126
22	27683	125
22	27684	125
22	27685	133
22	27686	133
22	27687	137
22	27688	137
22	27689	137
22	27690	141
22	27691	141
22	27692	138
22	27693	142
22	27694	136
22	27695	140
22	27696	136
22	27697	138
22	27698	138
22	27699	142
22	27700	142
22	27701	141
22	27702	136
22	27703	135
22	27704	138
22	27705	138
22	27706	138
22	27707	135
22	27708	138
22	27709	137
22	27710	136
22	27711	135
22	27712	132
22	27713	130
22	27714	130
22	27715	130
22	27716	129
22	27717	133
22	27718	133
22	27719	130
22	27720	129
22	27721	129
22	27722	126
22	27723	131
22	27724	134
22	27725	133
22	27726	132
22	27727	131
22	27728	131
22	27729	131
22	27730	130
22	27731	129
22	27732	129
22	27733	127
22	27734	127
22	27735	128
22	27736	125
22	27737	125
22	27738	125
22	27739	126
22	27740	127
22	27741	127
22	27742	127
22	27743	127
22	27744	127
22	27745	129
22	27746	131
22	27747	130
22	27748	131
22	27749	131
22	27750	135
22	27751	128
22	27752	128
22	27753	129
22	27754	129
22	27755	132
22	27756	132
22	27757	133
22	27758	133
22	27759	133
22	27760	133
22	27761	140
22	27762	137
22	27763	143
22	27764	145
22	27765	147
22	27766	147
22	27767	147
22	27768	149
22	27769	146
22	27770	154
22	27771	160
22	27772	160
22	27773	161
22	27774	161
22	27775	163
22	27776	164
22	27777	168
22	27778	170
22	27779	171
22	27780	170
22	27781	170
22	27782	168
22	27783	168
22	27784	168
22	27785	168
22	27786	171
22	27787	170
22	27788	170
22	27789	170
22	27790	170
22	27791	170
22	27792	169
22	27793	164
22	27794	165
22	27795	161
22	27796	161
22	27797	169
22	27798	169
22	27799	165
22	27800	168
22	27801	168
22	27802	166
22	27803	168
22	27804	166
22	27805	169
22	27806	169
22	27807	168
22	27808	169
22	27809	167
22	27810	166
22	27811	166
22	27812	166
22	27813	167
22	27814	167
22	27815	166
22	27816	167
22	27817	175
22	27818	175
22	27819	175
22	27820	176
22	27821	176
22	27822	177
22	27823	177
22	27824	176
22	27825	176
22	27826	175
22	27827	177
22	27828	177
22	27829	177
22	27830	178
22	27831	177
22	27832	181
22	27833	186
22	27834	189
22	27835	181
22	27836	181
22	27837	178
22	27838	178
22	27839	180
22	27840	180
22	27841	179
22	27842	179
22	27843	175
22	27844	176
22	27845	173
22	27846	172
22	27847	174
22	27848	173
22	27849	170
22	27850	171
22	27851	170
22	27852	172
22	27853	173
22	27854	173
22	27855	172
22	27856	172
22	27857	173
22	27858	170
22	27859	170
22	27860	167
22	27861	167
22	27862	167
22	27863	168
22	27864	168
22	27865	168
22	27866	168
22	27867	165
22	27868	163
22	27869	162
22	27870	163
22	27871	178
22	27872	177
22	27873	174
22	27874	172
22	27875	172
22	27876	175
22	27877	175
22	27878	178
22	27879	178
22	27880	180
22	27881	181
22	27882	186
22	27883	190
22	27884	194
22	27885	191
22	27886	193
22	27887	193
22	27888	193
22	27889	191
22	27890	190
22	27891	190
22	27892	192
22	27893	192
22	27894	190
22	27895	189
22	27896	190
22	27897	190
22	27898	188
22	27899	191
22	27900	192
22	27901	201
22	27902	202
22	27903	201
22	27904	198
22	27905	199
22	27906	202
22	27907	201
22	27908	201
22	27909	201
22	27910	194
22	27911	195
22	27912	196
22	27913	189
22	27914	187
22	27915	186
22	27916	186
22	27917	187
22	27918	178
22	27919	178
22	27920	171
22	27921	170
22	27922	171
22	27923	171
22	27924	171
22	27925	169
22	27926	169
22	27927	165
22	27928	163
22	27929	163
22	27930	159
22	27931	159
22	27932	160
22	27933	159
22	27934	159
22	27935	161
22	27936	158
22	27937	158
22	27938	158
22	27939	158
22	27940	158
22	27941	158
22	27942	158
22	27943	161
22	27944	160
22	27945	161
22	27946	160
22	27947	153
22	27948	153
22	27949	148
22	27950	148
22	27951	148
22	27952	149
22	27953	150
22	27954	153
22	27955	154
22	27956	159
22	27957	159
22	27958	159
22	27959	159
22	27960	159
22	27961	162
22	27962	161
22	27963	161
22	27964	159
22	27965	159
22	27966	149
22	27967	149
22	27968	149
22	27969	148
22	27970	148
22	27971	149
22	27972	149
22	27973	149
22	27974	150
22	27975	150
22	27976	150
22	27977	148
22	27978	148
22	27979	147
22	27980	147
22	27981	146
22	27982	144
22	27983	138
22	27984	135
22	27985	135
22	27986	135
22	27987	134
22	27988	134
22	27989	133
22	27990	129
22	27991	129
22	27992	129
22	27993	128
22	27994	128
22	27995	126
22	27996	124
22	27997	129
22	27998	130
22	27999	130
22	28000	129
22	28001	128
22	28002	126
22	28003	123
22	28004	123
22	28005	123
22	28006	123
22	28007	120
22	28008	120
22	28009	120
22	28010	120
22	28011	120
22	28012	120
22	28013	119
22	28014	119
22	28015	119
22	28016	119
22	28017	117
22	28018	117
22	28019	117
22	28020	116
22	28021	100
22	28022	100
22	28023	98
22	28024	98
22	28025	98
22	28026	95
22	28027	93
22	28028	92
22	28029	92
22	28030	90
22	28031	89
22	28032	83
22	28033	80
22	28034	76
22	28035	76
22	28036	76
22	28037	76
22	28038	76
22	28039	76
22	28040	76
22	28041	76
22	28042	76
22	28043	76
22	28044	75
22	28045	74
22	28046	74
22	28047	74
22	28048	74
22	28049	71
22	28050	71
22	28051	65
22	28052	63
22	28053	63
22	28054	63
22	28055	62
22	28056	58
22	28057	62
22	28058	60
22	28059	60
22	28060	60
22	28061	60
22	28062	61
22	28063	61
22	28064	61
22	28065	61
22	28066	61
22	28067	62
22	28068	62
22	28069	62
22	28070	62
22	28071	63
22	28072	60
22	28073	60
22	28074	57
22	28075	57
22	28076	57
22	28077	57
22	28078	59
22	28079	59
22	28080	59
22	28081	60
22	28082	60
22	28083	60
22	28084	60
22	28085	58
22	28086	58
22	28087	60
22	28088	62
22	28089	63
22	28090	63
22	28091	63
22	28092	57
22	28093	57
22	28094	57
22	28095	57
22	28096	57
22	28097	59
22	28098	60
22	28099	60
22	28100	60
22	28101	57
22	28102	58
22	28103	57
22	28104	57
22	28105	54
22	28106	50
22	28107	49
22	28108	49
22	28109	51
22	28110	51
22	28111	46
22	28112	46
22	28113	46
22	28114	47
22	28115	47
22	28116	47
22	28117	47
22	28118	47
22	28119	48
22	28120	47
22	28121	47
22	28122	46
22	28123	46
22	28124	46
22	28125	43
22	28126	44
22	28127	44
22	28128	44
22	28129	47
22	28130	47
22	28131	48
22	28132	48
22	28133	48
22	28134	48
22	28135	48
22	28136	49
22	28137	52
22	28138	51
22	28139	50
22	28140	51
22	28141	51
22	28142	51
22	28143	49
22	28144	49
22	28145	49
22	28146	49
22	28147	42
22	28148	40
22	28149	40
22	28150	40
22	28151	40
22	28152	40
22	28153	40
22	28154	40
22	28155	40
22	28156	40
22	28157	39
22	28158	39
22	28159	39
22	28160	39
22	28161	39
22	28162	39
22	28163	40
22	28164	40
22	28165	40
22	28166	40
22	28167	41
22	28168	41
22	28169	41
22	28170	41
22	28171	41
22	28172	41
22	28173	41
22	28174	41
22	28175	41
22	28176	42
22	28177	42
22	28178	42
22	28179	42
22	28180	43
22	28181	43
22	28182	43
22	28183	43
22	28184	43
22	28185	42
22	28186	42
22	28187	42
22	28188	42
22	28189	40
22	28190	40
22	28191	40
22	28192	40
22	28193	40
22	28194	40
22	28195	40
22	28196	40
22	28197	44
22	28198	44
22	28199	45
22	28200	45
22	28201	44
22	28202	44
22	28203	44
22	28204	44
22	28205	41
22	28206	41
22	28207	38
22	28208	38
22	28209	41
22	28210	41
22	28211	41
22	28212	41
22	28213	41
22	28214	41
22	28215	41
22	28216	40
22	28217	40
22	28218	40
22	28219	40
22	28220	40
22	28221	39
22	28222	39
22	28223	38
22	28224	43
22	28225	44
22	28226	44
22	28227	44
22	28228	44
22	28229	44
22	28230	44
22	28231	41
22	28232	40
22	28233	41
22	28234	41
22	28235	41
22	28236	42
22	28237	42
22	28238	39
22	28239	40
22	28240	40
22	28241	41
22	28242	41
22	28243	41
22	28244	41
22	28245	41
22	28246	42
22	28247	38
22	28248	39
22	28249	39
22	28250	39
22	28251	39
22	28252	39
22	28253	41
22	28254	41
22	28255	41
22	28256	42
22	28257	42
22	28258	42
22	28259	42
22	28260	46
22	28261	46
22	28262	47
22	28263	46
22	28264	49
22	28265	51
22	28266	51
22	28267	51
22	28268	50
22	28269	49
22	28270	49
22	28271	49
22	28272	51
22	28273	51
22	28274	53
22	28275	57
22	28276	56
22	28277	56
22	28278	56
22	28279	53
22	28280	53
22	28281	52
22	28282	52
22	28283	52
22	28284	50
22	28285	50
22	28286	47
22	28287	47
22	28288	47
22	28289	47
22	28290	47
22	28291	48
22	28292	48
22	28293	48
22	28294	50
22	28295	50
22	28296	51
22	28297	54
22	28298	54
22	28299	55
22	28300	56
22	28301	56
22	28302	56
22	28303	58
22	28304	58
22	28305	58
22	28306	57
22	28307	61
22	28308	61
22	28309	61
22	28310	62
22	28311	62
22	28312	62
22	28313	62
22	28314	64
22	28315	64
22	28316	63
22	28317	63
22	28318	63
22	28319	63
22	28320	65
22	28321	66
22	28322	66
22	28323	67
22	28324	67
22	28325	67
22	28326	67
22	28327	67
22	28328	67
22	28329	67
22	28330	68
22	28331	68
22	28332	68
22	28333	68
22	28334	69
22	28335	77
22	28336	79
22	28337	81
22	28338	81
22	28339	81
22	28340	82
22	28341	82
22	28342	80
22	28343	81
22	28344	81
22	28345	81
22	28346	81
22	28347	86
22	28348	93
22	28349	92
22	28350	92
22	28351	92
22	28352	93
22	28353	92
22	28354	92
22	28355	92
22	28356	91
22	28357	88
22	28358	89
22	28359	89
22	28360	89
22	28361	89
22	28362	89
22	28363	89
22	28364	89
22	28365	89
22	28366	89
22	28367	89
22	28368	90
22	28369	90
22	28370	92
22	28371	94
22	28372	93
22	28373	93
22	28374	95
22	28375	94
22	28376	92
22	28377	92
22	28378	92
22	28379	94
22	28380	92
22	28381	92
22	28382	92
22	28383	94
22	28384	95
22	28385	95
22	28386	98
22	28387	98
22	28388	98
22	28389	98
22	28390	98
22	28391	100
22	28392	100
22	28393	101
22	28394	100
22	28395	101
22	28396	101
22	28397	101
22	28398	101
22	28399	101
22	28400	101
22	28401	101
22	28402	98
22	28403	97
22	28404	97
22	28405	97
22	28406	97
22	28407	97
22	28408	97
22	28409	97
22	28410	97
22	28411	97
22	28412	97
22	28413	98
22	28414	98
22	28415	99
22	28416	99
22	28417	99
22	28418	102
22	28419	104
22	28420	103
22	28421	103
22	28422	103
22	28423	110
22	28424	109
22	28425	108
22	28426	107
22	28427	107
22	28428	108
22	28429	110
22	28430	110
22	28431	111
22	28432	117
22	28433	119
22	28434	119
22	28435	120
22	28436	122
22	28437	123
22	28438	123
22	28439	126
22	28440	127
22	28441	127
22	28442	130
22	28443	146
22	28444	145
22	28445	144
22	28446	143
22	28447	140
22	28448	142
22	28449	144
22	28450	143
22	28451	143
22	28452	143
22	28453	144
22	28454	144
22	28455	144
22	28456	141
22	28457	141
22	28458	141
22	28459	145
22	28460	145
22	28461	146
22	28462	145
22	28463	147
22	28464	147
22	28465	150
22	28466	150
22	28467	150
22	28468	150
22	28469	149
22	28470	147
22	28471	146
22	28472	146
22	28473	146
22	28474	148
22	28475	151
22	28476	152
22	28477	153
22	28478	154
22	28479	155
22	28480	155
22	28481	155
22	28482	155
22	28483	155
22	28484	152
22	28485	143
22	28486	143
22	28487	145
22	28488	145
22	28489	145
22	28490	143
22	28491	143
22	28492	145
22	28493	145
22	28494	145
22	28495	142
22	28496	144
22	28497	143
22	28498	138
22	28499	137
22	28500	138
22	28501	137
22	28502	138
22	28503	139
22	28504	140
22	28505	141
22	28506	141
22	28507	142
22	28508	143
22	28509	144
22	28510	144
22	28511	145
22	28512	145
22	28513	145
22	28514	145
22	28515	148
22	28516	148
22	28517	150
22	28518	150
22	28519	150
22	28520	150
22	28521	148
22	28522	149
22	28523	149
22	28524	150
22	28525	150
22	28526	150
22	28527	150
22	28528	149
22	28529	155
22	28530	156
22	28531	157
22	28532	157
22	28533	155
22	28534	152
22	28535	153
22	28536	151
22	28537	151
22	28538	150
22	28539	153
22	28540	153
22	28541	152
22	28542	152
22	28543	153
22	28544	156
22	28545	155
22	28546	155
22	28547	157
22	28548	157
22	28549	157
22	28550	158
22	28551	158
22	28552	161
22	28553	161
22	28554	161
22	28555	163
22	28556	164
22	28557	164
22	28558	164
22	28559	164
22	28560	163
22	28561	161
22	28562	161
22	28563	157
22	28564	157
22	28565	156
22	28566	161
22	28567	161
22	28568	161
22	28569	161
22	28570	163
22	28571	163
22	28572	159
22	28573	160
22	28574	172
22	28575	174
22	28576	174
22	28577	174
22	28578	171
22	28579	171
22	28580	171
22	28581	170
22	28582	165
22	28583	174
22	28584	177
22	28585	174
22	28586	174
22	28587	174
22	28588	172
22	28589	171
22	28590	170
22	28591	169
22	28592	154
22	28593	152
22	28594	150
22	28595	150
22	28596	150
22	28597	148
22	28598	146
22	28599	148
22	28600	148
22	28601	148
22	28602	146
22	28603	147
22	28604	147
22	28605	149
22	28606	149
22	28607	150
22	28608	150
22	28609	146
22	28610	148
22	28611	148
22	28612	148
22	28613	147
22	28614	147
22	28615	145
22	28616	145
22	28617	145
22	28618	145
22	28619	146
22	28620	146
22	28621	147
22	28622	149
22	28623	151
22	28624	150
22	28625	146
22	28626	144
22	28627	143
22	28628	142
22	28629	141
22	28630	139
22	28631	140
22	28632	140
22	28633	140
22	28634	140
22	28635	140
22	28636	138
22	28637	137
22	28638	141
22	28639	142
22	28640	142
22	28641	141
22	28642	141
22	28643	144
22	28644	143
22	28645	143
22	28646	143
22	28647	139
22	28648	140
22	28649	139
22	28650	138
22	28651	138
22	28652	137
22	28653	138
22	28654	137
22	28655	137
22	28656	136
22	28657	136
22	28658	136
22	28659	134
22	28660	133
22	28661	133
22	28662	134
22	28663	138
22	28664	133
22	28665	134
22	28666	143
22	28667	144
22	28668	143
22	28669	143
22	28670	143
22	28671	143
22	28672	140
22	28673	139
22	28674	139
22	28675	139
22	28676	141
22	28677	141
22	28678	144
22	28679	138
22	28680	137
22	28681	137
22	28682	138
22	28683	138
22	28684	138
22	28685	140
22	28686	138
22	28687	139
22	28688	137
22	28689	136
22	28690	136
22	28691	139
22	28692	139
22	28693	148
22	28694	145
22	28695	148
22	28696	147
22	28697	152
22	28698	157
22	28699	158
22	28700	163
22	28701	163
22	28702	161
22	28703	160
22	28704	166
22	28705	163
22	28706	163
22	28707	163
22	28708	164
22	28709	164
22	28710	164
22	28711	165
22	28712	172
22	28713	166
22	28714	166
22	28715	168
22	28716	167
22	28717	168
22	28718	168
22	28719	165
22	28720	165
22	28721	164
22	28722	166
22	28723	163
22	28724	148
22	28725	148
22	28726	148
22	28727	148
22	28728	154
22	28729	154
22	28730	154
22	28731	156
22	28732	156
22	28733	149
22	28734	153
22	28735	158
22	28736	159
22	28737	158
22	28738	157
22	28739	160
22	28740	158
22	28741	158
22	28742	158
22	28743	158
22	28744	163
22	28745	163
22	28746	162
22	28747	171
22	28748	173
22	28749	174
22	28750	175
22	28751	177
22	28752	177
22	28753	180
22	28754	179
22	28755	177
22	28756	177
22	28757	176
22	28758	177
22	28759	177
22	28760	175
22	28761	176
22	28762	174
22	28763	173
22	28764	176
22	28765	177
22	28766	177
22	28767	177
22	28768	176
22	28769	179
22	28770	178
22	28771	178
22	28772	177
22	28773	175
22	28774	176
22	28775	177
22	28776	177
22	28777	178
22	28778	178
22	28779	178
22	28780	179
22	28781	179
22	28782	179
22	28783	181
22	28784	189
22	28785	189
22	28786	189
22	28787	193
22	28788	191
22	28789	191
22	28790	191
22	28791	191
22	28792	191
22	28793	190
22	28794	190
22	28795	191
22	28796	191
22	28797	191
22	28798	191
22	28799	191
22	28800	189
22	28801	188
22	28802	188
22	28803	189
22	28804	190
22	28805	192
22	28806	191
22	28807	190
22	28808	197
22	28809	199
22	28810	200
22	28811	201
22	28812	200
22	28813	196
22	28814	196
22	28815	195
22	28816	186
22	28817	184
22	28818	187
22	28819	186
22	28820	187
22	28821	188
22	28822	191
22	28823	195
22	28824	192
22	28825	197
22	28826	197
22	28827	195
22	28828	196
22	28829	196
22	28830	195
22	28831	199
22	28832	201
22	28833	205
22	28834	206
22	28835	204
22	28836	201
22	28837	201
22	28838	206
22	28839	206
22	28840	213
22	28841	208
22	28842	196
22	28843	194
22	28844	195
22	28845	195
22	28846	194
22	28847	188
22	28848	188
22	28849	181
22	28850	180
22	28851	180
22	28852	180
22	28853	178
22	28854	179
22	28855	180
22	28856	181
22	28857	181
22	28858	186
22	28859	186
22	28860	187
22	28861	186
22	28862	179
22	28863	179
22	28864	181
22	28865	180
22	28866	178
22	28867	178
22	28868	177
22	28869	176
22	28870	185
22	28871	188
22	28872	193
22	28873	194
22	28874	194
22	28875	195
22	28876	195
22	28877	196
22	28878	191
22	28879	192
22	28880	190
22	28881	187
22	28882	186
22	28883	182
22	28884	179
22	28885	176
22	28886	176
22	28887	182
22	28888	181
22	28889	182
22	28890	182
22	28891	183
22	28892	187
22	28893	189
22	28894	185
22	28895	185
22	28896	179
22	28897	176
22	28898	176
22	28899	177
22	28900	180
22	28901	179
22	28902	178
22	28903	182
22	28904	182
22	28905	182
22	28906	183
22	28907	189
22	28908	189
22	28909	190
22	28910	196
22	28911	197
22	28912	198
22	28913	195
22	28914	195
22	28915	194
22	28916	195
22	28917	195
22	28918	195
22	28919	193
22	28920	193
22	28921	194
22	28922	193
22	28923	193
22	28924	195
22	28925	200
22	28926	200
22	28927	199
22	28928	199
22	28929	207
22	28930	206
22	28931	205
22	28932	205
22	28933	205
22	28934	198
22	28935	200
22	28936	205
22	28937	201
22	28938	200
22	28939	199
22	28940	199
22	28941	199
22	28942	198
22	28943	196
22	28944	196
22	28945	195
22	28946	195
22	28947	196
22	28948	196
22	28949	196
22	28950	196
22	28951	196
22	28952	195
22	28953	193
22	28954	192
22	28955	192
22	28956	192
22	28957	194
22	28958	189
22	28959	189
22	28960	193
22	28961	192
22	28962	192
22	28963	192
22	28964	191
22	28965	191
22	28966	193
22	28967	192
22	28968	193
22	28969	200
22	28970	200
22	28971	205
22	28972	205
22	28973	199
22	28974	199
22	28975	197
22	28976	197
22	28977	197
22	28978	195
22	28979	195
22	28980	193
22	28981	193
22	28982	190
22	28983	187
22	28984	186
22	28985	187
22	28986	187
22	28987	188
22	28988	188
22	28989	196
22	28990	194
22	28991	194
22	28992	194
22	28993	195
22	28994	197
22	28995	198
22	28996	196
22	28997	196
22	28998	197
22	28999	197
22	29000	198
22	29001	200
22	29002	199
22	29003	199
22	29004	200
22	29005	199
22	29006	200
22	29007	198
22	29008	195
22	29009	196
22	29010	195
22	29011	198
22	29012	198
22	29013	197
22	29014	197
22	29015	197
22	29016	196
22	29017	197
22	29018	199
22	29019	196
22	29020	189
22	29021	187
22	29022	183
22	29023	182
22	29024	184
22	29025	184
22	29026	184
22	29027	183
22	29028	183
22	29029	181
22	29030	180
22	29031	182
22	29032	182
22	29033	183
22	29034	184
22	29035	178
22	29036	180
22	29037	180
22	29038	181
22	29039	182
22	29040	181
22	29041	178
22	29042	182
22	29043	181
22	29044	183
22	29045	183
22	29046	181
22	29047	182
22	29048	189
22	29049	191
22	29050	188
22	29051	184
22	29052	185
22	29053	181
22	29054	183
22	29055	184
22	29056	186
22	29057	179
22	29058	178
22	29059	178
22	29060	174
22	29061	178
22	29062	177
22	29063	178
22	29064	178
22	29065	178
22	29066	179
22	29067	177
22	29068	177
22	29069	175
22	29070	176
22	29071	176
22	29072	176
22	29073	172
22	29074	171
22	29075	171
22	29076	174
22	29077	175
22	29078	174
22	29079	167
22	29080	168
22	29081	169
22	29082	170
22	29083	172
22	29084	172
22	29085	171
22	29086	166
22	29087	166
22	29088	166
22	29089	169
22	29090	169
22	29091	169
22	29092	171
22	29093	171
22	29094	171
22	29095	171
22	29096	170
22	29097	170
22	29098	169
22	29099	169
22	29100	175
22	29101	175
22	29102	174
22	29103	175
22	29104	179
22	29105	178
22	29106	183
22	29107	190
22	29108	188
22	29109	188
22	29110	188
22	29111	194
22	29112	194
22	29113	194
22	29114	194
22	29115	197
22	29116	199
22	29117	198
22	29118	196
22	29119	191
22	29120	187
22	29121	187
22	29122	187
22	29123	185
22	29124	184
22	29125	182
22	29126	189
22	29127	191
22	29128	192
22	29129	191
22	29130	188
22	29131	188
22	29132	187
22	29133	187
22	29134	189
22	29135	189
22	29136	187
22	29137	187
22	29138	185
22	29139	175
22	29140	174
22	29141	174
22	29142	174
22	29143	174
22	29144	171
22	29145	171
22	29146	171
22	29147	171
22	29148	169
22	29149	169
22	29150	170
22	29151	169
22	29152	170
22	29153	170
22	29154	166
22	29155	165
22	29156	166
22	29157	164
22	29158	164
22	29159	159
22	29160	160
22	29161	160
22	29162	159
22	29163	159
22	29164	158
22	29165	157
22	29166	157
22	29167	157
22	29168	155
22	29169	154
22	29170	153
22	29171	151
22	29172	150
22	29173	153
22	29174	159
22	29175	159
22	29176	159
22	29177	167
22	29178	168
22	29179	172
22	29180	171
22	29181	169
22	29182	174
22	29183	172
22	29184	174
22	29185	174
22	29186	172
22	29187	177
22	29188	177
22	29189	177
22	29190	173
22	29191	171
22	29192	171
22	29193	170
22	29194	169
22	29195	168
22	29196	163
22	29197	161
22	29198	159
22	29199	157
22	29200	167
22	29201	168
22	29202	171
22	29203	170
22	29204	169
22	29205	169
22	29206	164
22	29207	167
22	29208	167
22	29209	166
22	29210	167
22	29211	164
22	29212	164
22	29213	164
22	29214	164
22	29215	163
22	29216	162
22	29217	162
22	29218	162
22	29219	162
22	29220	164
22	29221	165
22	29222	166
22	29223	167
22	29224	167
22	29225	168
22	29226	165
22	29227	166
22	29228	164
22	29229	164
22	29230	164
22	29231	163
22	29232	161
22	29233	161
22	29234	161
22	29235	161
22	29236	166
22	29237	167
22	29238	165
22	29239	165
22	29240	167
22	29241	169
22	29242	167
22	29243	168
22	29244	168
22	29245	168
22	29246	168
22	29247	169
22	29248	167
22	29249	166
22	29250	169
22	29251	173
22	29252	174
22	29253	174
22	29254	170
22	29255	171
22	29256	167
22	29257	161
22	29258	162
22	29259	157
22	29260	157
22	29261	155
22	29262	157
22	29263	157
22	29264	158
22	29265	155
22	29266	150
22	29267	151
22	29268	151
22	29269	148
22	29270	148
22	29271	148
22	29272	148
22	29273	148
22	29274	150
22	29275	149
22	29276	146
22	29277	146
22	29278	146
22	29279	146
22	29280	148
22	29281	150
22	29282	152
22	29283	151
22	29284	150
22	29285	150
22	29286	150
22	29287	150
22	29288	150
22	29289	149
22	29290	150
22	29291	151
22	29292	150
22	29293	157
22	29294	157
22	29295	157
22	29296	159
22	29297	160
22	29298	164
22	29299	164
22	29300	165
22	29301	170
22	29302	171
22	29303	169
22	29304	174
22	29305	174
22	29306	174
22	29307	171
22	29308	172
22	29309	174
22	29310	172
22	29311	171
22	29312	172
22	29313	173
22	29314	175
22	29315	175
22	29316	176
22	29317	175
22	29318	175
22	29319	175
22	29320	176
22	29321	174
22	29322	171
22	29323	169
22	29324	168
22	29325	168
22	29326	166
22	29327	160
22	29328	163
22	29329	163
22	29330	167
22	29331	167
22	29332	158
22	29333	158
22	29334	158
22	29335	163
22	29336	166
22	29337	162
22	29338	164
22	29339	164
22	29340	164
22	29341	167
22	29342	167
22	29343	168
22	29344	168
22	29345	170
22	29346	174
22	29347	174
22	29348	175
22	29349	172
22	29350	163
22	29351	166
22	29352	168
22	29353	167
22	29354	167
22	29355	167
22	29356	167
22	29357	166
22	29358	169
22	29359	169
22	29360	167
22	29361	167
22	29362	167
22	29363	168
22	29364	168
22	29365	168
22	29366	167
22	29367	167
22	29368	168
22	29369	167
22	29370	163
22	29371	165
22	29372	162
22	29373	164
22	29374	165
22	29375	165
22	29376	168
22	29377	166
22	29378	168
22	29379	168
22	29380	167
22	29381	168
22	29382	169
22	29383	167
22	29384	166
22	29385	161
22	29386	161
22	29387	163
22	29388	162
22	29389	162
22	29390	160
22	29391	167
22	29392	169
22	29393	172
22	29394	171
22	29395	170
22	29396	173
22	29397	174
22	29398	174
22	29399	171
22	29400	167
22	29401	164
22	29402	165
22	29403	165
22	29404	165
22	29405	162
22	29406	161
22	29407	161
22	29408	159
22	29409	157
22	29410	157
22	29411	153
22	29412	151
22	29413	151
22	29414	151
22	29415	151
22	29416	149
22	29417	148
22	29418	147
22	29419	150
22	29420	150
22	29421	150
22	29422	150
22	29423	147
22	29424	148
22	29425	151
22	29426	150
22	29427	150
22	29428	150
22	29429	150
22	29430	146
22	29431	146
22	29432	145
22	29433	145
22	29434	147
22	29435	149
22	29436	147
22	29437	153
22	29438	153
22	29439	153
22	29440	154
22	29441	153
22	29442	151
22	29443	147
22	29444	151
22	29445	151
22	29446	152
22	29447	150
22	29448	147
22	29449	145
22	29450	144
22	29451	139
22	29452	134
22	29453	133
22	29454	133
22	29455	133
22	29456	133
22	29457	135
22	29458	134
22	29459	133
22	29460	133
22	29461	139
22	29462	138
22	29463	136
22	29464	135
22	29465	133
22	29466	133
22	29467	133
22	29468	134
22	29469	134
22	29470	134
22	29471	136
22	29472	139
22	29473	139
22	29474	139
22	29475	140
22	29476	141
22	29477	141
22	29478	137
22	29479	134
22	29480	134
22	29481	134
22	29482	134
22	29483	135
22	29484	130
22	29485	124
22	29486	124
22	29487	124
22	29488	121
22	29489	121
22	29490	121
22	29491	119
22	29492	119
22	29493	118
22	29494	120
22	29495	119
22	29496	116
22	29497	117
22	29498	116
22	29499	112
22	29500	112
22	29501	111
22	29502	113
22	29503	123
22	29504	119
22	29505	122
22	29506	124
22	29507	126
22	29508	126
22	29509	129
22	29510	128
22	29511	127
22	29512	130
22	29513	130
22	29514	130
22	29515	130
22	29516	130
22	29517	130
22	29518	129
22	29519	129
22	29520	126
22	29521	127
22	29522	127
22	29523	125
22	29524	123
22	29525	120
22	29526	120
22	29527	120
22	29528	120
22	29529	124
22	29530	126
22	29531	129
22	29532	128
22	29533	131
22	29534	130
22	29535	130
22	29536	131
22	29537	129
22	29538	130
22	29539	130
22	29540	127
22	29541	127
22	29542	120
22	29543	123
22	29544	127
22	29545	128
22	29546	124
22	29547	124
22	29548	123
22	29549	123
22	29550	124
22	29551	123
22	29552	122
22	29553	122
22	29554	123
22	29555	123
22	29556	122
22	29557	122
22	29558	122
22	29559	122
22	29560	123
22	29561	123
22	29562	123
22	29563	122
22	29564	122
22	29565	120
22	29566	122
22	29567	122
22	29568	120
22	29569	119
22	29570	119
22	29571	119
22	29572	119
22	29573	119
22	29574	118
22	29575	118
22	29576	118
22	29577	122
22	29578	122
22	29579	122
22	29580	122
22	29581	121
22	29582	126
22	29583	124
22	29584	122
22	29585	120
22	29586	120
22	29587	118
22	29588	120
22	29589	120
22	29590	119
22	29591	115
22	29592	114
22	29593	116
22	29594	113
22	29595	113
22	29596	112
22	29597	112
22	29598	113
22	29599	113
22	29600	113
22	29601	114
22	29602	115
22	29603	115
22	29604	114
22	29605	114
22	29606	114
22	29607	112
22	29608	112
22	29609	112
22	29610	112
22	29611	104
22	29612	107
22	29613	108
22	29614	108
22	29615	108
22	29616	109
22	29617	109
22	29618	108
22	29619	108
22	29620	108
22	29621	107
22	29622	103
22	29623	103
22	29624	102
22	29625	99
22	29626	96
22	29627	96
22	29628	96
22	29629	96
22	29630	96
22	29631	96
22	29632	96
22	29633	98
22	29634	100
22	29635	101
22	29636	104
22	29637	104
22	29638	104
22	29639	103
22	29640	102
22	29641	103
22	29642	102
22	29643	102
22	29644	102
22	29645	101
22	29646	102
22	29647	101
22	29648	102
22	29649	102
22	29650	101
22	29651	104
22	29652	92
22	29653	92
22	29654	90
22	29655	86
22	29656	86
22	29657	86
22	29658	85
22	29659	84
22	29660	84
22	29661	82
22	29662	82
22	29663	82
22	29664	82
22	29665	86
22	29666	86
22	29667	86
22	29668	86
22	29669	89
22	29670	89
22	29671	89
22	29672	90
22	29673	90
22	29674	95
22	29675	95
22	29676	96
22	29677	97
22	29678	99
22	29679	99
22	29680	99
22	29681	97
22	29682	98
22	29683	95
22	29684	96
22	29685	98
22	29686	96
22	29687	96
22	29688	96
22	29689	96
22	29690	97
22	29691	98
22	29692	97
22	29693	94
22	29694	93
22	29695	93
22	29696	93
22	29697	93
22	29698	94
22	29699	94
22	29700	95
22	29701	95
22	29702	95
22	29703	95
22	29704	96
22	29705	96
22	29706	95
22	29707	95
22	29708	96
22	29709	96
22	29710	96
22	29711	96
22	29712	98
22	29713	98
22	29714	98
22	29715	97
22	29716	97
22	29717	100
22	29718	100
22	29719	100
22	29720	109
22	29721	110
22	29722	111
22	29723	111
22	29724	108
22	29725	107
22	29726	109
22	29727	98
22	29728	99
22	29729	101
22	29730	102
22	29731	102
22	29732	99
22	29733	100
22	29734	101
22	29735	102
22	29736	102
22	29737	102
22	29738	104
22	29739	104
22	29740	104
22	29741	104
22	29742	103
22	29743	102
22	29744	102
22	29745	102
22	29746	103
22	29747	102
22	29748	101
22	29749	102
22	29750	106
22	29751	107
22	29752	117
22	29753	117
22	29754	118
22	29755	118
22	29756	118
22	29757	120
22	29758	120
22	29759	118
22	29760	118
22	29761	114
22	29762	111
22	29763	112
22	29764	112
22	29765	112
22	29766	111
22	29767	111
22	29768	114
22	29769	114
22	29770	116
22	29771	114
22	29772	114
22	29773	114
22	29774	115
22	29775	117
22	29776	120
22	29777	120
22	29778	120
22	29779	120
22	29780	121
22	29781	121
22	29782	119
22	29783	117
22	29784	115
22	29785	114
22	29786	113
22	29787	114
22	29788	114
22	29789	117
22	29790	117
22	29791	117
22	29792	117
22	29793	117
22	29794	119
22	29795	120
22	29796	123
22	29797	123
22	29798	123
22	29799	122
22	29800	119
22	29801	119
22	29802	119
22	29803	119
22	29804	120
22	29805	125
22	29806	133
22	29807	133
22	29808	135
22	29809	135
22	29810	136
22	29811	140
22	29812	140
22	29813	141
22	29814	141
22	29815	136
22	29816	137
22	29817	137
22	29818	138
22	29819	136
22	29820	136
22	29821	136
22	29822	135
22	29823	134
22	29824	134
22	29825	137
22	29826	136
22	29827	137
22	29828	133
22	29829	132
22	29830	132
22	29831	133
22	29832	135
22	29833	138
22	29834	137
22	29835	135
22	29836	134
22	29837	134
22	29838	140
22	29839	142
22	29840	144
22	29841	143
22	29842	153
22	29843	153
22	29844	153
22	29845	153
22	29846	153
22	29847	153
22	29848	158
22	29849	158
22	29850	157
22	29851	157
22	29852	157
22	29853	155
22	29854	155
22	29855	155
22	29856	156
22	29857	156
22	29858	154
22	29859	155
22	29860	155
22	29861	153
22	29862	155
22	29863	155
22	29864	156
22	29865	156
22	29866	153
22	29867	153
22	29868	159
22	29869	160
22	29870	159
22	29871	158
22	29872	159
22	29873	162
22	29874	162
22	29875	162
22	29876	161
22	29877	160
22	29878	161
22	29879	165
22	29880	166
22	29881	166
22	29882	166
22	29883	166
22	29884	165
22	29885	165
22	29886	166
22	29887	166
22	29888	165
22	29889	165
22	29890	167
22	29891	167
22	29892	170
22	29893	172
22	29894	177
22	29895	175
22	29896	175
22	29897	175
22	29898	175
22	29899	173
22	29900	172
22	29901	173
22	29902	165
22	29903	164
22	29904	163
22	29905	163
22	29906	162
22	29907	163
22	29908	172
22	29909	178
22	29910	181
22	29911	184
22	29912	184
22	29913	185
22	29914	186
22	29915	186
22	29916	186
22	29917	186
22	29918	183
22	29919	185
22	29920	184
22	29921	188
22	29922	188
22	29923	191
22	29924	187
22	29925	185
22	29926	186
22	29927	190
22	29928	191
22	29929	191
22	29930	192
22	29931	192
22	29932	192
22	29933	193
22	29934	193
22	29935	193
22	29936	192
22	29937	196
22	29938	197
22	29939	197
22	29940	196
22	29941	197
22	29942	197
22	29943	197
22	29944	196
22	29945	195
22	29946	191
22	29947	191
22	29948	190
22	29949	190
22	29950	189
22	29951	190
22	29952	190
22	29953	190
22	29954	189
22	29955	189
22	29956	178
22	29957	178
22	29958	180
22	29959	180
22	29960	179
22	29961	175
22	29962	179
22	29963	183
22	29964	183
22	29965	183
22	29966	183
22	29967	182
22	29968	182
22	29969	182
22	29970	182
22	29971	184
22	29972	184
22	29973	188
22	29974	187
22	29975	184
22	29976	183
22	29977	183
22	29978	185
22	29979	184
22	29980	183
22	29981	180
22	29982	176
22	29983	186
22	29984	185
22	29985	185
22	29986	191
22	29987	185
22	29988	187
22	29989	184
22	29990	180
22	29991	174
22	29992	170
22	29993	170
22	29994	171
22	29995	171
22	29996	171
22	29997	164
22	29998	164
22	29999	163
22	30000	163
22	30001	164
22	30002	164
22	30003	164
22	30004	165
22	30005	165
22	30006	165
22	30007	171
22	30008	170
22	30009	171
22	30010	172
22	30011	172
22	30012	170
22	30013	170
22	30014	170
22	30015	170
22	30016	170
22	30017	170
22	30018	165
22	30019	172
22	30020	172
22	30021	175
22	30022	174
22	30023	171
22	30024	170
22	30025	169
22	30026	169
22	30027	169
22	30028	166
22	30029	165
22	30030	166
22	30031	167
22	30032	167
22	30033	167
22	30034	167
22	30035	168
22	30036	167
22	30037	167
22	30038	168
22	30039	165
22	30040	165
22	30041	163
22	30042	162
22	30043	162
22	30044	157
22	30045	161
22	30046	160
22	30047	160
22	30048	160
22	30049	168
22	30050	168
22	30051	169
22	30052	170
22	30053	170
22	30054	172
22	30055	172
22	30056	172
22	30057	169
22	30058	161
22	30059	155
22	30060	151
22	30061	148
22	30062	147
22	30063	146
22	30064	147
22	30065	147
22	30066	147
22	30067	147
22	30068	147
22	30069	145
22	30070	145
22	30071	141
22	30072	143
22	30073	141
22	30074	140
22	30075	141
22	30076	140
22	30077	142
22	30078	144
22	30079	145
22	30080	143
22	30081	144
22	30082	144
22	30083	144
22	30084	146
22	30085	144
22	30086	147
22	30087	148
22	30088	146
22	30089	146
22	30090	147
22	30091	149
22	30092	149
22	30093	150
22	30094	153
22	30095	154
22	30096	156
22	30097	157
22	30098	157
22	30099	157
22	30100	156
22	30101	164
22	30102	166
22	30103	170
22	30104	176
22	30105	176
22	30106	176
22	30107	177
22	30108	175
22	30109	175
22	30110	173
22	30111	170
22	30112	171
22	30113	169
22	30114	169
22	30115	168
22	30116	168
22	30117	169
22	30118	170
22	30119	172
22	30120	173
22	30121	170
22	30122	170
22	30123	166
22	30124	164
22	30125	164
22	30126	165
22	30127	163
22	30128	164
22	30129	165
22	30130	166
22	30131	167
22	30132	157
22	30133	160
22	30134	160
22	30135	160
22	30136	155
22	30137	152
22	30138	150
22	30139	151
22	30140	158
22	30141	158
22	30142	159
22	30143	159
22	30144	159
22	30145	160
22	30146	161
22	30147	160
22	30148	162
22	30149	163
22	30150	165
22	30151	165
22	30152	166
22	30153	165
22	30154	165
22	30155	164
22	30156	165
22	30157	159
22	30158	159
22	30159	165
22	30160	165
22	30161	165
22	30162	165
22	30163	165
22	30164	165
22	30165	165
22	30166	164
22	30167	163
22	30168	154
22	30169	156
22	30170	155
22	30171	152
22	30172	152
22	30173	152
22	30174	153
22	30175	154
22	30176	153
22	30177	156
22	30178	155
22	30179	152
22	30180	150
22	30181	153
22	30182	154
22	30183	153
22	30184	159
22	30185	163
22	30186	163
22	30187	163
22	30188	162
22	30189	162
22	30190	163
22	30191	165
22	30192	168
22	30193	165
22	30194	161
22	30195	161
22	30196	161
22	30197	161
22	30198	154
22	30199	152
22	30200	152
22	30201	151
22	30202	151
22	30203	151
22	30204	149
22	30205	151
22	30206	152
22	30207	154
22	30208	156
22	30209	156
22	30210	156
22	30211	156
22	30212	157
22	30213	157
22	30214	156
22	30215	156
22	30216	156
22	30217	156
22	30218	164
22	30219	167
22	30220	167
22	30221	168
22	30222	169
22	30223	170
22	30224	175
22	30225	174
22	30226	176
22	30227	166
22	30228	166
22	30229	167
22	30230	167
22	30231	169
22	30232	167
22	30233	167
22	30234	165
22	30235	160
22	30236	160
22	30237	159
22	30238	160
22	30239	162
22	30240	160
22	30241	158
22	30242	158
22	30243	157
22	30244	159
22	30245	158
22	30246	156
22	30247	155
22	30248	155
22	30249	156
22	30250	148
22	30251	147
22	30252	146
22	30253	136
22	30254	134
22	30255	136
22	30256	136
22	30257	135
22	30258	134
22	30259	135
22	30260	138
22	30261	137
22	30262	136
22	30263	137
22	30264	137
22	30265	136
22	30266	135
22	30267	134
22	30268	136
22	30269	136
22	30270	137
22	30271	143
22	30272	145
22	30273	145
22	30274	145
22	30275	145
22	30276	144
22	30277	144
22	30278	144
22	30279	148
22	30280	147
22	30281	149
22	30282	149
22	30283	146
22	30284	146
22	30285	146
22	30286	149
22	30287	149
22	30288	148
22	30289	148
22	30290	140
22	30291	142
22	30292	142
22	30293	143
22	30294	144
22	30295	145
22	30296	146
22	30297	146
22	30298	144
22	30299	143
22	30300	141
22	30301	142
22	30302	141
22	30303	141
22	30304	141
22	30305	142
22	30306	147
22	30307	147
22	30308	147
22	30309	141
22	30310	142
22	30311	143
22	30312	143
22	30313	143
22	30314	142
22	30315	145
22	30316	146
22	30317	146
22	30318	145
22	30319	143
22	30320	143
22	30321	146
22	30322	146
22	30323	146
22	30324	150
22	30325	148
22	30326	151
22	30327	151
22	30328	150
22	30329	151
22	30330	151
22	30331	153
22	30332	146
22	30333	146
22	30334	144
22	30335	143
22	30336	142
22	30337	142
22	30338	141
22	30339	142
22	30340	140
22	30341	140
22	30342	140
22	30343	140
22	30344	140
22	30345	143
22	30346	144
22	30347	147
22	30348	148
22	30349	157
22	30350	156
22	30351	156
22	30352	156
22	30353	156
22	30354	160
22	30355	158
22	30356	155
22	30357	154
22	30358	154
22	30359	157
22	30360	158
22	30361	158
22	30362	157
22	30363	162
22	30364	163
22	30365	175
22	30366	175
22	30367	167
22	30368	170
22	30369	168
22	30370	173
22	30371	173
22	30372	170
22	30373	170
22	30374	165
22	30375	166
22	30376	166
22	30377	166
22	30378	166
22	30379	164
22	30380	164
22	30381	165
22	30382	165
22	30383	165
22	30384	165
22	30385	164
22	30386	165
22	30387	166
22	30388	167
22	30389	172
22	30390	171
22	30391	172
22	30392	171
22	30393	170
22	30394	166
22	30395	165
22	30396	165
22	30397	165
22	30398	167
22	30399	167
22	30400	168
22	30401	169
22	30402	170
22	30403	170
22	30404	175
22	30405	172
22	30406	172
22	30407	172
22	30408	171
22	30409	170
22	30410	169
22	30411	169
22	30412	168
22	30413	167
22	30414	167
22	30415	167
22	30416	168
22	30417	167
22	30418	167
22	30419	167
22	30420	171
22	30421	166
22	30422	170
22	30423	170
22	30424	172
22	30425	173
22	30426	174
22	30427	174
22	30428	173
22	30429	169
22	30430	168
22	30431	170
22	30432	170
22	30433	171
22	30434	171
22	30435	174
22	30436	172
22	30437	172
22	30438	172
22	30439	172
22	30440	172
22	30441	171
22	30442	170
22	30443	170
22	30444	169
22	30445	168
22	30446	172
22	30447	172
22	30448	172
22	30449	172
22	30450	172
22	30451	171
22	30452	171
22	30453	173
22	30454	173
22	30455	167
22	30456	167
22	30457	170
22	30458	170
22	30459	168
22	30460	168
22	30461	167
22	30462	169
22	30463	169
22	30464	170
22	30465	177
22	30466	177
22	30467	177
22	30468	175
22	30469	174
22	30470	174
22	30471	174
22	30472	173
22	30473	173
22	30474	168
22	30475	168
22	30476	171
22	30477	171
22	30478	172
22	30479	170
22	30480	167
22	30481	165
22	30482	165
22	30483	165
22	30484	166
22	30485	166
22	30486	167
22	30487	167
22	30488	168
22	30489	186
22	30490	185
22	30491	183
22	30492	183
22	30493	188
22	30494	193
22	30495	197
22	30496	196
22	30497	192
22	30498	186
22	30499	186
22	30500	187
22	30501	186
22	30502	186
22	30503	181
22	30504	181
22	30505	183
22	30506	183
22	30507	182
22	30508	181
22	30509	182
22	30510	180
22	30511	180
22	30512	179
22	30513	176
22	30514	166
22	30515	166
22	30516	167
22	30517	167
22	30518	161
22	30519	161
22	30520	164
22	30521	164
22	30522	165
22	30523	166
22	30524	166
22	30525	164
22	30526	163
22	30527	163
22	30528	164
22	30529	164
22	30530	165
22	30531	163
22	30532	163
22	30533	163
22	30534	163
22	30535	162
22	30536	161
22	30537	158
22	30538	158
22	30539	155
22	30540	155
22	30541	155
22	30542	155
22	30543	159
22	30544	160
22	30545	165
22	30546	165
22	30547	164
22	30548	164
22	30549	164
22	30550	163
22	30551	163
22	30552	160
22	30553	162
22	30554	157
22	30555	157
22	30556	157
22	30557	158
22	30558	158
22	30559	158
22	30560	163
22	30561	163
22	30562	163
22	30563	163
22	30564	165
22	30565	167
22	30566	168
22	30567	173
22	30568	173
22	30569	171
22	30570	171
22	30571	174
22	30572	169
22	30573	170
22	30574	170
22	30575	169
22	30576	169
22	30577	170
22	30578	170
22	30579	169
22	30580	169
22	30581	170
22	30582	172
22	30583	172
22	30584	170
22	30585	169
22	30586	169
22	30587	167
22	30588	166
22	30589	166
22	30590	164
22	30591	164
22	30592	163
22	30593	163
22	30594	162
22	30595	162
22	30596	160
22	30597	159
22	30598	159
22	30599	159
22	30600	159
22	30601	162
22	30602	162
22	30603	160
22	30604	160
22	30605	158
22	30606	161
22	30607	162
22	30608	162
22	30609	163
22	30610	163
22	30611	169
22	30612	167
22	30613	168
22	30614	161
22	30615	161
22	30616	168
22	30617	169
22	30618	168
22	30619	168
22	30620	168
22	30621	170
22	30622	170
22	30623	169
22	30624	170
22	30625	166
22	30626	167
22	30627	170
22	30628	169
22	30629	167
22	30630	168
22	30631	168
22	30632	170
22	30633	171
22	30634	171
22	30635	175
22	30636	175
22	30637	173
22	30638	172
22	30639	159
22	30640	161
22	30641	161
22	30642	161
22	30643	155
22	30644	146
22	30645	146
22	30646	146
22	30647	146
22	30648	141
22	30649	143
22	30650	143
22	30651	144
22	30652	145
22	30653	147
22	30654	148
22	30655	146
22	30656	146
22	30657	146
22	30658	146
22	30659	146
22	30660	146
22	30661	147
22	30662	146
22	30663	145
22	30664	145
22	30665	146
22	30666	145
22	30667	145
22	30668	144
22	30669	146
22	30670	148
22	30671	147
22	30672	150
22	30673	150
22	30674	152
22	30675	153
22	30676	157
22	30677	156
22	30678	153
22	30679	158
22	30680	157
22	30681	157
22	30682	163
22	30683	163
22	30684	162
22	30685	163
22	30686	169
22	30687	169
22	30688	167
22	30689	168
22	30690	168
22	30691	168
22	30692	163
22	30693	164
22	30694	163
22	30695	158
22	30696	160
22	30697	161
22	30698	159
22	30699	160
22	30700	163
22	30701	166
22	30702	167
22	30703	167
22	30704	167
22	30705	168
22	30706	168
22	30707	169
22	30708	171
22	30709	173
22	30710	167
22	30711	167
22	30712	167
22	30713	167
22	30714	164
22	30715	162
22	30716	158
22	30717	152
22	30718	150
22	30719	146
22	30720	147
22	30721	142
22	30722	141
22	30723	141
22	30724	141
22	30725	145
22	30726	146
22	30727	147
22	30728	151
22	30729	151
22	30730	149
22	30731	148
22	30732	147
22	30733	147
22	30734	148
22	30735	148
22	30736	149
22	30737	149
22	30738	148
22	30739	148
22	30740	150
22	30741	150
22	30742	150
22	30743	150
22	30744	150
22	30745	164
22	30746	164
22	30747	165
22	30748	165
22	30749	167
22	30750	169
22	30751	166
22	30752	170
22	30753	173
22	30754	173
22	30755	172
22	30756	169
22	30757	171
22	30758	169
22	30759	170
22	30760	172
22	30761	165
22	30762	164
22	30763	164
22	30764	164
22	30765	158
22	30766	156
22	30767	156
22	30768	158
22	30769	158
22	30770	158
22	30771	154
22	30772	156
22	30773	160
22	30774	162
22	30775	162
22	30776	162
22	30777	159
22	30778	159
22	30779	159
22	30780	158
22	30781	157
22	30782	156
22	30783	155
22	30784	153
22	30785	153
22	30786	153
22	30787	153
22	30788	153
22	30789	150
22	30790	148
22	30791	148
22	30792	148
22	30793	148
22	30794	147
22	30795	147
22	30796	148
22	30797	145
22	30798	145
22	30799	145
22	30800	145
22	30801	145
22	30802	144
22	30803	145
22	30804	144
22	30805	143
22	30806	144
22	30807	144
22	30808	142
22	30809	142
22	30810	142
22	30811	141
22	30812	141
22	30813	141
22	30814	141
22	30815	140
22	30816	138
22	30817	140
22	30818	140
22	30819	139
22	30820	135
22	30821	133
22	30822	130
22	30823	130
22	30824	129
22	30825	126
22	30826	125
22	30827	126
22	30828	126
22	30829	123
22	30830	123
22	30831	117
22	30832	116
22	30833	111
22	30834	111
22	30835	108
22	30836	108
22	30837	109
22	30838	109
22	30839	109
22	30840	109
22	30841	109
22	30842	109
22	30843	109
22	30844	109
22	30845	108
22	30846	108
22	30847	108
22	30848	108
22	30849	106
22	30850	103
22	30851	101
22	30852	100
22	30853	99
22	30854	99
22	30855	98
22	30856	98
22	30857	95
22	30858	98
22	30859	96
22	30860	97
22	30861	97
22	30862	97
22	30863	98
22	30864	98
22	30865	98
22	30866	98
22	30867	98
22	30868	98
22	30869	96
22	30870	96
22	30871	96
22	30872	96
22	30873	94
22	30874	92
22	30875	92
22	30876	91
22	30877	88
22	30878	85
22	30879	85
22	30880	83
22	30881	85
22	30882	85
22	30883	86
22	30884	86
22	30885	85
22	30886	85
22	30887	85
22	30888	88
22	30889	88
22	30890	88
22	30891	81
22	30892	81
22	30893	74
22	30894	74
22	30895	71
22	30896	71
22	30897	70
22	30898	72
22	30899	70
22	30900	69
22	30901	68
22	30902	65
22	30903	63
22	30904	63
22	30905	63
22	30906	63
22	30907	61
22	30908	61
22	30909	60
22	30910	58
22	30911	58
22	30912	58
22	30913	58
22	30914	58
22	30915	63
22	30916	63
22	30917	63
22	30918	61
22	30919	61
22	30920	61
22	30921	61
22	30922	55
22	30923	56
22	30924	56
22	30925	55
22	30926	56
22	30927	56
22	30928	57
22	30929	57
22	30930	56
22	30931	56
22	30932	56
22	30933	55
22	30934	55
22	30935	51
22	30936	51
22	30937	51
22	30938	53
22	30939	54
22	30940	56
22	30941	57
22	30942	57
22	30943	57
22	30944	57
22	30945	55
22	30946	55
22	30947	55
22	30948	54
22	30949	53
22	30950	50
22	30951	51
22	30952	51
22	30953	51
22	30954	51
22	30955	51
22	30956	51
22	30957	51
22	30958	51
22	30959	51
22	30960	52
22	30961	52
22	30962	52
22	30963	52
22	30964	52
22	30965	51
22	30966	48
22	30967	49
22	30968	49
22	30969	49
22	30970	49
22	30971	49
22	30972	50
22	30973	49
22	30974	48
22	30975	47
22	30976	47
22	30977	49
22	30978	49
22	30979	49
22	30980	54
22	30981	56
22	30982	56
22	30983	55
22	30984	55
22	30985	55
22	30986	55
22	30987	54
22	30988	54
22	30989	54
22	30990	54
22	30991	53
22	30992	54
22	30993	55
22	30994	52
22	30995	52
22	30996	52
22	30997	52
22	30998	52
22	30999	51
22	31000	52
22	31001	52
22	31002	52
22	31003	52
22	31004	54
22	31005	53
22	31006	53
22	31007	52
22	31008	52
22	31009	52
22	31010	52
22	31011	52
22	31012	51
22	31013	51
22	31014	51
22	31015	51
22	31016	51
22	31017	51
22	31018	50
22	31019	50
22	31020	50
22	31021	50
22	31022	50
22	31023	50
22	31024	50
22	31025	50
22	31026	50
22	31027	50
22	31028	56
22	31029	56
22	31030	56
22	31031	56
22	31032	56
22	31033	57
22	31034	56
22	31035	56
22	31036	56
22	31037	52
22	31038	52
22	31039	52
22	31040	52
22	31041	51
22	31042	51
22	31043	50
22	31044	51
22	31045	49
22	31046	49
22	31047	49
22	31048	49
22	31049	49
22	31050	49
22	31051	49
22	31052	49
22	31053	50
22	31054	50
22	31055	50
22	31056	49
22	31057	49
22	31058	49
22	31059	49
22	31060	49
22	31061	49
22	31062	45
22	31063	45
22	31064	44
22	31065	44
22	31066	44
22	31067	48
22	31068	48
22	31069	58
22	31070	59
22	31071	59
22	31072	57
22	31073	55
22	31074	58
22	31075	55
22	31076	55
22	31077	55
22	31078	55
22	31079	58
22	31080	58
22	31081	62
22	31082	63
22	31083	63
22	31084	63
22	31085	63
22	31086	63
22	31087	63
22	31088	64
22	31089	62
22	31090	62
22	31091	62
22	31092	62
22	31093	63
22	31094	63
22	31095	63
22	31096	63
22	31097	64
22	31098	65
22	31099	63
22	31100	64
22	31101	64
22	31102	64
22	31103	64
22	31104	64
22	31105	64
22	31106	65
22	31107	68
22	31108	74
22	31109	74
22	31110	77
22	31111	77
22	31112	77
22	31113	77
22	31114	78
22	31115	78
22	31116	78
22	31117	83
22	31118	83
22	31119	87
22	31120	86
22	31121	85
22	31122	82
22	31123	82
22	31124	82
22	31125	73
22	31126	73
22	31127	75
22	31128	75
22	31129	77
22	31130	77
22	31131	77
22	31132	78
22	31133	78
22	31134	78
22	31135	84
22	31136	84
22	31137	84
22	31138	84
22	31139	88
22	31140	90
22	31141	90
22	31142	89
22	31143	89
22	31144	85
22	31145	93
22	31146	97
22	31147	98
22	31148	98
22	31149	98
22	31150	99
22	31151	99
22	31152	101
22	31153	101
22	31154	101
22	31155	100
22	31156	102
22	31157	103
22	31158	105
22	31159	105
22	31160	105
22	31161	106
22	31162	106
22	31163	106
22	31164	107
22	31165	107
22	31166	109
22	31167	109
22	31168	109
22	31169	109
22	31170	109
22	31171	106
22	31172	108
22	31173	111
22	31174	111
22	31175	116
22	31176	117
22	31177	120
22	31178	120
22	31179	120
22	31180	120
22	31181	121
22	31182	122
22	31183	123
22	31184	123
22	31185	125
22	31186	125
22	31187	126
22	31188	126
22	31189	126
22	31190	131
22	31191	131
22	31192	132
22	31193	134
22	31194	138
22	31195	138
22	31196	138
22	31197	138
22	31198	141
22	31199	144
22	31200	144
22	31201	144
22	31202	145
22	31203	145
22	31204	145
22	31205	145
22	31206	146
22	31207	146
22	31208	146
22	31209	148
22	31210	148
22	31211	148
22	31212	148
22	31213	153
22	31214	153
22	31215	153
22	31216	153
22	31217	152
22	31218	142
22	31219	142
22	31220	142
22	31221	142
22	31222	142
22	31223	138
22	31224	139
22	31225	140
22	31226	141
22	31227	141
22	31228	141
22	31229	144
22	31230	143
22	31231	140
22	31232	142
22	31233	142
22	31234	145
22	31235	148
22	31236	153
22	31237	153
22	31238	153
22	31239	155
22	31240	153
22	31241	155
22	31242	154
22	31243	154
22	31244	156
22	31245	157
22	31246	168
22	31247	169
22	31248	167
22	31249	171
22	31250	169
22	31251	169
22	31252	169
22	31253	171
22	31254	173
22	31255	170
22	31256	172
22	31257	171
22	31258	170
22	31259	169
22	31260	166
22	31261	171
22	31262	172
22	31263	175
22	31264	175
22	31265	176
22	31266	171
22	31267	170
22	31268	170
22	31269	167
22	31270	167
22	31271	168
22	31272	167
22	31273	168
22	31274	168
22	31275	168
22	31276	168
22	31277	166
22	31278	165
22	31279	164
22	31280	164
22	31281	164
22	31282	165
22	31283	170
22	31284	164
22	31285	162
22	31286	166
22	31287	166
22	31288	162
22	31289	163
22	31290	163
22	31291	165
22	31292	165
22	31293	165
22	31294	159
22	31295	155
22	31296	153
22	31297	152
22	31298	153
22	31299	156
22	31300	155
22	31301	156
22	31302	154
22	31303	154
22	31304	156
22	31305	158
22	31306	160
22	31307	160
22	31308	158
22	31309	158
22	31310	159
22	31311	164
22	31312	172
22	31313	174
22	31314	174
22	31315	172
22	31316	172
22	31317	176
22	31318	176
22	31319	176
22	31320	176
22	31321	182
22	31322	186
22	31323	185
22	31324	185
22	31325	182
22	31326	182
22	31327	182
22	31328	182
22	31329	182
22	31330	184
22	31331	185
22	31332	188
22	31333	186
22	31334	188
22	31335	187
22	31336	187
22	31337	187
22	31338	186
22	31339	184
22	31340	184
22	31341	187
22	31342	196
22	31343	190
22	31344	190
22	31345	190
22	31346	190
22	31347	190
22	31348	188
22	31349	186
22	31350	186
22	31351	185
22	31352	185
22	31353	188
22	31354	188
22	31355	190
22	31356	190
22	31357	189
22	31358	190
22	31359	188
22	31360	190
22	31361	191
22	31362	189
22	31363	193
22	31364	193
22	31365	193
22	31366	193
22	31367	193
22	31368	193
22	31369	194
22	31370	197
22	31371	197
22	31372	197
22	31373	196
22	31374	195
22	31375	194
22	31376	194
22	31377	194
22	31378	194
22	31379	191
22	31380	192
22	31381	197
22	31382	197
22	31383	198
22	31384	193
22	31385	193
22	31386	189
22	31387	189
22	31388	190
22	31389	189
22	31390	186
22	31391	187
22	31392	187
22	31393	187
22	31394	185
22	31395	174
22	31396	174
22	31397	170
22	31398	170
22	31399	174
22	31400	176
22	31401	178
22	31402	194
22	31403	193
22	31404	191
22	31405	189
22	31406	188
22	31407	187
22	31408	185
22	31409	185
22	31410	180
22	31411	181
22	31412	181
22	31413	178
22	31414	177
22	31415	177
22	31416	178
22	31417	181
22	31418	185
22	31419	184
22	31420	184
22	31421	185
22	31422	186
22	31423	196
22	31424	199
22	31425	199
22	31426	199
22	31427	199
22	31428	199
22	31429	207
22	31430	205
22	31431	201
22	31432	202
22	31433	200
22	31434	200
22	31435	199
22	31436	198
22	31437	197
22	31438	197
22	31439	196
22	31440	196
22	31441	194
22	31442	194
22	31443	193
22	31444	193
22	31445	196
22	31446	197
22	31447	198
22	31448	195
22	31449	195
22	31450	196
22	31451	196
22	31452	200
22	31453	198
22	31454	199
22	31455	198
22	31456	196
22	31457	196
22	31458	200
22	31459	200
22	31460	200
22	31461	194
22	31462	193
22	31463	204
22	31464	203
22	31465	201
22	31466	200
22	31467	195
22	31468	196
22	31469	196
22	31470	194
22	31471	187
22	31472	184
22	31473	182
22	31474	182
22	31475	181
22	31476	179
22	31477	180
22	31478	180
22	31479	181
22	31480	177
22	31481	177
22	31482	178
22	31483	182
22	31484	181
22	31485	179
22	31486	179
22	31487	178
22	31488	180
22	31489	180
22	31490	179
22	31491	169
22	31492	167
22	31493	167
22	31494	171
22	31495	174
22	31496	178
22	31497	178
22	31498	176
22	31499	179
22	31500	180
22	31501	178
22	31502	177
22	31503	177
22	31504	180
22	31505	178
22	31506	178
22	31507	180
22	31508	179
22	31509	178
22	31510	178
22	31511	177
22	31512	175
22	31513	170
22	31514	169
22	31515	171
22	31516	171
22	31517	171
22	31518	172
22	31519	168
22	31520	168
22	31521	169
22	31522	170
22	31523	171
22	31524	171
22	31525	171
22	31526	172
22	31527	171
22	31528	171
22	31529	172
22	31530	170
22	31531	166
22	31532	164
22	31533	164
22	31534	165
22	31535	165
22	31536	164
22	31537	164
22	31538	164
22	31539	163
22	31540	163
22	31541	162
22	31542	162
22	31543	168
22	31544	171
22	31545	175
22	31546	176
22	31547	174
22	31548	174
22	31549	171
22	31550	169
22	31551	167
22	31552	151
22	31553	152
22	31554	152
22	31555	151
22	31556	151
22	31557	153
22	31558	152
22	31559	153
22	31560	153
22	31561	154
22	31562	154
22	31563	154
22	31564	157
22	31565	155
22	31566	153
22	31567	156
22	31568	152
22	31569	153
22	31570	152
22	31571	152
22	31572	154
22	31573	145
22	31574	142
22	31575	143
22	31576	143
22	31577	142
22	31578	141
22	31579	134
22	31580	135
22	31581	138
22	31582	138
22	31583	138
22	31584	139
22	31585	141
22	31586	144
22	31587	144
22	31588	146
22	31589	147
22	31590	148
22	31591	152
22	31592	152
22	31593	152
22	31594	149
22	31595	146
22	31596	148
22	31597	146
22	31598	151
22	31599	152
22	31600	150
22	31601	150
22	31602	148
22	31603	155
22	31604	152
22	31605	153
22	31606	152
22	31607	149
22	31608	148
22	31609	150
22	31610	151
22	31611	149
22	31612	134
22	31613	132
22	31614	132
22	31615	132
22	31616	133
22	31617	131
22	31618	134
22	31619	134
22	31620	134
22	31621	136
22	31622	137
22	31623	137
22	31624	141
22	31625	140
22	31626	138
22	31627	138
22	31628	139
22	31629	140
22	31630	138
22	31631	137
22	31632	139
22	31633	135
22	31634	136
22	31635	135
22	31636	135
22	31637	137
22	31638	139
22	31639	143
22	31640	142
22	31641	146
22	31642	146
22	31643	147
22	31644	142
22	31645	140
22	31646	136
22	31647	136
22	31648	139
22	31649	136
22	31650	136
22	31651	136
22	31652	137
22	31653	138
22	31654	136
22	31655	139
22	31656	140
22	31657	140
22	31658	140
22	31659	143
22	31660	143
22	31661	146
22	31662	148
22	31663	148
22	31664	146
22	31665	148
22	31666	148
22	31667	148
22	31668	153
22	31669	156
22	31670	159
22	31671	159
22	31672	153
22	31673	158
22	31674	156
22	31675	156
22	31676	155
22	31677	158
22	31678	158
22	31679	157
22	31680	158
22	31681	158
22	31682	158
22	31683	159
22	31684	159
22	31685	159
22	31686	159
22	31687	160
22	31688	161
22	31689	162
22	31690	162
22	31691	162
22	31692	161
22	31693	157
22	31694	150
22	31695	149
22	31696	149
22	31697	149
22	31698	153
22	31699	152
22	31700	152
22	31701	152
22	31702	152
22	31703	150
22	31704	150
22	31705	150
22	31706	150
22	31707	149
22	31708	153
22	31709	153
22	31710	156
22	31711	154
22	31712	156
22	31713	154
22	31714	154
22	31715	154
22	31716	155
22	31717	150
22	31718	148
22	31719	148
22	31720	149
22	31721	149
22	31722	146
22	31723	149
22	31724	147
22	31725	147
22	31726	149
22	31727	149
22	31728	148
22	31729	148
22	31730	149
22	31731	145
22	31732	146
22	31733	145
22	31734	145
22	31735	143
22	31736	146
22	31737	146
22	31738	144
22	31739	144
22	31740	144
22	31741	145
22	31742	145
22	31743	146
22	31744	155
22	31745	153
22	31746	152
22	31747	153
22	31748	155
22	31749	154
22	31750	154
22	31751	155
22	31752	152
22	31753	152
22	31754	152
22	31755	151
22	31756	150
22	31757	152
22	31758	154
22	31759	152
22	31760	155
22	31761	153
22	31762	153
22	31763	153
22	31764	153
22	31765	153
22	31766	151
22	31767	151
22	31768	150
22	31769	149
22	31770	150
22	31771	152
22	31772	152
22	31773	153
22	31774	150
22	31775	151
22	31776	151
22	31777	151
22	31778	149
22	31779	150
22	31780	148
22	31781	149
22	31782	147
22	31783	147
22	31784	146
22	31785	146
22	31786	147
22	31787	146
22	31788	138
22	31789	145
22	31790	153
22	31791	153
22	31792	153
22	31793	152
22	31794	152
22	31795	151
22	31796	151
22	31797	151
22	31798	147
22	31799	151
22	31800	151
22	31801	154
22	31802	152
22	31803	153
22	31804	151
22	31805	152
22	31806	154
22	31807	156
22	31808	154
22	31809	162
22	31810	163
22	31811	168
22	31812	166
22	31813	168
22	31814	170
22	31815	169
22	31816	170
22	31817	170
22	31818	165
22	31819	167
22	31820	164
22	31821	164
22	31822	163
22	31823	163
22	31824	169
22	31825	173
22	31826	174
22	31827	171
22	31828	171
22	31829	170
22	31830	171
22	31831	171
22	31832	171
22	31833	170
22	31834	171
22	31835	174
22	31836	174
22	31837	174
22	31838	172
22	31839	172
22	31840	173
22	31841	174
22	31842	173
22	31843	174
22	31844	175
22	31845	176
22	31846	175
22	31847	174
22	31848	171
22	31849	171
22	31850	171
22	31851	172
22	31852	173
22	31853	173
22	31854	173
22	31855	174
22	31856	174
22	31857	174
22	31858	172
22	31859	170
22	31860	169
22	31861	169
22	31862	167
22	31863	166
22	31864	167
22	31865	167
22	31866	167
22	31867	167
22	31868	167
22	31869	167
22	31870	166
22	31871	167
22	31872	163
22	31873	163
22	31874	161
22	31875	160
22	31876	161
22	31877	162
22	31878	162
22	31879	162
22	31880	160
22	31881	160
22	31882	162
22	31883	167
22	31884	167
22	31885	164
22	31886	168
22	31887	168
22	31888	168
22	31889	167
22	31890	163
22	31891	163
22	31892	163
22	31893	162
22	31894	159
22	31895	157
22	31896	157
22	31897	156
22	31898	154
22	31899	155
22	31900	153
22	31901	155
22	31902	155
22	31903	155
22	31904	155
22	31905	156
22	31906	157
22	31907	158
22	31908	156
22	31909	156
22	31910	153
22	31911	153
22	31912	154
22	31913	154
22	31914	154
22	31915	155
22	31916	163
22	31917	163
22	31918	163
22	31919	163
22	31920	163
22	31921	161
22	31922	160
22	31923	161
22	31924	161
22	31925	160
22	31926	162
22	31927	163
22	31928	167
22	31929	167
22	31930	167
22	31931	167
22	31932	168
22	31933	168
22	31934	167
22	31935	166
22	31936	162
22	31937	161
22	31938	160
22	31939	152
22	31940	152
22	31941	149
22	31942	160
22	31943	161
22	31944	161
22	31945	162
22	31946	164
22	31947	161
22	31948	163
22	31949	168
22	31950	164
22	31951	163
22	31952	163
22	31953	162
22	31954	162
22	31955	159
22	31956	159
22	31957	157
22	31958	155
22	31959	147
22	31960	141
22	31961	142
22	31962	142
22	31963	156
22	31964	157
22	31965	155
22	31966	155
22	31967	154
22	31968	152
22	31969	152
22	31970	152
22	31971	152
22	31972	148
22	31973	149
22	31974	150
22	31975	147
22	31976	146
22	31977	152
22	31978	151
22	31979	150
22	31980	149
22	31981	149
22	31982	153
22	31983	153
22	31984	153
22	31985	151
22	31986	149
22	31987	149
22	31988	149
22	31989	148
22	31990	149
22	31991	148
22	31992	148
22	31993	148
22	31994	148
22	31995	132
22	31996	132
22	31997	135
22	31998	137
22	31999	137
22	32000	142
22	32001	146
22	32002	147
22	32003	150
22	32004	150
22	32005	150
22	32006	150
22	32007	151
22	32008	153
22	32009	154
22	32010	155
22	32011	158
22	32012	157
22	32013	158
22	32014	158
22	32015	158
22	32016	158
22	32017	162
22	32018	159
22	32019	161
22	32020	161
22	32021	162
22	32022	166
22	32023	166
22	32024	167
22	32025	168
22	32026	165
22	32027	165
22	32028	165
22	32029	164
22	32030	160
22	32031	161
22	32032	158
22	32033	156
22	32034	156
22	32035	153
22	32036	152
22	32037	152
22	32038	151
22	32039	150
22	32040	150
22	32041	147
22	32042	147
22	32043	147
22	32044	149
22	32045	163
22	32046	165
22	32047	170
22	32048	177
22	32049	185
22	32050	191
22	32051	190
22	32052	190
22	32053	190
22	32054	193
22	32055	192
22	32056	194
22	32057	190
22	32058	190
22	32059	192
22	32060	192
22	32061	192
22	32062	191
22	32063	191
22	32064	191
22	32065	189
22	32066	188
22	32067	188
22	32068	188
22	32069	187
22	32070	185
22	32071	187
22	32072	187
22	32073	187
22	32074	187
22	32075	186
22	32076	186
22	32077	182
22	32078	182
22	32079	184
22	32080	184
22	32081	184
22	32082	184
22	32083	185
22	32084	185
22	32085	185
22	32086	185
22	32087	186
22	32088	189
22	32089	189
22	32090	194
22	32091	191
22	32092	191
22	32093	193
22	32094	195
22	32095	206
22	32096	210
22	32097	210
22	32098	213
22	32099	212
22	32100	213
22	32101	218
22	32102	218
22	32103	218
22	32104	214
22	32105	218
22	32106	218
22	32107	223
22	32108	223
22	32109	222
22	32110	222
22	32111	219
22	32112	220
22	32113	221
22	32114	221
22	32115	221
22	32116	224
22	32117	223
22	32118	222
22	32119	223
22	32120	227
22	32121	228
22	32122	229
22	32123	234
22	32124	236
22	32125	243
22	32126	242
22	32127	239
22	32128	240
22	32129	242
22	32130	240
22	32131	243
22	32132	248
22	32133	247
22	32134	246
22	32135	246
22	32136	247
22	32137	248
22	32138	250
22	32139	248
22	32140	248
22	32141	249
22	32142	249
22	32143	248
22	32144	247
22	32145	247
22	32146	247
22	32147	246
22	32148	244
22	32149	240
22	32150	235
22	32151	235
22	32152	232
22	32153	232
22	32154	233
22	32155	233
22	32156	233
22	32157	231
22	32158	231
22	32159	231
22	32160	229
22	32161	227
22	32162	225
22	32163	225
22	32164	225
22	32165	225
22	32166	224
22	32167	220
22	32168	220
22	32169	219
22	32170	219
22	32171	215
22	32172	214
22	32173	215
22	32174	213
22	32175	212
22	32176	212
22	32177	212
22	32178	212
22	32179	212
22	32180	209
22	32181	209
22	32182	209
22	32183	208
22	32184	208
22	32185	209
22	32186	209
22	32187	218
22	32188	219
22	32189	218
22	32190	220
22	32191	221
22	32192	221
22	32193	221
22	32194	220
22	32195	194
22	32196	194
22	32197	188
22	32198	179
22	32199	169
22	32200	162
22	32201	162
22	32202	162
22	32203	161
22	32204	158
22	32205	150
22	32206	149
22	32207	149
22	32208	149
22	32209	150
22	32210	150
22	32211	150
22	32212	147
22	32213	148
22	32214	148
22	32215	149
22	32216	150
22	32217	151
22	32218	154
22	32219	154
22	32220	154
22	32221	150
22	32222	149
22	32223	149
22	32224	149
22	32225	149
22	32226	149
22	32227	150
22	32228	150
22	32229	150
22	32230	150
22	32231	150
22	32232	150
22	32233	151
22	32234	151
22	32235	152
22	32236	152
22	32237	152
22	32238	147
22	32239	147
22	32240	146
22	32241	146
22	32242	136
22	32243	135
22	32244	136
22	32245	132
22	32246	132
22	32247	131
22	32248	128
22	32249	127
22	32250	125
22	32251	120
22	32252	120
22	32253	120
22	32254	131
22	32255	128
22	32256	128
22	32257	127
22	32258	124
22	32259	124
22	32260	126
22	32261	125
22	32262	124
22	32263	124
22	32264	124
22	32265	124
22	32266	122
22	32267	125
22	32268	125
22	32269	122
22	32270	122
22	32271	122
22	32272	121
22	32273	117
22	32274	114
22	32275	106
22	32276	104
22	32277	104
22	32278	104
22	32279	106
22	32280	104
22	32281	110
22	32282	105
22	32283	105
22	32284	105
22	32285	105
22	32286	104
22	32287	104
22	32288	101
22	32289	101
22	32290	111
22	32291	111
22	32292	110
22	32293	110
22	32294	110
22	32295	110
22	32296	115
22	32297	114
22	32298	114
22	32299	114
22	32300	113
22	32301	111
22	32302	111
22	32303	111
22	32304	111
22	32305	111
22	32306	111
22	32307	100
22	32308	100
22	32309	100
22	32310	100
22	32311	100
22	32312	100
22	32313	100
22	32314	130
22	32315	130
22	32316	137
22	32317	137
22	32318	139
22	32319	139
22	32320	139
22	32321	139
22	32322	139
22	32323	138
22	32324	142
22	32325	144
22	32326	146
22	32327	147
22	32328	147
22	32329	151
22	32330	151
22	32331	151
22	32332	151
22	32333	148
22	32334	148
22	32335	147
22	32336	146
22	32337	135
22	32338	118
22	32339	118
22	32340	121
22	32341	121
22	32342	123
22	32343	123
22	32344	128
22	32345	128
22	32346	128
22	32347	128
22	32348	128
22	32349	128
22	32350	130
22	32351	131
22	32352	131
22	32353	131
22	32354	133
22	32355	131
22	32356	131
22	32357	131
22	32358	130
22	32359	130
22	32360	130
22	32361	130
22	32362	129
22	32363	130
22	32364	130
22	32365	127
22	32366	126
22	32367	124
22	32368	123
22	32369	124
22	32370	124
22	32371	123
22	32372	122
22	32373	122
22	32374	124
22	32375	123
22	32376	126
22	32377	125
22	32378	126
22	32379	128
22	32380	130
22	32381	131
22	32382	131
22	32383	129
22	32384	121
22	32385	122
22	32386	122
22	32387	124
22	32388	124
22	32389	124
22	32390	126
22	32391	126
22	32392	127
22	32393	127
22	32394	126
22	32395	126
22	32396	126
22	32397	124
22	32398	127
22	32399	127
22	32400	125
22	32401	128
22	32402	131
22	32403	131
22	32404	132
22	32405	135
22	32406	130
22	32407	132
22	32408	132
22	32409	138
22	32410	139
22	32411	139
22	32412	139
22	32413	139
22	32414	139
22	32415	140
22	32416	141
22	32417	141
22	32418	140
22	32419	140
22	32420	141
22	32421	142
22	32422	148
22	32423	149
22	32424	149
22	32425	152
22	32426	153
22	32427	155
22	32428	156
22	32429	155
22	32430	154
22	32431	147
22	32432	147
22	32433	146
22	32434	147
22	32435	146
22	32436	144
22	32437	144
22	32438	148
22	32439	144
22	32440	146
22	32441	148
22	32442	153
22	32443	153
22	32444	153
22	32445	154
22	32446	151
22	32447	154
22	32448	154
22	32449	156
22	32450	162
22	32451	162
22	32452	164
22	32453	164
22	32454	160
22	32455	169
22	32456	169
22	32457	180
22	32458	180
22	32459	183
22	32460	183
22	32461	177
22	32462	178
22	32463	177
22	32464	174
22	32465	174
22	32466	169
22	32467	180
22	32468	181
22	32469	184
22	32470	184
22	32471	190
22	32472	194
22	32473	195
22	32474	191
22	32475	190
22	32476	190
22	32477	189
22	32478	185
22	32479	186
22	32480	186
22	32481	189
22	32482	190
22	32483	191
22	32484	217
22	32485	218
22	32486	218
22	32487	218
22	32488	218
22	32489	218
22	32490	216
22	32491	217
22	32492	219
22	32493	221
22	32494	216
22	32495	220
22	32496	221
22	32497	221
22	32498	221
22	32499	221
22	32500	222
22	32501	220
22	32502	220
22	32503	218
22	32504	215
22	32505	215
22	32506	215
22	32507	215
22	32508	220
22	32509	220
22	32510	223
22	32511	226
22	32512	227
22	32513	227
22	32514	227
22	32515	227
22	32516	227
22	32517	229
22	32518	229
22	32519	227
22	32520	229
22	32521	231
22	32522	231
22	32523	231
22	32524	229
22	32525	229
22	32526	225
22	32527	228
22	32528	232
22	32529	229
22	32530	229
22	32531	230
22	32532	230
22	32533	230
22	32534	230
22	32535	229
22	32536	229
22	32537	227
22	32538	230
22	32539	235
22	32540	238
22	32541	239
22	32542	243
22	32543	244
22	32544	244
22	32545	246
22	32546	252
22	32547	250
22	32548	248
22	32549	247
22	32550	246
22	32551	246
22	32552	243
22	32553	247
22	32554	267
22	32555	264
22	32556	266
22	32557	267
22	32558	268
22	32559	262
22	32560	264
22	32561	266
22	32562	271
22	32563	270
22	32564	271
22	32565	274
22	32566	277
22	32567	276
22	32568	279
22	32569	280
22	32570	282
22	32571	283
22	32572	277
22	32573	278
22	32574	277
22	32575	275
22	32576	276
22	32577	276
22	32578	276
22	32579	281
22	32580	285
22	32581	286
22	32582	286
22	32583	290
22	32584	289
22	32585	289
22	32586	288
22	32587	289
22	32588	291
22	32589	292
22	32590	291
22	32591	289
22	32592	284
22	32593	283
22	32594	283
22	32595	283
22	32596	280
22	32597	279
22	32598	279
22	32599	277
22	32600	270
22	32601	268
22	32602	268
22	32603	268
22	32604	267
22	32605	267
22	32606	270
22	32607	257
22	32608	256
22	32609	256
22	32610	256
22	32611	257
22	32612	256
22	32613	258
22	32614	262
22	32615	263
22	32616	264
22	32617	249
22	32618	249
22	32619	252
22	32620	256
22	32621	256
22	32622	254
22	32623	254
22	32624	253
22	32625	252
22	32626	252
22	32627	252
22	32628	252
22	32629	261
22	32630	261
22	32631	261
22	32632	261
22	32633	260
22	32634	236
22	32635	236
22	32636	236
22	32637	236
22	32638	234
22	32639	235
22	32640	236
22	32641	236
22	32642	234
22	32643	232
22	32644	232
22	32645	230
22	32646	230
22	32647	232
22	32648	232
22	32649	230
22	32650	230
22	32651	230
22	32652	231
22	32653	231
22	32654	232
22	32655	232
22	32656	231
22	32657	231
22	32658	230
22	32659	230
22	32660	227
22	32661	224
22	32662	225
22	32663	224
22	32664	224
22	32665	225
22	32666	225
22	32667	224
22	32668	224
22	32669	227
22	32670	225
22	32671	223
22	32672	234
22	32673	235
22	32674	241
22	32675	241
22	32676	254
22	32677	253
22	32678	249
22	32679	249
22	32680	252
22	32681	251
22	32682	252
22	32683	252
22	32684	254
22	32685	255
22	32686	252
22	32687	251
22	32688	259
22	32689	255
22	32690	251
22	32691	254
22	32692	262
22	32693	265
22	32694	258
22	32695	253
22	32696	254
22	32697	251
22	32698	249
22	32699	255
22	32700	255
22	32701	253
22	32702	234
22	32703	231
22	32704	232
22	32705	230
22	32706	230
22	32707	229
22	32708	228
22	32709	223
22	32710	221
22	32711	218
22	32712	218
22	32713	217
22	32714	215
22	32715	211
22	32716	212
22	32717	215
22	32718	213
22	32719	215
22	32720	207
22	32721	211
22	32722	211
22	32723	209
22	32724	208
22	32725	214
22	32726	212
22	32727	214
22	32728	211
22	32729	211
22	32730	207
22	32731	206
22	32732	201
22	32733	201
22	32734	201
22	32735	202
22	32736	202
22	32737	201
22	32738	196
22	32739	195
22	32740	196
22	32741	196
22	32742	196
22	32743	199
22	32744	199
22	32745	201
22	32746	200
22	32747	203
22	32748	202
22	32749	200
22	32750	200
22	32751	200
22	32752	202
22	32753	202
22	32754	197
22	32755	196
22	32756	198
22	32757	193
22	32758	195
22	32759	195
22	32760	196
22	32761	195
22	32762	195
22	32763	188
22	32764	187
22	32765	187
22	32766	188
22	32767	189
22	32768	184
22	32769	181
22	32770	184
22	32771	178
22	32772	179
22	32773	179
22	32774	181
22	32775	181
22	32776	181
22	32777	184
22	32778	185
22	32779	183
22	32780	182
22	32781	180
22	32782	181
22	32783	181
22	32784	182
22	32785	182
22	32786	184
22	32787	184
22	32788	184
22	32789	185
22	32790	188
22	32791	187
22	32792	188
22	32793	188
22	32794	187
22	32795	189
22	32796	190
22	32797	193
22	32798	194
22	32799	194
22	32800	195
22	32801	194
22	32802	193
22	32803	192
22	32804	192
22	32805	192
22	32806	197
22	32807	195
22	32808	193
22	32809	197
22	32810	198
22	32811	196
22	32812	196
22	32813	200
22	32814	201
22	32815	200
22	32816	202
22	32817	205
22	32818	202
22	32819	202
22	32820	202
22	32821	204
22	32822	195
22	32823	188
22	32824	188
22	32825	187
22	32826	173
22	32827	173
22	32828	173
22	32829	171
22	32830	171
22	32831	172
22	32832	173
22	32833	172
22	32834	172
22	32835	171
22	32836	170
22	32837	171
22	32838	163
22	32839	163
22	32840	168
22	32841	151
22	32842	149
22	32843	150
22	32844	152
22	32845	153
22	32846	153
22	32847	153
22	32848	153
22	32849	145
22	32850	144
22	32851	143
22	32852	143
22	32853	144
22	32854	142
22	32855	142
22	32856	141
22	32857	141
22	32858	142
22	32859	142
22	32860	145
22	32861	146
22	32862	146
22	32863	147
22	32864	148
22	32865	147
22	32866	145
22	32867	144
22	32868	144
22	32869	142
22	32870	142
22	32871	142
22	32872	135
22	32873	135
22	32874	135
22	32875	135
22	32876	134
22	32877	130
22	32878	129
22	32879	129
22	32880	129
22	32881	129
22	32882	129
22	32883	129
22	32884	128
22	32885	130
22	32886	130
22	32887	130
22	32888	130
22	32889	128
22	32890	129
22	32891	128
22	32892	127
22	32893	128
22	32894	128
22	32895	126
22	32896	126
22	32897	125
22	32898	126
22	32899	126
22	32900	126
22	32901	125
22	32902	124
22	32903	123
22	32904	122
22	32905	121
22	32906	118
22	32907	119
22	32908	117
22	32909	117
22	32910	116
22	32911	116
22	32912	116
22	32913	116
22	32914	116
22	32915	116
22	32916	116
22	32917	116
22	32918	116
22	32919	116
22	32920	119
22	32921	121
22	32922	119
22	32923	118
22	32924	115
22	32925	115
22	32926	115
22	32927	114
22	32928	118
22	32929	109
22	32930	109
22	32931	111
22	32932	112
22	32933	112
22	32934	108
22	32935	108
22	32936	107
22	32937	108
22	32938	108
22	32939	109
22	32940	110
22	32941	109
22	32942	109
22	32943	109
22	32944	109
22	32945	104
22	32946	104
22	32947	101
22	32948	101
22	32949	100
22	32950	101
22	32951	101
22	32952	101
22	32953	101
22	32954	98
22	32955	97
22	32956	97
22	32957	97
22	32958	97
22	32959	96
22	32960	98
22	32961	98
22	32962	98
22	32963	97
22	32964	96
22	32965	97
22	32966	96
22	32967	91
22	32968	91
22	32969	91
22	32970	91
22	32971	89
22	32972	87
22	32973	87
22	32974	87
22	32975	86
22	32976	87
22	32977	87
22	32978	87
22	32979	92
22	32980	92
22	32981	93
22	32982	93
22	32983	93
22	32984	91
22	32985	91
22	32986	89
22	32987	91
22	32988	89
22	32989	91
22	32990	88
22	32991	88
22	32992	88
22	32993	87
22	32994	84
22	32995	84
22	32996	84
22	32997	84
22	32998	84
22	32999	84
22	33000	84
22	33001	84
22	33002	83
22	33003	83
22	33004	83
22	33005	82
22	33006	82
22	33007	83
22	33008	84
22	33009	83
22	33010	79
22	33011	79
22	33012	77
22	33013	76
22	33014	76
22	33015	75
22	33016	76
22	33017	76
22	33018	76
22	33019	76
22	33020	74
22	33021	73
22	33022	73
22	33023	73
22	33024	73
22	33025	77
22	33026	79
22	33027	79
22	33028	79
22	33029	79
22	33030	79
22	33031	79
22	33032	79
22	33033	71
22	33034	71
22	33035	72
22	33036	73
22	33037	76
22	33038	76
22	33039	77
22	33040	77
22	33041	75
22	33042	75
22	33043	74
22	33044	74
22	33045	73
22	33046	73
22	33047	72
22	33048	72
22	33049	72
22	33050	72
22	33051	70
22	33052	72
22	33053	72
22	33054	72
22	33055	72
22	33056	74
22	33057	72
22	33058	75
22	33059	81
22	33060	83
22	33061	86
22	33062	86
22	33063	86
22	33064	89
22	33065	87
22	33066	87
22	33067	87
22	33068	84
22	33069	85
22	33070	84
22	33071	84
22	33072	84
22	33073	84
22	33074	92
22	33075	93
22	33076	90
22	33077	92
22	33078	88
22	33079	92
22	33080	92
22	33081	91
22	33082	92
22	33083	95
22	33084	95
22	33085	95
22	33086	93
22	33087	91
22	33088	87
22	33089	88
22	33090	84
22	33091	84
22	33092	86
22	33093	86
22	33094	86
22	33095	86
22	33096	86
22	33097	86
22	33098	86
22	33099	86
22	33100	85
22	33101	85
22	33102	85
22	33103	85
22	33104	85
22	33105	84
22	33106	84
22	33107	84
22	33108	84
22	33109	84
22	33110	83
22	33111	83
22	33112	83
22	33113	83
22	33114	83
22	33115	82
22	33116	82
22	33117	82
22	33118	82
22	33119	83
22	33120	83
22	33121	83
22	33122	84
22	33123	84
22	33124	84
22	33125	84
22	33126	84
22	33127	84
22	33128	84
22	33129	84
22	33130	84
22	33131	79
22	33132	79
22	33133	79
22	33134	79
22	33135	79
22	33136	79
22	33137	78
22	33138	78
22	33139	78
22	33140	77
22	33141	76
22	33142	76
22	33143	76
22	33144	76
22	33145	76
22	33146	76
22	33147	78
22	33148	78
22	33149	78
22	33150	78
22	33151	78
22	33152	78
22	33153	78
22	33154	75
22	33155	76
22	33156	76
22	33157	76
22	33158	76
22	33159	76
22	33160	76
22	33161	76
22	33162	75
22	33163	75
22	33164	74
22	33165	72
22	33166	4
22	33167	75
22	33168	75
22	33169	75
22	33170	75
22	33171	75
22	33172	75
22	33173	75
22	33174	75
22	33175	71
22	33176	69
22	33177	69
22	33178	69
22	33179	69
22	33180	69
22	33181	69
22	33182	69
22	33183	69
22	33184	69
22	33185	69
22	33186	68
22	33187	69
22	33188	66
22	33189	65
22	33190	63
22	33191	64
22	33192	64
22	33193	64
22	33194	64
22	33195	63
22	33196	63
22	33197	63
22	33198	63
22	33199	63
22	33200	63
22	33201	63
22	33202	63
22	33203	62
22	33204	62
22	33205	62
22	33206	63
22	33207	61
22	33208	60
22	33209	58
22	33210	52
22	33211	50
22	33212	47
22	33213	46
22	33214	43
22	33215	43
22	33216	43
22	33217	43
22	33218	43
22	33219	41
22	33220	39
22	33221	39
22	33222	39
22	33223	39
22	33224	39
22	33225	39
22	33226	37
22	33227	39
22	33228	36
22	33229	37
22	33230	33
22	33231	34
22	33232	34
22	33233	31
22	33234	27
22	33235	27
22	33236	27
22	33237	27
22	33238	26
22	33239	27
22	33240	26
22	33241	26
22	33242	26
22	33243	24
22	33244	24
22	33245	24
22	33246	24
22	33247	26
22	33248	26
22	33249	26
22	33250	26
22	33251	26
22	33252	26
22	33253	26
22	33254	26
22	33255	26
22	33256	24
22	33257	24
22	33258	26
22	33259	27
22	33260	27
22	33261	28
22	33262	28
22	33263	29
22	33264	30
22	33265	31
22	33266	32
22	33267	32
22	33268	33
22	33269	34
22	33270	33
22	33271	34
22	33272	34
22	33273	36
22	33274	36
22	33275	35
22	33276	36
22	33277	36
22	33278	35
22	33279	35
22	33280	35
22	33281	35
22	33282	35
22	33283	35
22	33284	35
22	33285	35
22	33286	42
22	33287	42
22	33288	42
22	33289	44
22	33290	44
22	33291	44
22	33292	44
22	33293	44
22	33294	43
22	33295	43
22	33296	43
22	33297	42
22	33298	42
22	33299	42
22	33300	42
22	33301	42
22	33302	42
22	33303	41
22	33304	41
22	33305	37
22	33306	37
22	33307	37
22	33308	37
22	33309	38
22	33310	39
22	33311	39
22	33312	39
22	33313	39
22	33314	39
22	33315	39
22	33316	43
22	33317	43
22	33318	43
22	33319	43
22	33320	43
22	33321	44
22	33322	44
22	33323	44
22	33324	44
22	33325	45
22	33326	46
22	33327	47
22	33328	47
22	33329	47
22	33330	47
22	33331	47
22	33332	47
22	33333	47
22	33334	48
22	33335	48
22	33336	48
22	33337	48
22	33338	48
22	33339	48
22	33340	50
22	33341	50
22	33342	50
22	33343	51
22	33344	51
22	33345	50
22	33346	49
22	33347	49
22	33348	48
22	33349	48
22	33350	48
22	33351	48
22	33352	48
22	33353	48
22	33354	48
22	33355	48
22	33356	48
22	33357	48
22	33358	48
22	33359	48
22	33360	48
22	33361	46
22	33362	50
22	33363	54
22	33364	54
22	33365	54
22	33366	54
22	33367	54
22	33368	55
22	33369	55
22	33370	55
22	33371	55
22	33372	55
22	33373	55
22	33374	55
22	33375	55
22	33376	57
22	33377	56
22	33378	55
22	33379	56
22	33380	54
22	33381	55
22	33382	55
22	33383	55
22	33384	55
22	33385	55
22	33386	54
22	33387	54
22	33388	54
22	33389	54
22	33390	54
22	33391	54
22	33392	54
22	33393	55
22	33394	57
22	33395	57
22	33396	57
22	33397	55
22	33398	56
22	33399	56
22	33400	57
22	33401	56
22	33402	56
22	33403	57
22	33404	56
22	33405	56
22	33406	56
22	33407	55
22	33408	55
22	33409	52
22	33410	54
22	33411	54
22	33412	54
22	33413	54
22	33414	54
22	33415	52
22	33416	51
22	33417	51
22	33418	50
22	33419	42
22	33420	42
22	33421	41
22	33422	41
22	33423	42
22	33424	42
22	33425	42
22	33426	42
22	33427	45
22	33428	45
22	33429	45
22	33430	37
22	33431	38
22	33432	46
22	33433	46
22	33434	49
22	33435	49
22	33436	52
22	33437	58
22	33438	58
22	33439	56
22	33440	62
22	33441	64
22	33442	64
22	33443	64
22	33444	67
22	33445	68
22	33446	71
22	33447	71
22	33448	71
22	33449	71
22	33450	70
22	33451	71
22	33452	71
22	33453	71
22	33454	71
22	33455	71
22	33456	74
22	33457	74
22	33458	74
22	33459	74
22	33460	73
22	33461	73
22	33462	73
22	33463	73
22	33464	72
22	33465	72
22	33466	74
22	33467	75
22	33468	77
22	33469	77
22	33470	76
22	33471	76
22	33472	76
22	33473	78
22	33474	78
22	33475	78
22	33476	78
22	33477	77
22	33478	77
22	33479	77
22	33480	77
22	33481	77
22	33482	77
22	33483	79
22	33484	79
22	33485	79
22	33486	79
22	33487	79
22	33488	79
22	33489	79
22	33490	75
22	33491	75
22	33492	75
22	33493	75
22	33494	75
22	33495	75
22	33496	75
22	33497	75
22	33498	75
22	33499	75
22	33500	75
22	33501	75
22	33502	75
22	33503	75
22	33504	75
22	33505	75
22	33506	75
22	33507	75
22	33508	75
22	33509	75
22	33510	75
22	33511	75
22	33512	75
22	33513	75
22	33514	75
22	33515	75
22	33516	75
22	33517	75
22	33518	76
22	33519	76
22	33520	76
22	33521	76
22	33522	76
22	33523	76
22	33524	76
22	33525	76
22	33526	77
22	33527	77
22	33528	77
22	33529	77
22	33530	77
22	33531	77
22	33532	78
22	33533	78
22	33534	78
22	33535	78
22	33536	78
22	33537	79
22	33538	79
22	33539	79
22	33540	79
22	33541	79
22	33542	79
22	33543	78
22	33544	78
22	33545	78
22	33546	78
22	33547	77
22	33548	77
22	33549	76
22	33550	77
22	33551	78
22	33552	77
22	33553	81
22	33554	88
22	33555	89
22	33556	89
22	33557	89
22	33558	89
