22	15502	47
22	15503	47
22	15504	47
22	15505	48
22	15506	47
22	15507	47
22	15508	47
22	15509	47
22	15510	47
22	15511	47
22	15512	47
22	15513	47
22	15514	47
22	15515	47
22	15516	49
22	15517	49
22	15518	49
22	15519	50
22	15520	51
22	15521	52
22	15522	57
22	15523	57
22	15524	57
22	15525	56
22	15526	56
22	15527	56
22	15528	56
22	15529	55
22	15530	54
22	15531	54
22	15532	54
22	15533	54
22	15534	54
22	15535	54
22	15536	55
22	15537	55
22	15538	54
22	15539	54
22	15540	54
22	15541	54
22	15542	52
22	15543	52
22	15544	52
22	15545	52
22	15546	50
22	15547	50
22	15548	51
22	15549	51
22	15550	51
22	15551	51
22	15552	51
22	15553	52
22	15554	52
22	15555	52
22	15556	52
22	15557	51
22	15558	51
22	15559	51
22	15560	50
22	15561	50
22	15562	50
22	15563	50
22	15564	50
22	15565	50
22	15566	50
22	15567	50
22	15568	50
22	15569	50
22	15570	49
22	15571	49
22	15572	48
22	15573	47
22	15574	47
22	15575	48
22	15576	48
22	15577	47
22	15578	48
22	15579	48
22	15580	48
22	15581	48
22	15582	48
22	15583	48
22	15584	48
22	15585	45
22	15586	46
22	15587	46
22	15588	46
22	15589	46
22	15590	46
22	15591	46
22	15592	44
22	15593	44
22	15594	42
22	15595	42
22	15596	42
22	15597	43
22	15598	44
22	15599	44
22	15600	47
22	15601	47
22	15602	47
22	15603	49
22	15604	51
22	15605	49
22	15606	49
22	15607	50
22	15608	50
22	15609	50
22	15610	51
22	15611	51
22	15612	51
22	15613	51
22	15614	51
22	15615	51
22	15616	51
22	15617	53
22	15618	53
22	15619	53
22	15620	53
22	15621	53
22	15622	51
22	15623	50
22	15624	51
22	15625	52
22	15626	55
22	15627	54
22	15628	56
22	15629	56
22	15630	56
22	15631	57
22	15632	57
22	15633	57
22	15634	49
22	15635	49
22	15636	49
22	15637	49
22	15638	49
22	15639	49
22	15640	49
22	15641	47
22	15642	47
22	15643	47
22	15644	47
22	15645	46
22	15646	46
22	15647	46
22	15648	46
22	15649	46
22	15650	46
22	15651	47
22	15652	47
22	15653	47
22	15654	47
22	15655	48
22	15656	48
22	15657	48
22	15658	48
22	15659	48
22	15660	48
22	15661	48
22	15662	48
22	15663	48
22	15664	48
22	15665	46
22	15666	46
22	15667	46
22	15668	46
22	15669	45
22	15670	44
22	15671	40
22	15672	37
22	15673	37
22	15674	37
22	15675	37
22	15676	37
22	15677	37
22	15678	36
22	15679	37
22	15680	37
22	15681	38
22	15682	36
22	15683	36
22	15684	36
22	15685	35
22	15686	35
22	15687	37
22	15688	37
22	15689	37
22	15690	37
22	15691	37
22	15692	37
22	15693	37
22	15694	37
22	15695	38
22	15696	37
22	15697	37
22	15698	37
22	15699	37
22	15700	37
22	15701	36
22	15702	36
22	15703	36
22	15704	36
22	15705	36
22	15706	36
22	15707	36
22	15708	40
22	15709	40
22	15710	40
22	15711	40
22	15712	40
22	15713	40
22	15714	42
22	15715	42
22	15716	43
22	15717	44
22	15718	45
22	15719	47
22	15720	47
22	15721	47
22	15722	47
22	15723	47
22	15724	47
22	15725	46
22	15726	46
22	15727	46
22	15728	46
22	15729	47
22	15730	47
22	15731	47
22	15732	47
22	15733	47
22	15734	46
22	15735	47
22	15736	49
22	15737	49
22	15738	49
22	15739	50
22	15740	51
22	15741	51
22	15742	51
22	15743	53
22	15744	52
22	15745	52
22	15746	52
22	15747	53
22	15748	53
22	15749	53
22	15750	48
22	15751	47
22	15752	45
22	15753	47
22	15754	46
22	15755	46
22	15756	46
22	15757	45
22	15758	44
22	15759	43
22	15760	49
22	15761	51
22	15762	51
22	15763	51
22	15764	51
22	15765	53
22	15766	54
22	15767	52
22	15768	52
22	15769	51
22	15770	51
22	15771	51
22	15772	52
22	15773	52
22	15774	51
22	15775	50
22	15776	47
22	15777	47
22	15778	45
22	15779	45
22	15780	44
22	15781	44
22	15782	44
22	15783	44
22	15784	44
22	15785	45
22	15786	45
22	15787	45
22	15788	46
22	15789	46
22	15790	46
22	15791	46
22	15792	46
22	15793	46
22	15794	46
22	15795	46
22	15796	46
22	15797	46
22	15798	46
22	15799	46
22	15800	45
22	15801	45
22	15802	45
22	15803	45
22	15804	43
22	15805	43
22	15806	44
22	15807	45
22	15808	45
22	15809	45
22	15810	45
22	15811	45
22	15812	44
22	15813	44
22	15814	44
22	15815	44
22	15816	44
22	15817	50
22	15818	51
22	15819	51
22	15820	51
22	15821	51
22	15822	51
22	15823	51
22	15824	51
22	15825	51
22	15826	51
22	15827	51
22	15828	52
22	15829	51
22	15830	51
22	15831	51
22	15832	51
22	15833	51
22	15834	52
22	15835	52
22	15836	52
22	15837	50
22	15838	50
22	15839	50
22	15840	50
22	15841	51
22	15842	51
22	15843	51
22	15844	51
22	15845	50
22	15846	50
22	15847	50
22	15848	50
22	15849	52
22	15850	52
22	15851	52
22	15852	52
22	15853	52
22	15854	53
22	15855	56
22	15856	58
22	15857	54
22	15858	54
22	15859	54
22	15860	54
22	15861	54
22	15862	54
22	15863	52
22	15864	52
22	15865	51
22	15866	51
22	15867	50
22	15868	48
22	15869	48
22	15870	48
22	15871	48
22	15872	48
22	15873	48
22	15874	48
22	15875	48
22	15876	50
22	15877	49
22	15878	54
22	15879	54
22	15880	54
22	15881	55
22	15882	55
22	15883	55
22	15884	55
22	15885	52
22	15886	52
22	15887	52
22	15888	52
22	15889	52
22	15890	52
22	15891	53
22	15892	51
22	15893	51
22	15894	51
22	15895	50
22	15896	49
22	15897	49
22	15898	50
22	15899	50
22	15900	50
22	15901	50
22	15902	50
22	15903	48
22	15904	48
22	15905	48
22	15906	48
22	15907	48
22	15908	48
22	15909	48
22	15910	40
22	15911	40
22	15912	42
22	15913	41
22	15914	41
22	15915	39
22	15916	39
22	15917	39
22	15918	39
22	15919	39
22	15920	39
22	15921	39
22	15922	38
22	15923	38
22	15924	38
22	15925	38
22	15926	38
22	15927	38
22	15928	40
22	15929	41
22	15930	41
22	15931	42
22	15932	44
22	15933	47
22	15934	47
22	15935	46
22	15936	46
22	15937	46
22	15938	45
22	15939	45
22	15940	45
22	15941	45
22	15942	45
22	15943	44
22	15944	45
22	15945	46
22	15946	46
22	15947	46
22	15948	46
22	15949	46
22	15950	46
22	15951	47
22	15952	47
22	15953	47
22	15954	47
22	15955	47
22	15956	46
22	15957	48
22	15958	48
22	15959	49
22	15960	49
22	15961	49
22	15962	50
22	15963	50
22	15964	50
22	15965	50
22	15966	45
22	15967	45
22	15968	44
22	15969	44
22	15970	44
22	15971	44
22	15972	44
22	15973	44
22	15974	44
22	15975	44
22	15976	44
22	15977	44
22	15978	43
22	15979	43
22	15980	43
22	15981	44
22	15982	46
22	15983	46
22	15984	45
22	15985	45
22	15986	45
22	15987	45
22	15988	45
22	15989	45
22	15990	44
22	15991	46
22	15992	46
22	15993	46
22	15994	46
22	15995	46
22	15996	49
22	15997	51
22	15998	52
22	15999	51
22	16000	50
22	16001	50
22	16002	50
22	16003	50
22	16004	49
22	16005	47
22	16006	47
22	16007	47
22	16008	47
22	16009	47
22	16010	47
22	16011	47
22	16012	47
22	16013	47
22	16014	47
22	16015	46
22	16016	46
22	16017	47
22	16018	47
22	16019	51
22	16020	51
22	16021	51
22	16022	51
22	16023	51
22	16024	51
22	16025	51
22	16026	49
22	16027	49
22	16028	44
22	16029	44
22	16030	43
22	16031	43
22	16032	44
22	16033	44
22	16034	46
22	16035	47
22	16036	47
22	16037	46
22	16038	46
22	16039	44
22	16040	44
22	16041	43
22	16042	43
22	16043	45
22	16044	44
22	16045	44
22	16046	44
22	16047	44
22	16048	45
22	16049	45
22	16050	45
22	16051	45
22	16052	45
22	16053	45
22	16054	45
22	16055	44
22	16056	45
22	16057	45
22	16058	47
22	16059	48
22	16060	47
22	16061	46
22	16062	46
22	16063	46
22	16064	50
22	16065	50
22	16066	51
22	16067	51
22	16068	51
22	16069	52
22	16070	52
22	16071	53
22	16072	55
22	16073	56
22	16074	57
22	16075	58
22	16076	58
22	16077	58
22	16078	56
22	16079	55
22	16080	54
22	16081	55
22	16082	53
22	16083	52
22	16084	52
22	16085	53
22	16086	53
22	16087	53
22	16088	53
22	16089	54
22	16090	55
22	16091	59
22	16092	59
22	16093	59
22	16094	59
22	16095	58
22	16096	58
22	16097	58
22	16098	60
22	16099	62
22	16100	62
22	16101	61
22	16102	61
22	16103	62
22	16104	63
22	16105	63
22	16106	60
22	16107	60
22	16108	60
22	16109	60
22	16110	60
22	16111	60
22	16112	59
22	16113	59
22	16114	59
22	16115	60
22	16116	60
22	16117	60
22	16118	60
22	16119	60
22	16120	61
22	16121	61
22	16122	61
22	16123	61
22	16124	61
22	16125	61
22	16126	61
22	16127	61
22	16128	63
22	16129	63
22	16130	63
22	16131	62
22	16132	60
22	16133	60
22	16134	60
22	16135	63
22	16136	63
22	16137	66
22	16138	67
22	16139	67
22	16140	65
22	16141	65
22	16142	65
22	16143	65
22	16144	65
22	16145	65
22	16146	62
22	16147	60
22	16148	59
22	16149	59
22	16150	59
22	16151	59
22	16152	59
22	16153	59
22	16154	58
22	16155	57
22	16156	57
22	16157	58
22	16158	58
22	16159	58
22	16160	59
22	16161	59
22	16162	59
22	16163	61
22	16164	61
22	16165	61
22	16166	60
22	16167	60
22	16168	61
22	16169	58
22	16170	58
22	16171	58
22	16172	58
22	16173	57
22	16174	58
22	16175	59
22	16176	58
22	16177	60
22	16178	60
22	16179	60
22	16180	60
22	16181	60
22	16182	59
22	16183	59
22	16184	57
22	16185	56
22	16186	57
22	16187	57
22	16188	57
22	16189	57
22	16190	57
22	16191	57
22	16192	57
22	16193	55
22	16194	55
22	16195	55
22	16196	55
22	16197	55
22	16198	55
22	16199	55
22	16200	57
22	16201	57
22	16202	57
22	16203	57
22	16204	57
22	16205	60
22	16206	60
22	16207	61
22	16208	59
22	16209	60
22	16210	60
22	16211	61
22	16212	61
22	16213	63
22	16214	59
22	16215	58
22	16216	58
22	16217	58
22	16218	57
22	16219	57
22	16220	58
22	16221	56
22	16222	57
22	16223	56
22	16224	55
22	16225	55
22	16226	55
22	16227	55
22	16228	55
22	16229	55
22	16230	55
22	16231	54
22	16232	60
22	16233	59
22	16234	59
22	16235	58
22	16236	58
22	16237	59
22	16238	59
22	16239	59
22	16240	59
22	16241	53
22	16242	51
22	16243	52
22	16244	53
22	16245	55
22	16246	53
22	16247	53
22	16248	53
22	16249	53
22	16250	53
22	16251	53
22	16252	53
22	16253	53
22	16254	52
22	16255	52
22	16256	52
22	16257	52
22	16258	51
22	16259	52
22	16260	54
22	16261	54
22	16262	54
22	16263	54
22	16264	53
22	16265	54
22	16266	54
22	16267	54
22	16268	54
22	16269	54
22	16270	53
22	16271	53
22	16272	53
22	16273	54
22	16274	54
22	16275	53
22	16276	52
22	16277	52
22	16278	52
22	16279	53
22	16280	53
22	16281	52
22	16282	52
22	16283	52
22	16284	49
22	16285	46
22	16286	46
22	16287	46
22	16288	45
22	16289	45
22	16290	46
22	16291	46
22	16292	46
22	16293	46
22	16294	47
22	16295	47
22	16296	47
22	16297	47
22	16298	49
22	16299	49
22	16300	49
22	16301	49
22	16302	50
22	16303	51
22	16304	51
22	16305	51
22	16306	51
22	16307	50
22	16308	50
22	16309	50
22	16310	50
22	16311	50
22	16312	50
22	16313	48
22	16314	48
22	16315	47
22	16316	47
22	16317	47
22	16318	47
22	16319	48
22	16320	47
22	16321	47
22	16322	47
22	16323	47
22	16324	46
22	16325	46
22	16326	47
22	16327	47
22	16328	47
22	16329	47
22	16330	47
22	16331	47
22	16332	50
22	16333	50
22	16334	50
22	16335	49
22	16336	49
22	16337	49
22	16338	49
22	16339	49
22	16340	49
22	16341	49
22	16342	49
22	16343	49
22	16344	49
22	16345	49
22	16346	49
22	16347	49
22	16348	48
22	16349	48
22	16350	47
22	16351	47
22	16352	47
22	16353	47
22	16354	47
22	16355	44
22	16356	47
22	16357	46
22	16358	46
22	16359	45
22	16360	44
22	16361	43
22	16362	43
22	16363	42
22	16364	42
22	16365	42
22	16366	42
22	16367	42
22	16368	42
22	16369	42
22	16370	41
22	16371	41
22	16372	39
22	16373	39
22	16374	39
22	16375	40
22	16376	40
22	16377	40
22	16378	41
22	16379	41
22	16380	41
22	16381	41
22	16382	38
22	16383	38
22	16384	41
22	16385	41
22	16386	42
22	16387	41
22	16388	41
22	16389	41
22	16390	41
22	16391	41
22	16392	38
22	16393	37
22	16394	37
22	16395	35
22	16396	35
22	16397	35
22	16398	34
22	16399	35
22	16400	35
22	16401	36
22	16402	36
22	16403	36
22	16404	36
22	16405	36
22	16406	36
22	16407	36
22	16408	35
22	16409	33
22	16410	33
22	16411	33
22	16412	34
22	16413	34
22	16414	34
22	16415	34
22	16416	34
22	16417	34
22	16418	34
22	16419	34
22	16420	36
22	16421	36
22	16422	36
22	16423	36
22	16424	35
22	16425	35
22	16426	35
22	16427	35
22	16428	35
22	16429	34
22	16430	34
22	16431	34
22	16432	34
22	16433	34
22	16434	34
22	16435	34
22	16436	34
22	16437	34
22	16438	34
22	16439	36
22	16440	36
22	16441	36
22	16442	36
22	16443	35
22	16444	35
22	16445	35
22	16446	35
22	16447	35
22	16448	31
22	16449	31
22	16450	33
22	16451	32
22	16452	32
22	16453	31
22	16454	31
22	16455	32
22	16456	32
22	16457	32
22	16458	32
22	16459	31
22	16460	31
22	16461	31
22	16462	30
22	16463	30
22	16464	30
22	16465	30
22	16466	30
22	16467	30
22	16468	30
22	16469	30
22	16470	30
22	16471	30
22	16472	30
22	16473	23
22	16474	23
22	16475	23
22	16476	26
22	16477	26
22	16478	26
22	16479	27
22	16480	31
22	16481	31
22	16482	32
22	16483	32
22	16484	33
22	16485	33
22	16486	33
22	16487	33
22	16488	33
22	16489	33
22	16490	33
22	16491	33
22	16492	33
22	16493	31
22	16494	31
22	16495	31
22	16496	31
22	16497	31
22	16498	32
22	16499	32
22	16500	32
22	16501	32
22	16502	32
22	16503	32
22	16504	32
22	16505	32
22	16506	32
22	16507	31
22	16508	31
22	16509	31
22	16510	32
22	16511	32
22	16512	32
22	16513	32
22	16514	32
22	16515	32
22	16516	32
22	16517	32
22	16518	32
22	16519	32
22	16520	32
22	16521	36
22	16522	36
22	16523	36
22	16524	36
22	16525	35
22	16526	33
22	16527	34
22	16528	34
22	16529	34
22	16530	34
22	16531	34
22	16532	34
22	16533	35
22	16534	33
22	16535	33
22	16536	32
22	16537	32
22	16538	32
22	16539	32
22	16540	32
22	16541	32
22	16542	32
22	16543	32
22	16544	32
22	16545	32
22	16546	32
22	16547	32
22	16548	32
22	16549	32
22	16550	32
22	16551	32
22	16552	32
22	16553	32
22	16554	32
22	16555	33
22	16556	33
22	16557	33
22	16558	33
22	16559	34
22	16560	35
22	16561	38
22	16562	37
22	16563	36
22	16564	33
22	16565	34
22	16566	34
22	16567	35
22	16568	35
22	16569	34
22	16570	34
22	16571	34
22	16572	34
22	16573	34
22	16574	34
22	16575	34
22	16576	34
22	16577	35
22	16578	35
22	16579	36
22	16580	36
22	16581	36
22	16582	36
22	16583	36
22	16584	38
22	16585	38
22	16586	38
22	16587	37
22	16588	35
22	16589	35
22	16590	35
22	16591	35
22	16592	35
22	16593	35
22	16594	35
22	16595	36
22	16596	36
22	16597	36
22	16598	36
22	16599	36
22	16600	37
22	16601	37
22	16602	37
22	16603	37
22	16604	37
22	16605	37
22	16606	38
22	16607	39
22	16608	39
22	16609	39
22	16610	41
22	16611	43
22	16612	43
22	16613	43
22	16614	43
22	16615	43
22	16616	43
22	16617	43
22	16618	45
22	16619	45
22	16620	45
22	16621	44
22	16622	44
22	16623	42
22	16624	42
22	16625	42
22	16626	40
22	16627	39
22	16628	39
22	16629	39
22	16630	39
22	16631	39
22	16632	39
22	16633	39
22	16634	38
22	16635	38
22	16636	38
22	16637	39
22	16638	39
22	16639	40
22	16640	40
22	16641	40
22	16642	40
22	16643	40
22	16644	40
22	16645	40
22	16646	40
22	16647	41
22	16648	40
22	16649	40
22	16650	40
22	16651	40
22	16652	40
22	16653	40
22	16654	40
22	16655	39
22	16656	39
22	16657	39
22	16658	39
22	16659	39
22	16660	38
22	16661	38
22	16662	40
22	16663	40
22	16664	43
22	16665	43
22	16666	43
22	16667	43
22	16668	43
22	16669	43
22	16670	42
22	16671	42
22	16672	42
22	16673	42
22	16674	43
22	16675	45
22	16676	45
22	16677	44
22	16678	44
22	16679	44
22	16680	44
22	16681	44
22	16682	44
22	16683	42
22	16684	42
22	16685	42
22	16686	42
22	16687	43
22	16688	43
22	16689	48
22	16690	51
22	16691	51
22	16692	51
22	16693	51
22	16694	51
22	16695	51
22	16696	51
22	16697	51
22	16698	51
22	16699	50
22	16700	49
22	16701	49
22	16702	49
22	16703	49
22	16704	49
22	16705	49
22	16706	49
22	16707	49
22	16708	49
22	16709	50
22	16710	49
22	16711	46
22	16712	46
22	16713	46
22	16714	46
22	16715	46
22	16716	45
22	16717	45
22	16718	45
22	16719	45
22	16720	45
22	16721	45
22	16722	45
22	16723	45
22	16724	45
22	16725	46
22	16726	46
22	16727	45
22	16728	46
22	16729	45
22	16730	45
22	16731	45
22	16732	45
22	16733	45
22	16734	43
22	16735	43
22	16736	44
22	16737	44
22	16738	44
22	16739	44
22	16740	45
22	16741	45
22	16742	47
22	16743	47
22	16744	46
22	16745	46
22	16746	46
22	16747	48
22	16748	48
22	16749	49
22	16750	47
22	16751	47
22	16752	51
22	16753	52
22	16754	53
22	16755	53
22	16756	52
22	16757	52
22	16758	51
22	16759	51
22	16760	49
22	16761	47
22	16762	47
22	16763	47
22	16764	47
22	16765	47
22	16766	47
22	16767	48
22	16768	46
22	16769	46
22	16770	46
22	16771	46
22	16772	46
22	16773	46
22	16774	49
22	16775	49
22	16776	48
22	16777	48
22	16778	49
22	16779	49
22	16780	50
22	16781	51
22	16782	51
22	16783	52
22	16784	52
22	16785	52
22	16786	52
22	16787	52
22	16788	53
22	16789	53
22	16790	53
22	16791	53
22	16792	53
22	16793	53
22	16794	53
22	16795	53
22	16796	53
22	16797	52
22	16798	54
22	16799	54
22	16800	55
22	16801	55
22	16802	56
22	16803	56
22	16804	58
22	16805	58
22	16806	58
22	16807	59
22	16808	59
22	16809	59
22	16810	59
22	16811	59
22	16812	57
22	16813	52
22	16814	52
22	16815	53
22	16816	53
22	16817	53
22	16818	53
22	16819	54
22	16820	51
22	16821	51
22	16822	52
22	16823	51
22	16824	51
22	16825	50
22	16826	50
22	16827	50
22	16828	50
22	16829	51
22	16830	51
22	16831	53
22	16832	52
22	16833	52
22	16834	52
22	16835	52
22	16836	52
22	16837	51
22	16838	46
22	16839	43
22	16840	43
22	16841	43
22	16842	43
22	16843	45
22	16844	45
22	16845	45
22	16846	45
22	16847	46
22	16848	46
22	16849	46
22	16850	48
22	16851	49
22	16852	49
22	16853	49
22	16854	49
22	16855	48
22	16856	51
22	16857	51
22	16858	51
22	16859	49
22	16860	49
22	16861	49
22	16862	49
22	16863	49
22	16864	49
22	16865	49
22	16866	49
22	16867	49
22	16868	49
22	16869	50
22	16870	50
22	16871	50
22	16872	50
22	16873	50
22	16874	50
22	16875	50
22	16876	50
22	16877	49
22	16878	48
22	16879	48
22	16880	48
22	16881	48
22	16882	48
22	16883	48
22	16884	48
22	16885	48
22	16886	47
22	16887	47
22	16888	47
22	16889	47
22	16890	46
22	16891	46
22	16892	44
22	16893	44
22	16894	44
22	16895	45
22	16896	45
22	16897	45
22	16898	46
22	16899	50
22	16900	50
22	16901	49
22	16902	48
22	16903	45
22	16904	45
22	16905	45
22	16906	45
22	16907	45
22	16908	45
22	16909	46
22	16910	47
22	16911	47
22	16912	47
22	16913	47
22	16914	47
22	16915	47
22	16916	47
22	16917	46
22	16918	46
22	16919	47
22	16920	47
22	16921	47
22	16922	47
22	16923	45
22	16924	44
22	16925	46
22	16926	46
22	16927	46
22	16928	44
22	16929	44
22	16930	44
22	16931	43
22	16932	43
22	16933	42
22	16934	42
22	16935	42
22	16936	42
22	16937	41
22	16938	41
22	16939	44
22	16940	44
22	16941	44
22	16942	44
22	16943	44
22	16944	44
22	16945	47
22	16946	47
22	16947	47
22	16948	45
22	16949	45
22	16950	44
22	16951	43
22	16952	44
22	16953	44
22	16954	42
22	16955	42
22	16956	42
22	16957	42
22	16958	42
22	16959	42
22	16960	42
22	16961	42
22	16962	42
22	16963	42
22	16964	42
22	16965	41
22	16966	41
22	16967	41
22	16968	41
22	16969	41
22	16970	41
22	16971	40
22	16972	40
22	16973	40
22	16974	40
22	16975	39
22	16976	38
22	16977	38
22	16978	37
22	16979	37
22	16980	37
22	16981	36
22	16982	36
22	16983	36
22	16984	36
22	16985	36
22	16986	36
22	16987	36
22	16988	36
22	16989	36
22	16990	37
22	16991	37
22	16992	38
22	16993	36
22	16994	36
22	16995	40
22	16996	39
22	16997	39
22	16998	39
22	16999	39
22	17000	37
22	17001	36
22	17002	41
22	17003	42
22	17004	39
22	17005	40
22	17006	40
22	17007	40
22	17008	40
22	17009	40
22	17010	41
22	17011	40
22	17012	41
22	17013	41
22	17014	41
22	17015	41
22	17016	41
22	17017	41
22	17018	41
22	17019	41
22	17020	41
22	17021	41
22	17022	40
22	17023	40
22	17024	40
22	17025	40
22	17026	40
22	17027	40
22	17028	40
22	17029	40
22	17030	40
22	17031	40
22	17032	40
22	17033	40
22	17034	40
22	17035	40
22	17036	40
22	17037	41
22	17038	42
22	17039	42
22	17040	43
22	17041	43
22	17042	43
22	17043	43
22	17044	41
22	17045	40
22	17046	42
22	17047	42
22	17048	43
22	17049	37
22	17050	39
22	17051	39
22	17052	39
22	17053	40
22	17054	40
22	17055	42
22	17056	42
22	17057	42
22	17058	42
22	17059	40
22	17060	40
22	17061	40
22	17062	40
22	17063	40
22	17064	40
22	17065	40
22	17066	40
22	17067	40
22	17068	38
22	17069	38
22	17070	38
22	17071	38
22	17072	38
22	17073	38
22	17074	38
22	17075	37
22	17076	37
22	17077	37
22	17078	37
22	17079	37
22	17080	37
22	17081	37
22	17082	37
22	17083	37
22	17084	36
22	17085	36
22	17086	36
22	17087	36
22	17088	36
22	17089	32
22	17090	32
22	17091	32
22	17092	34
22	17093	34
22	17094	34
22	17095	31
22	17096	32
22	17097	33
22	17098	33
22	17099	33
22	17100	33
22	17101	34
22	17102	34
22	17103	34
22	17104	34
22	17105	34
22	17106	34
22	17107	33
22	17108	33
22	17109	33
22	17110	33
22	17111	33
22	17112	33
22	17113	33
22	17114	33
22	17115	33
22	17116	33
22	17117	32
22	17118	32
22	17119	32
22	17120	32
22	17121	32
22	17122	32
22	17123	32
22	17124	32
22	17125	32
22	17126	32
22	17127	32
22	17128	32
22	17129	32
22	17130	32
22	17131	33
22	17132	33
22	17133	33
22	17134	33
22	17135	35
22	17136	37
22	17137	37
22	17138	37
22	17139	37
22	17140	37
22	17141	36
22	17142	39
22	17143	42
22	17144	39
22	17145	39
22	17146	39
22	17147	40
22	17148	40
22	17149	40
22	17150	40
22	17151	40
22	17152	35
22	17153	34
22	17154	33
22	17155	33
22	17156	33
22	17157	33
22	17158	34
22	17159	34
22	17160	33
22	17161	33
22	17162	33
22	17163	33
22	17164	33
22	17165	33
22	17166	33
22	17167	33
22	17168	33
22	17169	33
22	17170	33
22	17171	33
22	17172	33
22	17173	33
22	17174	33
22	17175	33
22	17176	33
22	17177	33
22	17178	34
22	17179	34
22	17180	34
22	17181	34
22	17182	34
22	17183	34
22	17184	35
22	17185	35
22	17186	35
22	17187	34
22	17188	33
22	17189	33
22	17190	32
22	17191	32
22	17192	32
22	17193	32
22	17194	32
22	17195	31
22	17196	32
22	17197	31
22	17198	31
22	17199	31
22	17200	30
22	17201	32
22	17202	32
22	17203	31
22	17204	31
22	17205	29
22	17206	29
22	17207	29
22	17208	29
22	17209	29
22	17210	29
22	17211	29
22	17212	32
22	17213	32
22	17214	33
22	17215	33
22	17216	33
22	17217	33
22	17218	33
22	17219	33
22	17220	33
22	17221	33
22	17222	33
22	17223	33
22	17224	33
22	17225	33
22	17226	33
22	17227	33
22	17228	33
22	17229	33
22	17230	33
22	17231	33
22	17232	33
22	17233	33
22	17234	33
22	17235	33
22	17236	34
22	17237	34
22	17238	34
22	17239	34
22	17240	35
22	17241	33
22	17242	33
22	17243	33
22	17244	33
22	17245	32
22	17246	32
22	17247	31
22	17248	31
22	17249	31
22	17250	31
22	17251	29
22	17252	29
22	17253	30
22	17254	31
22	17255	31
22	17256	31
22	17257	31
22	17258	32
22	17259	32
22	17260	32
22	17261	32
22	17262	32
22	17263	32
22	17264	32
22	17265	32
22	17266	32
22	17267	32
22	17268	32
22	17269	32
22	17270	31
22	17271	33
22	17272	33
22	17273	34
22	17274	34
22	17275	34
22	17276	36
22	17277	36
22	17278	36
22	17279	36
22	17280	35
22	17281	36
22	17282	38
22	17283	38
22	17284	38
22	17285	36
22	17286	36
22	17287	37
22	17288	37
22	17289	36
22	17290	36
22	17291	36
22	17292	34
22	17293	31
22	17294	29
22	17295	29
22	17296	29
22	17297	29
22	17298	29
22	17299	30
22	17300	32
22	17301	32
22	17302	33
22	17303	33
22	17304	33
22	17305	33
22	17306	33
22	17307	33
22	17308	32
22	17309	32
22	17310	32
22	17311	32
22	17312	32
22	17313	32
22	17314	32
22	17315	32
22	17316	32
22	17317	32
22	17318	32
22	17319	31
22	17320	31
22	17321	31
22	17322	32
22	17323	34
22	17324	34
22	17325	35
22	17326	35
22	17327	35
22	17328	35
22	17329	36
22	17330	36
22	17331	36
22	17332	36
22	17333	36
22	17334	35
22	17335	35
22	17336	36
22	17337	35
22	17338	35
22	17339	36
22	17340	36
22	17341	36
22	17342	36
22	17343	36
22	17344	37
22	17345	37
22	17346	36
22	17347	36
22	17348	36
22	17349	36
22	17350	37
22	17351	39
22	17352	39
22	17353	39
22	17354	39
22	17355	39
22	17356	39
22	17357	39
22	17358	39
22	17359	39
22	17360	39
22	17361	39
22	17362	36
22	17363	36
22	17364	36
22	17365	36
22	17366	36
22	17367	36
22	17368	36
22	17369	36
22	17370	36
22	17371	36
22	17372	36
22	17373	36
22	17374	37
22	17375	37
22	17376	37
22	17377	42
22	17378	41
22	17379	41
22	17380	41
22	17381	41
22	17382	41
22	17383	42
22	17384	43
22	17385	43
22	17386	43
22	17387	43
22	17388	43
22	17389	42
22	17390	42
22	17391	42
22	17392	42
22	17393	42
22	17394	43
22	17395	44
22	17396	44
22	17397	44
22	17398	44
22	17399	44
22	17400	44
22	17401	44
22	17402	43
22	17403	42
22	17404	42
22	17405	42
22	17406	42
22	17407	44
22	17408	43
22	17409	43
22	17410	44
22	17411	44
22	17412	44
22	17413	44
22	17414	44
22	17415	44
22	17416	44
22	17417	44
22	17418	44
22	17419	44
22	17420	44
22	17421	42
22	17422	42
22	17423	41
22	17424	42
22	17425	42
22	17426	41
22	17427	41
22	17428	41
22	17429	40
22	17430	40
22	17431	39
22	17432	39
22	17433	40
22	17434	40
22	17435	39
22	17436	37
22	17437	37
22	17438	37
22	17439	38
22	17440	38
22	17441	38
22	17442	38
22	17443	38
22	17444	36
22	17445	36
22	17446	36
22	17447	36
22	17448	36
22	17449	36
22	17450	37
22	17451	37
22	17452	36
22	17453	36
22	17454	36
22	17455	36
22	17456	38
22	17457	38
22	17458	38
22	17459	38
22	17460	40
22	17461	40
22	17462	40
22	17463	41
22	17464	41
22	17465	43
22	17466	43
22	17467	43
22	17468	43
22	17469	43
22	17470	43
22	17471	41
22	17472	40
22	17473	39
22	17474	38
22	17475	38
22	17476	39
22	17477	38
22	17478	37
22	17479	37
22	17480	37
22	17481	37
22	17482	37
22	17483	37
22	17484	37
22	17485	36
22	17486	36
22	17487	36
22	17488	35
22	17489	35
22	17490	35
22	17491	35
22	17492	34
22	17493	34
22	17494	34
22	17495	34
22	17496	34
22	17497	34
22	17498	35
22	17499	35
22	17500	34
22	17501	33
22	17502	33
22	17503	33
22	17504	33
22	17505	33
22	17506	33
22	17507	33
22	17508	33
22	17509	36
22	17510	36
22	17511	36
22	17512	36
22	17513	36
22	17514	37
22	17515	37
22	17516	37
22	17517	37
22	17518	39
22	17519	39
22	17520	39
22	17521	39
22	17522	39
22	17523	39
22	17524	37
22	17525	37
22	17526	38
22	17527	33
22	17528	35
22	17529	34
22	17530	34
22	17531	34
22	17532	34
22	17533	33
22	17534	33
22	17535	33
22	17536	33
22	17537	32
22	17538	32
22	17539	32
22	17540	33
22	17541	33
22	17542	33
22	17543	33
22	17544	33
22	17545	32
22	17546	32
22	17547	32
22	17548	32
22	17549	32
22	17550	32
22	17551	32
22	17552	32
22	17553	33
22	17554	33
22	17555	33
22	17556	33
22	17557	31
22	17558	31
22	17559	30
22	17560	30
22	17561	30
22	17562	30
22	17563	30
22	17564	31
22	17565	32
22	17566	32
22	17567	33
22	17568	33
22	17569	33
22	17570	33
22	17571	33
22	17572	33
22	17573	32
22	17574	32
22	17575	32
22	17576	31
22	17577	31
22	17578	31
22	17579	31
22	17580	31
22	17581	31
22	17582	31
22	17583	30
22	17584	30
22	17585	30
22	17586	30
22	17587	30
22	17588	30
22	17589	31
22	17590	31
22	17591	30
22	17592	30
22	17593	31
22	17594	31
22	17595	31
22	17596	31
22	17597	34
22	17598	33
22	17599	32
22	17600	34
22	17601	34
22	17602	35
22	17603	35
22	17604	35
22	17605	35
22	17606	33
22	17607	33
22	17608	33
22	17609	33
22	17610	31
22	17611	31
22	17612	31
22	17613	31
22	17614	31
22	17615	29
22	17616	29
22	17617	29
22	17618	29
22	17619	29
22	17620	29
22	17621	29
22	17622	29
22	17623	29
22	17624	29
22	17625	30
22	17626	30
22	17627	30
22	17628	30
22	17629	30
22	17630	30
22	17631	30
22	17632	31
22	17633	32
22	17634	32
22	17635	32
22	17636	34
22	17637	34
22	17638	34
22	17639	34
22	17640	34
22	17641	34
22	17642	35
22	17643	35
22	17644	35
22	17645	35
22	17646	35
22	17647	35
22	17648	34
22	17649	34
22	17650	34
22	17651	34
22	17652	37
22	17653	37
22	17654	37
22	17655	37
22	17656	38
22	17657	36
22	17658	36
22	17659	35
22	17660	36
22	17661	36
22	17662	37
22	17663	37
22	17664	36
22	17665	36
22	17666	36
22	17667	35
22	17668	35
22	17669	35
22	17670	35
22	17671	35
22	17672	36
22	17673	37
22	17674	37
22	17675	36
22	17676	36
22	17677	36
22	17678	34
22	17679	34
22	17680	34
22	17681	35
22	17682	35
22	17683	36
22	17684	36
22	17685	36
22	17686	39
22	17687	39
22	17688	39
22	17689	38
22	17690	38
22	17691	38
22	17692	38
22	17693	37
22	17694	37
22	17695	37
22	17696	37
22	17697	37
22	17698	37
22	17699	37
22	17700	37
22	17701	37
22	17702	36
22	17703	36
22	17704	36
22	17705	36
22	17706	36
22	17707	36
22	17708	36
22	17709	38
22	17710	38
22	17711	38
22	17712	38
22	17713	38
22	17714	37
22	17715	39
22	17716	38
22	17717	38
22	17718	38
22	17719	38
22	17720	39
22	17721	39
22	17722	39
22	17723	39
22	17724	39
22	17725	39
22	17726	40
22	17727	40
22	17728	40
22	17729	40
22	17730	40
22	17731	40
22	17732	40
22	17733	41
22	17734	41
22	17735	41
22	17736	41
22	17737	41
22	17738	39
22	17739	39
22	17740	40
22	17741	40
22	17742	42
22	17743	41
22	17744	41
22	17745	38
22	17746	39
22	17747	40
22	17748	41
22	17749	41
22	17750	40
22	17751	40
22	17752	39
22	17753	39
22	17754	39
22	17755	39
22	17756	39
22	17757	39
22	17758	40
22	17759	40
22	17760	40
22	17761	39
22	17762	39
22	17763	40
22	17764	40
22	17765	40
22	17766	40
22	17767	40
22	17768	40
22	17769	40
22	17770	40
22	17771	39
22	17772	39
22	17773	39
22	17774	37
22	17775	37
22	17776	37
22	17777	37
22	17778	37
22	17779	37
22	17780	37
22	17781	37
22	17782	38
22	17783	38
22	17784	38
22	17785	38
22	17786	37
22	17787	37
22	17788	38
22	17789	38
22	17790	37
22	17791	39
22	17792	42
22	17793	42
22	17794	42
22	17795	42
22	17796	42
22	17797	43
22	17798	43
22	17799	43
22	17800	42
22	17801	39
22	17802	40
22	17803	40
22	17804	40
22	17805	39
22	17806	39
22	17807	39
22	17808	39
22	17809	39
22	17810	38
22	17811	38
22	17812	37
22	17813	38
22	17814	38
22	17815	38
22	17816	38
22	17817	38
22	17818	38
22	17819	38
22	17820	37
22	17821	36
22	17822	36
22	17823	36
22	17824	37
22	17825	37
22	17826	37
22	17827	37
22	17828	37
22	17829	37
22	17830	37
22	17831	36
22	17832	35
22	17833	35
22	17834	35
22	17835	35
22	17836	33
22	17837	33
22	17838	35
22	17839	35
22	17840	35
22	17841	35
22	17842	36
22	17843	36
22	17844	36
22	17845	36
22	17846	37
22	17847	37
22	17848	37
22	17849	37
22	17850	37
22	17851	38
22	17852	39
22	17853	39
22	17854	39
22	17855	39
22	17856	39
22	17857	39
22	17858	40
22	17859	39
22	17860	39
22	17861	39
22	17862	39
22	17863	41
22	17864	39
22	17865	39
22	17866	39
22	17867	41
22	17868	41
22	17869	41
22	17870	41
22	17871	41
22	17872	41
22	17873	41
22	17874	41
22	17875	42
22	17876	41
22	17877	41
22	17878	41
22	17879	41
22	17880	42
22	17881	42
22	17882	42
22	17883	41
22	17884	41
22	17885	41
22	17886	41
22	17887	41
22	17888	41
22	17889	41
22	17890	40
22	17891	40
22	17892	40
22	17893	40
22	17894	41
22	17895	40
22	17896	39
22	17897	37
22	17898	37
22	17899	38
22	17900	37
22	17901	38
22	17902	38
22	17903	38
22	17904	38
22	17905	39
22	17906	39
22	17907	40
22	17908	40
22	17909	40
22	17910	40
22	17911	40
22	17912	41
22	17913	40
22	17914	40
22	17915	41
22	17916	41
22	17917	41
22	17918	41
22	17919	41
22	17920	41
22	17921	41
22	17922	41
22	17923	41
22	17924	41
22	17925	42
22	17926	43
22	17927	43
22	17928	47
22	17929	47
22	17930	47
22	17931	46
22	17932	47
22	17933	46
22	17934	47
22	17935	47
22	17936	47
22	17937	49
22	17938	48
22	17939	48
22	17940	45
22	17941	43
22	17942	43
22	17943	43
22	17944	43
22	17945	43
22	17946	44
22	17947	43
22	17948	43
22	17949	43
22	17950	43
22	17951	43
22	17952	42
22	17953	42
22	17954	42
22	17955	42
22	17956	42
22	17957	42
22	17958	43
22	17959	46
22	17960	47
22	17961	47
22	17962	47
22	17963	46
22	17964	46
22	17965	46
22	17966	46
22	17967	46
22	17968	46
22	17969	46
22	17970	46
22	17971	46
22	17972	46
22	17973	47
22	17974	47
22	17975	48
22	17976	48
22	17977	48
22	17978	48
22	17979	48
22	17980	48
22	17981	48
22	17982	49
22	17983	49
22	17984	49
22	17985	49
22	17986	48
22	17987	48
22	17988	47
22	17989	48
22	17990	48
22	17991	48
22	17992	48
22	17993	48
22	17994	47
22	17995	47
22	17996	47
22	17997	47
22	17998	47
22	17999	49
22	18000	48
22	18001	48
22	18002	47
22	18003	48
22	18004	49
22	18005	49
22	18006	49
22	18007	48
22	18008	52
22	18009	52
22	18010	52
22	18011	54
22	18012	54
22	18013	52
22	18014	52
22	18015	52
22	18016	52
22	18017	50
22	18018	50
22	18019	50
22	18020	50
22	18021	51
22	18022	51
22	18023	51
22	18024	50
22	18025	50
22	18026	51
22	18027	51
22	18028	51
22	18029	56
22	18030	55
22	18031	55
22	18032	56
22	18033	57
22	18034	57
22	18035	57
22	18036	57
22	18037	57
22	18038	57
22	18039	57
22	18040	57
22	18041	60
22	18042	58
22	18043	57
22	18044	56
22	18045	57
22	18046	57
22	18047	60
22	18048	60
22	18049	59
22	18050	59
22	18051	58
22	18052	58
22	18053	58
22	18054	58
22	18055	57
22	18056	57
22	18057	57
22	18058	56
22	18059	56
22	18060	56
22	18061	56
22	18062	55
22	18063	55
22	18064	56
22	18065	55
22	18066	55
22	18067	56
22	18068	56
22	18069	58
22	18070	58
22	18071	58
22	18072	58
22	18073	61
22	18074	61
22	18075	60
22	18076	59
22	18077	58
22	18078	57
22	18079	57
22	18080	57
22	18081	57
22	18082	56
22	18083	56
22	18084	56
22	18085	57
22	18086	54
22	18087	54
22	18088	56
22	18089	56
22	18090	57
22	18091	57
22	18092	57
22	18093	58
22	18094	58
22	18095	57
22	18096	57
22	18097	58
22	18098	58
22	18099	58
22	18100	58
22	18101	59
22	18102	59
22	18103	59
22	18104	59
22	18105	58
22	18106	58
22	18107	58
22	18108	55
22	18109	54
22	18110	53
22	18111	53
22	18112	53
22	18113	54
22	18114	54
22	18115	55
22	18116	55
22	18117	55
22	18118	55
22	18119	55
22	18120	55
22	18121	55
22	18122	55
22	18123	53
22	18124	52
22	18125	52
22	18126	54
22	18127	54
22	18128	55
22	18129	55
22	18130	59
22	18131	61
22	18132	60
22	18133	60
22	18134	60
22	18135	60
22	18136	59
22	18137	59
22	18138	60
22	18139	60
22	18140	60
22	18141	59
22	18142	59
22	18143	59
22	18144	59
22	18145	59
22	18146	59
22	18147	59
22	18148	59
22	18149	58
22	18150	58
22	18151	58
22	18152	56
22	18153	56
22	18154	56
22	18155	56
22	18156	57
22	18157	57
22	18158	52
22	18159	54
22	18160	55
22	18161	53
22	18162	54
22	18163	54
22	18164	54
22	18165	54
22	18166	54
22	18167	60
22	18168	60
22	18169	59
22	18170	59
22	18171	58
22	18172	58
22	18173	58
22	18174	58
22	18175	58
22	18176	57
22	18177	57
22	18178	58
22	18179	53
22	18180	53
22	18181	53
22	18182	53
22	18183	52
22	18184	52
22	18185	52
22	18186	52
22	18187	52
22	18188	52
22	18189	52
22	18190	52
22	18191	49
22	18192	49
22	18193	49
22	18194	49
22	18195	49
22	18196	49
22	18197	46
22	18198	46
22	18199	46
22	18200	46
22	18201	45
22	18202	45
22	18203	45
22	18204	46
22	18205	46
22	18206	45
22	18207	45
22	18208	45
22	18209	45
22	18210	45
22	18211	45
22	18212	45
22	18213	45
22	18214	44
22	18215	44
22	18216	44
22	18217	43
22	18218	43
22	18219	41
22	18220	41
22	18221	41
22	18222	38
22	18223	38
22	18224	35
22	18225	35
22	18226	35
22	18227	35
22	18228	35
22	18229	35
22	18230	35
22	18231	35
22	18232	35
22	18233	34
22	18234	33
22	18235	33
22	18236	33
22	18237	31
22	18238	31
22	18239	30
22	18240	30
22	18241	30
22	18242	30
22	18243	29
22	18244	29
22	18245	29
22	18246	28
22	18247	28
22	18248	28
22	18249	28
22	18250	29
22	18251	29
22	18252	29
22	18253	29
22	18254	29
22	18255	29
22	18256	29
22	18257	29
22	18258	29
22	18259	29
22	18260	30
22	18261	30
22	18262	29
22	18263	29
22	18264	29
22	18265	29
22	18266	29
22	18267	29
22	18268	29
22	18269	29
22	18270	30
22	18271	30
22	18272	30
22	18273	30
22	18274	30
22	18275	30
22	18276	29
22	18277	29
22	18278	28
22	18279	28
22	18280	28
22	18281	26
22	18282	26
22	18283	26
22	18284	26
22	18285	26
22	18286	26
22	18287	25
22	18288	25
22	18289	25
22	18290	25
22	18291	25
22	18292	25
22	18293	25
22	18294	27
22	18295	27
22	18296	27
22	18297	27
22	18298	27
22	18299	26
22	18300	26
22	18301	26
22	18302	26
22	18303	26
22	18304	26
22	18305	26
22	18306	25
22	18307	25
22	18308	25
22	18309	22
22	18310	22
22	18311	22
22	18312	21
22	18313	16
22	18314	16
22	18315	16
22	18316	16
22	18317	10
22	18318	10
22	18319	10
22	18320	10
22	18321	10
22	18322	10
22	18323	11
22	18324	11
22	18325	11
22	18326	11
22	18327	10
22	18328	10
22	18329	10
22	18330	10
22	18331	10
22	18332	10
22	18333	10
22	18334	10
22	18335	10
22	18336	10
22	18337	15
22	18338	15
22	18339	15
22	18340	15
22	18341	15
22	18342	15
22	18343	15
22	18344	15
22	18345	15
22	18346	15
22	18347	15
22	18348	15
22	18349	15
22	18350	15
22	18351	15
22	18352	15
22	18353	15
22	18354	15
22	18355	15
22	18356	15
22	18357	15
22	18358	15
22	18359	15
22	18360	15
22	18361	15
22	18362	15
22	18363	15
22	18364	15
22	18365	15
22	18366	15
22	18427	3
22	18428	3
22	18429	3
22	18430	3
22	18431	3
22	18432	3
22	18433	3
22	18434	3
22	18435	3
22	18436	3
22	18437	3
22	18438	3
22	18439	3
22	18440	3
22	18441	3
22	18442	3
22	18443	3
22	18444	3
22	18445	3
22	18446	3
22	18447	3
22	18448	3
22	18449	3
22	18450	3
22	18451	3
22	18452	3
22	18453	3
22	18454	3
22	18455	3
22	18456	3
22	18457	3
22	18458	3
22	18459	3
22	18460	3
22	18461	3
22	18462	3
22	18463	3
22	18464	3
22	18465	3
22	18466	3
22	18467	3
22	18468	3
22	18469	3
22	18470	3
22	18471	3
22	18472	3
22	18473	3
22	18474	3
22	18475	3
22	18476	3
22	18477	3
22	18478	3
22	18479	3
22	18480	3
22	18481	3
22	18482	3
22	18483	3
22	18484	3
22	18485	3
22	18486	3
22	18487	2
22	18488	2
22	18489	2
22	18490	2
22	18491	2
22	18492	2
22	18493	2
22	18494	2
22	18495	2
22	18496	2
22	18497	2
22	18498	2
22	18499	2
22	18500	2
22	18501	2
22	18502	2
22	18503	2
22	18504	2
22	18505	2
22	18506	2
22	18507	2
22	18508	2
22	18509	2
22	18510	2
22	18511	2
22	18512	2
22	18513	2
22	18514	1
22	18515	1
22	18516	1
22	18517	1
22	18518	1
22	18519	1
22	18520	1
22	18521	1
22	18522	1
22	18523	1
22	18524	1
22	18525	1
22	18526	1
22	18527	1
22	18528	1
22	18529	1
22	18530	1
22	18531	1
22	18532	1
22	18533	1
22	18534	1
22	18535	1
22	18536	1
22	18537	1
22	18538	1
22	18539	1
22	18540	1
22	18541	1
22	18542	1
22	18543	1
22	18544	1
22	18545	1
22	18546	1
22	18547	1
22	18548	1
22	18549	1
22	18550	1
22	18551	1
22	18552	1
22	18553	1
22	18554	1
22	18555	1
22	18556	1
22	18557	1
22	18558	1
22	19271	2
22	19272	2
22	19273	2
22	19274	2
22	19275	2
22	19276	2
22	19277	3
22	19278	3
22	19279	3
22	19280	3
22	19281	3
22	19282	3
22	19283	3
22	19284	3
22	19285	3
22	19286	3
22	19287	3
22	19288	3
22	19289	3
22	19290	3
22	19291	3
22	19292	3
22	19293	3
22	19294	3
22	19295	3
22	19296	3
22	19297	3
22	19298	3
22	19299	3
22	19300	3
22	19301	3
22	19302	3
22	19303	3
22	19304	3
22	19305	3
22	19306	3
22	19307	3
22	19308	3
22	19309	3
22	19310	3
22	19311	3
22	19312	3
22	19313	3
22	19314	3
22	19315	3
22	19316	3
22	19317	3
22	19318	3
22	19319	3
22	19320	3
22	19321	3
22	19322	3
22	19323	3
22	19324	3
22	19325	3
22	19326	3
22	19327	3
22	19328	3
22	19329	3
22	19330	3
22	19331	3
22	19332	3
22	19333	3
22	19334	3
22	19335	3
22	19336	3
22	19337	3
22	19338	3
22	19339	3
22	19340	3
22	19341	3
22	19397	9
22	19398	10
22	19399	11
22	19400	12
22	19401	15
22	19402	16
22	19403	16
22	19404	16
22	19405	16
22	19406	16
22	19407	16
22	19408	16
22	19409	16
22	19410	16
22	19411	17
22	19412	17
22	19413	18
22	19414	18
22	19415	18
22	19416	18
22	19417	18
22	19418	18
22	19419	18
22	19420	18
22	19421	18
22	19422	18
22	19423	18
22	19424	18
22	19425	18
22	19426	18
22	19427	18
22	19428	18
22	19429	18
22	19430	18
22	19431	18
22	19432	18
22	19433	18
22	19434	18
22	19435	18
22	19436	18
22	19437	19
22	19438	19
22	19439	19
22	19440	19
22	19441	19
22	19442	19
22	19443	19
22	19444	17
22	19445	17
22	19446	17
22	19447	18
22	19448	20
22	19449	21
22	19450	23
22	19451	24
22	19452	27
22	19453	28
22	19454	28
22	19455	28
22	19456	28
22	19457	28
22	19458	28
22	19459	28
22	19460	28
22	19461	28
22	19462	28
22	19463	28
22	19464	28
22	19465	28
22	19466	28
22	19467	29
22	19468	29
22	19469	31
22	19470	31
22	19471	31
22	19472	31
22	19473	31
22	19474	31
22	19475	31
22	19476	31
22	19477	33
22	19478	33
22	19479	33
22	19480	33
22	19481	33
22	19482	34
22	19483	34
22	19484	35
22	19485	35
22	19486	35
22	19487	35
22	19488	35
22	19489	35
22	19490	35
22	19491	35
22	19492	35
22	19493	35
22	19494	34
22	19495	34
22	19496	33
22	19497	33
22	19498	33
22	19499	33
22	19500	33
22	19501	33
22	19502	34
22	19503	34
22	19504	34
22	19505	34
22	19506	34
22	19507	34
22	19508	34
22	19509	34
22	19510	34
22	19511	34
22	19512	33
22	19513	32
22	19514	32
22	19515	32
22	19516	32
22	19517	32
22	19518	32
22	19519	34
22	19520	34
22	19521	34
22	19522	34
22	19523	35
22	19524	35
22	19525	38
22	19526	38
22	19527	38
22	19528	38
22	19529	38
22	19530	39
22	19531	40
22	19532	40
22	19533	40
22	19534	40
22	19535	40
22	19536	40
22	19537	40
22	19538	41
22	19539	41
22	19540	41
22	19541	41
22	19542	41
22	19543	41
22	19544	41
22	19545	42
22	19546	42
22	19547	42
22	19548	42
22	19549	40
22	19550	40
22	19551	39
22	19552	38
22	19553	38
22	19554	38
22	19555	38
22	19556	38
22	19557	38
22	19558	38
22	19559	40
22	19560	40
22	19561	39
22	19562	39
22	19563	38
22	19564	38
22	19565	38
22	19566	39
22	19567	39
22	19568	39
22	19569	39
22	19570	39
22	19571	39
22	19572	39
22	19573	39
22	19574	39
22	19575	39
22	19576	39
22	19577	42
22	19578	42
22	19579	42
22	19580	42
22	19581	42
22	19582	42
22	19583	42
22	19584	42
22	19585	42
22	19586	42
22	19587	42
22	19588	42
22	19589	42
22	19590	43
22	19591	43
22	19592	42
22	19593	42
22	19594	42
22	19595	42
22	19596	42
22	19597	41
22	19598	41
22	19599	37
22	19600	35
22	19601	34
22	19602	33
22	19603	33
22	19604	33
22	19605	33
22	19606	33
22	19607	33
22	19608	33
22	19609	33
22	19610	33
22	19611	33
22	19612	33
22	19613	33
22	19614	33
22	19615	33
22	19616	33
22	19617	32
22	19618	32
22	19619	30
22	19620	30
22	19621	30
22	19622	30
22	19623	30
22	19624	30
22	19625	32
22	19626	32
22	19627	31
22	19628	31
22	19629	31
22	19630	31
22	19631	31
22	19632	30
22	19633	29
22	19634	29
22	19635	29
22	19636	29
22	19637	31
22	19638	31
22	19639	33
22	19640	33
22	19641	33
22	19642	33
22	19643	32
22	19644	32
22	19645	32
22	19646	33
22	19647	33
22	19648	33
22	19649	33
22	19650	33
22	19651	33
22	19652	32
22	19653	32
22	19654	32
22	19655	32
22	19656	33
22	19657	33
22	19658	33
22	19659	33
22	19660	33
22	19661	34
22	19662	34
22	19663	35
22	19664	35
22	19665	35
22	19666	35
22	19667	35
22	19668	35
22	19669	33
22	19670	33
22	19671	33
22	19672	31
22	19673	31
22	19674	28
22	19675	28
22	19676	28
22	19677	27
22	19678	27
22	19679	27
22	19680	29
22	19681	29
22	19682	32
22	19683	32
22	19684	32
22	19685	32
22	19686	32
22	19687	32
22	19688	31
22	19689	31
22	19690	31
22	19691	31
22	19692	31
22	19693	31
22	19694	31
22	19695	30
22	19696	30
22	19697	30
22	19698	30
22	19699	34
22	19700	32
22	19701	33
22	19702	33
22	19703	33
22	19704	33
22	19705	33
22	19706	35
22	19707	35
22	19708	35
22	19709	38
22	19710	38
22	19711	40
22	19712	41
22	19713	41
22	19714	41
22	19715	41
22	19716	41
22	19717	41
22	19718	41
22	19719	41
22	19720	43
22	19721	43
22	19722	43
22	19723	44
22	19724	44
22	19725	42
22	19726	42
22	19727	41
22	19728	43
22	19729	43
22	19730	44
22	19731	44
22	19732	45
22	19733	45
22	19734	45
22	19735	45
22	19736	45
22	19737	44
22	19738	44
22	19739	43
22	19740	44
22	19741	44
22	19742	44
22	19743	44
22	19744	44
22	19745	44
22	19746	43
22	19747	44
22	19748	42
22	19749	42
22	19750	42
22	19751	42
22	19752	42
22	19753	42
22	19754	42
22	19755	42
22	19756	41
22	19757	42
22	19758	43
22	19759	43
22	19760	44
22	19761	45
22	19762	45
22	19763	45
22	19764	45
22	19765	45
22	19766	45
22	19767	46
22	19768	48
22	19769	48
22	19770	48
22	19771	48
22	19772	48
22	19773	48
22	19774	46
22	19775	46
22	19776	45
22	19777	45
22	19778	45
22	19779	45
22	19780	45
22	19781	45
22	19782	45
22	19783	46
22	19784	46
22	19785	46
22	19786	44
22	19787	44
22	19788	43
22	19789	42
22	19790	43
22	19791	45
22	19792	45
22	19793	45
22	19794	45
22	19795	45
22	19796	48
22	19797	48
22	19798	48
22	19799	48
22	19800	48
22	19801	47
22	19802	47
22	19803	47
22	19804	47
22	19805	47
22	19806	47
22	19807	47
22	19808	47
22	19809	47
22	19810	46
22	19811	46
22	19812	45
22	19813	45
22	19814	46
22	19815	46
22	19816	46
22	19817	46
22	19818	46
22	19819	47
22	19820	47
22	19821	47
22	19822	47
22	19823	47
22	19824	47
22	19825	47
22	19826	47
22	19827	47
22	19828	47
22	19829	45
22	19830	45
22	19831	44
22	19832	41
22	19833	41
22	19834	42
22	19835	42
22	19836	42
22	19837	42
22	19838	42
22	19839	44
22	19840	45
22	19841	45
22	19842	45
22	19843	45
22	19844	46
22	19845	48
22	19846	48
22	19847	48
22	19848	47
22	19849	43
22	19850	44
22	19851	44
22	19852	44
22	19853	43
22	19854	43
22	19855	46
22	19856	46
22	19857	46
22	19858	46
22	19859	42
22	19860	42
22	19861	40
22	19862	39
22	19863	39
22	19864	40
22	19865	40
22	19866	40
22	19867	40
22	19868	39
22	19869	38
22	19870	38
22	19871	38
22	19872	37
22	19873	37
22	19874	35
22	19875	35
22	19876	35
22	19877	36
22	19878	36
22	19879	36
22	19880	38
22	19881	38
22	19882	40
22	19883	40
22	19884	40
22	19885	40
22	19886	49
22	19887	50
22	19888	50
22	19889	50
22	19890	50
22	19891	51
22	19892	51
22	19893	51
22	19894	51
22	19895	51
22	19896	52
22	19897	52
22	19898	54
22	19899	54
22	19900	54
22	19901	54
22	19902	55
22	19903	56
22	19904	56
22	19905	56
22	19906	56
22	19907	55
22	19908	54
22	19909	53
22	19910	53
22	19911	52
22	19912	52
22	19913	52
22	19914	50
22	19915	50
22	19916	50
22	19917	49
22	19918	49
22	19919	49
22	19920	49
22	19921	49
22	19922	49
22	19923	49
22	19924	49
22	19925	49
22	19926	50
22	19927	50
22	19928	50
22	19929	50
22	19930	50
22	19931	51
22	19932	51
22	19933	52
22	19934	51
22	19935	51
22	19936	50
22	19937	52
22	19938	52
22	19939	52
22	19940	52
22	19941	51
22	19942	50
22	19943	50
22	19944	50
22	19945	50
22	19946	50
22	19947	50
22	19948	50
22	19949	50
22	19950	53
22	19951	53
22	19952	55
22	19953	55
22	19954	55
22	19955	55
22	19956	55
22	19957	56
22	19958	56
22	19959	56
22	19960	56
22	19961	56
22	19962	56
22	19963	55
22	19964	55
22	19965	55
22	19966	55
22	19967	56
22	19968	56
22	19969	55
22	19970	55
22	19971	55
22	19972	54
22	19973	56
22	19974	56
22	19975	56
22	19976	56
22	19977	56
22	19978	56
22	19979	55
22	19980	55
22	19981	55
22	19982	53
22	19983	55
22	19984	54
22	19985	54
22	19986	54
22	19987	54
22	19988	54
22	19989	51
22	19990	51
22	19991	51
22	19992	51
22	19993	51
22	19994	50
22	19995	48
22	19996	48
22	19997	48
22	19998	48
22	19999	48
22	20000	46
22	20001	47
22	20002	47
22	20003	45
22	20004	45
22	20005	46
22	20006	46
22	20007	48
22	20008	48
22	20009	48
22	20010	48
22	20011	50
22	20012	50
22	20013	50
22	20014	49
22	20015	49
22	20016	50
22	20017	51
22	20018	51
22	20019	50
22	20020	50
22	20021	50
22	20022	50
22	20023	50
22	20024	50
22	20025	50
22	20026	50
22	20027	51
22	20028	49
22	20029	48
22	20030	45
22	20031	45
22	20032	43
22	20033	43
22	20034	44
22	20035	44
22	20036	34
22	20037	33
22	20038	34
22	20039	36
22	20040	37
22	20041	36
22	20042	36
22	20043	36
22	20044	36
22	20045	36
22	20046	36
22	20047	35
22	20048	33
22	20049	33
22	20050	33
22	20051	33
22	20052	35
22	20053	35
22	20054	35
22	20055	35
22	20056	35
22	20057	35
22	20058	36
22	20059	36
22	20060	36
22	20061	37
22	20062	39
22	20063	39
22	20064	41
22	20065	41
22	20066	41
22	20067	41
22	20068	41
22	20069	41
22	20070	41
22	20071	41
22	20072	41
22	20073	41
22	20074	41
22	20075	40
22	20076	40
22	20077	40
22	20078	40
22	20079	40
22	20080	39
22	20081	39
22	20082	40
22	20083	39
22	20084	39
22	20085	39
22	20086	38
22	20087	36
22	20088	36
22	20089	36
22	20090	36
22	20091	36
22	20092	36
22	20093	36
22	20094	36
22	20095	37
22	20096	37
22	20097	37
22	20098	37
22	20099	37
22	20100	34
22	20101	34
22	20102	32
22	20103	32
22	20104	32
22	20105	32
22	20106	32
22	20107	31
22	20108	31
22	20109	31
22	20110	31
22	20111	31
22	20112	31
22	20113	31
22	20114	31
22	20115	31
22	20116	30
22	20117	30
22	20118	30
22	20119	35
22	20120	35
22	20121	35
22	20122	34
22	20123	34
22	20124	34
22	20125	34
22	20126	34
22	20127	34
22	20128	35
22	20129	36
22	20130	36
22	20131	36
22	20132	36
22	20133	36
22	20134	36
22	20135	36
22	20136	36
22	20137	36
22	20138	37
22	20139	37
22	20140	37
22	20141	37
22	20142	37
22	20143	37
22	20144	37
22	20145	37
22	20146	38
22	20147	38
22	20148	40
22	20149	40
22	20150	41
22	20151	40
22	20152	39
22	20153	39
22	20154	39
22	20155	37
22	20156	38
22	20157	36
22	20158	35
22	20159	35
22	20160	36
22	20161	38
22	20162	38
22	20163	39
22	20164	39
22	20165	39
22	20166	37
22	20167	36
22	20168	36
22	20169	36
22	20170	36
22	20171	36
22	20172	36
22	20173	36
22	20174	36
22	20175	36
22	20176	35
22	20177	35
22	20178	35
22	20179	35
22	20180	35
22	20181	35
22	20182	35
22	20183	34
22	20184	34
22	20185	34
22	20186	34
22	20187	33
22	20188	33
22	20189	30
22	20190	30
22	20191	30
22	20192	30
22	20193	31
22	20194	31
22	20195	31
22	20196	31
22	20197	31
22	20198	32
22	20199	32
22	20200	31
22	20201	31
22	20202	28
22	20203	30
22	20204	31
22	20205	33
22	20206	32
22	20207	33
22	20208	34
22	20209	34
22	20210	35
22	20211	34
22	20212	32
22	20213	32
22	20214	30
22	20215	30
22	20216	30
22	20217	30
22	20218	30
22	20219	30
22	20220	30
22	20221	30
22	20222	30
22	20223	30
22	20224	30
22	20225	30
22	20226	30
22	20227	30
22	20228	30
22	20229	30
22	20230	31
22	20231	31
22	20232	30
22	20233	30
22	20234	30
22	20235	31
22	20236	31
22	20237	31
22	20238	31
22	20239	31
22	20240	31
22	20241	31
22	20242	31
22	20243	31
22	20244	30
22	20245	30
22	20246	31
22	20247	31
22	20248	31
22	20249	30
22	20250	32
22	20251	32
22	20252	33
22	20253	33
22	20254	33
22	20255	33
22	20256	33
22	20257	33
22	20258	33
22	20259	33
22	20260	34
22	20261	36
22	20262	36
22	20263	36
22	20264	36
22	20265	37
22	20266	37
22	20267	37
22	20268	36
22	20269	32
22	20270	32
22	20271	32
22	20272	32
22	20273	32
22	20274	32
22	20275	33
22	20276	33
22	20277	32
22	20278	31
22	20279	31
22	20280	31
22	20281	31
22	20282	31
22	20283	31
22	20284	31
22	20285	31
22	20286	31
22	20287	31
22	20288	30
22	20289	30
22	20290	31
22	20291	31
22	20292	33
22	20293	37
22	20294	37
22	20295	37
22	20296	37
22	20297	37
22	20298	35
22	20299	35
22	20300	35
22	20301	34
22	20302	36
22	20303	37
22	20304	37
22	20305	37
22	20306	41
22	20307	41
22	20308	40
22	20309	42
22	20310	41
22	20311	41
22	20312	41
22	20313	41
22	20314	41
22	20315	41
22	20316	41
22	20317	41
22	20318	41
22	20319	41
22	20320	41
22	20321	41
22	20322	41
22	20323	41
22	20324	41
22	20325	41
22	20326	41
22	20327	41
22	20328	42
22	20329	42
22	20330	42
22	20331	42
22	20332	42
22	20333	42
22	20334	43
22	20335	43
22	20336	43
22	20337	43
22	20338	44
22	20339	44
22	20340	44
22	20341	44
22	20342	44
22	20343	43
22	20344	43
22	20345	42
22	20346	43
22	20347	44
22	20348	44
22	20349	44
22	20350	44
22	20351	44
22	20352	43
22	20353	41
22	20354	41
22	20355	40
22	20356	39
22	20357	39
22	20358	38
22	20359	37
22	20360	37
22	20361	37
22	20362	37
22	20363	37
22	20364	37
22	20365	37
22	20366	37
22	20367	37
22	20368	37
22	20369	37
22	20370	37
22	20371	37
22	20372	37
22	20373	37
22	20374	37
22	20375	37
22	20376	37
22	20377	37
22	20378	37
22	20379	37
22	20380	36
22	20381	36
22	20382	36
22	20383	36
22	20384	36
22	20385	35
22	20386	35
22	20387	35
22	20388	37
22	20389	37
22	20390	37
22	20391	37
22	20392	37
22	20393	38
22	20394	38
22	20395	37
22	20396	37
22	20397	37
22	20398	37
22	20399	37
22	20400	35
22	20401	35
22	20402	34
22	20403	34
22	20404	34
22	20405	34
22	20406	34
22	20407	34
22	20408	34
22	20409	34
22	20410	33
22	20411	31
22	20412	31
22	20413	31
22	20414	31
22	20415	32
22	20416	32
22	20417	32
22	20418	32
22	20419	32
22	20420	32
22	20421	32
22	20422	32
22	20423	32
22	20424	31
22	20425	31
22	20426	31
22	20427	31
22	20428	31
22	20429	31
22	20430	31
22	20431	31
22	20432	32
22	20433	34
22	20434	34
22	20435	34
22	20436	35
22	20437	36
22	20438	36
22	20439	36
22	20440	35
22	20441	33
22	20442	29
22	20443	29
22	20444	28
22	20445	30
22	20446	30
22	20447	30
22	20448	31
22	20449	31
22	20450	31
22	20451	30
22	20452	29
22	20453	29
22	20454	29
22	20455	29
22	20456	25
22	20457	25
22	20458	27
22	20459	24
22	20460	23
22	20461	23
22	20462	23
22	20463	23
22	20464	23
22	20465	23
22	20466	23
22	20467	23
22	20468	23
22	20469	23
22	20470	23
22	20471	23
22	20472	24
22	20473	24
22	20474	24
22	20475	24
22	20476	24
22	20477	23
22	20478	23
22	20479	23
22	20480	23
22	20481	25
22	20482	24
22	20483	24
22	20484	24
22	20485	24
22	20486	24
22	20487	24
22	20488	24
22	20489	24
22	20490	24
22	20491	24
22	20492	24
22	20493	24
22	20494	24
22	20495	24
22	20496	23
22	20497	22
22	20498	24
22	20499	24
22	20500	24
22	20501	24
22	20502	25
22	20503	25
22	20504	25
22	20505	25
22	20506	25
22	20507	25
22	20508	25
22	20509	25
22	20510	25
22	20511	25
22	20512	25
22	20513	25
22	20514	25
22	20515	25
22	20516	25
22	20517	25
22	20518	25
22	20519	25
22	20520	25
22	20521	25
22	20522	25
22	20523	25
22	20524	25
22	20525	25
22	20526	25
22	20527	25
22	20528	27
22	20529	30
22	20530	32
22	20531	32
22	20532	32
22	20533	32
22	20534	33
22	20535	33
22	20536	33
22	20537	33
22	20538	31
22	20539	30
22	20540	31
22	20541	31
22	20542	30
22	20543	30
22	20544	30
22	20545	30
22	20546	30
22	20547	30
22	20548	30
22	20549	30
22	20550	30
22	20551	31
22	20552	31
22	20553	31
22	20554	31
22	20555	31
22	20556	31
22	20557	31
22	20558	31
22	20559	31
22	20560	33
22	20561	33
22	20562	32
22	20563	32
22	20564	32
22	20565	32
22	20566	32
22	20567	32
22	20568	32
22	20569	32
22	20570	33
22	20571	34
22	20572	34
22	20573	34
22	20574	34
22	20575	34
22	20576	34
22	20577	34
22	20578	34
22	20579	34
22	20580	35
22	20581	35
22	20582	33
22	20583	33
22	20584	33
22	20585	33
22	20586	32
22	20587	32
22	20588	29
22	20589	29
22	20590	29
22	20591	29
22	20592	29
22	20593	29
22	20594	29
22	20595	29
22	20596	29
22	20597	29
22	20598	28
22	20599	29
22	20600	29
22	20601	29
22	20602	29
22	20603	29
22	20604	29
22	20605	29
22	20606	29
22	20607	29
22	20608	27
22	20609	28
22	20610	28
22	20611	28
22	20612	28
22	20613	28
22	20614	29
22	20615	29
22	20616	29
22	20617	29
22	20618	29
22	20619	29
22	20620	29
22	20621	28
22	20622	29
22	20623	29
22	20624	29
22	20625	29
22	20626	29
22	20627	35
22	20628	35
22	20629	35
22	20630	35
22	20631	33
22	20632	35
22	20633	35
22	20634	35
22	20635	35
22	20636	35
22	20637	34
22	20638	34
22	20639	34
22	20640	34
22	20641	34
22	20642	34
22	20643	34
22	20644	34
22	20645	34
22	20646	33
22	20647	33
22	20648	33
22	20649	34
22	20650	37
22	20651	37
22	20652	37
22	20653	37
22	20654	37
22	20655	37
22	20656	37
22	20657	37
22	20658	37
22	20659	36
22	20660	36
22	20661	36
22	20662	36
22	20663	36
22	20664	36
22	20665	36
22	20666	36
22	20667	36
22	20668	36
22	20669	43
22	20670	43
22	20671	44
22	20672	44
22	20673	44
22	20674	44
22	20675	44
22	20676	44
22	20677	41
22	20678	41
22	20679	41
22	20680	41
22	20681	41
22	20682	41
22	20683	41
22	20684	40
22	20685	40
22	20686	40
22	20687	40
22	20688	41
22	20689	41
22	20690	43
22	20691	43
22	20692	43
22	20693	43
22	20694	43
22	20695	44
22	20696	44
22	20697	44
22	20698	44
22	20699	43
22	20700	43
22	20701	42
22	20702	41
22	20703	41
22	20704	41
22	20705	41
22	20706	42
22	20707	42
22	20708	42
22	20709	45
22	20710	44
22	20711	45
22	20712	44
22	20713	45
22	20714	45
22	20715	45
22	20716	45
22	20717	45
22	20718	42
22	20719	41
22	20720	40
22	20721	41
22	20722	41
22	20723	41
22	20724	41
22	20725	41
22	20726	41
22	20727	41
22	20728	41
22	20729	41
22	20730	44
22	20731	45
22	20732	48
22	20733	48
22	20734	48
22	20735	49
22	20736	49
22	20737	49
22	20738	48
22	20739	48
22	20740	48
22	20741	48
22	20742	48
22	20743	48
22	20744	48
22	20745	49
22	20746	49
22	20747	49
22	20748	49
22	20749	49
22	20750	49
22	20751	49
22	20752	49
22	20753	49
22	20754	49
22	20755	49
22	20756	49
22	20757	51
22	20758	51
22	20759	50
22	20760	50
22	20761	50
22	20762	51
22	20763	51
22	20764	52
22	20765	52
22	20766	53
22	20767	53
22	20768	53
22	20769	51
22	20770	51
22	20771	51
22	20772	49
22	20773	49
22	20774	49
22	20775	50
22	20776	50
22	20777	50
22	20778	50
22	20779	51
22	20780	51
22	20781	51
22	20782	49
22	20783	49
22	20784	49
22	20785	50
22	20786	50
22	20787	50
22	20788	50
22	20789	49
22	20790	50
22	20791	50
22	20792	50
22	20793	50
22	20794	50
22	20795	50
22	20796	49
22	20797	49
22	20798	49
22	20799	47
22	20800	47
22	20801	49
22	20802	49
22	20803	53
22	20804	53
22	20805	53
22	20806	53
22	20807	53
22	20808	53
22	20809	53
22	20810	53
22	20811	52
22	20812	52
22	20813	54
22	20814	54
22	20815	52
22	20816	52
22	20817	52
22	20818	52
22	20819	52
22	20820	52
22	20821	52
22	20822	51
22	20823	51
22	20824	51
22	20825	51
22	20826	50
22	20827	50
22	20828	50
22	20829	50
22	20830	50
22	20831	50
22	20832	50
22	20833	50
22	20834	50
22	20835	51
22	20836	51
22	20837	50
22	20838	50
22	20839	50
22	20840	49
22	20841	49
22	20842	49
22	20843	49
22	20844	48
22	20845	48
22	20846	48
22	20847	48
22	20848	48
22	20849	48
22	20850	48
22	20851	48
22	20852	48
22	20853	48
22	20854	48
22	20855	49
22	20856	48
22	20857	48
22	20858	48
22	20859	46
22	20860	45
22	20861	45
22	20862	45
22	20863	44
22	20864	44
22	20865	47
22	20866	48
22	20867	48
22	20868	48
22	20869	48
22	20870	48
22	20871	48
22	20872	48
22	20873	48
22	20874	48
22	20875	48
22	20876	48
22	20877	48
22	20878	49
22	20879	49
22	20880	44
22	20881	41
22	20882	36
22	20883	36
22	20884	35
22	20885	35
22	20886	35
22	20887	36
22	20888	36
22	20889	39
22	20890	39
22	20891	39
22	20892	39
22	20893	39
22	20894	43
22	20895	42
22	20896	44
22	20897	43
22	20898	43
22	20899	44
22	20900	44
22	20901	44
22	20902	44
22	20903	45
22	20904	46
22	20905	47
22	20906	47
22	20907	45
22	20908	45
22	20909	49
22	20910	49
22	20911	49
22	20912	47
22	20913	47
22	20914	45
22	20915	45
22	20916	45
22	20917	45
22	20918	47
22	20919	47
22	20920	48
22	20921	48
22	20922	49
22	20923	49
22	20924	49
22	20925	48
22	20926	48
22	20927	48
22	20928	48
22	20929	48
22	20930	49
22	20931	49
22	20932	49
22	20933	49
22	20934	49
22	20935	48
22	20936	48
22	20937	48
22	20938	47
22	20939	47
22	20940	48
22	20941	49
22	20942	49
22	20943	49
22	20944	49
22	20945	49
22	20946	49
22	20947	49
22	20948	50
22	20949	50
22	20950	47
22	20951	48
22	20952	45
22	20953	45
22	20954	46
22	20955	46
22	20956	46
22	20957	46
22	20958	47
22	20959	48
22	20960	49
22	20961	50
22	20962	50
22	20963	48
22	20964	48
22	20965	48
22	20966	48
22	20967	49
22	20968	48
22	20969	48
22	20970	48
22	20971	48
22	20972	48
22	20973	48
22	20974	49
22	20975	49
22	20976	49
22	20977	49
22	20978	49
22	20979	49
22	20980	50
22	20981	50
22	20982	48
22	20983	48
22	20984	48
22	20985	50
22	20986	51
22	20987	51
22	20988	53
22	20989	54
22	20990	54
22	20991	55
22	20992	55
22	20993	56
22	20994	56
22	20995	56
22	20996	56
22	20997	56
22	20998	56
22	20999	57
22	21000	57
22	21001	57
22	21002	57
22	21003	57
22	21004	57
22	21005	56
22	21006	57
22	21007	58
22	21008	58
22	21009	57
22	21010	57
22	21011	57
22	21012	57
22	21013	57
22	21014	56
22	21015	53
22	21016	53
22	21017	53
22	21018	54
22	21019	54
22	21020	55
22	21021	54
22	21022	53
22	21023	55
22	21024	54
22	21025	56
22	21026	56
22	21027	55
22	21028	56
22	21029	56
22	21030	57
22	21031	57
22	21032	56
22	21033	56
22	21034	58
22	21035	66
22	21036	66
22	21037	64
22	21038	63
22	21039	61
22	21040	61
22	21041	61
22	21042	61
22	21043	61
22	21044	58
22	21045	61
22	21046	59
22	21047	60
22	21048	60
22	21049	59
22	21050	63
22	21051	63
22	21052	62
22	21053	61
22	21054	60
22	21055	61
22	21056	61
22	21057	61
22	21058	59
22	21059	57
22	21060	57
22	21061	57
22	21062	58
22	21063	58
22	21064	58
22	21065	58
22	21066	58
22	21067	58
22	21068	56
22	21069	56
22	21070	55
22	21071	54
22	21072	54
22	21073	54
22	21074	54
22	21075	54
22	21076	54
22	21077	53
22	21078	53
22	21079	53
22	21080	52
22	21081	52
22	21082	52
22	21083	52
22	21084	52
22	21085	54
22	21086	54
22	21087	54
22	21088	56
22	21089	56
22	21090	55
22	21091	54
22	21092	54
22	21093	54
22	21094	54
22	21095	56
22	21096	56
22	21097	56
22	21098	55
22	21099	55
22	21100	55
22	21101	54
22	21102	53
22	21103	53
22	21104	52
22	21105	54
22	21106	54
22	21107	55
22	21108	54
22	21109	52
22	21110	52
22	21111	52
22	21112	52
22	21113	52
22	21114	52
22	21115	53
22	21116	53
22	21117	53
22	21118	54
22	21119	54
22	21120	55
22	21121	55
22	21122	55
22	21123	55
22	21124	54
22	21125	57
22	21126	59
22	21127	60
22	21128	65
22	21129	65
22	21130	65
22	21131	65
22	21132	65
22	21133	65
22	21134	67
22	21135	65
22	21136	65
22	21137	63
22	21138	63
22	21139	62
22	21140	61
22	21141	62
22	21142	61
22	21143	61
22	21144	62
22	21145	62
22	21146	62
22	21147	62
22	21148	61
22	21149	61
22	21150	61
22	21151	61
22	21152	61
22	21153	61
22	21154	61
22	21155	61
22	21156	60
22	21157	60
22	21158	61
22	21159	61
22	21160	61
22	21161	61
22	21162	61
22	21163	62
22	21164	64
22	21165	64
22	21166	64
22	21167	64
22	21168	63
22	21169	64
22	21170	63
22	21171	64
22	21172	65
22	21173	64
22	21174	64
22	21175	63
22	21176	63
22	21177	63
22	21178	62
22	21179	62
22	21180	61
22	21181	61
22	21182	61
22	21183	60
22	21184	60
22	21185	52
22	21186	53
22	21187	53
22	21188	53
22	21189	53
22	21190	53
22	21191	53
22	21192	52
22	21193	52
22	21194	49
22	21195	48
22	21196	48
22	21197	48
22	21198	48
22	21199	48
22	21200	44
22	21201	44
22	21202	44
22	21203	44
22	21204	44
22	21205	43
22	21206	43
22	21207	44
22	21208	44
22	21209	45
22	21210	45
22	21211	45
22	21212	44
22	21213	45
22	21214	45
22	21215	45
22	21216	45
22	21217	45
22	21218	45
22	21219	47
22	21220	47
22	21221	47
22	21222	47
22	21223	47
22	21224	49
22	21225	49
22	21226	50
22	21227	50
22	21228	51
22	21229	51
22	21230	51
22	21231	51
22	21232	55
22	21233	55
22	21234	55
22	21235	53
22	21236	53
22	21237	53
22	21238	51
22	21239	51
22	21240	51
22	21241	51
22	21242	51
22	21243	52
22	21244	52
22	21245	51
22	21246	51
22	21247	51
22	21248	53
22	21249	54
22	21250	65
22	21251	65
22	21252	65
22	21253	65
22	21254	65
22	21255	63
22	21256	63
22	21257	62
22	21258	62
22	21259	61
22	21260	61
22	21261	61
22	21262	61
22	21263	61
22	21264	60
22	21265	60
22	21266	60
22	21267	58
22	21268	58
22	21269	60
22	21270	60
22	21271	60
22	21272	60
22	21273	60
22	21274	65
22	21275	60
22	21276	60
22	21277	57
22	21278	54
22	21279	53
22	21280	53
22	21281	53
22	21282	54
22	21283	51
22	21284	51
22	21285	51
22	21286	51
22	21287	51
22	21288	52
22	21289	52
22	21290	53
22	21291	52
22	21292	52
22	21293	53
22	21294	52
22	21295	52
22	21296	53
22	21297	54
22	21298	54
22	21299	54
22	21300	54
22	21301	54
22	21302	54
22	21303	54
22	21304	54
22	21305	54
22	21306	54
22	21307	58
22	21308	59
22	21309	61
22	21310	61
22	21311	61
22	21312	61
22	21313	60
22	21314	58
22	21315	58
22	21316	58
22	21317	58
22	21318	59
22	21319	59
22	21320	60
22	21321	59
22	21322	58
22	21323	58
22	21324	59
22	21325	59
22	21326	59
22	21327	59
22	21328	59
22	21329	63
22	21330	63
22	21331	63
22	21332	65
22	21333	64
22	21334	64
22	21335	64
22	21336	64
22	21337	65
22	21338	66
22	21339	66
22	21340	66
22	21341	66
22	21342	68
22	21343	68
22	21344	68
22	21345	68
22	21346	68
22	21347	68
22	21348	68
22	21349	68
22	21350	68
22	21351	68
22	21352	68
22	21353	68
22	21354	68
22	21355	68
22	21356	68
22	21357	68
22	21358	68
22	21359	68
22	21360	68
22	21361	68
22	21362	67
22	21363	67
22	21364	67
22	21365	68
22	21366	68
22	21367	68
22	21368	68
22	21369	66
22	21370	67
22	21371	67
22	21372	67
22	21373	67
22	21374	65
22	21375	66
22	21376	66
22	21377	66
22	21378	65
22	21379	65
22	21380	65
22	21381	65
22	21382	61
22	21383	61
22	21384	62
22	21385	63
22	21386	64
22	21387	64
22	21388	64
22	21389	64
22	21390	66
22	21391	72
22	21392	78
22	21393	77
22	21394	76
22	21395	75
22	21396	76
22	21397	78
22	21398	77
22	21399	78
22	21400	67
22	21401	67
22	21402	68
22	21403	68
22	21404	70
22	21405	70
22	21406	70
22	21407	70
22	21408	70
22	21409	70
22	21410	70
22	21411	70
22	21412	70
22	21413	70
22	21414	71
22	21415	73
22	21416	74
22	21417	75
22	21418	75
22	21419	73
22	21420	73
22	21421	73
22	21422	73
22	21423	73
22	21424	68
22	21425	69
22	21426	69
22	21427	69
22	21428	70
22	21429	70
22	21430	70
22	21431	70
22	21432	69
22	21433	70
22	21434	72
22	21435	72
22	21436	72
22	21437	72
22	21438	72
22	21439	71
22	21440	71
22	21441	71
22	21442	72
22	21443	71
22	21444	71
22	21445	72
22	21446	72
22	21447	72
22	21448	73
22	21449	73
22	21450	73
22	21451	73
22	21452	74
22	21453	73
22	21454	73
22	21455	73
22	21456	73
22	21457	67
22	21458	65
22	21459	66
22	21460	65
22	21461	66
22	21462	66
22	21463	69
22	21464	71
22	21465	71
22	21466	71
22	21467	71
22	21468	70
22	21469	70
22	21470	71
22	21471	71
22	21472	71
22	21473	71
22	21474	70
22	21475	70
22	21476	70
22	21477	70
22	21478	70
22	21479	66
22	21480	66
22	21481	64
22	21482	64
22	21483	65
22	21484	65
22	21485	64
22	21486	66
22	21487	67
22	21488	67
22	21489	67
22	21490	67
22	21491	67
22	21492	65
22	21493	65
22	21494	65
22	21495	66
22	21496	65
22	21497	65
22	21498	65
22	21499	65
22	21500	65
22	21501	65
22	21502	67
22	21503	67
22	21504	67
22	21505	67
22	21506	67
22	21507	66
22	21508	66
22	21509	67
22	21510	68
22	21511	69
22	21512	69
22	21513	69
22	21514	71
22	21515	71
22	21516	71
22	21517	71
22	21518	71
22	21519	71
22	21520	70
22	21521	69
22	21522	69
22	21523	67
22	21524	67
22	21525	68
22	21526	69
22	21527	69
22	21528	70
22	21529	71
22	21530	71
22	21531	71
22	21532	71
22	21533	72
22	21534	71
22	21535	69
22	21536	69
22	21537	69
22	21538	70
22	21539	70
22	21540	62
22	21541	61
22	21542	56
22	21543	56
22	21544	58
22	21545	58
22	21546	56
22	21547	53
22	21548	53
22	21549	54
22	21550	53
22	21551	53
22	21552	53
22	21553	53
22	21554	51
22	21555	52
22	21556	60
22	21557	60
22	21558	60
22	21559	61
22	21560	61
22	21561	61
22	21562	61
22	21563	61
22	21564	65
22	21565	62
22	21566	62
22	21567	61
22	21568	61
22	21569	61
22	21570	61
22	21571	63
22	21572	63
22	21573	63
22	21574	63
22	21575	62
22	21576	62
22	21577	61
22	21578	65
22	21579	65
22	21580	65
22	21581	65
22	21582	65
22	21583	65
22	21584	64
22	21585	64
22	21586	64
22	21587	63
22	21588	64
22	21589	67
22	21590	68
22	21591	68
22	21592	67
22	21593	67
22	21594	66
22	21595	64
22	21596	64
22	21597	63
22	21598	63
22	21599	63
22	21600	63
22	21601	64
22	21602	63
22	21603	63
22	21604	63
22	21605	63
22	21606	63
22	21607	63
22	21608	63
22	21609	63
22	21610	63
22	21611	63
22	21612	63
22	21613	61
22	21614	60
22	21615	61
22	21616	61
22	21617	61
22	21618	59
22	21619	59
22	21620	58
22	21621	58
22	21622	58
22	21623	58
22	21624	58
22	21625	58
22	21626	58
22	21627	59
22	21628	60
22	21629	60
22	21630	60
22	21631	60
22	21632	62
22	21633	61
22	21634	59
22	21635	59
22	21636	63
22	21637	60
22	21638	60
22	21639	60
22	21640	60
22	21641	60
22	21642	60
22	21643	63
22	21644	63
22	21645	62
22	21646	62
22	21647	63
22	21648	63
22	21649	63
22	21650	63
22	21651	63
22	21652	61
22	21653	61
22	21654	61
22	21655	61
22	21656	61
22	21657	62
22	21658	62
22	21659	60
22	21660	61
22	21661	63
22	21662	64
22	21663	64
22	21664	62
22	21665	62
22	21666	62
22	21667	62
22	21668	62
22	21669	62
22	21670	62
22	21671	62
22	21672	62
22	21673	62
22	21674	62
22	21675	60
22	21676	61
22	21677	61
22	21678	61
22	21679	61
22	21680	61
22	21681	62
22	21682	62
22	21683	62
22	21684	62
22	21685	62
22	21686	62
22	21687	61
22	21688	60
22	21689	60
22	21690	60
22	21691	60
22	21692	61
22	21693	61
22	21694	59
22	21695	58
22	21696	58
22	21697	61
22	21698	61
22	21699	60
22	21700	60
22	21701	60
22	21702	61
22	21703	64
22	21704	63
22	21705	63
22	21706	57
22	21707	56
22	21708	57
22	21709	56
22	21710	56
22	21711	56
22	21712	56
22	21713	57
22	21714	53
22	21715	53
22	21716	53
22	21717	53
22	21718	54
22	21719	54
22	21720	55
22	21721	53
22	21722	53
22	21723	53
22	21724	53
22	21725	54
22	21726	54
22	21727	51
22	21728	52
22	21729	52
22	21730	52
22	21731	52
22	21732	52
22	21733	51
22	21734	50
22	21735	51
22	21736	50
22	21737	48
22	21738	48
22	21739	50
22	21740	49
22	21741	48
22	21742	48
22	21743	48
22	21744	50
22	21745	50
22	21746	50
22	21747	50
22	21748	50
22	21749	50
22	21750	49
22	21751	49
22	21752	49
22	21753	49
22	21754	50
22	21755	50
22	21756	50
22	21757	51
22	21758	50
22	21759	50
22	21760	51
22	21761	51
22	21762	51
22	21763	49
22	21764	48
22	21765	48
22	21766	48
22	21767	49
22	21768	50
22	21769	50
22	21770	50
22	21771	50
22	21772	50
22	21773	50
22	21774	50
22	21775	50
22	21776	48
22	21777	48
22	21778	49
22	21779	52
22	21780	52
22	21781	51
22	21782	50
22	21783	51
22	21784	51
22	21785	51
22	21786	47
22	21787	49
22	21788	49
22	21789	50
22	21790	50
22	21791	50
22	21792	52
22	21793	51
22	21794	51
22	21795	51
22	21796	50
22	21797	50
22	21798	50
22	21799	50
22	21800	50
22	21801	50
22	21802	54
22	21803	54
22	21804	54
22	21805	55
22	21806	54
22	21807	54
22	21808	54
22	21809	54
22	21810	52
22	21811	50
22	21812	50
22	21813	50
22	21814	50
22	21815	50
22	21816	50
22	21817	50
22	21818	50
22	21819	50
22	21820	50
22	21821	50
22	21822	50
22	21823	50
22	21824	55
22	21825	54
22	21826	54
22	21827	57
22	21828	58
22	21829	58
22	21830	57
22	21831	57
22	21832	58
22	21833	57
22	21834	57
22	21835	57
22	21836	57
22	21837	58
22	21838	58
22	21839	58
22	21840	59
22	21841	59
22	21842	59
22	21843	59
22	21844	59
22	21845	60
22	21846	60
22	21847	57
22	21848	57
22	21849	57
22	21850	57
22	21851	56
22	21852	53
22	21853	53
22	21854	52
22	21855	51
22	21856	51
22	21857	51
22	21858	50
22	21859	50
22	21860	50
22	21861	50
22	21862	50
22	21863	49
22	21864	50
22	21865	51
22	21866	51
22	21867	51
22	21868	50
22	21869	50
22	21870	49
22	21871	49
22	21872	49
22	21873	49
22	21874	51
22	21875	51
22	21876	51
22	21877	51
22	21878	50
22	21879	50
22	21880	53
22	21881	53
22	21882	53
22	21883	53
22	21884	53
22	21885	54
22	21886	54
22	21887	54
22	21888	54
22	21889	52
22	21890	52
22	21891	52
22	21892	52
22	21893	53
22	21894	51
22	21895	51
22	21896	51
22	21897	51
22	21898	52
22	21899	52
22	21900	52
22	21901	52
22	21902	52
22	21903	52
22	21904	51
22	21905	51
22	21906	54
22	21907	53
22	21908	53
22	21909	53
22	21910	52
22	21911	51
22	21912	51
22	21913	52
22	21914	53
22	21915	53
22	21916	53
22	21917	52
22	21918	52
22	21919	52
22	21920	52
22	21921	52
22	21922	52
22	21923	52
22	21924	52
22	21925	52
22	21926	53
22	21927	53
22	21928	49
22	21929	49
22	21930	49
22	21931	49
22	21932	49
22	21933	49
22	21934	50
22	21935	50
22	21936	50
22	21937	50
22	21938	50
22	21939	49
22	21940	49
22	21941	49
22	21942	48
22	21943	46
22	21944	46
22	21945	46
22	21946	46
22	21947	46
22	21948	46
22	21949	47
22	21950	47
22	21951	43
22	21952	43
22	21953	43
22	21954	43
22	21955	42
22	21956	42
22	21957	43
22	21958	43
22	21959	42
22	21960	42
22	21961	42
22	21962	42
22	21963	44
22	21964	44
22	21965	44
22	21966	44
22	21967	44
22	21968	43
22	21969	43
22	21970	44
22	21971	43
22	21972	43
22	21973	40
22	21974	40
22	21975	40
22	21976	36
22	21977	35
22	21978	38
22	21979	38
22	21980	38
22	21981	38
22	21982	37
22	21983	38
22	21984	38
22	21985	38
22	21986	38
22	21987	37
22	21988	37
22	21989	37
22	21990	36
22	21991	35
22	21992	36
22	21993	36
22	21994	36
22	21995	36
22	21996	36
22	21997	36
22	21998	36
22	21999	36
22	22000	36
22	22001	36
22	22002	36
22	22003	36
22	22004	36
22	22005	36
22	22006	36
22	22007	36
22	22008	36
22	22009	36
22	22010	36
22	22011	36
22	22012	36
22	22013	36
22	22014	35
22	22015	34
22	22016	34
22	22017	34
22	22018	34
22	22019	34
22	22020	35
22	22021	35
22	22022	35
22	22023	35
22	22024	33
22	22025	33
22	22026	32
22	22027	32
22	22028	32
22	22029	32
22	22030	29
22	22031	29
22	22032	29
22	22033	29
22	22034	30
22	22035	30
22	22036	30
22	22037	31
22	22038	31
22	22039	32
22	22040	31
22	22041	31
22	22042	31
22	22043	31
22	22044	32
22	22045	32
22	22046	31
22	22047	31
22	22048	31
22	22049	31
22	22050	31
22	22051	31
22	22052	31
22	22053	32
22	22054	29
22	22055	29
22	22056	29
22	22057	29
22	22058	28
22	22059	28
22	22060	29
22	22061	29
22	22062	32
22	22063	31
22	22064	31
22	22065	32
22	22066	32
22	22067	32
22	22068	32
22	22069	32
22	22070	32
22	22071	32
22	22072	32
22	22073	33
22	22074	33
22	22075	33
22	22076	32
22	22077	33
22	22078	33
22	22079	33
22	22080	33
22	22081	33
22	22082	33
22	22083	32
22	22084	32
22	22085	32
22	22086	32
22	22087	31
22	22088	31
22	22089	31
22	22090	30
22	22091	30
22	22092	30
22	22093	30
22	22094	30
22	22095	30
22	22096	30
22	22097	30
22	22098	31
22	22099	31
22	22100	31
22	22101	31
22	22102	30
22	22103	32
22	22104	33
22	22105	34
22	22106	34
22	22107	33
22	22108	33
22	22109	34
22	22110	34
22	22111	34
22	22112	32
22	22113	32
22	22114	32
22	22115	32
22	22116	33
22	22117	33
22	22118	39
22	22119	39
22	22120	39
22	22121	39
22	22122	39
22	22123	39
22	22124	40
22	22125	40
22	22126	40
22	22127	36
22	22128	36
22	22129	36
22	22130	37
22	22131	37
22	22132	36
22	22133	36
22	22134	36
22	22135	37
22	22136	36
22	22137	36
22	22138	37
22	22139	39
22	22140	40
22	22141	40
22	22142	39
22	22143	39
22	22144	38
22	22145	38
22	22146	38
22	22147	38
22	22148	38
22	22149	38
22	22150	38
22	22151	38
22	22152	38
22	22153	38
22	22154	39
22	22155	39
22	22156	39
22	22157	40
22	22158	41
22	22159	41
22	22160	41
22	22161	41
22	22162	41
22	22163	42
22	22164	43
22	22165	43
22	22166	43
22	22167	43
22	22168	43
22	22169	42
22	22170	42
22	22171	44
22	22172	44
22	22173	43
22	22174	43
22	22175	43
22	22176	43
22	22177	43
22	22178	43
22	22179	43
22	22180	43
22	22181	43
22	22182	43
22	22183	43
22	22184	41
22	22185	41
22	22186	40
22	22187	39
22	22188	39
22	22189	38
22	22190	38
22	22191	39
22	22192	39
22	22193	39
22	22194	39
22	22195	39
22	22196	39
22	22197	39
22	22198	39
22	22199	39
22	22200	39
22	22201	39
22	22202	38
22	22203	38
22	22204	38
22	22205	38
22	22206	39
22	22207	39
22	22208	39
22	22209	38
22	22210	38
22	22211	38
22	22212	35
22	22213	35
22	22214	34
22	22215	33
22	22216	33
22	22217	33
22	22218	33
22	22219	33
22	22220	33
22	22221	33
22	22222	32
22	22223	32
22	22224	32
22	22225	32
22	22226	32
22	22227	32
22	22228	33
22	22229	33
22	22230	33
22	22231	35
22	22232	37
22	22233	38
22	22234	38
22	22235	41
22	22236	41
22	22237	44
22	22238	44
22	22239	44
22	22240	44
22	22241	44
22	22242	44
22	22243	44
22	22244	44
22	22245	44
22	22246	44
22	22247	44
22	22248	43
22	22249	43
22	22250	43
22	22251	43
22	22252	43
22	22253	40
22	22254	39
22	22255	39
22	22256	39
22	22257	39
22	22258	39
22	22259	39
22	22260	39
22	22261	39
22	22262	39
22	22263	39
22	22264	39
22	22265	39
22	22266	38
22	22267	33
22	22268	32
22	22269	32
22	22270	31
22	22271	31
22	22272	32
22	22273	32
22	22274	31
22	22275	31
22	22276	31
22	22277	31
22	22278	31
22	22279	31
22	22280	30
22	22281	30
22	22282	30
22	22283	30
22	22284	30
22	22285	30
22	22286	30
22	22287	31
22	22288	29
22	22289	27
22	22290	27
22	22291	27
22	22292	27
22	22293	27
22	22294	27
22	22295	27
22	22296	27
22	22297	27
22	22298	27
22	22299	27
22	22300	27
22	22301	27
22	22302	27
22	22303	26
22	22304	26
22	22305	26
22	22306	27
22	22307	26
22	22308	25
22	22309	25
22	22310	25
22	22311	25
22	22312	25
22	22313	24
22	22314	22
22	22315	23
22	22316	23
22	22317	23
22	22318	23
22	22319	23
22	22320	21
22	22321	21
22	22322	21
22	22323	21
22	22324	21
22	22325	21
22	22326	25
22	22327	26
22	22328	26
22	22329	26
22	22330	26
22	22331	26
22	22332	26
22	22333	26
22	22334	27
22	22335	28
22	22336	28
22	22337	28
22	22338	28
22	22339	28
22	22340	29
22	22341	29
22	22342	29
22	22343	31
22	22344	31
22	22345	31
22	22346	31
22	22347	31
22	22348	31
22	22349	35
22	22350	35
22	22351	35
22	22352	35
22	22353	35
22	22354	35
22	22355	35
22	22356	34
22	22357	34
22	22358	34
22	22359	34
22	22360	34
22	22361	34
22	22362	34
22	22363	34
22	22364	34
22	22365	34
22	22366	34
22	22367	34
22	22368	37
22	22369	37
22	22370	37
22	22371	38
22	22372	39
22	22373	39
22	22374	39
22	22375	39
22	22376	41
22	22377	40
22	22378	39
22	22379	39
22	22380	39
22	22381	37
22	22382	36
22	22383	35
22	22384	35
22	22385	32
22	22386	31
22	22387	28
22	22388	28
22	22389	28
22	22390	28
22	22391	28
22	22392	28
22	22393	28
22	22394	28
22	22395	28
22	22396	28
22	22397	28
22	22398	28
22	22399	28
22	22400	28
22	22401	28
22	22402	28
22	22403	28
22	22404	28
22	22405	28
22	22406	29
22	22407	28
22	22408	28
22	22409	28
22	22410	28
22	22411	29
22	22412	29
22	22413	29
22	22414	29
22	22415	29
22	22416	29
22	22417	27
22	22418	27
22	22419	27
22	22420	27
22	22421	27
22	22422	27
22	22423	27
22	22424	31
22	22425	31
22	22426	31
22	22427	31
22	22428	31
22	22429	32
22	22430	32
22	22431	32
22	22432	32
22	22433	32
22	22434	32
22	22435	32
22	22436	32
22	22437	32
22	22438	33
22	22439	33
22	22440	33
22	22441	33
22	22442	33
22	22443	33
22	22444	34
22	22445	34
22	22446	34
22	22447	34
22	22448	34
22	22449	34
22	22450	35
22	22451	35
22	22452	36
22	22453	35
22	22454	34
22	22455	35
22	22456	35
22	22457	34
22	22458	34
22	22459	34
22	22460	35
22	22461	40
22	22462	40
22	22463	40
22	22464	40
22	22465	40
22	22466	42
22	22467	43
22	22468	38
22	22469	40
22	22470	41
22	22471	41
22	22472	41
22	22473	41
22	22474	41
22	22475	41
22	22476	41
22	22477	41
22	22478	41
22	22479	42
22	22480	42
22	22481	42
22	22482	42
22	22483	42
22	22484	42
22	22485	42
22	22486	42
22	22487	42
22	22488	42
22	22489	42
22	22490	42
22	22491	42
22	22492	42
22	22493	42
22	22494	42
22	22495	42
22	22496	39
22	22497	39
22	22498	39
22	22499	39
22	22500	39
22	22501	39
22	22502	39
22	22503	39
22	22504	39
22	22505	39
22	22506	39
22	22507	39
22	22508	39
22	22509	41
22	22510	41
22	22511	41
22	22512	41
22	22513	41
22	22514	41
22	22515	41
22	22516	41
22	22517	42
22	22518	39
22	22519	39
22	22520	38
22	22521	37
22	22522	38
22	22523	36
22	22524	37
22	22525	37
22	22526	37
22	22527	37
22	22528	37
22	22529	37
22	22530	37
22	22531	37
22	22532	37
22	22533	37
22	22534	37
22	22535	37
22	22536	37
22	22537	39
22	22538	39
22	22539	39
22	22540	39
22	22541	40
22	22542	40
22	22543	40
22	22544	40
22	22545	40
22	22546	40
22	22547	40
22	22548	40
22	22549	40
22	22550	43
22	22551	43
22	22552	45
22	22553	45
22	22554	45
22	22555	44
22	22556	44
22	22557	44
22	22558	46
22	22559	47
22	22560	47
22	22561	46
22	22562	48
22	22563	48
22	22564	50
22	22565	50
22	22566	51
22	22567	53
22	22568	53
22	22569	53
22	22570	53
22	22571	53
22	22572	53
22	22573	51
22	22574	50
22	22575	50
22	22576	51
22	22577	51
22	22578	52
22	22579	52
22	22580	52
22	22581	52
22	22582	52
22	22583	52
22	22584	52
22	22585	52
22	22586	51
22	22587	51
22	22588	50
22	22589	49
22	22590	49
22	22591	49
22	22592	49
22	22593	49
22	22594	53
22	22595	53
22	22596	53
22	22597	53
22	22598	53
22	22599	53
22	22600	52
22	22601	53
22	22602	52
22	22603	52
22	22604	52
22	22605	51
22	22606	51
22	22607	51
22	22608	51
22	22609	52
22	22610	51
22	22611	46
22	22612	45
22	22613	45
22	22614	45
22	22615	47
22	22616	47
22	22617	46
22	22618	46
22	22619	45
22	22620	44
22	22621	44
22	22622	44
22	22623	44
22	22624	44
22	22625	44
22	22626	46
22	22627	46
22	22628	46
22	22629	45
22	22630	45
22	22631	45
22	22632	45
22	22633	45
22	22634	46
22	22635	46
22	22636	46
22	22637	46
22	22638	46
22	22639	46
22	22640	46
22	22641	46
22	22642	46
22	22643	45
22	22644	45
22	22645	48
22	22646	48
22	22647	48
22	22648	48
22	22649	50
22	22650	50
22	22651	50
22	22652	50
22	22653	50
22	22654	50
22	22655	51
22	22656	54
22	22657	55
22	22658	54
22	22659	54
22	22660	54
22	22661	54
22	22662	54
22	22663	54
22	22664	54
22	22665	53
22	22666	53
22	22667	53
22	22668	53
22	22669	53
22	22670	52
22	22671	52
22	22672	52
22	22673	52
22	22674	51
22	22675	51
22	22676	51
22	22677	52
22	22678	52
22	22679	52
22	22680	52
22	22681	52
22	22682	52
22	22683	52
22	22684	52
22	22685	52
22	22686	51
22	22687	50
22	22688	50
22	22689	50
22	22690	51
22	22691	51
22	22692	52
22	22693	52
22	22694	52
22	22695	53
22	22696	54
22	22697	54
22	22698	54
22	22699	51
22	22700	51
22	22701	50
22	22702	49
22	22703	49
22	22704	49
22	22705	51
22	22706	49
22	22707	50
22	22708	52
22	22709	51
22	22710	51
22	22711	51
22	22712	49
22	22713	49
22	22714	47
22	22715	47
22	22716	46
22	22717	46
22	22718	46
22	22719	46
22	22720	46
22	22721	46
22	22722	46
22	22723	44
22	22724	43
22	22725	43
22	22726	43
22	22727	43
22	22728	44
22	22729	45
22	22730	45
22	22731	45
22	22732	45
22	22733	45
22	22734	47
22	22735	50
22	22736	50
22	22737	50
22	22738	50
22	22739	50
22	22740	50
22	22741	50
22	22742	49
22	22743	45
22	22744	45
22	22745	46
22	22746	46
22	22747	46
22	22748	46
22	22749	46
22	22750	45
22	22751	45
22	22752	45
22	22753	45
22	22754	45
22	22755	46
22	22756	50
22	22757	50
22	22758	49
22	22759	49
22	22760	49
22	22761	49
22	22762	50
22	22763	50
22	22764	50
22	22765	46
22	22766	46
22	22767	46
22	22768	46
22	22769	45
22	22770	45
22	22771	45
22	22772	45
22	22773	46
22	22774	46
22	22775	46
22	22776	44
22	22777	44
22	22778	46
22	22779	46
22	22780	46
22	22781	47
22	22782	48
22	22783	48
22	22784	46
22	22785	46
22	22786	47
22	22787	47
22	22788	47
22	22789	47
22	22790	47
22	22791	47
22	22792	47
22	22793	49
22	22794	49
22	22795	46
22	22796	46
22	22797	47
22	22798	50
22	22799	48
22	22800	48
22	22801	48
22	22802	47
22	22803	47
22	22804	47
22	22805	44
22	22806	44
22	22807	43
22	22808	42
22	22809	43
22	22810	43
22	22811	44
22	22812	44
22	22813	44
22	22814	44
22	22815	44
22	22816	44
22	22817	44
22	22818	44
22	22819	44
22	22820	44
22	22821	44
22	22822	44
22	22823	43
22	22824	43
22	22825	44
22	22826	42
22	22827	43
22	22828	43
22	22829	43
22	22830	43
22	22831	43
22	22832	43
22	22833	46
22	22834	46
22	22835	46
22	22836	48
22	22837	48
22	22838	48
22	22839	47
22	22840	45
22	22841	46
22	22842	46
22	22843	46
22	22844	47
22	22845	46
22	22846	45
22	22847	45
22	22848	46
22	22849	46
22	22850	45
22	22851	45
22	22852	47
22	22853	47
22	22854	46
22	22855	46
22	22856	46
22	22857	45
22	22858	43
22	22859	43
22	22860	43
22	22861	43
22	22862	43
22	22863	44
22	22864	44
22	22865	45
22	22866	44
22	22867	43
22	22868	43
22	22869	44
22	22870	43
22	22871	44
22	22872	42
22	22873	42
22	22874	44
22	22875	44
22	22876	44
22	22877	44
22	22878	44
22	22879	43
22	22880	43
22	22881	43
22	22882	43
22	22883	38
22	22884	38
22	22885	38
22	22886	38
22	22887	38
22	22888	38
22	22889	39
22	22890	40
22	22891	40
22	22892	41
22	22893	41
22	22894	40
22	22895	41
22	22896	41
22	22897	41
22	22898	41
22	22899	41
22	22900	41
22	22901	41
22	22902	42
22	22903	41
22	22904	41
22	22905	38
22	22906	38
22	22907	38
22	22908	39
22	22909	39
22	22910	40
22	22911	40
22	22912	39
22	22913	40
22	22914	40
22	22915	40
22	22916	40
22	22917	41
22	22918	41
22	22919	41
22	22920	41
22	22921	41
22	22922	40
22	22923	40
22	22924	40
22	22925	40
22	22926	41
22	22927	42
22	22928	40
22	22929	40
22	22930	40
22	22931	39
22	22932	38
22	22933	38
22	22934	38
22	22935	37
22	22936	37
22	22937	37
22	22938	37
22	22939	37
22	22940	37
22	22941	37
22	22942	37
22	22943	35
22	22944	35
22	22945	35
22	22946	35
22	22947	31
22	22948	31
22	22949	32
22	22950	32
22	22951	32
22	22952	32
22	22953	32
22	22954	32
22	22955	32
22	22956	32
22	22957	32
22	22958	32
22	22959	31
22	22960	32
22	22961	32
22	22962	33
22	22963	33
22	22964	34
22	22965	34
22	22966	35
22	22967	35
22	22968	35
22	22969	36
22	22970	36
22	22971	38
22	22972	39
22	22973	42
22	22974	43
22	22975	43
22	22976	43
22	22977	43
22	22978	43
22	22979	43
22	22980	43
22	22981	43
22	22982	43
22	22983	40
22	22984	40
22	22985	40
22	22986	38
22	22987	38
22	22988	38
22	22989	38
22	22990	38
22	22991	37
22	22992	37
22	22993	37
22	22994	36
22	22995	37
22	22996	37
22	22997	36
22	22998	36
22	22999	36
22	23000	36
22	23001	35
22	23002	35
22	23003	35
22	23004	35
22	23005	35
22	23006	35
22	23007	35
22	23008	36
22	23009	36
22	23010	37
22	23011	37
22	23012	36
22	23013	36
22	23014	35
22	23015	35
22	23016	36
22	23017	37
22	23018	37
22	23019	36
22	23020	36
22	23021	37
22	23022	38
22	23023	39
22	23024	37
22	23025	37
22	23026	37
22	23027	35
22	23028	35
22	23029	35
22	23030	35
22	23031	36
22	23032	36
22	23033	36
22	23034	36
22	23035	36
22	23036	36
22	23037	34
22	23038	34
22	23039	34
22	23040	34
22	23041	33
22	23042	34
22	23043	34
22	23044	35
22	23045	35
22	23046	35
22	23047	35
22	23048	35
22	23049	34
22	23050	34
22	23051	34
22	23052	34
22	23053	36
22	23054	37
22	23055	37
22	23056	37
22	23057	36
22	23058	36
22	23059	36
22	23060	35
22	23061	35
22	23062	37
22	23063	36
22	23064	36
22	23065	36
22	23066	37
22	23067	36
22	23068	36
22	23069	36
22	23070	36
22	23071	36
22	23072	35
22	23073	36
22	23074	36
22	23075	36
22	23076	36
22	23077	35
22	23078	35
22	23079	35
22	23080	35
22	23081	35
22	23082	35
22	23083	35
22	23084	37
22	23085	37
22	23086	37
22	23087	37
22	23088	38
22	23089	38
22	23090	38
22	23091	38
22	23092	38
22	23093	38
22	23094	39
22	23095	39
22	23096	39
22	23097	39
22	23098	39
22	23099	38
22	23100	38
22	23101	38
22	23102	38
22	23103	38
22	23104	38
22	23105	39
22	23106	39
22	23107	38
22	23108	38
22	23109	39
22	23110	39
22	23111	39
22	23112	38
22	23113	37
22	23114	38
22	23115	38
22	23116	37
22	23117	39
22	23118	38
22	23119	39
22	23120	39
22	23121	37
22	23122	36
22	23123	32
22	23124	32
22	23125	32
22	23126	32
22	23127	32
22	23128	32
22	23129	32
22	23130	32
22	23131	33
22	23132	33
22	23133	33
22	23134	34
22	23135	34
22	23136	34
22	23137	36
22	23138	36
22	23139	38
22	23140	39
22	23141	39
22	23142	39
22	23143	38
22	23144	38
22	23145	38
22	23146	38
22	23147	38
22	23148	38
22	23149	39
22	23150	39
22	23151	39
22	23152	39
22	23153	39
22	23154	39
22	23155	40
22	23156	40
22	23157	40
22	23158	39
22	23159	39
22	23160	40
22	23161	40
22	23162	41
22	23163	41
22	23164	42
22	23165	42
22	23166	42
22	23167	41
22	23168	41
22	23169	42
22	23170	42
22	23171	41
22	23172	40
22	23173	39
22	23174	39
22	23175	39
22	23176	38
22	23177	38
22	23178	38
22	23179	38
22	23180	38
22	23181	38
22	23182	38
22	23183	39
22	23184	39
22	23185	39
22	23186	39
22	23187	39
22	23188	39
22	23189	39
22	23190	39
22	23191	39
22	23192	38
22	23193	38
22	23194	38
22	23195	37
22	23196	38
22	23197	38
22	23198	38
22	23199	39
22	23200	39
22	23201	39
22	23202	39
22	23203	37
22	23204	36
22	23205	36
22	23206	40
22	23207	40
22	23208	40
22	23209	40
22	23210	40
22	23211	41
22	23212	39
22	23213	39
22	23214	39
22	23215	38
22	23216	38
22	23217	39
22	23218	40
22	23219	40
22	23220	40
22	23221	40
22	23222	42
22	23223	42
22	23224	43
22	23225	43
22	23226	43
22	23227	43
22	23228	43
22	23229	43
22	23230	44
22	23231	44
22	23232	44
22	23233	42
22	23234	42
22	23235	42
22	23236	44
22	23237	44
22	23238	44
22	23239	44
22	23240	45
22	23241	45
22	23242	46
22	23243	46
22	23244	45
22	23245	45
22	23246	46
22	23247	46
22	23248	47
22	23249	48
22	23250	49
22	23251	50
22	23252	50
22	23253	50
22	23254	49
22	23255	49
22	23256	49
22	23257	50
22	23258	49
22	23259	49
22	23260	50
22	23261	50
22	23262	50
22	23263	50
22	23264	49
22	23265	49
22	23266	49
22	23267	47
22	23268	47
22	23269	47
22	23270	47
22	23271	47
22	23272	47
22	23273	47
22	23274	47
22	23275	47
22	23276	47
22	23277	47
22	23278	47
22	23279	49
22	23280	48
22	23281	48
22	23282	50
22	23283	49
22	23284	51
22	23285	51
22	23286	50
22	23287	51
22	23288	50
22	23289	50
22	23290	51
22	23291	51
22	23292	51
22	23293	51
22	23294	51
22	23295	51
22	23296	51
22	23297	53
22	23298	52
22	23299	52
22	23300	52
22	23301	52
22	23302	52
22	23303	51
22	23304	50
22	23305	52
22	23306	52
22	23307	54
22	23308	56
22	23309	55
22	23310	54
22	23311	54
22	23312	53
22	23313	52
22	23314	52
22	23315	52
22	23316	52
22	23317	53
22	23318	52
22	23319	52
22	23320	52
22	23321	52
22	23322	52
22	23323	52
22	23324	54
22	23325	54
22	23326	54
22	23327	54
22	23328	54
22	23329	54
22	23330	54
22	23331	53
22	23332	54
22	23333	53
22	23334	53
22	23335	53
22	23336	54
22	23337	54
22	23338	54
22	23339	54
22	23340	55
22	23341	55
22	23342	55
22	23343	54
22	23344	54
22	23345	54
22	23346	53
22	23347	53
22	23348	53
22	23349	53
22	23350	53
22	23351	54
22	23352	54
22	23353	54
22	23354	54
22	23355	50
22	23356	50
22	23357	50
22	23358	50
22	23359	49
22	23360	50
22	23361	50
22	23362	50
22	23363	50
22	23364	50
22	23365	50
22	23366	50
22	23367	49
22	23368	50
22	23369	50
22	23370	50
22	23371	52
22	23372	50
22	23373	50
22	23374	49
22	23375	49
22	23376	48
22	23377	48
22	23378	48
22	23379	47
22	23380	47
22	23381	56
22	23382	56
22	23383	56
22	23384	57
22	23385	58
22	23386	57
22	23387	58
22	23388	58
22	23389	58
22	23390	57
22	23391	57
22	23392	56
22	23393	56
22	23394	56
22	23395	57
22	23396	56
22	23397	56
22	23398	57
22	23399	56
22	23400	55
22	23401	56
22	23402	56
22	23403	56
22	23404	56
22	23405	56
22	23406	58
22	23407	58
22	23408	57
22	23409	57
22	23410	57
22	23411	58
22	23412	61
22	23413	61
22	23414	61
22	23415	61
22	23416	61
22	23417	61
22	23418	60
22	23419	60
22	23420	60
22	23421	62
22	23422	62
22	23423	62
22	23424	62
22	23425	62
22	23426	62
22	23427	63
22	23428	63
22	23429	61
22	23430	61
22	23431	61
22	23432	59
22	23433	56
22	23434	56
22	23435	57
22	23436	57
22	23437	57
22	23438	58
22	23439	56
22	23440	55
22	23441	55
22	23442	55
22	23443	55
22	23444	55
22	23445	56
22	23446	56
22	23447	54
22	23448	57
22	23449	57
22	23450	59
22	23451	58
22	23452	59
22	23453	60
22	23454	60
22	23455	59
22	23456	60
22	23457	56
22	23458	56
22	23459	56
22	23460	56
22	23461	57
22	23462	57
22	23463	57
22	23464	56
22	23465	56
22	23466	56
22	23467	56
22	23468	56
22	23469	56
22	23470	56
22	23471	56
22	23472	56
22	23473	54
22	23474	54
22	23475	54
22	23476	56
22	23477	56
22	23478	56
22	23479	56
22	23480	56
22	23481	55
22	23482	55
22	23483	55
22	23484	55
22	23485	54
22	23486	54
22	23487	55
22	23488	54
22	23489	54
22	23490	54
22	23491	57
22	23492	57
22	23493	57
22	23494	57
22	23495	57
22	23496	57
22	23497	59
22	23498	58
22	23499	59
22	23500	59
22	23501	58
22	23502	58
22	23503	58
22	23504	58
22	23505	58
22	23506	58
22	23507	59
22	23508	59
22	23509	59
22	23510	58
22	23511	58
22	23512	58
22	23513	58
22	23514	58
22	23515	58
22	23516	58
22	23517	57
22	23518	56
22	23519	57
22	23520	57
22	23521	57
22	23522	59
22	23523	59
22	23524	59
22	23525	61
22	23526	62
22	23527	62
22	23528	62
22	23529	58
22	23530	59
22	23531	56
22	23532	56
22	23533	54
22	23534	53
22	23535	54
22	23536	57
22	23537	55
22	23538	55
22	23539	55
22	23540	56
22	23541	56
22	23542	58
22	23543	58
22	23544	57
22	23545	58
22	23546	59
22	23547	59
22	23548	59
22	23549	59
22	23550	59
22	23551	58
22	23552	58
22	23553	58
22	23554	58
22	23555	55
22	23556	55
22	23557	55
22	23558	56
22	23559	56
22	23560	55
22	23561	52
22	23562	51
22	23563	52
22	23564	52
22	23565	52
22	23566	52
22	23567	53
22	23568	53
22	23569	53
22	23570	53
22	23571	52
22	23572	53
22	23573	53
22	23574	53
22	23575	53
22	23576	52
22	23577	52
22	23578	52
22	23579	53
22	23580	53
22	23581	53
22	23582	53
22	23583	53
22	23584	53
22	23585	53
22	23586	52
22	23587	52
22	23588	51
22	23589	51
22	23590	51
22	23591	51
22	23592	53
22	23593	54
22	23594	54
22	23595	55
22	23596	55
22	23597	52
22	23598	52
22	23599	52
22	23600	50
22	23601	50
22	23602	49
22	23603	49
22	23604	49
22	23605	49
22	23606	49
22	23607	49
22	23608	49
22	23609	49
22	23610	49
22	23611	49
22	23612	49
22	23613	49
22	23614	49
22	23615	48
22	23616	48
22	23617	48
22	23618	48
22	23619	48
22	23620	50
22	23621	50
22	23622	51
22	23623	51
22	23624	51
22	23625	49
22	23626	49
22	23627	49
22	23628	49
22	23629	50
22	23630	50
22	23631	50
22	23632	52
22	23633	52
22	23634	52
22	23635	54
22	23636	53
22	23637	53
22	23638	53
22	23639	53
22	23640	53
22	23641	50
22	23642	50
22	23643	53
22	23644	53
22	23645	53
22	23646	52
22	23647	53
22	23648	52
22	23649	53
22	23650	53
22	23651	53
22	23652	54
22	23653	54
22	23654	54
22	23655	54
22	23656	54
22	23657	54
22	23658	54
22	23659	54
22	23660	54
22	23661	56
22	23662	55
22	23663	55
22	23664	56
22	23665	57
22	23666	59
22	23667	59
22	23668	59
22	23669	58
22	23670	58
22	23671	54
22	23672	54
22	23673	54
22	23674	56
22	23675	54
22	23676	56
22	23677	58
22	23678	58
22	23679	55
22	23680	58
22	23681	58
22	23682	59
22	23683	60
22	23684	60
22	23685	58
22	23686	58
22	23687	58
22	23688	58
22	23689	58
22	23690	59
22	23691	58
22	23692	57
22	23693	57
22	23694	57
22	23695	57
22	23696	56
22	23697	56
22	23698	56
22	23699	56
22	23700	56
22	23701	56
22	23702	56
22	23703	56
22	23704	56
22	23705	56
22	23706	59
22	23707	59
22	23708	58
22	23709	58
22	23710	58
22	23711	57
22	23712	58
22	23713	58
22	23714	58
22	23715	58
22	23716	58
22	23717	57
22	23718	57
22	23719	57
22	23720	57
22	23721	57
22	23722	58
22	23723	58
22	23724	58
22	23725	58
22	23726	57
22	23727	57
22	23728	57
22	23729	57
22	23730	57
22	23731	57
22	23732	57
22	23733	56
22	23734	56
22	23735	57
22	23736	59
22	23737	59
22	23738	59
22	23739	59
22	23740	60
22	23741	58
22	23742	65
22	23743	65
22	23744	62
22	23745	63
22	23746	63
22	23747	64
22	23748	65
22	23749	65
22	23750	65
22	23751	65
22	23752	66
22	23753	65
22	23754	64
22	23755	64
22	23756	64
22	23757	64
22	23758	64
22	23759	63
22	23760	63
22	23761	64
22	23762	64
22	23763	64
22	23764	64
22	23765	64
22	23766	64
22	23767	66
22	23768	66
22	23769	66
22	23770	64
22	23771	64
22	23772	64
22	23773	64
22	23774	64
22	23775	64
22	23776	64
22	23777	64
22	23778	63
22	23779	63
22	23780	63
22	23781	63
22	23782	62
22	23783	62
22	23784	62
22	23785	61
22	23786	61
22	23787	61
22	23788	61
22	23789	61
22	23790	63
22	23791	63
22	23792	63
22	23793	60
22	23794	60
22	23795	61
22	23796	61
22	23797	59
22	23798	59
22	23799	59
22	23800	59
22	23801	59
22	23802	56
22	23803	56
22	23804	56
22	23805	56
22	23806	56
22	23807	55
22	23808	55
22	23809	56
22	23810	56
22	23811	56
22	23812	56
22	23813	56
22	23814	55
22	23815	54
22	23816	52
22	23817	52
22	23818	52
22	23819	52
22	23820	52
22	23821	52
22	23822	53
22	23823	53
22	23824	50
22	23825	48
22	23826	47
22	23827	47
22	23828	47
22	23829	47
22	23830	44
22	23831	44
22	23832	43
22	23833	42
22	23834	42
22	23835	42
22	23836	42
22	23837	42
22	23838	42
22	23839	42
22	23840	42
22	23841	42
22	23842	42
22	23843	42
22	23844	42
22	23845	41
22	23846	41
22	23847	40
22	23848	40
22	23849	40
22	23850	40
22	23851	40
22	23852	42
22	23853	42
22	23854	42
22	23855	41
22	23856	39
22	23857	39
22	23858	39
22	23859	39
22	23860	40
22	23861	40
22	23862	40
22	23863	40
22	23864	40
22	23865	42
22	23866	42
22	23867	42
22	23868	42
22	23869	42
22	23870	43
22	23871	43
22	23872	42
22	23873	43
22	23874	43
22	23875	44
22	23876	44
22	23877	44
22	23878	44
22	23879	44
22	23880	44
22	23881	44
22	23882	50
22	23883	50
22	23884	51
22	23885	50
22	23886	49
22	23887	49
22	23888	49
22	23889	49
22	23890	48
22	23891	40
22	23892	40
22	23893	41
22	23894	43
22	23895	42
22	23896	43
22	23897	41
22	23898	41
22	23899	41
22	23900	41
22	23901	41
22	23902	40
22	23903	40
22	23904	40
22	23905	40
22	23906	42
22	23907	42
22	23908	43
22	23909	44
22	23910	44
22	23911	43
22	23912	44
22	23913	45
22	23914	46
22	23915	44
22	23916	44
22	23917	44
22	23918	46
22	23919	45
22	23920	45
22	23921	46
22	23922	46
22	23923	46
22	23924	46
22	23925	46
22	23926	48
22	23927	48
22	23928	48
22	23929	48
22	23930	48
22	23931	48
22	23932	49
22	23933	49
22	23934	49
22	23935	48
22	23936	48
22	23937	48
22	23938	48
22	23939	46
22	23940	48
22	23941	49
22	23942	49
22	23943	49
22	23944	49
22	23945	48
22	23946	48
22	23947	47
22	23948	47
22	23949	47
22	23950	47
22	23951	47
22	23952	47
22	23953	47
22	23954	47
22	23955	47
22	23956	46
22	23957	46
22	23958	46
22	23959	46
22	23960	46
22	23961	46
22	23962	46
22	23963	48
22	23964	48
22	23965	48
22	23966	48
22	23967	48
22	23968	48
22	23969	48
22	23970	48
22	23971	47
22	23972	47
22	23973	47
22	23974	47
22	23975	46
22	23976	46
22	23977	47
22	23978	47
22	23979	50
22	23980	51
22	23981	52
22	23982	52
22	23983	52
22	23984	50
22	23985	51
22	23986	50
22	23987	50
22	23988	50
22	23989	50
22	23990	50
22	23991	50
22	23992	50
22	23993	52
22	23994	52
22	23995	53
22	23996	54
22	23997	54
22	23998	53
22	23999	52
22	24000	52
22	24001	52
22	24002	50
22	24003	50
22	24004	50
22	24005	50
22	24006	52
22	24007	53
22	24008	53
22	24009	53
22	24010	52
22	24011	51
22	24012	51
22	24013	51
22	24014	51
22	24015	52
22	24016	52
22	24017	52
22	24018	53
22	24019	53
22	24020	52
22	24021	53
22	24022	53
22	24023	52
22	24024	52
22	24025	51
22	24026	51
22	24027	52
22	24028	52
22	24029	52
22	24030	46
22	24031	45
22	24032	46
22	24033	45
22	24034	46
22	24035	45
22	24036	46
22	24037	46
22	24038	46
22	24039	48
22	24040	48
22	24041	47
22	24042	48
22	24043	49
22	24044	46
22	24045	46
22	24046	45
22	24047	45
22	24048	45
22	24049	45
22	24050	45
22	24051	45
22	24052	45
22	24053	46
22	24054	48
22	24055	48
22	24056	46
22	24057	45
22	24058	45
22	24059	45
22	24060	45
22	24061	44
22	24062	43
22	24063	41
22	24064	41
22	24065	41
22	24066	41
22	24067	42
22	24068	40
22	24069	40
22	24070	40
22	24071	40
22	24072	41
22	24073	41
22	24074	41
22	24075	39
22	24076	39
22	24077	39
22	24078	39
22	24079	39
22	24080	39
22	24081	39
22	24082	38
22	24083	39
22	24084	39
22	24085	39
22	24086	39
22	24087	39
22	24088	41
22	24089	41
22	24090	38
22	24091	38
22	24092	39
22	24093	39
22	24094	40
22	24095	40
22	24096	40
22	24097	40
22	24098	40
22	24099	40
22	24100	40
22	24101	40
22	24102	43
22	24103	43
22	24104	43
22	24105	43
22	24106	45
22	24107	45
22	24108	45
22	24109	45
22	24110	46
22	24111	46
22	24112	46
22	24113	44
22	24114	44
22	24115	44
22	24116	44
22	24117	45
22	24118	45
22	24119	46
22	24120	46
22	24121	46
22	24122	46
22	24123	47
22	24124	47
22	24125	47
22	24126	46
22	24127	46
22	24128	44
22	24129	43
22	24130	42
22	24131	41
22	24132	41
22	24133	41
22	24134	40
22	24135	40
22	24136	41
22	24137	41
22	24138	41
22	24139	41
22	24140	40
22	24141	42
22	24142	42
22	24143	40
22	24144	39
22	24145	38
22	24146	38
22	24147	38
22	24148	38
22	24149	38
22	24150	38
22	24151	38
22	24152	38
22	24153	38
22	24154	38
22	24155	39
22	24156	36
22	24157	36
22	24158	36
22	24159	36
22	24160	36
22	24161	36
22	24162	36
22	24163	36
22	24164	33
22	24165	33
22	24166	34
22	24167	34
22	24168	33
22	24169	34
22	24170	34
22	24171	37
22	24172	37
22	24173	38
22	24174	38
22	24175	39
22	24176	38
22	24177	38
22	24178	38
22	24179	38
22	24180	38
22	24181	38
22	24182	37
22	24183	36
22	24184	36
22	24185	36
22	24186	36
22	24187	34
22	24188	34
22	24189	34
22	24190	34
22	24191	34
22	24192	34
22	24193	34
22	24194	34
22	24195	34
22	24196	34
22	24197	34
22	24198	35
22	24199	35
22	24200	35
22	24201	35
22	24202	34
22	24203	32
22	24204	32
22	24205	32
22	24206	32
22	24207	32
22	24208	32
22	24209	32
22	24210	32
22	24211	32
22	24212	32
22	24213	32
22	24214	32
22	24215	32
22	24216	32
22	24217	31
22	24218	31
22	24219	31
22	24220	31
22	24221	30
22	24222	30
22	24223	30
22	24224	30
22	24225	30
22	24226	30
22	24227	30
22	24228	30
22	24229	30
22	24230	30
22	24231	30
22	24232	30
22	24233	29
22	24234	29
22	24235	29
22	24236	29
22	24237	27
22	24238	27
22	24239	27
22	24240	27
22	24241	27
22	24242	26
22	24243	27
22	24244	26
22	24245	27
22	24246	27
22	24247	27
22	24248	27
22	24249	27
22	24250	27
22	24251	27
22	24252	24
22	24253	24
22	24254	24
22	24255	22
22	24256	23
22	24257	23
22	24258	23
22	24259	23
22	24260	22
22	24261	22
22	24262	22
22	24263	22
22	24264	21
22	24265	21
22	24266	21
22	24267	21
22	24268	20
22	24269	20
22	24270	22
22	24271	22
22	24272	23
22	24273	22
22	24274	22
22	24275	22
22	24276	23
22	24277	23
22	24278	23
22	24279	23
22	24280	23
22	24281	23
22	24282	24
22	24283	24
22	24284	24
22	24285	24
22	24286	26
22	24287	25
22	24288	25
22	24289	25
22	24290	23
22	24291	25
22	24292	25
22	24293	25
22	24294	25
22	24295	25
22	24296	25
22	24297	25
22	24298	25
22	24299	25
22	24300	25
22	24301	24
22	24302	24
22	24303	24
22	24304	24
22	24305	24
22	24306	23
22	24307	24
22	24308	24
22	24309	24
22	24310	24
22	24311	24
22	24312	23
22	24313	24
22	24314	24
22	24315	24
22	24316	24
22	24317	24
22	24318	24
22	24319	24
22	24320	24
22	24321	20
22	24322	19
22	24323	19
22	24324	19
22	24325	18
22	24326	18
22	24327	18
22	24328	18
22	24329	18
22	24330	18
22	24331	18
22	24332	18
22	24333	18
22	24334	18
22	24335	18
22	24336	18
22	24337	19
22	24338	18
22	24339	18
22	24340	17
22	24341	17
22	24342	17
22	24343	17
22	24344	17
22	24345	17
22	24346	17
22	24347	16
22	24348	16
22	24349	16
22	24350	16
22	24351	16
22	24352	16
22	24353	16
22	24354	16
22	24355	16
22	24356	16
22	24357	15
22	24358	15
22	24359	15
22	24360	15
22	24361	15
22	24362	15
22	24363	15
22	24364	15
22	24365	15
22	24366	15
22	24367	15
22	24368	15
22	24369	15
22	24370	15
22	24371	15
22	24372	15
22	24373	15
22	24374	15
22	24375	15
22	24376	15
22	24377	15
22	24378	15
22	24379	15
22	24380	15
22	24381	15
22	24382	15
22	24383	15
22	24384	15
22	24385	15
22	24386	15
22	24387	15
22	24388	15
22	24389	15
22	24390	15
22	24391	16
22	24392	16
22	24393	16
22	24394	16
22	24395	15
22	24396	15
22	24397	15
22	24398	15
22	24399	12
22	24400	12
22	24401	12
22	24402	13
22	24403	13
22	24404	13
22	24405	13
22	24406	14
22	24407	14
22	24408	14
22	24409	14
22	24410	13
22	24411	12
22	24412	16
22	24413	16
22	24414	16
22	24415	16
22	24416	16
22	24417	16
22	24418	16
22	24419	16
22	24420	14
22	24421	14
22	24422	14
22	24423	14
22	24424	14
22	24425	14
22	24426	14
22	24427	14
22	24428	14
22	24429	14
22	24430	14
22	24431	14
22	24432	13
22	24433	13
22	24434	13
22	24435	12
22	24436	12
22	24437	13
22	24438	13
22	24439	13
22	24440	13
22	24441	13
22	24442	13
22	24443	12
22	24444	12
22	24445	12
22	24446	12
22	24447	12
22	24448	12
22	24449	12
22	24450	12
22	24451	12
22	24452	15
22	24453	16
22	24454	16
22	24455	16
22	24456	16
22	24457	16
22	24458	17
22	24459	17
22	24460	17
22	24461	17
22	24462	16
22	24463	16
22	24464	16
22	24465	16
22	24466	17
22	24467	16
22	24468	16
22	24469	17
22	24470	17
22	24471	17
22	24472	17
22	24473	17
22	24474	17
22	24475	17
22	24476	17
22	24477	17
22	24478	17
22	24479	17
22	24480	17
22	24481	18
22	24482	18
22	24483	18
22	24484	18
22	24485	18
22	24486	18
22	24487	18
22	24488	18
22	24489	18
22	24490	18
22	24491	18
22	24492	18
22	24493	18
22	24494	18
22	24495	18
22	24496	18
22	24497	18
22	24498	18
22	24499	18
22	24500	18
22	24501	18
22	24502	18
22	24503	18
22	24504	18
22	24505	18
22	24506	18
22	24507	18
22	24508	18
22	24509	18
22	24510	18
22	24511	18
22	24512	18
22	24513	18
22	24514	18
22	24515	18
22	24516	18
22	24517	18
22	24518	18
22	24519	18
22	24520	20
22	24521	20
22	24522	20
22	24523	20
22	24524	20
22	24525	20
22	24526	20
22	24527	20
22	24528	20
22	24529	20
22	24530	20
22	24531	20
22	24532	20
22	24533	20
22	24534	20
22	24535	20
22	24536	20
22	24537	20
22	24538	20
22	24539	20
22	24540	19
22	24541	20
22	24542	20
22	24543	20
22	24544	20
22	24545	20
22	24546	19
22	24547	20
22	24548	20
22	24549	21
22	24550	22
22	24551	22
22	24552	22
22	24553	23
22	24554	23
22	24555	23
22	24556	23
22	24557	23
22	24558	24
22	24559	25
22	24560	26
22	24561	27
22	24562	32
22	24563	32
22	24564	32
22	24565	32
22	24566	31
22	24567	32
22	24568	32
22	24569	32
22	24570	32
22	24571	32
22	24572	32
22	24573	32
22	24574	32
22	24575	32
22	24576	32
22	24577	32
22	24578	32
22	24579	32
22	24580	32
22	24581	33
22	24582	33
22	24583	33
22	24584	36
22	24585	36
22	24586	36
22	24587	35
22	24588	36
22	24589	36
22	24590	36
22	24591	36
22	24592	36
22	24593	36
22	24594	37
22	24595	37
22	24596	37
22	24597	37
22	24598	37
22	24599	37
22	24600	36
22	24601	37
22	24602	34
22	24603	34
22	24604	34
22	24605	34
22	24606	36
22	24607	36
22	24608	36
22	24609	36
22	24610	36
22	24611	36
22	24612	36
22	24613	36
22	24614	36
22	24615	36
22	24616	38
22	24617	36
22	24618	36
22	24619	36
22	24620	36
22	24621	37
22	24622	37
22	24623	37
22	24624	37
22	24625	34
22	24626	35
22	24627	35
22	24628	35
22	24629	35
22	24630	35
22	24631	35
22	24632	35
22	24633	35
22	24634	35
22	24635	35
22	24636	36
22	24637	37
22	24638	37
22	24639	37
22	24640	37
22	24641	37
22	24642	37
22	24643	37
22	24644	37
22	24645	37
22	24646	37
22	24647	37
22	24648	37
22	24649	37
22	24650	37
22	24651	37
22	24652	37
22	24653	37
22	24654	37
22	24655	37
22	24656	37
22	24657	37
22	24658	37
22	24659	37
22	24660	38
22	24661	38
22	24662	38
22	24663	39
22	24664	37
22	24665	37
22	24666	37
22	24667	37
22	24668	37
22	24669	37
22	24670	35
22	24671	35
22	24672	35
22	24673	35
22	24674	35
22	24675	35
22	24676	35
22	24677	35
22	24678	36
22	24679	36
22	24680	36
22	24681	36
22	24682	36
22	24683	37
22	24684	36
22	24685	39
22	24686	37
22	24687	37
22	24688	37
22	24689	37
22	24690	37
22	24691	37
22	24692	37
22	24693	37
22	24694	37
22	24695	36
22	24696	36
22	24697	36
22	24698	36
22	24699	35
22	24700	36
22	24701	36
22	24702	36
22	24703	37
22	24704	37
22	24705	37
22	24706	38
22	24707	38
22	24708	39
22	24709	38
22	24710	37
22	24711	33
22	24712	33
22	24713	33
22	24714	33
22	24715	33
22	24716	33
22	24717	33
22	24718	33
22	24719	34
22	24720	34
22	24721	34
22	24722	34
22	24723	34
22	24724	34
22	24725	34
22	24726	35
22	24727	36
22	24728	36
22	24729	36
22	24730	36
22	24731	36
22	24732	36
22	24733	33
22	24734	33
22	24735	34
22	24736	34
22	24737	34
22	24738	33
22	24739	33
22	24740	33
22	24741	32
22	24742	32
22	24743	32
22	24744	33
22	24745	33
22	24746	33
22	24747	33
22	24748	33
22	24749	33
22	24750	33
22	24751	32
22	24752	32
22	24753	32
22	24754	30
22	24755	30
22	24756	30
22	24757	29
22	24758	31
22	24759	31
22	24760	31
22	24761	31
22	24762	32
22	24763	32
22	24764	32
22	24765	30
22	24766	30
22	24767	30
22	24768	31
22	24769	31
22	24770	32
22	24771	31
22	24772	31
22	24773	32
22	24774	33
22	24775	32
22	24776	32
22	24777	33
22	24778	34
22	24779	34
22	24780	33
22	24781	34
22	24782	34
22	24783	34
22	24784	35
22	24785	35
22	24786	34
22	24787	36
22	24788	34
22	24789	34
22	24790	34
22	24791	34
22	24792	34
22	24793	34
22	24794	34
22	24795	34
22	24796	34
22	24797	34
22	24798	35
22	24799	35
22	24800	35
22	24801	35
22	24802	35
22	24803	35
22	24804	35
22	24805	35
22	24806	35
22	24807	35
22	24808	35
22	24809	35
22	24810	34
22	24811	34
22	24812	34
22	24813	33
22	24814	33
22	24815	33
22	24816	32
22	24817	32
22	24818	32
22	24819	32
22	24820	32
22	24821	32
22	24822	32
22	24823	33
22	24824	33
22	24825	33
22	24826	33
22	24827	32
22	24828	32
22	24829	32
22	24830	32
22	24831	32
22	24832	32
22	24833	32
22	24834	30
22	24835	30
22	24836	30
22	24837	33
22	24838	33
22	24839	33
22	24840	32
22	24841	32
22	24842	32
22	24843	32
22	24844	32
22	24845	32
22	24846	32
22	24847	32
22	24848	32
22	24849	32
22	24850	31
22	24851	31
22	24852	31
22	24853	30
22	24854	30
22	24855	30
22	24856	29
22	24857	29
22	24858	27
22	24859	27
22	24860	26
22	24861	27
22	24862	27
22	24863	27
22	24864	27
22	24865	27
22	24866	27
22	24867	28
22	24868	28
22	24869	28
22	24870	31
22	24871	31
22	24872	31
22	24873	32
22	24874	32
22	24875	31
22	24876	31
22	24877	30
22	24878	30
22	24879	29
22	24880	30
22	24881	30
22	24882	30
22	24883	30
22	24884	30
22	24885	29
22	24886	29
22	24887	29
22	24888	29
22	24889	29
22	24890	29
22	24891	29
22	24892	29
22	24893	28
22	24894	28
22	24895	28
22	24896	28
22	24897	30
22	24898	30
22	24899	30
22	24900	30
22	24901	30
22	24902	30
22	24903	31
22	24904	31
22	24905	31
22	24906	31
22	24907	31
22	24908	31
22	24909	31
22	24910	31
22	24911	31
22	24912	30
22	24913	32
22	24914	32
22	24915	32
22	24916	32
22	24917	31
22	24918	31
22	24919	31
22	24920	30
22	24921	30
22	24922	29
22	24923	28
22	24924	28
22	24925	28
22	24926	27
22	24927	28
22	24928	27
22	24929	26
22	24930	25
22	24931	25
22	24932	25
22	24933	26
22	24934	25
22	24935	25
22	24936	23
22	24937	24
22	24938	23
22	24939	23
22	24940	24
22	24941	24
22	24942	24
22	24943	24
22	24944	24
22	24945	24
22	24946	24
22	24947	24
22	24948	23
22	24949	23
22	24950	23
22	24951	23
22	24952	23
22	24953	23
22	24954	23
22	24955	23
22	24956	24
22	24957	24
22	24958	24
22	24959	24
22	24960	24
22	24961	24
22	24962	24
22	24963	24
22	24964	24
22	24965	24
22	24966	24
22	24967	24
22	24968	24
22	24969	24
22	24970	24
22	24971	24
22	24972	23
22	24973	23
22	24974	23
22	24975	23
22	24976	23
22	24977	23
22	24978	23
22	24979	23
22	24980	23
22	24981	23
22	24982	23
22	24983	23
22	24984	23
22	24985	23
22	24986	20
22	24987	20
22	24988	21
22	24989	21
22	24990	21
22	24991	21
22	24992	21
22	24993	21
22	24994	21
22	24995	21
22	24996	21
22	24997	21
22	24998	21
22	24999	21
22	25000	21
22	25001	21
22	25002	21
22	25003	21
22	25004	21
22	25005	21
22	25006	21
22	25007	21
22	25008	21
22	25009	21
22	25010	21
22	25011	21
22	25012	21
22	25013	21
22	25014	21
22	25015	21
22	25016	20
22	25017	20
22	25018	20
22	25019	19
22	25020	16
22	25021	16
22	25022	15
22	25023	15
22	25024	15
22	25025	15
22	25026	15
22	25027	16
22	25028	17
22	25029	16
22	25030	16
22	25031	16
22	25032	16
22	25033	16
22	25034	16
22	25035	16
22	25036	16
22	25037	16
22	25038	16
22	25039	16
22	25040	16
22	25041	16
22	25042	16
22	25043	16
22	25044	16
22	25045	16
22	25046	15
22	25047	14
22	25048	14
22	25049	14
22	25050	14
22	25051	14
22	25052	13
22	25053	13
22	25054	13
22	25055	13
22	25056	13
22	25057	13
22	25058	13
22	25059	13
22	25060	13
22	25061	13
22	25062	13
22	25063	12
22	25064	12
22	25065	12
22	25066	12
22	25067	12
22	25068	12
22	25069	12
22	25070	12
22	25071	12
22	25072	12
22	25073	12
22	25074	12
22	25075	12
22	25076	12
22	25077	12
22	25078	12
22	25079	12
22	25080	12
22	25081	12
22	25082	12
22	25083	11
22	25084	11
22	25085	11
22	25086	11
22	25087	10
22	25088	10
22	25089	9
22	25090	9
22	25091	9
22	25092	9
22	25093	9
22	25094	9
22	25095	9
22	25096	9
22	25097	9
22	25098	9
22	25099	9
22	25100	9
22	25101	9
22	25102	9
22	25103	9
22	25104	8
22	25105	8
22	25106	7
22	25107	7
22	25108	7
22	25109	7
22	25110	7
22	25111	7
22	25112	7
22	25113	7
22	25114	11
22	25115	11
22	25116	12
22	25117	12
22	25118	12
22	25119	12
22	25120	13
22	25121	13
22	25122	13
22	25123	13
22	25124	13
22	25125	13
22	25126	13
22	25127	13
22	25128	13
22	25129	13
22	25130	13
22	25131	13
22	25132	13
22	25133	13
22	25134	13
22	25135	14
22	25136	13
22	25137	13
22	25138	13
22	25139	13
22	25140	13
22	25141	13
22	25142	13
22	25143	13
22	25144	13
22	25145	13
22	25146	14
22	25147	14
22	25148	15
22	25149	15
22	25150	16
22	25151	16
22	25152	16
22	25153	16
22	25154	16
22	25155	16
22	25156	16
22	25157	16
22	25158	16
22	25159	16
22	25160	16
22	25161	18
22	25162	18
22	25163	18
22	25164	18
22	25165	18
22	25166	18
22	25167	18
22	25168	18
22	25169	22
22	25170	22
22	25171	25
22	25172	26
22	25173	26
22	25174	26
22	25175	25
22	25176	25
22	25177	25
22	25178	24
22	25179	24
22	25180	21
22	25181	21
22	25182	21
22	25183	21
22	25184	21
22	25185	22
22	25186	22
22	25187	22
22	25188	22
22	25189	22
22	25190	22
22	25191	22
22	25192	22
22	25193	22
22	25194	22
22	25195	22
22	25196	22
22	25197	22
22	25198	22
22	25199	22
22	25200	22
22	25201	22
22	25202	21
22	25203	21
22	25204	21
22	25205	21
22	25206	21
22	25207	21
22	25208	21
22	25209	21
22	25210	21
22	25211	21
22	25212	21
22	25213	22
22	25214	22
22	25215	22
22	25216	22
22	25217	22
22	25218	23
22	25219	23
22	25220	23
22	25221	23
22	25222	23
22	25223	23
22	25224	23
22	25225	23
22	25226	23
22	25227	23
22	25228	23
22	25229	23
22	25230	24
22	25231	24
22	25232	24
22	25233	24
22	25234	24
22	25235	24
22	25236	24
22	25237	24
22	25238	24
22	25239	24
22	25240	24
22	25241	24
22	25242	24
22	25243	24
22	25244	24
22	25245	25
22	25246	24
22	25247	24
22	25248	24
22	25249	26
22	25250	27
22	25251	27
22	25252	27
22	25253	26
22	25254	25
22	25255	25
22	25256	25
22	25257	25
22	25258	25
22	25259	25
22	25260	25
22	25261	25
22	25262	25
22	25263	25
22	25264	24
22	25265	23
22	25266	23
22	25267	23
22	25268	23
22	25269	22
22	25270	22
22	25271	22
22	25272	22
22	25273	22
22	25274	22
22	25275	22
22	25276	22
22	25277	22
22	25278	22
22	25279	22
22	25280	22
22	25281	23
22	25282	23
22	25283	23
22	25284	23
22	25285	22
22	25286	22
22	25287	22
22	25288	22
22	25289	22
22	25290	23
22	25291	23
22	25292	23
22	25293	24
22	25294	24
22	25295	24
22	25296	25
22	25297	23
22	25298	23
22	25299	23
22	25300	23
22	25301	23
22	25302	23
22	25303	23
22	25304	23
22	25305	25
22	25306	25
22	25307	25
22	25308	25
22	25309	25
22	25310	25
22	25311	23
22	25312	23
22	25313	23
22	25314	23
22	25315	23
22	25316	23
22	25317	23
22	25318	23
22	25319	19
22	25320	18
22	25321	18
22	25322	18
22	25323	18
22	25324	18
22	25325	23
22	25326	24
22	25327	24
22	25328	24
22	25329	24
22	25330	23
22	25331	23
22	25332	23
22	25333	23
22	25334	23
22	25335	23
22	25336	23
22	25337	23
22	25338	23
22	25339	23
22	25340	23
22	25341	23
22	25342	23
22	25343	23
22	25344	23
22	25345	23
22	25346	23
22	25347	23
22	25348	23
22	25349	23
22	25350	23
22	25351	23
22	25352	24
22	25353	27
22	25354	27
22	25355	27
22	25356	27
22	25357	28
22	25358	28
22	25359	28
22	25360	27
22	25361	27
22	25362	28
22	25363	28
22	25364	28
22	25365	28
22	25366	28
22	25367	28
22	25368	28
22	25369	28
22	25370	28
22	25371	28
22	25372	28
22	25373	28
22	25374	28
22	25375	29
22	25376	29
22	25377	29
22	25378	29
22	25379	29
22	25380	29
22	25381	29
22	25382	30
22	25383	31
22	25384	31
22	25385	31
22	25386	31
22	25387	31
22	25388	31
22	25389	31
22	25390	31
22	25391	32
22	25392	31
22	25393	31
22	25394	31
22	25395	30
22	25396	30
22	25397	30
22	25398	30
22	25399	31
22	25400	30
22	25401	29
22	25402	29
22	25403	29
22	25404	31
22	25405	31
22	25406	31
22	25407	31
22	25408	31
22	25409	31
22	25410	31
22	25411	31
22	25412	31
22	25413	31
22	25414	31
22	25415	32
22	25416	32
22	25417	33
22	25418	33
22	25419	33
22	25420	33
22	25421	33
22	25422	33
22	25423	33
22	25424	34
22	25425	34
22	25426	34
22	25427	34
22	25428	34
22	25429	35
22	25430	36
22	25431	36
22	25432	36
22	25433	36
22	25434	36
22	25435	37
22	25436	36
22	25437	37
22	25438	37
22	25439	37
22	25440	36
22	25441	36
22	25442	41
22	25443	41
22	25444	41
22	25445	45
22	25446	43
22	25447	43
22	25448	43
22	25449	43
22	25450	43
22	25451	43
22	25452	43
22	25453	43
22	25454	41
22	25455	41
22	25456	42
22	25457	42
22	25458	42
22	25459	42
22	25460	42
22	25461	42
22	25462	42
22	25463	42
22	25464	42
22	25465	42
22	25466	42
22	25467	42
22	25468	42
22	25469	42
22	25470	41
22	25471	39
22	25472	39
22	25473	38
22	25474	36
22	25475	36
22	25476	39
22	25477	39
22	25478	39
22	25479	39
22	25480	39
22	25481	39
22	25482	39
22	25483	39
22	25484	39
22	25485	39
22	25486	39
22	25487	39
22	25488	39
22	25489	39
22	25490	39
22	25491	39
22	25492	39
22	25493	39
22	25494	40
22	25495	40
22	25496	40
22	25497	40
22	25498	40
22	25499	42
22	25500	42
22	25501	41
22	25502	41
22	25503	38
22	25504	38
22	25505	38
22	25506	36
22	25507	36
22	25508	36
22	25509	35
22	25510	35
22	25511	35
22	25512	36
22	25513	37
22	25514	37
22	25515	37
22	25516	37
22	25517	37
22	25518	37
22	25519	38
22	25520	38
22	25521	39
22	25522	40
22	25523	39
22	25524	39
22	25525	39
22	25526	39
22	25527	39
22	25528	39
22	25529	39
22	25530	40
22	25531	40
22	25532	41
22	25533	40
22	25534	40
22	25535	40
22	25536	40
22	25537	40
22	25538	40
22	25539	40
22	25540	40
22	25541	39
22	25542	39
22	25543	40
22	25544	40
22	25545	41
22	25546	41
22	25547	41
22	25548	41
22	25549	39
22	25550	39
22	25551	39
22	25552	39
22	25553	37
22	25554	38
22	25555	38
22	25556	38
22	25557	38
22	25558	38
22	25559	38
22	25560	38
22	25561	38
22	25562	39
22	25563	40
22	25564	40
22	25565	39
22	25566	39
22	25567	38
22	25568	38
22	25569	38
22	25570	40
22	25571	40
22	25572	41
22	25573	40
22	25574	40
22	25575	40
22	25576	40
22	25577	40
22	25578	39
22	25579	37
22	25580	37
22	25581	36
22	25582	36
22	25583	36
22	25584	36
22	25585	35
22	25586	35
22	25587	36
22	25588	36
22	25589	36
22	25590	36
22	25591	36
22	25592	31
22	25593	31
22	25594	31
22	25595	27
22	25596	28
22	25597	29
22	25598	29
22	25599	28
22	25600	28
22	25601	29
22	25602	29
22	25603	29
22	25604	30
22	25605	30
22	25606	29
22	25607	29
22	25608	29
22	25609	29
22	25610	29
22	25611	29
22	25612	29
22	25613	29
22	25614	29
22	25615	29
22	25616	30
22	25617	32
22	25618	32
22	25619	32
22	25620	32
22	25621	32
22	25622	33
22	25623	33
22	25624	33
22	25625	33
22	25626	30
22	25627	30
22	25628	30
22	25629	31
22	25630	31
22	25631	31
22	25632	31
22	25633	31
22	25634	31
22	25635	32
22	25636	32
22	25637	32
22	25638	32
22	25639	32
22	25640	32
22	25641	32
22	25642	32
22	25643	32
22	25644	32
22	25645	32
22	25646	32
22	25647	32
22	25648	32
22	25649	30
22	25650	30
22	25651	30
22	25652	31
22	25653	31
22	25654	31
22	25655	31
22	25656	31
22	25657	31
22	25658	31
22	25659	31
22	25660	31
22	25661	31
22	25662	29
22	25663	28
22	25664	28
22	25665	28
22	25666	27
22	25667	27
22	25668	27
22	25669	27
22	25670	26
22	25671	26
22	25672	25
22	25673	25
22	25674	25
22	25675	25
22	25676	25
22	25677	25
22	25678	25
22	25679	25
22	25680	25
22	25681	26
22	25682	24
22	25683	24
22	25684	24
22	25685	24
22	25686	24
22	25687	24
22	25688	24
22	25689	24
22	25690	24
22	25691	24
22	25692	23
22	25693	23
22	25694	23
22	25695	22
22	25696	22
22	25697	22
22	25698	22
22	25699	22
22	25700	22
22	25701	22
22	25702	22
22	25703	22
22	25704	22
22	25705	22
22	25706	22
22	25707	22
22	25708	22
22	25709	22
22	25710	22
22	25711	21
22	25712	21
22	25713	20
22	25714	20
22	25715	20
22	25716	20
22	25717	20
22	25718	20
22	25719	18
22	25720	18
22	25721	17
22	25722	17
22	25723	17
22	25724	17
22	25725	17
22	25726	17
22	25727	17
22	25728	17
22	25729	17
22	25730	17
22	25731	17
22	25732	17
22	25733	17
22	25734	15
22	25735	15
22	25736	15
22	25737	15
22	25738	14
22	25739	14
22	25740	14
22	25741	14
22	25742	14
22	25743	14
22	25744	14
22	25745	13
22	25746	12
22	25747	12
22	25748	12
22	25749	12
22	25750	12
22	25751	11
22	25752	11
22	25753	11
22	25754	10
22	25755	10
22	25756	10
22	25757	10
22	25758	10
22	25759	10
22	25760	10
22	25761	10
22	25762	10
22	25763	10
22	25764	10
22	25765	9
22	25766	9
22	25767	7
22	25768	7
22	25769	7
22	25770	7
22	25771	6
22	25772	5
22	25773	6
22	25774	6
22	25775	6
22	25776	6
22	25777	6
22	25778	5
22	25779	5
22	25780	5
22	25781	4
22	25782	4
22	25783	4
22	25784	4
22	25785	4
22	25786	4
22	25787	4
22	25788	4
22	25789	4
22	25790	4
22	25791	4
22	25792	2
22	25793	2
22	25794	2
22	25795	2
22	25796	2
22	25797	2
22	25798	2
22	25799	2
22	25800	2
22	25801	2
22	25802	2
22	25803	2
22	25804	2
22	25805	2
22	25806	2
22	25807	2
22	25808	2
22	25809	2
22	25810	2
22	25811	2
22	25812	2
22	25813	2
22	25814	2
22	25815	2
22	25816	2
22	25817	2
22	25818	2
22	25854	1
22	25855	1
22	25856	1
22	25857	1
22	25858	1
22	25859	1
22	25860	1
22	25861	1
22	25862	1
22	25863	1
22	25864	1
22	25865	1
22	25866	1
22	25867	1
22	25868	1
22	25869	1
22	25870	1
22	25871	1
22	25872	1
22	25873	1
22	25874	1
22	25875	1
22	25876	1
22	25877	1
22	25878	1
22	25879	1
22	25880	1
22	25881	1
22	25882	1
22	25883	1
22	25884	1
22	25885	1
22	25886	1
22	25887	1
22	25888	1
22	25889	1
22	25890	1
22	25891	1
22	25892	1
22	25893	2
22	25894	2
22	25895	2
22	25896	2
22	25897	2
22	25898	2
22	25899	2
22	25900	4
22	25901	4
22	25902	4
22	25903	4
22	25904	4
22	25905	4
22	25906	4
22	25907	4
22	25908	4
22	25909	4
22	25910	4
22	25911	4
22	25912	4
22	25913	4
22	25914	4
22	25915	4
22	25916	4
22	25917	4
22	25918	5
22	25919	5
22	25920	5
22	25921	5
22	25922	5
22	25923	5
22	25924	5
22	25925	5
22	25926	5
22	25927	5
22	25928	5
22	25929	5
22	25930	5
22	25931	5
22	25932	5
22	25933	5
22	25934	5
22	25935	5
22	25936	5
22	25937	5
22	25938	5
22	25939	5
22	25940	5
22	25941	5
22	25942	5
22	25943	5
22	25944	5
22	25945	5
22	25946	5
22	25947	5
22	25948	5
22	25949	5
22	25950	5
22	25951	5
22	25952	5
22	25953	5
22	25954	5
22	25955	5
22	25956	5
22	25957	5
22	25958	5
22	25959	5
22	25960	5
22	25961	5
22	25962	5
22	25963	5
22	25964	5
22	25965	5
22	25966	5
22	25967	5
22	25968	5
22	25969	5
22	25970	5
22	25971	5
22	25972	6
22	25973	6
22	25974	6
22	25975	6
22	25976	6
22	25977	6
22	25978	8
22	25979	8
22	25980	8
22	25981	8
22	25982	8
22	25983	8
22	25984	8
22	25985	8
22	25986	8
22	25987	8
22	25988	7
22	25989	7
22	25990	7
22	25991	7
22	25992	7
22	25993	7
22	25994	7
22	25995	7
22	25996	7
22	25997	7
22	25998	7
22	25999	8
22	26000	8
22	26001	8
22	26002	8
22	26003	8
22	26004	8
22	26005	8
22	26006	8
22	26007	8
22	26008	8
22	26009	8
22	26010	8
22	26011	8
22	26012	8
22	26013	8
22	26014	8
22	26015	8
22	26016	8
22	26017	8
22	26018	8
22	26019	8
22	26020	8
22	26021	8
22	26022	8
22	26023	8
22	26024	8
22	26025	8
22	26026	8
22	26027	8
22	26028	8
22	26029	8
22	26030	8
22	26031	8
22	26032	8
22	26033	8
22	26034	8
22	26035	8
22	26036	8
22	26037	8
22	26038	8
22	26039	8
22	26040	8
22	26041	5
22	26042	5
22	26043	5
22	26044	5
22	26045	5
22	26046	5
22	26047	5
22	26048	5
22	26049	5
22	26050	5
22	26051	5
22	26052	5
22	26053	5
22	26054	5
22	26055	5
22	26056	5
22	26057	5
22	26058	5
22	26059	5
22	26060	5
22	26061	5
22	26062	5
22	26063	5
22	26064	5
22	26065	4
22	26066	4
22	26067	4
22	26068	4
22	26069	4
22	26070	4
22	26071	4
22	26072	4
22	26073	4
22	26074	4
22	26075	4
22	26076	3
22	26077	3
22	26078	3
22	26079	3
22	26080	3
22	26081	3
22	26082	3
22	26083	3
22	26167	1
22	26168	1
22	26169	1
22	26170	1
22	26171	1
22	26172	1
22	26173	1
22	26174	1
22	26175	1
22	26176	1
22	26177	1
22	26178	1
22	26179	1
22	26180	1
22	26181	1
22	26182	1
22	26183	1
22	26184	1
22	26185	1
22	26186	1
22	26187	1
22	26188	1
22	26189	1
22	26190	1
22	26191	1
22	26192	1
22	26193	1
22	26194	1
22	26195	1
22	26196	1
22	26197	1
22	26198	1
22	26199	1
22	26200	1
22	26201	1
22	26202	1
22	26203	1
22	26204	1
22	26205	1
22	26206	1
22	26207	1
22	26208	1
22	26209	1
22	26210	1
22	26211	1
22	26212	1
22	26213	1
22	26214	1
22	26215	1
22	26216	1
22	26217	1
22	26218	1
22	26219	1
22	26220	1
22	26221	1
22	26222	1
22	26223	1
22	26224	1
22	26225	2
22	26226	2
22	26227	2
22	26228	2
22	26229	2
22	26230	2
22	26231	2
22	26232	2
22	26233	2
22	26234	2
22	26235	2
22	26236	2
22	26237	2
22	26238	2
22	26239	2
22	26240	2
22	26241	2
22	26242	2
22	26243	2
22	26244	2
22	26245	2
22	26246	2
22	26247	2
22	26248	2
22	26249	2
22	26250	4
22	26251	4
22	26252	4
22	26253	4
22	26254	4
22	26255	4
22	26256	4
22	26257	4
22	26258	4
22	26259	4
22	26260	4
22	26261	4
22	26262	4
22	26263	4
22	26264	4
22	26265	4
22	26266	4
22	26267	4
22	26268	4
22	26269	4
22	26270	4
22	26271	4
22	26272	4
22	26273	4
22	26274	4
22	26275	4
22	26276	4
22	26277	4
22	26278	4
22	26279	3
22	26280	3
22	26281	3
22	26282	3
22	26283	3
22	26284	3
22	26285	3
22	26286	3
22	26287	3
22	26288	3
22	26289	3
22	26290	3
22	26291	3
22	26292	3
22	26293	3
22	26294	3
22	26295	3
22	26296	3
22	26297	3
22	26298	3
22	26299	6
22	26300	6
22	26301	6
22	26302	6
22	26303	6
22	26304	6
22	26305	6
22	26306	6
22	26307	6
22	26308	6
22	26309	6
22	26310	6
22	26311	6
22	26312	6
22	26313	6
22	26314	13
22	26315	16
22	26316	16
22	26317	16
22	26318	16
22	26319	16
22	26320	16
22	26321	16
22	26322	16
22	26323	16
22	26324	16
22	26325	19
22	26326	19
22	26327	19
22	26328	19
22	26329	19
22	26330	19
22	26331	19
22	26332	19
22	26333	19
22	26334	19
22	26335	20
22	26336	20
22	26337	19
22	26338	20
22	26339	20
22	26340	20
22	26341	20
22	26342	20
22	26343	20
22	26344	20
22	26345	20
22	26346	20
22	26347	20
22	26348	20
22	26349	22
22	26350	22
22	26351	22
22	26352	22
22	26353	22
22	26354	22
22	26355	22
22	26356	22
22	26357	22
22	26358	25
22	26359	25
22	26360	25
22	26361	25
22	26362	25
22	26363	25
22	26364	25
22	26365	26
22	26366	26
22	26367	26
22	26368	26
22	26369	26
22	26370	26
22	26371	26
22	26372	26
22	26373	26
22	26374	24
22	26375	24
22	26376	24
22	26377	24
22	26378	24
22	26379	24
22	26380	24
22	26381	23
22	26382	23
22	26383	23
22	26384	23
22	26385	23
22	26386	23
22	26387	23
22	26388	23
22	26389	23
22	26390	23
22	26391	23
22	26392	23
22	26393	23
22	26394	23
22	26395	23
22	26396	23
22	26397	23
22	26398	23
22	26399	23
22	26400	23
22	26401	23
22	26402	23
22	26403	24
22	26404	24
22	26405	24
22	26406	24
22	26407	24
22	26408	24
22	26409	24
22	26410	24
22	26411	25
22	26412	25
22	26413	25
22	26414	25
22	26415	25
22	26416	25
22	26417	25
22	26418	25
22	26419	25
22	26420	25
22	26421	25
22	26422	26
22	26423	25
22	26424	25
22	26425	25
22	26426	25
22	26427	25
22	26428	25
22	26429	25
22	26430	25
22	26431	25
22	26432	25
22	26433	25
22	26434	25
22	26435	25
22	26436	25
22	26437	25
22	26438	25
22	26439	26
22	26440	26
22	26441	26
22	26442	27
22	26443	27
22	26444	28
22	26445	28
22	26446	28
22	26447	30
22	26448	30
22	26449	31
22	26450	31
22	26451	31
22	26452	31
22	26453	30
22	26454	30
22	26455	30
22	26456	30
22	26457	30
22	26458	29
22	26459	31
22	26460	31
22	26461	31
22	26462	31
22	26463	26
22	26464	26
22	26465	25
22	26466	25
22	26467	25
22	26468	25
22	26469	25
22	26470	26
22	26471	26
22	26472	24
22	26473	24
22	26474	24
22	26475	24
22	26476	25
22	26477	25
22	26478	25
22	26479	26
22	26480	26
22	26481	30
22	26482	30
22	26483	30
22	26484	30
22	26485	31
22	26486	29
22	26487	31
22	26488	30
22	26489	30
22	26490	30
22	26491	30
22	26492	30
22	26493	30
22	26494	30
22	26495	31
22	26496	31
22	26497	31
22	26498	31
22	26499	31
22	26500	31
22	26501	31
22	26502	31
22	26503	30
22	26504	30
22	26505	30
22	26506	30
22	26507	30
22	26508	28
22	26509	29
22	26510	29
22	26511	29
22	26512	30
22	26513	30
22	26514	30
22	26515	30
22	26516	32
22	26517	31
22	26518	31
22	26519	31
22	26520	31
22	26521	31
22	26522	31
22	26523	31
22	26524	31
22	26525	31
22	26526	31
22	26527	31
22	26528	31
22	26529	32
22	26530	32
22	26531	32
22	26532	32
22	26533	34
22	26534	34
22	26535	34
22	26536	34
22	26537	34
22	26538	35
22	26539	35
22	26540	36
22	26541	36
22	26542	36
22	26543	37
22	26544	37
22	26545	37
22	26546	37
22	26547	39
22	26548	39
22	26549	43
22	26550	45
22	26551	47
22	26552	46
22	26553	46
22	26554	46
22	26555	47
22	26556	47
22	26557	46
22	26558	46
22	26559	46
22	26560	46
22	26561	46
22	26562	46
22	26563	46
22	26564	46
22	26565	45
22	26566	45
22	26567	45
22	26568	45
22	26569	45
22	26570	43
22	26571	45
22	26572	44
22	26573	43
22	26574	44
22	26575	44
22	26576	44
22	26577	44
22	26578	44
22	26579	44
22	26580	44
22	26581	45
22	26582	47
22	26583	47
22	26584	47
22	26585	47
22	26586	48
22	26587	50
22	26588	52
22	26589	51
22	26590	52
22	26591	51
22	26592	50
22	26593	50
22	26594	50
22	26595	50
22	26596	50
22	26597	48
22	26598	48
22	26599	49
22	26600	49
22	26601	49
22	26602	48
22	26603	48
22	26604	48
22	26605	48
22	26606	47
22	26607	48
22	26608	46
22	26609	47
22	26610	47
22	26611	47
22	26612	47
22	26613	47
22	26614	47
22	26615	47
22	26616	47
22	26617	48
22	26618	48
22	26619	47
22	26620	47
22	26621	47
22	26622	47
22	26623	47
22	26624	47
22	26625	47
22	26626	46
22	26627	46
22	26628	46
22	26629	45
22	26630	44
22	26631	43
22	26632	41
22	26633	41
22	26634	41
22	26635	41
22	26636	40
22	26637	40
22	26638	41
22	26639	41
22	26640	41
22	26641	41
22	26642	41
22	26643	41
22	26644	41
22	26645	40
22	26646	40
22	26647	40
22	26648	40
22	26649	41
22	26650	41
22	26651	44
22	26652	44
22	26653	44
22	26654	44
22	26655	44
22	26656	45
22	26657	45
22	26658	44
22	26659	44
22	26660	44
22	26661	45
22	26662	44
22	26663	43
22	26664	43
22	26665	42
22	26666	42
22	26667	41
22	26668	41
22	26669	42
22	26670	42
22	26671	42
22	26672	42
22	26673	42
22	26674	42
22	26675	42
22	26676	42
22	26677	42
22	26678	41
22	26679	41
22	26680	41
22	26681	43
22	26682	45
22	26683	43
22	26684	43
22	26685	43
22	26686	43
22	26687	42
22	26688	42
22	26689	42
22	26690	42
22	26691	42
22	26692	44
22	26693	45
22	26694	45
22	26695	46
22	26696	46
22	26697	44
22	26698	44
22	26699	40
22	26700	38
22	26701	36
22	26702	36
22	26703	37
22	26704	36
22	26705	36
22	26706	36
22	26707	36
22	26708	36
22	26709	36
22	26710	36
22	26711	37
22	26712	37
22	26713	38
22	26714	38
22	26715	38
22	26716	38
22	26717	38
22	26718	39
22	26719	39
22	26720	39
22	26721	37
22	26722	37
22	26723	37
22	26724	37
22	26725	38
22	26726	38
22	26727	38
22	26728	38
22	26729	38
22	26730	38
22	26731	37
22	26732	35
22	26733	35
22	26734	35
22	26735	33
22	26736	31
22	26737	32
22	26738	31
22	26739	31
22	26740	31
22	26741	31
22	26742	31
22	26743	31
22	26744	31
22	26745	31
22	26746	32
22	26747	32
22	26748	32
22	26749	30
22	26750	30
22	26751	31
22	26752	31
22	26753	31
22	26754	31
22	26755	31
22	26756	30
22	26757	30
22	26758	30
22	26759	30
22	26760	30
22	26761	30
22	26762	30
22	26763	30
22	26764	30
22	26765	30
22	26766	30
22	26767	30
22	26768	30
22	26769	30
22	26770	31
22	26771	31
22	26772	31
22	26773	31
22	26774	31
22	26775	31
22	26776	31
22	26777	31
22	26778	31
22	26779	32
22	26780	32
22	26781	32
22	26782	32
22	26783	32
22	26784	32
22	26785	31
22	26786	31
22	26787	31
22	26788	31
22	26789	31
22	26790	34
22	26791	34
22	26792	34
22	26793	34
22	26794	34
22	26795	35
22	26796	35
22	26797	35
22	26798	35
22	26799	35
22	26800	34
22	26801	34
22	26802	34
22	26803	34
22	26804	34
22	26805	34
22	26806	33
22	26807	36
22	26808	36
22	26809	36
22	26810	35
22	26811	35
22	26812	35
22	26813	35
22	26814	34
22	26815	34
22	26816	33
22	26817	33
22	26818	33
22	26819	33
22	26820	33
22	26821	33
22	26822	33
22	26823	33
22	26824	33
22	26825	33
22	26826	33
22	26827	33
22	26828	33
22	26829	34
22	26830	32
22	26831	32
22	26832	30
22	26833	30
22	26834	30
22	26835	30
22	26836	30
22	26837	31
22	26838	31
22	26839	30
22	26840	30
22	26841	30
22	26842	28
22	26843	26
22	26844	26
22	26845	25
22	26846	25
22	26847	25
22	26848	25
22	26849	25
22	26850	25
22	26851	25
22	26852	24
22	26853	24
22	26854	24
22	26855	24
22	26856	24
22	26857	24
22	26858	24
22	26859	24
22	26860	24
22	26861	23
22	26862	23
22	26863	23
22	26864	24
22	26865	24
22	26866	24
22	26867	24
22	26868	24
22	26869	25
22	26870	25
22	26871	24
22	26872	27
22	26873	27
22	26874	27
22	26875	27
22	26876	27
22	26877	27
22	26878	27
22	26879	27
22	26880	27
22	26881	27
22	26882	27
22	26883	27
22	26884	27
22	26885	27
22	26886	27
22	26887	27
22	26888	27
22	26889	27
22	26890	27
22	26891	27
22	26892	27
22	26893	27
22	26894	27
22	26895	26
22	26896	27
22	26897	27
22	26898	27
22	26899	27
22	26900	27
22	26901	27
22	26902	27
22	26903	27
22	26904	27
22	26905	27
22	26906	27
22	26907	28
22	26908	28
22	26909	28
22	26910	29
22	26911	30
22	26912	30
22	26913	30
22	26914	30
22	26915	30
22	26916	30
22	26917	29
22	26918	29
22	26919	30
22	26920	30
22	26921	30
22	26922	30
22	26923	30
22	26924	30
22	26925	30
22	26926	30
22	26927	30
22	26928	29
22	26929	29
22	26930	30
22	26931	30
22	26932	31
22	26933	31
22	26934	29
22	26935	28
22	26936	28
22	26937	28
22	26938	28
22	26939	26
22	26940	26
22	26941	26
22	26942	26
22	26943	26
22	26944	25
22	26945	24
22	26946	26
22	26947	26
22	26948	26
22	26949	26
22	26950	25
22	26951	25
22	26952	25
22	26953	26
22	26954	24
22	26955	24
22	26956	24
22	26957	26
22	26958	26
22	26959	26
22	26960	26
22	26961	26
22	26962	26
22	26963	26
22	26964	26
22	26965	26
22	26966	26
22	26967	26
22	26968	27
22	26969	27
22	26970	27
22	26971	27
22	26972	27
22	26973	27
22	26974	25
22	26975	25
22	26976	25
22	26977	25
22	26978	26
22	26979	25
22	26980	25
22	26981	24
22	26982	24
22	26983	24
22	26984	24
22	26985	24
22	26986	25
22	26987	25
22	26988	25
22	26989	25
22	26990	25
22	26991	25
22	26992	25
22	26993	25
22	26994	25
22	26995	25
22	26996	26
22	26997	26
22	26998	26
22	26999	26
22	27000	26
22	27001	26
22	27002	26
22	27003	28
22	27004	28
22	27005	28
22	27006	28
22	27007	28
22	27008	29
22	27009	28
22	27010	29
22	27011	29
22	27012	28
22	27013	28
22	27014	27
22	27015	27
22	27016	27
22	27017	27
22	27018	26
22	27019	25
22	27020	24
22	27021	24
22	27022	26
22	27023	26
22	27024	26
22	27025	25
22	27026	25
22	27027	25
22	27028	25
22	27029	24
22	27030	24
22	27031	23
22	27032	24
22	27033	24
22	27034	24
22	27035	24
22	27036	24
22	27037	24
22	27038	24
22	27039	24
22	27040	24
22	27041	25
22	27042	25
22	27043	25
22	27044	25
22	27045	25
22	27046	26
22	27047	27
22	27048	27
22	27049	27
22	27050	27
22	27051	27
22	27052	27
22	27053	27
22	27054	27
22	27055	26
22	27056	26
22	27057	26
22	27058	26
22	27059	26
22	27060	25
22	27061	26
22	27062	26
22	27063	26
22	27064	26
22	27065	27
22	27066	28
22	27067	28
22	27068	28
22	27069	28
22	27070	28
22	27071	28
22	27072	29
22	27073	29
22	27074	29
22	27075	29
22	27076	29
22	27077	29
22	27078	29
22	27079	29
22	27080	29
22	27081	29
22	27082	31
22	27083	31
22	27084	31
22	27085	31
22	27086	31
22	27087	30
22	27088	30
22	27089	33
22	27090	33
22	27091	33
22	27092	33
22	27093	33
22	27094	33
22	27095	33
22	27096	33
22	27097	33
22	27098	34
22	27099	34
22	27100	34
22	27101	34
22	27102	35
22	27103	36
22	27104	36
22	27105	34
22	27106	35
22	27107	35
22	27108	35
22	27109	35
22	27110	35
22	27111	35
22	27112	35
22	27113	35
22	27114	35
22	27115	35
22	27116	37
22	27117	37
22	27118	37
22	27119	37
22	27120	37
22	27121	39
22	27122	40
22	27123	40
22	27124	40
22	27125	40
22	27126	40
22	27127	40
22	27128	39
22	27129	39
22	27130	37
22	27131	37
22	27132	37
22	27133	37
22	27134	37
22	27135	36
22	27136	36
22	27137	36
22	27138	36
22	27139	36
22	27140	36
22	27141	38
22	27142	38
22	27143	38
22	27144	38
22	27145	38
22	27146	38
22	27147	38
22	27148	38
22	27149	39
22	27150	39
22	27151	39
22	27152	37
22	27153	37
22	27154	37
22	27155	37
22	27156	37
22	27157	38
22	27158	37
22	27159	37
22	27160	36
22	27161	36
22	27162	36
22	27163	36
22	27164	36
22	27165	36
22	27166	36
22	27167	36
22	27168	36
22	27169	37
22	27170	36
22	27171	36
22	27172	36
22	27173	36
22	27174	36
22	27175	36
22	27176	36
22	27177	36
22	27178	36
22	27179	36
22	27180	36
22	27181	36
22	27182	35
22	27183	35
22	27184	35
22	27185	35
22	27186	35
22	27187	35
22	27188	36
22	27189	36
22	27190	37
22	27191	36
22	27192	36
22	27193	37
22	27194	37
22	27195	38
22	27196	37
22	27197	36
22	27198	36
22	27199	36
22	27200	37
22	27201	39
22	27202	40
22	27203	40
22	27204	39
22	27205	39
22	27206	39
22	27207	39
22	27208	39
22	27209	39
22	27210	38
22	27211	37
22	27212	37
22	27213	37
22	27214	36
22	27215	36
22	27216	36
22	27217	35
22	27218	35
22	27219	36
22	27220	36
22	27221	38
22	27222	37
22	27223	37
22	27224	38
22	27225	38
22	27226	38
22	27227	38
22	27228	38
22	27229	37
22	27230	36
22	27231	37
22	27232	35
22	27233	35
22	27234	35
22	27235	35
22	27236	35
22	27237	35
22	27238	34
22	27239	33
22	27240	33
22	27241	33
22	27242	33
22	27243	33
22	27244	33
22	27245	33
22	27246	33
22	27247	33
22	27248	33
22	27249	33
22	27250	33
22	27251	34
22	27252	33
22	27253	32
22	27254	33
22	27255	33
22	27256	32
22	27257	33
22	27258	32
22	27259	33
22	27260	33
22	27261	33
22	27262	33
22	27263	33
22	27264	33
22	27265	33
22	27266	31
22	27267	30
22	27268	30
22	27269	30
22	27270	28
22	27271	28
22	27272	27
22	27273	27
22	27274	28
22	27275	28
22	27276	27
22	27277	27
22	27278	27
22	27279	27
22	27280	29
22	27281	29
22	27282	29
22	27283	29
22	27284	29
22	27285	29
22	27286	29
22	27287	29
22	27288	29
22	27289	29
22	27290	29
22	27291	27
22	27292	27
22	27293	27
22	27294	26
22	27295	26
22	27296	26
22	27297	26
22	27298	25
22	27299	25
22	27300	25
22	27301	25
22	27302	25
22	27303	27
22	27304	27
22	27305	27
22	27306	27
22	27307	26
22	27308	28
22	27309	28
22	27310	28
22	27311	28
22	27312	28
22	27313	29
22	27314	29
22	27315	29
22	27316	30
22	27317	30
22	27318	30
22	27319	31
22	27320	31
22	27321	31
22	27322	31
22	27323	31
22	27324	32
22	27325	32
22	27326	32
22	27327	34
22	27328	34
22	27329	34
22	27330	34
22	27331	34
22	27332	34
22	27333	34
22	27334	34
22	27335	34
22	27336	34
22	27337	34
22	27338	32
22	27339	32
22	27340	33
22	27341	33
22	27342	34
22	27343	33
22	27344	33
22	27345	32
22	27346	32
22	27347	32
22	27348	34
22	27349	34
22	27350	34
22	27351	34
22	27352	34
22	27353	34
22	27354	35
22	27355	35
22	27356	35
22	27357	35
22	27358	35
22	27359	35
22	27360	35
22	27361	35
22	27362	35
22	27363	36
22	27364	36
22	27365	36
22	27366	36
22	27367	34
22	27368	34
22	27369	34
22	27370	34
22	27371	32
22	27372	32
22	27373	31
22	27374	31
22	27375	31
22	27376	31
22	27377	31
22	27378	31
22	27379	31
22	27380	30
22	27381	30
22	27382	30
22	27383	30
22	27384	30
22	27385	30
22	27386	30
22	27387	30
22	27388	29
22	27389	29
22	27390	29
22	27391	29
22	27392	29
22	27393	29
22	27394	29
22	27395	29
22	27396	29
22	27397	28
22	27398	28
22	27399	27
22	27400	26
22	27401	26
22	27402	26
22	27403	27
22	27404	26
22	27405	26
22	27406	26
22	27407	25
22	27408	25
22	27409	25
22	27410	25
22	27411	25
22	27412	25
22	27413	26
22	27414	26
22	27415	26
22	27416	26
22	27417	26
22	27418	26
22	27419	26
22	27420	26
22	27421	28
22	27422	29
22	27423	28
22	27424	28
22	27425	28
22	27426	29
22	27427	29
22	27428	29
22	27429	29
22	27430	27
22	27431	27
22	27432	27
22	27433	27
22	27434	28
22	27435	28
22	27436	28
22	27437	28
22	27438	28
22	27439	28
22	27440	28
22	27441	28
22	27442	28
22	27443	28
22	27444	29
22	27445	29
22	27446	29
22	27447	29
22	27448	28
22	27449	29
22	27450	29
22	27451	29
22	27452	28
22	27453	27
22	27454	28
22	27455	27
22	27456	27
22	27457	27
22	27458	26
22	27459	26
22	27460	26
22	27461	27
22	27462	29
22	27463	28
22	27464	28
22	27465	28
22	27466	27
22	27467	27
22	27468	27
22	27469	25
22	27470	25
22	27471	25
22	27472	25
22	27473	26
22	27474	26
22	27475	26
22	27476	24
22	27477	24
22	27478	24
22	27479	24
22	27480	24
22	27481	25
22	27482	26
22	27483	26
22	27484	26
22	27485	25
22	27486	25
22	27487	25
22	27488	25
22	27489	25
22	27490	24
22	27491	23
22	27492	25
22	27493	26
22	27494	26
22	27495	26
22	27496	26
22	27497	26
22	27498	27
22	27499	27
22	27500	25
22	27501	25
22	27502	25
22	27503	24
22	27504	24
22	27505	24
22	27506	24
22	27507	24
22	27508	24
22	27509	24
22	27510	25
22	27511	25
22	27512	24
22	27513	24
22	27514	27
22	27515	28
22	27516	28
22	27517	28
22	27518	29
22	27519	29
22	27520	29
22	27521	29
22	27522	29
22	27523	30
22	27524	30
22	27525	30
22	27526	30
22	27527	30
22	27528	30
22	27529	30
22	27530	30
22	27531	30
22	27532	30
22	27533	30
22	27534	30
22	27535	30
22	27536	30
22	27537	30
22	27538	30
22	27539	30
22	27540	30
22	27541	30
22	27542	32
22	27543	32
22	27544	32
22	27545	34
22	27546	34
22	27547	36
22	27548	36
22	27549	36
22	27550	36
22	27551	36
22	27552	36
22	27553	36
22	27554	35
22	27555	36
22	27556	36
22	27557	36
22	27558	36
22	27559	36
22	27560	36
22	27561	36
22	27562	37
22	27563	36
22	27564	36
22	27565	36
22	27566	36
22	27567	36
22	27568	36
22	27569	36
22	27570	36
22	27571	33
22	27572	33
22	27573	33
22	27574	33
22	27575	33
22	27576	32
22	27577	32
22	27578	32
22	27579	32
22	27580	33
22	27581	33
22	27582	33
22	27583	33
22	27584	33
22	27585	33
22	27586	34
22	27587	34
22	27588	34
22	27589	34
22	27590	34
22	27591	35
22	27592	35
22	27593	34
22	27594	34
22	27595	34
22	27596	34
22	27597	34
22	27598	34
22	27599	35
22	27600	36
22	27601	37
22	27602	36
22	27603	36
22	27604	36
22	27605	36
22	27606	36
22	27607	36
22	27608	36
22	27609	36
22	27610	33
22	27611	33
22	27612	34
22	27613	36
22	27614	39
22	27615	39
22	27616	39
22	27617	39
22	27618	39
22	27619	39
22	27620	39
22	27621	39
22	27622	38
22	27623	37
22	27624	37
22	27625	37
22	27626	37
22	27627	37
22	27628	37
22	27629	37
22	27630	38
22	27631	38
22	27632	38
22	27633	38
22	27634	38
22	27635	39
22	27636	39
22	27637	39
22	27638	39
22	27639	39
22	27640	39
22	27641	37
22	27642	36
22	27643	40
22	27644	40
22	27645	41
22	27646	41
22	27647	39
22	27648	38
22	27649	38
22	27650	38
22	27651	37
22	27652	36
22	27653	37
22	27654	37
22	27655	37
22	27656	38
22	27657	38
22	27658	38
22	27659	38
22	27660	37
22	27661	38
22	27662	39
22	27663	39
22	27664	36
22	27665	35
22	27666	35
22	27667	34
22	27668	34
22	27669	34
22	27670	34
22	27671	34
22	27672	33
22	27673	33
22	27674	33
22	27675	33
22	27676	34
22	27677	34
22	27678	34
22	27679	34
22	27680	34
22	27681	34
22	27682	35
22	27683	35
22	27684	35
22	27685	39
22	27686	39
22	27687	49
22	27688	49
22	27689	49
22	27690	50
22	27691	50
22	27692	48
22	27693	48
22	27694	46
22	27695	48
22	27696	47
22	27697	47
22	27698	47
22	27699	48
22	27700	48
22	27701	49
22	27702	49
22	27703	49
22	27704	49
22	27705	48
22	27706	49
22	27707	49
22	27708	49
22	27709	49
22	27710	49
22	27711	49
22	27712	49
22	27713	49
22	27714	49
22	27715	49
22	27716	49
22	27717	49
22	27718	49
22	27719	50
22	27720	50
22	27721	50
22	27722	50
22	27723	54
22	27724	54
22	27725	54
22	27726	56
22	27727	56
22	27728	56
22	27729	56
22	27730	55
22	27731	55
22	27732	55
22	27733	55
22	27734	55
22	27735	55
22	27736	54
22	27737	54
22	27738	54
22	27739	53
22	27740	53
22	27741	53
22	27742	58
22	27743	58
22	27744	58
22	27745	58
22	27746	58
22	27747	58
22	27748	57
22	27749	57
22	27750	60
22	27751	59
22	27752	59
22	27753	59
22	27754	59
22	27755	59
22	27756	59
22	27757	59
22	27758	59
22	27759	59
22	27760	59
22	27761	67
22	27762	66
22	27763	65
22	27764	62
22	27765	63
22	27766	63
22	27767	63
22	27768	63
22	27769	64
22	27770	67
22	27771	67
22	27772	67
22	27773	67
22	27774	67
22	27775	70
22	27776	72
22	27777	72
22	27778	72
22	27779	71
22	27780	70
22	27781	70
22	27782	70
22	27783	71
22	27784	71
22	27785	70
22	27786	72
22	27787	74
22	27788	74
22	27789	74
22	27790	74
22	27791	74
22	27792	74
22	27793	70
22	27794	70
22	27795	69
22	27796	69
22	27797	71
22	27798	72
22	27799	72
22	27800	73
22	27801	74
22	27802	76
22	27803	75
22	27804	75
22	27805	75
22	27806	75
22	27807	75
22	27808	75
22	27809	74
22	27810	74
22	27811	73
22	27812	73
22	27813	75
22	27814	75
22	27815	75
22	27816	75
22	27817	76
22	27818	76
22	27819	76
22	27820	76
22	27821	77
22	27822	77
22	27823	77
22	27824	77
22	27825	76
22	27826	76
22	27827	76
22	27828	76
22	27829	76
22	27830	78
22	27831	77
22	27832	78
22	27833	78
22	27834	78
22	27835	74
22	27836	74
22	27837	64
22	27838	64
22	27839	64
22	27840	64
22	27841	66
22	27842	66
22	27843	66
22	27844	66
22	27845	65
22	27846	65
22	27847	64
22	27848	65
22	27849	65
22	27850	65
22	27851	64
22	27852	64
22	27853	64
22	27854	68
22	27855	68
22	27856	67
22	27857	68
22	27858	68
22	27859	68
22	27860	67
22	27861	67
22	27862	68
22	27863	67
22	27864	68
22	27865	68
22	27866	68
22	27867	68
22	27868	69
22	27869	68
22	27870	68
22	27871	73
22	27872	73
22	27873	69
22	27874	69
22	27875	69
22	27876	67
22	27877	67
22	27878	67
22	27879	67
22	27880	67
22	27881	69
22	27882	72
22	27883	72
22	27884	72
22	27885	72
22	27886	72
22	27887	72
22	27888	72
22	27889	72
22	27890	72
22	27891	72
22	27892	67
22	27893	67
22	27894	67
22	27895	67
22	27896	67
22	27897	67
22	27898	67
22	27899	67
22	27900	64
22	27901	69
22	27902	70
22	27903	70
22	27904	70
22	27905	73
22	27906	73
22	27907	74
22	27908	74
22	27909	74
22	27910	66
22	27911	70
22	27912	70
22	27913	69
22	27914	68
22	27915	68
22	27916	68
22	27917	68
22	27918	67
22	27919	67
22	27920	66
22	27921	66
22	27922	66
22	27923	66
22	27924	66
22	27925	63
22	27926	61
22	27927	61
22	27928	61
22	27929	63
22	27930	62
22	27931	62
22	27932	62
22	27933	61
22	27934	59
22	27935	59
22	27936	59
22	27937	59
22	27938	59
22	27939	59
22	27940	61
22	27941	61
22	27942	61
22	27943	61
22	27944	61
22	27945	61
22	27946	61
22	27947	59
22	27948	58
22	27949	57
22	27950	57
22	27951	56
22	27952	54
22	27953	54
22	27954	53
22	27955	53
22	27956	53
22	27957	53
22	27958	53
22	27959	53
22	27960	53
22	27961	53
22	27962	51
22	27963	51
22	27964	51
22	27965	51
22	27966	50
22	27967	50
22	27968	50
22	27969	50
22	27970	49
22	27971	49
22	27972	48
22	27973	48
22	27974	49
22	27975	49
22	27976	49
22	27977	49
22	27978	49
22	27979	47
22	27980	47
22	27981	49
22	27982	48
22	27983	48
22	27984	49
22	27985	49
22	27986	49
22	27987	50
22	27988	50
22	27989	51
22	27990	51
22	27991	48
22	27992	48
22	27993	48
22	27994	51
22	27995	50
22	27996	51
22	27997	51
22	27998	51
22	27999	50
22	28000	51
22	28001	51
22	28002	51
22	28003	48
22	28004	47
22	28005	47
22	28006	47
22	28007	46
22	28008	46
22	28009	47
22	28010	47
22	28011	46
22	28012	48
22	28013	48
22	28014	49
22	28015	49
22	28016	49
22	28017	49
22	28018	49
22	28019	49
22	28020	49
22	28021	44
22	28022	44
22	28023	45
22	28024	46
22	28025	47
22	28026	47
22	28027	48
22	28028	48
22	28029	49
22	28030	49
22	28031	47
22	28032	44
22	28033	44
22	28034	44
22	28035	44
22	28036	44
22	28037	44
22	28038	45
22	28039	45
22	28040	45
22	28041	45
22	28042	45
22	28043	46
22	28044	46
22	28045	45
22	28046	45
22	28047	46
22	28048	46
22	28049	45
22	28050	42
22	28051	40
22	28052	39
22	28053	39
22	28054	39
22	28055	36
22	28056	36
22	28057	35
22	28058	35
22	28059	35
22	28060	33
22	28061	33
22	28062	33
22	28063	32
22	28064	32
22	28065	32
22	28066	32
22	28067	32
22	28068	31
22	28069	31
22	28070	30
22	28071	32
22	28072	32
22	28073	32
22	28074	32
22	28075	32
22	28076	32
22	28077	32
22	28078	33
22	28079	32
22	28080	33
22	28081	37
22	28082	40
22	28083	40
22	28084	40
22	28085	38
22	28086	38
22	28087	38
22	28088	39
22	28089	41
22	28090	39
22	28091	39
22	28092	39
22	28093	39
22	28094	39
22	28095	40
22	28096	40
22	28097	40
22	28098	40
22	28099	40
22	28100	40
22	28101	40
22	28102	40
22	28103	40
22	28104	40
22	28105	40
22	28106	40
22	28107	41
22	28108	41
22	28109	41
22	28110	41
22	28111	41
22	28112	41
22	28113	41
22	28114	41
22	28115	41
22	28116	41
22	28117	41
22	28118	43
22	28119	43
22	28120	44
22	28121	44
22	28122	44
22	28123	46
22	28124	46
22	28125	47
22	28126	47
22	28127	47
22	28128	46
22	28129	46
22	28130	46
22	28131	47
22	28132	47
22	28133	47
22	28134	47
22	28135	46
22	28136	46
22	28137	47
22	28138	47
22	28139	48
22	28140	48
22	28141	48
22	28142	46
22	28143	46
22	28144	46
22	28145	46
22	28146	45
22	28147	45
22	28148	45
22	28149	45
22	28150	44
22	28151	44
22	28152	44
22	28153	44
22	28154	44
22	28155	44
22	28156	44
22	28157	44
22	28158	43
22	28159	43
22	28160	43
22	28161	43
22	28162	41
22	28163	41
22	28164	40
22	28165	40
22	28166	40
22	28167	40
22	28168	40
22	28169	40
22	28170	40
22	28171	40
22	28172	40
22	28173	38
22	28174	38
22	28175	38
22	28176	38
22	28177	37
22	28178	37
22	28179	37
22	28180	37
22	28181	37
22	28182	37
22	28183	37
22	28184	37
22	28185	37
22	28186	37
22	28187	37
22	28188	36
22	28189	36
22	28190	36
22	28191	36
22	28192	35
22	28193	35
22	28194	37
22	28195	39
22	28196	39
22	28197	39
22	28198	39
22	28199	39
22	28200	40
22	28201	40
22	28202	40
22	28203	40
22	28204	41
22	28205	43
22	28206	43
22	28207	43
22	28208	44
22	28209	44
22	28210	43
22	28211	43
22	28212	44
22	28213	45
22	28214	45
22	28215	45
22	28216	45
22	28217	45
22	28218	46
22	28219	46
22	28220	46
22	28221	44
22	28222	45
22	28223	45
22	28224	45
22	28225	45
22	28226	44
22	28227	44
22	28228	44
22	28229	43
22	28230	42
22	28231	37
22	28232	36
22	28233	36
22	28234	36
22	28235	36
22	28236	36
22	28237	36
22	28238	35
22	28239	33
22	28240	33
22	28241	32
22	28242	32
22	28243	32
22	28244	32
22	28245	31
22	28246	31
22	28247	31
22	28248	31
22	28249	31
22	28250	31
22	28251	31
22	28252	31
22	28253	30
22	28254	31
22	28255	30
22	28256	30
22	28257	29
22	28258	29
22	28259	29
22	28260	29
22	28261	29
22	28262	27
22	28263	27
22	28264	29
22	28265	30
22	28266	30
22	28267	30
22	28268	28
22	28269	26
22	28270	26
22	28271	26
22	28272	26
22	28273	25
22	28274	25
22	28275	27
22	28276	27
22	28277	27
22	28278	27
22	28279	26
22	28280	26
22	28281	25
22	28282	25
22	28283	25
22	28284	25
22	28285	25
22	28286	25
22	28287	24
22	28288	24
22	28289	22
22	28290	22
22	28291	22
22	28292	22
22	28293	22
22	28294	22
22	28295	24
22	28296	24
22	28297	26
22	28298	28
22	28299	28
22	28300	28
22	28301	28
22	28302	28
22	28303	29
22	28304	29
22	28305	29
22	28306	29
22	28307	32
22	28308	32
22	28309	32
22	28310	32
22	28311	32
22	28312	32
22	28313	32
22	28314	33
22	28315	33
22	28316	33
22	28317	33
22	28318	33
22	28319	33
22	28320	33
22	28321	33
22	28322	33
22	28323	33
22	28324	33
22	28325	33
22	28326	33
22	28327	33
22	28328	33
22	28329	33
22	28330	33
22	28331	33
22	28332	33
22	28333	33
22	28334	34
22	28335	34
22	28336	35
22	28337	35
22	28338	35
22	28339	35
22	28340	35
22	28341	35
22	28342	35
22	28343	35
22	28344	33
22	28345	33
22	28346	33
22	28347	34
22	28348	34
22	28349	33
22	28350	32
22	28351	32
22	28352	32
22	28353	32
22	28354	30
22	28355	30
22	28356	30
22	28357	29
22	28358	31
22	28359	31
22	28360	31
22	28361	30
22	28362	29
22	28363	29
22	28364	29
22	28365	29
22	28366	29
22	28367	29
22	28368	30
22	28369	30
22	28370	30
22	28371	30
22	28372	29
22	28373	29
22	28374	29
22	28375	29
22	28376	29
22	28377	29
22	28378	29
22	28379	31
22	28380	30
22	28381	30
22	28382	30
22	28383	30
22	28384	30
22	28385	30
22	28386	30
22	28387	30
22	28388	31
22	28389	31
22	28390	31
22	28391	31
22	28392	31
22	28393	31
22	28394	31
22	28395	31
22	28396	33
22	28397	33
22	28398	33
22	28399	33
22	28400	33
22	28401	33
22	28402	33
22	28403	33
22	28404	33
22	28405	33
22	28406	33
22	28407	35
22	28408	35
22	28409	35
22	28410	36
22	28411	36
22	28412	36
22	28413	33
22	28414	33
22	28415	33
22	28416	33
22	28417	33
22	28418	34
22	28419	34
22	28420	34
22	28421	34
22	28422	34
22	28423	33
22	28424	33
22	28425	30
22	28426	30
22	28427	30
22	28428	30
22	28429	29
22	28430	29
22	28431	29
22	28432	30
22	28433	30
22	28434	31
22	28435	31
22	28436	31
22	28437	30
22	28438	31
22	28439	31
22	28440	31
22	28441	31
22	28442	31
22	28443	31
22	28444	30
22	28445	29
22	28446	30
22	28447	28
22	28448	26
22	28449	26
22	28450	26
22	28451	26
22	28452	26
22	28453	26
22	28454	26
22	28455	26
22	28456	23
22	28457	24
22	28458	24
22	28459	24
22	28460	24
22	28461	24
22	28462	23
22	28463	23
22	28464	23
22	28465	23
22	28466	23
22	28467	23
22	28468	23
22	28469	23
22	28470	23
22	28471	23
22	28472	22
22	28473	23
22	28474	23
22	28475	24
22	28476	24
22	28477	24
22	28478	25
22	28479	25
22	28480	25
22	28481	25
22	28482	25
22	28483	25
22	28484	25
22	28485	24
22	28486	24
22	28487	24
22	28488	24
22	28489	24
22	28490	25
22	28491	25
22	28492	25
22	28493	25
22	28494	25
22	28495	25
22	28496	25
22	28497	25
22	28498	25
22	28499	25
22	28500	25
22	28501	25
22	28502	25
22	28503	25
22	28504	25
22	28505	25
22	28506	25
22	28507	23
22	28508	23
22	28509	23
22	28510	23
22	28511	23
22	28512	23
22	28513	23
22	28514	23
22	28515	23
22	28516	24
22	28517	25
22	28518	23
22	28519	23
22	28520	24
22	28521	24
22	28522	24
22	28523	24
22	28524	24
22	28525	24
22	28526	27
22	28527	27
22	28528	27
22	28529	25
22	28530	28
22	28531	28
22	28532	29
22	28533	29
22	28534	29
22	28535	29
22	28536	29
22	28537	29
22	28538	29
22	28539	30
22	28540	30
22	28541	30
22	28542	30
22	28543	30
22	28544	30
22	28545	28
22	28546	28
22	28547	29
22	28548	29
22	28549	29
22	28550	29
22	28551	28
22	28552	30
22	28553	32
22	28554	33
22	28555	36
22	28556	35
22	28557	36
22	28558	36
22	28559	35
22	28560	35
22	28561	35
22	28562	35
22	28563	35
22	28564	35
22	28565	36
22	28566	36
22	28567	35
22	28568	35
22	28569	35
22	28570	35
22	28571	37
22	28572	38
22	28573	38
22	28574	38
22	28575	40
22	28576	40
22	28577	40
22	28578	40
22	28579	40
22	28580	40
22	28581	40
22	28582	39
22	28583	40
22	28584	40
22	28585	41
22	28586	41
22	28587	41
22	28588	40
22	28589	40
22	28590	40
22	28591	40
22	28592	41
22	28593	41
22	28594	41
22	28595	41
22	28596	41
22	28597	41
22	28598	41
22	28599	42
22	28600	43
22	28601	42
22	28602	42
22	28603	42
22	28604	42
22	28605	42
22	28606	42
22	28607	41
22	28608	41
22	28609	41
22	28610	40
22	28611	41
22	28612	41
22	28613	41
22	28614	41
22	28615	41
22	28616	41
22	28617	41
22	28618	41
22	28619	41
22	28620	41
22	28621	41
22	28622	41
22	28623	41
22	28624	41
22	28625	40
22	28626	40
22	28627	40
22	28628	39
22	28629	39
22	28630	40
22	28631	40
22	28632	40
22	28633	40
22	28634	40
22	28635	40
22	28636	40
22	28637	40
22	28638	41
22	28639	42
22	28640	42
22	28641	43
22	28642	43
22	28643	43
22	28644	43
22	28645	43
22	28646	43
22	28647	42
22	28648	44
22	28649	44
22	28650	44
22	28651	44
22	28652	44
22	28653	44
22	28654	44
22	28655	44
22	28656	44
22	28657	44
22	28658	45
22	28659	46
22	28660	46
22	28661	46
22	28662	46
22	28663	46
22	28664	47
22	28665	49
22	28666	51
22	28667	49
22	28668	50
22	28669	50
22	28670	49
22	28671	49
22	28672	49
22	28673	49
22	28674	49
22	28675	46
22	28676	46
22	28677	47
22	28678	48
22	28679	48
22	28680	45
22	28681	44
22	28682	45
22	28683	45
22	28684	45
22	28685	46
22	28686	46
22	28687	47
22	28688	46
22	28689	45
22	28690	45
22	28691	45
22	28692	45
22	28693	45
22	28694	45
22	28695	45
22	28696	46
22	28697	49
22	28698	49
22	28699	50
22	28700	50
22	28701	51
22	28702	49
22	28703	48
22	28704	45
22	28705	43
22	28706	41
22	28707	41
22	28708	41
22	28709	41
22	28710	41
22	28711	41
22	28712	42
22	28713	42
22	28714	42
22	28715	41
22	28716	41
22	28717	41
22	28718	41
22	28719	41
22	28720	42
22	28721	40
22	28722	40
22	28723	40
22	28724	38
22	28725	38
22	28726	38
22	28727	38
22	28728	38
22	28729	38
22	28730	38
22	28731	40
22	28732	40
22	28733	39
22	28734	39
22	28735	38
22	28736	38
22	28737	38
22	28738	38
22	28739	38
22	28740	37
22	28741	37
22	28742	37
22	28743	37
22	28744	38
22	28745	37
22	28746	37
22	28747	36
22	28748	36
22	28749	36
22	28750	38
22	28751	39
22	28752	39
22	28753	39
22	28754	39
22	28755	39
22	28756	39
22	28757	39
22	28758	39
22	28759	39
22	28760	39
22	28761	39
22	28762	39
22	28763	39
22	28764	39
22	28765	40
22	28766	40
22	28767	40
22	28768	40
22	28769	43
22	28770	43
22	28771	43
22	28772	43
22	28773	43
22	28774	43
22	28775	44
22	28776	44
22	28777	45
22	28778	45
22	28779	44
22	28780	44
22	28781	44
22	28782	44
22	28783	45
22	28784	45
22	28785	45
22	28786	45
22	28787	45
22	28788	44
22	28789	43
22	28790	43
22	28791	42
22	28792	42
22	28793	42
22	28794	42
22	28795	42
22	28796	42
22	28797	41
22	28798	42
22	28799	42
22	28800	42
22	28801	42
22	28802	42
22	28803	43
22	28804	43
22	28805	43
22	28806	43
22	28807	43
22	28808	43
22	28809	42
22	28810	42
22	28811	43
22	28812	43
22	28813	43
22	28814	42
22	28815	39
22	28816	38
22	28817	39
22	28818	41
22	28819	41
22	28820	41
22	28821	42
22	28822	42
22	28823	42
22	28824	42
22	28825	44
22	28826	43
22	28827	42
22	28828	42
22	28829	42
22	28830	42
22	28831	43
22	28832	42
22	28833	42
22	28834	42
22	28835	41
22	28836	40
22	28837	40
22	28838	41
22	28839	41
22	28840	42
22	28841	42
22	28842	41
22	28843	41
22	28844	41
22	28845	40
22	28846	40
22	28847	37
22	28848	38
22	28849	37
22	28850	37
22	28851	36
22	28852	36
22	28853	36
22	28854	37
22	28855	37
22	28856	37
22	28857	38
22	28858	38
22	28859	39
22	28860	39
22	28861	39
22	28862	38
22	28863	38
22	28864	38
22	28865	38
22	28866	38
22	28867	38
22	28868	38
22	28869	38
22	28870	38
22	28871	38
22	28872	38
22	28873	38
22	28874	38
22	28875	38
22	28876	38
22	28877	38
22	28878	38
22	28879	38
22	28880	37
22	28881	34
22	28882	34
22	28883	34
22	28884	34
22	28885	35
22	28886	35
22	28887	35
22	28888	34
22	28889	34
22	28890	34
22	28891	34
22	28892	34
22	28893	34
22	28894	33
22	28895	33
22	28896	33
22	28897	33
22	28898	33
22	28899	33
22	28900	30
22	28901	29
22	28902	29
22	28903	30
22	28904	30
22	28905	30
22	28906	30
22	28907	32
22	28908	32
22	28909	32
22	28910	35
22	28911	35
22	28912	35
22	28913	35
22	28914	35
22	28915	34
22	28916	34
22	28917	34
22	28918	34
22	28919	31
22	28920	31
22	28921	31
22	28922	31
22	28923	30
22	28924	32
22	28925	34
22	28926	34
22	28927	33
22	28928	34
22	28929	34
22	28930	34
22	28931	34
22	28932	36
22	28933	36
22	28934	34
22	28935	34
22	28936	35
22	28937	34
22	28938	34
22	28939	33
22	28940	35
22	28941	35
22	28942	35
22	28943	35
22	28944	35
22	28945	35
22	28946	35
22	28947	34
22	28948	34
22	28949	34
22	28950	34
22	28951	34
22	28952	34
22	28953	33
22	28954	33
22	28955	33
22	28956	33
22	28957	33
22	28958	36
22	28959	36
22	28960	39
22	28961	38
22	28962	38
22	28963	39
22	28964	39
22	28965	39
22	28966	41
22	28967	40
22	28968	40
22	28969	42
22	28970	41
22	28971	43
22	28972	43
22	28973	43
22	28974	43
22	28975	42
22	28976	42
22	28977	42
22	28978	41
22	28979	41
22	28980	40
22	28981	40
22	28982	40
22	28983	40
22	28984	41
22	28985	41
22	28986	41
22	28987	41
22	28988	40
22	28989	42
22	28990	41
22	28991	41
22	28992	41
22	28993	43
22	28994	43
22	28995	43
22	28996	43
22	28997	42
22	28998	42
22	28999	42
22	29000	42
22	29001	42
22	29002	42
22	29003	42
22	29004	41
22	29005	42
22	29006	42
22	29007	41
22	29008	41
22	29009	40
22	29010	40
22	29011	40
22	29012	40
22	29013	40
22	29014	41
22	29015	41
22	29016	41
22	29017	41
22	29018	41
22	29019	41
22	29020	41
22	29021	40
22	29022	41
22	29023	41
22	29024	41
22	29025	41
22	29026	41
22	29027	41
22	29028	41
22	29029	41
22	29030	41
22	29031	41
22	29032	41
22	29033	41
22	29034	40
22	29035	40
22	29036	41
22	29037	41
22	29038	41
22	29039	41
22	29040	41
22	29041	41
22	29042	49
22	29043	49
22	29044	49
22	29045	49
22	29046	49
22	29047	50
22	29048	51
22	29049	53
22	29050	53
22	29051	53
22	29052	53
22	29053	52
22	29054	52
22	29055	52
22	29056	52
22	29057	50
22	29058	50
22	29059	50
22	29060	47
22	29061	48
22	29062	48
22	29063	49
22	29064	49
22	29065	50
22	29066	51
22	29067	51
22	29068	51
22	29069	51
22	29070	51
22	29071	51
22	29072	51
22	29073	49
22	29074	47
22	29075	50
22	29076	50
22	29077	50
22	29078	51
22	29079	51
22	29080	51
22	29081	51
22	29082	49
22	29083	50
22	29084	50
22	29085	49
22	29086	49
22	29087	49
22	29088	49
22	29089	49
22	29090	50
22	29091	50
22	29092	50
22	29093	50
22	29094	50
22	29095	50
22	29096	50
22	29097	50
22	29098	51
22	29099	53
22	29100	53
22	29101	53
22	29102	53
22	29103	53
22	29104	53
22	29105	55
22	29106	56
22	29107	56
22	29108	53
22	29109	50
22	29110	50
22	29111	52
22	29112	53
22	29113	52
22	29114	52
22	29115	52
22	29116	51
22	29117	51
22	29118	52
22	29119	50
22	29120	49
22	29121	51
22	29122	51
22	29123	52
22	29124	51
22	29125	51
22	29126	51
22	29127	51
22	29128	51
22	29129	51
22	29130	51
22	29131	51
22	29132	51
22	29133	50
22	29134	50
22	29135	51
22	29136	51
22	29137	52
22	29138	52
22	29139	50
22	29140	50
22	29141	50
22	29142	48
22	29143	48
22	29144	48
22	29145	48
22	29146	48
22	29147	49
22	29148	49
22	29149	49
22	29150	49
22	29151	49
22	29152	51
22	29153	51
22	29154	51
22	29155	51
22	29156	51
22	29157	51
22	29158	51
22	29159	51
22	29160	51
22	29161	51
22	29162	52
22	29163	53
22	29164	52
22	29165	52
22	29166	52
22	29167	52
22	29168	52
22	29169	52
22	29170	52
22	29171	52
22	29172	51
22	29173	51
22	29174	51
22	29175	51
22	29176	51
22	29177	54
22	29178	55
22	29179	56
22	29180	56
22	29181	56
22	29182	58
22	29183	58
22	29184	58
22	29185	58
22	29186	57
22	29187	60
22	29188	60
22	29189	60
22	29190	57
22	29191	52
22	29192	52
22	29193	52
22	29194	52
22	29195	52
22	29196	51
22	29197	51
22	29198	51
22	29199	49
22	29200	50
22	29201	50
22	29202	50
22	29203	50
22	29204	52
22	29205	52
22	29206	52
22	29207	52
22	29208	52
22	29209	52
22	29210	56
22	29211	55
22	29212	56
22	29213	54
22	29214	54
22	29215	53
22	29216	53
22	29217	53
22	29218	53
22	29219	53
22	29220	53
22	29221	53
22	29222	53
22	29223	54
22	29224	54
22	29225	51
22	29226	51
22	29227	51
22	29228	49
22	29229	48
22	29230	50
22	29231	49
22	29232	49
22	29233	47
22	29234	47
22	29235	47
22	29236	47
22	29237	47
22	29238	47
22	29239	45
22	29240	46
22	29241	47
22	29242	47
22	29243	47
22	29244	47
22	29245	47
22	29246	48
22	29247	48
22	29248	44
22	29249	44
22	29250	46
22	29251	46
22	29252	47
22	29253	47
22	29254	46
22	29255	45
22	29256	45
22	29257	45
22	29258	45
22	29259	46
22	29260	47
22	29261	44
22	29262	44
22	29263	44
22	29264	45
22	29265	45
22	29266	44
22	29267	45
22	29268	44
22	29269	44
22	29270	44
22	29271	41
22	29272	41
22	29273	41
22	29274	41
22	29275	41
22	29276	41
22	29277	41
22	29278	41
22	29279	41
22	29280	41
22	29281	41
22	29282	41
22	29283	41
22	29284	40
22	29285	40
22	29286	40
22	29287	39
22	29288	39
22	29289	39
22	29290	40
22	29291	40
22	29292	41
22	29293	42
22	29294	42
22	29295	42
22	29296	42
22	29297	41
22	29298	41
22	29299	41
22	29300	40
22	29301	40
22	29302	38
22	29303	38
22	29304	39
22	29305	39
22	29306	39
22	29307	39
22	29308	39
22	29309	41
22	29310	41
22	29311	41
22	29312	40
22	29313	41
22	29314	41
22	29315	41
22	29316	41
22	29317	41
22	29318	41
22	29319	41
22	29320	41
22	29321	41
22	29322	41
22	29323	41
22	29324	41
22	29325	41
22	29326	41
22	29327	38
22	29328	36
22	29329	37
22	29330	38
22	29331	38
22	29332	36
22	29333	36
22	29334	36
22	29335	36
22	29336	37
22	29337	35
22	29338	35
22	29339	35
22	29340	35
22	29341	37
22	29342	37
22	29343	37
22	29344	37
22	29345	37
22	29346	36
22	29347	35
22	29348	36
22	29349	36
22	29350	35
22	29351	35
22	29352	37
22	29353	37
22	29354	37
22	29355	37
22	29356	37
22	29357	38
22	29358	38
22	29359	38
22	29360	34
22	29361	33
22	29362	34
22	29363	34
22	29364	34
22	29365	34
22	29366	34
22	29367	34
22	29368	34
22	29369	34
22	29370	34
22	29371	34
22	29372	33
22	29373	33
22	29374	33
22	29375	33
22	29376	34
22	29377	38
22	29378	38
22	29379	38
22	29380	36
22	29381	36
22	29382	36
22	29383	36
22	29384	36
22	29385	36
22	29386	36
22	29387	38
22	29388	38
22	29389	38
22	29390	37
22	29391	40
22	29392	41
22	29393	43
22	29394	43
22	29395	42
22	29396	42
22	29397	42
22	29398	42
22	29399	40
22	29400	40
22	29401	40
22	29402	41
22	29403	44
22	29404	44
22	29405	44
22	29406	44
22	29407	45
22	29408	45
22	29409	44
22	29410	43
22	29411	43
22	29412	44
22	29413	43
22	29414	43
22	29415	43
22	29416	43
22	29417	42
22	29418	42
22	29419	43
22	29420	43
22	29421	43
22	29422	43
22	29423	43
22	29424	43
22	29425	43
22	29426	43
22	29427	43
22	29428	43
22	29429	43
22	29430	43
22	29431	43
22	29432	43
22	29433	45
22	29434	45
22	29435	45
22	29436	45
22	29437	45
22	29438	44
22	29439	45
22	29440	45
22	29441	44
22	29442	44
22	29443	43
22	29444	43
22	29445	44
22	29446	44
22	29447	44
22	29448	44
22	29449	44
22	29450	44
22	29451	44
22	29452	44
22	29453	44
22	29454	43
22	29455	43
22	29456	43
22	29457	45
22	29458	45
22	29459	43
22	29460	43
22	29461	45
22	29462	44
22	29463	43
22	29464	43
22	29465	43
22	29466	43
22	29467	44
22	29468	44
22	29469	44
22	29470	46
22	29471	46
22	29472	46
22	29473	46
22	29474	46
22	29475	46
22	29476	49
22	29477	49
22	29478	48
22	29479	47
22	29480	47
22	29481	47
22	29482	47
22	29483	47
22	29484	47
22	29485	45
22	29486	45
22	29487	45
22	29488	45
22	29489	45
22	29490	45
22	29491	43
22	29492	43
22	29493	43
22	29494	43
22	29495	43
22	29496	43
22	29497	43
22	29498	42
22	29499	42
22	29500	42
22	29501	42
22	29502	41
22	29503	41
22	29504	41
22	29505	41
22	29506	42
22	29507	41
22	29508	41
22	29509	44
22	29510	44
22	29511	44
22	29512	43
22	29513	43
22	29514	43
22	29515	43
22	29516	44
22	29517	44
22	29518	44
22	29519	44
22	29520	44
22	29521	44
22	29522	44
22	29523	44
22	29524	44
22	29525	43
22	29526	40
22	29527	39
22	29528	39
22	29529	39
22	29530	39
22	29531	39
22	29532	39
22	29533	39
22	29534	39
22	29535	38
22	29536	38
22	29537	37
22	29538	37
22	29539	37
22	29540	36
22	29541	36
22	29542	35
22	29543	36
22	29544	41
22	29545	41
22	29546	41
22	29547	41
22	29548	41
22	29549	41
22	29550	40
22	29551	40
22	29552	38
22	29553	36
22	29554	35
22	29555	35
22	29556	34
22	29557	34
22	29558	34
22	29559	34
22	29560	34
22	29561	33
22	29562	33
22	29563	33
22	29564	33
22	29565	33
22	29566	33
22	29567	33
22	29568	32
22	29569	32
22	29570	32
22	29571	32
22	29572	32
22	29573	32
22	29574	34
22	29575	34
22	29576	34
22	29577	34
22	29578	34
22	29579	34
22	29580	35
22	29581	35
22	29582	35
22	29583	33
22	29584	33
22	29585	33
22	29586	33
22	29587	34
22	29588	34
22	29589	33
22	29590	33
22	29591	34
22	29592	34
22	29593	35
22	29594	34
22	29595	34
22	29596	34
22	29597	34
22	29598	35
22	29599	35
22	29600	35
22	29601	35
22	29602	35
22	29603	35
22	29604	36
22	29605	36
22	29606	38
22	29607	36
22	29608	36
22	29609	36
22	29610	36
22	29611	34
22	29612	35
22	29613	36
22	29614	36
22	29615	36
22	29616	38
22	29617	37
22	29618	37
22	29619	37
22	29620	38
22	29621	37
22	29622	37
22	29623	37
22	29624	38
22	29625	35
22	29626	35
22	29627	35
22	29628	35
22	29629	35
22	29630	35
22	29631	35
22	29632	35
22	29633	35
22	29634	34
22	29635	34
22	29636	34
22	29637	34
22	29638	34
22	29639	34
22	29640	34
22	29641	34
22	29642	34
22	29643	35
22	29644	35
22	29645	35
22	29646	36
22	29647	36
22	29648	36
22	29649	35
22	29650	36
22	29651	43
22	29652	43
22	29653	43
22	29654	44
22	29655	43
22	29656	43
22	29657	43
22	29658	42
22	29659	41
22	29660	41
22	29661	41
22	29662	41
22	29663	41
22	29664	41
22	29665	41
22	29666	41
22	29667	41
22	29668	41
22	29669	41
22	29670	41
22	29671	41
22	29672	41
22	29673	41
22	29674	41
22	29675	41
22	29676	41
22	29677	41
22	29678	42
22	29679	42
22	29680	43
22	29681	43
22	29682	45
22	29683	46
22	29684	47
22	29685	49
22	29686	48
22	29687	46
22	29688	47
22	29689	47
22	29690	47
22	29691	47
22	29692	43
22	29693	40
22	29694	42
22	29695	42
22	29696	42
22	29697	42
22	29698	42
22	29699	42
22	29700	42
22	29701	42
22	29702	42
22	29703	42
22	29704	42
22	29705	42
22	29706	42
22	29707	42
22	29708	43
22	29709	43
22	29710	43
22	29711	43
22	29712	43
22	29713	43
22	29714	43
22	29715	46
22	29716	46
22	29717	47
22	29718	48
22	29719	48
22	29720	49
22	29721	49
22	29722	49
22	29723	48
22	29724	47
22	29725	47
22	29726	48
22	29727	48
22	29728	48
22	29729	48
22	29730	47
22	29731	47
22	29732	47
22	29733	47
22	29734	47
22	29735	47
22	29736	48
22	29737	47
22	29738	47
22	29739	47
22	29740	46
22	29741	46
22	29742	46
22	29743	45
22	29744	45
22	29745	45
22	29746	45
22	29747	45
22	29748	45
22	29749	45
22	29750	45
22	29751	45
22	29752	47
22	29753	47
22	29754	46
22	29755	45
22	29756	44
22	29757	45
22	29758	45
22	29759	45
22	29760	45
22	29761	43
22	29762	42
22	29763	42
22	29764	42
22	29765	43
22	29766	41
22	29767	41
22	29768	41
22	29769	39
22	29770	40
22	29771	39
22	29772	39
22	29773	39
22	29774	39
22	29775	39
22	29776	40
22	29777	41
22	29778	40
22	29779	40
22	29780	41
22	29781	42
22	29782	42
22	29783	42
22	29784	42
22	29785	42
22	29786	45
22	29787	46
22	29788	46
22	29789	47
22	29790	47
22	29791	47
22	29792	46
22	29793	46
22	29794	46
22	29795	45
22	29796	45
22	29797	45
22	29798	45
22	29799	45
22	29800	37
22	29801	37
22	29802	37
22	29803	37
22	29804	36
22	29805	36
22	29806	37
22	29807	37
22	29808	39
22	29809	38
22	29810	38
22	29811	38
22	29812	38
22	29813	38
22	29814	38
22	29815	37
22	29816	37
22	29817	37
22	29818	37
22	29819	37
22	29820	37
22	29821	37
22	29822	37
22	29823	37
22	29824	37
22	29825	38
22	29826	39
22	29827	42
22	29828	41
22	29829	41
22	29830	41
22	29831	42
22	29832	41
22	29833	40
22	29834	40
22	29835	39
22	29836	39
22	29837	39
22	29838	41
22	29839	41
22	29840	42
22	29841	41
22	29842	47
22	29843	46
22	29844	46
22	29845	46
22	29846	46
22	29847	46
22	29848	46
22	29849	46
22	29850	46
22	29851	46
22	29852	46
22	29853	46
22	29854	46
22	29855	46
22	29856	46
22	29857	45
22	29858	48
22	29859	48
22	29860	48
22	29861	48
22	29862	48
22	29863	48
22	29864	45
22	29865	45
22	29866	44
22	29867	43
22	29868	43
22	29869	43
22	29870	42
22	29871	42
22	29872	42
22	29873	42
22	29874	42
22	29875	42
22	29876	41
22	29877	41
22	29878	41
22	29879	41
22	29880	41
22	29881	41
22	29882	41
22	29883	41
22	29884	41
22	29885	42
22	29886	43
22	29887	43
22	29888	43
22	29889	43
22	29890	43
22	29891	43
22	29892	43
22	29893	43
22	29894	43
22	29895	43
22	29896	43
22	29897	44
22	29898	44
22	29899	44
22	29900	44
22	29901	44
22	29902	43
22	29903	43
22	29904	43
22	29905	43
22	29906	42
22	29907	42
22	29908	43
22	29909	44
22	29910	44
22	29911	46
22	29912	46
22	29913	46
22	29914	47
22	29915	47
22	29916	47
22	29917	47
22	29918	49
22	29919	49
22	29920	48
22	29921	48
22	29922	48
22	29923	48
22	29924	48
22	29925	47
22	29926	49
22	29927	48
22	29928	48
22	29929	49
22	29930	49
22	29931	48
22	29932	48
22	29933	48
22	29934	48
22	29935	48
22	29936	45
22	29937	49
22	29938	49
22	29939	49
22	29940	49
22	29941	49
22	29942	49
22	29943	49
22	29944	49
22	29945	49
22	29946	49
22	29947	49
22	29948	49
22	29949	49
22	29950	49
22	29951	49
22	29952	49
22	29953	49
22	29954	49
22	29955	49
22	29956	46
22	29957	46
22	29958	46
22	29959	46
22	29960	48
22	29961	47
22	29962	48
22	29963	48
22	29964	49
22	29965	49
22	29966	51
22	29967	51
22	29968	52
22	29969	52
22	29970	52
22	29971	52
22	29972	52
22	29973	53
22	29974	53
22	29975	51
22	29976	50
22	29977	48
22	29978	50
22	29979	49
22	29980	48
22	29981	47
22	29982	44
22	29983	45
22	29984	46
22	29985	46
22	29986	46
22	29987	44
22	29988	46
22	29989	46
22	29990	45
22	29991	44
22	29992	39
22	29993	39
22	29994	39
22	29995	39
22	29996	39
22	29997	40
22	29998	40
22	29999	40
22	30000	40
22	30001	40
22	30002	40
22	30003	41
22	30004	41
22	30005	42
22	30006	42
22	30007	42
22	30008	40
22	30009	40
22	30010	41
22	30011	41
22	30012	41
22	30013	41
22	30014	42
22	30015	42
22	30016	42
22	30017	42
22	30018	42
22	30019	43
22	30020	46
22	30021	46
22	30022	46
22	30023	46
22	30024	46
22	30025	46
22	30026	46
22	30027	46
22	30028	47
22	30029	47
22	30030	47
22	30031	47
22	30032	47
22	30033	47
22	30034	47
22	30035	47
22	30036	46
22	30037	45
22	30038	47
22	30039	49
22	30040	50
22	30041	50
22	30042	50
22	30043	50
22	30044	50
22	30045	54
22	30046	53
22	30047	53
22	30048	53
22	30049	55
22	30050	54
22	30051	54
22	30052	54
22	30053	54
22	30054	54
22	30055	54
22	30056	55
22	30057	55
22	30058	54
22	30059	53
22	30060	53
22	30061	51
22	30062	51
22	30063	50
22	30064	50
22	30065	50
22	30066	50
22	30067	50
22	30068	48
22	30069	48
22	30070	48
22	30071	48
22	30072	48
22	30073	48
22	30074	48
22	30075	48
22	30076	47
22	30077	46
22	30078	50
22	30079	49
22	30080	48
22	30081	48
22	30082	48
22	30083	48
22	30084	48
22	30085	48
22	30086	48
22	30087	44
22	30088	44
22	30089	44
22	30090	46
22	30091	46
22	30092	46
22	30093	46
22	30094	47
22	30095	47
22	30096	52
22	30097	52
22	30098	52
22	30099	52
22	30100	52
22	30101	52
22	30102	52
22	30103	53
22	30104	54
22	30105	54
22	30106	54
22	30107	54
22	30108	54
22	30109	54
22	30110	52
22	30111	52
22	30112	52
22	30113	51
22	30114	51
22	30115	49
22	30116	49
22	30117	49
22	30118	48
22	30119	48
22	30120	49
22	30121	49
22	30122	49
22	30123	48
22	30124	48
22	30125	48
22	30126	50
22	30127	48
22	30128	48
22	30129	48
22	30130	48
22	30131	48
22	30132	47
22	30133	46
22	30134	47
22	30135	47
22	30136	47
22	30137	47
22	30138	45
22	30139	45
22	30140	46
22	30141	46
22	30142	46
22	30143	46
22	30144	46
22	30145	47
22	30146	47
22	30147	46
22	30148	47
22	30149	47
22	30150	50
22	30151	51
22	30152	50
22	30153	50
22	30154	50
22	30155	49
22	30156	49
22	30157	49
22	30158	48
22	30159	51
22	30160	50
22	30161	50
22	30162	50
22	30163	50
22	30164	49
22	30165	49
22	30166	49
22	30167	49
22	30168	49
22	30169	48
22	30170	46
22	30171	46
22	30172	46
22	30173	46
22	30174	47
22	30175	47
22	30176	48
22	30177	48
22	30178	47
22	30179	47
22	30180	47
22	30181	48
22	30182	48
22	30183	47
22	30184	48
22	30185	51
22	30186	53
22	30187	53
22	30188	49
22	30189	49
22	30190	48
22	30191	48
22	30192	49
22	30193	49
22	30194	45
22	30195	44
22	30196	44
22	30197	44
22	30198	42
22	30199	42
22	30200	42
22	30201	42
22	30202	42
22	30203	42
22	30204	42
22	30205	42
22	30206	42
22	30207	42
22	30208	42
22	30209	42
22	30210	42
22	30211	42
22	30212	42
22	30213	42
22	30214	45
22	30215	45
22	30216	45
22	30217	45
22	30218	48
22	30219	48
22	30220	48
22	30221	48
22	30222	48
22	30223	49
22	30224	52
22	30225	52
22	30226	54
22	30227	50
22	30228	50
22	30229	51
22	30230	51
22	30231	51
22	30232	51
22	30233	51
22	30234	51
22	30235	49
22	30236	50
22	30237	51
22	30238	51
22	30239	50
22	30240	49
22	30241	49
22	30242	49
22	30243	49
22	30244	49
22	30245	49
22	30246	44
22	30247	44
22	30248	44
22	30249	44
22	30250	44
22	30251	44
22	30252	44
22	30253	43
22	30254	42
22	30255	43
22	30256	43
22	30257	43
22	30258	43
22	30259	44
22	30260	44
22	30261	45
22	30262	45
22	30263	45
22	30264	45
22	30265	45
22	30266	45
22	30267	45
22	30268	45
22	30269	46
22	30270	46
22	30271	47
22	30272	47
22	30273	47
22	30274	47
22	30275	47
22	30276	45
22	30277	45
22	30278	45
22	30279	45
22	30280	45
22	30281	45
22	30282	45
22	30283	44
22	30284	44
22	30285	44
22	30286	45
22	30287	45
22	30288	45
22	30289	45
22	30290	44
22	30291	44
22	30292	44
22	30293	44
22	30294	44
22	30295	43
22	30296	43
22	30297	44
22	30298	43
22	30299	43
22	30300	39
22	30301	39
22	30302	39
22	30303	39
22	30304	40
22	30305	39
22	30306	40
22	30307	40
22	30308	40
22	30309	37
22	30310	37
22	30311	37
22	30312	37
22	30313	37
22	30314	37
22	30315	37
22	30316	41
22	30317	42
22	30318	42
22	30319	41
22	30320	41
22	30321	42
22	30322	42
22	30323	42
22	30324	42
22	30325	42
22	30326	42
22	30327	42
22	30328	42
22	30329	42
22	30330	41
22	30331	41
22	30332	40
22	30333	40
22	30334	37
22	30335	37
22	30336	34
22	30337	34
22	30338	34
22	30339	34
22	30340	34
22	30341	34
22	30342	34
22	30343	34
22	30344	34
22	30345	36
22	30346	37
22	30347	37
22	30348	38
22	30349	40
22	30350	41
22	30351	41
22	30352	41
22	30353	42
22	30354	43
22	30355	43
22	30356	42
22	30357	42
22	30358	42
22	30359	42
22	30360	42
22	30361	42
22	30362	42
22	30363	39
22	30364	39
22	30365	42
22	30366	43
22	30367	41
22	30368	40
22	30369	40
22	30370	40
22	30371	40
22	30372	40
22	30373	39
22	30374	36
22	30375	36
22	30376	34
22	30377	34
22	30378	34
22	30379	33
22	30380	33
22	30381	33
22	30382	33
22	30383	33
22	30384	33
22	30385	33
22	30386	31
22	30387	31
22	30388	32
22	30389	32
22	30390	32
22	30391	32
22	30392	32
22	30393	32
22	30394	33
22	30395	34
22	30396	38
22	30397	38
22	30398	38
22	30399	39
22	30400	38
22	30401	40
22	30402	41
22	30403	42
22	30404	45
22	30405	44
22	30406	44
22	30407	44
22	30408	44
22	30409	43
22	30410	43
22	30411	43
22	30412	43
22	30413	43
22	30414	43
22	30415	43
22	30416	43
22	30417	42
22	30418	42
22	30419	41
22	30420	42
22	30421	42
22	30422	42
22	30423	43
22	30424	43
22	30425	43
22	30426	43
22	30427	43
22	30428	45
22	30429	45
22	30430	45
22	30431	45
22	30432	45
22	30433	50
22	30434	50
22	30435	50
22	30436	50
22	30437	50
22	30438	51
22	30439	51
22	30440	51
22	30441	53
22	30442	53
22	30443	53
22	30444	53
22	30445	53
22	30446	54
22	30447	53
22	30448	53
22	30449	53
22	30450	53
22	30451	52
22	30452	52
22	30453	52
22	30454	51
22	30455	51
22	30456	51
22	30457	51
22	30458	51
22	30459	52
22	30460	53
22	30461	52
22	30462	52
22	30463	52
22	30464	53
22	30465	52
22	30466	52
22	30467	52
22	30468	50
22	30469	50
22	30470	50
22	30471	54
22	30472	54
22	30473	55
22	30474	54
22	30475	55
22	30476	55
22	30477	55
22	30478	55
22	30479	55
22	30480	55
22	30481	55
22	30482	56
22	30483	56
22	30484	56
22	30485	56
22	30486	56
22	30487	56
22	30488	57
22	30489	60
22	30490	60
22	30491	59
22	30492	59
22	30493	62
22	30494	63
22	30495	62
22	30496	61
22	30497	60
22	30498	58
22	30499	59
22	30500	58
22	30501	58
22	30502	58
22	30503	56
22	30504	56
22	30505	56
22	30506	56
22	30507	56
22	30508	56
22	30509	56
22	30510	56
22	30511	56
22	30512	56
22	30513	56
22	30514	53
22	30515	53
22	30516	53
22	30517	53
22	30518	53
22	30519	53
22	30520	53
22	30521	53
22	30522	53
22	30523	53
22	30524	54
22	30525	54
22	30526	54
22	30527	55
22	30528	55
22	30529	55
22	30530	55
22	30531	55
22	30532	55
22	30533	55
22	30534	54
22	30535	54
22	30536	54
22	30537	53
22	30538	53
22	30539	53
22	30540	53
22	30541	53
22	30542	53
22	30543	53
22	30544	51
22	30545	49
22	30546	49
22	30547	49
22	30548	49
22	30549	48
22	30550	48
22	30551	47
22	30552	46
22	30553	45
22	30554	42
22	30555	42
22	30556	43
22	30557	43
22	30558	43
22	30559	43
22	30560	43
22	30561	43
22	30562	43
22	30563	43
22	30564	43
22	30565	43
22	30566	44
22	30567	44
22	30568	44
22	30569	43
22	30570	43
22	30571	42
22	30572	42
22	30573	41
22	30574	43
22	30575	43
22	30576	43
22	30577	43
22	30578	42
22	30579	42
22	30580	42
22	30581	42
22	30582	41
22	30583	38
22	30584	38
22	30585	38
22	30586	38
22	30587	38
22	30588	37
22	30589	38
22	30590	36
22	30591	36
22	30592	36
22	30593	36
22	30594	36
22	30595	36
22	30596	35
22	30597	35
22	30598	35
22	30599	35
22	30600	35
22	30601	35
22	30602	35
22	30603	35
22	30604	35
22	30605	35
22	30606	35
22	30607	35
22	30608	35
22	30609	35
22	30610	34
22	30611	35
22	30612	36
22	30613	36
22	30614	34
22	30615	34
22	30616	36
22	30617	36
22	30618	36
22	30619	36
22	30620	36
22	30621	32
22	30622	32
22	30623	32
22	30624	32
22	30625	31
22	30626	31
22	30627	31
22	30628	31
22	30629	31
22	30630	30
22	30631	30
22	30632	30
22	30633	30
22	30634	31
22	30635	31
22	30636	31
22	30637	31
22	30638	31
22	30639	32
22	30640	33
22	30641	34
22	30642	34
22	30643	31
22	30644	30
22	30645	30
22	30646	32
22	30647	31
22	30648	31
22	30649	31
22	30650	31
22	30651	31
22	30652	32
22	30653	32
22	30654	32
22	30655	32
22	30656	33
22	30657	34
22	30658	34
22	30659	34
22	30660	34
22	30661	34
22	30662	34
22	30663	34
22	30664	34
22	30665	34
22	30666	33
22	30667	33
22	30668	33
22	30669	33
22	30670	33
22	30671	33
22	30672	33
22	30673	32
22	30674	32
22	30675	32
22	30676	32
22	30677	31
22	30678	28
22	30679	28
22	30680	28
22	30681	28
22	30682	28
22	30683	28
22	30684	35
22	30685	35
22	30686	35
22	30687	35
22	30688	35
22	30689	35
22	30690	35
22	30691	35
22	30692	35
22	30693	35
22	30694	35
22	30695	34
22	30696	34
22	30697	34
22	30698	34
22	30699	34
22	30700	35
22	30701	35
22	30702	36
22	30703	37
22	30704	35
22	30705	35
22	30706	35
22	30707	39
22	30708	41
22	30709	41
22	30710	40
22	30711	40
22	30712	40
22	30713	40
22	30714	40
22	30715	40
22	30716	38
22	30717	37
22	30718	37
22	30719	37
22	30720	37
22	30721	37
22	30722	37
22	30723	37
22	30724	35
22	30725	36
22	30726	36
22	30727	36
22	30728	36
22	30729	36
22	30730	36
22	30731	36
22	30732	37
22	30733	37
22	30734	37
22	30735	37
22	30736	37
22	30737	38
22	30738	38
22	30739	38
22	30740	38
22	30741	38
22	30742	38
22	30743	38
22	30744	38
22	30745	38
22	30746	38
22	30747	38
22	30748	38
22	30749	38
22	30750	38
22	30751	38
22	30752	38
22	30753	38
22	30754	37
22	30755	37
22	30756	37
22	30757	39
22	30758	39
22	30759	39
22	30760	39
22	30761	38
22	30762	38
22	30763	37
22	30764	35
22	30765	35
22	30766	35
22	30767	35
22	30768	35
22	30769	35
22	30770	35
22	30771	34
22	30772	34
22	30773	35
22	30774	35
22	30775	37
22	30776	38
22	30777	38
22	30778	39
22	30779	39
22	30780	39
22	30781	39
22	30782	40
22	30783	40
22	30784	39
22	30785	39
22	30786	39
22	30787	39
22	30788	39
22	30789	36
22	30790	35
22	30791	34
22	30792	37
22	30793	37
22	30794	37
22	30795	37
22	30796	37
22	30797	37
22	30798	37
22	30799	37
22	30800	39
22	30801	39
22	30802	38
22	30803	38
22	30804	40
22	30805	39
22	30806	40
22	30807	40
22	30808	40
22	30809	40
22	30810	40
22	30811	41
22	30812	41
22	30813	42
22	30814	42
22	30815	42
22	30816	42
22	30817	43
22	30818	43
22	30819	44
22	30820	44
22	30821	44
22	30822	47
22	30823	47
22	30824	47
22	30825	47
22	30826	46
22	30827	46
22	30828	45
22	30829	45
22	30830	47
22	30831	46
22	30832	46
22	30833	43
22	30834	43
22	30835	43
22	30836	45
22	30837	45
22	30838	45
22	30839	45
22	30840	45
22	30841	45
22	30842	45
22	30843	45
22	30844	45
22	30845	45
22	30846	45
22	30847	45
22	30848	45
22	30849	45
22	30850	44
22	30851	44
22	30852	44
22	30853	43
22	30854	43
22	30855	43
22	30856	43
22	30857	40
22	30858	38
22	30859	38
22	30860	38
22	30861	38
22	30862	38
22	30863	39
22	30864	39
22	30865	40
22	30866	40
22	30867	40
22	30868	40
22	30869	40
22	30870	40
22	30871	40
22	30872	40
22	30873	40
22	30874	39
22	30875	39
22	30876	39
22	30877	39
22	30878	39
22	30879	39
22	30880	37
22	30881	37
22	30882	36
22	30883	40
22	30884	42
22	30885	41
22	30886	41
22	30887	41
22	30888	41
22	30889	41
22	30890	41
22	30891	41
22	30892	42
22	30893	43
22	30894	43
22	30895	43
22	30896	43
22	30897	43
22	30898	43
22	30899	43
22	30900	42
22	30901	42
22	30902	44
22	30903	44
22	30904	44
22	30905	44
22	30906	44
22	30907	43
22	30908	45
22	30909	47
22	30910	47
22	30911	47
22	30912	48
22	30913	48
22	30914	48
22	30915	48
22	30916	49
22	30917	49
22	30918	49
22	30919	49
22	30920	49
22	30921	50
22	30922	49
22	30923	49
22	30924	49
22	30925	46
22	30926	47
22	30927	47
22	30928	47
22	30929	48
22	30930	48
22	30931	49
22	30932	48
22	30933	49
22	30934	49
22	30935	49
22	30936	49
22	30937	49
22	30938	50
22	30939	50
22	30940	47
22	30941	48
22	30942	48
22	30943	48
22	30944	48
22	30945	48
22	30946	48
22	30947	48
22	30948	49
22	30949	47
22	30950	46
22	30951	46
22	30952	47
22	30953	47
22	30954	45
22	30955	45
22	30956	45
22	30957	46
22	30958	46
22	30959	46
22	30960	45
22	30961	45
22	30962	44
22	30963	44
22	30964	44
22	30965	44
22	30966	43
22	30967	43
22	30968	43
22	30969	42
22	30970	42
22	30971	42
22	30972	40
22	30973	40
22	30974	40
22	30975	40
22	30976	40
22	30977	40
22	30978	38
22	30979	38
22	30980	38
22	30981	38
22	30982	38
22	30983	38
22	30984	38
22	30985	38
22	30986	36
22	30987	37
22	30988	37
22	30989	37
22	30990	38
22	30991	38
22	30992	38
22	30993	38
22	30994	41
22	30995	41
22	30996	41
22	30997	41
22	30998	41
22	30999	41
22	31000	41
22	31001	41
22	31002	40
22	31003	40
22	31004	41
22	31005	41
22	31006	41
22	31007	41
22	31008	41
22	31009	41
22	31010	41
22	31011	41
22	31012	41
22	31013	40
22	31014	40
22	31015	40
22	31016	41
22	31017	41
22	31018	41
22	31019	41
22	31020	42
22	31021	42
22	31022	42
22	31023	42
22	31024	42
22	31025	42
22	31026	42
22	31027	42
22	31028	43
22	31029	43
22	31030	43
22	31031	43
22	31032	42
22	31033	38
22	31034	38
22	31035	38
22	31036	38
22	31037	38
22	31038	38
22	31039	38
22	31040	38
22	31041	37
22	31042	37
22	31043	36
22	31044	36
22	31045	36
22	31046	38
22	31047	38
22	31048	38
22	31049	38
22	31050	38
22	31051	38
22	31052	37
22	31053	37
22	31054	38
22	31055	38
22	31056	38
22	31057	37
22	31058	36
22	31059	36
22	31060	37
22	31061	37
22	31062	36
22	31063	36
22	31064	36
22	31065	36
22	31066	35
22	31067	37
22	31068	37
22	31069	38
22	31070	38
22	31071	38
22	31072	38
22	31073	38
22	31074	38
22	31075	37
22	31076	36
22	31077	35
22	31078	34
22	31079	35
22	31080	34
22	31081	36
22	31082	36
22	31083	35
22	31084	35
22	31085	35
22	31086	35
22	31087	35
22	31088	34
22	31089	34
22	31090	34
22	31091	34
22	31092	34
22	31093	34
22	31094	34
22	31095	34
22	31096	34
22	31097	33
22	31098	33
22	31099	33
22	31100	34
22	31101	34
22	31102	34
22	31103	34
22	31104	34
22	31105	33
22	31106	32
22	31107	32
22	31108	29
22	31109	29
22	31110	29
22	31111	29
22	31112	29
22	31113	29
22	31114	29
22	31115	31
22	31116	31
22	31117	31
22	31118	36
22	31119	36
22	31120	36
22	31121	36
22	31122	38
22	31123	38
22	31124	39
22	31125	37
22	31126	37
22	31127	38
22	31128	38
22	31129	38
22	31130	39
22	31131	39
22	31132	39
22	31133	39
22	31134	39
22	31135	39
22	31136	39
22	31137	37
22	31138	37
22	31139	37
22	31140	37
22	31141	33
22	31142	33
22	31143	33
22	31144	33
22	31145	34
22	31146	35
22	31147	35
22	31148	35
22	31149	35
22	31150	35
22	31151	35
22	31152	35
22	31153	34
22	31154	33
22	31155	33
22	31156	33
22	31157	33
22	31158	34
22	31159	34
22	31160	34
22	31161	34
22	31162	35
22	31163	35
22	31164	35
22	31165	35
22	31166	34
22	31167	32
22	31168	33
22	31169	34
22	31170	34
22	31171	34
22	31172	34
22	31173	34
22	31174	34
22	31175	34
22	31176	34
22	31177	32
22	31178	32
22	31179	32
22	31180	32
22	31181	35
22	31182	35
22	31183	35
22	31184	35
22	31185	35
22	31186	35
22	31187	35
22	31188	35
22	31189	35
22	31190	36
22	31191	37
22	31192	37
22	31193	38
22	31194	39
22	31195	39
22	31196	37
22	31197	37
22	31198	37
22	31199	37
22	31200	37
22	31201	34
22	31202	34
22	31203	33
22	31204	33
22	31205	33
22	31206	33
22	31207	32
22	31208	32
22	31209	32
22	31210	32
22	31211	32
22	31212	32
22	31213	32
22	31214	31
22	31215	31
22	31216	31
22	31217	31
22	31218	31
22	31219	31
22	31220	31
22	31221	31
22	31222	31
22	31223	31
22	31224	31
22	31225	31
22	31226	31
22	31227	31
22	31228	31
22	31229	32
22	31230	32
22	31231	32
22	31232	32
22	31233	32
22	31234	33
22	31235	33
22	31236	34
22	31237	34
22	31238	35
22	31239	35
22	31240	35
22	31241	35
22	31242	35
22	31243	35
22	31244	35
22	31245	35
22	31246	35
22	31247	35
22	31248	35
22	31249	37
22	31250	37
22	31251	37
22	31252	37
22	31253	37
22	31254	37
22	31255	37
22	31256	38
22	31257	38
22	31258	36
22	31259	36
22	31260	35
22	31261	35
22	31262	34
22	31263	35
22	31264	33
22	31265	33
22	31266	33
22	31267	33
22	31268	33
22	31269	33
22	31270	34
22	31271	33
22	31272	30
22	31273	30
22	31274	30
22	31275	30
22	31276	31
22	31277	30
22	31278	30
22	31279	30
22	31280	30
22	31281	30
22	31282	30
22	31283	31
22	31284	31
22	31285	31
22	31286	31
22	31287	31
22	31288	31
22	31289	29
22	31290	29
22	31291	29
22	31292	29
22	31293	29
22	31294	28
22	31295	27
22	31296	27
22	31297	27
22	31298	27
22	31299	27
22	31300	27
22	31301	27
22	31302	27
22	31303	27
22	31304	27
22	31305	27
22	31306	27
22	31307	27
22	31308	26
22	31309	26
22	31310	26
22	31311	27
22	31312	27
22	31313	27
22	31314	27
22	31315	27
22	31316	27
22	31317	27
22	31318	26
22	31319	25
22	31320	25
22	31321	29
22	31322	29
22	31323	30
22	31324	31
22	31325	31
22	31326	31
22	31327	31
22	31328	31
22	31329	31
22	31330	31
22	31331	27
22	31332	29
22	31333	28
22	31334	28
22	31335	29
22	31336	29
22	31337	29
22	31338	30
22	31339	29
22	31340	30
22	31341	28
22	31342	30
22	31343	28
22	31344	28
22	31345	28
22	31346	28
22	31347	28
22	31348	28
22	31349	28
22	31350	28
22	31351	28
22	31352	28
22	31353	29
22	31354	29
22	31355	29
22	31356	29
22	31357	29
22	31358	30
22	31359	29
22	31360	29
22	31361	29
22	31362	29
22	31363	29
22	31364	29
22	31365	29
22	31366	29
22	31367	29
22	31368	29
22	31369	29
22	31370	29
22	31371	29
22	31372	29
22	31373	29
22	31374	29
22	31375	29
22	31376	29
22	31377	29
22	31378	29
22	31379	28
22	31380	28
22	31381	28
22	31382	28
22	31383	28
22	31384	27
22	31385	27
22	31386	26
22	31387	26
22	31388	25
22	31389	25
22	31390	25
22	31391	25
22	31392	25
22	31393	25
22	31394	25
22	31395	25
22	31396	25
22	31397	23
22	31398	23
22	31399	23
22	31400	23
22	31401	25
22	31402	27
22	31403	27
22	31404	27
22	31405	26
22	31406	26
22	31407	26
22	31408	25
22	31409	25
22	31410	25
22	31411	26
22	31412	26
22	31413	25
22	31414	25
22	31415	25
22	31416	25
22	31417	25
22	31418	26
22	31419	25
22	31420	25
22	31421	25
22	31422	25
22	31423	26
22	31424	26
22	31425	25
22	31426	25
22	31427	25
22	31428	26
22	31429	26
22	31430	26
22	31431	25
22	31432	25
22	31433	25
22	31434	26
22	31435	26
22	31436	26
22	31437	26
22	31438	26
22	31439	26
22	31440	26
22	31441	26
22	31442	26
22	31443	26
22	31444	26
22	31445	26
22	31446	26
22	31447	26
22	31448	27
22	31449	27
22	31450	27
22	31451	27
22	31452	27
22	31453	27
22	31454	27
22	31455	27
22	31456	27
22	31457	27
22	31458	27
22	31459	27
22	31460	27
22	31461	26
22	31462	26
22	31463	27
22	31464	27
22	31465	29
22	31466	29
22	31467	29
22	31468	29
22	31469	29
22	31470	26
22	31471	25
22	31472	24
22	31473	23
22	31474	23
22	31475	23
22	31476	24
22	31477	24
22	31478	25
22	31479	25
22	31480	25
22	31481	25
22	31482	25
22	31483	27
22	31484	27
22	31485	26
22	31486	26
22	31487	26
22	31488	26
22	31489	26
22	31490	25
22	31491	23
22	31492	23
22	31493	23
22	31494	23
22	31495	24
22	31496	24
22	31497	24
22	31498	24
22	31499	24
22	31500	25
22	31501	25
22	31502	25
22	31503	24
22	31504	24
22	31505	24
22	31506	24
22	31507	23
22	31508	23
22	31509	23
22	31510	23
22	31511	23
22	31512	24
22	31513	24
22	31514	24
22	31515	24
22	31516	24
22	31517	24
22	31518	24
22	31519	24
22	31520	24
22	31521	24
22	31522	24
22	31523	26
22	31524	26
22	31525	26
22	31526	26
22	31527	26
22	31528	27
22	31529	27
22	31530	27
22	31531	27
22	31532	27
22	31533	27
22	31534	27
22	31535	27
22	31536	27
22	31537	27
22	31538	27
22	31539	27
22	31540	27
22	31541	27
22	31542	27
22	31543	28
22	31544	28
22	31545	28
22	31546	28
22	31547	28
22	31548	28
22	31549	28
22	31550	28
22	31551	26
22	31552	24
22	31553	24
22	31554	24
22	31555	24
22	31556	24
22	31557	25
22	31558	25
22	31559	25
22	31560	25
22	31561	25
22	31562	25
22	31563	25
22	31564	27
22	31565	29
22	31566	29
22	31567	29
22	31568	28
22	31569	28
22	31570	29
22	31571	28
22	31572	29
22	31573	28
22	31574	28
22	31575	28
22	31576	29
22	31577	29
22	31578	28
22	31579	28
22	31580	28
22	31581	28
22	31582	28
22	31583	27
22	31584	27
22	31585	27
22	31586	27
22	31587	27
22	31588	28
22	31589	28
22	31590	28
22	31591	28
22	31592	28
22	31593	28
22	31594	28
22	31595	28
22	31596	28
22	31597	27
22	31598	27
22	31599	27
22	31600	27
22	31601	27
22	31602	27
22	31603	29
22	31604	31
22	31605	31
22	31606	31
22	31607	31
22	31608	31
22	31609	31
22	31610	32
22	31611	32
22	31612	31
22	31613	32
22	31614	32
22	31615	30
22	31616	30
22	31617	30
22	31618	30
22	31619	30
22	31620	30
22	31621	30
22	31622	30
22	31623	30
22	31624	36
22	31625	36
22	31626	35
22	31627	35
22	31628	35
22	31629	35
22	31630	38
22	31631	37
22	31632	37
22	31633	35
22	31634	35
22	31635	35
22	31636	35
22	31637	34
22	31638	34
22	31639	34
22	31640	34
22	31641	34
22	31642	34
22	31643	34
22	31644	34
22	31645	33
22	31646	34
22	31647	34
22	31648	34
22	31649	33
22	31650	34
22	31651	34
22	31652	34
22	31653	34
22	31654	34
22	31655	35
22	31656	35
22	31657	35
22	31658	35
22	31659	35
22	31660	35
22	31661	35
22	31662	36
22	31663	36
22	31664	36
22	31665	36
22	31666	36
22	31667	36
22	31668	39
22	31669	39
22	31670	39
22	31671	39
22	31672	38
22	31673	37
22	31674	37
22	31675	37
22	31676	37
22	31677	37
22	31678	36
22	31679	36
22	31680	36
22	31681	36
22	31682	36
22	31683	36
22	31684	36
22	31685	36
22	31686	36
22	31687	36
22	31688	36
22	31689	36
22	31690	36
22	31691	35
22	31692	36
22	31693	35
22	31694	35
22	31695	35
22	31696	35
22	31697	35
22	31698	35
22	31699	35
22	31700	35
22	31701	35
22	31702	35
22	31703	35
22	31704	35
22	31705	35
22	31706	35
22	31707	34
22	31708	34
22	31709	34
22	31710	35
22	31711	34
22	31712	34
22	31713	32
22	31714	32
22	31715	30
22	31716	30
22	31717	30
22	31718	30
22	31719	30
22	31720	29
22	31721	29
22	31722	28
22	31723	27
22	31724	27
22	31725	27
22	31726	27
22	31727	27
22	31728	27
22	31729	27
22	31730	27
22	31731	28
22	31732	28
22	31733	29
22	31734	29
22	31735	29
22	31736	29
22	31737	29
22	31738	28
22	31739	28
22	31740	29
22	31741	29
22	31742	29
22	31743	29
22	31744	32
22	31745	32
22	31746	32
22	31747	32
22	31748	33
22	31749	33
22	31750	33
22	31751	33
22	31752	32
22	31753	30
22	31754	30
22	31755	30
22	31756	30
22	31757	30
22	31758	30
22	31759	30
22	31760	30
22	31761	30
22	31762	30
22	31763	29
22	31764	29
22	31765	29
22	31766	29
22	31767	29
22	31768	30
22	31769	29
22	31770	29
22	31771	29
22	31772	29
22	31773	23
22	31774	23
22	31775	23
22	31776	23
22	31777	22
22	31778	22
22	31779	25
22	31780	22
22	31781	22
22	31782	22
22	31783	22
22	31784	22
22	31785	22
22	31786	23
22	31787	23
22	31788	23
22	31789	23
22	31790	25
22	31791	26
22	31792	26
22	31793	26
22	31794	26
22	31795	26
22	31796	25
22	31797	26
22	31798	26
22	31799	25
22	31800	25
22	31801	25
22	31802	27
22	31803	27
22	31804	27
22	31805	26
22	31806	27
22	31807	27
22	31808	27
22	31809	27
22	31810	28
22	31811	28
22	31812	26
22	31813	26
22	31814	26
22	31815	26
22	31816	26
22	31817	26
22	31818	23
22	31819	23
22	31820	23
22	31821	23
22	31822	23
22	31823	23
22	31824	23
22	31825	23
22	31826	23
22	31827	23
22	31828	23
22	31829	23
22	31830	24
22	31831	24
22	31832	24
22	31833	24
22	31834	24
22	31835	25
22	31836	25
22	31837	25
22	31838	25
22	31839	25
22	31840	26
22	31841	26
22	31842	26
22	31843	26
22	31844	26
22	31845	26
22	31846	26
22	31847	27
22	31848	27
22	31849	28
22	31850	29
22	31851	29
22	31852	32
22	31853	32
22	31854	33
22	31855	33
22	31856	36
22	31857	37
22	31858	37
22	31859	37
22	31860	37
22	31861	37
22	31862	37
22	31863	37
22	31864	37
22	31865	37
22	31866	37
22	31867	37
22	31868	37
22	31869	37
22	31870	37
22	31871	37
22	31872	40
22	31873	40
22	31874	40
22	31875	40
22	31876	40
22	31877	42
22	31878	42
22	31879	42
22	31880	42
22	31881	41
22	31882	43
22	31883	43
22	31884	44
22	31885	44
22	31886	45
22	31887	45
22	31888	45
22	31889	45
22	31890	45
22	31891	45
22	31892	44
22	31893	44
22	31894	43
22	31895	43
22	31896	43
22	31897	44
22	31898	43
22	31899	44
22	31900	43
22	31901	45
22	31902	45
22	31903	45
22	31904	46
22	31905	46
22	31906	46
22	31907	47
22	31908	46
22	31909	46
22	31910	46
22	31911	46
22	31912	46
22	31913	46
22	31914	46
22	31915	46
22	31916	46
22	31917	45
22	31918	45
22	31919	45
22	31920	45
22	31921	46
22	31922	46
22	31923	46
22	31924	46
22	31925	46
22	31926	46
22	31927	46
22	31928	48
22	31929	45
22	31930	44
22	31931	44
22	31932	44
22	31933	44
22	31934	44
22	31935	43
22	31936	43
22	31937	43
22	31938	46
22	31939	46
22	31940	46
22	31941	45
22	31942	45
22	31943	45
22	31944	45
22	31945	49
22	31946	51
22	31947	50
22	31948	51
22	31949	53
22	31950	51
22	31951	53
22	31952	53
22	31953	53
22	31954	58
22	31955	57
22	31956	57
22	31957	57
22	31958	56
22	31959	56
22	31960	56
22	31961	56
22	31962	56
22	31963	56
22	31964	56
22	31965	56
22	31966	56
22	31967	57
22	31968	57
22	31969	57
22	31970	57
22	31971	57
22	31972	57
22	31973	57
22	31974	57
22	31975	58
22	31976	58
22	31977	58
22	31978	58
22	31979	57
22	31980	57
22	31981	57
22	31982	57
22	31983	57
22	31984	57
22	31985	56
22	31986	56
22	31987	56
22	31988	58
22	31989	58
22	31990	57
22	31991	57
22	31992	57
22	31993	57
22	31994	58
22	31995	58
22	31996	58
22	31997	57
22	31998	59
22	31999	59
22	32000	61
22	32001	60
22	32002	59
22	32003	64
22	32004	63
22	32005	63
22	32006	60
22	32007	59
22	32008	59
22	32009	59
22	32010	57
22	32011	57
22	32012	57
22	32013	57
22	32014	57
22	32015	57
22	32016	57
22	32017	59
22	32018	59
22	32019	60
22	32020	60
22	32021	60
22	32022	57
22	32023	58
22	32024	58
22	32025	58
22	32026	56
22	32027	56
22	32028	57
22	32029	57
22	32030	57
22	32031	56
22	32032	54
22	32033	54
22	32034	53
22	32035	52
22	32036	52
22	32037	52
22	32038	52
22	32039	52
22	32040	52
22	32041	52
22	32042	52
22	32043	52
22	32044	52
22	32045	55
22	32046	56
22	32047	61
22	32048	60
22	32049	65
22	32050	68
22	32051	66
22	32052	66
22	32053	65
22	32054	66
22	32055	66
22	32056	66
22	32057	65
22	32058	65
22	32059	65
22	32060	65
22	32061	65
22	32062	65
22	32063	65
22	32064	65
22	32065	65
22	32066	65
22	32067	65
22	32068	65
22	32069	65
22	32070	65
22	32071	64
22	32072	64
22	32073	64
22	32074	64
22	32075	64
22	32076	64
22	32077	62
22	32078	62
22	32079	63
22	32080	63
22	32081	63
22	32082	63
22	32083	63
22	32084	63
22	32085	61
22	32086	61
22	32087	61
22	32088	58
22	32089	58
22	32090	58
22	32091	58
22	32092	58
22	32093	60
22	32094	56
22	32095	59
22	32096	57
22	32097	57
22	32098	56
22	32099	54
22	32100	54
22	32101	52
22	32102	52
22	32103	52
22	32104	47
22	32105	50
22	32106	50
22	32107	50
22	32108	53
22	32109	53
22	32110	53
22	32111	53
22	32112	53
22	32113	53
22	32114	53
22	32115	53
22	32116	52
22	32117	52
22	32118	53
22	32119	53
22	32120	54
22	32121	55
22	32122	56
22	32123	56
22	32124	56
22	32125	57
22	32126	57
22	32127	57
22	32128	57
22	32129	60
22	32130	61
22	32131	61
22	32132	61
22	32133	61
22	32134	61
22	32135	61
22	32136	62
22	32137	60
22	32138	60
22	32139	60
22	32140	60
22	32141	61
22	32142	61
22	32143	61
22	32144	60
22	32145	60
22	32146	60
22	32147	60
22	32148	58
22	32149	55
22	32150	53
22	32151	53
22	32152	48
22	32153	48
22	32154	48
22	32155	48
22	32156	48
22	32157	48
22	32158	48
22	32159	48
22	32160	48
22	32161	48
22	32162	48
22	32163	48
22	32164	48
22	32165	48
22	32166	48
22	32167	46
22	32168	46
22	32169	45
22	32170	45
22	32171	45
22	32172	45
22	32173	45
22	32174	45
22	32175	45
22	32176	45
22	32177	43
22	32178	44
22	32179	45
22	32180	45
22	32181	45
22	32182	45
22	32183	45
22	32184	45
22	32185	46
22	32186	46
22	32187	63
22	32188	66
22	32189	67
22	32190	70
22	32191	76
22	32192	76
22	32193	76
22	32194	76
22	32195	73
22	32196	74
22	32197	69
22	32198	69
22	32199	64
22	32200	61
22	32201	61
22	32202	61
22	32203	61
22	32204	60
22	32205	60
22	32206	60
22	32207	60
22	32208	60
22	32209	60
22	32210	60
22	32211	60
22	32212	60
22	32213	60
22	32214	60
22	32215	61
22	32216	61
22	32217	61
22	32218	61
22	32219	61
22	32220	61
22	32221	61
22	32222	61
22	32223	62
22	32224	62
22	32225	62
22	32226	62
22	32227	64
22	32228	64
22	32229	63
22	32230	63
22	32231	63
22	32232	63
22	32233	63
22	32234	63
22	32235	63
22	32236	63
22	32237	63
22	32238	63
22	32239	63
22	32240	66
22	32241	66
22	32242	63
22	32243	63
22	32244	63
22	32245	64
22	32246	64
22	32247	64
22	32248	64
22	32249	64
22	32250	65
22	32251	65
22	32252	66
22	32253	66
22	32254	67
22	32255	64
22	32256	64
22	32257	64
22	32258	63
22	32259	63
22	32260	64
22	32261	64
22	32262	64
22	32263	64
22	32264	65
22	32265	65
22	32266	66
22	32267	66
22	32268	67
22	32269	66
22	32270	66
22	32271	65
22	32272	65
22	32273	65
22	32274	65
22	32275	63
22	32276	62
22	32277	62
22	32278	62
22	32279	62
22	32280	61
22	32281	63
22	32282	63
22	32283	63
22	32284	63
22	32285	63
22	32286	64
22	32287	65
22	32288	65
22	32289	66
22	32290	65
22	32291	65
22	32292	65
22	32293	65
22	32294	65
22	32295	65
22	32296	65
22	32297	65
22	32298	65
22	32299	65
22	32300	65
22	32301	66
22	32302	67
22	32303	67
22	32304	67
22	32305	67
22	32306	68
22	32307	68
22	32308	68
22	32309	69
22	32310	69
22	32311	69
22	32312	69
22	32313	69
22	32314	70
22	32315	70
22	32316	74
22	32317	74
22	32318	74
22	32319	74
22	32320	73
22	32321	73
22	32322	74
22	32323	74
22	32324	75
22	32325	77
22	32326	77
22	32327	77
22	32328	76
22	32329	76
22	32330	78
22	32331	78
22	32332	78
22	32333	79
22	32334	80
22	32335	79
22	32336	80
22	32337	64
22	32338	61
22	32339	60
22	32340	51
22	32341	52
22	32342	53
22	32343	53
22	32344	54
22	32345	52
22	32346	52
22	32347	52
22	32348	51
22	32349	52
22	32350	53
22	32351	53
22	32352	53
22	32353	53
22	32354	53
22	32355	53
22	32356	53
22	32357	53
22	32358	53
22	32359	53
22	32360	53
22	32361	53
22	32362	53
22	32363	53
22	32364	53
22	32365	54
22	32366	54
22	32367	54
22	32368	54
22	32369	55
22	32370	55
22	32371	56
22	32372	55
22	32373	55
22	32374	55
22	32375	56
22	32376	57
22	32377	55
22	32378	55
22	32379	55
22	32380	56
22	32381	56
22	32382	56
22	32383	57
22	32384	57
22	32385	57
22	32386	58
22	32387	58
22	32388	58
22	32389	58
22	32390	55
22	32391	55
22	32392	53
22	32393	53
22	32394	53
22	32395	52
22	32396	52
22	32397	52
22	32398	54
22	32399	54
22	32400	51
22	32401	53
22	32402	56
22	32403	56
22	32404	55
22	32405	56
22	32406	56
22	32407	54
22	32408	54
22	32409	53
22	32410	53
22	32411	53
22	32412	53
22	32413	53
22	32414	52
22	32415	53
22	32416	52
22	32417	52
22	32418	50
22	32419	50
22	32420	51
22	32421	50
22	32422	51
22	32423	51
22	32424	51
22	32425	51
22	32426	49
22	32427	49
22	32428	49
22	32429	49
22	32430	49
22	32431	47
22	32432	47
22	32433	47
22	32434	48
22	32435	46
22	32436	45
22	32437	45
22	32438	45
22	32439	45
22	32440	46
22	32441	47
22	32442	47
22	32443	47
22	32444	47
22	32445	47
22	32446	47
22	32447	47
22	32448	47
22	32449	47
22	32450	47
22	32451	46
22	32452	46
22	32453	46
22	32454	46
22	32455	48
22	32456	47
22	32457	50
22	32458	50
22	32459	52
22	32460	52
22	32461	52
22	32462	52
22	32463	52
22	32464	51
22	32465	53
22	32466	49
22	32467	53
22	32468	53
22	32469	54
22	32470	54
22	32471	56
22	32472	55
22	32473	55
22	32474	54
22	32475	52
22	32476	53
22	32477	53
22	32478	52
22	32479	52
22	32480	51
22	32481	52
22	32482	52
22	32483	51
22	32484	55
22	32485	55
22	32486	55
22	32487	54
22	32488	54
22	32489	54
22	32490	54
22	32491	56
22	32492	55
22	32493	57
22	32494	56
22	32495	58
22	32496	59
22	32497	59
22	32498	60
22	32499	59
22	32500	58
22	32501	58
22	32502	58
22	32503	58
22	32504	58
22	32505	58
22	32506	59
22	32507	59
22	32508	59
22	32509	59
22	32510	60
22	32511	60
22	32512	62
22	32513	62
22	32514	62
22	32515	60
22	32516	60
22	32517	60
22	32518	60
22	32519	60
22	32520	60
22	32521	59
22	32522	59
22	32523	59
22	32524	59
22	32525	58
22	32526	57
22	32527	57
22	32528	58
22	32529	57
22	32530	57
22	32531	57
22	32532	56
22	32533	57
22	32534	57
22	32535	57
22	32536	56
22	32537	56
22	32538	56
22	32539	56
22	32540	56
22	32541	57
22	32542	58
22	32543	58
22	32544	58
22	32545	63
22	32546	68
22	32547	69
22	32548	68
22	32549	68
22	32550	68
22	32551	64
22	32552	64
22	32553	64
22	32554	67
22	32555	66
22	32556	66
22	32557	66
22	32558	66
22	32559	66
22	32560	66
22	32561	66
22	32562	68
22	32563	68
22	32564	67
22	32565	67
22	32566	67
22	32567	67
22	32568	67
22	32569	68
22	32570	69
22	32571	69
22	32572	68
22	32573	68
22	32574	68
22	32575	68
22	32576	68
22	32577	68
22	32578	68
22	32579	70
22	32580	73
22	32581	73
22	32582	74
22	32583	75
22	32584	74
22	32585	74
22	32586	74
22	32587	74
22	32588	73
22	32589	73
22	32590	73
22	32591	72
22	32592	72
22	32593	72
22	32594	72
22	32595	72
22	32596	72
22	32597	72
22	32598	73
22	32599	73
22	32600	72
22	32601	72
22	32602	72
22	32603	72
22	32604	72
22	32605	71
22	32606	71
22	32607	68
22	32608	68
22	32609	67
22	32610	67
22	32611	68
22	32612	71
22	32613	72
22	32614	72
22	32615	68
22	32616	71
22	32617	66
22	32618	70
22	32619	70
22	32620	70
22	32621	68
22	32622	68
22	32623	68
22	32624	68
22	32625	68
22	32626	69
22	32627	69
22	32628	69
22	32629	69
22	32630	69
22	32631	68
22	32632	68
22	32633	68
22	32634	63
22	32635	62
22	32636	65
22	32637	65
22	32638	65
22	32639	65
22	32640	65
22	32641	64
22	32642	64
22	32643	62
22	32644	62
22	32645	59
22	32646	59
22	32647	59
22	32648	58
22	32649	59
22	32650	59
22	32651	59
22	32652	59
22	32653	59
22	32654	59
22	32655	60
22	32656	59
22	32657	59
22	32658	59
22	32659	59
22	32660	58
22	32661	58
22	32662	56
22	32663	56
22	32664	56
22	32665	56
22	32666	56
22	32667	56
22	32668	56
22	32669	57
22	32670	57
22	32671	57
22	32672	59
22	32673	59
22	32674	61
22	32675	61
22	32676	61
22	32677	61
22	32678	60
22	32679	60
22	32680	60
22	32681	60
22	32682	60
22	32683	60
22	32684	60
22	32685	61
22	32686	63
22	32687	63
22	32688	65
22	32689	66
22	32690	65
22	32691	65
22	32692	64
22	32693	64
22	32694	54
22	32695	54
22	32696	54
22	32697	53
22	32698	52
22	32699	54
22	32700	55
22	32701	55
22	32702	53
22	32703	52
22	32704	52
22	32705	52
22	32706	52
22	32707	52
22	32708	52
22	32709	50
22	32710	50
22	32711	51
22	32712	51
22	32713	51
22	32714	52
22	32715	52
22	32716	52
22	32717	53
22	32718	53
22	32719	52
22	32720	50
22	32721	50
22	32722	50
22	32723	50
22	32724	50
22	32725	55
22	32726	56
22	32727	56
22	32728	54
22	32729	54
22	32730	51
22	32731	54
22	32732	52
22	32733	52
22	32734	52
22	32735	52
22	32736	52
22	32737	52
22	32738	52
22	32739	52
22	32740	52
22	32741	51
22	32742	52
22	32743	52
22	32744	52
22	32745	53
22	32746	53
22	32747	53
22	32748	52
22	32749	52
22	32750	52
22	32751	52
22	32752	52
22	32753	52
22	32754	52
22	32755	52
22	32756	52
22	32757	52
22	32758	52
22	32759	52
22	32760	51
22	32761	50
22	32762	47
22	32763	47
22	32764	47
22	32765	46
22	32766	46
22	32767	47
22	32768	43
22	32769	43
22	32770	43
22	32771	42
22	32772	43
22	32773	43
22	32774	43
22	32775	43
22	32776	42
22	32777	43
22	32778	43
22	32779	47
22	32780	46
22	32781	48
22	32782	48
22	32783	48
22	32784	48
22	32785	48
22	32786	45
22	32787	45
22	32788	45
22	32789	43
22	32790	43
22	32791	43
22	32792	44
22	32793	46
22	32794	46
22	32795	46
22	32796	46
22	32797	46
22	32798	46
22	32799	48
22	32800	48
22	32801	48
22	32802	48
22	32803	48
22	32804	48
22	32805	47
22	32806	47
22	32807	47
22	32808	47
22	32809	49
22	32810	49
22	32811	49
22	32812	49
22	32813	51
22	32814	51
22	32815	51
22	32816	51
22	32817	50
22	32818	49
22	32819	49
22	32820	49
22	32821	50
22	32822	48
22	32823	46
22	32824	46
22	32825	46
22	32826	45
22	32827	46
22	32828	46
22	32829	46
22	32830	46
22	32831	46
22	32832	46
22	32833	46
22	32834	47
22	32835	46
22	32836	44
22	32837	44
22	32838	41
22	32839	41
22	32840	42
22	32841	42
22	32842	43
22	32843	43
22	32844	44
22	32845	44
22	32846	44
22	32847	44
22	32848	44
22	32849	42
22	32850	41
22	32851	41
22	32852	41
22	32853	41
22	32854	41
22	32855	41
22	32856	41
22	32857	41
22	32858	41
22	32859	41
22	32860	42
22	32861	41
22	32862	41
22	32863	46
22	32864	46
22	32865	46
22	32866	45
22	32867	45
22	32868	45
22	32869	45
22	32870	45
22	32871	48
22	32872	43
22	32873	43
22	32874	43
22	32875	44
22	32876	43
22	32877	43
22	32878	43
22	32879	43
22	32880	40
22	32881	40
22	32882	40
22	32883	40
22	32884	40
22	32885	41
22	32886	41
22	32887	41
22	32888	41
22	32889	41
22	32890	41
22	32891	41
22	32892	40
22	32893	40
22	32894	40
22	32895	39
22	32896	39
22	32897	39
22	32898	39
22	32899	39
22	32900	39
22	32901	41
22	32902	41
22	32903	41
22	32904	40
22	32905	40
22	32906	40
22	32907	40
22	32908	40
22	32909	40
22	32910	39
22	32911	39
22	32912	38
22	32913	38
22	32914	39
22	32915	39
22	32916	37
22	32917	37
22	32918	37
22	32919	37
22	32920	38
22	32921	38
22	32922	38
22	32923	39
22	32924	38
22	32925	39
22	32926	42
22	32927	41
22	32928	41
22	32929	37
22	32930	38
22	32931	37
22	32932	39
22	32933	39
22	32934	39
22	32935	39
22	32936	39
22	32937	39
22	32938	38
22	32939	39
22	32940	39
22	32941	40
22	32942	40
22	32943	39
22	32944	38
22	32945	38
22	32946	38
22	32947	38
22	32948	36
22	32949	35
22	32950	35
22	32951	35
22	32952	35
22	32953	35
22	32954	35
22	32955	35
22	32956	35
22	32957	35
22	32958	34
22	32959	34
22	32960	35
22	32961	35
22	32962	35
22	32963	32
22	32964	32
22	32965	32
22	32966	32
22	32967	32
22	32968	32
22	32969	32
22	32970	32
22	32971	31
22	32972	31
22	32973	31
22	32974	31
22	32975	30
22	32976	30
22	32977	31
22	32978	31
22	32979	31
22	32980	31
22	32981	31
22	32982	31
22	32983	31
22	32984	30
22	32985	30
22	32986	30
22	32987	30
22	32988	31
22	32989	32
22	32990	31
22	32991	31
22	32992	32
22	32993	32
22	32994	31
22	32995	31
22	32996	31
22	32997	31
22	32998	31
22	32999	31
22	33000	31
22	33001	31
22	33002	31
22	33003	31
22	33004	31
22	33005	31
22	33006	31
22	33007	33
22	33008	33
22	33009	33
22	33010	32
22	33011	32
22	33012	28
22	33013	27
22	33014	27
22	33015	27
22	33016	28
22	33017	27
22	33018	27
22	33019	27
22	33020	24
22	33021	24
22	33022	24
22	33023	25
22	33024	24
22	33025	27
22	33026	28
22	33027	28
22	33028	28
22	33029	28
22	33030	28
22	33031	28
22	33032	28
22	33033	29
22	33034	29
22	33035	29
22	33036	30
22	33037	32
22	33038	32
22	33039	32
22	33040	32
22	33041	32
22	33042	32
22	33043	32
22	33044	32
22	33045	32
22	33046	32
22	33047	32
22	33048	32
22	33049	32
22	33050	32
22	33051	31
22	33052	31
22	33053	31
22	33054	31
22	33055	31
22	33056	31
22	33057	31
22	33058	31
22	33059	31
22	33060	31
22	33061	31
22	33062	31
22	33063	31
22	33064	32
22	33065	31
22	33066	31
22	33067	31
22	33068	31
22	33069	32
22	33070	32
22	33071	32
22	33072	33
22	33073	30
22	33074	32
22	33075	32
22	33076	32
22	33077	32
22	33078	33
22	33079	34
22	33080	34
22	33081	33
22	33082	33
22	33083	32
22	33084	34
22	33085	34
22	33086	34
22	33087	34
22	33088	34
22	33089	33
22	33090	32
22	33091	32
22	33092	32
22	33093	32
22	33094	32
22	33095	32
22	33096	32
22	33097	32
22	33098	32
22	33099	32
22	33100	32
22	33101	32
22	33102	32
22	33103	32
22	33104	32
22	33105	32
22	33106	32
22	33107	32
22	33108	32
22	33109	32
22	33110	31
22	33111	31
22	33112	31
22	33113	31
22	33114	32
22	33115	32
22	33116	31
22	33117	32
22	33118	32
22	33119	32
22	33120	33
22	33121	33
22	33122	35
22	33123	35
22	33124	35
22	33125	35
22	33126	35
22	33127	35
22	33128	35
22	33129	35
22	33130	37
22	33131	37
22	33132	36
22	33133	36
22	33134	36
22	33135	36
22	33136	36
22	33137	36
22	33138	35
22	33139	34
22	33140	34
22	33141	33
22	33142	35
22	33143	38
22	33144	38
22	33145	38
22	33146	38
22	33147	39
22	33148	39
22	33149	39
22	33150	40
22	33151	41
22	33152	41
22	33153	41
22	33154	41
22	33155	41
22	33156	40
22	33157	40
22	33158	40
22	33159	40
22	33160	40
22	33161	40
22	33162	40
22	33163	40
22	33164	40
22	33165	40
22	33166	40
22	33167	40
22	33168	40
22	33169	40
22	33170	40
22	33171	40
22	33172	40
22	33173	39
22	33174	39
22	33175	36
22	33176	36
22	33177	36
22	33178	36
22	33179	36
22	33180	36
22	33181	36
22	33182	35
22	33183	35
22	33184	35
22	33185	35
22	33186	33
22	33187	32
22	33188	32
22	33189	32
22	33190	31
22	33191	32
22	33192	33
22	33193	33
22	33194	33
22	33195	33
22	33196	33
22	33197	33
22	33198	33
22	33199	32
22	33200	31
22	33201	31
22	33202	31
22	33203	31
22	33204	31
22	33205	31
22	33206	31
22	33207	31
22	33208	31
22	33209	31
22	33210	31
22	33211	31
22	33212	31
22	33213	29
22	33214	29
22	33215	29
22	33216	29
22	33217	29
22	33218	29
22	33219	30
22	33220	29
22	33221	29
22	33222	28
22	33223	26
22	33224	26
22	33225	26
22	33226	26
22	33227	26
22	33228	25
22	33229	24
22	33230	24
22	33231	24
22	33232	24
22	33233	24
22	33234	23
22	33235	23
22	33236	24
22	33237	24
22	33238	24
22	33239	24
22	33240	25
22	33241	25
22	33242	25
22	33243	25
22	33244	25
22	33245	25
22	33246	25
22	33247	25
22	33248	25
22	33249	25
22	33250	25
22	33251	25
22	33252	25
22	33253	25
22	33254	25
22	33255	25
22	33256	25
22	33257	25
22	33258	27
22	33259	27
22	33260	27
22	33261	31
22	33262	31
22	33263	32
22	33264	31
22	33265	32
22	33266	32
22	33267	32
22	33268	32
22	33269	32
22	33270	31
22	33271	33
22	33272	33
22	33273	33
22	33274	34
22	33275	34
22	33276	35
22	33277	35
22	33278	36
22	33279	36
22	33280	35
22	33281	34
22	33282	34
22	33283	33
22	33284	33
22	33285	33
22	33286	40
22	33287	40
22	33288	40
22	33289	40
22	33290	40
22	33291	40
22	33292	38
22	33293	35
22	33294	35
22	33295	35
22	33296	35
22	33297	34
22	33298	34
22	33299	34
22	33300	33
22	33301	32
22	33302	32
22	33303	32
22	33304	32
22	33305	30
22	33306	30
22	33307	30
22	33308	30
22	33309	34
22	33310	36
22	33311	36
22	33312	36
22	33313	36
22	33314	36
22	33315	36
22	33316	38
22	33317	39
22	33318	39
22	33319	39
22	33320	41
22	33321	41
22	33322	41
22	33323	42
22	33324	44
22	33325	45
22	33326	45
22	33327	45
22	33328	45
22	33329	45
22	33330	45
22	33331	45
22	33332	45
22	33333	45
22	33334	45
22	33335	45
22	33336	46
22	33337	46
22	33338	46
22	33339	46
22	33340	46
22	33341	47
22	33342	47
22	33343	47
22	33344	47
22	33345	47
22	33346	46
22	33347	47
22	33348	47
22	33349	47
22	33350	47
22	33351	47
22	33352	47
22	33353	47
22	33354	47
22	33355	47
22	33356	47
22	33357	47
22	33358	47
22	33359	47
22	33360	47
22	33361	47
22	33362	47
22	33363	51
22	33364	51
22	33365	51
22	33366	51
22	33367	51
22	33368	51
22	33369	49
22	33370	51
22	33371	51
22	33372	52
22	33373	52
22	33374	52
22	33375	52
22	33376	52
22	33377	52
22	33378	52
22	33379	52
22	33380	52
22	33381	54
22	33382	53
22	33383	54
22	33384	54
22	33385	53
22	33386	53
22	33387	53
22	33388	54
22	33389	54
22	33390	53
22	33391	53
22	33392	53
22	33393	53
22	33394	55
22	33395	56
22	33396	56
22	33397	56
22	33398	56
22	33399	56
22	33400	56
22	33401	56
22	33402	55
22	33403	55
22	33404	55
22	33405	56
22	33406	45
22	33407	46
22	33408	48
22	33409	48
22	33410	49
22	33411	49
22	33412	49
22	33413	57
22	33414	57
22	33415	56
22	33416	55
22	33417	55
22	33418	54
22	33419	46
22	33420	46
22	33421	46
22	33422	47
22	33423	47
22	33424	47
22	33425	47
22	33426	47
22	33427	48
22	33428	48
22	33429	48
22	33430	43
22	33431	43
22	33432	43
22	33433	43
22	33434	44
22	33435	44
22	33436	45
22	33437	45
22	33438	45
22	33439	45
22	33440	45
22	33441	46
22	33442	46
22	33443	46
22	33444	49
22	33445	49
22	33446	52
22	33447	52
22	33448	52
22	33449	52
22	33450	51
22	33451	51
22	33452	51
22	33453	50
22	33454	50
22	33455	50
22	33456	50
22	33457	50
22	33458	50
22	33459	53
22	33460	53
22	33461	53
22	33462	54
22	33463	54
22	33464	55
22	33465	55
22	33466	55
22	33467	57
22	33468	60
22	33469	60
22	33470	60
22	33471	60
22	33472	62
22	33473	62
22	33474	61
22	33475	59
22	33476	59
22	33477	60
22	33478	60
22	33479	60
22	33480	60
22	33481	60
22	33482	62
22	33483	64
22	33484	64
22	33485	64
22	33486	63
22	33487	63
22	33488	63
22	33489	63
22	33490	62
22	33491	62
22	33492	62
22	33493	62
22	33494	62
22	33495	62
22	33496	62
22	33497	64
22	33498	64
22	33499	66
22	33500	66
22	33501	66
22	33502	66
22	33503	66
22	33504	66
22	33505	66
22	33506	66
22	33507	68
22	33508	68
22	33509	68
22	33510	68
22	33511	68
22	33512	68
22	33513	65
22	33514	65
22	33515	65
22	33516	66
22	33517	66
22	33518	66
22	33519	66
22	33520	64
22	33521	65
22	33522	64
22	33523	64
22	33524	64
22	33525	64
22	33526	64
22	33527	64
22	33528	64
22	33529	64
22	33530	64
22	33531	62
22	33532	62
22	33533	62
22	33534	62
22	33535	64
22	33536	64
22	33537	64
22	33538	62
22	33539	62
22	33540	64
22	33541	64
22	33542	65
22	33543	64
22	33544	63
22	33545	63
22	33546	63
22	33547	63
22	33548	63
22	33549	63
22	33550	62
22	33551	62
22	33552	62
22	33553	64
22	33554	67
22	33555	67
22	33556	68
22	33557	66
22	33558	65
