22	15502	88
22	15503	88
22	15504	88
22	15505	89
22	15506	88
22	15507	88
22	15508	89
22	15509	89
22	15510	87
22	15511	83
22	15512	84
22	15513	84
22	15514	89
22	15515	89
22	15516	88
22	15517	88
22	15518	89
22	15519	89
22	15520	93
22	15521	93
22	15522	93
22	15523	93
22	15524	93
22	15525	92
22	15526	93
22	15527	94
22	15528	94
22	15529	89
22	15530	90
22	15531	92
22	15532	92
22	15533	92
22	15534	92
22	15535	93
22	15536	94
22	15537	96
22	15538	96
22	15539	96
22	15540	94
22	15541	91
22	15542	92
22	15543	92
22	15544	92
22	15545	92
22	15546	88
22	15547	88
22	15548	91
22	15549	91
22	15550	88
22	15551	88
22	15552	90
22	15553	90
22	15554	90
22	15555	90
22	15556	91
22	15557	92
22	15558	90
22	15559	92
22	15560	92
22	15561	91
22	15562	90
22	15563	93
22	15564	92
22	15565	91
22	15566	91
22	15567	95
22	15568	95
22	15569	95
22	15570	95
22	15571	95
22	15572	95
22	15573	99
22	15574	99
22	15575	102
22	15576	101
22	15577	100
22	15578	101
22	15579	102
22	15580	102
22	15581	102
22	15582	103
22	15583	103
22	15584	105
22	15585	105
22	15586	105
22	15587	105
22	15588	105
22	15589	105
22	15590	105
22	15591	106
22	15592	106
22	15593	106
22	15594	106
22	15595	106
22	15596	108
22	15597	109
22	15598	112
22	15599	112
22	15600	109
22	15601	109
22	15602	109
22	15603	112
22	15604	112
22	15605	109
22	15606	107
22	15607	108
22	15608	108
22	15609	108
22	15610	109
22	15611	109
22	15612	109
22	15613	108
22	15614	108
22	15615	109
22	15616	108
22	15617	109
22	15618	109
22	15619	112
22	15620	112
22	15621	110
22	15622	109
22	15623	112
22	15624	116
22	15625	123
22	15626	125
22	15627	125
22	15628	125
22	15629	124
22	15630	124
22	15631	126
22	15632	125
22	15633	126
22	15634	109
22	15635	109
22	15636	110
22	15637	110
22	15638	113
22	15639	113
22	15640	113
22	15641	113
22	15642	113
22	15643	113
22	15644	113
22	15645	113
22	15646	112
22	15647	111
22	15648	112
22	15649	111
22	15650	110
22	15651	111
22	15652	111
22	15653	111
22	15654	110
22	15655	109
22	15656	109
22	15657	109
22	15658	108
22	15659	108
22	15660	108
22	15661	108
22	15662	107
22	15663	113
22	15664	111
22	15665	115
22	15666	115
22	15667	116
22	15668	115
22	15669	110
22	15670	110
22	15671	108
22	15672	107
22	15673	106
22	15674	107
22	15675	105
22	15676	105
22	15677	110
22	15678	110
22	15679	110
22	15680	109
22	15681	108
22	15682	108
22	15683	115
22	15684	117
22	15685	115
22	15686	115
22	15687	115
22	15688	116
22	15689	116
22	15690	116
22	15691	116
22	15692	117
22	15693	120
22	15694	120
22	15695	121
22	15696	120
22	15697	117
22	15698	121
22	15699	121
22	15700	120
22	15701	120
22	15702	118
22	15703	119
22	15704	119
22	15705	119
22	15706	118
22	15707	117
22	15708	121
22	15709	123
22	15710	123
22	15711	123
22	15712	121
22	15713	123
22	15714	125
22	15715	124
22	15716	125
22	15717	121
22	15718	122
22	15719	122
22	15720	122
22	15721	122
22	15722	118
22	15723	118
22	15724	118
22	15725	116
22	15726	116
22	15727	115
22	15728	115
22	15729	116
22	15730	116
22	15731	115
22	15732	115
22	15733	113
22	15734	113
22	15735	114
22	15736	117
22	15737	117
22	15738	117
22	15739	117
22	15740	117
22	15741	121
22	15742	124
22	15743	124
22	15744	124
22	15745	124
22	15746	122
22	15747	121
22	15748	118
22	15749	120
22	15750	119
22	15751	117
22	15752	116
22	15753	118
22	15754	118
22	15755	119
22	15756	122
22	15757	121
22	15758	121
22	15759	121
22	15760	126
22	15761	127
22	15762	126
22	15763	126
22	15764	125
22	15765	126
22	15766	127
22	15767	126
22	15768	128
22	15769	128
22	15770	128
22	15771	128
22	15772	129
22	15773	127
22	15774	123
22	15775	116
22	15776	114
22	15777	116
22	15778	117
22	15779	118
22	15780	119
22	15781	117
22	15782	117
22	15783	118
22	15784	118
22	15785	118
22	15786	112
22	15787	112
22	15788	111
22	15789	111
22	15790	115
22	15791	115
22	15792	116
22	15793	116
22	15794	116
22	15795	116
22	15796	116
22	15797	116
22	15798	115
22	15799	115
22	15800	116
22	15801	114
22	15802	114
22	15803	114
22	15804	113
22	15805	114
22	15806	116
22	15807	116
22	15808	116
22	15809	116
22	15810	116
22	15811	120
22	15812	120
22	15813	111
22	15814	107
22	15815	107
22	15816	107
22	15817	109
22	15818	109
22	15819	109
22	15820	109
22	15821	108
22	15822	108
22	15823	108
22	15824	108
22	15825	108
22	15826	107
22	15827	102
22	15828	102
22	15829	102
22	15830	105
22	15831	103
22	15832	96
22	15833	96
22	15834	94
22	15835	93
22	15836	93
22	15837	91
22	15838	92
22	15839	93
22	15840	94
22	15841	94
22	15842	90
22	15843	91
22	15844	91
22	15845	90
22	15846	90
22	15847	90
22	15848	86
22	15849	86
22	15850	87
22	15851	88
22	15852	89
22	15853	88
22	15854	91
22	15855	95
22	15856	98
22	15857	94
22	15858	93
22	15859	94
22	15860	95
22	15861	94
22	15862	92
22	15863	92
22	15864	92
22	15865	92
22	15866	91
22	15867	92
22	15868	96
22	15869	96
22	15870	98
22	15871	98
22	15872	98
22	15873	98
22	15874	102
22	15875	102
22	15876	105
22	15877	105
22	15878	107
22	15879	104
22	15880	104
22	15881	104
22	15882	104
22	15883	104
22	15884	105
22	15885	101
22	15886	103
22	15887	104
22	15888	104
22	15889	106
22	15890	106
22	15891	104
22	15892	104
22	15893	104
22	15894	104
22	15895	104
22	15896	104
22	15897	106
22	15898	106
22	15899	106
22	15900	107
22	15901	107
22	15902	107
22	15903	108
22	15904	109
22	15905	105
22	15906	105
22	15907	106
22	15908	105
22	15909	105
22	15910	102
22	15911	103
22	15912	103
22	15913	103
22	15914	104
22	15915	103
22	15916	102
22	15917	104
22	15918	105
22	15919	103
22	15920	103
22	15921	103
22	15922	101
22	15923	101
22	15924	101
22	15925	101
22	15926	102
22	15927	101
22	15928	103
22	15929	103
22	15930	104
22	15931	108
22	15932	110
22	15933	108
22	15934	109
22	15935	112
22	15936	112
22	15937	111
22	15938	111
22	15939	107
22	15940	107
22	15941	107
22	15942	106
22	15943	106
22	15944	106
22	15945	106
22	15946	106
22	15947	106
22	15948	106
22	15949	106
22	15950	107
22	15951	107
22	15952	108
22	15953	110
22	15954	110
22	15955	109
22	15956	108
22	15957	108
22	15958	108
22	15959	107
22	15960	107
22	15961	106
22	15962	107
22	15963	107
22	15964	107
22	15965	106
22	15966	103
22	15967	104
22	15968	104
22	15969	105
22	15970	105
22	15971	105
22	15972	105
22	15973	105
22	15974	105
22	15975	105
22	15976	103
22	15977	103
22	15978	103
22	15979	106
22	15980	107
22	15981	108
22	15982	109
22	15983	108
22	15984	108
22	15985	110
22	15986	109
22	15987	110
22	15988	106
22	15989	106
22	15990	106
22	15991	106
22	15992	109
22	15993	109
22	15994	109
22	15995	109
22	15996	114
22	15997	114
22	15998	118
22	15999	118
22	16000	118
22	16001	120
22	16002	120
22	16003	120
22	16004	117
22	16005	106
22	16006	105
22	16007	106
22	16008	106
22	16009	105
22	16010	104
22	16011	107
22	16012	107
22	16013	107
22	16014	107
22	16015	107
22	16016	114
22	16017	115
22	16018	117
22	16019	117
22	16020	116
22	16021	116
22	16022	114
22	16023	113
22	16024	108
22	16025	108
22	16026	105
22	16027	105
22	16028	102
22	16029	101
22	16030	104
22	16031	104
22	16032	104
22	16033	103
22	16034	103
22	16035	105
22	16036	103
22	16037	102
22	16038	102
22	16039	98
22	16040	97
22	16041	97
22	16042	97
22	16043	101
22	16044	98
22	16045	98
22	16046	98
22	16047	102
22	16048	102
22	16049	101
22	16050	100
22	16051	100
22	16052	99
22	16053	99
22	16054	99
22	16055	99
22	16056	98
22	16057	97
22	16058	101
22	16059	103
22	16060	103
22	16061	102
22	16062	102
22	16063	102
22	16064	105
22	16065	105
22	16066	105
22	16067	101
22	16068	101
22	16069	100
22	16070	100
22	16071	102
22	16072	102
22	16073	102
22	16074	102
22	16075	103
22	16076	103
22	16077	103
22	16078	102
22	16079	102
22	16080	99
22	16081	98
22	16082	98
22	16083	98
22	16084	96
22	16085	97
22	16086	97
22	16087	97
22	16088	98
22	16089	98
22	16090	101
22	16091	113
22	16092	117
22	16093	117
22	16094	117
22	16095	117
22	16096	116
22	16097	116
22	16098	118
22	16099	118
22	16100	119
22	16101	120
22	16102	119
22	16103	118
22	16104	119
22	16105	119
22	16106	118
22	16107	119
22	16108	121
22	16109	120
22	16110	120
22	16111	119
22	16112	119
22	16113	121
22	16114	121
22	16115	122
22	16116	120
22	16117	119
22	16118	119
22	16119	120
22	16120	120
22	16121	120
22	16122	120
22	16123	120
22	16124	129
22	16125	129
22	16126	128
22	16127	130
22	16128	131
22	16129	132
22	16130	131
22	16131	130
22	16132	129
22	16133	130
22	16134	130
22	16135	130
22	16136	131
22	16137	135
22	16138	138
22	16139	138
22	16140	136
22	16141	135
22	16142	136
22	16143	136
22	16144	138
22	16145	138
22	16146	129
22	16147	126
22	16148	126
22	16149	126
22	16150	126
22	16151	124
22	16152	123
22	16153	123
22	16154	124
22	16155	124
22	16156	124
22	16157	123
22	16158	126
22	16159	126
22	16160	126
22	16161	122
22	16162	122
22	16163	123
22	16164	122
22	16165	122
22	16166	114
22	16167	113
22	16168	112
22	16169	112
22	16170	112
22	16171	112
22	16172	112
22	16173	112
22	16174	115
22	16175	118
22	16176	118
22	16177	121
22	16178	122
22	16179	122
22	16180	119
22	16181	119
22	16182	118
22	16183	118
22	16184	117
22	16185	114
22	16186	113
22	16187	118
22	16188	118
22	16189	118
22	16190	121
22	16191	120
22	16192	124
22	16193	121
22	16194	126
22	16195	126
22	16196	122
22	16197	123
22	16198	129
22	16199	129
22	16200	133
22	16201	133
22	16202	132
22	16203	132
22	16204	132
22	16205	136
22	16206	135
22	16207	135
22	16208	132
22	16209	131
22	16210	131
22	16211	131
22	16212	130
22	16213	133
22	16214	131
22	16215	131
22	16216	131
22	16217	132
22	16218	132
22	16219	132
22	16220	130
22	16221	130
22	16222	134
22	16223	136
22	16224	135
22	16225	135
22	16226	134
22	16227	134
22	16228	133
22	16229	133
22	16230	134
22	16231	134
22	16232	137
22	16233	137
22	16234	138
22	16235	140
22	16236	141
22	16237	142
22	16238	141
22	16239	141
22	16240	138
22	16241	126
22	16242	123
22	16243	122
22	16244	123
22	16245	123
22	16246	123
22	16247	123
22	16248	123
22	16249	122
22	16250	122
22	16251	121
22	16252	121
22	16253	120
22	16254	122
22	16255	122
22	16256	124
22	16257	123
22	16258	121
22	16259	125
22	16260	132
22	16261	132
22	16262	131
22	16263	130
22	16264	129
22	16265	134
22	16266	139
22	16267	139
22	16268	139
22	16269	138
22	16270	139
22	16271	139
22	16272	139
22	16273	139
22	16274	130
22	16275	127
22	16276	130
22	16277	131
22	16278	131
22	16279	130
22	16280	130
22	16281	130
22	16282	129
22	16283	129
22	16284	123
22	16285	121
22	16286	122
22	16287	122
22	16288	122
22	16289	122
22	16290	122
22	16291	123
22	16292	122
22	16293	122
22	16294	121
22	16295	122
22	16296	122
22	16297	122
22	16298	125
22	16299	125
22	16300	125
22	16301	125
22	16302	125
22	16303	127
22	16304	127
22	16305	126
22	16306	126
22	16307	127
22	16308	124
22	16309	126
22	16310	131
22	16311	131
22	16312	133
22	16313	136
22	16314	139
22	16315	140
22	16316	140
22	16317	140
22	16318	138
22	16319	138
22	16320	138
22	16321	138
22	16322	138
22	16323	135
22	16324	132
22	16325	132
22	16326	130
22	16327	130
22	16328	130
22	16329	130
22	16330	131
22	16331	131
22	16332	135
22	16333	135
22	16334	137
22	16335	137
22	16336	133
22	16337	133
22	16338	133
22	16339	140
22	16340	138
22	16341	139
22	16342	138
22	16343	132
22	16344	132
22	16345	136
22	16346	136
22	16347	136
22	16348	129
22	16349	129
22	16350	125
22	16351	127
22	16352	127
22	16353	127
22	16354	128
22	16355	133
22	16356	135
22	16357	136
22	16358	134
22	16359	136
22	16360	135
22	16361	135
22	16362	140
22	16363	141
22	16364	141
22	16365	141
22	16366	141
22	16367	140
22	16368	140
22	16369	144
22	16370	144
22	16371	142
22	16372	143
22	16373	141
22	16374	142
22	16375	142
22	16376	142
22	16377	142
22	16378	142
22	16379	142
22	16380	140
22	16381	140
22	16382	136
22	16383	136
22	16384	141
22	16385	140
22	16386	140
22	16387	139
22	16388	139
22	16389	139
22	16390	139
22	16391	139
22	16392	139
22	16393	135
22	16394	136
22	16395	136
22	16396	136
22	16397	135
22	16398	135
22	16399	136
22	16400	136
22	16401	142
22	16402	142
22	16403	144
22	16404	144
22	16405	147
22	16406	146
22	16407	151
22	16408	153
22	16409	145
22	16410	145
22	16411	145
22	16412	145
22	16413	140
22	16414	142
22	16415	142
22	16416	143
22	16417	143
22	16418	143
22	16419	143
22	16420	155
22	16421	158
22	16422	159
22	16423	159
22	16424	161
22	16425	160
22	16426	155
22	16427	154
22	16428	152
22	16429	152
22	16430	152
22	16431	152
22	16432	152
22	16433	153
22	16434	153
22	16435	152
22	16436	152
22	16437	151
22	16438	150
22	16439	155
22	16440	159
22	16441	159
22	16442	159
22	16443	159
22	16444	159
22	16445	158
22	16446	158
22	16447	158
22	16448	154
22	16449	154
22	16450	155
22	16451	155
22	16452	155
22	16453	155
22	16454	154
22	16455	155
22	16456	154
22	16457	154
22	16458	154
22	16459	148
22	16460	147
22	16461	145
22	16462	145
22	16463	141
22	16464	137
22	16465	135
22	16466	136
22	16467	136
22	16468	137
22	16469	138
22	16470	137
22	16471	137
22	16472	137
22	16473	142
22	16474	142
22	16475	141
22	16476	140
22	16477	139
22	16478	142
22	16479	142
22	16480	140
22	16481	142
22	16482	140
22	16483	140
22	16484	140
22	16485	141
22	16486	141
22	16487	141
22	16488	141
22	16489	136
22	16490	137
22	16491	136
22	16492	136
22	16493	136
22	16494	136
22	16495	132
22	16496	132
22	16497	133
22	16498	134
22	16499	133
22	16500	133
22	16501	134
22	16502	136
22	16503	136
22	16504	136
22	16505	128
22	16506	127
22	16507	126
22	16508	128
22	16509	127
22	16510	128
22	16511	123
22	16512	123
22	16513	124
22	16514	123
22	16515	124
22	16516	124
22	16517	126
22	16518	127
22	16519	123
22	16520	124
22	16521	125
22	16522	131
22	16523	130
22	16524	129
22	16525	130
22	16526	130
22	16527	135
22	16528	135
22	16529	134
22	16530	136
22	16531	133
22	16532	137
22	16533	135
22	16534	131
22	16535	131
22	16536	131
22	16537	134
22	16538	134
22	16539	134
22	16540	136
22	16541	141
22	16542	141
22	16543	142
22	16544	141
22	16545	141
22	16546	142
22	16547	143
22	16548	142
22	16549	148
22	16550	157
22	16551	151
22	16552	151
22	16553	147
22	16554	147
22	16555	146
22	16556	146
22	16557	140
22	16558	136
22	16559	136
22	16560	145
22	16561	146
22	16562	146
22	16563	146
22	16564	140
22	16565	139
22	16566	139
22	16567	141
22	16568	141
22	16569	128
22	16570	128
22	16571	125
22	16572	125
22	16573	125
22	16574	126
22	16575	126
22	16576	128
22	16577	128
22	16578	129
22	16579	131
22	16580	132
22	16581	132
22	16582	133
22	16583	132
22	16584	132
22	16585	132
22	16586	132
22	16587	128
22	16588	128
22	16589	124
22	16590	124
22	16591	123
22	16592	123
22	16593	123
22	16594	122
22	16595	122
22	16596	122
22	16597	123
22	16598	123
22	16599	123
22	16600	126
22	16601	126
22	16602	126
22	16603	124
22	16604	124
22	16605	123
22	16606	125
22	16607	127
22	16608	128
22	16609	128
22	16610	130
22	16611	131
22	16612	131
22	16613	131
22	16614	133
22	16615	133
22	16616	132
22	16617	133
22	16618	133
22	16619	132
22	16620	132
22	16621	133
22	16622	133
22	16623	128
22	16624	128
22	16625	127
22	16626	127
22	16627	126
22	16628	125
22	16629	125
22	16630	123
22	16631	123
22	16632	123
22	16633	124
22	16634	122
22	16635	122
22	16636	122
22	16637	139
22	16638	139
22	16639	138
22	16640	138
22	16641	138
22	16642	138
22	16643	140
22	16644	141
22	16645	143
22	16646	145
22	16647	144
22	16648	143
22	16649	143
22	16650	143
22	16651	142
22	16652	140
22	16653	140
22	16654	140
22	16655	139
22	16656	139
22	16657	145
22	16658	144
22	16659	145
22	16660	144
22	16661	144
22	16662	145
22	16663	146
22	16664	155
22	16665	154
22	16666	153
22	16667	153
22	16668	154
22	16669	154
22	16670	154
22	16671	152
22	16672	149
22	16673	152
22	16674	156
22	16675	155
22	16676	155
22	16677	151
22	16678	151
22	16679	150
22	16680	150
22	16681	148
22	16682	147
22	16683	146
22	16684	146
22	16685	145
22	16686	145
22	16687	142
22	16688	142
22	16689	144
22	16690	140
22	16691	142
22	16692	141
22	16693	143
22	16694	143
22	16695	141
22	16696	140
22	16697	138
22	16698	138
22	16699	127
22	16700	126
22	16701	127
22	16702	127
22	16703	127
22	16704	126
22	16705	125
22	16706	125
22	16707	127
22	16708	127
22	16709	129
22	16710	119
22	16711	118
22	16712	118
22	16713	118
22	16714	118
22	16715	117
22	16716	115
22	16717	116
22	16718	116
22	16719	116
22	16720	119
22	16721	118
22	16722	118
22	16723	119
22	16724	119
22	16725	119
22	16726	117
22	16727	116
22	16728	118
22	16729	118
22	16730	120
22	16731	121
22	16732	120
22	16733	120
22	16734	120
22	16735	120
22	16736	121
22	16737	121
22	16738	121
22	16739	120
22	16740	120
22	16741	120
22	16742	120
22	16743	120
22	16744	120
22	16745	120
22	16746	119
22	16747	120
22	16748	123
22	16749	126
22	16750	122
22	16751	123
22	16752	123
22	16753	123
22	16754	123
22	16755	122
22	16756	119
22	16757	120
22	16758	120
22	16759	120
22	16760	118
22	16761	117
22	16762	117
22	16763	114
22	16764	114
22	16765	114
22	16766	114
22	16767	115
22	16768	115
22	16769	115
22	16770	115
22	16771	115
22	16772	115
22	16773	115
22	16774	118
22	16775	118
22	16776	121
22	16777	122
22	16778	123
22	16779	123
22	16780	123
22	16781	124
22	16782	123
22	16783	123
22	16784	123
22	16785	119
22	16786	119
22	16787	108
22	16788	109
22	16789	110
22	16790	110
22	16791	110
22	16792	110
22	16793	110
22	16794	106
22	16795	105
22	16796	105
22	16797	104
22	16798	106
22	16799	107
22	16800	109
22	16801	109
22	16802	109
22	16803	109
22	16804	110
22	16805	109
22	16806	114
22	16807	111
22	16808	111
22	16809	111
22	16810	110
22	16811	110
22	16812	105
22	16813	98
22	16814	100
22	16815	105
22	16816	104
22	16817	103
22	16818	104
22	16819	104
22	16820	102
22	16821	102
22	16822	97
22	16823	93
22	16824	93
22	16825	95
22	16826	95
22	16827	94
22	16828	93
22	16829	94
22	16830	101
22	16831	102
22	16832	102
22	16833	103
22	16834	105
22	16835	105
22	16836	105
22	16837	105
22	16838	104
22	16839	100
22	16840	102
22	16841	100
22	16842	101
22	16843	105
22	16844	106
22	16845	106
22	16846	106
22	16847	106
22	16848	105
22	16849	109
22	16850	110
22	16851	110
22	16852	112
22	16853	112
22	16854	112
22	16855	112
22	16856	115
22	16857	113
22	16858	113
22	16859	111
22	16860	111
22	16861	111
22	16862	111
22	16863	111
22	16864	113
22	16865	113
22	16866	113
22	16867	112
22	16868	114
22	16869	112
22	16870	112
22	16871	112
22	16872	109
22	16873	111
22	16874	111
22	16875	111
22	16876	112
22	16877	112
22	16878	110
22	16879	110
22	16880	106
22	16881	109
22	16882	109
22	16883	109
22	16884	109
22	16885	108
22	16886	109
22	16887	110
22	16888	110
22	16889	112
22	16890	112
22	16891	112
22	16892	112
22	16893	112
22	16894	112
22	16895	121
22	16896	120
22	16897	120
22	16898	121
22	16899	121
22	16900	121
22	16901	122
22	16902	123
22	16903	124
22	16904	124
22	16905	123
22	16906	123
22	16907	123
22	16908	123
22	16909	123
22	16910	127
22	16911	127
22	16912	127
22	16913	127
22	16914	127
22	16915	128
22	16916	128
22	16917	128
22	16918	127
22	16919	127
22	16920	135
22	16921	134
22	16922	134
22	16923	134
22	16924	132
22	16925	135
22	16926	133
22	16927	133
22	16928	131
22	16929	133
22	16930	132
22	16931	132
22	16932	134
22	16933	133
22	16934	133
22	16935	133
22	16936	133
22	16937	130
22	16938	130
22	16939	130
22	16940	130
22	16941	130
22	16942	132
22	16943	133
22	16944	135
22	16945	135
22	16946	135
22	16947	136
22	16948	135
22	16949	134
22	16950	133
22	16951	132
22	16952	132
22	16953	133
22	16954	132
22	16955	132
22	16956	129
22	16957	128
22	16958	127
22	16959	126
22	16960	126
22	16961	126
22	16962	126
22	16963	124
22	16964	122
22	16965	118
22	16966	118
22	16967	119
22	16968	119
22	16969	119
22	16970	119
22	16971	119
22	16972	119
22	16973	119
22	16974	120
22	16975	118
22	16976	118
22	16977	118
22	16978	117
22	16979	111
22	16980	111
22	16981	110
22	16982	110
22	16983	109
22	16984	110
22	16985	110
22	16986	110
22	16987	112
22	16988	112
22	16989	112
22	16990	110
22	16991	111
22	16992	111
22	16993	105
22	16994	107
22	16995	114
22	16996	114
22	16997	114
22	16998	112
22	16999	109
22	17000	108
22	17001	108
22	17002	106
22	17003	106
22	17004	103
22	17005	105
22	17006	107
22	17007	107
22	17008	107
22	17009	106
22	17010	111
22	17011	111
22	17012	113
22	17013	113
22	17014	112
22	17015	112
22	17016	112
22	17017	112
22	17018	110
22	17019	108
22	17020	112
22	17021	111
22	17022	112
22	17023	111
22	17024	111
22	17025	110
22	17026	110
22	17027	109
22	17028	109
22	17029	109
22	17030	110
22	17031	107
22	17032	110
22	17033	111
22	17034	112
22	17035	114
22	17036	112
22	17037	112
22	17038	115
22	17039	116
22	17040	123
22	17041	126
22	17042	126
22	17043	124
22	17044	114
22	17045	115
22	17046	116
22	17047	118
22	17048	120
22	17049	114
22	17050	115
22	17051	114
22	17052	118
22	17053	118
22	17054	119
22	17055	122
22	17056	122
22	17057	122
22	17058	124
22	17059	120
22	17060	120
22	17061	122
22	17062	122
22	17063	122
22	17064	122
22	17065	121
22	17066	121
22	17067	122
22	17068	118
22	17069	114
22	17070	115
22	17071	115
22	17072	115
22	17073	115
22	17074	113
22	17075	110
22	17076	110
22	17077	110
22	17078	110
22	17079	110
22	17080	110
22	17081	115
22	17082	113
22	17083	113
22	17084	112
22	17085	115
22	17086	116
22	17087	120
22	17088	120
22	17089	119
22	17090	119
22	17091	119
22	17092	118
22	17093	116
22	17094	116
22	17095	118
22	17096	119
22	17097	120
22	17098	120
22	17099	120
22	17100	119
22	17101	123
22	17102	122
22	17103	121
22	17104	121
22	17105	122
22	17106	122
22	17107	126
22	17108	126
22	17109	126
22	17110	127
22	17111	128
22	17112	128
22	17113	128
22	17114	128
22	17115	128
22	17116	129
22	17117	129
22	17118	129
22	17119	129
22	17120	129
22	17121	129
22	17122	134
22	17123	134
22	17124	133
22	17125	135
22	17126	135
22	17127	135
22	17128	135
22	17129	134
22	17130	134
22	17131	137
22	17132	139
22	17133	136
22	17134	136
22	17135	140
22	17136	141
22	17137	138
22	17138	138
22	17139	139
22	17140	139
22	17141	138
22	17142	138
22	17143	138
22	17144	131
22	17145	131
22	17146	130
22	17147	130
22	17148	132
22	17149	132
22	17150	132
22	17151	132
22	17152	132
22	17153	132
22	17154	130
22	17155	130
22	17156	129
22	17157	129
22	17158	131
22	17159	131
22	17160	126
22	17161	126
22	17162	127
22	17163	134
22	17164	134
22	17165	134
22	17166	137
22	17167	138
22	17168	138
22	17169	140
22	17170	136
22	17171	136
22	17172	135
22	17173	134
22	17174	135
22	17175	135
22	17176	135
22	17177	135
22	17178	135
22	17179	134
22	17180	134
22	17181	134
22	17182	128
22	17183	128
22	17184	128
22	17185	127
22	17186	126
22	17187	127
22	17188	126
22	17189	123
22	17190	116
22	17191	116
22	17192	116
22	17193	119
22	17194	119
22	17195	118
22	17196	116
22	17197	114
22	17198	114
22	17199	115
22	17200	115
22	17201	115
22	17202	113
22	17203	115
22	17204	114
22	17205	111
22	17206	111
22	17207	112
22	17208	110
22	17209	109
22	17210	107
22	17211	107
22	17212	107
22	17213	107
22	17214	107
22	17215	108
22	17216	107
22	17217	107
22	17218	106
22	17219	105
22	17220	105
22	17221	105
22	17222	105
22	17223	105
22	17224	108
22	17225	108
22	17226	109
22	17227	108
22	17228	109
22	17229	109
22	17230	110
22	17231	107
22	17232	108
22	17233	109
22	17234	109
22	17235	106
22	17236	105
22	17237	100
22	17238	103
22	17239	103
22	17240	102
22	17241	101
22	17242	102
22	17243	101
22	17244	100
22	17245	98
22	17246	98
22	17247	95
22	17248	94
22	17249	94
22	17250	96
22	17251	92
22	17252	92
22	17253	94
22	17254	97
22	17255	96
22	17256	96
22	17257	94
22	17258	94
22	17259	96
22	17260	95
22	17261	95
22	17262	95
22	17263	97
22	17264	98
22	17265	98
22	17266	98
22	17267	97
22	17268	97
22	17269	97
22	17270	92
22	17271	92
22	17272	93
22	17273	95
22	17274	96
22	17275	96
22	17276	98
22	17277	104
22	17278	104
22	17279	104
22	17280	102
22	17281	103
22	17282	104
22	17283	104
22	17284	102
22	17285	100
22	17286	102
22	17287	102
22	17288	101
22	17289	100
22	17290	101
22	17291	101
22	17292	106
22	17293	105
22	17294	102
22	17295	102
22	17296	102
22	17297	104
22	17298	105
22	17299	104
22	17300	105
22	17301	104
22	17302	104
22	17303	108
22	17304	108
22	17305	108
22	17306	107
22	17307	107
22	17308	105
22	17309	98
22	17310	99
22	17311	100
22	17312	96
22	17313	96
22	17314	95
22	17315	95
22	17316	92
22	17317	91
22	17318	91
22	17319	90
22	17320	90
22	17321	91
22	17322	91
22	17323	92
22	17324	92
22	17325	95
22	17326	95
22	17327	96
22	17328	96
22	17329	96
22	17330	96
22	17331	96
22	17332	96
22	17333	96
22	17334	97
22	17335	97
22	17336	97
22	17337	97
22	17338	97
22	17339	97
22	17340	97
22	17341	95
22	17342	94
22	17343	96
22	17344	96
22	17345	97
22	17346	97
22	17347	97
22	17348	97
22	17349	96
22	17350	98
22	17351	97
22	17352	97
22	17353	95
22	17354	95
22	17355	96
22	17356	95
22	17357	94
22	17358	94
22	17359	95
22	17360	95
22	17361	95
22	17362	95
22	17363	96
22	17364	95
22	17365	95
22	17366	95
22	17367	95
22	17368	96
22	17369	96
22	17370	97
22	17371	97
22	17372	98
22	17373	95
22	17374	96
22	17375	95
22	17376	95
22	17377	100
22	17378	98
22	17379	99
22	17380	95
22	17381	96
22	17382	96
22	17383	98
22	17384	98
22	17385	98
22	17386	98
22	17387	98
22	17388	98
22	17389	104
22	17390	104
22	17391	104
22	17392	106
22	17393	106
22	17394	106
22	17395	107
22	17396	107
22	17397	107
22	17398	107
22	17399	106
22	17400	106
22	17401	106
22	17402	106
22	17403	106
22	17404	105
22	17405	105
22	17406	105
22	17407	107
22	17408	105
22	17409	104
22	17410	103
22	17411	103
22	17412	104
22	17413	104
22	17414	102
22	17415	102
22	17416	101
22	17417	101
22	17418	102
22	17419	102
22	17420	103
22	17421	104
22	17422	105
22	17423	103
22	17424	106
22	17425	106
22	17426	105
22	17427	99
22	17428	100
22	17429	100
22	17430	100
22	17431	97
22	17432	97
22	17433	97
22	17434	97
22	17435	99
22	17436	97
22	17437	97
22	17438	97
22	17439	97
22	17440	97
22	17441	94
22	17442	94
22	17443	94
22	17444	94
22	17445	94
22	17446	93
22	17447	90
22	17448	90
22	17449	89
22	17450	90
22	17451	90
22	17452	89
22	17453	86
22	17454	86
22	17455	86
22	17456	95
22	17457	95
22	17458	95
22	17459	95
22	17460	97
22	17461	96
22	17462	97
22	17463	99
22	17464	98
22	17465	100
22	17466	103
22	17467	103
22	17468	104
22	17469	103
22	17470	103
22	17471	105
22	17472	104
22	17473	103
22	17474	101
22	17475	100
22	17476	100
22	17477	100
22	17478	101
22	17479	101
22	17480	100
22	17481	101
22	17482	98
22	17483	98
22	17484	98
22	17485	96
22	17486	96
22	17487	97
22	17488	97
22	17489	97
22	17490	98
22	17491	98
22	17492	96
22	17493	96
22	17494	98
22	17495	97
22	17496	97
22	17497	97
22	17498	97
22	17499	97
22	17500	93
22	17501	94
22	17502	94
22	17503	95
22	17504	94
22	17505	94
22	17506	94
22	17507	100
22	17508	105
22	17509	104
22	17510	105
22	17511	105
22	17512	105
22	17513	109
22	17514	109
22	17515	109
22	17516	111
22	17517	111
22	17518	114
22	17519	115
22	17520	114
22	17521	114
22	17522	113
22	17523	112
22	17524	115
22	17525	115
22	17526	116
22	17527	111
22	17528	111
22	17529	111
22	17530	114
22	17531	113
22	17532	112
22	17533	112
22	17534	114
22	17535	114
22	17536	115
22	17537	113
22	17538	113
22	17539	113
22	17540	114
22	17541	117
22	17542	117
22	17543	119
22	17544	120
22	17545	119
22	17546	120
22	17547	120
22	17548	122
22	17549	123
22	17550	123
22	17551	123
22	17552	122
22	17553	119
22	17554	124
22	17555	124
22	17556	124
22	17557	124
22	17558	124
22	17559	124
22	17560	123
22	17561	124
22	17562	123
22	17563	121
22	17564	122
22	17565	123
22	17566	125
22	17567	129
22	17568	130
22	17569	131
22	17570	130
22	17571	129
22	17572	128
22	17573	127
22	17574	129
22	17575	127
22	17576	127
22	17577	127
22	17578	126
22	17579	126
22	17580	126
22	17581	126
22	17582	127
22	17583	127
22	17584	128
22	17585	126
22	17586	125
22	17587	127
22	17588	127
22	17589	130
22	17590	129
22	17591	130
22	17592	130
22	17593	130
22	17594	130
22	17595	129
22	17596	129
22	17597	135
22	17598	136
22	17599	136
22	17600	138
22	17601	139
22	17602	144
22	17603	144
22	17604	144
22	17605	144
22	17606	135
22	17607	136
22	17608	140
22	17609	141
22	17610	138
22	17611	17
22	17612	140
22	17613	140
22	17614	141
22	17615	139
22	17616	136
22	17617	136
22	17618	136
22	17619	135
22	17620	134
22	17621	133
22	17622	133
22	17623	134
22	17624	134
22	17625	135
22	17626	136
22	17627	137
22	17628	137
22	17629	137
22	17630	137
22	17631	139
22	17632	139
22	17633	142
22	17634	141
22	17635	141
22	17636	142
22	17637	142
22	17638	142
22	17639	142
22	17640	143
22	17641	147
22	17642	148
22	17643	148
22	17644	149
22	17645	147
22	17646	146
22	17647	147
22	17648	147
22	17649	153
22	17650	153
22	17651	158
22	17652	161
22	17653	161
22	17654	160
22	17655	161
22	17656	164
22	17657	165
22	17658	161
22	17659	157
22	17660	156
22	17661	157
22	17662	158
22	17663	157
22	17664	154
22	17665	153
22	17666	153
22	17667	153
22	17668	150
22	17669	149
22	17670	148
22	17671	149
22	17672	151
22	17673	156
22	17674	156
22	17675	152
22	17676	151
22	17677	151
22	17678	151
22	17679	149
22	17680	149
22	17681	149
22	17682	148
22	17683	149
22	17684	147
22	17685	147
22	17686	148
22	17687	148
22	17688	150
22	17689	144
22	17690	144
22	17691	143
22	17692	140
22	17693	138
22	17694	136
22	17695	135
22	17696	139
22	17697	142
22	17698	142
22	17699	143
22	17700	143
22	17701	144
22	17702	144
22	17703	140
22	17704	139
22	17705	138
22	17706	138
22	17707	138
22	17708	136
22	17709	142
22	17710	143
22	17711	143
22	17712	143
22	17713	143
22	17714	143
22	17715	144
22	17716	142
22	17717	142
22	17718	140
22	17719	140
22	17720	140
22	17721	142
22	17722	142
22	17723	142
22	17724	140
22	17725	142
22	17726	143
22	17727	144
22	17728	144
22	17729	144
22	17730	144
22	17731	144
22	17732	145
22	17733	147
22	17734	150
22	17735	150
22	17736	150
22	17737	150
22	17738	148
22	17739	148
22	17740	147
22	17741	147
22	17742	146
22	17743	147
22	17744	147
22	17745	141
22	17746	141
22	17747	142
22	17748	146
22	17749	147
22	17750	148
22	17751	147
22	17752	147
22	17753	144
22	17754	146
22	17755	148
22	17756	152
22	17757	148
22	17758	152
22	17759	152
22	17760	152
22	17761	150
22	17762	150
22	17763	150
22	17764	151
22	17765	151
22	17766	152
22	17767	152
22	17768	152
22	17769	152
22	17770	151
22	17771	151
22	17772	155
22	17773	155
22	17774	156
22	17775	157
22	17776	158
22	17777	157
22	17778	156
22	17779	157
22	17780	160
22	17781	157
22	17782	155
22	17783	154
22	17784	154
22	17785	154
22	17786	152
22	17787	152
22	17788	158
22	17789	158
22	17790	154
22	17791	154
22	17792	154
22	17793	156
22	17794	156
22	17795	156
22	17796	156
22	17797	157
22	17798	157
22	17799	152
22	17800	152
22	17801	143
22	17802	143
22	17803	145
22	17804	143
22	17805	142
22	17806	141
22	17807	140
22	17808	139
22	17809	138
22	17810	140
22	17811	141
22	17812	140
22	17813	140
22	17814	139
22	17815	139
22	17816	138
22	17817	141
22	17818	141
22	17819	141
22	17820	138
22	17821	136
22	17822	137
22	17823	137
22	17824	136
22	17825	136
22	17826	136
22	17827	136
22	17828	138
22	17829	138
22	17830	137
22	17831	136
22	17832	136
22	17833	136
22	17834	136
22	17835	136
22	17836	140
22	17837	140
22	17838	141
22	17839	141
22	17840	141
22	17841	141
22	17842	142
22	17843	142
22	17844	143
22	17845	139
22	17846	136
22	17847	138
22	17848	138
22	17849	134
22	17850	136
22	17851	135
22	17852	139
22	17853	139
22	17854	139
22	17855	139
22	17856	139
22	17857	138
22	17858	137
22	17859	137
22	17860	136
22	17861	140
22	17862	140
22	17863	140
22	17864	137
22	17865	137
22	17866	134
22	17867	137
22	17868	144
22	17869	145
22	17870	144
22	17871	142
22	17872	142
22	17873	142
22	17874	142
22	17875	146
22	17876	145
22	17877	145
22	17878	145
22	17879	145
22	17880	145
22	17881	145
22	17882	143
22	17883	141
22	17884	140
22	17885	139
22	17886	139
22	17887	141
22	17888	142
22	17889	141
22	17890	139
22	17891	139
22	17892	144
22	17893	145
22	17894	148
22	17895	148
22	17896	148
22	17897	144
22	17898	142
22	17899	142
22	17900	141
22	17901	138
22	17902	140
22	17903	138
22	17904	138
22	17905	137
22	17906	135
22	17907	136
22	17908	131
22	17909	130
22	17910	129
22	17911	129
22	17912	129
22	17913	129
22	17914	127
22	17915	129
22	17916	128
22	17917	128
22	17918	128
22	17919	127
22	17920	128
22	17921	125
22	17922	125
22	17923	123
22	17924	120
22	17925	121
22	17926	122
22	17927	122
22	17928	122
22	17929	120
22	17930	121
22	17931	122
22	17932	125
22	17933	125
22	17934	126
22	17935	127
22	17936	132
22	17937	134
22	17938	128
22	17939	129
22	17940	130
22	17941	130
22	17942	130
22	17943	128
22	17944	129
22	17945	129
22	17946	129
22	17947	127
22	17948	131
22	17949	131
22	17950	130
22	17951	130
22	17952	128
22	17953	129
22	17954	130
22	17955	130
22	17956	132
22	17957	132
22	17958	132
22	17959	133
22	17960	131
22	17961	129
22	17962	127
22	17963	127
22	17964	125
22	17965	128
22	17966	128
22	17967	124
22	17968	124
22	17969	122
22	17970	121
22	17971	121
22	17972	120
22	17973	120
22	17974	124
22	17975	126
22	17976	126
22	17977	129
22	17978	127
22	17979	129
22	17980	129
22	17981	129
22	17982	130
22	17983	130
22	17984	130
22	17985	130
22	17986	123
22	17987	123
22	17988	125
22	17989	127
22	17990	127
22	17991	128
22	17992	128
22	17993	127
22	17994	126
22	17995	128
22	17996	127
22	17997	127
22	17998	128
22	17999	129
22	18000	128
22	18001	128
22	18002	125
22	18003	125
22	18004	125
22	18005	125
22	18006	125
22	18007	121
22	18008	134
22	18009	135
22	18010	138
22	18011	135
22	18012	135
22	18013	136
22	18014	136
22	18015	136
22	18016	136
22	18017	131
22	18018	124
22	18019	123
22	18020	126
22	18021	127
22	18022	127
22	18023	127
22	18024	120
22	18025	119
22	18026	120
22	18027	120
22	18028	124
22	18029	124
22	18030	125
22	18031	125
22	18032	126
22	18033	130
22	18034	130
22	18035	133
22	18036	133
22	18037	131
22	18038	132
22	18039	133
22	18040	133
22	18041	133
22	18042	126
22	18043	125
22	18044	123
22	18045	123
22	18046	122
22	18047	122
22	18048	122
22	18049	121
22	18050	121
22	18051	120
22	18052	120
22	18053	120
22	18054	119
22	18055	118
22	18056	116
22	18057	116
22	18058	116
22	18059	116
22	18060	116
22	18061	116
22	18062	118
22	18063	118
22	18064	118
22	18065	116
22	18066	116
22	18067	118
22	18068	118
22	18069	119
22	18070	120
22	18071	119
22	18072	118
22	18073	136
22	18074	134
22	18075	134
22	18076	132
22	18077	135
22	18078	141
22	18079	141
22	18080	140
22	18081	140
22	18082	138
22	18083	140
22	18084	140
22	18085	146
22	18086	137
22	18087	137
22	18088	136
22	18089	135
22	18090	138
22	18091	138
22	18092	142
22	18093	140
22	18094	140
22	18095	140
22	18096	140
22	18097	150
22	18098	146
22	18099	146
22	18100	148
22	18101	149
22	18102	148
22	18103	148
22	18104	147
22	18105	147
22	18106	145
22	18107	144
22	18108	143
22	18109	143
22	18110	146
22	18111	147
22	18112	147
22	18113	149
22	18114	148
22	18115	148
22	18116	148
22	18117	149
22	18118	150
22	18119	150
22	18120	151
22	18121	151
22	18122	152
22	18123	148
22	18124	146
22	18125	152
22	18126	149
22	18127	149
22	18128	148
22	18129	148
22	18130	151
22	18131	151
22	18132	151
22	18133	151
22	18134	150
22	18135	150
22	18136	151
22	18137	151
22	18138	149
22	18139	147
22	18140	146
22	18141	145
22	18142	145
22	18143	145
22	18144	145
22	18145	143
22	18146	143
22	18147	141
22	18148	143
22	18149	147
22	18150	147
22	18151	147
22	18152	148
22	18153	148
22	18154	149
22	18155	149
22	18156	149
22	18157	149
22	18158	136
22	18159	134
22	18160	134
22	18161	133
22	18162	134
22	18163	133
22	18164	133
22	18165	133
22	18166	133
22	18167	133
22	18168	134
22	18169	131
22	18170	131
22	18171	128
22	18172	130
22	18173	130
22	18174	129
22	18175	129
22	18176	127
22	18177	127
22	18178	124
22	18179	124
22	18180	123
22	18181	122
22	18182	122
22	18183	120
22	18184	120
22	18185	118
22	18186	118
22	18187	118
22	18188	117
22	18189	115
22	18190	115
22	18191	114
22	18192	114
22	18193	114
22	18194	114
22	18195	115
22	18196	115
22	18197	115
22	18198	115
22	18199	115
22	18200	115
22	18201	115
22	18202	113
22	18203	113
22	18204	113
22	18205	113
22	18206	112
22	18207	112
22	18208	112
22	18209	112
22	18210	112
22	18211	112
22	18212	111
22	18213	111
22	18214	111
22	18215	111
22	18216	111
22	18217	109
22	18218	110
22	18219	110
22	18220	109
22	18221	108
22	18222	89
22	18223	89
22	18224	84
22	18225	84
22	18226	83
22	18227	80
22	18228	80
22	18229	80
22	18230	80
22	18231	80
22	18232	79
22	18233	77
22	18234	73
22	18235	72
22	18236	72
22	18237	71
22	18238	71
22	18239	68
22	18240	67
22	18241	65
22	18242	65
22	18243	65
22	18244	65
22	18245	65
22	18246	55
22	18247	55
22	18248	55
22	18249	51
22	18250	55
22	18251	56
22	18252	58
22	18253	59
22	18254	59
22	18255	59
22	18256	59
22	18257	59
22	18258	59
22	18259	59
22	18260	57
22	18261	57
22	18262	55
22	18263	55
22	18264	55
22	18265	55
22	18266	55
22	18267	55
22	18268	59
22	18269	62
22	18270	62
22	18271	62
22	18272	61
22	18273	61
22	18274	60
22	18275	55
22	18276	61
22	18277	61
22	18278	61
22	18279	61
22	18280	61
22	18281	60
22	18282	59
22	18283	59
22	18284	58
22	18285	57
22	18286	57
22	18287	57
22	18288	58
22	18289	59
22	18290	59
22	18291	59
22	18292	59
22	18293	59
22	18294	58
22	18295	58
22	18296	58
22	18297	58
22	18298	52
22	18299	52
22	18300	51
22	18301	51
22	18302	49
22	18303	49
22	18304	48
22	18305	48
22	18306	48
22	18307	41
22	18308	41
22	18309	41
22	18310	41
22	18311	46
22	18312	46
22	18313	46
22	18314	46
22	18315	46
22	18316	46
22	18317	46
22	18318	46
22	18319	46
22	18320	46
22	18321	46
22	18322	46
22	18323	46
22	18324	45
22	18325	45
22	18326	43
22	18327	43
22	18328	43
22	18329	42
22	18330	42
22	18331	42
22	18332	41
22	18333	41
22	18334	37
22	18335	37
22	18336	37
22	18337	37
22	18338	38
22	18339	38
22	18340	38
22	18341	38
22	18342	38
22	18343	38
22	18344	38
22	18345	36
22	18346	36
22	18347	36
22	18348	36
22	18349	34
22	18350	34
22	18351	34
22	18352	34
22	18353	34
22	18354	34
22	18355	34
22	18356	34
22	18357	34
22	18358	34
22	18359	34
22	18360	34
22	18361	34
22	18362	37
22	18363	35
22	18364	37
22	18365	37
22	18366	37
22	18367	34
22	18368	34
22	18369	34
22	18370	34
22	18371	34
22	18372	34
22	18373	34
22	18374	34
22	18375	34
22	18376	34
22	18377	34
22	18378	34
22	18379	34
22	18380	34
22	18381	34
22	18382	34
22	18383	34
22	18384	34
22	18385	33
22	18386	32
22	18387	25
22	18388	25
22	18389	25
22	18390	25
22	18391	25
22	18392	25
22	18393	25
22	18394	25
22	18395	25
22	18396	25
22	18397	25
22	18398	25
22	18399	25
22	18400	25
22	18401	23
22	18402	5
22	18403	5
22	18404	5
22	18405	5
22	18406	5
22	18407	5
22	18408	5
22	18409	5
22	18410	8
22	18411	8
22	18412	8
22	18413	8
22	18414	8
22	18415	8
22	18416	8
22	18417	8
22	18418	8
22	18419	8
22	18420	8
22	18421	8
22	18422	8
22	18423	8
22	18424	8
22	18425	8
22	18426	8
22	18427	8
22	18428	8
22	18429	8
22	18430	8
22	18431	8
22	18432	8
22	18433	8
22	18434	8
22	18435	8
22	18436	8
22	18437	8
22	18438	8
22	18439	6
22	18440	6
22	18441	6
22	19452	1
22	19453	1
22	19454	1
22	19455	1
22	19456	1
22	19457	1
22	19458	1
22	19459	1
22	19460	1
22	19461	1
22	19462	1
22	19463	1
22	19464	1
22	19465	1
22	19466	1
22	19467	1
22	19468	1
22	19469	1
22	19470	1
22	19471	1
22	19472	1
22	19473	1
22	19474	1
22	19475	1
22	19476	1
22	19477	1
22	19478	1
22	19479	1
22	19480	1
22	19481	1
22	19482	1
22	19483	1
22	19484	1
22	19485	1
22	19486	1
22	19487	1
22	19488	1
22	19489	1
22	19490	1
22	19491	1
22	19492	1
22	19493	1
22	19494	1
22	19495	1
22	19496	1
22	19497	1
22	19498	1
22	19499	1
22	19500	1
22	19501	1
22	19502	1
22	19503	1
22	19504	1
22	19505	1
22	19506	1
22	19507	2
22	19508	2
22	19509	2
22	19510	2
22	19511	2
22	19512	2
22	19513	2
22	19514	2
22	19515	2
22	19516	2
22	19517	2
22	19518	2
22	19519	2
22	19520	2
22	19521	2
22	19522	2
22	19523	2
22	19524	2
22	19525	2
22	19526	2
22	19527	2
22	19528	2
22	19529	2
22	19530	2
22	19531	2
22	19532	2
22	19533	2
22	19534	2
22	19535	2
22	19536	2
22	19537	2
22	19538	2
22	19539	2
22	19540	2
22	19541	2
22	19542	2
22	19543	2
22	19544	2
22	19545	2
22	19546	2
22	19547	2
22	19548	2
22	19549	2
22	19550	2
22	19551	2
22	19552	2
22	19553	2
22	19554	2
22	19555	2
22	19556	2
22	19557	2
22	19558	2
22	19559	2
22	19560	2
22	19561	2
22	19562	2
22	19563	2
22	19564	2
22	19565	2
22	19566	2
22	19567	2
22	19568	2
22	19569	2
22	19570	2
22	19571	2
22	19572	2
22	19573	2
22	19574	2
22	19575	2
22	19576	2
22	19577	2
22	19578	2
22	19579	2
22	19580	2
22	19581	2
22	19582	2
22	19583	2
22	19584	2
22	19585	2
22	19586	2
22	19587	2
22	19588	2
22	19589	2
22	19590	2
22	19591	2
22	19592	2
22	19593	2
22	19594	2
22	19595	2
22	19596	2
22	19597	2
22	19598	2
22	19599	1
22	19600	1
22	19601	1
22	19602	1
22	19603	1
22	19604	1
22	19605	1
22	19606	1
22	19607	1
22	19608	1
22	19609	1
22	19610	1
22	19611	1
22	19612	1
22	19613	1
22	19614	1
22	19615	1
22	19616	1
22	19617	2
22	19618	2
22	19619	2
22	19620	2
22	19621	2
22	19622	4
22	19623	5
22	19624	5
22	19625	8
22	19626	8
22	19627	8
22	19628	8
22	19629	8
22	19630	8
22	19631	8
22	19632	8
22	19633	8
22	19634	8
22	19635	11
22	19636	11
22	19637	11
22	19638	11
22	19639	11
22	19640	13
22	19641	13
22	19642	15
22	19643	15
22	19644	16
22	19645	16
22	19646	17
22	19647	17
22	19648	17
22	19649	17
22	19650	17
22	19651	17
22	19652	17
22	19653	17
22	19654	17
22	19655	17
22	19656	17
22	19657	17
22	19658	17
22	19659	17
22	19660	17
22	19661	17
22	19662	17
22	19663	17
22	19664	17
22	19665	17
22	19666	17
22	19667	17
22	19668	17
22	19669	17
22	19670	19
22	19671	19
22	19672	19
22	19673	19
22	19674	19
22	19675	19
22	19676	19
22	19677	19
22	19678	19
22	19679	19
22	19680	19
22	19681	19
22	19682	19
22	19683	19
22	19684	19
22	19685	19
22	19686	19
22	19687	22
22	19688	25
22	19689	25
22	19690	25
22	19691	26
22	19692	26
22	19693	26
22	19694	26
22	19695	26
22	19696	26
22	19697	26
22	19698	26
22	19699	26
22	19700	26
22	19701	26
22	19702	26
22	19703	26
22	19704	26
22	19705	26
22	19706	29
22	19707	29
22	19708	30
22	19709	30
22	19710	31
22	19711	31
22	19712	31
22	19713	31
22	19714	31
22	19715	31
22	19716	33
22	19717	35
22	19718	36
22	19719	36
22	19720	36
22	19721	36
22	19722	36
22	19723	37
22	19724	37
22	19725	39
22	19726	40
22	19727	41
22	19728	43
22	19729	44
22	19730	45
22	19731	46
22	19732	46
22	19733	46
22	19734	46
22	19735	46
22	19736	46
22	19737	46
22	19738	46
22	19739	46
22	19740	46
22	19741	46
22	19742	46
22	19743	46
22	19744	46
22	19745	46
22	19746	46
22	19747	46
22	19748	46
22	19749	46
22	19750	46
22	19751	51
22	19752	51
22	19753	51
22	19754	51
22	19755	51
22	19756	51
22	19757	51
22	19758	52
22	19759	52
22	19760	52
22	19761	52
22	19762	52
22	19763	52
22	19764	52
22	19765	52
22	19766	52
22	19767	52
22	19768	50
22	19769	50
22	19770	50
22	19771	50
22	19772	50
22	19773	49
22	19774	49
22	19775	46
22	19776	48
22	19777	48
22	19778	48
22	19779	48
22	19780	49
22	19781	49
22	19782	49
22	19783	49
22	19784	46
22	19785	46
22	19786	46
22	19787	45
22	19788	45
22	19789	45
22	19790	45
22	19791	44
22	19792	44
22	19793	43
22	19794	42
22	19795	41
22	19796	46
22	19797	46
22	19798	46
22	19799	46
22	19800	46
22	19801	45
22	19802	45
22	19803	45
22	19804	45
22	19805	45
22	19806	45
22	19807	46
22	19808	47
22	19809	47
22	19810	47
22	19811	47
22	19812	47
22	19813	47
22	19814	47
22	19815	47
22	19816	49
22	19817	49
22	19818	49
22	19819	49
22	19820	49
22	19821	49
22	19822	48
22	19823	49
22	19824	49
22	19825	49
22	19826	50
22	19827	51
22	19828	51
22	19829	51
22	19830	51
22	19831	51
22	19832	51
22	19833	52
22	19834	52
22	19835	52
22	19836	49
22	19837	49
22	19838	46
22	19839	47
22	19840	52
22	19841	53
22	19842	53
22	19843	53
22	19844	57
22	19845	61
22	19846	62
22	19847	65
22	19848	65
22	19849	65
22	19850	65
22	19851	65
22	19852	66
22	19853	63
22	19854	63
22	19855	69
22	19856	69
22	19857	69
22	19858	69
22	19859	68
22	19860	70
22	19861	70
22	19862	70
22	19863	70
22	19864	68
22	19865	68
22	19866	68
22	19867	68
22	19868	69
22	19869	71
22	19870	71
22	19871	71
22	19872	70
22	19873	70
22	19874	70
22	19875	67
22	19876	67
22	19877	67
22	19878	65
22	19879	65
22	19880	68
22	19881	68
22	19882	68
22	19883	69
22	19884	73
22	19885	74
22	19886	82
22	19887	90
22	19888	86
22	19889	87
22	19890	87
22	19891	90
22	19892	91
22	19893	91
22	19894	91
22	19895	91
22	19896	91
22	19897	94
22	19898	106
22	19899	106
22	19900	106
22	19901	106
22	19902	106
22	19903	107
22	19904	107
22	19905	107
22	19906	107
22	19907	107
22	19908	108
22	19909	108
22	19910	108
22	19911	108
22	19912	110
22	19913	110
22	19914	111
22	19915	111
22	19916	112
22	19917	114
22	19918	114
22	19919	114
22	19920	114
22	19921	114
22	19922	114
22	19923	114
22	19924	115
22	19925	115
22	19926	115
22	19927	113
22	19928	113
22	19929	113
22	19930	114
22	19931	115
22	19932	116
22	19933	116
22	19934	117
22	19935	117
22	19936	118
22	19937	118
22	19938	118
22	19939	119
22	19940	119
22	19941	119
22	19942	120
22	19943	125
22	19944	129
22	19945	128
22	19946	128
22	19947	128
22	19948	128
22	19949	128
22	19950	130
22	19951	130
22	19952	130
22	19953	130
22	19954	130
22	19955	130
22	19956	135
22	19957	133
22	19958	133
22	19959	132
22	19960	132
22	19961	135
22	19962	135
22	19963	134
22	19964	135
22	19965	135
22	19966	133
22	19967	134
22	19968	134
22	19969	134
22	19970	134
22	19971	134
22	19972	133
22	19973	134
22	19974	134
22	19975	134
22	19976	133
22	19977	132
22	19978	132
22	19979	132
22	19980	132
22	19981	132
22	19982	132
22	19983	132
22	19984	132
22	19985	132
22	19986	132
22	19987	138
22	19988	141
22	19989	133
22	19990	133
22	19991	133
22	19992	134
22	19993	133
22	19994	131
22	19995	127
22	19996	126
22	19997	123
22	19998	123
22	19999	123
22	20000	124
22	20001	123
22	20002	124
22	20003	117
22	20004	118
22	20005	124
22	20006	126
22	20007	126
22	20008	127
22	20009	127
22	20010	130
22	20011	138
22	20012	140
22	20013	137
22	20014	137
22	20015	137
22	20016	140
22	20017	140
22	20018	140
22	20019	136
22	20020	136
22	20021	136
22	20022	137
22	20023	137
22	20024	137
22	20025	137
22	20026	137
22	20027	151
22	20028	151
22	20029	151
22	20030	148
22	20031	148
22	20032	149
22	20033	149
22	20034	145
22	20035	144
22	20036	135
22	20037	126
22	20038	131
22	20039	132
22	20040	134
22	20041	131
22	20042	130
22	20043	131
22	20044	131
22	20045	133
22	20046	132
22	20047	130
22	20048	117
22	20049	117
22	20050	116
22	20051	116
22	20052	118
22	20053	118
22	20054	118
22	20055	118
22	20056	118
22	20057	119
22	20058	126
22	20059	128
22	20060	129
22	20061	129
22	20062	127
22	20063	127
22	20064	126
22	20065	128
22	20066	127
22	20067	126
22	20068	126
22	20069	126
22	20070	127
22	20071	130
22	20072	131
22	20073	131
22	20074	130
22	20075	129
22	20076	128
22	20077	128
22	20078	128
22	20079	128
22	20080	126
22	20081	127
22	20082	129
22	20083	130
22	20084	129
22	20085	129
22	20086	128
22	20087	128
22	20088	128
22	20089	131
22	20090	131
22	20091	131
22	20092	128
22	20093	123
22	20094	123
22	20095	123
22	20096	123
22	20097	124
22	20098	124
22	20099	124
22	20100	122
22	20101	122
22	20102	122
22	20103	129
22	20104	130
22	20105	125
22	20106	126
22	20107	126
22	20108	128
22	20109	125
22	20110	125
22	20111	125
22	20112	125
22	20113	125
22	20114	125
22	20115	125
22	20116	126
22	20117	126
22	20118	126
22	20119	137
22	20120	136
22	20121	137
22	20122	138
22	20123	138
22	20124	139
22	20125	139
22	20126	139
22	20127	139
22	20128	139
22	20129	139
22	20130	139
22	20131	139
22	20132	139
22	20133	138
22	20134	139
22	20135	139
22	20136	134
22	20137	131
22	20138	131
22	20139	131
22	20140	131
22	20141	131
22	20142	128
22	20143	129
22	20144	127
22	20145	127
22	20146	131
22	20147	130
22	20148	137
22	20149	137
22	20150	139
22	20151	138
22	20152	140
22	20153	140
22	20154	139
22	20155	133
22	20156	133
22	20157	128
22	20158	123
22	20159	120
22	20160	120
22	20161	129
22	20162	129
22	20163	129
22	20164	130
22	20165	132
22	20166	129
22	20167	129
22	20168	129
22	20169	128
22	20170	128
22	20171	127
22	20172	127
22	20173	127
22	20174	126
22	20175	126
22	20176	113
22	20177	113
22	20178	113
22	20179	109
22	20180	109
22	20181	113
22	20182	113
22	20183	112
22	20184	114
22	20185	115
22	20186	115
22	20187	112
22	20188	112
22	20189	110
22	20190	110
22	20191	110
22	20192	110
22	20193	112
22	20194	110
22	20195	110
22	20196	111
22	20197	114
22	20198	117
22	20199	118
22	20200	118
22	20201	118
22	20202	116
22	20203	116
22	20204	116
22	20205	120
22	20206	120
22	20207	118
22	20208	116
22	20209	116
22	20210	117
22	20211	117
22	20212	117
22	20213	118
22	20214	117
22	20215	115
22	20216	115
22	20217	114
22	20218	114
22	20219	113
22	20220	112
22	20221	111
22	20222	112
22	20223	112
22	20224	113
22	20225	113
22	20226	113
22	20227	113
22	20228	113
22	20229	116
22	20230	117
22	20231	110
22	20232	111
22	20233	111
22	20234	111
22	20235	112
22	20236	113
22	20237	113
22	20238	111
22	20239	108
22	20240	108
22	20241	108
22	20242	108
22	20243	108
22	20244	108
22	20245	109
22	20246	108
22	20247	108
22	20248	108
22	20249	107
22	20250	111
22	20251	111
22	20252	107
22	20253	106
22	20254	106
22	20255	104
22	20256	104
22	20257	105
22	20258	105
22	20259	105
22	20260	109
22	20261	111
22	20262	111
22	20263	111
22	20264	112
22	20265	116
22	20266	114
22	20267	117
22	20268	117
22	20269	104
22	20270	109
22	20271	107
22	20272	107
22	20273	107
22	20274	107
22	20275	115
22	20276	115
22	20277	115
22	20278	115
22	20279	119
22	20280	120
22	20281	120
22	20282	120
22	20283	120
22	20284	121
22	20285	122
22	20286	122
22	20287	122
22	20288	122
22	20289	126
22	20290	128
22	20291	128
22	20292	130
22	20293	130
22	20294	133
22	20295	134
22	20296	131
22	20297	131
22	20298	128
22	20299	124
22	20300	124
22	20301	127
22	20302	127
22	20303	128
22	20304	129
22	20305	130
22	20306	131
22	20307	133
22	20308	133
22	20309	133
22	20310	124
22	20311	125
22	20312	125
22	20313	126
22	20314	125
22	20315	123
22	20316	123
22	20317	124
22	20318	124
22	20319	125
22	20320	125
22	20321	126
22	20322	126
22	20323	127
22	20324	127
22	20325	127
22	20326	125
22	20327	125
22	20328	128
22	20329	129
22	20330	130
22	20331	131
22	20332	131
22	20333	131
22	20334	132
22	20335	131
22	20336	130
22	20337	130
22	20338	130
22	20339	129
22	20340	129
22	20341	130
22	20342	132
22	20343	130
22	20344	130
22	20345	130
22	20346	128
22	20347	129
22	20348	129
22	20349	130
22	20350	134
22	20351	134
22	20352	134
22	20353	133
22	20354	130
22	20355	130
22	20356	127
22	20357	126
22	20358	125
22	20359	119
22	20360	119
22	20361	120
22	20362	119
22	20363	119
22	20364	119
22	20365	119
22	20366	119
22	20367	116
22	20368	117
22	20369	117
22	20370	116
22	20371	115
22	20372	116
22	20373	116
22	20374	116
22	20375	116
22	20376	117
22	20377	117
22	20378	114
22	20379	114
22	20380	113
22	20381	113
22	20382	113
22	20383	113
22	20384	113
22	20385	112
22	20386	111
22	20387	112
22	20388	117
22	20389	117
22	20390	119
22	20391	121
22	20392	121
22	20393	121
22	20394	120
22	20395	119
22	20396	119
22	20397	119
22	20398	119
22	20399	119
22	20400	115
22	20401	115
22	20402	115
22	20403	114
22	20404	114
22	20405	114
22	20406	113
22	20407	113
22	20408	113
22	20409	113
22	20410	110
22	20411	108
22	20412	109
22	20413	108
22	20414	108
22	20415	105
22	20416	108
22	20417	104
22	20418	105
22	20419	98
22	20420	98
22	20421	104
22	20422	103
22	20423	103
22	20424	101
22	20425	95
22	20426	95
22	20427	95
22	20428	95
22	20429	91
22	20430	90
22	20431	91
22	20432	95
22	20433	96
22	20434	95
22	20435	94
22	20436	94
22	20437	94
22	20438	92
22	20439	92
22	20440	91
22	20441	89
22	20442	88
22	20443	88
22	20444	85
22	20445	87
22	20446	87
22	20447	87
22	20448	86
22	20449	86
22	20450	88
22	20451	84
22	20452	83
22	20453	82
22	20454	79
22	20455	80
22	20456	79
22	20457	77
22	20458	77
22	20459	76
22	20460	75
22	20461	74
22	20462	74
22	20463	74
22	20464	74
22	20465	74
22	20466	74
22	20467	74
22	20468	74
22	20469	73
22	20470	73
22	20471	72
22	20472	72
22	20473	71
22	20474	71
22	20475	71
22	20476	71
22	20477	69
22	20478	69
22	20479	67
22	20480	66
22	20481	65
22	20482	65
22	20483	62
22	20484	62
22	20485	62
22	20486	63
22	20487	63
22	20488	63
22	20489	63
22	20490	63
22	20491	62
22	20492	60
22	20493	60
22	20494	60
22	20495	58
22	20496	55
22	20497	55
22	20498	55
22	20499	53
22	20500	50
22	20501	50
22	20502	51
22	20503	51
22	20504	51
22	20505	51
22	20506	55
22	20507	55
22	20508	55
22	20509	55
22	20510	61
22	20511	60
22	20512	60
22	20513	61
22	20514	61
22	20515	61
22	20516	61
22	20517	61
22	20518	60
22	20519	60
22	20520	61
22	20521	61
22	20522	61
22	20523	61
22	20524	61
22	20525	61
22	20526	61
22	20527	62
22	20528	65
22	20529	67
22	20530	67
22	20531	67
22	20532	67
22	20533	67
22	20534	67
22	20535	68
22	20536	68
22	20537	68
22	20538	63
22	20539	64
22	20540	62
22	20541	62
22	20542	62
22	20543	62
22	20544	64
22	20545	64
22	20546	64
22	20547	64
22	20548	64
22	20549	64
22	20550	64
22	20551	64
22	20552	71
22	20553	71
22	20554	71
22	20555	72
22	20556	72
22	20557	72
22	20558	72
22	20559	72
22	20560	72
22	20561	71
22	20562	70
22	20563	70
22	20564	70
22	20565	71
22	20566	71
22	20567	70
22	20568	68
22	20569	64
22	20570	64
22	20571	64
22	20572	64
22	20573	64
22	20574	65
22	20575	66
22	20576	66
22	20577	67
22	20578	67
22	20579	67
22	20580	68
22	20581	67
22	20582	68
22	20583	67
22	20584	66
22	20585	66
22	20586	66
22	20587	66
22	20588	63
22	20589	63
22	20590	62
22	20591	61
22	20592	61
22	20593	60
22	20594	59
22	20595	59
22	20596	59
22	20597	56
22	20598	56
22	20599	56
22	20600	54
22	20601	54
22	20602	54
22	20603	54
22	20604	54
22	20605	54
22	20606	58
22	20607	58
22	20608	58
22	20609	58
22	20610	58
22	20611	58
22	20612	58
22	20613	58
22	20614	58
22	20615	57
22	20616	60
22	20617	60
22	20618	60
22	20619	60
22	20620	60
22	20621	60
22	20622	61
22	20623	61
22	20624	61
22	20625	61
22	20626	61
22	20627	61
22	20628	61
22	20629	62
22	20630	62
22	20631	60
22	20632	60
22	20633	60
22	20634	60
22	20635	59
22	20636	59
22	20637	59
22	20638	60
22	20639	61
22	20640	61
22	20641	61
22	20642	61
22	20643	61
22	20644	61
22	20645	61
22	20646	61
22	20647	61
22	20648	61
22	20649	61
22	20650	61
22	20651	61
22	20652	61
22	20653	61
22	20654	61
22	20655	64
22	20656	59
22	20657	59
22	20658	57
22	20659	49
22	20660	50
22	20661	50
22	20662	49
22	20663	49
22	20664	48
22	20665	43
22	20666	43
22	20667	43
22	20668	44
22	20669	49
22	20670	49
22	20671	49
22	20672	49
22	20673	49
22	20674	45
22	20675	46
22	20676	46
22	20677	47
22	20678	47
22	20679	45
22	20680	45
22	20681	44
22	20682	43
22	20683	43
22	20684	45
22	20685	44
22	20686	41
22	20687	41
22	20688	42
22	20689	42
22	20690	43
22	20691	45
22	20692	45
22	20693	46
22	20694	46
22	20695	47
22	20696	49
22	20697	48
22	20698	48
22	20699	48
22	20700	46
22	20701	47
22	20702	47
22	20703	47
22	20704	46
22	20705	46
22	20706	47
22	20707	47
22	20708	47
22	20709	47
22	20710	47
22	20711	47
22	20712	47
22	20713	48
22	20714	49
22	20715	48
22	20716	48
22	20717	48
22	20718	43
22	20719	44
22	20720	45
22	20721	45
22	20722	45
22	20723	46
22	20724	46
22	20725	53
22	20726	54
22	20727	52
22	20728	52
22	20729	54
22	20730	55
22	20731	59
22	20732	61
22	20733	61
22	20734	61
22	20735	61
22	20736	62
22	20737	62
22	20738	62
22	20739	62
22	20740	62
22	20741	62
22	20742	63
22	20743	63
22	20744	63
22	20745	63
22	20746	67
22	20747	69
22	20748	69
22	20749	70
22	20750	69
22	20751	69
22	20752	69
22	20753	69
22	20754	69
22	20755	69
22	20756	69
22	20757	73
22	20758	73
22	20759	73
22	20760	73
22	20761	72
22	20762	73
22	20763	74
22	20764	76
22	20765	76
22	20766	76
22	20767	77
22	20768	78
22	20769	78
22	20770	78
22	20771	77
22	20772	79
22	20773	86
22	20774	86
22	20775	86
22	20776	86
22	20777	86
22	20778	87
22	20779	90
22	20780	90
22	20781	89
22	20782	89
22	20783	89
22	20784	89
22	20785	92
22	20786	92
22	20787	92
22	20788	92
22	20789	90
22	20790	92
22	20791	93
22	20792	93
22	20793	93
22	20794	93
22	20795	93
22	20796	99
22	20797	99
22	20798	99
22	20799	99
22	20800	99
22	20801	102
22	20802	103
22	20803	107
22	20804	106
22	20805	107
22	20806	108
22	20807	109
22	20808	109
22	20809	109
22	20810	109
22	20811	109
22	20812	110
22	20813	110
22	20814	110
22	20815	110
22	20816	110
22	20817	109
22	20818	106
22	20819	106
22	20820	106
22	20821	106
22	20822	106
22	20823	106
22	20824	106
22	20825	106
22	20826	105
22	20827	105
22	20828	104
22	20829	107
22	20830	107
22	20831	107
22	20832	107
22	20833	105
22	20834	105
22	20835	105
22	20836	105
22	20837	104
22	20838	105
22	20839	105
22	20840	103
22	20841	103
22	20842	102
22	20843	102
22	20844	101
22	20845	101
22	20846	102
22	20847	102
22	20848	102
22	20849	101
22	20850	103
22	20851	101
22	20852	101
22	20853	102
22	20854	102
22	20855	102
22	20856	101
22	20857	101
22	20858	101
22	20859	103
22	20860	102
22	20861	102
22	20862	102
22	20863	100
22	20864	100
22	20865	101
22	20866	104
22	20867	102
22	20868	102
22	20869	104
22	20870	105
22	20871	106
22	20872	106
22	20873	110
22	20874	105
22	20875	104
22	20876	102
22	20877	102
22	20878	102
22	20879	102
22	20880	98
22	20881	92
22	20882	89
22	20883	89
22	20884	89
22	20885	89
22	20886	87
22	20887	88
22	20888	89
22	20889	93
22	20890	94
22	20891	94
22	20892	94
22	20893	96
22	20894	98
22	20895	94
22	20896	93
22	20897	92
22	20898	92
22	20899	93
22	20900	93
22	20901	93
22	20902	94
22	20903	94
22	20904	94
22	20905	96
22	20906	97
22	20907	95
22	20908	95
22	20909	96
22	20910	96
22	20911	97
22	20912	92
22	20913	93
22	20914	91
22	20915	91
22	20916	90
22	20917	90
22	20918	90
22	20919	89
22	20920	90
22	20921	90
22	20922	86
22	20923	83
22	20924	84
22	20925	84
22	20926	83
22	20927	82
22	20928	82
22	20929	80
22	20930	82
22	20931	82
22	20932	82
22	20933	82
22	20934	82
22	20935	79
22	20936	80
22	20937	83
22	20938	73
22	20939	74
22	20940	77
22	20941	80
22	20942	83
22	20943	83
22	20944	84
22	20945	84
22	20946	79
22	20947	80
22	20948	80
22	20949	83
22	20950	83
22	20951	83
22	20952	83
22	20953	83
22	20954	85
22	20955	84
22	20956	84
22	20957	84
22	20958	84
22	20959	84
22	20960	84
22	20961	84
22	20962	84
22	20963	84
22	20964	86
22	20965	90
22	20966	90
22	20967	94
22	20968	94
22	20969	94
22	20970	95
22	20971	96
22	20972	98
22	20973	99
22	20974	100
22	20975	100
22	20976	98
22	20977	98
22	20978	99
22	20979	98
22	20980	100
22	20981	100
22	20982	100
22	20983	100
22	20984	100
22	20985	104
22	20986	106
22	20987	106
22	20988	117
22	20989	116
22	20990	116
22	20991	116
22	20992	116
22	20993	116
22	20994	118
22	20995	118
22	20996	117
22	20997	117
22	20998	118
22	20999	118
22	21000	116
22	21001	116
22	21002	116
22	21003	116
22	21004	116
22	21005	117
22	21006	119
22	21007	119
22	21008	119
22	21009	118
22	21010	119
22	21011	119
22	21012	121
22	21013	123
22	21014	121
22	21015	117
22	21016	119
22	21017	119
22	21018	118
22	21019	118
22	21020	116
22	21021	117
22	21022	118
22	21023	116
22	21024	117
22	21025	120
22	21026	120
22	21027	119
22	21028	118
22	21029	118
22	21030	118
22	21031	118
22	21032	118
22	21033	119
22	21034	119
22	21035	123
22	21036	124
22	21037	126
22	21038	125
22	21039	123
22	21040	122
22	21041	122
22	21042	119
22	21043	119
22	21044	116
22	21045	119
22	21046	119
22	21047	119
22	21048	118
22	21049	117
22	21050	127
22	21051	127
22	21052	128
22	21053	128
22	21054	126
22	21055	126
22	21056	125
22	21057	125
22	21058	125
22	21059	122
22	21060	123
22	21061	123
22	21062	123
22	21063	120
22	21064	121
22	21065	122
22	21066	121
22	21067	121
22	21068	120
22	21069	121
22	21070	119
22	21071	119
22	21072	119
22	21073	117
22	21074	117
22	21075	117
22	21076	115
22	21077	117
22	21078	117
22	21079	117
22	21080	115
22	21081	115
22	21082	116
22	21083	117
22	21084	117
22	21085	120
22	21086	118
22	21087	116
22	21088	118
22	21089	119
22	21090	116
22	21091	114
22	21092	113
22	21093	112
22	21094	112
22	21095	113
22	21096	113
22	21097	112
22	21098	110
22	21099	110
22	21100	110
22	21101	111
22	21102	110
22	21103	111
22	21104	110
22	21105	111
22	21106	112
22	21107	115
22	21108	115
22	21109	115
22	21110	115
22	21111	114
22	21112	114
22	21113	112
22	21114	109
22	21115	111
22	21116	111
22	21117	107
22	21118	107
22	21119	107
22	21120	111
22	21121	111
22	21122	110
22	21123	110
22	21124	109
22	21125	114
22	21126	121
22	21127	121
22	21128	127
22	21129	125
22	21130	125
22	21131	125
22	21132	125
22	21133	124
22	21134	122
22	21135	119
22	21136	121
22	21137	108
22	21138	108
22	21139	111
22	21140	111
22	21141	111
22	21142	111
22	21143	113
22	21144	113
22	21145	113
22	21146	113
22	21147	113
22	21148	113
22	21149	113
22	21150	114
22	21151	114
22	21152	114
22	21153	114
22	21154	113
22	21155	113
22	21156	111
22	21157	111
22	21158	111
22	21159	113
22	21160	114
22	21161	114
22	21162	113
22	21163	113
22	21164	114
22	21165	115
22	21166	114
22	21167	114
22	21168	113
22	21169	113
22	21170	114
22	21171	112
22	21172	112
22	21173	111
22	21174	111
22	21175	108
22	21176	109
22	21177	109
22	21178	109
22	21179	109
22	21180	109
22	21181	109
22	21182	108
22	21183	111
22	21184	111
22	21185	106
22	21186	103
22	21187	103
22	21188	104
22	21189	104
22	21190	103
22	21191	102
22	21192	102
22	21193	105
22	21194	103
22	21195	105
22	21196	105
22	21197	108
22	21198	107
22	21199	108
22	21200	100
22	21201	97
22	21202	97
22	21203	98
22	21204	99
22	21205	99
22	21206	99
22	21207	102
22	21208	102
22	21209	104
22	21210	105
22	21211	104
22	21212	104
22	21213	104
22	21214	106
22	21215	106
22	21216	106
22	21217	107
22	21218	107
22	21219	107
22	21220	107
22	21221	107
22	21222	107
22	21223	109
22	21224	111
22	21225	111
22	21226	112
22	21227	110
22	21228	112
22	21229	113
22	21230	113
22	21231	114
22	21232	116
22	21233	115
22	21234	115
22	21235	113
22	21236	112
22	21237	112
22	21238	109
22	21239	108
22	21240	113
22	21241	113
22	21242	113
22	21243	113
22	21244	113
22	21245	111
22	21246	109
22	21247	112
22	21248	116
22	21249	116
22	21250	114
22	21251	114
22	21252	114
22	21253	113
22	21254	113
22	21255	113
22	21256	113
22	21257	110
22	21258	110
22	21259	110
22	21260	110
22	21261	112
22	21262	112
22	21263	115
22	21264	112
22	21265	112
22	21266	112
22	21267	112
22	21268	112
22	21269	112
22	21270	108
22	21271	106
22	21272	107
22	21273	107
22	21274	107
22	21275	98
22	21276	97
22	21277	91
22	21278	90
22	21279	91
22	21280	91
22	21281	91
22	21282	90
22	21283	86
22	21284	89
22	21285	89
22	21286	88
22	21287	88
22	21288	87
22	21289	87
22	21290	88
22	21291	88
22	21292	86
22	21293	89
22	21294	89
22	21295	89
22	21296	90
22	21297	90
22	21298	90
22	21299	90
22	21300	91
22	21301	92
22	21302	93
22	21303	93
22	21304	92
22	21305	92
22	21306	92
22	21307	92
22	21308	93
22	21309	92
22	21310	91
22	21311	91
22	21312	90
22	21313	90
22	21314	90
22	21315	89
22	21316	88
22	21317	88
22	21318	89
22	21319	90
22	21320	89
22	21321	89
22	21322	88
22	21323	89
22	21324	92
22	21325	91
22	21326	90
22	21327	92
22	21328	93
22	21329	94
22	21330	94
22	21331	94
22	21332	94
22	21333	91
22	21334	90
22	21335	93
22	21336	95
22	21337	96
22	21338	96
22	21339	96
22	21340	96
22	21341	93
22	21342	95
22	21343	95
22	21344	95
22	21345	93
22	21346	90
22	21347	90
22	21348	90
22	21349	90
22	21350	92
22	21351	92
22	21352	93
22	21353	93
22	21354	93
22	21355	93
22	21356	93
22	21357	90
22	21358	90
22	21359	85
22	21360	85
22	21361	85
22	21362	85
22	21363	83
22	21364	80
22	21365	82
22	21366	82
22	21367	82
22	21368	83
22	21369	82
22	21370	84
22	21371	84
22	21372	84
22	21373	87
22	21374	83
22	21375	83
22	21376	82
22	21377	82
22	21378	81
22	21379	81
22	21380	83
22	21381	82
22	21382	79
22	21383	79
22	21384	79
22	21385	77
22	21386	80
22	21387	80
22	21388	80
22	21389	82
22	21390	77
22	21391	79
22	21392	81
22	21393	80
22	21394	81
22	21395	81
22	21396	82
22	21397	77
22	21398	76
22	21399	75
22	21400	65
22	21401	65
22	21402	64
22	21403	65
22	21404	85
22	21405	86
22	21406	86
22	21407	86
22	21408	87
22	21409	83
22	21410	83
22	21411	83
22	21412	83
22	21413	83
22	21414	86
22	21415	90
22	21416	90
22	21417	90
22	21418	92
22	21419	92
22	21420	92
22	21421	93
22	21422	93
22	21423	93
22	21424	94
22	21425	95
22	21426	97
22	21427	97
22	21428	99
22	21429	98
22	21430	98
22	21431	98
22	21432	98
22	21433	98
22	21434	100
22	21435	100
22	21436	102
22	21437	97
22	21438	97
22	21439	94
22	21440	94
22	21441	94
22	21442	94
22	21443	94
22	21444	95
22	21445	94
22	21446	94
22	21447	93
22	21448	93
22	21449	95
22	21450	95
22	21451	94
22	21452	93
22	21453	93
22	21454	93
22	21455	93
22	21456	93
22	21457	93
22	21458	92
22	21459	92
22	21460	93
22	21461	94
22	21462	94
22	21463	94
22	21464	94
22	21465	94
22	21466	94
22	21467	94
22	21468	93
22	21469	92
22	21470	92
22	21471	92
22	21472	95
22	21473	95
22	21474	99
22	21475	99
22	21476	100
22	21477	99
22	21478	98
22	21479	98
22	21480	99
22	21481	98
22	21482	98
22	21483	98
22	21484	98
22	21485	99
22	21486	100
22	21487	102
22	21488	102
22	21489	102
22	21490	102
22	21491	102
22	21492	101
22	21493	104
22	21494	104
22	21495	107
22	21496	107
22	21497	107
22	21498	106
22	21499	106
22	21500	106
22	21501	105
22	21502	104
22	21503	104
22	21504	103
22	21505	103
22	21506	104
22	21507	104
22	21508	104
22	21509	104
22	21510	104
22	21511	105
22	21512	105
22	21513	105
22	21514	105
22	21515	105
22	21516	107
22	21517	108
22	21518	107
22	21519	108
22	21520	109
22	21521	109
22	21522	109
22	21523	107
22	21524	107
22	21525	107
22	21526	107
22	21527	107
22	21528	107
22	21529	105
22	21530	105
22	21531	105
22	21532	105
22	21533	107
22	21534	107
22	21535	106
22	21536	106
22	21537	107
22	21538	108
22	21539	112
22	21540	111
22	21541	111
22	21542	109
22	21543	110
22	21544	110
22	21545	112
22	21546	111
22	21547	111
22	21548	111
22	21549	111
22	21550	114
22	21551	115
22	21552	115
22	21553	117
22	21554	99
22	21555	105
22	21556	113
22	21557	112
22	21558	113
22	21559	112
22	21560	112
22	21561	112
22	21562	112
22	21563	112
22	21564	112
22	21565	108
22	21566	108
22	21567	108
22	21568	109
22	21569	109
22	21570	108
22	21571	108
22	21572	107
22	21573	107
22	21574	107
22	21575	105
22	21576	105
22	21577	106
22	21578	107
22	21579	108
22	21580	108
22	21581	109
22	21582	109
22	21583	112
22	21584	110
22	21585	110
22	21586	111
22	21587	111
22	21588	111
22	21589	111
22	21590	112
22	21591	112
22	21592	112
22	21593	111
22	21594	111
22	21595	114
22	21596	114
22	21597	114
22	21598	114
22	21599	112
22	21600	111
22	21601	111
22	21602	112
22	21603	112
22	21604	111
22	21605	110
22	21606	112
22	21607	113
22	21608	113
22	21609	112
22	21610	114
22	21611	113
22	21612	113
22	21613	115
22	21614	115
22	21615	115
22	21616	115
22	21617	116
22	21618	116
22	21619	116
22	21620	116
22	21621	113
22	21622	113
22	21623	113
22	21624	110
22	21625	110
22	21626	113
22	21627	115
22	21628	128
22	21629	128
22	21630	128
22	21631	128
22	21632	131
22	21633	131
22	21634	130
22	21635	124
22	21636	127
22	21637	124
22	21638	124
22	21639	124
22	21640	124
22	21641	122
22	21642	120
22	21643	125
22	21644	124
22	21645	123
22	21646	124
22	21647	123
22	21648	122
22	21649	122
22	21650	122
22	21651	122
22	21652	122
22	21653	122
22	21654	122
22	21655	123
22	21656	124
22	21657	124
22	21658	124
22	21659	123
22	21660	123
22	21661	123
22	21662	123
22	21663	124
22	21664	124
22	21665	123
22	21666	121
22	21667	121
22	21668	122
22	21669	118
22	21670	118
22	21671	118
22	21672	119
22	21673	119
22	21674	119
22	21675	119
22	21676	121
22	21677	121
22	21678	125
22	21679	125
22	21680	125
22	21681	126
22	21682	128
22	21683	126
22	21684	127
22	21685	127
22	21686	130
22	21687	126
22	21688	124
22	21689	122
22	21690	122
22	21691	122
22	21692	123
22	21693	123
22	21694	122
22	21695	121
22	21696	121
22	21697	128
22	21698	127
22	21699	128
22	21700	127
22	21701	126
22	21702	127
22	21703	127
22	21704	126
22	21705	122
22	21706	115
22	21707	116
22	21708	116
22	21709	117
22	21710	117
22	21711	117
22	21712	117
22	21713	117
22	21714	114
22	21715	114
22	21716	112
22	21717	112
22	21718	112
22	21719	112
22	21720	115
22	21721	113
22	21722	113
22	21723	112
22	21724	113
22	21725	118
22	21726	118
22	21727	114
22	21728	118
22	21729	117
22	21730	116
22	21731	116
22	21732	116
22	21733	114
22	21734	113
22	21735	113
22	21736	109
22	21737	109
22	21738	109
22	21739	111
22	21740	110
22	21741	108
22	21742	109
22	21743	106
22	21744	113
22	21745	113
22	21746	113
22	21747	114
22	21748	115
22	21749	115
22	21750	118
22	21751	118
22	21752	118
22	21753	118
22	21754	119
22	21755	123
22	21756	123
22	21757	124
22	21758	124
22	21759	122
22	21760	122
22	21761	122
22	21762	123
22	21763	120
22	21764	126
22	21765	126
22	21766	126
22	21767	128
22	21768	133
22	21769	133
22	21770	133
22	21771	133
22	21772	134
22	21773	134
22	21774	133
22	21775	129
22	21776	119
22	21777	114
22	21778	115
22	21779	118
22	21780	118
22	21781	115
22	21782	115
22	21783	118
22	21784	118
22	21785	118
22	21786	116
22	21787	115
22	21788	115
22	21789	115
22	21790	118
22	21791	120
22	21792	119
22	21793	120
22	21794	119
22	21795	121
22	21796	124
22	21797	124
22	21798	124
22	21799	124
22	21800	124
22	21801	125
22	21802	128
22	21803	128
22	21804	128
22	21805	126
22	21806	126
22	21807	126
22	21808	127
22	21809	129
22	21810	128
22	21811	128
22	21812	127
22	21813	128
22	21814	129
22	21815	129
22	21816	130
22	21817	130
22	21818	130
22	21819	129
22	21820	129
22	21821	129
22	21822	129
22	21823	129
22	21824	127
22	21825	128
22	21826	127
22	21827	132
22	21828	131
22	21829	131
22	21830	131
22	21831	131
22	21832	130
22	21833	128
22	21834	128
22	21835	128
22	21836	124
22	21837	124
22	21838	124
22	21839	124
22	21840	124
22	21841	124
22	21842	123
22	21843	126
22	21844	124
22	21845	124
22	21846	124
22	21847	119
22	21848	119
22	21849	118
22	21850	120
22	21851	119
22	21852	119
22	21853	119
22	21854	119
22	21855	118
22	21856	117
22	21857	117
22	21858	117
22	21859	116
22	21860	116
22	21861	117
22	21862	117
22	21863	117
22	21864	121
22	21865	121
22	21866	121
22	21867	122
22	21868	124
22	21869	122
22	21870	121
22	21871	121
22	21872	121
22	21873	122
22	21874	118
22	21875	118
22	21876	118
22	21877	118
22	21878	116
22	21879	116
22	21880	117
22	21881	117
22	21882	117
22	21883	117
22	21884	117
22	21885	118
22	21886	118
22	21887	118
22	21888	118
22	21889	116
22	21890	118
22	21891	118
22	21892	118
22	21893	118
22	21894	111
22	21895	111
22	21896	112
22	21897	112
22	21898	113
22	21899	111
22	21900	113
22	21901	112
22	21902	111
22	21903	109
22	21904	108
22	21905	104
22	21906	115
22	21907	114
22	21908	114
22	21909	114
22	21910	113
22	21911	112
22	21912	112
22	21913	110
22	21914	107
22	21915	110
22	21916	111
22	21917	107
22	21918	108
22	21919	108
22	21920	110
22	21921	110
22	21922	110
22	21923	110
22	21924	109
22	21925	111
22	21926	111
22	21927	112
22	21928	111
22	21929	108
22	21930	109
22	21931	111
22	21932	111
22	21933	108
22	21934	108
22	21935	107
22	21936	107
22	21937	108
22	21938	110
22	21939	109
22	21940	107
22	21941	107
22	21942	108
22	21943	104
22	21944	102
22	21945	101
22	21946	97
22	21947	97
22	21948	97
22	21949	97
22	21950	97
22	21951	94
22	21952	94
22	21953	94
22	21954	94
22	21955	93
22	21956	94
22	21957	93
22	21958	92
22	21959	89
22	21960	89
22	21961	89
22	21962	90
22	21963	96
22	21964	97
22	21965	98
22	21966	97
22	21967	99
22	21968	97
22	21969	97
22	21970	97
22	21971	97
22	21972	100
22	21973	97
22	21974	96
22	21975	96
22	21976	88
22	21977	84
22	21978	91
22	21979	92
22	21980	92
22	21981	92
22	21982	92
22	21983	94
22	21984	94
22	21985	94
22	21986	94
22	21987	95
22	21988	94
22	21989	95
22	21990	95
22	21991	93
22	21992	93
22	21993	93
22	21994	93
22	21995	93
22	21996	93
22	21997	93
22	21998	93
22	21999	93
22	22000	91
22	22001	94
22	22002	94
22	22003	94
22	22004	96
22	22005	96
22	22006	96
22	22007	94
22	22008	94
22	22009	94
22	22010	94
22	22011	93
22	22012	93
22	22013	93
22	22014	88
22	22015	90
22	22016	89
22	22017	89
22	22018	89
22	22019	91
22	22020	93
22	22021	94
22	22022	94
22	22023	94
22	22024	89
22	22025	89
22	22026	90
22	22027	91
22	22028	91
22	22029	91
22	22030	90
22	22031	90
22	22032	92
22	22033	92
22	22034	92
22	22035	92
22	22036	93
22	22037	94
22	22038	96
22	22039	96
22	22040	96
22	22041	96
22	22042	96
22	22043	95
22	22044	95
22	22045	95
22	22046	94
22	22047	93
22	22048	93
22	22049	97
22	22050	96
22	22051	96
22	22052	96
22	22053	99
22	22054	96
22	22055	96
22	22056	97
22	22057	97
22	22058	96
22	22059	97
22	22060	97
22	22061	98
22	22062	99
22	22063	99
22	22064	100
22	22065	100
22	22066	100
22	22067	97
22	22068	97
22	22069	95
22	22070	95
22	22071	96
22	22072	97
22	22073	98
22	22074	98
22	22075	95
22	22076	95
22	22077	95
22	22078	96
22	22079	98
22	22080	96
22	22081	95
22	22082	96
22	22083	97
22	22084	97
22	22085	97
22	22086	96
22	22087	94
22	22088	93
22	22089	93
22	22090	93
22	22091	93
22	22092	93
22	22093	96
22	22094	100
22	22095	100
22	22096	102
22	22097	102
22	22098	106
22	22099	106
22	22100	108
22	22101	111
22	22102	111
22	22103	114
22	22104	114
22	22105	114
22	22106	113
22	22107	112
22	22108	112
22	22109	112
22	22110	112
22	22111	112
22	22112	104
22	22113	104
22	22114	102
22	22115	102
22	22116	100
22	22117	100
22	22118	106
22	22119	106
22	22120	108
22	22121	107
22	22122	108
22	22123	108
22	22124	109
22	22125	109
22	22126	109
22	22127	102
22	22128	105
22	22129	105
22	22130	108
22	22131	108
22	22132	103
22	22133	103
22	22134	103
22	22135	105
22	22136	106
22	22137	105
22	22138	107
22	22139	107
22	22140	108
22	22141	104
22	22142	104
22	22143	102
22	22144	99
22	22145	99
22	22146	99
22	22147	99
22	22148	101
22	22149	101
22	22150	101
22	22151	98
22	22152	98
22	22153	98
22	22154	97
22	22155	97
22	22156	97
22	22157	97
22	22158	100
22	22159	100
22	22160	100
22	22161	100
22	22162	100
22	22163	109
22	22164	107
22	22165	107
22	22166	107
22	22167	107
22	22168	105
22	22169	104
22	22170	104
22	22171	106
22	22172	106
22	22173	105
22	22174	105
22	22175	105
22	22176	104
22	22177	102
22	22178	102
22	22179	102
22	22180	102
22	22181	101
22	22182	101
22	22183	101
22	22184	101
22	22185	101
22	22186	100
22	22187	102
22	22188	101
22	22189	101
22	22190	101
22	22191	99
22	22192	101
22	22193	101
22	22194	101
22	22195	101
22	22196	103
22	22197	104
22	22198	103
22	22199	99
22	22200	99
22	22201	99
22	22202	96
22	22203	96
22	22204	94
22	22205	94
22	22206	95
22	22207	97
22	22208	100
22	22209	99
22	22210	100
22	22211	101
22	22212	100
22	22213	100
22	22214	97
22	22215	98
22	22216	97
22	22217	97
22	22218	98
22	22219	98
22	22220	98
22	22221	96
22	22222	96
22	22223	96
22	22224	99
22	22225	98
22	22226	98
22	22227	99
22	22228	97
22	22229	98
22	22230	97
22	22231	97
22	22232	99
22	22233	99
22	22234	102
22	22235	107
22	22236	110
22	22237	115
22	22238	115
22	22239	115
22	22240	118
22	22241	117
22	22242	119
22	22243	117
22	22244	115
22	22245	115
22	22246	113
22	22247	113
22	22248	109
22	22249	109
22	22250	109
22	22251	104
22	22252	104
22	22253	102
22	22254	103
22	22255	103
22	22256	104
22	22257	104
22	22258	107
22	22259	108
22	22260	110
22	22261	110
22	22262	110
22	22263	108
22	22264	107
22	22265	111
22	22266	111
22	22267	107
22	22268	106
22	22269	106
22	22270	104
22	22271	104
22	22272	102
22	22273	102
22	22274	103
22	22275	104
22	22276	100
22	22277	100
22	22278	100
22	22279	99
22	22280	100
22	22281	100
22	22282	100
22	22283	100
22	22284	100
22	22285	98
22	22286	98
22	22287	99
22	22288	97
22	22289	96
22	22290	98
22	22291	98
22	22292	98
22	22293	98
22	22294	98
22	22295	100
22	22296	101
22	22297	99
22	22298	99
22	22299	100
22	22300	100
22	22301	100
22	22302	102
22	22303	102
22	22304	108
22	22305	107
22	22306	109
22	22307	109
22	22308	106
22	22309	106
22	22310	109
22	22311	109
22	22312	105
22	22313	100
22	22314	100
22	22315	101
22	22316	102
22	22317	102
22	22318	104
22	22319	107
22	22320	107
22	22321	106
22	22322	111
22	22323	111
22	22324	111
22	22325	111
22	22326	116
22	22327	119
22	22328	119
22	22329	119
22	22330	119
22	22331	118
22	22332	121
22	22333	126
22	22334	128
22	22335	128
22	22336	129
22	22337	128
22	22338	128
22	22339	129
22	22340	129
22	22341	129
22	22342	131
22	22343	135
22	22344	135
22	22345	135
22	22346	133
22	22347	132
22	22348	132
22	22349	132
22	22350	132
22	22351	132
22	22352	132
22	22353	131
22	22354	132
22	22355	132
22	22356	131
22	22357	129
22	22358	133
22	22359	132
22	22360	132
22	22361	132
22	22362	131
22	22363	131
22	22364	131
22	22365	130
22	22366	130
22	22367	129
22	22368	131
22	22369	132
22	22370	132
22	22371	132
22	22372	133
22	22373	130
22	22374	131
22	22375	131
22	22376	133
22	22377	131
22	22378	131
22	22379	131
22	22380	131
22	22381	131
22	22382	129
22	22383	128
22	22384	125
22	22385	120
22	22386	120
22	22387	114
22	22388	115
22	22389	115
22	22390	112
22	22391	110
22	22392	109
22	22393	109
22	22394	110
22	22395	111
22	22396	113
22	22397	113
22	22398	114
22	22399	115
22	22400	119
22	22401	119
22	22402	119
22	22403	118
22	22404	117
22	22405	116
22	22406	117
22	22407	114
22	22408	114
22	22409	113
22	22410	111
22	22411	111
22	22412	112
22	22413	110
22	22414	109
22	22415	110
22	22416	110
22	22417	110
22	22418	110
22	22419	110
22	22420	110
22	22421	111
22	22422	111
22	22423	111
22	22424	109
22	22425	109
22	22426	110
22	22427	110
22	22428	111
22	22429	109
22	22430	109
22	22431	109
22	22432	110
22	22433	110
22	22434	113
22	22435	113
22	22436	113
22	22437	113
22	22438	113
22	22439	113
22	22440	111
22	22441	111
22	22442	111
22	22443	113
22	22444	121
22	22445	118
22	22446	118
22	22447	118
22	22448	118
22	22449	117
22	22450	116
22	22451	118
22	22452	116
22	22453	116
22	22454	114
22	22455	113
22	22456	113
22	22457	113
22	22458	113
22	22459	112
22	22460	113
22	22461	116
22	22462	116
22	22463	122
22	22464	124
22	22465	122
22	22466	125
22	22467	126
22	22468	124
22	22469	121
22	22470	122
22	22471	121
22	22472	118
22	22473	118
22	22474	118
22	22475	113
22	22476	113
22	22477	114
22	22478	118
22	22479	118
22	22480	116
22	22481	110
22	22482	116
22	22483	114
22	22484	112
22	22485	113
22	22486	110
22	22487	111
22	22488	113
22	22489	112
22	22490	112
22	22491	110
22	22492	110
22	22493	110
22	22494	110
22	22495	111
22	22496	112
22	22497	112
22	22498	119
22	22499	119
22	22500	119
22	22501	118
22	22502	118
22	22503	118
22	22504	118
22	22505	118
22	22506	118
22	22507	114
22	22508	114
22	22509	117
22	22510	117
22	22511	116
22	22512	117
22	22513	118
22	22514	118
22	22515	118
22	22516	117
22	22517	117
22	22518	114
22	22519	114
22	22520	117
22	22521	116
22	22522	117
22	22523	115
22	22524	115
22	22525	115
22	22526	115
22	22527	115
22	22528	116
22	22529	115
22	22530	115
22	22531	115
22	22532	115
22	22533	115
22	22534	114
22	22535	113
22	22536	113
22	22537	113
22	22538	113
22	22539	113
22	22540	113
22	22541	116
22	22542	116
22	22543	116
22	22544	115
22	22545	114
22	22546	112
22	22547	112
22	22548	110
22	22549	110
22	22550	108
22	22551	108
22	22552	108
22	22553	108
22	22554	108
22	22555	107
22	22556	107
22	22557	109
22	22558	110
22	22559	111
22	22560	111
22	22561	110
22	22562	113
22	22563	112
22	22564	112
22	22565	111
22	22566	113
22	22567	120
22	22568	120
22	22569	120
22	22570	120
22	22571	118
22	22572	118
22	22573	118
22	22574	122
22	22575	120
22	22576	119
22	22577	120
22	22578	119
22	22579	119
22	22580	119
22	22581	117
22	22582	117
22	22583	118
22	22584	115
22	22585	115
22	22586	114
22	22587	113
22	22588	113
22	22589	113
22	22590	113
22	22591	113
22	22592	111
22	22593	111
22	22594	103
22	22595	103
22	22596	110
22	22597	110
22	22598	111
22	22599	111
22	22600	110
22	22601	111
22	22602	110
22	22603	106
22	22604	106
22	22605	105
22	22606	105
22	22607	105
22	22608	105
22	22609	106
22	22610	105
22	22611	105
22	22612	99
22	22613	94
22	22614	94
22	22615	94
22	22616	94
22	22617	93
22	22618	93
22	22619	93
22	22620	91
22	22621	91
22	22622	90
22	22623	90
22	22624	91
22	22625	91
22	22626	91
22	22627	95
22	22628	91
22	22629	92
22	22630	92
22	22631	90
22	22632	90
22	22633	90
22	22634	91
22	22635	90
22	22636	91
22	22637	91
22	22638	89
22	22639	93
22	22640	93
22	22641	93
22	22642	93
22	22643	93
22	22644	93
22	22645	91
22	22646	91
22	22647	87
22	22648	84
22	22649	90
22	22650	90
22	22651	90
22	22652	90
22	22653	90
22	22654	90
22	22655	90
22	22656	89
22	22657	89
22	22658	86
22	22659	86
22	22660	86
22	22661	85
22	22662	85
22	22663	84
22	22664	84
22	22665	85
22	22666	85
22	22667	87
22	22668	87
22	22669	87
22	22670	84
22	22671	83
22	22672	83
22	22673	82
22	22674	82
22	22675	82
22	22676	82
22	22677	82
22	22678	81
22	22679	81
22	22680	81
22	22681	81
22	22682	83
22	22683	83
22	22684	83
22	22685	83
22	22686	83
22	22687	83
22	22688	83
22	22689	82
22	22690	82
22	22691	80
22	22692	81
22	22693	81
22	22694	81
22	22695	90
22	22696	92
22	22697	94
22	22698	94
22	22699	92
22	22700	94
22	22701	94
22	22702	94
22	22703	95
22	22704	96
22	22705	97
22	22706	97
22	22707	95
22	22708	96
22	22709	95
22	22710	95
22	22711	96
22	22712	95
22	22713	97
22	22714	97
22	22715	97
22	22716	90
22	22717	90
22	22718	90
22	22719	89
22	22720	89
22	22721	89
22	22722	89
22	22723	89
22	22724	84
22	22725	82
22	22726	82
22	22727	82
22	22728	83
22	22729	83
22	22730	86
22	22731	89
22	22732	90
22	22733	89
22	22734	93
22	22735	94
22	22736	90
22	22737	89
22	22738	90
22	22739	90
22	22740	90
22	22741	90
22	22742	87
22	22743	86
22	22744	86
22	22745	86
22	22746	88
22	22747	88
22	22748	88
22	22749	87
22	22750	86
22	22751	88
22	22752	90
22	22753	90
22	22754	90
22	22755	90
22	22756	91
22	22757	91
22	22758	88
22	22759	88
22	22760	88
22	22761	89
22	22762	91
22	22763	91
22	22764	90
22	22765	90
22	22766	90
22	22767	90
22	22768	90
22	22769	90
22	22770	90
22	22771	89
22	22772	89
22	22773	93
22	22774	92
22	22775	92
22	22776	90
22	22777	89
22	22778	92
22	22779	91
22	22780	91
22	22781	91
22	22782	91
22	22783	91
22	22784	90
22	22785	90
22	22786	91
22	22787	90
22	22788	89
22	22789	87
22	22790	89
22	22791	93
22	22792	93
22	22793	101
22	22794	101
22	22795	102
22	22796	109
22	22797	109
22	22798	112
22	22799	108
22	22800	110
22	22801	110
22	22802	110
22	22803	112
22	22804	114
22	22805	114
22	22806	114
22	22807	114
22	22808	114
22	22809	119
22	22810	119
22	22811	119
22	22812	118
22	22813	118
22	22814	119
22	22815	118
22	22816	118
22	22817	117
22	22818	117
22	22819	119
22	22820	120
22	22821	120
22	22822	120
22	22823	120
22	22824	120
22	22825	120
22	22826	121
22	22827	121
22	22828	121
22	22829	121
22	22830	122
22	22831	122
22	22832	122
22	22833	125
22	22834	126
22	22835	126
22	22836	131
22	22837	131
22	22838	131
22	22839	129
22	22840	129
22	22841	130
22	22842	130
22	22843	132
22	22844	135
22	22845	124
22	22846	124
22	22847	124
22	22848	124
22	22849	124
22	22850	122
22	22851	122
22	22852	124
22	22853	126
22	22854	125
22	22855	125
22	22856	124
22	22857	124
22	22858	125
22	22859	125
22	22860	124
22	22861	121
22	22862	121
22	22863	120
22	22864	120
22	22865	121
22	22866	120
22	22867	120
22	22868	119
22	22869	122
22	22870	124
22	22871	124
22	22872	124
22	22873	124
22	22874	124
22	22875	123
22	22876	123
22	22877	122
22	22878	122
22	22879	120
22	22880	119
22	22881	119
22	22882	118
22	22883	113
22	22884	113
22	22885	113
22	22886	113
22	22887	113
22	22888	113
22	22889	114
22	22890	113
22	22891	112
22	22892	112
22	22893	111
22	22894	110
22	22895	116
22	22896	112
22	22897	112
22	22898	111
22	22899	111
22	22900	110
22	22901	109
22	22902	109
22	22903	109
22	22904	109
22	22905	108
22	22906	109
22	22907	110
22	22908	110
22	22909	110
22	22910	110
22	22911	108
22	22912	107
22	22913	107
22	22914	108
22	22915	108
22	22916	109
22	22917	110
22	22918	108
22	22919	108
22	22920	107
22	22921	107
22	22922	101
22	22923	101
22	22924	101
22	22925	101
22	22926	100
22	22927	99
22	22928	98
22	22929	97
22	22930	97
22	22931	97
22	22932	97
22	22933	97
22	22934	97
22	22935	95
22	22936	95
22	22937	94
22	22938	94
22	22939	94
22	22940	93
22	22941	92
22	22942	92
22	22943	85
22	22944	85
22	22945	86
22	22946	80
22	22947	79
22	22948	77
22	22949	80
22	22950	79
22	22951	79
22	22952	78
22	22953	77
22	22954	75
22	22955	75
22	22956	75
22	22957	77
22	22958	73
22	22959	73
22	22960	74
22	22961	75
22	22962	75
22	22963	75
22	22964	73
22	22965	73
22	22966	74
22	22967	74
22	22968	74
22	22969	73
22	22970	72
22	22971	76
22	22972	76
22	22973	77
22	22974	78
22	22975	77
22	22976	77
22	22977	77
22	22978	77
22	22979	77
22	22980	76
22	22981	76
22	22982	75
22	22983	71
22	22984	71
22	22985	69
22	22986	69
22	22987	68
22	22988	69
22	22989	72
22	22990	72
22	22991	73
22	22992	73
22	22993	72
22	22994	72
22	22995	72
22	22996	73
22	22997	73
22	22998	73
22	22999	73
22	23000	71
22	23001	70
22	23002	69
22	23003	67
22	23004	66
22	23005	66
22	23006	66
22	23007	65
22	23008	67
22	23009	67
22	23010	69
22	23011	70
22	23012	69
22	23013	69
22	23014	69
22	23015	69
22	23016	69
22	23017	69
22	23018	69
22	23019	64
22	23020	65
22	23021	66
22	23022	68
22	23023	70
22	23024	71
22	23025	71
22	23026	71
22	23027	71
22	23028	71
22	23029	71
22	23030	71
22	23031	68
22	23032	72
22	23033	72
22	23034	72
22	23035	72
22	23036	72
22	23037	71
22	23038	71
22	23039	71
22	23040	66
22	23041	68
22	23042	68
22	23043	68
22	23044	69
22	23045	67
22	23046	67
22	23047	67
22	23048	69
22	23049	65
22	23050	63
22	23051	64
22	23052	59
22	23053	61
22	23054	63
22	23055	65
22	23056	65
22	23057	62
22	23058	61
22	23059	61
22	23060	60
22	23061	60
22	23062	59
22	23063	59
22	23064	59
22	23065	57
22	23066	57
22	23067	57
22	23068	58
22	23069	58
22	23070	58
22	23071	58
22	23072	58
22	23073	58
22	23074	58
22	23075	58
22	23076	58
22	23077	58
22	23078	58
22	23079	58
22	23080	58
22	23081	58
22	23082	58
22	23083	58
22	23084	59
22	23085	59
22	23086	59
22	23087	61
22	23088	61
22	23089	62
22	23090	60
22	23091	60
22	23092	60
22	23093	58
22	23094	57
22	23095	57
22	23096	57
22	23097	58
22	23098	58
22	23099	58
22	23100	53
22	23101	54
22	23102	54
22	23103	54
22	23104	57
22	23105	57
22	23106	57
22	23107	59
22	23108	59
22	23109	59
22	23110	59
22	23111	59
22	23112	60
22	23113	60
22	23114	61
22	23115	61
22	23116	61
22	23117	61
22	23118	61
22	23119	61
22	23120	62
22	23121	58
22	23122	58
22	23123	56
22	23124	56
22	23125	58
22	23126	64
22	23127	65
22	23128	65
22	23129	65
22	23130	65
22	23131	69
22	23132	69
22	23133	63
22	23134	63
22	23135	63
22	23136	64
22	23137	65
22	23138	65
22	23139	65
22	23140	65
22	23141	68
22	23142	68
22	23143	69
22	23144	68
22	23145	68
22	23146	67
22	23147	66
22	23148	69
22	23149	69
22	23150	69
22	23151	69
22	23152	69
22	23153	69
22	23154	69
22	23155	69
22	23156	78
22	23157	78
22	23158	76
22	23159	77
22	23160	75
22	23161	75
22	23162	76
22	23163	76
22	23164	77
22	23165	77
22	23166	77
22	23167	77
22	23168	76
22	23169	78
22	23170	79
22	23171	77
22	23172	79
22	23173	77
22	23174	77
22	23175	77
22	23176	77
22	23177	77
22	23178	76
22	23179	78
22	23180	80
22	23181	80
22	23182	80
22	23183	82
22	23184	83
22	23185	86
22	23186	86
22	23187	86
22	23188	86
22	23189	89
22	23190	90
22	23191	89
22	23192	89
22	23193	88
22	23194	89
22	23195	89
22	23196	90
22	23197	90
22	23198	89
22	23199	90
22	23200	90
22	23201	90
22	23202	90
22	23203	90
22	23204	87
22	23205	86
22	23206	86
22	23207	86
22	23208	85
22	23209	85
22	23210	85
22	23211	88
22	23212	88
22	23213	88
22	23214	86
22	23215	88
22	23216	88
22	23217	92
22	23218	94
22	23219	94
22	23220	94
22	23221	94
22	23222	94
22	23223	91
22	23224	96
22	23225	99
22	23226	102
22	23227	102
22	23228	102
22	23229	103
22	23230	104
22	23231	104
22	23232	104
22	23233	103
22	23234	109
22	23235	109
22	23236	110
22	23237	108
22	23238	108
22	23239	107
22	23240	111
22	23241	112
22	23242	112
22	23243	112
22	23244	110
22	23245	111
22	23246	111
22	23247	109
22	23248	109
22	23249	109
22	23250	109
22	23251	108
22	23252	109
22	23253	109
22	23254	107
22	23255	107
22	23256	107
22	23257	105
22	23258	105
22	23259	106
22	23260	106
22	23261	106
22	23262	105
22	23263	105
22	23264	103
22	23265	103
22	23266	103
22	23267	103
22	23268	103
22	23269	102
22	23270	102
22	23271	102
22	23272	102
22	23273	102
22	23274	102
22	23275	103
22	23276	95
22	23277	95
22	23278	95
22	23279	95
22	23280	94
22	23281	95
22	23282	95
22	23283	95
22	23284	95
22	23285	95
22	23286	94
22	23287	93
22	23288	93
22	23289	93
22	23290	92
22	23291	90
22	23292	90
22	23293	90
22	23294	90
22	23295	90
22	23296	90
22	23297	92
22	23298	92
22	23299	92
22	23300	92
22	23301	92
22	23302	92
22	23303	92
22	23304	92
22	23305	92
22	23306	85
22	23307	85
22	23308	85
22	23309	85
22	23310	84
22	23311	88
22	23312	87
22	23313	86
22	23314	86
22	23315	86
22	23316	87
22	23317	87
22	23318	87
22	23319	87
22	23320	87
22	23321	87
22	23322	87
22	23323	87
22	23324	89
22	23325	89
22	23326	89
22	23327	89
22	23328	89
22	23329	87
22	23330	86
22	23331	84
22	23332	84
22	23333	82
22	23334	82
22	23335	82
22	23336	82
22	23337	82
22	23338	80
22	23339	80
22	23340	81
22	23341	80
22	23342	80
22	23343	80
22	23344	80
22	23345	81
22	23346	81
22	23347	81
22	23348	79
22	23349	79
22	23350	80
22	23351	79
22	23352	79
22	23353	79
22	23354	79
22	23355	80
22	23356	80
22	23357	80
22	23358	80
22	23359	77
22	23360	77
22	23361	76
22	23362	79
22	23363	79
22	23364	76
22	23365	76
22	23366	76
22	23367	74
22	23368	74
22	23369	73
22	23370	73
22	23371	73
22	23372	73
22	23373	73
22	23374	74
22	23375	75
22	23376	73
22	23377	73
22	23378	72
22	23379	71
22	23380	71
22	23381	73
22	23382	73
22	23383	68
22	23384	67
22	23385	67
22	23386	66
22	23387	64
22	23388	64
22	23389	64
22	23390	60
22	23391	58
22	23392	58
22	23393	58
22	23394	58
22	23395	58
22	23396	58
22	23397	58
22	23398	72
22	23399	76
22	23400	76
22	23401	80
22	23402	80
22	23403	80
22	23404	80
22	23405	80
22	23406	82
22	23407	82
22	23408	79
22	23409	79
22	23410	78
22	23411	78
22	23412	79
22	23413	79
22	23414	79
22	23415	79
22	23416	81
22	23417	81
22	23418	78
22	23419	78
22	23420	79
22	23421	80
22	23422	80
22	23423	80
22	23424	79
22	23425	78
22	23426	78
22	23427	79
22	23428	79
22	23429	69
22	23430	69
22	23431	69
22	23432	69
22	23433	69
22	23434	70
22	23435	70
22	23436	71
22	23437	71
22	23438	71
22	23439	70
22	23440	70
22	23441	70
22	23442	70
22	23443	72
22	23444	72
22	23445	71
22	23446	71
22	23447	68
22	23448	75
22	23449	76
22	23450	78
22	23451	78
22	23452	78
22	23453	78
22	23454	78
22	23455	79
22	23456	79
22	23457	75
22	23458	75
22	23459	76
22	23460	79
22	23461	79
22	23462	78
22	23463	78
22	23464	77
22	23465	77
22	23466	81
22	23467	81
22	23468	81
22	23469	80
22	23470	80
22	23471	81
22	23472	82
22	23473	80
22	23474	80
22	23475	80
22	23476	81
22	23477	81
22	23478	81
22	23479	80
22	23480	80
22	23481	81
22	23482	83
22	23483	83
22	23484	82
22	23485	78
22	23486	78
22	23487	77
22	23488	77
22	23489	76
22	23490	76
22	23491	84
22	23492	84
22	23493	85
22	23494	86
22	23495	85
22	23496	85
22	23497	86
22	23498	88
22	23499	88
22	23500	89
22	23501	88
22	23502	89
22	23503	94
22	23504	94
22	23505	91
22	23506	92
22	23507	92
22	23508	91
22	23509	95
22	23510	97
22	23511	100
22	23512	101
22	23513	101
22	23514	101
22	23515	102
22	23516	102
22	23517	105
22	23518	107
22	23519	108
22	23520	104
22	23521	106
22	23522	106
22	23523	106
22	23524	108
22	23525	108
22	23526	108
22	23527	108
22	23528	107
22	23529	106
22	23530	109
22	23531	112
22	23532	112
22	23533	112
22	23534	112
22	23535	113
22	23536	116
22	23537	116
22	23538	116
22	23539	114
22	23540	114
22	23541	115
22	23542	122
22	23543	122
22	23544	122
22	23545	122
22	23546	124
22	23547	125
22	23548	123
22	23549	120
22	23550	118
22	23551	116
22	23552	117
22	23553	116
22	23554	116
22	23555	116
22	23556	116
22	23557	117
22	23558	117
22	23559	118
22	23560	118
22	23561	117
22	23562	118
22	23563	119
22	23564	119
22	23565	116
22	23566	115
22	23567	116
22	23568	117
22	23569	115
22	23570	115
22	23571	115
22	23572	115
22	23573	119
22	23574	119
22	23575	119
22	23576	117
22	23577	117
22	23578	117
22	23579	117
22	23580	115
22	23581	115
22	23582	115
22	23583	115
22	23584	115
22	23585	115
22	23586	114
22	23587	114
22	23588	117
22	23589	117
22	23590	117
22	23591	117
22	23592	117
22	23593	116
22	23594	115
22	23595	117
22	23596	117
22	23597	110
22	23598	110
22	23599	110
22	23600	108
22	23601	108
22	23602	109
22	23603	107
22	23604	106
22	23605	106
22	23606	106
22	23607	105
22	23608	106
22	23609	105
22	23610	103
22	23611	105
22	23612	104
22	23613	105
22	23614	105
22	23615	100
22	23616	100
22	23617	100
22	23618	102
22	23619	101
22	23620	103
22	23621	102
22	23622	103
22	23623	102
22	23624	102
22	23625	101
22	23626	101
22	23627	102
22	23628	102
22	23629	102
22	23630	102
22	23631	100
22	23632	110
22	23633	110
22	23634	110
22	23635	110
22	23636	109
22	23637	112
22	23638	113
22	23639	113
22	23640	110
22	23641	105
22	23642	106
22	23643	109
22	23644	108
22	23645	107
22	23646	107
22	23647	109
22	23648	107
22	23649	107
22	23650	107
22	23651	107
22	23652	101
22	23653	104
22	23654	106
22	23655	105
22	23656	105
22	23657	107
22	23658	107
22	23659	107
22	23660	106
22	23661	104
22	23662	103
22	23663	104
22	23664	105
22	23665	104
22	23666	106
22	23667	106
22	23668	105
22	23669	103
22	23670	103
22	23671	102
22	23672	102
22	23673	102
22	23674	100
22	23675	101
22	23676	105
22	23677	115
22	23678	115
22	23679	111
22	23680	111
22	23681	109
22	23682	109
22	23683	113
22	23684	113
22	23685	114
22	23686	114
22	23687	114
22	23688	117
22	23689	117
22	23690	117
22	23691	116
22	23692	111
22	23693	111
22	23694	111
22	23695	111
22	23696	110
22	23697	111
22	23698	119
22	23699	126
22	23700	128
22	23701	128
22	23702	128
22	23703	127
22	23704	127
22	23705	128
22	23706	130
22	23707	130
22	23708	129
22	23709	129
22	23710	129
22	23711	127
22	23712	127
22	23713	127
22	23714	127
22	23715	127
22	23716	126
22	23717	125
22	23718	126
22	23719	128
22	23720	133
22	23721	133
22	23722	136
22	23723	132
22	23724	137
22	23725	137
22	23726	137
22	23727	137
22	23728	136
22	23729	137
22	23730	138
22	23731	139
22	23732	140
22	23733	141
22	23734	141
22	23735	147
22	23736	148
22	23737	148
22	23738	145
22	23739	145
22	23740	145
22	23741	145
22	23742	151
22	23743	153
22	23744	152
22	23745	152
22	23746	153
22	23747	154
22	23748	155
22	23749	153
22	23750	155
22	23751	155
22	23752	160
22	23753	163
22	23754	164
22	23755	165
22	23756	165
22	23757	165
22	23758	166
22	23759	166
22	23760	166
22	23761	166
22	23762	166
22	23763	166
22	23764	166
22	23765	166
22	23766	166
22	23767	174
22	23768	172
22	23769	172
22	23770	170
22	23771	170
22	23772	170
22	23773	170
22	23774	172
22	23775	172
22	23776	171
22	23777	170
22	23778	170
22	23779	171
22	23780	171
22	23781	172
22	23782	162
22	23783	162
22	23784	163
22	23785	163
22	23786	164
22	23787	165
22	23788	164
22	23789	164
22	23790	164
22	23791	164
22	23792	164
22	23793	160
22	23794	160
22	23795	160
22	23796	158
22	23797	157
22	23798	157
22	23799	161
22	23800	161
22	23801	161
22	23802	158
22	23803	156
22	23804	157
22	23805	157
22	23806	157
22	23807	155
22	23808	153
22	23809	152
22	23810	151
22	23811	151
22	23812	152
22	23813	152
22	23814	151
22	23815	151
22	23816	149
22	23817	146
22	23818	146
22	23819	146
22	23820	146
22	23821	145
22	23822	145
22	23823	147
22	23824	148
22	23825	146
22	23826	142
22	23827	143
22	23828	143
22	23829	143
22	23830	143
22	23831	143
22	23832	143
22	23833	143
22	23834	139
22	23835	137
22	23836	137
22	23837	138
22	23838	138
22	23839	138
22	23840	140
22	23841	140
22	23842	139
22	23843	139
22	23844	139
22	23845	140
22	23846	138
22	23847	136
22	23848	130
22	23849	120
22	23850	120
22	23851	125
22	23852	130
22	23853	130
22	23854	130
22	23855	129
22	23856	128
22	23857	127
22	23858	127
22	23859	127
22	23860	127
22	23861	129
22	23862	129
22	23863	131
22	23864	133
22	23865	133
22	23866	134
22	23867	134
22	23868	134
22	23869	133
22	23870	130
22	23871	131
22	23872	128
22	23873	130
22	23874	126
22	23875	126
22	23876	126
22	23877	129
22	23878	129
22	23879	128
22	23880	128
22	23881	127
22	23882	134
22	23883	138
22	23884	140
22	23885	134
22	23886	139
22	23887	142
22	23888	142
22	23889	144
22	23890	145
22	23891	140
22	23892	140
22	23893	137
22	23894	140
22	23895	139
22	23896	139
22	23897	141
22	23898	140
22	23899	140
22	23900	138
22	23901	138
22	23902	132
22	23903	129
22	23904	129
22	23905	128
22	23906	129
22	23907	129
22	23908	130
22	23909	128
22	23910	128
22	23911	127
22	23912	126
22	23913	127
22	23914	128
22	23915	130
22	23916	129
22	23917	122
22	23918	123
22	23919	122
22	23920	122
22	23921	123
22	23922	123
22	23923	124
22	23924	122
22	23925	122
22	23926	123
22	23927	122
22	23928	123
22	23929	125
22	23930	127
22	23931	128
22	23932	128
22	23933	129
22	23934	128
22	23935	127
22	23936	124
22	23937	123
22	23938	125
22	23939	125
22	23940	125
22	23941	125
22	23942	124
22	23943	125
22	23944	125
22	23945	125
22	23946	125
22	23947	128
22	23948	128
22	23949	123
22	23950	123
22	23951	122
22	23952	122
22	23953	123
22	23954	125
22	23955	126
22	23956	125
22	23957	125
22	23958	126
22	23959	126
22	23960	127
22	23961	130
22	23962	129
22	23963	130
22	23964	130
22	23965	130
22	23966	130
22	23967	131
22	23968	132
22	23969	132
22	23970	132
22	23971	132
22	23972	133
22	23973	131
22	23974	130
22	23975	122
22	23976	122
22	23977	122
22	23978	122
22	23979	122
22	23980	124
22	23981	126
22	23982	127
22	23983	125
22	23984	123
22	23985	124
22	23986	123
22	23987	122
22	23988	122
22	23989	122
22	23990	120
22	23991	120
22	23992	120
22	23993	120
22	23994	120
22	23995	120
22	23996	124
22	23997	124
22	23998	124
22	23999	128
22	24000	124
22	24001	122
22	24002	122
22	24003	121
22	24004	121
22	24005	121
22	24006	121
22	24007	121
22	24008	121
22	24009	123
22	24010	123
22	24011	121
22	24012	120
22	24013	119
22	24014	118
22	24015	124
22	24016	124
22	24017	125
22	24018	125
22	24019	125
22	24020	126
22	24021	127
22	24022	127
22	24023	125
22	24024	125
22	24025	125
22	24026	125
22	24027	122
22	24028	127
22	24029	127
22	24030	119
22	24031	119
22	24032	116
22	24033	116
22	24034	113
22	24035	114
22	24036	108
22	24037	105
22	24038	105
22	24039	104
22	24040	104
22	24041	103
22	24042	103
22	24043	104
22	24044	101
22	24045	101
22	24046	101
22	24047	99
22	24048	99
22	24049	100
22	24050	100
22	24051	100
22	24052	99
22	24053	100
22	24054	108
22	24055	108
22	24056	107
22	24057	105
22	24058	105
22	24059	106
22	24060	107
22	24061	107
22	24062	107
22	24063	105
22	24064	105
22	24065	103
22	24066	103
22	24067	103
22	24068	100
22	24069	100
22	24070	100
22	24071	100
22	24072	102
22	24073	101
22	24074	105
22	24075	104
22	24076	104
22	24077	104
22	24078	101
22	24079	101
22	24080	99
22	24081	97
22	24082	97
22	24083	96
22	24084	96
22	24085	100
22	24086	98
22	24087	98
22	24088	98
22	24089	97
22	24090	97
22	24091	97
22	24092	97
22	24093	97
22	24094	99
22	24095	99
22	24096	98
22	24097	98
22	24098	99
22	24099	99
22	24100	99
22	24101	99
22	24102	100
22	24103	100
22	24104	99
22	24105	99
22	24106	98
22	24107	98
22	24108	98
22	24109	98
22	24110	97
22	24111	95
22	24112	94
22	24113	94
22	24114	94
22	24115	94
22	24116	94
22	24117	94
22	24118	94
22	24119	95
22	24120	96
22	24121	100
22	24122	99
22	24123	100
22	24124	100
22	24125	100
22	24126	101
22	24127	101
22	24128	101
22	24129	101
22	24130	99
22	24131	97
22	24132	96
22	24133	96
22	24134	94
22	24135	94
22	24136	96
22	24137	96
22	24138	96
22	24139	97
22	24140	96
22	24141	95
22	24142	96
22	24143	95
22	24144	93
22	24145	90
22	24146	91
22	24147	91
22	24148	91
22	24149	89
22	24150	87
22	24151	88
22	24152	85
22	24153	85
22	24154	85
22	24155	87
22	24156	88
22	24157	89
22	24158	87
22	24159	88
22	24160	89
22	24161	88
22	24162	91
22	24163	91
22	24164	82
22	24165	82
22	24166	82
22	24167	80
22	24168	81
22	24169	84
22	24170	84
22	24171	86
22	24172	86
22	24173	85
22	24174	85
22	24175	87
22	24176	88
22	24177	87
22	24178	82
22	24179	83
22	24180	83
22	24181	83
22	24182	82
22	24183	88
22	24184	88
22	24185	88
22	24186	88
22	24187	86
22	24188	91
22	24189	92
22	24190	92
22	24191	92
22	24192	92
22	24193	93
22	24194	94
22	24195	95
22	24196	96
22	24197	97
22	24198	98
22	24199	98
22	24200	98
22	24201	99
22	24202	95
22	24203	93
22	24204	90
22	24205	90
22	24206	90
22	24207	91
22	24208	90
22	24209	89
22	24210	89
22	24211	89
22	24212	89
22	24213	89
22	24214	89
22	24215	89
22	24216	89
22	24217	89
22	24218	89
22	24219	88
22	24220	88
22	24221	88
22	24222	86
22	24223	86
22	24224	84
22	24225	84
22	24226	84
22	24227	84
22	24228	86
22	24229	86
22	24230	86
22	24231	86
22	24232	87
22	24233	93
22	24234	90
22	24235	89
22	24236	89
22	24237	89
22	24238	89
22	24239	91
22	24240	91
22	24241	91
22	24242	91
22	24243	96
22	24244	94
22	24245	94
22	24246	93
22	24247	93
22	24248	93
22	24249	95
22	24250	97
22	24251	97
22	24252	92
22	24253	92
22	24254	92
22	24255	92
22	24256	93
22	24257	92
22	24258	92
22	24259	92
22	24260	97
22	24261	96
22	24262	100
22	24263	100
22	24264	100
22	24265	99
22	24266	99
22	24267	99
22	24268	98
22	24269	98
22	24270	101
22	24271	97
22	24272	98
22	24273	99
22	24274	99
22	24275	98
22	24276	98
22	24277	99
22	24278	101
22	24279	101
22	24280	103
22	24281	104
22	24282	103
22	24283	103
22	24284	103
22	24285	103
22	24286	103
22	24287	103
22	24288	103
22	24289	102
22	24290	102
22	24291	101
22	24292	102
22	24293	102
22	24294	102
22	24295	102
22	24296	101
22	24297	101
22	24298	103
22	24299	103
22	24300	103
22	24301	102
22	24302	102
22	24303	102
22	24304	101
22	24305	99
22	24306	99
22	24307	98
22	24308	97
22	24309	96
22	24310	93
22	24311	93
22	24312	93
22	24313	93
22	24314	93
22	24315	93
22	24316	95
22	24317	95
22	24318	95
22	24319	89
22	24320	90
22	24321	86
22	24322	87
22	24323	87
22	24324	87
22	24325	85
22	24326	84
22	24327	84
22	24328	82
22	24329	78
22	24330	78
22	24331	76
22	24332	77
22	24333	77
22	24334	77
22	24335	77
22	24336	77
22	24337	75
22	24338	75
22	24339	74
22	24340	73
22	24341	73
22	24342	73
22	24343	73
22	24344	71
22	24345	70
22	24346	67
22	24347	65
22	24348	65
22	24349	66
22	24350	66
22	24351	66
22	24352	67
22	24353	67
22	24354	67
22	24355	67
22	24356	67
22	24357	66
22	24358	66
22	24359	70
22	24360	70
22	24361	70
22	24362	70
22	24363	70
22	24364	70
22	24365	70
22	24366	70
22	24367	70
22	24368	70
22	24369	70
22	24370	71
22	24371	71
22	24372	71
22	24373	69
22	24374	69
22	24375	70
22	24376	71
22	24377	69
22	24378	69
22	24379	75
22	24380	77
22	24381	77
22	24382	73
22	24383	70
22	24384	70
22	24385	70
22	24386	70
22	24387	69
22	24388	68
22	24389	68
22	24390	70
22	24391	70
22	24392	70
22	24393	67
22	24394	67
22	24395	67
22	24396	66
22	24397	67
22	24398	65
22	24399	65
22	24400	64
22	24401	64
22	24402	66
22	24403	66
22	24404	66
22	24405	66
22	24406	66
22	24407	67
22	24408	67
22	24409	64
22	24410	59
22	24411	67
22	24412	68
22	24413	68
22	24414	66
22	24415	67
22	24416	68
22	24417	68
22	24418	69
22	24419	69
22	24420	67
22	24421	73
22	24422	74
22	24423	76
22	24424	76
22	24425	76
22	24426	74
22	24427	74
22	24428	74
22	24429	72
22	24430	72
22	24431	71
22	24432	72
22	24433	72
22	24434	70
22	24435	70
22	24436	70
22	24437	70
22	24438	70
22	24439	70
22	24440	70
22	24441	70
22	24442	70
22	24443	72
22	24444	72
22	24445	72
22	24446	73
22	24447	73
22	24448	71
22	24449	72
22	24450	72
22	24451	72
22	24452	74
22	24453	79
22	24454	79
22	24455	79
22	24456	79
22	24457	79
22	24458	84
22	24459	84
22	24460	84
22	24461	82
22	24462	83
22	24463	84
22	24464	84
22	24465	84
22	24466	82
22	24467	79
22	24468	80
22	24469	80
22	24470	81
22	24471	81
22	24472	82
22	24473	82
22	24474	82
22	24475	87
22	24476	87
22	24477	87
22	24478	86
22	24479	86
22	24480	86
22	24481	86
22	24482	86
22	24483	86
22	24484	90
22	24485	90
22	24486	90
22	24487	88
22	24488	88
22	24489	88
22	24490	88
22	24491	87
22	24492	87
22	24493	87
22	24494	88
22	24495	88
22	24496	88
22	24497	91
22	24498	89
22	24499	90
22	24500	90
22	24501	90
22	24502	91
22	24503	90
22	24504	91
22	24505	91
22	24506	90
22	24507	91
22	24508	87
22	24509	87
22	24510	89
22	24511	91
22	24512	94
22	24513	95
22	24514	95
22	24515	95
22	24516	96
22	24517	96
22	24518	98
22	24519	99
22	24520	106
22	24521	107
22	24522	107
22	24523	107
22	24524	107
22	24525	107
22	24526	108
22	24527	108
22	24528	106
22	24529	99
22	24530	99
22	24531	99
22	24532	99
22	24533	99
22	24534	99
22	24535	99
22	24536	99
22	24537	99
22	24538	100
22	24539	100
22	24540	98
22	24541	98
22	24542	100
22	24543	101
22	24544	101
22	24545	101
22	24546	100
22	24547	100
22	24548	100
22	24549	100
22	24550	100
22	24551	103
22	24552	102
22	24553	102
22	24554	105
22	24555	106
22	24556	109
22	24557	108
22	24558	113
22	24559	113
22	24560	107
22	24561	111
22	24562	119
22	24563	118
22	24564	121
22	24565	118
22	24566	119
22	24567	119
22	24568	118
22	24569	120
22	24570	117
22	24571	116
22	24572	113
22	24573	113
22	24574	113
22	24575	115
22	24576	116
22	24577	116
22	24578	116
22	24579	116
22	24580	117
22	24581	118
22	24582	117
22	24583	117
22	24584	118
22	24585	121
22	24586	123
22	24587	123
22	24588	123
22	24589	123
22	24590	124
22	24591	125
22	24592	123
22	24593	124
22	24594	125
22	24595	125
22	24596	126
22	24597	125
22	24598	125
22	24599	124
22	24600	124
22	24601	124
22	24602	119
22	24603	121
22	24604	122
22	24605	125
22	24606	125
22	24607	124
22	24608	122
22	24609	122
22	24610	122
22	24611	122
22	24612	123
22	24613	123
22	24614	123
22	24615	123
22	24616	128
22	24617	129
22	24618	128
22	24619	128
22	24620	128
22	24621	128
22	24622	127
22	24623	127
22	24624	126
22	24625	121
22	24626	124
22	24627	124
22	24628	124
22	24629	124
22	24630	124
22	24631	125
22	24632	125
22	24633	122
22	24634	120
22	24635	120
22	24636	120
22	24637	120
22	24638	120
22	24639	124
22	24640	129
22	24641	130
22	24642	132
22	24643	141
22	24644	140
22	24645	139
22	24646	139
22	24647	136
22	24648	138
22	24649	137
22	24650	137
22	24651	137
22	24652	138
22	24653	138
22	24654	137
22	24655	137
22	24656	137
22	24657	136
22	24658	136
22	24659	134
22	24660	133
22	24661	133
22	24662	134
22	24663	136
22	24664	134
22	24665	135
22	24666	133
22	24667	135
22	24668	134
22	24669	133
22	24670	128
22	24671	127
22	24672	127
22	24673	127
22	24674	127
22	24675	126
22	24676	125
22	24677	125
22	24678	125
22	24679	126
22	24680	128
22	24681	128
22	24682	132
22	24683	133
22	24684	133
22	24685	134
22	24686	132
22	24687	132
22	24688	133
22	24689	134
22	24690	134
22	24691	133
22	24692	131
22	24693	130
22	24694	131
22	24695	132
22	24696	133
22	24697	133
22	24698	135
22	24699	136
22	24700	136
22	24701	133
22	24702	133
22	24703	133
22	24704	130
22	24705	127
22	24706	126
22	24707	125
22	24708	122
22	24709	122
22	24710	123
22	24711	112
22	24712	113
22	24713	110
22	24714	110
22	24715	110
22	24716	109
22	24717	109
22	24718	107
22	24719	106
22	24720	104
22	24721	104
22	24722	106
22	24723	107
22	24724	107
22	24725	105
22	24726	108
22	24727	109
22	24728	109
22	24729	109
22	24730	109
22	24731	109
22	24732	111
22	24733	109
22	24734	107
22	24735	107
22	24736	105
22	24737	108
22	24738	109
22	24739	109
22	24740	107
22	24741	106
22	24742	107
22	24743	108
22	24744	112
22	24745	112
22	24746	112
22	24747	112
22	24748	112
22	24749	113
22	24750	113
22	24751	112
22	24752	111
22	24753	112
22	24754	109
22	24755	112
22	24756	113
22	24757	113
22	24758	112
22	24759	112
22	24760	112
22	24761	116
22	24762	115
22	24763	115
22	24764	115
22	24765	110
22	24766	112
22	24767	112
22	24768	115
22	24769	115
22	24770	114
22	24771	116
22	24772	117
22	24773	118
22	24774	124
22	24775	121
22	24776	122
22	24777	122
22	24778	123
22	24779	124
22	24780	123
22	24781	124
22	24782	124
22	24783	124
22	24784	126
22	24785	126
22	24786	126
22	24787	126
22	24788	123
22	24789	123
22	24790	118
22	24791	118
22	24792	117
22	24793	108
22	24794	108
22	24795	108
22	24796	108
22	24797	108
22	24798	106
22	24799	106
22	24800	106
22	24801	106
22	24802	105
22	24803	105
22	24804	106
22	24805	106
22	24806	105
22	24807	106
22	24808	106
22	24809	106
22	24810	105
22	24811	105
22	24812	101
22	24813	98
22	24814	98
22	24815	97
22	24816	95
22	24817	94
22	24818	94
22	24819	95
22	24820	94
22	24821	94
22	24822	95
22	24823	99
22	24824	100
22	24825	100
22	24826	100
22	24827	99
22	24828	100
22	24829	101
22	24830	99
22	24831	98
22	24832	94
22	24833	94
22	24834	93
22	24835	93
22	24836	94
22	24837	103
22	24838	103
22	24839	102
22	24840	102
22	24841	102
22	24842	102
22	24843	102
22	24844	101
22	24845	101
22	24846	100
22	24847	100
22	24848	98
22	24849	98
22	24850	99
22	24851	99
22	24852	99
22	24853	100
22	24854	100
22	24855	100
22	24856	102
22	24857	101
22	24858	102
22	24859	100
22	24860	100
22	24861	100
22	24862	100
22	24863	99
22	24864	100
22	24865	100
22	24866	104
22	24867	106
22	24868	104
22	24869	104
22	24870	106
22	24871	105
22	24872	106
22	24873	109
22	24874	109
22	24875	109
22	24876	107
22	24877	106
22	24878	106
22	24879	105
22	24880	105
22	24881	103
22	24882	104
22	24883	105
22	24884	105
22	24885	102
22	24886	101
22	24887	102
22	24888	102
22	24889	104
22	24890	104
22	24891	103
22	24892	106
22	24893	106
22	24894	104
22	24895	104
22	24896	106
22	24897	106
22	24898	106
22	24899	106
22	24900	106
22	24901	106
22	24902	107
22	24903	105
22	24904	105
22	24905	102
22	24906	102
22	24907	102
22	24908	103
22	24909	102
22	24910	99
22	24911	99
22	24912	98
22	24913	101
22	24914	103
22	24915	103
22	24916	103
22	24917	100
22	24918	100
22	24919	102
22	24920	102
22	24921	101
22	24922	96
22	24923	94
22	24924	95
22	24925	95
22	24926	95
22	24927	96
22	24928	95
22	24929	94
22	24930	93
22	24931	93
22	24932	93
22	24933	93
22	24934	91
22	24935	91
22	24936	91
22	24937	91
22	24938	90
22	24939	90
22	24940	91
22	24941	91
22	24942	91
22	24943	90
22	24944	90
22	24945	90
22	24946	90
22	24947	90
22	24948	91
22	24949	92
22	24950	90
22	24951	91
22	24952	91
22	24953	91
22	24954	91
22	24955	92
22	24956	95
22	24957	101
22	24958	101
22	24959	101
22	24960	101
22	24961	101
22	24962	101
22	24963	101
22	24964	101
22	24965	101
22	24966	101
22	24967	101
22	24968	100
22	24969	100
22	24970	100
22	24971	98
22	24972	96
22	24973	96
22	24974	97
22	24975	98
22	24976	98
22	24977	102
22	24978	101
22	24979	101
22	24980	101
22	24981	101
22	24982	101
22	24983	101
22	24984	101
22	24985	100
22	24986	92
22	24987	93
22	24988	92
22	24989	92
22	24990	92
22	24991	92
22	24992	92
22	24993	91
22	24994	92
22	24995	94
22	24996	94
22	24997	97
22	24998	98
22	24999	98
22	25000	97
22	25001	96
22	25002	96
22	25003	95
22	25004	96
22	25005	96
22	25006	94
22	25007	98
22	25008	97
22	25009	98
22	25010	97
22	25011	97
22	25012	97
22	25013	98
22	25014	100
22	25015	101
22	25016	96
22	25017	96
22	25018	97
22	25019	98
22	25020	97
22	25021	96
22	25022	93
22	25023	92
22	25024	89
22	25025	90
22	25026	98
22	25027	98
22	25028	100
22	25029	100
22	25030	107
22	25031	107
22	25032	110
22	25033	110
22	25034	112
22	25035	112
22	25036	111
22	25037	111
22	25038	110
22	25039	107
22	25040	107
22	25041	103
22	25042	104
22	25043	103
22	25044	102
22	25045	101
22	25046	102
22	25047	106
22	25048	112
22	25049	111
22	25050	111
22	25051	111
22	25052	110
22	25053	106
22	25054	106
22	25055	106
22	25056	105
22	25057	106
22	25058	107
22	25059	107
22	25060	108
22	25061	107
22	25062	107
22	25063	102
22	25064	102
22	25065	101
22	25066	102
22	25067	103
22	25068	101
22	25069	101
22	25070	101
22	25071	102
22	25072	102
22	25073	102
22	25074	101
22	25075	101
22	25076	102
22	25077	101
22	25078	103
22	25079	103
22	25080	106
22	25081	106
22	25082	106
22	25083	106
22	25084	106
22	25085	106
22	25086	107
22	25087	107
22	25088	107
22	25089	103
22	25090	103
22	25091	103
22	25092	105
22	25093	106
22	25094	106
22	25095	107
22	25096	108
22	25097	111
22	25098	112
22	25099	112
22	25100	112
22	25101	113
22	25102	113
22	25103	113
22	25104	115
22	25105	115
22	25106	111
22	25107	106
22	25108	108
22	25109	108
22	25110	108
22	25111	108
22	25112	109
22	25113	109
22	25114	111
22	25115	112
22	25116	113
22	25117	113
22	25118	113
22	25119	113
22	25120	114
22	25121	115
22	25122	115
22	25123	112
22	25124	114
22	25125	113
22	25126	113
22	25127	109
22	25128	109
22	25129	108
22	25130	108
22	25131	108
22	25132	108
22	25133	108
22	25134	109
22	25135	109
22	25136	107
22	25137	107
22	25138	109
22	25139	110
22	25140	112
22	25141	112
22	25142	112
22	25143	112
22	25144	109
22	25145	109
22	25146	106
22	25147	106
22	25148	106
22	25149	107
22	25150	112
22	25151	112
22	25152	113
22	25153	113
22	25154	112
22	25155	112
22	25156	113
22	25157	116
22	25158	116
22	25159	112
22	25160	112
22	25161	115
22	25162	117
22	25163	120
22	25164	120
22	25165	121
22	25166	124
22	25167	128
22	25168	127
22	25169	132
22	25170	130
22	25171	133
22	25172	133
22	25173	134
22	25174	135
22	25175	127
22	25176	127
22	25177	126
22	25178	126
22	25179	126
22	25180	118
22	25181	114
22	25182	114
22	25183	114
22	25184	114
22	25185	116
22	25186	118
22	25187	118
22	25188	121
22	25189	119
22	25190	119
22	25191	119
22	25192	120
22	25193	120
22	25194	125
22	25195	125
22	25196	125
22	25197	121
22	25198	115
22	25199	117
22	25200	117
22	25201	117
22	25202	117
22	25203	116
22	25204	117
22	25205	118
22	25206	118
22	25207	116
22	25208	114
22	25209	114
22	25210	114
22	25211	113
22	25212	113
22	25213	113
22	25214	113
22	25215	112
22	25216	111
22	25217	113
22	25218	113
22	25219	113
22	25220	114
22	25221	113
22	25222	112
22	25223	112
22	25224	112
22	25225	112
22	25226	110
22	25227	110
22	25228	108
22	25229	105
22	25230	105
22	25231	105
22	25232	105
22	25233	105
22	25234	105
22	25235	104
22	25236	104
22	25237	105
22	25238	105
22	25239	105
22	25240	106
22	25241	107
22	25242	105
22	25243	104
22	25244	105
22	25245	108
22	25246	107
22	25247	104
22	25248	102
22	25249	102
22	25250	103
22	25251	101
22	25252	102
22	25253	99
22	25254	96
22	25255	97
22	25256	97
22	25257	98
22	25258	96
22	25259	96
22	25260	98
22	25261	97
22	25262	97
22	25263	98
22	25264	99
22	25265	98
22	25266	98
22	25267	98
22	25268	98
22	25269	98
22	25270	97
22	25271	96
22	25272	96
22	25273	100
22	25274	98
22	25275	98
22	25276	98
22	25277	98
22	25278	98
22	25279	98
22	25280	98
22	25281	98
22	25282	98
22	25283	99
22	25284	98
22	25285	98
22	25286	98
22	25287	98
22	25288	96
22	25289	95
22	25290	96
22	25291	96
22	25292	96
22	25293	98
22	25294	99
22	25295	98
22	25296	99
22	25297	97
22	25298	97
22	25299	96
22	25300	92
22	25301	92
22	25302	91
22	25303	92
22	25304	92
22	25305	96
22	25306	95
22	25307	95
22	25308	95
22	25309	95
22	25310	95
22	25311	94
22	25312	95
22	25313	92
22	25314	89
22	25315	89
22	25316	86
22	25317	88
22	25318	90
22	25319	87
22	25320	86
22	25321	86
22	25322	84
22	25323	84
22	25324	84
22	25325	84
22	25326	86
22	25327	86
22	25328	86
22	25329	86
22	25330	85
22	25331	85
22	25332	89
22	25333	89
22	25334	86
22	25335	84
22	25336	86
22	25337	86
22	25338	85
22	25339	85
22	25340	85
22	25341	84
22	25342	85
22	25343	82
22	25344	81
22	25345	80
22	25346	80
22	25347	78
22	25348	78
22	25349	78
22	25350	78
22	25351	78
22	25352	79
22	25353	81
22	25354	80
22	25355	80
22	25356	80
22	25357	80
22	25358	80
22	25359	81
22	25360	80
22	25361	80
22	25362	80
22	25363	80
22	25364	80
22	25365	81
22	25366	82
22	25367	80
22	25368	80
22	25369	80
22	25370	79
22	25371	79
22	25372	79
22	25373	79
22	25374	79
22	25375	80
22	25376	79
22	25377	84
22	25378	84
22	25379	86
22	25380	86
22	25381	91
22	25382	91
22	25383	92
22	25384	92
22	25385	92
22	25386	90
22	25387	90
22	25388	90
22	25389	90
22	25390	87
22	25391	87
22	25392	87
22	25393	87
22	25394	87
22	25395	84
22	25396	85
22	25397	85
22	25398	85
22	25399	85
22	25400	81
22	25401	83
22	25402	83
22	25403	83
22	25404	84
22	25405	84
22	25406	86
22	25407	84
22	25408	86
22	25409	86
22	25410	85
22	25411	86
22	25412	84
22	25413	84
22	25414	86
22	25415	87
22	25416	89
22	25417	81
22	25418	83
22	25419	85
22	25420	85
22	25421	85
22	25422	80
22	25423	80
22	25424	82
22	25425	81
22	25426	81
22	25427	81
22	25428	80
22	25429	81
22	25430	90
22	25431	90
22	25432	90
22	25433	93
22	25434	94
22	25435	98
22	25436	98
22	25437	97
22	25438	100
22	25439	100
22	25440	98
22	25441	98
22	25442	102
22	25443	103
22	25444	104
22	25445	105
22	25446	105
22	25447	109
22	25448	109
22	25449	108
22	25450	108
22	25451	107
22	25452	108
22	25453	109
22	25454	107
22	25455	105
22	25456	106
22	25457	106
22	25458	108
22	25459	108
22	25460	107
22	25461	107
22	25462	108
22	25463	108
22	25464	108
22	25465	108
22	25466	109
22	25467	110
22	25468	110
22	25469	109
22	25470	109
22	25471	109
22	25472	109
22	25473	107
22	25474	106
22	25475	105
22	25476	107
22	25477	109
22	25478	108
22	25479	109
22	25480	109
22	25481	107
22	25482	106
22	25483	106
22	25484	106
22	25485	105
22	25486	105
22	25487	105
22	25488	107
22	25489	107
22	25490	107
22	25491	106
22	25492	106
22	25493	106
22	25494	114
22	25495	114
22	25496	117
22	25497	117
22	25498	117
22	25499	118
22	25500	121
22	25501	120
22	25502	119
22	25503	117
22	25504	117
22	25505	117
22	25506	118
22	25507	118
22	25508	116
22	25509	119
22	25510	120
22	25511	120
22	25512	121
22	25513	120
22	25514	120
22	25515	120
22	25516	119
22	25517	115
22	25518	115
22	25519	114
22	25520	114
22	25521	114
22	25522	114
22	25523	116
22	25524	116
22	25525	115
22	25526	115
22	25527	111
22	25528	110
22	25529	108
22	25530	108
22	25531	104
22	25532	105
22	25533	105
22	25534	110
22	25535	110
22	25536	110
22	25537	110
22	25538	110
22	25539	110
22	25540	111
22	25541	113
22	25542	115
22	25543	115
22	25544	114
22	25545	113
22	25546	113
22	25547	113
22	25548	113
22	25549	113
22	25550	113
22	25551	111
22	25552	111
22	25553	111
22	25554	110
22	25555	110
22	25556	111
22	25557	113
22	25558	111
22	25559	112
22	25560	112
22	25561	109
22	25562	110
22	25563	108
22	25564	107
22	25565	108
22	25566	107
22	25567	106
22	25568	106
22	25569	106
22	25570	108
22	25571	108
22	25572	108
22	25573	108
22	25574	106
22	25575	107
22	25576	107
22	25577	107
22	25578	107
22	25579	98
22	25580	97
22	25581	97
22	25582	97
22	25583	94
22	25584	91
22	25585	86
22	25586	91
22	25587	88
22	25588	88
22	25589	88
22	25590	88
22	25591	88
22	25592	86
22	25593	85
22	25594	84
22	25595	83
22	25596	83
22	25597	79
22	25598	79
22	25599	79
22	25600	80
22	25601	80
22	25602	79
22	25603	82
22	25604	82
22	25605	85
22	25606	84
22	25607	83
22	25608	83
22	25609	83
22	25610	83
22	25611	83
22	25612	84
22	25613	84
22	25614	84
22	25615	84
22	25616	85
22	25617	84
22	25618	84
22	25619	84
22	25620	84
22	25621	84
22	25622	84
22	25623	85
22	25624	85
22	25625	86
22	25626	83
22	25627	84
22	25628	85
22	25629	86
22	25630	87
22	25631	85
22	25632	85
22	25633	85
22	25634	85
22	25635	89
22	25636	89
22	25637	89
22	25638	88
22	25639	88
22	25640	88
22	25641	89
22	25642	89
22	25643	88
22	25644	85
22	25645	85
22	25646	82
22	25647	82
22	25648	82
22	25649	79
22	25650	78
22	25651	78
22	25652	79
22	25653	79
22	25654	80
22	25655	81
22	25656	81
22	25657	81
22	25658	80
22	25659	79
22	25660	80
22	25661	80
22	25662	79
22	25663	79
22	25664	79
22	25665	79
22	25666	79
22	25667	79
22	25668	79
22	25669	80
22	25670	82
22	25671	82
22	25672	82
22	25673	80
22	25674	81
22	25675	81
22	25676	81
22	25677	81
22	25678	81
22	25679	81
22	25680	81
22	25681	80
22	25682	78
22	25683	77
22	25684	73
22	25685	73
22	25686	73
22	25687	72
22	25688	72
22	25689	74
22	25690	73
22	25691	71
22	25692	70
22	25693	70
22	25694	70
22	25695	70
22	25696	69
22	25697	69
22	25698	69
22	25699	69
22	25700	69
22	25701	69
22	25702	69
22	25703	69
22	25704	67
22	25705	66
22	25706	65
22	25707	65
22	25708	65
22	25709	64
22	25710	64
22	25711	63
22	25712	64
22	25713	64
22	25714	63
22	25715	61
22	25716	60
22	25717	60
22	25718	58
22	25719	56
22	25720	56
22	25721	56
22	25722	56
22	25723	56
22	25724	56
22	25725	55
22	25726	55
22	25727	55
22	25728	55
22	25729	54
22	25730	54
22	25731	54
22	25732	54
22	25733	54
22	25734	54
22	25735	54
22	25736	50
22	25737	50
22	25738	50
22	25739	50
22	25740	49
22	25741	48
22	25742	48
22	25743	48
22	25744	48
22	25745	48
22	25746	48
22	25747	48
22	25748	48
22	25749	47
22	25750	45
22	25751	45
22	25752	45
22	25753	42
22	25754	40
22	25755	39
22	25756	39
22	25757	39
22	25758	39
22	25759	39
22	25760	39
22	25761	37
22	25762	37
22	25763	37
22	25764	37
22	25765	35
22	25766	35
22	25767	33
22	25768	33
22	25769	33
22	25770	33
22	25771	33
22	25772	33
22	25773	32
22	25774	32
22	25775	30
22	25776	30
22	25777	27
22	25778	25
22	25779	26
22	25780	25
22	25781	25
22	25782	25
22	25783	24
22	25784	20
22	25785	20
22	25786	20
22	25787	19
22	25788	19
22	25789	18
22	25790	18
22	25791	18
22	25792	16
22	25793	16
22	25794	14
22	25795	14
22	25796	14
22	25797	14
22	25798	14
22	25799	14
22	25800	14
22	25801	14
22	25802	13
22	25803	13
22	25804	13
22	25805	11
22	25806	11
22	25807	11
22	25808	11
22	25809	11
22	25810	10
22	25811	10
22	25812	10
22	25813	10
22	25814	10
22	25815	10
22	25816	10
22	25817	10
22	25818	10
22	25854	12
22	25855	12
22	25856	12
22	25857	12
22	25858	12
22	25859	12
22	25860	12
22	25861	12
22	25862	12
22	25863	12
22	25864	12
22	25865	12
22	25866	12
22	25867	12
22	25868	12
22	25869	12
22	25870	12
22	25871	12
22	25872	12
22	25873	12
22	25874	12
22	25875	12
22	25876	12
22	25877	12
22	25878	12
22	25879	12
22	25880	12
22	25881	12
22	25882	12
22	25883	12
22	25884	12
22	25885	12
22	25886	12
22	25887	12
22	25888	12
22	25889	12
22	25890	12
22	25891	12
22	25892	12
22	25893	15
22	25894	15
22	25895	15
22	25896	15
22	25897	15
22	25898	15
22	25899	15
22	25900	15
22	25901	15
22	25902	15
22	25903	15
22	25904	15
22	25905	15
22	25906	15
22	25907	15
22	25908	15
22	25909	15
22	25910	15
22	25911	15
22	25912	15
22	25913	15
22	25914	15
22	25915	15
22	25916	15
22	25917	15
22	25918	17
22	25919	17
22	25920	17
22	25921	17
22	25922	17
22	25923	17
22	25924	17
22	25925	17
22	25926	17
22	25927	17
22	25928	17
22	25929	17
22	25930	18
22	25931	18
22	25932	18
22	25933	18
22	25934	20
22	25935	21
22	25936	21
22	25937	21
22	25938	22
22	25939	22
22	25940	22
22	25941	22
22	25942	22
22	25943	22
22	25944	22
22	25945	22
22	25946	22
22	25947	22
22	25948	22
22	25949	22
22	25950	22
22	25951	22
22	25952	22
22	25953	22
22	25954	22
22	25955	22
22	25956	22
22	25957	22
22	25958	23
22	25959	23
22	25960	23
22	25961	23
22	25962	23
22	25963	23
22	25964	23
22	25965	23
22	25966	23
22	25967	23
22	25968	23
22	25969	23
22	25970	23
22	25971	23
22	25972	26
22	25973	26
22	25974	26
22	25975	26
22	25976	26
22	25977	26
22	25978	26
22	25979	26
22	25980	25
22	25981	25
22	25982	25
22	25983	25
22	25984	25
22	25985	24
22	25986	24
22	25987	24
22	25988	20
22	25989	20
22	25990	20
22	25991	20
22	25992	20
22	25993	18
22	25994	19
22	25995	17
22	25996	17
22	25997	15
22	25998	14
22	25999	14
22	26000	14
22	26001	14
22	26002	13
22	26003	13
22	26004	13
22	26005	13
22	26006	13
22	26007	13
22	26008	13
22	26009	13
22	26010	13
22	26011	14
22	26012	14
22	26013	14
22	26014	15
22	26015	15
22	26016	15
22	26017	14
22	26018	14
22	26019	14
22	26020	14
22	26021	14
22	26022	14
22	26023	14
22	26024	14
22	26025	14
22	26026	14
22	26027	14
22	26028	14
22	26029	14
22	26030	14
22	26031	12
22	26032	12
22	26033	12
22	26034	11
22	26035	11
22	26036	11
22	26037	11
22	26038	11
22	26039	11
22	26040	11
22	26041	11
22	26042	11
22	26043	11
22	26044	11
22	26045	11
22	26046	11
22	26047	11
22	26048	11
22	26049	11
22	26050	11
22	26051	11
22	26052	11
22	26053	11
22	26054	11
22	26055	11
22	26056	11
22	26057	11
22	26058	11
22	26059	11
22	26060	11
22	26061	11
22	26062	11
22	26063	11
22	26064	9
22	26065	10
22	26066	10
22	26067	10
22	26068	10
22	26069	10
22	26070	10
22	26071	10
22	26072	10
22	26073	10
22	26074	9
22	26075	9
22	26076	9
22	26077	9
22	26078	9
22	26079	9
22	26080	9
22	26081	9
22	26082	9
22	26083	9
22	26084	8
22	26085	8
22	26086	8
22	26087	8
22	26088	8
22	26089	1
22	26090	1
22	26091	1
22	26092	1
22	26093	1
22	26094	1
22	26095	1
22	26096	1
22	26097	1
22	26098	1
22	26099	1
22	26100	1
22	26101	2
22	26102	2
22	26103	2
22	26104	2
22	26105	2
22	26106	2
22	26107	2
22	26108	2
22	26109	2
22	26110	2
22	26111	2
22	26112	2
22	26113	2
22	26114	2
22	26115	2
22	26116	2
22	26117	2
22	26118	2
22	26119	2
22	26120	2
22	26121	2
22	26122	2
22	26123	3
22	26124	3
22	26125	3
22	26126	3
22	26127	3
22	26128	3
22	26129	3
22	26130	3
22	26131	3
22	26132	3
22	26133	3
22	26134	3
22	26135	3
22	26136	3
22	26137	3
22	26138	3
22	26139	3
22	26140	3
22	26141	3
22	26142	3
22	26143	3
22	26144	3
22	26145	3
22	26146	3
22	26147	3
22	26148	3
22	26149	3
22	26150	3
22	26151	3
22	26152	3
22	26153	3
22	26154	3
22	26155	3
22	26156	3
22	26157	3
22	26158	3
22	26159	3
22	26160	3
22	26161	3
22	26162	3
22	26163	3
22	26164	3
22	26165	3
22	26166	3
22	26167	3
22	26168	3
22	26169	3
22	26170	3
22	26171	3
22	26172	3
22	26173	3
22	26174	3
22	26175	3
22	26176	3
22	26177	6
22	26178	6
22	26179	6
22	26180	6
22	26181	6
22	26182	6
22	26183	7
22	26184	7
22	26185	7
22	26186	7
22	26187	7
22	26188	7
22	26189	7
22	26190	7
22	26191	7
22	26192	7
22	26193	7
22	26194	7
22	26195	7
22	26196	7
22	26197	7
22	26198	7
22	26199	7
22	26200	8
22	26201	8
22	26202	8
22	26203	8
22	26204	8
22	26205	8
22	26206	8
22	26207	8
22	26208	8
22	26209	8
22	26210	8
22	26211	8
22	26212	8
22	26213	8
22	26214	8
22	26215	7
22	26216	7
22	26217	7
22	26218	7
22	26219	7
22	26220	8
22	26221	8
22	26222	8
22	26223	8
22	26224	8
22	26225	9
22	26226	9
22	26227	9
22	26228	9
22	26229	9
22	26230	9
22	26231	9
22	26232	9
22	26233	9
22	26234	9
22	26235	9
22	26236	9
22	26237	9
22	26238	9
22	26239	9
22	26240	9
22	26241	9
22	26242	9
22	26243	9
22	26244	9
22	26245	9
22	26246	9
22	26247	9
22	26248	9
22	26249	9
22	26250	9
22	26251	8
22	26252	8
22	26253	8
22	26254	8
22	26255	8
22	26256	8
22	26257	8
22	26258	8
22	26259	8
22	26260	8
22	26261	8
22	26262	8
22	26263	8
22	26264	8
22	26265	8
22	26266	8
22	26267	8
22	26268	8
22	26269	8
22	26270	8
22	26271	8
22	26272	7
22	26273	7
22	26274	7
22	26275	7
22	26276	7
22	26277	7
22	26278	7
22	26279	2
22	26280	2
22	26281	2
22	26282	2
22	26283	2
22	26284	2
22	26285	2
22	26286	2
22	26287	2
22	26288	2
22	26289	2
22	26290	2
22	26291	2
22	26292	2
22	26293	2
22	26294	2
22	26295	2
22	26296	2
22	26297	2
22	26298	2
22	26299	2
22	26300	11
22	26301	11
22	26302	11
22	26303	12
22	26304	12
22	26305	12
22	26306	12
22	26307	12
22	26308	12
22	26309	12
22	26310	12
22	26311	12
22	26312	12
22	26313	12
22	26314	12
22	26315	12
22	26316	12
22	26317	12
22	26318	12
22	26319	12
22	26320	12
22	26321	12
22	26322	12
22	26323	12
22	26324	12
22	26325	33
22	26326	33
22	26327	37
22	26328	39
22	26329	39
22	26330	39
22	26331	39
22	26332	39
22	26333	42
22	26334	45
22	26335	45
22	26336	45
22	26337	45
22	26338	45
22	26339	45
22	26340	45
22	26341	45
22	26342	45
22	26343	45
22	26344	45
22	26345	45
22	26346	45
22	26347	45
22	26348	45
22	26349	50
22	26350	50
22	26351	50
22	26352	50
22	26353	50
22	26354	50
22	26355	50
22	26356	50
22	26357	50
22	26358	54
22	26359	54
22	26360	55
22	26361	55
22	26362	55
22	26363	55
22	26364	55
22	26365	55
22	26366	55
22	26367	55
22	26368	55
22	26369	55
22	26370	54
22	26371	57
22	26372	66
22	26373	66
22	26374	66
22	26375	65
22	26376	65
22	26377	65
22	26378	60
22	26379	60
22	26380	60
22	26381	61
22	26382	62
22	26383	62
22	26384	62
22	26385	62
22	26386	62
22	26387	62
22	26388	65
22	26389	65
22	26390	65
22	26391	65
22	26392	66
22	26393	66
22	26394	66
22	26395	66
22	26396	69
22	26397	69
22	26398	69
22	26399	69
22	26400	69
22	26401	69
22	26402	69
22	26403	69
22	26404	69
22	26405	71
22	26406	72
22	26407	72
22	26408	73
22	26409	73
22	26410	73
22	26411	75
22	26412	75
22	26413	76
22	26414	76
22	26415	76
22	26416	76
22	26417	77
22	26418	78
22	26419	79
22	26420	80
22	26421	80
22	26422	80
22	26423	80
22	26424	81
22	26425	80
22	26426	81
22	26427	81
22	26428	81
22	26429	81
22	26430	81
22	26431	79
22	26432	79
22	26433	79
22	26434	79
22	26435	80
22	26436	80
22	26437	81
22	26438	81
22	26439	88
22	26440	88
22	26441	88
22	26442	89
22	26443	88
22	26444	88
22	26445	88
22	26446	89
22	26447	89
22	26448	89
22	26449	89
22	26450	89
22	26451	91
22	26452	96
22	26453	88
22	26454	90
22	26455	91
22	26456	93
22	26457	94
22	26458	98
22	26459	104
22	26460	104
22	26461	104
22	26462	104
22	26463	102
22	26464	103
22	26465	105
22	26466	106
22	26467	106
22	26468	106
22	26469	106
22	26470	106
22	26471	111
22	26472	111
22	26473	113
22	26474	113
22	26475	112
22	26476	112
22	26477	115
22	26478	116
22	26479	115
22	26480	115
22	26481	122
22	26482	122
22	26483	122
22	26484	122
22	26485	122
22	26486	123
22	26487	123
22	26488	123
22	26489	123
22	26490	123
22	26491	122
22	26492	122
22	26493	122
22	26494	119
22	26495	119
22	26496	119
22	26497	124
22	26498	124
22	26499	123
22	26500	126
22	26501	126
22	26502	126
22	26503	127
22	26504	127
22	26505	127
22	26506	126
22	26507	122
22	26508	121
22	26509	120
22	26510	121
22	26511	122
22	26512	124
22	26513	126
22	26514	127
22	26515	128
22	26516	130
22	26517	130
22	26518	131
22	26519	133
22	26520	137
22	26521	128
22	26522	129
22	26523	129
22	26524	129
22	26525	129
22	26526	129
22	26527	129
22	26528	129
22	26529	129
22	26530	128
22	26531	128
22	26532	128
22	26533	128
22	26534	129
22	26535	129
22	26536	131
22	26537	128
22	26538	129
22	26539	129
22	26540	131
22	26541	133
22	26542	132
22	26543	135
22	26544	135
22	26545	137
22	26546	136
22	26547	140
22	26548	141
22	26549	144
22	26550	145
22	26551	149
22	26552	148
22	26553	148
22	26554	148
22	26555	146
22	26556	145
22	26557	144
22	26558	144
22	26559	141
22	26560	140
22	26561	138
22	26562	138
22	26563	138
22	26564	138
22	26565	138
22	26566	138
22	26567	138
22	26568	136
22	26569	137
22	26570	136
22	26571	137
22	26572	140
22	26573	140
22	26574	139
22	26575	139
22	26576	139
22	26577	139
22	26578	143
22	26579	143
22	26580	143
22	26581	146
22	26582	147
22	26583	151
22	26584	151
22	26585	151
22	26586	152
22	26587	149
22	26588	149
22	26589	145
22	26590	143
22	26591	143
22	26592	141
22	26593	141
22	26594	141
22	26595	141
22	26596	140
22	26597	140
22	26598	140
22	26599	137
22	26600	136
22	26601	136
22	26602	131
22	26603	128
22	26604	128
22	26605	128
22	26606	128
22	26607	128
22	26608	123
22	26609	125
22	26610	127
22	26611	127
22	26612	127
22	26613	127
22	26614	123
22	26615	121
22	26616	125
22	26617	125
22	26618	126
22	26619	125
22	26620	126
22	26621	123
22	26622	123
22	26623	124
22	26624	126
22	26625	124
22	26626	123
22	26627	123
22	26628	122
22	26629	122
22	26630	117
22	26631	114
22	26632	114
22	26633	114
22	26634	114
22	26635	113
22	26636	113
22	26637	115
22	26638	116
22	26639	116
22	26640	116
22	26641	116
22	26642	116
22	26643	116
22	26644	116
22	26645	116
22	26646	111
22	26647	111
22	26648	111
22	26649	110
22	26650	108
22	26651	109
22	26652	111
22	26653	111
22	26654	112
22	26655	112
22	26656	116
22	26657	117
22	26658	117
22	26659	117
22	26660	116
22	26661	116
22	26662	112
22	26663	110
22	26664	111
22	26665	109
22	26666	108
22	26667	107
22	26668	107
22	26669	107
22	26670	103
22	26671	102
22	26672	101
22	26673	100
22	26674	100
22	26675	105
22	26676	105
22	26677	107
22	26678	107
22	26679	107
22	26680	107
22	26681	108
22	26682	108
22	26683	108
22	26684	109
22	26685	106
22	26686	108
22	26687	107
22	26688	108
22	26689	108
22	26690	108
22	26691	106
22	26692	105
22	26693	103
22	26694	103
22	26695	99
22	26696	99
22	26697	95
22	26698	95
22	26699	90
22	26700	89
22	26701	85
22	26702	85
22	26703	86
22	26704	86
22	26705	89
22	26706	89
22	26707	90
22	26708	90
22	26709	90
22	26710	90
22	26711	89
22	26712	90
22	26713	93
22	26714	94
22	26715	94
22	26716	93
22	26717	93
22	26718	94
22	26719	93
22	26720	93
22	26721	93
22	26722	90
22	26723	91
22	26724	92
22	26725	94
22	26726	94
22	26727	90
22	26728	90
22	26729	93
22	26730	94
22	26731	92
22	26732	90
22	26733	90
22	26734	93
22	26735	92
22	26736	91
22	26737	91
22	26738	89
22	26739	89
22	26740	91
22	26741	92
22	26742	92
22	26743	91
22	26744	93
22	26745	94
22	26746	94
22	26747	94
22	26748	95
22	26749	93
22	26750	96
22	26751	96
22	26752	96
22	26753	95
22	26754	96
22	26755	93
22	26756	91
22	26757	91
22	26758	92
22	26759	92
22	26760	91
22	26761	93
22	26762	93
22	26763	93
22	26764	93
22	26765	90
22	26766	90
22	26767	92
22	26768	91
22	26769	91
22	26770	91
22	26771	90
22	26772	87
22	26773	86
22	26774	84
22	26775	84
22	26776	85
22	26777	86
22	26778	86
22	26779	87
22	26780	88
22	26781	88
22	26782	90
22	26783	91
22	26784	91
22	26785	91
22	26786	90
22	26787	88
22	26788	93
22	26789	95
22	26790	98
22	26791	98
22	26792	98
22	26793	98
22	26794	100
22	26795	100
22	26796	101
22	26797	105
22	26798	106
22	26799	107
22	26800	108
22	26801	108
22	26802	106
22	26803	106
22	26804	109
22	26805	112
22	26806	108
22	26807	108
22	26808	108
22	26809	108
22	26810	109
22	26811	109
22	26812	109
22	26813	112
22	26814	109
22	26815	109
22	26816	111
22	26817	111
22	26818	112
22	26819	112
22	26820	112
22	26821	115
22	26822	115
22	26823	116
22	26824	116
22	26825	111
22	26826	111
22	26827	109
22	26828	109
22	26829	108
22	26830	107
22	26831	108
22	26832	108
22	26833	108
22	26834	106
22	26835	106
22	26836	107
22	26837	105
22	26838	105
22	26839	103
22	26840	103
22	26841	103
22	26842	103
22	26843	103
22	26844	107
22	26845	107
22	26846	107
22	26847	108
22	26848	107
22	26849	107
22	26850	107
22	26851	107
22	26852	107
22	26853	106
22	26854	106
22	26855	107
22	26856	107
22	26857	106
22	26858	106
22	26859	106
22	26860	106
22	26861	107
22	26862	106
22	26863	103
22	26864	104
22	26865	104
22	26866	104
22	26867	104
22	26868	104
22	26869	104
22	26870	103
22	26871	104
22	26872	104
22	26873	103
22	26874	103
22	26875	101
22	26876	101
22	26877	101
22	26878	100
22	26879	98
22	26880	97
22	26881	97
22	26882	95
22	26883	95
22	26884	92
22	26885	92
22	26886	96
22	26887	96
22	26888	96
22	26889	99
22	26890	99
22	26891	100
22	26892	101
22	26893	101
22	26894	99
22	26895	98
22	26896	98
22	26897	98
22	26898	98
22	26899	95
22	26900	98
22	26901	99
22	26902	99
22	26903	100
22	26904	100
22	26905	100
22	26906	100
22	26907	100
22	26908	98
22	26909	97
22	26910	97
22	26911	97
22	26912	98
22	26913	98
22	26914	98
22	26915	98
22	26916	102
22	26917	100
22	26918	103
22	26919	112
22	26920	111
22	26921	111
22	26922	112
22	26923	117
22	26924	117
22	26925	117
22	26926	117
22	26927	116
22	26928	115
22	26929	118
22	26930	118
22	26931	118
22	26932	114
22	26933	115
22	26934	115
22	26935	115
22	26936	115
22	26937	109
22	26938	107
22	26939	104
22	26940	104
22	26941	105
22	26942	105
22	26943	106
22	26944	105
22	26945	105
22	26946	105
22	26947	101
22	26948	100
22	26949	99
22	26950	97
22	26951	95
22	26952	94
22	26953	95
22	26954	94
22	26955	95
22	26956	94
22	26957	94
22	26958	94
22	26959	94
22	26960	92
22	26961	91
22	26962	89
22	26963	90
22	26964	91
22	26965	88
22	26966	89
22	26967	88
22	26968	89
22	26969	89
22	26970	88
22	26971	87
22	26972	87
22	26973	86
22	26974	86
22	26975	87
22	26976	89
22	26977	92
22	26978	93
22	26979	93
22	26980	93
22	26981	93
22	26982	93
22	26983	93
22	26984	93
22	26985	93
22	26986	95
22	26987	95
22	26988	95
22	26989	94
22	26990	96
22	26991	97
22	26992	97
22	26993	97
22	26994	94
22	26995	97
22	26996	99
22	26997	98
22	26998	98
22	26999	98
22	27000	98
22	27001	98
22	27002	98
22	27003	103
22	27004	101
22	27005	102
22	27006	102
22	27007	103
22	27008	106
22	27009	106
22	27010	107
22	27011	105
22	27012	109
22	27013	109
22	27014	108
22	27015	110
22	27016	110
22	27017	109
22	27018	109
22	27019	110
22	27020	110
22	27021	108
22	27022	109
22	27023	109
22	27024	109
22	27025	109
22	27026	109
22	27027	109
22	27028	109
22	27029	109
22	27030	110
22	27031	113
22	27032	113
22	27033	113
22	27034	115
22	27035	115
22	27036	111
22	27037	111
22	27038	112
22	27039	109
22	27040	107
22	27041	107
22	27042	107
22	27043	107
22	27044	107
22	27045	107
22	27046	107
22	27047	104
22	27048	107
22	27049	105
22	27050	106
22	27051	105
22	27052	104
22	27053	103
22	27054	103
22	27055	103
22	27056	103
22	27057	103
22	27058	103
22	27059	103
22	27060	103
22	27061	111
22	27062	110
22	27063	110
22	27064	111
22	27065	108
22	27066	108
22	27067	103
22	27068	98
22	27069	100
22	27070	99
22	27071	99
22	27072	98
22	27073	94
22	27074	95
22	27075	95
22	27076	95
22	27077	93
22	27078	92
22	27079	92
22	27080	100
22	27081	101
22	27082	104
22	27083	103
22	27084	103
22	27085	104
22	27086	104
22	27087	104
22	27088	104
22	27089	104
22	27090	106
22	27091	105
22	27092	106
22	27093	103
22	27094	104
22	27095	104
22	27096	105
22	27097	106
22	27098	106
22	27099	106
22	27100	106
22	27101	104
22	27102	100
22	27103	100
22	27104	100
22	27105	101
22	27106	101
22	27107	101
22	27108	101
22	27109	102
22	27110	102
22	27111	102
22	27112	101
22	27113	101
22	27114	100
22	27115	100
22	27116	100
22	27117	99
22	27118	97
22	27119	97
22	27120	97
22	27121	100
22	27122	101
22	27123	102
22	27124	101
22	27125	100
22	27126	99
22	27127	100
22	27128	99
22	27129	99
22	27130	99
22	27131	99
22	27132	99
22	27133	99
22	27134	99
22	27135	98
22	27136	99
22	27137	99
22	27138	101
22	27139	99
22	27140	98
22	27141	98
22	27142	98
22	27143	98
22	27144	97
22	27145	97
22	27146	96
22	27147	95
22	27148	96
22	27149	96
22	27150	98
22	27151	98
22	27152	96
22	27153	93
22	27154	92
22	27155	91
22	27156	91
22	27157	90
22	27158	89
22	27159	89
22	27160	88
22	27161	88
22	27162	86
22	27163	86
22	27164	86
22	27165	84
22	27166	85
22	27167	85
22	27168	84
22	27169	86
22	27170	86
22	27171	86
22	27172	89
22	27173	89
22	27174	89
22	27175	91
22	27176	91
22	27177	92
22	27178	92
22	27179	93
22	27180	92
22	27181	90
22	27182	89
22	27183	89
22	27184	87
22	27185	87
22	27186	87
22	27187	87
22	27188	87
22	27189	86
22	27190	89
22	27191	88
22	27192	89
22	27193	89
22	27194	89
22	27195	89
22	27196	89
22	27197	87
22	27198	88
22	27199	87
22	27200	87
22	27201	87
22	27202	87
22	27203	88
22	27204	88
22	27205	88
22	27206	88
22	27207	88
22	27208	88
22	27209	87
22	27210	82
22	27211	78
22	27212	78
22	27213	78
22	27214	76
22	27215	78
22	27216	78
22	27217	78
22	27218	78
22	27219	80
22	27220	80
22	27221	81
22	27222	80
22	27223	81
22	27224	81
22	27225	84
22	27226	84
22	27227	86
22	27228	81
22	27229	81
22	27230	78
22	27231	77
22	27232	75
22	27233	75
22	27234	75
22	27235	76
22	27236	76
22	27237	77
22	27238	78
22	27239	78
22	27240	77
22	27241	77
22	27242	76
22	27243	76
22	27244	75
22	27245	74
22	27246	74
22	27247	73
22	27248	73
22	27249	75
22	27250	75
22	27251	77
22	27252	77
22	27253	77
22	27254	76
22	27255	77
22	27256	77
22	27257	78
22	27258	79
22	27259	80
22	27260	82
22	27261	82
22	27262	82
22	27263	82
22	27264	82
22	27265	82
22	27266	83
22	27267	82
22	27268	86
22	27269	86
22	27270	87
22	27271	87
22	27272	86
22	27273	85
22	27274	85
22	27275	84
22	27276	82
22	27277	82
22	27278	82
22	27279	82
22	27280	85
22	27281	85
22	27282	85
22	27283	85
22	27284	84
22	27285	85
22	27286	86
22	27287	82
22	27288	82
22	27289	82
22	27290	84
22	27291	85
22	27292	85
22	27293	85
22	27294	83
22	27295	83
22	27296	82
22	27297	82
22	27298	81
22	27299	79
22	27300	79
22	27301	79
22	27302	79
22	27303	82
22	27304	83
22	27305	82
22	27306	82
22	27307	83
22	27308	83
22	27309	83
22	27310	82
22	27311	82
22	27312	81
22	27313	81
22	27314	81
22	27315	81
22	27316	80
22	27317	80
22	27318	80
22	27319	78
22	27320	77
22	27321	78
22	27322	76
22	27323	77
22	27324	77
22	27325	75
22	27326	75
22	27327	75
22	27328	75
22	27329	74
22	27330	74
22	27331	73
22	27332	73
22	27333	73
22	27334	73
22	27335	74
22	27336	73
22	27337	74
22	27338	71
22	27339	71
22	27340	75
22	27341	75
22	27342	74
22	27343	75
22	27344	76
22	27345	76
22	27346	76
22	27347	76
22	27348	76
22	27349	76
22	27350	77
22	27351	82
22	27352	83
22	27353	82
22	27354	80
22	27355	83
22	27356	83
22	27357	82
22	27358	82
22	27359	82
22	27360	81
22	27361	82
22	27362	83
22	27363	83
22	27364	83
22	27365	82
22	27366	83
22	27367	79
22	27368	79
22	27369	79
22	27370	79
22	27371	77
22	27372	77
22	27373	77
22	27374	76
22	27375	73
22	27376	73
22	27377	71
22	27378	72
22	27379	72
22	27380	72
22	27381	71
22	27382	72
22	27383	72
22	27384	72
22	27385	70
22	27386	70
22	27387	69
22	27388	69
22	27389	69
22	27390	70
22	27391	69
22	27392	69
22	27393	69
22	27394	69
22	27395	71
22	27396	71
22	27397	71
22	27398	70
22	27399	68
22	27400	67
22	27401	69
22	27402	69
22	27403	73
22	27404	73
22	27405	73
22	27406	73
22	27407	73
22	27408	71
22	27409	72
22	27410	71
22	27411	78
22	27412	78
22	27413	78
22	27414	78
22	27415	76
22	27416	77
22	27417	74
22	27418	73
22	27419	73
22	27420	69
22	27421	72
22	27422	72
22	27423	71
22	27424	71
22	27425	72
22	27426	72
22	27427	72
22	27428	72
22	27429	72
22	27430	69
22	27431	69
22	27432	69
22	27433	69
22	27434	70
22	27435	70
22	27436	68
22	27437	68
22	27438	67
22	27439	67
22	27440	66
22	27441	66
22	27442	66
22	27443	66
22	27444	66
22	27445	66
22	27446	67
22	27447	67
22	27448	67
22	27449	68
22	27450	68
22	27451	68
22	27452	66
22	27453	64
22	27454	64
22	27455	61
22	27456	61
22	27457	61
22	27458	60
22	27459	60
22	27460	61
22	27461	61
22	27462	61
22	27463	61
22	27464	61
22	27465	65
22	27466	66
22	27467	66
22	27468	66
22	27469	66
22	27470	65
22	27471	65
22	27472	64
22	27473	64
22	27474	64
22	27475	64
22	27476	64
22	27477	65
22	27478	65
22	27479	65
22	27480	64
22	27481	66
22	27482	66
22	27483	66
22	27484	65
22	27485	65
22	27486	66
22	27487	66
22	27488	66
22	27489	66
22	27490	63
22	27491	65
22	27492	65
22	27493	64
22	27494	63
22	27495	63
22	27496	63
22	27497	62
22	27498	62
22	27499	62
22	27500	60
22	27501	57
22	27502	57
22	27503	57
22	27504	57
22	27505	56
22	27506	56
22	27507	57
22	27508	58
22	27509	58
22	27510	58
22	27511	58
22	27512	58
22	27513	58
22	27514	58
22	27515	56
22	27516	58
22	27517	57
22	27518	57
22	27519	60
22	27520	61
22	27521	60
22	27522	60
22	27523	60
22	27524	60
22	27525	60
22	27526	60
22	27527	58
22	27528	57
22	27529	58
22	27530	58
22	27531	58
22	27532	57
22	27533	57
22	27534	58
22	27535	60
22	27536	60
22	27537	60
22	27538	60
22	27539	60
22	27540	60
22	27541	63
22	27542	62
22	27543	62
22	27544	62
22	27545	63
22	27546	63
22	27547	64
22	27548	64
22	27549	64
22	27550	64
22	27551	62
22	27552	62
22	27553	58
22	27554	58
22	27555	58
22	27556	56
22	27557	56
22	27558	56
22	27559	53
22	27560	53
22	27561	46
22	27562	46
22	27563	46
22	27564	46
22	27565	46
22	27566	45
22	27567	45
22	27568	45
22	27569	40
22	27570	40
22	27571	37
22	27572	37
22	27573	37
22	27574	37
22	27575	37
22	27576	37
22	27577	37
22	27578	37
22	27579	37
22	27580	37
22	27581	37
22	27582	37
22	27583	37
22	27584	37
22	27585	37
22	27586	22
22	27587	22
22	27588	22
22	27589	22
22	27590	22
22	27591	22
22	27592	22
22	27593	22
22	27594	22
22	27595	22
22	27596	22
22	27597	22
22	27598	22
22	27599	21
22	27600	21
22	27601	21
22	27602	21
22	27603	21
22	27604	21
22	27605	21
22	27606	21
22	27607	21
22	27608	21
22	27609	21
22	27610	21
22	27611	21
22	27612	21
22	27613	21
22	27614	21
22	27615	21
22	27616	20
22	27617	44
22	27618	44
22	27619	44
22	27620	44
22	27621	46
22	27622	47
22	27623	48
22	27624	49
22	27625	49
22	27626	49
22	27627	49
22	27628	49
22	27629	49
22	27630	49
22	27631	49
22	27632	49
22	27633	49
22	27634	49
22	27635	49
22	27636	45
22	27637	45
22	27638	45
22	27639	45
22	27640	46
22	27641	46
22	27642	46
22	27643	46
22	27644	46
22	27645	46
22	27646	57
22	27647	57
22	27648	57
22	27649	59
22	27650	59
22	27651	62
22	27652	62
22	27653	62
22	27654	62
22	27655	61
22	27656	61
22	27657	61
22	27658	58
22	27659	59
22	27660	59
22	27661	59
22	27662	62
22	27663	61
22	27664	61
22	27665	63
22	27666	63
22	27667	63
22	27668	63
22	27669	60
22	27670	59
22	27671	59
22	27672	60
22	27673	60
22	27674	55
22	27675	55
22	27676	59
22	27677	61
22	27678	63
22	27679	61
22	27680	61
22	27681	61
22	27682	62
22	27683	62
22	27684	63
22	27685	69
22	27686	69
22	27687	70
22	27688	70
22	27689	70
22	27690	70
22	27691	70
22	27692	70
22	27693	70
22	27694	67
22	27695	67
22	27696	67
22	27697	66
22	27698	66
22	27699	68
22	27700	68
22	27701	69
22	27702	69
22	27703	69
22	27704	69
22	27705	69
22	27706	69
22	27707	69
22	27708	70
22	27709	71
22	27710	72
22	27711	72
22	27712	72
22	27713	73
22	27714	74
22	27715	74
22	27716	74
22	27717	72
22	27718	72
22	27719	72
22	27720	70
22	27721	70
22	27722	70
22	27723	73
22	27724	72
22	27725	71
22	27726	70
22	27727	70
22	27728	71
22	27729	72
22	27730	72
22	27731	72
22	27732	70
22	27733	70
22	27734	70
22	27735	71
22	27736	70
22	27737	70
22	27738	70
22	27739	70
22	27740	71
22	27741	73
22	27742	77
22	27743	77
22	27744	77
22	27745	76
22	27746	76
22	27747	76
22	27748	76
22	27749	75
22	27750	76
22	27751	75
22	27752	75
22	27753	77
22	27754	77
22	27755	80
22	27756	82
22	27757	83
22	27758	83
22	27759	83
22	27760	85
22	27761	85
22	27762	84
22	27763	85
22	27764	86
22	27765	86
22	27766	86
22	27767	86
22	27768	87
22	27769	87
22	27770	89
22	27771	93
22	27772	93
22	27773	93
22	27774	94
22	27775	95
22	27776	95
22	27777	95
22	27778	95
22	27779	95
22	27780	96
22	27781	97
22	27782	97
22	27783	97
22	27784	97
22	27785	97
22	27786	100
22	27787	101
22	27788	101
22	27789	100
22	27790	99
22	27791	100
22	27792	100
22	27793	100
22	27794	100
22	27795	96
22	27796	96
22	27797	97
22	27798	97
22	27799	94
22	27800	96
22	27801	96
22	27802	96
22	27803	96
22	27804	96
22	27805	97
22	27806	93
22	27807	93
22	27808	93
22	27809	91
22	27810	91
22	27811	92
22	27812	92
22	27813	92
22	27814	90
22	27815	96
22	27816	96
22	27817	97
22	27818	97
22	27819	98
22	27820	98
22	27821	98
22	27822	97
22	27823	97
22	27824	98
22	27825	100
22	27826	96
22	27827	94
22	27828	92
22	27829	92
22	27830	97
22	27831	98
22	27832	99
22	27833	101
22	27834	101
22	27835	92
22	27836	92
22	27837	91
22	27838	94
22	27839	94
22	27840	95
22	27841	95
22	27842	95
22	27843	97
22	27844	97
22	27845	97
22	27846	98
22	27847	98
22	27848	98
22	27849	95
22	27850	95
22	27851	95
22	27852	95
22	27853	95
22	27854	95
22	27855	96
22	27856	96
22	27857	95
22	27858	94
22	27859	94
22	27860	92
22	27861	92
22	27862	93
22	27863	93
22	27864	93
22	27865	93
22	27866	93
22	27867	94
22	27868	94
22	27869	94
22	27870	96
22	27871	97
22	27872	97
22	27873	95
22	27874	95
22	27875	95
22	27876	94
22	27877	94
22	27878	93
22	27879	93
22	27880	93
22	27881	93
22	27882	98
22	27883	101
22	27884	105
22	27885	105
22	27886	105
22	27887	105
22	27888	105
22	27889	103
22	27890	101
22	27891	102
22	27892	98
22	27893	98
22	27894	98
22	27895	98
22	27896	101
22	27897	100
22	27898	101
22	27899	102
22	27900	105
22	27901	108
22	27902	109
22	27903	107
22	27904	103
22	27905	103
22	27906	101
22	27907	101
22	27908	101
22	27909	99
22	27910	96
22	27911	98
22	27912	98
22	27913	99
22	27914	97
22	27915	98
22	27916	98
22	27917	99
22	27918	94
22	27919	92
22	27920	91
22	27921	90
22	27922	91
22	27923	91
22	27924	90
22	27925	88
22	27926	89
22	27927	89
22	27928	89
22	27929	89
22	27930	87
22	27931	87
22	27932	87
22	27933	89
22	27934	89
22	27935	88
22	27936	85
22	27937	84
22	27938	84
22	27939	84
22	27940	84
22	27941	85
22	27942	86
22	27943	87
22	27944	87
22	27945	87
22	27946	87
22	27947	86
22	27948	86
22	27949	84
22	27950	84
22	27951	85
22	27952	88
22	27953	91
22	27954	94
22	27955	96
22	27956	98
22	27957	98
22	27958	100
22	27959	100
22	27960	103
22	27961	104
22	27962	105
22	27963	106
22	27964	101
22	27965	102
22	27966	105
22	27967	105
22	27968	105
22	27969	104
22	27970	107
22	27971	107
22	27972	108
22	27973	108
22	27974	107
22	27975	107
22	27976	108
22	27977	108
22	27978	108
22	27979	106
22	27980	106
22	27981	105
22	27982	104
22	27983	102
22	27984	101
22	27985	101
22	27986	101
22	27987	105
22	27988	102
22	27989	102
22	27990	101
22	27991	101
22	27992	100
22	27993	100
22	27994	100
22	27995	98
22	27996	99
22	27997	100
22	27998	102
22	27999	102
22	28000	102
22	28001	102
22	28002	102
22	28003	107
22	28004	107
22	28005	107
22	28006	108
22	28007	108
22	28008	109
22	28009	109
22	28010	110
22	28011	111
22	28012	112
22	28013	114
22	28014	114
22	28015	113
22	28016	113
22	28017	113
22	28018	114
22	28019	114
22	28020	113
22	28021	112
22	28022	114
22	28023	119
22	28024	120
22	28025	121
22	28026	121
22	28027	122
22	28028	122
22	28029	123
22	28030	124
22	28031	124
22	28032	119
22	28033	116
22	28034	111
22	28035	111
22	28036	112
22	28037	112
22	28038	112
22	28039	112
22	28040	115
22	28041	115
22	28042	115
22	28043	117
22	28044	114
22	28045	113
22	28046	116
22	28047	117
22	28048	117
22	28049	112
22	28050	111
22	28051	111
22	28052	110
22	28053	110
22	28054	110
22	28055	111
22	28056	114
22	28057	114
22	28058	115
22	28059	115
22	28060	115
22	28061	115
22	28062	119
22	28063	117
22	28064	117
22	28065	117
22	28066	117
22	28067	117
22	28068	117
22	28069	117
22	28070	117
22	28071	119
22	28072	118
22	28073	118
22	28074	118
22	28075	118
22	28076	118
22	28077	118
22	28078	118
22	28079	118
22	28080	118
22	28081	118
22	28082	122
22	28083	120
22	28084	121
22	28085	120
22	28086	119
22	28087	122
22	28088	122
22	28089	122
22	28090	122
22	28091	121
22	28092	122
22	28093	122
22	28094	128
22	28095	127
22	28096	127
22	28097	139
22	28098	140
22	28099	142
22	28100	142
22	28101	136
22	28102	136
22	28103	133
22	28104	133
22	28105	133
22	28106	131
22	28107	130
22	28108	130
22	28109	129
22	28110	129
22	28111	128
22	28112	127
22	28113	127
22	28114	126
22	28115	125
22	28116	120
22	28117	120
22	28118	123
22	28119	123
22	28120	128
22	28121	128
22	28122	127
22	28123	127
22	28124	126
22	28125	126
22	28126	126
22	28127	126
22	28128	125
22	28129	128
22	28130	126
22	28131	126
22	28132	126
22	28133	124
22	28134	125
22	28135	121
22	28136	121
22	28137	124
22	28138	124
22	28139	124
22	28140	124
22	28141	123
22	28142	123
22	28143	123
22	28144	123
22	28145	122
22	28146	120
22	28147	119
22	28148	118
22	28149	118
22	28150	119
22	28151	119
22	28152	120
22	28153	115
22	28154	115
22	28155	117
22	28156	121
22	28157	120
22	28158	121
22	28159	121
22	28160	120
22	28161	119
22	28162	116
22	28163	114
22	28164	115
22	28165	116
22	28166	116
22	28167	118
22	28168	117
22	28169	116
22	28170	116
22	28171	115
22	28172	115
22	28173	110
22	28174	110
22	28175	110
22	28176	110
22	28177	109
22	28178	109
22	28179	109
22	28180	111
22	28181	111
22	28182	113
22	28183	113
22	28184	113
22	28185	113
22	28186	113
22	28187	112
22	28188	108
22	28189	108
22	28190	108
22	28191	107
22	28192	107
22	28193	105
22	28194	105
22	28195	108
22	28196	105
22	28197	105
22	28198	105
22	28199	107
22	28200	107
22	28201	106
22	28202	106
22	28203	106
22	28204	106
22	28205	103
22	28206	102
22	28207	105
22	28208	110
22	28209	110
22	28210	108
22	28211	108
22	28212	105
22	28213	105
22	28214	105
22	28215	105
22	28216	104
22	28217	104
22	28218	104
22	28219	104
22	28220	104
22	28221	102
22	28222	103
22	28223	108
22	28224	108
22	28225	108
22	28226	107
22	28227	107
22	28228	108
22	28229	109
22	28230	109
22	28231	107
22	28232	108
22	28233	108
22	28234	107
22	28235	107
22	28236	103
22	28237	104
22	28238	104
22	28239	104
22	28240	105
22	28241	105
22	28242	102
22	28243	101
22	28244	98
22	28245	99
22	28246	99
22	28247	86
22	28248	85
22	28249	85
22	28250	85
22	28251	83
22	28252	83
22	28253	85
22	28254	85
22	28255	82
22	28256	82
22	28257	82
22	28258	82
22	28259	88
22	28260	92
22	28261	91
22	28262	90
22	28263	90
22	28264	92
22	28265	94
22	28266	94
22	28267	94
22	28268	93
22	28269	86
22	28270	90
22	28271	90
22	28272	91
22	28273	91
22	28274	90
22	28275	90
22	28276	89
22	28277	89
22	28278	90
22	28279	87
22	28280	87
22	28281	86
22	28282	86
22	28283	86
22	28284	84
22	28285	86
22	28286	85
22	28287	86
22	28288	86
22	28289	86
22	28290	86
22	28291	86
22	28292	86
22	28293	86
22	28294	87
22	28295	87
22	28296	90
22	28297	95
22	28298	96
22	28299	96
22	28300	95
22	28301	95
22	28302	94
22	28303	94
22	28304	92
22	28305	92
22	28306	88
22	28307	89
22	28308	89
22	28309	90
22	28310	90
22	28311	90
22	28312	90
22	28313	90
22	28314	93
22	28315	93
22	28316	90
22	28317	89
22	28318	90
22	28319	90
22	28320	90
22	28321	90
22	28322	93
22	28323	90
22	28324	90
22	28325	90
22	28326	90
22	28327	90
22	28328	91
22	28329	89
22	28330	87
22	28331	87
22	28332	87
22	28333	88
22	28334	89
22	28335	95
22	28336	95
22	28337	95
22	28338	95
22	28339	95
22	28340	95
22	28341	95
22	28342	95
22	28343	95
22	28344	92
22	28345	94
22	28346	93
22	28347	96
22	28348	97
22	28349	94
22	28350	94
22	28351	94
22	28352	94
22	28353	94
22	28354	91
22	28355	92
22	28356	90
22	28357	85
22	28358	84
22	28359	84
22	28360	83
22	28361	83
22	28362	83
22	28363	83
22	28364	83
22	28365	83
22	28366	83
22	28367	83
22	28368	83
22	28369	83
22	28370	81
22	28371	83
22	28372	80
22	28373	82
22	28374	83
22	28375	83
22	28376	83
22	28377	84
22	28378	84
22	28379	84
22	28380	83
22	28381	86
22	28382	85
22	28383	86
22	28384	86
22	28385	86
22	28386	86
22	28387	86
22	28388	90
22	28389	91
22	28390	94
22	28391	97
22	28392	96
22	28393	96
22	28394	95
22	28395	95
22	28396	95
22	28397	96
22	28398	96
22	28399	98
22	28400	98
22	28401	98
22	28402	96
22	28403	96
22	28404	96
22	28405	96
22	28406	96
22	28407	97
22	28408	91
22	28409	90
22	28410	87
22	28411	89
22	28412	89
22	28413	85
22	28414	86
22	28415	86
22	28416	87
22	28417	86
22	28418	87
22	28419	88
22	28420	84
22	28421	84
22	28422	83
22	28423	85
22	28424	85
22	28425	85
22	28426	86
22	28427	86
22	28428	88
22	28429	89
22	28430	90
22	28431	90
22	28432	93
22	28433	93
22	28434	93
22	28435	92
22	28436	92
22	28437	92
22	28438	92
22	28439	91
22	28440	92
22	28441	92
22	28442	92
22	28443	96
22	28444	95
22	28445	95
22	28446	92
22	28447	86
22	28448	87
22	28449	87
22	28450	86
22	28451	88
22	28452	89
22	28453	89
22	28454	88
22	28455	87
22	28456	87
22	28457	95
22	28458	95
22	28459	99
22	28460	100
22	28461	100
22	28462	97
22	28463	99
22	28464	102
22	28465	105
22	28466	105
22	28467	105
22	28468	105
22	28469	105
22	28470	107
22	28471	107
22	28472	103
22	28473	103
22	28474	103
22	28475	103
22	28476	103
22	28477	104
22	28478	103
22	28479	103
22	28480	104
22	28481	104
22	28482	104
22	28483	104
22	28484	103
22	28485	100
22	28486	100
22	28487	100
22	28488	100
22	28489	98
22	28490	99
22	28491	99
22	28492	99
22	28493	99
22	28494	99
22	28495	97
22	28496	98
22	28497	96
22	28498	95
22	28499	95
22	28500	97
22	28501	97
22	28502	97
22	28503	97
22	28504	97
22	28505	96
22	28506	96
22	28507	96
22	28508	96
22	28509	96
22	28510	96
22	28511	100
22	28512	102
22	28513	102
22	28514	104
22	28515	104
22	28516	105
22	28517	105
22	28518	105
22	28519	105
22	28520	105
22	28521	104
22	28522	104
22	28523	104
22	28524	103
22	28525	103
22	28526	109
22	28527	107
22	28528	107
22	28529	108
22	28530	109
22	28531	107
22	28532	108
22	28533	107
22	28534	108
22	28535	108
22	28536	110
22	28537	110
22	28538	106
22	28539	110
22	28540	106
22	28541	104
22	28542	102
22	28543	103
22	28544	104
22	28545	104
22	28546	104
22	28547	101
22	28548	100
22	28549	99
22	28550	99
22	28551	99
22	28552	103
22	28553	103
22	28554	104
22	28555	105
22	28556	107
22	28557	106
22	28558	107
22	28559	107
22	28560	106
22	28561	104
22	28562	105
22	28563	105
22	28564	103
22	28565	104
22	28566	105
22	28567	105
22	28568	105
22	28569	104
22	28570	104
22	28571	105
22	28572	105
22	28573	105
22	28574	112
22	28575	114
22	28576	112
22	28577	112
22	28578	109
22	28579	111
22	28580	110
22	28581	112
22	28582	109
22	28583	119
22	28584	119
22	28585	118
22	28586	118
22	28587	117
22	28588	117
22	28589	118
22	28590	122
22	28591	122
22	28592	118
22	28593	118
22	28594	118
22	28595	118
22	28596	118
22	28597	118
22	28598	119
22	28599	119
22	28600	124
22	28601	123
22	28602	123
22	28603	123
22	28604	123
22	28605	125
22	28606	128
22	28607	120
22	28608	120
22	28609	115
22	28610	114
22	28611	114
22	28612	113
22	28613	111
22	28614	108
22	28615	106
22	28616	106
22	28617	108
22	28618	108
22	28619	108
22	28620	107
22	28621	108
22	28622	108
22	28623	108
22	28624	107
22	28625	107
22	28626	107
22	28627	107
22	28628	107
22	28629	107
22	28630	106
22	28631	106
22	28632	105
22	28633	105
22	28634	106
22	28635	104
22	28636	104
22	28637	104
22	28638	105
22	28639	104
22	28640	105
22	28641	105
22	28642	106
22	28643	106
22	28644	106
22	28645	106
22	28646	106
22	28647	106
22	28648	106
22	28649	106
22	28650	105
22	28651	105
22	28652	107
22	28653	107
22	28654	107
22	28655	107
22	28656	107
22	28657	110
22	28658	111
22	28659	110
22	28660	109
22	28661	107
22	28662	105
22	28663	106
22	28664	104
22	28665	105
22	28666	107
22	28667	108
22	28668	110
22	28669	110
22	28670	112
22	28671	113
22	28672	110
22	28673	108
22	28674	106
22	28675	103
22	28676	104
22	28677	104
22	28678	105
22	28679	103
22	28680	101
22	28681	104
22	28682	104
22	28683	103
22	28684	103
22	28685	105
22	28686	104
22	28687	106
22	28688	102
22	28689	101
22	28690	101
22	28691	103
22	28692	107
22	28693	108
22	28694	108
22	28695	111
22	28696	111
22	28697	124
22	28698	125
22	28699	132
22	28700	132
22	28701	132
22	28702	128
22	28703	128
22	28704	134
22	28705	133
22	28706	132
22	28707	131
22	28708	133
22	28709	133
22	28710	133
22	28711	133
22	28712	134
22	28713	134
22	28714	135
22	28715	135
22	28716	134
22	28717	134
22	28718	134
22	28719	134
22	28720	134
22	28721	134
22	28722	135
22	28723	134
22	28724	128
22	28725	129
22	28726	131
22	28727	131
22	28728	130
22	28729	129
22	28730	129
22	28731	130
22	28732	130
22	28733	120
22	28734	120
22	28735	121
22	28736	121
22	28737	121
22	28738	122
22	28739	122
22	28740	119
22	28741	119
22	28742	119
22	28743	119
22	28744	119
22	28745	119
22	28746	119
22	28747	130
22	28748	130
22	28749	132
22	28750	128
22	28751	130
22	28752	131
22	28753	133
22	28754	133
22	28755	131
22	28756	128
22	28757	128
22	28758	128
22	28759	128
22	28760	132
22	28761	133
22	28762	133
22	28763	134
22	28764	136
22	28765	135
22	28766	135
22	28767	133
22	28768	133
22	28769	134
22	28770	136
22	28771	136
22	28772	138
22	28773	137
22	28774	137
22	28775	137
22	28776	137
22	28777	138
22	28778	138
22	28779	138
22	28780	138
22	28781	139
22	28782	139
22	28783	139
22	28784	144
22	28785	144
22	28786	145
22	28787	147
22	28788	147
22	28789	146
22	28790	146
22	28791	149
22	28792	149
22	28793	152
22	28794	152
22	28795	154
22	28796	153
22	28797	153
22	28798	154
22	28799	153
22	28800	153
22	28801	153
22	28802	152
22	28803	151
22	28804	152
22	28805	151
22	28806	150
22	28807	150
22	28808	161
22	28809	161
22	28810	162
22	28811	162
22	28812	163
22	28813	162
22	28814	163
22	28815	162
22	28816	161
22	28817	160
22	28818	160
22	28819	158
22	28820	157
22	28821	158
22	28822	158
22	28823	158
22	28824	157
22	28825	162
22	28826	163
22	28827	163
22	28828	168
22	28829	168
22	28830	169
22	28831	169
22	28832	170
22	28833	174
22	28834	177
22	28835	175
22	28836	176
22	28837	174
22	28838	178
22	28839	179
22	28840	183
22	28841	178
22	28842	173
22	28843	173
22	28844	174
22	28845	174
22	28846	174
22	28847	161
22	28848	161
22	28849	154
22	28850	154
22	28851	154
22	28852	153
22	28853	153
22	28854	149
22	28855	148
22	28856	146
22	28857	146
22	28858	144
22	28859	147
22	28860	147
22	28861	147
22	28862	145
22	28863	144
22	28864	144
22	28865	144
22	28866	143
22	28867	146
22	28868	146
22	28869	146
22	28870	147
22	28871	147
22	28872	148
22	28873	146
22	28874	146
22	28875	146
22	28876	145
22	28877	145
22	28878	144
22	28879	144
22	28880	144
22	28881	143
22	28882	144
22	28883	144
22	28884	144
22	28885	141
22	28886	141
22	28887	149
22	28888	148
22	28889	145
22	28890	148
22	28891	148
22	28892	149
22	28893	150
22	28894	153
22	28895	153
22	28896	146
22	28897	143
22	28898	141
22	28899	141
22	28900	139
22	28901	142
22	28902	141
22	28903	144
22	28904	144
22	28905	147
22	28906	147
22	28907	148
22	28908	154
22	28909	151
22	28910	154
22	28911	154
22	28912	155
22	28913	156
22	28914	156
22	28915	156
22	28916	161
22	28917	161
22	28918	161
22	28919	159
22	28920	156
22	28921	155
22	28922	155
22	28923	158
22	28924	161
22	28925	162
22	28926	163
22	28927	164
22	28928	167
22	28929	172
22	28930	172
22	28931	171
22	28932	175
22	28933	176
22	28934	175
22	28935	174
22	28936	174
22	28937	172
22	28938	171
22	28939	171
22	28940	171
22	28941	167
22	28942	166
22	28943	163
22	28944	164
22	28945	162
22	28946	162
22	28947	162
22	28948	162
22	28949	166
22	28950	166
22	28951	166
22	28952	165
22	28953	165
22	28954	165
22	28955	165
22	28956	166
22	28957	167
22	28958	158
22	28959	158
22	28960	156
22	28961	156
22	28962	156
22	28963	156
22	28964	157
22	28965	157
22	28966	159
22	28967	157
22	28968	155
22	28969	164
22	28970	164
22	28971	169
22	28972	170
22	28973	170
22	28974	170
22	28975	166
22	28976	165
22	28977	163
22	28978	159
22	28979	162
22	28980	161
22	28981	161
22	28982	160
22	28983	158
22	28984	153
22	28985	156
22	28986	155
22	28987	155
22	28988	152
22	28989	151
22	28990	149
22	28991	149
22	28992	149
22	28993	150
22	28994	150
22	28995	151
22	28996	150
22	28997	150
22	28998	150
22	28999	150
22	29000	153
22	29001	155
22	29002	156
22	29003	157
22	29004	157
22	29005	158
22	29006	158
22	29007	158
22	29008	158
22	29009	155
22	29010	155
22	29011	155
22	29012	155
22	29013	154
22	29014	154
22	29015	154
22	29016	154
22	29017	152
22	29018	152
22	29019	150
22	29020	149
22	29021	151
22	29022	151
22	29023	152
22	29024	151
22	29025	151
22	29026	154
22	29027	154
22	29028	154
22	29029	155
22	29030	153
22	29031	154
22	29032	157
22	29033	161
22	29034	167
22	29035	161
22	29036	164
22	29037	165
22	29038	165
22	29039	165
22	29040	166
22	29041	166
22	29042	177
22	29043	174
22	29044	176
22	29045	176
22	29046	173
22	29047	173
22	29048	176
22	29049	186
22	29050	187
22	29051	181
22	29052	182
22	29053	179
22	29054	183
22	29055	181
22	29056	183
22	29057	179
22	29058	176
22	29059	179
22	29060	178
22	29061	177
22	29062	176
22	29063	174
22	29064	171
22	29065	173
22	29066	170
22	29067	170
22	29068	170
22	29069	172
22	29070	175
22	29071	173
22	29072	174
22	29073	173
22	29074	168
22	29075	170
22	29076	169
22	29077	170
22	29078	169
22	29079	162
22	29080	162
22	29081	162
22	29082	160
22	29083	160
22	29084	156
22	29085	157
22	29086	157
22	29087	157
22	29088	157
22	29089	157
22	29090	158
22	29091	158
22	29092	158
22	29093	158
22	29094	158
22	29095	159
22	29096	159
22	29097	159
22	29098	161
22	29099	158
22	29100	158
22	29101	158
22	29102	159
22	29103	159
22	29104	160
22	29105	162
22	29106	164
22	29107	167
22	29108	164
22	29109	167
22	29110	167
22	29111	170
22	29112	169
22	29113	170
22	29114	169
22	29115	169
22	29116	171
22	29117	170
22	29118	175
22	29119	168
22	29120	164
22	29121	164
22	29122	165
22	29123	163
22	29124	166
22	29125	165
22	29126	169
22	29127	169
22	29128	169
22	29129	164
22	29130	163
22	29131	163
22	29132	163
22	29133	163
22	29134	164
22	29135	162
22	29136	162
22	29137	164
22	29138	163
22	29139	161
22	29140	161
22	29141	160
22	29142	158
22	29143	159
22	29144	158
22	29145	159
22	29146	159
22	29147	160
22	29148	159
22	29149	158
22	29150	159
22	29151	156
22	29152	161
22	29153	161
22	29154	161
22	29155	161
22	29156	162
22	29157	164
22	29158	164
22	29159	166
22	29160	170
22	29161	170
22	29162	170
22	29163	170
22	29164	170
22	29165	170
22	29166	171
22	29167	176
22	29168	177
22	29169	177
22	29170	177
22	29171	176
22	29172	175
22	29173	175
22	29174	175
22	29175	175
22	29176	172
22	29177	175
22	29178	175
22	29179	174
22	29180	174
22	29181	173
22	29182	171
22	29183	160
22	29184	159
22	29185	159
22	29186	158
22	29187	158
22	29188	158
22	29189	158
22	29190	156
22	29191	146
22	29192	146
22	29193	146
22	29194	144
22	29195	145
22	29196	143
22	29197	145
22	29198	142
22	29199	134
22	29200	140
22	29201	140
22	29202	142
22	29203	142
22	29204	137
22	29205	136
22	29206	133
22	29207	136
22	29208	134
22	29209	131
22	29210	131
22	29211	131
22	29212	131
22	29213	131
22	29214	131
22	29215	129
22	29216	127
22	29217	128
22	29218	135
22	29219	130
22	29220	130
22	29221	129
22	29222	130
22	29223	131
22	29224	131
22	29225	129
22	29226	128
22	29227	127
22	29228	125
22	29229	125
22	29230	126
22	29231	126
22	29232	122
22	29233	121
22	29234	121
22	29235	120
22	29236	120
22	29237	120
22	29238	120
22	29239	120
22	29240	121
22	29241	124
22	29242	124
22	29243	124
22	29244	123
22	29245	123
22	29246	123
22	29247	125
22	29248	123
22	29249	123
22	29250	124
22	29251	126
22	29252	126
22	29253	126
22	29254	124
22	29255	123
22	29256	118
22	29257	112
22	29258	112
22	29259	109
22	29260	109
22	29261	110
22	29262	111
22	29263	110
22	29264	111
22	29265	112
22	29266	108
22	29267	108
22	29268	102
22	29269	103
22	29270	103
22	29271	103
22	29272	101
22	29273	101
22	29274	100
22	29275	100
22	29276	100
22	29277	100
22	29278	100
22	29279	100
22	29280	100
22	29281	101
22	29282	101
22	29283	100
22	29284	99
22	29285	98
22	29286	98
22	29287	96
22	29288	96
22	29289	96
22	29290	96
22	29291	96
22	29292	96
22	29293	98
22	29294	98
22	29295	96
22	29296	93
22	29297	95
22	29298	96
22	29299	95
22	29300	95
22	29301	95
22	29302	91
22	29303	91
22	29304	89
22	29305	88
22	29306	88
22	29307	86
22	29308	85
22	29309	85
22	29310	81
22	29311	81
22	29312	84
22	29313	84
22	29314	85
22	29315	85
22	29316	83
22	29317	78
22	29318	78
22	29319	78
22	29320	78
22	29321	79
22	29322	79
22	29323	80
22	29324	78
22	29325	79
22	29326	78
22	29327	80
22	29328	82
22	29329	82
22	29330	81
22	29331	81
22	29332	79
22	29333	80
22	29334	79
22	29335	80
22	29336	79
22	29337	78
22	29338	78
22	29339	77
22	29340	77
22	29341	78
22	29342	78
22	29343	78
22	29344	78
22	29345	77
22	29346	77
22	29347	80
22	29348	80
22	29349	79
22	29350	71
22	29351	71
22	29352	72
22	29353	72
22	29354	72
22	29355	72
22	29356	72
22	29357	70
22	29358	69
22	29359	69
22	29360	69
22	29361	69
22	29362	69
22	29363	69
22	29364	69
22	29365	69
22	29366	69
22	29367	62
22	29368	62
22	29369	62
22	29370	62
22	29371	60
22	29372	59
22	29373	59
22	29374	59
22	29375	59
22	29376	60
22	29377	60
22	29378	60
22	29379	60
22	29380	59
22	29381	57
22	29382	57
22	29383	57
22	29384	57
22	29385	57
22	29386	57
22	29387	63
22	29388	63
22	29389	62
22	29390	61
22	29391	58
22	29392	58
22	29393	58
22	29394	56
22	29395	55
22	29396	56
22	29397	57
22	29398	58
22	29399	58
22	29400	56
22	29401	54
22	29402	56
22	29403	50
22	29404	51
22	29405	52
22	29406	52
22	29407	54
22	29408	54
22	29409	54
22	29410	54
22	29411	55
22	29412	54
22	29413	53
22	29414	51
22	29415	51
22	29416	52
22	29417	53
22	29418	53
22	29419	53
22	29420	52
22	29421	53
22	29422	53
22	29423	54
22	29424	57
22	29425	59
22	29426	59
22	29427	61
22	29428	60
22	29429	60
22	29430	61
22	29431	62
22	29432	63
22	29433	62
22	29434	62
22	29435	62
22	29436	62
22	29437	62
22	29438	63
22	29439	62
22	29440	62
22	29441	62
22	29442	62
22	29443	62
22	29444	64
22	29445	64
22	29446	64
22	29447	61
22	29448	59
22	29449	59
22	29450	59
22	29451	59
22	29452	60
22	29453	60
22	29454	60
22	29455	61
22	29456	61
22	29457	63
22	29458	63
22	29459	63
22	29460	62
22	29461	64
22	29462	61
22	29463	60
22	29464	60
22	29465	60
22	29466	60
22	29467	60
22	29468	61
22	29469	61
22	29470	61
22	29471	62
22	29472	64
22	29473	64
22	29474	64
22	29475	65
22	29476	67
22	29477	67
22	29478	67
22	29479	67
22	29480	67
22	29481	69
22	29482	70
22	29483	70
22	29484	71
22	29485	72
22	29486	72
22	29487	73
22	29488	73
22	29489	73
22	29490	72
22	29491	71
22	29492	72
22	29493	72
22	29494	71
22	29495	70
22	29496	69
22	29497	67
22	29498	67
22	29499	66
22	29500	67
22	29501	67
22	29502	70
22	29503	71
22	29504	71
22	29505	71
22	29506	72
22	29507	72
22	29508	72
22	29509	72
22	29510	72
22	29511	72
22	29512	72
22	29513	72
22	29514	72
22	29515	72
22	29516	72
22	29517	72
22	29518	72
22	29519	72
22	29520	72
22	29521	72
22	29522	73
22	29523	73
22	29524	74
22	29525	73
22	29526	73
22	29527	74
22	29528	74
22	29529	77
22	29530	77
22	29531	79
22	29532	79
22	29533	80
22	29534	80
22	29535	77
22	29536	77
22	29537	76
22	29538	75
22	29539	79
22	29540	80
22	29541	80
22	29542	80
22	29543	81
22	29544	82
22	29545	82
22	29546	81
22	29547	80
22	29548	80
22	29549	80
22	29550	80
22	29551	80
22	29552	78
22	29553	77
22	29554	76
22	29555	76
22	29556	75
22	29557	75
22	29558	75
22	29559	75
22	29560	75
22	29561	74
22	29562	74
22	29563	74
22	29564	76
22	29565	75
22	29566	75
22	29567	75
22	29568	75
22	29569	75
22	29570	75
22	29571	74
22	29572	73
22	29573	73
22	29574	74
22	29575	75
22	29576	73
22	29577	74
22	29578	75
22	29579	75
22	29580	73
22	29581	73
22	29582	74
22	29583	74
22	29584	75
22	29585	75
22	29586	75
22	29587	76
22	29588	76
22	29589	77
22	29590	77
22	29591	75
22	29592	75
22	29593	75
22	29594	73
22	29595	73
22	29596	73
22	29597	73
22	29598	75
22	29599	75
22	29600	75
22	29601	76
22	29602	76
22	29603	76
22	29604	77
22	29605	77
22	29606	77
22	29607	74
22	29608	75
22	29609	75
22	29610	76
22	29611	74
22	29612	75
22	29613	78
22	29614	78
22	29615	78
22	29616	77
22	29617	76
22	29618	76
22	29619	77
22	29620	76
22	29621	76
22	29622	73
22	29623	73
22	29624	72
22	29625	70
22	29626	65
22	29627	66
22	29628	65
22	29629	65
22	29630	64
22	29631	63
22	29632	62
22	29633	66
22	29634	64
22	29635	64
22	29636	64
22	29637	63
22	29638	64
22	29639	64
22	29640	64
22	29641	70
22	29642	69
22	29643	72
22	29644	72
22	29645	72
22	29646	72
22	29647	72
22	29648	74
22	29649	74
22	29650	70
22	29651	77
22	29652	76
22	29653	77
22	29654	77
22	29655	78
22	29656	78
22	29657	77
22	29658	80
22	29659	80
22	29660	80
22	29661	80
22	29662	80
22	29663	80
22	29664	80
22	29665	81
22	29666	81
22	29667	82
22	29668	82
22	29669	82
22	29670	82
22	29671	83
22	29672	82
22	29673	84
22	29674	84
22	29675	84
22	29676	84
22	29677	88
22	29678	89
22	29679	88
22	29680	93
22	29681	91
22	29682	91
22	29683	90
22	29684	91
22	29685	94
22	29686	97
22	29687	95
22	29688	94
22	29689	93
22	29690	93
22	29691	95
22	29692	94
22	29693	94
22	29694	95
22	29695	94
22	29696	94
22	29697	94
22	29698	96
22	29699	97
22	29700	97
22	29701	101
22	29702	100
22	29703	100
22	29704	100
22	29705	100
22	29706	100
22	29707	100
22	29708	101
22	29709	101
22	29710	101
22	29711	101
22	29712	101
22	29713	100
22	29714	100
22	29715	100
22	29716	100
22	29717	100
22	29718	100
22	29719	102
22	29720	104
22	29721	104
22	29722	104
22	29723	104
22	29724	99
22	29725	101
22	29726	102
22	29727	99
22	29728	99
22	29729	99
22	29730	99
22	29731	99
22	29732	97
22	29733	97
22	29734	97
22	29735	97
22	29736	97
22	29737	97
22	29738	98
22	29739	97
22	29740	97
22	29741	97
22	29742	97
22	29743	97
22	29744	96
22	29745	96
22	29746	97
22	29747	98
22	29748	98
22	29749	98
22	29750	97
22	29751	97
22	29752	100
22	29753	100
22	29754	99
22	29755	99
22	29756	99
22	29757	100
22	29758	102
22	29759	102
22	29760	101
22	29761	99
22	29762	99
22	29763	102
22	29764	102
22	29765	102
22	29766	102
22	29767	101
22	29768	102
22	29769	103
22	29770	106
22	29771	106
22	29772	107
22	29773	106
22	29774	106
22	29775	106
22	29776	108
22	29777	109
22	29778	108
22	29779	108
22	29780	110
22	29781	110
22	29782	107
22	29783	106
22	29784	106
22	29785	107
22	29786	108
22	29787	107
22	29788	107
22	29789	107
22	29790	107
22	29791	101
22	29792	98
22	29793	98
22	29794	99
22	29795	99
22	29796	100
22	29797	100
22	29798	100
22	29799	100
22	29800	93
22	29801	93
22	29802	92
22	29803	92
22	29804	92
22	29805	91
22	29806	91
22	29807	91
22	29808	90
22	29809	91
22	29810	91
22	29811	93
22	29812	93
22	29813	95
22	29814	95
22	29815	91
22	29816	90
22	29817	90
22	29818	94
22	29819	96
22	29820	95
22	29821	94
22	29822	92
22	29823	92
22	29824	92
22	29825	94
22	29826	93
22	29827	96
22	29828	95
22	29829	95
22	29830	91
22	29831	89
22	29832	90
22	29833	88
22	29834	86
22	29835	86
22	29836	81
22	29837	82
22	29838	85
22	29839	85
22	29840	84
22	29841	84
22	29842	94
22	29843	94
22	29844	93
22	29845	93
22	29846	93
22	29847	95
22	29848	95
22	29849	95
22	29850	95
22	29851	91
22	29852	91
22	29853	90
22	29854	91
22	29855	92
22	29856	92
22	29857	91
22	29858	93
22	29859	93
22	29860	93
22	29861	95
22	29862	97
22	29863	97
22	29864	98
22	29865	104
22	29866	104
22	29867	102
22	29868	103
22	29869	102
22	29870	100
22	29871	101
22	29872	101
22	29873	102
22	29874	103
22	29875	101
22	29876	102
22	29877	103
22	29878	103
22	29879	105
22	29880	104
22	29881	104
22	29882	104
22	29883	105
22	29884	105
22	29885	105
22	29886	106
22	29887	106
22	29888	105
22	29889	106
22	29890	108
22	29891	110
22	29892	112
22	29893	112
22	29894	112
22	29895	112
22	29896	113
22	29897	111
22	29898	113
22	29899	113
22	29900	113
22	29901	113
22	29902	109
22	29903	110
22	29904	109
22	29905	111
22	29906	111
22	29907	108
22	29908	109
22	29909	109
22	29910	110
22	29911	119
22	29912	118
22	29913	116
22	29914	119
22	29915	119
22	29916	119
22	29917	119
22	29918	120
22	29919	119
22	29920	115
22	29921	115
22	29922	115
22	29923	115
22	29924	116
22	29925	115
22	29926	114
22	29927	112
22	29928	114
22	29929	113
22	29930	111
22	29931	112
22	29932	112
22	29933	112
22	29934	112
22	29935	111
22	29936	110
22	29937	111
22	29938	115
22	29939	115
22	29940	115
22	29941	116
22	29942	116
22	29943	116
22	29944	115
22	29945	115
22	29946	113
22	29947	113
22	29948	113
22	29949	112
22	29950	112
22	29951	112
22	29952	114
22	29953	114
22	29954	116
22	29955	117
22	29956	116
22	29957	116
22	29958	117
22	29959	119
22	29960	121
22	29961	119
22	29962	119
22	29963	117
22	29964	117
22	29965	118
22	29966	119
22	29967	115
22	29968	115
22	29969	115
22	29970	115
22	29971	115
22	29972	115
22	29973	117
22	29974	116
22	29975	116
22	29976	115
22	29977	115
22	29978	118
22	29979	117
22	29980	117
22	29981	116
22	29982	115
22	29983	119
22	29984	119
22	29985	119
22	29986	120
22	29987	116
22	29988	119
22	29989	118
22	29990	118
22	29991	113
22	29992	107
22	29993	107
22	29994	108
22	29995	107
22	29996	107
22	29997	103
22	29998	103
22	29999	103
22	30000	103
22	30001	103
22	30002	103
22	30003	103
22	30004	102
22	30005	103
22	30006	103
22	30007	104
22	30008	102
22	30009	102
22	30010	101
22	30011	100
22	30012	97
22	30013	97
22	30014	98
22	30015	92
22	30016	95
22	30017	95
22	30018	96
22	30019	97
22	30020	97
22	30021	99
22	30022	99
22	30023	97
22	30024	96
22	30025	96
22	30026	94
22	30027	94
22	30028	94
22	30029	94
22	30030	95
22	30031	96
22	30032	96
22	30033	96
22	30034	96
22	30035	99
22	30036	99
22	30037	98
22	30038	98
22	30039	96
22	30040	96
22	30041	93
22	30042	92
22	30043	92
22	30044	93
22	30045	99
22	30046	97
22	30047	95
22	30048	95
22	30049	96
22	30050	97
22	30051	98
22	30052	98
22	30053	97
22	30054	95
22	30055	96
22	30056	96
22	30057	95
22	30058	94
22	30059	95
22	30060	94
22	30061	84
22	30062	85
22	30063	84
22	30064	82
22	30065	83
22	30066	85
22	30067	85
22	30068	84
22	30069	84
22	30070	84
22	30071	84
22	30072	83
22	30073	89
22	30074	89
22	30075	89
22	30076	89
22	30077	90
22	30078	93
22	30079	95
22	30080	95
22	30081	94
22	30082	94
22	30083	95
22	30084	95
22	30085	95
22	30086	95
22	30087	98
22	30088	94
22	30089	96
22	30090	98
22	30091	98
22	30092	98
22	30093	98
22	30094	105
22	30095	108
22	30096	109
22	30097	109
22	30098	109
22	30099	109
22	30100	109
22	30101	113
22	30102	114
22	30103	115
22	30104	117
22	30105	117
22	30106	115
22	30107	115
22	30108	111
22	30109	111
22	30110	109
22	30111	109
22	30112	112
22	30113	112
22	30114	111
22	30115	110
22	30116	110
22	30117	110
22	30118	110
22	30119	110
22	30120	110
22	30121	110
22	30122	110
22	30123	108
22	30124	106
22	30125	106
22	30126	106
22	30127	105
22	30128	103
22	30129	102
22	30130	102
22	30131	104
22	30132	100
22	30133	101
22	30134	101
22	30135	101
22	30136	101
22	30137	101
22	30138	98
22	30139	99
22	30140	103
22	30141	103
22	30142	103
22	30143	102
22	30144	104
22	30145	110
22	30146	110
22	30147	111
22	30148	112
22	30149	112
22	30150	113
22	30151	113
22	30152	114
22	30153	114
22	30154	114
22	30155	113
22	30156	113
22	30157	112
22	30158	114
22	30159	118
22	30160	119
22	30161	120
22	30162	120
22	30163	120
22	30164	117
22	30165	118
22	30166	115
22	30167	114
22	30168	114
22	30169	114
22	30170	114
22	30171	112
22	30172	112
22	30173	113
22	30174	113
22	30175	114
22	30176	114
22	30177	114
22	30178	114
22	30179	109
22	30180	109
22	30181	112
22	30182	110
22	30183	109
22	30184	113
22	30185	120
22	30186	121
22	30187	121
22	30188	121
22	30189	120
22	30190	122
22	30191	125
22	30192	125
22	30193	125
22	30194	118
22	30195	118
22	30196	120
22	30197	120
22	30198	119
22	30199	119
22	30200	121
22	30201	120
22	30202	120
22	30203	119
22	30204	119
22	30205	118
22	30206	118
22	30207	119
22	30208	119
22	30209	118
22	30210	118
22	30211	117
22	30212	117
22	30213	117
22	30214	117
22	30215	117
22	30216	115
22	30217	117
22	30218	120
22	30219	120
22	30220	121
22	30221	121
22	30222	119
22	30223	117
22	30224	119
22	30225	119
22	30226	126
22	30227	119
22	30228	119
22	30229	117
22	30230	118
22	30231	118
22	30232	118
22	30233	118
22	30234	119
22	30235	120
22	30236	123
22	30237	123
22	30238	124
22	30239	122
22	30240	121
22	30241	118
22	30242	118
22	30243	119
22	30244	117
22	30245	113
22	30246	112
22	30247	112
22	30248	112
22	30249	112
22	30250	108
22	30251	107
22	30252	105
22	30253	103
22	30254	102
22	30255	103
22	30256	103
22	30257	103
22	30258	103
22	30259	103
22	30260	105
22	30261	103
22	30262	103
22	30263	104
22	30264	105
22	30265	105
22	30266	105
22	30267	105
22	30268	106
22	30269	106
22	30270	106
22	30271	107
22	30272	107
22	30273	107
22	30274	107
22	30275	107
22	30276	107
22	30277	107
22	30278	107
22	30279	109
22	30280	107
22	30281	110
22	30282	112
22	30283	110
22	30284	111
22	30285	110
22	30286	111
22	30287	111
22	30288	110
22	30289	108
22	30290	105
22	30291	110
22	30292	111
22	30293	111
22	30294	108
22	30295	104
22	30296	105
22	30297	104
22	30298	103
22	30299	103
22	30300	103
22	30301	104
22	30302	104
22	30303	104
22	30304	105
22	30305	105
22	30306	105
22	30307	106
22	30308	104
22	30309	100
22	30310	102
22	30311	102
22	30312	103
22	30313	103
22	30314	104
22	30315	104
22	30316	105
22	30317	108
22	30318	108
22	30319	106
22	30320	106
22	30321	111
22	30322	111
22	30323	111
22	30324	113
22	30325	113
22	30326	114
22	30327	116
22	30328	116
22	30329	120
22	30330	119
22	30331	119
22	30332	116
22	30333	116
22	30334	112
22	30335	110
22	30336	110
22	30337	110
22	30338	109
22	30339	109
22	30340	105
22	30341	104
22	30342	105
22	30343	105
22	30344	105
22	30345	103
22	30346	103
22	30347	103
22	30348	103
22	30349	114
22	30350	111
22	30351	111
22	30352	111
22	30353	111
22	30354	113
22	30355	113
22	30356	113
22	30357	113
22	30358	113
22	30359	117
22	30360	117
22	30361	118
22	30362	118
22	30363	121
22	30364	120
22	30365	121
22	30366	121
22	30367	117
22	30368	117
22	30369	117
22	30370	116
22	30371	116
22	30372	116
22	30373	114
22	30374	111
22	30375	111
22	30376	105
22	30377	105
22	30378	105
22	30379	104
22	30380	105
22	30381	105
22	30382	106
22	30383	106
22	30384	105
22	30385	103
22	30386	102
22	30387	102
22	30388	101
22	30389	102
22	30390	102
22	30391	102
22	30392	102
22	30393	102
22	30394	100
22	30395	100
22	30396	100
22	30397	101
22	30398	102
22	30399	102
22	30400	102
22	30401	102
22	30402	109
22	30403	112
22	30404	122
22	30405	121
22	30406	121
22	30407	121
22	30408	121
22	30409	121
22	30410	122
22	30411	122
22	30412	121
22	30413	120
22	30414	121
22	30415	121
22	30416	123
22	30417	123
22	30418	122
22	30419	122
22	30420	125
22	30421	128
22	30422	128
22	30423	130
22	30424	130
22	30425	130
22	30426	129
22	30427	129
22	30428	126
22	30429	124
22	30430	124
22	30431	128
22	30432	129
22	30433	130
22	30434	130
22	30435	130
22	30436	130
22	30437	130
22	30438	132
22	30439	133
22	30440	134
22	30441	130
22	30442	131
22	30443	131
22	30444	133
22	30445	133
22	30446	134
22	30447	134
22	30448	134
22	30449	133
22	30450	131
22	30451	131
22	30452	131
22	30453	131
22	30454	130
22	30455	130
22	30456	130
22	30457	129
22	30458	129
22	30459	125
22	30460	125
22	30461	127
22	30462	126
22	30463	124
22	30464	124
22	30465	127
22	30466	124
22	30467	125
22	30468	122
22	30469	122
22	30470	126
22	30471	125
22	30472	125
22	30473	123
22	30474	121
22	30475	123
22	30476	124
22	30477	122
22	30478	122
22	30479	117
22	30480	116
22	30481	115
22	30482	112
22	30483	111
22	30484	113
22	30485	113
22	30486	113
22	30487	113
22	30488	113
22	30489	125
22	30490	125
22	30491	124
22	30492	124
22	30493	129
22	30494	135
22	30495	135
22	30496	136
22	30497	129
22	30498	120
22	30499	124
22	30500	124
22	30501	124
22	30502	124
22	30503	122
22	30504	121
22	30505	121
22	30506	121
22	30507	123
22	30508	120
22	30509	120
22	30510	120
22	30511	120
22	30512	118
22	30513	119
22	30514	117
22	30515	117
22	30516	117
22	30517	116
22	30518	117
22	30519	117
22	30520	119
22	30521	119
22	30522	119
22	30523	119
22	30524	119
22	30525	119
22	30526	118
22	30527	119
22	30528	119
22	30529	119
22	30530	119
22	30531	118
22	30532	118
22	30533	119
22	30534	119
22	30535	118
22	30536	117
22	30537	116
22	30538	116
22	30539	117
22	30540	117
22	30541	117
22	30542	116
22	30543	115
22	30544	115
22	30545	125
22	30546	124
22	30547	123
22	30548	123
22	30549	123
22	30550	123
22	30551	121
22	30552	112
22	30553	111
22	30554	100
22	30555	100
22	30556	101
22	30557	103
22	30558	105
22	30559	105
22	30560	104
22	30561	104
22	30562	104
22	30563	103
22	30564	102
22	30565	102
22	30566	102
22	30567	103
22	30568	103
22	30569	101
22	30570	101
22	30571	102
22	30572	103
22	30573	102
22	30574	106
22	30575	106
22	30576	107
22	30577	107
22	30578	107
22	30579	108
22	30580	104
22	30581	105
22	30582	105
22	30583	104
22	30584	104
22	30585	105
22	30586	104
22	30587	103
22	30588	101
22	30589	101
22	30590	99
22	30591	99
22	30592	98
22	30593	98
22	30594	96
22	30595	96
22	30596	96
22	30597	96
22	30598	96
22	30599	96
22	30600	96
22	30601	96
22	30602	96
22	30603	96
22	30604	96
22	30605	96
22	30606	96
22	30607	97
22	30608	98
22	30609	99
22	30610	98
22	30611	98
22	30612	99
22	30613	99
22	30614	98
22	30615	96
22	30616	105
22	30617	103
22	30618	104
22	30619	100
22	30620	100
22	30621	100
22	30622	100
22	30623	100
22	30624	100
22	30625	97
22	30626	97
22	30627	100
22	30628	100
22	30629	99
22	30630	98
22	30631	98
22	30632	99
22	30633	99
22	30634	97
22	30635	97
22	30636	97
22	30637	97
22	30638	97
22	30639	87
22	30640	87
22	30641	88
22	30642	88
22	30643	81
22	30644	78
22	30645	78
22	30646	77
22	30647	73
22	30648	72
22	30649	72
22	30650	72
22	30651	74
22	30652	74
22	30653	75
22	30654	75
22	30655	76
22	30656	74
22	30657	75
22	30658	74
22	30659	74
22	30660	74
22	30661	74
22	30662	74
22	30663	73
22	30664	73
22	30665	73
22	30666	73
22	30667	73
22	30668	72
22	30669	72
22	30670	70
22	30671	70
22	30672	70
22	30673	70
22	30674	70
22	30675	70
22	30676	69
22	30677	69
22	30678	69
22	30679	69
22	30680	68
22	30681	71
22	30682	74
22	30683	74
22	30684	73
22	30685	74
22	30686	77
22	30687	77
22	30688	77
22	30689	77
22	30690	78
22	30691	78
22	30692	78
22	30693	78
22	30694	80
22	30695	71
22	30696	72
22	30697	74
22	30698	74
22	30699	74
22	30700	76
22	30701	79
22	30702	81
22	30703	81
22	30704	81
22	30705	82
22	30706	81
22	30707	80
22	30708	82
22	30709	82
22	30710	82
22	30711	82
22	30712	82
22	30713	83
22	30714	83
22	30715	81
22	30716	81
22	30717	80
22	30718	80
22	30719	79
22	30720	78
22	30721	75
22	30722	75
22	30723	74
22	30724	70
22	30725	70
22	30726	70
22	30727	70
22	30728	70
22	30729	70
22	30730	67
22	30731	67
22	30732	67
22	30733	67
22	30734	67
22	30735	66
22	30736	66
22	30737	66
22	30738	66
22	30739	66
22	30740	65
22	30741	65
22	30742	65
22	30743	65
22	30744	65
22	30745	66
22	30746	65
22	30747	65
22	30748	66
22	30749	66
22	30750	66
22	30751	66
22	30752	66
22	30753	66
22	30754	66
22	30755	66
22	30756	67
22	30757	67
22	30758	66
22	30759	64
22	30760	64
22	30761	64
22	30762	64
22	30763	64
22	30764	64
22	30765	63
22	30766	57
22	30767	57
22	30768	56
22	30769	56
22	30770	56
22	30771	56
22	30772	56
22	30773	61
22	30774	62
22	30775	62
22	30776	59
22	30777	59
22	30778	60
22	30779	60
22	30780	60
22	30781	57
22	30782	57
22	30783	57
22	30784	57
22	30785	57
22	30786	57
22	30787	57
22	30788	56
22	30789	56
22	30790	56
22	30791	56
22	30792	58
22	30793	58
22	30794	58
22	30795	58
22	30796	58
22	30797	58
22	30798	58
22	30799	58
22	30800	59
22	30801	59
22	30802	59
22	30803	58
22	30804	58
22	30805	57
22	30806	57
22	30807	56
22	30808	56
22	30809	56
22	30810	56
22	30811	56
22	30812	56
22	30813	56
22	30814	56
22	30815	55
22	30816	55
22	30817	55
22	30818	55
22	30819	55
22	30820	53
22	30821	53
22	30822	53
22	30823	51
22	30824	51
22	30825	51
22	30826	52
22	30827	54
22	30828	54
22	30829	54
22	30830	53
22	30831	49
22	30832	49
22	30833	48
22	30834	48
22	30835	45
22	30836	45
22	30837	45
22	30838	45
22	30839	43
22	30840	43
22	30841	42
22	30842	42
22	30843	41
22	30844	41
22	30845	41
22	30846	40
22	30847	40
22	30848	40
22	30849	40
22	30850	38
22	30851	35
22	30852	32
22	30853	32
22	30854	32
22	30855	31
22	30856	30
22	30857	30
22	30858	28
22	30859	28
22	30860	28
22	30861	28
22	30862	28
22	30863	27
22	30864	27
22	30865	27
22	30866	26
22	30867	26
22	30868	29
22	30869	29
22	30870	29
22	30871	29
22	30872	29
22	30873	29
22	30874	29
22	30875	29
22	30876	29
22	30877	29
22	30878	29
22	30879	29
22	30880	29
22	30881	29
22	30882	29
22	30883	30
22	30884	31
22	30885	31
22	30886	31
22	30887	31
22	30888	31
22	30889	31
22	30890	31
22	30891	29
22	30892	30
22	30893	30
22	30894	30
22	30895	30
22	30896	30
22	30897	29
22	30898	31
22	30899	31
22	30900	31
22	30901	33
22	30902	33
22	30903	32
22	30904	32
22	30905	32
22	30906	32
22	30907	31
22	30908	32
22	30909	32
22	30910	32
22	30911	32
22	30912	32
22	30913	32
22	30914	32
22	30915	32
22	30916	33
22	30917	33
22	30918	33
22	30919	33
22	30920	33
22	30921	33
22	30922	28
22	30923	28
22	30924	26
22	30925	24
22	30926	25
22	30927	25
22	30928	25
22	30929	26
22	30930	26
22	30931	26
22	30932	26
22	30933	27
22	30934	27
22	30935	27
22	30936	27
22	30937	25
22	30938	25
22	30939	26
22	30940	26
22	30941	26
22	30942	26
22	30943	26
22	30944	26
22	30945	26
22	30946	26
22	30947	26
22	30948	26
22	30949	24
22	30950	23
22	30951	23
22	30952	23
22	30953	23
22	30954	23
22	30955	23
22	30956	23
22	30957	24
22	30958	24
22	30959	24
22	30960	24
22	30961	24
22	30962	25
22	30963	25
22	30964	25
22	30965	25
22	30966	25
22	30967	25
22	30968	25
22	30969	25
22	30970	25
22	30971	25
22	30972	25
22	30973	25
22	30974	25
22	30975	25
22	30976	24
22	30977	22
22	30978	23
22	30979	23
22	30980	23
22	30981	23
22	30982	24
22	30983	24
22	30984	24
22	30985	24
22	30986	24
22	30987	23
22	30988	23
22	30989	22
22	30990	22
22	30991	22
22	30992	22
22	30993	22
22	30994	22
22	30995	23
22	30996	23
22	30997	23
22	30998	23
22	30999	23
22	31000	23
22	31001	23
22	31002	23
22	31003	24
22	31004	25
22	31005	25
22	31006	25
22	31007	25
22	31008	25
22	31009	25
22	31010	25
22	31011	24
22	31012	24
22	31013	23
22	31014	23
22	31015	23
22	31016	23
22	31017	23
22	31018	23
22	31019	23
22	31020	23
22	31021	23
22	31022	23
22	31023	23
22	31024	23
22	31025	23
22	31026	23
22	31027	23
22	31028	23
22	31029	23
22	31030	23
22	31031	23
22	31032	22
22	31033	21
22	31034	22
22	31035	22
22	31036	22
22	31037	22
22	31038	22
22	31039	22
22	31040	22
22	31041	21
22	31042	21
22	31043	21
22	31044	21
22	31045	19
22	31046	19
22	31047	20
22	31048	20
22	31049	20
22	31050	17
22	31051	17
22	31052	17
22	31053	18
22	31054	18
22	31055	18
22	31056	18
22	31057	18
22	31058	18
22	31059	20
22	31060	20
22	31061	20
22	31062	20
22	31063	20
22	31064	19
22	31065	19
22	31066	18
22	31067	24
22	31068	24
22	31069	30
22	31070	31
22	31071	31
22	31072	31
22	31073	30
22	31074	30
22	31075	28
22	31076	28
22	31077	28
22	31078	28
22	31079	35
22	31080	36
22	31081	38
22	31082	40
22	31083	40
22	31084	40
22	31085	40
22	31086	40
22	31087	40
22	31088	41
22	31089	40
22	31090	41
22	31091	41
22	31092	41
22	31093	43
22	31094	43
22	31095	43
22	31096	43
22	31097	43
22	31098	42
22	31099	42
22	31100	42
22	31101	42
22	31102	41
22	31103	41
22	31104	41
22	31105	41
22	31106	41
22	31107	41
22	31108	40
22	31109	40
22	31110	40
22	31111	40
22	31112	40
22	31113	41
22	31114	41
22	31115	42
22	31116	43
22	31117	45
22	31118	46
22	31119	48
22	31120	49
22	31121	49
22	31122	52
22	31123	52
22	31124	56
22	31125	57
22	31126	57
22	31127	57
22	31128	56
22	31129	63
22	31130	64
22	31131	64
22	31132	63
22	31133	63
22	31134	69
22	31135	75
22	31136	75
22	31137	75
22	31138	75
22	31139	76
22	31140	76
22	31141	77
22	31142	76
22	31143	76
22	31144	74
22	31145	79
22	31146	81
22	31147	81
22	31148	83
22	31149	85
22	31150	85
22	31151	85
22	31152	85
22	31153	83
22	31154	83
22	31155	83
22	31156	83
22	31157	86
22	31158	87
22	31159	88
22	31160	88
22	31161	88
22	31162	88
22	31163	88
22	31164	88
22	31165	88
22	31166	88
22	31167	88
22	31168	89
22	31169	89
22	31170	89
22	31171	89
22	31172	91
22	31173	92
22	31174	92
22	31175	94
22	31176	94
22	31177	97
22	31178	97
22	31179	97
22	31180	97
22	31181	97
22	31182	97
22	31183	98
22	31184	98
22	31185	98
22	31186	98
22	31187	98
22	31188	97
22	31189	97
22	31190	97
22	31191	97
22	31192	98
22	31193	99
22	31194	100
22	31195	101
22	31196	101
22	31197	101
22	31198	101
22	31199	102
22	31200	103
22	31201	103
22	31202	103
22	31203	103
22	31204	103
22	31205	103
22	31206	103
22	31207	103
22	31208	103
22	31209	104
22	31210	104
22	31211	104
22	31212	104
22	31213	102
22	31214	102
22	31215	104
22	31216	103
22	31217	103
22	31218	102
22	31219	102
22	31220	102
22	31221	102
22	31222	102
22	31223	102
22	31224	102
22	31225	102
22	31226	102
22	31227	101
22	31228	101
22	31229	100
22	31230	100
22	31231	99
22	31232	96
22	31233	96
22	31234	96
22	31235	96
22	31236	101
22	31237	101
22	31238	102
22	31239	102
22	31240	102
22	31241	104
22	31242	102
22	31243	102
22	31244	106
22	31245	106
22	31246	108
22	31247	108
22	31248	109
22	31249	112
22	31250	112
22	31251	112
22	31252	112
22	31253	112
22	31254	113
22	31255	113
22	31256	113
22	31257	115
22	31258	113
22	31259	117
22	31260	117
22	31261	118
22	31262	118
22	31263	118
22	31264	117
22	31265	119
22	31266	118
22	31267	116
22	31268	116
22	31269	117
22	31270	118
22	31271	115
22	31272	112
22	31273	113
22	31274	112
22	31275	113
22	31276	116
22	31277	117
22	31278	112
22	31279	112
22	31280	111
22	31281	111
22	31282	110
22	31283	106
22	31284	100
22	31285	100
22	31286	104
22	31287	103
22	31288	104
22	31289	103
22	31290	102
22	31291	106
22	31292	107
22	31293	109
22	31294	104
22	31295	103
22	31296	103
22	31297	103
22	31298	101
22	31299	101
22	31300	102
22	31301	102
22	31302	102
22	31303	99
22	31304	102
22	31305	103
22	31306	97
22	31307	97
22	31308	99
22	31309	98
22	31310	98
22	31311	104
22	31312	105
22	31313	106
22	31314	104
22	31315	103
22	31316	103
22	31317	103
22	31318	101
22	31319	101
22	31320	101
22	31321	110
22	31322	115
22	31323	117
22	31324	116
22	31325	115
22	31326	114
22	31327	114
22	31328	114
22	31329	114
22	31330	115
22	31331	115
22	31332	118
22	31333	116
22	31334	116
22	31335	117
22	31336	118
22	31337	118
22	31338	118
22	31339	117
22	31340	117
22	31341	116
22	31342	120
22	31343	118
22	31344	116
22	31345	117
22	31346	118
22	31347	118
22	31348	118
22	31349	117
22	31350	117
22	31351	117
22	31352	119
22	31353	125
22	31354	125
22	31355	127
22	31356	128
22	31357	127
22	31358	127
22	31359	127
22	31360	128
22	31361	128
22	31362	127
22	31363	131
22	31364	129
22	31365	129
22	31366	129
22	31367	129
22	31368	129
22	31369	129
22	31370	129
22	31371	130
22	31372	130
22	31373	129
22	31374	131
22	31375	131
22	31376	131
22	31377	132
22	31378	131
22	31379	131
22	31380	131
22	31381	134
22	31382	134
22	31383	134
22	31384	134
22	31385	134
22	31386	129
22	31387	129
22	31388	131
22	31389	131
22	31390	129
22	31391	129
22	31392	129
22	31393	129
22	31394	125
22	31395	122
22	31396	122
22	31397	119
22	31398	118
22	31399	122
22	31400	124
22	31401	125
22	31402	136
22	31403	135
22	31404	135
22	31405	136
22	31406	136
22	31407	133
22	31408	132
22	31409	129
22	31410	128
22	31411	128
22	31412	128
22	31413	127
22	31414	125
22	31415	124
22	31416	125
22	31417	127
22	31418	126
22	31419	124
22	31420	124
22	31421	125
22	31422	125
22	31423	123
22	31424	123
22	31425	123
22	31426	123
22	31427	119
22	31428	119
22	31429	120
22	31430	120
22	31431	120
22	31432	124
22	31433	124
22	31434	124
22	31435	122
22	31436	121
22	31437	120
22	31438	120
22	31439	122
22	31440	122
22	31441	118
22	31442	118
22	31443	116
22	31444	116
22	31445	119
22	31446	119
22	31447	120
22	31448	118
22	31449	117
22	31450	117
22	31451	117
22	31452	119
22	31453	119
22	31454	122
22	31455	121
22	31456	122
22	31457	122
22	31458	120
22	31459	120
22	31460	120
22	31461	115
22	31462	122
22	31463	127
22	31464	127
22	31465	127
22	31466	127
22	31467	127
22	31468	128
22	31469	128
22	31470	122
22	31471	118
22	31472	110
22	31473	110
22	31474	110
22	31475	110
22	31476	108
22	31477	108
22	31478	110
22	31479	110
22	31480	109
22	31481	106
22	31482	110
22	31483	112
22	31484	113
22	31485	111
22	31486	111
22	31487	111
22	31488	111
22	31489	111
22	31490	111
22	31491	106
22	31492	105
22	31493	104
22	31494	104
22	31495	104
22	31496	104
22	31497	105
22	31498	105
22	31499	106
22	31500	110
22	31501	108
22	31502	106
22	31503	102
22	31504	102
22	31505	99
22	31506	99
22	31507	101
22	31508	100
22	31509	101
22	31510	101
22	31511	101
22	31512	101
22	31513	98
22	31514	98
22	31515	100
22	31516	101
22	31517	101
22	31518	101
22	31519	101
22	31520	100
22	31521	102
22	31522	101
22	31523	101
22	31524	99
22	31525	99
22	31526	98
22	31527	101
22	31528	101
22	31529	102
22	31530	100
22	31531	99
22	31532	102
22	31533	102
22	31534	101
22	31535	101
22	31536	101
22	31537	100
22	31538	100
22	31539	100
22	31540	100
22	31541	102
22	31542	102
22	31543	108
22	31544	107
22	31545	110
22	31546	111
22	31547	111
22	31548	111
22	31549	107
22	31550	106
22	31551	105
22	31552	94
22	31553	93
22	31554	93
22	31555	92
22	31556	92
22	31557	93
22	31558	93
22	31559	95
22	31560	95
22	31561	101
22	31562	102
22	31563	102
22	31564	105
22	31565	104
22	31566	102
22	31567	106
22	31568	105
22	31569	106
22	31570	105
22	31571	105
22	31572	106
22	31573	106
22	31574	106
22	31575	106
22	31576	107
22	31577	107
22	31578	110
22	31579	110
22	31580	112
22	31581	111
22	31582	110
22	31583	110
22	31584	110
22	31585	114
22	31586	115
22	31587	115
22	31588	115
22	31589	116
22	31590	118
22	31591	119
22	31592	119
22	31593	120
22	31594	118
22	31595	116
22	31596	116
22	31597	115
22	31598	119
22	31599	120
22	31600	118
22	31601	118
22	31602	119
22	31603	125
22	31604	125
22	31605	125
22	31606	124
22	31607	124
22	31608	124
22	31609	124
22	31610	126
22	31611	124
22	31612	111
22	31613	111
22	31614	113
22	31615	114
22	31616	113
22	31617	113
22	31618	113
22	31619	114
22	31620	114
22	31621	114
22	31622	114
22	31623	114
22	31624	119
22	31625	119
22	31626	119
22	31627	117
22	31628	117
22	31629	117
22	31630	117
22	31631	119
22	31632	119
22	31633	115
22	31634	115
22	31635	115
22	31636	115
22	31637	115
22	31638	115
22	31639	116
22	31640	112
22	31641	116
22	31642	116
22	31643	116
22	31644	115
22	31645	115
22	31646	115
22	31647	114
22	31648	115
22	31649	114
22	31650	115
22	31651	115
22	31652	115
22	31653	118
22	31654	118
22	31655	119
22	31656	118
22	31657	118
22	31658	118
22	31659	119
22	31660	119
22	31661	119
22	31662	119
22	31663	118
22	31664	115
22	31665	116
22	31666	116
22	31667	116
22	31668	125
22	31669	125
22	31670	125
22	31671	123
22	31672	123
22	31673	124
22	31674	124
22	31675	124
22	31676	123
22	31677	122
22	31678	124
22	31679	123
22	31680	122
22	31681	121
22	31682	120
22	31683	120
22	31684	120
22	31685	120
22	31686	119
22	31687	118
22	31688	118
22	31689	118
22	31690	117
22	31691	117
22	31692	117
22	31693	111
22	31694	112
22	31695	110
22	31696	109
22	31697	109
22	31698	111
22	31699	111
22	31700	110
22	31701	110
22	31702	110
22	31703	110
22	31704	110
22	31705	110
22	31706	110
22	31707	110
22	31708	110
22	31709	109
22	31710	109
22	31711	102
22	31712	103
22	31713	103
22	31714	103
22	31715	101
22	31716	101
22	31717	97
22	31718	97
22	31719	96
22	31720	96
22	31721	96
22	31722	96
22	31723	96
22	31724	96
22	31725	96
22	31726	95
22	31727	95
22	31728	91
22	31729	91
22	31730	90
22	31731	88
22	31732	88
22	31733	87
22	31734	87
22	31735	83
22	31736	83
22	31737	83
22	31738	80
22	31739	78
22	31740	78
22	31741	76
22	31742	75
22	31743	75
22	31744	80
22	31745	82
22	31746	78
22	31747	77
22	31748	81
22	31749	81
22	31750	81
22	31751	81
22	31752	76
22	31753	73
22	31754	73
22	31755	73
22	31756	73
22	31757	75
22	31758	73
22	31759	73
22	31760	73
22	31761	73
22	31762	73
22	31763	71
22	31764	70
22	31765	70
22	31766	70
22	31767	70
22	31768	68
22	31769	68
22	31770	71
22	31771	71
22	31772	72
22	31773	71
22	31774	68
22	31775	72
22	31776	72
22	31777	72
22	31778	72
22	31779	75
22	31780	76
22	31781	74
22	31782	72
22	31783	72
22	31784	74
22	31785	74
22	31786	74
22	31787	76
22	31788	76
22	31789	77
22	31790	84
22	31791	86
22	31792	87
22	31793	87
22	31794	87
22	31795	87
22	31796	86
22	31797	85
22	31798	84
22	31799	84
22	31800	84
22	31801	84
22	31802	83
22	31803	83
22	31804	82
22	31805	82
22	31806	82
22	31807	83
22	31808	80
22	31809	82
22	31810	90
22	31811	92
22	31812	92
22	31813	92
22	31814	92
22	31815	93
22	31816	93
22	31817	90
22	31818	84
22	31819	88
22	31820	89
22	31821	90
22	31822	90
22	31823	89
22	31824	96
22	31825	98
22	31826	100
22	31827	100
22	31828	98
22	31829	98
22	31830	98
22	31831	98
22	31832	98
22	31833	99
22	31834	99
22	31835	101
22	31836	101
22	31837	101
22	31838	101
22	31839	101
22	31840	101
22	31841	101
22	31842	101
22	31843	101
22	31844	100
22	31845	100
22	31846	101
22	31847	100
22	31848	99
22	31849	99
22	31850	100
22	31851	106
22	31852	107
22	31853	107
22	31854	107
22	31855	107
22	31856	106
22	31857	106
22	31858	106
22	31859	105
22	31860	105
22	31861	105
22	31862	104
22	31863	103
22	31864	103
22	31865	103
22	31866	103
22	31867	103
22	31868	103
22	31869	104
22	31870	104
22	31871	104
22	31872	105
22	31873	105
22	31874	106
22	31875	106
22	31876	108
22	31877	108
22	31878	108
22	31879	108
22	31880	107
22	31881	107
22	31882	110
22	31883	113
22	31884	113
22	31885	114
22	31886	117
22	31887	118
22	31888	118
22	31889	119
22	31890	120
22	31891	125
22	31892	125
22	31893	125
22	31894	121
22	31895	119
22	31896	120
22	31897	120
22	31898	116
22	31899	115
22	31900	113
22	31901	113
22	31902	113
22	31903	113
22	31904	116
22	31905	116
22	31906	116
22	31907	114
22	31908	114
22	31909	114
22	31910	114
22	31911	114
22	31912	117
22	31913	117
22	31914	117
22	31915	117
22	31916	120
22	31917	120
22	31918	123
22	31919	122
22	31920	120
22	31921	120
22	31922	120
22	31923	121
22	31924	119
22	31925	116
22	31926	117
22	31927	117
22	31928	122
22	31929	120
22	31930	117
22	31931	117
22	31932	118
22	31933	117
22	31934	116
22	31935	116
22	31936	114
22	31937	114
22	31938	116
22	31939	108
22	31940	108
22	31941	105
22	31942	105
22	31943	107
22	31944	107
22	31945	112
22	31946	113
22	31947	111
22	31948	111
22	31949	117
22	31950	116
22	31951	118
22	31952	118
22	31953	119
22	31954	122
22	31955	122
22	31956	123
22	31957	122
22	31958	116
22	31959	115
22	31960	111
22	31961	113
22	31962	113
22	31963	114
22	31964	113
22	31965	112
22	31966	113
22	31967	112
22	31968	109
22	31969	109
22	31970	107
22	31971	107
22	31972	101
22	31973	101
22	31974	101
22	31975	99
22	31976	99
22	31977	101
22	31978	101
22	31979	101
22	31980	101
22	31981	101
22	31982	101
22	31983	102
22	31984	102
22	31985	102
22	31986	102
22	31987	102
22	31988	102
22	31989	102
22	31990	101
22	31991	101
22	31992	101
22	31993	101
22	31994	102
22	31995	106
22	31996	105
22	31997	104
22	31998	105
22	31999	101
22	32000	98
22	32001	98
22	32002	98
22	32003	100
22	32004	100
22	32005	100
22	32006	100
22	32007	99
22	32008	99
22	32009	100
22	32010	101
22	32011	101
22	32012	101
22	32013	102
22	32014	102
22	32015	102
22	32016	102
22	32017	105
22	32018	104
22	32019	107
22	32020	107
22	32021	107
22	32022	105
22	32023	108
22	32024	108
22	32025	108
22	32026	106
22	32027	106
22	32028	106
22	32029	106
22	32030	106
22	32031	103
22	32032	100
22	32033	100
22	32034	100
22	32035	96
22	32036	96
22	32037	96
22	32038	96
22	32039	94
22	32040	94
22	32041	90
22	32042	92
22	32043	92
22	32044	93
22	32045	106
22	32046	106
22	32047	112
22	32048	118
22	32049	124
22	32050	134
22	32051	134
22	32052	134
22	32053	132
22	32054	134
22	32055	134
22	32056	137
22	32057	137
22	32058	137
22	32059	137
22	32060	137
22	32061	137
22	32062	136
22	32063	136
22	32064	137
22	32065	134
22	32066	134
22	32067	135
22	32068	133
22	32069	133
22	32070	132
22	32071	133
22	32072	133
22	32073	133
22	32074	133
22	32075	133
22	32076	133
22	32077	128
22	32078	128
22	32079	127
22	32080	127
22	32081	128
22	32082	127
22	32083	127
22	32084	127
22	32085	129
22	32086	128
22	32087	128
22	32088	126
22	32089	126
22	32090	127
22	32091	126
22	32092	125
22	32093	126
22	32094	123
22	32095	128
22	32096	127
22	32097	126
22	32098	125
22	32099	119
22	32100	122
22	32101	120
22	32102	121
22	32103	118
22	32104	116
22	32105	116
22	32106	115
22	32107	122
22	32108	125
22	32109	123
22	32110	122
22	32111	120
22	32112	120
22	32113	118
22	32114	118
22	32115	118
22	32116	118
22	32117	118
22	32118	120
22	32119	121
22	32120	125
22	32121	125
22	32122	124
22	32123	126
22	32124	127
22	32125	127
22	32126	127
22	32127	125
22	32128	125
22	32129	127
22	32130	128
22	32131	129
22	32132	128
22	32133	127
22	32134	128
22	32135	128
22	32136	130
22	32137	130
22	32138	131
22	32139	131
22	32140	131
22	32141	132
22	32142	132
22	32143	132
22	32144	131
22	32145	126
22	32146	126
22	32147	126
22	32148	125
22	32149	125
22	32150	125
22	32151	126
22	32152	125
22	32153	125
22	32154	126
22	32155	126
22	32156	126
22	32157	126
22	32158	124
22	32159	124
22	32160	124
22	32161	125
22	32162	125
22	32163	124
22	32164	124
22	32165	126
22	32166	125
22	32167	123
22	32168	123
22	32169	120
22	32170	120
22	32171	120
22	32172	117
22	32173	117
22	32174	116
22	32175	116
22	32176	116
22	32177	116
22	32178	116
22	32179	116
22	32180	116
22	32181	116
22	32182	116
22	32183	116
22	32184	116
22	32185	116
22	32186	115
22	32187	126
22	32188	129
22	32189	129
22	32190	132
22	32191	131
22	32192	131
22	32193	131
22	32194	130
22	32195	117
22	32196	120
22	32197	114
22	32198	110
22	32199	101
22	32200	95
22	32201	96
22	32202	96
22	32203	97
22	32204	94
22	32205	91
22	32206	91
22	32207	91
22	32208	92
22	32209	92
22	32210	92
22	32211	91
22	32212	91
22	32213	91
22	32214	92
22	32215	93
22	32216	90
22	32217	90
22	32218	90
22	32219	90
22	32220	88
22	32221	88
22	32222	88
22	32223	88
22	32224	88
22	32225	87
22	32226	87
22	32227	87
22	32228	88
22	32229	88
22	32230	88
22	32231	88
22	32232	89
22	32233	89
22	32234	88
22	32235	87
22	32236	87
22	32237	88
22	32238	88
22	32239	89
22	32240	88
22	32241	88
22	32242	80
22	32243	80
22	32244	80
22	32245	80
22	32246	80
22	32247	80
22	32248	80
22	32249	80
22	32250	77
22	32251	77
22	32252	76
22	32253	76
22	32254	88
22	32255	88
22	32256	84
22	32257	81
22	32258	77
22	32259	76
22	32260	78
22	32261	80
22	32262	80
22	32263	81
22	32264	81
22	32265	82
22	32266	83
22	32267	82
22	32268	80
22	32269	77
22	32270	77
22	32271	77
22	32272	80
22	32273	80
22	32274	79
22	32275	78
22	32276	77
22	32277	77
22	32278	78
22	32279	78
22	32280	77
22	32281	79
22	32282	79
22	32283	78
22	32284	78
22	32285	78
22	32286	76
22	32287	76
22	32288	75
22	32289	75
22	32290	76
22	32291	76
22	32292	76
22	32293	76
22	32294	76
22	32295	75
22	32296	79
22	32297	79
22	32298	79
22	32299	79
22	32300	79
22	32301	76
22	32302	76
22	32303	76
22	32304	76
22	32305	76
22	32306	76
22	32307	63
22	32308	64
22	32309	64
22	32310	64
22	32311	65
22	32312	66
22	32313	67
22	32314	86
22	32315	86
22	32316	92
22	32317	92
22	32318	94
22	32319	94
22	32320	94
22	32321	94
22	32322	94
22	32323	93
22	32324	93
22	32325	96
22	32326	97
22	32327	97
22	32328	98
22	32329	102
22	32330	102
22	32331	103
22	32332	103
22	32333	101
22	32334	102
22	32335	102
22	32336	102
22	32337	95
22	32338	94
22	32339	90
22	32340	93
22	32341	93
22	32342	93
22	32343	93
22	32344	94
22	32345	91
22	32346	91
22	32347	92
22	32348	92
22	32349	92
22	32350	92
22	32351	92
22	32352	93
22	32353	92
22	32354	93
22	32355	93
22	32356	95
22	32357	95
22	32358	93
22	32359	93
22	32360	93
22	32361	93
22	32362	92
22	32363	97
22	32364	96
22	32365	95
22	32366	95
22	32367	95
22	32368	95
22	32369	95
22	32370	95
22	32371	95
22	32372	95
22	32373	95
22	32374	95
22	32375	93
22	32376	94
22	32377	94
22	32378	94
22	32379	95
22	32380	95
22	32381	94
22	32382	93
22	32383	93
22	32384	93
22	32385	93
22	32386	90
22	32387	90
22	32388	90
22	32389	92
22	32390	92
22	32391	92
22	32392	92
22	32393	92
22	32394	94
22	32395	92
22	32396	91
22	32397	91
22	32398	95
22	32399	95
22	32400	92
22	32401	93
22	32402	96
22	32403	96
22	32404	96
22	32405	97
22	32406	97
22	32407	97
22	32408	98
22	32409	97
22	32410	98
22	32411	98
22	32412	97
22	32413	97
22	32414	98
22	32415	98
22	32416	97
22	32417	97
22	32418	97
22	32419	97
22	32420	98
22	32421	96
22	32422	103
22	32423	103
22	32424	105
22	32425	108
22	32426	108
22	32427	110
22	32428	110
22	32429	110
22	32430	110
22	32431	107
22	32432	111
22	32433	111
22	32434	110
22	32435	109
22	32436	109
22	32437	109
22	32438	109
22	32439	110
22	32440	111
22	32441	111
22	32442	121
22	32443	121
22	32444	120
22	32445	123
22	32446	123
22	32447	125
22	32448	125
22	32449	125
22	32450	127
22	32451	127
22	32452	127
22	32453	128
22	32454	129
22	32455	128
22	32456	127
22	32457	133
22	32458	133
22	32459	136
22	32460	136
22	32461	135
22	32462	133
22	32463	130
22	32464	125
22	32465	126
22	32466	122
22	32467	126
22	32468	130
22	32469	131
22	32470	129
22	32471	135
22	32472	135
22	32473	135
22	32474	136
22	32475	131
22	32476	136
22	32477	136
22	32478	137
22	32479	132
22	32480	132
22	32481	135
22	32482	135
22	32483	135
22	32484	143
22	32485	143
22	32486	144
22	32487	145
22	32488	145
22	32489	144
22	32490	137
22	32491	138
22	32492	138
22	32493	139
22	32494	137
22	32495	142
22	32496	142
22	32497	142
22	32498	144
22	32499	143
22	32500	143
22	32501	142
22	32502	141
22	32503	141
22	32504	141
22	32505	141
22	32506	141
22	32507	140
22	32508	143
22	32509	143
22	32510	147
22	32511	147
22	32512	146
22	32513	148
22	32514	148
22	32515	148
22	32516	148
22	32517	148
22	32518	149
22	32519	150
22	32520	153
22	32521	153
22	32522	153
22	32523	155
22	32524	155
22	32525	156
22	32526	155
22	32527	158
22	32528	160
22	32529	159
22	32530	160
22	32531	159
22	32532	161
22	32533	163
22	32534	163
22	32535	163
22	32536	163
22	32537	161
22	32538	166
22	32539	168
22	32540	169
22	32541	171
22	32542	172
22	32543	173
22	32544	172
22	32545	174
22	32546	183
22	32547	179
22	32548	178
22	32549	177
22	32550	178
22	32551	178
22	32552	175
22	32553	175
22	32554	181
22	32555	180
22	32556	183
22	32557	188
22	32558	188
22	32559	188
22	32560	187
22	32561	188
22	32562	190
22	32563	188
22	32564	188
22	32565	189
22	32566	189
22	32567	189
22	32568	189
22	32569	191
22	32570	192
22	32571	192
22	32572	189
22	32573	188
22	32574	186
22	32575	184
22	32576	180
22	32577	178
22	32578	179
22	32579	180
22	32580	183
22	32581	180
22	32582	187
22	32583	191
22	32584	191
22	32585	191
22	32586	189
22	32587	191
22	32588	192
22	32589	193
22	32590	193
22	32591	193
22	32592	183
22	32593	183
22	32594	180
22	32595	180
22	32596	178
22	32597	178
22	32598	177
22	32599	177
22	32600	177
22	32601	175
22	32602	175
22	32603	174
22	32604	174
22	32605	176
22	32606	177
22	32607	169
22	32608	169
22	32609	170
22	32610	170
22	32611	172
22	32612	172
22	32613	175
22	32614	177
22	32615	176
22	32616	175
22	32617	169
22	32618	165
22	32619	166
22	32620	166
22	32621	161
22	32622	161
22	32623	161
22	32624	164
22	32625	161
22	32626	165
22	32627	165
22	32628	164
22	32629	165
22	32630	165
22	32631	162
22	32632	162
22	32633	162
22	32634	155
22	32635	156
22	32636	155
22	32637	154
22	32638	154
22	32639	156
22	32640	157
22	32641	157
22	32642	157
22	32643	155
22	32644	155
22	32645	150
22	32646	150
22	32647	151
22	32648	148
22	32649	147
22	32650	146
22	32651	146
22	32652	146
22	32653	149
22	32654	151
22	32655	152
22	32656	150
22	32657	150
22	32658	150
22	32659	148
22	32660	144
22	32661	144
22	32662	144
22	32663	147
22	32664	147
22	32665	147
22	32666	147
22	32667	146
22	32668	146
22	32669	144
22	32670	143
22	32671	143
22	32672	154
22	32673	156
22	32674	161
22	32675	161
22	32676	161
22	32677	161
22	32678	161
22	32679	161
22	32680	161
22	32681	161
22	32682	159
22	32683	158
22	32684	159
22	32685	161
22	32686	157
22	32687	159
22	32688	158
22	32689	157
22	32690	156
22	32691	158
22	32692	155
22	32693	158
22	32694	155
22	32695	153
22	32696	150
22	32697	146
22	32698	146
22	32699	152
22	32700	155
22	32701	156
22	32702	151
22	32703	151
22	32704	149
22	32705	149
22	32706	147
22	32707	143
22	32708	143
22	32709	142
22	32710	143
22	32711	144
22	32712	144
22	32713	144
22	32714	143
22	32715	144
22	32716	144
22	32717	144
22	32718	143
22	32719	143
22	32720	140
22	32721	141
22	32722	142
22	32723	142
22	32724	142
22	32725	146
22	32726	147
22	32727	149
22	32728	149
22	32729	148
22	32730	147
22	32731	146
22	32732	137
22	32733	136
22	32734	136
22	32735	143
22	32736	143
22	32737	143
22	32738	141
22	32739	141
22	32740	141
22	32741	141
22	32742	141
22	32743	144
22	32744	144
22	32745	145
22	32746	146
22	32747	146
22	32748	146
22	32749	147
22	32750	147
22	32751	147
22	32752	147
22	32753	147
22	32754	146
22	32755	145
22	32756	148
22	32757	143
22	32758	144
22	32759	144
22	32760	144
22	32761	142
22	32762	142
22	32763	138
22	32764	137
22	32765	137
22	32766	136
22	32767	136
22	32768	136
22	32769	136
22	32770	136
22	32771	135
22	32772	135
22	32773	134
22	32774	132
22	32775	130
22	32776	125
22	32777	125
22	32778	125
22	32779	127
22	32780	129
22	32781	130
22	32782	130
22	32783	130
22	32784	130
22	32785	130
22	32786	133
22	32787	133
22	32788	134
22	32789	130
22	32790	130
22	32791	130
22	32792	130
22	32793	132
22	32794	131
22	32795	132
22	32796	132
22	32797	133
22	32798	131
22	32799	134
22	32800	134
22	32801	135
22	32802	135
22	32803	131
22	32804	129
22	32805	128
22	32806	128
22	32807	127
22	32808	126
22	32809	129
22	32810	132
22	32811	132
22	32812	132
22	32813	128
22	32814	128
22	32815	129
22	32816	129
22	32817	130
22	32818	127
22	32819	127
22	32820	127
22	32821	126
22	32822	115
22	32823	108
22	32824	108
22	32825	107
22	32826	103
22	32827	101
22	32828	101
22	32829	101
22	32830	101
22	32831	102
22	32832	104
22	32833	104
22	32834	107
22	32835	106
22	32836	105
22	32837	105
22	32838	105
22	32839	104
22	32840	107
22	32841	101
22	32842	101
22	32843	101
22	32844	101
22	32845	100
22	32846	101
22	32847	101
22	32848	101
22	32849	94
22	32850	91
22	32851	89
22	32852	90
22	32853	93
22	32854	93
22	32855	95
22	32856	94
22	32857	94
22	32858	97
22	32859	96
22	32860	94
22	32861	94
22	32862	94
22	32863	97
22	32864	97
22	32865	95
22	32866	95
22	32867	95
22	32868	95
22	32869	93
22	32870	93
22	32871	91
22	32872	89
22	32873	86
22	32874	86
22	32875	87
22	32876	87
22	32877	85
22	32878	84
22	32879	84
22	32880	84
22	32881	83
22	32882	83
22	32883	84
22	32884	83
22	32885	76
22	32886	76
22	32887	76
22	32888	75
22	32889	74
22	32890	75
22	32891	72
22	32892	72
22	32893	72
22	32894	72
22	32895	71
22	32896	70
22	32897	70
22	32898	70
22	32899	69
22	32900	69
22	32901	70
22	32902	70
22	32903	68
22	32904	68
22	32905	68
22	32906	65
22	32907	65
22	32908	64
22	32909	64
22	32910	64
22	32911	64
22	32912	64
22	32913	64
22	32914	64
22	32915	65
22	32916	65
22	32917	65
22	32918	64
22	32919	64
22	32920	66
22	32921	67
22	32922	67
22	32923	66
22	32924	65
22	32925	65
22	32926	65
22	32927	65
22	32928	65
22	32929	60
22	32930	61
22	32931	60
22	32932	60
22	32933	60
22	32934	59
22	32935	58
22	32936	57
22	32937	57
22	32938	56
22	32939	57
22	32940	57
22	32941	59
22	32942	58
22	32943	57
22	32944	57
22	32945	56
22	32946	56
22	32947	56
22	32948	54
22	32949	54
22	32950	54
22	32951	53
22	32952	52
22	32953	53
22	32954	53
22	32955	53
22	32956	53
22	32957	53
22	32958	51
22	32959	48
22	32960	48
22	32961	48
22	32962	48
22	32963	48
22	32964	48
22	32965	48
22	32966	48
22	32967	48
22	32968	48
22	32969	47
22	32970	47
22	32971	47
22	32972	47
22	32973	47
22	32974	47
22	32975	47
22	32976	47
22	32977	48
22	32978	47
22	32979	47
22	32980	47
22	32981	47
22	32982	46
22	32983	46
22	32984	43
22	32985	43
22	32986	42
22	32987	42
22	32988	42
22	32989	42
22	32990	39
22	32991	39
22	32992	38
22	32993	38
22	32994	38
22	32995	38
22	32996	37
22	32997	37
22	32998	37
22	32999	37
22	33000	37
22	33001	36
22	33002	33
22	33003	34
22	33004	32
22	33005	32
22	33006	32
22	33007	36
22	33008	34
22	33009	34
22	33010	34
22	33011	34
22	33012	31
22	33013	31
22	33014	31
22	33015	31
22	33016	31
22	33017	31
22	33018	31
22	33019	31
22	33020	31
22	33021	31
22	33022	31
22	33023	32
22	33024	31
22	33025	32
22	33026	33
22	33027	33
22	33028	33
22	33029	33
22	33030	33
22	33031	33
22	33032	32
22	33033	32
22	33034	33
22	33035	33
22	33036	33
22	33037	33
22	33038	33
22	33039	33
22	33040	33
22	33041	33
22	33042	33
22	33043	33
22	33044	33
22	33045	33
22	33046	33
22	33047	35
22	33048	35
22	33049	35
22	33050	35
22	33051	33
22	33052	33
22	33053	33
22	33054	34
22	33055	34
22	33056	35
22	33057	35
22	33058	35
22	33059	36
22	33060	36
22	33061	36
22	33062	36
22	33063	35
22	33064	37
22	33065	37
22	33066	37
22	33067	36
22	33068	36
22	33069	37
22	33070	39
22	33071	39
22	33072	41
22	33073	41
22	33074	43
22	33075	43
22	33076	43
22	33077	44
22	33078	44
22	33079	45
22	33080	46
22	33081	46
22	33082	45
22	33083	45
22	33084	45
22	33085	45
22	33086	44
22	33087	44
22	33088	39
22	33089	39
22	33090	39
22	33091	37
22	33092	37
22	33093	37
22	33094	37
22	33095	37
22	33096	37
22	33097	36
22	33098	36
22	33099	37
22	33100	37
22	33101	37
22	33102	37
22	33103	37
22	33104	37
22	33105	37
22	33106	40
22	33107	42
22	33108	42
22	33109	42
22	33110	42
22	33111	42
22	33112	42
22	33113	42
22	33114	42
22	33115	42
22	33116	42
22	33117	42
22	33118	41
22	33119	41
22	33120	40
22	33121	41
22	33122	44
22	33123	44
22	33124	44
22	33125	45
22	33126	44
22	33127	46
22	33128	46
22	33129	46
22	33130	47
22	33131	46
22	33132	47
22	33133	47
22	33134	47
22	33135	47
22	33136	48
22	33137	48
22	33138	48
22	33139	48
22	33140	49
22	33141	49
22	33142	49
22	33143	49
22	33144	49
22	33145	49
22	33146	49
22	33147	50
22	33148	50
22	33149	50
22	33150	50
22	33151	50
22	33152	50
22	33153	49
22	33154	49
22	33155	49
22	33156	45
22	33157	45
22	33158	45
22	33159	45
22	33160	45
22	33161	47
22	33162	47
22	33163	47
22	33164	49
22	33165	49
22	33166	51
22	33167	53
22	33168	52
22	33169	52
22	33170	52
22	33171	52
22	33172	52
22	33173	53
22	33174	53
22	33175	51
22	33176	51
22	33177	51
22	33178	51
22	33179	51
22	33180	51
22	33181	51
22	33182	51
22	33183	51
22	33184	50
22	33185	50
22	33186	50
22	33187	50
22	33188	50
22	33189	50
22	33190	50
22	33191	50
22	33192	50
22	33193	50
22	33194	50
22	33195	50
22	33196	48
22	33197	49
22	33198	49
22	33199	49
22	33200	49
22	33201	49
22	33202	49
22	33203	51
22	33204	51
22	33205	51
22	33206	50
22	33207	50
22	33208	49
22	33209	49
22	33210	49
22	33211	51
22	33212	51
22	33213	48
22	33214	48
22	33215	48
22	33216	48
22	33217	48
22	33218	47
22	33219	46
22	33220	44
22	33221	44
22	33222	42
22	33223	40
22	33224	39
22	33225	42
22	33226	42
22	33227	45
22	33228	45
22	33229	45
22	33230	45
22	33231	45
22	33232	45
22	33233	46
22	33234	46
22	33235	46
22	33236	45
22	33237	45
22	33238	45
22	33239	45
22	33240	47
22	33241	47
22	33242	47
22	33243	47
22	33244	47
22	33245	47
22	33246	47
22	33247	48
22	33248	48
22	33249	48
22	33250	48
22	33251	48
22	33252	48
22	33253	48
22	33254	48
22	33255	48
22	33256	42
22	33257	42
22	33258	46
22	33259	46
22	33260	46
22	33261	53
22	33262	53
22	33263	58
22	33264	58
22	33265	58
22	33266	60
22	33267	62
22	33268	64
22	33269	66
22	33270	65
22	33271	67
22	33272	68
22	33273	68
22	33274	68
22	33275	70
22	33276	74
22	33277	72
22	33278	72
22	33279	72
22	33280	71
22	33281	71
22	33282	72
22	33283	73
22	33284	79
22	33285	78
22	33286	85
22	33287	85
22	33288	85
22	33289	86
22	33290	85
22	33291	86
22	33292	86
22	33293	86
22	33294	86
22	33295	86
22	33296	86
22	33297	85
22	33298	85
22	33299	85
22	33300	85
22	33301	84
22	33302	84
22	33303	84
22	33304	84
22	33305	77
22	33306	77
22	33307	78
22	33308	78
22	33309	79
22	33310	80
22	33311	80
22	33312	80
22	33313	80
22	33314	80
22	33315	80
22	33316	82
22	33317	83
22	33318	83
22	33319	83
22	33320	83
22	33321	84
22	33322	84
22	33323	84
22	33324	88
22	33325	90
22	33326	90
22	33327	90
22	33328	91
22	33329	92
22	33330	92
22	33331	93
22	33332	93
22	33333	93
22	33334	94
22	33335	94
22	33336	96
22	33337	96
22	33338	99
22	33339	102
22	33340	103
22	33341	101
22	33342	104
22	33343	104
22	33344	103
22	33345	101
22	33346	102
22	33347	103
22	33348	103
22	33349	103
22	33350	103
22	33351	103
22	33352	104
22	33353	104
22	33354	104
22	33355	104
22	33356	104
22	33357	104
22	33358	106
22	33359	106
22	33360	106
22	33361	104
22	33362	110
22	33363	112
22	33364	111
22	33365	112
22	33366	112
22	33367	114
22	33368	114
22	33369	114
22	33370	114
22	33371	113
22	33372	113
22	33373	114
22	33374	114
22	33375	115
22	33376	112
22	33377	112
22	33378	112
22	33379	112
22	33380	112
22	33381	116
22	33382	116
22	33383	119
22	33384	120
22	33385	121
22	33386	121
22	33387	121
22	33388	122
22	33389	124
22	33390	122
22	33391	122
22	33392	124
22	33393	124
22	33394	125
22	33395	128
22	33396	128
22	33397	127
22	33398	127
22	33399	127
22	33400	127
22	33401	127
22	33402	130
22	33403	130
22	33404	130
22	33405	131
22	33406	131
22	33407	131
22	33408	132
22	33409	131
22	33410	125
22	33411	125
22	33412	127
22	33413	136
22	33414	138
22	33415	137
22	33416	136
22	33417	138
22	33418	135
22	33419	133
22	33420	133
22	33421	132
22	33422	132
22	33423	132
22	33424	131
22	33425	128
22	33426	128
22	33427	129
22	33428	129
22	33429	131
22	33430	131
22	33431	131
22	33432	131
22	33433	130
22	33434	121
22	33435	121
22	33436	125
22	33437	133
22	33438	133
22	33439	132
22	33440	139
22	33441	140
22	33442	140
22	33443	140
22	33444	140
22	33445	142
22	33446	143
22	33447	143
22	33448	145
22	33449	146
22	33450	147
22	33451	148
22	33452	149
22	33453	148
22	33454	149
22	33455	148
22	33456	149
22	33457	149
22	33458	149
22	33459	151
22	33460	151
22	33461	151
22	33462	151
22	33463	151
22	33464	151
22	33465	150
22	33466	152
22	33467	152
22	33468	154
22	33469	155
22	33470	154
22	33471	154
22	33472	153
22	33473	153
22	33474	151
22	33475	152
22	33476	152
22	33477	152
22	33478	150
22	33479	150
22	33480	150
22	33481	149
22	33482	150
22	33483	151
22	33484	150
22	33485	151
22	33486	149
22	33487	147
22	33488	143
22	33489	146
22	33490	144
22	33491	144
22	33492	145
22	33493	145
22	33494	145
22	33495	145
22	33496	145
22	33497	146
22	33498	146
22	33499	147
22	33500	147
22	33501	148
22	33502	150
22	33503	149
22	33504	150
22	33505	150
22	33506	150
22	33507	154
22	33508	152
22	33509	153
22	33510	154
22	33511	148
22	33512	148
22	33513	147
22	33514	148
22	33515	148
22	33516	149
22	33517	149
22	33518	149
22	33519	149
22	33520	150
22	33521	159
22	33522	159
22	33523	158
22	33524	160
22	33525	159
22	33526	160
22	33527	159
22	33528	159
22	33529	159
22	33530	159
22	33531	156
22	33532	154
22	33533	153
22	33534	153
22	33535	153
22	33536	152
22	33537	152
22	33538	151
22	33539	151
22	33540	161
22	33541	167
22	33542	165
22	33543	164
22	33544	161
22	33545	161
22	33546	161
22	33547	161
22	33548	162
22	33549	162
22	33550	160
22	33551	160
22	33552	160
22	33553	165
22	33554	171
22	33555	170
22	33556	170
22	33557	169
22	33558	172
