22	15502	8
22	15503	8
22	15504	8
22	15505	8
22	15506	8
22	15507	8
22	15508	8
22	15509	8
22	15510	8
22	15511	8
22	15512	8
22	15513	8
22	15514	8
22	15515	8
22	15516	9
22	15517	9
22	15518	9
22	15519	9
22	15520	10
22	15521	10
22	15522	10
22	15523	10
22	15524	11
22	15525	11
22	15526	12
22	15527	12
22	15528	12
22	15529	10
22	15530	10
22	15531	10
22	15532	10
22	15533	10
22	15534	10
22	15535	10
22	15536	10
22	15537	10
22	15538	10
22	15539	10
22	15540	10
22	15541	10
22	15542	10
22	15543	10
22	15544	10
22	15545	10
22	15546	9
22	15547	9
22	15548	9
22	15549	9
22	15550	9
22	15551	9
22	15552	9
22	15553	9
22	15554	9
22	15555	9
22	15556	10
22	15557	10
22	15558	10
22	15559	10
22	15560	10
22	15561	8
22	15562	8
22	15563	8
22	15564	8
22	15565	8
22	15566	8
22	15567	9
22	15568	9
22	15569	8
22	15570	9
22	15571	9
22	15572	9
22	15573	9
22	15574	9
22	15575	9
22	15576	9
22	15577	9
22	15578	9
22	15579	9
22	15580	9
22	15581	9
22	15582	9
22	15583	9
22	15584	9
22	15585	9
22	15586	9
22	15587	9
22	15588	9
22	15589	9
22	15590	9
22	15591	9
22	15592	9
22	15593	9
22	15594	8
22	15595	8
22	15596	8
22	15597	8
22	15598	9
22	15599	9
22	15600	9
22	15601	9
22	15602	9
22	15603	9
22	15604	9
22	15605	9
22	15606	9
22	15607	9
22	15608	9
22	15609	9
22	15610	10
22	15611	10
22	15612	10
22	15613	10
22	15614	10
22	15615	10
22	15616	10
22	15617	10
22	15618	10
22	15619	10
22	15620	10
22	15621	10
22	15622	10
22	15623	9
22	15624	9
22	15625	9
22	15626	9
22	15627	10
22	15628	10
22	15629	10
22	15630	10
22	15631	10
22	15632	10
22	15633	10
22	15634	10
22	15635	10
22	15636	10
22	15637	10
22	15638	10
22	15639	10
22	15640	10
22	15641	10
22	15642	10
22	15643	10
22	15644	10
22	15645	10
22	15646	10
22	15647	10
22	15648	10
22	15649	10
22	15650	11
22	15651	11
22	15652	11
22	15653	11
22	15654	11
22	15655	11
22	15656	11
22	15657	11
22	15658	11
22	15659	11
22	15660	11
22	15661	11
22	15662	11
22	15663	11
22	15664	11
22	15665	11
22	15666	10
22	15667	10
22	15668	10
22	15669	9
22	15670	9
22	15671	11
22	15672	11
22	15673	10
22	15674	10
22	15675	9
22	15676	9
22	15677	9
22	15678	9
22	15679	9
22	15680	9
22	15681	9
22	15682	9
22	15683	9
22	15684	9
22	15685	9
22	15686	9
22	15687	9
22	15688	9
22	15689	9
22	15690	9
22	15691	9
22	15692	9
22	15693	9
22	15694	9
22	15695	9
22	15696	9
22	15697	9
22	15698	9
22	15699	9
22	15700	9
22	15701	9
22	15702	9
22	15703	9
22	15704	9
22	15705	9
22	15706	8
22	15707	8
22	15708	9
22	15709	9
22	15710	9
22	15711	9
22	15712	9
22	15713	9
22	15714	9
22	15715	9
22	15716	9
22	15717	8
22	15718	8
22	15719	8
22	15720	7
22	15721	7
22	15722	7
22	15723	7
22	15724	8
22	15725	8
22	15726	8
22	15727	8
22	15728	8
22	15729	8
22	15730	8
22	15731	8
22	15732	8
22	15733	8
22	15734	8
22	15735	8
22	15736	8
22	15737	8
22	15738	8
22	15739	8
22	15740	8
22	15741	8
22	15742	8
22	15743	8
22	15744	8
22	15745	8
22	15746	8
22	15747	8
22	15748	7
22	15749	7
22	15750	7
22	15751	7
22	15752	7
22	15753	7
22	15754	7
22	15755	7
22	15756	7
22	15757	7
22	15758	7
22	15759	7
22	15760	7
22	15761	7
22	15762	7
22	15763	7
22	15764	7
22	15765	7
22	15766	7
22	15767	7
22	15768	7
22	15769	7
22	15770	7
22	15771	7
22	15772	8
22	15773	8
22	15774	8
22	15775	8
22	15776	8
22	15777	8
22	15778	8
22	15779	8
22	15780	8
22	15781	8
22	15782	8
22	15783	8
22	15784	8
22	15785	8
22	15786	8
22	15787	8
22	15788	8
22	15789	8
22	15790	8
22	15791	8
22	15792	8
22	15793	8
22	15794	8
22	15795	8
22	15796	8
22	15797	8
22	15798	8
22	15799	7
22	15800	7
22	15801	7
22	15802	8
22	15803	8
22	15804	8
22	15805	8
22	15806	8
22	15807	8
22	15808	8
22	15809	8
22	15810	8
22	15811	8
22	15812	8
22	15813	9
22	15814	9
22	15815	9
22	15816	9
22	15817	9
22	15818	9
22	15819	9
22	15820	7
22	15821	7
22	15822	7
22	15823	8
22	15824	8
22	15825	8
22	15826	8
22	15827	8
22	15828	8
22	15829	8
22	15830	8
22	15831	8
22	15832	8
22	15833	8
22	15834	8
22	15835	8
22	15836	8
22	15837	8
22	15838	8
22	15839	8
22	15840	8
22	15841	8
22	15842	8
22	15843	8
22	15844	8
22	15845	8
22	15846	8
22	15847	8
22	15848	8
22	15849	8
22	15850	8
22	15851	9
22	15852	9
22	15853	9
22	15854	10
22	15855	13
22	15856	14
22	15857	13
22	15858	13
22	15859	13
22	15860	13
22	15861	13
22	15862	13
22	15863	13
22	15864	13
22	15865	13
22	15866	13
22	15867	13
22	15868	16
22	15869	16
22	15870	16
22	15871	16
22	15872	16
22	15873	15
22	15874	15
22	15875	15
22	15876	15
22	15877	15
22	15878	15
22	15879	15
22	15880	15
22	15881	15
22	15882	15
22	15883	15
22	15884	15
22	15885	15
22	15886	15
22	15887	15
22	15888	15
22	15889	16
22	15890	16
22	15891	16
22	15892	16
22	15893	16
22	15894	16
22	15895	16
22	15896	16
22	15897	16
22	15898	16
22	15899	16
22	15900	16
22	15901	16
22	15902	16
22	15903	16
22	15904	16
22	15905	16
22	15906	16
22	15907	16
22	15908	16
22	15909	16
22	15910	15
22	15911	15
22	15912	15
22	15913	15
22	15914	15
22	15915	15
22	15916	15
22	15917	15
22	15918	15
22	15919	15
22	15920	15
22	15921	15
22	15922	14
22	15923	14
22	15924	14
22	15925	14
22	15926	14
22	15927	13
22	15928	13
22	15929	13
22	15930	14
22	15931	14
22	15932	14
22	15933	14
22	15934	14
22	15935	14
22	15936	14
22	15937	14
22	15938	14
22	15939	14
22	15940	14
22	15941	14
22	15942	14
22	15943	14
22	15944	14
22	15945	14
22	15946	14
22	15947	14
22	15948	14
22	15949	14
22	15950	14
22	15951	13
22	15952	13
22	15953	13
22	15954	13
22	15955	13
22	15956	13
22	15957	15
22	15958	15
22	15959	15
22	15960	14
22	15961	14
22	15962	14
22	15963	14
22	15964	14
22	15965	14
22	15966	14
22	15967	15
22	15968	15
22	15969	15
22	15970	15
22	15971	15
22	15972	14
22	15973	14
22	15974	14
22	15975	14
22	15976	14
22	15977	14
22	15978	14
22	15979	14
22	15980	14
22	15981	14
22	15982	14
22	15983	14
22	15984	14
22	15985	14
22	15986	14
22	15987	14
22	15988	14
22	15989	14
22	15990	14
22	15991	14
22	15992	14
22	15993	14
22	15994	14
22	15995	14
22	15996	16
22	15997	16
22	15998	18
22	15999	18
22	16000	17
22	16001	17
22	16002	17
22	16003	17
22	16004	16
22	16005	12
22	16006	12
22	16007	12
22	16008	12
22	16009	12
22	16010	12
22	16011	12
22	16012	12
22	16013	12
22	16014	12
22	16015	9
22	16016	9
22	16017	10
22	16018	10
22	16019	10
22	16020	10
22	16021	10
22	16022	10
22	16023	10
22	16024	10
22	16025	10
22	16026	10
22	16027	10
22	16028	10
22	16029	10
22	16030	10
22	16031	10
22	16032	10
22	16033	10
22	16034	10
22	16035	10
22	16036	10
22	16037	10
22	16038	10
22	16039	10
22	16040	10
22	16041	10
22	16042	10
22	16043	10
22	16044	10
22	16045	10
22	16046	10
22	16047	10
22	16048	10
22	16049	10
22	16050	10
22	16051	10
22	16052	10
22	16053	10
22	16054	10
22	16055	10
22	16056	10
22	16057	10
22	16058	12
22	16059	13
22	16060	13
22	16061	13
22	16062	13
22	16063	13
22	16064	13
22	16065	13
22	16066	13
22	16067	13
22	16068	13
22	16069	13
22	16070	13
22	16071	13
22	16072	13
22	16073	13
22	16074	13
22	16075	13
22	16076	13
22	16077	13
22	16078	13
22	16079	13
22	16080	12
22	16081	12
22	16082	12
22	16083	12
22	16084	12
22	16085	12
22	16086	12
22	16087	12
22	16088	12
22	16089	12
22	16090	12
22	16091	12
22	16092	14
22	16093	14
22	16094	14
22	16095	14
22	16096	14
22	16097	14
22	16098	15
22	16099	15
22	16100	15
22	16101	15
22	16102	15
22	16103	15
22	16104	15
22	16105	15
22	16106	13
22	16107	13
22	16108	13
22	16109	13
22	16110	13
22	16111	13
22	16112	13
22	16113	13
22	16114	13
22	16115	14
22	16116	13
22	16117	13
22	16118	13
22	16119	13
22	16120	13
22	16121	13
22	16122	13
22	16123	13
22	16124	13
22	16125	13
22	16126	13
22	16127	13
22	16128	13
22	16129	13
22	16130	13
22	16131	13
22	16132	13
22	16133	13
22	16134	13
22	16135	14
22	16136	14
22	16137	14
22	16138	14
22	16139	14
22	16140	14
22	16141	14
22	16142	14
22	16143	14
22	16144	14
22	16145	14
22	16146	12
22	16147	12
22	16148	11
22	16149	11
22	16150	11
22	16151	11
22	16152	11
22	16153	11
22	16154	11
22	16155	11
22	16156	11
22	16157	11
22	16158	11
22	16159	11
22	16160	11
22	16161	11
22	16162	11
22	16163	11
22	16164	11
22	16165	11
22	16166	11
22	16167	11
22	16168	11
22	16169	11
22	16170	11
22	16171	11
22	16172	11
22	16173	11
22	16174	11
22	16175	11
22	16176	11
22	16177	12
22	16178	12
22	16179	12
22	16180	12
22	16181	12
22	16182	12
22	16183	12
22	16184	12
22	16185	12
22	16186	12
22	16187	12
22	16188	12
22	16189	12
22	16190	12
22	16191	12
22	16192	12
22	16193	12
22	16194	13
22	16195	13
22	16196	12
22	16197	12
22	16198	12
22	16199	12
22	16200	12
22	16201	12
22	16202	12
22	16203	12
22	16204	12
22	16205	12
22	16206	12
22	16207	12
22	16208	10
22	16209	9
22	16210	9
22	16211	9
22	16212	9
22	16213	10
22	16214	10
22	16215	10
22	16216	10
22	16217	10
22	16218	10
22	16219	10
22	16220	10
22	16221	10
22	16222	11
22	16223	11
22	16224	11
22	16225	11
22	16226	11
22	16227	11
22	16228	11
22	16229	11
22	16230	11
22	16231	11
22	16232	13
22	16233	13
22	16234	13
22	16235	13
22	16236	13
22	16237	13
22	16238	13
22	16239	13
22	16240	13
22	16241	13
22	16242	11
22	16243	11
22	16244	12
22	16245	12
22	16246	11
22	16247	11
22	16248	11
22	16249	11
22	16250	11
22	16251	11
22	16252	11
22	16253	11
22	16254	11
22	16255	11
22	16256	11
22	16257	11
22	16258	11
22	16259	11
22	16260	11
22	16261	11
22	16262	11
22	16263	11
22	16264	10
22	16265	10
22	16266	10
22	16267	10
22	16268	10
22	16269	10
22	16270	10
22	16271	10
22	16272	10
22	16273	10
22	16274	10
22	16275	10
22	16276	10
22	16277	10
22	16278	10
22	16279	10
22	16280	10
22	16281	10
22	16282	10
22	16283	10
22	16284	10
22	16285	9
22	16286	9
22	16287	9
22	16288	9
22	16289	9
22	16290	9
22	16291	9
22	16292	9
22	16293	9
22	16294	9
22	16295	9
22	16296	9
22	16297	9
22	16298	10
22	16299	10
22	16300	10
22	16301	10
22	16302	10
22	16303	10
22	16304	10
22	16305	10
22	16306	10
22	16307	10
22	16308	10
22	16309	10
22	16310	10
22	16311	10
22	16312	10
22	16313	10
22	16314	10
22	16315	10
22	16316	10
22	16317	10
22	16318	10
22	16319	10
22	16320	10
22	16321	10
22	16322	10
22	16323	10
22	16324	10
22	16325	10
22	16326	9
22	16327	9
22	16328	9
22	16329	9
22	16330	9
22	16331	9
22	16332	10
22	16333	10
22	16334	10
22	16335	10
22	16336	9
22	16337	9
22	16338	9
22	16339	9
22	16340	9
22	16341	9
22	16342	9
22	16343	8
22	16344	8
22	16345	8
22	16346	8
22	16347	8
22	16348	8
22	16349	8
22	16350	8
22	16351	8
22	16352	8
22	16353	8
22	16354	8
22	16355	8
22	16356	8
22	16357	8
22	16358	8
22	16359	8
22	16360	8
22	16361	8
22	16362	9
22	16363	8
22	16364	8
22	16365	8
22	16366	8
22	16367	8
22	16368	8
22	16369	9
22	16370	9
22	16371	8
22	16372	8
22	16373	8
22	16374	8
22	16375	8
22	16376	8
22	16377	8
22	16378	8
22	16379	8
22	16380	8
22	16381	8
22	16382	7
22	16383	7
22	16384	7
22	16385	7
22	16386	7
22	16387	7
22	16388	7
22	16389	7
22	16390	7
22	16391	7
22	16392	7
22	16393	6
22	16394	6
22	16395	6
22	16396	6
22	16397	6
22	16398	6
22	16399	6
22	16400	6
22	16401	6
22	16402	6
22	16403	6
22	16404	6
22	16405	6
22	16406	6
22	16407	6
22	16408	6
22	16409	6
22	16410	6
22	16411	6
22	16412	6
22	16413	6
22	16414	6
22	16415	6
22	16416	6
22	16417	6
22	16418	6
22	16419	6
22	16420	6
22	16421	6
22	16422	6
22	16423	6
22	16424	6
22	16425	6
22	16426	6
22	16427	6
22	16428	6
22	16429	6
22	16430	7
22	16431	7
22	16432	7
22	16433	7
22	16434	8
22	16435	8
22	16436	8
22	16437	8
22	16438	8
22	16439	9
22	16440	9
22	16441	9
22	16442	9
22	16443	9
22	16444	9
22	16445	9
22	16446	9
22	16447	9
22	16448	7
22	16449	7
22	16450	7
22	16451	7
22	16452	7
22	16453	7
22	16454	7
22	16455	7
22	16456	7
22	16457	7
22	16458	7
22	16459	7
22	16460	7
22	16461	7
22	16462	7
22	16463	7
22	16464	7
22	16465	7
22	16466	7
22	16467	7
22	16468	7
22	16469	7
22	16470	7
22	16471	7
22	16472	7
22	16473	7
22	16474	7
22	16475	7
22	16476	7
22	16477	7
22	16478	8
22	16479	8
22	16480	8
22	16481	8
22	16482	7
22	16483	7
22	16484	7
22	16485	7
22	16486	7
22	16487	7
22	16488	7
22	16489	7
22	16490	7
22	16491	7
22	16492	7
22	16493	7
22	16494	7
22	16495	7
22	16496	7
22	16497	7
22	16498	7
22	16499	7
22	16500	7
22	16501	7
22	16502	7
22	16503	7
22	16504	7
22	16505	7
22	16506	7
22	16507	7
22	16508	7
22	16509	7
22	16510	9
22	16511	8
22	16512	8
22	16513	8
22	16514	8
22	16515	8
22	16516	8
22	16517	8
22	16518	8
22	16519	7
22	16520	7
22	16521	7
22	16522	8
22	16523	8
22	16524	8
22	16525	8
22	16526	8
22	16527	8
22	16528	8
22	16529	8
22	16530	8
22	16531	8
22	16532	7
22	16533	7
22	16534	7
22	16535	7
22	16536	7
22	16537	7
22	16538	7
22	16539	7
22	16540	7
22	16541	9
22	16542	9
22	16543	9
22	16544	9
22	16545	9
22	16546	9
22	16547	9
22	16548	9
22	16549	9
22	16550	9
22	16551	9
22	16552	9
22	16553	9
22	16554	9
22	16555	9
22	16556	10
22	16557	10
22	16558	10
22	16559	10
22	16560	11
22	16561	11
22	16562	11
22	16563	11
22	16564	11
22	16565	12
22	16566	12
22	16567	12
22	16568	12
22	16569	12
22	16570	12
22	16571	12
22	16572	12
22	16573	12
22	16574	12
22	16575	12
22	16576	12
22	16577	12
22	16578	12
22	16579	11
22	16580	11
22	16581	11
22	16582	11
22	16583	11
22	16584	10
22	16585	10
22	16586	10
22	16587	10
22	16588	10
22	16589	9
22	16590	9
22	16591	9
22	16592	9
22	16593	9
22	16594	9
22	16595	9
22	16596	9
22	16597	9
22	16598	9
22	16599	9
22	16600	10
22	16601	10
22	16602	10
22	16603	10
22	16604	10
22	16605	10
22	16606	10
22	16607	10
22	16608	10
22	16609	10
22	16610	10
22	16611	10
22	16612	10
22	16613	10
22	16614	11
22	16615	11
22	16616	12
22	16617	12
22	16618	12
22	16619	12
22	16620	12
22	16621	12
22	16622	12
22	16623	12
22	16624	12
22	16625	10
22	16626	10
22	16627	10
22	16628	9
22	16629	9
22	16630	9
22	16631	9
22	16632	9
22	16633	9
22	16634	9
22	16635	9
22	16636	9
22	16637	10
22	16638	10
22	16639	10
22	16640	10
22	16641	10
22	16642	11
22	16643	11
22	16644	11
22	16645	11
22	16646	11
22	16647	11
22	16648	11
22	16649	11
22	16650	11
22	16651	11
22	16652	11
22	16653	11
22	16654	11
22	16655	11
22	16656	11
22	16657	11
22	16658	11
22	16659	11
22	16660	11
22	16661	11
22	16662	11
22	16663	11
22	16664	11
22	16665	12
22	16666	12
22	16667	12
22	16668	12
22	16669	12
22	16670	13
22	16671	12
22	16672	12
22	16673	12
22	16674	12
22	16675	12
22	16676	12
22	16677	12
22	16678	12
22	16679	12
22	16680	12
22	16681	12
22	16682	13
22	16683	13
22	16684	13
22	16685	13
22	16686	13
22	16687	13
22	16688	13
22	16689	13
22	16690	11
22	16691	11
22	16692	11
22	16693	12
22	16694	12
22	16695	12
22	16696	12
22	16697	12
22	16698	12
22	16699	12
22	16700	12
22	16701	12
22	16702	12
22	16703	12
22	16704	12
22	16705	12
22	16706	11
22	16707	11
22	16708	11
22	16709	12
22	16710	11
22	16711	11
22	16712	11
22	16713	11
22	16714	11
22	16715	10
22	16716	10
22	16717	10
22	16718	10
22	16719	10
22	16720	10
22	16721	10
22	16722	10
22	16723	12
22	16724	12
22	16725	12
22	16726	12
22	16727	12
22	16728	12
22	16729	12
22	16730	14
22	16731	14
22	16732	14
22	16733	14
22	16734	14
22	16735	14
22	16736	14
22	16737	14
22	16738	14
22	16739	14
22	16740	15
22	16741	15
22	16742	15
22	16743	15
22	16744	15
22	16745	15
22	16746	15
22	16747	15
22	16748	15
22	16749	14
22	16750	14
22	16751	14
22	16752	14
22	16753	14
22	16754	15
22	16755	15
22	16756	15
22	16757	15
22	16758	15
22	16759	15
22	16760	15
22	16761	15
22	16762	16
22	16763	15
22	16764	15
22	16765	14
22	16766	14
22	16767	14
22	16768	14
22	16769	15
22	16770	15
22	16771	15
22	16772	15
22	16773	15
22	16774	15
22	16775	15
22	16776	15
22	16777	16
22	16778	16
22	16779	17
22	16780	17
22	16781	17
22	16782	17
22	16783	18
22	16784	18
22	16785	18
22	16786	18
22	16787	17
22	16788	17
22	16789	17
22	16790	17
22	16791	17
22	16792	16
22	16793	16
22	16794	16
22	16795	16
22	16796	16
22	16797	16
22	16798	16
22	16799	16
22	16800	16
22	16801	16
22	16802	16
22	16803	16
22	16804	16
22	16805	16
22	16806	16
22	16807	16
22	16808	16
22	16809	16
22	16810	16
22	16811	16
22	16812	16
22	16813	16
22	16814	16
22	16815	15
22	16816	15
22	16817	15
22	16818	15
22	16819	15
22	16820	14
22	16821	14
22	16822	14
22	16823	14
22	16824	14
22	16825	14
22	16826	14
22	16827	14
22	16828	14
22	16829	14
22	16830	14
22	16831	14
22	16832	13
22	16833	13
22	16834	13
22	16835	14
22	16836	14
22	16837	14
22	16838	14
22	16839	14
22	16840	14
22	16841	14
22	16842	14
22	16843	15
22	16844	15
22	16845	15
22	16846	15
22	16847	15
22	16848	15
22	16849	15
22	16850	15
22	16851	15
22	16852	15
22	16853	15
22	16854	15
22	16855	15
22	16856	19
22	16857	19
22	16858	18
22	16859	18
22	16860	18
22	16861	18
22	16862	18
22	16863	18
22	16864	19
22	16865	19
22	16866	19
22	16867	19
22	16868	19
22	16869	20
22	16870	20
22	16871	20
22	16872	18
22	16873	18
22	16874	18
22	16875	18
22	16876	18
22	16877	18
22	16878	18
22	16879	18
22	16880	16
22	16881	16
22	16882	16
22	16883	16
22	16884	16
22	16885	16
22	16886	16
22	16887	16
22	16888	16
22	16889	16
22	16890	15
22	16891	15
22	16892	15
22	16893	15
22	16894	16
22	16895	16
22	16896	16
22	16897	16
22	16898	16
22	16899	18
22	16900	18
22	16901	18
22	16902	18
22	16903	18
22	16904	18
22	16905	18
22	16906	18
22	16907	18
22	16908	18
22	16909	18
22	16910	18
22	16911	17
22	16912	17
22	16913	17
22	16914	17
22	16915	17
22	16916	17
22	16917	17
22	16918	16
22	16919	16
22	16920	16
22	16921	16
22	16922	16
22	16923	16
22	16924	15
22	16925	15
22	16926	15
22	16927	15
22	16928	15
22	16929	14
22	16930	14
22	16931	14
22	16932	14
22	16933	13
22	16934	13
22	16935	13
22	16936	13
22	16937	13
22	16938	13
22	16939	14
22	16940	14
22	16941	14
22	16942	14
22	16943	14
22	16944	14
22	16945	14
22	16946	14
22	16947	14
22	16948	14
22	16949	14
22	16950	14
22	16951	14
22	16952	14
22	16953	14
22	16954	14
22	16955	14
22	16956	14
22	16957	14
22	16958	14
22	16959	14
22	16960	14
22	16961	14
22	16962	14
22	16963	14
22	16964	14
22	16965	14
22	16966	14
22	16967	14
22	16968	14
22	16969	14
22	16970	14
22	16971	14
22	16972	14
22	16973	14
22	16974	14
22	16975	14
22	16976	14
22	16977	14
22	16978	14
22	16979	14
22	16980	14
22	16981	14
22	16982	14
22	16983	14
22	16984	14
22	16985	13
22	16986	13
22	16987	13
22	16988	13
22	16989	13
22	16990	13
22	16991	14
22	16992	14
22	16993	12
22	16994	13
22	16995	15
22	16996	15
22	16997	15
22	16998	15
22	16999	15
22	17000	15
22	17001	15
22	17002	18
22	17003	18
22	17004	14
22	17005	14
22	17006	14
22	17007	14
22	17008	14
22	17009	14
22	17010	14
22	17011	14
22	17012	14
22	17013	14
22	17014	13
22	17015	13
22	17016	13
22	17017	13
22	17018	13
22	17019	12
22	17020	12
22	17021	12
22	17022	12
22	17023	12
22	17024	12
22	17025	12
22	17026	12
22	17027	12
22	17028	12
22	17029	12
22	17030	12
22	17031	12
22	17032	12
22	17033	12
22	17034	12
22	17035	12
22	17036	12
22	17037	12
22	17038	12
22	17039	12
22	17040	12
22	17041	12
22	17042	12
22	17043	11
22	17044	11
22	17045	13
22	17046	13
22	17047	13
22	17048	13
22	17049	11
22	17050	11
22	17051	11
22	17052	11
22	17053	11
22	17054	11
22	17055	11
22	17056	11
22	17057	11
22	17058	11
22	17059	11
22	17060	11
22	17061	11
22	17062	11
22	17063	11
22	17064	11
22	17065	12
22	17066	12
22	17067	13
22	17068	13
22	17069	13
22	17070	13
22	17071	13
22	17072	13
22	17073	13
22	17074	13
22	17075	13
22	17076	13
22	17077	13
22	17078	13
22	17079	13
22	17080	13
22	17081	13
22	17082	13
22	17083	13
22	17084	13
22	17085	13
22	17086	13
22	17087	13
22	17088	13
22	17089	11
22	17090	11
22	17091	11
22	17092	11
22	17093	11
22	17094	11
22	17095	11
22	17096	12
22	17097	12
22	17098	12
22	17099	12
22	17100	12
22	17101	13
22	17102	13
22	17103	13
22	17104	13
22	17105	13
22	17106	13
22	17107	13
22	17108	13
22	17109	13
22	17110	13
22	17111	13
22	17112	13
22	17113	13
22	17114	13
22	17115	13
22	17116	13
22	17117	13
22	17118	13
22	17119	13
22	17120	13
22	17121	13
22	17122	13
22	17123	13
22	17124	13
22	17125	13
22	17126	13
22	17127	13
22	17128	13
22	17129	13
22	17130	13
22	17131	13
22	17132	13
22	17133	13
22	17134	13
22	17135	14
22	17136	14
22	17137	14
22	17138	14
22	17139	14
22	17140	14
22	17141	13
22	17142	13
22	17143	14
22	17144	11
22	17145	11
22	17146	11
22	17147	11
22	17148	11
22	17149	11
22	17150	11
22	17151	12
22	17152	9
22	17153	9
22	17154	9
22	17155	9
22	17156	10
22	17157	10
22	17158	10
22	17159	10
22	17160	10
22	17161	10
22	17162	10
22	17163	12
22	17164	12
22	17165	12
22	17166	12
22	17167	12
22	17168	12
22	17169	12
22	17170	12
22	17171	12
22	17172	12
22	17173	12
22	17174	13
22	17175	13
22	17176	13
22	17177	13
22	17178	13
22	17179	13
22	17180	13
22	17181	13
22	17182	13
22	17183	13
22	17184	13
22	17185	13
22	17186	13
22	17187	13
22	17188	13
22	17189	13
22	17190	13
22	17191	13
22	17192	13
22	17193	13
22	17194	11
22	17195	11
22	17196	11
22	17197	11
22	17198	11
22	17199	11
22	17200	11
22	17201	11
22	17202	11
22	17203	11
22	17204	11
22	17205	11
22	17206	11
22	17207	11
22	17208	11
22	17209	11
22	17210	11
22	17211	11
22	17212	11
22	17213	11
22	17214	11
22	17215	10
22	17216	10
22	17217	9
22	17218	9
22	17219	9
22	17220	9
22	17221	9
22	17222	9
22	17223	9
22	17224	9
22	17225	9
22	17226	9
22	17227	9
22	17228	9
22	17229	9
22	17230	9
22	17231	9
22	17232	9
22	17233	9
22	17234	9
22	17235	9
22	17236	9
22	17237	9
22	17238	10
22	17239	9
22	17240	10
22	17241	10
22	17242	10
22	17243	10
22	17244	10
22	17245	10
22	17246	10
22	17247	9
22	17248	9
22	17249	9
22	17250	9
22	17251	8
22	17252	8
22	17253	8
22	17254	8
22	17255	8
22	17256	8
22	17257	8
22	17258	8
22	17259	8
22	17260	8
22	17261	8
22	17262	8
22	17263	8
22	17264	8
22	17265	8
22	17266	8
22	17267	8
22	17268	8
22	17269	8
22	17270	8
22	17271	8
22	17272	8
22	17273	9
22	17274	9
22	17275	9
22	17276	9
22	17277	10
22	17278	12
22	17279	12
22	17280	12
22	17281	12
22	17282	12
22	17283	12
22	17284	12
22	17285	11
22	17286	11
22	17287	11
22	17288	11
22	17289	11
22	17290	11
22	17291	11
22	17292	11
22	17293	10
22	17294	11
22	17295	11
22	17296	11
22	17297	11
22	17298	11
22	17299	12
22	17300	12
22	17301	11
22	17302	11
22	17303	11
22	17304	11
22	17305	14
22	17306	13
22	17307	13
22	17308	13
22	17309	13
22	17310	13
22	17311	13
22	17312	13
22	17313	11
22	17314	11
22	17315	11
22	17316	11
22	17317	11
22	17318	11
22	17319	12
22	17320	13
22	17321	13
22	17322	13
22	17323	12
22	17324	12
22	17325	13
22	17326	13
22	17327	13
22	17328	13
22	17329	13
22	17330	13
22	17331	13
22	17332	14
22	17333	14
22	17334	15
22	17335	15
22	17336	15
22	17337	15
22	17338	15
22	17339	15
22	17340	15
22	17341	15
22	17342	15
22	17343	15
22	17344	15
22	17345	15
22	17346	15
22	17347	15
22	17348	15
22	17349	15
22	17350	15
22	17351	15
22	17352	15
22	17353	15
22	17354	15
22	17355	15
22	17356	15
22	17357	15
22	17358	15
22	17359	15
22	17360	15
22	17361	15
22	17362	15
22	17363	15
22	17364	15
22	17365	15
22	17366	15
22	17367	15
22	17368	15
22	17369	16
22	17370	16
22	17371	16
22	17372	16
22	17373	16
22	17374	17
22	17375	18
22	17376	18
22	17377	18
22	17378	18
22	17379	19
22	17380	19
22	17381	19
22	17382	19
22	17383	19
22	17384	19
22	17385	19
22	17386	19
22	17387	19
22	17388	19
22	17389	21
22	17390	21
22	17391	21
22	17392	21
22	17393	21
22	17394	21
22	17395	21
22	17396	21
22	17397	21
22	17398	21
22	17399	21
22	17400	21
22	17401	21
22	17402	21
22	17403	21
22	17404	21
22	17405	21
22	17406	21
22	17407	21
22	17408	21
22	17409	21
22	17410	21
22	17411	21
22	17412	21
22	17413	21
22	17414	21
22	17415	21
22	17416	21
22	17417	21
22	17418	21
22	17419	21
22	17420	21
22	17421	21
22	17422	21
22	17423	20
22	17424	20
22	17425	20
22	17426	20
22	17427	19
22	17428	17
22	17429	17
22	17430	17
22	17431	17
22	17432	17
22	17433	18
22	17434	18
22	17435	18
22	17436	18
22	17437	18
22	17438	18
22	17439	18
22	17440	18
22	17441	18
22	17442	18
22	17443	18
22	17444	18
22	17445	18
22	17446	18
22	17447	17
22	17448	18
22	17449	18
22	17450	18
22	17451	18
22	17452	18
22	17453	18
22	17454	16
22	17455	15
22	17456	15
22	17457	15
22	17458	15
22	17459	15
22	17460	15
22	17461	15
22	17462	15
22	17463	15
22	17464	15
22	17465	15
22	17466	14
22	17467	14
22	17468	14
22	17469	13
22	17470	13
22	17471	13
22	17472	13
22	17473	13
22	17474	13
22	17475	12
22	17476	12
22	17477	12
22	17478	12
22	17479	12
22	17480	12
22	17481	11
22	17482	11
22	17483	10
22	17484	10
22	17485	10
22	17486	10
22	17487	10
22	17488	10
22	17489	10
22	17490	10
22	17491	10
22	17492	10
22	17493	10
22	17494	10
22	17495	10
22	17496	10
22	17497	10
22	17498	10
22	17499	10
22	17500	10
22	17501	10
22	17502	10
22	17503	10
22	17504	10
22	17505	10
22	17506	10
22	17507	10
22	17508	10
22	17509	10
22	17510	10
22	17511	10
22	17512	10
22	17513	10
22	17514	10
22	17515	10
22	17516	10
22	17517	10
22	17518	10
22	17519	9
22	17520	9
22	17521	9
22	17522	9
22	17523	9
22	17524	8
22	17525	7
22	17526	7
22	17527	6
22	17528	5
22	17529	5
22	17530	5
22	17531	5
22	17532	5
22	17533	5
22	17534	5
22	17535	5
22	17536	5
22	17537	4
22	17538	2
22	17539	2
22	17540	2
22	17541	2
22	17542	2
22	17543	2
22	17544	2
22	17545	2
22	17546	2
22	17547	2
22	17548	2
22	17549	2
22	17550	2
22	17551	2
22	17552	2
22	17553	2
22	17554	2
22	17555	2
22	17556	2
22	17557	2
22	17558	2
22	17559	2
22	17560	2
22	17561	2
22	17562	2
22	17563	2
22	17564	2
22	17565	2
22	17566	2
22	17567	2
22	17568	2
22	17569	2
22	17570	2
22	17571	2
22	17572	2
22	17573	2
22	17574	2
22	17575	2
22	17576	2
22	17577	2
22	17578	2
22	17579	2
22	17580	2
22	17581	2
22	17582	2
22	17583	1
22	17584	1
22	17585	1
22	17586	1
22	17587	1
22	17588	1
22	17589	1
22	17590	1
22	17591	1
22	17592	1
22	17593	1
22	17594	1
22	17595	1
22	17596	1
22	17597	1
22	19430	6
22	19431	6
22	19432	7
22	19433	7
22	19434	7
22	19435	7
22	19436	7
22	19437	7
22	19438	7
22	19439	8
22	19440	8
22	19441	8
22	19442	10
22	19443	10
22	19444	10
22	19445	10
22	19446	10
22	19447	10
22	19448	10
22	19449	11
22	19450	11
22	19451	11
22	19452	13
22	19453	13
22	19454	13
22	19455	13
22	19456	13
22	19457	13
22	19458	13
22	19459	13
22	19460	13
22	19461	13
22	19462	13
22	19463	13
22	19464	13
22	19465	14
22	19466	14
22	19467	14
22	19468	14
22	19469	14
22	19470	14
22	19471	14
22	19472	14
22	19473	14
22	19474	14
22	19475	14
22	19476	14
22	19477	15
22	19478	15
22	19479	15
22	19480	15
22	19481	15
22	19482	15
22	19483	15
22	19484	15
22	19485	15
22	19486	15
22	19487	15
22	19488	15
22	19489	15
22	19490	15
22	19491	15
22	19492	15
22	19493	15
22	19494	15
22	19495	15
22	19496	15
22	19497	15
22	19498	15
22	19499	15
22	19500	17
22	19501	17
22	19502	17
22	19503	17
22	19504	17
22	19505	17
22	19506	17
22	19507	17
22	19508	17
22	19509	17
22	19510	17
22	19511	17
22	19512	17
22	19513	17
22	19514	17
22	19515	17
22	19516	17
22	19517	17
22	19518	17
22	19519	17
22	19520	17
22	19521	17
22	19522	17
22	19523	17
22	19524	17
22	19525	18
22	19526	18
22	19527	17
22	19528	17
22	19529	17
22	19530	17
22	19531	17
22	19532	17
22	19533	17
22	19534	17
22	19535	17
22	19536	17
22	19537	17
22	19538	17
22	19539	17
22	19540	17
22	19541	17
22	19542	17
22	19543	17
22	19544	17
22	19545	18
22	19546	18
22	19547	18
22	19548	18
22	19549	18
22	19550	18
22	19551	18
22	19552	18
22	19553	18
22	19554	17
22	19555	17
22	19556	17
22	19557	17
22	19558	17
22	19559	17
22	19560	17
22	19561	17
22	19562	17
22	19563	17
22	19564	17
22	19565	17
22	19566	17
22	19567	17
22	19568	17
22	19569	17
22	19570	18
22	19571	19
22	19572	19
22	19573	19
22	19574	19
22	19575	19
22	19576	19
22	19577	19
22	19578	19
22	19579	19
22	19580	19
22	19581	18
22	19582	18
22	19583	18
22	19584	18
22	19585	18
22	19586	18
22	19587	18
22	19588	18
22	19589	17
22	19590	17
22	19591	16
22	19592	15
22	19593	15
22	19594	15
22	19595	15
22	19596	15
22	19597	15
22	19598	15
22	19599	12
22	19600	12
22	19601	12
22	19602	12
22	19603	12
22	19604	12
22	19605	12
22	19606	12
22	19607	12
22	19608	13
22	19609	13
22	19610	13
22	19611	13
22	19612	13
22	19613	13
22	19614	12
22	19615	13
22	19616	13
22	19617	13
22	19618	13
22	19619	13
22	19620	13
22	19621	13
22	19622	13
22	19623	13
22	19624	13
22	19625	9
22	19626	10
22	19627	9
22	19628	9
22	19629	9
22	19630	9
22	19631	9
22	19632	9
22	19633	9
22	19634	9
22	19635	9
22	19636	9
22	19637	9
22	19638	9
22	19639	9
22	19640	9
22	19641	9
22	19642	9
22	19643	9
22	19644	9
22	19645	9
22	19646	9
22	19647	9
22	19648	9
22	19649	9
22	19650	7
22	19651	7
22	19652	7
22	19653	7
22	19654	7
22	19655	7
22	19656	7
22	19657	7
22	19658	7
22	19659	7
22	19660	7
22	19661	7
22	19662	7
22	19663	7
22	19664	7
22	19665	7
22	19666	7
22	19667	7
22	19668	7
22	19669	7
22	19670	7
22	19671	7
22	19672	7
22	19673	7
22	19674	6
22	19675	6
22	19676	6
22	19677	6
22	19678	6
22	19679	6
22	19680	6
22	19681	6
22	19682	6
22	19683	6
22	19684	6
22	19685	6
22	19686	6
22	19687	6
22	19688	6
22	19689	6
22	19690	6
22	19691	6
22	19692	6
22	19693	6
22	19694	6
22	19695	5
22	19696	6
22	19697	6
22	19698	6
22	19699	6
22	19700	6
22	19701	6
22	19702	6
22	19703	6
22	19704	7
22	19705	7
22	19706	7
22	19707	7
22	19708	7
22	19709	7
22	19710	7
22	19711	7
22	19712	7
22	19713	7
22	19714	7
22	19715	7
22	19716	7
22	19717	7
22	19718	7
22	19719	7
22	19720	6
22	19721	5
22	19722	6
22	19723	6
22	19724	6
22	19725	6
22	19726	6
22	19727	6
22	19728	9
22	19729	9
22	19730	9
22	19731	9
22	19732	9
22	19733	9
22	19734	9
22	19735	9
22	19736	9
22	19737	9
22	19738	10
22	19739	12
22	19740	12
22	19741	12
22	19742	12
22	19743	12
22	19744	12
22	19745	12
22	19746	12
22	19747	12
22	19748	12
22	19749	12
22	19750	12
22	19751	12
22	19752	12
22	19753	12
22	19754	12
22	19755	12
22	19756	12
22	19757	12
22	19758	11
22	19759	11
22	19760	11
22	19761	11
22	19762	11
22	19763	11
22	19764	11
22	19765	10
22	19766	10
22	19767	10
22	19768	10
22	19769	10
22	19770	10
22	19771	10
22	19772	10
22	19773	10
22	19774	10
22	19775	9
22	19776	9
22	19777	9
22	19778	9
22	19779	9
22	19780	9
22	19781	9
22	19782	9
22	19783	9
22	19784	9
22	19785	9
22	19786	9
22	19787	9
22	19788	9
22	19789	9
22	19790	9
22	19791	9
22	19792	9
22	19793	9
22	19794	9
22	19795	9
22	19796	9
22	19797	12
22	19798	12
22	19799	12
22	19800	12
22	19801	12
22	19802	12
22	19803	12
22	19804	12
22	19805	12
22	19806	12
22	19807	12
22	19808	12
22	19809	12
22	19810	12
22	19811	12
22	19812	12
22	19813	12
22	19814	12
22	19815	12
22	19816	12
22	19817	12
22	19818	12
22	19819	12
22	19820	12
22	19821	12
22	19822	12
22	19823	12
22	19824	12
22	19825	12
22	19826	12
22	19827	12
22	19828	12
22	19829	12
22	19830	12
22	19831	12
22	19832	12
22	19833	12
22	19834	12
22	19835	12
22	19836	12
22	19837	12
22	19838	12
22	19839	12
22	19840	12
22	19841	12
22	19842	12
22	19843	12
22	19844	12
22	19845	12
22	19846	11
22	19847	9
22	19848	9
22	19849	9
22	19850	12
22	19851	12
22	19852	12
22	19853	12
22	19854	11
22	19855	13
22	19856	13
22	19857	13
22	19858	13
22	19859	13
22	19860	13
22	19861	13
22	19862	13
22	19863	13
22	19864	14
22	19865	14
22	19866	14
22	19867	14
22	19868	14
22	19869	16
22	19870	16
22	19871	16
22	19872	15
22	19873	15
22	19874	15
22	19875	15
22	19876	15
22	19877	15
22	19878	14
22	19879	14
22	19880	14
22	19881	14
22	19882	14
22	19883	14
22	19884	14
22	19885	14
22	19886	18
22	19887	18
22	19888	16
22	19889	16
22	19890	16
22	19891	16
22	19892	17
22	19893	17
22	19894	17
22	19895	17
22	19896	17
22	19897	18
22	19898	18
22	19899	18
22	19900	18
22	19901	18
22	19902	18
22	19903	18
22	19904	18
22	19905	18
22	19906	18
22	19907	18
22	19908	18
22	19909	18
22	19910	18
22	19911	18
22	19912	18
22	19913	18
22	19914	18
22	19915	18
22	19916	18
22	19917	18
22	19918	18
22	19919	19
22	19920	19
22	19921	19
22	19922	19
22	19923	19
22	19924	19
22	19925	19
22	19926	19
22	19927	19
22	19928	19
22	19929	19
22	19930	19
22	19931	19
22	19932	19
22	19933	19
22	19934	19
22	19935	19
22	19936	19
22	19937	19
22	19938	19
22	19939	19
22	19940	19
22	19941	19
22	19942	19
22	19943	20
22	19944	20
22	19945	20
22	19946	20
22	19947	17
22	19948	17
22	19949	17
22	19950	17
22	19951	17
22	19952	17
22	19953	17
22	19954	17
22	19955	17
22	19956	17
22	19957	17
22	19958	17
22	19959	17
22	19960	17
22	19961	17
22	19962	17
22	19963	17
22	19964	17
22	19965	17
22	19966	17
22	19967	17
22	19968	17
22	19969	17
22	19970	17
22	19971	17
22	19972	17
22	19973	17
22	19974	17
22	19975	17
22	19976	17
22	19977	17
22	19978	17
22	19979	17
22	19980	17
22	19981	17
22	19982	17
22	19983	17
22	19984	17
22	19985	17
22	19986	18
22	19987	18
22	19988	18
22	19989	18
22	19990	18
22	19991	18
22	19992	18
22	19993	18
22	19994	18
22	19995	18
22	19996	18
22	19997	18
22	19998	18
22	19999	18
22	20000	15
22	20001	15
22	20002	15
22	20003	13
22	20004	13
22	20005	13
22	20006	13
22	20007	13
22	20008	13
22	20009	13
22	20010	13
22	20011	13
22	20012	13
22	20013	13
22	20014	12
22	20015	12
22	20016	12
22	20017	12
22	20018	12
22	20019	10
22	20020	10
22	20021	10
22	20022	10
22	20023	10
22	20024	10
22	20025	10
22	20026	10
22	20027	12
22	20028	12
22	20029	12
22	20030	12
22	20031	12
22	20032	12
22	20033	12
22	20034	12
22	20035	12
22	20036	7
22	20037	7
22	20038	8
22	20039	9
22	20040	9
22	20041	9
22	20042	8
22	20043	8
22	20044	8
22	20045	8
22	20046	8
22	20047	7
22	20048	7
22	20049	7
22	20050	7
22	20051	7
22	20052	7
22	20053	6
22	20054	6
22	20055	6
22	20056	6
22	20057	6
22	20058	6
22	20059	6
22	20060	6
22	20061	6
22	20062	6
22	20063	6
22	20064	6
22	20065	6
22	20066	6
22	20067	6
22	20068	6
22	20069	7
22	20070	7
22	20071	7
22	20072	7
22	20073	7
22	20074	7
22	20075	7
22	20076	7
22	20077	7
22	20078	7
22	20079	7
22	20080	7
22	20081	7
22	20082	7
22	20083	7
22	20084	7
22	20085	7
22	20086	7
22	20087	7
22	20088	7
22	20089	7
22	20090	7
22	20091	7
22	20092	7
22	20093	6
22	20094	6
22	20095	7
22	20096	7
22	20097	7
22	20098	7
22	20099	7
22	20100	7
22	20101	7
22	20102	7
22	20103	7
22	20104	7
22	20105	7
22	20106	7
22	20107	7
22	20108	7
22	20109	7
22	20110	7
22	20111	7
22	20112	7
22	20113	8
22	20114	8
22	20115	8
22	20116	8
22	20117	8
22	20118	8
22	20119	8
22	20120	8
22	20121	8
22	20122	8
22	20123	8
22	20124	8
22	20125	8
22	20126	8
22	20127	8
22	20128	8
22	20129	8
22	20130	8
22	20131	8
22	20132	8
22	20133	8
22	20134	8
22	20135	8
22	20136	7
22	20137	7
22	20138	7
22	20139	7
22	20140	7
22	20141	7
22	20142	7
22	20143	7
22	20144	7
22	20145	7
22	20146	7
22	20147	7
22	20148	9
22	20149	9
22	20150	9
22	20151	9
22	20152	9
22	20153	9
22	20154	9
22	20155	9
22	20156	9
22	20157	9
22	20158	9
22	20159	9
22	20160	9
22	20161	10
22	20162	10
22	20163	10
22	20164	10
22	20165	10
22	20166	11
22	20167	11
22	20168	11
22	20169	11
22	20170	11
22	20171	11
22	20172	11
22	20173	11
22	20174	11
22	20175	11
22	20176	9
22	20177	9
22	20178	9
22	20179	9
22	20180	9
22	20181	9
22	20182	9
22	20183	9
22	20184	9
22	20185	9
22	20186	9
22	20187	8
22	20188	8
22	20189	7
22	20190	7
22	20191	7
22	20192	7
22	20193	7
22	20194	7
22	20195	7
22	20196	7
22	20197	9
22	20198	10
22	20199	10
22	20200	10
22	20201	10
22	20202	10
22	20203	10
22	20204	10
22	20205	10
22	20206	10
22	20207	10
22	20208	11
22	20209	11
22	20210	11
22	20211	11
22	20212	11
22	20213	11
22	20214	11
22	20215	11
22	20216	11
22	20217	11
22	20218	11
22	20219	10
22	20220	10
22	20221	10
22	20222	10
22	20223	10
22	20224	11
22	20225	11
22	20226	11
22	20227	11
22	20228	11
22	20229	11
22	20230	11
22	20231	11
22	20232	11
22	20233	11
22	20234	11
22	20235	13
22	20236	13
22	20237	13
22	20238	13
22	20239	13
22	20240	13
22	20241	13
22	20242	13
22	20243	13
22	20244	12
22	20245	12
22	20246	12
22	20247	12
22	20248	12
22	20249	12
22	20250	12
22	20251	12
22	20252	13
22	20253	13
22	20254	13
22	20255	13
22	20256	13
22	20257	13
22	20258	13
22	20259	13
22	20260	13
22	20261	13
22	20262	12
22	20263	12
22	20264	14
22	20265	14
22	20266	14
22	20267	14
22	20268	14
22	20269	14
22	20270	14
22	20271	14
22	20272	14
22	20273	14
22	20274	14
22	20275	14
22	20276	14
22	20277	14
22	20278	14
22	20279	14
22	20280	14
22	20281	14
22	20282	14
22	20283	15
22	20284	15
22	20285	15
22	20286	15
22	20287	15
22	20288	15
22	20289	15
22	20290	15
22	20291	15
22	20292	15
22	20293	15
22	20294	15
22	20295	15
22	20296	15
22	20297	15
22	20298	13
22	20299	13
22	20300	13
22	20301	13
22	20302	13
22	20303	14
22	20304	16
22	20305	16
22	20306	17
22	20307	17
22	20308	17
22	20309	17
22	20310	16
22	20311	16
22	20312	16
22	20313	16
22	20314	16
22	20315	16
22	20316	15
22	20317	15
22	20318	15
22	20319	15
22	20320	15
22	20321	15
22	20322	15
22	20323	15
22	20324	15
22	20325	15
22	20326	15
22	20327	15
22	20328	15
22	20329	15
22	20330	15
22	20331	15
22	20332	15
22	20333	15
22	20334	15
22	20335	15
22	20336	15
22	20337	15
22	20338	16
22	20339	16
22	20340	16
22	20341	16
22	20342	16
22	20343	16
22	20344	16
22	20345	13
22	20346	13
22	20347	13
22	20348	13
22	20349	13
22	20350	13
22	20351	13
22	20352	13
22	20353	13
22	20354	13
22	20355	13
22	20356	16
22	20357	16
22	20358	16
22	20359	16
22	20360	16
22	20361	16
22	20362	16
22	20363	16
22	20364	16
22	20365	16
22	20366	16
22	20367	16
22	20368	16
22	20369	16
22	20370	16
22	20371	16
22	20372	16
22	20373	16
22	20374	15
22	20375	15
22	20376	15
22	20377	15
22	20378	15
22	20379	15
22	20380	15
22	20381	15
22	20382	15
22	20383	15
22	20384	17
22	20385	15
22	20386	15
22	20387	15
22	20388	15
22	20389	15
22	20390	15
22	20391	15
22	20392	15
22	20393	15
22	20394	15
22	20395	15
22	20396	15
22	20397	15
22	20398	15
22	20399	15
22	20400	15
22	20401	15
22	20402	12
22	20403	12
22	20404	12
22	20405	12
22	20406	12
22	20407	12
22	20408	12
22	20409	12
22	20410	12
22	20411	12
22	20412	12
22	20413	12
22	20414	12
22	20415	12
22	20416	12
22	20417	12
22	20418	12
22	20419	12
22	20420	12
22	20421	12
22	20422	12
22	20423	12
22	20424	12
22	20425	12
22	20426	12
22	20427	12
22	20428	12
22	20429	12
22	20430	12
22	20431	12
22	20432	12
22	20433	11
22	20434	11
22	20435	11
22	20436	11
22	20437	11
22	20438	11
22	20439	11
22	20440	11
22	20441	11
22	20442	11
22	20443	11
22	20444	11
22	20445	11
22	20446	11
22	20447	11
22	20448	11
22	20449	11
22	20450	11
22	20451	11
22	20452	11
22	20453	10
22	20454	8
22	20455	8
22	20456	7
22	20457	8
22	20458	8
22	20459	8
22	20460	8
22	20461	8
22	20462	8
22	20463	8
22	20464	8
22	20465	8
22	20466	8
22	20467	8
22	20468	8
22	20469	8
22	20470	8
22	20471	8
22	20472	8
22	20473	7
22	20474	7
22	20475	7
22	20476	7
22	20477	7
22	20478	7
22	20479	7
22	20480	7
22	20481	7
22	20482	7
22	20483	7
22	20484	7
22	20485	7
22	20486	7
22	20487	7
22	20488	6
22	20489	6
22	20490	6
22	20491	6
22	20492	6
22	20493	6
22	20494	6
22	20495	6
22	20496	4
22	20497	4
22	20498	4
22	20499	4
22	20500	4
22	20501	4
22	20502	4
22	20503	4
22	20504	4
22	20505	4
22	20506	1
22	20507	1
22	20508	1
22	20509	1
22	20510	1
22	20511	1
22	20512	1
22	20513	1
22	20514	1
22	20515	1
22	20516	1
22	20517	1
22	20518	1
22	20519	1
22	20520	1
22	20521	1
22	20522	1
22	20523	1
22	20524	1
22	20525	1
22	20526	1
22	20527	1
22	20528	1
22	20529	1
22	20530	1
22	20531	1
22	20532	1
22	20533	1
22	20534	1
22	20535	1
22	20536	1
22	20537	1
22	20538	1
22	20539	1
22	20540	1
22	20541	1
22	20542	1
22	20543	1
22	20544	1
22	20545	1
22	20546	1
22	20547	1
22	20548	1
22	20549	1
22	20550	1
22	20551	1
22	20552	3
22	20553	3
22	20554	3
22	20555	3
22	20556	3
22	20557	3
22	20558	3
22	20559	3
22	20560	3
22	20561	3
22	20562	3
22	20563	3
22	20564	3
22	20565	3
22	20566	3
22	20567	3
22	20568	3
22	20569	3
22	20570	3
22	20571	3
22	20572	3
22	20573	3
22	20574	3
22	20575	3
22	20576	3
22	20577	3
22	20578	3
22	20579	3
22	20580	3
22	20581	3
22	20582	3
22	20583	3
22	20584	3
22	20585	3
22	20586	3
22	20587	3
22	20588	2
22	20589	2
22	20590	2
22	20591	2
22	20592	2
22	20593	2
22	20594	2
22	20595	2
22	20596	2
22	20597	2
22	20598	2
22	20599	2
22	20600	2
22	20601	2
22	20602	2
22	20603	2
22	20604	2
22	20605	2
22	20606	2
22	20607	2
22	20608	2
22	20609	2
22	20610	2
22	20611	2
22	20612	2
22	20613	2
22	20614	2
22	20615	2
22	20616	2
22	20617	2
22	20618	2
22	20619	2
22	20620	2
22	20621	2
22	20622	2
22	20623	2
22	20624	2
22	20625	2
22	20626	2
22	20627	2
22	20628	2
22	20629	2
22	20630	2
22	20631	2
22	20632	2
22	20633	2
22	20634	2
22	20635	2
22	20636	2
22	20637	2
22	20638	3
22	20639	3
22	20640	3
22	20641	3
22	20642	3
22	20643	3
22	20644	3
22	20645	3
22	20646	3
22	20647	3
22	20648	3
22	20649	3
22	20650	3
22	20651	3
22	20652	3
22	20653	3
22	20654	3
22	20655	3
22	20656	3
22	20657	3
22	20658	3
22	20659	3
22	20660	3
22	20661	3
22	20662	3
22	20663	3
22	20664	3
22	20665	3
22	20666	3
22	20667	3
22	20668	3
22	20669	3
22	20670	3
22	20671	3
22	20672	3
22	20673	3
22	20674	3
22	20675	3
22	20676	3
22	20677	3
22	20678	3
22	20679	3
22	20680	3
22	20681	3
22	20682	3
22	20683	3
22	20684	3
22	20685	3
22	20686	3
22	20687	3
22	20688	3
22	20689	3
22	20690	3
22	20691	3
22	20692	3
22	20693	3
22	20694	3
22	20695	3
22	20696	3
22	20697	3
22	20698	3
22	20699	3
22	20700	3
22	20701	1
22	20702	1
22	20703	1
22	20704	1
22	20705	1
22	20706	1
22	20707	1
22	20708	1
22	20709	1
22	20710	1
22	20711	1
22	20712	1
22	20713	2
22	20714	2
22	20715	2
22	20716	2
22	20717	2
22	20718	2
22	20719	2
22	20720	2
22	20721	2
22	20722	2
22	20723	2
22	20724	2
22	20725	2
22	20726	2
22	20727	2
22	20728	2
22	20729	3
22	20730	4
22	20731	4
22	20732	5
22	20733	5
22	20734	5
22	20735	5
22	20736	5
22	20737	5
22	20738	5
22	20739	5
22	20740	5
22	20741	5
22	20742	5
22	20743	5
22	20744	5
22	20745	5
22	20746	5
22	20747	5
22	20748	5
22	20749	5
22	20750	5
22	20751	5
22	20752	5
22	20753	5
22	20754	6
22	20755	6
22	20756	6
22	20757	6
22	20758	6
22	20759	6
22	20760	6
22	20761	6
22	20762	6
22	20763	6
22	20764	6
22	20765	6
22	20766	6
22	20767	6
22	20768	6
22	20769	6
22	20770	6
22	20771	6
22	20772	6
22	20773	6
22	20774	6
22	20775	6
22	20776	6
22	20777	6
22	20778	7
22	20779	7
22	20780	7
22	20781	7
22	20782	7
22	20783	7
22	20784	7
22	20785	7
22	20786	6
22	20787	7
22	20788	7
22	20789	7
22	20790	7
22	20791	7
22	20792	7
22	20793	7
22	20794	7
22	20795	7
22	20796	7
22	20797	7
22	20798	7
22	20799	7
22	20800	7
22	20801	8
22	20802	8
22	20803	9
22	20804	9
22	20805	9
22	20806	9
22	20807	9
22	20808	9
22	20809	9
22	20810	9
22	20811	9
22	20812	9
22	20813	9
22	20814	9
22	20815	9
22	20816	9
22	20817	9
22	20818	9
22	20819	9
22	20820	9
22	20821	9
22	20822	9
22	20823	9
22	20824	9
22	20825	9
22	20826	9
22	20827	9
22	20828	9
22	20829	9
22	20830	9
22	20831	9
22	20832	9
22	20833	9
22	20834	9
22	20835	9
22	20836	9
22	20837	9
22	20838	9
22	20839	9
22	20840	9
22	20841	9
22	20842	9
22	20843	9
22	20844	9
22	20845	9
22	20846	9
22	20847	9
22	20848	9
22	20849	9
22	20850	9
22	20851	9
22	20852	9
22	20853	9
22	20854	9
22	20855	9
22	20856	9
22	20857	9
22	20858	9
22	20859	9
22	20860	9
22	20861	9
22	20862	9
22	20863	8
22	20864	8
22	20865	8
22	20866	8
22	20867	8
22	20868	8
22	20869	8
22	20870	8
22	20871	10
22	20872	10
22	20873	10
22	20874	10
22	20875	10
22	20876	10
22	20877	10
22	20878	10
22	20879	8
22	20880	7
22	20881	7
22	20882	6
22	20883	6
22	20884	6
22	20885	6
22	20886	6
22	20887	6
22	20888	6
22	20889	6
22	20890	6
22	20891	6
22	20892	6
22	20893	6
22	20894	8
22	20895	8
22	20896	8
22	20897	8
22	20898	8
22	20899	8
22	20900	8
22	20901	8
22	20902	8
22	20903	8
22	20904	7
22	20905	7
22	20906	7
22	20907	7
22	20908	7
22	20909	8
22	20910	8
22	20911	9
22	20912	9
22	20913	9
22	20914	11
22	20915	11
22	20916	11
22	20917	11
22	20918	11
22	20919	11
22	20920	11
22	20921	11
22	20922	11
22	20923	11
22	20924	11
22	20925	11
22	20926	11
22	20927	11
22	20928	10
22	20929	10
22	20930	10
22	20931	10
22	20932	10
22	20933	10
22	20934	10
22	20935	10
22	20936	10
22	20937	10
22	20938	10
22	20939	10
22	20940	10
22	20941	10
22	20942	11
22	20943	11
22	20944	11
22	20945	11
22	20946	11
22	20947	11
22	20948	11
22	20949	11
22	20950	10
22	20951	10
22	20952	9
22	20953	9
22	20954	11
22	20955	11
22	20956	11
22	20957	11
22	20958	11
22	20959	11
22	20960	11
22	20961	11
22	20962	11
22	20963	11
22	20964	11
22	20965	11
22	20966	11
22	20967	11
22	20968	11
22	20969	11
22	20970	11
22	20971	11
22	20972	11
22	20973	11
22	20974	11
22	20975	11
22	20976	11
22	20977	11
22	20978	11
22	20979	11
22	20980	11
22	20981	11
22	20982	11
22	20983	11
22	20984	11
22	20985	11
22	20986	13
22	20987	13
22	20988	13
22	20989	13
22	20990	13
22	20991	13
22	20992	13
22	20993	13
22	20994	13
22	20995	13
22	20996	13
22	20997	13
22	20998	13
22	20999	13
22	21000	13
22	21001	13
22	21002	13
22	21003	13
22	21004	13
22	21005	13
22	21006	13
22	21007	13
22	21008	13
22	21009	13
22	21010	13
22	21011	13
22	21012	13
22	21013	13
22	21014	13
22	21015	13
22	21016	13
22	21017	13
22	21018	13
22	21019	13
22	21020	13
22	21021	11
22	21022	11
22	21023	11
22	21024	11
22	21025	13
22	21026	13
22	21027	13
22	21028	13
22	21029	13
22	21030	13
22	21031	13
22	21032	13
22	21033	14
22	21034	15
22	21035	17
22	21036	17
22	21037	17
22	21038	17
22	21039	17
22	21040	17
22	21041	17
22	21042	18
22	21043	18
22	21044	16
22	21045	16
22	21046	16
22	21047	16
22	21048	16
22	21049	16
22	21050	18
22	21051	18
22	21052	18
22	21053	18
22	21054	18
22	21055	19
22	21056	19
22	21057	19
22	21058	19
22	21059	18
22	21060	18
22	21061	17
22	21062	17
22	21063	16
22	21064	15
22	21065	15
22	21066	15
22	21067	15
22	21068	15
22	21069	15
22	21070	15
22	21071	15
22	21072	15
22	21073	15
22	21074	16
22	21075	16
22	21076	16
22	21077	16
22	21078	16
22	21079	16
22	21080	16
22	21081	16
22	21082	16
22	21083	16
22	21084	16
22	21085	17
22	21086	17
22	21087	17
22	21088	17
22	21089	17
22	21090	17
22	21091	17
22	21092	16
22	21093	16
22	21094	16
22	21095	17
22	21096	17
22	21097	18
22	21098	18
22	21099	18
22	21100	18
22	21101	18
22	21102	18
22	21103	16
22	21104	16
22	21105	16
22	21106	16
22	21107	17
22	21108	17
22	21109	17
22	21110	17
22	21111	17
22	21112	17
22	21113	17
22	21114	17
22	21115	17
22	21116	17
22	21117	17
22	21118	17
22	21119	17
22	21120	17
22	21121	17
22	21122	17
22	21123	17
22	21124	17
22	21125	18
22	21126	20
22	21127	20
22	21128	20
22	21129	20
22	21130	20
22	21131	20
22	21132	20
22	21133	20
22	21134	20
22	21135	18
22	21136	18
22	21137	19
22	21138	19
22	21139	21
22	21140	21
22	21141	21
22	21142	21
22	21143	21
22	21144	21
22	21145	21
22	21146	21
22	21147	21
22	21148	21
22	21149	21
22	21150	21
22	21151	21
22	21152	21
22	21153	21
22	21154	21
22	21155	21
22	21156	21
22	21157	22
22	21158	22
22	21159	22
22	21160	22
22	21161	22
22	21162	22
22	21163	22
22	21164	22
22	21165	23
22	21166	23
22	21167	23
22	21168	23
22	21169	23
22	21170	23
22	21171	22
22	21172	22
22	21173	22
22	21174	22
22	21175	20
22	21176	20
22	21177	20
22	21178	20
22	21179	20
22	21180	21
22	21181	21
22	21182	20
22	21183	20
22	21184	19
22	21185	18
22	21186	18
22	21187	18
22	21188	18
22	21189	19
22	21190	19
22	21191	19
22	21192	18
22	21193	19
22	21194	19
22	21195	19
22	21196	19
22	21197	19
22	21198	19
22	21199	19
22	21200	17
22	21201	19
22	21202	19
22	21203	19
22	21204	19
22	21205	18
22	21206	18
22	21207	19
22	21208	19
22	21209	19
22	21210	21
22	21211	21
22	21212	21
22	21213	21
22	21214	22
22	21215	22
22	21216	22
22	21217	22
22	21218	22
22	21219	22
22	21220	22
22	21221	22
22	21222	22
22	21223	22
22	21224	22
22	21225	22
22	21226	22
22	21227	22
22	21228	22
22	21229	22
22	21230	23
22	21231	24
22	21232	25
22	21233	25
22	21234	25
22	21235	24
22	21236	24
22	21237	24
22	21238	24
22	21239	24
22	21240	24
22	21241	24
22	21242	24
22	21243	24
22	21244	24
22	21245	23
22	21246	22
22	21247	23
22	21248	24
22	21249	24
22	21250	25
22	21251	25
22	21252	25
22	21253	25
22	21254	25
22	21255	25
22	21256	25
22	21257	24
22	21258	24
22	21259	24
22	21260	24
22	21261	24
22	21262	24
22	21263	24
22	21264	24
22	21265	24
22	21266	24
22	21267	24
22	21268	24
22	21269	24
22	21270	24
22	21271	24
22	21272	24
22	21273	24
22	21274	24
22	21275	22
22	21276	21
22	21277	21
22	21278	21
22	21279	21
22	21280	21
22	21281	21
22	21282	21
22	21283	21
22	21284	21
22	21285	21
22	21286	20
22	21287	20
22	21288	19
22	21289	19
22	21290	19
22	21291	19
22	21292	19
22	21293	19
22	21294	19
22	21295	19
22	21296	20
22	21297	20
22	21298	20
22	21299	20
22	21300	20
22	21301	20
22	21302	20
22	21303	20
22	21304	20
22	21305	19
22	21306	19
22	21307	19
22	21308	19
22	21309	19
22	21310	19
22	21311	19
22	21312	19
22	21313	19
22	21314	19
22	21315	18
22	21316	18
22	21317	18
22	21318	18
22	21319	18
22	21320	18
22	21321	18
22	21322	18
22	21323	18
22	21324	18
22	21325	18
22	21326	18
22	21327	18
22	21328	18
22	21329	19
22	21330	18
22	21331	18
22	21332	18
22	21333	18
22	21334	18
22	21335	18
22	21336	18
22	21337	18
22	21338	18
22	21339	18
22	21340	18
22	21341	17
22	21342	18
22	21343	18
22	21344	18
22	21345	18
22	21346	18
22	21347	18
22	21348	18
22	21349	17
22	21350	17
22	21351	16
22	21352	17
22	21353	17
22	21354	17
22	21355	18
22	21356	18
22	21357	17
22	21358	17
22	21359	15
22	21360	15
22	21361	15
22	21362	15
22	21363	14
22	21364	14
22	21365	14
22	21366	14
22	21367	14
22	21368	14
22	21369	14
22	21370	14
22	21371	14
22	21372	14
22	21373	14
22	21374	14
22	21375	14
22	21376	14
22	21377	14
22	21378	14
22	21379	14
22	21380	12
22	21381	12
22	21382	11
22	21383	11
22	21384	11
22	21385	11
22	21386	11
22	21387	11
22	21388	11
22	21389	11
22	21390	11
22	21391	11
22	21392	13
22	21393	13
22	21394	14
22	21395	14
22	21396	14
22	21397	12
22	21398	12
22	21399	12
22	21400	11
22	21401	11
22	21402	11
22	21403	11
22	21404	12
22	21405	12
22	21406	12
22	21407	12
22	21408	12
22	21409	12
22	21410	13
22	21411	13
22	21412	13
22	21413	13
22	21414	14
22	21415	14
22	21416	14
22	21417	14
22	21418	14
22	21419	14
22	21420	14
22	21421	14
22	21422	14
22	21423	14
22	21424	14
22	21425	14
22	21426	14
22	21427	14
22	21428	14
22	21429	14
22	21430	14
22	21431	14
22	21432	14
22	21433	14
22	21434	14
22	21435	14
22	21436	14
22	21437	13
22	21438	13
22	21439	13
22	21440	13
22	21441	13
22	21442	13
22	21443	13
22	21444	13
22	21445	12
22	21446	12
22	21447	12
22	21448	12
22	21449	12
22	21450	12
22	21451	12
22	21452	12
22	21453	12
22	21454	12
22	21455	12
22	21456	12
22	21457	12
22	21458	12
22	21459	12
22	21460	12
22	21461	12
22	21462	12
22	21463	12
22	21464	12
22	21465	12
22	21466	12
22	21467	12
22	21468	12
22	21469	12
22	21470	13
22	21471	13
22	21472	13
22	21473	13
22	21474	13
22	21475	13
22	21476	13
22	21477	13
22	21478	13
22	21479	12
22	21480	12
22	21481	12
22	21482	12
22	21483	12
22	21484	12
22	21485	10
22	21486	10
22	21487	10
22	21488	10
22	21489	10
22	21490	10
22	21491	10
22	21492	9
22	21493	9
22	21494	9
22	21495	9
22	21496	9
22	21497	9
22	21498	9
22	21499	9
22	21500	9
22	21501	8
22	21502	8
22	21503	8
22	21504	7
22	21505	7
22	21506	7
22	21507	7
22	21508	7
22	21509	7
22	21510	7
22	21511	7
22	21512	7
22	21513	7
22	21514	7
22	21515	7
22	21516	7
22	21517	8
22	21518	8
22	21519	8
22	21520	8
22	21521	8
22	21522	8
22	21523	8
22	21524	8
22	21525	8
22	21526	8
22	21527	8
22	21528	8
22	21529	8
22	21530	8
22	21531	8
22	21532	8
22	21533	8
22	21534	8
22	21535	8
22	21536	9
22	21537	9
22	21538	9
22	21539	10
22	21540	13
22	21541	12
22	21542	10
22	21543	10
22	21544	10
22	21545	10
22	21546	10
22	21547	10
22	21548	10
22	21549	10
22	21550	11
22	21551	11
22	21552	11
22	21553	11
22	21554	10
22	21555	10
22	21556	11
22	21557	11
22	21558	11
22	21559	10
22	21560	10
22	21561	10
22	21562	10
22	21563	10
22	21564	11
22	21565	11
22	21566	11
22	21567	12
22	21568	12
22	21569	12
22	21570	12
22	21571	12
22	21572	12
22	21573	12
22	21574	12
22	21575	12
22	21576	13
22	21577	13
22	21578	13
22	21579	13
22	21580	13
22	21581	13
22	21582	13
22	21583	14
22	21584	14
22	21585	14
22	21586	14
22	21587	14
22	21588	15
22	21589	15
22	21590	15
22	21591	15
22	21592	15
22	21593	15
22	21594	15
22	21595	15
22	21596	15
22	21597	15
22	21598	15
22	21599	15
22	21600	15
22	21601	15
22	21602	15
22	21603	15
22	21604	15
22	21605	15
22	21606	15
22	21607	15
22	21608	15
22	21609	15
22	21610	15
22	21611	15
22	21612	15
22	21613	16
22	21614	16
22	21615	16
22	21616	16
22	21617	16
22	21618	16
22	21619	16
22	21620	15
22	21621	15
22	21622	15
22	21623	15
22	21624	15
22	21625	15
22	21626	15
22	21627	15
22	21628	15
22	21629	15
22	21630	15
22	21631	16
22	21632	17
22	21633	17
22	21634	17
22	21635	17
22	21636	17
22	21637	17
22	21638	17
22	21639	17
22	21640	17
22	21641	17
22	21642	17
22	21643	17
22	21644	17
22	21645	17
22	21646	17
22	21647	17
22	21648	17
22	21649	17
22	21650	17
22	21651	17
22	21652	17
22	21653	17
22	21654	17
22	21655	17
22	21656	17
22	21657	17
22	21658	17
22	21659	17
22	21660	17
22	21661	17
22	21662	17
22	21663	17
22	21664	17
22	21665	17
22	21666	17
22	21667	16
22	21668	16
22	21669	16
22	21670	16
22	21671	16
22	21672	18
22	21673	18
22	21674	18
22	21675	18
22	21676	19
22	21677	19
22	21678	19
22	21679	19
22	21680	19
22	21681	19
22	21682	19
22	21683	19
22	21684	19
22	21685	19
22	21686	18
22	21687	18
22	21688	18
22	21689	15
22	21690	15
22	21691	15
22	21692	16
22	21693	16
22	21694	16
22	21695	16
22	21696	16
22	21697	18
22	21698	18
22	21699	18
22	21700	17
22	21701	17
22	21702	17
22	21703	17
22	21704	17
22	21705	17
22	21706	16
22	21707	16
22	21708	16
22	21709	16
22	21710	16
22	21711	16
22	21712	16
22	21713	16
22	21714	14
22	21715	14
22	21716	13
22	21717	13
22	21718	13
22	21719	13
22	21720	13
22	21721	13
22	21722	13
22	21723	13
22	21724	13
22	21725	14
22	21726	13
22	21727	13
22	21728	13
22	21729	13
22	21730	13
22	21731	13
22	21732	12
22	21733	12
22	21734	12
22	21735	12
22	21736	12
22	21737	12
22	21738	11
22	21739	12
22	21740	12
22	21741	12
22	21742	12
22	21743	12
22	21744	13
22	21745	13
22	21746	13
22	21747	13
22	21748	13
22	21749	13
22	21750	13
22	21751	13
22	21752	13
22	21753	13
22	21754	13
22	21755	13
22	21756	13
22	21757	13
22	21758	13
22	21759	13
22	21760	13
22	21761	13
22	21762	13
22	21763	12
22	21764	13
22	21765	13
22	21766	13
22	21767	14
22	21768	16
22	21769	16
22	21770	16
22	21771	16
22	21772	16
22	21773	16
22	21774	16
22	21775	16
22	21776	16
22	21777	16
22	21778	16
22	21779	16
22	21780	16
22	21781	15
22	21782	14
22	21783	14
22	21784	14
22	21785	14
22	21786	14
22	21787	14
22	21788	14
22	21789	14
22	21790	14
22	21791	14
22	21792	14
22	21793	14
22	21794	14
22	21795	14
22	21796	14
22	21797	14
22	21798	14
22	21799	14
22	21800	14
22	21801	14
22	21802	14
22	21803	14
22	21804	14
22	21805	14
22	21806	14
22	21807	14
22	21808	14
22	21809	14
22	21810	14
22	21811	14
22	21812	14
22	21813	14
22	21814	14
22	21815	14
22	21816	14
22	21817	14
22	21818	14
22	21819	14
22	21820	14
22	21821	14
22	21822	12
22	21823	12
22	21824	12
22	21825	12
22	21826	11
22	21827	11
22	21828	11
22	21829	11
22	21830	11
22	21831	11
22	21832	11
22	21833	11
22	21834	11
22	21835	10
22	21836	10
22	21837	10
22	21838	10
22	21839	10
22	21840	10
22	21841	10
22	21842	9
22	21843	9
22	21844	9
22	21845	9
22	21846	9
22	21847	7
22	21848	7
22	21849	7
22	21850	7
22	21851	7
22	21852	7
22	21853	7
22	21854	7
22	21855	7
22	21856	7
22	21857	7
22	21858	7
22	21859	7
22	21860	7
22	21861	7
22	21862	7
22	21863	7
22	21864	7
22	21865	7
22	21866	8
22	21867	8
22	21868	8
22	21869	8
22	21870	8
22	21871	8
22	21872	8
22	21873	8
22	21874	8
22	21875	8
22	21876	8
22	21877	8
22	21878	8
22	21879	8
22	21880	9
22	21881	9
22	21882	9
22	21883	9
22	21884	9
22	21885	9
22	21886	9
22	21887	9
22	21888	10
22	21889	9
22	21890	9
22	21891	9
22	21892	9
22	21893	9
22	21894	8
22	21895	8
22	21896	8
22	21897	8
22	21898	9
22	21899	9
22	21900	9
22	21901	9
22	21902	9
22	21903	9
22	21904	9
22	21905	9
22	21906	9
22	21907	9
22	21908	9
22	21909	9
22	21910	9
22	21911	9
22	21912	10
22	21913	9
22	21914	9
22	21915	10
22	21916	10
22	21917	8
22	21918	8
22	21919	8
22	21920	8
22	21921	8
22	21922	8
22	21923	8
22	21924	8
22	21925	8
22	21926	8
22	21927	8
22	21928	8
22	21929	8
22	21930	8
22	21931	8
22	21932	8
22	21933	8
22	21934	8
22	21935	8
22	21936	8
22	21937	8
22	21938	8
22	21939	8
22	21940	8
22	21941	8
22	21942	8
22	21943	8
22	21944	8
22	21945	8
22	21946	8
22	21947	8
22	21948	8
22	21949	8
22	21950	8
22	21951	8
22	21952	8
22	21953	8
22	21954	8
22	21955	8
22	21956	8
22	21957	9
22	21958	9
22	21959	9
22	21960	9
22	21961	9
22	21962	9
22	21963	9
22	21964	9
22	21965	9
22	21966	9
22	21967	9
22	21968	9
22	21969	9
22	21970	10
22	21971	10
22	21972	10
22	21973	10
22	21974	10
22	21975	10
22	21976	10
22	21977	10
22	21978	10
22	21979	10
22	21980	10
22	21981	10
22	21982	10
22	21983	10
22	21984	10
22	21985	10
22	21986	10
22	21987	10
22	21988	10
22	21989	10
22	21990	10
22	21991	10
22	21992	10
22	21993	10
22	21994	10
22	21995	10
22	21996	10
22	21997	10
22	21998	10
22	21999	10
22	22000	10
22	22001	10
22	22002	10
22	22003	10
22	22004	10
22	22005	10
22	22006	11
22	22007	11
22	22008	11
22	22009	11
22	22010	11
22	22011	11
22	22012	11
22	22013	11
22	22014	11
22	22015	11
22	22016	10
22	22017	10
22	22018	10
22	22019	10
22	22020	10
22	22021	10
22	22022	10
22	22023	10
22	22024	9
22	22025	9
22	22026	9
22	22027	9
22	22028	8
22	22029	8
22	22030	7
22	22031	7
22	22032	7
22	22033	7
22	22034	8
22	22035	8
22	22036	8
22	22037	7
22	22038	7
22	22039	7
22	22040	7
22	22041	7
22	22042	7
22	22043	7
22	22044	7
22	22045	7
22	22046	6
22	22047	6
22	22048	6
22	22049	6
22	22050	6
22	22051	6
22	22052	6
22	22053	6
22	22054	6
22	22055	6
22	22056	6
22	22057	6
22	22058	6
22	22059	6
22	22060	6
22	22061	6
22	22062	5
22	22063	5
22	22064	5
22	22065	4
22	22066	4
22	22067	4
22	22068	4
22	22069	4
22	22070	4
22	22071	4
22	22072	4
22	22073	4
22	22074	4
22	22075	4
22	22076	4
22	22077	4
22	22078	4
22	22079	4
22	22080	4
22	22081	4
22	22082	4
22	22083	4
22	22084	4
22	22085	4
22	22086	4
22	22087	4
22	22088	4
22	22089	4
22	22090	4
22	22091	4
22	22092	4
22	22093	4
22	22094	4
22	22095	4
22	22096	4
22	22097	4
22	22098	4
22	22099	4
22	22100	4
22	22101	4
22	22102	4
22	22103	5
22	22104	5
22	22105	5
22	22106	5
22	22107	4
22	22108	4
22	22109	4
22	22110	4
22	22111	4
22	22112	4
22	22113	4
22	22114	4
22	22115	4
22	22116	4
22	22117	4
22	22118	5
22	22119	5
22	22120	5
22	22121	5
22	22122	5
22	22123	5
22	22124	5
22	22125	5
22	22126	5
22	22127	5
22	22128	6
22	22129	6
22	22130	6
22	22131	6
22	22132	6
22	22133	6
22	22134	6
22	22135	6
22	22136	6
22	22137	6
22	22138	6
22	22139	6
22	22140	6
22	22141	6
22	22142	7
22	22143	7
22	22144	7
22	22145	7
22	22146	7
22	22147	7
22	22148	7
22	22149	7
22	22150	7
22	22151	7
22	22152	7
22	22153	7
22	22154	7
22	22155	6
22	22156	6
22	22157	6
22	22158	6
22	22159	7
22	22160	7
22	22161	7
22	22162	7
22	22163	8
22	22164	8
22	22165	8
22	22166	8
22	22167	8
22	22168	8
22	22169	8
22	22170	8
22	22171	8
22	22172	8
22	22173	8
22	22174	8
22	22175	8
22	22176	8
22	22177	8
22	22178	8
22	22179	8
22	22180	8
22	22181	8
22	22182	8
22	22183	8
22	22184	7
22	22185	7
22	22186	7
22	22187	7
22	22188	7
22	22189	7
22	22190	8
22	22191	8
22	22192	8
22	22193	8
22	22194	9
22	22195	9
22	22196	9
22	22197	9
22	22198	9
22	22199	9
22	22200	9
22	22201	9
22	22202	9
22	22203	9
22	22204	9
22	22205	9
22	22206	9
22	22207	9
22	22208	9
22	22209	9
22	22210	9
22	22211	9
22	22212	9
22	22213	9
22	22214	9
22	22215	9
22	22216	9
22	22217	9
22	22218	9
22	22219	9
22	22220	9
22	22221	9
22	22222	9
22	22223	9
22	22224	9
22	22225	9
22	22226	9
22	22227	9
22	22228	9
22	22229	10
22	22230	10
22	22231	10
22	22232	10
22	22233	10
22	22234	10
22	22235	10
22	22236	10
22	22237	10
22	22238	10
22	22239	10
22	22240	10
22	22241	10
22	22242	10
22	22243	10
22	22244	10
22	22245	10
22	22246	10
22	22247	10
22	22248	10
22	22249	10
22	22250	10
22	22251	10
22	22252	10
22	22253	9
22	22254	9
22	22255	9
22	22256	9
22	22257	9
22	22258	9
22	22259	9
22	22260	10
22	22261	10
22	22262	10
22	22263	10
22	22264	10
22	22265	10
22	22266	10
22	22267	9
22	22268	9
22	22269	9
22	22270	8
22	22271	8
22	22272	8
22	22273	8
22	22274	8
22	22275	8
22	22276	7
22	22277	7
22	22278	7
22	22279	7
22	22280	7
22	22281	7
22	22282	7
22	22283	7
22	22284	7
22	22285	7
22	22286	7
22	22287	7
22	22288	7
22	22289	7
22	22290	7
22	22291	7
22	22292	6
22	22293	6
22	22294	6
22	22295	6
22	22296	6
22	22297	6
22	22298	6
22	22299	6
22	22300	6
22	22301	6
22	22302	6
22	22303	6
22	22304	7
22	22305	7
22	22306	7
22	22307	7
22	22308	6
22	22309	6
22	22310	7
22	22311	7
22	22312	7
22	22313	6
22	22314	6
22	22315	6
22	22316	6
22	22317	6
22	22318	6
22	22319	6
22	22320	6
22	22321	6
22	22322	6
22	22323	6
22	22324	6
22	22325	6
22	22326	6
22	22327	6
22	22328	6
22	22329	6
22	22330	6
22	22331	6
22	22332	6
22	22333	6
22	22334	6
22	22335	6
22	22336	6
22	22337	6
22	22338	6
22	22339	5
22	22340	4
22	22341	4
22	22342	5
22	22343	5
22	22344	6
22	22345	6
22	22346	6
22	22347	6
22	22348	6
22	22349	6
22	22350	6
22	22351	6
22	22352	6
22	22353	6
22	22354	6
22	22355	6
22	22356	6
22	22357	6
22	22358	6
22	22359	6
22	22360	6
22	22361	6
22	22362	6
22	22363	6
22	22364	6
22	22365	6
22	22366	6
22	22367	6
22	22368	6
22	22369	6
22	22370	6
22	22371	6
22	22372	6
22	22373	6
22	22374	7
22	22375	7
22	22376	7
22	22377	7
22	22378	7
22	22379	7
22	22380	7
22	22381	7
22	22382	7
22	22383	7
22	22384	7
22	22385	7
22	22386	7
22	22387	7
22	22388	7
22	22389	7
22	22390	7
22	22391	7
22	22392	7
22	22393	7
22	22394	7
22	22395	7
22	22396	7
22	22397	7
22	22398	7
22	22399	7
22	22400	7
22	22401	7
22	22402	7
22	22403	7
22	22404	7
22	22405	7
22	22406	7
22	22407	7
22	22408	7
22	22409	7
22	22410	7
22	22411	7
22	22412	7
22	22413	7
22	22414	7
22	22415	7
22	22416	7
22	22417	7
22	22418	7
22	22419	7
22	22420	7
22	22421	7
22	22422	7
22	22423	7
22	22424	7
22	22425	7
22	22426	7
22	22427	7
22	22428	7
22	22429	7
22	22430	7
22	22431	7
22	22432	7
22	22433	7
22	22434	7
22	22435	7
22	22436	7
22	22437	7
22	22438	7
22	22439	7
22	22440	7
22	22441	7
22	22442	7
22	22443	7
22	22444	8
22	22445	8
22	22446	8
22	22447	8
22	22448	8
22	22449	7
22	22450	7
22	22451	7
22	22452	7
22	22453	6
22	22454	6
22	22455	6
22	22456	6
22	22457	6
22	22458	6
22	22459	6
22	22460	5
22	22461	8
22	22462	8
22	22463	8
22	22464	8
22	22465	8
22	22466	8
22	22467	8
22	22468	8
22	22469	8
22	22470	9
22	22471	9
22	22472	11
22	22473	11
22	22474	11
22	22475	11
22	22476	11
22	22477	11
22	22478	11
22	22479	11
22	22480	11
22	22481	10
22	22482	10
22	22483	10
22	22484	10
22	22485	10
22	22486	10
22	22487	10
22	22488	11
22	22489	11
22	22490	11
22	22491	10
22	22492	10
22	22493	10
22	22494	10
22	22495	10
22	22496	10
22	22497	10
22	22498	10
22	22499	10
22	22500	10
22	22501	10
22	22502	10
22	22503	10
22	22504	10
22	22505	10
22	22506	11
22	22507	12
22	22508	12
22	22509	12
22	22510	12
22	22511	12
22	22512	12
22	22513	12
22	22514	12
22	22515	12
22	22516	12
22	22517	12
22	22518	12
22	22519	12
22	22520	12
22	22521	12
22	22522	12
22	22523	11
22	22524	11
22	22525	11
22	22526	11
22	22527	11
22	22528	12
22	22529	11
22	22530	11
22	22531	11
22	22532	11
22	22533	11
22	22534	11
22	22535	11
22	22536	11
22	22537	12
22	22538	12
22	22539	12
22	22540	12
22	22541	14
22	22542	14
22	22543	14
22	22544	14
22	22545	14
22	22546	14
22	22547	14
22	22548	14
22	22549	14
22	22550	14
22	22551	14
22	22552	14
22	22553	14
22	22554	14
22	22555	14
22	22556	14
22	22557	14
22	22558	14
22	22559	14
22	22560	14
22	22561	14
22	22562	14
22	22563	14
22	22564	14
22	22565	15
22	22566	15
22	22567	16
22	22568	16
22	22569	16
22	22570	16
22	22571	16
22	22572	16
22	22573	16
22	22574	16
22	22575	16
22	22576	16
22	22577	16
22	22578	16
22	22579	16
22	22580	16
22	22581	16
22	22582	16
22	22583	16
22	22584	16
22	22585	16
22	22586	17
22	22587	17
22	22588	17
22	22589	18
22	22590	18
22	22591	18
22	22592	18
22	22593	18
22	22594	17
22	22595	17
22	22596	17
22	22597	17
22	22598	17
22	22599	17
22	22600	17
22	22601	17
22	22602	17
22	22603	17
22	22604	17
22	22605	17
22	22606	17
22	22607	17
22	22608	17
22	22609	17
22	22610	17
22	22611	14
22	22612	14
22	22613	14
22	22614	14
22	22615	14
22	22616	14
22	22617	14
22	22618	14
22	22619	13
22	22620	13
22	22621	13
22	22622	11
22	22623	11
22	22624	11
22	22625	11
22	22626	11
22	22627	11
22	22628	11
22	22629	11
22	22630	11
22	22631	11
22	22632	11
22	22633	11
22	22634	11
22	22635	11
22	22636	11
22	22637	11
22	22638	10
22	22639	10
22	22640	10
22	22641	10
22	22642	10
22	22643	10
22	22644	10
22	22645	11
22	22646	11
22	22647	11
22	22648	11
22	22649	11
22	22650	11
22	22651	11
22	22652	11
22	22653	11
22	22654	11
22	22655	11
22	22656	10
22	22657	9
22	22658	9
22	22659	9
22	22660	9
22	22661	9
22	22662	9
22	22663	9
22	22664	9
22	22665	9
22	22666	9
22	22667	9
22	22668	9
22	22669	9
22	22670	9
22	22671	9
22	22672	9
22	22673	9
22	22674	9
22	22675	9
22	22676	9
22	22677	9
22	22678	8
22	22679	8
22	22680	8
22	22681	8
22	22682	8
22	22683	8
22	22684	8
22	22685	8
22	22686	8
22	22687	7
22	22688	7
22	22689	7
22	22690	7
22	22691	5
22	22692	5
22	22693	5
22	22694	5
22	22695	5
22	22696	6
22	22697	6
22	22698	6
22	22699	6
22	22700	6
22	22701	6
22	22702	6
22	22703	6
22	22704	6
22	22705	6
22	22706	6
22	22707	6
22	22708	6
22	22709	6
22	22710	6
22	22711	6
22	22712	6
22	22713	6
22	22714	6
22	22715	5
22	22716	4
22	22717	4
22	22718	4
22	22719	4
22	22720	4
22	22721	4
22	22722	4
22	22723	4
22	22724	4
22	22725	4
22	22726	4
22	22727	4
22	22728	4
22	22729	4
22	22730	4
22	22731	4
22	22732	4
22	22733	4
22	22734	4
22	22735	4
22	22736	3
22	22737	3
22	22738	3
22	22739	2
22	22740	2
22	22741	2
22	22742	2
22	22743	2
22	22744	2
22	22745	2
22	22746	2
22	22747	2
22	22748	2
22	22749	2
22	22750	2
22	22751	2
22	22752	2
22	22753	2
22	22754	2
22	22755	2
22	22756	2
22	22757	2
22	22758	2
22	22759	2
22	22760	2
22	22761	2
22	22762	2
22	22763	2
22	22764	2
22	22765	2
22	22766	2
22	22767	2
22	22768	2
22	22769	2
22	22770	2
22	22771	2
22	22772	2
22	22773	2
22	22774	2
22	22775	2
22	22776	2
22	22777	2
22	22778	2
22	22779	2
22	22780	2
22	22781	2
22	22782	2
22	22783	2
22	22784	2
22	22785	2
22	22786	2
22	22787	2
22	22788	2
22	22789	2
22	22790	3
22	22791	3
22	22792	3
22	22793	4
22	22794	4
22	22795	3
22	22796	5
22	22797	5
22	22798	6
22	22799	6
22	22800	6
22	22801	6
22	22802	6
22	22803	6
22	22804	6
22	22805	6
22	22806	6
22	22807	6
22	22808	6
22	22809	6
22	22810	6
22	22811	6
22	22812	6
22	22813	6
22	22814	6
22	22815	6
22	22816	6
22	22817	6
22	22818	6
22	22819	6
22	22820	6
22	22821	6
22	22822	6
22	22823	6
22	22824	6
22	22825	6
22	22826	6
22	22827	6
22	22828	6
22	22829	6
22	22830	6
22	22831	6
22	22832	6
22	22833	6
22	22834	6
22	22835	6
22	22836	11
22	22837	11
22	22838	11
22	22839	11
22	22840	11
22	22841	11
22	22842	11
22	22843	11
22	22844	11
22	22845	11
22	22846	10
22	22847	10
22	22848	10
22	22849	10
22	22850	10
22	22851	10
22	22852	10
22	22853	10
22	22854	10
22	22855	10
22	22856	10
22	22857	10
22	22858	10
22	22859	10
22	22860	10
22	22861	10
22	22862	10
22	22863	11
22	22864	11
22	22865	11
22	22866	11
22	22867	11
22	22868	11
22	22869	11
22	22870	11
22	22871	11
22	22872	11
22	22873	11
22	22874	11
22	22875	11
22	22876	12
22	22877	12
22	22878	12
22	22879	12
22	22880	12
22	22881	13
22	22882	13
22	22883	13
22	22884	13
22	22885	13
22	22886	13
22	22887	13
22	22888	13
22	22889	13
22	22890	13
22	22891	13
22	22892	13
22	22893	13
22	22894	13
22	22895	13
22	22896	13
22	22897	13
22	22898	13
22	22899	13
22	22900	13
22	22901	13
22	22902	13
22	22903	13
22	22904	13
22	22905	14
22	22906	14
22	22907	15
22	22908	15
22	22909	15
22	22910	15
22	22911	15
22	22912	15
22	22913	16
22	22914	16
22	22915	16
22	22916	16
22	22917	16
22	22918	16
22	22919	16
22	22920	16
22	22921	16
22	22922	16
22	22923	16
22	22924	16
22	22925	16
22	22926	16
22	22927	16
22	22928	16
22	22929	16
22	22930	16
22	22931	16
22	22932	16
22	22933	16
22	22934	16
22	22935	17
22	22936	17
22	22937	17
22	22938	17
22	22939	17
22	22940	16
22	22941	16
22	22942	16
22	22943	15
22	22944	15
22	22945	15
22	22946	13
22	22947	12
22	22948	12
22	22949	12
22	22950	12
22	22951	12
22	22952	12
22	22953	12
22	22954	12
22	22955	12
22	22956	12
22	22957	12
22	22958	12
22	22959	12
22	22960	12
22	22961	12
22	22962	12
22	22963	12
22	22964	12
22	22965	12
22	22966	12
22	22967	12
22	22968	12
22	22969	12
22	22970	12
22	22971	12
22	22972	13
22	22973	13
22	22974	13
22	22975	13
22	22976	13
22	22977	13
22	22978	13
22	22979	13
22	22980	14
22	22981	14
22	22982	15
22	22983	15
22	22984	15
22	22985	14
22	22986	10
22	22987	10
22	22988	10
22	22989	10
22	22990	10
22	22991	10
22	22992	10
22	22993	10
22	22994	10
22	22995	10
22	22996	10
22	22997	10
22	22998	10
22	22999	10
22	23000	10
22	23001	10
22	23002	10
22	23003	10
22	23004	10
22	23005	10
22	23006	10
22	23007	10
22	23008	10
22	23009	10
22	23010	10
22	23011	10
22	23012	10
22	23013	10
22	23014	9
22	23015	9
22	23016	9
22	23017	9
22	23018	10
22	23019	10
22	23020	10
22	23021	11
22	23022	11
22	23023	11
22	23024	11
22	23025	11
22	23026	10
22	23027	10
22	23028	10
22	23029	12
22	23030	12
22	23031	11
22	23032	11
22	23033	11
22	23034	11
22	23035	11
22	23036	11
22	23037	11
22	23038	11
22	23039	11
22	23040	11
22	23041	11
22	23042	11
22	23043	11
22	23044	11
22	23045	11
22	23046	11
22	23047	11
22	23048	11
22	23049	11
22	23050	11
22	23051	11
22	23052	11
22	23053	11
22	23054	11
22	23055	10
22	23056	10
22	23057	9
22	23058	9
22	23059	9
22	23060	9
22	23061	9
22	23062	9
22	23063	8
22	23064	8
22	23065	8
22	23066	8
22	23067	8
22	23068	8
22	23069	8
22	23070	8
22	23071	8
22	23072	8
22	23073	8
22	23074	8
22	23075	8
22	23076	9
22	23077	9
22	23078	9
22	23079	9
22	23080	9
22	23081	9
22	23082	9
22	23083	9
22	23084	9
22	23085	8
22	23086	8
22	23087	8
22	23088	8
22	23089	8
22	23090	8
22	23091	8
22	23092	8
22	23093	8
22	23094	8
22	23095	8
22	23096	8
22	23097	8
22	23098	8
22	23099	8
22	23100	9
22	23101	9
22	23102	9
22	23103	10
22	23104	10
22	23105	10
22	23106	10
22	23107	10
22	23108	10
22	23109	10
22	23110	10
22	23111	10
22	23112	11
22	23113	11
22	23114	11
22	23115	11
22	23116	11
22	23117	11
22	23118	11
22	23119	11
22	23120	11
22	23121	11
22	23122	12
22	23123	12
22	23124	12
22	23125	13
22	23126	14
22	23127	14
22	23128	14
22	23129	13
22	23130	13
22	23131	13
22	23132	12
22	23133	12
22	23134	13
22	23135	13
22	23136	15
22	23137	15
22	23138	15
22	23139	15
22	23140	15
22	23141	15
22	23142	15
22	23143	15
22	23144	15
22	23145	15
22	23146	15
22	23147	15
22	23148	15
22	23149	15
22	23150	15
22	23151	15
22	23152	15
22	23153	15
22	23154	15
22	23155	15
22	23156	15
22	23157	15
22	23158	15
22	23159	15
22	23160	15
22	23161	15
22	23162	15
22	23163	15
22	23164	15
22	23165	15
22	23166	15
22	23167	15
22	23168	14
22	23169	14
22	23170	13
22	23171	13
22	23172	13
22	23173	13
22	23174	13
22	23175	14
22	23176	14
22	23177	14
22	23178	14
22	23179	12
22	23180	13
22	23181	13
22	23182	13
22	23183	13
22	23184	13
22	23185	13
22	23186	13
22	23187	13
22	23188	13
22	23189	13
22	23190	13
22	23191	13
22	23192	13
22	23193	13
22	23194	13
22	23195	13
22	23196	13
22	23197	13
22	23198	13
22	23199	13
22	23200	13
22	23201	13
22	23202	13
22	23203	13
22	23204	14
22	23205	14
22	23206	14
22	23207	14
22	23208	14
22	23209	14
22	23210	14
22	23211	14
22	23212	14
22	23213	14
22	23214	14
22	23215	14
22	23216	14
22	23217	14
22	23218	14
22	23219	14
22	23220	14
22	23221	14
22	23222	14
22	23223	14
22	23224	14
22	23225	14
22	23226	13
22	23227	13
22	23228	13
22	23229	13
22	23230	13
22	23231	13
22	23232	13
22	23233	13
22	23234	13
22	23235	13
22	23236	13
22	23237	13
22	23238	13
22	23239	13
22	23240	14
22	23241	14
22	23242	14
22	23243	14
22	23244	15
22	23245	14
22	23246	14
22	23247	15
22	23248	15
22	23249	15
22	23250	15
22	23251	15
22	23252	15
22	23253	14
22	23254	14
22	23255	14
22	23256	14
22	23257	14
22	23258	14
22	23259	14
22	23260	14
22	23261	14
22	23262	13
22	23263	13
22	23264	13
22	23265	13
22	23266	13
22	23267	13
22	23268	14
22	23269	14
22	23270	13
22	23271	13
22	23272	12
22	23273	12
22	23274	12
22	23275	11
22	23276	10
22	23277	10
22	23278	10
22	23279	10
22	23280	10
22	23281	10
22	23282	10
22	23283	9
22	23284	9
22	23285	9
22	23286	7
22	23287	7
22	23288	7
22	23289	7
22	23290	7
22	23291	7
22	23292	7
22	23293	7
22	23294	7
22	23295	7
22	23296	7
22	23297	8
22	23298	8
22	23299	8
22	23300	8
22	23301	8
22	23302	8
22	23303	8
22	23304	8
22	23305	8
22	23306	8
22	23307	9
22	23308	10
22	23309	10
22	23310	10
22	23311	10
22	23312	10
22	23313	10
22	23314	10
22	23315	10
22	23316	10
22	23317	10
22	23318	10
22	23319	10
22	23320	10
22	23321	11
22	23322	11
22	23323	11
22	23324	11
22	23325	10
22	23326	10
22	23327	10
22	23328	10
22	23329	10
22	23330	9
22	23331	9
22	23332	9
22	23333	9
22	23334	10
22	23335	10
22	23336	11
22	23337	11
22	23338	11
22	23339	11
22	23340	11
22	23341	11
22	23342	11
22	23343	11
22	23344	11
22	23345	11
22	23346	11
22	23347	11
22	23348	11
22	23349	11
22	23350	12
22	23351	12
22	23352	12
22	23353	12
22	23354	12
22	23355	12
22	23356	12
22	23357	12
22	23358	12
22	23359	12
22	23360	12
22	23361	12
22	23362	12
22	23363	12
22	23364	12
22	23365	13
22	23366	13
22	23367	13
22	23368	13
22	23369	13
22	23370	13
22	23371	13
22	23372	13
22	23373	13
22	23374	13
22	23375	13
22	23376	13
22	23377	13
22	23378	13
22	23379	13
22	23380	13
22	23381	13
22	23382	13
22	23383	14
22	23384	14
22	23385	14
22	23386	14
22	23387	14
22	23388	14
22	23389	16
22	23390	15
22	23391	15
22	23392	15
22	23393	15
22	23394	14
22	23395	14
22	23396	13
22	23397	13
22	23398	13
22	23399	13
22	23400	13
22	23401	13
22	23402	13
22	23403	13
22	23404	13
22	23405	13
22	23406	15
22	23407	15
22	23408	15
22	23409	15
22	23410	15
22	23411	15
22	23412	17
22	23413	17
22	23414	17
22	23415	17
22	23416	17
22	23417	17
22	23418	16
22	23419	16
22	23420	18
22	23421	18
22	23422	18
22	23423	18
22	23424	18
22	23425	18
22	23426	18
22	23427	18
22	23428	18
22	23429	18
22	23430	18
22	23431	18
22	23432	18
22	23433	18
22	23434	18
22	23435	18
22	23436	18
22	23437	18
22	23438	18
22	23439	18
22	23440	18
22	23441	18
22	23442	18
22	23443	18
22	23444	18
22	23445	18
22	23446	18
22	23447	17
22	23448	17
22	23449	17
22	23450	17
22	23451	18
22	23452	18
22	23453	18
22	23454	18
22	23455	19
22	23456	20
22	23457	17
22	23458	17
22	23459	17
22	23460	17
22	23461	17
22	23462	17
22	23463	17
22	23464	17
22	23465	17
22	23466	17
22	23467	17
22	23468	17
22	23469	17
22	23470	16
22	23471	16
22	23472	16
22	23473	16
22	23474	16
22	23475	16
22	23476	16
22	23477	16
22	23478	16
22	23479	16
22	23480	16
22	23481	16
22	23482	16
22	23483	16
22	23484	15
22	23485	14
22	23486	14
22	23487	14
22	23488	14
22	23489	14
22	23490	14
22	23491	15
22	23492	15
22	23493	15
22	23494	15
22	23495	15
22	23496	15
22	23497	15
22	23498	15
22	23499	14
22	23500	15
22	23501	15
22	23502	15
22	23503	15
22	23504	15
22	23505	15
22	23506	15
22	23507	14
22	23508	14
22	23509	14
22	23510	15
22	23511	15
22	23512	15
22	23513	15
22	23514	15
22	23515	15
22	23516	15
22	23517	16
22	23518	16
22	23519	16
22	23520	16
22	23521	16
22	23522	16
22	23523	16
22	23524	16
22	23525	16
22	23526	16
22	23527	16
22	23528	16
22	23529	16
22	23530	17
22	23531	17
22	23532	17
22	23533	16
22	23534	17
22	23535	17
22	23536	17
22	23537	17
22	23538	17
22	23539	15
22	23540	15
22	23541	15
22	23542	15
22	23543	15
22	23544	15
22	23545	15
22	23546	15
22	23547	15
22	23548	15
22	23549	15
22	23550	15
22	23551	15
22	23552	15
22	23553	15
22	23554	13
22	23555	13
22	23556	13
22	23557	13
22	23558	13
22	23559	13
22	23560	13
22	23561	11
22	23562	12
22	23563	12
22	23564	12
22	23565	12
22	23566	12
22	23567	12
22	23568	12
22	23569	10
22	23570	10
22	23571	10
22	23572	11
22	23573	11
22	23574	11
22	23575	11
22	23576	11
22	23577	11
22	23578	11
22	23579	11
22	23580	11
22	23581	11
22	23582	11
22	23583	11
22	23584	11
22	23585	11
22	23586	11
22	23587	11
22	23588	11
22	23589	11
22	23590	11
22	23591	11
22	23592	11
22	23593	11
22	23594	11
22	23595	12
22	23596	12
22	23597	12
22	23598	12
22	23599	12
22	23600	12
22	23601	11
22	23602	11
22	23603	10
22	23604	9
22	23605	9
22	23606	10
22	23607	10
22	23608	10
22	23609	10
22	23610	10
22	23611	10
22	23612	10
22	23613	10
22	23614	10
22	23615	10
22	23616	10
22	23617	10
22	23618	10
22	23619	10
22	23620	10
22	23621	10
22	23622	11
22	23623	11
22	23624	11
22	23625	11
22	23626	11
22	23627	11
22	23628	11
22	23629	11
22	23630	11
22	23631	11
22	23632	12
22	23633	12
22	23634	12
22	23635	12
22	23636	12
22	23637	12
22	23638	12
22	23639	12
22	23640	11
22	23641	11
22	23642	11
22	23643	11
22	23644	11
22	23645	11
22	23646	11
22	23647	11
22	23648	11
22	23649	11
22	23650	10
22	23651	11
22	23652	11
22	23653	11
22	23654	11
22	23655	11
22	23656	11
22	23657	11
22	23658	12
22	23659	13
22	23660	12
22	23661	12
22	23662	12
22	23663	12
22	23664	12
22	23665	14
22	23666	14
22	23667	13
22	23668	13
22	23669	13
22	23670	13
22	23671	13
22	23672	13
22	23673	13
22	23674	13
22	23675	13
22	23676	15
22	23677	18
22	23678	18
22	23679	17
22	23680	17
22	23681	17
22	23682	18
22	23683	19
22	23684	18
22	23685	19
22	23686	19
22	23687	19
22	23688	20
22	23689	20
22	23690	20
22	23691	21
22	23692	21
22	23693	21
22	23694	21
22	23695	21
22	23696	21
22	23697	21
22	23698	21
22	23699	23
22	23700	23
22	23701	23
22	23702	23
22	23703	23
22	23704	23
22	23705	23
22	23706	23
22	23707	23
22	23708	23
22	23709	23
22	23710	23
22	23711	22
22	23712	22
22	23713	22
22	23714	22
22	23715	22
22	23716	22
22	23717	22
22	23718	22
22	23719	22
22	23720	22
22	23721	22
22	23722	24
22	23723	24
22	23724	24
22	23725	24
22	23726	24
22	23727	24
22	23728	24
22	23729	24
22	23730	24
22	23731	26
22	23732	26
22	23733	26
22	23734	26
22	23735	26
22	23736	27
22	23737	27
22	23738	27
22	23739	27
22	23740	27
22	23741	27
22	23742	27
22	23743	28
22	23744	27
22	23745	27
22	23746	27
22	23747	27
22	23748	27
22	23749	27
22	23750	27
22	23751	27
22	23752	27
22	23753	28
22	23754	28
22	23755	27
22	23756	27
22	23757	27
22	23758	27
22	23759	27
22	23760	27
22	23761	27
22	23762	27
22	23763	27
22	23764	27
22	23765	27
22	23766	27
22	23767	28
22	23768	28
22	23769	28
22	23770	27
22	23771	27
22	23772	27
22	23773	27
22	23774	27
22	23775	27
22	23776	27
22	23777	28
22	23778	28
22	23779	28
22	23780	28
22	23781	28
22	23782	27
22	23783	27
22	23784	27
22	23785	27
22	23786	27
22	23787	27
22	23788	27
22	23789	27
22	23790	27
22	23791	27
22	23792	27
22	23793	27
22	23794	27
22	23795	27
22	23796	27
22	23797	27
22	23798	27
22	23799	28
22	23800	28
22	23801	27
22	23802	27
22	23803	27
22	23804	27
22	23805	27
22	23806	27
22	23807	25
22	23808	25
22	23809	25
22	23810	25
22	23811	25
22	23812	25
22	23813	25
22	23814	25
22	23815	23
22	23816	23
22	23817	23
22	23818	23
22	23819	23
22	23820	23
22	23821	23
22	23822	24
22	23823	24
22	23824	24
22	23825	22
22	23826	19
22	23827	20
22	23828	20
22	23829	20
22	23830	20
22	23831	20
22	23832	19
22	23833	18
22	23834	17
22	23835	16
22	23836	16
22	23837	16
22	23838	16
22	23839	16
22	23840	17
22	23841	16
22	23842	16
22	23843	16
22	23844	16
22	23845	16
22	23846	16
22	23847	16
22	23848	16
22	23849	14
22	23850	14
22	23851	14
22	23852	15
22	23853	15
22	23854	15
22	23855	15
22	23856	15
22	23857	15
22	23858	15
22	23859	15
22	23860	15
22	23861	15
22	23862	15
22	23863	15
22	23864	15
22	23865	15
22	23866	15
22	23867	15
22	23868	15
22	23869	15
22	23870	16
22	23871	16
22	23872	13
22	23873	13
22	23874	13
22	23875	13
22	23876	13
22	23877	13
22	23878	13
22	23879	13
22	23880	13
22	23881	11
22	23882	11
22	23883	11
22	23884	12
22	23885	12
22	23886	11
22	23887	12
22	23888	12
22	23889	12
22	23890	12
22	23891	12
22	23892	12
22	23893	11
22	23894	12
22	23895	12
22	23896	12
22	23897	12
22	23898	12
22	23899	12
22	23900	12
22	23901	12
22	23902	12
22	23903	11
22	23904	11
22	23905	11
22	23906	11
22	23907	11
22	23908	11
22	23909	11
22	23910	11
22	23911	11
22	23912	11
22	23913	11
22	23914	11
22	23915	11
22	23916	11
22	23917	10
22	23918	10
22	23919	10
22	23920	10
22	23921	10
22	23922	10
22	23923	10
22	23924	10
22	23925	10
22	23926	10
22	23927	9
22	23928	11
22	23929	11
22	23930	11
22	23931	11
22	23932	11
22	23933	11
22	23934	11
22	23935	11
22	23936	11
22	23937	11
22	23938	11
22	23939	11
22	23940	12
22	23941	12
22	23942	12
22	23943	12
22	23944	12
22	23945	12
22	23946	12
22	23947	12
22	23948	12
22	23949	11
22	23950	11
22	23951	11
22	23952	11
22	23953	11
22	23954	11
22	23955	11
22	23956	11
22	23957	11
22	23958	11
22	23959	11
22	23960	11
22	23961	11
22	23962	11
22	23963	11
22	23964	11
22	23965	11
22	23966	11
22	23967	11
22	23968	11
22	23969	11
22	23970	11
22	23971	10
22	23972	10
22	23973	10
22	23974	10
22	23975	10
22	23976	10
22	23977	9
22	23978	9
22	23979	9
22	23980	10
22	23981	10
22	23982	10
22	23983	11
22	23984	11
22	23985	11
22	23986	11
22	23987	11
22	23988	11
22	23989	11
22	23990	10
22	23991	10
22	23992	10
22	23993	10
22	23994	10
22	23995	10
22	23996	10
22	23997	10
22	23998	10
22	23999	10
22	24000	10
22	24001	10
22	24002	9
22	24003	9
22	24004	9
22	24005	9
22	24006	9
22	24007	9
22	24008	9
22	24009	9
22	24010	9
22	24011	9
22	24012	9
22	24013	9
22	24014	9
22	24015	9
22	24016	9
22	24017	9
22	24018	9
22	24019	9
22	24020	8
22	24021	8
22	24022	9
22	24023	9
22	24024	9
22	24025	9
22	24026	9
22	24027	9
22	24028	9
22	24029	9
22	24030	9
22	24031	11
22	24032	11
22	24033	11
22	24034	11
22	24035	11
22	24036	11
22	24037	10
22	24038	10
22	24039	10
22	24040	10
22	24041	10
22	24042	10
22	24043	10
22	24044	9
22	24045	9
22	24046	9
22	24047	10
22	24048	10
22	24049	12
22	24050	12
22	24051	12
22	24052	12
22	24053	12
22	24054	12
22	24055	12
22	24056	12
22	24057	12
22	24058	12
22	24059	12
22	24060	12
22	24061	12
22	24062	12
22	24063	12
22	24064	12
22	24065	12
22	24066	12
22	24067	12
22	24068	11
22	24069	11
22	24070	11
22	24071	11
22	24072	11
22	24073	11
22	24074	11
22	24075	11
22	24076	11
22	24077	9
22	24078	9
22	24079	9
22	24080	9
22	24081	9
22	24082	9
22	24083	9
22	24084	9
22	24085	9
22	24086	9
22	24087	9
22	24088	9
22	24089	9
22	24090	8
22	24091	8
22	24092	8
22	24093	8
22	24094	8
22	24095	8
22	24096	8
22	24097	8
22	24098	8
22	24099	8
22	24100	8
22	24101	8
22	24102	9
22	24103	9
22	24104	9
22	24105	9
22	24106	9
22	24107	9
22	24108	9
22	24109	9
22	24110	9
22	24111	9
22	24112	9
22	24113	9
22	24114	9
22	24115	9
22	24116	9
22	24117	10
22	24118	10
22	24119	10
22	24120	10
22	24121	10
22	24122	10
22	24123	10
22	24124	10
22	24125	10
22	24126	10
22	24127	10
22	24128	10
22	24129	10
22	24130	9
22	24131	9
22	24132	9
22	24133	9
22	24134	9
22	24135	9
22	24136	9
22	24137	9
22	24138	9
22	24139	9
22	24140	9
22	24141	9
22	24142	9
22	24143	9
22	24144	9
22	24145	9
22	24146	9
22	24147	9
22	24148	9
22	24149	9
22	24150	9
22	24151	9
22	24152	9
22	24153	9
22	24154	9
22	24155	9
22	24156	9
22	24157	9
22	24158	9
22	24159	9
22	24160	9
22	24161	9
22	24162	9
22	24163	9
22	24164	9
22	24165	9
22	24166	9
22	24167	9
22	24168	9
22	24169	9
22	24170	9
22	24171	8
22	24172	8
22	24173	8
22	24174	8
22	24175	8
22	24176	8
22	24177	8
22	24178	8
22	24179	8
22	24180	8
22	24181	6
22	24182	6
22	24183	6
22	24184	6
22	24185	6
22	24186	6
22	24187	6
22	24188	6
22	24189	6
22	24190	6
22	24191	6
22	24192	6
22	24193	6
22	24194	6
22	24195	6
22	24196	5
22	24197	4
22	24198	4
22	24199	4
22	24200	3
22	24201	3
22	24202	3
22	24203	3
22	24204	3
22	24205	3
22	24206	3
22	24207	3
22	24208	3
22	24209	3
22	24210	3
22	24211	3
22	24212	3
22	24213	3
22	24214	3
22	24215	3
22	24216	3
22	24217	3
22	24218	3
22	24219	3
22	24220	3
22	24221	3
22	24222	3
22	24223	3
22	24224	3
22	24225	3
22	24226	3
22	24227	3
22	24228	3
22	24229	3
22	24230	3
22	24231	3
22	24232	3
22	24233	3
22	24234	3
22	24235	3
22	24236	3
22	24237	3
22	24238	3
22	24239	3
22	24240	3
22	24241	3
22	24242	3
22	24243	3
22	24244	3
22	24245	3
22	24246	3
22	24247	3
22	24248	3
22	24249	3
22	24250	3
22	24251	3
22	24252	2
22	24253	2
22	24254	2
22	24255	2
22	24256	2
22	24257	2
22	24258	2
22	24259	2
22	24260	2
22	24261	2
22	24262	2
22	24263	2
22	24264	2
22	24265	1
22	24266	1
22	24267	1
22	24268	2
22	24269	2
22	24270	2
22	24271	2
22	24272	2
22	24273	2
22	24274	2
22	24275	2
22	24276	2
22	24277	2
22	24278	2
22	24279	2
22	24280	2
22	24281	2
22	24282	2
22	24283	2
22	24284	2
22	24285	2
22	24286	2
22	24287	2
22	24288	2
22	24289	2
22	24290	2
22	24291	2
22	24292	2
22	24293	2
22	24294	2
22	24295	2
22	24296	2
22	24297	2
22	24298	2
22	24299	2
22	24300	2
22	24301	2
22	24302	2
22	24303	2
22	24304	2
22	24305	2
22	24306	2
22	24307	3
22	24308	3
22	24309	3
22	24310	3
22	24311	3
22	24312	3
22	24313	3
22	24314	3
22	24315	3
22	24316	3
22	24317	3
22	24318	3
22	24319	3
22	24320	3
22	24321	3
22	24322	3
22	24323	3
22	24324	3
22	24325	3
22	24326	3
22	24327	3
22	24328	3
22	24329	3
22	24330	3
22	24331	3
22	24332	3
22	24333	3
22	24334	3
22	24335	3
22	24336	3
22	24337	3
22	24338	3
22	24339	2
22	24340	2
22	24341	2
22	24342	2
22	24343	2
22	24344	2
22	24345	2
22	24346	2
22	24347	2
22	24348	2
22	24349	2
22	24350	2
22	24351	2
22	24352	2
22	24353	2
22	24354	2
22	24355	2
22	24356	2
22	24357	2
22	24358	2
22	24359	2
22	24360	2
22	24361	2
22	24362	2
22	24363	2
22	24364	2
22	24365	2
22	24366	2
22	24367	2
22	24368	2
22	24369	2
22	24370	2
22	24371	2
22	24372	2
22	24373	2
22	24374	2
22	24375	2
22	24376	2
22	24377	2
22	24378	2
22	24379	2
22	24380	2
22	24381	2
22	24382	2
22	24383	2
22	24384	2
22	24385	2
22	24386	2
22	24387	2
22	24388	2
22	24389	2
22	24390	2
22	24391	2
22	24392	2
22	24393	2
22	24394	2
22	24395	2
22	24396	2
22	24397	2
22	24398	2
22	24399	2
22	24400	2
22	24401	2
22	24402	2
22	24403	2
22	24404	2
22	24405	2
22	24406	2
22	24407	2
22	24408	2
22	24409	1
22	24410	1
22	24411	1
22	24412	1
22	24413	1
22	24414	1
22	24415	2
22	24416	2
22	24417	2
22	24418	2
22	24419	2
22	24420	2
22	24421	2
22	24422	2
22	24423	2
22	24424	2
22	24425	2
22	24426	2
22	24427	2
22	24428	2
22	24429	2
22	24430	2
22	24431	2
22	24432	2
22	24433	2
22	24434	2
22	24435	2
22	24436	2
22	24437	2
22	24438	2
22	24439	2
22	24440	2
22	24441	2
22	24442	1
22	24443	1
22	24444	1
22	24445	1
22	24446	1
22	24447	1
22	24448	1
22	24449	1
22	24450	1
22	24451	1
22	24452	2
22	24453	2
22	24454	2
22	24455	2
22	24456	2
22	24457	2
22	24458	3
22	24459	3
22	24460	3
22	24461	3
22	24462	3
22	24463	3
22	24464	3
22	24465	3
22	24466	3
22	24467	3
22	24468	3
22	24469	3
22	24470	3
22	24471	3
22	24472	3
22	24473	3
22	24474	3
22	24475	3
22	24476	3
22	24477	3
22	24478	3
22	24479	3
22	24480	3
22	24481	3
22	24482	4
22	24483	4
22	24484	4
22	24485	4
22	24486	4
22	24487	4
22	24488	4
22	24489	6
22	24490	6
22	24491	6
22	24492	6
22	24493	6
22	24494	6
22	24495	6
22	24496	6
22	24497	6
22	24498	6
22	24499	6
22	24500	6
22	24501	6
22	24502	6
22	24503	6
22	24504	6
22	24505	6
22	24506	6
22	24507	6
22	24508	6
22	24509	6
22	24510	6
22	24511	6
22	24512	6
22	24513	6
22	24514	6
22	24515	6
22	24516	6
22	24517	6
22	24518	6
22	24519	6
22	24520	7
22	24521	7
22	24522	7
22	24523	7
22	24524	7
22	24525	7
22	24526	7
22	24527	7
22	24528	7
22	24529	7
22	24530	7
22	24531	7
22	24532	7
22	24533	7
22	24534	7
22	24535	7
22	24536	7
22	24537	7
22	24538	7
22	24539	7
22	24540	7
22	24541	7
22	24542	7
22	24543	7
22	24544	7
22	24545	7
22	24546	6
22	24547	6
22	24548	6
22	24549	7
22	24550	7
22	24551	7
22	24552	7
22	24553	7
22	24554	7
22	24555	7
22	24556	7
22	24557	7
22	24558	7
22	24559	7
22	24560	7
22	24561	7
22	24562	10
22	24563	10
22	24564	10
22	24565	10
22	24566	10
22	24567	10
22	24568	10
22	24569	10
22	24570	10
22	24571	10
22	24572	10
22	24573	10
22	24574	10
22	24575	10
22	24576	10
22	24577	10
22	24578	10
22	24579	10
22	24580	10
22	24581	10
22	24582	10
22	24583	10
22	24584	10
22	24585	10
22	24586	10
22	24587	10
22	24588	10
22	24589	10
22	24590	10
22	24591	10
22	24592	10
22	24593	11
22	24594	11
22	24595	11
22	24596	11
22	24597	11
22	24598	11
22	24599	12
22	24600	12
22	24601	12
22	24602	11
22	24603	11
22	24604	11
22	24605	11
22	24606	11
22	24607	11
22	24608	11
22	24609	11
22	24610	11
22	24611	11
22	24612	11
22	24613	11
22	24614	11
22	24615	9
22	24616	9
22	24617	10
22	24618	10
22	24619	10
22	24620	10
22	24621	10
22	24622	10
22	24623	10
22	24624	10
22	24625	10
22	24626	10
22	24627	10
22	24628	10
22	24629	10
22	24630	10
22	24631	10
22	24632	9
22	24633	9
22	24634	7
22	24635	7
22	24636	7
22	24637	7
22	24638	7
22	24639	7
22	24640	7
22	24641	7
22	24642	7
22	24643	7
22	24644	7
22	24645	7
22	24646	7
22	24647	7
22	24648	7
22	24649	7
22	24650	7
22	24651	7
22	24652	7
22	24653	7
22	24654	7
22	24655	7
22	24656	7
22	24657	7
22	24658	7
22	24659	7
22	24660	7
22	24661	7
22	24662	7
22	24663	7
22	24664	7
22	24665	7
22	24666	7
22	24667	8
22	24668	8
22	24669	8
22	24670	7
22	24671	7
22	24672	7
22	24673	7
22	24674	7
22	24675	7
22	24676	7
22	24677	8
22	24678	8
22	24679	8
22	24680	8
22	24681	8
22	24682	8
22	24683	8
22	24684	8
22	24685	8
22	24686	8
22	24687	8
22	24688	8
22	24689	8
22	24690	8
22	24691	8
22	24692	8
22	24693	8
22	24694	8
22	24695	8
22	24696	8
22	24697	8
22	24698	8
22	24699	7
22	24700	7
22	24701	7
22	24702	7
22	24703	7
22	24704	7
22	24705	7
22	24706	7
22	24707	7
22	24708	7
22	24709	7
22	24710	8
22	24711	7
22	24712	7
22	24713	7
22	24714	7
22	24715	7
22	24716	7
22	24717	7
22	24718	7
22	24719	7
22	24720	7
22	24721	7
22	24722	7
22	24723	7
22	24724	7
22	24725	7
22	24726	7
22	24727	7
22	24728	7
22	24729	7
22	24730	8
22	24731	8
22	24732	8
22	24733	8
22	24734	8
22	24735	8
22	24736	8
22	24737	8
22	24738	7
22	24739	7
22	24740	7
22	24741	7
22	24742	8
22	24743	7
22	24744	7
22	24745	8
22	24746	8
22	24747	8
22	24748	7
22	24749	7
22	24750	7
22	24751	7
22	24752	7
22	24753	7
22	24754	7
22	24755	7
22	24756	7
22	24757	7
22	24758	7
22	24759	7
22	24760	7
22	24761	7
22	24762	7
22	24763	7
22	24764	7
22	24765	7
22	24766	6
22	24767	6
22	24768	7
22	24769	7
22	24770	7
22	24771	7
22	24772	7
22	24773	7
22	24774	7
22	24775	7
22	24776	7
22	24777	7
22	24778	7
22	24779	7
22	24780	7
22	24781	7
22	24782	7
22	24783	7
22	24784	7
22	24785	7
22	24786	7
22	24787	7
22	24788	7
22	24789	7
22	24790	7
22	24791	7
22	24792	7
22	24793	7
22	24794	7
22	24795	7
22	24796	7
22	24797	7
22	24798	7
22	24799	7
22	24800	7
22	24801	7
22	24802	7
22	24803	7
22	24804	7
22	24805	7
22	24806	7
22	24807	7
22	24808	7
22	24809	7
22	24810	7
22	24811	7
22	24812	7
22	24813	7
22	24814	7
22	24815	7
22	24816	6
22	24817	6
22	24818	6
22	24819	6
22	24820	6
22	24821	6
22	24822	6
22	24823	6
22	24824	6
22	24825	6
22	24826	6
22	24827	5
22	24828	5
22	24829	5
22	24830	5
22	24831	5
22	24832	5
22	24833	5
22	24834	5
22	24835	5
22	24836	5
22	24837	5
22	24838	5
22	24839	5
22	24840	5
22	24841	5
22	24842	5
22	24843	5
22	24844	5
22	24845	5
22	24846	5
22	24847	5
22	24848	5
22	24849	5
22	24850	5
22	24851	5
22	24852	5
22	24853	5
22	24854	5
22	24855	5
22	24856	5
22	24857	5
22	24858	5
22	24859	4
22	24860	4
22	24861	4
22	24862	4
22	24863	5
22	24864	5
22	24865	5
22	24866	5
22	24867	5
22	24868	5
22	24869	5
22	24870	5
22	24871	5
22	24872	5
22	24873	5
22	24874	5
22	24875	6
22	24876	6
22	24877	6
22	24878	6
22	24879	5
22	24880	5
22	24881	5
22	24882	5
22	24883	5
22	24884	5
22	24885	5
22	24886	5
22	24887	5
22	24888	5
22	24889	5
22	24890	5
22	24891	6
22	24892	5
22	24893	5
22	24894	5
22	24895	4
22	24896	4
22	24897	4
22	24898	4
22	24899	4
22	24900	4
22	24901	4
22	24902	4
22	24903	4
22	24904	4
22	24905	4
22	24906	4
22	24907	4
22	24908	5
22	24909	5
22	24910	5
22	24911	6
22	24912	6
22	24913	6
22	24914	6
22	24915	6
22	24916	6
22	24917	5
22	24918	5
22	24919	5
22	24920	5
22	24921	5
22	24922	5
22	24923	5
22	24924	5
22	24925	5
22	24926	5
22	24927	5
22	24928	5
22	24929	5
22	24930	5
22	24931	5
22	24932	5
22	24933	5
22	24934	5
22	24935	5
22	24936	5
22	24937	5
22	24938	5
22	24939	5
22	24940	5
22	24941	5
22	24942	5
22	24943	5
22	24944	5
22	24945	5
22	24946	5
22	24947	5
22	24948	5
22	24949	5
22	24950	5
22	24951	5
22	24952	5
22	24953	5
22	24954	5
22	24955	5
22	24956	6
22	24957	6
22	24958	6
22	24959	6
22	24960	6
22	24961	6
22	24962	6
22	24963	6
22	24964	6
22	24965	6
22	24966	6
22	24967	6
22	24968	6
22	24969	6
22	24970	6
22	24971	6
22	24972	6
22	24973	6
22	24974	6
22	24975	6
22	24976	6
22	24977	6
22	24978	6
22	24979	6
22	24980	6
22	24981	6
22	24982	6
22	24983	6
22	24984	6
22	24985	6
22	24986	6
22	24987	6
22	24988	6
22	24989	6
22	24990	6
22	24991	6
22	24992	6
22	24993	6
22	24994	6
22	24995	6
22	24996	6
22	24997	6
22	24998	6
22	24999	6
22	25000	6
22	25001	6
22	25002	6
22	25003	6
22	25004	6
22	25005	6
22	25006	6
22	25007	6
22	25008	6
22	25009	6
22	25010	6
22	25011	6
22	25012	6
22	25013	6
22	25014	7
22	25015	7
22	25016	7
22	25017	7
22	25018	7
22	25019	7
22	25020	7
22	25021	7
22	25022	7
22	25023	7
22	25024	6
22	25025	8
22	25026	8
22	25027	8
22	25028	8
22	25029	8
22	25030	8
22	25031	8
22	25032	9
22	25033	9
22	25034	9
22	25035	9
22	25036	9
22	25037	9
22	25038	9
22	25039	9
22	25040	9
22	25041	8
22	25042	8
22	25043	8
22	25044	8
22	25045	8
22	25046	8
22	25047	8
22	25048	9
22	25049	9
22	25050	9
22	25051	9
22	25052	10
22	25053	10
22	25054	10
22	25055	10
22	25056	10
22	25057	10
22	25058	9
22	25059	9
22	25060	9
22	25061	9
22	25062	9
22	25063	9
22	25064	9
22	25065	9
22	25066	10
22	25067	10
22	25068	10
22	25069	10
22	25070	10
22	25071	10
22	25072	10
22	25073	10
22	25074	10
22	25075	10
22	25076	10
22	25077	10
22	25078	10
22	25079	10
22	25080	10
22	25081	10
22	25082	10
22	25083	10
22	25084	10
22	25085	10
22	25086	10
22	25087	10
22	25088	10
22	25089	10
22	25090	10
22	25091	10
22	25092	10
22	25093	10
22	25094	10
22	25095	10
22	25096	10
22	25097	10
22	25098	10
22	25099	10
22	25100	10
22	25101	10
22	25102	10
22	25103	10
22	25104	10
22	25105	10
22	25106	9
22	25107	7
22	25108	7
22	25109	7
22	25110	7
22	25111	7
22	25112	7
22	25113	7
22	25114	7
22	25115	7
22	25116	7
22	25117	7
22	25118	7
22	25119	7
22	25120	8
22	25121	8
22	25122	8
22	25123	8
22	25124	8
22	25125	8
22	25126	8
22	25127	8
22	25128	8
22	25129	8
22	25130	8
22	25131	8
22	25132	8
22	25133	8
22	25134	8
22	25135	8
22	25136	8
22	25137	8
22	25138	8
22	25139	8
22	25140	8
22	25141	8
22	25142	8
22	25143	8
22	25144	8
22	25145	8
22	25146	8
22	25147	8
22	25148	8
22	25149	8
22	25150	8
22	25151	8
22	25152	8
22	25153	8
22	25154	8
22	25155	8
22	25156	8
22	25157	8
22	25158	8
22	25159	8
22	25160	8
22	25161	8
22	25162	7
22	25163	7
22	25164	7
22	25165	7
22	25166	7
22	25167	7
22	25168	7
22	25169	8
22	25170	6
22	25171	6
22	25172	6
22	25173	6
22	25174	6
22	25175	6
22	25176	6
22	25177	6
22	25178	6
22	25179	6
22	25180	6
22	25181	5
22	25182	5
22	25183	5
22	25184	5
22	25185	5
22	25186	5
22	25187	5
22	25188	6
22	25189	6
22	25190	6
22	25191	6
22	25192	6
22	25193	6
22	25194	6
22	25195	6
22	25196	6
22	25197	5
22	25198	5
22	25199	5
22	25200	5
22	25201	5
22	25202	5
22	25203	5
22	25204	5
22	25205	5
22	25206	5
22	25207	5
22	25208	7
22	25209	7
22	25210	7
22	25211	8
22	25212	8
22	25213	8
22	25214	8
22	25215	8
22	25216	7
22	25217	7
22	25218	7
22	25219	7
22	25220	7
22	25221	7
22	25222	7
22	25223	7
22	25224	7
22	25225	7
22	25226	7
22	25227	7
22	25228	7
22	25229	7
22	25230	7
22	25231	7
22	25232	7
22	25233	7
22	25234	7
22	25235	7
22	25236	7
22	25237	7
22	25238	7
22	25239	7
22	25240	7
22	25241	7
22	25242	7
22	25243	7
22	25244	7
22	25245	7
22	25246	7
22	25247	7
22	25248	7
22	25249	7
22	25250	7
22	25251	7
22	25252	7
22	25253	7
22	25254	7
22	25255	7
22	25256	7
22	25257	7
22	25258	7
22	25259	7
22	25260	7
22	25261	7
22	25262	7
22	25263	7
22	25264	7
22	25265	7
22	25266	7
22	25267	7
22	25268	7
22	25269	7
22	25270	6
22	25271	6
22	25272	6
22	25273	6
22	25274	6
22	25275	6
22	25276	6
22	25277	6
22	25278	6
22	25279	6
22	25280	6
22	25281	6
22	25282	6
22	25283	6
22	25284	6
22	25285	6
22	25286	6
22	25287	6
22	25288	6
22	25289	6
22	25290	6
22	25291	6
22	25292	6
22	25293	6
22	25294	6
22	25295	6
22	25296	6
22	25297	6
22	25298	6
22	25299	6
22	25300	6
22	25301	6
22	25302	6
22	25303	6
22	25304	6
22	25305	8
22	25306	8
22	25307	8
22	25308	8
22	25309	8
22	25310	8
22	25311	8
22	25312	8
22	25313	8
22	25314	8
22	25315	8
22	25316	8
22	25317	8
22	25318	8
22	25319	7
22	25320	7
22	25321	7
22	25322	7
22	25323	7
22	25324	8
22	25325	8
22	25326	9
22	25327	9
22	25328	9
22	25329	8
22	25330	9
22	25331	9
22	25332	9
22	25333	9
22	25334	9
22	25335	9
22	25336	11
22	25337	11
22	25338	10
22	25339	10
22	25340	10
22	25341	10
22	25342	10
22	25343	10
22	25344	10
22	25345	10
22	25346	10
22	25347	10
22	25348	10
22	25349	10
22	25350	10
22	25351	10
22	25352	10
22	25353	10
22	25354	10
22	25355	10
22	25356	10
22	25357	10
22	25358	8
22	25359	8
22	25360	8
22	25361	7
22	25362	7
22	25363	7
22	25364	7
22	25365	7
22	25366	7
22	25367	7
22	25368	7
22	25369	7
22	25370	7
22	25371	7
22	25372	7
22	25373	7
22	25374	7
22	25375	7
22	25376	7
22	25377	7
22	25378	7
22	25379	7
22	25380	7
22	25381	7
22	25382	7
22	25383	7
22	25384	7
22	25385	7
22	25386	7
22	25387	7
22	25388	7
22	25389	7
22	25390	7
22	25391	7
22	25392	7
22	25393	7
22	25394	7
22	25395	7
22	25396	7
22	25397	7
22	25398	7
22	25399	7
22	25400	7
22	25401	7
22	25402	7
22	25403	7
22	25404	7
22	25405	7
22	25406	7
22	25407	7
22	25408	7
22	25409	7
22	25410	7
22	25411	7
22	25412	7
22	25413	7
22	25414	7
22	25415	7
22	25416	7
22	25417	7
22	25418	7
22	25419	7
22	25420	7
22	25421	7
22	25422	7
22	25423	7
22	25424	7
22	25425	7
22	25426	7
22	25427	7
22	25428	7
22	25429	7
22	25430	8
22	25431	8
22	25432	8
22	25433	8
22	25434	8
22	25435	8
22	25436	8
22	25437	8
22	25438	8
22	25439	8
22	25440	10
22	25441	10
22	25442	10
22	25443	10
22	25444	10
22	25445	11
22	25446	12
22	25447	12
22	25448	12
22	25449	12
22	25450	12
22	25451	12
22	25452	12
22	25453	12
22	25454	12
22	25455	10
22	25456	10
22	25457	10
22	25458	10
22	25459	10
22	25460	10
22	25461	10
22	25462	10
22	25463	10
22	25464	10
22	25465	10
22	25466	10
22	25467	10
22	25468	10
22	25469	10
22	25470	11
22	25471	11
22	25472	11
22	25473	10
22	25474	9
22	25475	9
22	25476	9
22	25477	9
22	25478	9
22	25479	9
22	25480	8
22	25481	8
22	25482	8
22	25483	8
22	25484	8
22	25485	6
22	25486	6
22	25487	6
22	25488	6
22	25489	6
22	25490	6
22	25491	6
22	25492	6
22	25493	6
22	25494	6
22	25495	6
22	25496	6
22	25497	6
22	25498	6
22	25499	6
22	25500	6
22	25501	6
22	25502	6
22	25503	6
22	25504	6
22	25505	6
22	25506	6
22	25507	6
22	25508	6
22	25509	6
22	25510	6
22	25511	6
22	25512	6
22	25513	6
22	25514	6
22	25515	6
22	25516	6
22	25517	6
22	25518	6
22	25519	6
22	25520	6
22	25521	6
22	25522	6
22	25523	6
22	25524	6
22	25525	6
22	25526	6
22	25527	6
22	25528	6
22	25529	6
22	25530	6
22	25531	6
22	25532	6
22	25533	6
22	25534	6
22	25535	6
22	25536	6
22	25537	6
22	25538	6
22	25539	6
22	25540	6
22	25541	6
22	25542	6
22	25543	6
22	25544	6
22	25545	6
22	25546	6
22	25547	6
22	25548	6
22	25549	6
22	25550	6
22	25551	6
22	25552	7
22	25553	8
22	25554	8
22	25555	8
22	25556	8
22	25557	8
22	25558	8
22	25559	8
22	25560	8
22	25561	8
22	25562	8
22	25563	8
22	25564	8
22	25565	8
22	25566	8
22	25567	8
22	25568	8
22	25569	8
22	25570	8
22	25571	8
22	25572	8
22	25573	8
22	25574	8
22	25575	8
22	25576	9
22	25577	9
22	25578	9
22	25579	8
22	25580	8
22	25581	8
22	25582	8
22	25583	8
22	25584	8
22	25585	8
22	25586	8
22	25587	8
22	25588	8
22	25589	8
22	25590	6
22	25591	6
22	25592	6
22	25593	6
22	25594	6
22	25595	5
22	25596	4
22	25597	5
22	25598	5
22	25599	5
22	25600	5
22	25601	5
22	25602	5
22	25603	5
22	25604	5
22	25605	5
22	25606	5
22	25607	5
22	25608	5
22	25609	5
22	25610	5
22	25611	5
22	25612	5
22	25613	5
22	25614	5
22	25615	5
22	25616	5
22	25617	5
22	25618	6
22	25619	5
22	25620	5
22	25621	5
22	25622	5
22	25623	5
22	25624	5
22	25625	5
22	25626	5
22	25627	5
22	25628	5
22	25629	5
22	25630	5
22	25631	5
22	25632	5
22	25633	5
22	25634	5
22	25635	5
22	25636	5
22	25637	5
22	25638	5
22	25639	5
22	25640	5
22	25641	6
22	25642	6
22	25643	6
22	25644	6
22	25645	6
22	25646	6
22	25647	6
22	25648	6
22	25649	6
22	25650	6
22	25651	6
22	25652	6
22	25653	6
22	25654	6
22	25655	6
22	25656	6
22	25657	6
22	25658	7
22	25659	7
22	25660	7
22	25661	7
22	25662	7
22	25663	7
22	25664	7
22	25665	7
22	25666	7
22	25667	7
22	25668	7
22	25669	7
22	25670	7
22	25671	7
22	25672	7
22	25673	7
22	25674	7
22	25675	7
22	25676	7
22	25677	7
22	25678	7
22	25679	7
22	25680	7
22	25681	7
22	25682	7
22	25683	7
22	25684	7
22	25685	7
22	25686	8
22	25687	8
22	25688	10
22	25689	10
22	25690	10
22	25691	11
22	25692	11
22	25693	11
22	25694	11
22	25695	11
22	25696	11
22	25697	11
22	25698	11
22	25699	11
22	25700	10
22	25701	10
22	25702	9
22	25703	9
22	25704	9
22	25705	9
22	25706	9
22	25707	9
22	25708	9
22	25709	9
22	25710	10
22	25711	10
22	25712	10
22	25713	11
22	25714	12
22	25715	12
22	25716	13
22	25717	13
22	25718	13
22	25719	13
22	25720	13
22	25721	13
22	25722	13
22	25723	14
22	25724	14
22	25725	14
22	25726	13
22	25727	13
22	25728	13
22	25729	13
22	25730	13
22	25731	13
22	25732	13
22	25733	13
22	25734	14
22	25735	14
22	25736	14
22	25737	14
22	25738	14
22	25739	14
22	25740	14
22	25741	14
22	25742	14
22	25743	15
22	25744	15
22	25745	15
22	25746	14
22	25747	14
22	25748	14
22	25749	14
22	25750	14
22	25751	14
22	25752	14
22	25753	14
22	25754	14
22	25755	14
22	25756	14
22	25757	14
22	25758	14
22	25759	14
22	25760	14
22	25761	14
22	25762	14
22	25763	14
22	25764	14
22	25765	14
22	25766	15
22	25767	14
22	25768	14
22	25769	14
22	25770	14
22	25771	14
22	25772	14
22	25773	15
22	25774	15
22	25775	15
22	25776	15
22	25777	15
22	25778	15
22	25779	15
22	25780	15
22	25781	15
22	25782	15
22	25783	15
22	25784	15
22	25785	16
22	25786	18
22	25787	18
22	25788	18
22	25789	18
22	25790	18
22	25791	17
22	25792	17
22	25793	17
22	25794	17
22	25795	17
22	25796	17
22	25797	17
22	25798	17
22	25799	17
22	25800	17
22	25801	17
22	25802	17
22	25803	17
22	25804	17
22	25805	17
22	25806	17
22	25807	17
22	25808	16
22	25809	16
22	25810	16
22	25811	18
22	25812	18
22	25813	18
22	25814	18
22	25815	18
22	25816	18
22	25817	18
22	25818	18
22	25819	18
22	25820	18
22	25821	18
22	25822	19
22	25823	19
22	25824	19
22	25825	19
22	25826	19
22	25827	19
22	25828	19
22	25829	19
22	25830	19
22	25831	17
22	25832	17
22	25833	17
22	25834	17
22	25835	17
22	25836	19
22	25837	19
22	25838	19
22	25839	19
22	25840	18
22	25841	18
22	25842	18
22	25843	18
22	25844	18
22	25845	18
22	25846	18
22	25847	18
22	25848	18
22	25849	18
22	25850	18
22	25851	18
22	25852	18
22	25853	18
22	25854	18
22	25855	18
22	25856	18
22	25857	18
22	25858	18
22	25859	18
22	25860	17
22	25861	17
22	25862	17
22	25863	16
22	25864	15
22	25865	14
22	25866	14
22	25867	14
22	25868	14
22	25869	14
22	25870	14
22	25871	14
22	25872	13
22	25873	13
22	25874	13
22	25875	13
22	25876	13
22	25877	13
22	25878	13
22	25879	13
22	25880	13
22	25881	13
22	25882	13
22	25883	13
22	25884	12
22	25885	12
22	25886	12
22	25887	13
22	25888	13
22	25889	13
22	25890	13
22	25891	13
22	25892	13
22	25893	12
22	25894	12
22	25895	12
22	25896	12
22	25897	12
22	25898	12
22	25899	12
22	25900	12
22	25901	12
22	25902	12
22	25903	12
22	25904	12
22	25905	12
22	25906	12
22	25907	12
22	25908	12
22	25909	13
22	25910	14
22	25911	14
22	25912	14
22	25913	14
22	25914	14
22	25915	14
22	25916	13
22	25917	13
22	25918	13
22	25919	13
22	25920	13
22	25921	13
22	25922	12
22	25923	12
22	25924	12
22	25925	12
22	25926	12
22	25927	12
22	25928	12
22	25929	12
22	25930	12
22	25931	12
22	25932	12
22	25933	10
22	25934	11
22	25935	10
22	25936	10
22	25937	10
22	25938	10
22	25939	10
22	25940	10
22	25941	10
22	25942	10
22	25943	10
22	25944	10
22	25945	10
22	25946	10
22	25947	10
22	25948	10
22	25949	10
22	25950	10
22	25951	10
22	25952	10
22	25953	10
22	25954	8
22	25955	8
22	25956	8
22	25957	8
22	25958	8
22	25959	8
22	25960	8
22	25961	8
22	25962	8
22	25963	8
22	25964	8
22	25965	8
22	25966	8
22	25967	8
22	25968	8
22	25969	8
22	25970	8
22	25971	8
22	25972	7
22	25973	8
22	25974	8
22	25975	8
22	25976	8
22	25977	8
22	25978	8
22	25979	8
22	25980	8
22	25981	9
22	25982	9
22	25983	9
22	25984	9
22	25985	6
22	25986	6
22	25987	6
22	25988	6
22	25989	6
22	25990	6
22	25991	6
22	25992	6
22	25993	6
22	25994	6
22	25995	6
22	25996	6
22	25997	6
22	25998	6
22	25999	6
22	26000	6
22	26001	6
22	26002	6
22	26003	6
22	26004	6
22	26005	6
22	26006	6
22	26007	6
22	26008	6
22	26009	6
22	26010	6
22	26011	6
22	26012	6
22	26013	6
22	26014	6
22	26015	6
22	26016	6
22	26017	6
22	26018	6
22	26019	6
22	26020	6
22	26021	6
22	26022	6
22	26023	6
22	26024	6
22	26025	6
22	26026	6
22	26027	6
22	26028	6
22	26029	6
22	26030	6
22	26031	7
22	26032	7
22	26033	7
22	26034	7
22	26035	7
22	26036	6
22	26037	6
22	26038	6
22	26039	6
22	26040	6
22	26041	7
22	26042	7
22	26043	7
22	26044	7
22	26045	7
22	26046	7
22	26047	7
22	26048	7
22	26049	7
22	26050	7
22	26051	7
22	26052	7
22	26053	7
22	26054	7
22	26055	7
22	26056	7
22	26057	7
22	26058	7
22	26059	6
22	26060	5
22	26061	5
22	26062	5
22	26063	5
22	26064	5
22	26065	5
22	26066	5
22	26067	5
22	26068	5
22	26069	5
22	26070	5
22	26071	5
22	26072	5
22	26073	5
22	26074	5
22	26075	5
22	26076	5
22	26077	5
22	26078	5
22	26079	5
22	26080	5
22	26081	5
22	26082	5
22	26083	5
22	26084	4
22	26085	4
22	26086	4
22	26087	4
22	26088	4
22	26089	4
22	26090	4
22	26091	4
22	26092	4
22	26093	4
22	26094	4
22	26095	4
22	26096	4
22	26097	4
22	26098	4
22	26099	4
22	26100	4
22	26101	4
22	26102	4
22	26103	4
22	26104	4
22	26105	4
22	26106	4
22	26107	4
22	26108	4
22	26109	4
22	26110	4
22	26111	4
22	26112	4
22	26113	4
22	26114	4
22	26115	4
22	26116	4
22	26117	4
22	26118	4
22	26119	4
22	26120	4
22	26121	4
22	26122	4
22	26123	3
22	26124	3
22	26125	3
22	26126	3
22	26127	3
22	26128	3
22	26129	3
22	26130	3
22	26131	2
22	26132	2
22	26133	2
22	26134	2
22	26135	2
22	26136	2
22	26137	2
22	26138	2
22	26139	2
22	26140	2
22	26141	3
22	26142	3
22	26143	3
22	26144	3
22	26145	3
22	26146	3
22	26147	3
22	26148	3
22	26149	3
22	26150	3
22	26151	3
22	26152	3
22	26153	3
22	26154	4
22	26155	4
22	26156	4
22	26157	4
22	26158	4
22	26159	4
22	26160	4
22	26161	4
22	26162	4
22	26163	4
22	26164	4
22	26165	4
22	26166	4
22	26167	4
22	26168	4
22	26169	4
22	26170	4
22	26171	4
22	26172	4
22	26173	4
22	26174	4
22	26175	4
22	26176	4
22	26177	4
22	26178	4
22	26179	4
22	26180	4
22	26181	4
22	26182	4
22	26183	4
22	26184	4
22	26185	4
22	26186	4
22	26187	4
22	26188	4
22	26189	4
22	26190	4
22	26191	4
22	26192	4
22	26193	4
22	26194	4
22	26195	4
22	26196	4
22	26197	4
22	26198	4
22	26199	4
22	26200	4
22	26201	4
22	26202	4
22	26203	4
22	26204	4
22	26205	4
22	26206	4
22	26207	4
22	26208	4
22	26209	4
22	26210	4
22	26211	4
22	26212	4
22	26213	4
22	26214	4
22	26215	4
22	26216	4
22	26217	4
22	26218	4
22	26219	4
22	26220	4
22	26221	4
22	26222	4
22	26223	4
22	26224	4
22	26225	4
22	26226	4
22	26227	4
22	26228	4
22	26229	4
22	26230	4
22	26231	4
22	26232	4
22	26233	4
22	26234	4
22	26235	5
22	26236	5
22	26237	5
22	26238	5
22	26239	5
22	26240	5
22	26241	5
22	26242	5
22	26243	5
22	26244	5
22	26245	5
22	26246	5
22	26247	5
22	26248	5
22	26249	5
22	26250	5
22	26251	5
22	26252	5
22	26253	5
22	26254	5
22	26255	5
22	26256	5
22	26257	5
22	26258	5
22	26259	5
22	26260	5
22	26261	5
22	26262	5
22	26263	5
22	26264	5
22	26265	5
22	26266	5
22	26267	5
22	26268	5
22	26269	5
22	26270	5
22	26271	5
22	26272	5
22	26273	5
22	26274	5
22	26275	5
22	26276	5
22	26277	5
22	26278	5
22	26279	5
22	26280	5
22	26281	5
22	26282	5
22	26283	5
22	26284	5
22	26285	5
22	26286	5
22	26287	5
22	26288	5
22	26289	5
22	26290	5
22	26291	4
22	26292	4
22	26293	4
22	26294	4
22	26295	4
22	26296	3
22	26297	3
22	26298	3
22	26299	3
22	26300	3
22	26301	3
22	26302	3
22	26303	3
22	26304	3
22	26305	3
22	26306	3
22	26307	3
22	26308	3
22	26309	3
22	26310	3
22	26311	3
22	26312	3
22	26313	4
22	26314	4
22	26315	4
22	26316	4
22	26317	4
22	26318	4
22	26319	4
22	26320	4
22	26321	4
22	26322	4
22	26323	3
22	26324	3
22	26325	3
22	26326	3
22	26327	3
22	26328	3
22	26329	3
22	26330	3
22	26331	3
22	26332	3
22	26333	3
22	26334	3
22	26335	3
22	26336	3
22	26337	3
22	26338	3
22	26339	3
22	26340	3
22	26341	2
22	26342	2
22	26343	2
22	26344	2
22	26345	2
22	26346	2
22	26347	2
22	26348	2
22	26349	2
22	26350	2
22	26351	2
22	26352	2
22	26353	2
22	26354	2
22	26355	2
22	26356	2
22	26357	2
22	26358	2
22	26359	2
22	26360	2
22	26361	2
22	26362	2
22	26363	2
22	26364	2
22	26365	2
22	26366	2
22	26367	2
22	26368	3
22	26369	3
22	26370	3
22	26371	3
22	26372	4
22	26373	4
22	26374	4
22	26375	4
22	26376	4
22	26377	4
22	26378	5
22	26379	5
22	26380	5
22	26381	5
22	26382	5
22	26383	5
22	26384	5
22	26385	4
22	26386	4
22	26387	4
22	26388	4
22	26389	4
22	26390	4
22	26391	4
22	26392	4
22	26393	4
22	26394	4
22	26395	4
22	26396	4
22	26397	4
22	26398	4
22	26399	4
22	26400	4
22	26401	4
22	26402	4
22	26403	4
22	26404	4
22	26405	4
22	26406	4
22	26407	4
22	26408	4
22	26409	4
22	26410	4
22	26411	4
22	26412	4
22	26413	4
22	26414	4
22	26415	4
22	26416	4
22	26417	4
22	26418	4
22	26419	5
22	26420	5
22	26421	5
22	26422	5
22	26423	5
22	26424	5
22	26425	5
22	26426	5
22	26427	5
22	26428	5
22	26429	5
22	26430	5
22	26431	5
22	26432	5
22	26433	5
22	26434	5
22	26435	5
22	26436	5
22	26437	5
22	26438	5
22	26439	5
22	26440	5
22	26441	5
22	26442	6
22	26443	6
22	26444	6
22	26445	6
22	26446	7
22	26447	8
22	26448	8
22	26449	8
22	26450	8
22	26451	8
22	26452	8
22	26453	8
22	26454	8
22	26455	8
22	26456	8
22	26457	9
22	26458	9
22	26459	10
22	26460	10
22	26461	10
22	26462	10
22	26463	9
22	26464	9
22	26465	9
22	26466	8
22	26467	8
22	26468	8
22	26469	8
22	26470	8
22	26471	8
22	26472	8
22	26473	8
22	26474	8
22	26475	8
22	26476	8
22	26477	8
22	26478	8
22	26479	8
22	26480	8
22	26481	10
22	26482	10
22	26483	10
22	26484	10
22	26485	10
22	26486	10
22	26487	10
22	26488	10
22	26489	10
22	26490	10
22	26491	10
22	26492	10
22	26493	10
22	26494	10
22	26495	10
22	26496	10
22	26497	10
22	26498	10
22	26499	10
22	26500	10
22	26501	10
22	26502	10
22	26503	10
22	26504	10
22	26505	10
22	26506	10
22	26507	10
22	26508	10
22	26509	10
22	26510	10
22	26511	10
22	26512	10
22	26513	10
22	26514	10
22	26515	10
22	26516	10
22	26517	9
22	26518	9
22	26519	9
22	26520	9
22	26521	8
22	26522	8
22	26523	8
22	26524	8
22	26525	8
22	26526	8
22	26527	8
22	26528	7
22	26529	7
22	26530	7
22	26531	7
22	26532	7
22	26533	8
22	26534	8
22	26535	8
22	26536	8
22	26537	8
22	26538	8
22	26539	8
22	26540	9
22	26541	9
22	26542	9
22	26543	9
22	26544	9
22	26545	9
22	26546	9
22	26547	9
22	26548	9
22	26549	9
22	26550	10
22	26551	12
22	26552	12
22	26553	12
22	26554	12
22	26555	12
22	26556	12
22	26557	12
22	26558	12
22	26559	12
22	26560	12
22	26561	12
22	26562	13
22	26563	13
22	26564	13
22	26565	13
22	26566	13
22	26567	13
22	26568	12
22	26569	12
22	26570	12
22	26571	12
22	26572	13
22	26573	13
22	26574	13
22	26575	13
22	26576	15
22	26577	15
22	26578	15
22	26579	15
22	26580	15
22	26581	15
22	26582	15
22	26583	15
22	26584	15
22	26585	15
22	26586	15
22	26587	15
22	26588	15
22	26589	15
22	26590	15
22	26591	15
22	26592	15
22	26593	15
22	26594	15
22	26595	15
22	26596	14
22	26597	13
22	26598	13
22	26599	13
22	26600	13
22	26601	13
22	26602	13
22	26603	13
22	26604	13
22	26605	13
22	26606	12
22	26607	12
22	26608	12
22	26609	12
22	26610	12
22	26611	12
22	26612	12
22	26613	12
22	26614	12
22	26615	12
22	26616	13
22	26617	13
22	26618	13
22	26619	13
22	26620	13
22	26621	13
22	26622	13
22	26623	13
22	26624	13
22	26625	13
22	26626	13
22	26627	13
22	26628	13
22	26629	13
22	26630	12
22	26631	11
22	26632	11
22	26633	11
22	26634	11
22	26635	11
22	26636	11
22	26637	11
22	26638	11
22	26639	11
22	26640	11
22	26641	11
22	26642	11
22	26643	11
22	26644	11
22	26645	11
22	26646	11
22	26647	11
22	26648	11
22	26649	11
22	26650	11
22	26651	11
22	26652	11
22	26653	11
22	26654	11
22	26655	11
22	26656	12
22	26657	12
22	26658	12
22	26659	12
22	26660	12
22	26661	12
22	26662	12
22	26663	12
22	26664	13
22	26665	13
22	26666	13
22	26667	13
22	26668	13
22	26669	13
22	26670	13
22	26671	13
22	26672	13
22	26673	13
22	26674	13
22	26675	13
22	26676	13
22	26677	13
22	26678	13
22	26679	13
22	26680	13
22	26681	13
22	26682	13
22	26683	12
22	26684	12
22	26685	12
22	26686	12
22	26687	12
22	26688	12
22	26689	12
22	26690	11
22	26691	11
22	26692	12
22	26693	12
22	26694	12
22	26695	12
22	26696	12
22	26697	12
22	26698	12
22	26699	12
22	26700	11
22	26701	9
22	26702	9
22	26703	9
22	26704	9
22	26705	9
22	26706	9
22	26707	9
22	26708	9
22	26709	9
22	26710	9
22	26711	8
22	26712	8
22	26713	10
22	26714	10
22	26715	10
22	26716	10
22	26717	10
22	26718	12
22	26719	12
22	26720	12
22	26721	12
22	26722	11
22	26723	11
22	26724	11
22	26725	9
22	26726	9
22	26727	9
22	26728	8
22	26729	9
22	26730	9
22	26731	9
22	26732	9
22	26733	10
22	26734	10
22	26735	10
22	26736	10
22	26737	10
22	26738	10
22	26739	10
22	26740	10
22	26741	10
22	26742	10
22	26743	10
22	26744	10
22	26745	10
22	26746	11
22	26747	11
22	26748	11
22	26749	11
22	26750	11
22	26751	11
22	26752	11
22	26753	11
22	26754	11
22	26755	11
22	26756	11
22	26757	12
22	26758	11
22	26759	11
22	26760	11
22	26761	11
22	26762	11
22	26763	11
22	26764	12
22	26765	11
22	26766	11
22	26767	11
22	26768	11
22	26769	11
22	26770	11
22	26771	11
22	26772	11
22	26773	11
22	26774	11
22	26775	11
22	26776	11
22	26777	11
22	26778	11
22	26779	13
22	26780	13
22	26781	13
22	26782	13
22	26783	13
22	26784	13
22	26785	13
22	26786	13
22	26787	13
22	26788	13
22	26789	13
22	26790	13
22	26791	13
22	26792	13
22	26793	13
22	26794	13
22	26795	13
22	26796	13
22	26797	13
22	26798	13
22	26799	13
22	26800	13
22	26801	13
22	26802	13
22	26803	13
22	26804	13
22	26805	13
22	26806	12
22	26807	12
22	26808	12
22	26809	12
22	26810	12
22	26811	12
22	26812	12
22	26813	11
22	26814	11
22	26815	11
22	26816	11
22	26817	11
22	26818	11
22	26819	11
22	26820	11
22	26821	11
22	26822	11
22	26823	11
22	26824	11
22	26825	11
22	26826	11
22	26827	11
22	26828	11
22	26829	9
22	26830	11
22	26831	11
22	26832	11
22	26833	11
22	26834	11
22	26835	11
22	26836	11
22	26837	11
22	26838	11
22	26839	11
22	26840	11
22	26841	11
22	26842	10
22	26843	10
22	26844	10
22	26845	10
22	26846	10
22	26847	10
22	26848	10
22	26849	10
22	26850	10
22	26851	11
22	26852	11
22	26853	11
22	26854	11
22	26855	11
22	26856	11
22	26857	11
22	26858	11
22	26859	11
22	26860	11
22	26861	11
22	26862	11
22	26863	9
22	26864	9
22	26865	9
22	26866	9
22	26867	8
22	26868	8
22	26869	7
22	26870	7
22	26871	8
22	26872	8
22	26873	8
22	26874	8
22	26875	8
22	26876	8
22	26877	8
22	26878	8
22	26879	8
22	26880	8
22	26881	8
22	26882	8
22	26883	8
22	26884	7
22	26885	7
22	26886	7
22	26887	7
22	26888	7
22	26889	7
22	26890	7
22	26891	7
22	26892	7
22	26893	7
22	26894	7
22	26895	6
22	26896	6
22	26897	6
22	26898	6
22	26899	6
22	26900	6
22	26901	6
22	26902	6
22	26903	6
22	26904	6
22	26905	6
22	26906	6
22	26907	5
22	26908	5
22	26909	5
22	26910	6
22	26911	6
22	26912	6
22	26913	6
22	26914	5
22	26915	5
22	26916	5
22	26917	6
22	26918	6
22	26919	6
22	26920	6
22	26921	6
22	26922	6
22	26923	6
22	26924	6
22	26925	6
22	26926	6
22	26927	6
22	26928	4
22	26929	4
22	26930	5
22	26931	5
22	26932	5
22	26933	5
22	26934	5
22	26935	5
22	26936	5
22	26937	5
22	26938	5
22	26939	5
22	26940	6
22	26941	6
22	26942	6
22	26943	6
22	26944	6
22	26945	6
22	26946	6
22	26947	6
22	26948	6
22	26949	6
22	26950	6
22	26951	6
22	26952	6
22	26953	6
22	26954	6
22	26955	6
22	26956	6
22	26957	6
22	26958	6
22	26959	6
22	26960	6
22	26961	6
22	26962	6
22	26963	7
22	26964	7
22	26965	7
22	26966	7
22	26967	7
22	26968	7
22	26969	7
22	26970	7
22	26971	7
22	26972	7
22	26973	7
22	26974	7
22	26975	7
22	26976	7
22	26977	7
22	26978	7
22	26979	7
22	26980	8
22	26981	8
22	26982	8
22	26983	8
22	26984	8
22	26985	8
22	26986	9
22	26987	9
22	26988	9
22	26989	9
22	26990	9
22	26991	9
22	26992	9
22	26993	9
22	26994	9
22	26995	9
22	26996	9
22	26997	9
22	26998	8
22	26999	8
22	27000	8
22	27001	8
22	27002	8
22	27003	8
22	27004	8
22	27005	8
22	27006	8
22	27007	8
22	27008	8
22	27009	8
22	27010	8
22	27011	8
22	27012	8
22	27013	8
22	27014	8
22	27015	8
22	27016	8
22	27017	8
22	27018	8
22	27019	8
22	27020	8
22	27021	7
22	27022	8
22	27023	8
22	27024	8
22	27025	8
22	27026	8
22	27027	8
22	27028	8
22	27029	8
22	27030	8
22	27031	8
22	27032	8
22	27033	8
22	27034	8
22	27035	8
22	27036	8
22	27037	8
22	27038	8
22	27039	8
22	27040	8
22	27041	8
22	27042	8
22	27043	8
22	27044	8
22	27045	8
22	27046	8
22	27047	8
22	27048	8
22	27049	8
22	27050	8
22	27051	8
22	27052	8
22	27053	8
22	27054	8
22	27055	8
22	27056	8
22	27057	8
22	27058	8
22	27059	8
22	27060	7
22	27061	7
22	27062	7
22	27063	7
22	27064	9
22	27065	9
22	27066	9
22	27067	8
22	27068	8
22	27069	9
22	27070	9
22	27071	9
22	27072	9
22	27073	9
22	27074	9
22	27075	9
22	27076	9
22	27077	9
22	27078	9
22	27079	9
22	27080	8
22	27081	8
22	27082	8
22	27083	8
22	27084	8
22	27085	8
22	27086	8
22	27087	8
22	27088	8
22	27089	8
22	27090	7
22	27091	7
22	27092	7
22	27093	7
22	27094	7
22	27095	7
22	27096	7
22	27097	7
22	27098	7
22	27099	8
22	27100	8
22	27101	8
22	27102	8
22	27103	8
22	27104	8
22	27105	8
22	27106	8
22	27107	8
22	27108	8
22	27109	8
22	27110	8
22	27111	8
22	27112	7
22	27113	7
22	27114	7
22	27115	7
22	27116	7
22	27117	7
22	27118	7
22	27119	7
22	27120	7
22	27121	8
22	27122	8
22	27123	8
22	27124	8
22	27125	8
22	27126	8
22	27127	8
22	27128	8
22	27129	8
22	27130	7
22	27131	7
22	27132	7
22	27133	7
22	27134	7
22	27135	6
22	27136	6
22	27137	6
22	27138	6
22	27139	6
22	27140	6
22	27141	6
22	27142	6
22	27143	7
22	27144	7
22	27145	7
22	27146	7
22	27147	7
22	27148	7
22	27149	7
22	27150	7
22	27151	7
22	27152	7
22	27153	7
22	27154	7
22	27155	7
22	27156	7
22	27157	7
22	27158	7
22	27159	7
22	27160	7
22	27161	7
22	27162	7
22	27163	7
22	27164	7
22	27165	7
22	27166	7
22	27167	7
22	27168	7
22	27169	7
22	27170	6
22	27171	6
22	27172	6
22	27173	6
22	27174	6
22	27175	6
22	27176	6
22	27177	6
22	27178	6
22	27179	6
22	27180	6
22	27181	6
22	27182	6
22	27183	6
22	27184	6
22	27185	6
22	27186	6
22	27187	6
22	27188	6
22	27189	6
22	27190	6
22	27191	6
22	27192	6
22	27193	6
22	27194	6
22	27195	6
22	27196	6
22	27197	6
22	27198	6
22	27199	6
22	27200	6
22	27201	6
22	27202	6
22	27203	6
22	27204	6
22	27205	6
22	27206	6
22	27207	6
22	27208	6
22	27209	6
22	27210	6
22	27211	6
22	27212	6
22	27213	6
22	27214	3
22	27215	4
22	27216	4
22	27217	4
22	27218	4
22	27219	3
22	27220	3
22	27221	3
22	27222	3
22	27223	3
22	27224	3
22	27225	3
22	27226	3
22	27227	3
22	27228	3
22	27229	3
22	27230	3
22	27231	3
22	27232	3
22	27233	3
22	27234	3
22	27235	3
22	27236	3
22	27237	3
22	27238	3
22	27239	3
22	27240	3
22	27241	3
22	27242	3
22	27243	3
22	27244	3
22	27245	3
22	27246	3
22	27247	3
22	27248	3
22	27249	2
22	27250	2
22	27251	2
22	27252	2
22	27253	2
22	27254	2
22	27255	2
22	27256	2
22	27257	2
22	27258	2
22	27259	2
22	27260	2
22	27261	2
22	27262	2
22	27263	3
22	27264	3
22	27265	3
22	27266	3
22	27267	4
22	27268	4
22	27269	4
22	27270	6
22	27271	6
22	27272	6
22	27273	6
22	27274	6
22	27275	6
22	27276	6
22	27277	6
22	27278	6
22	27279	6
22	27280	8
22	27281	8
22	27282	8
22	27283	8
22	27284	8
22	27285	8
22	27286	8
22	27287	8
22	27288	8
22	27289	10
22	27290	10
22	27291	10
22	27292	10
22	27293	10
22	27294	9
22	27295	9
22	27296	9
22	27297	9
22	27298	9
22	27299	9
22	27300	9
22	27301	9
22	27302	9
22	27303	9
22	27304	9
22	27305	9
22	27306	9
22	27307	9
22	27308	9
22	27309	9
22	27310	9
22	27311	9
22	27312	9
22	27313	9
22	27314	9
22	27315	9
22	27316	9
22	27317	9
22	27318	9
22	27319	9
22	27320	9
22	27321	9
22	27322	9
22	27323	9
22	27324	9
22	27325	9
22	27326	10
22	27327	10
22	27328	10
22	27329	10
22	27330	10
22	27331	10
22	27332	10
22	27333	10
22	27334	10
22	27335	10
22	27336	10
22	27337	10
22	27338	10
22	27339	10
22	27340	10
22	27341	10
22	27342	10
22	27343	10
22	27344	10
22	27345	10
22	27346	10
22	27347	10
22	27348	10
22	27349	10
22	27350	11
22	27351	14
22	27352	15
22	27353	15
22	27354	15
22	27355	15
22	27356	15
22	27357	15
22	27358	15
22	27359	15
22	27360	15
22	27361	15
22	27362	15
22	27363	15
22	27364	15
22	27365	15
22	27366	15
22	27367	15
22	27368	15
22	27369	15
22	27370	15
22	27371	15
22	27372	16
22	27373	16
22	27374	16
22	27375	16
22	27376	16
22	27377	16
22	27378	16
22	27379	16
22	27380	16
22	27381	16
22	27382	16
22	27383	16
22	27384	16
22	27385	16
22	27386	16
22	27387	16
22	27388	16
22	27389	16
22	27390	14
22	27391	16
22	27392	16
22	27393	16
22	27394	16
22	27395	16
22	27396	16
22	27397	16
22	27398	16
22	27399	14
22	27400	14
22	27401	14
22	27402	14
22	27403	14
22	27404	14
22	27405	14
22	27406	14
22	27407	14
22	27408	14
22	27409	14
22	27410	14
22	27411	15
22	27412	15
22	27413	15
22	27414	14
22	27415	14
22	27416	14
22	27417	13
22	27418	13
22	27419	13
22	27420	10
22	27421	13
22	27422	13
22	27423	13
22	27424	13
22	27425	13
22	27426	13
22	27427	14
22	27428	14
22	27429	14
22	27430	12
22	27431	12
22	27432	12
22	27433	12
22	27434	12
22	27435	12
22	27436	12
22	27437	12
22	27438	12
22	27439	12
22	27440	12
22	27441	12
22	27442	12
22	27443	12
22	27444	12
22	27445	12
22	27446	12
22	27447	12
22	27448	12
22	27449	12
22	27450	12
22	27451	12
22	27452	12
22	27453	12
22	27454	12
22	27455	12
22	27456	12
22	27457	12
22	27458	12
22	27459	12
22	27460	14
22	27461	15
22	27462	15
22	27463	15
22	27464	15
22	27465	15
22	27466	15
22	27467	15
22	27468	15
22	27469	15
22	27470	15
22	27471	15
22	27472	15
22	27473	15
22	27474	15
22	27475	14
22	27476	14
22	27477	14
22	27478	14
22	27479	15
22	27480	16
22	27481	17
22	27482	17
22	27483	17
22	27484	17
22	27485	17
22	27486	17
22	27487	17
22	27488	17
22	27489	17
22	27490	17
22	27491	17
22	27492	18
22	27493	18
22	27494	18
22	27495	18
22	27496	18
22	27497	18
22	27498	18
22	27499	18
22	27500	17
22	27501	14
22	27502	15
22	27503	15
22	27504	15
22	27505	15
22	27506	15
22	27507	15
22	27508	15
22	27509	15
22	27510	15
22	27511	15
22	27512	15
22	27513	16
22	27514	16
22	27515	16
22	27516	16
22	27517	16
22	27518	16
22	27519	16
22	27520	16
22	27521	15
22	27522	15
22	27523	15
22	27524	15
22	27525	15
22	27526	15
22	27527	15
22	27528	15
22	27529	15
22	27530	15
22	27531	15
22	27532	15
22	27533	15
22	27534	15
22	27535	15
22	27536	15
22	27537	15
22	27538	15
22	27539	15
22	27540	15
22	27541	15
22	27542	16
22	27543	16
22	27544	17
22	27545	17
22	27546	17
22	27547	17
22	27548	17
22	27549	17
22	27550	17
22	27551	17
22	27552	17
22	27553	17
22	27554	17
22	27555	17
22	27556	17
22	27557	17
22	27558	17
22	27559	17
22	27560	17
22	27561	16
22	27562	16
22	27563	16
22	27564	16
22	27565	16
22	27566	16
22	27567	16
22	27568	16
22	27569	16
22	27570	16
22	27571	13
22	27572	13
22	27573	13
22	27574	13
22	27575	13
22	27576	13
22	27577	12
22	27578	13
22	27579	13
22	27580	13
22	27581	13
22	27582	13
22	27583	13
22	27584	13
22	27585	13
22	27586	13
22	27587	13
22	27588	13
22	27589	13
22	27590	13
22	27591	13
22	27592	13
22	27593	13
22	27594	13
22	27595	13
22	27596	13
22	27597	13
22	27598	13
22	27599	13
22	27600	13
22	27601	16
22	27602	16
22	27603	16
22	27604	16
22	27605	16
22	27606	16
22	27607	16
22	27608	16
22	27609	14
22	27610	13
22	27611	13
22	27612	13
22	27613	13
22	27614	13
22	27615	13
22	27616	13
22	27617	13
22	27618	13
22	27619	13
22	27620	13
22	27621	14
22	27622	14
22	27623	14
22	27624	14
22	27625	14
22	27626	14
22	27627	14
22	27628	13
22	27629	13
22	27630	12
22	27631	12
22	27632	12
22	27633	12
22	27634	12
22	27635	12
22	27636	12
22	27637	12
22	27638	12
22	27639	12
22	27640	12
22	27641	11
22	27642	11
22	27643	12
22	27644	12
22	27645	13
22	27646	13
22	27647	13
22	27648	13
22	27649	13
22	27650	13
22	27651	13
22	27652	11
22	27653	11
22	27654	11
22	27655	11
22	27656	11
22	27657	11
22	27658	11
22	27659	11
22	27660	11
22	27661	11
22	27662	13
22	27663	12
22	27664	12
22	27665	12
22	27666	12
22	27667	12
22	27668	12
22	27669	12
22	27670	12
22	27671	12
22	27672	12
22	27673	12
22	27674	12
22	27675	12
22	27676	12
22	27677	12
22	27678	12
22	27679	12
22	27680	12
22	27681	12
22	27682	12
22	27683	12
22	27684	12
22	27685	12
22	27686	12
22	27687	12
22	27688	12
22	27689	12
22	27690	12
22	27691	12
22	27692	11
22	27693	11
22	27694	10
22	27695	10
22	27696	10
22	27697	10
22	27698	10
22	27699	10
22	27700	10
22	27701	10
22	27702	10
22	27703	11
22	27704	12
22	27705	12
22	27706	13
22	27707	13
22	27708	13
22	27709	13
22	27710	13
22	27711	13
22	27712	13
22	27713	13
22	27714	13
22	27715	13
22	27716	13
22	27717	13
22	27718	13
22	27719	13
22	27720	13
22	27721	13
22	27722	13
22	27723	14
22	27724	14
22	27725	14
22	27726	13
22	27727	13
22	27728	13
22	27729	13
22	27730	13
22	27731	13
22	27732	13
22	27733	13
22	27734	13
22	27735	13
22	27736	13
22	27737	13
22	27738	13
22	27739	13
22	27740	13
22	27741	13
22	27742	13
22	27743	13
22	27744	13
22	27745	13
22	27746	13
22	27747	13
22	27748	13
22	27749	13
22	27750	13
22	27751	10
22	27752	10
22	27753	10
22	27754	10
22	27755	10
22	27756	10
22	27757	10
22	27758	10
22	27759	10
22	27760	11
22	27761	11
22	27762	11
22	27763	11
22	27764	11
22	27765	11
22	27766	11
22	27767	11
22	27768	11
22	27769	10
22	27770	11
22	27771	11
22	27772	11
22	27773	11
22	27774	11
22	27775	11
22	27776	11
22	27777	11
22	27778	11
22	27779	11
22	27780	11
22	27781	10
22	27782	10
22	27783	10
22	27784	10
22	27785	10
22	27786	10
22	27787	10
22	27788	10
22	27789	10
22	27790	10
22	27791	10
22	27792	10
22	27793	9
22	27794	9
22	27795	8
22	27796	8
22	27797	8
22	27798	8
22	27799	8
22	27800	9
22	27801	9
22	27802	9
22	27803	9
22	27804	9
22	27805	9
22	27806	9
22	27807	8
22	27808	8
22	27809	7
22	27810	7
22	27811	7
22	27812	7
22	27813	7
22	27814	7
22	27815	7
22	27816	7
22	27817	7
22	27818	7
22	27819	7
22	27820	7
22	27821	7
22	27822	7
22	27823	7
22	27824	7
22	27825	7
22	27826	7
22	27827	7
22	27828	7
22	27829	7
22	27830	8
22	27831	8
22	27832	8
22	27833	8
22	27834	8
22	27835	8
22	27836	8
22	27837	8
22	27838	9
22	27839	9
22	27840	9
22	27841	9
22	27842	9
22	27843	9
22	27844	9
22	27845	10
22	27846	10
22	27847	10
22	27848	10
22	27849	10
22	27850	10
22	27851	8
22	27852	8
22	27853	8
22	27854	8
22	27855	8
22	27856	7
22	27857	7
22	27858	7
22	27859	7
22	27860	7
22	27861	7
22	27862	7
22	27863	7
22	27864	7
22	27865	7
22	27866	7
22	27867	7
22	27868	7
22	27869	7
22	27870	7
22	27871	9
22	27872	9
22	27873	8
22	27874	8
22	27875	8
22	27876	8
22	27877	8
22	27878	8
22	27879	8
22	27880	8
22	27881	8
22	27882	9
22	27883	11
22	27884	11
22	27885	11
22	27886	11
22	27887	11
22	27888	11
22	27889	11
22	27890	11
22	27891	11
22	27892	11
22	27893	11
22	27894	11
22	27895	11
22	27896	11
22	27897	11
22	27898	11
22	27899	11
22	27900	11
22	27901	12
22	27902	12
22	27903	12
22	27904	12
22	27905	12
22	27906	12
22	27907	12
22	27908	12
22	27909	12
22	27910	11
22	27911	11
22	27912	11
22	27913	11
22	27914	11
22	27915	11
22	27916	11
22	27917	11
22	27918	11
22	27919	11
22	27920	10
22	27921	10
22	27922	10
22	27923	10
22	27924	10
22	27925	10
22	27926	10
22	27927	10
22	27928	10
22	27929	10
22	27930	10
22	27931	10
22	27932	10
22	27933	10
22	27934	10
22	27935	10
22	27936	10
22	27937	10
22	27938	10
22	27939	10
22	27940	10
22	27941	10
22	27942	10
22	27943	10
22	27944	10
22	27945	10
22	27946	10
22	27947	9
22	27948	9
22	27949	9
22	27950	9
22	27951	9
22	27952	9
22	27953	9
22	27954	9
22	27955	9
22	27956	9
22	27957	9
22	27958	9
22	27959	9
22	27960	9
22	27961	9
22	27962	9
22	27963	9
22	27964	9
22	27965	9
22	27966	9
22	27967	9
22	27968	9
22	27969	9
22	27970	9
22	27971	9
22	27972	9
22	27973	9
22	27974	9
22	27975	9
22	27976	9
22	27977	9
22	27978	9
22	27979	8
22	27980	8
22	27981	8
22	27982	8
22	27983	8
22	27984	8
22	27985	7
22	27986	7
22	27987	7
22	27988	7
22	27989	7
22	27990	7
22	27991	7
22	27992	7
22	27993	7
22	27994	9
22	27995	8
22	27996	8
22	27997	8
22	27998	8
22	27999	8
22	28000	8
22	28001	8
22	28002	8
22	28003	8
22	28004	8
22	28005	8
22	28006	8
22	28007	8
22	28008	8
22	28009	9
22	28010	9
22	28011	9
22	28012	9
22	28013	9
22	28014	9
22	28015	9
22	28016	9
22	28017	9
22	28018	9
22	28019	9
22	28020	9
22	28021	7
22	28022	7
22	28023	7
22	28024	7
22	28025	7
22	28026	7
22	28027	7
22	28028	7
22	28029	7
22	28030	7
22	28031	7
22	28032	6
22	28033	4
22	28034	4
22	28035	4
22	28036	4
22	28037	4
22	28038	4
22	28039	4
22	28040	4
22	28041	4
22	28042	4
22	28043	4
22	28044	4
22	28045	4
22	28046	4
22	28047	4
22	28048	4
22	28049	4
22	28050	4
22	28051	3
22	28052	3
22	28053	3
22	28054	3
22	28055	3
22	28056	3
22	28057	3
22	28058	3
22	28059	3
22	28060	3
22	28061	3
22	28062	3
22	28063	3
22	28064	3
22	28065	3
22	28066	3
22	28067	3
22	28068	3
22	28069	3
22	28070	3
22	28071	3
22	28072	3
22	28073	3
22	28074	3
22	28075	3
22	28076	3
22	28077	3
22	28078	3
22	28079	3
22	28080	3
22	28081	3
22	28082	5
22	28083	5
22	28084	5
22	28085	5
22	28086	5
22	28087	5
22	28088	5
22	28089	5
22	28090	5
22	28091	6
22	28092	6
22	28093	7
22	28094	7
22	28095	7
22	28096	7
22	28097	7
22	28098	7
22	28099	8
22	28100	8
22	28101	8
22	28102	8
22	28103	8
22	28104	8
22	28105	9
22	28106	9
22	28107	9
22	28108	9
22	28109	9
22	28110	9
22	28111	9
22	28112	9
22	28113	9
22	28114	9
22	28115	9
22	28116	9
22	28117	9
22	28118	9
22	28119	9
22	28120	11
22	28121	11
22	28122	11
22	28123	11
22	28124	11
22	28125	11
22	28126	11
22	28127	11
22	28128	11
22	28129	11
22	28130	11
22	28131	12
22	28132	12
22	28133	12
22	28134	12
22	28135	12
22	28136	12
22	28137	12
22	28138	12
22	28139	12
22	28140	12
22	28141	12
22	28142	10
22	28143	10
22	28144	10
22	28145	10
22	28146	10
22	28147	10
22	28148	10
22	28149	10
22	28150	10
22	28151	10
22	28152	10
22	28153	10
22	28154	10
22	28155	10
22	28156	10
22	28157	10
22	28158	9
22	28159	9
22	28160	9
22	28161	9
22	28162	9
22	28163	9
22	28164	9
22	28165	9
22	28166	9
22	28167	9
22	28168	9
22	28169	9
22	28170	9
22	28171	9
22	28172	9
22	28173	10
22	28174	10
22	28175	10
22	28176	10
22	28177	10
22	28178	10
22	28179	10
22	28180	10
22	28181	10
22	28182	10
22	28183	10
22	28184	10
22	28185	10
22	28186	10
22	28187	10
22	28188	10
22	28189	10
22	28190	10
22	28191	10
22	28192	10
22	28193	10
22	28194	10
22	28195	10
22	28196	10
22	28197	11
22	28198	11
22	28199	11
22	28200	11
22	28201	11
22	28202	11
22	28203	11
22	28204	11
22	28205	11
22	28206	11
22	28207	11
22	28208	11
22	28209	11
22	28210	11
22	28211	11
22	28212	11
22	28213	11
22	28214	11
22	28215	11
22	28216	11
22	28217	11
22	28218	11
22	28219	11
22	28220	11
22	28221	11
22	28222	11
22	28223	11
22	28224	11
22	28225	11
22	28226	11
22	28227	11
22	28228	11
22	28229	11
22	28230	11
22	28231	10
22	28232	9
22	28233	9
22	28234	9
22	28235	9
22	28236	9
22	28237	9
22	28238	9
22	28239	9
22	28240	9
22	28241	8
22	28242	8
22	28243	7
22	28244	7
22	28245	7
22	28246	7
22	28247	7
22	28248	6
22	28249	6
22	28250	6
22	28251	6
22	28252	6
22	28253	6
22	28254	6
22	28255	5
22	28256	5
22	28257	5
22	28258	5
22	28259	5
22	28260	5
22	28261	5
22	28262	5
22	28263	5
22	28264	7
22	28265	7
22	28266	7
22	28267	7
22	28268	7
22	28269	5
22	28270	5
22	28271	5
22	28272	5
22	28273	5
22	28274	5
22	28275	5
22	28276	5
22	28277	5
22	28278	5
22	28279	5
22	28280	5
22	28281	4
22	28282	4
22	28283	4
22	28284	4
22	28285	4
22	28286	4
22	28287	4
22	28288	4
22	28289	4
22	28290	4
22	28291	4
22	28292	4
22	28293	4
22	28294	4
22	28295	4
22	28296	4
22	28297	5
22	28298	5
22	28299	5
22	28300	5
22	28301	5
22	28302	5
22	28303	5
22	28304	5
22	28305	5
22	28306	5
22	28307	5
22	28308	5
22	28309	5
22	28310	5
22	28311	5
22	28312	5
22	28313	5
22	28314	6
22	28315	6
22	28316	6
22	28317	6
22	28318	6
22	28319	6
22	28320	6
22	28321	7
22	28322	7
22	28323	6
22	28324	6
22	28325	6
22	28326	6
22	28327	6
22	28328	6
22	28329	6
22	28330	6
22	28331	6
22	28332	6
22	28333	6
22	28334	6
22	28335	6
22	28336	6
22	28337	6
22	28338	6
22	28339	6
22	28340	6
22	28341	6
22	28342	6
22	28343	6
22	28344	6
22	28345	5
22	28346	5
22	28347	5
22	28348	5
22	28349	5
22	28350	5
22	28351	5
22	28352	5
22	28353	5
22	28354	5
22	28355	5
22	28356	5
22	28357	5
22	28358	5
22	28359	5
22	28360	5
22	28361	5
22	28362	5
22	28363	5
22	28364	5
22	28365	5
22	28366	5
22	28367	5
22	28368	5
22	28369	5
22	28370	5
22	28371	5
22	28372	5
22	28373	5
22	28374	5
22	28375	5
22	28376	5
22	28377	5
22	28378	5
22	28379	5
22	28380	5
22	28381	5
22	28382	5
22	28383	5
22	28384	5
22	28385	5
22	28386	5
22	28387	5
22	28388	6
22	28389	6
22	28390	6
22	28391	6
22	28392	6
22	28393	6
22	28394	6
22	28395	6
22	28396	6
22	28397	6
22	28398	6
22	28399	6
22	28400	6
22	28401	6
22	28402	6
22	28403	6
22	28404	6
22	28405	6
22	28406	6
22	28407	6
22	28408	6
22	28409	6
22	28410	6
22	28411	6
22	28412	6
22	28413	5
22	28414	5
22	28415	5
22	28416	5
22	28417	5
22	28418	5
22	28419	5
22	28420	5
22	28421	5
22	28422	5
22	28423	6
22	28424	6
22	28425	6
22	28426	6
22	28427	6
22	28428	6
22	28429	6
22	28430	6
22	28431	6
22	28432	6
22	28433	6
22	28434	6
22	28435	6
22	28436	6
22	28437	7
22	28438	7
22	28439	7
22	28440	7
22	28441	7
22	28442	7
22	28443	7
22	28444	7
22	28445	7
22	28446	7
22	28447	6
22	28448	6
22	28449	6
22	28450	6
22	28451	6
22	28452	6
22	28453	6
22	28454	6
22	28455	6
22	28456	6
22	28457	8
22	28458	8
22	28459	8
22	28460	8
22	28461	8
22	28462	7
22	28463	7
22	28464	8
22	28465	8
22	28466	8
22	28467	8
22	28468	8
22	28469	8
22	28470	8
22	28471	7
22	28472	7
22	28473	7
22	28474	7
22	28475	7
22	28476	7
22	28477	7
22	28478	7
22	28479	7
22	28480	7
22	28481	7
22	28482	7
22	28483	7
22	28484	7
22	28485	7
22	28486	7
22	28487	7
22	28488	7
22	28489	7
22	28490	7
22	28491	7
22	28492	7
22	28493	7
22	28494	7
22	28495	7
22	28496	7
22	28497	7
22	28498	7
22	28499	7
22	28500	7
22	28501	7
22	28502	7
22	28503	7
22	28504	7
22	28505	7
22	28506	7
22	28507	7
22	28508	7
22	28509	7
22	28510	7
22	28511	7
22	28512	7
22	28513	7
22	28514	7
22	28515	7
22	28516	7
22	28517	7
22	28518	6
22	28519	6
22	28520	6
22	28521	6
22	28522	6
22	28523	6
22	28524	6
22	28525	6
22	28526	6
22	28527	6
22	28528	6
22	28529	6
22	28530	6
22	28531	6
22	28532	6
22	28533	6
22	28534	6
22	28535	6
22	28536	6
22	28537	6
22	28538	5
22	28539	5
22	28540	5
22	28541	5
22	28542	5
22	28543	6
22	28544	6
22	28545	6
22	28546	6
22	28547	6
22	28548	6
22	28549	6
22	28550	6
22	28551	6
22	28552	6
22	28553	6
22	28554	6
22	28555	6
22	28556	6
22	28557	6
22	28558	6
22	28559	6
22	28560	6
22	28561	6
22	28562	6
22	28563	5
22	28564	5
22	28565	5
22	28566	5
22	28567	5
22	28568	5
22	28569	5
22	28570	5
22	28571	5
22	28572	4
22	28573	4
22	28574	6
22	28575	6
22	28576	6
22	28577	6
22	28578	7
22	28579	7
22	28580	7
22	28581	7
22	28582	7
22	28583	7
22	28584	7
22	28585	7
22	28586	7
22	28587	7
22	28588	7
22	28589	7
22	28590	7
22	28591	7
22	28592	7
22	28593	7
22	28594	7
22	28595	7
22	28596	7
22	28597	7
22	28598	7
22	28599	7
22	28600	7
22	28601	7
22	28602	7
22	28603	7
22	28604	7
22	28605	10
22	28606	10
22	28607	8
22	28608	8
22	28609	8
22	28610	8
22	28611	8
22	28612	8
22	28613	8
22	28614	7
22	28615	7
22	28616	7
22	28617	7
22	28618	7
22	28619	7
22	28620	7
22	28621	7
22	28622	7
22	28623	7
22	28624	7
22	28625	7
22	28626	7
22	28627	7
22	28628	7
22	28629	7
22	28630	7
22	28631	7
22	28632	8
22	28633	8
22	28634	8
22	28635	8
22	28636	8
22	28637	8
22	28638	8
22	28639	8
22	28640	8
22	28641	8
22	28642	8
22	28643	8
22	28644	8
22	28645	8
22	28646	8
22	28647	8
22	28648	8
22	28649	8
22	28650	8
22	28651	8
22	28652	8
22	28653	8
22	28654	8
22	28655	8
22	28656	8
22	28657	8
22	28658	9
22	28659	9
22	28660	9
22	28661	9
22	28662	9
22	28663	9
22	28664	9
22	28665	9
22	28666	9
22	28667	9
22	28668	10
22	28669	10
22	28670	10
22	28671	10
22	28672	10
22	28673	10
22	28674	10
22	28675	10
22	28676	10
22	28677	10
22	28678	10
22	28679	10
22	28680	10
22	28681	10
22	28682	10
22	28683	10
22	28684	10
22	28685	10
22	28686	10
22	28687	10
22	28688	10
22	28689	10
22	28690	10
22	28691	10
22	28692	10
22	28693	9
22	28694	9
22	28695	11
22	28696	11
22	28697	11
22	28698	11
22	28699	11
22	28700	11
22	28701	11
22	28702	11
22	28703	11
22	28704	11
22	28705	11
22	28706	11
22	28707	11
22	28708	11
22	28709	11
22	28710	11
22	28711	11
22	28712	11
22	28713	11
22	28714	11
22	28715	11
22	28716	11
22	28717	11
22	28718	11
22	28719	11
22	28720	11
22	28721	11
22	28722	12
22	28723	13
22	28724	11
22	28725	11
22	28726	11
22	28727	11
22	28728	10
22	28729	10
22	28730	10
22	28731	10
22	28732	10
22	28733	10
22	28734	10
22	28735	10
22	28736	12
22	28737	12
22	28738	12
22	28739	12
22	28740	12
22	28741	12
22	28742	12
22	28743	12
22	28744	13
22	28745	13
22	28746	13
22	28747	15
22	28748	15
22	28749	15
22	28750	15
22	28751	15
22	28752	15
22	28753	15
22	28754	15
22	28755	12
22	28756	12
22	28757	12
22	28758	12
22	28759	12
22	28760	12
22	28761	12
22	28762	12
22	28763	12
22	28764	12
22	28765	12
22	28766	12
22	28767	12
22	28768	12
22	28769	12
22	28770	12
22	28771	12
22	28772	12
22	28773	12
22	28774	12
22	28775	12
22	28776	12
22	28777	12
22	28778	12
22	28779	12
22	28780	12
22	28781	11
22	28782	11
22	28783	11
22	28784	12
22	28785	12
22	28786	12
22	28787	12
22	28788	12
22	28789	12
22	28790	12
22	28791	13
22	28792	13
22	28793	14
22	28794	14
22	28795	14
22	28796	14
22	28797	14
22	28798	14
22	28799	14
22	28800	14
22	28801	14
22	28802	14
22	28803	14
22	28804	14
22	28805	14
22	28806	14
22	28807	14
22	28808	13
22	28809	13
22	28810	13
22	28811	13
22	28812	13
22	28813	13
22	28814	13
22	28815	13
22	28816	13
22	28817	13
22	28818	12
22	28819	12
22	28820	12
22	28821	12
22	28822	12
22	28823	12
22	28824	12
22	28825	12
22	28826	12
22	28827	12
22	28828	12
22	28829	12
22	28830	12
22	28831	12
22	28832	12
22	28833	12
22	28834	12
22	28835	12
22	28836	12
22	28837	12
22	28838	12
22	28839	12
22	28840	12
22	28841	12
22	28842	10
22	28843	10
22	28844	10
22	28845	10
22	28846	10
22	28847	10
22	28848	10
22	28849	10
22	28850	10
22	28851	10
22	28852	10
22	28853	10
22	28854	10
22	28855	10
22	28856	11
22	28857	11
22	28858	11
22	28859	11
22	28860	11
22	28861	11
22	28862	11
22	28863	12
22	28864	12
22	28865	12
22	28866	12
22	28867	12
22	28868	12
22	28869	12
22	28870	12
22	28871	11
22	28872	12
22	28873	12
22	28874	12
22	28875	12
22	28876	12
22	28877	12
22	28878	12
22	28879	12
22	28880	12
22	28881	12
22	28882	12
22	28883	12
22	28884	12
22	28885	12
22	28886	10
22	28887	11
22	28888	11
22	28889	11
22	28890	11
22	28891	11
22	28892	12
22	28893	12
22	28894	11
22	28895	11
22	28896	9
22	28897	9
22	28898	9
22	28899	9
22	28900	10
22	28901	10
22	28902	10
22	28903	10
22	28904	10
22	28905	10
22	28906	10
22	28907	11
22	28908	12
22	28909	12
22	28910	12
22	28911	12
22	28912	12
22	28913	12
22	28914	12
22	28915	12
22	28916	12
22	28917	12
22	28918	13
22	28919	14
22	28920	14
22	28921	14
22	28922	14
22	28923	14
22	28924	14
22	28925	14
22	28926	14
22	28927	14
22	28928	15
22	28929	15
22	28930	15
22	28931	15
22	28932	17
22	28933	17
22	28934	16
22	28935	16
22	28936	16
22	28937	16
22	28938	16
22	28939	16
22	28940	16
22	28941	15
22	28942	15
22	28943	14
22	28944	14
22	28945	14
22	28946	14
22	28947	15
22	28948	15
22	28949	15
22	28950	15
22	28951	15
22	28952	16
22	28953	16
22	28954	16
22	28955	16
22	28956	16
22	28957	16
22	28958	16
22	28959	16
22	28960	17
22	28961	17
22	28962	17
22	28963	17
22	28964	17
22	28965	17
22	28966	17
22	28967	17
22	28968	17
22	28969	17
22	28970	17
22	28971	17
22	28972	17
22	28973	17
22	28974	17
22	28975	17
22	28976	17
22	28977	17
22	28978	17
22	28979	17
22	28980	17
22	28981	17
22	28982	17
22	28983	17
22	28984	17
22	28985	18
22	28986	18
22	28987	18
22	28988	18
22	28989	18
22	28990	20
22	28991	20
22	28992	20
22	28993	20
22	28994	20
22	28995	20
22	28996	20
22	28997	20
22	28998	20
22	28999	20
22	29000	20
22	29001	20
22	29002	20
22	29003	20
22	29004	20
22	29005	20
22	29006	19
22	29007	19
22	29008	19
22	29009	19
22	29010	19
22	29011	19
22	29012	19
22	29013	19
22	29014	19
22	29015	19
22	29016	19
22	29017	19
22	29018	19
22	29019	18
22	29020	18
22	29021	19
22	29022	18
22	29023	18
22	29024	18
22	29025	18
22	29026	18
22	29027	18
22	29028	18
22	29029	18
22	29030	18
22	29031	18
22	29032	18
22	29033	18
22	29034	18
22	29035	17
22	29036	18
22	29037	18
22	29038	18
22	29039	18
22	29040	18
22	29041	18
22	29042	18
22	29043	18
22	29044	18
22	29045	18
22	29046	18
22	29047	18
22	29048	19
22	29049	20
22	29050	19
22	29051	19
22	29052	19
22	29053	19
22	29054	19
22	29055	19
22	29056	18
22	29057	18
22	29058	17
22	29059	17
22	29060	17
22	29061	18
22	29062	18
22	29063	18
22	29064	18
22	29065	18
22	29066	18
22	29067	18
22	29068	16
22	29069	16
22	29070	17
22	29071	17
22	29072	17
22	29073	17
22	29074	17
22	29075	17
22	29076	17
22	29077	17
22	29078	16
22	29079	16
22	29080	16
22	29081	16
22	29082	15
22	29083	15
22	29084	15
22	29085	15
22	29086	15
22	29087	15
22	29088	15
22	29089	15
22	29090	15
22	29091	15
22	29092	15
22	29093	15
22	29094	15
22	29095	15
22	29096	14
22	29097	14
22	29098	15
22	29099	15
22	29100	15
22	29101	15
22	29102	14
22	29103	14
22	29104	15
22	29105	15
22	29106	16
22	29107	17
22	29108	17
22	29109	17
22	29110	16
22	29111	16
22	29112	16
22	29113	16
22	29114	16
22	29115	17
22	29116	18
22	29117	18
22	29118	18
22	29119	18
22	29120	18
22	29121	18
22	29122	18
22	29123	18
22	29124	18
22	29125	18
22	29126	20
22	29127	20
22	29128	20
22	29129	20
22	29130	20
22	29131	20
22	29132	20
22	29133	20
22	29134	20
22	29135	19
22	29136	19
22	29137	19
22	29138	19
22	29139	18
22	29140	17
22	29141	17
22	29142	17
22	29143	17
22	29144	17
22	29145	17
22	29146	17
22	29147	17
22	29148	17
22	29149	17
22	29150	19
22	29151	19
22	29152	20
22	29153	20
22	29154	21
22	29155	21
22	29156	21
22	29157	21
22	29158	21
22	29159	21
22	29160	21
22	29161	21
22	29162	20
22	29163	20
22	29164	20
22	29165	20
22	29166	20
22	29167	20
22	29168	20
22	29169	20
22	29170	20
22	29171	19
22	29172	19
22	29173	19
22	29174	19
22	29175	19
22	29176	19
22	29177	19
22	29178	19
22	29179	19
22	29180	19
22	29181	19
22	29182	19
22	29183	19
22	29184	19
22	29185	19
22	29186	18
22	29187	18
22	29188	18
22	29189	18
22	29190	18
22	29191	17
22	29192	17
22	29193	17
22	29194	17
22	29195	17
22	29196	16
22	29197	16
22	29198	16
22	29199	15
22	29200	15
22	29201	15
22	29202	15
22	29203	15
22	29204	15
22	29205	15
22	29206	15
22	29207	15
22	29208	15
22	29209	15
22	29210	15
22	29211	14
22	29212	14
22	29213	14
22	29214	14
22	29215	14
22	29216	14
22	29217	14
22	29218	14
22	29219	13
22	29220	13
22	29221	13
22	29222	13
22	29223	13
22	29224	13
22	29225	13
22	29226	13
22	29227	13
22	29228	13
22	29229	13
22	29230	13
22	29231	13
22	29232	12
22	29233	12
22	29234	12
22	29235	12
22	29236	13
22	29237	13
22	29238	13
22	29239	13
22	29240	13
22	29241	13
22	29242	13
22	29243	13
22	29244	13
22	29245	13
22	29246	13
22	29247	13
22	29248	13
22	29249	13
22	29250	13
22	29251	13
22	29252	13
22	29253	13
22	29254	12
22	29255	12
22	29256	11
22	29257	10
22	29258	10
22	29259	10
22	29260	10
22	29261	10
22	29262	10
22	29263	10
22	29264	10
22	29265	9
22	29266	8
22	29267	8
22	29268	8
22	29269	8
22	29270	9
22	29271	9
22	29272	9
22	29273	9
22	29274	9
22	29275	9
22	29276	7
22	29277	7
22	29278	7
22	29279	7
22	29280	7
22	29281	7
22	29282	7
22	29283	8
22	29284	8
22	29285	8
22	29286	8
22	29287	8
22	29288	8
22	29289	8
22	29290	9
22	29291	9
22	29292	9
22	29293	9
22	29294	9
22	29295	9
22	29296	9
22	29297	9
22	29298	9
22	29299	7
22	29300	7
22	29301	7
22	29302	6
22	29303	7
22	29304	6
22	29305	6
22	29306	6
22	29307	6
22	29308	6
22	29309	6
22	29310	6
22	29311	6
22	29312	6
22	29313	6
22	29314	6
22	29315	6
22	29316	6
22	29317	6
22	29318	6
22	29319	6
22	29320	6
22	29321	6
22	29322	6
22	29323	6
22	29324	6
22	29325	6
22	29326	6
22	29327	6
22	29328	6
22	29329	6
22	29330	7
22	29331	7
22	29332	7
22	29333	7
22	29334	7
22	29335	7
22	29336	7
22	29337	7
22	29338	7
22	29339	7
22	29340	7
22	29341	7
22	29342	7
22	29343	7
22	29344	7
22	29345	7
22	29346	7
22	29347	7
22	29348	7
22	29349	7
22	29350	7
22	29351	7
22	29352	7
22	29353	7
22	29354	7
22	29355	7
22	29356	7
22	29357	7
22	29358	7
22	29359	7
22	29360	7
22	29361	8
22	29362	8
22	29363	8
22	29364	8
22	29365	8
22	29366	8
22	29367	8
22	29368	8
22	29369	8
22	29370	8
22	29371	8
22	29372	8
22	29373	8
22	29374	8
22	29375	8
22	29376	8
22	29377	8
22	29378	8
22	29379	8
22	29380	8
22	29381	8
22	29382	8
22	29383	8
22	29384	8
22	29385	7
22	29386	7
22	29387	7
22	29388	7
22	29389	7
22	29390	7
22	29391	7
22	29392	8
22	29393	8
22	29394	8
22	29395	8
22	29396	8
22	29397	8
22	29398	7
22	29399	7
22	29400	7
22	29401	7
22	29402	9
22	29403	9
22	29404	9
22	29405	9
22	29406	9
22	29407	9
22	29408	9
22	29409	9
22	29410	9
22	29411	9
22	29412	9
22	29413	9
22	29414	9
22	29415	9
22	29416	9
22	29417	9
22	29418	9
22	29419	8
22	29420	8
22	29421	9
22	29422	9
22	29423	9
22	29424	9
22	29425	9
22	29426	9
22	29427	9
22	29428	9
22	29429	9
22	29430	9
22	29431	9
22	29432	9
22	29433	8
22	29434	8
22	29435	8
22	29436	8
22	29437	8
22	29438	7
22	29439	7
22	29440	7
22	29441	7
22	29442	7
22	29443	7
22	29444	8
22	29445	8
22	29446	8
22	29447	8
22	29448	8
22	29449	8
22	29450	8
22	29451	8
22	29452	8
22	29453	7
22	29454	8
22	29455	8
22	29456	8
22	29457	8
22	29458	8
22	29459	8
22	29460	8
22	29461	9
22	29462	9
22	29463	9
22	29464	9
22	29465	9
22	29466	9
22	29467	9
22	29468	9
22	29469	9
22	29470	9
22	29471	10
22	29472	11
22	29473	11
22	29474	11
22	29475	12
22	29476	12
22	29477	13
22	29478	12
22	29479	12
22	29480	12
22	29481	12
22	29482	11
22	29483	11
22	29484	11
22	29485	11
22	29486	12
22	29487	12
22	29488	12
22	29489	12
22	29490	13
22	29491	13
22	29492	13
22	29493	13
22	29494	13
22	29495	13
22	29496	13
22	29497	13
22	29498	13
22	29499	13
22	29500	13
22	29501	13
22	29502	13
22	29503	14
22	29504	14
22	29505	14
22	29506	14
22	29507	15
22	29508	15
22	29509	15
22	29510	14
22	29511	14
22	29512	14
22	29513	14
22	29514	14
22	29515	14
22	29516	14
22	29517	14
22	29518	14
22	29519	14
22	29520	14
22	29521	14
22	29522	14
22	29523	14
22	29524	14
22	29525	14
22	29526	14
22	29527	14
22	29528	14
22	29529	14
22	29530	15
22	29531	17
22	29532	17
22	29533	19
22	29534	19
22	29535	19
22	29536	19
22	29537	19
22	29538	19
22	29539	20
22	29540	20
22	29541	20
22	29542	20
22	29543	20
22	29544	19
22	29545	19
22	29546	19
22	29547	19
22	29548	19
22	29549	19
22	29550	19
22	29551	19
22	29552	17
22	29553	17
22	29554	17
22	29555	17
22	29556	17
22	29557	17
22	29558	17
22	29559	17
22	29560	17
22	29561	17
22	29562	17
22	29563	17
22	29564	17
22	29565	17
22	29566	17
22	29567	17
22	29568	17
22	29569	17
22	29570	17
22	29571	16
22	29572	16
22	29573	16
22	29574	16
22	29575	16
22	29576	16
22	29577	16
22	29578	16
22	29579	16
22	29580	17
22	29581	17
22	29582	17
22	29583	17
22	29584	17
22	29585	17
22	29586	17
22	29587	18
22	29588	19
22	29589	19
22	29590	19
22	29591	18
22	29592	18
22	29593	19
22	29594	19
22	29595	19
22	29596	19
22	29597	19
22	29598	19
22	29599	19
22	29600	19
22	29601	19
22	29602	20
22	29603	20
22	29604	19
22	29605	19
22	29606	19
22	29607	19
22	29608	19
22	29609	22
22	29610	22
22	29611	21
22	29612	21
22	29613	22
22	29614	22
22	29615	22
22	29616	22
22	29617	22
22	29618	22
22	29619	22
22	29620	22
22	29621	21
22	29622	20
22	29623	20
22	29624	19
22	29625	19
22	29626	19
22	29627	19
22	29628	18
22	29629	18
22	29630	19
22	29631	19
22	29632	19
22	29633	19
22	29634	19
22	29635	19
22	29636	19
22	29637	19
22	29638	19
22	29639	18
22	29640	18
22	29641	19
22	29642	19
22	29643	19
22	29644	19
22	29645	19
22	29646	19
22	29647	19
22	29648	19
22	29649	19
22	29650	19
22	29651	19
22	29652	18
22	29653	18
22	29654	18
22	29655	18
22	29656	18
22	29657	17
22	29658	17
22	29659	18
22	29660	18
22	29661	18
22	29662	18
22	29663	18
22	29664	18
22	29665	18
22	29666	18
22	29667	18
22	29668	18
22	29669	18
22	29670	18
22	29671	18
22	29672	18
22	29673	18
22	29674	18
22	29675	18
22	29676	18
22	29677	19
22	29678	19
22	29679	19
22	29680	18
22	29681	16
22	29682	14
22	29683	14
22	29684	14
22	29685	14
22	29686	14
22	29687	14
22	29688	13
22	29689	13
22	29690	13
22	29691	13
22	29692	13
22	29693	13
22	29694	13
22	29695	13
22	29696	13
22	29697	13
22	29698	13
22	29699	13
22	29700	13
22	29701	13
22	29702	13
22	29703	13
22	29704	13
22	29705	13
22	29706	13
22	29707	13
22	29708	13
22	29709	13
22	29710	13
22	29711	13
22	29712	13
22	29713	13
22	29714	13
22	29715	13
22	29716	13
22	29717	13
22	29718	13
22	29719	15
22	29720	15
22	29721	15
22	29722	15
22	29723	15
22	29724	15
22	29725	18
22	29726	18
22	29727	18
22	29728	18
22	29729	17
22	29730	17
22	29731	17
22	29732	17
22	29733	17
22	29734	17
22	29735	16
22	29736	16
22	29737	15
22	29738	15
22	29739	15
22	29740	15
22	29741	15
22	29742	15
22	29743	14
22	29744	14
22	29745	14
22	29746	14
22	29747	14
22	29748	14
22	29749	14
22	29750	14
22	29751	14
22	29752	14
22	29753	14
22	29754	14
22	29755	14
22	29756	11
22	29757	11
22	29758	11
22	29759	11
22	29760	11
22	29761	10
22	29762	10
22	29763	10
22	29764	10
22	29765	10
22	29766	10
22	29767	10
22	29768	10
22	29769	10
22	29770	10
22	29771	10
22	29772	10
22	29773	10
22	29774	10
22	29775	10
22	29776	10
22	29777	10
22	29778	9
22	29779	9
22	29780	10
22	29781	10
22	29782	10
22	29783	10
22	29784	10
22	29785	10
22	29786	10
22	29787	10
22	29788	10
22	29789	10
22	29790	12
22	29791	11
22	29792	11
22	29793	11
22	29794	11
22	29795	11
22	29796	11
22	29797	11
22	29798	11
22	29799	11
22	29800	11
22	29801	11
22	29802	11
22	29803	11
22	29804	11
22	29805	11
22	29806	11
22	29807	11
22	29808	10
22	29809	10
22	29810	10
22	29811	10
22	29812	10
22	29813	10
22	29814	10
22	29815	10
22	29816	10
22	29817	10
22	29818	10
22	29819	10
22	29820	10
22	29821	10
22	29822	10
22	29823	10
22	29824	10
22	29825	10
22	29826	9
22	29827	9
22	29828	9
22	29829	9
22	29830	9
22	29831	9
22	29832	9
22	29833	9
22	29834	9
22	29835	9
22	29836	9
22	29837	9
22	29838	9
22	29839	9
22	29840	10
22	29841	10
22	29842	11
22	29843	11
22	29844	11
22	29845	11
22	29846	11
22	29847	11
22	29848	11
22	29849	11
22	29850	11
22	29851	11
22	29852	11
22	29853	11
22	29854	11
22	29855	11
22	29856	11
22	29857	11
22	29858	11
22	29859	11
22	29860	11
22	29861	11
22	29862	11
22	29863	11
22	29864	11
22	29865	11
22	29866	11
22	29867	11
22	29868	11
22	29869	9
22	29870	9
22	29871	10
22	29872	10
22	29873	10
22	29874	10
22	29875	7
22	29876	7
22	29877	7
22	29878	7
22	29879	7
22	29880	7
22	29881	7
22	29882	7
22	29883	7
22	29884	7
22	29885	7
22	29886	7
22	29887	7
22	29888	7
22	29889	7
22	29890	7
22	29891	7
22	29892	7
22	29893	7
22	29894	7
22	29895	7
22	29896	7
22	29897	7
22	29898	7
22	29899	7
22	29900	7
22	29901	8
22	29902	7
22	29903	7
22	29904	7
22	29905	7
22	29906	7
22	29907	7
22	29908	7
22	29909	7
22	29910	7
22	29911	7
22	29912	7
22	29913	7
22	29914	7
22	29915	7
22	29916	7
22	29917	7
22	29918	8
22	29919	8
22	29920	8
22	29921	8
22	29922	8
22	29923	8
22	29924	8
22	29925	8
22	29926	8
22	29927	8
22	29928	8
22	29929	8
22	29930	7
22	29931	7
22	29932	7
22	29933	7
22	29934	7
22	29935	8
22	29936	8
22	29937	8
22	29938	9
22	29939	9
22	29940	7
22	29941	7
22	29942	7
22	29943	7
22	29944	7
22	29945	7
22	29946	7
22	29947	7
22	29948	7
22	29949	7
22	29950	7
22	29951	7
22	29952	7
22	29953	7
22	29954	7
22	29955	7
22	29956	9
22	29957	9
22	29958	9
22	29959	9
22	29960	10
22	29961	10
22	29962	10
22	29963	10
22	29964	10
22	29965	10
22	29966	10
22	29967	10
22	29968	10
22	29969	10
22	29970	10
22	29971	10
22	29972	10
22	29973	11
22	29974	11
22	29975	11
22	29976	11
22	29977	11
22	29978	12
22	29979	12
22	29980	12
22	29981	12
22	29982	12
22	29983	13
22	29984	13
22	29985	13
22	29986	13
22	29987	13
22	29988	14
22	29989	14
22	29990	13
22	29991	13
22	29992	12
22	29993	12
22	29994	12
22	29995	12
22	29996	12
22	29997	12
22	29998	12
22	29999	12
22	30000	12
22	30001	12
22	30002	12
22	30003	12
22	30004	12
22	30005	12
22	30006	12
22	30007	12
22	30008	12
22	30009	12
22	30010	12
22	30011	12
22	30012	12
22	30013	12
22	30014	12
22	30015	12
22	30016	12
22	30017	12
22	30018	12
22	30019	12
22	30020	12
22	30021	12
22	30022	12
22	30023	12
22	30024	12
22	30025	12
22	30026	12
22	30027	12
22	30028	12
22	30029	12
22	30030	12
22	30031	12
22	30032	12
22	30033	12
22	30034	12
22	30035	12
22	30036	12
22	30037	12
22	30038	12
22	30039	12
22	30040	13
22	30041	13
22	30042	13
22	30043	13
22	30044	13
22	30045	13
22	30046	13
22	30047	13
22	30048	13
22	30049	13
22	30050	12
22	30051	12
22	30052	12
22	30053	12
22	30054	12
22	30055	12
22	30056	12
22	30057	12
22	30058	12
22	30059	12
22	30060	12
22	30061	12
22	30062	12
22	30063	12
22	30064	12
22	30065	13
22	30066	13
22	30067	13
22	30068	12
22	30069	12
22	30070	12
22	30071	12
22	30072	12
22	30073	14
22	30074	14
22	30075	14
22	30076	14
22	30077	14
22	30078	15
22	30079	15
22	30080	15
22	30081	15
22	30082	15
22	30083	15
22	30084	16
22	30085	15
22	30086	15
22	30087	15
22	30088	14
22	30089	14
22	30090	14
22	30091	14
22	30092	14
22	30093	14
22	30094	14
22	30095	14
22	30096	14
22	30097	15
22	30098	15
22	30099	15
22	30100	15
22	30101	15
22	30102	15
22	30103	15
22	30104	15
22	30105	13
22	30106	13
22	30107	13
22	30108	13
22	30109	13
22	30110	12
22	30111	12
22	30112	12
22	30113	12
22	30114	12
22	30115	12
22	30116	12
22	30117	12
22	30118	12
22	30119	12
22	30120	12
22	30121	12
22	30122	12
22	30123	11
22	30124	11
22	30125	11
22	30126	11
22	30127	10
22	30128	10
22	30129	10
22	30130	10
22	30131	10
22	30132	9
22	30133	9
22	30134	9
22	30135	9
22	30136	9
22	30137	9
22	30138	8
22	30139	8
22	30140	8
22	30141	8
22	30142	8
22	30143	8
22	30144	8
22	30145	10
22	30146	10
22	30147	10
22	30148	10
22	30149	10
22	30150	10
22	30151	10
22	30152	10
22	30153	10
22	30154	10
22	30155	10
22	30156	10
22	30157	10
22	30158	10
22	30159	10
22	30160	10
22	30161	10
22	30162	10
22	30163	10
22	30164	10
22	30165	10
22	30166	10
22	30167	10
22	30168	10
22	30169	10
22	30170	10
22	30171	10
22	30172	10
22	30173	10
22	30174	11
22	30175	11
22	30176	11
22	30177	11
22	30178	11
22	30179	11
22	30180	11
22	30181	12
22	30182	12
22	30183	12
22	30184	12
22	30185	12
22	30186	12
22	30187	12
22	30188	12
22	30189	12
22	30190	11
22	30191	11
22	30192	12
22	30193	12
22	30194	10
22	30195	10
22	30196	10
22	30197	10
22	30198	10
22	30199	10
22	30200	10
22	30201	10
22	30202	10
22	30203	10
22	30204	10
22	30205	10
22	30206	10
22	30207	10
22	30208	10
22	30209	10
22	30210	10
22	30211	10
22	30212	10
22	30213	10
22	30214	10
22	30215	9
22	30216	9
22	30217	9
22	30218	11
22	30219	11
22	30220	11
22	30221	11
22	30222	11
22	30223	11
22	30224	11
22	30225	11
22	30226	11
22	30227	10
22	30228	10
22	30229	10
22	30230	10
22	30231	11
22	30232	11
22	30233	10
22	30234	10
22	30235	10
22	30236	10
22	30237	10
22	30238	10
22	30239	11
22	30240	11
22	30241	11
22	30242	11
22	30243	11
22	30244	11
22	30245	11
22	30246	11
22	30247	10
22	30248	10
22	30249	10
22	30250	10
22	30251	10
22	30252	10
22	30253	10
22	30254	11
22	30255	11
22	30256	11
22	30257	11
22	30258	11
22	30259	11
22	30260	12
22	30261	12
22	30262	12
22	30263	12
22	30264	12
22	30265	12
22	30266	12
22	30267	12
22	30268	12
22	30269	12
22	30270	12
22	30271	12
22	30272	12
22	30273	12
22	30274	12
22	30275	12
22	30276	12
22	30277	12
22	30278	12
22	30279	12
22	30280	12
22	30281	12
22	30282	12
22	30283	12
22	30284	12
22	30285	12
22	30286	16
22	30287	16
22	30288	16
22	30289	16
22	30290	16
22	30291	16
22	30292	16
22	30293	16
22	30294	16
22	30295	14
22	30296	14
22	30297	14
22	30298	14
22	30299	14
22	30300	14
22	30301	14
22	30302	14
22	30303	14
22	30304	14
22	30305	14
22	30306	14
22	30307	14
22	30308	14
22	30309	14
22	30310	14
22	30311	14
22	30312	14
22	30313	14
22	30314	14
22	30315	14
22	30316	14
22	30317	14
22	30318	14
22	30319	13
22	30320	13
22	30321	13
22	30322	13
22	30323	13
22	30324	12
22	30325	12
22	30326	12
22	30327	12
22	30328	12
22	30329	12
22	30330	11
22	30331	11
22	30332	11
22	30333	11
22	30334	11
22	30335	11
22	30336	11
22	30337	11
22	30338	11
22	30339	11
22	30340	11
22	30341	10
22	30342	10
22	30343	10
22	30344	10
22	30345	10
22	30346	10
22	30347	10
22	30348	10
22	30349	11
22	30350	11
22	30351	11
22	30352	11
22	30353	11
22	30354	11
22	30355	11
22	30356	11
22	30357	11
22	30358	11
22	30359	12
22	30360	12
22	30361	12
22	30362	12
22	30363	13
22	30364	13
22	30365	13
22	30366	13
22	30367	12
22	30368	12
22	30369	12
22	30370	12
22	30371	13
22	30372	13
22	30373	13
22	30374	13
22	30375	13
22	30376	13
22	30377	13
22	30378	13
22	30379	13
22	30380	13
22	30381	12
22	30382	12
22	30383	12
22	30384	12
22	30385	12
22	30386	12
22	30387	12
22	30388	11
22	30389	11
22	30390	11
22	30391	11
22	30392	11
22	30393	11
22	30394	11
22	30395	11
22	30396	11
22	30397	11
22	30398	11
22	30399	11
22	30400	11
22	30401	11
22	30402	12
22	30403	12
22	30404	11
22	30405	11
22	30406	11
22	30407	11
22	30408	11
22	30409	11
22	30410	10
22	30411	10
22	30412	10
22	30413	10
22	30414	10
22	30415	10
22	30416	10
22	30417	10
22	30418	10
22	30419	10
22	30420	10
22	30421	10
22	30422	10
22	30423	10
22	30424	10
22	30425	10
22	30426	10
22	30427	10
22	30428	10
22	30429	10
22	30430	10
22	30431	10
22	30432	10
22	30433	10
22	30434	10
22	30435	10
22	30436	6
22	30437	6
22	30438	6
22	30439	6
22	30440	6
22	30441	6
22	30442	6
22	30443	6
22	30444	6
22	30445	7
22	30446	7
22	30447	7
22	30448	7
22	30449	7
22	30450	7
22	30451	7
22	30452	8
22	30453	8
22	30454	8
22	30455	8
22	30456	8
22	30457	9
22	30458	9
22	30459	9
22	30460	9
22	30461	9
22	30462	9
22	30463	9
22	30464	9
22	30465	12
22	30466	12
22	30467	12
22	30468	12
22	30469	12
22	30470	12
22	30471	12
22	30472	12
22	30473	12
22	30474	12
22	30475	12
22	30476	12
22	30477	12
22	30478	12
22	30479	11
22	30480	11
22	30481	11
22	30482	11
22	30483	11
22	30484	11
22	30485	11
22	30486	11
22	30487	11
22	30488	11
22	30489	11
22	30490	11
22	30491	11
22	30492	11
22	30493	11
22	30494	11
22	30495	11
22	30496	11
22	30497	11
22	30498	10
22	30499	10
22	30500	10
22	30501	10
22	30502	10
22	30503	10
22	30504	10
22	30505	10
22	30506	10
22	30507	10
22	30508	10
22	30509	9
22	30510	9
22	30511	9
22	30512	9
22	30513	8
22	30514	8
22	30515	8
22	30516	8
22	30517	8
22	30518	8
22	30519	7
22	30520	7
22	30521	7
22	30522	7
22	30523	7
22	30524	7
22	30525	7
22	30526	7
22	30527	7
22	30528	7
22	30529	7
22	30530	7
22	30531	7
22	30532	7
22	30533	7
22	30534	7
22	30535	7
22	30536	7
22	30537	7
22	30538	7
22	30539	7
22	30540	7
22	30541	7
22	30542	7
22	30543	7
22	30544	7
22	30545	9
22	30546	9
22	30547	9
22	30548	9
22	30549	9
22	30550	9
22	30551	9
22	30552	8
22	30553	8
22	30554	8
22	30555	8
22	30556	8
22	30557	9
22	30558	9
22	30559	9
22	30560	9
22	30561	9
22	30562	9
22	30563	9
22	30564	9
22	30565	10
22	30566	10
22	30567	10
22	30568	10
22	30569	10
22	30570	10
22	30571	12
22	30572	12
22	30573	12
22	30574	12
22	30575	12
22	30576	12
22	30577	13
22	30578	13
22	30579	13
22	30580	13
22	30581	13
22	30582	13
22	30583	13
22	30584	13
22	30585	13
22	30586	13
22	30587	13
22	30588	13
22	30589	13
22	30590	13
22	30591	13
22	30592	13
22	30593	13
22	30594	12
22	30595	12
22	30596	12
22	30597	12
22	30598	12
22	30599	12
22	30600	12
22	30601	11
22	30602	11
22	30603	11
22	30604	11
22	30605	11
22	30606	10
22	30607	10
22	30608	10
22	30609	10
22	30610	10
22	30611	10
22	30612	10
22	30613	10
22	30614	7
22	30615	7
22	30616	8
22	30617	8
22	30618	8
22	30619	8
22	30620	8
22	30621	8
22	30622	8
22	30623	8
22	30624	8
22	30625	8
22	30626	8
22	30627	8
22	30628	8
22	30629	8
22	30630	8
22	30631	8
22	30632	8
22	30633	8
22	30634	8
22	30635	8
22	30636	9
22	30637	10
22	30638	11
22	30639	11
22	30640	11
22	30641	11
22	30642	11
22	30643	11
22	30644	11
22	30645	11
22	30646	12
22	30647	12
22	30648	12
22	30649	12
22	30650	12
22	30651	12
22	30652	12
22	30653	12
22	30654	13
22	30655	13
22	30656	13
22	30657	13
22	30658	13
22	30659	13
22	30660	13
22	30661	14
22	30662	14
22	30663	14
22	30664	14
22	30665	14
22	30666	14
22	30667	14
22	30668	14
22	30669	14
22	30670	16
22	30671	16
22	30672	16
22	30673	16
22	30674	17
22	30675	17
22	30676	18
22	30677	18
22	30678	18
22	30679	18
22	30680	18
22	30681	18
22	30682	18
22	30683	18
22	30684	18
22	30685	18
22	30686	18
22	30687	18
22	30688	18
22	30689	18
22	30690	18
22	30691	18
22	30692	18
22	30693	18
22	30694	19
22	30695	17
22	30696	17
22	30697	17
22	30698	17
22	30699	17
22	30700	17
22	30701	17
22	30702	17
22	30703	17
22	30704	17
22	30705	17
22	30706	17
22	30707	17
22	30708	19
22	30709	19
22	30710	19
22	30711	19
22	30712	20
22	30713	20
22	30714	20
22	30715	19
22	30716	19
22	30717	19
22	30718	19
22	30719	19
22	30720	19
22	30721	17
22	30722	17
22	30723	17
22	30724	17
22	30725	16
22	30726	16
22	30727	16
22	30728	16
22	30729	16
22	30730	16
22	30731	16
22	30732	16
22	30733	16
22	30734	16
22	30735	16
22	30736	16
22	30737	16
22	30738	16
22	30739	16
22	30740	16
22	30741	16
22	30742	16
22	30743	16
22	30744	16
22	30745	16
22	30746	16
22	30747	16
22	30748	16
22	30749	16
22	30750	16
22	30751	16
22	30752	17
22	30753	17
22	30754	17
22	30755	17
22	30756	17
22	30757	17
22	30758	17
22	30759	17
22	30760	17
22	30761	17
22	30762	17
22	30763	17
22	30764	17
22	30765	17
22	30766	16
22	30767	16
22	30768	18
22	30769	18
22	30770	18
22	30771	18
22	30772	18
22	30773	18
22	30774	18
22	30775	20
22	30776	20
22	30777	20
22	30778	20
22	30779	20
22	30780	20
22	30781	20
22	30782	20
22	30783	20
22	30784	20
22	30785	19
22	30786	19
22	30787	18
22	30788	17
22	30789	17
22	30790	17
22	30791	17
22	30792	18
22	30793	18
22	30794	18
22	30795	19
22	30796	18
22	30797	18
22	30798	18
22	30799	18
22	30800	18
22	30801	18
22	30802	18
22	30803	19
22	30804	18
22	30805	18
22	30806	18
22	30807	18
22	30808	18
22	30809	18
22	30810	18
22	30811	17
22	30812	17
22	30813	17
22	30814	17
22	30815	17
22	30816	17
22	30817	17
22	30818	17
22	30819	17
22	30820	15
22	30821	15
22	30822	15
22	30823	15
22	30824	14
22	30825	14
22	30826	13
22	30827	13
22	30828	13
22	30829	13
22	30830	13
22	30831	14
22	30832	14
22	30833	14
22	30834	14
22	30835	14
22	30836	14
22	30837	14
22	30838	14
22	30839	14
22	30840	14
22	30841	13
22	30842	13
22	30843	13
22	30844	13
22	30845	13
22	30846	13
22	30847	13
22	30848	13
22	30849	13
22	30850	13
22	30851	13
22	30852	13
22	30853	13
22	30854	13
22	30855	13
22	30856	13
22	30857	13
22	30858	11
22	30859	11
22	30860	11
22	30861	10
22	30862	10
22	30863	10
22	30864	10
22	30865	10
22	30866	10
22	30867	10
22	30868	10
22	30869	11
22	30870	11
22	30871	11
22	30872	11
22	30873	11
22	30874	11
22	30875	11
22	30876	11
22	30877	11
22	30878	11
22	30879	11
22	30880	11
22	30881	11
22	30882	11
22	30883	11
22	30884	11
22	30885	11
22	30886	11
22	30887	11
22	30888	12
22	30889	12
22	30890	12
22	30891	12
22	30892	12
22	30893	13
22	30894	13
22	30895	13
22	30896	13
22	30897	13
22	30898	13
22	30899	13
22	30900	13
22	30901	13
22	30902	12
22	30903	12
22	30904	12
22	30905	12
22	30906	12
22	30907	13
22	30908	13
22	30909	14
22	30910	14
22	30911	14
22	30912	14
22	30913	14
22	30914	14
22	30915	14
22	30916	14
22	30917	12
22	30918	11
22	30919	11
22	30920	11
22	30921	12
22	30922	12
22	30923	12
22	30924	12
22	30925	10
22	30926	10
22	30927	10
22	30928	10
22	30929	10
22	30930	10
22	30931	10
22	30932	10
22	30933	10
22	30934	10
22	30935	10
22	30936	10
22	30937	10
22	30938	10
22	30939	10
22	30940	10
22	30941	11
22	30942	12
22	30943	12
22	30944	12
22	30945	11
22	30946	11
22	30947	11
22	30948	11
22	30949	11
22	30950	10
22	30951	10
22	30952	10
22	30953	10
22	30954	10
22	30955	10
22	30956	10
22	30957	10
22	30958	10
22	30959	10
22	30960	10
22	30961	10
22	30962	10
22	30963	10
22	30964	10
22	30965	10
22	30966	11
22	30967	11
22	30968	11
22	30969	11
22	30970	11
22	30971	11
22	30972	11
22	30973	11
22	30974	11
22	30975	11
22	30976	11
22	30977	11
22	30978	10
22	30979	10
22	30980	10
22	30981	10
22	30982	10
22	30983	10
22	30984	10
22	30985	10
22	30986	10
22	30987	10
22	30988	10
22	30989	10
22	30990	10
22	30991	10
22	30992	10
22	30993	11
22	30994	11
22	30995	11
22	30996	11
22	30997	11
22	30998	11
22	30999	11
22	31000	11
22	31001	11
22	31002	11
22	31003	11
22	31004	11
22	31005	11
22	31006	11
22	31007	10
22	31008	10
22	31009	10
22	31010	10
22	31011	10
22	31012	10
22	31013	10
22	31014	10
22	31015	10
22	31016	10
22	31017	10
22	31018	10
22	31019	9
22	31020	9
22	31021	9
22	31022	9
22	31023	9
22	31024	9
22	31025	9
22	31026	9
22	31027	9
22	31028	9
22	31029	10
22	31030	10
22	31031	10
22	31032	10
22	31033	10
22	31034	11
22	31035	11
22	31036	11
22	31037	10
22	31038	10
22	31039	10
22	31040	10
22	31041	10
22	31042	10
22	31043	9
22	31044	9
22	31045	9
22	31046	9
22	31047	9
22	31048	9
22	31049	9
22	31050	9
22	31051	9
22	31052	9
22	31053	9
22	31054	11
22	31055	11
22	31056	11
22	31057	10
22	31058	10
22	31059	9
22	31060	9
22	31061	9
22	31062	9
22	31063	9
22	31064	9
22	31065	9
22	31066	9
22	31067	9
22	31068	10
22	31069	10
22	31070	9
22	31071	9
22	31072	9
22	31073	9
22	31074	9
22	31075	9
22	31076	9
22	31077	9
22	31078	9
22	31079	9
22	31080	9
22	31081	9
22	31082	9
22	31083	9
22	31084	9
22	31085	9
22	31086	9
22	31087	9
22	31088	9
22	31089	9
22	31090	7
22	31091	7
22	31092	7
22	31093	7
22	31094	7
22	31095	7
22	31096	7
22	31097	7
22	31098	7
22	31099	7
22	31100	7
22	31101	7
22	31102	7
22	31103	7
22	31104	7
22	31105	7
22	31106	7
22	31107	8
22	31108	10
22	31109	10
22	31110	11
22	31111	11
22	31112	11
22	31113	11
22	31114	11
22	31115	11
22	31116	10
22	31117	10
22	31118	10
22	31119	10
22	31120	10
22	31121	10
22	31122	11
22	31123	11
22	31124	11
22	31125	11
22	31126	11
22	31127	11
22	31128	11
22	31129	11
22	31130	11
22	31131	11
22	31132	11
22	31133	11
22	31134	11
22	31135	11
22	31136	11
22	31137	11
22	31138	11
22	31139	11
22	31140	11
22	31141	12
22	31142	11
22	31143	11
22	31144	11
22	31145	11
22	31146	11
22	31147	11
22	31148	11
22	31149	11
22	31150	11
22	31151	12
22	31152	12
22	31153	12
22	31154	12
22	31155	12
22	31156	12
22	31157	12
22	31158	12
22	31159	12
22	31160	12
22	31161	12
22	31162	12
22	31163	12
22	31164	12
22	31165	12
22	31166	12
22	31167	12
22	31168	12
22	31169	12
22	31170	12
22	31171	12
22	31172	12
22	31173	12
22	31174	12
22	31175	12
22	31176	12
22	31177	12
22	31178	11
22	31179	11
22	31180	11
22	31181	11
22	31182	11
22	31183	11
22	31184	10
22	31185	10
22	31186	10
22	31187	10
22	31188	10
22	31189	10
22	31190	10
22	31191	10
22	31192	10
22	31193	10
22	31194	10
22	31195	10
22	31196	10
22	31197	10
22	31198	12
22	31199	12
22	31200	12
22	31201	12
22	31202	12
22	31203	10
22	31204	10
22	31205	10
22	31206	10
22	31207	10
22	31208	10
22	31209	10
22	31210	10
22	31211	10
22	31212	10
22	31213	10
22	31214	10
22	31215	10
22	31216	10
22	31217	10
22	31218	9
22	31219	9
22	31220	9
22	31221	9
22	31222	9
22	31223	9
22	31224	9
22	31225	9
22	31226	9
22	31227	9
22	31228	9
22	31229	9
22	31230	9
22	31231	9
22	31232	9
22	31233	9
22	31234	9
22	31235	9
22	31236	9
22	31237	9
22	31238	9
22	31239	9
22	31240	9
22	31241	9
22	31242	9
22	31243	9
22	31244	9
22	31245	8
22	31246	9
22	31247	9
22	31248	9
22	31249	9
22	31250	9
22	31251	9
22	31252	9
22	31253	9
22	31254	9
22	31255	9
22	31256	10
22	31257	8
22	31258	7
22	31259	7
22	31260	7
22	31261	8
22	31262	8
22	31263	9
22	31264	9
22	31265	9
22	31266	10
22	31267	10
22	31268	10
22	31269	10
22	31270	10
22	31271	10
22	31272	9
22	31273	9
22	31274	9
22	31275	10
22	31276	10
22	31277	10
22	31278	10
22	31279	10
22	31280	10
22	31281	10
22	31282	10
22	31283	10
22	31284	10
22	31285	10
22	31286	10
22	31287	10
22	31288	10
22	31289	10
22	31290	9
22	31291	9
22	31292	9
22	31293	9
22	31294	9
22	31295	9
22	31296	9
22	31297	9
22	31298	9
22	31299	8
22	31300	8
22	31301	8
22	31302	8
22	31303	9
22	31304	9
22	31305	9
22	31306	9
22	31307	9
22	31308	9
22	31309	9
22	31310	9
22	31311	10
22	31312	11
22	31313	11
22	31314	11
22	31315	11
22	31316	11
22	31317	11
22	31318	11
22	31319	11
22	31320	11
22	31321	14
22	31322	15
22	31323	15
22	31324	15
22	31325	15
22	31326	15
22	31327	15
22	31328	15
22	31329	15
22	31330	15
22	31331	15
22	31332	15
22	31333	15
22	31334	15
22	31335	15
22	31336	15
22	31337	15
22	31338	15
22	31339	15
22	31340	15
22	31341	15
22	31342	15
22	31343	15
22	31344	15
22	31345	15
22	31346	15
22	31347	15
22	31348	13
22	31349	13
22	31350	13
22	31351	13
22	31352	13
22	31353	16
22	31354	16
22	31355	16
22	31356	16
22	31357	16
22	31358	16
22	31359	16
22	31360	16
22	31361	16
22	31362	16
22	31363	16
22	31364	16
22	31365	16
22	31366	16
22	31367	16
22	31368	16
22	31369	16
22	31370	17
22	31371	17
22	31372	17
22	31373	17
22	31374	17
22	31375	17
22	31376	17
22	31377	17
22	31378	17
22	31379	17
22	31380	17
22	31381	17
22	31382	17
22	31383	17
22	31384	17
22	31385	17
22	31386	17
22	31387	17
22	31388	17
22	31389	17
22	31390	17
22	31391	17
22	31392	17
22	31393	17
22	31394	17
22	31395	16
22	31396	16
22	31397	16
22	31398	16
22	31399	17
22	31400	17
22	31401	17
22	31402	18
22	31403	18
22	31404	18
22	31405	17
22	31406	17
22	31407	17
22	31408	17
22	31409	17
22	31410	16
22	31411	16
22	31412	16
22	31413	15
22	31414	15
22	31415	15
22	31416	14
22	31417	14
22	31418	14
22	31419	14
22	31420	14
22	31421	14
22	31422	14
22	31423	13
22	31424	13
22	31425	13
22	31426	13
22	31427	13
22	31428	13
22	31429	13
22	31430	13
22	31431	13
22	31432	13
22	31433	13
22	31434	14
22	31435	14
22	31436	14
22	31437	14
22	31438	14
22	31439	14
22	31440	14
22	31441	14
22	31442	14
22	31443	14
22	31444	14
22	31445	15
22	31446	15
22	31447	15
22	31448	15
22	31449	15
22	31450	15
22	31451	15
22	31452	15
22	31453	14
22	31454	14
22	31455	14
22	31456	14
22	31457	14
22	31458	14
22	31459	14
22	31460	14
22	31461	13
22	31462	12
22	31463	12
22	31464	12
22	31465	12
22	31466	12
22	31467	13
22	31468	13
22	31469	13
22	31470	13
22	31471	10
22	31472	9
22	31473	9
22	31474	9
22	31475	9
22	31476	9
22	31477	9
22	31478	10
22	31479	10
22	31480	10
22	31481	10
22	31482	10
22	31483	11
22	31484	11
22	31485	11
22	31486	11
22	31487	11
22	31488	11
22	31489	11
22	31490	11
22	31491	11
22	31492	11
22	31493	11
22	31494	11
22	31495	12
22	31496	12
22	31497	13
22	31498	13
22	31499	13
22	31500	13
22	31501	13
22	31502	11
22	31503	10
22	31504	11
22	31505	11
22	31506	11
22	31507	11
22	31508	11
22	31509	11
22	31510	11
22	31511	12
22	31512	12
22	31513	12
22	31514	12
22	31515	12
22	31516	12
22	31517	12
22	31518	12
22	31519	11
22	31520	11
22	31521	11
22	31522	11
22	31523	11
22	31524	11
22	31525	11
22	31526	11
22	31527	11
22	31528	11
22	31529	11
22	31530	11
22	31531	11
22	31532	11
22	31533	11
22	31534	11
22	31535	11
22	31536	12
22	31537	12
22	31538	12
22	31539	12
22	31540	12
22	31541	12
22	31542	12
22	31543	12
22	31544	12
22	31545	12
22	31546	12
22	31547	12
22	31548	12
22	31549	11
22	31550	11
22	31551	11
22	31552	10
22	31553	10
22	31554	10
22	31555	10
22	31556	10
22	31557	10
22	31558	10
22	31559	10
22	31560	10
22	31561	10
22	31562	10
22	31563	10
22	31564	10
22	31565	10
22	31566	10
22	31567	10
22	31568	10
22	31569	10
22	31570	10
22	31571	10
22	31572	10
22	31573	10
22	31574	10
22	31575	10
22	31576	10
22	31577	10
22	31578	10
22	31579	10
22	31580	10
22	31581	10
22	31582	10
22	31583	10
22	31584	9
22	31585	9
22	31586	9
22	31587	9
22	31588	9
22	31589	9
22	31590	9
22	31591	9
22	31592	10
22	31593	10
22	31594	10
22	31595	9
22	31596	9
22	31597	9
22	31598	9
22	31599	9
22	31600	9
22	31601	9
22	31602	9
22	31603	9
22	31604	9
22	31605	9
22	31606	9
22	31607	9
22	31608	9
22	31609	9
22	31610	9
22	31611	9
22	31612	9
22	31613	9
22	31614	9
22	31615	9
22	31616	10
22	31617	9
22	31618	9
22	31619	9
22	31620	9
22	31621	9
22	31622	9
22	31623	8
22	31624	8
22	31625	8
22	31626	8
22	31627	7
22	31628	7
22	31629	7
22	31630	7
22	31631	7
22	31632	7
22	31633	6
22	31634	6
22	31635	6
22	31636	6
22	31637	6
22	31638	6
22	31639	6
22	31640	6
22	31641	6
22	31642	6
22	31643	6
22	31644	6
22	31645	5
22	31646	5
22	31647	5
22	31648	5
22	31649	5
22	31650	5
22	31651	5
22	31652	5
22	31653	5
22	31654	4
22	31655	5
22	31656	5
22	31657	5
22	31658	5
22	31659	5
22	31660	4
22	31661	4
22	31662	4
22	31663	4
22	31664	4
22	31665	4
22	31666	4
22	31667	4
22	31668	4
22	31669	4
22	31670	4
22	31671	4
22	31672	4
22	31673	4
22	31674	4
22	31675	4
22	31676	4
22	31677	4
22	31678	4
22	31679	4
22	31680	4
22	31681	4
22	31682	4
22	31683	4
22	31684	4
22	31685	4
22	31686	3
22	31687	3
22	31688	3
22	31689	3
22	31690	4
22	31691	4
22	31692	4
22	31693	4
22	31694	4
22	31695	4
22	31696	5
22	31697	5
22	31698	6
22	31699	6
22	31700	6
22	31701	6
22	31702	6
22	31703	6
22	31704	6
22	31705	6
22	31706	6
22	31707	6
22	31708	6
22	31709	6
22	31710	6
22	31711	6
22	31712	6
22	31713	6
22	31714	6
22	31715	6
22	31716	6
22	31717	6
22	31718	6
22	31719	6
22	31720	6
22	31721	6
22	31722	6
22	31723	6
22	31724	6
22	31725	6
22	31726	6
22	31727	6
22	31728	6
22	31729	6
22	31730	6
22	31731	6
22	31732	6
22	31733	6
22	31734	7
22	31735	7
22	31736	7
22	31737	7
22	31738	7
22	31739	7
22	31740	7
22	31741	6
22	31742	6
22	31743	6
22	31744	8
22	31745	8
22	31746	8
22	31747	8
22	31748	8
22	31749	8
22	31750	8
22	31751	8
22	31752	8
22	31753	8
22	31754	8
22	31755	8
22	31756	8
22	31757	8
22	31758	8
22	31759	8
22	31760	8
22	31761	8
22	31762	8
22	31763	8
22	31764	8
22	31765	8
22	31766	7
22	31767	7
22	31768	7
22	31769	7
22	31770	7
22	31771	7
22	31772	7
22	31773	7
22	31774	7
22	31775	7
22	31776	7
22	31777	7
22	31778	7
22	31779	7
22	31780	7
22	31781	7
22	31782	7
22	31783	7
22	31784	7
22	31785	7
22	31786	7
22	31787	7
22	31788	7
22	31789	7
22	31790	7
22	31791	7
22	31792	7
22	31793	7
22	31794	7
22	31795	7
22	31796	7
22	31797	7
22	31798	7
22	31799	7
22	31800	7
22	31801	7
22	31802	7
22	31803	7
22	31804	7
22	31805	7
22	31806	7
22	31807	7
22	31808	7
22	31809	7
22	31810	8
22	31811	8
22	31812	8
22	31813	9
22	31814	9
22	31815	10
22	31816	10
22	31817	10
22	31818	10
22	31819	10
22	31820	10
22	31821	10
22	31822	10
22	31823	10
22	31824	10
22	31825	10
22	31826	10
22	31827	10
22	31828	10
22	31829	10
22	31830	10
22	31831	10
22	31832	10
22	31833	10
22	31834	10
22	31835	10
22	31836	10
22	31837	10
22	31838	10
22	31839	10
22	31840	11
22	31841	11
22	31842	11
22	31843	11
22	31844	12
22	31845	12
22	31846	11
22	31847	11
22	31848	11
22	31849	11
22	31850	12
22	31851	12
22	31852	12
22	31853	12
22	31854	12
22	31855	12
22	31856	12
22	31857	12
22	31858	13
22	31859	13
22	31860	13
22	31861	15
22	31862	15
22	31863	15
22	31864	15
22	31865	15
22	31866	15
22	31867	15
22	31868	15
22	31869	15
22	31870	15
22	31871	15
22	31872	15
22	31873	15
22	31874	15
22	31875	15
22	31876	15
22	31877	16
22	31878	16
22	31879	16
22	31880	16
22	31881	16
22	31882	16
22	31883	16
22	31884	15
22	31885	16
22	31886	16
22	31887	16
22	31888	16
22	31889	16
22	31890	16
22	31891	16
22	31892	16
22	31893	16
22	31894	14
22	31895	14
22	31896	14
22	31897	14
22	31898	14
22	31899	14
22	31900	14
22	31901	16
22	31902	16
22	31903	16
22	31904	16
22	31905	16
22	31906	16
22	31907	16
22	31908	16
22	31909	16
22	31910	16
22	31911	16
22	31912	16
22	31913	16
22	31914	16
22	31915	16
22	31916	16
22	31917	16
22	31918	16
22	31919	16
22	31920	16
22	31921	16
22	31922	16
22	31923	16
22	31924	16
22	31925	16
22	31926	16
22	31927	17
22	31928	17
22	31929	17
22	31930	17
22	31931	17
22	31932	17
22	31933	17
22	31934	17
22	31935	17
22	31936	17
22	31937	17
22	31938	20
22	31939	20
22	31940	20
22	31941	20
22	31942	20
22	31943	20
22	31944	20
22	31945	20
22	31946	20
22	31947	20
22	31948	19
22	31949	20
22	31950	20
22	31951	20
22	31952	20
22	31953	20
22	31954	20
22	31955	20
22	31956	20
22	31957	20
22	31958	20
22	31959	20
22	31960	20
22	31961	20
22	31962	20
22	31963	19
22	31964	19
22	31965	18
22	31966	18
22	31967	18
22	31968	17
22	31969	17
22	31970	17
22	31971	17
22	31972	18
22	31973	18
22	31974	18
22	31975	18
22	31976	18
22	31977	18
22	31978	18
22	31979	18
22	31980	18
22	31981	18
22	31982	18
22	31983	19
22	31984	19
22	31985	20
22	31986	20
22	31987	20
22	31988	20
22	31989	20
22	31990	18
22	31991	18
22	31992	18
22	31993	18
22	31994	17
22	31995	17
22	31996	17
22	31997	16
22	31998	16
22	31999	16
22	32000	16
22	32001	16
22	32002	16
22	32003	17
22	32004	17
22	32005	17
22	32006	17
22	32007	17
22	32008	16
22	32009	16
22	32010	14
22	32011	14
22	32012	15
22	32013	15
22	32014	15
22	32015	15
22	32016	15
22	32017	15
22	32018	15
22	32019	15
22	32020	15
22	32021	15
22	32022	15
22	32023	15
22	32024	15
22	32025	15
22	32026	14
22	32027	14
22	32028	14
22	32029	14
22	32030	14
22	32031	14
22	32032	14
22	32033	14
22	32034	14
22	32035	13
22	32036	13
22	32037	13
22	32038	13
22	32039	13
22	32040	13
22	32041	13
22	32042	14
22	32043	14
22	32044	15
22	32045	17
22	32046	17
22	32047	17
22	32048	17
22	32049	17
22	32050	19
22	32051	17
22	32052	17
22	32053	17
22	32054	17
22	32055	17
22	32056	17
22	32057	17
22	32058	17
22	32059	17
22	32060	17
22	32061	17
22	32062	17
22	32063	17
22	32064	17
22	32065	17
22	32066	17
22	32067	17
22	32068	17
22	32069	17
22	32070	17
22	32071	17
22	32072	17
22	32073	17
22	32074	17
22	32075	17
22	32076	17
22	32077	16
22	32078	16
22	32079	16
22	32080	16
22	32081	16
22	32082	16
22	32083	16
22	32084	16
22	32085	16
22	32086	16
22	32087	16
22	32088	13
22	32089	13
22	32090	13
22	32091	13
22	32092	12
22	32093	11
22	32094	12
22	32095	13
22	32096	13
22	32097	13
22	32098	13
22	32099	12
22	32100	12
22	32101	12
22	32102	12
22	32103	12
22	32104	12
22	32105	12
22	32106	12
22	32107	12
22	32108	12
22	32109	12
22	32110	12
22	32111	12
22	32112	12
22	32113	12
22	32114	12
22	32115	12
22	32116	12
22	32117	12
22	32118	12
22	32119	12
22	32120	12
22	32121	12
22	32122	11
22	32123	11
22	32124	11
22	32125	11
22	32126	11
22	32127	11
22	32128	11
22	32129	11
22	32130	11
22	32131	11
22	32132	11
22	32133	9
22	32134	9
22	32135	9
22	32136	10
22	32137	10
22	32138	10
22	32139	10
22	32140	10
22	32141	10
22	32142	10
22	32143	10
22	32144	10
22	32145	10
22	32146	10
22	32147	10
22	32148	10
22	32149	10
22	32150	10
22	32151	10
22	32152	9
22	32153	9
22	32154	9
22	32155	9
22	32156	9
22	32157	9
22	32158	9
22	32159	9
22	32160	10
22	32161	10
22	32162	9
22	32163	9
22	32164	9
22	32165	9
22	32166	9
22	32167	9
22	32168	9
22	32169	9
22	32170	9
22	32171	10
22	32172	10
22	32173	10
22	32174	10
22	32175	10
22	32176	10
22	32177	10
22	32178	10
22	32179	10
22	32180	10
22	32181	10
22	32182	10
22	32183	10
22	32184	10
22	32185	10
22	32186	10
22	32187	14
22	32188	14
22	32189	14
22	32190	15
22	32191	17
22	32192	17
22	32193	17
22	32194	17
22	32195	14
22	32196	14
22	32197	15
22	32198	15
22	32199	15
22	32200	13
22	32201	13
22	32202	13
22	32203	13
22	32204	13
22	32205	13
22	32206	13
22	32207	13
22	32208	13
22	32209	13
22	32210	13
22	32211	13
22	32212	13
22	32213	13
22	32214	13
22	32215	13
22	32216	13
22	32217	13
22	32218	13
22	32219	13
22	32220	13
22	32221	13
22	32222	13
22	32223	13
22	32224	13
22	32225	13
22	32226	13
22	32227	13
22	32228	13
22	32229	13
22	32230	13
22	32231	13
22	32232	13
22	32233	13
22	32234	13
22	32235	13
22	32236	13
22	32237	13
22	32238	13
22	32239	13
22	32240	14
22	32241	14
22	32242	13
22	32243	13
22	32244	13
22	32245	13
22	32246	13
22	32247	13
22	32248	13
22	32249	13
22	32250	13
22	32251	13
22	32252	13
22	32253	13
22	32254	13
22	32255	13
22	32256	13
22	32257	13
22	32258	13
22	32259	13
22	32260	13
22	32261	13
22	32262	14
22	32263	14
22	32264	17
22	32265	17
22	32266	17
22	32267	18
22	32268	18
22	32269	18
22	32270	18
22	32271	18
22	32272	18
22	32273	18
22	32274	18
22	32275	18
22	32276	18
22	32277	18
22	32278	18
22	32279	18
22	32280	18
22	32281	19
22	32282	19
22	32283	19
22	32284	20
22	32285	20
22	32286	19
22	32287	20
22	32288	20
22	32289	20
22	32290	20
22	32291	20
22	32292	20
22	32293	20
22	32294	20
22	32295	20
22	32296	20
22	32297	20
22	32298	20
22	32299	20
22	32300	20
22	32301	20
22	32302	21
22	32303	21
22	32304	21
22	32305	21
22	32306	21
22	32307	22
22	32308	22
22	32309	22
22	32310	22
22	32311	23
22	32312	23
22	32313	23
22	32314	23
22	32315	23
22	32316	25
22	32317	25
22	32318	27
22	32319	27
22	32320	26
22	32321	26
22	32322	26
22	32323	26
22	32324	26
22	32325	26
22	32326	26
22	32327	26
22	32328	26
22	32329	27
22	32330	27
22	32331	27
22	32332	27
22	32333	27
22	32334	28
22	32335	29
22	32336	29
22	32337	26
22	32338	27
22	32339	26
22	32340	23
22	32341	23
22	32342	23
22	32343	23
22	32344	25
22	32345	25
22	32346	24
22	32347	24
22	32348	24
22	32349	24
22	32350	24
22	32351	24
22	32352	24
22	32353	24
22	32354	24
22	32355	24
22	32356	25
22	32357	25
22	32358	25
22	32359	25
22	32360	25
22	32361	25
22	32362	25
22	32363	25
22	32364	25
22	32365	25
22	32366	25
22	32367	25
22	32368	25
22	32369	25
22	32370	25
22	32371	25
22	32372	25
22	32373	25
22	32374	25
22	32375	25
22	32376	25
22	32377	25
22	32378	25
22	32379	25
22	32380	25
22	32381	25
22	32382	25
22	32383	25
22	32384	25
22	32385	25
22	32386	25
22	32387	25
22	32388	25
22	32389	25
22	32390	24
22	32391	24
22	32392	24
22	32393	24
22	32394	24
22	32395	24
22	32396	24
22	32397	24
22	32398	24
22	32399	24
22	32400	25
22	32401	25
22	32402	25
22	32403	25
22	32404	25
22	32405	25
22	32406	25
22	32407	25
22	32408	25
22	32409	25
22	32410	24
22	32411	24
22	32412	24
22	32413	24
22	32414	21
22	32415	22
22	32416	22
22	32417	21
22	32418	21
22	32419	21
22	32420	21
22	32421	21
22	32422	21
22	32423	21
22	32424	21
22	32425	21
22	32426	21
22	32427	21
22	32428	21
22	32429	21
22	32430	21
22	32431	20
22	32432	20
22	32433	20
22	32434	19
22	32435	19
22	32436	18
22	32437	18
22	32438	18
22	32439	18
22	32440	18
22	32441	18
22	32442	18
22	32443	19
22	32444	19
22	32445	19
22	32446	19
22	32447	19
22	32448	19
22	32449	19
22	32450	20
22	32451	19
22	32452	19
22	32453	19
22	32454	19
22	32455	19
22	32456	18
22	32457	20
22	32458	20
22	32459	19
22	32460	18
22	32461	18
22	32462	18
22	32463	18
22	32464	18
22	32465	18
22	32466	16
22	32467	16
22	32468	14
22	32469	15
22	32470	15
22	32471	16
22	32472	16
22	32473	16
22	32474	16
22	32475	16
22	32476	16
22	32477	16
22	32478	16
22	32479	15
22	32480	15
22	32481	15
22	32482	15
22	32483	15
22	32484	18
22	32485	18
22	32486	17
22	32487	17
22	32488	17
22	32489	17
22	32490	17
22	32491	17
22	32492	17
22	32493	18
22	32494	16
22	32495	16
22	32496	16
22	32497	16
22	32498	16
22	32499	16
22	32500	16
22	32501	16
22	32502	16
22	32503	16
22	32504	16
22	32505	16
22	32506	16
22	32507	16
22	32508	16
22	32509	16
22	32510	17
22	32511	17
22	32512	17
22	32513	17
22	32514	17
22	32515	17
22	32516	17
22	32517	17
22	32518	17
22	32519	17
22	32520	17
22	32521	17
22	32522	17
22	32523	17
22	32524	17
22	32525	17
22	32526	17
22	32527	17
22	32528	17
22	32529	17
22	32530	17
22	32531	17
22	32532	17
22	32533	17
22	32534	17
22	32535	17
22	32536	17
22	32537	17
22	32538	18
22	32539	19
22	32540	19
22	32541	20
22	32542	20
22	32543	20
22	32544	20
22	32545	21
22	32546	21
22	32547	22
22	32548	22
22	32549	22
22	32550	21
22	32551	21
22	32552	21
22	32553	21
22	32554	22
22	32555	22
22	32556	22
22	32557	23
22	32558	23
22	32559	23
22	32560	24
22	32561	24
22	32562	24
22	32563	24
22	32564	23
22	32565	23
22	32566	23
22	32567	23
22	32568	23
22	32569	23
22	32570	25
22	32571	25
22	32572	25
22	32573	25
22	32574	25
22	32575	25
22	32576	25
22	32577	25
22	32578	25
22	32579	25
22	32580	25
22	32581	25
22	32582	25
22	32583	25
22	32584	25
22	32585	25
22	32586	25
22	32587	25
22	32588	25
22	32589	26
22	32590	26
22	32591	26
22	32592	26
22	32593	25
22	32594	25
22	32595	25
22	32596	25
22	32597	25
22	32598	25
22	32599	25
22	32600	24
22	32601	24
22	32602	24
22	32603	24
22	32604	24
22	32605	24
22	32606	24
22	32607	22
22	32608	22
22	32609	22
22	32610	22
22	32611	22
22	32612	22
22	32613	22
22	32614	20
22	32615	20
22	32616	20
22	32617	19
22	32618	18
22	32619	18
22	32620	18
22	32621	18
22	32622	18
22	32623	18
22	32624	18
22	32625	18
22	32626	18
22	32627	18
22	32628	18
22	32629	18
22	32630	18
22	32631	18
22	32632	18
22	32633	18
22	32634	16
22	32635	15
22	32636	16
22	32637	16
22	32638	16
22	32639	16
22	32640	16
22	32641	16
22	32642	16
22	32643	16
22	32644	16
22	32645	16
22	32646	16
22	32647	16
22	32648	16
22	32649	16
22	32650	16
22	32651	17
22	32652	17
22	32653	17
22	32654	17
22	32655	17
22	32656	16
22	32657	16
22	32658	16
22	32659	16
22	32660	15
22	32661	15
22	32662	15
22	32663	15
22	32664	15
22	32665	15
22	32666	15
22	32667	15
22	32668	15
22	32669	15
22	32670	15
22	32671	15
22	32672	15
22	32673	15
22	32674	16
22	32675	16
22	32676	16
22	32677	16
22	32678	16
22	32679	16
22	32680	16
22	32681	16
22	32682	16
22	32683	16
22	32684	16
22	32685	16
22	32686	15
22	32687	15
22	32688	15
22	32689	16
22	32690	16
22	32691	15
22	32692	15
22	32693	16
22	32694	15
22	32695	15
22	32696	15
22	32697	14
22	32698	14
22	32699	15
22	32700	16
22	32701	16
22	32702	14
22	32703	14
22	32704	14
22	32705	13
22	32706	13
22	32707	13
22	32708	13
22	32709	13
22	32710	13
22	32711	14
22	32712	14
22	32713	14
22	32714	14
22	32715	14
22	32716	14
22	32717	15
22	32718	15
22	32719	14
22	32720	13
22	32721	13
22	32722	13
22	32723	13
22	32724	13
22	32725	14
22	32726	14
22	32727	14
22	32728	14
22	32729	14
22	32730	14
22	32731	14
22	32732	14
22	32733	14
22	32734	14
22	32735	14
22	32736	14
22	32737	14
22	32738	13
22	32739	13
22	32740	14
22	32741	14
22	32742	14
22	32743	14
22	32744	14
22	32745	14
22	32746	14
22	32747	14
22	32748	14
22	32749	15
22	32750	15
22	32751	15
22	32752	15
22	32753	15
22	32754	15
22	32755	15
22	32756	15
22	32757	15
22	32758	15
22	32759	15
22	32760	15
22	32761	15
22	32762	15
22	32763	15
22	32764	15
22	32765	15
22	32766	15
22	32767	16
22	32768	16
22	32769	16
22	32770	16
22	32771	15
22	32772	15
22	32773	15
22	32774	15
22	32775	15
22	32776	15
22	32777	15
22	32778	15
22	32779	15
22	32780	15
22	32781	15
22	32782	15
22	32783	15
22	32784	15
22	32785	15
22	32786	14
22	32787	14
22	32788	14
22	32789	14
22	32790	14
22	32791	13
22	32792	14
22	32793	13
22	32794	13
22	32795	13
22	32796	13
22	32797	13
22	32798	13
22	32799	13
22	32800	13
22	32801	12
22	32802	12
22	32803	12
22	32804	12
22	32805	12
22	32806	12
22	32807	12
22	32808	12
22	32809	12
22	32810	12
22	32811	12
22	32812	12
22	32813	13
22	32814	13
22	32815	13
22	32816	13
22	32817	13
22	32818	13
22	32819	13
22	32820	13
22	32821	13
22	32822	13
22	32823	12
22	32824	12
22	32825	12
22	32826	12
22	32827	12
22	32828	13
22	32829	13
22	32830	13
22	32831	13
22	32832	13
22	32833	13
22	32834	13
22	32835	13
22	32836	13
22	32837	13
22	32838	13
22	32839	11
22	32840	11
22	32841	10
22	32842	10
22	32843	10
22	32844	10
22	32845	10
22	32846	10
22	32847	12
22	32848	12
22	32849	11
22	32850	10
22	32851	10
22	32852	10
22	32853	10
22	32854	10
22	32855	10
22	32856	10
22	32857	10
22	32858	10
22	32859	10
22	32860	10
22	32861	9
22	32862	9
22	32863	9
22	32864	10
22	32865	10
22	32866	9
22	32867	9
22	32868	9
22	32869	9
22	32870	9
22	32871	9
22	32872	7
22	32873	7
22	32874	7
22	32875	7
22	32876	7
22	32877	7
22	32878	7
22	32879	7
22	32880	7
22	32881	7
22	32882	7
22	32883	7
22	32884	7
22	32885	7
22	32886	7
22	32887	7
22	32888	7
22	32889	7
22	32890	7
22	32891	7
22	32892	7
22	32893	7
22	32894	7
22	32895	7
22	32896	7
22	32897	7
22	32898	7
22	32899	6
22	32900	6
22	32901	6
22	32902	6
22	32903	6
22	32904	6
22	32905	6
22	32906	6
22	32907	6
22	32908	6
22	32909	6
22	32910	6
22	32911	6
22	32912	6
22	32913	6
22	32914	6
22	32915	7
22	32916	6
22	32917	6
22	32918	6
22	32919	6
22	32920	10
22	32921	10
22	32922	10
22	32923	10
22	32924	10
22	32925	10
22	32926	10
22	32927	10
22	32928	11
22	32929	10
22	32930	10
22	32931	12
22	32932	12
22	32933	12
22	32934	12
22	32935	12
22	32936	12
22	32937	12
22	32938	12
22	32939	12
22	32940	12
22	32941	12
22	32942	12
22	32943	12
22	32944	12
22	32945	12
22	32946	12
22	32947	12
22	32948	12
22	32949	12
22	32950	13
22	32951	13
22	32952	13
22	32953	13
22	32954	13
22	32955	13
22	32956	13
22	32957	13
22	32958	13
22	32959	13
22	32960	13
22	32961	13
22	32962	13
22	32963	12
22	32964	12
22	32965	13
22	32966	13
22	32967	13
22	32968	13
22	32969	13
22	32970	13
22	32971	13
22	32972	13
22	32973	13
22	32974	13
22	32975	14
22	32976	14
22	32977	13
22	32978	13
22	32979	13
22	32980	13
22	32981	13
22	32982	13
22	32983	13
22	32984	13
22	32985	14
22	32986	14
22	32987	14
22	32988	14
22	32989	14
22	32990	14
22	32991	14
22	32992	14
22	32993	14
22	32994	14
22	32995	14
22	32996	12
22	32997	12
22	32998	12
22	32999	12
22	33000	12
22	33001	12
22	33002	12
22	33003	13
22	33004	13
22	33005	13
22	33006	13
22	33007	13
22	33008	13
22	33009	13
22	33010	13
22	33011	13
22	33012	14
22	33013	14
22	33014	14
22	33015	15
22	33016	15
22	33017	15
22	33018	15
22	33019	15
22	33020	15
22	33021	15
22	33022	15
22	33023	16
22	33024	16
22	33025	17
22	33026	17
22	33027	17
22	33028	17
22	33029	17
22	33030	17
22	33031	17
22	33032	17
22	33033	17
22	33034	19
22	33035	19
22	33036	19
22	33037	19
22	33038	19
22	33039	19
22	33040	19
22	33041	19
22	33042	19
22	33043	19
22	33044	19
22	33045	19
22	33046	19
22	33047	19
22	33048	19
22	33049	19
22	33050	19
22	33051	19
22	33052	19
22	33053	19
22	33054	19
22	33055	19
22	33056	20
22	33057	20
22	33058	20
22	33059	20
22	33060	20
22	33061	20
22	33062	20
22	33063	20
22	33064	20
22	33065	19
22	33066	19
22	33067	19
22	33068	19
22	33069	21
22	33070	17
22	33071	17
22	33072	17
22	33073	17
22	33074	18
22	33075	18
22	33076	18
22	33077	18
22	33078	17
22	33079	17
22	33080	17
22	33081	15
22	33082	15
22	33083	15
22	33084	16
22	33085	16
22	33086	16
22	33087	16
22	33088	16
22	33089	16
22	33090	16
22	33091	16
22	33092	16
22	33093	16
22	33094	16
22	33095	16
22	33096	16
22	33097	16
22	33098	16
22	33099	15
22	33100	15
22	33101	15
22	33102	15
22	33103	15
22	33104	15
22	33105	15
22	33106	15
22	33107	15
22	33108	15
22	33109	15
22	33110	15
22	33111	15
22	33112	15
22	33113	15
22	33114	15
22	33115	14
22	33116	14
22	33117	14
22	33118	14
22	33119	14
22	33120	14
22	33121	14
22	33122	16
22	33123	16
22	33124	16
22	33125	17
22	33126	17
22	33127	18
22	33128	18
22	33129	18
22	33130	20
22	33131	20
22	33132	21
22	33133	21
22	33134	21
22	33135	20
22	33136	20
22	33137	20
22	33138	20
22	33139	20
22	33140	20
22	33141	20
22	33142	20
22	33143	20
22	33144	20
22	33145	20
22	33146	20
22	33147	20
22	33148	20
22	33149	20
22	33150	19
22	33151	19
22	33152	20
22	33153	20
22	33154	20
22	33155	20
22	33156	20
22	33157	20
22	33158	20
22	33159	20
22	33160	20
22	33161	20
22	33162	19
22	33163	19
22	33164	19
22	33165	18
22	33166	18
22	33167	18
22	33168	18
22	33169	19
22	33170	19
22	33171	19
22	33172	19
22	33173	19
22	33174	20
22	33175	19
22	33176	19
22	33177	19
22	33178	19
22	33179	19
22	33180	19
22	33181	19
22	33182	17
22	33183	17
22	33184	17
22	33185	17
22	33186	17
22	33187	17
22	33188	17
22	33189	17
22	33190	17
22	33191	17
22	33192	17
22	33193	17
22	33194	17
22	33195	17
22	33196	18
22	33197	18
22	33198	18
22	33199	18
22	33200	18
22	33201	18
22	33202	18
22	33203	19
22	33204	19
22	33205	19
22	33206	18
22	33207	18
22	33208	18
22	33209	18
22	33210	18
22	33211	18
22	33212	18
22	33213	16
22	33214	16
22	33215	16
22	33216	16
22	33217	16
22	33218	16
22	33219	16
22	33220	16
22	33221	16
22	33222	16
22	33223	15
22	33224	15
22	33225	15
22	33226	15
22	33227	15
22	33228	15
22	33229	15
22	33230	15
22	33231	15
22	33232	15
22	33233	15
22	33234	15
22	33235	15
22	33236	15
22	33237	15
22	33238	15
22	33239	15
22	33240	15
22	33241	15
22	33242	15
22	33243	15
22	33244	15
22	33245	15
22	33246	15
22	33247	16
22	33248	16
22	33249	16
22	33250	16
22	33251	16
22	33252	16
22	33253	16
22	33254	16
22	33255	17
22	33256	17
22	33257	17
22	33258	17
22	33259	17
22	33260	17
22	33261	17
22	33262	17
22	33263	18
22	33264	18
22	33265	18
22	33266	18
22	33267	18
22	33268	18
22	33269	18
22	33270	17
22	33271	17
22	33272	16
22	33273	17
22	33274	17
22	33275	15
22	33276	15
22	33277	14
22	33278	15
22	33279	15
22	33280	13
22	33281	13
22	33282	12
22	33283	12
22	33284	13
22	33285	13
22	33286	13
22	33287	13
22	33288	13
22	33289	13
22	33290	13
22	33291	13
22	33292	14
22	33293	14
22	33294	15
22	33295	15
22	33296	15
22	33297	15
22	33298	15
22	33299	15
22	33300	15
22	33301	14
22	33302	14
22	33303	14
22	33304	14
22	33305	14
22	33306	14
22	33307	14
22	33308	14
22	33309	14
22	33310	14
22	33311	14
22	33312	14
22	33313	14
22	33314	14
22	33315	14
22	33316	14
22	33317	14
22	33318	14
22	33319	13
22	33320	13
22	33321	13
22	33322	13
22	33323	12
22	33324	11
22	33325	11
22	33326	11
22	33327	11
22	33328	11
22	33329	11
22	33330	11
22	33331	11
22	33332	11
22	33333	11
22	33334	11
22	33335	11
22	33336	11
22	33337	11
22	33338	11
22	33339	12
22	33340	12
22	33341	12
22	33342	13
22	33343	14
22	33344	14
22	33345	14
22	33346	13
22	33347	13
22	33348	13
22	33349	13
22	33350	13
22	33351	13
22	33352	12
22	33353	12
22	33354	12
22	33355	12
22	33356	12
22	33357	12
22	33358	12
22	33359	12
22	33360	12
22	33361	12
22	33362	12
22	33363	12
22	33364	12
22	33365	12
22	33366	12
22	33367	12
22	33368	12
22	33369	12
22	33370	12
22	33371	12
22	33372	12
22	33373	12
22	33374	12
22	33375	12
22	33376	12
22	33377	12
22	33378	12
22	33379	12
22	33380	12
22	33381	12
22	33382	12
22	33383	12
22	33384	12
22	33385	12
22	33386	13
22	33387	13
22	33388	13
22	33389	13
22	33390	13
22	33391	13
22	33392	13
22	33393	13
22	33394	13
22	33395	13
22	33396	13
22	33397	12
22	33398	12
22	33399	12
22	33400	12
22	33401	12
22	33402	13
22	33403	13
22	33404	13
22	33405	12
22	33406	13
22	33407	13
22	33408	14
22	33409	14
22	33410	13
22	33411	13
22	33412	13
22	33413	14
22	33414	15
22	33415	15
22	33416	15
22	33417	15
22	33418	15
22	33419	14
22	33420	14
22	33421	14
22	33422	14
22	33423	13
22	33424	14
22	33425	14
22	33426	13
22	33427	13
22	33428	13
22	33429	13
22	33430	13
22	33431	13
22	33432	14
22	33433	14
22	33434	13
22	33435	13
22	33436	14
22	33437	15
22	33438	14
22	33439	14
22	33440	14
22	33441	15
22	33442	15
22	33443	14
22	33444	14
22	33445	14
22	33446	14
22	33447	14
22	33448	14
22	33449	14
22	33450	14
22	33451	14
22	33452	14
22	33453	14
22	33454	14
22	33455	14
22	33456	15
22	33457	15
22	33458	15
22	33459	16
22	33460	16
22	33461	16
22	33462	16
22	33463	16
22	33464	16
22	33465	16
22	33466	16
22	33467	16
22	33468	16
22	33469	16
22	33470	16
22	33471	16
22	33472	16
22	33473	16
22	33474	16
22	33475	16
22	33476	16
22	33477	16
22	33478	16
22	33479	16
22	33480	16
22	33481	16
22	33482	16
22	33483	17
22	33484	17
22	33485	17
22	33486	17
22	33487	17
22	33488	16
22	33489	16
22	33490	16
22	33491	16
22	33492	15
22	33493	14
22	33494	14
22	33495	14
22	33496	14
22	33497	14
22	33498	14
22	33499	14
22	33500	14
22	33501	14
22	33502	14
22	33503	14
22	33504	14
22	33505	14
22	33506	14
22	33507	15
22	33508	15
22	33509	15
22	33510	15
22	33511	15
22	33512	15
22	33513	15
22	33514	15
22	33515	15
22	33516	15
22	33517	15
22	33518	15
22	33519	15
22	33520	15
22	33521	16
22	33522	16
22	33523	16
22	33524	16
22	33525	16
22	33526	16
22	33527	16
22	33528	16
22	33529	16
22	33530	16
22	33531	16
22	33532	16
22	33533	16
22	33534	16
22	33535	17
22	33536	16
22	33537	16
22	33538	16
22	33539	16
22	33540	16
22	33541	16
22	33542	16
22	33543	16
22	33544	16
22	33545	16
22	33546	16
22	33547	16
22	33548	16
22	33549	16
22	33550	16
22	33551	16
22	33552	15
22	33553	15
22	33554	16
22	33555	16
22	33556	15
22	33557	14
22	33558	14
