22	15502	10
22	15503	10
22	15504	10
22	15505	10
22	15506	10
22	15507	10
22	15508	10
22	15509	10
22	15510	10
22	15511	10
22	15512	10
22	15513	10
22	15514	10
22	15515	10
22	15516	8
22	15517	8
22	15518	8
22	15519	8
22	15520	8
22	15521	8
22	15522	10
22	15523	10
22	15524	10
22	15525	10
22	15526	10
22	15527	9
22	15528	9
22	15529	8
22	15530	8
22	15531	8
22	15532	8
22	15533	8
22	15534	8
22	15535	8
22	15536	8
22	15537	8
22	15538	8
22	15539	8
22	15540	8
22	15541	8
22	15542	9
22	15543	9
22	15544	9
22	15545	9
22	15546	9
22	15547	9
22	15548	10
22	15549	10
22	15550	10
22	15551	10
22	15552	13
22	15553	14
22	15554	13
22	15555	13
22	15556	13
22	15557	13
22	15558	13
22	15559	13
22	15560	13
22	15561	14
22	15562	14
22	15563	14
22	15564	14
22	15565	14
22	15566	14
22	15567	15
22	15568	15
22	15569	15
22	15570	15
22	15571	15
22	15572	15
22	15573	15
22	15574	15
22	15575	15
22	15576	15
22	15577	15
22	15578	15
22	15579	16
22	15580	16
22	15581	16
22	15582	16
22	15583	16
22	15584	16
22	15585	16
22	15586	16
22	15587	16
22	15588	16
22	15589	16
22	15590	16
22	15591	16
22	15592	16
22	15593	16
22	15594	16
22	15595	16
22	15596	16
22	15597	16
22	15598	17
22	15599	17
22	15600	17
22	15601	17
22	15602	17
22	15603	17
22	15604	17
22	15605	17
22	15606	17
22	15607	17
22	15608	18
22	15609	18
22	15610	18
22	15611	18
22	15612	18
22	15613	18
22	15614	18
22	15615	18
22	15616	18
22	15617	18
22	15618	18
22	15619	18
22	15620	18
22	15621	18
22	15622	17
22	15623	17
22	15624	17
22	15625	17
22	15626	17
22	15627	17
22	15628	17
22	15629	17
22	15630	16
22	15631	16
22	15632	16
22	15633	16
22	15634	15
22	15635	15
22	15636	15
22	15637	15
22	15638	15
22	15639	15
22	15640	15
22	15641	16
22	15642	16
22	15643	16
22	15644	16
22	15645	16
22	15646	18
22	15647	18
22	15648	18
22	15649	16
22	15650	16
22	15651	16
22	15652	16
22	15653	16
22	15654	16
22	15655	16
22	15656	16
22	15657	16
22	15658	16
22	15659	16
22	15660	16
22	15661	18
22	15662	18
22	15663	19
22	15664	19
22	15665	19
22	15666	19
22	15667	19
22	15668	19
22	15669	19
22	15670	19
22	15671	20
22	15672	18
22	15673	18
22	15674	18
22	15675	18
22	15676	18
22	15677	19
22	15678	19
22	15679	19
22	15680	19
22	15681	19
22	15682	19
22	15683	19
22	15684	19
22	15685	19
22	15686	19
22	15687	19
22	15688	19
22	15689	19
22	15690	19
22	15691	19
22	15692	18
22	15693	18
22	15694	18
22	15695	18
22	15696	17
22	15697	17
22	15698	17
22	15699	17
22	15700	17
22	15701	17
22	15702	13
22	15703	13
22	15704	13
22	15705	13
22	15706	13
22	15707	13
22	15708	13
22	15709	13
22	15710	13
22	15711	12
22	15712	12
22	15713	14
22	15714	17
22	15715	17
22	15716	17
22	15717	16
22	15718	16
22	15719	17
22	15720	17
22	15721	17
22	15722	17
22	15723	17
22	15724	17
22	15725	17
22	15726	17
22	15727	17
22	15728	17
22	15729	16
22	15730	16
22	15731	16
22	15732	16
22	15733	16
22	15734	16
22	15735	16
22	15736	16
22	15737	16
22	15738	16
22	15739	18
22	15740	18
22	15741	18
22	15742	18
22	15743	18
22	15744	18
22	15745	18
22	15746	18
22	15747	18
22	15748	17
22	15749	17
22	15750	18
22	15751	18
22	15752	18
22	15753	19
22	15754	19
22	15755	19
22	15756	19
22	15757	20
22	15758	19
22	15759	19
22	15760	19
22	15761	19
22	15762	19
22	15763	19
22	15764	19
22	15765	19
22	15766	19
22	15767	19
22	15768	19
22	15769	19
22	15770	19
22	15771	19
22	15772	19
22	15773	19
22	15774	19
22	15775	19
22	15776	19
22	15777	19
22	15778	19
22	15779	19
22	15780	19
22	15781	19
22	15782	19
22	15783	20
22	15784	20
22	15785	20
22	15786	20
22	15787	20
22	15788	22
22	15789	22
22	15790	22
22	15791	21
22	15792	21
22	15793	21
22	15794	21
22	15795	21
22	15796	19
22	15797	19
22	15798	19
22	15799	19
22	15800	19
22	15801	19
22	15802	19
22	15803	19
22	15804	20
22	15805	20
22	15806	21
22	15807	21
22	15808	21
22	15809	21
22	15810	21
22	15811	19
22	15812	19
22	15813	18
22	15814	18
22	15815	18
22	15816	18
22	15817	18
22	15818	19
22	15819	19
22	15820	18
22	15821	19
22	15822	19
22	15823	19
22	15824	19
22	15825	19
22	15826	19
22	15827	18
22	15828	18
22	15829	18
22	15830	18
22	15831	18
22	15832	18
22	15833	18
22	15834	20
22	15835	20
22	15836	20
22	15837	20
22	15838	20
22	15839	20
22	15840	20
22	15841	20
22	15842	20
22	15843	20
22	15844	20
22	15845	20
22	15846	20
22	15847	20
22	15848	20
22	15849	20
22	15850	20
22	15851	20
22	15852	20
22	15853	20
22	15854	22
22	15855	23
22	15856	23
22	15857	23
22	15858	23
22	15859	23
22	15860	23
22	15861	23
22	15862	21
22	15863	18
22	15864	18
22	15865	18
22	15866	18
22	15867	18
22	15868	17
22	15869	17
22	15870	17
22	15871	17
22	15872	17
22	15873	17
22	15874	17
22	15875	17
22	15876	17
22	15877	17
22	15878	17
22	15879	18
22	15880	18
22	15881	18
22	15882	18
22	15883	18
22	15884	18
22	15885	17
22	15886	17
22	15887	17
22	15888	15
22	15889	16
22	15890	16
22	15891	18
22	15892	19
22	15893	19
22	15894	19
22	15895	19
22	15896	19
22	15897	20
22	15898	19
22	15899	19
22	15900	19
22	15901	19
22	15902	19
22	15903	18
22	15904	18
22	15905	18
22	15906	18
22	15907	17
22	15908	17
22	15909	17
22	15910	17
22	15911	17
22	15912	17
22	15913	17
22	15914	17
22	15915	17
22	15916	17
22	15917	17
22	15918	17
22	15919	17
22	15920	17
22	15921	17
22	15922	17
22	15923	17
22	15924	18
22	15925	18
22	15926	18
22	15927	18
22	15928	19
22	15929	19
22	15930	19
22	15931	19
22	15932	19
22	15933	18
22	15934	18
22	15935	18
22	15936	18
22	15937	18
22	15938	17
22	15939	17
22	15940	17
22	15941	17
22	15942	17
22	15943	17
22	15944	17
22	15945	17
22	15946	17
22	15947	17
22	15948	17
22	15949	17
22	15950	17
22	15951	17
22	15952	17
22	15953	17
22	15954	16
22	15955	16
22	15956	15
22	15957	16
22	15958	16
22	15959	17
22	15960	17
22	15961	17
22	15962	17
22	15963	17
22	15964	17
22	15965	17
22	15966	17
22	15967	17
22	15968	16
22	15969	16
22	15970	16
22	15971	15
22	15972	15
22	15973	15
22	15974	15
22	15975	15
22	15976	15
22	15977	15
22	15978	15
22	15979	15
22	15980	15
22	15981	15
22	15982	15
22	15983	13
22	15984	13
22	15985	13
22	15986	13
22	15987	13
22	15988	13
22	15989	13
22	15990	13
22	15991	13
22	15992	13
22	15993	13
22	15994	13
22	15995	13
22	15996	14
22	15997	14
22	15998	14
22	15999	14
22	16000	14
22	16001	14
22	16002	14
22	16003	14
22	16004	12
22	16005	11
22	16006	11
22	16007	11
22	16008	11
22	16009	11
22	16010	11
22	16011	11
22	16012	11
22	16013	11
22	16014	11
22	16015	11
22	16016	12
22	16017	12
22	16018	12
22	16019	12
22	16020	12
22	16021	12
22	16022	12
22	16023	12
22	16024	12
22	16025	12
22	16026	12
22	16027	12
22	16028	11
22	16029	11
22	16030	11
22	16031	11
22	16032	11
22	16033	11
22	16034	11
22	16035	11
22	16036	12
22	16037	12
22	16038	12
22	16039	11
22	16040	11
22	16041	8
22	16042	8
22	16043	8
22	16044	8
22	16045	8
22	16046	7
22	16047	7
22	16048	7
22	16049	7
22	16050	7
22	16051	7
22	16052	7
22	16053	7
22	16054	7
22	16055	7
22	16056	7
22	16057	7
22	16058	7
22	16059	7
22	16060	7
22	16061	7
22	16062	7
22	16063	7
22	16064	8
22	16065	8
22	16066	8
22	16067	8
22	16068	8
22	16069	8
22	16070	8
22	16071	8
22	16072	8
22	16073	7
22	16074	7
22	16075	8
22	16076	8
22	16077	8
22	16078	7
22	16079	7
22	16080	7
22	16081	7
22	16082	7
22	16083	7
22	16084	7
22	16085	7
22	16086	7
22	16087	7
22	16088	7
22	16089	7
22	16090	8
22	16091	9
22	16092	9
22	16093	9
22	16094	9
22	16095	9
22	16096	9
22	16097	9
22	16098	9
22	16099	9
22	16100	9
22	16101	9
22	16102	9
22	16103	9
22	16104	9
22	16105	9
22	16106	8
22	16107	8
22	16108	8
22	16109	7
22	16110	7
22	16111	7
22	16112	7
22	16113	7
22	16114	7
22	16115	8
22	16116	8
22	16117	8
22	16118	8
22	16119	8
22	16120	8
22	16121	8
22	16122	8
22	16123	8
22	16124	9
22	16125	9
22	16126	10
22	16127	10
22	16128	10
22	16129	10
22	16130	10
22	16131	10
22	16132	10
22	16133	10
22	16134	10
22	16135	10
22	16136	10
22	16137	10
22	16138	10
22	16139	11
22	16140	11
22	16141	11
22	16142	11
22	16143	11
22	16144	11
22	16145	11
22	16146	9
22	16147	10
22	16148	10
22	16149	10
22	16150	10
22	16151	10
22	16152	10
22	16153	10
22	16154	10
22	16155	10
22	16156	10
22	16157	10
22	16158	10
22	16159	10
22	16160	10
22	16161	10
22	16162	10
22	16163	10
22	16164	10
22	16165	10
22	16166	9
22	16167	9
22	16168	9
22	16169	9
22	16170	9
22	16171	9
22	16172	9
22	16173	9
22	16174	9
22	16175	9
22	16176	9
22	16177	9
22	16178	9
22	16179	9
22	16180	9
22	16181	9
22	16182	9
22	16183	9
22	16184	9
22	16185	9
22	16186	8
22	16187	8
22	16188	8
22	16189	8
22	16190	8
22	16191	8
22	16192	8
22	16193	8
22	16194	8
22	16195	8
22	16196	8
22	16197	8
22	16198	8
22	16199	8
22	16200	8
22	16201	8
22	16202	8
22	16203	8
22	16204	8
22	16205	8
22	16206	8
22	16207	8
22	16208	8
22	16209	8
22	16210	8
22	16211	8
22	16212	8
22	16213	8
22	16214	7
22	16215	7
22	16216	7
22	16217	7
22	16218	7
22	16219	7
22	16220	7
22	16221	7
22	16222	7
22	16223	7
22	16224	6
22	16225	6
22	16226	6
22	16227	6
22	16228	6
22	16229	6
22	16230	6
22	16231	6
22	16232	7
22	16233	7
22	16234	7
22	16235	7
22	16236	7
22	16237	8
22	16238	8
22	16239	8
22	16240	8
22	16241	6
22	16242	6
22	16243	6
22	16244	6
22	16245	6
22	16246	6
22	16247	6
22	16248	6
22	16249	6
22	16250	6
22	16251	6
22	16252	6
22	16253	6
22	16254	6
22	16255	7
22	16256	7
22	16257	7
22	16258	7
22	16259	7
22	16260	8
22	16261	8
22	16262	8
22	16263	8
22	16264	7
22	16265	7
22	16266	7
22	16267	7
22	16268	7
22	16269	7
22	16270	7
22	16271	7
22	16272	7
22	16273	7
22	16274	5
22	16275	5
22	16276	5
22	16277	5
22	16278	5
22	16279	5
22	16280	5
22	16281	5
22	16282	5
22	16283	5
22	16284	5
22	16285	5
22	16286	5
22	16287	5
22	16288	4
22	16289	4
22	16290	4
22	16291	4
22	16292	4
22	16293	4
22	16294	4
22	16295	4
22	16296	4
22	16297	4
22	16298	6
22	16299	6
22	16300	6
22	16301	6
22	16302	6
22	16303	6
22	16304	6
22	16305	6
22	16306	6
22	16307	6
22	16308	6
22	16309	6
22	16310	6
22	16311	6
22	16312	6
22	16313	6
22	16314	6
22	16315	6
22	16316	6
22	16317	6
22	16318	6
22	16319	6
22	16320	6
22	16321	6
22	16322	6
22	16323	6
22	16324	6
22	16325	6
22	16326	6
22	16327	6
22	16328	6
22	16329	6
22	16330	6
22	16331	6
22	16332	6
22	16333	6
22	16334	6
22	16335	6
22	16336	6
22	16337	6
22	16338	6
22	16339	6
22	16340	6
22	16341	6
22	16342	6
22	16343	6
22	16344	6
22	16345	6
22	16346	6
22	16347	6
22	16348	6
22	16349	6
22	16350	6
22	16351	6
22	16352	6
22	16353	6
22	16354	6
22	16355	6
22	16356	6
22	16357	6
22	16358	6
22	16359	6
22	16360	6
22	16361	6
22	16362	6
22	16363	6
22	16364	6
22	16365	6
22	16366	6
22	16367	6
22	16368	6
22	16369	6
22	16370	6
22	16371	6
22	16372	6
22	16373	6
22	16374	6
22	16375	6
22	16376	6
22	16377	6
22	16378	6
22	16379	6
22	16380	6
22	16381	6
22	16382	5
22	16383	5
22	16384	5
22	16385	5
22	16386	4
22	16387	4
22	16388	4
22	16389	4
22	16390	4
22	16391	4
22	16392	4
22	16393	4
22	16394	4
22	16395	4
22	16396	4
22	16397	4
22	16398	4
22	16399	4
22	16400	4
22	16401	4
22	16402	4
22	16403	4
22	16404	4
22	16405	3
22	16406	3
22	16407	3
22	16408	3
22	16409	2
22	16410	2
22	16411	2
22	16412	2
22	16413	2
22	16414	2
22	16415	2
22	16416	2
22	16417	2
22	16418	2
22	16419	2
22	16420	3
22	16421	3
22	16422	3
22	16423	3
22	16424	3
22	16425	3
22	16426	3
22	16427	3
22	16428	3
22	16429	3
22	16430	3
22	16431	3
22	16432	3
22	16433	3
22	16434	3
22	16435	3
22	16436	3
22	16437	3
22	16438	3
22	16439	5
22	16440	5
22	16441	5
22	16442	6
22	16443	6
22	16444	6
22	16445	6
22	16446	6
22	16447	6
22	16448	4
22	16449	4
22	16450	4
22	16451	4
22	16452	4
22	16453	4
22	16454	4
22	16455	4
22	16456	4
22	16457	4
22	16458	4
22	16459	5
22	16460	5
22	16461	5
22	16462	5
22	16463	5
22	16464	5
22	16465	5
22	16466	5
22	16467	5
22	16468	5
22	16469	5
22	16470	5
22	16471	5
22	16472	5
22	16473	5
22	16474	5
22	16475	5
22	16476	5
22	16477	5
22	16478	5
22	16479	5
22	16480	5
22	16481	5
22	16482	5
22	16483	5
22	16484	5
22	16485	5
22	16486	5
22	16487	5
22	16488	5
22	16489	5
22	16490	5
22	16491	6
22	16492	6
22	16493	6
22	16494	6
22	16495	6
22	16496	6
22	16497	6
22	16498	6
22	16499	6
22	16500	6
22	16501	6
22	16502	6
22	16503	6
22	16504	6
22	16505	6
22	16506	6
22	16507	6
22	16508	6
22	16509	6
22	16510	6
22	16511	6
22	16512	6
22	16513	6
22	16514	6
22	16515	6
22	16516	6
22	16517	6
22	16518	6
22	16519	6
22	16520	6
22	16521	6
22	16522	7
22	16523	7
22	16524	7
22	16525	7
22	16526	7
22	16527	7
22	16528	7
22	16529	7
22	16530	7
22	16531	7
22	16532	7
22	16533	7
22	16534	7
22	16535	7
22	16536	7
22	16537	7
22	16538	7
22	16539	7
22	16540	7
22	16541	7
22	16542	7
22	16543	7
22	16544	7
22	16545	7
22	16546	7
22	16547	7
22	16548	7
22	16549	7
22	16550	7
22	16551	7
22	16552	7
22	16553	7
22	16554	7
22	16555	7
22	16556	7
22	16557	7
22	16558	7
22	16559	7
22	16560	11
22	16561	11
22	16562	11
22	16563	11
22	16564	11
22	16565	11
22	16566	11
22	16567	11
22	16568	11
22	16569	10
22	16570	10
22	16571	10
22	16572	10
22	16573	10
22	16574	10
22	16575	10
22	16576	10
22	16577	10
22	16578	10
22	16579	10
22	16580	10
22	16581	10
22	16582	10
22	16583	10
22	16584	10
22	16585	10
22	16586	10
22	16587	10
22	16588	10
22	16589	9
22	16590	9
22	16591	9
22	16592	8
22	16593	8
22	16594	8
22	16595	8
22	16596	8
22	16597	8
22	16598	8
22	16599	8
22	16600	8
22	16601	8
22	16602	8
22	16603	8
22	16604	8
22	16605	8
22	16606	8
22	16607	8
22	16608	8
22	16609	7
22	16610	7
22	16611	7
22	16612	7
22	16613	7
22	16614	7
22	16615	7
22	16616	7
22	16617	7
22	16618	7
22	16619	7
22	16620	7
22	16621	7
22	16622	7
22	16623	7
22	16624	7
22	16625	7
22	16626	7
22	16627	7
22	16628	7
22	16629	7
22	16630	7
22	16631	7
22	16632	7
22	16633	7
22	16634	7
22	16635	7
22	16636	7
22	16637	7
22	16638	7
22	16639	7
22	16640	7
22	16641	7
22	16642	8
22	16643	8
22	16644	8
22	16645	8
22	16646	9
22	16647	9
22	16648	9
22	16649	9
22	16650	9
22	16651	9
22	16652	9
22	16653	9
22	16654	9
22	16655	9
22	16656	9
22	16657	9
22	16658	9
22	16659	9
22	16660	9
22	16661	9
22	16662	9
22	16663	9
22	16664	9
22	16665	9
22	16666	9
22	16667	9
22	16668	9
22	16669	9
22	16670	9
22	16671	9
22	16672	8
22	16673	8
22	16674	9
22	16675	9
22	16676	9
22	16677	8
22	16678	8
22	16679	8
22	16680	8
22	16681	8
22	16682	8
22	16683	8
22	16684	8
22	16685	8
22	16686	8
22	16687	8
22	16688	8
22	16689	8
22	16690	8
22	16691	8
22	16692	8
22	16693	8
22	16694	8
22	16695	8
22	16696	8
22	16697	8
22	16698	8
22	16699	8
22	16700	8
22	16701	8
22	16702	8
22	16703	8
22	16704	8
22	16705	8
22	16706	8
22	16707	8
22	16708	8
22	16709	8
22	16710	5
22	16711	5
22	16712	5
22	16713	5
22	16714	5
22	16715	5
22	16716	5
22	16717	5
22	16718	5
22	16719	5
22	16720	5
22	16721	5
22	16722	5
22	16723	5
22	16724	5
22	16725	5
22	16726	5
22	16727	5
22	16728	5
22	16729	5
22	16730	5
22	16731	5
22	16732	5
22	16733	5
22	16734	5
22	16735	5
22	16736	5
22	16737	5
22	16738	5
22	16739	4
22	16740	4
22	16741	5
22	16742	5
22	16743	5
22	16744	5
22	16745	5
22	16746	5
22	16747	5
22	16748	5
22	16749	7
22	16750	7
22	16751	7
22	16752	7
22	16753	7
22	16754	7
22	16755	7
22	16756	7
22	16757	7
22	16758	7
22	16759	7
22	16760	7
22	16761	7
22	16762	7
22	16763	7
22	16764	7
22	16765	7
22	16766	7
22	16767	7
22	16768	7
22	16769	7
22	16770	7
22	16771	7
22	16772	7
22	16773	7
22	16774	7
22	16775	7
22	16776	7
22	16777	7
22	16778	10
22	16779	10
22	16780	10
22	16781	10
22	16782	10
22	16783	10
22	16784	10
22	16785	10
22	16786	10
22	16787	10
22	16788	10
22	16789	10
22	16790	10
22	16791	10
22	16792	9
22	16793	9
22	16794	8
22	16795	8
22	16796	8
22	16797	8
22	16798	8
22	16799	8
22	16800	10
22	16801	10
22	16802	10
22	16803	10
22	16804	10
22	16805	10
22	16806	10
22	16807	10
22	16808	10
22	16809	10
22	16810	10
22	16811	10
22	16812	10
22	16813	10
22	16814	10
22	16815	11
22	16816	11
22	16817	11
22	16818	11
22	16819	11
22	16820	11
22	16821	11
22	16822	10
22	16823	10
22	16824	10
22	16825	10
22	16826	10
22	16827	10
22	16828	10
22	16829	10
22	16830	10
22	16831	10
22	16832	10
22	16833	10
22	16834	11
22	16835	11
22	16836	11
22	16837	11
22	16838	11
22	16839	11
22	16840	11
22	16841	11
22	16842	11
22	16843	11
22	16844	11
22	16845	11
22	16846	11
22	16847	11
22	16848	11
22	16849	11
22	16850	11
22	16851	11
22	16852	12
22	16853	12
22	16854	12
22	16855	12
22	16856	12
22	16857	12
22	16858	12
22	16859	12
22	16860	12
22	16861	12
22	16862	12
22	16863	12
22	16864	12
22	16865	12
22	16866	12
22	16867	12
22	16868	12
22	16869	12
22	16870	12
22	16871	12
22	16872	12
22	16873	12
22	16874	12
22	16875	12
22	16876	12
22	16877	12
22	16878	12
22	16879	13
22	16880	13
22	16881	13
22	16882	13
22	16883	13
22	16884	13
22	16885	13
22	16886	13
22	16887	13
22	16888	13
22	16889	13
22	16890	13
22	16891	12
22	16892	12
22	16893	12
22	16894	12
22	16895	12
22	16896	12
22	16897	12
22	16898	12
22	16899	13
22	16900	13
22	16901	13
22	16902	13
22	16903	13
22	16904	14
22	16905	14
22	16906	14
22	16907	14
22	16908	14
22	16909	14
22	16910	14
22	16911	14
22	16912	14
22	16913	14
22	16914	14
22	16915	14
22	16916	14
22	16917	14
22	16918	16
22	16919	16
22	16920	16
22	16921	16
22	16922	16
22	16923	16
22	16924	16
22	16925	16
22	16926	16
22	16927	16
22	16928	13
22	16929	13
22	16930	13
22	16931	13
22	16932	13
22	16933	13
22	16934	13
22	16935	13
22	16936	13
22	16937	13
22	16938	13
22	16939	13
22	16940	13
22	16941	13
22	16942	13
22	16943	13
22	16944	13
22	16945	13
22	16946	13
22	16947	13
22	16948	13
22	16949	13
22	16950	12
22	16951	12
22	16952	12
22	16953	12
22	16954	12
22	16955	12
22	16956	12
22	16957	12
22	16958	12
22	16959	11
22	16960	11
22	16961	11
22	16962	11
22	16963	11
22	16964	11
22	16965	10
22	16966	10
22	16967	10
22	16968	10
22	16969	10
22	16970	10
22	16971	10
22	16972	10
22	16973	10
22	16974	10
22	16975	10
22	16976	10
22	16977	10
22	16978	10
22	16979	10
22	16980	10
22	16981	10
22	16982	10
22	16983	10
22	16984	10
22	16985	11
22	16986	11
22	16987	11
22	16988	11
22	16989	11
22	16990	11
22	16991	11
22	16992	11
22	16993	11
22	16994	11
22	16995	12
22	16996	12
22	16997	12
22	16998	12
22	16999	12
22	17000	12
22	17001	13
22	17002	13
22	17003	13
22	17004	13
22	17005	13
22	17006	13
22	17007	13
22	17008	13
22	17009	13
22	17010	13
22	17011	11
22	17012	13
22	17013	13
22	17014	13
22	17015	13
22	17016	13
22	17017	13
22	17018	13
22	17019	13
22	17020	13
22	17021	13
22	17022	14
22	17023	14
22	17024	14
22	17025	14
22	17026	14
22	17027	14
22	17028	14
22	17029	13
22	17030	13
22	17031	13
22	17032	13
22	17033	13
22	17034	13
22	17035	14
22	17036	14
22	17037	14
22	17038	14
22	17039	14
22	17040	15
22	17041	15
22	17042	15
22	17043	15
22	17044	15
22	17045	15
22	17046	15
22	17047	15
22	17048	15
22	17049	12
22	17050	12
22	17051	12
22	17052	13
22	17053	13
22	17054	12
22	17055	12
22	17056	12
22	17057	12
22	17058	12
22	17059	12
22	17060	12
22	17061	12
22	17062	12
22	17063	12
22	17064	12
22	17065	12
22	17066	12
22	17067	12
22	17068	12
22	17069	10
22	17070	10
22	17071	10
22	17072	10
22	17073	10
22	17074	10
22	17075	10
22	17076	10
22	17077	10
22	17078	10
22	17079	10
22	17080	10
22	17081	10
22	17082	10
22	17083	10
22	17084	10
22	17085	10
22	17086	10
22	17087	10
22	17088	10
22	17089	10
22	17090	10
22	17091	10
22	17092	10
22	17093	10
22	17094	10
22	17095	10
22	17096	10
22	17097	10
22	17098	10
22	17099	10
22	17100	9
22	17101	9
22	17102	9
22	17103	9
22	17104	9
22	17105	9
22	17106	9
22	17107	9
22	17108	9
22	17109	9
22	17110	9
22	17111	9
22	17112	9
22	17113	9
22	17114	9
22	17115	9
22	17116	9
22	17117	9
22	17118	9
22	17119	9
22	17120	9
22	17121	9
22	17122	9
22	17123	9
22	17124	9
22	17125	9
22	17126	9
22	17127	9
22	17128	9
22	17129	9
22	17130	9
22	17131	9
22	17132	9
22	17133	8
22	17134	7
22	17135	7
22	17136	7
22	17137	7
22	17138	7
22	17139	7
22	17140	7
22	17141	7
22	17142	7
22	17143	7
22	17144	6
22	17145	6
22	17146	6
22	17147	6
22	17148	6
22	17149	6
22	17150	5
22	17151	7
22	17152	6
22	17153	6
22	17154	6
22	17155	6
22	17156	6
22	17157	6
22	17158	6
22	17159	6
22	17160	6
22	17161	6
22	17162	7
22	17163	7
22	17164	7
22	17165	7
22	17166	7
22	17167	7
22	17168	7
22	17169	7
22	17170	7
22	17171	7
22	17172	6
22	17173	6
22	17174	6
22	17175	6
22	17176	6
22	17177	6
22	17178	6
22	17179	6
22	17180	6
22	17181	6
22	17182	5
22	17183	5
22	17184	6
22	17185	6
22	17186	6
22	17187	7
22	17188	7
22	17189	7
22	17190	6
22	17191	6
22	17192	6
22	17193	6
22	17194	6
22	17195	6
22	17196	6
22	17197	6
22	17198	6
22	17199	6
22	17200	6
22	17201	6
22	17202	5
22	17203	5
22	17204	5
22	17205	5
22	17206	5
22	17207	5
22	17208	5
22	17209	5
22	17210	5
22	17211	5
22	17212	5
22	17213	5
22	17214	5
22	17215	5
22	17216	5
22	17217	5
22	17218	5
22	17219	5
22	17220	5
22	17221	5
22	17222	5
22	17223	5
22	17224	5
22	17225	5
22	17226	5
22	17227	5
22	17228	5
22	17229	5
22	17230	5
22	17231	5
22	17232	6
22	17233	6
22	17234	6
22	17235	6
22	17236	6
22	17237	6
22	17238	7
22	17239	7
22	17240	7
22	17241	7
22	17242	7
22	17243	7
22	17244	7
22	17245	7
22	17246	7
22	17247	7
22	17248	7
22	17249	7
22	17250	7
22	17251	7
22	17252	7
22	17253	7
22	17254	7
22	17255	7
22	17256	7
22	17257	7
22	17258	7
22	17259	7
22	17260	7
22	17261	7
22	17262	7
22	17263	7
22	17264	7
22	17265	7
22	17266	7
22	17267	7
22	17268	7
22	17269	7
22	17270	7
22	17271	7
22	17272	7
22	17273	7
22	17274	7
22	17275	7
22	17276	7
22	17277	7
22	17278	7
22	17279	7
22	17280	7
22	17281	7
22	17282	7
22	17283	7
22	17284	7
22	17285	7
22	17286	7
22	17287	7
22	17288	7
22	17289	7
22	17290	7
22	17291	7
22	17292	7
22	17293	7
22	17294	7
22	17295	7
22	17296	7
22	17297	8
22	17298	8
22	17299	8
22	17300	8
22	17301	6
22	17302	6
22	17303	6
22	17304	6
22	17305	6
22	17306	6
22	17307	6
22	17308	6
22	17309	6
22	17310	6
22	17311	6
22	17312	6
22	17313	6
22	17314	6
22	17315	6
22	17316	6
22	17317	6
22	17318	6
22	17319	7
22	17320	7
22	17321	7
22	17322	7
22	17323	7
22	17324	7
22	17325	9
22	17326	9
22	17327	9
22	17328	9
22	17329	9
22	17330	9
22	17331	9
22	17332	9
22	17333	9
22	17334	8
22	17335	8
22	17336	8
22	17337	7
22	17338	7
22	17339	7
22	17340	7
22	17341	7
22	17342	7
22	17343	7
22	17344	7
22	17345	7
22	17346	7
22	17347	7
22	17348	7
22	17349	7
22	17350	7
22	17351	7
22	17352	7
22	17353	7
22	17354	7
22	17355	7
22	17356	7
22	17357	7
22	17358	7
22	17359	7
22	17360	7
22	17361	7
22	17362	7
22	17363	7
22	17364	7
22	17365	7
22	17366	7
22	17367	7
22	17368	7
22	17369	7
22	17370	7
22	17371	7
22	17372	7
22	17373	7
22	17374	8
22	17375	8
22	17376	8
22	17377	9
22	17378	9
22	17379	10
22	17380	10
22	17381	10
22	17382	9
22	17383	9
22	17384	9
22	17385	9
22	17386	9
22	17387	9
22	17388	8
22	17389	8
22	17390	8
22	17391	8
22	17392	8
22	17393	8
22	17394	8
22	17395	8
22	17396	8
22	17397	8
22	17398	8
22	17399	8
22	17400	8
22	17401	8
22	17402	8
22	17403	8
22	17404	8
22	17405	8
22	17406	8
22	17407	8
22	17408	8
22	17409	8
22	17410	8
22	17411	8
22	17412	8
22	17413	8
22	17414	8
22	17415	8
22	17416	8
22	17417	8
22	17418	8
22	17419	8
22	17420	8
22	17421	8
22	17422	8
22	17423	8
22	17424	8
22	17425	8
22	17426	8
22	17427	8
22	17428	8
22	17429	8
22	17430	8
22	17431	8
22	17432	8
22	17433	9
22	17434	9
22	17435	9
22	17436	9
22	17437	9
22	17438	9
22	17439	9
22	17440	9
22	17441	9
22	17442	9
22	17443	9
22	17444	9
22	17445	9
22	17446	8
22	17447	8
22	17448	8
22	17449	8
22	17450	8
22	17451	8
22	17452	8
22	17453	8
22	17454	8
22	17455	8
22	17456	8
22	17457	8
22	17458	8
22	17459	8
22	17460	8
22	17461	8
22	17462	7
22	17463	7
22	17464	7
22	17465	7
22	17466	7
22	17467	7
22	17468	7
22	17469	6
22	17470	6
22	17471	6
22	17472	6
22	17473	6
22	17474	5
22	17475	4
22	17476	4
22	17477	4
22	17478	4
22	17479	4
22	17480	4
22	17481	4
22	17482	4
22	17483	4
22	17484	4
22	17485	4
22	17486	4
22	17487	4
22	17488	4
22	17489	4
22	17490	4
22	17491	4
22	17492	4
22	17493	4
22	17494	4
22	17495	4
22	17496	4
22	17497	4
22	17498	4
22	17499	4
22	17500	4
22	17501	4
22	17502	4
22	17503	4
22	17504	4
22	17505	4
22	17506	4
22	17507	4
22	17508	4
22	17509	4
22	17510	4
22	17511	4
22	17512	4
22	17513	4
22	17514	4
22	17515	4
22	17516	4
22	17517	4
22	17518	4
22	17519	4
22	17520	4
22	17521	4
22	17522	4
22	17523	4
22	17524	3
22	17525	3
22	17526	3
22	17527	2
22	17528	1
22	17529	1
22	17530	1
22	17531	1
22	17532	1
22	17533	1
22	17534	1
22	17535	1
22	17536	1
22	17537	1
22	17538	1
22	17539	1
22	17540	1
22	17541	1
22	17542	1
22	17543	1
22	17544	1
22	17545	1
22	17546	1
22	17547	1
22	17548	1
22	17549	1
22	17550	1
22	17551	1
22	17552	1
22	17553	1
22	17554	1
22	17555	1
22	17556	1
22	17557	1
22	17558	1
22	17559	1
22	17560	1
22	17561	1
22	17562	1
22	17563	1
22	17564	1
22	17565	1
22	17566	1
22	17567	1
22	17568	1
22	17569	1
22	17570	1
22	17571	1
22	17572	1
22	17573	1
22	17574	1
22	17575	1
22	17576	1
22	17577	1
22	17578	1
22	17579	1
22	17580	1
22	17581	1
22	17582	1
22	17881	1
22	17882	1
22	17883	1
22	17884	1
22	17885	1
22	17886	1
22	17887	1
22	17888	1
22	17889	1
22	17890	1
22	17891	1
22	17892	1
22	17893	1
22	17894	1
22	17895	1
22	17896	1
22	17897	1
22	17898	1
22	17899	1
22	17900	1
22	17901	1
22	17902	1
22	17903	1
22	17904	1
22	17905	1
22	17906	1
22	17907	1
22	17908	1
22	17909	1
22	17910	1
22	17911	1
22	17912	1
22	17913	1
22	17914	1
22	17915	1
22	17916	1
22	17917	1
22	17918	1
22	17919	1
22	17920	1
22	17921	1
22	17922	1
22	17923	1
22	17924	1
22	17925	1
22	17926	1
22	17927	1
22	17928	1
22	17929	1
22	17930	1
22	17931	1
22	17932	1
22	17933	1
22	17934	1
22	17935	1
22	17936	1
22	17937	1
22	17938	1
22	17939	1
22	17940	1
22	17941	1
22	17942	1
22	17943	1
22	17944	1
22	17945	1
22	17946	1
22	17947	1
22	17948	1
22	17949	1
22	17950	1
22	17951	1
22	17952	1
22	17953	1
22	17954	1
22	17955	1
22	17956	1
22	17957	1
22	17958	1
22	17959	1
22	17960	1
22	17961	1
22	17962	1
22	17963	1
22	17964	1
22	17965	1
22	17966	1
22	17967	1
22	17968	1
22	17969	1
22	17970	1
22	17971	1
22	17972	1
22	17973	1
22	17974	1
22	17975	1
22	17976	1
22	17977	1
22	17978	1
22	17979	1
22	17980	1
22	17981	2
22	17982	2
22	17983	2
22	17984	2
22	17985	2
22	17986	2
22	17987	2
22	17988	2
22	17989	2
22	17990	2
22	17991	2
22	17992	2
22	17993	2
22	17994	2
22	17995	2
22	17996	2
22	17997	2
22	17998	2
22	17999	2
22	18000	2
22	18001	2
22	18002	2
22	18003	2
22	18004	2
22	18005	2
22	18006	2
22	18007	2
22	18008	2
22	18009	2
22	18010	2
22	18011	2
22	18012	2
22	18013	2
22	18014	2
22	18015	2
22	18016	2
22	18017	2
22	18018	2
22	18019	2
22	18020	2
22	18021	2
22	18022	2
22	18023	2
22	18024	2
22	18025	2
22	18026	2
22	18027	2
22	18028	2
22	18029	2
22	18030	2
22	18031	1
22	18032	1
22	18033	1
22	18034	1
22	18035	1
22	18036	1
22	18037	1
22	18038	1
22	18039	1
22	18040	1
22	18041	1
22	18042	1
22	18043	1
22	18044	1
22	18045	1
22	18046	1
22	18047	1
22	18048	1
22	18049	1
22	18050	1
22	18051	1
22	18052	1
22	18053	1
22	18054	1
22	18055	1
22	18056	1
22	18057	1
22	18058	1
22	18059	1
22	18060	1
22	18061	1
22	18062	1
22	18063	1
22	18064	1
22	18065	1
22	18066	1
22	18067	1
22	18068	1
22	18069	1
22	18070	1
22	18071	1
22	18072	1
22	18073	1
22	18074	1
22	18075	1
22	18076	1
22	18077	1
22	18078	1
22	18079	1
22	18080	1
22	18081	1
22	18082	1
22	18083	1
22	18084	1
22	18085	1
22	18086	1
22	18087	1
22	18088	1
22	18089	1
22	18090	1
22	18091	1
22	18092	1
22	18093	1
22	18094	1
22	18095	1
22	18096	1
22	18097	1
22	18098	1
22	18099	1
22	18100	1
22	18101	1
22	18102	1
22	18103	1
22	18104	1
22	18105	1
22	18106	1
22	18107	1
22	18108	1
22	18109	1
22	18110	1
22	18111	1
22	18112	1
22	18113	1
22	18114	1
22	18115	1
22	18116	1
22	18117	1
22	18118	1
22	18119	1
22	18120	1
22	18121	1
22	18122	1
22	18123	1
22	18124	1
22	18125	1
22	18126	1
22	18127	1
22	18128	1
22	18129	1
22	18130	1
22	19429	1
22	19430	6
22	19431	6
22	19432	6
22	19433	6
22	19434	6
22	19435	6
22	19436	6
22	19437	6
22	19438	6
22	19439	6
22	19440	6
22	19441	8
22	19442	8
22	19443	8
22	19444	8
22	19445	8
22	19446	8
22	19447	8
22	19448	9
22	19449	9
22	19450	10
22	19451	11
22	19452	12
22	19453	12
22	19454	12
22	19455	12
22	19456	12
22	19457	12
22	19458	12
22	19459	12
22	19460	12
22	19461	12
22	19462	12
22	19463	12
22	19464	12
22	19465	12
22	19466	13
22	19467	14
22	19468	14
22	19469	15
22	19470	15
22	19471	14
22	19472	14
22	19473	14
22	19474	14
22	19475	14
22	19476	14
22	19477	14
22	19478	14
22	19479	14
22	19480	14
22	19481	14
22	19482	14
22	19483	14
22	19484	15
22	19485	15
22	19486	15
22	19487	15
22	19488	15
22	19489	15
22	19490	15
22	19491	15
22	19492	15
22	19493	15
22	19494	15
22	19495	15
22	19496	15
22	19497	15
22	19498	15
22	19499	15
22	19500	15
22	19501	15
22	19502	15
22	19503	15
22	19504	15
22	19505	14
22	19506	14
22	19507	14
22	19508	14
22	19509	14
22	19510	14
22	19511	14
22	19512	14
22	19513	14
22	19514	14
22	19515	14
22	19516	14
22	19517	14
22	19518	14
22	19519	14
22	19520	14
22	19521	15
22	19522	15
22	19523	15
22	19524	15
22	19525	15
22	19526	15
22	19527	15
22	19528	15
22	19529	15
22	19530	16
22	19531	16
22	19532	16
22	19533	16
22	19534	16
22	19535	16
22	19536	16
22	19537	16
22	19538	16
22	19539	16
22	19540	16
22	19541	16
22	19542	16
22	19543	16
22	19544	16
22	19545	16
22	19546	16
22	19547	16
22	19548	16
22	19549	16
22	19550	16
22	19551	17
22	19552	17
22	19553	17
22	19554	17
22	19555	17
22	19556	17
22	19557	17
22	19558	17
22	19559	17
22	19560	17
22	19561	17
22	19562	17
22	19563	17
22	19564	17
22	19565	17
22	19566	18
22	19567	18
22	19568	18
22	19569	18
22	19570	18
22	19571	18
22	19572	18
22	19573	18
22	19574	18
22	19575	18
22	19576	18
22	19577	19
22	19578	19
22	19579	18
22	19580	19
22	19581	19
22	19582	19
22	19583	19
22	19584	19
22	19585	19
22	19586	19
22	19587	21
22	19588	21
22	19589	21
22	19590	21
22	19591	19
22	19592	19
22	19593	19
22	19594	19
22	19595	19
22	19596	19
22	19597	19
22	19598	18
22	19599	16
22	19600	15
22	19601	15
22	19602	15
22	19603	15
22	19604	15
22	19605	15
22	19606	15
22	19607	15
22	19608	15
22	19609	15
22	19610	15
22	19611	15
22	19612	15
22	19613	15
22	19614	15
22	19615	15
22	19616	14
22	19617	13
22	19618	13
22	19619	12
22	19620	11
22	19621	11
22	19622	11
22	19623	11
22	19624	11
22	19625	11
22	19626	11
22	19627	11
22	19628	11
22	19629	10
22	19630	10
22	19631	10
22	19632	11
22	19633	11
22	19634	10
22	19635	10
22	19636	10
22	19637	10
22	19638	10
22	19639	10
22	19640	10
22	19641	10
22	19642	10
22	19643	10
22	19644	10
22	19645	10
22	19646	10
22	19647	10
22	19648	10
22	19649	10
22	19650	10
22	19651	10
22	19652	10
22	19653	10
22	19654	10
22	19655	10
22	19656	10
22	19657	10
22	19658	10
22	19659	11
22	19660	11
22	19661	11
22	19662	11
22	19663	11
22	19664	11
22	19665	11
22	19666	11
22	19667	11
22	19668	11
22	19669	12
22	19670	12
22	19671	11
22	19672	10
22	19673	10
22	19674	10
22	19675	10
22	19676	10
22	19677	9
22	19678	9
22	19679	9
22	19680	9
22	19681	9
22	19682	9
22	19683	9
22	19684	9
22	19685	9
22	19686	9
22	19687	9
22	19688	9
22	19689	9
22	19690	9
22	19691	9
22	19692	9
22	19693	9
22	19694	9
22	19695	9
22	19696	9
22	19697	9
22	19698	9
22	19699	9
22	19700	8
22	19701	8
22	19702	8
22	19703	8
22	19704	10
22	19705	10
22	19706	10
22	19707	10
22	19708	11
22	19709	11
22	19710	11
22	19711	13
22	19712	13
22	19713	13
22	19714	13
22	19715	12
22	19716	12
22	19717	12
22	19718	12
22	19719	12
22	19720	12
22	19721	12
22	19722	12
22	19723	12
22	19724	12
22	19725	12
22	19726	12
22	19727	11
22	19728	11
22	19729	11
22	19730	10
22	19731	10
22	19732	10
22	19733	10
22	19734	10
22	19735	10
22	19736	10
22	19737	8
22	19738	8
22	19739	8
22	19740	8
22	19741	8
22	19742	8
22	19743	9
22	19744	9
22	19745	9
22	19746	9
22	19747	9
22	19748	9
22	19749	10
22	19750	10
22	19751	10
22	19752	10
22	19753	10
22	19754	10
22	19755	10
22	19756	10
22	19757	11
22	19758	11
22	19759	11
22	19760	11
22	19761	11
22	19762	11
22	19763	11
22	19764	11
22	19765	11
22	19766	11
22	19767	11
22	19768	11
22	19769	11
22	19770	11
22	19771	11
22	19772	11
22	19773	11
22	19774	11
22	19775	11
22	19776	11
22	19777	11
22	19778	11
22	19779	11
22	19780	11
22	19781	11
22	19782	10
22	19783	10
22	19784	10
22	19785	10
22	19786	10
22	19787	10
22	19788	10
22	19789	10
22	19790	10
22	19791	10
22	19792	10
22	19793	10
22	19794	10
22	19795	10
22	19796	10
22	19797	10
22	19798	10
22	19799	10
22	19800	10
22	19801	10
22	19802	10
22	19803	10
22	19804	10
22	19805	10
22	19806	10
22	19807	10
22	19808	9
22	19809	9
22	19810	9
22	19811	9
22	19812	9
22	19813	9
22	19814	10
22	19815	10
22	19816	10
22	19817	10
22	19818	10
22	19819	9
22	19820	9
22	19821	9
22	19822	9
22	19823	9
22	19824	9
22	19825	9
22	19826	9
22	19827	9
22	19828	9
22	19829	9
22	19830	9
22	19831	9
22	19832	9
22	19833	9
22	19834	9
22	19835	9
22	19836	9
22	19837	9
22	19838	10
22	19839	10
22	19840	10
22	19841	10
22	19842	10
22	19843	10
22	19844	10
22	19845	11
22	19846	11
22	19847	11
22	19848	11
22	19849	11
22	19850	11
22	19851	11
22	19852	11
22	19853	11
22	19854	9
22	19855	9
22	19856	9
22	19857	9
22	19858	8
22	19859	8
22	19860	9
22	19861	7
22	19862	7
22	19863	7
22	19864	7
22	19865	7
22	19866	7
22	19867	7
22	19868	7
22	19869	8
22	19870	9
22	19871	9
22	19872	9
22	19873	9
22	19874	9
22	19875	9
22	19876	9
22	19877	9
22	19878	9
22	19879	9
22	19880	10
22	19881	10
22	19882	10
22	19883	10
22	19884	10
22	19885	11
22	19886	12
22	19887	12
22	19888	12
22	19889	12
22	19890	12
22	19891	12
22	19892	12
22	19893	11
22	19894	11
22	19895	11
22	19896	11
22	19897	12
22	19898	13
22	19899	13
22	19900	13
22	19901	13
22	19902	13
22	19903	13
22	19904	13
22	19905	13
22	19906	13
22	19907	13
22	19908	13
22	19909	13
22	19910	13
22	19911	13
22	19912	13
22	19913	13
22	19914	13
22	19915	13
22	19916	13
22	19917	13
22	19918	13
22	19919	13
22	19920	13
22	19921	13
22	19922	13
22	19923	13
22	19924	13
22	19925	13
22	19926	13
22	19927	13
22	19928	13
22	19929	13
22	19930	13
22	19931	13
22	19932	14
22	19933	14
22	19934	14
22	19935	14
22	19936	14
22	19937	14
22	19938	14
22	19939	14
22	19940	14
22	19941	14
22	19942	14
22	19943	15
22	19944	15
22	19945	15
22	19946	15
22	19947	15
22	19948	15
22	19949	15
22	19950	15
22	19951	15
22	19952	15
22	19953	15
22	19954	15
22	19955	15
22	19956	15
22	19957	15
22	19958	15
22	19959	15
22	19960	15
22	19961	15
22	19962	15
22	19963	15
22	19964	14
22	19965	14
22	19966	14
22	19967	14
22	19968	14
22	19969	14
22	19970	14
22	19971	14
22	19972	14
22	19973	14
22	19974	14
22	19975	14
22	19976	14
22	19977	14
22	19978	14
22	19979	14
22	19980	14
22	19981	14
22	19982	14
22	19983	14
22	19984	14
22	19985	14
22	19986	14
22	19987	14
22	19988	13
22	19989	13
22	19990	13
22	19991	13
22	19992	13
22	19993	13
22	19994	13
22	19995	12
22	19996	12
22	19997	12
22	19998	12
22	19999	12
22	20000	12
22	20001	12
22	20002	12
22	20003	13
22	20004	13
22	20005	13
22	20006	13
22	20007	13
22	20008	13
22	20009	13
22	20010	13
22	20011	15
22	20012	15
22	20013	15
22	20014	15
22	20015	15
22	20016	15
22	20017	15
22	20018	15
22	20019	14
22	20020	13
22	20021	13
22	20022	13
22	20023	13
22	20024	13
22	20025	13
22	20026	13
22	20027	14
22	20028	14
22	20029	13
22	20030	13
22	20031	13
22	20032	13
22	20033	13
22	20034	13
22	20035	12
22	20036	11
22	20037	11
22	20038	11
22	20039	14
22	20040	14
22	20041	14
22	20042	14
22	20043	14
22	20044	14
22	20045	14
22	20046	14
22	20047	13
22	20048	11
22	20049	11
22	20050	11
22	20051	11
22	20052	11
22	20053	11
22	20054	11
22	20055	11
22	20056	10
22	20057	10
22	20058	10
22	20059	10
22	20060	10
22	20061	10
22	20062	10
22	20063	10
22	20064	10
22	20065	10
22	20066	10
22	20067	11
22	20068	11
22	20069	11
22	20070	11
22	20071	11
22	20072	11
22	20073	11
22	20074	11
22	20075	11
22	20076	11
22	20077	11
22	20078	11
22	20079	11
22	20080	11
22	20081	11
22	20082	10
22	20083	10
22	20084	10
22	20085	10
22	20086	10
22	20087	10
22	20088	10
22	20089	10
22	20090	10
22	20091	10
22	20092	10
22	20093	9
22	20094	9
22	20095	9
22	20096	9
22	20097	9
22	20098	9
22	20099	9
22	20100	9
22	20101	9
22	20102	9
22	20103	9
22	20104	9
22	20105	9
22	20106	9
22	20107	9
22	20108	9
22	20109	9
22	20110	9
22	20111	9
22	20112	9
22	20113	9
22	20114	9
22	20115	9
22	20116	9
22	20117	9
22	20118	9
22	20119	9
22	20120	9
22	20121	9
22	20122	9
22	20123	11
22	20124	11
22	20125	11
22	20126	11
22	20127	11
22	20128	11
22	20129	11
22	20130	11
22	20131	11
22	20132	11
22	20133	11
22	20134	11
22	20135	11
22	20136	11
22	20137	11
22	20138	11
22	20139	11
22	20140	11
22	20141	11
22	20142	11
22	20143	11
22	20144	11
22	20145	11
22	20146	11
22	20147	11
22	20148	11
22	20149	11
22	20150	11
22	20151	11
22	20152	10
22	20153	10
22	20154	10
22	20155	10
22	20156	10
22	20157	9
22	20158	8
22	20159	8
22	20160	7
22	20161	7
22	20162	7
22	20163	7
22	20164	7
22	20165	8
22	20166	8
22	20167	8
22	20168	8
22	20169	8
22	20170	8
22	20171	9
22	20172	9
22	20173	9
22	20174	9
22	20175	9
22	20176	8
22	20177	8
22	20178	8
22	20179	8
22	20180	8
22	20181	8
22	20182	8
22	20183	8
22	20184	8
22	20185	8
22	20186	8
22	20187	8
22	20188	8
22	20189	5
22	20190	5
22	20191	5
22	20192	5
22	20193	5
22	20194	5
22	20195	5
22	20196	5
22	20197	5
22	20198	5
22	20199	5
22	20200	5
22	20201	5
22	20202	5
22	20203	5
22	20204	5
22	20205	5
22	20206	5
22	20207	5
22	20208	5
22	20209	5
22	20210	5
22	20211	5
22	20212	5
22	20213	5
22	20214	5
22	20215	5
22	20216	5
22	20217	4
22	20218	4
22	20219	4
22	20220	4
22	20221	4
22	20222	4
22	20223	4
22	20224	4
22	20225	4
22	20226	4
22	20227	4
22	20228	4
22	20229	4
22	20230	4
22	20231	4
22	20232	4
22	20233	4
22	20234	4
22	20235	5
22	20236	5
22	20237	5
22	20238	5
22	20239	5
22	20240	5
22	20241	5
22	20242	5
22	20243	5
22	20244	5
22	20245	5
22	20246	5
22	20247	5
22	20248	5
22	20249	5
22	20250	5
22	20251	5
22	20252	5
22	20253	5
22	20254	5
22	20255	5
22	20256	5
22	20257	5
22	20258	5
22	20259	6
22	20260	7
22	20261	7
22	20262	7
22	20263	7
22	20264	7
22	20265	7
22	20266	7
22	20267	7
22	20268	7
22	20269	7
22	20270	8
22	20271	8
22	20272	8
22	20273	6
22	20274	6
22	20275	7
22	20276	7
22	20277	7
22	20278	7
22	20279	7
22	20280	7
22	20281	7
22	20282	7
22	20283	7
22	20284	7
22	20285	7
22	20286	7
22	20287	7
22	20288	7
22	20289	7
22	20290	7
22	20291	7
22	20292	7
22	20293	7
22	20294	7
22	20295	7
22	20296	7
22	20297	7
22	20298	7
22	20299	7
22	20300	7
22	20301	7
22	20302	7
22	20303	7
22	20304	7
22	20305	7
22	20306	8
22	20307	8
22	20308	8
22	20309	8
22	20310	8
22	20311	8
22	20312	8
22	20313	8
22	20314	8
22	20315	7
22	20316	7
22	20317	7
22	20318	7
22	20319	7
22	20320	7
22	20321	6
22	20322	6
22	20323	6
22	20324	6
22	20325	6
22	20326	6
22	20327	6
22	20328	6
22	20329	6
22	20330	6
22	20331	6
22	20332	6
22	20333	6
22	20334	6
22	20335	6
22	20336	6
22	20337	6
22	20338	6
22	20339	6
22	20340	6
22	20341	6
22	20342	6
22	20343	6
22	20344	6
22	20345	6
22	20346	6
22	20347	6
22	20348	6
22	20349	6
22	20350	6
22	20351	6
22	20352	6
22	20353	6
22	20354	6
22	20355	6
22	20356	6
22	20357	6
22	20358	6
22	20359	6
22	20360	6
22	20361	6
22	20362	6
22	20363	6
22	20364	6
22	20365	6
22	20366	6
22	20367	6
22	20368	6
22	20369	6
22	20370	6
22	20371	6
22	20372	6
22	20373	6
22	20374	6
22	20375	6
22	20376	6
22	20377	6
22	20378	6
22	20379	6
22	20380	6
22	20381	6
22	20382	6
22	20383	6
22	20384	6
22	20385	5
22	20386	5
22	20387	5
22	20388	5
22	20389	5
22	20390	5
22	20391	5
22	20392	5
22	20393	5
22	20394	5
22	20395	5
22	20396	5
22	20397	5
22	20398	5
22	20399	5
22	20400	5
22	20401	5
22	20402	5
22	20403	5
22	20404	5
22	20405	5
22	20406	5
22	20407	5
22	20408	5
22	20409	4
22	20410	3
22	20411	3
22	20412	3
22	20413	3
22	20414	3
22	20415	3
22	20416	3
22	20417	3
22	20418	3
22	20419	2
22	20420	2
22	20421	2
22	20422	2
22	20423	2
22	20424	1
22	20425	1
22	20426	1
22	20427	1
22	20428	1
22	20429	1
22	20430	1
22	20431	1
22	20432	1
22	20433	1
22	20434	1
22	20435	1
22	20436	1
22	20437	1
22	20438	1
22	20439	1
22	20440	1
22	20441	1
22	20442	1
22	20443	1
22	20444	1
22	20445	1
22	20446	1
22	20447	1
22	20448	1
22	20449	1
22	20450	1
22	20451	1
22	20452	1
22	20453	1
22	20454	1
22	20455	1
22	20481	1
22	20482	1
22	20483	1
22	20484	1
22	20485	1
22	20486	1
22	20487	1
22	20488	1
22	20489	1
22	20490	1
22	20491	1
22	20492	1
22	20493	1
22	20494	1
22	20495	1
22	20496	1
22	20497	1
22	20498	1
22	20499	1
22	20500	1
22	20501	1
22	20502	1
22	20503	1
22	20504	1
22	20505	1
22	20506	1
22	20507	1
22	20508	1
22	20509	1
22	20510	2
22	20511	2
22	20512	2
22	20513	2
22	20514	2
22	20515	2
22	20516	2
22	20517	2
22	20518	2
22	20519	2
22	20520	2
22	20521	2
22	20522	2
22	20523	2
22	20524	2
22	20525	2
22	20526	2
22	20527	2
22	20528	2
22	20529	2
22	20530	2
22	20531	2
22	20532	2
22	20533	2
22	20534	2
22	20535	2
22	20536	2
22	20537	2
22	20538	2
22	20539	2
22	20540	2
22	20541	2
22	20542	2
22	20543	2
22	20544	2
22	20545	2
22	20546	2
22	20547	2
22	20548	2
22	20549	2
22	20550	2
22	20551	2
22	20552	2
22	20553	2
22	20554	2
22	20555	2
22	20556	2
22	20557	2
22	20558	2
22	20559	2
22	20560	2
22	20561	2
22	20562	2
22	20563	2
22	20564	2
22	20565	2
22	20566	2
22	20567	2
22	20568	2
22	20569	2
22	20570	2
22	20571	2
22	20572	2
22	20573	2
22	20574	2
22	20575	2
22	20576	2
22	20577	2
22	20578	2
22	20579	2
22	20580	2
22	20581	2
22	20582	2
22	20583	2
22	20584	2
22	20585	3
22	20586	3
22	20587	3
22	20588	3
22	20589	3
22	20590	3
22	20591	3
22	20592	3
22	20593	3
22	20594	3
22	20595	3
22	20596	3
22	20597	3
22	20598	3
22	20599	3
22	20600	3
22	20601	3
22	20602	3
22	20603	3
22	20604	3
22	20605	3
22	20606	3
22	20607	3
22	20608	3
22	20609	3
22	20610	3
22	20611	3
22	20612	3
22	20613	3
22	20614	3
22	20615	3
22	20616	3
22	20617	3
22	20618	3
22	20619	3
22	20620	3
22	20621	3
22	20622	3
22	20623	3
22	20624	3
22	20625	3
22	20626	3
22	20627	3
22	20628	3
22	20629	3
22	20630	3
22	20631	2
22	20632	2
22	20633	2
22	20634	2
22	20635	2
22	20636	2
22	20637	2
22	20638	2
22	20639	2
22	20640	2
22	20641	2
22	20642	2
22	20643	2
22	20644	2
22	20645	2
22	20646	2
22	20647	2
22	20648	2
22	20649	2
22	20650	2
22	20651	2
22	20652	2
22	20653	2
22	20654	2
22	20655	2
22	20656	2
22	20657	2
22	20658	2
22	20659	1
22	20660	1
22	20661	1
22	20662	1
22	20663	1
22	20664	1
22	20665	1
22	20666	1
22	20667	1
22	20668	1
22	20669	1
22	20670	1
22	20671	1
22	20672	1
22	20673	1
22	20674	1
22	20675	1
22	20676	1
22	20677	1
22	20678	1
22	20679	1
22	20680	1
22	20681	1
22	20682	1
22	20683	1
22	20684	1
22	20685	1
22	20686	1
22	20687	1
22	20688	1
22	20689	1
22	20690	1
22	20691	1
22	20692	1
22	20693	2
22	20694	2
22	20695	2
22	20696	2
22	20697	2
22	20698	2
22	20699	2
22	20700	2
22	20701	2
22	20702	3
22	20703	3
22	20704	3
22	20705	3
22	20706	3
22	20707	3
22	20708	3
22	20709	3
22	20710	3
22	20711	3
22	20712	3
22	20713	3
22	20714	3
22	20715	3
22	20716	3
22	20717	3
22	20718	3
22	20719	3
22	20720	3
22	20721	3
22	20722	3
22	20723	3
22	20724	3
22	20725	3
22	20726	3
22	20727	3
22	20728	3
22	20729	3
22	20730	3
22	20731	3
22	20732	3
22	20733	2
22	20734	2
22	20735	2
22	20736	2
22	20737	2
22	20738	2
22	20739	2
22	20740	2
22	20741	2
22	20742	2
22	20743	2
22	20744	2
22	20745	3
22	20746	3
22	20747	3
22	20748	3
22	20749	3
22	20750	3
22	20751	3
22	20752	3
22	20753	3
22	20754	3
22	20755	3
22	20756	3
22	20757	3
22	20758	3
22	20759	3
22	20760	3
22	20761	3
22	20762	3
22	20763	3
22	20764	3
22	20765	3
22	20766	3
22	20767	3
22	20768	3
22	20769	3
22	20770	3
22	20771	3
22	20772	3
22	20773	3
22	20774	3
22	20775	3
22	20776	3
22	20777	3
22	20778	3
22	20779	3
22	20780	3
22	20781	3
22	20782	3
22	20783	3
22	20784	3
22	20785	3
22	20786	3
22	20787	3
22	20788	3
22	20789	3
22	20790	3
22	20791	3
22	20792	3
22	20793	3
22	20794	3
22	20795	3
22	20796	3
22	20797	3
22	20798	3
22	20799	3
22	20800	2
22	20801	2
22	20802	2
22	20803	2
22	20804	2
22	20805	2
22	20806	2
22	20807	3
22	20808	3
22	20809	3
22	20810	3
22	20811	3
22	20812	3
22	20813	3
22	20814	3
22	20815	3
22	20816	3
22	20817	3
22	20818	3
22	20819	3
22	20820	3
22	20821	3
22	20822	3
22	20823	3
22	20824	4
22	20825	5
22	20826	5
22	20827	5
22	20828	5
22	20829	5
22	20830	5
22	20831	5
22	20832	5
22	20833	5
22	20834	5
22	20835	5
22	20836	5
22	20837	5
22	20838	5
22	20839	5
22	20840	5
22	20841	5
22	20842	5
22	20843	5
22	20844	7
22	20845	7
22	20846	8
22	20847	8
22	20848	7
22	20849	8
22	20850	8
22	20851	8
22	20852	8
22	20853	8
22	20854	8
22	20855	8
22	20856	8
22	20857	8
22	20858	8
22	20859	8
22	20860	8
22	20861	8
22	20862	8
22	20863	8
22	20864	8
22	20865	8
22	20866	8
22	20867	8
22	20868	8
22	20869	8
22	20870	8
22	20871	8
22	20872	8
22	20873	9
22	20874	9
22	20875	9
22	20876	9
22	20877	9
22	20878	9
22	20879	9
22	20880	9
22	20881	9
22	20882	9
22	20883	9
22	20884	8
22	20885	8
22	20886	8
22	20887	8
22	20888	8
22	20889	8
22	20890	8
22	20891	9
22	20892	9
22	20893	9
22	20894	10
22	20895	10
22	20896	10
22	20897	10
22	20898	10
22	20899	11
22	20900	11
22	20901	12
22	20902	12
22	20903	14
22	20904	14
22	20905	14
22	20906	14
22	20907	14
22	20908	14
22	20909	14
22	20910	14
22	20911	14
22	20912	14
22	20913	14
22	20914	15
22	20915	15
22	20916	15
22	20917	15
22	20918	15
22	20919	16
22	20920	16
22	20921	16
22	20922	16
22	20923	16
22	20924	16
22	20925	16
22	20926	16
22	20927	16
22	20928	17
22	20929	17
22	20930	17
22	20931	17
22	20932	17
22	20933	17
22	20934	17
22	20935	17
22	20936	17
22	20937	17
22	20938	17
22	20939	17
22	20940	17
22	20941	17
22	20942	17
22	20943	17
22	20944	17
22	20945	17
22	20946	17
22	20947	17
22	20948	17
22	20949	17
22	20950	17
22	20951	17
22	20952	18
22	20953	18
22	20954	18
22	20955	18
22	20956	18
22	20957	17
22	20958	17
22	20959	17
22	20960	17
22	20961	17
22	20962	17
22	20963	17
22	20964	17
22	20965	17
22	20966	17
22	20967	17
22	20968	17
22	20969	17
22	20970	17
22	20971	17
22	20972	17
22	20973	16
22	20974	16
22	20975	16
22	20976	16
22	20977	16
22	20978	16
22	20979	16
22	20980	18
22	20981	18
22	20982	18
22	20983	18
22	20984	18
22	20985	18
22	20986	19
22	20987	19
22	20988	19
22	20989	19
22	20990	19
22	20991	19
22	20992	19
22	20993	19
22	20994	17
22	20995	17
22	20996	16
22	20997	16
22	20998	16
22	20999	15
22	21000	15
22	21001	15
22	21002	15
22	21003	15
22	21004	15
22	21005	15
22	21006	15
22	21007	15
22	21008	15
22	21009	15
22	21010	15
22	21011	15
22	21012	15
22	21013	15
22	21014	15
22	21015	15
22	21016	15
22	21017	15
22	21018	15
22	21019	15
22	21020	16
22	21021	16
22	21022	16
22	21023	15
22	21024	15
22	21025	15
22	21026	15
22	21027	15
22	21028	15
22	21029	15
22	21030	17
22	21031	17
22	21032	17
22	21033	18
22	21034	18
22	21035	20
22	21036	20
22	21037	20
22	21038	20
22	21039	19
22	21040	19
22	21041	18
22	21042	19
22	21043	19
22	21044	18
22	21045	22
22	21046	22
22	21047	22
22	21048	22
22	21049	22
22	21050	23
22	21051	22
22	21052	20
22	21053	21
22	21054	21
22	21055	21
22	21056	21
22	21057	21
22	21058	21
22	21059	21
22	21060	21
22	21061	21
22	21062	20
22	21063	20
22	21064	20
22	21065	20
22	21066	20
22	21067	20
22	21068	20
22	21069	19
22	21070	19
22	21071	19
22	21072	19
22	21073	19
22	21074	19
22	21075	19
22	21076	19
22	21077	19
22	21078	18
22	21079	18
22	21080	18
22	21081	18
22	21082	18
22	21083	18
22	21084	18
22	21085	19
22	21086	19
22	21087	19
22	21088	19
22	21089	19
22	21090	19
22	21091	19
22	21092	19
22	21093	19
22	21094	19
22	21095	19
22	21096	19
22	21097	19
22	21098	20
22	21099	20
22	21100	20
22	21101	19
22	21102	19
22	21103	19
22	21104	19
22	21105	19
22	21106	19
22	21107	19
22	21108	19
22	21109	19
22	21110	19
22	21111	19
22	21112	19
22	21113	19
22	21114	19
22	21115	19
22	21116	19
22	21117	19
22	21118	19
22	21119	19
22	21120	21
22	21121	21
22	21122	22
22	21123	22
22	21124	22
22	21125	22
22	21126	22
22	21127	22
22	21128	22
22	21129	19
22	21130	19
22	21131	19
22	21132	19
22	21133	19
22	21134	19
22	21135	18
22	21136	18
22	21137	18
22	21138	18
22	21139	19
22	21140	19
22	21141	19
22	21142	19
22	21143	19
22	21144	19
22	21145	19
22	21146	19
22	21147	19
22	21148	19
22	21149	19
22	21150	19
22	21151	19
22	21152	19
22	21153	19
22	21154	19
22	21155	19
22	21156	19
22	21157	19
22	21158	19
22	21159	19
22	21160	19
22	21161	19
22	21162	19
22	21163	19
22	21164	19
22	21165	19
22	21166	20
22	21167	20
22	21168	20
22	21169	20
22	21170	20
22	21171	19
22	21172	19
22	21173	19
22	21174	19
22	21175	19
22	21176	19
22	21177	19
22	21178	19
22	21179	19
22	21180	17
22	21181	17
22	21182	16
22	21183	16
22	21184	16
22	21185	14
22	21186	14
22	21187	14
22	21188	14
22	21189	14
22	21190	14
22	21191	14
22	21192	14
22	21193	14
22	21194	10
22	21195	10
22	21196	10
22	21197	10
22	21198	9
22	21199	9
22	21200	8
22	21201	10
22	21202	10
22	21203	12
22	21204	13
22	21205	13
22	21206	13
22	21207	14
22	21208	14
22	21209	15
22	21210	17
22	21211	17
22	21212	17
22	21213	17
22	21214	18
22	21215	18
22	21216	18
22	21217	18
22	21218	18
22	21219	18
22	21220	19
22	21221	19
22	21222	20
22	21223	20
22	21224	24
22	21225	24
22	21226	24
22	21227	24
22	21228	24
22	21229	24
22	21230	24
22	21231	24
22	21232	26
22	21233	26
22	21234	26
22	21235	25
22	21236	25
22	21237	25
22	21238	25
22	21239	25
22	21240	25
22	21241	25
22	21242	25
22	21243	25
22	21244	25
22	21245	25
22	21246	24
22	21247	24
22	21248	24
22	21249	24
22	21250	26
22	21251	26
22	21252	26
22	21253	26
22	21254	26
22	21255	26
22	21256	26
22	21257	26
22	21258	26
22	21259	26
22	21260	26
22	21261	26
22	21262	26
22	21263	26
22	21264	26
22	21265	26
22	21266	26
22	21267	26
22	21268	26
22	21269	26
22	21270	24
22	21271	24
22	21272	23
22	21273	23
22	21274	23
22	21275	23
22	21276	23
22	21277	23
22	21278	23
22	21279	23
22	21280	23
22	21281	23
22	21282	23
22	21283	23
22	21284	23
22	21285	23
22	21286	23
22	21287	23
22	21288	22
22	21289	22
22	21290	22
22	21291	22
22	21292	22
22	21293	22
22	21294	22
22	21295	22
22	21296	22
22	21297	22
22	21298	22
22	21299	22
22	21300	23
22	21301	23
22	21302	23
22	21303	23
22	21304	23
22	21305	23
22	21306	23
22	21307	23
22	21308	23
22	21309	23
22	21310	23
22	21311	23
22	21312	23
22	21313	23
22	21314	23
22	21315	23
22	21316	22
22	21317	22
22	21318	22
22	21319	22
22	21320	22
22	21321	22
22	21322	22
22	21323	22
22	21324	22
22	21325	22
22	21326	22
22	21327	22
22	21328	21
22	21329	21
22	21330	21
22	21331	21
22	21332	21
22	21333	21
22	21334	21
22	21335	21
22	21336	23
22	21337	23
22	21338	23
22	21339	23
22	21340	23
22	21341	23
22	21342	24
22	21343	24
22	21344	24
22	21345	24
22	21346	24
22	21347	24
22	21348	24
22	21349	25
22	21350	25
22	21351	23
22	21352	21
22	21353	21
22	21354	20
22	21355	20
22	21356	20
22	21357	19
22	21358	19
22	21359	16
22	21360	16
22	21361	16
22	21362	16
22	21363	15
22	21364	15
22	21365	19
22	21366	19
22	21367	19
22	21368	18
22	21369	18
22	21370	18
22	21371	19
22	21372	18
22	21373	18
22	21374	14
22	21375	14
22	21376	14
22	21377	14
22	21378	14
22	21379	14
22	21380	14
22	21381	14
22	21382	12
22	21383	12
22	21384	12
22	21385	12
22	21386	12
22	21387	12
22	21388	12
22	21389	12
22	21390	12
22	21391	13
22	21392	14
22	21393	14
22	21394	14
22	21395	14
22	21396	14
22	21397	14
22	21398	14
22	21399	14
22	21400	12
22	21401	12
22	21402	12
22	21403	12
22	21404	13
22	21405	13
22	21406	13
22	21407	13
22	21408	13
22	21409	13
22	21410	13
22	21411	13
22	21412	13
22	21413	13
22	21414	13
22	21415	14
22	21416	14
22	21417	15
22	21418	15
22	21419	15
22	21420	15
22	21421	15
22	21422	15
22	21423	15
22	21424	15
22	21425	15
22	21426	15
22	21427	15
22	21428	15
22	21429	15
22	21430	15
22	21431	15
22	21432	15
22	21433	15
22	21434	15
22	21435	15
22	21436	15
22	21437	15
22	21438	16
22	21439	16
22	21440	16
22	21441	16
22	21442	16
22	21443	16
22	21444	16
22	21445	16
22	21446	16
22	21447	16
22	21448	16
22	21449	16
22	21450	15
22	21451	15
22	21452	15
22	21453	15
22	21454	15
22	21455	15
22	21456	15
22	21457	15
22	21458	15
22	21459	15
22	21460	15
22	21461	15
22	21462	15
22	21463	15
22	21464	15
22	21465	15
22	21466	15
22	21467	15
22	21468	15
22	21469	15
22	21470	15
22	21471	15
22	21472	15
22	21473	15
22	21474	16
22	21475	16
22	21476	16
22	21477	16
22	21478	16
22	21479	16
22	21480	16
22	21481	16
22	21482	16
22	21483	16
22	21484	16
22	21485	15
22	21486	15
22	21487	15
22	21488	15
22	21489	15
22	21490	15
22	21491	14
22	21492	13
22	21493	13
22	21494	13
22	21495	13
22	21496	13
22	21497	13
22	21498	13
22	21499	13
22	21500	13
22	21501	13
22	21502	13
22	21503	13
22	21504	13
22	21505	13
22	21506	13
22	21507	13
22	21508	13
22	21509	14
22	21510	14
22	21511	14
22	21512	14
22	21513	15
22	21514	11
22	21515	12
22	21516	12
22	21517	12
22	21518	12
22	21519	12
22	21520	12
22	21521	12
22	21522	12
22	21523	12
22	21524	12
22	21525	12
22	21526	12
22	21527	12
22	21528	12
22	21529	12
22	21530	12
22	21531	12
22	21532	12
22	21533	13
22	21534	13
22	21535	13
22	21536	13
22	21537	13
22	21538	13
22	21539	13
22	21540	12
22	21541	12
22	21542	11
22	21543	11
22	21544	11
22	21545	11
22	21546	11
22	21547	11
22	21548	11
22	21549	11
22	21550	12
22	21551	12
22	21552	12
22	21553	12
22	21554	11
22	21555	11
22	21556	13
22	21557	13
22	21558	13
22	21559	13
22	21560	13
22	21561	13
22	21562	13
22	21563	13
22	21564	13
22	21565	11
22	21566	12
22	21567	11
22	21568	11
22	21569	11
22	21570	11
22	21571	11
22	21572	12
22	21573	12
22	21574	12
22	21575	12
22	21576	12
22	21577	12
22	21578	13
22	21579	13
22	21580	13
22	21581	13
22	21582	13
22	21583	13
22	21584	13
22	21585	13
22	21586	13
22	21587	12
22	21588	12
22	21589	12
22	21590	12
22	21591	12
22	21592	12
22	21593	12
22	21594	12
22	21595	12
22	21596	12
22	21597	12
22	21598	12
22	21599	12
22	21600	12
22	21601	12
22	21602	12
22	21603	12
22	21604	12
22	21605	11
22	21606	11
22	21607	11
22	21608	11
22	21609	11
22	21610	11
22	21611	11
22	21612	11
22	21613	11
22	21614	11
22	21615	11
22	21616	11
22	21617	11
22	21618	11
22	21619	11
22	21620	11
22	21621	11
22	21622	11
22	21623	11
22	21624	10
22	21625	10
22	21626	10
22	21627	10
22	21628	11
22	21629	11
22	21630	11
22	21631	11
22	21632	11
22	21633	11
22	21634	11
22	21635	11
22	21636	12
22	21637	12
22	21638	12
22	21639	12
22	21640	12
22	21641	12
22	21642	12
22	21643	12
22	21644	12
22	21645	12
22	21646	12
22	21647	12
22	21648	12
22	21649	12
22	21650	12
22	21651	12
22	21652	12
22	21653	12
22	21654	12
22	21655	12
22	21656	13
22	21657	13
22	21658	13
22	21659	12
22	21660	12
22	21661	12
22	21662	12
22	21663	11
22	21664	11
22	21665	11
22	21666	11
22	21667	11
22	21668	11
22	21669	10
22	21670	10
22	21671	10
22	21672	10
22	21673	10
22	21674	10
22	21675	10
22	21676	10
22	21677	10
22	21678	10
22	21679	10
22	21680	10
22	21681	10
22	21682	10
22	21683	9
22	21684	9
22	21685	9
22	21686	11
22	21687	11
22	21688	11
22	21689	11
22	21690	11
22	21691	11
22	21692	11
22	21693	11
22	21694	11
22	21695	11
22	21696	11
22	21697	14
22	21698	14
22	21699	14
22	21700	13
22	21701	13
22	21702	13
22	21703	14
22	21704	14
22	21705	14
22	21706	13
22	21707	13
22	21708	13
22	21709	13
22	21710	13
22	21711	13
22	21712	13
22	21713	13
22	21714	13
22	21715	13
22	21716	12
22	21717	12
22	21718	13
22	21719	13
22	21720	14
22	21721	14
22	21722	13
22	21723	13
22	21724	13
22	21725	14
22	21726	14
22	21727	14
22	21728	14
22	21729	14
22	21730	14
22	21731	14
22	21732	14
22	21733	14
22	21734	14
22	21735	14
22	21736	14
22	21737	14
22	21738	15
22	21739	15
22	21740	15
22	21741	15
22	21742	15
22	21743	15
22	21744	17
22	21745	17
22	21746	17
22	21747	17
22	21748	17
22	21749	17
22	21750	17
22	21751	17
22	21752	17
22	21753	17
22	21754	17
22	21755	17
22	21756	17
22	21757	17
22	21758	17
22	21759	17
22	21760	17
22	21761	17
22	21762	17
22	21763	17
22	21764	17
22	21765	17
22	21766	17
22	21767	17
22	21768	17
22	21769	17
22	21770	17
22	21771	17
22	21772	17
22	21773	17
22	21774	17
22	21775	17
22	21776	16
22	21777	16
22	21778	16
22	21779	18
22	21780	18
22	21781	18
22	21782	18
22	21783	18
22	21784	18
22	21785	18
22	21786	17
22	21787	17
22	21788	17
22	21789	18
22	21790	18
22	21791	18
22	21792	18
22	21793	18
22	21794	18
22	21795	18
22	21796	18
22	21797	18
22	21798	18
22	21799	18
22	21800	18
22	21801	18
22	21802	18
22	21803	18
22	21804	18
22	21805	17
22	21806	17
22	21807	17
22	21808	17
22	21809	17
22	21810	17
22	21811	17
22	21812	17
22	21813	17
22	21814	17
22	21815	17
22	21816	17
22	21817	17
22	21818	17
22	21819	17
22	21820	17
22	21821	17
22	21822	17
22	21823	17
22	21824	17
22	21825	17
22	21826	17
22	21827	17
22	21828	17
22	21829	17
22	21830	17
22	21831	17
22	21832	17
22	21833	17
22	21834	17
22	21835	17
22	21836	15
22	21837	15
22	21838	15
22	21839	15
22	21840	15
22	21841	15
22	21842	15
22	21843	15
22	21844	15
22	21845	15
22	21846	15
22	21847	12
22	21848	12
22	21849	12
22	21850	12
22	21851	12
22	21852	11
22	21853	11
22	21854	10
22	21855	10
22	21856	10
22	21857	10
22	21858	10
22	21859	10
22	21860	10
22	21861	10
22	21862	10
22	21863	10
22	21864	10
22	21865	11
22	21866	11
22	21867	11
22	21868	10
22	21869	9
22	21870	9
22	21871	9
22	21872	9
22	21873	9
22	21874	8
22	21875	8
22	21876	8
22	21877	7
22	21878	7
22	21879	7
22	21880	8
22	21881	8
22	21882	8
22	21883	8
22	21884	8
22	21885	8
22	21886	8
22	21887	7
22	21888	7
22	21889	7
22	21890	7
22	21891	7
22	21892	7
22	21893	7
22	21894	5
22	21895	5
22	21896	5
22	21897	5
22	21898	5
22	21899	5
22	21900	5
22	21901	5
22	21902	5
22	21903	5
22	21904	5
22	21905	5
22	21906	5
22	21907	5
22	21908	5
22	21909	5
22	21910	5
22	21911	5
22	21912	5
22	21913	5
22	21914	5
22	21915	5
22	21916	5
22	21917	5
22	21918	5
22	21919	5
22	21920	5
22	21921	5
22	21922	5
22	21923	5
22	21924	5
22	21925	5
22	21926	5
22	21927	5
22	21928	5
22	21929	3
22	21930	3
22	21931	3
22	21932	3
22	21933	3
22	21934	3
22	21935	3
22	21936	3
22	21937	3
22	21938	3
22	21939	2
22	21940	2
22	21941	2
22	21942	2
22	21943	2
22	21944	2
22	21945	2
22	21946	2
22	21947	2
22	21948	2
22	21949	2
22	21950	2
22	21951	2
22	21952	2
22	21953	2
22	21954	2
22	21955	2
22	21956	2
22	21957	2
22	21958	2
22	21959	2
22	21960	2
22	21961	2
22	21962	2
22	21963	2
22	21964	2
22	21965	2
22	21966	2
22	21967	2
22	21968	2
22	21969	2
22	21970	3
22	21971	3
22	21972	3
22	21973	3
22	21974	3
22	21975	3
22	21976	3
22	21977	3
22	21978	3
22	21979	5
22	21980	5
22	21981	5
22	21982	5
22	21983	5
22	21984	5
22	21985	5
22	21986	5
22	21987	5
22	21988	5
22	21989	5
22	21990	5
22	21991	5
22	21992	5
22	21993	5
22	21994	5
22	21995	5
22	21996	5
22	21997	5
22	21998	5
22	21999	5
22	22000	5
22	22001	5
22	22002	5
22	22003	5
22	22004	5
22	22005	5
22	22006	5
22	22007	6
22	22008	6
22	22009	6
22	22010	6
22	22011	6
22	22012	6
22	22013	6
22	22014	6
22	22015	5
22	22016	5
22	22017	5
22	22018	5
22	22019	5
22	22020	5
22	22021	5
22	22022	5
22	22023	5
22	22024	5
22	22025	5
22	22026	5
22	22027	5
22	22028	5
22	22029	5
22	22030	4
22	22031	4
22	22032	4
22	22033	4
22	22034	4
22	22035	4
22	22036	4
22	22037	4
22	22038	4
22	22039	4
22	22040	4
22	22041	4
22	22042	4
22	22043	4
22	22044	4
22	22045	4
22	22046	4
22	22047	4
22	22048	4
22	22049	4
22	22050	4
22	22051	4
22	22052	4
22	22053	4
22	22054	4
22	22055	4
22	22056	4
22	22057	4
22	22058	4
22	22059	4
22	22060	4
22	22061	4
22	22062	4
22	22063	4
22	22064	4
22	22065	4
22	22066	4
22	22067	4
22	22068	4
22	22069	4
22	22070	4
22	22071	4
22	22072	4
22	22073	4
22	22074	4
22	22075	4
22	22076	5
22	22077	5
22	22078	6
22	22079	6
22	22080	6
22	22081	6
22	22082	6
22	22083	6
22	22084	6
22	22085	6
22	22086	6
22	22087	6
22	22088	6
22	22089	6
22	22090	6
22	22091	6
22	22092	6
22	22093	6
22	22094	6
22	22095	6
22	22096	6
22	22097	6
22	22098	7
22	22099	7
22	22100	7
22	22101	7
22	22102	7
22	22103	7
22	22104	7
22	22105	7
22	22106	7
22	22107	7
22	22108	7
22	22109	7
22	22110	7
22	22111	7
22	22112	7
22	22113	7
22	22114	7
22	22115	7
22	22116	7
22	22117	7
22	22118	7
22	22119	7
22	22120	6
22	22121	6
22	22122	6
22	22123	6
22	22124	6
22	22125	6
22	22126	6
22	22127	6
22	22128	6
22	22129	4
22	22130	4
22	22131	4
22	22132	4
22	22133	4
22	22134	4
22	22135	4
22	22136	4
22	22137	4
22	22138	5
22	22139	5
22	22140	5
22	22141	5
22	22142	5
22	22143	5
22	22144	5
22	22145	5
22	22146	5
22	22147	5
22	22148	5
22	22149	5
22	22150	5
22	22151	5
22	22152	5
22	22153	5
22	22154	5
22	22155	5
22	22156	5
22	22157	4
22	22158	4
22	22159	4
22	22160	4
22	22161	4
22	22162	4
22	22163	4
22	22164	4
22	22165	4
22	22166	4
22	22167	4
22	22168	4
22	22169	4
22	22170	4
22	22171	4
22	22172	4
22	22173	4
22	22174	5
22	22175	5
22	22176	5
22	22177	5
22	22178	5
22	22179	5
22	22180	5
22	22181	5
22	22182	5
22	22183	5
22	22184	5
22	22185	5
22	22186	5
22	22187	5
22	22188	5
22	22189	5
22	22190	5
22	22191	5
22	22192	5
22	22193	5
22	22194	5
22	22195	6
22	22196	6
22	22197	6
22	22198	6
22	22199	6
22	22200	6
22	22201	6
22	22202	6
22	22203	6
22	22204	6
22	22205	6
22	22206	6
22	22207	6
22	22208	6
22	22209	6
22	22210	6
22	22211	6
22	22212	6
22	22213	6
22	22214	6
22	22215	6
22	22216	6
22	22217	6
22	22218	6
22	22219	6
22	22220	6
22	22221	6
22	22222	6
22	22223	6
22	22224	6
22	22225	5
22	22226	5
22	22227	4
22	22228	4
22	22229	4
22	22230	4
22	22231	4
22	22232	4
22	22233	4
22	22234	4
22	22235	4
22	22236	4
22	22237	5
22	22238	5
22	22239	5
22	22240	5
22	22241	5
22	22242	5
22	22243	5
22	22244	5
22	22245	5
22	22246	5
22	22247	5
22	22248	5
22	22249	5
22	22250	5
22	22251	5
22	22252	5
22	22253	5
22	22254	5
22	22255	5
22	22256	5
22	22257	5
22	22258	5
22	22259	5
22	22260	5
22	22261	5
22	22262	5
22	22263	5
22	22264	5
22	22265	5
22	22266	5
22	22267	5
22	22268	5
22	22269	5
22	22270	5
22	22271	5
22	22272	5
22	22273	5
22	22274	5
22	22275	5
22	22276	5
22	22277	5
22	22278	5
22	22279	5
22	22280	5
22	22281	5
22	22282	5
22	22283	5
22	22284	5
22	22285	5
22	22286	5
22	22287	5
22	22288	4
22	22289	4
22	22290	4
22	22291	4
22	22292	4
22	22293	4
22	22294	4
22	22295	4
22	22296	4
22	22297	4
22	22298	4
22	22299	4
22	22300	4
22	22301	4
22	22302	4
22	22303	4
22	22304	4
22	22305	4
22	22306	4
22	22307	4
22	22308	4
22	22309	4
22	22310	4
22	22311	4
22	22312	4
22	22313	4
22	22314	4
22	22315	4
22	22316	4
22	22317	4
22	22318	4
22	22319	4
22	22320	4
22	22321	4
22	22322	4
22	22323	4
22	22324	3
22	22325	3
22	22326	8
22	22327	8
22	22328	8
22	22329	8
22	22330	8
22	22331	8
22	22332	8
22	22333	8
22	22334	9
22	22335	10
22	22336	10
22	22337	10
22	22338	11
22	22339	11
22	22340	11
22	22341	11
22	22342	11
22	22343	11
22	22344	11
22	22345	10
22	22346	10
22	22347	10
22	22348	10
22	22349	10
22	22350	10
22	22351	10
22	22352	10
22	22353	10
22	22354	10
22	22355	10
22	22356	10
22	22357	10
22	22358	10
22	22359	10
22	22360	10
22	22361	10
22	22362	10
22	22363	10
22	22364	10
22	22365	10
22	22366	10
22	22367	10
22	22368	10
22	22369	10
22	22370	10
22	22371	10
22	22372	10
22	22373	10
22	22374	10
22	22375	10
22	22376	10
22	22377	10
22	22378	10
22	22379	10
22	22380	10
22	22381	11
22	22382	11
22	22383	11
22	22384	11
22	22385	11
22	22386	11
22	22387	10
22	22388	10
22	22389	10
22	22390	10
22	22391	10
22	22392	10
22	22393	10
22	22394	10
22	22395	9
22	22396	9
22	22397	9
22	22398	9
22	22399	9
22	22400	9
22	22401	9
22	22402	9
22	22403	9
22	22404	9
22	22405	9
22	22406	9
22	22407	9
22	22408	9
22	22409	9
22	22410	9
22	22411	9
22	22412	9
22	22413	9
22	22414	9
22	22415	9
22	22416	9
22	22417	9
22	22418	9
22	22419	9
22	22420	9
22	22421	9
22	22422	9
22	22423	9
22	22424	9
22	22425	9
22	22426	9
22	22427	9
22	22428	9
22	22429	9
22	22430	9
22	22431	9
22	22432	9
22	22433	9
22	22434	9
22	22435	9
22	22436	10
22	22437	10
22	22438	10
22	22439	10
22	22440	11
22	22441	11
22	22442	11
22	22443	11
22	22444	11
22	22445	11
22	22446	11
22	22447	11
22	22448	11
22	22449	11
22	22450	11
22	22451	10
22	22452	10
22	22453	13
22	22454	13
22	22455	13
22	22456	13
22	22457	13
22	22458	13
22	22459	13
22	22460	13
22	22461	13
22	22462	13
22	22463	13
22	22464	13
22	22465	14
22	22466	14
22	22467	14
22	22468	14
22	22469	14
22	22470	14
22	22471	15
22	22472	15
22	22473	15
22	22474	15
22	22475	11
22	22476	10
22	22477	10
22	22478	10
22	22479	10
22	22480	10
22	22481	10
22	22482	11
22	22483	10
22	22484	9
22	22485	9
22	22486	9
22	22487	9
22	22488	9
22	22489	9
22	22490	9
22	22491	9
22	22492	9
22	22493	9
22	22494	9
22	22495	10
22	22496	10
22	22497	10
22	22498	10
22	22499	10
22	22500	10
22	22501	10
22	22502	10
22	22503	10
22	22504	10
22	22505	10
22	22506	10
22	22507	10
22	22508	10
22	22509	11
22	22510	11
22	22511	11
22	22512	12
22	22513	12
22	22514	12
22	22515	12
22	22516	12
22	22517	12
22	22518	12
22	22519	12
22	22520	12
22	22521	12
22	22522	12
22	22523	12
22	22524	12
22	22525	12
22	22526	12
22	22527	12
22	22528	12
22	22529	11
22	22530	11
22	22531	11
22	22532	11
22	22533	11
22	22534	11
22	22535	11
22	22536	11
22	22537	11
22	22538	11
22	22539	11
22	22540	11
22	22541	11
22	22542	11
22	22543	11
22	22544	11
22	22545	11
22	22546	11
22	22547	11
22	22548	11
22	22549	12
22	22550	12
22	22551	12
22	22552	12
22	22553	12
22	22554	12
22	22555	12
22	22556	12
22	22557	12
22	22558	12
22	22559	13
22	22560	13
22	22561	13
22	22562	14
22	22563	14
22	22564	14
22	22565	14
22	22566	14
22	22567	14
22	22568	15
22	22569	15
22	22570	15
22	22571	15
22	22572	15
22	22573	15
22	22574	15
22	22575	15
22	22576	15
22	22577	15
22	22578	15
22	22579	15
22	22580	15
22	22581	15
22	22582	15
22	22583	15
22	22584	15
22	22585	15
22	22586	14
22	22587	14
22	22588	14
22	22589	14
22	22590	13
22	22591	13
22	22592	13
22	22593	13
22	22594	15
22	22595	15
22	22596	15
22	22597	15
22	22598	15
22	22599	16
22	22600	16
22	22601	16
22	22602	15
22	22603	13
22	22604	13
22	22605	13
22	22606	13
22	22607	13
22	22608	13
22	22609	13
22	22610	13
22	22611	13
22	22612	13
22	22613	13
22	22614	13
22	22615	12
22	22616	12
22	22617	12
22	22618	12
22	22619	13
22	22620	12
22	22621	12
22	22622	12
22	22623	13
22	22624	13
22	22625	13
22	22626	13
22	22627	13
22	22628	13
22	22629	13
22	22630	13
22	22631	12
22	22632	12
22	22633	12
22	22634	12
22	22635	12
22	22636	13
22	22637	13
22	22638	13
22	22639	13
22	22640	13
22	22641	13
22	22642	13
22	22643	12
22	22644	12
22	22645	12
22	22646	12
22	22647	12
22	22648	12
22	22649	13
22	22650	13
22	22651	13
22	22652	13
22	22653	13
22	22654	13
22	22655	14
22	22656	14
22	22657	14
22	22658	13
22	22659	13
22	22660	13
22	22661	12
22	22662	12
22	22663	12
22	22664	12
22	22665	12
22	22666	12
22	22667	12
22	22668	12
22	22669	12
22	22670	12
22	22671	12
22	22672	12
22	22673	12
22	22674	12
22	22675	12
22	22676	12
22	22677	12
22	22678	12
22	22679	12
22	22680	12
22	22681	12
22	22682	12
22	22683	12
22	22684	12
22	22685	12
22	22686	12
22	22687	12
22	22688	12
22	22689	13
22	22690	13
22	22691	13
22	22692	13
22	22693	13
22	22694	13
22	22695	13
22	22696	13
22	22697	13
22	22698	12
22	22699	12
22	22700	12
22	22701	13
22	22702	13
22	22703	13
22	22704	13
22	22705	13
22	22706	13
22	22707	13
22	22708	13
22	22709	12
22	22710	12
22	22711	12
22	22712	11
22	22713	11
22	22714	11
22	22715	11
22	22716	10
22	22717	10
22	22718	11
22	22719	11
22	22720	11
22	22721	11
22	22722	11
22	22723	11
22	22724	11
22	22725	11
22	22726	11
22	22727	11
22	22728	11
22	22729	11
22	22730	11
22	22731	11
22	22732	11
22	22733	11
22	22734	11
22	22735	13
22	22736	13
22	22737	13
22	22738	13
22	22739	13
22	22740	13
22	22741	13
22	22742	11
22	22743	11
22	22744	11
22	22745	12
22	22746	12
22	22747	12
22	22748	12
22	22749	11
22	22750	12
22	22751	12
22	22752	12
22	22753	12
22	22754	12
22	22755	12
22	22756	12
22	22757	12
22	22758	12
22	22759	13
22	22760	13
22	22761	13
22	22762	14
22	22763	14
22	22764	14
22	22765	14
22	22766	14
22	22767	14
22	22768	14
22	22769	13
22	22770	13
22	22771	13
22	22772	13
22	22773	12
22	22774	12
22	22775	12
22	22776	12
22	22777	12
22	22778	12
22	22779	12
22	22780	12
22	22781	12
22	22782	12
22	22783	12
22	22784	12
22	22785	12
22	22786	11
22	22787	11
22	22788	11
22	22789	11
22	22790	11
22	22791	11
22	22792	11
22	22793	11
22	22794	11
22	22795	11
22	22796	11
22	22797	12
22	22798	12
22	22799	11
22	22800	11
22	22801	11
22	22802	10
22	22803	10
22	22804	10
22	22805	10
22	22806	10
22	22807	10
22	22808	10
22	22809	10
22	22810	10
22	22811	10
22	22812	10
22	22813	10
22	22814	10
22	22815	10
22	22816	10
22	22817	10
22	22818	10
22	22819	10
22	22820	10
22	22821	10
22	22822	10
22	22823	10
22	22824	10
22	22825	10
22	22826	10
22	22827	10
22	22828	10
22	22829	10
22	22830	10
22	22831	10
22	22832	10
22	22833	10
22	22834	10
22	22835	10
22	22836	11
22	22837	11
22	22838	10
22	22839	10
22	22840	10
22	22841	10
22	22842	10
22	22843	10
22	22844	10
22	22845	10
22	22846	10
22	22847	10
22	22848	10
22	22849	10
22	22850	9
22	22851	9
22	22852	9
22	22853	10
22	22854	10
22	22855	10
22	22856	10
22	22857	10
22	22858	10
22	22859	10
22	22860	10
22	22861	10
22	22862	10
22	22863	10
22	22864	10
22	22865	10
22	22866	10
22	22867	10
22	22868	8
22	22869	8
22	22870	8
22	22871	8
22	22872	8
22	22873	8
22	22874	8
22	22875	8
22	22876	8
22	22877	8
22	22878	8
22	22879	8
22	22880	8
22	22881	8
22	22882	8
22	22883	6
22	22884	6
22	22885	6
22	22886	6
22	22887	6
22	22888	6
22	22889	7
22	22890	7
22	22891	7
22	22892	7
22	22893	7
22	22894	7
22	22895	6
22	22896	6
22	22897	6
22	22898	6
22	22899	6
22	22900	6
22	22901	6
22	22902	6
22	22903	6
22	22904	6
22	22905	6
22	22906	6
22	22907	6
22	22908	6
22	22909	5
22	22910	5
22	22911	5
22	22912	4
22	22913	4
22	22914	4
22	22915	4
22	22916	4
22	22917	4
22	22918	4
22	22919	4
22	22920	4
22	22921	4
22	22922	4
22	22923	4
22	22924	4
22	22925	4
22	22926	4
22	22927	4
22	22928	4
22	22929	4
22	22930	4
22	22931	4
22	22932	4
22	22933	4
22	22934	4
22	22935	4
22	22936	4
22	22937	4
22	22938	4
22	22939	5
22	22940	5
22	22941	5
22	22942	5
22	22943	5
22	22944	5
22	22945	5
22	22946	4
22	22947	4
22	22948	4
22	22949	4
22	22950	4
22	22951	4
22	22952	4
22	22953	4
22	22954	4
22	22955	4
22	22956	4
22	22957	4
22	22958	4
22	22959	4
22	22960	4
22	22961	4
22	22962	4
22	22963	4
22	22964	5
22	22965	5
22	22966	6
22	22967	6
22	22968	6
22	22969	6
22	22970	6
22	22971	6
22	22972	6
22	22973	6
22	22974	6
22	22975	6
22	22976	6
22	22977	6
22	22978	6
22	22979	6
22	22980	6
22	22981	6
22	22982	6
22	22983	6
22	22984	6
22	22985	6
22	22986	5
22	22987	5
22	22988	5
22	22989	5
22	22990	5
22	22991	5
22	22992	5
22	22993	5
22	22994	5
22	22995	5
22	22996	5
22	22997	5
22	22998	5
22	22999	5
22	23000	5
22	23001	5
22	23002	4
22	23003	4
22	23004	4
22	23005	4
22	23006	4
22	23007	4
22	23008	5
22	23009	5
22	23010	5
22	23011	5
22	23012	5
22	23013	5
22	23014	5
22	23015	5
22	23016	5
22	23017	5
22	23018	5
22	23019	5
22	23020	5
22	23021	5
22	23022	5
22	23023	6
22	23024	6
22	23025	6
22	23026	6
22	23027	6
22	23028	6
22	23029	7
22	23030	7
22	23031	7
22	23032	7
22	23033	7
22	23034	7
22	23035	7
22	23036	7
22	23037	6
22	23038	6
22	23039	6
22	23040	6
22	23041	6
22	23042	6
22	23043	6
22	23044	6
22	23045	6
22	23046	6
22	23047	6
22	23048	6
22	23049	6
22	23050	6
22	23051	6
22	23052	7
22	23053	7
22	23054	7
22	23055	7
22	23056	7
22	23057	7
22	23058	7
22	23059	8
22	23060	8
22	23061	8
22	23062	8
22	23063	8
22	23064	8
22	23065	8
22	23066	8
22	23067	8
22	23068	8
22	23069	8
22	23070	8
22	23071	8
22	23072	8
22	23073	8
22	23074	8
22	23075	8
22	23076	8
22	23077	8
22	23078	8
22	23079	8
22	23080	8
22	23081	8
22	23082	8
22	23083	8
22	23084	8
22	23085	8
22	23086	8
22	23087	8
22	23088	8
22	23089	8
22	23090	8
22	23091	8
22	23092	8
22	23093	8
22	23094	8
22	23095	8
22	23096	8
22	23097	8
22	23098	8
22	23099	8
22	23100	8
22	23101	8
22	23102	8
22	23103	9
22	23104	9
22	23105	9
22	23106	9
22	23107	9
22	23108	9
22	23109	9
22	23110	9
22	23111	9
22	23112	9
22	23113	8
22	23114	8
22	23115	7
22	23116	7
22	23117	7
22	23118	7
22	23119	7
22	23120	7
22	23121	7
22	23122	7
22	23123	7
22	23124	7
22	23125	7
22	23126	7
22	23127	7
22	23128	7
22	23129	7
22	23130	7
22	23131	7
22	23132	7
22	23133	7
22	23134	7
22	23135	7
22	23136	8
22	23137	8
22	23138	8
22	23139	8
22	23140	8
22	23141	8
22	23142	8
22	23143	8
22	23144	8
22	23145	8
22	23146	8
22	23147	8
22	23148	8
22	23149	8
22	23150	8
22	23151	8
22	23152	8
22	23153	8
22	23154	8
22	23155	9
22	23156	9
22	23157	9
22	23158	8
22	23159	8
22	23160	8
22	23161	8
22	23162	8
22	23163	8
22	23164	9
22	23165	9
22	23166	9
22	23167	9
22	23168	9
22	23169	9
22	23170	9
22	23171	9
22	23172	9
22	23173	8
22	23174	8
22	23175	9
22	23176	9
22	23177	9
22	23178	9
22	23179	8
22	23180	8
22	23181	8
22	23182	8
22	23183	8
22	23184	8
22	23185	8
22	23186	8
22	23187	8
22	23188	8
22	23189	8
22	23190	8
22	23191	8
22	23192	8
22	23193	8
22	23194	8
22	23195	8
22	23196	8
22	23197	8
22	23198	8
22	23199	8
22	23200	8
22	23201	7
22	23202	7
22	23203	7
22	23204	7
22	23205	7
22	23206	7
22	23207	7
22	23208	6
22	23209	6
22	23210	6
22	23211	6
22	23212	6
22	23213	6
22	23214	6
22	23215	6
22	23216	6
22	23217	6
22	23218	6
22	23219	6
22	23220	6
22	23221	6
22	23222	6
22	23223	6
22	23224	7
22	23225	7
22	23226	8
22	23227	8
22	23228	8
22	23229	8
22	23230	8
22	23231	8
22	23232	8
22	23233	8
22	23234	8
22	23235	8
22	23236	9
22	23237	9
22	23238	8
22	23239	8
22	23240	8
22	23241	8
22	23242	8
22	23243	8
22	23244	8
22	23245	8
22	23246	8
22	23247	8
22	23248	8
22	23249	8
22	23250	8
22	23251	8
22	23252	8
22	23253	7
22	23254	7
22	23255	7
22	23256	7
22	23257	7
22	23258	7
22	23259	7
22	23260	7
22	23261	7
22	23262	7
22	23263	7
22	23264	7
22	23265	7
22	23266	7
22	23267	7
22	23268	7
22	23269	7
22	23270	7
22	23271	7
22	23272	7
22	23273	7
22	23274	7
22	23275	7
22	23276	7
22	23277	7
22	23278	7
22	23279	7
22	23280	8
22	23281	8
22	23282	8
22	23283	8
22	23284	9
22	23285	9
22	23286	8
22	23287	8
22	23288	8
22	23289	8
22	23290	8
22	23291	8
22	23292	8
22	23293	8
22	23294	8
22	23295	8
22	23296	8
22	23297	8
22	23298	8
22	23299	8
22	23300	8
22	23301	8
22	23302	8
22	23303	8
22	23304	8
22	23305	7
22	23306	7
22	23307	7
22	23308	7
22	23309	7
22	23310	8
22	23311	8
22	23312	8
22	23313	8
22	23314	7
22	23315	7
22	23316	7
22	23317	7
22	23318	7
22	23319	7
22	23320	7
22	23321	7
22	23322	7
22	23323	7
22	23324	7
22	23325	6
22	23326	6
22	23327	6
22	23328	6
22	23329	6
22	23330	6
22	23331	6
22	23332	6
22	23333	6
22	23334	6
22	23335	6
22	23336	6
22	23337	6
22	23338	6
22	23339	6
22	23340	6
22	23341	6
22	23342	6
22	23343	6
22	23344	6
22	23345	6
22	23346	6
22	23347	6
22	23348	6
22	23349	6
22	23350	6
22	23351	6
22	23352	6
22	23353	6
22	23354	6
22	23355	6
22	23356	6
22	23357	6
22	23358	6
22	23359	6
22	23360	6
22	23361	6
22	23362	7
22	23363	7
22	23364	7
22	23365	10
22	23366	10
22	23367	10
22	23368	10
22	23369	10
22	23370	10
22	23371	10
22	23372	10
22	23373	10
22	23374	9
22	23375	9
22	23376	8
22	23377	8
22	23378	8
22	23379	8
22	23380	8
22	23381	9
22	23382	9
22	23383	9
22	23384	9
22	23385	9
22	23386	8
22	23387	8
22	23388	8
22	23389	8
22	23390	8
22	23391	8
22	23392	8
22	23393	8
22	23394	8
22	23395	8
22	23396	8
22	23397	8
22	23398	8
22	23399	8
22	23400	8
22	23401	8
22	23402	8
22	23403	8
22	23404	8
22	23405	8
22	23406	8
22	23407	8
22	23408	8
22	23409	8
22	23410	8
22	23411	8
22	23412	8
22	23413	8
22	23414	8
22	23415	8
22	23416	8
22	23417	8
22	23418	8
22	23419	8
22	23420	9
22	23421	10
22	23422	10
22	23423	10
22	23424	10
22	23425	10
22	23426	10
22	23427	10
22	23428	10
22	23429	10
22	23430	9
22	23431	9
22	23432	10
22	23433	12
22	23434	12
22	23435	12
22	23436	12
22	23437	12
22	23438	12
22	23439	12
22	23440	12
22	23441	12
22	23442	12
22	23443	12
22	23444	12
22	23445	12
22	23446	12
22	23447	12
22	23448	13
22	23449	13
22	23450	13
22	23451	13
22	23452	13
22	23453	13
22	23454	13
22	23455	13
22	23456	13
22	23457	13
22	23458	13
22	23459	13
22	23460	13
22	23461	13
22	23462	13
22	23463	13
22	23464	13
22	23465	13
22	23466	13
22	23467	13
22	23468	13
22	23469	13
22	23470	13
22	23471	13
22	23472	13
22	23473	13
22	23474	13
22	23475	13
22	23476	13
22	23477	13
22	23478	13
22	23479	13
22	23480	13
22	23481	13
22	23482	13
22	23483	13
22	23484	13
22	23485	13
22	23486	13
22	23487	13
22	23488	13
22	23489	13
22	23490	13
22	23491	13
22	23492	13
22	23493	13
22	23494	13
22	23495	13
22	23496	13
22	23497	13
22	23498	13
22	23499	13
22	23500	15
22	23501	15
22	23502	15
22	23503	16
22	23504	16
22	23505	16
22	23506	16
22	23507	16
22	23508	16
22	23509	16
22	23510	16
22	23511	16
22	23512	14
22	23513	14
22	23514	14
22	23515	11
22	23516	11
22	23517	12
22	23518	12
22	23519	12
22	23520	12
22	23521	12
22	23522	12
22	23523	12
22	23524	12
22	23525	12
22	23526	12
22	23527	12
22	23528	12
22	23529	11
22	23530	12
22	23531	12
22	23532	12
22	23533	12
22	23534	12
22	23535	12
22	23536	14
22	23537	14
22	23538	14
22	23539	14
22	23540	14
22	23541	15
22	23542	15
22	23543	15
22	23544	15
22	23545	15
22	23546	15
22	23547	15
22	23548	15
22	23549	15
22	23550	15
22	23551	15
22	23552	15
22	23553	15
22	23554	15
22	23555	15
22	23556	15
22	23557	15
22	23558	15
22	23559	15
22	23560	15
22	23561	15
22	23562	15
22	23563	15
22	23564	15
22	23565	15
22	23566	15
22	23567	15
22	23568	14
22	23569	14
22	23570	13
22	23571	12
22	23572	12
22	23573	13
22	23574	13
22	23575	13
22	23576	13
22	23577	13
22	23578	13
22	23579	13
22	23580	13
22	23581	11
22	23582	10
22	23583	10
22	23584	10
22	23585	10
22	23586	10
22	23587	10
22	23588	11
22	23589	11
22	23590	11
22	23591	11
22	23592	11
22	23593	11
22	23594	11
22	23595	12
22	23596	12
22	23597	11
22	23598	11
22	23599	11
22	23600	11
22	23601	11
22	23602	11
22	23603	11
22	23604	11
22	23605	11
22	23606	11
22	23607	11
22	23608	11
22	23609	11
22	23610	11
22	23611	12
22	23612	12
22	23613	12
22	23614	12
22	23615	12
22	23616	12
22	23617	12
22	23618	12
22	23619	12
22	23620	12
22	23621	12
22	23622	12
22	23623	12
22	23624	12
22	23625	12
22	23626	12
22	23627	12
22	23628	12
22	23629	12
22	23630	12
22	23631	12
22	23632	14
22	23633	14
22	23634	14
22	23635	14
22	23636	14
22	23637	14
22	23638	14
22	23639	14
22	23640	14
22	23641	14
22	23642	14
22	23643	16
22	23644	16
22	23645	16
22	23646	16
22	23647	17
22	23648	17
22	23649	17
22	23650	15
22	23651	15
22	23652	14
22	23653	14
22	23654	14
22	23655	14
22	23656	14
22	23657	14
22	23658	14
22	23659	15
22	23660	15
22	23661	15
22	23662	15
22	23663	15
22	23664	15
22	23665	15
22	23666	16
22	23667	16
22	23668	16
22	23669	16
22	23670	16
22	23671	16
22	23672	16
22	23673	16
22	23674	16
22	23675	16
22	23676	17
22	23677	18
22	23678	18
22	23679	17
22	23680	17
22	23681	17
22	23682	17
22	23683	18
22	23684	18
22	23685	18
22	23686	16
22	23687	16
22	23688	19
22	23689	19
22	23690	18
22	23691	18
22	23692	18
22	23693	18
22	23694	18
22	23695	18
22	23696	18
22	23697	18
22	23698	18
22	23699	19
22	23700	19
22	23701	19
22	23702	19
22	23703	19
22	23704	19
22	23705	19
22	23706	19
22	23707	19
22	23708	19
22	23709	19
22	23710	19
22	23711	19
22	23712	19
22	23713	19
22	23714	19
22	23715	19
22	23716	19
22	23717	19
22	23718	19
22	23719	19
22	23720	19
22	23721	19
22	23722	20
22	23723	19
22	23724	19
22	23725	19
22	23726	19
22	23727	19
22	23728	19
22	23729	19
22	23730	19
22	23731	20
22	23732	20
22	23733	20
22	23734	20
22	23735	20
22	23736	22
22	23737	22
22	23738	21
22	23739	21
22	23740	22
22	23741	22
22	23742	24
22	23743	24
22	23744	23
22	23745	24
22	23746	24
22	23747	24
22	23748	25
22	23749	25
22	23750	25
22	23751	25
22	23752	26
22	23753	26
22	23754	26
22	23755	26
22	23756	26
22	23757	26
22	23758	26
22	23759	25
22	23760	25
22	23761	25
22	23762	25
22	23763	25
22	23764	25
22	23765	25
22	23766	25
22	23767	25
22	23768	25
22	23769	25
22	23770	25
22	23771	25
22	23772	25
22	23773	25
22	23774	25
22	23775	25
22	23776	26
22	23777	26
22	23778	26
22	23779	26
22	23780	26
22	23781	26
22	23782	24
22	23783	24
22	23784	24
22	23785	24
22	23786	24
22	23787	24
22	23788	24
22	23789	24
22	23790	24
22	23791	24
22	23792	24
22	23793	22
22	23794	22
22	23795	22
22	23796	22
22	23797	21
22	23798	21
22	23799	21
22	23800	21
22	23801	21
22	23802	21
22	23803	21
22	23804	21
22	23805	21
22	23806	21
22	23807	21
22	23808	20
22	23809	20
22	23810	20
22	23811	20
22	23812	20
22	23813	20
22	23814	20
22	23815	20
22	23816	19
22	23817	18
22	23818	19
22	23819	19
22	23820	19
22	23821	19
22	23822	19
22	23823	19
22	23824	19
22	23825	18
22	23826	18
22	23827	18
22	23828	18
22	23829	18
22	23830	18
22	23831	18
22	23832	18
22	23833	17
22	23834	17
22	23835	14
22	23836	14
22	23837	14
22	23838	14
22	23839	14
22	23840	14
22	23841	14
22	23842	14
22	23843	14
22	23844	14
22	23845	14
22	23846	14
22	23847	14
22	23848	14
22	23849	13
22	23850	13
22	23851	13
22	23852	13
22	23853	13
22	23854	13
22	23855	13
22	23856	13
22	23857	13
22	23858	13
22	23859	13
22	23860	13
22	23861	13
22	23862	13
22	23863	13
22	23864	13
22	23865	13
22	23866	13
22	23867	13
22	23868	13
22	23869	13
22	23870	13
22	23871	14
22	23872	13
22	23873	13
22	23874	13
22	23875	13
22	23876	13
22	23877	13
22	23878	13
22	23879	13
22	23880	13
22	23881	12
22	23882	12
22	23883	12
22	23884	12
22	23885	13
22	23886	11
22	23887	11
22	23888	11
22	23889	11
22	23890	10
22	23891	8
22	23892	8
22	23893	8
22	23894	8
22	23895	7
22	23896	9
22	23897	9
22	23898	8
22	23899	8
22	23900	8
22	23901	8
22	23902	7
22	23903	7
22	23904	7
22	23905	7
22	23906	7
22	23907	7
22	23908	7
22	23909	7
22	23910	7
22	23911	7
22	23912	7
22	23913	7
22	23914	7
22	23915	7
22	23916	7
22	23917	7
22	23918	7
22	23919	7
22	23920	7
22	23921	7
22	23922	7
22	23923	7
22	23924	7
22	23925	6
22	23926	7
22	23927	7
22	23928	7
22	23929	7
22	23930	7
22	23931	7
22	23932	7
22	23933	7
22	23934	7
22	23935	7
22	23936	7
22	23937	7
22	23938	7
22	23939	7
22	23940	7
22	23941	7
22	23942	7
22	23943	7
22	23944	7
22	23945	7
22	23946	7
22	23947	7
22	23948	7
22	23949	7
22	23950	7
22	23951	7
22	23952	7
22	23953	7
22	23954	7
22	23955	7
22	23956	7
22	23957	7
22	23958	7
22	23959	7
22	23960	7
22	23961	7
22	23962	7
22	23963	7
22	23964	7
22	23965	9
22	23966	9
22	23967	9
22	23968	8
22	23969	8
22	23970	8
22	23971	8
22	23972	8
22	23973	8
22	23974	8
22	23975	7
22	23976	7
22	23977	7
22	23978	7
22	23979	7
22	23980	7
22	23981	7
22	23982	7
22	23983	7
22	23984	7
22	23985	7
22	23986	7
22	23987	7
22	23988	7
22	23989	7
22	23990	7
22	23991	7
22	23992	7
22	23993	7
22	23994	7
22	23995	7
22	23996	7
22	23997	7
22	23998	7
22	23999	7
22	24000	8
22	24001	8
22	24002	8
22	24003	8
22	24004	8
22	24005	8
22	24006	8
22	24007	8
22	24008	8
22	24009	9
22	24010	9
22	24011	9
22	24012	9
22	24013	9
22	24014	9
22	24015	10
22	24016	10
22	24017	10
22	24018	10
22	24019	9
22	24020	9
22	24021	9
22	24022	9
22	24023	9
22	24024	9
22	24025	9
22	24026	9
22	24027	9
22	24028	9
22	24029	9
22	24030	9
22	24031	9
22	24032	9
22	24033	9
22	24034	9
22	24035	8
22	24036	8
22	24037	8
22	24038	8
22	24039	8
22	24040	8
22	24041	8
22	24042	8
22	24043	8
22	24044	8
22	24045	8
22	24046	6
22	24047	6
22	24048	6
22	24049	6
22	24050	6
22	24051	6
22	24052	6
22	24053	6
22	24054	6
22	24055	6
22	24056	6
22	24057	6
22	24058	6
22	24059	6
22	24060	6
22	24061	6
22	24062	6
22	24063	6
22	24064	6
22	24065	6
22	24066	6
22	24067	6
22	24068	6
22	24069	6
22	24070	7
22	24071	7
22	24072	7
22	24073	7
22	24074	7
22	24075	6
22	24076	6
22	24077	6
22	24078	6
22	24079	6
22	24080	6
22	24081	6
22	24082	6
22	24083	6
22	24084	6
22	24085	6
22	24086	6
22	24087	6
22	24088	6
22	24089	6
22	24090	6
22	24091	6
22	24092	6
22	24093	6
22	24094	6
22	24095	6
22	24096	6
22	24097	6
22	24098	6
22	24099	6
22	24100	6
22	24101	6
22	24102	6
22	24103	6
22	24104	6
22	24105	6
22	24106	6
22	24107	7
22	24108	7
22	24109	7
22	24110	7
22	24111	7
22	24112	7
22	24113	7
22	24114	7
22	24115	5
22	24116	5
22	24117	5
22	24118	5
22	24119	5
22	24120	5
22	24121	5
22	24122	5
22	24123	5
22	24124	5
22	24125	5
22	24126	5
22	24127	5
22	24128	5
22	24129	5
22	24130	5
22	24131	5
22	24132	5
22	24133	5
22	24134	5
22	24135	5
22	24136	5
22	24137	5
22	24138	5
22	24139	5
22	24140	5
22	24141	5
22	24142	5
22	24143	5
22	24144	5
22	24145	5
22	24146	5
22	24147	5
22	24148	5
22	24149	5
22	24150	4
22	24151	5
22	24152	5
22	24153	5
22	24154	5
22	24155	5
22	24156	5
22	24157	5
22	24158	4
22	24159	4
22	24160	4
22	24161	4
22	24162	4
22	24163	4
22	24164	3
22	24165	3
22	24166	3
22	24167	3
22	24168	4
22	24169	5
22	24170	5
22	24171	5
22	24172	5
22	24173	5
22	24174	5
22	24175	5
22	24176	5
22	24177	5
22	24178	5
22	24179	6
22	24180	6
22	24181	6
22	24182	6
22	24183	6
22	24184	6
22	24185	6
22	24186	6
22	24187	6
22	24188	6
22	24189	6
22	24190	6
22	24191	6
22	24192	6
22	24193	6
22	24194	6
22	24195	6
22	24196	6
22	24197	6
22	24198	6
22	24199	6
22	24200	6
22	24201	6
22	24202	6
22	24203	6
22	24204	6
22	24205	6
22	24206	6
22	24207	6
22	24208	6
22	24209	6
22	24210	6
22	24211	6
22	24212	6
22	24213	6
22	24214	6
22	24215	6
22	24216	6
22	24217	6
22	24218	6
22	24219	5
22	24220	5
22	24221	5
22	24222	5
22	24223	5
22	24224	5
22	24225	5
22	24226	5
22	24227	5
22	24228	5
22	24229	5
22	24230	5
22	24231	5
22	24232	5
22	24233	5
22	24234	5
22	24235	5
22	24236	5
22	24237	5
22	24238	5
22	24239	5
22	24240	5
22	24241	5
22	24242	5
22	24243	5
22	24244	5
22	24245	5
22	24246	5
22	24247	5
22	24248	5
22	24249	5
22	24250	5
22	24251	5
22	24252	5
22	24253	5
22	24254	5
22	24255	4
22	24256	5
22	24257	5
22	24258	5
22	24259	5
22	24260	5
22	24261	5
22	24262	5
22	24263	5
22	24264	5
22	24265	5
22	24266	5
22	24267	5
22	24268	5
22	24269	5
22	24270	5
22	24271	5
22	24272	5
22	24273	5
22	24274	5
22	24275	5
22	24276	5
22	24277	5
22	24278	5
22	24279	5
22	24280	5
22	24281	5
22	24282	4
22	24283	4
22	24284	4
22	24285	4
22	24286	5
22	24287	5
22	24288	5
22	24289	5
22	24290	5
22	24291	5
22	24292	5
22	24293	5
22	24294	5
22	24295	5
22	24296	5
22	24297	5
22	24298	5
22	24299	5
22	24300	5
22	24301	5
22	24302	5
22	24303	5
22	24304	5
22	24305	5
22	24306	5
22	24307	5
22	24308	5
22	24309	5
22	24310	5
22	24311	5
22	24312	8
22	24313	8
22	24314	8
22	24315	8
22	24316	7
22	24317	7
22	24318	7
22	24319	6
22	24320	6
22	24321	6
22	24322	6
22	24323	6
22	24324	6
22	24325	6
22	24326	6
22	24327	6
22	24328	5
22	24329	5
22	24330	5
22	24331	5
22	24332	5
22	24333	6
22	24334	6
22	24335	6
22	24336	6
22	24337	6
22	24338	6
22	24339	6
22	24340	6
22	24341	6
22	24342	6
22	24343	6
22	24344	6
22	24345	6
22	24346	6
22	24347	6
22	24348	6
22	24349	6
22	24350	6
22	24351	6
22	24352	6
22	24353	7
22	24354	7
22	24355	7
22	24356	7
22	24357	7
22	24358	7
22	24359	7
22	24360	7
22	24361	7
22	24362	7
22	24363	7
22	24364	7
22	24365	7
22	24366	7
22	24367	7
22	24368	7
22	24369	7
22	24370	7
22	24371	7
22	24372	7
22	24373	7
22	24374	7
22	24375	7
22	24376	7
22	24377	7
22	24378	7
22	24379	7
22	24380	7
22	24381	7
22	24382	7
22	24383	7
22	24384	7
22	24385	7
22	24386	7
22	24387	7
22	24388	7
22	24389	7
22	24390	7
22	24391	9
22	24392	9
22	24393	9
22	24394	9
22	24395	9
22	24396	9
22	24397	9
22	24398	9
22	24399	9
22	24400	9
22	24401	9
22	24402	9
22	24403	9
22	24404	9
22	24405	9
22	24406	9
22	24407	10
22	24408	10
22	24409	10
22	24410	10
22	24411	10
22	24412	11
22	24413	11
22	24414	11
22	24415	12
22	24416	12
22	24417	12
22	24418	12
22	24419	12
22	24420	11
22	24421	11
22	24422	11
22	24423	11
22	24424	11
22	24425	11
22	24426	11
22	24427	11
22	24428	11
22	24429	11
22	24430	11
22	24431	11
22	24432	11
22	24433	11
22	24434	11
22	24435	11
22	24436	10
22	24437	10
22	24438	10
22	24439	10
22	24440	10
22	24441	10
22	24442	10
22	24443	10
22	24444	10
22	24445	10
22	24446	10
22	24447	10
22	24448	10
22	24449	10
22	24450	10
22	24451	10
22	24452	10
22	24453	10
22	24454	10
22	24455	10
22	24456	10
22	24457	10
22	24458	10
22	24459	10
22	24460	10
22	24461	7
22	24462	7
22	24463	7
22	24464	7
22	24465	7
22	24466	7
22	24467	7
22	24468	7
22	24469	7
22	24470	7
22	24471	7
22	24472	7
22	24473	7
22	24474	7
22	24475	7
22	24476	7
22	24477	7
22	24478	7
22	24479	7
22	24480	7
22	24481	7
22	24482	7
22	24483	6
22	24484	6
22	24485	6
22	24486	6
22	24487	7
22	24488	7
22	24489	7
22	24490	7
22	24491	7
22	24492	7
22	24493	7
22	24494	7
22	24495	7
22	24496	7
22	24497	7
22	24498	7
22	24499	7
22	24500	7
22	24501	7
22	24502	7
22	24503	6
22	24504	6
22	24505	6
22	24506	6
22	24507	6
22	24508	6
22	24509	6
22	24510	7
22	24511	7
22	24512	7
22	24513	7
22	24514	7
22	24515	7
22	24516	7
22	24517	7
22	24518	7
22	24519	8
22	24520	8
22	24521	8
22	24522	8
22	24523	8
22	24524	8
22	24525	8
22	24526	8
22	24527	8
22	24528	8
22	24529	8
22	24530	8
22	24531	8
22	24532	8
22	24533	8
22	24534	8
22	24535	8
22	24536	8
22	24537	8
22	24538	9
22	24539	9
22	24540	9
22	24541	9
22	24542	9
22	24543	9
22	24544	9
22	24545	10
22	24546	10
22	24547	10
22	24548	10
22	24549	10
22	24550	10
22	24551	10
22	24552	10
22	24553	10
22	24554	10
22	24555	9
22	24556	9
22	24557	9
22	24558	9
22	24559	9
22	24560	8
22	24561	8
22	24562	8
22	24563	8
22	24564	8
22	24565	7
22	24566	7
22	24567	7
22	24568	7
22	24569	7
22	24570	7
22	24571	7
22	24572	7
22	24573	7
22	24574	7
22	24575	7
22	24576	7
22	24577	7
22	24578	5
22	24579	7
22	24580	7
22	24581	7
22	24582	7
22	24583	7
22	24584	8
22	24585	8
22	24586	8
22	24587	8
22	24588	8
22	24589	8
22	24590	8
22	24591	8
22	24592	8
22	24593	8
22	24594	9
22	24595	9
22	24596	9
22	24597	9
22	24598	9
22	24599	9
22	24600	9
22	24601	9
22	24602	9
22	24603	9
22	24604	9
22	24605	9
22	24606	9
22	24607	9
22	24608	9
22	24609	9
22	24610	9
22	24611	9
22	24612	9
22	24613	9
22	24614	9
22	24615	9
22	24616	10
22	24617	10
22	24618	10
22	24619	10
22	24620	10
22	24621	10
22	24622	10
22	24623	10
22	24624	10
22	24625	10
22	24626	10
22	24627	10
22	24628	10
22	24629	10
22	24630	10
22	24631	10
22	24632	10
22	24633	10
22	24634	10
22	24635	10
22	24636	10
22	24637	9
22	24638	9
22	24639	9
22	24640	9
22	24641	9
22	24642	9
22	24643	9
22	24644	9
22	24645	9
22	24646	9
22	24647	9
22	24648	9
22	24649	9
22	24650	9
22	24651	9
22	24652	9
22	24653	9
22	24654	9
22	24655	9
22	24656	9
22	24657	9
22	24658	9
22	24659	8
22	24660	8
22	24661	8
22	24662	8
22	24663	9
22	24664	9
22	24665	9
22	24666	9
22	24667	9
22	24668	9
22	24669	8
22	24670	8
22	24671	6
22	24672	6
22	24673	6
22	24674	6
22	24675	6
22	24676	6
22	24677	6
22	24678	7
22	24679	7
22	24680	7
22	24681	7
22	24682	7
22	24683	7
22	24684	7
22	24685	7
22	24686	6
22	24687	6
22	24688	6
22	24689	6
22	24690	6
22	24691	6
22	24692	6
22	24693	6
22	24694	5
22	24695	5
22	24696	5
22	24697	5
22	24698	5
22	24699	5
22	24700	5
22	24701	5
22	24702	5
22	24703	5
22	24704	5
22	24705	5
22	24706	5
22	24707	5
22	24708	5
22	24709	5
22	24710	5
22	24711	7
22	24712	7
22	24713	7
22	24714	7
22	24715	7
22	24716	7
22	24717	7
22	24718	7
22	24719	7
22	24720	7
22	24721	7
22	24722	7
22	24723	7
22	24724	7
22	24725	7
22	24726	7
22	24727	7
22	24728	7
22	24729	8
22	24730	8
22	24731	8
22	24732	8
22	24733	8
22	24734	7
22	24735	7
22	24736	7
22	24737	7
22	24738	7
22	24739	7
22	24740	7
22	24741	6
22	24742	7
22	24743	7
22	24744	7
22	24745	7
22	24746	7
22	24747	7
22	24748	7
22	24749	7
22	24750	7
22	24751	7
22	24752	7
22	24753	7
22	24754	7
22	24755	7
22	24756	7
22	24757	7
22	24758	7
22	24759	7
22	24760	7
22	24761	7
22	24762	7
22	24763	7
22	24764	7
22	24765	6
22	24766	6
22	24767	6
22	24768	6
22	24769	6
22	24770	6
22	24771	6
22	24772	6
22	24773	6
22	24774	7
22	24775	7
22	24776	7
22	24777	7
22	24778	7
22	24779	7
22	24780	7
22	24781	7
22	24782	7
22	24783	7
22	24784	7
22	24785	7
22	24786	7
22	24787	7
22	24788	7
22	24789	7
22	24790	7
22	24791	7
22	24792	7
22	24793	7
22	24794	7
22	24795	7
22	24796	7
22	24797	7
22	24798	7
22	24799	7
22	24800	7
22	24801	7
22	24802	7
22	24803	7
22	24804	7
22	24805	7
22	24806	7
22	24807	7
22	24808	7
22	24809	7
22	24810	7
22	24811	7
22	24812	7
22	24813	6
22	24814	6
22	24815	6
22	24816	6
22	24817	6
22	24818	6
22	24819	6
22	24820	6
22	24821	6
22	24822	6
22	24823	6
22	24824	6
22	24825	6
22	24826	6
22	24827	5
22	24828	5
22	24829	5
22	24830	5
22	24831	5
22	24832	5
22	24833	5
22	24834	5
22	24835	5
22	24836	5
22	24837	5
22	24838	5
22	24839	5
22	24840	5
22	24841	5
22	24842	5
22	24843	5
22	24844	5
22	24845	5
22	24846	5
22	24847	5
22	24848	6
22	24849	6
22	24850	7
22	24851	7
22	24852	7
22	24853	7
22	24854	7
22	24855	7
22	24856	7
22	24857	7
22	24858	7
22	24859	7
22	24860	6
22	24861	6
22	24862	6
22	24863	6
22	24864	6
22	24865	6
22	24866	6
22	24867	6
22	24868	6
22	24869	6
22	24870	6
22	24871	6
22	24872	6
22	24873	6
22	24874	6
22	24875	6
22	24876	6
22	24877	6
22	24878	6
22	24879	5
22	24880	5
22	24881	5
22	24882	5
22	24883	5
22	24884	5
22	24885	5
22	24886	5
22	24887	5
22	24888	5
22	24889	6
22	24890	6
22	24891	6
22	24892	5
22	24893	5
22	24894	5
22	24895	5
22	24896	5
22	24897	5
22	24898	5
22	24899	5
22	24900	5
22	24901	4
22	24902	4
22	24903	4
22	24904	4
22	24905	4
22	24906	4
22	24907	4
22	24908	4
22	24909	4
22	24910	4
22	24911	4
22	24912	4
22	24913	4
22	24914	4
22	24915	4
22	24916	4
22	24917	4
22	24918	4
22	24919	4
22	24920	4
22	24921	4
22	24922	3
22	24923	4
22	24924	4
22	24925	4
22	24926	4
22	24927	4
22	24928	4
22	24929	4
22	24930	4
22	24931	4
22	24932	4
22	24933	4
22	24934	4
22	24935	4
22	24936	4
22	24937	4
22	24938	4
22	24939	4
22	24940	4
22	24941	4
22	24942	4
22	24943	4
22	24944	4
22	24945	4
22	24946	4
22	24947	5
22	24948	5
22	24949	5
22	24950	5
22	24951	5
22	24952	5
22	24953	5
22	24954	5
22	24955	5
22	24956	5
22	24957	5
22	24958	5
22	24959	5
22	24960	5
22	24961	5
22	24962	5
22	24963	5
22	24964	5
22	24965	5
22	24966	5
22	24967	5
22	24968	5
22	24969	5
22	24970	5
22	24971	5
22	24972	5
22	24973	5
22	24974	5
22	24975	5
22	24976	5
22	24977	5
22	24978	5
22	24979	5
22	24980	5
22	24981	5
22	24982	5
22	24983	5
22	24984	5
22	24985	5
22	24986	5
22	24987	5
22	24988	5
22	24989	5
22	24990	5
22	24991	5
22	24992	5
22	24993	5
22	24994	5
22	24995	5
22	24996	5
22	24997	5
22	24998	5
22	24999	5
22	25000	4
22	25001	4
22	25002	4
22	25003	4
22	25004	4
22	25005	4
22	25006	4
22	25007	4
22	25008	4
22	25009	4
22	25010	4
22	25011	4
22	25012	4
22	25013	4
22	25014	4
22	25015	4
22	25016	4
22	25017	4
22	25018	4
22	25019	4
22	25020	4
22	25021	4
22	25022	4
22	25023	4
22	25024	4
22	25025	4
22	25026	4
22	25027	4
22	25028	4
22	25029	4
22	25030	4
22	25031	4
22	25032	4
22	25033	4
22	25034	4
22	25035	5
22	25036	5
22	25037	5
22	25038	5
22	25039	4
22	25040	4
22	25041	4
22	25042	4
22	25043	4
22	25044	4
22	25045	4
22	25046	4
22	25047	4
22	25048	4
22	25049	4
22	25050	4
22	25051	4
22	25052	4
22	25053	4
22	25054	4
22	25055	4
22	25056	4
22	25057	4
22	25058	4
22	25059	4
22	25060	4
22	25061	4
22	25062	4
22	25063	4
22	25064	4
22	25065	4
22	25066	4
22	25067	4
22	25068	4
22	25069	4
22	25070	4
22	25071	4
22	25072	4
22	25073	4
22	25074	4
22	25075	4
22	25076	4
22	25077	4
22	25078	4
22	25079	4
22	25080	4
22	25081	4
22	25082	4
22	25083	4
22	25084	4
22	25085	4
22	25086	4
22	25087	4
22	25088	4
22	25089	4
22	25090	4
22	25091	4
22	25092	4
22	25093	4
22	25094	4
22	25095	4
22	25096	3
22	25097	3
22	25098	3
22	25099	3
22	25100	3
22	25101	3
22	25102	3
22	25103	3
22	25104	2
22	25105	2
22	25106	2
22	25107	3
22	25108	3
22	25109	3
22	25110	3
22	25111	3
22	25112	3
22	25113	3
22	25114	3
22	25115	3
22	25116	3
22	25117	3
22	25118	3
22	25119	3
22	25120	3
22	25121	3
22	25122	3
22	25123	3
22	25124	3
22	25125	3
22	25126	3
22	25127	3
22	25128	3
22	25129	3
22	25130	3
22	25131	3
22	25132	3
22	25133	3
22	25134	3
22	25135	3
22	25136	2
22	25137	2
22	25138	2
22	25139	2
22	25140	2
22	25141	2
22	25142	2
22	25143	2
22	25144	2
22	25145	2
22	25146	2
22	25147	2
22	25148	2
22	25149	2
22	25150	2
22	25151	2
22	25152	2
22	25153	2
22	25154	2
22	25155	2
22	25156	2
22	25157	2
22	25158	2
22	25159	2
22	25160	2
22	25161	2
22	25162	2
22	25163	2
22	25164	2
22	25165	3
22	25166	3
22	25167	3
22	25168	3
22	25169	3
22	25170	3
22	25171	3
22	25172	3
22	25173	3
22	25174	3
22	25175	3
22	25176	3
22	25177	3
22	25178	3
22	25179	3
22	25180	3
22	25181	3
22	25182	3
22	25183	3
22	25184	3
22	25185	3
22	25186	3
22	25187	3
22	25188	3
22	25189	3
22	25190	3
22	25191	3
22	25192	3
22	25193	3
22	25194	4
22	25195	4
22	25196	4
22	25197	4
22	25198	4
22	25199	5
22	25200	5
22	25201	5
22	25202	5
22	25203	5
22	25204	5
22	25205	5
22	25206	5
22	25207	5
22	25208	5
22	25209	5
22	25210	5
22	25211	5
22	25212	5
22	25213	5
22	25214	5
22	25215	5
22	25216	5
22	25217	5
22	25218	5
22	25219	5
22	25220	5
22	25221	5
22	25222	4
22	25223	4
22	25224	4
22	25225	4
22	25226	4
22	25227	4
22	25228	4
22	25229	4
22	25230	4
22	25231	4
22	25232	4
22	25233	4
22	25234	4
22	25235	4
22	25236	4
22	25237	4
22	25238	4
22	25239	4
22	25240	4
22	25241	4
22	25242	4
22	25243	4
22	25244	4
22	25245	5
22	25246	5
22	25247	5
22	25248	5
22	25249	5
22	25250	5
22	25251	5
22	25252	5
22	25253	5
22	25254	5
22	25255	5
22	25256	5
22	25257	5
22	25258	5
22	25259	5
22	25260	5
22	25261	5
22	25262	5
22	25263	6
22	25264	6
22	25265	6
22	25266	6
22	25267	6
22	25268	6
22	25269	6
22	25270	6
22	25271	6
22	25272	6
22	25273	6
22	25274	6
22	25275	6
22	25276	6
22	25277	6
22	25278	6
22	25279	6
22	25280	6
22	25281	6
22	25282	6
22	25283	6
22	25284	6
22	25285	6
22	25286	6
22	25287	6
22	25288	6
22	25289	6
22	25290	6
22	25291	6
22	25292	6
22	25293	6
22	25294	6
22	25295	7
22	25296	7
22	25297	7
22	25298	7
22	25299	7
22	25300	7
22	25301	7
22	25302	7
22	25303	7
22	25304	7
22	25305	7
22	25306	7
22	25307	7
22	25308	7
22	25309	7
22	25310	7
22	25311	7
22	25312	7
22	25313	7
22	25314	5
22	25315	5
22	25316	5
22	25317	5
22	25318	5
22	25319	5
22	25320	5
22	25321	5
22	25322	5
22	25323	5
22	25324	5
22	25325	5
22	25326	5
22	25327	5
22	25328	5
22	25329	5
22	25330	5
22	25331	5
22	25332	5
22	25333	5
22	25334	5
22	25335	5
22	25336	5
22	25337	5
22	25338	5
22	25339	5
22	25340	5
22	25341	5
22	25342	5
22	25343	5
22	25344	4
22	25345	4
22	25346	4
22	25347	4
22	25348	4
22	25349	3
22	25350	3
22	25351	3
22	25352	3
22	25353	3
22	25354	3
22	25355	3
22	25356	3
22	25357	3
22	25358	3
22	25359	3
22	25360	3
22	25361	3
22	25362	3
22	25363	3
22	25364	3
22	25365	3
22	25366	3
22	25367	3
22	25368	3
22	25369	3
22	25370	3
22	25371	3
22	25372	3
22	25373	3
22	25374	3
22	25375	3
22	25376	3
22	25377	3
22	25378	3
22	25379	3
22	25380	3
22	25381	3
22	25382	3
22	25383	3
22	25384	3
22	25385	3
22	25386	3
22	25387	3
22	25388	3
22	25389	3
22	25390	3
22	25391	4
22	25392	4
22	25393	4
22	25394	4
22	25395	3
22	25396	3
22	25397	3
22	25398	3
22	25399	3
22	25400	3
22	25401	3
22	25402	3
22	25403	3
22	25404	4
22	25405	4
22	25406	4
22	25407	4
22	25408	4
22	25409	4
22	25410	4
22	25411	4
22	25412	4
22	25413	3
22	25414	3
22	25415	3
22	25416	3
22	25417	3
22	25418	3
22	25419	3
22	25420	3
22	25421	3
22	25422	3
22	25423	3
22	25424	3
22	25425	3
22	25426	3
22	25427	3
22	25428	3
22	25429	3
22	25430	3
22	25431	3
22	25432	3
22	25433	3
22	25434	3
22	25435	3
22	25436	3
22	25437	3
22	25438	3
22	25439	3
22	25440	3
22	25441	3
22	25442	3
22	25443	3
22	25444	2
22	25445	4
22	25446	4
22	25447	4
22	25448	4
22	25449	4
22	25450	4
22	25451	4
22	25452	5
22	25453	5
22	25454	5
22	25455	5
22	25456	5
22	25457	5
22	25458	5
22	25459	5
22	25460	5
22	25461	5
22	25462	5
22	25463	5
22	25464	5
22	25465	5
22	25466	5
22	25467	5
22	25468	5
22	25469	5
22	25470	5
22	25471	5
22	25472	5
22	25473	5
22	25474	5
22	25475	5
22	25476	5
22	25477	5
22	25478	5
22	25479	5
22	25480	5
22	25481	5
22	25482	6
22	25483	6
22	25484	7
22	25485	7
22	25486	7
22	25487	7
22	25488	7
22	25489	7
22	25490	7
22	25491	7
22	25492	8
22	25493	8
22	25494	8
22	25495	8
22	25496	8
22	25497	8
22	25498	8
22	25499	8
22	25500	8
22	25501	8
22	25502	8
22	25503	8
22	25504	8
22	25505	8
22	25506	8
22	25507	8
22	25508	8
22	25509	8
22	25510	8
22	25511	8
22	25512	8
22	25513	8
22	25514	8
22	25515	8
22	25516	8
22	25517	8
22	25518	8
22	25519	8
22	25520	8
22	25521	8
22	25522	8
22	25523	8
22	25524	8
22	25525	8
22	25526	8
22	25527	8
22	25528	8
22	25529	8
22	25530	8
22	25531	8
22	25532	8
22	25533	8
22	25534	8
22	25535	8
22	25536	8
22	25537	8
22	25538	8
22	25539	8
22	25540	8
22	25541	7
22	25542	7
22	25543	7
22	25544	7
22	25545	7
22	25546	7
22	25547	8
22	25548	8
22	25549	8
22	25550	8
22	25551	8
22	25552	8
22	25553	7
22	25554	7
22	25555	7
22	25556	7
22	25557	7
22	25558	7
22	25559	7
22	25560	7
22	25561	7
22	25562	7
22	25563	7
22	25564	7
22	25565	7
22	25566	7
22	25567	7
22	25568	7
22	25569	7
22	25570	8
22	25571	8
22	25572	8
22	25573	8
22	25574	8
22	25575	8
22	25576	8
22	25577	8
22	25578	8
22	25579	8
22	25580	8
22	25581	8
22	25582	8
22	25583	8
22	25584	8
22	25585	8
22	25586	8
22	25587	8
22	25588	8
22	25589	8
22	25590	8
22	25591	8
22	25592	8
22	25593	8
22	25594	8
22	25595	6
22	25596	6
22	25597	6
22	25598	6
22	25599	6
22	25600	6
22	25601	6
22	25602	6
22	25603	6
22	25604	6
22	25605	6
22	25606	6
22	25607	6
22	25608	6
22	25609	6
22	25610	6
22	25611	7
22	25612	7
22	25613	7
22	25614	7
22	25615	7
22	25616	7
22	25617	7
22	25618	7
22	25619	7
22	25620	7
22	25621	7
22	25622	7
22	25623	7
22	25624	7
22	25625	7
22	25626	7
22	25627	7
22	25628	7
22	25629	7
22	25630	7
22	25631	6
22	25632	6
22	25633	6
22	25634	5
22	25635	5
22	25636	5
22	25637	5
22	25638	5
22	25639	5
22	25640	5
22	25641	5
22	25642	4
22	25643	4
22	25644	4
22	25645	4
22	25646	4
22	25647	4
22	25648	4
22	25649	4
22	25650	4
22	25651	4
22	25652	4
22	25653	4
22	25654	4
22	25655	4
22	25656	4
22	25657	4
22	25658	4
22	25659	4
22	25660	4
22	25661	4
22	25662	4
22	25663	4
22	25664	4
22	25665	4
22	25666	4
22	25667	4
22	25668	4
22	25669	4
22	25670	4
22	25671	4
22	25672	4
22	25673	4
22	25674	4
22	25675	4
22	25676	4
22	25677	4
22	25678	4
22	25679	4
22	25680	4
22	25681	4
22	25682	4
22	25683	4
22	25684	4
22	25685	4
22	25686	4
22	25687	4
22	25688	5
22	25689	5
22	25690	5
22	25691	5
22	25692	5
22	25693	5
22	25694	5
22	25695	5
22	25696	5
22	25697	4
22	25698	4
22	25699	4
22	25700	4
22	25701	4
22	25702	4
22	25703	4
22	25704	4
22	25705	4
22	25706	4
22	25707	4
22	25708	5
22	25709	5
22	25710	6
22	25711	6
22	25712	6
22	25713	6
22	25714	6
22	25715	6
22	25716	6
22	25717	6
22	25718	6
22	25719	5
22	25720	5
22	25721	5
22	25722	5
22	25723	5
22	25724	5
22	25725	5
22	25726	5
22	25727	5
22	25728	5
22	25729	5
22	25730	5
22	25731	6
22	25732	6
22	25733	6
22	25734	6
22	25735	6
22	25736	6
22	25737	6
22	25738	6
22	25739	6
22	25740	6
22	25741	6
22	25742	6
22	25743	6
22	25744	6
22	25745	6
22	25746	6
22	25747	6
22	25748	6
22	25749	6
22	25750	6
22	25751	5
22	25752	5
22	25753	5
22	25754	5
22	25755	5
22	25756	5
22	25757	5
22	25758	5
22	25759	5
22	25760	5
22	25761	4
22	25762	4
22	25763	4
22	25764	4
22	25765	4
22	25766	5
22	25767	5
22	25768	5
22	25769	5
22	25770	5
22	25771	5
22	25772	5
22	25773	5
22	25774	5
22	25775	5
22	25776	5
22	25777	5
22	25778	5
22	25779	5
22	25780	5
22	25781	5
22	25782	5
22	25783	5
22	25784	5
22	25785	5
22	25786	5
22	25787	5
22	25788	5
22	25789	5
22	25790	5
22	25791	5
22	25792	5
22	25793	5
22	25794	5
22	25795	5
22	25796	7
22	25797	7
22	25798	7
22	25799	7
22	25800	7
22	25801	7
22	25802	7
22	25803	7
22	25804	7
22	25805	7
22	25806	7
22	25807	7
22	25808	7
22	25809	7
22	25810	7
22	25811	7
22	25812	7
22	25813	7
22	25814	7
22	25815	7
22	25816	7
22	25817	7
22	25818	7
22	25819	7
22	25820	7
22	25821	7
22	25822	7
22	25823	7
22	25824	7
22	25825	7
22	25826	7
22	25827	7
22	25828	7
22	25829	7
22	25830	7
22	25831	7
22	25832	7
22	25833	7
22	25834	7
22	25835	7
22	25836	7
22	25837	7
22	25838	7
22	25839	7
22	25840	7
22	25841	7
22	25842	7
22	25843	7
22	25844	7
22	25845	7
22	25846	7
22	25847	7
22	25848	7
22	25849	7
22	25850	7
22	25851	7
22	25852	7
22	25853	7
22	25854	7
22	25855	7
22	25856	7
22	25857	7
22	25858	6
22	25859	6
22	25860	5
22	25861	5
22	25862	5
22	25863	5
22	25864	5
22	25865	5
22	25866	5
22	25867	5
22	25868	5
22	25869	5
22	25870	5
22	25871	5
22	25872	5
22	25873	5
22	25874	5
22	25875	5
22	25876	5
22	25877	5
22	25878	5
22	25879	5
22	25880	5
22	25881	4
22	25882	4
22	25883	4
22	25884	4
22	25885	4
22	25886	6
22	25887	7
22	25888	7
22	25889	7
22	25890	7
22	25891	7
22	25892	7
22	25893	7
22	25894	8
22	25895	8
22	25896	8
22	25897	8
22	25898	8
22	25899	8
22	25900	8
22	25901	8
22	25902	8
22	25903	8
22	25904	8
22	25905	8
22	25906	8
22	25907	8
22	25908	8
22	25909	8
22	25910	8
22	25911	8
22	25912	8
22	25913	8
22	25914	8
22	25915	8
22	25916	7
22	25917	7
22	25918	7
22	25919	7
22	25920	7
22	25921	7
22	25922	7
22	25923	7
22	25924	7
22	25925	7
22	25926	7
22	25927	7
22	25928	7
22	25929	7
22	25930	7
22	25931	7
22	25932	7
22	25933	7
22	25934	7
22	25935	7
22	25936	7
22	25937	7
22	25938	7
22	25939	7
22	25940	7
22	25941	7
22	25942	7
22	25943	4
22	25944	4
22	25945	4
22	25946	4
22	25947	4
22	25948	4
22	25949	4
22	25950	4
22	25951	4
22	25952	4
22	25953	4
22	25954	4
22	25955	4
22	25956	4
22	25957	4
22	25958	4
22	25959	4
22	25960	4
22	25961	4
22	25962	4
22	25963	4
22	25964	4
22	25965	4
22	25966	4
22	25967	4
22	25968	4
22	25969	4
22	25970	4
22	25971	4
22	25972	4
22	25973	4
22	25974	4
22	25975	4
22	25976	4
22	25977	4
22	25978	4
22	25979	4
22	25980	4
22	25981	4
22	25982	4
22	25983	4
22	25984	4
22	25985	4
22	25986	4
22	25987	4
22	25988	4
22	25989	4
22	25990	4
22	25991	4
22	25992	4
22	25993	4
22	25994	4
22	25995	4
22	25996	4
22	25997	4
22	25998	4
22	25999	4
22	26000	4
22	26001	4
22	26002	4
22	26003	4
22	26004	4
22	26005	4
22	26006	4
22	26007	4
22	26008	4
22	26009	4
22	26010	4
22	26011	4
22	26012	4
22	26013	4
22	26014	4
22	26015	4
22	26016	4
22	26017	4
22	26018	4
22	26019	4
22	26020	4
22	26021	4
22	26022	4
22	26023	4
22	26024	4
22	26025	4
22	26026	4
22	26027	4
22	26028	4
22	26029	4
22	26030	4
22	26031	4
22	26032	4
22	26033	4
22	26034	4
22	26035	4
22	26036	2
22	26037	2
22	26038	2
22	26039	2
22	26040	2
22	26041	2
22	26042	2
22	26043	2
22	26044	1
22	26045	1
22	26046	1
22	26047	1
22	26048	1
22	26049	1
22	26050	1
22	26051	1
22	26052	1
22	26053	1
22	26054	1
22	26055	1
22	26056	1
22	26057	1
22	26058	1
22	26059	1
22	26060	1
22	26061	1
22	26062	1
22	26063	1
22	26064	1
22	26065	1
22	26066	1
22	26067	1
22	26068	1
22	26069	1
22	26070	1
22	26071	1
22	26072	1
22	26073	1
22	26074	1
22	26075	1
22	26076	1
22	26077	1
22	26078	1
22	26079	1
22	26080	1
22	26081	1
22	26082	1
22	26083	1
22	26084	1
22	26085	3
22	26086	3
22	26087	3
22	26088	3
22	26089	3
22	26090	3
22	26091	3
22	26092	3
22	26093	3
22	26094	3
22	26095	3
22	26096	3
22	26097	3
22	26098	3
22	26099	3
22	26100	3
22	26101	4
22	26102	4
22	26103	4
22	26104	4
22	26105	4
22	26106	4
22	26107	4
22	26108	4
22	26109	4
22	26110	4
22	26111	4
22	26112	4
22	26113	4
22	26114	4
22	26115	4
22	26116	4
22	26117	4
22	26118	4
22	26119	4
22	26120	4
22	26121	4
22	26122	4
22	26123	4
22	26124	4
22	26125	4
22	26126	4
22	26127	4
22	26128	4
22	26129	4
22	26130	4
22	26131	4
22	26132	4
22	26133	4
22	26134	4
22	26135	4
22	26136	4
22	26137	4
22	26138	4
22	26139	4
22	26140	4
22	26141	4
22	26142	4
22	26143	4
22	26144	4
22	26145	4
22	26146	4
22	26147	4
22	26148	4
22	26149	4
22	26150	4
22	26151	4
22	26152	4
22	26153	4
22	26154	4
22	26155	4
22	26156	4
22	26157	4
22	26158	4
22	26159	4
22	26160	4
22	26161	4
22	26162	4
22	26163	4
22	26164	4
22	26165	4
22	26166	4
22	26167	4
22	26168	4
22	26169	4
22	26170	4
22	26171	4
22	26172	4
22	26173	4
22	26174	4
22	26175	4
22	26176	4
22	26177	4
22	26178	4
22	26179	4
22	26180	4
22	26181	4
22	26182	4
22	26183	4
22	26184	4
22	26185	4
22	26186	4
22	26187	4
22	26188	6
22	26189	6
22	26190	6
22	26191	6
22	26192	6
22	26193	6
22	26194	6
22	26195	6
22	26196	6
22	26197	6
22	26198	6
22	26199	6
22	26200	6
22	26201	6
22	26202	6
22	26203	6
22	26204	6
22	26205	6
22	26206	6
22	26207	6
22	26208	6
22	26209	6
22	26210	6
22	26211	6
22	26212	6
22	26213	6
22	26214	6
22	26215	6
22	26216	6
22	26217	6
22	26218	6
22	26219	6
22	26220	6
22	26221	6
22	26222	6
22	26223	6
22	26224	6
22	26225	6
22	26226	6
22	26227	6
22	26228	6
22	26229	6
22	26230	6
22	26231	6
22	26232	6
22	26233	4
22	26234	4
22	26235	5
22	26236	5
22	26237	5
22	26238	5
22	26239	5
22	26240	5
22	26241	5
22	26242	5
22	26243	5
22	26244	5
22	26245	5
22	26246	5
22	26247	5
22	26248	5
22	26249	5
22	26250	5
22	26251	4
22	26252	4
22	26253	4
22	26254	4
22	26255	4
22	26256	4
22	26257	4
22	26258	4
22	26259	4
22	26260	4
22	26261	5
22	26262	5
22	26263	5
22	26264	5
22	26265	5
22	26266	5
22	26267	5
22	26268	5
22	26269	5
22	26270	5
22	26271	5
22	26272	5
22	26273	5
22	26274	5
22	26275	5
22	26276	5
22	26277	5
22	26278	5
22	26279	5
22	26280	5
22	26281	5
22	26282	5
22	26283	5
22	26284	5
22	26285	5
22	26286	5
22	26287	6
22	26288	6
22	26289	6
22	26290	6
22	26291	6
22	26292	6
22	26293	6
22	26294	6
22	26295	6
22	26296	6
22	26297	6
22	26298	7
22	26299	7
22	26300	7
22	26301	7
22	26302	7
22	26303	8
22	26304	8
22	26305	8
22	26306	8
22	26307	8
22	26308	8
22	26309	8
22	26310	8
22	26311	9
22	26312	9
22	26313	11
22	26314	11
22	26315	12
22	26316	12
22	26317	12
22	26318	12
22	26319	13
22	26320	13
22	26321	13
22	26322	11
22	26323	12
22	26324	12
22	26325	12
22	26326	12
22	26327	12
22	26328	12
22	26329	12
22	26330	12
22	26331	12
22	26332	12
22	26333	12
22	26334	12
22	26335	12
22	26336	11
22	26337	11
22	26338	11
22	26339	11
22	26340	11
22	26341	11
22	26342	11
22	26343	11
22	26344	11
22	26345	11
22	26346	11
22	26347	11
22	26348	11
22	26349	11
22	26350	11
22	26351	11
22	26352	11
22	26353	11
22	26354	11
22	26355	11
22	26356	11
22	26357	11
22	26358	11
22	26359	11
22	26360	12
22	26361	12
22	26362	12
22	26363	12
22	26364	12
22	26365	12
22	26366	12
22	26367	12
22	26368	12
22	26369	12
22	26370	12
22	26371	12
22	26372	12
22	26373	12
22	26374	12
22	26375	12
22	26376	12
22	26377	12
22	26378	12
22	26379	12
22	26380	12
22	26381	13
22	26382	13
22	26383	13
22	26384	13
22	26385	12
22	26386	12
22	26387	12
22	26388	12
22	26389	12
22	26390	12
22	26391	12
22	26392	12
22	26393	12
22	26394	12
22	26395	12
22	26396	12
22	26397	13
22	26398	13
22	26399	13
22	26400	13
22	26401	13
22	26402	13
22	26403	13
22	26404	13
22	26405	13
22	26406	13
22	26407	13
22	26408	13
22	26409	13
22	26410	13
22	26411	12
22	26412	12
22	26413	12
22	26414	12
22	26415	12
22	26416	12
22	26417	12
22	26418	12
22	26419	12
22	26420	12
22	26421	12
22	26422	12
22	26423	12
22	26424	12
22	26425	12
22	26426	12
22	26427	12
22	26428	12
22	26429	12
22	26430	12
22	26431	12
22	26432	12
22	26433	12
22	26434	12
22	26435	12
22	26436	12
22	26437	11
22	26438	11
22	26439	11
22	26440	11
22	26441	11
22	26442	11
22	26443	11
22	26444	11
22	26445	11
22	26446	11
22	26447	12
22	26448	11
22	26449	12
22	26450	12
22	26451	12
22	26452	12
22	26453	11
22	26454	11
22	26455	11
22	26456	11
22	26457	11
22	26458	11
22	26459	11
22	26460	10
22	26461	8
22	26462	8
22	26463	8
22	26464	8
22	26465	7
22	26466	7
22	26467	7
22	26468	6
22	26469	6
22	26470	6
22	26471	6
22	26472	5
22	26473	5
22	26474	5
22	26475	5
22	26476	5
22	26477	5
22	26478	5
22	26479	5
22	26480	5
22	26481	5
22	26482	5
22	26483	5
22	26484	5
22	26485	5
22	26486	5
22	26487	5
22	26488	5
22	26489	5
22	26490	5
22	26491	5
22	26492	5
22	26493	5
22	26494	5
22	26495	5
22	26496	5
22	26497	6
22	26498	6
22	26499	6
22	26500	6
22	26501	6
22	26502	6
22	26503	6
22	26504	6
22	26505	6
22	26506	6
22	26507	6
22	26508	6
22	26509	6
22	26510	5
22	26511	5
22	26512	5
22	26513	5
22	26514	5
22	26515	5
22	26516	5
22	26517	5
22	26518	5
22	26519	5
22	26520	5
22	26521	6
22	26522	6
22	26523	6
22	26524	6
22	26525	6
22	26526	6
22	26527	6
22	26528	6
22	26529	6
22	26530	5
22	26531	5
22	26532	5
22	26533	5
22	26534	5
22	26535	5
22	26536	5
22	26537	5
22	26538	5
22	26539	5
22	26540	5
22	26541	5
22	26542	5
22	26543	6
22	26544	6
22	26545	6
22	26546	6
22	26547	5
22	26548	5
22	26549	5
22	26550	7
22	26551	8
22	26552	8
22	26553	8
22	26554	8
22	26555	8
22	26556	8
22	26557	8
22	26558	8
22	26559	8
22	26560	8
22	26561	8
22	26562	8
22	26563	8
22	26564	8
22	26565	8
22	26566	8
22	26567	8
22	26568	8
22	26569	8
22	26570	8
22	26571	8
22	26572	8
22	26573	8
22	26574	8
22	26575	8
22	26576	8
22	26577	8
22	26578	8
22	26579	8
22	26580	8
22	26581	9
22	26582	9
22	26583	9
22	26584	9
22	26585	9
22	26586	9
22	26587	10
22	26588	10
22	26589	10
22	26590	10
22	26591	11
22	26592	11
22	26593	11
22	26594	11
22	26595	11
22	26596	11
22	26597	10
22	26598	10
22	26599	9
22	26600	9
22	26601	9
22	26602	9
22	26603	10
22	26604	10
22	26605	10
22	26606	10
22	26607	10
22	26608	10
22	26609	10
22	26610	10
22	26611	10
22	26612	10
22	26613	10
22	26614	10
22	26615	10
22	26616	10
22	26617	10
22	26618	10
22	26619	10
22	26620	10
22	26621	10
22	26622	10
22	26623	10
22	26624	10
22	26625	10
22	26626	10
22	26627	10
22	26628	10
22	26629	10
22	26630	10
22	26631	10
22	26632	10
22	26633	10
22	26634	10
22	26635	10
22	26636	10
22	26637	10
22	26638	10
22	26639	10
22	26640	10
22	26641	10
22	26642	10
22	26643	10
22	26644	10
22	26645	10
22	26646	9
22	26647	9
22	26648	9
22	26649	9
22	26650	9
22	26651	9
22	26652	9
22	26653	9
22	26654	10
22	26655	10
22	26656	10
22	26657	10
22	26658	10
22	26659	10
22	26660	10
22	26661	10
22	26662	10
22	26663	10
22	26664	11
22	26665	11
22	26666	11
22	26667	11
22	26668	11
22	26669	11
22	26670	11
22	26671	10
22	26672	10
22	26673	10
22	26674	10
22	26675	10
22	26676	10
22	26677	10
22	26678	10
22	26679	10
22	26680	10
22	26681	11
22	26682	11
22	26683	11
22	26684	11
22	26685	11
22	26686	11
22	26687	11
22	26688	11
22	26689	11
22	26690	11
22	26691	11
22	26692	10
22	26693	10
22	26694	10
22	26695	10
22	26696	10
22	26697	10
22	26698	10
22	26699	10
22	26700	8
22	26701	7
22	26702	7
22	26703	7
22	26704	7
22	26705	7
22	26706	7
22	26707	7
22	26708	7
22	26709	7
22	26710	7
22	26711	7
22	26712	7
22	26713	7
22	26714	7
22	26715	7
22	26716	7
22	26717	7
22	26718	8
22	26719	8
22	26720	8
22	26721	8
22	26722	8
22	26723	8
22	26724	8
22	26725	8
22	26726	8
22	26727	8
22	26728	8
22	26729	8
22	26730	8
22	26731	7
22	26732	7
22	26733	7
22	26734	7
22	26735	7
22	26736	6
22	26737	6
22	26738	6
22	26739	6
22	26740	6
22	26741	5
22	26742	5
22	26743	5
22	26744	5
22	26745	5
22	26746	5
22	26747	5
22	26748	5
22	26749	5
22	26750	5
22	26751	5
22	26752	5
22	26753	4
22	26754	4
22	26755	4
22	26756	4
22	26757	4
22	26758	4
22	26759	4
22	26760	4
22	26761	4
22	26762	4
22	26763	4
22	26764	4
22	26765	4
22	26766	4
22	26767	4
22	26768	4
22	26769	4
22	26770	4
22	26771	4
22	26772	4
22	26773	4
22	26774	4
22	26775	4
22	26776	4
22	26777	4
22	26778	4
22	26779	4
22	26780	4
22	26781	4
22	26782	4
22	26783	4
22	26784	4
22	26785	4
22	26786	4
22	26787	4
22	26788	4
22	26789	4
22	26790	4
22	26791	4
22	26792	4
22	26793	4
22	26794	4
22	26795	4
22	26796	4
22	26797	4
22	26798	4
22	26799	4
22	26800	4
22	26801	4
22	26802	4
22	26803	4
22	26804	5
22	26805	5
22	26806	5
22	26807	5
22	26808	5
22	26809	5
22	26810	5
22	26811	5
22	26812	5
22	26813	5
22	26814	4
22	26815	4
22	26816	4
22	26817	4
22	26818	4
22	26819	4
22	26820	4
22	26821	4
22	26822	4
22	26823	4
22	26824	4
22	26825	4
22	26826	4
22	26827	4
22	26828	4
22	26829	4
22	26830	3
22	26831	3
22	26832	3
22	26833	3
22	26834	3
22	26835	3
22	26836	3
22	26837	3
22	26838	3
22	26839	3
22	26840	3
22	26841	3
22	26842	3
22	26843	3
22	26844	3
22	26845	3
22	26846	3
22	26847	3
22	26848	3
22	26849	3
22	26850	3
22	26851	3
22	26852	3
22	26853	3
22	26854	3
22	26855	3
22	26856	3
22	26857	3
22	26858	3
22	26859	3
22	26860	3
22	26861	3
22	26862	3
22	26863	3
22	26864	4
22	26865	4
22	26866	4
22	26867	3
22	26868	3
22	26869	3
22	26870	3
22	26871	3
22	26872	3
22	26873	3
22	26874	3
22	26875	3
22	26876	3
22	26877	3
22	26878	3
22	26879	3
22	26880	3
22	26881	3
22	26882	3
22	26883	3
22	26884	3
22	26885	3
22	26886	3
22	26887	3
22	26888	3
22	26889	3
22	26890	3
22	26891	3
22	26892	3
22	26893	3
22	26894	3
22	26895	3
22	26896	3
22	26897	3
22	26898	3
22	26899	3
22	26900	3
22	26901	3
22	26902	3
22	26903	3
22	26904	3
22	26905	3
22	26906	3
22	26907	3
22	26908	3
22	26909	4
22	26910	4
22	26911	4
22	26912	4
22	26913	4
22	26914	4
22	26915	4
22	26916	4
22	26917	4
22	26918	4
22	26919	4
22	26920	4
22	26921	4
22	26922	4
22	26923	4
22	26924	4
22	26925	4
22	26926	4
22	26927	4
22	26928	4
22	26929	4
22	26930	4
22	26931	4
22	26932	4
22	26933	4
22	26934	4
22	26935	4
22	26936	4
22	26937	4
22	26938	4
22	26939	4
22	26940	4
22	26941	4
22	26942	4
22	26943	4
22	26944	4
22	26945	4
22	26946	4
22	26947	4
22	26948	4
22	26949	4
22	26950	4
22	26951	4
22	26952	4
22	26953	4
22	26954	2
22	26955	2
22	26956	2
22	26957	2
22	26958	2
22	26959	2
22	26960	2
22	26961	2
22	26962	2
22	26963	2
22	26964	2
22	26965	2
22	26966	3
22	26967	3
22	26968	3
22	26969	3
22	26970	3
22	26971	3
22	26972	3
22	26973	3
22	26974	3
22	26975	3
22	26976	3
22	26977	3
22	26978	3
22	26979	3
22	26980	5
22	26981	5
22	26982	5
22	26983	5
22	26984	5
22	26985	5
22	26986	5
22	26987	5
22	26988	5
22	26989	5
22	26990	5
22	26991	6
22	26992	6
22	26993	6
22	26994	6
22	26995	6
22	26996	6
22	26997	6
22	26998	6
22	26999	6
22	27000	6
22	27001	6
22	27002	6
22	27003	6
22	27004	6
22	27005	6
22	27006	6
22	27007	6
22	27008	6
22	27009	6
22	27010	6
22	27011	6
22	27012	6
22	27013	6
22	27014	5
22	27015	5
22	27016	5
22	27017	5
22	27018	5
22	27019	5
22	27020	5
22	27021	5
22	27022	5
22	27023	5
22	27024	5
22	27025	5
22	27026	5
22	27027	5
22	27028	5
22	27029	5
22	27030	6
22	27031	6
22	27032	6
22	27033	6
22	27034	6
22	27035	6
22	27036	6
22	27037	6
22	27038	6
22	27039	6
22	27040	6
22	27041	6
22	27042	6
22	27043	6
22	27044	6
22	27045	6
22	27046	6
22	27047	6
22	27048	6
22	27049	6
22	27050	6
22	27051	6
22	27052	6
22	27053	6
22	27054	6
22	27055	6
22	27056	6
22	27057	6
22	27058	6
22	27059	5
22	27060	5
22	27061	7
22	27062	7
22	27063	7
22	27064	7
22	27065	7
22	27066	7
22	27067	7
22	27068	7
22	27069	7
22	27070	7
22	27071	7
22	27072	7
22	27073	7
22	27074	7
22	27075	7
22	27076	7
22	27077	7
22	27078	7
22	27079	7
22	27080	7
22	27081	7
22	27082	7
22	27083	7
22	27084	7
22	27085	7
22	27086	7
22	27087	7
22	27088	7
22	27089	7
22	27090	7
22	27091	7
22	27092	7
22	27093	7
22	27094	7
22	27095	7
22	27096	7
22	27097	7
22	27098	7
22	27099	7
22	27100	7
22	27101	7
22	27102	7
22	27103	7
22	27104	7
22	27105	7
22	27106	7
22	27107	7
22	27108	7
22	27109	7
22	27110	7
22	27111	7
22	27112	7
22	27113	7
22	27114	7
22	27115	7
22	27116	6
22	27117	6
22	27118	6
22	27119	7
22	27120	7
22	27121	7
22	27122	7
22	27123	7
22	27124	7
22	27125	7
22	27126	9
22	27127	9
22	27128	9
22	27129	9
22	27130	7
22	27131	7
22	27132	8
22	27133	8
22	27134	8
22	27135	8
22	27136	8
22	27137	8
22	27138	8
22	27139	8
22	27140	7
22	27141	7
22	27142	7
22	27143	7
22	27144	7
22	27145	7
22	27146	7
22	27147	7
22	27148	7
22	27149	8
22	27150	8
22	27151	9
22	27152	9
22	27153	9
22	27154	9
22	27155	9
22	27156	9
22	27157	9
22	27158	9
22	27159	9
22	27160	9
22	27161	9
22	27162	10
22	27163	10
22	27164	11
22	27165	11
22	27166	11
22	27167	11
22	27168	11
22	27169	11
22	27170	11
22	27171	11
22	27172	11
22	27173	11
22	27174	11
22	27175	11
22	27176	11
22	27177	11
22	27178	11
22	27179	11
22	27180	10
22	27181	10
22	27182	10
22	27183	10
22	27184	10
22	27185	10
22	27186	11
22	27187	11
22	27188	11
22	27189	11
22	27190	11
22	27191	11
22	27192	11
22	27193	11
22	27194	11
22	27195	11
22	27196	11
22	27197	11
22	27198	11
22	27199	11
22	27200	11
22	27201	11
22	27202	11
22	27203	11
22	27204	11
22	27205	11
22	27206	11
22	27207	11
22	27208	11
22	27209	11
22	27210	9
22	27211	9
22	27212	9
22	27213	9
22	27214	9
22	27215	9
22	27216	9
22	27217	9
22	27218	9
22	27219	9
22	27220	9
22	27221	9
22	27222	9
22	27223	9
22	27224	9
22	27225	9
22	27226	9
22	27227	9
22	27228	9
22	27229	9
22	27230	9
22	27231	9
22	27232	10
22	27233	10
22	27234	10
22	27235	10
22	27236	10
22	27237	10
22	27238	10
22	27239	10
22	27240	10
22	27241	10
22	27242	10
22	27243	10
22	27244	10
22	27245	10
22	27246	10
22	27247	10
22	27248	10
22	27249	10
22	27250	10
22	27251	10
22	27252	10
22	27253	10
22	27254	10
22	27255	10
22	27256	10
22	27257	10
22	27258	10
22	27259	10
22	27260	10
22	27261	10
22	27262	10
22	27263	10
22	27264	10
22	27265	10
22	27266	10
22	27267	10
22	27268	10
22	27269	10
22	27270	10
22	27271	10
22	27272	10
22	27273	10
22	27274	10
22	27275	8
22	27276	8
22	27277	8
22	27278	8
22	27279	8
22	27280	9
22	27281	8
22	27282	8
22	27283	8
22	27284	8
22	27285	8
22	27286	8
22	27287	8
22	27288	8
22	27289	8
22	27290	8
22	27291	8
22	27292	8
22	27293	8
22	27294	8
22	27295	8
22	27296	8
22	27297	8
22	27298	7
22	27299	7
22	27300	7
22	27301	6
22	27302	6
22	27303	6
22	27304	6
22	27305	6
22	27306	6
22	27307	6
22	27308	6
22	27309	6
22	27310	6
22	27311	6
22	27312	5
22	27313	5
22	27314	4
22	27315	4
22	27316	4
22	27317	4
22	27318	4
22	27319	4
22	27320	4
22	27321	4
22	27322	4
22	27323	4
22	27324	4
22	27325	4
22	27326	4
22	27327	4
22	27328	4
22	27329	4
22	27330	4
22	27331	4
22	27332	4
22	27333	4
22	27334	4
22	27335	3
22	27336	3
22	27337	3
22	27338	4
22	27339	4
22	27340	5
22	27341	5
22	27342	5
22	27343	5
22	27344	5
22	27345	5
22	27346	5
22	27347	5
22	27348	5
22	27349	5
22	27350	6
22	27351	8
22	27352	8
22	27353	8
22	27354	8
22	27355	8
22	27356	8
22	27357	8
22	27358	8
22	27359	8
22	27360	8
22	27361	8
22	27362	8
22	27363	8
22	27364	8
22	27365	8
22	27366	8
22	27367	8
22	27368	8
22	27369	8
22	27370	8
22	27371	8
22	27372	8
22	27373	8
22	27374	8
22	27375	8
22	27376	8
22	27377	8
22	27378	8
22	27379	8
22	27380	8
22	27381	7
22	27382	7
22	27383	7
22	27384	7
22	27385	7
22	27386	7
22	27387	7
22	27388	7
22	27389	7
22	27390	7
22	27391	7
22	27392	7
22	27393	7
22	27394	7
22	27395	7
22	27396	7
22	27397	7
22	27398	7
22	27399	7
22	27400	7
22	27401	7
22	27402	7
22	27403	7
22	27404	7
22	27405	7
22	27406	7
22	27407	7
22	27408	7
22	27409	7
22	27410	7
22	27411	7
22	27412	7
22	27413	7
22	27414	7
22	27415	7
22	27416	7
22	27417	6
22	27418	6
22	27419	6
22	27420	6
22	27421	7
22	27422	7
22	27423	7
22	27424	7
22	27425	7
22	27426	8
22	27427	8
22	27428	8
22	27429	8
22	27430	7
22	27431	7
22	27432	7
22	27433	7
22	27434	7
22	27435	7
22	27436	7
22	27437	7
22	27438	7
22	27439	7
22	27440	7
22	27441	7
22	27442	7
22	27443	7
22	27444	7
22	27445	7
22	27446	7
22	27447	7
22	27448	7
22	27449	7
22	27450	7
22	27451	7
22	27452	7
22	27453	7
22	27454	7
22	27455	7
22	27456	7
22	27457	7
22	27458	7
22	27459	7
22	27460	8
22	27461	9
22	27462	9
22	27463	9
22	27464	9
22	27465	9
22	27466	9
22	27467	9
22	27468	9
22	27469	9
22	27470	11
22	27471	11
22	27472	11
22	27473	11
22	27474	11
22	27475	11
22	27476	11
22	27477	11
22	27478	11
22	27479	11
22	27480	11
22	27481	12
22	27482	13
22	27483	13
22	27484	13
22	27485	13
22	27486	13
22	27487	13
22	27488	12
22	27489	12
22	27490	11
22	27491	12
22	27492	14
22	27493	14
22	27494	14
22	27495	14
22	27496	14
22	27497	14
22	27498	14
22	27499	14
22	27500	13
22	27501	11
22	27502	11
22	27503	11
22	27504	11
22	27505	11
22	27506	11
22	27507	11
22	27508	11
22	27509	11
22	27510	11
22	27511	11
22	27512	11
22	27513	12
22	27514	12
22	27515	12
22	27516	12
22	27517	12
22	27518	12
22	27519	12
22	27520	12
22	27521	12
22	27522	12
22	27523	12
22	27524	12
22	27525	12
22	27526	12
22	27527	12
22	27528	12
22	27529	12
22	27530	12
22	27531	13
22	27532	13
22	27533	13
22	27534	13
22	27535	13
22	27536	13
22	27537	13
22	27538	13
22	27539	13
22	27540	13
22	27541	13
22	27542	13
22	27543	13
22	27544	13
22	27545	13
22	27546	13
22	27547	15
22	27548	15
22	27549	15
22	27550	15
22	27551	15
22	27552	15
22	27553	15
22	27554	15
22	27555	15
22	27556	15
22	27557	15
22	27558	15
22	27559	15
22	27560	15
22	27561	15
22	27562	15
22	27563	15
22	27564	15
22	27565	15
22	27566	15
22	27567	15
22	27568	15
22	27569	15
22	27570	15
22	27571	14
22	27572	14
22	27573	14
22	27574	14
22	27575	14
22	27576	13
22	27577	13
22	27578	13
22	27579	13
22	27580	13
22	27581	13
22	27582	13
22	27583	13
22	27584	13
22	27585	13
22	27586	13
22	27587	13
22	27588	13
22	27589	13
22	27590	13
22	27591	13
22	27592	13
22	27593	13
22	27594	13
22	27595	13
22	27596	13
22	27597	13
22	27598	13
22	27599	13
22	27600	13
22	27601	13
22	27602	13
22	27603	13
22	27604	13
22	27605	13
22	27606	13
22	27607	13
22	27608	13
22	27609	12
22	27610	11
22	27611	9
22	27612	9
22	27613	9
22	27614	9
22	27615	9
22	27616	9
22	27617	9
22	27618	9
22	27619	9
22	27620	9
22	27621	9
22	27622	9
22	27623	9
22	27624	9
22	27625	9
22	27626	9
22	27627	9
22	27628	9
22	27629	9
22	27630	10
22	27631	9
22	27632	9
22	27633	9
22	27634	9
22	27635	9
22	27636	10
22	27637	10
22	27638	10
22	27639	10
22	27640	10
22	27641	7
22	27642	7
22	27643	7
22	27644	7
22	27645	8
22	27646	8
22	27647	8
22	27648	8
22	27649	8
22	27650	8
22	27651	8
22	27652	8
22	27653	8
22	27654	9
22	27655	9
22	27656	9
22	27657	9
22	27658	9
22	27659	10
22	27660	10
22	27661	10
22	27662	11
22	27663	10
22	27664	10
22	27665	10
22	27666	10
22	27667	10
22	27668	10
22	27669	10
22	27670	10
22	27671	10
22	27672	10
22	27673	10
22	27674	10
22	27675	10
22	27676	11
22	27677	11
22	27678	11
22	27679	11
22	27680	11
22	27681	10
22	27682	10
22	27683	10
22	27684	10
22	27685	10
22	27686	10
22	27687	10
22	27688	10
22	27689	10
22	27690	10
22	27691	11
22	27692	11
22	27693	11
22	27694	11
22	27695	11
22	27696	11
22	27697	9
22	27698	9
22	27699	9
22	27700	9
22	27701	9
22	27702	9
22	27703	9
22	27704	9
22	27705	9
22	27706	9
22	27707	9
22	27708	10
22	27709	10
22	27710	10
22	27711	10
22	27712	10
22	27713	10
22	27714	10
22	27715	10
22	27716	10
22	27717	10
22	27718	10
22	27719	10
22	27720	10
22	27721	10
22	27722	10
22	27723	10
22	27724	10
22	27725	10
22	27726	10
22	27727	10
22	27728	10
22	27729	10
22	27730	10
22	27731	10
22	27732	10
22	27733	10
22	27734	10
22	27735	10
22	27736	10
22	27737	10
22	27738	10
22	27739	10
22	27740	10
22	27741	10
22	27742	10
22	27743	10
22	27744	10
22	27745	10
22	27746	10
22	27747	10
22	27748	10
22	27749	10
22	27750	10
22	27751	10
22	27752	10
22	27753	10
22	27754	10
22	27755	10
22	27756	10
22	27757	10
22	27758	10
22	27759	10
22	27760	10
22	27761	10
22	27762	10
22	27763	10
22	27764	10
22	27765	10
22	27766	10
22	27767	10
22	27768	10
22	27769	10
22	27770	10
22	27771	11
22	27772	11
22	27773	11
22	27774	11
22	27775	11
22	27776	11
22	27777	11
22	27778	11
22	27779	11
22	27780	10
22	27781	9
22	27782	9
22	27783	9
22	27784	9
22	27785	8
22	27786	8
22	27787	8
22	27788	8
22	27789	8
22	27790	8
22	27791	8
22	27792	8
22	27793	8
22	27794	8
22	27795	7
22	27796	7
22	27797	7
22	27798	7
22	27799	8
22	27800	9
22	27801	9
22	27802	9
22	27803	8
22	27804	8
22	27805	8
22	27806	8
22	27807	8
22	27808	8
22	27809	6
22	27810	7
22	27811	7
22	27812	7
22	27813	7
22	27814	7
22	27815	7
22	27816	7
22	27817	7
22	27818	7
22	27819	8
22	27820	8
22	27821	8
22	27822	8
22	27823	8
22	27824	8
22	27825	8
22	27826	7
22	27827	7
22	27828	7
22	27829	7
22	27830	7
22	27831	7
22	27832	7
22	27833	8
22	27834	8
22	27835	8
22	27836	8
22	27837	8
22	27838	8
22	27839	8
22	27840	8
22	27841	7
22	27842	7
22	27843	7
22	27844	7
22	27845	7
22	27846	7
22	27847	7
22	27848	7
22	27849	7
22	27850	7
22	27851	7
22	27852	7
22	27853	7
22	27854	7
22	27855	7
22	27856	7
22	27857	6
22	27858	6
22	27859	6
22	27860	6
22	27861	6
22	27862	6
22	27863	6
22	27864	6
22	27865	6
22	27866	6
22	27867	6
22	27868	6
22	27869	6
22	27870	6
22	27871	7
22	27872	7
22	27873	7
22	27874	7
22	27875	7
22	27876	7
22	27877	7
22	27878	7
22	27879	7
22	27880	7
22	27881	7
22	27882	7
22	27883	8
22	27884	8
22	27885	8
22	27886	8
22	27887	8
22	27888	8
22	27889	8
22	27890	8
22	27891	8
22	27892	8
22	27893	10
22	27894	10
22	27895	10
22	27896	10
22	27897	10
22	27898	10
22	27899	10
22	27900	10
22	27901	11
22	27902	11
22	27903	11
22	27904	11
22	27905	11
22	27906	11
22	27907	11
22	27908	11
22	27909	11
22	27910	11
22	27911	11
22	27912	11
22	27913	12
22	27914	12
22	27915	12
22	27916	12
22	27917	12
22	27918	11
22	27919	11
22	27920	11
22	27921	11
22	27922	11
22	27923	11
22	27924	11
22	27925	11
22	27926	11
22	27927	11
22	27928	11
22	27929	11
22	27930	11
22	27931	11
22	27932	11
22	27933	11
22	27934	11
22	27935	11
22	27936	11
22	27937	11
22	27938	11
22	27939	11
22	27940	11
22	27941	11
22	27942	11
22	27943	11
22	27944	11
22	27945	11
22	27946	11
22	27947	11
22	27948	11
22	27949	10
22	27950	10
22	27951	10
22	27952	10
22	27953	10
22	27954	10
22	27955	10
22	27956	12
22	27957	12
22	27958	12
22	27959	12
22	27960	11
22	27961	11
22	27962	11
22	27963	11
22	27964	11
22	27965	11
22	27966	11
22	27967	11
22	27968	11
22	27969	10
22	27970	10
22	27971	10
22	27972	10
22	27973	10
22	27974	10
22	27975	10
22	27976	10
22	27977	10
22	27978	10
22	27979	10
22	27980	10
22	27981	10
22	27982	10
22	27983	8
22	27984	8
22	27985	8
22	27986	8
22	27987	8
22	27988	8
22	27989	8
22	27990	8
22	27991	8
22	27992	8
22	27993	8
22	27994	9
22	27995	9
22	27996	9
22	27997	9
22	27998	9
22	27999	9
22	28000	9
22	28001	9
22	28002	9
22	28003	9
22	28004	9
22	28005	9
22	28006	11
22	28007	11
22	28008	11
22	28009	12
22	28010	12
22	28011	12
22	28012	13
22	28013	13
22	28014	13
22	28015	13
22	28016	13
22	28017	13
22	28018	13
22	28019	14
22	28020	14
22	28021	13
22	28022	13
22	28023	13
22	28024	13
22	28025	13
22	28026	13
22	28027	13
22	28028	13
22	28029	13
22	28030	13
22	28031	13
22	28032	13
22	28033	12
22	28034	12
22	28035	12
22	28036	12
22	28037	12
22	28038	12
22	28039	12
22	28040	12
22	28041	12
22	28042	12
22	28043	10
22	28044	10
22	28045	10
22	28046	10
22	28047	10
22	28048	10
22	28049	10
22	28050	10
22	28051	9
22	28052	9
22	28053	9
22	28054	9
22	28055	9
22	28056	9
22	28057	9
22	28058	9
22	28059	9
22	28060	9
22	28061	9
22	28062	9
22	28063	8
22	28064	8
22	28065	8
22	28066	8
22	28067	8
22	28068	8
22	28069	8
22	28070	8
22	28071	8
22	28072	8
22	28073	8
22	28074	8
22	28075	8
22	28076	8
22	28077	8
22	28078	8
22	28079	8
22	28080	8
22	28081	8
22	28082	8
22	28083	8
22	28084	8
22	28085	8
22	28086	8
22	28087	8
22	28088	8
22	28089	8
22	28090	8
22	28091	8
22	28092	8
22	28093	8
22	28094	8
22	28095	8
22	28096	8
22	28097	8
22	28098	8
22	28099	8
22	28100	8
22	28101	8
22	28102	9
22	28103	9
22	28104	10
22	28105	10
22	28106	8
22	28107	8
22	28108	8
22	28109	8
22	28110	8
22	28111	8
22	28112	8
22	28113	8
22	28114	8
22	28115	8
22	28116	8
22	28117	8
22	28118	8
22	28119	8
22	28120	9
22	28121	9
22	28122	9
22	28123	9
22	28124	9
22	28125	9
22	28126	9
22	28127	9
22	28128	9
22	28129	9
22	28130	9
22	28131	9
22	28132	9
22	28133	9
22	28134	9
22	28135	9
22	28136	9
22	28137	10
22	28138	10
22	28139	10
22	28140	10
22	28141	10
22	28142	9
22	28143	9
22	28144	9
22	28145	9
22	28146	9
22	28147	9
22	28148	9
22	28149	9
22	28150	9
22	28151	9
22	28152	9
22	28153	9
22	28154	9
22	28155	7
22	28156	8
22	28157	8
22	28158	7
22	28159	7
22	28160	7
22	28161	7
22	28162	6
22	28163	6
22	28164	6
22	28165	6
22	28166	6
22	28167	6
22	28168	6
22	28169	5
22	28170	5
22	28171	5
22	28172	5
22	28173	6
22	28174	6
22	28175	6
22	28176	6
22	28177	6
22	28178	6
22	28179	6
22	28180	6
22	28181	6
22	28182	6
22	28183	6
22	28184	6
22	28185	6
22	28186	6
22	28187	6
22	28188	6
22	28189	6
22	28190	6
22	28191	6
22	28192	6
22	28193	6
22	28194	6
22	28195	6
22	28196	6
22	28197	6
22	28198	6
22	28199	6
22	28200	6
22	28201	6
22	28202	6
22	28203	6
22	28204	6
22	28205	6
22	28206	6
22	28207	6
22	28208	7
22	28209	7
22	28210	7
22	28211	7
22	28212	7
22	28213	7
22	28214	7
22	28215	7
22	28216	7
22	28217	7
22	28218	7
22	28219	7
22	28220	7
22	28221	7
22	28222	7
22	28223	7
22	28224	7
22	28225	7
22	28226	7
22	28227	7
22	28228	7
22	28229	7
22	28230	7
22	28231	7
22	28232	7
22	28233	7
22	28234	7
22	28235	7
22	28236	7
22	28237	7
22	28238	7
22	28239	7
22	28240	7
22	28241	7
22	28242	7
22	28243	7
22	28244	7
22	28245	7
22	28246	7
22	28247	7
22	28248	7
22	28249	7
22	28250	7
22	28251	6
22	28252	6
22	28253	6
22	28254	5
22	28255	5
22	28256	5
22	28257	5
22	28258	5
22	28259	5
22	28260	5
22	28261	5
22	28262	5
22	28263	5
22	28264	5
22	28265	5
22	28266	5
22	28267	5
22	28268	5
22	28269	4
22	28270	4
22	28271	4
22	28272	4
22	28273	4
22	28274	4
22	28275	4
22	28276	4
22	28277	4
22	28278	4
22	28279	4
22	28280	4
22	28281	4
22	28282	4
22	28283	4
22	28284	3
22	28285	3
22	28286	3
22	28287	3
22	28288	3
22	28289	3
22	28290	3
22	28291	3
22	28292	3
22	28293	3
22	28294	3
22	28295	3
22	28296	3
22	28297	3
22	28298	3
22	28299	3
22	28300	3
22	28301	3
22	28302	3
22	28303	3
22	28304	3
22	28305	3
22	28306	2
22	28307	2
22	28308	2
22	28309	2
22	28310	2
22	28311	2
22	28312	2
22	28313	2
22	28314	3
22	28315	3
22	28316	3
22	28317	3
22	28318	3
22	28319	3
22	28320	3
22	28321	3
22	28322	3
22	28323	2
22	28324	2
22	28325	2
22	28326	2
22	28327	2
22	28328	2
22	28329	2
22	28330	2
22	28331	2
22	28332	2
22	28333	2
22	28334	2
22	28335	2
22	28336	2
22	28337	2
22	28338	3
22	28339	3
22	28340	3
22	28341	3
22	28342	3
22	28343	3
22	28344	3
22	28345	3
22	28346	3
22	28347	4
22	28348	4
22	28349	4
22	28350	4
22	28351	4
22	28352	4
22	28353	4
22	28354	4
22	28355	4
22	28356	3
22	28357	3
22	28358	3
22	28359	3
22	28360	3
22	28361	3
22	28362	3
22	28363	3
22	28364	3
22	28365	3
22	28366	3
22	28367	3
22	28368	3
22	28369	3
22	28370	3
22	28371	3
22	28372	3
22	28373	3
22	28374	3
22	28375	3
22	28376	3
22	28377	3
22	28378	3
22	28379	3
22	28380	3
22	28381	3
22	28382	3
22	28383	3
22	28384	3
22	28385	3
22	28386	3
22	28387	3
22	28388	3
22	28389	3
22	28390	3
22	28391	3
22	28392	3
22	28393	3
22	28394	3
22	28395	3
22	28396	3
22	28397	3
22	28398	3
22	28399	3
22	28400	3
22	28401	3
22	28402	3
22	28403	3
22	28404	3
22	28405	3
22	28406	3
22	28407	3
22	28408	3
22	28409	3
22	28410	3
22	28411	3
22	28412	3
22	28413	3
22	28414	3
22	28415	3
22	28416	3
22	28417	3
22	28418	3
22	28419	3
22	28420	3
22	28421	3
22	28422	3
22	28423	4
22	28424	4
22	28425	4
22	28426	4
22	28427	4
22	28428	5
22	28429	5
22	28430	5
22	28431	5
22	28432	5
22	28433	5
22	28434	5
22	28435	5
22	28436	5
22	28437	5
22	28438	5
22	28439	5
22	28440	5
22	28441	5
22	28442	5
22	28443	6
22	28444	6
22	28445	6
22	28446	6
22	28447	6
22	28448	6
22	28449	6
22	28450	6
22	28451	6
22	28452	6
22	28453	6
22	28454	6
22	28455	6
22	28456	6
22	28457	6
22	28458	6
22	28459	6
22	28460	6
22	28461	6
22	28462	5
22	28463	5
22	28464	5
22	28465	5
22	28466	5
22	28467	5
22	28468	5
22	28469	5
22	28470	5
22	28471	5
22	28472	5
22	28473	5
22	28474	5
22	28475	5
22	28476	5
22	28477	5
22	28478	5
22	28479	5
22	28480	5
22	28481	5
22	28482	5
22	28483	5
22	28484	5
22	28485	5
22	28486	5
22	28487	5
22	28488	5
22	28489	5
22	28490	5
22	28491	5
22	28492	5
22	28493	5
22	28494	5
22	28495	5
22	28496	5
22	28497	4
22	28498	4
22	28499	4
22	28500	4
22	28501	4
22	28502	4
22	28503	4
22	28504	4
22	28505	4
22	28506	4
22	28507	4
22	28508	4
22	28509	4
22	28510	4
22	28511	4
22	28512	4
22	28513	4
22	28514	4
22	28515	4
22	28516	4
22	28517	4
22	28518	4
22	28519	4
22	28520	4
22	28521	4
22	28522	4
22	28523	4
22	28524	4
22	28525	4
22	28526	4
22	28527	4
22	28528	4
22	28529	4
22	28530	4
22	28531	4
22	28532	4
22	28533	4
22	28534	4
22	28535	4
22	28536	4
22	28537	4
22	28538	4
22	28539	4
22	28540	4
22	28541	4
22	28542	4
22	28543	4
22	28544	5
22	28545	5
22	28546	5
22	28547	5
22	28548	5
22	28549	5
22	28550	5
22	28551	5
22	28552	5
22	28553	5
22	28554	5
22	28555	5
22	28556	5
22	28557	5
22	28558	5
22	28559	5
22	28560	5
22	28561	5
22	28562	5
22	28563	5
22	28564	5
22	28565	5
22	28566	5
22	28567	5
22	28568	5
22	28569	5
22	28570	5
22	28571	5
22	28572	4
22	28573	4
22	28574	5
22	28575	5
22	28576	5
22	28577	4
22	28578	4
22	28579	4
22	28580	5
22	28581	5
22	28582	5
22	28583	7
22	28584	7
22	28585	7
22	28586	7
22	28587	7
22	28588	7
22	28589	7
22	28590	7
22	28591	7
22	28592	6
22	28593	6
22	28594	6
22	28595	6
22	28596	6
22	28597	6
22	28598	6
22	28599	6
22	28600	7
22	28601	7
22	28602	7
22	28603	7
22	28604	7
22	28605	7
22	28606	8
22	28607	8
22	28608	8
22	28609	8
22	28610	8
22	28611	8
22	28612	8
22	28613	8
22	28614	8
22	28615	8
22	28616	8
22	28617	8
22	28618	8
22	28619	8
22	28620	8
22	28621	8
22	28622	8
22	28623	8
22	28624	8
22	28625	8
22	28626	8
22	28627	8
22	28628	8
22	28629	8
22	28630	8
22	28631	8
22	28632	8
22	28633	8
22	28634	8
22	28635	8
22	28636	8
22	28637	7
22	28638	7
22	28639	7
22	28640	7
22	28641	7
22	28642	7
22	28643	7
22	28644	7
22	28645	7
22	28646	7
22	28647	7
22	28648	7
22	28649	7
22	28650	7
22	28651	7
22	28652	7
22	28653	7
22	28654	7
22	28655	7
22	28656	7
22	28657	8
22	28658	8
22	28659	8
22	28660	8
22	28661	8
22	28662	8
22	28663	8
22	28664	8
22	28665	9
22	28666	10
22	28667	10
22	28668	10
22	28669	10
22	28670	10
22	28671	10
22	28672	10
22	28673	10
22	28674	10
22	28675	10
22	28676	10
22	28677	10
22	28678	10
22	28679	10
22	28680	10
22	28681	10
22	28682	10
22	28683	11
22	28684	11
22	28685	11
22	28686	11
22	28687	11
22	28688	11
22	28689	11
22	28690	11
22	28691	12
22	28692	13
22	28693	14
22	28694	13
22	28695	13
22	28696	13
22	28697	13
22	28698	13
22	28699	13
22	28700	13
22	28701	13
22	28702	13
22	28703	13
22	28704	13
22	28705	13
22	28706	13
22	28707	13
22	28708	13
22	28709	13
22	28710	13
22	28711	13
22	28712	13
22	28713	13
22	28714	13
22	28715	13
22	28716	13
22	28717	13
22	28718	13
22	28719	13
22	28720	13
22	28721	13
22	28722	14
22	28723	14
22	28724	13
22	28725	13
22	28726	13
22	28727	13
22	28728	12
22	28729	12
22	28730	12
22	28731	12
22	28732	12
22	28733	10
22	28734	10
22	28735	10
22	28736	11
22	28737	11
22	28738	11
22	28739	11
22	28740	11
22	28741	11
22	28742	11
22	28743	11
22	28744	11
22	28745	11
22	28746	11
22	28747	13
22	28748	13
22	28749	13
22	28750	13
22	28751	13
22	28752	13
22	28753	13
22	28754	13
22	28755	13
22	28756	12
22	28757	12
22	28758	12
22	28759	12
22	28760	12
22	28761	12
22	28762	12
22	28763	12
22	28764	12
22	28765	12
22	28766	12
22	28767	12
22	28768	12
22	28769	12
22	28770	12
22	28771	12
22	28772	12
22	28773	12
22	28774	12
22	28775	12
22	28776	12
22	28777	12
22	28778	12
22	28779	12
22	28780	12
22	28781	12
22	28782	12
22	28783	12
22	28784	13
22	28785	13
22	28786	13
22	28787	13
22	28788	13
22	28789	13
22	28790	13
22	28791	13
22	28792	13
22	28793	13
22	28794	13
22	28795	14
22	28796	14
22	28797	14
22	28798	14
22	28799	14
22	28800	14
22	28801	14
22	28802	14
22	28803	14
22	28804	14
22	28805	14
22	28806	13
22	28807	13
22	28808	13
22	28809	13
22	28810	13
22	28811	13
22	28812	13
22	28813	13
22	28814	13
22	28815	12
22	28816	11
22	28817	11
22	28818	12
22	28819	12
22	28820	12
22	28821	13
22	28822	13
22	28823	13
22	28824	13
22	28825	13
22	28826	13
22	28827	13
22	28828	13
22	28829	13
22	28830	13
22	28831	15
22	28832	17
22	28833	17
22	28834	18
22	28835	18
22	28836	18
22	28837	18
22	28838	18
22	28839	18
22	28840	19
22	28841	18
22	28842	18
22	28843	17
22	28844	17
22	28845	17
22	28846	17
22	28847	17
22	28848	17
22	28849	17
22	28850	17
22	28851	17
22	28852	17
22	28853	17
22	28854	17
22	28855	17
22	28856	17
22	28857	17
22	28858	17
22	28859	17
22	28860	17
22	28861	17
22	28862	17
22	28863	17
22	28864	17
22	28865	17
22	28866	17
22	28867	17
22	28868	17
22	28869	16
22	28870	16
22	28871	16
22	28872	17
22	28873	17
22	28874	18
22	28875	18
22	28876	18
22	28877	18
22	28878	18
22	28879	18
22	28880	19
22	28881	19
22	28882	20
22	28883	20
22	28884	20
22	28885	20
22	28886	19
22	28887	21
22	28888	21
22	28889	21
22	28890	21
22	28891	21
22	28892	21
22	28893	21
22	28894	21
22	28895	21
22	28896	20
22	28897	19
22	28898	19
22	28899	19
22	28900	18
22	28901	18
22	28902	18
22	28903	18
22	28904	18
22	28905	18
22	28906	18
22	28907	21
22	28908	24
22	28909	24
22	28910	25
22	28911	25
22	28912	25
22	28913	25
22	28914	25
22	28915	25
22	28916	25
22	28917	25
22	28918	25
22	28919	25
22	28920	25
22	28921	25
22	28922	25
22	28923	25
22	28924	25
22	28925	25
22	28926	25
22	28927	25
22	28928	25
22	28929	25
22	28930	25
22	28931	25
22	28932	26
22	28933	28
22	28934	27
22	28935	27
22	28936	27
22	28937	27
22	28938	27
22	28939	27
22	28940	27
22	28941	27
22	28942	27
22	28943	27
22	28944	27
22	28945	27
22	28946	27
22	28947	27
22	28948	27
22	28949	29
22	28950	29
22	28951	29
22	28952	29
22	28953	29
22	28954	29
22	28955	29
22	28956	29
22	28957	29
22	28958	29
22	28959	29
22	28960	29
22	28961	29
22	28962	29
22	28963	29
22	28964	29
22	28965	29
22	28966	29
22	28967	29
22	28968	28
22	28969	28
22	28970	27
22	28971	27
22	28972	27
22	28973	27
22	28974	27
22	28975	28
22	28976	28
22	28977	28
22	28978	28
22	28979	28
22	28980	27
22	28981	27
22	28982	25
22	28983	24
22	28984	23
22	28985	23
22	28986	23
22	28987	25
22	28988	25
22	28989	25
22	28990	25
22	28991	24
22	28992	24
22	28993	24
22	28994	24
22	28995	24
22	28996	24
22	28997	24
22	28998	24
22	28999	24
22	29000	24
22	29001	24
22	29002	24
22	29003	24
22	29004	25
22	29005	25
22	29006	25
22	29007	25
22	29008	25
22	29009	25
22	29010	25
22	29011	26
22	29012	26
22	29013	26
22	29014	26
22	29015	26
22	29016	26
22	29017	26
22	29018	26
22	29019	26
22	29020	26
22	29021	26
22	29022	25
22	29023	25
22	29024	24
22	29025	24
22	29026	24
22	29027	24
22	29028	24
22	29029	24
22	29030	23
22	29031	21
22	29032	22
22	29033	23
22	29034	23
22	29035	21
22	29036	21
22	29037	21
22	29038	21
22	29039	21
22	29040	22
22	29041	22
22	29042	23
22	29043	23
22	29044	23
22	29045	23
22	29046	23
22	29047	23
22	29048	23
22	29049	24
22	29050	24
22	29051	23
22	29052	24
22	29053	24
22	29054	25
22	29055	25
22	29056	24
22	29057	22
22	29058	19
22	29059	19
22	29060	18
22	29061	18
22	29062	18
22	29063	18
22	29064	18
22	29065	19
22	29066	19
22	29067	19
22	29068	19
22	29069	19
22	29070	21
22	29071	21
22	29072	21
22	29073	21
22	29074	21
22	29075	22
22	29076	22
22	29077	22
22	29078	22
22	29079	22
22	29080	22
22	29081	22
22	29082	23
22	29083	21
22	29084	21
22	29085	21
22	29086	21
22	29087	21
22	29088	23
22	29089	23
22	29090	23
22	29091	23
22	29092	23
22	29093	23
22	29094	22
22	29095	22
22	29096	22
22	29097	22
22	29098	22
22	29099	20
22	29100	20
22	29101	20
22	29102	20
22	29103	21
22	29104	22
22	29105	22
22	29106	25
22	29107	25
22	29108	26
22	29109	29
22	29110	29
22	29111	30
22	29112	30
22	29113	30
22	29114	30
22	29115	30
22	29116	30
22	29117	30
22	29118	30
22	29119	30
22	29120	30
22	29121	30
22	29122	30
22	29123	30
22	29124	30
22	29125	29
22	29126	30
22	29127	30
22	29128	30
22	29129	30
22	29130	29
22	29131	29
22	29132	29
22	29133	29
22	29134	29
22	29135	28
22	29136	28
22	29137	28
22	29138	28
22	29139	27
22	29140	27
22	29141	27
22	29142	27
22	29143	27
22	29144	27
22	29145	27
22	29146	27
22	29147	27
22	29148	27
22	29149	27
22	29150	27
22	29151	27
22	29152	29
22	29153	29
22	29154	29
22	29155	29
22	29156	29
22	29157	29
22	29158	29
22	29159	28
22	29160	28
22	29161	28
22	29162	28
22	29163	28
22	29164	28
22	29165	28
22	29166	28
22	29167	29
22	29168	29
22	29169	29
22	29170	29
22	29171	29
22	29172	29
22	29173	29
22	29174	29
22	29175	29
22	29176	29
22	29177	30
22	29178	30
22	29179	30
22	29180	30
22	29181	30
22	29182	29
22	29183	28
22	29184	28
22	29185	28
22	29186	28
22	29187	28
22	29188	28
22	29189	28
22	29190	28
22	29191	27
22	29192	27
22	29193	29
22	29194	29
22	29195	29
22	29196	29
22	29197	30
22	29198	30
22	29199	29
22	29200	30
22	29201	30
22	29202	30
22	29203	30
22	29204	30
22	29205	30
22	29206	30
22	29207	30
22	29208	30
22	29209	30
22	29210	30
22	29211	30
22	29212	30
22	29213	30
22	29214	30
22	29215	29
22	29216	29
22	29217	29
22	29218	29
22	29219	27
22	29220	27
22	29221	27
22	29222	27
22	29223	29
22	29224	29
22	29225	28
22	29226	28
22	29227	28
22	29228	28
22	29229	28
22	29230	28
22	29231	28
22	29232	27
22	29233	27
22	29234	28
22	29235	28
22	29236	29
22	29237	27
22	29238	27
22	29239	27
22	29240	27
22	29241	28
22	29242	29
22	29243	29
22	29244	29
22	29245	29
22	29246	29
22	29247	29
22	29248	30
22	29249	30
22	29250	30
22	29251	30
22	29252	30
22	29253	29
22	29254	28
22	29255	27
22	29256	23
22	29257	23
22	29258	22
22	29259	20
22	29260	20
22	29261	20
22	29262	20
22	29263	20
22	29264	20
22	29265	20
22	29266	20
22	29267	20
22	29268	20
22	29269	20
22	29270	20
22	29271	20
22	29272	21
22	29273	21
22	29274	21
22	29275	21
22	29276	20
22	29277	20
22	29278	20
22	29279	20
22	29280	20
22	29281	20
22	29282	20
22	29283	20
22	29284	19
22	29285	19
22	29286	19
22	29287	19
22	29288	19
22	29289	19
22	29290	19
22	29291	19
22	29292	18
22	29293	19
22	29294	19
22	29295	19
22	29296	19
22	29297	18
22	29298	18
22	29299	18
22	29300	18
22	29301	18
22	29302	16
22	29303	16
22	29304	14
22	29305	14
22	29306	14
22	29307	14
22	29308	14
22	29309	14
22	29310	14
22	29311	14
22	29312	14
22	29313	14
22	29314	14
22	29315	14
22	29316	14
22	29317	13
22	29318	13
22	29319	13
22	29320	13
22	29321	14
22	29322	14
22	29323	14
22	29324	14
22	29325	14
22	29326	14
22	29327	13
22	29328	13
22	29329	13
22	29330	13
22	29331	13
22	29332	13
22	29333	13
22	29334	13
22	29335	13
22	29336	13
22	29337	13
22	29338	13
22	29339	12
22	29340	12
22	29341	13
22	29342	13
22	29343	12
22	29344	12
22	29345	12
22	29346	11
22	29347	11
22	29348	11
22	29349	11
22	29350	10
22	29351	10
22	29352	10
22	29353	10
22	29354	10
22	29355	10
22	29356	10
22	29357	10
22	29358	10
22	29359	10
22	29360	10
22	29361	10
22	29362	10
22	29363	10
22	29364	10
22	29365	10
22	29366	10
22	29367	10
22	29368	10
22	29369	10
22	29370	10
22	29371	10
22	29372	10
22	29373	10
22	29374	10
22	29375	10
22	29376	10
22	29377	10
22	29378	10
22	29379	9
22	29380	9
22	29381	9
22	29382	9
22	29383	8
22	29384	8
22	29385	7
22	29386	8
22	29387	8
22	29388	8
22	29389	8
22	29390	7
22	29391	7
22	29392	6
22	29393	6
22	29394	6
22	29395	6
22	29396	6
22	29397	6
22	29398	5
22	29399	5
22	29400	5
22	29401	5
22	29402	5
22	29403	6
22	29404	6
22	29405	6
22	29406	6
22	29407	6
22	29408	6
22	29409	6
22	29410	6
22	29411	6
22	29412	6
22	29413	6
22	29414	6
22	29415	6
22	29416	6
22	29417	6
22	29418	6
22	29419	6
22	29420	6
22	29421	6
22	29422	6
22	29423	6
22	29424	6
22	29425	6
22	29426	6
22	29427	6
22	29428	6
22	29429	6
22	29430	6
22	29431	6
22	29432	7
22	29433	7
22	29434	7
22	29435	7
22	29436	8
22	29437	8
22	29438	8
22	29439	8
22	29440	8
22	29441	8
22	29442	8
22	29443	7
22	29444	7
22	29445	7
22	29446	7
22	29447	6
22	29448	6
22	29449	6
22	29450	6
22	29451	6
22	29452	6
22	29453	6
22	29454	6
22	29455	6
22	29456	6
22	29457	6
22	29458	6
22	29459	6
22	29460	6
22	29461	6
22	29462	6
22	29463	6
22	29464	6
22	29465	6
22	29466	6
22	29467	6
22	29468	6
22	29469	6
22	29470	5
22	29471	5
22	29472	5
22	29473	5
22	29474	5
22	29475	5
22	29476	5
22	29477	5
22	29478	5
22	29479	5
22	29480	5
22	29481	5
22	29482	5
22	29483	5
22	29484	5
22	29485	5
22	29486	5
22	29487	5
22	29488	5
22	29489	5
22	29490	5
22	29491	4
22	29492	4
22	29493	4
22	29494	4
22	29495	4
22	29496	4
22	29497	4
22	29498	4
22	29499	4
22	29500	4
22	29501	4
22	29502	4
22	29503	4
22	29504	4
22	29505	4
22	29506	5
22	29507	5
22	29508	5
22	29509	7
22	29510	7
22	29511	7
22	29512	7
22	29513	7
22	29514	7
22	29515	7
22	29516	7
22	29517	7
22	29518	7
22	29519	7
22	29520	7
22	29521	7
22	29522	7
22	29523	7
22	29524	7
22	29525	7
22	29526	7
22	29527	7
22	29528	7
22	29529	7
22	29530	7
22	29531	7
22	29532	7
22	29533	7
22	29534	7
22	29535	7
22	29536	6
22	29537	6
22	29538	6
22	29539	6
22	29540	6
22	29541	6
22	29542	6
22	29543	6
22	29544	6
22	29545	6
22	29546	6
22	29547	6
22	29548	6
22	29549	6
22	29550	6
22	29551	6
22	29552	6
22	29553	5
22	29554	5
22	29555	5
22	29556	5
22	29557	5
22	29558	5
22	29559	5
22	29560	5
22	29561	5
22	29562	5
22	29563	5
22	29564	5
22	29565	5
22	29566	5
22	29567	5
22	29568	5
22	29569	5
22	29570	5
22	29571	5
22	29572	5
22	29573	5
22	29574	5
22	29575	5
22	29576	5
22	29577	5
22	29578	5
22	29579	5
22	29580	5
22	29581	4
22	29582	4
22	29583	4
22	29584	4
22	29585	3
22	29586	3
22	29587	3
22	29588	3
22	29589	3
22	29590	3
22	29591	3
22	29592	3
22	29593	3
22	29594	3
22	29595	3
22	29596	3
22	29597	3
22	29598	3
22	29599	3
22	29600	3
22	29601	3
22	29602	3
22	29603	3
22	29604	3
22	29605	3
22	29606	3
22	29607	3
22	29608	3
22	29609	3
22	29610	3
22	29611	3
22	29612	4
22	29613	4
22	29614	4
22	29615	4
22	29616	4
22	29617	4
22	29618	4
22	29619	4
22	29620	4
22	29621	4
22	29622	4
22	29623	4
22	29624	4
22	29625	4
22	29626	4
22	29627	4
22	29628	4
22	29629	4
22	29630	4
22	29631	4
22	29632	4
22	29633	4
22	29634	4
22	29635	4
22	29636	4
22	29637	4
22	29638	4
22	29639	4
22	29640	4
22	29641	4
22	29642	4
22	29643	5
22	29644	5
22	29645	5
22	29646	5
22	29647	5
22	29648	5
22	29649	5
22	29650	5
22	29651	6
22	29652	6
22	29653	6
22	29654	6
22	29655	5
22	29656	5
22	29657	5
22	29658	5
22	29659	3
22	29660	3
22	29661	3
22	29662	3
22	29663	3
22	29664	3
22	29665	4
22	29666	4
22	29667	4
22	29668	4
22	29669	4
22	29670	4
22	29671	4
22	29672	4
22	29673	4
22	29674	5
22	29675	6
22	29676	6
22	29677	6
22	29678	6
22	29679	6
22	29680	6
22	29681	6
22	29682	6
22	29683	6
22	29684	6
22	29685	6
22	29686	6
22	29687	6
22	29688	6
22	29689	6
22	29690	6
22	29691	6
22	29692	6
22	29693	6
22	29694	6
22	29695	6
22	29696	6
22	29697	6
22	29698	6
22	29699	6
22	29700	6
22	29701	6
22	29702	6
22	29703	6
22	29704	6
22	29705	6
22	29706	6
22	29707	6
22	29708	6
22	29709	6
22	29710	6
22	29711	6
22	29712	6
22	29713	6
22	29714	6
22	29715	6
22	29716	6
22	29717	6
22	29718	6
22	29719	6
22	29720	6
22	29721	6
22	29722	6
22	29723	6
22	29724	5
22	29725	6
22	29726	6
22	29727	6
22	29728	6
22	29729	6
22	29730	6
22	29731	6
22	29732	6
22	29733	6
22	29734	6
22	29735	6
22	29736	6
22	29737	6
22	29738	6
22	29739	6
22	29740	6
22	29741	6
22	29742	6
22	29743	6
22	29744	6
22	29745	6
22	29746	6
22	29747	6
22	29748	6
22	29749	6
22	29750	6
22	29751	6
22	29752	6
22	29753	6
22	29754	6
22	29755	6
22	29756	6
22	29757	6
22	29758	6
22	29759	6
22	29760	6
22	29761	6
22	29762	5
22	29763	5
22	29764	5
22	29765	5
22	29766	5
22	29767	5
22	29768	5
22	29769	5
22	29770	5
22	29771	5
22	29772	5
22	29773	5
22	29774	6
22	29775	6
22	29776	6
22	29777	6
22	29778	6
22	29779	6
22	29780	6
22	29781	6
22	29782	6
22	29783	6
22	29784	6
22	29785	6
22	29786	7
22	29787	7
22	29788	7
22	29789	7
22	29790	7
22	29791	7
22	29792	6
22	29793	6
22	29794	6
22	29795	6
22	29796	6
22	29797	6
22	29798	6
22	29799	6
22	29800	6
22	29801	6
22	29802	5
22	29803	5
22	29804	5
22	29805	5
22	29806	5
22	29807	5
22	29808	5
22	29809	5
22	29810	5
22	29811	5
22	29812	5
22	29813	5
22	29814	5
22	29815	4
22	29816	4
22	29817	4
22	29818	4
22	29819	4
22	29820	4
22	29821	4
22	29822	4
22	29823	4
22	29824	3
22	29825	3
22	29826	3
22	29827	3
22	29828	3
22	29829	3
22	29830	3
22	29831	3
22	29832	3
22	29833	3
22	29834	3
22	29835	3
22	29836	3
22	29837	3
22	29838	3
22	29839	3
22	29840	3
22	29841	3
22	29842	4
22	29843	4
22	29844	4
22	29845	4
22	29846	4
22	29847	4
22	29848	4
22	29849	4
22	29850	4
22	29851	4
22	29852	4
22	29853	4
22	29854	4
22	29855	4
22	29856	4
22	29857	4
22	29858	4
22	29859	4
22	29860	4
22	29861	4
22	29862	4
22	29863	4
22	29864	5
22	29865	5
22	29866	5
22	29867	5
22	29868	5
22	29869	5
22	29870	5
22	29871	5
22	29872	5
22	29873	5
22	29874	5
22	29875	5
22	29876	5
22	29877	5
22	29878	5
22	29879	5
22	29880	5
22	29881	5
22	29882	5
22	29883	5
22	29884	5
22	29885	5
22	29886	5
22	29887	5
22	29888	5
22	29889	5
22	29890	5
22	29891	5
22	29892	5
22	29893	5
22	29894	5
22	29895	5
22	29896	5
22	29897	5
22	29898	5
22	29899	6
22	29900	6
22	29901	6
22	29902	6
22	29903	6
22	29904	6
22	29905	6
22	29906	6
22	29907	6
22	29908	7
22	29909	7
22	29910	7
22	29911	7
22	29912	7
22	29913	7
22	29914	7
22	29915	7
22	29916	7
22	29917	7
22	29918	7
22	29919	7
22	29920	7
22	29921	7
22	29922	7
22	29923	7
22	29924	6
22	29925	6
22	29926	6
22	29927	6
22	29928	6
22	29929	6
22	29930	6
22	29931	6
22	29932	6
22	29933	6
22	29934	6
22	29935	6
22	29936	5
22	29937	5
22	29938	5
22	29939	5
22	29940	5
22	29941	5
22	29942	5
22	29943	5
22	29944	5
22	29945	5
22	29946	5
22	29947	5
22	29948	5
22	29949	5
22	29950	5
22	29951	5
22	29952	5
22	29953	5
22	29954	5
22	29955	5
22	29956	5
22	29957	5
22	29958	6
22	29959	6
22	29960	6
22	29961	6
22	29962	6
22	29963	6
22	29964	6
22	29965	6
22	29966	6
22	29967	6
22	29968	6
22	29969	6
22	29970	7
22	29971	6
22	29972	6
22	29973	9
22	29974	9
22	29975	9
22	29976	9
22	29977	9
22	29978	9
22	29979	9
22	29980	9
22	29981	9
22	29982	9
22	29983	9
22	29984	9
22	29985	9
22	29986	9
22	29987	9
22	29988	11
22	29989	11
22	29990	11
22	29991	11
22	29992	10
22	29993	10
22	29994	10
22	29995	10
22	29996	10
22	29997	10
22	29998	10
22	29999	10
22	30000	10
22	30001	10
22	30002	10
22	30003	10
22	30004	10
22	30005	10
22	30006	10
22	30007	10
22	30008	10
22	30009	10
22	30010	10
22	30011	10
22	30012	10
22	30013	10
22	30014	9
22	30015	9
22	30016	9
22	30017	9
22	30018	9
22	30019	9
22	30020	9
22	30021	9
22	30022	9
22	30023	9
22	30024	9
22	30025	9
22	30026	9
22	30027	9
22	30028	9
22	30029	9
22	30030	9
22	30031	9
22	30032	9
22	30033	9
22	30034	9
22	30035	9
22	30036	9
22	30037	9
22	30038	9
22	30039	9
22	30040	9
22	30041	9
22	30042	9
22	30043	9
22	30044	9
22	30045	9
22	30046	9
22	30047	9
22	30048	9
22	30049	9
22	30050	9
22	30051	9
22	30052	9
22	30053	9
22	30054	9
22	30055	9
22	30056	9
22	30057	9
22	30058	8
22	30059	8
22	30060	8
22	30061	8
22	30062	8
22	30063	8
22	30064	8
22	30065	8
22	30066	9
22	30067	9
22	30068	9
22	30069	9
22	30070	9
22	30071	9
22	30072	9
22	30073	10
22	30074	10
22	30075	10
22	30076	10
22	30077	11
22	30078	11
22	30079	11
22	30080	11
22	30081	11
22	30082	11
22	30083	11
22	30084	11
22	30085	11
22	30086	11
22	30087	11
22	30088	11
22	30089	11
22	30090	11
22	30091	11
22	30092	11
22	30093	11
22	30094	11
22	30095	14
22	30096	14
22	30097	14
22	30098	14
22	30099	14
22	30100	14
22	30101	14
22	30102	14
22	30103	14
22	30104	14
22	30105	14
22	30106	14
22	30107	14
22	30108	13
22	30109	13
22	30110	13
22	30111	13
22	30112	13
22	30113	13
22	30114	13
22	30115	13
22	30116	13
22	30117	13
22	30118	13
22	30119	13
22	30120	12
22	30121	12
22	30122	12
22	30123	9
22	30124	9
22	30125	9
22	30126	10
22	30127	10
22	30128	10
22	30129	10
22	30130	11
22	30131	11
22	30132	11
22	30133	11
22	30134	11
22	30135	11
22	30136	11
22	30137	11
22	30138	10
22	30139	11
22	30140	11
22	30141	11
22	30142	11
22	30143	11
22	30144	11
22	30145	12
22	30146	12
22	30147	12
22	30148	12
22	30149	12
22	30150	12
22	30151	12
22	30152	12
22	30153	12
22	30154	12
22	30155	12
22	30156	12
22	30157	12
22	30158	12
22	30159	12
22	30160	12
22	30161	12
22	30162	12
22	30163	12
22	30164	12
22	30165	12
22	30166	12
22	30167	12
22	30168	12
22	30169	12
22	30170	12
22	30171	12
22	30172	12
22	30173	12
22	30174	12
22	30175	12
22	30176	12
22	30177	12
22	30178	12
22	30179	12
22	30180	12
22	30181	12
22	30182	13
22	30183	13
22	30184	13
22	30185	13
22	30186	13
22	30187	13
22	30188	13
22	30189	13
22	30190	13
22	30191	13
22	30192	13
22	30193	13
22	30194	13
22	30195	13
22	30196	13
22	30197	13
22	30198	13
22	30199	12
22	30200	12
22	30201	12
22	30202	12
22	30203	12
22	30204	12
22	30205	12
22	30206	12
22	30207	12
22	30208	12
22	30209	12
22	30210	12
22	30211	12
22	30212	12
22	30213	12
22	30214	12
22	30215	12
22	30216	11
22	30217	11
22	30218	11
22	30219	11
22	30220	11
22	30221	11
22	30222	11
22	30223	10
22	30224	10
22	30225	10
22	30226	11
22	30227	10
22	30228	10
22	30229	11
22	30230	11
22	30231	11
22	30232	11
22	30233	11
22	30234	11
22	30235	11
22	30236	11
22	30237	11
22	30238	11
22	30239	11
22	30240	11
22	30241	11
22	30242	11
22	30243	12
22	30244	12
22	30245	9
22	30246	9
22	30247	9
22	30248	9
22	30249	9
22	30250	9
22	30251	9
22	30252	9
22	30253	9
22	30254	9
22	30255	9
22	30256	9
22	30257	9
22	30258	9
22	30259	9
22	30260	9
22	30261	9
22	30262	9
22	30263	9
22	30264	9
22	30265	9
22	30266	9
22	30267	9
22	30268	9
22	30269	10
22	30270	10
22	30271	10
22	30272	10
22	30273	10
22	30274	10
22	30275	10
22	30276	9
22	30277	9
22	30278	9
22	30279	11
22	30280	10
22	30281	10
22	30282	10
22	30283	10
22	30284	10
22	30285	10
22	30286	10
22	30287	10
22	30288	8
22	30289	8
22	30290	8
22	30291	8
22	30292	8
22	30293	8
22	30294	8
22	30295	7
22	30296	8
22	30297	8
22	30298	8
22	30299	8
22	30300	8
22	30301	8
22	30302	8
22	30303	8
22	30304	8
22	30305	8
22	30306	8
22	30307	8
22	30308	8
22	30309	8
22	30310	8
22	30311	8
22	30312	8
22	30313	8
22	30314	8
22	30315	8
22	30316	8
22	30317	8
22	30318	8
22	30319	8
22	30320	8
22	30321	8
22	30322	8
22	30323	8
22	30324	8
22	30325	8
22	30326	8
22	30327	8
22	30328	8
22	30329	8
22	30330	8
22	30331	8
22	30332	8
22	30333	8
22	30334	8
22	30335	8
22	30336	8
22	30337	8
22	30338	9
22	30339	9
22	30340	9
22	30341	9
22	30342	9
22	30343	9
22	30344	9
22	30345	9
22	30346	9
22	30347	9
22	30348	9
22	30349	11
22	30350	11
22	30351	11
22	30352	11
22	30353	11
22	30354	11
22	30355	11
22	30356	11
22	30357	11
22	30358	11
22	30359	11
22	30360	11
22	30361	11
22	30362	11
22	30363	11
22	30364	11
22	30365	11
22	30366	11
22	30367	11
22	30368	11
22	30369	11
22	30370	12
22	30371	12
22	30372	12
22	30373	12
22	30374	12
22	30375	12
22	30376	11
22	30377	11
22	30378	11
22	30379	10
22	30380	10
22	30381	10
22	30382	10
22	30383	10
22	30384	10
22	30385	10
22	30386	11
22	30387	12
22	30388	12
22	30389	12
22	30390	12
22	30391	12
22	30392	12
22	30393	11
22	30394	11
22	30395	11
22	30396	11
22	30397	11
22	30398	11
22	30399	11
22	30400	11
22	30401	11
22	30402	12
22	30403	12
22	30404	12
22	30405	12
22	30406	12
22	30407	12
22	30408	12
22	30409	12
22	30410	12
22	30411	12
22	30412	12
22	30413	12
22	30414	12
22	30415	12
22	30416	12
22	30417	12
22	30418	12
22	30419	11
22	30420	12
22	30421	12
22	30422	12
22	30423	12
22	30424	12
22	30425	12
22	30426	12
22	30427	12
22	30428	12
22	30429	10
22	30430	10
22	30431	11
22	30432	11
22	30433	11
22	30434	11
22	30435	11
22	30436	11
22	30437	11
22	30438	12
22	30439	12
22	30440	12
22	30441	12
22	30442	12
22	30443	12
22	30444	12
22	30445	12
22	30446	11
22	30447	11
22	30448	11
22	30449	11
22	30450	11
22	30451	11
22	30452	11
22	30453	11
22	30454	11
22	30455	11
22	30456	11
22	30457	11
22	30458	11
22	30459	11
22	30460	11
22	30461	11
22	30462	11
22	30463	11
22	30464	11
22	30465	12
22	30466	12
22	30467	12
22	30468	13
22	30469	13
22	30470	13
22	30471	13
22	30472	13
22	30473	13
22	30474	13
22	30475	13
22	30476	14
22	30477	14
22	30478	14
22	30479	14
22	30480	14
22	30481	14
22	30482	13
22	30483	13
22	30484	13
22	30485	13
22	30486	14
22	30487	13
22	30488	13
22	30489	14
22	30490	14
22	30491	14
22	30492	14
22	30493	14
22	30494	14
22	30495	14
22	30496	14
22	30497	14
22	30498	12
22	30499	12
22	30500	12
22	30501	12
22	30502	12
22	30503	12
22	30504	12
22	30505	12
22	30506	12
22	30507	12
22	30508	12
22	30509	12
22	30510	12
22	30511	12
22	30512	12
22	30513	12
22	30514	12
22	30515	12
22	30516	12
22	30517	12
22	30518	12
22	30519	12
22	30520	12
22	30521	12
22	30522	12
22	30523	12
22	30524	12
22	30525	12
22	30526	12
22	30527	12
22	30528	12
22	30529	12
22	30530	13
22	30531	13
22	30532	13
22	30533	13
22	30534	13
22	30535	12
22	30536	11
22	30537	11
22	30538	11
22	30539	11
22	30540	11
22	30541	11
22	30542	11
22	30543	11
22	30544	11
22	30545	12
22	30546	12
22	30547	12
22	30548	12
22	30549	12
22	30550	12
22	30551	12
22	30552	11
22	30553	11
22	30554	11
22	30555	11
22	30556	11
22	30557	11
22	30558	11
22	30559	11
22	30560	11
22	30561	11
22	30562	11
22	30563	11
22	30564	12
22	30565	13
22	30566	13
22	30567	13
22	30568	13
22	30569	12
22	30570	12
22	30571	12
22	30572	12
22	30573	12
22	30574	12
22	30575	12
22	30576	12
22	30577	12
22	30578	12
22	30579	13
22	30580	12
22	30581	12
22	30582	12
22	30583	12
22	30584	12
22	30585	12
22	30586	12
22	30587	12
22	30588	11
22	30589	11
22	30590	11
22	30591	11
22	30592	11
22	30593	11
22	30594	11
22	30595	11
22	30596	11
22	30597	11
22	30598	11
22	30599	11
22	30600	11
22	30601	11
22	30602	11
22	30603	11
22	30604	11
22	30605	11
22	30606	12
22	30607	12
22	30608	12
22	30609	12
22	30610	12
22	30611	13
22	30612	13
22	30613	13
22	30614	13
22	30615	13
22	30616	14
22	30617	13
22	30618	13
22	30619	13
22	30620	13
22	30621	13
22	30622	13
22	30623	13
22	30624	13
22	30625	12
22	30626	12
22	30627	12
22	30628	12
22	30629	12
22	30630	12
22	30631	12
22	30632	12
22	30633	12
22	30634	12
22	30635	12
22	30636	11
22	30637	11
22	30638	11
22	30639	10
22	30640	10
22	30641	10
22	30642	10
22	30643	10
22	30644	10
22	30645	10
22	30646	10
22	30647	10
22	30648	10
22	30649	10
22	30650	10
22	30651	10
22	30652	10
22	30653	10
22	30654	10
22	30655	10
22	30656	10
22	30657	10
22	30658	10
22	30659	10
22	30660	10
22	30661	10
22	30662	10
22	30663	10
22	30664	10
22	30665	10
22	30666	10
22	30667	10
22	30668	9
22	30669	9
22	30670	9
22	30671	9
22	30672	9
22	30673	9
22	30674	9
22	30675	10
22	30676	11
22	30677	11
22	30678	11
22	30679	11
22	30680	10
22	30681	10
22	30682	10
22	30683	10
22	30684	10
22	30685	10
22	30686	11
22	30687	11
22	30688	11
22	30689	11
22	30690	11
22	30691	11
22	30692	11
22	30693	11
22	30694	12
22	30695	11
22	30696	11
22	30697	11
22	30698	11
22	30699	11
22	30700	11
22	30701	12
22	30702	12
22	30703	12
22	30704	12
22	30705	12
22	30706	12
22	30707	12
22	30708	13
22	30709	13
22	30710	13
22	30711	13
22	30712	13
22	30713	13
22	30714	12
22	30715	12
22	30716	12
22	30717	11
22	30718	11
22	30719	11
22	30720	11
22	30721	11
22	30722	11
22	30723	11
22	30724	11
22	30725	11
22	30726	11
22	30727	11
22	30728	11
22	30729	10
22	30730	10
22	30731	10
22	30732	10
22	30733	10
22	30734	10
22	30735	10
22	30736	11
22	30737	11
22	30738	11
22	30739	11
22	30740	11
22	30741	11
22	30742	11
22	30743	11
22	30744	11
22	30745	12
22	30746	12
22	30747	12
22	30748	12
22	30749	12
22	30750	12
22	30751	12
22	30752	14
22	30753	14
22	30754	14
22	30755	14
22	30756	13
22	30757	13
22	30758	13
22	30759	13
22	30760	13
22	30761	12
22	30762	12
22	30763	12
22	30764	12
22	30765	12
22	30766	11
22	30767	11
22	30768	11
22	30769	11
22	30770	11
22	30771	11
22	30772	11
22	30773	14
22	30774	14
22	30775	14
22	30776	15
22	30777	15
22	30778	15
22	30779	15
22	30780	16
22	30781	16
22	30782	16
22	30783	16
22	30784	16
22	30785	16
22	30786	16
22	30787	16
22	30788	16
22	30789	16
22	30790	16
22	30791	16
22	30792	17
22	30793	17
22	30794	17
22	30795	17
22	30796	17
22	30797	17
22	30798	17
22	30799	17
22	30800	17
22	30801	17
22	30802	17
22	30803	17
22	30804	17
22	30805	17
22	30806	17
22	30807	17
22	30808	17
22	30809	17
22	30810	17
22	30811	17
22	30812	17
22	30813	17
22	30814	17
22	30815	17
22	30816	17
22	30817	18
22	30818	18
22	30819	18
22	30820	18
22	30821	18
22	30822	17
22	30823	17
22	30824	16
22	30825	16
22	30826	15
22	30827	15
22	30828	15
22	30829	15
22	30830	15
22	30831	15
22	30832	15
22	30833	14
22	30834	14
22	30835	14
22	30836	14
22	30837	14
22	30838	14
22	30839	14
22	30840	14
22	30841	13
22	30842	13
22	30843	13
22	30844	13
22	30845	13
22	30846	13
22	30847	13
22	30848	13
22	30849	13
22	30850	13
22	30851	12
22	30852	12
22	30853	12
22	30854	12
22	30855	12
22	30856	12
22	30857	12
22	30858	11
22	30859	11
22	30860	11
22	30861	11
22	30862	11
22	30863	11
22	30864	11
22	30865	11
22	30866	11
22	30867	11
22	30868	11
22	30869	11
22	30870	11
22	30871	11
22	30872	11
22	30873	11
22	30874	11
22	30875	11
22	30876	11
22	30877	11
22	30878	11
22	30879	11
22	30880	11
22	30881	11
22	30882	12
22	30883	12
22	30884	13
22	30885	12
22	30886	12
22	30887	12
22	30888	12
22	30889	12
22	30890	12
22	30891	13
22	30892	14
22	30893	13
22	30894	14
22	30895	14
22	30896	14
22	30897	14
22	30898	14
22	30899	14
22	30900	14
22	30901	14
22	30902	13
22	30903	13
22	30904	13
22	30905	13
22	30906	13
22	30907	13
22	30908	13
22	30909	13
22	30910	13
22	30911	13
22	30912	13
22	30913	13
22	30914	13
22	30915	13
22	30916	13
22	30917	13
22	30918	13
22	30919	13
22	30920	13
22	30921	13
22	30922	10
22	30923	10
22	30924	11
22	30925	11
22	30926	10
22	30927	10
22	30928	11
22	30929	11
22	30930	10
22	30931	10
22	30932	10
22	30933	10
22	30934	10
22	30935	10
22	30936	10
22	30937	10
22	30938	10
22	30939	10
22	30940	9
22	30941	10
22	30942	10
22	30943	10
22	30944	10
22	30945	10
22	30946	10
22	30947	10
22	30948	10
22	30949	10
22	30950	10
22	30951	10
22	30952	11
22	30953	11
22	30954	11
22	30955	11
22	30956	11
22	30957	11
22	30958	11
22	30959	11
22	30960	11
22	30961	11
22	30962	11
22	30963	11
22	30964	11
22	30965	10
22	30966	13
22	30967	13
22	30968	13
22	30969	16
22	30970	16
22	30971	16
22	30972	16
22	30973	16
22	30974	16
22	30975	16
22	30976	16
22	30977	16
22	30978	16
22	30979	16
22	30980	16
22	30981	16
22	30982	16
22	30983	16
22	30984	16
22	30985	16
22	30986	16
22	30987	16
22	30988	16
22	30989	16
22	30990	16
22	30991	16
22	30992	16
22	30993	16
22	30994	18
22	30995	18
22	30996	18
22	30997	18
22	30998	18
22	30999	17
22	31000	18
22	31001	18
22	31002	18
22	31003	18
22	31004	18
22	31005	18
22	31006	18
22	31007	18
22	31008	18
22	31009	18
22	31010	18
22	31011	18
22	31012	18
22	31013	18
22	31014	18
22	31015	18
22	31016	18
22	31017	18
22	31018	18
22	31019	18
22	31020	18
22	31021	18
22	31022	18
22	31023	18
22	31024	18
22	31025	18
22	31026	18
22	31027	18
22	31028	18
22	31029	18
22	31030	18
22	31031	18
22	31032	17
22	31033	17
22	31034	16
22	31035	16
22	31036	17
22	31037	17
22	31038	17
22	31039	17
22	31040	17
22	31041	15
22	31042	15
22	31043	15
22	31044	14
22	31045	14
22	31046	14
22	31047	14
22	31048	14
22	31049	14
22	31050	14
22	31051	14
22	31052	13
22	31053	13
22	31054	13
22	31055	13
22	31056	13
22	31057	13
22	31058	13
22	31059	13
22	31060	13
22	31061	13
22	31062	13
22	31063	13
22	31064	13
22	31065	13
22	31066	13
22	31067	13
22	31068	13
22	31069	14
22	31070	14
22	31071	14
22	31072	14
22	31073	13
22	31074	13
22	31075	13
22	31076	13
22	31077	13
22	31078	12
22	31079	12
22	31080	12
22	31081	12
22	31082	12
22	31083	12
22	31084	12
22	31085	12
22	31086	12
22	31087	12
22	31088	12
22	31089	12
22	31090	11
22	31091	11
22	31092	11
22	31093	11
22	31094	11
22	31095	11
22	31096	11
22	31097	11
22	31098	11
22	31099	11
22	31100	11
22	31101	10
22	31102	10
22	31103	10
22	31104	10
22	31105	10
22	31106	10
22	31107	10
22	31108	11
22	31109	11
22	31110	12
22	31111	12
22	31112	12
22	31113	12
22	31114	12
22	31115	12
22	31116	9
22	31117	9
22	31118	6
22	31119	9
22	31120	9
22	31121	9
22	31122	9
22	31123	9
22	31124	9
22	31125	9
22	31126	9
22	31127	9
22	31128	9
22	31129	9
22	31130	9
22	31131	9
22	31132	9
22	31133	9
22	31134	9
22	31135	10
22	31136	10
22	31137	10
22	31138	10
22	31139	10
22	31140	10
22	31141	10
22	31142	10
22	31143	10
22	31144	8
22	31145	9
22	31146	9
22	31147	9
22	31148	9
22	31149	9
22	31150	9
22	31151	9
22	31152	9
22	31153	9
22	31154	9
22	31155	9
22	31156	9
22	31157	9
22	31158	9
22	31159	9
22	31160	9
22	31161	9
22	31162	9
22	31163	9
22	31164	9
22	31165	10
22	31166	10
22	31167	10
22	31168	10
22	31169	10
22	31170	10
22	31171	10
22	31172	10
22	31173	10
22	31174	10
22	31175	10
22	31176	10
22	31177	10
22	31178	10
22	31179	10
22	31180	10
22	31181	10
22	31182	10
22	31183	12
22	31184	12
22	31185	11
22	31186	11
22	31187	11
22	31188	11
22	31189	11
22	31190	11
22	31191	11
22	31192	12
22	31193	12
22	31194	12
22	31195	12
22	31196	12
22	31197	12
22	31198	12
22	31199	12
22	31200	12
22	31201	12
22	31202	12
22	31203	12
22	31204	12
22	31205	12
22	31206	12
22	31207	12
22	31208	12
22	31209	12
22	31210	12
22	31211	12
22	31212	12
22	31213	12
22	31214	12
22	31215	12
22	31216	12
22	31217	12
22	31218	11
22	31219	11
22	31220	11
22	31221	11
22	31222	11
22	31223	11
22	31224	11
22	31225	11
22	31226	11
22	31227	11
22	31228	11
22	31229	12
22	31230	12
22	31231	12
22	31232	12
22	31233	12
22	31234	12
22	31235	12
22	31236	12
22	31237	12
22	31238	12
22	31239	12
22	31240	12
22	31241	12
22	31242	12
22	31243	12
22	31244	12
22	31245	12
22	31246	12
22	31247	12
22	31248	13
22	31249	13
22	31250	13
22	31251	13
22	31252	13
22	31253	13
22	31254	13
22	31255	13
22	31256	13
22	31257	13
22	31258	13
22	31259	13
22	31260	13
22	31261	13
22	31262	13
22	31263	14
22	31264	14
22	31265	14
22	31266	14
22	31267	14
22	31268	14
22	31269	11
22	31270	11
22	31271	11
22	31272	11
22	31273	11
22	31274	11
22	31275	11
22	31276	11
22	31277	11
22	31278	11
22	31279	11
22	31280	11
22	31281	11
22	31282	11
22	31283	11
22	31284	10
22	31285	10
22	31286	10
22	31287	10
22	31288	10
22	31289	10
22	31290	10
22	31291	10
22	31292	10
22	31293	10
22	31294	10
22	31295	9
22	31296	9
22	31297	9
22	31298	9
22	31299	9
22	31300	9
22	31301	9
22	31302	9
22	31303	10
22	31304	10
22	31305	10
22	31306	10
22	31307	10
22	31308	10
22	31309	10
22	31310	10
22	31311	10
22	31312	10
22	31313	9
22	31314	9
22	31315	9
22	31316	9
22	31317	9
22	31318	9
22	31319	9
22	31320	9
22	31321	10
22	31322	10
22	31323	11
22	31324	11
22	31325	11
22	31326	11
22	31327	11
22	31328	11
22	31329	11
22	31330	11
22	31331	11
22	31332	13
22	31333	11
22	31334	11
22	31335	11
22	31336	11
22	31337	11
22	31338	11
22	31339	11
22	31340	11
22	31341	11
22	31342	10
22	31343	10
22	31344	10
22	31345	10
22	31346	10
22	31347	10
22	31348	10
22	31349	10
22	31350	10
22	31351	10
22	31352	10
22	31353	10
22	31354	10
22	31355	10
22	31356	10
22	31357	10
22	31358	10
22	31359	10
22	31360	10
22	31361	10
22	31362	10
22	31363	10
22	31364	10
22	31365	10
22	31366	10
22	31367	10
22	31368	10
22	31369	10
22	31370	10
22	31371	10
22	31372	10
22	31373	9
22	31374	9
22	31375	9
22	31376	9
22	31377	9
22	31378	8
22	31379	8
22	31380	8
22	31381	8
22	31382	8
22	31383	8
22	31384	8
22	31385	8
22	31386	8
22	31387	8
22	31388	8
22	31389	8
22	31390	8
22	31391	8
22	31392	8
22	31393	8
22	31394	8
22	31395	8
22	31396	8
22	31397	8
22	31398	7
22	31399	7
22	31400	8
22	31401	8
22	31402	8
22	31403	8
22	31404	8
22	31405	8
22	31406	8
22	31407	8
22	31408	7
22	31409	7
22	31410	7
22	31411	8
22	31412	8
22	31413	7
22	31414	7
22	31415	7
22	31416	7
22	31417	7
22	31418	7
22	31419	7
22	31420	7
22	31421	7
22	31422	7
22	31423	7
22	31424	7
22	31425	7
22	31426	7
22	31427	7
22	31428	7
22	31429	8
22	31430	8
22	31431	8
22	31432	9
22	31433	9
22	31434	9
22	31435	9
22	31436	9
22	31437	9
22	31438	9
22	31439	9
22	31440	9
22	31441	9
22	31442	9
22	31443	9
22	31444	9
22	31445	9
22	31446	9
22	31447	9
22	31448	9
22	31449	9
22	31450	9
22	31451	9
22	31452	9
22	31453	9
22	31454	9
22	31455	9
22	31456	9
22	31457	9
22	31458	9
22	31459	9
22	31460	9
22	31461	9
22	31462	9
22	31463	11
22	31464	11
22	31465	11
22	31466	11
22	31467	11
22	31468	11
22	31469	11
22	31470	11
22	31471	10
22	31472	9
22	31473	9
22	31474	9
22	31475	9
22	31476	9
22	31477	9
22	31478	9
22	31479	9
22	31480	9
22	31481	7
22	31482	7
22	31483	8
22	31484	8
22	31485	8
22	31486	8
22	31487	8
22	31488	8
22	31489	8
22	31490	8
22	31491	8
22	31492	8
22	31493	8
22	31494	8
22	31495	8
22	31496	8
22	31497	8
22	31498	8
22	31499	8
22	31500	8
22	31501	8
22	31502	8
22	31503	8
22	31504	8
22	31505	8
22	31506	8
22	31507	8
22	31508	8
22	31509	8
22	31510	8
22	31511	8
22	31512	8
22	31513	8
22	31514	8
22	31515	8
22	31516	8
22	31517	8
22	31518	8
22	31519	8
22	31520	8
22	31521	8
22	31522	8
22	31523	8
22	31524	8
22	31525	8
22	31526	8
22	31527	8
22	31528	8
22	31529	8
22	31530	8
22	31531	8
22	31532	8
22	31533	8
22	31534	8
22	31535	8
22	31536	8
22	31537	8
22	31538	8
22	31539	8
22	31540	8
22	31541	8
22	31542	8
22	31543	8
22	31544	8
22	31545	8
22	31546	8
22	31547	8
22	31548	8
22	31549	8
22	31550	7
22	31551	7
22	31552	7
22	31553	7
22	31554	7
22	31555	7
22	31556	7
22	31557	7
22	31558	7
22	31559	7
22	31560	7
22	31561	6
22	31562	6
22	31563	6
22	31564	6
22	31565	6
22	31566	6
22	31567	6
22	31568	6
22	31569	6
22	31570	6
22	31571	6
22	31572	6
22	31573	6
22	31574	6
22	31575	6
22	31576	6
22	31577	6
22	31578	6
22	31579	5
22	31580	5
22	31581	4
22	31582	4
22	31583	4
22	31584	4
22	31585	4
22	31586	4
22	31587	4
22	31588	4
22	31589	4
22	31590	4
22	31591	4
22	31592	4
22	31593	5
22	31594	5
22	31595	5
22	31596	5
22	31597	5
22	31598	5
22	31599	5
22	31600	5
22	31601	5
22	31602	5
22	31603	5
22	31604	5
22	31605	5
22	31606	5
22	31607	5
22	31608	5
22	31609	5
22	31610	5
22	31611	5
22	31612	3
22	31613	3
22	31614	3
22	31615	3
22	31616	3
22	31617	3
22	31618	3
22	31619	3
22	31620	3
22	31621	3
22	31622	3
22	31623	3
22	31624	3
22	31625	3
22	31626	3
22	31627	3
22	31628	3
22	31629	3
22	31630	3
22	31631	3
22	31632	3
22	31633	2
22	31634	2
22	31635	2
22	31636	2
22	31637	2
22	31638	2
22	31639	2
22	31640	2
22	31641	2
22	31642	2
22	31643	2
22	31644	2
22	31645	2
22	31646	2
22	31647	2
22	31648	3
22	31649	3
22	31650	3
22	31651	3
22	31652	3
22	31653	3
22	31654	3
22	31655	3
22	31656	3
22	31657	3
22	31658	3
22	31659	3
22	31660	3
22	31661	3
22	31662	3
22	31663	3
22	31664	3
22	31665	3
22	31666	3
22	31667	3
22	31668	3
22	31669	3
22	31670	3
22	31671	3
22	31672	3
22	31673	3
22	31674	3
22	31675	3
22	31676	3
22	31677	3
22	31678	3
22	31679	3
22	31680	3
22	31681	3
22	31682	3
22	31683	3
22	31684	3
22	31685	3
22	31686	3
22	31687	3
22	31688	3
22	31689	3
22	31690	3
22	31691	3
22	31692	3
22	31693	3
22	31694	3
22	31695	3
22	31696	3
22	31697	3
22	31698	3
22	31699	3
22	31700	3
22	31701	3
22	31702	3
22	31703	3
22	31704	3
22	31705	3
22	31706	3
22	31707	3
22	31708	3
22	31709	3
22	31710	3
22	31711	3
22	31712	3
22	31713	3
22	31714	3
22	31715	3
22	31716	3
22	31717	3
22	31718	3
22	31719	3
22	31720	3
22	31721	3
22	31722	3
22	31723	3
22	31724	3
22	31725	3
22	31726	3
22	31727	3
22	31728	3
22	31729	3
22	31730	3
22	31731	3
22	31732	3
22	31733	3
22	31734	3
22	31735	3
22	31736	3
22	31737	3
22	31738	3
22	31739	3
22	31740	3
22	31741	3
22	31742	2
22	31743	2
22	31744	2
22	31745	3
22	31746	3
22	31747	3
22	31748	3
22	31749	3
22	31750	3
22	31751	3
22	31752	2
22	31753	2
22	31754	2
22	31755	2
22	31756	2
22	31757	2
22	31758	2
22	31759	2
22	31760	2
22	31761	2
22	31762	2
22	31763	2
22	31764	2
22	31765	2
22	31766	2
22	31767	2
22	31768	2
22	31769	2
22	31770	2
22	31771	2
22	31772	2
22	31773	2
22	31774	2
22	31775	2
22	31776	2
22	31777	2
22	31778	2
22	31779	3
22	31780	3
22	31781	3
22	31782	3
22	31783	3
22	31784	3
22	31785	3
22	31786	3
22	31787	3
22	31788	3
22	31789	3
22	31790	3
22	31791	3
22	31792	3
22	31793	3
22	31794	3
22	31795	3
22	31796	3
22	31797	2
22	31798	2
22	31799	2
22	31800	2
22	31801	2
22	31802	2
22	31803	2
22	31804	2
22	31805	2
22	31806	3
22	31807	3
22	31808	3
22	31809	4
22	31810	4
22	31811	4
22	31812	4
22	31813	5
22	31814	5
22	31815	5
22	31816	5
22	31817	5
22	31818	5
22	31819	5
22	31820	5
22	31821	5
22	31822	5
22	31823	5
22	31824	5
22	31825	5
22	31826	5
22	31827	5
22	31828	5
22	31829	5
22	31830	5
22	31831	5
22	31832	5
22	31833	5
22	31834	5
22	31835	5
22	31836	5
22	31837	5
22	31838	5
22	31839	5
22	31840	6
22	31841	6
22	31842	6
22	31843	6
22	31844	6
22	31845	6
22	31846	6
22	31847	6
22	31848	6
22	31849	6
22	31850	6
22	31851	6
22	31852	6
22	31853	6
22	31854	6
22	31855	6
22	31856	6
22	31857	6
22	31858	6
22	31859	6
22	31860	6
22	31861	6
22	31862	6
22	31863	6
22	31864	6
22	31865	6
22	31866	6
22	31867	6
22	31868	6
22	31869	6
22	31870	6
22	31871	6
22	31872	6
22	31873	6
22	31874	6
22	31875	6
22	31876	6
22	31877	6
22	31878	6
22	31879	6
22	31880	6
22	31881	6
22	31882	6
22	31883	6
22	31884	6
22	31885	6
22	31886	6
22	31887	6
22	31888	6
22	31889	6
22	31890	6
22	31891	6
22	31892	6
22	31893	6
22	31894	6
22	31895	5
22	31896	5
22	31897	5
22	31898	5
22	31899	5
22	31900	5
22	31901	5
22	31902	5
22	31903	5
22	31904	5
22	31905	5
22	31906	5
22	31907	6
22	31908	6
22	31909	6
22	31910	6
22	31911	6
22	31912	6
22	31913	6
22	31914	6
22	31915	6
22	31916	6
22	31917	6
22	31918	6
22	31919	6
22	31920	6
22	31921	6
22	31922	6
22	31923	6
22	31924	6
22	31925	6
22	31926	6
22	31927	6
22	31928	6
22	31929	5
22	31930	5
22	31931	5
22	31932	5
22	31933	5
22	31934	5
22	31935	5
22	31936	5
22	31937	5
22	31938	5
22	31939	5
22	31940	5
22	31941	5
22	31942	5
22	31943	5
22	31944	5
22	31945	5
22	31946	5
22	31947	5
22	31948	5
22	31949	5
22	31950	5
22	31951	5
22	31952	5
22	31953	5
22	31954	5
22	31955	4
22	31956	4
22	31957	4
22	31958	4
22	31959	3
22	31960	3
22	31961	3
22	31962	3
22	31963	3
22	31964	3
22	31965	3
22	31966	3
22	31967	3
22	31968	3
22	31969	3
22	31970	3
22	31971	3
22	31972	3
22	31973	3
22	31974	3
22	31975	3
22	31976	3
22	31977	3
22	31978	3
22	31979	3
22	31980	3
22	31981	3
22	31982	3
22	31983	3
22	31984	3
22	31985	3
22	31986	3
22	31987	3
22	31988	4
22	31989	4
22	31990	4
22	31991	4
22	31992	4
22	31993	5
22	31994	6
22	31995	6
22	31996	6
22	31997	6
22	31998	6
22	31999	6
22	32000	6
22	32001	6
22	32002	6
22	32003	6
22	32004	6
22	32005	6
22	32006	6
22	32007	6
22	32008	6
22	32009	6
22	32010	6
22	32011	6
22	32012	6
22	32013	6
22	32014	6
22	32015	6
22	32016	6
22	32017	6
22	32018	6
22	32019	6
22	32020	6
22	32021	6
22	32022	6
22	32023	6
22	32024	6
22	32025	6
22	32026	6
22	32027	6
22	32028	6
22	32029	6
22	32030	6
22	32031	6
22	32032	6
22	32033	6
22	32034	6
22	32035	6
22	32036	6
22	32037	6
22	32038	6
22	32039	6
22	32040	6
22	32041	6
22	32042	6
22	32043	6
22	32044	6
22	32045	8
22	32046	8
22	32047	8
22	32048	9
22	32049	9
22	32050	9
22	32051	9
22	32052	9
22	32053	9
22	32054	9
22	32055	9
22	32056	9
22	32057	8
22	32058	8
22	32059	8
22	32060	8
22	32061	8
22	32062	8
22	32063	8
22	32064	8
22	32065	8
22	32066	8
22	32067	8
22	32068	8
22	32069	8
22	32070	8
22	32071	8
22	32072	8
22	32073	8
22	32074	8
22	32075	8
22	32076	8
22	32077	8
22	32078	8
22	32079	8
22	32080	8
22	32081	8
22	32082	8
22	32083	8
22	32084	8
22	32085	8
22	32086	8
22	32087	8
22	32088	8
22	32089	8
22	32090	8
22	32091	8
22	32092	8
22	32093	8
22	32094	8
22	32095	8
22	32096	8
22	32097	8
22	32098	8
22	32099	8
22	32100	8
22	32101	8
22	32102	8
22	32103	8
22	32104	8
22	32105	8
22	32106	8
22	32107	9
22	32108	9
22	32109	9
22	32110	9
22	32111	9
22	32112	9
22	32113	8
22	32114	8
22	32115	8
22	32116	8
22	32117	8
22	32118	8
22	32119	8
22	32120	8
22	32121	8
22	32122	8
22	32123	8
22	32124	8
22	32125	8
22	32126	8
22	32127	7
22	32128	7
22	32129	7
22	32130	7
22	32131	7
22	32132	7
22	32133	7
22	32134	7
22	32135	7
22	32136	7
22	32137	6
22	32138	6
22	32139	6
22	32140	5
22	32141	5
22	32142	5
22	32143	5
22	32144	4
22	32145	4
22	32146	4
22	32147	4
22	32148	4
22	32149	4
22	32150	4
22	32151	4
22	32152	4
22	32153	4
22	32154	4
22	32155	4
22	32156	4
22	32157	4
22	32158	4
22	32159	4
22	32160	4
22	32161	4
22	32162	5
22	32163	5
22	32164	5
22	32165	5
22	32166	5
22	32167	5
22	32168	5
22	32169	5
22	32170	5
22	32171	5
22	32172	5
22	32173	5
22	32174	5
22	32175	5
22	32176	5
22	32177	5
22	32178	5
22	32179	5
22	32180	5
22	32181	5
22	32182	5
22	32183	6
22	32184	6
22	32185	6
22	32186	6
22	32187	7
22	32188	9
22	32189	9
22	32190	11
22	32191	14
22	32192	14
22	32193	14
22	32194	14
22	32195	12
22	32196	14
22	32197	14
22	32198	13
22	32199	13
22	32200	13
22	32201	13
22	32202	13
22	32203	13
22	32204	13
22	32205	13
22	32206	13
22	32207	13
22	32208	13
22	32209	13
22	32210	13
22	32211	13
22	32212	13
22	32213	13
22	32214	13
22	32215	13
22	32216	13
22	32217	13
22	32218	13
22	32219	13
22	32220	13
22	32221	13
22	32222	13
22	32223	13
22	32224	13
22	32225	13
22	32226	13
22	32227	13
22	32228	13
22	32229	13
22	32230	13
22	32231	13
22	32232	13
22	32233	13
22	32234	13
22	32235	13
22	32236	13
22	32237	13
22	32238	13
22	32239	13
22	32240	13
22	32241	13
22	32242	13
22	32243	13
22	32244	13
22	32245	14
22	32246	14
22	32247	14
22	32248	14
22	32249	15
22	32250	15
22	32251	16
22	32252	16
22	32253	16
22	32254	16
22	32255	16
22	32256	16
22	32257	15
22	32258	15
22	32259	15
22	32260	15
22	32261	15
22	32262	15
22	32263	15
22	32264	15
22	32265	15
22	32266	15
22	32267	15
22	32268	15
22	32269	15
22	32270	15
22	32271	15
22	32272	15
22	32273	15
22	32274	15
22	32275	15
22	32276	15
22	32277	15
22	32278	15
22	32279	15
22	32280	15
22	32281	15
22	32282	15
22	32283	15
22	32284	15
22	32285	15
22	32286	15
22	32287	15
22	32288	15
22	32289	16
22	32290	16
22	32291	16
22	32292	16
22	32293	16
22	32294	16
22	32295	16
22	32296	16
22	32297	16
22	32298	16
22	32299	16
22	32300	16
22	32301	17
22	32302	17
22	32303	17
22	32304	17
22	32305	17
22	32306	17
22	32307	17
22	32308	17
22	32309	17
22	32310	17
22	32311	17
22	32312	16
22	32313	16
22	32314	17
22	32315	17
22	32316	19
22	32317	19
22	32318	20
22	32319	20
22	32320	20
22	32321	20
22	32322	20
22	32323	20
22	32324	21
22	32325	22
22	32326	22
22	32327	22
22	32328	22
22	32329	22
22	32330	22
22	32331	22
22	32332	22
22	32333	21
22	32334	21
22	32335	22
22	32336	22
22	32337	21
22	32338	19
22	32339	19
22	32340	14
22	32341	14
22	32342	14
22	32343	15
22	32344	16
22	32345	14
22	32346	14
22	32347	14
22	32348	14
22	32349	14
22	32350	14
22	32351	14
22	32352	14
22	32353	14
22	32354	14
22	32355	14
22	32356	14
22	32357	14
22	32358	14
22	32359	14
22	32360	14
22	32361	14
22	32362	14
22	32363	14
22	32364	14
22	32365	14
22	32366	14
22	32367	14
22	32368	14
22	32369	14
22	32370	14
22	32371	14
22	32372	14
22	32373	14
22	32374	14
22	32375	14
22	32376	14
22	32377	14
22	32378	14
22	32379	14
22	32380	14
22	32381	14
22	32382	14
22	32383	16
22	32384	16
22	32385	16
22	32386	16
22	32387	16
22	32388	16
22	32389	16
22	32390	16
22	32391	16
22	32392	16
22	32393	16
22	32394	16
22	32395	15
22	32396	16
22	32397	16
22	32398	18
22	32399	17
22	32400	17
22	32401	17
22	32402	17
22	32403	17
22	32404	17
22	32405	17
22	32406	17
22	32407	17
22	32408	17
22	32409	17
22	32410	17
22	32411	17
22	32412	17
22	32413	17
22	32414	17
22	32415	17
22	32416	17
22	32417	17
22	32418	17
22	32419	17
22	32420	17
22	32421	17
22	32422	18
22	32423	18
22	32424	18
22	32425	18
22	32426	18
22	32427	20
22	32428	20
22	32429	20
22	32430	20
22	32431	20
22	32432	20
22	32433	20
22	32434	20
22	32435	20
22	32436	20
22	32437	20
22	32438	20
22	32439	19
22	32440	19
22	32441	19
22	32442	19
22	32443	19
22	32444	19
22	32445	19
22	32446	19
22	32447	19
22	32448	19
22	32449	19
22	32450	19
22	32451	19
22	32452	19
22	32453	19
22	32454	19
22	32455	19
22	32456	19
22	32457	21
22	32458	21
22	32459	22
22	32460	22
22	32461	22
22	32462	22
22	32463	22
22	32464	21
22	32465	22
22	32466	20
22	32467	21
22	32468	20
22	32469	20
22	32470	20
22	32471	20
22	32472	20
22	32473	21
22	32474	20
22	32475	19
22	32476	19
22	32477	19
22	32478	19
22	32479	19
22	32480	19
22	32481	19
22	32482	19
22	32483	20
22	32484	23
22	32485	22
22	32486	22
22	32487	22
22	32488	22
22	32489	22
22	32490	22
22	32491	22
22	32492	22
22	32493	21
22	32494	20
22	32495	21
22	32496	21
22	32497	21
22	32498	21
22	32499	21
22	32500	21
22	32501	21
22	32502	21
22	32503	21
22	32504	21
22	32505	21
22	32506	21
22	32507	21
22	32508	21
22	32509	21
22	32510	21
22	32511	21
22	32512	21
22	32513	21
22	32514	21
22	32515	21
22	32516	21
22	32517	21
22	32518	21
22	32519	21
22	32520	22
22	32521	22
22	32522	22
22	32523	22
22	32524	22
22	32525	22
22	32526	22
22	32527	22
22	32528	23
22	32529	23
22	32530	23
22	32531	23
22	32532	23
22	32533	21
22	32534	21
22	32535	21
22	32536	21
22	32537	21
22	32538	23
22	32539	23
22	32540	23
22	32541	24
22	32542	24
22	32543	24
22	32544	24
22	32545	24
22	32546	24
22	32547	22
22	32548	21
22	32549	21
22	32550	21
22	32551	21
22	32552	21
22	32553	21
22	32554	21
22	32555	21
22	32556	21
22	32557	21
22	32558	21
22	32559	21
22	32560	21
22	32561	21
22	32562	22
22	32563	22
22	32564	22
22	32565	22
22	32566	22
22	32567	22
22	32568	22
22	32569	23
22	32570	23
22	32571	23
22	32572	22
22	32573	22
22	32574	22
22	32575	22
22	32576	22
22	32577	21
22	32578	21
22	32579	21
22	32580	21
22	32581	21
22	32582	21
22	32583	21
22	32584	21
22	32585	21
22	32586	21
22	32587	21
22	32588	21
22	32589	21
22	32590	21
22	32591	21
22	32592	21
22	32593	21
22	32594	22
22	32595	22
22	32596	22
22	32597	22
22	32598	23
22	32599	23
22	32600	22
22	32601	22
22	32602	22
22	32603	23
22	32604	23
22	32605	23
22	32606	23
22	32607	22
22	32608	22
22	32609	22
22	32610	22
22	32611	22
22	32612	21
22	32613	22
22	32614	22
22	32615	21
22	32616	21
22	32617	20
22	32618	20
22	32619	20
22	32620	20
22	32621	20
22	32622	19
22	32623	19
22	32624	19
22	32625	20
22	32626	20
22	32627	20
22	32628	20
22	32629	20
22	32630	20
22	32631	20
22	32632	20
22	32633	19
22	32634	16
22	32635	16
22	32636	16
22	32637	16
22	32638	16
22	32639	16
22	32640	16
22	32641	16
22	32642	16
22	32643	16
22	32644	16
22	32645	15
22	32646	15
22	32647	15
22	32648	15
22	32649	15
22	32650	15
22	32651	15
22	32652	15
22	32653	17
22	32654	17
22	32655	17
22	32656	17
22	32657	17
22	32658	17
22	32659	17
22	32660	17
22	32661	17
22	32662	17
22	32663	17
22	32664	17
22	32665	17
22	32666	17
22	32667	17
22	32668	17
22	32669	17
22	32670	16
22	32671	16
22	32672	18
22	32673	18
22	32674	19
22	32675	19
22	32676	21
22	32677	22
22	32678	21
22	32679	21
22	32680	21
22	32681	21
22	32682	21
22	32683	21
22	32684	21
22	32685	21
22	32686	20
22	32687	21
22	32688	21
22	32689	21
22	32690	21
22	32691	20
22	32692	20
22	32693	20
22	32694	20
22	32695	20
22	32696	19
22	32697	19
22	32698	19
22	32699	19
22	32700	19
22	32701	19
22	32702	18
22	32703	18
22	32704	18
22	32705	18
22	32706	18
22	32707	18
22	32708	18
22	32709	18
22	32710	18
22	32711	17
22	32712	17
22	32713	17
22	32714	17
22	32715	18
22	32716	18
22	32717	18
22	32718	19
22	32719	18
22	32720	18
22	32721	19
22	32722	19
22	32723	19
22	32724	19
22	32725	18
22	32726	18
22	32727	18
22	32728	18
22	32729	18
22	32730	18
22	32731	18
22	32732	18
22	32733	18
22	32734	18
22	32735	18
22	32736	18
22	32737	18
22	32738	18
22	32739	18
22	32740	18
22	32741	18
22	32742	18
22	32743	17
22	32744	17
22	32745	17
22	32746	17
22	32747	17
22	32748	16
22	32749	16
22	32750	16
22	32751	16
22	32752	16
22	32753	15
22	32754	16
22	32755	16
22	32756	16
22	32757	15
22	32758	15
22	32759	15
22	32760	15
22	32761	15
22	32762	15
22	32763	15
22	32764	15
22	32765	15
22	32766	15
22	32767	15
22	32768	15
22	32769	15
22	32770	15
22	32771	15
22	32772	15
22	32773	15
22	32774	15
22	32775	15
22	32776	15
22	32777	15
22	32778	15
22	32779	15
22	32780	15
22	32781	15
22	32782	15
22	32783	15
22	32784	15
22	32785	15
22	32786	15
22	32787	15
22	32788	15
22	32789	15
22	32790	15
22	32791	15
22	32792	15
22	32793	15
22	32794	15
22	32795	15
22	32796	15
22	32797	15
22	32798	16
22	32799	16
22	32800	16
22	32801	16
22	32802	16
22	32803	14
22	32804	14
22	32805	14
22	32806	14
22	32807	14
22	32808	14
22	32809	14
22	32810	14
22	32811	14
22	32812	14
22	32813	14
22	32814	14
22	32815	14
22	32816	14
22	32817	14
22	32818	14
22	32819	14
22	32820	14
22	32821	14
22	32822	12
22	32823	11
22	32824	11
22	32825	11
22	32826	9
22	32827	8
22	32828	9
22	32829	9
22	32830	9
22	32831	9
22	32832	9
22	32833	9
22	32834	9
22	32835	9
22	32836	8
22	32837	7
22	32838	7
22	32839	7
22	32840	7
22	32841	7
22	32842	7
22	32843	7
22	32844	7
22	32845	7
22	32846	7
22	32847	7
22	32848	7
22	32849	7
22	32850	7
22	32851	7
22	32852	7
22	32853	7
22	32854	7
22	32855	7
22	32856	7
22	32857	7
22	32858	7
22	32859	8
22	32860	8
22	32861	8
22	32862	8
22	32863	8
22	32864	8
22	32865	7
22	32866	7
22	32867	6
22	32868	6
22	32869	6
22	32870	6
22	32871	5
22	32872	5
22	32873	5
22	32874	5
22	32875	5
22	32876	5
22	32877	5
22	32878	5
22	32879	5
22	32880	5
22	32881	5
22	32882	6
22	32883	7
22	32884	7
22	32885	7
22	32886	7
22	32887	7
22	32888	7
22	32889	7
22	32890	7
22	32891	7
22	32892	7
22	32893	7
22	32894	7
22	32895	7
22	32896	7
22	32897	7
22	32898	7
22	32899	7
22	32900	7
22	32901	7
22	32902	7
22	32903	6
22	32904	6
22	32905	6
22	32906	6
22	32907	6
22	32908	6
22	32909	6
22	32910	6
22	32911	7
22	32912	7
22	32913	7
22	32914	7
22	32915	7
22	32916	7
22	32917	7
22	32918	7
22	32919	7
22	32920	8
22	32921	8
22	32922	8
22	32923	8
22	32924	7
22	32925	7
22	32926	7
22	32927	7
22	32928	7
22	32929	7
22	32930	7
22	32931	7
22	32932	7
22	32933	7
22	32934	7
22	32935	7
22	32936	7
22	32937	7
22	32938	7
22	32939	9
22	32940	9
22	32941	9
22	32942	9
22	32943	9
22	32944	9
22	32945	9
22	32946	9
22	32947	9
22	32948	8
22	32949	8
22	32950	8
22	32951	8
22	32952	9
22	32953	9
22	32954	9
22	32955	9
22	32956	9
22	32957	9
22	32958	9
22	32959	9
22	32960	9
22	32961	9
22	32962	9
22	32963	9
22	32964	9
22	32965	9
22	32966	9
22	32967	9
22	32968	10
22	32969	10
22	32970	10
22	32971	10
22	32972	10
22	32973	10
22	32974	10
22	32975	10
22	32976	11
22	32977	10
22	32978	10
22	32979	10
22	32980	10
22	32981	10
22	32982	10
22	32983	10
22	32984	10
22	32985	10
22	32986	11
22	32987	11
22	32988	11
22	32989	11
22	32990	11
22	32991	11
22	32992	11
22	32993	12
22	32994	12
22	32995	12
22	32996	12
22	32997	12
22	32998	12
22	32999	12
22	33000	12
22	33001	13
22	33002	13
22	33003	13
22	33004	13
22	33005	13
22	33006	13
22	33007	14
22	33008	14
22	33009	13
22	33010	13
22	33011	13
22	33012	13
22	33013	13
22	33014	13
22	33015	13
22	33016	13
22	33017	13
22	33018	13
22	33019	13
22	33020	13
22	33021	13
22	33022	13
22	33023	13
22	33024	13
22	33025	13
22	33026	13
22	33027	13
22	33028	13
22	33029	13
22	33030	13
22	33031	13
22	33032	11
22	33033	11
22	33034	11
22	33035	11
22	33036	11
22	33037	11
22	33038	11
22	33039	11
22	33040	11
22	33041	11
22	33042	11
22	33043	11
22	33044	11
22	33045	11
22	33046	11
22	33047	11
22	33048	11
22	33049	11
22	33050	11
22	33051	11
22	33052	11
22	33053	11
22	33054	11
22	33055	11
22	33056	11
22	33057	11
22	33058	11
22	33059	12
22	33060	11
22	33061	11
22	33062	11
22	33063	11
22	33064	11
22	33065	11
22	33066	11
22	33067	11
22	33068	11
22	33069	11
22	33070	10
22	33071	10
22	33072	10
22	33073	10
22	33074	12
22	33075	12
22	33076	12
22	33077	12
22	33078	12
22	33079	13
22	33080	13
22	33081	13
22	33082	13
22	33083	13
22	33084	13
22	33085	13
22	33086	13
22	33087	12
22	33088	12
22	33089	11
22	33090	11
22	33091	11
22	33092	11
22	33093	11
22	33094	11
22	33095	11
22	33096	11
22	33097	11
22	33098	11
22	33099	11
22	33100	11
22	33101	11
22	33102	10
22	33103	10
22	33104	10
22	33105	10
22	33106	10
22	33107	10
22	33108	10
22	33109	10
22	33110	10
22	33111	10
22	33112	10
22	33113	10
22	33114	10
22	33115	9
22	33116	9
22	33117	9
22	33118	9
22	33119	9
22	33120	9
22	33121	9
22	33122	10
22	33123	10
22	33124	10
22	33125	11
22	33126	10
22	33127	12
22	33128	13
22	33129	13
22	33130	13
22	33131	13
22	33132	13
22	33133	13
22	33134	12
22	33135	12
22	33136	12
22	33137	12
22	33138	12
22	33139	12
22	33140	12
22	33141	12
22	33142	12
22	33143	11
22	33144	11
22	33145	11
22	33146	11
22	33147	11
22	33148	11
22	33149	11
22	33150	11
22	33151	10
22	33152	11
22	33153	11
22	33154	11
22	33155	11
22	33156	10
22	33157	10
22	33158	10
22	33159	10
22	33160	10
22	33161	10
22	33162	10
22	33163	10
22	33164	10
22	33165	10
22	33166	11
22	33167	11
22	33168	11
22	33169	11
22	33170	11
22	33171	11
22	33172	11
22	33173	11
22	33174	11
22	33175	11
22	33176	11
22	33177	11
22	33178	11
22	33179	11
22	33180	11
22	33181	11
22	33182	11
22	33183	11
22	33184	11
22	33185	11
22	33186	11
22	33187	11
22	33188	11
22	33189	11
22	33190	11
22	33191	11
22	33192	11
22	33193	11
22	33194	11
22	33195	11
22	33196	11
22	33197	11
22	33198	11
22	33199	11
22	33200	11
22	33201	11
22	33202	11
22	33203	11
22	33204	11
22	33205	11
22	33206	11
22	33207	11
22	33208	10
22	33209	10
22	33210	10
22	33211	10
22	33212	10
22	33213	10
22	33214	10
22	33215	10
22	33216	10
22	33217	10
22	33218	10
22	33219	10
22	33220	10
22	33221	10
22	33222	10
22	33223	9
22	33224	8
22	33225	8
22	33226	8
22	33227	8
22	33228	8
22	33229	7
22	33230	7
22	33231	8
22	33232	8
22	33233	8
22	33234	9
22	33235	9
22	33236	9
22	33237	9
22	33238	9
22	33239	9
22	33240	9
22	33241	9
22	33242	9
22	33243	9
22	33244	9
22	33245	9
22	33246	9
22	33247	9
22	33248	9
22	33249	9
22	33250	9
22	33251	9
22	33252	9
22	33253	9
22	33254	9
22	33255	9
22	33256	9
22	33257	9
22	33258	9
22	33259	9
22	33260	9
22	33261	9
22	33262	9
22	33263	9
22	33264	9
22	33265	9
22	33266	9
22	33267	9
22	33268	10
22	33269	11
22	33270	11
22	33271	11
22	33272	10
22	33273	10
22	33274	10
22	33275	9
22	33276	9
22	33277	7
22	33278	6
22	33279	6
22	33280	6
22	33281	6
22	33282	6
22	33283	6
22	33284	6
22	33285	6
22	33286	6
22	33287	6
22	33288	6
22	33289	6
22	33290	6
22	33291	6
22	33292	6
22	33293	6
22	33294	6
22	33295	6
22	33296	6
22	33297	6
22	33298	6
22	33299	7
22	33300	7
22	33301	7
22	33302	7
22	33303	8
22	33304	8
22	33305	8
22	33306	8
22	33307	8
22	33308	8
22	33309	8
22	33310	8
22	33311	8
22	33312	8
22	33313	8
22	33314	8
22	33315	8
22	33316	7
22	33317	7
22	33318	7
22	33319	7
22	33320	7
22	33321	7
22	33322	7
22	33323	7
22	33324	7
22	33325	7
22	33326	7
22	33327	7
22	33328	7
22	33329	7
22	33330	7
22	33331	7
22	33332	7
22	33333	7
22	33334	7
22	33335	7
22	33336	8
22	33337	8
22	33338	8
22	33339	8
22	33340	8
22	33341	8
22	33342	9
22	33343	9
22	33344	9
22	33345	9
22	33346	9
22	33347	9
22	33348	9
22	33349	9
22	33350	9
22	33351	9
22	33352	9
22	33353	9
22	33354	9
22	33355	9
22	33356	9
22	33357	9
22	33358	9
22	33359	9
22	33360	9
22	33361	9
22	33362	9
22	33363	11
22	33364	11
22	33365	11
22	33366	11
22	33367	11
22	33368	11
22	33369	11
22	33370	11
22	33371	11
22	33372	11
22	33373	11
22	33374	11
22	33375	11
22	33376	11
22	33377	11
22	33378	11
22	33379	11
22	33380	10
22	33381	10
22	33382	10
22	33383	9
22	33384	9
22	33385	9
22	33386	9
22	33387	9
22	33388	9
22	33389	9
22	33390	9
22	33391	9
22	33392	9
22	33393	9
22	33394	9
22	33395	9
22	33396	9
22	33397	9
22	33398	9
22	33399	9
22	33400	9
22	33401	9
22	33402	9
22	33403	9
22	33404	9
22	33405	9
22	33406	9
22	33407	10
22	33408	10
22	33409	10
22	33410	10
22	33411	10
22	33412	10
22	33413	11
22	33414	11
22	33415	11
22	33416	11
22	33417	11
22	33418	10
22	33419	9
22	33420	9
22	33421	9
22	33422	9
22	33423	9
22	33424	9
22	33425	9
22	33426	9
22	33427	9
22	33428	9
22	33429	9
22	33430	9
22	33431	9
22	33432	9
22	33433	9
22	33434	9
22	33435	9
22	33436	9
22	33437	10
22	33438	10
22	33439	10
22	33440	10
22	33441	10
22	33442	10
22	33443	10
22	33444	10
22	33445	10
22	33446	10
22	33447	10
22	33448	10
22	33449	9
22	33450	8
22	33451	9
22	33452	9
22	33453	8
22	33454	8
22	33455	8
22	33456	8
22	33457	8
22	33458	8
22	33459	9
22	33460	9
22	33461	9
22	33462	9
22	33463	9
22	33464	9
22	33465	9
22	33466	9
22	33467	9
22	33468	9
22	33469	9
22	33470	9
22	33471	9
22	33472	9
22	33473	9
22	33474	9
22	33475	10
22	33476	10
22	33477	10
22	33478	10
22	33479	10
22	33480	10
22	33481	10
22	33482	10
22	33483	10
22	33484	10
22	33485	10
22	33486	9
22	33487	9
22	33488	9
22	33489	9
22	33490	9
22	33491	9
22	33492	8
22	33493	8
22	33494	8
22	33495	8
22	33496	8
22	33497	9
22	33498	9
22	33499	9
22	33500	9
22	33501	9
22	33502	9
22	33503	9
22	33504	9
22	33505	9
22	33506	9
22	33507	9
22	33508	9
22	33509	9
22	33510	9
22	33511	9
22	33512	9
22	33513	7
22	33514	7
22	33515	7
22	33516	7
22	33517	7
22	33518	8
22	33519	8
22	33520	8
22	33521	8
22	33522	8
22	33523	8
22	33524	8
22	33525	8
22	33526	9
22	33527	9
22	33528	9
22	33529	9
22	33530	9
22	33531	9
22	33532	9
22	33533	9
22	33534	9
22	33535	11
22	33536	11
22	33537	11
22	33538	12
22	33539	12
22	33540	13
22	33541	13
22	33542	13
22	33543	14
22	33544	14
22	33545	14
22	33546	14
22	33547	14
22	33548	14
22	33549	14
22	33550	14
22	33551	14
22	33552	14
22	33553	14
22	33554	14
22	33555	14
22	33556	13
22	33557	14
22	33558	15
