22	15502	9
22	15503	9
22	15504	9
22	15505	9
22	15506	9
22	15507	9
22	15508	9
22	15509	9
22	15510	9
22	15511	9
22	15512	9
22	15513	9
22	15514	9
22	15515	9
22	15516	9
22	15517	9
22	15518	9
22	15519	9
22	15520	8
22	15521	8
22	15522	9
22	15523	9
22	15524	9
22	15525	9
22	15526	10
22	15527	9
22	15528	9
22	15529	8
22	15530	8
22	15531	8
22	15532	8
22	15533	8
22	15534	8
22	15535	9
22	15536	9
22	15537	10
22	15538	10
22	15539	10
22	15540	9
22	15541	9
22	15542	8
22	15543	8
22	15544	8
22	15545	8
22	15546	8
22	15547	8
22	15548	8
22	15549	8
22	15550	8
22	15551	8
22	15552	8
22	15553	9
22	15554	9
22	15555	9
22	15556	9
22	15557	9
22	15558	9
22	15559	9
22	15560	9
22	15561	9
22	15562	9
22	15563	9
22	15564	9
22	15565	9
22	15566	9
22	15567	10
22	15568	10
22	15569	10
22	15570	10
22	15571	10
22	15572	10
22	15573	10
22	15574	10
22	15575	11
22	15576	11
22	15577	11
22	15578	11
22	15579	11
22	15580	11
22	15581	11
22	15582	11
22	15583	11
22	15584	11
22	15585	11
22	15586	11
22	15587	11
22	15588	11
22	15589	11
22	15590	11
22	15591	11
22	15592	11
22	15593	11
22	15594	11
22	15595	11
22	15596	11
22	15597	11
22	15598	12
22	15599	12
22	15600	12
22	15601	12
22	15602	14
22	15603	14
22	15604	14
22	15605	14
22	15606	14
22	15607	14
22	15608	14
22	15609	14
22	15610	14
22	15611	14
22	15612	14
22	15613	14
22	15614	14
22	15615	14
22	15616	14
22	15617	14
22	15618	14
22	15619	14
22	15620	15
22	15621	15
22	15622	15
22	15623	14
22	15624	14
22	15625	15
22	15626	15
22	15627	15
22	15628	15
22	15629	15
22	15630	15
22	15631	16
22	15632	16
22	15633	16
22	15634	16
22	15635	16
22	15636	16
22	15637	16
22	15638	16
22	15639	16
22	15640	15
22	15641	15
22	15642	15
22	15643	15
22	15644	15
22	15645	15
22	15646	15
22	15647	15
22	15648	15
22	15649	15
22	15650	15
22	15651	15
22	15652	15
22	15653	15
22	15654	15
22	15655	15
22	15656	15
22	15657	15
22	15658	15
22	15659	15
22	15660	15
22	15661	15
22	15662	15
22	15663	16
22	15664	16
22	15665	16
22	15666	16
22	15667	16
22	15668	16
22	15669	16
22	15670	16
22	15671	17
22	15672	16
22	15673	16
22	15674	16
22	15675	15
22	15676	15
22	15677	15
22	15678	15
22	15679	15
22	15680	15
22	15681	15
22	15682	15
22	15683	16
22	15684	16
22	15685	15
22	15686	15
22	15687	14
22	15688	14
22	15689	14
22	15690	14
22	15691	14
22	15692	14
22	15693	14
22	15694	14
22	15695	14
22	15696	14
22	15697	14
22	15698	14
22	15699	14
22	15700	14
22	15701	14
22	15702	13
22	15703	13
22	15704	13
22	15705	13
22	15706	13
22	15707	13
22	15708	13
22	15709	13
22	15710	13
22	15711	13
22	15712	13
22	15713	13
22	15714	15
22	15715	15
22	15716	16
22	15717	13
22	15718	13
22	15719	13
22	15720	13
22	15721	13
22	15722	13
22	15723	13
22	15724	13
22	15725	12
22	15726	12
22	15727	11
22	15728	11
22	15729	11
22	15730	11
22	15731	11
22	15732	11
22	15733	11
22	15734	11
22	15735	11
22	15736	11
22	15737	11
22	15738	11
22	15739	11
22	15740	11
22	15741	11
22	15742	11
22	15743	11
22	15744	11
22	15745	11
22	15746	11
22	15747	11
22	15748	10
22	15749	11
22	15750	11
22	15751	11
22	15752	11
22	15753	11
22	15754	11
22	15755	12
22	15756	12
22	15757	12
22	15758	12
22	15759	12
22	15760	14
22	15761	15
22	15762	15
22	15763	15
22	15764	16
22	15765	16
22	15766	16
22	15767	16
22	15768	16
22	15769	14
22	15770	14
22	15771	14
22	15772	14
22	15773	14
22	15774	14
22	15775	13
22	15776	13
22	15777	13
22	15778	13
22	15779	15
22	15780	15
22	15781	14
22	15782	14
22	15783	14
22	15784	14
22	15785	14
22	15786	14
22	15787	14
22	15788	14
22	15789	14
22	15790	14
22	15791	14
22	15792	14
22	15793	14
22	15794	14
22	15795	14
22	15796	14
22	15797	14
22	15798	14
22	15799	14
22	15800	14
22	15801	14
22	15802	14
22	15803	14
22	15804	14
22	15805	14
22	15806	14
22	15807	14
22	15808	14
22	15809	14
22	15810	14
22	15811	14
22	15812	14
22	15813	13
22	15814	13
22	15815	13
22	15816	13
22	15817	14
22	15818	13
22	15819	14
22	15820	14
22	15821	14
22	15822	14
22	15823	14
22	15824	14
22	15825	14
22	15826	14
22	15827	14
22	15828	14
22	15829	14
22	15830	14
22	15831	14
22	15832	13
22	15833	13
22	15834	13
22	15835	13
22	15836	13
22	15837	13
22	15838	13
22	15839	13
22	15840	13
22	15841	13
22	15842	13
22	15843	13
22	15844	13
22	15845	13
22	15846	13
22	15847	13
22	15848	13
22	15849	13
22	15850	13
22	15851	14
22	15852	14
22	15853	14
22	15854	14
22	15855	18
22	15856	18
22	15857	18
22	15858	18
22	15859	18
22	15860	18
22	15861	18
22	15862	18
22	15863	16
22	15864	16
22	15865	15
22	15866	15
22	15867	15
22	15868	16
22	15869	16
22	15870	17
22	15871	17
22	15872	17
22	15873	17
22	15874	17
22	15875	17
22	15876	17
22	15877	17
22	15878	17
22	15879	17
22	15880	17
22	15881	17
22	15882	17
22	15883	17
22	15884	17
22	15885	16
22	15886	16
22	15887	16
22	15888	16
22	15889	16
22	15890	16
22	15891	16
22	15892	16
22	15893	16
22	15894	16
22	15895	16
22	15896	16
22	15897	16
22	15898	15
22	15899	15
22	15900	15
22	15901	15
22	15902	15
22	15903	15
22	15904	15
22	15905	14
22	15906	14
22	15907	14
22	15908	14
22	15909	14
22	15910	11
22	15911	11
22	15912	11
22	15913	11
22	15914	10
22	15915	10
22	15916	10
22	15917	10
22	15918	10
22	15919	10
22	15920	10
22	15921	10
22	15922	10
22	15923	10
22	15924	10
22	15925	10
22	15926	10
22	15927	10
22	15928	9
22	15929	9
22	15930	9
22	15931	9
22	15932	9
22	15933	10
22	15934	10
22	15935	10
22	15936	10
22	15937	10
22	15938	10
22	15939	10
22	15940	10
22	15941	10
22	15942	10
22	15943	10
22	15944	10
22	15945	10
22	15946	11
22	15947	12
22	15948	12
22	15949	12
22	15950	12
22	15951	12
22	15952	12
22	15953	12
22	15954	12
22	15955	12
22	15956	12
22	15957	14
22	15958	14
22	15959	14
22	15960	14
22	15961	14
22	15962	14
22	15963	14
22	15964	14
22	15965	14
22	15966	13
22	15967	13
22	15968	13
22	15969	12
22	15970	12
22	15971	12
22	15972	12
22	15973	12
22	15974	12
22	15975	12
22	15976	12
22	15977	12
22	15978	12
22	15979	12
22	15980	12
22	15981	12
22	15982	12
22	15983	12
22	15984	12
22	15985	12
22	15986	12
22	15987	12
22	15988	12
22	15989	12
22	15990	12
22	15991	12
22	15992	12
22	15993	12
22	15994	12
22	15995	12
22	15996	12
22	15997	12
22	15998	12
22	15999	12
22	16000	11
22	16001	11
22	16002	11
22	16003	11
22	16004	11
22	16005	7
22	16006	7
22	16007	7
22	16008	7
22	16009	7
22	16010	7
22	16011	7
22	16012	7
22	16013	7
22	16014	7
22	16015	6
22	16016	6
22	16017	6
22	16018	6
22	16019	6
22	16020	5
22	16021	5
22	16022	5
22	16023	5
22	16024	5
22	16025	5
22	16026	5
22	16027	5
22	16028	5
22	16029	5
22	16030	5
22	16031	5
22	16032	5
22	16033	5
22	16034	5
22	16035	5
22	16036	5
22	16037	5
22	16038	5
22	16039	5
22	16040	5
22	16041	5
22	16042	5
22	16043	5
22	16044	5
22	16045	5
22	16046	5
22	16047	7
22	16048	7
22	16049	7
22	16050	7
22	16051	7
22	16052	7
22	16053	7
22	16054	7
22	16055	7
22	16056	7
22	16057	7
22	16058	7
22	16059	7
22	16060	7
22	16061	7
22	16062	7
22	16063	7
22	16064	7
22	16065	8
22	16066	8
22	16067	8
22	16068	8
22	16069	8
22	16070	8
22	16071	8
22	16072	8
22	16073	8
22	16074	8
22	16075	8
22	16076	8
22	16077	8
22	16078	8
22	16079	8
22	16080	8
22	16081	8
22	16082	8
22	16083	7
22	16084	7
22	16085	7
22	16086	7
22	16087	7
22	16088	7
22	16089	7
22	16090	7
22	16091	7
22	16092	7
22	16093	7
22	16094	6
22	16095	6
22	16096	6
22	16097	5
22	16098	5
22	16099	5
22	16100	5
22	16101	5
22	16102	5
22	16103	5
22	16104	5
22	16105	5
22	16106	3
22	16107	3
22	16108	3
22	16109	3
22	16110	3
22	16111	3
22	16112	3
22	16113	3
22	16114	3
22	16115	3
22	16116	3
22	16117	3
22	16118	3
22	16119	3
22	16120	3
22	16121	4
22	16122	5
22	16123	5
22	16124	5
22	16125	5
22	16126	5
22	16127	5
22	16128	6
22	16129	6
22	16130	6
22	16131	6
22	16132	6
22	16133	6
22	16134	6
22	16135	6
22	16136	6
22	16137	6
22	16138	8
22	16139	8
22	16140	8
22	16141	8
22	16142	8
22	16143	8
22	16144	8
22	16145	8
22	16146	8
22	16147	8
22	16148	8
22	16149	8
22	16150	8
22	16151	8
22	16152	8
22	16153	8
22	16154	8
22	16155	8
22	16156	8
22	16157	8
22	16158	8
22	16159	8
22	16160	8
22	16161	8
22	16162	8
22	16163	8
22	16164	8
22	16165	8
22	16166	8
22	16167	8
22	16168	8
22	16169	8
22	16170	8
22	16171	8
22	16172	8
22	16173	8
22	16174	8
22	16175	8
22	16176	8
22	16177	8
22	16178	8
22	16179	8
22	16180	8
22	16181	8
22	16182	8
22	16183	8
22	16184	8
22	16185	8
22	16186	8
22	16187	8
22	16188	8
22	16189	8
22	16190	8
22	16191	8
22	16192	9
22	16193	9
22	16194	9
22	16195	9
22	16196	7
22	16197	7
22	16198	7
22	16199	7
22	16200	7
22	16201	7
22	16202	7
22	16203	7
22	16204	7
22	16205	7
22	16206	7
22	16207	7
22	16208	7
22	16209	7
22	16210	7
22	16211	7
22	16212	7
22	16213	7
22	16214	6
22	16215	6
22	16216	6
22	16217	6
22	16218	6
22	16219	6
22	16220	6
22	16221	6
22	16222	6
22	16223	6
22	16224	6
22	16225	6
22	16226	6
22	16227	6
22	16228	6
22	16229	7
22	16230	7
22	16231	7
22	16232	7
22	16233	7
22	16234	7
22	16235	7
22	16236	7
22	16237	7
22	16238	7
22	16239	7
22	16240	7
22	16241	7
22	16242	7
22	16243	7
22	16244	7
22	16245	7
22	16246	7
22	16247	7
22	16248	7
22	16249	7
22	16250	7
22	16251	7
22	16252	7
22	16253	7
22	16254	7
22	16255	7
22	16256	7
22	16257	7
22	16258	7
22	16259	7
22	16260	7
22	16261	7
22	16262	7
22	16263	7
22	16264	7
22	16265	7
22	16266	7
22	16267	7
22	16268	7
22	16269	7
22	16270	6
22	16271	6
22	16272	5
22	16273	5
22	16274	5
22	16275	6
22	16276	6
22	16277	6
22	16278	6
22	16279	6
22	16280	6
22	16281	6
22	16282	6
22	16283	6
22	16284	6
22	16285	6
22	16286	6
22	16287	6
22	16288	4
22	16289	4
22	16290	4
22	16291	4
22	16292	4
22	16293	4
22	16294	4
22	16295	4
22	16296	4
22	16297	4
22	16298	8
22	16299	8
22	16300	8
22	16301	8
22	16302	8
22	16303	8
22	16304	8
22	16305	8
22	16306	8
22	16307	8
22	16308	8
22	16309	8
22	16310	8
22	16311	8
22	16312	8
22	16313	8
22	16314	8
22	16315	10
22	16316	10
22	16317	10
22	16318	10
22	16319	10
22	16320	10
22	16321	10
22	16322	10
22	16323	10
22	16324	10
22	16325	10
22	16326	10
22	16327	10
22	16328	10
22	16329	10
22	16330	10
22	16331	10
22	16332	11
22	16333	11
22	16334	11
22	16335	11
22	16336	11
22	16337	11
22	16338	11
22	16339	11
22	16340	11
22	16341	11
22	16342	10
22	16343	10
22	16344	10
22	16345	10
22	16346	10
22	16347	10
22	16348	10
22	16349	10
22	16350	10
22	16351	10
22	16352	10
22	16353	10
22	16354	10
22	16355	10
22	16356	10
22	16357	10
22	16358	10
22	16359	10
22	16360	10
22	16361	10
22	16362	10
22	16363	10
22	16364	10
22	16365	10
22	16366	10
22	16367	10
22	16368	10
22	16369	10
22	16370	10
22	16371	10
22	16372	10
22	16373	11
22	16374	11
22	16375	11
22	16376	11
22	16377	11
22	16378	10
22	16379	10
22	16380	10
22	16381	10
22	16382	10
22	16383	10
22	16384	10
22	16385	10
22	16386	10
22	16387	10
22	16388	10
22	16389	10
22	16390	10
22	16391	10
22	16392	10
22	16393	10
22	16394	10
22	16395	10
22	16396	10
22	16397	10
22	16398	10
22	16399	10
22	16400	10
22	16401	10
22	16402	10
22	16403	10
22	16404	10
22	16405	10
22	16406	10
22	16407	11
22	16408	12
22	16409	12
22	16410	12
22	16411	12
22	16412	12
22	16413	12
22	16414	12
22	16415	12
22	16416	12
22	16417	12
22	16418	12
22	16419	12
22	16420	12
22	16421	12
22	16422	12
22	16423	12
22	16424	12
22	16425	10
22	16426	10
22	16427	10
22	16428	10
22	16429	10
22	16430	10
22	16431	10
22	16432	10
22	16433	10
22	16434	10
22	16435	10
22	16436	10
22	16437	10
22	16438	10
22	16439	10
22	16440	10
22	16441	10
22	16442	10
22	16443	10
22	16444	10
22	16445	10
22	16446	10
22	16447	10
22	16448	6
22	16449	6
22	16450	6
22	16451	6
22	16452	6
22	16453	6
22	16454	6
22	16455	6
22	16456	6
22	16457	6
22	16458	6
22	16459	6
22	16460	6
22	16461	6
22	16462	6
22	16463	6
22	16464	4
22	16465	4
22	16466	4
22	16467	4
22	16468	4
22	16469	4
22	16470	4
22	16471	4
22	16472	4
22	16473	7
22	16474	7
22	16475	7
22	16476	7
22	16477	7
22	16478	8
22	16479	8
22	16480	8
22	16481	8
22	16482	7
22	16483	7
22	16484	7
22	16485	7
22	16486	7
22	16487	7
22	16488	7
22	16489	7
22	16490	7
22	16491	7
22	16492	7
22	16493	7
22	16494	7
22	16495	7
22	16496	7
22	16497	7
22	16498	7
22	16499	7
22	16500	7
22	16501	7
22	16502	7
22	16503	7
22	16504	7
22	16505	7
22	16506	7
22	16507	7
22	16508	7
22	16509	7
22	16510	7
22	16511	7
22	16512	7
22	16513	7
22	16514	7
22	16515	7
22	16516	7
22	16517	7
22	16518	7
22	16519	7
22	16520	7
22	16521	7
22	16522	7
22	16523	6
22	16524	6
22	16525	6
22	16526	6
22	16527	7
22	16528	7
22	16529	7
22	16530	7
22	16531	7
22	16532	8
22	16533	8
22	16534	8
22	16535	8
22	16536	8
22	16537	9
22	16538	9
22	16539	9
22	16540	9
22	16541	9
22	16542	9
22	16543	9
22	16544	9
22	16545	9
22	16546	9
22	16547	9
22	16548	9
22	16549	9
22	16550	9
22	16551	10
22	16552	10
22	16553	10
22	16554	10
22	16555	10
22	16556	10
22	16557	9
22	16558	8
22	16559	8
22	16560	8
22	16561	8
22	16562	8
22	16563	8
22	16564	8
22	16565	8
22	16566	8
22	16567	8
22	16568	8
22	16569	8
22	16570	8
22	16571	8
22	16572	8
22	16573	8
22	16574	9
22	16575	9
22	16576	9
22	16577	9
22	16578	9
22	16579	9
22	16580	9
22	16581	9
22	16582	9
22	16583	9
22	16584	9
22	16585	9
22	16586	9
22	16587	9
22	16588	9
22	16589	10
22	16590	10
22	16591	10
22	16592	10
22	16593	11
22	16594	11
22	16595	11
22	16596	11
22	16597	11
22	16598	11
22	16599	11
22	16600	11
22	16601	11
22	16602	11
22	16603	11
22	16604	11
22	16605	11
22	16606	11
22	16607	11
22	16608	11
22	16609	11
22	16610	11
22	16611	11
22	16612	11
22	16613	11
22	16614	11
22	16615	11
22	16616	11
22	16617	11
22	16618	11
22	16619	11
22	16620	11
22	16621	11
22	16622	11
22	16623	8
22	16624	8
22	16625	8
22	16626	8
22	16627	8
22	16628	7
22	16629	7
22	16630	7
22	16631	7
22	16632	7
22	16633	7
22	16634	7
22	16635	7
22	16636	7
22	16637	9
22	16638	9
22	16639	9
22	16640	9
22	16641	9
22	16642	9
22	16643	9
22	16644	9
22	16645	9
22	16646	9
22	16647	9
22	16648	9
22	16649	9
22	16650	9
22	16651	9
22	16652	9
22	16653	9
22	16654	9
22	16655	9
22	16656	9
22	16657	9
22	16658	9
22	16659	9
22	16660	9
22	16661	9
22	16662	9
22	16663	9
22	16664	9
22	16665	9
22	16666	9
22	16667	9
22	16668	9
22	16669	9
22	16670	9
22	16671	9
22	16672	9
22	16673	9
22	16674	9
22	16675	9
22	16676	9
22	16677	8
22	16678	8
22	16679	8
22	16680	8
22	16681	7
22	16682	7
22	16683	8
22	16684	8
22	16685	8
22	16686	8
22	16687	7
22	16688	7
22	16689	7
22	16690	7
22	16691	8
22	16692	8
22	16693	8
22	16694	8
22	16695	8
22	16696	8
22	16697	8
22	16698	8
22	16699	8
22	16700	8
22	16701	7
22	16702	7
22	16703	7
22	16704	7
22	16705	7
22	16706	7
22	16707	7
22	16708	7
22	16709	7
22	16710	7
22	16711	7
22	16712	8
22	16713	8
22	16714	8
22	16715	8
22	16716	8
22	16717	8
22	16718	8
22	16719	9
22	16720	9
22	16721	9
22	16722	9
22	16723	9
22	16724	9
22	16725	9
22	16726	9
22	16727	9
22	16728	9
22	16729	10
22	16730	10
22	16731	10
22	16732	10
22	16733	10
22	16734	10
22	16735	10
22	16736	10
22	16737	10
22	16738	10
22	16739	9
22	16740	9
22	16741	9
22	16742	8
22	16743	8
22	16744	8
22	16745	8
22	16746	8
22	16747	8
22	16748	8
22	16749	9
22	16750	9
22	16751	9
22	16752	9
22	16753	9
22	16754	11
22	16755	11
22	16756	11
22	16757	11
22	16758	11
22	16759	11
22	16760	11
22	16761	11
22	16762	11
22	16763	11
22	16764	11
22	16765	11
22	16766	11
22	16767	11
22	16768	11
22	16769	11
22	16770	11
22	16771	11
22	16772	11
22	16773	11
22	16774	11
22	16775	11
22	16776	11
22	16777	11
22	16778	12
22	16779	12
22	16780	12
22	16781	12
22	16782	12
22	16783	12
22	16784	12
22	16785	12
22	16786	12
22	16787	10
22	16788	10
22	16789	10
22	16790	10
22	16791	10
22	16792	10
22	16793	10
22	16794	10
22	16795	10
22	16796	10
22	16797	10
22	16798	10
22	16799	10
22	16800	10
22	16801	10
22	16802	10
22	16803	10
22	16804	13
22	16805	13
22	16806	13
22	16807	13
22	16808	13
22	16809	13
22	16810	13
22	16811	13
22	16812	13
22	16813	13
22	16814	14
22	16815	14
22	16816	14
22	16817	14
22	16818	15
22	16819	15
22	16820	15
22	16821	15
22	16822	15
22	16823	15
22	16824	15
22	16825	15
22	16826	15
22	16827	15
22	16828	15
22	16829	15
22	16830	18
22	16831	18
22	16832	17
22	16833	17
22	16834	17
22	16835	17
22	16836	17
22	16837	17
22	16838	17
22	16839	16
22	16840	17
22	16841	16
22	16842	16
22	16843	16
22	16844	16
22	16845	16
22	16846	16
22	16847	16
22	16848	16
22	16849	17
22	16850	18
22	16851	18
22	16852	18
22	16853	18
22	16854	18
22	16855	18
22	16856	18
22	16857	18
22	16858	18
22	16859	18
22	16860	18
22	16861	18
22	16862	17
22	16863	17
22	16864	17
22	16865	17
22	16866	17
22	16867	17
22	16868	16
22	16869	16
22	16870	16
22	16871	16
22	16872	15
22	16873	15
22	16874	15
22	16875	15
22	16876	16
22	16877	16
22	16878	16
22	16879	16
22	16880	16
22	16881	16
22	16882	16
22	16883	16
22	16884	16
22	16885	16
22	16886	17
22	16887	17
22	16888	17
22	16889	17
22	16890	17
22	16891	17
22	16892	17
22	16893	17
22	16894	17
22	16895	19
22	16896	19
22	16897	19
22	16898	19
22	16899	31
22	16900	31
22	16901	31
22	16902	31
22	16903	29
22	16904	29
22	16905	29
22	16906	29
22	16907	29
22	16908	29
22	16909	29
22	16910	29
22	16911	29
22	16912	29
22	16913	29
22	16914	29
22	16915	29
22	16916	29
22	16917	29
22	16918	29
22	16919	29
22	16920	30
22	16921	30
22	16922	30
22	16923	30
22	16924	30
22	16925	30
22	16926	30
22	16927	30
22	16928	29
22	16929	29
22	16930	29
22	16931	29
22	16932	29
22	16933	29
22	16934	29
22	16935	29
22	16936	29
22	16937	29
22	16938	29
22	16939	29
22	16940	29
22	16941	29
22	16942	29
22	16943	29
22	16944	29
22	16945	29
22	16946	29
22	16947	29
22	16948	29
22	16949	29
22	16950	29
22	16951	29
22	16952	29
22	16953	29
22	16954	27
22	16955	27
22	16956	27
22	16957	27
22	16958	27
22	16959	27
22	16960	27
22	16961	27
22	16962	27
22	16963	28
22	16964	27
22	16965	27
22	16966	27
22	16967	26
22	16968	26
22	16969	26
22	16970	26
22	16971	26
22	16972	26
22	16973	26
22	16974	26
22	16975	26
22	16976	26
22	16977	26
22	16978	26
22	16979	23
22	16980	23
22	16981	23
22	16982	23
22	16983	23
22	16984	24
22	16985	24
22	16986	24
22	16987	24
22	16988	24
22	16989	24
22	16990	23
22	16991	23
22	16992	23
22	16993	23
22	16994	23
22	16995	24
22	16996	24
22	16997	24
22	16998	24
22	16999	23
22	17000	22
22	17001	22
22	17002	22
22	17003	22
22	17004	22
22	17005	22
22	17006	22
22	17007	22
22	17008	22
22	17009	22
22	17010	22
22	17011	22
22	17012	22
22	17013	22
22	17014	22
22	17015	22
22	17016	22
22	17017	22
22	17018	22
22	17019	22
22	17020	22
22	17021	22
22	17022	24
22	17023	24
22	17024	24
22	17025	23
22	17026	23
22	17027	23
22	17028	23
22	17029	23
22	17030	23
22	17031	23
22	17032	23
22	17033	23
22	17034	23
22	17035	24
22	17036	23
22	17037	23
22	17038	24
22	17039	24
22	17040	29
22	17041	29
22	17042	29
22	17043	29
22	17044	27
22	17045	27
22	17046	27
22	17047	27
22	17048	27
22	17049	14
22	17050	14
22	17051	15
22	17052	15
22	17053	15
22	17054	15
22	17055	16
22	17056	16
22	17057	16
22	17058	16
22	17059	16
22	17060	16
22	17061	16
22	17062	16
22	17063	16
22	17064	16
22	17065	16
22	17066	16
22	17067	16
22	17068	16
22	17069	15
22	17070	15
22	17071	15
22	17072	15
22	17073	15
22	17074	15
22	17075	15
22	17076	15
22	17077	15
22	17078	15
22	17079	15
22	17080	15
22	17081	15
22	17082	15
22	17083	15
22	17084	15
22	17085	16
22	17086	16
22	17087	16
22	17088	16
22	17089	16
22	17090	16
22	17091	16
22	17092	16
22	17093	16
22	17094	16
22	17095	16
22	17096	16
22	17097	16
22	17098	16
22	17099	16
22	17100	16
22	17101	16
22	17102	16
22	17103	16
22	17104	15
22	17105	15
22	17106	15
22	17107	15
22	17108	15
22	17109	15
22	17110	15
22	17111	15
22	17112	14
22	17113	14
22	17114	14
22	17115	14
22	17116	14
22	17117	14
22	17118	14
22	17119	14
22	17120	14
22	17121	14
22	17122	14
22	17123	14
22	17124	14
22	17125	14
22	17126	14
22	17127	14
22	17128	14
22	17129	14
22	17130	14
22	17131	14
22	17132	14
22	17133	13
22	17134	13
22	17135	15
22	17136	15
22	17137	15
22	17138	15
22	17139	16
22	17140	16
22	17141	16
22	17142	16
22	17143	17
22	17144	16
22	17145	16
22	17146	16
22	17147	16
22	17148	16
22	17149	16
22	17150	16
22	17151	17
22	17152	17
22	17153	17
22	17154	18
22	17155	18
22	17156	18
22	17157	18
22	17158	18
22	17159	18
22	17160	18
22	17161	18
22	17162	18
22	17163	18
22	17164	18
22	17165	18
22	17166	18
22	17167	18
22	17168	18
22	17169	18
22	17170	18
22	17171	18
22	17172	16
22	17173	16
22	17174	17
22	17175	17
22	17176	17
22	17177	17
22	17178	17
22	17179	17
22	17180	17
22	17181	17
22	17182	16
22	17183	14
22	17184	14
22	17185	14
22	17186	14
22	17187	14
22	17188	13
22	17189	13
22	17190	10
22	17191	10
22	17192	10
22	17193	10
22	17194	10
22	17195	10
22	17196	10
22	17197	10
22	17198	10
22	17199	9
22	17200	9
22	17201	9
22	17202	9
22	17203	9
22	17204	9
22	17205	8
22	17206	8
22	17207	8
22	17208	8
22	17209	8
22	17210	8
22	17211	8
22	17212	8
22	17213	8
22	17214	8
22	17215	8
22	17216	8
22	17217	8
22	17218	8
22	17219	8
22	17220	8
22	17221	8
22	17222	8
22	17223	8
22	17224	8
22	17225	8
22	17226	8
22	17227	8
22	17228	8
22	17229	8
22	17230	9
22	17231	9
22	17232	10
22	17233	10
22	17234	10
22	17235	9
22	17236	9
22	17237	10
22	17238	10
22	17239	10
22	17240	10
22	17241	10
22	17242	10
22	17243	10
22	17244	10
22	17245	10
22	17246	10
22	17247	10
22	17248	10
22	17249	10
22	17250	10
22	17251	10
22	17252	10
22	17253	10
22	17254	10
22	17255	10
22	17256	10
22	17257	10
22	17258	10
22	17259	10
22	17260	10
22	17261	10
22	17262	10
22	17263	10
22	17264	10
22	17265	10
22	17266	10
22	17267	10
22	17268	10
22	17269	10
22	17270	10
22	17271	10
22	17272	10
22	17273	10
22	17274	10
22	17275	10
22	17276	11
22	17277	12
22	17278	12
22	17279	12
22	17280	12
22	17281	13
22	17282	13
22	17283	13
22	17284	13
22	17285	11
22	17286	11
22	17287	12
22	17288	12
22	17289	11
22	17290	11
22	17291	11
22	17292	11
22	17293	10
22	17294	10
22	17295	10
22	17296	10
22	17297	10
22	17298	10
22	17299	10
22	17300	10
22	17301	9
22	17302	9
22	17303	9
22	17304	8
22	17305	8
22	17306	8
22	17307	8
22	17308	8
22	17309	8
22	17310	8
22	17311	8
22	17312	8
22	17313	8
22	17314	8
22	17315	8
22	17316	8
22	17317	8
22	17318	8
22	17319	8
22	17320	8
22	17321	9
22	17322	9
22	17323	8
22	17324	8
22	17325	9
22	17326	9
22	17327	9
22	17328	9
22	17329	9
22	17330	9
22	17331	9
22	17332	9
22	17333	9
22	17334	9
22	17335	9
22	17336	9
22	17337	9
22	17338	9
22	17339	9
22	17340	9
22	17341	9
22	17342	9
22	17343	9
22	17344	9
22	17345	9
22	17346	9
22	17347	9
22	17348	9
22	17349	9
22	17350	9
22	17351	9
22	17352	9
22	17353	9
22	17354	9
22	17355	9
22	17356	9
22	17357	9
22	17358	9
22	17359	9
22	17360	9
22	17361	9
22	17362	9
22	17363	9
22	17364	9
22	17365	9
22	17366	9
22	17367	9
22	17368	9
22	17369	9
22	17370	9
22	17371	9
22	17372	9
22	17373	9
22	17374	10
22	17375	10
22	17376	10
22	17377	11
22	17378	11
22	17379	11
22	17380	10
22	17381	10
22	17382	9
22	17383	9
22	17384	9
22	17385	9
22	17386	9
22	17387	9
22	17388	9
22	17389	9
22	17390	9
22	17391	9
22	17392	9
22	17393	9
22	17394	9
22	17395	9
22	17396	9
22	17397	9
22	17398	9
22	17399	9
22	17400	9
22	17401	9
22	17402	9
22	17403	9
22	17404	9
22	17405	9
22	17406	9
22	17407	9
22	17408	9
22	17409	9
22	17410	9
22	17411	9
22	17412	9
22	17413	9
22	17414	9
22	17415	9
22	17416	9
22	17417	9
22	17418	9
22	17419	9
22	17420	9
22	17421	9
22	17422	9
22	17423	9
22	17424	9
22	17425	9
22	17426	8
22	17427	7
22	17428	7
22	17429	7
22	17430	7
22	17431	6
22	17432	6
22	17433	6
22	17434	6
22	17435	6
22	17436	6
22	17437	5
22	17438	5
22	17439	5
22	17440	6
22	17441	6
22	17442	6
22	17443	6
22	17444	6
22	17445	6
22	17446	6
22	17447	6
22	17448	9
22	17449	9
22	17450	10
22	17451	10
22	17452	10
22	17453	10
22	17454	10
22	17455	10
22	17456	11
22	17457	11
22	17458	11
22	17459	11
22	17460	11
22	17461	11
22	17462	11
22	17463	11
22	17464	11
22	17465	11
22	17466	11
22	17467	11
22	17468	11
22	17469	11
22	17470	11
22	17471	10
22	17472	10
22	17473	10
22	17474	10
22	17475	9
22	17476	9
22	17477	9
22	17478	9
22	17479	9
22	17480	9
22	17481	9
22	17482	9
22	17483	9
22	17484	10
22	17485	10
22	17486	10
22	17487	10
22	17488	10
22	17489	10
22	17490	10
22	17491	10
22	17492	10
22	17493	10
22	17494	10
22	17495	10
22	17496	10
22	17497	10
22	17498	10
22	17499	10
22	17500	10
22	17501	10
22	17502	10
22	17503	10
22	17504	10
22	17505	10
22	17506	10
22	17507	10
22	17508	10
22	17509	10
22	17510	10
22	17511	10
22	17512	10
22	17513	10
22	17514	10
22	17515	10
22	17516	10
22	17517	10
22	17518	12
22	17519	12
22	17520	12
22	17521	12
22	17522	12
22	17523	12
22	17524	11
22	17525	11
22	17526	10
22	17527	9
22	17528	9
22	17529	9
22	17530	9
22	17531	9
22	17532	9
22	17533	9
22	17534	9
22	17535	9
22	17536	9
22	17537	9
22	17538	9
22	17539	9
22	17540	9
22	17541	9
22	17542	9
22	17543	9
22	17544	9
22	17545	9
22	17546	9
22	17547	9
22	17548	9
22	17549	9
22	17550	9
22	17551	9
22	17552	9
22	17553	9
22	17554	9
22	17555	9
22	17556	9
22	17557	9
22	17558	9
22	17559	9
22	17560	9
22	17561	9
22	17562	9
22	17563	9
22	17564	10
22	17565	10
22	17566	10
22	17567	10
22	17568	10
22	17569	10
22	17570	10
22	17571	10
22	17572	10
22	17573	10
22	17574	10
22	17575	10
22	17576	10
22	17577	10
22	17578	10
22	17579	10
22	17580	10
22	17581	10
22	17582	10
22	17583	10
22	17584	10
22	17585	10
22	17586	10
22	17587	10
22	17588	10
22	17589	12
22	17590	11
22	17591	11
22	17592	11
22	17593	11
22	17594	11
22	17595	11
22	17596	11
22	17597	12
22	17598	9
22	17599	8
22	17600	8
22	17601	8
22	17602	8
22	17603	9
22	17604	9
22	17605	9
22	17606	8
22	17607	8
22	17608	8
22	17609	8
22	17610	8
22	17611	8
22	17612	8
22	17613	8
22	17614	8
22	17615	8
22	17616	8
22	17617	8
22	17618	8
22	17619	8
22	17620	8
22	17621	8
22	17622	8
22	17623	8
22	17624	8
22	17625	8
22	17626	8
22	17627	8
22	17628	8
22	17629	8
22	17630	8
22	17631	8
22	17632	8
22	17633	8
22	17634	7
22	17635	7
22	17636	7
22	17637	7
22	17638	7
22	17639	7
22	17640	7
22	17641	7
22	17642	7
22	17643	7
22	17644	7
22	17645	7
22	17646	7
22	17647	7
22	17648	7
22	17649	7
22	17650	7
22	17651	7
22	17652	7
22	17653	7
22	17654	7
22	17655	7
22	17656	7
22	17657	7
22	17658	7
22	17659	7
22	17660	7
22	17661	7
22	17662	8
22	17663	8
22	17664	9
22	17665	9
22	17666	9
22	17667	7
22	17668	7
22	17669	7
22	17670	7
22	17671	7
22	17672	7
22	17673	9
22	17674	9
22	17675	9
22	17676	9
22	17677	9
22	17678	9
22	17679	9
22	17680	9
22	17681	9
22	17682	9
22	17683	9
22	17684	9
22	17685	9
22	17686	9
22	17687	9
22	17688	10
22	17689	10
22	17690	10
22	17691	10
22	17692	10
22	17693	10
22	17694	10
22	17695	10
22	17696	10
22	17697	10
22	17698	10
22	17699	10
22	17700	10
22	17701	10
22	17702	10
22	17703	10
22	17704	10
22	17705	10
22	17706	10
22	17707	10
22	17708	10
22	17709	10
22	17710	10
22	17711	10
22	17712	10
22	17713	10
22	17714	9
22	17715	9
22	17716	10
22	17717	10
22	17718	10
22	17719	10
22	17720	10
22	17721	10
22	17722	10
22	17723	10
22	17724	10
22	17725	10
22	17726	10
22	17727	10
22	17728	10
22	17729	10
22	17730	10
22	17731	10
22	17732	11
22	17733	11
22	17734	11
22	17735	11
22	17736	11
22	17737	11
22	17738	10
22	17739	9
22	17740	10
22	17741	10
22	17742	11
22	17743	11
22	17744	11
22	17745	10
22	17746	10
22	17747	10
22	17748	10
22	17749	10
22	17750	10
22	17751	10
22	17752	10
22	17753	9
22	17754	9
22	17755	9
22	17756	9
22	17757	9
22	17758	9
22	17759	9
22	17760	9
22	17761	9
22	17762	9
22	17763	9
22	17764	9
22	17765	9
22	17766	9
22	17767	9
22	17768	9
22	17769	9
22	17770	9
22	17771	9
22	17772	9
22	17773	9
22	17774	9
22	17775	9
22	17776	9
22	17777	9
22	17778	9
22	17779	9
22	17780	9
22	17781	9
22	17782	9
22	17783	9
22	17784	9
22	17785	9
22	17786	9
22	17787	9
22	17788	9
22	17789	9
22	17790	9
22	17791	9
22	17792	10
22	17793	10
22	17794	10
22	17795	10
22	17796	10
22	17797	10
22	17798	10
22	17799	10
22	17800	10
22	17801	10
22	17802	10
22	17803	11
22	17804	11
22	17805	11
22	17806	11
22	17807	11
22	17808	11
22	17809	11
22	17810	11
22	17811	11
22	17812	10
22	17813	10
22	17814	9
22	17815	9
22	17816	9
22	17817	9
22	17818	9
22	17819	9
22	17820	7
22	17821	7
22	17822	9
22	17823	9
22	17824	9
22	17825	9
22	17826	9
22	17827	9
22	17828	9
22	17829	9
22	17830	9
22	17831	9
22	17832	9
22	17833	9
22	17834	9
22	17835	9
22	17836	9
22	17837	9
22	17838	8
22	17839	8
22	17840	8
22	17841	8
22	17842	8
22	17843	8
22	17844	8
22	17845	8
22	17846	8
22	17847	8
22	17848	8
22	17849	8
22	17850	8
22	17851	8
22	17852	8
22	17853	8
22	17854	8
22	17855	8
22	17856	8
22	17857	8
22	17858	8
22	17859	8
22	17860	8
22	17861	8
22	17862	8
22	17863	8
22	17864	8
22	17865	8
22	17866	7
22	17867	7
22	17868	7
22	17869	7
22	17870	7
22	17871	7
22	17872	7
22	17873	7
22	17874	7
22	17875	8
22	17876	8
22	17877	8
22	17878	8
22	17879	8
22	17880	9
22	17881	10
22	17882	9
22	17883	9
22	17884	9
22	17885	9
22	17886	9
22	17887	9
22	17888	10
22	17889	9
22	17890	9
22	17891	9
22	17892	9
22	17893	9
22	17894	9
22	17895	9
22	17896	9
22	17897	9
22	17898	9
22	17899	9
22	17900	9
22	17901	9
22	17902	9
22	17903	9
22	17904	9
22	17905	9
22	17906	9
22	17907	9
22	17908	9
22	17909	9
22	17910	9
22	17911	9
22	17912	9
22	17913	9
22	17914	9
22	17915	9
22	17916	9
22	17917	9
22	17918	9
22	17919	9
22	17920	9
22	17921	9
22	17922	9
22	17923	9
22	17924	9
22	17925	9
22	17926	9
22	17927	9
22	17928	9
22	17929	10
22	17930	11
22	17931	11
22	17932	11
22	17933	11
22	17934	13
22	17935	13
22	17936	13
22	17937	13
22	17938	13
22	17939	13
22	17940	12
22	17941	12
22	17942	12
22	17943	12
22	17944	12
22	17945	12
22	17946	12
22	17947	12
22	17948	12
22	17949	12
22	17950	12
22	17951	12
22	17952	11
22	17953	11
22	17954	11
22	17955	11
22	17956	11
22	17957	11
22	17958	11
22	17959	11
22	17960	11
22	17961	11
22	17962	11
22	17963	11
22	17964	11
22	17965	11
22	17966	11
22	17967	11
22	17968	11
22	17969	11
22	17970	11
22	17971	11
22	17972	9
22	17973	9
22	17974	9
22	17975	9
22	17976	9
22	17977	9
22	17978	9
22	17979	9
22	17980	9
22	17981	9
22	17982	9
22	17983	9
22	17984	9
22	17985	9
22	17986	9
22	17987	11
22	17988	11
22	17989	12
22	17990	12
22	17991	12
22	17992	12
22	17993	12
22	17994	12
22	17995	12
22	17996	12
22	17997	12
22	17998	14
22	17999	14
22	18000	14
22	18001	14
22	18002	14
22	18003	14
22	18004	14
22	18005	14
22	18006	14
22	18007	14
22	18008	16
22	18009	16
22	18010	16
22	18011	16
22	18012	16
22	18013	16
22	18014	16
22	18015	16
22	18016	16
22	18017	16
22	18018	16
22	18019	16
22	18020	17
22	18021	17
22	18022	17
22	18023	17
22	18024	17
22	18025	17
22	18026	17
22	18027	17
22	18028	17
22	18029	20
22	18030	21
22	18031	20
22	18032	21
22	18033	21
22	18034	21
22	18035	21
22	18036	21
22	18037	21
22	18038	20
22	18039	21
22	18040	21
22	18041	21
22	18042	20
22	18043	20
22	18044	20
22	18045	20
22	18046	20
22	18047	22
22	18048	22
22	18049	22
22	18050	22
22	18051	22
22	18052	22
22	18053	22
22	18054	22
22	18055	22
22	18056	22
22	18057	22
22	18058	22
22	18059	22
22	18060	22
22	18061	22
22	18062	22
22	18063	22
22	18064	22
22	18065	22
22	18066	22
22	18067	22
22	18068	22
22	18069	22
22	18070	22
22	18071	22
22	18072	22
22	18073	24
22	18074	24
22	18075	24
22	18076	24
22	18077	25
22	18078	25
22	18079	24
22	18080	23
22	18081	23
22	18082	23
22	18083	21
22	18084	21
22	18085	22
22	18086	22
22	18087	22
22	18088	22
22	18089	22
22	18090	22
22	18091	22
22	18092	23
22	18093	23
22	18094	23
22	18095	23
22	18096	23
22	18097	23
22	18098	23
22	18099	23
22	18100	23
22	18101	23
22	18102	23
22	18103	23
22	18104	23
22	18105	23
22	18106	23
22	18107	23
22	18108	23
22	18109	23
22	18110	24
22	18111	25
22	18112	25
22	18113	25
22	18114	25
22	18115	27
22	18116	27
22	18117	27
22	18118	27
22	18119	27
22	18120	27
22	18121	27
22	18122	27
22	18123	27
22	18124	27
22	18125	27
22	18126	27
22	18127	27
22	18128	27
22	18129	27
22	18130	28
22	18131	28
22	18132	28
22	18133	28
22	18134	28
22	18135	28
22	18136	28
22	18137	26
22	18138	26
22	18139	25
22	18140	25
22	18141	25
22	18142	25
22	18143	25
22	18144	25
22	18145	25
22	18146	25
22	18147	25
22	18148	23
22	18149	23
22	18150	23
22	18151	23
22	18152	23
22	18153	23
22	18154	23
22	18155	23
22	18156	23
22	18157	23
22	18158	21
22	18159	21
22	18160	21
22	18161	21
22	18162	21
22	18163	21
22	18164	21
22	18165	23
22	18166	23
22	18167	23
22	18168	23
22	18169	22
22	18170	23
22	18171	23
22	18172	23
22	18173	22
22	18174	22
22	18175	22
22	18176	22
22	18177	22
22	18178	22
22	18179	19
22	18180	17
22	18181	17
22	18182	16
22	18183	17
22	18184	17
22	18185	17
22	18186	17
22	18187	16
22	18188	16
22	18189	16
22	18190	16
22	18191	16
22	18192	16
22	18193	16
22	18194	16
22	18195	16
22	18196	16
22	18197	14
22	18198	14
22	18199	14
22	18200	14
22	18201	15
22	18202	15
22	18203	15
22	18204	15
22	18205	15
22	18206	15
22	18207	15
22	18208	15
22	18209	15
22	18210	15
22	18211	15
22	18212	18
22	18213	21
22	18214	27
22	18215	27
22	18216	27
22	18217	27
22	18218	27
22	18219	27
22	18220	27
22	18221	27
22	18222	23
22	18223	23
22	18224	23
22	18225	23
22	18226	23
22	18227	22
22	18228	22
22	18229	22
22	18230	22
22	18231	22
22	18232	25
22	18233	25
22	18234	25
22	18235	24
22	18236	24
22	18237	24
22	18238	24
22	18239	24
22	18240	24
22	18241	23
22	18242	23
22	18243	23
22	18244	23
22	18245	26
22	18246	26
22	18247	26
22	18248	26
22	18249	26
22	18250	26
22	18251	26
22	18252	26
22	18253	26
22	18254	26
22	18255	26
22	18256	26
22	18257	26
22	18258	26
22	18259	26
22	18260	25
22	18261	24
22	18262	24
22	18263	24
22	18264	31
22	18265	31
22	18266	31
22	18267	31
22	18268	31
22	18269	31
22	18270	31
22	18271	31
22	18272	31
22	18273	31
22	18274	31
22	18275	31
22	18276	31
22	18277	31
22	18278	31
22	18279	31
22	18280	30
22	18281	30
22	18282	30
22	18283	30
22	18284	30
22	18285	30
22	18286	30
22	18287	30
22	18288	30
22	18289	30
22	18290	30
22	18291	30
22	18292	30
22	18293	30
22	18294	30
22	18295	30
22	18296	30
22	18297	30
22	18298	33
22	18299	33
22	18300	33
22	18301	33
22	18302	33
22	18303	33
22	18304	33
22	18305	33
22	18306	33
22	18307	33
22	18308	33
22	18309	33
22	18310	33
22	18311	34
22	18312	34
22	18313	34
22	18314	34
22	18315	42
22	18316	42
22	18317	42
22	18318	42
22	18319	42
22	18320	41
22	18321	41
22	18322	41
22	18323	41
22	18324	41
22	18325	41
22	18326	41
22	18327	41
22	18328	41
22	18329	41
22	18330	41
22	18331	41
22	18332	41
22	18333	40
22	18334	40
22	18335	40
22	18336	40
22	18337	40
22	18338	40
22	18339	40
22	18340	40
22	18341	40
22	18342	40
22	18343	40
22	18344	40
22	18345	40
22	18346	40
22	18347	40
22	18348	40
22	18349	40
22	18350	40
22	18351	39
22	18352	39
22	18353	39
22	18354	39
22	18355	39
22	18356	39
22	18357	39
22	18358	39
22	18359	34
22	18360	33
22	18361	33
22	18362	33
22	18363	33
22	18364	27
22	18365	27
22	18366	27
22	18367	27
22	18368	27
22	18369	27
22	18370	27
22	18371	27
22	18372	27
22	18373	27
22	18374	27
22	18375	27
22	18376	27
22	18377	27
22	18378	27
22	18379	27
22	18380	27
22	18381	24
22	18382	24
22	18383	25
22	18384	25
22	18385	25
22	18386	25
22	18387	25
22	18388	25
22	18389	25
22	18390	25
22	18391	25
22	18392	25
22	18393	25
22	18394	25
22	18395	22
22	18396	22
22	18397	22
22	18398	22
22	18399	22
22	18400	22
22	18401	23
22	18402	23
22	18403	23
22	18404	23
22	18405	25
22	18406	25
22	18407	25
22	18408	25
22	18409	26
22	18410	26
22	18411	26
22	18412	26
22	18413	28
22	18414	21
22	18415	21
22	18416	21
22	18417	21
22	18418	21
22	18419	21
22	18420	21
22	18421	21
22	18422	21
22	18423	21
22	18424	21
22	18425	21
22	18426	21
22	18427	21
22	18428	21
22	18429	21
22	18430	21
22	18431	21
22	18432	21
22	18433	21
22	18434	21
22	18435	21
22	18436	21
22	18437	21
22	18438	21
22	18439	21
22	18440	21
22	18441	21
22	18442	21
22	18443	21
22	18444	21
22	18445	21
22	18446	21
22	18447	21
22	18448	18
22	18449	18
22	18450	18
22	18451	18
22	18452	18
22	18453	18
22	18454	18
22	18455	18
22	18456	23
22	18457	23
22	18458	23
22	18459	23
22	18460	22
22	18461	22
22	18462	22
22	18463	22
22	18464	22
22	18465	12
22	18466	12
22	18467	12
22	18468	12
22	18469	12
22	18470	12
22	18471	13
22	18472	13
22	18473	13
22	18474	13
22	18475	13
22	18476	13
22	18477	12
22	18478	12
22	18479	12
22	18480	12
22	18481	12
22	18482	12
22	18483	12
22	18484	12
22	18485	16
22	18486	16
22	18487	16
22	18488	16
22	18489	16
22	18490	17
22	18491	17
22	18492	17
22	18493	17
22	18494	17
22	18495	17
22	18496	17
22	18497	17
22	18498	17
22	18499	17
22	18500	17
22	18501	17
22	18502	17
22	18503	17
22	18504	17
22	18505	17
22	18506	17
22	18507	17
22	18508	17
22	18509	17
22	18510	17
22	18511	17
22	18512	17
22	18513	17
22	18514	17
22	18515	17
22	18516	17
22	18517	17
22	18518	17
22	18519	17
22	18520	17
22	18521	17
22	18522	17
22	18523	17
22	18524	18
22	18525	18
22	18526	18
22	18527	18
22	18528	18
22	18529	19
22	18530	19
22	18531	19
22	18532	20
22	18533	19
22	18534	19
22	18535	19
22	18536	19
22	18537	19
22	18538	19
22	18539	19
22	18540	19
22	18541	19
22	18542	19
22	18543	19
22	18544	19
22	18545	19
22	18546	19
22	18547	19
22	18548	19
22	18549	19
22	18550	18
22	18551	18
22	18552	18
22	18553	18
22	18554	18
22	18555	16
22	18556	16
22	18557	16
22	18558	16
22	18559	13
22	18560	13
22	18561	13
22	18562	13
22	18563	13
22	18564	13
22	18565	13
22	18566	13
22	18567	13
22	18568	13
22	18569	13
22	18570	13
22	18571	13
22	18572	13
22	18573	13
22	18574	13
22	18575	13
22	18576	13
22	18577	13
22	18578	13
22	18579	13
22	18580	13
22	18581	13
22	18582	15
22	18583	15
22	18584	15
22	18585	15
22	18586	15
22	18587	15
22	18588	16
22	18589	16
22	18590	17
22	18591	17
22	18592	17
22	18593	17
22	18594	17
22	18595	17
22	18596	17
22	18597	17
22	18598	17
22	18599	17
22	18600	17
22	18601	17
22	18602	17
22	18603	17
22	18604	17
22	18605	17
22	18606	13
22	18607	13
22	18608	13
22	18609	13
22	18610	13
22	18611	13
22	18612	13
22	18613	13
22	18614	13
22	18615	13
22	18616	13
22	18617	13
22	18618	13
22	18619	12
22	18620	12
22	18621	12
22	18622	12
22	18623	12
22	18624	12
22	18625	17
22	18626	17
22	18627	17
22	18628	17
22	18629	17
22	18630	19
22	18631	19
22	18632	19
22	18633	20
22	18634	16
22	18635	16
22	18636	16
22	18637	16
22	18638	16
22	18639	15
22	18640	15
22	18641	15
22	18642	15
22	18643	15
22	18644	15
22	18645	15
22	18646	15
22	18647	15
22	18648	15
22	18649	15
22	18650	15
22	18651	15
22	18652	15
22	18653	15
22	18654	15
22	18655	15
22	18656	15
22	18657	15
22	18658	15
22	18659	15
22	18660	15
22	18661	15
22	18662	15
22	18663	15
22	18664	15
22	18665	18
22	18666	19
22	18667	19
22	18668	19
22	18669	19
22	18670	19
22	18671	19
22	18672	20
22	18673	20
22	18674	19
22	18675	21
22	18676	21
22	18677	21
22	18678	21
22	18679	20
22	18680	20
22	18681	19
22	18682	19
22	18683	19
22	18684	19
22	18685	19
22	18686	19
22	18687	19
22	18688	19
22	18689	19
22	18690	19
22	18691	20
22	18692	20
22	18693	20
22	18694	20
22	18695	20
22	18696	21
22	18697	21
22	18698	21
22	18699	21
22	18700	21
22	18701	21
22	18702	21
22	18703	21
22	18704	21
22	18705	21
22	18706	21
22	18707	21
22	18708	21
22	18709	21
22	18710	23
22	18711	23
22	18712	23
22	18713	23
22	18714	23
22	18715	23
22	18716	23
22	18717	23
22	18718	23
22	18719	23
22	18720	24
22	18721	24
22	18722	24
22	18723	24
22	18724	24
22	18725	24
22	18726	24
22	18727	24
22	18728	24
22	18729	24
22	18730	24
22	18731	22
22	18732	22
22	18733	22
22	18734	22
22	18735	22
22	18736	22
22	18737	22
22	18738	22
22	18739	22
22	18740	22
22	18741	22
22	18742	22
22	18743	22
22	18744	23
22	18745	23
22	18746	23
22	18747	23
22	18748	23
22	18749	23
22	18750	23
22	18751	23
22	18752	23
22	18753	23
22	18754	23
22	18755	23
22	18756	23
22	18757	23
22	18758	23
22	18759	23
22	18760	23
22	18761	23
22	18762	24
22	18763	24
22	18764	24
22	18765	24
22	18766	24
22	18767	24
22	18768	24
22	18769	24
22	18770	24
22	18771	24
22	18772	24
22	18773	24
22	18774	19
22	18775	19
22	18776	19
22	18777	19
22	18778	19
22	18779	19
22	18780	18
22	18781	18
22	18782	18
22	18783	17
22	18784	17
22	18785	17
22	18786	17
22	18787	17
22	18788	17
22	18789	17
22	18790	16
22	18791	18
22	18792	18
22	18793	18
22	18794	18
22	18795	20
22	18796	20
22	18797	20
22	18798	20
22	18799	26
22	18800	26
22	18801	26
22	18802	26
22	18803	26
22	18804	24
22	18805	24
22	18806	24
22	18807	24
22	18808	24
22	18809	24
22	18810	24
22	18811	24
22	18812	24
22	18813	24
22	18814	21
22	18815	20
22	18816	20
22	18817	20
22	18818	20
22	18819	20
22	18820	20
22	18821	20
22	18822	19
22	18823	19
22	18824	19
22	18825	19
22	18826	19
22	18827	19
22	18828	20
22	18829	20
22	18830	20
22	18831	20
22	18832	20
22	18833	20
22	18834	20
22	18835	20
22	18836	20
22	18837	20
22	18838	20
22	18839	22
22	18840	21
22	18841	21
22	18842	21
22	18843	21
22	18844	22
22	18845	22
22	18846	21
22	18847	21
22	18848	21
22	18849	21
22	18850	21
22	18851	21
22	18852	21
22	18853	21
22	18854	21
22	18855	21
22	18856	21
22	18857	21
22	18858	21
22	18859	18
22	18860	18
22	18861	18
22	18862	18
22	18863	18
22	18864	18
22	18865	18
22	18866	18
22	18867	18
22	18868	18
22	18869	17
22	18870	17
22	18871	17
22	18872	17
22	18873	17
22	18874	17
22	18875	18
22	18876	18
22	18877	18
22	18878	18
22	18879	19
22	18880	20
22	18881	21
22	18882	21
22	18883	21
22	18884	21
22	18885	21
22	18886	21
22	18887	21
22	18888	21
22	18889	20
22	18890	20
22	18891	20
22	18892	20
22	18893	20
22	18894	19
22	18895	19
22	18896	19
22	18897	20
22	18898	20
22	18899	20
22	18900	20
22	18901	20
22	18902	20
22	18903	20
22	18904	20
22	18905	20
22	18906	20
22	18907	20
22	18908	20
22	18909	20
22	18910	21
22	18911	21
22	18912	20
22	18913	20
22	18914	21
22	18915	21
22	18916	21
22	18917	21
22	18918	21
22	18919	21
22	18920	21
22	18921	21
22	18922	21
22	18923	21
22	18924	21
22	18925	21
22	18926	22
22	18927	22
22	18928	22
22	18929	22
22	18930	21
22	18931	22
22	18932	22
22	18933	22
22	18934	22
22	18935	22
22	18936	22
22	18937	23
22	18938	23
22	18939	23
22	18940	24
22	18941	24
22	18942	25
22	18943	23
22	18944	23
22	18945	23
22	18946	23
22	18947	23
22	18948	23
22	18949	18
22	18950	18
22	18951	18
22	18952	18
22	18953	18
22	18954	18
22	18955	18
22	18956	18
22	18957	18
22	18958	18
22	18959	18
22	18960	18
22	18961	18
22	18962	18
22	18963	18
22	18964	18
22	18965	18
22	18966	18
22	18967	18
22	18968	18
22	18969	18
22	18970	18
22	18971	18
22	18972	18
22	18973	18
22	18974	18
22	18975	18
22	18976	18
22	18977	17
22	18978	17
22	18979	17
22	18980	19
22	18981	19
22	18982	19
22	18983	19
22	18984	19
22	18985	19
22	18986	19
22	18987	20
22	18988	19
22	18989	18
22	18990	18
22	18991	18
22	18992	18
22	18993	18
22	18994	17
22	18995	17
22	18996	17
22	18997	17
22	18998	17
22	18999	17
22	19000	17
22	19001	17
22	19002	17
22	19003	17
22	19004	17
22	19005	17
22	19006	17
22	19007	17
22	19008	17
22	19009	19
22	19010	19
22	19011	21
22	19012	22
22	19013	22
22	19014	22
22	19015	22
22	19016	22
22	19017	22
22	19018	22
22	19019	22
22	19020	22
22	19021	22
22	19022	23
22	19023	23
22	19024	23
22	19025	22
22	19026	22
22	19027	22
22	19028	21
22	19029	20
22	19030	20
22	19031	19
22	19032	19
22	19033	19
22	19034	19
22	19035	19
22	19036	19
22	19037	19
22	19038	19
22	19039	19
22	19040	19
22	19041	19
22	19042	19
22	19043	19
22	19044	19
22	19045	19
22	19046	18
22	19047	18
22	19048	20
22	19049	20
22	19050	20
22	19051	20
22	19052	20
22	19053	20
22	19054	20
22	19055	21
22	19056	21
22	19057	21
22	19058	21
22	19059	21
22	19060	20
22	19061	20
22	19062	20
22	19063	20
22	19064	19
22	19065	19
22	19066	21
22	19067	21
22	19068	21
22	19069	21
22	19070	21
22	19071	22
22	19072	22
22	19073	22
22	19074	22
22	19075	22
22	19076	21
22	19077	21
22	19078	21
22	19079	23
22	19080	23
22	19081	22
22	19082	22
22	19083	22
22	19084	22
22	19085	22
22	19086	22
22	19087	21
22	19088	21
22	19089	24
22	19090	24
22	19091	24
22	19092	23
22	19093	23
22	19094	23
22	19095	23
22	19096	23
22	19097	23
22	19098	24
22	19099	23
22	19100	23
22	19101	23
22	19102	23
22	19103	23
22	19104	23
22	19105	23
22	19106	23
22	19107	23
22	19108	23
22	19109	23
22	19110	23
22	19111	23
22	19112	23
22	19113	23
22	19114	23
22	19115	23
22	19116	23
22	19117	23
22	19118	23
22	19119	23
22	19120	23
22	19121	23
22	19122	23
22	19123	23
22	19124	23
22	19125	23
22	19126	23
22	19127	23
22	19128	25
22	19129	23
22	19130	23
22	19131	23
22	19132	23
22	19133	23
22	19134	23
22	19135	23
22	19136	23
22	19137	22
22	19138	22
22	19139	22
22	19140	22
22	19141	22
22	19142	22
22	19143	22
22	19144	22
22	19145	22
22	19146	22
22	19147	22
22	19148	22
22	19149	22
22	19150	22
22	19151	22
22	19152	22
22	19153	22
22	19154	22
22	19155	22
22	19156	22
22	19157	22
22	19158	22
22	19159	21
22	19160	21
22	19161	19
22	19162	19
22	19163	19
22	19164	19
22	19165	19
22	19166	19
22	19167	19
22	19168	19
22	19169	19
22	19170	19
22	19171	19
22	19172	18
22	19173	18
22	19174	18
22	19175	18
22	19176	18
22	19177	18
22	19178	18
22	19179	18
22	19180	18
22	19181	18
22	19182	18
22	19183	18
22	19184	18
22	19185	20
22	19186	21
22	19187	21
22	19188	21
22	19189	21
22	19190	21
22	19191	21
22	19192	21
22	19193	21
22	19194	21
22	19195	21
22	19196	21
22	19197	21
22	19198	19
22	19199	19
22	19200	19
22	19201	19
22	19202	19
22	19203	19
22	19204	19
22	19205	18
22	19206	18
22	19207	18
22	19208	19
22	19209	19
22	19210	19
22	19211	19
22	19212	19
22	19213	19
22	19214	19
22	19215	19
22	19216	17
22	19217	17
22	19218	17
22	19219	17
22	19220	17
22	19221	16
22	19222	16
22	19223	16
22	19224	16
22	19225	16
22	19226	16
22	19227	16
22	19228	16
22	19229	14
22	19230	15
22	19231	15
22	19232	15
22	19233	15
22	19234	15
22	19235	15
22	19236	15
22	19237	10
22	19238	10
22	19239	10
22	19240	10
22	19241	10
22	19242	10
22	19243	10
22	19244	10
22	19245	10
22	19246	10
22	19247	10
22	19248	9
22	19249	9
22	19250	9
22	19251	9
22	19252	10
22	19253	10
22	19254	10
22	19255	10
22	19256	10
22	19257	10
22	19258	10
22	19259	10
22	19260	8
22	19261	8
22	19262	8
22	19263	8
22	19264	8
22	19265	8
22	19266	9
22	19267	9
22	19268	9
22	19269	10
22	19270	10
22	19271	10
22	19272	10
22	19273	10
22	19274	10
22	19275	10
22	19276	10
22	19277	8
22	19278	8
22	19279	8
22	19280	8
22	19281	8
22	19282	8
22	19283	8
22	19284	9
22	19285	10
22	19286	10
22	19287	10
22	19288	10
22	19289	10
22	19290	10
22	19291	10
22	19292	10
22	19293	10
22	19294	10
22	19295	10
22	19296	10
22	19297	10
22	19298	10
22	19299	10
22	19300	10
22	19301	10
22	19302	11
22	19303	11
22	19304	11
22	19305	11
22	19306	11
22	19307	11
22	19308	11
22	19309	11
22	19310	11
22	19311	12
22	19312	12
22	19313	12
22	19314	12
22	19315	12
22	19316	12
22	19317	12
22	19318	12
22	19319	12
22	19320	12
22	19321	12
22	19322	12
22	19323	12
22	19324	12
22	19325	12
22	19326	12
22	19327	12
22	19328	12
22	19329	12
22	19330	12
22	19331	12
22	19332	12
22	19333	12
22	19334	12
22	19335	10
22	19336	9
22	19337	9
22	19338	9
22	19339	9
22	19340	9
22	19341	9
22	19342	9
22	19343	9
22	19344	9
22	19345	9
22	19346	9
22	19347	9
22	19348	9
22	19349	9
22	19350	9
22	19351	9
22	19352	9
22	19353	9
22	19354	9
22	19355	9
22	19356	9
22	19357	8
22	19358	8
22	19359	8
22	19360	8
22	19361	8
22	19362	8
22	19363	8
22	19364	8
22	19365	8
22	19366	8
22	19367	8
22	19368	8
22	19369	8
22	19370	8
22	19371	8
22	19372	8
22	19373	8
22	19374	8
22	19375	8
22	19376	8
22	19377	7
22	19378	7
22	19379	7
22	19380	7
22	19381	7
22	19382	7
22	19383	7
22	19384	7
22	19385	7
22	19386	7
22	19387	7
22	19388	7
22	19389	8
22	19390	9
22	19391	9
22	19392	9
22	19393	9
22	19394	9
22	19395	9
22	19396	9
22	19397	9
22	19398	9
22	19399	9
22	19400	8
22	19401	10
22	19402	10
22	19403	10
22	19404	10
22	19405	10
22	19406	10
22	19407	10
22	19408	10
22	19409	10
22	19410	10
22	19411	10
22	19412	10
22	19413	10
22	19414	10
22	19415	10
22	19416	9
22	19417	9
22	19418	9
22	19419	8
22	19420	8
22	19421	8
22	19422	8
22	19423	8
22	19424	8
22	19425	8
22	19426	8
22	19427	8
22	19428	8
22	19429	8
22	19430	9
22	19431	9
22	19432	9
22	19433	9
22	19434	7
22	19435	7
22	19436	7
22	19437	7
22	19438	7
22	19439	7
22	19440	7
22	19441	10
22	19442	11
22	19443	11
22	19444	11
22	19445	11
22	19446	11
22	19447	11
22	19448	11
22	19449	11
22	19450	12
22	19451	11
22	19452	12
22	19453	12
22	19454	12
22	19455	12
22	19456	12
22	19457	13
22	19458	13
22	19459	13
22	19460	12
22	19461	12
22	19462	12
22	19463	12
22	19464	12
22	19465	12
22	19466	12
22	19467	12
22	19468	12
22	19469	13
22	19470	13
22	19471	13
22	19472	13
22	19473	13
22	19474	13
22	19475	13
22	19476	14
22	19477	15
22	19478	15
22	19479	15
22	19480	15
22	19481	15
22	19482	15
22	19483	15
22	19484	16
22	19485	16
22	19486	16
22	19487	16
22	19488	16
22	19489	16
22	19490	16
22	19491	17
22	19492	17
22	19493	17
22	19494	17
22	19495	17
22	19496	17
22	19497	19
22	19498	19
22	19499	19
22	19500	19
22	19501	19
22	19502	19
22	19503	19
22	19504	19
22	19505	19
22	19506	19
22	19507	19
22	19508	19
22	19509	19
22	19510	19
22	19511	19
22	19512	19
22	19513	19
22	19514	19
22	19515	19
22	19516	19
22	19517	19
22	19518	19
22	19519	19
22	19520	19
22	19521	19
22	19522	19
22	19523	19
22	19524	19
22	19525	20
22	19526	20
22	19527	20
22	19528	20
22	19529	20
22	19530	21
22	19531	21
22	19532	21
22	19533	21
22	19534	21
22	19535	23
22	19536	23
22	19537	23
22	19538	23
22	19539	22
22	19540	21
22	19541	21
22	19542	21
22	19543	21
22	19544	21
22	19545	21
22	19546	21
22	19547	21
22	19548	21
22	19549	21
22	19550	21
22	19551	19
22	19552	19
22	19553	19
22	19554	19
22	19555	19
22	19556	19
22	19557	19
22	19558	19
22	19559	20
22	19560	21
22	19561	21
22	19562	21
22	19563	21
22	19564	21
22	19565	21
22	19566	21
22	19567	21
22	19568	21
22	19569	21
22	19570	21
22	19571	21
22	19572	21
22	19573	21
22	19574	21
22	19575	21
22	19576	21
22	19577	22
22	19578	22
22	19579	21
22	19580	21
22	19581	21
22	19582	21
22	19583	21
22	19584	21
22	19585	21
22	19586	21
22	19587	21
22	19588	21
22	19589	21
22	19590	21
22	19591	17
22	19592	17
22	19593	17
22	19594	17
22	19595	17
22	19596	17
22	19597	17
22	19598	18
22	19599	17
22	19600	16
22	19601	16
22	19602	16
22	19603	16
22	19604	16
22	19605	16
22	19606	15
22	19607	15
22	19608	17
22	19609	17
22	19610	17
22	19611	17
22	19612	17
22	19613	17
22	19614	17
22	19615	17
22	19616	17
22	19617	17
22	19618	17
22	19619	16
22	19620	17
22	19621	17
22	19622	17
22	19623	17
22	19624	17
22	19625	17
22	19626	16
22	19627	15
22	19628	15
22	19629	15
22	19630	15
22	19631	15
22	19632	15
22	19633	15
22	19634	14
22	19635	15
22	19636	15
22	19637	16
22	19638	16
22	19639	16
22	19640	16
22	19641	15
22	19642	15
22	19643	15
22	19644	15
22	19645	15
22	19646	15
22	19647	13
22	19648	13
22	19649	13
22	19650	13
22	19651	13
22	19652	13
22	19653	13
22	19654	13
22	19655	13
22	19656	13
22	19657	19
22	19658	19
22	19659	19
22	19660	19
22	19661	20
22	19662	20
22	19663	20
22	19664	20
22	19665	20
22	19666	20
22	19667	20
22	19668	20
22	19669	20
22	19670	20
22	19671	20
22	19672	20
22	19673	20
22	19674	19
22	19675	19
22	19676	19
22	19677	18
22	19678	18
22	19679	18
22	19680	18
22	19681	18
22	19682	18
22	19683	18
22	19684	16
22	19685	16
22	19686	16
22	19687	16
22	19688	16
22	19689	16
22	19690	16
22	19691	18
22	19692	18
22	19693	18
22	19694	18
22	19695	18
22	19696	18
22	19697	18
22	19698	18
22	19699	18
22	19700	18
22	19701	18
22	19702	18
22	19703	18
22	19704	19
22	19705	19
22	19706	19
22	19707	19
22	19708	19
22	19709	21
22	19710	20
22	19711	20
22	19712	20
22	19713	20
22	19714	22
22	19715	22
22	19716	22
22	19717	22
22	19718	22
22	19719	22
22	19720	22
22	19721	22
22	19722	22
22	19723	22
22	19724	22
22	19725	22
22	19726	22
22	19727	21
22	19728	23
22	19729	23
22	19730	23
22	19731	23
22	19732	23
22	19733	23
22	19734	23
22	19735	23
22	19736	23
22	19737	23
22	19738	23
22	19739	23
22	19740	23
22	19741	23
22	19742	23
22	19743	23
22	19744	23
22	19745	23
22	19746	23
22	19747	23
22	19748	22
22	19749	22
22	19750	22
22	19751	22
22	19752	22
22	19753	22
22	19754	22
22	19755	22
22	19756	22
22	19757	22
22	19758	20
22	19759	21
22	19760	21
22	19761	21
22	19762	21
22	19763	21
22	19764	21
22	19765	22
22	19766	22
22	19767	22
22	19768	21
22	19769	21
22	19770	21
22	19771	21
22	19772	21
22	19773	21
22	19774	21
22	19775	21
22	19776	21
22	19777	21
22	19778	21
22	19779	21
22	19780	21
22	19781	21
22	19782	21
22	19783	21
22	19784	20
22	19785	20
22	19786	19
22	19787	19
22	19788	19
22	19789	19
22	19790	19
22	19791	19
22	19792	19
22	19793	19
22	19794	19
22	19795	19
22	19796	19
22	19797	19
22	19798	19
22	19799	19
22	19800	19
22	19801	19
22	19802	19
22	19803	19
22	19804	19
22	19805	19
22	19806	13
22	19807	13
22	19808	13
22	19809	13
22	19810	13
22	19811	12
22	19812	12
22	19813	12
22	19814	12
22	19815	12
22	19816	12
22	19817	12
22	19818	12
22	19819	12
22	19820	12
22	19821	12
22	19822	12
22	19823	12
22	19824	12
22	19825	13
22	19826	13
22	19827	13
22	19828	13
22	19829	13
22	19830	13
22	19831	13
22	19832	13
22	19833	14
22	19834	14
22	19835	14
22	19836	14
22	19837	14
22	19838	14
22	19839	14
22	19840	14
22	19841	12
22	19842	12
22	19843	12
22	19844	12
22	19845	13
22	19846	12
22	19847	12
22	19848	12
22	19849	12
22	19850	13
22	19851	13
22	19852	13
22	19853	13
22	19854	12
22	19855	12
22	19856	12
22	19857	12
22	19858	12
22	19859	9
22	19860	9
22	19861	9
22	19862	9
22	19863	9
22	19864	8
22	19865	8
22	19866	8
22	19867	8
22	19868	8
22	19869	10
22	19870	10
22	19871	10
22	19872	10
22	19873	10
22	19874	10
22	19875	10
22	19876	10
22	19877	10
22	19878	9
22	19879	9
22	19880	9
22	19881	9
22	19882	9
22	19883	9
22	19884	9
22	19885	9
22	19886	11
22	19887	11
22	19888	11
22	19889	11
22	19890	11
22	19891	11
22	19892	11
22	19893	11
22	19894	11
22	19895	11
22	19896	11
22	19897	11
22	19898	11
22	19899	11
22	19900	11
22	19901	11
22	19902	11
22	19903	11
22	19904	11
22	19905	11
22	19906	11
22	19907	11
22	19908	10
22	19909	10
22	19910	10
22	19911	10
22	19912	10
22	19913	10
22	19914	10
22	19915	9
22	19916	9
22	19917	9
22	19918	9
22	19919	9
22	19920	9
22	19921	9
22	19922	9
22	19923	9
22	19924	9
22	19925	9
22	19926	9
22	19927	9
22	19928	9
22	19929	9
22	19930	9
22	19931	10
22	19932	10
22	19933	10
22	19934	10
22	19935	10
22	19936	10
22	19937	10
22	19938	10
22	19939	10
22	19940	10
22	19941	10
22	19942	10
22	19943	11
22	19944	12
22	19945	12
22	19946	12
22	19947	12
22	19948	12
22	19949	12
22	19950	12
22	19951	12
22	19952	12
22	19953	12
22	19954	12
22	19955	12
22	19956	12
22	19957	12
22	19958	12
22	19959	12
22	19960	12
22	19961	12
22	19962	12
22	19963	12
22	19964	12
22	19965	12
22	19966	12
22	19967	12
22	19968	12
22	19969	12
22	19970	12
22	19971	12
22	19972	12
22	19973	12
22	19974	12
22	19975	11
22	19976	11
22	19977	11
22	19978	11
22	19979	11
22	19980	11
22	19981	11
22	19982	11
22	19983	10
22	19984	10
22	19985	10
22	19986	10
22	19987	10
22	19988	10
22	19989	10
22	19990	10
22	19991	10
22	19992	10
22	19993	10
22	19994	10
22	19995	9
22	19996	9
22	19997	9
22	19998	9
22	19999	9
22	20000	8
22	20001	8
22	20002	8
22	20003	8
22	20004	8
22	20005	8
22	20006	9
22	20007	9
22	20008	9
22	20009	9
22	20010	9
22	20011	9
22	20012	9
22	20013	9
22	20014	8
22	20015	8
22	20016	9
22	20017	9
22	20018	9
22	20019	7
22	20020	7
22	20021	7
22	20022	7
22	20023	7
22	20024	7
22	20025	7
22	20026	7
22	20027	8
22	20028	8
22	20029	8
22	20030	8
22	20031	8
22	20032	8
22	20033	10
22	20034	10
22	20035	10
22	20036	8
22	20037	8
22	20038	9
22	20039	9
22	20040	9
22	20041	9
22	20042	9
22	20043	9
22	20044	9
22	20045	9
22	20046	9
22	20047	9
22	20048	9
22	20049	9
22	20050	9
22	20051	9
22	20052	9
22	20053	9
22	20054	9
22	20055	9
22	20056	9
22	20057	9
22	20058	12
22	20059	12
22	20060	12
22	20061	13
22	20062	13
22	20063	13
22	20064	14
22	20065	14
22	20066	14
22	20067	14
22	20068	14
22	20069	14
22	20070	14
22	20071	14
22	20072	14
22	20073	14
22	20074	14
22	20075	14
22	20076	14
22	20077	14
22	20078	14
22	20079	14
22	20080	13
22	20081	13
22	20082	13
22	20083	13
22	20084	13
22	20085	13
22	20086	13
22	20087	13
22	20088	13
22	20089	14
22	20090	14
22	20091	14
22	20092	13
22	20093	12
22	20094	12
22	20095	12
22	20096	12
22	20097	12
22	20098	12
22	20099	12
22	20100	12
22	20101	12
22	20102	12
22	20103	12
22	20104	13
22	20105	13
22	20106	13
22	20107	13
22	20108	13
22	20109	14
22	20110	14
22	20111	14
22	20112	14
22	20113	14
22	20114	14
22	20115	14
22	20116	14
22	20117	14
22	20118	14
22	20119	15
22	20120	15
22	20121	15
22	20122	15
22	20123	15
22	20124	15
22	20125	15
22	20126	15
22	20127	15
22	20128	15
22	20129	15
22	20130	15
22	20131	15
22	20132	15
22	20133	15
22	20134	15
22	20135	15
22	20136	15
22	20137	15
22	20138	15
22	20139	15
22	20140	15
22	20141	15
22	20142	15
22	20143	15
22	20144	15
22	20145	15
22	20146	15
22	20147	15
22	20148	15
22	20149	15
22	20150	15
22	20151	15
22	20152	15
22	20153	15
22	20154	15
22	20155	14
22	20156	14
22	20157	14
22	20158	14
22	20159	14
22	20160	14
22	20161	15
22	20162	15
22	20163	15
22	20164	17
22	20165	17
22	20166	16
22	20167	16
22	20168	16
22	20169	16
22	20170	16
22	20171	16
22	20172	16
22	20173	16
22	20174	16
22	20175	16
22	20176	15
22	20177	15
22	20178	15
22	20179	15
22	20180	15
22	20181	15
22	20182	15
22	20183	13
22	20184	13
22	20185	13
22	20186	13
22	20187	12
22	20188	12
22	20189	12
22	20190	12
22	20191	12
22	20192	12
22	20193	12
22	20194	12
22	20195	12
22	20196	12
22	20197	12
22	20198	13
22	20199	13
22	20200	13
22	20201	13
22	20202	13
22	20203	13
22	20204	13
22	20205	13
22	20206	13
22	20207	10
22	20208	10
22	20209	10
22	20210	9
22	20211	9
22	20212	9
22	20213	9
22	20214	8
22	20215	8
22	20216	8
22	20217	8
22	20218	8
22	20219	8
22	20220	8
22	20221	8
22	20222	8
22	20223	8
22	20224	8
22	20225	8
22	20226	8
22	20227	8
22	20228	8
22	20229	8
22	20230	8
22	20231	8
22	20232	8
22	20233	8
22	20234	8
22	20235	8
22	20236	8
22	20237	8
22	20238	8
22	20239	7
22	20240	7
22	20241	7
22	20242	7
22	20243	7
22	20244	7
22	20245	7
22	20246	7
22	20247	7
22	20248	7
22	20249	7
22	20250	7
22	20251	7
22	20252	7
22	20253	7
22	20254	6
22	20255	6
22	20256	6
22	20257	6
22	20258	5
22	20259	5
22	20260	6
22	20261	6
22	20262	6
22	20263	6
22	20264	6
22	20265	6
22	20266	6
22	20267	6
22	20268	6
22	20269	5
22	20270	5
22	20271	5
22	20272	5
22	20273	5
22	20274	5
22	20275	5
22	20276	5
22	20277	5
22	20278	5
22	20279	5
22	20280	5
22	20281	5
22	20282	5
22	20283	5
22	20284	5
22	20285	5
22	20286	5
22	20287	6
22	20288	6
22	20289	6
22	20290	6
22	20291	6
22	20292	6
22	20293	6
22	20294	6
22	20295	6
22	20296	6
22	20297	6
22	20298	6
22	20299	6
22	20300	7
22	20301	7
22	20302	7
22	20303	7
22	20304	7
22	20305	7
22	20306	7
22	20307	7
22	20308	7
22	20309	7
22	20310	6
22	20311	6
22	20312	6
22	20313	6
22	20314	4
22	20315	4
22	20316	4
22	20317	4
22	20318	4
22	20319	4
22	20320	4
22	20321	4
22	20322	4
22	20323	4
22	20324	4
22	20325	4
22	20326	4
22	20327	4
22	20328	4
22	20329	4
22	20330	4
22	20331	4
22	20332	4
22	20333	4
22	20334	4
22	20335	4
22	20336	4
22	20337	4
22	20338	5
22	20339	6
22	20340	6
22	20341	6
22	20342	6
22	20343	6
22	20344	6
22	20345	5
22	20346	5
22	20347	6
22	20348	6
22	20349	6
22	20350	6
22	20351	6
22	20352	6
22	20353	6
22	20354	6
22	20355	6
22	20356	6
22	20357	6
22	20358	6
22	20359	6
22	20360	6
22	20361	6
22	20362	6
22	20363	6
22	20364	6
22	20365	6
22	20366	6
22	20367	6
22	20368	6
22	20369	6
22	20370	6
22	20371	6
22	20372	6
22	20373	6
22	20374	6
22	20375	6
22	20376	6
22	20377	6
22	20378	6
22	20379	6
22	20380	6
22	20381	6
22	20382	6
22	20383	7
22	20384	7
22	20385	7
22	20386	7
22	20387	7
22	20388	8
22	20389	8
22	20390	9
22	20391	9
22	20392	9
22	20393	9
22	20394	9
22	20395	9
22	20396	9
22	20397	9
22	20398	9
22	20399	9
22	20400	9
22	20401	9
22	20402	9
22	20403	9
22	20404	9
22	20405	9
22	20406	9
22	20407	9
22	20408	9
22	20409	9
22	20410	9
22	20411	9
22	20412	9
22	20413	9
22	20414	9
22	20415	9
22	20416	9
22	20417	9
22	20418	9
22	20419	9
22	20420	9
22	20421	10
22	20422	10
22	20423	10
22	20424	10
22	20425	10
22	20426	10
22	20427	10
22	20428	10
22	20429	10
22	20430	10
22	20431	10
22	20432	10
22	20433	10
22	20434	10
22	20435	10
22	20436	9
22	20437	9
22	20438	9
22	20439	10
22	20440	10
22	20441	10
22	20442	10
22	20443	10
22	20444	10
22	20445	10
22	20446	10
22	20447	10
22	20448	10
22	20449	10
22	20450	9
22	20451	9
22	20452	9
22	20453	9
22	20454	9
22	20455	9
22	20456	9
22	20457	9
22	20458	9
22	20459	9
22	20460	9
22	20461	9
22	20462	9
22	20463	9
22	20464	9
22	20465	9
22	20466	9
22	20467	9
22	20468	9
22	20469	9
22	20470	9
22	20471	9
22	20472	9
22	20473	9
22	20474	10
22	20475	10
22	20476	10
22	20477	10
22	20478	10
22	20479	12
22	20480	12
22	20481	12
22	20482	12
22	20483	12
22	20484	12
22	20485	12
22	20486	12
22	20487	12
22	20488	10
22	20489	10
22	20490	10
22	20491	10
22	20492	10
22	20493	10
22	20494	10
22	20495	10
22	20496	10
22	20497	12
22	20498	12
22	20499	12
22	20500	12
22	20501	12
22	20502	12
22	20503	12
22	20504	12
22	20505	12
22	20506	13
22	20507	13
22	20508	13
22	20509	13
22	20510	13
22	20511	13
22	20512	13
22	20513	13
22	20514	13
22	20515	13
22	20516	13
22	20517	13
22	20518	13
22	20519	13
22	20520	14
22	20521	14
22	20522	14
22	20523	14
22	20524	14
22	20525	14
22	20526	15
22	20527	15
22	20528	15
22	20529	15
22	20530	15
22	20531	15
22	20532	15
22	20533	15
22	20534	17
22	20535	17
22	20536	17
22	20537	17
22	20538	16
22	20539	16
22	20540	15
22	20541	15
22	20542	15
22	20543	15
22	20544	15
22	20545	15
22	20546	15
22	20547	15
22	20548	15
22	20549	15
22	20550	15
22	20551	15
22	20552	15
22	20553	15
22	20554	15
22	20555	15
22	20556	15
22	20557	15
22	20558	15
22	20559	15
22	20560	14
22	20561	14
22	20562	14
22	20563	14
22	20564	14
22	20565	14
22	20566	14
22	20567	14
22	20568	14
22	20569	13
22	20570	13
22	20571	13
22	20572	13
22	20573	15
22	20574	15
22	20575	15
22	20576	15
22	20577	15
22	20578	15
22	20579	15
22	20580	15
22	20581	15
22	20582	15
22	20583	15
22	20584	15
22	20585	15
22	20586	15
22	20587	15
22	20588	14
22	20589	14
22	20590	14
22	20591	14
22	20592	14
22	20593	14
22	20594	14
22	20595	14
22	20596	14
22	20597	14
22	20598	14
22	20599	16
22	20600	16
22	20601	16
22	20602	16
22	20603	16
22	20604	16
22	20605	16
22	20606	16
22	20607	16
22	20608	16
22	20609	16
22	20610	16
22	20611	16
22	20612	18
22	20613	18
22	20614	18
22	20615	18
22	20616	18
22	20617	18
22	20618	18
22	20619	18
22	20620	17
22	20621	17
22	20622	18
22	20623	18
22	20624	18
22	20625	18
22	20626	18
22	20627	18
22	20628	18
22	20629	16
22	20630	16
22	20631	16
22	20632	16
22	20633	16
22	20634	16
22	20635	16
22	20636	16
22	20637	16
22	20638	17
22	20639	17
22	20640	17
22	20641	17
22	20642	17
22	20643	17
22	20644	17
22	20645	17
22	20646	17
22	20647	14
22	20648	14
22	20649	14
22	20650	14
22	20651	14
22	20652	14
22	20653	14
22	20654	14
22	20655	14
22	20656	14
22	20657	14
22	20658	14
22	20659	14
22	20660	15
22	20661	16
22	20662	16
22	20663	17
22	20664	17
22	20665	17
22	20666	17
22	20667	17
22	20668	17
22	20669	17
22	20670	16
22	20671	16
22	20672	16
22	20673	16
22	20674	16
22	20675	16
22	20676	15
22	20677	15
22	20678	15
22	20679	15
22	20680	15
22	20681	15
22	20682	15
22	20683	14
22	20684	13
22	20685	13
22	20686	13
22	20687	13
22	20688	13
22	20689	13
22	20690	13
22	20691	13
22	20692	13
22	20693	13
22	20694	13
22	20695	13
22	20696	13
22	20697	13
22	20698	13
22	20699	13
22	20700	13
22	20701	13
22	20702	13
22	20703	14
22	20704	14
22	20705	14
22	20706	14
22	20707	14
22	20708	14
22	20709	14
22	20710	14
22	20711	14
22	20712	14
22	20713	15
22	20714	16
22	20715	16
22	20716	16
22	20717	16
22	20718	16
22	20719	18
22	20720	18
22	20721	18
22	20722	16
22	20723	16
22	20724	16
22	20725	16
22	20726	16
22	20727	16
22	20728	16
22	20729	16
22	20730	16
22	20731	16
22	20732	17
22	20733	17
22	20734	17
22	20735	17
22	20736	17
22	20737	17
22	20738	17
22	20739	17
22	20740	17
22	20741	17
22	20742	17
22	20743	17
22	20744	17
22	20745	17
22	20746	18
22	20747	17
22	20748	17
22	20749	17
22	20750	17
22	20751	17
22	20752	17
22	20753	17
22	20754	17
22	20755	17
22	20756	17
22	20757	17
22	20758	17
22	20759	19
22	20760	19
22	20761	17
22	20762	18
22	20763	18
22	20764	18
22	20765	18
22	20766	18
22	20767	18
22	20768	18
22	20769	18
22	20770	18
22	20771	19
22	20772	18
22	20773	18
22	20774	18
22	20775	18
22	20776	18
22	20777	18
22	20778	19
22	20779	19
22	20780	20
22	20781	20
22	20782	20
22	20783	20
22	20784	20
22	20785	20
22	20786	20
22	20787	19
22	20788	19
22	20789	19
22	20790	19
22	20791	19
22	20792	19
22	20793	19
22	20794	19
22	20795	19
22	20796	19
22	20797	19
22	20798	19
22	20799	19
22	20800	19
22	20801	19
22	20802	19
22	20803	19
22	20804	19
22	20805	18
22	20806	18
22	20807	18
22	20808	18
22	20809	18
22	20810	17
22	20811	16
22	20812	16
22	20813	16
22	20814	16
22	20815	16
22	20816	16
22	20817	16
22	20818	16
22	20819	16
22	20820	16
22	20821	16
22	20822	16
22	20823	16
22	20824	16
22	20825	16
22	20826	16
22	20827	16
22	20828	15
22	20829	18
22	20830	18
22	20831	18
22	20832	18
22	20833	17
22	20834	17
22	20835	17
22	20836	17
22	20837	17
22	20838	17
22	20839	17
22	20840	17
22	20841	17
22	20842	17
22	20843	17
22	20844	17
22	20845	17
22	20846	18
22	20847	18
22	20848	18
22	20849	18
22	20850	18
22	20851	19
22	20852	19
22	20853	16
22	20854	16
22	20855	16
22	20856	16
22	20857	16
22	20858	16
22	20859	16
22	20860	16
22	20861	16
22	20862	16
22	20863	14
22	20864	14
22	20865	14
22	20866	15
22	20867	15
22	20868	13
22	20869	13
22	20870	13
22	20871	13
22	20872	13
22	20873	13
22	20874	13
22	20875	13
22	20876	13
22	20877	13
22	20878	14
22	20879	14
22	20880	15
22	20881	15
22	20882	14
22	20883	14
22	20884	15
22	20885	15
22	20886	15
22	20887	15
22	20888	15
22	20889	16
22	20890	16
22	20891	16
22	20892	16
22	20893	17
22	20894	18
22	20895	17
22	20896	17
22	20897	16
22	20898	16
22	20899	16
22	20900	16
22	20901	16
22	20902	16
22	20903	16
22	20904	16
22	20905	16
22	20906	16
22	20907	17
22	20908	17
22	20909	17
22	20910	17
22	20911	17
22	20912	16
22	20913	16
22	20914	16
22	20915	16
22	20916	16
22	20917	16
22	20918	16
22	20919	16
22	20920	16
22	20921	16
22	20922	15
22	20923	15
22	20924	15
22	20925	15
22	20926	15
22	20927	15
22	20928	14
22	20929	14
22	20930	13
22	20931	13
22	20932	13
22	20933	13
22	20934	13
22	20935	13
22	20936	13
22	20937	13
22	20938	13
22	20939	13
22	20940	13
22	20941	13
22	20942	14
22	20943	14
22	20944	14
22	20945	14
22	20946	14
22	20947	14
22	20948	14
22	20949	14
22	20950	14
22	20951	14
22	20952	14
22	20953	14
22	20954	14
22	20955	14
22	20956	14
22	20957	14
22	20958	14
22	20959	14
22	20960	14
22	20961	14
22	20962	14
22	20963	13
22	20964	13
22	20965	13
22	20966	13
22	20967	13
22	20968	13
22	20969	13
22	20970	13
22	20971	13
22	20972	13
22	20973	13
22	20974	13
22	20975	13
22	20976	13
22	20977	13
22	20978	13
22	20979	12
22	20980	14
22	20981	14
22	20982	14
22	20983	14
22	20984	14
22	20985	14
22	20986	14
22	20987	14
22	20988	14
22	20989	14
22	20990	14
22	20991	14
22	20992	14
22	20993	14
22	20994	14
22	20995	14
22	20996	13
22	20997	13
22	20998	13
22	20999	13
22	21000	13
22	21001	13
22	21002	13
22	21003	13
22	21004	13
22	21005	13
22	21006	13
22	21007	13
22	21008	13
22	21009	13
22	21010	13
22	21011	13
22	21012	13
22	21013	14
22	21014	14
22	21015	13
22	21016	13
22	21017	13
22	21018	13
22	21019	13
22	21020	13
22	21021	13
22	21022	13
22	21023	13
22	21024	13
22	21025	14
22	21026	14
22	21027	13
22	21028	13
22	21029	12
22	21030	13
22	21031	13
22	21032	13
22	21033	13
22	21034	12
22	21035	15
22	21036	15
22	21037	15
22	21038	15
22	21039	14
22	21040	14
22	21041	14
22	21042	13
22	21043	13
22	21044	12
22	21045	14
22	21046	14
22	21047	14
22	21048	14
22	21049	14
22	21050	17
22	21051	17
22	21052	17
22	21053	17
22	21054	17
22	21055	17
22	21056	18
22	21057	17
22	21058	17
22	21059	17
22	21060	17
22	21061	17
22	21062	17
22	21063	17
22	21064	17
22	21065	17
22	21066	17
22	21067	17
22	21068	17
22	21069	17
22	21070	17
22	21071	17
22	21072	17
22	21073	17
22	21074	17
22	21075	17
22	21076	17
22	21077	17
22	21078	17
22	21079	17
22	21080	17
22	21081	17
22	21082	17
22	21083	17
22	21084	16
22	21085	17
22	21086	17
22	21087	17
22	21088	20
22	21089	20
22	21090	20
22	21091	20
22	21092	19
22	21093	19
22	21094	19
22	21095	19
22	21096	19
22	21097	19
22	21098	19
22	21099	19
22	21100	19
22	21101	19
22	21102	19
22	21103	19
22	21104	19
22	21105	19
22	21106	19
22	21107	25
22	21108	25
22	21109	25
22	21110	25
22	21111	25
22	21112	25
22	21113	25
22	21114	25
22	21115	25
22	21116	25
22	21117	25
22	21118	25
22	21119	25
22	21120	28
22	21121	28
22	21122	28
22	21123	28
22	21124	28
22	21125	28
22	21126	28
22	21127	28
22	21128	32
22	21129	29
22	21130	29
22	21131	29
22	21132	29
22	21133	29
22	21134	30
22	21135	30
22	21136	30
22	21137	30
22	21138	30
22	21139	30
22	21140	30
22	21141	30
22	21142	30
22	21143	30
22	21144	30
22	21145	30
22	21146	30
22	21147	30
22	21148	30
22	21149	30
22	21150	29
22	21151	29
22	21152	29
22	21153	29
22	21154	29
22	21155	29
22	21156	29
22	21157	29
22	21158	29
22	21159	29
22	21160	29
22	21161	29
22	21162	28
22	21163	28
22	21164	28
22	21165	28
22	21166	28
22	21167	28
22	21168	28
22	21169	29
22	21170	29
22	21171	29
22	21172	29
22	21173	29
22	21174	29
22	21175	28
22	21176	28
22	21177	28
22	21178	28
22	21179	28
22	21180	27
22	21181	27
22	21182	27
22	21183	27
22	21184	27
22	21185	24
22	21186	24
22	21187	24
22	21188	24
22	21189	24
22	21190	24
22	21191	24
22	21192	24
22	21193	24
22	21194	22
22	21195	22
22	21196	22
22	21197	24
22	21198	24
22	21199	24
22	21200	22
22	21201	23
22	21202	23
22	21203	23
22	21204	23
22	21205	22
22	21206	22
22	21207	22
22	21208	22
22	21209	22
22	21210	22
22	21211	22
22	21212	22
22	21213	22
22	21214	22
22	21215	22
22	21216	22
22	21217	22
22	21218	22
22	21219	22
22	21220	22
22	21221	22
22	21222	22
22	21223	22
22	21224	23
22	21225	23
22	21226	25
22	21227	25
22	21228	25
22	21229	25
22	21230	25
22	21231	25
22	21232	30
22	21233	31
22	21234	31
22	21235	30
22	21236	30
22	21237	30
22	21238	27
22	21239	27
22	21240	27
22	21241	27
22	21242	27
22	21243	27
22	21244	27
22	21245	27
22	21246	27
22	21247	27
22	21248	27
22	21249	27
22	21250	28
22	21251	28
22	21252	28
22	21253	28
22	21254	28
22	21255	28
22	21256	28
22	21257	22
22	21258	22
22	21259	22
22	21260	22
22	21261	22
22	21262	22
22	21263	22
22	21264	22
22	21265	22
22	21266	22
22	21267	22
22	21268	22
22	21269	22
22	21270	19
22	21271	19
22	21272	19
22	21273	19
22	21274	19
22	21275	19
22	21276	19
22	21277	17
22	21278	15
22	21279	15
22	21280	15
22	21281	15
22	21282	15
22	21283	14
22	21284	14
22	21285	14
22	21286	14
22	21287	14
22	21288	15
22	21289	15
22	21290	15
22	21291	15
22	21292	15
22	21293	15
22	21294	15
22	21295	15
22	21296	15
22	21297	15
22	21298	15
22	21299	15
22	21300	15
22	21301	15
22	21302	15
22	21303	15
22	21304	15
22	21305	15
22	21306	16
22	21307	17
22	21308	17
22	21309	17
22	21310	17
22	21311	17
22	21312	17
22	21313	17
22	21314	17
22	21315	17
22	21316	17
22	21317	17
22	21318	17
22	21319	16
22	21320	16
22	21321	16
22	21322	16
22	21323	16
22	21324	16
22	21325	16
22	21326	16
22	21327	16
22	21328	17
22	21329	17
22	21330	17
22	21331	17
22	21332	17
22	21333	17
22	21334	17
22	21335	17
22	21336	17
22	21337	19
22	21338	20
22	21339	20
22	21340	20
22	21341	20
22	21342	24
22	21343	24
22	21344	24
22	21345	24
22	21346	22
22	21347	22
22	21348	22
22	21349	22
22	21350	21
22	21351	21
22	21352	21
22	21353	21
22	21354	21
22	21355	21
22	21356	21
22	21357	21
22	21358	21
22	21359	21
22	21360	21
22	21361	21
22	21362	21
22	21363	21
22	21364	21
22	21365	22
22	21366	22
22	21367	22
22	21368	22
22	21369	22
22	21370	22
22	21371	23
22	21372	23
22	21373	23
22	21374	22
22	21375	22
22	21376	22
22	21377	22
22	21378	22
22	21379	22
22	21380	22
22	21381	22
22	21382	16
22	21383	16
22	21384	16
22	21385	16
22	21386	16
22	21387	17
22	21388	17
22	21389	17
22	21390	17
22	21391	21
22	21392	24
22	21393	24
22	21394	24
22	21395	24
22	21396	25
22	21397	25
22	21398	25
22	21399	25
22	21400	24
22	21401	24
22	21402	24
22	21403	24
22	21404	26
22	21405	26
22	21406	26
22	21407	26
22	21408	26
22	21409	26
22	21410	26
22	21411	26
22	21412	26
22	21413	26
22	21414	27
22	21415	27
22	21416	27
22	21417	27
22	21418	27
22	21419	27
22	21420	27
22	21421	27
22	21422	27
22	21423	27
22	21424	27
22	21425	27
22	21426	27
22	21427	27
22	21428	27
22	21429	27
22	21430	27
22	21431	27
22	21432	27
22	21433	27
22	21434	27
22	21435	27
22	21436	27
22	21437	27
22	21438	27
22	21439	27
22	21440	27
22	21441	27
22	21442	27
22	21443	27
22	21444	27
22	21445	27
22	21446	27
22	21447	27
22	21448	27
22	21449	28
22	21450	28
22	21451	28
22	21452	28
22	21453	27
22	21454	27
22	21455	27
22	21456	27
22	21457	26
22	21458	26
22	21459	26
22	21460	26
22	21461	26
22	21462	26
22	21463	26
22	21464	26
22	21465	26
22	21466	26
22	21467	26
22	21468	26
22	21469	26
22	21470	26
22	21471	26
22	21472	26
22	21473	26
22	21474	27
22	21475	27
22	21476	27
22	21477	27
22	21478	26
22	21479	26
22	21480	26
22	21481	26
22	21482	26
22	21483	26
22	21484	26
22	21485	26
22	21486	26
22	21487	23
22	21488	23
22	21489	23
22	21490	23
22	21491	23
22	21492	19
22	21493	19
22	21494	19
22	21495	20
22	21496	20
22	21497	20
22	21498	20
22	21499	20
22	21500	21
22	21501	21
22	21502	23
22	21503	23
22	21504	23
22	21505	23
22	21506	23
22	21507	23
22	21508	23
22	21509	23
22	21510	23
22	21511	24
22	21512	24
22	21513	24
22	21514	23
22	21515	23
22	21516	23
22	21517	23
22	21518	23
22	21519	23
22	21520	22
22	21521	22
22	21522	22
22	21523	20
22	21524	20
22	21525	20
22	21526	20
22	21527	20
22	21528	20
22	21529	20
22	21530	20
22	21531	20
22	21532	20
22	21533	20
22	21534	20
22	21535	20
22	21536	20
22	21537	19
22	21538	19
22	21539	23
22	21540	19
22	21541	19
22	21542	16
22	21543	16
22	21544	16
22	21545	16
22	21546	15
22	21547	15
22	21548	16
22	21549	16
22	21550	16
22	21551	16
22	21552	16
22	21553	16
22	21554	14
22	21555	14
22	21556	15
22	21557	15
22	21558	15
22	21559	15
22	21560	15
22	21561	15
22	21562	15
22	21563	15
22	21564	16
22	21565	16
22	21566	16
22	21567	16
22	21568	16
22	21569	16
22	21570	16
22	21571	16
22	21572	17
22	21573	17
22	21574	17
22	21575	17
22	21576	17
22	21577	17
22	21578	18
22	21579	18
22	21580	18
22	21581	18
22	21582	18
22	21583	18
22	21584	18
22	21585	18
22	21586	18
22	21587	17
22	21588	17
22	21589	17
22	21590	17
22	21591	17
22	21592	17
22	21593	17
22	21594	17
22	21595	17
22	21596	17
22	21597	17
22	21598	17
22	21599	16
22	21600	16
22	21601	16
22	21602	16
22	21603	16
22	21604	16
22	21605	16
22	21606	16
22	21607	16
22	21608	16
22	21609	16
22	21610	16
22	21611	16
22	21612	16
22	21613	17
22	21614	17
22	21615	17
22	21616	17
22	21617	17
22	21618	17
22	21619	17
22	21620	17
22	21621	17
22	21622	17
22	21623	17
22	21624	16
22	21625	16
22	21626	17
22	21627	17
22	21628	17
22	21629	17
22	21630	17
22	21631	17
22	21632	17
22	21633	17
22	21634	17
22	21635	17
22	21636	18
22	21637	18
22	21638	18
22	21639	18
22	21640	18
22	21641	19
22	21642	19
22	21643	19
22	21644	19
22	21645	18
22	21646	18
22	21647	18
22	21648	18
22	21649	18
22	21650	17
22	21651	17
22	21652	15
22	21653	15
22	21654	15
22	21655	15
22	21656	15
22	21657	15
22	21658	15
22	21659	15
22	21660	15
22	21661	14
22	21662	14
22	21663	14
22	21664	14
22	21665	14
22	21666	14
22	21667	14
22	21668	14
22	21669	14
22	21670	14
22	21671	14
22	21672	14
22	21673	14
22	21674	14
22	21675	14
22	21676	14
22	21677	14
22	21678	14
22	21679	14
22	21680	14
22	21681	14
22	21682	14
22	21683	14
22	21684	14
22	21685	14
22	21686	14
22	21687	10
22	21688	10
22	21689	10
22	21690	10
22	21691	10
22	21692	10
22	21693	10
22	21694	10
22	21695	10
22	21696	9
22	21697	11
22	21698	11
22	21699	11
22	21700	11
22	21701	11
22	21702	11
22	21703	12
22	21704	12
22	21705	14
22	21706	13
22	21707	13
22	21708	13
22	21709	13
22	21710	13
22	21711	13
22	21712	13
22	21713	13
22	21714	11
22	21715	11
22	21716	11
22	21717	11
22	21718	11
22	21719	11
22	21720	12
22	21721	11
22	21722	11
22	21723	11
22	21724	11
22	21725	12
22	21726	12
22	21727	12
22	21728	12
22	21729	12
22	21730	12
22	21731	12
22	21732	12
22	21733	12
22	21734	12
22	21735	12
22	21736	12
22	21737	12
22	21738	12
22	21739	13
22	21740	13
22	21741	13
22	21742	13
22	21743	13
22	21744	13
22	21745	13
22	21746	13
22	21747	14
22	21748	14
22	21749	14
22	21750	14
22	21751	14
22	21752	14
22	21753	14
22	21754	15
22	21755	15
22	21756	15
22	21757	16
22	21758	16
22	21759	16
22	21760	16
22	21761	16
22	21762	16
22	21763	15
22	21764	16
22	21765	16
22	21766	16
22	21767	16
22	21768	21
22	21769	21
22	21770	21
22	21771	21
22	21772	21
22	21773	21
22	21774	21
22	21775	20
22	21776	20
22	21777	20
22	21778	20
22	21779	20
22	21780	20
22	21781	20
22	21782	20
22	21783	20
22	21784	20
22	21785	20
22	21786	19
22	21787	19
22	21788	19
22	21789	19
22	21790	19
22	21791	18
22	21792	18
22	21793	18
22	21794	18
22	21795	18
22	21796	19
22	21797	19
22	21798	19
22	21799	19
22	21800	20
22	21801	21
22	21802	21
22	21803	21
22	21804	21
22	21805	21
22	21806	21
22	21807	21
22	21808	21
22	21809	21
22	21810	21
22	21811	21
22	21812	21
22	21813	21
22	21814	21
22	21815	21
22	21816	21
22	21817	21
22	21818	21
22	21819	21
22	21820	21
22	21821	21
22	21822	21
22	21823	21
22	21824	21
22	21825	21
22	21826	21
22	21827	22
22	21828	22
22	21829	22
22	21830	22
22	21831	22
22	21832	22
22	21833	22
22	21834	22
22	21835	22
22	21836	22
22	21837	22
22	21838	22
22	21839	22
22	21840	22
22	21841	22
22	21842	22
22	21843	22
22	21844	22
22	21845	22
22	21846	22
22	21847	20
22	21848	20
22	21849	20
22	21850	20
22	21851	20
22	21852	19
22	21853	19
22	21854	19
22	21855	17
22	21856	17
22	21857	17
22	21858	17
22	21859	18
22	21860	18
22	21861	18
22	21862	18
22	21863	18
22	21864	18
22	21865	18
22	21866	18
22	21867	18
22	21868	18
22	21869	17
22	21870	17
22	21871	17
22	21872	17
22	21873	17
22	21874	16
22	21875	16
22	21876	16
22	21877	15
22	21878	15
22	21879	15
22	21880	15
22	21881	15
22	21882	15
22	21883	15
22	21884	15
22	21885	16
22	21886	16
22	21887	16
22	21888	16
22	21889	13
22	21890	13
22	21891	13
22	21892	13
22	21893	13
22	21894	13
22	21895	13
22	21896	13
22	21897	13
22	21898	13
22	21899	13
22	21900	13
22	21901	13
22	21902	13
22	21903	13
22	21904	14
22	21905	14
22	21906	14
22	21907	13
22	21908	13
22	21909	13
22	21910	13
22	21911	13
22	21912	13
22	21913	12
22	21914	12
22	21915	12
22	21916	12
22	21917	9
22	21918	9
22	21919	9
22	21920	9
22	21921	9
22	21922	9
22	21923	9
22	21924	9
22	21925	9
22	21926	9
22	21927	9
22	21928	9
22	21929	9
22	21930	9
22	21931	9
22	21932	9
22	21933	10
22	21934	10
22	21935	10
22	21936	11
22	21937	12
22	21938	12
22	21939	12
22	21940	12
22	21941	12
22	21942	12
22	21943	12
22	21944	12
22	21945	12
22	21946	11
22	21947	11
22	21948	11
22	21949	11
22	21950	10
22	21951	9
22	21952	9
22	21953	9
22	21954	9
22	21955	9
22	21956	9
22	21957	10
22	21958	10
22	21959	10
22	21960	10
22	21961	10
22	21962	10
22	21963	10
22	21964	10
22	21965	10
22	21966	10
22	21967	10
22	21968	10
22	21969	10
22	21970	10
22	21971	10
22	21972	10
22	21973	10
22	21974	10
22	21975	10
22	21976	9
22	21977	9
22	21978	9
22	21979	9
22	21980	9
22	21981	9
22	21982	9
22	21983	11
22	21984	11
22	21985	11
22	21986	11
22	21987	13
22	21988	13
22	21989	13
22	21990	13
22	21991	13
22	21992	13
22	21993	13
22	21994	13
22	21995	13
22	21996	13
22	21997	13
22	21998	13
22	21999	13
22	22000	13
22	22001	13
22	22002	13
22	22003	13
22	22004	13
22	22005	13
22	22006	13
22	22007	13
22	22008	13
22	22009	12
22	22010	12
22	22011	12
22	22012	12
22	22013	12
22	22014	12
22	22015	12
22	22016	12
22	22017	12
22	22018	12
22	22019	12
22	22020	12
22	22021	12
22	22022	12
22	22023	13
22	22024	13
22	22025	14
22	22026	15
22	22027	15
22	22028	15
22	22029	15
22	22030	15
22	22031	15
22	22032	15
22	22033	15
22	22034	14
22	22035	14
22	22036	15
22	22037	15
22	22038	15
22	22039	15
22	22040	15
22	22041	15
22	22042	15
22	22043	14
22	22044	14
22	22045	14
22	22046	14
22	22047	14
22	22048	14
22	22049	14
22	22050	15
22	22051	15
22	22052	15
22	22053	15
22	22054	13
22	22055	13
22	22056	13
22	22057	13
22	22058	13
22	22059	13
22	22060	13
22	22061	13
22	22062	13
22	22063	13
22	22064	13
22	22065	13
22	22066	13
22	22067	13
22	22068	13
22	22069	13
22	22070	13
22	22071	13
22	22072	13
22	22073	14
22	22074	14
22	22075	14
22	22076	14
22	22077	14
22	22078	14
22	22079	14
22	22080	14
22	22081	14
22	22082	14
22	22083	13
22	22084	13
22	22085	13
22	22086	12
22	22087	11
22	22088	11
22	22089	11
22	22090	11
22	22091	11
22	22092	11
22	22093	11
22	22094	11
22	22095	11
22	22096	11
22	22097	11
22	22098	11
22	22099	11
22	22100	11
22	22101	11
22	22102	11
22	22103	11
22	22104	11
22	22105	11
22	22106	11
22	22107	10
22	22108	10
22	22109	10
22	22110	10
22	22111	10
22	22112	10
22	22113	10
22	22114	10
22	22115	10
22	22116	10
22	22117	10
22	22118	10
22	22119	10
22	22120	10
22	22121	10
22	22122	10
22	22123	10
22	22124	10
22	22125	10
22	22126	10
22	22127	10
22	22128	10
22	22129	10
22	22130	10
22	22131	10
22	22132	8
22	22133	8
22	22134	8
22	22135	9
22	22136	9
22	22137	7
22	22138	7
22	22139	7
22	22140	7
22	22141	7
22	22142	7
22	22143	7
22	22144	7
22	22145	7
22	22146	7
22	22147	7
22	22148	7
22	22149	7
22	22150	7
22	22151	7
22	22152	7
22	22153	7
22	22154	7
22	22155	7
22	22156	7
22	22157	7
22	22158	7
22	22159	7
22	22160	7
22	22161	7
22	22162	7
22	22163	8
22	22164	8
22	22165	8
22	22166	8
22	22167	8
22	22168	8
22	22169	8
22	22170	8
22	22171	8
22	22172	8
22	22173	7
22	22174	7
22	22175	6
22	22176	5
22	22177	5
22	22178	5
22	22179	5
22	22180	5
22	22181	5
22	22182	5
22	22183	5
22	22184	5
22	22185	4
22	22186	4
22	22187	5
22	22188	5
22	22189	5
22	22190	5
22	22191	5
22	22192	5
22	22193	5
22	22194	5
22	22195	5
22	22196	5
22	22197	5
22	22198	5
22	22199	5
22	22200	4
22	22201	4
22	22202	4
22	22203	4
22	22204	4
22	22205	4
22	22206	4
22	22207	4
22	22208	4
22	22209	4
22	22210	4
22	22211	4
22	22212	4
22	22213	5
22	22214	5
22	22215	5
22	22216	5
22	22217	5
22	22218	5
22	22219	5
22	22220	5
22	22221	5
22	22222	4
22	22223	4
22	22224	4
22	22225	4
22	22226	4
22	22227	4
22	22228	4
22	22229	4
22	22230	4
22	22231	4
22	22232	4
22	22233	4
22	22234	4
22	22235	4
22	22236	4
22	22237	4
22	22238	4
22	22239	4
22	22240	4
22	22241	4
22	22242	4
22	22243	4
22	22244	4
22	22245	4
22	22246	4
22	22247	4
22	22248	4
22	22249	4
22	22250	4
22	22251	4
22	22252	4
22	22253	4
22	22254	4
22	22255	4
22	22256	4
22	22257	4
22	22258	4
22	22259	4
22	22260	4
22	22261	4
22	22262	4
22	22263	4
22	22264	4
22	22265	4
22	22266	4
22	22267	4
22	22268	4
22	22269	4
22	22270	4
22	22271	4
22	22272	5
22	22273	6
22	22274	6
22	22275	6
22	22276	6
22	22277	6
22	22278	6
22	22279	6
22	22280	7
22	22281	8
22	22282	8
22	22283	8
22	22284	8
22	22285	7
22	22286	7
22	22287	7
22	22288	9
22	22289	9
22	22290	9
22	22291	9
22	22292	9
22	22293	9
22	22294	9
22	22295	9
22	22296	9
22	22297	9
22	22298	9
22	22299	9
22	22300	9
22	22301	9
22	22302	9
22	22303	9
22	22304	11
22	22305	11
22	22306	11
22	22307	11
22	22308	11
22	22309	11
22	22310	11
22	22311	11
22	22312	11
22	22313	10
22	22314	10
22	22315	10
22	22316	10
22	22317	10
22	22318	10
22	22319	10
22	22320	10
22	22321	10
22	22322	10
22	22323	10
22	22324	10
22	22325	10
22	22326	10
22	22327	10
22	22328	10
22	22329	10
22	22330	10
22	22331	10
22	22332	10
22	22333	10
22	22334	10
22	22335	10
22	22336	9
22	22337	9
22	22338	9
22	22339	9
22	22340	9
22	22341	9
22	22342	9
22	22343	9
22	22344	9
22	22345	9
22	22346	9
22	22347	9
22	22348	9
22	22349	9
22	22350	9
22	22351	9
22	22352	9
22	22353	9
22	22354	9
22	22355	9
22	22356	9
22	22357	9
22	22358	9
22	22359	9
22	22360	9
22	22361	9
22	22362	8
22	22363	8
22	22364	8
22	22365	8
22	22366	8
22	22367	8
22	22368	8
22	22369	8
22	22370	8
22	22371	8
22	22372	8
22	22373	8
22	22374	8
22	22375	8
22	22376	8
22	22377	8
22	22378	8
22	22379	8
22	22380	8
22	22381	8
22	22382	8
22	22383	8
22	22384	8
22	22385	8
22	22386	8
22	22387	8
22	22388	8
22	22389	8
22	22390	8
22	22391	8
22	22392	8
22	22393	8
22	22394	8
22	22395	8
22	22396	8
22	22397	8
22	22398	8
22	22399	8
22	22400	8
22	22401	8
22	22402	8
22	22403	8
22	22404	8
22	22405	8
22	22406	8
22	22407	8
22	22408	8
22	22409	8
22	22410	8
22	22411	8
22	22412	8
22	22413	8
22	22414	8
22	22415	8
22	22416	8
22	22417	8
22	22418	8
22	22419	8
22	22420	8
22	22421	8
22	22422	6
22	22423	6
22	22424	6
22	22425	6
22	22426	6
22	22427	6
22	22428	6
22	22429	7
22	22430	7
22	22431	6
22	22432	6
22	22433	6
22	22434	6
22	22435	6
22	22436	4
22	22437	4
22	22438	4
22	22439	4
22	22440	4
22	22441	4
22	22442	4
22	22443	4
22	22444	4
22	22445	4
22	22446	4
22	22447	4
22	22448	4
22	22449	4
22	22450	4
22	22451	4
22	22452	4
22	22453	4
22	22454	4
22	22455	4
22	22456	4
22	22457	4
22	22458	4
22	22459	4
22	22460	4
22	22461	4
22	22462	4
22	22463	4
22	22464	4
22	22465	4
22	22466	4
22	22467	4
22	22468	4
22	22469	4
22	22470	4
22	22471	4
22	22472	6
22	22473	6
22	22474	6
22	22475	6
22	22476	6
22	22477	6
22	22478	6
22	22479	6
22	22480	7
22	22481	7
22	22482	7
22	22483	7
22	22484	7
22	22485	9
22	22486	9
22	22487	9
22	22488	9
22	22489	9
22	22490	9
22	22491	9
22	22492	9
22	22493	9
22	22494	9
22	22495	9
22	22496	9
22	22497	9
22	22498	10
22	22499	10
22	22500	10
22	22501	10
22	22502	10
22	22503	10
22	22504	10
22	22505	10
22	22506	10
22	22507	10
22	22508	10
22	22509	10
22	22510	10
22	22511	10
22	22512	10
22	22513	10
22	22514	10
22	22515	10
22	22516	10
22	22517	10
22	22518	10
22	22519	10
22	22520	10
22	22521	10
22	22522	10
22	22523	10
22	22524	10
22	22525	10
22	22526	10
22	22527	10
22	22528	10
22	22529	10
22	22530	10
22	22531	10
22	22532	10
22	22533	10
22	22534	10
22	22535	10
22	22536	10
22	22537	10
22	22538	10
22	22539	11
22	22540	11
22	22541	11
22	22542	11
22	22543	11
22	22544	11
22	22545	11
22	22546	11
22	22547	11
22	22548	11
22	22549	11
22	22550	11
22	22551	11
22	22552	11
22	22553	11
22	22554	11
22	22555	11
22	22556	11
22	22557	11
22	22558	11
22	22559	11
22	22560	11
22	22561	11
22	22562	11
22	22563	11
22	22564	11
22	22565	11
22	22566	10
22	22567	10
22	22568	10
22	22569	10
22	22570	10
22	22571	10
22	22572	10
22	22573	10
22	22574	10
22	22575	10
22	22576	9
22	22577	9
22	22578	9
22	22579	9
22	22580	9
22	22581	9
22	22582	9
22	22583	9
22	22584	9
22	22585	9
22	22586	9
22	22587	9
22	22588	9
22	22589	9
22	22590	9
22	22591	9
22	22592	9
22	22593	9
22	22594	10
22	22595	10
22	22596	10
22	22597	10
22	22598	10
22	22599	10
22	22600	10
22	22601	10
22	22602	10
22	22603	9
22	22604	9
22	22605	9
22	22606	9
22	22607	9
22	22608	9
22	22609	10
22	22610	10
22	22611	11
22	22612	11
22	22613	11
22	22614	11
22	22615	11
22	22616	11
22	22617	11
22	22618	11
22	22619	11
22	22620	9
22	22621	9
22	22622	7
22	22623	7
22	22624	8
22	22625	8
22	22626	8
22	22627	8
22	22628	8
22	22629	8
22	22630	7
22	22631	7
22	22632	7
22	22633	7
22	22634	7
22	22635	7
22	22636	7
22	22637	7
22	22638	7
22	22639	7
22	22640	8
22	22641	8
22	22642	8
22	22643	8
22	22644	8
22	22645	8
22	22646	8
22	22647	7
22	22648	7
22	22649	8
22	22650	8
22	22651	8
22	22652	8
22	22653	8
22	22654	8
22	22655	8
22	22656	8
22	22657	8
22	22658	8
22	22659	8
22	22660	8
22	22661	8
22	22662	8
22	22663	8
22	22664	8
22	22665	8
22	22666	8
22	22667	8
22	22668	8
22	22669	8
22	22670	8
22	22671	8
22	22672	8
22	22673	8
22	22674	8
22	22675	8
22	22676	8
22	22677	8
22	22678	8
22	22679	8
22	22680	8
22	22681	8
22	22682	8
22	22683	8
22	22684	8
22	22685	8
22	22686	8
22	22687	8
22	22688	8
22	22689	7
22	22690	7
22	22691	8
22	22692	8
22	22693	8
22	22694	8
22	22695	11
22	22696	11
22	22697	11
22	22698	11
22	22699	11
22	22700	11
22	22701	11
22	22702	11
22	22703	11
22	22704	11
22	22705	12
22	22706	12
22	22707	14
22	22708	14
22	22709	14
22	22710	14
22	22711	14
22	22712	14
22	22713	14
22	22714	14
22	22715	14
22	22716	14
22	22717	14
22	22718	14
22	22719	14
22	22720	14
22	22721	14
22	22722	14
22	22723	13
22	22724	13
22	22725	13
22	22726	13
22	22727	13
22	22728	14
22	22729	14
22	22730	14
22	22731	14
22	22732	14
22	22733	14
22	22734	14
22	22735	15
22	22736	15
22	22737	15
22	22738	15
22	22739	15
22	22740	15
22	22741	15
22	22742	14
22	22743	14
22	22744	14
22	22745	14
22	22746	14
22	22747	14
22	22748	14
22	22749	14
22	22750	14
22	22751	14
22	22752	14
22	22753	14
22	22754	14
22	22755	14
22	22756	14
22	22757	14
22	22758	12
22	22759	12
22	22760	12
22	22761	12
22	22762	12
22	22763	12
22	22764	12
22	22765	12
22	22766	12
22	22767	12
22	22768	12
22	22769	12
22	22770	12
22	22771	12
22	22772	11
22	22773	11
22	22774	11
22	22775	11
22	22776	11
22	22777	11
22	22778	11
22	22779	11
22	22780	11
22	22781	11
22	22782	11
22	22783	11
22	22784	11
22	22785	11
22	22786	11
22	22787	11
22	22788	11
22	22789	11
22	22790	10
22	22791	10
22	22792	10
22	22793	10
22	22794	10
22	22795	10
22	22796	10
22	22797	10
22	22798	11
22	22799	10
22	22800	11
22	22801	11
22	22802	11
22	22803	11
22	22804	11
22	22805	11
22	22806	11
22	22807	11
22	22808	11
22	22809	11
22	22810	11
22	22811	11
22	22812	11
22	22813	11
22	22814	11
22	22815	11
22	22816	11
22	22817	11
22	22818	11
22	22819	12
22	22820	13
22	22821	13
22	22822	13
22	22823	13
22	22824	13
22	22825	13
22	22826	14
22	22827	14
22	22828	14
22	22829	14
22	22830	14
22	22831	15
22	22832	15
22	22833	15
22	22834	15
22	22835	15
22	22836	17
22	22837	17
22	22838	17
22	22839	16
22	22840	16
22	22841	16
22	22842	16
22	22843	16
22	22844	16
22	22845	13
22	22846	13
22	22847	13
22	22848	13
22	22849	13
22	22850	13
22	22851	13
22	22852	13
22	22853	13
22	22854	13
22	22855	13
22	22856	12
22	22857	11
22	22858	11
22	22859	11
22	22860	11
22	22861	11
22	22862	11
22	22863	11
22	22864	11
22	22865	11
22	22866	11
22	22867	11
22	22868	12
22	22869	12
22	22870	12
22	22871	12
22	22872	12
22	22873	12
22	22874	13
22	22875	13
22	22876	12
22	22877	12
22	22878	12
22	22879	12
22	22880	12
22	22881	12
22	22882	12
22	22883	11
22	22884	11
22	22885	11
22	22886	11
22	22887	11
22	22888	11
22	22889	11
22	22890	11
22	22891	11
22	22892	11
22	22893	11
22	22894	11
22	22895	11
22	22896	11
22	22897	11
22	22898	11
22	22899	11
22	22900	11
22	22901	11
22	22902	11
22	22903	11
22	22904	11
22	22905	11
22	22906	11
22	22907	11
22	22908	11
22	22909	11
22	22910	11
22	22911	10
22	22912	10
22	22913	11
22	22914	11
22	22915	11
22	22916	11
22	22917	11
22	22918	11
22	22919	11
22	22920	11
22	22921	11
22	22922	11
22	22923	11
22	22924	11
22	22925	11
22	22926	11
22	22927	11
22	22928	11
22	22929	11
22	22930	11
22	22931	11
22	22932	11
22	22933	11
22	22934	11
22	22935	11
22	22936	11
22	22937	11
22	22938	11
22	22939	11
22	22940	10
22	22941	11
22	22942	11
22	22943	11
22	22944	11
22	22945	11
22	22946	11
22	22947	11
22	22948	10
22	22949	10
22	22950	9
22	22951	10
22	22952	10
22	22953	10
22	22954	10
22	22955	10
22	22956	10
22	22957	10
22	22958	10
22	22959	10
22	22960	11
22	22961	11
22	22962	12
22	22963	12
22	22964	12
22	22965	12
22	22966	12
22	22967	12
22	22968	12
22	22969	12
22	22970	11
22	22971	11
22	22972	11
22	22973	11
22	22974	11
22	22975	10
22	22976	10
22	22977	10
22	22978	10
22	22979	10
22	22980	10
22	22981	9
22	22982	9
22	22983	9
22	22984	9
22	22985	9
22	22986	7
22	22987	7
22	22988	7
22	22989	7
22	22990	7
22	22991	7
22	22992	7
22	22993	7
22	22994	7
22	22995	7
22	22996	7
22	22997	7
22	22998	8
22	22999	8
22	23000	8
22	23001	8
22	23002	8
22	23003	8
22	23004	8
22	23005	8
22	23006	8
22	23007	8
22	23008	8
22	23009	8
22	23010	8
22	23011	8
22	23012	8
22	23013	8
22	23014	8
22	23015	8
22	23016	8
22	23017	8
22	23018	8
22	23019	7
22	23020	7
22	23021	7
22	23022	7
22	23023	8
22	23024	7
22	23025	7
22	23026	7
22	23027	7
22	23028	7
22	23029	7
22	23030	7
22	23031	7
22	23032	7
22	23033	7
22	23034	7
22	23035	7
22	23036	7
22	23037	7
22	23038	7
22	23039	7
22	23040	7
22	23041	7
22	23042	7
22	23043	7
22	23044	7
22	23045	7
22	23046	7
22	23047	7
22	23048	9
22	23049	9
22	23050	9
22	23051	9
22	23052	9
22	23053	9
22	23054	9
22	23055	9
22	23056	9
22	23057	9
22	23058	9
22	23059	9
22	23060	9
22	23061	9
22	23062	9
22	23063	8
22	23064	8
22	23065	8
22	23066	8
22	23067	8
22	23068	8
22	23069	8
22	23070	8
22	23071	8
22	23072	8
22	23073	8
22	23074	8
22	23075	8
22	23076	8
22	23077	8
22	23078	8
22	23079	8
22	23080	8
22	23081	8
22	23082	8
22	23083	8
22	23084	8
22	23085	8
22	23086	8
22	23087	8
22	23088	8
22	23089	8
22	23090	8
22	23091	8
22	23092	8
22	23093	8
22	23094	8
22	23095	8
22	23096	8
22	23097	8
22	23098	8
22	23099	9
22	23100	10
22	23101	9
22	23102	9
22	23103	9
22	23104	11
22	23105	11
22	23106	11
22	23107	10
22	23108	8
22	23109	8
22	23110	8
22	23111	8
22	23112	7
22	23113	7
22	23114	7
22	23115	7
22	23116	7
22	23117	7
22	23118	6
22	23119	6
22	23120	6
22	23121	6
22	23122	6
22	23123	7
22	23124	7
22	23125	7
22	23126	7
22	23127	7
22	23128	7
22	23129	7
22	23130	7
22	23131	7
22	23132	7
22	23133	7
22	23134	7
22	23135	7
22	23136	7
22	23137	7
22	23138	7
22	23139	7
22	23140	7
22	23141	7
22	23142	7
22	23143	8
22	23144	8
22	23145	8
22	23146	8
22	23147	7
22	23148	7
22	23149	7
22	23150	7
22	23151	8
22	23152	8
22	23153	8
22	23154	8
22	23155	8
22	23156	9
22	23157	9
22	23158	9
22	23159	9
22	23160	9
22	23161	9
22	23162	9
22	23163	9
22	23164	10
22	23165	10
22	23166	10
22	23167	10
22	23168	10
22	23169	10
22	23170	10
22	23171	10
22	23172	10
22	23173	9
22	23174	9
22	23175	9
22	23176	9
22	23177	9
22	23178	9
22	23179	9
22	23180	9
22	23181	9
22	23182	9
22	23183	9
22	23184	9
22	23185	9
22	23186	9
22	23187	9
22	23188	9
22	23189	9
22	23190	9
22	23191	9
22	23192	9
22	23193	9
22	23194	9
22	23195	9
22	23196	9
22	23197	9
22	23198	9
22	23199	9
22	23200	9
22	23201	9
22	23202	9
22	23203	9
22	23204	9
22	23205	9
22	23206	9
22	23207	9
22	23208	9
22	23209	9
22	23210	9
22	23211	9
22	23212	9
22	23213	9
22	23214	9
22	23215	9
22	23216	9
22	23217	9
22	23218	9
22	23219	9
22	23220	9
22	23221	9
22	23222	9
22	23223	9
22	23224	10
22	23225	10
22	23226	11
22	23227	11
22	23228	11
22	23229	11
22	23230	11
22	23231	11
22	23232	12
22	23233	12
22	23234	12
22	23235	12
22	23236	12
22	23237	13
22	23238	13
22	23239	13
22	23240	13
22	23241	13
22	23242	13
22	23243	13
22	23244	13
22	23245	12
22	23246	12
22	23247	11
22	23248	11
22	23249	11
22	23250	11
22	23251	11
22	23252	11
22	23253	11
22	23254	9
22	23255	9
22	23256	9
22	23257	9
22	23258	9
22	23259	9
22	23260	9
22	23261	9
22	23262	9
22	23263	9
22	23264	9
22	23265	9
22	23266	9
22	23267	9
22	23268	9
22	23269	9
22	23270	9
22	23271	9
22	23272	9
22	23273	8
22	23274	8
22	23275	8
22	23276	8
22	23277	8
22	23278	8
22	23279	9
22	23280	9
22	23281	9
22	23282	9
22	23283	9
22	23284	9
22	23285	9
22	23286	9
22	23287	9
22	23288	9
22	23289	9
22	23290	9
22	23291	9
22	23292	9
22	23293	8
22	23294	8
22	23295	8
22	23296	8
22	23297	8
22	23298	8
22	23299	8
22	23300	8
22	23301	7
22	23302	7
22	23303	7
22	23304	7
22	23305	7
22	23306	6
22	23307	6
22	23308	6
22	23309	6
22	23310	6
22	23311	6
22	23312	6
22	23313	5
22	23314	5
22	23315	5
22	23316	5
22	23317	5
22	23318	5
22	23319	5
22	23320	5
22	23321	5
22	23322	5
22	23323	5
22	23324	5
22	23325	5
22	23326	5
22	23327	5
22	23328	5
22	23329	5
22	23330	5
22	23331	5
22	23332	5
22	23333	5
22	23334	6
22	23335	6
22	23336	7
22	23337	7
22	23338	7
22	23339	7
22	23340	7
22	23341	7
22	23342	7
22	23343	7
22	23344	7
22	23345	7
22	23346	7
22	23347	7
22	23348	7
22	23349	7
22	23350	7
22	23351	8
22	23352	8
22	23353	8
22	23354	8
22	23355	8
22	23356	8
22	23357	8
22	23358	8
22	23359	8
22	23360	8
22	23361	8
22	23362	9
22	23363	9
22	23364	9
22	23365	11
22	23366	11
22	23367	11
22	23368	11
22	23369	11
22	23370	11
22	23371	11
22	23372	11
22	23373	11
22	23374	10
22	23375	10
22	23376	9
22	23377	9
22	23378	9
22	23379	9
22	23380	9
22	23381	10
22	23382	9
22	23383	9
22	23384	9
22	23385	9
22	23386	9
22	23387	8
22	23388	8
22	23389	8
22	23390	8
22	23391	8
22	23392	8
22	23393	8
22	23394	8
22	23395	8
22	23396	8
22	23397	8
22	23398	8
22	23399	8
22	23400	8
22	23401	8
22	23402	8
22	23403	8
22	23404	8
22	23405	8
22	23406	8
22	23407	8
22	23408	8
22	23409	8
22	23410	9
22	23411	9
22	23412	9
22	23413	9
22	23414	9
22	23415	9
22	23416	9
22	23417	11
22	23418	11
22	23419	11
22	23420	13
22	23421	14
22	23422	14
22	23423	14
22	23424	14
22	23425	14
22	23426	14
22	23427	14
22	23428	14
22	23429	13
22	23430	13
22	23431	13
22	23432	13
22	23433	13
22	23434	13
22	23435	13
22	23436	13
22	23437	13
22	23438	13
22	23439	13
22	23440	13
22	23441	13
22	23442	13
22	23443	13
22	23444	13
22	23445	13
22	23446	13
22	23447	13
22	23448	15
22	23449	15
22	23450	15
22	23451	15
22	23452	15
22	23453	15
22	23454	15
22	23455	16
22	23456	16
22	23457	16
22	23458	16
22	23459	16
22	23460	16
22	23461	16
22	23462	16
22	23463	16
22	23464	16
22	23465	16
22	23466	16
22	23467	16
22	23468	16
22	23469	16
22	23470	16
22	23471	16
22	23472	16
22	23473	16
22	23474	16
22	23475	16
22	23476	17
22	23477	17
22	23478	17
22	23479	17
22	23480	17
22	23481	17
22	23482	17
22	23483	17
22	23484	16
22	23485	15
22	23486	15
22	23487	15
22	23488	15
22	23489	15
22	23490	15
22	23491	16
22	23492	16
22	23493	16
22	23494	16
22	23495	16
22	23496	16
22	23497	16
22	23498	16
22	23499	16
22	23500	16
22	23501	15
22	23502	15
22	23503	15
22	23504	15
22	23505	15
22	23506	15
22	23507	15
22	23508	15
22	23509	15
22	23510	15
22	23511	15
22	23512	15
22	23513	16
22	23514	16
22	23515	15
22	23516	15
22	23517	15
22	23518	15
22	23519	15
22	23520	15
22	23521	15
22	23522	15
22	23523	15
22	23524	15
22	23525	15
22	23526	15
22	23527	15
22	23528	15
22	23529	14
22	23530	17
22	23531	17
22	23532	17
22	23533	17
22	23534	17
22	23535	17
22	23536	17
22	23537	17
22	23538	17
22	23539	17
22	23540	17
22	23541	17
22	23542	18
22	23543	18
22	23544	18
22	23545	18
22	23546	18
22	23547	19
22	23548	19
22	23549	19
22	23550	19
22	23551	19
22	23552	19
22	23553	19
22	23554	19
22	23555	19
22	23556	19
22	23557	20
22	23558	20
22	23559	21
22	23560	20
22	23561	20
22	23562	20
22	23563	20
22	23564	20
22	23565	20
22	23566	18
22	23567	18
22	23568	18
22	23569	16
22	23570	16
22	23571	15
22	23572	15
22	23573	15
22	23574	15
22	23575	15
22	23576	15
22	23577	15
22	23578	15
22	23579	15
22	23580	15
22	23581	16
22	23582	16
22	23583	17
22	23584	17
22	23585	17
22	23586	17
22	23587	17
22	23588	17
22	23589	17
22	23590	17
22	23591	17
22	23592	17
22	23593	17
22	23594	17
22	23595	17
22	23596	17
22	23597	15
22	23598	15
22	23599	15
22	23600	15
22	23601	15
22	23602	15
22	23603	14
22	23604	14
22	23605	14
22	23606	14
22	23607	14
22	23608	14
22	23609	14
22	23610	14
22	23611	16
22	23612	16
22	23613	16
22	23614	16
22	23615	16
22	23616	16
22	23617	16
22	23618	16
22	23619	16
22	23620	17
22	23621	17
22	23622	19
22	23623	19
22	23624	19
22	23625	18
22	23626	18
22	23627	18
22	23628	18
22	23629	18
22	23630	18
22	23631	16
22	23632	18
22	23633	18
22	23634	18
22	23635	18
22	23636	18
22	23637	18
22	23638	18
22	23639	18
22	23640	18
22	23641	17
22	23642	17
22	23643	18
22	23644	18
22	23645	18
22	23646	18
22	23647	19
22	23648	19
22	23649	19
22	23650	19
22	23651	19
22	23652	19
22	23653	19
22	23654	20
22	23655	20
22	23656	20
22	23657	20
22	23658	20
22	23659	20
22	23660	20
22	23661	20
22	23662	20
22	23663	19
22	23664	19
22	23665	19
22	23666	20
22	23667	20
22	23668	20
22	23669	20
22	23670	20
22	23671	20
22	23672	20
22	23673	20
22	23674	20
22	23675	20
22	23676	20
22	23677	21
22	23678	21
22	23679	19
22	23680	18
22	23681	18
22	23682	18
22	23683	18
22	23684	18
22	23685	20
22	23686	20
22	23687	20
22	23688	20
22	23689	20
22	23690	20
22	23691	20
22	23692	19
22	23693	19
22	23694	19
22	23695	19
22	23696	19
22	23697	18
22	23698	19
22	23699	21
22	23700	21
22	23701	21
22	23702	21
22	23703	21
22	23704	21
22	23705	21
22	23706	22
22	23707	21
22	23708	21
22	23709	20
22	23710	20
22	23711	20
22	23712	20
22	23713	20
22	23714	20
22	23715	20
22	23716	20
22	23717	20
22	23718	20
22	23719	20
22	23720	20
22	23721	20
22	23722	22
22	23723	22
22	23724	22
22	23725	22
22	23726	22
22	23727	22
22	23728	22
22	23729	22
22	23730	22
22	23731	21
22	23732	21
22	23733	20
22	23734	20
22	23735	24
22	23736	25
22	23737	25
22	23738	25
22	23739	25
22	23740	25
22	23741	25
22	23742	26
22	23743	26
22	23744	26
22	23745	26
22	23746	26
22	23747	26
22	23748	26
22	23749	26
22	23750	26
22	23751	26
22	23752	26
22	23753	26
22	23754	26
22	23755	26
22	23756	26
22	23757	26
22	23758	26
22	23759	24
22	23760	24
22	23761	24
22	23762	24
22	23763	24
22	23764	24
22	23765	24
22	23766	24
22	23767	24
22	23768	24
22	23769	24
22	23770	22
22	23771	22
22	23772	22
22	23773	22
22	23774	22
22	23775	22
22	23776	22
22	23777	22
22	23778	22
22	23779	22
22	23780	22
22	23781	22
22	23782	20
22	23783	20
22	23784	20
22	23785	20
22	23786	20
22	23787	21
22	23788	21
22	23789	21
22	23790	21
22	23791	21
22	23792	21
22	23793	20
22	23794	20
22	23795	20
22	23796	20
22	23797	19
22	23798	19
22	23799	19
22	23800	19
22	23801	19
22	23802	19
22	23803	18
22	23804	18
22	23805	18
22	23806	18
22	23807	18
22	23808	18
22	23809	18
22	23810	18
22	23811	18
22	23812	18
22	23813	18
22	23814	18
22	23815	18
22	23816	17
22	23817	17
22	23818	17
22	23819	17
22	23820	17
22	23821	17
22	23822	17
22	23823	17
22	23824	17
22	23825	19
22	23826	18
22	23827	18
22	23828	18
22	23829	18
22	23830	18
22	23831	18
22	23832	18
22	23833	19
22	23834	17
22	23835	18
22	23836	18
22	23837	18
22	23838	18
22	23839	18
22	23840	18
22	23841	18
22	23842	18
22	23843	18
22	23844	18
22	23845	18
22	23846	18
22	23847	17
22	23848	17
22	23849	12
22	23850	12
22	23851	12
22	23852	12
22	23853	12
22	23854	12
22	23855	12
22	23856	11
22	23857	11
22	23858	11
22	23859	11
22	23860	11
22	23861	11
22	23862	11
22	23863	13
22	23864	13
22	23865	13
22	23866	13
22	23867	13
22	23868	13
22	23869	13
22	23870	13
22	23871	13
22	23872	11
22	23873	11
22	23874	11
22	23875	11
22	23876	11
22	23877	12
22	23878	13
22	23879	13
22	23880	13
22	23881	13
22	23882	14
22	23883	14
22	23884	15
22	23885	13
22	23886	12
22	23887	12
22	23888	12
22	23889	12
22	23890	12
22	23891	11
22	23892	11
22	23893	11
22	23894	11
22	23895	11
22	23896	11
22	23897	11
22	23898	11
22	23899	11
22	23900	11
22	23901	11
22	23902	11
22	23903	11
22	23904	11
22	23905	11
22	23906	11
22	23907	11
22	23908	11
22	23909	11
22	23910	12
22	23911	12
22	23912	12
22	23913	12
22	23914	12
22	23915	12
22	23916	12
22	23917	12
22	23918	12
22	23919	12
22	23920	12
22	23921	12
22	23922	12
22	23923	12
22	23924	12
22	23925	12
22	23926	12
22	23927	12
22	23928	12
22	23929	12
22	23930	12
22	23931	12
22	23932	12
22	23933	12
22	23934	12
22	23935	12
22	23936	13
22	23937	12
22	23938	12
22	23939	12
22	23940	12
22	23941	13
22	23942	13
22	23943	13
22	23944	13
22	23945	13
22	23946	13
22	23947	13
22	23948	13
22	23949	13
22	23950	13
22	23951	13
22	23952	13
22	23953	13
22	23954	13
22	23955	13
22	23956	13
22	23957	13
22	23958	13
22	23959	13
22	23960	13
22	23961	13
22	23962	13
22	23963	13
22	23964	13
22	23965	13
22	23966	13
22	23967	13
22	23968	13
22	23969	13
22	23970	13
22	23971	13
22	23972	13
22	23973	13
22	23974	13
22	23975	11
22	23976	11
22	23977	11
22	23978	11
22	23979	11
22	23980	11
22	23981	11
22	23982	10
22	23983	10
22	23984	10
22	23985	9
22	23986	9
22	23987	9
22	23988	9
22	23989	9
22	23990	9
22	23991	9
22	23992	9
22	23993	9
22	23994	9
22	23995	9
22	23996	11
22	23997	11
22	23998	11
22	23999	12
22	24000	13
22	24001	13
22	24002	13
22	24003	13
22	24004	13
22	24005	14
22	24006	14
22	24007	14
22	24008	14
22	24009	15
22	24010	15
22	24011	15
22	24012	13
22	24013	13
22	24014	13
22	24015	15
22	24016	15
22	24017	15
22	24018	15
22	24019	15
22	24020	15
22	24021	15
22	24022	15
22	24023	15
22	24024	15
22	24025	15
22	24026	15
22	24027	14
22	24028	15
22	24029	15
22	24030	14
22	24031	14
22	24032	14
22	24033	14
22	24034	13
22	24035	13
22	24036	13
22	24037	13
22	24038	13
22	24039	13
22	24040	13
22	24041	13
22	24042	13
22	24043	13
22	24044	13
22	24045	13
22	24046	13
22	24047	13
22	24048	13
22	24049	13
22	24050	13
22	24051	13
22	24052	13
22	24053	13
22	24054	13
22	24055	13
22	24056	13
22	24057	13
22	24058	13
22	24059	13
22	24060	12
22	24061	12
22	24062	12
22	24063	12
22	24064	12
22	24065	12
22	24066	12
22	24067	12
22	24068	13
22	24069	13
22	24070	13
22	24071	13
22	24072	13
22	24073	13
22	24074	14
22	24075	14
22	24076	14
22	24077	14
22	24078	14
22	24079	14
22	24080	14
22	24081	14
22	24082	14
22	24083	14
22	24084	14
22	24085	14
22	24086	13
22	24087	13
22	24088	13
22	24089	13
22	24090	12
22	24091	12
22	24092	12
22	24093	12
22	24094	12
22	24095	13
22	24096	13
22	24097	13
22	24098	13
22	24099	13
22	24100	13
22	24101	13
22	24102	15
22	24103	16
22	24104	16
22	24105	17
22	24106	17
22	24107	17
22	24108	17
22	24109	17
22	24110	17
22	24111	17
22	24112	17
22	24113	17
22	24114	17
22	24115	17
22	24116	17
22	24117	17
22	24118	17
22	24119	17
22	24120	17
22	24121	17
22	24122	17
22	24123	17
22	24124	17
22	24125	17
22	24126	17
22	24127	17
22	24128	17
22	24129	17
22	24130	17
22	24131	17
22	24132	17
22	24133	17
22	24134	17
22	24135	17
22	24136	17
22	24137	17
22	24138	17
22	24139	17
22	24140	17
22	24141	17
22	24142	17
22	24143	17
22	24144	17
22	24145	15
22	24146	15
22	24147	15
22	24148	15
22	24149	15
22	24150	14
22	24151	14
22	24152	14
22	24153	14
22	24154	14
22	24155	14
22	24156	14
22	24157	14
22	24158	13
22	24159	13
22	24160	13
22	24161	13
22	24162	13
22	24163	13
22	24164	11
22	24165	11
22	24166	11
22	24167	11
22	24168	11
22	24169	11
22	24170	11
22	24171	11
22	24172	11
22	24173	11
22	24174	11
22	24175	11
22	24176	11
22	24177	11
22	24178	9
22	24179	10
22	24180	10
22	24181	10
22	24182	10
22	24183	10
22	24184	10
22	24185	10
22	24186	10
22	24187	10
22	24188	10
22	24189	10
22	24190	10
22	24191	10
22	24192	10
22	24193	10
22	24194	10
22	24195	10
22	24196	10
22	24197	10
22	24198	10
22	24199	10
22	24200	10
22	24201	10
22	24202	10
22	24203	10
22	24204	10
22	24205	10
22	24206	10
22	24207	10
22	24208	10
22	24209	10
22	24210	10
22	24211	10
22	24212	10
22	24213	10
22	24214	10
22	24215	11
22	24216	11
22	24217	11
22	24218	10
22	24219	10
22	24220	10
22	24221	10
22	24222	10
22	24223	10
22	24224	9
22	24225	9
22	24226	9
22	24227	9
22	24228	9
22	24229	9
22	24230	9
22	24231	9
22	24232	9
22	24233	9
22	24234	9
22	24235	9
22	24236	9
22	24237	9
22	24238	9
22	24239	9
22	24240	9
22	24241	9
22	24242	9
22	24243	12
22	24244	12
22	24245	11
22	24246	11
22	24247	11
22	24248	11
22	24249	11
22	24250	11
22	24251	11
22	24252	8
22	24253	8
22	24254	7
22	24255	7
22	24256	8
22	24257	8
22	24258	8
22	24259	8
22	24260	8
22	24261	8
22	24262	8
22	24263	8
22	24264	8
22	24265	8
22	24266	8
22	24267	8
22	24268	8
22	24269	8
22	24270	8
22	24271	8
22	24272	8
22	24273	8
22	24274	8
22	24275	8
22	24276	8
22	24277	9
22	24278	9
22	24279	9
22	24280	9
22	24281	9
22	24282	9
22	24283	9
22	24284	9
22	24285	9
22	24286	9
22	24287	9
22	24288	9
22	24289	9
22	24290	9
22	24291	10
22	24292	11
22	24293	11
22	24294	11
22	24295	11
22	24296	11
22	24297	10
22	24298	10
22	24299	10
22	24300	10
22	24301	10
22	24302	10
22	24303	10
22	24304	9
22	24305	9
22	24306	9
22	24307	9
22	24308	9
22	24309	9
22	24310	9
22	24311	9
22	24312	9
22	24313	9
22	24314	9
22	24315	9
22	24316	9
22	24317	9
22	24318	9
22	24319	9
22	24320	9
22	24321	9
22	24322	10
22	24323	10
22	24324	10
22	24325	10
22	24326	10
22	24327	10
22	24328	9
22	24329	9
22	24330	9
22	24331	9
22	24332	9
22	24333	9
22	24334	9
22	24335	9
22	24336	9
22	24337	11
22	24338	11
22	24339	11
22	24340	11
22	24341	11
22	24342	11
22	24343	11
22	24344	11
22	24345	11
22	24346	10
22	24347	10
22	24348	10
22	24349	10
22	24350	10
22	24351	10
22	24352	10
22	24353	10
22	24354	10
22	24355	10
22	24356	10
22	24357	10
22	24358	10
22	24359	11
22	24360	11
22	24361	11
22	24362	11
22	24363	12
22	24364	11
22	24365	11
22	24366	11
22	24367	11
22	24368	11
22	24369	11
22	24370	11
22	24371	11
22	24372	11
22	24373	11
22	24374	11
22	24375	11
22	24376	11
22	24377	11
22	24378	11
22	24379	12
22	24380	12
22	24381	12
22	24382	12
22	24383	12
22	24384	12
22	24385	12
22	24386	12
22	24387	12
22	24388	12
22	24389	12
22	24390	12
22	24391	12
22	24392	11
22	24393	9
22	24394	9
22	24395	9
22	24396	9
22	24397	9
22	24398	9
22	24399	9
22	24400	9
22	24401	9
22	24402	9
22	24403	9
22	24404	9
22	24405	9
22	24406	9
22	24407	10
22	24408	10
22	24409	11
22	24410	11
22	24411	11
22	24412	11
22	24413	11
22	24414	11
22	24415	11
22	24416	11
22	24417	11
22	24418	11
22	24419	11
22	24420	11
22	24421	12
22	24422	13
22	24423	13
22	24424	13
22	24425	13
22	24426	12
22	24427	12
22	24428	12
22	24429	12
22	24430	12
22	24431	12
22	24432	12
22	24433	12
22	24434	12
22	24435	12
22	24436	12
22	24437	12
22	24438	12
22	24439	12
22	24440	11
22	24441	10
22	24442	10
22	24443	11
22	24444	11
22	24445	11
22	24446	11
22	24447	11
22	24448	11
22	24449	11
22	24450	11
22	24451	11
22	24452	11
22	24453	11
22	24454	11
22	24455	11
22	24456	11
22	24457	11
22	24458	11
22	24459	11
22	24460	11
22	24461	11
22	24462	11
22	24463	11
22	24464	11
22	24465	11
22	24466	11
22	24467	11
22	24468	11
22	24469	11
22	24470	11
22	24471	11
22	24472	10
22	24473	11
22	24474	11
22	24475	11
22	24476	11
22	24477	11
22	24478	11
22	24479	11
22	24480	11
22	24481	11
22	24482	11
22	24483	11
22	24484	11
22	24485	11
22	24486	11
22	24487	9
22	24488	9
22	24489	9
22	24490	9
22	24491	9
22	24492	9
22	24493	9
22	24494	9
22	24495	9
22	24496	9
22	24497	10
22	24498	10
22	24499	10
22	24500	10
22	24501	10
22	24502	10
22	24503	10
22	24504	11
22	24505	11
22	24506	11
22	24507	11
22	24508	10
22	24509	10
22	24510	10
22	24511	10
22	24512	10
22	24513	9
22	24514	9
22	24515	9
22	24516	9
22	24517	9
22	24518	9
22	24519	10
22	24520	11
22	24521	11
22	24522	11
22	24523	11
22	24524	11
22	24525	11
22	24526	12
22	24527	12
22	24528	11
22	24529	11
22	24530	11
22	24531	11
22	24532	11
22	24533	11
22	24534	11
22	24535	11
22	24536	11
22	24537	11
22	24538	11
22	24539	11
22	24540	11
22	24541	11
22	24542	11
22	24543	11
22	24544	11
22	24545	11
22	24546	11
22	24547	11
22	24548	11
22	24549	11
22	24550	11
22	24551	11
22	24552	11
22	24553	11
22	24554	11
22	24555	11
22	24556	11
22	24557	10
22	24558	9
22	24559	9
22	24560	9
22	24561	9
22	24562	9
22	24563	9
22	24564	10
22	24565	10
22	24566	10
22	24567	10
22	24568	10
22	24569	10
22	24570	9
22	24571	9
22	24572	8
22	24573	8
22	24574	8
22	24575	8
22	24576	8
22	24577	8
22	24578	8
22	24579	8
22	24580	8
22	24581	8
22	24582	8
22	24583	8
22	24584	8
22	24585	8
22	24586	8
22	24587	8
22	24588	8
22	24589	8
22	24590	8
22	24591	8
22	24592	7
22	24593	7
22	24594	7
22	24595	7
22	24596	7
22	24597	7
22	24598	7
22	24599	7
22	24600	7
22	24601	7
22	24602	7
22	24603	7
22	24604	7
22	24605	7
22	24606	7
22	24607	7
22	24608	7
22	24609	7
22	24610	7
22	24611	7
22	24612	7
22	24613	7
22	24614	7
22	24615	7
22	24616	7
22	24617	7
22	24618	7
22	24619	7
22	24620	7
22	24621	7
22	24622	7
22	24623	6
22	24624	6
22	24625	6
22	24626	6
22	24627	6
22	24628	6
22	24629	6
22	24630	6
22	24631	6
22	24632	6
22	24633	7
22	24634	7
22	24635	7
22	24636	7
22	24637	7
22	24638	7
22	24639	7
22	24640	7
22	24641	7
22	24642	7
22	24643	8
22	24644	8
22	24645	8
22	24646	8
22	24647	7
22	24648	7
22	24649	7
22	24650	7
22	24651	7
22	24652	7
22	24653	7
22	24654	6
22	24655	6
22	24656	6
22	24657	6
22	24658	6
22	24659	6
22	24660	6
22	24661	7
22	24662	8
22	24663	8
22	24664	8
22	24665	8
22	24666	8
22	24667	8
22	24668	8
22	24669	7
22	24670	6
22	24671	6
22	24672	6
22	24673	6
22	24674	6
22	24675	6
22	24676	5
22	24677	5
22	24678	5
22	24679	5
22	24680	5
22	24681	5
22	24682	6
22	24683	6
22	24684	6
22	24685	6
22	24686	6
22	24687	6
22	24688	6
22	24689	6
22	24690	6
22	24691	6
22	24692	6
22	24693	6
22	24694	6
22	24695	6
22	24696	6
22	24697	6
22	24698	6
22	24699	6
22	24700	6
22	24701	6
22	24702	6
22	24703	6
22	24704	6
22	24705	6
22	24706	6
22	24707	6
22	24708	6
22	24709	6
22	24710	6
22	24711	6
22	24712	6
22	24713	5
22	24714	5
22	24715	5
22	24716	5
22	24717	5
22	24718	5
22	24719	5
22	24720	5
22	24721	5
22	24722	5
22	24723	5
22	24724	5
22	24725	5
22	24726	5
22	24727	5
22	24728	5
22	24729	5
22	24730	5
22	24731	5
22	24732	6
22	24733	6
22	24734	6
22	24735	6
22	24736	6
22	24737	6
22	24738	6
22	24739	6
22	24740	6
22	24741	6
22	24742	6
22	24743	6
22	24744	6
22	24745	6
22	24746	6
22	24747	6
22	24748	6
22	24749	6
22	24750	6
22	24751	6
22	24752	6
22	24753	6
22	24754	6
22	24755	6
22	24756	6
22	24757	6
22	24758	6
22	24759	6
22	24760	6
22	24761	6
22	24762	6
22	24763	6
22	24764	6
22	24765	6
22	24766	6
22	24767	6
22	24768	6
22	24769	6
22	24770	6
22	24771	6
22	24772	6
22	24773	6
22	24774	7
22	24775	7
22	24776	7
22	24777	7
22	24778	7
22	24779	7
22	24780	7
22	24781	8
22	24782	8
22	24783	7
22	24784	7
22	24785	7
22	24786	7
22	24787	7
22	24788	7
22	24789	7
22	24790	7
22	24791	7
22	24792	7
22	24793	6
22	24794	6
22	24795	6
22	24796	6
22	24797	6
22	24798	6
22	24799	6
22	24800	6
22	24801	6
22	24802	6
22	24803	6
22	24804	6
22	24805	6
22	24806	6
22	24807	7
22	24808	7
22	24809	7
22	24810	6
22	24811	6
22	24812	5
22	24813	5
22	24814	5
22	24815	5
22	24816	5
22	24817	5
22	24818	5
22	24819	5
22	24820	5
22	24821	5
22	24822	5
22	24823	5
22	24824	5
22	24825	7
22	24826	7
22	24827	7
22	24828	7
22	24829	7
22	24830	7
22	24831	7
22	24832	6
22	24833	6
22	24834	6
22	24835	6
22	24836	6
22	24837	6
22	24838	6
22	24839	6
22	24840	6
22	24841	6
22	24842	6
22	24843	6
22	24844	6
22	24845	6
22	24846	6
22	24847	6
22	24848	6
22	24849	6
22	24850	6
22	24851	6
22	24852	6
22	24853	6
22	24854	6
22	24855	6
22	24856	6
22	24857	6
22	24858	6
22	24859	6
22	24860	6
22	24861	6
22	24862	6
22	24863	6
22	24864	6
22	24865	6
22	24866	6
22	24867	6
22	24868	7
22	24869	7
22	24870	7
22	24871	7
22	24872	7
22	24873	7
22	24874	7
22	24875	7
22	24876	7
22	24877	7
22	24878	7
22	24879	7
22	24880	7
22	24881	6
22	24882	6
22	24883	6
22	24884	6
22	24885	6
22	24886	6
22	24887	6
22	24888	6
22	24889	6
22	24890	6
22	24891	6
22	24892	6
22	24893	6
22	24894	6
22	24895	6
22	24896	6
22	24897	6
22	24898	6
22	24899	6
22	24900	6
22	24901	6
22	24902	6
22	24903	6
22	24904	6
22	24905	6
22	24906	7
22	24907	7
22	24908	7
22	24909	7
22	24910	7
22	24911	7
22	24912	7
22	24913	7
22	24914	8
22	24915	8
22	24916	8
22	24917	8
22	24918	9
22	24919	9
22	24920	9
22	24921	9
22	24922	8
22	24923	8
22	24924	8
22	24925	9
22	24926	9
22	24927	9
22	24928	9
22	24929	9
22	24930	8
22	24931	8
22	24932	8
22	24933	8
22	24934	8
22	24935	8
22	24936	8
22	24937	8
22	24938	8
22	24939	8
22	24940	9
22	24941	9
22	24942	9
22	24943	9
22	24944	9
22	24945	9
22	24946	9
22	24947	9
22	24948	9
22	24949	9
22	24950	9
22	24951	9
22	24952	9
22	24953	9
22	24954	9
22	24955	9
22	24956	8
22	24957	9
22	24958	9
22	24959	9
22	24960	9
22	24961	9
22	24962	9
22	24963	9
22	24964	9
22	24965	9
22	24966	9
22	24967	9
22	24968	9
22	24969	9
22	24970	9
22	24971	9
22	24972	9
22	24973	9
22	24974	7
22	24975	7
22	24976	7
22	24977	9
22	24978	9
22	24979	9
22	24980	9
22	24981	9
22	24982	9
22	24983	9
22	24984	9
22	24985	9
22	24986	9
22	24987	9
22	24988	9
22	24989	9
22	24990	9
22	24991	9
22	24992	9
22	24993	9
22	24994	9
22	24995	9
22	24996	9
22	24997	9
22	24998	9
22	24999	9
22	25000	9
22	25001	9
22	25002	9
22	25003	9
22	25004	9
22	25005	9
22	25006	9
22	25007	9
22	25008	9
22	25009	10
22	25010	10
22	25011	10
22	25012	11
22	25013	11
22	25014	11
22	25015	11
22	25016	11
22	25017	11
22	25018	10
22	25019	10
22	25020	10
22	25021	11
22	25022	11
22	25023	11
22	25024	11
22	25025	11
22	25026	12
22	25027	12
22	25028	12
22	25029	12
22	25030	12
22	25031	12
22	25032	12
22	25033	12
22	25034	12
22	25035	12
22	25036	12
22	25037	12
22	25038	12
22	25039	12
22	25040	12
22	25041	13
22	25042	13
22	25043	13
22	25044	13
22	25045	13
22	25046	13
22	25047	13
22	25048	13
22	25049	13
22	25050	13
22	25051	13
22	25052	13
22	25053	13
22	25054	13
22	25055	13
22	25056	12
22	25057	12
22	25058	12
22	25059	12
22	25060	12
22	25061	12
22	25062	12
22	25063	11
22	25064	11
22	25065	10
22	25066	10
22	25067	10
22	25068	10
22	25069	10
22	25070	10
22	25071	10
22	25072	10
22	25073	10
22	25074	10
22	25075	9
22	25076	9
22	25077	9
22	25078	9
22	25079	9
22	25080	9
22	25081	10
22	25082	10
22	25083	10
22	25084	10
22	25085	10
22	25086	10
22	25087	10
22	25088	10
22	25089	10
22	25090	10
22	25091	10
22	25092	10
22	25093	10
22	25094	10
22	25095	10
22	25096	10
22	25097	10
22	25098	10
22	25099	10
22	25100	10
22	25101	10
22	25102	10
22	25103	10
22	25104	10
22	25105	10
22	25106	10
22	25107	9
22	25108	9
22	25109	9
22	25110	9
22	25111	9
22	25112	9
22	25113	9
22	25114	9
22	25115	9
22	25116	9
22	25117	10
22	25118	10
22	25119	11
22	25120	11
22	25121	11
22	25122	11
22	25123	11
22	25124	11
22	25125	11
22	25126	11
22	25127	9
22	25128	9
22	25129	9
22	25130	9
22	25131	9
22	25132	9
22	25133	9
22	25134	9
22	25135	9
22	25136	9
22	25137	9
22	25138	9
22	25139	9
22	25140	9
22	25141	9
22	25142	9
22	25143	9
22	25144	9
22	25145	9
22	25146	9
22	25147	9
22	25148	9
22	25149	9
22	25150	9
22	25151	9
22	25152	9
22	25153	9
22	25154	9
22	25155	9
22	25156	9
22	25157	9
22	25158	9
22	25159	7
22	25160	7
22	25161	7
22	25162	7
22	25163	7
22	25164	7
22	25165	7
22	25166	8
22	25167	8
22	25168	8
22	25169	8
22	25170	7
22	25171	7
22	25172	7
22	25173	7
22	25174	7
22	25175	7
22	25176	6
22	25177	6
22	25178	6
22	25179	6
22	25180	6
22	25181	6
22	25182	6
22	25183	6
22	25184	6
22	25185	6
22	25186	7
22	25187	7
22	25188	7
22	25189	7
22	25190	6
22	25191	6
22	25192	7
22	25193	7
22	25194	7
22	25195	7
22	25196	7
22	25197	7
22	25198	8
22	25199	8
22	25200	8
22	25201	8
22	25202	8
22	25203	8
22	25204	8
22	25205	8
22	25206	8
22	25207	8
22	25208	8
22	25209	8
22	25210	8
22	25211	8
22	25212	8
22	25213	8
22	25214	8
22	25215	8
22	25216	8
22	25217	8
22	25218	8
22	25219	8
22	25220	8
22	25221	8
22	25222	8
22	25223	8
22	25224	8
22	25225	8
22	25226	8
22	25227	8
22	25228	8
22	25229	8
22	25230	8
22	25231	7
22	25232	7
22	25233	7
22	25234	7
22	25235	9
22	25236	9
22	25237	9
22	25238	9
22	25239	8
22	25240	8
22	25241	8
22	25242	8
22	25243	8
22	25244	8
22	25245	9
22	25246	9
22	25247	9
22	25248	9
22	25249	9
22	25250	9
22	25251	9
22	25252	9
22	25253	9
22	25254	9
22	25255	10
22	25256	10
22	25257	10
22	25258	10
22	25259	10
22	25260	10
22	25261	10
22	25262	10
22	25263	10
22	25264	10
22	25265	10
22	25266	9
22	25267	10
22	25268	10
22	25269	9
22	25270	9
22	25271	9
22	25272	9
22	25273	9
22	25274	9
22	25275	9
22	25276	9
22	25277	9
22	25278	9
22	25279	10
22	25280	10
22	25281	10
22	25282	10
22	25283	10
22	25284	10
22	25285	10
22	25286	10
22	25287	10
22	25288	10
22	25289	10
22	25290	10
22	25291	10
22	25292	10
22	25293	10
22	25294	10
22	25295	10
22	25296	10
22	25297	10
22	25298	10
22	25299	10
22	25300	10
22	25301	12
22	25302	12
22	25303	12
22	25304	12
22	25305	12
22	25306	12
22	25307	12
22	25308	12
22	25309	12
22	25310	12
22	25311	12
22	25312	12
22	25313	12
22	25314	12
22	25315	12
22	25316	11
22	25317	11
22	25318	11
22	25319	11
22	25320	11
22	25321	11
22	25322	11
22	25323	11
22	25324	11
22	25325	11
22	25326	11
22	25327	11
22	25328	11
22	25329	11
22	25330	11
22	25331	11
22	25332	11
22	25333	11
22	25334	11
22	25335	10
22	25336	10
22	25337	10
22	25338	10
22	25339	10
22	25340	10
22	25341	9
22	25342	9
22	25343	9
22	25344	9
22	25345	9
22	25346	9
22	25347	9
22	25348	8
22	25349	8
22	25350	8
22	25351	8
22	25352	8
22	25353	8
22	25354	8
22	25355	8
22	25356	8
22	25357	9
22	25358	9
22	25359	9
22	25360	9
22	25361	9
22	25362	9
22	25363	9
22	25364	9
22	25365	9
22	25366	9
22	25367	9
22	25368	9
22	25369	9
22	25370	9
22	25371	9
22	25372	9
22	25373	9
22	25374	9
22	25375	9
22	25376	9
22	25377	9
22	25378	9
22	25379	9
22	25380	9
22	25381	9
22	25382	9
22	25383	10
22	25384	10
22	25385	8
22	25386	8
22	25387	8
22	25388	8
22	25389	8
22	25390	8
22	25391	8
22	25392	8
22	25393	8
22	25394	8
22	25395	7
22	25396	7
22	25397	7
22	25398	7
22	25399	7
22	25400	7
22	25401	7
22	25402	7
22	25403	8
22	25404	7
22	25405	7
22	25406	7
22	25407	7
22	25408	7
22	25409	7
22	25410	7
22	25411	7
22	25412	7
22	25413	7
22	25414	7
22	25415	7
22	25416	7
22	25417	6
22	25418	6
22	25419	6
22	25420	6
22	25421	6
22	25422	6
22	25423	6
22	25424	6
22	25425	6
22	25426	6
22	25427	6
22	25428	5
22	25429	5
22	25430	5
22	25431	5
22	25432	5
22	25433	5
22	25434	5
22	25435	5
22	25436	5
22	25437	5
22	25438	5
22	25439	5
22	25440	5
22	25441	5
22	25442	6
22	25443	6
22	25444	6
22	25445	8
22	25446	8
22	25447	8
22	25448	8
22	25449	8
22	25450	8
22	25451	6
22	25452	6
22	25453	6
22	25454	6
22	25455	6
22	25456	6
22	25457	6
22	25458	6
22	25459	6
22	25460	6
22	25461	6
22	25462	6
22	25463	6
22	25464	6
22	25465	6
22	25466	6
22	25467	6
22	25468	6
22	25469	6
22	25470	6
22	25471	7
22	25472	7
22	25473	7
22	25474	7
22	25475	7
22	25476	7
22	25477	7
22	25478	7
22	25479	7
22	25480	7
22	25481	7
22	25482	7
22	25483	7
22	25484	7
22	25485	7
22	25486	7
22	25487	7
22	25488	7
22	25489	7
22	25490	7
22	25491	7
22	25492	7
22	25493	7
22	25494	7
22	25495	7
22	25496	7
22	25497	7
22	25498	7
22	25499	7
22	25500	7
22	25501	7
22	25502	7
22	25503	7
22	25504	7
22	25505	6
22	25506	6
22	25507	6
22	25508	6
22	25509	6
22	25510	7
22	25511	7
22	25512	7
22	25513	7
22	25514	7
22	25515	7
22	25516	7
22	25517	7
22	25518	7
22	25519	7
22	25520	7
22	25521	7
22	25522	7
22	25523	7
22	25524	7
22	25525	7
22	25526	7
22	25527	7
22	25528	7
22	25529	7
22	25530	7
22	25531	7
22	25532	7
22	25533	6
22	25534	6
22	25535	6
22	25536	6
22	25537	6
22	25538	6
22	25539	6
22	25540	6
22	25541	6
22	25542	6
22	25543	6
22	25544	6
22	25545	6
22	25546	6
22	25547	6
22	25548	6
22	25549	6
22	25550	6
22	25551	6
22	25552	6
22	25553	6
22	25554	6
22	25555	6
22	25556	6
22	25557	7
22	25558	7
22	25559	7
22	25560	7
22	25561	7
22	25562	7
22	25563	7
22	25564	7
22	25565	7
22	25566	7
22	25567	7
22	25568	7
22	25569	7
22	25570	7
22	25571	7
22	25572	7
22	25573	7
22	25574	7
22	25575	7
22	25576	7
22	25577	7
22	25578	7
22	25579	7
22	25580	7
22	25581	7
22	25582	7
22	25583	7
22	25584	7
22	25585	7
22	25586	8
22	25587	8
22	25588	8
22	25589	8
22	25590	8
22	25591	8
22	25592	7
22	25593	7
22	25594	7
22	25595	4
22	25596	4
22	25597	4
22	25598	4
22	25599	4
22	25600	4
22	25601	4
22	25602	5
22	25603	5
22	25604	5
22	25605	5
22	25606	5
22	25607	5
22	25608	5
22	25609	5
22	25610	5
22	25611	5
22	25612	5
22	25613	5
22	25614	5
22	25615	5
22	25616	5
22	25617	5
22	25618	5
22	25619	5
22	25620	5
22	25621	5
22	25622	5
22	25623	5
22	25624	5
22	25625	5
22	25626	5
22	25627	6
22	25628	6
22	25629	6
22	25630	6
22	25631	6
22	25632	6
22	25633	6
22	25634	6
22	25635	6
22	25636	6
22	25637	6
22	25638	6
22	25639	6
22	25640	6
22	25641	7
22	25642	7
22	25643	7
22	25644	8
22	25645	8
22	25646	8
22	25647	8
22	25648	8
22	25649	8
22	25650	8
22	25651	8
22	25652	8
22	25653	8
22	25654	8
22	25655	8
22	25656	8
22	25657	8
22	25658	7
22	25659	7
22	25660	7
22	25661	7
22	25662	7
22	25663	7
22	25664	7
22	25665	7
22	25666	7
22	25667	8
22	25668	8
22	25669	8
22	25670	8
22	25671	8
22	25672	8
22	25673	8
22	25674	8
22	25675	8
22	25676	8
22	25677	8
22	25678	8
22	25679	8
22	25680	8
22	25681	8
22	25682	8
22	25683	8
22	25684	8
22	25685	8
22	25686	8
22	25687	8
22	25688	8
22	25689	8
22	25690	8
22	25691	8
22	25692	8
22	25693	8
22	25694	8
22	25695	8
22	25696	8
22	25697	8
22	25698	8
22	25699	8
22	25700	8
22	25701	8
22	25702	8
22	25703	8
22	25704	8
22	25705	8
22	25706	7
22	25707	7
22	25708	7
22	25709	7
22	25710	7
22	25711	7
22	25712	7
22	25713	8
22	25714	8
22	25715	8
22	25716	8
22	25717	8
22	25718	8
22	25719	8
22	25720	8
22	25721	8
22	25722	8
22	25723	8
22	25724	8
22	25725	8
22	25726	8
22	25727	8
22	25728	8
22	25729	8
22	25730	8
22	25731	8
22	25732	8
22	25733	8
22	25734	8
22	25735	8
22	25736	7
22	25737	7
22	25738	7
22	25739	7
22	25740	7
22	25741	7
22	25742	7
22	25743	7
22	25744	7
22	25745	7
22	25746	7
22	25747	7
22	25748	7
22	25749	7
22	25750	7
22	25751	7
22	25752	6
22	25753	6
22	25754	6
22	25755	6
22	25756	6
22	25757	6
22	25758	6
22	25759	6
22	25760	6
22	25761	6
22	25762	6
22	25763	6
22	25764	6
22	25765	6
22	25766	6
22	25767	5
22	25768	5
22	25769	5
22	25770	5
22	25771	5
22	25772	5
22	25773	6
22	25774	6
22	25775	6
22	25776	6
22	25777	5
22	25778	5
22	25779	5
22	25780	5
22	25781	5
22	25782	5
22	25783	5
22	25784	5
22	25785	5
22	25786	6
22	25787	6
22	25788	6
22	25789	6
22	25790	6
22	25791	5
22	25792	5
22	25793	5
22	25794	4
22	25795	4
22	25796	5
22	25797	5
22	25798	5
22	25799	5
22	25800	5
22	25801	5
22	25802	5
22	25803	5
22	25804	5
22	25805	5
22	25806	5
22	25807	5
22	25808	5
22	25809	5
22	25810	5
22	25811	5
22	25812	5
22	25813	5
22	25814	5
22	25815	5
22	25816	5
22	25817	4
22	25818	4
22	25819	4
22	25820	4
22	25821	4
22	25822	4
22	25823	4
22	25824	4
22	25825	5
22	25826	5
22	25827	5
22	25828	5
22	25829	5
22	25830	5
22	25831	5
22	25832	5
22	25833	5
22	25834	5
22	25835	5
22	25836	6
22	25837	6
22	25838	6
22	25839	6
22	25840	6
22	25841	6
22	25842	6
22	25843	6
22	25844	6
22	25845	6
22	25846	6
22	25847	6
22	25848	6
22	25849	6
22	25850	6
22	25851	6
22	25852	6
22	25853	6
22	25854	6
22	25855	6
22	25856	6
22	25857	6
22	25858	6
22	25859	6
22	25860	6
22	25861	6
22	25862	6
22	25863	5
22	25864	5
22	25865	5
22	25866	5
22	25867	5
22	25868	5
22	25869	5
22	25870	5
22	25871	5
22	25872	5
22	25873	5
22	25874	5
22	25875	5
22	25876	5
22	25877	5
22	25878	5
22	25879	5
22	25880	5
22	25881	5
22	25882	5
22	25883	5
22	25884	5
22	25885	5
22	25886	5
22	25887	5
22	25888	5
22	25889	5
22	25890	5
22	25891	5
22	25892	5
22	25893	5
22	25894	5
22	25895	5
22	25896	5
22	25897	5
22	25898	5
22	25899	5
22	25900	5
22	25901	5
22	25902	5
22	25903	5
22	25904	5
22	25905	5
22	25906	5
22	25907	5
22	25908	5
22	25909	5
22	25910	5
22	25911	5
22	25912	5
22	25913	5
22	25914	5
22	25915	5
22	25916	5
22	25917	5
22	25918	5
22	25919	5
22	25920	5
22	25921	5
22	25922	4
22	25923	4
22	25924	4
22	25925	4
22	25926	4
22	25927	4
22	25928	4
22	25929	4
22	25930	4
22	25931	4
22	25932	4
22	25933	3
22	25934	3
22	25935	3
22	25936	3
22	25937	3
22	25938	3
22	25939	3
22	25940	3
22	25941	3
22	25942	3
22	25943	2
22	25944	2
22	25945	2
22	25946	2
22	25947	2
22	25948	2
22	25949	2
22	25950	2
22	25951	2
22	25952	2
22	25953	2
22	25954	2
22	25955	2
22	25956	2
22	25957	2
22	25958	2
22	25959	2
22	25960	2
22	25961	2
22	25962	3
22	25963	3
22	25964	3
22	25965	3
22	25966	3
22	25967	3
22	25968	3
22	25969	3
22	25970	3
22	25971	3
22	25972	3
22	25973	3
22	25974	2
22	25975	2
22	25976	2
22	25977	2
22	25978	2
22	25979	2
22	25980	2
22	25981	2
22	25982	2
22	25983	2
22	25984	2
22	25985	1
22	25986	1
22	25987	1
22	25988	1
22	25989	1
22	25990	1
22	25991	1
22	25992	1
22	25993	1
22	25994	1
22	25995	1
22	25996	1
22	25997	1
22	25998	1
22	25999	1
22	26000	1
22	26001	1
22	26002	1
22	26003	1
22	26004	1
22	26005	1
22	26006	1
22	26007	1
22	26008	1
22	26009	1
22	26010	1
22	26011	1
22	26012	1
22	26013	1
22	26014	1
22	26015	1
22	26016	1
22	26017	1
22	26018	1
22	26019	1
22	26020	1
22	26021	1
22	26022	1
22	26023	1
22	26024	1
22	26025	1
22	26026	2
22	26027	2
22	26028	2
22	26029	2
22	26030	2
22	26031	2
22	26032	2
22	26033	2
22	26034	2
22	26035	2
22	26036	2
22	26037	2
22	26038	2
22	26039	2
22	26040	2
22	26041	2
22	26042	2
22	26043	2
22	26044	2
22	26045	2
22	26046	2
22	26047	2
22	26048	2
22	26049	2
22	26050	2
22	26051	2
22	26052	2
22	26053	2
22	26054	2
22	26055	3
22	26056	3
22	26057	3
22	26058	3
22	26059	3
22	26060	3
22	26061	3
22	26062	3
22	26063	3
22	26064	3
22	26065	3
22	26066	3
22	26067	3
22	26068	3
22	26069	3
22	26070	3
22	26071	3
22	26072	3
22	26073	3
22	26074	3
22	26075	3
22	26076	3
22	26077	3
22	26078	3
22	26079	3
22	26080	3
22	26081	3
22	26082	3
22	26083	3
22	26084	3
22	26085	3
22	26086	3
22	26087	3
22	26088	3
22	26089	3
22	26090	3
22	26091	3
22	26092	3
22	26093	3
22	26094	3
22	26095	3
22	26096	3
22	26097	3
22	26098	3
22	26099	3
22	26100	3
22	26101	3
22	26102	3
22	26103	3
22	26104	3
22	26105	3
22	26106	3
22	26107	3
22	26108	3
22	26109	3
22	26110	3
22	26111	3
22	26112	2
22	26113	2
22	26114	2
22	26115	2
22	26116	2
22	26117	2
22	26118	2
22	26119	2
22	26120	3
22	26121	3
22	26122	3
22	26123	3
22	26124	3
22	26125	3
22	26126	3
22	26127	3
22	26128	3
22	26129	3
22	26130	3
22	26131	3
22	26132	3
22	26133	3
22	26134	3
22	26135	3
22	26136	3
22	26137	3
22	26138	3
22	26139	3
22	26140	3
22	26141	3
22	26142	3
22	26143	2
22	26144	2
22	26145	2
22	26146	2
22	26147	2
22	26148	2
22	26149	3
22	26150	3
22	26151	3
22	26152	3
22	26153	3
22	26154	3
22	26155	3
22	26156	3
22	26157	3
22	26158	3
22	26159	3
22	26160	3
22	26161	3
22	26162	3
22	26163	3
22	26164	3
22	26165	3
22	26166	3
22	26167	3
22	26168	3
22	26169	3
22	26170	3
22	26171	3
22	26172	3
22	26173	3
22	26174	3
22	26175	3
22	26176	3
22	26177	3
22	26178	4
22	26179	4
22	26180	4
22	26181	4
22	26182	4
22	26183	4
22	26184	4
22	26185	4
22	26186	4
22	26187	4
22	26188	4
22	26189	4
22	26190	4
22	26191	4
22	26192	4
22	26193	4
22	26194	4
22	26195	4
22	26196	4
22	26197	4
22	26198	4
22	26199	4
22	26200	4
22	26201	3
22	26202	3
22	26203	3
22	26204	3
22	26205	3
22	26206	3
22	26207	3
22	26208	3
22	26209	3
22	26210	3
22	26211	3
22	26212	3
22	26213	3
22	26214	3
22	26215	3
22	26216	3
22	26217	3
22	26218	3
22	26219	3
22	26220	3
22	26221	3
22	26222	3
22	26223	3
22	26224	3
22	26225	3
22	26226	3
22	26227	3
22	26228	3
22	26229	3
22	26230	3
22	26231	3
22	26232	3
22	26233	3
22	26234	3
22	26235	3
22	26236	3
22	26237	3
22	26238	3
22	26239	3
22	26240	3
22	26241	3
22	26242	3
22	26243	3
22	26244	3
22	26245	3
22	26246	3
22	26247	3
22	26248	3
22	26249	3
22	26250	3
22	26251	4
22	26252	4
22	26253	4
22	26254	4
22	26255	4
22	26256	4
22	26257	4
22	26258	4
22	26259	4
22	26260	4
22	26261	4
22	26262	4
22	26263	4
22	26264	4
22	26265	4
22	26266	4
22	26267	3
22	26268	3
22	26269	3
22	26270	3
22	26271	3
22	26272	3
22	26273	3
22	26274	3
22	26275	3
22	26276	3
22	26277	3
22	26278	3
22	26279	3
22	26280	3
22	26281	3
22	26282	3
22	26283	3
22	26284	3
22	26285	3
22	26286	3
22	26287	4
22	26288	4
22	26289	4
22	26290	4
22	26291	4
22	26292	4
22	26293	4
22	26294	4
22	26295	4
22	26296	3
22	26297	3
22	26298	3
22	26299	3
22	26300	3
22	26301	3
22	26302	3
22	26303	3
22	26304	3
22	26305	3
22	26306	3
22	26307	3
22	26308	3
22	26309	3
22	26310	3
22	26311	3
22	26312	3
22	26313	5
22	26314	5
22	26315	5
22	26316	5
22	26317	5
22	26318	5
22	26319	5
22	26320	5
22	26321	5
22	26322	5
22	26323	5
22	26324	4
22	26325	4
22	26326	4
22	26327	4
22	26328	4
22	26329	4
22	26330	4
22	26331	4
22	26332	4
22	26333	4
22	26334	4
22	26335	4
22	26336	4
22	26337	4
22	26338	4
22	26339	4
22	26340	4
22	26341	4
22	26342	4
22	26343	4
22	26344	4
22	26345	4
22	26346	4
22	26347	4
22	26348	4
22	26349	4
22	26350	4
22	26351	4
22	26352	4
22	26353	4
22	26354	4
22	26355	4
22	26356	4
22	26357	4
22	26358	4
22	26359	4
22	26360	4
22	26361	4
22	26362	4
22	26363	4
22	26364	4
22	26365	4
22	26366	4
22	26367	4
22	26368	4
22	26369	4
22	26370	4
22	26371	4
22	26372	5
22	26373	5
22	26374	5
22	26375	5
22	26376	5
22	26377	5
22	26378	5
22	26379	5
22	26380	5
22	26381	5
22	26382	5
22	26383	5
22	26384	5
22	26385	5
22	26386	5
22	26387	5
22	26388	5
22	26389	5
22	26390	5
22	26391	5
22	26392	5
22	26393	5
22	26394	5
22	26395	5
22	26396	5
22	26397	5
22	26398	5
22	26399	5
22	26400	5
22	26401	4
22	26402	4
22	26403	4
22	26404	4
22	26405	4
22	26406	4
22	26407	4
22	26408	4
22	26409	4
22	26410	4
22	26411	4
22	26412	4
22	26413	4
22	26414	4
22	26415	4
22	26416	4
22	26417	4
22	26418	4
22	26419	4
22	26420	4
22	26421	4
22	26422	4
22	26423	4
22	26424	4
22	26425	4
22	26426	4
22	26427	4
22	26428	4
22	26429	4
22	26430	4
22	26431	4
22	26432	4
22	26433	4
22	26434	4
22	26435	4
22	26436	3
22	26437	4
22	26438	4
22	26439	5
22	26440	5
22	26441	5
22	26442	6
22	26443	6
22	26444	6
22	26445	6
22	26446	6
22	26447	6
22	26448	6
22	26449	6
22	26450	6
22	26451	6
22	26452	6
22	26453	6
22	26454	6
22	26455	6
22	26456	6
22	26457	6
22	26458	7
22	26459	7
22	26460	7
22	26461	7
22	26462	7
22	26463	5
22	26464	5
22	26465	6
22	26466	6
22	26467	6
22	26468	6
22	26469	6
22	26470	6
22	26471	7
22	26472	7
22	26473	7
22	26474	7
22	26475	7
22	26476	7
22	26477	7
22	26478	7
22	26479	7
22	26480	7
22	26481	7
22	26482	7
22	26483	7
22	26484	7
22	26485	7
22	26486	7
22	26487	7
22	26488	7
22	26489	7
22	26490	7
22	26491	7
22	26492	7
22	26493	7
22	26494	7
22	26495	7
22	26496	7
22	26497	7
22	26498	7
22	26499	7
22	26500	7
22	26501	7
22	26502	7
22	26503	7
22	26504	7
22	26505	7
22	26506	7
22	26507	7
22	26508	7
22	26509	7
22	26510	7
22	26511	7
22	26512	7
22	26513	7
22	26514	7
22	26515	7
22	26516	7
22	26517	7
22	26518	7
22	26519	7
22	26520	7
22	26521	6
22	26522	6
22	26523	6
22	26524	6
22	26525	6
22	26526	6
22	26527	6
22	26528	6
22	26529	6
22	26530	7
22	26531	7
22	26532	7
22	26533	7
22	26534	7
22	26535	7
22	26536	7
22	26537	7
22	26538	7
22	26539	7
22	26540	7
22	26541	7
22	26542	7
22	26543	7
22	26544	7
22	26545	7
22	26546	7
22	26547	7
22	26548	7
22	26549	7
22	26550	7
22	26551	7
22	26552	7
22	26553	8
22	26554	8
22	26555	8
22	26556	8
22	26557	8
22	26558	8
22	26559	8
22	26560	8
22	26561	8
22	26562	8
22	26563	8
22	26564	8
22	26565	8
22	26566	8
22	26567	8
22	26568	8
22	26569	8
22	26570	8
22	26571	8
22	26572	8
22	26573	8
22	26574	8
22	26575	8
22	26576	9
22	26577	9
22	26578	9
22	26579	9
22	26580	9
22	26581	10
22	26582	10
22	26583	10
22	26584	9
22	26585	9
22	26586	9
22	26587	9
22	26588	9
22	26589	8
22	26590	9
22	26591	9
22	26592	8
22	26593	8
22	26594	8
22	26595	8
22	26596	8
22	26597	8
22	26598	8
22	26599	8
22	26600	8
22	26601	8
22	26602	8
22	26603	8
22	26604	8
22	26605	8
22	26606	8
22	26607	8
22	26608	7
22	26609	7
22	26610	7
22	26611	7
22	26612	7
22	26613	7
22	26614	7
22	26615	7
22	26616	8
22	26617	8
22	26618	8
22	26619	8
22	26620	8
22	26621	7
22	26622	7
22	26623	7
22	26624	7
22	26625	7
22	26626	7
22	26627	7
22	26628	7
22	26629	7
22	26630	7
22	26631	7
22	26632	7
22	26633	7
22	26634	7
22	26635	7
22	26636	7
22	26637	7
22	26638	7
22	26639	7
22	26640	7
22	26641	7
22	26642	7
22	26643	7
22	26644	7
22	26645	7
22	26646	7
22	26647	7
22	26648	7
22	26649	7
22	26650	7
22	26651	7
22	26652	7
22	26653	7
22	26654	7
22	26655	7
22	26656	7
22	26657	7
22	26658	7
22	26659	7
22	26660	7
22	26661	7
22	26662	7
22	26663	7
22	26664	7
22	26665	7
22	26666	7
22	26667	7
22	26668	7
22	26669	7
22	26670	7
22	26671	7
22	26672	7
22	26673	7
22	26674	7
22	26675	7
22	26676	8
22	26677	8
22	26678	8
22	26679	7
22	26680	7
22	26681	7
22	26682	7
22	26683	7
22	26684	7
22	26685	7
22	26686	7
22	26687	7
22	26688	7
22	26689	7
22	26690	8
22	26691	8
22	26692	8
22	26693	7
22	26694	7
22	26695	7
22	26696	7
22	26697	7
22	26698	7
22	26699	7
22	26700	7
22	26701	7
22	26702	7
22	26703	6
22	26704	6
22	26705	6
22	26706	6
22	26707	7
22	26708	7
22	26709	7
22	26710	8
22	26711	8
22	26712	8
22	26713	8
22	26714	8
22	26715	8
22	26716	8
22	26717	8
22	26718	8
22	26719	8
22	26720	8
22	26721	9
22	26722	9
22	26723	9
22	26724	9
22	26725	8
22	26726	8
22	26727	8
22	26728	8
22	26729	8
22	26730	8
22	26731	7
22	26732	7
22	26733	7
22	26734	7
22	26735	7
22	26736	7
22	26737	7
22	26738	8
22	26739	8
22	26740	8
22	26741	8
22	26742	8
22	26743	8
22	26744	8
22	26745	8
22	26746	8
22	26747	8
22	26748	8
22	26749	8
22	26750	8
22	26751	8
22	26752	8
22	26753	8
22	26754	8
22	26755	8
22	26756	8
22	26757	8
22	26758	8
22	26759	9
22	26760	9
22	26761	9
22	26762	9
22	26763	8
22	26764	8
22	26765	8
22	26766	8
22	26767	8
22	26768	8
22	26769	8
22	26770	8
22	26771	8
22	26772	9
22	26773	9
22	26774	9
22	26775	9
22	26776	9
22	26777	9
22	26778	9
22	26779	9
22	26780	9
22	26781	9
22	26782	9
22	26783	9
22	26784	9
22	26785	9
22	26786	9
22	26787	9
22	26788	9
22	26789	9
22	26790	9
22	26791	9
22	26792	9
22	26793	9
22	26794	9
22	26795	9
22	26796	9
22	26797	10
22	26798	10
22	26799	10
22	26800	11
22	26801	11
22	26802	11
22	26803	11
22	26804	11
22	26805	11
22	26806	11
22	26807	12
22	26808	12
22	26809	12
22	26810	12
22	26811	12
22	26812	12
22	26813	12
22	26814	12
22	26815	12
22	26816	12
22	26817	12
22	26818	12
22	26819	12
22	26820	12
22	26821	12
22	26822	12
22	26823	12
22	26824	12
22	26825	12
22	26826	11
22	26827	11
22	26828	11
22	26829	11
22	26830	11
22	26831	12
22	26832	12
22	26833	12
22	26834	12
22	26835	12
22	26836	12
22	26837	12
22	26838	12
22	26839	11
22	26840	11
22	26841	11
22	26842	11
22	26843	11
22	26844	11
22	26845	11
22	26846	11
22	26847	11
22	26848	11
22	26849	11
22	26850	11
22	26851	11
22	26852	11
22	26853	11
22	26854	11
22	26855	11
22	26856	11
22	26857	10
22	26858	10
22	26859	10
22	26860	9
22	26861	9
22	26862	9
22	26863	9
22	26864	10
22	26865	10
22	26866	10
22	26867	10
22	26868	10
22	26869	11
22	26870	11
22	26871	10
22	26872	10
22	26873	10
22	26874	10
22	26875	10
22	26876	10
22	26877	10
22	26878	10
22	26879	10
22	26880	10
22	26881	10
22	26882	11
22	26883	11
22	26884	11
22	26885	11
22	26886	11
22	26887	11
22	26888	10
22	26889	10
22	26890	10
22	26891	10
22	26892	10
22	26893	10
22	26894	10
22	26895	10
22	26896	10
22	26897	10
22	26898	10
22	26899	10
22	26900	10
22	26901	10
22	26902	10
22	26903	10
22	26904	10
22	26905	10
22	26906	10
22	26907	10
22	26908	10
22	26909	9
22	26910	9
22	26911	9
22	26912	9
22	26913	9
22	26914	8
22	26915	8
22	26916	8
22	26917	8
22	26918	8
22	26919	9
22	26920	9
22	26921	8
22	26922	8
22	26923	10
22	26924	10
22	26925	10
22	26926	10
22	26927	10
22	26928	10
22	26929	10
22	26930	10
22	26931	10
22	26932	10
22	26933	10
22	26934	9
22	26935	9
22	26936	9
22	26937	10
22	26938	10
22	26939	10
22	26940	10
22	26941	10
22	26942	10
22	26943	10
22	26944	11
22	26945	11
22	26946	11
22	26947	10
22	26948	10
22	26949	10
22	26950	10
22	26951	10
22	26952	10
22	26953	10
22	26954	10
22	26955	10
22	26956	10
22	26957	9
22	26958	9
22	26959	9
22	26960	9
22	26961	9
22	26962	9
22	26963	9
22	26964	9
22	26965	9
22	26966	9
22	26967	9
22	26968	9
22	26969	9
22	26970	9
22	26971	9
22	26972	9
22	26973	9
22	26974	9
22	26975	9
22	26976	9
22	26977	9
22	26978	9
22	26979	9
22	26980	8
22	26981	8
22	26982	8
22	26983	8
22	26984	8
22	26985	8
22	26986	8
22	26987	8
22	26988	8
22	26989	8
22	26990	8
22	26991	8
22	26992	8
22	26993	8
22	26994	8
22	26995	8
22	26996	8
22	26997	8
22	26998	8
22	26999	8
22	27000	8
22	27001	8
22	27002	8
22	27003	8
22	27004	8
22	27005	8
22	27006	8
22	27007	8
22	27008	9
22	27009	9
22	27010	9
22	27011	9
22	27012	9
22	27013	9
22	27014	8
22	27015	8
22	27016	8
22	27017	8
22	27018	8
22	27019	7
22	27020	7
22	27021	7
22	27022	7
22	27023	7
22	27024	7
22	27025	7
22	27026	7
22	27027	7
22	27028	7
22	27029	7
22	27030	7
22	27031	6
22	27032	6
22	27033	6
22	27034	6
22	27035	6
22	27036	6
22	27037	6
22	27038	6
22	27039	6
22	27040	6
22	27041	6
22	27042	6
22	27043	6
22	27044	6
22	27045	6
22	27046	6
22	27047	6
22	27048	6
22	27049	6
22	27050	6
22	27051	7
22	27052	8
22	27053	8
22	27054	8
22	27055	8
22	27056	8
22	27057	8
22	27058	8
22	27059	8
22	27060	8
22	27061	8
22	27062	8
22	27063	8
22	27064	8
22	27065	8
22	27066	8
22	27067	8
22	27068	7
22	27069	7
22	27070	7
22	27071	7
22	27072	7
22	27073	5
22	27074	5
22	27075	5
22	27076	5
22	27077	5
22	27078	5
22	27079	5
22	27080	5
22	27081	5
22	27082	5
22	27083	5
22	27084	5
22	27085	5
22	27086	5
22	27087	4
22	27088	4
22	27089	4
22	27090	4
22	27091	4
22	27092	4
22	27093	4
22	27094	3
22	27095	3
22	27096	3
22	27097	3
22	27098	4
22	27099	4
22	27100	4
22	27101	4
22	27102	4
22	27103	4
22	27104	4
22	27105	4
22	27106	4
22	27107	4
22	27108	4
22	27109	4
22	27110	4
22	27111	4
22	27112	4
22	27113	4
22	27114	4
22	27115	4
22	27116	4
22	27117	6
22	27118	6
22	27119	7
22	27120	7
22	27121	8
22	27122	8
22	27123	8
22	27124	8
22	27125	8
22	27126	8
22	27127	8
22	27128	9
22	27129	9
22	27130	9
22	27131	9
22	27132	9
22	27133	9
22	27134	9
22	27135	9
22	27136	10
22	27137	10
22	27138	10
22	27139	10
22	27140	10
22	27141	10
22	27142	10
22	27143	10
22	27144	10
22	27145	10
22	27146	10
22	27147	10
22	27148	10
22	27149	10
22	27150	10
22	27151	10
22	27152	10
22	27153	10
22	27154	10
22	27155	10
22	27156	10
22	27157	10
22	27158	9
22	27159	9
22	27160	9
22	27161	10
22	27162	11
22	27163	11
22	27164	11
22	27165	11
22	27166	11
22	27167	11
22	27168	11
22	27169	11
22	27170	11
22	27171	11
22	27172	11
22	27173	11
22	27174	11
22	27175	11
22	27176	11
22	27177	11
22	27178	11
22	27179	11
22	27180	11
22	27181	11
22	27182	11
22	27183	11
22	27184	11
22	27185	11
22	27186	11
22	27187	11
22	27188	11
22	27189	11
22	27190	11
22	27191	11
22	27192	11
22	27193	11
22	27194	11
22	27195	11
22	27196	11
22	27197	11
22	27198	11
22	27199	11
22	27200	10
22	27201	9
22	27202	9
22	27203	9
22	27204	9
22	27205	9
22	27206	9
22	27207	9
22	27208	9
22	27209	9
22	27210	9
22	27211	9
22	27212	10
22	27213	10
22	27214	10
22	27215	10
22	27216	10
22	27217	10
22	27218	10
22	27219	10
22	27220	10
22	27221	10
22	27222	10
22	27223	10
22	27224	10
22	27225	10
22	27226	10
22	27227	11
22	27228	11
22	27229	11
22	27230	11
22	27231	11
22	27232	11
22	27233	11
22	27234	11
22	27235	11
22	27236	11
22	27237	11
22	27238	11
22	27239	11
22	27240	11
22	27241	11
22	27242	11
22	27243	11
22	27244	11
22	27245	11
22	27246	11
22	27247	11
22	27248	10
22	27249	10
22	27250	10
22	27251	10
22	27252	10
22	27253	10
22	27254	10
22	27255	10
22	27256	10
22	27257	10
22	27258	10
22	27259	10
22	27260	10
22	27261	10
22	27262	10
22	27263	10
22	27264	10
22	27265	10
22	27266	8
22	27267	9
22	27268	8
22	27269	8
22	27270	7
22	27271	7
22	27272	7
22	27273	7
22	27274	7
22	27275	7
22	27276	7
22	27277	7
22	27278	6
22	27279	6
22	27280	8
22	27281	8
22	27282	8
22	27283	8
22	27284	8
22	27285	8
22	27286	7
22	27287	7
22	27288	7
22	27289	7
22	27290	7
22	27291	7
22	27292	7
22	27293	7
22	27294	7
22	27295	7
22	27296	7
22	27297	7
22	27298	7
22	27299	7
22	27300	7
22	27301	7
22	27302	7
22	27303	7
22	27304	7
22	27305	7
22	27306	7
22	27307	7
22	27308	7
22	27309	7
22	27310	7
22	27311	6
22	27312	5
22	27313	5
22	27314	5
22	27315	5
22	27316	5
22	27317	5
22	27318	5
22	27319	5
22	27320	5
22	27321	5
22	27322	5
22	27323	5
22	27324	5
22	27325	5
22	27326	5
22	27327	5
22	27328	5
22	27329	5
22	27330	5
22	27331	5
22	27332	5
22	27333	5
22	27334	5
22	27335	5
22	27336	5
22	27337	5
22	27338	5
22	27339	5
22	27340	5
22	27341	5
22	27342	5
22	27343	5
22	27344	5
22	27345	5
22	27346	5
22	27347	5
22	27348	5
22	27349	5
22	27350	5
22	27351	7
22	27352	8
22	27353	8
22	27354	8
22	27355	8
22	27356	8
22	27357	8
22	27358	8
22	27359	8
22	27360	7
22	27361	7
22	27362	7
22	27363	7
22	27364	7
22	27365	7
22	27366	7
22	27367	7
22	27368	7
22	27369	7
22	27370	7
22	27371	7
22	27372	7
22	27373	7
22	27374	7
22	27375	7
22	27376	7
22	27377	6
22	27378	6
22	27379	6
22	27380	6
22	27381	6
22	27382	6
22	27383	6
22	27384	6
22	27385	6
22	27386	6
22	27387	6
22	27388	6
22	27389	6
22	27390	6
22	27391	6
22	27392	6
22	27393	6
22	27394	6
22	27395	6
22	27396	6
22	27397	6
22	27398	6
22	27399	6
22	27400	6
22	27401	6
22	27402	6
22	27403	6
22	27404	6
22	27405	6
22	27406	6
22	27407	6
22	27408	6
22	27409	6
22	27410	6
22	27411	6
22	27412	6
22	27413	6
22	27414	6
22	27415	6
22	27416	5
22	27417	5
22	27418	5
22	27419	5
22	27420	5
22	27421	9
22	27422	9
22	27423	9
22	27424	9
22	27425	9
22	27426	9
22	27427	9
22	27428	9
22	27429	9
22	27430	7
22	27431	7
22	27432	7
22	27433	7
22	27434	7
22	27435	7
22	27436	7
22	27437	7
22	27438	7
22	27439	7
22	27440	7
22	27441	7
22	27442	7
22	27443	7
22	27444	7
22	27445	7
22	27446	7
22	27447	7
22	27448	7
22	27449	7
22	27450	7
22	27451	7
22	27452	7
22	27453	7
22	27454	7
22	27455	7
22	27456	7
22	27457	7
22	27458	7
22	27459	7
22	27460	7
22	27461	8
22	27462	8
22	27463	8
22	27464	8
22	27465	8
22	27466	8
22	27467	8
22	27468	8
22	27469	8
22	27470	8
22	27471	8
22	27472	8
22	27473	8
22	27474	8
22	27475	8
22	27476	8
22	27477	8
22	27478	8
22	27479	8
22	27480	8
22	27481	8
22	27482	8
22	27483	8
22	27484	8
22	27485	8
22	27486	9
22	27487	9
22	27488	9
22	27489	9
22	27490	9
22	27491	9
22	27492	10
22	27493	10
22	27494	10
22	27495	10
22	27496	10
22	27497	10
22	27498	10
22	27499	10
22	27500	10
22	27501	9
22	27502	8
22	27503	8
22	27504	8
22	27505	8
22	27506	8
22	27507	8
22	27508	8
22	27509	8
22	27510	10
22	27511	10
22	27512	10
22	27513	10
22	27514	11
22	27515	11
22	27516	11
22	27517	11
22	27518	11
22	27519	12
22	27520	12
22	27521	12
22	27522	12
22	27523	12
22	27524	12
22	27525	12
22	27526	12
22	27527	12
22	27528	12
22	27529	12
22	27530	12
22	27531	12
22	27532	12
22	27533	13
22	27534	13
22	27535	13
22	27536	13
22	27537	13
22	27538	13
22	27539	13
22	27540	13
22	27541	13
22	27542	13
22	27543	13
22	27544	13
22	27545	13
22	27546	13
22	27547	13
22	27548	13
22	27549	13
22	27550	13
22	27551	13
22	27552	13
22	27553	13
22	27554	13
22	27555	13
22	27556	13
22	27557	13
22	27558	13
22	27559	14
22	27560	14
22	27561	14
22	27562	14
22	27563	14
22	27564	14
22	27565	14
22	27566	14
22	27567	14
22	27568	14
22	27569	14
22	27570	14
22	27571	10
22	27572	10
22	27573	10
22	27574	10
22	27575	10
22	27576	10
22	27577	10
22	27578	10
22	27579	10
22	27580	10
22	27581	10
22	27582	10
22	27583	10
22	27584	10
22	27585	10
22	27586	10
22	27587	10
22	27588	10
22	27589	10
22	27590	10
22	27591	10
22	27592	11
22	27593	11
22	27594	11
22	27595	11
22	27596	11
22	27597	11
22	27598	11
22	27599	11
22	27600	11
22	27601	15
22	27602	15
22	27603	15
22	27604	15
22	27605	15
22	27606	15
22	27607	15
22	27608	15
22	27609	15
22	27610	14
22	27611	14
22	27612	14
22	27613	14
22	27614	14
22	27615	14
22	27616	14
22	27617	14
22	27618	14
22	27619	14
22	27620	14
22	27621	14
22	27622	14
22	27623	14
22	27624	14
22	27625	14
22	27626	14
22	27627	14
22	27628	14
22	27629	14
22	27630	15
22	27631	15
22	27632	15
22	27633	15
22	27634	15
22	27635	15
22	27636	14
22	27637	14
22	27638	14
22	27639	14
22	27640	14
22	27641	13
22	27642	13
22	27643	13
22	27644	13
22	27645	13
22	27646	13
22	27647	13
22	27648	13
22	27649	13
22	27650	13
22	27651	14
22	27652	14
22	27653	14
22	27654	14
22	27655	14
22	27656	14
22	27657	14
22	27658	14
22	27659	14
22	27660	10
22	27661	10
22	27662	10
22	27663	10
22	27664	9
22	27665	9
22	27666	9
22	27667	9
22	27668	8
22	27669	8
22	27670	8
22	27671	8
22	27672	8
22	27673	8
22	27674	8
22	27675	8
22	27676	9
22	27677	9
22	27678	9
22	27679	9
22	27680	9
22	27681	9
22	27682	9
22	27683	8
22	27684	8
22	27685	9
22	27686	9
22	27687	9
22	27688	9
22	27689	9
22	27690	9
22	27691	9
22	27692	9
22	27693	9
22	27694	9
22	27695	9
22	27696	9
22	27697	9
22	27698	9
22	27699	9
22	27700	9
22	27701	9
22	27702	9
22	27703	9
22	27704	9
22	27705	9
22	27706	9
22	27707	9
22	27708	9
22	27709	8
22	27710	8
22	27711	8
22	27712	8
22	27713	8
22	27714	8
22	27715	8
22	27716	8
22	27717	9
22	27718	9
22	27719	9
22	27720	9
22	27721	9
22	27722	9
22	27723	9
22	27724	9
22	27725	9
22	27726	9
22	27727	9
22	27728	9
22	27729	9
22	27730	9
22	27731	9
22	27732	9
22	27733	9
22	27734	9
22	27735	9
22	27736	9
22	27737	9
22	27738	9
22	27739	9
22	27740	9
22	27741	8
22	27742	10
22	27743	10
22	27744	10
22	27745	10
22	27746	10
22	27747	10
22	27748	10
22	27749	10
22	27750	10
22	27751	8
22	27752	8
22	27753	8
22	27754	8
22	27755	8
22	27756	8
22	27757	8
22	27758	8
22	27759	8
22	27760	8
22	27761	8
22	27762	8
22	27763	8
22	27764	8
22	27765	8
22	27766	8
22	27767	8
22	27768	8
22	27769	8
22	27770	11
22	27771	11
22	27772	11
22	27773	11
22	27774	11
22	27775	11
22	27776	11
22	27777	11
22	27778	11
22	27779	11
22	27780	9
22	27781	9
22	27782	9
22	27783	9
22	27784	9
22	27785	9
22	27786	11
22	27787	11
22	27788	11
22	27789	11
22	27790	11
22	27791	11
22	27792	11
22	27793	11
22	27794	11
22	27795	11
22	27796	11
22	27797	11
22	27798	11
22	27799	10
22	27800	10
22	27801	10
22	27802	10
22	27803	10
22	27804	10
22	27805	11
22	27806	11
22	27807	11
22	27808	12
22	27809	12
22	27810	12
22	27811	12
22	27812	12
22	27813	12
22	27814	12
22	27815	12
22	27816	12
22	27817	12
22	27818	12
22	27819	12
22	27820	12
22	27821	12
22	27822	12
22	27823	12
22	27824	12
22	27825	12
22	27826	11
22	27827	11
22	27828	11
22	27829	11
22	27830	11
22	27831	11
22	27832	11
22	27833	12
22	27834	12
22	27835	12
22	27836	12
22	27837	12
22	27838	12
22	27839	12
22	27840	12
22	27841	12
22	27842	12
22	27843	12
22	27844	12
22	27845	12
22	27846	12
22	27847	12
22	27848	12
22	27849	12
22	27850	12
22	27851	12
22	27852	12
22	27853	12
22	27854	12
22	27855	12
22	27856	12
22	27857	12
22	27858	12
22	27859	12
22	27860	12
22	27861	12
22	27862	12
22	27863	12
22	27864	12
22	27865	12
22	27866	12
22	27867	11
22	27868	11
22	27869	11
22	27870	11
22	27871	11
22	27872	11
22	27873	11
22	27874	11
22	27875	11
22	27876	11
22	27877	11
22	27878	11
22	27879	11
22	27880	11
22	27881	11
22	27882	11
22	27883	11
22	27884	12
22	27885	12
22	27886	12
22	27887	12
22	27888	12
22	27889	12
22	27890	12
22	27891	11
22	27892	10
22	27893	10
22	27894	10
22	27895	11
22	27896	11
22	27897	11
22	27898	11
22	27899	11
22	27900	11
22	27901	12
22	27902	12
22	27903	12
22	27904	12
22	27905	12
22	27906	12
22	27907	12
22	27908	12
22	27909	12
22	27910	12
22	27911	15
22	27912	15
22	27913	15
22	27914	15
22	27915	15
22	27916	15
22	27917	15
22	27918	13
22	27919	13
22	27920	12
22	27921	12
22	27922	12
22	27923	12
22	27924	12
22	27925	12
22	27926	12
22	27927	12
22	27928	12
22	27929	12
22	27930	12
22	27931	12
22	27932	12
22	27933	12
22	27934	12
22	27935	12
22	27936	10
22	27937	10
22	27938	10
22	27939	10
22	27940	10
22	27941	10
22	27942	11
22	27943	11
22	27944	11
22	27945	11
22	27946	11
22	27947	11
22	27948	11
22	27949	11
22	27950	11
22	27951	13
22	27952	13
22	27953	13
22	27954	13
22	27955	12
22	27956	12
22	27957	12
22	27958	11
22	27959	11
22	27960	11
22	27961	14
22	27962	14
22	27963	14
22	27964	14
22	27965	14
22	27966	14
22	27967	14
22	27968	14
22	27969	14
22	27970	14
22	27971	14
22	27972	14
22	27973	14
22	27974	16
22	27975	16
22	27976	16
22	27977	16
22	27978	16
22	27979	16
22	27980	16
22	27981	16
22	27982	16
22	27983	14
22	27984	14
22	27985	14
22	27986	14
22	27987	14
22	27988	14
22	27989	14
22	27990	14
22	27991	14
22	27992	14
22	27993	14
22	27994	14
22	27995	14
22	27996	14
22	27997	16
22	27998	17
22	27999	17
22	28000	17
22	28001	17
22	28002	17
22	28003	17
22	28004	17
22	28005	17
22	28006	17
22	28007	17
22	28008	17
22	28009	17
22	28010	17
22	28011	17
22	28012	17
22	28013	17
22	28014	17
22	28015	17
22	28016	17
22	28017	17
22	28018	18
22	28019	18
22	28020	18
22	28021	18
22	28022	18
22	28023	18
22	28024	18
22	28025	18
22	28026	18
22	28027	18
22	28028	18
22	28029	18
22	28030	18
22	28031	18
22	28032	18
22	28033	18
22	28034	17
22	28035	17
22	28036	17
22	28037	17
22	28038	17
22	28039	17
22	28040	17
22	28041	17
22	28042	18
22	28043	18
22	28044	17
22	28045	17
22	28046	18
22	28047	18
22	28048	18
22	28049	18
22	28050	18
22	28051	17
22	28052	17
22	28053	17
22	28054	17
22	28055	17
22	28056	17
22	28057	17
22	28058	17
22	28059	17
22	28060	14
22	28061	14
22	28062	14
22	28063	14
22	28064	14
22	28065	14
22	28066	14
22	28067	14
22	28068	14
22	28069	14
22	28070	14
22	28071	15
22	28072	15
22	28073	15
22	28074	15
22	28075	15
22	28076	15
22	28077	15
22	28078	15
22	28079	15
22	28080	15
22	28081	15
22	28082	15
22	28083	15
22	28084	15
22	28085	15
22	28086	15
22	28087	15
22	28088	15
22	28089	15
22	28090	15
22	28091	15
22	28092	14
22	28093	14
22	28094	14
22	28095	14
22	28096	14
22	28097	14
22	28098	14
22	28099	14
22	28100	14
22	28101	12
22	28102	12
22	28103	12
22	28104	12
22	28105	12
22	28106	12
22	28107	12
22	28108	12
22	28109	12
22	28110	12
22	28111	9
22	28112	9
22	28113	12
22	28114	12
22	28115	12
22	28116	12
22	28117	12
22	28118	12
22	28119	12
22	28120	13
22	28121	13
22	28122	13
22	28123	13
22	28124	11
22	28125	11
22	28126	11
22	28127	11
22	28128	11
22	28129	12
22	28130	12
22	28131	12
22	28132	12
22	28133	12
22	28134	12
22	28135	12
22	28136	12
22	28137	12
22	28138	12
22	28139	12
22	28140	12
22	28141	12
22	28142	12
22	28143	12
22	28144	12
22	28145	13
22	28146	13
22	28147	11
22	28148	10
22	28149	10
22	28150	10
22	28151	10
22	28152	10
22	28153	10
22	28154	10
22	28155	10
22	28156	10
22	28157	10
22	28158	11
22	28159	11
22	28160	11
22	28161	11
22	28162	11
22	28163	11
22	28164	11
22	28165	11
22	28166	11
22	28167	11
22	28168	10
22	28169	8
22	28170	10
22	28171	10
22	28172	10
22	28173	10
22	28174	10
22	28175	10
22	28176	10
22	28177	10
22	28178	10
22	28179	10
22	28180	10
22	28181	10
22	28182	10
22	28183	10
22	28184	10
22	28185	10
22	28186	10
22	28187	10
22	28188	10
22	28189	10
22	28190	10
22	28191	10
22	28192	9
22	28193	9
22	28194	9
22	28195	9
22	28196	9
22	28197	8
22	28198	8
22	28199	8
22	28200	8
22	28201	8
22	28202	8
22	28203	8
22	28204	8
22	28205	8
22	28206	8
22	28207	8
22	28208	8
22	28209	8
22	28210	8
22	28211	8
22	28212	8
22	28213	8
22	28214	8
22	28215	8
22	28216	8
22	28217	9
22	28218	9
22	28219	9
22	28220	9
22	28221	8
22	28222	9
22	28223	9
22	28224	9
22	28225	9
22	28226	9
22	28227	9
22	28228	9
22	28229	9
22	28230	9
22	28231	9
22	28232	9
22	28233	9
22	28234	9
22	28235	9
22	28236	9
22	28237	9
22	28238	9
22	28239	9
22	28240	9
22	28241	9
22	28242	9
22	28243	9
22	28244	9
22	28245	9
22	28246	9
22	28247	9
22	28248	9
22	28249	9
22	28250	9
22	28251	9
22	28252	9
22	28253	11
22	28254	11
22	28255	11
22	28256	11
22	28257	11
22	28258	11
22	28259	12
22	28260	12
22	28261	12
22	28262	9
22	28263	9
22	28264	11
22	28265	11
22	28266	11
22	28267	11
22	28268	11
22	28269	10
22	28270	10
22	28271	10
22	28272	10
22	28273	10
22	28274	10
22	28275	11
22	28276	11
22	28277	11
22	28278	11
22	28279	10
22	28280	10
22	28281	10
22	28282	10
22	28283	10
22	28284	10
22	28285	10
22	28286	10
22	28287	10
22	28288	10
22	28289	10
22	28290	10
22	28291	10
22	28292	10
22	28293	10
22	28294	9
22	28295	9
22	28296	10
22	28297	10
22	28298	10
22	28299	10
22	28300	10
22	28301	10
22	28302	10
22	28303	10
22	28304	10
22	28305	10
22	28306	10
22	28307	10
22	28308	9
22	28309	9
22	28310	9
22	28311	9
22	28312	10
22	28313	10
22	28314	10
22	28315	10
22	28316	10
22	28317	10
22	28318	10
22	28319	10
22	28320	10
22	28321	10
22	28322	10
22	28323	10
22	28324	10
22	28325	10
22	28326	10
22	28327	10
22	28328	8
22	28329	10
22	28330	10
22	28331	10
22	28332	10
22	28333	10
22	28334	10
22	28335	10
22	28336	10
22	28337	10
22	28338	10
22	28339	10
22	28340	10
22	28341	10
22	28342	10
22	28343	10
22	28344	10
22	28345	10
22	28346	10
22	28347	10
22	28348	10
22	28349	10
22	28350	10
22	28351	10
22	28352	10
22	28353	10
22	28354	10
22	28355	10
22	28356	10
22	28357	10
22	28358	10
22	28359	10
22	28360	10
22	28361	10
22	28362	10
22	28363	10
22	28364	10
22	28365	10
22	28366	10
22	28367	10
22	28368	9
22	28369	9
22	28370	9
22	28371	9
22	28372	8
22	28373	8
22	28374	8
22	28375	8
22	28376	8
22	28377	8
22	28378	8
22	28379	8
22	28380	8
22	28381	8
22	28382	8
22	28383	8
22	28384	8
22	28385	8
22	28386	8
22	28387	8
22	28388	8
22	28389	8
22	28390	8
22	28391	8
22	28392	8
22	28393	8
22	28394	8
22	28395	8
22	28396	8
22	28397	9
22	28398	9
22	28399	9
22	28400	9
22	28401	9
22	28402	8
22	28403	7
22	28404	7
22	28405	7
22	28406	7
22	28407	7
22	28408	7
22	28409	7
22	28410	7
22	28411	7
22	28412	7
22	28413	5
22	28414	5
22	28415	5
22	28416	5
22	28417	5
22	28418	5
22	28419	5
22	28420	5
22	28421	5
22	28422	5
22	28423	5
22	28424	5
22	28425	4
22	28426	4
22	28427	4
22	28428	4
22	28429	4
22	28430	4
22	28431	4
22	28432	4
22	28433	4
22	28434	5
22	28435	5
22	28436	5
22	28437	5
22	28438	5
22	28439	5
22	28440	5
22	28441	5
22	28442	5
22	28443	6
22	28444	6
22	28445	6
22	28446	5
22	28447	5
22	28448	5
22	28449	5
22	28450	5
22	28451	5
22	28452	5
22	28453	5
22	28454	5
22	28455	5
22	28456	5
22	28457	8
22	28458	8
22	28459	8
22	28460	8
22	28461	8
22	28462	8
22	28463	7
22	28464	7
22	28465	7
22	28466	7
22	28467	7
22	28468	7
22	28469	7
22	28470	7
22	28471	7
22	28472	7
22	28473	7
22	28474	7
22	28475	7
22	28476	7
22	28477	7
22	28478	7
22	28479	7
22	28480	7
22	28481	7
22	28482	7
22	28483	7
22	28484	7
22	28485	7
22	28486	7
22	28487	7
22	28488	7
22	28489	7
22	28490	7
22	28491	7
22	28492	7
22	28493	7
22	28494	7
22	28495	7
22	28496	7
22	28497	8
22	28498	8
22	28499	8
22	28500	8
22	28501	8
22	28502	8
22	28503	8
22	28504	8
22	28505	8
22	28506	8
22	28507	8
22	28508	8
22	28509	8
22	28510	8
22	28511	8
22	28512	8
22	28513	8
22	28514	8
22	28515	8
22	28516	8
22	28517	8
22	28518	8
22	28519	8
22	28520	8
22	28521	8
22	28522	8
22	28523	8
22	28524	8
22	28525	8
22	28526	8
22	28527	8
22	28528	8
22	28529	8
22	28530	8
22	28531	8
22	28532	8
22	28533	8
22	28534	8
22	28535	8
22	28536	8
22	28537	8
22	28538	8
22	28539	8
22	28540	8
22	28541	8
22	28542	8
22	28543	8
22	28544	8
22	28545	8
22	28546	8
22	28547	7
22	28548	7
22	28549	7
22	28550	7
22	28551	7
22	28552	7
22	28553	7
22	28554	7
22	28555	7
22	28556	7
22	28557	7
22	28558	6
22	28559	6
22	28560	6
22	28561	6
22	28562	6
22	28563	6
22	28564	6
22	28565	6
22	28566	6
22	28567	6
22	28568	6
22	28569	6
22	28570	6
22	28571	6
22	28572	6
22	28573	6
22	28574	7
22	28575	7
22	28576	7
22	28577	7
22	28578	7
22	28579	7
22	28580	7
22	28581	7
22	28582	6
22	28583	7
22	28584	6
22	28585	6
22	28586	6
22	28587	6
22	28588	6
22	28589	6
22	28590	6
22	28591	6
22	28592	5
22	28593	5
22	28594	5
22	28595	5
22	28596	5
22	28597	5
22	28598	6
22	28599	6
22	28600	6
22	28601	6
22	28602	6
22	28603	6
22	28604	6
22	28605	6
22	28606	6
22	28607	4
22	28608	4
22	28609	4
22	28610	4
22	28611	4
22	28612	4
22	28613	4
22	28614	4
22	28615	4
22	28616	4
22	28617	4
22	28618	4
22	28619	4
22	28620	4
22	28621	4
22	28622	4
22	28623	4
22	28624	5
22	28625	5
22	28626	5
22	28627	5
22	28628	5
22	28629	5
22	28630	5
22	28631	5
22	28632	5
22	28633	5
22	28634	5
22	28635	5
22	28636	5
22	28637	5
22	28638	7
22	28639	7
22	28640	7
22	28641	7
22	28642	7
22	28643	7
22	28644	7
22	28645	7
22	28646	7
22	28647	6
22	28648	6
22	28649	6
22	28650	6
22	28651	6
22	28652	6
22	28653	6
22	28654	6
22	28655	6
22	28656	6
22	28657	6
22	28658	6
22	28659	6
22	28660	6
22	28661	6
22	28662	6
22	28663	7
22	28664	7
22	28665	7
22	28666	7
22	28667	7
22	28668	7
22	28669	7
22	28670	7
22	28671	7
22	28672	8
22	28673	8
22	28674	8
22	28675	8
22	28676	8
22	28677	8
22	28678	8
22	28679	8
22	28680	8
22	28681	8
22	28682	8
22	28683	8
22	28684	8
22	28685	8
22	28686	8
22	28687	8
22	28688	8
22	28689	8
22	28690	8
22	28691	8
22	28692	8
22	28693	8
22	28694	8
22	28695	9
22	28696	9
22	28697	9
22	28698	9
22	28699	9
22	28700	9
22	28701	9
22	28702	9
22	28703	9
22	28704	9
22	28705	9
22	28706	9
22	28707	9
22	28708	9
22	28709	9
22	28710	9
22	28711	9
22	28712	9
22	28713	9
22	28714	9
22	28715	9
22	28716	9
22	28717	9
22	28718	9
22	28719	9
22	28720	9
22	28721	9
22	28722	9
22	28723	9
22	28724	8
22	28725	8
22	28726	8
22	28727	8
22	28728	8
22	28729	8
22	28730	8
22	28731	10
22	28732	10
22	28733	9
22	28734	9
22	28735	9
22	28736	9
22	28737	9
22	28738	9
22	28739	9
22	28740	9
22	28741	9
22	28742	9
22	28743	9
22	28744	9
22	28745	9
22	28746	9
22	28747	9
22	28748	9
22	28749	9
22	28750	9
22	28751	10
22	28752	10
22	28753	10
22	28754	10
22	28755	10
22	28756	10
22	28757	10
22	28758	10
22	28759	10
22	28760	11
22	28761	11
22	28762	11
22	28763	11
22	28764	11
22	28765	11
22	28766	11
22	28767	11
22	28768	11
22	28769	11
22	28770	12
22	28771	12
22	28772	12
22	28773	12
22	28774	11
22	28775	11
22	28776	11
22	28777	11
22	28778	11
22	28779	11
22	28780	11
22	28781	11
22	28782	11
22	28783	11
22	28784	11
22	28785	11
22	28786	11
22	28787	11
22	28788	9
22	28789	9
22	28790	9
22	28791	9
22	28792	9
22	28793	9
22	28794	9
22	28795	9
22	28796	9
22	28797	9
22	28798	10
22	28799	10
22	28800	10
22	28801	10
22	28802	10
22	28803	11
22	28804	11
22	28805	11
22	28806	11
22	28807	11
22	28808	13
22	28809	13
22	28810	13
22	28811	13
22	28812	13
22	28813	12
22	28814	12
22	28815	12
22	28816	12
22	28817	12
22	28818	12
22	28819	12
22	28820	12
22	28821	12
22	28822	11
22	28823	11
22	28824	11
22	28825	11
22	28826	11
22	28827	11
22	28828	11
22	28829	11
22	28830	11
22	28831	11
22	28832	12
22	28833	12
22	28834	12
22	28835	12
22	28836	12
22	28837	12
22	28838	12
22	28839	12
22	28840	12
22	28841	12
22	28842	11
22	28843	11
22	28844	11
22	28845	11
22	28846	11
22	28847	12
22	28848	12
22	28849	12
22	28850	12
22	28851	12
22	28852	12
22	28853	12
22	28854	12
22	28855	12
22	28856	12
22	28857	13
22	28858	13
22	28859	13
22	28860	13
22	28861	13
22	28862	13
22	28863	13
22	28864	13
22	28865	13
22	28866	13
22	28867	13
22	28868	13
22	28869	13
22	28870	13
22	28871	13
22	28872	13
22	28873	13
22	28874	13
22	28875	13
22	28876	13
22	28877	13
22	28878	13
22	28879	13
22	28880	13
22	28881	11
22	28882	11
22	28883	11
22	28884	11
22	28885	11
22	28886	11
22	28887	13
22	28888	13
22	28889	13
22	28890	13
22	28891	13
22	28892	13
22	28893	13
22	28894	13
22	28895	13
22	28896	13
22	28897	13
22	28898	13
22	28899	13
22	28900	13
22	28901	12
22	28902	12
22	28903	13
22	28904	13
22	28905	13
22	28906	13
22	28907	13
22	28908	16
22	28909	15
22	28910	15
22	28911	15
22	28912	15
22	28913	15
22	28914	15
22	28915	15
22	28916	15
22	28917	15
22	28918	15
22	28919	14
22	28920	14
22	28921	14
22	28922	14
22	28923	14
22	28924	15
22	28925	15
22	28926	15
22	28927	15
22	28928	15
22	28929	15
22	28930	15
22	28931	15
22	28932	15
22	28933	15
22	28934	15
22	28935	15
22	28936	15
22	28937	15
22	28938	15
22	28939	15
22	28940	15
22	28941	15
22	28942	15
22	28943	15
22	28944	15
22	28945	15
22	28946	15
22	28947	14
22	28948	14
22	28949	14
22	28950	14
22	28951	14
22	28952	14
22	28953	13
22	28954	13
22	28955	13
22	28956	13
22	28957	13
22	28958	11
22	28959	11
22	28960	11
22	28961	11
22	28962	11
22	28963	11
22	28964	11
22	28965	11
22	28966	11
22	28967	11
22	28968	11
22	28969	12
22	28970	12
22	28971	12
22	28972	12
22	28973	12
22	28974	12
22	28975	12
22	28976	12
22	28977	12
22	28978	12
22	28979	12
22	28980	13
22	28981	12
22	28982	12
22	28983	12
22	28984	12
22	28985	12
22	28986	12
22	28987	12
22	28988	12
22	28989	12
22	28990	12
22	28991	12
22	28992	12
22	28993	12
22	28994	12
22	28995	12
22	28996	12
22	28997	11
22	28998	11
22	28999	11
22	29000	11
22	29001	11
22	29002	11
22	29003	11
22	29004	11
22	29005	11
22	29006	11
22	29007	10
22	29008	10
22	29009	10
22	29010	10
22	29011	10
22	29012	10
22	29013	10
22	29014	10
22	29015	10
22	29016	10
22	29017	10
22	29018	10
22	29019	10
22	29020	10
22	29021	10
22	29022	10
22	29023	10
22	29024	10
22	29025	10
22	29026	10
22	29027	10
22	29028	10
22	29029	10
22	29030	10
22	29031	10
22	29032	10
22	29033	10
22	29034	11
22	29035	9
22	29036	9
22	29037	9
22	29038	9
22	29039	9
22	29040	9
22	29041	9
22	29042	14
22	29043	14
22	29044	14
22	29045	14
22	29046	13
22	29047	13
22	29048	13
22	29049	15
22	29050	15
22	29051	15
22	29052	15
22	29053	14
22	29054	15
22	29055	15
22	29056	15
22	29057	15
22	29058	12
22	29059	12
22	29060	12
22	29061	12
22	29062	12
22	29063	12
22	29064	12
22	29065	12
22	29066	12
22	29067	12
22	29068	12
22	29069	12
22	29070	13
22	29071	13
22	29072	13
22	29073	13
22	29074	12
22	29075	12
22	29076	12
22	29077	12
22	29078	12
22	29079	12
22	29080	12
22	29081	12
22	29082	12
22	29083	12
22	29084	12
22	29085	12
22	29086	12
22	29087	12
22	29088	12
22	29089	12
22	29090	12
22	29091	12
22	29092	12
22	29093	12
22	29094	12
22	29095	12
22	29096	12
22	29097	12
22	29098	13
22	29099	13
22	29100	14
22	29101	14
22	29102	14
22	29103	14
22	29104	14
22	29105	14
22	29106	14
22	29107	14
22	29108	14
22	29109	14
22	29110	14
22	29111	14
22	29112	14
22	29113	14
22	29114	14
22	29115	14
22	29116	14
22	29117	14
22	29118	14
22	29119	13
22	29120	13
22	29121	13
22	29122	13
22	29123	13
22	29124	13
22	29125	13
22	29126	13
22	29127	13
22	29128	13
22	29129	13
22	29130	12
22	29131	12
22	29132	12
22	29133	12
22	29134	12
22	29135	12
22	29136	12
22	29137	12
22	29138	12
22	29139	12
22	29140	12
22	29141	12
22	29142	12
22	29143	12
22	29144	12
22	29145	12
22	29146	12
22	29147	14
22	29148	14
22	29149	14
22	29150	14
22	29151	14
22	29152	16
22	29153	16
22	29154	16
22	29155	16
22	29156	16
22	29157	18
22	29158	18
22	29159	18
22	29160	19
22	29161	19
22	29162	19
22	29163	19
22	29164	19
22	29165	19
22	29166	19
22	29167	19
22	29168	19
22	29169	19
22	29170	19
22	29171	19
22	29172	19
22	29173	19
22	29174	19
22	29175	19
22	29176	19
22	29177	19
22	29178	19
22	29179	19
22	29180	19
22	29181	20
22	29182	21
22	29183	20
22	29184	20
22	29185	20
22	29186	20
22	29187	21
22	29188	21
22	29189	21
22	29190	17
22	29191	16
22	29192	16
22	29193	16
22	29194	16
22	29195	16
22	29196	16
22	29197	16
22	29198	16
22	29199	14
22	29200	15
22	29201	15
22	29202	15
22	29203	15
22	29204	14
22	29205	14
22	29206	14
22	29207	15
22	29208	15
22	29209	16
22	29210	16
22	29211	16
22	29212	16
22	29213	16
22	29214	16
22	29215	16
22	29216	16
22	29217	16
22	29218	16
22	29219	15
22	29220	15
22	29221	15
22	29222	15
22	29223	15
22	29224	15
22	29225	15
22	29226	15
22	29227	15
22	29228	15
22	29229	15
22	29230	15
22	29231	15
22	29232	15
22	29233	15
22	29234	15
22	29235	15
22	29236	15
22	29237	15
22	29238	15
22	29239	16
22	29240	16
22	29241	16
22	29242	16
22	29243	16
22	29244	16
22	29245	16
22	29246	16
22	29247	16
22	29248	14
22	29249	14
22	29250	14
22	29251	15
22	29252	16
22	29253	17
22	29254	17
22	29255	17
22	29256	17
22	29257	17
22	29258	17
22	29259	17
22	29260	17
22	29261	17
22	29262	17
22	29263	17
22	29264	17
22	29265	17
22	29266	17
22	29267	17
22	29268	17
22	29269	17
22	29270	17
22	29271	17
22	29272	17
22	29273	17
22	29274	17
22	29275	17
22	29276	17
22	29277	17
22	29278	17
22	29279	17
22	29280	17
22	29281	17
22	29282	17
22	29283	18
22	29284	18
22	29285	18
22	29286	18
22	29287	18
22	29288	18
22	29289	18
22	29290	18
22	29291	18
22	29292	18
22	29293	18
22	29294	18
22	29295	18
22	29296	19
22	29297	17
22	29298	17
22	29299	17
22	29300	17
22	29301	19
22	29302	17
22	29303	17
22	29304	17
22	29305	17
22	29306	15
22	29307	15
22	29308	15
22	29309	15
22	29310	14
22	29311	14
22	29312	14
22	29313	14
22	29314	14
22	29315	14
22	29316	14
22	29317	14
22	29318	14
22	29319	14
22	29320	14
22	29321	14
22	29322	14
22	29323	14
22	29324	14
22	29325	14
22	29326	14
22	29327	14
22	29328	14
22	29329	14
22	29330	14
22	29331	13
22	29332	12
22	29333	12
22	29334	11
22	29335	13
22	29336	13
22	29337	12
22	29338	12
22	29339	12
22	29340	12
22	29341	14
22	29342	14
22	29343	14
22	29344	14
22	29345	14
22	29346	14
22	29347	14
22	29348	14
22	29349	14
22	29350	13
22	29351	13
22	29352	13
22	29353	13
22	29354	13
22	29355	13
22	29356	13
22	29357	12
22	29358	12
22	29359	11
22	29360	11
22	29361	11
22	29362	11
22	29363	11
22	29364	11
22	29365	11
22	29366	11
22	29367	11
22	29368	11
22	29369	11
22	29370	11
22	29371	11
22	29372	12
22	29373	12
22	29374	12
22	29375	12
22	29376	14
22	29377	14
22	29378	14
22	29379	14
22	29380	14
22	29381	14
22	29382	14
22	29383	14
22	29384	14
22	29385	14
22	29386	14
22	29387	14
22	29388	14
22	29389	13
22	29390	13
22	29391	13
22	29392	13
22	29393	14
22	29394	14
22	29395	14
22	29396	14
22	29397	14
22	29398	14
22	29399	14
22	29400	12
22	29401	11
22	29402	11
22	29403	12
22	29404	12
22	29405	12
22	29406	12
22	29407	13
22	29408	13
22	29409	13
22	29410	13
22	29411	13
22	29412	13
22	29413	13
22	29414	13
22	29415	13
22	29416	13
22	29417	13
22	29418	13
22	29419	13
22	29420	14
22	29421	14
22	29422	14
22	29423	14
22	29424	14
22	29425	14
22	29426	14
22	29427	14
22	29428	14
22	29429	14
22	29430	14
22	29431	14
22	29432	15
22	29433	14
22	29434	15
22	29435	15
22	29436	15
22	29437	15
22	29438	15
22	29439	15
22	29440	15
22	29441	15
22	29442	15
22	29443	15
22	29444	15
22	29445	14
22	29446	14
22	29447	14
22	29448	14
22	29449	14
22	29450	14
22	29451	13
22	29452	12
22	29453	12
22	29454	12
22	29455	12
22	29456	12
22	29457	12
22	29458	12
22	29459	12
22	29460	12
22	29461	12
22	29462	12
22	29463	12
22	29464	12
22	29465	12
22	29466	12
22	29467	12
22	29468	12
22	29469	12
22	29470	13
22	29471	13
22	29472	13
22	29473	13
22	29474	13
22	29475	13
22	29476	13
22	29477	13
22	29478	13
22	29479	13
22	29480	13
22	29481	13
22	29482	13
22	29483	13
22	29484	12
22	29485	12
22	29486	12
22	29487	12
22	29488	12
22	29489	12
22	29490	12
22	29491	10
22	29492	10
22	29493	10
22	29494	10
22	29495	10
22	29496	10
22	29497	10
22	29498	10
22	29499	10
22	29500	10
22	29501	10
22	29502	10
22	29503	10
22	29504	10
22	29505	10
22	29506	12
22	29507	13
22	29508	13
22	29509	13
22	29510	14
22	29511	14
22	29512	14
22	29513	14
22	29514	14
22	29515	14
22	29516	14
22	29517	14
22	29518	14
22	29519	14
22	29520	14
22	29521	14
22	29522	13
22	29523	13
22	29524	13
22	29525	11
22	29526	11
22	29527	11
22	29528	11
22	29529	11
22	29530	11
22	29531	11
22	29532	11
22	29533	11
22	29534	11
22	29535	11
22	29536	11
22	29537	11
22	29538	11
22	29539	11
22	29540	11
22	29541	11
22	29542	11
22	29543	10
22	29544	12
22	29545	12
22	29546	12
22	29547	12
22	29548	12
22	29549	12
22	29550	12
22	29551	12
22	29552	11
22	29553	11
22	29554	11
22	29555	11
22	29556	10
22	29557	10
22	29558	10
22	29559	10
22	29560	10
22	29561	10
22	29562	10
22	29563	10
22	29564	10
22	29565	10
22	29566	10
22	29567	10
22	29568	9
22	29569	9
22	29570	9
22	29571	9
22	29572	9
22	29573	9
22	29574	9
22	29575	9
22	29576	9
22	29577	9
22	29578	9
22	29579	9
22	29580	9
22	29581	8
22	29582	8
22	29583	7
22	29584	7
22	29585	7
22	29586	7
22	29587	7
22	29588	7
22	29589	7
22	29590	7
22	29591	7
22	29592	7
22	29593	9
22	29594	9
22	29595	9
22	29596	9
22	29597	9
22	29598	10
22	29599	10
22	29600	10
22	29601	10
22	29602	10
22	29603	10
22	29604	10
22	29605	10
22	29606	11
22	29607	11
22	29608	11
22	29609	11
22	29610	11
22	29611	11
22	29612	11
22	29613	11
22	29614	11
22	29615	11
22	29616	11
22	29617	11
22	29618	11
22	29619	11
22	29620	10
22	29621	10
22	29622	10
22	29623	10
22	29624	10
22	29625	10
22	29626	10
22	29627	10
22	29628	10
22	29629	10
22	29630	10
22	29631	10
22	29632	10
22	29633	10
22	29634	10
22	29635	10
22	29636	10
22	29637	10
22	29638	10
22	29639	10
22	29640	10
22	29641	10
22	29642	10
22	29643	11
22	29644	11
22	29645	11
22	29646	11
22	29647	11
22	29648	12
22	29649	12
22	29650	12
22	29651	12
22	29652	12
22	29653	12
22	29654	12
22	29655	10
22	29656	10
22	29657	9
22	29658	9
22	29659	9
22	29660	8
22	29661	8
22	29662	8
22	29663	8
22	29664	8
22	29665	8
22	29666	8
22	29667	8
22	29668	8
22	29669	8
22	29670	8
22	29671	8
22	29672	8
22	29673	8
22	29674	8
22	29675	8
22	29676	8
22	29677	8
22	29678	8
22	29679	8
22	29680	8
22	29681	8
22	29682	8
22	29683	8
22	29684	8
22	29685	8
22	29686	8
22	29687	8
22	29688	8
22	29689	8
22	29690	8
22	29691	8
22	29692	8
22	29693	7
22	29694	7
22	29695	7
22	29696	7
22	29697	7
22	29698	7
22	29699	7
22	29700	7
22	29701	7
22	29702	7
22	29703	7
22	29704	7
22	29705	7
22	29706	7
22	29707	7
22	29708	8
22	29709	8
22	29710	8
22	29711	8
22	29712	8
22	29713	8
22	29714	8
22	29715	8
22	29716	8
22	29717	8
22	29718	8
22	29719	8
22	29720	8
22	29721	8
22	29722	8
22	29723	8
22	29724	8
22	29725	8
22	29726	8
22	29727	8
22	29728	8
22	29729	8
22	29730	8
22	29731	9
22	29732	9
22	29733	9
22	29734	9
22	29735	9
22	29736	9
22	29737	9
22	29738	9
22	29739	9
22	29740	9
22	29741	9
22	29742	9
22	29743	7
22	29744	7
22	29745	7
22	29746	8
22	29747	7
22	29748	7
22	29749	7
22	29750	7
22	29751	7
22	29752	8
22	29753	8
22	29754	8
22	29755	8
22	29756	7
22	29757	7
22	29758	7
22	29759	7
22	29760	7
22	29761	7
22	29762	7
22	29763	7
22	29764	7
22	29765	7
22	29766	7
22	29767	7
22	29768	7
22	29769	8
22	29770	10
22	29771	10
22	29772	10
22	29773	10
22	29774	10
22	29775	10
22	29776	10
22	29777	10
22	29778	10
22	29779	10
22	29780	11
22	29781	11
22	29782	11
22	29783	11
22	29784	11
22	29785	11
22	29786	11
22	29787	11
22	29788	11
22	29789	11
22	29790	11
22	29791	11
22	29792	10
22	29793	10
22	29794	10
22	29795	10
22	29796	9
22	29797	9
22	29798	9
22	29799	9
22	29800	9
22	29801	9
22	29802	9
22	29803	9
22	29804	9
22	29805	9
22	29806	10
22	29807	10
22	29808	10
22	29809	10
22	29810	10
22	29811	10
22	29812	10
22	29813	10
22	29814	10
22	29815	10
22	29816	10
22	29817	10
22	29818	10
22	29819	10
22	29820	10
22	29821	10
22	29822	10
22	29823	10
22	29824	10
22	29825	10
22	29826	10
22	29827	11
22	29828	11
22	29829	11
22	29830	11
22	29831	11
22	29832	11
22	29833	11
22	29834	11
22	29835	11
22	29836	11
22	29837	11
22	29838	11
22	29839	11
22	29840	11
22	29841	10
22	29842	12
22	29843	12
22	29844	12
22	29845	12
22	29846	12
22	29847	12
22	29848	13
22	29849	13
22	29850	13
22	29851	13
22	29852	13
22	29853	13
22	29854	13
22	29855	13
22	29856	13
22	29857	12
22	29858	12
22	29859	12
22	29860	12
22	29861	12
22	29862	12
22	29863	12
22	29864	12
22	29865	12
22	29866	12
22	29867	12
22	29868	12
22	29869	12
22	29870	12
22	29871	12
22	29872	12
22	29873	12
22	29874	12
22	29875	12
22	29876	12
22	29877	12
22	29878	12
22	29879	12
22	29880	11
22	29881	11
22	29882	11
22	29883	11
22	29884	11
22	29885	11
22	29886	11
22	29887	11
22	29888	11
22	29889	11
22	29890	11
22	29891	11
22	29892	11
22	29893	11
22	29894	11
22	29895	10
22	29896	10
22	29897	10
22	29898	10
22	29899	10
22	29900	10
22	29901	10
22	29902	9
22	29903	9
22	29904	9
22	29905	9
22	29906	9
22	29907	9
22	29908	10
22	29909	10
22	29910	10
22	29911	13
22	29912	13
22	29913	13
22	29914	13
22	29915	13
22	29916	13
22	29917	13
22	29918	13
22	29919	13
22	29920	11
22	29921	11
22	29922	11
22	29923	11
22	29924	11
22	29925	11
22	29926	13
22	29927	13
22	29928	13
22	29929	13
22	29930	12
22	29931	12
22	29932	12
22	29933	12
22	29934	12
22	29935	12
22	29936	12
22	29937	13
22	29938	14
22	29939	14
22	29940	14
22	29941	14
22	29942	14
22	29943	15
22	29944	15
22	29945	15
22	29946	15
22	29947	15
22	29948	15
22	29949	15
22	29950	15
22	29951	15
22	29952	15
22	29953	15
22	29954	15
22	29955	15
22	29956	14
22	29957	14
22	29958	15
22	29959	15
22	29960	15
22	29961	15
22	29962	15
22	29963	15
22	29964	15
22	29965	15
22	29966	15
22	29967	15
22	29968	15
22	29969	15
22	29970	15
22	29971	15
22	29972	15
22	29973	15
22	29974	15
22	29975	15
22	29976	14
22	29977	14
22	29978	14
22	29979	14
22	29980	14
22	29981	14
22	29982	14
22	29983	15
22	29984	15
22	29985	15
22	29986	16
22	29987	16
22	29988	18
22	29989	18
22	29990	18
22	29991	18
22	29992	15
22	29993	15
22	29994	16
22	29995	16
22	29996	16
22	29997	15
22	29998	15
22	29999	15
22	30000	15
22	30001	15
22	30002	15
22	30003	15
22	30004	15
22	30005	16
22	30006	16
22	30007	16
22	30008	16
22	30009	16
22	30010	16
22	30011	16
22	30012	16
22	30013	16
22	30014	16
22	30015	16
22	30016	16
22	30017	16
22	30018	16
22	30019	16
22	30020	16
22	30021	16
22	30022	16
22	30023	16
22	30024	16
22	30025	16
22	30026	16
22	30027	16
22	30028	16
22	30029	16
22	30030	16
22	30031	16
22	30032	16
22	30033	16
22	30034	16
22	30035	16
22	30036	16
22	30037	16
22	30038	16
22	30039	16
22	30040	17
22	30041	17
22	30042	17
22	30043	17
22	30044	17
22	30045	19
22	30046	19
22	30047	19
22	30048	19
22	30049	19
22	30050	19
22	30051	19
22	30052	19
22	30053	19
22	30054	19
22	30055	19
22	30056	19
22	30057	19
22	30058	18
22	30059	18
22	30060	18
22	30061	15
22	30062	15
22	30063	13
22	30064	13
22	30065	13
22	30066	13
22	30067	13
22	30068	13
22	30069	13
22	30070	13
22	30071	13
22	30072	13
22	30073	13
22	30074	13
22	30075	14
22	30076	14
22	30077	14
22	30078	15
22	30079	15
22	30080	15
22	30081	15
22	30082	15
22	30083	15
22	30084	16
22	30085	16
22	30086	16
22	30087	15
22	30088	14
22	30089	14
22	30090	15
22	30091	15
22	30092	15
22	30093	14
22	30094	14
22	30095	14
22	30096	14
22	30097	14
22	30098	14
22	30099	14
22	30100	14
22	30101	14
22	30102	14
22	30103	14
22	30104	14
22	30105	15
22	30106	15
22	30107	15
22	30108	14
22	30109	14
22	30110	14
22	30111	14
22	30112	14
22	30113	14
22	30114	14
22	30115	14
22	30116	14
22	30117	14
22	30118	14
22	30119	14
22	30120	14
22	30121	14
22	30122	14
22	30123	14
22	30124	14
22	30125	14
22	30126	14
22	30127	14
22	30128	14
22	30129	14
22	30130	14
22	30131	14
22	30132	13
22	30133	13
22	30134	13
22	30135	13
22	30136	12
22	30137	12
22	30138	10
22	30139	10
22	30140	9
22	30141	9
22	30142	9
22	30143	9
22	30144	10
22	30145	10
22	30146	10
22	30147	10
22	30148	10
22	30149	10
22	30150	10
22	30151	10
22	30152	10
22	30153	10
22	30154	10
22	30155	9
22	30156	9
22	30157	9
22	30158	9
22	30159	10
22	30160	10
22	30161	10
22	30162	10
22	30163	10
22	30164	10
22	30165	10
22	30166	10
22	30167	10
22	30168	10
22	30169	10
22	30170	11
22	30171	11
22	30172	11
22	30173	11
22	30174	11
22	30175	11
22	30176	11
22	30177	11
22	30178	11
22	30179	11
22	30180	11
22	30181	11
22	30182	11
22	30183	11
22	30184	12
22	30185	12
22	30186	12
22	30187	12
22	30188	12
22	30189	12
22	30190	11
22	30191	11
22	30192	12
22	30193	12
22	30194	10
22	30195	10
22	30196	10
22	30197	10
22	30198	10
22	30199	10
22	30200	10
22	30201	10
22	30202	10
22	30203	10
22	30204	10
22	30205	10
22	30206	10
22	30207	12
22	30208	12
22	30209	12
22	30210	12
22	30211	12
22	30212	12
22	30213	12
22	30214	12
22	30215	12
22	30216	12
22	30217	12
22	30218	13
22	30219	13
22	30220	13
22	30221	13
22	30222	13
22	30223	13
22	30224	13
22	30225	12
22	30226	13
22	30227	12
22	30228	12
22	30229	16
22	30230	16
22	30231	17
22	30232	17
22	30233	17
22	30234	16
22	30235	16
22	30236	17
22	30237	17
22	30238	17
22	30239	17
22	30240	16
22	30241	16
22	30242	17
22	30243	17
22	30244	18
22	30245	18
22	30246	18
22	30247	18
22	30248	18
22	30249	18
22	30250	18
22	30251	18
22	30252	18
22	30253	17
22	30254	17
22	30255	17
22	30256	17
22	30257	17
22	30258	17
22	30259	17
22	30260	17
22	30261	17
22	30262	17
22	30263	17
22	30264	17
22	30265	17
22	30266	17
22	30267	17
22	30268	17
22	30269	17
22	30270	17
22	30271	17
22	30272	17
22	30273	17
22	30274	17
22	30275	17
22	30276	17
22	30277	17
22	30278	17
22	30279	21
22	30280	21
22	30281	21
22	30282	21
22	30283	21
22	30284	21
22	30285	21
22	30286	21
22	30287	21
22	30288	21
22	30289	21
22	30290	21
22	30291	23
22	30292	23
22	30293	23
22	30294	22
22	30295	22
22	30296	22
22	30297	22
22	30298	22
22	30299	22
22	30300	22
22	30301	22
22	30302	22
22	30303	22
22	30304	22
22	30305	22
22	30306	23
22	30307	23
22	30308	23
22	30309	22
22	30310	22
22	30311	22
22	30312	22
22	30313	22
22	30314	22
22	30315	21
22	30316	22
22	30317	22
22	30318	22
22	30319	22
22	30320	22
22	30321	24
22	30322	24
22	30323	24
22	30324	24
22	30325	24
22	30326	24
22	30327	24
22	30328	24
22	30329	25
22	30330	25
22	30331	25
22	30332	24
22	30333	24
22	30334	24
22	30335	24
22	30336	24
22	30337	24
22	30338	24
22	30339	24
22	30340	24
22	30341	24
22	30342	23
22	30343	23
22	30344	23
22	30345	23
22	30346	23
22	30347	23
22	30348	23
22	30349	23
22	30350	23
22	30351	23
22	30352	23
22	30353	23
22	30354	25
22	30355	25
22	30356	23
22	30357	23
22	30358	23
22	30359	23
22	30360	23
22	30361	23
22	30362	23
22	30363	23
22	30364	23
22	30365	23
22	30366	23
22	30367	22
22	30368	22
22	30369	22
22	30370	24
22	30371	24
22	30372	24
22	30373	24
22	30374	24
22	30375	24
22	30376	23
22	30377	23
22	30378	21
22	30379	19
22	30380	19
22	30381	19
22	30382	19
22	30383	19
22	30384	19
22	30385	19
22	30386	18
22	30387	18
22	30388	18
22	30389	18
22	30390	18
22	30391	17
22	30392	17
22	30393	17
22	30394	16
22	30395	14
22	30396	14
22	30397	14
22	30398	15
22	30399	15
22	30400	15
22	30401	15
22	30402	15
22	30403	16
22	30404	16
22	30405	16
22	30406	16
22	30407	16
22	30408	16
22	30409	16
22	30410	16
22	30411	16
22	30412	16
22	30413	16
22	30414	16
22	30415	16
22	30416	16
22	30417	16
22	30418	16
22	30419	16
22	30420	16
22	30421	16
22	30422	16
22	30423	16
22	30424	16
22	30425	16
22	30426	16
22	30427	16
22	30428	16
22	30429	12
22	30430	12
22	30431	12
22	30432	12
22	30433	12
22	30434	12
22	30435	12
22	30436	12
22	30437	12
22	30438	12
22	30439	12
22	30440	12
22	30441	12
22	30442	13
22	30443	13
22	30444	13
22	30445	13
22	30446	13
22	30447	13
22	30448	13
22	30449	13
22	30450	13
22	30451	13
22	30452	13
22	30453	13
22	30454	13
22	30455	12
22	30456	12
22	30457	12
22	30458	12
22	30459	12
22	30460	12
22	30461	12
22	30462	12
22	30463	12
22	30464	12
22	30465	11
22	30466	11
22	30467	11
22	30468	9
22	30469	9
22	30470	9
22	30471	9
22	30472	9
22	30473	9
22	30474	9
22	30475	9
22	30476	10
22	30477	10
22	30478	10
22	30479	9
22	30480	9
22	30481	9
22	30482	9
22	30483	10
22	30484	10
22	30485	10
22	30486	10
22	30487	10
22	30488	11
22	30489	11
22	30490	11
22	30491	11
22	30492	11
22	30493	11
22	30494	11
22	30495	11
22	30496	11
22	30497	11
22	30498	11
22	30499	11
22	30500	11
22	30501	11
22	30502	11
22	30503	9
22	30504	9
22	30505	9
22	30506	9
22	30507	9
22	30508	9
22	30509	9
22	30510	9
22	30511	9
22	30512	9
22	30513	9
22	30514	9
22	30515	9
22	30516	10
22	30517	10
22	30518	8
22	30519	8
22	30520	8
22	30521	8
22	30522	8
22	30523	8
22	30524	8
22	30525	8
22	30526	8
22	30527	8
22	30528	8
22	30529	8
22	30530	8
22	30531	7
22	30532	7
22	30533	7
22	30534	7
22	30535	7
22	30536	7
22	30537	7
22	30538	7
22	30539	7
22	30540	7
22	30541	7
22	30542	7
22	30543	7
22	30544	7
22	30545	7
22	30546	7
22	30547	6
22	30548	6
22	30549	6
22	30550	6
22	30551	6
22	30552	6
22	30553	5
22	30554	5
22	30555	5
22	30556	5
22	30557	5
22	30558	5
22	30559	5
22	30560	5
22	30561	5
22	30562	5
22	30563	5
22	30564	5
22	30565	6
22	30566	6
22	30567	6
22	30568	6
22	30569	6
22	30570	6
22	30571	6
22	30572	6
22	30573	6
22	30574	6
22	30575	6
22	30576	6
22	30577	6
22	30578	6
22	30579	6
22	30580	6
22	30581	6
22	30582	6
22	30583	6
22	30584	6
22	30585	6
22	30586	6
22	30587	6
22	30588	6
22	30589	6
22	30590	6
22	30591	6
22	30592	5
22	30593	5
22	30594	5
22	30595	5
22	30596	5
22	30597	5
22	30598	5
22	30599	5
22	30600	5
22	30601	5
22	30602	5
22	30603	5
22	30604	5
22	30605	5
22	30606	5
22	30607	5
22	30608	5
22	30609	5
22	30610	5
22	30611	5
22	30612	5
22	30613	5
22	30614	5
22	30615	5
22	30616	5
22	30617	5
22	30618	5
22	30619	5
22	30620	5
22	30621	5
22	30622	5
22	30623	5
22	30624	5
22	30625	4
22	30626	4
22	30627	4
22	30628	4
22	30629	4
22	30630	4
22	30631	4
22	30632	3
22	30633	3
22	30634	3
22	30635	3
22	30636	3
22	30637	3
22	30638	2
22	30639	2
22	30640	2
22	30641	2
22	30642	2
22	30643	2
22	30644	2
22	30645	2
22	30646	2
22	30647	2
22	30648	2
22	30649	2
22	30650	2
22	30651	2
22	30652	2
22	30653	2
22	30654	2
22	30655	2
22	30656	2
22	30657	3
22	30658	3
22	30659	3
22	30660	3
22	30661	3
22	30662	3
22	30663	3
22	30664	3
22	30665	3
22	30666	2
22	30667	2
22	30668	2
22	30669	2
22	30670	3
22	30671	3
22	30672	3
22	30673	3
22	30674	3
22	30675	3
22	30676	3
22	30677	3
22	30678	3
22	30679	3
22	30680	3
22	30681	3
22	30682	3
22	30683	3
22	30684	3
22	30685	3
22	30686	3
22	30687	3
22	30688	3
22	30689	3
22	30690	4
22	30691	4
22	30692	4
22	30693	4
22	30694	4
22	30695	4
22	30696	4
22	30697	4
22	30698	4
22	30699	4
22	30700	4
22	30701	4
22	30702	4
22	30703	4
22	30704	4
22	30705	4
22	30706	4
22	30707	4
22	30708	4
22	30709	4
22	30710	4
22	30711	4
22	30712	4
22	30713	4
22	30714	4
22	30715	3
22	30716	3
22	30717	3
22	30718	3
22	30719	3
22	30720	3
22	30721	3
22	30722	3
22	30723	3
22	30724	3
22	30725	3
22	30726	3
22	30727	3
22	30728	3
22	30729	3
22	30730	3
22	30731	3
22	30732	3
22	30733	3
22	30734	3
22	30735	3
22	30736	3
22	30737	3
22	30738	3
22	30739	3
22	30740	3
22	30741	3
22	30742	3
22	30743	3
22	30744	3
22	30745	3
22	30746	3
22	30747	3
22	30748	3
22	30749	3
22	30750	3
22	30751	3
22	30752	3
22	30753	3
22	30754	3
22	30755	3
22	30756	3
22	30757	3
22	30758	3
22	30759	3
22	30760	3
22	30761	3
22	30762	3
22	30763	3
22	30764	3
22	30765	3
22	30766	3
22	30767	3
22	30768	3
22	30769	3
22	30770	3
22	30771	3
22	30772	3
22	30773	4
22	30774	4
22	30775	4
22	30776	4
22	30777	4
22	30778	4
22	30779	4
22	30780	4
22	30781	4
22	30782	4
22	30783	4
22	30784	4
22	30785	4
22	30786	4
22	30787	4
22	30788	4
22	30789	4
22	30790	4
22	30791	4
22	30792	4
22	30793	4
22	30794	4
22	30795	4
22	30796	4
22	30797	4
22	30798	4
22	30799	4
22	30800	4
22	30801	4
22	30802	4
22	30803	4
22	30804	4
22	30805	4
22	30806	4
22	30807	3
22	30808	3
22	30809	3
22	30810	3
22	30811	3
22	30812	3
22	30813	3
22	30814	3
22	30815	3
22	30816	3
22	30817	6
22	30818	6
22	30819	6
22	30820	5
22	30821	5
22	30822	5
22	30823	5
22	30824	5
22	30825	5
22	30826	5
22	30827	5
22	30828	5
22	30829	5
22	30830	6
22	30831	6
22	30832	6
22	30833	6
22	30834	6
22	30835	6
22	30836	6
22	30837	6
22	30838	6
22	30839	5
22	30840	5
22	30841	5
22	30842	5
22	30843	5
22	30844	5
22	30845	5
22	30846	5
22	30847	5
22	30848	5
22	30849	5
22	30850	5
22	30851	5
22	30852	5
22	30853	5
22	30854	5
22	30855	5
22	30856	5
22	30857	5
22	30858	5
22	30859	5
22	30860	5
22	30861	5
22	30862	5
22	30863	7
22	30864	7
22	30865	7
22	30866	7
22	30867	7
22	30868	7
22	30869	7
22	30870	7
22	30871	7
22	30872	7
22	30873	7
22	30874	7
22	30875	7
22	30876	7
22	30877	7
22	30878	7
22	30879	7
22	30880	7
22	30881	7
22	30882	7
22	30883	7
22	30884	7
22	30885	7
22	30886	7
22	30887	7
22	30888	7
22	30889	7
22	30890	7
22	30891	7
22	30892	7
22	30893	7
22	30894	7
22	30895	7
22	30896	7
22	30897	7
22	30898	7
22	30899	7
22	30900	7
22	30901	7
22	30902	7
22	30903	7
22	30904	7
22	30905	7
22	30906	7
22	30907	7
22	30908	8
22	30909	8
22	30910	8
22	30911	8
22	30912	8
22	30913	11
22	30914	11
22	30915	11
22	30916	11
22	30917	11
22	30918	11
22	30919	11
22	30920	11
22	30921	12
22	30922	11
22	30923	11
22	30924	12
22	30925	12
22	30926	12
22	30927	12
22	30928	12
22	30929	12
22	30930	12
22	30931	12
22	30932	12
22	30933	12
22	30934	12
22	30935	12
22	30936	12
22	30937	12
22	30938	12
22	30939	12
22	30940	12
22	30941	12
22	30942	12
22	30943	12
22	30944	12
22	30945	12
22	30946	12
22	30947	12
22	30948	12
22	30949	13
22	30950	13
22	30951	13
22	30952	13
22	30953	13
22	30954	13
22	30955	13
22	30956	13
22	30957	13
22	30958	13
22	30959	13
22	30960	13
22	30961	13
22	30962	13
22	30963	13
22	30964	13
22	30965	10
22	30966	10
22	30967	10
22	30968	10
22	30969	13
22	30970	13
22	30971	13
22	30972	13
22	30973	13
22	30974	13
22	30975	13
22	30976	13
22	30977	13
22	30978	12
22	30979	12
22	30980	12
22	30981	12
22	30982	12
22	30983	12
22	30984	12
22	30985	12
22	30986	12
22	30987	12
22	30988	12
22	30989	12
22	30990	12
22	30991	12
22	30992	12
22	30993	12
22	30994	12
22	30995	12
22	30996	12
22	30997	12
22	30998	12
22	30999	12
22	31000	12
22	31001	12
22	31002	12
22	31003	12
22	31004	13
22	31005	14
22	31006	14
22	31007	14
22	31008	14
22	31009	14
22	31010	14
22	31011	14
22	31012	12
22	31013	12
22	31014	12
22	31015	12
22	31016	12
22	31017	12
22	31018	12
22	31019	12
22	31020	12
22	31021	12
22	31022	12
22	31023	12
22	31024	12
22	31025	12
22	31026	12
22	31027	12
22	31028	12
22	31029	12
22	31030	12
22	31031	12
22	31032	12
22	31033	12
22	31034	12
22	31035	12
22	31036	12
22	31037	12
22	31038	12
22	31039	12
22	31040	12
22	31041	12
22	31042	12
22	31043	12
22	31044	12
22	31045	12
22	31046	12
22	31047	12
22	31048	12
22	31049	12
22	31050	12
22	31051	12
22	31052	12
22	31053	13
22	31054	14
22	31055	14
22	31056	14
22	31057	14
22	31058	13
22	31059	13
22	31060	13
22	31061	13
22	31062	10
22	31063	10
22	31064	10
22	31065	10
22	31066	10
22	31067	10
22	31068	10
22	31069	11
22	31070	10
22	31071	10
22	31072	10
22	31073	9
22	31074	9
22	31075	9
22	31076	9
22	31077	9
22	31078	9
22	31079	9
22	31080	9
22	31081	9
22	31082	9
22	31083	9
22	31084	9
22	31085	9
22	31086	9
22	31087	9
22	31088	9
22	31089	9
22	31090	9
22	31091	9
22	31092	9
22	31093	9
22	31094	9
22	31095	9
22	31096	9
22	31097	9
22	31098	8
22	31099	8
22	31100	8
22	31101	9
22	31102	9
22	31103	9
22	31104	9
22	31105	9
22	31106	9
22	31107	9
22	31108	9
22	31109	9
22	31110	10
22	31111	10
22	31112	10
22	31113	10
22	31114	10
22	31115	10
22	31116	11
22	31117	11
22	31118	9
22	31119	8
22	31120	8
22	31121	8
22	31122	9
22	31123	9
22	31124	9
22	31125	9
22	31126	9
22	31127	9
22	31128	9
22	31129	9
22	31130	9
22	31131	9
22	31132	9
22	31133	9
22	31134	9
22	31135	9
22	31136	9
22	31137	9
22	31138	9
22	31139	9
22	31140	9
22	31141	9
22	31142	9
22	31143	9
22	31144	9
22	31145	9
22	31146	9
22	31147	9
22	31148	9
22	31149	9
22	31150	9
22	31151	9
22	31152	9
22	31153	8
22	31154	8
22	31155	7
22	31156	7
22	31157	7
22	31158	7
22	31159	7
22	31160	7
22	31161	7
22	31162	7
22	31163	7
22	31164	7
22	31165	7
22	31166	7
22	31167	7
22	31168	7
22	31169	7
22	31170	7
22	31171	7
22	31172	7
22	31173	7
22	31174	7
22	31175	7
22	31176	8
22	31177	9
22	31178	9
22	31179	9
22	31180	9
22	31181	9
22	31182	9
22	31183	9
22	31184	9
22	31185	9
22	31186	9
22	31187	9
22	31188	9
22	31189	9
22	31190	9
22	31191	9
22	31192	9
22	31193	9
22	31194	10
22	31195	10
22	31196	10
22	31197	10
22	31198	10
22	31199	10
22	31200	10
22	31201	10
22	31202	10
22	31203	8
22	31204	8
22	31205	8
22	31206	8
22	31207	8
22	31208	8
22	31209	8
22	31210	8
22	31211	8
22	31212	8
22	31213	8
22	31214	8
22	31215	8
22	31216	8
22	31217	8
22	31218	7
22	31219	7
22	31220	7
22	31221	7
22	31222	8
22	31223	8
22	31224	8
22	31225	8
22	31226	8
22	31227	8
22	31228	8
22	31229	8
22	31230	8
22	31231	8
22	31232	8
22	31233	8
22	31234	8
22	31235	8
22	31236	8
22	31237	8
22	31238	8
22	31239	8
22	31240	8
22	31241	8
22	31242	8
22	31243	8
22	31244	8
22	31245	8
22	31246	10
22	31247	9
22	31248	9
22	31249	9
22	31250	9
22	31251	9
22	31252	9
22	31253	9
22	31254	9
22	31255	9
22	31256	9
22	31257	9
22	31258	9
22	31259	9
22	31260	8
22	31261	8
22	31262	8
22	31263	9
22	31264	9
22	31265	8
22	31266	8
22	31267	8
22	31268	8
22	31269	8
22	31270	8
22	31271	8
22	31272	7
22	31273	7
22	31274	7
22	31275	8
22	31276	8
22	31277	8
22	31278	8
22	31279	8
22	31280	9
22	31281	9
22	31282	9
22	31283	9
22	31284	9
22	31285	9
22	31286	9
22	31287	9
22	31288	9
22	31289	9
22	31290	9
22	31291	9
22	31292	9
22	31293	9
22	31294	9
22	31295	9
22	31296	9
22	31297	9
22	31298	9
22	31299	9
22	31300	9
22	31301	9
22	31302	9
22	31303	9
22	31304	9
22	31305	9
22	31306	9
22	31307	9
22	31308	9
22	31309	9
22	31310	9
22	31311	9
22	31312	10
22	31313	10
22	31314	10
22	31315	10
22	31316	10
22	31317	10
22	31318	10
22	31319	10
22	31320	10
22	31321	11
22	31322	11
22	31323	11
22	31324	11
22	31325	10
22	31326	9
22	31327	9
22	31328	9
22	31329	9
22	31330	9
22	31331	9
22	31332	10
22	31333	11
22	31334	11
22	31335	11
22	31336	11
22	31337	12
22	31338	12
22	31339	12
22	31340	12
22	31341	12
22	31342	12
22	31343	11
22	31344	11
22	31345	11
22	31346	11
22	31347	11
22	31348	11
22	31349	11
22	31350	11
22	31351	11
22	31352	11
22	31353	11
22	31354	11
22	31355	11
22	31356	11
22	31357	11
22	31358	11
22	31359	12
22	31360	12
22	31361	12
22	31362	12
22	31363	12
22	31364	12
22	31365	12
22	31366	12
22	31367	12
22	31368	12
22	31369	12
22	31370	12
22	31371	12
22	31372	11
22	31373	11
22	31374	11
22	31375	11
22	31376	11
22	31377	11
22	31378	11
22	31379	11
22	31380	11
22	31381	11
22	31382	11
22	31383	11
22	31384	11
22	31385	11
22	31386	11
22	31387	11
22	31388	11
22	31389	11
22	31390	11
22	31391	11
22	31392	12
22	31393	12
22	31394	12
22	31395	10
22	31396	10
22	31397	10
22	31398	10
22	31399	10
22	31400	10
22	31401	10
22	31402	11
22	31403	11
22	31404	11
22	31405	11
22	31406	12
22	31407	12
22	31408	12
22	31409	12
22	31410	12
22	31411	12
22	31412	12
22	31413	11
22	31414	11
22	31415	11
22	31416	11
22	31417	11
22	31418	12
22	31419	12
22	31420	12
22	31421	12
22	31422	12
22	31423	11
22	31424	11
22	31425	11
22	31426	11
22	31427	11
22	31428	11
22	31429	11
22	31430	10
22	31431	10
22	31432	10
22	31433	10
22	31434	10
22	31435	10
22	31436	10
22	31437	10
22	31438	10
22	31439	10
22	31440	10
22	31441	10
22	31442	10
22	31443	10
22	31444	10
22	31445	10
22	31446	10
22	31447	10
22	31448	10
22	31449	10
22	31450	10
22	31451	10
22	31452	10
22	31453	10
22	31454	10
22	31455	10
22	31456	10
22	31457	10
22	31458	10
22	31459	10
22	31460	10
22	31461	10
22	31462	9
22	31463	9
22	31464	9
22	31465	9
22	31466	9
22	31467	9
22	31468	9
22	31469	9
22	31470	9
22	31471	10
22	31472	10
22	31473	10
22	31474	10
22	31475	10
22	31476	10
22	31477	12
22	31478	12
22	31479	12
22	31480	12
22	31481	11
22	31482	12
22	31483	11
22	31484	11
22	31485	11
22	31486	10
22	31487	10
22	31488	10
22	31489	10
22	31490	10
22	31491	10
22	31492	10
22	31493	10
22	31494	11
22	31495	11
22	31496	11
22	31497	11
22	31498	11
22	31499	11
22	31500	11
22	31501	11
22	31502	11
22	31503	11
22	31504	11
22	31505	11
22	31506	11
22	31507	11
22	31508	10
22	31509	11
22	31510	11
22	31511	11
22	31512	11
22	31513	11
22	31514	11
22	31515	11
22	31516	11
22	31517	11
22	31518	11
22	31519	11
22	31520	11
22	31521	11
22	31522	11
22	31523	11
22	31524	11
22	31525	11
22	31526	11
22	31527	11
22	31528	11
22	31529	11
22	31530	11
22	31531	11
22	31532	11
22	31533	11
22	31534	11
22	31535	11
22	31536	11
22	31537	11
22	31538	11
22	31539	11
22	31540	11
22	31541	11
22	31542	10
22	31543	12
22	31544	12
22	31545	12
22	31546	12
22	31547	12
22	31548	12
22	31549	12
22	31550	12
22	31551	12
22	31552	11
22	31553	11
22	31554	11
22	31555	10
22	31556	10
22	31557	10
22	31558	10
22	31559	10
22	31560	10
22	31561	10
22	31562	10
22	31563	10
22	31564	11
22	31565	11
22	31566	13
22	31567	14
22	31568	13
22	31569	13
22	31570	13
22	31571	13
22	31572	14
22	31573	14
22	31574	14
22	31575	14
22	31576	14
22	31577	14
22	31578	15
22	31579	15
22	31580	15
22	31581	15
22	31582	15
22	31583	15
22	31584	15
22	31585	15
22	31586	15
22	31587	15
22	31588	16
22	31589	16
22	31590	16
22	31591	16
22	31592	16
22	31593	16
22	31594	16
22	31595	16
22	31596	16
22	31597	16
22	31598	16
22	31599	16
22	31600	16
22	31601	16
22	31602	16
22	31603	16
22	31604	16
22	31605	16
22	31606	16
22	31607	16
22	31608	16
22	31609	16
22	31610	16
22	31611	17
22	31612	17
22	31613	17
22	31614	17
22	31615	17
22	31616	18
22	31617	18
22	31618	19
22	31619	19
22	31620	19
22	31621	17
22	31622	17
22	31623	17
22	31624	19
22	31625	17
22	31626	17
22	31627	17
22	31628	17
22	31629	17
22	31630	16
22	31631	16
22	31632	16
22	31633	16
22	31634	16
22	31635	16
22	31636	16
22	31637	16
22	31638	16
22	31639	18
22	31640	17
22	31641	18
22	31642	18
22	31643	18
22	31644	17
22	31645	17
22	31646	17
22	31647	17
22	31648	17
22	31649	17
22	31650	17
22	31651	17
22	31652	17
22	31653	17
22	31654	17
22	31655	17
22	31656	17
22	31657	17
22	31658	17
22	31659	16
22	31660	16
22	31661	16
22	31662	16
22	31663	16
22	31664	16
22	31665	16
22	31666	15
22	31667	15
22	31668	19
22	31669	19
22	31670	20
22	31671	20
22	31672	20
22	31673	20
22	31674	20
22	31675	20
22	31676	20
22	31677	20
22	31678	20
22	31679	20
22	31680	23
22	31681	23
22	31682	23
22	31683	24
22	31684	25
22	31685	25
22	31686	25
22	31687	25
22	31688	25
22	31689	25
22	31690	25
22	31691	25
22	31692	25
22	31693	23
22	31694	23
22	31695	23
22	31696	23
22	31697	23
22	31698	23
22	31699	23
22	31700	23
22	31701	23
22	31702	23
22	31703	23
22	31704	23
22	31705	23
22	31706	23
22	31707	23
22	31708	23
22	31709	23
22	31710	23
22	31711	23
22	31712	23
22	31713	22
22	31714	22
22	31715	22
22	31716	21
22	31717	19
22	31718	19
22	31719	19
22	31720	20
22	31721	20
22	31722	19
22	31723	19
22	31724	19
22	31725	19
22	31726	19
22	31727	19
22	31728	18
22	31729	18
22	31730	18
22	31731	18
22	31732	18
22	31733	19
22	31734	19
22	31735	19
22	31736	19
22	31737	19
22	31738	19
22	31739	19
22	31740	19
22	31741	19
22	31742	19
22	31743	19
22	31744	19
22	31745	19
22	31746	19
22	31747	19
22	31748	19
22	31749	19
22	31750	19
22	31751	19
22	31752	19
22	31753	19
22	31754	19
22	31755	19
22	31756	19
22	31757	19
22	31758	19
22	31759	19
22	31760	19
22	31761	18
22	31762	18
22	31763	18
22	31764	18
22	31765	18
22	31766	17
22	31767	17
22	31768	16
22	31769	16
22	31770	16
22	31771	16
22	31772	16
22	31773	14
22	31774	14
22	31775	14
22	31776	14
22	31777	14
22	31778	14
22	31779	14
22	31780	14
22	31781	14
22	31782	14
22	31783	14
22	31784	14
22	31785	14
22	31786	14
22	31787	14
22	31788	15
22	31789	15
22	31790	15
22	31791	15
22	31792	15
22	31793	15
22	31794	15
22	31795	15
22	31796	15
22	31797	15
22	31798	15
22	31799	15
22	31800	15
22	31801	15
22	31802	15
22	31803	15
22	31804	15
22	31805	15
22	31806	15
22	31807	16
22	31808	16
22	31809	18
22	31810	18
22	31811	19
22	31812	17
22	31813	17
22	31814	17
22	31815	17
22	31816	17
22	31817	17
22	31818	12
22	31819	13
22	31820	12
22	31821	12
22	31822	12
22	31823	13
22	31824	13
22	31825	13
22	31826	13
22	31827	13
22	31828	13
22	31829	12
22	31830	12
22	31831	12
22	31832	12
22	31833	11
22	31834	11
22	31835	11
22	31836	11
22	31837	11
22	31838	11
22	31839	11
22	31840	11
22	31841	11
22	31842	11
22	31843	11
22	31844	11
22	31845	11
22	31846	11
22	31847	11
22	31848	11
22	31849	11
22	31850	11
22	31851	13
22	31852	14
22	31853	14
22	31854	14
22	31855	14
22	31856	14
22	31857	14
22	31858	14
22	31859	14
22	31860	14
22	31861	14
22	31862	14
22	31863	14
22	31864	15
22	31865	15
22	31866	15
22	31867	15
22	31868	15
22	31869	15
22	31870	14
22	31871	14
22	31872	14
22	31873	14
22	31874	14
22	31875	14
22	31876	14
22	31877	14
22	31878	14
22	31879	14
22	31880	14
22	31881	14
22	31882	14
22	31883	13
22	31884	13
22	31885	13
22	31886	13
22	31887	13
22	31888	13
22	31889	13
22	31890	13
22	31891	13
22	31892	13
22	31893	13
22	31894	13
22	31895	13
22	31896	13
22	31897	13
22	31898	13
22	31899	13
22	31900	13
22	31901	13
22	31902	13
22	31903	13
22	31904	13
22	31905	13
22	31906	13
22	31907	13
22	31908	13
22	31909	13
22	31910	13
22	31911	13
22	31912	13
22	31913	13
22	31914	13
22	31915	13
22	31916	13
22	31917	13
22	31918	13
22	31919	13
22	31920	13
22	31921	13
22	31922	13
22	31923	13
22	31924	13
22	31925	13
22	31926	13
22	31927	13
22	31928	13
22	31929	13
22	31930	13
22	31931	13
22	31932	13
22	31933	13
22	31934	13
22	31935	13
22	31936	10
22	31937	10
22	31938	10
22	31939	10
22	31940	10
22	31941	10
22	31942	10
22	31943	10
22	31944	10
22	31945	10
22	31946	10
22	31947	10
22	31948	12
22	31949	12
22	31950	12
22	31951	12
22	31952	12
22	31953	12
22	31954	12
22	31955	12
22	31956	12
22	31957	11
22	31958	11
22	31959	9
22	31960	8
22	31961	8
22	31962	8
22	31963	8
22	31964	8
22	31965	8
22	31966	8
22	31967	8
22	31968	8
22	31969	7
22	31970	7
22	31971	7
22	31972	7
22	31973	6
22	31974	6
22	31975	6
22	31976	6
22	31977	6
22	31978	6
22	31979	6
22	31980	6
22	31981	6
22	31982	6
22	31983	6
22	31984	6
22	31985	6
22	31986	6
22	31987	6
22	31988	6
22	31989	6
22	31990	7
22	31991	7
22	31992	7
22	31993	7
22	31994	7
22	31995	7
22	31996	7
22	31997	7
22	31998	7
22	31999	7
22	32000	5
22	32001	5
22	32002	4
22	32003	5
22	32004	5
22	32005	5
22	32006	5
22	32007	5
22	32008	5
22	32009	5
22	32010	6
22	32011	6
22	32012	5
22	32013	5
22	32014	5
22	32015	5
22	32016	5
22	32017	5
22	32018	5
22	32019	5
22	32020	5
22	32021	5
22	32022	5
22	32023	6
22	32024	6
22	32025	6
22	32026	6
22	32027	6
22	32028	6
22	32029	6
22	32030	6
22	32031	6
22	32032	6
22	32033	6
22	32034	6
22	32035	6
22	32036	6
22	32037	6
22	32038	6
22	32039	6
22	32040	6
22	32041	6
22	32042	6
22	32043	6
22	32044	6
22	32045	6
22	32046	6
22	32047	6
22	32048	7
22	32049	7
22	32050	7
22	32051	7
22	32052	7
22	32053	7
22	32054	7
22	32055	7
22	32056	8
22	32057	8
22	32058	8
22	32059	8
22	32060	8
22	32061	8
22	32062	8
22	32063	8
22	32064	8
22	32065	8
22	32066	8
22	32067	9
22	32068	9
22	32069	9
22	32070	9
22	32071	9
22	32072	9
22	32073	9
22	32074	9
22	32075	9
22	32076	9
22	32077	9
22	32078	9
22	32079	9
22	32080	9
22	32081	9
22	32082	9
22	32083	11
22	32084	11
22	32085	11
22	32086	11
22	32087	11
22	32088	11
22	32089	11
22	32090	11
22	32091	11
22	32092	11
22	32093	12
22	32094	12
22	32095	16
22	32096	16
22	32097	16
22	32098	14
22	32099	14
22	32100	16
22	32101	16
22	32102	16
22	32103	16
22	32104	16
22	32105	17
22	32106	18
22	32107	19
22	32108	20
22	32109	20
22	32110	20
22	32111	20
22	32112	20
22	32113	20
22	32114	20
22	32115	20
22	32116	20
22	32117	20
22	32118	21
22	32119	21
22	32120	21
22	32121	21
22	32122	21
22	32123	21
22	32124	21
22	32125	21
22	32126	21
22	32127	21
22	32128	21
22	32129	21
22	32130	21
22	32131	21
22	32132	21
22	32133	21
22	32134	21
22	32135	21
22	32136	24
22	32137	24
22	32138	24
22	32139	24
22	32140	24
22	32141	24
22	32142	24
22	32143	24
22	32144	24
22	32145	24
22	32146	24
22	32147	24
22	32148	24
22	32149	24
22	32150	24
22	32151	24
22	32152	23
22	32153	23
22	32154	23
22	32155	23
22	32156	23
22	32157	23
22	32158	23
22	32159	23
22	32160	23
22	32161	23
22	32162	23
22	32163	23
22	32164	23
22	32165	23
22	32166	23
22	32167	23
22	32168	23
22	32169	23
22	32170	23
22	32171	23
22	32172	22
22	32173	22
22	32174	22
22	32175	22
22	32176	22
22	32177	22
22	32178	22
22	32179	23
22	32180	23
22	32181	23
22	32182	23
22	32183	24
22	32184	24
22	32185	24
22	32186	24
22	32187	26
22	32188	28
22	32189	28
22	32190	29
22	32191	29
22	32192	29
22	32193	29
22	32194	29
22	32195	29
22	32196	32
22	32197	32
22	32198	31
22	32199	31
22	32200	31
22	32201	31
22	32202	31
22	32203	31
22	32204	31
22	32205	30
22	32206	30
22	32207	30
22	32208	30
22	32209	30
22	32210	30
22	32211	30
22	32212	30
22	32213	30
22	32214	30
22	32215	30
22	32216	29
22	32217	29
22	32218	29
22	32219	29
22	32220	29
22	32221	29
22	32222	29
22	32223	29
22	32224	29
22	32225	29
22	32226	29
22	32227	29
22	32228	29
22	32229	29
22	32230	29
22	32231	29
22	32232	29
22	32233	28
22	32234	28
22	32235	29
22	32236	29
22	32237	29
22	32238	29
22	32239	29
22	32240	29
22	32241	29
22	32242	24
22	32243	24
22	32244	24
22	32245	24
22	32246	24
22	32247	24
22	32248	24
22	32249	24
22	32250	23
22	32251	23
22	32252	23
22	32253	24
22	32254	24
22	32255	23
22	32256	22
22	32257	21
22	32258	20
22	32259	20
22	32260	20
22	32261	20
22	32262	20
22	32263	20
22	32264	20
22	32265	20
22	32266	20
22	32267	20
22	32268	20
22	32269	20
22	32270	20
22	32271	20
22	32272	20
22	32273	20
22	32274	20
22	32275	20
22	32276	20
22	32277	20
22	32278	20
22	32279	20
22	32280	20
22	32281	20
22	32282	20
22	32283	20
22	32284	20
22	32285	21
22	32286	18
22	32287	17
22	32288	17
22	32289	18
22	32290	18
22	32291	18
22	32292	18
22	32293	18
22	32294	18
22	32295	18
22	32296	18
22	32297	18
22	32298	18
22	32299	18
22	32300	18
22	32301	18
22	32302	18
22	32303	18
22	32304	18
22	32305	18
22	32306	18
22	32307	18
22	32308	18
22	32309	19
22	32310	19
22	32311	19
22	32312	19
22	32313	19
22	32314	24
22	32315	24
22	32316	30
22	32317	30
22	32318	31
22	32319	31
22	32320	31
22	32321	31
22	32322	31
22	32323	31
22	32324	31
22	32325	32
22	32326	32
22	32327	32
22	32328	30
22	32329	31
22	32330	31
22	32331	31
22	32332	31
22	32333	30
22	32334	31
22	32335	32
22	32336	32
22	32337	30
22	32338	29
22	32339	29
22	32340	29
22	32341	29
22	32342	29
22	32343	31
22	32344	32
22	32345	29
22	32346	29
22	32347	29
22	32348	29
22	32349	29
22	32350	29
22	32351	29
22	32352	29
22	32353	29
22	32354	30
22	32355	30
22	32356	30
22	32357	30
22	32358	30
22	32359	30
22	32360	30
22	32361	30
22	32362	30
22	32363	30
22	32364	30
22	32365	30
22	32366	30
22	32367	30
22	32368	31
22	32369	31
22	32370	31
22	32371	31
22	32372	31
22	32373	31
22	32374	31
22	32375	31
22	32376	32
22	32377	32
22	32378	32
22	32379	32
22	32380	32
22	32381	33
22	32382	33
22	32383	32
22	32384	32
22	32385	31
22	32386	32
22	32387	32
22	32388	32
22	32389	32
22	32390	32
22	32391	32
22	32392	32
22	32393	32
22	32394	32
22	32395	32
22	32396	32
22	32397	32
22	32398	33
22	32399	33
22	32400	32
22	32401	32
22	32402	33
22	32403	33
22	32404	33
22	32405	34
22	32406	34
22	32407	34
22	32408	34
22	32409	34
22	32410	34
22	32411	34
22	32412	34
22	32413	34
22	32414	34
22	32415	34
22	32416	34
22	32417	34
22	32418	33
22	32419	33
22	32420	33
22	32421	33
22	32422	33
22	32423	33
22	32424	33
22	32425	33
22	32426	33
22	32427	33
22	32428	33
22	32429	33
22	32430	33
22	32431	33
22	32432	33
22	32433	33
22	32434	32
22	32435	32
22	32436	32
22	32437	32
22	32438	32
22	32439	31
22	32440	31
22	32441	31
22	32442	32
22	32443	32
22	32444	32
22	32445	32
22	32446	32
22	32447	33
22	32448	33
22	32449	33
22	32450	36
22	32451	36
22	32452	36
22	32453	36
22	32454	36
22	32455	36
22	32456	36
22	32457	36
22	32458	36
22	32459	34
22	32460	34
22	32461	34
22	32462	34
22	32463	31
22	32464	29
22	32465	29
22	32466	22
22	32467	23
22	32468	24
22	32469	24
22	32470	24
22	32471	24
22	32472	24
22	32473	24
22	32474	24
22	32475	23
22	32476	24
22	32477	24
22	32478	24
22	32479	23
22	32480	23
22	32481	23
22	32482	23
22	32483	23
22	32484	23
22	32485	22
22	32486	22
22	32487	22
22	32488	22
22	32489	22
22	32490	21
22	32491	21
22	32492	21
22	32493	19
22	32494	18
22	32495	19
22	32496	19
22	32497	19
22	32498	19
22	32499	19
22	32500	19
22	32501	19
22	32502	19
22	32503	20
22	32504	19
22	32505	19
22	32506	19
22	32507	19
22	32508	19
22	32509	19
22	32510	19
22	32511	19
22	32512	19
22	32513	19
22	32514	19
22	32515	19
22	32516	19
22	32517	19
22	32518	18
22	32519	18
22	32520	18
22	32521	18
22	32522	18
22	32523	18
22	32524	18
22	32525	18
22	32526	17
22	32527	17
22	32528	17
22	32529	17
22	32530	17
22	32531	16
22	32532	16
22	32533	16
22	32534	16
22	32535	16
22	32536	15
22	32537	15
22	32538	18
22	32539	18
22	32540	18
22	32541	18
22	32542	18
22	32543	18
22	32544	18
22	32545	18
22	32546	19
22	32547	18
22	32548	18
22	32549	18
22	32550	18
22	32551	18
22	32552	17
22	32553	17
22	32554	18
22	32555	17
22	32556	17
22	32557	17
22	32558	17
22	32559	17
22	32560	17
22	32561	17
22	32562	17
22	32563	17
22	32564	17
22	32565	17
22	32566	17
22	32567	17
22	32568	17
22	32569	17
22	32570	18
22	32571	18
22	32572	18
22	32573	18
22	32574	18
22	32575	18
22	32576	18
22	32577	18
22	32578	18
22	32579	18
22	32580	18
22	32581	18
22	32582	19
22	32583	21
22	32584	21
22	32585	21
22	32586	21
22	32587	21
22	32588	21
22	32589	21
22	32590	21
22	32591	21
22	32592	20
22	32593	20
22	32594	20
22	32595	20
22	32596	20
22	32597	19
22	32598	19
22	32599	19
22	32600	16
22	32601	16
22	32602	16
22	32603	16
22	32604	16
22	32605	16
22	32606	16
22	32607	16
22	32608	16
22	32609	16
22	32610	16
22	32611	16
22	32612	16
22	32613	17
22	32614	17
22	32615	17
22	32616	17
22	32617	16
22	32618	15
22	32619	15
22	32620	15
22	32621	15
22	32622	15
22	32623	15
22	32624	14
22	32625	13
22	32626	13
22	32627	13
22	32628	13
22	32629	13
22	32630	13
22	32631	13
22	32632	13
22	32633	13
22	32634	12
22	32635	12
22	32636	12
22	32637	12
22	32638	12
22	32639	13
22	32640	13
22	32641	13
22	32642	13
22	32643	13
22	32644	13
22	32645	12
22	32646	12
22	32647	12
22	32648	12
22	32649	12
22	32650	12
22	32651	12
22	32652	12
22	32653	12
22	32654	12
22	32655	12
22	32656	12
22	32657	12
22	32658	12
22	32659	12
22	32660	12
22	32661	12
22	32662	12
22	32663	12
22	32664	12
22	32665	12
22	32666	12
22	32667	12
22	32668	12
22	32669	15
22	32670	15
22	32671	15
22	32672	16
22	32673	16
22	32674	16
22	32675	16
22	32676	16
22	32677	16
22	32678	16
22	32679	16
22	32680	16
22	32681	16
22	32682	16
22	32683	16
22	32684	16
22	32685	16
22	32686	13
22	32687	13
22	32688	13
22	32689	13
22	32690	13
22	32691	14
22	32692	14
22	32693	15
22	32694	15
22	32695	14
22	32696	14
22	32697	14
22	32698	14
22	32699	17
22	32700	17
22	32701	17
22	32702	16
22	32703	16
22	32704	16
22	32705	16
22	32706	16
22	32707	16
22	32708	16
22	32709	16
22	32710	16
22	32711	16
22	32712	16
22	32713	16
22	32714	16
22	32715	16
22	32716	16
22	32717	17
22	32718	17
22	32719	18
22	32720	17
22	32721	17
22	32722	17
22	32723	17
22	32724	17
22	32725	17
22	32726	17
22	32727	17
22	32728	17
22	32729	18
22	32730	18
22	32731	18
22	32732	15
22	32733	15
22	32734	15
22	32735	15
22	32736	15
22	32737	15
22	32738	15
22	32739	16
22	32740	16
22	32741	16
22	32742	16
22	32743	17
22	32744	17
22	32745	17
22	32746	17
22	32747	17
22	32748	17
22	32749	17
22	32750	17
22	32751	17
22	32752	17
22	32753	17
22	32754	17
22	32755	17
22	32756	17
22	32757	17
22	32758	17
22	32759	17
22	32760	17
22	32761	17
22	32762	17
22	32763	16
22	32764	16
22	32765	16
22	32766	16
22	32767	16
22	32768	16
22	32769	17
22	32770	17
22	32771	17
22	32772	17
22	32773	17
22	32774	18
22	32775	18
22	32776	18
22	32777	18
22	32778	18
22	32779	19
22	32780	19
22	32781	19
22	32782	19
22	32783	19
22	32784	19
22	32785	19
22	32786	19
22	32787	19
22	32788	19
22	32789	18
22	32790	18
22	32791	18
22	32792	18
22	32793	18
22	32794	18
22	32795	18
22	32796	18
22	32797	18
22	32798	18
22	32799	18
22	32800	18
22	32801	18
22	32802	18
22	32803	17
22	32804	17
22	32805	17
22	32806	17
22	32807	17
22	32808	17
22	32809	17
22	32810	17
22	32811	17
22	32812	17
22	32813	17
22	32814	18
22	32815	18
22	32816	18
22	32817	17
22	32818	15
22	32819	15
22	32820	15
22	32821	15
22	32822	14
22	32823	14
22	32824	14
22	32825	14
22	32826	14
22	32827	14
22	32828	15
22	32829	15
22	32830	15
22	32831	15
22	32832	15
22	32833	15
22	32834	15
22	32835	15
22	32836	15
22	32837	16
22	32838	16
22	32839	16
22	32840	16
22	32841	14
22	32842	14
22	32843	14
22	32844	14
22	32845	14
22	32846	14
22	32847	14
22	32848	14
22	32849	11
22	32850	11
22	32851	11
22	32852	11
22	32853	11
22	32854	11
22	32855	11
22	32856	11
22	32857	11
22	32858	11
22	32859	11
22	32860	11
22	32861	11
22	32862	11
22	32863	12
22	32864	12
22	32865	12
22	32866	11
22	32867	11
22	32868	11
22	32869	10
22	32870	11
22	32871	11
22	32872	11
22	32873	11
22	32874	11
22	32875	11
22	32876	11
22	32877	11
22	32878	11
22	32879	10
22	32880	10
22	32881	10
22	32882	11
22	32883	11
22	32884	11
22	32885	11
22	32886	11
22	32887	11
22	32888	11
22	32889	10
22	32890	10
22	32891	9
22	32892	9
22	32893	9
22	32894	9
22	32895	9
22	32896	9
22	32897	9
22	32898	9
22	32899	9
22	32900	9
22	32901	9
22	32902	9
22	32903	9
22	32904	9
22	32905	9
22	32906	9
22	32907	9
22	32908	9
22	32909	9
22	32910	9
22	32911	9
22	32912	9
22	32913	9
22	32914	9
22	32915	9
22	32916	9
22	32917	9
22	32918	8
22	32919	8
22	32920	8
22	32921	8
22	32922	8
22	32923	8
22	32924	7
22	32925	7
22	32926	7
22	32927	8
22	32928	8
22	32929	7
22	32930	7
22	32931	7
22	32932	8
22	32933	8
22	32934	8
22	32935	8
22	32936	8
22	32937	8
22	32938	9
22	32939	9
22	32940	9
22	32941	9
22	32942	9
22	32943	9
22	32944	9
22	32945	9
22	32946	9
22	32947	9
22	32948	9
22	32949	9
22	32950	11
22	32951	11
22	32952	9
22	32953	11
22	32954	11
22	32955	11
22	32956	11
22	32957	11
22	32958	11
22	32959	11
22	32960	11
22	32961	11
22	32962	11
22	32963	11
22	32964	10
22	32965	10
22	32966	10
22	32967	10
22	32968	10
22	32969	11
22	32970	12
22	32971	12
22	32972	12
22	32973	12
22	32974	12
22	32975	12
22	32976	14
22	32977	14
22	32978	14
22	32979	14
22	32980	14
22	32981	14
22	32982	14
22	32983	14
22	32984	14
22	32985	14
22	32986	13
22	32987	13
22	32988	13
22	32989	13
22	32990	13
22	32991	13
22	32992	13
22	32993	13
22	32994	13
22	32995	13
22	32996	13
22	32997	13
22	32998	13
22	32999	13
22	33000	13
22	33001	13
22	33002	13
22	33003	13
22	33004	13
22	33005	13
22	33006	13
22	33007	14
22	33008	14
22	33009	14
22	33010	14
22	33011	14
22	33012	13
22	33013	13
22	33014	13
22	33015	13
22	33016	13
22	33017	13
22	33018	13
22	33019	13
22	33020	12
22	33021	12
22	33022	12
22	33023	12
22	33024	12
22	33025	12
22	33026	12
22	33027	12
22	33028	12
22	33029	12
22	33030	12
22	33031	12
22	33032	11
22	33033	11
22	33034	11
22	33035	11
22	33036	11
22	33037	11
22	33038	11
22	33039	11
22	33040	11
22	33041	11
22	33042	11
22	33043	11
22	33044	11
22	33045	11
22	33046	11
22	33047	11
22	33048	11
22	33049	11
22	33050	11
22	33051	11
22	33052	11
22	33053	11
22	33054	11
22	33055	11
22	33056	11
22	33057	11
22	33058	11
22	33059	11
22	33060	11
22	33061	11
22	33062	11
22	33063	11
22	33064	11
22	33065	11
22	33066	11
22	33067	11
22	33068	11
22	33069	13
22	33070	16
22	33071	16
22	33072	16
22	33073	16
22	33074	17
22	33075	17
22	33076	17
22	33077	16
22	33078	16
22	33079	16
22	33080	16
22	33081	16
22	33082	15
22	33083	15
22	33084	15
22	33085	15
22	33086	15
22	33087	14
22	33088	14
22	33089	14
22	33090	14
22	33091	14
22	33092	14
22	33093	14
22	33094	14
22	33095	14
22	33096	14
22	33097	14
22	33098	14
22	33099	12
22	33100	12
22	33101	12
22	33102	12
22	33103	12
22	33104	12
22	33105	12
22	33106	12
22	33107	12
22	33108	12
22	33109	12
22	33110	12
22	33111	12
22	33112	12
22	33113	12
22	33114	12
22	33115	12
22	33116	12
22	33117	13
22	33118	13
22	33119	12
22	33120	11
22	33121	11
22	33122	11
22	33123	13
22	33124	13
22	33125	14
22	33126	12
22	33127	11
22	33128	11
22	33129	11
22	33130	11
22	33131	11
22	33132	11
22	33133	11
22	33134	11
22	33135	11
22	33136	11
22	33137	11
22	33138	11
22	33139	11
22	33140	11
22	33141	11
22	33142	11
22	33143	11
22	33144	11
22	33145	11
22	33146	11
22	33147	11
22	33148	11
22	33149	12
22	33150	12
22	33151	12
22	33152	12
22	33153	12
22	33154	12
22	33155	12
22	33156	11
22	33157	12
22	33158	12
22	33159	12
22	33160	12
22	33161	12
22	33162	12
22	33163	12
22	33164	12
22	33165	12
22	33166	13
22	33167	13
22	33168	13
22	33169	14
22	33170	14
22	33171	14
22	33172	14
22	33173	14
22	33174	14
22	33175	15
22	33176	15
22	33177	15
22	33178	15
22	33179	15
22	33180	15
22	33181	15
22	33182	15
22	33183	15
22	33184	15
22	33185	15
22	33186	15
22	33187	15
22	33188	15
22	33189	15
22	33190	15
22	33191	15
22	33192	15
22	33193	15
22	33194	15
22	33195	15
22	33196	15
22	33197	15
22	33198	15
22	33199	15
22	33200	15
22	33201	15
22	33202	15
22	33203	15
22	33204	15
22	33205	16
22	33206	16
22	33207	16
22	33208	16
22	33209	16
22	33210	16
22	33211	16
22	33212	16
22	33213	16
22	33214	16
22	33215	16
22	33216	16
22	33217	16
22	33218	16
22	33219	13
22	33220	11
22	33221	11
22	33222	11
22	33223	10
22	33224	10
22	33225	10
22	33226	11
22	33227	11
22	33228	11
22	33229	11
22	33230	11
22	33231	11
22	33232	11
22	33233	11
22	33234	12
22	33235	12
22	33236	12
22	33237	12
22	33238	12
22	33239	12
22	33240	12
22	33241	12
22	33242	12
22	33243	12
22	33244	12
22	33245	12
22	33246	12
22	33247	13
22	33248	13
22	33249	13
22	33250	13
22	33251	13
22	33252	13
22	33253	13
22	33254	13
22	33255	13
22	33256	13
22	33257	13
22	33258	13
22	33259	14
22	33260	14
22	33261	14
22	33262	14
22	33263	14
22	33264	14
22	33265	14
22	33266	13
22	33267	13
22	33268	14
22	33269	14
22	33270	14
22	33271	14
22	33272	12
22	33273	13
22	33274	13
22	33275	12
22	33276	12
22	33277	13
22	33278	13
22	33279	13
22	33280	13
22	33281	13
22	33282	13
22	33283	13
22	33284	13
22	33285	14
22	33286	14
22	33287	14
22	33288	14
22	33289	14
22	33290	14
22	33291	14
22	33292	14
22	33293	14
22	33294	14
22	33295	14
22	33296	14
22	33297	14
22	33298	14
22	33299	14
22	33300	14
22	33301	14
22	33302	14
22	33303	14
22	33304	14
22	33305	14
22	33306	14
22	33307	13
22	33308	13
22	33309	13
22	33310	13
22	33311	13
22	33312	13
22	33313	13
22	33314	13
22	33315	14
22	33316	13
22	33317	13
22	33318	13
22	33319	12
22	33320	12
22	33321	13
22	33322	13
22	33323	13
22	33324	12
22	33325	12
22	33326	12
22	33327	12
22	33328	12
22	33329	12
22	33330	12
22	33331	12
22	33332	12
22	33333	12
22	33334	12
22	33335	12
22	33336	12
22	33337	12
22	33338	12
22	33339	12
22	33340	12
22	33341	12
22	33342	13
22	33343	13
22	33344	13
22	33345	13
22	33346	13
22	33347	13
22	33348	13
22	33349	13
22	33350	13
22	33351	13
22	33352	13
22	33353	13
22	33354	12
22	33355	12
22	33356	12
22	33357	12
22	33358	12
22	33359	12
22	33360	12
22	33361	12
22	33362	12
22	33363	12
22	33364	12
22	33365	12
22	33366	12
22	33367	12
22	33368	12
22	33369	12
22	33370	12
22	33371	12
22	33372	12
22	33373	13
22	33374	13
22	33375	13
22	33376	12
22	33377	12
22	33378	12
22	33379	12
22	33380	12
22	33381	12
22	33382	12
22	33383	11
22	33384	11
22	33385	11
22	33386	11
22	33387	11
22	33388	11
22	33389	11
22	33390	11
22	33391	11
22	33392	11
22	33393	11
22	33394	11
22	33395	11
22	33396	11
22	33397	10
22	33398	10
22	33399	10
22	33400	11
22	33401	11
22	33402	12
22	33403	12
22	33404	12
22	33405	12
22	33406	12
22	33407	12
22	33408	12
22	33409	11
22	33410	11
22	33411	11
22	33412	11
22	33413	12
22	33414	12
22	33415	12
22	33416	12
22	33417	12
22	33418	11
22	33419	11
22	33420	11
22	33421	11
22	33422	11
22	33423	10
22	33424	10
22	33425	10
22	33426	9
22	33427	8
22	33428	8
22	33429	8
22	33430	8
22	33431	8
22	33432	8
22	33433	8
22	33434	8
22	33435	9
22	33436	9
22	33437	9
22	33438	9
22	33439	9
22	33440	9
22	33441	9
22	33442	9
22	33443	9
22	33444	9
22	33445	9
22	33446	9
22	33447	9
22	33448	9
22	33449	8
22	33450	8
22	33451	8
22	33452	8
22	33453	8
22	33454	8
22	33455	8
22	33456	8
22	33457	8
22	33458	8
22	33459	8
22	33460	8
22	33461	8
22	33462	8
22	33463	8
22	33464	8
22	33465	7
22	33466	7
22	33467	7
22	33468	8
22	33469	8
22	33470	7
22	33471	7
22	33472	7
22	33473	7
22	33474	7
22	33475	7
22	33476	7
22	33477	7
22	33478	7
22	33479	7
22	33480	7
22	33481	7
22	33482	8
22	33483	9
22	33484	9
22	33485	9
22	33486	9
22	33487	10
22	33488	10
22	33489	12
22	33490	12
22	33491	12
22	33492	11
22	33493	11
22	33494	11
22	33495	11
22	33496	11
22	33497	11
22	33498	11
22	33499	11
22	33500	11
22	33501	11
22	33502	11
22	33503	11
22	33504	11
22	33505	11
22	33506	11
22	33507	11
22	33508	11
22	33509	11
22	33510	11
22	33511	11
22	33512	11
22	33513	11
22	33514	11
22	33515	11
22	33516	11
22	33517	11
22	33518	11
22	33519	11
22	33520	11
22	33521	11
22	33522	11
22	33523	10
22	33524	10
22	33525	10
22	33526	10
22	33527	10
22	33528	10
22	33529	10
22	33530	10
22	33531	10
22	33532	10
22	33533	10
22	33534	10
22	33535	10
22	33536	10
22	33537	10
22	33538	10
22	33539	10
22	33540	10
22	33541	10
22	33542	10
22	33543	10
22	33544	10
22	33545	10
22	33546	10
22	33547	10
22	33548	10
22	33549	10
22	33550	9
22	33551	9
22	33552	8
22	33553	8
22	33554	10
22	33555	10
22	33556	10
22	33557	10
22	33558	10
