22	15502	16
22	15503	16
22	15504	16
22	15505	16
22	15506	16
22	15507	16
22	15508	16
22	15509	16
22	15510	16
22	15511	16
22	15512	16
22	15513	16
22	15514	16
22	15515	16
22	15516	15
22	15517	16
22	15518	16
22	15519	16
22	15520	16
22	15521	16
22	15522	15
22	15523	15
22	15524	15
22	15525	15
22	15526	15
22	15527	15
22	15528	15
22	15529	15
22	15530	15
22	15531	15
22	15532	15
22	15533	15
22	15534	15
22	15535	15
22	15536	15
22	15537	15
22	15538	15
22	15539	15
22	15540	15
22	15541	15
22	15542	14
22	15543	14
22	15544	15
22	15545	15
22	15546	14
22	15547	14
22	15548	14
22	15549	14
22	15550	14
22	15551	14
22	15552	12
22	15553	12
22	15554	12
22	15555	12
22	15556	10
22	15557	10
22	15558	10
22	15559	10
22	15560	10
22	15561	9
22	15562	9
22	15563	9
22	15564	9
22	15565	9
22	15566	9
22	15567	9
22	15568	9
22	15569	9
22	15570	9
22	15571	9
22	15572	9
22	15573	9
22	15574	9
22	15575	10
22	15576	10
22	15577	10
22	15578	10
22	15579	10
22	15580	10
22	15581	10
22	15582	10
22	15583	10
22	15584	10
22	15585	10
22	15586	10
22	15587	10
22	15588	10
22	15589	10
22	15590	10
22	15591	10
22	15592	10
22	15593	10
22	15594	11
22	15595	11
22	15596	11
22	15597	11
22	15598	12
22	15599	12
22	15600	12
22	15601	12
22	15602	12
22	15603	12
22	15604	12
22	15605	12
22	15606	12
22	15607	11
22	15608	11
22	15609	11
22	15610	11
22	15611	11
22	15612	11
22	15613	11
22	15614	11
22	15615	11
22	15616	11
22	15617	11
22	15618	11
22	15619	11
22	15620	11
22	15621	11
22	15622	11
22	15623	9
22	15624	9
22	15625	9
22	15626	9
22	15627	9
22	15628	9
22	15629	9
22	15630	7
22	15631	7
22	15632	7
22	15633	7
22	15634	7
22	15635	6
22	15636	6
22	15637	6
22	15638	6
22	15639	6
22	15640	6
22	15641	6
22	15642	6
22	15643	6
22	15644	6
22	15645	6
22	15646	6
22	15647	6
22	15648	6
22	15649	6
22	15650	6
22	15651	6
22	15652	6
22	15653	6
22	15654	6
22	15655	6
22	15656	6
22	15657	6
22	15658	6
22	15659	6
22	15660	6
22	15661	6
22	15662	6
22	15663	10
22	15664	10
22	15665	10
22	15666	10
22	15667	9
22	15668	9
22	15669	9
22	15670	9
22	15671	9
22	15672	9
22	15673	9
22	15674	9
22	15675	9
22	15676	9
22	15677	9
22	15678	9
22	15679	9
22	15680	9
22	15681	9
22	15682	9
22	15683	9
22	15684	9
22	15685	9
22	15686	9
22	15687	9
22	15688	9
22	15689	9
22	15690	9
22	15691	9
22	15692	8
22	15693	8
22	15694	8
22	15695	8
22	15696	8
22	15697	8
22	15698	8
22	15699	8
22	15700	8
22	15701	8
22	15702	8
22	15703	8
22	15704	8
22	15705	8
22	15706	8
22	15707	8
22	15708	9
22	15709	9
22	15710	9
22	15711	9
22	15712	9
22	15713	9
22	15714	9
22	15715	9
22	15716	9
22	15717	9
22	15718	9
22	15719	10
22	15720	10
22	15721	10
22	15722	10
22	15723	10
22	15724	10
22	15725	9
22	15726	9
22	15727	9
22	15728	9
22	15729	9
22	15730	9
22	15731	9
22	15732	9
22	15733	9
22	15734	9
22	15735	9
22	15736	9
22	15737	9
22	15738	9
22	15739	9
22	15740	9
22	15741	10
22	15742	9
22	15743	9
22	15744	9
22	15745	9
22	15746	9
22	15747	9
22	15748	8
22	15749	8
22	15750	8
22	15751	8
22	15752	8
22	15753	8
22	15754	8
22	15755	8
22	15756	9
22	15757	9
22	15758	9
22	15759	9
22	15760	10
22	15761	10
22	15762	10
22	15763	10
22	15764	10
22	15765	10
22	15766	10
22	15767	10
22	15768	10
22	15769	10
22	15770	10
22	15771	10
22	15772	11
22	15773	11
22	15774	11
22	15775	11
22	15776	11
22	15777	11
22	15778	11
22	15779	11
22	15780	11
22	15781	11
22	15782	11
22	15783	11
22	15784	11
22	15785	11
22	15786	11
22	15787	11
22	15788	12
22	15789	12
22	15790	12
22	15791	12
22	15792	12
22	15793	12
22	15794	12
22	15795	12
22	15796	12
22	15797	12
22	15798	12
22	15799	12
22	15800	12
22	15801	12
22	15802	13
22	15803	13
22	15804	13
22	15805	13
22	15806	14
22	15807	14
22	15808	14
22	15809	14
22	15810	14
22	15811	14
22	15812	14
22	15813	10
22	15814	9
22	15815	9
22	15816	9
22	15817	10
22	15818	10
22	15819	10
22	15820	10
22	15821	10
22	15822	10
22	15823	10
22	15824	10
22	15825	10
22	15826	10
22	15827	10
22	15828	11
22	15829	11
22	15830	11
22	15831	11
22	15832	11
22	15833	11
22	15834	11
22	15835	11
22	15836	11
22	15837	11
22	15838	11
22	15839	11
22	15840	11
22	15841	11
22	15842	11
22	15843	11
22	15844	11
22	15845	11
22	15846	11
22	15847	11
22	15848	11
22	15849	11
22	15850	11
22	15851	11
22	15852	11
22	15853	11
22	15854	11
22	15855	11
22	15856	11
22	15857	10
22	15858	10
22	15859	10
22	15860	10
22	15861	10
22	15862	10
22	15863	10
22	15864	10
22	15865	10
22	15866	10
22	15867	10
22	15868	9
22	15869	9
22	15870	9
22	15871	9
22	15872	9
22	15873	9
22	15874	9
22	15875	9
22	15876	10
22	15877	10
22	15878	10
22	15879	10
22	15880	10
22	15881	10
22	15882	12
22	15883	12
22	15884	12
22	15885	12
22	15886	12
22	15887	12
22	15888	12
22	15889	12
22	15890	12
22	15891	12
22	15892	12
22	15893	12
22	15894	12
22	15895	13
22	15896	13
22	15897	13
22	15898	13
22	15899	13
22	15900	13
22	15901	13
22	15902	13
22	15903	13
22	15904	13
22	15905	12
22	15906	12
22	15907	12
22	15908	12
22	15909	12
22	15910	11
22	15911	11
22	15912	11
22	15913	11
22	15914	11
22	15915	11
22	15916	11
22	15917	11
22	15918	11
22	15919	11
22	15920	11
22	15921	11
22	15922	10
22	15923	10
22	15924	10
22	15925	10
22	15926	10
22	15927	10
22	15928	10
22	15929	10
22	15930	11
22	15931	11
22	15932	11
22	15933	11
22	15934	11
22	15935	11
22	15936	11
22	15937	10
22	15938	10
22	15939	10
22	15940	10
22	15941	10
22	15942	10
22	15943	10
22	15944	10
22	15945	10
22	15946	10
22	15947	10
22	15948	10
22	15949	10
22	15950	10
22	15951	9
22	15952	10
22	15953	10
22	15954	10
22	15955	9
22	15956	9
22	15957	10
22	15958	10
22	15959	10
22	15960	10
22	15961	10
22	15962	10
22	15963	10
22	15964	10
22	15965	10
22	15966	9
22	15967	9
22	15968	9
22	15969	9
22	15970	9
22	15971	9
22	15972	9
22	15973	9
22	15974	9
22	15975	9
22	15976	8
22	15977	8
22	15978	9
22	15979	9
22	15980	9
22	15981	9
22	15982	9
22	15983	9
22	15984	9
22	15985	9
22	15986	9
22	15987	9
22	15988	9
22	15989	9
22	15990	9
22	15991	9
22	15992	9
22	15993	9
22	15994	9
22	15995	9
22	15996	10
22	15997	12
22	15998	12
22	15999	12
22	16000	12
22	16001	12
22	16002	12
22	16003	12
22	16004	12
22	16005	13
22	16006	14
22	16007	14
22	16008	14
22	16009	14
22	16010	14
22	16011	14
22	16012	14
22	16013	14
22	16014	14
22	16015	13
22	16016	14
22	16017	14
22	16018	14
22	16019	14
22	16020	14
22	16021	14
22	16022	16
22	16023	16
22	16024	16
22	16025	16
22	16026	15
22	16027	15
22	16028	13
22	16029	13
22	16030	13
22	16031	13
22	16032	13
22	16033	13
22	16034	13
22	16035	13
22	16036	14
22	16037	14
22	16038	14
22	16039	16
22	16040	16
22	16041	16
22	16042	15
22	16043	15
22	16044	15
22	16045	16
22	16046	16
22	16047	16
22	16048	16
22	16049	16
22	16050	16
22	16051	16
22	16052	16
22	16053	16
22	16054	16
22	16055	16
22	16056	16
22	16057	16
22	16058	16
22	16059	16
22	16060	16
22	16061	16
22	16062	16
22	16063	16
22	16064	16
22	16065	16
22	16066	17
22	16067	17
22	16068	17
22	16069	17
22	16070	17
22	16071	17
22	16072	18
22	16073	18
22	16074	18
22	16075	19
22	16076	19
22	16077	19
22	16078	19
22	16079	19
22	16080	18
22	16081	18
22	16082	18
22	16083	18
22	16084	18
22	16085	18
22	16086	18
22	16087	18
22	16088	18
22	16089	18
22	16090	18
22	16091	20
22	16092	20
22	16093	20
22	16094	20
22	16095	20
22	16096	20
22	16097	21
22	16098	21
22	16099	21
22	16100	22
22	16101	22
22	16102	21
22	16103	21
22	16104	21
22	16105	21
22	16106	20
22	16107	20
22	16108	20
22	16109	20
22	16110	20
22	16111	20
22	16112	20
22	16113	20
22	16114	20
22	16115	21
22	16116	21
22	16117	21
22	16118	21
22	16119	21
22	16120	21
22	16121	21
22	16122	21
22	16123	21
22	16124	22
22	16125	22
22	16126	22
22	16127	22
22	16128	21
22	16129	21
22	16130	21
22	16131	21
22	16132	21
22	16133	21
22	16134	21
22	16135	23
22	16136	23
22	16137	23
22	16138	23
22	16139	24
22	16140	24
22	16141	24
22	16142	24
22	16143	24
22	16144	24
22	16145	24
22	16146	22
22	16147	21
22	16148	21
22	16149	21
22	16150	21
22	16151	21
22	16152	21
22	16153	21
22	16154	21
22	16155	19
22	16156	19
22	16157	20
22	16158	20
22	16159	20
22	16160	20
22	16161	20
22	16162	20
22	16163	20
22	16164	20
22	16165	20
22	16166	19
22	16167	19
22	16168	20
22	16169	20
22	16170	20
22	16171	20
22	16172	18
22	16173	18
22	16174	18
22	16175	18
22	16176	18
22	16177	19
22	16178	19
22	16179	19
22	16180	19
22	16181	19
22	16182	19
22	16183	19
22	16184	19
22	16185	20
22	16186	19
22	16187	21
22	16188	20
22	16189	20
22	16190	20
22	16191	20
22	16192	20
22	16193	20
22	16194	20
22	16195	19
22	16196	19
22	16197	19
22	16198	19
22	16199	19
22	16200	19
22	16201	19
22	16202	19
22	16203	19
22	16204	19
22	16205	20
22	16206	20
22	16207	20
22	16208	21
22	16209	21
22	16210	21
22	16211	21
22	16212	21
22	16213	22
22	16214	22
22	16215	21
22	16216	21
22	16217	21
22	16218	21
22	16219	21
22	16220	21
22	16221	20
22	16222	20
22	16223	20
22	16224	19
22	16225	19
22	16226	19
22	16227	19
22	16228	19
22	16229	19
22	16230	19
22	16231	19
22	16232	20
22	16233	20
22	16234	20
22	16235	20
22	16236	20
22	16237	20
22	16238	20
22	16239	20
22	16240	20
22	16241	18
22	16242	18
22	16243	18
22	16244	19
22	16245	19
22	16246	18
22	16247	18
22	16248	18
22	16249	17
22	16250	17
22	16251	17
22	16252	17
22	16253	17
22	16254	17
22	16255	17
22	16256	18
22	16257	18
22	16258	18
22	16259	18
22	16260	18
22	16261	18
22	16262	18
22	16263	18
22	16264	17
22	16265	18
22	16266	18
22	16267	18
22	16268	18
22	16269	18
22	16270	18
22	16271	18
22	16272	18
22	16273	18
22	16274	17
22	16275	17
22	16276	19
22	16277	19
22	16278	19
22	16279	19
22	16280	19
22	16281	19
22	16282	19
22	16283	19
22	16284	19
22	16285	17
22	16286	18
22	16287	18
22	16288	18
22	16289	18
22	16290	18
22	16291	18
22	16292	18
22	16293	18
22	16294	18
22	16295	18
22	16296	18
22	16297	18
22	16298	19
22	16299	19
22	16300	19
22	16301	19
22	16302	19
22	16303	19
22	16304	19
22	16305	19
22	16306	18
22	16307	18
22	16308	18
22	16309	18
22	16310	18
22	16311	18
22	16312	19
22	16313	19
22	16314	19
22	16315	20
22	16316	20
22	16317	20
22	16318	19
22	16319	19
22	16320	19
22	16321	19
22	16322	19
22	16323	19
22	16324	19
22	16325	19
22	16326	18
22	16327	18
22	16328	18
22	16329	18
22	16330	18
22	16331	18
22	16332	20
22	16333	19
22	16334	19
22	16335	19
22	16336	17
22	16337	17
22	16338	17
22	16339	17
22	16340	17
22	16341	17
22	16342	17
22	16343	17
22	16344	17
22	16345	17
22	16346	17
22	16347	17
22	16348	17
22	16349	17
22	16350	17
22	16351	17
22	16352	17
22	16353	17
22	16354	17
22	16355	16
22	16356	16
22	16357	16
22	16358	15
22	16359	15
22	16360	14
22	16361	14
22	16362	14
22	16363	14
22	16364	14
22	16365	14
22	16366	14
22	16367	14
22	16368	14
22	16369	14
22	16370	14
22	16371	14
22	16372	14
22	16373	14
22	16374	15
22	16375	15
22	16376	15
22	16377	15
22	16378	15
22	16379	15
22	16380	15
22	16381	17
22	16382	16
22	16383	16
22	16384	17
22	16385	17
22	16386	17
22	16387	17
22	16388	17
22	16389	17
22	16390	17
22	16391	18
22	16392	18
22	16393	18
22	16394	17
22	16395	17
22	16396	17
22	16397	17
22	16398	17
22	16399	17
22	16400	17
22	16401	17
22	16402	17
22	16403	17
22	16404	17
22	16405	17
22	16406	16
22	16407	16
22	16408	16
22	16409	16
22	16410	16
22	16411	16
22	16412	16
22	16413	14
22	16414	14
22	16415	14
22	16416	14
22	16417	14
22	16418	14
22	16419	14
22	16420	14
22	16421	14
22	16422	14
22	16423	14
22	16424	14
22	16425	14
22	16426	12
22	16427	12
22	16428	13
22	16429	13
22	16430	13
22	16431	13
22	16432	13
22	16433	13
22	16434	13
22	16435	12
22	16436	12
22	16437	12
22	16438	11
22	16439	11
22	16440	11
22	16441	11
22	16442	11
22	16443	11
22	16444	11
22	16445	11
22	16446	11
22	16447	11
22	16448	10
22	16449	10
22	16450	10
22	16451	10
22	16452	10
22	16453	10
22	16454	10
22	16455	10
22	16456	10
22	16457	10
22	16458	10
22	16459	9
22	16460	9
22	16461	9
22	16462	9
22	16463	9
22	16464	9
22	16465	8
22	16466	8
22	16467	8
22	16468	8
22	16469	8
22	16470	8
22	16471	8
22	16472	8
22	16473	8
22	16474	8
22	16475	8
22	16476	8
22	16477	8
22	16478	8
22	16479	8
22	16480	8
22	16481	8
22	16482	6
22	16483	6
22	16484	7
22	16485	7
22	16486	7
22	16487	7
22	16488	7
22	16489	7
22	16490	7
22	16491	7
22	16492	7
22	16493	7
22	16494	7
22	16495	7
22	16496	7
22	16497	7
22	16498	7
22	16499	7
22	16500	7
22	16501	7
22	16502	7
22	16503	7
22	16504	7
22	16505	7
22	16506	7
22	16507	7
22	16508	7
22	16509	7
22	16510	7
22	16511	7
22	16512	7
22	16513	7
22	16514	7
22	16515	7
22	16516	7
22	16517	7
22	16518	7
22	16519	7
22	16520	7
22	16521	7
22	16522	7
22	16523	7
22	16524	3
22	16525	3
22	16526	3
22	16527	3
22	16528	3
22	16529	3
22	16530	3
22	16531	1
22	16532	1
22	16533	1
22	17005	1
22	17006	1
22	17007	1
22	17008	1
22	17009	1
22	17010	1
22	17011	1
22	17012	1
22	17013	1
22	17014	1
22	17015	1
22	17016	1
22	17017	1
22	17018	1
22	17019	1
22	17020	1
22	17021	1
22	17022	1
22	17023	1
22	17024	1
22	17025	1
22	17026	1
22	17027	1
22	17028	1
22	17029	1
22	17030	1
22	17031	1
22	17032	1
22	17033	1
22	17034	1
22	17035	1
22	17036	1
22	17037	1
22	17038	1
22	17039	1
22	17040	1
22	17041	1
22	17042	1
22	17043	1
22	17044	1
22	17045	1
22	17046	1
22	17047	1
22	17048	1
22	17049	1
22	17050	1
22	17051	1
22	17052	1
22	17053	1
22	17054	1
22	17055	1
22	17056	1
22	17057	1
22	17058	1
22	17059	1
22	17060	1
22	17061	1
22	17062	1
22	17063	1
22	17064	1
22	17065	1
22	17066	1
22	17067	1
22	17068	1
22	17069	1
22	17070	1
22	17071	1
22	17072	1
22	17073	1
22	17074	1
22	17075	1
22	17076	1
22	17077	1
22	17078	1
22	17079	1
22	17080	1
22	17081	1
22	17082	1
22	17083	1
22	17084	1
22	17085	1
22	17086	1
22	17087	1
22	17088	1
22	17089	1
22	17090	1
22	17091	1
22	17092	1
22	17093	1
22	17094	1
22	17095	1
22	17096	1
22	17097	1
22	17098	1
22	17099	1
22	17100	1
22	17101	1
22	17102	1
22	17103	1
22	17104	1
22	17105	1
22	17106	1
22	17107	1
22	17108	1
22	17109	1
22	17110	1
22	17111	1
22	17112	1
22	17113	1
22	17114	1
22	17115	1
22	17116	1
22	17117	1
22	17118	1
22	17119	1
22	17120	1
22	17121	1
22	17122	1
22	17123	1
22	17124	1
22	17125	1
22	17126	1
22	17127	1
22	17128	1
22	17129	1
22	17130	1
22	17131	1
22	17132	1
22	17133	1
22	17134	1
22	17135	1
22	17136	1
22	17137	1
22	17138	1
22	17139	1
22	17140	1
22	17141	1
22	17142	1
22	17143	1
22	17144	1
22	17145	1
22	17146	1
22	17147	1
22	17148	1
22	17149	1
22	17150	1
22	17151	1
22	17152	1
22	17153	1
22	17231	1
22	17232	1
22	17233	1
22	17234	1
22	17235	1
22	17236	1
22	17237	1
22	17238	1
22	17239	1
22	17240	1
22	17241	1
22	17242	1
22	17243	1
22	17244	1
22	17245	1
22	17246	1
22	17247	1
22	17248	1
22	17249	1
22	17250	1
22	17251	1
22	17252	1
22	17253	1
22	17254	1
22	17255	1
22	17256	1
22	17257	1
22	17258	1
22	17259	1
22	17260	1
22	17261	1
22	17262	1
22	17263	1
22	17264	1
22	17265	1
22	17266	1
22	17267	1
22	17268	1
22	17269	1
22	17270	1
22	17271	1
22	17272	1
22	17273	1
22	17274	1
22	17275	1
22	17276	1
22	17277	1
22	17278	1
22	17279	1
22	17280	1
22	17281	1
22	17282	1
22	17283	1
22	17284	1
22	17285	1
22	17286	1
22	17287	1
22	17288	1
22	17289	1
22	17290	1
22	17291	1
22	17292	1
22	17293	1
22	17294	1
22	17295	1
22	17296	1
22	17297	1
22	17298	1
22	17299	1
22	17300	1
22	17301	1
22	17302	1
22	17303	1
22	17304	1
22	17305	1
22	17306	1
22	17307	1
22	17308	1
22	17309	1
22	17310	1
22	17311	1
22	17312	1
22	17313	1
22	17314	1
22	17315	1
22	17316	1
22	17317	1
22	17318	1
22	17319	1
22	17320	1
22	17321	1
22	17322	1
22	17323	1
22	17324	1
22	17325	1
22	17326	1
22	17327	1
22	17328	1
22	17329	1
22	17330	1
22	17331	1
22	17332	1
22	17333	1
22	17334	1
22	17335	1
22	17336	1
22	17337	1
22	17338	1
22	17339	1
22	17340	1
22	17341	1
22	17342	1
22	17343	1
22	17344	1
22	17345	1
22	17346	1
22	17347	1
22	17348	1
22	17349	1
22	17350	1
22	17351	1
22	17352	1
22	17353	1
22	17354	1
22	17355	1
22	17356	1
22	17357	1
22	17358	1
22	17359	1
22	17360	1
22	17361	1
22	17362	1
22	17363	1
22	17364	1
22	17365	1
22	17366	1
22	17367	1
22	17368	1
22	17369	1
22	17370	1
22	17371	1
22	17372	1
22	17373	1
22	17374	1
22	17375	1
22	17376	1
22	17377	1
22	17378	1
22	17379	1
22	17734	2
22	17735	2
22	17736	2
22	17737	2
22	17738	2
22	17739	2
22	17740	2
22	17741	2
22	17742	2
22	17743	2
22	17744	2
22	17745	2
22	17746	2
22	17747	2
22	17748	2
22	17749	2
22	17750	2
22	17751	2
22	17752	2
22	17753	2
22	17754	2
22	17755	3
22	17756	3
22	17757	3
22	17758	3
22	17759	3
22	17760	3
22	17761	3
22	17762	3
22	17763	3
22	17764	3
22	17765	3
22	17766	3
22	17767	3
22	17768	3
22	17769	3
22	17770	3
22	17771	3
22	17772	3
22	17773	3
22	17774	3
22	17775	3
22	17776	3
22	17777	3
22	17778	3
22	17779	3
22	17780	3
22	17781	3
22	17782	3
22	17783	3
22	17784	3
22	17785	3
22	17786	3
22	17787	3
22	17788	3
22	17789	3
22	17790	3
22	17791	3
22	17792	3
22	17793	3
22	17794	3
22	17795	3
22	17796	3
22	17797	3
22	17798	3
22	17799	3
22	17800	3
22	17801	3
22	17802	3
22	17803	3
22	17804	3
22	17805	3
22	17806	3
22	17807	3
22	17808	3
22	17809	3
22	17810	3
22	17811	3
22	17812	3
22	17813	3
22	17814	3
22	17815	3
22	17816	3
22	17817	3
22	17818	3
22	17819	3
22	17820	3
22	17821	3
22	17822	5
22	17823	5
22	17824	5
22	17825	5
22	17826	5
22	17827	5
22	17828	5
22	17829	4
22	17830	4
22	17831	4
22	17832	4
22	17833	4
22	17834	4
22	17835	4
22	17836	4
22	17837	4
22	17838	4
22	17839	3
22	17840	3
22	17841	3
22	17842	3
22	17843	3
22	17844	3
22	17845	3
22	17846	3
22	17847	3
22	17848	3
22	17849	3
22	17850	3
22	17851	3
22	17852	3
22	17853	3
22	17854	3
22	17855	3
22	17856	3
22	17857	3
22	17858	3
22	17859	3
22	17860	3
22	17861	3
22	17862	3
22	17863	3
22	17864	3
22	17865	3
22	17866	3
22	17867	3
22	17868	3
22	17869	3
22	17870	3
22	17871	3
22	17872	3
22	17873	3
22	17874	3
22	17875	3
22	17876	3
22	17877	3
22	17878	3
22	17879	3
22	17880	4
22	17881	4
22	17882	4
22	17883	4
22	17884	4
22	17885	4
22	17886	4
22	17887	4
22	17888	4
22	17889	4
22	17890	4
22	17891	4
22	17892	6
22	17893	6
22	17894	6
22	17895	6
22	17896	6
22	17897	6
22	17898	6
22	17899	9
22	17900	9
22	17901	9
22	17902	9
22	17903	9
22	17904	8
22	17905	8
22	17906	8
22	17907	8
22	17908	8
22	17909	8
22	17910	8
22	17911	8
22	17912	8
22	17913	9
22	17914	9
22	17915	9
22	17916	9
22	17917	9
22	17918	10
22	17919	10
22	17920	10
22	17921	10
22	17922	10
22	17923	10
22	17924	10
22	17925	11
22	17926	11
22	17927	11
22	17928	11
22	17929	11
22	17930	11
22	17931	11
22	17932	12
22	17933	12
22	17934	12
22	17935	12
22	17936	12
22	17937	12
22	17938	12
22	17939	12
22	17940	12
22	17941	12
22	17942	12
22	17943	12
22	17944	13
22	17945	13
22	17946	13
22	17947	13
22	17948	13
22	17949	13
22	17950	13
22	17951	13
22	17952	13
22	17953	13
22	17954	13
22	17955	13
22	17956	13
22	17957	13
22	17958	13
22	17959	13
22	17960	13
22	17961	13
22	17962	13
22	17963	13
22	17964	13
22	17965	13
22	17966	13
22	17967	13
22	17968	13
22	17969	13
22	17970	12
22	17971	12
22	17972	12
22	17973	12
22	17974	12
22	17975	12
22	17976	12
22	17977	12
22	17978	12
22	17979	12
22	17980	12
22	17981	12
22	17982	12
22	17983	12
22	17984	12
22	17985	12
22	17986	14
22	17987	14
22	17988	14
22	17989	14
22	17990	14
22	17991	14
22	17992	14
22	17993	14
22	17994	14
22	17995	14
22	17996	13
22	17997	15
22	17998	15
22	17999	15
22	18000	15
22	18001	15
22	18002	15
22	18003	15
22	18004	15
22	18005	15
22	18006	15
22	18007	15
22	18008	15
22	18009	15
22	18010	15
22	18011	15
22	18012	15
22	18013	15
22	18014	15
22	18015	15
22	18016	15
22	18017	15
22	18018	15
22	18019	15
22	18020	15
22	18021	15
22	18022	15
22	18023	15
22	18024	15
22	18025	15
22	18026	15
22	18027	15
22	18028	15
22	18029	15
22	18030	14
22	18031	14
22	18032	14
22	18033	14
22	18034	14
22	18035	14
22	18036	14
22	18037	14
22	18038	14
22	18039	14
22	18040	14
22	18041	14
22	18042	11
22	18043	11
22	18044	11
22	18045	11
22	18046	11
22	18047	11
22	18048	11
22	18049	8
22	18050	8
22	18051	8
22	18052	8
22	18053	8
22	18054	8
22	18055	8
22	18056	8
22	18057	8
22	18058	8
22	18059	8
22	18060	8
22	18061	8
22	18062	8
22	18063	7
22	18064	7
22	18065	7
22	18066	7
22	18067	7
22	18068	6
22	18069	6
22	18070	6
22	18071	6
22	18072	9
22	18073	9
22	18074	9
22	18075	8
22	18076	8
22	18077	8
22	18078	8
22	18079	8
22	18080	8
22	18081	8
22	18082	7
22	18083	7
22	18084	7
22	18085	8
22	18086	8
22	18087	8
22	18088	8
22	18089	8
22	18090	8
22	18091	8
22	18092	8
22	18093	8
22	18094	7
22	18095	7
22	18096	7
22	18097	8
22	18098	8
22	18099	8
22	18100	8
22	18101	8
22	18102	8
22	18103	8
22	18104	8
22	18105	8
22	18106	8
22	18107	8
22	18108	8
22	18109	8
22	18110	8
22	18111	8
22	18112	8
22	18113	8
22	18114	8
22	18115	8
22	18116	8
22	18117	8
22	18118	8
22	18119	8
22	18120	8
22	18121	8
22	18122	8
22	18123	8
22	18124	8
22	18125	8
22	18126	8
22	18127	8
22	18128	8
22	18129	8
22	18130	8
22	18131	8
22	18132	8
22	18133	8
22	18134	6
22	18135	6
22	18136	6
22	18137	6
22	18138	6
22	18139	7
22	18140	7
22	18141	7
22	18142	7
22	18143	7
22	18144	7
22	18145	7
22	18146	7
22	18147	6
22	18148	6
22	18149	6
22	18150	6
22	18151	6
22	18152	6
22	18153	6
22	18154	6
22	18155	6
22	18156	6
22	18157	6
22	18158	6
22	18159	6
22	18160	6
22	18161	6
22	18162	6
22	18163	6
22	18164	6
22	18165	6
22	18166	6
22	18167	6
22	18168	6
22	18169	6
22	18170	6
22	18171	6
22	18172	6
22	18173	6
22	18174	6
22	18175	6
22	18176	6
22	18177	6
22	18178	6
22	18179	6
22	18180	6
22	18181	6
22	18182	6
22	18183	6
22	18184	6
22	18185	6
22	18186	6
22	18187	6
22	18188	6
22	18189	6
22	18190	6
22	18191	6
22	18192	6
22	18193	6
22	18194	6
22	18195	6
22	18196	6
22	18197	6
22	18198	6
22	18199	6
22	18200	6
22	18201	6
22	18202	6
22	18203	6
22	18204	6
22	18205	6
22	18206	6
22	18207	6
22	18208	6
22	18209	6
22	18210	6
22	18211	6
22	18212	6
22	18213	7
22	18214	7
22	18215	7
22	18216	7
22	18217	7
22	18218	7
22	18219	7
22	18220	7
22	18221	7
22	18222	4
22	18223	4
22	18224	4
22	18225	4
22	18226	4
22	18227	4
22	18228	4
22	18229	4
22	18230	4
22	18231	4
22	18232	4
22	18233	4
22	18234	3
22	18235	3
22	18236	3
22	18237	3
22	18238	3
22	18239	3
22	18240	3
22	18241	3
22	18242	3
22	18243	3
22	18244	3
22	18245	3
22	18246	2
22	18247	2
22	18248	2
22	18249	2
22	18250	2
22	18251	2
22	18252	2
22	18253	2
22	18254	2
22	18255	2
22	18256	2
22	18257	2
22	18258	2
22	18259	2
22	18260	2
22	18261	2
22	18262	2
22	18263	2
22	18264	2
22	18265	2
22	18266	2
22	18267	2
22	18268	2
22	18269	2
22	18270	2
22	18271	2
22	18272	2
22	18273	2
22	18274	2
22	18275	2
22	18276	2
22	18277	2
22	18278	2
22	18279	2
22	18280	2
22	18281	2
22	18282	2
22	18283	2
22	18284	2
22	18285	2
22	18286	2
22	18287	2
22	18288	2
22	18289	2
22	18290	2
22	18291	2
22	18292	2
22	18293	2
22	18294	2
22	18295	2
22	18296	2
22	18297	2
22	18298	2
22	18299	2
22	18300	2
22	18301	2
22	18302	2
22	18303	2
22	18304	2
22	18305	2
22	18306	2
22	18307	2
22	18308	2
22	18309	2
22	18310	2
22	18311	2
22	18312	2
22	18313	2
22	18314	2
22	18315	2
22	18316	2
22	18317	2
22	18318	2
22	18319	2
22	18320	2
22	18321	2
22	18322	2
22	18323	2
22	18324	2
22	18325	2
22	18326	2
22	18327	2
22	18328	2
22	18329	2
22	18330	2
22	18331	2
22	18332	2
22	18333	2
22	18334	2
22	18335	2
22	18336	2
22	18337	2
22	18338	2
22	18339	2
22	18340	2
22	18341	2
22	18342	2
22	18343	2
22	18344	2
22	18345	2
22	18346	2
22	18347	2
22	18348	2
22	18349	2
22	18350	2
22	18351	2
22	18352	2
22	18353	2
22	18354	1
22	18355	1
22	18356	1
22	18357	1
22	18358	1
22	18359	1
22	18360	1
22	18361	1
22	18362	1
22	18363	1
22	18364	1
22	18365	1
22	18366	1
22	18367	1
22	18368	1
22	18369	1
22	18370	1
22	18371	1
22	18372	1
22	18373	1
22	18374	1
22	18375	1
22	18376	1
22	18377	1
22	18378	1
22	18379	1
22	18380	1
22	18381	1
22	18382	1
22	18383	1
22	18384	1
22	18385	1
22	18386	1
22	18387	1
22	18388	1
22	18389	1
22	18390	1
22	18391	1
22	18392	1
22	18393	1
22	18394	1
22	18395	1
22	18396	1
22	18397	1
22	18398	1
22	18399	1
22	18400	1
22	18401	1
22	19385	1
22	19386	1
22	19387	1
22	19388	1
22	19389	1
22	19390	1
22	19391	1
22	19392	1
22	19393	1
22	19394	1
22	19395	1
22	19396	1
22	19397	1
22	19398	1
22	19399	1
22	19400	1
22	19401	1
22	19402	1
22	19403	1
22	19404	1
22	19405	1
22	19406	1
22	19407	1
22	19408	1
22	19409	1
22	19410	1
22	19411	1
22	19412	1
22	19413	1
22	19414	1
22	19415	1
22	19416	1
22	19417	1
22	19418	1
22	19419	1
22	19420	1
22	19421	1
22	19422	1
22	19423	1
22	19424	1
22	19425	1
22	19426	1
22	19427	1
22	19428	1
22	19429	1
22	19430	1
22	19431	1
22	19432	1
22	19433	1
22	19434	1
22	19435	1
22	19436	1
22	19437	1
22	19438	1
22	19439	1
22	19440	1
22	19441	1
22	19442	1
22	19443	1
22	19444	1
22	19445	2
22	19446	2
22	19447	2
22	19448	2
22	19449	2
22	19450	2
22	19451	2
22	19452	2
22	19453	2
22	19454	2
22	19455	2
22	19456	2
22	19457	2
22	19458	2
22	19459	2
22	19460	2
22	19461	2
22	19462	2
22	19463	2
22	19464	2
22	19465	2
22	19466	2
22	19467	2
22	19468	2
22	19469	2
22	19470	2
22	19471	2
22	19472	2
22	19473	2
22	19474	2
22	19475	2
22	19476	2
22	19477	2
22	19478	2
22	19479	2
22	19480	2
22	19481	2
22	19482	2
22	19483	2
22	19484	2
22	19485	2
22	19486	2
22	19487	2
22	19488	2
22	19489	2
22	19490	2
22	19491	3
22	19492	3
22	19493	3
22	19494	3
22	19495	3
22	19496	3
22	19497	3
22	19498	3
22	19499	3
22	19500	3
22	19501	3
22	19502	3
22	19503	3
22	19504	4
22	19505	5
22	19506	5
22	19507	5
22	19508	5
22	19509	5
22	19510	5
22	19511	5
22	19512	6
22	19513	6
22	19514	6
22	19515	6
22	19516	6
22	19517	6
22	19518	6
22	19519	7
22	19520	7
22	19521	7
22	19522	7
22	19523	7
22	19524	7
22	19525	7
22	19526	7
22	19527	7
22	19528	6
22	19529	6
22	19530	6
22	19531	6
22	19532	6
22	19533	6
22	19534	6
22	19535	6
22	19536	6
22	19537	6
22	19538	6
22	19539	6
22	19540	8
22	19541	8
22	19542	8
22	19543	8
22	19544	8
22	19545	8
22	19546	8
22	19547	8
22	19548	8
22	19549	8
22	19550	8
22	19551	8
22	19552	8
22	19553	8
22	19554	8
22	19555	8
22	19556	8
22	19557	8
22	19558	8
22	19559	8
22	19560	9
22	19561	9
22	19562	9
22	19563	9
22	19564	9
22	19565	9
22	19566	9
22	19567	9
22	19568	9
22	19569	9
22	19570	10
22	19571	11
22	19572	11
22	19573	11
22	19574	11
22	19575	11
22	19576	11
22	19577	11
22	19578	11
22	19579	11
22	19580	11
22	19581	11
22	19582	11
22	19583	12
22	19584	12
22	19585	12
22	19586	12
22	19587	12
22	19588	12
22	19589	12
22	19590	12
22	19591	12
22	19592	12
22	19593	12
22	19594	12
22	19595	12
22	19596	12
22	19597	12
22	19598	12
22	19599	12
22	19600	12
22	19601	14
22	19602	15
22	19603	15
22	19604	15
22	19605	15
22	19606	15
22	19607	15
22	19608	15
22	19609	15
22	19610	15
22	19611	15
22	19612	15
22	19613	15
22	19614	15
22	19615	15
22	19616	16
22	19617	16
22	19618	17
22	19619	17
22	19620	18
22	19621	18
22	19622	18
22	19623	18
22	19624	16
22	19625	18
22	19626	18
22	19627	18
22	19628	18
22	19629	18
22	19630	18
22	19631	18
22	19632	20
22	19633	20
22	19634	20
22	19635	20
22	19636	20
22	19637	20
22	19638	20
22	19639	20
22	19640	20
22	19641	20
22	19642	20
22	19643	20
22	19644	20
22	19645	20
22	19646	20
22	19647	20
22	19648	20
22	19649	20
22	19650	20
22	19651	20
22	19652	20
22	19653	19
22	19654	19
22	19655	19
22	19656	19
22	19657	19
22	19658	19
22	19659	19
22	19660	19
22	19661	18
22	19662	18
22	19663	18
22	19664	18
22	19665	18
22	19666	18
22	19667	18
22	19668	18
22	19669	17
22	19670	17
22	19671	17
22	19672	17
22	19673	17
22	19674	17
22	19675	17
22	19676	17
22	19677	17
22	19678	17
22	19679	17
22	19680	17
22	19681	17
22	19682	17
22	19683	17
22	19684	17
22	19685	17
22	19686	17
22	19687	17
22	19688	17
22	19689	17
22	19690	19
22	19691	17
22	19692	17
22	19693	17
22	19694	17
22	19695	17
22	19696	17
22	19697	17
22	19698	17
22	19699	17
22	19700	17
22	19701	17
22	19702	17
22	19703	17
22	19704	17
22	19705	17
22	19706	17
22	19707	17
22	19708	17
22	19709	17
22	19710	16
22	19711	16
22	19712	16
22	19713	16
22	19714	16
22	19715	15
22	19716	15
22	19717	15
22	19718	15
22	19719	15
22	19720	15
22	19721	14
22	19722	14
22	19723	14
22	19724	14
22	19725	14
22	19726	14
22	19727	14
22	19728	14
22	19729	14
22	19730	14
22	19731	14
22	19732	14
22	19733	13
22	19734	13
22	19735	13
22	19736	13
22	19737	11
22	19738	11
22	19739	11
22	19740	11
22	19741	11
22	19742	11
22	19743	11
22	19744	11
22	19745	11
22	19746	11
22	19747	11
22	19748	11
22	19749	11
22	19750	10
22	19751	9
22	19752	9
22	19753	9
22	19754	9
22	19755	9
22	19756	9
22	19757	9
22	19758	9
22	19759	9
22	19760	9
22	19761	9
22	19762	9
22	19763	9
22	19764	9
22	19765	9
22	19766	8
22	19767	8
22	19768	8
22	19769	8
22	19770	8
22	19771	8
22	19772	8
22	19773	8
22	19774	8
22	19775	8
22	19776	8
22	19777	8
22	19778	8
22	19779	8
22	19780	8
22	19781	8
22	19782	6
22	19783	8
22	19784	8
22	19785	8
22	19786	8
22	19787	8
22	19788	8
22	19789	8
22	19790	8
22	19791	8
22	19792	8
22	19793	8
22	19794	8
22	19795	8
22	19796	8
22	19797	8
22	19798	8
22	19799	8
22	19800	8
22	19801	8
22	19802	8
22	19803	8
22	19804	8
22	19805	8
22	19806	8
22	19807	8
22	19808	9
22	19809	9
22	19810	9
22	19811	9
22	19812	9
22	19813	9
22	19814	9
22	19815	9
22	19816	9
22	19817	9
22	19818	9
22	19819	9
22	19820	9
22	19821	7
22	19822	7
22	19823	7
22	19824	7
22	19825	7
22	19826	7
22	19827	7
22	19828	7
22	19829	7
22	19830	7
22	19831	7
22	19832	7
22	19833	7
22	19834	7
22	19835	7
22	19836	7
22	19837	7
22	19838	7
22	19839	8
22	19840	8
22	19841	8
22	19842	8
22	19843	8
22	19844	8
22	19845	8
22	19846	8
22	19847	8
22	19848	8
22	19849	6
22	19850	6
22	19851	6
22	19852	6
22	19853	6
22	19854	6
22	19855	6
22	19856	6
22	19857	6
22	19858	6
22	19859	5
22	19860	6
22	19861	6
22	19862	6
22	19863	6
22	19864	5
22	19865	5
22	19866	5
22	19867	5
22	19868	5
22	19869	5
22	19870	5
22	19871	5
22	19872	5
22	19873	5
22	19874	5
22	19875	5
22	19876	5
22	19877	5
22	19878	5
22	19879	5
22	19880	5
22	19881	5
22	19882	5
22	19883	5
22	19884	5
22	19885	5
22	19886	6
22	19887	6
22	19888	6
22	19889	6
22	19890	6
22	19891	6
22	19892	6
22	19893	6
22	19894	6
22	19895	6
22	19896	6
22	19897	6
22	19898	7
22	19899	7
22	19900	7
22	19901	7
22	19902	7
22	19903	7
22	19904	7
22	19905	7
22	19906	7
22	19907	7
22	19908	7
22	19909	7
22	19910	7
22	19911	7
22	19912	7
22	19913	7
22	19914	6
22	19915	6
22	19916	6
22	19917	6
22	19918	6
22	19919	6
22	19920	6
22	19921	6
22	19922	6
22	19923	6
22	19924	6
22	19925	6
22	19926	6
22	19927	6
22	19928	6
22	19929	6
22	19930	6
22	19931	6
22	19932	6
22	19933	6
22	19934	6
22	19935	6
22	19936	6
22	19937	6
22	19938	6
22	19939	6
22	19940	6
22	19941	6
22	19942	6
22	19943	6
22	19944	6
22	19945	6
22	19946	6
22	19947	6
22	19948	6
22	19949	6
22	19950	6
22	19951	6
22	19952	6
22	19953	6
22	19954	6
22	19955	5
22	19956	5
22	19957	5
22	19958	5
22	19959	5
22	19960	5
22	19961	5
22	19962	5
22	19963	5
22	19964	5
22	19965	5
22	19966	5
22	19967	5
22	19968	5
22	19969	5
22	19970	5
22	19971	5
22	19972	5
22	19973	5
22	19974	5
22	19975	5
22	19976	5
22	19977	5
22	19978	5
22	19979	5
22	19980	5
22	19981	5
22	19982	5
22	19983	5
22	19984	5
22	19985	5
22	19986	5
22	19987	5
22	19988	5
22	19989	4
22	19990	4
22	19991	4
22	19992	4
22	19993	4
22	19994	4
22	19995	4
22	19996	4
22	19997	4
22	19998	4
22	19999	4
22	20000	4
22	20001	4
22	20002	4
22	20003	4
22	20004	4
22	20005	5
22	20006	5
22	20007	5
22	20008	5
22	20009	5
22	20010	4
22	20011	4
22	20012	4
22	20013	4
22	20014	4
22	20015	4
22	20016	4
22	20017	4
22	20018	4
22	20019	3
22	20020	3
22	20021	3
22	20022	3
22	20023	3
22	20024	3
22	20025	3
22	20026	3
22	20027	5
22	20028	5
22	20029	7
22	20030	7
22	20031	7
22	20032	7
22	20033	7
22	20034	7
22	20035	7
22	20036	6
22	20037	6
22	20038	6
22	20039	6
22	20040	6
22	20041	6
22	20042	6
22	20043	6
22	20044	6
22	20045	6
22	20046	6
22	20047	6
22	20048	5
22	20049	5
22	20050	5
22	20051	5
22	20052	5
22	20053	5
22	20054	5
22	20055	5
22	20056	5
22	20057	5
22	20058	5
22	20059	5
22	20060	5
22	20061	5
22	20062	5
22	20063	5
22	20064	5
22	20065	5
22	20066	5
22	20067	5
22	20068	5
22	20069	6
22	20070	6
22	20071	6
22	20072	6
22	20073	6
22	20074	6
22	20075	6
22	20076	6
22	20077	6
22	20078	6
22	20079	6
22	20080	6
22	20081	6
22	20082	6
22	20083	6
22	20084	6
22	20085	6
22	20086	6
22	20087	6
22	20088	6
22	20089	6
22	20090	6
22	20091	6
22	20092	6
22	20093	6
22	20094	6
22	20095	6
22	20096	6
22	20097	6
22	20098	6
22	20099	6
22	20100	6
22	20101	6
22	20102	6
22	20103	6
22	20104	6
22	20105	6
22	20106	6
22	20107	6
22	20108	6
22	20109	6
22	20110	6
22	20111	6
22	20112	6
22	20113	6
22	20114	6
22	20115	6
22	20116	6
22	20117	6
22	20118	6
22	20119	6
22	20120	6
22	20121	6
22	20122	7
22	20123	7
22	20124	7
22	20125	7
22	20126	7
22	20127	7
22	20128	7
22	20129	7
22	20130	7
22	20131	7
22	20132	7
22	20133	7
22	20134	7
22	20135	7
22	20136	8
22	20137	8
22	20138	8
22	20139	8
22	20140	8
22	20141	8
22	20142	8
22	20143	8
22	20144	9
22	20145	9
22	20146	9
22	20147	9
22	20148	9
22	20149	9
22	20150	9
22	20151	9
22	20152	9
22	20153	9
22	20154	9
22	20155	9
22	20156	9
22	20157	9
22	20158	9
22	20159	9
22	20160	9
22	20161	9
22	20162	9
22	20163	9
22	20164	9
22	20165	9
22	20166	9
22	20167	9
22	20168	9
22	20169	9
22	20170	9
22	20171	9
22	20172	9
22	20173	9
22	20174	9
22	20175	9
22	20176	7
22	20177	7
22	20178	7
22	20179	4
22	20180	4
22	20181	4
22	20182	4
22	20183	4
22	20184	4
22	20185	4
22	20186	4
22	20187	5
22	20188	5
22	20189	5
22	20190	5
22	20191	5
22	20192	5
22	20193	5
22	20194	5
22	20195	5
22	20196	5
22	20197	5
22	20198	6
22	20199	6
22	20200	6
22	20201	6
22	20202	6
22	20203	6
22	20204	6
22	20205	5
22	20206	5
22	20207	5
22	20208	5
22	20209	5
22	20210	5
22	20211	5
22	20212	5
22	20213	5
22	20214	5
22	20215	5
22	20216	5
22	20217	5
22	20218	5
22	20219	5
22	20220	5
22	20221	5
22	20222	5
22	20223	5
22	20224	5
22	20225	5
22	20226	5
22	20227	5
22	20228	5
22	20229	6
22	20230	7
22	20231	7
22	20232	7
22	20233	7
22	20234	7
22	20235	7
22	20236	7
22	20237	7
22	20238	7
22	20239	7
22	20240	7
22	20241	7
22	20242	7
22	20243	7
22	20244	7
22	20245	8
22	20246	8
22	20247	8
22	20248	8
22	20249	8
22	20250	9
22	20251	9
22	20252	9
22	20253	9
22	20254	9
22	20255	9
22	20256	9
22	20257	9
22	20258	9
22	20259	9
22	20260	9
22	20261	9
22	20262	9
22	20263	9
22	20264	9
22	20265	9
22	20266	9
22	20267	9
22	20268	9
22	20269	8
22	20270	10
22	20271	10
22	20272	10
22	20273	10
22	20274	10
22	20275	11
22	20276	11
22	20277	11
22	20278	11
22	20279	12
22	20280	12
22	20281	12
22	20282	12
22	20283	12
22	20284	12
22	20285	12
22	20286	11
22	20287	11
22	20288	11
22	20289	11
22	20290	11
22	20291	11
22	20292	11
22	20293	11
22	20294	10
22	20295	10
22	20296	10
22	20297	10
22	20298	10
22	20299	11
22	20300	11
22	20301	11
22	20302	11
22	20303	11
22	20304	11
22	20305	11
22	20306	11
22	20307	11
22	20308	11
22	20309	11
22	20310	11
22	20311	11
22	20312	11
22	20313	11
22	20314	11
22	20315	11
22	20316	11
22	20317	11
22	20318	11
22	20319	11
22	20320	11
22	20321	11
22	20322	11
22	20323	11
22	20324	11
22	20325	11
22	20326	11
22	20327	11
22	20328	13
22	20329	13
22	20330	13
22	20331	15
22	20332	15
22	20333	16
22	20334	16
22	20335	16
22	20336	16
22	20337	15
22	20338	15
22	20339	15
22	20340	15
22	20341	15
22	20342	15
22	20343	15
22	20344	15
22	20345	14
22	20346	14
22	20347	14
22	20348	14
22	20349	14
22	20350	14
22	20351	14
22	20352	15
22	20353	15
22	20354	15
22	20355	15
22	20356	15
22	20357	15
22	20358	15
22	20359	15
22	20360	15
22	20361	15
22	20362	15
22	20363	15
22	20364	15
22	20365	15
22	20366	15
22	20367	15
22	20368	15
22	20369	15
22	20370	15
22	20371	15
22	20372	15
22	20373	15
22	20374	15
22	20375	15
22	20376	15
22	20377	15
22	20378	14
22	20379	14
22	20380	13
22	20381	13
22	20382	13
22	20383	13
22	20384	13
22	20385	13
22	20386	13
22	20387	13
22	20388	13
22	20389	13
22	20390	13
22	20391	13
22	20392	13
22	20393	13
22	20394	13
22	20395	12
22	20396	12
22	20397	12
22	20398	12
22	20399	12
22	20400	11
22	20401	11
22	20402	12
22	20403	12
22	20404	12
22	20405	12
22	20406	12
22	20407	12
22	20408	12
22	20409	12
22	20410	13
22	20411	13
22	20412	14
22	20413	14
22	20414	14
22	20415	14
22	20416	14
22	20417	14
22	20418	14
22	20419	12
22	20420	12
22	20421	12
22	20422	12
22	20423	12
22	20424	12
22	20425	11
22	20426	11
22	20427	11
22	20428	11
22	20429	10
22	20430	10
22	20431	10
22	20432	10
22	20433	10
22	20434	10
22	20435	10
22	20436	10
22	20437	11
22	20438	11
22	20439	13
22	20440	13
22	20441	13
22	20442	13
22	20443	13
22	20444	13
22	20445	13
22	20446	13
22	20447	13
22	20448	13
22	20449	13
22	20450	13
22	20451	13
22	20452	13
22	20453	13
22	20454	13
22	20455	13
22	20456	13
22	20457	13
22	20458	13
22	20459	13
22	20460	13
22	20461	13
22	20462	13
22	20463	13
22	20464	13
22	20465	13
22	20466	13
22	20467	13
22	20468	13
22	20469	13
22	20470	13
22	20471	13
22	20472	13
22	20473	13
22	20474	14
22	20475	14
22	20476	12
22	20477	12
22	20478	12
22	20479	12
22	20480	12
22	20481	10
22	20482	9
22	20483	9
22	20484	9
22	20485	9
22	20486	9
22	20487	9
22	20488	9
22	20489	9
22	20490	9
22	20491	9
22	20492	9
22	20493	9
22	20494	9
22	20495	9
22	20496	9
22	20497	9
22	20498	9
22	20499	9
22	20500	9
22	20501	9
22	20502	8
22	20503	8
22	20504	8
22	20505	8
22	20506	8
22	20507	8
22	20508	8
22	20509	8
22	20510	8
22	20511	8
22	20512	8
22	20513	8
22	20514	8
22	20515	8
22	20516	8
22	20517	8
22	20518	8
22	20519	8
22	20520	8
22	20521	8
22	20522	8
22	20523	8
22	20524	8
22	20525	8
22	20526	8
22	20527	8
22	20528	8
22	20529	8
22	20530	8
22	20531	8
22	20532	8
22	20533	8
22	20534	8
22	20535	8
22	20536	8
22	20537	8
22	20538	8
22	20539	8
22	20540	8
22	20541	8
22	20542	8
22	20543	8
22	20544	8
22	20545	8
22	20546	8
22	20547	8
22	20548	7
22	20549	7
22	20550	7
22	20551	7
22	20552	7
22	20553	7
22	20554	7
22	20555	7
22	20556	7
22	20557	7
22	20558	7
22	20559	7
22	20560	6
22	20561	5
22	20562	5
22	20563	5
22	20564	5
22	20565	5
22	20566	5
22	20567	5
22	20568	5
22	20569	5
22	20570	5
22	20571	5
22	20572	5
22	20573	5
22	20574	5
22	20575	5
22	20576	5
22	20577	5
22	20578	5
22	20579	5
22	20580	5
22	20581	5
22	20582	5
22	20583	5
22	20584	5
22	20585	5
22	20586	5
22	20587	5
22	20588	3
22	20589	3
22	20590	3
22	20591	3
22	20592	3
22	20593	2
22	20594	2
22	20595	2
22	20596	2
22	20597	2
22	20598	2
22	20599	2
22	20600	2
22	20601	2
22	20602	2
22	20603	2
22	20604	2
22	20605	2
22	20606	2
22	20607	2
22	20608	2
22	20609	2
22	20610	2
22	20611	2
22	20612	2
22	20613	2
22	20614	2
22	20615	2
22	20616	2
22	20617	2
22	20618	2
22	20619	2
22	20620	2
22	20621	2
22	20622	2
22	20623	1
22	20624	1
22	20625	1
22	20626	1
22	20627	1
22	20628	1
22	20629	1
22	20630	1
22	20631	1
22	20632	1
22	20633	1
22	20634	1
22	20635	1
22	20636	1
22	20637	1
22	20638	1
22	20639	1
22	20640	1
22	20641	1
22	20642	1
22	20643	1
22	20644	1
22	20645	1
22	20646	1
22	20647	1
22	20648	1
22	20649	1
22	20650	1
22	20651	1
22	20652	1
22	20653	1
22	20654	1
22	20655	1
22	20656	1
22	20657	1
22	20658	1
22	20659	1
22	20660	2
22	20661	2
22	20662	2
22	20663	2
22	20664	2
22	20665	2
22	20666	2
22	20667	2
22	20668	2
22	20669	2
22	20670	2
22	20671	2
22	20672	2
22	20673	2
22	20674	2
22	20675	2
22	20676	2
22	20677	2
22	20678	2
22	20679	2
22	20680	2
22	20681	2
22	20682	2
22	20683	2
22	20684	2
22	20685	2
22	20686	2
22	20687	2
22	20688	2
22	20689	2
22	20690	2
22	20691	2
22	20692	2
22	20693	2
22	20694	2
22	20695	2
22	20696	2
22	20697	2
22	20698	2
22	20699	2
22	20700	2
22	20701	2
22	20702	2
22	20703	2
22	20704	2
22	20705	2
22	20706	2
22	20707	2
22	20708	2
22	20709	2
22	20710	2
22	20711	2
22	20712	2
22	20713	2
22	20714	2
22	20715	2
22	20716	2
22	20717	2
22	20718	2
22	20719	2
22	20720	2
22	20721	2
22	20722	2
22	20723	2
22	20724	2
22	20725	2
22	20726	2
22	20727	2
22	20728	2
22	20729	2
22	20730	2
22	20731	2
22	20732	2
22	20733	2
22	20734	2
22	20735	2
22	20736	1
22	20737	1
22	20738	1
22	20739	1
22	20740	1
22	20741	1
22	20742	1
22	20743	1
22	20744	1
22	20745	1
22	20746	1
22	20747	1
22	20748	1
22	20749	1
22	20750	1
22	20751	1
22	20752	1
22	20753	1
22	20754	1
22	20755	1
22	20756	1
22	20757	1
22	20758	1
22	20759	1
22	20760	1
22	20761	1
22	20762	1
22	20763	1
22	20764	1
22	20765	1
22	20766	1
22	20767	1
22	20768	1
22	20769	1
22	20770	1
22	20771	1
22	20772	1
22	20773	1
22	20774	1
22	20775	1
22	20776	1
22	20777	1
22	20778	1
22	20779	1
22	20780	1
22	20781	1
22	20782	1
22	20783	1
22	20784	1
22	20785	1
22	20786	1
22	20787	1
22	20788	1
22	20789	1
22	20790	1
22	20791	1
22	20792	1
22	20793	1
22	20794	1
22	20795	1
22	20796	1
22	20797	1
22	20798	1
22	20799	1
22	20800	1
22	20801	1
22	20802	1
22	20803	1
22	20804	1
22	20805	1
22	20854	1
22	20855	1
22	20856	1
22	20857	1
22	20858	1
22	20859	1
22	20860	1
22	20861	1
22	20862	1
22	20863	1
22	20864	1
22	20865	3
22	20866	3
22	20867	3
22	20868	3
22	20869	3
22	20870	3
22	20871	3
22	20872	3
22	20873	3
22	20874	3
22	20875	3
22	20876	3
22	20877	3
22	20878	3
22	20879	3
22	20880	3
22	20881	3
22	20882	3
22	20883	3
22	20884	3
22	20885	3
22	20886	3
22	20887	3
22	20888	3
22	20889	3
22	20890	3
22	20891	3
22	20892	3
22	20893	3
22	20894	3
22	20895	3
22	20896	3
22	20897	3
22	20898	3
22	20899	3
22	20900	3
22	20901	3
22	20902	3
22	20903	3
22	20904	3
22	20905	3
22	20906	3
22	20907	3
22	20908	3
22	20909	3
22	20910	3
22	20911	3
22	20912	3
22	20913	3
22	20914	3
22	20915	3
22	20916	3
22	20917	3
22	20918	3
22	20919	3
22	20920	3
22	20921	3
22	20922	3
22	20923	3
22	20924	3
22	20925	3
22	20926	3
22	20927	3
22	20928	3
22	20929	3
22	20930	3
22	20931	3
22	20932	3
22	20933	3
22	20934	3
22	20935	3
22	20936	3
22	20937	3
22	20938	3
22	20939	3
22	20940	4
22	20941	4
22	20942	4
22	20943	4
22	20944	4
22	20945	4
22	20946	4
22	20947	4
22	20948	4
22	20949	4
22	20950	4
22	20951	4
22	20952	4
22	20953	4
22	20954	4
22	20955	4
22	20956	4
22	20957	4
22	20958	4
22	20959	4
22	20960	4
22	20961	4
22	20962	4
22	20963	4
22	20964	4
22	20965	4
22	20966	4
22	20967	4
22	20968	4
22	20969	4
22	20970	4
22	20971	4
22	20972	4
22	20973	4
22	20974	4
22	20975	4
22	20976	4
22	20977	4
22	20978	4
22	20979	4
22	20980	4
22	20981	4
22	20982	4
22	20983	4
22	20984	4
22	20985	4
22	20986	4
22	20987	4
22	20988	4
22	20989	4
22	20990	4
22	20991	4
22	20992	4
22	20993	4
22	20994	4
22	20995	4
22	20996	4
22	20997	4
22	20998	4
22	20999	4
22	21000	4
22	21001	4
22	21002	4
22	21003	4
22	21004	4
22	21005	4
22	21006	4
22	21007	4
22	21008	4
22	21009	4
22	21010	4
22	21011	4
22	21012	4
22	21013	4
22	21014	4
22	21015	3
22	21016	3
22	21017	3
22	21018	3
22	21019	3
22	21020	3
22	21021	3
22	21022	3
22	21023	5
22	21024	5
22	21025	5
22	21026	5
22	21027	5
22	21028	5
22	21029	5
22	21030	5
22	21031	5
22	21032	5
22	21033	5
22	21034	5
22	21035	5
22	21036	5
22	21037	5
22	21038	5
22	21039	5
22	21040	5
22	21041	5
22	21042	5
22	21043	5
22	21044	5
22	21045	5
22	21046	5
22	21047	5
22	21048	5
22	21049	5
22	21050	5
22	21051	5
22	21052	5
22	21053	5
22	21054	5
22	21055	5
22	21056	5
22	21057	5
22	21058	5
22	21059	5
22	21060	5
22	21061	6
22	21062	6
22	21063	6
22	21064	6
22	21065	6
22	21066	6
22	21067	6
22	21068	6
22	21069	6
22	21070	6
22	21071	6
22	21072	6
22	21073	6
22	21074	6
22	21075	6
22	21076	6
22	21077	6
22	21078	6
22	21079	6
22	21080	6
22	21081	6
22	21082	6
22	21083	6
22	21084	6
22	21085	6
22	21086	6
22	21087	6
22	21088	6
22	21089	7
22	21090	6
22	21091	6
22	21092	6
22	21093	6
22	21094	6
22	21095	6
22	21096	6
22	21097	6
22	21098	6
22	21099	6
22	21100	6
22	21101	6
22	21102	6
22	21103	6
22	21104	6
22	21105	7
22	21106	7
22	21107	7
22	21108	7
22	21109	7
22	21110	7
22	21111	7
22	21112	7
22	21113	7
22	21114	7
22	21115	7
22	21116	7
22	21117	7
22	21118	7
22	21119	7
22	21120	7
22	21121	7
22	21122	7
22	21123	7
22	21124	7
22	21125	8
22	21126	8
22	21127	8
22	21128	8
22	21129	8
22	21130	8
22	21131	8
22	21132	8
22	21133	8
22	21134	9
22	21135	8
22	21136	8
22	21137	8
22	21138	8
22	21139	9
22	21140	9
22	21141	9
22	21142	9
22	21143	10
22	21144	10
22	21145	10
22	21146	10
22	21147	10
22	21148	10
22	21149	10
22	21150	10
22	21151	10
22	21152	10
22	21153	10
22	21154	10
22	21155	10
22	21156	10
22	21157	11
22	21158	11
22	21159	11
22	21160	11
22	21161	11
22	21162	11
22	21163	11
22	21164	11
22	21165	11
22	21166	11
22	21167	12
22	21168	12
22	21169	12
22	21170	12
22	21171	12
22	21172	10
22	21173	10
22	21174	10
22	21175	10
22	21176	10
22	21177	10
22	21178	10
22	21179	10
22	21180	10
22	21181	10
22	21182	10
22	21183	10
22	21184	10
22	21185	10
22	21186	10
22	21187	10
22	21188	10
22	21189	10
22	21190	10
22	21191	10
22	21192	10
22	21193	10
22	21194	10
22	21195	10
22	21196	10
22	21197	10
22	21198	10
22	21199	10
22	21200	10
22	21201	10
22	21202	10
22	21203	10
22	21204	10
22	21205	10
22	21206	10
22	21207	10
22	21208	10
22	21209	10
22	21210	10
22	21211	9
22	21212	9
22	21213	9
22	21214	10
22	21215	10
22	21216	10
22	21217	10
22	21218	10
22	21219	10
22	21220	10
22	21221	10
22	21222	10
22	21223	10
22	21224	10
22	21225	10
22	21226	10
22	21227	10
22	21228	10
22	21229	10
22	21230	10
22	21231	10
22	21232	11
22	21233	11
22	21234	11
22	21235	11
22	21236	11
22	21237	11
22	21238	10
22	21239	10
22	21240	10
22	21241	10
22	21242	10
22	21243	10
22	21244	10
22	21245	10
22	21246	10
22	21247	10
22	21248	12
22	21249	12
22	21250	12
22	21251	12
22	21252	12
22	21253	12
22	21254	12
22	21255	11
22	21256	11
22	21257	11
22	21258	11
22	21259	11
22	21260	11
22	21261	11
22	21262	11
22	21263	11
22	21264	11
22	21265	11
22	21266	11
22	21267	11
22	21268	11
22	21269	12
22	21270	12
22	21271	12
22	21272	12
22	21273	12
22	21274	13
22	21275	12
22	21276	12
22	21277	12
22	21278	12
22	21279	12
22	21280	12
22	21281	12
22	21282	12
22	21283	10
22	21284	10
22	21285	10
22	21286	10
22	21287	10
22	21288	9
22	21289	9
22	21290	9
22	21291	9
22	21292	8
22	21293	9
22	21294	9
22	21295	9
22	21296	9
22	21297	10
22	21298	10
22	21299	10
22	21300	10
22	21301	10
22	21302	10
22	21303	10
22	21304	10
22	21305	10
22	21306	9
22	21307	9
22	21308	9
22	21309	9
22	21310	9
22	21311	9
22	21312	9
22	21313	9
22	21314	10
22	21315	10
22	21316	10
22	21317	9
22	21318	9
22	21319	9
22	21320	9
22	21321	9
22	21322	9
22	21323	9
22	21324	10
22	21325	10
22	21326	10
22	21327	10
22	21328	10
22	21329	10
22	21330	10
22	21331	10
22	21332	10
22	21333	10
22	21334	10
22	21335	10
22	21336	10
22	21337	10
22	21338	10
22	21339	10
22	21340	10
22	21341	10
22	21342	10
22	21343	10
22	21344	10
22	21345	10
22	21346	10
22	21347	10
22	21348	10
22	21349	10
22	21350	10
22	21351	10
22	21352	10
22	21353	10
22	21354	10
22	21355	10
22	21356	10
22	21357	10
22	21358	10
22	21359	10
22	21360	10
22	21361	10
22	21362	10
22	21363	9
22	21364	9
22	21365	9
22	21366	9
22	21367	9
22	21368	9
22	21369	9
22	21370	9
22	21371	10
22	21372	10
22	21373	11
22	21374	11
22	21375	11
22	21376	11
22	21377	11
22	21378	11
22	21379	12
22	21380	12
22	21381	12
22	21382	11
22	21383	11
22	21384	11
22	21385	11
22	21386	11
22	21387	11
22	21388	11
22	21389	11
22	21390	11
22	21391	11
22	21392	11
22	21393	11
22	21394	11
22	21395	11
22	21396	11
22	21397	11
22	21398	11
22	21399	11
22	21400	11
22	21401	12
22	21402	12
22	21403	12
22	21404	13
22	21405	13
22	21406	13
22	21407	13
22	21408	13
22	21409	13
22	21410	13
22	21411	13
22	21412	13
22	21413	13
22	21414	13
22	21415	13
22	21416	13
22	21417	13
22	21418	13
22	21419	12
22	21420	12
22	21421	12
22	21422	12
22	21423	12
22	21424	12
22	21425	12
22	21426	12
22	21427	12
22	21428	12
22	21429	13
22	21430	13
22	21431	14
22	21432	14
22	21433	14
22	21434	14
22	21435	14
22	21436	14
22	21437	14
22	21438	14
22	21439	14
22	21440	14
22	21441	14
22	21442	14
22	21443	13
22	21444	13
22	21445	13
22	21446	13
22	21447	12
22	21448	12
22	21449	12
22	21450	12
22	21451	12
22	21452	12
22	21453	12
22	21454	12
22	21455	12
22	21456	12
22	21457	12
22	21458	12
22	21459	12
22	21460	12
22	21461	12
22	21462	12
22	21463	12
22	21464	11
22	21465	11
22	21466	11
22	21467	11
22	21468	11
22	21469	11
22	21470	11
22	21471	11
22	21472	11
22	21473	11
22	21474	12
22	21475	12
22	21476	12
22	21477	12
22	21478	12
22	21479	12
22	21480	12
22	21481	12
22	21482	12
22	21483	12
22	21484	12
22	21485	12
22	21486	12
22	21487	12
22	21488	12
22	21489	12
22	21490	12
22	21491	12
22	21492	12
22	21493	13
22	21494	13
22	21495	13
22	21496	13
22	21497	13
22	21498	13
22	21499	13
22	21500	13
22	21501	13
22	21502	13
22	21503	13
22	21504	13
22	21505	13
22	21506	13
22	21507	13
22	21508	13
22	21509	13
22	21510	13
22	21511	13
22	21512	13
22	21513	13
22	21514	13
22	21515	13
22	21516	13
22	21517	13
22	21518	13
22	21519	13
22	21520	12
22	21521	12
22	21522	11
22	21523	10
22	21524	10
22	21525	10
22	21526	10
22	21527	10
22	21528	10
22	21529	10
22	21530	10
22	21531	10
22	21532	10
22	21533	10
22	21534	10
22	21535	10
22	21536	10
22	21537	10
22	21538	10
22	21539	10
22	21540	11
22	21541	11
22	21542	11
22	21543	11
22	21544	11
22	21545	11
22	21546	10
22	21547	9
22	21548	9
22	21549	9
22	21550	9
22	21551	8
22	21552	8
22	21553	8
22	21554	7
22	21555	7
22	21556	8
22	21557	8
22	21558	9
22	21559	9
22	21560	9
22	21561	9
22	21562	9
22	21563	9
22	21564	9
22	21565	9
22	21566	9
22	21567	9
22	21568	9
22	21569	11
22	21570	11
22	21571	13
22	21572	13
22	21573	12
22	21574	12
22	21575	13
22	21576	13
22	21577	13
22	21578	12
22	21579	12
22	21580	11
22	21581	11
22	21582	11
22	21583	11
22	21584	11
22	21585	11
22	21586	11
22	21587	11
22	21588	11
22	21589	11
22	21590	11
22	21591	11
22	21592	11
22	21593	11
22	21594	11
22	21595	11
22	21596	11
22	21597	11
22	21598	11
22	21599	11
22	21600	11
22	21601	11
22	21602	11
22	21603	11
22	21604	11
22	21605	11
22	21606	11
22	21607	11
22	21608	11
22	21609	11
22	21610	11
22	21611	11
22	21612	11
22	21613	11
22	21614	11
22	21615	11
22	21616	11
22	21617	11
22	21618	11
22	21619	11
22	21620	11
22	21621	11
22	21622	11
22	21623	11
22	21624	9
22	21625	9
22	21626	9
22	21627	9
22	21628	12
22	21629	12
22	21630	12
22	21631	12
22	21632	12
22	21633	12
22	21634	12
22	21635	12
22	21636	12
22	21637	12
22	21638	12
22	21639	12
22	21640	12
22	21641	12
22	21642	12
22	21643	11
22	21644	11
22	21645	11
22	21646	11
22	21647	11
22	21648	11
22	21649	11
22	21650	11
22	21651	11
22	21652	11
22	21653	11
22	21654	11
22	21655	11
22	21656	11
22	21657	12
22	21658	13
22	21659	13
22	21660	13
22	21661	13
22	21662	13
22	21663	13
22	21664	13
22	21665	13
22	21666	13
22	21667	13
22	21668	13
22	21669	13
22	21670	13
22	21671	13
22	21672	13
22	21673	13
22	21674	13
22	21675	13
22	21676	13
22	21677	13
22	21678	13
22	21679	13
22	21680	13
22	21681	13
22	21682	13
22	21683	13
22	21684	13
22	21685	13
22	21686	13
22	21687	13
22	21688	13
22	21689	12
22	21690	12
22	21691	12
22	21692	12
22	21693	12
22	21694	12
22	21695	12
22	21696	12
22	21697	12
22	21698	12
22	21699	12
22	21700	12
22	21701	13
22	21702	13
22	21703	13
22	21704	13
22	21705	13
22	21706	12
22	21707	12
22	21708	11
22	21709	11
22	21710	11
22	21711	11
22	21712	11
22	21713	11
22	21714	11
22	21715	11
22	21716	11
22	21717	11
22	21718	9
22	21719	9
22	21720	9
22	21721	7
22	21722	7
22	21723	7
22	21724	6
22	21725	6
22	21726	6
22	21727	6
22	21728	6
22	21729	6
22	21730	6
22	21731	6
22	21732	6
22	21733	6
22	21734	6
22	21735	6
22	21736	6
22	21737	6
22	21738	6
22	21739	8
22	21740	8
22	21741	8
22	21742	8
22	21743	8
22	21744	8
22	21745	8
22	21746	8
22	21747	8
22	21748	8
22	21749	8
22	21750	8
22	21751	8
22	21752	8
22	21753	8
22	21754	8
22	21755	8
22	21756	8
22	21757	8
22	21758	8
22	21759	8
22	21760	8
22	21761	8
22	21762	8
22	21763	8
22	21764	8
22	21765	8
22	21766	8
22	21767	8
22	21768	8
22	21769	8
22	21770	8
22	21771	8
22	21772	8
22	21773	8
22	21774	8
22	21775	8
22	21776	6
22	21777	5
22	21778	5
22	21779	5
22	21780	5
22	21781	5
22	21782	5
22	21783	5
22	21784	5
22	21785	5
22	21786	5
22	21787	5
22	21788	5
22	21789	6
22	21790	6
22	21791	6
22	21792	6
22	21793	6
22	21794	6
22	21795	6
22	21796	6
22	21797	6
22	21798	6
22	21799	6
22	21800	6
22	21801	6
22	21802	6
22	21803	6
22	21804	6
22	21805	6
22	21806	5
22	21807	4
22	21808	4
22	21809	4
22	21810	4
22	21811	4
22	21812	4
22	21813	4
22	21814	4
22	21815	4
22	21816	4
22	21817	4
22	21818	4
22	21819	4
22	21820	4
22	21821	4
22	21822	4
22	21823	4
22	21824	4
22	21825	4
22	21826	4
22	21827	5
22	21828	5
22	21829	5
22	21830	5
22	21831	5
22	21832	5
22	21833	5
22	21834	5
22	21835	5
22	21836	5
22	21837	5
22	21838	5
22	21839	5
22	21840	5
22	21841	5
22	21842	5
22	21843	6
22	21844	6
22	21845	6
22	21846	6
22	21847	6
22	21848	6
22	21849	6
22	21850	6
22	21851	5
22	21852	5
22	21853	5
22	21854	5
22	21855	5
22	21856	5
22	21857	5
22	21858	5
22	21859	5
22	21860	5
22	21861	5
22	21862	5
22	21863	5
22	21864	5
22	21865	5
22	21866	5
22	21867	5
22	21868	5
22	21869	5
22	21870	5
22	21871	5
22	21872	5
22	21873	5
22	21874	5
22	21875	5
22	21876	5
22	21877	5
22	21878	5
22	21879	5
22	21880	5
22	21881	5
22	21882	5
22	21883	5
22	21884	5
22	21885	6
22	21886	6
22	21887	6
22	21888	6
22	21889	4
22	21890	4
22	21891	4
22	21892	4
22	21893	4
22	21894	4
22	21895	4
22	21896	4
22	21897	4
22	21898	4
22	21899	4
22	21900	4
22	21901	4
22	21902	4
22	21903	4
22	21904	4
22	21905	5
22	21906	5
22	21907	5
22	21908	5
22	21909	5
22	21910	5
22	21911	5
22	21912	5
22	21913	5
22	21914	5
22	21915	5
22	21916	5
22	21917	5
22	21918	5
22	21919	5
22	21920	5
22	21921	5
22	21922	5
22	21923	5
22	21924	5
22	21925	5
22	21926	5
22	21927	5
22	21928	5
22	21929	5
22	21930	5
22	21931	5
22	21932	5
22	21933	5
22	21934	5
22	21935	5
22	21936	5
22	21937	5
22	21938	5
22	21939	4
22	21940	4
22	21941	4
22	21942	4
22	21943	4
22	21944	4
22	21945	4
22	21946	4
22	21947	4
22	21948	4
22	21949	4
22	21950	4
22	21951	4
22	21952	4
22	21953	4
22	21954	4
22	21955	4
22	21956	4
22	21957	4
22	21958	4
22	21959	4
22	21960	4
22	21961	4
22	21962	4
22	21963	4
22	21964	5
22	21965	5
22	21966	5
22	21967	5
22	21968	5
22	21969	5
22	21970	5
22	21971	5
22	21972	5
22	21973	5
22	21974	5
22	21975	5
22	21976	4
22	21977	4
22	21978	5
22	21979	5
22	21980	5
22	21981	5
22	21982	5
22	21983	5
22	21984	5
22	21985	5
22	21986	5
22	21987	5
22	21988	5
22	21989	5
22	21990	5
22	21991	4
22	21992	4
22	21993	4
22	21994	4
22	21995	4
22	21996	4
22	21997	4
22	21998	4
22	21999	5
22	22000	5
22	22001	5
22	22002	5
22	22003	5
22	22004	5
22	22005	5
22	22006	5
22	22007	5
22	22008	5
22	22009	5
22	22010	5
22	22011	5
22	22012	5
22	22013	5
22	22014	5
22	22015	5
22	22016	5
22	22017	5
22	22018	5
22	22019	5
22	22020	5
22	22021	5
22	22022	5
22	22023	5
22	22024	5
22	22025	5
22	22026	5
22	22027	5
22	22028	5
22	22029	5
22	22030	5
22	22031	5
22	22032	5
22	22033	5
22	22034	4
22	22035	4
22	22036	4
22	22037	4
22	22038	4
22	22039	4
22	22040	4
22	22041	4
22	22042	4
22	22043	4
22	22044	4
22	22045	4
22	22046	4
22	22047	4
22	22048	4
22	22049	4
22	22050	4
22	22051	4
22	22052	4
22	22053	4
22	22054	4
22	22055	3
22	22056	3
22	22057	3
22	22058	3
22	22059	3
22	22060	3
22	22061	3
22	22062	3
22	22063	3
22	22064	3
22	22065	3
22	22066	3
22	22067	3
22	22068	3
22	22069	3
22	22070	3
22	22071	3
22	22072	3
22	22073	3
22	22074	3
22	22075	3
22	22076	3
22	22077	3
22	22078	3
22	22079	3
22	22080	3
22	22081	3
22	22082	3
22	22083	3
22	22084	3
22	22085	3
22	22086	3
22	22087	3
22	22088	3
22	22089	4
22	22090	4
22	22091	4
22	22092	4
22	22093	4
22	22094	4
22	22095	4
22	22096	5
22	22097	5
22	22098	5
22	22099	5
22	22100	5
22	22101	5
22	22102	5
22	22103	5
22	22104	6
22	22105	6
22	22106	6
22	22107	5
22	22108	5
22	22109	5
22	22110	5
22	22111	5
22	22112	5
22	22113	5
22	22114	4
22	22115	4
22	22116	4
22	22117	4
22	22118	4
22	22119	4
22	22120	4
22	22121	4
22	22122	4
22	22123	5
22	22124	5
22	22125	5
22	22126	5
22	22127	5
22	22128	5
22	22129	5
22	22130	6
22	22131	6
22	22132	6
22	22133	6
22	22134	6
22	22135	6
22	22136	6
22	22137	6
22	22138	6
22	22139	6
22	22140	7
22	22141	7
22	22142	7
22	22143	7
22	22144	7
22	22145	7
22	22146	7
22	22147	7
22	22148	8
22	22149	7
22	22150	7
22	22151	7
22	22152	7
22	22153	7
22	22154	7
22	22155	7
22	22156	7
22	22157	7
22	22158	7
22	22159	7
22	22160	7
22	22161	7
22	22162	7
22	22163	7
22	22164	7
22	22165	7
22	22166	7
22	22167	7
22	22168	7
22	22169	7
22	22170	7
22	22171	7
22	22172	7
22	22173	7
22	22174	7
22	22175	7
22	22176	7
22	22177	7
22	22178	7
22	22179	7
22	22180	7
22	22181	7
22	22182	7
22	22183	7
22	22184	7
22	22185	7
22	22186	7
22	22187	7
22	22188	7
22	22189	7
22	22190	7
22	22191	7
22	22192	7
22	22193	7
22	22194	7
22	22195	8
22	22196	8
22	22197	8
22	22198	8
22	22199	8
22	22200	8
22	22201	9
22	22202	9
22	22203	9
22	22204	9
22	22205	9
22	22206	9
22	22207	9
22	22208	9
22	22209	9
22	22210	9
22	22211	9
22	22212	9
22	22213	9
22	22214	9
22	22215	9
22	22216	9
22	22217	9
22	22218	9
22	22219	9
22	22220	9
22	22221	9
22	22222	9
22	22223	9
22	22224	9
22	22225	9
22	22226	9
22	22227	9
22	22228	9
22	22229	9
22	22230	9
22	22231	9
22	22232	9
22	22233	9
22	22234	9
22	22235	9
22	22236	9
22	22237	9
22	22238	8
22	22239	8
22	22240	8
22	22241	8
22	22242	8
22	22243	8
22	22244	8
22	22245	8
22	22246	7
22	22247	7
22	22248	7
22	22249	7
22	22250	7
22	22251	7
22	22252	7
22	22253	7
22	22254	6
22	22255	6
22	22256	6
22	22257	6
22	22258	6
22	22259	6
22	22260	6
22	22261	6
22	22262	6
22	22263	6
22	22264	6
22	22265	6
22	22266	6
22	22267	6
22	22268	6
22	22269	6
22	22270	6
22	22271	6
22	22272	5
22	22273	5
22	22274	5
22	22275	5
22	22276	5
22	22277	5
22	22278	5
22	22279	5
22	22280	4
22	22281	4
22	22282	4
22	22283	4
22	22284	4
22	22285	4
22	22286	4
22	22287	6
22	22288	5
22	22289	5
22	22290	5
22	22291	5
22	22292	5
22	22293	5
22	22294	5
22	22295	5
22	22296	5
22	22297	5
22	22298	4
22	22299	4
22	22300	4
22	22301	4
22	22302	4
22	22303	4
22	22304	4
22	22305	4
22	22306	4
22	22307	4
22	22308	4
22	22309	4
22	22310	4
22	22311	4
22	22312	4
22	22313	3
22	22314	3
22	22315	3
22	22316	4
22	22317	4
22	22318	4
22	22319	4
22	22320	4
22	22321	4
22	22322	5
22	22323	5
22	22324	5
22	22325	5
22	22326	6
22	22327	6
22	22328	6
22	22329	6
22	22330	6
22	22331	6
22	22332	6
22	22333	6
22	22334	7
22	22335	7
22	22336	9
22	22337	9
22	22338	9
22	22339	9
22	22340	9
22	22341	9
22	22342	9
22	22343	9
22	22344	9
22	22345	8
22	22346	8
22	22347	8
22	22348	8
22	22349	8
22	22350	7
22	22351	7
22	22352	7
22	22353	7
22	22354	8
22	22355	8
22	22356	8
22	22357	8
22	22358	8
22	22359	8
22	22360	8
22	22361	8
22	22362	8
22	22363	8
22	22364	8
22	22365	8
22	22366	8
22	22367	8
22	22368	8
22	22369	8
22	22370	8
22	22371	8
22	22372	8
22	22373	8
22	22374	8
22	22375	8
22	22376	8
22	22377	8
22	22378	8
22	22379	8
22	22380	8
22	22381	8
22	22382	8
22	22383	8
22	22384	8
22	22385	8
22	22386	8
22	22387	8
22	22388	8
22	22389	8
22	22390	8
22	22391	8
22	22392	8
22	22393	8
22	22394	8
22	22395	8
22	22396	8
22	22397	8
22	22398	9
22	22399	9
22	22400	9
22	22401	11
22	22402	11
22	22403	11
22	22404	11
22	22405	11
22	22406	11
22	22407	11
22	22408	11
22	22409	11
22	22410	11
22	22411	11
22	22412	11
22	22413	12
22	22414	12
22	22415	12
22	22416	12
22	22417	12
22	22418	12
22	22419	12
22	22420	12
22	22421	12
22	22422	12
22	22423	12
22	22424	12
22	22425	12
22	22426	12
22	22427	12
22	22428	12
22	22429	12
22	22430	12
22	22431	12
22	22432	12
22	22433	12
22	22434	12
22	22435	12
22	22436	12
22	22437	12
22	22438	12
22	22439	12
22	22440	12
22	22441	12
22	22442	12
22	22443	12
22	22444	13
22	22445	13
22	22446	13
22	22447	13
22	22448	13
22	22449	13
22	22450	13
22	22451	13
22	22452	14
22	22453	14
22	22454	14
22	22455	14
22	22456	14
22	22457	14
22	22458	14
22	22459	14
22	22460	14
22	22461	14
22	22462	14
22	22463	14
22	22464	14
22	22465	13
22	22466	13
22	22467	13
22	22468	13
22	22469	13
22	22470	13
22	22471	13
22	22472	12
22	22473	12
22	22474	12
22	22475	11
22	22476	11
22	22477	11
22	22478	11
22	22479	11
22	22480	11
22	22481	11
22	22482	12
22	22483	12
22	22484	11
22	22485	12
22	22486	10
22	22487	10
22	22488	10
22	22489	10
22	22490	10
22	22491	10
22	22492	10
22	22493	10
22	22494	10
22	22495	10
22	22496	10
22	22497	10
22	22498	10
22	22499	10
22	22500	10
22	22501	10
22	22502	10
22	22503	9
22	22504	9
22	22505	9
22	22506	9
22	22507	9
22	22508	9
22	22509	9
22	22510	9
22	22511	9
22	22512	9
22	22513	9
22	22514	9
22	22515	9
22	22516	9
22	22517	9
22	22518	9
22	22519	9
22	22520	9
22	22521	9
22	22522	9
22	22523	9
22	22524	9
22	22525	9
22	22526	9
22	22527	9
22	22528	9
22	22529	9
22	22530	9
22	22531	9
22	22532	9
22	22533	9
22	22534	10
22	22535	10
22	22536	10
22	22537	10
22	22538	10
22	22539	10
22	22540	10
22	22541	10
22	22542	10
22	22543	10
22	22544	10
22	22545	10
22	22546	10
22	22547	10
22	22548	9
22	22549	9
22	22550	7
22	22551	7
22	22552	7
22	22553	7
22	22554	7
22	22555	7
22	22556	7
22	22557	7
22	22558	7
22	22559	7
22	22560	7
22	22561	7
22	22562	6
22	22563	6
22	22564	6
22	22565	6
22	22566	7
22	22567	7
22	22568	7
22	22569	7
22	22570	7
22	22571	7
22	22572	7
22	22573	7
22	22574	9
22	22575	9
22	22576	9
22	22577	9
22	22578	9
22	22579	9
22	22580	9
22	22581	9
22	22582	8
22	22583	8
22	22584	8
22	22585	8
22	22586	7
22	22587	7
22	22588	7
22	22589	7
22	22590	7
22	22591	7
22	22592	7
22	22593	7
22	22594	6
22	22595	6
22	22596	6
22	22597	6
22	22598	6
22	22599	7
22	22600	8
22	22601	8
22	22602	8
22	22603	8
22	22604	8
22	22605	8
22	22606	8
22	22607	8
22	22608	8
22	22609	8
22	22610	8
22	22611	8
22	22612	8
22	22613	8
22	22614	8
22	22615	8
22	22616	8
22	22617	8
22	22618	8
22	22619	8
22	22620	8
22	22621	8
22	22622	8
22	22623	8
22	22624	8
22	22625	8
22	22626	8
22	22627	8
22	22628	8
22	22629	9
22	22630	9
22	22631	8
22	22632	8
22	22633	8
22	22634	8
22	22635	7
22	22636	7
22	22637	7
22	22638	7
22	22639	8
22	22640	8
22	22641	8
22	22642	8
22	22643	8
22	22644	8
22	22645	8
22	22646	8
22	22647	8
22	22648	8
22	22649	8
22	22650	9
22	22651	9
22	22652	9
22	22653	9
22	22654	9
22	22655	9
22	22656	10
22	22657	10
22	22658	10
22	22659	10
22	22660	10
22	22661	10
22	22662	10
22	22663	10
22	22664	10
22	22665	12
22	22666	12
22	22667	12
22	22668	12
22	22669	12
22	22670	12
22	22671	12
22	22672	12
22	22673	12
22	22674	12
22	22675	12
22	22676	12
22	22677	12
22	22678	12
22	22679	12
22	22680	12
22	22681	12
22	22682	12
22	22683	12
22	22684	12
22	22685	12
22	22686	12
22	22687	12
22	22688	12
22	22689	12
22	22690	12
22	22691	12
22	22692	12
22	22693	12
22	22694	12
22	22695	13
22	22696	14
22	22697	14
22	22698	14
22	22699	14
22	22700	14
22	22701	14
22	22702	14
22	22703	14
22	22704	14
22	22705	15
22	22706	15
22	22707	15
22	22708	15
22	22709	15
22	22710	15
22	22711	15
22	22712	15
22	22713	15
22	22714	15
22	22715	15
22	22716	14
22	22717	14
22	22718	14
22	22719	14
22	22720	14
22	22721	14
22	22722	14
22	22723	14
22	22724	12
22	22725	12
22	22726	12
22	22727	12
22	22728	12
22	22729	12
22	22730	12
22	22731	12
22	22732	12
22	22733	12
22	22734	14
22	22735	15
22	22736	15
22	22737	15
22	22738	15
22	22739	15
22	22740	15
22	22741	15
22	22742	15
22	22743	15
22	22744	15
22	22745	15
22	22746	15
22	22747	15
22	22748	15
22	22749	13
22	22750	13
22	22751	13
22	22752	13
22	22753	13
22	22754	13
22	22755	13
22	22756	15
22	22757	15
22	22758	15
22	22759	15
22	22760	15
22	22761	16
22	22762	17
22	22763	17
22	22764	17
22	22765	17
22	22766	17
22	22767	17
22	22768	17
22	22769	17
22	22770	17
22	22771	17
22	22772	17
22	22773	17
22	22774	17
22	22775	17
22	22776	17
22	22777	17
22	22778	17
22	22779	16
22	22780	16
22	22781	16
22	22782	16
22	22783	16
22	22784	16
22	22785	16
22	22786	16
22	22787	16
22	22788	16
22	22789	15
22	22790	15
22	22791	15
22	22792	16
22	22793	17
22	22794	17
22	22795	17
22	22796	17
22	22797	17
22	22798	17
22	22799	17
22	22800	16
22	22801	16
22	22802	16
22	22803	16
22	22804	16
22	22805	15
22	22806	15
22	22807	15
22	22808	15
22	22809	15
22	22810	15
22	22811	16
22	22812	16
22	22813	16
22	22814	16
22	22815	14
22	22816	14
22	22817	14
22	22818	14
22	22819	15
22	22820	15
22	22821	15
22	22822	15
22	22823	17
22	22824	17
22	22825	17
22	22826	17
22	22827	17
22	22828	17
22	22829	17
22	22830	18
22	22831	17
22	22832	17
22	22833	18
22	22834	18
22	22835	18
22	22836	19
22	22837	19
22	22838	19
22	22839	19
22	22840	19
22	22841	19
22	22842	19
22	22843	19
22	22844	19
22	22845	18
22	22846	17
22	22847	17
22	22848	17
22	22849	17
22	22850	17
22	22851	17
22	22852	17
22	22853	17
22	22854	16
22	22855	16
22	22856	16
22	22857	16
22	22858	16
22	22859	16
22	22860	16
22	22861	16
22	22862	16
22	22863	16
22	22864	16
22	22865	16
22	22866	16
22	22867	16
22	22868	16
22	22869	16
22	22870	16
22	22871	16
22	22872	16
22	22873	16
22	22874	16
22	22875	16
22	22876	16
22	22877	16
22	22878	16
22	22879	16
22	22880	16
22	22881	17
22	22882	17
22	22883	14
22	22884	14
22	22885	14
22	22886	14
22	22887	14
22	22888	14
22	22889	14
22	22890	14
22	22891	14
22	22892	14
22	22893	14
22	22894	14
22	22895	15
22	22896	15
22	22897	15
22	22898	15
22	22899	15
22	22900	15
22	22901	15
22	22902	15
22	22903	15
22	22904	15
22	22905	14
22	22906	14
22	22907	14
22	22908	14
22	22909	14
22	22910	14
22	22911	13
22	22912	12
22	22913	12
22	22914	12
22	22915	12
22	22916	12
22	22917	12
22	22918	12
22	22919	12
22	22920	12
22	22921	12
22	22922	12
22	22923	12
22	22924	12
22	22925	12
22	22926	12
22	22927	12
22	22928	12
22	22929	12
22	22930	12
22	22931	12
22	22932	12
22	22933	12
22	22934	12
22	22935	12
22	22936	12
22	22937	13
22	22938	13
22	22939	13
22	22940	13
22	22941	13
22	22942	12
22	22943	11
22	22944	11
22	22945	11
22	22946	11
22	22947	11
22	22948	11
22	22949	11
22	22950	11
22	22951	11
22	22952	11
22	22953	11
22	22954	11
22	22955	11
22	22956	12
22	22957	12
22	22958	12
22	22959	12
22	22960	13
22	22961	12
22	22962	12
22	22963	12
22	22964	12
22	22965	12
22	22966	12
22	22967	12
22	22968	12
22	22969	11
22	22970	11
22	22971	11
22	22972	11
22	22973	9
22	22974	9
22	22975	9
22	22976	9
22	22977	9
22	22978	9
22	22979	8
22	22980	8
22	22981	8
22	22982	8
22	22983	7
22	22984	7
22	22985	7
22	22986	6
22	22987	6
22	22988	6
22	22989	6
22	22990	6
22	22991	6
22	22992	6
22	22993	6
22	22994	6
22	22995	6
22	22996	6
22	22997	6
22	22998	6
22	22999	6
22	23000	6
22	23001	6
22	23002	6
22	23003	6
22	23004	6
22	23005	6
22	23006	6
22	23007	6
22	23008	6
22	23009	6
22	23010	6
22	23011	6
22	23012	6
22	23013	6
22	23014	6
22	23015	6
22	23016	6
22	23017	6
22	23018	6
22	23019	6
22	23020	6
22	23021	6
22	23022	6
22	23023	6
22	23024	6
22	23025	6
22	23026	5
22	23027	5
22	23028	5
22	23029	5
22	23030	5
22	23031	4
22	23032	4
22	23033	4
22	23034	4
22	23035	4
22	23036	4
22	23037	4
22	23038	4
22	23039	4
22	23040	4
22	23041	4
22	23042	4
22	23043	4
22	23044	4
22	23045	3
22	23046	3
22	23047	3
22	23048	3
22	23049	3
22	23050	3
22	23051	3
22	23052	3
22	23053	3
22	23054	3
22	23055	3
22	23056	3
22	23057	3
22	23058	3
22	23059	3
22	23060	3
22	23061	3
22	23062	3
22	23063	3
22	23064	3
22	23065	3
22	23066	3
22	23067	3
22	23068	3
22	23069	3
22	23070	3
22	23071	3
22	23072	3
22	23073	3
22	23074	3
22	23075	3
22	23076	3
22	23077	3
22	23078	3
22	23079	3
22	23080	3
22	23081	3
22	23082	2
22	23083	2
22	23084	3
22	23085	3
22	23086	3
22	23087	3
22	23088	3
22	23089	3
22	23090	3
22	23091	3
22	23092	3
22	23093	3
22	23094	3
22	23095	3
22	23096	3
22	23097	3
22	23098	3
22	23099	4
22	23100	2
22	23101	2
22	23102	2
22	23103	2
22	23104	2
22	23105	2
22	23106	2
22	23107	2
22	23108	2
22	23109	2
22	23110	2
22	23111	2
22	23112	2
22	23113	3
22	23114	3
22	23115	3
22	23116	3
22	23117	3
22	23118	3
22	23119	3
22	23120	3
22	23121	3
22	23122	3
22	23123	3
22	23124	3
22	23125	3
22	23126	3
22	23127	3
22	23128	3
22	23129	3
22	23130	3
22	23131	3
22	23132	3
22	23133	3
22	23134	3
22	23135	3
22	23136	3
22	23137	3
22	23138	3
22	23139	3
22	23140	3
22	23141	3
22	23142	3
22	23143	3
22	23144	3
22	23145	4
22	23146	4
22	23147	4
22	23148	4
22	23149	4
22	23150	4
22	23151	4
22	23152	4
22	23153	4
22	23154	4
22	23155	4
22	23156	5
22	23157	5
22	23158	5
22	23159	5
22	23160	5
22	23161	5
22	23162	5
22	23163	5
22	23164	5
22	23165	5
22	23166	5
22	23167	5
22	23168	5
22	23169	5
22	23170	5
22	23171	5
22	23172	5
22	23173	5
22	23174	5
22	23175	5
22	23176	5
22	23177	5
22	23178	5
22	23179	5
22	23180	5
22	23181	5
22	23182	5
22	23183	5
22	23184	5
22	23185	5
22	23186	5
22	23187	5
22	23188	5
22	23189	5
22	23190	5
22	23191	5
22	23192	5
22	23193	6
22	23194	6
22	23195	6
22	23196	6
22	23197	6
22	23198	6
22	23199	6
22	23200	6
22	23201	6
22	23202	6
22	23203	6
22	23204	6
22	23205	6
22	23206	6
22	23207	6
22	23208	6
22	23209	6
22	23210	6
22	23211	6
22	23212	6
22	23213	6
22	23214	6
22	23215	6
22	23216	6
22	23217	6
22	23218	6
22	23219	6
22	23220	6
22	23221	6
22	23222	6
22	23223	6
22	23224	6
22	23225	6
22	23226	6
22	23227	6
22	23228	6
22	23229	6
22	23230	6
22	23231	6
22	23232	6
22	23233	5
22	23234	5
22	23235	5
22	23236	6
22	23237	6
22	23238	6
22	23239	6
22	23240	6
22	23241	6
22	23242	6
22	23243	6
22	23244	6
22	23245	6
22	23246	6
22	23247	5
22	23248	5
22	23249	5
22	23250	5
22	23251	5
22	23252	5
22	23253	5
22	23254	5
22	23255	5
22	23256	5
22	23257	5
22	23258	5
22	23259	5
22	23260	5
22	23261	5
22	23262	4
22	23263	4
22	23264	4
22	23265	4
22	23266	4
22	23267	4
22	23268	4
22	23269	4
22	23270	4
22	23271	4
22	23272	4
22	23273	4
22	23274	4
22	23275	4
22	23276	4
22	23277	4
22	23278	4
22	23279	4
22	23280	4
22	23281	4
22	23282	4
22	23283	4
22	23284	4
22	23285	4
22	23286	4
22	23287	4
22	23288	4
22	23289	4
22	23290	4
22	23291	4
22	23292	4
22	23293	4
22	23294	4
22	23295	3
22	23296	3
22	23297	3
22	23298	3
22	23299	4
22	23300	4
22	23301	4
22	23302	4
22	23303	4
22	23304	4
22	23305	4
22	23306	3
22	23307	3
22	23308	3
22	23309	3
22	23310	3
22	23311	3
22	23312	3
22	23313	3
22	23314	3
22	23315	3
22	23316	3
22	23317	3
22	23318	3
22	23319	3
22	23320	3
22	23321	4
22	23322	4
22	23323	4
22	23324	4
22	23325	5
22	23326	5
22	23327	5
22	23328	5
22	23329	5
22	23330	5
22	23331	5
22	23332	5
22	23333	5
22	23334	5
22	23335	5
22	23336	6
22	23337	6
22	23338	6
22	23339	6
22	23340	6
22	23341	6
22	23342	6
22	23343	5
22	23344	5
22	23345	5
22	23346	5
22	23347	5
22	23348	5
22	23349	5
22	23350	5
22	23351	5
22	23352	5
22	23353	5
22	23354	5
22	23355	5
22	23356	6
22	23357	6
22	23358	7
22	23359	7
22	23360	7
22	23361	7
22	23362	7
22	23363	7
22	23364	7
22	23365	7
22	23366	7
22	23367	7
22	23368	7
22	23369	7
22	23370	7
22	23371	7
22	23372	7
22	23373	7
22	23374	7
22	23375	7
22	23376	7
22	23377	7
22	23378	7
22	23379	7
22	23380	9
22	23381	10
22	23382	10
22	23383	10
22	23384	11
22	23385	11
22	23386	10
22	23387	10
22	23388	10
22	23389	10
22	23390	10
22	23391	10
22	23392	10
22	23393	10
22	23394	10
22	23395	10
22	23396	10
22	23397	10
22	23398	10
22	23399	10
22	23400	10
22	23401	10
22	23402	10
22	23403	10
22	23404	10
22	23405	10
22	23406	10
22	23407	10
22	23408	10
22	23409	10
22	23410	10
22	23411	10
22	23412	10
22	23413	10
22	23414	10
22	23415	10
22	23416	10
22	23417	10
22	23418	10
22	23419	10
22	23420	10
22	23421	10
22	23422	10
22	23423	10
22	23424	10
22	23425	10
22	23426	10
22	23427	10
22	23428	10
22	23429	10
22	23430	10
22	23431	10
22	23432	10
22	23433	10
22	23434	10
22	23435	10
22	23436	10
22	23437	10
22	23438	10
22	23439	10
22	23440	10
22	23441	10
22	23442	10
22	23443	10
22	23444	10
22	23445	10
22	23446	10
22	23447	10
22	23448	13
22	23449	12
22	23450	13
22	23451	13
22	23452	13
22	23453	13
22	23454	13
22	23455	14
22	23456	15
22	23457	15
22	23458	15
22	23459	15
22	23460	15
22	23461	15
22	23462	15
22	23463	15
22	23464	15
22	23465	15
22	23466	15
22	23467	15
22	23468	15
22	23469	15
22	23470	14
22	23471	14
22	23472	14
22	23473	14
22	23474	13
22	23475	13
22	23476	13
22	23477	13
22	23478	13
22	23479	13
22	23480	13
22	23481	13
22	23482	13
22	23483	13
22	23484	13
22	23485	12
22	23486	13
22	23487	13
22	23488	13
22	23489	13
22	23490	13
22	23491	13
22	23492	13
22	23493	13
22	23494	13
22	23495	13
22	23496	13
22	23497	13
22	23498	13
22	23499	13
22	23500	13
22	23501	13
22	23502	13
22	23503	13
22	23504	13
22	23505	13
22	23506	12
22	23507	11
22	23508	11
22	23509	11
22	23510	12
22	23511	13
22	23512	13
22	23513	13
22	23514	13
22	23515	13
22	23516	13
22	23517	15
22	23518	15
22	23519	16
22	23520	16
22	23521	16
22	23522	16
22	23523	16
22	23524	16
22	23525	16
22	23526	16
22	23527	16
22	23528	16
22	23529	15
22	23530	16
22	23531	18
22	23532	18
22	23533	18
22	23534	17
22	23535	18
22	23536	19
22	23537	19
22	23538	19
22	23539	19
22	23540	20
22	23541	20
22	23542	20
22	23543	20
22	23544	20
22	23545	20
22	23546	20
22	23547	23
22	23548	23
22	23549	23
22	23550	23
22	23551	23
22	23552	23
22	23553	24
22	23554	24
22	23555	24
22	23556	24
22	23557	24
22	23558	24
22	23559	24
22	23560	24
22	23561	24
22	23562	24
22	23563	24
22	23564	24
22	23565	24
22	23566	24
22	23567	24
22	23568	24
22	23569	24
22	23570	24
22	23571	24
22	23572	24
22	23573	24
22	23574	24
22	23575	24
22	23576	24
22	23577	24
22	23578	24
22	23579	24
22	23580	24
22	23581	24
22	23582	24
22	23583	24
22	23584	24
22	23585	24
22	23586	24
22	23587	24
22	23588	24
22	23589	24
22	23590	24
22	23591	24
22	23592	24
22	23593	24
22	23594	24
22	23595	25
22	23596	25
22	23597	22
22	23598	22
22	23599	22
22	23600	21
22	23601	21
22	23602	21
22	23603	20
22	23604	19
22	23605	19
22	23606	19
22	23607	19
22	23608	19
22	23609	19
22	23610	19
22	23611	19
22	23612	19
22	23613	19
22	23614	19
22	23615	19
22	23616	19
22	23617	19
22	23618	19
22	23619	19
22	23620	19
22	23621	19
22	23622	19
22	23623	19
22	23624	19
22	23625	19
22	23626	19
22	23627	19
22	23628	19
22	23629	19
22	23630	19
22	23631	19
22	23632	20
22	23633	20
22	23634	20
22	23635	20
22	23636	19
22	23637	19
22	23638	19
22	23639	19
22	23640	19
22	23641	19
22	23642	19
22	23643	19
22	23644	19
22	23645	19
22	23646	20
22	23647	21
22	23648	21
22	23649	21
22	23650	21
22	23651	21
22	23652	21
22	23653	21
22	23654	21
22	23655	21
22	23656	21
22	23657	21
22	23658	22
22	23659	22
22	23660	21
22	23661	20
22	23662	20
22	23663	20
22	23664	20
22	23665	20
22	23666	22
22	23667	20
22	23668	20
22	23669	19
22	23670	19
22	23671	19
22	23672	19
22	23673	19
22	23674	19
22	23675	19
22	23676	20
22	23677	22
22	23678	22
22	23679	18
22	23680	18
22	23681	17
22	23682	17
22	23683	17
22	23684	17
22	23685	16
22	23686	15
22	23687	15
22	23688	15
22	23689	15
22	23690	15
22	23691	15
22	23692	15
22	23693	15
22	23694	15
22	23695	15
22	23696	15
22	23697	12
22	23698	12
22	23699	13
22	23700	13
22	23701	13
22	23702	13
22	23703	12
22	23704	12
22	23705	12
22	23706	12
22	23707	12
22	23708	12
22	23709	12
22	23710	12
22	23711	12
22	23712	12
22	23713	12
22	23714	12
22	23715	12
22	23716	12
22	23717	12
22	23718	12
22	23719	12
22	23720	12
22	23721	12
22	23722	13
22	23723	13
22	23724	13
22	23725	13
22	23726	14
22	23727	14
22	23728	14
22	23729	14
22	23730	14
22	23731	14
22	23732	14
22	23733	14
22	23734	15
22	23735	17
22	23736	17
22	23737	17
22	23738	17
22	23739	17
22	23740	17
22	23741	17
22	23742	17
22	23743	17
22	23744	16
22	23745	16
22	23746	16
22	23747	16
22	23748	16
22	23749	16
22	23750	16
22	23751	16
22	23752	17
22	23753	17
22	23754	17
22	23755	17
22	23756	17
22	23757	17
22	23758	17
22	23759	17
22	23760	17
22	23761	17
22	23762	17
22	23763	17
22	23764	17
22	23765	17
22	23766	17
22	23767	18
22	23768	18
22	23769	18
22	23770	18
22	23771	18
22	23772	18
22	23773	18
22	23774	18
22	23775	18
22	23776	18
22	23777	18
22	23778	18
22	23779	18
22	23780	18
22	23781	18
22	23782	17
22	23783	17
22	23784	17
22	23785	17
22	23786	17
22	23787	17
22	23788	17
22	23789	17
22	23790	17
22	23791	17
22	23792	17
22	23793	17
22	23794	17
22	23795	17
22	23796	16
22	23797	15
22	23798	15
22	23799	15
22	23800	15
22	23801	15
22	23802	15
22	23803	15
22	23804	15
22	23805	15
22	23806	15
22	23807	14
22	23808	14
22	23809	14
22	23810	14
22	23811	14
22	23812	14
22	23813	14
22	23814	14
22	23815	14
22	23816	12
22	23817	12
22	23818	12
22	23819	12
22	23820	12
22	23821	12
22	23822	12
22	23823	12
22	23824	12
22	23825	11
22	23826	9
22	23827	9
22	23828	9
22	23829	9
22	23830	9
22	23831	9
22	23832	9
22	23833	9
22	23834	9
22	23835	8
22	23836	8
22	23837	8
22	23838	8
22	23839	8
22	23840	8
22	23841	8
22	23842	8
22	23843	8
22	23844	8
22	23845	8
22	23846	8
22	23847	8
22	23848	8
22	23849	7
22	23850	7
22	23851	8
22	23852	8
22	23853	8
22	23854	8
22	23855	8
22	23856	8
22	23857	8
22	23858	8
22	23859	8
22	23860	8
22	23861	8
22	23862	8
22	23863	8
22	23864	8
22	23865	8
22	23866	8
22	23867	8
22	23868	8
22	23869	8
22	23870	8
22	23871	8
22	23872	7
22	23873	7
22	23874	7
22	23875	8
22	23876	7
22	23877	7
22	23878	7
22	23879	7
22	23880	7
22	23881	7
22	23882	8
22	23883	8
22	23884	7
22	23885	5
22	23886	5
22	23887	5
22	23888	5
22	23889	5
22	23890	5
22	23891	5
22	23892	5
22	23893	5
22	23894	5
22	23895	5
22	23896	5
22	23897	5
22	23898	5
22	23899	5
22	23900	5
22	23901	5
22	23902	4
22	23903	4
22	23904	4
22	23905	4
22	23906	4
22	23907	4
22	23908	4
22	23909	4
22	23910	6
22	23911	6
22	23912	6
22	23913	6
22	23914	6
22	23915	5
22	23916	5
22	23917	5
22	23918	5
22	23919	5
22	23920	5
22	23921	5
22	23922	5
22	23923	5
22	23924	5
22	23925	5
22	23926	5
22	23927	5
22	23928	5
22	23929	5
22	23930	5
22	23931	5
22	23932	5
22	23933	5
22	23934	5
22	23935	5
22	23936	5
22	23937	5
22	23938	5
22	23939	6
22	23940	6
22	23941	6
22	23942	6
22	23943	6
22	23944	6
22	23945	6
22	23946	6
22	23947	6
22	23948	6
22	23949	6
22	23950	6
22	23951	6
22	23952	6
22	23953	6
22	23954	7
22	23955	7
22	23956	7
22	23957	7
22	23958	7
22	23959	7
22	23960	7
22	23961	7
22	23962	7
22	23963	7
22	23964	7
22	23965	7
22	23966	7
22	23967	7
22	23968	7
22	23969	7
22	23970	7
22	23971	7
22	23972	7
22	23973	7
22	23974	7
22	23975	7
22	23976	7
22	23977	7
22	23978	7
22	23979	7
22	23980	7
22	23981	7
22	23982	7
22	23983	7
22	23984	7
22	23985	7
22	23986	7
22	23987	7
22	23988	7
22	23989	7
22	23990	7
22	23991	7
22	23992	7
22	23993	7
22	23994	7
22	23995	7
22	23996	7
22	23997	7
22	23998	7
22	23999	7
22	24000	6
22	24001	6
22	24002	6
22	24003	6
22	24004	6
22	24005	6
22	24006	6
22	24007	6
22	24008	6
22	24009	6
22	24010	6
22	24011	6
22	24012	6
22	24013	6
22	24014	6
22	24015	6
22	24016	7
22	24017	7
22	24018	7
22	24019	7
22	24020	7
22	24021	7
22	24022	7
22	24023	7
22	24024	7
22	24025	6
22	24026	6
22	24027	6
22	24028	6
22	24029	6
22	24030	6
22	24031	6
22	24032	6
22	24033	6
22	24034	6
22	24035	6
22	24036	6
22	24037	6
22	24038	6
22	24039	6
22	24040	6
22	24041	6
22	24042	6
22	24043	6
22	24044	6
22	24045	6
22	24046	6
22	24047	6
22	24048	6
22	24049	6
22	24050	5
22	24051	5
22	24052	5
22	24053	5
22	24054	6
22	24055	6
22	24056	6
22	24057	6
22	24058	4
22	24059	4
22	24060	4
22	24061	4
22	24062	4
22	24063	4
22	24064	4
22	24065	4
22	24066	4
22	24067	4
22	24068	4
22	24069	4
22	24070	4
22	24071	4
22	24072	4
22	24073	4
22	24074	4
22	24075	4
22	24076	4
22	24077	4
22	24078	4
22	24079	4
22	24080	4
22	24081	4
22	24082	4
22	24083	4
22	24084	4
22	24085	4
22	24086	4
22	24087	4
22	24088	4
22	24089	3
22	24090	3
22	24091	3
22	24092	3
22	24093	3
22	24094	3
22	24095	3
22	24096	3
22	24097	3
22	24098	3
22	24099	3
22	24100	3
22	24101	3
22	24102	3
22	24103	2
22	24104	2
22	24105	2
22	24106	2
22	24107	3
22	24108	3
22	24109	3
22	24110	3
22	24111	3
22	24112	3
22	24113	3
22	24114	3
22	24115	3
22	24116	3
22	24117	3
22	24118	3
22	24119	3
22	24120	3
22	24121	3
22	24122	3
22	24123	3
22	24124	3
22	24125	3
22	24126	3
22	24127	3
22	24128	3
22	24129	3
22	24130	3
22	24131	3
22	24132	3
22	24133	3
22	24134	3
22	24135	3
22	24136	4
22	24137	4
22	24138	4
22	24139	4
22	24140	4
22	24141	4
22	24142	4
22	24143	4
22	24144	4
22	24145	4
22	24146	4
22	24147	4
22	24148	4
22	24149	4
22	24150	4
22	24151	4
22	24152	4
22	24153	4
22	24154	4
22	24155	5
22	24156	5
22	24157	5
22	24158	5
22	24159	5
22	24160	5
22	24161	5
22	24162	5
22	24163	5
22	24164	4
22	24165	4
22	24166	4
22	24167	4
22	24168	4
22	24169	4
22	24170	4
22	24171	4
22	24172	4
22	24173	4
22	24174	4
22	24175	4
22	24176	4
22	24177	4
22	24178	4
22	24179	5
22	24180	5
22	24181	5
22	24182	5
22	24183	5
22	24184	5
22	24185	5
22	24186	5
22	24187	5
22	24188	5
22	24189	5
22	24190	5
22	24191	5
22	24192	5
22	24193	5
22	24194	5
22	24195	5
22	24196	5
22	24197	5
22	24198	5
22	24199	5
22	24200	5
22	24201	5
22	24202	4
22	24203	5
22	24204	5
22	24205	5
22	24206	5
22	24207	5
22	24208	5
22	24209	5
22	24210	5
22	24211	5
22	24212	5
22	24213	5
22	24214	5
22	24215	5
22	24216	5
22	24217	5
22	24218	5
22	24219	5
22	24220	5
22	24221	5
22	24222	5
22	24223	5
22	24224	5
22	24225	5
22	24226	5
22	24227	5
22	24228	5
22	24229	5
22	24230	5
22	24231	5
22	24232	5
22	24233	5
22	24234	5
22	24235	5
22	24236	5
22	24237	5
22	24238	5
22	24239	5
22	24240	5
22	24241	5
22	24242	5
22	24243	7
22	24244	7
22	24245	8
22	24246	8
22	24247	8
22	24248	8
22	24249	8
22	24250	8
22	24251	8
22	24252	8
22	24253	8
22	24254	8
22	24255	8
22	24256	8
22	24257	7
22	24258	7
22	24259	7
22	24260	8
22	24261	8
22	24262	8
22	24263	8
22	24264	8
22	24265	8
22	24266	8
22	24267	8
22	24268	8
22	24269	8
22	24270	8
22	24271	8
22	24272	8
22	24273	8
22	24274	8
22	24275	8
22	24276	8
22	24277	9
22	24278	9
22	24279	9
22	24280	9
22	24281	9
22	24282	9
22	24283	9
22	24284	9
22	24285	9
22	24286	8
22	24287	8
22	24288	8
22	24289	8
22	24290	8
22	24291	8
22	24292	8
22	24293	8
22	24294	8
22	24295	8
22	24296	8
22	24297	8
22	24298	8
22	24299	8
22	24300	8
22	24301	8
22	24302	8
22	24303	8
22	24304	7
22	24305	7
22	24306	7
22	24307	7
22	24308	7
22	24309	7
22	24310	7
22	24311	7
22	24312	7
22	24313	7
22	24314	7
22	24315	7
22	24316	7
22	24317	7
22	24318	8
22	24319	8
22	24320	8
22	24321	8
22	24322	8
22	24323	8
22	24324	8
22	24325	8
22	24326	8
22	24327	8
22	24328	8
22	24329	8
22	24330	8
22	24331	8
22	24332	8
22	24333	8
22	24334	8
22	24335	8
22	24336	8
22	24337	8
22	24338	8
22	24339	8
22	24340	8
22	24341	8
22	24342	8
22	24343	8
22	24344	8
22	24345	8
22	24346	8
22	24347	8
22	24348	8
22	24349	8
22	24350	8
22	24351	8
22	24352	7
22	24353	7
22	24354	7
22	24355	7
22	24356	7
22	24357	6
22	24358	6
22	24359	6
22	24360	6
22	24361	6
22	24362	6
22	24363	6
22	24364	6
22	24365	6
22	24366	6
22	24367	6
22	24368	6
22	24369	6
22	24370	7
22	24371	7
22	24372	7
22	24373	7
22	24374	7
22	24375	7
22	24376	7
22	24377	7
22	24378	7
22	24379	7
22	24380	7
22	24381	8
22	24382	8
22	24383	8
22	24384	9
22	24385	9
22	24386	9
22	24387	9
22	24388	9
22	24389	9
22	24390	9
22	24391	9
22	24392	9
22	24393	7
22	24394	7
22	24395	6
22	24396	6
22	24397	6
22	24398	6
22	24399	6
22	24400	6
22	24401	6
22	24402	6
22	24403	6
22	24404	6
22	24405	6
22	24406	6
22	24407	6
22	24408	6
22	24409	6
22	24410	5
22	24411	5
22	24412	5
22	24413	5
22	24414	5
22	24415	5
22	24416	6
22	24417	6
22	24418	6
22	24419	6
22	24420	6
22	24421	6
22	24422	6
22	24423	6
22	24424	6
22	24425	6
22	24426	5
22	24427	5
22	24428	5
22	24429	5
22	24430	5
22	24431	5
22	24432	5
22	24433	5
22	24434	5
22	24435	5
22	24436	5
22	24437	5
22	24438	5
22	24439	5
22	24440	5
22	24441	5
22	24442	4
22	24443	4
22	24444	4
22	24445	4
22	24446	4
22	24447	4
22	24448	4
22	24449	4
22	24450	4
22	24451	4
22	24452	5
22	24453	5
22	24454	5
22	24455	5
22	24456	5
22	24457	5
22	24458	5
22	24459	5
22	24460	7
22	24461	7
22	24462	7
22	24463	7
22	24464	7
22	24465	7
22	24466	7
22	24467	7
22	24468	7
22	24469	7
22	24470	7
22	24471	7
22	24472	7
22	24473	7
22	24474	7
22	24475	7
22	24476	7
22	24477	7
22	24478	7
22	24479	7
22	24480	7
22	24481	7
22	24482	7
22	24483	7
22	24484	7
22	24485	7
22	24486	7
22	24487	7
22	24488	7
22	24489	7
22	24490	7
22	24491	7
22	24492	7
22	24493	7
22	24494	7
22	24495	7
22	24496	7
22	24497	7
22	24498	7
22	24499	8
22	24500	8
22	24501	8
22	24502	8
22	24503	8
22	24504	8
22	24505	8
22	24506	8
22	24507	8
22	24508	8
22	24509	8
22	24510	8
22	24511	8
22	24512	8
22	24513	8
22	24514	7
22	24515	7
22	24516	7
22	24517	7
22	24518	7
22	24519	7
22	24520	7
22	24521	7
22	24522	7
22	24523	7
22	24524	7
22	24525	6
22	24526	6
22	24527	6
22	24528	5
22	24529	5
22	24530	5
22	24531	5
22	24532	5
22	24533	5
22	24534	5
22	24535	5
22	24536	5
22	24537	5
22	24538	5
22	24539	6
22	24540	6
22	24541	6
22	24542	6
22	24543	6
22	24544	6
22	24545	6
22	24546	6
22	24547	6
22	24548	7
22	24549	7
22	24550	7
22	24551	7
22	24552	7
22	24553	7
22	24554	7
22	24555	7
22	24556	9
22	24557	9
22	24558	9
22	24559	8
22	24560	8
22	24561	8
22	24562	11
22	24563	11
22	24564	12
22	24565	12
22	24566	12
22	24567	12
22	24568	12
22	24569	12
22	24570	13
22	24571	13
22	24572	13
22	24573	13
22	24574	13
22	24575	13
22	24576	13
22	24577	13
22	24578	14
22	24579	14
22	24580	14
22	24581	14
22	24582	14
22	24583	14
22	24584	14
22	24585	14
22	24586	14
22	24587	14
22	24588	14
22	24589	14
22	24590	14
22	24591	14
22	24592	14
22	24593	15
22	24594	15
22	24595	15
22	24596	15
22	24597	15
22	24598	15
22	24599	15
22	24600	15
22	24601	15
22	24602	14
22	24603	14
22	24604	14
22	24605	14
22	24606	14
22	24607	14
22	24608	12
22	24609	12
22	24610	12
22	24611	12
22	24612	12
22	24613	12
22	24614	12
22	24615	12
22	24616	12
22	24617	12
22	24618	12
22	24619	12
22	24620	12
22	24621	12
22	24622	12
22	24623	12
22	24624	12
22	24625	12
22	24626	12
22	24627	12
22	24628	12
22	24629	12
22	24630	12
22	24631	12
22	24632	12
22	24633	12
22	24634	12
22	24635	12
22	24636	12
22	24637	12
22	24638	12
22	24639	12
22	24640	12
22	24641	12
22	24642	12
22	24643	12
22	24644	12
22	24645	13
22	24646	13
22	24647	13
22	24648	13
22	24649	12
22	24650	12
22	24651	12
22	24652	12
22	24653	12
22	24654	12
22	24655	12
22	24656	12
22	24657	12
22	24658	12
22	24659	12
22	24660	12
22	24661	12
22	24662	12
22	24663	12
22	24664	12
22	24665	12
22	24666	12
22	24667	12
22	24668	12
22	24669	12
22	24670	12
22	24671	12
22	24672	12
22	24673	12
22	24674	12
22	24675	12
22	24676	12
22	24677	12
22	24678	12
22	24679	12
22	24680	12
22	24681	12
22	24682	13
22	24683	14
22	24684	14
22	24685	14
22	24686	14
22	24687	15
22	24688	15
22	24689	14
22	24690	14
22	24691	14
22	24692	14
22	24693	14
22	24694	14
22	24695	14
22	24696	14
22	24697	14
22	24698	13
22	24699	13
22	24700	13
22	24701	13
22	24702	13
22	24703	13
22	24704	13
22	24705	12
22	24706	11
22	24707	12
22	24708	12
22	24709	12
22	24710	12
22	24711	9
22	24712	9
22	24713	8
22	24714	8
22	24715	8
22	24716	8
22	24717	8
22	24718	8
22	24719	9
22	24720	8
22	24721	8
22	24722	8
22	24723	8
22	24724	8
22	24725	8
22	24726	8
22	24727	8
22	24728	7
22	24729	7
22	24730	7
22	24731	7
22	24732	7
22	24733	7
22	24734	7
22	24735	7
22	24736	7
22	24737	7
22	24738	7
22	24739	7
22	24740	7
22	24741	7
22	24742	7
22	24743	6
22	24744	6
22	24745	6
22	24746	6
22	24747	6
22	24748	6
22	24749	6
22	24750	6
22	24751	6
22	24752	6
22	24753	6
22	24754	6
22	24755	6
22	24756	6
22	24757	6
22	24758	6
22	24759	6
22	24760	6
22	24761	6
22	24762	6
22	24763	6
22	24764	6
22	24765	6
22	24766	6
22	24767	6
22	24768	7
22	24769	7
22	24770	7
22	24771	7
22	24772	7
22	24773	7
22	24774	7
22	24775	7
22	24776	7
22	24777	7
22	24778	8
22	24779	8
22	24780	8
22	24781	8
22	24782	8
22	24783	8
22	24784	8
22	24785	8
22	24786	8
22	24787	8
22	24788	8
22	24789	8
22	24790	8
22	24791	8
22	24792	8
22	24793	8
22	24794	8
22	24795	7
22	24796	7
22	24797	7
22	24798	7
22	24799	7
22	24800	7
22	24801	7
22	24802	7
22	24803	7
22	24804	8
22	24805	8
22	24806	8
22	24807	8
22	24808	8
22	24809	8
22	24810	8
22	24811	8
22	24812	8
22	24813	8
22	24814	8
22	24815	8
22	24816	8
22	24817	8
22	24818	8
22	24819	8
22	24820	8
22	24821	8
22	24822	8
22	24823	9
22	24824	9
22	24825	9
22	24826	9
22	24827	9
22	24828	9
22	24829	9
22	24830	9
22	24831	8
22	24832	7
22	24833	7
22	24834	7
22	24835	7
22	24836	7
22	24837	6
22	24838	6
22	24839	6
22	24840	6
22	24841	6
22	24842	6
22	24843	6
22	24844	6
22	24845	6
22	24846	6
22	24847	6
22	24848	6
22	24849	6
22	24850	6
22	24851	6
22	24852	6
22	24853	6
22	24854	6
22	24855	6
22	24856	6
22	24857	5
22	24858	5
22	24859	5
22	24860	5
22	24861	5
22	24862	5
22	24863	5
22	24864	5
22	24865	5
22	24866	5
22	24867	5
22	24868	5
22	24869	4
22	24870	4
22	24871	4
22	24872	4
22	24873	4
22	24874	4
22	24875	4
22	24876	4
22	24877	4
22	24878	4
22	24879	4
22	24880	4
22	24881	4
22	24882	4
22	24883	4
22	24884	4
22	24885	4
22	24886	4
22	24887	4
22	24888	4
22	24889	4
22	24890	4
22	24891	4
22	24892	4
22	24893	4
22	24894	4
22	24895	4
22	24896	4
22	24897	4
22	24898	4
22	24899	4
22	24900	4
22	24901	4
22	24902	4
22	24903	4
22	24904	4
22	24905	4
22	24906	4
22	24907	5
22	24908	5
22	24909	5
22	24910	5
22	24911	5
22	24912	5
22	24913	5
22	24914	5
22	24915	5
22	24916	5
22	24917	4
22	24918	4
22	24919	4
22	24920	4
22	24921	4
22	24922	4
22	24923	4
22	24924	4
22	24925	4
22	24926	4
22	24927	3
22	24928	3
22	24929	3
22	24930	3
22	24931	3
22	24932	3
22	24933	3
22	24934	3
22	24935	3
22	24936	3
22	24937	3
22	24938	3
22	24939	3
22	24940	3
22	24941	3
22	24942	3
22	24943	3
22	24944	3
22	24945	3
22	24946	3
22	24947	3
22	24948	3
22	24949	3
22	24950	3
22	24951	3
22	24952	3
22	24953	3
22	24954	2
22	24955	2
22	24956	2
22	24957	2
22	24958	2
22	24959	2
22	24960	2
22	24961	2
22	24962	2
22	24963	2
22	24964	2
22	24965	2
22	24966	2
22	24967	2
22	24968	2
22	24969	2
22	24970	2
22	24971	1
22	24972	1
22	24973	2
22	24974	2
22	24975	2
22	24976	2
22	24977	2
22	24978	2
22	24979	2
22	24980	2
22	24981	2
22	24982	2
22	24983	2
22	24984	2
22	24985	2
22	24986	2
22	24987	2
22	24988	2
22	24989	2
22	24990	2
22	24991	2
22	24992	2
22	24993	2
22	24994	2
22	24995	2
22	24996	2
22	24997	2
22	24998	2
22	24999	2
22	25000	2
22	25001	2
22	25002	2
22	25003	2
22	25004	2
22	25005	2
22	25006	2
22	25007	2
22	25008	1
22	25009	1
22	25010	1
22	25011	1
22	25012	1
22	25013	1
22	25014	1
22	25015	1
22	25016	1
22	25017	1
22	25018	1
22	25019	1
22	25020	1
22	25021	1
22	25022	1
22	25023	1
22	25024	1
22	25025	1
22	25026	1
22	25027	1
22	25028	1
22	25029	1
22	25030	1
22	25031	1
22	25032	1
22	25033	1
22	25034	1
22	25035	1
22	25036	1
22	25037	1
22	25038	1
22	25039	1
22	25040	1
22	25041	1
22	25042	1
22	25043	1
22	25044	1
22	25045	1
22	25046	1
22	25047	1
22	25048	1
22	25049	1
22	25050	1
22	25051	1
22	25052	1
22	25053	1
22	25054	1
22	25055	1
22	25056	1
22	25062	1
22	25063	1
22	25064	1
22	25065	1
22	25066	1
22	25067	1
22	25068	1
22	25069	1
22	25070	1
22	25071	1
22	25072	1
22	25073	1
22	25074	1
22	25075	1
22	25076	1
22	25077	1
22	25078	1
22	25079	1
22	25080	1
22	25081	1
22	25082	1
22	25083	1
22	25084	1
22	25085	1
22	25086	1
22	25087	1
22	25088	1
22	25089	1
22	25090	1
22	25091	1
22	25092	1
22	25093	1
22	25094	1
22	25095	1
22	25096	1
22	25097	1
22	25098	1
22	25099	1
22	25100	1
22	25101	1
22	25102	1
22	25103	1
22	25104	1
22	25105	1
22	25106	1
22	25107	1
22	25108	2
22	25109	2
22	25110	2
22	25111	3
22	25112	3
22	25113	3
22	25114	3
22	25115	3
22	25116	3
22	25117	3
22	25118	3
22	25119	3
22	25120	3
22	25121	3
22	25122	3
22	25123	3
22	25124	3
22	25125	3
22	25126	3
22	25127	3
22	25128	3
22	25129	3
22	25130	3
22	25131	3
22	25132	3
22	25133	3
22	25134	3
22	25135	4
22	25136	4
22	25137	4
22	25138	4
22	25139	4
22	25140	4
22	25141	4
22	25142	4
22	25143	4
22	25144	4
22	25145	4
22	25146	4
22	25147	4
22	25148	4
22	25149	4
22	25150	4
22	25151	4
22	25152	5
22	25153	5
22	25154	5
22	25155	5
22	25156	5
22	25157	5
22	25158	5
22	25159	5
22	25160	5
22	25161	5
22	25162	5
22	25163	5
22	25164	5
22	25165	5
22	25166	5
22	25167	7
22	25168	7
22	25169	7
22	25170	7
22	25171	7
22	25172	7
22	25173	7
22	25174	7
22	25175	7
22	25176	7
22	25177	7
22	25178	7
22	25179	7
22	25180	7
22	25181	7
22	25182	7
22	25183	7
22	25184	7
22	25185	7
22	25186	8
22	25187	8
22	25188	8
22	25189	8
22	25190	8
22	25191	8
22	25192	8
22	25193	8
22	25194	8
22	25195	8
22	25196	8
22	25197	8
22	25198	8
22	25199	8
22	25200	8
22	25201	8
22	25202	8
22	25203	8
22	25204	8
22	25205	8
22	25206	8
22	25207	8
22	25208	8
22	25209	8
22	25210	8
22	25211	9
22	25212	9
22	25213	9
22	25214	9
22	25215	9
22	25216	9
22	25217	9
22	25218	9
22	25219	9
22	25220	9
22	25221	9
22	25222	9
22	25223	9
22	25224	9
22	25225	9
22	25226	9
22	25227	9
22	25228	9
22	25229	9
22	25230	9
22	25231	9
22	25232	9
22	25233	9
22	25234	9
22	25235	9
22	25236	9
22	25237	9
22	25238	9
22	25239	9
22	25240	9
22	25241	9
22	25242	9
22	25243	9
22	25244	9
22	25245	9
22	25246	9
22	25247	9
22	25248	9
22	25249	9
22	25250	9
22	25251	9
22	25252	9
22	25253	9
22	25254	9
22	25255	10
22	25256	10
22	25257	10
22	25258	9
22	25259	9
22	25260	9
22	25261	8
22	25262	8
22	25263	8
22	25264	8
22	25265	8
22	25266	8
22	25267	8
22	25268	8
22	25269	8
22	25270	8
22	25271	8
22	25272	8
22	25273	10
22	25274	10
22	25275	10
22	25276	10
22	25277	10
22	25278	10
22	25279	10
22	25280	10
22	25281	10
22	25282	10
22	25283	10
22	25284	10
22	25285	9
22	25286	9
22	25287	9
22	25288	9
22	25289	9
22	25290	9
22	25291	9
22	25292	9
22	25293	9
22	25294	9
22	25295	9
22	25296	9
22	25297	9
22	25298	9
22	25299	9
22	25300	9
22	25301	10
22	25302	10
22	25303	10
22	25304	10
22	25305	10
22	25306	10
22	25307	10
22	25308	10
22	25309	10
22	25310	10
22	25311	10
22	25312	10
22	25313	10
22	25314	10
22	25315	10
22	25316	9
22	25317	8
22	25318	8
22	25319	8
22	25320	8
22	25321	8
22	25322	8
22	25323	8
22	25324	8
22	25325	8
22	25326	8
22	25327	8
22	25328	8
22	25329	8
22	25330	8
22	25331	8
22	25332	8
22	25333	8
22	25334	8
22	25335	7
22	25336	7
22	25337	7
22	25338	7
22	25339	7
22	25340	7
22	25341	7
22	25342	7
22	25343	7
22	25344	6
22	25345	6
22	25346	6
22	25347	6
22	25348	6
22	25349	7
22	25350	7
22	25351	7
22	25352	7
22	25353	7
22	25354	7
22	25355	7
22	25356	7
22	25357	7
22	25358	7
22	25359	7
22	25360	7
22	25361	6
22	25362	6
22	25363	6
22	25364	6
22	25365	6
22	25366	7
22	25367	7
22	25368	7
22	25369	7
22	25370	7
22	25371	7
22	25372	7
22	25373	7
22	25374	7
22	25375	7
22	25376	7
22	25377	8
22	25378	8
22	25379	8
22	25380	8
22	25381	8
22	25382	8
22	25383	8
22	25384	8
22	25385	8
22	25386	8
22	25387	8
22	25388	8
22	25389	8
22	25390	8
22	25391	8
22	25392	8
22	25393	8
22	25394	8
22	25395	8
22	25396	8
22	25397	8
22	25398	8
22	25399	8
22	25400	8
22	25401	8
22	25402	8
22	25403	8
22	25404	7
22	25405	7
22	25406	7
22	25407	7
22	25408	7
22	25409	7
22	25410	7
22	25411	7
22	25412	7
22	25413	7
22	25414	7
22	25415	7
22	25416	7
22	25417	7
22	25418	7
22	25419	7
22	25420	7
22	25421	7
22	25422	5
22	25423	5
22	25424	5
22	25425	5
22	25426	5
22	25427	5
22	25428	5
22	25429	5
22	25430	5
22	25431	5
22	25432	5
22	25433	5
22	25434	5
22	25435	5
22	25436	5
22	25437	5
22	25438	5
22	25439	5
22	25440	5
22	25441	5
22	25442	6
22	25443	6
22	25444	6
22	25445	6
22	25446	6
22	25447	6
22	25448	6
22	25449	6
22	25450	6
22	25451	4
22	25452	4
22	25453	5
22	25454	5
22	25455	5
22	25456	5
22	25457	5
22	25458	5
22	25459	5
22	25460	5
22	25461	5
22	25462	5
22	25463	5
22	25464	5
22	25465	5
22	25466	5
22	25467	5
22	25468	5
22	25469	5
22	25470	5
22	25471	5
22	25472	5
22	25473	5
22	25474	5
22	25475	5
22	25476	5
22	25477	5
22	25478	5
22	25479	5
22	25480	5
22	25481	5
22	25482	5
22	25483	5
22	25484	5
22	25485	5
22	25486	5
22	25487	5
22	25488	5
22	25489	5
22	25490	5
22	25491	5
22	25492	5
22	25493	5
22	25494	5
22	25495	5
22	25496	5
22	25497	4
22	25498	4
22	25499	4
22	25500	4
22	25501	4
22	25502	4
22	25503	4
22	25504	4
22	25505	4
22	25506	4
22	25507	4
22	25508	5
22	25509	5
22	25510	5
22	25511	5
22	25512	5
22	25513	5
22	25514	5
22	25515	5
22	25516	4
22	25517	4
22	25518	4
22	25519	4
22	25520	4
22	25521	4
22	25522	4
22	25523	4
22	25524	4
22	25525	4
22	25526	4
22	25527	3
22	25528	3
22	25529	3
22	25530	3
22	25531	3
22	25532	3
22	25533	3
22	25534	3
22	25535	3
22	25536	3
22	25537	3
22	25538	3
22	25539	3
22	25540	3
22	25541	3
22	25542	3
22	25543	3
22	25544	3
22	25545	3
22	25546	3
22	25547	3
22	25548	4
22	25549	4
22	25550	4
22	25551	4
22	25552	4
22	25553	4
22	25554	4
22	25555	4
22	25556	5
22	25557	5
22	25558	5
22	25559	5
22	25560	4
22	25561	5
22	25562	5
22	25563	5
22	25564	5
22	25565	5
22	25566	5
22	25567	5
22	25568	5
22	25569	5
22	25570	5
22	25571	5
22	25572	5
22	25573	5
22	25574	5
22	25575	5
22	25576	5
22	25577	5
22	25578	5
22	25579	5
22	25580	5
22	25581	5
22	25582	5
22	25583	5
22	25584	5
22	25585	5
22	25586	7
22	25587	7
22	25588	7
22	25589	7
22	25590	7
22	25591	7
22	25592	6
22	25593	7
22	25594	7
22	25595	7
22	25596	7
22	25597	7
22	25598	7
22	25599	7
22	25600	7
22	25601	7
22	25602	7
22	25603	6
22	25604	6
22	25605	6
22	25606	6
22	25607	6
22	25608	6
22	25609	6
22	25610	6
22	25611	6
22	25612	6
22	25613	6
22	25614	6
22	25615	6
22	25616	6
22	25617	6
22	25618	6
22	25619	6
22	25620	6
22	25621	6
22	25622	6
22	25623	6
22	25624	6
22	25625	6
22	25626	6
22	25627	6
22	25628	6
22	25629	6
22	25630	6
22	25631	6
22	25632	6
22	25633	6
22	25634	6
22	25635	6
22	25636	6
22	25637	6
22	25638	6
22	25639	6
22	25640	6
22	25641	6
22	25642	6
22	25643	6
22	25644	6
22	25645	6
22	25646	6
22	25647	6
22	25648	6
22	25649	6
22	25650	6
22	25651	6
22	25652	6
22	25653	6
22	25654	6
22	25655	6
22	25656	6
22	25657	6
22	25658	5
22	25659	5
22	25660	5
22	25661	5
22	25662	5
22	25663	5
22	25664	5
22	25665	5
22	25666	5
22	25667	5
22	25668	5
22	25669	5
22	25670	5
22	25671	5
22	25672	5
22	25673	5
22	25674	6
22	25675	6
22	25676	6
22	25677	6
22	25678	6
22	25679	6
22	25680	6
22	25681	6
22	25682	6
22	25683	6
22	25684	6
22	25685	6
22	25686	6
22	25687	6
22	25688	6
22	25689	6
22	25690	6
22	25691	6
22	25692	6
22	25693	6
22	25694	6
22	25695	6
22	25696	6
22	25697	6
22	25698	5
22	25699	5
22	25700	5
22	25701	5
22	25702	5
22	25703	5
22	25704	4
22	25705	4
22	25706	4
22	25707	4
22	25708	4
22	25709	4
22	25710	4
22	25711	4
22	25712	4
22	25713	4
22	25714	4
22	25715	4
22	25716	4
22	25717	4
22	25718	4
22	25719	4
22	25720	4
22	25721	4
22	25722	4
22	25723	4
22	25724	4
22	25725	4
22	25726	4
22	25727	4
22	25728	4
22	25729	4
22	25730	4
22	25731	4
22	25732	4
22	25733	4
22	25734	4
22	25735	4
22	25736	3
22	25737	3
22	25738	3
22	25739	3
22	25740	3
22	25741	3
22	25742	2
22	25743	2
22	25744	2
22	25745	2
22	25746	2
22	25747	2
22	25748	2
22	25749	2
22	25750	2
22	25751	2
22	25752	2
22	25753	2
22	25754	2
22	25755	2
22	25756	2
22	25757	2
22	25758	2
22	25759	2
22	25760	2
22	25761	2
22	25762	2
22	25763	2
22	25764	2
22	25765	2
22	25766	2
22	25767	2
22	25768	2
22	25769	2
22	25770	2
22	25771	2
22	25772	2
22	25773	2
22	25774	2
22	25775	2
22	25776	2
22	25777	2
22	25778	2
22	25779	2
22	25780	2
22	25781	2
22	25782	2
22	25783	2
22	25784	2
22	25785	2
22	25786	2
22	25787	2
22	25788	2
22	25789	2
22	25790	2
22	25791	2
22	25792	2
22	25793	2
22	25794	2
22	25795	2
22	25796	2
22	25797	2
22	25798	2
22	25799	2
22	25800	2
22	25801	2
22	25802	2
22	25803	2
22	25804	2
22	25805	2
22	25806	2
22	25807	2
22	25808	2
22	25809	2
22	25810	2
22	25811	2
22	25812	2
22	25813	2
22	25814	2
22	25815	2
22	25816	2
22	25817	2
22	25818	2
22	26180	1
22	26181	1
22	26182	1
22	26183	1
22	26184	1
22	26185	1
22	26186	1
22	26187	1
22	26188	1
22	26189	1
22	26190	1
22	26191	1
22	26192	1
22	26193	1
22	26194	1
22	26195	1
22	26196	1
22	26197	1
22	26198	1
22	26199	1
22	26200	1
22	26201	1
22	26202	1
22	26203	1
22	26204	1
22	26205	1
22	26206	1
22	26207	1
22	26208	1
22	26209	1
22	26210	1
22	26211	1
22	26212	1
22	26213	1
22	26214	1
22	26215	1
22	26216	1
22	26217	1
22	26218	1
22	26219	1
22	26220	1
22	26221	1
22	26222	1
22	26223	1
22	26224	1
22	26225	1
22	26226	1
22	26227	1
22	26228	1
22	26229	1
22	26230	1
22	26231	1
22	26232	1
22	26233	1
22	26234	1
22	26235	1
22	26236	1
22	26237	1
22	26238	1
22	26239	1
22	26240	1
22	26241	1
22	26242	1
22	26243	1
22	26244	1
22	26245	1
22	26246	1
22	26247	1
22	26248	1
22	26249	1
22	26250	1
22	26251	1
22	26252	1
22	26253	1
22	26254	1
22	26255	1
22	26256	1
22	26257	1
22	26258	1
22	26259	1
22	26260	1
22	26261	1
22	26262	1
22	26263	1
22	26264	1
22	26265	1
22	26266	1
22	26267	1
22	26268	1
22	26269	1
22	26270	1
22	26271	1
22	26272	1
22	26273	1
22	26274	1
22	26275	1
22	26276	1
22	26277	1
22	26278	1
22	26314	3
22	26315	4
22	26316	4
22	26317	4
22	26318	4
22	26319	4
22	26320	4
22	26321	4
22	26322	4
22	26323	4
22	26324	4
22	26325	4
22	26326	4
22	26327	4
22	26328	4
22	26329	4
22	26330	4
22	26331	4
22	26332	4
22	26333	5
22	26334	5
22	26335	5
22	26336	5
22	26337	5
22	26338	5
22	26339	5
22	26340	5
22	26341	5
22	26342	3
22	26343	3
22	26344	3
22	26345	3
22	26346	3
22	26347	3
22	26348	3
22	26349	3
22	26350	3
22	26351	3
22	26352	3
22	26353	3
22	26354	3
22	26355	3
22	26356	3
22	26357	3
22	26358	3
22	26359	3
22	26360	3
22	26361	3
22	26362	3
22	26363	3
22	26364	3
22	26365	5
22	26366	5
22	26367	5
22	26368	5
22	26369	5
22	26370	5
22	26371	5
22	26372	5
22	26373	5
22	26374	5
22	26375	5
22	26376	5
22	26377	5
22	26378	5
22	26379	5
22	26380	5
22	26381	6
22	26382	6
22	26383	6
22	26384	6
22	26385	6
22	26386	6
22	26387	6
22	26388	6
22	26389	6
22	26390	6
22	26391	6
22	26392	6
22	26393	6
22	26394	6
22	26395	6
22	26396	6
22	26397	6
22	26398	6
22	26399	6
22	26400	6
22	26401	6
22	26402	6
22	26403	6
22	26404	6
22	26405	6
22	26406	6
22	26407	6
22	26408	6
22	26409	6
22	26410	6
22	26411	6
22	26412	6
22	26413	6
22	26414	6
22	26415	6
22	26416	6
22	26417	6
22	26418	6
22	26419	6
22	26420	6
22	26421	6
22	26422	6
22	26423	6
22	26424	6
22	26425	6
22	26426	6
22	26427	6
22	26428	6
22	26429	6
22	26430	6
22	26431	6
22	26432	6
22	26433	6
22	26434	6
22	26435	6
22	26436	6
22	26437	6
22	26438	6
22	26439	8
22	26440	8
22	26441	8
22	26442	8
22	26443	8
22	26444	8
22	26445	8
22	26446	8
22	26447	8
22	26448	8
22	26449	8
22	26450	8
22	26451	8
22	26452	8
22	26453	8
22	26454	8
22	26455	8
22	26456	8
22	26457	8
22	26458	8
22	26459	8
22	26460	8
22	26461	8
22	26462	8
22	26463	8
22	26464	8
22	26465	7
22	26466	7
22	26467	7
22	26468	7
22	26469	7
22	26470	7
22	26471	8
22	26472	8
22	26473	8
22	26474	8
22	26475	8
22	26476	8
22	26477	8
22	26478	8
22	26479	8
22	26480	7
22	26481	9
22	26482	9
22	26483	9
22	26484	9
22	26485	9
22	26486	9
22	26487	9
22	26488	9
22	26489	9
22	26490	9
22	26491	9
22	26492	9
22	26493	9
22	26494	9
22	26495	9
22	26496	9
22	26497	9
22	26498	9
22	26499	9
22	26500	10
22	26501	10
22	26502	10
22	26503	10
22	26504	10
22	26505	10
22	26506	10
22	26507	10
22	26508	10
22	26509	10
22	26510	10
22	26511	10
22	26512	10
22	26513	10
22	26514	10
22	26515	8
22	26516	8
22	26517	8
22	26518	8
22	26519	8
22	26520	8
22	26521	8
22	26522	8
22	26523	8
22	26524	8
22	26525	8
22	26526	8
22	26527	8
22	26528	8
22	26529	8
22	26530	7
22	26531	7
22	26532	7
22	26533	7
22	26534	7
22	26535	8
22	26536	8
22	26537	8
22	26538	8
22	26539	8
22	26540	8
22	26541	8
22	26542	8
22	26543	9
22	26544	9
22	26545	9
22	26546	9
22	26547	9
22	26548	9
22	26549	9
22	26550	9
22	26551	10
22	26552	10
22	26553	10
22	26554	10
22	26555	10
22	26556	10
22	26557	10
22	26558	10
22	26559	10
22	26560	10
22	26561	10
22	26562	10
22	26563	10
22	26564	10
22	26565	10
22	26566	10
22	26567	10
22	26568	10
22	26569	10
22	26570	10
22	26571	10
22	26572	10
22	26573	10
22	26574	10
22	26575	10
22	26576	11
22	26577	11
22	26578	10
22	26579	10
22	26580	10
22	26581	10
22	26582	10
22	26583	10
22	26584	10
22	26585	10
22	26586	10
22	26587	10
22	26588	10
22	26589	9
22	26590	8
22	26591	8
22	26592	8
22	26593	8
22	26594	8
22	26595	8
22	26596	8
22	26597	8
22	26598	8
22	26599	8
22	26600	8
22	26601	8
22	26602	8
22	26603	8
22	26604	8
22	26605	8
22	26606	9
22	26607	9
22	26608	9
22	26609	9
22	26610	9
22	26611	9
22	26612	9
22	26613	9
22	26614	9
22	26615	9
22	26616	10
22	26617	10
22	26618	10
22	26619	10
22	26620	10
22	26621	9
22	26622	9
22	26623	9
22	26624	10
22	26625	10
22	26626	10
22	26627	11
22	26628	11
22	26629	11
22	26630	10
22	26631	9
22	26632	9
22	26633	9
22	26634	9
22	26635	9
22	26636	9
22	26637	11
22	26638	11
22	26639	11
22	26640	11
22	26641	11
22	26642	11
22	26643	11
22	26644	11
22	26645	11
22	26646	11
22	26647	11
22	26648	11
22	26649	12
22	26650	11
22	26651	11
22	26652	12
22	26653	12
22	26654	12
22	26655	12
22	26656	12
22	26657	12
22	26658	12
22	26659	12
22	26660	12
22	26661	12
22	26662	12
22	26663	12
22	26664	12
22	26665	12
22	26666	12
22	26667	12
22	26668	12
22	26669	12
22	26670	12
22	26671	12
22	26672	12
22	26673	12
22	26674	12
22	26675	12
22	26676	12
22	26677	12
22	26678	12
22	26679	12
22	26680	12
22	26681	12
22	26682	12
22	26683	12
22	26684	11
22	26685	11
22	26686	11
22	26687	11
22	26688	11
22	26689	11
22	26690	11
22	26691	11
22	26692	10
22	26693	10
22	26694	10
22	26695	10
22	26696	10
22	26697	10
22	26698	10
22	26699	10
22	26700	10
22	26701	9
22	26702	9
22	26703	9
22	26704	10
22	26705	10
22	26706	10
22	26707	10
22	26708	10
22	26709	10
22	26710	10
22	26711	10
22	26712	10
22	26713	10
22	26714	10
22	26715	10
22	26716	10
22	26717	10
22	26718	10
22	26719	10
22	26720	10
22	26721	10
22	26722	10
22	26723	10
22	26724	10
22	26725	9
22	26726	9
22	26727	9
22	26728	9
22	26729	9
22	26730	9
22	26731	9
22	26732	9
22	26733	9
22	26734	9
22	26735	9
22	26736	9
22	26737	9
22	26738	9
22	26739	9
22	26740	9
22	26741	9
22	26742	9
22	26743	9
22	26744	9
22	26745	9
22	26746	9
22	26747	9
22	26748	9
22	26749	9
22	26750	9
22	26751	9
22	26752	9
22	26753	9
22	26754	9
22	26755	8
22	26756	8
22	26757	8
22	26758	8
22	26759	8
22	26760	8
22	26761	8
22	26762	8
22	26763	9
22	26764	9
22	26765	8
22	26766	8
22	26767	8
22	26768	8
22	26769	8
22	26770	8
22	26771	8
22	26772	8
22	26773	8
22	26774	7
22	26775	7
22	26776	7
22	26777	6
22	26778	6
22	26779	6
22	26780	6
22	26781	6
22	26782	6
22	26783	6
22	26784	7
22	26785	7
22	26786	7
22	26787	6
22	26788	6
22	26789	7
22	26790	7
22	26791	7
22	26792	8
22	26793	8
22	26794	8
22	26795	8
22	26796	8
22	26797	9
22	26798	8
22	26799	8
22	26800	8
22	26801	7
22	26802	7
22	26803	7
22	26804	7
22	26805	7
22	26806	7
22	26807	7
22	26808	7
22	26809	7
22	26810	7
22	26811	7
22	26812	7
22	26813	7
22	26814	7
22	26815	7
22	26816	7
22	26817	7
22	26818	8
22	26819	8
22	26820	8
22	26821	8
22	26822	8
22	26823	8
22	26824	8
22	26825	8
22	26826	8
22	26827	8
22	26828	8
22	26829	8
22	26830	8
22	26831	8
22	26832	8
22	26833	8
22	26834	8
22	26835	8
22	26836	8
22	26837	8
22	26838	8
22	26839	8
22	26840	8
22	26841	8
22	26842	8
22	26843	8
22	26844	8
22	26845	8
22	26846	8
22	26847	8
22	26848	8
22	26849	8
22	26850	8
22	26851	8
22	26852	9
22	26853	9
22	26854	8
22	26855	8
22	26856	8
22	26857	8
22	26858	8
22	26859	8
22	26860	8
22	26861	8
22	26862	8
22	26863	8
22	26864	8
22	26865	8
22	26866	8
22	26867	8
22	26868	8
22	26869	8
22	26870	8
22	26871	8
22	26872	8
22	26873	8
22	26874	8
22	26875	8
22	26876	8
22	26877	8
22	26878	8
22	26879	8
22	26880	8
22	26881	8
22	26882	8
22	26883	8
22	26884	8
22	26885	8
22	26886	8
22	26887	8
22	26888	8
22	26889	9
22	26890	8
22	26891	8
22	26892	8
22	26893	8
22	26894	8
22	26895	8
22	26896	8
22	26897	8
22	26898	8
22	26899	8
22	26900	8
22	26901	8
22	26902	8
22	26903	8
22	26904	8
22	26905	8
22	26906	8
22	26907	8
22	26908	8
22	26909	8
22	26910	8
22	26911	8
22	26912	7
22	26913	7
22	26914	8
22	26915	8
22	26916	8
22	26917	8
22	26918	8
22	26919	9
22	26920	9
22	26921	9
22	26922	9
22	26923	9
22	26924	9
22	26925	9
22	26926	9
22	26927	9
22	26928	9
22	26929	11
22	26930	11
22	26931	11
22	26932	11
22	26933	11
22	26934	10
22	26935	10
22	26936	9
22	26937	9
22	26938	10
22	26939	9
22	26940	9
22	26941	9
22	26942	8
22	26943	8
22	26944	8
22	26945	8
22	26946	8
22	26947	7
22	26948	7
22	26949	7
22	26950	7
22	26951	7
22	26952	7
22	26953	7
22	26954	7
22	26955	7
22	26956	7
22	26957	7
22	26958	7
22	26959	7
22	26960	7
22	26961	7
22	26962	7
22	26963	7
22	26964	7
22	26965	7
22	26966	7
22	26967	6
22	26968	6
22	26969	6
22	26970	6
22	26971	6
22	26972	6
22	26973	6
22	26974	6
22	26975	7
22	26976	7
22	26977	7
22	26978	7
22	26979	7
22	26980	7
22	26981	7
22	26982	7
22	26983	7
22	26984	7
22	26985	7
22	26986	7
22	26987	7
22	26988	7
22	26989	7
22	26990	7
22	26991	7
22	26992	7
22	26993	7
22	26994	7
22	26995	7
22	26996	7
22	26997	7
22	26998	7
22	26999	6
22	27000	6
22	27001	6
22	27002	6
22	27003	6
22	27004	6
22	27005	6
22	27006	6
22	27007	6
22	27008	7
22	27009	7
22	27010	7
22	27011	7
22	27012	7
22	27013	7
22	27014	7
22	27015	7
22	27016	7
22	27017	7
22	27018	7
22	27019	7
22	27020	7
22	27021	7
22	27022	7
22	27023	7
22	27024	8
22	27025	8
22	27026	8
22	27027	8
22	27028	8
22	27029	8
22	27030	8
22	27031	8
22	27032	8
22	27033	8
22	27034	8
22	27035	8
22	27036	8
22	27037	8
22	27038	8
22	27039	7
22	27040	7
22	27041	7
22	27042	7
22	27043	7
22	27044	7
22	27045	7
22	27046	7
22	27047	7
22	27048	7
22	27049	7
22	27050	7
22	27051	7
22	27052	7
22	27053	7
22	27054	7
22	27055	7
22	27056	7
22	27057	7
22	27058	7
22	27059	7
22	27060	7
22	27061	7
22	27062	7
22	27063	7
22	27064	7
22	27065	7
22	27066	7
22	27067	7
22	27068	6
22	27069	6
22	27070	6
22	27071	6
22	27072	6
22	27073	6
22	27074	6
22	27075	6
22	27076	6
22	27077	6
22	27078	4
22	27079	4
22	27080	4
22	27081	4
22	27082	4
22	27083	4
22	27084	4
22	27085	4
22	27086	4
22	27087	3
22	27088	3
22	27089	3
22	27090	3
22	27091	3
22	27092	3
22	27093	3
22	27094	3
22	27095	3
22	27096	3
22	27097	3
22	27098	3
22	27099	3
22	27100	3
22	27101	3
22	27102	3
22	27103	3
22	27104	3
22	27105	3
22	27106	3
22	27107	3
22	27108	3
22	27109	3
22	27110	3
22	27111	3
22	27112	3
22	27113	3
22	27114	3
22	27115	3
22	27116	3
22	27117	3
22	27118	3
22	27119	3
22	27120	3
22	27121	5
22	27122	5
22	27123	5
22	27124	4
22	27125	4
22	27126	4
22	27127	4
22	27128	4
22	27129	4
22	27130	4
22	27131	4
22	27132	4
22	27133	4
22	27134	4
22	27135	4
22	27136	4
22	27137	4
22	27138	4
22	27139	4
22	27140	4
22	27141	4
22	27142	4
22	27143	5
22	27144	5
22	27145	5
22	27146	5
22	27147	5
22	27148	5
22	27149	5
22	27150	5
22	27151	5
22	27152	5
22	27153	5
22	27154	5
22	27155	5
22	27156	5
22	27157	5
22	27158	4
22	27159	4
22	27160	4
22	27161	4
22	27162	5
22	27163	5
22	27164	5
22	27165	5
22	27166	5
22	27167	5
22	27168	5
22	27169	5
22	27170	5
22	27171	5
22	27172	5
22	27173	5
22	27174	4
22	27175	4
22	27176	4
22	27177	4
22	27178	4
22	27179	4
22	27180	4
22	27181	4
22	27182	4
22	27183	4
22	27184	4
22	27185	4
22	27186	4
22	27187	4
22	27188	4
22	27189	4
22	27190	4
22	27191	4
22	27192	4
22	27193	4
22	27194	4
22	27195	4
22	27196	4
22	27197	4
22	27198	4
22	27199	4
22	27200	4
22	27201	5
22	27202	5
22	27203	5
22	27204	5
22	27205	5
22	27206	5
22	27207	5
22	27208	5
22	27209	5
22	27210	5
22	27211	5
22	27212	5
22	27213	5
22	27214	5
22	27215	5
22	27216	5
22	27217	5
22	27218	5
22	27219	5
22	27220	5
22	27221	5
22	27222	5
22	27223	5
22	27224	5
22	27225	5
22	27226	5
22	27227	7
22	27228	7
22	27229	7
22	27230	7
22	27231	7
22	27232	7
22	27233	7
22	27234	7
22	27235	7
22	27236	7
22	27237	7
22	27238	7
22	27239	8
22	27240	8
22	27241	8
22	27242	8
22	27243	8
22	27244	8
22	27245	8
22	27246	8
22	27247	8
22	27248	8
22	27249	8
22	27250	8
22	27251	8
22	27252	8
22	27253	8
22	27254	8
22	27255	8
22	27256	8
22	27257	8
22	27258	8
22	27259	8
22	27260	8
22	27261	8
22	27262	8
22	27263	8
22	27264	7
22	27265	7
22	27266	7
22	27267	7
22	27268	7
22	27269	7
22	27270	5
22	27271	5
22	27272	5
22	27273	5
22	27274	5
22	27275	5
22	27276	5
22	27277	5
22	27278	5
22	27279	5
22	27280	6
22	27281	6
22	27282	6
22	27283	6
22	27284	6
22	27285	6
22	27286	6
22	27287	6
22	27288	6
22	27289	6
22	27290	6
22	27291	6
22	27292	6
22	27293	6
22	27294	6
22	27295	6
22	27296	6
22	27297	6
22	27298	6
22	27299	6
22	27300	6
22	27301	6
22	27302	6
22	27303	6
22	27304	6
22	27305	6
22	27306	6
22	27307	6
22	27308	6
22	27309	6
22	27310	6
22	27311	6
22	27312	5
22	27313	5
22	27314	5
22	27315	5
22	27316	5
22	27317	5
22	27318	5
22	27319	5
22	27320	5
22	27321	5
22	27322	5
22	27323	5
22	27324	5
22	27325	5
22	27326	5
22	27327	5
22	27328	5
22	27329	5
22	27330	5
22	27331	5
22	27332	5
22	27333	5
22	27334	5
22	27335	5
22	27336	5
22	27337	7
22	27338	7
22	27339	7
22	27340	7
22	27341	7
22	27342	7
22	27343	7
22	27344	7
22	27345	7
22	27346	7
22	27347	7
22	27348	7
22	27349	7
22	27350	6
22	27351	7
22	27352	7
22	27353	7
22	27354	7
22	27355	7
22	27356	7
22	27357	7
22	27358	7
22	27359	7
22	27360	7
22	27361	7
22	27362	7
22	27363	7
22	27364	7
22	27365	7
22	27366	7
22	27367	7
22	27368	7
22	27369	7
22	27370	7
22	27371	7
22	27372	7
22	27373	7
22	27374	7
22	27375	7
22	27376	7
22	27377	5
22	27378	5
22	27379	5
22	27380	5
22	27381	5
22	27382	5
22	27383	5
22	27384	5
22	27385	5
22	27386	5
22	27387	5
22	27388	5
22	27389	5
22	27390	5
22	27391	5
22	27392	3
22	27393	3
22	27394	3
22	27395	3
22	27396	3
22	27397	3
22	27398	3
22	27399	3
22	27400	3
22	27401	3
22	27402	3
22	27403	3
22	27404	3
22	27405	3
22	27406	3
22	27407	3
22	27408	3
22	27409	3
22	27410	3
22	27411	3
22	27412	3
22	27413	3
22	27414	3
22	27415	3
22	27416	3
22	27417	3
22	27418	3
22	27419	3
22	27420	3
22	27421	4
22	27422	4
22	27423	4
22	27424	4
22	27425	4
22	27426	4
22	27427	4
22	27428	4
22	27429	4
22	27430	3
22	27431	3
22	27432	3
22	27433	3
22	27434	3
22	27435	3
22	27436	3
22	27437	3
22	27438	3
22	27439	3
22	27440	3
22	27441	3
22	27442	3
22	27443	3
22	27444	3
22	27445	3
22	27446	3
22	27447	3
22	27448	3
22	27449	3
22	27450	3
22	27451	3
22	27452	3
22	27453	3
22	27454	3
22	27455	3
22	27456	3
22	27457	3
22	27458	3
22	27459	3
22	27460	3
22	27461	3
22	27462	3
22	27463	3
22	27464	3
22	27465	4
22	27466	4
22	27467	4
22	27468	4
22	27469	4
22	27470	4
22	27471	4
22	27472	4
22	27473	4
22	27474	4
22	27475	4
22	27476	4
22	27477	4
22	27478	4
22	27479	4
22	27480	4
22	27481	4
22	27482	4
22	27483	4
22	27484	4
22	27485	4
22	27486	4
22	27487	4
22	27488	4
22	27489	4
22	27490	4
22	27491	4
22	27492	4
22	27493	4
22	27494	4
22	27495	4
22	27496	4
22	27497	4
22	27498	4
22	27499	4
22	27500	4
22	27501	4
22	27502	4
22	27503	4
22	27504	4
22	27505	4
22	27506	4
22	27507	4
22	27508	4
22	27509	4
22	27510	4
22	27511	4
22	27512	4
22	27513	4
22	27514	4
22	27515	4
22	27516	4
22	27517	4
22	27518	4
22	27519	4
22	27520	4
22	27521	4
22	27522	4
22	27523	4
22	27524	4
22	27525	4
22	27526	4
22	27527	4
22	27528	4
22	27529	4
22	27530	4
22	27531	4
22	27532	4
22	27533	4
22	27534	4
22	27535	4
22	27536	4
22	27537	3
22	27538	3
22	27539	3
22	27540	3
22	27541	3
22	27542	3
22	27543	3
22	27544	3
22	27545	3
22	27546	3
22	27547	3
22	27548	3
22	27549	3
22	27550	3
22	27551	3
22	27552	3
22	27553	3
22	27554	3
22	27555	3
22	27556	3
22	27557	3
22	27558	3
22	27559	3
22	27560	3
22	27561	3
22	27562	3
22	27563	3
22	27564	3
22	27565	3
22	27566	3
22	27567	3
22	27568	3
22	27569	3
22	27570	3
22	27571	2
22	27572	2
22	27573	2
22	27574	2
22	27575	2
22	27576	2
22	27577	2
22	27578	2
22	27579	2
22	27580	2
22	27581	2
22	27582	2
22	27583	2
22	27584	2
22	27585	2
22	27617	4
22	27618	4
22	27619	4
22	27620	4
22	27621	4
22	27622	4
22	27623	4
22	27624	4
22	27625	4
22	27626	4
22	27627	4
22	27628	4
22	27629	4
22	27630	4
22	27631	4
22	27632	4
22	27633	4
22	27634	4
22	27635	4
22	27636	4
22	27637	4
22	27638	4
22	27639	4
22	27640	4
22	27641	4
22	27642	4
22	27643	4
22	27644	4
22	27645	4
22	27646	6
22	27647	6
22	27648	6
22	27649	7
22	27650	7
22	27651	7
22	27652	7
22	27653	7
22	27654	7
22	27655	7
22	27656	7
22	27657	7
22	27658	7
22	27659	7
22	27660	7
22	27661	7
22	27662	9
22	27663	9
22	27664	9
22	27665	9
22	27666	9
22	27667	9
22	27668	9
22	27669	9
22	27670	9
22	27671	9
22	27672	9
22	27673	9
22	27674	9
22	27675	9
22	27676	9
22	27677	9
22	27678	9
22	27679	9
22	27680	9
22	27681	9
22	27682	9
22	27683	9
22	27684	9
22	27685	10
22	27686	10
22	27687	10
22	27688	10
22	27689	10
22	27690	10
22	27691	10
22	27692	10
22	27693	10
22	27694	10
22	27695	10
22	27696	10
22	27697	10
22	27698	10
22	27699	10
22	27700	10
22	27701	10
22	27702	10
22	27703	10
22	27704	10
22	27705	10
22	27706	10
22	27707	10
22	27708	10
22	27709	10
22	27710	10
22	27711	10
22	27712	10
22	27713	10
22	27714	10
22	27715	10
22	27716	10
22	27717	10
22	27718	10
22	27719	10
22	27720	10
22	27721	10
22	27722	10
22	27723	10
22	27724	10
22	27725	10
22	27726	9
22	27727	9
22	27728	9
22	27729	9
22	27730	9
22	27731	9
22	27732	8
22	27733	8
22	27734	8
22	27735	8
22	27736	8
22	27737	8
22	27738	8
22	27739	8
22	27740	8
22	27741	8
22	27742	8
22	27743	8
22	27744	8
22	27745	7
22	27746	7
22	27747	7
22	27748	7
22	27749	7
22	27750	7
22	27751	6
22	27752	6
22	27753	6
22	27754	6
22	27755	6
22	27756	6
22	27757	6
22	27758	6
22	27759	6
22	27760	6
22	27761	8
22	27762	8
22	27763	8
22	27764	8
22	27765	8
22	27766	8
22	27767	8
22	27768	8
22	27769	8
22	27770	9
22	27771	9
22	27772	9
22	27773	9
22	27774	9
22	27775	9
22	27776	9
22	27777	9
22	27778	9
22	27779	9
22	27780	9
22	27781	9
22	27782	9
22	27783	9
22	27784	9
22	27785	9
22	27786	9
22	27787	10
22	27788	10
22	27789	10
22	27790	10
22	27791	10
22	27792	10
22	27793	10
22	27794	10
22	27795	8
22	27796	8
22	27797	8
22	27798	8
22	27799	7
22	27800	7
22	27801	7
22	27802	7
22	27803	7
22	27804	7
22	27805	7
22	27806	6
22	27807	5
22	27808	5
22	27809	5
22	27810	5
22	27811	5
22	27812	5
22	27813	5
22	27814	5
22	27815	5
22	27816	5
22	27817	6
22	27818	6
22	27819	6
22	27820	6
22	27821	6
22	27822	6
22	27823	6
22	27824	6
22	27825	6
22	27826	6
22	27827	6
22	27828	6
22	27829	6
22	27830	6
22	27831	6
22	27832	6
22	27833	6
22	27834	6
22	27835	5
22	27836	5
22	27837	5
22	27838	5
22	27839	6
22	27840	6
22	27841	6
22	27842	6
22	27843	6
22	27844	6
22	27845	6
22	27846	6
22	27847	6
22	27848	6
22	27849	6
22	27850	6
22	27851	6
22	27852	6
22	27853	6
22	27854	6
22	27855	6
22	27856	6
22	27857	6
22	27858	6
22	27859	6
22	27860	6
22	27861	6
22	27862	6
22	27863	6
22	27864	6
22	27865	6
22	27866	6
22	27867	6
22	27868	6
22	27869	6
22	27870	6
22	27871	7
22	27872	7
22	27873	7
22	27874	7
22	27875	7
22	27876	7
22	27877	7
22	27878	7
22	27879	7
22	27880	7
22	27881	7
22	27882	7
22	27883	7
22	27884	7
22	27885	7
22	27886	7
22	27887	7
22	27888	7
22	27889	7
22	27890	7
22	27891	7
22	27892	7
22	27893	7
22	27894	7
22	27895	7
22	27896	7
22	27897	7
22	27898	7
22	27899	7
22	27900	7
22	27901	7
22	27902	7
22	27903	7
22	27904	7
22	27905	7
22	27906	7
22	27907	7
22	27908	7
22	27909	7
22	27910	5
22	27911	7
22	27912	7
22	27913	7
22	27914	7
22	27915	7
22	27916	7
22	27917	7
22	27918	7
22	27919	7
22	27920	6
22	27921	6
22	27922	6
22	27923	6
22	27924	7
22	27925	7
22	27926	7
22	27927	7
22	27928	7
22	27929	7
22	27930	7
22	27931	7
22	27932	8
22	27933	8
22	27934	7
22	27935	7
22	27936	7
22	27937	7
22	27938	7
22	27939	7
22	27940	7
22	27941	7
22	27942	7
22	27943	7
22	27944	7
22	27945	7
22	27946	7
22	27947	7
22	27948	7
22	27949	7
22	27950	7
22	27951	7
22	27952	7
22	27953	8
22	27954	8
22	27955	8
22	27956	9
22	27957	11
22	27958	11
22	27959	11
22	27960	11
22	27961	12
22	27962	12
22	27963	12
22	27964	12
22	27965	12
22	27966	11
22	27967	11
22	27968	11
22	27969	11
22	27970	11
22	27971	12
22	27972	12
22	27973	12
22	27974	12
22	27975	12
22	27976	12
22	27977	12
22	27978	12
22	27979	12
22	27980	12
22	27981	12
22	27982	12
22	27983	12
22	27984	12
22	27985	12
22	27986	12
22	27987	12
22	27988	12
22	27989	11
22	27990	11
22	27991	11
22	27992	11
22	27993	11
22	27994	11
22	27995	11
22	27996	11
22	27997	11
22	27998	11
22	27999	11
22	28000	11
22	28001	11
22	28002	11
22	28003	11
22	28004	12
22	28005	12
22	28006	12
22	28007	12
22	28008	12
22	28009	12
22	28010	12
22	28011	12
22	28012	12
22	28013	12
22	28014	12
22	28015	12
22	28016	12
22	28017	12
22	28018	12
22	28019	12
22	28020	12
22	28021	11
22	28022	12
22	28023	12
22	28024	12
22	28025	12
22	28026	12
22	28027	12
22	28028	12
22	28029	12
22	28030	12
22	28031	12
22	28032	12
22	28033	12
22	28034	14
22	28035	14
22	28036	14
22	28037	14
22	28038	15
22	28039	15
22	28040	15
22	28041	15
22	28042	15
22	28043	15
22	28044	15
22	28045	15
22	28046	15
22	28047	15
22	28048	15
22	28049	15
22	28050	15
22	28051	15
22	28052	15
22	28053	15
22	28054	15
22	28055	15
22	28056	15
22	28057	15
22	28058	15
22	28059	15
22	28060	13
22	28061	13
22	28062	13
22	28063	13
22	28064	13
22	28065	13
22	28066	13
22	28067	13
22	28068	13
22	28069	13
22	28070	13
22	28071	13
22	28072	13
22	28073	13
22	28074	12
22	28075	12
22	28076	12
22	28077	12
22	28078	12
22	28079	12
22	28080	12
22	28081	13
22	28082	13
22	28083	13
22	28084	13
22	28085	13
22	28086	13
22	28087	14
22	28088	14
22	28089	14
22	28090	14
22	28091	14
22	28092	14
22	28093	15
22	28094	15
22	28095	15
22	28096	15
22	28097	15
22	28098	15
22	28099	15
22	28100	15
22	28101	15
22	28102	15
22	28103	14
22	28104	14
22	28105	12
22	28106	11
22	28107	11
22	28108	11
22	28109	11
22	28110	11
22	28111	10
22	28112	10
22	28113	11
22	28114	11
22	28115	11
22	28116	11
22	28117	11
22	28118	11
22	28119	11
22	28120	11
22	28121	10
22	28122	10
22	28123	10
22	28124	10
22	28125	10
22	28126	10
22	28127	10
22	28128	10
22	28129	10
22	28130	10
22	28131	10
22	28132	10
22	28133	10
22	28134	10
22	28135	10
22	28136	10
22	28137	11
22	28138	11
22	28139	11
22	28140	11
22	28141	11
22	28142	11
22	28143	11
22	28144	11
22	28145	11
22	28146	11
22	28147	11
22	28148	11
22	28149	11
22	28150	11
22	28151	11
22	28152	11
22	28153	10
22	28154	10
22	28155	10
22	28156	12
22	28157	12
22	28158	12
22	28159	12
22	28160	12
22	28161	13
22	28162	13
22	28163	13
22	28164	13
22	28165	13
22	28166	13
22	28167	13
22	28168	13
22	28169	13
22	28170	13
22	28171	13
22	28172	12
22	28173	12
22	28174	12
22	28175	12
22	28176	12
22	28177	12
22	28178	12
22	28179	12
22	28180	12
22	28181	12
22	28182	12
22	28183	12
22	28184	10
22	28185	10
22	28186	10
22	28187	10
22	28188	9
22	28189	9
22	28190	9
22	28191	9
22	28192	9
22	28193	9
22	28194	9
22	28195	9
22	28196	9
22	28197	9
22	28198	9
22	28199	9
22	28200	9
22	28201	9
22	28202	9
22	28203	9
22	28204	9
22	28205	9
22	28206	9
22	28207	9
22	28208	9
22	28209	9
22	28210	9
22	28211	9
22	28212	9
22	28213	9
22	28214	9
22	28215	9
22	28216	9
22	28217	9
22	28218	9
22	28219	9
22	28220	9
22	28221	9
22	28222	9
22	28223	9
22	28224	9
22	28225	9
22	28226	9
22	28227	9
22	28228	9
22	28229	9
22	28230	9
22	28231	8
22	28232	8
22	28233	8
22	28234	8
22	28235	8
22	28236	7
22	28237	7
22	28238	7
22	28239	6
22	28240	6
22	28241	6
22	28242	6
22	28243	6
22	28244	6
22	28245	6
22	28246	6
22	28247	6
22	28248	6
22	28249	6
22	28250	6
22	28251	6
22	28252	6
22	28253	6
22	28254	6
22	28255	6
22	28256	6
22	28257	6
22	28258	6
22	28259	6
22	28260	6
22	28261	6
22	28262	6
22	28263	5
22	28264	6
22	28265	6
22	28266	6
22	28267	6
22	28268	6
22	28269	5
22	28270	5
22	28271	5
22	28272	5
22	28273	5
22	28274	5
22	28275	6
22	28276	6
22	28277	6
22	28278	6
22	28279	6
22	28280	6
22	28281	6
22	28282	6
22	28283	6
22	28284	5
22	28285	5
22	28286	5
22	28287	6
22	28288	6
22	28289	6
22	28290	6
22	28291	6
22	28292	6
22	28293	6
22	28294	6
22	28295	6
22	28296	6
22	28297	6
22	28298	6
22	28299	7
22	28300	7
22	28301	7
22	28302	7
22	28303	7
22	28304	7
22	28305	7
22	28306	5
22	28307	6
22	28308	6
22	28309	7
22	28310	7
22	28311	7
22	28312	7
22	28313	7
22	28314	7
22	28315	7
22	28316	7
22	28317	7
22	28318	7
22	28319	7
22	28320	7
22	28321	7
22	28322	7
22	28323	7
22	28324	7
22	28325	7
22	28326	7
22	28327	8
22	28328	8
22	28329	8
22	28330	8
22	28331	8
22	28332	8
22	28333	8
22	28334	8
22	28335	8
22	28336	8
22	28337	8
22	28338	8
22	28339	8
22	28340	8
22	28341	8
22	28342	8
22	28343	8
22	28344	8
22	28345	8
22	28346	8
22	28347	8
22	28348	9
22	28349	9
22	28350	9
22	28351	9
22	28352	9
22	28353	9
22	28354	9
22	28355	9
22	28356	9
22	28357	9
22	28358	9
22	28359	9
22	28360	9
22	28361	9
22	28362	9
22	28363	9
22	28364	9
22	28365	9
22	28366	9
22	28367	9
22	28368	9
22	28369	9
22	28370	9
22	28371	9
22	28372	9
22	28373	9
22	28374	9
22	28375	9
22	28376	9
22	28377	9
22	28378	9
22	28379	9
22	28380	9
22	28381	9
22	28382	9
22	28383	9
22	28384	9
22	28385	9
22	28386	9
22	28387	9
22	28388	9
22	28389	9
22	28390	9
22	28391	9
22	28392	9
22	28393	9
22	28394	9
22	28395	9
22	28396	9
22	28397	9
22	28398	9
22	28399	9
22	28400	9
22	28401	9
22	28402	9
22	28403	9
22	28404	9
22	28405	9
22	28406	9
22	28407	9
22	28408	9
22	28409	9
22	28410	9
22	28411	9
22	28412	9
22	28413	8
22	28414	8
22	28415	8
22	28416	8
22	28417	8
22	28418	9
22	28419	11
22	28420	11
22	28421	11
22	28422	11
22	28423	12
22	28424	12
22	28425	11
22	28426	11
22	28427	11
22	28428	11
22	28429	11
22	28430	11
22	28431	11
22	28432	11
22	28433	13
22	28434	13
22	28435	13
22	28436	13
22	28437	12
22	28438	12
22	28439	12
22	28440	12
22	28441	12
22	28442	13
22	28443	14
22	28444	14
22	28445	14
22	28446	14
22	28447	14
22	28448	14
22	28449	13
22	28450	13
22	28451	13
22	28452	13
22	28453	13
22	28454	13
22	28455	13
22	28456	12
22	28457	12
22	28458	12
22	28459	11
22	28460	11
22	28461	11
22	28462	11
22	28463	11
22	28464	11
22	28465	12
22	28466	12
22	28467	12
22	28468	12
22	28469	12
22	28470	12
22	28471	12
22	28472	12
22	28473	12
22	28474	12
22	28475	12
22	28476	12
22	28477	11
22	28478	11
22	28479	11
22	28480	11
22	28481	11
22	28482	11
22	28483	11
22	28484	11
22	28485	11
22	28486	11
22	28487	11
22	28488	11
22	28489	11
22	28490	11
22	28491	11
22	28492	11
22	28493	11
22	28494	11
22	28495	11
22	28496	11
22	28497	11
22	28498	10
22	28499	10
22	28500	10
22	28501	10
22	28502	10
22	28503	10
22	28504	10
22	28505	10
22	28506	10
22	28507	10
22	28508	10
22	28509	10
22	28510	10
22	28511	10
22	28512	10
22	28513	10
22	28514	10
22	28515	10
22	28516	10
22	28517	10
22	28518	10
22	28519	10
22	28520	10
22	28521	10
22	28522	10
22	28523	10
22	28524	10
22	28525	10
22	28526	12
22	28527	12
22	28528	12
22	28529	12
22	28530	11
22	28531	11
22	28532	11
22	28533	11
22	28534	11
22	28535	11
22	28536	11
22	28537	11
22	28538	11
22	28539	11
22	28540	11
22	28541	11
22	28542	11
22	28543	11
22	28544	11
22	28545	11
22	28546	11
22	28547	11
22	28548	11
22	28549	11
22	28550	11
22	28551	11
22	28552	11
22	28553	11
22	28554	11
22	28555	12
22	28556	12
22	28557	12
22	28558	12
22	28559	12
22	28560	12
22	28561	12
22	28562	12
22	28563	12
22	28564	12
22	28565	12
22	28566	12
22	28567	11
22	28568	11
22	28569	9
22	28570	9
22	28571	9
22	28572	9
22	28573	8
22	28574	8
22	28575	8
22	28576	8
22	28577	8
22	28578	8
22	28579	8
22	28580	8
22	28581	8
22	28582	8
22	28583	6
22	28584	6
22	28585	6
22	28586	6
22	28587	6
22	28588	6
22	28589	6
22	28590	6
22	28591	6
22	28592	4
22	28593	4
22	28594	4
22	28595	4
22	28596	4
22	28597	4
22	28598	4
22	28599	4
22	28600	4
22	28601	4
22	28602	4
22	28603	4
22	28604	4
22	28605	4
22	28606	4
22	28607	4
22	28608	4
22	28609	4
22	28610	4
22	28611	4
22	28612	4
22	28613	4
22	28614	4
22	28615	4
22	28616	4
22	28617	4
22	28618	4
22	28619	4
22	28620	4
22	28621	4
22	28622	4
22	28623	4
22	28624	4
22	28625	4
22	28626	4
22	28627	4
22	28628	4
22	28629	4
22	28630	4
22	28631	4
22	28632	4
22	28633	4
22	28634	4
22	28635	4
22	28636	4
22	28637	4
22	28638	4
22	28639	4
22	28640	4
22	28641	4
22	28642	4
22	28643	4
22	28644	4
22	28645	4
22	28646	4
22	28647	4
22	28648	4
22	28649	4
22	28650	4
22	28651	4
22	28652	4
22	28653	4
22	28654	4
22	28655	4
22	28656	4
22	28657	4
22	28658	4
22	28659	4
22	28660	4
22	28661	4
22	28662	4
22	28663	5
22	28664	5
22	28665	6
22	28666	9
22	28667	9
22	28668	9
22	28669	9
22	28670	9
22	28671	9
22	28672	9
22	28673	9
22	28674	9
22	28675	7
22	28676	7
22	28677	7
22	28678	7
22	28679	7
22	28680	7
22	28681	7
22	28682	7
22	28683	7
22	28684	7
22	28685	7
22	28686	7
22	28687	7
22	28688	7
22	28689	7
22	28690	7
22	28691	7
22	28692	7
22	28693	7
22	28694	7
22	28695	7
22	28696	7
22	28697	8
22	28698	8
22	28699	8
22	28700	10
22	28701	10
22	28702	10
22	28703	10
22	28704	9
22	28705	9
22	28706	9
22	28707	9
22	28708	9
22	28709	9
22	28710	9
22	28711	9
22	28712	9
22	28713	9
22	28714	9
22	28715	9
22	28716	9
22	28717	9
22	28718	9
22	28719	9
22	28720	9
22	28721	9
22	28722	9
22	28723	9
22	28724	9
22	28725	9
22	28726	9
22	28727	9
22	28728	9
22	28729	9
22	28730	9
22	28731	9
22	28732	9
22	28733	9
22	28734	9
22	28735	9
22	28736	9
22	28737	9
22	28738	9
22	28739	9
22	28740	9
22	28741	9
22	28742	9
22	28743	9
22	28744	9
22	28745	9
22	28746	9
22	28747	9
22	28748	9
22	28749	9
22	28750	9
22	28751	9
22	28752	9
22	28753	9
22	28754	9
22	28755	9
22	28756	9
22	28757	9
22	28758	9
22	28759	9
22	28760	9
22	28761	9
22	28762	9
22	28763	9
22	28764	9
22	28765	9
22	28766	9
22	28767	9
22	28768	9
22	28769	9
22	28770	9
22	28771	9
22	28772	9
22	28773	9
22	28774	9
22	28775	9
22	28776	9
22	28777	9
22	28778	9
22	28779	9
22	28780	9
22	28781	9
22	28782	9
22	28783	9
22	28784	10
22	28785	10
22	28786	10
22	28787	10
22	28788	10
22	28789	10
22	28790	10
22	28791	10
22	28792	10
22	28793	10
22	28794	10
22	28795	10
22	28796	10
22	28797	10
22	28798	10
22	28799	10
22	28800	10
22	28801	10
22	28802	10
22	28803	10
22	28804	10
22	28805	10
22	28806	10
22	28807	10
22	28808	12
22	28809	12
22	28810	13
22	28811	13
22	28812	13
22	28813	12
22	28814	12
22	28815	11
22	28816	8
22	28817	8
22	28818	8
22	28819	8
22	28820	8
22	28821	8
22	28822	8
22	28823	8
22	28824	8
22	28825	8
22	28826	8
22	28827	8
22	28828	8
22	28829	8
22	28830	8
22	28831	8
22	28832	9
22	28833	9
22	28834	10
22	28835	10
22	28836	10
22	28837	10
22	28838	10
22	28839	10
22	28840	10
22	28841	10
22	28842	10
22	28843	10
22	28844	10
22	28845	10
22	28846	10
22	28847	9
22	28848	9
22	28849	10
22	28850	8
22	28851	8
22	28852	8
22	28853	8
22	28854	8
22	28855	8
22	28856	8
22	28857	8
22	28858	8
22	28859	8
22	28860	8
22	28861	8
22	28862	8
22	28863	8
22	28864	8
22	28865	8
22	28866	8
22	28867	8
22	28868	8
22	28869	9
22	28870	10
22	28871	11
22	28872	11
22	28873	11
22	28874	11
22	28875	11
22	28876	11
22	28877	11
22	28878	11
22	28879	11
22	28880	11
22	28881	11
22	28882	11
22	28883	11
22	28884	11
22	28885	11
22	28886	11
22	28887	12
22	28888	12
22	28889	12
22	28890	12
22	28891	12
22	28892	14
22	28893	14
22	28894	14
22	28895	14
22	28896	14
22	28897	14
22	28898	14
22	28899	14
22	28900	15
22	28901	14
22	28902	14
22	28903	14
22	28904	14
22	28905	14
22	28906	14
22	28907	14
22	28908	14
22	28909	14
22	28910	14
22	28911	14
22	28912	14
22	28913	14
22	28914	14
22	28915	13
22	28916	13
22	28917	13
22	28918	13
22	28919	13
22	28920	13
22	28921	13
22	28922	13
22	28923	13
22	28924	15
22	28925	15
22	28926	15
22	28927	15
22	28928	15
22	28929	15
22	28930	15
22	28931	15
22	28932	15
22	28933	15
22	28934	15
22	28935	15
22	28936	15
22	28937	15
22	28938	15
22	28939	15
22	28940	15
22	28941	15
22	28942	15
22	28943	15
22	28944	15
22	28945	15
22	28946	15
22	28947	15
22	28948	15
22	28949	15
22	28950	15
22	28951	15
22	28952	15
22	28953	15
22	28954	15
22	28955	15
22	28956	15
22	28957	16
22	28958	16
22	28959	16
22	28960	16
22	28961	16
22	28962	16
22	28963	16
22	28964	16
22	28965	16
22	28966	16
22	28967	16
22	28968	16
22	28969	16
22	28970	16
22	28971	16
22	28972	16
22	28973	16
22	28974	16
22	28975	16
22	28976	16
22	28977	16
22	28978	16
22	28979	16
22	28980	16
22	28981	16
22	28982	15
22	28983	15
22	28984	15
22	28985	15
22	28986	15
22	28987	15
22	28988	15
22	28989	15
22	28990	15
22	28991	15
22	28992	15
22	28993	15
22	28994	15
22	28995	15
22	28996	15
22	28997	15
22	28998	15
22	28999	14
22	29000	14
22	29001	14
22	29002	14
22	29003	14
22	29004	14
22	29005	14
22	29006	14
22	29007	14
22	29008	14
22	29009	14
22	29010	14
22	29011	16
22	29012	16
22	29013	16
22	29014	16
22	29015	16
22	29016	16
22	29017	16
22	29018	16
22	29019	15
22	29020	14
22	29021	13
22	29022	13
22	29023	13
22	29024	13
22	29025	13
22	29026	13
22	29027	13
22	29028	13
22	29029	13
22	29030	13
22	29031	13
22	29032	13
22	29033	15
22	29034	15
22	29035	14
22	29036	14
22	29037	14
22	29038	14
22	29039	14
22	29040	14
22	29041	14
22	29042	12
22	29043	12
22	29044	12
22	29045	12
22	29046	12
22	29047	13
22	29048	14
22	29049	15
22	29050	14
22	29051	13
22	29052	13
22	29053	13
22	29054	13
22	29055	13
22	29056	13
22	29057	13
22	29058	13
22	29059	13
22	29060	13
22	29061	13
22	29062	13
22	29063	14
22	29064	14
22	29065	14
22	29066	15
22	29067	15
22	29068	15
22	29069	15
22	29070	15
22	29071	15
22	29072	15
22	29073	15
22	29074	13
22	29075	13
22	29076	13
22	29077	14
22	29078	14
22	29079	14
22	29080	14
22	29081	14
22	29082	14
22	29083	14
22	29084	13
22	29085	13
22	29086	13
22	29087	13
22	29088	13
22	29089	13
22	29090	13
22	29091	13
22	29092	13
22	29093	13
22	29094	13
22	29095	13
22	29096	13
22	29097	13
22	29098	13
22	29099	13
22	29100	13
22	29101	13
22	29102	13
22	29103	13
22	29104	13
22	29105	13
22	29106	13
22	29107	13
22	29108	13
22	29109	13
22	29110	13
22	29111	13
22	29112	13
22	29113	13
22	29114	13
22	29115	13
22	29116	14
22	29117	14
22	29118	14
22	29119	14
22	29120	14
22	29121	14
22	29122	14
22	29123	14
22	29124	14
22	29125	14
22	29126	14
22	29127	14
22	29128	14
22	29129	14
22	29130	14
22	29131	14
22	29132	13
22	29133	13
22	29134	13
22	29135	13
22	29136	13
22	29137	13
22	29138	13
22	29139	13
22	29140	13
22	29141	13
22	29142	13
22	29143	13
22	29144	13
22	29145	13
22	29146	13
22	29147	13
22	29148	13
22	29149	13
22	29150	13
22	29151	13
22	29152	13
22	29153	13
22	29154	13
22	29155	13
22	29156	13
22	29157	13
22	29158	13
22	29159	13
22	29160	13
22	29161	13
22	29162	13
22	29163	13
22	29164	13
22	29165	13
22	29166	13
22	29167	13
22	29168	13
22	29169	13
22	29170	13
22	29171	13
22	29172	13
22	29173	13
22	29174	13
22	29175	13
22	29176	13
22	29177	14
22	29178	14
22	29179	14
22	29180	14
22	29181	14
22	29182	14
22	29183	13
22	29184	13
22	29185	13
22	29186	13
22	29187	13
22	29188	13
22	29189	13
22	29190	13
22	29191	13
22	29192	13
22	29193	13
22	29194	13
22	29195	13
22	29196	12
22	29197	11
22	29198	11
22	29199	10
22	29200	11
22	29201	11
22	29202	11
22	29203	11
22	29204	11
22	29205	11
22	29206	11
22	29207	11
22	29208	11
22	29209	11
22	29210	11
22	29211	11
22	29212	11
22	29213	10
22	29214	10
22	29215	10
22	29216	9
22	29217	9
22	29218	9
22	29219	9
22	29220	9
22	29221	9
22	29222	9
22	29223	10
22	29224	10
22	29225	10
22	29226	9
22	29227	9
22	29228	9
22	29229	9
22	29230	9
22	29231	9
22	29232	9
22	29233	9
22	29234	9
22	29235	9
22	29236	9
22	29237	9
22	29238	10
22	29239	10
22	29240	10
22	29241	10
22	29242	10
22	29243	10
22	29244	10
22	29245	10
22	29246	10
22	29247	10
22	29248	10
22	29249	10
22	29250	10
22	29251	10
22	29252	10
22	29253	10
22	29254	10
22	29255	10
22	29256	10
22	29257	9
22	29258	9
22	29259	8
22	29260	8
22	29261	8
22	29262	8
22	29263	8
22	29264	8
22	29265	8
22	29266	7
22	29267	7
22	29268	7
22	29269	7
22	29270	7
22	29271	7
22	29272	7
22	29273	7
22	29274	7
22	29275	7
22	29276	7
22	29277	7
22	29278	7
22	29279	7
22	29280	7
22	29281	7
22	29282	7
22	29283	7
22	29284	7
22	29285	7
22	29286	7
22	29287	7
22	29288	7
22	29289	7
22	29290	7
22	29291	7
22	29292	7
22	29293	7
22	29294	7
22	29295	7
22	29296	7
22	29297	7
22	29298	7
22	29299	7
22	29300	7
22	29301	5
22	29302	5
22	29303	5
22	29304	5
22	29305	5
22	29306	5
22	29307	5
22	29308	5
22	29309	5
22	29310	4
22	29311	4
22	29312	4
22	29313	4
22	29314	4
22	29315	4
22	29316	4
22	29317	4
22	29318	5
22	29319	5
22	29320	5
22	29321	5
22	29322	5
22	29323	5
22	29324	5
22	29325	5
22	29326	5
22	29327	4
22	29328	4
22	29329	4
22	29330	4
22	29331	4
22	29332	4
22	29333	4
22	29334	4
22	29335	4
22	29336	4
22	29337	4
22	29338	4
22	29339	4
22	29340	4
22	29341	4
22	29342	4
22	29343	4
22	29344	4
22	29345	4
22	29346	4
22	29347	4
22	29348	4
22	29349	4
22	29350	3
22	29351	3
22	29352	3
22	29353	3
22	29354	3
22	29355	3
22	29356	3
22	29357	3
22	29358	3
22	29359	3
22	29360	3
22	29361	3
22	29362	3
22	29363	3
22	29364	3
22	29365	3
22	29366	3
22	29367	3
22	29368	3
22	29369	3
22	29370	3
22	29371	3
22	29372	3
22	29373	3
22	29374	3
22	29375	3
22	29376	3
22	29377	3
22	29378	3
22	29379	3
22	29380	3
22	29381	3
22	29382	3
22	29383	3
22	29384	3
22	29385	3
22	29386	3
22	29387	3
22	29388	2
22	29389	2
22	29390	2
22	29391	2
22	29392	2
22	29393	2
22	29394	2
22	29395	2
22	29396	2
22	29397	2
22	29398	2
22	29399	2
22	29400	2
22	29401	2
22	29402	2
22	29403	2
22	29404	2
22	29405	2
22	29406	3
22	29407	3
22	29408	3
22	29409	3
22	29410	3
22	29411	3
22	29412	3
22	29413	3
22	29414	3
22	29415	3
22	29416	3
22	29417	3
22	29418	3
22	29419	3
22	29420	3
22	29421	3
22	29422	3
22	29423	3
22	29424	3
22	29425	4
22	29426	4
22	29427	4
22	29428	4
22	29429	4
22	29430	4
22	29431	4
22	29432	4
22	29433	5
22	29434	5
22	29435	5
22	29436	5
22	29437	5
22	29438	5
22	29439	5
22	29440	5
22	29441	5
22	29442	5
22	29443	5
22	29444	5
22	29445	6
22	29446	6
22	29447	6
22	29448	6
22	29449	6
22	29450	5
22	29451	5
22	29452	5
22	29453	5
22	29454	5
22	29455	5
22	29456	5
22	29457	5
22	29458	5
22	29459	5
22	29460	5
22	29461	5
22	29462	5
22	29463	5
22	29464	5
22	29465	5
22	29466	5
22	29467	5
22	29468	5
22	29469	5
22	29470	5
22	29471	5
22	29472	5
22	29473	5
22	29474	5
22	29475	5
22	29476	5
22	29477	5
22	29478	5
22	29479	5
22	29480	4
22	29481	4
22	29482	4
22	29483	4
22	29484	4
22	29485	4
22	29486	4
22	29487	4
22	29488	4
22	29489	4
22	29490	4
22	29491	4
22	29492	4
22	29493	4
22	29494	4
22	29495	4
22	29496	4
22	29497	4
22	29498	4
22	29499	4
22	29500	4
22	29501	4
22	29502	4
22	29503	6
22	29504	6
22	29505	6
22	29506	6
22	29507	7
22	29508	7
22	29509	7
22	29510	7
22	29511	7
22	29512	7
22	29513	7
22	29514	7
22	29515	7
22	29516	7
22	29517	7
22	29518	7
22	29519	7
22	29520	7
22	29521	7
22	29522	7
22	29523	7
22	29524	7
22	29525	7
22	29526	7
22	29527	7
22	29528	7
22	29529	7
22	29530	7
22	29531	7
22	29532	7
22	29533	7
22	29534	7
22	29535	7
22	29536	7
22	29537	7
22	29538	7
22	29539	7
22	29540	7
22	29541	7
22	29542	7
22	29543	8
22	29544	9
22	29545	9
22	29546	9
22	29547	9
22	29548	9
22	29549	9
22	29550	9
22	29551	9
22	29552	9
22	29553	9
22	29554	9
22	29555	9
22	29556	9
22	29557	9
22	29558	9
22	29559	9
22	29560	9
22	29561	9
22	29562	9
22	29563	9
22	29564	9
22	29565	9
22	29566	9
22	29567	9
22	29568	9
22	29569	9
22	29570	9
22	29571	9
22	29572	9
22	29573	9
22	29574	9
22	29575	8
22	29576	8
22	29577	8
22	29578	8
22	29579	8
22	29580	8
22	29581	8
22	29582	8
22	29583	7
22	29584	7
22	29585	7
22	29586	7
22	29587	6
22	29588	6
22	29589	6
22	29590	6
22	29591	6
22	29592	6
22	29593	6
22	29594	5
22	29595	5
22	29596	5
22	29597	5
22	29598	5
22	29599	5
22	29600	5
22	29601	5
22	29602	5
22	29603	5
22	29604	5
22	29605	5
22	29606	6
22	29607	6
22	29608	6
22	29609	6
22	29610	6
22	29611	6
22	29612	7
22	29613	7
22	29614	7
22	29615	7
22	29616	7
22	29617	7
22	29618	7
22	29619	7
22	29620	7
22	29621	7
22	29622	7
22	29623	7
22	29624	7
22	29625	7
22	29626	7
22	29627	7
22	29628	7
22	29629	7
22	29630	7
22	29631	7
22	29632	7
22	29633	7
22	29634	7
22	29635	7
22	29636	7
22	29637	7
22	29638	7
22	29639	7
22	29640	7
22	29641	7
22	29642	7
22	29643	7
22	29644	7
22	29645	7
22	29646	7
22	29647	7
22	29648	7
22	29649	7
22	29650	8
22	29651	9
22	29652	7
22	29653	7
22	29654	7
22	29655	7
22	29656	7
22	29657	6
22	29658	6
22	29659	6
22	29660	6
22	29661	6
22	29662	6
22	29663	6
22	29664	6
22	29665	6
22	29666	6
22	29667	6
22	29668	6
22	29669	6
22	29670	6
22	29671	6
22	29672	6
22	29673	6
22	29674	6
22	29675	6
22	29676	6
22	29677	6
22	29678	6
22	29679	6
22	29680	6
22	29681	6
22	29682	6
22	29683	6
22	29684	6
22	29685	6
22	29686	6
22	29687	6
22	29688	6
22	29689	6
22	29690	6
22	29691	6
22	29692	5
22	29693	5
22	29694	5
22	29695	5
22	29696	5
22	29697	5
22	29698	5
22	29699	5
22	29700	5
22	29701	5
22	29702	5
22	29703	5
22	29704	5
22	29705	5
22	29706	5
22	29707	5
22	29708	5
22	29709	5
22	29710	5
22	29711	5
22	29712	5
22	29713	5
22	29714	5
22	29715	5
22	29716	5
22	29717	5
22	29718	5
22	29719	5
22	29720	5
22	29721	5
22	29722	5
22	29723	5
22	29724	5
22	29725	5
22	29726	5
22	29727	4
22	29728	4
22	29729	4
22	29730	4
22	29731	4
22	29732	4
22	29733	4
22	29734	5
22	29735	5
22	29736	5
22	29737	5
22	29738	5
22	29739	5
22	29740	5
22	29741	5
22	29742	5
22	29743	5
22	29744	5
22	29745	5
22	29746	5
22	29747	5
22	29748	5
22	29749	5
22	29750	5
22	29751	5
22	29752	8
22	29753	8
22	29754	8
22	29755	8
22	29756	7
22	29757	7
22	29758	6
22	29759	6
22	29760	6
22	29761	6
22	29762	6
22	29763	6
22	29764	6
22	29765	6
22	29766	6
22	29767	6
22	29768	6
22	29769	6
22	29770	7
22	29771	7
22	29772	7
22	29773	7
22	29774	7
22	29775	7
22	29776	7
22	29777	7
22	29778	7
22	29779	7
22	29780	8
22	29781	8
22	29782	8
22	29783	8
22	29784	8
22	29785	8
22	29786	8
22	29787	8
22	29788	8
22	29789	8
22	29790	8
22	29791	8
22	29792	8
22	29793	8
22	29794	8
22	29795	8
22	29796	8
22	29797	8
22	29798	8
22	29799	8
22	29800	6
22	29801	6
22	29802	6
22	29803	6
22	29804	6
22	29805	6
22	29806	6
22	29807	6
22	29808	6
22	29809	6
22	29810	6
22	29811	6
22	29812	6
22	29813	6
22	29814	6
22	29815	6
22	29816	6
22	29817	6
22	29818	6
22	29819	6
22	29820	6
22	29821	6
22	29822	6
22	29823	6
22	29824	6
22	29825	7
22	29826	7
22	29827	7
22	29828	7
22	29829	7
22	29830	7
22	29831	7
22	29832	7
22	29833	7
22	29834	7
22	29835	7
22	29836	7
22	29837	7
22	29838	7
22	29839	7
22	29840	8
22	29841	8
22	29842	8
22	29843	8
22	29844	9
22	29845	9
22	29846	9
22	29847	9
22	29848	11
22	29849	11
22	29850	11
22	29851	11
22	29852	11
22	29853	11
22	29854	11
22	29855	11
22	29856	11
22	29857	11
22	29858	11
22	29859	11
22	29860	11
22	29861	11
22	29862	11
22	29863	11
22	29864	11
22	29865	11
22	29866	11
22	29867	11
22	29868	11
22	29869	11
22	29870	11
22	29871	11
22	29872	11
22	29873	11
22	29874	11
22	29875	11
22	29876	11
22	29877	11
22	29878	11
22	29879	11
22	29880	11
22	29881	11
22	29882	11
22	29883	11
22	29884	10
22	29885	10
22	29886	10
22	29887	10
22	29888	10
22	29889	10
22	29890	10
22	29891	10
22	29892	10
22	29893	10
22	29894	10
22	29895	10
22	29896	10
22	29897	10
22	29898	10
22	29899	10
22	29900	10
22	29901	10
22	29902	7
22	29903	7
22	29904	7
22	29905	7
22	29906	7
22	29907	7
22	29908	7
22	29909	7
22	29910	8
22	29911	8
22	29912	8
22	29913	8
22	29914	8
22	29915	8
22	29916	9
22	29917	9
22	29918	9
22	29919	9
22	29920	8
22	29921	8
22	29922	8
22	29923	8
22	29924	8
22	29925	8
22	29926	8
22	29927	8
22	29928	8
22	29929	8
22	29930	7
22	29931	7
22	29932	8
22	29933	8
22	29934	8
22	29935	8
22	29936	8
22	29937	8
22	29938	8
22	29939	8
22	29940	8
22	29941	8
22	29942	8
22	29943	8
22	29944	8
22	29945	8
22	29946	8
22	29947	8
22	29948	8
22	29949	8
22	29950	8
22	29951	8
22	29952	8
22	29953	8
22	29954	8
22	29955	8
22	29956	8
22	29957	8
22	29958	8
22	29959	8
22	29960	8
22	29961	8
22	29962	10
22	29963	10
22	29964	10
22	29965	10
22	29966	10
22	29967	10
22	29968	10
22	29969	10
22	29970	10
22	29971	10
22	29972	10
22	29973	10
22	29974	10
22	29975	9
22	29976	9
22	29977	9
22	29978	9
22	29979	9
22	29980	9
22	29981	9
22	29982	9
22	29983	9
22	29984	9
22	29985	9
22	29986	9
22	29987	9
22	29988	13
22	29989	13
22	29990	12
22	29991	12
22	29992	12
22	29993	12
22	29994	11
22	29995	11
22	29996	11
22	29997	9
22	29998	9
22	29999	9
22	30000	9
22	30001	9
22	30002	9
22	30003	9
22	30004	9
22	30005	9
22	30006	9
22	30007	9
22	30008	9
22	30009	9
22	30010	9
22	30011	9
22	30012	9
22	30013	9
22	30014	9
22	30015	9
22	30016	9
22	30017	9
22	30018	10
22	30019	11
22	30020	11
22	30021	12
22	30022	12
22	30023	12
22	30024	12
22	30025	12
22	30026	12
22	30027	12
22	30028	12
22	30029	12
22	30030	12
22	30031	12
22	30032	12
22	30033	12
22	30034	12
22	30035	12
22	30036	13
22	30037	13
22	30038	13
22	30039	13
22	30040	13
22	30041	13
22	30042	13
22	30043	13
22	30044	13
22	30045	13
22	30046	14
22	30047	14
22	30048	14
22	30049	14
22	30050	14
22	30051	14
22	30052	14
22	30053	14
22	30054	14
22	30055	14
22	30056	14
22	30057	14
22	30058	14
22	30059	14
22	30060	13
22	30061	13
22	30062	13
22	30063	13
22	30064	13
22	30065	13
22	30066	12
22	30067	12
22	30068	12
22	30069	12
22	30070	12
22	30071	12
22	30072	12
22	30073	12
22	30074	12
22	30075	12
22	30076	12
22	30077	12
22	30078	12
22	30079	12
22	30080	12
22	30081	12
22	30082	11
22	30083	11
22	30084	11
22	30085	11
22	30086	12
22	30087	12
22	30088	12
22	30089	12
22	30090	12
22	30091	12
22	30092	12
22	30093	12
22	30094	12
22	30095	12
22	30096	12
22	30097	13
22	30098	13
22	30099	13
22	30100	13
22	30101	14
22	30102	14
22	30103	14
22	30104	14
22	30105	14
22	30106	14
22	30107	14
22	30108	14
22	30109	14
22	30110	12
22	30111	12
22	30112	12
22	30113	12
22	30114	12
22	30115	12
22	30116	12
22	30117	12
22	30118	12
22	30119	12
22	30120	12
22	30121	12
22	30122	12
22	30123	12
22	30124	12
22	30125	12
22	30126	12
22	30127	12
22	30128	12
22	30129	12
22	30130	12
22	30131	12
22	30132	12
22	30133	12
22	30134	12
22	30135	12
22	30136	8
22	30137	8
22	30138	8
22	30139	8
22	30140	8
22	30141	8
22	30142	8
22	30143	8
22	30144	8
22	30145	8
22	30146	8
22	30147	9
22	30148	9
22	30149	9
22	30150	10
22	30151	10
22	30152	10
22	30153	10
22	30154	10
22	30155	10
22	30156	10
22	30157	10
22	30158	10
22	30159	10
22	30160	10
22	30161	10
22	30162	10
22	30163	10
22	30164	10
22	30165	10
22	30166	10
22	30167	9
22	30168	8
22	30169	8
22	30170	7
22	30171	7
22	30172	7
22	30173	7
22	30174	7
22	30175	7
22	30176	7
22	30177	8
22	30178	8
22	30179	8
22	30180	8
22	30181	9
22	30182	9
22	30183	9
22	30184	10
22	30185	10
22	30186	10
22	30187	10
22	30188	10
22	30189	10
22	30190	10
22	30191	10
22	30192	11
22	30193	11
22	30194	10
22	30195	10
22	30196	10
22	30197	10
22	30198	10
22	30199	10
22	30200	10
22	30201	10
22	30202	10
22	30203	10
22	30204	10
22	30205	10
22	30206	10
22	30207	10
22	30208	10
22	30209	10
22	30210	10
22	30211	10
22	30212	10
22	30213	10
22	30214	10
22	30215	10
22	30216	10
22	30217	10
22	30218	10
22	30219	11
22	30220	11
22	30221	11
22	30222	11
22	30223	11
22	30224	11
22	30225	11
22	30226	12
22	30227	12
22	30228	12
22	30229	12
22	30230	12
22	30231	12
22	30232	12
22	30233	12
22	30234	12
22	30235	11
22	30236	13
22	30237	13
22	30238	13
22	30239	13
22	30240	13
22	30241	13
22	30242	13
22	30243	15
22	30244	15
22	30245	15
22	30246	15
22	30247	14
22	30248	14
22	30249	14
22	30250	13
22	30251	13
22	30252	13
22	30253	13
22	30254	13
22	30255	13
22	30256	13
22	30257	13
22	30258	13
22	30259	13
22	30260	13
22	30261	13
22	30262	13
22	30263	13
22	30264	13
22	30265	13
22	30266	13
22	30267	14
22	30268	14
22	30269	14
22	30270	14
22	30271	14
22	30272	14
22	30273	14
22	30274	14
22	30275	14
22	30276	15
22	30277	15
22	30278	15
22	30279	15
22	30280	15
22	30281	15
22	30282	15
22	30283	15
22	30284	15
22	30285	15
22	30286	15
22	30287	15
22	30288	15
22	30289	16
22	30290	16
22	30291	16
22	30292	16
22	30293	16
22	30294	16
22	30295	16
22	30296	16
22	30297	15
22	30298	15
22	30299	15
22	30300	14
22	30301	14
22	30302	14
22	30303	14
22	30304	14
22	30305	14
22	30306	14
22	30307	14
22	30308	14
22	30309	14
22	30310	14
22	30311	14
22	30312	14
22	30313	14
22	30314	14
22	30315	14
22	30316	15
22	30317	15
22	30318	15
22	30319	15
22	30320	15
22	30321	16
22	30322	16
22	30323	16
22	30324	17
22	30325	16
22	30326	16
22	30327	16
22	30328	16
22	30329	16
22	30330	15
22	30331	15
22	30332	14
22	30333	14
22	30334	13
22	30335	13
22	30336	13
22	30337	13
22	30338	13
22	30339	13
22	30340	13
22	30341	13
22	30342	12
22	30343	12
22	30344	12
22	30345	12
22	30346	12
22	30347	12
22	30348	12
22	30349	13
22	30350	13
22	30351	13
22	30352	13
22	30353	13
22	30354	13
22	30355	13
22	30356	13
22	30357	13
22	30358	13
22	30359	14
22	30360	14
22	30361	14
22	30362	14
22	30363	14
22	30364	14
22	30365	14
22	30366	14
22	30367	14
22	30368	14
22	30369	13
22	30370	14
22	30371	14
22	30372	14
22	30373	14
22	30374	14
22	30375	14
22	30376	13
22	30377	13
22	30378	13
22	30379	13
22	30380	13
22	30381	13
22	30382	13
22	30383	13
22	30384	13
22	30385	13
22	30386	11
22	30387	11
22	30388	11
22	30389	11
22	30390	11
22	30391	11
22	30392	11
22	30393	9
22	30394	9
22	30395	9
22	30396	9
22	30397	9
22	30398	9
22	30399	9
22	30400	9
22	30401	9
22	30402	11
22	30403	11
22	30404	11
22	30405	11
22	30406	11
22	30407	11
22	30408	11
22	30409	11
22	30410	12
22	30411	12
22	30412	12
22	30413	12
22	30414	12
22	30415	12
22	30416	12
22	30417	11
22	30418	11
22	30419	11
22	30420	11
22	30421	11
22	30422	13
22	30423	13
22	30424	13
22	30425	13
22	30426	12
22	30427	12
22	30428	12
22	30429	12
22	30430	12
22	30431	12
22	30432	12
22	30433	12
22	30434	12
22	30435	12
22	30436	12
22	30437	12
22	30438	13
22	30439	12
22	30440	12
22	30441	13
22	30442	13
22	30443	13
22	30444	13
22	30445	13
22	30446	13
22	30447	13
22	30448	13
22	30449	13
22	30450	13
22	30451	13
22	30452	13
22	30453	13
22	30454	13
22	30455	13
22	30456	13
22	30457	13
22	30458	13
22	30459	13
22	30460	13
22	30461	13
22	30462	13
22	30463	13
22	30464	13
22	30465	12
22	30466	12
22	30467	12
22	30468	12
22	30469	12
22	30470	12
22	30471	12
22	30472	12
22	30473	12
22	30474	11
22	30475	11
22	30476	12
22	30477	12
22	30478	12
22	30479	12
22	30480	12
22	30481	12
22	30482	12
22	30483	12
22	30484	12
22	30485	12
22	30486	12
22	30487	12
22	30488	12
22	30489	12
22	30490	12
22	30491	12
22	30492	12
22	30493	12
22	30494	13
22	30495	13
22	30496	13
22	30497	13
22	30498	12
22	30499	12
22	30500	12
22	30501	12
22	30502	12
22	30503	12
22	30504	13
22	30505	13
22	30506	13
22	30507	13
22	30508	12
22	30509	12
22	30510	12
22	30511	12
22	30512	12
22	30513	12
22	30514	13
22	30515	13
22	30516	13
22	30517	13
22	30518	14
22	30519	14
22	30520	14
22	30521	14
22	30522	14
22	30523	14
22	30524	14
22	30525	14
22	30526	14
22	30527	14
22	30528	14
22	30529	14
22	30530	14
22	30531	14
22	30532	14
22	30533	14
22	30534	14
22	30535	14
22	30536	14
22	30537	14
22	30538	14
22	30539	14
22	30540	14
22	30541	14
22	30542	14
22	30543	14
22	30544	14
22	30545	14
22	30546	14
22	30547	14
22	30548	14
22	30549	14
22	30550	14
22	30551	14
22	30552	12
22	30553	12
22	30554	12
22	30555	12
22	30556	12
22	30557	12
22	30558	12
22	30559	12
22	30560	11
22	30561	11
22	30562	11
22	30563	11
22	30564	11
22	30565	11
22	30566	11
22	30567	11
22	30568	11
22	30569	13
22	30570	13
22	30571	14
22	30572	12
22	30573	12
22	30574	12
22	30575	12
22	30576	12
22	30577	12
22	30578	12
22	30579	12
22	30580	12
22	30581	12
22	30582	12
22	30583	12
22	30584	12
22	30585	12
22	30586	12
22	30587	12
22	30588	11
22	30589	11
22	30590	10
22	30591	10
22	30592	10
22	30593	10
22	30594	10
22	30595	10
22	30596	10
22	30597	10
22	30598	10
22	30599	10
22	30600	10
22	30601	10
22	30602	10
22	30603	10
22	30604	10
22	30605	10
22	30606	10
22	30607	10
22	30608	10
22	30609	10
22	30610	10
22	30611	10
22	30612	10
22	30613	10
22	30614	10
22	30615	10
22	30616	12
22	30617	12
22	30618	11
22	30619	11
22	30620	11
22	30621	11
22	30622	11
22	30623	11
22	30624	11
22	30625	10
22	30626	10
22	30627	10
22	30628	10
22	30629	10
22	30630	10
22	30631	10
22	30632	11
22	30633	11
22	30634	11
22	30635	11
22	30636	11
22	30637	11
22	30638	11
22	30639	11
22	30640	11
22	30641	11
22	30642	11
22	30643	11
22	30644	10
22	30645	10
22	30646	10
22	30647	10
22	30648	10
22	30649	10
22	30650	10
22	30651	10
22	30652	10
22	30653	10
22	30654	9
22	30655	9
22	30656	9
22	30657	9
22	30658	10
22	30659	10
22	30660	10
22	30661	10
22	30662	9
22	30663	9
22	30664	9
22	30665	9
22	30666	9
22	30667	9
22	30668	7
22	30669	7
22	30670	7
22	30671	7
22	30672	7
22	30673	7
22	30674	7
22	30675	7
22	30676	7
22	30677	7
22	30678	7
22	30679	7
22	30680	7
22	30681	8
22	30682	8
22	30683	8
22	30684	8
22	30685	8
22	30686	8
22	30687	8
22	30688	8
22	30689	8
22	30690	8
22	30691	8
22	30692	8
22	30693	8
22	30694	8
22	30695	8
22	30696	8
22	30697	8
22	30698	8
22	30699	8
22	30700	8
22	30701	9
22	30702	9
22	30703	9
22	30704	9
22	30705	9
22	30706	9
22	30707	9
22	30708	9
22	30709	9
22	30710	9
22	30711	9
22	30712	9
22	30713	9
22	30714	9
22	30715	9
22	30716	12
22	30717	12
22	30718	12
22	30719	10
22	30720	10
22	30721	10
22	30722	10
22	30723	10
22	30724	10
22	30725	10
22	30726	10
22	30727	10
22	30728	10
22	30729	10
22	30730	10
22	30731	10
22	30732	10
22	30733	10
22	30734	10
22	30735	10
22	30736	10
22	30737	10
22	30738	10
22	30739	10
22	30740	10
22	30741	10
22	30742	10
22	30743	10
22	30744	10
22	30745	11
22	30746	11
22	30747	11
22	30748	11
22	30749	11
22	30750	11
22	30751	11
22	30752	11
22	30753	11
22	30754	11
22	30755	11
22	30756	11
22	30757	11
22	30758	11
22	30759	11
22	30760	11
22	30761	11
22	30762	11
22	30763	11
22	30764	11
22	30765	9
22	30766	9
22	30767	9
22	30768	9
22	30769	9
22	30770	9
22	30771	9
22	30772	9
22	30773	9
22	30774	9
22	30775	9
22	30776	9
22	30777	9
22	30778	9
22	30779	9
22	30780	9
22	30781	8
22	30782	8
22	30783	8
22	30784	8
22	30785	8
22	30786	8
22	30787	8
22	30788	8
22	30789	8
22	30790	8
22	30791	8
22	30792	8
22	30793	8
22	30794	8
22	30795	8
22	30796	8
22	30797	8
22	30798	8
22	30799	8
22	30800	10
22	30801	10
22	30802	10
22	30803	10
22	30804	10
22	30805	10
22	30806	10
22	30807	10
22	30808	9
22	30809	9
22	30810	9
22	30811	9
22	30812	9
22	30813	9
22	30814	9
22	30815	9
22	30816	9
22	30817	9
22	30818	9
22	30819	9
22	30820	8
22	30821	8
22	30822	8
22	30823	8
22	30824	8
22	30825	8
22	30826	8
22	30827	8
22	30828	8
22	30829	8
22	30830	8
22	30831	8
22	30832	8
22	30833	8
22	30834	8
22	30835	8
22	30836	8
22	30837	8
22	30838	8
22	30839	8
22	30840	8
22	30841	8
22	30842	8
22	30843	8
22	30844	8
22	30845	8
22	30846	8
22	30847	8
22	30848	8
22	30849	8
22	30850	8
22	30851	7
22	30852	7
22	30853	7
22	30854	8
22	30855	8
22	30856	8
22	30857	8
22	30858	8
22	30859	8
22	30860	8
22	30861	8
22	30862	8
22	30863	8
22	30864	8
22	30865	8
22	30866	4
22	30867	4
22	30868	4
22	30869	4
22	30870	4
22	30871	4
22	30872	4
22	30873	4
22	30874	4
22	30875	4
22	30876	4
22	30877	4
22	30878	4
22	30879	4
22	30880	4
22	30881	4
22	30882	4
22	30883	4
22	30884	4
22	30885	4
22	30886	4
22	30887	4
22	30888	4
22	30889	4
22	30890	4
22	30891	2
22	30892	2
22	30893	2
22	30894	2
22	30895	2
22	30896	2
22	30897	2
22	30898	2
22	30899	2
22	30900	2
22	30901	2
22	30902	2
22	30903	2
22	30904	2
22	30905	2
22	30906	2
22	30907	2
22	30908	2
22	30909	2
22	30910	2
22	30911	2
22	30912	2
22	30913	2
22	30914	2
22	30915	2
22	30916	2
22	30917	2
22	30918	2
22	30919	2
22	30920	2
22	30921	2
22	30922	2
22	30923	2
22	30924	2
22	30925	2
22	30926	2
22	30927	2
22	30928	2
22	30929	2
22	30930	2
22	30931	2
22	30932	2
22	30933	2
22	30934	2
22	30935	2
22	30936	2
22	30937	2
22	30938	2
22	30939	2
22	30940	2
22	30941	2
22	30942	2
22	30943	2
22	30944	2
22	30945	2
22	30946	2
22	30947	2
22	30948	2
22	31064	1
22	31065	1
22	31066	1
22	31067	1
22	31068	1
22	31069	2
22	31070	2
22	31071	2
22	31072	2
22	31073	2
22	31074	2
22	31075	2
22	31076	2
22	31077	2
22	31078	2
22	31079	3
22	31080	3
22	31081	3
22	31082	4
22	31083	4
22	31084	4
22	31085	4
22	31086	4
22	31087	4
22	31088	4
22	31089	4
22	31090	4
22	31091	4
22	31092	4
22	31093	4
22	31094	4
22	31095	4
22	31096	4
22	31097	4
22	31098	4
22	31099	4
22	31100	4
22	31101	4
22	31102	4
22	31103	4
22	31104	4
22	31105	4
22	31106	4
22	31107	4
22	31108	5
22	31109	5
22	31110	5
22	31111	5
22	31112	5
22	31113	5
22	31114	5
22	31115	5
22	31116	5
22	31117	5
22	31118	5
22	31119	5
22	31120	5
22	31121	5
22	31122	5
22	31123	5
22	31124	5
22	31125	5
22	31126	5
22	31127	5
22	31128	5
22	31129	5
22	31130	5
22	31131	5
22	31132	5
22	31133	5
22	31134	7
22	31135	8
22	31136	8
22	31137	8
22	31138	8
22	31139	8
22	31140	8
22	31141	8
22	31142	8
22	31143	8
22	31144	8
22	31145	8
22	31146	8
22	31147	8
22	31148	8
22	31149	8
22	31150	8
22	31151	8
22	31152	8
22	31153	8
22	31154	8
22	31155	8
22	31156	8
22	31157	8
22	31158	8
22	31159	8
22	31160	8
22	31161	8
22	31162	8
22	31163	8
22	31164	8
22	31165	8
22	31166	8
22	31167	8
22	31168	8
22	31169	8
22	31170	8
22	31171	8
22	31172	8
22	31173	8
22	31174	8
22	31175	8
22	31176	8
22	31177	8
22	31178	8
22	31179	8
22	31180	8
22	31181	8
22	31182	8
22	31183	8
22	31184	8
22	31185	8
22	31186	8
22	31187	9
22	31188	9
22	31189	9
22	31190	9
22	31191	9
22	31192	9
22	31193	9
22	31194	10
22	31195	10
22	31196	10
22	31197	10
22	31198	10
22	31199	9
22	31200	9
22	31201	9
22	31202	9
22	31203	10
22	31204	10
22	31205	11
22	31206	11
22	31207	11
22	31208	11
22	31209	11
22	31210	11
22	31211	11
22	31212	11
22	31213	10
22	31214	10
22	31215	10
22	31216	10
22	31217	10
22	31218	9
22	31219	9
22	31220	9
22	31221	9
22	31222	9
22	31223	8
22	31224	8
22	31225	8
22	31226	8
22	31227	8
22	31228	8
22	31229	8
22	31230	8
22	31231	8
22	31232	8
22	31233	8
22	31234	8
22	31235	8
22	31236	9
22	31237	9
22	31238	9
22	31239	9
22	31240	9
22	31241	9
22	31242	9
22	31243	9
22	31244	9
22	31245	9
22	31246	10
22	31247	10
22	31248	11
22	31249	12
22	31250	12
22	31251	12
22	31252	13
22	31253	13
22	31254	13
22	31255	12
22	31256	12
22	31257	12
22	31258	12
22	31259	10
22	31260	12
22	31261	12
22	31262	12
22	31263	12
22	31264	12
22	31265	12
22	31266	12
22	31267	12
22	31268	12
22	31269	12
22	31270	12
22	31271	12
22	31272	12
22	31273	12
22	31274	12
22	31275	12
22	31276	12
22	31277	12
22	31278	12
22	31279	12
22	31280	12
22	31281	12
22	31282	12
22	31283	11
22	31284	9
22	31285	9
22	31286	9
22	31287	9
22	31288	9
22	31289	9
22	31290	9
22	31291	9
22	31292	9
22	31293	9
22	31294	9
22	31295	9
22	31296	9
22	31297	9
22	31298	9
22	31299	9
22	31300	9
22	31301	9
22	31302	9
22	31303	9
22	31304	9
22	31305	9
22	31306	9
22	31307	9
22	31308	9
22	31309	9
22	31310	9
22	31311	10
22	31312	11
22	31313	11
22	31314	11
22	31315	11
22	31316	11
22	31317	11
22	31318	11
22	31319	11
22	31320	11
22	31321	12
22	31322	12
22	31323	12
22	31324	12
22	31325	12
22	31326	12
22	31327	12
22	31328	12
22	31329	12
22	31330	12
22	31331	13
22	31332	13
22	31333	13
22	31334	13
22	31335	13
22	31336	12
22	31337	12
22	31338	12
22	31339	12
22	31340	12
22	31341	12
22	31342	12
22	31343	11
22	31344	11
22	31345	11
22	31346	11
22	31347	11
22	31348	11
22	31349	11
22	31350	11
22	31351	11
22	31352	11
22	31353	11
22	31354	9
22	31355	9
22	31356	9
22	31357	9
22	31358	10
22	31359	10
22	31360	10
22	31361	10
22	31362	10
22	31363	10
22	31364	10
22	31365	10
22	31366	10
22	31367	10
22	31368	10
22	31369	10
22	31370	10
22	31371	10
22	31372	10
22	31373	10
22	31374	10
22	31375	10
22	31376	10
22	31377	10
22	31378	10
22	31379	10
22	31380	10
22	31381	10
22	31382	10
22	31383	10
22	31384	10
22	31385	10
22	31386	9
22	31387	9
22	31388	9
22	31389	9
22	31390	9
22	31391	9
22	31392	9
22	31393	9
22	31394	9
22	31395	8
22	31396	8
22	31397	7
22	31398	6
22	31399	6
22	31400	6
22	31401	5
22	31402	7
22	31403	7
22	31404	7
22	31405	7
22	31406	7
22	31407	7
22	31408	7
22	31409	7
22	31410	7
22	31411	7
22	31412	7
22	31413	7
22	31414	7
22	31415	7
22	31416	7
22	31417	7
22	31418	7
22	31419	7
22	31420	7
22	31421	7
22	31422	7
22	31423	7
22	31424	7
22	31425	7
22	31426	7
22	31427	7
22	31428	7
22	31429	7
22	31430	7
22	31431	7
22	31432	8
22	31433	8
22	31434	8
22	31435	8
22	31436	8
22	31437	8
22	31438	8
22	31439	8
22	31440	8
22	31441	8
22	31442	8
22	31443	8
22	31444	8
22	31445	8
22	31446	8
22	31447	8
22	31448	8
22	31449	8
22	31450	8
22	31451	8
22	31452	8
22	31453	8
22	31454	8
22	31455	9
22	31456	9
22	31457	9
22	31458	9
22	31459	9
22	31460	9
22	31461	8
22	31462	7
22	31463	9
22	31464	9
22	31465	9
22	31466	9
22	31467	9
22	31468	9
22	31469	9
22	31470	9
22	31471	8
22	31472	8
22	31473	8
22	31474	8
22	31475	8
22	31476	8
22	31477	9
22	31478	9
22	31479	9
22	31480	8
22	31481	8
22	31482	11
22	31483	11
22	31484	11
22	31485	11
22	31486	11
22	31487	11
22	31488	11
22	31489	11
22	31490	11
22	31491	11
22	31492	11
22	31493	11
22	31494	11
22	31495	11
22	31496	11
22	31497	11
22	31498	11
22	31499	11
22	31500	11
22	31501	11
22	31502	11
22	31503	11
22	31504	11
22	31505	11
22	31506	11
22	31507	10
22	31508	10
22	31509	10
22	31510	10
22	31511	10
22	31512	10
22	31513	10
22	31514	10
22	31515	10
22	31516	10
22	31517	10
22	31518	10
22	31519	10
22	31520	10
22	31521	10
22	31522	10
22	31523	10
22	31524	10
22	31525	10
22	31526	10
22	31527	10
22	31528	10
22	31529	10
22	31530	10
22	31531	10
22	31532	10
22	31533	10
22	31534	10
22	31535	10
22	31536	10
22	31537	11
22	31538	11
22	31539	11
22	31540	11
22	31541	11
22	31542	11
22	31543	11
22	31544	11
22	31545	11
22	31546	11
22	31547	11
22	31548	11
22	31549	11
22	31550	11
22	31551	11
22	31552	9
22	31553	9
22	31554	9
22	31555	9
22	31556	9
22	31557	9
22	31558	9
22	31559	9
22	31560	9
22	31561	9
22	31562	9
22	31563	9
22	31564	10
22	31565	10
22	31566	10
22	31567	11
22	31568	11
22	31569	11
22	31570	11
22	31571	11
22	31572	11
22	31573	11
22	31574	11
22	31575	11
22	31576	11
22	31577	11
22	31578	14
22	31579	14
22	31580	14
22	31581	13
22	31582	13
22	31583	13
22	31584	13
22	31585	13
22	31586	13
22	31587	13
22	31588	13
22	31589	14
22	31590	14
22	31591	14
22	31592	14
22	31593	14
22	31594	14
22	31595	14
22	31596	14
22	31597	14
22	31598	14
22	31599	14
22	31600	14
22	31601	14
22	31602	15
22	31603	15
22	31604	14
22	31605	14
22	31606	14
22	31607	14
22	31608	14
22	31609	14
22	31610	14
22	31611	14
22	31612	12
22	31613	12
22	31614	12
22	31615	12
22	31616	12
22	31617	12
22	31618	12
22	31619	12
22	31620	12
22	31621	12
22	31622	12
22	31623	12
22	31624	12
22	31625	11
22	31626	11
22	31627	11
22	31628	11
22	31629	11
22	31630	8
22	31631	8
22	31632	8
22	31633	8
22	31634	8
22	31635	8
22	31636	8
22	31637	8
22	31638	8
22	31639	9
22	31640	9
22	31641	9
22	31642	9
22	31643	9
22	31644	9
22	31645	9
22	31646	9
22	31647	9
22	31648	9
22	31649	9
22	31650	9
22	31651	9
22	31652	9
22	31653	9
22	31654	9
22	31655	9
22	31656	9
22	31657	9
22	31658	9
22	31659	10
22	31660	10
22	31661	10
22	31662	10
22	31663	10
22	31664	10
22	31665	10
22	31666	10
22	31667	10
22	31668	10
22	31669	10
22	31670	10
22	31671	10
22	31672	10
22	31673	10
22	31674	10
22	31675	10
22	31676	10
22	31677	10
22	31678	10
22	31679	10
22	31680	10
22	31681	10
22	31682	10
22	31683	10
22	31684	10
22	31685	10
22	31686	10
22	31687	9
22	31688	9
22	31689	9
22	31690	9
22	31691	10
22	31692	10
22	31693	10
22	31694	10
22	31695	10
22	31696	10
22	31697	10
22	31698	10
22	31699	10
22	31700	10
22	31701	10
22	31702	10
22	31703	10
22	31704	10
22	31705	10
22	31706	10
22	31707	10
22	31708	10
22	31709	10
22	31710	10
22	31711	11
22	31712	11
22	31713	11
22	31714	11
22	31715	11
22	31716	11
22	31717	10
22	31718	10
22	31719	10
22	31720	10
22	31721	10
22	31722	10
22	31723	10
22	31724	10
22	31725	10
22	31726	10
22	31727	7
22	31728	7
22	31729	7
22	31730	7
22	31731	7
22	31732	7
22	31733	7
22	31734	7
22	31735	7
22	31736	7
22	31737	7
22	31738	6
22	31739	6
22	31740	6
22	31741	6
22	31742	6
22	31743	6
22	31744	7
22	31745	7
22	31746	7
22	31747	7
22	31748	7
22	31749	7
22	31750	7
22	31751	7
22	31752	6
22	31753	6
22	31754	6
22	31755	6
22	31756	6
22	31757	7
22	31758	6
22	31759	6
22	31760	6
22	31761	6
22	31762	6
22	31763	6
22	31764	6
22	31765	6
22	31766	6
22	31767	6
22	31768	6
22	31769	6
22	31770	6
22	31771	6
22	31772	6
22	31773	6
22	31774	6
22	31775	6
22	31776	6
22	31777	6
22	31778	6
22	31779	6
22	31780	6
22	31781	6
22	31782	6
22	31783	6
22	31784	6
22	31785	6
22	31786	6
22	31787	6
22	31788	6
22	31789	5
22	31790	5
22	31791	5
22	31792	5
22	31793	5
22	31794	5
22	31795	5
22	31796	5
22	31797	5
22	31798	5
22	31799	5
22	31800	5
22	31801	5
22	31802	5
22	31803	5
22	31804	5
22	31805	5
22	31806	5
22	31807	5
22	31808	4
22	31809	5
22	31810	5
22	31811	5
22	31812	5
22	31813	7
22	31814	7
22	31815	7
22	31816	7
22	31817	7
22	31818	7
22	31819	7
22	31820	7
22	31821	7
22	31822	7
22	31823	7
22	31824	7
22	31825	7
22	31826	7
22	31827	7
22	31828	7
22	31829	7
22	31830	7
22	31831	7
22	31832	7
22	31833	7
22	31834	7
22	31835	7
22	31836	7
22	31837	7
22	31838	7
22	31839	7
22	31840	7
22	31841	7
22	31842	7
22	31843	7
22	31844	7
22	31845	7
22	31846	7
22	31847	7
22	31848	7
22	31849	7
22	31850	7
22	31851	7
22	31852	8
22	31853	8
22	31854	9
22	31855	9
22	31856	9
22	31857	9
22	31858	9
22	31859	9
22	31860	9
22	31861	8
22	31862	8
22	31863	8
22	31864	8
22	31865	8
22	31866	8
22	31867	8
22	31868	8
22	31869	8
22	31870	8
22	31871	8
22	31872	8
22	31873	8
22	31874	8
22	31875	8
22	31876	8
22	31877	8
22	31878	8
22	31879	8
22	31880	8
22	31881	8
22	31882	8
22	31883	8
22	31884	8
22	31885	8
22	31886	8
22	31887	8
22	31888	8
22	31889	8
22	31890	8
22	31891	8
22	31892	8
22	31893	8
22	31894	8
22	31895	8
22	31896	8
22	31897	8
22	31898	8
22	31899	8
22	31900	8
22	31901	8
22	31902	8
22	31903	8
22	31904	8
22	31905	8
22	31906	8
22	31907	7
22	31908	7
22	31909	7
22	31910	7
22	31911	7
22	31912	7
22	31913	7
22	31914	7
22	31915	7
22	31916	7
22	31917	7
22	31918	7
22	31919	7
22	31920	7
22	31921	7
22	31922	7
22	31923	7
22	31924	7
22	31925	7
22	31926	7
22	31927	7
22	31928	7
22	31929	7
22	31930	7
22	31931	7
22	31932	9
22	31933	9
22	31934	9
22	31935	9
22	31936	9
22	31937	9
22	31938	10
22	31939	10
22	31940	10
22	31941	10
22	31942	10
22	31943	10
22	31944	10
22	31945	10
22	31946	11
22	31947	11
22	31948	11
22	31949	12
22	31950	12
22	31951	12
22	31952	12
22	31953	12
22	31954	13
22	31955	13
22	31956	13
22	31957	13
22	31958	12
22	31959	11
22	31960	11
22	31961	11
22	31962	11
22	31963	10
22	31964	10
22	31965	10
22	31966	10
22	31967	10
22	31968	10
22	31969	10
22	31970	10
22	31971	10
22	31972	10
22	31973	10
22	31974	10
22	31975	10
22	31976	10
22	31977	10
22	31978	10
22	31979	10
22	31980	10
22	31981	10
22	31982	10
22	31983	10
22	31984	10
22	31985	10
22	31986	10
22	31987	10
22	31988	10
22	31989	10
22	31990	10
22	31991	10
22	31992	10
22	31993	10
22	31994	10
22	31995	10
22	31996	11
22	31997	11
22	31998	11
22	31999	11
22	32000	11
22	32001	10
22	32002	10
22	32003	11
22	32004	11
22	32005	11
22	32006	11
22	32007	11
22	32008	11
22	32009	11
22	32010	11
22	32011	11
22	32012	11
22	32013	11
22	32014	11
22	32015	11
22	32016	11
22	32017	11
22	32018	11
22	32019	11
22	32020	11
22	32021	11
22	32022	11
22	32023	11
22	32024	11
22	32025	11
22	32026	11
22	32027	11
22	32028	11
22	32029	11
22	32030	11
22	32031	11
22	32032	11
22	32033	11
22	32034	11
22	32035	11
22	32036	11
22	32037	11
22	32038	11
22	32039	11
22	32040	11
22	32041	11
22	32042	11
22	32043	11
22	32044	11
22	32045	11
22	32046	11
22	32047	12
22	32048	13
22	32049	14
22	32050	14
22	32051	14
22	32052	14
22	32053	14
22	32054	14
22	32055	14
22	32056	15
22	32057	15
22	32058	15
22	32059	15
22	32060	15
22	32061	15
22	32062	15
22	32063	15
22	32064	15
22	32065	15
22	32066	15
22	32067	15
22	32068	15
22	32069	15
22	32070	15
22	32071	16
22	32072	16
22	32073	16
22	32074	16
22	32075	16
22	32076	16
22	32077	16
22	32078	16
22	32079	16
22	32080	16
22	32081	14
22	32082	14
22	32083	14
22	32084	14
22	32085	14
22	32086	14
22	32087	14
22	32088	13
22	32089	13
22	32090	14
22	32091	14
22	32092	14
22	32093	14
22	32094	14
22	32095	19
22	32096	18
22	32097	18
22	32098	18
22	32099	15
22	32100	16
22	32101	16
22	32102	16
22	32103	16
22	32104	14
22	32105	14
22	32106	14
22	32107	14
22	32108	14
22	32109	15
22	32110	15
22	32111	15
22	32112	15
22	32113	15
22	32114	15
22	32115	15
22	32116	15
22	32117	15
22	32118	15
22	32119	15
22	32120	15
22	32121	15
22	32122	15
22	32123	15
22	32124	16
22	32125	16
22	32126	16
22	32127	16
22	32128	16
22	32129	16
22	32130	16
22	32131	16
22	32132	16
22	32133	16
22	32134	16
22	32135	16
22	32136	17
22	32137	17
22	32138	17
22	32139	17
22	32140	17
22	32141	17
22	32142	17
22	32143	17
22	32144	17
22	32145	16
22	32146	16
22	32147	16
22	32148	17
22	32149	17
22	32150	17
22	32151	17
22	32152	16
22	32153	16
22	32154	16
22	32155	16
22	32156	16
22	32157	16
22	32158	16
22	32159	16
22	32160	16
22	32161	16
22	32162	16
22	32163	16
22	32164	16
22	32165	16
22	32166	16
22	32167	16
22	32168	16
22	32169	16
22	32170	16
22	32171	16
22	32172	16
22	32173	16
22	32174	16
22	32175	16
22	32176	16
22	32177	16
22	32178	16
22	32179	16
22	32180	16
22	32181	16
22	32182	16
22	32183	16
22	32184	16
22	32185	16
22	32186	16
22	32187	18
22	32188	18
22	32189	18
22	32190	18
22	32191	18
22	32192	18
22	32193	18
22	32194	18
22	32195	18
22	32196	18
22	32197	17
22	32198	16
22	32199	15
22	32200	15
22	32201	15
22	32202	15
22	32203	15
22	32204	15
22	32205	14
22	32206	14
22	32207	14
22	32208	14
22	32209	14
22	32210	14
22	32211	14
22	32212	14
22	32213	14
22	32214	14
22	32215	14
22	32216	14
22	32217	14
22	32218	14
22	32219	14
22	32220	14
22	32221	13
22	32222	13
22	32223	13
22	32224	13
22	32225	13
22	32226	13
22	32227	13
22	32228	13
22	32229	13
22	32230	13
22	32231	13
22	32232	13
22	32233	13
22	32234	13
22	32235	13
22	32236	13
22	32237	13
22	32238	13
22	32239	13
22	32240	13
22	32241	13
22	32242	13
22	32243	13
22	32244	13
22	32245	11
22	32246	11
22	32247	11
22	32248	11
22	32249	11
22	32250	10
22	32251	10
22	32252	10
22	32253	10
22	32254	12
22	32255	12
22	32256	12
22	32257	12
22	32258	11
22	32259	11
22	32260	11
22	32261	11
22	32262	11
22	32263	11
22	32264	11
22	32265	11
22	32266	11
22	32267	11
22	32268	11
22	32269	11
22	32270	11
22	32271	11
22	32272	11
22	32273	11
22	32274	10
22	32275	10
22	32276	11
22	32277	11
22	32278	10
22	32279	10
22	32280	10
22	32281	10
22	32282	10
22	32283	10
22	32284	10
22	32285	10
22	32286	9
22	32287	9
22	32288	9
22	32289	9
22	32290	9
22	32291	9
22	32292	9
22	32293	9
22	32294	9
22	32295	9
22	32296	9
22	32297	8
22	32298	8
22	32299	8
22	32300	8
22	32301	8
22	32302	8
22	32303	8
22	32304	8
22	32305	8
22	32306	8
22	32307	8
22	32308	8
22	32309	8
22	32310	8
22	32311	8
22	32312	8
22	32313	8
22	32314	8
22	32315	8
22	32316	7
22	32317	8
22	32318	8
22	32319	8
22	32320	8
22	32321	8
22	32322	8
22	32323	8
22	32324	8
22	32325	8
22	32326	8
22	32327	8
22	32328	8
22	32329	8
22	32330	8
22	32331	8
22	32332	8
22	32333	8
22	32334	8
22	32335	8
22	32336	8
22	32337	7
22	32338	3
22	32339	3
22	32340	3
22	32341	3
22	32342	3
22	32343	3
22	32344	4
22	32345	4
22	32346	4
22	32347	4
22	32348	4
22	32349	6
22	32350	6
22	32351	6
22	32352	6
22	32353	6
22	32354	6
22	32355	6
22	32356	6
22	32357	6
22	32358	6
22	32359	6
22	32360	6
22	32361	6
22	32362	6
22	32363	6
22	32364	6
22	32365	6
22	32366	6
22	32367	6
22	32368	6
22	32369	6
22	32370	6
22	32371	6
22	32372	6
22	32373	6
22	32374	6
22	32375	6
22	32376	6
22	32377	6
22	32378	6
22	32379	6
22	32380	6
22	32381	6
22	32382	6
22	32383	6
22	32384	5
22	32385	5
22	32386	5
22	32387	5
22	32388	5
22	32389	5
22	32390	5
22	32391	6
22	32392	7
22	32393	7
22	32394	7
22	32395	7
22	32396	7
22	32397	7
22	32398	8
22	32399	8
22	32400	8
22	32401	8
22	32402	8
22	32403	8
22	32404	8
22	32405	8
22	32406	8
22	32407	8
22	32408	8
22	32409	8
22	32410	8
22	32411	8
22	32412	8
22	32413	8
22	32414	8
22	32415	8
22	32416	8
22	32417	8
22	32418	8
22	32419	8
22	32420	8
22	32421	8
22	32422	8
22	32423	8
22	32424	8
22	32425	8
22	32426	7
22	32427	7
22	32428	7
22	32429	7
22	32430	7
22	32431	7
22	32432	7
22	32433	7
22	32434	7
22	32435	7
22	32436	7
22	32437	7
22	32438	7
22	32439	7
22	32440	7
22	32441	7
22	32442	8
22	32443	8
22	32444	8
22	32445	8
22	32446	8
22	32447	8
22	32448	8
22	32449	8
22	32450	8
22	32451	8
22	32452	8
22	32453	8
22	32454	8
22	32455	8
22	32456	8
22	32457	11
22	32458	11
22	32459	11
22	32460	11
22	32461	11
22	32462	11
22	32463	11
22	32464	11
22	32465	11
22	32466	10
22	32467	10
22	32468	10
22	32469	10
22	32470	10
22	32471	10
22	32472	10
22	32473	10
22	32474	10
22	32475	10
22	32476	10
22	32477	10
22	32478	10
22	32479	10
22	32480	10
22	32481	11
22	32482	11
22	32483	11
22	32484	13
22	32485	13
22	32486	13
22	32487	13
22	32488	13
22	32489	13
22	32490	13
22	32491	13
22	32492	13
22	32493	13
22	32494	12
22	32495	12
22	32496	12
22	32497	12
22	32498	12
22	32499	10
22	32500	10
22	32501	10
22	32502	10
22	32503	10
22	32504	10
22	32505	10
22	32506	10
22	32507	10
22	32508	10
22	32509	10
22	32510	10
22	32511	10
22	32512	10
22	32513	10
22	32514	10
22	32515	10
22	32516	10
22	32517	10
22	32518	10
22	32519	10
22	32520	10
22	32521	10
22	32522	10
22	32523	10
22	32524	10
22	32525	10
22	32526	10
22	32527	11
22	32528	12
22	32529	12
22	32530	12
22	32531	12
22	32532	12
22	32533	12
22	32534	12
22	32535	12
22	32536	12
22	32537	12
22	32538	13
22	32539	13
22	32540	12
22	32541	11
22	32542	11
22	32543	11
22	32544	11
22	32545	11
22	32546	11
22	32547	11
22	32548	10
22	32549	10
22	32550	10
22	32551	11
22	32552	11
22	32553	11
22	32554	11
22	32555	11
22	32556	11
22	32557	11
22	32558	11
22	32559	11
22	32560	11
22	32561	12
22	32562	12
22	32563	12
22	32564	12
22	32565	12
22	32566	12
22	32567	12
22	32568	12
22	32569	12
22	32570	12
22	32571	12
22	32572	12
22	32573	12
22	32574	12
22	32575	12
22	32576	12
22	32577	12
22	32578	12
22	32579	12
22	32580	14
22	32581	14
22	32582	14
22	32583	15
22	32584	15
22	32585	15
22	32586	15
22	32587	15
22	32588	15
22	32589	15
22	32590	15
22	32591	15
22	32592	14
22	32593	14
22	32594	14
22	32595	14
22	32596	14
22	32597	14
22	32598	14
22	32599	14
22	32600	14
22	32601	14
22	32602	14
22	32603	14
22	32604	14
22	32605	15
22	32606	15
22	32607	12
22	32608	13
22	32609	13
22	32610	13
22	32611	13
22	32612	13
22	32613	13
22	32614	13
22	32615	13
22	32616	13
22	32617	13
22	32618	14
22	32619	14
22	32620	14
22	32621	15
22	32622	15
22	32623	15
22	32624	15
22	32625	15
22	32626	15
22	32627	15
22	32628	15
22	32629	15
22	32630	15
22	32631	14
22	32632	14
22	32633	14
22	32634	12
22	32635	12
22	32636	12
22	32637	12
22	32638	12
22	32639	12
22	32640	12
22	32641	12
22	32642	12
22	32643	12
22	32644	12
22	32645	12
22	32646	12
22	32647	12
22	32648	13
22	32649	13
22	32650	13
22	32651	13
22	32652	13
22	32653	13
22	32654	13
22	32655	13
22	32656	13
22	32657	13
22	32658	13
22	32659	13
22	32660	13
22	32661	13
22	32662	13
22	32663	13
22	32664	13
22	32665	13
22	32666	13
22	32667	13
22	32668	13
22	32669	13
22	32670	13
22	32671	13
22	32672	13
22	32673	13
22	32674	13
22	32675	13
22	32676	13
22	32677	13
22	32678	13
22	32679	14
22	32680	14
22	32681	14
22	32682	14
22	32683	14
22	32684	14
22	32685	15
22	32686	14
22	32687	14
22	32688	14
22	32689	14
22	32690	14
22	32691	14
22	32692	14
22	32693	14
22	32694	14
22	32695	14
22	32696	14
22	32697	14
22	32698	14
22	32699	14
22	32700	14
22	32701	14
22	32702	13
22	32703	13
22	32704	13
22	32705	13
22	32706	13
22	32707	13
22	32708	13
22	32709	13
22	32710	13
22	32711	12
22	32712	12
22	32713	12
22	32714	12
22	32715	12
22	32716	12
22	32717	12
22	32718	12
22	32719	12
22	32720	12
22	32721	12
22	32722	12
22	32723	12
22	32724	12
22	32725	12
22	32726	12
22	32727	12
22	32728	12
22	32729	12
22	32730	10
22	32731	10
22	32732	9
22	32733	9
22	32734	9
22	32735	10
22	32736	10
22	32737	10
22	32738	10
22	32739	10
22	32740	10
22	32741	10
22	32742	10
22	32743	10
22	32744	10
22	32745	10
22	32746	10
22	32747	9
22	32748	9
22	32749	9
22	32750	10
22	32751	10
22	32752	10
22	32753	10
22	32754	10
22	32755	10
22	32756	10
22	32757	10
22	32758	9
22	32759	9
22	32760	9
22	32761	9
22	32762	9
22	32763	9
22	32764	9
22	32765	9
22	32766	9
22	32767	9
22	32768	8
22	32769	8
22	32770	8
22	32771	7
22	32772	7
22	32773	7
22	32774	7
22	32775	7
22	32776	7
22	32777	7
22	32778	7
22	32779	8
22	32780	8
22	32781	8
22	32782	10
22	32783	10
22	32784	10
22	32785	10
22	32786	10
22	32787	10
22	32788	10
22	32789	10
22	32790	10
22	32791	10
22	32792	10
22	32793	10
22	32794	10
22	32795	10
22	32796	10
22	32797	9
22	32798	9
22	32799	9
22	32800	9
22	32801	9
22	32802	9
22	32803	9
22	32804	9
22	32805	9
22	32806	9
22	32807	9
22	32808	9
22	32809	9
22	32810	9
22	32811	11
22	32812	11
22	32813	11
22	32814	11
22	32815	11
22	32816	11
22	32817	12
22	32818	12
22	32819	12
22	32820	12
22	32821	12
22	32822	12
22	32823	13
22	32824	13
22	32825	13
22	32826	11
22	32827	11
22	32828	11
22	32829	10
22	32830	10
22	32831	10
22	32832	10
22	32833	10
22	32834	10
22	32835	9
22	32836	9
22	32837	10
22	32838	10
22	32839	10
22	32840	10
22	32841	10
22	32842	10
22	32843	10
22	32844	10
22	32845	10
22	32846	10
22	32847	10
22	32848	10
22	32849	10
22	32850	10
22	32851	10
22	32852	10
22	32853	10
22	32854	10
22	32855	10
22	32856	10
22	32857	10
22	32858	10
22	32859	10
22	32860	10
22	32861	10
22	32862	10
22	32863	10
22	32864	10
22	32865	10
22	32866	10
22	32867	10
22	32868	10
22	32869	10
22	32870	10
22	32871	10
22	32872	10
22	32873	10
22	32874	10
22	32875	10
22	32876	10
22	32877	10
22	32878	10
22	32879	10
22	32880	10
22	32881	10
22	32882	10
22	32883	10
22	32884	10
22	32885	9
22	32886	9
22	32887	9
22	32888	9
22	32889	9
22	32890	9
22	32891	9
22	32892	9
22	32893	9
22	32894	9
22	32895	9
22	32896	9
22	32897	9
22	32898	9
22	32899	9
22	32900	8
22	32901	9
22	32902	9
22	32903	9
22	32904	9
22	32905	9
22	32906	9
22	32907	9
22	32908	9
22	32909	9
22	32910	9
22	32911	9
22	32912	9
22	32913	9
22	32914	9
22	32915	9
22	32916	9
22	32917	9
22	32918	9
22	32919	9
22	32920	9
22	32921	9
22	32922	9
22	32923	9
22	32924	9
22	32925	9
22	32926	9
22	32927	9
22	32928	9
22	32929	8
22	32930	8
22	32931	8
22	32932	6
22	32933	6
22	32934	6
22	32935	6
22	32936	6
22	32937	6
22	32938	7
22	32939	8
22	32940	8
22	32941	8
22	32942	8
22	32943	8
22	32944	8
22	32945	8
22	32946	8
22	32947	8
22	32948	8
22	32949	8
22	32950	8
22	32951	8
22	32952	8
22	32953	8
22	32954	8
22	32955	8
22	32956	8
22	32957	8
22	32958	8
22	32959	8
22	32960	8
22	32961	6
22	32962	6
22	32963	6
22	32964	6
22	32965	6
22	32966	8
22	32967	7
22	32968	7
22	32969	7
22	32970	7
22	32971	7
22	32972	6
22	32973	6
22	32974	6
22	32975	6
22	32976	6
22	32977	6
22	32978	6
22	32979	6
22	32980	6
22	32981	6
22	32982	6
22	32983	6
22	32984	6
22	32985	6
22	32986	6
22	32987	5
22	32988	5
22	32989	5
22	32990	5
22	32991	5
22	32992	5
22	32993	5
22	32994	5
22	32995	5
22	32996	5
22	32997	5
22	32998	5
22	32999	5
22	33000	5
22	33001	5
22	33002	5
22	33003	5
22	33004	5
22	33005	5
22	33006	5
22	33007	5
22	33008	6
22	33009	6
22	33010	6
22	33011	6
22	33012	6
22	33013	6
22	33014	6
22	33015	6
22	33016	6
22	33017	6
22	33018	6
22	33019	6
22	33020	6
22	33021	6
22	33022	6
22	33023	6
22	33024	6
22	33025	6
22	33026	6
22	33027	6
22	33028	6
22	33029	6
22	33030	6
22	33031	6
22	33032	6
22	33033	6
22	33034	6
22	33035	6
22	33036	6
22	33037	6
22	33038	6
22	33039	6
22	33040	6
22	33041	6
22	33042	6
22	33043	6
22	33044	6
22	33045	6
22	33046	6
22	33047	6
22	33048	6
22	33049	6
22	33050	6
22	33051	5
22	33052	5
22	33053	5
22	33054	5
22	33055	5
22	33056	5
22	33057	5
22	33058	5
22	33059	5
22	33060	5
22	33061	5
22	33062	5
22	33063	5
22	33064	5
22	33065	5
22	33066	5
22	33067	5
22	33068	5
22	33069	5
22	33070	5
22	33071	5
22	33072	5
22	33073	5
22	33074	5
22	33075	5
22	33076	5
22	33077	5
22	33078	5
22	33079	5
22	33080	5
22	33081	5
22	33082	5
22	33083	5
22	33084	5
22	33085	5
22	33086	5
22	33087	4
22	33088	3
22	33089	3
22	33090	3
22	33091	3
22	33092	3
22	33093	3
22	33094	3
22	33095	3
22	33096	3
22	33097	3
22	33098	3
22	33099	3
22	33100	3
22	33101	3
22	33102	3
22	33103	3
22	33104	3
22	33105	3
22	33106	3
22	33107	3
22	33108	3
22	33109	3
22	33110	3
22	33111	3
22	33112	3
22	33113	3
22	33114	3
22	33115	3
22	33116	1
22	33117	1
22	33118	1
22	33119	1
22	33120	1
22	33121	1
22	33122	1
22	33123	1
22	33124	1
22	33125	1
22	33126	1
22	33127	2
22	33128	2
22	33129	2
22	33130	2
22	33131	2
22	33132	2
22	33133	3
22	33134	3
22	33135	3
22	33136	3
22	33137	3
22	33138	3
22	33139	3
22	33140	3
22	33141	3
22	33142	3
22	33143	3
22	33144	3
22	33145	3
22	33146	3
22	33147	3
22	33148	3
22	33149	3
22	33150	2
22	33151	2
22	33152	2
22	33153	2
22	33154	2
22	33155	3
22	33156	3
22	33157	3
22	33158	3
22	33159	3
22	33160	3
22	33161	3
22	33162	3
22	33163	3
22	33164	3
22	33165	3
22	33166	3
22	33167	3
22	33168	3
22	33169	3
22	33170	3
22	33171	3
22	33172	3
22	33173	3
22	33174	3
22	33175	3
22	33176	3
22	33177	3
22	33178	3
22	33179	3
22	33180	3
22	33181	3
22	33182	3
22	33183	3
22	33184	3
22	33185	3
22	33186	3
22	33187	3
22	33188	3
22	33189	3
22	33190	3
22	33191	3
22	33192	3
22	33193	3
22	33194	3
22	33195	3
22	33196	3
22	33197	3
22	33198	3
22	33199	3
22	33200	3
22	33201	3
22	33202	3
22	33203	3
22	33204	3
22	33205	3
22	33206	3
22	33207	3
22	33208	3
22	33209	3
22	33210	3
22	33211	3
22	33212	3
22	33213	3
22	33214	3
22	33215	3
22	33216	3
22	33217	3
22	33218	3
22	33219	3
22	33220	3
22	33221	3
22	33222	3
22	33223	3
22	33224	3
22	33225	3
22	33226	3
22	33227	3
22	33228	3
22	33229	3
22	33230	3
22	33231	3
22	33232	3
22	33233	3
22	33234	3
22	33235	3
22	33236	3
22	33237	3
22	33238	3
22	33239	3
22	33240	3
22	33241	3
22	33242	3
22	33243	3
22	33244	3
22	33245	3
22	33246	3
22	33247	3
22	33248	3
22	33249	3
22	33250	3
22	33251	3
22	33252	3
22	33253	3
22	33254	3
22	33255	3
22	33256	3
22	33257	3
22	33258	3
22	33259	3
22	33260	3
22	33261	3
22	33262	3
22	33263	7
22	33264	7
22	33265	7
22	33266	8
22	33267	8
22	33268	11
22	33269	11
22	33270	11
22	33271	12
22	33272	12
22	33273	12
22	33274	12
22	33275	11
22	33276	11
22	33277	11
22	33278	12
22	33279	12
22	33280	12
22	33281	12
22	33282	11
22	33283	11
22	33284	11
22	33285	11
22	33286	11
22	33287	11
22	33288	11
22	33289	11
22	33290	11
22	33291	11
22	33292	11
22	33293	11
22	33294	11
22	33295	11
22	33296	11
22	33297	11
22	33298	11
22	33299	11
22	33300	11
22	33301	11
22	33302	11
22	33303	11
22	33304	11
22	33305	11
22	33306	11
22	33307	11
22	33308	11
22	33309	11
22	33310	11
22	33311	11
22	33312	11
22	33313	11
22	33314	11
22	33315	11
22	33316	11
22	33317	11
22	33318	11
22	33319	11
22	33320	11
22	33321	11
22	33322	11
22	33323	11
22	33324	11
22	33325	11
22	33326	11
22	33327	11
22	33328	11
22	33329	11
22	33330	11
22	33331	12
22	33332	12
22	33333	12
22	33334	12
22	33335	12
22	33336	13
22	33337	13
22	33338	13
22	33339	13
22	33340	13
22	33341	13
22	33342	18
22	33343	18
22	33344	18
22	33345	18
22	33346	18
22	33347	18
22	33348	18
22	33349	18
22	33350	18
22	33351	18
22	33352	18
22	33353	18
22	33354	18
22	33355	18
22	33356	18
22	33357	18
22	33358	18
22	33359	18
22	33360	18
22	33361	18
22	33362	18
22	33363	19
22	33364	19
22	33365	19
22	33366	19
22	33367	19
22	33368	19
22	33369	19
22	33370	19
22	33371	19
22	33372	19
22	33373	19
22	33374	19
22	33375	19
22	33376	19
22	33377	19
22	33378	19
22	33379	19
22	33380	19
22	33381	19
22	33382	19
22	33383	19
22	33384	19
22	33385	19
22	33386	19
22	33387	19
22	33388	20
22	33389	20
22	33390	20
22	33391	20
22	33392	20
22	33393	20
22	33394	20
22	33395	20
22	33396	20
22	33397	20
22	33398	20
22	33399	20
22	33400	21
22	33401	22
22	33402	22
22	33403	23
22	33404	23
22	33405	23
22	33406	23
22	33407	23
22	33408	24
22	33409	24
22	33410	21
22	33411	21
22	33412	21
22	33413	21
22	33414	23
22	33415	22
22	33416	21
22	33417	21
22	33418	18
22	33419	18
22	33420	18
22	33421	18
22	33422	18
22	33423	18
22	33424	19
22	33425	19
22	33426	18
22	33427	18
22	33428	18
22	33429	18
22	33430	18
22	33431	18
22	33432	18
22	33433	18
22	33434	18
22	33435	18
22	33436	18
22	33437	19
22	33438	19
22	33439	19
22	33440	20
22	33441	20
22	33442	20
22	33443	20
22	33444	21
22	33445	21
22	33446	21
22	33447	21
22	33448	21
22	33449	21
22	33450	21
22	33451	21
22	33452	21
22	33453	21
22	33454	21
22	33455	21
22	33456	21
22	33457	21
22	33458	21
22	33459	22
22	33460	22
22	33461	22
22	33462	23
22	33463	23
22	33464	23
22	33465	23
22	33466	25
22	33467	26
22	33468	27
22	33469	27
22	33470	27
22	33471	27
22	33472	27
22	33473	27
22	33474	27
22	33475	27
22	33476	27
22	33477	27
22	33478	27
22	33479	27
22	33480	27
22	33481	26
22	33482	26
22	33483	26
22	33484	26
22	33485	26
22	33486	25
22	33487	25
22	33488	25
22	33489	25
22	33490	25
22	33491	25
22	33492	21
22	33493	21
22	33494	21
22	33495	21
22	33496	21
22	33497	22
22	33498	22
22	33499	22
22	33500	22
22	33501	22
22	33502	23
22	33503	23
22	33504	23
22	33505	23
22	33506	23
22	33507	23
22	33508	23
22	33509	23
22	33510	23
22	33511	23
22	33512	23
22	33513	23
22	33514	23
22	33515	23
22	33516	24
22	33517	24
22	33518	24
22	33519	24
22	33520	24
22	33521	24
22	33522	24
22	33523	24
22	33524	24
22	33525	24
22	33526	24
22	33527	24
22	33528	24
22	33529	24
22	33530	24
22	33531	24
22	33532	24
22	33533	24
22	33534	25
22	33535	25
22	33536	25
22	33537	26
22	33538	25
22	33539	25
22	33540	27
22	33541	27
22	33542	27
22	33543	27
22	33544	27
22	33545	27
22	33546	26
22	33547	27
22	33548	27
22	33549	27
22	33550	25
22	33551	25
22	33552	24
22	33553	24
22	33554	24
22	33555	24
22	33556	24
22	33557	23
22	33558	23
