22	15502	44
22	15503	44
22	15504	44
22	15505	44
22	15506	44
22	15507	44
22	15508	44
22	15509	44
22	15510	44
22	15511	44
22	15512	44
22	15513	44
22	15514	44
22	15515	44
22	15516	44
22	15517	44
22	15518	44
22	15519	44
22	15520	43
22	15521	42
22	15522	49
22	15523	48
22	15524	48
22	15525	48
22	15526	49
22	15527	49
22	15528	48
22	15529	44
22	15530	44
22	15531	44
22	15532	44
22	15533	44
22	15534	44
22	15535	44
22	15536	44
22	15537	44
22	15538	44
22	15539	44
22	15540	45
22	15541	42
22	15542	42
22	15543	42
22	15544	42
22	15545	42
22	15546	42
22	15547	42
22	15548	44
22	15549	44
22	15550	44
22	15551	44
22	15552	45
22	15553	46
22	15554	46
22	15555	44
22	15556	44
22	15557	42
22	15558	42
22	15559	42
22	15560	42
22	15561	38
22	15562	38
22	15563	38
22	15564	38
22	15565	38
22	15566	38
22	15567	39
22	15568	39
22	15569	39
22	15570	39
22	15571	39
22	15572	39
22	15573	40
22	15574	40
22	15575	40
22	15576	40
22	15577	40
22	15578	41
22	15579	41
22	15580	41
22	15581	41
22	15582	41
22	15583	41
22	15584	41
22	15585	41
22	15586	41
22	15587	41
22	15588	41
22	15589	41
22	15590	41
22	15591	41
22	15592	41
22	15593	41
22	15594	41
22	15595	41
22	15596	41
22	15597	41
22	15598	45
22	15599	45
22	15600	50
22	15601	50
22	15602	50
22	15603	50
22	15604	50
22	15605	50
22	15606	50
22	15607	50
22	15608	51
22	15609	51
22	15610	52
22	15611	52
22	15612	53
22	15613	53
22	15614	53
22	15615	53
22	15616	53
22	15617	53
22	15618	53
22	15619	53
22	15620	53
22	15621	48
22	15622	48
22	15623	46
22	15624	46
22	15625	55
22	15626	56
22	15627	56
22	15628	57
22	15629	57
22	15630	58
22	15631	58
22	15632	58
22	15633	58
22	15634	56
22	15635	56
22	15636	59
22	15637	59
22	15638	59
22	15639	59
22	15640	55
22	15641	55
22	15642	55
22	15643	55
22	15644	55
22	15645	55
22	15646	56
22	15647	56
22	15648	56
22	15649	57
22	15650	58
22	15651	58
22	15652	58
22	15653	58
22	15654	58
22	15655	58
22	15656	58
22	15657	58
22	15658	58
22	15659	58
22	15660	59
22	15661	59
22	15662	59
22	15663	65
22	15664	64
22	15665	66
22	15666	66
22	15667	66
22	15668	66
22	15669	66
22	15670	66
22	15671	64
22	15672	61
22	15673	61
22	15674	61
22	15675	60
22	15676	60
22	15677	61
22	15678	61
22	15679	61
22	15680	60
22	15681	62
22	15682	62
22	15683	65
22	15684	65
22	15685	65
22	15686	66
22	15687	66
22	15688	66
22	15689	66
22	15690	65
22	15691	65
22	15692	65
22	15693	67
22	15694	67
22	15695	68
22	15696	66
22	15697	65
22	15698	65
22	15699	65
22	15700	65
22	15701	65
22	15702	63
22	15703	63
22	15704	63
22	15705	63
22	15706	63
22	15707	63
22	15708	67
22	15709	67
22	15710	67
22	15711	67
22	15712	67
22	15713	69
22	15714	70
22	15715	70
22	15716	73
22	15717	72
22	15718	73
22	15719	73
22	15720	73
22	15721	73
22	15722	72
22	15723	72
22	15724	72
22	15725	72
22	15726	72
22	15727	71
22	15728	71
22	15729	71
22	15730	71
22	15731	71
22	15732	71
22	15733	71
22	15734	71
22	15735	71
22	15736	74
22	15737	74
22	15738	74
22	15739	76
22	15740	76
22	15741	78
22	15742	78
22	15743	78
22	15744	80
22	15745	80
22	15746	80
22	15747	81
22	15748	77
22	15749	78
22	15750	72
22	15751	72
22	15752	71
22	15753	71
22	15754	71
22	15755	71
22	15756	71
22	15757	71
22	15758	70
22	15759	70
22	15760	71
22	15761	71
22	15762	70
22	15763	70
22	15764	70
22	15765	70
22	15766	70
22	15767	69
22	15768	69
22	15769	68
22	15770	68
22	15771	69
22	15772	71
22	15773	71
22	15774	71
22	15775	62
22	15776	61
22	15777	61
22	15778	60
22	15779	59
22	15780	59
22	15781	58
22	15782	58
22	15783	58
22	15784	58
22	15785	58
22	15786	54
22	15787	54
22	15788	54
22	15789	53
22	15790	53
22	15791	53
22	15792	53
22	15793	54
22	15794	54
22	15795	54
22	15796	53
22	15797	53
22	15798	53
22	15799	50
22	15800	49
22	15801	49
22	15802	50
22	15803	50
22	15804	51
22	15805	51
22	15806	51
22	15807	51
22	15808	51
22	15809	50
22	15810	50
22	15811	50
22	15812	50
22	15813	44
22	15814	42
22	15815	42
22	15816	42
22	15817	53
22	15818	55
22	15819	55
22	15820	55
22	15821	55
22	15822	52
22	15823	53
22	15824	54
22	15825	54
22	15826	55
22	15827	54
22	15828	55
22	15829	54
22	15830	53
22	15831	53
22	15832	50
22	15833	50
22	15834	50
22	15835	49
22	15836	49
22	15837	48
22	15838	48
22	15839	48
22	15840	48
22	15841	48
22	15842	48
22	15843	48
22	15844	48
22	15845	47
22	15846	47
22	15847	47
22	15848	47
22	15849	47
22	15850	48
22	15851	48
22	15852	48
22	15853	48
22	15854	50
22	15855	55
22	15856	55
22	15857	51
22	15858	51
22	15859	52
22	15860	52
22	15861	52
22	15862	50
22	15863	49
22	15864	49
22	15865	46
22	15866	46
22	15867	48
22	15868	50
22	15869	50
22	15870	50
22	15871	50
22	15872	50
22	15873	50
22	15874	51
22	15875	51
22	15876	51
22	15877	51
22	15878	52
22	15879	52
22	15880	52
22	15881	52
22	15882	52
22	15883	52
22	15884	52
22	15885	49
22	15886	49
22	15887	49
22	15888	49
22	15889	50
22	15890	50
22	15891	48
22	15892	48
22	15893	48
22	15894	46
22	15895	46
22	15896	45
22	15897	45
22	15898	45
22	15899	47
22	15900	47
22	15901	47
22	15902	47
22	15903	47
22	15904	47
22	15905	47
22	15906	48
22	15907	51
22	15908	51
22	15909	51
22	15910	50
22	15911	50
22	15912	50
22	15913	51
22	15914	51
22	15915	52
22	15916	52
22	15917	53
22	15918	53
22	15919	53
22	15920	52
22	15921	52
22	15922	50
22	15923	50
22	15924	50
22	15925	51
22	15926	51
22	15927	51
22	15928	51
22	15929	51
22	15930	53
22	15931	53
22	15932	53
22	15933	53
22	15934	56
22	15935	56
22	15936	56
22	15937	56
22	15938	56
22	15939	56
22	15940	57
22	15941	57
22	15942	57
22	15943	56
22	15944	56
22	15945	56
22	15946	56
22	15947	56
22	15948	56
22	15949	56
22	15950	56
22	15951	55
22	15952	55
22	15953	55
22	15954	54
22	15955	54
22	15956	54
22	15957	59
22	15958	59
22	15959	60
22	15960	60
22	15961	60
22	15962	60
22	15963	60
22	15964	60
22	15965	60
22	15966	47
22	15967	47
22	15968	46
22	15969	46
22	15970	46
22	15971	46
22	15972	45
22	15973	45
22	15974	45
22	15975	45
22	15976	44
22	15977	44
22	15978	44
22	15979	45
22	15980	46
22	15981	46
22	15982	46
22	15983	46
22	15984	46
22	15985	46
22	15986	46
22	15987	46
22	15988	46
22	15989	46
22	15990	46
22	15991	47
22	15992	47
22	15993	47
22	15994	47
22	15995	47
22	15996	53
22	15997	54
22	15998	56
22	15999	55
22	16000	55
22	16001	55
22	16002	55
22	16003	56
22	16004	53
22	16005	46
22	16006	51
22	16007	51
22	16008	52
22	16009	52
22	16010	52
22	16011	55
22	16012	55
22	16013	54
22	16014	54
22	16015	52
22	16016	52
22	16017	51
22	16018	51
22	16019	54
22	16020	56
22	16021	56
22	16022	56
22	16023	56
22	16024	55
22	16025	55
22	16026	55
22	16027	55
22	16028	54
22	16029	54
22	16030	55
22	16031	55
22	16032	55
22	16033	55
22	16034	55
22	16035	55
22	16036	55
22	16037	54
22	16038	56
22	16039	55
22	16040	55
22	16041	55
22	16042	54
22	16043	57
22	16044	57
22	16045	57
22	16046	57
22	16047	59
22	16048	59
22	16049	59
22	16050	59
22	16051	59
22	16052	56
22	16053	56
22	16054	56
22	16055	55
22	16056	54
22	16057	54
22	16058	54
22	16059	54
22	16060	54
22	16061	54
22	16062	53
22	16063	53
22	16064	54
22	16065	54
22	16066	53
22	16067	50
22	16068	50
22	16069	50
22	16070	50
22	16071	50
22	16072	50
22	16073	50
22	16074	50
22	16075	49
22	16076	49
22	16077	49
22	16078	49
22	16079	49
22	16080	48
22	16081	48
22	16082	48
22	16083	45
22	16084	45
22	16085	45
22	16086	45
22	16087	45
22	16088	45
22	16089	45
22	16090	47
22	16091	55
22	16092	55
22	16093	55
22	16094	55
22	16095	55
22	16096	55
22	16097	55
22	16098	60
22	16099	60
22	16100	60
22	16101	60
22	16102	60
22	16103	60
22	16104	60
22	16105	60
22	16106	55
22	16107	55
22	16108	55
22	16109	55
22	16110	55
22	16111	55
22	16112	55
22	16113	55
22	16114	55
22	16115	55
22	16116	55
22	16117	54
22	16118	54
22	16119	54
22	16120	54
22	16121	54
22	16122	54
22	16123	54
22	16124	56
22	16125	56
22	16126	56
22	16127	56
22	16128	57
22	16129	56
22	16130	55
22	16131	55
22	16132	55
22	16133	55
22	16134	55
22	16135	61
22	16136	61
22	16137	61
22	16138	62
22	16139	63
22	16140	62
22	16141	62
22	16142	62
22	16143	64
22	16144	64
22	16145	65
22	16146	59
22	16147	57
22	16148	56
22	16149	56
22	16150	56
22	16151	56
22	16152	55
22	16153	55
22	16154	55
22	16155	50
22	16156	51
22	16157	51
22	16158	50
22	16159	50
22	16160	50
22	16161	47
22	16162	47
22	16163	48
22	16164	48
22	16165	47
22	16166	47
22	16167	47
22	16168	47
22	16169	44
22	16170	42
22	16171	42
22	16172	42
22	16173	41
22	16174	41
22	16175	41
22	16176	41
22	16177	44
22	16178	44
22	16179	44
22	16180	44
22	16181	44
22	16182	44
22	16183	44
22	16184	44
22	16185	44
22	16186	44
22	16187	46
22	16188	47
22	16189	47
22	16190	47
22	16191	47
22	16192	47
22	16193	45
22	16194	45
22	16195	45
22	16196	43
22	16197	43
22	16198	44
22	16199	44
22	16200	44
22	16201	44
22	16202	44
22	16203	44
22	16204	45
22	16205	45
22	16206	46
22	16207	47
22	16208	46
22	16209	47
22	16210	47
22	16211	47
22	16212	48
22	16213	49
22	16214	49
22	16215	49
22	16216	49
22	16217	49
22	16218	49
22	16219	49
22	16220	49
22	16221	50
22	16222	53
22	16223	53
22	16224	53
22	16225	53
22	16226	53
22	16227	53
22	16228	53
22	16229	53
22	16230	53
22	16231	53
22	16232	61
22	16233	62
22	16234	62
22	16235	62
22	16236	62
22	16237	63
22	16238	64
22	16239	64
22	16240	62
22	16241	53
22	16242	54
22	16243	54
22	16244	54
22	16245	54
22	16246	51
22	16247	50
22	16248	51
22	16249	51
22	16250	51
22	16251	49
22	16252	49
22	16253	50
22	16254	51
22	16255	51
22	16256	52
22	16257	52
22	16258	52
22	16259	52
22	16260	52
22	16261	52
22	16262	52
22	16263	52
22	16264	52
22	16265	56
22	16266	56
22	16267	56
22	16268	56
22	16269	56
22	16270	56
22	16271	56
22	16272	56
22	16273	55
22	16274	53
22	16275	52
22	16276	57
22	16277	57
22	16278	57
22	16279	57
22	16280	57
22	16281	57
22	16282	57
22	16283	57
22	16284	57
22	16285	50
22	16286	51
22	16287	50
22	16288	48
22	16289	48
22	16290	47
22	16291	47
22	16292	47
22	16293	47
22	16294	47
22	16295	46
22	16296	46
22	16297	46
22	16298	48
22	16299	48
22	16300	48
22	16301	48
22	16302	48
22	16303	48
22	16304	48
22	16305	48
22	16306	48
22	16307	48
22	16308	48
22	16309	49
22	16310	49
22	16311	49
22	16312	49
22	16313	50
22	16314	50
22	16315	50
22	16316	50
22	16317	50
22	16318	50
22	16319	50
22	16320	50
22	16321	50
22	16322	50
22	16323	50
22	16324	50
22	16325	50
22	16326	49
22	16327	49
22	16328	49
22	16329	50
22	16330	50
22	16331	50
22	16332	51
22	16333	51
22	16334	52
22	16335	52
22	16336	50
22	16337	50
22	16338	47
22	16339	48
22	16340	48
22	16341	48
22	16342	48
22	16343	48
22	16344	48
22	16345	48
22	16346	48
22	16347	48
22	16348	45
22	16349	45
22	16350	45
22	16351	45
22	16352	45
22	16353	43
22	16354	43
22	16355	46
22	16356	45
22	16357	45
22	16358	46
22	16359	46
22	16360	47
22	16361	46
22	16362	49
22	16363	48
22	16364	48
22	16365	48
22	16366	48
22	16367	48
22	16368	48
22	16369	50
22	16370	50
22	16371	46
22	16372	46
22	16373	47
22	16374	48
22	16375	49
22	16376	49
22	16377	48
22	16378	49
22	16379	49
22	16380	49
22	16381	47
22	16382	43
22	16383	42
22	16384	42
22	16385	42
22	16386	42
22	16387	41
22	16388	41
22	16389	41
22	16390	41
22	16391	41
22	16392	40
22	16393	40
22	16394	40
22	16395	41
22	16396	41
22	16397	41
22	16398	41
22	16399	42
22	16400	42
22	16401	43
22	16402	43
22	16403	41
22	16404	41
22	16405	45
22	16406	44
22	16407	43
22	16408	43
22	16409	43
22	16410	43
22	16411	44
22	16412	44
22	16413	41
22	16414	41
22	16415	41
22	16416	41
22	16417	41
22	16418	41
22	16419	41
22	16420	55
22	16421	55
22	16422	55
22	16423	55
22	16424	55
22	16425	55
22	16426	50
22	16427	51
22	16428	51
22	16429	51
22	16430	51
22	16431	51
22	16432	51
22	16433	51
22	16434	51
22	16435	50
22	16436	50
22	16437	50
22	16438	50
22	16439	52
22	16440	53
22	16441	53
22	16442	53
22	16443	53
22	16444	53
22	16445	53
22	16446	53
22	16447	53
22	16448	51
22	16449	50
22	16450	50
22	16451	50
22	16452	50
22	16453	50
22	16454	50
22	16455	51
22	16456	51
22	16457	51
22	16458	51
22	16459	52
22	16460	52
22	16461	53
22	16462	54
22	16463	53
22	16464	55
22	16465	55
22	16466	55
22	16467	55
22	16468	55
22	16469	55
22	16470	55
22	16471	55
22	16472	55
22	16473	58
22	16474	58
22	16475	59
22	16476	60
22	16477	60
22	16478	61
22	16479	60
22	16480	60
22	16481	60
22	16482	57
22	16483	57
22	16484	56
22	16485	57
22	16486	57
22	16487	58
22	16488	58
22	16489	57
22	16490	57
22	16491	57
22	16492	57
22	16493	57
22	16494	57
22	16495	58
22	16496	58
22	16497	58
22	16498	59
22	16499	60
22	16500	60
22	16501	60
22	16502	60
22	16503	60
22	16504	60
22	16505	59
22	16506	59
22	16507	59
22	16508	58
22	16509	58
22	16510	57
22	16511	54
22	16512	54
22	16513	54
22	16514	53
22	16515	53
22	16516	53
22	16517	53
22	16518	53
22	16519	51
22	16520	51
22	16521	51
22	16522	52
22	16523	50
22	16524	50
22	16525	49
22	16526	49
22	16527	48
22	16528	48
22	16529	47
22	16530	48
22	16531	48
22	16532	48
22	16533	48
22	16534	48
22	16535	48
22	16536	48
22	16537	50
22	16538	50
22	16539	50
22	16540	50
22	16541	50
22	16542	50
22	16543	50
22	16544	49
22	16545	49
22	16546	49
22	16547	49
22	16548	48
22	16549	48
22	16550	48
22	16551	48
22	16552	48
22	16553	48
22	16554	48
22	16555	46
22	16556	46
22	16557	46
22	16558	46
22	16559	46
22	16560	54
22	16561	58
22	16562	58
22	16563	57
22	16564	57
22	16565	57
22	16566	57
22	16567	61
22	16568	60
22	16569	46
22	16570	46
22	16571	47
22	16572	49
22	16573	49
22	16574	51
22	16575	51
22	16576	51
22	16577	50
22	16578	51
22	16579	52
22	16580	52
22	16581	52
22	16582	52
22	16583	52
22	16584	52
22	16585	52
22	16586	52
22	16587	51
22	16588	51
22	16589	51
22	16590	51
22	16591	50
22	16592	51
22	16593	51
22	16594	53
22	16595	53
22	16596	53
22	16597	54
22	16598	54
22	16599	54
22	16600	54
22	16601	54
22	16602	54
22	16603	54
22	16604	54
22	16605	53
22	16606	54
22	16607	55
22	16608	55
22	16609	53
22	16610	53
22	16611	53
22	16612	53
22	16613	53
22	16614	51
22	16615	51
22	16616	51
22	16617	51
22	16618	53
22	16619	53
22	16620	53
22	16621	53
22	16622	53
22	16623	50
22	16624	50
22	16625	49
22	16626	48
22	16627	48
22	16628	47
22	16629	47
22	16630	47
22	16631	46
22	16632	46
22	16633	46
22	16634	46
22	16635	45
22	16636	45
22	16637	46
22	16638	46
22	16639	46
22	16640	46
22	16641	46
22	16642	46
22	16643	47
22	16644	47
22	16645	46
22	16646	46
22	16647	46
22	16648	46
22	16649	45
22	16650	45
22	16651	45
22	16652	45
22	16653	45
22	16654	45
22	16655	45
22	16656	45
22	16657	45
22	16658	45
22	16659	47
22	16660	47
22	16661	47
22	16662	47
22	16663	47
22	16664	49
22	16665	49
22	16666	49
22	16667	49
22	16668	49
22	16669	49
22	16670	49
22	16671	49
22	16672	48
22	16673	48
22	16674	48
22	16675	48
22	16676	48
22	16677	49
22	16678	51
22	16679	51
22	16680	50
22	16681	50
22	16682	50
22	16683	50
22	16684	50
22	16685	50
22	16686	50
22	16687	48
22	16688	48
22	16689	52
22	16690	57
22	16691	57
22	16692	57
22	16693	57
22	16694	57
22	16695	57
22	16696	57
22	16697	57
22	16698	57
22	16699	57
22	16700	57
22	16701	56
22	16702	56
22	16703	56
22	16704	56
22	16705	54
22	16706	55
22	16707	55
22	16708	55
22	16709	56
22	16710	47
22	16711	43
22	16712	43
22	16713	43
22	16714	43
22	16715	43
22	16716	39
22	16717	39
22	16718	39
22	16719	39
22	16720	39
22	16721	38
22	16722	36
22	16723	35
22	16724	35
22	16725	34
22	16726	34
22	16727	34
22	16728	33
22	16729	32
22	16730	32
22	16731	33
22	16732	33
22	16733	33
22	16734	33
22	16735	33
22	16736	34
22	16737	34
22	16738	34
22	16739	32
22	16740	32
22	16741	33
22	16742	33
22	16743	33
22	16744	31
22	16745	31
22	16746	30
22	16747	31
22	16748	31
22	16749	33
22	16750	33
22	16751	34
22	16752	34
22	16753	34
22	16754	37
22	16755	37
22	16756	35
22	16757	35
22	16758	35
22	16759	35
22	16760	33
22	16761	33
22	16762	33
22	16763	33
22	16764	33
22	16765	33
22	16766	33
22	16767	33
22	16768	32
22	16769	32
22	16770	32
22	16771	32
22	16772	32
22	16773	32
22	16774	32
22	16775	32
22	16776	33
22	16777	34
22	16778	39
22	16779	39
22	16780	40
22	16781	40
22	16782	40
22	16783	40
22	16784	40
22	16785	40
22	16786	40
22	16787	41
22	16788	42
22	16789	42
22	16790	42
22	16791	42
22	16792	42
22	16793	41
22	16794	41
22	16795	41
22	16796	41
22	16797	41
22	16798	41
22	16799	41
22	16800	42
22	16801	42
22	16802	42
22	16803	42
22	16804	43
22	16805	43
22	16806	43
22	16807	43
22	16808	43
22	16809	41
22	16810	41
22	16811	41
22	16812	41
22	16813	39
22	16814	41
22	16815	44
22	16816	44
22	16817	44
22	16818	44
22	16819	44
22	16820	45
22	16821	45
22	16822	45
22	16823	45
22	16824	45
22	16825	45
22	16826	45
22	16827	44
22	16828	42
22	16829	42
22	16830	42
22	16831	43
22	16832	43
22	16833	43
22	16834	43
22	16835	43
22	16836	43
22	16837	43
22	16838	39
22	16839	34
22	16840	34
22	16841	34
22	16842	34
22	16843	34
22	16844	34
22	16845	34
22	16846	34
22	16847	34
22	16848	34
22	16849	36
22	16850	37
22	16851	38
22	16852	38
22	16853	38
22	16854	38
22	16855	38
22	16856	38
22	16857	38
22	16858	38
22	16859	40
22	16860	40
22	16861	40
22	16862	40
22	16863	40
22	16864	40
22	16865	40
22	16866	40
22	16867	40
22	16868	41
22	16869	41
22	16870	41
22	16871	41
22	16872	41
22	16873	43
22	16874	43
22	16875	43
22	16876	43
22	16877	43
22	16878	43
22	16879	43
22	16880	42
22	16881	42
22	16882	42
22	16883	42
22	16884	42
22	16885	41
22	16886	41
22	16887	41
22	16888	41
22	16889	41
22	16890	41
22	16891	40
22	16892	40
22	16893	40
22	16894	41
22	16895	40
22	16896	41
22	16897	40
22	16898	40
22	16899	46
22	16900	46
22	16901	46
22	16902	46
22	16903	44
22	16904	44
22	16905	44
22	16906	44
22	16907	44
22	16908	44
22	16909	46
22	16910	46
22	16911	46
22	16912	46
22	16913	46
22	16914	46
22	16915	47
22	16916	47
22	16917	47
22	16918	47
22	16919	48
22	16920	49
22	16921	49
22	16922	50
22	16923	50
22	16924	50
22	16925	50
22	16926	48
22	16927	48
22	16928	43
22	16929	42
22	16930	43
22	16931	43
22	16932	43
22	16933	43
22	16934	43
22	16935	43
22	16936	43
22	16937	39
22	16938	39
22	16939	39
22	16940	39
22	16941	39
22	16942	39
22	16943	39
22	16944	39
22	16945	39
22	16946	39
22	16947	39
22	16948	39
22	16949	39
22	16950	38
22	16951	38
22	16952	40
22	16953	41
22	16954	40
22	16955	40
22	16956	42
22	16957	43
22	16958	43
22	16959	43
22	16960	43
22	16961	43
22	16962	43
22	16963	43
22	16964	41
22	16965	38
22	16966	38
22	16967	39
22	16968	39
22	16969	38
22	16970	38
22	16971	38
22	16972	38
22	16973	38
22	16974	38
22	16975	38
22	16976	37
22	16977	37
22	16978	37
22	16979	37
22	16980	37
22	16981	37
22	16982	37
22	16983	37
22	16984	38
22	16985	38
22	16986	38
22	16987	39
22	16988	39
22	16989	39
22	16990	39
22	16991	39
22	16992	39
22	16993	40
22	16994	40
22	16995	46
22	16996	45
22	16997	45
22	16998	44
22	16999	43
22	17000	42
22	17001	42
22	17002	42
22	17003	42
22	17004	41
22	17005	42
22	17006	42
22	17007	42
22	17008	42
22	17009	39
22	17010	40
22	17011	40
22	17012	40
22	17013	40
22	17014	40
22	17015	40
22	17016	40
22	17017	40
22	17018	39
22	17019	39
22	17020	40
22	17021	40
22	17022	45
22	17023	44
22	17024	45
22	17025	45
22	17026	45
22	17027	45
22	17028	45
22	17029	45
22	17030	45
22	17031	45
22	17032	46
22	17033	46
22	17034	46
22	17035	53
22	17036	54
22	17037	55
22	17038	56
22	17039	56
22	17040	60
22	17041	61
22	17042	61
22	17043	61
22	17044	60
22	17045	60
22	17046	60
22	17047	60
22	17048	60
22	17049	51
22	17050	51
22	17051	51
22	17052	52
22	17053	52
22	17054	52
22	17055	52
22	17056	52
22	17057	52
22	17058	52
22	17059	50
22	17060	51
22	17061	51
22	17062	51
22	17063	51
22	17064	50
22	17065	50
22	17066	50
22	17067	49
22	17068	48
22	17069	47
22	17070	47
22	17071	47
22	17072	47
22	17073	47
22	17074	47
22	17075	47
22	17076	47
22	17077	47
22	17078	47
22	17079	47
22	17080	46
22	17081	46
22	17082	45
22	17083	45
22	17084	45
22	17085	47
22	17086	47
22	17087	47
22	17088	47
22	17089	47
22	17090	47
22	17091	47
22	17092	49
22	17093	49
22	17094	49
22	17095	53
22	17096	53
22	17097	54
22	17098	54
22	17099	54
22	17100	54
22	17101	53
22	17102	53
22	17103	53
22	17104	53
22	17105	51
22	17106	51
22	17107	50
22	17108	50
22	17109	50
22	17110	50
22	17111	50
22	17112	50
22	17113	49
22	17114	49
22	17115	50
22	17116	50
22	17117	49
22	17118	49
22	17119	49
22	17120	49
22	17121	51
22	17122	51
22	17123	51
22	17124	51
22	17125	52
22	17126	52
22	17127	52
22	17128	52
22	17129	52
22	17130	52
22	17131	53
22	17132	55
22	17133	54
22	17134	54
22	17135	58
22	17136	58
22	17137	57
22	17138	57
22	17139	58
22	17140	58
22	17141	58
22	17142	58
22	17143	59
22	17144	53
22	17145	53
22	17146	53
22	17147	53
22	17148	56
22	17149	56
22	17150	57
22	17151	58
22	17152	58
22	17153	59
22	17154	58
22	17155	58
22	17156	59
22	17157	60
22	17158	60
22	17159	60
22	17160	59
22	17161	59
22	17162	59
22	17163	59
22	17164	59
22	17165	59
22	17166	59
22	17167	59
22	17168	59
22	17169	59
22	17170	57
22	17171	55
22	17172	50
22	17173	49
22	17174	49
22	17175	49
22	17176	49
22	17177	49
22	17178	49
22	17179	49
22	17180	49
22	17181	50
22	17182	44
22	17183	42
22	17184	42
22	17185	42
22	17186	42
22	17187	41
22	17188	40
22	17189	40
22	17190	35
22	17191	35
22	17192	35
22	17193	36
22	17194	36
22	17195	36
22	17196	37
22	17197	37
22	17198	37
22	17199	37
22	17200	37
22	17201	37
22	17202	35
22	17203	35
22	17204	35
22	17205	35
22	17206	35
22	17207	35
22	17208	37
22	17209	37
22	17210	36
22	17211	36
22	17212	36
22	17213	36
22	17214	36
22	17215	36
22	17216	36
22	17217	36
22	17218	36
22	17219	36
22	17220	36
22	17221	36
22	17222	36
22	17223	36
22	17224	36
22	17225	36
22	17226	36
22	17227	36
22	17228	36
22	17229	36
22	17230	36
22	17231	39
22	17232	39
22	17233	40
22	17234	40
22	17235	38
22	17236	38
22	17237	38
22	17238	38
22	17239	38
22	17240	38
22	17241	36
22	17242	36
22	17243	36
22	17244	36
22	17245	34
22	17246	33
22	17247	32
22	17248	32
22	17249	32
22	17250	32
22	17251	31
22	17252	31
22	17253	32
22	17254	34
22	17255	34
22	17256	34
22	17257	34
22	17258	34
22	17259	34
22	17260	34
22	17261	34
22	17262	34
22	17263	34
22	17264	34
22	17265	34
22	17266	34
22	17267	34
22	17268	34
22	17269	34
22	17270	34
22	17271	32
22	17272	32
22	17273	32
22	17274	32
22	17275	31
22	17276	35
22	17277	35
22	17278	35
22	17279	35
22	17280	34
22	17281	34
22	17282	33
22	17283	33
22	17284	33
22	17285	29
22	17286	29
22	17287	29
22	17288	29
22	17289	28
22	17290	28
22	17291	24
22	17292	24
22	17293	24
22	17294	24
22	17295	24
22	17296	24
22	17297	24
22	17298	24
22	17299	23
22	17300	25
22	17301	24
22	17302	24
22	17303	24
22	17304	24
22	17305	24
22	17306	23
22	17307	23
22	17308	23
22	17309	23
22	17310	22
22	17311	22
22	17312	21
22	17313	21
22	17314	21
22	17315	21
22	17316	22
22	17317	22
22	17318	22
22	17319	22
22	17320	22
22	17321	22
22	17322	23
22	17323	23
22	17324	23
22	17325	23
22	17326	23
22	17327	23
22	17328	23
22	17329	23
22	17330	22
22	17331	22
22	17332	22
22	17333	22
22	17334	22
22	17335	22
22	17336	23
22	17337	24
22	17338	24
22	17339	24
22	17340	25
22	17341	25
22	17342	25
22	17343	24
22	17344	24
22	17345	24
22	17346	23
22	17347	23
22	17348	23
22	17349	23
22	17350	23
22	17351	23
22	17352	23
22	17353	23
22	17354	23
22	17355	23
22	17356	23
22	17357	23
22	17358	21
22	17359	21
22	17360	23
22	17361	23
22	17362	23
22	17363	23
22	17364	23
22	17365	23
22	17366	23
22	17367	23
22	17368	24
22	17369	24
22	17370	24
22	17371	24
22	17372	24
22	17373	24
22	17374	24
22	17375	24
22	17376	23
22	17377	23
22	17378	22
22	17379	22
22	17380	21
22	17381	21
22	17382	23
22	17383	25
22	17384	26
22	17385	26
22	17386	26
22	17387	26
22	17388	27
22	17389	26
22	17390	26
22	17391	26
22	17392	27
22	17393	27
22	17394	30
22	17395	30
22	17396	30
22	17397	30
22	17398	30
22	17399	30
22	17400	30
22	17401	30
22	17402	30
22	17403	28
22	17404	27
22	17405	27
22	17406	27
22	17407	27
22	17408	27
22	17409	27
22	17410	28
22	17411	28
22	17412	28
22	17413	28
22	17414	28
22	17415	28
22	17416	28
22	17417	28
22	17418	28
22	17419	28
22	17420	28
22	17421	28
22	17422	28
22	17423	28
22	17424	28
22	17425	28
22	17426	28
22	17427	27
22	17428	27
22	17429	28
22	17430	27
22	17431	29
22	17432	29
22	17433	30
22	17434	30
22	17435	30
22	17436	30
22	17437	30
22	17438	30
22	17439	30
22	17440	30
22	17441	30
22	17442	30
22	17443	30
22	17444	30
22	17445	30
22	17446	30
22	17447	30
22	17448	31
22	17449	32
22	17450	32
22	17451	32
22	17452	32
22	17453	32
22	17454	32
22	17455	32
22	17456	33
22	17457	33
22	17458	33
22	17459	33
22	17460	33
22	17461	33
22	17462	34
22	17463	34
22	17464	35
22	17465	35
22	17466	37
22	17467	39
22	17468	39
22	17469	39
22	17470	39
22	17471	37
22	17472	37
22	17473	36
22	17474	36
22	17475	35
22	17476	35
22	17477	35
22	17478	35
22	17479	35
22	17480	35
22	17481	35
22	17482	35
22	17483	36
22	17484	36
22	17485	34
22	17486	34
22	17487	33
22	17488	33
22	17489	34
22	17490	34
22	17491	34
22	17492	34
22	17493	34
22	17494	34
22	17495	34
22	17496	34
22	17497	34
22	17498	34
22	17499	34
22	17500	34
22	17501	34
22	17502	34
22	17503	34
22	17504	34
22	17505	34
22	17506	34
22	17507	35
22	17508	38
22	17509	38
22	17510	36
22	17511	37
22	17512	37
22	17513	37
22	17514	37
22	17515	37
22	17516	37
22	17517	37
22	17518	38
22	17519	40
22	17520	40
22	17521	40
22	17522	40
22	17523	39
22	17524	39
22	17525	39
22	17526	39
22	17527	38
22	17528	37
22	17529	39
22	17530	39
22	17531	39
22	17532	38
22	17533	36
22	17534	36
22	17535	36
22	17536	36
22	17537	34
22	17538	34
22	17539	34
22	17540	34
22	17541	34
22	17542	33
22	17543	31
22	17544	30
22	17545	30
22	17546	32
22	17547	32
22	17548	34
22	17549	35
22	17550	35
22	17551	35
22	17552	35
22	17553	35
22	17554	35
22	17555	35
22	17556	35
22	17557	35
22	17558	35
22	17559	34
22	17560	34
22	17561	34
22	17562	34
22	17563	34
22	17564	34
22	17565	34
22	17566	34
22	17567	34
22	17568	34
22	17569	34
22	17570	34
22	17571	34
22	17572	34
22	17573	34
22	17574	36
22	17575	36
22	17576	36
22	17577	35
22	17578	35
22	17579	35
22	17580	35
22	17581	33
22	17582	33
22	17583	32
22	17584	32
22	17585	32
22	17586	32
22	17587	32
22	17588	32
22	17589	33
22	17590	33
22	17591	33
22	17592	33
22	17593	33
22	17594	33
22	17595	33
22	17596	33
22	17597	34
22	17598	33
22	17599	33
22	17600	33
22	17601	33
22	17602	33
22	17603	33
22	17604	33
22	17605	33
22	17606	32
22	17607	32
22	17608	32
22	17609	32
22	17610	32
22	17611	6
22	17612	31
22	17613	31
22	17614	30
22	17615	30
22	17616	26
22	17617	26
22	17618	26
22	17619	26
22	17620	26
22	17621	26
22	17622	26
22	17623	26
22	17624	26
22	17625	28
22	17626	28
22	17627	28
22	17628	28
22	17629	28
22	17630	28
22	17631	28
22	17632	28
22	17633	28
22	17634	28
22	17635	28
22	17636	28
22	17637	28
22	17638	28
22	17639	30
22	17640	29
22	17641	29
22	17642	29
22	17643	29
22	17644	29
22	17645	29
22	17646	29
22	17647	29
22	17648	29
22	17649	30
22	17650	32
22	17651	32
22	17652	32
22	17653	32
22	17654	32
22	17655	32
22	17656	35
22	17657	35
22	17658	34
22	17659	31
22	17660	31
22	17661	31
22	17662	30
22	17663	30
22	17664	30
22	17665	30
22	17666	30
22	17667	30
22	17668	28
22	17669	28
22	17670	26
22	17671	26
22	17672	26
22	17673	26
22	17674	26
22	17675	26
22	17676	26
22	17677	26
22	17678	27
22	17679	24
22	17680	24
22	17681	24
22	17682	23
22	17683	23
22	17684	23
22	17685	23
22	17686	23
22	17687	23
22	17688	23
22	17689	23
22	17690	23
22	17691	23
22	17692	23
22	17693	23
22	17694	24
22	17695	24
22	17696	25
22	17697	23
22	17698	24
22	17699	21
22	17700	21
22	17701	21
22	17702	21
22	17703	21
22	17704	21
22	17705	21
22	17706	21
22	17707	21
22	17708	21
22	17709	22
22	17710	23
22	17711	23
22	17712	23
22	17713	23
22	17714	23
22	17715	23
22	17716	24
22	17717	24
22	17718	24
22	17719	24
22	17720	24
22	17721	25
22	17722	25
22	17723	25
22	17724	25
22	17725	23
22	17726	23
22	17727	23
22	17728	23
22	17729	23
22	17730	23
22	17731	23
22	17732	23
22	17733	23
22	17734	26
22	17735	26
22	17736	26
22	17737	26
22	17738	26
22	17739	27
22	17740	26
22	17741	26
22	17742	26
22	17743	26
22	17744	26
22	17745	25
22	17746	25
22	17747	25
22	17748	25
22	17749	25
22	17750	25
22	17751	25
22	17752	25
22	17753	25
22	17754	25
22	17755	25
22	17756	25
22	17757	25
22	17758	25
22	17759	26
22	17760	26
22	17761	26
22	17762	27
22	17763	27
22	17764	27
22	17765	27
22	17766	27
22	17767	27
22	17768	27
22	17769	27
22	17770	27
22	17771	27
22	17772	28
22	17773	28
22	17774	27
22	17775	27
22	17776	27
22	17777	27
22	17778	27
22	17779	27
22	17780	28
22	17781	28
22	17782	29
22	17783	28
22	17784	28
22	17785	28
22	17786	28
22	17787	29
22	17788	28
22	17789	28
22	17790	28
22	17791	30
22	17792	30
22	17793	30
22	17794	30
22	17795	30
22	17796	30
22	17797	32
22	17798	32
22	17799	31
22	17800	29
22	17801	29
22	17802	29
22	17803	31
22	17804	31
22	17805	28
22	17806	28
22	17807	28
22	17808	28
22	17809	28
22	17810	28
22	17811	28
22	17812	29
22	17813	29
22	17814	29
22	17815	29
22	17816	29
22	17817	29
22	17818	29
22	17819	29
22	17820	29
22	17821	30
22	17822	30
22	17823	30
22	17824	30
22	17825	30
22	17826	30
22	17827	30
22	17828	29
22	17829	29
22	17830	28
22	17831	28
22	17832	27
22	17833	27
22	17834	27
22	17835	27
22	17836	27
22	17837	27
22	17838	28
22	17839	28
22	17840	28
22	17841	28
22	17842	28
22	17843	28
22	17844	27
22	17845	26
22	17846	26
22	17847	26
22	17848	27
22	17849	27
22	17850	27
22	17851	27
22	17852	27
22	17853	27
22	17854	27
22	17855	27
22	17856	28
22	17857	28
22	17858	28
22	17859	27
22	17860	26
22	17861	26
22	17862	26
22	17863	26
22	17864	26
22	17865	26
22	17866	25
22	17867	28
22	17868	28
22	17869	28
22	17870	28
22	17871	27
22	17872	27
22	17873	27
22	17874	27
22	17875	28
22	17876	28
22	17877	28
22	17878	28
22	17879	28
22	17880	28
22	17881	28
22	17882	28
22	17883	29
22	17884	26
22	17885	26
22	17886	26
22	17887	26
22	17888	26
22	17889	25
22	17890	25
22	17891	25
22	17892	28
22	17893	28
22	17894	29
22	17895	29
22	17896	29
22	17897	28
22	17898	31
22	17899	32
22	17900	32
22	17901	32
22	17902	31
22	17903	32
22	17904	32
22	17905	33
22	17906	33
22	17907	33
22	17908	33
22	17909	32
22	17910	32
22	17911	32
22	17912	31
22	17913	31
22	17914	31
22	17915	31
22	17916	32
22	17917	32
22	17918	32
22	17919	32
22	17920	32
22	17921	31
22	17922	32
22	17923	32
22	17924	32
22	17925	32
22	17926	35
22	17927	35
22	17928	35
22	17929	35
22	17930	37
22	17931	37
22	17932	38
22	17933	38
22	17934	38
22	17935	38
22	17936	37
22	17937	37
22	17938	36
22	17939	36
22	17940	36
22	17941	34
22	17942	34
22	17943	34
22	17944	34
22	17945	35
22	17946	35
22	17947	33
22	17948	33
22	17949	33
22	17950	33
22	17951	33
22	17952	32
22	17953	32
22	17954	32
22	17955	32
22	17956	32
22	17957	33
22	17958	33
22	17959	34
22	17960	34
22	17961	34
22	17962	33
22	17963	33
22	17964	34
22	17965	34
22	17966	34
22	17967	33
22	17968	33
22	17969	33
22	17970	33
22	17971	34
22	17972	34
22	17973	34
22	17974	34
22	17975	35
22	17976	35
22	17977	35
22	17978	35
22	17979	35
22	17980	35
22	17981	35
22	17982	35
22	17983	35
22	17984	35
22	17985	36
22	17986	36
22	17987	36
22	17988	35
22	17989	36
22	17990	36
22	17991	36
22	17992	36
22	17993	36
22	17994	36
22	17995	36
22	17996	36
22	17997	36
22	17998	38
22	17999	37
22	18000	38
22	18001	38
22	18002	39
22	18003	39
22	18004	39
22	18005	38
22	18006	38
22	18007	38
22	18008	38
22	18009	39
22	18010	39
22	18011	40
22	18012	40
22	18013	40
22	18014	40
22	18015	40
22	18016	40
22	18017	38
22	18018	38
22	18019	40
22	18020	41
22	18021	41
22	18022	41
22	18023	41
22	18024	41
22	18025	41
22	18026	47
22	18027	47
22	18028	48
22	18029	48
22	18030	48
22	18031	48
22	18032	50
22	18033	52
22	18034	52
22	18035	52
22	18036	52
22	18037	52
22	18038	52
22	18039	52
22	18040	52
22	18041	55
22	18042	52
22	18043	51
22	18044	51
22	18045	51
22	18046	52
22	18047	49
22	18048	49
22	18049	48
22	18050	50
22	18051	50
22	18052	50
22	18053	50
22	18054	50
22	18055	49
22	18056	49
22	18057	49
22	18058	49
22	18059	49
22	18060	49
22	18061	49
22	18062	49
22	18063	49
22	18064	49
22	18065	48
22	18066	48
22	18067	51
22	18068	52
22	18069	52
22	18070	52
22	18071	52
22	18072	51
22	18073	54
22	18074	54
22	18075	54
22	18076	49
22	18077	52
22	18078	54
22	18079	54
22	18080	52
22	18081	52
22	18082	51
22	18083	51
22	18084	52
22	18085	52
22	18086	52
22	18087	52
22	18088	52
22	18089	52
22	18090	54
22	18091	54
22	18092	55
22	18093	54
22	18094	54
22	18095	54
22	18096	54
22	18097	54
22	18098	54
22	18099	54
22	18100	53
22	18101	53
22	18102	53
22	18103	53
22	18104	53
22	18105	53
22	18106	53
22	18107	53
22	18108	53
22	18109	53
22	18110	53
22	18111	53
22	18112	53
22	18113	56
22	18114	56
22	18115	57
22	18116	57
22	18117	57
22	18118	57
22	18119	57
22	18120	57
22	18121	57
22	18122	57
22	18123	57
22	18124	56
22	18125	58
22	18126	59
22	18127	59
22	18128	59
22	18129	59
22	18130	63
22	18131	64
22	18132	64
22	18133	64
22	18134	64
22	18135	63
22	18136	63
22	18137	63
22	18138	63
22	18139	62
22	18140	62
22	18141	62
22	18142	62
22	18143	62
22	18144	63
22	18145	63
22	18146	63
22	18147	63
22	18148	60
22	18149	60
22	18150	60
22	18151	60
22	18152	59
22	18153	60
22	18154	60
22	18155	60
22	18156	60
22	18157	60
22	18158	60
22	18159	59
22	18160	59
22	18161	58
22	18162	58
22	18163	58
22	18164	58
22	18165	58
22	18166	58
22	18167	58
22	18168	57
22	18169	56
22	18170	56
22	18171	56
22	18172	56
22	18173	56
22	18174	55
22	18175	55
22	18176	49
22	18177	48
22	18178	50
22	18179	50
22	18180	50
22	18181	49
22	18182	48
22	18183	45
22	18184	45
22	18185	45
22	18186	45
22	18187	45
22	18188	45
22	18189	45
22	18190	45
22	18191	42
22	18192	42
22	18193	42
22	18194	42
22	18195	41
22	18196	41
22	18197	41
22	18198	41
22	18199	41
22	18200	41
22	18201	41
22	18202	41
22	18203	41
22	18204	41
22	18205	41
22	18206	41
22	18207	41
22	18208	41
22	18209	41
22	18210	42
22	18211	42
22	18212	42
22	18213	42
22	18214	42
22	18215	42
22	18216	42
22	18217	39
22	18218	38
22	18219	38
22	18220	38
22	18221	38
22	18222	36
22	18223	35
22	18224	35
22	18225	35
22	18226	34
22	18227	29
22	18228	29
22	18229	28
22	18230	28
22	18231	28
22	18232	28
22	18233	28
22	18234	28
22	18235	29
22	18236	29
22	18237	29
22	18238	29
22	18239	27
22	18240	27
22	18241	26
22	18242	26
22	18243	26
22	18244	26
22	18245	26
22	18246	26
22	18247	26
22	18248	26
22	18249	26
22	18250	26
22	18251	26
22	18252	26
22	18253	27
22	18254	27
22	18255	27
22	18256	27
22	18257	27
22	18258	27
22	18259	27
22	18260	27
22	18261	27
22	18262	22
22	18263	22
22	18264	23
22	18265	22
22	18266	22
22	18267	22
22	18268	22
22	18269	22
22	18270	22
22	18271	22
22	18272	22
22	18273	22
22	18274	22
22	18275	21
22	18276	20
22	18277	20
22	18278	20
22	18279	20
22	18280	17
22	18281	16
22	18282	16
22	18283	16
22	18284	16
22	18285	16
22	18286	16
22	18287	16
22	18288	16
22	18289	16
22	18290	16
22	18291	16
22	18292	16
22	18293	16
22	18294	15
22	18295	15
22	18296	15
22	18297	15
22	18298	15
22	18299	15
22	18300	15
22	18301	15
22	18302	15
22	18303	14
22	18304	14
22	18305	14
22	18306	14
22	18307	12
22	18308	12
22	18309	12
22	18310	12
22	18311	14
22	18312	14
22	18313	14
22	18314	14
22	18315	14
22	18316	14
22	18317	14
22	18318	14
22	18319	14
22	18320	14
22	18321	15
22	18322	15
22	18323	15
22	18324	15
22	18325	15
22	18326	15
22	18327	14
22	18328	14
22	18329	14
22	18330	14
22	18331	14
22	18332	14
22	18333	14
22	18334	14
22	18335	14
22	18336	12
22	18337	12
22	18338	12
22	18339	12
22	18340	12
22	18341	12
22	18342	12
22	18343	12
22	18344	12
22	18345	12
22	18346	12
22	18347	12
22	18348	12
22	18349	12
22	18350	12
22	18351	12
22	18352	12
22	18353	12
22	18354	12
22	18355	12
22	18356	12
22	18357	12
22	18358	12
22	18359	11
22	18360	11
22	18361	11
22	18362	12
22	18363	12
22	18364	12
22	18365	12
22	18366	12
22	18367	11
22	18368	11
22	18369	11
22	18370	11
22	18371	11
22	18372	12
22	18373	12
22	18374	12
22	18375	12
22	18376	12
22	18377	12
22	18378	12
22	18379	12
22	18380	12
22	18381	12
22	18382	12
22	18383	12
22	18384	12
22	18385	11
22	18386	10
22	18387	10
22	18388	10
22	18389	10
22	18390	10
22	18391	10
22	18392	10
22	18393	10
22	18394	10
22	18395	9
22	18396	9
22	18397	9
22	18398	9
22	18399	9
22	18400	9
22	18401	9
22	18402	6
22	18403	6
22	18404	6
22	18405	6
22	18406	6
22	18407	6
22	18408	6
22	18409	6
22	18410	6
22	18411	6
22	18412	6
22	18413	6
22	18414	6
22	18415	6
22	18416	6
22	18417	6
22	18418	6
22	18419	6
22	18420	6
22	18421	6
22	18422	6
22	18423	6
22	18424	6
22	18425	6
22	18426	6
22	18427	6
22	18428	6
22	18429	6
22	18430	6
22	18431	6
22	18432	6
22	18433	6
22	18434	6
22	18435	6
22	18436	6
22	18437	6
22	18438	6
22	18439	6
22	18440	6
22	18441	6
22	19395	7
22	19396	7
22	19397	7
22	19398	7
22	19399	8
22	19400	9
22	19401	10
22	19402	11
22	19403	11
22	19404	11
22	19405	11
22	19406	12
22	19407	12
22	19408	12
22	19409	12
22	19410	12
22	19411	12
22	19412	12
22	19413	12
22	19414	12
22	19415	12
22	19416	12
22	19417	12
22	19418	12
22	19419	12
22	19420	12
22	19421	12
22	19422	12
22	19423	13
22	19424	13
22	19425	14
22	19426	14
22	19427	14
22	19428	14
22	19429	14
22	19430	14
22	19431	14
22	19432	14
22	19433	18
22	19434	18
22	19435	18
22	19436	18
22	19437	18
22	19438	18
22	19439	18
22	19440	18
22	19441	18
22	19442	18
22	19443	19
22	19444	19
22	19445	19
22	19446	19
22	19447	19
22	19448	19
22	19449	19
22	19450	20
22	19451	20
22	19452	24
22	19453	23
22	19454	24
22	19455	24
22	19456	24
22	19457	23
22	19458	23
22	19459	23
22	19460	24
22	19461	24
22	19462	24
22	19463	24
22	19464	24
22	19465	25
22	19466	26
22	19467	26
22	19468	26
22	19469	26
22	19470	26
22	19471	26
22	19472	26
22	19473	26
22	19474	26
22	19475	26
22	19476	28
22	19477	30
22	19478	29
22	19479	29
22	19480	29
22	19481	30
22	19482	30
22	19483	30
22	19484	31
22	19485	31
22	19486	31
22	19487	31
22	19488	31
22	19489	31
22	19490	31
22	19491	31
22	19492	31
22	19493	31
22	19494	31
22	19495	32
22	19496	33
22	19497	34
22	19498	34
22	19499	34
22	19500	34
22	19501	34
22	19502	34
22	19503	34
22	19504	34
22	19505	33
22	19506	33
22	19507	33
22	19508	33
22	19509	33
22	19510	33
22	19511	33
22	19512	33
22	19513	32
22	19514	32
22	19515	32
22	19516	32
22	19517	32
22	19518	32
22	19519	34
22	19520	34
22	19521	34
22	19522	34
22	19523	34
22	19524	33
22	19525	34
22	19526	34
22	19527	35
22	19528	36
22	19529	36
22	19530	39
22	19531	39
22	19532	39
22	19533	39
22	19534	39
22	19535	39
22	19536	39
22	19537	39
22	19538	39
22	19539	39
22	19540	42
22	19541	42
22	19542	42
22	19543	42
22	19544	42
22	19545	42
22	19546	42
22	19547	42
22	19548	42
22	19549	41
22	19550	40
22	19551	41
22	19552	42
22	19553	42
22	19554	42
22	19555	42
22	19556	42
22	19557	42
22	19558	42
22	19559	43
22	19560	43
22	19561	43
22	19562	44
22	19563	44
22	19564	44
22	19565	44
22	19566	46
22	19567	46
22	19568	46
22	19569	46
22	19570	48
22	19571	48
22	19572	48
22	19573	48
22	19574	47
22	19575	47
22	19576	47
22	19577	48
22	19578	49
22	19579	48
22	19580	48
22	19581	48
22	19582	48
22	19583	48
22	19584	48
22	19585	48
22	19586	48
22	19587	57
22	19588	57
22	19589	57
22	19590	57
22	19591	59
22	19592	58
22	19593	58
22	19594	58
22	19595	59
22	19596	59
22	19597	59
22	19598	59
22	19599	55
22	19600	54
22	19601	55
22	19602	55
22	19603	55
22	19604	55
22	19605	55
22	19606	56
22	19607	56
22	19608	56
22	19609	55
22	19610	56
22	19611	56
22	19612	56
22	19613	56
22	19614	55
22	19615	55
22	19616	54
22	19617	54
22	19618	54
22	19619	53
22	19620	53
22	19621	52
22	19622	52
22	19623	52
22	19624	52
22	19625	53
22	19626	51
22	19627	53
22	19628	53
22	19629	52
22	19630	52
22	19631	51
22	19632	51
22	19633	51
22	19634	50
22	19635	50
22	19636	50
22	19637	53
22	19638	53
22	19639	53
22	19640	53
22	19641	53
22	19642	53
22	19643	53
22	19644	52
22	19645	51
22	19646	50
22	19647	49
22	19648	49
22	19649	49
22	19650	49
22	19651	49
22	19652	49
22	19653	49
22	19654	49
22	19655	49
22	19656	49
22	19657	48
22	19658	48
22	19659	48
22	19660	48
22	19661	48
22	19662	48
22	19663	49
22	19664	50
22	19665	50
22	19666	50
22	19667	50
22	19668	50
22	19669	48
22	19670	50
22	19671	49
22	19672	49
22	19673	49
22	19674	48
22	19675	48
22	19676	48
22	19677	45
22	19678	43
22	19679	43
22	19680	43
22	19681	43
22	19682	43
22	19683	43
22	19684	43
22	19685	43
22	19686	43
22	19687	43
22	19688	43
22	19689	44
22	19690	41
22	19691	43
22	19692	43
22	19693	43
22	19694	43
22	19695	43
22	19696	46
22	19697	46
22	19698	47
22	19699	49
22	19700	47
22	19701	48
22	19702	47
22	19703	47
22	19704	47
22	19705	47
22	19706	47
22	19707	48
22	19708	48
22	19709	48
22	19710	48
22	19711	51
22	19712	51
22	19713	51
22	19714	51
22	19715	48
22	19716	48
22	19717	50
22	19718	51
22	19719	52
22	19720	49
22	19721	49
22	19722	49
22	19723	49
22	19724	49
22	19725	50
22	19726	50
22	19727	49
22	19728	56
22	19729	56
22	19730	57
22	19731	57
22	19732	57
22	19733	57
22	19734	57
22	19735	57
22	19736	57
22	19737	48
22	19738	48
22	19739	48
22	19740	47
22	19741	47
22	19742	47
22	19743	47
22	19744	46
22	19745	46
22	19746	46
22	19747	46
22	19748	46
22	19749	46
22	19750	48
22	19751	48
22	19752	48
22	19753	48
22	19754	48
22	19755	47
22	19756	47
22	19757	49
22	19758	49
22	19759	49
22	19760	49
22	19761	49
22	19762	49
22	19763	49
22	19764	49
22	19765	50
22	19766	52
22	19767	54
22	19768	54
22	19769	54
22	19770	54
22	19771	54
22	19772	54
22	19773	54
22	19774	54
22	19775	54
22	19776	52
22	19777	52
22	19778	53
22	19779	53
22	19780	53
22	19781	53
22	19782	53
22	19783	53
22	19784	53
22	19785	53
22	19786	51
22	19787	51
22	19788	51
22	19789	51
22	19790	50
22	19791	51
22	19792	51
22	19793	51
22	19794	51
22	19795	51
22	19796	54
22	19797	54
22	19798	54
22	19799	54
22	19800	54
22	19801	54
22	19802	54
22	19803	55
22	19804	55
22	19805	55
22	19806	55
22	19807	56
22	19808	56
22	19809	56
22	19810	56
22	19811	56
22	19812	55
22	19813	55
22	19814	54
22	19815	54
22	19816	54
22	19817	54
22	19818	55
22	19819	55
22	19820	54
22	19821	54
22	19822	53
22	19823	53
22	19824	53
22	19825	53
22	19826	53
22	19827	53
22	19828	53
22	19829	53
22	19830	53
22	19831	53
22	19832	53
22	19833	53
22	19834	52
22	19835	52
22	19836	52
22	19837	52
22	19838	52
22	19839	57
22	19840	67
22	19841	64
22	19842	64
22	19843	62
22	19844	63
22	19845	67
22	19846	67
22	19847	67
22	19848	65
22	19849	60
22	19850	64
22	19851	63
22	19852	63
22	19853	62
22	19854	59
22	19855	62
22	19856	62
22	19857	61
22	19858	61
22	19859	60
22	19860	60
22	19861	58
22	19862	58
22	19863	57
22	19864	58
22	19865	58
22	19866	58
22	19867	58
22	19868	57
22	19869	60
22	19870	61
22	19871	61
22	19872	61
22	19873	61
22	19874	59
22	19875	59
22	19876	59
22	19877	59
22	19878	54
22	19879	54
22	19880	54
22	19881	54
22	19882	59
22	19883	59
22	19884	59
22	19885	59
22	19886	85
22	19887	87
22	19888	87
22	19889	86
22	19890	86
22	19891	84
22	19892	85
22	19893	85
22	19894	85
22	19895	86
22	19896	85
22	19897	91
22	19898	98
22	19899	98
22	19900	98
22	19901	98
22	19902	98
22	19903	98
22	19904	99
22	19905	99
22	19906	99
22	19907	99
22	19908	100
22	19909	100
22	19910	100
22	19911	100
22	19912	100
22	19913	100
22	19914	100
22	19915	100
22	19916	98
22	19917	98
22	19918	98
22	19919	98
22	19920	99
22	19921	99
22	19922	99
22	19923	99
22	19924	99
22	19925	99
22	19926	99
22	19927	98
22	19928	98
22	19929	98
22	19930	98
22	19931	99
22	19932	99
22	19933	100
22	19934	100
22	19935	100
22	19936	100
22	19937	100
22	19938	100
22	19939	100
22	19940	100
22	19941	100
22	19942	100
22	19943	100
22	19944	100
22	19945	98
22	19946	98
22	19947	98
22	19948	98
22	19949	98
22	19950	99
22	19951	99
22	19952	99
22	19953	98
22	19954	98
22	19955	98
22	19956	98
22	19957	97
22	19958	97
22	19959	98
22	19960	98
22	19961	98
22	19962	98
22	19963	97
22	19964	98
22	19965	98
22	19966	98
22	19967	98
22	19968	97
22	19969	96
22	19970	96
22	19971	96
22	19972	96
22	19973	98
22	19974	98
22	19975	98
22	19976	98
22	19977	98
22	19978	98
22	19979	98
22	19980	98
22	19981	98
22	19982	98
22	19983	98
22	19984	98
22	19985	98
22	19986	98
22	19987	98
22	19988	100
22	19989	84
22	19990	83
22	19991	83
22	19992	84
22	19993	84
22	19994	83
22	19995	79
22	19996	79
22	19997	79
22	19998	79
22	19999	79
22	20000	75
22	20001	75
22	20002	75
22	20003	72
22	20004	72
22	20005	73
22	20006	77
22	20007	79
22	20008	79
22	20009	79
22	20010	81
22	20011	82
22	20012	82
22	20013	82
22	20014	76
22	20015	77
22	20016	77
22	20017	77
22	20018	77
22	20019	72
22	20020	71
22	20021	71
22	20022	71
22	20023	71
22	20024	71
22	20025	71
22	20026	71
22	20027	80
22	20028	80
22	20029	80
22	20030	80
22	20031	80
22	20032	79
22	20033	79
22	20034	79
22	20035	79
22	20036	52
22	20037	50
22	20038	56
22	20039	58
22	20040	58
22	20041	58
22	20042	57
22	20043	57
22	20044	56
22	20045	61
22	20046	61
22	20047	54
22	20048	47
22	20049	47
22	20050	47
22	20051	47
22	20052	48
22	20053	48
22	20054	47
22	20055	47
22	20056	47
22	20057	48
22	20058	48
22	20059	48
22	20060	48
22	20061	48
22	20062	48
22	20063	48
22	20064	48
22	20065	47
22	20066	47
22	20067	47
22	20068	47
22	20069	48
22	20070	47
22	20071	48
22	20072	48
22	20073	48
22	20074	48
22	20075	48
22	20076	47
22	20077	47
22	20078	47
22	20079	47
22	20080	46
22	20081	46
22	20082	46
22	20083	45
22	20084	46
22	20085	47
22	20086	47
22	20087	47
22	20088	47
22	20089	48
22	20090	48
22	20091	48
22	20092	48
22	20093	48
22	20094	48
22	20095	48
22	20096	48
22	20097	48
22	20098	48
22	20099	47
22	20100	47
22	20101	47
22	20102	47
22	20103	47
22	20104	47
22	20105	47
22	20106	47
22	20107	47
22	20108	47
22	20109	46
22	20110	46
22	20111	46
22	20112	46
22	20113	46
22	20114	47
22	20115	47
22	20116	47
22	20117	47
22	20118	47
22	20119	47
22	20120	47
22	20121	47
22	20122	45
22	20123	47
22	20124	48
22	20125	48
22	20126	48
22	20127	48
22	20128	48
22	20129	48
22	20130	48
22	20131	48
22	20132	48
22	20133	51
22	20134	51
22	20135	51
22	20136	51
22	20137	49
22	20138	49
22	20139	49
22	20140	50
22	20141	50
22	20142	49
22	20143	49
22	20144	49
22	20145	49
22	20146	49
22	20147	49
22	20148	53
22	20149	53
22	20150	53
22	20151	53
22	20152	53
22	20153	53
22	20154	53
22	20155	57
22	20156	56
22	20157	52
22	20158	52
22	20159	53
22	20160	53
22	20161	57
22	20162	57
22	20163	58
22	20164	58
22	20165	57
22	20166	58
22	20167	58
22	20168	59
22	20169	59
22	20170	59
22	20171	59
22	20172	59
22	20173	59
22	20174	59
22	20175	59
22	20176	50
22	20177	50
22	20178	50
22	20179	50
22	20180	50
22	20181	50
22	20182	50
22	20183	50
22	20184	50
22	20185	50
22	20186	50
22	20187	45
22	20188	45
22	20189	45
22	20190	45
22	20191	46
22	20192	46
22	20193	47
22	20194	42
22	20195	42
22	20196	43
22	20197	43
22	20198	43
22	20199	43
22	20200	43
22	20201	43
22	20202	42
22	20203	42
22	20204	42
22	20205	45
22	20206	44
22	20207	43
22	20208	43
22	20209	46
22	20210	46
22	20211	46
22	20212	46
22	20213	46
22	20214	46
22	20215	46
22	20216	46
22	20217	46
22	20218	46
22	20219	45
22	20220	45
22	20221	44
22	20222	44
22	20223	44
22	20224	44
22	20225	44
22	20226	44
22	20227	44
22	20228	44
22	20229	44
22	20230	45
22	20231	45
22	20232	45
22	20233	44
22	20234	44
22	20235	43
22	20236	43
22	20237	43
22	20238	42
22	20239	42
22	20240	42
22	20241	42
22	20242	42
22	20243	42
22	20244	42
22	20245	43
22	20246	43
22	20247	43
22	20248	43
22	20249	43
22	20250	44
22	20251	44
22	20252	45
22	20253	45
22	20254	45
22	20255	45
22	20256	45
22	20257	45
22	20258	45
22	20259	45
22	20260	47
22	20261	48
22	20262	49
22	20263	48
22	20264	48
22	20265	50
22	20266	50
22	20267	50
22	20268	50
22	20269	50
22	20270	51
22	20271	51
22	20272	51
22	20273	49
22	20274	48
22	20275	49
22	20276	49
22	20277	49
22	20278	49
22	20279	49
22	20280	53
22	20281	54
22	20282	54
22	20283	51
22	20284	52
22	20285	52
22	20286	52
22	20287	52
22	20288	52
22	20289	52
22	20290	53
22	20291	53
22	20292	54
22	20293	54
22	20294	54
22	20295	54
22	20296	58
22	20297	59
22	20298	55
22	20299	55
22	20300	55
22	20301	57
22	20302	57
22	20303	57
22	20304	57
22	20305	52
22	20306	53
22	20307	53
22	20308	52
22	20309	52
22	20310	47
22	20311	47
22	20312	47
22	20313	47
22	20314	47
22	20315	47
22	20316	46
22	20317	45
22	20318	45
22	20319	45
22	20320	45
22	20321	45
22	20322	45
22	20323	45
22	20324	45
22	20325	45
22	20326	45
22	20327	45
22	20328	45
22	20329	45
22	20330	45
22	20331	45
22	20332	45
22	20333	45
22	20334	45
22	20335	45
22	20336	45
22	20337	44
22	20338	45
22	20339	43
22	20340	43
22	20341	42
22	20342	44
22	20343	43
22	20344	43
22	20345	42
22	20346	42
22	20347	42
22	20348	42
22	20349	42
22	20350	42
22	20351	42
22	20352	42
22	20353	40
22	20354	39
22	20355	39
22	20356	39
22	20357	39
22	20358	39
22	20359	37
22	20360	37
22	20361	37
22	20362	37
22	20363	37
22	20364	37
22	20365	37
22	20366	37
22	20367	37
22	20368	37
22	20369	37
22	20370	37
22	20371	37
22	20372	37
22	20373	37
22	20374	37
22	20375	37
22	20376	37
22	20377	37
22	20378	37
22	20379	37
22	20380	36
22	20381	36
22	20382	36
22	20383	36
22	20384	36
22	20385	36
22	20386	36
22	20387	36
22	20388	38
22	20389	38
22	20390	40
22	20391	40
22	20392	40
22	20393	39
22	20394	39
22	20395	38
22	20396	38
22	20397	38
22	20398	38
22	20399	38
22	20400	37
22	20401	37
22	20402	36
22	20403	35
22	20404	36
22	20405	36
22	20406	36
22	20407	36
22	20408	36
22	20409	35
22	20410	32
22	20411	32
22	20412	31
22	20413	31
22	20414	31
22	20415	29
22	20416	30
22	20417	30
22	20418	30
22	20419	29
22	20420	30
22	20421	30
22	20422	30
22	20423	30
22	20424	30
22	20425	29
22	20426	29
22	20427	29
22	20428	29
22	20429	27
22	20430	25
22	20431	24
22	20432	25
22	20433	26
22	20434	25
22	20435	25
22	20436	25
22	20437	25
22	20438	25
22	20439	25
22	20440	23
22	20441	22
22	20442	22
22	20443	22
22	20444	19
22	20445	20
22	20446	20
22	20447	19
22	20448	19
22	20449	19
22	20450	19
22	20451	19
22	20452	19
22	20453	19
22	20454	19
22	20455	18
22	20456	16
22	20457	17
22	20458	18
22	20459	18
22	20460	18
22	20461	19
22	20462	19
22	20463	19
22	20464	19
22	20465	20
22	20466	21
22	20467	21
22	20468	21
22	20469	21
22	20470	21
22	20471	21
22	20472	23
22	20473	23
22	20474	25
22	20475	25
22	20476	25
22	20477	25
22	20478	25
22	20479	27
22	20480	28
22	20481	29
22	20482	29
22	20483	29
22	20484	29
22	20485	29
22	20486	29
22	20487	31
22	20488	30
22	20489	30
22	20490	30
22	20491	31
22	20492	30
22	20493	29
22	20494	29
22	20495	29
22	20496	29
22	20497	30
22	20498	30
22	20499	30
22	20500	30
22	20501	30
22	20502	30
22	20503	30
22	20504	30
22	20505	30
22	20506	30
22	20507	30
22	20508	30
22	20509	30
22	20510	31
22	20511	31
22	20512	31
22	20513	31
22	20514	32
22	20515	32
22	20516	32
22	20517	32
22	20518	32
22	20519	32
22	20520	31
22	20521	31
22	20522	31
22	20523	30
22	20524	30
22	20525	30
22	20526	31
22	20527	32
22	20528	35
22	20529	36
22	20530	40
22	20531	40
22	20532	40
22	20533	40
22	20534	41
22	20535	41
22	20536	41
22	20537	40
22	20538	39
22	20539	39
22	20540	37
22	20541	37
22	20542	37
22	20543	37
22	20544	37
22	20545	37
22	20546	38
22	20547	38
22	20548	38
22	20549	39
22	20550	39
22	20551	39
22	20552	39
22	20553	39
22	20554	40
22	20555	40
22	20556	40
22	20557	40
22	20558	40
22	20559	40
22	20560	40
22	20561	40
22	20562	40
22	20563	40
22	20564	40
22	20565	40
22	20566	40
22	20567	40
22	20568	40
22	20569	39
22	20570	39
22	20571	40
22	20572	40
22	20573	40
22	20574	39
22	20575	39
22	20576	39
22	20577	40
22	20578	41
22	20579	41
22	20580	41
22	20581	40
22	20582	40
22	20583	39
22	20584	39
22	20585	39
22	20586	39
22	20587	39
22	20588	39
22	20589	39
22	20590	39
22	20591	41
22	20592	41
22	20593	41
22	20594	41
22	20595	41
22	20596	41
22	20597	41
22	20598	41
22	20599	41
22	20600	41
22	20601	39
22	20602	39
22	20603	39
22	20604	39
22	20605	39
22	20606	39
22	20607	39
22	20608	38
22	20609	38
22	20610	38
22	20611	37
22	20612	37
22	20613	37
22	20614	37
22	20615	36
22	20616	35
22	20617	35
22	20618	35
22	20619	35
22	20620	35
22	20621	33
22	20622	33
22	20623	32
22	20624	32
22	20625	32
22	20626	32
22	20627	32
22	20628	32
22	20629	30
22	20630	30
22	20631	28
22	20632	28
22	20633	28
22	20634	28
22	20635	28
22	20636	28
22	20637	26
22	20638	25
22	20639	26
22	20640	26
22	20641	25
22	20642	25
22	20643	25
22	20644	25
22	20645	25
22	20646	26
22	20647	26
22	20648	26
22	20649	26
22	20650	26
22	20651	26
22	20652	26
22	20653	26
22	20654	26
22	20655	26
22	20656	26
22	20657	26
22	20658	26
22	20659	25
22	20660	26
22	20661	26
22	20662	26
22	20663	26
22	20664	25
22	20665	24
22	20666	24
22	20667	24
22	20668	24
22	20669	25
22	20670	25
22	20671	25
22	20672	25
22	20673	25
22	20674	25
22	20675	24
22	20676	24
22	20677	20
22	20678	19
22	20679	19
22	20680	18
22	20681	18
22	20682	18
22	20683	18
22	20684	19
22	20685	19
22	20686	19
22	20687	19
22	20688	19
22	20689	19
22	20690	19
22	20691	19
22	20692	19
22	20693	19
22	20694	19
22	20695	19
22	20696	18
22	20697	18
22	20698	18
22	20699	18
22	20700	18
22	20701	18
22	20702	18
22	20703	17
22	20704	17
22	20705	17
22	20706	17
22	20707	17
22	20708	17
22	20709	17
22	20710	17
22	20711	17
22	20712	17
22	20713	17
22	20714	17
22	20715	17
22	20716	17
22	20717	17
22	20718	17
22	20719	17
22	20720	16
22	20721	16
22	20722	16
22	20723	16
22	20724	16
22	20725	19
22	20726	19
22	20727	18
22	20728	18
22	20729	18
22	20730	18
22	20731	18
22	20732	17
22	20733	17
22	20734	16
22	20735	16
22	20736	16
22	20737	16
22	20738	16
22	20739	16
22	20740	14
22	20741	15
22	20742	15
22	20743	15
22	20744	16
22	20745	16
22	20746	16
22	20747	16
22	20748	16
22	20749	16
22	20750	16
22	20751	16
22	20752	14
22	20753	14
22	20754	14
22	20755	14
22	20756	14
22	20757	14
22	20758	14
22	20759	14
22	20760	14
22	20761	14
22	20762	14
22	20763	14
22	20764	14
22	20765	14
22	20766	14
22	20767	14
22	20768	14
22	20769	14
22	20770	14
22	20771	14
22	20772	14
22	20773	14
22	20774	14
22	20775	14
22	20776	14
22	20777	14
22	20778	14
22	20779	14
22	20780	13
22	20781	13
22	20782	13
22	20783	13
22	20784	13
22	20785	13
22	20786	13
22	20787	13
22	20788	12
22	20789	11
22	20790	11
22	20791	11
22	20792	11
22	20793	11
22	20794	11
22	20795	9
22	20796	9
22	20797	9
22	20798	9
22	20799	9
22	20800	9
22	20801	9
22	20802	9
22	20803	9
22	20804	9
22	20805	9
22	20806	9
22	20807	9
22	20808	9
22	20809	9
22	20810	8
22	20811	7
22	20812	7
22	20813	7
22	20814	7
22	20815	7
22	20816	7
22	20817	7
22	20818	7
22	20819	7
22	20820	7
22	20821	7
22	20822	7
22	20823	7
22	20824	7
22	20825	7
22	20826	7
22	20827	7
22	20828	7
22	20829	7
22	20830	7
22	20831	7
22	20832	7
22	20833	5
22	20834	5
22	20835	5
22	20836	5
22	20837	5
22	20838	5
22	20839	5
22	20840	5
22	20841	5
22	20842	5
22	20843	5
22	20844	6
22	20845	6
22	20846	7
22	20847	7
22	20848	7
22	20849	7
22	20850	7
22	20851	7
22	20852	7
22	20853	7
22	20854	7
22	20855	7
22	20856	7
22	20857	7
22	20858	7
22	20859	7
22	20860	7
22	20861	7
22	20862	7
22	20863	7
22	20864	7
22	20865	7
22	20866	7
22	20867	7
22	20868	7
22	20869	7
22	20870	7
22	20871	7
22	20872	8
22	20873	8
22	20874	5
22	20875	5
22	20876	5
22	20877	5
22	20878	6
22	20879	6
22	20880	6
22	20881	5
22	20882	5
22	20883	5
22	20884	5
22	20885	5
22	20886	5
22	20887	5
22	20888	5
22	20889	7
22	20890	7
22	20891	7
22	20892	7
22	20893	7
22	20894	7
22	20895	7
22	20896	7
22	20897	7
22	20898	7
22	20899	7
22	20900	7
22	20901	7
22	20902	7
22	20903	10
22	20904	10
22	20905	10
22	20906	10
22	20907	10
22	20908	10
22	20909	11
22	20910	11
22	20911	11
22	20912	11
22	20913	11
22	20914	12
22	20915	12
22	20916	12
22	20917	12
22	20918	15
22	20919	15
22	20920	15
22	20921	15
22	20922	15
22	20923	15
22	20924	15
22	20925	15
22	20926	15
22	20927	17
22	20928	17
22	20929	17
22	20930	17
22	20931	17
22	20932	17
22	20933	17
22	20934	17
22	20935	17
22	20936	17
22	20937	17
22	20938	17
22	20939	17
22	20940	17
22	20941	18
22	20942	19
22	20943	19
22	20944	19
22	20945	19
22	20946	19
22	20947	19
22	20948	19
22	20949	19
22	20950	19
22	20951	19
22	20952	19
22	20953	19
22	20954	22
22	20955	22
22	20956	22
22	20957	22
22	20958	22
22	20959	23
22	20960	23
22	20961	23
22	20962	23
22	20963	23
22	20964	23
22	20965	23
22	20966	23
22	20967	25
22	20968	25
22	20969	25
22	20970	25
22	20971	25
22	20972	25
22	20973	25
22	20974	25
22	20975	25
22	20976	25
22	20977	25
22	20978	25
22	20979	25
22	20980	26
22	20981	26
22	20982	26
22	20983	26
22	20984	26
22	20985	26
22	20986	28
22	20987	28
22	20988	28
22	20989	28
22	20990	28
22	20991	28
22	20992	28
22	20993	29
22	20994	28
22	20995	28
22	20996	27
22	20997	27
22	20998	27
22	20999	27
22	21000	27
22	21001	27
22	21002	27
22	21003	27
22	21004	27
22	21005	27
22	21006	27
22	21007	27
22	21008	27
22	21009	27
22	21010	27
22	21011	27
22	21012	27
22	21013	27
22	21014	27
22	21015	27
22	21016	27
22	21017	27
22	21018	27
22	21019	27
22	21020	27
22	21021	26
22	21022	26
22	21023	26
22	21024	26
22	21025	28
22	21026	28
22	21027	27
22	21028	27
22	21029	27
22	21030	31
22	21031	31
22	21032	31
22	21033	31
22	21034	32
22	21035	39
22	21036	39
22	21037	38
22	21038	38
22	21039	36
22	21040	38
22	21041	39
22	21042	39
22	21043	39
22	21044	39
22	21045	39
22	21046	39
22	21047	39
22	21048	39
22	21049	39
22	21050	41
22	21051	41
22	21052	38
22	21053	38
22	21054	38
22	21055	39
22	21056	39
22	21057	39
22	21058	39
22	21059	38
22	21060	38
22	21061	37
22	21062	37
22	21063	37
22	21064	37
22	21065	37
22	21066	40
22	21067	40
22	21068	37
22	21069	37
22	21070	37
22	21071	37
22	21072	38
22	21073	38
22	21074	38
22	21075	38
22	21076	38
22	21077	36
22	21078	36
22	21079	36
22	21080	36
22	21081	36
22	21082	36
22	21083	36
22	21084	36
22	21085	37
22	21086	37
22	21087	37
22	21088	37
22	21089	37
22	21090	37
22	21091	36
22	21092	35
22	21093	35
22	21094	35
22	21095	35
22	21096	35
22	21097	35
22	21098	35
22	21099	36
22	21100	36
22	21101	36
22	21102	36
22	21103	35
22	21104	33
22	21105	33
22	21106	33
22	21107	38
22	21108	38
22	21109	37
22	21110	37
22	21111	37
22	21112	37
22	21113	37
22	21114	37
22	21115	37
22	21116	37
22	21117	35
22	21118	35
22	21119	35
22	21120	38
22	21121	38
22	21122	38
22	21123	38
22	21124	38
22	21125	41
22	21126	41
22	21127	41
22	21128	41
22	21129	40
22	21130	40
22	21131	40
22	21132	40
22	21133	40
22	21134	42
22	21135	40
22	21136	40
22	21137	40
22	21138	40
22	21139	40
22	21140	40
22	21141	40
22	21142	39
22	21143	40
22	21144	40
22	21145	40
22	21146	40
22	21147	40
22	21148	40
22	21149	40
22	21150	40
22	21151	40
22	21152	40
22	21153	40
22	21154	40
22	21155	40
22	21156	40
22	21157	41
22	21158	41
22	21159	42
22	21160	42
22	21161	42
22	21162	42
22	21163	42
22	21164	42
22	21165	42
22	21166	42
22	21167	42
22	21168	42
22	21169	42
22	21170	42
22	21171	42
22	21172	42
22	21173	42
22	21174	42
22	21175	40
22	21176	40
22	21177	40
22	21178	40
22	21179	40
22	21180	37
22	21181	37
22	21182	37
22	21183	36
22	21184	36
22	21185	29
22	21186	29
22	21187	29
22	21188	29
22	21189	27
22	21190	27
22	21191	30
22	21192	30
22	21193	30
22	21194	30
22	21195	33
22	21196	33
22	21197	34
22	21198	34
22	21199	34
22	21200	32
22	21201	33
22	21202	33
22	21203	33
22	21204	33
22	21205	32
22	21206	32
22	21207	32
22	21208	32
22	21209	32
22	21210	32
22	21211	32
22	21212	32
22	21213	32
22	21214	32
22	21215	32
22	21216	29
22	21217	29
22	21218	28
22	21219	28
22	21220	28
22	21221	28
22	21222	28
22	21223	28
22	21224	29
22	21225	29
22	21226	29
22	21227	29
22	21228	29
22	21229	29
22	21230	29
22	21231	29
22	21232	29
22	21233	30
22	21234	30
22	21235	27
22	21236	27
22	21237	30
22	21238	30
22	21239	30
22	21240	30
22	21241	30
22	21242	30
22	21243	30
22	21244	30
22	21245	30
22	21246	30
22	21247	30
22	21248	33
22	21249	32
22	21250	33
22	21251	34
22	21252	34
22	21253	34
22	21254	34
22	21255	34
22	21256	34
22	21257	26
22	21258	26
22	21259	26
22	21260	26
22	21261	26
22	21262	26
22	21263	26
22	21264	26
22	21265	26
22	21266	26
22	21267	26
22	21268	26
22	21269	26
22	21270	25
22	21271	25
22	21272	25
22	21273	25
22	21274	25
22	21275	25
22	21276	25
22	21277	26
22	21278	26
22	21279	26
22	21280	26
22	21281	27
22	21282	27
22	21283	23
22	21284	23
22	21285	23
22	21286	23
22	21287	23
22	21288	23
22	21289	22
22	21290	22
22	21291	21
22	21292	20
22	21293	22
22	21294	22
22	21295	22
22	21296	22
22	21297	23
22	21298	23
22	21299	23
22	21300	23
22	21301	23
22	21302	23
22	21303	23
22	21304	23
22	21305	23
22	21306	22
22	21307	21
22	21308	21
22	21309	21
22	21310	21
22	21311	21
22	21312	21
22	21313	21
22	21314	21
22	21315	21
22	21316	21
22	21317	21
22	21318	21
22	21319	21
22	21320	22
22	21321	22
22	21322	22
22	21323	22
22	21324	22
22	21325	22
22	21326	22
22	21327	22
22	21328	22
22	21329	22
22	21330	22
22	21331	22
22	21332	22
22	21333	21
22	21334	21
22	21335	21
22	21336	23
22	21337	23
22	21338	23
22	21339	23
22	21340	23
22	21341	23
22	21342	24
22	21343	24
22	21344	24
22	21345	22
22	21346	21
22	21347	21
22	21348	22
22	21349	21
22	21350	21
22	21351	21
22	21352	21
22	21353	21
22	21354	21
22	21355	21
22	21356	21
22	21357	21
22	21358	21
22	21359	21
22	21360	21
22	21361	21
22	21362	21
22	21363	21
22	21364	21
22	21365	24
22	21366	24
22	21367	24
22	21368	25
22	21369	25
22	21370	25
22	21371	25
22	21372	26
22	21373	26
22	21374	25
22	21375	25
22	21376	25
22	21377	25
22	21378	25
22	21379	25
22	21380	25
22	21381	25
22	21382	21
22	21383	21
22	21384	21
22	21385	21
22	21386	22
22	21387	22
22	21388	22
22	21389	22
22	21390	22
22	21391	29
22	21392	29
22	21393	29
22	21394	29
22	21395	29
22	21396	29
22	21397	29
22	21398	29
22	21399	29
22	21400	27
22	21401	27
22	21402	29
22	21403	29
22	21404	29
22	21405	29
22	21406	29
22	21407	29
22	21408	29
22	21409	29
22	21410	29
22	21411	29
22	21412	29
22	21413	29
22	21414	29
22	21415	30
22	21416	30
22	21417	30
22	21418	30
22	21419	30
22	21420	30
22	21421	30
22	21422	30
22	21423	30
22	21424	29
22	21425	29
22	21426	29
22	21427	28
22	21428	28
22	21429	29
22	21430	29
22	21431	28
22	21432	28
22	21433	28
22	21434	29
22	21435	29
22	21436	29
22	21437	29
22	21438	30
22	21439	30
22	21440	30
22	21441	30
22	21442	30
22	21443	28
22	21444	28
22	21445	28
22	21446	28
22	21447	29
22	21448	29
22	21449	30
22	21450	30
22	21451	30
22	21452	30
22	21453	30
22	21454	30
22	21455	30
22	21456	30
22	21457	30
22	21458	30
22	21459	30
22	21460	30
22	21461	31
22	21462	31
22	21463	31
22	21464	31
22	21465	31
22	21466	31
22	21467	31
22	21468	31
22	21469	31
22	21470	30
22	21471	30
22	21472	31
22	21473	31
22	21474	31
22	21475	31
22	21476	31
22	21477	31
22	21478	32
22	21479	32
22	21480	32
22	21481	32
22	21482	32
22	21483	32
22	21484	32
22	21485	32
22	21486	33
22	21487	33
22	21488	33
22	21489	33
22	21490	33
22	21491	34
22	21492	33
22	21493	35
22	21494	35
22	21495	34
22	21496	34
22	21497	34
22	21498	33
22	21499	33
22	21500	33
22	21501	33
22	21502	34
22	21503	34
22	21504	34
22	21505	34
22	21506	35
22	21507	35
22	21508	35
22	21509	35
22	21510	35
22	21511	37
22	21512	37
22	21513	37
22	21514	34
22	21515	34
22	21516	34
22	21517	34
22	21518	33
22	21519	33
22	21520	33
22	21521	33
22	21522	32
22	21523	32
22	21524	32
22	21525	32
22	21526	32
22	21527	32
22	21528	32
22	21529	32
22	21530	32
22	21531	32
22	21532	32
22	21533	34
22	21534	34
22	21535	33
22	21536	33
22	21537	33
22	21538	34
22	21539	37
22	21540	31
22	21541	31
22	21542	31
22	21543	31
22	21544	31
22	21545	33
22	21546	34
22	21547	34
22	21548	34
22	21549	33
22	21550	34
22	21551	36
22	21552	36
22	21553	36
22	21554	36
22	21555	40
22	21556	42
22	21557	42
22	21558	43
22	21559	43
22	21560	43
22	21561	43
22	21562	45
22	21563	45
22	21564	47
22	21565	47
22	21566	47
22	21567	47
22	21568	47
22	21569	47
22	21570	47
22	21571	47
22	21572	48
22	21573	48
22	21574	48
22	21575	48
22	21576	48
22	21577	48
22	21578	50
22	21579	49
22	21580	49
22	21581	49
22	21582	49
22	21583	50
22	21584	49
22	21585	49
22	21586	49
22	21587	48
22	21588	50
22	21589	50
22	21590	51
22	21591	53
22	21592	53
22	21593	53
22	21594	53
22	21595	53
22	21596	53
22	21597	51
22	21598	51
22	21599	50
22	21600	50
22	21601	50
22	21602	50
22	21603	50
22	21604	50
22	21605	50
22	21606	50
22	21607	50
22	21608	50
22	21609	50
22	21610	50
22	21611	49
22	21612	49
22	21613	50
22	21614	50
22	21615	50
22	21616	50
22	21617	50
22	21618	50
22	21619	50
22	21620	50
22	21621	49
22	21622	49
22	21623	49
22	21624	49
22	21625	49
22	21626	49
22	21627	49
22	21628	53
22	21629	53
22	21630	53
22	21631	54
22	21632	54
22	21633	55
22	21634	54
22	21635	52
22	21636	53
22	21637	54
22	21638	54
22	21639	54
22	21640	54
22	21641	52
22	21642	52
22	21643	53
22	21644	53
22	21645	53
22	21646	53
22	21647	53
22	21648	53
22	21649	53
22	21650	53
22	21651	53
22	21652	53
22	21653	53
22	21654	53
22	21655	53
22	21656	52
22	21657	52
22	21658	52
22	21659	52
22	21660	52
22	21661	52
22	21662	52
22	21663	52
22	21664	52
22	21665	52
22	21666	52
22	21667	52
22	21668	52
22	21669	52
22	21670	52
22	21671	52
22	21672	52
22	21673	52
22	21674	52
22	21675	52
22	21676	53
22	21677	54
22	21678	54
22	21679	54
22	21680	54
22	21681	54
22	21682	54
22	21683	52
22	21684	52
22	21685	52
22	21686	51
22	21687	50
22	21688	49
22	21689	48
22	21690	48
22	21691	48
22	21692	48
22	21693	48
22	21694	48
22	21695	44
22	21696	43
22	21697	46
22	21698	46
22	21699	48
22	21700	47
22	21701	45
22	21702	45
22	21703	45
22	21704	45
22	21705	45
22	21706	41
22	21707	41
22	21708	42
22	21709	42
22	21710	42
22	21711	42
22	21712	41
22	21713	41
22	21714	39
22	21715	38
22	21716	38
22	21717	38
22	21718	38
22	21719	38
22	21720	40
22	21721	39
22	21722	39
22	21723	39
22	21724	39
22	21725	41
22	21726	41
22	21727	39
22	21728	39
22	21729	39
22	21730	39
22	21731	39
22	21732	39
22	21733	40
22	21734	40
22	21735	40
22	21736	40
22	21737	40
22	21738	38
22	21739	40
22	21740	40
22	21741	38
22	21742	38
22	21743	38
22	21744	38
22	21745	38
22	21746	38
22	21747	38
22	21748	38
22	21749	38
22	21750	38
22	21751	38
22	21752	38
22	21753	38
22	21754	38
22	21755	38
22	21756	38
22	21757	38
22	21758	38
22	21759	38
22	21760	38
22	21761	38
22	21762	38
22	21763	37
22	21764	40
22	21765	40
22	21766	40
22	21767	40
22	21768	43
22	21769	43
22	21770	43
22	21771	43
22	21772	43
22	21773	44
22	21774	44
22	21775	45
22	21776	43
22	21777	40
22	21778	42
22	21779	44
22	21780	44
22	21781	43
22	21782	43
22	21783	42
22	21784	42
22	21785	42
22	21786	41
22	21787	40
22	21788	40
22	21789	40
22	21790	41
22	21791	41
22	21792	41
22	21793	39
22	21794	39
22	21795	39
22	21796	40
22	21797	40
22	21798	41
22	21799	41
22	21800	41
22	21801	40
22	21802	43
22	21803	43
22	21804	43
22	21805	43
22	21806	43
22	21807	43
22	21808	43
22	21809	43
22	21810	40
22	21811	40
22	21812	40
22	21813	40
22	21814	40
22	21815	40
22	21816	40
22	21817	41
22	21818	41
22	21819	41
22	21820	41
22	21821	41
22	21822	41
22	21823	41
22	21824	42
22	21825	42
22	21826	41
22	21827	41
22	21828	41
22	21829	41
22	21830	41
22	21831	41
22	21832	41
22	21833	41
22	21834	41
22	21835	41
22	21836	38
22	21837	38
22	21838	38
22	21839	38
22	21840	38
22	21841	38
22	21842	38
22	21843	38
22	21844	38
22	21845	38
22	21846	38
22	21847	34
22	21848	35
22	21849	33
22	21850	33
22	21851	33
22	21852	33
22	21853	33
22	21854	33
22	21855	31
22	21856	31
22	21857	30
22	21858	30
22	21859	30
22	21860	30
22	21861	30
22	21862	30
22	21863	30
22	21864	31
22	21865	31
22	21866	33
22	21867	33
22	21868	34
22	21869	32
22	21870	32
22	21871	32
22	21872	32
22	21873	32
22	21874	32
22	21875	32
22	21876	32
22	21877	32
22	21878	32
22	21879	33
22	21880	38
22	21881	39
22	21882	38
22	21883	38
22	21884	38
22	21885	40
22	21886	40
22	21887	39
22	21888	39
22	21889	37
22	21890	37
22	21891	37
22	21892	37
22	21893	37
22	21894	37
22	21895	37
22	21896	37
22	21897	37
22	21898	38
22	21899	38
22	21900	38
22	21901	38
22	21902	38
22	21903	38
22	21904	39
22	21905	39
22	21906	40
22	21907	41
22	21908	41
22	21909	41
22	21910	41
22	21911	41
22	21912	41
22	21913	39
22	21914	39
22	21915	41
22	21916	41
22	21917	39
22	21918	38
22	21919	38
22	21920	38
22	21921	38
22	21922	37
22	21923	37
22	21924	37
22	21925	38
22	21926	38
22	21927	38
22	21928	35
22	21929	34
22	21930	34
22	21931	34
22	21932	34
22	21933	35
22	21934	35
22	21935	35
22	21936	35
22	21937	37
22	21938	37
22	21939	37
22	21940	36
22	21941	36
22	21942	36
22	21943	36
22	21944	36
22	21945	36
22	21946	35
22	21947	35
22	21948	34
22	21949	34
22	21950	34
22	21951	31
22	21952	31
22	21953	31
22	21954	31
22	21955	31
22	21956	32
22	21957	35
22	21958	35
22	21959	35
22	21960	35
22	21961	35
22	21962	35
22	21963	35
22	21964	35
22	21965	34
22	21966	34
22	21967	34
22	21968	34
22	21969	34
22	21970	36
22	21971	35
22	21972	35
22	21973	35
22	21974	35
22	21975	35
22	21976	34
22	21977	35
22	21978	35
22	21979	39
22	21980	39
22	21981	39
22	21982	39
22	21983	40
22	21984	41
22	21985	41
22	21986	41
22	21987	42
22	21988	42
22	21989	42
22	21990	42
22	21991	42
22	21992	42
22	21993	42
22	21994	43
22	21995	43
22	21996	44
22	21997	43
22	21998	43
22	21999	44
22	22000	44
22	22001	44
22	22002	44
22	22003	44
22	22004	44
22	22005	44
22	22006	45
22	22007	46
22	22008	46
22	22009	46
22	22010	46
22	22011	46
22	22012	46
22	22013	46
22	22014	45
22	22015	46
22	22016	44
22	22017	43
22	22018	43
22	22019	43
22	22020	43
22	22021	43
22	22022	43
22	22023	43
22	22024	41
22	22025	41
22	22026	42
22	22027	42
22	22028	41
22	22029	41
22	22030	35
22	22031	36
22	22032	36
22	22033	36
22	22034	34
22	22035	34
22	22036	35
22	22037	35
22	22038	35
22	22039	36
22	22040	36
22	22041	36
22	22042	36
22	22043	36
22	22044	36
22	22045	36
22	22046	35
22	22047	35
22	22048	35
22	22049	35
22	22050	36
22	22051	36
22	22052	36
22	22053	36
22	22054	35
22	22055	35
22	22056	34
22	22057	33
22	22058	33
22	22059	33
22	22060	33
22	22061	33
22	22062	33
22	22063	32
22	22064	30
22	22065	30
22	22066	30
22	22067	30
22	22068	30
22	22069	30
22	22070	30
22	22071	30
22	22072	30
22	22073	30
22	22074	29
22	22075	28
22	22076	29
22	22077	30
22	22078	30
22	22079	30
22	22080	30
22	22081	30
22	22082	29
22	22083	29
22	22084	29
22	22085	29
22	22086	29
22	22087	28
22	22088	28
22	22089	28
22	22090	28
22	22091	28
22	22092	28
22	22093	28
22	22094	28
22	22095	28
22	22096	28
22	22097	28
22	22098	33
22	22099	33
22	22100	33
22	22101	33
22	22102	33
22	22103	34
22	22104	34
22	22105	32
22	22106	31
22	22107	30
22	22108	30
22	22109	30
22	22110	30
22	22111	30
22	22112	30
22	22113	30
22	22114	30
22	22115	30
22	22116	30
22	22117	30
22	22118	30
22	22119	30
22	22120	30
22	22121	30
22	22122	30
22	22123	31
22	22124	32
22	22125	32
22	22126	32
22	22127	31
22	22128	31
22	22129	27
22	22130	28
22	22131	28
22	22132	27
22	22133	27
22	22134	27
22	22135	28
22	22136	28
22	22137	27
22	22138	28
22	22139	29
22	22140	30
22	22141	30
22	22142	30
22	22143	30
22	22144	29
22	22145	28
22	22146	29
22	22147	29
22	22148	29
22	22149	28
22	22150	28
22	22151	28
22	22152	28
22	22153	28
22	22154	28
22	22155	27
22	22156	27
22	22157	26
22	22158	26
22	22159	26
22	22160	26
22	22161	26
22	22162	26
22	22163	27
22	22164	26
22	22165	26
22	22166	26
22	22167	26
22	22168	26
22	22169	26
22	22170	27
22	22171	27
22	22172	27
22	22173	27
22	22174	27
22	22175	27
22	22176	26
22	22177	26
22	22178	26
22	22179	26
22	22180	25
22	22181	25
22	22182	25
22	22183	25
22	22184	25
22	22185	24
22	22186	24
22	22187	24
22	22188	24
22	22189	23
22	22190	25
22	22191	26
22	22192	27
22	22193	27
22	22194	27
22	22195	27
22	22196	27
22	22197	27
22	22198	27
22	22199	27
22	22200	26
22	22201	26
22	22202	26
22	22203	27
22	22204	27
22	22205	27
22	22206	27
22	22207	27
22	22208	27
22	22209	27
22	22210	27
22	22211	27
22	22212	27
22	22213	28
22	22214	28
22	22215	28
22	22216	28
22	22217	28
22	22218	28
22	22219	28
22	22220	28
22	22221	28
22	22222	28
22	22223	28
22	22224	28
22	22225	27
22	22226	27
22	22227	27
22	22228	27
22	22229	27
22	22230	27
22	22231	27
22	22232	27
22	22233	27
22	22234	27
22	22235	27
22	22236	27
22	22237	27
22	22238	27
22	22239	27
22	22240	27
22	22241	27
22	22242	27
22	22243	27
22	22244	28
22	22245	28
22	22246	28
22	22247	28
22	22248	24
22	22249	24
22	22250	24
22	22251	24
22	22252	24
22	22253	24
22	22254	24
22	22255	24
22	22256	24
22	22257	24
22	22258	25
22	22259	25
22	22260	25
22	22261	25
22	22262	25
22	22263	25
22	22264	25
22	22265	26
22	22266	26
22	22267	26
22	22268	26
22	22269	26
22	22270	24
22	22271	24
22	22272	24
22	22273	24
22	22274	23
22	22275	23
22	22276	23
22	22277	23
22	22278	23
22	22279	23
22	22280	22
22	22281	22
22	22282	22
22	22283	21
22	22284	21
22	22285	20
22	22286	20
22	22287	20
22	22288	18
22	22289	17
22	22290	17
22	22291	17
22	22292	18
22	22293	18
22	22294	17
22	22295	17
22	22296	17
22	22297	18
22	22298	18
22	22299	18
22	22300	18
22	22301	18
22	22302	18
22	22303	18
22	22304	21
22	22305	21
22	22306	22
22	22307	22
22	22308	22
22	22309	22
22	22310	23
22	22311	23
22	22312	22
22	22313	22
22	22314	22
22	22315	22
22	22316	22
22	22317	22
22	22318	22
22	22319	22
22	22320	25
22	22321	25
22	22322	25
22	22323	25
22	22324	25
22	22325	25
22	22326	26
22	22327	27
22	22328	27
22	22329	27
22	22330	27
22	22331	27
22	22332	27
22	22333	28
22	22334	29
22	22335	29
22	22336	29
22	22337	28
22	22338	28
22	22339	28
22	22340	26
22	22341	24
22	22342	24
22	22343	24
22	22344	24
22	22345	24
22	22346	24
22	22347	24
22	22348	24
22	22349	24
22	22350	24
22	22351	24
22	22352	24
22	22353	24
22	22354	24
22	22355	24
22	22356	24
22	22357	24
22	22358	24
22	22359	24
22	22360	24
22	22361	24
22	22362	23
22	22363	23
22	22364	23
22	22365	23
22	22366	23
22	22367	23
22	22368	24
22	22369	24
22	22370	24
22	22371	24
22	22372	24
22	22373	24
22	22374	25
22	22375	25
22	22376	25
22	22377	24
22	22378	24
22	22379	24
22	22380	23
22	22381	23
22	22382	23
22	22383	23
22	22384	23
22	22385	23
22	22386	22
22	22387	22
22	22388	22
22	22389	22
22	22390	22
22	22391	22
22	22392	22
22	22393	22
22	22394	22
22	22395	22
22	22396	21
22	22397	21
22	22398	21
22	22399	21
22	22400	21
22	22401	21
22	22402	21
22	22403	21
22	22404	21
22	22405	21
22	22406	21
22	22407	21
22	22408	21
22	22409	21
22	22410	21
22	22411	23
22	22412	22
22	22413	22
22	22414	22
22	22415	22
22	22416	22
22	22417	22
22	22418	22
22	22419	22
22	22420	22
22	22421	22
22	22422	21
22	22423	21
22	22424	21
22	22425	21
22	22426	21
22	22427	21
22	22428	21
22	22429	22
22	22430	22
22	22431	22
22	22432	22
22	22433	23
22	22434	25
22	22435	25
22	22436	25
22	22437	25
22	22438	26
22	22439	26
22	22440	25
22	22441	25
22	22442	25
22	22443	25
22	22444	25
22	22445	26
22	22446	25
22	22447	24
22	22448	24
22	22449	24
22	22450	25
22	22451	26
22	22452	26
22	22453	24
22	22454	24
22	22455	23
22	22456	23
22	22457	23
22	22458	23
22	22459	23
22	22460	22
22	22461	25
22	22462	25
22	22463	25
22	22464	25
22	22465	25
22	22466	25
22	22467	25
22	22468	25
22	22469	26
22	22470	25
22	22471	26
22	22472	27
22	22473	27
22	22474	26
22	22475	25
22	22476	25
22	22477	25
22	22478	25
22	22479	25
22	22480	24
22	22481	24
22	22482	27
22	22483	26
22	22484	26
22	22485	26
22	22486	26
22	22487	27
22	22488	27
22	22489	27
22	22490	27
22	22491	27
22	22492	27
22	22493	27
22	22494	27
22	22495	27
22	22496	27
22	22497	27
22	22498	28
22	22499	28
22	22500	28
22	22501	28
22	22502	28
22	22503	28
22	22504	28
22	22505	28
22	22506	28
22	22507	27
22	22508	27
22	22509	27
22	22510	27
22	22511	27
22	22512	29
22	22513	29
22	22514	29
22	22515	29
22	22516	29
22	22517	29
22	22518	28
22	22519	28
22	22520	28
22	22521	28
22	22522	28
22	22523	28
22	22524	28
22	22525	28
22	22526	28
22	22527	28
22	22528	29
22	22529	29
22	22530	29
22	22531	29
22	22532	29
22	22533	29
22	22534	29
22	22535	30
22	22536	30
22	22537	31
22	22538	31
22	22539	32
22	22540	32
22	22541	33
22	22542	33
22	22543	33
22	22544	33
22	22545	33
22	22546	33
22	22547	33
22	22548	34
22	22549	34
22	22550	34
22	22551	34
22	22552	34
22	22553	35
22	22554	35
22	22555	35
22	22556	35
22	22557	35
22	22558	35
22	22559	34
22	22560	34
22	22561	33
22	22562	37
22	22563	37
22	22564	38
22	22565	38
22	22566	38
22	22567	44
22	22568	46
22	22569	46
22	22570	46
22	22571	46
22	22572	47
22	22573	49
22	22574	49
22	22575	49
22	22576	48
22	22577	48
22	22578	48
22	22579	48
22	22580	48
22	22581	49
22	22582	49
22	22583	47
22	22584	47
22	22585	47
22	22586	47
22	22587	47
22	22588	46
22	22589	46
22	22590	46
22	22591	46
22	22592	46
22	22593	47
22	22594	51
22	22595	50
22	22596	50
22	22597	50
22	22598	50
22	22599	50
22	22600	49
22	22601	50
22	22602	50
22	22603	50
22	22604	50
22	22605	49
22	22606	49
22	22607	49
22	22608	49
22	22609	50
22	22610	50
22	22611	48
22	22612	48
22	22613	48
22	22614	48
22	22615	48
22	22616	48
22	22617	48
22	22618	47
22	22619	46
22	22620	44
22	22621	43
22	22622	42
22	22623	42
22	22624	42
22	22625	42
22	22626	42
22	22627	42
22	22628	42
22	22629	43
22	22630	43
22	22631	41
22	22632	40
22	22633	40
22	22634	40
22	22635	40
22	22636	40
22	22637	39
22	22638	39
22	22639	39
22	22640	40
22	22641	40
22	22642	40
22	22643	40
22	22644	40
22	22645	41
22	22646	41
22	22647	40
22	22648	40
22	22649	42
22	22650	42
22	22651	42
22	22652	42
22	22653	42
22	22654	42
22	22655	42
22	22656	47
22	22657	47
22	22658	47
22	22659	47
22	22660	47
22	22661	45
22	22662	45
22	22663	45
22	22664	45
22	22665	45
22	22666	45
22	22667	45
22	22668	45
22	22669	45
22	22670	46
22	22671	46
22	22672	45
22	22673	45
22	22674	45
22	22675	45
22	22676	45
22	22677	45
22	22678	45
22	22679	45
22	22680	45
22	22681	45
22	22682	46
22	22683	46
22	22684	46
22	22685	45
22	22686	44
22	22687	44
22	22688	45
22	22689	44
22	22690	43
22	22691	43
22	22692	43
22	22693	43
22	22694	43
22	22695	47
22	22696	48
22	22697	48
22	22698	47
22	22699	47
22	22700	48
22	22701	50
22	22702	50
22	22703	50
22	22704	50
22	22705	50
22	22706	50
22	22707	50
22	22708	58
22	22709	58
22	22710	58
22	22711	58
22	22712	54
22	22713	54
22	22714	53
22	22715	53
22	22716	47
22	22717	45
22	22718	45
22	22719	45
22	22720	45
22	22721	44
22	22722	42
22	22723	44
22	22724	44
22	22725	44
22	22726	44
22	22727	44
22	22728	45
22	22729	45
22	22730	45
22	22731	44
22	22732	44
22	22733	43
22	22734	45
22	22735	46
22	22736	46
22	22737	46
22	22738	46
22	22739	46
22	22740	46
22	22741	46
22	22742	42
22	22743	41
22	22744	41
22	22745	40
22	22746	41
22	22747	41
22	22748	41
22	22749	41
22	22750	39
22	22751	39
22	22752	39
22	22753	39
22	22754	39
22	22755	39
22	22756	44
22	22757	44
22	22758	43
22	22759	42
22	22760	43
22	22761	45
22	22762	49
22	22763	49
22	22764	49
22	22765	49
22	22766	49
22	22767	50
22	22768	50
22	22769	50
22	22770	50
22	22771	50
22	22772	50
22	22773	50
22	22774	50
22	22775	50
22	22776	50
22	22777	50
22	22778	51
22	22779	50
22	22780	50
22	22781	50
22	22782	50
22	22783	50
22	22784	50
22	22785	50
22	22786	53
22	22787	53
22	22788	53
22	22789	53
22	22790	54
22	22791	55
22	22792	55
22	22793	55
22	22794	55
22	22795	54
22	22796	54
22	22797	54
22	22798	54
22	22799	52
22	22800	52
22	22801	52
22	22802	52
22	22803	52
22	22804	51
22	22805	47
22	22806	47
22	22807	47
22	22808	47
22	22809	47
22	22810	47
22	22811	47
22	22812	47
22	22813	47
22	22814	47
22	22815	47
22	22816	47
22	22817	47
22	22818	47
22	22819	49
22	22820	54
22	22821	54
22	22822	54
22	22823	54
22	22824	54
22	22825	54
22	22826	54
22	22827	54
22	22828	53
22	22829	53
22	22830	53
22	22831	52
22	22832	52
22	22833	52
22	22834	52
22	22835	52
22	22836	59
22	22837	58
22	22838	58
22	22839	58
22	22840	58
22	22841	58
22	22842	58
22	22843	58
22	22844	59
22	22845	58
22	22846	58
22	22847	58
22	22848	59
22	22849	59
22	22850	57
22	22851	56
22	22852	57
22	22853	56
22	22854	56
22	22855	56
22	22856	56
22	22857	56
22	22858	49
22	22859	49
22	22860	49
22	22861	49
22	22862	49
22	22863	50
22	22864	51
22	22865	52
22	22866	52
22	22867	52
22	22868	52
22	22869	52
22	22870	52
22	22871	52
22	22872	52
22	22873	50
22	22874	50
22	22875	50
22	22876	49
22	22877	49
22	22878	49
22	22879	49
22	22880	49
22	22881	49
22	22882	49
22	22883	46
22	22884	46
22	22885	46
22	22886	46
22	22887	46
22	22888	46
22	22889	45
22	22890	46
22	22891	46
22	22892	47
22	22893	49
22	22894	49
22	22895	49
22	22896	49
22	22897	49
22	22898	51
22	22899	51
22	22900	51
22	22901	51
22	22902	52
22	22903	53
22	22904	53
22	22905	50
22	22906	50
22	22907	50
22	22908	50
22	22909	50
22	22910	49
22	22911	47
22	22912	43
22	22913	44
22	22914	44
22	22915	44
22	22916	43
22	22917	43
22	22918	44
22	22919	44
22	22920	44
22	22921	44
22	22922	44
22	22923	44
22	22924	45
22	22925	45
22	22926	45
22	22927	44
22	22928	44
22	22929	44
22	22930	44
22	22931	44
22	22932	44
22	22933	44
22	22934	45
22	22935	43
22	22936	43
22	22937	43
22	22938	43
22	22939	43
22	22940	41
22	22941	40
22	22942	40
22	22943	40
22	22944	40
22	22945	40
22	22946	40
22	22947	40
22	22948	40
22	22949	40
22	22950	41
22	22951	41
22	22952	41
22	22953	41
22	22954	41
22	22955	42
22	22956	42
22	22957	42
22	22958	42
22	22959	42
22	22960	43
22	22961	44
22	22962	44
22	22963	44
22	22964	44
22	22965	44
22	22966	44
22	22967	44
22	22968	44
22	22969	40
22	22970	34
22	22971	35
22	22972	35
22	22973	37
22	22974	37
22	22975	37
22	22976	37
22	22977	37
22	22978	37
22	22979	37
22	22980	37
22	22981	37
22	22982	37
22	22983	38
22	22984	38
22	22985	38
22	22986	34
22	22987	35
22	22988	35
22	22989	35
22	22990	35
22	22991	39
22	22992	40
22	22993	40
22	22994	36
22	22995	34
22	22996	34
22	22997	34
22	22998	34
22	22999	34
22	23000	34
22	23001	33
22	23002	33
22	23003	34
22	23004	34
22	23005	34
22	23006	34
22	23007	34
22	23008	34
22	23009	34
22	23010	34
22	23011	34
22	23012	33
22	23013	33
22	23014	32
22	23015	32
22	23016	32
22	23017	32
22	23018	32
22	23019	32
22	23020	32
22	23021	32
22	23022	33
22	23023	34
22	23024	34
22	23025	34
22	23026	34
22	23027	34
22	23028	34
22	23029	34
22	23030	34
22	23031	35
22	23032	35
22	23033	35
22	23034	35
22	23035	35
22	23036	35
22	23037	35
22	23038	35
22	23039	35
22	23040	35
22	23041	35
22	23042	34
22	23043	32
22	23044	32
22	23045	32
22	23046	32
22	23047	32
22	23048	30
22	23049	29
22	23050	29
22	23051	29
22	23052	28
22	23053	28
22	23054	28
22	23055	27
22	23056	26
22	23057	26
22	23058	26
22	23059	26
22	23060	26
22	23061	26
22	23062	26
22	23063	25
22	23064	25
22	23065	25
22	23066	26
22	23067	26
22	23068	25
22	23069	25
22	23070	25
22	23071	26
22	23072	26
22	23073	26
22	23074	26
22	23075	26
22	23076	26
22	23077	26
22	23078	26
22	23079	26
22	23080	26
22	23081	26
22	23082	26
22	23083	25
22	23084	25
22	23085	24
22	23086	24
22	23087	24
22	23088	24
22	23089	24
22	23090	24
22	23091	24
22	23092	24
22	23093	24
22	23094	24
22	23095	24
22	23096	24
22	23097	25
22	23098	25
22	23099	27
22	23100	26
22	23101	26
22	23102	26
22	23103	26
22	23104	27
22	23105	28
22	23106	28
22	23107	27
22	23108	26
22	23109	26
22	23110	26
22	23111	26
22	23112	26
22	23113	26
22	23114	26
22	23115	26
22	23116	26
22	23117	26
22	23118	26
22	23119	25
22	23120	25
22	23121	24
22	23122	24
22	23123	22
22	23124	22
22	23125	22
22	23126	22
22	23127	22
22	23128	22
22	23129	24
22	23130	24
22	23131	26
22	23132	26
22	23133	23
22	23134	24
22	23135	23
22	23136	22
22	23137	22
22	23138	22
22	23139	22
22	23140	18
22	23141	19
22	23142	19
22	23143	19
22	23144	19
22	23145	19
22	23146	19
22	23147	19
22	23148	19
22	23149	21
22	23150	21
22	23151	21
22	23152	21
22	23153	20
22	23154	20
22	23155	21
22	23156	24
22	23157	24
22	23158	24
22	23159	24
22	23160	24
22	23161	24
22	23162	25
22	23163	24
22	23164	24
22	23165	24
22	23166	24
22	23167	24
22	23168	24
22	23169	24
22	23170	24
22	23171	23
22	23172	24
22	23173	23
22	23174	23
22	23175	23
22	23176	23
22	23177	23
22	23178	23
22	23179	23
22	23180	24
22	23181	23
22	23182	23
22	23183	24
22	23184	24
22	23185	24
22	23186	24
22	23187	24
22	23188	24
22	23189	25
22	23190	25
22	23191	25
22	23192	25
22	23193	25
22	23194	25
22	23195	25
22	23196	25
22	23197	25
22	23198	25
22	23199	25
22	23200	25
22	23201	25
22	23202	25
22	23203	24
22	23204	24
22	23205	24
22	23206	25
22	23207	25
22	23208	26
22	23209	26
22	23210	26
22	23211	26
22	23212	26
22	23213	26
22	23214	26
22	23215	25
22	23216	25
22	23217	25
22	23218	25
22	23219	26
22	23220	26
22	23221	26
22	23222	26
22	23223	26
22	23224	26
22	23225	29
22	23226	30
22	23227	30
22	23228	30
22	23229	30
22	23230	30
22	23231	30
22	23232	30
22	23233	30
22	23234	31
22	23235	32
22	23236	34
22	23237	34
22	23238	34
22	23239	34
22	23240	34
22	23241	34
22	23242	34
22	23243	34
22	23244	34
22	23245	34
22	23246	35
22	23247	33
22	23248	33
22	23249	33
22	23250	33
22	23251	33
22	23252	33
22	23253	36
22	23254	35
22	23255	34
22	23256	34
22	23257	34
22	23258	34
22	23259	34
22	23260	34
22	23261	34
22	23262	34
22	23263	34
22	23264	34
22	23265	34
22	23266	34
22	23267	35
22	23268	35
22	23269	36
22	23270	36
22	23271	36
22	23272	36
22	23273	36
22	23274	36
22	23275	36
22	23276	36
22	23277	36
22	23278	36
22	23279	36
22	23280	34
22	23281	34
22	23282	34
22	23283	34
22	23284	33
22	23285	33
22	23286	33
22	23287	33
22	23288	33
22	23289	33
22	23290	33
22	23291	32
22	23292	33
22	23293	33
22	23294	33
22	23295	33
22	23296	33
22	23297	39
22	23298	37
22	23299	37
22	23300	37
22	23301	37
22	23302	37
22	23303	37
22	23304	36
22	23305	39
22	23306	36
22	23307	37
22	23308	40
22	23309	40
22	23310	40
22	23311	40
22	23312	39
22	23313	39
22	23314	39
22	23315	39
22	23316	39
22	23317	39
22	23318	39
22	23319	39
22	23320	39
22	23321	41
22	23322	40
22	23323	40
22	23324	41
22	23325	42
22	23326	42
22	23327	42
22	23328	42
22	23329	43
22	23330	42
22	23331	42
22	23332	42
22	23333	41
22	23334	42
22	23335	42
22	23336	43
22	23337	43
22	23338	43
22	23339	42
22	23340	43
22	23341	43
22	23342	43
22	23343	42
22	23344	42
22	23345	42
22	23346	42
22	23347	42
22	23348	42
22	23349	42
22	23350	43
22	23351	43
22	23352	43
22	23353	43
22	23354	43
22	23355	42
22	23356	42
22	23357	42
22	23358	41
22	23359	41
22	23360	41
22	23361	41
22	23362	41
22	23363	41
22	23364	41
22	23365	41
22	23366	41
22	23367	41
22	23368	41
22	23369	40
22	23370	40
22	23371	41
22	23372	41
22	23373	41
22	23374	38
22	23375	39
22	23376	38
22	23377	38
22	23378	38
22	23379	38
22	23380	38
22	23381	39
22	23382	39
22	23383	41
22	23384	40
22	23385	39
22	23386	37
22	23387	37
22	23388	37
22	23389	39
22	23390	40
22	23391	40
22	23392	40
22	23393	40
22	23394	40
22	23395	39
22	23396	38
22	23397	38
22	23398	38
22	23399	39
22	23400	39
22	23401	40
22	23402	40
22	23403	37
22	23404	37
22	23405	37
22	23406	37
22	23407	37
22	23408	37
22	23409	37
22	23410	37
22	23411	37
22	23412	37
22	23413	37
22	23414	38
22	23415	39
22	23416	39
22	23417	38
22	23418	38
22	23419	37
22	23420	40
22	23421	41
22	23422	41
22	23423	41
22	23424	41
22	23425	41
22	23426	41
22	23427	41
22	23428	44
22	23429	42
22	23430	42
22	23431	42
22	23432	44
22	23433	44
22	23434	44
22	23435	44
22	23436	44
22	23437	44
22	23438	44
22	23439	44
22	23440	44
22	23441	43
22	23442	45
22	23443	45
22	23444	45
22	23445	45
22	23446	46
22	23447	41
22	23448	47
22	23449	47
22	23450	47
22	23451	47
22	23452	47
22	23453	48
22	23454	48
22	23455	47
22	23456	48
22	23457	44
22	23458	44
22	23459	44
22	23460	44
22	23461	45
22	23462	45
22	23463	45
22	23464	44
22	23465	45
22	23466	46
22	23467	46
22	23468	46
22	23469	46
22	23470	44
22	23471	44
22	23472	44
22	23473	43
22	23474	42
22	23475	41
22	23476	41
22	23477	41
22	23478	41
22	23479	41
22	23480	41
22	23481	41
22	23482	43
22	23483	43
22	23484	42
22	23485	41
22	23486	42
22	23487	42
22	23488	42
22	23489	42
22	23490	41
22	23491	45
22	23492	45
22	23493	46
22	23494	46
22	23495	46
22	23496	46
22	23497	48
22	23498	48
22	23499	48
22	23500	49
22	23501	49
22	23502	49
22	23503	50
22	23504	51
22	23505	51
22	23506	51
22	23507	51
22	23508	51
22	23509	52
22	23510	54
22	23511	54
22	23512	54
22	23513	55
22	23514	55
22	23515	55
22	23516	55
22	23517	55
22	23518	55
22	23519	55
22	23520	55
22	23521	58
22	23522	58
22	23523	58
22	23524	57
22	23525	57
22	23526	59
22	23527	59
22	23528	59
22	23529	58
22	23530	64
22	23531	65
22	23532	65
22	23533	63
22	23534	63
22	23535	65
22	23536	69
22	23537	69
22	23538	69
22	23539	66
22	23540	65
22	23541	65
22	23542	67
22	23543	67
22	23544	67
22	23545	68
22	23546	69
22	23547	69
22	23548	69
22	23549	68
22	23550	68
22	23551	67
22	23552	67
22	23553	67
22	23554	67
22	23555	67
22	23556	68
22	23557	71
22	23558	71
22	23559	72
22	23560	72
22	23561	72
22	23562	75
22	23563	76
22	23564	74
22	23565	74
22	23566	74
22	23567	74
22	23568	76
22	23569	74
22	23570	73
22	23571	74
22	23572	74
22	23573	75
22	23574	75
22	23575	75
22	23576	73
22	23577	73
22	23578	72
22	23579	72
22	23580	72
22	23581	71
22	23582	70
22	23583	70
22	23584	70
22	23585	70
22	23586	70
22	23587	70
22	23588	70
22	23589	68
22	23590	68
22	23591	68
22	23592	69
22	23593	70
22	23594	70
22	23595	76
22	23596	76
22	23597	69
22	23598	69
22	23599	69
22	23600	69
22	23601	69
22	23602	68
22	23603	67
22	23604	66
22	23605	65
22	23606	65
22	23607	65
22	23608	66
22	23609	66
22	23610	66
22	23611	68
22	23612	68
22	23613	68
22	23614	68
22	23615	67
22	23616	67
22	23617	67
22	23618	67
22	23619	67
22	23620	67
22	23621	68
22	23622	69
22	23623	69
22	23624	69
22	23625	69
22	23626	69
22	23627	69
22	23628	69
22	23629	69
22	23630	69
22	23631	67
22	23632	72
22	23633	72
22	23634	72
22	23635	72
22	23636	71
22	23637	71
22	23638	71
22	23639	71
22	23640	70
22	23641	68
22	23642	68
22	23643	67
22	23644	68
22	23645	68
22	23646	67
22	23647	67
22	23648	66
22	23649	67
22	23650	65
22	23651	66
22	23652	65
22	23653	66
22	23654	65
22	23655	65
22	23656	65
22	23657	66
22	23658	66
22	23659	65
22	23660	63
22	23661	63
22	23662	63
22	23663	63
22	23664	63
22	23665	67
22	23666	69
22	23667	68
22	23668	68
22	23669	68
22	23670	67
22	23671	65
22	23672	65
22	23673	65
22	23674	67
22	23675	65
22	23676	67
22	23677	70
22	23678	70
22	23679	64
22	23680	64
22	23681	63
22	23682	63
22	23683	63
22	23684	65
22	23685	67
22	23686	65
22	23687	64
22	23688	66
22	23689	66
22	23690	66
22	23691	66
22	23692	65
22	23693	65
22	23694	65
22	23695	64
22	23696	63
22	23697	63
22	23698	64
22	23699	67
22	23700	67
22	23701	67
22	23702	67
22	23703	66
22	23704	66
22	23705	66
22	23706	64
22	23707	62
22	23708	61
22	23709	61
22	23710	61
22	23711	58
22	23712	58
22	23713	57
22	23714	57
22	23715	57
22	23716	57
22	23717	57
22	23718	55
22	23719	56
22	23720	56
22	23721	56
22	23722	60
22	23723	59
22	23724	59
22	23725	59
22	23726	61
22	23727	61
22	23728	61
22	23729	61
22	23730	62
22	23731	63
22	23732	63
22	23733	63
22	23734	63
22	23735	64
22	23736	63
22	23737	66
22	23738	66
22	23739	66
22	23740	67
22	23741	67
22	23742	67
22	23743	68
22	23744	62
22	23745	62
22	23746	62
22	23747	62
22	23748	62
22	23749	62
22	23750	63
22	23751	63
22	23752	66
22	23753	67
22	23754	67
22	23755	67
22	23756	67
22	23757	66
22	23758	66
22	23759	64
22	23760	63
22	23761	63
22	23762	63
22	23763	64
22	23764	64
22	23765	64
22	23766	64
22	23767	67
22	23768	67
22	23769	68
22	23770	67
22	23771	67
22	23772	67
22	23773	67
22	23774	67
22	23775	67
22	23776	67
22	23777	67
22	23778	67
22	23779	67
22	23780	67
22	23781	67
22	23782	62
22	23783	62
22	23784	62
22	23785	65
22	23786	65
22	23787	65
22	23788	65
22	23789	65
22	23790	65
22	23791	64
22	23792	64
22	23793	64
22	23794	63
22	23795	63
22	23796	63
22	23797	62
22	23798	62
22	23799	62
22	23800	62
22	23801	61
22	23802	60
22	23803	60
22	23804	60
22	23805	60
22	23806	60
22	23807	59
22	23808	59
22	23809	61
22	23810	61
22	23811	61
22	23812	61
22	23813	60
22	23814	60
22	23815	58
22	23816	56
22	23817	56
22	23818	56
22	23819	56
22	23820	56
22	23821	56
22	23822	56
22	23823	55
22	23824	54
22	23825	53
22	23826	51
22	23827	51
22	23828	51
22	23829	51
22	23830	51
22	23831	51
22	23832	51
22	23833	50
22	23834	47
22	23835	45
22	23836	43
22	23837	43
22	23838	43
22	23839	43
22	23840	45
22	23841	45
22	23842	44
22	23843	44
22	23844	44
22	23845	44
22	23846	44
22	23847	44
22	23848	43
22	23849	40
22	23850	40
22	23851	40
22	23852	41
22	23853	41
22	23854	41
22	23855	41
22	23856	41
22	23857	41
22	23858	41
22	23859	41
22	23860	41
22	23861	41
22	23862	41
22	23863	45
22	23864	45
22	23865	45
22	23866	45
22	23867	45
22	23868	47
22	23869	46
22	23870	46
22	23871	46
22	23872	42
22	23873	42
22	23874	43
22	23875	43
22	23876	42
22	23877	42
22	23878	42
22	23879	41
22	23880	41
22	23881	40
22	23882	40
22	23883	42
22	23884	44
22	23885	44
22	23886	42
22	23887	42
22	23888	42
22	23889	42
22	23890	41
22	23891	39
22	23892	39
22	23893	37
22	23894	37
22	23895	37
22	23896	37
22	23897	37
22	23898	37
22	23899	37
22	23900	36
22	23901	36
22	23902	33
22	23903	32
22	23904	32
22	23905	32
22	23906	32
22	23907	32
22	23908	33
22	23909	33
22	23910	34
22	23911	34
22	23912	33
22	23913	33
22	23914	33
22	23915	35
22	23916	35
22	23917	31
22	23918	31
22	23919	30
22	23920	30
22	23921	31
22	23922	31
22	23923	31
22	23924	31
22	23925	31
22	23926	31
22	23927	31
22	23928	31
22	23929	31
22	23930	31
22	23931	28
22	23932	28
22	23933	28
22	23934	28
22	23935	25
22	23936	25
22	23937	25
22	23938	27
22	23939	27
22	23940	27
22	23941	27
22	23942	27
22	23943	27
22	23944	27
22	23945	27
22	23946	27
22	23947	27
22	23948	27
22	23949	27
22	23950	27
22	23951	27
22	23952	27
22	23953	27
22	23954	27
22	23955	27
22	23956	27
22	23957	27
22	23958	28
22	23959	29
22	23960	29
22	23961	29
22	23962	29
22	23963	29
22	23964	28
22	23965	27
22	23966	27
22	23967	27
22	23968	27
22	23969	27
22	23970	27
22	23971	27
22	23972	28
22	23973	28
22	23974	28
22	23975	28
22	23976	28
22	23977	28
22	23978	28
22	23979	28
22	23980	28
22	23981	29
22	23982	29
22	23983	28
22	23984	29
22	23985	29
22	23986	28
22	23987	28
22	23988	28
22	23989	28
22	23990	28
22	23991	26
22	23992	26
22	23993	26
22	23994	26
22	23995	26
22	23996	29
22	23997	29
22	23998	29
22	23999	30
22	24000	30
22	24001	30
22	24002	28
22	24003	28
22	24004	28
22	24005	28
22	24006	28
22	24007	28
22	24008	28
22	24009	28
22	24010	28
22	24011	28
22	24012	26
22	24013	26
22	24014	26
22	24015	27
22	24016	29
22	24017	29
22	24018	29
22	24019	29
22	24020	29
22	24021	29
22	24022	29
22	24023	29
22	24024	29
22	24025	29
22	24026	28
22	24027	28
22	24028	31
22	24029	31
22	24030	31
22	24031	31
22	24032	31
22	24033	31
22	24034	31
22	24035	31
22	24036	31
22	24037	31
22	24038	31
22	24039	31
22	24040	31
22	24041	31
22	24042	31
22	24043	31
22	24044	31
22	24045	31
22	24046	31
22	24047	31
22	24048	31
22	24049	32
22	24050	32
22	24051	32
22	24052	32
22	24053	32
22	24054	34
22	24055	34
22	24056	34
22	24057	33
22	24058	33
22	24059	33
22	24060	33
22	24061	33
22	24062	33
22	24063	33
22	24064	35
22	24065	35
22	24066	35
22	24067	35
22	24068	35
22	24069	35
22	24070	35
22	24071	34
22	24072	34
22	24073	33
22	24074	33
22	24075	33
22	24076	33
22	24077	33
22	24078	33
22	24079	33
22	24080	33
22	24081	33
22	24082	33
22	24083	34
22	24084	34
22	24085	34
22	24086	34
22	24087	35
22	24088	35
22	24089	35
22	24090	36
22	24091	36
22	24092	36
22	24093	36
22	24094	36
22	24095	36
22	24096	36
22	24097	36
22	24098	36
22	24099	36
22	24100	36
22	24101	36
22	24102	40
22	24103	40
22	24104	40
22	24105	40
22	24106	40
22	24107	40
22	24108	39
22	24109	38
22	24110	38
22	24111	38
22	24112	38
22	24113	38
22	24114	38
22	24115	37
22	24116	37
22	24117	37
22	24118	37
22	24119	37
22	24120	37
22	24121	39
22	24122	38
22	24123	38
22	24124	38
22	24125	38
22	24126	38
22	24127	38
22	24128	38
22	24129	37
22	24130	36
22	24131	35
22	24132	35
22	24133	35
22	24134	32
22	24135	32
22	24136	32
22	24137	32
22	24138	32
22	24139	32
22	24140	30
22	24141	32
22	24142	32
22	24143	32
22	24144	32
22	24145	29
22	24146	29
22	24147	29
22	24148	29
22	24149	29
22	24150	25
22	24151	25
22	24152	25
22	24153	25
22	24154	25
22	24155	30
22	24156	30
22	24157	30
22	24158	30
22	24159	31
22	24160	33
22	24161	33
22	24162	33
22	24163	33
22	24164	31
22	24165	31
22	24166	29
22	24167	29
22	24168	29
22	24169	30
22	24170	31
22	24171	33
22	24172	33
22	24173	33
22	24174	33
22	24175	33
22	24176	33
22	24177	33
22	24178	30
22	24179	31
22	24180	31
22	24181	31
22	24182	31
22	24183	31
22	24184	30
22	24185	30
22	24186	30
22	24187	30
22	24188	31
22	24189	32
22	24190	32
22	24191	32
22	24192	32
22	24193	33
22	24194	33
22	24195	34
22	24196	34
22	24197	34
22	24198	34
22	24199	34
22	24200	34
22	24201	34
22	24202	33
22	24203	32
22	24204	31
22	24205	33
22	24206	33
22	24207	33
22	24208	33
22	24209	33
22	24210	33
22	24211	33
22	24212	33
22	24213	31
22	24214	31
22	24215	31
22	24216	31
22	24217	31
22	24218	31
22	24219	31
22	24220	31
22	24221	31
22	24222	31
22	24223	31
22	24224	31
22	24225	31
22	24226	31
22	24227	32
22	24228	32
22	24229	32
22	24230	32
22	24231	32
22	24232	33
22	24233	34
22	24234	34
22	24235	35
22	24236	35
22	24237	33
22	24238	33
22	24239	33
22	24240	33
22	24241	34
22	24242	34
22	24243	35
22	24244	35
22	24245	35
22	24246	35
22	24247	35
22	24248	35
22	24249	35
22	24250	35
22	24251	35
22	24252	31
22	24253	31
22	24254	31
22	24255	31
22	24256	31
22	24257	31
22	24258	31
22	24259	31
22	24260	31
22	24261	31
22	24262	31
22	24263	31
22	24264	31
22	24265	31
22	24266	31
22	24267	31
22	24268	31
22	24269	31
22	24270	31
22	24271	29
22	24272	29
22	24273	29
22	24274	29
22	24275	29
22	24276	29
22	24277	29
22	24278	29
22	24279	29
22	24280	29
22	24281	29
22	24282	29
22	24283	29
22	24284	29
22	24285	29
22	24286	29
22	24287	29
22	24288	29
22	24289	28
22	24290	28
22	24291	28
22	24292	28
22	24293	28
22	24294	29
22	24295	29
22	24296	29
22	24297	29
22	24298	29
22	24299	29
22	24300	29
22	24301	30
22	24302	30
22	24303	30
22	24304	27
22	24305	29
22	24306	29
22	24307	29
22	24308	28
22	24309	28
22	24310	27
22	24311	27
22	24312	27
22	24313	27
22	24314	27
22	24315	27
22	24316	27
22	24317	27
22	24318	27
22	24319	26
22	24320	25
22	24321	23
22	24322	23
22	24323	23
22	24324	23
22	24325	23
22	24326	23
22	24327	23
22	24328	22
22	24329	22
22	24330	22
22	24331	22
22	24332	22
22	24333	22
22	24334	22
22	24335	22
22	24336	22
22	24337	21
22	24338	21
22	24339	20
22	24340	19
22	24341	20
22	24342	20
22	24343	20
22	24344	20
22	24345	20
22	24346	20
22	24347	20
22	24348	20
22	24349	20
22	24350	20
22	24351	20
22	24352	20
22	24353	20
22	24354	20
22	24355	18
22	24356	18
22	24357	18
22	24358	18
22	24359	18
22	24360	18
22	24361	18
22	24362	18
22	24363	18
22	24364	18
22	24365	18
22	24366	18
22	24367	18
22	24368	19
22	24369	19
22	24370	19
22	24371	19
22	24372	19
22	24373	19
22	24374	19
22	24375	20
22	24376	20
22	24377	19
22	24378	19
22	24379	20
22	24380	20
22	24381	20
22	24382	19
22	24383	17
22	24384	16
22	24385	15
22	24386	16
22	24387	16
22	24388	16
22	24389	16
22	24390	16
22	24391	15
22	24392	15
22	24393	14
22	24394	14
22	24395	14
22	24396	14
22	24397	14
22	24398	14
22	24399	14
22	24400	14
22	24401	14
22	24402	14
22	24403	14
22	24404	14
22	24405	14
22	24406	14
22	24407	13
22	24408	13
22	24409	5
22	24410	5
22	24411	5
22	24412	5
22	24413	5
22	24414	5
22	24415	5
22	24416	0
22	24417	0
22	24418	0
22	24419	2
22	24420	3
22	24421	12
22	24422	13
22	24423	14
22	24424	16
22	24425	16
22	24426	16
22	24427	16
22	24428	16
22	24429	17
22	24430	17
22	24431	17
22	24432	18
22	24433	18
22	24434	18
22	24435	18
22	24436	18
22	24437	18
22	24438	18
22	24439	18
22	24440	18
22	24441	18
22	24442	18
22	24443	18
22	24444	18
22	24445	18
22	24446	18
22	24447	18
22	24448	18
22	24449	18
22	24450	18
22	24451	18
22	24452	20
22	24453	20
22	24454	20
22	24455	20
22	24456	20
22	24457	20
22	24458	21
22	24459	21
22	24460	23
22	24461	23
22	24462	22
22	24463	23
22	24464	23
22	24465	23
22	24466	23
22	24467	21
22	24468	21
22	24469	21
22	24470	21
22	24471	21
22	24472	21
22	24473	21
22	24474	21
22	24475	21
22	24476	21
22	24477	21
22	24478	21
22	24479	21
22	24480	21
22	24481	21
22	24482	21
22	24483	21
22	24484	21
22	24485	21
22	24486	21
22	24487	20
22	24488	20
22	24489	20
22	24490	20
22	24491	20
22	24492	20
22	24493	20
22	24494	21
22	24495	21
22	24496	21
22	24497	21
22	24498	21
22	24499	23
22	24500	23
22	24501	23
22	24502	23
22	24503	22
22	24504	22
22	24505	22
22	24506	22
22	24507	22
22	24508	21
22	24509	21
22	24510	22
22	24511	22
22	24512	22
22	24513	22
22	24514	22
22	24515	22
22	24516	23
22	24517	23
22	24518	23
22	24519	23
22	24520	23
22	24521	23
22	24522	23
22	24523	23
22	24524	23
22	24525	23
22	24526	23
22	24527	23
22	24528	23
22	24529	21
22	24530	21
22	24531	21
22	24532	21
22	24533	21
22	24534	21
22	24535	21
22	24536	21
22	24537	21
22	24538	22
22	24539	23
22	24540	22
22	24541	22
22	24542	22
22	24543	22
22	24544	22
22	24545	22
22	24546	22
22	24547	22
22	24548	22
22	24549	22
22	24550	22
22	24551	22
22	24552	22
22	24553	22
22	24554	22
22	24555	23
22	24556	23
22	24557	23
22	24558	23
22	24559	23
22	24560	24
22	24561	24
22	24562	28
22	24563	29
22	24564	29
22	24565	29
22	24566	29
22	24567	29
22	24568	29
22	24569	28
22	24570	26
22	24571	27
22	24572	25
22	24573	25
22	24574	25
22	24575	25
22	24576	25
22	24577	25
22	24578	25
22	24579	25
22	24580	25
22	24581	25
22	24582	25
22	24583	27
22	24584	27
22	24585	27
22	24586	27
22	24587	27
22	24588	27
22	24589	27
22	24590	27
22	24591	27
22	24592	27
22	24593	30
22	24594	31
22	24595	31
22	24596	33
22	24597	33
22	24598	33
22	24599	33
22	24600	33
22	24601	33
22	24602	32
22	24603	33
22	24604	33
22	24605	34
22	24606	34
22	24607	34
22	24608	33
22	24609	33
22	24610	31
22	24611	31
22	24612	31
22	24613	30
22	24614	30
22	24615	31
22	24616	33
22	24617	33
22	24618	33
22	24619	33
22	24620	33
22	24621	33
22	24622	33
22	24623	33
22	24624	33
22	24625	33
22	24626	33
22	24627	33
22	24628	33
22	24629	33
22	24630	33
22	24631	33
22	24632	33
22	24633	33
22	24634	33
22	24635	33
22	24636	31
22	24637	34
22	24638	35
22	24639	35
22	24640	38
22	24641	38
22	24642	38
22	24643	38
22	24644	37
22	24645	37
22	24646	37
22	24647	37
22	24648	37
22	24649	36
22	24650	35
22	24651	35
22	24652	35
22	24653	35
22	24654	35
22	24655	35
22	24656	35
22	24657	35
22	24658	35
22	24659	34
22	24660	34
22	24661	34
22	24662	35
22	24663	35
22	24664	35
22	24665	35
22	24666	34
22	24667	37
22	24668	38
22	24669	38
22	24670	38
22	24671	38
22	24672	38
22	24673	38
22	24674	38
22	24675	38
22	24676	38
22	24677	38
22	24678	38
22	24679	38
22	24680	39
22	24681	39
22	24682	40
22	24683	40
22	24684	40
22	24685	40
22	24686	39
22	24687	39
22	24688	42
22	24689	41
22	24690	41
22	24691	41
22	24692	41
22	24693	40
22	24694	40
22	24695	40
22	24696	40
22	24697	40
22	24698	40
22	24699	40
22	24700	40
22	24701	40
22	24702	40
22	24703	40
22	24704	39
22	24705	39
22	24706	39
22	24707	39
22	24708	39
22	24709	39
22	24710	38
22	24711	35
22	24712	35
22	24713	34
22	24714	34
22	24715	34
22	24716	34
22	24717	34
22	24718	34
22	24719	34
22	24720	33
22	24721	34
22	24722	34
22	24723	34
22	24724	34
22	24725	34
22	24726	35
22	24727	37
22	24728	37
22	24729	37
22	24730	37
22	24731	37
22	24732	35
22	24733	35
22	24734	35
22	24735	35
22	24736	35
22	24737	35
22	24738	35
22	24739	35
22	24740	35
22	24741	34
22	24742	34
22	24743	31
22	24744	33
22	24745	35
22	24746	34
22	24747	34
22	24748	34
22	24749	34
22	24750	34
22	24751	33
22	24752	33
22	24753	32
22	24754	32
22	24755	32
22	24756	31
22	24757	33
22	24758	33
22	24759	33
22	24760	33
22	24761	33
22	24762	33
22	24763	33
22	24764	33
22	24765	29
22	24766	29
22	24767	29
22	24768	30
22	24769	30
22	24770	30
22	24771	30
22	24772	30
22	24773	30
22	24774	36
22	24775	36
22	24776	36
22	24777	36
22	24778	37
22	24779	38
22	24780	38
22	24781	39
22	24782	39
22	24783	39
22	24784	39
22	24785	39
22	24786	39
22	24787	38
22	24788	37
22	24789	37
22	24790	34
22	24791	34
22	24792	34
22	24793	34
22	24794	34
22	24795	34
22	24796	34
22	24797	34
22	24798	34
22	24799	34
22	24800	34
22	24801	34
22	24802	35
22	24803	35
22	24804	35
22	24805	35
22	24806	35
22	24807	35
22	24808	35
22	24809	35
22	24810	35
22	24811	35
22	24812	34
22	24813	34
22	24814	34
22	24815	35
22	24816	32
22	24817	31
22	24818	31
22	24819	31
22	24820	31
22	24821	31
22	24822	31
22	24823	31
22	24824	31
22	24825	31
22	24826	31
22	24827	30
22	24828	31
22	24829	31
22	24830	30
22	24831	30
22	24832	29
22	24833	29
22	24834	29
22	24835	29
22	24836	29
22	24837	29
22	24838	26
22	24839	26
22	24840	26
22	24841	26
22	24842	26
22	24843	26
22	24844	26
22	24845	26
22	24846	26
22	24847	26
22	24848	26
22	24849	26
22	24850	26
22	24851	26
22	24852	26
22	24853	26
22	24854	26
22	24855	26
22	24856	26
22	24857	26
22	24858	26
22	24859	26
22	24860	26
22	24861	26
22	24862	26
22	24863	26
22	24864	26
22	24865	26
22	24866	27
22	24867	27
22	24868	26
22	24869	26
22	24870	27
22	24871	27
22	24872	27
22	24873	27
22	24874	27
22	24875	27
22	24876	25
22	24877	25
22	24878	25
22	24879	24
22	24880	24
22	24881	24
22	24882	24
22	24883	24
22	24884	24
22	24885	24
22	24886	24
22	24887	26
22	24888	26
22	24889	26
22	24890	26
22	24891	26
22	24892	26
22	24893	24
22	24894	24
22	24895	22
22	24896	22
22	24897	22
22	24898	22
22	24899	22
22	24900	20
22	24901	20
22	24902	20
22	24903	20
22	24904	20
22	24905	20
22	24906	23
22	24907	23
22	24908	23
22	24909	23
22	24910	23
22	24911	23
22	24912	23
22	24913	25
22	24914	25
22	24915	25
22	24916	25
22	24917	24
22	24918	24
22	24919	24
22	24920	24
22	24921	24
22	24922	19
22	24923	18
22	24924	18
22	24925	18
22	24926	18
22	24927	17
22	24928	17
22	24929	16
22	24930	15
22	24931	15
22	24932	15
22	24933	15
22	24934	15
22	24935	15
22	24936	15
22	24937	15
22	24938	15
22	24939	15
22	24940	15
22	24941	15
22	24942	16
22	24943	16
22	24944	16
22	24945	16
22	24946	16
22	24947	16
22	24948	16
22	24949	16
22	24950	16
22	24951	15
22	24952	15
22	24953	15
22	24954	15
22	24955	16
22	24956	16
22	24957	17
22	24958	17
22	24959	17
22	24960	17
22	24961	17
22	24962	17
22	24963	17
22	24964	16
22	24965	17
22	24966	17
22	24967	17
22	24968	17
22	24969	17
22	24970	17
22	24971	17
22	24972	17
22	24973	17
22	24974	17
22	24975	17
22	24976	17
22	24977	22
22	24978	22
22	24979	22
22	24980	22
22	24981	22
22	24982	23
22	24983	23
22	24984	23
22	24985	23
22	24986	22
22	24987	22
22	24988	22
22	24989	22
22	24990	22
22	24991	22
22	24992	22
22	24993	22
22	24994	24
22	24995	24
22	24996	24
22	24997	24
22	24998	24
22	24999	24
22	25000	24
22	25001	24
22	25002	24
22	25003	24
22	25004	24
22	25005	24
22	25006	24
22	25007	25
22	25008	25
22	25009	25
22	25010	25
22	25011	25
22	25012	25
22	25013	25
22	25014	26
22	25015	26
22	25016	25
22	25017	25
22	25018	25
22	25019	25
22	25020	24
22	25021	24
22	25022	24
22	25023	24
22	25024	23
22	25025	24
22	25026	26
22	25027	26
22	25028	26
22	25029	26
22	25030	26
22	25031	26
22	25032	26
22	25033	26
22	25034	26
22	25035	25
22	25036	24
22	25037	24
22	25038	24
22	25039	24
22	25040	24
22	25041	25
22	25042	25
22	25043	25
22	25044	24
22	25045	24
22	25046	24
22	25047	24
22	25048	25
22	25049	25
22	25050	25
22	25051	25
22	25052	25
22	25053	25
22	25054	25
22	25055	25
22	25056	22
22	25057	22
22	25058	22
22	25059	22
22	25060	22
22	25061	22
22	25062	22
22	25063	20
22	25064	20
22	25065	20
22	25066	20
22	25067	21
22	25068	21
22	25069	21
22	25070	21
22	25071	21
22	25072	22
22	25073	22
22	25074	23
22	25075	23
22	25076	23
22	25077	23
22	25078	23
22	25079	23
22	25080	29
22	25081	29
22	25082	29
22	25083	29
22	25084	29
22	25085	29
22	25086	29
22	25087	29
22	25088	29
22	25089	29
22	25090	29
22	25091	29
22	25092	28
22	25093	29
22	25094	29
22	25095	30
22	25096	30
22	25097	31
22	25098	31
22	25099	32
22	25100	32
22	25101	32
22	25102	32
22	25103	32
22	25104	33
22	25105	32
22	25106	32
22	25107	31
22	25108	32
22	25109	33
22	25110	33
22	25111	33
22	25112	33
22	25113	33
22	25114	32
22	25115	32
22	25116	33
22	25117	33
22	25118	33
22	25119	33
22	25120	34
22	25121	34
22	25122	34
22	25123	34
22	25124	34
22	25125	34
22	25126	34
22	25127	29
22	25128	29
22	25129	29
22	25130	29
22	25131	29
22	25132	28
22	25133	28
22	25134	28
22	25135	28
22	25136	28
22	25137	28
22	25138	28
22	25139	28
22	25140	28
22	25141	28
22	25142	28
22	25143	28
22	25144	26
22	25145	26
22	25146	26
22	25147	26
22	25148	26
22	25149	26
22	25150	26
22	25151	26
22	25152	26
22	25153	26
22	25154	26
22	25155	26
22	25156	26
22	25157	25
22	25158	25
22	25159	24
22	25160	23
22	25161	23
22	25162	24
22	25163	24
22	25164	24
22	25165	24
22	25166	26
22	25167	26
22	25168	26
22	25169	27
22	25170	27
22	25171	27
22	25172	27
22	25173	27
22	25174	26
22	25175	24
22	25176	24
22	25177	24
22	25178	25
22	25179	25
22	25180	25
22	25181	25
22	25182	25
22	25183	25
22	25184	25
22	25185	25
22	25186	25
22	25187	25
22	25188	25
22	25189	25
22	25190	24
22	25191	24
22	25192	24
22	25193	24
22	25194	24
22	25195	24
22	25196	24
22	25197	23
22	25198	24
22	25199	24
22	25200	25
22	25201	25
22	25202	25
22	25203	25
22	25204	25
22	25205	25
22	25206	25
22	25207	24
22	25208	24
22	25209	24
22	25210	24
22	25211	24
22	25212	24
22	25213	24
22	25214	24
22	25215	23
22	25216	23
22	25217	23
22	25218	23
22	25219	23
22	25220	23
22	25221	23
22	25222	22
22	25223	22
22	25224	21
22	25225	22
22	25226	24
22	25227	24
22	25228	24
22	25229	20
22	25230	21
22	25231	21
22	25232	21
22	25233	21
22	25234	21
22	25235	21
22	25236	21
22	25237	22
22	25238	22
22	25239	22
22	25240	22
22	25241	22
22	25242	22
22	25243	21
22	25244	20
22	25245	23
22	25246	23
22	25247	21
22	25248	21
22	25249	21
22	25250	21
22	25251	21
22	25252	21
22	25253	20
22	25254	20
22	25255	20
22	25256	20
22	25257	20
22	25258	19
22	25259	18
22	25260	18
22	25261	18
22	25262	19
22	25263	19
22	25264	19
22	25265	18
22	25266	18
22	25267	18
22	25268	18
22	25269	17
22	25270	17
22	25271	17
22	25272	17
22	25273	17
22	25274	17
22	25275	17
22	25276	17
22	25277	17
22	25278	17
22	25279	17
22	25280	17
22	25281	17
22	25282	17
22	25283	17
22	25284	17
22	25285	17
22	25286	17
22	25287	17
22	25288	17
22	25289	17
22	25290	17
22	25291	17
22	25292	17
22	25293	17
22	25294	18
22	25295	18
22	25296	18
22	25297	21
22	25298	21
22	25299	21
22	25300	21
22	25301	22
22	25302	22
22	25303	22
22	25304	22
22	25305	26
22	25306	26
22	25307	26
22	25308	26
22	25309	26
22	25310	26
22	25311	26
22	25312	26
22	25313	26
22	25314	26
22	25315	26
22	25316	24
22	25317	25
22	25318	25
22	25319	26
22	25320	27
22	25321	27
22	25322	27
22	25323	27
22	25324	27
22	25325	27
22	25326	27
22	25327	27
22	25328	26
22	25329	26
22	25330	26
22	25331	26
22	25332	26
22	25333	26
22	25334	27
22	25335	27
22	25336	27
22	25337	27
22	25338	27
22	25339	27
22	25340	27
22	25341	26
22	25342	26
22	25343	26
22	25344	26
22	25345	26
22	25346	26
22	25347	26
22	25348	26
22	25349	26
22	25350	26
22	25351	26
22	25352	26
22	25353	27
22	25354	27
22	25355	27
22	25356	27
22	25357	26
22	25358	26
22	25359	26
22	25360	26
22	25361	26
22	25362	26
22	25363	26
22	25364	26
22	25365	26
22	25366	27
22	25367	27
22	25368	27
22	25369	27
22	25370	27
22	25371	27
22	25372	27
22	25373	27
22	25374	27
22	25375	26
22	25376	23
22	25377	23
22	25378	23
22	25379	24
22	25380	24
22	25381	24
22	25382	24
22	25383	24
22	25384	24
22	25385	24
22	25386	23
22	25387	23
22	25388	23
22	25389	23
22	25390	23
22	25391	23
22	25392	23
22	25393	23
22	25394	23
22	25395	21
22	25396	21
22	25397	21
22	25398	21
22	25399	21
22	25400	21
22	25401	21
22	25402	21
22	25403	22
22	25404	24
22	25405	24
22	25406	25
22	25407	25
22	25408	26
22	25409	26
22	25410	26
22	25411	25
22	25412	25
22	25413	25
22	25414	25
22	25415	25
22	25416	27
22	25417	26
22	25418	26
22	25419	27
22	25420	27
22	25421	27
22	25422	27
22	25423	27
22	25424	27
22	25425	27
22	25426	27
22	25427	27
22	25428	27
22	25429	27
22	25430	27
22	25431	27
22	25432	27
22	25433	27
22	25434	27
22	25435	27
22	25436	27
22	25437	27
22	25438	28
22	25439	28
22	25440	28
22	25441	28
22	25442	32
22	25443	32
22	25444	31
22	25445	33
22	25446	33
22	25447	33
22	25448	33
22	25449	33
22	25450	33
22	25451	31
22	25452	31
22	25453	31
22	25454	26
22	25455	27
22	25456	28
22	25457	28
22	25458	28
22	25459	28
22	25460	28
22	25461	28
22	25462	28
22	25463	28
22	25464	28
22	25465	28
22	25466	28
22	25467	29
22	25468	29
22	25469	29
22	25470	29
22	25471	29
22	25472	29
22	25473	29
22	25474	29
22	25475	29
22	25476	31
22	25477	31
22	25478	31
22	25479	31
22	25480	31
22	25481	31
22	25482	32
22	25483	31
22	25484	31
22	25485	31
22	25486	34
22	25487	34
22	25488	34
22	25489	34
22	25490	34
22	25491	34
22	25492	34
22	25493	34
22	25494	35
22	25495	35
22	25496	36
22	25497	36
22	25498	36
22	25499	38
22	25500	38
22	25501	38
22	25502	38
22	25503	37
22	25504	37
22	25505	37
22	25506	37
22	25507	37
22	25508	37
22	25509	39
22	25510	39
22	25511	39
22	25512	40
22	25513	41
22	25514	41
22	25515	41
22	25516	40
22	25517	38
22	25518	38
22	25519	39
22	25520	39
22	25521	39
22	25522	39
22	25523	39
22	25524	39
22	25525	40
22	25526	40
22	25527	40
22	25528	40
22	25529	39
22	25530	39
22	25531	39
22	25532	40
22	25533	40
22	25534	40
22	25535	39
22	25536	39
22	25537	39
22	25538	39
22	25539	39
22	25540	39
22	25541	39
22	25542	39
22	25543	39
22	25544	39
22	25545	40
22	25546	40
22	25547	40
22	25548	40
22	25549	40
22	25550	40
22	25551	40
22	25552	41
22	25553	39
22	25554	39
22	25555	39
22	25556	38
22	25557	39
22	25558	38
22	25559	38
22	25560	38
22	25561	39
22	25562	39
22	25563	39
22	25564	39
22	25565	39
22	25566	37
22	25567	37
22	25568	37
22	25569	36
22	25570	37
22	25571	37
22	25572	37
22	25573	37
22	25574	37
22	25575	37
22	25576	37
22	25577	37
22	25578	37
22	25579	37
22	25580	37
22	25581	37
22	25582	37
22	25583	37
22	25584	37
22	25585	34
22	25586	36
22	25587	35
22	25588	35
22	25589	35
22	25590	35
22	25591	35
22	25592	33
22	25593	33
22	25594	33
22	25595	31
22	25596	32
22	25597	29
22	25598	29
22	25599	29
22	25600	29
22	25601	29
22	25602	31
22	25603	31
22	25604	31
22	25605	31
22	25606	30
22	25607	30
22	25608	30
22	25609	31
22	25610	31
22	25611	31
22	25612	31
22	25613	31
22	25614	31
22	25615	31
22	25616	31
22	25617	32
22	25618	32
22	25619	32
22	25620	32
22	25621	32
22	25622	32
22	25623	32
22	25624	32
22	25625	32
22	25626	30
22	25627	30
22	25628	33
22	25629	33
22	25630	33
22	25631	32
22	25632	32
22	25633	32
22	25634	33
22	25635	33
22	25636	30
22	25637	30
22	25638	30
22	25639	30
22	25640	30
22	25641	30
22	25642	30
22	25643	30
22	25644	30
22	25645	30
22	25646	29
22	25647	29
22	25648	29
22	25649	27
22	25650	27
22	25651	27
22	25652	28
22	25653	28
22	25654	28
22	25655	28
22	25656	28
22	25657	28
22	25658	28
22	25659	26
22	25660	26
22	25661	25
22	25662	23
22	25663	23
22	25664	23
22	25665	23
22	25666	23
22	25667	22
22	25668	22
22	25669	22
22	25670	22
22	25671	22
22	25672	22
22	25673	22
22	25674	22
22	25675	21
22	25676	22
22	25677	22
22	25678	22
22	25679	22
22	25680	22
22	25681	22
22	25682	21
22	25683	21
22	25684	21
22	25685	21
22	25686	22
22	25687	23
22	25688	23
22	25689	23
22	25690	23
22	25691	23
22	25692	24
22	25693	24
22	25694	24
22	25695	23
22	25696	24
22	25697	25
22	25698	25
22	25699	25
22	25700	25
22	25701	25
22	25702	24
22	25703	24
22	25704	24
22	25705	24
22	25706	23
22	25707	23
22	25708	24
22	25709	25
22	25710	24
22	25711	23
22	25712	23
22	25713	23
22	25714	24
22	25715	24
22	25716	24
22	25717	24
22	25718	24
22	25719	23
22	25720	23
22	25721	23
22	25722	23
22	25723	24
22	25724	24
22	25725	24
22	25726	24
22	25727	24
22	25728	24
22	25729	24
22	25730	24
22	25731	24
22	25732	24
22	25733	26
22	25734	26
22	25735	26
22	25736	24
22	25737	24
22	25738	24
22	25739	24
22	25740	26
22	25741	26
22	25742	26
22	25743	28
22	25744	28
22	25745	28
22	25746	28
22	25747	28
22	25748	28
22	25749	30
22	25750	30
22	25751	30
22	25752	28
22	25753	28
22	25754	27
22	25755	27
22	25756	27
22	25757	27
22	25758	27
22	25759	26
22	25760	26
22	25761	26
22	25762	27
22	25763	27
22	25764	27
22	25765	27
22	25766	27
22	25767	26
22	25768	26
22	25769	26
22	25770	26
22	25771	26
22	25772	26
22	25773	26
22	25774	26
22	25775	25
22	25776	25
22	25777	25
22	25778	25
22	25779	25
22	25780	25
22	25781	25
22	25782	25
22	25783	24
22	25784	24
22	25785	24
22	25786	25
22	25787	25
22	25788	25
22	25789	26
22	25790	26
22	25791	26
22	25792	26
22	25793	26
22	25794	25
22	25795	25
22	25796	25
22	25797	26
22	25798	28
22	25799	28
22	25800	28
22	25801	28
22	25802	27
22	25803	27
22	25804	27
22	25805	27
22	25806	27
22	25807	27
22	25808	27
22	25809	27
22	25810	27
22	25811	27
22	25812	27
22	25813	27
22	25814	27
22	25815	27
22	25816	27
22	25817	27
22	25818	27
22	25819	27
22	25820	27
22	25821	27
22	25822	27
22	25823	27
22	25824	27
22	25825	27
22	25826	26
22	25827	26
22	25828	26
22	25829	26
22	25830	26
22	25831	26
22	25832	26
22	25833	26
22	25834	26
22	25835	27
22	25836	28
22	25837	27
22	25838	27
22	25839	27
22	25840	27
22	25841	26
22	25842	26
22	25843	26
22	25844	25
22	25845	25
22	25846	24
22	25847	24
22	25848	24
22	25849	25
22	25850	25
22	25851	25
22	25852	25
22	25853	25
22	25854	25
22	25855	25
22	25856	25
22	25857	25
22	25858	23
22	25859	23
22	25860	23
22	25861	23
22	25862	24
22	25863	24
22	25864	23
22	25865	23
22	25866	23
22	25867	23
22	25868	23
22	25869	23
22	25870	23
22	25871	23
22	25872	22
22	25873	23
22	25874	23
22	25875	23
22	25876	23
22	25877	23
22	25878	23
22	25879	23
22	25880	23
22	25881	23
22	25882	21
22	25883	19
22	25884	19
22	25885	19
22	25886	19
22	25887	19
22	25888	19
22	25889	17
22	25890	17
22	25891	17
22	25892	17
22	25893	15
22	25894	15
22	25895	15
22	25896	14
22	25897	14
22	25898	13
22	25899	13
22	25900	13
22	25901	13
22	25902	13
22	25903	13
22	25904	13
22	25905	13
22	25906	13
22	25907	13
22	25908	13
22	25909	13
22	25910	13
22	25911	13
22	25912	12
22	25913	12
22	25914	12
22	25915	12
22	25916	11
22	25917	11
22	25918	11
22	25919	12
22	25920	12
22	25921	12
22	25922	12
22	25923	12
22	25924	12
22	25925	10
22	25926	10
22	25927	10
22	25928	10
22	25929	10
22	25930	10
22	25931	10
22	25932	10
22	25933	9
22	25934	14
22	25935	14
22	25936	14
22	25937	14
22	25938	13
22	25939	13
22	25940	13
22	25941	13
22	25942	13
22	25943	13
22	25944	13
22	25945	13
22	25946	13
22	25947	12
22	25948	12
22	25949	13
22	25950	13
22	25951	13
22	25952	13
22	25953	13
22	25954	13
22	25955	13
22	25956	13
22	25957	13
22	25958	13
22	25959	13
22	25960	16
22	25961	16
22	25962	16
22	25963	16
22	25964	16
22	25965	16
22	25966	16
22	25967	16
22	25968	16
22	25969	16
22	25970	16
22	25971	19
22	25972	19
22	25973	19
22	25974	19
22	25975	19
22	25976	23
22	25977	23
22	25978	23
22	25979	25
22	25980	25
22	25981	26
22	25982	26
22	25983	26
22	25984	26
22	25985	23
22	25986	23
22	25987	23
22	25988	23
22	25989	23
22	25990	23
22	25991	23
22	25992	23
22	25993	23
22	25994	23
22	25995	23
22	25996	23
22	25997	23
22	25998	23
22	25999	22
22	26000	22
22	26001	22
22	26002	22
22	26003	22
22	26004	22
22	26005	23
22	26006	23
22	26007	23
22	26008	23
22	26009	23
22	26010	24
22	26011	23
22	26012	24
22	26013	25
22	26014	25
22	26015	25
22	26016	25
22	26017	25
22	26018	25
22	26019	25
22	26020	25
22	26021	25
22	26022	25
22	26023	24
22	26024	24
22	26025	24
22	26026	24
22	26027	24
22	26028	24
22	26029	24
22	26030	24
22	26031	24
22	26032	24
22	26033	24
22	26034	24
22	26035	24
22	26036	24
22	26037	24
22	26038	24
22	26039	25
22	26040	25
22	26041	25
22	26042	25
22	26043	25
22	26044	25
22	26045	25
22	26046	25
22	26047	25
22	26048	26
22	26049	26
22	26050	26
22	26051	26
22	26052	26
22	26053	26
22	26054	26
22	26055	26
22	26056	26
22	26057	26
22	26058	27
22	26059	27
22	26060	27
22	26061	28
22	26062	28
22	26063	28
22	26064	28
22	26065	28
22	26066	28
22	26067	28
22	26068	28
22	26069	27
22	26070	27
22	26071	27
22	26072	27
22	26073	27
22	26074	27
22	26075	27
22	26076	27
22	26077	27
22	26078	27
22	26079	28
22	26080	28
22	26081	28
22	26082	29
22	26083	29
22	26084	24
22	26085	26
22	26086	26
22	26087	26
22	26088	27
22	26089	28
22	26090	28
22	26091	28
22	26092	28
22	26093	28
22	26094	28
22	26095	27
22	26096	28
22	26097	28
22	26098	29
22	26099	28
22	26100	28
22	26101	28
22	26102	28
22	26103	28
22	26104	28
22	26105	29
22	26106	29
22	26107	29
22	26108	29
22	26109	29
22	26110	24
22	26111	24
22	26112	24
22	26113	24
22	26114	24
22	26115	24
22	26116	24
22	26117	24
22	26118	25
22	26119	25
22	26120	25
22	26121	22
22	26122	21
22	26123	21
22	26124	21
22	26125	17
22	26126	17
22	26127	17
22	26128	17
22	26129	17
22	26130	17
22	26131	16
22	26132	16
22	26133	16
22	26134	16
22	26135	16
22	26136	16
22	26137	16
22	26138	16
22	26139	16
22	26140	17
22	26141	19
22	26142	19
22	26143	19
22	26144	19
22	26145	19
22	26146	19
22	26147	23
22	26148	23
22	26149	24
22	26150	25
22	26151	26
22	26152	26
22	26153	26
22	26154	26
22	26155	26
22	26156	26
22	26157	26
22	26158	26
22	26159	25
22	26160	25
22	26161	25
22	26162	23
22	26163	23
22	26164	23
22	26165	23
22	26166	23
22	26167	23
22	26168	23
22	26169	23
22	26170	23
22	26171	23
22	26172	23
22	26173	24
22	26174	24
22	26175	24
22	26176	24
22	26177	24
22	26178	24
22	26179	24
22	26180	24
22	26181	24
22	26182	25
22	26183	25
22	26184	25
22	26185	26
22	26186	26
22	26187	26
22	26188	26
22	26189	25
22	26190	25
22	26191	26
22	26192	26
22	26193	26
22	26194	26
22	26195	26
22	26196	26
22	26197	26
22	26198	25
22	26199	25
22	26200	25
22	26201	25
22	26202	25
22	26203	25
22	26204	25
22	26205	25
22	26206	25
22	26207	25
22	26208	24
22	26209	24
22	26210	24
22	26211	23
22	26212	23
22	26213	23
22	26214	23
22	26215	23
22	26216	23
22	26217	23
22	26218	23
22	26219	23
22	26220	23
22	26221	23
22	26222	23
22	26223	23
22	26224	23
22	26225	23
22	26226	23
22	26227	23
22	26228	23
22	26229	22
22	26230	22
22	26231	22
22	26232	22
22	26233	19
22	26234	19
22	26235	19
22	26236	19
22	26237	18
22	26238	17
22	26239	17
22	26240	17
22	26241	17
22	26242	17
22	26243	17
22	26244	17
22	26245	18
22	26246	18
22	26247	17
22	26248	17
22	26249	17
22	26250	17
22	26251	17
22	26252	17
22	26253	17
22	26254	17
22	26255	16
22	26256	16
22	26257	16
22	26258	16
22	26259	16
22	26260	16
22	26261	16
22	26262	16
22	26263	17
22	26264	17
22	26265	17
22	26266	17
22	26267	17
22	26268	16
22	26269	16
22	26270	16
22	26271	16
22	26272	16
22	26273	16
22	26274	16
22	26275	16
22	26276	16
22	26277	16
22	26278	16
22	26279	16
22	26280	16
22	26281	16
22	26282	17
22	26283	17
22	26284	17
22	26285	18
22	26286	17
22	26287	18
22	26288	18
22	26289	17
22	26290	17
22	26291	16
22	26292	16
22	26293	16
22	26294	16
22	26295	16
22	26296	12
22	26297	12
22	26298	12
22	26299	12
22	26300	12
22	26301	11
22	26302	11
22	26303	11
22	26304	12
22	26305	12
22	26306	12
22	26307	12
22	26308	12
22	26309	12
22	26310	12
22	26311	14
22	26312	14
22	26313	17
22	26314	17
22	26315	17
22	26316	17
22	26317	17
22	26318	17
22	26319	18
22	26320	18
22	26321	18
22	26322	18
22	26323	19
22	26324	19
22	26325	19
22	26326	19
22	26327	19
22	26328	20
22	26329	20
22	26330	20
22	26331	20
22	26332	19
22	26333	23
22	26334	23
22	26335	22
22	26336	22
22	26337	22
22	26338	22
22	26339	22
22	26340	22
22	26341	21
22	26342	21
22	26343	21
22	26344	21
22	26345	21
22	26346	21
22	26347	21
22	26348	21
22	26349	21
22	26350	21
22	26351	21
22	26352	21
22	26353	21
22	26354	21
22	26355	21
22	26356	21
22	26357	21
22	26358	21
22	26359	21
22	26360	21
22	26361	21
22	26362	21
22	26363	21
22	26364	21
22	26365	21
22	26366	21
22	26367	21
22	26368	21
22	26369	21
22	26370	21
22	26371	23
22	26372	23
22	26373	23
22	26374	23
22	26375	23
22	26376	23
22	26377	23
22	26378	23
22	26379	23
22	26380	23
22	26381	23
22	26382	23
22	26383	23
22	26384	23
22	26385	23
22	26386	23
22	26387	23
22	26388	23
22	26389	23
22	26390	23
22	26391	23
22	26392	23
22	26393	23
22	26394	23
22	26395	22
22	26396	22
22	26397	23
22	26398	23
22	26399	23
22	26400	23
22	26401	23
22	26402	23
22	26403	23
22	26404	23
22	26405	23
22	26406	23
22	26407	23
22	26408	23
22	26409	23
22	26410	23
22	26411	25
22	26412	24
22	26413	24
22	26414	24
22	26415	24
22	26416	24
22	26417	22
22	26418	24
22	26419	25
22	26420	25
22	26421	25
22	26422	25
22	26423	25
22	26424	26
22	26425	26
22	26426	26
22	26427	26
22	26428	26
22	26429	26
22	26430	26
22	26431	25
22	26432	25
22	26433	25
22	26434	25
22	26435	25
22	26436	25
22	26437	24
22	26438	24
22	26439	24
22	26440	24
22	26441	24
22	26442	24
22	26443	24
22	26444	25
22	26445	25
22	26446	25
22	26447	25
22	26448	23
22	26449	23
22	26450	23
22	26451	23
22	26452	23
22	26453	22
22	26454	22
22	26455	22
22	26456	23
22	26457	24
22	26458	24
22	26459	28
22	26460	27
22	26461	26
22	26462	26
22	26463	25
22	26464	24
22	26465	24
22	26466	24
22	26467	24
22	26468	23
22	26469	23
22	26470	23
22	26471	24
22	26472	22
22	26473	22
22	26474	22
22	26475	22
22	26476	22
22	26477	22
22	26478	21
22	26479	21
22	26480	17
22	26481	19
22	26482	19
22	26483	19
22	26484	19
22	26485	19
22	26486	19
22	26487	20
22	26488	20
22	26489	20
22	26490	20
22	26491	20
22	26492	20
22	26493	21
22	26494	21
22	26495	21
22	26496	21
22	26497	21
22	26498	21
22	26499	21
22	26500	21
22	26501	21
22	26502	21
22	26503	21
22	26504	21
22	26505	21
22	26506	21
22	26507	21
22	26508	21
22	26509	21
22	26510	21
22	26511	21
22	26512	21
22	26513	21
22	26514	21
22	26515	22
22	26516	22
22	26517	22
22	26518	22
22	26519	22
22	26520	22
22	26521	21
22	26522	21
22	26523	21
22	26524	21
22	26525	21
22	26526	21
22	26527	21
22	26528	21
22	26529	21
22	26530	21
22	26531	21
22	26532	21
22	26533	21
22	26534	21
22	26535	21
22	26536	22
22	26537	22
22	26538	22
22	26539	22
22	26540	22
22	26541	22
22	26542	22
22	26543	22
22	26544	22
22	26545	22
22	26546	22
22	26547	21
22	26548	21
22	26549	21
22	26550	21
22	26551	21
22	26552	21
22	26553	21
22	26554	21
22	26555	21
22	26556	21
22	26557	21
22	26558	21
22	26559	19
22	26560	19
22	26561	19
22	26562	19
22	26563	19
22	26564	19
22	26565	19
22	26566	19
22	26567	19
22	26568	18
22	26569	18
22	26570	18
22	26571	18
22	26572	18
22	26573	18
22	26574	17
22	26575	17
22	26576	17
22	26577	17
22	26578	17
22	26579	17
22	26580	17
22	26581	18
22	26582	19
22	26583	20
22	26584	19
22	26585	19
22	26586	19
22	26587	19
22	26588	19
22	26589	20
22	26590	20
22	26591	20
22	26592	20
22	26593	20
22	26594	20
22	26595	20
22	26596	21
22	26597	21
22	26598	21
22	26599	21
22	26600	21
22	26601	21
22	26602	21
22	26603	23
22	26604	23
22	26605	24
22	26606	24
22	26607	22
22	26608	19
22	26609	19
22	26610	19
22	26611	19
22	26612	19
22	26613	19
22	26614	19
22	26615	19
22	26616	20
22	26617	20
22	26618	20
22	26619	20
22	26620	21
22	26621	20
22	26622	21
22	26623	21
22	26624	21
22	26625	21
22	26626	21
22	26627	21
22	26628	21
22	26629	21
22	26630	19
22	26631	20
22	26632	20
22	26633	20
22	26634	20
22	26635	19
22	26636	19
22	26637	19
22	26638	19
22	26639	19
22	26640	19
22	26641	19
22	26642	18
22	26643	18
22	26644	18
22	26645	18
22	26646	18
22	26647	18
22	26648	18
22	26649	18
22	26650	18
22	26651	18
22	26652	19
22	26653	19
22	26654	19
22	26655	20
22	26656	21
22	26657	21
22	26658	21
22	26659	21
22	26660	21
22	26661	21
22	26662	21
22	26663	21
22	26664	21
22	26665	21
22	26666	21
22	26667	21
22	26668	21
22	26669	21
22	26670	20
22	26671	20
22	26672	20
22	26673	20
22	26674	20
22	26675	20
22	26676	21
22	26677	21
22	26678	21
22	26679	21
22	26680	21
22	26681	21
22	26682	21
22	26683	21
22	26684	21
22	26685	20
22	26686	20
22	26687	20
22	26688	20
22	26689	20
22	26690	22
22	26691	22
22	26692	24
22	26693	24
22	26694	24
22	26695	24
22	26696	24
22	26697	24
22	26698	24
22	26699	24
22	26700	24
22	26701	24
22	26702	24
22	26703	24
22	26704	24
22	26705	24
22	26706	24
22	26707	24
22	26708	24
22	26709	23
22	26710	23
22	26711	24
22	26712	24
22	26713	26
22	26714	26
22	26715	26
22	26716	26
22	26717	26
22	26718	27
22	26719	27
22	26720	27
22	26721	27
22	26722	27
22	26723	27
22	26724	27
22	26725	27
22	26726	27
22	26727	27
22	26728	27
22	26729	27
22	26730	27
22	26731	26
22	26732	24
22	26733	24
22	26734	24
22	26735	25
22	26736	25
22	26737	26
22	26738	26
22	26739	26
22	26740	26
22	26741	25
22	26742	26
22	26743	26
22	26744	26
22	26745	27
22	26746	26
22	26747	26
22	26748	27
22	26749	27
22	26750	27
22	26751	27
22	26752	27
22	26753	25
22	26754	24
22	26755	24
22	26756	24
22	26757	24
22	26758	24
22	26759	24
22	26760	25
22	26761	25
22	26762	25
22	26763	26
22	26764	26
22	26765	25
22	26766	25
22	26767	25
22	26768	25
22	26769	25
22	26770	24
22	26771	24
22	26772	23
22	26773	23
22	26774	23
22	26775	23
22	26776	23
22	26777	23
22	26778	23
22	26779	27
22	26780	26
22	26781	26
22	26782	28
22	26783	28
22	26784	28
22	26785	28
22	26786	28
22	26787	28
22	26788	28
22	26789	28
22	26790	28
22	26791	28
22	26792	28
22	26793	28
22	26794	29
22	26795	30
22	26796	30
22	26797	32
22	26798	32
22	26799	32
22	26800	32
22	26801	32
22	26802	32
22	26803	32
22	26804	32
22	26805	33
22	26806	32
22	26807	33
22	26808	33
22	26809	33
22	26810	33
22	26811	33
22	26812	33
22	26813	33
22	26814	32
22	26815	32
22	26816	32
22	26817	32
22	26818	33
22	26819	33
22	26820	32
22	26821	32
22	26822	32
22	26823	32
22	26824	32
22	26825	32
22	26826	32
22	26827	32
22	26828	32
22	26829	33
22	26830	33
22	26831	33
22	26832	33
22	26833	33
22	26834	34
22	26835	34
22	26836	34
22	26837	34
22	26838	34
22	26839	32
22	26840	32
22	26841	32
22	26842	30
22	26843	30
22	26844	30
22	26845	30
22	26846	30
22	26847	30
22	26848	30
22	26849	31
22	26850	31
22	26851	31
22	26852	33
22	26853	33
22	26854	33
22	26855	33
22	26856	33
22	26857	33
22	26858	33
22	26859	34
22	26860	34
22	26861	33
22	26862	32
22	26863	32
22	26864	32
22	26865	32
22	26866	32
22	26867	31
22	26868	31
22	26869	35
22	26870	35
22	26871	36
22	26872	36
22	26873	36
22	26874	36
22	26875	36
22	26876	36
22	26877	36
22	26878	36
22	26879	37
22	26880	37
22	26881	37
22	26882	37
22	26883	37
22	26884	35
22	26885	35
22	26886	35
22	26887	34
22	26888	34
22	26889	34
22	26890	34
22	26891	34
22	26892	34
22	26893	34
22	26894	33
22	26895	33
22	26896	33
22	26897	33
22	26898	32
22	26899	32
22	26900	32
22	26901	32
22	26902	32
22	26903	32
22	26904	32
22	26905	32
22	26906	32
22	26907	31
22	26908	31
22	26909	31
22	26910	31
22	26911	31
22	26912	30
22	26913	30
22	26914	30
22	26915	30
22	26916	30
22	26917	29
22	26918	29
22	26919	29
22	26920	30
22	26921	31
22	26922	31
22	26923	33
22	26924	33
22	26925	33
22	26926	33
22	26927	32
22	26928	27
22	26929	27
22	26930	27
22	26931	27
22	26932	27
22	26933	27
22	26934	27
22	26935	27
22	26936	27
22	26937	27
22	26938	27
22	26939	27
22	26940	27
22	26941	27
22	26942	27
22	26943	26
22	26944	26
22	26945	26
22	26946	26
22	26947	24
22	26948	24
22	26949	24
22	26950	24
22	26951	24
22	26952	23
22	26953	23
22	26954	21
22	26955	21
22	26956	21
22	26957	20
22	26958	20
22	26959	20
22	26960	20
22	26961	20
22	26962	20
22	26963	20
22	26964	20
22	26965	20
22	26966	20
22	26967	20
22	26968	19
22	26969	19
22	26970	19
22	26971	19
22	26972	19
22	26973	19
22	26974	19
22	26975	19
22	26976	19
22	26977	19
22	26978	18
22	26979	18
22	26980	19
22	26981	19
22	26982	19
22	26983	19
22	26984	18
22	26985	18
22	26986	18
22	26987	18
22	26988	18
22	26989	18
22	26990	18
22	26991	18
22	26992	18
22	26993	18
22	26994	18
22	26995	18
22	26996	18
22	26997	18
22	26998	17
22	26999	15
22	27000	15
22	27001	15
22	27002	15
22	27003	15
22	27004	15
22	27005	15
22	27006	15
22	27007	15
22	27008	15
22	27009	14
22	27010	15
22	27011	15
22	27012	16
22	27013	15
22	27014	15
22	27015	15
22	27016	15
22	27017	15
22	27018	15
22	27019	11
22	27020	11
22	27021	10
22	27022	10
22	27023	10
22	27024	10
22	27025	10
22	27026	10
22	27027	10
22	27028	10
22	27029	9
22	27030	9
22	27031	9
22	27032	9
22	27033	9
22	27034	9
22	27035	9
22	27036	9
22	27037	9
22	27038	9
22	27039	9
22	27040	9
22	27041	9
22	27042	9
22	27043	9
22	27044	9
22	27045	9
22	27046	9
22	27047	9
22	27048	9
22	27049	9
22	27050	9
22	27051	9
22	27052	9
22	27053	9
22	27054	9
22	27055	9
22	27056	9
22	27057	9
22	27058	9
22	27059	9
22	27060	8
22	27061	8
22	27062	8
22	27063	8
22	27064	8
22	27065	8
22	27066	8
22	27067	8
22	27068	8
22	27069	8
22	27070	8
22	27071	7
22	27072	7
22	27073	5
22	27074	5
22	27075	5
22	27076	5
22	27077	5
22	27078	5
22	27079	5
22	27080	6
22	27081	6
22	27082	6
22	27083	7
22	27084	7
22	27085	7
22	27086	7
22	27087	7
22	27088	7
22	27089	7
22	27090	7
22	27091	7
22	27092	7
22	27093	7
22	27094	7
22	27095	7
22	27096	7
22	27097	7
22	27098	7
22	27099	7
22	27100	7
22	27101	7
22	27102	7
22	27103	7
22	27104	7
22	27105	7
22	27106	7
22	27107	7
22	27108	7
22	27109	7
22	27110	7
22	27111	7
22	27112	9
22	27113	9
22	27114	9
22	27115	9
22	27116	9
22	27117	9
22	27118	9
22	27119	9
22	27120	9
22	27121	9
22	27122	10
22	27123	10
22	27124	10
22	27125	9
22	27126	11
22	27127	11
22	27128	11
22	27129	11
22	27130	10
22	27131	10
22	27132	10
22	27133	10
22	27134	10
22	27135	10
22	27136	10
22	27137	10
22	27138	10
22	27139	10
22	27140	10
22	27141	10
22	27142	10
22	27143	10
22	27144	10
22	27145	11
22	27146	11
22	27147	11
22	27148	11
22	27149	11
22	27150	11
22	27151	11
22	27152	11
22	27153	11
22	27154	11
22	27155	11
22	27156	12
22	27157	13
22	27158	13
22	27159	13
22	27160	12
22	27161	12
22	27162	11
22	27163	11
22	27164	11
22	27165	11
22	27166	11
22	27167	11
22	27168	11
22	27169	12
22	27170	12
22	27171	13
22	27172	13
22	27173	13
22	27174	13
22	27175	13
22	27176	13
22	27177	13
22	27178	13
22	27179	13
22	27180	14
22	27181	14
22	27182	14
22	27183	14
22	27184	14
22	27185	14
22	27186	14
22	27187	14
22	27188	14
22	27189	12
22	27190	13
22	27191	13
22	27192	13
22	27193	13
22	27194	13
22	27195	13
22	27196	13
22	27197	13
22	27198	13
22	27199	13
22	27200	13
22	27201	23
22	27202	23
22	27203	23
22	27204	23
22	27205	23
22	27206	23
22	27207	23
22	27208	23
22	27209	23
22	27210	23
22	27211	23
22	27212	23
22	27213	23
22	27214	23
22	27215	23
22	27216	23
22	27217	23
22	27218	23
22	27219	23
22	27220	23
22	27221	23
22	27222	23
22	27223	23
22	27224	23
22	27225	23
22	27226	23
22	27227	24
22	27228	23
22	27229	23
22	27230	23
22	27231	23
22	27232	23
22	27233	22
22	27234	22
22	27235	22
22	27236	22
22	27237	22
22	27238	22
22	27239	22
22	27240	22
22	27241	22
22	27242	22
22	27243	22
22	27244	22
22	27245	22
22	27246	22
22	27247	22
22	27248	22
22	27249	22
22	27250	22
22	27251	22
22	27252	22
22	27253	22
22	27254	22
22	27255	22
22	27256	22
22	27257	23
22	27258	23
22	27259	23
22	27260	23
22	27261	23
22	27262	23
22	27263	23
22	27264	23
22	27265	23
22	27266	23
22	27267	23
22	27268	23
22	27269	22
22	27270	23
22	27271	23
22	27272	22
22	27273	22
22	27274	22
22	27275	21
22	27276	21
22	27277	22
22	27278	22
22	27279	22
22	27280	26
22	27281	26
22	27282	26
22	27283	26
22	27284	26
22	27285	26
22	27286	26
22	27287	26
22	27288	26
22	27289	27
22	27290	27
22	27291	27
22	27292	27
22	27293	27
22	27294	27
22	27295	26
22	27296	26
22	27297	26
22	27298	26
22	27299	26
22	27300	26
22	27301	26
22	27302	26
22	27303	26
22	27304	26
22	27305	25
22	27306	25
22	27307	24
22	27308	24
22	27309	24
22	27310	24
22	27311	24
22	27312	24
22	27313	24
22	27314	24
22	27315	24
22	27316	24
22	27317	24
22	27318	24
22	27319	24
22	27320	24
22	27321	24
22	27322	25
22	27323	25
22	27324	25
22	27325	25
22	27326	25
22	27327	25
22	27328	25
22	27329	24
22	27330	24
22	27331	24
22	27332	24
22	27333	24
22	27334	24
22	27335	24
22	27336	24
22	27337	24
22	27338	24
22	27339	24
22	27340	29
22	27341	29
22	27342	29
22	27343	29
22	27344	29
22	27345	29
22	27346	29
22	27347	29
22	27348	29
22	27349	29
22	27350	23
22	27351	23
22	27352	23
22	27353	23
22	27354	23
22	27355	23
22	27356	23
22	27357	23
22	27358	23
22	27359	23
22	27360	23
22	27361	23
22	27362	23
22	27363	23
22	27364	23
22	27365	23
22	27366	23
22	27367	23
22	27368	23
22	27369	24
22	27370	24
22	27371	24
22	27372	25
22	27373	25
22	27374	25
22	27375	25
22	27376	25
22	27377	24
22	27378	25
22	27379	25
22	27380	25
22	27381	25
22	27382	25
22	27383	25
22	27384	25
22	27385	25
22	27386	25
22	27387	25
22	27388	25
22	27389	25
22	27390	25
22	27391	25
22	27392	25
22	27393	25
22	27394	25
22	27395	25
22	27396	25
22	27397	25
22	27398	25
22	27399	25
22	27400	25
22	27401	25
22	27402	25
22	27403	27
22	27404	27
22	27405	27
22	27406	27
22	27407	26
22	27408	26
22	27409	26
22	27410	26
22	27411	27
22	27412	28
22	27413	28
22	27414	28
22	27415	28
22	27416	28
22	27417	29
22	27418	29
22	27419	29
22	27420	28
22	27421	39
22	27422	39
22	27423	39
22	27424	39
22	27425	39
22	27426	39
22	27427	39
22	27428	39
22	27429	39
22	27430	33
22	27431	33
22	27432	33
22	27433	33
22	27434	33
22	27435	33
22	27436	33
22	27437	33
22	27438	32
22	27439	32
22	27440	32
22	27441	32
22	27442	32
22	27443	32
22	27444	34
22	27445	34
22	27446	34
22	27447	34
22	27448	34
22	27449	34
22	27450	34
22	27451	34
22	27452	34
22	27453	34
22	27454	35
22	27455	35
22	27456	35
22	27457	35
22	27458	35
22	27459	35
22	27460	35
22	27461	40
22	27462	42
22	27463	42
22	27464	42
22	27465	42
22	27466	42
22	27467	42
22	27468	42
22	27469	41
22	27470	41
22	27471	41
22	27472	40
22	27473	40
22	27474	40
22	27475	40
22	27476	40
22	27477	40
22	27478	40
22	27479	39
22	27480	39
22	27481	44
22	27482	44
22	27483	44
22	27484	44
22	27485	44
22	27486	44
22	27487	44
22	27488	43
22	27489	43
22	27490	37
22	27491	39
22	27492	40
22	27493	40
22	27494	40
22	27495	41
22	27496	41
22	27497	41
22	27498	41
22	27499	41
22	27500	39
22	27501	39
22	27502	40
22	27503	40
22	27504	40
22	27505	41
22	27506	41
22	27507	41
22	27508	41
22	27509	41
22	27510	41
22	27511	41
22	27512	41
22	27513	43
22	27514	43
22	27515	43
22	27516	43
22	27517	43
22	27518	43
22	27519	43
22	27520	43
22	27521	43
22	27522	42
22	27523	42
22	27524	42
22	27525	42
22	27526	42
22	27527	42
22	27528	41
22	27529	42
22	27530	42
22	27531	43
22	27532	43
22	27533	43
22	27534	44
22	27535	44
22	27536	44
22	27537	44
22	27538	44
22	27539	44
22	27540	44
22	27541	44
22	27542	44
22	27543	44
22	27544	44
22	27545	48
22	27546	48
22	27547	48
22	27548	48
22	27549	48
22	27550	48
22	27551	48
22	27552	48
22	27553	46
22	27554	46
22	27555	46
22	27556	46
22	27557	46
22	27558	46
22	27559	46
22	27560	46
22	27561	44
22	27562	44
22	27563	44
22	27564	44
22	27565	44
22	27566	44
22	27567	44
22	27568	44
22	27569	44
22	27570	45
22	27571	35
22	27572	35
22	27573	35
22	27574	35
22	27575	35
22	27576	35
22	27577	35
22	27578	37
22	27579	37
22	27580	37
22	27581	37
22	27582	37
22	27583	37
22	27584	38
22	27585	38
22	27586	39
22	27587	39
22	27588	39
22	27589	39
22	27590	39
22	27591	39
22	27592	41
22	27593	39
22	27594	39
22	27595	39
22	27596	39
22	27597	39
22	27598	39
22	27599	40
22	27600	40
22	27601	42
22	27602	41
22	27603	41
22	27604	41
22	27605	41
22	27606	41
22	27607	41
22	27608	41
22	27609	41
22	27610	35
22	27611	34
22	27612	35
22	27613	35
22	27614	35
22	27615	35
22	27616	35
22	27617	35
22	27618	35
22	27619	35
22	27620	34
22	27621	37
22	27622	37
22	27623	37
22	27624	37
22	27625	37
22	27626	37
22	27627	40
22	27628	40
22	27629	40
22	27630	43
22	27631	38
22	27632	38
22	27633	38
22	27634	38
22	27635	38
22	27636	38
22	27637	38
22	27638	38
22	27639	38
22	27640	39
22	27641	36
22	27642	36
22	27643	41
22	27644	41
22	27645	43
22	27646	43
22	27647	43
22	27648	43
22	27649	43
22	27650	44
22	27651	44
22	27652	43
22	27653	43
22	27654	43
22	27655	42
22	27656	42
22	27657	42
22	27658	42
22	27659	43
22	27660	43
22	27661	43
22	27662	43
22	27663	42
22	27664	42
22	27665	42
22	27666	42
22	27667	42
22	27668	42
22	27669	41
22	27670	41
22	27671	41
22	27672	43
22	27673	43
22	27674	43
22	27675	44
22	27676	47
22	27677	47
22	27678	47
22	27679	46
22	27680	46
22	27681	45
22	27682	46
22	27683	45
22	27684	45
22	27685	50
22	27686	50
22	27687	50
22	27688	50
22	27689	50
22	27690	50
22	27691	51
22	27692	51
22	27693	51
22	27694	47
22	27695	47
22	27696	48
22	27697	48
22	27698	49
22	27699	49
22	27700	49
22	27701	49
22	27702	50
22	27703	50
22	27704	50
22	27705	50
22	27706	50
22	27707	50
22	27708	50
22	27709	50
22	27710	50
22	27711	50
22	27712	50
22	27713	50
22	27714	50
22	27715	50
22	27716	49
22	27717	49
22	27718	49
22	27719	48
22	27720	48
22	27721	48
22	27722	48
22	27723	49
22	27724	49
22	27725	49
22	27726	47
22	27727	46
22	27728	46
22	27729	46
22	27730	46
22	27731	46
22	27732	46
22	27733	46
22	27734	45
22	27735	45
22	27736	44
22	27737	44
22	27738	44
22	27739	42
22	27740	42
22	27741	42
22	27742	43
22	27743	43
22	27744	43
22	27745	43
22	27746	43
22	27747	43
22	27748	42
22	27749	42
22	27750	42
22	27751	40
22	27752	40
22	27753	40
22	27754	40
22	27755	40
22	27756	40
22	27757	40
22	27758	40
22	27759	40
22	27760	41
22	27761	43
22	27762	42
22	27763	43
22	27764	43
22	27765	43
22	27766	43
22	27767	43
22	27768	45
22	27769	42
22	27770	42
22	27771	42
22	27772	42
22	27773	42
22	27774	42
22	27775	42
22	27776	42
22	27777	39
22	27778	39
22	27779	37
22	27780	37
22	27781	37
22	27782	37
22	27783	37
22	27784	37
22	27785	37
22	27786	38
22	27787	36
22	27788	38
22	27789	38
22	27790	37
22	27791	38
22	27792	38
22	27793	33
22	27794	34
22	27795	31
22	27796	31
22	27797	31
22	27798	31
22	27799	30
22	27800	31
22	27801	31
22	27802	32
22	27803	32
22	27804	32
22	27805	32
22	27806	32
22	27807	32
22	27808	32
22	27809	30
22	27810	30
22	27811	30
22	27812	30
22	27813	29
22	27814	29
22	27815	30
22	27816	30
22	27817	31
22	27818	31
22	27819	32
22	27820	31
22	27821	31
22	27822	30
22	27823	30
22	27824	30
22	27825	30
22	27826	27
22	27827	27
22	27828	27
22	27829	27
22	27830	27
22	27831	26
22	27832	27
22	27833	30
22	27834	32
22	27835	27
22	27836	27
22	27837	27
22	27838	27
22	27839	28
22	27840	28
22	27841	27
22	27842	27
22	27843	27
22	27844	27
22	27845	27
22	27846	25
22	27847	25
22	27848	25
22	27849	25
22	27850	25
22	27851	26
22	27852	25
22	27853	25
22	27854	26
22	27855	26
22	27856	26
22	27857	26
22	27858	26
22	27859	26
22	27860	26
22	27861	26
22	27862	27
22	27863	27
22	27864	27
22	27865	27
22	27866	27
22	27867	27
22	27868	27
22	27869	27
22	27870	27
22	27871	30
22	27872	30
22	27873	29
22	27874	29
22	27875	29
22	27876	29
22	27877	29
22	27878	29
22	27879	29
22	27880	29
22	27881	29
22	27882	29
22	27883	30
22	27884	30
22	27885	30
22	27886	30
22	27887	30
22	27888	30
22	27889	30
22	27890	30
22	27891	30
22	27892	29
22	27893	29
22	27894	29
22	27895	29
22	27896	29
22	27897	31
22	27898	31
22	27899	32
22	27900	32
22	27901	34
22	27902	34
22	27903	34
22	27904	34
22	27905	34
22	27906	34
22	27907	34
22	27908	34
22	27909	34
22	27910	31
22	27911	33
22	27912	33
22	27913	32
22	27914	32
22	27915	32
22	27916	32
22	27917	32
22	27918	30
22	27919	30
22	27920	30
22	27921	30
22	27922	30
22	27923	30
22	27924	30
22	27925	30
22	27926	30
22	27927	30
22	27928	30
22	27929	30
22	27930	29
22	27931	29
22	27932	29
22	27933	29
22	27934	29
22	27935	30
22	27936	29
22	27937	29
22	27938	29
22	27939	29
22	27940	31
22	27941	30
22	27942	30
22	27943	30
22	27944	29
22	27945	29
22	27946	29
22	27947	29
22	27948	29
22	27949	28
22	27950	28
22	27951	28
22	27952	27
22	27953	29
22	27954	30
22	27955	30
22	27956	32
22	27957	32
22	27958	32
22	27959	32
22	27960	32
22	27961	33
22	27962	33
22	27963	33
22	27964	32
22	27965	32
22	27966	31
22	27967	31
22	27968	31
22	27969	30
22	27970	30
22	27971	29
22	27972	30
22	27973	30
22	27974	30
22	27975	30
22	27976	30
22	27977	30
22	27978	30
22	27979	30
22	27980	30
22	27981	30
22	27982	29
22	27983	26
22	27984	24
22	27985	24
22	27986	24
22	27987	25
22	27988	25
22	27989	24
22	27990	24
22	27991	24
22	27992	24
22	27993	24
22	27994	24
22	27995	24
22	27996	24
22	27997	24
22	27998	24
22	27999	24
22	28000	23
22	28001	23
22	28002	23
22	28003	22
22	28004	22
22	28005	22
22	28006	22
22	28007	23
22	28008	23
22	28009	23
22	28010	23
22	28011	22
22	28012	22
22	28013	22
22	28014	22
22	28015	22
22	28016	22
22	28017	22
22	28018	22
22	28019	22
22	28020	22
22	28021	19
22	28022	19
22	28023	19
22	28024	19
22	28025	19
22	28026	19
22	28027	19
22	28028	19
22	28029	19
22	28030	19
22	28031	19
22	28032	19
22	28033	18
22	28034	18
22	28035	18
22	28036	18
22	28037	18
22	28038	18
22	28039	18
22	28040	18
22	28041	18
22	28042	18
22	28043	18
22	28044	18
22	28045	18
22	28046	18
22	28047	18
22	28048	18
22	28049	17
22	28050	17
22	28051	15
22	28052	15
22	28053	15
22	28054	15
22	28055	15
22	28056	15
22	28057	15
22	28058	15
22	28059	15
22	28060	14
22	28061	14
22	28062	13
22	28063	13
22	28064	13
22	28065	13
22	28066	13
22	28067	13
22	28068	13
22	28069	13
22	28070	13
22	28071	14
22	28072	14
22	28073	14
22	28074	14
22	28075	14
22	28076	14
22	28077	14
22	28078	14
22	28079	14
22	28080	14
22	28081	14
22	28082	14
22	28083	14
22	28084	14
22	28085	13
22	28086	13
22	28087	14
22	28088	14
22	28089	14
22	28090	12
22	28091	12
22	28092	13
22	28093	13
22	28094	13
22	28095	13
22	28096	13
22	28097	13
22	28098	13
22	28099	13
22	28100	13
22	28101	12
22	28102	13
22	28103	11
22	28104	11
22	28105	10
22	28106	9
22	28107	9
22	28108	9
22	28109	9
22	28110	9
22	28111	8
22	28112	8
22	28113	8
22	28114	8
22	28115	8
22	28116	8
22	28117	8
22	28118	8
22	28119	8
22	28120	9
22	28121	9
22	28122	9
22	28123	9
22	28124	9
22	28125	9
22	28126	9
22	28127	9
22	28128	9
22	28129	9
22	28130	9
22	28131	9
22	28132	9
22	28133	9
22	28134	9
22	28135	8
22	28136	8
22	28137	10
22	28138	12
22	28139	12
22	28140	12
22	28141	12
22	28142	12
22	28143	12
22	28144	12
22	28145	12
22	28146	12
22	28147	12
22	28148	10
22	28149	10
22	28150	10
22	28151	10
22	28152	10
22	28153	10
22	28154	10
22	28155	10
22	28156	10
22	28157	9
22	28158	9
22	28159	9
22	28160	9
22	28161	9
22	28162	9
22	28163	9
22	28164	9
22	28165	9
22	28166	9
22	28167	9
22	28168	9
22	28169	9
22	28170	9
22	28171	9
22	28172	9
22	28173	9
22	28174	9
22	28175	9
22	28176	9
22	28177	9
22	28178	9
22	28179	9
22	28180	9
22	28181	9
22	28182	9
22	28183	9
22	28184	9
22	28185	9
22	28186	9
22	28187	9
22	28188	9
22	28189	9
22	28190	9
22	28191	9
22	28192	9
22	28193	9
22	28194	9
22	28195	9
22	28196	9
22	28197	9
22	28198	9
22	28199	9
22	28200	9
22	28201	9
22	28202	9
22	28203	9
22	28204	9
22	28205	9
22	28206	9
22	28207	9
22	28208	9
22	28209	9
22	28210	9
22	28211	9
22	28212	9
22	28213	9
22	28214	9
22	28215	9
22	28216	9
22	28217	9
22	28218	9
22	28219	9
22	28220	9
22	28221	8
22	28222	8
22	28223	8
22	28224	8
22	28225	8
22	28226	8
22	28227	8
22	28228	8
22	28229	8
22	28230	8
22	28231	8
22	28232	7
22	28233	7
22	28234	7
22	28235	7
22	28236	7
22	28237	7
22	28238	6
22	28239	6
22	28240	6
22	28241	6
22	28242	6
22	28243	6
22	28244	6
22	28245	6
22	28246	6
22	28247	5
22	28248	5
22	28249	5
22	28250	5
22	28251	5
22	28252	5
22	28253	5
22	28254	5
22	28255	5
22	28256	5
22	28257	5
22	28258	5
22	28259	5
22	28260	6
22	28261	6
22	28262	6
22	28263	6
22	28264	6
22	28265	6
22	28266	6
22	28267	7
22	28268	7
22	28269	6
22	28270	6
22	28271	6
22	28272	7
22	28273	7
22	28274	7
22	28275	7
22	28276	7
22	28277	7
22	28278	7
22	28279	7
22	28280	7
22	28281	7
22	28282	7
22	28283	7
22	28284	5
22	28285	5
22	28286	3
22	28287	3
22	28288	3
22	28289	3
22	28290	3
22	28291	3
22	28292	3
22	28293	3
22	28294	3
22	28295	3
22	28296	4
22	28297	5
22	28298	5
22	28299	5
22	28300	5
22	28301	6
22	28302	6
22	28303	6
22	28304	6
22	28305	6
22	28306	6
22	28307	10
22	28308	10
22	28309	10
22	28310	10
22	28311	10
22	28312	10
22	28313	10
22	28314	11
22	28315	11
22	28316	11
22	28317	11
22	28318	11
22	28319	11
22	28320	11
22	28321	11
22	28322	12
22	28323	12
22	28324	13
22	28325	13
22	28326	13
22	28327	13
22	28328	13
22	28329	14
22	28330	14
22	28331	14
22	28332	16
22	28333	16
22	28334	16
22	28335	17
22	28336	17
22	28337	17
22	28338	17
22	28339	17
22	28340	18
22	28341	18
22	28342	18
22	28343	18
22	28344	18
22	28345	18
22	28346	18
22	28347	18
22	28348	19
22	28349	19
22	28350	19
22	28351	19
22	28352	19
22	28353	19
22	28354	19
22	28355	19
22	28356	19
22	28357	19
22	28358	20
22	28359	20
22	28360	20
22	28361	20
22	28362	20
22	28363	20
22	28364	20
22	28365	20
22	28366	20
22	28367	20
22	28368	20
22	28369	20
22	28370	20
22	28371	20
22	28372	20
22	28373	20
22	28374	20
22	28375	20
22	28376	20
22	28377	20
22	28378	20
22	28379	20
22	28380	20
22	28381	20
22	28382	20
22	28383	21
22	28384	21
22	28385	21
22	28386	21
22	28387	21
22	28388	21
22	28389	21
22	28390	21
22	28391	21
22	28392	21
22	28393	21
22	28394	21
22	28395	21
22	28396	21
22	28397	21
22	28398	21
22	28399	21
22	28400	21
22	28401	21
22	28402	21
22	28403	21
22	28404	21
22	28405	21
22	28406	21
22	28407	21
22	28408	21
22	28409	21
22	28410	20
22	28411	20
22	28412	20
22	28413	21
22	28414	21
22	28415	21
22	28416	21
22	28417	20
22	28418	20
22	28419	20
22	28420	20
22	28421	19
22	28422	19
22	28423	20
22	28424	20
22	28425	20
22	28426	20
22	28427	20
22	28428	20
22	28429	20
22	28430	20
22	28431	20
22	28432	25
22	28433	25
22	28434	25
22	28435	25
22	28436	25
22	28437	25
22	28438	25
22	28439	25
22	28440	25
22	28441	25
22	28442	25
22	28443	26
22	28444	26
22	28445	26
22	28446	25
22	28447	23
22	28448	23
22	28449	23
22	28450	23
22	28451	22
22	28452	23
22	28453	23
22	28454	23
22	28455	23
22	28456	21
22	28457	21
22	28458	21
22	28459	22
22	28460	22
22	28461	22
22	28462	21
22	28463	21
22	28464	22
22	28465	22
22	28466	22
22	28467	22
22	28468	23
22	28469	23
22	28470	23
22	28471	22
22	28472	22
22	28473	23
22	28474	22
22	28475	22
22	28476	22
22	28477	22
22	28478	23
22	28479	22
22	28480	22
22	28481	20
22	28482	21
22	28483	21
22	28484	21
22	28485	20
22	28486	20
22	28487	20
22	28488	20
22	28489	20
22	28490	19
22	28491	19
22	28492	19
22	28493	19
22	28494	19
22	28495	19
22	28496	20
22	28497	20
22	28498	19
22	28499	19
22	28500	19
22	28501	19
22	28502	19
22	28503	19
22	28504	19
22	28505	19
22	28506	19
22	28507	18
22	28508	18
22	28509	18
22	28510	18
22	28511	18
22	28512	18
22	28513	18
22	28514	19
22	28515	19
22	28516	20
22	28517	20
22	28518	20
22	28519	20
22	28520	20
22	28521	20
22	28522	20
22	28523	20
22	28524	20
22	28525	20
22	28526	20
22	28527	20
22	28528	20
22	28529	20
22	28530	20
22	28531	20
22	28532	20
22	28533	19
22	28534	18
22	28535	19
22	28536	19
22	28537	19
22	28538	19
22	28539	19
22	28540	19
22	28541	19
22	28542	19
22	28543	19
22	28544	20
22	28545	20
22	28546	20
22	28547	20
22	28548	20
22	28549	21
22	28550	21
22	28551	21
22	28552	22
22	28553	22
22	28554	23
22	28555	23
22	28556	24
22	28557	24
22	28558	24
22	28559	24
22	28560	24
22	28561	24
22	28562	24
22	28563	23
22	28564	24
22	28565	24
22	28566	24
22	28567	24
22	28568	24
22	28569	25
22	28570	25
22	28571	25
22	28572	25
22	28573	25
22	28574	28
22	28575	28
22	28576	28
22	28577	28
22	28578	29
22	28579	29
22	28580	29
22	28581	29
22	28582	24
22	28583	25
22	28584	24
22	28585	24
22	28586	24
22	28587	24
22	28588	24
22	28589	24
22	28590	24
22	28591	24
22	28592	23
22	28593	23
22	28594	23
22	28595	23
22	28596	23
22	28597	23
22	28598	23
22	28599	23
22	28600	23
22	28601	22
22	28602	22
22	28603	22
22	28604	22
22	28605	22
22	28606	23
22	28607	24
22	28608	24
22	28609	23
22	28610	23
22	28611	23
22	28612	23
22	28613	23
22	28614	22
22	28615	23
22	28616	23
22	28617	22
22	28618	22
22	28619	22
22	28620	23
22	28621	23
22	28622	23
22	28623	22
22	28624	23
22	28625	23
22	28626	23
22	28627	23
22	28628	23
22	28629	22
22	28630	22
22	28631	22
22	28632	21
22	28633	21
22	28634	21
22	28635	21
22	28636	21
22	28637	21
22	28638	21
22	28639	21
22	28640	21
22	28641	21
22	28642	21
22	28643	21
22	28644	21
22	28645	21
22	28646	20
22	28647	20
22	28648	21
22	28649	21
22	28650	21
22	28651	21
22	28652	21
22	28653	21
22	28654	21
22	28655	21
22	28656	21
22	28657	22
22	28658	22
22	28659	22
22	28660	22
22	28661	22
22	28662	22
22	28663	22
22	28664	21
22	28665	20
22	28666	22
22	28667	22
22	28668	21
22	28669	21
22	28670	22
22	28671	22
22	28672	22
22	28673	22
22	28674	22
22	28675	22
22	28676	22
22	28677	22
22	28678	22
22	28679	23
22	28680	23
22	28681	23
22	28682	23
22	28683	23
22	28684	23
22	28685	24
22	28686	24
22	28687	24
22	28688	24
22	28689	24
22	28690	24
22	28691	25
22	28692	25
22	28693	25
22	28694	24
22	28695	24
22	28696	24
22	28697	24
22	28698	23
22	28699	24
22	28700	24
22	28701	24
22	28702	23
22	28703	23
22	28704	26
22	28705	26
22	28706	25
22	28707	25
22	28708	25
22	28709	25
22	28710	25
22	28711	25
22	28712	26
22	28713	26
22	28714	26
22	28715	26
22	28716	25
22	28717	25
22	28718	25
22	28719	24
22	28720	24
22	28721	24
22	28722	25
22	28723	25
22	28724	23
22	28725	23
22	28726	23
22	28727	23
22	28728	23
22	28729	23
22	28730	23
22	28731	26
22	28732	26
22	28733	25
22	28734	25
22	28735	26
22	28736	26
22	28737	26
22	28738	26
22	28739	26
22	28740	26
22	28741	26
22	28742	26
22	28743	26
22	28744	26
22	28745	26
22	28746	26
22	28747	30
22	28748	30
22	28749	30
22	28750	30
22	28751	30
22	28752	30
22	28753	31
22	28754	31
22	28755	31
22	28756	29
22	28757	29
22	28758	29
22	28759	29
22	28760	30
22	28761	30
22	28762	30
22	28763	30
22	28764	30
22	28765	30
22	28766	30
22	28767	30
22	28768	30
22	28769	29
22	28770	29
22	28771	29
22	28772	29
22	28773	29
22	28774	28
22	28775	28
22	28776	28
22	28777	28
22	28778	28
22	28779	28
22	28780	28
22	28781	28
22	28782	28
22	28783	28
22	28784	29
22	28785	29
22	28786	29
22	28787	31
22	28788	31
22	28789	31
22	28790	31
22	28791	33
22	28792	33
22	28793	35
22	28794	35
22	28795	35
22	28796	35
22	28797	35
22	28798	35
22	28799	35
22	28800	35
22	28801	35
22	28802	35
22	28803	35
22	28804	35
22	28805	35
22	28806	35
22	28807	34
22	28808	34
22	28809	34
22	28810	34
22	28811	34
22	28812	34
22	28813	34
22	28814	34
22	28815	34
22	28816	32
22	28817	32
22	28818	32
22	28819	31
22	28820	31
22	28821	31
22	28822	31
22	28823	31
22	28824	31
22	28825	33
22	28826	33
22	28827	33
22	28828	33
22	28829	32
22	28830	32
22	28831	32
22	28832	33
22	28833	33
22	28834	34
22	28835	34
22	28836	34
22	28837	34
22	28838	34
22	28839	34
22	28840	34
22	28841	33
22	28842	32
22	28843	32
22	28844	32
22	28845	32
22	28846	32
22	28847	32
22	28848	32
22	28849	33
22	28850	33
22	28851	33
22	28852	33
22	28853	33
22	28854	30
22	28855	30
22	28856	30
22	28857	30
22	28858	30
22	28859	30
22	28860	30
22	28861	30
22	28862	29
22	28863	29
22	28864	29
22	28865	29
22	28866	29
22	28867	29
22	28868	29
22	28869	28
22	28870	28
22	28871	28
22	28872	28
22	28873	29
22	28874	29
22	28875	31
22	28876	31
22	28877	31
22	28878	30
22	28879	30
22	28880	29
22	28881	27
22	28882	27
22	28883	27
22	28884	27
22	28885	26
22	28886	26
22	28887	27
22	28888	27
22	28889	27
22	28890	27
22	28891	27
22	28892	27
22	28893	27
22	28894	27
22	28895	27
22	28896	23
22	28897	23
22	28898	23
22	28899	23
22	28900	23
22	28901	23
22	28902	23
22	28903	25
22	28904	26
22	28905	26
22	28906	26
22	28907	26
22	28908	27
22	28909	26
22	28910	26
22	28911	26
22	28912	26
22	28913	26
22	28914	26
22	28915	25
22	28916	26
22	28917	26
22	28918	25
22	28919	25
22	28920	25
22	28921	25
22	28922	25
22	28923	26
22	28924	26
22	28925	26
22	28926	26
22	28927	26
22	28928	26
22	28929	27
22	28930	27
22	28931	27
22	28932	27
22	28933	27
22	28934	26
22	28935	26
22	28936	26
22	28937	24
22	28938	24
22	28939	24
22	28940	24
22	28941	22
22	28942	22
22	28943	20
22	28944	20
22	28945	20
22	28946	20
22	28947	19
22	28948	19
22	28949	19
22	28950	19
22	28951	19
22	28952	19
22	28953	19
22	28954	19
22	28955	19
22	28956	19
22	28957	19
22	28958	19
22	28959	19
22	28960	19
22	28961	19
22	28962	19
22	28963	19
22	28964	19
22	28965	19
22	28966	19
22	28967	19
22	28968	19
22	28969	19
22	28970	19
22	28971	19
22	28972	19
22	28973	19
22	28974	19
22	28975	17
22	28976	18
22	28977	18
22	28978	18
22	28979	18
22	28980	18
22	28981	18
22	28982	18
22	28983	18
22	28984	17
22	28985	17
22	28986	17
22	28987	17
22	28988	17
22	28989	17
22	28990	17
22	28991	17
22	28992	17
22	28993	18
22	28994	18
22	28995	18
22	28996	18
22	28997	18
22	28998	18
22	28999	17
22	29000	17
22	29001	17
22	29002	17
22	29003	17
22	29004	16
22	29005	16
22	29006	16
22	29007	16
22	29008	16
22	29009	16
22	29010	16
22	29011	16
22	29012	16
22	29013	16
22	29014	16
22	29015	20
22	29016	19
22	29017	19
22	29018	19
22	29019	19
22	29020	19
22	29021	19
22	29022	19
22	29023	19
22	29024	17
22	29025	17
22	29026	17
22	29027	17
22	29028	17
22	29029	17
22	29030	17
22	29031	17
22	29032	17
22	29033	17
22	29034	17
22	29035	16
22	29036	16
22	29037	15
22	29038	16
22	29039	16
22	29040	16
22	29041	16
22	29042	16
22	29043	16
22	29044	16
22	29045	16
22	29046	16
22	29047	17
22	29048	16
22	29049	20
22	29050	20
22	29051	19
22	29052	17
22	29053	17
22	29054	17
22	29055	17
22	29056	17
22	29057	16
22	29058	15
22	29059	15
22	29060	15
22	29061	15
22	29062	16
22	29063	16
22	29064	16
22	29065	16
22	29066	15
22	29067	15
22	29068	15
22	29069	15
22	29070	16
22	29071	16
22	29072	16
22	29073	16
22	29074	16
22	29075	17
22	29076	17
22	29077	17
22	29078	17
22	29079	16
22	29080	16
22	29081	17
22	29082	17
22	29083	17
22	29084	17
22	29085	17
22	29086	17
22	29087	17
22	29088	17
22	29089	17
22	29090	17
22	29091	16
22	29092	16
22	29093	17
22	29094	17
22	29095	17
22	29096	17
22	29097	17
22	29098	18
22	29099	18
22	29100	19
22	29101	19
22	29102	19
22	29103	19
22	29104	19
22	29105	19
22	29106	19
22	29107	20
22	29108	20
22	29109	20
22	29110	20
22	29111	20
22	29112	20
22	29113	20
22	29114	20
22	29115	21
22	29116	21
22	29117	21
22	29118	22
22	29119	22
22	29120	22
22	29121	22
22	29122	22
22	29123	21
22	29124	21
22	29125	17
22	29126	17
22	29127	17
22	29128	17
22	29129	17
22	29130	17
22	29131	17
22	29132	17
22	29133	17
22	29134	17
22	29135	17
22	29136	17
22	29137	17
22	29138	17
22	29139	17
22	29140	17
22	29141	17
22	29142	19
22	29143	19
22	29144	19
22	29145	19
22	29146	19
22	29147	19
22	29148	19
22	29149	19
22	29150	19
22	29151	19
22	29152	20
22	29153	20
22	29154	20
22	29155	20
22	29156	21
22	29157	21
22	29158	21
22	29159	21
22	29160	21
22	29161	21
22	29162	21
22	29163	21
22	29164	21
22	29165	21
22	29166	21
22	29167	21
22	29168	21
22	29169	21
22	29170	21
22	29171	21
22	29172	21
22	29173	21
22	29174	22
22	29175	22
22	29176	22
22	29177	22
22	29178	22
22	29179	22
22	29180	23
22	29181	23
22	29182	25
22	29183	25
22	29184	25
22	29185	25
22	29186	25
22	29187	27
22	29188	27
22	29189	27
22	29190	27
22	29191	26
22	29192	26
22	29193	26
22	29194	26
22	29195	26
22	29196	26
22	29197	25
22	29198	25
22	29199	21
22	29200	22
22	29201	22
22	29202	21
22	29203	21
22	29204	21
22	29205	21
22	29206	21
22	29207	21
22	29208	21
22	29209	21
22	29210	21
22	29211	21
22	29212	20
22	29213	20
22	29214	20
22	29215	20
22	29216	20
22	29217	20
22	29218	20
22	29219	19
22	29220	19
22	29221	19
22	29222	19
22	29223	20
22	29224	20
22	29225	19
22	29226	19
22	29227	19
22	29228	19
22	29229	19
22	29230	18
22	29231	18
22	29232	18
22	29233	18
22	29234	18
22	29235	18
22	29236	18
22	29237	18
22	29238	18
22	29239	18
22	29240	18
22	29241	18
22	29242	18
22	29243	17
22	29244	17
22	29245	17
22	29246	17
22	29247	17
22	29248	15
22	29249	15
22	29250	18
22	29251	18
22	29252	20
22	29253	20
22	29254	21
22	29255	22
22	29256	22
22	29257	21
22	29258	21
22	29259	21
22	29260	21
22	29261	22
22	29262	23
22	29263	23
22	29264	23
22	29265	22
22	29266	22
22	29267	22
22	29268	21
22	29269	21
22	29270	21
22	29271	21
22	29272	21
22	29273	21
22	29274	21
22	29275	21
22	29276	21
22	29277	21
22	29278	21
22	29279	21
22	29280	21
22	29281	21
22	29282	21
22	29283	23
22	29284	23
22	29285	23
22	29286	23
22	29287	23
22	29288	23
22	29289	21
22	29290	21
22	29291	21
22	29292	21
22	29293	22
22	29294	22
22	29295	22
22	29296	22
22	29297	22
22	29298	22
22	29299	22
22	29300	22
22	29301	22
22	29302	21
22	29303	21
22	29304	23
22	29305	22
22	29306	22
22	29307	22
22	29308	22
22	29309	22
22	29310	22
22	29311	22
22	29312	22
22	29313	22
22	29314	22
22	29315	22
22	29316	22
22	29317	22
22	29318	22
22	29319	22
22	29320	22
22	29321	23
22	29322	23
22	29323	23
22	29324	22
22	29325	22
22	29326	22
22	29327	22
22	29328	22
22	29329	22
22	29330	21
22	29331	21
22	29332	19
22	29333	19
22	29334	19
22	29335	21
22	29336	21
22	29337	19
22	29338	19
22	29339	19
22	29340	19
22	29341	21
22	29342	21
22	29343	21
22	29344	21
22	29345	21
22	29346	21
22	29347	21
22	29348	22
22	29349	22
22	29350	21
22	29351	21
22	29352	21
22	29353	21
22	29354	21
22	29355	21
22	29356	21
22	29357	21
22	29358	21
22	29359	21
22	29360	21
22	29361	21
22	29362	21
22	29363	21
22	29364	21
22	29365	21
22	29366	21
22	29367	21
22	29368	21
22	29369	22
22	29370	22
22	29371	25
22	29372	24
22	29373	24
22	29374	24
22	29375	24
22	29376	24
22	29377	24
22	29378	24
22	29379	24
22	29380	24
22	29381	24
22	29382	24
22	29383	24
22	29384	24
22	29385	24
22	29386	24
22	29387	24
22	29388	24
22	29389	24
22	29390	24
22	29391	24
22	29392	24
22	29393	24
22	29394	24
22	29395	24
22	29396	24
22	29397	24
22	29398	24
22	29399	22
22	29400	20
22	29401	20
22	29402	20
22	29403	20
22	29404	20
22	29405	19
22	29406	19
22	29407	19
22	29408	19
22	29409	20
22	29410	20
22	29411	19
22	29412	19
22	29413	19
22	29414	19
22	29415	19
22	29416	19
22	29417	19
22	29418	19
22	29419	19
22	29420	19
22	29421	19
22	29422	19
22	29423	19
22	29424	19
22	29425	19
22	29426	19
22	29427	19
22	29428	19
22	29429	19
22	29430	19
22	29431	19
22	29432	19
22	29433	17
22	29434	19
22	29435	19
22	29436	19
22	29437	19
22	29438	19
22	29439	19
22	29440	19
22	29441	19
22	29442	19
22	29443	19
22	29444	19
22	29445	19
22	29446	19
22	29447	19
22	29448	19
22	29449	19
22	29450	19
22	29451	20
22	29452	20
22	29453	21
22	29454	19
22	29455	21
22	29456	21
22	29457	21
22	29458	21
22	29459	21
22	29460	21
22	29461	23
22	29462	23
22	29463	23
22	29464	23
22	29465	23
22	29466	23
22	29467	23
22	29468	23
22	29469	23
22	29470	22
22	29471	23
22	29472	23
22	29473	23
22	29474	23
22	29475	25
22	29476	25
22	29477	25
22	29478	25
22	29479	24
22	29480	24
22	29481	24
22	29482	24
22	29483	24
22	29484	22
22	29485	22
22	29486	23
22	29487	23
22	29488	23
22	29489	23
22	29490	23
22	29491	21
22	29492	21
22	29493	21
22	29494	21
22	29495	21
22	29496	21
22	29497	21
22	29498	20
22	29499	20
22	29500	20
22	29501	20
22	29502	21
22	29503	21
22	29504	21
22	29505	21
22	29506	21
22	29507	21
22	29508	21
22	29509	21
22	29510	21
22	29511	21
22	29512	21
22	29513	21
22	29514	21
22	29515	21
22	29516	21
22	29517	21
22	29518	20
22	29519	20
22	29520	19
22	29521	17
22	29522	17
22	29523	18
22	29524	18
22	29525	18
22	29526	18
22	29527	18
22	29528	19
22	29529	19
22	29530	19
22	29531	19
22	29532	19
22	29533	19
22	29534	19
22	29535	19
22	29536	19
22	29537	19
22	29538	18
22	29539	19
22	29540	19
22	29541	19
22	29542	19
22	29543	19
22	29544	18
22	29545	18
22	29546	18
22	29547	18
22	29548	18
22	29549	18
22	29550	18
22	29551	18
22	29552	18
22	29553	18
22	29554	18
22	29555	18
22	29556	18
22	29557	18
22	29558	18
22	29559	18
22	29560	18
22	29561	18
22	29562	18
22	29563	18
22	29564	18
22	29565	18
22	29566	18
22	29567	18
22	29568	18
22	29569	18
22	29570	18
22	29571	18
22	29572	18
22	29573	18
22	29574	18
22	29575	18
22	29576	18
22	29577	18
22	29578	18
22	29579	18
22	29580	16
22	29581	16
22	29582	15
22	29583	15
22	29584	15
22	29585	15
22	29586	15
22	29587	15
22	29588	15
22	29589	15
22	29590	15
22	29591	13
22	29592	13
22	29593	13
22	29594	13
22	29595	13
22	29596	11
22	29597	11
22	29598	11
22	29599	11
22	29600	11
22	29601	11
22	29602	11
22	29603	10
22	29604	10
22	29605	10
22	29606	10
22	29607	10
22	29608	10
22	29609	10
22	29610	10
22	29611	8
22	29612	8
22	29613	8
22	29614	8
22	29615	8
22	29616	8
22	29617	8
22	29618	8
22	29619	8
22	29620	8
22	29621	7
22	29622	7
22	29623	7
22	29624	5
22	29625	5
22	29626	5
22	29627	5
22	29628	5
22	29629	5
22	29630	5
22	29631	5
22	29632	5
22	29633	5
22	29634	5
22	29635	5
22	29636	4
22	29637	4
22	29638	4
22	29639	4
22	29640	4
22	29641	5
22	29642	5
22	29643	10
22	29644	10
22	29645	10
22	29646	10
22	29647	10
22	29648	9
22	29649	9
22	29650	9
22	29651	9
22	29652	9
22	29653	9
22	29654	9
22	29655	9
22	29656	9
22	29657	9
22	29658	9
22	29659	10
22	29660	10
22	29661	10
22	29662	10
22	29663	10
22	29664	10
22	29665	10
22	29666	10
22	29667	10
22	29668	10
22	29669	10
22	29670	10
22	29671	10
22	29672	10
22	29673	10
22	29674	10
22	29675	10
22	29676	10
22	29677	12
22	29678	11
22	29679	11
22	29680	11
22	29681	11
22	29682	11
22	29683	11
22	29684	11
22	29685	11
22	29686	10
22	29687	10
22	29688	10
22	29689	10
22	29690	10
22	29691	10
22	29692	10
22	29693	9
22	29694	9
22	29695	9
22	29696	9
22	29697	9
22	29698	9
22	29699	9
22	29700	9
22	29701	9
22	29702	9
22	29703	9
22	29704	9
22	29705	9
22	29706	10
22	29707	10
22	29708	10
22	29709	10
22	29710	10
22	29711	10
22	29712	10
22	29713	10
22	29714	10
22	29715	10
22	29716	10
22	29717	10
22	29718	10
22	29719	10
22	29720	10
22	29721	10
22	29722	10
22	29723	10
22	29724	10
22	29725	10
22	29726	10
22	29727	10
22	29728	10
22	29729	10
22	29730	10
22	29731	10
22	29732	10
22	29733	10
22	29734	10
22	29735	10
22	29736	10
22	29737	10
22	29738	10
22	29739	11
22	29740	12
22	29741	12
22	29742	12
22	29743	12
22	29744	12
22	29745	12
22	29746	12
22	29747	13
22	29748	13
22	29749	13
22	29750	13
22	29751	13
22	29752	13
22	29753	13
22	29754	13
22	29755	13
22	29756	13
22	29757	13
22	29758	13
22	29759	13
22	29760	13
22	29761	13
22	29762	13
22	29763	13
22	29764	14
22	29765	14
22	29766	14
22	29767	14
22	29768	14
22	29769	14
22	29770	15
22	29771	15
22	29772	15
22	29773	15
22	29774	15
22	29775	15
22	29776	15
22	29777	15
22	29778	15
22	29779	15
22	29780	15
22	29781	15
22	29782	15
22	29783	15
22	29784	15
22	29785	15
22	29786	15
22	29787	14
22	29788	14
22	29789	14
22	29790	14
22	29791	13
22	29792	13
22	29793	13
22	29794	13
22	29795	13
22	29796	13
22	29797	13
22	29798	12
22	29799	12
22	29800	12
22	29801	12
22	29802	12
22	29803	12
22	29804	12
22	29805	12
22	29806	12
22	29807	12
22	29808	12
22	29809	12
22	29810	12
22	29811	12
22	29812	12
22	29813	12
22	29814	12
22	29815	12
22	29816	12
22	29817	12
22	29818	12
22	29819	12
22	29820	12
22	29821	12
22	29822	12
22	29823	12
22	29824	12
22	29825	13
22	29826	11
22	29827	11
22	29828	11
22	29829	11
22	29830	11
22	29831	11
22	29832	11
22	29833	11
22	29834	11
22	29835	11
22	29836	11
22	29837	11
22	29838	15
22	29839	15
22	29840	15
22	29841	15
22	29842	17
22	29843	17
22	29844	17
22	29845	17
22	29846	18
22	29847	19
22	29848	21
22	29849	21
22	29850	21
22	29851	21
22	29852	21
22	29853	21
22	29854	21
22	29855	21
22	29856	21
22	29857	21
22	29858	23
22	29859	24
22	29860	24
22	29861	24
22	29862	24
22	29863	24
22	29864	24
22	29865	24
22	29866	24
22	29867	24
22	29868	24
22	29869	24
22	29870	24
22	29871	24
22	29872	25
22	29873	25
22	29874	25
22	29875	25
22	29876	25
22	29877	25
22	29878	25
22	29879	24
22	29880	25
22	29881	25
22	29882	25
22	29883	25
22	29884	25
22	29885	25
22	29886	25
22	29887	25
22	29888	24
22	29889	24
22	29890	24
22	29891	24
22	29892	24
22	29893	24
22	29894	24
22	29895	24
22	29896	23
22	29897	23
22	29898	23
22	29899	23
22	29900	23
22	29901	23
22	29902	23
22	29903	23
22	29904	23
22	29905	23
22	29906	23
22	29907	23
22	29908	23
22	29909	24
22	29910	23
22	29911	30
22	29912	31
22	29913	31
22	29914	31
22	29915	31
22	29916	31
22	29917	31
22	29918	31
22	29919	31
22	29920	29
22	29921	31
22	29922	31
22	29923	31
22	29924	31
22	29925	31
22	29926	31
22	29927	31
22	29928	31
22	29929	32
22	29930	31
22	29931	31
22	29932	31
22	29933	31
22	29934	31
22	29935	31
22	29936	30
22	29937	32
22	29938	32
22	29939	32
22	29940	33
22	29941	33
22	29942	33
22	29943	33
22	29944	33
22	29945	33
22	29946	33
22	29947	33
22	29948	33
22	29949	33
22	29950	33
22	29951	33
22	29952	33
22	29953	33
22	29954	33
22	29955	33
22	29956	33
22	29957	33
22	29958	34
22	29959	34
22	29960	34
22	29961	34
22	29962	35
22	29963	35
22	29964	35
22	29965	35
22	29966	35
22	29967	36
22	29968	36
22	29969	36
22	29970	36
22	29971	36
22	29972	36
22	29973	37
22	29974	37
22	29975	36
22	29976	36
22	29977	36
22	29978	37
22	29979	37
22	29980	37
22	29981	38
22	29982	38
22	29983	41
22	29984	42
22	29985	42
22	29986	42
22	29987	38
22	29988	41
22	29989	41
22	29990	41
22	29991	39
22	29992	39
22	29993	39
22	29994	40
22	29995	39
22	29996	38
22	29997	36
22	29998	39
22	29999	39
22	30000	39
22	30001	39
22	30002	39
22	30003	39
22	30004	39
22	30005	39
22	30006	39
22	30007	39
22	30008	37
22	30009	38
22	30010	37
22	30011	37
22	30012	37
22	30013	37
22	30014	37
22	30015	37
22	30016	37
22	30017	37
22	30018	37
22	30019	39
22	30020	42
22	30021	43
22	30022	42
22	30023	42
22	30024	42
22	30025	42
22	30026	42
22	30027	42
22	30028	42
22	30029	42
22	30030	44
22	30031	44
22	30032	44
22	30033	44
22	30034	44
22	30035	44
22	30036	44
22	30037	44
22	30038	44
22	30039	44
22	30040	44
22	30041	44
22	30042	44
22	30043	45
22	30044	45
22	30045	48
22	30046	48
22	30047	48
22	30048	48
22	30049	48
22	30050	48
22	30051	50
22	30052	50
22	30053	50
22	30054	50
22	30055	51
22	30056	51
22	30057	51
22	30058	51
22	30059	50
22	30060	50
22	30061	44
22	30062	43
22	30063	42
22	30064	42
22	30065	42
22	30066	42
22	30067	42
22	30068	42
22	30069	42
22	30070	42
22	30071	41
22	30072	41
22	30073	41
22	30074	41
22	30075	41
22	30076	41
22	30077	41
22	30078	43
22	30079	43
22	30080	43
22	30081	43
22	30082	43
22	30083	43
22	30084	43
22	30085	42
22	30086	40
22	30087	40
22	30088	40
22	30089	40
22	30090	41
22	30091	41
22	30092	41
22	30093	41
22	30094	41
22	30095	43
22	30096	43
22	30097	43
22	30098	43
22	30099	43
22	30100	43
22	30101	43
22	30102	43
22	30103	44
22	30104	44
22	30105	44
22	30106	45
22	30107	45
22	30108	45
22	30109	45
22	30110	44
22	30111	44
22	30112	44
22	30113	44
22	30114	44
22	30115	44
22	30116	43
22	30117	43
22	30118	43
22	30119	43
22	30120	43
22	30121	43
22	30122	43
22	30123	42
22	30124	42
22	30125	42
22	30126	42
22	30127	41
22	30128	41
22	30129	41
22	30130	41
22	30131	41
22	30132	38
22	30133	37
22	30134	37
22	30135	37
22	30136	37
22	30137	37
22	30138	36
22	30139	36
22	30140	37
22	30141	37
22	30142	37
22	30143	37
22	30144	37
22	30145	39
22	30146	39
22	30147	38
22	30148	35
22	30149	35
22	30150	37
22	30151	37
22	30152	37
22	30153	37
22	30154	37
22	30155	37
22	30156	37
22	30157	37
22	30158	37
22	30159	40
22	30160	40
22	30161	41
22	30162	41
22	30163	41
22	30164	41
22	30165	41
22	30166	42
22	30167	42
22	30168	40
22	30169	41
22	30170	41
22	30171	41
22	30172	41
22	30173	41
22	30174	41
22	30175	41
22	30176	41
22	30177	41
22	30178	41
22	30179	40
22	30180	40
22	30181	41
22	30182	41
22	30183	41
22	30184	41
22	30185	49
22	30186	50
22	30187	50
22	30188	49
22	30189	49
22	30190	49
22	30191	49
22	30192	50
22	30193	49
22	30194	46
22	30195	45
22	30196	45
22	30197	45
22	30198	45
22	30199	45
22	30200	45
22	30201	43
22	30202	43
22	30203	43
22	30204	43
22	30205	42
22	30206	42
22	30207	44
22	30208	44
22	30209	44
22	30210	44
22	30211	44
22	30212	44
22	30213	44
22	30214	44
22	30215	44
22	30216	44
22	30217	44
22	30218	46
22	30219	46
22	30220	46
22	30221	46
22	30222	46
22	30223	46
22	30224	47
22	30225	47
22	30226	47
22	30227	41
22	30228	41
22	30229	41
22	30230	41
22	30231	41
22	30232	41
22	30233	41
22	30234	41
22	30235	41
22	30236	41
22	30237	41
22	30238	41
22	30239	41
22	30240	40
22	30241	40
22	30242	40
22	30243	40
22	30244	41
22	30245	39
22	30246	39
22	30247	39
22	30248	39
22	30249	39
22	30250	39
22	30251	39
22	30252	35
22	30253	36
22	30254	36
22	30255	35
22	30256	35
22	30257	35
22	30258	35
22	30259	35
22	30260	35
22	30261	35
22	30262	35
22	30263	35
22	30264	35
22	30265	35
22	30266	35
22	30267	35
22	30268	35
22	30269	35
22	30270	36
22	30271	37
22	30272	37
22	30273	37
22	30274	37
22	30275	37
22	30276	37
22	30277	37
22	30278	37
22	30279	40
22	30280	40
22	30281	42
22	30282	42
22	30283	42
22	30284	42
22	30285	42
22	30286	42
22	30287	42
22	30288	40
22	30289	40
22	30290	38
22	30291	41
22	30292	41
22	30293	41
22	30294	41
22	30295	38
22	30296	38
22	30297	38
22	30298	38
22	30299	38
22	30300	32
22	30301	34
22	30302	34
22	30303	34
22	30304	34
22	30305	34
22	30306	36
22	30307	36
22	30308	36
22	30309	36
22	30310	36
22	30311	36
22	30312	36
22	30313	36
22	30314	36
22	30315	36
22	30316	35
22	30317	37
22	30318	37
22	30319	34
22	30320	34
22	30321	36
22	30322	36
22	30323	36
22	30324	37
22	30325	37
22	30326	39
22	30327	39
22	30328	39
22	30329	39
22	30330	38
22	30331	38
22	30332	38
22	30333	38
22	30334	35
22	30335	34
22	30336	33
22	30337	33
22	30338	33
22	30339	34
22	30340	34
22	30341	34
22	30342	33
22	30343	33
22	30344	33
22	30345	33
22	30346	33
22	30347	33
22	30348	33
22	30349	38
22	30350	38
22	30351	38
22	30352	38
22	30353	38
22	30354	41
22	30355	41
22	30356	39
22	30357	39
22	30358	39
22	30359	42
22	30360	42
22	30361	42
22	30362	42
22	30363	42
22	30364	43
22	30365	44
22	30366	44
22	30367	42
22	30368	42
22	30369	43
22	30370	43
22	30371	43
22	30372	43
22	30373	43
22	30374	42
22	30375	42
22	30376	42
22	30377	42
22	30378	42
22	30379	42
22	30380	42
22	30381	42
22	30382	42
22	30383	42
22	30384	42
22	30385	42
22	30386	42
22	30387	42
22	30388	43
22	30389	43
22	30390	43
22	30391	43
22	30392	43
22	30393	43
22	30394	42
22	30395	42
22	30396	42
22	30397	42
22	30398	43
22	30399	43
22	30400	43
22	30401	43
22	30402	43
22	30403	43
22	30404	44
22	30405	44
22	30406	44
22	30407	44
22	30408	44
22	30409	45
22	30410	45
22	30411	45
22	30412	45
22	30413	45
22	30414	46
22	30415	46
22	30416	47
22	30417	47
22	30418	47
22	30419	46
22	30420	46
22	30421	47
22	30422	47
22	30423	47
22	30424	47
22	30425	47
22	30426	47
22	30427	47
22	30428	45
22	30429	42
22	30430	42
22	30431	42
22	30432	42
22	30433	42
22	30434	42
22	30435	42
22	30436	42
22	30437	42
22	30438	44
22	30439	44
22	30440	44
22	30441	42
22	30442	42
22	30443	42
22	30444	42
22	30445	42
22	30446	43
22	30447	43
22	30448	43
22	30449	43
22	30450	43
22	30451	41
22	30452	42
22	30453	42
22	30454	42
22	30455	40
22	30456	40
22	30457	40
22	30458	40
22	30459	39
22	30460	39
22	30461	39
22	30462	39
22	30463	39
22	30464	39
22	30465	46
22	30466	46
22	30467	46
22	30468	43
22	30469	43
22	30470	46
22	30471	47
22	30472	47
22	30473	45
22	30474	44
22	30475	44
22	30476	44
22	30477	44
22	30478	44
22	30479	44
22	30480	44
22	30481	43
22	30482	43
22	30483	43
22	30484	42
22	30485	42
22	30486	42
22	30487	42
22	30488	43
22	30489	46
22	30490	46
22	30491	46
22	30492	46
22	30493	46
22	30494	46
22	30495	46
22	30496	46
22	30497	45
22	30498	42
22	30499	44
22	30500	44
22	30501	44
22	30502	44
22	30503	39
22	30504	39
22	30505	39
22	30506	39
22	30507	39
22	30508	36
22	30509	36
22	30510	36
22	30511	37
22	30512	37
22	30513	37
22	30514	35
22	30515	35
22	30516	36
22	30517	36
22	30518	35
22	30519	35
22	30520	35
22	30521	36
22	30522	37
22	30523	37
22	30524	37
22	30525	37
22	30526	37
22	30527	36
22	30528	37
22	30529	37
22	30530	38
22	30531	38
22	30532	38
22	30533	38
22	30534	41
22	30535	41
22	30536	41
22	30537	40
22	30538	41
22	30539	41
22	30540	41
22	30541	41
22	30542	41
22	30543	42
22	30544	42
22	30545	44
22	30546	44
22	30547	45
22	30548	45
22	30549	45
22	30550	45
22	30551	45
22	30552	44
22	30553	44
22	30554	43
22	30555	43
22	30556	43
22	30557	43
22	30558	41
22	30559	41
22	30560	42
22	30561	42
22	30562	42
22	30563	44
22	30564	43
22	30565	43
22	30566	44
22	30567	51
22	30568	52
22	30569	52
22	30570	52
22	30571	51
22	30572	51
22	30573	51
22	30574	51
22	30575	51
22	30576	51
22	30577	52
22	30578	52
22	30579	52
22	30580	52
22	30581	53
22	30582	53
22	30583	54
22	30584	54
22	30585	54
22	30586	54
22	30587	54
22	30588	52
22	30589	52
22	30590	51
22	30591	51
22	30592	51
22	30593	51
22	30594	51
22	30595	51
22	30596	50
22	30597	50
22	30598	49
22	30599	49
22	30600	49
22	30601	49
22	30602	49
22	30603	49
22	30604	49
22	30605	49
22	30606	49
22	30607	49
22	30608	50
22	30609	50
22	30610	50
22	30611	50
22	30612	51
22	30613	51
22	30614	44
22	30615	44
22	30616	44
22	30617	44
22	30618	45
22	30619	43
22	30620	42
22	30621	42
22	30622	42
22	30623	42
22	30624	42
22	30625	42
22	30626	42
22	30627	43
22	30628	43
22	30629	43
22	30630	43
22	30631	43
22	30632	43
22	30633	43
22	30634	43
22	30635	43
22	30636	43
22	30637	42
22	30638	42
22	30639	40
22	30640	40
22	30641	40
22	30642	40
22	30643	41
22	30644	41
22	30645	41
22	30646	41
22	30647	39
22	30648	38
22	30649	38
22	30650	38
22	30651	38
22	30652	38
22	30653	38
22	30654	38
22	30655	38
22	30656	38
22	30657	38
22	30658	38
22	30659	38
22	30660	38
22	30661	37
22	30662	37
22	30663	37
22	30664	37
22	30665	37
22	30666	36
22	30667	36
22	30668	36
22	30669	36
22	30670	36
22	30671	35
22	30672	34
22	30673	34
22	30674	34
22	30675	34
22	30676	34
22	30677	33
22	30678	33
22	30679	33
22	30680	32
22	30681	42
22	30682	46
22	30683	46
22	30684	43
22	30685	43
22	30686	45
22	30687	45
22	30688	44
22	30689	44
22	30690	44
22	30691	44
22	30692	44
22	30693	43
22	30694	43
22	30695	41
22	30696	41
22	30697	39
22	30698	39
22	30699	39
22	30700	40
22	30701	40
22	30702	40
22	30703	40
22	30704	40
22	30705	40
22	30706	40
22	30707	40
22	30708	42
22	30709	42
22	30710	41
22	30711	41
22	30712	41
22	30713	40
22	30714	40
22	30715	40
22	30716	42
22	30717	34
22	30718	34
22	30719	34
22	30720	34
22	30721	34
22	30722	34
22	30723	34
22	30724	34
22	30725	34
22	30726	34
22	30727	34
22	30728	34
22	30729	34
22	30730	34
22	30731	34
22	30732	34
22	30733	34
22	30734	34
22	30735	34
22	30736	34
22	30737	34
22	30738	34
22	30739	34
22	30740	34
22	30741	34
22	30742	34
22	30743	34
22	30744	34
22	30745	34
22	30746	34
22	30747	34
22	30748	34
22	30749	34
22	30750	34
22	30751	34
22	30752	34
22	30753	34
22	30754	34
22	30755	34
22	30756	34
22	30757	34
22	30758	33
22	30759	33
22	30760	33
22	30761	33
22	30762	33
22	30763	33
22	30764	32
22	30765	32
22	30766	32
22	30767	32
22	30768	31
22	30769	30
22	30770	30
22	30771	30
22	30772	30
22	30773	32
22	30774	32
22	30775	32
22	30776	31
22	30777	31
22	30778	31
22	30779	31
22	30780	31
22	30781	31
22	30782	31
22	30783	31
22	30784	31
22	30785	31
22	30786	31
22	30787	31
22	30788	31
22	30789	31
22	30790	31
22	30791	31
22	30792	32
22	30793	31
22	30794	31
22	30795	31
22	30796	31
22	30797	31
22	30798	31
22	30799	31
22	30800	31
22	30801	31
22	30802	31
22	30803	31
22	30804	31
22	30805	31
22	30806	31
22	30807	31
22	30808	31
22	30809	31
22	30810	31
22	30811	30
22	30812	30
22	30813	30
22	30814	30
22	30815	29
22	30816	29
22	30817	29
22	30818	29
22	30819	29
22	30820	15
22	30821	15
22	30822	15
22	30823	15
22	30824	15
22	30825	15
22	30826	15
22	30827	15
22	30828	15
22	30829	15
22	30830	15
22	30831	11
22	30832	11
22	30833	9
22	30834	9
22	30835	9
22	30836	9
22	30837	9
22	30838	9
22	30839	9
22	30840	9
22	30841	9
22	30842	9
22	30843	9
22	30844	9
22	30845	9
22	30846	9
22	30847	9
22	30848	9
22	30849	9
22	30850	8
22	30851	8
22	30852	8
22	30853	8
22	30854	8
22	30855	8
22	30856	8
22	30857	8
22	30858	7
22	30859	8
22	30860	8
22	30861	8
22	30862	8
22	30863	8
22	30864	8
22	30865	8
22	30866	5
22	30867	5
22	30868	5
22	30869	5
22	30870	5
22	30871	5
22	30872	5
22	30873	5
22	30874	5
22	30875	5
22	30876	5
22	30877	5
22	30878	5
22	30879	5
22	30880	5
22	30881	6
22	30882	6
22	30883	6
22	30884	6
22	30885	6
22	30886	6
22	30887	6
22	30888	6
22	30889	6
22	30890	6
22	30891	6
22	30892	6
22	30893	6
22	30894	6
22	30895	6
22	30896	6
22	30897	6
22	30898	6
22	30899	6
22	30900	6
22	30901	6
22	30902	6
22	30903	6
22	30904	6
22	30905	6
22	30906	6
22	30907	5
22	30908	6
22	30909	6
22	30910	6
22	30911	6
22	30912	6
22	30913	6
22	30914	6
22	30915	6
22	30916	6
22	30917	6
22	30918	5
22	30919	5
22	30920	5
22	30921	5
22	30922	4
22	30923	4
22	30924	4
22	30925	4
22	30926	4
22	30927	4
22	30928	4
22	30929	4
22	30930	4
22	30931	4
22	30932	4
22	30933	4
22	30934	4
22	30935	4
22	30936	4
22	30937	3
22	30938	3
22	30939	3
22	30940	3
22	30941	5
22	30942	5
22	30943	5
22	30944	5
22	30945	5
22	30946	5
22	30947	5
22	30948	5
22	30949	5
22	30950	5
22	30951	5
22	30952	5
22	30953	5
22	30954	5
22	30955	5
22	30956	5
22	30957	5
22	30958	5
22	30959	5
22	30960	5
22	30961	5
22	30962	5
22	30963	5
22	30964	5
22	30965	5
22	30966	5
22	30967	5
22	30968	5
22	30969	5
22	30970	5
22	30971	5
22	30972	5
22	30973	5
22	30974	5
22	30975	5
22	30976	5
22	30977	5
22	30978	5
22	30979	5
22	30980	5
22	30981	5
22	30982	5
22	30983	5
22	30984	5
22	30985	5
22	30986	5
22	30987	5
22	30988	5
22	30989	5
22	30990	5
22	30991	4
22	30992	4
22	30993	4
22	30994	4
22	30995	5
22	30996	5
22	30997	5
22	30998	5
22	30999	5
22	31000	5
22	31001	5
22	31002	5
22	31003	5
22	31004	5
22	31005	5
22	31006	5
22	31007	5
22	31008	5
22	31009	5
22	31010	5
22	31011	5
22	31012	5
22	31013	5
22	31014	5
22	31015	5
22	31016	5
22	31017	5
22	31018	5
22	31019	5
22	31020	5
22	31021	5
22	31022	5
22	31023	5
22	31024	5
22	31025	5
22	31026	5
22	31027	4
22	31028	5
22	31029	5
22	31030	5
22	31031	5
22	31032	5
22	31033	5
22	31034	6
22	31035	6
22	31036	6
22	31037	6
22	31038	6
22	31039	6
22	31040	6
22	31041	6
22	31042	6
22	31043	6
22	31044	6
22	31045	6
22	31046	6
22	31047	6
22	31048	7
22	31049	7
22	31050	7
22	31051	6
22	31052	6
22	31053	6
22	31054	7
22	31055	7
22	31056	7
22	31057	7
22	31058	7
22	31059	7
22	31060	7
22	31061	7
22	31062	7
22	31063	7
22	31064	8
22	31065	8
22	31066	8
22	31067	8
22	31068	8
22	31069	10
22	31070	10
22	31071	10
22	31072	10
22	31073	10
22	31074	15
22	31075	15
22	31076	15
22	31077	15
22	31078	15
22	31079	15
22	31080	15
22	31081	17
22	31082	20
22	31083	20
22	31084	20
22	31085	20
22	31086	20
22	31087	20
22	31088	20
22	31089	20
22	31090	19
22	31091	19
22	31092	19
22	31093	19
22	31094	19
22	31095	19
22	31096	19
22	31097	19
22	31098	19
22	31099	19
22	31100	19
22	31101	19
22	31102	19
22	31103	19
22	31104	19
22	31105	19
22	31106	19
22	31107	21
22	31108	22
22	31109	22
22	31110	22
22	31111	22
22	31112	22
22	31113	22
22	31114	22
22	31115	22
22	31116	22
22	31117	24
22	31118	24
22	31119	24
22	31120	25
22	31121	25
22	31122	25
22	31123	25
22	31124	25
22	31125	26
22	31126	26
22	31127	26
22	31128	26
22	31129	26
22	31130	26
22	31131	26
22	31132	26
22	31133	26
22	31134	26
22	31135	26
22	31136	26
22	31137	26
22	31138	26
22	31139	27
22	31140	27
22	31141	27
22	31142	27
22	31143	27
22	31144	26
22	31145	28
22	31146	28
22	31147	28
22	31148	28
22	31149	28
22	31150	28
22	31151	28
22	31152	28
22	31153	27
22	31154	28
22	31155	28
22	31156	28
22	31157	28
22	31158	28
22	31159	28
22	31160	28
22	31161	28
22	31162	28
22	31163	28
22	31164	28
22	31165	28
22	31166	28
22	31167	28
22	31168	28
22	31169	29
22	31170	29
22	31171	29
22	31172	29
22	31173	32
22	31174	32
22	31175	32
22	31176	32
22	31177	31
22	31178	31
22	31179	31
22	31180	31
22	31181	31
22	31182	31
22	31183	30
22	31184	30
22	31185	30
22	31186	30
22	31187	30
22	31188	30
22	31189	30
22	31190	30
22	31191	30
22	31192	30
22	31193	30
22	31194	30
22	31195	30
22	31196	30
22	31197	30
22	31198	29
22	31199	29
22	31200	30
22	31201	30
22	31202	30
22	31203	29
22	31204	29
22	31205	29
22	31206	29
22	31207	29
22	31208	28
22	31209	28
22	31210	28
22	31211	28
22	31212	28
22	31213	27
22	31214	27
22	31215	27
22	31216	27
22	31217	27
22	31218	25
22	31219	25
22	31220	25
22	31221	25
22	31222	25
22	31223	20
22	31224	20
22	31225	20
22	31226	20
22	31227	20
22	31228	20
22	31229	19
22	31230	19
22	31231	17
22	31232	16
22	31233	16
22	31234	16
22	31235	16
22	31236	17
22	31237	17
22	31238	17
22	31239	17
22	31240	17
22	31241	17
22	31242	17
22	31243	17
22	31244	17
22	31245	17
22	31246	19
22	31247	19
22	31248	19
22	31249	21
22	31250	21
22	31251	21
22	31252	21
22	31253	21
22	31254	21
22	31255	20
22	31256	21
22	31257	19
22	31258	22
22	31259	22
22	31260	22
22	31261	22
22	31262	22
22	31263	23
22	31264	23
22	31265	23
22	31266	21
22	31267	21
22	31268	21
22	31269	21
22	31270	20
22	31271	21
22	31272	21
22	31273	21
22	31274	21
22	31275	23
22	31276	23
22	31277	23
22	31278	23
22	31279	23
22	31280	23
22	31281	23
22	31282	24
22	31283	24
22	31284	24
22	31285	24
22	31286	24
22	31287	24
22	31288	25
22	31289	24
22	31290	24
22	31291	24
22	31292	24
22	31293	24
22	31294	23
22	31295	22
22	31296	22
22	31297	22
22	31298	22
22	31299	22
22	31300	23
22	31301	23
22	31302	23
22	31303	23
22	31304	23
22	31305	24
22	31306	24
22	31307	24
22	31308	25
22	31309	25
22	31310	25
22	31311	28
22	31312	29
22	31313	29
22	31314	30
22	31315	30
22	31316	30
22	31317	30
22	31318	30
22	31319	29
22	31320	29
22	31321	28
22	31322	28
22	31323	28
22	31324	28
22	31325	28
22	31326	28
22	31327	28
22	31328	28
22	31329	28
22	31330	28
22	31331	28
22	31332	28
22	31333	28
22	31334	28
22	31335	28
22	31336	28
22	31337	28
22	31338	28
22	31339	28
22	31340	29
22	31341	30
22	31342	32
22	31343	32
22	31344	33
22	31345	33
22	31346	33
22	31347	33
22	31348	33
22	31349	32
22	31350	32
22	31351	32
22	31352	32
22	31353	33
22	31354	33
22	31355	33
22	31356	33
22	31357	33
22	31358	33
22	31359	34
22	31360	34
22	31361	36
22	31362	36
22	31363	37
22	31364	37
22	31365	37
22	31366	37
22	31367	37
22	31368	38
22	31369	38
22	31370	39
22	31371	39
22	31372	39
22	31373	39
22	31374	39
22	31375	39
22	31376	39
22	31377	39
22	31378	39
22	31379	39
22	31380	39
22	31381	39
22	31382	39
22	31383	39
22	31384	39
22	31385	39
22	31386	39
22	31387	39
22	31388	39
22	31389	39
22	31390	39
22	31391	39
22	31392	39
22	31393	39
22	31394	39
22	31395	37
22	31396	37
22	31397	35
22	31398	35
22	31399	36
22	31400	36
22	31401	37
22	31402	39
22	31403	39
22	31404	39
22	31405	38
22	31406	38
22	31407	39
22	31408	36
22	31409	36
22	31410	36
22	31411	37
22	31412	37
22	31413	36
22	31414	36
22	31415	36
22	31416	36
22	31417	36
22	31418	36
22	31419	35
22	31420	35
22	31421	35
22	31422	35
22	31423	33
22	31424	34
22	31425	34
22	31426	34
22	31427	34
22	31428	35
22	31429	36
22	31430	35
22	31431	35
22	31432	35
22	31433	35
22	31434	35
22	31435	35
22	31436	35
22	31437	34
22	31438	34
22	31439	34
22	31440	34
22	31441	34
22	31442	34
22	31443	34
22	31444	34
22	31445	35
22	31446	35
22	31447	35
22	31448	34
22	31449	34
22	31450	34
22	31451	34
22	31452	35
22	31453	36
22	31454	36
22	31455	35
22	31456	35
22	31457	35
22	31458	34
22	31459	34
22	31460	33
22	31461	30
22	31462	34
22	31463	37
22	31464	36
22	31465	36
22	31466	36
22	31467	36
22	31468	36
22	31469	35
22	31470	36
22	31471	33
22	31472	34
22	31473	34
22	31474	34
22	31475	34
22	31476	35
22	31477	35
22	31478	35
22	31479	35
22	31480	35
22	31481	35
22	31482	35
22	31483	36
22	31484	36
22	31485	36
22	31486	36
22	31487	36
22	31488	36
22	31489	36
22	31490	35
22	31491	31
22	31492	31
22	31493	31
22	31494	32
22	31495	32
22	31496	32
22	31497	32
22	31498	32
22	31499	32
22	31500	32
22	31501	32
22	31502	31
22	31503	31
22	31504	31
22	31505	31
22	31506	31
22	31507	31
22	31508	31
22	31509	30
22	31510	30
22	31511	28
22	31512	28
22	31513	27
22	31514	27
22	31515	27
22	31516	27
22	31517	27
22	31518	26
22	31519	25
22	31520	25
22	31521	25
22	31522	25
22	31523	25
22	31524	25
22	31525	25
22	31526	25
22	31527	25
22	31528	25
22	31529	25
22	31530	25
22	31531	25
22	31532	25
22	31533	25
22	31534	26
22	31535	25
22	31536	26
22	31537	27
22	31538	27
22	31539	27
22	31540	27
22	31541	27
22	31542	27
22	31543	31
22	31544	31
22	31545	31
22	31546	31
22	31547	31
22	31548	31
22	31549	30
22	31550	30
22	31551	29
22	31552	27
22	31553	27
22	31554	28
22	31555	28
22	31556	28
22	31557	30
22	31558	30
22	31559	30
22	31560	30
22	31561	29
22	31562	29
22	31563	29
22	31564	29
22	31565	29
22	31566	29
22	31567	33
22	31568	33
22	31569	33
22	31570	33
22	31571	33
22	31572	33
22	31573	33
22	31574	32
22	31575	32
22	31576	32
22	31577	32
22	31578	30
22	31579	30
22	31580	30
22	31581	30
22	31582	30
22	31583	30
22	31584	30
22	31585	30
22	31586	31
22	31587	31
22	31588	31
22	31589	31
22	31590	31
22	31591	31
22	31592	31
22	31593	31
22	31594	30
22	31595	30
22	31596	31
22	31597	32
22	31598	32
22	31599	33
22	31600	32
22	31601	32
22	31602	32
22	31603	36
22	31604	40
22	31605	40
22	31606	40
22	31607	40
22	31608	40
22	31609	40
22	31610	40
22	31611	39
22	31612	32
22	31613	32
22	31614	32
22	31615	32
22	31616	32
22	31617	34
22	31618	34
22	31619	35
22	31620	35
22	31621	34
22	31622	34
22	31623	34
22	31624	38
22	31625	38
22	31626	37
22	31627	37
22	31628	37
22	31629	37
22	31630	37
22	31631	35
22	31632	37
22	31633	36
22	31634	36
22	31635	36
22	31636	36
22	31637	36
22	31638	37
22	31639	36
22	31640	36
22	31641	36
22	31642	36
22	31643	36
22	31644	35
22	31645	35
22	31646	35
22	31647	35
22	31648	35
22	31649	36
22	31650	36
22	31651	39
22	31652	39
22	31653	39
22	31654	39
22	31655	39
22	31656	39
22	31657	39
22	31658	39
22	31659	39
22	31660	39
22	31661	39
22	31662	39
22	31663	39
22	31664	39
22	31665	39
22	31666	39
22	31667	39
22	31668	43
22	31669	44
22	31670	44
22	31671	44
22	31672	44
22	31673	44
22	31674	44
22	31675	44
22	31676	44
22	31677	44
22	31678	44
22	31679	44
22	31680	44
22	31681	44
22	31682	44
22	31683	44
22	31684	43
22	31685	43
22	31686	42
22	31687	41
22	31688	41
22	31689	41
22	31690	41
22	31691	41
22	31692	41
22	31693	37
22	31694	38
22	31695	38
22	31696	38
22	31697	38
22	31698	38
22	31699	39
22	31700	39
22	31701	39
22	31702	39
22	31703	39
22	31704	38
22	31705	38
22	31706	38
22	31707	36
22	31708	37
22	31709	37
22	31710	39
22	31711	39
22	31712	39
22	31713	39
22	31714	39
22	31715	39
22	31716	39
22	31717	35
22	31718	35
22	31719	35
22	31720	35
22	31721	35
22	31722	36
22	31723	36
22	31724	36
22	31725	36
22	31726	36
22	31727	36
22	31728	36
22	31729	36
22	31730	36
22	31731	36
22	31732	36
22	31733	37
22	31734	36
22	31735	36
22	31736	36
22	31737	36
22	31738	36
22	31739	36
22	31740	36
22	31741	37
22	31742	37
22	31743	38
22	31744	41
22	31745	40
22	31746	39
22	31747	39
22	31748	38
22	31749	38
22	31750	38
22	31751	38
22	31752	35
22	31753	29
22	31754	29
22	31755	29
22	31756	29
22	31757	30
22	31758	32
22	31759	32
22	31760	32
22	31761	32
22	31762	32
22	31763	32
22	31764	32
22	31765	32
22	31766	30
22	31767	30
22	31768	29
22	31769	29
22	31770	29
22	31771	29
22	31772	29
22	31773	29
22	31774	26
22	31775	26
22	31776	26
22	31777	26
22	31778	26
22	31779	26
22	31780	26
22	31781	26
22	31782	26
22	31783	26
22	31784	26
22	31785	26
22	31786	26
22	31787	26
22	31788	25
22	31789	25
22	31790	25
22	31791	25
22	31792	25
22	31793	25
22	31794	25
22	31795	25
22	31796	25
22	31797	25
22	31798	25
22	31799	24
22	31800	21
22	31801	21
22	31802	21
22	31803	21
22	31804	21
22	31805	21
22	31806	21
22	31807	21
22	31808	21
22	31809	23
22	31810	23
22	31811	23
22	31812	23
22	31813	23
22	31814	23
22	31815	23
22	31816	23
22	31817	23
22	31818	18
22	31819	17
22	31820	17
22	31821	17
22	31822	17
22	31823	17
22	31824	17
22	31825	17
22	31826	17
22	31827	17
22	31828	17
22	31829	17
22	31830	17
22	31831	17
22	31832	16
22	31833	16
22	31834	16
22	31835	16
22	31836	16
22	31837	16
22	31838	16
22	31839	16
22	31840	17
22	31841	17
22	31842	17
22	31843	17
22	31844	16
22	31845	16
22	31846	16
22	31847	16
22	31848	16
22	31849	15
22	31850	15
22	31851	15
22	31852	15
22	31853	15
22	31854	15
22	31855	15
22	31856	15
22	31857	15
22	31858	14
22	31859	14
22	31860	12
22	31861	12
22	31862	12
22	31863	12
22	31864	12
22	31865	12
22	31866	13
22	31867	13
22	31868	13
22	31869	13
22	31870	13
22	31871	13
22	31872	13
22	31873	13
22	31874	13
22	31875	13
22	31876	13
22	31877	13
22	31878	13
22	31879	13
22	31880	13
22	31881	12
22	31882	12
22	31883	13
22	31884	14
22	31885	14
22	31886	14
22	31887	14
22	31888	14
22	31889	14
22	31890	13
22	31891	14
22	31892	14
22	31893	13
22	31894	10
22	31895	11
22	31896	11
22	31897	11
22	31898	11
22	31899	14
22	31900	15
22	31901	15
22	31902	15
22	31903	15
22	31904	15
22	31905	15
22	31906	15
22	31907	14
22	31908	12
22	31909	12
22	31910	12
22	31911	12
22	31912	12
22	31913	12
22	31914	12
22	31915	12
22	31916	12
22	31917	12
22	31918	12
22	31919	12
22	31920	12
22	31921	12
22	31922	12
22	31923	12
22	31924	12
22	31925	12
22	31926	12
22	31927	12
22	31928	13
22	31929	13
22	31930	13
22	31931	13
22	31932	13
22	31933	13
22	31934	13
22	31935	13
22	31936	14
22	31937	14
22	31938	14
22	31939	14
22	31940	14
22	31941	14
22	31942	14
22	31943	15
22	31944	15
22	31945	15
22	31946	16
22	31947	16
22	31948	17
22	31949	19
22	31950	19
22	31951	19
22	31952	19
22	31953	19
22	31954	20
22	31955	20
22	31956	20
22	31957	20
22	31958	21
22	31959	19
22	31960	19
22	31961	19
22	31962	19
22	31963	19
22	31964	19
22	31965	19
22	31966	19
22	31967	19
22	31968	19
22	31969	19
22	31970	19
22	31971	19
22	31972	19
22	31973	19
22	31974	19
22	31975	19
22	31976	19
22	31977	19
22	31978	19
22	31979	19
22	31980	19
22	31981	19
22	31982	19
22	31983	19
22	31984	19
22	31985	19
22	31986	19
22	31987	19
22	31988	20
22	31989	20
22	31990	19
22	31991	19
22	31992	19
22	31993	18
22	31994	18
22	31995	18
22	31996	18
22	31997	18
22	31998	18
22	31999	18
22	32000	18
22	32001	18
22	32002	18
22	32003	18
22	32004	18
22	32005	18
22	32006	18
22	32007	18
22	32008	18
22	32009	18
22	32010	18
22	32011	18
22	32012	20
22	32013	20
22	32014	20
22	32015	19
22	32016	19
22	32017	21
22	32018	21
22	32019	21
22	32020	21
22	32021	21
22	32022	23
22	32023	23
22	32024	23
22	32025	23
22	32026	23
22	32027	23
22	32028	23
22	32029	23
22	32030	23
22	32031	23
22	32032	23
22	32033	23
22	32034	22
22	32035	22
22	32036	22
22	32037	22
22	32038	22
22	32039	22
22	32040	22
22	32041	21
22	32042	21
22	32043	21
22	32044	23
22	32045	28
22	32046	28
22	32047	28
22	32048	25
22	32049	27
22	32050	26
22	32051	26
22	32052	26
22	32053	26
22	32054	27
22	32055	27
22	32056	27
22	32057	27
22	32058	27
22	32059	27
22	32060	27
22	32061	27
22	32062	27
22	32063	27
22	32064	27
22	32065	27
22	32066	27
22	32067	27
22	32068	27
22	32069	27
22	32070	27
22	32071	27
22	32072	27
22	32073	27
22	32074	27
22	32075	27
22	32076	27
22	32077	26
22	32078	26
22	32079	26
22	32080	26
22	32081	26
22	32082	26
22	32083	26
22	32084	26
22	32085	25
22	32086	25
22	32087	25
22	32088	25
22	32089	25
22	32090	25
22	32091	25
22	32092	24
22	32093	24
22	32094	24
22	32095	31
22	32096	32
22	32097	32
22	32098	32
22	32099	30
22	32100	30
22	32101	30
22	32102	31
22	32103	31
22	32104	30
22	32105	30
22	32106	31
22	32107	31
22	32108	34
22	32109	34
22	32110	35
22	32111	35
22	32112	35
22	32113	35
22	32114	35
22	32115	35
22	32116	35
22	32117	35
22	32118	35
22	32119	35
22	32120	35
22	32121	35
22	32122	35
22	32123	36
22	32124	37
22	32125	37
22	32126	37
22	32127	37
22	32128	37
22	32129	40
22	32130	40
22	32131	40
22	32132	40
22	32133	40
22	32134	40
22	32135	41
22	32136	43
22	32137	43
22	32138	46
22	32139	46
22	32140	46
22	32141	46
22	32142	46
22	32143	46
22	32144	46
22	32145	46
22	32146	46
22	32147	46
22	32148	46
22	32149	46
22	32150	46
22	32151	46
22	32152	46
22	32153	46
22	32154	46
22	32155	46
22	32156	46
22	32157	46
22	32158	46
22	32159	46
22	32160	44
22	32161	44
22	32162	44
22	32163	44
22	32164	44
22	32165	44
22	32166	44
22	32167	42
22	32168	42
22	32169	42
22	32170	42
22	32171	41
22	32172	41
22	32173	41
22	32174	41
22	32175	41
22	32176	41
22	32177	41
22	32178	41
22	32179	41
22	32180	40
22	32181	40
22	32182	40
22	32183	40
22	32184	40
22	32185	40
22	32186	40
22	32187	41
22	32188	41
22	32189	41
22	32190	41
22	32191	41
22	32192	41
22	32193	41
22	32194	39
22	32195	33
22	32196	35
22	32197	35
22	32198	35
22	32199	33
22	32200	33
22	32201	33
22	32202	33
22	32203	33
22	32204	32
22	32205	32
22	32206	32
22	32207	32
22	32208	32
22	32209	32
22	32210	32
22	32211	32
22	32212	32
22	32213	32
22	32214	32
22	32215	32
22	32216	32
22	32217	32
22	32218	32
22	32219	32
22	32220	32
22	32221	32
22	32222	32
22	32223	32
22	32224	32
22	32225	32
22	32226	32
22	32227	32
22	32228	32
22	32229	32
22	32230	32
22	32231	32
22	32232	32
22	32233	32
22	32234	32
22	32235	32
22	32236	32
22	32237	32
22	32238	32
22	32239	32
22	32240	33
22	32241	33
22	32242	27
22	32243	27
22	32244	27
22	32245	25
22	32246	25
22	32247	25
22	32248	24
22	32249	24
22	32250	24
22	32251	24
22	32252	23
22	32253	22
22	32254	24
22	32255	24
22	32256	24
22	32257	24
22	32258	20
22	32259	19
22	32260	19
22	32261	19
22	32262	19
22	32263	19
22	32264	19
22	32265	19
22	32266	20
22	32267	21
22	32268	21
22	32269	21
22	32270	21
22	32271	21
22	32272	21
22	32273	20
22	32274	19
22	32275	19
22	32276	17
22	32277	16
22	32278	16
22	32279	17
22	32280	17
22	32281	17
22	32282	17
22	32283	17
22	32284	17
22	32285	16
22	32286	14
22	32287	14
22	32288	11
22	32289	11
22	32290	12
22	32291	12
22	32292	12
22	32293	12
22	32294	12
22	32295	11
22	32296	11
22	32297	11
22	32298	11
22	32299	11
22	32300	11
22	32301	12
22	32302	12
22	32303	12
22	32304	12
22	32305	12
22	32306	13
22	32307	13
22	32308	13
22	32309	14
22	32310	14
22	32311	14
22	32312	14
22	32313	14
22	32314	14
22	32315	14
22	32316	14
22	32317	16
22	32318	16
22	32319	16
22	32320	16
22	32321	16
22	32322	16
22	32323	15
22	32324	15
22	32325	15
22	32326	15
22	32327	15
22	32328	15
22	32329	16
22	32330	17
22	32331	17
22	32332	17
22	32333	17
22	32334	17
22	32335	17
22	32336	17
22	32337	16
22	32338	12
22	32339	12
22	32340	14
22	32341	14
22	32342	14
22	32343	18
22	32344	19
22	32345	21
22	32346	21
22	32347	21
22	32348	21
22	32349	22
22	32350	22
22	32351	22
22	32352	22
22	32353	22
22	32354	22
22	32355	22
22	32356	23
22	32357	23
22	32358	23
22	32359	23
22	32360	23
22	32361	23
22	32362	23
22	32363	23
22	32364	23
22	32365	23
22	32366	24
22	32367	24
22	32368	24
22	32369	24
22	32370	24
22	32371	24
22	32372	24
22	32373	24
22	32374	24
22	32375	24
22	32376	24
22	32377	24
22	32378	24
22	32379	24
22	32380	24
22	32381	24
22	32382	24
22	32383	25
22	32384	24
22	32385	24
22	32386	24
22	32387	24
22	32388	24
22	32389	24
22	32390	24
22	32391	24
22	32392	25
22	32393	25
22	32394	25
22	32395	25
22	32396	25
22	32397	25
22	32398	27
22	32399	27
22	32400	27
22	32401	27
22	32402	27
22	32403	27
22	32404	27
22	32405	26
22	32406	26
22	32407	26
22	32408	26
22	32409	27
22	32410	27
22	32411	27
22	32412	27
22	32413	27
22	32414	27
22	32415	27
22	32416	27
22	32417	27
22	32418	27
22	32419	27
22	32420	27
22	32421	27
22	32422	28
22	32423	28
22	32424	28
22	32425	28
22	32426	28
22	32427	28
22	32428	28
22	32429	28
22	32430	28
22	32431	29
22	32432	29
22	32433	29
22	32434	29
22	32435	29
22	32436	29
22	32437	29
22	32438	29
22	32439	29
22	32440	29
22	32441	29
22	32442	29
22	32443	29
22	32444	29
22	32445	29
22	32446	29
22	32447	30
22	32448	30
22	32449	31
22	32450	37
22	32451	37
22	32452	37
22	32453	37
22	32454	37
22	32455	36
22	32456	36
22	32457	40
22	32458	41
22	32459	41
22	32460	41
22	32461	41
22	32462	41
22	32463	41
22	32464	40
22	32465	40
22	32466	40
22	32467	41
22	32468	42
22	32469	43
22	32470	43
22	32471	46
22	32472	46
22	32473	46
22	32474	46
22	32475	46
22	32476	46
22	32477	46
22	32478	45
22	32479	46
22	32480	44
22	32481	44
22	32482	44
22	32483	43
22	32484	53
22	32485	55
22	32486	55
22	32487	55
22	32488	55
22	32489	55
22	32490	55
22	32491	55
22	32492	55
22	32493	49
22	32494	48
22	32495	52
22	32496	52
22	32497	52
22	32498	52
22	32499	51
22	32500	52
22	32501	52
22	32502	52
22	32503	52
22	32504	52
22	32505	52
22	32506	51
22	32507	51
22	32508	51
22	32509	51
22	32510	51
22	32511	51
22	32512	51
22	32513	51
22	32514	51
22	32515	51
22	32516	50
22	32517	50
22	32518	50
22	32519	52
22	32520	53
22	32521	53
22	32522	53
22	32523	53
22	32524	53
22	32525	53
22	32526	53
22	32527	53
22	32528	54
22	32529	53
22	32530	53
22	32531	53
22	32532	53
22	32533	52
22	32534	52
22	32535	52
22	32536	52
22	32537	52
22	32538	59
22	32539	61
22	32540	61
22	32541	61
22	32542	61
22	32543	64
22	32544	64
22	32545	66
22	32546	66
22	32547	64
22	32548	62
22	32549	63
22	32550	63
22	32551	63
22	32552	63
22	32553	63
22	32554	67
22	32555	65
22	32556	65
22	32557	65
22	32558	65
22	32559	64
22	32560	64
22	32561	64
22	32562	67
22	32563	67
22	32564	67
22	32565	68
22	32566	69
22	32567	69
22	32568	69
22	32569	69
22	32570	75
22	32571	75
22	32572	74
22	32573	74
22	32574	74
22	32575	74
22	32576	74
22	32577	74
22	32578	74
22	32579	79
22	32580	80
22	32581	79
22	32582	79
22	32583	81
22	32584	81
22	32585	81
22	32586	81
22	32587	82
22	32588	82
22	32589	82
22	32590	82
22	32591	82
22	32592	82
22	32593	82
22	32594	84
22	32595	84
22	32596	84
22	32597	83
22	32598	83
22	32599	82
22	32600	76
22	32601	76
22	32602	76
22	32603	76
22	32604	76
22	32605	77
22	32606	78
22	32607	76
22	32608	76
22	32609	76
22	32610	76
22	32611	76
22	32612	77
22	32613	77
22	32614	77
22	32615	77
22	32616	77
22	32617	75
22	32618	74
22	32619	74
22	32620	74
22	32621	71
22	32622	71
22	32623	71
22	32624	71
22	32625	71
22	32626	71
22	32627	71
22	32628	71
22	32629	71
22	32630	70
22	32631	70
22	32632	70
22	32633	70
22	32634	61
22	32635	59
22	32636	59
22	32637	59
22	32638	59
22	32639	59
22	32640	60
22	32641	60
22	32642	60
22	32643	60
22	32644	60
22	32645	56
22	32646	57
22	32647	57
22	32648	57
22	32649	56
22	32650	56
22	32651	56
22	32652	56
22	32653	58
22	32654	58
22	32655	58
22	32656	58
22	32657	58
22	32658	59
22	32659	59
22	32660	59
22	32661	59
22	32662	59
22	32663	59
22	32664	59
22	32665	59
22	32666	59
22	32667	59
22	32668	59
22	32669	60
22	32670	59
22	32671	59
22	32672	61
22	32673	61
22	32674	64
22	32675	64
22	32676	64
22	32677	64
22	32678	64
22	32679	64
22	32680	64
22	32681	64
22	32682	64
22	32683	64
22	32684	64
22	32685	64
22	32686	57
22	32687	56
22	32688	55
22	32689	55
22	32690	55
22	32691	56
22	32692	56
22	32693	53
22	32694	50
22	32695	48
22	32696	48
22	32697	48
22	32698	48
22	32699	54
22	32700	55
22	32701	57
22	32702	57
22	32703	55
22	32704	55
22	32705	55
22	32706	55
22	32707	55
22	32708	55
22	32709	53
22	32710	52
22	32711	52
22	32712	52
22	32713	52
22	32714	51
22	32715	51
22	32716	51
22	32717	52
22	32718	52
22	32719	52
22	32720	46
22	32721	47
22	32722	48
22	32723	48
22	32724	48
22	32725	50
22	32726	50
22	32727	50
22	32728	47
22	32729	45
22	32730	44
22	32731	44
22	32732	42
22	32733	42
22	32734	42
22	32735	43
22	32736	42
22	32737	42
22	32738	42
22	32739	42
22	32740	42
22	32741	42
22	32742	43
22	32743	43
22	32744	41
22	32745	42
22	32746	42
22	32747	42
22	32748	41
22	32749	41
22	32750	41
22	32751	41
22	32752	41
22	32753	41
22	32754	42
22	32755	40
22	32756	40
22	32757	40
22	32758	40
22	32759	40
22	32760	41
22	32761	43
22	32762	42
22	32763	42
22	32764	42
22	32765	43
22	32766	43
22	32767	43
22	32768	43
22	32769	43
22	32770	43
22	32771	43
22	32772	43
22	32773	43
22	32774	43
22	32775	43
22	32776	43
22	32777	43
22	32778	42
22	32779	47
22	32780	47
22	32781	47
22	32782	47
22	32783	47
22	32784	47
22	32785	47
22	32786	47
22	32787	47
22	32788	47
22	32789	46
22	32790	46
22	32791	46
22	32792	46
22	32793	46
22	32794	46
22	32795	46
22	32796	45
22	32797	45
22	32798	44
22	32799	45
22	32800	45
22	32801	45
22	32802	45
22	32803	41
22	32804	41
22	32805	41
22	32806	41
22	32807	40
22	32808	40
22	32809	41
22	32810	42
22	32811	43
22	32812	43
22	32813	43
22	32814	43
22	32815	43
22	32816	43
22	32817	43
22	32818	40
22	32819	40
22	32820	40
22	32821	40
22	32822	38
22	32823	35
22	32824	35
22	32825	35
22	32826	35
22	32827	35
22	32828	35
22	32829	35
22	32830	35
22	32831	35
22	32832	36
22	32833	36
22	32834	36
22	32835	36
22	32836	36
22	32837	36
22	32838	36
22	32839	36
22	32840	35
22	32841	35
22	32842	36
22	32843	36
22	32844	36
22	32845	36
22	32846	36
22	32847	34
22	32848	34
22	32849	28
22	32850	27
22	32851	27
22	32852	27
22	32853	27
22	32854	27
22	32855	27
22	32856	27
22	32857	27
22	32858	27
22	32859	27
22	32860	27
22	32861	27
22	32862	27
22	32863	33
22	32864	33
22	32865	32
22	32866	31
22	32867	31
22	32868	33
22	32869	33
22	32870	33
22	32871	32
22	32872	29
22	32873	29
22	32874	29
22	32875	29
22	32876	29
22	32877	29
22	32878	28
22	32879	28
22	32880	28
22	32881	28
22	32882	31
22	32883	31
22	32884	31
22	32885	30
22	32886	30
22	32887	30
22	32888	30
22	32889	30
22	32890	30
22	32891	29
22	32892	29
22	32893	29
22	32894	29
22	32895	29
22	32896	29
22	32897	30
22	32898	30
22	32899	31
22	32900	31
22	32901	31
22	32902	31
22	32903	30
22	32904	30
22	32905	31
22	32906	31
22	32907	31
22	32908	31
22	32909	32
22	32910	31
22	32911	29
22	32912	29
22	32913	29
22	32914	28
22	32915	28
22	32916	28
22	32917	28
22	32918	29
22	32919	29
22	32920	33
22	32921	34
22	32922	34
22	32923	34
22	32924	34
22	32925	34
22	32926	34
22	32927	34
22	32928	35
22	32929	30
22	32930	31
22	32931	31
22	32932	32
22	32933	33
22	32934	33
22	32935	33
22	32936	33
22	32937	33
22	32938	33
22	32939	37
22	32940	37
22	32941	37
22	32942	37
22	32943	37
22	32944	37
22	32945	38
22	32946	38
22	32947	38
22	32948	38
22	32949	38
22	32950	38
22	32951	38
22	32952	39
22	32953	39
22	32954	39
22	32955	37
22	32956	39
22	32957	39
22	32958	39
22	32959	37
22	32960	37
22	32961	36
22	32962	35
22	32963	35
22	32964	35
22	32965	35
22	32966	35
22	32967	35
22	32968	35
22	32969	35
22	32970	35
22	32971	35
22	32972	35
22	32973	34
22	32974	34
22	32975	34
22	32976	34
22	32977	34
22	32978	34
22	32979	34
22	32980	34
22	32981	37
22	32982	38
22	32983	38
22	32984	38
22	32985	38
22	32986	38
22	32987	38
22	32988	38
22	32989	38
22	32990	38
22	32991	37
22	32992	36
22	32993	37
22	32994	37
22	32995	37
22	32996	37
22	32997	37
22	32998	37
22	32999	37
22	33000	37
22	33001	38
22	33002	38
22	33003	38
22	33004	38
22	33005	38
22	33006	38
22	33007	41
22	33008	41
22	33009	41
22	33010	41
22	33011	41
22	33012	36
22	33013	36
22	33014	36
22	33015	36
22	33016	36
22	33017	36
22	33018	34
22	33019	34
22	33020	34
22	33021	34
22	33022	34
22	33023	34
22	33024	34
22	33025	34
22	33026	35
22	33027	35
22	33028	35
22	33029	35
22	33030	35
22	33031	35
22	33032	33
22	33033	32
22	33034	32
22	33035	32
22	33036	30
22	33037	32
22	33038	32
22	33039	32
22	33040	32
22	33041	33
22	33042	33
22	33043	33
22	33044	33
22	33045	32
22	33046	31
22	33047	31
22	33048	30
22	33049	30
22	33050	30
22	33051	30
22	33052	30
22	33053	30
22	33054	29
22	33055	29
22	33056	29
22	33057	29
22	33058	29
22	33059	28
22	33060	28
22	33061	28
22	33062	28
22	33063	28
22	33064	28
22	33065	28
22	33066	28
22	33067	27
22	33068	27
22	33069	28
22	33070	25
22	33071	25
22	33072	25
22	33073	25
22	33074	32
22	33075	32
22	33076	32
22	33077	31
22	33078	31
22	33079	31
22	33080	31
22	33081	31
22	33082	31
22	33083	30
22	33084	30
22	33085	30
22	33086	31
22	33087	29
22	33088	27
22	33089	27
22	33090	27
22	33091	28
22	33092	28
22	33093	28
22	33094	28
22	33095	28
22	33096	28
22	33097	28
22	33098	28
22	33099	28
22	33100	28
22	33101	28
22	33102	27
22	33103	27
22	33104	27
22	33105	27
22	33106	28
22	33107	28
22	33108	28
22	33109	28
22	33110	28
22	33111	28
22	33112	28
22	33113	28
22	33114	28
22	33115	28
22	33116	28
22	33117	28
22	33118	28
22	33119	28
22	33120	28
22	33121	28
22	33122	29
22	33123	30
22	33124	30
22	33125	31
22	33126	31
22	33127	33
22	33128	33
22	33129	33
22	33130	31
22	33131	28
22	33132	29
22	33133	29
22	33134	29
22	33135	29
22	33136	29
22	33137	29
22	33138	29
22	33139	29
22	33140	29
22	33141	30
22	33142	30
22	33143	30
22	33144	30
22	33145	30
22	33146	30
22	33147	30
22	33148	30
22	33149	29
22	33150	29
22	33151	29
22	33152	29
22	33153	29
22	33154	29
22	33155	29
22	33156	24
22	33157	24
22	33158	24
22	33159	24
22	33160	24
22	33161	24
22	33162	24
22	33163	24
22	33164	24
22	33165	24
22	33166	24
22	33167	24
22	33168	24
22	33169	24
22	33170	24
22	33171	24
22	33172	24
22	33173	24
22	33174	24
22	33175	23
22	33176	23
22	33177	23
22	33178	23
22	33179	23
22	33180	23
22	33181	23
22	33182	23
22	33183	23
22	33184	23
22	33185	23
22	33186	23
22	33187	23
22	33188	23
22	33189	23
22	33190	22
22	33191	22
22	33192	22
22	33193	22
22	33194	22
22	33195	22
22	33196	22
22	33197	22
22	33198	22
22	33199	22
22	33200	22
22	33201	22
22	33202	22
22	33203	22
22	33204	22
22	33205	22
22	33206	22
22	33207	22
22	33208	22
22	33209	22
22	33210	22
22	33211	22
22	33212	22
22	33213	22
22	33214	22
22	33215	22
22	33216	22
22	33217	22
22	33218	22
22	33219	21
22	33220	21
22	33221	21
22	33222	21
22	33223	14
22	33224	14
22	33225	15
22	33226	15
22	33227	15
22	33228	14
22	33229	14
22	33230	14
22	33231	15
22	33232	14
22	33233	14
22	33234	14
22	33235	14
22	33236	13
22	33237	13
22	33238	13
22	33239	13
22	33240	13
22	33241	13
22	33242	13
22	33243	13
22	33244	13
22	33245	13
22	33246	13
22	33247	13
22	33248	13
22	33249	13
22	33250	13
22	33251	13
22	33252	13
22	33253	13
22	33254	13
22	33255	13
22	33256	12
22	33257	12
22	33258	14
22	33259	14
22	33260	14
22	33261	14
22	33262	14
22	33263	15
22	33264	16
22	33265	16
22	33266	16
22	33267	16
22	33268	17
22	33269	15
22	33270	15
22	33271	15
22	33272	14
22	33273	14
22	33274	14
22	33275	13
22	33276	14
22	33277	12
22	33278	12
22	33279	12
22	33280	13
22	33281	13
22	33282	12
22	33283	12
22	33284	12
22	33285	11
22	33286	16
22	33287	16
22	33288	16
22	33289	16
22	33290	16
22	33291	15
22	33292	15
22	33293	14
22	33294	14
22	33295	14
22	33296	14
22	33297	14
22	33298	14
22	33299	14
22	33300	14
22	33301	14
22	33302	14
22	33303	14
22	33304	14
22	33305	14
22	33306	14
22	33307	14
22	33308	14
22	33309	16
22	33310	17
22	33311	17
22	33312	17
22	33313	17
22	33314	17
22	33315	17
22	33316	18
22	33317	19
22	33318	19
22	33319	19
22	33320	19
22	33321	19
22	33322	19
22	33323	19
22	33324	19
22	33325	20
22	33326	20
22	33327	20
22	33328	20
22	33329	20
22	33330	20
22	33331	20
22	33332	20
22	33333	20
22	33334	20
22	33335	20
22	33336	21
22	33337	21
22	33338	21
22	33339	21
22	33340	21
22	33341	22
22	33342	22
22	33343	23
22	33344	23
22	33345	23
22	33346	23
22	33347	23
22	33348	23
22	33349	23
22	33350	23
22	33351	23
22	33352	23
22	33353	23
22	33354	23
22	33355	23
22	33356	23
22	33357	23
22	33358	23
22	33359	23
22	33360	23
22	33361	23
22	33362	28
22	33363	30
22	33364	30
22	33365	30
22	33366	30
22	33367	30
22	33368	30
22	33369	30
22	33370	30
22	33371	30
22	33372	29
22	33373	29
22	33374	29
22	33375	29
22	33376	29
22	33377	29
22	33378	29
22	33379	29
22	33380	28
22	33381	30
22	33382	30
22	33383	30
22	33384	30
22	33385	30
22	33386	30
22	33387	30
22	33388	31
22	33389	31
22	33390	31
22	33391	31
22	33392	31
22	33393	31
22	33394	31
22	33395	31
22	33396	31
22	33397	31
22	33398	31
22	33399	31
22	33400	31
22	33401	31
22	33402	32
22	33403	32
22	33404	30
22	33405	30
22	33406	31
22	33407	32
22	33408	32
22	33409	29
22	33410	31
22	33411	31
22	33412	31
22	33413	32
22	33414	32
22	33415	32
22	33416	32
22	33417	33
22	33418	32
22	33419	29
22	33420	29
22	33421	29
22	33422	29
22	33423	29
22	33424	30
22	33425	30
22	33426	30
22	33427	30
22	33428	30
22	33429	32
22	33430	27
22	33431	27
22	33432	29
22	33433	29
22	33434	29
22	33435	29
22	33436	29
22	33437	31
22	33438	32
22	33439	32
22	33440	34
22	33441	34
22	33442	34
22	33443	34
22	33444	34
22	33445	34
22	33446	36
22	33447	36
22	33448	36
22	33449	36
22	33450	36
22	33451	36
22	33452	38
22	33453	39
22	33454	39
22	33455	39
22	33456	39
22	33457	39
22	33458	39
22	33459	42
22	33460	41
22	33461	41
22	33462	42
22	33463	42
22	33464	42
22	33465	43
22	33466	42
22	33467	42
22	33468	43
22	33469	43
22	33470	43
22	33471	43
22	33472	44
22	33473	44
22	33474	44
22	33475	44
22	33476	44
22	33477	44
22	33478	44
22	33479	45
22	33480	45
22	33481	45
22	33482	47
22	33483	47
22	33484	47
22	33485	47
22	33486	47
22	33487	48
22	33488	48
22	33489	50
22	33490	48
22	33491	48
22	33492	48
22	33493	48
22	33494	48
22	33495	48
22	33496	48
22	33497	50
22	33498	50
22	33499	50
22	33500	50
22	33501	50
22	33502	50
22	33503	50
22	33504	50
22	33505	50
22	33506	50
22	33507	50
22	33508	48
22	33509	48
22	33510	48
22	33511	46
22	33512	46
22	33513	44
22	33514	44
22	33515	44
22	33516	45
22	33517	45
22	33518	45
22	33519	45
22	33520	45
22	33521	47
22	33522	49
22	33523	50
22	33524	50
22	33525	50
22	33526	50
22	33527	50
22	33528	50
22	33529	50
22	33530	50
22	33531	48
22	33532	48
22	33533	48
22	33534	48
22	33535	49
22	33536	49
22	33537	49
22	33538	49
22	33539	49
22	33540	51
22	33541	53
22	33542	53
22	33543	53
22	33544	53
22	33545	53
22	33546	53
22	33547	53
22	33548	53
22	33549	53
22	33550	53
22	33551	53
22	33552	53
22	33553	53
22	33554	53
22	33555	53
22	33556	51
22	33557	51
22	33558	53
