22	15502	20
22	15503	19
22	15504	19
22	15505	19
22	15506	19
22	15507	19
22	15508	19
22	15509	19
22	15510	19
22	15511	19
22	15512	19
22	15513	19
22	15514	19
22	15515	19
22	15516	19
22	15517	19
22	15518	19
22	15519	19
22	15520	19
22	15521	19
22	15522	18
22	15523	18
22	15524	18
22	15525	18
22	15526	22
22	15527	22
22	15528	22
22	15529	22
22	15530	22
22	15531	22
22	15532	22
22	15533	22
22	15534	21
22	15535	21
22	15536	21
22	15537	23
22	15538	23
22	15539	23
22	15540	23
22	15541	23
22	15542	21
22	15543	21
22	15544	20
22	15545	20
22	15546	20
22	15547	20
22	15548	21
22	15549	21
22	15550	21
22	15551	21
22	15552	21
22	15553	21
22	15554	21
22	15555	21
22	15556	21
22	15557	21
22	15558	21
22	15559	21
22	15560	21
22	15561	18
22	15562	18
22	15563	19
22	15564	19
22	15565	19
22	15566	19
22	15567	19
22	15568	19
22	15569	19
22	15570	19
22	15571	19
22	15572	19
22	15573	20
22	15574	20
22	15575	21
22	15576	21
22	15577	21
22	15578	21
22	15579	19
22	15580	19
22	15581	19
22	15582	19
22	15583	19
22	15584	19
22	15585	19
22	15586	19
22	15587	19
22	15588	19
22	15589	19
22	15590	19
22	15591	19
22	15592	19
22	15593	19
22	15594	19
22	15595	19
22	15596	19
22	15597	19
22	15598	22
22	15599	22
22	15600	23
22	15601	23
22	15602	24
22	15603	25
22	15604	25
22	15605	25
22	15606	25
22	15607	25
22	15608	25
22	15609	25
22	15610	26
22	15611	26
22	15612	26
22	15613	26
22	15614	26
22	15615	27
22	15616	27
22	15617	27
22	15618	27
22	15619	28
22	15620	28
22	15621	26
22	15622	25
22	15623	24
22	15624	24
22	15625	28
22	15626	28
22	15627	28
22	15628	28
22	15629	28
22	15630	28
22	15631	28
22	15632	28
22	15633	28
22	15634	28
22	15635	26
22	15636	26
22	15637	26
22	15638	26
22	15639	26
22	15640	26
22	15641	26
22	15642	26
22	15643	26
22	15644	26
22	15645	25
22	15646	25
22	15647	25
22	15648	25
22	15649	25
22	15650	25
22	15651	25
22	15652	25
22	15653	25
22	15654	25
22	15655	25
22	15656	25
22	15657	25
22	15658	25
22	15659	26
22	15660	26
22	15661	27
22	15662	27
22	15663	27
22	15664	27
22	15665	27
22	15666	27
22	15667	27
22	15668	27
22	15669	27
22	15670	27
22	15671	27
22	15672	28
22	15673	28
22	15674	28
22	15675	24
22	15676	24
22	15677	25
22	15678	25
22	15679	24
22	15680	24
22	15681	24
22	15682	24
22	15683	24
22	15684	24
22	15685	25
22	15686	25
22	15687	25
22	15688	25
22	15689	24
22	15690	24
22	15691	24
22	15692	24
22	15693	24
22	15694	24
22	15695	24
22	15696	23
22	15697	23
22	15698	23
22	15699	23
22	15700	23
22	15701	23
22	15702	23
22	15703	23
22	15704	23
22	15705	23
22	15706	23
22	15707	23
22	15708	23
22	15709	23
22	15710	23
22	15711	23
22	15712	22
22	15713	23
22	15714	24
22	15715	24
22	15716	24
22	15717	24
22	15718	24
22	15719	24
22	15720	24
22	15721	24
22	15722	23
22	15723	23
22	15724	23
22	15725	22
22	15726	22
22	15727	22
22	15728	22
22	15729	22
22	15730	22
22	15731	22
22	15732	22
22	15733	22
22	15734	22
22	15735	22
22	15736	23
22	15737	23
22	15738	23
22	15739	23
22	15740	23
22	15741	23
22	15742	24
22	15743	24
22	15744	24
22	15745	24
22	15746	24
22	15747	24
22	15748	22
22	15749	22
22	15750	21
22	15751	20
22	15752	19
22	15753	20
22	15754	20
22	15755	20
22	15756	20
22	15757	20
22	15758	20
22	15759	20
22	15760	19
22	15761	19
22	15762	19
22	15763	19
22	15764	18
22	15765	18
22	15766	18
22	15767	18
22	15768	18
22	15769	17
22	15770	17
22	15771	17
22	15772	18
22	15773	18
22	15774	18
22	15775	14
22	15776	14
22	15777	14
22	15778	14
22	15779	15
22	15780	15
22	15781	15
22	15782	15
22	15783	15
22	15784	15
22	15785	15
22	15786	15
22	15787	15
22	15788	15
22	15789	16
22	15790	17
22	15791	17
22	15792	17
22	15793	17
22	15794	17
22	15795	17
22	15796	17
22	15797	17
22	15798	17
22	15799	17
22	15800	17
22	15801	17
22	15802	17
22	15803	17
22	15804	18
22	15805	18
22	15806	18
22	15807	18
22	15808	17
22	15809	17
22	15810	17
22	15811	16
22	15812	16
22	15813	16
22	15814	16
22	15815	16
22	15816	16
22	15817	16
22	15818	17
22	15819	17
22	15820	17
22	15821	17
22	15822	16
22	15823	16
22	15824	16
22	15825	16
22	15826	16
22	15827	15
22	15828	17
22	15829	17
22	15830	17
22	15831	17
22	15832	17
22	15833	17
22	15834	16
22	15835	16
22	15836	16
22	15837	14
22	15838	14
22	15839	14
22	15840	14
22	15841	14
22	15842	14
22	15843	14
22	15844	14
22	15845	14
22	15846	14
22	15847	14
22	15848	14
22	15849	14
22	15850	14
22	15851	14
22	15852	14
22	15853	14
22	15854	14
22	15855	14
22	15856	14
22	15857	14
22	15858	14
22	15859	14
22	15860	14
22	15861	14
22	15862	13
22	15863	12
22	15864	12
22	15865	12
22	15866	12
22	15867	12
22	15868	12
22	15869	12
22	15870	12
22	15871	12
22	15872	12
22	15873	12
22	15874	13
22	15875	13
22	15876	13
22	15877	13
22	15878	13
22	15879	13
22	15880	13
22	15881	13
22	15882	13
22	15883	13
22	15884	13
22	15885	12
22	15886	12
22	15887	12
22	15888	12
22	15889	13
22	15890	13
22	15891	13
22	15892	12
22	15893	12
22	15894	13
22	15895	13
22	15896	13
22	15897	13
22	15898	13
22	15899	13
22	15900	13
22	15901	13
22	15902	13
22	15903	13
22	15904	13
22	15905	13
22	15906	13
22	15907	13
22	15908	13
22	15909	13
22	15910	13
22	15911	13
22	15912	13
22	15913	13
22	15914	13
22	15915	13
22	15916	13
22	15917	13
22	15918	13
22	15919	13
22	15920	13
22	15921	13
22	15922	12
22	15923	12
22	15924	12
22	15925	12
22	15926	12
22	15927	12
22	15928	11
22	15929	11
22	15930	11
22	15931	11
22	15932	11
22	15933	11
22	15934	11
22	15935	11
22	15936	11
22	15937	11
22	15938	11
22	15939	10
22	15940	9
22	15941	12
22	15942	12
22	15943	12
22	15944	12
22	15945	13
22	15946	14
22	15947	14
22	15948	14
22	15949	14
22	15950	14
22	15951	14
22	15952	17
22	15953	17
22	15954	16
22	15955	16
22	15956	16
22	15957	17
22	15958	17
22	15959	17
22	15960	17
22	15961	17
22	15962	17
22	15963	17
22	15964	17
22	15965	17
22	15966	17
22	15967	17
22	15968	17
22	15969	17
22	15970	17
22	15971	17
22	15972	17
22	15973	17
22	15974	17
22	15975	17
22	15976	15
22	15977	15
22	15978	15
22	15979	15
22	15980	15
22	15981	15
22	15982	15
22	15983	15
22	15984	15
22	15985	15
22	15986	15
22	15987	15
22	15988	14
22	15989	14
22	15990	14
22	15991	14
22	15992	14
22	15993	14
22	15994	14
22	15995	14
22	15996	15
22	15997	15
22	15998	15
22	15999	15
22	16000	14
22	16001	14
22	16002	14
22	16003	14
22	16004	14
22	16005	14
22	16006	14
22	16007	14
22	16008	14
22	16009	14
22	16010	14
22	16011	14
22	16012	14
22	16013	14
22	16014	14
22	16015	15
22	16016	18
22	16017	20
22	16018	20
22	16019	20
22	16020	20
22	16021	20
22	16022	20
22	16023	20
22	16024	19
22	16025	19
22	16026	19
22	16027	19
22	16028	21
22	16029	21
22	16030	22
22	16031	22
22	16032	23
22	16033	23
22	16034	25
22	16035	25
22	16036	25
22	16037	25
22	16038	25
22	16039	24
22	16040	24
22	16041	24
22	16042	24
22	16043	24
22	16044	23
22	16045	23
22	16046	23
22	16047	25
22	16048	25
22	16049	25
22	16050	25
22	16051	25
22	16052	25
22	16053	28
22	16054	28
22	16055	28
22	16056	28
22	16057	28
22	16058	29
22	16059	29
22	16060	29
22	16061	29
22	16062	29
22	16063	29
22	16064	29
22	16065	29
22	16066	29
22	16067	29
22	16068	29
22	16069	29
22	16070	29
22	16071	29
22	16072	30
22	16073	30
22	16074	30
22	16075	31
22	16076	31
22	16077	31
22	16078	31
22	16079	31
22	16080	31
22	16081	32
22	16082	32
22	16083	32
22	16084	32
22	16085	32
22	16086	32
22	16087	32
22	16088	32
22	16089	32
22	16090	31
22	16091	33
22	16092	34
22	16093	34
22	16094	33
22	16095	32
22	16096	32
22	16097	32
22	16098	32
22	16099	32
22	16100	32
22	16101	33
22	16102	30
22	16103	30
22	16104	30
22	16105	30
22	16106	29
22	16107	29
22	16108	29
22	16109	29
22	16110	29
22	16111	29
22	16112	29
22	16113	31
22	16114	31
22	16115	32
22	16116	32
22	16117	31
22	16118	31
22	16119	31
22	16120	31
22	16121	31
22	16122	31
22	16123	31
22	16124	31
22	16125	31
22	16126	31
22	16127	32
22	16128	32
22	16129	32
22	16130	32
22	16131	32
22	16132	32
22	16133	32
22	16134	32
22	16135	33
22	16136	33
22	16137	33
22	16138	34
22	16139	34
22	16140	34
22	16141	34
22	16142	34
22	16143	34
22	16144	34
22	16145	34
22	16146	33
22	16147	33
22	16148	33
22	16149	33
22	16150	33
22	16151	33
22	16152	33
22	16153	33
22	16154	33
22	16155	33
22	16156	32
22	16157	32
22	16158	32
22	16159	32
22	16160	32
22	16161	32
22	16162	32
22	16163	32
22	16164	32
22	16165	31
22	16166	26
22	16167	26
22	16168	29
22	16169	29
22	16170	29
22	16171	29
22	16172	29
22	16173	29
22	16174	30
22	16175	30
22	16176	30
22	16177	32
22	16178	29
22	16179	29
22	16180	29
22	16181	28
22	16182	28
22	16183	28
22	16184	26
22	16185	27
22	16186	27
22	16187	27
22	16188	27
22	16189	27
22	16190	28
22	16191	28
22	16192	28
22	16193	28
22	16194	28
22	16195	28
22	16196	26
22	16197	26
22	16198	28
22	16199	28
22	16200	28
22	16201	28
22	16202	28
22	16203	25
22	16204	25
22	16205	25
22	16206	25
22	16207	25
22	16208	24
22	16209	24
22	16210	24
22	16211	24
22	16212	24
22	16213	24
22	16214	24
22	16215	24
22	16216	24
22	16217	24
22	16218	24
22	16219	24
22	16220	24
22	16221	24
22	16222	23
22	16223	23
22	16224	22
22	16225	22
22	16226	22
22	16227	22
22	16228	22
22	16229	22
22	16230	22
22	16231	21
22	16232	22
22	16233	22
22	16234	22
22	16235	22
22	16236	22
22	16237	23
22	16238	23
22	16239	23
22	16240	23
22	16241	20
22	16242	19
22	16243	19
22	16244	19
22	16245	19
22	16246	19
22	16247	19
22	16248	19
22	16249	19
22	16250	19
22	16251	18
22	16252	18
22	16253	18
22	16254	18
22	16255	18
22	16256	18
22	16257	18
22	16258	18
22	16259	18
22	16260	18
22	16261	18
22	16262	18
22	16263	16
22	16264	15
22	16265	15
22	16266	15
22	16267	15
22	16268	15
22	16269	15
22	16270	15
22	16271	15
22	16272	15
22	16273	15
22	16274	15
22	16275	15
22	16276	14
22	16277	14
22	16278	14
22	16279	14
22	16280	14
22	16281	15
22	16282	15
22	16283	15
22	16284	15
22	16285	14
22	16286	14
22	16287	14
22	16288	14
22	16289	14
22	16290	14
22	16291	14
22	16292	14
22	16293	14
22	16294	14
22	16295	14
22	16296	14
22	16297	14
22	16298	14
22	16299	14
22	16300	14
22	16301	14
22	16302	14
22	16303	14
22	16304	14
22	16305	14
22	16306	14
22	16307	14
22	16308	14
22	16309	14
22	16310	14
22	16311	14
22	16312	14
22	16313	14
22	16314	14
22	16315	14
22	16316	14
22	16317	14
22	16318	11
22	16319	11
22	16320	11
22	16321	11
22	16322	11
22	16323	10
22	16324	10
22	16325	10
22	16326	8
22	16327	8
22	16328	8
22	16329	8
22	16330	8
22	16331	8
22	16332	9
22	16333	8
22	16334	8
22	16335	8
22	16336	8
22	16337	8
22	16338	8
22	16339	8
22	16340	7
22	16341	7
22	16342	7
22	16343	7
22	16344	7
22	16345	7
22	16346	7
22	16347	7
22	16348	5
22	16349	5
22	16350	5
22	16351	5
22	16352	5
22	16353	5
22	16354	5
22	16355	5
22	16356	5
22	16357	5
22	16358	5
22	16359	5
22	16360	5
22	16361	5
22	16362	7
22	16363	8
22	16364	8
22	16365	8
22	16366	8
22	16367	8
22	16368	8
22	16369	8
22	16370	8
22	16371	8
22	16372	8
22	16373	9
22	16374	9
22	16375	9
22	16376	9
22	16377	9
22	16378	9
22	16379	9
22	16380	9
22	16381	9
22	16382	9
22	16383	9
22	16384	9
22	16385	9
22	16386	8
22	16387	8
22	16388	8
22	16389	8
22	16390	8
22	16391	8
22	16392	7
22	16393	7
22	16394	7
22	16395	7
22	16396	7
22	16397	7
22	16398	7
22	16399	7
22	16400	8
22	16401	8
22	16402	8
22	16403	8
22	16404	8
22	16405	9
22	16406	9
22	16407	10
22	16408	10
22	16409	10
22	16410	10
22	16411	10
22	16412	10
22	16413	10
22	16414	10
22	16415	10
22	16416	10
22	16417	10
22	16418	10
22	16419	10
22	16420	11
22	16421	11
22	16422	11
22	16423	11
22	16424	11
22	16425	11
22	16426	10
22	16427	10
22	16428	10
22	16429	10
22	16430	10
22	16431	10
22	16432	10
22	16433	10
22	16434	10
22	16435	10
22	16436	10
22	16437	10
22	16438	10
22	16439	11
22	16440	11
22	16441	11
22	16442	11
22	16443	11
22	16444	11
22	16445	11
22	16446	11
22	16447	11
22	16448	11
22	16449	11
22	16450	11
22	16451	11
22	16452	11
22	16453	11
22	16454	11
22	16455	11
22	16456	11
22	16457	11
22	16458	11
22	16459	11
22	16460	11
22	16461	11
22	16462	11
22	16463	11
22	16464	11
22	16465	11
22	16466	11
22	16467	11
22	16468	11
22	16469	11
22	16470	11
22	16471	11
22	16472	11
22	16473	10
22	16474	10
22	16475	10
22	16476	10
22	16477	10
22	16478	10
22	16479	10
22	16480	11
22	16481	11
22	16482	11
22	16483	11
22	16484	11
22	16485	11
22	16486	11
22	16487	11
22	16488	11
22	16489	11
22	16490	11
22	16491	11
22	16492	11
22	16493	11
22	16494	11
22	16495	11
22	16496	11
22	16497	11
22	16498	12
22	16499	12
22	16500	12
22	16501	12
22	16502	12
22	16503	12
22	16504	12
22	16505	12
22	16506	12
22	16507	12
22	16508	12
22	16509	12
22	16510	13
22	16511	11
22	16512	11
22	16513	11
22	16514	11
22	16515	11
22	16516	11
22	16517	11
22	16518	11
22	16519	11
22	16520	11
22	16521	11
22	16522	12
22	16523	11
22	16524	11
22	16525	11
22	16526	9
22	16527	10
22	16528	10
22	16529	10
22	16530	10
22	16531	10
22	16532	10
22	16533	10
22	16534	10
22	16535	10
22	16536	10
22	16537	10
22	16538	10
22	16539	10
22	16540	10
22	16541	11
22	16542	11
22	16543	11
22	16544	11
22	16545	11
22	16546	11
22	16547	11
22	16548	11
22	16549	13
22	16550	13
22	16551	13
22	16552	13
22	16553	13
22	16554	13
22	16555	13
22	16556	13
22	16557	12
22	16558	12
22	16559	12
22	16560	12
22	16561	12
22	16562	12
22	16563	12
22	16564	12
22	16565	12
22	16566	12
22	16567	12
22	16568	12
22	16569	12
22	16570	11
22	16571	11
22	16572	11
22	16573	11
22	16574	12
22	16575	12
22	16576	12
22	16577	12
22	16578	12
22	16579	12
22	16580	12
22	16581	12
22	16582	12
22	16583	12
22	16584	12
22	16585	12
22	16586	12
22	16587	12
22	16588	11
22	16589	11
22	16590	11
22	16591	11
22	16592	11
22	16593	11
22	16594	11
22	16595	11
22	16596	11
22	16597	11
22	16598	11
22	16599	11
22	16600	11
22	16601	11
22	16602	11
22	16603	11
22	16604	11
22	16605	11
22	16606	11
22	16607	11
22	16608	11
22	16609	11
22	16610	11
22	16611	11
22	16612	11
22	16613	11
22	16614	11
22	16615	11
22	16616	11
22	16617	11
22	16618	11
22	16619	11
22	16620	11
22	16621	11
22	16622	11
22	16623	11
22	16624	11
22	16625	11
22	16626	11
22	16627	11
22	16628	11
22	16629	11
22	16630	11
22	16631	11
22	16632	11
22	16633	11
22	16634	11
22	16635	11
22	16636	11
22	16637	14
22	16638	14
22	16639	14
22	16640	14
22	16641	14
22	16642	14
22	16643	14
22	16644	14
22	16645	14
22	16646	14
22	16647	13
22	16648	13
22	16649	13
22	16650	13
22	16651	13
22	16652	13
22	16653	13
22	16654	13
22	16655	13
22	16656	13
22	16657	13
22	16658	13
22	16659	13
22	16660	12
22	16661	12
22	16662	11
22	16663	12
22	16664	12
22	16665	12
22	16666	12
22	16667	12
22	16668	13
22	16669	13
22	16670	13
22	16671	13
22	16672	12
22	16673	12
22	16674	14
22	16675	14
22	16676	14
22	16677	13
22	16678	13
22	16679	13
22	16680	13
22	16681	13
22	16682	13
22	16683	13
22	16684	13
22	16685	13
22	16686	13
22	16687	13
22	16688	13
22	16689	13
22	16690	13
22	16691	14
22	16692	14
22	16693	14
22	16694	14
22	16695	14
22	16696	14
22	16697	14
22	16698	13
22	16699	11
22	16700	11
22	16701	11
22	16702	11
22	16703	11
22	16704	11
22	16705	11
22	16706	11
22	16707	12
22	16708	12
22	16709	13
22	16710	13
22	16711	13
22	16712	13
22	16713	13
22	16714	13
22	16715	13
22	16716	13
22	16717	13
22	16718	13
22	16719	13
22	16720	13
22	16721	13
22	16722	13
22	16723	12
22	16724	12
22	16725	12
22	16726	12
22	16727	12
22	16728	12
22	16729	12
22	16730	12
22	16731	12
22	16732	12
22	16733	12
22	16734	12
22	16735	13
22	16736	13
22	16737	13
22	16738	13
22	16739	13
22	16740	13
22	16741	13
22	16742	13
22	16743	13
22	16744	13
22	16745	13
22	16746	13
22	16747	15
22	16748	15
22	16749	15
22	16750	15
22	16751	15
22	16752	15
22	16753	15
22	16754	15
22	16755	15
22	16756	14
22	16757	14
22	16758	14
22	16759	14
22	16760	14
22	16761	14
22	16762	14
22	16763	14
22	16764	14
22	16765	14
22	16766	15
22	16767	15
22	16768	17
22	16769	17
22	16770	17
22	16771	17
22	16772	17
22	16773	17
22	16774	17
22	16775	17
22	16776	17
22	16777	17
22	16778	17
22	16779	17
22	16780	17
22	16781	17
22	16782	17
22	16783	17
22	16784	17
22	16785	16
22	16786	16
22	16787	14
22	16788	14
22	16789	14
22	16790	14
22	16791	14
22	16792	14
22	16793	14
22	16794	14
22	16795	14
22	16796	15
22	16797	15
22	16798	16
22	16799	16
22	16800	16
22	16801	16
22	16802	16
22	16803	16
22	16804	18
22	16805	18
22	16806	18
22	16807	18
22	16808	18
22	16809	18
22	16810	18
22	16811	18
22	16812	17
22	16813	19
22	16814	19
22	16815	19
22	16816	18
22	16817	18
22	16818	18
22	16819	18
22	16820	18
22	16821	18
22	16822	17
22	16823	16
22	16824	16
22	16825	16
22	16826	16
22	16827	16
22	16828	16
22	16829	16
22	16830	17
22	16831	17
22	16832	17
22	16833	17
22	16834	17
22	16835	18
22	16836	18
22	16837	18
22	16838	18
22	16839	17
22	16840	17
22	16841	16
22	16842	16
22	16843	16
22	16844	16
22	16845	16
22	16846	16
22	16847	16
22	16848	16
22	16849	16
22	16850	16
22	16851	16
22	16852	16
22	16853	16
22	16854	16
22	16855	16
22	16856	16
22	16857	15
22	16858	15
22	16859	14
22	16860	14
22	16861	14
22	16862	14
22	16863	14
22	16864	14
22	16865	14
22	16866	14
22	16867	14
22	16868	14
22	16869	14
22	16870	16
22	16871	16
22	16872	16
22	16873	17
22	16874	17
22	16875	17
22	16876	17
22	16877	17
22	16878	17
22	16879	17
22	16880	17
22	16881	17
22	16882	17
22	16883	17
22	16884	16
22	16885	16
22	16886	17
22	16887	17
22	16888	17
22	16889	17
22	16890	17
22	16891	17
22	16892	17
22	16893	17
22	16894	17
22	16895	15
22	16896	15
22	16897	15
22	16898	15
22	16899	17
22	16900	17
22	16901	18
22	16902	18
22	16903	18
22	16904	19
22	16905	19
22	16906	19
22	16907	19
22	16908	19
22	16909	19
22	16910	22
22	16911	22
22	16912	22
22	16913	22
22	16914	22
22	16915	22
22	16916	21
22	16917	21
22	16918	19
22	16919	19
22	16920	21
22	16921	21
22	16922	21
22	16923	21
22	16924	21
22	16925	21
22	16926	21
22	16927	21
22	16928	21
22	16929	21
22	16930	21
22	16931	21
22	16932	21
22	16933	21
22	16934	21
22	16935	21
22	16936	21
22	16937	21
22	16938	21
22	16939	21
22	16940	21
22	16941	21
22	16942	21
22	16943	21
22	16944	21
22	16945	22
22	16946	22
22	16947	22
22	16948	21
22	16949	21
22	16950	21
22	16951	21
22	16952	21
22	16953	21
22	16954	19
22	16955	19
22	16956	19
22	16957	19
22	16958	19
22	16959	19
22	16960	19
22	16961	19
22	16962	19
22	16963	17
22	16964	17
22	16965	17
22	16966	17
22	16967	17
22	16968	17
22	16969	17
22	16970	17
22	16971	17
22	16972	17
22	16973	17
22	16974	17
22	16975	17
22	16976	18
22	16977	18
22	16978	18
22	16979	17
22	16980	17
22	16981	17
22	16982	17
22	16983	17
22	16984	17
22	16985	16
22	16986	16
22	16987	16
22	16988	16
22	16989	16
22	16990	16
22	16991	16
22	16992	16
22	16993	16
22	16994	17
22	16995	21
22	16996	21
22	16997	21
22	16998	21
22	16999	21
22	17000	22
22	17001	22
22	17002	24
22	17003	24
22	17004	24
22	17005	24
22	17006	24
22	17007	24
22	17008	24
22	17009	24
22	17010	24
22	17011	24
22	17012	24
22	17013	24
22	17014	24
22	17015	24
22	17016	24
22	17017	24
22	17018	24
22	17019	23
22	17020	22
22	17021	22
22	17022	23
22	17023	22
22	17024	22
22	17025	22
22	17026	22
22	17027	22
22	17028	22
22	17029	22
22	17030	22
22	17031	22
22	17032	22
22	17033	23
22	17034	23
22	17035	24
22	17036	23
22	17037	23
22	17038	23
22	17039	23
22	17040	30
22	17041	31
22	17042	31
22	17043	31
22	17044	31
22	17045	31
22	17046	31
22	17047	31
22	17048	31
22	17049	29
22	17050	29
22	17051	28
22	17052	31
22	17053	30
22	17054	30
22	17055	30
22	17056	30
22	17057	30
22	17058	30
22	17059	27
22	17060	28
22	17061	29
22	17062	29
22	17063	29
22	17064	29
22	17065	29
22	17066	29
22	17067	29
22	17068	29
22	17069	27
22	17070	27
22	17071	27
22	17072	27
22	17073	27
22	17074	27
22	17075	27
22	17076	27
22	17077	27
22	17078	27
22	17079	27
22	17080	27
22	17081	27
22	17082	27
22	17083	27
22	17084	27
22	17085	27
22	17086	27
22	17087	27
22	17088	27
22	17089	27
22	17090	27
22	17091	27
22	17092	29
22	17093	29
22	17094	29
22	17095	30
22	17096	30
22	17097	31
22	17098	31
22	17099	31
22	17100	31
22	17101	31
22	17102	31
22	17103	31
22	17104	31
22	17105	31
22	17106	31
22	17107	31
22	17108	31
22	17109	31
22	17110	31
22	17111	31
22	17112	31
22	17113	31
22	17114	31
22	17115	31
22	17116	31
22	17117	31
22	17118	31
22	17119	31
22	17120	31
22	17121	31
22	17122	31
22	17123	32
22	17124	32
22	17125	32
22	17126	31
22	17127	31
22	17128	31
22	17129	31
22	17130	31
22	17131	31
22	17132	31
22	17133	31
22	17134	31
22	17135	31
22	17136	31
22	17137	31
22	17138	31
22	17139	33
22	17140	33
22	17141	34
22	17142	34
22	17143	34
22	17144	29
22	17145	29
22	17146	29
22	17147	29
22	17148	29
22	17149	30
22	17150	29
22	17151	32
22	17152	30
22	17153	30
22	17154	30
22	17155	30
22	17156	31
22	17157	31
22	17158	31
22	17159	31
22	17160	31
22	17161	31
22	17162	32
22	17163	32
22	17164	33
22	17165	32
22	17166	33
22	17167	33
22	17168	33
22	17169	33
22	17170	33
22	17171	33
22	17172	32
22	17173	32
22	17174	32
22	17175	32
22	17176	32
22	17177	32
22	17178	32
22	17179	32
22	17180	33
22	17181	33
22	17182	33
22	17183	30
22	17184	30
22	17185	30
22	17186	31
22	17187	31
22	17188	31
22	17189	31
22	17190	26
22	17191	25
22	17192	25
22	17193	26
22	17194	26
22	17195	26
22	17196	26
22	17197	26
22	17198	26
22	17199	26
22	17200	26
22	17201	26
22	17202	23
22	17203	23
22	17204	23
22	17205	23
22	17206	23
22	17207	23
22	17208	23
22	17209	23
22	17210	21
22	17211	21
22	17212	21
22	17213	21
22	17214	21
22	17215	21
22	17216	21
22	17217	21
22	17218	21
22	17219	21
22	17220	21
22	17221	21
22	17222	21
22	17223	21
22	17224	21
22	17225	21
22	17226	21
22	17227	21
22	17228	21
22	17229	21
22	17230	21
22	17231	22
22	17232	22
22	17233	22
22	17234	22
22	17235	22
22	17236	22
22	17237	22
22	17238	24
22	17239	24
22	17240	24
22	17241	22
22	17242	23
22	17243	23
22	17244	23
22	17245	20
22	17246	20
22	17247	19
22	17248	19
22	17249	19
22	17250	19
22	17251	19
22	17252	19
22	17253	19
22	17254	19
22	17255	19
22	17256	19
22	17257	19
22	17258	19
22	17259	19
22	17260	19
22	17261	19
22	17262	19
22	17263	19
22	17264	19
22	17265	19
22	17266	19
22	17267	19
22	17268	19
22	17269	19
22	17270	19
22	17271	19
22	17272	18
22	17273	18
22	17274	18
22	17275	18
22	17276	19
22	17277	19
22	17278	19
22	17279	19
22	17280	19
22	17281	19
22	17282	19
22	17283	19
22	17284	19
22	17285	19
22	17286	19
22	17287	19
22	17288	19
22	17289	17
22	17290	17
22	17291	17
22	17292	18
22	17293	18
22	17294	18
22	17295	18
22	17296	18
22	17297	18
22	17298	17
22	17299	17
22	17300	17
22	17301	14
22	17302	14
22	17303	14
22	17304	14
22	17305	14
22	17306	13
22	17307	13
22	17308	13
22	17309	13
22	17310	13
22	17311	13
22	17312	12
22	17313	12
22	17314	11
22	17315	11
22	17316	11
22	17317	12
22	17318	12
22	17319	13
22	17320	13
22	17321	14
22	17322	14
22	17323	14
22	17324	14
22	17325	15
22	17326	15
22	17327	15
22	17328	15
22	17329	14
22	17330	14
22	17331	15
22	17332	14
22	17333	14
22	17334	14
22	17335	14
22	17336	13
22	17337	13
22	17338	13
22	17339	14
22	17340	14
22	17341	14
22	17342	14
22	17343	13
22	17344	13
22	17345	13
22	17346	13
22	17347	13
22	17348	14
22	17349	14
22	17350	14
22	17351	15
22	17352	15
22	17353	15
22	17354	15
22	17355	15
22	17356	15
22	17357	15
22	17358	15
22	17359	16
22	17360	16
22	17361	16
22	17362	16
22	17363	16
22	17364	16
22	17365	16
22	17366	16
22	17367	16
22	17368	16
22	17369	16
22	17370	16
22	17371	16
22	17372	16
22	17373	16
22	17374	18
22	17375	18
22	17376	18
22	17377	20
22	17378	19
22	17379	19
22	17380	19
22	17381	19
22	17382	19
22	17383	19
22	17384	19
22	17385	19
22	17386	20
22	17387	20
22	17388	18
22	17389	19
22	17390	19
22	17391	19
22	17392	18
22	17393	18
22	17394	18
22	17395	18
22	17396	18
22	17397	18
22	17398	18
22	17399	18
22	17400	18
22	17401	18
22	17402	18
22	17403	18
22	17404	18
22	17405	18
22	17406	18
22	17407	18
22	17408	18
22	17409	18
22	17410	18
22	17411	18
22	17412	18
22	17413	18
22	17414	18
22	17415	18
22	17416	18
22	17417	18
22	17418	18
22	17419	18
22	17420	18
22	17421	18
22	17422	18
22	17423	19
22	17424	19
22	17425	19
22	17426	18
22	17427	18
22	17428	18
22	17429	18
22	17430	18
22	17431	18
22	17432	18
22	17433	18
22	17434	18
22	17435	18
22	17436	18
22	17437	17
22	17438	17
22	17439	18
22	17440	18
22	17441	18
22	17442	18
22	17443	18
22	17444	18
22	17445	18
22	17446	18
22	17447	18
22	17448	19
22	17449	19
22	17450	19
22	17451	19
22	17452	19
22	17453	19
22	17454	19
22	17455	19
22	17456	19
22	17457	19
22	17458	19
22	17459	19
22	17460	19
22	17461	19
22	17462	20
22	17463	20
22	17464	20
22	17465	20
22	17466	22
22	17467	21
22	17468	21
22	17469	20
22	17470	20
22	17471	19
22	17472	19
22	17473	19
22	17474	19
22	17475	18
22	17476	18
22	17477	18
22	17478	18
22	17479	18
22	17480	17
22	17481	17
22	17482	17
22	17483	17
22	17484	17
22	17485	17
22	17486	17
22	17487	17
22	17488	17
22	17489	16
22	17490	16
22	17491	16
22	17492	16
22	17493	16
22	17494	16
22	17495	16
22	17496	16
22	17497	16
22	17498	15
22	17499	16
22	17500	15
22	17501	15
22	17502	15
22	17503	15
22	17504	15
22	17505	15
22	17506	15
22	17507	16
22	17508	16
22	17509	15
22	17510	15
22	17511	15
22	17512	15
22	17513	15
22	17514	15
22	17515	15
22	17516	15
22	17517	15
22	17518	15
22	17519	15
22	17520	15
22	17521	15
22	17522	15
22	17523	15
22	17524	13
22	17525	13
22	17526	13
22	17527	11
22	17528	11
22	17529	11
22	17530	11
22	17531	11
22	17532	11
22	17533	11
22	17534	11
22	17535	11
22	17536	10
22	17537	10
22	17538	9
22	17539	9
22	17540	9
22	17541	10
22	17542	11
22	17543	11
22	17544	11
22	17545	11
22	17546	11
22	17547	11
22	17548	11
22	17549	11
22	17550	12
22	17551	12
22	17552	12
22	17553	12
22	17554	12
22	17555	12
22	17556	12
22	17557	12
22	17558	12
22	17559	12
22	17560	12
22	17561	12
22	17562	12
22	17563	12
22	17564	12
22	17565	12
22	17566	12
22	17567	12
22	17568	12
22	17569	12
22	17570	12
22	17571	12
22	17572	12
22	17573	11
22	17574	11
22	17575	11
22	17576	11
22	17577	11
22	17578	11
22	17579	11
22	17580	11
22	17581	11
22	17582	11
22	17583	11
22	17584	11
22	17585	11
22	17586	11
22	17587	11
22	17588	11
22	17589	12
22	17590	11
22	17591	11
22	17592	11
22	17593	11
22	17594	11
22	17595	11
22	17596	11
22	17597	11
22	17598	10
22	17599	10
22	17600	10
22	17601	10
22	17602	10
22	17603	10
22	17604	10
22	17605	10
22	17606	10
22	17607	10
22	17608	10
22	17609	10
22	17610	10
22	17611	3
22	17612	9
22	17613	9
22	17614	9
22	17615	9
22	17616	9
22	17617	9
22	17618	9
22	17619	9
22	17620	9
22	17621	9
22	17622	9
22	17623	9
22	17624	9
22	17625	9
22	17626	9
22	17627	9
22	17628	9
22	17629	9
22	17630	9
22	17631	9
22	17632	9
22	17633	9
22	17634	9
22	17635	9
22	17636	9
22	17637	9
22	17638	9
22	17639	9
22	17640	9
22	17641	9
22	17642	9
22	17643	9
22	17644	9
22	17645	9
22	17646	9
22	17647	9
22	17648	9
22	17649	9
22	17650	6
22	17651	6
22	17652	6
22	17653	5
22	17654	6
22	17655	6
22	17656	6
22	17657	6
22	17658	6
22	17659	6
22	17660	6
22	17661	6
22	17662	6
22	17663	6
22	17664	6
22	17665	6
22	17666	6
22	17667	6
22	17668	6
22	17669	6
22	17670	6
22	17671	6
22	17672	6
22	17673	6
22	17674	6
22	17675	6
22	17676	6
22	17677	6
22	17678	6
22	17679	6
22	17680	6
22	17681	6
22	17682	5
22	17683	5
22	17684	5
22	17685	5
22	17686	5
22	17687	5
22	17688	5
22	17689	3
22	17690	2
22	17691	2
22	17692	2
22	17693	2
22	17694	5
22	17695	5
22	17696	5
22	17697	5
22	17698	5
22	17699	5
22	17700	5
22	17701	5
22	17702	5
22	17703	5
22	17704	5
22	17705	5
22	17706	5
22	17707	5
22	17708	5
22	17709	6
22	17710	6
22	17711	6
22	17712	6
22	17713	6
22	17714	6
22	17715	6
22	17716	6
22	17717	6
22	17718	6
22	17719	6
22	17720	6
22	17721	7
22	17722	7
22	17723	7
22	17724	7
22	17725	7
22	17726	7
22	17727	7
22	17728	7
22	17729	7
22	17730	7
22	17731	7
22	17732	7
22	17733	7
22	17734	7
22	17735	7
22	17736	7
22	17737	7
22	17738	7
22	17739	7
22	17740	5
22	17741	5
22	17742	5
22	17743	5
22	17744	5
22	17745	5
22	17746	5
22	17747	5
22	17748	5
22	17749	5
22	17750	6
22	17751	6
22	17752	7
22	17753	7
22	17754	7
22	17755	7
22	17756	7
22	17757	7
22	17758	7
22	17759	7
22	17760	7
22	17761	8
22	17762	8
22	17763	8
22	17764	8
22	17765	9
22	17766	9
22	17767	9
22	17768	9
22	17769	9
22	17770	9
22	17771	9
22	17772	9
22	17773	12
22	17774	10
22	17775	12
22	17776	12
22	17777	12
22	17778	12
22	17779	12
22	17780	12
22	17781	12
22	17782	12
22	17783	12
22	17784	12
22	17785	12
22	17786	12
22	17787	12
22	17788	13
22	17789	13
22	17790	13
22	17791	13
22	17792	14
22	17793	14
22	17794	14
22	17795	14
22	17796	14
22	17797	14
22	17798	14
22	17799	14
22	17800	14
22	17801	14
22	17802	14
22	17803	14
22	17804	14
22	17805	14
22	17806	14
22	17807	14
22	17808	14
22	17809	14
22	17810	14
22	17811	14
22	17812	14
22	17813	14
22	17814	14
22	17815	14
22	17816	14
22	17817	14
22	17818	14
22	17819	14
22	17820	14
22	17821	14
22	17822	14
22	17823	14
22	17824	15
22	17825	15
22	17826	15
22	17827	15
22	17828	15
22	17829	15
22	17830	15
22	17831	15
22	17832	15
22	17833	15
22	17834	15
22	17835	15
22	17836	15
22	17837	15
22	17838	15
22	17839	14
22	17840	14
22	17841	14
22	17842	14
22	17843	14
22	17844	14
22	17845	14
22	17846	14
22	17847	14
22	17848	14
22	17849	14
22	17850	14
22	17851	14
22	17852	14
22	17853	14
22	17854	14
22	17855	14
22	17856	14
22	17857	13
22	17858	13
22	17859	14
22	17860	14
22	17861	14
22	17862	14
22	17863	14
22	17864	14
22	17865	14
22	17866	15
22	17867	15
22	17868	16
22	17869	16
22	17870	16
22	17871	16
22	17872	16
22	17873	16
22	17874	16
22	17875	17
22	17876	17
22	17877	17
22	17878	17
22	17879	17
22	17880	18
22	17881	18
22	17882	18
22	17883	19
22	17884	19
22	17885	19
22	17886	19
22	17887	19
22	17888	19
22	17889	19
22	17890	19
22	17891	19
22	17892	20
22	17893	20
22	17894	20
22	17895	20
22	17896	20
22	17897	20
22	17898	20
22	17899	20
22	17900	19
22	17901	18
22	17902	18
22	17903	19
22	17904	19
22	17905	19
22	17906	19
22	17907	19
22	17908	19
22	17909	19
22	17910	19
22	17911	19
22	17912	18
22	17913	18
22	17914	18
22	17915	18
22	17916	17
22	17917	17
22	17918	17
22	17919	17
22	17920	17
22	17921	17
22	17922	18
22	17923	15
22	17924	15
22	17925	15
22	17926	15
22	17927	15
22	17928	15
22	17929	15
22	17930	17
22	17931	17
22	17932	17
22	17933	17
22	17934	17
22	17935	17
22	17936	17
22	17937	17
22	17938	16
22	17939	16
22	17940	15
22	17941	15
22	17942	15
22	17943	15
22	17944	15
22	17945	15
22	17946	13
22	17947	13
22	17948	13
22	17949	13
22	17950	13
22	17951	13
22	17952	14
22	17953	14
22	17954	14
22	17955	14
22	17956	14
22	17957	14
22	17958	14
22	17959	14
22	17960	14
22	17961	14
22	17962	15
22	17963	15
22	17964	19
22	17965	19
22	17966	19
22	17967	19
22	17968	19
22	17969	19
22	17970	19
22	17971	19
22	17972	19
22	17973	18
22	17974	18
22	17975	18
22	17976	18
22	17977	19
22	17978	19
22	17979	19
22	17980	19
22	17981	19
22	17982	19
22	17983	19
22	17984	19
22	17985	21
22	17986	23
22	17987	24
22	17988	24
22	17989	25
22	17990	25
22	17991	25
22	17992	25
22	17993	25
22	17994	25
22	17995	25
22	17996	25
22	17997	25
22	17998	27
22	17999	27
22	18000	27
22	18001	27
22	18002	27
22	18003	27
22	18004	27
22	18005	27
22	18006	27
22	18007	25
22	18008	27
22	18009	27
22	18010	27
22	18011	27
22	18012	27
22	18013	27
22	18014	29
22	18015	29
22	18016	28
22	18017	30
22	18018	29
22	18019	29
22	18020	29
22	18021	29
22	18022	29
22	18023	29
22	18024	28
22	18025	28
22	18026	28
22	18027	28
22	18028	30
22	18029	31
22	18030	30
22	18031	30
22	18032	31
22	18033	33
22	18034	33
22	18035	36
22	18036	36
22	18037	36
22	18038	36
22	18039	36
22	18040	36
22	18041	36
22	18042	35
22	18043	35
22	18044	35
22	18045	35
22	18046	36
22	18047	36
22	18048	36
22	18049	36
22	18050	36
22	18051	35
22	18052	35
22	18053	35
22	18054	35
22	18055	35
22	18056	35
22	18057	35
22	18058	35
22	18059	36
22	18060	36
22	18061	36
22	18062	36
22	18063	36
22	18064	36
22	18065	36
22	18066	36
22	18067	37
22	18068	37
22	18069	39
22	18070	42
22	18071	42
22	18072	44
22	18073	44
22	18074	44
22	18075	44
22	18076	44
22	18077	45
22	18078	46
22	18079	46
22	18080	44
22	18081	44
22	18082	44
22	18083	44
22	18084	44
22	18085	47
22	18086	47
22	18087	47
22	18088	47
22	18089	47
22	18090	47
22	18091	47
22	18092	50
22	18093	51
22	18094	51
22	18095	51
22	18096	51
22	18097	52
22	18098	54
22	18099	54
22	18100	54
22	18101	53
22	18102	53
22	18103	53
22	18104	53
22	18105	53
22	18106	53
22	18107	53
22	18108	53
22	18109	53
22	18110	53
22	18111	53
22	18112	52
22	18113	50
22	18114	50
22	18115	50
22	18116	52
22	18117	52
22	18118	52
22	18119	52
22	18120	52
22	18121	52
22	18122	52
22	18123	52
22	18124	52
22	18125	52
22	18126	51
22	18127	51
22	18128	51
22	18129	51
22	18130	51
22	18131	53
22	18132	54
22	18133	54
22	18134	54
22	18135	52
22	18136	50
22	18137	49
22	18138	51
22	18139	50
22	18140	51
22	18141	51
22	18142	51
22	18143	51
22	18144	51
22	18145	51
22	18146	51
22	18147	51
22	18148	49
22	18149	49
22	18150	49
22	18151	49
22	18152	49
22	18153	49
22	18154	49
22	18155	49
22	18156	49
22	18157	49
22	18158	47
22	18159	47
22	18160	47
22	18161	47
22	18162	50
22	18163	49
22	18164	49
22	18165	51
22	18166	50
22	18167	52
22	18168	53
22	18169	53
22	18170	57
22	18171	57
22	18172	60
22	18173	60
22	18174	60
22	18175	60
22	18176	58
22	18177	58
22	18178	56
22	18179	55
22	18180	55
22	18181	55
22	18182	54
22	18183	52
22	18184	52
22	18185	51
22	18186	51
22	18187	51
22	18188	51
22	18189	51
22	18190	51
22	18191	52
22	18192	52
22	18193	53
22	18194	53
22	18195	54
22	18196	53
22	18197	53
22	18198	53
22	18199	53
22	18200	53
22	18201	53
22	18202	53
22	18203	54
22	18204	54
22	18205	54
22	18206	53
22	18207	53
22	18208	53
22	18209	53
22	18210	53
22	18211	53
22	18212	55
22	18213	56
22	18214	58
22	18215	58
22	18216	58
22	18217	57
22	18218	57
22	18219	55
22	18220	53
22	18221	53
22	18222	50
22	18223	51
22	18224	50
22	18225	51
22	18226	51
22	18227	50
22	18228	50
22	18229	50
22	18230	51
22	18231	51
22	18232	55
22	18233	55
22	18234	52
22	18235	52
22	18236	53
22	18237	54
22	18238	54
22	18239	54
22	18240	53
22	18241	51
22	18242	51
22	18243	50
22	18244	50
22	18245	55
22	18246	54
22	18247	52
22	18248	52
22	18249	52
22	18250	52
22	18251	52
22	18252	52
22	18253	52
22	18254	52
22	18255	52
22	18256	52
22	18257	54
22	18258	54
22	18259	54
22	18260	54
22	18261	54
22	18262	53
22	18263	53
22	18264	59
22	18265	59
22	18266	59
22	18267	59
22	18268	60
22	18269	60
22	18270	60
22	18271	60
22	18272	60
22	18273	60
22	18274	60
22	18275	60
22	18276	60
22	18277	60
22	18278	60
22	18279	60
22	18280	60
22	18281	58
22	18282	57
22	18283	57
22	18284	57
22	18285	57
22	18286	57
22	18287	55
22	18288	55
22	18289	55
22	18290	55
22	18291	55
22	18292	55
22	18293	55
22	18294	55
22	18295	55
22	18296	55
22	18297	55
22	18298	55
22	18299	55
22	18300	55
22	18301	55
22	18302	55
22	18303	55
22	18304	55
22	18305	55
22	18306	55
22	18307	55
22	18308	55
22	18309	55
22	18310	55
22	18311	55
22	18312	53
22	18313	52
22	18314	52
22	18315	54
22	18316	54
22	18317	54
22	18318	53
22	18319	53
22	18320	49
22	18321	46
22	18322	46
22	18323	46
22	18324	46
22	18325	47
22	18326	47
22	18327	47
22	18328	47
22	18329	47
22	18330	47
22	18331	49
22	18332	51
22	18333	50
22	18334	50
22	18335	50
22	18336	50
22	18337	51
22	18338	52
22	18339	52
22	18340	52
22	18341	51
22	18342	50
22	18343	50
22	18344	50
22	18345	49
22	18346	49
22	18347	49
22	18348	49
22	18349	49
22	18350	50
22	18351	50
22	18352	50
22	18353	50
22	18354	50
22	18355	50
22	18356	51
22	18357	51
22	18358	51
22	18359	49
22	18360	48
22	18361	48
22	18362	48
22	18363	48
22	18364	46
22	18365	46
22	18366	46
22	18367	46
22	18368	45
22	18369	45
22	18370	45
22	18371	45
22	18372	45
22	18373	44
22	18374	45
22	18375	45
22	18376	45
22	18377	44
22	18378	44
22	18379	43
22	18380	43
22	18381	39
22	18382	39
22	18383	39
22	18384	39
22	18385	39
22	18386	38
22	18387	37
22	18388	37
22	18389	37
22	18390	37
22	18391	37
22	18392	37
22	18393	37
22	18394	37
22	18395	32
22	18396	32
22	18397	32
22	18398	32
22	18399	32
22	18400	32
22	18401	32
22	18402	32
22	18403	32
22	18404	32
22	18405	32
22	18406	30
22	18407	30
22	18408	30
22	18409	32
22	18410	31
22	18411	31
22	18412	31
22	18413	31
22	18414	21
22	18415	21
22	18416	21
22	18417	20
22	18418	20
22	18419	20
22	18420	20
22	18421	20
22	18422	20
22	18423	20
22	18424	20
22	18425	20
22	18426	20
22	18427	20
22	18428	20
22	18429	20
22	18430	20
22	18431	20
22	18432	20
22	18433	20
22	18434	20
22	18435	20
22	18436	20
22	18437	20
22	18438	20
22	18439	20
22	18440	20
22	18441	19
22	18442	19
22	18443	19
22	18444	19
22	18445	19
22	18446	19
22	18447	19
22	18448	19
22	18449	19
22	18450	19
22	18451	19
22	18452	19
22	18453	19
22	18454	19
22	18455	19
22	18456	19
22	18457	19
22	18458	19
22	18459	19
22	18460	19
22	18461	19
22	18462	19
22	18463	19
22	18464	19
22	18465	15
22	18466	15
22	18467	15
22	18468	15
22	18469	15
22	18470	15
22	18471	15
22	18472	15
22	18473	15
22	18474	15
22	18475	14
22	18476	14
22	18477	14
22	18478	14
22	18479	14
22	18480	14
22	18481	14
22	18482	14
22	18483	14
22	18484	14
22	18485	15
22	18486	15
22	18487	13
22	18488	13
22	18489	13
22	18490	12
22	18491	12
22	18492	12
22	18493	12
22	18494	12
22	18495	12
22	18496	12
22	18497	12
22	18498	12
22	18499	12
22	18500	11
22	18501	11
22	18502	10
22	18503	10
22	18504	10
22	18505	9
22	18506	9
22	18507	9
22	18508	9
22	18509	9
22	18510	9
22	18511	9
22	18512	9
22	18513	9
22	18514	7
22	18515	7
22	18516	7
22	18517	7
22	18518	7
22	18519	7
22	18520	7
22	18521	7
22	18522	7
22	18523	7
22	18524	8
22	18525	8
22	18526	8
22	18527	8
22	18528	8
22	18529	8
22	18530	8
22	18531	8
22	18532	8
22	18533	8
22	18534	8
22	18535	8
22	18536	8
22	18537	8
22	18538	8
22	18539	8
22	18540	8
22	18541	8
22	18542	8
22	18543	8
22	18544	8
22	18545	8
22	18546	8
22	18547	8
22	18548	8
22	18549	8
22	18550	8
22	18551	8
22	18552	8
22	18553	8
22	18554	8
22	18555	8
22	18556	8
22	18557	8
22	18558	8
22	18559	6
22	18560	6
22	18561	6
22	18562	6
22	18563	6
22	18564	6
22	18565	3
22	18566	3
22	18567	3
22	18568	3
22	18569	3
22	18570	3
22	18571	3
22	18572	3
22	18573	3
22	18574	3
22	18575	3
22	18576	3
22	18577	3
22	18578	3
22	18579	3
22	18580	3
22	18581	3
22	18582	3
22	18583	3
22	18584	3
22	18585	3
22	18586	3
22	18587	3
22	18588	3
22	18589	3
22	18590	3
22	18591	3
22	18592	3
22	18593	3
22	18594	3
22	18595	3
22	18596	3
22	18597	3
22	18598	3
22	18599	3
22	18600	3
22	18601	3
22	18602	3
22	18603	3
22	18604	3
22	18605	3
22	18606	3
22	18607	3
22	18608	3
22	18609	3
22	18610	3
22	18611	2
22	18612	2
22	18613	2
22	18614	2
22	18615	2
22	18616	2
22	18617	2
22	18618	2
22	18619	2
22	18620	2
22	18621	2
22	18622	2
22	18623	1
22	18624	1
22	18625	1
22	18626	1
22	18627	1
22	18628	1
22	18629	1
22	18630	1
22	18631	1
22	18632	1
22	18633	1
22	18634	1
22	18635	1
22	18636	1
22	18637	1
22	18638	1
22	18639	1
22	18640	1
22	18641	1
22	18642	1
22	18643	1
22	18644	1
22	18645	1
22	18646	1
22	18647	1
22	18648	1
22	18649	1
22	18650	1
22	18651	1
22	18652	1
22	18653	1
22	18654	1
22	18655	1
22	18656	1
22	18657	1
22	18658	1
22	18659	1
22	18660	1
22	18661	1
22	18662	1
22	18663	1
22	18664	1
22	18665	1
22	18666	1
22	18667	1
22	18668	1
22	18669	1
22	18670	1
22	18671	1
22	18672	1
22	18673	1
22	18802	1
22	18803	1
22	18804	1
22	18805	1
22	18806	1
22	18807	1
22	18808	1
22	18809	1
22	18810	1
22	18811	1
22	18812	1
22	18813	1
22	18814	1
22	18815	1
22	18816	1
22	18817	1
22	18818	1
22	18819	1
22	18820	1
22	18821	1
22	18822	1
22	18823	1
22	18824	1
22	18825	1
22	18826	1
22	18827	1
22	18828	1
22	18829	1
22	18830	1
22	18831	1
22	18832	1
22	18833	1
22	18834	1
22	18835	1
22	18836	1
22	18837	1
22	18838	1
22	18839	1
22	18840	1
22	18841	1
22	18842	1
22	18843	1
22	18844	1
22	18845	1
22	18846	1
22	18847	1
22	18848	1
22	18849	2
22	18850	2
22	18851	2
22	18852	2
22	18853	2
22	18854	2
22	18855	2
22	18856	2
22	18857	2
22	18858	2
22	18859	2
22	18860	2
22	18861	2
22	18862	2
22	18863	2
22	18864	2
22	18865	2
22	18866	2
22	18867	2
22	18868	2
22	18869	2
22	18870	2
22	18871	2
22	18872	2
22	18873	2
22	18874	2
22	18875	2
22	18876	2
22	18877	2
22	18878	2
22	18879	2
22	18880	2
22	18881	2
22	18882	2
22	18883	2
22	18884	2
22	18885	2
22	18886	2
22	18887	2
22	18888	2
22	18889	2
22	18890	2
22	18891	2
22	18892	2
22	18893	2
22	18894	2
22	18895	2
22	18896	2
22	18897	2
22	18898	2
22	18899	2
22	18900	2
22	18901	2
22	18902	2
22	18903	2
22	18904	2
22	18905	2
22	18906	2
22	18907	2
22	18908	2
22	18909	2
22	18910	2
22	18911	2
22	18912	2
22	18913	2
22	18914	2
22	18915	2
22	18916	2
22	18917	2
22	18918	2
22	18919	2
22	18920	2
22	18921	2
22	18922	2
22	18923	2
22	18924	2
22	18925	2
22	18926	2
22	18927	2
22	18928	2
22	18929	2
22	18930	2
22	18931	2
22	18932	2
22	18933	2
22	18934	2
22	18935	2
22	18936	2
22	18937	2
22	18938	2
22	18939	2
22	18940	2
22	18941	2
22	18942	2
22	18943	2
22	18944	2
22	18945	2
22	18946	2
22	18947	2
22	18948	2
22	18949	2
22	18950	2
22	18951	1
22	18952	1
22	18953	1
22	18954	1
22	18955	1
22	18956	1
22	18957	1
22	18958	1
22	18959	1
22	18960	1
22	18961	1
22	18962	1
22	18963	1
22	18964	1
22	18965	1
22	18966	1
22	18967	1
22	18968	1
22	18969	1
22	18970	1
22	18971	1
22	18972	1
22	18973	1
22	18974	1
22	18975	1
22	18976	1
22	18977	1
22	18978	1
22	18979	1
22	18980	1
22	18981	1
22	18982	1
22	18983	1
22	18984	1
22	18985	1
22	18986	1
22	18987	1
22	18988	1
22	18989	1
22	18990	1
22	18991	1
22	18992	1
22	18993	1
22	18994	1
22	18995	1
22	18996	1
22	18997	1
22	19274	1
22	19275	1
22	19276	1
22	19277	1
22	19278	1
22	19279	1
22	19280	1
22	19281	1
22	19282	1
22	19283	1
22	19284	1
22	19285	1
22	19286	1
22	19287	1
22	19288	1
22	19289	1
22	19290	1
22	19291	1
22	19292	1
22	19293	1
22	19294	1
22	19295	1
22	19296	1
22	19297	1
22	19298	1
22	19299	1
22	19300	1
22	19301	1
22	19302	1
22	19303	1
22	19304	1
22	19305	1
22	19306	1
22	19307	1
22	19308	1
22	19309	1
22	19310	1
22	19311	1
22	19312	1
22	19313	1
22	19314	1
22	19315	1
22	19316	1
22	19317	1
22	19318	1
22	19319	1
22	19320	1
22	19321	1
22	19322	1
22	19323	1
22	19324	1
22	19325	1
22	19326	1
22	19327	1
22	19328	1
22	19329	1
22	19330	1
22	19331	2
22	19332	2
22	19333	2
22	19334	2
22	19335	2
22	19336	2
22	19337	2
22	19338	2
22	19339	2
22	19340	2
22	19341	2
22	19342	2
22	19343	2
22	19344	2
22	19345	2
22	19346	2
22	19347	2
22	19348	2
22	19349	2
22	19350	2
22	19351	2
22	19352	2
22	19353	2
22	19354	2
22	19355	2
22	19356	2
22	19357	2
22	19358	2
22	19359	2
22	19360	2
22	19361	2
22	19362	2
22	19363	2
22	19364	2
22	19365	2
22	19366	2
22	19367	2
22	19368	2
22	19369	2
22	19370	2
22	19371	2
22	19372	2
22	19373	2
22	19374	2
22	19375	2
22	19376	2
22	19377	2
22	19378	2
22	19379	2
22	19380	2
22	19381	2
22	19382	2
22	19383	2
22	19384	2
22	19385	2
22	19386	2
22	19387	2
22	19388	2
22	19389	2
22	19390	2
22	19391	2
22	19392	2
22	19393	2
22	19394	2
22	19395	2
22	19396	2
22	19397	2
22	19398	2
22	19399	2
22	19400	2
22	19401	2
22	19402	2
22	19403	2
22	19404	2
22	19405	2
22	19406	2
22	19407	2
22	19408	2
22	19409	2
22	19410	2
22	19411	2
22	19412	2
22	19413	2
22	19414	2
22	19415	2
22	19416	2
22	19417	1
22	19418	1
22	19419	1
22	19420	1
22	19421	1
22	19422	1
22	19423	1
22	19424	1
22	19425	1
22	19426	1
22	19427	1
22	19428	1
22	19429	1
22	19430	1
22	19431	1
22	19432	1
22	19433	1
22	19434	1
22	19435	1
22	19436	1
22	19437	1
22	19438	1
22	19439	2
22	19440	2
22	19441	2
22	19442	3
22	19443	4
22	19444	4
22	19445	4
22	19446	4
22	19447	5
22	19448	5
22	19449	5
22	19450	5
22	19451	5
22	19452	7
22	19453	7
22	19454	8
22	19455	8
22	19456	8
22	19457	8
22	19458	8
22	19459	8
22	19460	8
22	19461	8
22	19462	8
22	19463	8
22	19464	8
22	19465	8
22	19466	8
22	19467	8
22	19468	8
22	19469	8
22	19470	8
22	19471	8
22	19472	8
22	19473	8
22	19474	8
22	19475	8
22	19476	8
22	19477	8
22	19478	8
22	19479	8
22	19480	10
22	19481	10
22	19482	10
22	19483	10
22	19484	10
22	19485	10
22	19486	10
22	19487	10
22	19488	10
22	19489	10
22	19490	10
22	19491	10
22	19492	10
22	19493	10
22	19494	10
22	19495	10
22	19496	10
22	19497	10
22	19498	10
22	19499	10
22	19500	10
22	19501	10
22	19502	10
22	19503	10
22	19504	10
22	19505	10
22	19506	10
22	19507	10
22	19508	10
22	19509	10
22	19510	10
22	19511	10
22	19512	10
22	19513	10
22	19514	10
22	19515	10
22	19516	10
22	19517	10
22	19518	10
22	19519	10
22	19520	10
22	19521	10
22	19522	10
22	19523	10
22	19524	10
22	19525	10
22	19526	10
22	19527	10
22	19528	10
22	19529	10
22	19530	10
22	19531	10
22	19532	10
22	19533	10
22	19534	10
22	19535	11
22	19536	11
22	19537	11
22	19538	11
22	19539	11
22	19540	11
22	19541	11
22	19542	11
22	19543	11
22	19544	11
22	19545	11
22	19546	11
22	19547	11
22	19548	11
22	19549	11
22	19550	11
22	19551	11
22	19552	11
22	19553	11
22	19554	11
22	19555	11
22	19556	11
22	19557	11
22	19558	11
22	19559	11
22	19560	11
22	19561	11
22	19562	11
22	19563	11
22	19564	11
22	19565	11
22	19566	11
22	19567	11
22	19568	11
22	19569	11
22	19570	11
22	19571	11
22	19572	11
22	19573	11
22	19574	11
22	19575	11
22	19576	11
22	19577	11
22	19578	11
22	19579	11
22	19580	11
22	19581	11
22	19582	11
22	19583	11
22	19584	11
22	19585	11
22	19586	11
22	19587	11
22	19588	11
22	19589	11
22	19590	11
22	19591	10
22	19592	9
22	19593	9
22	19594	9
22	19595	9
22	19596	9
22	19597	8
22	19598	8
22	19599	8
22	19600	8
22	19601	8
22	19602	8
22	19603	8
22	19604	7
22	19605	7
22	19606	7
22	19607	7
22	19608	7
22	19609	5
22	19610	4
22	19611	4
22	19612	4
22	19613	4
22	19614	4
22	19615	4
22	19616	4
22	19617	4
22	19618	4
22	19619	4
22	19620	4
22	19621	4
22	19622	4
22	19623	4
22	19624	4
22	19625	3
22	19626	3
22	19627	3
22	19628	3
22	19629	3
22	19630	3
22	19631	5
22	19632	5
22	19633	5
22	19634	5
22	19635	5
22	19636	5
22	19637	5
22	19638	5
22	19639	5
22	19640	5
22	19641	5
22	19642	5
22	19643	5
22	19644	5
22	19645	5
22	19646	5
22	19647	5
22	19648	5
22	19649	5
22	19650	5
22	19651	5
22	19652	5
22	19653	5
22	19654	5
22	19655	5
22	19656	5
22	19657	5
22	19658	5
22	19659	5
22	19660	5
22	19661	5
22	19662	5
22	19663	5
22	19664	5
22	19665	5
22	19666	5
22	19667	5
22	19668	5
22	19669	5
22	19670	5
22	19671	5
22	19672	5
22	19673	5
22	19674	5
22	19675	5
22	19676	5
22	19677	5
22	19678	5
22	19679	5
22	19680	5
22	19681	5
22	19682	5
22	19683	5
22	19684	4
22	19685	4
22	19686	4
22	19687	4
22	19688	4
22	19689	4
22	19690	4
22	19691	4
22	19692	4
22	19693	4
22	19694	4
22	19695	4
22	19696	5
22	19697	5
22	19698	5
22	19699	5
22	19700	5
22	19701	5
22	19702	5
22	19703	5
22	19704	5
22	19705	5
22	19706	5
22	19707	5
22	19708	5
22	19709	5
22	19710	6
22	19711	7
22	19712	7
22	19713	7
22	19714	7
22	19715	7
22	19716	7
22	19717	7
22	19718	8
22	19719	8
22	19720	8
22	19721	8
22	19722	8
22	19723	8
22	19724	8
22	19725	8
22	19726	8
22	19727	8
22	19728	9
22	19729	9
22	19730	9
22	19731	9
22	19732	9
22	19733	9
22	19734	9
22	19735	9
22	19736	9
22	19737	9
22	19738	9
22	19739	9
22	19740	9
22	19741	9
22	19742	9
22	19743	9
22	19744	9
22	19745	9
22	19746	7
22	19747	7
22	19748	7
22	19749	7
22	19750	7
22	19751	7
22	19752	7
22	19753	7
22	19754	7
22	19755	7
22	19756	7
22	19757	7
22	19758	7
22	19759	7
22	19760	7
22	19761	7
22	19762	7
22	19763	7
22	19764	7
22	19765	8
22	19766	8
22	19767	8
22	19768	8
22	19769	8
22	19770	8
22	19771	8
22	19772	8
22	19773	8
22	19774	8
22	19775	8
22	19776	8
22	19777	7
22	19778	7
22	19779	6
22	19780	6
22	19781	6
22	19782	6
22	19783	7
22	19784	7
22	19785	7
22	19786	7
22	19787	7
22	19788	7
22	19789	7
22	19790	7
22	19791	7
22	19792	7
22	19793	7
22	19794	7
22	19795	7
22	19796	7
22	19797	7
22	19798	7
22	19799	7
22	19800	7
22	19801	7
22	19802	7
22	19803	7
22	19804	7
22	19805	7
22	19806	7
22	19807	7
22	19808	7
22	19809	7
22	19810	7
22	19811	7
22	19812	7
22	19813	7
22	19814	10
22	19815	10
22	19816	10
22	19817	10
22	19818	10
22	19819	10
22	19820	10
22	19821	10
22	19822	10
22	19823	10
22	19824	10
22	19825	10
22	19826	10
22	19827	10
22	19828	10
22	19829	10
22	19830	10
22	19831	10
22	19832	10
22	19833	10
22	19834	10
22	19835	10
22	19836	10
22	19837	10
22	19838	10
22	19839	10
22	19840	10
22	19841	10
22	19842	10
22	19843	10
22	19844	10
22	19845	11
22	19846	9
22	19847	10
22	19848	10
22	19849	10
22	19850	11
22	19851	11
22	19852	11
22	19853	10
22	19854	10
22	19855	10
22	19856	10
22	19857	10
22	19858	10
22	19859	10
22	19860	10
22	19861	9
22	19862	9
22	19863	9
22	19864	9
22	19865	9
22	19866	9
22	19867	9
22	19868	9
22	19869	10
22	19870	10
22	19871	11
22	19872	11
22	19873	11
22	19874	11
22	19875	11
22	19876	11
22	19877	11
22	19878	10
22	19879	10
22	19880	10
22	19881	10
22	19882	10
22	19883	10
22	19884	10
22	19885	10
22	19886	13
22	19887	14
22	19888	14
22	19889	14
22	19890	14
22	19891	14
22	19892	16
22	19893	16
22	19894	16
22	19895	16
22	19896	16
22	19897	16
22	19898	16
22	19899	16
22	19900	16
22	19901	16
22	19902	16
22	19903	16
22	19904	16
22	19905	16
22	19906	16
22	19907	16
22	19908	16
22	19909	16
22	19910	16
22	19911	16
22	19912	16
22	19913	16
22	19914	16
22	19915	17
22	19916	17
22	19917	17
22	19918	17
22	19919	17
22	19920	17
22	19921	17
22	19922	17
22	19923	17
22	19924	17
22	19925	17
22	19926	17
22	19927	17
22	19928	17
22	19929	17
22	19930	17
22	19931	17
22	19932	17
22	19933	17
22	19934	17
22	19935	17
22	19936	18
22	19937	18
22	19938	18
22	19939	18
22	19940	18
22	19941	18
22	19942	18
22	19943	18
22	19944	18
22	19945	18
22	19946	18
22	19947	18
22	19948	18
22	19949	18
22	19950	18
22	19951	18
22	19952	18
22	19953	18
22	19954	18
22	19955	18
22	19956	18
22	19957	18
22	19958	18
22	19959	20
22	19960	20
22	19961	20
22	19962	20
22	19963	20
22	19964	18
22	19965	18
22	19966	18
22	19967	18
22	19968	18
22	19969	18
22	19970	18
22	19971	18
22	19972	18
22	19973	19
22	19974	19
22	19975	19
22	19976	19
22	19977	19
22	19978	19
22	19979	19
22	19980	19
22	19981	19
22	19982	19
22	19983	19
22	19984	19
22	19985	19
22	19986	19
22	19987	19
22	19988	19
22	19989	19
22	19990	19
22	19991	19
22	19992	19
22	19993	20
22	19994	20
22	19995	19
22	19996	19
22	19997	18
22	19998	18
22	19999	18
22	20000	17
22	20001	17
22	20002	17
22	20003	17
22	20004	17
22	20005	17
22	20006	17
22	20007	17
22	20008	17
22	20009	17
22	20010	19
22	20011	19
22	20012	19
22	20013	19
22	20014	19
22	20015	19
22	20016	19
22	20017	19
22	20018	19
22	20019	18
22	20020	19
22	20021	20
22	20022	20
22	20023	20
22	20024	20
22	20025	20
22	20026	20
22	20027	26
22	20028	25
22	20029	25
22	20030	25
22	20031	25
22	20032	25
22	20033	26
22	20034	26
22	20035	26
22	20036	21
22	20037	20
22	20038	25
22	20039	31
22	20040	31
22	20041	31
22	20042	29
22	20043	29
22	20044	29
22	20045	29
22	20046	29
22	20047	30
22	20048	30
22	20049	30
22	20050	30
22	20051	30
22	20052	30
22	20053	30
22	20054	30
22	20055	30
22	20056	30
22	20057	30
22	20058	31
22	20059	31
22	20060	31
22	20061	31
22	20062	32
22	20063	34
22	20064	36
22	20065	36
22	20066	36
22	20067	36
22	20068	36
22	20069	36
22	20070	36
22	20071	36
22	20072	36
22	20073	36
22	20074	36
22	20075	36
22	20076	36
22	20077	36
22	20078	36
22	20079	36
22	20080	36
22	20081	36
22	20082	36
22	20083	36
22	20084	36
22	20085	36
22	20086	35
22	20087	35
22	20088	35
22	20089	35
22	20090	35
22	20091	35
22	20092	35
22	20093	35
22	20094	35
22	20095	35
22	20096	35
22	20097	35
22	20098	35
22	20099	35
22	20100	35
22	20101	35
22	20102	35
22	20103	35
22	20104	35
22	20105	35
22	20106	35
22	20107	35
22	20108	35
22	20109	33
22	20110	33
22	20111	33
22	20112	33
22	20113	33
22	20114	33
22	20115	33
22	20116	33
22	20117	33
22	20118	33
22	20119	35
22	20120	35
22	20121	35
22	20122	35
22	20123	34
22	20124	34
22	20125	36
22	20126	36
22	20127	36
22	20128	36
22	20129	36
22	20130	36
22	20131	36
22	20132	36
22	20133	36
22	20134	36
22	20135	36
22	20136	36
22	20137	36
22	20138	36
22	20139	36
22	20140	37
22	20141	37
22	20142	37
22	20143	37
22	20144	37
22	20145	37
22	20146	37
22	20147	37
22	20148	40
22	20149	40
22	20150	40
22	20151	41
22	20152	41
22	20153	41
22	20154	41
22	20155	42
22	20156	42
22	20157	40
22	20158	40
22	20159	40
22	20160	40
22	20161	40
22	20162	40
22	20163	41
22	20164	41
22	20165	43
22	20166	43
22	20167	43
22	20168	43
22	20169	43
22	20170	41
22	20171	41
22	20172	41
22	20173	41
22	20174	42
22	20175	42
22	20176	36
22	20177	36
22	20178	36
22	20179	36
22	20180	36
22	20181	38
22	20182	38
22	20183	37
22	20184	37
22	20185	37
22	20186	37
22	20187	33
22	20188	33
22	20189	28
22	20190	28
22	20191	28
22	20192	28
22	20193	28
22	20194	28
22	20195	28
22	20196	28
22	20197	27
22	20198	28
22	20199	28
22	20200	28
22	20201	28
22	20202	28
22	20203	28
22	20204	28
22	20205	27
22	20206	27
22	20207	27
22	20208	27
22	20209	27
22	20210	27
22	20211	27
22	20212	26
22	20213	25
22	20214	22
22	20215	22
22	20216	22
22	20217	22
22	20218	22
22	20219	22
22	20220	22
22	20221	22
22	20222	22
22	20223	22
22	20224	22
22	20225	23
22	20226	23
22	20227	23
22	20228	23
22	20229	23
22	20230	23
22	20231	23
22	20232	23
22	20233	23
22	20234	23
22	20235	23
22	20236	23
22	20237	23
22	20238	23
22	20239	23
22	20240	23
22	20241	23
22	20242	23
22	20243	23
22	20244	23
22	20245	23
22	20246	23
22	20247	23
22	20248	23
22	20249	23
22	20250	24
22	20251	24
22	20252	24
22	20253	24
22	20254	24
22	20255	24
22	20256	24
22	20257	24
22	20258	24
22	20259	24
22	20260	24
22	20261	26
22	20262	26
22	20263	26
22	20264	27
22	20265	27
22	20266	27
22	20267	27
22	20268	27
22	20269	25
22	20270	26
22	20271	26
22	20272	26
22	20273	26
22	20274	26
22	20275	24
22	20276	24
22	20277	24
22	20278	24
22	20279	24
22	20280	24
22	20281	24
22	20282	24
22	20283	24
22	20284	24
22	20285	24
22	20286	24
22	20287	24
22	20288	23
22	20289	23
22	20290	23
22	20291	23
22	20292	23
22	20293	24
22	20294	24
22	20295	24
22	20296	24
22	20297	24
22	20298	21
22	20299	21
22	20300	21
22	20301	22
22	20302	22
22	20303	22
22	20304	22
22	20305	21
22	20306	21
22	20307	21
22	20308	21
22	20309	21
22	20310	19
22	20311	19
22	20312	19
22	20313	19
22	20314	19
22	20315	17
22	20316	17
22	20317	17
22	20318	17
22	20319	17
22	20320	16
22	20321	16
22	20322	16
22	20323	16
22	20324	15
22	20325	15
22	20326	15
22	20327	15
22	20328	15
22	20329	15
22	20330	15
22	20331	14
22	20332	14
22	20333	14
22	20334	14
22	20335	14
22	20336	14
22	20337	14
22	20338	14
22	20339	14
22	20340	14
22	20341	14
22	20342	15
22	20343	15
22	20344	15
22	20345	14
22	20346	15
22	20347	15
22	20348	15
22	20349	15
22	20350	15
22	20351	15
22	20352	15
22	20353	15
22	20354	15
22	20355	15
22	20356	15
22	20357	15
22	20358	16
22	20359	16
22	20360	16
22	20361	16
22	20362	15
22	20363	15
22	20364	15
22	20365	15
22	20366	15
22	20367	15
22	20368	15
22	20369	15
22	20370	15
22	20371	15
22	20372	15
22	20373	16
22	20374	16
22	20375	15
22	20376	15
22	20377	15
22	20378	15
22	20379	15
22	20380	15
22	20381	15
22	20382	15
22	20383	15
22	20384	15
22	20385	15
22	20386	15
22	20387	15
22	20388	16
22	20389	16
22	20390	16
22	20391	17
22	20392	17
22	20393	17
22	20394	17
22	20395	17
22	20396	17
22	20397	17
22	20398	17
22	20399	17
22	20400	16
22	20401	16
22	20402	19
22	20403	19
22	20404	19
22	20405	19
22	20406	19
22	20407	19
22	20408	19
22	20409	19
22	20410	19
22	20411	17
22	20412	17
22	20413	16
22	20414	16
22	20415	18
22	20416	18
22	20417	18
22	20418	18
22	20419	17
22	20420	17
22	20421	17
22	20422	17
22	20423	17
22	20424	17
22	20425	17
22	20426	17
22	20427	17
22	20428	17
22	20429	17
22	20430	17
22	20431	17
22	20432	18
22	20433	19
22	20434	20
22	20435	20
22	20436	20
22	20437	20
22	20438	20
22	20439	20
22	20440	19
22	20441	19
22	20442	17
22	20443	17
22	20444	18
22	20445	18
22	20446	18
22	20447	18
22	20448	18
22	20449	18
22	20450	18
22	20451	16
22	20452	16
22	20453	16
22	20454	16
22	20455	16
22	20456	16
22	20457	16
22	20458	16
22	20459	16
22	20460	15
22	20461	16
22	20462	16
22	20463	16
22	20464	16
22	20465	16
22	20466	16
22	20467	16
22	20468	16
22	20469	16
22	20470	16
22	20471	16
22	20472	16
22	20473	16
22	20474	17
22	20475	17
22	20476	17
22	20477	17
22	20478	17
22	20479	17
22	20480	17
22	20481	17
22	20482	17
22	20483	17
22	20484	17
22	20485	17
22	20486	17
22	20487	19
22	20488	19
22	20489	19
22	20490	19
22	20491	19
22	20492	18
22	20493	18
22	20494	18
22	20495	18
22	20496	17
22	20497	17
22	20498	17
22	20499	18
22	20500	18
22	20501	18
22	20502	18
22	20503	18
22	20504	18
22	20505	18
22	20506	18
22	20507	18
22	20508	17
22	20509	17
22	20510	20
22	20511	22
22	20512	22
22	20513	22
22	20514	22
22	20515	22
22	20516	22
22	20517	22
22	20518	22
22	20519	22
22	20520	22
22	20521	22
22	20522	22
22	20523	21
22	20524	21
22	20525	21
22	20526	21
22	20527	21
22	20528	21
22	20529	23
22	20530	23
22	20531	23
22	20532	24
22	20533	24
22	20534	25
22	20535	25
22	20536	25
22	20537	25
22	20538	24
22	20539	24
22	20540	24
22	20541	23
22	20542	23
22	20543	23
22	20544	23
22	20545	23
22	20546	23
22	20547	23
22	20548	20
22	20549	20
22	20550	20
22	20551	20
22	20552	20
22	20553	20
22	20554	20
22	20555	21
22	20556	21
22	20557	21
22	20558	21
22	20559	21
22	20560	22
22	20561	22
22	20562	22
22	20563	22
22	20564	22
22	20565	20
22	20566	20
22	20567	20
22	20568	20
22	20569	20
22	20570	20
22	20571	20
22	20572	20
22	20573	22
22	20574	22
22	20575	22
22	20576	23
22	20577	24
22	20578	24
22	20579	25
22	20580	24
22	20581	24
22	20582	24
22	20583	24
22	20584	23
22	20585	23
22	20586	23
22	20587	23
22	20588	23
22	20589	23
22	20590	23
22	20591	23
22	20592	23
22	20593	22
22	20594	22
22	20595	22
22	20596	22
22	20597	23
22	20598	23
22	20599	23
22	20600	24
22	20601	24
22	20602	24
22	20603	24
22	20604	24
22	20605	24
22	20606	25
22	20607	25
22	20608	25
22	20609	25
22	20610	25
22	20611	24
22	20612	24
22	20613	24
22	20614	24
22	20615	25
22	20616	25
22	20617	25
22	20618	25
22	20619	25
22	20620	25
22	20621	25
22	20622	26
22	20623	25
22	20624	25
22	20625	25
22	20626	25
22	20627	25
22	20628	25
22	20629	25
22	20630	25
22	20631	25
22	20632	25
22	20633	25
22	20634	25
22	20635	25
22	20636	25
22	20637	24
22	20638	25
22	20639	26
22	20640	27
22	20641	27
22	20642	27
22	20643	27
22	20644	28
22	20645	28
22	20646	28
22	20647	28
22	20648	27
22	20649	27
22	20650	29
22	20651	29
22	20652	29
22	20653	29
22	20654	29
22	20655	30
22	20656	30
22	20657	30
22	20658	30
22	20659	27
22	20660	27
22	20661	26
22	20662	28
22	20663	28
22	20664	28
22	20665	28
22	20666	28
22	20667	28
22	20668	28
22	20669	28
22	20670	28
22	20671	28
22	20672	28
22	20673	28
22	20674	28
22	20675	28
22	20676	28
22	20677	26
22	20678	26
22	20679	26
22	20680	26
22	20681	26
22	20682	25
22	20683	25
22	20684	25
22	20685	25
22	20686	25
22	20687	25
22	20688	25
22	20689	25
22	20690	25
22	20691	25
22	20692	25
22	20693	25
22	20694	25
22	20695	25
22	20696	25
22	20697	25
22	20698	25
22	20699	25
22	20700	25
22	20701	25
22	20702	25
22	20703	25
22	20704	25
22	20705	24
22	20706	25
22	20707	25
22	20708	25
22	20709	25
22	20710	24
22	20711	24
22	20712	24
22	20713	24
22	20714	24
22	20715	24
22	20716	24
22	20717	24
22	20718	25
22	20719	25
22	20720	25
22	20721	25
22	20722	24
22	20723	23
22	20724	23
22	20725	27
22	20726	26
22	20727	26
22	20728	26
22	20729	25
22	20730	25
22	20731	25
22	20732	25
22	20733	25
22	20734	25
22	20735	25
22	20736	25
22	20737	25
22	20738	25
22	20739	25
22	20740	25
22	20741	25
22	20742	26
22	20743	26
22	20744	26
22	20745	26
22	20746	26
22	20747	24
22	20748	24
22	20749	24
22	20750	24
22	20751	24
22	20752	24
22	20753	24
22	20754	24
22	20755	23
22	20756	23
22	20757	23
22	20758	23
22	20759	23
22	20760	23
22	20761	23
22	20762	25
22	20763	24
22	20764	24
22	20765	24
22	20766	24
22	20767	24
22	20768	24
22	20769	24
22	20770	24
22	20771	24
22	20772	23
22	20773	23
22	20774	23
22	20775	23
22	20776	23
22	20777	23
22	20778	23
22	20779	23
22	20780	23
22	20781	23
22	20782	23
22	20783	23
22	20784	23
22	20785	23
22	20786	22
22	20787	22
22	20788	21
22	20789	20
22	20790	19
22	20791	19
22	20792	19
22	20793	19
22	20794	18
22	20795	18
22	20796	18
22	20797	18
22	20798	18
22	20799	18
22	20800	18
22	20801	18
22	20802	18
22	20803	18
22	20804	18
22	20805	17
22	20806	17
22	20807	17
22	20808	17
22	20809	17
22	20810	17
22	20811	16
22	20812	14
22	20813	14
22	20814	14
22	20815	14
22	20816	14
22	20817	14
22	20818	14
22	20819	14
22	20820	14
22	20821	14
22	20822	14
22	20823	14
22	20824	14
22	20825	14
22	20826	14
22	20827	14
22	20828	14
22	20829	14
22	20830	14
22	20831	14
22	20832	14
22	20833	13
22	20834	13
22	20835	13
22	20836	13
22	20837	13
22	20838	13
22	20839	13
22	20840	13
22	20841	13
22	20842	13
22	20843	13
22	20844	13
22	20845	13
22	20846	13
22	20847	13
22	20848	13
22	20849	13
22	20850	13
22	20851	13
22	20852	13
22	20853	13
22	20854	13
22	20855	12
22	20856	12
22	20857	12
22	20858	12
22	20859	13
22	20860	13
22	20861	13
22	20862	13
22	20863	13
22	20864	13
22	20865	13
22	20866	13
22	20867	12
22	20868	13
22	20869	13
22	20870	13
22	20871	12
22	20872	12
22	20873	12
22	20874	7
22	20875	7
22	20876	7
22	20877	6
22	20878	6
22	20879	6
22	20880	6
22	20881	6
22	20882	5
22	20883	5
22	20884	5
22	20885	5
22	20886	5
22	20887	5
22	20888	5
22	20889	5
22	20890	5
22	20891	4
22	20892	4
22	20893	4
22	20894	4
22	20895	4
22	20896	4
22	20897	4
22	20898	4
22	20899	4
22	20900	4
22	20901	4
22	20902	5
22	20903	5
22	20904	5
22	20905	5
22	20906	5
22	20907	5
22	20908	5
22	20909	5
22	20910	5
22	20911	5
22	20912	3
22	20913	3
22	20914	3
22	20915	3
22	20916	3
22	20917	3
22	20918	3
22	20919	3
22	20920	3
22	20921	3
22	20922	3
22	20923	3
22	20924	3
22	20925	3
22	20926	3
22	20927	3
22	20928	3
22	20929	3
22	20930	3
22	20931	3
22	20932	3
22	20933	3
22	20934	3
22	20935	3
22	20936	3
22	20937	3
22	20938	3
22	20939	3
22	20940	3
22	20941	4
22	20942	4
22	20943	4
22	20944	4
22	20945	4
22	20946	4
22	20947	4
22	20948	5
22	20949	5
22	20950	5
22	20951	5
22	20952	5
22	20953	5
22	20954	5
22	20955	5
22	20956	5
22	20957	5
22	20958	5
22	20959	5
22	20960	5
22	20961	5
22	20962	5
22	20963	5
22	20964	5
22	20965	5
22	20966	5
22	20967	5
22	20968	5
22	20969	5
22	20970	5
22	20971	5
22	20972	5
22	20973	5
22	20974	5
22	20975	5
22	20976	5
22	20977	4
22	20978	4
22	20979	4
22	20980	5
22	20981	5
22	20982	5
22	20983	5
22	20984	5
22	20985	5
22	20986	5
22	20987	5
22	20988	5
22	20989	5
22	20990	5
22	20991	5
22	20992	5
22	20993	5
22	20994	5
22	20995	5
22	20996	5
22	20997	5
22	20998	5
22	20999	5
22	21000	5
22	21001	5
22	21002	5
22	21003	5
22	21004	5
22	21005	5
22	21006	5
22	21007	5
22	21008	6
22	21009	6
22	21010	6
22	21011	6
22	21012	6
22	21013	6
22	21014	6
22	21015	6
22	21016	6
22	21017	6
22	21018	5
22	21019	5
22	21020	5
22	21021	5
22	21022	5
22	21023	5
22	21024	5
22	21025	5
22	21026	5
22	21027	5
22	21028	5
22	21029	5
22	21030	8
22	21031	8
22	21032	8
22	21033	8
22	21034	8
22	21035	10
22	21036	10
22	21037	10
22	21038	10
22	21039	10
22	21040	10
22	21041	11
22	21042	11
22	21043	11
22	21044	11
22	21045	20
22	21046	20
22	21047	20
22	21048	22
22	21049	22
22	21050	22
22	21051	22
22	21052	22
22	21053	22
22	21054	22
22	21055	22
22	21056	22
22	21057	22
22	21058	22
22	21059	22
22	21060	22
22	21061	22
22	21062	22
22	21063	22
22	21064	22
22	21065	22
22	21066	27
22	21067	27
22	21068	27
22	21069	27
22	21070	28
22	21071	28
22	21072	28
22	21073	28
22	21074	28
22	21075	28
22	21076	28
22	21077	28
22	21078	28
22	21079	28
22	21080	28
22	21081	28
22	21082	28
22	21083	28
22	21084	28
22	21085	28
22	21086	28
22	21087	28
22	21088	28
22	21089	28
22	21090	28
22	21091	28
22	21092	28
22	21093	28
22	21094	28
22	21095	29
22	21096	29
22	21097	30
22	21098	30
22	21099	30
22	21100	31
22	21101	31
22	21102	31
22	21103	31
22	21104	31
22	21105	32
22	21106	32
22	21107	35
22	21108	35
22	21109	35
22	21110	35
22	21111	35
22	21112	35
22	21113	35
22	21114	35
22	21115	35
22	21116	35
22	21117	35
22	21118	35
22	21119	35
22	21120	35
22	21121	35
22	21122	35
22	21123	35
22	21124	35
22	21125	35
22	21126	35
22	21127	36
22	21128	36
22	21129	35
22	21130	38
22	21131	38
22	21132	38
22	21133	38
22	21134	38
22	21135	37
22	21136	37
22	21137	37
22	21138	38
22	21139	38
22	21140	38
22	21141	38
22	21142	38
22	21143	39
22	21144	39
22	21145	39
22	21146	39
22	21147	39
22	21148	39
22	21149	40
22	21150	40
22	21151	40
22	21152	40
22	21153	40
22	21154	40
22	21155	40
22	21156	40
22	21157	41
22	21158	41
22	21159	41
22	21160	41
22	21161	41
22	21162	41
22	21163	41
22	21164	42
22	21165	44
22	21166	44
22	21167	46
22	21168	46
22	21169	46
22	21170	46
22	21171	46
22	21172	47
22	21173	47
22	21174	47
22	21175	47
22	21176	47
22	21177	47
22	21178	47
22	21179	46
22	21180	44
22	21181	44
22	21182	44
22	21183	44
22	21184	44
22	21185	42
22	21186	43
22	21187	43
22	21188	43
22	21189	44
22	21190	43
22	21191	43
22	21192	43
22	21193	43
22	21194	34
22	21195	38
22	21196	38
22	21197	40
22	21198	38
22	21199	38
22	21200	38
22	21201	39
22	21202	39
22	21203	39
22	21204	39
22	21205	39
22	21206	39
22	21207	40
22	21208	40
22	21209	40
22	21210	40
22	21211	40
22	21212	40
22	21213	40
22	21214	40
22	21215	39
22	21216	35
22	21217	35
22	21218	34
22	21219	34
22	21220	34
22	21221	34
22	21222	34
22	21223	34
22	21224	36
22	21225	36
22	21226	36
22	21227	36
22	21228	36
22	21229	36
22	21230	36
22	21231	36
22	21232	39
22	21233	39
22	21234	39
22	21235	38
22	21236	38
22	21237	38
22	21238	41
22	21239	42
22	21240	42
22	21241	42
22	21242	42
22	21243	42
22	21244	42
22	21245	42
22	21246	41
22	21247	41
22	21248	41
22	21249	41
22	21250	41
22	21251	41
22	21252	41
22	21253	41
22	21254	41
22	21255	40
22	21256	40
22	21257	37
22	21258	37
22	21259	37
22	21260	37
22	21261	37
22	21262	37
22	21263	37
22	21264	37
22	21265	37
22	21266	37
22	21267	37
22	21268	37
22	21269	37
22	21270	37
22	21271	37
22	21272	37
22	21273	37
22	21274	37
22	21275	37
22	21276	37
22	21277	36
22	21278	36
22	21279	36
22	21280	33
22	21281	33
22	21282	33
22	21283	33
22	21284	33
22	21285	33
22	21286	33
22	21287	33
22	21288	32
22	21289	32
22	21290	32
22	21291	32
22	21292	31
22	21293	31
22	21294	31
22	21295	31
22	21296	31
22	21297	31
22	21298	30
22	21299	30
22	21300	30
22	21301	30
22	21302	30
22	21303	30
22	21304	28
22	21305	28
22	21306	29
22	21307	29
22	21308	29
22	21309	29
22	21310	29
22	21311	29
22	21312	29
22	21313	29
22	21314	27
22	21315	26
22	21316	26
22	21317	24
22	21318	24
22	21319	24
22	21320	24
22	21321	24
22	21322	23
22	21323	23
22	21324	23
22	21325	23
22	21326	23
22	21327	23
22	21328	23
22	21329	23
22	21330	23
22	21331	23
22	21332	23
22	21333	23
22	21334	23
22	21335	23
22	21336	23
22	21337	23
22	21338	23
22	21339	22
22	21340	22
22	21341	22
22	21342	24
22	21343	24
22	21344	24
22	21345	20
22	21346	18
22	21347	18
22	21348	18
22	21349	18
22	21350	18
22	21351	17
22	21352	17
22	21353	17
22	21354	17
22	21355	17
22	21356	17
22	21357	16
22	21358	16
22	21359	16
22	21360	16
22	21361	16
22	21362	16
22	21363	16
22	21364	15
22	21365	18
22	21366	18
22	21367	18
22	21368	18
22	21369	18
22	21370	18
22	21371	18
22	21372	18
22	21373	21
22	21374	19
22	21375	20
22	21376	20
22	21377	20
22	21378	19
22	21379	19
22	21380	19
22	21381	19
22	21382	17
22	21383	17
22	21384	17
22	21385	17
22	21386	17
22	21387	14
22	21388	14
22	21389	14
22	21390	16
22	21391	22
22	21392	22
22	21393	22
22	21394	22
22	21395	21
22	21396	21
22	21397	21
22	21398	21
22	21399	21
22	21400	20
22	21401	20
22	21402	20
22	21403	20
22	21404	22
22	21405	22
22	21406	22
22	21407	22
22	21408	22
22	21409	22
22	21410	22
22	21411	22
22	21412	22
22	21413	22
22	21414	23
22	21415	24
22	21416	24
22	21417	24
22	21418	24
22	21419	24
22	21420	24
22	21421	24
22	21422	24
22	21423	24
22	21424	24
22	21425	24
22	21426	24
22	21427	24
22	21428	24
22	21429	24
22	21430	24
22	21431	26
22	21432	26
22	21433	26
22	21434	26
22	21435	26
22	21436	26
22	21437	26
22	21438	26
22	21439	26
22	21440	26
22	21441	26
22	21442	27
22	21443	27
22	21444	27
22	21445	27
22	21446	27
22	21447	27
22	21448	27
22	21449	29
22	21450	30
22	21451	30
22	21452	30
22	21453	29
22	21454	29
22	21455	30
22	21456	30
22	21457	30
22	21458	30
22	21459	30
22	21460	30
22	21461	30
22	21462	30
22	21463	30
22	21464	30
22	21465	30
22	21466	30
22	21467	30
22	21468	30
22	21469	30
22	21470	30
22	21471	30
22	21472	30
22	21473	30
22	21474	31
22	21475	31
22	21476	31
22	21477	31
22	21478	31
22	21479	31
22	21480	31
22	21481	31
22	21482	31
22	21483	31
22	21484	31
22	21485	31
22	21486	31
22	21487	31
22	21488	31
22	21489	31
22	21490	31
22	21491	31
22	21492	29
22	21493	30
22	21494	30
22	21495	30
22	21496	30
22	21497	30
22	21498	30
22	21499	30
22	21500	30
22	21501	30
22	21502	32
22	21503	32
22	21504	32
22	21505	32
22	21506	32
22	21507	32
22	21508	32
22	21509	33
22	21510	33
22	21511	34
22	21512	34
22	21513	34
22	21514	31
22	21515	31
22	21516	31
22	21517	31
22	21518	31
22	21519	31
22	21520	34
22	21521	34
22	21522	34
22	21523	30
22	21524	28
22	21525	28
22	21526	28
22	21527	28
22	21528	28
22	21529	28
22	21530	28
22	21531	28
22	21532	28
22	21533	30
22	21534	30
22	21535	30
22	21536	30
22	21537	30
22	21538	31
22	21539	32
22	21540	28
22	21541	28
22	21542	28
22	21543	28
22	21544	28
22	21545	28
22	21546	28
22	21547	28
22	21548	28
22	21549	28
22	21550	28
22	21551	28
22	21552	28
22	21553	28
22	21554	26
22	21555	26
22	21556	32
22	21557	32
22	21558	32
22	21559	32
22	21560	32
22	21561	32
22	21562	32
22	21563	32
22	21564	33
22	21565	32
22	21566	32
22	21567	32
22	21568	32
22	21569	32
22	21570	32
22	21571	32
22	21572	32
22	21573	32
22	21574	32
22	21575	32
22	21576	32
22	21577	32
22	21578	33
22	21579	33
22	21580	31
22	21581	31
22	21582	31
22	21583	31
22	21584	31
22	21585	31
22	21586	31
22	21587	31
22	21588	31
22	21589	31
22	21590	31
22	21591	31
22	21592	30
22	21593	30
22	21594	30
22	21595	30
22	21596	30
22	21597	30
22	21598	30
22	21599	28
22	21600	27
22	21601	27
22	21602	27
22	21603	27
22	21604	26
22	21605	26
22	21606	26
22	21607	26
22	21608	26
22	21609	26
22	21610	26
22	21611	26
22	21612	26
22	21613	27
22	21614	27
22	21615	27
22	21616	27
22	21617	27
22	21618	27
22	21619	27
22	21620	27
22	21621	27
22	21622	27
22	21623	27
22	21624	26
22	21625	26
22	21626	27
22	21627	29
22	21628	31
22	21629	31
22	21630	31
22	21631	31
22	21632	31
22	21633	31
22	21634	31
22	21635	30
22	21636	31
22	21637	31
22	21638	31
22	21639	31
22	21640	31
22	21641	31
22	21642	30
22	21643	31
22	21644	31
22	21645	31
22	21646	31
22	21647	31
22	21648	31
22	21649	31
22	21650	31
22	21651	31
22	21652	29
22	21653	29
22	21654	29
22	21655	29
22	21656	29
22	21657	29
22	21658	29
22	21659	28
22	21660	28
22	21661	28
22	21662	28
22	21663	28
22	21664	28
22	21665	28
22	21666	28
22	21667	28
22	21668	28
22	21669	27
22	21670	25
22	21671	25
22	21672	25
22	21673	25
22	21674	25
22	21675	25
22	21676	25
22	21677	25
22	21678	25
22	21679	25
22	21680	25
22	21681	25
22	21682	25
22	21683	23
22	21684	23
22	21685	23
22	21686	24
22	21687	22
22	21688	21
22	21689	21
22	21690	19
22	21691	19
22	21692	19
22	21693	19
22	21694	19
22	21695	19
22	21696	19
22	21697	19
22	21698	19
22	21699	19
22	21700	19
22	21701	19
22	21702	19
22	21703	19
22	21704	19
22	21705	20
22	21706	14
22	21707	14
22	21708	14
22	21709	14
22	21710	14
22	21711	14
22	21712	14
22	21713	14
22	21714	12
22	21715	12
22	21716	12
22	21717	12
22	21718	13
22	21719	13
22	21720	13
22	21721	13
22	21722	13
22	21723	13
22	21724	13
22	21725	13
22	21726	13
22	21727	12
22	21728	12
22	21729	12
22	21730	12
22	21731	12
22	21732	12
22	21733	12
22	21734	12
22	21735	12
22	21736	12
22	21737	12
22	21738	13
22	21739	13
22	21740	13
22	21741	13
22	21742	13
22	21743	13
22	21744	13
22	21745	13
22	21746	13
22	21747	15
22	21748	15
22	21749	15
22	21750	16
22	21751	16
22	21752	17
22	21753	17
22	21754	17
22	21755	17
22	21756	17
22	21757	17
22	21758	17
22	21759	17
22	21760	17
22	21761	17
22	21762	17
22	21763	17
22	21764	18
22	21765	18
22	21766	18
22	21767	18
22	21768	18
22	21769	18
22	21770	18
22	21771	18
22	21772	19
22	21773	19
22	21774	19
22	21775	18
22	21776	15
22	21777	14
22	21778	14
22	21779	14
22	21780	14
22	21781	14
22	21782	14
22	21783	14
22	21784	14
22	21785	14
22	21786	13
22	21787	13
22	21788	13
22	21789	13
22	21790	13
22	21791	13
22	21792	13
22	21793	12
22	21794	12
22	21795	12
22	21796	12
22	21797	12
22	21798	12
22	21799	12
22	21800	12
22	21801	12
22	21802	14
22	21803	14
22	21804	14
22	21805	14
22	21806	14
22	21807	14
22	21808	14
22	21809	14
22	21810	14
22	21811	13
22	21812	13
22	21813	13
22	21814	13
22	21815	13
22	21816	13
22	21817	13
22	21818	13
22	21819	13
22	21820	13
22	21821	13
22	21822	13
22	21823	13
22	21824	13
22	21825	13
22	21826	13
22	21827	14
22	21828	14
22	21829	14
22	21830	14
22	21831	14
22	21832	14
22	21833	14
22	21834	14
22	21835	14
22	21836	13
22	21837	13
22	21838	13
22	21839	13
22	21840	13
22	21841	13
22	21842	13
22	21843	13
22	21844	13
22	21845	13
22	21846	13
22	21847	13
22	21848	13
22	21849	13
22	21850	13
22	21851	13
22	21852	13
22	21853	13
22	21854	13
22	21855	12
22	21856	12
22	21857	12
22	21858	12
22	21859	12
22	21860	12
22	21861	12
22	21862	12
22	21863	12
22	21864	12
22	21865	12
22	21866	12
22	21867	12
22	21868	11
22	21869	11
22	21870	11
22	21871	11
22	21872	11
22	21873	11
22	21874	11
22	21875	11
22	21876	11
22	21877	11
22	21878	11
22	21879	11
22	21880	12
22	21881	13
22	21882	13
22	21883	13
22	21884	14
22	21885	14
22	21886	14
22	21887	13
22	21888	13
22	21889	13
22	21890	13
22	21891	13
22	21892	13
22	21893	13
22	21894	12
22	21895	12
22	21896	12
22	21897	11
22	21898	11
22	21899	11
22	21900	11
22	21901	11
22	21902	11
22	21903	11
22	21904	14
22	21905	14
22	21906	14
22	21907	14
22	21908	14
22	21909	14
22	21910	13
22	21911	13
22	21912	13
22	21913	12
22	21914	12
22	21915	13
22	21916	13
22	21917	13
22	21918	13
22	21919	13
22	21920	13
22	21921	13
22	21922	12
22	21923	12
22	21924	12
22	21925	12
22	21926	12
22	21927	12
22	21928	12
22	21929	12
22	21930	12
22	21931	12
22	21932	12
22	21933	12
22	21934	12
22	21935	12
22	21936	12
22	21937	12
22	21938	12
22	21939	12
22	21940	11
22	21941	11
22	21942	11
22	21943	11
22	21944	11
22	21945	11
22	21946	11
22	21947	11
22	21948	11
22	21949	11
22	21950	11
22	21951	9
22	21952	9
22	21953	9
22	21954	9
22	21955	9
22	21956	9
22	21957	10
22	21958	10
22	21959	10
22	21960	10
22	21961	10
22	21962	10
22	21963	12
22	21964	12
22	21965	12
22	21966	12
22	21967	12
22	21968	12
22	21969	12
22	21970	12
22	21971	12
22	21972	12
22	21973	12
22	21974	14
22	21975	14
22	21976	13
22	21977	13
22	21978	13
22	21979	13
22	21980	13
22	21981	13
22	21982	13
22	21983	15
22	21984	15
22	21985	15
22	21986	15
22	21987	16
22	21988	16
22	21989	16
22	21990	16
22	21991	16
22	21992	16
22	21993	16
22	21994	16
22	21995	16
22	21996	16
22	21997	16
22	21998	16
22	21999	16
22	22000	16
22	22001	16
22	22002	16
22	22003	16
22	22004	16
22	22005	16
22	22006	16
22	22007	16
22	22008	16
22	22009	16
22	22010	17
22	22011	17
22	22012	17
22	22013	17
22	22014	17
22	22015	17
22	22016	17
22	22017	18
22	22018	18
22	22019	18
22	22020	18
22	22021	19
22	22022	19
22	22023	19
22	22024	19
22	22025	19
22	22026	19
22	22027	19
22	22028	19
22	22029	19
22	22030	17
22	22031	17
22	22032	17
22	22033	17
22	22034	16
22	22035	16
22	22036	16
22	22037	16
22	22038	16
22	22039	16
22	22040	16
22	22041	16
22	22042	16
22	22043	16
22	22044	16
22	22045	16
22	22046	16
22	22047	15
22	22048	15
22	22049	15
22	22050	15
22	22051	15
22	22052	15
22	22053	15
22	22054	12
22	22055	12
22	22056	12
22	22057	12
22	22058	12
22	22059	12
22	22060	12
22	22061	12
22	22062	12
22	22063	12
22	22064	11
22	22065	11
22	22066	11
22	22067	11
22	22068	11
22	22069	9
22	22070	9
22	22071	9
22	22072	10
22	22073	10
22	22074	10
22	22075	10
22	22076	10
22	22077	10
22	22078	11
22	22079	11
22	22080	11
22	22081	11
22	22082	11
22	22083	11
22	22084	11
22	22085	11
22	22086	11
22	22087	11
22	22088	10
22	22089	10
22	22090	10
22	22091	10
22	22092	10
22	22093	10
22	22094	10
22	22095	12
22	22096	12
22	22097	12
22	22098	13
22	22099	13
22	22100	13
22	22101	13
22	22102	13
22	22103	13
22	22104	13
22	22105	12
22	22106	13
22	22107	13
22	22108	13
22	22109	13
22	22110	13
22	22111	13
22	22112	11
22	22113	11
22	22114	11
22	22115	11
22	22116	11
22	22117	11
22	22118	12
22	22119	12
22	22120	12
22	22121	12
22	22122	12
22	22123	13
22	22124	13
22	22125	13
22	22126	13
22	22127	13
22	22128	13
22	22129	13
22	22130	13
22	22131	13
22	22132	11
22	22133	11
22	22134	11
22	22135	11
22	22136	11
22	22137	10
22	22138	10
22	22139	10
22	22140	10
22	22141	10
22	22142	10
22	22143	10
22	22144	10
22	22145	10
22	22146	11
22	22147	11
22	22148	11
22	22149	11
22	22150	11
22	22151	11
22	22152	11
22	22153	11
22	22154	11
22	22155	11
22	22156	11
22	22157	11
22	22158	11
22	22159	10
22	22160	10
22	22161	10
22	22162	10
22	22163	10
22	22164	10
22	22165	10
22	22166	9
22	22167	9
22	22168	9
22	22169	9
22	22170	9
22	22171	10
22	22172	10
22	22173	10
22	22174	10
22	22175	11
22	22176	11
22	22177	11
22	22178	11
22	22179	11
22	22180	11
22	22181	11
22	22182	12
22	22183	12
22	22184	12
22	22185	12
22	22186	12
22	22187	12
22	22188	12
22	22189	12
22	22190	13
22	22191	13
22	22192	13
22	22193	13
22	22194	13
22	22195	13
22	22196	13
22	22197	14
22	22198	14
22	22199	14
22	22200	14
22	22201	14
22	22202	14
22	22203	14
22	22204	14
22	22205	15
22	22206	15
22	22207	15
22	22208	15
22	22209	15
22	22210	15
22	22211	15
22	22212	15
22	22213	15
22	22214	15
22	22215	15
22	22216	15
22	22217	15
22	22218	15
22	22219	15
22	22220	15
22	22221	14
22	22222	14
22	22223	14
22	22224	14
22	22225	14
22	22226	14
22	22227	13
22	22228	13
22	22229	13
22	22230	13
22	22231	13
22	22232	13
22	22233	13
22	22234	13
22	22235	13
22	22236	13
22	22237	14
22	22238	14
22	22239	14
22	22240	14
22	22241	14
22	22242	14
22	22243	14
22	22244	14
22	22245	12
22	22246	12
22	22247	12
22	22248	11
22	22249	11
22	22250	11
22	22251	11
22	22252	11
22	22253	11
22	22254	11
22	22255	11
22	22256	10
22	22257	10
22	22258	10
22	22259	10
22	22260	11
22	22261	11
22	22262	11
22	22263	11
22	22264	11
22	22265	11
22	22266	11
22	22267	11
22	22268	10
22	22269	10
22	22270	10
22	22271	10
22	22272	9
22	22273	9
22	22274	9
22	22275	9
22	22276	9
22	22277	9
22	22278	9
22	22279	9
22	22280	10
22	22281	10
22	22282	10
22	22283	10
22	22284	10
22	22285	10
22	22286	10
22	22287	10
22	22288	10
22	22289	10
22	22290	10
22	22291	10
22	22292	10
22	22293	10
22	22294	10
22	22295	10
22	22296	9
22	22297	9
22	22298	9
22	22299	9
22	22300	9
22	22301	9
22	22302	9
22	22303	9
22	22304	10
22	22305	10
22	22306	10
22	22307	10
22	22308	10
22	22309	10
22	22310	11
22	22311	11
22	22312	11
22	22313	11
22	22314	11
22	22315	11
22	22316	11
22	22317	11
22	22318	11
22	22319	11
22	22320	10
22	22321	10
22	22322	10
22	22323	10
22	22324	10
22	22325	9
22	22326	10
22	22327	10
22	22328	10
22	22329	10
22	22330	10
22	22331	10
22	22332	9
22	22333	9
22	22334	9
22	22335	9
22	22336	9
22	22337	9
22	22338	10
22	22339	10
22	22340	9
22	22341	9
22	22342	9
22	22343	10
22	22344	10
22	22345	10
22	22346	12
22	22347	11
22	22348	11
22	22349	11
22	22350	11
22	22351	11
22	22352	11
22	22353	11
22	22354	11
22	22355	10
22	22356	10
22	22357	10
22	22358	10
22	22359	10
22	22360	10
22	22361	10
22	22362	10
22	22363	10
22	22364	10
22	22365	10
22	22366	11
22	22367	11
22	22368	11
22	22369	11
22	22370	11
22	22371	11
22	22372	11
22	22373	11
22	22374	11
22	22375	11
22	22376	11
22	22377	11
22	22378	11
22	22379	12
22	22380	12
22	22381	12
22	22382	12
22	22383	12
22	22384	12
22	22385	12
22	22386	12
22	22387	11
22	22388	11
22	22389	11
22	22390	11
22	22391	11
22	22392	11
22	22393	11
22	22394	12
22	22395	12
22	22396	12
22	22397	12
22	22398	12
22	22399	12
22	22400	12
22	22401	12
22	22402	12
22	22403	12
22	22404	12
22	22405	12
22	22406	12
22	22407	12
22	22408	12
22	22409	12
22	22410	11
22	22411	11
22	22412	11
22	22413	11
22	22414	11
22	22415	11
22	22416	11
22	22417	11
22	22418	11
22	22419	11
22	22420	11
22	22421	11
22	22422	11
22	22423	11
22	22424	11
22	22425	11
22	22426	11
22	22427	11
22	22428	12
22	22429	13
22	22430	13
22	22431	13
22	22432	13
22	22433	13
22	22434	13
22	22435	13
22	22436	13
22	22437	13
22	22438	13
22	22439	13
22	22440	13
22	22441	13
22	22442	13
22	22443	13
22	22444	13
22	22445	13
22	22446	13
22	22447	13
22	22448	13
22	22449	13
22	22450	13
22	22451	13
22	22452	13
22	22453	12
22	22454	12
22	22455	12
22	22456	12
22	22457	12
22	22458	13
22	22459	13
22	22460	12
22	22461	12
22	22462	12
22	22463	13
22	22464	13
22	22465	13
22	22466	14
22	22467	14
22	22468	14
22	22469	14
22	22470	14
22	22471	14
22	22472	15
22	22473	15
22	22474	15
22	22475	14
22	22476	14
22	22477	15
22	22478	15
22	22479	15
22	22480	15
22	22481	15
22	22482	15
22	22483	15
22	22484	15
22	22485	15
22	22486	15
22	22487	15
22	22488	15
22	22489	15
22	22490	15
22	22491	15
22	22492	14
22	22493	14
22	22494	14
22	22495	14
22	22496	14
22	22497	14
22	22498	14
22	22499	14
22	22500	14
22	22501	14
22	22502	14
22	22503	14
22	22504	14
22	22505	14
22	22506	14
22	22507	14
22	22508	14
22	22509	15
22	22510	15
22	22511	15
22	22512	15
22	22513	15
22	22514	15
22	22515	15
22	22516	14
22	22517	14
22	22518	14
22	22519	14
22	22520	14
22	22521	14
22	22522	14
22	22523	14
22	22524	14
22	22525	14
22	22526	14
22	22527	14
22	22528	14
22	22529	13
22	22530	13
22	22531	13
22	22532	13
22	22533	13
22	22534	13
22	22535	13
22	22536	13
22	22537	14
22	22538	14
22	22539	14
22	22540	14
22	22541	14
22	22542	14
22	22543	13
22	22544	13
22	22545	13
22	22546	13
22	22547	13
22	22548	13
22	22549	13
22	22550	13
22	22551	13
22	22552	13
22	22553	13
22	22554	13
22	22555	13
22	22556	13
22	22557	13
22	22558	13
22	22559	13
22	22560	13
22	22561	13
22	22562	13
22	22563	13
22	22564	14
22	22565	14
22	22566	14
22	22567	18
22	22568	18
22	22569	18
22	22570	18
22	22571	18
22	22572	18
22	22573	18
22	22574	18
22	22575	18
22	22576	16
22	22577	16
22	22578	15
22	22579	15
22	22580	15
22	22581	15
22	22582	15
22	22583	15
22	22584	15
22	22585	15
22	22586	15
22	22587	15
22	22588	15
22	22589	15
22	22590	15
22	22591	15
22	22592	15
22	22593	15
22	22594	17
22	22595	17
22	22596	17
22	22597	17
22	22598	17
22	22599	17
22	22600	17
22	22601	17
22	22602	17
22	22603	15
22	22604	15
22	22605	15
22	22606	15
22	22607	15
22	22608	14
22	22609	14
22	22610	14
22	22611	15
22	22612	15
22	22613	14
22	22614	14
22	22615	14
22	22616	14
22	22617	14
22	22618	14
22	22619	14
22	22620	14
22	22621	15
22	22622	14
22	22623	14
22	22624	14
22	22625	14
22	22626	14
22	22627	13
22	22628	13
22	22629	13
22	22630	13
22	22631	13
22	22632	13
22	22633	13
22	22634	13
22	22635	13
22	22636	13
22	22637	13
22	22638	13
22	22639	13
22	22640	14
22	22641	14
22	22642	14
22	22643	14
22	22644	14
22	22645	15
22	22646	15
22	22647	15
22	22648	15
22	22649	17
22	22650	17
22	22651	17
22	22652	17
22	22653	17
22	22654	17
22	22655	17
22	22656	17
22	22657	18
22	22658	17
22	22659	17
22	22660	17
22	22661	17
22	22662	17
22	22663	17
22	22664	17
22	22665	17
22	22666	17
22	22667	17
22	22668	17
22	22669	17
22	22670	17
22	22671	18
22	22672	18
22	22673	18
22	22674	18
22	22675	18
22	22676	18
22	22677	18
22	22678	18
22	22679	18
22	22680	18
22	22681	18
22	22682	21
22	22683	21
22	22684	21
22	22685	21
22	22686	21
22	22687	20
22	22688	20
22	22689	20
22	22690	20
22	22691	20
22	22692	20
22	22693	20
22	22694	20
22	22695	21
22	22696	21
22	22697	21
22	22698	21
22	22699	21
22	22700	22
22	22701	22
22	22702	22
22	22703	23
22	22704	23
22	22705	23
22	22706	23
22	22707	23
22	22708	23
22	22709	23
22	22710	23
22	22711	23
22	22712	23
22	22713	23
22	22714	22
22	22715	22
22	22716	18
22	22717	18
22	22718	18
22	22719	18
22	22720	18
22	22721	18
22	22722	18
22	22723	19
22	22724	19
22	22725	19
22	22726	19
22	22727	19
22	22728	19
22	22729	19
22	22730	19
22	22731	19
22	22732	19
22	22733	19
22	22734	19
22	22735	19
22	22736	19
22	22737	19
22	22738	19
22	22739	19
22	22740	19
22	22741	19
22	22742	18
22	22743	18
22	22744	17
22	22745	18
22	22746	18
22	22747	18
22	22748	19
22	22749	19
22	22750	19
22	22751	19
22	22752	19
22	22753	19
22	22754	18
22	22755	19
22	22756	19
22	22757	19
22	22758	18
22	22759	18
22	22760	18
22	22761	20
22	22762	20
22	22763	20
22	22764	20
22	22765	19
22	22766	19
22	22767	19
22	22768	19
22	22769	19
22	22770	19
22	22771	18
22	22772	18
22	22773	19
22	22774	19
22	22775	19
22	22776	19
22	22777	19
22	22778	19
22	22779	19
22	22780	19
22	22781	20
22	22782	20
22	22783	20
22	22784	20
22	22785	20
22	22786	22
22	22787	22
22	22788	22
22	22789	22
22	22790	22
22	22791	22
22	22792	22
22	22793	23
22	22794	23
22	22795	22
22	22796	22
22	22797	22
22	22798	24
22	22799	22
22	22800	22
22	22801	22
22	22802	22
22	22803	22
22	22804	22
22	22805	22
22	22806	22
22	22807	21
22	22808	21
22	22809	21
22	22810	21
22	22811	21
22	22812	21
22	22813	22
22	22814	22
22	22815	22
22	22816	22
22	22817	22
22	22818	22
22	22819	22
22	22820	21
22	22821	21
22	22822	22
22	22823	22
22	22824	22
22	22825	22
22	22826	22
22	22827	22
22	22828	22
22	22829	22
22	22830	22
22	22831	19
22	22832	19
22	22833	19
22	22834	19
22	22835	19
22	22836	20
22	22837	20
22	22838	20
22	22839	20
22	22840	20
22	22841	20
22	22842	20
22	22843	20
22	22844	20
22	22845	19
22	22846	19
22	22847	19
22	22848	19
22	22849	19
22	22850	18
22	22851	18
22	22852	18
22	22853	19
22	22854	19
22	22855	19
22	22856	19
22	22857	19
22	22858	19
22	22859	19
22	22860	19
22	22861	19
22	22862	19
22	22863	19
22	22864	19
22	22865	19
22	22866	19
22	22867	19
22	22868	19
22	22869	21
22	22870	22
22	22871	22
22	22872	22
22	22873	21
22	22874	22
22	22875	22
22	22876	23
22	22877	23
22	22878	23
22	22879	23
22	22880	23
22	22881	27
22	22882	27
22	22883	27
22	22884	27
22	22885	27
22	22886	27
22	22887	27
22	22888	27
22	22889	27
22	22890	27
22	22891	29
22	22892	29
22	22893	30
22	22894	30
22	22895	29
22	22896	29
22	22897	29
22	22898	28
22	22899	28
22	22900	28
22	22901	28
22	22902	29
22	22903	29
22	22904	29
22	22905	29
22	22906	29
22	22907	29
22	22908	29
22	22909	29
22	22910	29
22	22911	27
22	22912	26
22	22913	26
22	22914	26
22	22915	26
22	22916	26
22	22917	26
22	22918	26
22	22919	26
22	22920	26
22	22921	26
22	22922	25
22	22923	25
22	22924	25
22	22925	25
22	22926	25
22	22927	25
22	22928	25
22	22929	25
22	22930	25
22	22931	24
22	22932	24
22	22933	24
22	22934	25
22	22935	23
22	22936	23
22	22937	23
22	22938	23
22	22939	25
22	22940	24
22	22941	24
22	22942	24
22	22943	23
22	22944	23
22	22945	23
22	22946	23
22	22947	21
22	22948	21
22	22949	21
22	22950	21
22	22951	21
22	22952	21
22	22953	21
22	22954	21
22	22955	21
22	22956	21
22	22957	21
22	22958	21
22	22959	21
22	22960	22
22	22961	24
22	22962	24
22	22963	23
22	22964	23
22	22965	23
22	22966	24
22	22967	24
22	22968	24
22	22969	24
22	22970	24
22	22971	24
22	22972	24
22	22973	25
22	22974	25
22	22975	25
22	22976	25
22	22977	25
22	22978	25
22	22979	25
22	22980	26
22	22981	26
22	22982	26
22	22983	26
22	22984	26
22	22985	26
22	22986	25
22	22987	26
22	22988	26
22	22989	26
22	22990	26
22	22991	26
22	22992	26
22	22993	26
22	22994	27
22	22995	28
22	22996	28
22	22997	28
22	22998	28
22	22999	28
22	23000	28
22	23001	28
22	23002	27
22	23003	27
22	23004	27
22	23005	27
22	23006	28
22	23007	28
22	23008	28
22	23009	28
22	23010	28
22	23011	28
22	23012	28
22	23013	28
22	23014	29
22	23015	29
22	23016	29
22	23017	31
22	23018	31
22	23019	29
22	23020	29
22	23021	30
22	23022	30
22	23023	30
22	23024	29
22	23025	29
22	23026	28
22	23027	28
22	23028	28
22	23029	29
22	23030	29
22	23031	26
22	23032	26
22	23033	27
22	23034	27
22	23035	27
22	23036	27
22	23037	27
22	23038	27
22	23039	27
22	23040	27
22	23041	27
22	23042	27
22	23043	26
22	23044	26
22	23045	26
22	23046	26
22	23047	26
22	23048	26
22	23049	25
22	23050	25
22	23051	25
22	23052	25
22	23053	25
22	23054	25
22	23055	26
22	23056	26
22	23057	26
22	23058	26
22	23059	26
22	23060	26
22	23061	26
22	23062	26
22	23063	26
22	23064	26
22	23065	26
22	23066	26
22	23067	27
22	23068	27
22	23069	27
22	23070	27
22	23071	27
22	23072	27
22	23073	27
22	23074	28
22	23075	28
22	23076	28
22	23077	28
22	23078	28
22	23079	28
22	23080	28
22	23081	28
22	23082	28
22	23083	28
22	23084	27
22	23085	27
22	23086	27
22	23087	27
22	23088	27
22	23089	25
22	23090	25
22	23091	25
22	23092	25
22	23093	25
22	23094	25
22	23095	25
22	23096	25
22	23097	25
22	23098	25
22	23099	25
22	23100	25
22	23101	25
22	23102	25
22	23103	25
22	23104	25
22	23105	26
22	23106	26
22	23107	25
22	23108	24
22	23109	24
22	23110	23
22	23111	23
22	23112	23
22	23113	23
22	23114	23
22	23115	22
22	23116	22
22	23117	22
22	23118	22
22	23119	22
22	23120	22
22	23121	21
22	23122	21
22	23123	20
22	23124	20
22	23125	20
22	23126	21
22	23127	21
22	23128	21
22	23129	22
22	23130	22
22	23131	22
22	23132	22
22	23133	22
22	23134	22
22	23135	21
22	23136	21
22	23137	22
22	23138	22
22	23139	22
22	23140	22
22	23141	22
22	23142	22
22	23143	22
22	23144	21
22	23145	21
22	23146	21
22	23147	21
22	23148	21
22	23149	21
22	23150	21
22	23151	21
22	23152	20
22	23153	20
22	23154	20
22	23155	20
22	23156	19
22	23157	19
22	23158	18
22	23159	17
22	23160	17
22	23161	17
22	23162	17
22	23163	16
22	23164	16
22	23165	16
22	23166	16
22	23167	14
22	23168	14
22	23169	15
22	23170	15
22	23171	14
22	23172	15
22	23173	14
22	23174	14
22	23175	14
22	23176	14
22	23177	14
22	23178	13
22	23179	13
22	23180	13
22	23181	12
22	23182	12
22	23183	11
22	23184	11
22	23185	11
22	23186	11
22	23187	11
22	23188	11
22	23189	12
22	23190	12
22	23191	12
22	23192	14
22	23193	14
22	23194	14
22	23195	14
22	23196	14
22	23197	14
22	23198	14
22	23199	14
22	23200	14
22	23201	14
22	23202	14
22	23203	14
22	23204	13
22	23205	13
22	23206	13
22	23207	13
22	23208	13
22	23209	13
22	23210	13
22	23211	14
22	23212	14
22	23213	14
22	23214	15
22	23215	14
22	23216	14
22	23217	14
22	23218	14
22	23219	15
22	23220	15
22	23221	15
22	23222	15
22	23223	15
22	23224	14
22	23225	14
22	23226	14
22	23227	14
22	23228	14
22	23229	14
22	23230	14
22	23231	14
22	23232	14
22	23233	14
22	23234	14
22	23235	14
22	23236	15
22	23237	15
22	23238	15
22	23239	15
22	23240	15
22	23241	15
22	23242	15
22	23243	15
22	23244	15
22	23245	15
22	23246	15
22	23247	15
22	23248	15
22	23249	15
22	23250	15
22	23251	15
22	23252	15
22	23253	15
22	23254	15
22	23255	13
22	23256	13
22	23257	13
22	23258	13
22	23259	13
22	23260	13
22	23261	13
22	23262	13
22	23263	13
22	23264	13
22	23265	13
22	23266	13
22	23267	13
22	23268	13
22	23269	13
22	23270	13
22	23271	13
22	23272	13
22	23273	13
22	23274	13
22	23275	13
22	23276	12
22	23277	12
22	23278	12
22	23279	10
22	23280	10
22	23281	10
22	23282	10
22	23283	10
22	23284	10
22	23285	10
22	23286	9
22	23287	9
22	23288	9
22	23289	9
22	23290	9
22	23291	9
22	23292	9
22	23293	9
22	23294	9
22	23295	9
22	23296	9
22	23297	10
22	23298	10
22	23299	10
22	23300	10
22	23301	10
22	23302	10
22	23303	10
22	23304	10
22	23305	10
22	23306	10
22	23307	10
22	23308	10
22	23309	8
22	23310	8
22	23311	8
22	23312	8
22	23313	8
22	23314	8
22	23315	8
22	23316	8
22	23317	8
22	23318	8
22	23319	8
22	23320	8
22	23321	8
22	23322	7
22	23323	7
22	23324	7
22	23325	7
22	23326	7
22	23327	7
22	23328	7
22	23329	7
22	23330	7
22	23331	7
22	23332	7
22	23333	7
22	23334	7
22	23335	7
22	23336	7
22	23337	7
22	23338	6
22	23339	6
22	23340	6
22	23341	6
22	23342	6
22	23343	6
22	23344	6
22	23345	6
22	23346	6
22	23347	6
22	23348	6
22	23349	6
22	23350	6
22	23351	6
22	23352	7
22	23353	7
22	23354	7
22	23355	7
22	23356	7
22	23357	7
22	23358	7
22	23359	6
22	23360	6
22	23361	6
22	23362	6
22	23363	6
22	23364	5
22	23365	5
22	23366	5
22	23367	5
22	23368	5
22	23369	4
22	23370	4
22	23371	4
22	23372	4
22	23373	4
22	23374	4
22	23375	4
22	23376	4
22	23377	4
22	23378	4
22	23379	4
22	23380	4
22	23381	5
22	23382	5
22	23383	5
22	23384	5
22	23385	5
22	23386	4
22	23387	4
22	23388	4
22	23389	4
22	23390	4
22	23391	4
22	23392	4
22	23393	4
22	23394	4
22	23395	5
22	23396	5
22	23397	5
22	23398	5
22	23399	5
22	23400	5
22	23401	5
22	23402	5
22	23403	5
22	23404	5
22	23405	5
22	23406	5
22	23407	5
22	23408	5
22	23409	5
22	23410	5
22	23411	5
22	23412	5
22	23413	5
22	23414	5
22	23415	5
22	23416	5
22	23417	5
22	23418	5
22	23419	5
22	23420	8
22	23421	8
22	23422	8
22	23423	8
22	23424	8
22	23425	8
22	23426	8
22	23427	8
22	23428	8
22	23429	8
22	23430	8
22	23431	8
22	23432	8
22	23433	8
22	23434	8
22	23435	8
22	23436	8
22	23437	8
22	23438	8
22	23439	8
22	23440	8
22	23441	8
22	23442	8
22	23443	8
22	23444	8
22	23445	8
22	23446	8
22	23447	7
22	23448	8
22	23449	8
22	23450	9
22	23451	9
22	23452	9
22	23453	9
22	23454	10
22	23455	10
22	23456	10
22	23457	9
22	23458	9
22	23459	9
22	23460	9
22	23461	9
22	23462	9
22	23463	9
22	23464	9
22	23465	9
22	23466	9
22	23467	9
22	23468	9
22	23469	9
22	23470	9
22	23471	9
22	23472	9
22	23473	9
22	23474	9
22	23475	9
22	23476	9
22	23477	9
22	23478	9
22	23479	9
22	23480	11
22	23481	11
22	23482	13
22	23483	13
22	23484	13
22	23485	13
22	23486	13
22	23487	13
22	23488	13
22	23489	13
22	23490	13
22	23491	17
22	23492	17
22	23493	17
22	23494	17
22	23495	17
22	23496	16
22	23497	16
22	23498	16
22	23499	16
22	23500	16
22	23501	16
22	23502	16
22	23503	16
22	23504	16
22	23505	16
22	23506	16
22	23507	16
22	23508	16
22	23509	16
22	23510	16
22	23511	16
22	23512	16
22	23513	16
22	23514	16
22	23515	16
22	23516	16
22	23517	16
22	23518	16
22	23519	16
22	23520	16
22	23521	16
22	23522	16
22	23523	16
22	23524	16
22	23525	16
22	23526	16
22	23527	16
22	23528	16
22	23529	15
22	23530	17
22	23531	17
22	23532	17
22	23533	17
22	23534	17
22	23535	17
22	23536	17
22	23537	17
22	23538	17
22	23539	16
22	23540	16
22	23541	17
22	23542	18
22	23543	18
22	23544	18
22	23545	20
22	23546	22
22	23547	23
22	23548	23
22	23549	23
22	23550	23
22	23551	23
22	23552	23
22	23553	23
22	23554	23
22	23555	23
22	23556	23
22	23557	23
22	23558	23
22	23559	23
22	23560	23
22	23561	23
22	23562	23
22	23563	24
22	23564	24
22	23565	24
22	23566	24
22	23567	24
22	23568	24
22	23569	21
22	23570	21
22	23571	22
22	23572	22
22	23573	23
22	23574	23
22	23575	23
22	23576	23
22	23577	23
22	23578	23
22	23579	23
22	23580	23
22	23581	23
22	23582	23
22	23583	23
22	23584	23
22	23585	23
22	23586	23
22	23587	23
22	23588	23
22	23589	23
22	23590	23
22	23591	23
22	23592	23
22	23593	23
22	23594	23
22	23595	24
22	23596	24
22	23597	23
22	23598	23
22	23599	23
22	23600	22
22	23601	22
22	23602	22
22	23603	22
22	23604	21
22	23605	21
22	23606	21
22	23607	21
22	23608	21
22	23609	21
22	23610	21
22	23611	21
22	23612	21
22	23613	22
22	23614	22
22	23615	22
22	23616	22
22	23617	22
22	23618	22
22	23619	22
22	23620	22
22	23621	22
22	23622	22
22	23623	22
22	23624	22
22	23625	22
22	23626	22
22	23627	22
22	23628	22
22	23629	20
22	23630	20
22	23631	18
22	23632	18
22	23633	18
22	23634	18
22	23635	18
22	23636	18
22	23637	18
22	23638	18
22	23639	18
22	23640	18
22	23641	15
22	23642	15
22	23643	16
22	23644	16
22	23645	16
22	23646	16
22	23647	16
22	23648	16
22	23649	16
22	23650	16
22	23651	16
22	23652	16
22	23653	16
22	23654	16
22	23655	16
22	23656	16
22	23657	16
22	23658	17
22	23659	19
22	23660	19
22	23661	19
22	23662	19
22	23663	20
22	23664	20
22	23665	21
22	23666	21
22	23667	21
22	23668	21
22	23669	21
22	23670	21
22	23671	21
22	23672	21
22	23673	21
22	23674	21
22	23675	21
22	23676	22
22	23677	25
22	23678	25
22	23679	23
22	23680	23
22	23681	23
22	23682	23
22	23683	24
22	23684	24
22	23685	24
22	23686	24
22	23687	24
22	23688	26
22	23689	26
22	23690	25
22	23691	24
22	23692	24
22	23693	24
22	23694	24
22	23695	22
22	23696	20
22	23697	19
22	23698	19
22	23699	19
22	23700	19
22	23701	19
22	23702	19
22	23703	19
22	23704	19
22	23705	19
22	23706	20
22	23707	20
22	23708	20
22	23709	20
22	23710	20
22	23711	20
22	23712	20
22	23713	19
22	23714	19
22	23715	19
22	23716	19
22	23717	19
22	23718	19
22	23719	19
22	23720	19
22	23721	19
22	23722	21
22	23723	20
22	23724	20
22	23725	20
22	23726	21
22	23727	21
22	23728	21
22	23729	21
22	23730	22
22	23731	22
22	23732	22
22	23733	22
22	23734	22
22	23735	23
22	23736	23
22	23737	23
22	23738	23
22	23739	23
22	23740	23
22	23741	23
22	23742	27
22	23743	27
22	23744	26
22	23745	26
22	23746	26
22	23747	26
22	23748	26
22	23749	26
22	23750	26
22	23751	27
22	23752	27
22	23753	27
22	23754	28
22	23755	28
22	23756	28
22	23757	28
22	23758	28
22	23759	28
22	23760	28
22	23761	28
22	23762	28
22	23763	27
22	23764	27
22	23765	27
22	23766	27
22	23767	27
22	23768	27
22	23769	28
22	23770	28
22	23771	28
22	23772	28
22	23773	28
22	23774	28
22	23775	28
22	23776	28
22	23777	28
22	23778	28
22	23779	28
22	23780	28
22	23781	28
22	23782	28
22	23783	28
22	23784	28
22	23785	28
22	23786	28
22	23787	28
22	23788	28
22	23789	28
22	23790	28
22	23791	27
22	23792	27
22	23793	26
22	23794	26
22	23795	27
22	23796	27
22	23797	27
22	23798	27
22	23799	27
22	23800	27
22	23801	27
22	23802	27
22	23803	27
22	23804	27
22	23805	27
22	23806	27
22	23807	26
22	23808	24
22	23809	25
22	23810	25
22	23811	25
22	23812	23
22	23813	24
22	23814	24
22	23815	23
22	23816	23
22	23817	23
22	23818	23
22	23819	23
22	23820	23
22	23821	23
22	23822	23
22	23823	23
22	23824	24
22	23825	23
22	23826	21
22	23827	22
22	23828	21
22	23829	22
22	23830	22
22	23831	22
22	23832	22
22	23833	22
22	23834	22
22	23835	23
22	23836	21
22	23837	21
22	23838	21
22	23839	21
22	23840	21
22	23841	21
22	23842	21
22	23843	21
22	23844	21
22	23845	21
22	23846	21
22	23847	21
22	23848	22
22	23849	22
22	23850	22
22	23851	22
22	23852	22
22	23853	22
22	23854	22
22	23855	21
22	23856	21
22	23857	21
22	23858	21
22	23859	21
22	23860	21
22	23861	21
22	23862	21
22	23863	21
22	23864	21
22	23865	21
22	23866	21
22	23867	21
22	23868	22
22	23869	22
22	23870	21
22	23871	21
22	23872	19
22	23873	19
22	23874	19
22	23875	19
22	23876	18
22	23877	21
22	23878	21
22	23879	21
22	23880	21
22	23881	21
22	23882	21
22	23883	21
22	23884	21
22	23885	20
22	23886	20
22	23887	20
22	23888	20
22	23889	20
22	23890	20
22	23891	16
22	23892	16
22	23893	16
22	23894	16
22	23895	16
22	23896	16
22	23897	16
22	23898	16
22	23899	16
22	23900	16
22	23901	15
22	23902	15
22	23903	15
22	23904	14
22	23905	14
22	23906	14
22	23907	14
22	23908	14
22	23909	14
22	23910	14
22	23911	14
22	23912	15
22	23913	15
22	23914	15
22	23915	15
22	23916	15
22	23917	15
22	23918	15
22	23919	15
22	23920	15
22	23921	15
22	23922	15
22	23923	15
22	23924	15
22	23925	15
22	23926	15
22	23927	15
22	23928	15
22	23929	15
22	23930	15
22	23931	15
22	23932	15
22	23933	15
22	23934	15
22	23935	15
22	23936	15
22	23937	15
22	23938	15
22	23939	15
22	23940	15
22	23941	15
22	23942	15
22	23943	15
22	23944	15
22	23945	14
22	23946	14
22	23947	14
22	23948	14
22	23949	14
22	23950	14
22	23951	14
22	23952	14
22	23953	14
22	23954	14
22	23955	14
22	23956	14
22	23957	14
22	23958	14
22	23959	13
22	23960	13
22	23961	13
22	23962	13
22	23963	13
22	23964	13
22	23965	14
22	23966	14
22	23967	14
22	23968	14
22	23969	14
22	23970	14
22	23971	14
22	23972	14
22	23973	14
22	23974	13
22	23975	13
22	23976	13
22	23977	12
22	23978	12
22	23979	11
22	23980	12
22	23981	12
22	23982	11
22	23983	12
22	23984	11
22	23985	11
22	23986	11
22	23987	11
22	23988	11
22	23989	12
22	23990	12
22	23991	12
22	23992	12
22	23993	12
22	23994	12
22	23995	12
22	23996	12
22	23997	12
22	23998	11
22	23999	11
22	24000	12
22	24001	12
22	24002	12
22	24003	12
22	24004	12
22	24005	12
22	24006	12
22	24007	12
22	24008	12
22	24009	13
22	24010	13
22	24011	13
22	24012	13
22	24013	13
22	24014	13
22	24015	14
22	24016	14
22	24017	15
22	24018	15
22	24019	15
22	24020	15
22	24021	15
22	24022	15
22	24023	15
22	24024	15
22	24025	15
22	24026	15
22	24027	12
22	24028	12
22	24029	11
22	24030	11
22	24031	11
22	24032	11
22	24033	11
22	24034	11
22	24035	11
22	24036	11
22	24037	11
22	24038	11
22	24039	12
22	24040	12
22	24041	12
22	24042	12
22	24043	12
22	24044	12
22	24045	12
22	24046	12
22	24047	13
22	24048	13
22	24049	13
22	24050	13
22	24051	13
22	24052	13
22	24053	13
22	24054	13
22	24055	13
22	24056	13
22	24057	13
22	24058	13
22	24059	13
22	24060	13
22	24061	13
22	24062	12
22	24063	12
22	24064	12
22	24065	12
22	24066	12
22	24067	12
22	24068	11
22	24069	12
22	24070	13
22	24071	13
22	24072	13
22	24073	13
22	24074	13
22	24075	13
22	24076	13
22	24077	13
22	24078	13
22	24079	13
22	24080	13
22	24081	13
22	24082	13
22	24083	13
22	24084	13
22	24085	13
22	24086	13
22	24087	14
22	24088	15
22	24089	15
22	24090	15
22	24091	15
22	24092	15
22	24093	15
22	24094	15
22	24095	15
22	24096	15
22	24097	15
22	24098	15
22	24099	15
22	24100	15
22	24101	15
22	24102	15
22	24103	15
22	24104	15
22	24105	15
22	24106	15
22	24107	15
22	24108	15
22	24109	15
22	24110	15
22	24111	15
22	24112	15
22	24113	15
22	24114	16
22	24115	15
22	24116	15
22	24117	15
22	24118	15
22	24119	15
22	24120	15
22	24121	15
22	24122	15
22	24123	15
22	24124	15
22	24125	15
22	24126	15
22	24127	15
22	24128	15
22	24129	15
22	24130	14
22	24131	14
22	24132	14
22	24133	13
22	24134	13
22	24135	13
22	24136	13
22	24137	13
22	24138	12
22	24139	12
22	24140	12
22	24141	12
22	24142	12
22	24143	12
22	24144	12
22	24145	12
22	24146	12
22	24147	12
22	24148	12
22	24149	12
22	24150	11
22	24151	11
22	24152	11
22	24153	11
22	24154	11
22	24155	11
22	24156	11
22	24157	11
22	24158	10
22	24159	10
22	24160	10
22	24161	10
22	24162	10
22	24163	10
22	24164	9
22	24165	9
22	24166	9
22	24167	8
22	24168	7
22	24169	8
22	24170	8
22	24171	8
22	24172	8
22	24173	8
22	24174	8
22	24175	8
22	24176	8
22	24177	8
22	24178	8
22	24179	9
22	24180	9
22	24181	9
22	24182	9
22	24183	9
22	24184	9
22	24185	9
22	24186	9
22	24187	8
22	24188	8
22	24189	9
22	24190	9
22	24191	9
22	24192	9
22	24193	9
22	24194	9
22	24195	9
22	24196	9
22	24197	8
22	24198	8
22	24199	8
22	24200	8
22	24201	8
22	24202	8
22	24203	8
22	24204	8
22	24205	8
22	24206	8
22	24207	8
22	24208	8
22	24209	8
22	24210	8
22	24211	8
22	24212	8
22	24213	8
22	24214	8
22	24215	8
22	24216	8
22	24217	8
22	24218	8
22	24219	6
22	24220	6
22	24221	6
22	24222	6
22	24223	6
22	24224	6
22	24225	6
22	24226	6
22	24227	6
22	24228	6
22	24229	6
22	24230	6
22	24231	6
22	24232	6
22	24233	6
22	24234	6
22	24235	6
22	24236	6
22	24237	4
22	24238	4
22	24239	4
22	24240	4
22	24241	4
22	24242	4
22	24243	4
22	24244	4
22	24245	4
22	24246	4
22	24247	4
22	24248	4
22	24249	4
22	24250	5
22	24251	5
22	24252	5
22	24253	5
22	24254	5
22	24255	5
22	24256	5
22	24257	5
22	24258	5
22	24259	5
22	24260	6
22	24261	6
22	24262	6
22	24263	5
22	24264	5
22	24265	5
22	24266	5
22	24267	5
22	24268	5
22	24269	5
22	24270	5
22	24271	6
22	24272	6
22	24273	7
22	24274	7
22	24275	7
22	24276	7
22	24277	7
22	24278	7
22	24279	7
22	24280	7
22	24281	7
22	24282	6
22	24283	6
22	24284	6
22	24285	6
22	24286	6
22	24287	6
22	24288	6
22	24289	6
22	24290	6
22	24291	6
22	24292	7
22	24293	7
22	24294	7
22	24295	7
22	24296	7
22	24297	7
22	24298	7
22	24299	7
22	24300	7
22	24301	8
22	24302	8
22	24303	8
22	24304	8
22	24305	8
22	24306	8
22	24307	8
22	24308	8
22	24309	8
22	24310	8
22	24311	8
22	24312	8
22	24313	8
22	24314	8
22	24315	8
22	24316	8
22	24317	8
22	24318	8
22	24319	8
22	24320	8
22	24321	8
22	24322	8
22	24323	8
22	24324	8
22	24325	8
22	24326	8
22	24327	8
22	24328	7
22	24329	7
22	24330	7
22	24331	7
22	24332	7
22	24333	7
22	24334	7
22	24335	7
22	24336	7
22	24337	7
22	24338	6
22	24339	8
22	24340	8
22	24341	8
22	24342	8
22	24343	8
22	24344	8
22	24345	8
22	24346	8
22	24347	8
22	24348	8
22	24349	8
22	24350	8
22	24351	7
22	24352	8
22	24353	9
22	24354	9
22	24355	9
22	24356	9
22	24357	9
22	24358	9
22	24359	9
22	24360	9
22	24361	9
22	24362	9
22	24363	10
22	24364	10
22	24365	10
22	24366	10
22	24367	10
22	24368	10
22	24369	10
22	24370	10
22	24371	10
22	24372	9
22	24373	9
22	24374	9
22	24375	9
22	24376	9
22	24377	9
22	24378	9
22	24379	9
22	24380	9
22	24381	9
22	24382	9
22	24383	9
22	24384	9
22	24385	9
22	24386	9
22	24387	9
22	24388	9
22	24389	9
22	24390	9
22	24391	10
22	24392	10
22	24393	10
22	24394	10
22	24395	10
22	24396	10
22	24397	10
22	24398	10
22	24399	10
22	24400	10
22	24401	10
22	24402	10
22	24403	10
22	24404	10
22	24405	10
22	24406	11
22	24407	11
22	24408	11
22	24409	10
22	24410	9
22	24411	9
22	24412	9
22	24413	9
22	24414	9
22	24415	10
22	24416	11
22	24417	11
22	24418	11
22	24419	11
22	24420	11
22	24421	10
22	24422	10
22	24423	10
22	24424	11
22	24425	11
22	24426	11
22	24427	11
22	24428	11
22	24429	11
22	24430	11
22	24431	11
22	24432	11
22	24433	11
22	24434	11
22	24435	12
22	24436	12
22	24437	12
22	24438	12
22	24439	12
22	24440	12
22	24441	11
22	24442	11
22	24443	11
22	24444	11
22	24445	11
22	24446	11
22	24447	11
22	24448	11
22	24449	11
22	24450	11
22	24451	10
22	24452	11
22	24453	11
22	24454	11
22	24455	11
22	24456	11
22	24457	11
22	24458	11
22	24459	11
22	24460	11
22	24461	11
22	24462	11
22	24463	11
22	24464	11
22	24465	11
22	24466	11
22	24467	11
22	24468	11
22	24469	11
22	24470	11
22	24471	11
22	24472	11
22	24473	11
22	24474	11
22	24475	11
22	24476	11
22	24477	11
22	24478	11
22	24479	11
22	24480	11
22	24481	11
22	24482	11
22	24483	11
22	24484	11
22	24485	11
22	24486	11
22	24487	10
22	24488	10
22	24489	11
22	24490	11
22	24491	11
22	24492	11
22	24493	11
22	24494	11
22	24495	12
22	24496	12
22	24497	12
22	24498	12
22	24499	12
22	24500	12
22	24501	12
22	24502	12
22	24503	11
22	24504	11
22	24505	11
22	24506	11
22	24507	11
22	24508	11
22	24509	11
22	24510	11
22	24511	11
22	24512	11
22	24513	10
22	24514	10
22	24515	11
22	24516	11
22	24517	11
22	24518	11
22	24519	11
22	24520	11
22	24521	11
22	24522	11
22	24523	11
22	24524	11
22	24525	11
22	24526	12
22	24527	12
22	24528	12
22	24529	12
22	24530	12
22	24531	13
22	24532	13
22	24533	13
22	24534	13
22	24535	13
22	24536	13
22	24537	13
22	24538	13
22	24539	14
22	24540	13
22	24541	14
22	24542	14
22	24543	14
22	24544	14
22	24545	14
22	24546	14
22	24547	14
22	24548	14
22	24549	14
22	24550	14
22	24551	14
22	24552	14
22	24553	14
22	24554	14
22	24555	14
22	24556	13
22	24557	13
22	24558	14
22	24559	14
22	24560	14
22	24561	14
22	24562	15
22	24563	15
22	24564	15
22	24565	14
22	24566	13
22	24567	13
22	24568	13
22	24569	13
22	24570	12
22	24571	11
22	24572	11
22	24573	11
22	24574	11
22	24575	11
22	24576	11
22	24577	11
22	24578	11
22	24579	11
22	24580	11
22	24581	11
22	24582	11
22	24583	11
22	24584	11
22	24585	10
22	24586	10
22	24587	10
22	24588	10
22	24589	10
22	24590	10
22	24591	10
22	24592	10
22	24593	12
22	24594	13
22	24595	13
22	24596	13
22	24597	13
22	24598	13
22	24599	13
22	24600	13
22	24601	13
22	24602	12
22	24603	12
22	24604	12
22	24605	12
22	24606	12
22	24607	12
22	24608	12
22	24609	12
22	24610	12
22	24611	12
22	24612	12
22	24613	12
22	24614	12
22	24615	12
22	24616	12
22	24617	12
22	24618	12
22	24619	12
22	24620	12
22	24621	12
22	24622	12
22	24623	12
22	24624	12
22	24625	12
22	24626	12
22	24627	12
22	24628	12
22	24629	12
22	24630	12
22	24631	12
22	24632	12
22	24633	12
22	24634	12
22	24635	12
22	24636	12
22	24637	12
22	24638	12
22	24639	12
22	24640	12
22	24641	12
22	24642	12
22	24643	12
22	24644	12
22	24645	11
22	24646	11
22	24647	11
22	24648	11
22	24649	11
22	24650	11
22	24651	11
22	24652	11
22	24653	11
22	24654	11
22	24655	11
22	24656	11
22	24657	11
22	24658	11
22	24659	11
22	24660	11
22	24661	11
22	24662	11
22	24663	11
22	24664	11
22	24665	10
22	24666	10
22	24667	11
22	24668	11
22	24669	11
22	24670	11
22	24671	11
22	24672	11
22	24673	11
22	24674	11
22	24675	11
22	24676	10
22	24677	10
22	24678	10
22	24679	10
22	24680	9
22	24681	9
22	24682	10
22	24683	10
22	24684	10
22	24685	10
22	24686	10
22	24687	10
22	24688	11
22	24689	10
22	24690	11
22	24691	10
22	24692	10
22	24693	10
22	24694	10
22	24695	10
22	24696	10
22	24697	10
22	24698	10
22	24699	10
22	24700	10
22	24701	10
22	24702	10
22	24703	10
22	24704	10
22	24705	10
22	24706	10
22	24707	11
22	24708	10
22	24709	10
22	24710	10
22	24711	9
22	24712	9
22	24713	9
22	24714	9
22	24715	9
22	24716	9
22	24717	9
22	24718	9
22	24719	9
22	24720	9
22	24721	9
22	24722	10
22	24723	10
22	24724	10
22	24725	10
22	24726	11
22	24727	11
22	24728	11
22	24729	11
22	24730	12
22	24731	12
22	24732	12
22	24733	12
22	24734	12
22	24735	12
22	24736	12
22	24737	12
22	24738	13
22	24739	13
22	24740	13
22	24741	12
22	24742	12
22	24743	10
22	24744	10
22	24745	10
22	24746	10
22	24747	10
22	24748	9
22	24749	9
22	24750	9
22	24751	9
22	24752	9
22	24753	9
22	24754	9
22	24755	9
22	24756	9
22	24757	9
22	24758	9
22	24759	9
22	24760	9
22	24761	9
22	24762	9
22	24763	9
22	24764	9
22	24765	9
22	24766	9
22	24767	9
22	24768	9
22	24769	9
22	24770	9
22	24771	10
22	24772	10
22	24773	10
22	24774	11
22	24775	11
22	24776	11
22	24777	11
22	24778	11
22	24779	11
22	24780	11
22	24781	11
22	24782	11
22	24783	11
22	24784	11
22	24785	11
22	24786	11
22	24787	11
22	24788	11
22	24789	11
22	24790	11
22	24791	11
22	24792	11
22	24793	11
22	24794	11
22	24795	11
22	24796	11
22	24797	11
22	24798	11
22	24799	11
22	24800	11
22	24801	11
22	24802	11
22	24803	11
22	24804	11
22	24805	11
22	24806	11
22	24807	11
22	24808	11
22	24809	11
22	24810	11
22	24811	11
22	24812	11
22	24813	11
22	24814	11
22	24815	11
22	24816	10
22	24817	10
22	24818	10
22	24819	10
22	24820	10
22	24821	10
22	24822	10
22	24823	10
22	24824	10
22	24825	10
22	24826	10
22	24827	10
22	24828	10
22	24829	10
22	24830	10
22	24831	10
22	24832	9
22	24833	9
22	24834	9
22	24835	9
22	24836	9
22	24837	9
22	24838	8
22	24839	8
22	24840	7
22	24841	7
22	24842	7
22	24843	7
22	24844	7
22	24845	7
22	24846	7
22	24847	7
22	24848	7
22	24849	7
22	24850	7
22	24851	7
22	24852	7
22	24853	7
22	24854	7
22	24855	7
22	24856	6
22	24857	6
22	24858	6
22	24859	6
22	24860	6
22	24861	6
22	24862	6
22	24863	6
22	24864	6
22	24865	6
22	24866	6
22	24867	7
22	24868	7
22	24869	7
22	24870	7
22	24871	6
22	24872	6
22	24873	7
22	24874	7
22	24875	6
22	24876	6
22	24877	6
22	24878	6
22	24879	6
22	24880	5
22	24881	5
22	24882	5
22	24883	5
22	24884	5
22	24885	5
22	24886	5
22	24887	4
22	24888	4
22	24889	4
22	24890	4
22	24891	4
22	24892	5
22	24893	5
22	24894	5
22	24895	5
22	24896	5
22	24897	5
22	24898	5
22	24899	5
22	24900	5
22	24901	5
22	24902	5
22	24903	6
22	24904	6
22	24905	6
22	24906	6
22	24907	6
22	24908	7
22	24909	7
22	24910	7
22	24911	7
22	24912	7
22	24913	7
22	24914	7
22	24915	7
22	24916	7
22	24917	7
22	24918	7
22	24919	8
22	24920	8
22	24921	7
22	24922	6
22	24923	6
22	24924	6
22	24925	6
22	24926	7
22	24927	7
22	24928	7
22	24929	7
22	24930	7
22	24931	7
22	24932	7
22	24933	7
22	24934	7
22	24935	7
22	24936	7
22	24937	8
22	24938	8
22	24939	8
22	24940	8
22	24941	8
22	24942	8
22	24943	8
22	24944	8
22	24945	8
22	24946	8
22	24947	8
22	24948	8
22	24949	8
22	24950	8
22	24951	8
22	24952	8
22	24953	8
22	24954	8
22	24955	8
22	24956	8
22	24957	8
22	24958	8
22	24959	8
22	24960	8
22	24961	8
22	24962	8
22	24963	8
22	24964	8
22	24965	8
22	24966	8
22	24967	8
22	24968	8
22	24969	8
22	24970	8
22	24971	8
22	24972	8
22	24973	8
22	24974	8
22	24975	8
22	24976	8
22	24977	8
22	24978	8
22	24979	8
22	24980	8
22	24981	8
22	24982	8
22	24983	8
22	24984	8
22	24985	8
22	24986	8
22	24987	8
22	24988	8
22	24989	8
22	24990	8
22	24991	8
22	24992	8
22	24993	8
22	24994	8
22	24995	8
22	24996	8
22	24997	8
22	24998	8
22	24999	8
22	25000	8
22	25001	8
22	25002	8
22	25003	8
22	25004	8
22	25005	8
22	25006	8
22	25007	8
22	25008	8
22	25009	8
22	25010	8
22	25011	8
22	25012	8
22	25013	8
22	25014	8
22	25015	8
22	25016	7
22	25017	7
22	25018	7
22	25019	7
22	25020	7
22	25021	7
22	25022	7
22	25023	7
22	25024	7
22	25025	7
22	25026	7
22	25027	7
22	25028	7
22	25029	7
22	25030	7
22	25031	7
22	25032	7
22	25033	7
22	25034	7
22	25035	7
22	25036	7
22	25037	7
22	25038	7
22	25039	7
22	25040	7
22	25041	6
22	25042	6
22	25043	6
22	25044	6
22	25045	6
22	25046	6
22	25047	6
22	25048	6
22	25049	6
22	25050	6
22	25051	6
22	25052	5
22	25053	5
22	25054	5
22	25055	5
22	25056	5
22	25057	5
22	25058	5
22	25059	5
22	25060	5
22	25061	5
22	25062	5
22	25063	5
22	25064	5
22	25065	5
22	25066	5
22	25067	5
22	25068	5
22	25069	5
22	25070	5
22	25071	5
22	25072	5
22	25073	5
22	25074	5
22	25075	5
22	25076	4
22	25077	4
22	25078	4
22	25079	4
22	25080	4
22	25081	4
22	25082	4
22	25083	4
22	25084	4
22	25085	4
22	25086	4
22	25087	3
22	25088	3
22	25089	3
22	25090	3
22	25091	3
22	25092	3
22	25093	3
22	25094	3
22	25095	3
22	25096	3
22	25097	3
22	25098	3
22	25099	3
22	25100	3
22	25101	3
22	25102	3
22	25103	3
22	25104	3
22	25105	3
22	25106	3
22	25107	2
22	25108	2
22	25109	2
22	25110	2
22	25111	2
22	25112	2
22	25113	2
22	25114	3
22	25115	3
22	25116	3
22	25117	3
22	25118	3
22	25119	3
22	25120	3
22	25121	4
22	25122	4
22	25123	4
22	25124	4
22	25125	4
22	25126	4
22	25127	4
22	25128	4
22	25129	4
22	25130	4
22	25131	4
22	25132	4
22	25133	4
22	25134	4
22	25135	5
22	25136	5
22	25137	5
22	25138	5
22	25139	5
22	25140	5
22	25141	5
22	25142	5
22	25143	4
22	25144	4
22	25145	4
22	25146	4
22	25147	4
22	25148	4
22	25149	4
22	25150	4
22	25151	4
22	25152	4
22	25153	4
22	25154	4
22	25155	4
22	25156	4
22	25157	4
22	25158	4
22	25159	4
22	25160	4
22	25161	4
22	25162	4
22	25163	4
22	25164	4
22	25165	4
22	25166	4
22	25167	4
22	25168	4
22	25169	4
22	25170	4
22	25171	5
22	25172	5
22	25173	5
22	25174	5
22	25175	5
22	25176	5
22	25177	5
22	25178	5
22	25179	5
22	25180	4
22	25181	4
22	25182	4
22	25183	4
22	25184	4
22	25185	4
22	25186	4
22	25187	4
22	25188	4
22	25189	4
22	25190	4
22	25191	4
22	25192	4
22	25193	4
22	25194	4
22	25195	4
22	25196	4
22	25197	4
22	25198	4
22	25199	4
22	25200	4
22	25201	4
22	25202	5
22	25203	5
22	25204	5
22	25205	5
22	25206	5
22	25207	5
22	25208	5
22	25209	5
22	25210	5
22	25211	5
22	25212	5
22	25213	5
22	25214	5
22	25215	5
22	25216	5
22	25217	5
22	25218	5
22	25219	5
22	25220	5
22	25221	5
22	25222	5
22	25223	5
22	25224	5
22	25225	5
22	25226	5
22	25227	5
22	25228	5
22	25229	5
22	25230	5
22	25231	5
22	25232	5
22	25233	5
22	25234	5
22	25235	5
22	25236	5
22	25237	5
22	25238	5
22	25239	5
22	25240	5
22	25241	5
22	25242	5
22	25243	5
22	25244	5
22	25245	5
22	25246	5
22	25247	5
22	25248	5
22	25249	6
22	25250	6
22	25251	6
22	25252	7
22	25253	7
22	25254	6
22	25255	7
22	25256	7
22	25257	7
22	25258	7
22	25259	7
22	25260	7
22	25261	7
22	25262	7
22	25263	7
22	25264	7
22	25265	7
22	25266	7
22	25267	7
22	25268	7
22	25269	7
22	25270	7
22	25271	6
22	25272	6
22	25273	6
22	25274	6
22	25275	6
22	25276	6
22	25277	6
22	25278	6
22	25279	6
22	25280	6
22	25281	6
22	25282	6
22	25283	6
22	25284	6
22	25285	5
22	25286	5
22	25287	5
22	25288	5
22	25289	5
22	25290	5
22	25291	5
22	25292	5
22	25293	5
22	25294	5
22	25295	5
22	25296	5
22	25297	5
22	25298	6
22	25299	6
22	25300	6
22	25301	7
22	25302	7
22	25303	7
22	25304	7
22	25305	8
22	25306	8
22	25307	8
22	25308	8
22	25309	8
22	25310	8
22	25311	8
22	25312	8
22	25313	8
22	25314	8
22	25315	8
22	25316	7
22	25317	7
22	25318	7
22	25319	8
22	25320	8
22	25321	8
22	25322	8
22	25323	8
22	25324	9
22	25325	9
22	25326	9
22	25327	9
22	25328	9
22	25329	9
22	25330	9
22	25331	9
22	25332	9
22	25333	9
22	25334	10
22	25335	10
22	25336	10
22	25337	10
22	25338	10
22	25339	10
22	25340	10
22	25341	10
22	25342	10
22	25343	10
22	25344	10
22	25345	10
22	25346	10
22	25347	10
22	25348	10
22	25349	10
22	25350	9
22	25351	9
22	25352	9
22	25353	9
22	25354	9
22	25355	9
22	25356	9
22	25357	10
22	25358	10
22	25359	10
22	25360	10
22	25361	10
22	25362	10
22	25363	10
22	25364	10
22	25365	10
22	25366	10
22	25367	10
22	25368	10
22	25369	11
22	25370	11
22	25371	11
22	25372	11
22	25373	11
22	25374	11
22	25375	11
22	25376	11
22	25377	12
22	25378	12
22	25379	12
22	25380	12
22	25381	12
22	25382	13
22	25383	13
22	25384	13
22	25385	13
22	25386	13
22	25387	13
22	25388	13
22	25389	13
22	25390	13
22	25391	13
22	25392	13
22	25393	13
22	25394	13
22	25395	13
22	25396	13
22	25397	13
22	25398	13
22	25399	13
22	25400	13
22	25401	13
22	25402	13
22	25403	14
22	25404	14
22	25405	14
22	25406	14
22	25407	14
22	25408	14
22	25409	14
22	25410	14
22	25411	14
22	25412	14
22	25413	14
22	25414	14
22	25415	14
22	25416	14
22	25417	14
22	25418	14
22	25419	15
22	25420	15
22	25421	15
22	25422	15
22	25423	15
22	25424	15
22	25425	15
22	25426	15
22	25427	15
22	25428	15
22	25429	15
22	25430	16
22	25431	16
22	25432	16
22	25433	16
22	25434	16
22	25435	17
22	25436	17
22	25437	17
22	25438	17
22	25439	17
22	25440	17
22	25441	17
22	25442	21
22	25443	21
22	25444	21
22	25445	20
22	25446	20
22	25447	20
22	25448	20
22	25449	20
22	25450	20
22	25451	19
22	25452	19
22	25453	21
22	25454	20
22	25455	20
22	25456	20
22	25457	20
22	25458	20
22	25459	20
22	25460	20
22	25461	20
22	25462	20
22	25463	20
22	25464	20
22	25465	20
22	25466	20
22	25467	21
22	25468	21
22	25469	20
22	25470	20
22	25471	20
22	25472	20
22	25473	19
22	25474	19
22	25475	19
22	25476	21
22	25477	21
22	25478	21
22	25479	21
22	25480	21
22	25481	21
22	25482	23
22	25483	22
22	25484	22
22	25485	22
22	25486	22
22	25487	22
22	25488	22
22	25489	22
22	25490	22
22	25491	22
22	25492	22
22	25493	22
22	25494	23
22	25495	23
22	25496	23
22	25497	22
22	25498	22
22	25499	22
22	25500	22
22	25501	22
22	25502	22
22	25503	22
22	25504	22
22	25505	20
22	25506	20
22	25507	20
22	25508	20
22	25509	20
22	25510	20
22	25511	20
22	25512	20
22	25513	20
22	25514	20
22	25515	20
22	25516	20
22	25517	20
22	25518	20
22	25519	20
22	25520	20
22	25521	20
22	25522	20
22	25523	20
22	25524	20
22	25525	20
22	25526	20
22	25527	19
22	25528	19
22	25529	19
22	25530	19
22	25531	19
22	25532	18
22	25533	18
22	25534	18
22	25535	18
22	25536	18
22	25537	18
22	25538	18
22	25539	18
22	25540	18
22	25541	18
22	25542	18
22	25543	18
22	25544	18
22	25545	18
22	25546	18
22	25547	18
22	25548	18
22	25549	17
22	25550	17
22	25551	17
22	25552	17
22	25553	16
22	25554	16
22	25555	16
22	25556	16
22	25557	16
22	25558	16
22	25559	17
22	25560	17
22	25561	17
22	25562	17
22	25563	17
22	25564	17
22	25565	17
22	25566	17
22	25567	17
22	25568	16
22	25569	16
22	25570	16
22	25571	16
22	25572	16
22	25573	16
22	25574	16
22	25575	16
22	25576	16
22	25577	16
22	25578	16
22	25579	15
22	25580	15
22	25581	15
22	25582	15
22	25583	15
22	25584	15
22	25585	14
22	25586	15
22	25587	15
22	25588	15
22	25589	15
22	25590	15
22	25591	15
22	25592	11
22	25593	12
22	25594	12
22	25595	12
22	25596	12
22	25597	12
22	25598	12
22	25599	11
22	25600	11
22	25601	13
22	25602	13
22	25603	13
22	25604	13
22	25605	13
22	25606	13
22	25607	13
22	25608	13
22	25609	13
22	25610	13
22	25611	13
22	25612	13
22	25613	13
22	25614	13
22	25615	13
22	25616	13
22	25617	12
22	25618	12
22	25619	13
22	25620	13
22	25621	13
22	25622	13
22	25623	13
22	25624	13
22	25625	13
22	25626	11
22	25627	11
22	25628	13
22	25629	13
22	25630	13
22	25631	11
22	25632	11
22	25633	11
22	25634	11
22	25635	11
22	25636	11
22	25637	11
22	25638	11
22	25639	11
22	25640	11
22	25641	11
22	25642	11
22	25643	11
22	25644	10
22	25645	10
22	25646	10
22	25647	10
22	25648	10
22	25649	10
22	25650	10
22	25651	10
22	25652	10
22	25653	10
22	25654	10
22	25655	10
22	25656	10
22	25657	10
22	25658	11
22	25659	11
22	25660	11
22	25661	11
22	25662	11
22	25663	11
22	25664	11
22	25665	11
22	25666	11
22	25667	10
22	25668	10
22	25669	10
22	25670	10
22	25671	10
22	25672	10
22	25673	10
22	25674	12
22	25675	12
22	25676	12
22	25677	12
22	25678	12
22	25679	12
22	25680	12
22	25681	12
22	25682	12
22	25683	12
22	25684	12
22	25685	12
22	25686	12
22	25687	12
22	25688	12
22	25689	12
22	25690	12
22	25691	12
22	25692	12
22	25693	12
22	25694	12
22	25695	12
22	25696	12
22	25697	12
22	25698	12
22	25699	12
22	25700	12
22	25701	12
22	25702	12
22	25703	12
22	25704	12
22	25705	12
22	25706	12
22	25707	12
22	25708	11
22	25709	11
22	25710	14
22	25711	14
22	25712	14
22	25713	14
22	25714	14
22	25715	14
22	25716	14
22	25717	14
22	25718	14
22	25719	14
22	25720	15
22	25721	15
22	25722	15
22	25723	15
22	25724	15
22	25725	16
22	25726	16
22	25727	16
22	25728	16
22	25729	16
22	25730	16
22	25731	16
22	25732	16
22	25733	16
22	25734	16
22	25735	16
22	25736	15
22	25737	15
22	25738	15
22	25739	15
22	25740	15
22	25741	15
22	25742	14
22	25743	14
22	25744	14
22	25745	14
22	25746	14
22	25747	14
22	25748	14
22	25749	14
22	25750	13
22	25751	11
22	25752	11
22	25753	11
22	25754	11
22	25755	11
22	25756	11
22	25757	11
22	25758	11
22	25759	11
22	25760	11
22	25761	11
22	25762	11
22	25763	11
22	25764	11
22	25765	11
22	25766	12
22	25767	12
22	25768	12
22	25769	11
22	25770	11
22	25771	11
22	25772	11
22	25773	12
22	25774	12
22	25775	10
22	25776	11
22	25777	11
22	25778	11
22	25779	11
22	25780	11
22	25781	11
22	25782	11
22	25783	11
22	25784	11
22	25785	12
22	25786	12
22	25787	12
22	25788	12
22	25789	12
22	25790	12
22	25791	12
22	25792	12
22	25793	12
22	25794	12
22	25795	12
22	25796	14
22	25797	14
22	25798	14
22	25799	14
22	25800	14
22	25801	14
22	25802	14
22	25803	14
22	25804	14
22	25805	14
22	25806	14
22	25807	14
22	25808	13
22	25809	13
22	25810	13
22	25811	13
22	25812	13
22	25813	13
22	25814	13
22	25815	14
22	25816	14
22	25817	14
22	25818	14
22	25819	14
22	25820	15
22	25821	15
22	25822	15
22	25823	14
22	25824	13
22	25825	13
22	25826	13
22	25827	13
22	25828	13
22	25829	13
22	25830	13
22	25831	13
22	25832	13
22	25833	13
22	25834	13
22	25835	14
22	25836	17
22	25837	17
22	25838	18
22	25839	18
22	25840	18
22	25841	18
22	25842	18
22	25843	18
22	25844	18
22	25845	18
22	25846	18
22	25847	18
22	25848	18
22	25849	20
22	25850	20
22	25851	20
22	25852	20
22	25853	20
22	25854	20
22	25855	20
22	25856	20
22	25857	20
22	25858	20
22	25859	20
22	25860	18
22	25861	18
22	25862	18
22	25863	18
22	25864	18
22	25865	18
22	25866	18
22	25867	18
22	25868	18
22	25869	17
22	25870	17
22	25871	17
22	25872	17
22	25873	17
22	25874	17
22	25875	16
22	25876	16
22	25877	16
22	25878	16
22	25879	16
22	25880	16
22	25881	16
22	25882	16
22	25883	16
22	25884	16
22	25885	16
22	25886	16
22	25887	17
22	25888	17
22	25889	17
22	25890	18
22	25891	19
22	25892	19
22	25893	19
22	25894	19
22	25895	19
22	25896	19
22	25897	19
22	25898	19
22	25899	19
22	25900	19
22	25901	19
22	25902	19
22	25903	19
22	25904	19
22	25905	19
22	25906	19
22	25907	19
22	25908	20
22	25909	20
22	25910	20
22	25911	20
22	25912	20
22	25913	20
22	25914	20
22	25915	20
22	25916	19
22	25917	19
22	25918	19
22	25919	19
22	25920	19
22	25921	18
22	25922	19
22	25923	19
22	25924	19
22	25925	19
22	25926	18
22	25927	18
22	25928	18
22	25929	18
22	25930	18
22	25931	18
22	25932	18
22	25933	18
22	25934	18
22	25935	17
22	25936	17
22	25937	17
22	25938	18
22	25939	18
22	25940	18
22	25941	18
22	25942	18
22	25943	16
22	25944	16
22	25945	16
22	25946	16
22	25947	16
22	25948	15
22	25949	15
22	25950	15
22	25951	15
22	25952	16
22	25953	16
22	25954	16
22	25955	16
22	25956	16
22	25957	16
22	25958	16
22	25959	16
22	25960	18
22	25961	18
22	25962	18
22	25963	18
22	25964	18
22	25965	17
22	25966	17
22	25967	17
22	25968	17
22	25969	17
22	25970	16
22	25971	16
22	25972	17
22	25973	17
22	25974	17
22	25975	17
22	25976	19
22	25977	19
22	25978	19
22	25979	19
22	25980	18
22	25981	18
22	25982	18
22	25983	18
22	25984	18
22	25985	14
22	25986	14
22	25987	13
22	25988	13
22	25989	13
22	25990	13
22	25991	13
22	25992	13
22	25993	13
22	25994	13
22	25995	13
22	25996	13
22	25997	13
22	25998	12
22	25999	10
22	26000	10
22	26001	10
22	26002	10
22	26003	10
22	26004	10
22	26005	10
22	26006	10
22	26007	10
22	26008	11
22	26009	11
22	26010	12
22	26011	12
22	26012	12
22	26013	12
22	26014	12
22	26015	12
22	26016	12
22	26017	13
22	26018	13
22	26019	13
22	26020	13
22	26021	13
22	26022	13
22	26023	13
22	26024	13
22	26025	13
22	26026	13
22	26027	13
22	26028	13
22	26029	13
22	26030	13
22	26031	13
22	26032	13
22	26033	13
22	26034	15
22	26035	15
22	26036	14
22	26037	14
22	26038	14
22	26039	14
22	26040	14
22	26041	13
22	26042	13
22	26043	13
22	26044	13
22	26045	13
22	26046	13
22	26047	13
22	26048	13
22	26049	13
22	26050	13
22	26051	13
22	26052	13
22	26053	13
22	26054	13
22	26055	13
22	26056	13
22	26057	13
22	26058	12
22	26059	12
22	26060	12
22	26061	12
22	26062	12
22	26063	12
22	26064	12
22	26065	13
22	26066	13
22	26067	13
22	26068	13
22	26069	13
22	26070	13
22	26071	13
22	26072	13
22	26073	13
22	26074	13
22	26075	13
22	26076	13
22	26077	13
22	26078	14
22	26079	14
22	26080	14
22	26081	14
22	26082	14
22	26083	14
22	26084	14
22	26085	14
22	26086	14
22	26087	13
22	26088	13
22	26089	13
22	26090	13
22	26091	13
22	26092	13
22	26093	13
22	26094	13
22	26095	13
22	26096	13
22	26097	13
22	26098	13
22	26099	13
22	26100	13
22	26101	13
22	26102	12
22	26103	12
22	26104	12
22	26105	12
22	26106	12
22	26107	12
22	26108	12
22	26109	12
22	26110	11
22	26111	11
22	26112	11
22	26113	11
22	26114	11
22	26115	11
22	26116	11
22	26117	11
22	26118	11
22	26119	11
22	26120	11
22	26121	11
22	26122	10
22	26123	10
22	26124	10
22	26125	8
22	26126	8
22	26127	8
22	26128	8
22	26129	8
22	26130	8
22	26131	8
22	26132	8
22	26133	8
22	26134	8
22	26135	8
22	26136	8
22	26137	8
22	26138	8
22	26139	8
22	26140	8
22	26141	8
22	26142	8
22	26143	8
22	26144	8
22	26145	8
22	26146	8
22	26147	9
22	26148	9
22	26149	9
22	26150	9
22	26151	9
22	26152	9
22	26153	9
22	26154	9
22	26155	9
22	26156	9
22	26157	9
22	26158	8
22	26159	8
22	26160	7
22	26161	7
22	26162	7
22	26163	7
22	26164	7
22	26165	7
22	26166	7
22	26167	7
22	26168	7
22	26169	7
22	26170	7
22	26171	7
22	26172	7
22	26173	8
22	26174	8
22	26175	8
22	26176	8
22	26177	8
22	26178	8
22	26179	8
22	26180	8
22	26181	8
22	26182	6
22	26183	6
22	26184	6
22	26185	6
22	26186	6
22	26187	6
22	26188	7
22	26189	7
22	26190	7
22	26191	7
22	26192	7
22	26193	7
22	26194	7
22	26195	7
22	26196	7
22	26197	7
22	26198	7
22	26199	6
22	26200	6
22	26201	6
22	26202	6
22	26203	6
22	26204	6
22	26205	6
22	26206	6
22	26207	6
22	26208	6
22	26209	6
22	26210	6
22	26211	6
22	26212	6
22	26213	6
22	26214	6
22	26215	6
22	26216	6
22	26217	6
22	26218	6
22	26219	6
22	26220	6
22	26221	6
22	26222	6
22	26223	6
22	26224	7
22	26225	7
22	26226	7
22	26227	7
22	26228	6
22	26229	6
22	26230	5
22	26231	5
22	26232	5
22	26233	5
22	26234	5
22	26235	5
22	26236	5
22	26237	5
22	26238	5
22	26239	5
22	26240	5
22	26241	5
22	26242	5
22	26243	5
22	26244	5
22	26245	5
22	26246	5
22	26247	5
22	26248	7
22	26249	7
22	26250	7
22	26251	7
22	26252	7
22	26253	7
22	26254	7
22	26255	7
22	26256	7
22	26257	8
22	26258	8
22	26259	8
22	26260	7
22	26261	7
22	26262	7
22	26263	7
22	26264	7
22	26265	7
22	26266	7
22	26267	7
22	26268	7
22	26269	7
22	26270	7
22	26271	7
22	26272	7
22	26273	7
22	26274	7
22	26275	7
22	26276	7
22	26277	7
22	26278	7
22	26279	7
22	26280	7
22	26281	7
22	26282	7
22	26283	7
22	26284	7
22	26285	7
22	26286	7
22	26287	7
22	26288	7
22	26289	7
22	26290	7
22	26291	7
22	26292	7
22	26293	7
22	26294	7
22	26295	7
22	26296	6
22	26297	6
22	26298	6
22	26299	6
22	26300	6
22	26301	6
22	26302	6
22	26303	6
22	26304	6
22	26305	6
22	26306	6
22	26307	6
22	26308	6
22	26309	6
22	26310	6
22	26311	7
22	26312	7
22	26313	7
22	26314	7
22	26315	9
22	26316	9
22	26317	9
22	26318	9
22	26319	9
22	26320	9
22	26321	9
22	26322	7
22	26323	7
22	26324	7
22	26325	8
22	26326	8
22	26327	8
22	26328	8
22	26329	8
22	26330	8
22	26331	8
22	26332	8
22	26333	8
22	26334	8
22	26335	8
22	26336	8
22	26337	8
22	26338	8
22	26339	8
22	26340	8
22	26341	8
22	26342	8
22	26343	8
22	26344	8
22	26345	8
22	26346	8
22	26347	8
22	26348	8
22	26349	8
22	26350	8
22	26351	8
22	26352	8
22	26353	8
22	26354	8
22	26355	8
22	26356	9
22	26357	9
22	26358	9
22	26359	9
22	26360	9
22	26361	9
22	26362	9
22	26363	9
22	26364	9
22	26365	9
22	26366	9
22	26367	9
22	26368	9
22	26369	9
22	26370	9
22	26371	8
22	26372	9
22	26373	9
22	26374	8
22	26375	8
22	26376	8
22	26377	8
22	26378	8
22	26379	8
22	26380	8
22	26381	8
22	26382	8
22	26383	8
22	26384	8
22	26385	8
22	26386	8
22	26387	8
22	26388	9
22	26389	9
22	26390	9
22	26391	9
22	26392	9
22	26393	9
22	26394	9
22	26395	9
22	26396	9
22	26397	9
22	26398	7
22	26399	7
22	26400	7
22	26401	7
22	26402	7
22	26403	10
22	26404	10
22	26405	10
22	26406	9
22	26407	9
22	26408	9
22	26409	9
22	26410	9
22	26411	9
22	26412	9
22	26413	9
22	26414	9
22	26415	9
22	26416	9
22	26417	9
22	26418	9
22	26419	9
22	26420	9
22	26421	9
22	26422	10
22	26423	11
22	26424	11
22	26425	11
22	26426	11
22	26427	11
22	26428	11
22	26429	11
22	26430	11
22	26431	11
22	26432	11
22	26433	11
22	26434	11
22	26435	11
22	26436	11
22	26437	11
22	26438	11
22	26439	11
22	26440	11
22	26441	11
22	26442	11
22	26443	11
22	26444	11
22	26445	11
22	26446	11
22	26447	11
22	26448	11
22	26449	11
22	26450	10
22	26451	10
22	26452	13
22	26453	13
22	26454	13
22	26455	13
22	26456	14
22	26457	14
22	26458	15
22	26459	15
22	26460	15
22	26461	14
22	26462	14
22	26463	14
22	26464	15
22	26465	14
22	26466	13
22	26467	13
22	26468	13
22	26469	13
22	26470	13
22	26471	13
22	26472	14
22	26473	14
22	26474	13
22	26475	13
22	26476	13
22	26477	13
22	26478	13
22	26479	13
22	26480	13
22	26481	13
22	26482	13
22	26483	13
22	26484	13
22	26485	13
22	26486	13
22	26487	13
22	26488	13
22	26489	13
22	26490	13
22	26491	13
22	26492	13
22	26493	13
22	26494	13
22	26495	13
22	26496	13
22	26497	13
22	26498	13
22	26499	13
22	26500	14
22	26501	14
22	26502	14
22	26503	14
22	26504	14
22	26505	14
22	26506	13
22	26507	13
22	26508	14
22	26509	14
22	26510	14
22	26511	14
22	26512	14
22	26513	14
22	26514	14
22	26515	14
22	26516	14
22	26517	14
22	26518	14
22	26519	14
22	26520	15
22	26521	16
22	26522	16
22	26523	16
22	26524	16
22	26525	16
22	26526	16
22	26527	16
22	26528	16
22	26529	16
22	26530	16
22	26531	16
22	26532	16
22	26533	16
22	26534	16
22	26535	16
22	26536	16
22	26537	16
22	26538	15
22	26539	15
22	26540	15
22	26541	15
22	26542	15
22	26543	15
22	26544	16
22	26545	16
22	26546	16
22	26547	16
22	26548	16
22	26549	16
22	26550	16
22	26551	17
22	26552	14
22	26553	14
22	26554	14
22	26555	14
22	26556	14
22	26557	14
22	26558	14
22	26559	14
22	26560	14
22	26561	14
22	26562	14
22	26563	14
22	26564	14
22	26565	14
22	26566	14
22	26567	14
22	26568	14
22	26569	14
22	26570	14
22	26571	13
22	26572	13
22	26573	13
22	26574	13
22	26575	13
22	26576	13
22	26577	13
22	26578	14
22	26579	14
22	26580	14
22	26581	15
22	26582	15
22	26583	15
22	26584	15
22	26585	15
22	26586	15
22	26587	15
22	26588	15
22	26589	15
22	26590	15
22	26591	15
22	26592	15
22	26593	15
22	26594	15
22	26595	15
22	26596	15
22	26597	15
22	26598	15
22	26599	15
22	26600	15
22	26601	15
22	26602	12
22	26603	12
22	26604	12
22	26605	12
22	26606	12
22	26607	13
22	26608	12
22	26609	12
22	26610	12
22	26611	12
22	26612	12
22	26613	12
22	26614	11
22	26615	11
22	26616	11
22	26617	11
22	26618	11
22	26619	11
22	26620	12
22	26621	12
22	26622	11
22	26623	11
22	26624	11
22	26625	12
22	26626	12
22	26627	12
22	26628	12
22	26629	12
22	26630	12
22	26631	12
22	26632	12
22	26633	12
22	26634	12
22	26635	12
22	26636	12
22	26637	12
22	26638	12
22	26639	13
22	26640	13
22	26641	13
22	26642	14
22	26643	15
22	26644	15
22	26645	15
22	26646	15
22	26647	15
22	26648	15
22	26649	15
22	26650	14
22	26651	14
22	26652	16
22	26653	16
22	26654	16
22	26655	16
22	26656	16
22	26657	17
22	26658	16
22	26659	16
22	26660	16
22	26661	16
22	26662	16
22	26663	16
22	26664	16
22	26665	17
22	26666	17
22	26667	17
22	26668	17
22	26669	17
22	26670	15
22	26671	15
22	26672	15
22	26673	15
22	26674	15
22	26675	15
22	26676	15
22	26677	15
22	26678	15
22	26679	15
22	26680	15
22	26681	15
22	26682	16
22	26683	16
22	26684	16
22	26685	16
22	26686	16
22	26687	16
22	26688	16
22	26689	17
22	26690	18
22	26691	18
22	26692	19
22	26693	19
22	26694	19
22	26695	19
22	26696	19
22	26697	19
22	26698	19
22	26699	19
22	26700	19
22	26701	18
22	26702	19
22	26703	19
22	26704	19
22	26705	19
22	26706	19
22	26707	19
22	26708	19
22	26709	19
22	26710	19
22	26711	19
22	26712	19
22	26713	19
22	26714	19
22	26715	19
22	26716	19
22	26717	19
22	26718	19
22	26719	19
22	26720	19
22	26721	19
22	26722	19
22	26723	19
22	26724	19
22	26725	19
22	26726	19
22	26727	18
22	26728	18
22	26729	19
22	26730	19
22	26731	18
22	26732	18
22	26733	18
22	26734	18
22	26735	18
22	26736	18
22	26737	19
22	26738	19
22	26739	19
22	26740	19
22	26741	19
22	26742	19
22	26743	19
22	26744	19
22	26745	19
22	26746	20
22	26747	20
22	26748	20
22	26749	20
22	26750	20
22	26751	20
22	26752	20
22	26753	20
22	26754	20
22	26755	19
22	26756	20
22	26757	19
22	26758	19
22	26759	20
22	26760	21
22	26761	21
22	26762	21
22	26763	21
22	26764	21
22	26765	21
22	26766	21
22	26767	21
22	26768	21
22	26769	21
22	26770	20
22	26771	20
22	26772	20
22	26773	20
22	26774	20
22	26775	19
22	26776	19
22	26777	19
22	26778	19
22	26779	20
22	26780	20
22	26781	20
22	26782	22
22	26783	22
22	26784	22
22	26785	22
22	26786	22
22	26787	22
22	26788	22
22	26789	21
22	26790	21
22	26791	20
22	26792	21
22	26793	20
22	26794	21
22	26795	22
22	26796	22
22	26797	23
22	26798	23
22	26799	23
22	26800	23
22	26801	21
22	26802	21
22	26803	21
22	26804	21
22	26805	23
22	26806	23
22	26807	22
22	26808	22
22	26809	22
22	26810	22
22	26811	22
22	26812	22
22	26813	22
22	26814	22
22	26815	21
22	26816	21
22	26817	21
22	26818	21
22	26819	21
22	26820	21
22	26821	21
22	26822	22
22	26823	22
22	26824	22
22	26825	22
22	26826	22
22	26827	22
22	26828	22
22	26829	22
22	26830	22
22	26831	21
22	26832	21
22	26833	21
22	26834	21
22	26835	21
22	26836	22
22	26837	21
22	26838	21
22	26839	20
22	26840	20
22	26841	20
22	26842	18
22	26843	18
22	26844	19
22	26845	19
22	26846	19
22	26847	19
22	26848	19
22	26849	19
22	26850	19
22	26851	19
22	26852	20
22	26853	20
22	26854	20
22	26855	20
22	26856	20
22	26857	20
22	26858	20
22	26859	20
22	26860	20
22	26861	20
22	26862	20
22	26863	21
22	26864	21
22	26865	21
22	26866	21
22	26867	21
22	26868	21
22	26869	22
22	26870	22
22	26871	26
22	26872	26
22	26873	26
22	26874	26
22	26875	26
22	26876	26
22	26877	26
22	26878	25
22	26879	25
22	26880	25
22	26881	25
22	26882	25
22	26883	25
22	26884	25
22	26885	25
22	26886	25
22	26887	24
22	26888	24
22	26889	24
22	26890	24
22	26891	24
22	26892	24
22	26893	24
22	26894	24
22	26895	23
22	26896	23
22	26897	23
22	26898	23
22	26899	23
22	26900	23
22	26901	25
22	26902	25
22	26903	25
22	26904	25
22	26905	25
22	26906	24
22	26907	24
22	26908	24
22	26909	23
22	26910	22
22	26911	23
22	26912	25
22	26913	25
22	26914	25
22	26915	25
22	26916	25
22	26917	25
22	26918	25
22	26919	29
22	26920	30
22	26921	30
22	26922	30
22	26923	31
22	26924	31
22	26925	31
22	26926	31
22	26927	31
22	26928	30
22	26929	31
22	26930	31
22	26931	31
22	26932	29
22	26933	29
22	26934	29
22	26935	29
22	26936	29
22	26937	29
22	26938	29
22	26939	30
22	26940	30
22	26941	30
22	26942	31
22	26943	30
22	26944	29
22	26945	29
22	26946	29
22	26947	28
22	26948	28
22	26949	28
22	26950	28
22	26951	28
22	26952	28
22	26953	28
22	26954	27
22	26955	26
22	26956	26
22	26957	26
22	26958	27
22	26959	27
22	26960	27
22	26961	27
22	26962	27
22	26963	27
22	26964	27
22	26965	27
22	26966	27
22	26967	27
22	26968	27
22	26969	26
22	26970	26
22	26971	27
22	26972	27
22	26973	27
22	26974	27
22	26975	27
22	26976	27
22	26977	27
22	26978	27
22	26979	27
22	26980	29
22	26981	29
22	26982	29
22	26983	29
22	26984	29
22	26985	29
22	26986	29
22	26987	29
22	26988	29
22	26989	29
22	26990	29
22	26991	29
22	26992	30
22	26993	29
22	26994	29
22	26995	29
22	26996	29
22	26997	29
22	26998	29
22	26999	27
22	27000	27
22	27001	27
22	27002	27
22	27003	27
22	27004	27
22	27005	27
22	27006	27
22	27007	27
22	27008	27
22	27009	27
22	27010	28
22	27011	28
22	27012	28
22	27013	28
22	27014	28
22	27015	28
22	27016	28
22	27017	28
22	27018	28
22	27019	27
22	27020	27
22	27021	23
22	27022	23
22	27023	23
22	27024	24
22	27025	24
22	27026	24
22	27027	24
22	27028	24
22	27029	24
22	27030	24
22	27031	24
22	27032	24
22	27033	24
22	27034	24
22	27035	24
22	27036	24
22	27037	24
22	27038	24
22	27039	24
22	27040	24
22	27041	25
22	27042	25
22	27043	25
22	27044	25
22	27045	25
22	27046	25
22	27047	25
22	27048	25
22	27049	25
22	27050	23
22	27051	23
22	27052	23
22	27053	23
22	27054	23
22	27055	23
22	27056	23
22	27057	23
22	27058	23
22	27059	23
22	27060	23
22	27061	23
22	27062	21
22	27063	21
22	27064	21
22	27065	22
22	27066	22
22	27067	22
22	27068	19
22	27069	18
22	27070	19
22	27071	19
22	27072	19
22	27073	18
22	27074	18
22	27075	18
22	27076	18
22	27077	18
22	27078	17
22	27079	17
22	27080	17
22	27081	17
22	27082	17
22	27083	17
22	27084	17
22	27085	17
22	27086	16
22	27087	16
22	27088	16
22	27089	15
22	27090	15
22	27091	15
22	27092	15
22	27093	15
22	27094	15
22	27095	15
22	27096	15
22	27097	15
22	27098	15
22	27099	15
22	27100	15
22	27101	15
22	27102	15
22	27103	15
22	27104	15
22	27105	15
22	27106	15
22	27107	14
22	27108	14
22	27109	14
22	27110	14
22	27111	14
22	27112	14
22	27113	14
22	27114	15
22	27115	15
22	27116	15
22	27117	15
22	27118	15
22	27119	15
22	27120	14
22	27121	14
22	27122	14
22	27123	14
22	27124	14
22	27125	14
22	27126	14
22	27127	15
22	27128	15
22	27129	15
22	27130	13
22	27131	13
22	27132	13
22	27133	13
22	27134	13
22	27135	12
22	27136	12
22	27137	12
22	27138	12
22	27139	12
22	27140	12
22	27141	11
22	27142	11
22	27143	12
22	27144	12
22	27145	12
22	27146	12
22	27147	12
22	27148	12
22	27149	12
22	27150	12
22	27151	12
22	27152	12
22	27153	12
22	27154	12
22	27155	12
22	27156	12
22	27157	12
22	27158	11
22	27159	11
22	27160	10
22	27161	10
22	27162	10
22	27163	9
22	27164	10
22	27165	10
22	27166	10
22	27167	10
22	27168	10
22	27169	11
22	27170	11
22	27171	11
22	27172	11
22	27173	11
22	27174	10
22	27175	10
22	27176	10
22	27177	10
22	27178	10
22	27179	10
22	27180	10
22	27181	10
22	27182	10
22	27183	10
22	27184	10
22	27185	10
22	27186	10
22	27187	10
22	27188	10
22	27189	10
22	27190	10
22	27191	9
22	27192	9
22	27193	9
22	27194	9
22	27195	9
22	27196	9
22	27197	9
22	27198	9
22	27199	9
22	27200	9
22	27201	10
22	27202	10
22	27203	10
22	27204	10
22	27205	10
22	27206	10
22	27207	10
22	27208	10
22	27209	10
22	27210	9
22	27211	9
22	27212	9
22	27213	10
22	27214	9
22	27215	9
22	27216	9
22	27217	9
22	27218	7
22	27219	7
22	27220	7
22	27221	7
22	27222	7
22	27223	7
22	27224	7
22	27225	7
22	27226	7
22	27227	7
22	27228	7
22	27229	7
22	27230	7
22	27231	7
22	27232	7
22	27233	7
22	27234	7
22	27235	7
22	27236	7
22	27237	7
22	27238	7
22	27239	7
22	27240	7
22	27241	8
22	27242	8
22	27243	8
22	27244	9
22	27245	9
22	27246	9
22	27247	9
22	27248	9
22	27249	9
22	27250	9
22	27251	9
22	27252	9
22	27253	9
22	27254	9
22	27255	9
22	27256	9
22	27257	9
22	27258	9
22	27259	10
22	27260	10
22	27261	10
22	27262	10
22	27263	10
22	27264	9
22	27265	9
22	27266	9
22	27267	11
22	27268	11
22	27269	11
22	27270	11
22	27271	11
22	27272	11
22	27273	11
22	27274	10
22	27275	10
22	27276	10
22	27277	10
22	27278	10
22	27279	10
22	27280	10
22	27281	11
22	27282	11
22	27283	11
22	27284	11
22	27285	11
22	27286	11
22	27287	11
22	27288	11
22	27289	11
22	27290	11
22	27291	11
22	27292	10
22	27293	10
22	27294	10
22	27295	10
22	27296	10
22	27297	10
22	27298	10
22	27299	10
22	27300	10
22	27301	10
22	27302	10
22	27303	10
22	27304	10
22	27305	10
22	27306	10
22	27307	10
22	27308	11
22	27309	11
22	27310	11
22	27311	11
22	27312	11
22	27313	11
22	27314	10
22	27315	10
22	27316	10
22	27317	10
22	27318	10
22	27319	9
22	27320	9
22	27321	9
22	27322	9
22	27323	9
22	27324	9
22	27325	9
22	27326	9
22	27327	9
22	27328	9
22	27329	9
22	27330	9
22	27331	9
22	27332	9
22	27333	9
22	27334	9
22	27335	9
22	27336	9
22	27337	9
22	27338	10
22	27339	10
22	27340	10
22	27341	10
22	27342	10
22	27343	10
22	27344	10
22	27345	10
22	27346	10
22	27347	10
22	27348	10
22	27349	10
22	27350	11
22	27351	11
22	27352	11
22	27353	11
22	27354	11
22	27355	11
22	27356	11
22	27357	11
22	27358	11
22	27359	11
22	27360	11
22	27361	12
22	27362	12
22	27363	11
22	27364	11
22	27365	11
22	27366	11
22	27367	11
22	27368	11
22	27369	11
22	27370	11
22	27371	11
22	27372	11
22	27373	11
22	27374	11
22	27375	11
22	27376	11
22	27377	11
22	27378	13
22	27379	13
22	27380	13
22	27381	13
22	27382	14
22	27383	14
22	27384	14
22	27385	14
22	27386	14
22	27387	14
22	27388	14
22	27389	14
22	27390	14
22	27391	13
22	27392	13
22	27393	12
22	27394	12
22	27395	12
22	27396	12
22	27397	12
22	27398	12
22	27399	12
22	27400	12
22	27401	13
22	27402	13
22	27403	13
22	27404	13
22	27405	13
22	27406	13
22	27407	13
22	27408	13
22	27409	12
22	27410	12
22	27411	12
22	27412	12
22	27413	12
22	27414	12
22	27415	12
22	27416	12
22	27417	10
22	27418	10
22	27419	10
22	27420	10
22	27421	12
22	27422	12
22	27423	12
22	27424	12
22	27425	12
22	27426	12
22	27427	12
22	27428	12
22	27429	12
22	27430	11
22	27431	11
22	27432	11
22	27433	11
22	27434	11
22	27435	12
22	27436	12
22	27437	12
22	27438	12
22	27439	12
22	27440	12
22	27441	12
22	27442	12
22	27443	12
22	27444	12
22	27445	12
22	27446	12
22	27447	12
22	27448	12
22	27449	12
22	27450	12
22	27451	12
22	27452	12
22	27453	12
22	27454	12
22	27455	12
22	27456	12
22	27457	12
22	27458	11
22	27459	11
22	27460	12
22	27461	12
22	27462	14
22	27463	14
22	27464	14
22	27465	14
22	27466	14
22	27467	14
22	27468	14
22	27469	14
22	27470	14
22	27471	14
22	27472	14
22	27473	14
22	27474	14
22	27475	14
22	27476	14
22	27477	14
22	27478	14
22	27479	15
22	27480	15
22	27481	15
22	27482	15
22	27483	15
22	27484	15
22	27485	15
22	27486	15
22	27487	15
22	27488	14
22	27489	14
22	27490	14
22	27491	16
22	27492	16
22	27493	16
22	27494	16
22	27495	16
22	27496	16
22	27497	16
22	27498	16
22	27499	16
22	27500	15
22	27501	14
22	27502	16
22	27503	16
22	27504	16
22	27505	16
22	27506	16
22	27507	16
22	27508	16
22	27509	16
22	27510	16
22	27511	16
22	27512	16
22	27513	16
22	27514	16
22	27515	16
22	27516	16
22	27517	16
22	27518	16
22	27519	16
22	27520	16
22	27521	16
22	27522	16
22	27523	16
22	27524	16
22	27525	16
22	27526	16
22	27527	16
22	27528	14
22	27529	14
22	27530	14
22	27531	14
22	27532	13
22	27533	13
22	27534	13
22	27535	13
22	27536	13
22	27537	13
22	27538	13
22	27539	13
22	27540	14
22	27541	14
22	27542	14
22	27543	14
22	27544	14
22	27545	15
22	27546	15
22	27547	17
22	27548	17
22	27549	17
22	27550	17
22	27551	16
22	27552	16
22	27553	16
22	27554	16
22	27555	16
22	27556	16
22	27557	16
22	27558	16
22	27559	16
22	27560	16
22	27561	16
22	27562	16
22	27563	16
22	27564	16
22	27565	17
22	27566	17
22	27567	17
22	27568	17
22	27569	17
22	27570	17
22	27571	16
22	27572	16
22	27573	16
22	27574	16
22	27575	16
22	27576	16
22	27577	16
22	27578	17
22	27579	17
22	27580	17
22	27581	17
22	27582	17
22	27583	17
22	27584	17
22	27585	16
22	27586	16
22	27587	16
22	27588	16
22	27589	16
22	27590	16
22	27591	16
22	27592	18
22	27593	19
22	27594	19
22	27595	19
22	27596	19
22	27597	19
22	27598	19
22	27599	19
22	27600	19
22	27601	23
22	27602	25
22	27603	26
22	27604	26
22	27605	26
22	27606	26
22	27607	26
22	27608	26
22	27609	25
22	27610	23
22	27611	23
22	27612	23
22	27613	23
22	27614	23
22	27615	23
22	27616	23
22	27617	23
22	27618	23
22	27619	23
22	27620	23
22	27621	24
22	27622	24
22	27623	24
22	27624	24
22	27625	24
22	27626	24
22	27627	24
22	27628	23
22	27629	23
22	27630	23
22	27631	23
22	27632	24
22	27633	24
22	27634	25
22	27635	25
22	27636	26
22	27637	26
22	27638	26
22	27639	27
22	27640	27
22	27641	25
22	27642	26
22	27643	28
22	27644	29
22	27645	31
22	27646	31
22	27647	31
22	27648	31
22	27649	31
22	27650	31
22	27651	31
22	27652	29
22	27653	29
22	27654	29
22	27655	29
22	27656	29
22	27657	29
22	27658	29
22	27659	30
22	27660	30
22	27661	30
22	27662	30
22	27663	30
22	27664	30
22	27665	30
22	27666	30
22	27667	30
22	27668	30
22	27669	30
22	27670	30
22	27671	30
22	27672	30
22	27673	30
22	27674	30
22	27675	30
22	27676	31
22	27677	31
22	27678	33
22	27679	33
22	27680	33
22	27681	33
22	27682	33
22	27683	33
22	27684	33
22	27685	34
22	27686	34
22	27687	36
22	27688	36
22	27689	36
22	27690	35
22	27691	35
22	27692	35
22	27693	35
22	27694	34
22	27695	34
22	27696	30
22	27697	30
22	27698	30
22	27699	30
22	27700	31
22	27701	31
22	27702	31
22	27703	31
22	27704	31
22	27705	31
22	27706	31
22	27707	31
22	27708	33
22	27709	33
22	27710	33
22	27711	33
22	27712	33
22	27713	33
22	27714	33
22	27715	32
22	27716	32
22	27717	32
22	27718	32
22	27719	32
22	27720	32
22	27721	32
22	27722	32
22	27723	32
22	27724	34
22	27725	34
22	27726	33
22	27727	33
22	27728	33
22	27729	33
22	27730	33
22	27731	33
22	27732	33
22	27733	33
22	27734	33
22	27735	33
22	27736	33
22	27737	33
22	27738	33
22	27739	32
22	27740	31
22	27741	31
22	27742	30
22	27743	30
22	27744	31
22	27745	31
22	27746	32
22	27747	32
22	27748	32
22	27749	32
22	27750	32
22	27751	28
22	27752	28
22	27753	27
22	27754	27
22	27755	27
22	27756	27
22	27757	27
22	27758	27
22	27759	27
22	27760	27
22	27761	29
22	27762	29
22	27763	29
22	27764	29
22	27765	32
22	27766	32
22	27767	32
22	27768	32
22	27769	31
22	27770	32
22	27771	33
22	27772	33
22	27773	33
22	27774	33
22	27775	33
22	27776	33
22	27777	33
22	27778	33
22	27779	33
22	27780	33
22	27781	32
22	27782	32
22	27783	32
22	27784	31
22	27785	30
22	27786	31
22	27787	31
22	27788	31
22	27789	31
22	27790	30
22	27791	30
22	27792	29
22	27793	27
22	27794	26
22	27795	24
22	27796	25
22	27797	25
22	27798	25
22	27799	25
22	27800	28
22	27801	28
22	27802	28
22	27803	28
22	27804	28
22	27805	28
22	27806	27
22	27807	27
22	27808	27
22	27809	26
22	27810	26
22	27811	26
22	27812	26
22	27813	26
22	27814	26
22	27815	27
22	27816	27
22	27817	28
22	27818	28
22	27819	28
22	27820	28
22	27821	28
22	27822	28
22	27823	28
22	27824	28
22	27825	28
22	27826	26
22	27827	24
22	27828	25
22	27829	25
22	27830	27
22	27831	27
22	27832	28
22	27833	29
22	27834	29
22	27835	28
22	27836	28
22	27837	27
22	27838	27
22	27839	27
22	27840	27
22	27841	27
22	27842	27
22	27843	27
22	27844	27
22	27845	27
22	27846	27
22	27847	27
22	27848	27
22	27849	26
22	27850	26
22	27851	26
22	27852	26
22	27853	26
22	27854	29
22	27855	29
22	27856	29
22	27857	30
22	27858	28
22	27859	28
22	27860	28
22	27861	28
22	27862	28
22	27863	28
22	27864	28
22	27865	28
22	27866	28
22	27867	28
22	27868	29
22	27869	29
22	27870	29
22	27871	28
22	27872	28
22	27873	27
22	27874	27
22	27875	27
22	27876	27
22	27877	27
22	27878	27
22	27879	27
22	27880	27
22	27881	27
22	27882	29
22	27883	30
22	27884	30
22	27885	30
22	27886	30
22	27887	30
22	27888	30
22	27889	30
22	27890	30
22	27891	30
22	27892	30
22	27893	30
22	27894	29
22	27895	29
22	27896	28
22	27897	28
22	27898	28
22	27899	28
22	27900	28
22	27901	29
22	27902	29
22	27903	29
22	27904	29
22	27905	29
22	27906	30
22	27907	32
22	27908	32
22	27909	32
22	27910	32
22	27911	30
22	27912	30
22	27913	30
22	27914	30
22	27915	27
22	27916	27
22	27917	27
22	27918	25
22	27919	25
22	27920	25
22	27921	25
22	27922	25
22	27923	25
22	27924	25
22	27925	26
22	27926	26
22	27927	26
22	27928	26
22	27929	26
22	27930	26
22	27931	26
22	27932	26
22	27933	26
22	27934	26
22	27935	26
22	27936	25
22	27937	25
22	27938	25
22	27939	25
22	27940	26
22	27941	26
22	27942	26
22	27943	26
22	27944	26
22	27945	26
22	27946	25
22	27947	25
22	27948	25
22	27949	22
22	27950	22
22	27951	22
22	27952	22
22	27953	22
22	27954	23
22	27955	23
22	27956	23
22	27957	23
22	27958	23
22	27959	23
22	27960	24
22	27961	25
22	27962	25
22	27963	25
22	27964	24
22	27965	23
22	27966	24
22	27967	24
22	27968	24
22	27969	24
22	27970	24
22	27971	25
22	27972	25
22	27973	25
22	27974	25
22	27975	25
22	27976	25
22	27977	24
22	27978	24
22	27979	22
22	27980	21
22	27981	21
22	27982	20
22	27983	19
22	27984	19
22	27985	19
22	27986	19
22	27987	19
22	27988	19
22	27989	19
22	27990	19
22	27991	19
22	27992	19
22	27993	20
22	27994	22
22	27995	22
22	27996	22
22	27997	23
22	27998	23
22	27999	23
22	28000	23
22	28001	23
22	28002	23
22	28003	20
22	28004	20
22	28005	20
22	28006	20
22	28007	20
22	28008	20
22	28009	20
22	28010	20
22	28011	20
22	28012	21
22	28013	22
22	28014	22
22	28015	22
22	28016	22
22	28017	22
22	28018	22
22	28019	22
22	28020	22
22	28021	22
22	28022	22
22	28023	22
22	28024	22
22	28025	23
22	28026	23
22	28027	23
22	28028	23
22	28029	23
22	28030	23
22	28031	23
22	28032	20
22	28033	19
22	28034	19
22	28035	19
22	28036	20
22	28037	20
22	28038	20
22	28039	20
22	28040	20
22	28041	20
22	28042	20
22	28043	20
22	28044	20
22	28045	20
22	28046	20
22	28047	20
22	28048	21
22	28049	22
22	28050	22
22	28051	21
22	28052	21
22	28053	21
22	28054	21
22	28055	21
22	28056	20
22	28057	18
22	28058	18
22	28059	18
22	28060	18
22	28061	18
22	28062	18
22	28063	18
22	28064	19
22	28065	19
22	28066	19
22	28067	19
22	28068	19
22	28069	20
22	28070	20
22	28071	20
22	28072	20
22	28073	20
22	28074	19
22	28075	19
22	28076	19
22	28077	19
22	28078	19
22	28079	19
22	28080	19
22	28081	19
22	28082	20
22	28083	20
22	28084	20
22	28085	21
22	28086	21
22	28087	22
22	28088	22
22	28089	22
22	28090	21
22	28091	21
22	28092	21
22	28093	21
22	28094	21
22	28095	21
22	28096	21
22	28097	21
22	28098	21
22	28099	21
22	28100	21
22	28101	21
22	28102	21
22	28103	21
22	28104	21
22	28105	21
22	28106	21
22	28107	21
22	28108	21
22	28109	20
22	28110	20
22	28111	19
22	28112	19
22	28113	20
22	28114	20
22	28115	20
22	28116	19
22	28117	19
22	28118	19
22	28119	19
22	28120	20
22	28121	19
22	28122	19
22	28123	19
22	28124	19
22	28125	19
22	28126	19
22	28127	19
22	28128	19
22	28129	20
22	28130	20
22	28131	20
22	28132	20
22	28133	20
22	28134	20
22	28135	20
22	28136	20
22	28137	21
22	28138	21
22	28139	21
22	28140	21
22	28141	21
22	28142	18
22	28143	18
22	28144	18
22	28145	18
22	28146	18
22	28147	17
22	28148	17
22	28149	17
22	28150	17
22	28151	17
22	28152	17
22	28153	17
22	28154	17
22	28155	17
22	28156	17
22	28157	16
22	28158	17
22	28159	17
22	28160	17
22	28161	17
22	28162	16
22	28163	15
22	28164	15
22	28165	15
22	28166	15
22	28167	15
22	28168	15
22	28169	15
22	28170	15
22	28171	15
22	28172	15
22	28173	16
22	28174	15
22	28175	15
22	28176	15
22	28177	15
22	28178	15
22	28179	15
22	28180	15
22	28181	15
22	28182	15
22	28183	15
22	28184	15
22	28185	14
22	28186	14
22	28187	14
22	28188	14
22	28189	14
22	28190	14
22	28191	14
22	28192	14
22	28193	14
22	28194	14
22	28195	14
22	28196	14
22	28197	14
22	28198	13
22	28199	12
22	28200	12
22	28201	12
22	28202	12
22	28203	12
22	28204	11
22	28205	11
22	28206	11
22	28207	12
22	28208	13
22	28209	13
22	28210	13
22	28211	13
22	28212	13
22	28213	13
22	28214	12
22	28215	12
22	28216	12
22	28217	12
22	28218	12
22	28219	12
22	28220	12
22	28221	12
22	28222	13
22	28223	13
22	28224	13
22	28225	14
22	28226	14
22	28227	14
22	28228	14
22	28229	14
22	28230	14
22	28231	13
22	28232	12
22	28233	12
22	28234	12
22	28235	11
22	28236	11
22	28237	11
22	28238	11
22	28239	11
22	28240	11
22	28241	11
22	28242	11
22	28243	11
22	28244	11
22	28245	11
22	28246	11
22	28247	11
22	28248	11
22	28249	11
22	28250	11
22	28251	11
22	28252	11
22	28253	11
22	28254	11
22	28255	11
22	28256	11
22	28257	11
22	28258	11
22	28259	11
22	28260	11
22	28261	11
22	28262	10
22	28263	10
22	28264	11
22	28265	11
22	28266	11
22	28267	11
22	28268	11
22	28269	12
22	28270	13
22	28271	13
22	28272	13
22	28273	13
22	28274	13
22	28275	14
22	28276	14
22	28277	14
22	28278	15
22	28279	14
22	28280	14
22	28281	14
22	28282	14
22	28283	15
22	28284	15
22	28285	15
22	28286	14
22	28287	14
22	28288	14
22	28289	14
22	28290	14
22	28291	14
22	28292	14
22	28293	14
22	28294	14
22	28295	14
22	28296	14
22	28297	14
22	28298	14
22	28299	14
22	28300	14
22	28301	14
22	28302	14
22	28303	14
22	28304	14
22	28305	14
22	28306	12
22	28307	13
22	28308	13
22	28309	13
22	28310	13
22	28311	13
22	28312	13
22	28313	13
22	28314	13
22	28315	13
22	28316	13
22	28317	13
22	28318	13
22	28319	13
22	28320	13
22	28321	13
22	28322	13
22	28323	12
22	28324	12
22	28325	12
22	28326	12
22	28327	12
22	28328	12
22	28329	12
22	28330	12
22	28331	12
22	28332	12
22	28333	13
22	28334	13
22	28335	13
22	28336	13
22	28337	15
22	28338	15
22	28339	15
22	28340	15
22	28341	15
22	28342	15
22	28343	15
22	28344	15
22	28345	15
22	28346	15
22	28347	16
22	28348	17
22	28349	17
22	28350	18
22	28351	18
22	28352	18
22	28353	18
22	28354	18
22	28355	18
22	28356	18
22	28357	16
22	28358	16
22	28359	16
22	28360	16
22	28361	16
22	28362	16
22	28363	16
22	28364	16
22	28365	16
22	28366	16
22	28367	16
22	28368	16
22	28369	16
22	28370	16
22	28371	16
22	28372	15
22	28373	15
22	28374	16
22	28375	15
22	28376	15
22	28377	15
22	28378	15
22	28379	15
22	28380	15
22	28381	15
22	28382	15
22	28383	15
22	28384	15
22	28385	15
22	28386	15
22	28387	15
22	28388	15
22	28389	15
22	28390	15
22	28391	15
22	28392	15
22	28393	15
22	28394	15
22	28395	15
22	28396	15
22	28397	15
22	28398	15
22	28399	15
22	28400	15
22	28401	15
22	28402	15
22	28403	15
22	28404	15
22	28405	15
22	28406	15
22	28407	15
22	28408	15
22	28409	15
22	28410	15
22	28411	16
22	28412	16
22	28413	15
22	28414	15
22	28415	15
22	28416	15
22	28417	15
22	28418	15
22	28419	13
22	28420	12
22	28421	12
22	28422	12
22	28423	12
22	28424	12
22	28425	11
22	28426	11
22	28427	10
22	28428	11
22	28429	11
22	28430	11
22	28431	11
22	28432	10
22	28433	10
22	28434	10
22	28435	10
22	28436	10
22	28437	10
22	28438	10
22	28439	10
22	28440	10
22	28441	10
22	28442	10
22	28443	13
22	28444	13
22	28445	13
22	28446	13
22	28447	13
22	28448	13
22	28449	13
22	28450	13
22	28451	13
22	28452	13
22	28453	13
22	28454	13
22	28455	13
22	28456	12
22	28457	12
22	28458	12
22	28459	12
22	28460	12
22	28461	12
22	28462	12
22	28463	12
22	28464	12
22	28465	13
22	28466	13
22	28467	13
22	28468	13
22	28469	13
22	28470	13
22	28471	13
22	28472	13
22	28473	13
22	28474	13
22	28475	13
22	28476	13
22	28477	13
22	28478	13
22	28479	13
22	28480	13
22	28481	13
22	28482	13
22	28483	13
22	28484	13
22	28485	13
22	28486	13
22	28487	11
22	28488	11
22	28489	11
22	28490	12
22	28491	12
22	28492	12
22	28493	12
22	28494	12
22	28495	13
22	28496	13
22	28497	13
22	28498	12
22	28499	12
22	28500	11
22	28501	11
22	28502	11
22	28503	11
22	28504	11
22	28505	11
22	28506	11
22	28507	11
22	28508	11
22	28509	11
22	28510	11
22	28511	11
22	28512	11
22	28513	11
22	28514	11
22	28515	11
22	28516	11
22	28517	11
22	28518	11
22	28519	11
22	28520	11
22	28521	11
22	28522	11
22	28523	11
22	28524	11
22	28525	11
22	28526	12
22	28527	12
22	28528	12
22	28529	12
22	28530	12
22	28531	12
22	28532	12
22	28533	12
22	28534	12
22	28535	12
22	28536	12
22	28537	12
22	28538	12
22	28539	12
22	28540	12
22	28541	12
22	28542	12
22	28543	12
22	28544	12
22	28545	12
22	28546	12
22	28547	12
22	28548	12
22	28549	12
22	28550	12
22	28551	12
22	28552	12
22	28553	12
22	28554	12
22	28555	12
22	28556	12
22	28557	12
22	28558	12
22	28559	12
22	28560	12
22	28561	11
22	28562	11
22	28563	11
22	28564	11
22	28565	11
22	28566	11
22	28567	11
22	28568	11
22	28569	11
22	28570	11
22	28571	11
22	28572	11
22	28573	11
22	28574	12
22	28575	12
22	28576	12
22	28577	12
22	28578	11
22	28579	11
22	28580	11
22	28581	11
22	28582	11
22	28583	11
22	28584	11
22	28585	11
22	28586	11
22	28587	11
22	28588	11
22	28589	11
22	28590	11
22	28591	11
22	28592	8
22	28593	8
22	28594	8
22	28595	8
22	28596	8
22	28597	8
22	28598	9
22	28599	9
22	28600	9
22	28601	9
22	28602	9
22	28603	9
22	28604	10
22	28605	10
22	28606	10
22	28607	10
22	28608	10
22	28609	10
22	28610	10
22	28611	10
22	28612	10
22	28613	10
22	28614	9
22	28615	9
22	28616	9
22	28617	9
22	28618	9
22	28619	9
22	28620	9
22	28621	10
22	28622	10
22	28623	10
22	28624	10
22	28625	10
22	28626	10
22	28627	10
22	28628	10
22	28629	10
22	28630	10
22	28631	10
22	28632	9
22	28633	9
22	28634	9
22	28635	9
22	28636	9
22	28637	9
22	28638	9
22	28639	8
22	28640	8
22	28641	8
22	28642	8
22	28643	8
22	28644	8
22	28645	7
22	28646	7
22	28647	6
22	28648	6
22	28649	6
22	28650	6
22	28651	6
22	28652	7
22	28653	7
22	28654	7
22	28655	7
22	28656	7
22	28657	7
22	28658	7
22	28659	7
22	28660	7
22	28661	7
22	28662	7
22	28663	8
22	28664	8
22	28665	8
22	28666	9
22	28667	9
22	28668	9
22	28669	9
22	28670	10
22	28671	10
22	28672	9
22	28673	9
22	28674	9
22	28675	8
22	28676	8
22	28677	8
22	28678	8
22	28679	8
22	28680	8
22	28681	8
22	28682	8
22	28683	8
22	28684	8
22	28685	10
22	28686	10
22	28687	10
22	28688	10
22	28689	10
22	28690	10
22	28691	10
22	28692	10
22	28693	10
22	28694	10
22	28695	10
22	28696	10
22	28697	13
22	28698	13
22	28699	13
22	28700	13
22	28701	13
22	28702	13
22	28703	13
22	28704	13
22	28705	13
22	28706	13
22	28707	13
22	28708	13
22	28709	13
22	28710	13
22	28711	13
22	28712	13
22	28713	13
22	28714	13
22	28715	13
22	28716	14
22	28717	14
22	28718	14
22	28719	14
22	28720	14
22	28721	14
22	28722	14
22	28723	14
22	28724	13
22	28725	13
22	28726	13
22	28727	13
22	28728	13
22	28729	13
22	28730	13
22	28731	13
22	28732	13
22	28733	13
22	28734	13
22	28735	13
22	28736	13
22	28737	13
22	28738	13
22	28739	13
22	28740	14
22	28741	14
22	28742	14
22	28743	14
22	28744	14
22	28745	14
22	28746	14
22	28747	13
22	28748	13
22	28749	13
22	28750	13
22	28751	13
22	28752	13
22	28753	13
22	28754	12
22	28755	12
22	28756	12
22	28757	12
22	28758	12
22	28759	12
22	28760	12
22	28761	12
22	28762	12
22	28763	12
22	28764	12
22	28765	12
22	28766	12
22	28767	13
22	28768	13
22	28769	13
22	28770	12
22	28771	12
22	28772	12
22	28773	12
22	28774	12
22	28775	12
22	28776	12
22	28777	12
22	28778	12
22	28779	12
22	28780	12
22	28781	12
22	28782	12
22	28783	13
22	28784	13
22	28785	13
22	28786	13
22	28787	14
22	28788	14
22	28789	14
22	28790	14
22	28791	14
22	28792	14
22	28793	14
22	28794	14
22	28795	14
22	28796	14
22	28797	14
22	28798	15
22	28799	15
22	28800	15
22	28801	15
22	28802	14
22	28803	14
22	28804	14
22	28805	14
22	28806	14
22	28807	14
22	28808	14
22	28809	14
22	28810	14
22	28811	14
22	28812	14
22	28813	15
22	28814	15
22	28815	15
22	28816	14
22	28817	14
22	28818	14
22	28819	13
22	28820	13
22	28821	14
22	28822	14
22	28823	14
22	28824	14
22	28825	14
22	28826	14
22	28827	14
22	28828	15
22	28829	16
22	28830	16
22	28831	16
22	28832	16
22	28833	16
22	28834	18
22	28835	16
22	28836	16
22	28837	16
22	28838	16
22	28839	16
22	28840	16
22	28841	16
22	28842	16
22	28843	16
22	28844	16
22	28845	16
22	28846	16
22	28847	13
22	28848	13
22	28849	15
22	28850	15
22	28851	15
22	28852	15
22	28853	15
22	28854	15
22	28855	15
22	28856	15
22	28857	15
22	28858	16
22	28859	16
22	28860	16
22	28861	16
22	28862	17
22	28863	17
22	28864	17
22	28865	18
22	28866	17
22	28867	17
22	28868	17
22	28869	17
22	28870	17
22	28871	17
22	28872	19
22	28873	19
22	28874	19
22	28875	19
22	28876	19
22	28877	19
22	28878	19
22	28879	19
22	28880	19
22	28881	19
22	28882	20
22	28883	20
22	28884	20
22	28885	20
22	28886	20
22	28887	22
22	28888	21
22	28889	21
22	28890	21
22	28891	21
22	28892	21
22	28893	21
22	28894	21
22	28895	21
22	28896	21
22	28897	21
22	28898	21
22	28899	22
22	28900	22
22	28901	24
22	28902	24
22	28903	24
22	28904	24
22	28905	24
22	28906	24
22	28907	24
22	28908	25
22	28909	25
22	28910	25
22	28911	25
22	28912	25
22	28913	25
22	28914	25
22	28915	25
22	28916	25
22	28917	24
22	28918	24
22	28919	26
22	28920	26
22	28921	26
22	28922	26
22	28923	28
22	28924	28
22	28925	28
22	28926	28
22	28927	28
22	28928	28
22	28929	28
22	28930	28
22	28931	28
22	28932	30
22	28933	30
22	28934	30
22	28935	30
22	28936	30
22	28937	29
22	28938	29
22	28939	29
22	28940	29
22	28941	29
22	28942	29
22	28943	29
22	28944	29
22	28945	29
22	28946	29
22	28947	28
22	28948	28
22	28949	28
22	28950	28
22	28951	28
22	28952	28
22	28953	28
22	28954	29
22	28955	29
22	28956	29
22	28957	29
22	28958	29
22	28959	29
22	28960	29
22	28961	29
22	28962	27
22	28963	27
22	28964	29
22	28965	29
22	28966	29
22	28967	29
22	28968	29
22	28969	30
22	28970	29
22	28971	30
22	28972	30
22	28973	30
22	28974	30
22	28975	30
22	28976	30
22	28977	30
22	28978	29
22	28979	28
22	28980	28
22	28981	28
22	28982	31
22	28983	31
22	28984	29
22	28985	29
22	28986	29
22	28987	29
22	28988	29
22	28989	29
22	28990	29
22	28991	29
22	28992	29
22	28993	29
22	28994	29
22	28995	29
22	28996	29
22	28997	29
22	28998	29
22	28999	27
22	29000	27
22	29001	27
22	29002	27
22	29003	27
22	29004	27
22	29005	27
22	29006	28
22	29007	27
22	29008	27
22	29009	27
22	29010	27
22	29011	28
22	29012	28
22	29013	28
22	29014	27
22	29015	27
22	29016	27
22	29017	27
22	29018	27
22	29019	27
22	29020	27
22	29021	27
22	29022	26
22	29023	26
22	29024	26
22	29025	26
22	29026	26
22	29027	26
22	29028	26
22	29029	26
22	29030	26
22	29031	25
22	29032	25
22	29033	25
22	29034	26
22	29035	25
22	29036	26
22	29037	27
22	29038	27
22	29039	27
22	29040	27
22	29041	27
22	29042	29
22	29043	29
22	29044	29
22	29045	29
22	29046	29
22	29047	29
22	29048	29
22	29049	29
22	29050	29
22	29051	27
22	29052	27
22	29053	27
22	29054	27
22	29055	27
22	29056	28
22	29057	28
22	29058	27
22	29059	28
22	29060	28
22	29061	28
22	29062	28
22	29063	28
22	29064	28
22	29065	28
22	29066	28
22	29067	28
22	29068	28
22	29069	26
22	29070	27
22	29071	25
22	29072	25
22	29073	25
22	29074	25
22	29075	25
22	29076	25
22	29077	26
22	29078	27
22	29079	27
22	29080	27
22	29081	27
22	29082	24
22	29083	24
22	29084	24
22	29085	24
22	29086	24
22	29087	24
22	29088	24
22	29089	24
22	29090	24
22	29091	24
22	29092	24
22	29093	24
22	29094	24
22	29095	24
22	29096	24
22	29097	24
22	29098	25
22	29099	25
22	29100	26
22	29101	26
22	29102	26
22	29103	26
22	29104	25
22	29105	27
22	29106	28
22	29107	30
22	29108	31
22	29109	31
22	29110	31
22	29111	32
22	29112	32
22	29113	32
22	29114	30
22	29115	30
22	29116	30
22	29117	30
22	29118	30
22	29119	29
22	29120	28
22	29121	28
22	29122	28
22	29123	28
22	29124	28
22	29125	28
22	29126	28
22	29127	28
22	29128	28
22	29129	28
22	29130	28
22	29131	26
22	29132	25
22	29133	25
22	29134	25
22	29135	25
22	29136	25
22	29137	26
22	29138	26
22	29139	26
22	29140	26
22	29141	26
22	29142	26
22	29143	26
22	29144	26
22	29145	26
22	29146	26
22	29147	26
22	29148	26
22	29149	26
22	29150	26
22	29151	26
22	29152	29
22	29153	29
22	29154	29
22	29155	29
22	29156	28
22	29157	28
22	29158	28
22	29159	26
22	29160	26
22	29161	26
22	29162	26
22	29163	26
22	29164	26
22	29165	27
22	29166	27
22	29167	27
22	29168	27
22	29169	27
22	29170	27
22	29171	27
22	29172	26
22	29173	26
22	29174	26
22	29175	28
22	29176	28
22	29177	30
22	29178	30
22	29179	30
22	29180	30
22	29181	30
22	29182	30
22	29183	29
22	29184	28
22	29185	28
22	29186	28
22	29187	28
22	29188	28
22	29189	30
22	29190	28
22	29191	28
22	29192	28
22	29193	28
22	29194	28
22	29195	28
22	29196	28
22	29197	29
22	29198	29
22	29199	28
22	29200	28
22	29201	28
22	29202	28
22	29203	28
22	29204	29
22	29205	29
22	29206	28
22	29207	28
22	29208	28
22	29209	27
22	29210	27
22	29211	27
22	29212	28
22	29213	28
22	29214	28
22	29215	28
22	29216	28
22	29217	28
22	29218	28
22	29219	27
22	29220	27
22	29221	27
22	29222	27
22	29223	27
22	29224	27
22	29225	27
22	29226	27
22	29227	26
22	29228	25
22	29229	25
22	29230	25
22	29231	25
22	29232	25
22	29233	25
22	29234	25
22	29235	25
22	29236	26
22	29237	26
22	29238	26
22	29239	26
22	29240	26
22	29241	27
22	29242	27
22	29243	27
22	29244	27
22	29245	27
22	29246	27
22	29247	26
22	29248	25
22	29249	25
22	29250	25
22	29251	27
22	29252	29
22	29253	29
22	29254	30
22	29255	28
22	29256	27
22	29257	25
22	29258	24
22	29259	24
22	29260	24
22	29261	23
22	29262	23
22	29263	23
22	29264	23
22	29265	23
22	29266	23
22	29267	23
22	29268	24
22	29269	24
22	29270	24
22	29271	25
22	29272	25
22	29273	25
22	29274	25
22	29275	26
22	29276	26
22	29277	26
22	29278	28
22	29279	28
22	29280	28
22	29281	28
22	29282	28
22	29283	28
22	29284	28
22	29285	28
22	29286	28
22	29287	27
22	29288	27
22	29289	27
22	29290	27
22	29291	27
22	29292	27
22	29293	28
22	29294	28
22	29295	28
22	29296	30
22	29297	31
22	29298	31
22	29299	31
22	29300	31
22	29301	31
22	29302	28
22	29303	28
22	29304	28
22	29305	28
22	29306	28
22	29307	28
22	29308	28
22	29309	28
22	29310	28
22	29311	28
22	29312	28
22	29313	28
22	29314	29
22	29315	28
22	29316	28
22	29317	28
22	29318	28
22	29319	28
22	29320	28
22	29321	28
22	29322	26
22	29323	26
22	29324	24
22	29325	24
22	29326	23
22	29327	22
22	29328	22
22	29329	22
22	29330	23
22	29331	23
22	29332	23
22	29333	23
22	29334	23
22	29335	23
22	29336	24
22	29337	23
22	29338	23
22	29339	23
22	29340	23
22	29341	23
22	29342	23
22	29343	23
22	29344	23
22	29345	23
22	29346	23
22	29347	23
22	29348	23
22	29349	23
22	29350	23
22	29351	23
22	29352	24
22	29353	23
22	29354	23
22	29355	23
22	29356	23
22	29357	23
22	29358	23
22	29359	24
22	29360	24
22	29361	23
22	29362	23
22	29363	21
22	29364	21
22	29365	21
22	29366	21
22	29367	21
22	29368	21
22	29369	21
22	29370	21
22	29371	21
22	29372	21
22	29373	21
22	29374	21
22	29375	21
22	29376	21
22	29377	21
22	29378	21
22	29379	21
22	29380	19
22	29381	19
22	29382	19
22	29383	19
22	29384	19
22	29385	18
22	29386	18
22	29387	18
22	29388	18
22	29389	18
22	29390	18
22	29391	18
22	29392	18
22	29393	19
22	29394	19
22	29395	19
22	29396	20
22	29397	20
22	29398	20
22	29399	20
22	29400	19
22	29401	19
22	29402	18
22	29403	18
22	29404	18
22	29405	18
22	29406	18
22	29407	18
22	29408	18
22	29409	18
22	29410	18
22	29411	18
22	29412	18
22	29413	18
22	29414	17
22	29415	17
22	29416	17
22	29417	17
22	29418	17
22	29419	17
22	29420	16
22	29421	16
22	29422	16
22	29423	16
22	29424	16
22	29425	15
22	29426	15
22	29427	15
22	29428	15
22	29429	15
22	29430	15
22	29431	15
22	29432	15
22	29433	15
22	29434	15
22	29435	15
22	29436	15
22	29437	15
22	29438	15
22	29439	15
22	29440	15
22	29441	15
22	29442	15
22	29443	14
22	29444	14
22	29445	13
22	29446	13
22	29447	12
22	29448	12
22	29449	12
22	29450	12
22	29451	12
22	29452	13
22	29453	13
22	29454	13
22	29455	13
22	29456	13
22	29457	13
22	29458	13
22	29459	13
22	29460	13
22	29461	13
22	29462	13
22	29463	12
22	29464	12
22	29465	12
22	29466	12
22	29467	12
22	29468	12
22	29469	12
22	29470	12
22	29471	12
22	29472	14
22	29473	14
22	29474	14
22	29475	14
22	29476	14
22	29477	14
22	29478	14
22	29479	13
22	29480	13
22	29481	13
22	29482	13
22	29483	13
22	29484	13
22	29485	11
22	29486	11
22	29487	11
22	29488	11
22	29489	11
22	29490	11
22	29491	11
22	29492	11
22	29493	11
22	29494	11
22	29495	11
22	29496	11
22	29497	10
22	29498	10
22	29499	9
22	29500	9
22	29501	9
22	29502	9
22	29503	9
22	29504	9
22	29505	9
22	29506	10
22	29507	10
22	29508	10
22	29509	9
22	29510	9
22	29511	9
22	29512	9
22	29513	9
22	29514	9
22	29515	9
22	29516	9
22	29517	9
22	29518	9
22	29519	9
22	29520	9
22	29521	9
22	29522	9
22	29523	9
22	29524	9
22	29525	9
22	29526	9
22	29527	9
22	29528	9
22	29529	9
22	29530	9
22	29531	10
22	29532	10
22	29533	11
22	29534	11
22	29535	11
22	29536	11
22	29537	12
22	29538	12
22	29539	12
22	29540	12
22	29541	11
22	29542	10
22	29543	10
22	29544	10
22	29545	10
22	29546	9
22	29547	10
22	29548	10
22	29549	10
22	29550	10
22	29551	9
22	29552	9
22	29553	9
22	29554	9
22	29555	9
22	29556	9
22	29557	9
22	29558	9
22	29559	9
22	29560	9
22	29561	9
22	29562	9
22	29563	9
22	29564	9
22	29565	9
22	29566	9
22	29567	9
22	29568	9
22	29569	9
22	29570	9
22	29571	9
22	29572	9
22	29573	9
22	29574	9
22	29575	9
22	29576	9
22	29577	9
22	29578	10
22	29579	10
22	29580	10
22	29581	10
22	29582	10
22	29583	10
22	29584	10
22	29585	10
22	29586	10
22	29587	10
22	29588	10
22	29589	10
22	29590	10
22	29591	10
22	29592	10
22	29593	10
22	29594	9
22	29595	9
22	29596	9
22	29597	9
22	29598	10
22	29599	10
22	29600	10
22	29601	10
22	29602	9
22	29603	9
22	29604	9
22	29605	9
22	29606	9
22	29607	9
22	29608	9
22	29609	9
22	29610	9
22	29611	9
22	29612	10
22	29613	11
22	29614	11
22	29615	12
22	29616	12
22	29617	12
22	29618	12
22	29619	12
22	29620	12
22	29621	12
22	29622	10
22	29623	10
22	29624	10
22	29625	10
22	29626	10
22	29627	10
22	29628	10
22	29629	10
22	29630	10
22	29631	10
22	29632	10
22	29633	10
22	29634	10
22	29635	10
22	29636	10
22	29637	10
22	29638	10
22	29639	10
22	29640	10
22	29641	10
22	29642	10
22	29643	13
22	29644	13
22	29645	13
22	29646	13
22	29647	13
22	29648	14
22	29649	14
22	29650	14
22	29651	14
22	29652	14
22	29653	14
22	29654	15
22	29655	14
22	29656	14
22	29657	14
22	29658	14
22	29659	14
22	29660	14
22	29661	14
22	29662	14
22	29663	14
22	29664	13
22	29665	14
22	29666	14
22	29667	14
22	29668	14
22	29669	14
22	29670	14
22	29671	14
22	29672	14
22	29673	14
22	29674	14
22	29675	14
22	29676	14
22	29677	14
22	29678	15
22	29679	15
22	29680	15
22	29681	14
22	29682	14
22	29683	14
22	29684	14
22	29685	14
22	29686	15
22	29687	14
22	29688	14
22	29689	14
22	29690	14
22	29691	14
22	29692	14
22	29693	14
22	29694	14
22	29695	14
22	29696	13
22	29697	13
22	29698	13
22	29699	13
22	29700	13
22	29701	13
22	29702	13
22	29703	13
22	29704	13
22	29705	13
22	29706	13
22	29707	13
22	29708	13
22	29709	13
22	29710	13
22	29711	13
22	29712	13
22	29713	13
22	29714	13
22	29715	13
22	29716	13
22	29717	13
22	29718	13
22	29719	14
22	29720	14
22	29721	14
22	29722	14
22	29723	14
22	29724	14
22	29725	14
22	29726	14
22	29727	13
22	29728	13
22	29729	13
22	29730	14
22	29731	14
22	29732	14
22	29733	14
22	29734	14
22	29735	14
22	29736	14
22	29737	14
22	29738	15
22	29739	15
22	29740	15
22	29741	15
22	29742	15
22	29743	15
22	29744	15
22	29745	15
22	29746	15
22	29747	14
22	29748	14
22	29749	14
22	29750	14
22	29751	14
22	29752	14
22	29753	14
22	29754	14
22	29755	14
22	29756	14
22	29757	14
22	29758	14
22	29759	14
22	29760	14
22	29761	13
22	29762	12
22	29763	12
22	29764	12
22	29765	11
22	29766	11
22	29767	11
22	29768	11
22	29769	11
22	29770	13
22	29771	13
22	29772	13
22	29773	13
22	29774	13
22	29775	13
22	29776	13
22	29777	14
22	29778	14
22	29779	14
22	29780	14
22	29781	14
22	29782	14
22	29783	14
22	29784	14
22	29785	14
22	29786	14
22	29787	14
22	29788	14
22	29789	16
22	29790	16
22	29791	16
22	29792	13
22	29793	13
22	29794	13
22	29795	13
22	29796	13
22	29797	13
22	29798	12
22	29799	12
22	29800	12
22	29801	12
22	29802	12
22	29803	11
22	29804	11
22	29805	11
22	29806	12
22	29807	12
22	29808	12
22	29809	12
22	29810	12
22	29811	12
22	29812	12
22	29813	12
22	29814	12
22	29815	12
22	29816	12
22	29817	12
22	29818	12
22	29819	12
22	29820	12
22	29821	12
22	29822	12
22	29823	12
22	29824	12
22	29825	12
22	29826	12
22	29827	12
22	29828	11
22	29829	11
22	29830	11
22	29831	11
22	29832	12
22	29833	12
22	29834	12
22	29835	12
22	29836	11
22	29837	12
22	29838	12
22	29839	12
22	29840	12
22	29841	12
22	29842	13
22	29843	13
22	29844	13
22	29845	13
22	29846	13
22	29847	13
22	29848	14
22	29849	14
22	29850	14
22	29851	14
22	29852	14
22	29853	14
22	29854	14
22	29855	14
22	29856	14
22	29857	14
22	29858	14
22	29859	14
22	29860	14
22	29861	14
22	29862	14
22	29863	14
22	29864	14
22	29865	14
22	29866	14
22	29867	14
22	29868	14
22	29869	13
22	29870	13
22	29871	13
22	29872	13
22	29873	13
22	29874	13
22	29875	13
22	29876	13
22	29877	14
22	29878	14
22	29879	16
22	29880	15
22	29881	15
22	29882	15
22	29883	15
22	29884	15
22	29885	15
22	29886	15
22	29887	15
22	29888	14
22	29889	14
22	29890	14
22	29891	14
22	29892	14
22	29893	14
22	29894	14
22	29895	14
22	29896	14
22	29897	14
22	29898	14
22	29899	15
22	29900	15
22	29901	15
22	29902	15
22	29903	15
22	29904	15
22	29905	15
22	29906	15
22	29907	15
22	29908	15
22	29909	15
22	29910	15
22	29911	15
22	29912	15
22	29913	15
22	29914	15
22	29915	15
22	29916	15
22	29917	15
22	29918	15
22	29919	15
22	29920	13
22	29921	14
22	29922	14
22	29923	14
22	29924	14
22	29925	14
22	29926	14
22	29927	13
22	29928	13
22	29929	13
22	29930	13
22	29931	13
22	29932	13
22	29933	13
22	29934	14
22	29935	14
22	29936	14
22	29937	14
22	29938	12
22	29939	12
22	29940	12
22	29941	12
22	29942	12
22	29943	12
22	29944	12
22	29945	12
22	29946	12
22	29947	12
22	29948	12
22	29949	12
22	29950	12
22	29951	12
22	29952	12
22	29953	12
22	29954	12
22	29955	12
22	29956	11
22	29957	11
22	29958	11
22	29959	11
22	29960	12
22	29961	12
22	29962	12
22	29963	12
22	29964	12
22	29965	11
22	29966	11
22	29967	11
22	29968	11
22	29969	11
22	29970	11
22	29971	11
22	29972	11
22	29973	11
22	29974	11
22	29975	11
22	29976	11
22	29977	11
22	29978	11
22	29979	11
22	29980	11
22	29981	10
22	29982	10
22	29983	13
22	29984	13
22	29985	13
22	29986	13
22	29987	12
22	29988	12
22	29989	12
22	29990	12
22	29991	12
22	29992	11
22	29993	11
22	29994	11
22	29995	11
22	29996	11
22	29997	10
22	29998	10
22	29999	10
22	30000	10
22	30001	10
22	30002	10
22	30003	10
22	30004	10
22	30005	10
22	30006	11
22	30007	11
22	30008	11
22	30009	11
22	30010	11
22	30011	11
22	30012	11
22	30013	11
22	30014	11
22	30015	11
22	30016	11
22	30017	11
22	30018	11
22	30019	11
22	30020	11
22	30021	11
22	30022	11
22	30023	11
22	30024	11
22	30025	10
22	30026	10
22	30027	11
22	30028	11
22	30029	9
22	30030	9
22	30031	9
22	30032	9
22	30033	9
22	30034	10
22	30035	10
22	30036	10
22	30037	10
22	30038	10
22	30039	10
22	30040	10
22	30041	10
22	30042	10
22	30043	10
22	30044	10
22	30045	9
22	30046	9
22	30047	9
22	30048	8
22	30049	8
22	30050	8
22	30051	9
22	30052	9
22	30053	9
22	30054	9
22	30055	9
22	30056	9
22	30057	9
22	30058	9
22	30059	9
22	30060	9
22	30061	9
22	30062	9
22	30063	9
22	30064	9
22	30065	9
22	30066	9
22	30067	9
22	30068	9
22	30069	9
22	30070	9
22	30071	8
22	30072	8
22	30073	8
22	30074	8
22	30075	8
22	30076	8
22	30077	8
22	30078	8
22	30079	8
22	30080	8
22	30081	8
22	30082	7
22	30083	7
22	30084	8
22	30085	8
22	30086	8
22	30087	8
22	30088	8
22	30089	8
22	30090	8
22	30091	8
22	30092	8
22	30093	8
22	30094	8
22	30095	8
22	30096	9
22	30097	9
22	30098	9
22	30099	9
22	30100	9
22	30101	10
22	30102	10
22	30103	10
22	30104	12
22	30105	12
22	30106	12
22	30107	12
22	30108	12
22	30109	12
22	30110	11
22	30111	11
22	30112	11
22	30113	11
22	30114	11
22	30115	11
22	30116	11
22	30117	11
22	30118	11
22	30119	11
22	30120	11
22	30121	11
22	30122	11
22	30123	11
22	30124	11
22	30125	11
22	30126	11
22	30127	11
22	30128	11
22	30129	11
22	30130	11
22	30131	11
22	30132	9
22	30133	9
22	30134	9
22	30135	9
22	30136	9
22	30137	9
22	30138	9
22	30139	9
22	30140	9
22	30141	9
22	30142	9
22	30143	9
22	30144	9
22	30145	9
22	30146	9
22	30147	9
22	30148	9
22	30149	9
22	30150	9
22	30151	9
22	30152	9
22	30153	9
22	30154	9
22	30155	9
22	30156	8
22	30157	8
22	30158	8
22	30159	8
22	30160	8
22	30161	8
22	30162	8
22	30163	8
22	30164	8
22	30165	8
22	30166	8
22	30167	8
22	30168	8
22	30169	8
22	30170	8
22	30171	8
22	30172	8
22	30173	8
22	30174	8
22	30175	8
22	30176	8
22	30177	7
22	30178	7
22	30179	7
22	30180	7
22	30181	7
22	30182	6
22	30183	6
22	30184	6
22	30185	6
22	30186	6
22	30187	6
22	30188	6
22	30189	6
22	30190	6
22	30191	6
22	30192	6
22	30193	6
22	30194	6
22	30195	6
22	30196	6
22	30197	6
22	30198	6
22	30199	6
22	30200	6
22	30201	5
22	30202	5
22	30203	5
22	30204	5
22	30205	6
22	30206	6
22	30207	6
22	30208	6
22	30209	6
22	30210	6
22	30211	6
22	30212	6
22	30213	6
22	30214	6
22	30215	6
22	30216	6
22	30217	6
22	30218	6
22	30219	6
22	30220	6
22	30221	6
22	30222	6
22	30223	6
22	30224	7
22	30225	7
22	30226	7
22	30227	7
22	30228	7
22	30229	7
22	30230	7
22	30231	7
22	30232	7
22	30233	7
22	30234	7
22	30235	7
22	30236	9
22	30237	9
22	30238	9
22	30239	9
22	30240	9
22	30241	9
22	30242	9
22	30243	9
22	30244	9
22	30245	9
22	30246	8
22	30247	8
22	30248	8
22	30249	8
22	30250	7
22	30251	7
22	30252	7
22	30253	6
22	30254	5
22	30255	5
22	30256	5
22	30257	5
22	30258	5
22	30259	5
22	30260	5
22	30261	5
22	30262	5
22	30263	5
22	30264	5
22	30265	5
22	30266	5
22	30267	5
22	30268	5
22	30269	5
22	30270	5
22	30271	5
22	30272	7
22	30273	7
22	30274	7
22	30275	7
22	30276	7
22	30277	7
22	30278	7
22	30279	7
22	30280	7
22	30281	7
22	30282	7
22	30283	7
22	30284	7
22	30285	7
22	30286	7
22	30287	7
22	30288	7
22	30289	7
22	30290	7
22	30291	8
22	30292	8
22	30293	8
22	30294	8
22	30295	8
22	30296	8
22	30297	8
22	30298	8
22	30299	10
22	30300	10
22	30301	10
22	30302	10
22	30303	10
22	30304	11
22	30305	11
22	30306	11
22	30307	11
22	30308	11
22	30309	11
22	30310	12
22	30311	12
22	30312	12
22	30313	12
22	30314	12
22	30315	12
22	30316	12
22	30317	12
22	30318	12
22	30319	12
22	30320	12
22	30321	12
22	30322	12
22	30323	12
22	30324	12
22	30325	12
22	30326	12
22	30327	12
22	30328	12
22	30329	12
22	30330	13
22	30331	13
22	30332	13
22	30333	13
22	30334	13
22	30335	13
22	30336	13
22	30337	13
22	30338	11
22	30339	11
22	30340	11
22	30341	11
22	30342	11
22	30343	11
22	30344	11
22	30345	11
22	30346	12
22	30347	12
22	30348	12
22	30349	13
22	30350	13
22	30351	13
22	30352	13
22	30353	13
22	30354	12
22	30355	12
22	30356	12
22	30357	12
22	30358	12
22	30359	12
22	30360	12
22	30361	12
22	30362	12
22	30363	12
22	30364	12
22	30365	14
22	30366	14
22	30367	14
22	30368	14
22	30369	15
22	30370	15
22	30371	16
22	30372	16
22	30373	16
22	30374	15
22	30375	15
22	30376	15
22	30377	15
22	30378	15
22	30379	15
22	30380	15
22	30381	15
22	30382	15
22	30383	15
22	30384	14
22	30385	14
22	30386	12
22	30387	12
22	30388	12
22	30389	12
22	30390	12
22	30391	12
22	30392	12
22	30393	12
22	30394	12
22	30395	12
22	30396	12
22	30397	12
22	30398	12
22	30399	12
22	30400	12
22	30401	12
22	30402	12
22	30403	12
22	30404	12
22	30405	12
22	30406	12
22	30407	12
22	30408	12
22	30409	12
22	30410	12
22	30411	12
22	30412	12
22	30413	12
22	30414	12
22	30415	12
22	30416	12
22	30417	12
22	30418	12
22	30419	12
22	30420	12
22	30421	10
22	30422	12
22	30423	13
22	30424	13
22	30425	13
22	30426	13
22	30427	13
22	30428	13
22	30429	13
22	30430	14
22	30431	14
22	30432	14
22	30433	14
22	30434	14
22	30435	14
22	30436	14
22	30437	14
22	30438	14
22	30439	14
22	30440	14
22	30441	14
22	30442	14
22	30443	14
22	30444	14
22	30445	14
22	30446	14
22	30447	14
22	30448	14
22	30449	14
22	30450	14
22	30451	14
22	30452	14
22	30453	14
22	30454	13
22	30455	13
22	30456	13
22	30457	13
22	30458	13
22	30459	13
22	30460	13
22	30461	13
22	30462	13
22	30463	13
22	30464	13
22	30465	16
22	30466	16
22	30467	16
22	30468	16
22	30469	16
22	30470	16
22	30471	16
22	30472	16
22	30473	16
22	30474	16
22	30475	16
22	30476	16
22	30477	16
22	30478	16
22	30479	16
22	30480	16
22	30481	16
22	30482	16
22	30483	16
22	30484	16
22	30485	16
22	30486	16
22	30487	16
22	30488	16
22	30489	16
22	30490	17
22	30491	17
22	30492	17
22	30493	17
22	30494	17
22	30495	17
22	30496	16
22	30497	16
22	30498	15
22	30499	15
22	30500	15
22	30501	15
22	30502	15
22	30503	15
22	30504	15
22	30505	15
22	30506	15
22	30507	15
22	30508	17
22	30509	17
22	30510	17
22	30511	17
22	30512	17
22	30513	17
22	30514	15
22	30515	15
22	30516	15
22	30517	15
22	30518	14
22	30519	14
22	30520	14
22	30521	13
22	30522	14
22	30523	14
22	30524	14
22	30525	14
22	30526	14
22	30527	14
22	30528	14
22	30529	14
22	30530	14
22	30531	14
22	30532	14
22	30533	14
22	30534	14
22	30535	14
22	30536	14
22	30537	14
22	30538	14
22	30539	14
22	30540	14
22	30541	14
22	30542	14
22	30543	14
22	30544	14
22	30545	14
22	30546	14
22	30547	14
22	30548	14
22	30549	14
22	30550	14
22	30551	14
22	30552	14
22	30553	14
22	30554	14
22	30555	14
22	30556	14
22	30557	14
22	30558	14
22	30559	14
22	30560	14
22	30561	14
22	30562	14
22	30563	14
22	30564	14
22	30565	14
22	30566	14
22	30567	14
22	30568	14
22	30569	14
22	30570	14
22	30571	13
22	30572	11
22	30573	10
22	30574	10
22	30575	10
22	30576	10
22	30577	10
22	30578	10
22	30579	10
22	30580	10
22	30581	11
22	30582	11
22	30583	10
22	30584	10
22	30585	10
22	30586	10
22	30587	10
22	30588	10
22	30589	10
22	30590	10
22	30591	10
22	30592	10
22	30593	10
22	30594	10
22	30595	10
22	30596	10
22	30597	10
22	30598	10
22	30599	10
22	30600	10
22	30601	10
22	30602	10
22	30603	10
22	30604	10
22	30605	10
22	30606	10
22	30607	10
22	30608	10
22	30609	10
22	30610	10
22	30611	10
22	30612	10
22	30613	10
22	30614	8
22	30615	8
22	30616	8
22	30617	8
22	30618	8
22	30619	8
22	30620	8
22	30621	9
22	30622	9
22	30623	9
22	30624	9
22	30625	8
22	30626	8
22	30627	8
22	30628	8
22	30629	8
22	30630	8
22	30631	8
22	30632	8
22	30633	8
22	30634	8
22	30635	8
22	30636	8
22	30637	8
22	30638	8
22	30639	8
22	30640	8
22	30641	8
22	30642	8
22	30643	8
22	30644	8
22	30645	8
22	30646	8
22	30647	8
22	30648	8
22	30649	8
22	30650	8
22	30651	8
22	30652	8
22	30653	8
22	30654	8
22	30655	8
22	30656	8
22	30657	8
22	30658	6
22	30659	6
22	30660	6
22	30661	6
22	30662	6
22	30663	6
22	30664	6
22	30665	6
22	30666	6
22	30667	6
22	30668	6
22	30669	6
22	30670	6
22	30671	6
22	30672	5
22	30673	5
22	30674	5
22	30675	5
22	30676	5
22	30677	5
22	30678	5
22	30679	5
22	30680	5
22	30681	5
22	30682	5
22	30683	5
22	30684	8
22	30685	8
22	30686	8
22	30687	8
22	30688	8
22	30689	8
22	30690	8
22	30691	8
22	30692	8
22	30693	8
22	30694	8
22	30695	8
22	30696	8
22	30697	8
22	30698	8
22	30699	8
22	30700	8
22	30701	8
22	30702	8
22	30703	8
22	30704	8
22	30705	8
22	30706	8
22	30707	8
22	30708	9
22	30709	9
22	30710	8
22	30711	8
22	30712	8
22	30713	8
22	30714	8
22	30715	8
22	30716	8
22	30717	6
22	30718	6
22	30719	6
22	30720	6
22	30721	6
22	30722	6
22	30723	6
22	30724	6
22	30725	6
22	30726	6
22	30727	6
22	30728	6
22	30729	6
22	30730	5
22	30731	5
22	30732	5
22	30733	5
22	30734	5
22	30735	5
22	30736	5
22	30737	5
22	30738	5
22	30739	5
22	30740	5
22	30741	5
22	30742	5
22	30743	5
22	30744	5
22	30745	6
22	30746	6
22	30747	6
22	30748	6
22	30749	6
22	30750	6
22	30751	6
22	30752	7
22	30753	7
22	30754	7
22	30755	7
22	30756	9
22	30757	11
22	30758	11
22	30759	11
22	30760	12
22	30761	12
22	30762	12
22	30763	12
22	30764	12
22	30765	12
22	30766	12
22	30767	12
22	30768	12
22	30769	12
22	30770	12
22	30771	11
22	30772	11
22	30773	11
22	30774	11
22	30775	11
22	30776	11
22	30777	11
22	30778	11
22	30779	11
22	30780	11
22	30781	11
22	30782	11
22	30783	11
22	30784	11
22	30785	11
22	30786	11
22	30787	12
22	30788	12
22	30789	12
22	30790	12
22	30791	12
22	30792	14
22	30793	14
22	30794	14
22	30795	14
22	30796	14
22	30797	14
22	30798	14
22	30799	14
22	30800	14
22	30801	14
22	30802	14
22	30803	14
22	30804	14
22	30805	14
22	30806	14
22	30807	14
22	30808	14
22	30809	14
22	30810	15
22	30811	15
22	30812	15
22	30813	15
22	30814	15
22	30815	15
22	30816	15
22	30817	17
22	30818	17
22	30819	17
22	30820	15
22	30821	15
22	30822	15
22	30823	15
22	30824	15
22	30825	15
22	30826	15
22	30827	15
22	30828	15
22	30829	15
22	30830	15
22	30831	15
22	30832	15
22	30833	15
22	30834	15
22	30835	15
22	30836	15
22	30837	15
22	30838	15
22	30839	15
22	30840	15
22	30841	15
22	30842	15
22	30843	15
22	30844	15
22	30845	15
22	30846	15
22	30847	15
22	30848	15
22	30849	15
22	30850	15
22	30851	15
22	30852	15
22	30853	15
22	30854	15
22	30855	15
22	30856	15
22	30857	15
22	30858	14
22	30859	14
22	30860	14
22	30861	14
22	30862	14
22	30863	14
22	30864	14
22	30865	14
22	30866	14
22	30867	14
22	30868	14
22	30869	14
22	30870	14
22	30871	14
22	30872	14
22	30873	14
22	30874	14
22	30875	14
22	30876	14
22	30877	14
22	30878	14
22	30879	14
22	30880	14
22	30881	14
22	30882	14
22	30883	15
22	30884	15
22	30885	15
22	30886	15
22	30887	15
22	30888	15
22	30889	15
22	30890	15
22	30891	14
22	30892	14
22	30893	14
22	30894	14
22	30895	14
22	30896	14
22	30897	14
22	30898	14
22	30899	15
22	30900	14
22	30901	14
22	30902	13
22	30903	13
22	30904	13
22	30905	13
22	30906	11
22	30907	9
22	30908	9
22	30909	9
22	30910	8
22	30911	8
22	30912	9
22	30913	9
22	30914	9
22	30915	9
22	30916	10
22	30917	10
22	30918	10
22	30919	10
22	30920	10
22	30921	10
22	30922	10
22	30923	10
22	30924	11
22	30925	12
22	30926	12
22	30927	12
22	30928	13
22	30929	13
22	30930	13
22	30931	13
22	30932	13
22	30933	13
22	30934	13
22	30935	13
22	30936	13
22	30937	12
22	30938	12
22	30939	12
22	30940	10
22	30941	12
22	30942	12
22	30943	12
22	30944	12
22	30945	12
22	30946	12
22	30947	12
22	30948	13
22	30949	13
22	30950	13
22	30951	15
22	30952	15
22	30953	15
22	30954	15
22	30955	15
22	30956	15
22	30957	15
22	30958	15
22	30959	15
22	30960	15
22	30961	15
22	30962	15
22	30963	15
22	30964	15
22	30965	14
22	30966	14
22	30967	14
22	30968	14
22	30969	16
22	30970	16
22	30971	16
22	30972	16
22	30973	16
22	30974	16
22	30975	16
22	30976	16
22	30977	16
22	30978	16
22	30979	16
22	30980	16
22	30981	16
22	30982	16
22	30983	16
22	30984	16
22	30985	16
22	30986	16
22	30987	16
22	30988	16
22	30989	16
22	30990	16
22	30991	16
22	30992	16
22	30993	16
22	30994	16
22	30995	16
22	30996	16
22	30997	16
22	30998	16
22	30999	16
22	31000	16
22	31001	16
22	31002	16
22	31003	17
22	31004	18
22	31005	18
22	31006	18
22	31007	18
22	31008	18
22	31009	18
22	31010	18
22	31011	18
22	31012	18
22	31013	18
22	31014	18
22	31015	18
22	31016	18
22	31017	18
22	31018	18
22	31019	18
22	31020	18
22	31021	18
22	31022	18
22	31023	18
22	31024	18
22	31025	18
22	31026	18
22	31027	18
22	31028	18
22	31029	18
22	31030	18
22	31031	18
22	31032	18
22	31033	17
22	31034	17
22	31035	17
22	31036	17
22	31037	17
22	31038	18
22	31039	18
22	31040	18
22	31041	18
22	31042	18
22	31043	18
22	31044	18
22	31045	18
22	31046	18
22	31047	18
22	31048	18
22	31049	17
22	31050	17
22	31051	17
22	31052	17
22	31053	17
22	31054	17
22	31055	17
22	31056	17
22	31057	17
22	31058	17
22	31059	17
22	31060	17
22	31061	17
22	31062	16
22	31063	16
22	31064	16
22	31065	16
22	31066	15
22	31067	15
22	31068	16
22	31069	16
22	31070	16
22	31071	16
22	31072	16
22	31073	15
22	31074	15
22	31075	14
22	31076	14
22	31077	14
22	31078	13
22	31079	13
22	31080	13
22	31081	15
22	31082	15
22	31083	15
22	31084	15
22	31085	15
22	31086	15
22	31087	15
22	31088	15
22	31089	15
22	31090	13
22	31091	13
22	31092	13
22	31093	13
22	31094	13
22	31095	13
22	31096	13
22	31097	12
22	31098	12
22	31099	11
22	31100	11
22	31101	10
22	31102	10
22	31103	10
22	31104	10
22	31105	10
22	31106	10
22	31107	10
22	31108	11
22	31109	11
22	31110	10
22	31111	10
22	31112	10
22	31113	10
22	31114	9
22	31115	9
22	31116	9
22	31117	9
22	31118	7
22	31119	7
22	31120	7
22	31121	7
22	31122	7
22	31123	7
22	31124	7
22	31125	7
22	31126	7
22	31127	7
22	31128	7
22	31129	7
22	31130	7
22	31131	7
22	31132	7
22	31133	7
22	31134	7
22	31135	7
22	31136	7
22	31137	7
22	31138	7
22	31139	7
22	31140	7
22	31141	7
22	31142	7
22	31143	7
22	31144	7
22	31145	7
22	31146	7
22	31147	7
22	31148	7
22	31149	7
22	31150	7
22	31151	7
22	31152	7
22	31153	6
22	31154	6
22	31155	6
22	31156	6
22	31157	6
22	31158	6
22	31159	6
22	31160	6
22	31161	6
22	31162	6
22	31163	6
22	31164	6
22	31165	6
22	31166	6
22	31167	6
22	31168	7
22	31169	7
22	31170	7
22	31171	7
22	31172	7
22	31173	7
22	31174	7
22	31175	7
22	31176	7
22	31177	7
22	31178	7
22	31179	7
22	31180	7
22	31181	7
22	31182	7
22	31183	7
22	31184	7
22	31185	7
22	31186	7
22	31187	7
22	31188	6
22	31189	6
22	31190	6
22	31191	6
22	31192	6
22	31193	6
22	31194	6
22	31195	6
22	31196	6
22	31197	6
22	31198	6
22	31199	6
22	31200	6
22	31201	6
22	31202	6
22	31203	6
22	31204	6
22	31205	6
22	31206	6
22	31207	7
22	31208	7
22	31209	7
22	31210	7
22	31211	7
22	31212	7
22	31213	9
22	31214	9
22	31215	9
22	31216	9
22	31217	9
22	31218	8
22	31219	8
22	31220	8
22	31221	8
22	31222	8
22	31223	8
22	31224	8
22	31225	8
22	31226	8
22	31227	8
22	31228	8
22	31229	9
22	31230	9
22	31231	7
22	31232	7
22	31233	7
22	31234	7
22	31235	7
22	31236	7
22	31237	7
22	31238	7
22	31239	7
22	31240	7
22	31241	7
22	31242	7
22	31243	7
22	31244	8
22	31245	8
22	31246	8
22	31247	9
22	31248	9
22	31249	10
22	31250	10
22	31251	10
22	31252	10
22	31253	10
22	31254	10
22	31255	9
22	31256	9
22	31257	9
22	31258	9
22	31259	9
22	31260	9
22	31261	10
22	31262	10
22	31263	11
22	31264	11
22	31265	11
22	31266	11
22	31267	11
22	31268	11
22	31269	11
22	31270	11
22	31271	11
22	31272	10
22	31273	10
22	31274	10
22	31275	10
22	31276	10
22	31277	10
22	31278	10
22	31279	10
22	31280	10
22	31281	10
22	31282	10
22	31283	10
22	31284	10
22	31285	10
22	31286	10
22	31287	10
22	31288	10
22	31289	10
22	31290	10
22	31291	10
22	31292	10
22	31293	10
22	31294	10
22	31295	10
22	31296	10
22	31297	10
22	31298	10
22	31299	10
22	31300	10
22	31301	10
22	31302	10
22	31303	10
22	31304	10
22	31305	10
22	31306	10
22	31307	10
22	31308	10
22	31309	10
22	31310	10
22	31311	10
22	31312	10
22	31313	10
22	31314	10
22	31315	10
22	31316	11
22	31317	11
22	31318	10
22	31319	10
22	31320	10
22	31321	10
22	31322	10
22	31323	10
22	31324	10
22	31325	10
22	31326	10
22	31327	10
22	31328	10
22	31329	10
22	31330	10
22	31331	10
22	31332	11
22	31333	11
22	31334	11
22	31335	11
22	31336	11
22	31337	11
22	31338	11
22	31339	11
22	31340	11
22	31341	11
22	31342	11
22	31343	11
22	31344	11
22	31345	11
22	31346	11
22	31347	11
22	31348	11
22	31349	11
22	31350	11
22	31351	11
22	31352	11
22	31353	11
22	31354	11
22	31355	11
22	31356	11
22	31357	10
22	31358	10
22	31359	10
22	31360	10
22	31361	10
22	31362	9
22	31363	9
22	31364	9
22	31365	9
22	31366	9
22	31367	9
22	31368	9
22	31369	9
22	31370	9
22	31371	9
22	31372	9
22	31373	9
22	31374	9
22	31375	9
22	31376	9
22	31377	9
22	31378	9
22	31379	8
22	31380	8
22	31381	8
22	31382	8
22	31383	8
22	31384	9
22	31385	9
22	31386	10
22	31387	10
22	31388	10
22	31389	10
22	31390	10
22	31391	10
22	31392	10
22	31393	9
22	31394	9
22	31395	9
22	31396	9
22	31397	7
22	31398	7
22	31399	7
22	31400	7
22	31401	7
22	31402	7
22	31403	7
22	31404	7
22	31405	7
22	31406	7
22	31407	7
22	31408	7
22	31409	7
22	31410	6
22	31411	6
22	31412	6
22	31413	5
22	31414	5
22	31415	5
22	31416	5
22	31417	5
22	31418	5
22	31419	5
22	31420	5
22	31421	5
22	31422	5
22	31423	5
22	31424	5
22	31425	5
22	31426	5
22	31427	5
22	31428	5
22	31429	6
22	31430	6
22	31431	6
22	31432	6
22	31433	6
22	31434	6
22	31435	6
22	31436	6
22	31437	6
22	31438	6
22	31439	6
22	31440	6
22	31441	6
22	31442	6
22	31443	6
22	31444	7
22	31445	7
22	31446	7
22	31447	7
22	31448	7
22	31449	7
22	31450	7
22	31451	7
22	31452	7
22	31453	7
22	31454	7
22	31455	7
22	31456	7
22	31457	7
22	31458	8
22	31459	8
22	31460	8
22	31461	8
22	31462	8
22	31463	8
22	31464	8
22	31465	7
22	31466	7
22	31467	7
22	31468	7
22	31469	7
22	31470	7
22	31471	7
22	31472	7
22	31473	7
22	31474	7
22	31475	7
22	31476	7
22	31477	7
22	31478	7
22	31479	7
22	31480	7
22	31481	7
22	31482	6
22	31483	8
22	31484	8
22	31485	8
22	31486	8
22	31487	8
22	31488	8
22	31489	8
22	31490	8
22	31491	8
22	31492	8
22	31493	8
22	31494	8
22	31495	8
22	31496	8
22	31497	8
22	31498	8
22	31499	8
22	31500	10
22	31501	10
22	31502	10
22	31503	10
22	31504	10
22	31505	10
22	31506	10
22	31507	10
22	31508	10
22	31509	10
22	31510	10
22	31511	10
22	31512	9
22	31513	9
22	31514	9
22	31515	9
22	31516	9
22	31517	9
22	31518	9
22	31519	9
22	31520	9
22	31521	9
22	31522	9
22	31523	9
22	31524	9
22	31525	9
22	31526	9
22	31527	9
22	31528	9
22	31529	9
22	31530	9
22	31531	9
22	31532	9
22	31533	9
22	31534	8
22	31535	7
22	31536	7
22	31537	7
22	31538	7
22	31539	7
22	31540	7
22	31541	7
22	31542	7
22	31543	7
22	31544	7
22	31545	7
22	31546	7
22	31547	7
22	31548	7
22	31549	7
22	31550	7
22	31551	7
22	31552	7
22	31553	7
22	31554	7
22	31555	7
22	31556	7
22	31557	7
22	31558	7
22	31559	7
22	31560	7
22	31561	7
22	31562	7
22	31563	7
22	31564	7
22	31565	7
22	31566	7
22	31567	7
22	31568	7
22	31569	7
22	31570	7
22	31571	7
22	31572	7
22	31573	7
22	31574	7
22	31575	7
22	31576	7
22	31577	7
22	31578	6
22	31579	6
22	31580	6
22	31581	6
22	31582	6
22	31583	6
22	31584	6
22	31585	6
22	31586	6
22	31587	6
22	31588	6
22	31589	6
22	31590	6
22	31591	6
22	31592	6
22	31593	6
22	31594	6
22	31595	6
22	31596	6
22	31597	6
22	31598	6
22	31599	6
22	31600	6
22	31601	6
22	31602	6
22	31603	6
22	31604	6
22	31605	6
22	31606	6
22	31607	5
22	31608	5
22	31609	5
22	31610	5
22	31611	5
22	31612	5
22	31613	5
22	31614	5
22	31615	5
22	31616	5
22	31617	5
22	31618	5
22	31619	5
22	31620	5
22	31621	5
22	31622	5
22	31623	5
22	31624	5
22	31625	5
22	31626	5
22	31627	5
22	31628	5
22	31629	5
22	31630	5
22	31631	5
22	31632	5
22	31633	3
22	31634	3
22	31635	3
22	31636	3
22	31637	3
22	31638	3
22	31639	3
22	31640	3
22	31641	3
22	31642	3
22	31643	3
22	31644	3
22	31645	3
22	31646	3
22	31647	3
22	31648	3
22	31649	1
22	31650	1
22	31651	1
22	31652	1
22	31653	1
22	31654	1
22	31655	1
22	31656	1
22	31657	1
22	31658	1
22	31659	1
22	31660	1
22	31661	1
22	31662	1
22	31663	1
22	31757	3
22	31758	3
22	31759	3
22	31760	3
22	31761	3
22	31762	3
22	31763	3
22	31764	3
22	31765	3
22	31766	3
22	31767	3
22	31768	3
22	31769	3
22	31770	3
22	31771	3
22	31772	4
22	31773	4
22	31774	4
22	31775	4
22	31776	4
22	31777	4
22	31778	4
22	31779	4
22	31780	4
22	31781	4
22	31782	4
22	31783	4
22	31784	4
22	31785	4
22	31786	4
22	31787	4
22	31788	4
22	31789	4
22	31790	4
22	31791	4
22	31792	4
22	31793	4
22	31794	4
22	31795	4
22	31796	4
22	31797	4
22	31798	4
22	31799	4
22	31800	4
22	31801	4
22	31802	4
22	31803	4
22	31804	4
22	31805	4
22	31806	4
22	31807	4
22	31808	4
22	31809	5
22	31810	5
22	31811	5
22	31812	5
22	31813	5
22	31814	5
22	31815	5
22	31816	5
22	31817	5
22	31818	5
22	31819	5
22	31820	5
22	31821	5
22	31822	5
22	31823	5
22	31824	5
22	31825	5
22	31826	5
22	31827	5
22	31828	5
22	31829	5
22	31830	5
22	31831	5
22	31832	5
22	31833	5
22	31834	5
22	31835	5
22	31836	5
22	31837	5
22	31838	5
22	31839	5
22	31840	5
22	31841	5
22	31842	5
22	31843	5
22	31844	5
22	31845	5
22	31846	5
22	31847	5
22	31848	5
22	31849	5
22	31850	5
22	31851	5
22	31852	5
22	31853	5
22	31854	5
22	31855	5
22	31856	5
22	31857	5
22	31858	5
22	31859	5
22	31860	5
22	31861	5
22	31862	5
22	31863	5
22	31864	5
22	31865	5
22	31866	5
22	31867	5
22	31868	5
22	31869	5
22	31870	5
22	31871	5
22	31872	5
22	31873	5
22	31874	5
22	31875	5
22	31876	5
22	31877	5
22	31878	5
22	31879	5
22	31880	5
22	31881	5
22	31882	5
22	31883	7
22	31884	7
22	31885	7
22	31886	8
22	31887	8
22	31888	9
22	31889	9
22	31890	9
22	31891	9
22	31892	9
22	31893	9
22	31894	9
22	31895	9
22	31896	9
22	31897	9
22	31898	9
22	31899	9
22	31900	9
22	31901	9
22	31902	9
22	31903	9
22	31904	9
22	31905	9
22	31906	9
22	31907	7
22	31908	7
22	31909	7
22	31910	7
22	31911	7
22	31912	7
22	31913	7
22	31914	7
22	31915	7
22	31916	7
22	31917	7
22	31918	7
22	31919	7
22	31920	7
22	31921	7
22	31922	6
22	31923	6
22	31924	6
22	31925	6
22	31926	6
22	31927	6
22	31928	8
22	31929	8
22	31930	8
22	31931	8
22	31932	8
22	31933	8
22	31934	8
22	31935	8
22	31936	8
22	31937	8
22	31938	8
22	31939	8
22	31940	8
22	31941	8
22	31942	8
22	31943	8
22	31944	8
22	31945	9
22	31946	9
22	31947	9
22	31948	9
22	31949	10
22	31950	10
22	31951	12
22	31952	12
22	31953	12
22	31954	12
22	31955	12
22	31956	12
22	31957	12
22	31958	12
22	31959	11
22	31960	11
22	31961	11
22	31962	11
22	31963	11
22	31964	11
22	31965	11
22	31966	11
22	31967	11
22	31968	11
22	31969	11
22	31970	11
22	31971	11
22	31972	11
22	31973	11
22	31974	11
22	31975	11
22	31976	11
22	31977	11
22	31978	11
22	31979	11
22	31980	11
22	31981	11
22	31982	12
22	31983	12
22	31984	12
22	31985	12
22	31986	12
22	31987	12
22	31988	12
22	31989	12
22	31990	13
22	31991	13
22	31992	13
22	31993	14
22	31994	14
22	31995	14
22	31996	14
22	31997	14
22	31998	14
22	31999	14
22	32000	14
22	32001	15
22	32002	15
22	32003	17
22	32004	17
22	32005	17
22	32006	17
22	32007	17
22	32008	17
22	32009	17
22	32010	17
22	32011	17
22	32012	17
22	32013	17
22	32014	17
22	32015	17
22	32016	17
22	32017	17
22	32018	17
22	32019	17
22	32020	17
22	32021	17
22	32022	17
22	32023	17
22	32024	17
22	32025	17
22	32026	17
22	32027	17
22	32028	17
22	32029	17
22	32030	16
22	32031	15
22	32032	15
22	32033	15
22	32034	15
22	32035	15
22	32036	15
22	32037	15
22	32038	14
22	32039	14
22	32040	14
22	32041	14
22	32042	14
22	32043	14
22	32044	14
22	32045	15
22	32046	15
22	32047	15
22	32048	15
22	32049	16
22	32050	17
22	32051	17
22	32052	17
22	32053	17
22	32054	18
22	32055	18
22	32056	20
22	32057	19
22	32058	19
22	32059	19
22	32060	19
22	32061	19
22	32062	19
22	32063	19
22	32064	19
22	32065	19
22	32066	19
22	32067	19
22	32068	19
22	32069	19
22	32070	19
22	32071	19
22	32072	19
22	32073	19
22	32074	19
22	32075	19
22	32076	19
22	32077	17
22	32078	17
22	32079	18
22	32080	18
22	32081	18
22	32082	18
22	32083	18
22	32084	18
22	32085	18
22	32086	18
22	32087	18
22	32088	18
22	32089	18
22	32090	18
22	32091	18
22	32092	18
22	32093	18
22	32094	18
22	32095	19
22	32096	19
22	32097	19
22	32098	19
22	32099	18
22	32100	18
22	32101	16
22	32102	16
22	32103	16
22	32104	16
22	32105	16
22	32106	17
22	32107	17
22	32108	20
22	32109	20
22	32110	20
22	32111	20
22	32112	20
22	32113	20
22	32114	20
22	32115	20
22	32116	20
22	32117	20
22	32118	21
22	32119	21
22	32120	21
22	32121	21
22	32122	21
22	32123	22
22	32124	22
22	32125	22
22	32126	22
22	32127	21
22	32128	20
22	32129	21
22	32130	21
22	32131	21
22	32132	20
22	32133	20
22	32134	20
22	32135	20
22	32136	20
22	32137	20
22	32138	20
22	32139	19
22	32140	18
22	32141	18
22	32142	18
22	32143	18
22	32144	18
22	32145	18
22	32146	18
22	32147	18
22	32148	18
22	32149	18
22	32150	18
22	32151	18
22	32152	16
22	32153	16
22	32154	16
22	32155	16
22	32156	16
22	32157	16
22	32158	16
22	32159	16
22	32160	16
22	32161	16
22	32162	16
22	32163	16
22	32164	16
22	32165	17
22	32166	17
22	32167	17
22	32168	19
22	32169	19
22	32170	19
22	32171	19
22	32172	19
22	32173	19
22	32174	19
22	32175	19
22	32176	19
22	32177	19
22	32178	19
22	32179	19
22	32180	19
22	32181	19
22	32182	19
22	32183	19
22	32184	19
22	32185	20
22	32186	20
22	32187	24
22	32188	24
22	32189	24
22	32190	25
22	32191	28
22	32192	28
22	32193	28
22	32194	28
22	32195	28
22	32196	31
22	32197	30
22	32198	30
22	32199	28
22	32200	29
22	32201	29
22	32202	29
22	32203	29
22	32204	28
22	32205	26
22	32206	27
22	32207	27
22	32208	27
22	32209	28
22	32210	28
22	32211	28
22	32212	29
22	32213	29
22	32214	29
22	32215	29
22	32216	29
22	32217	29
22	32218	29
22	32219	29
22	32220	29
22	32221	29
22	32222	29
22	32223	29
22	32224	29
22	32225	29
22	32226	29
22	32227	29
22	32228	29
22	32229	28
22	32230	28
22	32231	28
22	32232	28
22	32233	29
22	32234	29
22	32235	29
22	32236	29
22	32237	29
22	32238	29
22	32239	29
22	32240	29
22	32241	29
22	32242	28
22	32243	28
22	32244	28
22	32245	28
22	32246	28
22	32247	28
22	32248	28
22	32249	28
22	32250	28
22	32251	28
22	32252	28
22	32253	28
22	32254	28
22	32255	27
22	32256	27
22	32257	27
22	32258	22
22	32259	22
22	32260	22
22	32261	22
22	32262	22
22	32263	22
22	32264	22
22	32265	22
22	32266	22
22	32267	22
22	32268	21
22	32269	21
22	32270	21
22	32271	21
22	32272	22
22	32273	21
22	32274	21
22	32275	21
22	32276	21
22	32277	21
22	32278	21
22	32279	21
22	32280	21
22	32281	21
22	32282	21
22	32283	21
22	32284	21
22	32285	21
22	32286	21
22	32287	21
22	32288	19
22	32289	19
22	32290	19
22	32291	19
22	32292	19
22	32293	19
22	32294	19
22	32295	19
22	32296	19
22	32297	19
22	32298	18
22	32299	18
22	32300	18
22	32301	18
22	32302	18
22	32303	18
22	32304	18
22	32305	18
22	32306	18
22	32307	18
22	32308	18
22	32309	18
22	32310	18
22	32311	18
22	32312	18
22	32313	18
22	32314	18
22	32315	17
22	32316	17
22	32317	18
22	32318	18
22	32319	18
22	32320	18
22	32321	18
22	32322	18
22	32323	18
22	32324	18
22	32325	18
22	32326	18
22	32327	18
22	32328	18
22	32329	18
22	32330	18
22	32331	18
22	32332	18
22	32333	18
22	32334	17
22	32335	17
22	32336	17
22	32337	13
22	32338	13
22	32339	12
22	32340	16
22	32341	16
22	32342	16
22	32343	16
22	32344	16
22	32345	15
22	32346	15
22	32347	15
22	32348	15
22	32349	15
22	32350	14
22	32351	14
22	32352	14
22	32353	14
22	32354	14
22	32355	13
22	32356	15
22	32357	15
22	32358	14
22	32359	14
22	32360	14
22	32361	14
22	32362	14
22	32363	14
22	32364	14
22	32365	14
22	32366	14
22	32367	14
22	32368	14
22	32369	14
22	32370	14
22	32371	14
22	32372	14
22	32373	14
22	32374	14
22	32375	14
22	32376	14
22	32377	14
22	32378	14
22	32379	14
22	32380	14
22	32381	13
22	32382	13
22	32383	13
22	32384	12
22	32385	12
22	32386	12
22	32387	12
22	32388	12
22	32389	15
22	32390	15
22	32391	15
22	32392	15
22	32393	15
22	32394	15
22	32395	15
22	32396	15
22	32397	15
22	32398	16
22	32399	16
22	32400	16
22	32401	16
22	32402	16
22	32403	16
22	32404	16
22	32405	17
22	32406	17
22	32407	17
22	32408	17
22	32409	19
22	32410	19
22	32411	19
22	32412	19
22	32413	19
22	32414	19
22	32415	19
22	32416	19
22	32417	19
22	32418	19
22	32419	21
22	32420	21
22	32421	20
22	32422	22
22	32423	22
22	32424	22
22	32425	23
22	32426	23
22	32427	24
22	32428	24
22	32429	24
22	32430	24
22	32431	22
22	32432	22
22	32433	22
22	32434	22
22	32435	22
22	32436	22
22	32437	22
22	32438	22
22	32439	22
22	32440	22
22	32441	22
22	32442	23
22	32443	23
22	32444	23
22	32445	25
22	32446	25
22	32447	25
22	32448	25
22	32449	25
22	32450	25
22	32451	25
22	32452	25
22	32453	25
22	32454	25
22	32455	25
22	32456	25
22	32457	29
22	32458	29
22	32459	27
22	32460	27
22	32461	27
22	32462	27
22	32463	27
22	32464	27
22	32465	27
22	32466	21
22	32467	21
22	32468	22
22	32469	22
22	32470	22
22	32471	22
22	32472	22
22	32473	22
22	32474	23
22	32475	24
22	32476	25
22	32477	25
22	32478	25
22	32479	25
22	32480	25
22	32481	26
22	32482	26
22	32483	28
22	32484	29
22	32485	29
22	32486	30
22	32487	30
22	32488	30
22	32489	30
22	32490	30
22	32491	30
22	32492	30
22	32493	30
22	32494	30
22	32495	32
22	32496	32
22	32497	32
22	32498	32
22	32499	32
22	32500	32
22	32501	32
22	32502	32
22	32503	33
22	32504	33
22	32505	33
22	32506	31
22	32507	31
22	32508	31
22	32509	31
22	32510	32
22	32511	32
22	32512	33
22	32513	34
22	32514	34
22	32515	34
22	32516	34
22	32517	34
22	32518	34
22	32519	34
22	32520	34
22	32521	34
22	32522	34
22	32523	34
22	32524	34
22	32525	34
22	32526	34
22	32527	34
22	32528	36
22	32529	36
22	32530	36
22	32531	36
22	32532	35
22	32533	35
22	32534	35
22	32535	35
22	32536	35
22	32537	34
22	32538	36
22	32539	36
22	32540	36
22	32541	36
22	32542	36
22	32543	36
22	32544	36
22	32545	36
22	32546	36
22	32547	36
22	32548	36
22	32549	35
22	32550	35
22	32551	35
22	32552	35
22	32553	35
22	32554	40
22	32555	39
22	32556	39
22	32557	39
22	32558	39
22	32559	37
22	32560	37
22	32561	37
22	32562	38
22	32563	38
22	32564	38
22	32565	38
22	32566	38
22	32567	38
22	32568	38
22	32569	36
22	32570	40
22	32571	40
22	32572	38
22	32573	39
22	32574	39
22	32575	40
22	32576	39
22	32577	39
22	32578	39
22	32579	39
22	32580	40
22	32581	40
22	32582	40
22	32583	40
22	32584	40
22	32585	40
22	32586	40
22	32587	40
22	32588	40
22	32589	41
22	32590	41
22	32591	41
22	32592	40
22	32593	40
22	32594	39
22	32595	39
22	32596	39
22	32597	39
22	32598	39
22	32599	39
22	32600	39
22	32601	39
22	32602	39
22	32603	39
22	32604	39
22	32605	41
22	32606	41
22	32607	37
22	32608	37
22	32609	37
22	32610	37
22	32611	37
22	32612	37
22	32613	37
22	32614	37
22	32615	37
22	32616	37
22	32617	37
22	32618	36
22	32619	36
22	32620	36
22	32621	36
22	32622	37
22	32623	37
22	32624	36
22	32625	35
22	32626	36
22	32627	36
22	32628	36
22	32629	36
22	32630	36
22	32631	36
22	32632	36
22	32633	34
22	32634	33
22	32635	32
22	32636	32
22	32637	32
22	32638	32
22	32639	32
22	32640	32
22	32641	32
22	32642	32
22	32643	32
22	32644	32
22	32645	30
22	32646	30
22	32647	31
22	32648	31
22	32649	31
22	32650	31
22	32651	31
22	32652	31
22	32653	31
22	32654	31
22	32655	31
22	32656	31
22	32657	31
22	32658	31
22	32659	31
22	32660	30
22	32661	30
22	32662	29
22	32663	28
22	32664	28
22	32665	28
22	32666	28
22	32667	28
22	32668	28
22	32669	29
22	32670	29
22	32671	29
22	32672	30
22	32673	30
22	32674	30
22	32675	30
22	32676	30
22	32677	29
22	32678	28
22	32679	28
22	32680	28
22	32681	28
22	32682	29
22	32683	29
22	32684	29
22	32685	30
22	32686	28
22	32687	29
22	32688	30
22	32689	30
22	32690	30
22	32691	30
22	32692	31
22	32693	32
22	32694	32
22	32695	32
22	32696	32
22	32697	31
22	32698	31
22	32699	31
22	32700	33
22	32701	33
22	32702	28
22	32703	28
22	32704	28
22	32705	28
22	32706	28
22	32707	28
22	32708	28
22	32709	28
22	32710	28
22	32711	27
22	32712	27
22	32713	27
22	32714	27
22	32715	28
22	32716	28
22	32717	29
22	32718	29
22	32719	29
22	32720	25
22	32721	25
22	32722	25
22	32723	23
22	32724	23
22	32725	22
22	32726	22
22	32727	22
22	32728	22
22	32729	22
22	32730	21
22	32731	21
22	32732	21
22	32733	21
22	32734	21
22	32735	23
22	32736	23
22	32737	23
22	32738	22
22	32739	22
22	32740	22
22	32741	22
22	32742	22
22	32743	22
22	32744	22
22	32745	23
22	32746	23
22	32747	23
22	32748	23
22	32749	23
22	32750	23
22	32751	23
22	32752	23
22	32753	23
22	32754	21
22	32755	21
22	32756	21
22	32757	21
22	32758	21
22	32759	21
22	32760	21
22	32761	21
22	32762	21
22	32763	21
22	32764	21
22	32765	21
22	32766	21
22	32767	21
22	32768	21
22	32769	21
22	32770	21
22	32771	21
22	32772	20
22	32773	20
22	32774	19
22	32775	19
22	32776	18
22	32777	18
22	32778	18
22	32779	19
22	32780	19
22	32781	18
22	32782	18
22	32783	18
22	32784	18
22	32785	18
22	32786	18
22	32787	18
22	32788	18
22	32789	18
22	32790	18
22	32791	18
22	32792	18
22	32793	18
22	32794	18
22	32795	18
22	32796	17
22	32797	17
22	32798	17
22	32799	17
22	32800	17
22	32801	17
22	32802	17
22	32803	16
22	32804	16
22	32805	16
22	32806	16
22	32807	16
22	32808	16
22	32809	17
22	32810	17
22	32811	17
22	32812	17
22	32813	17
22	32814	17
22	32815	17
22	32816	17
22	32817	17
22	32818	16
22	32819	16
22	32820	16
22	32821	16
22	32822	15
22	32823	15
22	32824	15
22	32825	15
22	32826	15
22	32827	15
22	32828	15
22	32829	15
22	32830	15
22	32831	15
22	32832	14
22	32833	14
22	32834	14
22	32835	14
22	32836	14
22	32837	14
22	32838	13
22	32839	13
22	32840	15
22	32841	14
22	32842	14
22	32843	14
22	32844	15
22	32845	15
22	32846	15
22	32847	15
22	32848	15
22	32849	15
22	32850	13
22	32851	13
22	32852	13
22	32853	13
22	32854	13
22	32855	13
22	32856	13
22	32857	13
22	32858	14
22	32859	14
22	32860	14
22	32861	14
22	32862	14
22	32863	14
22	32864	15
22	32865	14
22	32866	13
22	32867	13
22	32868	13
22	32869	13
22	32870	13
22	32871	13
22	32872	13
22	32873	13
22	32874	13
22	32875	13
22	32876	13
22	32877	13
22	32878	13
22	32879	13
22	32880	13
22	32881	13
22	32882	13
22	32883	13
22	32884	13
22	32885	12
22	32886	12
22	32887	12
22	32888	12
22	32889	12
22	32890	12
22	32891	12
22	32892	12
22	32893	12
22	32894	12
22	32895	11
22	32896	11
22	32897	11
22	32898	11
22	32899	11
22	32900	11
22	32901	11
22	32902	11
22	32903	11
22	32904	11
22	32905	11
22	32906	11
22	32907	11
22	32908	11
22	32909	11
22	32910	11
22	32911	11
22	32912	11
22	32913	11
22	32914	11
22	32915	11
22	32916	11
22	32917	11
22	32918	11
22	32919	11
22	32920	13
22	32921	13
22	32922	13
22	32923	13
22	32924	13
22	32925	13
22	32926	13
22	32927	13
22	32928	13
22	32929	12
22	32930	12
22	32931	12
22	32932	12
22	32933	12
22	32934	12
22	32935	12
22	32936	12
22	32937	12
22	32938	12
22	32939	12
22	32940	12
22	32941	12
22	32942	12
22	32943	12
22	32944	12
22	32945	12
22	32946	12
22	32947	12
22	32948	12
22	32949	12
22	32950	12
22	32951	12
22	32952	12
22	32953	12
22	32954	12
22	32955	12
22	32956	12
22	32957	12
22	32958	11
22	32959	11
22	32960	11
22	32961	11
22	32962	11
22	32963	11
22	32964	11
22	32965	11
22	32966	11
22	32967	11
22	32968	11
22	32969	11
22	32970	11
22	32971	11
22	32972	11
22	32973	11
22	32974	11
22	32975	11
22	32976	11
22	32977	11
22	32978	11
22	32979	11
22	32980	11
22	32981	11
22	32982	11
22	32983	11
22	32984	10
22	32985	10
22	32986	10
22	32987	9
22	32988	9
22	32989	9
22	32990	9
22	32991	9
22	32992	8
22	32993	8
22	32994	7
22	32995	7
22	32996	7
22	32997	7
22	32998	7
22	32999	7
22	33000	7
22	33001	7
22	33002	7
22	33003	7
22	33004	7
22	33005	7
22	33006	7
22	33007	7
22	33008	7
22	33009	7
22	33010	7
22	33011	7
22	33012	6
22	33013	6
22	33014	6
22	33015	7
22	33016	7
22	33017	7
22	33018	7
22	33019	7
22	33020	7
22	33021	7
22	33022	7
22	33023	7
22	33024	7
22	33025	7
22	33026	7
22	33027	7
22	33028	7
22	33029	7
22	33030	7
22	33031	7
22	33032	7
22	33033	7
22	33034	7
22	33035	6
22	33036	6
22	33037	6
22	33038	6
22	33039	6
22	33040	6
22	33041	7
22	33042	7
22	33043	7
22	33044	7
22	33045	7
22	33046	7
22	33047	7
22	33048	7
22	33049	7
22	33050	7
22	33051	7
22	33052	7
22	33053	7
22	33054	7
22	33055	7
22	33056	7
22	33057	7
22	33058	7
22	33059	7
22	33060	7
22	33061	7
22	33062	7
22	33063	7
22	33064	7
22	33065	7
22	33066	7
22	33067	9
22	33068	9
22	33069	11
22	33070	11
22	33071	11
22	33072	11
22	33073	11
22	33074	11
22	33075	11
22	33076	11
22	33077	11
22	33078	11
22	33079	11
22	33080	11
22	33081	11
22	33082	11
22	33083	11
22	33084	11
22	33085	11
22	33086	11
22	33087	11
22	33088	11
22	33089	11
22	33090	11
22	33091	11
22	33092	11
22	33093	11
22	33094	11
22	33095	11
22	33096	11
22	33097	11
22	33098	11
22	33099	11
22	33100	11
22	33101	11
22	33102	11
22	33103	11
22	33104	11
22	33105	11
22	33106	11
22	33107	11
22	33108	11
22	33109	11
22	33110	11
22	33111	11
22	33112	11
22	33113	11
22	33114	11
22	33115	11
22	33116	11
22	33117	12
22	33118	12
22	33119	12
22	33120	12
22	33121	12
22	33122	13
22	33123	13
22	33124	13
22	33125	13
22	33126	13
22	33127	14
22	33128	14
22	33129	15
22	33130	13
22	33131	13
22	33132	13
22	33133	13
22	33134	13
22	33135	13
22	33136	13
22	33137	13
22	33138	13
22	33139	13
22	33140	13
22	33141	13
22	33142	13
22	33143	14
22	33144	14
22	33145	14
22	33146	14
22	33147	14
22	33148	14
22	33149	14
22	33150	14
22	33151	14
22	33152	14
22	33153	14
22	33154	14
22	33155	16
22	33156	14
22	33157	15
22	33158	15
22	33159	15
22	33160	15
22	33161	15
22	33162	15
22	33163	15
22	33164	15
22	33165	14
22	33166	15
22	33167	15
22	33168	15
22	33169	15
22	33170	15
22	33171	15
22	33172	15
22	33173	15
22	33174	15
22	33175	15
22	33176	15
22	33177	15
22	33178	15
22	33179	15
22	33180	15
22	33181	15
22	33182	15
22	33183	15
22	33184	15
22	33185	15
22	33186	16
22	33187	16
22	33188	17
22	33189	17
22	33190	14
22	33191	14
22	33192	14
22	33193	14
22	33194	14
22	33195	14
22	33196	14
22	33197	14
22	33198	14
22	33199	14
22	33200	14
22	33201	14
22	33202	14
22	33203	14
22	33204	14
22	33205	15
22	33206	15
22	33207	15
22	33208	15
22	33209	15
22	33210	15
22	33211	15
22	33212	15
22	33213	15
22	33214	15
22	33215	15
22	33216	15
22	33217	13
22	33218	13
22	33219	13
22	33220	13
22	33221	13
22	33222	13
22	33223	13
22	33224	14
22	33225	14
22	33226	14
22	33227	14
22	33228	14
22	33229	15
22	33230	15
22	33231	15
22	33232	15
22	33233	15
22	33234	15
22	33235	15
22	33236	15
22	33237	15
22	33238	15
22	33239	15
22	33240	15
22	33241	15
22	33242	15
22	33243	15
22	33244	15
22	33245	15
22	33246	15
22	33247	16
22	33248	16
22	33249	16
22	33250	16
22	33251	16
22	33252	17
22	33253	17
22	33254	17
22	33255	17
22	33256	17
22	33257	17
22	33258	18
22	33259	18
22	33260	18
22	33261	19
22	33262	19
22	33263	19
22	33264	19
22	33265	19
22	33266	19
22	33267	19
22	33268	20
22	33269	19
22	33270	19
22	33271	20
22	33272	20
22	33273	20
22	33274	20
22	33275	21
22	33276	23
22	33277	22
22	33278	23
22	33279	22
22	33280	22
22	33281	22
22	33282	23
22	33283	22
22	33284	22
22	33285	22
22	33286	22
22	33287	22
22	33288	22
22	33289	23
22	33290	23
22	33291	23
22	33292	24
22	33293	23
22	33294	23
22	33295	23
22	33296	23
22	33297	23
22	33298	23
22	33299	23
22	33300	23
22	33301	24
22	33302	24
22	33303	24
22	33304	24
22	33305	22
22	33306	22
22	33307	21
22	33308	21
22	33309	22
22	33310	23
22	33311	23
22	33312	23
22	33313	23
22	33314	23
22	33315	24
22	33316	23
22	33317	23
22	33318	23
22	33319	23
22	33320	23
22	33321	24
22	33322	24
22	33323	24
22	33324	24
22	33325	24
22	33326	25
22	33327	25
22	33328	25
22	33329	25
22	33330	25
22	33331	25
22	33332	25
22	33333	26
22	33334	26
22	33335	25
22	33336	25
22	33337	25
22	33338	24
22	33339	24
22	33340	25
22	33341	25
22	33342	26
22	33343	26
22	33344	26
22	33345	26
22	33346	26
22	33347	26
22	33348	26
22	33349	26
22	33350	26
22	33351	26
22	33352	26
22	33353	26
22	33354	25
22	33355	26
22	33356	26
22	33357	26
22	33358	26
22	33359	26
22	33360	26
22	33361	26
22	33362	26
22	33363	27
22	33364	27
22	33365	27
22	33366	27
22	33367	27
22	33368	27
22	33369	27
22	33370	27
22	33371	26
22	33372	26
22	33373	26
22	33374	26
22	33375	26
22	33376	26
22	33377	26
22	33378	25
22	33379	25
22	33380	25
22	33381	26
22	33382	27
22	33383	27
22	33384	27
22	33385	27
22	33386	27
22	33387	27
22	33388	27
22	33389	27
22	33390	27
22	33391	27
22	33392	27
22	33393	27
22	33394	29
22	33395	29
22	33396	29
22	33397	28
22	33398	29
22	33399	29
22	33400	29
22	33401	28
22	33402	29
22	33403	29
22	33404	29
22	33405	29
22	33406	29
22	33407	29
22	33408	28
22	33409	28
22	33410	29
22	33411	28
22	33412	28
22	33413	29
22	33414	29
22	33415	29
22	33416	28
22	33417	29
22	33418	28
22	33419	28
22	33420	28
22	33421	27
22	33422	27
22	33423	27
22	33424	27
22	33425	24
22	33426	23
22	33427	23
22	33428	24
22	33429	24
22	33430	24
22	33431	24
22	33432	23
22	33433	23
22	33434	23
22	33435	24
22	33436	24
22	33437	24
22	33438	23
22	33439	22
22	33440	22
22	33441	22
22	33442	22
22	33443	22
22	33444	22
22	33445	22
22	33446	24
22	33447	24
22	33448	24
22	33449	24
22	33450	23
22	33451	23
22	33452	24
22	33453	24
22	33454	24
22	33455	24
22	33456	24
22	33457	25
22	33458	25
22	33459	26
22	33460	25
22	33461	26
22	33462	26
22	33463	26
22	33464	26
22	33465	25
22	33466	26
22	33467	26
22	33468	26
22	33469	26
22	33470	25
22	33471	25
22	33472	25
22	33473	25
22	33474	25
22	33475	25
22	33476	25
22	33477	25
22	33478	25
22	33479	25
22	33480	25
22	33481	26
22	33482	26
22	33483	28
22	33484	28
22	33485	28
22	33486	28
22	33487	28
22	33488	28
22	33489	28
22	33490	27
22	33491	27
22	33492	26
22	33493	26
22	33494	26
22	33495	26
22	33496	26
22	33497	27
22	33498	27
22	33499	27
22	33500	27
22	33501	27
22	33502	27
22	33503	27
22	33504	27
22	33505	26
22	33506	26
22	33507	26
22	33508	26
22	33509	26
22	33510	26
22	33511	26
22	33512	26
22	33513	25
22	33514	25
22	33515	25
22	33516	25
22	33517	25
22	33518	25
22	33519	25
22	33520	25
22	33521	27
22	33522	27
22	33523	27
22	33524	27
22	33525	28
22	33526	28
22	33527	28
22	33528	28
22	33529	29
22	33530	29
22	33531	28
22	33532	27
22	33533	27
22	33534	27
22	33535	27
22	33536	27
22	33537	27
22	33538	27
22	33539	27
22	33540	29
22	33541	29
22	33542	29
22	33543	27
22	33544	27
22	33545	27
22	33546	27
22	33547	27
22	33548	29
22	33549	30
22	33550	30
22	33551	30
22	33552	29
22	33553	29
22	33554	31
22	33555	31
22	33556	31
22	33557	31
22	33558	32
