22	15502	44
22	15503	44
22	15504	44
22	15505	45
22	15506	45
22	15507	44
22	15508	44
22	15509	44
22	15510	42
22	15511	42
22	15512	42
22	15513	43
22	15514	44
22	15515	44
22	15516	44
22	15517	44
22	15518	44
22	15519	44
22	15520	46
22	15521	46
22	15522	47
22	15523	47
22	15524	48
22	15525	47
22	15526	47
22	15527	47
22	15528	47
22	15529	45
22	15530	46
22	15531	47
22	15532	47
22	15533	47
22	15534	46
22	15535	46
22	15536	46
22	15537	49
22	15538	50
22	15539	49
22	15540	50
22	15541	49
22	15542	46
22	15543	46
22	15544	46
22	15545	45
22	15546	44
22	15547	44
22	15548	47
22	15549	47
22	15550	45
22	15551	45
22	15552	47
22	15553	48
22	15554	48
22	15555	48
22	15556	48
22	15557	47
22	15558	47
22	15559	47
22	15560	47
22	15561	44
22	15562	44
22	15563	44
22	15564	44
22	15565	44
22	15566	44
22	15567	47
22	15568	47
22	15569	47
22	15570	47
22	15571	47
22	15572	47
22	15573	47
22	15574	47
22	15575	49
22	15576	51
22	15577	51
22	15578	51
22	15579	50
22	15580	50
22	15581	50
22	15582	51
22	15583	51
22	15584	51
22	15585	51
22	15586	51
22	15587	51
22	15588	51
22	15589	51
22	15590	51
22	15591	52
22	15592	51
22	15593	51
22	15594	51
22	15595	51
22	15596	52
22	15597	52
22	15598	51
22	15599	51
22	15600	52
22	15601	52
22	15602	52
22	15603	53
22	15604	53
22	15605	53
22	15606	53
22	15607	53
22	15608	53
22	15609	53
22	15610	53
22	15611	53
22	15612	53
22	15613	53
22	15614	53
22	15615	55
22	15616	55
22	15617	55
22	15618	55
22	15619	53
22	15620	53
22	15621	55
22	15622	54
22	15623	51
22	15624	51
22	15625	51
22	15626	53
22	15627	53
22	15628	53
22	15629	53
22	15630	53
22	15631	54
22	15632	54
22	15633	54
22	15634	50
22	15635	48
22	15636	49
22	15637	49
22	15638	50
22	15639	50
22	15640	51
22	15641	51
22	15642	53
22	15643	53
22	15644	53
22	15645	53
22	15646	53
22	15647	53
22	15648	53
22	15649	54
22	15650	55
22	15651	55
22	15652	55
22	15653	55
22	15654	55
22	15655	54
22	15656	52
22	15657	52
22	15658	50
22	15659	50
22	15660	50
22	15661	49
22	15662	49
22	15663	50
22	15664	49
22	15665	50
22	15666	51
22	15667	51
22	15668	51
22	15669	48
22	15670	48
22	15671	49
22	15672	46
22	15673	45
22	15674	45
22	15675	45
22	15676	45
22	15677	45
22	15678	45
22	15679	45
22	15680	44
22	15681	45
22	15682	45
22	15683	46
22	15684	46
22	15685	46
22	15686	46
22	15687	44
22	15688	45
22	15689	45
22	15690	44
22	15691	45
22	15692	45
22	15693	46
22	15694	48
22	15695	49
22	15696	49
22	15697	48
22	15698	48
22	15699	47
22	15700	47
22	15701	46
22	15702	46
22	15703	46
22	15704	46
22	15705	46
22	15706	46
22	15707	46
22	15708	47
22	15709	48
22	15710	48
22	15711	49
22	15712	49
22	15713	49
22	15714	51
22	15715	51
22	15716	51
22	15717	49
22	15718	48
22	15719	49
22	15720	49
22	15721	48
22	15722	48
22	15723	48
22	15724	48
22	15725	47
22	15726	45
22	15727	45
22	15728	45
22	15729	45
22	15730	45
22	15731	44
22	15732	44
22	15733	44
22	15734	44
22	15735	45
22	15736	48
22	15737	49
22	15738	49
22	15739	49
22	15740	49
22	15741	51
22	15742	51
22	15743	52
22	15744	54
22	15745	56
22	15746	55
22	15747	55
22	15748	55
22	15749	57
22	15750	56
22	15751	57
22	15752	56
22	15753	58
22	15754	58
22	15755	58
22	15756	60
22	15757	60
22	15758	60
22	15759	60
22	15760	64
22	15761	67
22	15762	66
22	15763	66
22	15764	62
22	15765	65
22	15766	65
22	15767	67
22	15768	67
22	15769	67
22	15770	65
22	15771	66
22	15772	68
22	15773	68
22	15774	68
22	15775	68
22	15776	66
22	15777	67
22	15778	67
22	15779	68
22	15780	68
22	15781	67
22	15782	67
22	15783	67
22	15784	67
22	15785	67
22	15786	64
22	15787	64
22	15788	63
22	15789	63
22	15790	63
22	15791	64
22	15792	61
22	15793	62
22	15794	62
22	15795	62
22	15796	62
22	15797	62
22	15798	62
22	15799	59
22	15800	60
22	15801	60
22	15802	60
22	15803	60
22	15804	60
22	15805	60
22	15806	61
22	15807	61
22	15808	61
22	15809	61
22	15810	61
22	15811	63
22	15812	63
22	15813	61
22	15814	61
22	15815	59
22	15816	59
22	15817	63
22	15818	65
22	15819	65
22	15820	63
22	15821	64
22	15822	64
22	15823	64
22	15824	64
22	15825	64
22	15826	64
22	15827	64
22	15828	65
22	15829	64
22	15830	63
22	15831	63
22	15832	62
22	15833	62
22	15834	62
22	15835	62
22	15836	62
22	15837	62
22	15838	62
22	15839	62
22	15840	62
22	15841	61
22	15842	60
22	15843	58
22	15844	59
22	15845	58
22	15846	58
22	15847	58
22	15848	59
22	15849	59
22	15850	59
22	15851	61
22	15852	64
22	15853	64
22	15854	65
22	15855	69
22	15856	70
22	15857	69
22	15858	68
22	15859	68
22	15860	68
22	15861	67
22	15862	67
22	15863	65
22	15864	65
22	15865	65
22	15866	65
22	15867	65
22	15868	65
22	15869	66
22	15870	68
22	15871	68
22	15872	68
22	15873	68
22	15874	73
22	15875	73
22	15876	74
22	15877	74
22	15878	74
22	15879	74
22	15880	74
22	15881	74
22	15882	74
22	15883	71
22	15884	70
22	15885	68
22	15886	67
22	15887	68
22	15888	68
22	15889	68
22	15890	68
22	15891	65
22	15892	64
22	15893	64
22	15894	60
22	15895	60
22	15896	59
22	15897	59
22	15898	59
22	15899	59
22	15900	58
22	15901	58
22	15902	58
22	15903	56
22	15904	56
22	15905	55
22	15906	54
22	15907	54
22	15908	54
22	15909	54
22	15910	47
22	15911	47
22	15912	47
22	15913	49
22	15914	49
22	15915	49
22	15916	49
22	15917	49
22	15918	49
22	15919	49
22	15920	49
22	15921	49
22	15922	47
22	15923	47
22	15924	47
22	15925	47
22	15926	47
22	15927	46
22	15928	45
22	15929	45
22	15930	45
22	15931	46
22	15932	46
22	15933	46
22	15934	46
22	15935	46
22	15936	46
22	15937	46
22	15938	45
22	15939	45
22	15940	45
22	15941	44
22	15942	44
22	15943	43
22	15944	43
22	15945	43
22	15946	43
22	15947	44
22	15948	44
22	15949	45
22	15950	44
22	15951	45
22	15952	47
22	15953	48
22	15954	48
22	15955	47
22	15956	47
22	15957	47
22	15958	47
22	15959	48
22	15960	47
22	15961	46
22	15962	46
22	15963	46
22	15964	46
22	15965	46
22	15966	43
22	15967	42
22	15968	41
22	15969	41
22	15970	41
22	15971	40
22	15972	40
22	15973	40
22	15974	41
22	15975	41
22	15976	41
22	15977	41
22	15978	40
22	15979	40
22	15980	40
22	15981	40
22	15982	40
22	15983	40
22	15984	41
22	15985	41
22	15986	42
22	15987	42
22	15988	41
22	15989	41
22	15990	41
22	15991	41
22	15992	42
22	15993	42
22	15994	41
22	15995	41
22	15996	46
22	15997	46
22	15998	48
22	15999	48
22	16000	42
22	16001	42
22	16002	39
22	16003	39
22	16004	38
22	16005	37
22	16006	40
22	16007	40
22	16008	40
22	16009	41
22	16010	41
22	16011	41
22	16012	41
22	16013	41
22	16014	41
22	16015	41
22	16016	41
22	16017	42
22	16018	44
22	16019	43
22	16020	41
22	16021	41
22	16022	42
22	16023	42
22	16024	37
22	16025	37
22	16026	36
22	16027	36
22	16028	36
22	16029	36
22	16030	39
22	16031	39
22	16032	39
22	16033	39
22	16034	40
22	16035	40
22	16036	44
22	16037	44
22	16038	44
22	16039	44
22	16040	45
22	16041	45
22	16042	45
22	16043	48
22	16044	48
22	16045	49
22	16046	49
22	16047	50
22	16048	50
22	16049	50
22	16050	50
22	16051	50
22	16052	50
22	16053	50
22	16054	51
22	16055	49
22	16056	51
22	16057	51
22	16058	54
22	16059	54
22	16060	55
22	16061	56
22	16062	51
22	16063	51
22	16064	52
22	16065	52
22	16066	54
22	16067	54
22	16068	54
22	16069	54
22	16070	54
22	16071	54
22	16072	54
22	16073	54
22	16074	55
22	16075	58
22	16076	60
22	16077	60
22	16078	60
22	16079	60
22	16080	60
22	16081	60
22	16082	60
22	16083	62
22	16084	62
22	16085	62
22	16086	62
22	16087	62
22	16088	62
22	16089	62
22	16090	63
22	16091	68
22	16092	69
22	16093	69
22	16094	71
22	16095	71
22	16096	71
22	16097	70
22	16098	74
22	16099	74
22	16100	74
22	16101	73
22	16102	71
22	16103	70
22	16104	70
22	16105	70
22	16106	70
22	16107	70
22	16108	67
22	16109	67
22	16110	67
22	16111	66
22	16112	66
22	16113	66
22	16114	66
22	16115	66
22	16116	66
22	16117	66
22	16118	66
22	16119	68
22	16120	70
22	16121	70
22	16122	70
22	16123	70
22	16124	69
22	16125	69
22	16126	69
22	16127	69
22	16128	69
22	16129	67
22	16130	67
22	16131	67
22	16132	67
22	16133	66
22	16134	66
22	16135	66
22	16136	65
22	16137	66
22	16138	69
22	16139	69
22	16140	69
22	16141	68
22	16142	68
22	16143	68
22	16144	68
22	16145	69
22	16146	66
22	16147	63
22	16148	61
22	16149	61
22	16150	61
22	16151	61
22	16152	61
22	16153	61
22	16154	61
22	16155	60
22	16156	60
22	16157	60
22	16158	60
22	16159	59
22	16160	59
22	16161	59
22	16162	59
22	16163	59
22	16164	59
22	16165	55
22	16166	55
22	16167	55
22	16168	55
22	16169	55
22	16170	55
22	16171	55
22	16172	54
22	16173	54
22	16174	54
22	16175	54
22	16176	55
22	16177	57
22	16178	57
22	16179	58
22	16180	57
22	16181	57
22	16182	58
22	16183	58
22	16184	57
22	16185	57
22	16186	53
22	16187	54
22	16188	53
22	16189	53
22	16190	53
22	16191	53
22	16192	53
22	16193	50
22	16194	50
22	16195	49
22	16196	48
22	16197	48
22	16198	51
22	16199	51
22	16200	52
22	16201	52
22	16202	52
22	16203	51
22	16204	51
22	16205	52
22	16206	52
22	16207	54
22	16208	53
22	16209	52
22	16210	52
22	16211	51
22	16212	52
22	16213	52
22	16214	52
22	16215	50
22	16216	49
22	16217	49
22	16218	49
22	16219	49
22	16220	50
22	16221	50
22	16222	50
22	16223	49
22	16224	45
22	16225	45
22	16226	44
22	16227	44
22	16228	44
22	16229	44
22	16230	44
22	16231	43
22	16232	45
22	16233	47
22	16234	47
22	16235	47
22	16236	47
22	16237	48
22	16238	48
22	16239	48
22	16240	47
22	16241	42
22	16242	43
22	16243	43
22	16244	41
22	16245	41
22	16246	37
22	16247	37
22	16248	37
22	16249	37
22	16250	38
22	16251	37
22	16252	37
22	16253	37
22	16254	37
22	16255	38
22	16256	38
22	16257	38
22	16258	38
22	16259	40
22	16260	41
22	16261	41
22	16262	41
22	16263	41
22	16264	41
22	16265	43
22	16266	44
22	16267	44
22	16268	42
22	16269	42
22	16270	42
22	16271	42
22	16272	42
22	16273	42
22	16274	44
22	16275	44
22	16276	47
22	16277	48
22	16278	49
22	16279	49
22	16280	49
22	16281	50
22	16282	50
22	16283	50
22	16284	49
22	16285	49
22	16286	49
22	16287	49
22	16288	46
22	16289	46
22	16290	46
22	16291	46
22	16292	46
22	16293	46
22	16294	46
22	16295	45
22	16296	45
22	16297	45
22	16298	47
22	16299	47
22	16300	48
22	16301	48
22	16302	48
22	16303	48
22	16304	49
22	16305	49
22	16306	49
22	16307	49
22	16308	49
22	16309	49
22	16310	50
22	16311	50
22	16312	50
22	16313	51
22	16314	54
22	16315	54
22	16316	54
22	16317	54
22	16318	54
22	16319	57
22	16320	57
22	16321	57
22	16322	57
22	16323	58
22	16324	58
22	16325	57
22	16326	58
22	16327	58
22	16328	57
22	16329	57
22	16330	57
22	16331	57
22	16332	58
22	16333	57
22	16334	57
22	16335	57
22	16336	56
22	16337	56
22	16338	56
22	16339	57
22	16340	57
22	16341	57
22	16342	57
22	16343	57
22	16344	57
22	16345	58
22	16346	59
22	16347	59
22	16348	56
22	16349	56
22	16350	55
22	16351	55
22	16352	55
22	16353	55
22	16354	55
22	16355	54
22	16356	54
22	16357	52
22	16358	52
22	16359	52
22	16360	51
22	16361	51
22	16362	51
22	16363	52
22	16364	51
22	16365	51
22	16366	51
22	16367	51
22	16368	52
22	16369	53
22	16370	53
22	16371	53
22	16372	53
22	16373	54
22	16374	56
22	16375	56
22	16376	56
22	16377	56
22	16378	56
22	16379	56
22	16380	56
22	16381	56
22	16382	53
22	16383	50
22	16384	55
22	16385	55
22	16386	54
22	16387	53
22	16388	53
22	16389	53
22	16390	53
22	16391	52
22	16392	50
22	16393	50
22	16394	51
22	16395	51
22	16396	51
22	16397	50
22	16398	49
22	16399	48
22	16400	47
22	16401	49
22	16402	49
22	16403	49
22	16404	49
22	16405	51
22	16406	51
22	16407	51
22	16408	50
22	16409	49
22	16410	49
22	16411	49
22	16412	49
22	16413	47
22	16414	46
22	16415	46
22	16416	46
22	16417	46
22	16418	46
22	16419	46
22	16420	52
22	16421	52
22	16422	52
22	16423	52
22	16424	50
22	16425	49
22	16426	47
22	16427	45
22	16428	45
22	16429	45
22	16430	45
22	16431	44
22	16432	45
22	16433	45
22	16434	45
22	16435	45
22	16436	45
22	16437	45
22	16438	45
22	16439	46
22	16440	48
22	16441	48
22	16442	48
22	16443	48
22	16444	48
22	16445	48
22	16446	46
22	16447	46
22	16448	44
22	16449	44
22	16450	43
22	16451	43
22	16452	43
22	16453	44
22	16454	43
22	16455	43
22	16456	43
22	16457	43
22	16458	43
22	16459	43
22	16460	43
22	16461	43
22	16462	43
22	16463	42
22	16464	40
22	16465	40
22	16466	40
22	16467	41
22	16468	41
22	16469	41
22	16470	41
22	16471	43
22	16472	43
22	16473	44
22	16474	43
22	16475	42
22	16476	40
22	16477	40
22	16478	43
22	16479	43
22	16480	44
22	16481	44
22	16482	44
22	16483	44
22	16484	45
22	16485	48
22	16486	48
22	16487	47
22	16488	47
22	16489	48
22	16490	48
22	16491	48
22	16492	48
22	16493	48
22	16494	47
22	16495	47
22	16496	47
22	16497	48
22	16498	49
22	16499	49
22	16500	49
22	16501	49
22	16502	49
22	16503	49
22	16504	49
22	16505	49
22	16506	49
22	16507	49
22	16508	49
22	16509	49
22	16510	50
22	16511	50
22	16512	50
22	16513	49
22	16514	49
22	16515	47
22	16516	49
22	16517	49
22	16518	48
22	16519	46
22	16520	46
22	16521	46
22	16522	48
22	16523	48
22	16524	45
22	16525	45
22	16526	45
22	16527	48
22	16528	48
22	16529	48
22	16530	48
22	16531	48
22	16532	47
22	16533	45
22	16534	43
22	16535	43
22	16536	46
22	16537	47
22	16538	47
22	16539	47
22	16540	47
22	16541	49
22	16542	49
22	16543	49
22	16544	48
22	16545	48
22	16546	48
22	16547	49
22	16548	49
22	16549	53
22	16550	54
22	16551	54
22	16552	54
22	16553	54
22	16554	54
22	16555	52
22	16556	53
22	16557	53
22	16558	52
22	16559	53
22	16560	65
22	16561	70
22	16562	70
22	16563	70
22	16564	70
22	16565	70
22	16566	70
22	16567	74
22	16568	74
22	16569	69
22	16570	68
22	16571	68
22	16572	68
22	16573	68
22	16574	68
22	16575	68
22	16576	68
22	16577	68
22	16578	70
22	16579	70
22	16580	70
22	16581	70
22	16582	69
22	16583	69
22	16584	69
22	16585	69
22	16586	69
22	16587	68
22	16588	68
22	16589	66
22	16590	66
22	16591	67
22	16592	68
22	16593	68
22	16594	68
22	16595	68
22	16596	68
22	16597	68
22	16598	70
22	16599	70
22	16600	70
22	16601	70
22	16602	70
22	16603	69
22	16604	69
22	16605	69
22	16606	71
22	16607	72
22	16608	72
22	16609	71
22	16610	71
22	16611	71
22	16612	71
22	16613	71
22	16614	70
22	16615	70
22	16616	70
22	16617	69
22	16618	71
22	16619	70
22	16620	70
22	16621	68
22	16622	68
22	16623	66
22	16624	66
22	16625	63
22	16626	63
22	16627	63
22	16628	63
22	16629	63
22	16630	63
22	16631	62
22	16632	62
22	16633	62
22	16634	62
22	16635	60
22	16636	60
22	16637	59
22	16638	60
22	16639	60
22	16640	60
22	16641	60
22	16642	60
22	16643	61
22	16644	62
22	16645	62
22	16646	65
22	16647	64
22	16648	63
22	16649	63
22	16650	63
22	16651	63
22	16652	63
22	16653	63
22	16654	63
22	16655	63
22	16656	63
22	16657	63
22	16658	63
22	16659	63
22	16660	62
22	16661	62
22	16662	65
22	16663	67
22	16664	68
22	16665	68
22	16666	68
22	16667	68
22	16668	71
22	16669	71
22	16670	72
22	16671	72
22	16672	70
22	16673	71
22	16674	73
22	16675	74
22	16676	74
22	16677	71
22	16678	71
22	16679	71
22	16680	71
22	16681	71
22	16682	71
22	16683	73
22	16684	72
22	16685	71
22	16686	67
22	16687	66
22	16688	67
22	16689	68
22	16690	66
22	16691	67
22	16692	67
22	16693	67
22	16694	67
22	16695	66
22	16696	66
22	16697	65
22	16698	65
22	16699	62
22	16700	62
22	16701	62
22	16702	62
22	16703	62
22	16704	61
22	16705	60
22	16706	60
22	16707	61
22	16708	62
22	16709	64
22	16710	54
22	16711	51
22	16712	52
22	16713	52
22	16714	54
22	16715	54
22	16716	50
22	16717	50
22	16718	50
22	16719	50
22	16720	50
22	16721	51
22	16722	51
22	16723	51
22	16724	51
22	16725	52
22	16726	52
22	16727	49
22	16728	48
22	16729	48
22	16730	48
22	16731	48
22	16732	48
22	16733	48
22	16734	48
22	16735	48
22	16736	48
22	16737	48
22	16738	48
22	16739	49
22	16740	51
22	16741	50
22	16742	49
22	16743	49
22	16744	49
22	16745	49
22	16746	49
22	16747	50
22	16748	49
22	16749	49
22	16750	49
22	16751	49
22	16752	49
22	16753	49
22	16754	51
22	16755	50
22	16756	49
22	16757	49
22	16758	49
22	16759	49
22	16760	49
22	16761	49
22	16762	49
22	16763	49
22	16764	49
22	16765	49
22	16766	49
22	16767	49
22	16768	47
22	16769	47
22	16770	47
22	16771	47
22	16772	47
22	16773	47
22	16774	47
22	16775	47
22	16776	47
22	16777	46
22	16778	46
22	16779	46
22	16780	48
22	16781	49
22	16782	49
22	16783	49
22	16784	49
22	16785	49
22	16786	50
22	16787	49
22	16788	49
22	16789	49
22	16790	49
22	16791	49
22	16792	49
22	16793	48
22	16794	43
22	16795	43
22	16796	44
22	16797	46
22	16798	47
22	16799	47
22	16800	47
22	16801	47
22	16802	48
22	16803	48
22	16804	50
22	16805	52
22	16806	52
22	16807	52
22	16808	52
22	16809	50
22	16810	50
22	16811	51
22	16812	48
22	16813	48
22	16814	48
22	16815	52
22	16816	51
22	16817	51
22	16818	51
22	16819	51
22	16820	51
22	16821	51
22	16822	50
22	16823	48
22	16824	48
22	16825	50
22	16826	50
22	16827	50
22	16828	50
22	16829	50
22	16830	52
22	16831	53
22	16832	52
22	16833	51
22	16834	51
22	16835	51
22	16836	51
22	16837	51
22	16838	49
22	16839	50
22	16840	51
22	16841	50
22	16842	50
22	16843	52
22	16844	52
22	16845	52
22	16846	52
22	16847	53
22	16848	52
22	16849	54
22	16850	55
22	16851	55
22	16852	56
22	16853	56
22	16854	56
22	16855	56
22	16856	58
22	16857	58
22	16858	56
22	16859	56
22	16860	56
22	16861	57
22	16862	57
22	16863	58
22	16864	59
22	16865	59
22	16866	59
22	16867	59
22	16868	59
22	16869	59
22	16870	59
22	16871	58
22	16872	57
22	16873	57
22	16874	57
22	16875	57
22	16876	57
22	16877	56
22	16878	56
22	16879	56
22	16880	56
22	16881	56
22	16882	56
22	16883	56
22	16884	56
22	16885	55
22	16886	58
22	16887	58
22	16888	57
22	16889	57
22	16890	55
22	16891	55
22	16892	55
22	16893	55
22	16894	56
22	16895	56
22	16896	54
22	16897	54
22	16898	54
22	16899	60
22	16900	60
22	16901	59
22	16902	60
22	16903	58
22	16904	58
22	16905	58
22	16906	58
22	16907	58
22	16908	58
22	16909	59
22	16910	62
22	16911	62
22	16912	62
22	16913	62
22	16914	62
22	16915	64
22	16916	64
22	16917	64
22	16918	64
22	16919	64
22	16920	65
22	16921	65
22	16922	67
22	16923	67
22	16924	67
22	16925	68
22	16926	67
22	16927	67
22	16928	67
22	16929	67
22	16930	65
22	16931	64
22	16932	65
22	16933	65
22	16934	65
22	16935	64
22	16936	64
22	16937	64
22	16938	64
22	16939	65
22	16940	65
22	16941	65
22	16942	68
22	16943	68
22	16944	68
22	16945	67
22	16946	65
22	16947	65
22	16948	64
22	16949	64
22	16950	64
22	16951	63
22	16952	63
22	16953	63
22	16954	64
22	16955	63
22	16956	64
22	16957	64
22	16958	64
22	16959	64
22	16960	64
22	16961	63
22	16962	63
22	16963	62
22	16964	62
22	16965	58
22	16966	57
22	16967	57
22	16968	57
22	16969	56
22	16970	56
22	16971	56
22	16972	56
22	16973	56
22	16974	56
22	16975	55
22	16976	52
22	16977	52
22	16978	52
22	16979	50
22	16980	50
22	16981	50
22	16982	50
22	16983	50
22	16984	51
22	16985	51
22	16986	53
22	16987	56
22	16988	56
22	16989	55
22	16990	54
22	16991	54
22	16992	54
22	16993	52
22	16994	52
22	16995	57
22	16996	57
22	16997	56
22	16998	55
22	16999	54
22	17000	55
22	17001	57
22	17002	59
22	17003	60
22	17004	58
22	17005	57
22	17006	57
22	17007	57
22	17008	56
22	17009	55
22	17010	56
22	17011	55
22	17012	52
22	17013	52
22	17014	51
22	17015	52
22	17016	52
22	17017	52
22	17018	52
22	17019	52
22	17020	52
22	17021	52
22	17022	54
22	17023	54
22	17024	54
22	17025	54
22	17026	54
22	17027	54
22	17028	54
22	17029	54
22	17030	54
22	17031	54
22	17032	54
22	17033	54
22	17034	54
22	17035	54
22	17036	51
22	17037	51
22	17038	51
22	17039	51
22	17040	57
22	17041	57
22	17042	57
22	17043	56
22	17044	54
22	17045	54
22	17046	55
22	17047	56
22	17048	56
22	17049	48
22	17050	49
22	17051	50
22	17052	52
22	17053	55
22	17054	54
22	17055	55
22	17056	55
22	17057	55
22	17058	55
22	17059	51
22	17060	54
22	17061	56
22	17062	56
22	17063	56
22	17064	56
22	17065	56
22	17066	56
22	17067	56
22	17068	56
22	17069	55
22	17070	55
22	17071	55
22	17072	53
22	17073	53
22	17074	53
22	17075	52
22	17076	52
22	17077	52
22	17078	53
22	17079	53
22	17080	53
22	17081	53
22	17082	52
22	17083	52
22	17084	53
22	17085	53
22	17086	54
22	17087	54
22	17088	54
22	17089	53
22	17090	53
22	17091	53
22	17092	52
22	17093	52
22	17094	53
22	17095	58
22	17096	58
22	17097	61
22	17098	61
22	17099	61
22	17100	61
22	17101	61
22	17102	61
22	17103	63
22	17104	60
22	17105	59
22	17106	59
22	17107	59
22	17108	59
22	17109	59
22	17110	59
22	17111	60
22	17112	60
22	17113	60
22	17114	60
22	17115	60
22	17116	60
22	17117	60
22	17118	60
22	17119	60
22	17120	60
22	17121	61
22	17122	62
22	17123	62
22	17124	62
22	17125	62
22	17126	62
22	17127	62
22	17128	62
22	17129	63
22	17130	63
22	17131	63
22	17132	64
22	17133	63
22	17134	63
22	17135	67
22	17136	67
22	17137	64
22	17138	64
22	17139	64
22	17140	64
22	17141	64
22	17142	64
22	17143	65
22	17144	62
22	17145	61
22	17146	62
22	17147	62
22	17148	63
22	17149	63
22	17150	60
22	17151	59
22	17152	57
22	17153	56
22	17154	59
22	17155	59
22	17156	61
22	17157	61
22	17158	62
22	17159	62
22	17160	61
22	17161	60
22	17162	63
22	17163	64
22	17164	64
22	17165	64
22	17166	64
22	17167	64
22	17168	64
22	17169	64
22	17170	64
22	17171	64
22	17172	62
22	17173	61
22	17174	64
22	17175	64
22	17176	64
22	17177	64
22	17178	64
22	17179	65
22	17180	65
22	17181	65
22	17182	66
22	17183	66
22	17184	66
22	17185	66
22	17186	67
22	17187	69
22	17188	68
22	17189	68
22	17190	63
22	17191	64
22	17192	64
22	17193	65
22	17194	67
22	17195	66
22	17196	67
22	17197	67
22	17198	66
22	17199	66
22	17200	64
22	17201	66
22	17202	63
22	17203	62
22	17204	65
22	17205	64
22	17206	64
22	17207	65
22	17208	66
22	17209	66
22	17210	62
22	17211	61
22	17212	62
22	17213	62
22	17214	62
22	17215	63
22	17216	63
22	17217	62
22	17218	64
22	17219	64
22	17220	64
22	17221	65
22	17222	66
22	17223	66
22	17224	66
22	17225	66
22	17226	66
22	17227	67
22	17228	66
22	17229	66
22	17230	67
22	17231	67
22	17232	68
22	17233	69
22	17234	68
22	17235	68
22	17236	67
22	17237	68
22	17238	69
22	17239	69
22	17240	69
22	17241	69
22	17242	71
22	17243	70
22	17244	69
22	17245	66
22	17246	65
22	17247	63
22	17248	63
22	17249	63
22	17250	63
22	17251	63
22	17252	63
22	17253	60
22	17254	61
22	17255	61
22	17256	61
22	17257	61
22	17258	62
22	17259	62
22	17260	61
22	17261	61
22	17262	61
22	17263	61
22	17264	59
22	17265	61
22	17266	62
22	17267	62
22	17268	62
22	17269	62
22	17270	61
22	17271	60
22	17272	60
22	17273	60
22	17274	60
22	17275	60
22	17276	60
22	17277	60
22	17278	60
22	17279	60
22	17280	57
22	17281	58
22	17282	58
22	17283	58
22	17284	57
22	17285	55
22	17286	55
22	17287	57
22	17288	57
22	17289	57
22	17290	57
22	17291	57
22	17292	57
22	17293	55
22	17294	55
22	17295	54
22	17296	53
22	17297	54
22	17298	54
22	17299	53
22	17300	53
22	17301	49
22	17302	49
22	17303	50
22	17304	49
22	17305	49
22	17306	47
22	17307	49
22	17308	48
22	17309	48
22	17310	48
22	17311	48
22	17312	45
22	17313	44
22	17314	44
22	17315	44
22	17316	44
22	17317	46
22	17318	46
22	17319	46
22	17320	46
22	17321	46
22	17322	46
22	17323	46
22	17324	46
22	17325	47
22	17326	47
22	17327	47
22	17328	50
22	17329	49
22	17330	50
22	17331	50
22	17332	50
22	17333	50
22	17334	50
22	17335	50
22	17336	49
22	17337	49
22	17338	49
22	17339	49
22	17340	49
22	17341	48
22	17342	47
22	17343	48
22	17344	48
22	17345	47
22	17346	47
22	17347	47
22	17348	48
22	17349	48
22	17350	49
22	17351	47
22	17352	47
22	17353	47
22	17354	46
22	17355	46
22	17356	46
22	17357	45
22	17358	44
22	17359	44
22	17360	45
22	17361	45
22	17362	44
22	17363	44
22	17364	44
22	17365	44
22	17366	44
22	17367	45
22	17368	46
22	17369	45
22	17370	46
22	17371	45
22	17372	45
22	17373	43
22	17374	43
22	17375	43
22	17376	42
22	17377	45
22	17378	45
22	17379	46
22	17380	45
22	17381	45
22	17382	43
22	17383	43
22	17384	44
22	17385	45
22	17386	45
22	17387	45
22	17388	45
22	17389	47
22	17390	47
22	17391	47
22	17392	47
22	17393	47
22	17394	52
22	17395	52
22	17396	52
22	17397	52
22	17398	54
22	17399	54
22	17400	54
22	17401	54
22	17402	54
22	17403	54
22	17404	54
22	17405	54
22	17406	54
22	17407	55
22	17408	54
22	17409	54
22	17410	55
22	17411	55
22	17412	55
22	17413	55
22	17414	54
22	17415	53
22	17416	53
22	17417	53
22	17418	53
22	17419	53
22	17420	53
22	17421	54
22	17422	54
22	17423	54
22	17424	57
22	17425	57
22	17426	57
22	17427	57
22	17428	57
22	17429	58
22	17430	58
22	17431	57
22	17432	57
22	17433	58
22	17434	57
22	17435	57
22	17436	57
22	17437	56
22	17438	57
22	17439	58
22	17440	58
22	17441	59
22	17442	59
22	17443	59
22	17444	61
22	17445	62
22	17446	61
22	17447	62
22	17448	62
22	17449	62
22	17450	62
22	17451	62
22	17452	60
22	17453	60
22	17454	60
22	17455	60
22	17456	66
22	17457	65
22	17458	65
22	17459	65
22	17460	67
22	17461	69
22	17462	71
22	17463	71
22	17464	72
22	17465	77
22	17466	81
22	17467	79
22	17468	79
22	17469	79
22	17470	79
22	17471	79
22	17472	80
22	17473	80
22	17474	80
22	17475	79
22	17476	81
22	17477	78
22	17478	78
22	17479	78
22	17480	77
22	17481	76
22	17482	76
22	17483	78
22	17484	78
22	17485	76
22	17486	76
22	17487	76
22	17488	76
22	17489	76
22	17490	77
22	17491	76
22	17492	74
22	17493	72
22	17494	72
22	17495	72
22	17496	72
22	17497	72
22	17498	71
22	17499	70
22	17500	70
22	17501	70
22	17502	70
22	17503	70
22	17504	70
22	17505	70
22	17506	70
22	17507	70
22	17508	74
22	17509	74
22	17510	73
22	17511	73
22	17512	74
22	17513	74
22	17514	73
22	17515	74
22	17516	74
22	17517	74
22	17518	73
22	17519	75
22	17520	74
22	17521	74
22	17522	74
22	17523	74
22	17524	74
22	17525	74
22	17526	74
22	17527	71
22	17528	70
22	17529	70
22	17530	71
22	17531	71
22	17532	71
22	17533	70
22	17534	73
22	17535	73
22	17536	73
22	17537	72
22	17538	70
22	17539	70
22	17540	70
22	17541	70
22	17542	69
22	17543	64
22	17544	64
22	17545	64
22	17546	65
22	17547	65
22	17548	63
22	17549	64
22	17550	64
22	17551	64
22	17552	64
22	17553	64
22	17554	63
22	17555	63
22	17556	63
22	17557	62
22	17558	62
22	17559	59
22	17560	59
22	17561	59
22	17562	59
22	17563	60
22	17564	60
22	17565	60
22	17566	60
22	17567	60
22	17568	60
22	17569	62
22	17570	62
22	17571	61
22	17572	61
22	17573	58
22	17574	58
22	17575	58
22	17576	53
22	17577	53
22	17578	53
22	17579	53
22	17580	53
22	17581	53
22	17582	53
22	17583	52
22	17584	53
22	17585	51
22	17586	51
22	17587	50
22	17588	49
22	17589	53
22	17590	53
22	17591	52
22	17592	52
22	17593	51
22	17594	50
22	17595	49
22	17596	49
22	17597	52
22	17598	54
22	17599	52
22	17600	53
22	17601	54
22	17602	54
22	17603	53
22	17604	53
22	17605	53
22	17606	48
22	17607	48
22	17608	47
22	17609	46
22	17610	47
22	17611	47
22	17612	46
22	17613	46
22	17614	46
22	17615	46
22	17616	44
22	17617	44
22	17618	44
22	17619	44
22	17620	44
22	17621	44
22	17622	44
22	17623	44
22	17624	44
22	17625	43
22	17626	43
22	17627	43
22	17628	43
22	17629	44
22	17630	44
22	17631	45
22	17632	45
22	17633	43
22	17634	43
22	17635	43
22	17636	43
22	17637	43
22	17638	43
22	17639	42
22	17640	43
22	17641	43
22	17642	43
22	17643	43
22	17644	43
22	17645	43
22	17646	43
22	17647	43
22	17648	43
22	17649	42
22	17650	37
22	17651	37
22	17652	37
22	17653	37
22	17654	37
22	17655	37
22	17656	37
22	17657	37
22	17658	33
22	17659	33
22	17660	33
22	17661	33
22	17662	33
22	17663	33
22	17664	36
22	17665	36
22	17666	36
22	17667	36
22	17668	36
22	17669	36
22	17670	36
22	17671	36
22	17672	36
22	17673	38
22	17674	38
22	17675	38
22	17676	38
22	17677	39
22	17678	38
22	17679	39
22	17680	39
22	17681	39
22	17682	37
22	17683	39
22	17684	38
22	17685	38
22	17686	38
22	17687	37
22	17688	38
22	17689	38
22	17690	38
22	17691	38
22	17692	38
22	17693	38
22	17694	39
22	17695	39
22	17696	41
22	17697	43
22	17698	43
22	17699	42
22	17700	41
22	17701	41
22	17702	41
22	17703	41
22	17704	37
22	17705	37
22	17706	37
22	17707	37
22	17708	37
22	17709	37
22	17710	38
22	17711	39
22	17712	39
22	17713	39
22	17714	39
22	17715	41
22	17716	42
22	17717	44
22	17718	44
22	17719	44
22	17720	45
22	17721	47
22	17722	47
22	17723	47
22	17724	47
22	17725	47
22	17726	49
22	17727	48
22	17728	48
22	17729	51
22	17730	51
22	17731	51
22	17732	50
22	17733	50
22	17734	51
22	17735	51
22	17736	51
22	17737	51
22	17738	46
22	17739	46
22	17740	48
22	17741	48
22	17742	49
22	17743	49
22	17744	49
22	17745	43
22	17746	43
22	17747	45
22	17748	46
22	17749	46
22	17750	46
22	17751	46
22	17752	47
22	17753	46
22	17754	47
22	17755	47
22	17756	47
22	17757	47
22	17758	49
22	17759	48
22	17760	48
22	17761	49
22	17762	49
22	17763	49
22	17764	49
22	17765	49
22	17766	50
22	17767	50
22	17768	50
22	17769	50
22	17770	50
22	17771	50
22	17772	50
22	17773	50
22	17774	50
22	17775	50
22	17776	50
22	17777	50
22	17778	49
22	17779	50
22	17780	49
22	17781	50
22	17782	52
22	17783	52
22	17784	54
22	17785	53
22	17786	53
22	17787	53
22	17788	53
22	17789	53
22	17790	53
22	17791	55
22	17792	55
22	17793	55
22	17794	55
22	17795	54
22	17796	54
22	17797	57
22	17798	57
22	17799	56
22	17800	57
22	17801	57
22	17802	57
22	17803	60
22	17804	60
22	17805	60
22	17806	59
22	17807	60
22	17808	60
22	17809	60
22	17810	60
22	17811	61
22	17812	66
22	17813	66
22	17814	66
22	17815	66
22	17816	66
22	17817	66
22	17818	66
22	17819	66
22	17820	65
22	17821	65
22	17822	66
22	17823	66
22	17824	65
22	17825	65
22	17826	65
22	17827	64
22	17828	64
22	17829	63
22	17830	63
22	17831	63
22	17832	61
22	17833	61
22	17834	61
22	17835	61
22	17836	63
22	17837	66
22	17838	67
22	17839	67
22	17840	67
22	17841	66
22	17842	66
22	17843	67
22	17844	68
22	17845	66
22	17846	65
22	17847	67
22	17848	68
22	17849	68
22	17850	69
22	17851	69
22	17852	72
22	17853	73
22	17854	73
22	17855	73
22	17856	75
22	17857	73
22	17858	73
22	17859	75
22	17860	74
22	17861	75
22	17862	75
22	17863	75
22	17864	73
22	17865	73
22	17866	71
22	17867	71
22	17868	78
22	17869	81
22	17870	82
22	17871	79
22	17872	78
22	17873	79
22	17874	78
22	17875	78
22	17876	76
22	17877	77
22	17878	77
22	17879	76
22	17880	77
22	17881	78
22	17882	76
22	17883	78
22	17884	78
22	17885	78
22	17886	78
22	17887	79
22	17888	79
22	17889	79
22	17890	79
22	17891	79
22	17892	84
22	17893	84
22	17894	85
22	17895	85
22	17896	85
22	17897	81
22	17898	81
22	17899	83
22	17900	83
22	17901	82
22	17902	82
22	17903	81
22	17904	81
22	17905	83
22	17906	83
22	17907	85
22	17908	83
22	17909	83
22	17910	82
22	17911	82
22	17912	82
22	17913	82
22	17914	82
22	17915	82
22	17916	80
22	17917	80
22	17918	81
22	17919	81
22	17920	81
22	17921	81
22	17922	82
22	17923	81
22	17924	81
22	17925	81
22	17926	82
22	17927	82
22	17928	81
22	17929	84
22	17930	84
22	17931	81
22	17932	82
22	17933	82
22	17934	81
22	17935	81
22	17936	81
22	17937	81
22	17938	80
22	17939	80
22	17940	80
22	17941	78
22	17942	77
22	17943	77
22	17944	78
22	17945	78
22	17946	79
22	17947	76
22	17948	74
22	17949	74
22	17950	73
22	17951	74
22	17952	72
22	17953	72
22	17954	72
22	17955	72
22	17956	72
22	17957	72
22	17958	72
22	17959	73
22	17960	73
22	17961	72
22	17962	67
22	17963	67
22	17964	68
22	17965	68
22	17966	68
22	17967	68
22	17968	68
22	17969	68
22	17970	69
22	17971	69
22	17972	68
22	17973	68
22	17974	68
22	17975	69
22	17976	69
22	17977	70
22	17978	70
22	17979	72
22	17980	72
22	17981	72
22	17982	72
22	17983	72
22	17984	72
22	17985	72
22	17986	74
22	17987	71
22	17988	71
22	17989	75
22	17990	75
22	17991	76
22	17992	75
22	17993	75
22	17994	74
22	17995	74
22	17996	73
22	17997	74
22	17998	77
22	17999	77
22	18000	77
22	18001	77
22	18002	74
22	18003	75
22	18004	75
22	18005	73
22	18006	73
22	18007	72
22	18008	72
22	18009	72
22	18010	74
22	18011	76
22	18012	76
22	18013	76
22	18014	76
22	18015	76
22	18016	76
22	18017	76
22	18018	69
22	18019	66
22	18020	65
22	18021	65
22	18022	65
22	18023	65
22	18024	66
22	18025	67
22	18026	71
22	18027	71
22	18028	73
22	18029	74
22	18030	73
22	18031	72
22	18032	72
22	18033	72
22	18034	72
22	18035	76
22	18036	76
22	18037	75
22	18038	75
22	18039	77
22	18040	77
22	18041	78
22	18042	72
22	18043	71
22	18044	70
22	18045	70
22	18046	71
22	18047	71
22	18048	71
22	18049	69
22	18050	69
22	18051	69
22	18052	69
22	18053	69
22	18054	69
22	18055	67
22	18056	65
22	18057	65
22	18058	65
22	18059	65
22	18060	65
22	18061	65
22	18062	65
22	18063	65
22	18064	65
22	18065	66
22	18066	66
22	18067	67
22	18068	66
22	18069	70
22	18070	70
22	18071	70
22	18072	69
22	18073	79
22	18074	79
22	18075	79
22	18076	78
22	18077	80
22	18078	83
22	18079	81
22	18080	81
22	18081	81
22	18082	80
22	18083	81
22	18084	81
22	18085	84
22	18086	84
22	18087	85
22	18088	86
22	18089	86
22	18090	87
22	18091	85
22	18092	88
22	18093	87
22	18094	87
22	18095	87
22	18096	86
22	18097	88
22	18098	90
22	18099	90
22	18100	89
22	18101	88
22	18102	89
22	18103	89
22	18104	89
22	18105	89
22	18106	89
22	18107	89
22	18108	87
22	18109	86
22	18110	87
22	18111	88
22	18112	88
22	18113	89
22	18114	89
22	18115	91
22	18116	91
22	18117	91
22	18118	93
22	18119	93
22	18120	92
22	18121	93
22	18122	94
22	18123	94
22	18124	93
22	18125	93
22	18126	92
22	18127	93
22	18128	93
22	18129	92
22	18130	100
22	18131	100
22	18132	102
22	18133	102
22	18134	100
22	18135	100
22	18136	99
22	18137	99
22	18138	98
22	18139	94
22	18140	94
22	18141	91
22	18142	91
22	18143	90
22	18144	90
22	18145	90
22	18146	90
22	18147	89
22	18148	88
22	18149	87
22	18150	87
22	18151	87
22	18152	87
22	18153	88
22	18154	88
22	18155	89
22	18156	89
22	18157	88
22	18158	91
22	18159	88
22	18160	88
22	18161	86
22	18162	89
22	18163	90
22	18164	90
22	18165	93
22	18166	93
22	18167	97
22	18168	101
22	18169	102
22	18170	110
22	18171	110
22	18172	110
22	18173	109
22	18174	108
22	18175	106
22	18176	99
22	18177	99
22	18178	97
22	18179	94
22	18180	94
22	18181	94
22	18182	94
22	18183	94
22	18184	94
22	18185	91
22	18186	92
22	18187	90
22	18188	90
22	18189	90
22	18190	90
22	18191	89
22	18192	89
22	18193	90
22	18194	90
22	18195	89
22	18196	89
22	18197	89
22	18198	89
22	18199	89
22	18200	89
22	18201	87
22	18202	87
22	18203	87
22	18204	87
22	18205	87
22	18206	87
22	18207	87
22	18208	87
22	18209	87
22	18210	88
22	18211	88
22	18212	87
22	18213	87
22	18214	87
22	18215	87
22	18216	87
22	18217	86
22	18218	86
22	18219	84
22	18220	84
22	18221	85
22	18222	74
22	18223	74
22	18224	72
22	18225	72
22	18226	72
22	18227	69
22	18228	69
22	18229	69
22	18230	69
22	18231	69
22	18232	69
22	18233	65
22	18234	62
22	18235	62
22	18236	62
22	18237	60
22	18238	60
22	18239	55
22	18240	55
22	18241	53
22	18242	53
22	18243	53
22	18244	53
22	18245	56
22	18246	54
22	18247	52
22	18248	52
22	18249	50
22	18250	50
22	18251	52
22	18252	51
22	18253	51
22	18254	51
22	18255	51
22	18256	51
22	18257	51
22	18258	51
22	18259	51
22	18260	50
22	18261	49
22	18262	45
22	18263	45
22	18264	47
22	18265	47
22	18266	47
22	18267	47
22	18268	48
22	18269	48
22	18270	47
22	18271	47
22	18272	46
22	18273	44
22	18274	44
22	18275	43
22	18276	43
22	18277	45
22	18278	45
22	18279	44
22	18280	41
22	18281	38
22	18282	37
22	18283	37
22	18284	37
22	18285	37
22	18286	37
22	18287	37
22	18288	37
22	18289	37
22	18290	37
22	18291	37
22	18292	38
22	18293	38
22	18294	38
22	18295	38
22	18296	38
22	18297	38
22	18298	38
22	18299	38
22	18300	38
22	18301	38
22	18302	38
22	18303	37
22	18304	37
22	18305	36
22	18306	36
22	18307	33
22	18308	33
22	18309	33
22	18310	33
22	18311	34
22	18312	34
22	18313	33
22	18314	34
22	18315	32
22	18316	32
22	18317	30
22	18318	25
22	18319	24
22	18320	23
22	18321	23
22	18322	23
22	18323	23
22	18324	23
22	18325	23
22	18326	24
22	18327	24
22	18328	24
22	18329	24
22	18330	24
22	18331	24
22	18332	24
22	18333	22
22	18334	22
22	18335	22
22	18336	22
22	18337	24
22	18338	24
22	18339	24
22	18340	24
22	18341	24
22	18342	23
22	18343	23
22	18344	23
22	18345	23
22	18346	23
22	18347	23
22	18348	23
22	18349	23
22	18350	23
22	18351	25
22	18352	25
22	18353	25
22	18354	25
22	18355	25
22	18356	26
22	18357	26
22	18358	26
22	18359	25
22	18360	25
22	18361	25
22	18362	29
22	18363	29
22	18364	29
22	18365	29
22	18366	29
22	18367	25
22	18368	25
22	18369	25
22	18370	25
22	18371	26
22	18372	27
22	18373	27
22	18374	27
22	18375	27
22	18376	27
22	18377	27
22	18378	27
22	18379	26
22	18380	26
22	18381	26
22	18382	26
22	18383	26
22	18384	26
22	18385	26
22	18386	25
22	18387	21
22	18388	21
22	18389	21
22	18390	21
22	18391	21
22	18392	21
22	18393	21
22	18394	21
22	18395	21
22	18396	21
22	18397	21
22	18398	21
22	18399	21
22	18400	21
22	18401	19
22	18402	15
22	18403	15
22	18404	15
22	18405	15
22	18406	15
22	18407	15
22	18408	15
22	18409	15
22	18410	20
22	18411	20
22	18412	20
22	18413	20
22	18414	20
22	18415	20
22	18416	20
22	18417	20
22	18418	20
22	18419	20
22	18420	20
22	18421	20
22	18422	20
22	18423	20
22	18424	20
22	18425	20
22	18426	20
22	18427	20
22	18428	20
22	18429	20
22	18430	20
22	18431	20
22	18432	20
22	18433	20
22	18434	20
22	18435	20
22	18436	20
22	18437	20
22	18438	20
22	18439	20
22	18440	20
22	18441	19
22	19274	4
22	19275	4
22	19276	4
22	19277	4
22	19278	4
22	19279	4
22	19280	4
22	19281	4
22	19282	4
22	19283	4
22	19284	4
22	19285	4
22	19286	4
22	19287	4
22	19288	4
22	19289	5
22	19290	5
22	19291	5
22	19292	5
22	19293	5
22	19294	5
22	19295	5
22	19296	5
22	19297	5
22	19298	5
22	19299	5
22	19300	5
22	19301	5
22	19302	5
22	19303	5
22	19304	5
22	19305	5
22	19306	5
22	19307	5
22	19308	5
22	19309	5
22	19310	5
22	19311	5
22	19312	5
22	19313	5
22	19314	5
22	19315	5
22	19316	5
22	19317	5
22	19318	5
22	19319	5
22	19320	5
22	19321	5
22	19322	5
22	19323	5
22	19324	5
22	19325	5
22	19326	5
22	19327	5
22	19328	5
22	19329	5
22	19330	5
22	19331	5
22	19332	5
22	19333	5
22	19334	5
22	19335	5
22	19336	5
22	19337	5
22	19338	5
22	19339	5
22	19340	5
22	19341	5
22	19342	5
22	19343	5
22	19344	5
22	19345	5
22	19346	5
22	19347	5
22	19348	1
22	19349	1
22	19350	1
22	19351	1
22	19352	1
22	19353	1
22	19354	1
22	19355	1
22	19356	1
22	19357	1
22	19358	1
22	19359	1
22	19360	1
22	19361	1
22	19362	1
22	19363	1
22	19364	1
22	19365	1
22	19366	1
22	19367	1
22	19368	1
22	19369	1
22	19370	1
22	19371	1
22	19372	1
22	19373	1
22	19374	1
22	19375	1
22	19376	1
22	19377	1
22	19378	0
22	19379	1
22	19380	1
22	19381	1
22	19382	1
22	19383	1
22	19384	1
22	19385	1
22	19386	1
22	19387	1
22	19388	1
22	19389	10
22	19390	13
22	19391	13
22	19392	13
22	19393	13
22	19394	13
22	19395	13
22	19396	13
22	19397	13
22	19398	13
22	19399	13
22	19400	13
22	19401	13
22	19402	13
22	19403	13
22	19404	13
22	19405	13
22	19406	13
22	19407	13
22	19408	13
22	19409	13
22	19410	13
22	19411	13
22	19412	13
22	19413	13
22	19414	14
22	19415	14
22	19416	14
22	19417	14
22	19418	14
22	19419	14
22	19420	14
22	19421	14
22	19422	14
22	19423	14
22	19424	14
22	19425	14
22	19426	14
22	19427	14
22	19428	14
22	19429	14
22	19430	14
22	19431	14
22	19432	13
22	19433	14
22	19434	14
22	19435	14
22	19436	13
22	19437	14
22	19438	14
22	19439	14
22	19440	14
22	19441	14
22	19442	14
22	19443	13
22	19444	13
22	19445	13
22	19446	13
22	19447	13
22	19448	13
22	19449	15
22	19450	15
22	19451	15
22	19452	16
22	19453	16
22	19454	16
22	19455	16
22	19456	16
22	19457	16
22	19458	16
22	19459	16
22	19460	17
22	19461	17
22	19462	17
22	19463	17
22	19464	16
22	19465	16
22	19466	16
22	19467	16
22	19468	16
22	19469	16
22	19470	16
22	19471	15
22	19472	15
22	19473	15
22	19474	15
22	19475	15
22	19476	15
22	19477	15
22	19478	15
22	19479	15
22	19480	14
22	19481	14
22	19482	14
22	19483	14
22	19484	14
22	19485	14
22	19486	15
22	19487	15
22	19488	15
22	19489	14
22	19490	14
22	19491	16
22	19492	16
22	19493	16
22	19494	16
22	19495	16
22	19496	16
22	19497	16
22	19498	14
22	19499	14
22	19500	14
22	19501	14
22	19502	14
22	19503	14
22	19504	14
22	19505	14
22	19506	14
22	19507	14
22	19508	14
22	19509	14
22	19510	14
22	19511	14
22	19512	14
22	19513	15
22	19514	15
22	19515	15
22	19516	15
22	19517	14
22	19518	14
22	19519	15
22	19520	15
22	19521	16
22	19522	16
22	19523	17
22	19524	17
22	19525	17
22	19526	17
22	19527	17
22	19528	17
22	19529	17
22	19530	17
22	19531	17
22	19532	17
22	19533	16
22	19534	16
22	19535	16
22	19536	16
22	19537	16
22	19538	16
22	19539	16
22	19540	14
22	19541	15
22	19542	15
22	19543	15
22	19544	15
22	19545	15
22	19546	15
22	19547	15
22	19548	15
22	19549	15
22	19550	15
22	19551	15
22	19552	15
22	19553	15
22	19554	17
22	19555	17
22	19556	17
22	19557	17
22	19558	17
22	19559	17
22	19560	18
22	19561	18
22	19562	18
22	19563	18
22	19564	17
22	19565	17
22	19566	18
22	19567	18
22	19568	18
22	19569	18
22	19570	20
22	19571	20
22	19572	21
22	19573	21
22	19574	21
22	19575	21
22	19576	21
22	19577	22
22	19578	24
22	19579	22
22	19580	25
22	19581	25
22	19582	24
22	19583	25
22	19584	26
22	19585	26
22	19586	25
22	19587	27
22	19588	27
22	19589	28
22	19590	30
22	19591	30
22	19592	30
22	19593	30
22	19594	32
22	19595	33
22	19596	34
22	19597	34
22	19598	35
22	19599	32
22	19600	32
22	19601	33
22	19602	33
22	19603	33
22	19604	33
22	19605	33
22	19606	34
22	19607	34
22	19608	34
22	19609	34
22	19610	33
22	19611	33
22	19612	33
22	19613	33
22	19614	33
22	19615	33
22	19616	33
22	19617	33
22	19618	33
22	19619	36
22	19620	36
22	19621	36
22	19622	36
22	19623	36
22	19624	36
22	19625	39
22	19626	39
22	19627	39
22	19628	39
22	19629	39
22	19630	39
22	19631	39
22	19632	39
22	19633	39
22	19634	39
22	19635	39
22	19636	38
22	19637	38
22	19638	38
22	19639	38
22	19640	38
22	19641	38
22	19642	39
22	19643	39
22	19644	41
22	19645	41
22	19646	44
22	19647	44
22	19648	44
22	19649	44
22	19650	44
22	19651	44
22	19652	44
22	19653	46
22	19654	47
22	19655	47
22	19656	48
22	19657	48
22	19658	48
22	19659	48
22	19660	48
22	19661	48
22	19662	48
22	19663	47
22	19664	48
22	19665	49
22	19666	49
22	19667	49
22	19668	49
22	19669	48
22	19670	48
22	19671	47
22	19672	45
22	19673	45
22	19674	45
22	19675	45
22	19676	45
22	19677	45
22	19678	43
22	19679	43
22	19680	43
22	19681	43
22	19682	43
22	19683	43
22	19684	43
22	19685	43
22	19686	44
22	19687	44
22	19688	44
22	19689	44
22	19690	44
22	19691	45
22	19692	45
22	19693	45
22	19694	45
22	19695	45
22	19696	47
22	19697	47
22	19698	47
22	19699	47
22	19700	47
22	19701	48
22	19702	48
22	19703	48
22	19704	48
22	19705	48
22	19706	48
22	19707	48
22	19708	48
22	19709	48
22	19710	47
22	19711	47
22	19712	47
22	19713	47
22	19714	47
22	19715	46
22	19716	46
22	19717	46
22	19718	47
22	19719	47
22	19720	44
22	19721	44
22	19722	44
22	19723	44
22	19724	44
22	19725	44
22	19726	44
22	19727	42
22	19728	41
22	19729	42
22	19730	42
22	19731	42
22	19732	42
22	19733	41
22	19734	40
22	19735	40
22	19736	40
22	19737	35
22	19738	35
22	19739	34
22	19740	34
22	19741	34
22	19742	34
22	19743	33
22	19744	30
22	19745	30
22	19746	29
22	19747	29
22	19748	28
22	19749	28
22	19750	27
22	19751	27
22	19752	27
22	19753	27
22	19754	27
22	19755	26
22	19756	25
22	19757	25
22	19758	25
22	19759	25
22	19760	25
22	19761	25
22	19762	25
22	19763	25
22	19764	25
22	19765	25
22	19766	25
22	19767	25
22	19768	25
22	19769	24
22	19770	24
22	19771	24
22	19772	24
22	19773	24
22	19774	23
22	19775	21
22	19776	21
22	19777	21
22	19778	21
22	19779	21
22	19780	21
22	19781	21
22	19782	21
22	19783	22
22	19784	22
22	19785	22
22	19786	22
22	19787	22
22	19788	22
22	19789	22
22	19790	22
22	19791	21
22	19792	21
22	19793	21
22	19794	19
22	19795	18
22	19796	20
22	19797	20
22	19798	20
22	19799	20
22	19800	20
22	19801	16
22	19802	16
22	19803	16
22	19804	16
22	19805	16
22	19806	16
22	19807	16
22	19808	16
22	19809	16
22	19810	16
22	19811	16
22	19812	15
22	19813	15
22	19814	14
22	19815	14
22	19816	14
22	19817	14
22	19818	14
22	19819	14
22	19820	14
22	19821	14
22	19822	13
22	19823	13
22	19824	13
22	19825	13
22	19826	13
22	19827	13
22	19828	13
22	19829	13
22	19830	13
22	19831	13
22	19832	13
22	19833	13
22	19834	13
22	19835	13
22	19836	12
22	19837	12
22	19838	12
22	19839	12
22	19840	13
22	19841	12
22	19842	12
22	19843	10
22	19844	10
22	19845	13
22	19846	13
22	19847	14
22	19848	14
22	19849	14
22	19850	14
22	19851	13
22	19852	13
22	19853	14
22	19854	14
22	19855	14
22	19856	14
22	19857	14
22	19858	14
22	19859	14
22	19860	14
22	19861	14
22	19862	14
22	19863	14
22	19864	15
22	19865	15
22	19866	15
22	19867	15
22	19868	14
22	19869	16
22	19870	17
22	19871	17
22	19872	17
22	19873	17
22	19874	17
22	19875	17
22	19876	17
22	19877	17
22	19878	16
22	19879	16
22	19880	16
22	19881	16
22	19882	16
22	19883	16
22	19884	16
22	19885	16
22	19886	21
22	19887	23
22	19888	23
22	19889	23
22	19890	23
22	19891	23
22	19892	26
22	19893	26
22	19894	26
22	19895	26
22	19896	26
22	19897	34
22	19898	36
22	19899	36
22	19900	36
22	19901	37
22	19902	37
22	19903	37
22	19904	38
22	19905	38
22	19906	38
22	19907	38
22	19908	38
22	19909	38
22	19910	38
22	19911	38
22	19912	38
22	19913	37
22	19914	37
22	19915	37
22	19916	37
22	19917	38
22	19918	38
22	19919	38
22	19920	38
22	19921	38
22	19922	38
22	19923	38
22	19924	38
22	19925	38
22	19926	38
22	19927	38
22	19928	38
22	19929	38
22	19930	38
22	19931	40
22	19932	40
22	19933	40
22	19934	43
22	19935	43
22	19936	43
22	19937	43
22	19938	43
22	19939	43
22	19940	43
22	19941	42
22	19942	42
22	19943	43
22	19944	43
22	19945	42
22	19946	42
22	19947	42
22	19948	43
22	19949	43
22	19950	43
22	19951	43
22	19952	43
22	19953	43
22	19954	43
22	19955	43
22	19956	43
22	19957	43
22	19958	43
22	19959	43
22	19960	43
22	19961	43
22	19962	43
22	19963	43
22	19964	42
22	19965	42
22	19966	42
22	19967	42
22	19968	42
22	19969	42
22	19970	42
22	19971	42
22	19972	42
22	19973	42
22	19974	42
22	19975	42
22	19976	42
22	19977	42
22	19978	42
22	19979	42
22	19980	43
22	19981	44
22	19982	44
22	19983	44
22	19984	44
22	19985	44
22	19986	44
22	19987	44
22	19988	44
22	19989	44
22	19990	44
22	19991	44
22	19992	44
22	19993	45
22	19994	45
22	19995	43
22	19996	43
22	19997	42
22	19998	42
22	19999	42
22	20000	42
22	20001	42
22	20002	42
22	20003	41
22	20004	42
22	20005	44
22	20006	44
22	20007	45
22	20008	46
22	20009	46
22	20010	51
22	20011	54
22	20012	54
22	20013	53
22	20014	53
22	20015	53
22	20016	53
22	20017	53
22	20018	53
22	20019	50
22	20020	50
22	20021	50
22	20022	50
22	20023	50
22	20024	50
22	20025	50
22	20026	50
22	20027	59
22	20028	59
22	20029	59
22	20030	59
22	20031	59
22	20032	59
22	20033	60
22	20034	60
22	20035	60
22	20036	55
22	20037	53
22	20038	57
22	20039	60
22	20040	62
22	20041	63
22	20042	59
22	20043	59
22	20044	60
22	20045	60
22	20046	60
22	20047	54
22	20048	51
22	20049	51
22	20050	51
22	20051	51
22	20052	52
22	20053	52
22	20054	50
22	20055	50
22	20056	50
22	20057	50
22	20058	50
22	20059	50
22	20060	50
22	20061	50
22	20062	50
22	20063	50
22	20064	50
22	20065	50
22	20066	51
22	20067	50
22	20068	50
22	20069	50
22	20070	50
22	20071	50
22	20072	51
22	20073	51
22	20074	51
22	20075	51
22	20076	51
22	20077	51
22	20078	51
22	20079	51
22	20080	47
22	20081	48
22	20082	48
22	20083	48
22	20084	45
22	20085	45
22	20086	45
22	20087	45
22	20088	45
22	20089	45
22	20090	45
22	20091	45
22	20092	45
22	20093	44
22	20094	44
22	20095	44
22	20096	44
22	20097	44
22	20098	43
22	20099	43
22	20100	43
22	20101	43
22	20102	43
22	20103	43
22	20104	43
22	20105	43
22	20106	43
22	20107	44
22	20108	44
22	20109	44
22	20110	44
22	20111	44
22	20112	44
22	20113	44
22	20114	44
22	20115	44
22	20116	45
22	20117	45
22	20118	45
22	20119	48
22	20120	48
22	20121	48
22	20122	48
22	20123	48
22	20124	48
22	20125	48
22	20126	48
22	20127	48
22	20128	48
22	20129	48
22	20130	46
22	20131	46
22	20132	46
22	20133	48
22	20134	48
22	20135	48
22	20136	48
22	20137	48
22	20138	48
22	20139	47
22	20140	47
22	20141	47
22	20142	47
22	20143	48
22	20144	47
22	20145	47
22	20146	47
22	20147	46
22	20148	46
22	20149	46
22	20150	49
22	20151	49
22	20152	49
22	20153	49
22	20154	48
22	20155	48
22	20156	48
22	20157	43
22	20158	39
22	20159	39
22	20160	39
22	20161	40
22	20162	40
22	20163	40
22	20164	42
22	20165	42
22	20166	43
22	20167	43
22	20168	43
22	20169	43
22	20170	43
22	20171	43
22	20172	43
22	20173	43
22	20174	42
22	20175	42
22	20176	36
22	20177	36
22	20178	36
22	20179	34
22	20180	34
22	20181	34
22	20182	35
22	20183	34
22	20184	34
22	20185	34
22	20186	34
22	20187	31
22	20188	31
22	20189	27
22	20190	27
22	20191	27
22	20192	27
22	20193	26
22	20194	26
22	20195	26
22	20196	27
22	20197	25
22	20198	28
22	20199	28
22	20200	28
22	20201	27
22	20202	25
22	20203	26
22	20204	26
22	20205	28
22	20206	28
22	20207	28
22	20208	30
22	20209	30
22	20210	30
22	20211	30
22	20212	30
22	20213	30
22	20214	29
22	20215	29
22	20216	29
22	20217	29
22	20218	29
22	20219	29
22	20220	29
22	20221	28
22	20222	28
22	20223	28
22	20224	28
22	20225	28
22	20226	28
22	20227	28
22	20228	28
22	20229	29
22	20230	29
22	20231	27
22	20232	28
22	20233	28
22	20234	29
22	20235	30
22	20236	30
22	20237	30
22	20238	30
22	20239	30
22	20240	30
22	20241	30
22	20242	31
22	20243	31
22	20244	31
22	20245	31
22	20246	31
22	20247	31
22	20248	31
22	20249	31
22	20250	35
22	20251	35
22	20252	35
22	20253	35
22	20254	35
22	20255	35
22	20256	35
22	20257	34
22	20258	34
22	20259	34
22	20260	35
22	20261	35
22	20262	36
22	20263	36
22	20264	36
22	20265	39
22	20266	38
22	20267	38
22	20268	38
22	20269	34
22	20270	39
22	20271	39
22	20272	39
22	20273	39
22	20274	39
22	20275	42
22	20276	42
22	20277	42
22	20278	42
22	20279	43
22	20280	43
22	20281	43
22	20282	43
22	20283	41
22	20284	41
22	20285	41
22	20286	43
22	20287	43
22	20288	43
22	20289	43
22	20290	46
22	20291	46
22	20292	47
22	20293	48
22	20294	48
22	20295	48
22	20296	49
22	20297	49
22	20298	50
22	20299	49
22	20300	50
22	20301	54
22	20302	54
22	20303	54
22	20304	54
22	20305	53
22	20306	54
22	20307	54
22	20308	54
22	20309	54
22	20310	56
22	20311	56
22	20312	56
22	20313	56
22	20314	54
22	20315	54
22	20316	53
22	20317	56
22	20318	56
22	20319	56
22	20320	57
22	20321	57
22	20322	57
22	20323	58
22	20324	57
22	20325	57
22	20326	57
22	20327	57
22	20328	58
22	20329	58
22	20330	58
22	20331	58
22	20332	57
22	20333	57
22	20334	57
22	20335	57
22	20336	57
22	20337	57
22	20338	61
22	20339	61
22	20340	61
22	20341	61
22	20342	61
22	20343	61
22	20344	61
22	20345	57
22	20346	59
22	20347	59
22	20348	59
22	20349	59
22	20350	61
22	20351	61
22	20352	60
22	20353	58
22	20354	58
22	20355	58
22	20356	58
22	20357	58
22	20358	57
22	20359	57
22	20360	57
22	20361	57
22	20362	57
22	20363	57
22	20364	57
22	20365	57
22	20366	57
22	20367	57
22	20368	57
22	20369	57
22	20370	57
22	20371	57
22	20372	57
22	20373	57
22	20374	59
22	20375	59
22	20376	59
22	20377	59
22	20378	58
22	20379	58
22	20380	58
22	20381	58
22	20382	57
22	20383	57
22	20384	56
22	20385	55
22	20386	55
22	20387	55
22	20388	56
22	20389	56
22	20390	56
22	20391	56
22	20392	56
22	20393	56
22	20394	56
22	20395	56
22	20396	56
22	20397	56
22	20398	56
22	20399	56
22	20400	51
22	20401	51
22	20402	51
22	20403	52
22	20404	52
22	20405	52
22	20406	52
22	20407	52
22	20408	52
22	20409	52
22	20410	51
22	20411	51
22	20412	51
22	20413	51
22	20414	51
22	20415	48
22	20416	48
22	20417	48
22	20418	47
22	20419	42
22	20420	44
22	20421	46
22	20422	46
22	20423	46
22	20424	45
22	20425	43
22	20426	43
22	20427	43
22	20428	43
22	20429	43
22	20430	43
22	20431	44
22	20432	44
22	20433	45
22	20434	45
22	20435	44
22	20436	43
22	20437	44
22	20438	44
22	20439	44
22	20440	41
22	20441	40
22	20442	39
22	20443	39
22	20444	39
22	20445	39
22	20446	39
22	20447	39
22	20448	38
22	20449	38
22	20450	40
22	20451	37
22	20452	37
22	20453	37
22	20454	37
22	20455	37
22	20456	36
22	20457	36
22	20458	37
22	20459	36
22	20460	36
22	20461	36
22	20462	36
22	20463	36
22	20464	36
22	20465	36
22	20466	35
22	20467	34
22	20468	34
22	20469	34
22	20470	33
22	20471	33
22	20472	33
22	20473	32
22	20474	33
22	20475	33
22	20476	33
22	20477	32
22	20478	34
22	20479	30
22	20480	30
22	20481	30
22	20482	30
22	20483	30
22	20484	30
22	20485	30
22	20486	30
22	20487	28
22	20488	26
22	20489	26
22	20490	26
22	20491	26
22	20492	26
22	20493	26
22	20494	26
22	20495	26
22	20496	24
22	20497	25
22	20498	28
22	20499	29
22	20500	29
22	20501	29
22	20502	29
22	20503	29
22	20504	29
22	20505	29
22	20506	28
22	20507	28
22	20508	30
22	20509	30
22	20510	31
22	20511	32
22	20512	33
22	20513	33
22	20514	35
22	20515	35
22	20516	35
22	20517	36
22	20518	36
22	20519	36
22	20520	36
22	20521	36
22	20522	36
22	20523	36
22	20524	36
22	20525	36
22	20526	36
22	20527	36
22	20528	37
22	20529	37
22	20530	37
22	20531	37
22	20532	37
22	20533	37
22	20534	37
22	20535	37
22	20536	37
22	20537	35
22	20538	34
22	20539	35
22	20540	35
22	20541	34
22	20542	34
22	20543	34
22	20544	34
22	20545	34
22	20546	34
22	20547	34
22	20548	34
22	20549	34
22	20550	34
22	20551	34
22	20552	34
22	20553	33
22	20554	33
22	20555	33
22	20556	34
22	20557	34
22	20558	34
22	20559	34
22	20560	34
22	20561	33
22	20562	33
22	20563	33
22	20564	33
22	20565	33
22	20566	33
22	20567	33
22	20568	33
22	20569	33
22	20570	33
22	20571	31
22	20572	31
22	20573	34
22	20574	34
22	20575	34
22	20576	34
22	20577	34
22	20578	33
22	20579	34
22	20580	34
22	20581	33
22	20582	33
22	20583	33
22	20584	34
22	20585	35
22	20586	35
22	20587	34
22	20588	34
22	20589	35
22	20590	36
22	20591	36
22	20592	36
22	20593	35
22	20594	35
22	20595	36
22	20596	36
22	20597	36
22	20598	35
22	20599	36
22	20600	33
22	20601	33
22	20602	34
22	20603	34
22	20604	34
22	20605	34
22	20606	34
22	20607	34
22	20608	33
22	20609	34
22	20610	34
22	20611	34
22	20612	35
22	20613	35
22	20614	35
22	20615	34
22	20616	34
22	20617	34
22	20618	34
22	20619	34
22	20620	34
22	20621	34
22	20622	34
22	20623	33
22	20624	33
22	20625	33
22	20626	33
22	20627	33
22	20628	33
22	20629	33
22	20630	33
22	20631	33
22	20632	34
22	20633	34
22	20634	34
22	20635	34
22	20636	34
22	20637	34
22	20638	35
22	20639	35
22	20640	35
22	20641	35
22	20642	36
22	20643	36
22	20644	36
22	20645	36
22	20646	35
22	20647	32
22	20648	32
22	20649	31
22	20650	35
22	20651	37
22	20652	37
22	20653	37
22	20654	37
22	20655	38
22	20656	37
22	20657	37
22	20658	35
22	20659	34
22	20660	35
22	20661	35
22	20662	34
22	20663	34
22	20664	32
22	20665	32
22	20666	32
22	20667	31
22	20668	31
22	20669	33
22	20670	31
22	20671	31
22	20672	31
22	20673	31
22	20674	31
22	20675	31
22	20676	31
22	20677	30
22	20678	30
22	20679	30
22	20680	30
22	20681	30
22	20682	30
22	20683	30
22	20684	30
22	20685	30
22	20686	30
22	20687	30
22	20688	29
22	20689	29
22	20690	31
22	20691	31
22	20692	31
22	20693	31
22	20694	31
22	20695	32
22	20696	32
22	20697	32
22	20698	32
22	20699	32
22	20700	32
22	20701	32
22	20702	32
22	20703	32
22	20704	32
22	20705	32
22	20706	31
22	20707	31
22	20708	31
22	20709	31
22	20710	31
22	20711	31
22	20712	31
22	20713	32
22	20714	33
22	20715	33
22	20716	33
22	20717	33
22	20718	31
22	20719	31
22	20720	31
22	20721	31
22	20722	30
22	20723	32
22	20724	32
22	20725	32
22	20726	32
22	20727	32
22	20728	32
22	20729	31
22	20730	31
22	20731	33
22	20732	32
22	20733	30
22	20734	30
22	20735	31
22	20736	31
22	20737	31
22	20738	33
22	20739	31
22	20740	31
22	20741	31
22	20742	32
22	20743	32
22	20744	31
22	20745	31
22	20746	33
22	20747	33
22	20748	32
22	20749	32
22	20750	32
22	20751	32
22	20752	32
22	20753	32
22	20754	32
22	20755	32
22	20756	32
22	20757	32
22	20758	32
22	20759	31
22	20760	31
22	20761	31
22	20762	30
22	20763	30
22	20764	30
22	20765	31
22	20766	31
22	20767	31
22	20768	31
22	20769	31
22	20770	31
22	20771	31
22	20772	31
22	20773	31
22	20774	31
22	20775	31
22	20776	31
22	20777	31
22	20778	31
22	20779	32
22	20780	32
22	20781	33
22	20782	32
22	20783	32
22	20784	32
22	20785	33
22	20786	33
22	20787	32
22	20788	32
22	20789	32
22	20790	32
22	20791	32
22	20792	32
22	20793	32
22	20794	32
22	20795	32
22	20796	33
22	20797	33
22	20798	33
22	20799	29
22	20800	29
22	20801	28
22	20802	30
22	20803	30
22	20804	30
22	20805	29
22	20806	30
22	20807	30
22	20808	30
22	20809	30
22	20810	28
22	20811	28
22	20812	28
22	20813	28
22	20814	28
22	20815	28
22	20816	28
22	20817	26
22	20818	26
22	20819	26
22	20820	26
22	20821	26
22	20822	26
22	20823	26
22	20824	31
22	20825	31
22	20826	31
22	20827	31
22	20828	31
22	20829	32
22	20830	32
22	20831	32
22	20832	32
22	20833	32
22	20834	35
22	20835	35
22	20836	35
22	20837	35
22	20838	35
22	20839	35
22	20840	33
22	20841	33
22	20842	33
22	20843	33
22	20844	34
22	20845	34
22	20846	34
22	20847	34
22	20848	34
22	20849	34
22	20850	34
22	20851	34
22	20852	34
22	20853	34
22	20854	34
22	20855	34
22	20856	34
22	20857	35
22	20858	36
22	20859	36
22	20860	36
22	20861	37
22	20862	37
22	20863	35
22	20864	35
22	20865	36
22	20866	36
22	20867	35
22	20868	34
22	20869	34
22	20870	34
22	20871	34
22	20872	34
22	20873	35
22	20874	35
22	20875	35
22	20876	35
22	20877	35
22	20878	36
22	20879	37
22	20880	35
22	20881	33
22	20882	31
22	20883	31
22	20884	31
22	20885	31
22	20886	33
22	20887	32
22	20888	32
22	20889	33
22	20890	33
22	20891	32
22	20892	32
22	20893	35
22	20894	37
22	20895	35
22	20896	35
22	20897	35
22	20898	35
22	20899	35
22	20900	35
22	20901	34
22	20902	34
22	20903	34
22	20904	34
22	20905	40
22	20906	40
22	20907	40
22	20908	40
22	20909	42
22	20910	42
22	20911	42
22	20912	40
22	20913	40
22	20914	42
22	20915	41
22	20916	41
22	20917	41
22	20918	42
22	20919	42
22	20920	42
22	20921	42
22	20922	42
22	20923	42
22	20924	42
22	20925	42
22	20926	42
22	20927	41
22	20928	42
22	20929	42
22	20930	42
22	20931	41
22	20932	41
22	20933	41
22	20934	41
22	20935	40
22	20936	40
22	20937	43
22	20938	42
22	20939	42
22	20940	43
22	20941	44
22	20942	47
22	20943	47
22	20944	47
22	20945	46
22	20946	44
22	20947	44
22	20948	44
22	20949	44
22	20950	43
22	20951	43
22	20952	43
22	20953	43
22	20954	48
22	20955	47
22	20956	48
22	20957	48
22	20958	48
22	20959	49
22	20960	49
22	20961	49
22	20962	49
22	20963	49
22	20964	49
22	20965	49
22	20966	49
22	20967	49
22	20968	49
22	20969	49
22	20970	49
22	20971	49
22	20972	49
22	20973	49
22	20974	49
22	20975	49
22	20976	49
22	20977	49
22	20978	49
22	20979	48
22	20980	49
22	20981	49
22	20982	49
22	20983	46
22	20984	46
22	20985	46
22	20986	48
22	20987	48
22	20988	50
22	20989	49
22	20990	49
22	20991	50
22	20992	50
22	20993	50
22	20994	50
22	20995	50
22	20996	50
22	20997	50
22	20998	50
22	20999	50
22	21000	50
22	21001	50
22	21002	50
22	21003	50
22	21004	50
22	21005	52
22	21006	54
22	21007	53
22	21008	52
22	21009	52
22	21010	52
22	21011	52
22	21012	52
22	21013	52
22	21014	52
22	21015	51
22	21016	51
22	21017	51
22	21018	51
22	21019	51
22	21020	51
22	21021	51
22	21022	51
22	21023	50
22	21024	50
22	21025	51
22	21026	51
22	21027	50
22	21028	49
22	21029	49
22	21030	51
22	21031	51
22	21032	52
22	21033	52
22	21034	52
22	21035	55
22	21036	53
22	21037	53
22	21038	53
22	21039	52
22	21040	52
22	21041	53
22	21042	50
22	21043	50
22	21044	46
22	21045	46
22	21046	46
22	21047	46
22	21048	46
22	21049	46
22	21050	47
22	21051	48
22	21052	48
22	21053	46
22	21054	42
22	21055	42
22	21056	42
22	21057	43
22	21058	43
22	21059	42
22	21060	42
22	21061	41
22	21062	41
22	21063	41
22	21064	39
22	21065	40
22	21066	41
22	21067	41
22	21068	41
22	21069	41
22	21070	41
22	21071	41
22	21072	41
22	21073	41
22	21074	41
22	21075	41
22	21076	41
22	21077	40
22	21078	39
22	21079	40
22	21080	40
22	21081	40
22	21082	40
22	21083	40
22	21084	40
22	21085	40
22	21086	37
22	21087	38
22	21088	39
22	21089	39
22	21090	39
22	21091	40
22	21092	37
22	21093	37
22	21094	37
22	21095	37
22	21096	37
22	21097	38
22	21098	38
22	21099	38
22	21100	38
22	21101	39
22	21102	39
22	21103	36
22	21104	32
22	21105	34
22	21106	33
22	21107	34
22	21108	34
22	21109	33
22	21110	33
22	21111	33
22	21112	33
22	21113	33
22	21114	33
22	21115	34
22	21116	34
22	21117	34
22	21118	34
22	21119	34
22	21120	34
22	21121	34
22	21122	33
22	21123	33
22	21124	33
22	21125	34
22	21126	38
22	21127	38
22	21128	38
22	21129	37
22	21130	37
22	21131	37
22	21132	37
22	21133	38
22	21134	40
22	21135	38
22	21136	38
22	21137	38
22	21138	40
22	21139	40
22	21140	40
22	21141	43
22	21142	43
22	21143	44
22	21144	45
22	21145	45
22	21146	45
22	21147	45
22	21148	45
22	21149	45
22	21150	45
22	21151	45
22	21152	45
22	21153	45
22	21154	46
22	21155	46
22	21156	46
22	21157	46
22	21158	46
22	21159	46
22	21160	46
22	21161	46
22	21162	47
22	21163	47
22	21164	48
22	21165	48
22	21166	48
22	21167	51
22	21168	51
22	21169	53
22	21170	54
22	21171	54
22	21172	54
22	21173	54
22	21174	54
22	21175	53
22	21176	53
22	21177	53
22	21178	53
22	21179	53
22	21180	51
22	21181	51
22	21182	50
22	21183	53
22	21184	53
22	21185	50
22	21186	49
22	21187	49
22	21188	49
22	21189	49
22	21190	48
22	21191	48
22	21192	48
22	21193	48
22	21194	48
22	21195	49
22	21196	49
22	21197	49
22	21198	49
22	21199	49
22	21200	49
22	21201	47
22	21202	47
22	21203	47
22	21204	47
22	21205	47
22	21206	47
22	21207	49
22	21208	49
22	21209	51
22	21210	52
22	21211	52
22	21212	52
22	21213	52
22	21214	52
22	21215	53
22	21216	52
22	21217	51
22	21218	52
22	21219	54
22	21220	56
22	21221	56
22	21222	56
22	21223	56
22	21224	56
22	21225	56
22	21226	58
22	21227	58
22	21228	59
22	21229	59
22	21230	61
22	21231	61
22	21232	61
22	21233	61
22	21234	61
22	21235	61
22	21236	61
22	21237	61
22	21238	59
22	21239	58
22	21240	62
22	21241	62
22	21242	62
22	21243	62
22	21244	62
22	21245	62
22	21246	61
22	21247	62
22	21248	63
22	21249	63
22	21250	62
22	21251	62
22	21252	62
22	21253	63
22	21254	64
22	21255	62
22	21256	60
22	21257	60
22	21258	60
22	21259	60
22	21260	60
22	21261	60
22	21262	60
22	21263	60
22	21264	59
22	21265	59
22	21266	59
22	21267	59
22	21268	59
22	21269	61
22	21270	61
22	21271	61
22	21272	61
22	21273	61
22	21274	61
22	21275	61
22	21276	61
22	21277	61
22	21278	61
22	21279	61
22	21280	61
22	21281	61
22	21282	58
22	21283	58
22	21284	58
22	21285	58
22	21286	56
22	21287	56
22	21288	57
22	21289	57
22	21290	57
22	21291	54
22	21292	53
22	21293	53
22	21294	52
22	21295	52
22	21296	52
22	21297	53
22	21298	53
22	21299	53
22	21300	53
22	21301	54
22	21302	54
22	21303	53
22	21304	53
22	21305	53
22	21306	53
22	21307	53
22	21308	56
22	21309	56
22	21310	56
22	21311	55
22	21312	54
22	21313	54
22	21314	55
22	21315	55
22	21316	53
22	21317	52
22	21318	53
22	21319	51
22	21320	51
22	21321	51
22	21322	51
22	21323	51
22	21324	51
22	21325	51
22	21326	51
22	21327	54
22	21328	54
22	21329	54
22	21330	54
22	21331	54
22	21332	54
22	21333	50
22	21334	50
22	21335	52
22	21336	52
22	21337	54
22	21338	54
22	21339	54
22	21340	54
22	21341	54
22	21342	54
22	21343	54
22	21344	54
22	21345	53
22	21346	53
22	21347	56
22	21348	56
22	21349	56
22	21350	56
22	21351	56
22	21352	61
22	21353	61
22	21354	61
22	21355	61
22	21356	61
22	21357	58
22	21358	58
22	21359	56
22	21360	56
22	21361	56
22	21362	56
22	21363	55
22	21364	54
22	21365	55
22	21366	55
22	21367	54
22	21368	54
22	21369	52
22	21370	53
22	21371	53
22	21372	53
22	21373	53
22	21374	54
22	21375	52
22	21376	53
22	21377	53
22	21378	52
22	21379	52
22	21380	50
22	21381	50
22	21382	48
22	21383	48
22	21384	47
22	21385	47
22	21386	47
22	21387	46
22	21388	46
22	21389	46
22	21390	44
22	21391	44
22	21392	44
22	21393	44
22	21394	44
22	21395	44
22	21396	43
22	21397	42
22	21398	38
22	21399	38
22	21400	38
22	21401	38
22	21402	38
22	21403	38
22	21404	49
22	21405	47
22	21406	48
22	21407	48
22	21408	48
22	21409	48
22	21410	48
22	21411	48
22	21412	48
22	21413	48
22	21414	48
22	21415	50
22	21416	50
22	21417	50
22	21418	50
22	21419	48
22	21420	48
22	21421	48
22	21422	48
22	21423	47
22	21424	44
22	21425	44
22	21426	44
22	21427	44
22	21428	44
22	21429	44
22	21430	44
22	21431	45
22	21432	45
22	21433	47
22	21434	48
22	21435	48
22	21436	47
22	21437	47
22	21438	47
22	21439	47
22	21440	47
22	21441	47
22	21442	48
22	21443	48
22	21444	48
22	21445	48
22	21446	48
22	21447	48
22	21448	48
22	21449	48
22	21450	48
22	21451	47
22	21452	47
22	21453	47
22	21454	47
22	21455	49
22	21456	49
22	21457	46
22	21458	46
22	21459	48
22	21460	48
22	21461	46
22	21462	46
22	21463	47
22	21464	47
22	21465	47
22	21466	47
22	21467	47
22	21468	46
22	21469	46
22	21470	46
22	21471	46
22	21472	46
22	21473	46
22	21474	47
22	21475	47
22	21476	49
22	21477	46
22	21478	46
22	21479	46
22	21480	46
22	21481	46
22	21482	46
22	21483	45
22	21484	45
22	21485	45
22	21486	45
22	21487	43
22	21488	43
22	21489	44
22	21490	44
22	21491	44
22	21492	47
22	21493	48
22	21494	48
22	21495	46
22	21496	45
22	21497	45
22	21498	48
22	21499	48
22	21500	48
22	21501	49
22	21502	49
22	21503	49
22	21504	48
22	21505	48
22	21506	48
22	21507	48
22	21508	48
22	21509	48
22	21510	49
22	21511	52
22	21512	52
22	21513	52
22	21514	51
22	21515	52
22	21516	53
22	21517	52
22	21518	51
22	21519	51
22	21520	52
22	21521	52
22	21522	52
22	21523	51
22	21524	50
22	21525	50
22	21526	50
22	21527	52
22	21528	53
22	21529	53
22	21530	53
22	21531	53
22	21532	53
22	21533	57
22	21534	57
22	21535	58
22	21536	58
22	21537	59
22	21538	59
22	21539	67
22	21540	68
22	21541	68
22	21542	64
22	21543	66
22	21544	66
22	21545	66
22	21546	66
22	21547	63
22	21548	65
22	21549	65
22	21550	66
22	21551	66
22	21552	66
22	21553	66
22	21554	58
22	21555	59
22	21556	63
22	21557	64
22	21558	64
22	21559	64
22	21560	64
22	21561	64
22	21562	64
22	21563	64
22	21564	67
22	21565	65
22	21566	65
22	21567	65
22	21568	65
22	21569	66
22	21570	66
22	21571	66
22	21572	67
22	21573	67
22	21574	67
22	21575	67
22	21576	67
22	21577	67
22	21578	71
22	21579	73
22	21580	72
22	21581	72
22	21582	72
22	21583	74
22	21584	73
22	21585	73
22	21586	73
22	21587	73
22	21588	73
22	21589	73
22	21590	73
22	21591	73
22	21592	72
22	21593	72
22	21594	72
22	21595	72
22	21596	73
22	21597	72
22	21598	72
22	21599	72
22	21600	72
22	21601	72
22	21602	73
22	21603	73
22	21604	72
22	21605	71
22	21606	71
22	21607	72
22	21608	70
22	21609	70
22	21610	70
22	21611	70
22	21612	70
22	21613	67
22	21614	67
22	21615	67
22	21616	67
22	21617	67
22	21618	66
22	21619	66
22	21620	66
22	21621	66
22	21622	66
22	21623	66
22	21624	65
22	21625	65
22	21626	61
22	21627	61
22	21628	62
22	21629	62
22	21630	64
22	21631	63
22	21632	63
22	21633	63
22	21634	63
22	21635	59
22	21636	60
22	21637	62
22	21638	62
22	21639	61
22	21640	61
22	21641	59
22	21642	59
22	21643	62
22	21644	62
22	21645	62
22	21646	62
22	21647	63
22	21648	63
22	21649	63
22	21650	63
22	21651	62
22	21652	60
22	21653	60
22	21654	60
22	21655	60
22	21656	60
22	21657	60
22	21658	60
22	21659	59
22	21660	62
22	21661	62
22	21662	62
22	21663	63
22	21664	62
22	21665	61
22	21666	61
22	21667	61
22	21668	61
22	21669	60
22	21670	59
22	21671	59
22	21672	60
22	21673	60
22	21674	60
22	21675	60
22	21676	59
22	21677	58
22	21678	62
22	21679	62
22	21680	62
22	21681	63
22	21682	63
22	21683	61
22	21684	61
22	21685	60
22	21686	59
22	21687	53
22	21688	52
22	21689	51
22	21690	50
22	21691	50
22	21692	50
22	21693	50
22	21694	50
22	21695	50
22	21696	50
22	21697	52
22	21698	50
22	21699	52
22	21700	51
22	21701	50
22	21702	50
22	21703	50
22	21704	50
22	21705	50
22	21706	45
22	21707	44
22	21708	45
22	21709	46
22	21710	46
22	21711	46
22	21712	46
22	21713	46
22	21714	43
22	21715	43
22	21716	43
22	21717	43
22	21718	43
22	21719	43
22	21720	47
22	21721	46
22	21722	46
22	21723	46
22	21724	46
22	21725	47
22	21726	47
22	21727	44
22	21728	44
22	21729	40
22	21730	40
22	21731	40
22	21732	40
22	21733	40
22	21734	39
22	21735	39
22	21736	39
22	21737	39
22	21738	42
22	21739	46
22	21740	46
22	21741	46
22	21742	46
22	21743	46
22	21744	45
22	21745	45
22	21746	45
22	21747	45
22	21748	45
22	21749	45
22	21750	46
22	21751	45
22	21752	45
22	21753	45
22	21754	49
22	21755	51
22	21756	50
22	21757	50
22	21758	50
22	21759	50
22	21760	50
22	21761	50
22	21762	50
22	21763	50
22	21764	50
22	21765	50
22	21766	50
22	21767	51
22	21768	54
22	21769	54
22	21770	54
22	21771	54
22	21772	55
22	21773	55
22	21774	55
22	21775	55
22	21776	53
22	21777	52
22	21778	55
22	21779	55
22	21780	55
22	21781	55
22	21782	55
22	21783	55
22	21784	55
22	21785	55
22	21786	54
22	21787	52
22	21788	52
22	21789	53
22	21790	53
22	21791	53
22	21792	52
22	21793	52
22	21794	52
22	21795	52
22	21796	51
22	21797	51
22	21798	51
22	21799	51
22	21800	50
22	21801	50
22	21802	50
22	21803	50
22	21804	50
22	21805	50
22	21806	50
22	21807	50
22	21808	50
22	21809	50
22	21810	46
22	21811	46
22	21812	46
22	21813	46
22	21814	46
22	21815	46
22	21816	46
22	21817	46
22	21818	47
22	21819	47
22	21820	48
22	21821	47
22	21822	47
22	21823	47
22	21824	49
22	21825	49
22	21826	49
22	21827	50
22	21828	47
22	21829	47
22	21830	46
22	21831	46
22	21832	46
22	21833	46
22	21834	46
22	21835	45
22	21836	44
22	21837	44
22	21838	44
22	21839	44
22	21840	44
22	21841	44
22	21842	44
22	21843	45
22	21844	45
22	21845	47
22	21846	47
22	21847	45
22	21848	45
22	21849	43
22	21850	44
22	21851	44
22	21852	42
22	21853	42
22	21854	42
22	21855	42
22	21856	42
22	21857	41
22	21858	41
22	21859	41
22	21860	41
22	21861	44
22	21862	44
22	21863	44
22	21864	46
22	21865	46
22	21866	46
22	21867	46
22	21868	46
22	21869	42
22	21870	42
22	21871	42
22	21872	42
22	21873	42
22	21874	41
22	21875	40
22	21876	40
22	21877	39
22	21878	42
22	21879	43
22	21880	44
22	21881	44
22	21882	43
22	21883	43
22	21884	43
22	21885	43
22	21886	43
22	21887	38
22	21888	38
22	21889	34
22	21890	34
22	21891	34
22	21892	34
22	21893	34
22	21894	34
22	21895	35
22	21896	37
22	21897	37
22	21898	38
22	21899	38
22	21900	38
22	21901	38
22	21902	38
22	21903	37
22	21904	40
22	21905	43
22	21906	43
22	21907	44
22	21908	44
22	21909	44
22	21910	44
22	21911	44
22	21912	44
22	21913	44
22	21914	45
22	21915	46
22	21916	46
22	21917	44
22	21918	45
22	21919	45
22	21920	46
22	21921	46
22	21922	45
22	21923	44
22	21924	44
22	21925	44
22	21926	44
22	21927	44
22	21928	42
22	21929	43
22	21930	43
22	21931	44
22	21932	44
22	21933	45
22	21934	45
22	21935	46
22	21936	46
22	21937	48
22	21938	48
22	21939	48
22	21940	48
22	21941	48
22	21942	48
22	21943	47
22	21944	47
22	21945	47
22	21946	48
22	21947	48
22	21948	49
22	21949	49
22	21950	49
22	21951	50
22	21952	50
22	21953	50
22	21954	50
22	21955	50
22	21956	50
22	21957	51
22	21958	51
22	21959	51
22	21960	51
22	21961	51
22	21962	50
22	21963	50
22	21964	50
22	21965	50
22	21966	50
22	21967	49
22	21968	49
22	21969	51
22	21970	51
22	21971	51
22	21972	51
22	21973	49
22	21974	49
22	21975	49
22	21976	48
22	21977	48
22	21978	48
22	21979	49
22	21980	49
22	21981	47
22	21982	48
22	21983	48
22	21984	48
22	21985	49
22	21986	49
22	21987	49
22	21988	51
22	21989	51
22	21990	51
22	21991	50
22	21992	50
22	21993	51
22	21994	50
22	21995	49
22	21996	49
22	21997	49
22	21998	49
22	21999	49
22	22000	48
22	22001	48
22	22002	48
22	22003	48
22	22004	47
22	22005	47
22	22006	47
22	22007	47
22	22008	47
22	22009	47
22	22010	46
22	22011	46
22	22012	46
22	22013	46
22	22014	44
22	22015	46
22	22016	46
22	22017	46
22	22018	46
22	22019	46
22	22020	46
22	22021	46
22	22022	46
22	22023	46
22	22024	45
22	22025	45
22	22026	45
22	22027	44
22	22028	43
22	22029	43
22	22030	42
22	22031	42
22	22032	42
22	22033	42
22	22034	44
22	22035	44
22	22036	44
22	22037	45
22	22038	45
22	22039	45
22	22040	45
22	22041	45
22	22042	45
22	22043	44
22	22044	44
22	22045	43
22	22046	42
22	22047	41
22	22048	43
22	22049	43
22	22050	43
22	22051	43
22	22052	42
22	22053	42
22	22054	38
22	22055	36
22	22056	37
22	22057	37
22	22058	37
22	22059	38
22	22060	39
22	22061	39
22	22062	39
22	22063	39
22	22064	39
22	22065	39
22	22066	41
22	22067	40
22	22068	40
22	22069	40
22	22070	39
22	22071	39
22	22072	39
22	22073	40
22	22074	40
22	22075	40
22	22076	44
22	22077	44
22	22078	43
22	22079	42
22	22080	42
22	22081	41
22	22082	41
22	22083	40
22	22084	38
22	22085	37
22	22086	36
22	22087	37
22	22088	36
22	22089	37
22	22090	37
22	22091	37
22	22092	37
22	22093	37
22	22094	37
22	22095	36
22	22096	36
22	22097	35
22	22098	37
22	22099	37
22	22100	37
22	22101	36
22	22102	36
22	22103	36
22	22104	37
22	22105	37
22	22106	38
22	22107	37
22	22108	37
22	22109	37
22	22110	37
22	22111	37
22	22112	37
22	22113	37
22	22114	37
22	22115	37
22	22116	37
22	22117	37
22	22118	36
22	22119	36
22	22120	38
22	22121	38
22	22122	38
22	22123	39
22	22124	41
22	22125	42
22	22126	42
22	22127	41
22	22128	41
22	22129	40
22	22130	43
22	22131	42
22	22132	42
22	22133	42
22	22134	43
22	22135	42
22	22136	44
22	22137	42
22	22138	41
22	22139	42
22	22140	45
22	22141	45
22	22142	45
22	22143	42
22	22144	42
22	22145	42
22	22146	42
22	22147	42
22	22148	42
22	22149	42
22	22150	42
22	22151	44
22	22152	44
22	22153	44
22	22154	46
22	22155	46
22	22156	46
22	22157	46
22	22158	46
22	22159	46
22	22160	48
22	22161	48
22	22162	48
22	22163	51
22	22164	51
22	22165	51
22	22166	52
22	22167	52
22	22168	52
22	22169	52
22	22170	54
22	22171	54
22	22172	54
22	22173	54
22	22174	54
22	22175	54
22	22176	54
22	22177	54
22	22178	54
22	22179	55
22	22180	55
22	22181	53
22	22182	53
22	22183	53
22	22184	51
22	22185	51
22	22186	50
22	22187	50
22	22188	51
22	22189	53
22	22190	54
22	22191	55
22	22192	55
22	22193	55
22	22194	55
22	22195	56
22	22196	57
22	22197	57
22	22198	57
22	22199	57
22	22200	57
22	22201	57
22	22202	57
22	22203	58
22	22204	59
22	22205	60
22	22206	60
22	22207	59
22	22208	59
22	22209	57
22	22210	57
22	22211	58
22	22212	58
22	22213	58
22	22214	56
22	22215	56
22	22216	54
22	22217	54
22	22218	54
22	22219	54
22	22220	53
22	22221	53
22	22222	53
22	22223	53
22	22224	53
22	22225	51
22	22226	51
22	22227	51
22	22228	51
22	22229	52
22	22230	52
22	22231	52
22	22232	52
22	22233	51
22	22234	51
22	22235	54
22	22236	53
22	22237	54
22	22238	53
22	22239	53
22	22240	53
22	22241	53
22	22242	53
22	22243	53
22	22244	54
22	22245	54
22	22246	54
22	22247	54
22	22248	54
22	22249	54
22	22250	54
22	22251	54
22	22252	54
22	22253	53
22	22254	53
22	22255	53
22	22256	52
22	22257	52
22	22258	54
22	22259	54
22	22260	54
22	22261	54
22	22262	54
22	22263	54
22	22264	54
22	22265	55
22	22266	55
22	22267	51
22	22268	51
22	22269	51
22	22270	50
22	22271	50
22	22272	49
22	22273	49
22	22274	47
22	22275	47
22	22276	46
22	22277	46
22	22278	46
22	22279	46
22	22280	44
22	22281	44
22	22282	44
22	22283	44
22	22284	44
22	22285	44
22	22286	43
22	22287	43
22	22288	40
22	22289	39
22	22290	39
22	22291	39
22	22292	39
22	22293	39
22	22294	39
22	22295	39
22	22296	39
22	22297	40
22	22298	40
22	22299	40
22	22300	40
22	22301	38
22	22302	39
22	22303	38
22	22304	47
22	22305	47
22	22306	47
22	22307	47
22	22308	47
22	22309	49
22	22310	50
22	22311	50
22	22312	49
22	22313	46
22	22314	46
22	22315	44
22	22316	44
22	22317	44
22	22318	44
22	22319	45
22	22320	44
22	22321	44
22	22322	44
22	22323	45
22	22324	45
22	22325	45
22	22326	46
22	22327	46
22	22328	46
22	22329	46
22	22330	46
22	22331	46
22	22332	47
22	22333	47
22	22334	50
22	22335	48
22	22336	48
22	22337	47
22	22338	47
22	22339	48
22	22340	47
22	22341	46
22	22342	46
22	22343	47
22	22344	47
22	22345	45
22	22346	44
22	22347	44
22	22348	44
22	22349	44
22	22350	44
22	22351	44
22	22352	43
22	22353	43
22	22354	42
22	22355	43
22	22356	42
22	22357	42
22	22358	42
22	22359	42
22	22360	42
22	22361	41
22	22362	41
22	22363	41
22	22364	42
22	22365	42
22	22366	42
22	22367	42
22	22368	42
22	22369	42
22	22370	42
22	22371	42
22	22372	43
22	22373	43
22	22374	46
22	22375	46
22	22376	48
22	22377	48
22	22378	48
22	22379	48
22	22380	49
22	22381	49
22	22382	50
22	22383	50
22	22384	50
22	22385	47
22	22386	45
22	22387	44
22	22388	44
22	22389	44
22	22390	44
22	22391	44
22	22392	44
22	22393	43
22	22394	45
22	22395	45
22	22396	46
22	22397	46
22	22398	46
22	22399	46
22	22400	46
22	22401	45
22	22402	45
22	22403	45
22	22404	47
22	22405	48
22	22406	48
22	22407	46
22	22408	46
22	22409	46
22	22410	46
22	22411	46
22	22412	46
22	22413	45
22	22414	45
22	22415	45
22	22416	45
22	22417	45
22	22418	45
22	22419	45
22	22420	45
22	22421	48
22	22422	48
22	22423	48
22	22424	48
22	22425	49
22	22426	49
22	22427	49
22	22428	49
22	22429	52
22	22430	52
22	22431	52
22	22432	52
22	22433	52
22	22434	52
22	22435	53
22	22436	51
22	22437	51
22	22438	53
22	22439	53
22	22440	53
22	22441	53
22	22442	53
22	22443	54
22	22444	56
22	22445	57
22	22446	57
22	22447	56
22	22448	56
22	22449	55
22	22450	55
22	22451	53
22	22452	52
22	22453	51
22	22454	48
22	22455	48
22	22456	48
22	22457	48
22	22458	48
22	22459	46
22	22460	44
22	22461	46
22	22462	46
22	22463	48
22	22464	48
22	22465	49
22	22466	50
22	22467	50
22	22468	50
22	22469	49
22	22470	50
22	22471	52
22	22472	53
22	22473	54
22	22474	54
22	22475	53
22	22476	52
22	22477	53
22	22478	53
22	22479	53
22	22480	53
22	22481	53
22	22482	53
22	22483	50
22	22484	50
22	22485	50
22	22486	50
22	22487	50
22	22488	50
22	22489	49
22	22490	49
22	22491	49
22	22492	49
22	22493	49
22	22494	49
22	22495	54
22	22496	54
22	22497	54
22	22498	56
22	22499	56
22	22500	56
22	22501	56
22	22502	56
22	22503	56
22	22504	56
22	22505	55
22	22506	55
22	22507	55
22	22508	55
22	22509	55
22	22510	55
22	22511	55
22	22512	55
22	22513	54
22	22514	54
22	22515	54
22	22516	54
22	22517	54
22	22518	54
22	22519	54
22	22520	55
22	22521	53
22	22522	53
22	22523	50
22	22524	50
22	22525	50
22	22526	50
22	22527	50
22	22528	50
22	22529	48
22	22530	48
22	22531	48
22	22532	48
22	22533	48
22	22534	48
22	22535	48
22	22536	49
22	22537	50
22	22538	50
22	22539	50
22	22540	50
22	22541	50
22	22542	50
22	22543	48
22	22544	48
22	22545	48
22	22546	47
22	22547	48
22	22548	48
22	22549	48
22	22550	49
22	22551	49
22	22552	50
22	22553	48
22	22554	48
22	22555	48
22	22556	49
22	22557	49
22	22558	50
22	22559	53
22	22560	53
22	22561	53
22	22562	53
22	22563	54
22	22564	55
22	22565	55
22	22566	55
22	22567	61
22	22568	62
22	22569	62
22	22570	62
22	22571	59
22	22572	59
22	22573	59
22	22574	60
22	22575	59
22	22576	55
22	22577	55
22	22578	55
22	22579	55
22	22580	55
22	22581	55
22	22582	55
22	22583	55
22	22584	55
22	22585	54
22	22586	55
22	22587	55
22	22588	53
22	22589	53
22	22590	53
22	22591	53
22	22592	52
22	22593	52
22	22594	49
22	22595	49
22	22596	51
22	22597	51
22	22598	51
22	22599	51
22	22600	51
22	22601	51
22	22602	51
22	22603	48
22	22604	48
22	22605	48
22	22606	48
22	22607	48
22	22608	48
22	22609	48
22	22610	48
22	22611	49
22	22612	49
22	22613	47
22	22614	47
22	22615	46
22	22616	45
22	22617	45
22	22618	45
22	22619	45
22	22620	43
22	22621	42
22	22622	39
22	22623	39
22	22624	39
22	22625	39
22	22626	39
22	22627	38
22	22628	38
22	22629	39
22	22630	39
22	22631	40
22	22632	40
22	22633	40
22	22634	41
22	22635	41
22	22636	41
22	22637	42
22	22638	42
22	22639	42
22	22640	42
22	22641	42
22	22642	42
22	22643	38
22	22644	38
22	22645	37
22	22646	37
22	22647	36
22	22648	36
22	22649	36
22	22650	37
22	22651	37
22	22652	37
22	22653	37
22	22654	37
22	22655	38
22	22656	40
22	22657	41
22	22658	41
22	22659	41
22	22660	41
22	22661	41
22	22662	41
22	22663	41
22	22664	41
22	22665	42
22	22666	42
22	22667	42
22	22668	42
22	22669	42
22	22670	42
22	22671	42
22	22672	42
22	22673	42
22	22674	42
22	22675	42
22	22676	42
22	22677	42
22	22678	42
22	22679	42
22	22680	42
22	22681	42
22	22682	44
22	22683	44
22	22684	44
22	22685	44
22	22686	42
22	22687	42
22	22688	42
22	22689	41
22	22690	42
22	22691	42
22	22692	42
22	22693	42
22	22694	40
22	22695	45
22	22696	47
22	22697	46
22	22698	46
22	22699	45
22	22700	47
22	22701	46
22	22702	46
22	22703	47
22	22704	47
22	22705	47
22	22706	43
22	22707	43
22	22708	43
22	22709	39
22	22710	39
22	22711	39
22	22712	39
22	22713	39
22	22714	38
22	22715	38
22	22716	33
22	22717	32
22	22718	32
22	22719	32
22	22720	32
22	22721	32
22	22722	32
22	22723	34
22	22724	32
22	22725	32
22	22726	32
22	22727	32
22	22728	32
22	22729	34
22	22730	34
22	22731	34
22	22732	34
22	22733	34
22	22734	37
22	22735	37
22	22736	36
22	22737	36
22	22738	36
22	22739	37
22	22740	37
22	22741	37
22	22742	37
22	22743	36
22	22744	36
22	22745	36
22	22746	36
22	22747	36
22	22748	36
22	22749	36
22	22750	36
22	22751	36
22	22752	37
22	22753	37
22	22754	37
22	22755	37
22	22756	39
22	22757	39
22	22758	38
22	22759	38
22	22760	39
22	22761	39
22	22762	39
22	22763	39
22	22764	39
22	22765	38
22	22766	38
22	22767	38
22	22768	38
22	22769	38
22	22770	38
22	22771	38
22	22772	38
22	22773	44
22	22774	43
22	22775	43
22	22776	43
22	22777	43
22	22778	43
22	22779	43
22	22780	42
22	22781	42
22	22782	41
22	22783	41
22	22784	40
22	22785	40
22	22786	44
22	22787	43
22	22788	43
22	22789	43
22	22790	43
22	22791	43
22	22792	43
22	22793	44
22	22794	44
22	22795	44
22	22796	46
22	22797	46
22	22798	46
22	22799	46
22	22800	45
22	22801	42
22	22802	42
22	22803	42
22	22804	43
22	22805	43
22	22806	41
22	22807	40
22	22808	40
22	22809	39
22	22810	40
22	22811	40
22	22812	40
22	22813	40
22	22814	40
22	22815	40
22	22816	40
22	22817	40
22	22818	40
22	22819	40
22	22820	39
22	22821	39
22	22822	39
22	22823	39
22	22824	39
22	22825	39
22	22826	40
22	22827	40
22	22828	40
22	22829	40
22	22830	40
22	22831	39
22	22832	39
22	22833	38
22	22834	38
22	22835	38
22	22836	39
22	22837	42
22	22838	41
22	22839	42
22	22840	43
22	22841	43
22	22842	43
22	22843	43
22	22844	46
22	22845	44
22	22846	43
22	22847	44
22	22848	44
22	22849	44
22	22850	43
22	22851	43
22	22852	43
22	22853	44
22	22854	42
22	22855	42
22	22856	42
22	22857	42
22	22858	43
22	22859	43
22	22860	43
22	22861	42
22	22862	42
22	22863	41
22	22864	41
22	22865	41
22	22866	41
22	22867	41
22	22868	41
22	22869	41
22	22870	43
22	22871	43
22	22872	42
22	22873	41
22	22874	41
22	22875	41
22	22876	41
22	22877	41
22	22878	41
22	22879	41
22	22880	41
22	22881	40
22	22882	40
22	22883	37
22	22884	37
22	22885	37
22	22886	37
22	22887	39
22	22888	39
22	22889	38
22	22890	38
22	22891	38
22	22892	38
22	22893	38
22	22894	38
22	22895	38
22	22896	38
22	22897	38
22	22898	38
22	22899	38
22	22900	40
22	22901	40
22	22902	40
22	22903	41
22	22904	41
22	22905	39
22	22906	39
22	22907	40
22	22908	40
22	22909	40
22	22910	39
22	22911	39
22	22912	39
22	22913	39
22	22914	39
22	22915	39
22	22916	39
22	22917	40
22	22918	40
22	22919	40
22	22920	40
22	22921	40
22	22922	34
22	22923	34
22	22924	34
22	22925	34
22	22926	34
22	22927	34
22	22928	34
22	22929	34
22	22930	34
22	22931	34
22	22932	34
22	22933	34
22	22934	38
22	22935	36
22	22936	36
22	22937	36
22	22938	36
22	22939	37
22	22940	37
22	22941	37
22	22942	37
22	22943	35
22	22944	35
22	22945	35
22	22946	33
22	22947	33
22	22948	33
22	22949	34
22	22950	35
22	22951	35
22	22952	35
22	22953	35
22	22954	34
22	22955	34
22	22956	34
22	22957	34
22	22958	34
22	22959	34
22	22960	35
22	22961	35
22	22962	35
22	22963	35
22	22964	35
22	22965	34
22	22966	35
22	22967	35
22	22968	35
22	22969	34
22	22970	34
22	22971	34
22	22972	34
22	22973	34
22	22974	36
22	22975	35
22	22976	35
22	22977	35
22	22978	35
22	22979	35
22	22980	36
22	22981	36
22	22982	36
22	22983	36
22	22984	36
22	22985	36
22	22986	35
22	22987	33
22	22988	33
22	22989	31
22	22990	30
22	22991	31
22	22992	31
22	22993	31
22	22994	30
22	22995	30
22	22996	30
22	22997	30
22	22998	30
22	22999	30
22	23000	30
22	23001	30
22	23002	30
22	23003	29
22	23004	29
22	23005	29
22	23006	29
22	23007	28
22	23008	28
22	23009	28
22	23010	28
22	23011	28
22	23012	28
22	23013	28
22	23014	28
22	23015	28
22	23016	29
22	23017	30
22	23018	30
22	23019	28
22	23020	28
22	23021	28
22	23022	29
22	23023	30
22	23024	30
22	23025	30
22	23026	30
22	23027	30
22	23028	31
22	23029	33
22	23030	33
22	23031	34
22	23032	34
22	23033	34
22	23034	32
22	23035	32
22	23036	32
22	23037	32
22	23038	32
22	23039	32
22	23040	32
22	23041	33
22	23042	33
22	23043	33
22	23044	34
22	23045	35
22	23046	35
22	23047	35
22	23048	35
22	23049	34
22	23050	32
22	23051	32
22	23052	32
22	23053	31
22	23054	31
22	23055	31
22	23056	31
22	23057	30
22	23058	30
22	23059	30
22	23060	29
22	23061	29
22	23062	29
22	23063	29
22	23064	29
22	23065	29
22	23066	29
22	23067	28
22	23068	28
22	23069	28
22	23070	28
22	23071	29
22	23072	29
22	23073	29
22	23074	29
22	23075	29
22	23076	29
22	23077	29
22	23078	29
22	23079	29
22	23080	29
22	23081	29
22	23082	25
22	23083	25
22	23084	26
22	23085	26
22	23086	26
22	23087	26
22	23088	26
22	23089	25
22	23090	25
22	23091	25
22	23092	25
22	23093	27
22	23094	26
22	23095	26
22	23096	26
22	23097	26
22	23098	26
22	23099	26
22	23100	26
22	23101	26
22	23102	26
22	23103	26
22	23104	30
22	23105	31
22	23106	31
22	23107	31
22	23108	31
22	23109	31
22	23110	34
22	23111	34
22	23112	34
22	23113	33
22	23114	35
22	23115	36
22	23116	36
22	23117	35
22	23118	36
22	23119	36
22	23120	36
22	23121	36
22	23122	36
22	23123	35
22	23124	35
22	23125	36
22	23126	38
22	23127	39
22	23128	39
22	23129	39
22	23130	39
22	23131	43
22	23132	43
22	23133	43
22	23134	43
22	23135	43
22	23136	46
22	23137	46
22	23138	46
22	23139	46
22	23140	47
22	23141	48
22	23142	48
22	23143	46
22	23144	45
22	23145	44
22	23146	44
22	23147	44
22	23148	44
22	23149	45
22	23150	45
22	23151	46
22	23152	46
22	23153	46
22	23154	47
22	23155	47
22	23156	47
22	23157	47
22	23158	47
22	23159	47
22	23160	47
22	23161	47
22	23162	47
22	23163	47
22	23164	52
22	23165	52
22	23166	52
22	23167	51
22	23168	51
22	23169	52
22	23170	52
22	23171	51
22	23172	51
22	23173	51
22	23174	51
22	23175	51
22	23176	51
22	23177	50
22	23178	46
22	23179	46
22	23180	48
22	23181	47
22	23182	47
22	23183	48
22	23184	48
22	23185	48
22	23186	48
22	23187	48
22	23188	49
22	23189	52
22	23190	52
22	23191	52
22	23192	53
22	23193	53
22	23194	51
22	23195	51
22	23196	51
22	23197	51
22	23198	51
22	23199	52
22	23200	52
22	23201	52
22	23202	53
22	23203	53
22	23204	54
22	23205	54
22	23206	55
22	23207	55
22	23208	55
22	23209	55
22	23210	55
22	23211	55
22	23212	55
22	23213	55
22	23214	56
22	23215	56
22	23216	56
22	23217	58
22	23218	58
22	23219	60
22	23220	60
22	23221	60
22	23222	60
22	23223	60
22	23224	60
22	23225	62
22	23226	63
22	23227	63
22	23228	63
22	23229	63
22	23230	64
22	23231	64
22	23232	64
22	23233	63
22	23234	64
22	23235	64
22	23236	67
22	23237	68
22	23238	68
22	23239	69
22	23240	69
22	23241	69
22	23242	70
22	23243	68
22	23244	68
22	23245	68
22	23246	69
22	23247	69
22	23248	71
22	23249	71
22	23250	71
22	23251	71
22	23252	71
22	23253	70
22	23254	69
22	23255	68
22	23256	68
22	23257	68
22	23258	68
22	23259	68
22	23260	66
22	23261	66
22	23262	65
22	23263	64
22	23264	62
22	23265	61
22	23266	61
22	23267	61
22	23268	61
22	23269	61
22	23270	61
22	23271	61
22	23272	61
22	23273	60
22	23274	61
22	23275	60
22	23276	58
22	23277	59
22	23278	59
22	23279	61
22	23280	57
22	23281	57
22	23282	57
22	23283	54
22	23284	54
22	23285	54
22	23286	51
22	23287	51
22	23288	51
22	23289	51
22	23290	49
22	23291	49
22	23292	49
22	23293	49
22	23294	49
22	23295	49
22	23296	49
22	23297	51
22	23298	51
22	23299	51
22	23300	51
22	23301	50
22	23302	50
22	23303	49
22	23304	49
22	23305	49
22	23306	49
22	23307	49
22	23308	49
22	23309	49
22	23310	49
22	23311	49
22	23312	49
22	23313	45
22	23314	44
22	23315	44
22	23316	44
22	23317	44
22	23318	43
22	23319	44
22	23320	44
22	23321	44
22	23322	44
22	23323	43
22	23324	44
22	23325	44
22	23326	44
22	23327	45
22	23328	45
22	23329	45
22	23330	41
22	23331	41
22	23332	39
22	23333	38
22	23334	40
22	23335	40
22	23336	40
22	23337	39
22	23338	38
22	23339	38
22	23340	38
22	23341	38
22	23342	37
22	23343	37
22	23344	37
22	23345	37
22	23346	37
22	23347	37
22	23348	36
22	23349	36
22	23350	36
22	23351	35
22	23352	35
22	23353	35
22	23354	35
22	23355	34
22	23356	35
22	23357	35
22	23358	35
22	23359	35
22	23360	35
22	23361	35
22	23362	39
22	23363	39
22	23364	38
22	23365	39
22	23366	39
22	23367	39
22	23368	39
22	23369	37
22	23370	37
22	23371	37
22	23372	36
22	23373	36
22	23374	34
22	23375	35
22	23376	34
22	23377	34
22	23378	34
22	23379	34
22	23380	33
22	23381	33
22	23382	34
22	23383	34
22	23384	31
22	23385	31
22	23386	28
22	23387	27
22	23388	27
22	23389	26
22	23390	26
22	23391	26
22	23392	23
22	23393	23
22	23394	25
22	23395	32
22	23396	30
22	23397	30
22	23398	28
22	23399	29
22	23400	29
22	23401	34
22	23402	35
22	23403	34
22	23404	34
22	23405	34
22	23406	35
22	23407	35
22	23408	35
22	23409	35
22	23410	34
22	23411	34
22	23412	35
22	23413	35
22	23414	35
22	23415	35
22	23416	35
22	23417	35
22	23418	35
22	23419	35
22	23420	44
22	23421	46
22	23422	46
22	23423	46
22	23424	45
22	23425	45
22	23426	45
22	23427	45
22	23428	46
22	23429	45
22	23430	45
22	23431	45
22	23432	46
22	23433	46
22	23434	46
22	23435	47
22	23436	46
22	23437	46
22	23438	46
22	23439	46
22	23440	46
22	23441	46
22	23442	46
22	23443	46
22	23444	46
22	23445	46
22	23446	46
22	23447	44
22	23448	47
22	23449	48
22	23450	48
22	23451	49
22	23452	49
22	23453	49
22	23454	49
22	23455	50
22	23456	52
22	23457	52
22	23458	52
22	23459	52
22	23460	53
22	23461	53
22	23462	54
22	23463	54
22	23464	54
22	23465	54
22	23466	54
22	23467	54
22	23468	54
22	23469	54
22	23470	54
22	23471	54
22	23472	56
22	23473	55
22	23474	55
22	23475	55
22	23476	55
22	23477	54
22	23478	54
22	23479	54
22	23480	55
22	23481	56
22	23482	57
22	23483	57
22	23484	57
22	23485	57
22	23486	57
22	23487	57
22	23488	57
22	23489	57
22	23490	57
22	23491	59
22	23492	59
22	23493	59
22	23494	59
22	23495	59
22	23496	60
22	23497	62
22	23498	62
22	23499	62
22	23500	62
22	23501	58
22	23502	60
22	23503	60
22	23504	59
22	23505	59
22	23506	59
22	23507	58
22	23508	58
22	23509	58
22	23510	60
22	23511	62
22	23512	61
22	23513	61
22	23514	61
22	23515	60
22	23516	60
22	23517	60
22	23518	60
22	23519	60
22	23520	60
22	23521	60
22	23522	59
22	23523	59
22	23524	59
22	23525	58
22	23526	58
22	23527	58
22	23528	58
22	23529	57
22	23530	60
22	23531	60
22	23532	59
22	23533	58
22	23534	57
22	23535	58
22	23536	61
22	23537	63
22	23538	63
22	23539	58
22	23540	57
22	23541	58
22	23542	59
22	23543	59
22	23544	57
22	23545	57
22	23546	58
22	23547	61
22	23548	61
22	23549	60
22	23550	60
22	23551	58
22	23552	57
22	23553	57
22	23554	57
22	23555	56
22	23556	57
22	23557	58
22	23558	58
22	23559	58
22	23560	58
22	23561	57
22	23562	61
22	23563	61
22	23564	61
22	23565	61
22	23566	61
22	23567	62
22	23568	62
22	23569	56
22	23570	53
22	23571	53
22	23572	53
22	23573	55
22	23574	55
22	23575	55
22	23576	55
22	23577	54
22	23578	55
22	23579	55
22	23580	55
22	23581	55
22	23582	54
22	23583	54
22	23584	53
22	23585	53
22	23586	53
22	23587	53
22	23588	53
22	23589	53
22	23590	53
22	23591	53
22	23592	54
22	23593	57
22	23594	57
22	23595	57
22	23596	57
22	23597	56
22	23598	55
22	23599	56
22	23600	56
22	23601	55
22	23602	55
22	23603	53
22	23604	52
22	23605	52
22	23606	52
22	23607	52
22	23608	52
22	23609	52
22	23610	51
22	23611	51
22	23612	51
22	23613	51
22	23614	51
22	23615	50
22	23616	50
22	23617	50
22	23618	50
22	23619	50
22	23620	52
22	23621	51
22	23622	50
22	23623	50
22	23624	50
22	23625	50
22	23626	50
22	23627	51
22	23628	51
22	23629	50
22	23630	49
22	23631	48
22	23632	50
22	23633	51
22	23634	51
22	23635	51
22	23636	51
22	23637	51
22	23638	51
22	23639	51
22	23640	50
22	23641	51
22	23642	51
22	23643	52
22	23644	52
22	23645	51
22	23646	51
22	23647	50
22	23648	50
22	23649	50
22	23650	50
22	23651	48
22	23652	50
22	23653	50
22	23654	50
22	23655	50
22	23656	50
22	23657	50
22	23658	50
22	23659	49
22	23660	45
22	23661	43
22	23662	43
22	23663	44
22	23664	44
22	23665	45
22	23666	49
22	23667	49
22	23668	50
22	23669	50
22	23670	50
22	23671	50
22	23672	50
22	23673	50
22	23674	50
22	23675	51
22	23676	51
22	23677	53
22	23678	53
22	23679	50
22	23680	50
22	23681	50
22	23682	50
22	23683	50
22	23684	52
22	23685	51
22	23686	48
22	23687	48
22	23688	49
22	23689	49
22	23690	48
22	23691	48
22	23692	47
22	23693	47
22	23694	47
22	23695	47
22	23696	46
22	23697	43
22	23698	46
22	23699	47
22	23700	47
22	23701	48
22	23702	48
22	23703	48
22	23704	48
22	23705	48
22	23706	51
22	23707	51
22	23708	51
22	23709	51
22	23710	52
22	23711	50
22	23712	50
22	23713	50
22	23714	50
22	23715	50
22	23716	50
22	23717	49
22	23718	50
22	23719	50
22	23720	50
22	23721	50
22	23722	55
22	23723	53
22	23724	54
22	23725	54
22	23726	54
22	23727	53
22	23728	53
22	23729	53
22	23730	53
22	23731	56
22	23732	56
22	23733	56
22	23734	57
22	23735	60
22	23736	62
22	23737	63
22	23738	64
22	23739	64
22	23740	68
22	23741	65
22	23742	68
22	23743	66
22	23744	66
22	23745	67
22	23746	69
22	23747	69
22	23748	69
22	23749	68
22	23750	68
22	23751	68
22	23752	72
22	23753	73
22	23754	73
22	23755	74
22	23756	74
22	23757	74
22	23758	74
22	23759	74
22	23760	74
22	23761	74
22	23762	73
22	23763	74
22	23764	74
22	23765	74
22	23766	74
22	23767	74
22	23768	74
22	23769	74
22	23770	74
22	23771	74
22	23772	74
22	23773	75
22	23774	75
22	23775	75
22	23776	75
22	23777	74
22	23778	74
22	23779	75
22	23780	75
22	23781	75
22	23782	73
22	23783	72
22	23784	72
22	23785	72
22	23786	72
22	23787	73
22	23788	73
22	23789	73
22	23790	72
22	23791	72
22	23792	72
22	23793	71
22	23794	72
22	23795	73
22	23796	73
22	23797	70
22	23798	70
22	23799	74
22	23800	74
22	23801	74
22	23802	72
22	23803	72
22	23804	72
22	23805	72
22	23806	72
22	23807	72
22	23808	72
22	23809	73
22	23810	75
22	23811	75
22	23812	75
22	23813	76
22	23814	76
22	23815	75
22	23816	75
22	23817	75
22	23818	74
22	23819	74
22	23820	74
22	23821	74
22	23822	74
22	23823	74
22	23824	73
22	23825	75
22	23826	74
22	23827	76
22	23828	76
22	23829	76
22	23830	76
22	23831	76
22	23832	77
22	23833	75
22	23834	73
22	23835	72
22	23836	72
22	23837	73
22	23838	73
22	23839	73
22	23840	75
22	23841	75
22	23842	75
22	23843	75
22	23844	75
22	23845	75
22	23846	75
22	23847	75
22	23848	72
22	23849	69
22	23850	69
22	23851	69
22	23852	69
22	23853	69
22	23854	69
22	23855	65
22	23856	65
22	23857	64
22	23858	64
22	23859	64
22	23860	64
22	23861	64
22	23862	64
22	23863	65
22	23864	66
22	23865	66
22	23866	66
22	23867	65
22	23868	65
22	23869	65
22	23870	66
22	23871	66
22	23872	61
22	23873	61
22	23874	60
22	23875	60
22	23876	59
22	23877	60
22	23878	61
22	23879	62
22	23880	62
22	23881	59
22	23882	61
22	23883	62
22	23884	64
22	23885	61
22	23886	59
22	23887	58
22	23888	57
22	23889	57
22	23890	55
22	23891	52
22	23892	52
22	23893	51
22	23894	53
22	23895	53
22	23896	56
22	23897	56
22	23898	56
22	23899	56
22	23900	56
22	23901	56
22	23902	52
22	23903	51
22	23904	49
22	23905	49
22	23906	49
22	23907	49
22	23908	49
22	23909	51
22	23910	54
22	23911	54
22	23912	53
22	23913	53
22	23914	53
22	23915	53
22	23916	53
22	23917	51
22	23918	52
22	23919	52
22	23920	52
22	23921	53
22	23922	53
22	23923	53
22	23924	53
22	23925	53
22	23926	54
22	23927	53
22	23928	53
22	23929	53
22	23930	54
22	23931	55
22	23932	55
22	23933	55
22	23934	55
22	23935	55
22	23936	55
22	23937	54
22	23938	54
22	23939	54
22	23940	54
22	23941	54
22	23942	54
22	23943	53
22	23944	52
22	23945	52
22	23946	52
22	23947	52
22	23948	52
22	23949	48
22	23950	48
22	23951	48
22	23952	49
22	23953	49
22	23954	52
22	23955	52
22	23956	52
22	23957	52
22	23958	52
22	23959	50
22	23960	49
22	23961	49
22	23962	49
22	23963	47
22	23964	47
22	23965	49
22	23966	49
22	23967	49
22	23968	49
22	23969	49
22	23970	49
22	23971	49
22	23972	50
22	23973	50
22	23974	51
22	23975	48
22	23976	48
22	23977	46
22	23978	46
22	23979	47
22	23980	47
22	23981	46
22	23982	46
22	23983	46
22	23984	46
22	23985	46
22	23986	46
22	23987	45
22	23988	45
22	23989	46
22	23990	44
22	23991	45
22	23992	45
22	23993	46
22	23994	46
22	23995	46
22	23996	48
22	23997	48
22	23998	48
22	23999	49
22	24000	50
22	24001	50
22	24002	50
22	24003	50
22	24004	50
22	24005	50
22	24006	50
22	24007	50
22	24008	50
22	24009	51
22	24010	50
22	24011	50
22	24012	49
22	24013	49
22	24014	48
22	24015	52
22	24016	53
22	24017	53
22	24018	54
22	24019	57
22	24020	56
22	24021	57
22	24022	57
22	24023	57
22	24024	57
22	24025	57
22	24026	56
22	24027	54
22	24028	54
22	24029	53
22	24030	50
22	24031	50
22	24032	52
22	24033	52
22	24034	49
22	24035	48
22	24036	49
22	24037	49
22	24038	49
22	24039	52
22	24040	52
22	24041	52
22	24042	52
22	24043	52
22	24044	52
22	24045	51
22	24046	49
22	24047	51
22	24048	51
22	24049	52
22	24050	52
22	24051	52
22	24052	52
22	24053	53
22	24054	54
22	24055	54
22	24056	54
22	24057	53
22	24058	52
22	24059	52
22	24060	51
22	24061	53
22	24062	53
22	24063	53
22	24064	53
22	24065	53
22	24066	53
22	24067	53
22	24068	52
22	24069	52
22	24070	51
22	24071	51
22	24072	51
22	24073	50
22	24074	50
22	24075	49
22	24076	49
22	24077	49
22	24078	49
22	24079	49
22	24080	48
22	24081	47
22	24082	48
22	24083	51
22	24084	51
22	24085	51
22	24086	51
22	24087	51
22	24088	52
22	24089	52
22	24090	52
22	24091	52
22	24092	52
22	24093	52
22	24094	54
22	24095	54
22	24096	54
22	24097	54
22	24098	54
22	24099	54
22	24100	54
22	24101	55
22	24102	58
22	24103	56
22	24104	56
22	24105	56
22	24106	57
22	24107	57
22	24108	57
22	24109	57
22	24110	57
22	24111	58
22	24112	58
22	24113	58
22	24114	58
22	24115	56
22	24116	56
22	24117	56
22	24118	56
22	24119	56
22	24120	56
22	24121	57
22	24122	56
22	24123	56
22	24124	55
22	24125	58
22	24126	58
22	24127	58
22	24128	56
22	24129	57
22	24130	55
22	24131	55
22	24132	57
22	24133	57
22	24134	57
22	24135	57
22	24136	56
22	24137	56
22	24138	55
22	24139	55
22	24140	55
22	24141	55
22	24142	55
22	24143	54
22	24144	54
22	24145	52
22	24146	52
22	24147	52
22	24148	52
22	24149	52
22	24150	51
22	24151	51
22	24152	51
22	24153	52
22	24154	52
22	24155	53
22	24156	53
22	24157	53
22	24158	53
22	24159	53
22	24160	53
22	24161	53
22	24162	53
22	24163	53
22	24164	49
22	24165	49
22	24166	49
22	24167	50
22	24168	50
22	24169	47
22	24170	48
22	24171	49
22	24172	49
22	24173	49
22	24174	49
22	24175	49
22	24176	49
22	24177	49
22	24178	49
22	24179	50
22	24180	50
22	24181	50
22	24182	48
22	24183	48
22	24184	48
22	24185	48
22	24186	48
22	24187	46
22	24188	49
22	24189	49
22	24190	49
22	24191	49
22	24192	49
22	24193	48
22	24194	49
22	24195	49
22	24196	49
22	24197	45
22	24198	47
22	24199	47
22	24200	47
22	24201	47
22	24202	46
22	24203	47
22	24204	47
22	24205	47
22	24206	47
22	24207	46
22	24208	46
22	24209	47
22	24210	45
22	24211	45
22	24212	45
22	24213	45
22	24214	45
22	24215	45
22	24216	45
22	24217	45
22	24218	45
22	24219	46
22	24220	46
22	24221	46
22	24222	46
22	24223	48
22	24224	49
22	24225	49
22	24226	49
22	24227	49
22	24228	51
22	24229	51
22	24230	51
22	24231	51
22	24232	50
22	24233	47
22	24234	47
22	24235	47
22	24236	47
22	24237	46
22	24238	46
22	24239	45
22	24240	45
22	24241	45
22	24242	45
22	24243	49
22	24244	47
22	24245	47
22	24246	47
22	24247	47
22	24248	50
22	24249	51
22	24250	50
22	24251	51
22	24252	47
22	24253	47
22	24254	46
22	24255	45
22	24256	45
22	24257	45
22	24258	45
22	24259	45
22	24260	46
22	24261	47
22	24262	50
22	24263	50
22	24264	50
22	24265	50
22	24266	50
22	24267	50
22	24268	50
22	24269	51
22	24270	51
22	24271	50
22	24272	50
22	24273	50
22	24274	48
22	24275	48
22	24276	48
22	24277	49
22	24278	49
22	24279	49
22	24280	51
22	24281	52
22	24282	50
22	24283	50
22	24284	50
22	24285	51
22	24286	51
22	24287	51
22	24288	51
22	24289	51
22	24290	51
22	24291	51
22	24292	51
22	24293	51
22	24294	51
22	24295	51
22	24296	51
22	24297	50
22	24298	51
22	24299	51
22	24300	51
22	24301	50
22	24302	50
22	24303	50
22	24304	50
22	24305	49
22	24306	49
22	24307	49
22	24308	48
22	24309	48
22	24310	48
22	24311	48
22	24312	49
22	24313	50
22	24314	49
22	24315	47
22	24316	46
22	24317	49
22	24318	49
22	24319	49
22	24320	49
22	24321	48
22	24322	48
22	24323	48
22	24324	48
22	24325	44
22	24326	44
22	24327	44
22	24328	43
22	24329	43
22	24330	47
22	24331	47
22	24332	47
22	24333	47
22	24334	47
22	24335	47
22	24336	47
22	24337	43
22	24338	43
22	24339	43
22	24340	42
22	24341	42
22	24342	42
22	24343	42
22	24344	39
22	24345	39
22	24346	37
22	24347	37
22	24348	38
22	24349	40
22	24350	40
22	24351	40
22	24352	40
22	24353	40
22	24354	40
22	24355	40
22	24356	40
22	24357	39
22	24358	39
22	24359	38
22	24360	38
22	24361	38
22	24362	38
22	24363	38
22	24364	38
22	24365	38
22	24366	38
22	24367	38
22	24368	37
22	24369	37
22	24370	37
22	24371	37
22	24372	37
22	24373	34
22	24374	34
22	24375	34
22	24376	34
22	24377	32
22	24378	32
22	24379	32
22	24380	33
22	24381	35
22	24382	35
22	24383	33
22	24384	34
22	24385	34
22	24386	34
22	24387	34
22	24388	34
22	24389	36
22	24390	35
22	24391	35
22	24392	35
22	24393	32
22	24394	32
22	24395	32
22	24396	32
22	24397	31
22	24398	30
22	24399	30
22	24400	25
22	24401	25
22	24402	25
22	24403	26
22	24404	26
22	24405	26
22	24406	26
22	24407	27
22	24408	27
22	24409	27
22	24410	26
22	24411	29
22	24412	29
22	24413	29
22	24414	29
22	24415	29
22	24416	30
22	24417	31
22	24418	31
22	24419	30
22	24420	34
22	24421	34
22	24422	34
22	24423	34
22	24424	33
22	24425	33
22	24426	32
22	24427	32
22	24428	32
22	24429	32
22	24430	34
22	24431	33
22	24432	33
22	24433	33
22	24434	32
22	24435	32
22	24436	32
22	24437	32
22	24438	32
22	24439	32
22	24440	32
22	24441	32
22	24442	32
22	24443	32
22	24444	32
22	24445	32
22	24446	32
22	24447	34
22	24448	33
22	24449	33
22	24450	33
22	24451	33
22	24452	35
22	24453	35
22	24454	35
22	24455	35
22	24456	35
22	24457	35
22	24458	36
22	24459	36
22	24460	36
22	24461	35
22	24462	35
22	24463	36
22	24464	40
22	24465	40
22	24466	41
22	24467	36
22	24468	36
22	24469	36
22	24470	37
22	24471	37
22	24472	37
22	24473	38
22	24474	38
22	24475	38
22	24476	38
22	24477	38
22	24478	36
22	24479	38
22	24480	38
22	24481	38
22	24482	40
22	24483	40
22	24484	40
22	24485	40
22	24486	40
22	24487	40
22	24488	40
22	24489	41
22	24490	41
22	24491	41
22	24492	41
22	24493	43
22	24494	43
22	24495	43
22	24496	43
22	24497	46
22	24498	44
22	24499	44
22	24500	44
22	24501	44
22	24502	44
22	24503	44
22	24504	44
22	24505	44
22	24506	44
22	24507	44
22	24508	44
22	24509	44
22	24510	44
22	24511	44
22	24512	44
22	24513	44
22	24514	47
22	24515	47
22	24516	47
22	24517	48
22	24518	48
22	24519	48
22	24520	51
22	24521	55
22	24522	55
22	24523	55
22	24524	56
22	24525	56
22	24526	56
22	24527	56
22	24528	56
22	24529	56
22	24530	56
22	24531	56
22	24532	56
22	24533	55
22	24534	55
22	24535	55
22	24536	55
22	24537	55
22	24538	55
22	24539	54
22	24540	52
22	24541	52
22	24542	52
22	24543	52
22	24544	53
22	24545	53
22	24546	53
22	24547	53
22	24548	54
22	24549	54
22	24550	55
22	24551	55
22	24552	55
22	24553	55
22	24554	55
22	24555	55
22	24556	55
22	24557	54
22	24558	54
22	24559	53
22	24560	53
22	24561	53
22	24562	59
22	24563	59
22	24564	59
22	24565	58
22	24566	58
22	24567	57
22	24568	57
22	24569	57
22	24570	53
22	24571	53
22	24572	53
22	24573	53
22	24574	53
22	24575	53
22	24576	53
22	24577	53
22	24578	53
22	24579	50
22	24580	49
22	24581	49
22	24582	50
22	24583	51
22	24584	51
22	24585	51
22	24586	51
22	24587	51
22	24588	53
22	24589	53
22	24590	53
22	24591	53
22	24592	53
22	24593	55
22	24594	55
22	24595	55
22	24596	56
22	24597	55
22	24598	55
22	24599	55
22	24600	55
22	24601	55
22	24602	54
22	24603	54
22	24604	54
22	24605	54
22	24606	58
22	24607	59
22	24608	59
22	24609	59
22	24610	59
22	24611	58
22	24612	57
22	24613	53
22	24614	53
22	24615	54
22	24616	53
22	24617	53
22	24618	53
22	24619	53
22	24620	52
22	24621	53
22	24622	52
22	24623	52
22	24624	52
22	24625	52
22	24626	52
22	24627	52
22	24628	52
22	24629	50
22	24630	50
22	24631	50
22	24632	48
22	24633	48
22	24634	46
22	24635	47
22	24636	48
22	24637	48
22	24638	48
22	24639	50
22	24640	50
22	24641	50
22	24642	48
22	24643	50
22	24644	50
22	24645	50
22	24646	50
22	24647	48
22	24648	48
22	24649	48
22	24650	48
22	24651	50
22	24652	50
22	24653	50
22	24654	50
22	24655	50
22	24656	50
22	24657	50
22	24658	50
22	24659	51
22	24660	52
22	24661	53
22	24662	54
22	24663	54
22	24664	53
22	24665	53
22	24666	53
22	24667	56
22	24668	56
22	24669	57
22	24670	54
22	24671	50
22	24672	51
22	24673	50
22	24674	50
22	24675	50
22	24676	49
22	24677	49
22	24678	49
22	24679	50
22	24680	53
22	24681	53
22	24682	53
22	24683	54
22	24684	54
22	24685	56
22	24686	56
22	24687	56
22	24688	56
22	24689	55
22	24690	54
22	24691	54
22	24692	54
22	24693	54
22	24694	53
22	24695	56
22	24696	59
22	24697	59
22	24698	58
22	24699	57
22	24700	57
22	24701	57
22	24702	57
22	24703	57
22	24704	57
22	24705	57
22	24706	54
22	24707	55
22	24708	56
22	24709	56
22	24710	55
22	24711	53
22	24712	53
22	24713	53
22	24714	53
22	24715	53
22	24716	53
22	24717	53
22	24718	53
22	24719	54
22	24720	50
22	24721	50
22	24722	50
22	24723	50
22	24724	50
22	24725	50
22	24726	51
22	24727	51
22	24728	51
22	24729	51
22	24730	52
22	24731	52
22	24732	50
22	24733	50
22	24734	50
22	24735	50
22	24736	50
22	24737	50
22	24738	50
22	24739	50
22	24740	50
22	24741	50
22	24742	51
22	24743	49
22	24744	51
22	24745	52
22	24746	51
22	24747	51
22	24748	51
22	24749	51
22	24750	51
22	24751	51
22	24752	51
22	24753	52
22	24754	52
22	24755	52
22	24756	52
22	24757	52
22	24758	51
22	24759	51
22	24760	51
22	24761	52
22	24762	52
22	24763	52
22	24764	52
22	24765	49
22	24766	47
22	24767	47
22	24768	47
22	24769	47
22	24770	47
22	24771	46
22	24772	46
22	24773	47
22	24774	47
22	24775	47
22	24776	46
22	24777	49
22	24778	49
22	24779	49
22	24780	49
22	24781	52
22	24782	52
22	24783	52
22	24784	52
22	24785	50
22	24786	50
22	24787	51
22	24788	49
22	24789	49
22	24790	48
22	24791	48
22	24792	48
22	24793	46
22	24794	46
22	24795	46
22	24796	46
22	24797	46
22	24798	46
22	24799	46
22	24800	46
22	24801	44
22	24802	44
22	24803	44
22	24804	44
22	24805	44
22	24806	44
22	24807	43
22	24808	43
22	24809	43
22	24810	41
22	24811	41
22	24812	40
22	24813	40
22	24814	40
22	24815	40
22	24816	36
22	24817	36
22	24818	36
22	24819	36
22	24820	36
22	24821	35
22	24822	35
22	24823	38
22	24824	38
22	24825	39
22	24826	39
22	24827	39
22	24828	40
22	24829	39
22	24830	40
22	24831	39
22	24832	39
22	24833	39
22	24834	37
22	24835	37
22	24836	37
22	24837	42
22	24838	43
22	24839	43
22	24840	43
22	24841	43
22	24842	43
22	24843	45
22	24844	42
22	24845	40
22	24846	40
22	24847	40
22	24848	40
22	24849	40
22	24850	40
22	24851	40
22	24852	40
22	24853	40
22	24854	40
22	24855	40
22	24856	40
22	24857	40
22	24858	39
22	24859	39
22	24860	40
22	24861	41
22	24862	41
22	24863	41
22	24864	42
22	24865	42
22	24866	43
22	24867	50
22	24868	50
22	24869	49
22	24870	49
22	24871	49
22	24872	49
22	24873	50
22	24874	50
22	24875	49
22	24876	49
22	24877	49
22	24878	49
22	24879	49
22	24880	50
22	24881	50
22	24882	50
22	24883	50
22	24884	50
22	24885	50
22	24886	50
22	24887	52
22	24888	52
22	24889	52
22	24890	52
22	24891	52
22	24892	53
22	24893	51
22	24894	50
22	24895	50
22	24896	50
22	24897	50
22	24898	50
22	24899	50
22	24900	50
22	24901	50
22	24902	49
22	24903	48
22	24904	48
22	24905	48
22	24906	47
22	24907	48
22	24908	48
22	24909	48
22	24910	49
22	24911	48
22	24912	48
22	24913	48
22	24914	49
22	24915	49
22	24916	48
22	24917	48
22	24918	49
22	24919	49
22	24920	49
22	24921	49
22	24922	49
22	24923	48
22	24924	48
22	24925	48
22	24926	52
22	24927	52
22	24928	50
22	24929	50
22	24930	48
22	24931	48
22	24932	48
22	24933	48
22	24934	48
22	24935	48
22	24936	47
22	24937	47
22	24938	47
22	24939	47
22	24940	47
22	24941	47
22	24942	48
22	24943	48
22	24944	48
22	24945	48
22	24946	48
22	24947	48
22	24948	48
22	24949	48
22	24950	48
22	24951	48
22	24952	48
22	24953	48
22	24954	49
22	24955	49
22	24956	49
22	24957	50
22	24958	50
22	24959	50
22	24960	50
22	24961	50
22	24962	50
22	24963	52
22	24964	52
22	24965	52
22	24966	52
22	24967	52
22	24968	52
22	24969	52
22	24970	52
22	24971	52
22	24972	49
22	24973	49
22	24974	48
22	24975	49
22	24976	49
22	24977	51
22	24978	51
22	24979	51
22	24980	51
22	24981	51
22	24982	52
22	24983	52
22	24984	53
22	24985	53
22	24986	48
22	24987	48
22	24988	47
22	24989	47
22	24990	47
22	24991	45
22	24992	45
22	24993	45
22	24994	47
22	24995	47
22	24996	46
22	24997	46
22	24998	46
22	24999	46
22	25000	46
22	25001	46
22	25002	48
22	25003	49
22	25004	49
22	25005	49
22	25006	49
22	25007	51
22	25008	52
22	25009	51
22	25010	48
22	25011	47
22	25012	47
22	25013	48
22	25014	47
22	25015	47
22	25016	39
22	25017	39
22	25018	39
22	25019	39
22	25020	41
22	25021	41
22	25022	40
22	25023	40
22	25024	41
22	25025	41
22	25026	42
22	25027	42
22	25028	43
22	25029	40
22	25030	42
22	25031	42
22	25032	42
22	25033	42
22	25034	42
22	25035	43
22	25036	41
22	25037	41
22	25038	41
22	25039	41
22	25040	41
22	25041	40
22	25042	40
22	25043	40
22	25044	39
22	25045	39
22	25046	39
22	25047	40
22	25048	43
22	25049	43
22	25050	44
22	25051	44
22	25052	43
22	25053	42
22	25054	42
22	25055	42
22	25056	42
22	25057	42
22	25058	42
22	25059	42
22	25060	42
22	25061	42
22	25062	42
22	25063	41
22	25064	41
22	25065	40
22	25066	40
22	25067	40
22	25068	40
22	25069	40
22	25070	40
22	25071	40
22	25072	41
22	25073	41
22	25074	41
22	25075	41
22	25076	38
22	25077	38
22	25078	38
22	25079	38
22	25080	39
22	25081	38
22	25082	38
22	25083	38
22	25084	38
22	25085	38
22	25086	39
22	25087	39
22	25088	39
22	25089	39
22	25090	39
22	25091	39
22	25092	38
22	25093	38
22	25094	38
22	25095	38
22	25096	38
22	25097	38
22	25098	39
22	25099	39
22	25100	39
22	25101	37
22	25102	37
22	25103	36
22	25104	36
22	25105	36
22	25106	35
22	25107	36
22	25108	36
22	25109	36
22	25110	36
22	25111	36
22	25112	34
22	25113	34
22	25114	36
22	25115	36
22	25116	36
22	25117	37
22	25118	37
22	25119	37
22	25120	37
22	25121	38
22	25122	38
22	25123	40
22	25124	40
22	25125	39
22	25126	41
22	25127	41
22	25128	39
22	25129	39
22	25130	39
22	25131	39
22	25132	38
22	25133	37
22	25134	37
22	25135	38
22	25136	38
22	25137	38
22	25138	38
22	25139	38
22	25140	38
22	25141	38
22	25142	38
22	25143	38
22	25144	37
22	25145	37
22	25146	37
22	25147	37
22	25148	37
22	25149	37
22	25150	37
22	25151	37
22	25152	35
22	25153	34
22	25154	34
22	25155	34
22	25156	34
22	25157	32
22	25158	31
22	25159	31
22	25160	31
22	25161	35
22	25162	35
22	25163	35
22	25164	36
22	25165	37
22	25166	38
22	25167	39
22	25168	39
22	25169	39
22	25170	39
22	25171	40
22	25172	41
22	25173	42
22	25174	41
22	25175	40
22	25176	40
22	25177	40
22	25178	39
22	25179	39
22	25180	38
22	25181	38
22	25182	38
22	25183	38
22	25184	38
22	25185	41
22	25186	41
22	25187	41
22	25188	41
22	25189	41
22	25190	41
22	25191	41
22	25192	41
22	25193	41
22	25194	42
22	25195	42
22	25196	42
22	25197	41
22	25198	39
22	25199	39
22	25200	38
22	25201	42
22	25202	42
22	25203	43
22	25204	43
22	25205	44
22	25206	45
22	25207	45
22	25208	46
22	25209	46
22	25210	46
22	25211	46
22	25212	46
22	25213	47
22	25214	47
22	25215	48
22	25216	46
22	25217	46
22	25218	46
22	25219	46
22	25220	46
22	25221	46
22	25222	45
22	25223	45
22	25224	45
22	25225	46
22	25226	45
22	25227	45
22	25228	45
22	25229	44
22	25230	44
22	25231	44
22	25232	44
22	25233	44
22	25234	44
22	25235	47
22	25236	47
22	25237	49
22	25238	50
22	25239	50
22	25240	50
22	25241	50
22	25242	50
22	25243	50
22	25244	48
22	25245	48
22	25246	48
22	25247	47
22	25248	47
22	25249	47
22	25250	49
22	25251	49
22	25252	51
22	25253	51
22	25254	51
22	25255	51
22	25256	51
22	25257	50
22	25258	50
22	25259	50
22	25260	51
22	25261	52
22	25262	52
22	25263	51
22	25264	50
22	25265	50
22	25266	50
22	25267	49
22	25268	49
22	25269	50
22	25270	50
22	25271	49
22	25272	49
22	25273	47
22	25274	47
22	25275	47
22	25276	45
22	25277	46
22	25278	46
22	25279	47
22	25280	47
22	25281	48
22	25282	48
22	25283	48
22	25284	48
22	25285	48
22	25286	48
22	25287	48
22	25288	48
22	25289	48
22	25290	48
22	25291	48
22	25292	48
22	25293	48
22	25294	47
22	25295	47
22	25296	48
22	25297	48
22	25298	48
22	25299	48
22	25300	49
22	25301	53
22	25302	49
22	25303	49
22	25304	49
22	25305	49
22	25306	49
22	25307	49
22	25308	49
22	25309	48
22	25310	47
22	25311	45
22	25312	45
22	25313	45
22	25314	44
22	25315	44
22	25316	42
22	25317	41
22	25318	41
22	25319	41
22	25320	39
22	25321	39
22	25322	39
22	25323	39
22	25324	39
22	25325	39
22	25326	39
22	25327	39
22	25328	39
22	25329	39
22	25330	40
22	25331	40
22	25332	40
22	25333	40
22	25334	37
22	25335	37
22	25336	38
22	25337	38
22	25338	38
22	25339	38
22	25340	38
22	25341	38
22	25342	39
22	25343	39
22	25344	39
22	25345	38
22	25346	38
22	25347	38
22	25348	38
22	25349	38
22	25350	36
22	25351	33
22	25352	35
22	25353	36
22	25354	36
22	25355	34
22	25356	33
22	25357	33
22	25358	33
22	25359	33
22	25360	33
22	25361	33
22	25362	33
22	25363	32
22	25364	32
22	25365	31
22	25366	36
22	25367	36
22	25368	36
22	25369	37
22	25370	37
22	25371	37
22	25372	37
22	25373	39
22	25374	39
22	25375	37
22	25376	37
22	25377	38
22	25378	38
22	25379	38
22	25380	38
22	25381	38
22	25382	39
22	25383	40
22	25384	41
22	25385	40
22	25386	37
22	25387	38
22	25388	38
22	25389	38
22	25390	38
22	25391	39
22	25392	39
22	25393	39
22	25394	39
22	25395	39
22	25396	39
22	25397	39
22	25398	39
22	25399	39
22	25400	35
22	25401	36
22	25402	36
22	25403	38
22	25404	40
22	25405	40
22	25406	40
22	25407	40
22	25408	41
22	25409	41
22	25410	42
22	25411	41
22	25412	41
22	25413	42
22	25414	42
22	25415	42
22	25416	42
22	25417	43
22	25418	43
22	25419	42
22	25420	42
22	25421	44
22	25422	44
22	25423	44
22	25424	45
22	25425	45
22	25426	45
22	25427	44
22	25428	44
22	25429	44
22	25430	46
22	25431	46
22	25432	45
22	25433	45
22	25434	45
22	25435	45
22	25436	45
22	25437	45
22	25438	44
22	25439	45
22	25440	45
22	25441	45
22	25442	46
22	25443	46
22	25444	46
22	25445	46
22	25446	45
22	25447	45
22	25448	45
22	25449	45
22	25450	45
22	25451	41
22	25452	43
22	25453	43
22	25454	43
22	25455	43
22	25456	45
22	25457	45
22	25458	45
22	25459	45
22	25460	45
22	25461	45
22	25462	46
22	25463	46
22	25464	46
22	25465	46
22	25466	46
22	25467	46
22	25468	48
22	25469	48
22	25470	48
22	25471	48
22	25472	48
22	25473	48
22	25474	48
22	25475	48
22	25476	50
22	25477	50
22	25478	50
22	25479	49
22	25480	49
22	25481	52
22	25482	52
22	25483	48
22	25484	48
22	25485	47
22	25486	48
22	25487	48
22	25488	48
22	25489	48
22	25490	48
22	25491	47
22	25492	47
22	25493	47
22	25494	47
22	25495	47
22	25496	47
22	25497	47
22	25498	46
22	25499	46
22	25500	46
22	25501	44
22	25502	44
22	25503	41
22	25504	43
22	25505	43
22	25506	43
22	25507	43
22	25508	45
22	25509	46
22	25510	46
22	25511	46
22	25512	46
22	25513	46
22	25514	46
22	25515	46
22	25516	43
22	25517	43
22	25518	43
22	25519	43
22	25520	43
22	25521	43
22	25522	41
22	25523	41
22	25524	41
22	25525	41
22	25526	40
22	25527	41
22	25528	41
22	25529	41
22	25530	40
22	25531	40
22	25532	41
22	25533	40
22	25534	40
22	25535	39
22	25536	39
22	25537	38
22	25538	38
22	25539	38
22	25540	39
22	25541	38
22	25542	38
22	25543	38
22	25544	38
22	25545	39
22	25546	39
22	25547	39
22	25548	39
22	25549	39
22	25550	39
22	25551	38
22	25552	38
22	25553	34
22	25554	34
22	25555	34
22	25556	35
22	25557	36
22	25558	37
22	25559	37
22	25560	35
22	25561	35
22	25562	35
22	25563	34
22	25564	34
22	25565	33
22	25566	33
22	25567	33
22	25568	33
22	25569	33
22	25570	34
22	25571	34
22	25572	36
22	25573	36
22	25574	36
22	25575	40
22	25576	41
22	25577	41
22	25578	41
22	25579	42
22	25580	39
22	25581	39
22	25582	39
22	25583	39
22	25584	39
22	25585	39
22	25586	40
22	25587	40
22	25588	40
22	25589	40
22	25590	40
22	25591	41
22	25592	40
22	25593	40
22	25594	40
22	25595	40
22	25596	41
22	25597	41
22	25598	42
22	25599	42
22	25600	41
22	25601	41
22	25602	40
22	25603	40
22	25604	40
22	25605	40
22	25606	38
22	25607	38
22	25608	39
22	25609	40
22	25610	39
22	25611	40
22	25612	40
22	25613	40
22	25614	40
22	25615	41
22	25616	41
22	25617	42
22	25618	40
22	25619	40
22	25620	40
22	25621	40
22	25622	40
22	25623	40
22	25624	40
22	25625	40
22	25626	36
22	25627	37
22	25628	37
22	25629	38
22	25630	38
22	25631	33
22	25632	33
22	25633	33
22	25634	33
22	25635	34
22	25636	33
22	25637	33
22	25638	34
22	25639	34
22	25640	34
22	25641	35
22	25642	35
22	25643	35
22	25644	35
22	25645	35
22	25646	35
22	25647	36
22	25648	36
22	25649	36
22	25650	36
22	25651	36
22	25652	36
22	25653	36
22	25654	36
22	25655	36
22	25656	37
22	25657	37
22	25658	37
22	25659	36
22	25660	37
22	25661	37
22	25662	37
22	25663	38
22	25664	38
22	25665	39
22	25666	39
22	25667	38
22	25668	39
22	25669	39
22	25670	40
22	25671	40
22	25672	40
22	25673	40
22	25674	40
22	25675	40
22	25676	40
22	25677	40
22	25678	42
22	25679	42
22	25680	43
22	25681	43
22	25682	42
22	25683	40
22	25684	41
22	25685	41
22	25686	41
22	25687	41
22	25688	41
22	25689	40
22	25690	40
22	25691	42
22	25692	43
22	25693	43
22	25694	43
22	25695	42
22	25696	42
22	25697	42
22	25698	42
22	25699	42
22	25700	42
22	25701	42
22	25702	43
22	25703	43
22	25704	40
22	25705	40
22	25706	38
22	25707	38
22	25708	37
22	25709	37
22	25710	37
22	25711	37
22	25712	37
22	25713	37
22	25714	37
22	25715	37
22	25716	35
22	25717	35
22	25718	35
22	25719	34
22	25720	34
22	25721	34
22	25722	34
22	25723	33
22	25724	33
22	25725	33
22	25726	32
22	25727	32
22	25728	32
22	25729	31
22	25730	31
22	25731	31
22	25732	31
22	25733	31
22	25734	31
22	25735	31
22	25736	30
22	25737	30
22	25738	30
22	25739	30
22	25740	29
22	25741	29
22	25742	29
22	25743	29
22	25744	29
22	25745	28
22	25746	28
22	25747	27
22	25748	27
22	25749	27
22	25750	27
22	25751	27
22	25752	26
22	25753	26
22	25754	26
22	25755	26
22	25756	26
22	25757	26
22	25758	25
22	25759	24
22	25760	24
22	25761	23
22	25762	23
22	25763	23
22	25764	23
22	25765	22
22	25766	22
22	25767	21
22	25768	21
22	25769	21
22	25770	21
22	25771	21
22	25772	21
22	25773	21
22	25774	21
22	25775	21
22	25776	21
22	25777	20
22	25778	19
22	25779	19
22	25780	19
22	25781	19
22	25782	19
22	25783	19
22	25784	18
22	25785	18
22	25786	18
22	25787	17
22	25788	17
22	25789	17
22	25790	17
22	25791	16
22	25792	16
22	25793	16
22	25794	11
22	25795	11
22	25796	11
22	25797	10
22	25798	10
22	25799	10
22	25800	10
22	25801	10
22	25802	10
22	25803	10
22	25804	10
22	25805	9
22	25806	9
22	25807	9
22	25808	9
22	25809	9
22	25810	8
22	25811	8
22	25812	8
22	25813	8
22	25814	8
22	25815	8
22	25816	8
22	25817	8
22	25818	8
22	25819	1
22	25820	1
22	25821	1
22	25822	1
22	25854	8
22	25855	10
22	25856	10
22	25857	10
22	25858	10
22	25859	10
22	25860	10
22	25861	10
22	25862	10
22	25863	10
22	25864	10
22	25865	10
22	25866	10
22	25867	10
22	25868	10
22	25869	10
22	25870	10
22	25871	10
22	25872	10
22	25873	10
22	25874	10
22	25875	10
22	25876	10
22	25877	10
22	25878	10
22	25879	10
22	25880	16
22	25881	16
22	25882	16
22	25883	16
22	25884	16
22	25885	16
22	25886	17
22	25887	17
22	25888	17
22	25889	17
22	25890	17
22	25891	17
22	25892	17
22	25893	17
22	25894	17
22	25895	17
22	25896	18
22	25897	18
22	25898	18
22	25899	18
22	25900	18
22	25901	18
22	25902	18
22	25903	18
22	25904	18
22	25905	18
22	25906	18
22	25907	18
22	25908	18
22	25909	19
22	25910	19
22	25911	19
22	25912	21
22	25913	21
22	25914	21
22	25915	21
22	25916	21
22	25917	21
22	25918	21
22	25919	22
22	25920	22
22	25921	22
22	25922	22
22	25923	22
22	25924	22
22	25925	22
22	25926	22
22	25927	22
22	25928	22
22	25929	22
22	25930	23
22	25931	23
22	25932	23
22	25933	23
22	25934	24
22	25935	24
22	25936	24
22	25937	24
22	25938	26
22	25939	26
22	25940	27
22	25941	27
22	25942	28
22	25943	28
22	25944	28
22	25945	28
22	25946	28
22	25947	28
22	25948	30
22	25949	30
22	25950	30
22	25951	30
22	25952	30
22	25953	30
22	25954	30
22	25955	30
22	25956	30
22	25957	32
22	25958	32
22	25959	32
22	25960	33
22	25961	33
22	25962	32
22	25963	32
22	25964	32
22	25965	32
22	25966	32
22	25967	32
22	25968	32
22	25969	33
22	25970	33
22	25971	37
22	25972	38
22	25973	38
22	25974	38
22	25975	38
22	25976	40
22	25977	40
22	25978	39
22	25979	39
22	25980	38
22	25981	38
22	25982	39
22	25983	37
22	25984	36
22	25985	36
22	25986	35
22	25987	36
22	25988	36
22	25989	36
22	25990	36
22	25991	36
22	25992	36
22	25993	36
22	25994	36
22	25995	36
22	25996	36
22	25997	34
22	25998	34
22	25999	35
22	26000	35
22	26001	35
22	26002	35
22	26003	37
22	26004	37
22	26005	35
22	26006	33
22	26007	33
22	26008	34
22	26009	34
22	26010	34
22	26011	34
22	26012	34
22	26013	34
22	26014	34
22	26015	32
22	26016	32
22	26017	32
22	26018	32
22	26019	32
22	26020	32
22	26021	32
22	26022	32
22	26023	32
22	26024	32
22	26025	32
22	26026	32
22	26027	33
22	26028	33
22	26029	33
22	26030	33
22	26031	33
22	26032	33
22	26033	33
22	26034	34
22	26035	34
22	26036	33
22	26037	33
22	26038	33
22	26039	33
22	26040	33
22	26041	34
22	26042	35
22	26043	36
22	26044	36
22	26045	36
22	26046	35
22	26047	36
22	26048	37
22	26049	37
22	26050	37
22	26051	37
22	26052	37
22	26053	37
22	26054	37
22	26055	37
22	26056	37
22	26057	38
22	26058	37
22	26059	37
22	26060	38
22	26061	38
22	26062	36
22	26063	36
22	26064	36
22	26065	36
22	26066	36
22	26067	36
22	26068	36
22	26069	35
22	26070	35
22	26071	35
22	26072	35
22	26073	35
22	26074	35
22	26075	35
22	26076	34
22	26077	36
22	26078	36
22	26079	36
22	26080	36
22	26081	36
22	26082	38
22	26083	38
22	26084	37
22	26085	39
22	26086	39
22	26087	38
22	26088	37
22	26089	38
22	26090	37
22	26091	37
22	26092	36
22	26093	36
22	26094	36
22	26095	36
22	26096	36
22	26097	36
22	26098	37
22	26099	37
22	26100	37
22	26101	37
22	26102	37
22	26103	37
22	26104	37
22	26105	37
22	26106	37
22	26107	35
22	26108	35
22	26109	35
22	26110	34
22	26111	34
22	26112	34
22	26113	36
22	26114	37
22	26115	37
22	26116	37
22	26117	37
22	26118	36
22	26119	36
22	26120	36
22	26121	32
22	26122	31
22	26123	31
22	26124	32
22	26125	30
22	26126	30
22	26127	30
22	26128	30
22	26129	30
22	26130	30
22	26131	30
22	26132	29
22	26133	29
22	26134	29
22	26135	28
22	26136	29
22	26137	28
22	26138	28
22	26139	28
22	26140	29
22	26141	30
22	26142	30
22	26143	30
22	26144	30
22	26145	30
22	26146	30
22	26147	36
22	26148	36
22	26149	35
22	26150	37
22	26151	36
22	26152	37
22	26153	37
22	26154	37
22	26155	36
22	26156	36
22	26157	36
22	26158	35
22	26159	35
22	26160	35
22	26161	35
22	26162	36
22	26163	36
22	26164	36
22	26165	36
22	26166	36
22	26167	36
22	26168	36
22	26169	36
22	26170	36
22	26171	36
22	26172	37
22	26173	40
22	26174	41
22	26175	41
22	26176	41
22	26177	41
22	26178	41
22	26179	41
22	26180	41
22	26181	43
22	26182	42
22	26183	42
22	26184	42
22	26185	42
22	26186	42
22	26187	42
22	26188	42
22	26189	42
22	26190	42
22	26191	44
22	26192	42
22	26193	41
22	26194	41
22	26195	42
22	26196	40
22	26197	39
22	26198	38
22	26199	39
22	26200	39
22	26201	40
22	26202	41
22	26203	41
22	26204	42
22	26205	42
22	26206	42
22	26207	41
22	26208	41
22	26209	41
22	26210	40
22	26211	40
22	26212	40
22	26213	40
22	26214	40
22	26215	40
22	26216	40
22	26217	41
22	26218	42
22	26219	42
22	26220	42
22	26221	43
22	26222	43
22	26223	43
22	26224	46
22	26225	46
22	26226	46
22	26227	44
22	26228	44
22	26229	44
22	26230	43
22	26231	43
22	26232	41
22	26233	40
22	26234	40
22	26235	42
22	26236	42
22	26237	42
22	26238	41
22	26239	42
22	26240	42
22	26241	42
22	26242	42
22	26243	42
22	26244	42
22	26245	42
22	26246	42
22	26247	42
22	26248	40
22	26249	41
22	26250	41
22	26251	41
22	26252	41
22	26253	40
22	26254	40
22	26255	40
22	26256	40
22	26257	40
22	26258	40
22	26259	40
22	26260	40
22	26261	40
22	26262	40
22	26263	40
22	26264	39
22	26265	39
22	26266	39
22	26267	39
22	26268	39
22	26269	39
22	26270	39
22	26271	39
22	26272	39
22	26273	39
22	26274	38
22	26275	38
22	26276	38
22	26277	38
22	26278	38
22	26279	39
22	26280	39
22	26281	39
22	26282	41
22	26283	41
22	26284	41
22	26285	41
22	26286	41
22	26287	43
22	26288	43
22	26289	42
22	26290	42
22	26291	42
22	26292	44
22	26293	44
22	26294	44
22	26295	44
22	26296	39
22	26297	38
22	26298	37
22	26299	37
22	26300	36
22	26301	36
22	26302	35
22	26303	35
22	26304	36
22	26305	36
22	26306	37
22	26307	38
22	26308	38
22	26309	38
22	26310	38
22	26311	39
22	26312	38
22	26313	40
22	26314	40
22	26315	42
22	26316	42
22	26317	42
22	26318	42
22	26319	42
22	26320	42
22	26321	42
22	26322	36
22	26323	37
22	26324	35
22	26325	35
22	26326	35
22	26327	37
22	26328	37
22	26329	37
22	26330	37
22	26331	35
22	26332	35
22	26333	35
22	26334	35
22	26335	37
22	26336	37
22	26337	37
22	26338	37
22	26339	37
22	26340	37
22	26341	35
22	26342	35
22	26343	35
22	26344	35
22	26345	35
22	26346	35
22	26347	35
22	26348	35
22	26349	35
22	26350	35
22	26351	33
22	26352	34
22	26353	34
22	26354	33
22	26355	34
22	26356	33
22	26357	34
22	26358	34
22	26359	35
22	26360	37
22	26361	39
22	26362	39
22	26363	39
22	26364	39
22	26365	39
22	26366	38
22	26367	38
22	26368	39
22	26369	38
22	26370	38
22	26371	38
22	26372	38
22	26373	38
22	26374	35
22	26375	35
22	26376	35
22	26377	35
22	26378	35
22	26379	35
22	26380	40
22	26381	40
22	26382	40
22	26383	40
22	26384	40
22	26385	38
22	26386	38
22	26387	38
22	26388	40
22	26389	39
22	26390	39
22	26391	39
22	26392	39
22	26393	39
22	26394	39
22	26395	39
22	26396	39
22	26397	40
22	26398	40
22	26399	40
22	26400	40
22	26401	40
22	26402	40
22	26403	41
22	26404	41
22	26405	41
22	26406	41
22	26407	42
22	26408	42
22	26409	42
22	26410	42
22	26411	44
22	26412	44
22	26413	44
22	26414	44
22	26415	44
22	26416	44
22	26417	44
22	26418	46
22	26419	46
22	26420	46
22	26421	46
22	26422	46
22	26423	47
22	26424	47
22	26425	47
22	26426	47
22	26427	47
22	26428	46
22	26429	47
22	26430	47
22	26431	45
22	26432	45
22	26433	45
22	26434	45
22	26435	46
22	26436	46
22	26437	46
22	26438	46
22	26439	46
22	26440	47
22	26441	46
22	26442	46
22	26443	46
22	26444	47
22	26445	47
22	26446	47
22	26447	47
22	26448	47
22	26449	48
22	26450	48
22	26451	48
22	26452	48
22	26453	48
22	26454	49
22	26455	49
22	26456	49
22	26457	44
22	26458	44
22	26459	47
22	26460	47
22	26461	44
22	26462	43
22	26463	42
22	26464	42
22	26465	43
22	26466	43
22	26467	43
22	26468	43
22	26469	43
22	26470	43
22	26471	44
22	26472	42
22	26473	44
22	26474	45
22	26475	45
22	26476	45
22	26477	45
22	26478	45
22	26479	45
22	26480	45
22	26481	45
22	26482	45
22	26483	45
22	26484	45
22	26485	43
22	26486	43
22	26487	43
22	26488	43
22	26489	43
22	26490	41
22	26491	41
22	26492	41
22	26493	41
22	26494	40
22	26495	40
22	26496	40
22	26497	40
22	26498	39
22	26499	39
22	26500	39
22	26501	39
22	26502	38
22	26503	38
22	26504	38
22	26505	37
22	26506	39
22	26507	39
22	26508	40
22	26509	39
22	26510	38
22	26511	38
22	26512	39
22	26513	39
22	26514	37
22	26515	37
22	26516	37
22	26517	36
22	26518	36
22	26519	36
22	26520	34
22	26521	35
22	26522	35
22	26523	35
22	26524	35
22	26525	35
22	26526	35
22	26527	35
22	26528	35
22	26529	34
22	26530	35
22	26531	34
22	26532	34
22	26533	34
22	26534	34
22	26535	34
22	26536	34
22	26537	33
22	26538	32
22	26539	32
22	26540	33
22	26541	34
22	26542	35
22	26543	36
22	26544	36
22	26545	38
22	26546	38
22	26547	39
22	26548	39
22	26549	39
22	26550	41
22	26551	43
22	26552	44
22	26553	43
22	26554	42
22	26555	42
22	26556	42
22	26557	41
22	26558	42
22	26559	40
22	26560	40
22	26561	40
22	26562	40
22	26563	41
22	26564	41
22	26565	42
22	26566	44
22	26567	44
22	26568	45
22	26569	45
22	26570	45
22	26571	45
22	26572	45
22	26573	44
22	26574	44
22	26575	44
22	26576	44
22	26577	44
22	26578	44
22	26579	44
22	26580	44
22	26581	45
22	26582	45
22	26583	45
22	26584	45
22	26585	42
22	26586	41
22	26587	42
22	26588	42
22	26589	43
22	26590	42
22	26591	42
22	26592	42
22	26593	42
22	26594	42
22	26595	42
22	26596	44
22	26597	44
22	26598	44
22	26599	43
22	26600	44
22	26601	44
22	26602	43
22	26603	43
22	26604	43
22	26605	43
22	26606	42
22	26607	43
22	26608	40
22	26609	40
22	26610	40
22	26611	40
22	26612	40
22	26613	40
22	26614	39
22	26615	39
22	26616	39
22	26617	39
22	26618	39
22	26619	39
22	26620	39
22	26621	38
22	26622	40
22	26623	39
22	26624	39
22	26625	39
22	26626	39
22	26627	39
22	26628	39
22	26629	39
22	26630	39
22	26631	40
22	26632	40
22	26633	40
22	26634	40
22	26635	40
22	26636	40
22	26637	40
22	26638	40
22	26639	40
22	26640	40
22	26641	40
22	26642	40
22	26643	40
22	26644	40
22	26645	40
22	26646	40
22	26647	40
22	26648	40
22	26649	40
22	26650	40
22	26651	40
22	26652	40
22	26653	40
22	26654	40
22	26655	40
22	26656	41
22	26657	42
22	26658	42
22	26659	42
22	26660	41
22	26661	41
22	26662	40
22	26663	40
22	26664	42
22	26665	42
22	26666	42
22	26667	42
22	26668	42
22	26669	42
22	26670	41
22	26671	41
22	26672	41
22	26673	41
22	26674	41
22	26675	42
22	26676	42
22	26677	47
22	26678	47
22	26679	46
22	26680	46
22	26681	46
22	26682	46
22	26683	46
22	26684	47
22	26685	47
22	26686	47
22	26687	47
22	26688	49
22	26689	49
22	26690	48
22	26691	48
22	26692	49
22	26693	48
22	26694	48
22	26695	46
22	26696	46
22	26697	44
22	26698	44
22	26699	44
22	26700	42
22	26701	39
22	26702	39
22	26703	39
22	26704	40
22	26705	40
22	26706	40
22	26707	39
22	26708	39
22	26709	39
22	26710	40
22	26711	40
22	26712	40
22	26713	39
22	26714	36
22	26715	36
22	26716	36
22	26717	36
22	26718	35
22	26719	35
22	26720	35
22	26721	35
22	26722	35
22	26723	35
22	26724	35
22	26725	35
22	26726	34
22	26727	34
22	26728	34
22	26729	34
22	26730	34
22	26731	33
22	26732	33
22	26733	33
22	26734	34
22	26735	34
22	26736	33
22	26737	35
22	26738	34
22	26739	34
22	26740	34
22	26741	34
22	26742	34
22	26743	34
22	26744	32
22	26745	32
22	26746	32
22	26747	31
22	26748	32
22	26749	32
22	26750	31
22	26751	31
22	26752	31
22	26753	30
22	26754	30
22	26755	30
22	26756	32
22	26757	32
22	26758	32
22	26759	32
22	26760	32
22	26761	32
22	26762	32
22	26763	32
22	26764	32
22	26765	32
22	26766	33
22	26767	36
22	26768	37
22	26769	37
22	26770	37
22	26771	37
22	26772	34
22	26773	33
22	26774	33
22	26775	33
22	26776	33
22	26777	34
22	26778	34
22	26779	35
22	26780	35
22	26781	35
22	26782	37
22	26783	37
22	26784	37
22	26785	37
22	26786	37
22	26787	37
22	26788	39
22	26789	39
22	26790	41
22	26791	41
22	26792	41
22	26793	41
22	26794	41
22	26795	43
22	26796	44
22	26797	44
22	26798	44
22	26799	44
22	26800	44
22	26801	44
22	26802	44
22	26803	44
22	26804	44
22	26805	46
22	26806	45
22	26807	44
22	26808	43
22	26809	43
22	26810	43
22	26811	43
22	26812	43
22	26813	43
22	26814	41
22	26815	41
22	26816	41
22	26817	41
22	26818	41
22	26819	41
22	26820	41
22	26821	42
22	26822	44
22	26823	44
22	26824	44
22	26825	43
22	26826	44
22	26827	40
22	26828	40
22	26829	40
22	26830	40
22	26831	40
22	26832	40
22	26833	40
22	26834	39
22	26835	39
22	26836	40
22	26837	39
22	26838	38
22	26839	36
22	26840	36
22	26841	36
22	26842	35
22	26843	35
22	26844	35
22	26845	35
22	26846	34
22	26847	34
22	26848	35
22	26849	35
22	26850	35
22	26851	35
22	26852	36
22	26853	36
22	26854	35
22	26855	35
22	26856	35
22	26857	35
22	26858	34
22	26859	35
22	26860	35
22	26861	35
22	26862	35
22	26863	35
22	26864	35
22	26865	35
22	26866	35
22	26867	35
22	26868	35
22	26869	35
22	26870	35
22	26871	35
22	26872	35
22	26873	35
22	26874	35
22	26875	35
22	26876	35
22	26877	35
22	26878	35
22	26879	35
22	26880	35
22	26881	35
22	26882	39
22	26883	39
22	26884	38
22	26885	38
22	26886	38
22	26887	36
22	26888	36
22	26889	36
22	26890	35
22	26891	35
22	26892	37
22	26893	38
22	26894	38
22	26895	36
22	26896	36
22	26897	37
22	26898	36
22	26899	36
22	26900	36
22	26901	36
22	26902	36
22	26903	36
22	26904	36
22	26905	36
22	26906	36
22	26907	35
22	26908	35
22	26909	35
22	26910	35
22	26911	35
22	26912	34
22	26913	34
22	26914	34
22	26915	34
22	26916	34
22	26917	31
22	26918	30
22	26919	31
22	26920	31
22	26921	32
22	26922	32
22	26923	35
22	26924	35
22	26925	36
22	26926	36
22	26927	35
22	26928	34
22	26929	34
22	26930	38
22	26931	37
22	26932	35
22	26933	35
22	26934	35
22	26935	35
22	26936	35
22	26937	33
22	26938	33
22	26939	31
22	26940	31
22	26941	31
22	26942	30
22	26943	30
22	26944	27
22	26945	27
22	26946	26
22	26947	27
22	26948	27
22	26949	27
22	26950	27
22	26951	27
22	26952	27
22	26953	27
22	26954	27
22	26955	26
22	26956	27
22	26957	27
22	26958	27
22	26959	27
22	26960	27
22	26961	27
22	26962	27
22	26963	27
22	26964	27
22	26965	27
22	26966	27
22	26967	27
22	26968	27
22	26969	24
22	26970	24
22	26971	24
22	26972	24
22	26973	24
22	26974	24
22	26975	24
22	26976	23
22	26977	22
22	26978	22
22	26979	22
22	26980	22
22	26981	22
22	26982	22
22	26983	22
22	26984	22
22	26985	23
22	26986	24
22	26987	24
22	26988	24
22	26989	25
22	26990	27
22	26991	28
22	26992	28
22	26993	28
22	26994	28
22	26995	28
22	26996	28
22	26997	28
22	26998	28
22	26999	27
22	27000	27
22	27001	27
22	27002	27
22	27003	27
22	27004	29
22	27005	29
22	27006	29
22	27007	29
22	27008	29
22	27009	28
22	27010	29
22	27011	29
22	27012	31
22	27013	31
22	27014	31
22	27015	33
22	27016	33
22	27017	33
22	27018	33
22	27019	33
22	27020	33
22	27021	33
22	27022	33
22	27023	33
22	27024	33
22	27025	33
22	27026	33
22	27027	34
22	27028	35
22	27029	35
22	27030	37
22	27031	33
22	27032	33
22	27033	33
22	27034	33
22	27035	33
22	27036	33
22	27037	33
22	27038	33
22	27039	34
22	27040	34
22	27041	34
22	27042	33
22	27043	31
22	27044	31
22	27045	31
22	27046	30
22	27047	30
22	27048	30
22	27049	30
22	27050	30
22	27051	30
22	27052	30
22	27053	30
22	27054	30
22	27055	30
22	27056	30
22	27057	30
22	27058	30
22	27059	30
22	27060	31
22	27061	35
22	27062	35
22	27063	35
22	27064	36
22	27065	36
22	27066	36
22	27067	36
22	27068	35
22	27069	35
22	27070	35
22	27071	34
22	27072	34
22	27073	31
22	27074	29
22	27075	28
22	27076	28
22	27077	28
22	27078	28
22	27079	29
22	27080	30
22	27081	31
22	27082	31
22	27083	32
22	27084	32
22	27085	32
22	27086	32
22	27087	32
22	27088	32
22	27089	32
22	27090	33
22	27091	33
22	27092	33
22	27093	33
22	27094	33
22	27095	33
22	27096	33
22	27097	32
22	27098	32
22	27099	32
22	27100	33
22	27101	32
22	27102	32
22	27103	32
22	27104	32
22	27105	31
22	27106	31
22	27107	31
22	27108	31
22	27109	31
22	27110	33
22	27111	33
22	27112	33
22	27113	33
22	27114	33
22	27115	33
22	27116	33
22	27117	33
22	27118	33
22	27119	33
22	27120	33
22	27121	39
22	27122	40
22	27123	40
22	27124	40
22	27125	40
22	27126	44
22	27127	45
22	27128	45
22	27129	45
22	27130	45
22	27131	45
22	27132	45
22	27133	45
22	27134	44
22	27135	41
22	27136	41
22	27137	42
22	27138	41
22	27139	39
22	27140	36
22	27141	36
22	27142	36
22	27143	36
22	27144	36
22	27145	36
22	27146	37
22	27147	37
22	27148	37
22	27149	37
22	27150	37
22	27151	39
22	27152	39
22	27153	39
22	27154	37
22	27155	37
22	27156	39
22	27157	39
22	27158	39
22	27159	39
22	27160	38
22	27161	38
22	27162	36
22	27163	36
22	27164	34
22	27165	34
22	27166	34
22	27167	34
22	27168	34
22	27169	35
22	27170	35
22	27171	35
22	27172	35
22	27173	35
22	27174	35
22	27175	35
22	27176	35
22	27177	34
22	27178	33
22	27179	33
22	27180	31
22	27181	32
22	27182	32
22	27183	32
22	27184	32
22	27185	32
22	27186	32
22	27187	32
22	27188	31
22	27189	31
22	27190	31
22	27191	31
22	27192	31
22	27193	31
22	27194	31
22	27195	27
22	27196	27
22	27197	27
22	27198	27
22	27199	27
22	27200	27
22	27201	35
22	27202	35
22	27203	35
22	27204	35
22	27205	35
22	27206	36
22	27207	37
22	27208	37
22	27209	36
22	27210	35
22	27211	34
22	27212	36
22	27213	36
22	27214	35
22	27215	35
22	27216	35
22	27217	35
22	27218	35
22	27219	38
22	27220	38
22	27221	40
22	27222	40
22	27223	40
22	27224	40
22	27225	42
22	27226	42
22	27227	42
22	27228	40
22	27229	41
22	27230	41
22	27231	41
22	27232	41
22	27233	40
22	27234	40
22	27235	40
22	27236	40
22	27237	40
22	27238	40
22	27239	40
22	27240	40
22	27241	40
22	27242	40
22	27243	41
22	27244	41
22	27245	41
22	27246	42
22	27247	41
22	27248	41
22	27249	42
22	27250	42
22	27251	43
22	27252	43
22	27253	43
22	27254	44
22	27255	42
22	27256	42
22	27257	42
22	27258	43
22	27259	43
22	27260	43
22	27261	39
22	27262	41
22	27263	41
22	27264	41
22	27265	41
22	27266	41
22	27267	41
22	27268	44
22	27269	44
22	27270	42
22	27271	42
22	27272	41
22	27273	41
22	27274	41
22	27275	42
22	27276	41
22	27277	42
22	27278	42
22	27279	42
22	27280	48
22	27281	48
22	27282	48
22	27283	48
22	27284	48
22	27285	48
22	27286	48
22	27287	47
22	27288	47
22	27289	48
22	27290	48
22	27291	48
22	27292	48
22	27293	48
22	27294	48
22	27295	49
22	27296	48
22	27297	48
22	27298	48
22	27299	48
22	27300	48
22	27301	46
22	27302	46
22	27303	46
22	27304	47
22	27305	45
22	27306	45
22	27307	45
22	27308	46
22	27309	44
22	27310	44
22	27311	44
22	27312	44
22	27313	44
22	27314	44
22	27315	44
22	27316	44
22	27317	44
22	27318	44
22	27319	43
22	27320	43
22	27321	43
22	27322	43
22	27323	43
22	27324	43
22	27325	43
22	27326	43
22	27327	43
22	27328	43
22	27329	43
22	27330	43
22	27331	42
22	27332	42
22	27333	42
22	27334	42
22	27335	42
22	27336	42
22	27337	42
22	27338	43
22	27339	44
22	27340	45
22	27341	45
22	27342	45
22	27343	45
22	27344	45
22	27345	45
22	27346	45
22	27347	45
22	27348	44
22	27349	45
22	27350	40
22	27351	40
22	27352	40
22	27353	40
22	27354	40
22	27355	40
22	27356	39
22	27357	38
22	27358	38
22	27359	37
22	27360	37
22	27361	37
22	27362	37
22	27363	38
22	27364	38
22	27365	38
22	27366	38
22	27367	35
22	27368	36
22	27369	36
22	27370	36
22	27371	36
22	27372	34
22	27373	34
22	27374	35
22	27375	35
22	27376	35
22	27377	35
22	27378	36
22	27379	35
22	27380	35
22	27381	35
22	27382	36
22	27383	36
22	27384	36
22	27385	36
22	27386	36
22	27387	36
22	27388	36
22	27389	36
22	27390	36
22	27391	35
22	27392	35
22	27393	34
22	27394	34
22	27395	35
22	27396	35
22	27397	34
22	27398	34
22	27399	33
22	27400	33
22	27401	33
22	27402	33
22	27403	33
22	27404	33
22	27405	33
22	27406	33
22	27407	33
22	27408	32
22	27409	34
22	27410	34
22	27411	33
22	27412	33
22	27413	34
22	27414	34
22	27415	34
22	27416	34
22	27417	33
22	27418	31
22	27419	31
22	27420	31
22	27421	33
22	27422	34
22	27423	34
22	27424	33
22	27425	33
22	27426	35
22	27427	34
22	27428	34
22	27429	34
22	27430	28
22	27431	29
22	27432	29
22	27433	29
22	27434	31
22	27435	31
22	27436	31
22	27437	31
22	27438	30
22	27439	30
22	27440	31
22	27441	31
22	27442	31
22	27443	31
22	27444	32
22	27445	31
22	27446	32
22	27447	32
22	27448	32
22	27449	34
22	27450	34
22	27451	35
22	27452	35
22	27453	35
22	27454	34
22	27455	33
22	27456	34
22	27457	34
22	27458	34
22	27459	34
22	27460	34
22	27461	34
22	27462	34
22	27463	34
22	27464	34
22	27465	37
22	27466	37
22	27467	37
22	27468	38
22	27469	38
22	27470	38
22	27471	37
22	27472	37
22	27473	40
22	27474	40
22	27475	40
22	27476	40
22	27477	40
22	27478	40
22	27479	42
22	27480	41
22	27481	41
22	27482	41
22	27483	41
22	27484	41
22	27485	41
22	27486	43
22	27487	43
22	27488	42
22	27489	42
22	27490	41
22	27491	42
22	27492	43
22	27493	43
22	27494	43
22	27495	43
22	27496	43
22	27497	43
22	27498	44
22	27499	44
22	27500	43
22	27501	43
22	27502	44
22	27503	44
22	27504	44
22	27505	44
22	27506	44
22	27507	43
22	27508	43
22	27509	43
22	27510	46
22	27511	46
22	27512	45
22	27513	45
22	27514	45
22	27515	44
22	27516	44
22	27517	44
22	27518	44
22	27519	44
22	27520	44
22	27521	44
22	27522	44
22	27523	44
22	27524	43
22	27525	43
22	27526	45
22	27527	45
22	27528	42
22	27529	43
22	27530	43
22	27531	46
22	27532	45
22	27533	46
22	27534	46
22	27535	46
22	27536	46
22	27537	46
22	27538	46
22	27539	46
22	27540	46
22	27541	46
22	27542	45
22	27543	44
22	27544	45
22	27545	47
22	27546	47
22	27547	48
22	27548	49
22	27549	49
22	27550	49
22	27551	49
22	27552	48
22	27553	48
22	27554	48
22	27555	48
22	27556	48
22	27557	48
22	27558	48
22	27559	46
22	27560	46
22	27561	45
22	27562	44
22	27563	44
22	27564	44
22	27565	44
22	27566	44
22	27567	44
22	27568	44
22	27569	38
22	27570	38
22	27571	36
22	27572	36
22	27573	36
22	27574	36
22	27575	36
22	27576	36
22	27577	36
22	27578	36
22	27579	36
22	27580	36
22	27581	36
22	27582	36
22	27583	36
22	27584	36
22	27585	36
22	27586	21
22	27587	21
22	27588	21
22	27589	21
22	27590	21
22	27591	21
22	27592	21
22	27593	21
22	27594	21
22	27595	21
22	27596	21
22	27597	21
22	27598	21
22	27599	21
22	27600	21
22	27601	21
22	27602	21
22	27603	21
22	27604	21
22	27605	21
22	27606	22
22	27607	22
22	27608	22
22	27609	22
22	27610	22
22	27611	22
22	27612	22
22	27613	22
22	27614	23
22	27615	23
22	27616	23
22	27617	35
22	27618	35
22	27619	35
22	27620	36
22	27621	37
22	27622	38
22	27623	38
22	27624	38
22	27625	38
22	27626	38
22	27627	38
22	27628	38
22	27629	38
22	27630	38
22	27631	38
22	27632	38
22	27633	38
22	27634	38
22	27635	38
22	27636	34
22	27637	34
22	27638	34
22	27639	34
22	27640	34
22	27641	34
22	27642	34
22	27643	34
22	27644	34
22	27645	35
22	27646	35
22	27647	35
22	27648	34
22	27649	35
22	27650	34
22	27651	37
22	27652	36
22	27653	36
22	27654	36
22	27655	36
22	27656	36
22	27657	36
22	27658	36
22	27659	34
22	27660	32
22	27661	32
22	27662	33
22	27663	33
22	27664	33
22	27665	33
22	27666	33
22	27667	33
22	27668	33
22	27669	33
22	27670	33
22	27671	33
22	27672	33
22	27673	33
22	27674	33
22	27675	33
22	27676	36
22	27677	37
22	27678	37
22	27679	36
22	27680	36
22	27681	33
22	27682	33
22	27683	32
22	27684	32
22	27685	40
22	27686	40
22	27687	40
22	27688	40
22	27689	40
22	27690	40
22	27691	41
22	27692	41
22	27693	44
22	27694	39
22	27695	39
22	27696	37
22	27697	37
22	27698	37
22	27699	38
22	27700	38
22	27701	38
22	27702	38
22	27703	38
22	27704	40
22	27705	41
22	27706	42
22	27707	42
22	27708	43
22	27709	43
22	27710	43
22	27711	43
22	27712	43
22	27713	43
22	27714	43
22	27715	43
22	27716	43
22	27717	43
22	27718	43
22	27719	43
22	27720	43
22	27721	42
22	27722	42
22	27723	43
22	27724	43
22	27725	41
22	27726	41
22	27727	41
22	27728	40
22	27729	40
22	27730	41
22	27731	41
22	27732	41
22	27733	41
22	27734	41
22	27735	40
22	27736	40
22	27737	41
22	27738	41
22	27739	41
22	27740	41
22	27741	41
22	27742	42
22	27743	42
22	27744	42
22	27745	42
22	27746	42
22	27747	42
22	27748	42
22	27749	42
22	27750	42
22	27751	41
22	27752	41
22	27753	41
22	27754	41
22	27755	43
22	27756	43
22	27757	41
22	27758	41
22	27759	41
22	27760	41
22	27761	44
22	27762	44
22	27763	44
22	27764	43
22	27765	43
22	27766	43
22	27767	43
22	27768	44
22	27769	43
22	27770	44
22	27771	45
22	27772	44
22	27773	44
22	27774	44
22	27775	44
22	27776	44
22	27777	46
22	27778	46
22	27779	47
22	27780	48
22	27781	48
22	27782	48
22	27783	48
22	27784	48
22	27785	48
22	27786	48
22	27787	48
22	27788	49
22	27789	50
22	27790	50
22	27791	50
22	27792	50
22	27793	50
22	27794	51
22	27795	49
22	27796	49
22	27797	50
22	27798	50
22	27799	46
22	27800	48
22	27801	48
22	27802	48
22	27803	48
22	27804	48
22	27805	50
22	27806	49
22	27807	49
22	27808	49
22	27809	49
22	27810	49
22	27811	49
22	27812	49
22	27813	49
22	27814	49
22	27815	50
22	27816	50
22	27817	50
22	27818	50
22	27819	50
22	27820	51
22	27821	51
22	27822	52
22	27823	52
22	27824	52
22	27825	52
22	27826	48
22	27827	47
22	27828	47
22	27829	47
22	27830	49
22	27831	49
22	27832	50
22	27833	56
22	27834	57
22	27835	51
22	27836	51
22	27837	51
22	27838	53
22	27839	57
22	27840	57
22	27841	57
22	27842	57
22	27843	54
22	27844	54
22	27845	54
22	27846	54
22	27847	53
22	27848	53
22	27849	52
22	27850	52
22	27851	52
22	27852	52
22	27853	53
22	27854	53
22	27855	52
22	27856	51
22	27857	51
22	27858	50
22	27859	50
22	27860	49
22	27861	49
22	27862	49
22	27863	48
22	27864	48
22	27865	48
22	27866	48
22	27867	48
22	27868	48
22	27869	48
22	27870	49
22	27871	49
22	27872	49
22	27873	48
22	27874	46
22	27875	46
22	27876	46
22	27877	46
22	27878	46
22	27879	46
22	27880	45
22	27881	47
22	27882	48
22	27883	50
22	27884	50
22	27885	50
22	27886	50
22	27887	50
22	27888	50
22	27889	50
22	27890	50
22	27891	51
22	27892	50
22	27893	50
22	27894	50
22	27895	53
22	27896	53
22	27897	54
22	27898	55
22	27899	55
22	27900	56
22	27901	58
22	27902	59
22	27903	59
22	27904	57
22	27905	57
22	27906	59
22	27907	59
22	27908	59
22	27909	59
22	27910	56
22	27911	57
22	27912	59
22	27913	59
22	27914	59
22	27915	59
22	27916	59
22	27917	59
22	27918	57
22	27919	57
22	27920	58
22	27921	58
22	27922	58
22	27923	59
22	27924	59
22	27925	59
22	27926	59
22	27927	57
22	27928	57
22	27929	57
22	27930	58
22	27931	58
22	27932	58
22	27933	59
22	27934	59
22	27935	59
22	27936	59
22	27937	59
22	27938	58
22	27939	58
22	27940	58
22	27941	58
22	27942	58
22	27943	58
22	27944	56
22	27945	56
22	27946	56
22	27947	55
22	27948	55
22	27949	55
22	27950	55
22	27951	55
22	27952	58
22	27953	60
22	27954	60
22	27955	59
22	27956	60
22	27957	61
22	27958	61
22	27959	61
22	27960	62
22	27961	63
22	27962	63
22	27963	63
22	27964	62
22	27965	62
22	27966	62
22	27967	62
22	27968	62
22	27969	61
22	27970	61
22	27971	62
22	27972	61
22	27973	61
22	27974	61
22	27975	61
22	27976	61
22	27977	62
22	27978	62
22	27979	62
22	27980	60
22	27981	60
22	27982	59
22	27983	53
22	27984	52
22	27985	49
22	27986	49
22	27987	50
22	27988	49
22	27989	47
22	27990	47
22	27991	46
22	27992	46
22	27993	46
22	27994	46
22	27995	46
22	27996	46
22	27997	46
22	27998	46
22	27999	46
22	28000	45
22	28001	45
22	28002	44
22	28003	43
22	28004	43
22	28005	43
22	28006	43
22	28007	43
22	28008	43
22	28009	43
22	28010	43
22	28011	43
22	28012	44
22	28013	44
22	28014	44
22	28015	45
22	28016	45
22	28017	45
22	28018	45
22	28019	45
22	28020	44
22	28021	44
22	28022	44
22	28023	44
22	28024	44
22	28025	44
22	28026	44
22	28027	44
22	28028	44
22	28029	44
22	28030	44
22	28031	42
22	28032	41
22	28033	39
22	28034	39
22	28035	39
22	28036	40
22	28037	40
22	28038	40
22	28039	40
22	28040	39
22	28041	39
22	28042	39
22	28043	39
22	28044	37
22	28045	36
22	28046	36
22	28047	35
22	28048	35
22	28049	34
22	28050	34
22	28051	32
22	28052	31
22	28053	31
22	28054	31
22	28055	31
22	28056	29
22	28057	29
22	28058	27
22	28059	28
22	28060	27
22	28061	27
22	28062	27
22	28063	27
22	28064	27
22	28065	27
22	28066	27
22	28067	27
22	28068	27
22	28069	27
22	28070	24
22	28071	24
22	28072	24
22	28073	23
22	28074	23
22	28075	23
22	28076	23
22	28077	23
22	28078	23
22	28079	22
22	28080	22
22	28081	23
22	28082	23
22	28083	22
22	28084	22
22	28085	22
22	28086	22
22	28087	24
22	28088	23
22	28089	23
22	28090	23
22	28091	23
22	28092	23
22	28093	23
22	28094	23
22	28095	23
22	28096	23
22	28097	24
22	28098	24
22	28099	24
22	28100	24
22	28101	21
22	28102	21
22	28103	19
22	28104	19
22	28105	16
22	28106	16
22	28107	16
22	28108	16
22	28109	15
22	28110	15
22	28111	14
22	28112	14
22	28113	14
22	28114	19
22	28115	19
22	28116	19
22	28117	19
22	28118	20
22	28119	20
22	28120	23
22	28121	22
22	28122	22
22	28123	22
22	28124	22
22	28125	21
22	28126	25
22	28127	25
22	28128	25
22	28129	26
22	28130	26
22	28131	26
22	28132	26
22	28133	26
22	28134	26
22	28135	25
22	28136	25
22	28137	27
22	28138	27
22	28139	26
22	28140	26
22	28141	27
22	28142	27
22	28143	27
22	28144	27
22	28145	27
22	28146	27
22	28147	26
22	28148	26
22	28149	26
22	28150	26
22	28151	26
22	28152	26
22	28153	26
22	28154	26
22	28155	26
22	28156	26
22	28157	24
22	28158	24
22	28159	24
22	28160	24
22	28161	24
22	28162	24
22	28163	29
22	28164	29
22	28165	29
22	28166	29
22	28167	30
22	28168	30
22	28169	30
22	28170	30
22	28171	30
22	28172	30
22	28173	30
22	28174	30
22	28175	30
22	28176	30
22	28177	30
22	28178	30
22	28179	30
22	28180	30
22	28181	30
22	28182	30
22	28183	30
22	28184	29
22	28185	30
22	28186	30
22	28187	30
22	28188	30
22	28189	30
22	28190	29
22	28191	30
22	28192	30
22	28193	30
22	28194	30
22	28195	30
22	28196	30
22	28197	32
22	28198	32
22	28199	33
22	28200	33
22	28201	33
22	28202	33
22	28203	33
22	28204	33
22	28205	33
22	28206	33
22	28207	32
22	28208	32
22	28209	34
22	28210	34
22	28211	34
22	28212	34
22	28213	34
22	28214	34
22	28215	34
22	28216	34
22	28217	34
22	28218	34
22	28219	34
22	28220	34
22	28221	34
22	28222	34
22	28223	34
22	28224	39
22	28225	39
22	28226	39
22	28227	39
22	28228	39
22	28229	39
22	28230	38
22	28231	38
22	28232	36
22	28233	36
22	28234	36
22	28235	36
22	28236	36
22	28237	36
22	28238	36
22	28239	36
22	28240	37
22	28241	37
22	28242	38
22	28243	38
22	28244	38
22	28245	38
22	28246	38
22	28247	37
22	28248	37
22	28249	37
22	28250	37
22	28251	37
22	28252	37
22	28253	39
22	28254	39
22	28255	39
22	28256	39
22	28257	39
22	28258	39
22	28259	40
22	28260	42
22	28261	41
22	28262	39
22	28263	37
22	28264	43
22	28265	43
22	28266	43
22	28267	44
22	28268	43
22	28269	40
22	28270	41
22	28271	41
22	28272	43
22	28273	40
22	28274	40
22	28275	43
22	28276	42
22	28277	42
22	28278	42
22	28279	41
22	28280	41
22	28281	41
22	28282	41
22	28283	41
22	28284	40
22	28285	41
22	28286	39
22	28287	40
22	28288	40
22	28289	40
22	28290	40
22	28291	38
22	28292	39
22	28293	39
22	28294	38
22	28295	37
22	28296	38
22	28297	40
22	28298	41
22	28299	40
22	28300	40
22	28301	40
22	28302	40
22	28303	40
22	28304	40
22	28305	40
22	28306	40
22	28307	43
22	28308	42
22	28309	42
22	28310	42
22	28311	42
22	28312	42
22	28313	42
22	28314	45
22	28315	45
22	28316	45
22	28317	44
22	28318	45
22	28319	45
22	28320	45
22	28321	45
22	28322	45
22	28323	45
22	28324	45
22	28325	46
22	28326	46
22	28327	48
22	28328	48
22	28329	48
22	28330	48
22	28331	48
22	28332	48
22	28333	48
22	28334	48
22	28335	50
22	28336	50
22	28337	51
22	28338	51
22	28339	51
22	28340	52
22	28341	52
22	28342	53
22	28343	53
22	28344	52
22	28345	51
22	28346	51
22	28347	56
22	28348	57
22	28349	56
22	28350	56
22	28351	56
22	28352	55
22	28353	55
22	28354	55
22	28355	55
22	28356	54
22	28357	54
22	28358	54
22	28359	54
22	28360	55
22	28361	55
22	28362	55
22	28363	56
22	28364	56
22	28365	56
22	28366	56
22	28367	56
22	28368	56
22	28369	56
22	28370	56
22	28371	56
22	28372	54
22	28373	52
22	28374	52
22	28375	50
22	28376	50
22	28377	50
22	28378	50
22	28379	54
22	28380	54
22	28381	54
22	28382	54
22	28383	54
22	28384	54
22	28385	54
22	28386	55
22	28387	55
22	28388	58
22	28389	58
22	28390	57
22	28391	57
22	28392	56
22	28393	56
22	28394	56
22	28395	57
22	28396	58
22	28397	56
22	28398	56
22	28399	56
22	28400	56
22	28401	56
22	28402	53
22	28403	53
22	28404	53
22	28405	54
22	28406	54
22	28407	54
22	28408	54
22	28409	53
22	28410	52
22	28411	52
22	28412	52
22	28413	48
22	28414	48
22	28415	49
22	28416	49
22	28417	48
22	28418	52
22	28419	53
22	28420	52
22	28421	51
22	28422	51
22	28423	54
22	28424	54
22	28425	52
22	28426	53
22	28427	53
22	28428	54
22	28429	54
22	28430	54
22	28431	54
22	28432	55
22	28433	57
22	28434	57
22	28435	57
22	28436	57
22	28437	56
22	28438	57
22	28439	57
22	28440	57
22	28441	57
22	28442	58
22	28443	62
22	28444	62
22	28445	62
22	28446	61
22	28447	59
22	28448	61
22	28449	62
22	28450	62
22	28451	62
22	28452	62
22	28453	62
22	28454	62
22	28455	62
22	28456	60
22	28457	62
22	28458	62
22	28459	65
22	28460	65
22	28461	65
22	28462	62
22	28463	65
22	28464	66
22	28465	66
22	28466	66
22	28467	66
22	28468	66
22	28469	66
22	28470	66
22	28471	67
22	28472	67
22	28473	67
22	28474	67
22	28475	66
22	28476	66
22	28477	66
22	28478	66
22	28479	66
22	28480	66
22	28481	66
22	28482	68
22	28483	68
22	28484	66
22	28485	66
22	28486	66
22	28487	65
22	28488	65
22	28489	65
22	28490	64
22	28491	64
22	28492	63
22	28493	63
22	28494	64
22	28495	65
22	28496	65
22	28497	61
22	28498	60
22	28499	60
22	28500	59
22	28501	59
22	28502	59
22	28503	58
22	28504	58
22	28505	58
22	28506	58
22	28507	58
22	28508	58
22	28509	58
22	28510	57
22	28511	57
22	28512	57
22	28513	57
22	28514	57
22	28515	60
22	28516	60
22	28517	60
22	28518	61
22	28519	63
22	28520	62
22	28521	62
22	28522	62
22	28523	63
22	28524	67
22	28525	67
22	28526	68
22	28527	68
22	28528	68
22	28529	68
22	28530	70
22	28531	70
22	28532	69
22	28533	69
22	28534	69
22	28535	69
22	28536	68
22	28537	68
22	28538	65
22	28539	66
22	28540	68
22	28541	68
22	28542	67
22	28543	67
22	28544	68
22	28545	68
22	28546	68
22	28547	68
22	28548	68
22	28549	68
22	28550	68
22	28551	69
22	28552	70
22	28553	70
22	28554	70
22	28555	73
22	28556	74
22	28557	74
22	28558	74
22	28559	72
22	28560	72
22	28561	72
22	28562	72
22	28563	72
22	28564	72
22	28565	70
22	28566	70
22	28567	66
22	28568	66
22	28569	66
22	28570	68
22	28571	69
22	28572	66
22	28573	67
22	28574	70
22	28575	70
22	28576	70
22	28577	70
22	28578	69
22	28579	69
22	28580	69
22	28581	69
22	28582	67
22	28583	71
22	28584	75
22	28585	74
22	28586	74
22	28587	75
22	28588	74
22	28589	75
22	28590	74
22	28591	74
22	28592	69
22	28593	69
22	28594	70
22	28595	70
22	28596	70
22	28597	70
22	28598	73
22	28599	72
22	28600	73
22	28601	73
22	28602	73
22	28603	74
22	28604	74
22	28605	77
22	28606	77
22	28607	75
22	28608	75
22	28609	72
22	28610	72
22	28611	72
22	28612	72
22	28613	69
22	28614	68
22	28615	68
22	28616	68
22	28617	68
22	28618	68
22	28619	67
22	28620	70
22	28621	71
22	28622	71
22	28623	73
22	28624	74
22	28625	74
22	28626	74
22	28627	74
22	28628	74
22	28629	74
22	28630	74
22	28631	74
22	28632	72
22	28633	72
22	28634	71
22	28635	71
22	28636	71
22	28637	71
22	28638	73
22	28639	73
22	28640	73
22	28641	74
22	28642	74
22	28643	75
22	28644	74
22	28645	73
22	28646	73
22	28647	73
22	28648	73
22	28649	73
22	28650	74
22	28651	74
22	28652	74
22	28653	75
22	28654	75
22	28655	75
22	28656	73
22	28657	75
22	28658	75
22	28659	75
22	28660	75
22	28661	76
22	28662	76
22	28663	76
22	28664	73
22	28665	73
22	28666	76
22	28667	76
22	28668	75
22	28669	75
22	28670	75
22	28671	77
22	28672	72
22	28673	71
22	28674	71
22	28675	70
22	28676	71
22	28677	73
22	28678	73
22	28679	68
22	28680	66
22	28681	68
22	28682	77
22	28683	77
22	28684	77
22	28685	77
22	28686	77
22	28687	78
22	28688	77
22	28689	75
22	28690	75
22	28691	78
22	28692	78
22	28693	78
22	28694	77
22	28695	76
22	28696	76
22	28697	81
22	28698	81
22	28699	82
22	28700	82
22	28701	82
22	28702	81
22	28703	81
22	28704	79
22	28705	77
22	28706	77
22	28707	76
22	28708	76
22	28709	76
22	28710	77
22	28711	77
22	28712	80
22	28713	80
22	28714	80
22	28715	80
22	28716	80
22	28717	80
22	28718	80
22	28719	80
22	28720	78
22	28721	77
22	28722	78
22	28723	77
22	28724	74
22	28725	74
22	28726	73
22	28727	73
22	28728	73
22	28729	73
22	28730	73
22	28731	72
22	28732	72
22	28733	69
22	28734	70
22	28735	70
22	28736	71
22	28737	70
22	28738	72
22	28739	71
22	28740	71
22	28741	71
22	28742	71
22	28743	70
22	28744	72
22	28745	72
22	28746	72
22	28747	72
22	28748	72
22	28749	72
22	28750	71
22	28751	75
22	28752	75
22	28753	75
22	28754	75
22	28755	73
22	28756	73
22	28757	73
22	28758	73
22	28759	73
22	28760	73
22	28761	73
22	28762	73
22	28763	73
22	28764	73
22	28765	76
22	28766	76
22	28767	76
22	28768	76
22	28769	75
22	28770	71
22	28771	71
22	28772	70
22	28773	69
22	28774	68
22	28775	68
22	28776	68
22	28777	68
22	28778	68
22	28779	68
22	28780	68
22	28781	68
22	28782	69
22	28783	69
22	28784	71
22	28785	71
22	28786	71
22	28787	71
22	28788	69
22	28789	69
22	28790	69
22	28791	71
22	28792	71
22	28793	73
22	28794	73
22	28795	73
22	28796	73
22	28797	73
22	28798	73
22	28799	73
22	28800	73
22	28801	71
22	28802	71
22	28803	71
22	28804	71
22	28805	71
22	28806	71
22	28807	69
22	28808	69
22	28809	69
22	28810	69
22	28811	68
22	28812	67
22	28813	68
22	28814	68
22	28815	68
22	28816	66
22	28817	66
22	28818	67
22	28819	69
22	28820	67
22	28821	68
22	28822	68
22	28823	69
22	28824	68
22	28825	73
22	28826	72
22	28827	71
22	28828	73
22	28829	73
22	28830	72
22	28831	73
22	28832	65
22	28833	65
22	28834	69
22	28835	69
22	28836	71
22	28837	70
22	28838	71
22	28839	71
22	28840	71
22	28841	68
22	28842	68
22	28843	68
22	28844	68
22	28845	67
22	28846	67
22	28847	63
22	28848	63
22	28849	62
22	28850	61
22	28851	61
22	28852	61
22	28853	61
22	28854	60
22	28855	60
22	28856	59
22	28857	59
22	28858	59
22	28859	57
22	28860	58
22	28861	58
22	28862	57
22	28863	57
22	28864	57
22	28865	57
22	28866	57
22	28867	57
22	28868	57
22	28869	58
22	28870	60
22	28871	60
22	28872	61
22	28873	62
22	28874	62
22	28875	62
22	28876	62
22	28877	62
22	28878	62
22	28879	62
22	28880	62
22	28881	59
22	28882	59
22	28883	58
22	28884	58
22	28885	58
22	28886	57
22	28887	62
22	28888	60
22	28889	60
22	28890	60
22	28891	60
22	28892	61
22	28893	63
22	28894	61
22	28895	61
22	28896	57
22	28897	57
22	28898	57
22	28899	57
22	28900	56
22	28901	54
22	28902	54
22	28903	54
22	28904	54
22	28905	54
22	28906	55
22	28907	56
22	28908	61
22	28909	61
22	28910	64
22	28911	64
22	28912	67
22	28913	67
22	28914	67
22	28915	65
22	28916	66
22	28917	66
22	28918	66
22	28919	66
22	28920	66
22	28921	66
22	28922	66
22	28923	66
22	28924	66
22	28925	67
22	28926	67
22	28927	65
22	28928	65
22	28929	67
22	28930	67
22	28931	67
22	28932	69
22	28933	70
22	28934	68
22	28935	68
22	28936	68
22	28937	68
22	28938	68
22	28939	69
22	28940	69
22	28941	66
22	28942	65
22	28943	63
22	28944	63
22	28945	63
22	28946	63
22	28947	63
22	28948	63
22	28949	63
22	28950	63
22	28951	63
22	28952	63
22	28953	63
22	28954	64
22	28955	64
22	28956	64
22	28957	66
22	28958	66
22	28959	67
22	28960	67
22	28961	67
22	28962	66
22	28963	66
22	28964	66
22	28965	66
22	28966	66
22	28967	66
22	28968	66
22	28969	66
22	28970	65
22	28971	65
22	28972	65
22	28973	64
22	28974	64
22	28975	59
22	28976	60
22	28977	58
22	28978	57
22	28979	57
22	28980	59
22	28981	59
22	28982	59
22	28983	59
22	28984	57
22	28985	57
22	28986	55
22	28987	55
22	28988	55
22	28989	56
22	28990	56
22	28991	56
22	28992	56
22	28993	56
22	28994	56
22	28995	56
22	28996	56
22	28997	55
22	28998	55
22	28999	53
22	29000	54
22	29001	54
22	29002	54
22	29003	54
22	29004	54
22	29005	54
22	29006	55
22	29007	55
22	29008	56
22	29009	56
22	29010	56
22	29011	56
22	29012	56
22	29013	57
22	29014	57
22	29015	57
22	29016	57
22	29017	57
22	29018	57
22	29019	55
22	29020	53
22	29021	53
22	29022	51
22	29023	51
22	29024	51
22	29025	51
22	29026	50
22	29027	51
22	29028	51
22	29029	51
22	29030	49
22	29031	51
22	29032	51
22	29033	51
22	29034	53
22	29035	49
22	29036	53
22	29037	52
22	29038	52
22	29039	52
22	29040	52
22	29041	52
22	29042	51
22	29043	51
22	29044	51
22	29045	51
22	29046	51
22	29047	51
22	29048	52
22	29049	59
22	29050	59
22	29051	57
22	29052	57
22	29053	57
22	29054	57
22	29055	57
22	29056	55
22	29057	55
22	29058	50
22	29059	51
22	29060	48
22	29061	48
22	29062	45
22	29063	46
22	29064	45
22	29065	46
22	29066	45
22	29067	45
22	29068	44
22	29069	44
22	29070	44
22	29071	43
22	29072	43
22	29073	43
22	29074	43
22	29075	43
22	29076	43
22	29077	43
22	29078	45
22	29079	43
22	29080	45
22	29081	45
22	29082	45
22	29083	44
22	29084	44
22	29085	46
22	29086	45
22	29087	45
22	29088	45
22	29089	45
22	29090	45
22	29091	45
22	29092	46
22	29093	46
22	29094	46
22	29095	46
22	29096	46
22	29097	46
22	29098	47
22	29099	47
22	29100	47
22	29101	47
22	29102	47
22	29103	49
22	29104	48
22	29105	48
22	29106	48
22	29107	50
22	29108	50
22	29109	51
22	29110	51
22	29111	51
22	29112	51
22	29113	53
22	29114	53
22	29115	53
22	29116	54
22	29117	52
22	29118	53
22	29119	53
22	29120	53
22	29121	54
22	29122	54
22	29123	54
22	29124	54
22	29125	54
22	29126	56
22	29127	56
22	29128	56
22	29129	56
22	29130	53
22	29131	53
22	29132	53
22	29133	53
22	29134	53
22	29135	53
22	29136	53
22	29137	53
22	29138	52
22	29139	52
22	29140	52
22	29141	52
22	29142	52
22	29143	52
22	29144	52
22	29145	52
22	29146	52
22	29147	52
22	29148	52
22	29149	52
22	29150	53
22	29151	53
22	29152	55
22	29153	55
22	29154	54
22	29155	54
22	29156	53
22	29157	52
22	29158	51
22	29159	51
22	29160	52
22	29161	52
22	29162	51
22	29163	52
22	29164	52
22	29165	53
22	29166	53
22	29167	53
22	29168	53
22	29169	53
22	29170	53
22	29171	53
22	29172	54
22	29173	57
22	29174	57
22	29175	57
22	29176	59
22	29177	60
22	29178	61
22	29179	61
22	29180	62
22	29181	58
22	29182	62
22	29183	60
22	29184	60
22	29185	60
22	29186	57
22	29187	59
22	29188	62
22	29189	62
22	29190	60
22	29191	58
22	29192	59
22	29193	59
22	29194	59
22	29195	59
22	29196	58
22	29197	58
22	29198	58
22	29199	52
22	29200	52
22	29201	52
22	29202	52
22	29203	52
22	29204	52
22	29205	52
22	29206	52
22	29207	52
22	29208	51
22	29209	50
22	29210	51
22	29211	51
22	29212	51
22	29213	50
22	29214	50
22	29215	49
22	29216	49
22	29217	49
22	29218	49
22	29219	53
22	29220	53
22	29221	53
22	29222	53
22	29223	54
22	29224	54
22	29225	54
22	29226	54
22	29227	54
22	29228	52
22	29229	52
22	29230	52
22	29231	52
22	29232	51
22	29233	51
22	29234	51
22	29235	51
22	29236	52
22	29237	52
22	29238	52
22	29239	52
22	29240	52
22	29241	52
22	29242	51
22	29243	51
22	29244	51
22	29245	51
22	29246	51
22	29247	52
22	29248	53
22	29249	53
22	29250	55
22	29251	56
22	29252	56
22	29253	57
22	29254	57
22	29255	58
22	29256	58
22	29257	53
22	29258	52
22	29259	51
22	29260	51
22	29261	51
22	29262	51
22	29263	51
22	29264	51
22	29265	52
22	29266	51
22	29267	52
22	29268	49
22	29269	49
22	29270	49
22	29271	48
22	29272	48
22	29273	48
22	29274	48
22	29275	48
22	29276	46
22	29277	46
22	29278	46
22	29279	46
22	29280	47
22	29281	47
22	29282	47
22	29283	47
22	29284	47
22	29285	47
22	29286	47
22	29287	47
22	29288	48
22	29289	48
22	29290	48
22	29291	48
22	29292	48
22	29293	48
22	29294	48
22	29295	48
22	29296	48
22	29297	48
22	29298	49
22	29299	47
22	29300	47
22	29301	48
22	29302	46
22	29303	46
22	29304	45
22	29305	45
22	29306	45
22	29307	45
22	29308	45
22	29309	45
22	29310	44
22	29311	44
22	29312	44
22	29313	44
22	29314	44
22	29315	43
22	29316	43
22	29317	43
22	29318	43
22	29319	44
22	29320	44
22	29321	44
22	29322	43
22	29323	40
22	29324	40
22	29325	40
22	29326	38
22	29327	37
22	29328	37
22	29329	37
22	29330	36
22	29331	36
22	29332	34
22	29333	34
22	29334	35
22	29335	36
22	29336	38
22	29337	38
22	29338	35
22	29339	36
22	29340	36
22	29341	37
22	29342	36
22	29343	36
22	29344	36
22	29345	36
22	29346	36
22	29347	36
22	29348	36
22	29349	36
22	29350	36
22	29351	36
22	29352	36
22	29353	36
22	29354	36
22	29355	36
22	29356	36
22	29357	36
22	29358	36
22	29359	36
22	29360	38
22	29361	39
22	29362	39
22	29363	39
22	29364	39
22	29365	40
22	29366	40
22	29367	40
22	29368	40
22	29369	37
22	29370	37
22	29371	37
22	29372	36
22	29373	36
22	29374	36
22	29375	36
22	29376	36
22	29377	36
22	29378	35
22	29379	35
22	29380	35
22	29381	35
22	29382	36
22	29383	36
22	29384	36
22	29385	35
22	29386	35
22	29387	36
22	29388	36
22	29389	36
22	29390	36
22	29391	37
22	29392	37
22	29393	39
22	29394	38
22	29395	38
22	29396	38
22	29397	38
22	29398	37
22	29399	36
22	29400	34
22	29401	34
22	29402	34
22	29403	34
22	29404	34
22	29405	33
22	29406	33
22	29407	32
22	29408	32
22	29409	30
22	29410	30
22	29411	30
22	29412	30
22	29413	30
22	29414	29
22	29415	29
22	29416	29
22	29417	29
22	29418	29
22	29419	29
22	29420	29
22	29421	29
22	29422	29
22	29423	29
22	29424	29
22	29425	29
22	29426	29
22	29427	30
22	29428	30
22	29429	30
22	29430	29
22	29431	29
22	29432	29
22	29433	29
22	29434	29
22	29435	29
22	29436	29
22	29437	29
22	29438	28
22	29439	27
22	29440	27
22	29441	27
22	29442	27
22	29443	27
22	29444	27
22	29445	28
22	29446	28
22	29447	28
22	29448	27
22	29449	27
22	29450	28
22	29451	27
22	29452	27
22	29453	27
22	29454	27
22	29455	27
22	29456	27
22	29457	28
22	29458	28
22	29459	28
22	29460	28
22	29461	30
22	29462	29
22	29463	29
22	29464	29
22	29465	29
22	29466	29
22	29467	29
22	29468	28
22	29469	29
22	29470	31
22	29471	31
22	29472	32
22	29473	32
22	29474	32
22	29475	32
22	29476	33
22	29477	33
22	29478	32
22	29479	32
22	29480	32
22	29481	32
22	29482	33
22	29483	32
22	29484	31
22	29485	28
22	29486	28
22	29487	28
22	29488	28
22	29489	27
22	29490	28
22	29491	27
22	29492	30
22	29493	30
22	29494	31
22	29495	31
22	29496	31
22	29497	32
22	29498	32
22	29499	32
22	29500	32
22	29501	32
22	29502	32
22	29503	35
22	29504	35
22	29505	35
22	29506	35
22	29507	36
22	29508	36
22	29509	42
22	29510	39
22	29511	38
22	29512	39
22	29513	40
22	29514	39
22	29515	39
22	29516	39
22	29517	39
22	29518	38
22	29519	38
22	29520	38
22	29521	38
22	29522	38
22	29523	38
22	29524	38
22	29525	38
22	29526	38
22	29527	38
22	29528	38
22	29529	37
22	29530	39
22	29531	39
22	29532	39
22	29533	39
22	29534	39
22	29535	41
22	29536	41
22	29537	41
22	29538	39
22	29539	40
22	29540	39
22	29541	39
22	29542	37
22	29543	38
22	29544	39
22	29545	39
22	29546	38
22	29547	38
22	29548	38
22	29549	38
22	29550	38
22	29551	38
22	29552	38
22	29553	38
22	29554	38
22	29555	38
22	29556	39
22	29557	39
22	29558	39
22	29559	39
22	29560	39
22	29561	39
22	29562	39
22	29563	39
22	29564	39
22	29565	39
22	29566	40
22	29567	40
22	29568	40
22	29569	40
22	29570	40
22	29571	40
22	29572	40
22	29573	41
22	29574	42
22	29575	42
22	29576	42
22	29577	41
22	29578	44
22	29579	44
22	29580	44
22	29581	44
22	29582	44
22	29583	44
22	29584	44
22	29585	44
22	29586	44
22	29587	44
22	29588	44
22	29589	44
22	29590	44
22	29591	44
22	29592	44
22	29593	44
22	29594	44
22	29595	44
22	29596	44
22	29597	44
22	29598	45
22	29599	45
22	29600	45
22	29601	45
22	29602	45
22	29603	45
22	29604	45
22	29605	45
22	29606	46
22	29607	45
22	29608	45
22	29609	45
22	29610	45
22	29611	43
22	29612	46
22	29613	49
22	29614	49
22	29615	49
22	29616	49
22	29617	49
22	29618	49
22	29619	48
22	29620	46
22	29621	46
22	29622	45
22	29623	45
22	29624	45
22	29625	44
22	29626	44
22	29627	44
22	29628	44
22	29629	44
22	29630	44
22	29631	43
22	29632	43
22	29633	45
22	29634	45
22	29635	45
22	29636	48
22	29637	48
22	29638	48
22	29639	47
22	29640	47
22	29641	51
22	29642	48
22	29643	48
22	29644	47
22	29645	47
22	29646	47
22	29647	46
22	29648	49
22	29649	49
22	29650	52
22	29651	53
22	29652	50
22	29653	50
22	29654	50
22	29655	50
22	29656	50
22	29657	49
22	29658	49
22	29659	44
22	29660	44
22	29661	44
22	29662	43
22	29663	42
22	29664	42
22	29665	42
22	29666	42
22	29667	42
22	29668	42
22	29669	42
22	29670	42
22	29671	42
22	29672	42
22	29673	42
22	29674	42
22	29675	42
22	29676	42
22	29677	44
22	29678	43
22	29679	43
22	29680	43
22	29681	42
22	29682	42
22	29683	42
22	29684	42
22	29685	41
22	29686	40
22	29687	40
22	29688	39
22	29689	40
22	29690	40
22	29691	40
22	29692	37
22	29693	38
22	29694	38
22	29695	38
22	29696	38
22	29697	38
22	29698	38
22	29699	39
22	29700	39
22	29701	39
22	29702	39
22	29703	39
22	29704	39
22	29705	39
22	29706	38
22	29707	38
22	29708	38
22	29709	38
22	29710	38
22	29711	38
22	29712	38
22	29713	38
22	29714	38
22	29715	37
22	29716	37
22	29717	37
22	29718	37
22	29719	37
22	29720	37
22	29721	37
22	29722	37
22	29723	36
22	29724	35
22	29725	35
22	29726	35
22	29727	33
22	29728	33
22	29729	32
22	29730	25
22	29731	25
22	29732	25
22	29733	25
22	29734	25
22	29735	25
22	29736	25
22	29737	27
22	29738	27
22	29739	27
22	29740	30
22	29741	30
22	29742	31
22	29743	31
22	29744	31
22	29745	31
22	29746	31
22	29747	32
22	29748	32
22	29749	32
22	29750	32
22	29751	32
22	29752	35
22	29753	35
22	29754	35
22	29755	35
22	29756	35
22	29757	36
22	29758	36
22	29759	36
22	29760	36
22	29761	34
22	29762	32
22	29763	32
22	29764	32
22	29765	33
22	29766	33
22	29767	33
22	29768	33
22	29769	33
22	29770	35
22	29771	35
22	29772	35
22	29773	35
22	29774	35
22	29775	35
22	29776	35
22	29777	35
22	29778	34
22	29779	35
22	29780	35
22	29781	34
22	29782	34
22	29783	33
22	29784	33
22	29785	33
22	29786	31
22	29787	31
22	29788	31
22	29789	30
22	29790	30
22	29791	28
22	29792	28
22	29793	28
22	29794	28
22	29795	28
22	29796	25
22	29797	25
22	29798	25
22	29799	25
22	29800	23
22	29801	23
22	29802	23
22	29803	23
22	29804	23
22	29805	24
22	29806	25
22	29807	24
22	29808	24
22	29809	24
22	29810	24
22	29811	27
22	29812	27
22	29813	27
22	29814	27
22	29815	26
22	29816	26
22	29817	26
22	29818	26
22	29819	26
22	29820	26
22	29821	26
22	29822	26
22	29823	26
22	29824	26
22	29825	27
22	29826	26
22	29827	26
22	29828	26
22	29829	26
22	29830	26
22	29831	29
22	29832	29
22	29833	29
22	29834	29
22	29835	29
22	29836	29
22	29837	29
22	29838	31
22	29839	33
22	29840	35
22	29841	35
22	29842	39
22	29843	39
22	29844	39
22	29845	39
22	29846	39
22	29847	40
22	29848	42
22	29849	42
22	29850	42
22	29851	42
22	29852	42
22	29853	42
22	29854	42
22	29855	42
22	29856	42
22	29857	42
22	29858	46
22	29859	46
22	29860	46
22	29861	47
22	29862	47
22	29863	47
22	29864	48
22	29865	48
22	29866	48
22	29867	48
22	29868	47
22	29869	47
22	29870	49
22	29871	49
22	29872	50
22	29873	50
22	29874	51
22	29875	51
22	29876	51
22	29877	51
22	29878	51
22	29879	54
22	29880	54
22	29881	54
22	29882	54
22	29883	54
22	29884	54
22	29885	54
22	29886	55
22	29887	53
22	29888	53
22	29889	53
22	29890	53
22	29891	54
22	29892	53
22	29893	54
22	29894	55
22	29895	55
22	29896	55
22	29897	54
22	29898	55
22	29899	55
22	29900	55
22	29901	55
22	29902	52
22	29903	52
22	29904	52
22	29905	52
22	29906	51
22	29907	51
22	29908	54
22	29909	56
22	29910	56
22	29911	57
22	29912	56
22	29913	56
22	29914	56
22	29915	56
22	29916	56
22	29917	56
22	29918	56
22	29919	55
22	29920	54
22	29921	56
22	29922	56
22	29923	56
22	29924	56
22	29925	56
22	29926	56
22	29927	56
22	29928	56
22	29929	55
22	29930	55
22	29931	55
22	29932	55
22	29933	55
22	29934	56
22	29935	56
22	29936	55
22	29937	55
22	29938	57
22	29939	57
22	29940	57
22	29941	57
22	29942	57
22	29943	57
22	29944	58
22	29945	58
22	29946	58
22	29947	58
22	29948	58
22	29949	58
22	29950	58
22	29951	58
22	29952	58
22	29953	58
22	29954	58
22	29955	58
22	29956	60
22	29957	61
22	29958	62
22	29959	62
22	29960	64
22	29961	61
22	29962	61
22	29963	62
22	29964	62
22	29965	62
22	29966	62
22	29967	62
22	29968	62
22	29969	62
22	29970	62
22	29971	63
22	29972	63
22	29973	67
22	29974	68
22	29975	66
22	29976	66
22	29977	66
22	29978	66
22	29979	66
22	29980	63
22	29981	63
22	29982	63
22	29983	65
22	29984	65
22	29985	65
22	29986	67
22	29987	65
22	29988	67
22	29989	65
22	29990	63
22	29991	61
22	29992	55
22	29993	55
22	29994	56
22	29995	56
22	29996	56
22	29997	52
22	29998	52
22	29999	52
22	30000	52
22	30001	52
22	30002	52
22	30003	53
22	30004	53
22	30005	54
22	30006	54
22	30007	54
22	30008	54
22	30009	54
22	30010	54
22	30011	53
22	30012	53
22	30013	53
22	30014	55
22	30015	55
22	30016	55
22	30017	55
22	30018	54
22	30019	53
22	30020	54
22	30021	55
22	30022	54
22	30023	54
22	30024	52
22	30025	52
22	30026	52
22	30027	52
22	30028	52
22	30029	49
22	30030	49
22	30031	50
22	30032	50
22	30033	50
22	30034	50
22	30035	50
22	30036	49
22	30037	49
22	30038	49
22	30039	49
22	30040	50
22	30041	49
22	30042	49
22	30043	50
22	30044	49
22	30045	52
22	30046	52
22	30047	51
22	30048	51
22	30049	54
22	30050	54
22	30051	56
22	30052	56
22	30053	56
22	30054	56
22	30055	56
22	30056	57
22	30057	57
22	30058	54
22	30059	52
22	30060	52
22	30061	51
22	30062	53
22	30063	53
22	30064	52
22	30065	52
22	30066	53
22	30067	53
22	30068	53
22	30069	53
22	30070	53
22	30071	51
22	30072	52
22	30073	52
22	30074	52
22	30075	52
22	30076	52
22	30077	55
22	30078	55
22	30079	55
22	30080	55
22	30081	54
22	30082	54
22	30083	54
22	30084	55
22	30085	55
22	30086	55
22	30087	55
22	30088	51
22	30089	52
22	30090	52
22	30091	52
22	30092	52
22	30093	52
22	30094	52
22	30095	52
22	30096	53
22	30097	53
22	30098	53
22	30099	53
22	30100	53
22	30101	56
22	30102	58
22	30103	60
22	30104	64
22	30105	64
22	30106	61
22	30107	60
22	30108	59
22	30109	59
22	30110	57
22	30111	57
22	30112	57
22	30113	57
22	30114	57
22	30115	58
22	30116	58
22	30117	59
22	30118	60
22	30119	60
22	30120	60
22	30121	59
22	30122	59
22	30123	54
22	30124	54
22	30125	54
22	30126	54
22	30127	55
22	30128	55
22	30129	55
22	30130	56
22	30131	58
22	30132	56
22	30133	56
22	30134	56
22	30135	54
22	30136	54
22	30137	54
22	30138	53
22	30139	53
22	30140	52
22	30141	52
22	30142	52
22	30143	52
22	30144	52
22	30145	53
22	30146	53
22	30147	53
22	30148	53
22	30149	53
22	30150	53
22	30151	53
22	30152	52
22	30153	52
22	30154	52
22	30155	51
22	30156	51
22	30157	49
22	30158	49
22	30159	52
22	30160	52
22	30161	54
22	30162	54
22	30163	54
22	30164	53
22	30165	53
22	30166	53
22	30167	53
22	30168	52
22	30169	52
22	30170	52
22	30171	53
22	30172	53
22	30173	53
22	30174	53
22	30175	53
22	30176	53
22	30177	54
22	30178	54
22	30179	54
22	30180	54
22	30181	54
22	30182	54
22	30183	54
22	30184	55
22	30185	59
22	30186	59
22	30187	59
22	30188	59
22	30189	59
22	30190	58
22	30191	58
22	30192	59
22	30193	57
22	30194	54
22	30195	55
22	30196	55
22	30197	55
22	30198	54
22	30199	54
22	30200	54
22	30201	52
22	30202	53
22	30203	53
22	30204	53
22	30205	52
22	30206	52
22	30207	54
22	30208	54
22	30209	54
22	30210	53
22	30211	52
22	30212	52
22	30213	52
22	30214	52
22	30215	52
22	30216	51
22	30217	51
22	30218	51
22	30219	51
22	30220	51
22	30221	51
22	30222	50
22	30223	51
22	30224	53
22	30225	53
22	30226	54
22	30227	51
22	30228	51
22	30229	53
22	30230	53
22	30231	53
22	30232	53
22	30233	53
22	30234	52
22	30235	52
22	30236	52
22	30237	53
22	30238	53
22	30239	52
22	30240	53
22	30241	53
22	30242	53
22	30243	52
22	30244	54
22	30245	55
22	30246	54
22	30247	54
22	30248	54
22	30249	54
22	30250	51
22	30251	51
22	30252	50
22	30253	44
22	30254	44
22	30255	44
22	30256	44
22	30257	44
22	30258	44
22	30259	44
22	30260	44
22	30261	45
22	30262	44
22	30263	44
22	30264	43
22	30265	43
22	30266	42
22	30267	42
22	30268	41
22	30269	41
22	30270	41
22	30271	43
22	30272	43
22	30273	43
22	30274	43
22	30275	43
22	30276	43
22	30277	42
22	30278	42
22	30279	45
22	30280	42
22	30281	43
22	30282	43
22	30283	43
22	30284	43
22	30285	43
22	30286	43
22	30287	43
22	30288	42
22	30289	42
22	30290	41
22	30291	43
22	30292	43
22	30293	44
22	30294	43
22	30295	43
22	30296	43
22	30297	43
22	30298	43
22	30299	41
22	30300	41
22	30301	41
22	30302	42
22	30303	42
22	30304	42
22	30305	42
22	30306	46
22	30307	46
22	30308	46
22	30309	43
22	30310	42
22	30311	42
22	30312	42
22	30313	42
22	30314	42
22	30315	42
22	30316	42
22	30317	42
22	30318	41
22	30319	41
22	30320	39
22	30321	41
22	30322	41
22	30323	41
22	30324	46
22	30325	43
22	30326	44
22	30327	44
22	30328	44
22	30329	44
22	30330	44
22	30331	44
22	30332	44
22	30333	44
22	30334	42
22	30335	42
22	30336	42
22	30337	42
22	30338	42
22	30339	42
22	30340	43
22	30341	43
22	30342	42
22	30343	42
22	30344	42
22	30345	43
22	30346	43
22	30347	43
22	30348	43
22	30349	48
22	30350	48
22	30351	48
22	30352	47
22	30353	47
22	30354	49
22	30355	49
22	30356	47
22	30357	47
22	30358	47
22	30359	47
22	30360	47
22	30361	47
22	30362	47
22	30363	48
22	30364	49
22	30365	54
22	30366	54
22	30367	54
22	30368	54
22	30369	54
22	30370	56
22	30371	56
22	30372	56
22	30373	55
22	30374	53
22	30375	53
22	30376	52
22	30377	52
22	30378	50
22	30379	51
22	30380	51
22	30381	52
22	30382	52
22	30383	52
22	30384	52
22	30385	52
22	30386	52
22	30387	51
22	30388	51
22	30389	52
22	30390	51
22	30391	51
22	30392	51
22	30393	51
22	30394	49
22	30395	48
22	30396	48
22	30397	48
22	30398	48
22	30399	48
22	30400	48
22	30401	48
22	30402	49
22	30403	50
22	30404	51
22	30405	51
22	30406	51
22	30407	51
22	30408	51
22	30409	52
22	30410	51
22	30411	51
22	30412	51
22	30413	51
22	30414	51
22	30415	51
22	30416	51
22	30417	51
22	30418	51
22	30419	51
22	30420	51
22	30421	53
22	30422	54
22	30423	54
22	30424	54
22	30425	54
22	30426	54
22	30427	54
22	30428	54
22	30429	52
22	30430	52
22	30431	52
22	30432	52
22	30433	53
22	30434	53
22	30435	53
22	30436	53
22	30437	53
22	30438	54
22	30439	54
22	30440	54
22	30441	52
22	30442	52
22	30443	52
22	30444	52
22	30445	52
22	30446	54
22	30447	55
22	30448	55
22	30449	55
22	30450	55
22	30451	55
22	30452	54
22	30453	54
22	30454	54
22	30455	50
22	30456	50
22	30457	50
22	30458	50
22	30459	49
22	30460	50
22	30461	50
22	30462	50
22	30463	50
22	30464	50
22	30465	54
22	30466	54
22	30467	54
22	30468	53
22	30469	53
22	30470	53
22	30471	53
22	30472	54
22	30473	53
22	30474	50
22	30475	51
22	30476	51
22	30477	51
22	30478	51
22	30479	51
22	30480	50
22	30481	50
22	30482	49
22	30483	49
22	30484	49
22	30485	49
22	30486	49
22	30487	49
22	30488	49
22	30489	50
22	30490	49
22	30491	50
22	30492	50
22	30493	51
22	30494	55
22	30495	53
22	30496	53
22	30497	52
22	30498	48
22	30499	51
22	30500	51
22	30501	51
22	30502	50
22	30503	49
22	30504	50
22	30505	52
22	30506	52
22	30507	52
22	30508	52
22	30509	52
22	30510	52
22	30511	52
22	30512	52
22	30513	51
22	30514	45
22	30515	45
22	30516	47
22	30517	47
22	30518	45
22	30519	45
22	30520	46
22	30521	46
22	30522	46
22	30523	46
22	30524	46
22	30525	47
22	30526	47
22	30527	46
22	30528	46
22	30529	46
22	30530	46
22	30531	45
22	30532	45
22	30533	45
22	30534	45
22	30535	45
22	30536	45
22	30537	45
22	30538	45
22	30539	44
22	30540	44
22	30541	44
22	30542	44
22	30543	44
22	30544	44
22	30545	44
22	30546	44
22	30547	42
22	30548	42
22	30549	42
22	30550	42
22	30551	41
22	30552	41
22	30553	41
22	30554	40
22	30555	40
22	30556	40
22	30557	40
22	30558	39
22	30559	39
22	30560	41
22	30561	41
22	30562	41
22	30563	41
22	30564	41
22	30565	41
22	30566	41
22	30567	44
22	30568	44
22	30569	47
22	30570	47
22	30571	43
22	30572	42
22	30573	43
22	30574	43
22	30575	43
22	30576	43
22	30577	43
22	30578	42
22	30579	42
22	30580	41
22	30581	43
22	30582	43
22	30583	42
22	30584	42
22	30585	42
22	30586	42
22	30587	42
22	30588	41
22	30589	41
22	30590	43
22	30591	43
22	30592	42
22	30593	42
22	30594	42
22	30595	42
22	30596	39
22	30597	39
22	30598	39
22	30599	39
22	30600	39
22	30601	40
22	30602	40
22	30603	40
22	30604	40
22	30605	38
22	30606	38
22	30607	38
22	30608	38
22	30609	38
22	30610	37
22	30611	37
22	30612	37
22	30613	37
22	30614	36
22	30615	35
22	30616	39
22	30617	38
22	30618	38
22	30619	38
22	30620	38
22	30621	38
22	30622	37
22	30623	36
22	30624	35
22	30625	34
22	30626	34
22	30627	34
22	30628	34
22	30629	34
22	30630	34
22	30631	34
22	30632	34
22	30633	34
22	30634	32
22	30635	32
22	30636	32
22	30637	32
22	30638	32
22	30639	31
22	30640	32
22	30641	31
22	30642	31
22	30643	27
22	30644	26
22	30645	26
22	30646	26
22	30647	25
22	30648	25
22	30649	26
22	30650	26
22	30651	26
22	30652	26
22	30653	27
22	30654	26
22	30655	25
22	30656	25
22	30657	25
22	30658	25
22	30659	25
22	30660	25
22	30661	25
22	30662	25
22	30663	25
22	30664	25
22	30665	26
22	30666	24
22	30667	24
22	30668	22
22	30669	22
22	30670	21
22	30671	21
22	30672	21
22	30673	21
22	30674	21
22	30675	20
22	30676	20
22	30677	20
22	30678	20
22	30679	20
22	30680	20
22	30681	21
22	30682	21
22	30683	21
22	30684	20
22	30685	20
22	30686	22
22	30687	22
22	30688	22
22	30689	22
22	30690	23
22	30691	23
22	30692	23
22	30693	23
22	30694	23
22	30695	23
22	30696	23
22	30697	23
22	30698	23
22	30699	23
22	30700	23
22	30701	25
22	30702	24
22	30703	25
22	30704	25
22	30705	25
22	30706	25
22	30707	26
22	30708	27
22	30709	27
22	30710	25
22	30711	25
22	30712	25
22	30713	26
22	30714	26
22	30715	26
22	30716	26
22	30717	24
22	30718	24
22	30719	23
22	30720	23
22	30721	23
22	30722	23
22	30723	22
22	30724	22
22	30725	22
22	30726	22
22	30727	22
22	30728	23
22	30729	23
22	30730	23
22	30731	23
22	30732	23
22	30733	23
22	30734	23
22	30735	23
22	30736	23
22	30737	23
22	30738	23
22	30739	23
22	30740	21
22	30741	21
22	30742	21
22	30743	21
22	30744	21
22	30745	27
22	30746	27
22	30747	27
22	30748	27
22	30749	27
22	30750	27
22	30751	26
22	30752	26
22	30753	26
22	30754	26
22	30755	26
22	30756	26
22	30757	26
22	30758	26
22	30759	26
22	30760	29
22	30761	29
22	30762	29
22	30763	29
22	30764	29
22	30765	29
22	30766	27
22	30767	27
22	30768	29
22	30769	29
22	30770	29
22	30771	29
22	30772	29
22	30773	30
22	30774	30
22	30775	30
22	30776	30
22	30777	30
22	30778	30
22	30779	30
22	30780	31
22	30781	31
22	30782	31
22	30783	31
22	30784	31
22	30785	31
22	30786	31
22	30787	31
22	30788	30
22	30789	30
22	30790	29
22	30791	29
22	30792	29
22	30793	29
22	30794	29
22	30795	29
22	30796	29
22	30797	28
22	30798	28
22	30799	28
22	30800	30
22	30801	30
22	30802	30
22	30803	29
22	30804	29
22	30805	28
22	30806	28
22	30807	28
22	30808	28
22	30809	28
22	30810	28
22	30811	28
22	30812	28
22	30813	28
22	30814	27
22	30815	27
22	30816	27
22	30817	27
22	30818	27
22	30819	27
22	30820	26
22	30821	26
22	30822	26
22	30823	26
22	30824	30
22	30825	30
22	30826	31
22	30827	31
22	30828	31
22	30829	31
22	30830	33
22	30831	33
22	30832	33
22	30833	31
22	30834	31
22	30835	31
22	30836	31
22	30837	31
22	30838	31
22	30839	30
22	30840	30
22	30841	30
22	30842	30
22	30843	30
22	30844	30
22	30845	30
22	30846	31
22	30847	31
22	30848	31
22	30849	31
22	30850	31
22	30851	29
22	30852	31
22	30853	30
22	30854	30
22	30855	30
22	30856	30
22	30857	29
22	30858	28
22	30859	28
22	30860	28
22	30861	28
22	30862	28
22	30863	27
22	30864	27
22	30865	28
22	30866	28
22	30867	27
22	30868	27
22	30869	27
22	30870	27
22	30871	27
22	30872	27
22	30873	27
22	30874	27
22	30875	27
22	30876	27
22	30877	27
22	30878	26
22	30879	26
22	30880	26
22	30881	26
22	30882	26
22	30883	29
22	30884	31
22	30885	31
22	30886	31
22	30887	31
22	30888	31
22	30889	31
22	30890	31
22	30891	28
22	30892	27
22	30893	25
22	30894	25
22	30895	25
22	30896	25
22	30897	25
22	30898	25
22	30899	25
22	30900	25
22	30901	25
22	30902	25
22	30903	25
22	30904	25
22	30905	25
22	30906	25
22	30907	25
22	30908	26
22	30909	26
22	30910	25
22	30911	25
22	30912	25
22	30913	25
22	30914	24
22	30915	25
22	30916	25
22	30917	24
22	30918	24
22	30919	24
22	30920	24
22	30921	24
22	30922	23
22	30923	23
22	30924	23
22	30925	24
22	30926	26
22	30927	26
22	30928	26
22	30929	26
22	30930	25
22	30931	27
22	30932	27
22	30933	28
22	30934	28
22	30935	28
22	30936	28
22	30937	28
22	30938	28
22	30939	28
22	30940	28
22	30941	31
22	30942	31
22	30943	31
22	30944	31
22	30945	31
22	30946	31
22	30947	31
22	30948	31
22	30949	29
22	30950	27
22	30951	27
22	30952	27
22	30953	27
22	30954	27
22	30955	27
22	30956	27
22	30957	27
22	30958	27
22	30959	27
22	30960	27
22	30961	27
22	30962	27
22	30963	27
22	30964	27
22	30965	27
22	30966	27
22	30967	27
22	30968	27
22	30969	27
22	30970	27
22	30971	27
22	30972	27
22	30973	27
22	30974	23
22	30975	23
22	30976	20
22	30977	21
22	30978	21
22	30979	21
22	30980	22
22	30981	22
22	30982	22
22	30983	22
22	30984	22
22	30985	23
22	30986	23
22	30987	23
22	30988	23
22	30989	23
22	30990	23
22	30991	23
22	30992	23
22	30993	23
22	30994	23
22	30995	23
22	30996	22
22	30997	22
22	30998	22
22	30999	20
22	31000	20
22	31001	20
22	31002	19
22	31003	19
22	31004	19
22	31005	20
22	31006	20
22	31007	20
22	31008	20
22	31009	20
22	31010	21
22	31011	21
22	31012	21
22	31013	21
22	31014	21
22	31015	20
22	31016	20
22	31017	20
22	31018	20
22	31019	20
22	31020	20
22	31021	20
22	31022	20
22	31023	20
22	31024	20
22	31025	20
22	31026	20
22	31027	19
22	31028	21
22	31029	21
22	31030	21
22	31031	21
22	31032	19
22	31033	18
22	31034	17
22	31035	17
22	31036	17
22	31037	17
22	31038	17
22	31039	17
22	31040	17
22	31041	16
22	31042	17
22	31043	17
22	31044	17
22	31045	17
22	31046	17
22	31047	15
22	31048	15
22	31049	15
22	31050	15
22	31051	15
22	31052	15
22	31053	16
22	31054	16
22	31055	16
22	31056	16
22	31057	16
22	31058	15
22	31059	17
22	31060	17
22	31061	17
22	31062	17
22	31063	17
22	31064	17
22	31065	17
22	31066	16
22	31067	16
22	31068	16
22	31069	20
22	31070	20
22	31071	20
22	31072	19
22	31073	19
22	31074	20
22	31075	17
22	31076	17
22	31077	17
22	31078	17
22	31079	18
22	31080	18
22	31081	22
22	31082	25
22	31083	25
22	31084	25
22	31085	26
22	31086	26
22	31087	26
22	31088	29
22	31089	29
22	31090	30
22	31091	30
22	31092	31
22	31093	31
22	31094	31
22	31095	31
22	31096	32
22	31097	32
22	31098	34
22	31099	34
22	31100	34
22	31101	34
22	31102	34
22	31103	34
22	31104	36
22	31105	37
22	31106	37
22	31107	39
22	31108	41
22	31109	41
22	31110	42
22	31111	42
22	31112	42
22	31113	42
22	31114	43
22	31115	43
22	31116	43
22	31117	43
22	31118	43
22	31119	44
22	31120	44
22	31121	44
22	31122	45
22	31123	44
22	31124	45
22	31125	44
22	31126	44
22	31127	44
22	31128	46
22	31129	47
22	31130	48
22	31131	48
22	31132	49
22	31133	49
22	31134	49
22	31135	59
22	31136	59
22	31137	59
22	31138	59
22	31139	60
22	31140	60
22	31141	60
22	31142	60
22	31143	60
22	31144	60
22	31145	65
22	31146	65
22	31147	65
22	31148	65
22	31149	65
22	31150	65
22	31151	65
22	31152	64
22	31153	64
22	31154	64
22	31155	63
22	31156	63
22	31157	64
22	31158	65
22	31159	65
22	31160	65
22	31161	65
22	31162	65
22	31163	65
22	31164	66
22	31165	66
22	31166	66
22	31167	66
22	31168	66
22	31169	66
22	31170	66
22	31171	66
22	31172	66
22	31173	66
22	31174	66
22	31175	66
22	31176	64
22	31177	64
22	31178	64
22	31179	64
22	31180	64
22	31181	66
22	31182	68
22	31183	68
22	31184	68
22	31185	68
22	31186	68
22	31187	69
22	31188	69
22	31189	69
22	31190	69
22	31191	69
22	31192	70
22	31193	75
22	31194	76
22	31195	76
22	31196	76
22	31197	74
22	31198	74
22	31199	75
22	31200	76
22	31201	75
22	31202	75
22	31203	77
22	31204	77
22	31205	80
22	31206	80
22	31207	79
22	31208	79
22	31209	79
22	31210	79
22	31211	80
22	31212	80
22	31213	80
22	31214	80
22	31215	80
22	31216	80
22	31217	80
22	31218	78
22	31219	78
22	31220	78
22	31221	78
22	31222	78
22	31223	76
22	31224	76
22	31225	76
22	31226	76
22	31227	76
22	31228	76
22	31229	77
22	31230	77
22	31231	74
22	31232	70
22	31233	70
22	31234	69
22	31235	69
22	31236	70
22	31237	70
22	31238	68
22	31239	70
22	31240	68
22	31241	68
22	31242	67
22	31243	67
22	31244	68
22	31245	66
22	31246	67
22	31247	67
22	31248	65
22	31249	68
22	31250	68
22	31251	68
22	31252	68
22	31253	63
22	31254	64
22	31255	62
22	31256	62
22	31257	60
22	31258	60
22	31259	60
22	31260	59
22	31261	62
22	31262	62
22	31263	62
22	31264	62
22	31265	62
22	31266	62
22	31267	62
22	31268	62
22	31269	62
22	31270	62
22	31271	61
22	31272	60
22	31273	59
22	31274	59
22	31275	60
22	31276	61
22	31277	61
22	31278	61
22	31279	60
22	31280	60
22	31281	60
22	31282	59
22	31283	59
22	31284	49
22	31285	49
22	31286	49
22	31287	49
22	31288	51
22	31289	50
22	31290	51
22	31291	51
22	31292	51
22	31293	52
22	31294	48
22	31295	48
22	31296	48
22	31297	47
22	31298	49
22	31299	49
22	31300	49
22	31301	50
22	31302	50
22	31303	50
22	31304	51
22	31305	51
22	31306	50
22	31307	50
22	31308	49
22	31309	48
22	31310	48
22	31311	49
22	31312	49
22	31313	50
22	31314	50
22	31315	50
22	31316	50
22	31317	50
22	31318	50
22	31319	50
22	31320	51
22	31321	53
22	31322	54
22	31323	54
22	31324	55
22	31325	56
22	31326	56
22	31327	56
22	31328	56
22	31329	56
22	31330	57
22	31331	55
22	31332	54
22	31333	54
22	31334	55
22	31335	55
22	31336	55
22	31337	55
22	31338	55
22	31339	55
22	31340	54
22	31341	55
22	31342	59
22	31343	55
22	31344	55
22	31345	55
22	31346	55
22	31347	55
22	31348	54
22	31349	53
22	31350	53
22	31351	53
22	31352	53
22	31353	55
22	31354	53
22	31355	51
22	31356	51
22	31357	51
22	31358	51
22	31359	51
22	31360	52
22	31361	52
22	31362	51
22	31363	53
22	31364	53
22	31365	53
22	31366	53
22	31367	53
22	31368	53
22	31369	53
22	31370	53
22	31371	53
22	31372	53
22	31373	53
22	31374	53
22	31375	53
22	31376	53
22	31377	53
22	31378	53
22	31379	52
22	31380	52
22	31381	54
22	31382	55
22	31383	55
22	31384	54
22	31385	54
22	31386	53
22	31387	53
22	31388	53
22	31389	51
22	31390	51
22	31391	51
22	31392	51
22	31393	51
22	31394	50
22	31395	48
22	31396	48
22	31397	45
22	31398	46
22	31399	49
22	31400	49
22	31401	50
22	31402	60
22	31403	60
22	31404	59
22	31405	58
22	31406	58
22	31407	58
22	31408	58
22	31409	58
22	31410	57
22	31411	58
22	31412	58
22	31413	58
22	31414	58
22	31415	58
22	31416	59
22	31417	59
22	31418	62
22	31419	61
22	31420	61
22	31421	61
22	31422	61
22	31423	63
22	31424	64
22	31425	63
22	31426	63
22	31427	63
22	31428	63
22	31429	66
22	31430	66
22	31431	66
22	31432	67
22	31433	67
22	31434	67
22	31435	67
22	31436	67
22	31437	65
22	31438	65
22	31439	65
22	31440	64
22	31441	66
22	31442	66
22	31443	65
22	31444	65
22	31445	66
22	31446	66
22	31447	66
22	31448	64
22	31449	64
22	31450	64
22	31451	63
22	31452	67
22	31453	66
22	31454	67
22	31455	67
22	31456	67
22	31457	67
22	31458	69
22	31459	69
22	31460	69
22	31461	68
22	31462	69
22	31463	70
22	31464	70
22	31465	70
22	31466	70
22	31467	70
22	31468	70
22	31469	69
22	31470	67
22	31471	64
22	31472	63
22	31473	61
22	31474	61
22	31475	61
22	31476	62
22	31477	62
22	31478	62
22	31479	62
22	31480	61
22	31481	61
22	31482	61
22	31483	64
22	31484	64
22	31485	64
22	31486	63
22	31487	63
22	31488	64
22	31489	64
22	31490	64
22	31491	61
22	31492	58
22	31493	58
22	31494	58
22	31495	58
22	31496	58
22	31497	58
22	31498	58
22	31499	58
22	31500	58
22	31501	58
22	31502	57
22	31503	56
22	31504	56
22	31505	57
22	31506	57
22	31507	57
22	31508	57
22	31509	59
22	31510	59
22	31511	59
22	31512	59
22	31513	59
22	31514	59
22	31515	59
22	31516	59
22	31517	59
22	31518	59
22	31519	59
22	31520	59
22	31521	60
22	31522	60
22	31523	60
22	31524	60
22	31525	60
22	31526	60
22	31527	60
22	31528	61
22	31529	61
22	31530	60
22	31531	59
22	31532	58
22	31533	58
22	31534	59
22	31535	59
22	31536	60
22	31537	60
22	31538	60
22	31539	60
22	31540	58
22	31541	58
22	31542	58
22	31543	63
22	31544	63
22	31545	63
22	31546	65
22	31547	65
22	31548	64
22	31549	63
22	31550	63
22	31551	62
22	31552	48
22	31553	48
22	31554	48
22	31555	48
22	31556	48
22	31557	48
22	31558	48
22	31559	48
22	31560	48
22	31561	48
22	31562	48
22	31563	47
22	31564	47
22	31565	48
22	31566	47
22	31567	50
22	31568	47
22	31569	48
22	31570	48
22	31571	48
22	31572	50
22	31573	50
22	31574	49
22	31575	49
22	31576	50
22	31577	50
22	31578	49
22	31579	47
22	31580	47
22	31581	47
22	31582	48
22	31583	48
22	31584	48
22	31585	50
22	31586	50
22	31587	50
22	31588	51
22	31589	52
22	31590	52
22	31591	50
22	31592	51
22	31593	52
22	31594	51
22	31595	51
22	31596	52
22	31597	52
22	31598	52
22	31599	52
22	31600	50
22	31601	50
22	31602	51
22	31603	54
22	31604	53
22	31605	53
22	31606	53
22	31607	51
22	31608	51
22	31609	51
22	31610	52
22	31611	52
22	31612	46
22	31613	46
22	31614	47
22	31615	47
22	31616	48
22	31617	48
22	31618	48
22	31619	48
22	31620	48
22	31621	47
22	31622	46
22	31623	47
22	31624	47
22	31625	47
22	31626	46
22	31627	46
22	31628	46
22	31629	46
22	31630	45
22	31631	45
22	31632	45
22	31633	41
22	31634	41
22	31635	41
22	31636	41
22	31637	41
22	31638	42
22	31639	42
22	31640	42
22	31641	41
22	31642	41
22	31643	41
22	31644	41
22	31645	41
22	31646	41
22	31647	41
22	31648	44
22	31649	44
22	31650	44
22	31651	44
22	31652	44
22	31653	44
22	31654	44
22	31655	45
22	31656	46
22	31657	46
22	31658	46
22	31659	45
22	31660	45
22	31661	45
22	31662	45
22	31663	45
22	31664	46
22	31665	46
22	31666	46
22	31667	46
22	31668	50
22	31669	50
22	31670	50
22	31671	49
22	31672	48
22	31673	50
22	31674	50
22	31675	50
22	31676	49
22	31677	49
22	31678	49
22	31679	49
22	31680	50
22	31681	50
22	31682	50
22	31683	50
22	31684	49
22	31685	49
22	31686	48
22	31687	48
22	31688	48
22	31689	48
22	31690	48
22	31691	48
22	31692	48
22	31693	45
22	31694	45
22	31695	45
22	31696	43
22	31697	43
22	31698	45
22	31699	45
22	31700	45
22	31701	45
22	31702	45
22	31703	45
22	31704	45
22	31705	45
22	31706	45
22	31707	45
22	31708	46
22	31709	46
22	31710	46
22	31711	45
22	31712	45
22	31713	46
22	31714	46
22	31715	45
22	31716	45
22	31717	42
22	31718	40
22	31719	41
22	31720	41
22	31721	41
22	31722	39
22	31723	39
22	31724	40
22	31725	40
22	31726	39
22	31727	39
22	31728	39
22	31729	40
22	31730	40
22	31731	39
22	31732	38
22	31733	38
22	31734	38
22	31735	36
22	31736	36
22	31737	36
22	31738	34
22	31739	34
22	31740	34
22	31741	33
22	31742	32
22	31743	32
22	31744	36
22	31745	35
22	31746	36
22	31747	36
22	31748	38
22	31749	38
22	31750	38
22	31751	38
22	31752	34
22	31753	34
22	31754	34
22	31755	34
22	31756	34
22	31757	36
22	31758	38
22	31759	38
22	31760	38
22	31761	38
22	31762	38
22	31763	38
22	31764	37
22	31765	37
22	31766	36
22	31767	36
22	31768	36
22	31769	38
22	31770	39
22	31771	39
22	31772	40
22	31773	39
22	31774	39
22	31775	39
22	31776	39
22	31777	39
22	31778	39
22	31779	40
22	31780	40
22	31781	42
22	31782	42
22	31783	42
22	31784	42
22	31785	42
22	31786	43
22	31787	45
22	31788	44
22	31789	45
22	31790	49
22	31791	49
22	31792	49
22	31793	49
22	31794	49
22	31795	49
22	31796	49
22	31797	48
22	31798	47
22	31799	46
22	31800	46
22	31801	46
22	31802	46
22	31803	45
22	31804	45
22	31805	44
22	31806	45
22	31807	46
22	31808	45
22	31809	46
22	31810	49
22	31811	48
22	31812	48
22	31813	49
22	31814	49
22	31815	49
22	31816	49
22	31817	49
22	31818	45
22	31819	47
22	31820	47
22	31821	48
22	31822	49
22	31823	48
22	31824	51
22	31825	51
22	31826	51
22	31827	51
22	31828	52
22	31829	53
22	31830	52
22	31831	52
22	31832	52
22	31833	52
22	31834	52
22	31835	52
22	31836	52
22	31837	52
22	31838	52
22	31839	52
22	31840	54
22	31841	54
22	31842	54
22	31843	54
22	31844	54
22	31845	55
22	31846	55
22	31847	54
22	31848	55
22	31849	55
22	31850	55
22	31851	57
22	31852	57
22	31853	57
22	31854	57
22	31855	57
22	31856	57
22	31857	58
22	31858	57
22	31859	57
22	31860	57
22	31861	57
22	31862	57
22	31863	56
22	31864	56
22	31865	56
22	31866	56
22	31867	56
22	31868	56
22	31869	55
22	31870	55
22	31871	55
22	31872	55
22	31873	55
22	31874	54
22	31875	53
22	31876	53
22	31877	53
22	31878	53
22	31879	53
22	31880	53
22	31881	53
22	31882	54
22	31883	54
22	31884	56
22	31885	56
22	31886	56
22	31887	56
22	31888	56
22	31889	57
22	31890	58
22	31891	58
22	31892	58
22	31893	58
22	31894	54
22	31895	54
22	31896	53
22	31897	53
22	31898	51
22	31899	51
22	31900	51
22	31901	51
22	31902	51
22	31903	51
22	31904	51
22	31905	51
22	31906	51
22	31907	49
22	31908	46
22	31909	49
22	31910	49
22	31911	49
22	31912	49
22	31913	49
22	31914	49
22	31915	49
22	31916	49
22	31917	50
22	31918	50
22	31919	48
22	31920	47
22	31921	48
22	31922	47
22	31923	47
22	31924	47
22	31925	47
22	31926	48
22	31927	48
22	31928	48
22	31929	47
22	31930	45
22	31931	45
22	31932	45
22	31933	45
22	31934	44
22	31935	43
22	31936	42
22	31937	41
22	31938	41
22	31939	38
22	31940	38
22	31941	38
22	31942	38
22	31943	38
22	31944	38
22	31945	39
22	31946	42
22	31947	43
22	31948	43
22	31949	46
22	31950	46
22	31951	46
22	31952	46
22	31953	46
22	31954	47
22	31955	46
22	31956	46
22	31957	46
22	31958	43
22	31959	41
22	31960	41
22	31961	41
22	31962	41
22	31963	40
22	31964	41
22	31965	42
22	31966	42
22	31967	42
22	31968	42
22	31969	41
22	31970	39
22	31971	39
22	31972	36
22	31973	36
22	31974	36
22	31975	36
22	31976	36
22	31977	37
22	31978	36
22	31979	35
22	31980	35
22	31981	35
22	31982	35
22	31983	35
22	31984	35
22	31985	35
22	31986	36
22	31987	36
22	31988	40
22	31989	40
22	31990	40
22	31991	40
22	31992	40
22	31993	41
22	31994	42
22	31995	42
22	31996	42
22	31997	41
22	31998	41
22	31999	41
22	32000	40
22	32001	40
22	32002	40
22	32003	42
22	32004	42
22	32005	42
22	32006	42
22	32007	41
22	32008	42
22	32009	42
22	32010	42
22	32011	42
22	32012	42
22	32013	42
22	32014	42
22	32015	42
22	32016	42
22	32017	42
22	32018	42
22	32019	42
22	32020	42
22	32021	42
22	32022	44
22	32023	44
22	32024	44
22	32025	44
22	32026	44
22	32027	44
22	32028	44
22	32029	44
22	32030	44
22	32031	44
22	32032	43
22	32033	44
22	32034	43
22	32035	43
22	32036	43
22	32037	44
22	32038	44
22	32039	42
22	32040	42
22	32041	42
22	32042	42
22	32043	42
22	32044	42
22	32045	48
22	32046	48
22	32047	51
22	32048	57
22	32049	61
22	32050	67
22	32051	67
22	32052	67
22	32053	67
22	32054	67
22	32055	67
22	32056	68
22	32057	65
22	32058	65
22	32059	63
22	32060	65
22	32061	65
22	32062	65
22	32063	65
22	32064	65
22	32065	65
22	32066	65
22	32067	64
22	32068	64
22	32069	64
22	32070	64
22	32071	63
22	32072	63
22	32073	63
22	32074	63
22	32075	62
22	32076	62
22	32077	62
22	32078	62
22	32079	62
22	32080	62
22	32081	62
22	32082	62
22	32083	63
22	32084	63
22	32085	63
22	32086	63
22	32087	63
22	32088	63
22	32089	63
22	32090	66
22	32091	66
22	32092	66
22	32093	67
22	32094	66
22	32095	75
22	32096	73
22	32097	73
22	32098	74
22	32099	72
22	32100	72
22	32101	72
22	32102	72
22	32103	72
22	32104	68
22	32105	68
22	32106	69
22	32107	71
22	32108	75
22	32109	77
22	32110	78
22	32111	78
22	32112	78
22	32113	78
22	32114	76
22	32115	76
22	32116	76
22	32117	76
22	32118	75
22	32119	75
22	32120	75
22	32121	76
22	32122	76
22	32123	76
22	32124	78
22	32125	78
22	32126	78
22	32127	77
22	32128	77
22	32129	78
22	32130	78
22	32131	80
22	32132	80
22	32133	80
22	32134	80
22	32135	79
22	32136	79
22	32137	75
22	32138	75
22	32139	75
22	32140	74
22	32141	75
22	32142	75
22	32143	75
22	32144	74
22	32145	73
22	32146	73
22	32147	73
22	32148	72
22	32149	72
22	32150	71
22	32151	71
22	32152	69
22	32153	69
22	32154	69
22	32155	69
22	32156	69
22	32157	68
22	32158	68
22	32159	68
22	32160	68
22	32161	68
22	32162	68
22	32163	68
22	32164	68
22	32165	68
22	32166	68
22	32167	68
22	32168	68
22	32169	68
22	32170	68
22	32171	67
22	32172	67
22	32173	67
22	32174	67
22	32175	67
22	32176	67
22	32177	67
22	32178	67
22	32179	67
22	32180	67
22	32181	66
22	32182	65
22	32183	65
22	32184	65
22	32185	64
22	32186	64
22	32187	65
22	32188	65
22	32189	65
22	32190	65
22	32191	70
22	32192	70
22	32193	70
22	32194	70
22	32195	64
22	32196	65
22	32197	62
22	32198	57
22	32199	53
22	32200	48
22	32201	48
22	32202	47
22	32203	47
22	32204	47
22	32205	44
22	32206	44
22	32207	44
22	32208	44
22	32209	42
22	32210	42
22	32211	42
22	32212	42
22	32213	42
22	32214	42
22	32215	42
22	32216	42
22	32217	42
22	32218	42
22	32219	42
22	32220	42
22	32221	42
22	32222	42
22	32223	42
22	32224	42
22	32225	43
22	32226	43
22	32227	43
22	32228	43
22	32229	43
22	32230	43
22	32231	43
22	32232	43
22	32233	42
22	32234	42
22	32235	42
22	32236	42
22	32237	42
22	32238	41
22	32239	41
22	32240	39
22	32241	39
22	32242	31
22	32243	30
22	32244	30
22	32245	29
22	32246	29
22	32247	29
22	32248	28
22	32249	27
22	32250	27
22	32251	27
22	32252	27
22	32253	27
22	32254	33
22	32255	33
22	32256	32
22	32257	32
22	32258	26
22	32259	25
22	32260	27
22	32261	27
22	32262	27
22	32263	27
22	32264	27
22	32265	27
22	32266	28
22	32267	29
22	32268	29
22	32269	29
22	32270	29
22	32271	28
22	32272	29
22	32273	29
22	32274	25
22	32275	25
22	32276	24
22	32277	24
22	32278	24
22	32279	25
22	32280	25
22	32281	28
22	32282	28
22	32283	28
22	32284	28
22	32285	28
22	32286	28
22	32287	28
22	32288	26
22	32289	26
22	32290	29
22	32291	29
22	32292	29
22	32293	29
22	32294	29
22	32295	29
22	32296	29
22	32297	29
22	32298	29
22	32299	29
22	32300	29
22	32301	29
22	32302	30
22	32303	30
22	32304	30
22	32305	30
22	32306	30
22	32307	30
22	32308	30
22	32309	31
22	32310	31
22	32311	31
22	32312	31
22	32313	31
22	32314	31
22	32315	31
22	32316	31
22	32317	40
22	32318	43
22	32319	43
22	32320	44
22	32321	43
22	32322	43
22	32323	43
22	32324	46
22	32325	47
22	32326	47
22	32327	48
22	32328	48
22	32329	49
22	32330	50
22	32331	50
22	32332	50
22	32333	50
22	32334	50
22	32335	51
22	32336	51
22	32337	50
22	32338	46
22	32339	46
22	32340	47
22	32341	47
22	32342	47
22	32343	49
22	32344	51
22	32345	51
22	32346	51
22	32347	51
22	32348	51
22	32349	51
22	32350	52
22	32351	52
22	32352	52
22	32353	52
22	32354	53
22	32355	53
22	32356	54
22	32357	54
22	32358	54
22	32359	54
22	32360	54
22	32361	54
22	32362	54
22	32363	54
22	32364	54
22	32365	53
22	32366	53
22	32367	53
22	32368	53
22	32369	53
22	32370	53
22	32371	52
22	32372	52
22	32373	52
22	32374	52
22	32375	52
22	32376	54
22	32377	54
22	32378	54
22	32379	54
22	32380	54
22	32381	54
22	32382	54
22	32383	54
22	32384	54
22	32385	54
22	32386	54
22	32387	54
22	32388	53
22	32389	53
22	32390	53
22	32391	53
22	32392	53
22	32393	53
22	32394	53
22	32395	54
22	32396	54
22	32397	54
22	32398	49
22	32399	49
22	32400	48
22	32401	48
22	32402	48
22	32403	48
22	32404	48
22	32405	49
22	32406	49
22	32407	50
22	32408	50
22	32409	49
22	32410	49
22	32411	49
22	32412	49
22	32413	49
22	32414	49
22	32415	48
22	32416	48
22	32417	48
22	32418	48
22	32419	48
22	32420	48
22	32421	47
22	32422	53
22	32423	53
22	32424	53
22	32425	53
22	32426	53
22	32427	56
22	32428	55
22	32429	55
22	32430	55
22	32431	52
22	32432	52
22	32433	51
22	32434	51
22	32435	51
22	32436	50
22	32437	50
22	32438	50
22	32439	48
22	32440	48
22	32441	49
22	32442	51
22	32443	51
22	32444	51
22	32445	52
22	32446	52
22	32447	52
22	32448	52
22	32449	52
22	32450	54
22	32451	53
22	32452	54
22	32453	54
22	32454	54
22	32455	56
22	32456	56
22	32457	69
22	32458	69
22	32459	71
22	32460	69
22	32461	70
22	32462	70
22	32463	70
22	32464	67
22	32465	67
22	32466	62
22	32467	65
22	32468	62
22	32469	65
22	32470	65
22	32471	66
22	32472	66
22	32473	66
22	32474	65
22	32475	64
22	32476	62
22	32477	61
22	32478	60
22	32479	60
22	32480	59
22	32481	61
22	32482	61
22	32483	61
22	32484	66
22	32485	65
22	32486	68
22	32487	68
22	32488	68
22	32489	68
22	32490	67
22	32491	67
22	32492	67
22	32493	68
22	32494	66
22	32495	67
22	32496	67
22	32497	67
22	32498	67
22	32499	67
22	32500	67
22	32501	67
22	32502	67
22	32503	67
22	32504	64
22	32505	64
22	32506	64
22	32507	64
22	32508	65
22	32509	65
22	32510	66
22	32511	66
22	32512	67
22	32513	67
22	32514	67
22	32515	68
22	32516	68
22	32517	69
22	32518	69
22	32519	69
22	32520	73
22	32521	73
22	32522	73
22	32523	73
22	32524	72
22	32525	72
22	32526	71
22	32527	71
22	32528	73
22	32529	73
22	32530	73
22	32531	74
22	32532	74
22	32533	74
22	32534	74
22	32535	74
22	32536	74
22	32537	74
22	32538	81
22	32539	86
22	32540	86
22	32541	87
22	32542	88
22	32543	89
22	32544	89
22	32545	88
22	32546	88
22	32547	80
22	32548	79
22	32549	80
22	32550	82
22	32551	83
22	32552	83
22	32553	83
22	32554	87
22	32555	86
22	32556	86
22	32557	85
22	32558	85
22	32559	85
22	32560	85
22	32561	86
22	32562	88
22	32563	88
22	32564	88
22	32565	88
22	32566	88
22	32567	89
22	32568	89
22	32569	90
22	32570	90
22	32571	90
22	32572	90
22	32573	90
22	32574	91
22	32575	91
22	32576	88
22	32577	88
22	32578	88
22	32579	90
22	32580	91
22	32581	91
22	32582	91
22	32583	92
22	32584	92
22	32585	92
22	32586	92
22	32587	93
22	32588	94
22	32589	94
22	32590	94
22	32591	93
22	32592	91
22	32593	91
22	32594	90
22	32595	90
22	32596	90
22	32597	90
22	32598	90
22	32599	90
22	32600	88
22	32601	87
22	32602	85
22	32603	86
22	32604	86
22	32605	87
22	32606	87
22	32607	76
22	32608	76
22	32609	75
22	32610	75
22	32611	75
22	32612	75
22	32613	76
22	32614	76
22	32615	76
22	32616	75
22	32617	71
22	32618	67
22	32619	67
22	32620	67
22	32621	66
22	32622	66
22	32623	66
22	32624	66
22	32625	66
22	32626	66
22	32627	66
22	32628	66
22	32629	66
22	32630	66
22	32631	64
22	32632	64
22	32633	64
22	32634	63
22	32635	61
22	32636	61
22	32637	61
22	32638	61
22	32639	61
22	32640	61
22	32641	61
22	32642	59
22	32643	56
22	32644	56
22	32645	53
22	32646	53
22	32647	54
22	32648	54
22	32649	54
22	32650	53
22	32651	53
22	32652	53
22	32653	53
22	32654	53
22	32655	53
22	32656	50
22	32657	50
22	32658	50
22	32659	50
22	32660	49
22	32661	49
22	32662	48
22	32663	48
22	32664	48
22	32665	47
22	32666	47
22	32667	47
22	32668	47
22	32669	48
22	32670	46
22	32671	46
22	32672	47
22	32673	47
22	32674	51
22	32675	53
22	32676	56
22	32677	56
22	32678	54
22	32679	55
22	32680	54
22	32681	54
22	32682	54
22	32683	57
22	32684	57
22	32685	59
22	32686	56
22	32687	57
22	32688	61
22	32689	58
22	32690	58
22	32691	57
22	32692	57
22	32693	57
22	32694	57
22	32695	57
22	32696	57
22	32697	57
22	32698	57
22	32699	62
22	32700	60
22	32701	60
22	32702	57
22	32703	56
22	32704	56
22	32705	57
22	32706	57
22	32707	57
22	32708	57
22	32709	55
22	32710	55
22	32711	56
22	32712	57
22	32713	57
22	32714	57
22	32715	59
22	32716	59
22	32717	59
22	32718	59
22	32719	58
22	32720	59
22	32721	59
22	32722	60
22	32723	60
22	32724	59
22	32725	62
22	32726	62
22	32727	63
22	32728	62
22	32729	61
22	32730	60
22	32731	60
22	32732	59
22	32733	59
22	32734	59
22	32735	64
22	32736	64
22	32737	63
22	32738	62
22	32739	62
22	32740	62
22	32741	62
22	32742	62
22	32743	62
22	32744	62
22	32745	62
22	32746	65
22	32747	65
22	32748	65
22	32749	65
22	32750	65
22	32751	65
22	32752	64
22	32753	64
22	32754	64
22	32755	64
22	32756	64
22	32757	63
22	32758	64
22	32759	64
22	32760	64
22	32761	63
22	32762	63
22	32763	62
22	32764	62
22	32765	62
22	32766	62
22	32767	62
22	32768	62
22	32769	62
22	32770	63
22	32771	63
22	32772	64
22	32773	64
22	32774	68
22	32775	69
22	32776	69
22	32777	69
22	32778	69
22	32779	72
22	32780	72
22	32781	74
22	32782	74
22	32783	74
22	32784	69
22	32785	69
22	32786	70
22	32787	70
22	32788	70
22	32789	72
22	32790	71
22	32791	71
22	32792	72
22	32793	72
22	32794	72
22	32795	73
22	32796	72
22	32797	75
22	32798	76
22	32799	78
22	32800	78
22	32801	78
22	32802	78
22	32803	78
22	32804	78
22	32805	78
22	32806	78
22	32807	79
22	32808	78
22	32809	79
22	32810	80
22	32811	80
22	32812	80
22	32813	81
22	32814	81
22	32815	81
22	32816	81
22	32817	81
22	32818	81
22	32819	81
22	32820	81
22	32821	81
22	32822	80
22	32823	70
22	32824	70
22	32825	70
22	32826	67
22	32827	67
22	32828	67
22	32829	66
22	32830	67
22	32831	67
22	32832	66
22	32833	63
22	32834	63
22	32835	61
22	32836	63
22	32837	62
22	32838	62
22	32839	62
22	32840	62
22	32841	62
22	32842	63
22	32843	62
22	32844	62
22	32845	62
22	32846	62
22	32847	62
22	32848	63
22	32849	55
22	32850	54
22	32851	53
22	32852	53
22	32853	53
22	32854	53
22	32855	53
22	32856	53
22	32857	53
22	32858	53
22	32859	53
22	32860	53
22	32861	51
22	32862	51
22	32863	51
22	32864	50
22	32865	49
22	32866	48
22	32867	48
22	32868	48
22	32869	48
22	32870	47
22	32871	47
22	32872	43
22	32873	43
22	32874	43
22	32875	43
22	32876	43
22	32877	42
22	32878	42
22	32879	42
22	32880	42
22	32881	44
22	32882	43
22	32883	44
22	32884	43
22	32885	42
22	32886	42
22	32887	42
22	32888	42
22	32889	42
22	32890	43
22	32891	43
22	32892	43
22	32893	43
22	32894	43
22	32895	41
22	32896	40
22	32897	40
22	32898	40
22	32899	39
22	32900	39
22	32901	39
22	32902	39
22	32903	38
22	32904	38
22	32905	38
22	32906	38
22	32907	38
22	32908	38
22	32909	40
22	32910	40
22	32911	40
22	32912	42
22	32913	42
22	32914	42
22	32915	43
22	32916	43
22	32917	43
22	32918	43
22	32919	43
22	32920	43
22	32921	43
22	32922	42
22	32923	41
22	32924	37
22	32925	36
22	32926	36
22	32927	36
22	32928	37
22	32929	34
22	32930	34
22	32931	34
22	32932	35
22	32933	36
22	32934	36
22	32935	36
22	32936	35
22	32937	35
22	32938	33
22	32939	35
22	32940	35
22	32941	35
22	32942	35
22	32943	35
22	32944	36
22	32945	33
22	32946	33
22	32947	30
22	32948	29
22	32949	29
22	32950	29
22	32951	29
22	32952	29
22	32953	29
22	32954	29
22	32955	29
22	32956	29
22	32957	28
22	32958	28
22	32959	27
22	32960	27
22	32961	27
22	32962	27
22	32963	26
22	32964	26
22	32965	26
22	32966	27
22	32967	25
22	32968	25
22	32969	25
22	32970	25
22	32971	25
22	32972	25
22	32973	25
22	32974	25
22	32975	25
22	32976	25
22	32977	25
22	32978	24
22	32979	25
22	32980	25
22	32981	25
22	32982	25
22	32983	25
22	32984	25
22	32985	25
22	32986	23
22	32987	23
22	32988	23
22	32989	23
22	32990	22
22	32991	22
22	32992	21
22	32993	21
22	32994	21
22	32995	21
22	32996	21
22	32997	21
22	32998	20
22	32999	20
22	33000	20
22	33001	20
22	33002	20
22	33003	20
22	33004	20
22	33005	20
22	33006	20
22	33007	23
22	33008	23
22	33009	23
22	33010	23
22	33011	23
22	33012	23
22	33013	23
22	33014	23
22	33015	23
22	33016	23
22	33017	23
22	33018	23
22	33019	23
22	33020	23
22	33021	23
22	33022	23
22	33023	23
22	33024	23
22	33025	24
22	33026	28
22	33027	28
22	33028	28
22	33029	28
22	33030	28
22	33031	26
22	33032	26
22	33033	23
22	33034	23
22	33035	23
22	33036	27
22	33037	28
22	33038	28
22	33039	28
22	33040	28
22	33041	27
22	33042	27
22	33043	27
22	33044	27
22	33045	27
22	33046	27
22	33047	28
22	33048	28
22	33049	28
22	33050	28
22	33051	28
22	33052	28
22	33053	28
22	33054	28
22	33055	28
22	33056	30
22	33057	29
22	33058	29
22	33059	32
22	33060	32
22	33061	33
22	33062	32
22	33063	32
22	33064	31
22	33065	30
22	33066	30
22	33067	30
22	33068	31
22	33069	32
22	33070	32
22	33071	32
22	33072	33
22	33073	33
22	33074	38
22	33075	38
22	33076	39
22	33077	41
22	33078	40
22	33079	41
22	33080	42
22	33081	42
22	33082	41
22	33083	40
22	33084	41
22	33085	41
22	33086	41
22	33087	40
22	33088	39
22	33089	40
22	33090	40
22	33091	39
22	33092	39
22	33093	38
22	33094	38
22	33095	39
22	33096	39
22	33097	39
22	33098	40
22	33099	40
22	33100	40
22	33101	40
22	33102	40
22	33103	40
22	33104	40
22	33105	40
22	33106	42
22	33107	43
22	33108	43
22	33109	43
22	33110	43
22	33111	44
22	33112	44
22	33113	44
22	33114	44
22	33115	44
22	33116	42
22	33117	45
22	33118	45
22	33119	45
22	33120	45
22	33121	45
22	33122	47
22	33123	47
22	33124	47
22	33125	47
22	33126	47
22	33127	47
22	33128	47
22	33129	47
22	33130	47
22	33131	45
22	33132	45
22	33133	47
22	33134	47
22	33135	47
22	33136	47
22	33137	47
22	33138	47
22	33139	47
22	33140	49
22	33141	49
22	33142	49
22	33143	44
22	33144	44
22	33145	44
22	33146	44
22	33147	44
22	33148	44
22	33149	44
22	33150	44
22	33151	44
22	33152	44
22	33153	44
22	33154	41
22	33155	41
22	33156	39
22	33157	39
22	33158	39
22	33159	39
22	33160	39
22	33161	39
22	33162	39
22	33163	39
22	33164	39
22	33165	39
22	33166	0
22	33167	39
22	33168	39
22	33169	39
22	33170	39
22	33171	39
22	33172	39
22	33173	39
22	33174	40
22	33175	36
22	33176	34
22	33177	34
22	33178	34
22	33179	34
22	33180	34
22	33181	34
22	33182	34
22	33183	34
22	33184	34
22	33185	34
22	33186	34
22	33187	33
22	33188	33
22	33189	33
22	33190	33
22	33191	33
22	33192	33
22	33193	33
22	33194	33
22	33195	33
22	33196	33
22	33197	32
22	33198	32
22	33199	32
22	33200	33
22	33201	33
22	33202	33
22	33203	35
22	33204	35
22	33205	36
22	33206	36
22	33207	34
22	33208	34
22	33209	34
22	33210	32
22	33211	34
22	33212	33
22	33213	30
22	33214	30
22	33215	30
22	33216	30
22	33217	30
22	33218	30
22	33219	28
22	33220	28
22	33221	28
22	33222	27
22	33223	27
22	33224	27
22	33225	27
22	33226	27
22	33227	29
22	33228	27
22	33229	27
22	33230	26
22	33231	25
22	33232	25
22	33233	25
22	33234	25
22	33235	24
22	33236	24
22	33237	24
22	33238	24
22	33239	24
22	33240	23
22	33241	23
22	33242	23
22	33243	22
22	33244	22
22	33245	21
22	33246	21
22	33247	22
22	33248	22
22	33249	23
22	33250	23
22	33251	23
22	33252	23
22	33253	23
22	33254	23
22	33255	23
22	33256	21
22	33257	19
22	33258	22
22	33259	23
22	33260	24
22	33261	25
22	33262	25
22	33263	28
22	33264	28
22	33265	28
22	33266	27
22	33267	27
22	33268	27
22	33269	27
22	33270	26
22	33271	26
22	33272	26
22	33273	26
22	33274	29
22	33275	29
22	33276	32
22	33277	32
22	33278	33
22	33279	33
22	33280	33
22	33281	33
22	33282	33
22	33283	31
22	33284	31
22	33285	30
22	33286	33
22	33287	33
22	33288	33
22	33289	33
22	33290	33
22	33291	31
22	33292	31
22	33293	31
22	33294	31
22	33295	33
22	33296	33
22	33297	33
22	33298	33
22	33299	33
22	33300	33
22	33301	33
22	33302	33
22	33303	33
22	33304	33
22	33305	32
22	33306	32
22	33307	32
22	33308	32
22	33309	34
22	33310	38
22	33311	38
22	33312	38
22	33313	38
22	33314	38
22	33315	38
22	33316	40
22	33317	42
22	33318	42
22	33319	42
22	33320	42
22	33321	42
22	33322	42
22	33323	42
22	33324	44
22	33325	46
22	33326	46
22	33327	47
22	33328	47
22	33329	47
22	33330	47
22	33331	48
22	33332	49
22	33333	49
22	33334	50
22	33335	50
22	33336	50
22	33337	50
22	33338	52
22	33339	52
22	33340	52
22	33341	52
22	33342	52
22	33343	53
22	33344	53
22	33345	53
22	33346	53
22	33347	53
22	33348	53
22	33349	53
22	33350	52
22	33351	52
22	33352	51
22	33353	51
22	33354	50
22	33355	50
22	33356	50
22	33357	50
22	33358	50
22	33359	49
22	33360	49
22	33361	47
22	33362	47
22	33363	54
22	33364	54
22	33365	54
22	33366	54
22	33367	54
22	33368	54
22	33369	54
22	33370	54
22	33371	54
22	33372	54
22	33373	53
22	33374	53
22	33375	53
22	33376	52
22	33377	54
22	33378	54
22	33379	54
22	33380	54
22	33381	56
22	33382	56
22	33383	56
22	33384	56
22	33385	56
22	33386	56
22	33387	56
22	33388	57
22	33389	57
22	33390	57
22	33391	57
22	33392	57
22	33393	57
22	33394	58
22	33395	59
22	33396	60
22	33397	59
22	33398	59
22	33399	57
22	33400	56
22	33401	56
22	33402	57
22	33403	57
22	33404	56
22	33405	57
22	33406	57
22	33407	57
22	33408	56
22	33409	48
22	33410	52
22	33411	52
22	33412	52
22	33413	54
22	33414	52
22	33415	52
22	33416	52
22	33417	53
22	33418	54
22	33419	45
22	33420	45
22	33421	45
22	33422	45
22	33423	45
22	33424	45
22	33425	46
22	33426	47
22	33427	47
22	33428	47
22	33429	47
22	33430	43
22	33431	43
22	33432	45
22	33433	45
22	33434	45
22	33435	45
22	33436	46
22	33437	48
22	33438	48
22	33439	48
22	33440	49
22	33441	49
22	33442	49
22	33443	49
22	33444	48
22	33445	49
22	33446	50
22	33447	50
22	33448	51
22	33449	50
22	33450	50
22	33451	50
22	33452	50
22	33453	50
22	33454	50
22	33455	50
22	33456	54
22	33457	54
22	33458	55
22	33459	56
22	33460	52
22	33461	52
22	33462	53
22	33463	54
22	33464	55
22	33465	53
22	33466	53
22	33467	54
22	33468	54
22	33469	54
22	33470	54
22	33471	55
22	33472	55
22	33473	55
22	33474	55
22	33475	54
22	33476	54
22	33477	53
22	33478	53
22	33479	53
22	33480	53
22	33481	51
22	33482	50
22	33483	50
22	33484	50
22	33485	51
22	33486	51
22	33487	51
22	33488	51
22	33489	54
22	33490	53
22	33491	53
22	33492	60
22	33493	60
22	33494	62
22	33495	62
22	33496	62
22	33497	66
22	33498	66
22	33499	70
22	33500	70
22	33501	70
22	33502	70
22	33503	70
22	33504	70
22	33505	70
22	33506	70
22	33507	72
22	33508	72
22	33509	72
22	33510	72
22	33511	72
22	33512	72
22	33513	66
22	33514	66
22	33515	66
22	33516	66
22	33517	66
22	33518	68
22	33519	68
22	33520	68
22	33521	72
22	33522	72
22	33523	72
22	33524	72
22	33525	72
22	33526	72
22	33527	70
22	33528	70
22	33529	71
22	33530	71
22	33531	69
22	33532	69
22	33533	69
22	33534	69
22	33535	70
22	33536	70
22	33537	70
22	33538	70
22	33539	70
22	33540	71
22	33541	71
22	33542	71
22	33543	70
22	33544	69
22	33545	69
22	33546	69
22	33547	69
22	33548	69
22	33549	70
22	33550	70
22	33551	70
22	33552	69
22	33553	70
22	33554	75
22	33555	75
22	33556	78
22	33557	78
22	33558	79
