22	15502	7
22	15503	7
22	15504	7
22	15505	7
22	15506	7
22	15507	7
22	15508	7
22	15509	7
22	15510	7
22	15511	7
22	15512	7
22	15513	7
22	15514	7
22	15515	7
22	15516	7
22	15517	7
22	15518	7
22	15519	7
22	15520	8
22	15521	8
22	15522	9
22	15523	8
22	15524	8
22	15525	8
22	15526	8
22	15527	8
22	15528	8
22	15529	7
22	15530	7
22	15531	7
22	15532	7
22	15533	7
22	15534	7
22	15535	7
22	15536	7
22	15537	7
22	15538	7
22	15539	7
22	15540	7
22	15541	7
22	15542	7
22	15543	7
22	15544	7
22	15545	7
22	15546	7
22	15547	8
22	15548	9
22	15549	9
22	15550	9
22	15551	9
22	15552	9
22	15553	9
22	15554	9
22	15555	9
22	15556	9
22	15557	8
22	15558	8
22	15559	8
22	15560	8
22	15561	7
22	15562	7
22	15563	7
22	15564	7
22	15565	7
22	15566	7
22	15567	7
22	15568	7
22	15569	7
22	15570	7
22	15571	7
22	15572	8
22	15573	8
22	15574	8
22	15575	8
22	15576	8
22	15577	7
22	15578	8
22	15579	8
22	15580	8
22	15581	8
22	15582	8
22	15583	8
22	15584	8
22	15585	8
22	15586	8
22	15587	8
22	15588	8
22	15589	8
22	15590	8
22	15591	8
22	15592	8
22	15593	8
22	15594	8
22	15595	8
22	15596	9
22	15597	9
22	15598	9
22	15599	9
22	15600	10
22	15601	10
22	15602	10
22	15603	10
22	15604	10
22	15605	10
22	15606	10
22	15607	10
22	15608	10
22	15609	10
22	15610	10
22	15611	10
22	15612	10
22	15613	10
22	15614	10
22	15615	10
22	15616	10
22	15617	9
22	15618	9
22	15619	9
22	15620	9
22	15621	9
22	15622	9
22	15623	8
22	15624	8
22	15625	9
22	15626	9
22	15627	9
22	15628	9
22	15629	9
22	15630	9
22	15631	9
22	15632	8
22	15633	8
22	15634	8
22	15635	8
22	15636	8
22	15637	8
22	15638	8
22	15639	8
22	15640	8
22	15641	8
22	15642	8
22	15643	8
22	15644	8
22	15645	8
22	15646	8
22	15647	8
22	15648	8
22	15649	8
22	15650	8
22	15651	8
22	15652	8
22	15653	8
22	15654	8
22	15655	8
22	15656	8
22	15657	8
22	15658	8
22	15659	8
22	15660	8
22	15661	8
22	15662	8
22	15663	8
22	15664	8
22	15665	9
22	15666	10
22	15667	10
22	15668	10
22	15669	9
22	15670	9
22	15671	9
22	15672	8
22	15673	8
22	15674	8
22	15675	8
22	15676	8
22	15677	8
22	15678	8
22	15679	8
22	15680	8
22	15681	8
22	15682	8
22	15683	8
22	15684	8
22	15685	8
22	15686	8
22	15687	8
22	15688	8
22	15689	8
22	15690	8
22	15691	8
22	15692	8
22	15693	8
22	15694	8
22	15695	8
22	15696	7
22	15697	6
22	15698	6
22	15699	6
22	15700	6
22	15701	6
22	15702	6
22	15703	7
22	15704	7
22	15705	7
22	15706	7
22	15707	7
22	15708	9
22	15709	10
22	15710	10
22	15711	10
22	15712	10
22	15713	10
22	15714	10
22	15715	10
22	15716	10
22	15717	10
22	15718	10
22	15719	10
22	15720	11
22	15721	11
22	15722	10
22	15723	10
22	15724	10
22	15725	10
22	15726	10
22	15727	10
22	15728	10
22	15729	10
22	15730	10
22	15731	10
22	15732	10
22	15733	10
22	15734	10
22	15735	10
22	15736	10
22	15737	10
22	15738	10
22	15739	10
22	15740	10
22	15741	12
22	15742	12
22	15743	12
22	15744	12
22	15745	12
22	15746	11
22	15747	11
22	15748	11
22	15749	11
22	15750	10
22	15751	10
22	15752	10
22	15753	10
22	15754	10
22	15755	10
22	15756	10
22	15757	10
22	15758	12
22	15759	12
22	15760	12
22	15761	12
22	15762	12
22	15763	12
22	15764	12
22	15765	12
22	15766	12
22	15767	12
22	15768	12
22	15769	12
22	15770	12
22	15771	12
22	15772	12
22	15773	12
22	15774	12
22	15775	11
22	15776	11
22	15777	11
22	15778	11
22	15779	11
22	15780	11
22	15781	11
22	15782	11
22	15783	11
22	15784	11
22	15785	11
22	15786	11
22	15787	11
22	15788	11
22	15789	11
22	15790	11
22	15791	11
22	15792	11
22	15793	11
22	15794	11
22	15795	11
22	15796	11
22	15797	11
22	15798	11
22	15799	11
22	15800	11
22	15801	11
22	15802	11
22	15803	11
22	15804	11
22	15805	11
22	15806	12
22	15807	12
22	15808	12
22	15809	12
22	15810	12
22	15811	13
22	15812	13
22	15813	13
22	15814	12
22	15815	11
22	15816	11
22	15817	12
22	15818	12
22	15819	12
22	15820	13
22	15821	13
22	15822	13
22	15823	13
22	15824	13
22	15825	13
22	15826	13
22	15827	13
22	15828	13
22	15829	13
22	15830	13
22	15831	13
22	15832	13
22	15833	13
22	15834	13
22	15835	13
22	15836	13
22	15837	13
22	15838	13
22	15839	13
22	15840	13
22	15841	13
22	15842	13
22	15843	13
22	15844	13
22	15845	13
22	15846	13
22	15847	13
22	15848	13
22	15849	13
22	15850	13
22	15851	13
22	15852	12
22	15853	12
22	15854	12
22	15855	12
22	15856	12
22	15857	10
22	15858	9
22	15859	9
22	15860	9
22	15861	9
22	15862	9
22	15863	9
22	15864	9
22	15865	9
22	15866	9
22	15867	9
22	15868	9
22	15869	9
22	15870	8
22	15871	8
22	15872	8
22	15873	8
22	15874	9
22	15875	9
22	15876	9
22	15877	9
22	15878	10
22	15879	10
22	15880	10
22	15881	10
22	15882	10
22	15883	10
22	15884	10
22	15885	10
22	15886	11
22	15887	11
22	15888	11
22	15889	12
22	15890	12
22	15891	10
22	15892	10
22	15893	10
22	15894	10
22	15895	10
22	15896	10
22	15897	10
22	15898	10
22	15899	10
22	15900	10
22	15901	10
22	15902	10
22	15903	10
22	15904	10
22	15905	10
22	15906	10
22	15907	10
22	15908	8
22	15909	8
22	15910	8
22	15911	8
22	15912	8
22	15913	8
22	15914	8
22	15915	8
22	15916	8
22	15917	8
22	15918	8
22	15919	8
22	15920	8
22	15921	8
22	15922	8
22	15923	8
22	15924	8
22	15925	8
22	15926	8
22	15927	8
22	15928	8
22	15929	7
22	15930	8
22	15931	8
22	15932	8
22	15933	8
22	15934	9
22	15935	9
22	15936	9
22	15937	9
22	15938	9
22	15939	9
22	15940	9
22	15941	9
22	15942	9
22	15943	9
22	15944	9
22	15945	9
22	15946	9
22	15947	9
22	15948	9
22	15949	9
22	15950	9
22	15951	9
22	15952	9
22	15953	9
22	15954	9
22	15955	9
22	15956	8
22	15957	9
22	15958	9
22	15959	8
22	15960	8
22	15961	8
22	15962	8
22	15963	8
22	15964	9
22	15965	10
22	15966	9
22	15967	9
22	15968	9
22	15969	8
22	15970	8
22	15971	8
22	15972	8
22	15973	8
22	15974	8
22	15975	8
22	15976	8
22	15977	8
22	15978	8
22	15979	8
22	15980	8
22	15981	8
22	15982	8
22	15983	8
22	15984	8
22	15985	8
22	15986	8
22	15987	8
22	15988	8
22	15989	8
22	15990	8
22	15991	8
22	15992	8
22	15993	8
22	15994	8
22	15995	8
22	15996	10
22	15997	14
22	15998	14
22	15999	14
22	16000	14
22	16001	14
22	16002	14
22	16003	14
22	16004	14
22	16005	14
22	16006	14
22	16007	14
22	16008	14
22	16009	14
22	16010	14
22	16011	14
22	16012	14
22	16013	14
22	16014	14
22	16015	14
22	16016	14
22	16017	14
22	16018	14
22	16019	14
22	16020	16
22	16021	16
22	16022	16
22	16023	16
22	16024	15
22	16025	15
22	16026	15
22	16027	15
22	16028	16
22	16029	16
22	16030	16
22	16031	16
22	16032	16
22	16033	16
22	16034	16
22	16035	16
22	16036	15
22	16037	15
22	16038	15
22	16039	14
22	16040	14
22	16041	14
22	16042	14
22	16043	14
22	16044	14
22	16045	14
22	16046	14
22	16047	14
22	16048	14
22	16049	14
22	16050	14
22	16051	14
22	16052	14
22	16053	14
22	16054	14
22	16055	14
22	16056	14
22	16057	14
22	16058	14
22	16059	14
22	16060	14
22	16061	14
22	16062	14
22	16063	14
22	16064	14
22	16065	14
22	16066	14
22	16067	14
22	16068	14
22	16069	12
22	16070	12
22	16071	12
22	16072	12
22	16073	12
22	16074	12
22	16075	12
22	16076	12
22	16077	12
22	16078	12
22	16079	12
22	16080	12
22	16081	12
22	16082	12
22	16083	12
22	16084	11
22	16085	11
22	16086	11
22	16087	11
22	16088	11
22	16089	11
22	16090	11
22	16091	11
22	16092	11
22	16093	11
22	16094	11
22	16095	11
22	16096	11
22	16097	11
22	16098	11
22	16099	11
22	16100	11
22	16101	12
22	16102	12
22	16103	12
22	16104	12
22	16105	12
22	16106	11
22	16107	11
22	16108	11
22	16109	11
22	16110	11
22	16111	11
22	16112	11
22	16113	11
22	16114	10
22	16115	9
22	16116	9
22	16117	9
22	16118	9
22	16119	9
22	16120	9
22	16121	9
22	16122	9
22	16123	9
22	16124	9
22	16125	9
22	16126	9
22	16127	9
22	16128	9
22	16129	9
22	16130	9
22	16131	9
22	16132	9
22	16133	9
22	16134	9
22	16135	10
22	16136	10
22	16137	10
22	16138	10
22	16139	10
22	16140	10
22	16141	10
22	16142	10
22	16143	10
22	16144	10
22	16145	10
22	16146	10
22	16147	6
22	16148	5
22	16149	5
22	16150	5
22	16151	5
22	16152	5
22	16153	5
22	16154	5
22	16155	5
22	16156	5
22	16157	5
22	16158	5
22	16159	5
22	16160	5
22	16161	5
22	16162	5
22	16163	5
22	16164	5
22	16165	5
22	16166	5
22	16167	5
22	16168	5
22	16169	5
22	16170	5
22	16171	5
22	16172	5
22	16173	5
22	16174	5
22	16175	5
22	16176	5
22	16177	3
22	16178	3
22	16179	3
22	16180	3
22	16181	3
22	16182	3
22	16183	3
22	16184	3
22	16185	3
22	16186	3
22	16187	3
22	16188	4
22	16189	4
22	16190	4
22	16191	4
22	16192	4
22	16193	4
22	16194	4
22	16195	4
22	16196	4
22	16197	4
22	16198	4
22	16199	4
22	16200	4
22	16201	4
22	16202	4
22	16203	4
22	16204	4
22	16205	5
22	16206	5
22	16207	5
22	16208	5
22	16209	5
22	16210	5
22	16211	5
22	16212	5
22	16213	5
22	16214	5
22	16215	5
22	16216	5
22	16217	5
22	16218	5
22	16219	5
22	16220	5
22	16221	5
22	16222	5
22	16223	5
22	16224	5
22	16225	5
22	16226	5
22	16227	5
22	16228	5
22	16229	5
22	16230	5
22	16231	5
22	16232	5
22	16233	5
22	16234	5
22	16235	5
22	16236	5
22	16237	5
22	16238	5
22	16239	5
22	16240	5
22	16241	5
22	16242	5
22	16243	5
22	16244	5
22	16245	5
22	16246	5
22	16247	5
22	16248	5
22	16249	5
22	16250	5
22	16251	4
22	16252	4
22	16253	4
22	16254	4
22	16255	4
22	16256	4
22	16257	4
22	16258	4
22	16259	4
22	16260	4
22	16261	4
22	16262	4
22	16263	4
22	16264	4
22	16265	4
22	16266	4
22	16267	4
22	16268	4
22	16269	4
22	16270	4
22	16271	4
22	16272	4
22	16273	4
22	16274	4
22	16275	4
22	16276	4
22	16277	4
22	16278	4
22	16279	4
22	16280	4
22	16281	4
22	16282	4
22	16283	4
22	16284	4
22	16285	3
22	16286	3
22	16287	3
22	16288	3
22	16289	3
22	16290	3
22	16291	3
22	16292	3
22	16293	3
22	16294	3
22	16295	3
22	16296	3
22	16297	3
22	16298	2
22	16299	2
22	16300	2
22	16301	2
22	16302	2
22	16303	2
22	16304	2
22	16305	2
22	16306	2
22	16307	2
22	16308	2
22	16309	2
22	16310	2
22	16311	2
22	16312	2
22	16313	2
22	16314	2
22	16315	2
22	16316	2
22	16317	2
22	16318	2
22	16319	2
22	16320	2
22	16321	2
22	16322	2
22	16323	2
22	16324	2
22	16325	2
22	16326	2
22	16327	2
22	16328	2
22	16329	2
22	16330	2
22	16331	2
22	16332	2
22	16333	2
22	16334	2
22	16335	2
22	16336	2
22	16337	2
22	16338	2
22	16339	4
22	16340	4
22	16341	4
22	16342	4
22	16343	4
22	16344	5
22	16345	5
22	16346	5
22	16347	5
22	16348	5
22	16349	5
22	16350	5
22	16351	5
22	16352	5
22	16353	5
22	16354	5
22	16355	4
22	16356	4
22	16357	4
22	16358	4
22	16359	4
22	16360	4
22	16361	4
22	16362	4
22	16363	4
22	16364	4
22	16365	4
22	16366	4
22	16367	4
22	16368	4
22	16369	4
22	16370	4
22	16371	4
22	16372	4
22	16373	4
22	16374	4
22	16375	4
22	16376	4
22	16377	4
22	16378	4
22	16379	4
22	16380	4
22	16381	4
22	16382	4
22	16383	4
22	16384	4
22	16385	4
22	16386	4
22	16387	4
22	16388	4
22	16389	4
22	16390	4
22	16391	4
22	16392	4
22	16393	4
22	16394	4
22	16395	4
22	16396	4
22	16397	4
22	16398	4
22	16399	4
22	16400	5
22	16401	5
22	16402	5
22	16403	5
22	16404	5
22	16405	5
22	16406	5
22	16407	6
22	16408	6
22	16409	6
22	16410	6
22	16411	6
22	16412	6
22	16413	6
22	16414	6
22	16415	6
22	16416	6
22	16417	6
22	16418	6
22	16419	6
22	16420	6
22	16421	6
22	16422	6
22	16423	6
22	16424	6
22	16425	6
22	16426	6
22	16427	6
22	16428	6
22	16429	6
22	16430	6
22	16431	6
22	16432	6
22	16433	7
22	16434	7
22	16435	7
22	16436	7
22	16437	7
22	16438	7
22	16439	7
22	16440	7
22	16441	9
22	16442	9
22	16443	9
22	16444	9
22	16445	9
22	16446	9
22	16447	9
22	16448	7
22	16449	7
22	16450	7
22	16451	7
22	16452	7
22	16453	7
22	16454	7
22	16455	8
22	16456	7
22	16457	7
22	16458	7
22	16459	7
22	16460	7
22	16461	7
22	16462	7
22	16463	7
22	16464	7
22	16465	7
22	16466	7
22	16467	7
22	16468	7
22	16469	7
22	16470	7
22	16471	7
22	16472	7
22	16473	7
22	16474	7
22	16475	7
22	16476	7
22	16477	7
22	16478	7
22	16479	7
22	16480	7
22	16481	7
22	16482	7
22	16483	7
22	16484	7
22	16485	7
22	16486	7
22	16487	7
22	16488	7
22	16489	7
22	16490	7
22	16491	7
22	16492	7
22	16493	6
22	16494	6
22	16495	6
22	16496	6
22	16497	6
22	16498	6
22	16499	6
22	16500	6
22	16501	6
22	16502	6
22	16503	6
22	16504	6
22	16505	6
22	16506	6
22	16507	6
22	16508	6
22	16509	6
22	16510	7
22	16511	7
22	16512	7
22	16513	7
22	16514	7
22	16515	7
22	16516	7
22	16517	7
22	16518	7
22	16519	7
22	16520	7
22	16521	7
22	16522	7
22	16523	7
22	16524	7
22	16525	7
22	16526	7
22	16527	7
22	16528	7
22	16529	7
22	16530	7
22	16531	7
22	16532	7
22	16533	7
22	16534	7
22	16535	7
22	16536	7
22	16537	7
22	16538	7
22	16539	7
22	16540	7
22	16541	7
22	16542	7
22	16543	7
22	16544	7
22	16545	7
22	16546	7
22	16547	7
22	16548	7
22	16549	8
22	16550	7
22	16551	7
22	16552	7
22	16553	7
22	16554	7
22	16555	7
22	16556	7
22	16557	6
22	16558	6
22	16559	6
22	16560	9
22	16561	10
22	16562	10
22	16563	10
22	16564	10
22	16565	10
22	16566	10
22	16567	10
22	16568	10
22	16569	10
22	16570	10
22	16571	10
22	16572	10
22	16573	10
22	16574	10
22	16575	10
22	16576	10
22	16577	10
22	16578	10
22	16579	10
22	16580	10
22	16581	10
22	16582	10
22	16583	7
22	16584	7
22	16585	7
22	16586	7
22	16587	7
22	16588	7
22	16589	7
22	16590	7
22	16591	7
22	16592	7
22	16593	7
22	16594	7
22	16595	7
22	16596	7
22	16597	8
22	16598	8
22	16599	8
22	16600	8
22	16601	8
22	16602	8
22	16603	8
22	16604	8
22	16605	7
22	16606	7
22	16607	7
22	16608	7
22	16609	7
22	16610	7
22	16611	7
22	16612	7
22	16613	7
22	16614	7
22	16615	7
22	16616	7
22	16617	7
22	16618	8
22	16619	8
22	16620	8
22	16621	8
22	16622	8
22	16623	8
22	16624	8
22	16625	8
22	16626	8
22	16627	8
22	16628	9
22	16629	9
22	16630	9
22	16631	9
22	16632	9
22	16633	9
22	16634	9
22	16635	9
22	16636	9
22	16637	9
22	16638	9
22	16639	9
22	16640	9
22	16641	9
22	16642	9
22	16643	9
22	16644	9
22	16645	9
22	16646	9
22	16647	9
22	16648	9
22	16649	9
22	16650	9
22	16651	10
22	16652	10
22	16653	10
22	16654	10
22	16655	10
22	16656	10
22	16657	10
22	16658	10
22	16659	10
22	16660	9
22	16661	9
22	16662	9
22	16663	9
22	16664	9
22	16665	9
22	16666	9
22	16667	9
22	16668	9
22	16669	9
22	16670	10
22	16671	10
22	16672	10
22	16673	10
22	16674	10
22	16675	10
22	16676	10
22	16677	11
22	16678	11
22	16679	11
22	16680	11
22	16681	11
22	16682	11
22	16683	11
22	16684	11
22	16685	11
22	16686	11
22	16687	11
22	16688	11
22	16689	11
22	16690	11
22	16691	11
22	16692	11
22	16693	11
22	16694	11
22	16695	11
22	16696	11
22	16697	11
22	16698	11
22	16699	10
22	16700	10
22	16701	10
22	16702	10
22	16703	10
22	16704	10
22	16705	10
22	16706	10
22	16707	12
22	16708	12
22	16709	12
22	16710	9
22	16711	8
22	16712	8
22	16713	8
22	16714	8
22	16715	8
22	16716	8
22	16717	8
22	16718	8
22	16719	8
22	16720	9
22	16721	9
22	16722	9
22	16723	9
22	16724	9
22	16725	9
22	16726	9
22	16727	9
22	16728	9
22	16729	9
22	16730	9
22	16731	9
22	16732	9
22	16733	9
22	16734	9
22	16735	9
22	16736	9
22	16737	9
22	16738	9
22	16739	9
22	16740	9
22	16741	9
22	16742	9
22	16743	9
22	16744	9
22	16745	9
22	16746	9
22	16747	9
22	16748	10
22	16749	10
22	16750	10
22	16751	10
22	16752	10
22	16753	10
22	16754	10
22	16755	11
22	16756	11
22	16757	11
22	16758	11
22	16759	11
22	16760	11
22	16761	11
22	16762	11
22	16763	11
22	16764	11
22	16765	11
22	16766	11
22	16767	11
22	16768	10
22	16769	10
22	16770	10
22	16771	10
22	16772	10
22	16773	10
22	16774	11
22	16775	11
22	16776	11
22	16777	11
22	16778	10
22	16779	10
22	16780	10
22	16781	10
22	16782	10
22	16783	10
22	16784	10
22	16785	10
22	16786	10
22	16787	11
22	16788	11
22	16789	11
22	16790	11
22	16791	11
22	16792	11
22	16793	11
22	16794	11
22	16795	11
22	16796	11
22	16797	11
22	16798	11
22	16799	11
22	16800	11
22	16801	11
22	16802	12
22	16803	12
22	16804	12
22	16805	12
22	16806	12
22	16807	12
22	16808	12
22	16809	12
22	16810	12
22	16811	12
22	16812	12
22	16813	13
22	16814	13
22	16815	13
22	16816	13
22	16817	13
22	16818	13
22	16819	13
22	16820	12
22	16821	12
22	16822	12
22	16823	12
22	16824	12
22	16825	12
22	16826	12
22	16827	11
22	16828	11
22	16829	11
22	16830	11
22	16831	11
22	16832	11
22	16833	11
22	16834	11
22	16835	11
22	16836	11
22	16837	11
22	16838	11
22	16839	11
22	16840	11
22	16841	11
22	16842	11
22	16843	11
22	16844	11
22	16845	11
22	16846	11
22	16847	11
22	16848	11
22	16849	11
22	16850	11
22	16851	11
22	16852	11
22	16853	11
22	16854	11
22	16855	11
22	16856	11
22	16857	9
22	16858	9
22	16859	9
22	16860	9
22	16861	10
22	16862	10
22	16863	10
22	16864	11
22	16865	11
22	16866	11
22	16867	11
22	16868	11
22	16869	10
22	16870	11
22	16871	11
22	16872	11
22	16873	11
22	16874	11
22	16875	11
22	16876	11
22	16877	11
22	16878	11
22	16879	11
22	16880	11
22	16881	11
22	16882	11
22	16883	11
22	16884	11
22	16885	11
22	16886	11
22	16887	11
22	16888	11
22	16889	11
22	16890	11
22	16891	11
22	16892	11
22	16893	11
22	16894	11
22	16895	12
22	16896	11
22	16897	11
22	16898	11
22	16899	11
22	16900	11
22	16901	11
22	16902	11
22	16903	12
22	16904	12
22	16905	11
22	16906	11
22	16907	11
22	16908	11
22	16909	11
22	16910	11
22	16911	11
22	16912	11
22	16913	11
22	16914	11
22	16915	11
22	16916	11
22	16917	11
22	16918	12
22	16919	12
22	16920	12
22	16921	12
22	16922	12
22	16923	11
22	16924	11
22	16925	11
22	16926	11
22	16927	11
22	16928	11
22	16929	11
22	16930	11
22	16931	11
22	16932	11
22	16933	11
22	16934	11
22	16935	11
22	16936	11
22	16937	10
22	16938	10
22	16939	10
22	16940	10
22	16941	10
22	16942	10
22	16943	10
22	16944	10
22	16945	10
22	16946	10
22	16947	10
22	16948	10
22	16949	10
22	16950	9
22	16951	8
22	16952	8
22	16953	9
22	16954	9
22	16955	9
22	16956	9
22	16957	9
22	16958	9
22	16959	9
22	16960	9
22	16961	9
22	16962	9
22	16963	8
22	16964	8
22	16965	8
22	16966	8
22	16967	8
22	16968	8
22	16969	8
22	16970	8
22	16971	8
22	16972	8
22	16973	8
22	16974	8
22	16975	8
22	16976	9
22	16977	9
22	16978	9
22	16979	9
22	16980	9
22	16981	10
22	16982	10
22	16983	10
22	16984	10
22	16985	10
22	16986	10
22	16987	10
22	16988	10
22	16989	10
22	16990	10
22	16991	11
22	16992	11
22	16993	11
22	16994	11
22	16995	14
22	16996	14
22	16997	14
22	16998	14
22	16999	14
22	17000	14
22	17001	14
22	17002	14
22	17003	14
22	17004	14
22	17005	15
22	17006	15
22	17007	15
22	17008	15
22	17009	15
22	17010	17
22	17011	16
22	17012	16
22	17013	16
22	17014	15
22	17015	15
22	17016	15
22	17017	15
22	17018	15
22	17019	15
22	17020	14
22	17021	14
22	17022	14
22	17023	14
22	17024	14
22	17025	14
22	17026	14
22	17027	14
22	17028	14
22	17029	14
22	17030	14
22	17031	14
22	17032	14
22	17033	13
22	17034	14
22	17035	14
22	17036	14
22	17037	14
22	17038	14
22	17039	14
22	17040	14
22	17041	14
22	17042	14
22	17043	14
22	17044	12
22	17045	12
22	17046	12
22	17047	12
22	17048	12
22	17049	12
22	17050	13
22	17051	12
22	17052	12
22	17053	12
22	17054	13
22	17055	13
22	17056	13
22	17057	13
22	17058	13
22	17059	13
22	17060	13
22	17061	14
22	17062	14
22	17063	14
22	17064	14
22	17065	14
22	17066	14
22	17067	14
22	17068	13
22	17069	13
22	17070	13
22	17071	13
22	17072	13
22	17073	13
22	17074	13
22	17075	13
22	17076	13
22	17077	13
22	17078	13
22	17079	13
22	17080	13
22	17081	13
22	17082	13
22	17083	13
22	17084	13
22	17085	13
22	17086	13
22	17087	13
22	17088	13
22	17089	13
22	17090	13
22	17091	13
22	17092	13
22	17093	13
22	17094	13
22	17095	13
22	17096	13
22	17097	13
22	17098	13
22	17099	13
22	17100	13
22	17101	14
22	17102	14
22	17103	13
22	17104	13
22	17105	13
22	17106	13
22	17107	13
22	17108	13
22	17109	13
22	17110	13
22	17111	13
22	17112	13
22	17113	13
22	17114	13
22	17115	13
22	17116	13
22	17117	13
22	17118	13
22	17119	13
22	17120	13
22	17121	13
22	17122	13
22	17123	13
22	17124	13
22	17125	13
22	17126	12
22	17127	12
22	17128	12
22	17129	12
22	17130	12
22	17131	11
22	17132	11
22	17133	11
22	17134	11
22	17135	11
22	17136	11
22	17137	11
22	17138	11
22	17139	11
22	17140	11
22	17141	10
22	17142	10
22	17143	10
22	17144	7
22	17145	8
22	17146	8
22	17147	8
22	17148	8
22	17149	8
22	17150	8
22	17151	8
22	17152	8
22	17153	8
22	17154	9
22	17155	9
22	17156	9
22	17157	9
22	17158	9
22	17159	9
22	17160	7
22	17161	7
22	17162	10
22	17163	10
22	17164	10
22	17165	10
22	17166	10
22	17167	10
22	17168	10
22	17169	11
22	17170	11
22	17171	11
22	17172	11
22	17173	11
22	17174	11
22	17175	11
22	17176	11
22	17177	11
22	17178	11
22	17179	11
22	17180	11
22	17181	11
22	17182	11
22	17183	11
22	17184	11
22	17185	11
22	17186	11
22	17187	11
22	17188	11
22	17189	11
22	17190	11
22	17191	11
22	17192	11
22	17193	11
22	17194	11
22	17195	11
22	17196	11
22	17197	11
22	17198	11
22	17199	11
22	17200	10
22	17201	12
22	17202	12
22	17203	12
22	17204	11
22	17205	11
22	17206	12
22	17207	12
22	17208	12
22	17209	12
22	17210	12
22	17211	11
22	17212	11
22	17213	11
22	17214	11
22	17215	11
22	17216	11
22	17217	11
22	17218	11
22	17219	11
22	17220	11
22	17221	11
22	17222	12
22	17223	12
22	17224	12
22	17225	12
22	17226	12
22	17227	12
22	17228	12
22	17229	12
22	17230	12
22	17231	12
22	17232	12
22	17233	13
22	17234	13
22	17235	13
22	17236	13
22	17237	13
22	17238	13
22	17239	13
22	17240	13
22	17241	13
22	17242	14
22	17243	14
22	17244	14
22	17245	14
22	17246	14
22	17247	14
22	17248	14
22	17249	14
22	17250	14
22	17251	13
22	17252	13
22	17253	13
22	17254	13
22	17255	13
22	17256	13
22	17257	13
22	17258	13
22	17259	13
22	17260	13
22	17261	13
22	17262	13
22	17263	13
22	17264	13
22	17265	13
22	17266	13
22	17267	13
22	17268	13
22	17269	13
22	17270	13
22	17271	13
22	17272	13
22	17273	13
22	17274	13
22	17275	11
22	17276	11
22	17277	12
22	17278	12
22	17279	12
22	17280	12
22	17281	12
22	17282	14
22	17283	14
22	17284	14
22	17285	14
22	17286	14
22	17287	14
22	17288	14
22	17289	14
22	17290	14
22	17291	14
22	17292	15
22	17293	15
22	17294	15
22	17295	14
22	17296	14
22	17297	14
22	17298	14
22	17299	14
22	17300	14
22	17301	14
22	17302	14
22	17303	14
22	17304	14
22	17305	14
22	17306	14
22	17307	14
22	17308	14
22	17309	14
22	17310	14
22	17311	14
22	17312	11
22	17313	11
22	17314	11
22	17315	11
22	17316	11
22	17317	11
22	17318	11
22	17319	10
22	17320	10
22	17321	10
22	17322	10
22	17323	10
22	17324	10
22	17325	12
22	17326	12
22	17327	12
22	17328	12
22	17329	12
22	17330	12
22	17331	12
22	17332	12
22	17333	12
22	17334	12
22	17335	12
22	17336	12
22	17337	12
22	17338	12
22	17339	12
22	17340	12
22	17341	12
22	17342	12
22	17343	12
22	17344	12
22	17345	12
22	17346	12
22	17347	13
22	17348	13
22	17349	13
22	17350	13
22	17351	11
22	17352	11
22	17353	11
22	17354	11
22	17355	11
22	17356	9
22	17357	9
22	17358	9
22	17359	9
22	17360	9
22	17361	9
22	17362	9
22	17363	9
22	17364	9
22	17365	9
22	17366	9
22	17367	9
22	17368	9
22	17369	9
22	17370	9
22	17371	9
22	17372	9
22	17373	9
22	17374	10
22	17375	10
22	17376	10
22	17377	11
22	17378	11
22	17379	11
22	17380	11
22	17381	11
22	17382	11
22	17383	10
22	17384	10
22	17385	10
22	17386	10
22	17387	10
22	17388	10
22	17389	10
22	17390	10
22	17391	10
22	17392	9
22	17393	9
22	17394	9
22	17395	9
22	17396	9
22	17397	9
22	17398	9
22	17399	9
22	17400	9
22	17401	9
22	17402	9
22	17403	9
22	17404	9
22	17405	9
22	17406	9
22	17407	9
22	17408	9
22	17409	9
22	17410	9
22	17411	9
22	17412	9
22	17413	9
22	17414	9
22	17415	9
22	17416	9
22	17417	9
22	17418	9
22	17419	9
22	17420	9
22	17421	9
22	17422	9
22	17423	9
22	17424	9
22	17425	9
22	17426	9
22	17427	8
22	17428	9
22	17429	7
22	17430	7
22	17431	7
22	17432	8
22	17433	8
22	17434	8
22	17435	8
22	17436	8
22	17437	8
22	17438	9
22	17439	9
22	17440	9
22	17441	8
22	17442	8
22	17443	8
22	17444	8
22	17445	8
22	17446	8
22	17447	8
22	17448	9
22	17449	9
22	17450	11
22	17451	13
22	17452	13
22	17453	13
22	17454	13
22	17455	13
22	17456	13
22	17457	13
22	17458	13
22	17459	13
22	17460	13
22	17461	13
22	17462	13
22	17463	13
22	17464	13
22	17465	13
22	17466	13
22	17467	13
22	17468	13
22	17469	13
22	17470	13
22	17471	13
22	17472	13
22	17473	13
22	17474	12
22	17475	11
22	17476	11
22	17477	11
22	17478	11
22	17479	11
22	17480	11
22	17481	11
22	17482	11
22	17483	11
22	17484	11
22	17485	11
22	17486	11
22	17487	11
22	17488	11
22	17489	11
22	17490	11
22	17491	11
22	17492	11
22	17493	11
22	17494	11
22	17495	11
22	17496	11
22	17497	10
22	17498	10
22	17499	10
22	17500	10
22	17501	10
22	17502	10
22	17503	10
22	17504	10
22	17505	10
22	17506	10
22	17507	10
22	17508	10
22	17509	10
22	17510	10
22	17511	10
22	17512	10
22	17513	10
22	17514	10
22	17515	10
22	17516	10
22	17517	10
22	17518	10
22	17519	10
22	17520	10
22	17521	10
22	17522	10
22	17523	10
22	17524	9
22	17525	9
22	17526	9
22	17527	8
22	17528	8
22	17529	8
22	17530	8
22	17531	8
22	17532	8
22	17533	8
22	17534	8
22	17535	8
22	17536	8
22	17537	8
22	17538	8
22	17539	8
22	17540	8
22	17541	8
22	17542	8
22	17543	8
22	17544	8
22	17545	8
22	17546	8
22	17547	8
22	17548	8
22	17549	8
22	17550	9
22	17551	9
22	17552	9
22	17553	9
22	17554	9
22	17555	9
22	17556	9
22	17557	9
22	17558	9
22	17559	9
22	17560	9
22	17561	9
22	17562	9
22	17563	9
22	17564	9
22	17565	9
22	17566	9
22	17567	9
22	17568	9
22	17569	9
22	17570	9
22	17571	8
22	17572	8
22	17573	8
22	17574	8
22	17575	8
22	17576	7
22	17577	7
22	17578	7
22	17579	7
22	17580	7
22	17581	7
22	17582	7
22	17583	7
22	17584	7
22	17585	7
22	17586	7
22	17587	7
22	17588	6
22	17589	6
22	17590	6
22	17591	3
22	17592	6
22	17593	6
22	17594	3
22	17595	3
22	17596	3
22	17597	3
22	17598	3
22	17599	2
22	17600	1
22	19430	2
22	19431	2
22	19432	2
22	19433	2
22	19434	2
22	19435	2
22	19436	2
22	19437	2
22	19438	2
22	19439	2
22	19440	2
22	19441	2
22	19442	2
22	19443	2
22	19444	2
22	19445	2
22	19446	2
22	19447	2
22	19448	2
22	19449	2
22	19450	2
22	19451	3
22	19452	3
22	19453	4
22	19454	4
22	19455	4
22	19456	4
22	19457	4
22	19458	4
22	19459	4
22	19460	4
22	19461	4
22	19462	4
22	19463	4
22	19464	4
22	19465	4
22	19466	4
22	19467	4
22	19468	4
22	19469	4
22	19470	4
22	19471	4
22	19472	4
22	19473	5
22	19474	5
22	19475	5
22	19476	5
22	19477	5
22	19478	5
22	19479	5
22	19480	5
22	19481	5
22	19482	5
22	19483	5
22	19484	6
22	19485	6
22	19486	6
22	19487	6
22	19488	6
22	19489	6
22	19490	6
22	19491	6
22	19492	6
22	19493	6
22	19494	6
22	19495	6
22	19496	6
22	19497	6
22	19498	6
22	19499	6
22	19500	6
22	19501	6
22	19502	6
22	19503	6
22	19504	6
22	19505	6
22	19506	6
22	19507	6
22	19508	6
22	19509	6
22	19510	6
22	19511	6
22	19512	6
22	19513	6
22	19514	6
22	19515	6
22	19516	6
22	19517	6
22	19518	6
22	19519	4
22	19520	4
22	19521	4
22	19522	4
22	19523	4
22	19524	4
22	19525	4
22	19526	4
22	19527	4
22	19528	4
22	19529	4
22	19530	4
22	19531	4
22	19532	4
22	19533	4
22	19534	4
22	19535	4
22	19536	4
22	19537	4
22	19538	4
22	19539	4
22	19540	4
22	19541	4
22	19542	4
22	19543	4
22	19544	4
22	19545	4
22	19546	4
22	19547	4
22	19548	4
22	19549	4
22	19550	4
22	19551	4
22	19552	4
22	19553	4
22	19554	4
22	19555	4
22	19556	4
22	19557	4
22	19558	4
22	19559	4
22	19560	4
22	19561	4
22	19562	4
22	19563	4
22	19564	4
22	19565	4
22	19566	4
22	19567	4
22	19568	4
22	19569	4
22	19570	4
22	19571	4
22	19572	4
22	19573	4
22	19574	4
22	19575	4
22	19576	5
22	19577	5
22	19578	5
22	19579	5
22	19580	5
22	19581	5
22	19582	5
22	19583	5
22	19584	6
22	19585	6
22	19586	6
22	19587	6
22	19588	6
22	19589	6
22	19590	6
22	19591	7
22	19592	7
22	19593	7
22	19594	7
22	19595	7
22	19596	7
22	19597	7
22	19598	7
22	19599	6
22	19600	6
22	19601	7
22	19602	7
22	19603	7
22	19604	7
22	19605	7
22	19606	7
22	19607	7
22	19608	7
22	19609	7
22	19610	7
22	19611	7
22	19612	7
22	19613	7
22	19614	7
22	19615	7
22	19616	7
22	19617	7
22	19618	7
22	19619	7
22	19620	10
22	19621	10
22	19622	10
22	19623	9
22	19624	9
22	19625	9
22	19626	9
22	19627	9
22	19628	9
22	19629	9
22	19630	9
22	19631	9
22	19632	9
22	19633	9
22	19634	8
22	19635	8
22	19636	8
22	19637	8
22	19638	8
22	19639	8
22	19640	10
22	19641	10
22	19642	10
22	19643	10
22	19644	10
22	19645	10
22	19646	10
22	19647	10
22	19648	10
22	19649	10
22	19650	10
22	19651	10
22	19652	10
22	19653	10
22	19654	10
22	19655	10
22	19656	10
22	19657	10
22	19658	10
22	19659	10
22	19660	10
22	19661	10
22	19662	10
22	19663	10
22	19664	11
22	19665	11
22	19666	11
22	19667	11
22	19668	11
22	19669	11
22	19670	11
22	19671	11
22	19672	11
22	19673	11
22	19674	11
22	19675	11
22	19676	11
22	19677	11
22	19678	11
22	19679	11
22	19680	11
22	19681	11
22	19682	11
22	19683	11
22	19684	11
22	19685	11
22	19686	12
22	19687	12
22	19688	12
22	19689	12
22	19690	12
22	19691	12
22	19692	12
22	19693	12
22	19694	12
22	19695	12
22	19696	12
22	19697	12
22	19698	12
22	19699	12
22	19700	12
22	19701	12
22	19702	12
22	19703	12
22	19704	12
22	19705	12
22	19706	12
22	19707	12
22	19708	12
22	19709	12
22	19710	12
22	19711	12
22	19712	12
22	19713	12
22	19714	12
22	19715	12
22	19716	12
22	19717	12
22	19718	12
22	19719	12
22	19720	12
22	19721	12
22	19722	12
22	19723	12
22	19724	12
22	19725	11
22	19726	11
22	19727	11
22	19728	11
22	19729	11
22	19730	11
22	19731	11
22	19732	11
22	19733	11
22	19734	10
22	19735	10
22	19736	10
22	19737	10
22	19738	10
22	19739	10
22	19740	10
22	19741	9
22	19742	8
22	19743	8
22	19744	8
22	19745	8
22	19746	8
22	19747	8
22	19748	8
22	19749	8
22	19750	7
22	19751	7
22	19752	7
22	19753	7
22	19754	7
22	19755	7
22	19756	7
22	19757	7
22	19758	7
22	19759	7
22	19760	7
22	19761	7
22	19762	7
22	19763	7
22	19764	7
22	19765	7
22	19766	7
22	19767	7
22	19768	4
22	19769	4
22	19770	4
22	19771	4
22	19772	4
22	19773	4
22	19774	4
22	19775	4
22	19776	4
22	19777	4
22	19778	4
22	19779	4
22	19780	2
22	19781	2
22	19782	2
22	19783	2
22	19784	2
22	19785	2
22	19786	2
22	19787	2
22	19788	2
22	19789	2
22	19790	2
22	19791	2
22	19792	2
22	19793	2
22	19794	2
22	19795	2
22	19796	4
22	19797	4
22	19798	4
22	19799	4
22	19800	4
22	19801	4
22	19802	4
22	19803	4
22	19804	4
22	19805	4
22	19806	4
22	19807	5
22	19808	5
22	19809	5
22	19810	6
22	19811	6
22	19812	6
22	19813	6
22	19814	5
22	19815	5
22	19816	5
22	19817	5
22	19818	5
22	19819	5
22	19820	5
22	19821	5
22	19822	5
22	19823	5
22	19824	5
22	19825	5
22	19826	5
22	19827	5
22	19828	5
22	19829	5
22	19830	5
22	19831	5
22	19832	5
22	19833	5
22	19834	5
22	19835	4
22	19836	4
22	19837	4
22	19838	4
22	19839	4
22	19840	4
22	19841	5
22	19842	5
22	19843	5
22	19844	5
22	19845	7
22	19846	7
22	19847	9
22	19848	9
22	19849	9
22	19850	9
22	19851	9
22	19852	9
22	19853	9
22	19854	9
22	19855	9
22	19856	9
22	19857	9
22	19858	9
22	19859	9
22	19860	9
22	19861	9
22	19862	9
22	19863	9
22	19864	10
22	19865	10
22	19866	10
22	19867	10
22	19868	10
22	19869	10
22	19870	10
22	19871	10
22	19872	10
22	19873	10
22	19874	10
22	19875	10
22	19876	10
22	19877	11
22	19878	11
22	19879	11
22	19880	11
22	19881	11
22	19882	12
22	19883	12
22	19884	12
22	19885	12
22	19886	12
22	19887	12
22	19888	12
22	19889	12
22	19890	12
22	19891	12
22	19892	12
22	19893	12
22	19894	13
22	19895	13
22	19896	13
22	19897	15
22	19898	15
22	19899	15
22	19900	15
22	19901	15
22	19902	15
22	19903	15
22	19904	15
22	19905	15
22	19906	15
22	19907	15
22	19908	15
22	19909	15
22	19910	15
22	19911	15
22	19912	15
22	19913	15
22	19914	15
22	19915	15
22	19916	15
22	19917	15
22	19918	15
22	19919	15
22	19920	15
22	19921	15
22	19922	15
22	19923	15
22	19924	15
22	19925	15
22	19926	15
22	19927	15
22	19928	15
22	19929	15
22	19930	15
22	19931	15
22	19932	15
22	19933	15
22	19934	15
22	19935	15
22	19936	15
22	19937	15
22	19938	15
22	19939	15
22	19940	15
22	19941	15
22	19942	15
22	19943	15
22	19944	15
22	19945	13
22	19946	13
22	19947	13
22	19948	13
22	19949	13
22	19950	13
22	19951	13
22	19952	13
22	19953	13
22	19954	13
22	19955	13
22	19956	13
22	19957	12
22	19958	12
22	19959	11
22	19960	11
22	19961	11
22	19962	11
22	19963	11
22	19964	11
22	19965	11
22	19966	11
22	19967	11
22	19968	11
22	19969	11
22	19970	9
22	19971	9
22	19972	9
22	19973	9
22	19974	9
22	19975	9
22	19976	9
22	19977	9
22	19978	9
22	19979	9
22	19980	9
22	19981	8
22	19982	8
22	19983	8
22	19984	8
22	19985	8
22	19986	8
22	19987	8
22	19988	8
22	19989	8
22	19990	7
22	19991	7
22	19992	7
22	19993	7
22	19994	7
22	19995	7
22	19996	7
22	19997	5
22	19998	5
22	19999	5
22	20000	5
22	20001	5
22	20002	5
22	20003	5
22	20004	5
22	20005	5
22	20006	5
22	20007	7
22	20008	7
22	20009	7
22	20010	7
22	20011	7
22	20012	7
22	20013	7
22	20014	6
22	20015	6
22	20016	6
22	20017	8
22	20018	8
22	20019	8
22	20020	8
22	20021	8
22	20022	8
22	20023	8
22	20024	8
22	20025	8
22	20026	8
22	20027	10
22	20028	10
22	20029	10
22	20030	10
22	20031	10
22	20032	10
22	20033	10
22	20034	10
22	20035	10
22	20036	10
22	20037	10
22	20038	11
22	20039	12
22	20040	12
22	20041	12
22	20042	12
22	20043	12
22	20044	11
22	20045	11
22	20046	11
22	20047	9
22	20048	9
22	20049	10
22	20050	10
22	20051	10
22	20052	10
22	20053	10
22	20054	10
22	20055	10
22	20056	10
22	20057	10
22	20058	10
22	20059	10
22	20060	10
22	20061	10
22	20062	10
22	20063	10
22	20064	10
22	20065	10
22	20066	10
22	20067	10
22	20068	10
22	20069	10
22	20070	10
22	20071	10
22	20072	10
22	20073	10
22	20074	10
22	20075	10
22	20076	10
22	20077	10
22	20078	10
22	20079	10
22	20080	11
22	20081	11
22	20082	11
22	20083	11
22	20084	11
22	20085	11
22	20086	11
22	20087	11
22	20088	11
22	20089	11
22	20090	11
22	20091	11
22	20092	11
22	20093	11
22	20094	11
22	20095	11
22	20096	11
22	20097	11
22	20098	11
22	20099	11
22	20100	11
22	20101	11
22	20102	11
22	20103	11
22	20104	11
22	20105	11
22	20106	11
22	20107	11
22	20108	11
22	20109	11
22	20110	11
22	20111	11
22	20112	11
22	20113	12
22	20114	12
22	20115	12
22	20116	12
22	20117	12
22	20118	12
22	20119	13
22	20120	13
22	20121	13
22	20122	13
22	20123	13
22	20124	13
22	20125	13
22	20126	13
22	20127	13
22	20128	13
22	20129	13
22	20130	13
22	20131	13
22	20132	13
22	20133	13
22	20134	14
22	20135	14
22	20136	14
22	20137	14
22	20138	14
22	20139	14
22	20140	14
22	20141	14
22	20142	14
22	20143	14
22	20144	14
22	20145	14
22	20146	16
22	20147	17
22	20148	19
22	20149	19
22	20150	19
22	20151	19
22	20152	19
22	20153	19
22	20154	19
22	20155	19
22	20156	19
22	20157	17
22	20158	17
22	20159	17
22	20160	17
22	20161	18
22	20162	18
22	20163	18
22	20164	18
22	20165	18
22	20166	18
22	20167	16
22	20168	16
22	20169	16
22	20170	16
22	20171	16
22	20172	16
22	20173	16
22	20174	16
22	20175	16
22	20176	13
22	20177	13
22	20178	13
22	20179	13
22	20180	13
22	20181	13
22	20182	13
22	20183	13
22	20184	13
22	20185	13
22	20186	13
22	20187	12
22	20188	12
22	20189	11
22	20190	11
22	20191	11
22	20192	11
22	20193	11
22	20194	11
22	20195	11
22	20196	11
22	20197	11
22	20198	11
22	20199	10
22	20200	10
22	20201	10
22	20202	10
22	20203	10
22	20204	10
22	20205	10
22	20206	10
22	20207	10
22	20208	10
22	20209	10
22	20210	10
22	20211	10
22	20212	10
22	20213	10
22	20214	10
22	20215	10
22	20216	10
22	20217	10
22	20218	10
22	20219	10
22	20220	10
22	20221	10
22	20222	10
22	20223	10
22	20224	10
22	20225	10
22	20226	10
22	20227	10
22	20228	10
22	20229	10
22	20230	9
22	20231	9
22	20232	9
22	20233	9
22	20234	9
22	20235	9
22	20236	9
22	20237	9
22	20238	9
22	20239	9
22	20240	9
22	20241	9
22	20242	9
22	20243	9
22	20244	9
22	20245	9
22	20246	9
22	20247	9
22	20248	9
22	20249	9
22	20250	9
22	20251	9
22	20252	9
22	20253	9
22	20254	9
22	20255	9
22	20256	9
22	20257	10
22	20258	10
22	20259	10
22	20260	10
22	20261	10
22	20262	10
22	20263	9
22	20264	10
22	20265	13
22	20266	13
22	20267	13
22	20268	13
22	20269	12
22	20270	13
22	20271	13
22	20272	13
22	20273	13
22	20274	13
22	20275	14
22	20276	14
22	20277	14
22	20278	14
22	20279	14
22	20280	15
22	20281	15
22	20282	15
22	20283	15
22	20284	14
22	20285	14
22	20286	14
22	20287	14
22	20288	14
22	20289	14
22	20290	16
22	20291	16
22	20292	16
22	20293	18
22	20294	18
22	20295	18
22	20296	16
22	20297	15
22	20298	13
22	20299	13
22	20300	13
22	20301	13
22	20302	13
22	20303	14
22	20304	14
22	20305	14
22	20306	14
22	20307	14
22	20308	14
22	20309	14
22	20310	13
22	20311	13
22	20312	13
22	20313	13
22	20314	13
22	20315	13
22	20316	13
22	20317	13
22	20318	13
22	20319	13
22	20320	13
22	20321	13
22	20322	13
22	20323	13
22	20324	13
22	20325	13
22	20326	13
22	20327	13
22	20328	13
22	20329	13
22	20330	13
22	20331	13
22	20332	13
22	20333	13
22	20334	13
22	20335	13
22	20336	13
22	20337	13
22	20338	13
22	20339	13
22	20340	13
22	20341	13
22	20342	13
22	20343	13
22	20344	13
22	20345	13
22	20346	15
22	20347	15
22	20348	15
22	20349	15
22	20350	15
22	20351	15
22	20352	15
22	20353	15
22	20354	15
22	20355	15
22	20356	15
22	20357	15
22	20358	15
22	20359	15
22	20360	15
22	20361	15
22	20362	15
22	20363	15
22	20364	15
22	20365	15
22	20366	15
22	20367	15
22	20368	15
22	20369	15
22	20370	15
22	20371	16
22	20372	16
22	20373	16
22	20374	16
22	20375	16
22	20376	16
22	20377	16
22	20378	14
22	20379	14
22	20380	14
22	20381	14
22	20382	14
22	20383	14
22	20384	14
22	20385	14
22	20386	14
22	20387	14
22	20388	14
22	20389	14
22	20390	14
22	20391	14
22	20392	14
22	20393	14
22	20394	14
22	20395	14
22	20396	14
22	20397	14
22	20398	14
22	20399	14
22	20400	14
22	20401	14
22	20402	14
22	20403	14
22	20404	14
22	20405	13
22	20406	13
22	20407	13
22	20408	13
22	20409	13
22	20410	13
22	20411	13
22	20412	13
22	20413	12
22	20414	12
22	20415	11
22	20416	11
22	20417	11
22	20418	11
22	20419	10
22	20420	10
22	20421	10
22	20422	10
22	20423	10
22	20424	10
22	20425	9
22	20426	9
22	20427	9
22	20428	9
22	20429	9
22	20430	8
22	20431	8
22	20432	10
22	20433	10
22	20434	10
22	20435	10
22	20436	10
22	20437	10
22	20438	10
22	20439	10
22	20440	8
22	20441	8
22	20442	6
22	20443	6
22	20444	7
22	20445	7
22	20446	7
22	20447	7
22	20448	7
22	20449	7
22	20450	7
22	20451	7
22	20452	7
22	20453	6
22	20454	6
22	20455	6
22	20456	6
22	20457	6
22	20458	6
22	20459	6
22	20460	6
22	20461	6
22	20462	6
22	20463	6
22	20464	6
22	20465	6
22	20466	6
22	20467	6
22	20468	6
22	20469	6
22	20470	6
22	20471	6
22	20472	6
22	20473	6
22	20474	6
22	20475	6
22	20476	6
22	20477	6
22	20478	6
22	20479	6
22	20480	6
22	20481	8
22	20482	8
22	20483	8
22	20484	9
22	20485	9
22	20486	9
22	20487	9
22	20488	9
22	20489	9
22	20490	9
22	20491	9
22	20492	9
22	20493	9
22	20494	9
22	20495	9
22	20496	7
22	20497	7
22	20498	7
22	20499	7
22	20500	7
22	20501	7
22	20502	7
22	20503	7
22	20504	7
22	20505	7
22	20506	7
22	20507	7
22	20508	7
22	20509	7
22	20510	7
22	20511	7
22	20512	7
22	20513	7
22	20514	7
22	20515	7
22	20516	7
22	20517	7
22	20518	7
22	20519	7
22	20520	6
22	20521	6
22	20522	6
22	20523	6
22	20524	6
22	20525	6
22	20526	6
22	20527	6
22	20528	7
22	20529	7
22	20530	7
22	20531	7
22	20532	7
22	20533	7
22	20534	7
22	20535	7
22	20536	7
22	20537	7
22	20538	7
22	20539	7
22	20540	7
22	20541	7
22	20542	7
22	20543	7
22	20544	7
22	20545	7
22	20546	7
22	20547	7
22	20548	7
22	20549	7
22	20550	7
22	20551	7
22	20552	7
22	20553	7
22	20554	8
22	20555	8
22	20556	8
22	20557	8
22	20558	8
22	20559	8
22	20560	8
22	20561	8
22	20562	8
22	20563	8
22	20564	8
22	20565	8
22	20566	8
22	20567	9
22	20568	9
22	20569	9
22	20570	9
22	20571	9
22	20572	9
22	20573	9
22	20574	9
22	20575	9
22	20576	9
22	20577	9
22	20578	9
22	20579	11
22	20580	11
22	20581	9
22	20582	9
22	20583	9
22	20584	9
22	20585	9
22	20586	9
22	20587	9
22	20588	9
22	20589	9
22	20590	9
22	20591	9
22	20592	9
22	20593	8
22	20594	8
22	20595	8
22	20596	8
22	20597	8
22	20598	8
22	20599	9
22	20600	9
22	20601	9
22	20602	9
22	20603	9
22	20604	9
22	20605	10
22	20606	10
22	20607	10
22	20608	10
22	20609	10
22	20610	10
22	20611	10
22	20612	10
22	20613	10
22	20614	10
22	20615	10
22	20616	10
22	20617	10
22	20618	10
22	20619	10
22	20620	10
22	20621	10
22	20622	10
22	20623	10
22	20624	10
22	20625	10
22	20626	10
22	20627	10
22	20628	10
22	20629	10
22	20630	10
22	20631	8
22	20632	8
22	20633	8
22	20634	7
22	20635	7
22	20636	7
22	20637	7
22	20638	8
22	20639	8
22	20640	8
22	20641	8
22	20642	8
22	20643	8
22	20644	8
22	20645	8
22	20646	8
22	20647	8
22	20648	8
22	20649	10
22	20650	11
22	20651	11
22	20652	11
22	20653	11
22	20654	11
22	20655	11
22	20656	11
22	20657	11
22	20658	11
22	20659	11
22	20660	11
22	20661	11
22	20662	11
22	20663	11
22	20664	11
22	20665	11
22	20666	11
22	20667	11
22	20668	11
22	20669	15
22	20670	15
22	20671	15
22	20672	15
22	20673	15
22	20674	15
22	20675	15
22	20676	15
22	20677	14
22	20678	14
22	20679	14
22	20680	14
22	20681	14
22	20682	14
22	20683	13
22	20684	14
22	20685	14
22	20686	14
22	20687	14
22	20688	14
22	20689	14
22	20690	14
22	20691	14
22	20692	14
22	20693	14
22	20694	14
22	20695	14
22	20696	14
22	20697	14
22	20698	14
22	20699	14
22	20700	14
22	20701	14
22	20702	14
22	20703	13
22	20704	13
22	20705	13
22	20706	13
22	20707	13
22	20708	13
22	20709	13
22	20710	13
22	20711	13
22	20712	13
22	20713	14
22	20714	14
22	20715	14
22	20716	14
22	20717	13
22	20718	14
22	20719	14
22	20720	14
22	20721	14
22	20722	14
22	20723	14
22	20724	14
22	20725	14
22	20726	16
22	20727	16
22	20728	15
22	20729	14
22	20730	14
22	20731	14
22	20732	14
22	20733	14
22	20734	14
22	20735	14
22	20736	14
22	20737	14
22	20738	14
22	20739	13
22	20740	13
22	20741	16
22	20742	16
22	20743	16
22	20744	16
22	20745	16
22	20746	16
22	20747	16
22	20748	16
22	20749	16
22	20750	16
22	20751	16
22	20752	16
22	20753	16
22	20754	15
22	20755	15
22	20756	15
22	20757	15
22	20758	15
22	20759	15
22	20760	15
22	20761	15
22	20762	15
22	20763	15
22	20764	15
22	20765	15
22	20766	15
22	20767	15
22	20768	15
22	20769	15
22	20770	15
22	20771	15
22	20772	15
22	20773	15
22	20774	15
22	20775	15
22	20776	15
22	20777	15
22	20778	15
22	20779	15
22	20780	15
22	20781	15
22	20782	15
22	20783	15
22	20784	15
22	20785	15
22	20786	15
22	20787	14
22	20788	14
22	20789	14
22	20790	14
22	20791	14
22	20792	14
22	20793	14
22	20794	14
22	20795	14
22	20796	14
22	20797	13
22	20798	12
22	20799	11
22	20800	11
22	20801	11
22	20802	11
22	20803	11
22	20804	11
22	20805	11
22	20806	11
22	20807	9
22	20808	9
22	20809	9
22	20810	9
22	20811	7
22	20812	7
22	20813	7
22	20814	7
22	20815	7
22	20816	7
22	20817	7
22	20818	7
22	20819	7
22	20820	7
22	20821	7
22	20822	7
22	20823	7
22	20824	7
22	20825	7
22	20826	7
22	20827	7
22	20828	7
22	20829	7
22	20830	7
22	20831	7
22	20832	7
22	20833	7
22	20834	7
22	20835	7
22	20836	7
22	20837	8
22	20838	8
22	20839	8
22	20840	8
22	20841	8
22	20842	8
22	20843	8
22	20844	8
22	20845	8
22	20846	10
22	20847	10
22	20848	10
22	20849	10
22	20850	10
22	20851	10
22	20852	10
22	20853	10
22	20854	10
22	20855	10
22	20856	10
22	20857	10
22	20858	10
22	20859	10
22	20860	10
22	20861	10
22	20862	10
22	20863	9
22	20864	9
22	20865	10
22	20866	10
22	20867	9
22	20868	9
22	20869	9
22	20870	9
22	20871	9
22	20872	9
22	20873	10
22	20874	8
22	20875	8
22	20876	8
22	20877	8
22	20878	10
22	20879	9
22	20880	9
22	20881	9
22	20882	9
22	20883	9
22	20884	9
22	20885	9
22	20886	9
22	20887	7
22	20888	7
22	20889	8
22	20890	8
22	20891	8
22	20892	8
22	20893	9
22	20894	12
22	20895	12
22	20896	12
22	20897	12
22	20898	12
22	20899	12
22	20900	12
22	20901	12
22	20902	12
22	20903	12
22	20904	12
22	20905	15
22	20906	15
22	20907	15
22	20908	15
22	20909	15
22	20910	15
22	20911	15
22	20912	15
22	20913	16
22	20914	16
22	20915	16
22	20916	16
22	20917	14
22	20918	14
22	20919	14
22	20920	14
22	20921	14
22	20922	14
22	20923	14
22	20924	14
22	20925	14
22	20926	14
22	20927	14
22	20928	14
22	20929	14
22	20930	14
22	20931	14
22	20932	14
22	20933	14
22	20934	14
22	20935	14
22	20936	14
22	20937	14
22	20938	14
22	20939	14
22	20940	14
22	20941	14
22	20942	16
22	20943	16
22	20944	16
22	20945	16
22	20946	16
22	20947	16
22	20948	16
22	20949	17
22	20950	17
22	20951	17
22	20952	18
22	20953	18
22	20954	18
22	20955	18
22	20956	18
22	20957	18
22	20958	17
22	20959	18
22	20960	18
22	20961	18
22	20962	18
22	20963	18
22	20964	18
22	20965	18
22	20966	18
22	20967	18
22	20968	18
22	20969	18
22	20970	18
22	20971	18
22	20972	18
22	20973	18
22	20974	18
22	20975	18
22	20976	18
22	20977	18
22	20978	18
22	20979	18
22	20980	18
22	20981	18
22	20982	18
22	20983	18
22	20984	18
22	20985	18
22	20986	20
22	20987	20
22	20988	20
22	20989	20
22	20990	20
22	20991	20
22	20992	20
22	20993	20
22	20994	20
22	20995	20
22	20996	20
22	20997	20
22	20998	20
22	20999	20
22	21000	20
22	21001	20
22	21002	20
22	21003	20
22	21004	20
22	21005	20
22	21006	20
22	21007	20
22	21008	20
22	21009	20
22	21010	20
22	21011	20
22	21012	20
22	21013	20
22	21014	20
22	21015	19
22	21016	19
22	21017	19
22	21018	19
22	21019	19
22	21020	19
22	21021	19
22	21022	19
22	21023	18
22	21024	18
22	21025	18
22	21026	18
22	21027	16
22	21028	16
22	21029	16
22	21030	20
22	21031	20
22	21032	20
22	21033	20
22	21034	20
22	21035	20
22	21036	20
22	21037	20
22	21038	20
22	21039	19
22	21040	19
22	21041	19
22	21042	18
22	21043	18
22	21044	15
22	21045	15
22	21046	15
22	21047	15
22	21048	15
22	21049	15
22	21050	15
22	21051	15
22	21052	15
22	21053	14
22	21054	12
22	21055	12
22	21056	12
22	21057	12
22	21058	12
22	21059	12
22	21060	12
22	21061	12
22	21062	12
22	21063	11
22	21064	11
22	21065	11
22	21066	12
22	21067	12
22	21068	12
22	21069	12
22	21070	12
22	21071	12
22	21072	12
22	21073	12
22	21074	12
22	21075	12
22	21076	12
22	21077	12
22	21078	12
22	21079	12
22	21080	12
22	21081	12
22	21082	12
22	21083	12
22	21084	12
22	21085	13
22	21086	13
22	21087	13
22	21088	13
22	21089	14
22	21090	14
22	21091	14
22	21092	12
22	21093	12
22	21094	12
22	21095	12
22	21096	12
22	21097	12
22	21098	11
22	21099	11
22	21100	11
22	21101	10
22	21102	10
22	21103	10
22	21104	10
22	21105	10
22	21106	10
22	21107	10
22	21108	10
22	21109	10
22	21110	10
22	21111	10
22	21112	10
22	21113	10
22	21114	10
22	21115	10
22	21116	10
22	21117	10
22	21118	10
22	21119	10
22	21120	10
22	21121	10
22	21122	10
22	21123	10
22	21124	10
22	21125	10
22	21126	12
22	21127	13
22	21128	13
22	21129	13
22	21130	13
22	21131	13
22	21132	13
22	21133	13
22	21134	9
22	21135	7
22	21136	7
22	21137	6
22	21138	6
22	21139	6
22	21140	6
22	21141	6
22	21142	6
22	21143	7
22	21144	7
22	21145	7
22	21146	7
22	21147	7
22	21148	7
22	21149	7
22	21150	7
22	21151	7
22	21152	7
22	21153	7
22	21154	7
22	21155	7
22	21156	7
22	21157	7
22	21158	7
22	21159	7
22	21160	7
22	21161	7
22	21162	7
22	21163	7
22	21164	7
22	21165	7
22	21166	7
22	21167	7
22	21168	7
22	21169	7
22	21170	7
22	21171	7
22	21172	7
22	21173	7
22	21174	7
22	21175	7
22	21176	7
22	21177	7
22	21178	7
22	21179	7
22	21180	7
22	21181	7
22	21182	7
22	21183	7
22	21184	7
22	21185	7
22	21186	7
22	21187	7
22	21188	7
22	21189	7
22	21190	7
22	21191	7
22	21192	7
22	21193	7
22	21194	7
22	21195	7
22	21196	7
22	21197	7
22	21198	7
22	21199	7
22	21200	7
22	21201	7
22	21202	7
22	21203	7
22	21204	7
22	21205	7
22	21206	7
22	21207	7
22	21208	7
22	21209	7
22	21210	7
22	21211	7
22	21212	7
22	21213	7
22	21214	7
22	21215	7
22	21216	6
22	21217	6
22	21218	6
22	21219	6
22	21220	6
22	21221	6
22	21222	6
22	21223	6
22	21224	6
22	21225	6
22	21226	6
22	21227	6
22	21228	6
22	21229	6
22	21230	6
22	21231	6
22	21232	6
22	21233	6
22	21234	6
22	21235	5
22	21236	5
22	21237	6
22	21238	5
22	21239	5
22	21240	5
22	21241	5
22	21242	5
22	21243	5
22	21244	5
22	21245	5
22	21246	5
22	21247	5
22	21248	5
22	21249	5
22	21250	5
22	21251	6
22	21252	6
22	21253	6
22	21254	6
22	21255	6
22	21256	6
22	21257	6
22	21258	6
22	21259	6
22	21260	6
22	21261	6
22	21262	6
22	21263	6
22	21264	6
22	21265	6
22	21266	6
22	21267	6
22	21268	6
22	21269	6
22	21270	6
22	21271	6
22	21272	6
22	21273	6
22	21274	6
22	21275	6
22	21276	6
22	21277	5
22	21278	5
22	21279	5
22	21280	5
22	21281	5
22	21282	5
22	21283	5
22	21284	5
22	21285	5
22	21286	5
22	21287	5
22	21288	5
22	21289	5
22	21290	5
22	21291	5
22	21292	4
22	21293	4
22	21294	4
22	21295	4
22	21296	4
22	21297	4
22	21298	4
22	21299	4
22	21300	4
22	21301	4
22	21302	4
22	21303	4
22	21304	4
22	21305	4
22	21306	4
22	21307	4
22	21308	4
22	21309	4
22	21310	4
22	21311	4
22	21312	4
22	21313	4
22	21314	4
22	21315	4
22	21316	4
22	21317	4
22	21318	4
22	21319	4
22	21320	4
22	21321	4
22	21322	4
22	21323	4
22	21324	5
22	21325	5
22	21326	5
22	21327	5
22	21328	5
22	21329	5
22	21330	5
22	21331	5
22	21332	6
22	21333	6
22	21334	6
22	21335	6
22	21336	6
22	21337	6
22	21338	6
22	21339	6
22	21340	6
22	21341	6
22	21342	7
22	21343	7
22	21344	7
22	21345	7
22	21346	7
22	21347	7
22	21348	7
22	21349	7
22	21350	8
22	21351	8
22	21352	10
22	21353	10
22	21354	10
22	21355	10
22	21356	10
22	21357	10
22	21358	10
22	21359	10
22	21360	10
22	21361	10
22	21362	10
22	21363	10
22	21364	10
22	21365	11
22	21366	11
22	21367	11
22	21368	11
22	21369	11
22	21370	12
22	21371	12
22	21372	12
22	21373	12
22	21374	12
22	21375	12
22	21376	12
22	21377	12
22	21378	12
22	21379	12
22	21380	12
22	21381	12
22	21382	11
22	21383	11
22	21384	11
22	21385	11
22	21386	11
22	21387	11
22	21388	11
22	21389	11
22	21390	11
22	21391	12
22	21392	12
22	21393	12
22	21394	12
22	21395	12
22	21396	12
22	21397	11
22	21398	11
22	21399	11
22	21400	11
22	21401	11
22	21402	12
22	21403	13
22	21404	13
22	21405	13
22	21406	14
22	21407	14
22	21408	14
22	21409	14
22	21410	14
22	21411	14
22	21412	14
22	21413	14
22	21414	14
22	21415	14
22	21416	14
22	21417	14
22	21418	14
22	21419	14
22	21420	14
22	21421	14
22	21422	14
22	21423	14
22	21424	12
22	21425	12
22	21426	12
22	21427	12
22	21428	12
22	21429	12
22	21430	12
22	21431	12
22	21432	12
22	21433	12
22	21434	12
22	21435	12
22	21436	12
22	21437	12
22	21438	12
22	21439	12
22	21440	13
22	21441	13
22	21442	13
22	21443	13
22	21444	13
22	21445	13
22	21446	13
22	21447	13
22	21448	13
22	21449	13
22	21450	13
22	21451	13
22	21452	13
22	21453	13
22	21454	13
22	21455	13
22	21456	13
22	21457	13
22	21458	13
22	21459	13
22	21460	13
22	21461	13
22	21462	14
22	21463	14
22	21464	14
22	21465	14
22	21466	14
22	21467	14
22	21468	14
22	21469	14
22	21470	14
22	21471	14
22	21472	13
22	21473	13
22	21474	12
22	21475	12
22	21476	12
22	21477	12
22	21478	12
22	21479	12
22	21480	11
22	21481	11
22	21482	11
22	21483	12
22	21484	12
22	21485	12
22	21486	12
22	21487	12
22	21488	12
22	21489	12
22	21490	12
22	21491	12
22	21492	12
22	21493	12
22	21494	12
22	21495	12
22	21496	12
22	21497	12
22	21498	11
22	21499	11
22	21500	11
22	21501	11
22	21502	10
22	21503	10
22	21504	10
22	21505	10
22	21506	10
22	21507	10
22	21508	10
22	21509	10
22	21510	10
22	21511	10
22	21512	10
22	21513	10
22	21514	9
22	21515	9
22	21516	9
22	21517	9
22	21518	9
22	21519	10
22	21520	9
22	21521	9
22	21522	9
22	21523	9
22	21524	9
22	21525	9
22	21526	9
22	21527	9
22	21528	9
22	21529	9
22	21530	9
22	21531	9
22	21532	9
22	21533	9
22	21534	9
22	21535	9
22	21536	9
22	21537	9
22	21538	9
22	21539	10
22	21540	9
22	21541	9
22	21542	9
22	21543	9
22	21544	9
22	21545	9
22	21546	9
22	21547	9
22	21548	9
22	21549	8
22	21550	8
22	21551	8
22	21552	8
22	21553	7
22	21554	7
22	21555	7
22	21556	9
22	21557	9
22	21558	9
22	21559	9
22	21560	9
22	21561	9
22	21562	10
22	21563	10
22	21564	10
22	21565	10
22	21566	10
22	21567	10
22	21568	10
22	21569	9
22	21570	10
22	21571	10
22	21572	10
22	21573	10
22	21574	10
22	21575	10
22	21576	10
22	21577	10
22	21578	12
22	21579	12
22	21580	12
22	21581	12
22	21582	12
22	21583	14
22	21584	14
22	21585	14
22	21586	14
22	21587	14
22	21588	15
22	21589	14
22	21590	14
22	21591	14
22	21592	14
22	21593	14
22	21594	14
22	21595	14
22	21596	14
22	21597	14
22	21598	14
22	21599	14
22	21600	14
22	21601	14
22	21602	14
22	21603	14
22	21604	14
22	21605	14
22	21606	14
22	21607	14
22	21608	14
22	21609	14
22	21610	14
22	21611	14
22	21612	13
22	21613	14
22	21614	14
22	21615	14
22	21616	14
22	21617	14
22	21618	14
22	21619	14
22	21620	14
22	21621	14
22	21622	14
22	21623	14
22	21624	14
22	21625	14
22	21626	14
22	21627	14
22	21628	16
22	21629	16
22	21630	16
22	21631	16
22	21632	16
22	21633	15
22	21634	15
22	21635	15
22	21636	15
22	21637	15
22	21638	15
22	21639	15
22	21640	15
22	21641	15
22	21642	15
22	21643	15
22	21644	15
22	21645	15
22	21646	15
22	21647	15
22	21648	15
22	21649	15
22	21650	15
22	21651	15
22	21652	14
22	21653	14
22	21654	14
22	21655	14
22	21656	14
22	21657	14
22	21658	14
22	21659	14
22	21660	15
22	21661	15
22	21662	15
22	21663	15
22	21664	15
22	21665	15
22	21666	15
22	21667	15
22	21668	15
22	21669	14
22	21670	14
22	21671	14
22	21672	15
22	21673	15
22	21674	15
22	21675	15
22	21676	15
22	21677	15
22	21678	15
22	21679	15
22	21680	15
22	21681	15
22	21682	15
22	21683	15
22	21684	15
22	21685	15
22	21686	16
22	21687	15
22	21688	15
22	21689	15
22	21690	15
22	21691	15
22	21692	15
22	21693	15
22	21694	15
22	21695	15
22	21696	15
22	21697	17
22	21698	17
22	21699	17
22	21700	17
22	21701	17
22	21702	17
22	21703	17
22	21704	17
22	21705	18
22	21706	15
22	21707	15
22	21708	15
22	21709	15
22	21710	15
22	21711	15
22	21712	15
22	21713	14
22	21714	14
22	21715	14
22	21716	14
22	21717	14
22	21718	14
22	21719	14
22	21720	14
22	21721	14
22	21722	14
22	21723	14
22	21724	14
22	21725	14
22	21726	14
22	21727	12
22	21728	12
22	21729	12
22	21730	12
22	21731	12
22	21732	12
22	21733	10
22	21734	10
22	21735	10
22	21736	10
22	21737	10
22	21738	10
22	21739	10
22	21740	10
22	21741	10
22	21742	10
22	21743	10
22	21744	10
22	21745	10
22	21746	10
22	21747	10
22	21748	10
22	21749	10
22	21750	10
22	21751	10
22	21752	10
22	21753	10
22	21754	11
22	21755	11
22	21756	11
22	21757	12
22	21758	12
22	21759	12
22	21760	12
22	21761	12
22	21762	12
22	21763	11
22	21764	11
22	21765	11
22	21766	11
22	21767	11
22	21768	12
22	21769	12
22	21770	12
22	21771	12
22	21772	12
22	21773	12
22	21774	12
22	21775	12
22	21776	11
22	21777	10
22	21778	10
22	21779	10
22	21780	10
22	21781	10
22	21782	10
22	21783	10
22	21784	10
22	21785	10
22	21786	10
22	21787	10
22	21788	10
22	21789	10
22	21790	11
22	21791	11
22	21792	11
22	21793	11
22	21794	11
22	21795	12
22	21796	12
22	21797	12
22	21798	12
22	21799	12
22	21800	12
22	21801	12
22	21802	12
22	21803	12
22	21804	12
22	21805	12
22	21806	12
22	21807	12
22	21808	12
22	21809	12
22	21810	11
22	21811	11
22	21812	11
22	21813	11
22	21814	11
22	21815	11
22	21816	11
22	21817	11
22	21818	11
22	21819	11
22	21820	11
22	21821	11
22	21822	10
22	21823	10
22	21824	10
22	21825	10
22	21826	10
22	21827	11
22	21828	11
22	21829	11
22	21830	11
22	21831	11
22	21832	11
22	21833	11
22	21834	11
22	21835	11
22	21836	10
22	21837	10
22	21838	10
22	21839	10
22	21840	10
22	21841	10
22	21842	10
22	21843	10
22	21844	10
22	21845	10
22	21846	10
22	21847	8
22	21848	9
22	21849	9
22	21850	9
22	21851	9
22	21852	9
22	21853	9
22	21854	9
22	21855	8
22	21856	8
22	21857	8
22	21858	8
22	21859	8
22	21860	8
22	21861	9
22	21862	9
22	21863	9
22	21864	9
22	21865	9
22	21866	11
22	21867	11
22	21868	11
22	21869	11
22	21870	11
22	21871	11
22	21872	11
22	21873	11
22	21874	11
22	21875	11
22	21876	11
22	21877	11
22	21878	11
22	21879	11
22	21880	11
22	21881	11
22	21882	11
22	21883	11
22	21884	11
22	21885	11
22	21886	11
22	21887	10
22	21888	10
22	21889	10
22	21890	10
22	21891	10
22	21892	10
22	21893	10
22	21894	10
22	21895	10
22	21896	10
22	21897	10
22	21898	10
22	21899	11
22	21900	11
22	21901	11
22	21902	11
22	21903	11
22	21904	10
22	21905	10
22	21906	10
22	21907	9
22	21908	9
22	21909	9
22	21910	9
22	21911	9
22	21912	9
22	21913	9
22	21914	9
22	21915	10
22	21916	10
22	21917	10
22	21918	9
22	21919	9
22	21920	9
22	21921	9
22	21922	9
22	21923	9
22	21924	9
22	21925	9
22	21926	9
22	21927	9
22	21928	9
22	21929	9
22	21930	9
22	21931	9
22	21932	9
22	21933	9
22	21934	9
22	21935	9
22	21936	9
22	21937	9
22	21938	9
22	21939	9
22	21940	8
22	21941	8
22	21942	8
22	21943	8
22	21944	8
22	21945	7
22	21946	7
22	21947	7
22	21948	7
22	21949	7
22	21950	7
22	21951	7
22	21952	7
22	21953	7
22	21954	7
22	21955	7
22	21956	7
22	21957	7
22	21958	7
22	21959	7
22	21960	7
22	21961	7
22	21962	7
22	21963	7
22	21964	7
22	21965	7
22	21966	7
22	21967	7
22	21968	7
22	21969	7
22	21970	7
22	21971	7
22	21972	7
22	21973	7
22	21974	7
22	21975	8
22	21976	7
22	21977	7
22	21978	8
22	21979	9
22	21980	9
22	21981	10
22	21982	10
22	21983	10
22	21984	11
22	21985	12
22	21986	12
22	21987	12
22	21988	12
22	21989	12
22	21990	12
22	21991	12
22	21992	12
22	21993	12
22	21994	12
22	21995	12
22	21996	12
22	21997	11
22	21998	11
22	21999	11
22	22000	11
22	22001	11
22	22002	11
22	22003	11
22	22004	11
22	22005	11
22	22006	12
22	22007	12
22	22008	12
22	22009	12
22	22010	11
22	22011	11
22	22012	11
22	22013	11
22	22014	11
22	22015	12
22	22016	10
22	22017	10
22	22018	10
22	22019	10
22	22020	10
22	22021	10
22	22022	10
22	22023	10
22	22024	10
22	22025	10
22	22026	10
22	22027	10
22	22028	10
22	22029	10
22	22030	10
22	22031	10
22	22032	10
22	22033	10
22	22034	10
22	22035	10
22	22036	10
22	22037	10
22	22038	10
22	22039	10
22	22040	10
22	22041	10
22	22042	10
22	22043	10
22	22044	10
22	22045	10
22	22046	10
22	22047	9
22	22048	10
22	22049	10
22	22050	10
22	22051	10
22	22052	10
22	22053	10
22	22054	10
22	22055	10
22	22056	10
22	22057	10
22	22058	10
22	22059	10
22	22060	10
22	22061	10
22	22062	10
22	22063	10
22	22064	10
22	22065	9
22	22066	9
22	22067	9
22	22068	9
22	22069	9
22	22070	9
22	22071	9
22	22072	9
22	22073	9
22	22074	9
22	22075	9
22	22076	11
22	22077	12
22	22078	12
22	22079	12
22	22080	12
22	22081	12
22	22082	12
22	22083	12
22	22084	12
22	22085	12
22	22086	12
22	22087	12
22	22088	12
22	22089	13
22	22090	13
22	22091	13
22	22092	13
22	22093	13
22	22094	13
22	22095	13
22	22096	13
22	22097	14
22	22098	15
22	22099	15
22	22100	15
22	22101	15
22	22102	15
22	22103	15
22	22104	15
22	22105	16
22	22106	16
22	22107	16
22	22108	16
22	22109	16
22	22110	16
22	22111	16
22	22112	16
22	22113	16
22	22114	16
22	22115	16
22	22116	16
22	22117	16
22	22118	16
22	22119	16
22	22120	16
22	22121	16
22	22122	16
22	22123	16
22	22124	15
22	22125	16
22	22126	16
22	22127	15
22	22128	15
22	22129	14
22	22130	14
22	22131	13
22	22132	13
22	22133	13
22	22134	12
22	22135	11
22	22136	11
22	22137	11
22	22138	11
22	22139	11
22	22140	12
22	22141	12
22	22142	12
22	22143	12
22	22144	12
22	22145	12
22	22146	12
22	22147	12
22	22148	12
22	22149	12
22	22150	12
22	22151	12
22	22152	12
22	22153	12
22	22154	12
22	22155	11
22	22156	11
22	22157	11
22	22158	11
22	22159	11
22	22160	11
22	22161	11
22	22162	11
22	22163	12
22	22164	11
22	22165	11
22	22166	11
22	22167	11
22	22168	11
22	22169	11
22	22170	11
22	22171	11
22	22172	11
22	22173	11
22	22174	11
22	22175	11
22	22176	11
22	22177	11
22	22178	11
22	22179	11
22	22180	11
22	22181	12
22	22182	12
22	22183	12
22	22184	12
22	22185	12
22	22186	12
22	22187	12
22	22188	12
22	22189	12
22	22190	12
22	22191	12
22	22192	12
22	22193	12
22	22194	12
22	22195	12
22	22196	12
22	22197	12
22	22198	11
22	22199	11
22	22200	11
22	22201	11
22	22202	11
22	22203	11
22	22204	11
22	22205	11
22	22206	11
22	22207	11
22	22208	11
22	22209	11
22	22210	11
22	22211	11
22	22212	11
22	22213	11
22	22214	11
22	22215	11
22	22216	11
22	22217	11
22	22218	11
22	22219	11
22	22220	10
22	22221	10
22	22222	10
22	22223	10
22	22224	10
22	22225	8
22	22226	8
22	22227	8
22	22228	8
22	22229	8
22	22230	8
22	22231	8
22	22232	8
22	22233	8
22	22234	8
22	22235	8
22	22236	8
22	22237	8
22	22238	7
22	22239	7
22	22240	7
22	22241	7
22	22242	7
22	22243	7
22	22244	7
22	22245	7
22	22246	7
22	22247	6
22	22248	5
22	22249	5
22	22250	5
22	22251	5
22	22252	5
22	22253	5
22	22254	4
22	22255	4
22	22256	4
22	22257	4
22	22258	4
22	22259	4
22	22260	4
22	22261	4
22	22262	4
22	22263	4
22	22264	4
22	22265	5
22	22266	5
22	22267	5
22	22268	5
22	22269	5
22	22270	5
22	22271	5
22	22272	5
22	22273	5
22	22274	4
22	22275	4
22	22276	4
22	22277	4
22	22278	4
22	22279	7
22	22280	7
22	22281	7
22	22282	7
22	22283	7
22	22284	7
22	22285	7
22	22286	7
22	22287	7
22	22288	6
22	22289	6
22	22290	6
22	22291	6
22	22292	6
22	22293	6
22	22294	6
22	22295	6
22	22296	6
22	22297	6
22	22298	6
22	22299	6
22	22300	6
22	22301	6
22	22302	6
22	22303	6
22	22304	8
22	22305	8
22	22306	8
22	22307	8
22	22308	8
22	22309	8
22	22310	9
22	22311	9
22	22312	8
22	22313	8
22	22314	8
22	22315	8
22	22316	8
22	22317	8
22	22318	8
22	22319	8
22	22320	8
22	22321	8
22	22322	8
22	22323	8
22	22324	8
22	22325	8
22	22326	9
22	22327	9
22	22328	9
22	22329	9
22	22330	8
22	22331	8
22	22332	7
22	22333	7
22	22334	10
22	22335	10
22	22336	10
22	22337	10
22	22338	10
22	22339	11
22	22340	11
22	22341	11
22	22342	11
22	22343	11
22	22344	11
22	22345	11
22	22346	11
22	22347	11
22	22348	11
22	22349	11
22	22350	11
22	22351	11
22	22352	11
22	22353	11
22	22354	11
22	22355	11
22	22356	11
22	22357	11
22	22358	12
22	22359	12
22	22360	12
22	22361	12
22	22362	12
22	22363	12
22	22364	12
22	22365	12
22	22366	12
22	22367	12
22	22368	12
22	22369	12
22	22370	12
22	22371	12
22	22372	12
22	22373	12
22	22374	13
22	22375	13
22	22376	14
22	22377	14
22	22378	14
22	22379	14
22	22380	14
22	22381	14
22	22382	14
22	22383	14
22	22384	14
22	22385	14
22	22386	14
22	22387	14
22	22388	14
22	22389	14
22	22390	14
22	22391	14
22	22392	14
22	22393	14
22	22394	14
22	22395	14
22	22396	16
22	22397	16
22	22398	16
22	22399	16
22	22400	16
22	22401	16
22	22402	16
22	22403	16
22	22404	16
22	22405	16
22	22406	16
22	22407	16
22	22408	16
22	22409	16
22	22410	16
22	22411	16
22	22412	16
22	22413	16
22	22414	16
22	22415	16
22	22416	17
22	22417	17
22	22418	17
22	22419	17
22	22420	17
22	22421	18
22	22422	18
22	22423	18
22	22424	18
22	22425	18
22	22426	18
22	22427	18
22	22428	18
22	22429	15
22	22430	15
22	22431	15
22	22432	16
22	22433	16
22	22434	16
22	22435	16
22	22436	18
22	22437	18
22	22438	18
22	22439	18
22	22440	18
22	22441	18
22	22442	18
22	22443	18
22	22444	18
22	22445	18
22	22446	18
22	22447	18
22	22448	18
22	22449	18
22	22450	18
22	22451	18
22	22452	18
22	22453	16
22	22454	16
22	22455	16
22	22456	16
22	22457	16
22	22458	16
22	22459	16
22	22460	15
22	22461	15
22	22462	15
22	22463	15
22	22464	15
22	22465	15
22	22466	15
22	22467	15
22	22468	15
22	22469	15
22	22470	15
22	22471	15
22	22472	15
22	22473	15
22	22474	15
22	22475	15
22	22476	14
22	22477	16
22	22478	16
22	22479	16
22	22480	16
22	22481	16
22	22482	16
22	22483	13
22	22484	13
22	22485	13
22	22486	13
22	22487	13
22	22488	13
22	22489	13
22	22490	13
22	22491	13
22	22492	13
22	22493	13
22	22494	13
22	22495	13
22	22496	13
22	22497	13
22	22498	13
22	22499	13
22	22500	13
22	22501	13
22	22502	13
22	22503	13
22	22504	13
22	22505	13
22	22506	13
22	22507	12
22	22508	12
22	22509	14
22	22510	14
22	22511	15
22	22512	15
22	22513	15
22	22514	15
22	22515	15
22	22516	15
22	22517	15
22	22518	15
22	22519	15
22	22520	15
22	22521	15
22	22522	15
22	22523	14
22	22524	14
22	22525	14
22	22526	13
22	22527	13
22	22528	13
22	22529	13
22	22530	13
22	22531	13
22	22532	13
22	22533	13
22	22534	13
22	22535	13
22	22536	13
22	22537	14
22	22538	14
22	22539	14
22	22540	14
22	22541	14
22	22542	14
22	22543	14
22	22544	14
22	22545	14
22	22546	12
22	22547	12
22	22548	12
22	22549	12
22	22550	12
22	22551	12
22	22552	12
22	22553	12
22	22554	12
22	22555	12
22	22556	12
22	22557	12
22	22558	12
22	22559	15
22	22560	15
22	22561	15
22	22562	14
22	22563	14
22	22564	14
22	22565	14
22	22566	13
22	22567	14
22	22568	14
22	22569	14
22	22570	14
22	22571	13
22	22572	13
22	22573	14
22	22574	14
22	22575	14
22	22576	13
22	22577	13
22	22578	13
22	22579	13
22	22580	13
22	22581	12
22	22582	13
22	22583	14
22	22584	14
22	22585	14
22	22586	12
22	22587	12
22	22588	12
22	22589	12
22	22590	12
22	22591	12
22	22592	12
22	22593	12
22	22594	12
22	22595	12
22	22596	12
22	22597	12
22	22598	12
22	22599	13
22	22600	13
22	22601	14
22	22602	14
22	22603	14
22	22604	14
22	22605	14
22	22606	14
22	22607	14
22	22608	14
22	22609	16
22	22610	16
22	22611	16
22	22612	16
22	22613	16
22	22614	16
22	22615	16
22	22616	16
22	22617	16
22	22618	16
22	22619	16
22	22620	16
22	22621	16
22	22622	16
22	22623	16
22	22624	15
22	22625	16
22	22626	16
22	22627	16
22	22628	16
22	22629	16
22	22630	16
22	22631	16
22	22632	16
22	22633	16
22	22634	16
22	22635	16
22	22636	16
22	22637	16
22	22638	16
22	22639	16
22	22640	16
22	22641	16
22	22642	16
22	22643	16
22	22644	16
22	22645	16
22	22646	16
22	22647	16
22	22648	16
22	22649	16
22	22650	16
22	22651	16
22	22652	16
22	22653	16
22	22654	16
22	22655	16
22	22656	16
22	22657	16
22	22658	14
22	22659	14
22	22660	13
22	22661	13
22	22662	13
22	22663	13
22	22664	13
22	22665	13
22	22666	13
22	22667	13
22	22668	13
22	22669	13
22	22670	13
22	22671	13
22	22672	13
22	22673	13
22	22674	13
22	22675	13
22	22676	13
22	22677	13
22	22678	13
22	22679	13
22	22680	13
22	22681	13
22	22682	13
22	22683	13
22	22684	13
22	22685	13
22	22686	13
22	22687	12
22	22688	12
22	22689	12
22	22690	12
22	22691	12
22	22692	12
22	22693	12
22	22694	12
22	22695	13
22	22696	13
22	22697	13
22	22698	13
22	22699	13
22	22700	13
22	22701	13
22	22702	13
22	22703	13
22	22704	13
22	22705	13
22	22706	13
22	22707	13
22	22708	14
22	22709	10
22	22710	10
22	22711	10
22	22712	10
22	22713	10
22	22714	10
22	22715	10
22	22716	10
22	22717	10
22	22718	10
22	22719	10
22	22720	10
22	22721	10
22	22722	9
22	22723	8
22	22724	8
22	22725	8
22	22726	8
22	22727	8
22	22728	8
22	22729	8
22	22730	8
22	22731	8
22	22732	7
22	22733	6
22	22734	7
22	22735	7
22	22736	7
22	22737	7
22	22738	7
22	22739	7
22	22740	7
22	22741	7
22	22742	7
22	22743	7
22	22744	7
22	22745	7
22	22746	7
22	22747	7
22	22748	8
22	22749	7
22	22750	6
22	22751	6
22	22752	6
22	22753	6
22	22754	6
22	22755	6
22	22756	6
22	22757	6
22	22758	4
22	22759	4
22	22760	4
22	22761	4
22	22762	4
22	22763	4
22	22764	4
22	22765	4
22	22766	4
22	22767	4
22	22768	4
22	22769	4
22	22770	4
22	22771	4
22	22772	4
22	22773	4
22	22774	4
22	22775	4
22	22776	4
22	22777	4
22	22778	4
22	22779	4
22	22780	4
22	22781	4
22	22782	4
22	22783	4
22	22784	4
22	22785	4
22	22786	4
22	22787	4
22	22788	4
22	22789	4
22	22790	7
22	22791	7
22	22792	7
22	22793	10
22	22794	10
22	22795	10
22	22796	10
22	22797	10
22	22798	10
22	22799	10
22	22800	10
22	22801	10
22	22802	10
22	22803	10
22	22804	10
22	22805	10
22	22806	10
22	22807	10
22	22808	10
22	22809	10
22	22810	10
22	22811	10
22	22812	10
22	22813	10
22	22814	10
22	22815	11
22	22816	11
22	22817	11
22	22818	11
22	22819	11
22	22820	11
22	22821	11
22	22822	11
22	22823	11
22	22824	11
22	22825	11
22	22826	11
22	22827	11
22	22828	11
22	22829	11
22	22830	11
22	22831	11
22	22832	11
22	22833	11
22	22834	11
22	22835	11
22	22836	12
22	22837	12
22	22838	12
22	22839	12
22	22840	12
22	22841	12
22	22842	12
22	22843	12
22	22844	14
22	22845	14
22	22846	14
22	22847	14
22	22848	14
22	22849	14
22	22850	14
22	22851	14
22	22852	14
22	22853	14
22	22854	14
22	22855	14
22	22856	14
22	22857	14
22	22858	13
22	22859	13
22	22860	13
22	22861	13
22	22862	13
22	22863	13
22	22864	13
22	22865	13
22	22866	13
22	22867	13
22	22868	13
22	22869	13
22	22870	13
22	22871	13
22	22872	13
22	22873	13
22	22874	13
22	22875	13
22	22876	13
22	22877	13
22	22878	13
22	22879	13
22	22880	13
22	22881	13
22	22882	13
22	22883	12
22	22884	12
22	22885	12
22	22886	12
22	22887	12
22	22888	12
22	22889	12
22	22890	10
22	22891	10
22	22892	10
22	22893	10
22	22894	10
22	22895	10
22	22896	10
22	22897	10
22	22898	9
22	22899	9
22	22900	9
22	22901	9
22	22902	9
22	22903	9
22	22904	9
22	22905	9
22	22906	9
22	22907	9
22	22908	9
22	22909	9
22	22910	9
22	22911	9
22	22912	9
22	22913	9
22	22914	9
22	22915	9
22	22916	9
22	22917	9
22	22918	9
22	22919	9
22	22920	9
22	22921	9
22	22922	9
22	22923	9
22	22924	9
22	22925	9
22	22926	9
22	22927	9
22	22928	9
22	22929	9
22	22930	9
22	22931	10
22	22932	10
22	22933	10
22	22934	10
22	22935	10
22	22936	11
22	22937	11
22	22938	11
22	22939	11
22	22940	8
22	22941	8
22	22942	8
22	22943	7
22	22944	8
22	22945	8
22	22946	8
22	22947	8
22	22948	8
22	22949	9
22	22950	9
22	22951	9
22	22952	9
22	22953	9
22	22954	9
22	22955	9
22	22956	10
22	22957	10
22	22958	10
22	22959	10
22	22960	11
22	22961	11
22	22962	11
22	22963	11
22	22964	11
22	22965	10
22	22966	10
22	22967	11
22	22968	11
22	22969	11
22	22970	11
22	22971	11
22	22972	11
22	22973	11
22	22974	12
22	22975	12
22	22976	12
22	22977	12
22	22978	12
22	22979	12
22	22980	12
22	22981	12
22	22982	12
22	22983	12
22	22984	12
22	22985	12
22	22986	11
22	22987	11
22	22988	11
22	22989	11
22	22990	11
22	22991	11
22	22992	11
22	22993	11
22	22994	10
22	22995	9
22	22996	9
22	22997	9
22	22998	9
22	22999	9
22	23000	9
22	23001	9
22	23002	9
22	23003	9
22	23004	9
22	23005	9
22	23006	9
22	23007	9
22	23008	9
22	23009	9
22	23010	9
22	23011	10
22	23012	10
22	23013	10
22	23014	10
22	23015	10
22	23016	10
22	23017	10
22	23018	10
22	23019	10
22	23020	10
22	23021	10
22	23022	10
22	23023	10
22	23024	10
22	23025	10
22	23026	10
22	23027	10
22	23028	10
22	23029	11
22	23030	11
22	23031	11
22	23032	11
22	23033	11
22	23034	12
22	23035	12
22	23036	12
22	23037	12
22	23038	12
22	23039	12
22	23040	12
22	23041	12
22	23042	12
22	23043	12
22	23044	12
22	23045	12
22	23046	12
22	23047	13
22	23048	13
22	23049	13
22	23050	13
22	23051	13
22	23052	13
22	23053	14
22	23054	14
22	23055	14
22	23056	14
22	23057	15
22	23058	16
22	23059	16
22	23060	16
22	23061	16
22	23062	16
22	23063	16
22	23064	16
22	23065	16
22	23066	16
22	23067	16
22	23068	16
22	23069	17
22	23070	17
22	23071	17
22	23072	17
22	23073	17
22	23074	17
22	23075	17
22	23076	17
22	23077	17
22	23078	17
22	23079	17
22	23080	17
22	23081	16
22	23082	16
22	23083	16
22	23084	16
22	23085	15
22	23086	15
22	23087	15
22	23088	15
22	23089	15
22	23090	15
22	23091	15
22	23092	15
22	23093	14
22	23094	14
22	23095	14
22	23096	14
22	23097	14
22	23098	14
22	23099	13
22	23100	11
22	23101	11
22	23102	11
22	23103	11
22	23104	13
22	23105	13
22	23106	13
22	23107	13
22	23108	13
22	23109	13
22	23110	13
22	23111	14
22	23112	14
22	23113	14
22	23114	15
22	23115	14
22	23116	14
22	23117	14
22	23118	14
22	23119	14
22	23120	14
22	23121	14
22	23122	14
22	23123	13
22	23124	13
22	23125	13
22	23126	13
22	23127	13
22	23128	13
22	23129	13
22	23130	13
22	23131	13
22	23132	13
22	23133	13
22	23134	13
22	23135	13
22	23136	13
22	23137	13
22	23138	13
22	23139	13
22	23140	13
22	23141	14
22	23142	14
22	23143	13
22	23144	13
22	23145	13
22	23146	13
22	23147	13
22	23148	13
22	23149	13
22	23150	13
22	23151	13
22	23152	13
22	23153	13
22	23154	13
22	23155	13
22	23156	13
22	23157	13
22	23158	13
22	23159	13
22	23160	12
22	23161	12
22	23162	12
22	23163	12
22	23164	14
22	23165	14
22	23166	14
22	23167	14
22	23168	14
22	23169	14
22	23170	14
22	23171	14
22	23172	14
22	23173	14
22	23174	14
22	23175	14
22	23176	14
22	23177	14
22	23178	13
22	23179	13
22	23180	13
22	23181	13
22	23182	13
22	23183	12
22	23184	12
22	23185	12
22	23186	12
22	23187	12
22	23188	12
22	23189	12
22	23190	12
22	23191	12
22	23192	12
22	23193	12
22	23194	12
22	23195	11
22	23196	11
22	23197	10
22	23198	10
22	23199	9
22	23200	9
22	23201	9
22	23202	9
22	23203	9
22	23204	9
22	23205	8
22	23206	8
22	23207	8
22	23208	8
22	23209	8
22	23210	8
22	23211	8
22	23212	6
22	23213	8
22	23214	8
22	23215	8
22	23216	8
22	23217	9
22	23218	10
22	23219	9
22	23220	9
22	23221	9
22	23222	9
22	23223	9
22	23224	9
22	23225	11
22	23226	11
22	23227	11
22	23228	11
22	23229	11
22	23230	11
22	23231	11
22	23232	11
22	23233	11
22	23234	11
22	23235	11
22	23236	11
22	23237	11
22	23238	11
22	23239	11
22	23240	11
22	23241	11
22	23242	12
22	23243	12
22	23244	12
22	23245	12
22	23246	12
22	23247	13
22	23248	13
22	23249	13
22	23250	13
22	23251	13
22	23252	13
22	23253	13
22	23254	13
22	23255	13
22	23256	13
22	23257	13
22	23258	13
22	23259	12
22	23260	12
22	23261	12
22	23262	12
22	23263	12
22	23264	11
22	23265	11
22	23266	11
22	23267	11
22	23268	11
22	23269	11
22	23270	11
22	23271	11
22	23272	11
22	23273	11
22	23274	11
22	23275	11
22	23276	11
22	23277	11
22	23278	11
22	23279	12
22	23280	12
22	23281	12
22	23282	12
22	23283	12
22	23284	12
22	23285	12
22	23286	12
22	23287	12
22	23288	12
22	23289	12
22	23290	12
22	23291	11
22	23292	11
22	23293	11
22	23294	11
22	23295	11
22	23296	11
22	23297	11
22	23298	11
22	23299	11
22	23300	11
22	23301	11
22	23302	11
22	23303	11
22	23304	13
22	23305	13
22	23306	11
22	23307	11
22	23308	12
22	23309	12
22	23310	12
22	23311	12
22	23312	12
22	23313	11
22	23314	10
22	23315	10
22	23316	10
22	23317	10
22	23318	10
22	23319	10
22	23320	10
22	23321	10
22	23322	10
22	23323	10
22	23324	10
22	23325	10
22	23326	10
22	23327	10
22	23328	10
22	23329	10
22	23330	10
22	23331	10
22	23332	10
22	23333	10
22	23334	10
22	23335	10
22	23336	10
22	23337	10
22	23338	10
22	23339	10
22	23340	10
22	23341	10
22	23342	11
22	23343	11
22	23344	11
22	23345	11
22	23346	11
22	23347	11
22	23348	11
22	23349	11
22	23350	11
22	23351	11
22	23352	11
22	23353	11
22	23354	11
22	23355	12
22	23356	12
22	23357	12
22	23358	12
22	23359	12
22	23360	12
22	23361	12
22	23362	12
22	23363	12
22	23364	12
22	23365	12
22	23366	12
22	23367	10
22	23368	10
22	23369	10
22	23370	10
22	23371	10
22	23372	10
22	23373	10
22	23374	8
22	23375	8
22	23376	8
22	23377	8
22	23378	8
22	23379	8
22	23380	8
22	23381	8
22	23382	8
22	23383	8
22	23384	8
22	23385	8
22	23386	8
22	23387	8
22	23388	8
22	23389	9
22	23390	9
22	23391	9
22	23392	8
22	23393	8
22	23394	8
22	23395	8
22	23396	7
22	23397	7
22	23398	7
22	23399	7
22	23400	7
22	23401	8
22	23402	8
22	23403	8
22	23404	8
22	23405	8
22	23406	9
22	23407	9
22	23408	9
22	23409	9
22	23410	9
22	23411	9
22	23412	9
22	23413	9
22	23414	9
22	23415	9
22	23416	9
22	23417	9
22	23418	9
22	23419	9
22	23420	10
22	23421	10
22	23422	10
22	23423	10
22	23424	10
22	23425	10
22	23426	10
22	23427	10
22	23428	10
22	23429	9
22	23430	9
22	23431	9
22	23432	9
22	23433	9
22	23434	9
22	23435	9
22	23436	9
22	23437	9
22	23438	9
22	23439	9
22	23440	9
22	23441	9
22	23442	9
22	23443	9
22	23444	10
22	23445	10
22	23446	10
22	23447	10
22	23448	10
22	23449	11
22	23450	11
22	23451	11
22	23452	11
22	23453	9
22	23454	9
22	23455	9
22	23456	9
22	23457	8
22	23458	8
22	23459	8
22	23460	8
22	23461	8
22	23462	8
22	23463	8
22	23464	8
22	23465	8
22	23466	8
22	23467	8
22	23468	8
22	23469	8
22	23470	8
22	23471	8
22	23472	8
22	23473	8
22	23474	8
22	23475	8
22	23476	8
22	23477	8
22	23478	8
22	23479	8
22	23480	8
22	23481	8
22	23482	8
22	23483	8
22	23484	8
22	23485	8
22	23486	8
22	23487	8
22	23488	8
22	23489	8
22	23490	8
22	23491	8
22	23492	8
22	23493	9
22	23494	9
22	23495	9
22	23496	9
22	23497	9
22	23498	9
22	23499	9
22	23500	9
22	23501	9
22	23502	9
22	23503	9
22	23504	8
22	23505	8
22	23506	8
22	23507	8
22	23508	8
22	23509	8
22	23510	9
22	23511	9
22	23512	9
22	23513	9
22	23514	9
22	23515	9
22	23516	9
22	23517	9
22	23518	9
22	23519	9
22	23520	9
22	23521	9
22	23522	9
22	23523	9
22	23524	9
22	23525	10
22	23526	10
22	23527	10
22	23528	10
22	23529	10
22	23530	12
22	23531	12
22	23532	12
22	23533	12
22	23534	12
22	23535	12
22	23536	12
22	23537	12
22	23538	12
22	23539	11
22	23540	11
22	23541	11
22	23542	12
22	23543	12
22	23544	12
22	23545	13
22	23546	13
22	23547	15
22	23548	15
22	23549	15
22	23550	14
22	23551	14
22	23552	14
22	23553	14
22	23554	13
22	23555	13
22	23556	14
22	23557	14
22	23558	14
22	23559	14
22	23560	14
22	23561	14
22	23562	14
22	23563	14
22	23564	14
22	23565	14
22	23566	14
22	23567	14
22	23568	14
22	23569	13
22	23570	13
22	23571	13
22	23572	13
22	23573	14
22	23574	14
22	23575	14
22	23576	14
22	23577	14
22	23578	14
22	23579	14
22	23580	14
22	23581	14
22	23582	14
22	23583	14
22	23584	14
22	23585	14
22	23586	14
22	23587	14
22	23588	14
22	23589	14
22	23590	14
22	23591	14
22	23592	14
22	23593	13
22	23594	13
22	23595	14
22	23596	14
22	23597	13
22	23598	13
22	23599	13
22	23600	13
22	23601	13
22	23602	13
22	23603	13
22	23604	13
22	23605	13
22	23606	13
22	23607	13
22	23608	13
22	23609	13
22	23610	14
22	23611	15
22	23612	15
22	23613	15
22	23614	15
22	23615	15
22	23616	15
22	23617	15
22	23618	15
22	23619	15
22	23620	15
22	23621	15
22	23622	15
22	23623	15
22	23624	15
22	23625	15
22	23626	15
22	23627	15
22	23628	15
22	23629	15
22	23630	15
22	23631	15
22	23632	16
22	23633	16
22	23634	16
22	23635	16
22	23636	16
22	23637	16
22	23638	16
22	23639	16
22	23640	15
22	23641	15
22	23642	15
22	23643	14
22	23644	14
22	23645	14
22	23646	14
22	23647	15
22	23648	15
22	23649	15
22	23650	15
22	23651	15
22	23652	15
22	23653	15
22	23654	15
22	23655	15
22	23656	15
22	23657	15
22	23658	15
22	23659	15
22	23660	14
22	23661	14
22	23662	14
22	23663	15
22	23664	15
22	23665	15
22	23666	15
22	23667	16
22	23668	16
22	23669	16
22	23670	16
22	23671	16
22	23672	16
22	23673	16
22	23674	16
22	23675	15
22	23676	15
22	23677	15
22	23678	15
22	23679	13
22	23680	13
22	23681	13
22	23682	13
22	23683	14
22	23684	14
22	23685	14
22	23686	14
22	23687	13
22	23688	13
22	23689	13
22	23690	13
22	23691	13
22	23692	12
22	23693	12
22	23694	12
22	23695	11
22	23696	11
22	23697	9
22	23698	10
22	23699	10
22	23700	10
22	23701	10
22	23702	10
22	23703	10
22	23704	10
22	23705	10
22	23706	10
22	23707	10
22	23708	10
22	23709	10
22	23710	10
22	23711	10
22	23712	10
22	23713	10
22	23714	10
22	23715	10
22	23716	10
22	23717	10
22	23718	10
22	23719	10
22	23720	10
22	23721	10
22	23722	11
22	23723	10
22	23724	10
22	23725	10
22	23726	10
22	23727	10
22	23728	10
22	23729	10
22	23730	10
22	23731	10
22	23732	10
22	23733	10
22	23734	10
22	23735	10
22	23736	10
22	23737	10
22	23738	10
22	23739	10
22	23740	11
22	23741	11
22	23742	12
22	23743	12
22	23744	11
22	23745	11
22	23746	11
22	23747	11
22	23748	11
22	23749	11
22	23750	12
22	23751	12
22	23752	12
22	23753	11
22	23754	12
22	23755	12
22	23756	12
22	23757	12
22	23758	12
22	23759	10
22	23760	10
22	23761	10
22	23762	10
22	23763	11
22	23764	11
22	23765	11
22	23766	11
22	23767	12
22	23768	12
22	23769	12
22	23770	12
22	23771	12
22	23772	12
22	23773	12
22	23774	12
22	23775	12
22	23776	12
22	23777	12
22	23778	12
22	23779	12
22	23780	12
22	23781	12
22	23782	11
22	23783	11
22	23784	11
22	23785	11
22	23786	11
22	23787	11
22	23788	12
22	23789	12
22	23790	12
22	23791	12
22	23792	12
22	23793	12
22	23794	12
22	23795	12
22	23796	12
22	23797	11
22	23798	11
22	23799	11
22	23800	11
22	23801	11
22	23802	11
22	23803	11
22	23804	11
22	23805	11
22	23806	11
22	23807	11
22	23808	11
22	23809	11
22	23810	11
22	23811	11
22	23812	11
22	23813	10
22	23814	10
22	23815	10
22	23816	10
22	23817	9
22	23818	9
22	23819	9
22	23820	9
22	23821	9
22	23822	9
22	23823	9
22	23824	9
22	23825	9
22	23826	9
22	23827	10
22	23828	10
22	23829	11
22	23830	12
22	23831	12
22	23832	12
22	23833	11
22	23834	11
22	23835	11
22	23836	11
22	23837	11
22	23838	11
22	23839	11
22	23840	11
22	23841	11
22	23842	11
22	23843	11
22	23844	11
22	23845	11
22	23846	13
22	23847	13
22	23848	12
22	23849	12
22	23850	12
22	23851	12
22	23852	12
22	23853	12
22	23854	12
22	23855	12
22	23856	12
22	23857	12
22	23858	12
22	23859	12
22	23860	12
22	23861	12
22	23862	12
22	23863	13
22	23864	13
22	23865	13
22	23866	14
22	23867	14
22	23868	16
22	23869	16
22	23870	16
22	23871	16
22	23872	16
22	23873	16
22	23874	16
22	23875	16
22	23876	16
22	23877	16
22	23878	16
22	23879	16
22	23880	16
22	23881	16
22	23882	16
22	23883	16
22	23884	16
22	23885	16
22	23886	16
22	23887	16
22	23888	16
22	23889	16
22	23890	16
22	23891	14
22	23892	14
22	23893	14
22	23894	14
22	23895	14
22	23896	14
22	23897	14
22	23898	14
22	23899	14
22	23900	13
22	23901	13
22	23902	13
22	23903	13
22	23904	13
22	23905	13
22	23906	13
22	23907	13
22	23908	13
22	23909	13
22	23910	14
22	23911	14
22	23912	13
22	23913	13
22	23914	13
22	23915	13
22	23916	13
22	23917	12
22	23918	14
22	23919	14
22	23920	14
22	23921	14
22	23922	14
22	23923	14
22	23924	14
22	23925	14
22	23926	14
22	23927	14
22	23928	14
22	23929	14
22	23930	14
22	23931	15
22	23932	15
22	23933	15
22	23934	15
22	23935	15
22	23936	15
22	23937	15
22	23938	14
22	23939	14
22	23940	14
22	23941	14
22	23942	14
22	23943	14
22	23944	14
22	23945	14
22	23946	14
22	23947	14
22	23948	14
22	23949	14
22	23950	14
22	23951	14
22	23952	14
22	23953	14
22	23954	14
22	23955	14
22	23956	14
22	23957	14
22	23958	14
22	23959	14
22	23960	14
22	23961	14
22	23962	14
22	23963	14
22	23964	14
22	23965	14
22	23966	14
22	23967	14
22	23968	14
22	23969	14
22	23970	14
22	23971	14
22	23972	14
22	23973	14
22	23974	14
22	23975	14
22	23976	14
22	23977	13
22	23978	13
22	23979	10
22	23980	9
22	23981	9
22	23982	10
22	23983	10
22	23984	10
22	23985	10
22	23986	10
22	23987	10
22	23988	10
22	23989	10
22	23990	10
22	23991	10
22	23992	10
22	23993	10
22	23994	10
22	23995	10
22	23996	10
22	23997	10
22	23998	10
22	23999	11
22	24000	11
22	24001	11
22	24002	11
22	24003	11
22	24004	11
22	24005	11
22	24006	11
22	24007	11
22	24008	8
22	24009	8
22	24010	8
22	24011	8
22	24012	7
22	24013	7
22	24014	7
22	24015	7
22	24016	7
22	24017	8
22	24018	8
22	24019	8
22	24020	8
22	24021	8
22	24022	7
22	24023	7
22	24024	7
22	24025	7
22	24026	7
22	24027	7
22	24028	7
22	24029	7
22	24030	7
22	24031	7
22	24032	7
22	24033	7
22	24034	7
22	24035	7
22	24036	7
22	24037	7
22	24038	7
22	24039	9
22	24040	9
22	24041	9
22	24042	9
22	24043	9
22	24044	9
22	24045	9
22	24046	9
22	24047	9
22	24048	9
22	24049	9
22	24050	9
22	24051	9
22	24052	9
22	24053	10
22	24054	10
22	24055	10
22	24056	10
22	24057	9
22	24058	9
22	24059	9
22	24060	9
22	24061	9
22	24062	9
22	24063	9
22	24064	9
22	24065	9
22	24066	9
22	24067	9
22	24068	7
22	24069	7
22	24070	7
22	24071	7
22	24072	7
22	24073	7
22	24074	7
22	24075	7
22	24076	7
22	24077	7
22	24078	7
22	24079	7
22	24080	7
22	24081	6
22	24082	6
22	24083	6
22	24084	6
22	24085	6
22	24086	6
22	24087	6
22	24088	6
22	24089	6
22	24090	6
22	24091	6
22	24092	6
22	24093	6
22	24094	6
22	24095	6
22	24096	6
22	24097	6
22	24098	6
22	24099	6
22	24100	6
22	24101	6
22	24102	6
22	24103	6
22	24104	6
22	24105	6
22	24106	6
22	24107	6
22	24108	6
22	24109	6
22	24110	6
22	24111	6
22	24112	6
22	24113	6
22	24114	7
22	24115	7
22	24116	7
22	24117	7
22	24118	7
22	24119	8
22	24120	8
22	24121	8
22	24122	8
22	24123	8
22	24124	8
22	24125	8
22	24126	8
22	24127	8
22	24128	10
22	24129	10
22	24130	10
22	24131	10
22	24132	10
22	24133	10
22	24134	10
22	24135	10
22	24136	11
22	24137	11
22	24138	11
22	24139	11
22	24140	11
22	24141	11
22	24142	11
22	24143	11
22	24144	11
22	24145	11
22	24146	11
22	24147	11
22	24148	11
22	24149	10
22	24150	10
22	24151	10
22	24152	10
22	24153	10
22	24154	10
22	24155	10
22	24156	10
22	24157	10
22	24158	10
22	24159	11
22	24160	11
22	24161	11
22	24162	11
22	24163	11
22	24164	11
22	24165	11
22	24166	11
22	24167	10
22	24168	10
22	24169	10
22	24170	11
22	24171	11
22	24172	11
22	24173	11
22	24174	11
22	24175	11
22	24176	11
22	24177	11
22	24178	11
22	24179	11
22	24180	11
22	24181	11
22	24182	11
22	24183	11
22	24184	11
22	24185	11
22	24186	11
22	24187	9
22	24188	10
22	24189	10
22	24190	10
22	24191	10
22	24192	10
22	24193	11
22	24194	11
22	24195	11
22	24196	11
22	24197	11
22	24198	11
22	24199	11
22	24200	11
22	24201	11
22	24202	11
22	24203	10
22	24204	10
22	24205	10
22	24206	10
22	24207	10
22	24208	8
22	24209	8
22	24210	10
22	24211	10
22	24212	10
22	24213	10
22	24214	10
22	24215	10
22	24216	10
22	24217	10
22	24218	10
22	24219	10
22	24220	10
22	24221	10
22	24222	10
22	24223	10
22	24224	10
22	24225	10
22	24226	10
22	24227	10
22	24228	11
22	24229	11
22	24230	11
22	24231	11
22	24232	11
22	24233	11
22	24234	11
22	24235	11
22	24236	11
22	24237	11
22	24238	11
22	24239	11
22	24240	11
22	24241	11
22	24242	11
22	24243	11
22	24244	11
22	24245	11
22	24246	11
22	24247	11
22	24248	11
22	24249	11
22	24250	11
22	24251	11
22	24252	11
22	24253	11
22	24254	11
22	24255	11
22	24256	11
22	24257	11
22	24258	11
22	24259	11
22	24260	11
22	24261	11
22	24262	10
22	24263	10
22	24264	10
22	24265	10
22	24266	10
22	24267	10
22	24268	11
22	24269	10
22	24270	11
22	24271	11
22	24272	11
22	24273	11
22	24274	11
22	24275	11
22	24276	11
22	24277	11
22	24278	11
22	24279	11
22	24280	11
22	24281	11
22	24282	10
22	24283	10
22	24284	10
22	24285	10
22	24286	9
22	24287	9
22	24288	9
22	24289	9
22	24290	9
22	24291	9
22	24292	9
22	24293	9
22	24294	9
22	24295	9
22	24296	9
22	24297	9
22	24298	9
22	24299	9
22	24300	9
22	24301	9
22	24302	9
22	24303	9
22	24304	9
22	24305	9
22	24306	9
22	24307	9
22	24308	8
22	24309	8
22	24310	8
22	24311	8
22	24312	8
22	24313	8
22	24314	8
22	24315	8
22	24316	8
22	24317	8
22	24318	8
22	24319	9
22	24320	8
22	24321	8
22	24322	8
22	24323	8
22	24324	8
22	24325	8
22	24326	8
22	24327	8
22	24328	8
22	24329	8
22	24330	8
22	24331	8
22	24332	8
22	24333	8
22	24334	8
22	24335	8
22	24336	8
22	24337	7
22	24338	7
22	24339	7
22	24340	6
22	24341	6
22	24342	6
22	24343	6
22	24344	6
22	24345	6
22	24346	6
22	24347	6
22	24348	6
22	24349	6
22	24350	6
22	24351	6
22	24352	6
22	24353	6
22	24354	6
22	24355	6
22	24356	6
22	24357	6
22	24358	6
22	24359	6
22	24360	4
22	24361	4
22	24362	4
22	24363	4
22	24364	4
22	24365	4
22	24366	4
22	24367	4
22	24368	4
22	24369	4
22	24370	4
22	24371	4
22	24372	4
22	24373	4
22	24374	4
22	24375	4
22	24376	4
22	24377	3
22	24378	3
22	24379	3
22	24380	3
22	24381	3
22	24382	3
22	24383	3
22	24384	3
22	24385	3
22	24386	3
22	24387	3
22	24388	3
22	24389	3
22	24390	3
22	24391	3
22	24392	4
22	24393	4
22	24394	4
22	24395	4
22	24396	4
22	24397	4
22	24398	4
22	24399	4
22	24400	4
22	24401	4
22	24402	4
22	24403	4
22	24404	4
22	24405	4
22	24406	4
22	24407	4
22	24408	4
22	24409	4
22	24410	4
22	24411	4
22	24412	4
22	24413	4
22	24414	4
22	24415	4
22	24416	4
22	24417	4
22	24418	3
22	24419	3
22	24420	2
22	24421	4
22	24422	4
22	24423	4
22	24424	4
22	24425	4
22	24426	4
22	24427	4
22	24428	4
22	24429	4
22	24430	4
22	24431	4
22	24432	4
22	24433	4
22	24434	4
22	24435	4
22	24436	4
22	24437	4
22	24438	4
22	24439	4
22	24440	4
22	24441	4
22	24442	4
22	24443	4
22	24444	4
22	24445	4
22	24446	4
22	24447	4
22	24448	4
22	24449	4
22	24450	4
22	24451	4
22	24452	4
22	24453	4
22	24454	4
22	24455	4
22	24456	4
22	24457	4
22	24458	4
22	24459	4
22	24460	4
22	24461	4
22	24462	4
22	24463	4
22	24464	4
22	24465	4
22	24466	5
22	24467	4
22	24468	4
22	24469	4
22	24470	4
22	24471	4
22	24472	4
22	24473	4
22	24474	4
22	24475	4
22	24476	4
22	24477	4
22	24478	4
22	24479	4
22	24480	4
22	24481	4
22	24482	4
22	24483	4
22	24484	4
22	24485	4
22	24486	4
22	24487	4
22	24488	4
22	24489	4
22	24490	4
22	24491	4
22	24492	4
22	24493	4
22	24494	4
22	24495	4
22	24496	4
22	24497	6
22	24498	6
22	24499	6
22	24500	6
22	24501	6
22	24502	6
22	24503	6
22	24504	6
22	24505	7
22	24506	7
22	24507	7
22	24508	7
22	24509	7
22	24510	7
22	24511	8
22	24512	8
22	24513	8
22	24514	8
22	24515	8
22	24516	8
22	24517	8
22	24518	8
22	24519	8
22	24520	8
22	24521	8
22	24522	8
22	24523	8
22	24524	8
22	24525	8
22	24526	8
22	24527	8
22	24528	8
22	24529	8
22	24530	8
22	24531	8
22	24532	8
22	24533	8
22	24534	8
22	24535	8
22	24536	8
22	24537	8
22	24538	9
22	24539	9
22	24540	9
22	24541	9
22	24542	8
22	24543	8
22	24544	8
22	24545	8
22	24546	8
22	24547	8
22	24548	8
22	24549	8
22	24550	8
22	24551	9
22	24552	9
22	24553	9
22	24554	9
22	24555	9
22	24556	9
22	24557	9
22	24558	10
22	24559	10
22	24560	11
22	24561	11
22	24562	11
22	24563	11
22	24564	11
22	24565	11
22	24566	11
22	24567	11
22	24568	11
22	24569	11
22	24570	9
22	24571	9
22	24572	9
22	24573	9
22	24574	9
22	24575	9
22	24576	9
22	24577	9
22	24578	9
22	24579	9
22	24580	9
22	24581	9
22	24582	9
22	24583	9
22	24584	9
22	24585	9
22	24586	9
22	24587	9
22	24588	9
22	24589	9
22	24590	9
22	24591	9
22	24592	9
22	24593	9
22	24594	9
22	24595	9
22	24596	9
22	24597	9
22	24598	9
22	24599	9
22	24600	9
22	24601	9
22	24602	9
22	24603	9
22	24604	9
22	24605	9
22	24606	9
22	24607	9
22	24608	9
22	24609	9
22	24610	9
22	24611	9
22	24612	9
22	24613	9
22	24614	9
22	24615	8
22	24616	8
22	24617	8
22	24618	8
22	24619	8
22	24620	8
22	24621	8
22	24622	8
22	24623	8
22	24624	8
22	24625	8
22	24626	8
22	24627	8
22	24628	9
22	24629	9
22	24630	9
22	24631	9
22	24632	9
22	24633	9
22	24634	9
22	24635	9
22	24636	9
22	24637	9
22	24638	9
22	24639	9
22	24640	10
22	24641	10
22	24642	10
22	24643	11
22	24644	11
22	24645	11
22	24646	11
22	24647	9
22	24648	10
22	24649	10
22	24650	10
22	24651	10
22	24652	10
22	24653	10
22	24654	10
22	24655	9
22	24656	9
22	24657	9
22	24658	9
22	24659	9
22	24660	8
22	24661	8
22	24662	8
22	24663	8
22	24664	8
22	24665	8
22	24666	8
22	24667	8
22	24668	8
22	24669	8
22	24670	8
22	24671	8
22	24672	8
22	24673	8
22	24674	8
22	24675	8
22	24676	8
22	24677	8
22	24678	8
22	24679	8
22	24680	8
22	24681	8
22	24682	8
22	24683	8
22	24684	8
22	24685	8
22	24686	7
22	24687	7
22	24688	7
22	24689	7
22	24690	7
22	24691	7
22	24692	7
22	24693	7
22	24694	7
22	24695	7
22	24696	7
22	24697	7
22	24698	7
22	24699	7
22	24700	7
22	24701	6
22	24702	5
22	24703	5
22	24704	5
22	24705	5
22	24706	5
22	24707	5
22	24708	5
22	24709	5
22	24710	4
22	24711	4
22	24712	4
22	24713	4
22	24714	4
22	24715	4
22	24716	4
22	24717	4
22	24718	4
22	24719	5
22	24720	5
22	24721	5
22	24722	5
22	24723	5
22	24724	5
22	24725	5
22	24726	5
22	24727	5
22	24728	5
22	24729	5
22	24730	5
22	24731	5
22	24732	5
22	24733	5
22	24734	5
22	24735	5
22	24736	5
22	24737	5
22	24738	5
22	24739	5
22	24740	5
22	24741	5
22	24742	5
22	24743	5
22	24744	5
22	24745	5
22	24746	5
22	24747	5
22	24748	5
22	24749	5
22	24750	5
22	24751	5
22	24752	5
22	24753	5
22	24754	5
22	24755	5
22	24756	5
22	24757	5
22	24758	5
22	24759	5
22	24760	5
22	24761	5
22	24762	5
22	24763	5
22	24764	5
22	24765	5
22	24766	5
22	24767	5
22	24768	5
22	24769	5
22	24770	5
22	24771	5
22	24772	5
22	24773	5
22	24774	5
22	24775	5
22	24776	5
22	24777	5
22	24778	6
22	24779	6
22	24780	6
22	24781	6
22	24782	6
22	24783	6
22	24784	6
22	24785	6
22	24786	6
22	24787	6
22	24788	6
22	24789	6
22	24790	5
22	24791	5
22	24792	4
22	24793	4
22	24794	4
22	24795	4
22	24796	4
22	24797	4
22	24798	3
22	24799	3
22	24800	3
22	24801	3
22	24802	3
22	24803	3
22	24804	3
22	24805	3
22	24806	3
22	24807	3
22	24808	3
22	24809	3
22	24810	3
22	24811	3
22	24812	3
22	24813	3
22	24814	3
22	24815	3
22	24816	3
22	24817	3
22	24818	3
22	24819	3
22	24820	3
22	24821	3
22	24822	3
22	24823	3
22	24824	3
22	24825	3
22	24826	3
22	24827	3
22	24828	3
22	24829	3
22	24830	3
22	24831	3
22	24832	3
22	24833	3
22	24834	3
22	24835	3
22	24836	3
22	24837	4
22	24838	4
22	24839	4
22	24840	4
22	24841	4
22	24842	4
22	24843	4
22	24844	4
22	24845	4
22	24846	4
22	24847	4
22	24848	4
22	24849	4
22	24850	4
22	24851	4
22	24852	4
22	24853	4
22	24854	4
22	24855	4
22	24856	4
22	24857	4
22	24858	4
22	24859	4
22	24860	4
22	24861	5
22	24862	5
22	24863	5
22	24864	5
22	24865	5
22	24866	5
22	24867	6
22	24868	6
22	24869	5
22	24870	5
22	24871	5
22	24872	5
22	24873	6
22	24874	6
22	24875	6
22	24876	6
22	24877	6
22	24878	6
22	24879	6
22	24880	6
22	24881	6
22	24882	7
22	24883	7
22	24884	7
22	24885	7
22	24886	7
22	24887	8
22	24888	8
22	24889	8
22	24890	8
22	24891	8
22	24892	8
22	24893	8
22	24894	8
22	24895	8
22	24896	8
22	24897	8
22	24898	8
22	24899	8
22	24900	8
22	24901	8
22	24902	8
22	24903	9
22	24904	9
22	24905	9
22	24906	9
22	24907	9
22	24908	9
22	24909	9
22	24910	9
22	24911	9
22	24912	9
22	24913	9
22	24914	10
22	24915	10
22	24916	10
22	24917	10
22	24918	10
22	24919	10
22	24920	10
22	24921	10
22	24922	10
22	24923	10
22	24924	10
22	24925	10
22	24926	10
22	24927	8
22	24928	8
22	24929	8
22	24930	8
22	24931	8
22	24932	8
22	24933	8
22	24934	8
22	24935	8
22	24936	8
22	24937	8
22	24938	8
22	24939	8
22	24940	8
22	24941	8
22	24942	8
22	24943	8
22	24944	8
22	24945	8
22	24946	8
22	24947	8
22	24948	8
22	24949	8
22	24950	8
22	24951	8
22	24952	8
22	24953	8
22	24954	8
22	24955	8
22	24956	8
22	24957	8
22	24958	8
22	24959	8
22	24960	8
22	24961	8
22	24962	8
22	24963	8
22	24964	8
22	24965	8
22	24966	8
22	24967	9
22	24968	9
22	24969	9
22	24970	9
22	24971	9
22	24972	9
22	24973	9
22	24974	9
22	24975	9
22	24976	9
22	24977	10
22	24978	10
22	24979	10
22	24980	10
22	24981	10
22	24982	10
22	24983	10
22	24984	10
22	24985	10
22	24986	9
22	24987	9
22	24988	9
22	24989	9
22	24990	9
22	24991	9
22	24992	9
22	24993	9
22	24994	9
22	24995	9
22	24996	9
22	24997	9
22	24998	9
22	24999	9
22	25000	9
22	25001	9
22	25002	9
22	25003	9
22	25004	9
22	25005	9
22	25006	9
22	25007	9
22	25008	9
22	25009	9
22	25010	9
22	25011	8
22	25012	8
22	25013	9
22	25014	9
22	25015	9
22	25016	8
22	25017	8
22	25018	8
22	25019	8
22	25020	8
22	25021	8
22	25022	8
22	25023	7
22	25024	7
22	25025	7
22	25026	7
22	25027	7
22	25028	7
22	25029	7
22	25030	7
22	25031	7
22	25032	7
22	25033	7
22	25034	7
22	25035	7
22	25036	6
22	25037	6
22	25038	6
22	25039	6
22	25040	6
22	25041	6
22	25042	6
22	25043	6
22	25044	6
22	25045	6
22	25046	6
22	25047	6
22	25048	6
22	25049	6
22	25050	6
22	25051	6
22	25052	6
22	25053	5
22	25054	5
22	25055	5
22	25056	5
22	25057	5
22	25058	5
22	25059	5
22	25060	5
22	25061	5
22	25062	5
22	25063	4
22	25064	4
22	25065	4
22	25066	4
22	25067	4
22	25068	4
22	25069	4
22	25070	4
22	25071	4
22	25072	4
22	25073	4
22	25074	4
22	25075	4
22	25076	4
22	25077	4
22	25078	4
22	25079	4
22	25080	4
22	25081	4
22	25082	4
22	25083	4
22	25084	4
22	25085	4
22	25086	4
22	25087	4
22	25088	4
22	25089	4
22	25090	4
22	25091	4
22	25092	4
22	25093	4
22	25094	4
22	25095	4
22	25096	4
22	25097	4
22	25098	4
22	25099	4
22	25100	4
22	25101	4
22	25102	4
22	25103	4
22	25104	4
22	25105	4
22	25106	4
22	25107	2
22	25108	2
22	25109	4
22	25110	4
22	25111	4
22	25112	4
22	25113	4
22	25114	4
22	25115	4
22	25116	4
22	25117	4
22	25118	4
22	25119	4
22	25120	4
22	25121	4
22	25122	4
22	25123	4
22	25124	4
22	25125	4
22	25126	4
22	25127	4
22	25128	5
22	25129	5
22	25130	5
22	25131	5
22	25132	5
22	25133	5
22	25134	5
22	25135	5
22	25136	5
22	25137	5
22	25138	5
22	25139	5
22	25140	5
22	25141	5
22	25142	5
22	25143	5
22	25144	5
22	25145	5
22	25146	5
22	25147	5
22	25148	5
22	25149	5
22	25150	5
22	25151	5
22	25152	5
22	25153	5
22	25154	5
22	25155	5
22	25156	5
22	25157	5
22	25158	5
22	25159	4
22	25160	4
22	25161	4
22	25162	4
22	25163	4
22	25164	4
22	25165	4
22	25166	4
22	25167	4
22	25168	5
22	25169	5
22	25170	5
22	25171	5
22	25172	5
22	25173	5
22	25174	5
22	25175	5
22	25176	6
22	25177	6
22	25178	6
22	25179	6
22	25180	5
22	25181	5
22	25182	5
22	25183	5
22	25184	5
22	25185	5
22	25186	5
22	25187	5
22	25188	5
22	25189	5
22	25190	5
22	25191	5
22	25192	5
22	25193	5
22	25194	5
22	25195	7
22	25196	7
22	25197	7
22	25198	7
22	25199	7
22	25200	7
22	25201	7
22	25202	7
22	25203	7
22	25204	7
22	25205	7
22	25206	7
22	25207	7
22	25208	7
22	25209	7
22	25210	7
22	25211	7
22	25212	7
22	25213	7
22	25214	7
22	25215	8
22	25216	8
22	25217	8
22	25218	8
22	25219	8
22	25220	8
22	25221	8
22	25222	8
22	25223	8
22	25224	8
22	25225	8
22	25226	8
22	25227	8
22	25228	8
22	25229	8
22	25230	8
22	25231	8
22	25232	8
22	25233	8
22	25234	8
22	25235	8
22	25236	8
22	25237	8
22	25238	8
22	25239	8
22	25240	8
22	25241	8
22	25242	8
22	25243	8
22	25244	8
22	25245	9
22	25246	9
22	25247	9
22	25248	9
22	25249	9
22	25250	11
22	25251	11
22	25252	12
22	25253	12
22	25254	12
22	25255	13
22	25256	13
22	25257	14
22	25258	13
22	25259	12
22	25260	12
22	25261	12
22	25262	12
22	25263	12
22	25264	12
22	25265	12
22	25266	12
22	25267	12
22	25268	12
22	25269	12
22	25270	12
22	25271	12
22	25272	12
22	25273	12
22	25274	12
22	25275	12
22	25276	12
22	25277	11
22	25278	11
22	25279	11
22	25280	11
22	25281	11
22	25282	11
22	25283	11
22	25284	11
22	25285	11
22	25286	11
22	25287	11
22	25288	11
22	25289	11
22	25290	11
22	25291	11
22	25292	11
22	25293	11
22	25294	11
22	25295	11
22	25296	11
22	25297	11
22	25298	11
22	25299	11
22	25300	11
22	25301	11
22	25302	11
22	25303	11
22	25304	11
22	25305	11
22	25306	11
22	25307	11
22	25308	11
22	25309	11
22	25310	11
22	25311	11
22	25312	11
22	25313	11
22	25314	11
22	25315	11
22	25316	11
22	25317	11
22	25318	10
22	25319	11
22	25320	11
22	25321	11
22	25322	11
22	25323	12
22	25324	12
22	25325	12
22	25326	11
22	25327	11
22	25328	11
22	25329	11
22	25330	11
22	25331	11
22	25332	11
22	25333	11
22	25334	10
22	25335	10
22	25336	10
22	25337	10
22	25338	10
22	25339	10
22	25340	10
22	25341	10
22	25342	10
22	25343	10
22	25344	10
22	25345	8
22	25346	8
22	25347	8
22	25348	8
22	25349	8
22	25350	8
22	25351	8
22	25352	8
22	25353	8
22	25354	8
22	25355	8
22	25356	8
22	25357	8
22	25358	8
22	25359	8
22	25360	8
22	25361	8
22	25362	8
22	25363	8
22	25364	8
22	25365	7
22	25366	7
22	25367	7
22	25368	7
22	25369	7
22	25370	7
22	25371	7
22	25372	7
22	25373	7
22	25374	7
22	25375	7
22	25376	7
22	25377	8
22	25378	8
22	25379	8
22	25380	8
22	25381	8
22	25382	8
22	25383	8
22	25384	8
22	25385	8
22	25386	8
22	25387	8
22	25388	8
22	25389	8
22	25390	8
22	25391	8
22	25392	8
22	25393	8
22	25394	8
22	25395	7
22	25396	7
22	25397	7
22	25398	8
22	25399	8
22	25400	7
22	25401	7
22	25402	6
22	25403	6
22	25404	5
22	25405	5
22	25406	5
22	25407	4
22	25408	4
22	25409	4
22	25410	4
22	25411	4
22	25412	4
22	25413	4
22	25414	4
22	25415	4
22	25416	4
22	25417	4
22	25418	5
22	25419	5
22	25420	5
22	25421	5
22	25422	5
22	25423	5
22	25424	5
22	25425	5
22	25426	5
22	25427	5
22	25428	5
22	25429	5
22	25430	5
22	25431	5
22	25432	5
22	25433	5
22	25434	5
22	25435	5
22	25436	5
22	25437	6
22	25438	6
22	25439	6
22	25440	6
22	25441	6
22	25442	6
22	25443	6
22	25444	6
22	25445	6
22	25446	6
22	25447	6
22	25448	6
22	25449	6
22	25450	6
22	25451	6
22	25452	6
22	25453	6
22	25454	6
22	25455	6
22	25456	7
22	25457	7
22	25458	7
22	25459	7
22	25460	7
22	25461	7
22	25462	7
22	25463	7
22	25464	7
22	25465	7
22	25466	7
22	25467	7
22	25468	7
22	25469	6
22	25470	6
22	25471	6
22	25472	6
22	25473	5
22	25474	5
22	25475	5
22	25476	5
22	25477	5
22	25478	5
22	25479	5
22	25480	5
22	25481	5
22	25482	5
22	25483	5
22	25484	5
22	25485	5
22	25486	5
22	25487	5
22	25488	5
22	25489	5
22	25490	5
22	25491	5
22	25492	5
22	25493	5
22	25494	5
22	25495	5
22	25496	5
22	25497	5
22	25498	5
22	25499	5
22	25500	6
22	25501	6
22	25502	6
22	25503	6
22	25504	6
22	25505	6
22	25506	6
22	25507	6
22	25508	6
22	25509	6
22	25510	6
22	25511	6
22	25512	6
22	25513	6
22	25514	6
22	25515	6
22	25516	6
22	25517	6
22	25518	6
22	25519	6
22	25520	6
22	25521	6
22	25522	6
22	25523	6
22	25524	6
22	25525	6
22	25526	6
22	25527	5
22	25528	5
22	25529	5
22	25530	5
22	25531	5
22	25532	5
22	25533	5
22	25534	5
22	25535	5
22	25536	5
22	25537	5
22	25538	5
22	25539	5
22	25540	5
22	25541	5
22	25542	5
22	25543	5
22	25544	5
22	25545	5
22	25546	5
22	25547	5
22	25548	4
22	25549	4
22	25550	4
22	25551	4
22	25552	4
22	25553	4
22	25554	4
22	25555	4
22	25556	4
22	25557	4
22	25558	4
22	25559	4
22	25560	4
22	25561	4
22	25562	4
22	25563	4
22	25564	4
22	25565	4
22	25566	4
22	25567	3
22	25568	3
22	25569	4
22	25570	4
22	25571	4
22	25572	4
22	25573	4
22	25574	4
22	25575	4
22	25576	4
22	25577	4
22	25578	4
22	25579	4
22	25580	4
22	25581	4
22	25582	4
22	25583	4
22	25584	4
22	25585	4
22	25586	6
22	25587	5
22	25588	5
22	25589	5
22	25590	5
22	25591	5
22	25592	5
22	25593	6
22	25594	6
22	25595	6
22	25596	6
22	25597	6
22	25598	6
22	25599	6
22	25600	6
22	25601	6
22	25602	6
22	25603	6
22	25604	6
22	25605	6
22	25606	5
22	25607	5
22	25608	5
22	25609	5
22	25610	5
22	25611	5
22	25612	5
22	25613	5
22	25614	5
22	25615	5
22	25616	5
22	25617	5
22	25618	5
22	25619	5
22	25620	5
22	25621	5
22	25622	5
22	25623	5
22	25624	5
22	25625	5
22	25626	5
22	25627	5
22	25628	5
22	25629	5
22	25630	5
22	25631	5
22	25632	5
22	25633	5
22	25634	5
22	25635	5
22	25636	5
22	25637	5
22	25638	5
22	25639	5
22	25640	5
22	25641	5
22	25642	5
22	25643	5
22	25644	5
22	25645	5
22	25646	5
22	25647	5
22	25648	5
22	25649	5
22	25650	4
22	25651	4
22	25652	4
22	25653	4
22	25654	4
22	25655	4
22	25656	4
22	25657	4
22	25658	4
22	25659	4
22	25660	4
22	25661	4
22	25662	4
22	25663	4
22	25664	4
22	25665	4
22	25666	4
22	25667	4
22	25668	4
22	25669	4
22	25670	4
22	25671	4
22	25672	4
22	25673	4
22	25674	4
22	25675	4
22	25676	4
22	25677	4
22	25678	4
22	25679	4
22	25680	4
22	25681	4
22	25682	4
22	25683	4
22	25684	4
22	25685	4
22	25686	4
22	25687	4
22	25688	4
22	25689	4
22	25690	4
22	25691	4
22	25692	4
22	25693	4
22	25694	4
22	25695	4
22	25696	4
22	25697	4
22	25698	4
22	25699	4
22	25700	4
22	25701	4
22	25702	4
22	25703	4
22	25704	4
22	25705	4
22	25706	4
22	25707	4
22	25708	5
22	25709	5
22	25710	5
22	25711	5
22	25712	5
22	25713	5
22	25714	5
22	25715	5
22	25716	5
22	25717	5
22	25718	4
22	25719	4
22	25720	4
22	25721	4
22	25722	4
22	25723	4
22	25724	4
22	25725	4
22	25726	4
22	25727	4
22	25728	4
22	25729	4
22	25730	4
22	25731	4
22	25732	4
22	25733	4
22	25734	4
22	25735	4
22	25736	3
22	25737	3
22	25738	3
22	25739	3
22	25740	3
22	25741	3
22	25742	2
22	25743	2
22	25744	2
22	25745	2
22	25746	2
22	25747	2
22	25748	2
22	25749	2
22	25750	2
22	25751	2
22	25752	2
22	25753	2
22	25754	2
22	25755	2
22	25756	2
22	25757	2
22	25758	2
22	25759	2
22	25760	2
22	25761	2
22	25762	2
22	25763	2
22	25764	2
22	25765	2
22	25766	2
22	25767	2
22	25768	2
22	25769	2
22	25770	2
22	25771	2
22	25772	2
22	25773	2
22	25774	2
22	25775	2
22	25776	2
22	25777	2
22	25778	2
22	25779	2
22	25780	2
22	25781	2
22	25782	2
22	25783	2
22	25784	2
22	25785	2
22	25786	2
22	25787	2
22	25788	2
22	25789	2
22	25790	2
22	25791	2
22	25792	1
22	25793	1
22	25794	1
22	25795	1
22	25796	1
22	25797	1
22	25798	1
22	25799	1
22	25800	1
22	25801	1
22	25802	1
22	25803	1
22	25804	1
22	25805	1
22	25806	1
22	25807	1
22	25808	1
22	25809	1
22	25810	1
22	25811	1
22	25812	1
22	25813	1
22	25814	1
22	25815	1
22	25816	1
22	25817	1
22	25818	1
22	25854	1
22	25855	1
22	25856	1
22	25857	1
22	25858	1
22	25859	1
22	25860	1
22	25861	1
22	25862	1
22	25863	1
22	25864	1
22	25865	1
22	25866	1
22	25867	1
22	25868	1
22	25869	1
22	25870	1
22	25871	1
22	25872	1
22	25873	1
22	25874	1
22	25875	1
22	25876	1
22	25877	1
22	25878	1
22	25879	1
22	25880	1
22	25881	1
22	25882	1
22	25883	1
22	25884	1
22	25885	1
22	25886	1
22	25887	1
22	25888	1
22	25889	1
22	25890	1
22	25891	1
22	25892	1
22	25893	1
22	25894	1
22	25895	1
22	25896	1
22	25897	1
22	25898	1
22	25899	1
22	25900	1
22	25901	1
22	25902	1
22	25903	1
22	25904	1
22	25905	1
22	25906	1
22	25907	1
22	25908	1
22	25909	1
22	25910	1
22	25911	1
22	25912	1
22	25913	1
22	25914	1
22	25915	1
22	25916	1
22	25917	1
22	25918	2
22	25919	2
22	25920	2
22	25921	2
22	25922	2
22	25923	2
22	25924	2
22	25925	2
22	25926	2
22	25927	2
22	25928	2
22	25929	2
22	25930	2
22	25931	2
22	25932	2
22	25933	2
22	25934	2
22	25935	2
22	25936	2
22	25937	2
22	25938	2
22	25939	2
22	25940	2
22	25941	2
22	25942	2
22	25943	2
22	25944	2
22	25945	2
22	25946	2
22	25947	2
22	25948	2
22	25949	2
22	25950	2
22	25951	2
22	25952	2
22	25953	3
22	25954	3
22	25955	3
22	25956	3
22	25957	3
22	25958	3
22	25959	3
22	25960	3
22	25961	3
22	25962	3
22	25963	3
22	25964	3
22	25965	3
22	25966	3
22	25967	3
22	25968	3
22	25969	3
22	25970	3
22	25971	3
22	25972	4
22	25973	4
22	25974	4
22	25975	4
22	25976	4
22	25977	4
22	25978	4
22	25979	4
22	25980	4
22	25981	4
22	25982	4
22	25983	4
22	25984	4
22	25985	4
22	25986	4
22	25987	4
22	25988	4
22	25989	4
22	25990	4
22	25991	4
22	25992	4
22	25993	4
22	25994	4
22	25995	4
22	25996	4
22	25997	3
22	25998	3
22	25999	3
22	26000	3
22	26001	3
22	26002	3
22	26003	3
22	26004	3
22	26005	3
22	26006	3
22	26007	3
22	26008	3
22	26009	3
22	26010	3
22	26011	3
22	26012	3
22	26013	3
22	26014	3
22	26015	3
22	26016	3
22	26017	3
22	26018	3
22	26019	3
22	26020	3
22	26021	3
22	26022	3
22	26023	3
22	26024	3
22	26025	3
22	26026	3
22	26027	3
22	26028	3
22	26029	3
22	26030	3
22	26031	3
22	26032	3
22	26033	3
22	26034	3
22	26035	3
22	26036	3
22	26037	3
22	26038	3
22	26039	3
22	26040	3
22	26041	3
22	26042	3
22	26043	3
22	26044	3
22	26045	3
22	26046	3
22	26047	3
22	26048	3
22	26049	3
22	26050	3
22	26051	3
22	26052	3
22	26053	3
22	26054	3
22	26055	3
22	26056	3
22	26057	3
22	26058	3
22	26059	3
22	26060	3
22	26061	3
22	26062	3
22	26063	3
22	26064	3
22	26065	2
22	26066	2
22	26067	2
22	26068	2
22	26069	2
22	26070	2
22	26071	2
22	26072	2
22	26073	2
22	26074	2
22	26075	2
22	26076	2
22	26077	2
22	26078	2
22	26079	2
22	26080	2
22	26081	2
22	26082	2
22	26083	2
22	26300	1
22	26301	1
22	26302	1
22	26303	1
22	26304	1
22	26305	1
22	26306	1
22	26307	1
22	26308	1
22	26309	1
22	26310	1
22	26311	1
22	26312	1
22	26313	1
22	26314	3
22	26315	4
22	26316	4
22	26317	4
22	26318	4
22	26319	4
22	26320	4
22	26321	4
22	26322	4
22	26323	4
22	26324	4
22	26325	5
22	26326	5
22	26327	5
22	26328	5
22	26329	5
22	26330	5
22	26331	5
22	26332	5
22	26333	5
22	26334	5
22	26335	5
22	26336	5
22	26337	5
22	26338	5
22	26339	5
22	26340	5
22	26341	5
22	26342	5
22	26343	5
22	26344	5
22	26345	5
22	26346	5
22	26347	5
22	26348	5
22	26349	5
22	26350	5
22	26351	5
22	26352	5
22	26353	5
22	26354	5
22	26355	5
22	26356	5
22	26357	5
22	26358	5
22	26359	5
22	26360	5
22	26361	5
22	26362	5
22	26363	5
22	26364	6
22	26365	6
22	26366	6
22	26367	7
22	26368	7
22	26369	7
22	26370	7
22	26371	8
22	26372	8
22	26373	8
22	26374	8
22	26375	8
22	26376	8
22	26377	8
22	26378	8
22	26379	8
22	26380	9
22	26381	9
22	26382	9
22	26383	9
22	26384	9
22	26385	9
22	26386	9
22	26387	9
22	26388	9
22	26389	9
22	26390	9
22	26391	9
22	26392	9
22	26393	9
22	26394	9
22	26395	9
22	26396	9
22	26397	9
22	26398	9
22	26399	9
22	26400	9
22	26401	9
22	26402	9
22	26403	9
22	26404	9
22	26405	9
22	26406	9
22	26407	9
22	26408	9
22	26409	9
22	26410	9
22	26411	9
22	26412	9
22	26413	9
22	26414	9
22	26415	9
22	26416	9
22	26417	9
22	26418	9
22	26419	9
22	26420	9
22	26421	9
22	26422	11
22	26423	11
22	26424	11
22	26425	11
22	26426	11
22	26427	11
22	26428	11
22	26429	11
22	26430	11
22	26431	11
22	26432	11
22	26433	11
22	26434	11
22	26435	11
22	26436	11
22	26437	11
22	26438	11
22	26439	11
22	26440	11
22	26441	11
22	26442	11
22	26443	11
22	26444	11
22	26445	11
22	26446	11
22	26447	11
22	26448	11
22	26449	11
22	26450	11
22	26451	11
22	26452	12
22	26453	12
22	26454	12
22	26455	12
22	26456	12
22	26457	12
22	26458	12
22	26459	12
22	26460	12
22	26461	13
22	26462	13
22	26463	12
22	26464	14
22	26465	13
22	26466	13
22	26467	13
22	26468	13
22	26469	13
22	26470	13
22	26471	12
22	26472	12
22	26473	12
22	26474	12
22	26475	12
22	26476	12
22	26477	12
22	26478	12
22	26479	12
22	26480	12
22	26481	12
22	26482	12
22	26483	12
22	26484	12
22	26485	12
22	26486	12
22	26487	12
22	26488	12
22	26489	12
22	26490	12
22	26491	12
22	26492	12
22	26493	12
22	26494	12
22	26495	12
22	26496	12
22	26497	12
22	26498	12
22	26499	12
22	26500	12
22	26501	12
22	26502	12
22	26503	12
22	26504	12
22	26505	12
22	26506	12
22	26507	12
22	26508	12
22	26509	12
22	26510	12
22	26511	12
22	26512	12
22	26513	12
22	26514	11
22	26515	11
22	26516	10
22	26517	10
22	26518	10
22	26519	10
22	26520	10
22	26521	9
22	26522	9
22	26523	10
22	26524	10
22	26525	10
22	26526	10
22	26527	10
22	26528	10
22	26529	9
22	26530	7
22	26531	7
22	26532	7
22	26533	7
22	26534	7
22	26535	7
22	26536	8
22	26537	8
22	26538	8
22	26539	8
22	26540	8
22	26541	8
22	26542	8
22	26543	9
22	26544	10
22	26545	10
22	26546	10
22	26547	10
22	26548	10
22	26549	11
22	26550	13
22	26551	14
22	26552	14
22	26553	14
22	26554	14
22	26555	14
22	26556	14
22	26557	14
22	26558	14
22	26559	14
22	26560	14
22	26561	14
22	26562	14
22	26563	14
22	26564	14
22	26565	14
22	26566	14
22	26567	14
22	26568	14
22	26569	14
22	26570	14
22	26571	14
22	26572	12
22	26573	12
22	26574	12
22	26575	12
22	26576	12
22	26577	12
22	26578	12
22	26579	12
22	26580	12
22	26581	12
22	26582	12
22	26583	12
22	26584	13
22	26585	13
22	26586	13
22	26587	13
22	26588	13
22	26589	13
22	26590	13
22	26591	13
22	26592	13
22	26593	13
22	26594	13
22	26595	13
22	26596	13
22	26597	13
22	26598	13
22	26599	13
22	26600	13
22	26601	13
22	26602	12
22	26603	12
22	26604	12
22	26605	12
22	26606	12
22	26607	12
22	26608	12
22	26609	12
22	26610	12
22	26611	11
22	26612	11
22	26613	10
22	26614	10
22	26615	10
22	26616	10
22	26617	10
22	26618	10
22	26619	10
22	26620	10
22	26621	10
22	26622	10
22	26623	10
22	26624	10
22	26625	10
22	26626	10
22	26627	10
22	26628	10
22	26629	10
22	26630	10
22	26631	10
22	26632	10
22	26633	10
22	26634	10
22	26635	10
22	26636	10
22	26637	10
22	26638	10
22	26639	10
22	26640	10
22	26641	10
22	26642	10
22	26643	10
22	26644	10
22	26645	10
22	26646	10
22	26647	10
22	26648	10
22	26649	10
22	26650	11
22	26651	11
22	26652	11
22	26653	11
22	26654	12
22	26655	12
22	26656	12
22	26657	12
22	26658	12
22	26659	12
22	26660	12
22	26661	12
22	26662	12
22	26663	12
22	26664	12
22	26665	12
22	26666	12
22	26667	12
22	26668	12
22	26669	12
22	26670	12
22	26671	12
22	26672	12
22	26673	11
22	26674	11
22	26675	11
22	26676	11
22	26677	12
22	26678	12
22	26679	12
22	26680	12
22	26681	12
22	26682	12
22	26683	12
22	26684	12
22	26685	11
22	26686	11
22	26687	11
22	26688	11
22	26689	11
22	26690	11
22	26691	11
22	26692	10
22	26693	9
22	26694	9
22	26695	9
22	26696	9
22	26697	9
22	26698	9
22	26699	8
22	26700	6
22	26701	5
22	26702	5
22	26703	5
22	26704	5
22	26705	5
22	26706	5
22	26707	5
22	26708	5
22	26709	5
22	26710	6
22	26711	6
22	26712	6
22	26713	6
22	26714	6
22	26715	6
22	26716	6
22	26717	6
22	26718	6
22	26719	6
22	26720	6
22	26721	7
22	26722	7
22	26723	7
22	26724	7
22	26725	7
22	26726	7
22	26727	7
22	26728	7
22	26729	7
22	26730	7
22	26731	7
22	26732	7
22	26733	8
22	26734	9
22	26735	9
22	26736	9
22	26737	9
22	26738	9
22	26739	9
22	26740	9
22	26741	9
22	26742	9
22	26743	9
22	26744	9
22	26745	9
22	26746	9
22	26747	9
22	26748	9
22	26749	9
22	26750	9
22	26751	9
22	26752	10
22	26753	10
22	26754	10
22	26755	10
22	26756	10
22	26757	10
22	26758	10
22	26759	10
22	26760	10
22	26761	10
22	26762	10
22	26763	10
22	26764	9
22	26765	9
22	26766	9
22	26767	9
22	26768	9
22	26769	9
22	26770	9
22	26771	9
22	26772	9
22	26773	9
22	26774	9
22	26775	9
22	26776	9
22	26777	9
22	26778	9
22	26779	10
22	26780	10
22	26781	10
22	26782	10
22	26783	10
22	26784	10
22	26785	10
22	26786	10
22	26787	10
22	26788	10
22	26789	10
22	26790	10
22	26791	10
22	26792	10
22	26793	10
22	26794	10
22	26795	10
22	26796	10
22	26797	10
22	26798	10
22	26799	10
22	26800	9
22	26801	9
22	26802	9
22	26803	9
22	26804	9
22	26805	9
22	26806	9
22	26807	9
22	26808	9
22	26809	9
22	26810	9
22	26811	9
22	26812	9
22	26813	9
22	26814	9
22	26815	9
22	26816	9
22	26817	9
22	26818	9
22	26819	9
22	26820	9
22	26821	9
22	26822	9
22	26823	9
22	26824	9
22	26825	9
22	26826	9
22	26827	8
22	26828	8
22	26829	8
22	26830	8
22	26831	8
22	26832	8
22	26833	8
22	26834	8
22	26835	8
22	26836	8
22	26837	8
22	26838	8
22	26839	8
22	26840	8
22	26841	8
22	26842	8
22	26843	8
22	26844	8
22	26845	8
22	26846	8
22	26847	8
22	26848	8
22	26849	8
22	26850	9
22	26851	9
22	26852	9
22	26853	9
22	26854	9
22	26855	9
22	26856	9
22	26857	9
22	26858	9
22	26859	9
22	26860	8
22	26861	8
22	26862	8
22	26863	8
22	26864	8
22	26865	8
22	26866	8
22	26867	8
22	26868	8
22	26869	8
22	26870	8
22	26871	7
22	26872	7
22	26873	7
22	26874	7
22	26875	7
22	26876	7
22	26877	7
22	26878	7
22	26879	7
22	26880	7
22	26881	7
22	26882	7
22	26883	5
22	26884	4
22	26885	4
22	26886	4
22	26887	4
22	26888	4
22	26889	4
22	26890	4
22	26891	4
22	26892	4
22	26893	4
22	26894	4
22	26895	4
22	26896	4
22	26897	4
22	26898	4
22	26899	4
22	26900	4
22	26901	3
22	26902	3
22	26903	3
22	26904	3
22	26905	3
22	26906	3
22	26907	3
22	26908	4
22	26909	4
22	26910	4
22	26911	4
22	26912	4
22	26913	4
22	26914	4
22	26915	5
22	26916	5
22	26917	5
22	26918	5
22	26919	9
22	26920	10
22	26921	10
22	26922	10
22	26923	10
22	26924	10
22	26925	10
22	26926	10
22	26927	10
22	26928	9
22	26929	9
22	26930	9
22	26931	9
22	26932	9
22	26933	9
22	26934	9
22	26935	9
22	26936	9
22	26937	9
22	26938	9
22	26939	9
22	26940	9
22	26941	9
22	26942	9
22	26943	9
22	26944	9
22	26945	9
22	26946	9
22	26947	9
22	26948	9
22	26949	9
22	26950	9
22	26951	9
22	26952	8
22	26953	8
22	26954	8
22	26955	8
22	26956	8
22	26957	8
22	26958	8
22	26959	8
22	26960	8
22	26961	8
22	26962	8
22	26963	8
22	26964	8
22	26965	8
22	26966	8
22	26967	8
22	26968	8
22	26969	9
22	26970	9
22	26971	9
22	26972	9
22	26973	9
22	26974	9
22	26975	9
22	26976	9
22	26977	9
22	26978	9
22	26979	9
22	26980	9
22	26981	9
22	26982	9
22	26983	9
22	26984	9
22	26985	9
22	26986	9
22	26987	9
22	26988	9
22	26989	9
22	26990	9
22	26991	9
22	26992	9
22	26993	9
22	26994	9
22	26995	9
22	26996	9
22	26997	9
22	26998	9
22	26999	8
22	27000	8
22	27001	8
22	27002	8
22	27003	8
22	27004	8
22	27005	8
22	27006	8
22	27007	8
22	27008	8
22	27009	8
22	27010	9
22	27011	9
22	27012	9
22	27013	9
22	27014	9
22	27015	9
22	27016	9
22	27017	9
22	27018	9
22	27019	9
22	27020	9
22	27021	7
22	27022	7
22	27023	7
22	27024	7
22	27025	7
22	27026	7
22	27027	7
22	27028	7
22	27029	7
22	27030	7
22	27031	7
22	27032	7
22	27033	7
22	27034	7
22	27035	7
22	27036	7
22	27037	7
22	27038	7
22	27039	7
22	27040	7
22	27041	7
22	27042	7
22	27043	7
22	27044	7
22	27045	7
22	27046	7
22	27047	7
22	27048	7
22	27049	7
22	27050	7
22	27051	7
22	27052	7
22	27053	7
22	27054	7
22	27055	7
22	27056	7
22	27057	7
22	27058	6
22	27059	6
22	27060	6
22	27061	8
22	27062	8
22	27063	8
22	27064	8
22	27065	8
22	27066	8
22	27067	8
22	27068	6
22	27069	7
22	27070	7
22	27071	7
22	27072	7
22	27073	7
22	27074	7
22	27075	7
22	27076	7
22	27077	7
22	27078	7
22	27079	7
22	27080	7
22	27081	7
22	27082	7
22	27083	7
22	27084	7
22	27085	7
22	27086	7
22	27087	8
22	27088	8
22	27089	9
22	27090	9
22	27091	9
22	27092	9
22	27093	9
22	27094	9
22	27095	9
22	27096	9
22	27097	9
22	27098	9
22	27099	9
22	27100	9
22	27101	9
22	27102	9
22	27103	9
22	27104	9
22	27105	9
22	27106	9
22	27107	9
22	27108	9
22	27109	9
22	27110	9
22	27111	9
22	27112	9
22	27113	9
22	27114	9
22	27115	9
22	27116	10
22	27117	10
22	27118	9
22	27119	9
22	27120	9
22	27121	9
22	27122	9
22	27123	9
22	27124	9
22	27125	9
22	27126	9
22	27127	9
22	27128	9
22	27129	9
22	27130	7
22	27131	7
22	27132	7
22	27133	7
22	27134	7
22	27135	7
22	27136	7
22	27137	7
22	27138	7
22	27139	7
22	27140	7
22	27141	7
22	27142	7
22	27143	7
22	27144	7
22	27145	7
22	27146	7
22	27147	7
22	27148	7
22	27149	7
22	27150	7
22	27151	7
22	27152	7
22	27153	7
22	27154	7
22	27155	7
22	27156	7
22	27157	7
22	27158	7
22	27159	7
22	27160	6
22	27161	6
22	27162	6
22	27163	6
22	27164	6
22	27165	6
22	27166	6
22	27167	7
22	27168	7
22	27169	7
22	27170	7
22	27171	7
22	27172	7
22	27173	7
22	27174	7
22	27175	7
22	27176	8
22	27177	8
22	27178	8
22	27179	9
22	27180	9
22	27181	9
22	27182	9
22	27183	9
22	27184	9
22	27185	9
22	27186	9
22	27187	9
22	27188	9
22	27189	9
22	27190	9
22	27191	9
22	27192	10
22	27193	10
22	27194	10
22	27195	10
22	27196	11
22	27197	11
22	27198	11
22	27199	11
22	27200	11
22	27201	11
22	27202	12
22	27203	12
22	27204	12
22	27205	12
22	27206	12
22	27207	12
22	27208	12
22	27209	12
22	27210	12
22	27211	10
22	27212	11
22	27213	11
22	27214	10
22	27215	10
22	27216	10
22	27217	10
22	27218	10
22	27219	10
22	27220	10
22	27221	11
22	27222	11
22	27223	11
22	27224	11
22	27225	11
22	27226	11
22	27227	11
22	27228	11
22	27229	11
22	27230	11
22	27231	11
22	27232	11
22	27233	11
22	27234	11
22	27235	11
22	27236	10
22	27237	10
22	27238	9
22	27239	9
22	27240	9
22	27241	9
22	27242	9
22	27243	9
22	27244	9
22	27245	9
22	27246	10
22	27247	10
22	27248	10
22	27249	10
22	27250	10
22	27251	10
22	27252	10
22	27253	10
22	27254	10
22	27255	10
22	27256	10
22	27257	10
22	27258	11
22	27259	11
22	27260	11
22	27261	11
22	27262	11
22	27263	11
22	27264	11
22	27265	11
22	27266	10
22	27267	10
22	27268	10
22	27269	10
22	27270	10
22	27271	10
22	27272	10
22	27273	10
22	27274	11
22	27275	11
22	27276	11
22	27277	11
22	27278	11
22	27279	11
22	27280	12
22	27281	12
22	27282	13
22	27283	14
22	27284	14
22	27285	14
22	27286	14
22	27287	14
22	27288	14
22	27289	15
22	27290	15
22	27291	15
22	27292	15
22	27293	15
22	27294	15
22	27295	15
22	27296	15
22	27297	15
22	27298	15
22	27299	15
22	27300	15
22	27301	15
22	27302	15
22	27303	15
22	27304	15
22	27305	15
22	27306	15
22	27307	15
22	27308	15
22	27309	15
22	27310	15
22	27311	15
22	27312	15
22	27313	16
22	27314	16
22	27315	16
22	27316	16
22	27317	15
22	27318	15
22	27319	15
22	27320	15
22	27321	15
22	27322	15
22	27323	15
22	27324	15
22	27325	15
22	27326	14
22	27327	14
22	27328	14
22	27329	13
22	27330	13
22	27331	13
22	27332	13
22	27333	13
22	27334	13
22	27335	13
22	27336	13
22	27337	13
22	27338	13
22	27339	13
22	27340	13
22	27341	13
22	27342	12
22	27343	12
22	27344	12
22	27345	12
22	27346	11
22	27347	11
22	27348	10
22	27349	11
22	27350	12
22	27351	12
22	27352	11
22	27353	11
22	27354	11
22	27355	11
22	27356	11
22	27357	11
22	27358	11
22	27359	10
22	27360	10
22	27361	10
22	27362	10
22	27363	10
22	27364	10
22	27365	10
22	27366	10
22	27367	10
22	27368	10
22	27369	10
22	27370	9
22	27371	9
22	27372	9
22	27373	9
22	27374	9
22	27375	9
22	27376	9
22	27377	9
22	27378	9
22	27379	9
22	27380	9
22	27381	9
22	27382	9
22	27383	9
22	27384	9
22	27385	9
22	27386	9
22	27387	9
22	27388	9
22	27389	10
22	27390	10
22	27391	10
22	27392	10
22	27393	10
22	27394	10
22	27395	9
22	27396	9
22	27397	9
22	27398	9
22	27399	9
22	27400	9
22	27401	9
22	27402	9
22	27403	9
22	27404	9
22	27405	9
22	27406	9
22	27407	8
22	27408	8
22	27409	8
22	27410	8
22	27411	9
22	27412	9
22	27413	9
22	27414	9
22	27415	9
22	27416	9
22	27417	9
22	27418	9
22	27419	9
22	27420	9
22	27421	10
22	27422	10
22	27423	9
22	27424	10
22	27425	10
22	27426	10
22	27427	10
22	27428	10
22	27429	10
22	27430	8
22	27431	8
22	27432	7
22	27433	7
22	27434	7
22	27435	7
22	27436	7
22	27437	7
22	27438	6
22	27439	6
22	27440	6
22	27441	6
22	27442	6
22	27443	6
22	27444	6
22	27445	7
22	27446	7
22	27447	7
22	27448	7
22	27449	7
22	27450	7
22	27451	7
22	27452	7
22	27453	7
22	27454	7
22	27455	7
22	27456	7
22	27457	7
22	27458	7
22	27459	7
22	27460	7
22	27461	6
22	27462	6
22	27463	6
22	27464	6
22	27465	9
22	27466	9
22	27467	9
22	27468	10
22	27469	10
22	27470	10
22	27471	10
22	27472	10
22	27473	10
22	27474	10
22	27475	10
22	27476	10
22	27477	10
22	27478	10
22	27479	10
22	27480	10
22	27481	10
22	27482	10
22	27483	10
22	27484	10
22	27485	10
22	27486	10
22	27487	10
22	27488	10
22	27489	10
22	27490	10
22	27491	10
22	27492	10
22	27493	10
22	27494	10
22	27495	10
22	27496	10
22	27497	10
22	27498	10
22	27499	10
22	27500	9
22	27501	9
22	27502	9
22	27503	9
22	27504	9
22	27505	9
22	27506	9
22	27507	9
22	27508	9
22	27509	9
22	27510	9
22	27511	9
22	27512	9
22	27513	9
22	27514	9
22	27515	9
22	27516	9
22	27517	9
22	27518	9
22	27519	9
22	27520	9
22	27521	9
22	27522	9
22	27523	9
22	27524	9
22	27525	9
22	27526	9
22	27527	9
22	27528	9
22	27529	9
22	27530	9
22	27531	10
22	27532	10
22	27533	10
22	27534	10
22	27535	10
22	27536	10
22	27537	9
22	27538	9
22	27539	9
22	27540	9
22	27541	9
22	27542	9
22	27543	9
22	27544	9
22	27545	9
22	27546	9
22	27547	9
22	27548	9
22	27549	9
22	27550	9
22	27551	9
22	27552	9
22	27553	7
22	27554	7
22	27555	7
22	27556	7
22	27557	7
22	27558	7
22	27559	7
22	27560	7
22	27561	7
22	27562	7
22	27563	7
22	27564	7
22	27565	7
22	27566	7
22	27567	7
22	27568	7
22	27569	7
22	27570	7
22	27571	1
22	27572	1
22	27573	1
22	27574	1
22	27575	1
22	27576	1
22	27577	1
22	27578	1
22	27579	1
22	27580	1
22	27581	1
22	27582	1
22	27583	1
22	27584	1
22	27585	1
22	27586	1
22	27587	1
22	27588	1
22	27589	1
22	27590	1
22	27591	1
22	27592	1
22	27593	1
22	27594	1
22	27595	1
22	27596	1
22	27597	1
22	27598	1
22	27599	1
22	27600	1
22	27601	1
22	27602	1
22	27603	1
22	27604	1
22	27605	1
22	27606	1
22	27607	1
22	27608	1
22	27609	1
22	27610	1
22	27611	1
22	27612	1
22	27613	1
22	27614	1
22	27615	1
22	27616	1
22	27617	3
22	27618	4
22	27619	4
22	27620	5
22	27621	5
22	27622	5
22	27623	5
22	27624	5
22	27625	5
22	27626	5
22	27627	5
22	27628	5
22	27629	5
22	27630	6
22	27631	6
22	27632	7
22	27633	7
22	27634	7
22	27635	7
22	27636	7
22	27637	7
22	27638	7
22	27639	7
22	27640	7
22	27641	7
22	27642	7
22	27643	7
22	27644	7
22	27645	7
22	27646	7
22	27647	7
22	27648	7
22	27649	7
22	27650	7
22	27651	7
22	27652	7
22	27653	7
22	27654	7
22	27655	7
22	27656	7
22	27657	7
22	27658	7
22	27659	7
22	27660	7
22	27661	7
22	27662	9
22	27663	9
22	27664	9
22	27665	9
22	27666	9
22	27667	9
22	27668	9
22	27669	9
22	27670	9
22	27671	9
22	27672	9
22	27673	9
22	27674	9
22	27675	9
22	27676	10
22	27677	10
22	27678	10
22	27679	10
22	27680	10
22	27681	9
22	27682	9
22	27683	9
22	27684	9
22	27685	9
22	27686	9
22	27687	9
22	27688	9
22	27689	9
22	27690	9
22	27691	9
22	27692	9
22	27693	9
22	27694	8
22	27695	8
22	27696	8
22	27697	8
22	27698	8
22	27699	8
22	27700	8
22	27701	8
22	27702	7
22	27703	7
22	27704	7
22	27705	7
22	27706	7
22	27707	7
22	27708	7
22	27709	7
22	27710	7
22	27711	7
22	27712	7
22	27713	7
22	27714	7
22	27715	7
22	27716	7
22	27717	7
22	27718	7
22	27719	7
22	27720	7
22	27721	7
22	27722	7
22	27723	7
22	27724	7
22	27725	7
22	27726	7
22	27727	7
22	27728	7
22	27729	7
22	27730	7
22	27731	7
22	27732	7
22	27733	7
22	27734	7
22	27735	7
22	27736	7
22	27737	7
22	27738	7
22	27739	7
22	27740	7
22	27741	7
22	27742	7
22	27743	7
22	27744	7
22	27745	7
22	27746	7
22	27747	7
22	27748	7
22	27749	7
22	27750	7
22	27751	7
22	27752	7
22	27753	7
22	27754	7
22	27755	7
22	27756	7
22	27757	7
22	27758	7
22	27759	7
22	27760	7
22	27761	7
22	27762	7
22	27763	7
22	27764	7
22	27765	7
22	27766	7
22	27767	6
22	27768	6
22	27769	5
22	27770	6
22	27771	7
22	27772	7
22	27773	8
22	27774	8
22	27775	8
22	27776	8
22	27777	8
22	27778	8
22	27779	8
22	27780	7
22	27781	6
22	27782	6
22	27783	6
22	27784	6
22	27785	6
22	27786	6
22	27787	6
22	27788	6
22	27789	6
22	27790	6
22	27791	6
22	27792	6
22	27793	6
22	27794	6
22	27795	6
22	27796	6
22	27797	7
22	27798	7
22	27799	7
22	27800	7
22	27801	7
22	27802	7
22	27803	7
22	27804	7
22	27805	7
22	27806	5
22	27807	5
22	27808	5
22	27809	5
22	27810	5
22	27811	5
22	27812	5
22	27813	5
22	27814	5
22	27815	5
22	27816	5
22	27817	6
22	27818	6
22	27819	6
22	27820	6
22	27821	6
22	27822	6
22	27823	6
22	27824	6
22	27825	6
22	27826	5
22	27827	5
22	27828	5
22	27829	5
22	27830	5
22	27831	5
22	27832	5
22	27833	5
22	27834	5
22	27835	5
22	27836	5
22	27837	5
22	27838	5
22	27839	6
22	27840	6
22	27841	6
22	27842	6
22	27843	6
22	27844	6
22	27845	6
22	27846	6
22	27847	6
22	27848	6
22	27849	6
22	27850	6
22	27851	6
22	27852	6
22	27853	6
22	27854	6
22	27855	6
22	27856	6
22	27857	6
22	27858	6
22	27859	6
22	27860	7
22	27861	7
22	27862	7
22	27863	7
22	27864	7
22	27865	7
22	27866	7
22	27867	7
22	27868	7
22	27869	7
22	27870	7
22	27871	7
22	27872	7
22	27873	7
22	27874	7
22	27875	7
22	27876	7
22	27877	7
22	27878	7
22	27879	7
22	27880	7
22	27881	7
22	27882	7
22	27883	7
22	27884	7
22	27885	7
22	27886	7
22	27887	7
22	27888	7
22	27889	7
22	27890	7
22	27891	7
22	27892	7
22	27893	8
22	27894	8
22	27895	8
22	27896	9
22	27897	9
22	27898	10
22	27899	10
22	27900	11
22	27901	11
22	27902	11
22	27903	11
22	27904	11
22	27905	11
22	27906	11
22	27907	11
22	27908	11
22	27909	11
22	27910	11
22	27911	11
22	27912	11
22	27913	11
22	27914	11
22	27915	11
22	27916	11
22	27917	11
22	27918	10
22	27919	10
22	27920	9
22	27921	9
22	27922	9
22	27923	8
22	27924	8
22	27925	8
22	27926	8
22	27927	8
22	27928	8
22	27929	8
22	27930	8
22	27931	8
22	27932	8
22	27933	8
22	27934	8
22	27935	8
22	27936	8
22	27937	8
22	27938	8
22	27939	8
22	27940	8
22	27941	8
22	27942	8
22	27943	8
22	27944	8
22	27945	8
22	27946	8
22	27947	7
22	27948	7
22	27949	7
22	27950	7
22	27951	7
22	27952	7
22	27953	7
22	27954	7
22	27955	7
22	27956	7
22	27957	8
22	27958	8
22	27959	8
22	27960	9
22	27961	9
22	27962	9
22	27963	9
22	27964	9
22	27965	9
22	27966	8
22	27967	8
22	27968	8
22	27969	8
22	27970	8
22	27971	8
22	27972	8
22	27973	8
22	27974	8
22	27975	8
22	27976	8
22	27977	8
22	27978	8
22	27979	8
22	27980	8
22	27981	8
22	27982	8
22	27983	8
22	27984	8
22	27985	8
22	27986	8
22	27987	8
22	27988	8
22	27989	7
22	27990	7
22	27991	7
22	27992	7
22	27993	7
22	27994	7
22	27995	7
22	27996	7
22	27997	7
22	27998	7
22	27999	7
22	28000	7
22	28001	7
22	28002	7
22	28003	7
22	28004	7
22	28005	7
22	28006	7
22	28007	7
22	28008	7
22	28009	6
22	28010	6
22	28011	6
22	28012	6
22	28013	6
22	28014	6
22	28015	6
22	28016	6
22	28017	6
22	28018	6
22	28019	6
22	28020	6
22	28021	6
22	28022	6
22	28023	6
22	28024	6
22	28025	6
22	28026	7
22	28027	7
22	28028	7
22	28029	7
22	28030	7
22	28031	7
22	28032	7
22	28033	7
22	28034	7
22	28035	7
22	28036	7
22	28037	7
22	28038	8
22	28039	8
22	28040	8
22	28041	8
22	28042	8
22	28043	7
22	28044	7
22	28045	6
22	28046	6
22	28047	5
22	28048	5
22	28049	4
22	28050	4
22	28051	4
22	28052	4
22	28053	4
22	28054	4
22	28055	4
22	28056	4
22	28057	4
22	28058	4
22	28059	4
22	28060	4
22	28061	4
22	28062	4
22	28063	4
22	28064	5
22	28065	5
22	28066	5
22	28067	5
22	28068	5
22	28069	5
22	28070	5
22	28071	5
22	28072	5
22	28073	5
22	28074	5
22	28075	5
22	28076	5
22	28077	5
22	28078	5
22	28079	5
22	28080	5
22	28081	6
22	28082	6
22	28083	6
22	28084	6
22	28085	6
22	28086	6
22	28087	6
22	28088	6
22	28089	6
22	28090	6
22	28091	6
22	28092	6
22	28093	6
22	28094	6
22	28095	6
22	28096	6
22	28097	6
22	28098	6
22	28099	6
22	28100	6
22	28101	6
22	28102	6
22	28103	6
22	28104	6
22	28105	5
22	28106	5
22	28107	5
22	28108	5
22	28109	4
22	28110	4
22	28111	4
22	28112	4
22	28113	4
22	28114	4
22	28115	4
22	28116	4
22	28117	4
22	28118	4
22	28119	4
22	28120	4
22	28121	4
22	28122	4
22	28123	6
22	28124	6
22	28125	6
22	28126	6
22	28127	6
22	28128	6
22	28129	6
22	28130	6
22	28131	6
22	28132	6
22	28133	6
22	28134	6
22	28135	6
22	28136	6
22	28137	6
22	28138	6
22	28139	6
22	28140	6
22	28141	6
22	28142	6
22	28143	6
22	28144	6
22	28145	6
22	28146	6
22	28147	6
22	28148	6
22	28149	6
22	28150	6
22	28151	6
22	28152	6
22	28153	6
22	28154	6
22	28155	6
22	28156	6
22	28157	6
22	28158	6
22	28159	6
22	28160	6
22	28161	6
22	28162	6
22	28163	6
22	28164	6
22	28165	6
22	28166	6
22	28167	6
22	28168	6
22	28169	6
22	28170	6
22	28171	6
22	28172	5
22	28173	5
22	28174	5
22	28175	5
22	28176	5
22	28177	5
22	28178	5
22	28179	5
22	28180	5
22	28181	5
22	28182	5
22	28183	5
22	28184	5
22	28185	5
22	28186	5
22	28187	5
22	28188	4
22	28189	4
22	28190	4
22	28191	4
22	28192	5
22	28193	5
22	28194	5
22	28195	6
22	28196	6
22	28197	6
22	28198	6
22	28199	6
22	28200	6
22	28201	6
22	28202	6
22	28203	6
22	28204	6
22	28205	6
22	28206	6
22	28207	6
22	28208	7
22	28209	7
22	28210	7
22	28211	7
22	28212	7
22	28213	7
22	28214	6
22	28215	6
22	28216	6
22	28217	6
22	28218	6
22	28219	6
22	28220	7
22	28221	7
22	28222	8
22	28223	8
22	28224	8
22	28225	8
22	28226	8
22	28227	8
22	28228	8
22	28229	8
22	28230	8
22	28231	7
22	28232	7
22	28233	7
22	28234	7
22	28235	7
22	28236	7
22	28237	7
22	28238	7
22	28239	7
22	28240	7
22	28241	7
22	28242	7
22	28243	7
22	28244	7
22	28245	7
22	28246	7
22	28247	7
22	28248	7
22	28249	7
22	28250	7
22	28251	7
22	28252	7
22	28253	7
22	28254	7
22	28255	7
22	28256	7
22	28257	7
22	28258	7
22	28259	7
22	28260	8
22	28261	8
22	28262	8
22	28263	8
22	28264	8
22	28265	8
22	28266	8
22	28267	8
22	28268	8
22	28269	8
22	28270	8
22	28271	8
22	28272	8
22	28273	6
22	28274	6
22	28275	7
22	28276	7
22	28277	7
22	28278	7
22	28279	7
22	28280	7
22	28281	7
22	28282	7
22	28283	7
22	28284	7
22	28285	7
22	28286	7
22	28287	7
22	28288	7
22	28289	7
22	28290	7
22	28291	7
22	28292	7
22	28293	7
22	28294	7
22	28295	7
22	28296	7
22	28297	8
22	28298	8
22	28299	8
22	28300	8
22	28301	8
22	28302	8
22	28303	8
22	28304	8
22	28305	8
22	28306	8
22	28307	8
22	28308	8
22	28309	9
22	28310	9
22	28311	9
22	28312	9
22	28313	9
22	28314	10
22	28315	10
22	28316	10
22	28317	10
22	28318	10
22	28319	11
22	28320	11
22	28321	11
22	28322	12
22	28323	12
22	28324	12
22	28325	12
22	28326	12
22	28327	12
22	28328	12
22	28329	12
22	28330	12
22	28331	12
22	28332	12
22	28333	13
22	28334	13
22	28335	13
22	28336	13
22	28337	13
22	28338	13
22	28339	13
22	28340	13
22	28341	13
22	28342	12
22	28343	12
22	28344	11
22	28345	11
22	28346	11
22	28347	13
22	28348	14
22	28349	14
22	28350	14
22	28351	14
22	28352	14
22	28353	14
22	28354	14
22	28355	14
22	28356	13
22	28357	13
22	28358	13
22	28359	13
22	28360	13
22	28361	13
22	28362	13
22	28363	15
22	28364	15
22	28365	15
22	28366	15
22	28367	15
22	28368	15
22	28369	14
22	28370	14
22	28371	14
22	28372	13
22	28373	13
22	28374	13
22	28375	13
22	28376	13
22	28377	13
22	28378	13
22	28379	13
22	28380	14
22	28381	14
22	28382	14
22	28383	14
22	28384	14
22	28385	14
22	28386	15
22	28387	15
22	28388	15
22	28389	15
22	28390	16
22	28391	16
22	28392	16
22	28393	16
22	28394	16
22	28395	16
22	28396	16
22	28397	16
22	28398	16
22	28399	16
22	28400	16
22	28401	16
22	28402	16
22	28403	16
22	28404	16
22	28405	16
22	28406	16
22	28407	16
22	28408	16
22	28409	16
22	28410	15
22	28411	15
22	28412	15
22	28413	15
22	28414	16
22	28415	16
22	28416	16
22	28417	16
22	28418	16
22	28419	16
22	28420	16
22	28421	16
22	28422	16
22	28423	16
22	28424	16
22	28425	15
22	28426	15
22	28427	15
22	28428	15
22	28429	15
22	28430	15
22	28431	15
22	28432	17
22	28433	17
22	28434	17
22	28435	17
22	28436	17
22	28437	17
22	28438	21
22	28439	21
22	28440	21
22	28441	21
22	28442	21
22	28443	21
22	28444	21
22	28445	21
22	28446	21
22	28447	21
22	28448	21
22	28449	21
22	28450	21
22	28451	21
22	28452	21
22	28453	21
22	28454	21
22	28455	21
22	28456	21
22	28457	21
22	28458	21
22	28459	20
22	28460	20
22	28461	20
22	28462	19
22	28463	19
22	28464	20
22	28465	20
22	28466	19
22	28467	19
22	28468	19
22	28469	19
22	28470	19
22	28471	19
22	28472	18
22	28473	18
22	28474	18
22	28475	18
22	28476	18
22	28477	18
22	28478	18
22	28479	18
22	28480	18
22	28481	18
22	28482	17
22	28483	17
22	28484	17
22	28485	17
22	28486	17
22	28487	17
22	28488	17
22	28489	17
22	28490	17
22	28491	17
22	28492	17
22	28493	17
22	28494	17
22	28495	17
22	28496	17
22	28497	15
22	28498	14
22	28499	14
22	28500	14
22	28501	14
22	28502	14
22	28503	12
22	28504	12
22	28505	13
22	28506	13
22	28507	13
22	28508	13
22	28509	13
22	28510	13
22	28511	13
22	28512	11
22	28513	11
22	28514	12
22	28515	13
22	28516	13
22	28517	13
22	28518	13
22	28519	13
22	28520	13
22	28521	14
22	28522	14
22	28523	15
22	28524	16
22	28525	16
22	28526	17
22	28527	17
22	28528	17
22	28529	19
22	28530	18
22	28531	18
22	28532	18
22	28533	18
22	28534	18
22	28535	18
22	28536	17
22	28537	17
22	28538	17
22	28539	17
22	28540	16
22	28541	16
22	28542	16
22	28543	16
22	28544	16
22	28545	16
22	28546	16
22	28547	16
22	28548	14
22	28549	14
22	28550	14
22	28551	14
22	28552	14
22	28553	14
22	28554	14
22	28555	14
22	28556	14
22	28557	14
22	28558	14
22	28559	14
22	28560	14
22	28561	14
22	28562	14
22	28563	14
22	28564	13
22	28565	13
22	28566	14
22	28567	14
22	28568	14
22	28569	14
22	28570	14
22	28571	14
22	28572	14
22	28573	14
22	28574	15
22	28575	16
22	28576	16
22	28577	16
22	28578	16
22	28579	16
22	28580	16
22	28581	17
22	28582	15
22	28583	15
22	28584	15
22	28585	15
22	28586	15
22	28587	15
22	28588	15
22	28589	15
22	28590	16
22	28591	16
22	28592	16
22	28593	16
22	28594	17
22	28595	17
22	28596	16
22	28597	16
22	28598	16
22	28599	16
22	28600	16
22	28601	16
22	28602	16
22	28603	16
22	28604	17
22	28605	17
22	28606	17
22	28607	17
22	28608	17
22	28609	17
22	28610	17
22	28611	17
22	28612	17
22	28613	17
22	28614	16
22	28615	16
22	28616	16
22	28617	17
22	28618	17
22	28619	17
22	28620	19
22	28621	20
22	28622	20
22	28623	21
22	28624	21
22	28625	21
22	28626	21
22	28627	21
22	28628	21
22	28629	21
22	28630	21
22	28631	21
22	28632	21
22	28633	21
22	28634	21
22	28635	21
22	28636	21
22	28637	21
22	28638	21
22	28639	21
22	28640	21
22	28641	21
22	28642	21
22	28643	21
22	28644	21
22	28645	21
22	28646	21
22	28647	21
22	28648	21
22	28649	21
22	28650	21
22	28651	21
22	28652	21
22	28653	21
22	28654	21
22	28655	20
22	28656	20
22	28657	20
22	28658	20
22	28659	20
22	28660	20
22	28661	20
22	28662	20
22	28663	22
22	28664	20
22	28665	20
22	28666	22
22	28667	22
22	28668	22
22	28669	22
22	28670	23
22	28671	22
22	28672	21
22	28673	20
22	28674	20
22	28675	19
22	28676	19
22	28677	20
22	28678	20
22	28679	18
22	28680	18
22	28681	18
22	28682	18
22	28683	18
22	28684	18
22	28685	18
22	28686	18
22	28687	18
22	28688	18
22	28689	18
22	28690	18
22	28691	18
22	28692	18
22	28693	19
22	28694	19
22	28695	19
22	28696	19
22	28697	19
22	28698	19
22	28699	19
22	28700	19
22	28701	19
22	28702	19
22	28703	19
22	28704	20
22	28705	20
22	28706	20
22	28707	20
22	28708	20
22	28709	20
22	28710	20
22	28711	20
22	28712	20
22	28713	19
22	28714	19
22	28715	19
22	28716	19
22	28717	19
22	28718	19
22	28719	19
22	28720	19
22	28721	19
22	28722	19
22	28723	19
22	28724	17
22	28725	17
22	28726	17
22	28727	17
22	28728	17
22	28729	16
22	28730	16
22	28731	17
22	28732	17
22	28733	17
22	28734	17
22	28735	17
22	28736	18
22	28737	18
22	28738	18
22	28739	18
22	28740	17
22	28741	17
22	28742	17
22	28743	16
22	28744	16
22	28745	16
22	28746	16
22	28747	16
22	28748	16
22	28749	16
22	28750	16
22	28751	16
22	28752	16
22	28753	18
22	28754	17
22	28755	17
22	28756	17
22	28757	17
22	28758	17
22	28759	17
22	28760	18
22	28761	18
22	28762	18
22	28763	18
22	28764	18
22	28765	18
22	28766	18
22	28767	18
22	28768	18
22	28769	16
22	28770	15
22	28771	15
22	28772	15
22	28773	14
22	28774	14
22	28775	14
22	28776	14
22	28777	14
22	28778	14
22	28779	14
22	28780	14
22	28781	14
22	28782	14
22	28783	14
22	28784	14
22	28785	14
22	28786	14
22	28787	15
22	28788	15
22	28789	15
22	28790	15
22	28791	15
22	28792	15
22	28793	15
22	28794	15
22	28795	15
22	28796	15
22	28797	15
22	28798	15
22	28799	15
22	28800	15
22	28801	15
22	28802	15
22	28803	15
22	28804	15
22	28805	15
22	28806	15
22	28807	15
22	28808	17
22	28809	17
22	28810	17
22	28811	17
22	28812	17
22	28813	15
22	28814	15
22	28815	15
22	28816	14
22	28817	14
22	28818	14
22	28819	13
22	28820	13
22	28821	13
22	28822	13
22	28823	13
22	28824	13
22	28825	14
22	28826	14
22	28827	13
22	28828	13
22	28829	13
22	28830	13
22	28831	14
22	28832	15
22	28833	15
22	28834	15
22	28835	15
22	28836	15
22	28837	15
22	28838	15
22	28839	15
22	28840	15
22	28841	15
22	28842	15
22	28843	14
22	28844	14
22	28845	14
22	28846	14
22	28847	14
22	28848	14
22	28849	14
22	28850	14
22	28851	14
22	28852	14
22	28853	14
22	28854	14
22	28855	14
22	28856	14
22	28857	15
22	28858	15
22	28859	16
22	28860	16
22	28861	16
22	28862	16
22	28863	16
22	28864	16
22	28865	16
22	28866	16
22	28867	16
22	28868	16
22	28869	16
22	28870	17
22	28871	18
22	28872	18
22	28873	18
22	28874	18
22	28875	18
22	28876	18
22	28877	18
22	28878	18
22	28879	18
22	28880	18
22	28881	15
22	28882	15
22	28883	15
22	28884	15
22	28885	15
22	28886	14
22	28887	16
22	28888	16
22	28889	16
22	28890	16
22	28891	16
22	28892	16
22	28893	16
22	28894	16
22	28895	16
22	28896	16
22	28897	16
22	28898	16
22	28899	16
22	28900	16
22	28901	17
22	28902	17
22	28903	17
22	28904	17
22	28905	17
22	28906	17
22	28907	17
22	28908	18
22	28909	18
22	28910	18
22	28911	18
22	28912	18
22	28913	18
22	28914	18
22	28915	18
22	28916	18
22	28917	17
22	28918	17
22	28919	17
22	28920	17
22	28921	19
22	28922	19
22	28923	19
22	28924	19
22	28925	20
22	28926	20
22	28927	20
22	28928	20
22	28929	20
22	28930	20
22	28931	20
22	28932	20
22	28933	20
22	28934	21
22	28935	21
22	28936	21
22	28937	20
22	28938	20
22	28939	20
22	28940	20
22	28941	20
22	28942	20
22	28943	18
22	28944	18
22	28945	18
22	28946	18
22	28947	18
22	28948	18
22	28949	18
22	28950	18
22	28951	18
22	28952	18
22	28953	18
22	28954	18
22	28955	18
22	28956	18
22	28957	18
22	28958	22
22	28959	22
22	28960	22
22	28961	21
22	28962	22
22	28963	22
22	28964	22
22	28965	22
22	28966	21
22	28967	19
22	28968	19
22	28969	19
22	28970	19
22	28971	19
22	28972	19
22	28973	19
22	28974	19
22	28975	20
22	28976	20
22	28977	20
22	28978	20
22	28979	20
22	28980	19
22	28981	19
22	28982	18
22	28983	18
22	28984	19
22	28985	19
22	28986	19
22	28987	19
22	28988	19
22	28989	19
22	28990	19
22	28991	19
22	28992	19
22	28993	19
22	28994	19
22	28995	19
22	28996	19
22	28997	19
22	28998	19
22	28999	19
22	29000	19
22	29001	19
22	29002	19
22	29003	19
22	29004	18
22	29005	18
22	29006	18
22	29007	17
22	29008	17
22	29009	16
22	29010	16
22	29011	18
22	29012	18
22	29013	18
22	29014	18
22	29015	18
22	29016	18
22	29017	18
22	29018	18
22	29019	18
22	29020	17
22	29021	16
22	29022	16
22	29023	16
22	29024	16
22	29025	16
22	29026	16
22	29027	16
22	29028	16
22	29029	16
22	29030	16
22	29031	16
22	29032	16
22	29033	16
22	29034	17
22	29035	15
22	29036	16
22	29037	16
22	29038	16
22	29039	16
22	29040	16
22	29041	16
22	29042	16
22	29043	16
22	29044	16
22	29045	16
22	29046	16
22	29047	16
22	29048	16
22	29049	16
22	29050	16
22	29051	15
22	29052	15
22	29053	15
22	29054	15
22	29055	15
22	29056	15
22	29057	11
22	29058	9
22	29059	9
22	29060	9
22	29061	9
22	29062	9
22	29063	9
22	29064	9
22	29065	9
22	29066	9
22	29067	9
22	29068	9
22	29069	9
22	29070	9
22	29071	9
22	29072	9
22	29073	8
22	29074	8
22	29075	8
22	29076	8
22	29077	8
22	29078	8
22	29079	8
22	29080	8
22	29081	9
22	29082	9
22	29083	9
22	29084	8
22	29085	8
22	29086	8
22	29087	8
22	29088	8
22	29089	8
22	29090	8
22	29091	8
22	29092	9
22	29093	9
22	29094	9
22	29095	9
22	29096	9
22	29097	9
22	29098	9
22	29099	9
22	29100	9
22	29101	9
22	29102	9
22	29103	9
22	29104	9
22	29105	9
22	29106	9
22	29107	9
22	29108	9
22	29109	9
22	29110	9
22	29111	9
22	29112	9
22	29113	9
22	29114	9
22	29115	9
22	29116	10
22	29117	10
22	29118	10
22	29119	10
22	29120	11
22	29121	11
22	29122	11
22	29123	11
22	29124	11
22	29125	9
22	29126	9
22	29127	10
22	29128	10
22	29129	10
22	29130	10
22	29131	10
22	29132	10
22	29133	9
22	29134	9
22	29135	9
22	29136	9
22	29137	9
22	29138	9
22	29139	9
22	29140	9
22	29141	9
22	29142	9
22	29143	9
22	29144	9
22	29145	9
22	29146	9
22	29147	9
22	29148	9
22	29149	9
22	29150	9
22	29151	9
22	29152	9
22	29153	9
22	29154	9
22	29155	9
22	29156	9
22	29157	9
22	29158	9
22	29159	7
22	29160	10
22	29161	10
22	29162	10
22	29163	10
22	29164	10
22	29165	10
22	29166	10
22	29167	10
22	29168	10
22	29169	10
22	29170	10
22	29171	10
22	29172	10
22	29173	10
22	29174	10
22	29175	10
22	29176	10
22	29177	10
22	29178	10
22	29179	10
22	29180	10
22	29181	10
22	29182	12
22	29183	11
22	29184	11
22	29185	11
22	29186	10
22	29187	11
22	29188	11
22	29189	11
22	29190	11
22	29191	11
22	29192	11
22	29193	11
22	29194	11
22	29195	11
22	29196	11
22	29197	11
22	29198	11
22	29199	11
22	29200	11
22	29201	11
22	29202	11
22	29203	11
22	29204	11
22	29205	11
22	29206	11
22	29207	11
22	29208	11
22	29209	11
22	29210	11
22	29211	11
22	29212	11
22	29213	11
22	29214	11
22	29215	12
22	29216	12
22	29217	12
22	29218	12
22	29219	12
22	29220	12
22	29221	12
22	29222	12
22	29223	13
22	29224	13
22	29225	13
22	29226	13
22	29227	13
22	29228	13
22	29229	13
22	29230	12
22	29231	12
22	29232	12
22	29233	12
22	29234	12
22	29235	12
22	29236	12
22	29237	12
22	29238	12
22	29239	12
22	29240	12
22	29241	12
22	29242	11
22	29243	11
22	29244	11
22	29245	11
22	29246	11
22	29247	11
22	29248	12
22	29249	12
22	29250	12
22	29251	12
22	29252	13
22	29253	13
22	29254	13
22	29255	13
22	29256	13
22	29257	13
22	29258	13
22	29259	13
22	29260	13
22	29261	11
22	29262	11
22	29263	11
22	29264	11
22	29265	12
22	29266	11
22	29267	13
22	29268	13
22	29269	13
22	29270	12
22	29271	12
22	29272	12
22	29273	12
22	29274	12
22	29275	12
22	29276	12
22	29277	11
22	29278	11
22	29279	11
22	29280	11
22	29281	11
22	29282	11
22	29283	11
22	29284	11
22	29285	11
22	29286	11
22	29287	11
22	29288	11
22	29289	11
22	29290	11
22	29291	11
22	29292	11
22	29293	12
22	29294	12
22	29295	12
22	29296	12
22	29297	12
22	29298	12
22	29299	12
22	29300	12
22	29301	12
22	29302	12
22	29303	12
22	29304	12
22	29305	12
22	29306	12
22	29307	12
22	29308	12
22	29309	12
22	29310	9
22	29311	9
22	29312	9
22	29313	9
22	29314	9
22	29315	9
22	29316	9
22	29317	9
22	29318	9
22	29319	9
22	29320	9
22	29321	9
22	29322	9
22	29323	9
22	29324	9
22	29325	9
22	29326	9
22	29327	9
22	29328	9
22	29329	9
22	29330	9
22	29331	9
22	29332	9
22	29333	9
22	29334	9
22	29335	9
22	29336	9
22	29337	8
22	29338	8
22	29339	8
22	29340	8
22	29341	9
22	29342	9
22	29343	9
22	29344	9
22	29345	9
22	29346	9
22	29347	9
22	29348	9
22	29349	9
22	29350	9
22	29351	9
22	29352	9
22	29353	9
22	29354	9
22	29355	9
22	29356	9
22	29357	9
22	29358	9
22	29359	9
22	29360	9
22	29361	9
22	29362	9
22	29363	9
22	29364	8
22	29365	8
22	29366	8
22	29367	8
22	29368	8
22	29369	8
22	29370	8
22	29371	8
22	29372	7
22	29373	7
22	29374	7
22	29375	7
22	29376	7
22	29377	7
22	29378	7
22	29379	7
22	29380	7
22	29381	7
22	29382	7
22	29383	7
22	29384	7
22	29385	7
22	29386	8
22	29387	8
22	29388	8
22	29389	8
22	29390	8
22	29391	8
22	29392	8
22	29393	8
22	29394	8
22	29395	8
22	29396	8
22	29397	8
22	29398	7
22	29399	7
22	29400	6
22	29401	6
22	29402	6
22	29403	6
22	29404	6
22	29405	6
22	29406	6
22	29407	6
22	29408	6
22	29409	6
22	29410	6
22	29411	6
22	29412	6
22	29413	6
22	29414	5
22	29415	5
22	29416	5
22	29417	3
22	29418	3
22	29419	3
22	29420	3
22	29421	3
22	29422	3
22	29423	3
22	29424	3
22	29425	3
22	29426	3
22	29427	3
22	29428	3
22	29429	3
22	29430	3
22	29431	3
22	29432	3
22	29433	3
22	29434	3
22	29435	3
22	29436	3
22	29437	3
22	29438	3
22	29439	3
22	29440	3
22	29441	3
22	29442	3
22	29443	2
22	29444	3
22	29445	3
22	29446	3
22	29447	3
22	29448	3
22	29449	3
22	29450	3
22	29451	3
22	29452	4
22	29453	4
22	29454	4
22	29455	5
22	29456	5
22	29457	5
22	29458	5
22	29459	5
22	29460	5
22	29461	5
22	29462	5
22	29463	5
22	29464	5
22	29465	5
22	29466	5
22	29467	5
22	29468	5
22	29469	5
22	29470	5
22	29471	6
22	29472	6
22	29473	6
22	29474	6
22	29475	6
22	29476	6
22	29477	6
22	29478	6
22	29479	6
22	29480	6
22	29481	7
22	29482	7
22	29483	7
22	29484	7
22	29485	7
22	29486	7
22	29487	7
22	29488	7
22	29489	7
22	29490	7
22	29491	6
22	29492	6
22	29493	6
22	29494	6
22	29495	6
22	29496	6
22	29497	6
22	29498	6
22	29499	6
22	29500	7
22	29501	7
22	29502	7
22	29503	7
22	29504	7
22	29505	7
22	29506	7
22	29507	9
22	29508	9
22	29509	9
22	29510	9
22	29511	9
22	29512	9
22	29513	9
22	29514	9
22	29515	9
22	29516	9
22	29517	9
22	29518	9
22	29519	9
22	29520	9
22	29521	9
22	29522	9
22	29523	9
22	29524	9
22	29525	9
22	29526	9
22	29527	9
22	29528	9
22	29529	9
22	29530	10
22	29531	11
22	29532	11
22	29533	12
22	29534	12
22	29535	12
22	29536	11
22	29537	11
22	29538	12
22	29539	14
22	29540	14
22	29541	15
22	29542	15
22	29543	15
22	29544	15
22	29545	15
22	29546	15
22	29547	15
22	29548	15
22	29549	15
22	29550	15
22	29551	15
22	29552	15
22	29553	15
22	29554	15
22	29555	15
22	29556	15
22	29557	15
22	29558	16
22	29559	17
22	29560	17
22	29561	17
22	29562	17
22	29563	17
22	29564	17
22	29565	17
22	29566	17
22	29567	17
22	29568	17
22	29569	17
22	29570	17
22	29571	17
22	29572	17
22	29573	17
22	29574	17
22	29575	17
22	29576	17
22	29577	17
22	29578	17
22	29579	17
22	29580	17
22	29581	17
22	29582	17
22	29583	18
22	29584	18
22	29585	18
22	29586	18
22	29587	18
22	29588	18
22	29589	18
22	29590	18
22	29591	17
22	29592	17
22	29593	17
22	29594	17
22	29595	17
22	29596	17
22	29597	17
22	29598	17
22	29599	17
22	29600	17
22	29601	17
22	29602	16
22	29603	16
22	29604	15
22	29605	15
22	29606	15
22	29607	15
22	29608	15
22	29609	15
22	29610	15
22	29611	15
22	29612	15
22	29613	16
22	29614	16
22	29615	16
22	29616	16
22	29617	16
22	29618	16
22	29619	16
22	29620	16
22	29621	15
22	29622	15
22	29623	16
22	29624	16
22	29625	16
22	29626	16
22	29627	16
22	29628	16
22	29629	16
22	29630	15
22	29631	15
22	29632	15
22	29633	15
22	29634	15
22	29635	15
22	29636	15
22	29637	15
22	29638	15
22	29639	15
22	29640	15
22	29641	16
22	29642	16
22	29643	16
22	29644	16
22	29645	16
22	29646	16
22	29647	16
22	29648	17
22	29649	16
22	29650	17
22	29651	17
22	29652	17
22	29653	17
22	29654	17
22	29655	17
22	29656	17
22	29657	15
22	29658	15
22	29659	15
22	29660	15
22	29661	15
22	29662	15
22	29663	15
22	29664	15
22	29665	15
22	29666	15
22	29667	15
22	29668	15
22	29669	16
22	29670	16
22	29671	17
22	29672	17
22	29673	17
22	29674	17
22	29675	17
22	29676	17
22	29677	17
22	29678	17
22	29679	17
22	29680	16
22	29681	15
22	29682	15
22	29683	14
22	29684	14
22	29685	14
22	29686	12
22	29687	12
22	29688	11
22	29689	11
22	29690	11
22	29691	10
22	29692	10
22	29693	10
22	29694	10
22	29695	10
22	29696	11
22	29697	11
22	29698	11
22	29699	12
22	29700	12
22	29701	12
22	29702	12
22	29703	12
22	29704	12
22	29705	12
22	29706	12
22	29707	12
22	29708	10
22	29709	10
22	29710	10
22	29711	10
22	29712	10
22	29713	10
22	29714	10
22	29715	10
22	29716	10
22	29717	10
22	29718	10
22	29719	10
22	29720	10
22	29721	10
22	29722	10
22	29723	10
22	29724	10
22	29725	10
22	29726	10
22	29727	10
22	29728	10
22	29729	10
22	29730	9
22	29731	9
22	29732	9
22	29733	9
22	29734	9
22	29735	9
22	29736	9
22	29737	9
22	29738	9
22	29739	9
22	29740	9
22	29741	9
22	29742	9
22	29743	9
22	29744	9
22	29745	9
22	29746	9
22	29747	9
22	29748	9
22	29749	9
22	29750	9
22	29751	9
22	29752	10
22	29753	10
22	29754	10
22	29755	10
22	29756	10
22	29757	10
22	29758	10
22	29759	10
22	29760	10
22	29761	9
22	29762	9
22	29763	9
22	29764	9
22	29765	9
22	29766	9
22	29767	9
22	29768	9
22	29769	9
22	29770	10
22	29771	10
22	29772	9
22	29773	9
22	29774	9
22	29775	9
22	29776	9
22	29777	9
22	29778	9
22	29779	9
22	29780	10
22	29781	10
22	29782	10
22	29783	10
22	29784	10
22	29785	10
22	29786	10
22	29787	10
22	29788	10
22	29789	12
22	29790	12
22	29791	11
22	29792	11
22	29793	11
22	29794	11
22	29795	11
22	29796	10
22	29797	10
22	29798	10
22	29799	10
22	29800	9
22	29801	9
22	29802	9
22	29803	9
22	29804	9
22	29805	10
22	29806	10
22	29807	10
22	29808	10
22	29809	10
22	29810	10
22	29811	10
22	29812	10
22	29813	10
22	29814	10
22	29815	10
22	29816	10
22	29817	10
22	29818	10
22	29819	9
22	29820	8
22	29821	8
22	29822	8
22	29823	8
22	29824	8
22	29825	8
22	29826	8
22	29827	8
22	29828	8
22	29829	8
22	29830	8
22	29831	8
22	29832	8
22	29833	8
22	29834	8
22	29835	8
22	29836	8
22	29837	8
22	29838	8
22	29839	8
22	29840	8
22	29841	8
22	29842	10
22	29843	10
22	29844	10
22	29845	10
22	29846	10
22	29847	10
22	29848	10
22	29849	9
22	29850	9
22	29851	9
22	29852	9
22	29853	9
22	29854	9
22	29855	9
22	29856	9
22	29857	9
22	29858	9
22	29859	9
22	29860	9
22	29861	9
22	29862	9
22	29863	9
22	29864	9
22	29865	9
22	29866	9
22	29867	10
22	29868	10
22	29869	10
22	29870	10
22	29871	10
22	29872	10
22	29873	10
22	29874	10
22	29875	10
22	29876	10
22	29877	10
22	29878	10
22	29879	10
22	29880	10
22	29881	10
22	29882	10
22	29883	10
22	29884	10
22	29885	10
22	29886	10
22	29887	10
22	29888	10
22	29889	10
22	29890	10
22	29891	10
22	29892	10
22	29893	10
22	29894	10
22	29895	10
22	29896	10
22	29897	10
22	29898	10
22	29899	10
22	29900	10
22	29901	10
22	29902	9
22	29903	9
22	29904	9
22	29905	10
22	29906	12
22	29907	12
22	29908	12
22	29909	13
22	29910	13
22	29911	14
22	29912	14
22	29913	14
22	29914	14
22	29915	14
22	29916	15
22	29917	15
22	29918	15
22	29919	16
22	29920	15
22	29921	15
22	29922	15
22	29923	15
22	29924	15
22	29925	15
22	29926	15
22	29927	15
22	29928	15
22	29929	15
22	29930	14
22	29931	14
22	29932	14
22	29933	14
22	29934	14
22	29935	14
22	29936	14
22	29937	14
22	29938	12
22	29939	12
22	29940	12
22	29941	12
22	29942	12
22	29943	12
22	29944	12
22	29945	12
22	29946	12
22	29947	12
22	29948	12
22	29949	12
22	29950	12
22	29951	12
22	29952	12
22	29953	12
22	29954	11
22	29955	11
22	29956	11
22	29957	11
22	29958	11
22	29959	11
22	29960	11
22	29961	11
22	29962	11
22	29963	11
22	29964	11
22	29965	11
22	29966	11
22	29967	11
22	29968	11
22	29969	11
22	29970	11
22	29971	11
22	29972	11
22	29973	11
22	29974	11
22	29975	11
22	29976	11
22	29977	11
22	29978	11
22	29979	11
22	29980	11
22	29981	11
22	29982	11
22	29983	11
22	29984	11
22	29985	11
22	29986	11
22	29987	11
22	29988	11
22	29989	11
22	29990	11
22	29991	11
22	29992	9
22	29993	9
22	29994	9
22	29995	9
22	29996	8
22	29997	8
22	29998	8
22	29999	8
22	30000	8
22	30001	8
22	30002	8
22	30003	8
22	30004	8
22	30005	8
22	30006	8
22	30007	8
22	30008	8
22	30009	8
22	30010	10
22	30011	10
22	30012	10
22	30013	10
22	30014	11
22	30015	11
22	30016	11
22	30017	10
22	30018	10
22	30019	10
22	30020	10
22	30021	10
22	30022	10
22	30023	10
22	30024	10
22	30025	10
22	30026	10
22	30027	10
22	30028	10
22	30029	11
22	30030	11
22	30031	11
22	30032	11
22	30033	11
22	30034	11
22	30035	11
22	30036	11
22	30037	11
22	30038	11
22	30039	12
22	30040	12
22	30041	12
22	30042	12
22	30043	12
22	30044	12
22	30045	13
22	30046	13
22	30047	13
22	30048	13
22	30049	15
22	30050	15
22	30051	15
22	30052	15
22	30053	15
22	30054	15
22	30055	15
22	30056	13
22	30057	13
22	30058	13
22	30059	12
22	30060	12
22	30061	11
22	30062	11
22	30063	11
22	30064	11
22	30065	11
22	30066	10
22	30067	10
22	30068	10
22	30069	9
22	30070	9
22	30071	9
22	30072	9
22	30073	9
22	30074	9
22	30075	10
22	30076	10
22	30077	10
22	30078	10
22	30079	10
22	30080	10
22	30081	10
22	30082	10
22	30083	10
22	30084	10
22	30085	11
22	30086	11
22	30087	11
22	30088	11
22	30089	11
22	30090	11
22	30091	11
22	30092	11
22	30093	11
22	30094	11
22	30095	11
22	30096	11
22	30097	11
22	30098	11
22	30099	11
22	30100	11
22	30101	11
22	30102	11
22	30103	13
22	30104	14
22	30105	16
22	30106	16
22	30107	16
22	30108	16
22	30109	16
22	30110	16
22	30111	16
22	30112	17
22	30113	17
22	30114	17
22	30115	17
22	30116	17
22	30117	17
22	30118	17
22	30119	17
22	30120	17
22	30121	17
22	30122	17
22	30123	17
22	30124	17
22	30125	17
22	30126	17
22	30127	17
22	30128	18
22	30129	18
22	30130	18
22	30131	18
22	30132	18
22	30133	18
22	30134	18
22	30135	18
22	30136	18
22	30137	18
22	30138	18
22	30139	18
22	30140	18
22	30141	18
22	30142	18
22	30143	18
22	30144	18
22	30145	18
22	30146	18
22	30147	18
22	30148	18
22	30149	18
22	30150	19
22	30151	19
22	30152	19
22	30153	19
22	30154	19
22	30155	19
22	30156	19
22	30157	19
22	30158	19
22	30159	19
22	30160	17
22	30161	18
22	30162	18
22	30163	18
22	30164	17
22	30165	17
22	30166	17
22	30167	17
22	30168	17
22	30169	17
22	30170	17
22	30171	17
22	30172	17
22	30173	17
22	30174	17
22	30175	17
22	30176	17
22	30177	17
22	30178	17
22	30179	16
22	30180	16
22	30181	16
22	30182	16
22	30183	16
22	30184	16
22	30185	16
22	30186	16
22	30187	16
22	30188	16
22	30189	15
22	30190	15
22	30191	15
22	30192	15
22	30193	15
22	30194	14
22	30195	14
22	30196	14
22	30197	14
22	30198	12
22	30199	12
22	30200	12
22	30201	12
22	30202	12
22	30203	12
22	30204	11
22	30205	11
22	30206	11
22	30207	11
22	30208	11
22	30209	11
22	30210	11
22	30211	11
22	30212	11
22	30213	11
22	30214	11
22	30215	11
22	30216	11
22	30217	11
22	30218	11
22	30219	11
22	30220	11
22	30221	11
22	30222	11
22	30223	11
22	30224	14
22	30225	13
22	30226	13
22	30227	13
22	30228	13
22	30229	13
22	30230	13
22	30231	13
22	30232	13
22	30233	13
22	30234	12
22	30235	12
22	30236	12
22	30237	12
22	30238	12
22	30239	12
22	30240	12
22	30241	12
22	30242	12
22	30243	12
22	30244	12
22	30245	12
22	30246	12
22	30247	12
22	30248	12
22	30249	12
22	30250	12
22	30251	10
22	30252	10
22	30253	7
22	30254	7
22	30255	7
22	30256	7
22	30257	7
22	30258	7
22	30259	7
22	30260	7
22	30261	6
22	30262	6
22	30263	6
22	30264	6
22	30265	6
22	30266	6
22	30267	6
22	30268	6
22	30269	6
22	30270	6
22	30271	8
22	30272	8
22	30273	8
22	30274	8
22	30275	8
22	30276	8
22	30277	8
22	30278	7
22	30279	8
22	30280	8
22	30281	8
22	30282	8
22	30283	8
22	30284	8
22	30285	8
22	30286	8
22	30287	8
22	30288	8
22	30289	8
22	30290	8
22	30291	9
22	30292	9
22	30293	9
22	30294	9
22	30295	9
22	30296	9
22	30297	9
22	30298	9
22	30299	9
22	30300	8
22	30301	8
22	30302	8
22	30303	8
22	30304	8
22	30305	8
22	30306	8
22	30307	9
22	30308	9
22	30309	9
22	30310	8
22	30311	8
22	30312	8
22	30313	8
22	30314	8
22	30315	8
22	30316	9
22	30317	9
22	30318	9
22	30319	9
22	30320	9
22	30321	11
22	30322	11
22	30323	11
22	30324	11
22	30325	11
22	30326	11
22	30327	11
22	30328	11
22	30329	11
22	30330	12
22	30331	15
22	30332	15
22	30333	15
22	30334	15
22	30335	15
22	30336	15
22	30337	15
22	30338	16
22	30339	16
22	30340	16
22	30341	16
22	30342	16
22	30343	16
22	30344	16
22	30345	16
22	30346	16
22	30347	16
22	30348	16
22	30349	16
22	30350	18
22	30351	18
22	30352	18
22	30353	18
22	30354	18
22	30355	18
22	30356	18
22	30357	18
22	30358	18
22	30359	19
22	30360	19
22	30361	19
22	30362	19
22	30363	19
22	30364	19
22	30365	19
22	30366	19
22	30367	19
22	30368	19
22	30369	20
22	30370	20
22	30371	20
22	30372	20
22	30373	20
22	30374	17
22	30375	17
22	30376	17
22	30377	17
22	30378	17
22	30379	17
22	30380	17
22	30381	19
22	30382	19
22	30383	19
22	30384	19
22	30385	19
22	30386	19
22	30387	19
22	30388	19
22	30389	19
22	30390	19
22	30391	19
22	30392	19
22	30393	19
22	30394	19
22	30395	19
22	30396	19
22	30397	19
22	30398	19
22	30399	19
22	30400	19
22	30401	19
22	30402	19
22	30403	19
22	30404	19
22	30405	19
22	30406	19
22	30407	19
22	30408	19
22	30409	20
22	30410	20
22	30411	20
22	30412	20
22	30413	20
22	30414	20
22	30415	20
22	30416	20
22	30417	20
22	30418	20
22	30419	20
22	30420	20
22	30421	18
22	30422	18
22	30423	18
22	30424	18
22	30425	18
22	30426	18
22	30427	18
22	30428	18
22	30429	17
22	30430	17
22	30431	18
22	30432	18
22	30433	18
22	30434	18
22	30435	18
22	30436	18
22	30437	18
22	30438	18
22	30439	18
22	30440	18
22	30441	17
22	30442	17
22	30443	17
22	30444	17
22	30445	17
22	30446	17
22	30447	17
22	30448	17
22	30449	17
22	30450	17
22	30451	17
22	30452	18
22	30453	18
22	30454	18
22	30455	18
22	30456	18
22	30457	17
22	30458	17
22	30459	17
22	30460	17
22	30461	17
22	30462	17
22	30463	17
22	30464	17
22	30465	16
22	30466	16
22	30467	16
22	30468	14
22	30469	14
22	30470	14
22	30471	14
22	30472	14
22	30473	14
22	30474	14
22	30475	14
22	30476	14
22	30477	14
22	30478	14
22	30479	14
22	30480	13
22	30481	10
22	30482	10
22	30483	10
22	30484	10
22	30485	10
22	30486	9
22	30487	8
22	30488	8
22	30489	9
22	30490	9
22	30491	9
22	30492	9
22	30493	9
22	30494	9
22	30495	9
22	30496	9
22	30497	9
22	30498	11
22	30499	11
22	30500	9
22	30501	9
22	30502	9
22	30503	9
22	30504	9
22	30505	9
22	30506	9
22	30507	9
22	30508	8
22	30509	8
22	30510	8
22	30511	8
22	30512	8
22	30513	8
22	30514	8
22	30515	8
22	30516	8
22	30517	8
22	30518	8
22	30519	8
22	30520	8
22	30521	8
22	30522	8
22	30523	8
22	30524	8
22	30525	8
22	30526	8
22	30527	8
22	30528	8
22	30529	8
22	30530	10
22	30531	8
22	30532	8
22	30533	8
22	30534	8
22	30535	8
22	30536	8
22	30537	8
22	30538	9
22	30539	9
22	30540	9
22	30541	8
22	30542	8
22	30543	8
22	30544	8
22	30545	8
22	30546	8
22	30547	8
22	30548	8
22	30549	8
22	30550	8
22	30551	8
22	30552	8
22	30553	8
22	30554	8
22	30555	8
22	30556	8
22	30557	8
22	30558	8
22	30559	8
22	30560	8
22	30561	8
22	30562	8
22	30563	8
22	30564	8
22	30565	8
22	30566	8
22	30567	11
22	30568	11
22	30569	11
22	30570	11
22	30571	11
22	30572	11
22	30573	11
22	30574	11
22	30575	11
22	30576	11
22	30577	11
22	30578	11
22	30579	11
22	30580	10
22	30581	10
22	30582	10
22	30583	10
22	30584	10
22	30585	10
22	30586	10
22	30587	10
22	30588	10
22	30589	10
22	30590	10
22	30591	10
22	30592	10
22	30593	10
22	30594	10
22	30595	10
22	30596	10
22	30597	10
22	30598	11
22	30599	11
22	30600	11
22	30601	10
22	30602	10
22	30603	10
22	30604	10
22	30605	10
22	30606	10
22	30607	10
22	30608	10
22	30609	10
22	30610	10
22	30611	10
22	30612	10
22	30613	10
22	30614	10
22	30615	10
22	30616	11
22	30617	11
22	30618	11
22	30619	11
22	30620	11
22	30621	11
22	30622	11
22	30623	11
22	30624	11
22	30625	11
22	30626	11
22	30627	11
22	30628	11
22	30629	11
22	30630	11
22	30631	11
22	30632	11
22	30633	11
22	30634	11
22	30635	11
22	30636	11
22	30637	11
22	30638	11
22	30639	11
22	30640	11
22	30641	11
22	30642	11
22	30643	11
22	30644	11
22	30645	11
22	30646	11
22	30647	11
22	30648	7
22	30649	7
22	30650	7
22	30651	7
22	30652	7
22	30653	7
22	30654	7
22	30655	7
22	30656	7
22	30657	7
22	30658	7
22	30659	7
22	30660	7
22	30661	7
22	30662	8
22	30663	8
22	30664	8
22	30665	8
22	30666	8
22	30667	8
22	30668	7
22	30669	7
22	30670	7
22	30671	7
22	30672	7
22	30673	7
22	30674	7
22	30675	7
22	30676	7
22	30677	7
22	30678	7
22	30679	7
22	30680	7
22	30681	7
22	30682	7
22	30683	7
22	30684	7
22	30685	8
22	30686	8
22	30687	8
22	30688	7
22	30689	7
22	30690	8
22	30691	8
22	30692	8
22	30693	9
22	30694	9
22	30695	9
22	30696	9
22	30697	9
22	30698	9
22	30699	9
22	30700	9
22	30701	10
22	30702	10
22	30703	10
22	30704	10
22	30705	10
22	30706	10
22	30707	10
22	30708	10
22	30709	10
22	30710	10
22	30711	10
22	30712	10
22	30713	10
22	30714	10
22	30715	10
22	30716	10
22	30717	7
22	30718	7
22	30719	7
22	30720	7
22	30721	7
22	30722	7
22	30723	7
22	30724	7
22	30725	7
22	30726	7
22	30727	7
22	30728	7
22	30729	7
22	30730	7
22	30731	7
22	30732	7
22	30733	7
22	30734	7
22	30735	7
22	30736	7
22	30737	7
22	30738	7
22	30739	7
22	30740	7
22	30741	7
22	30742	7
22	30743	7
22	30744	7
22	30745	7
22	30746	7
22	30747	7
22	30748	6
22	30749	6
22	30750	6
22	30751	6
22	30752	6
22	30753	6
22	30754	6
22	30755	6
22	30756	6
22	30757	6
22	30758	6
22	30759	6
22	30760	6
22	30761	6
22	30762	6
22	30763	6
22	30764	5
22	30765	5
22	30766	5
22	30767	5
22	30768	5
22	30769	5
22	30770	5
22	30771	5
22	30772	5
22	30773	6
22	30774	6
22	30775	6
22	30776	6
22	30777	6
22	30778	6
22	30779	6
22	30780	6
22	30781	6
22	30782	6
22	30783	6
22	30784	6
22	30785	6
22	30786	6
22	30787	6
22	30788	6
22	30789	6
22	30790	6
22	30791	6
22	30792	6
22	30793	6
22	30794	6
22	30795	6
22	30796	6
22	30797	6
22	30798	6
22	30799	6
22	30800	6
22	30801	6
22	30802	6
22	30803	6
22	30804	6
22	30805	7
22	30806	7
22	30807	7
22	30808	8
22	30809	8
22	30810	8
22	30811	8
22	30812	7
22	30813	7
22	30814	7
22	30815	7
22	30816	7
22	30817	7
22	30818	7
22	30819	7
22	30820	6
22	30821	6
22	30822	6
22	30823	6
22	30824	6
22	30825	6
22	30826	6
22	30827	6
22	30828	6
22	30829	6
22	30830	6
22	30831	6
22	30832	6
22	30833	6
22	30834	6
22	30835	6
22	30836	6
22	30837	6
22	30838	6
22	30839	5
22	30840	5
22	30841	5
22	30842	5
22	30843	4
22	30844	4
22	30845	4
22	30846	4
22	30847	4
22	30848	4
22	30849	4
22	30850	4
22	30851	3
22	30852	3
22	30853	3
22	30854	3
22	30855	3
22	30856	3
22	30857	4
22	30858	4
22	30859	4
22	30860	4
22	30861	4
22	30862	4
22	30863	4
22	30864	4
22	30865	4
22	30866	4
22	30867	4
22	30868	4
22	30869	4
22	30870	4
22	30871	4
22	30872	4
22	30873	4
22	30874	4
22	30875	4
22	30876	4
22	30877	4
22	30878	4
22	30879	4
22	30880	4
22	30881	4
22	30882	4
22	30883	4
22	30884	4
22	30885	4
22	30886	4
22	30887	4
22	30888	4
22	30889	4
22	30890	4
22	30891	4
22	30892	4
22	30893	4
22	30894	4
22	30895	4
22	30896	4
22	30897	4
22	30898	4
22	30899	4
22	30900	4
22	30901	4
22	30902	4
22	30903	4
22	30904	4
22	30905	4
22	30906	4
22	30907	4
22	30908	5
22	30909	5
22	30910	5
22	30911	5
22	30912	5
22	30913	5
22	30914	6
22	30915	6
22	30916	6
22	30917	6
22	30918	6
22	30919	6
22	30920	6
22	30921	6
22	30922	5
22	30923	5
22	30924	5
22	30925	5
22	30926	5
22	30927	5
22	30928	5
22	30929	5
22	30930	5
22	30931	5
22	30932	5
22	30933	5
22	30934	5
22	30935	5
22	30936	5
22	30937	5
22	30938	5
22	30939	5
22	30940	5
22	30941	5
22	30942	5
22	30943	5
22	30944	5
22	30945	5
22	30946	5
22	30947	5
22	30948	5
22	30949	5
22	30950	5
22	30951	5
22	30952	5
22	30953	5
22	30954	4
22	30955	4
22	30956	4
22	30957	4
22	30958	3
22	30959	3
22	30960	3
22	30961	3
22	30962	3
22	30963	3
22	30964	3
22	30965	3
22	30966	3
22	30967	3
22	30968	3
22	30969	3
22	30970	3
22	30971	3
22	30972	3
22	30973	3
22	30974	4
22	30975	4
22	30976	4
22	30977	4
22	30978	4
22	30979	4
22	30980	4
22	30981	4
22	30982	4
22	30983	4
22	30984	4
22	30985	4
22	30986	4
22	30987	4
22	30988	4
22	30989	4
22	30990	4
22	30991	4
22	30992	4
22	30993	4
22	30994	4
22	30995	5
22	30996	5
22	30997	5
22	30998	5
22	30999	5
22	31000	5
22	31001	5
22	31002	5
22	31003	5
22	31004	7
22	31005	7
22	31006	7
22	31007	6
22	31008	6
22	31009	6
22	31010	6
22	31011	6
22	31012	6
22	31013	6
22	31014	6
22	31015	6
22	31016	6
22	31017	6
22	31018	6
22	31019	6
22	31020	7
22	31021	7
22	31022	7
22	31023	7
22	31024	7
22	31025	7
22	31026	7
22	31027	7
22	31028	7
22	31029	7
22	31030	7
22	31031	7
22	31032	7
22	31033	7
22	31034	7
22	31035	7
22	31036	7
22	31037	7
22	31038	7
22	31039	7
22	31040	7
22	31041	7
22	31042	7
22	31043	7
22	31044	7
22	31045	7
22	31046	7
22	31047	7
22	31048	7
22	31049	7
22	31050	7
22	31051	7
22	31052	7
22	31053	7
22	31054	7
22	31055	7
22	31056	7
22	31057	7
22	31058	6
22	31059	6
22	31060	6
22	31061	6
22	31062	6
22	31063	6
22	31064	5
22	31065	5
22	31066	5
22	31067	5
22	31068	5
22	31069	5
22	31070	5
22	31071	5
22	31072	5
22	31073	5
22	31074	5
22	31075	5
22	31076	5
22	31077	5
22	31078	5
22	31079	7
22	31080	7
22	31081	7
22	31082	7
22	31083	7
22	31084	7
22	31085	7
22	31086	7
22	31087	7
22	31088	7
22	31089	7
22	31090	7
22	31091	7
22	31092	7
22	31093	7
22	31094	8
22	31095	8
22	31096	8
22	31097	8
22	31098	8
22	31099	8
22	31100	8
22	31101	8
22	31102	8
22	31103	8
22	31104	8
22	31105	9
22	31106	9
22	31107	10
22	31108	10
22	31109	10
22	31110	10
22	31111	10
22	31112	10
22	31113	10
22	31114	10
22	31115	10
22	31116	10
22	31117	10
22	31118	10
22	31119	10
22	31120	10
22	31121	10
22	31122	10
22	31123	9
22	31124	9
22	31125	9
22	31126	9
22	31127	9
22	31128	9
22	31129	9
22	31130	9
22	31131	9
22	31132	9
22	31133	9
22	31134	9
22	31135	9
22	31136	9
22	31137	9
22	31138	9
22	31139	9
22	31140	10
22	31141	10
22	31142	10
22	31143	10
22	31144	9
22	31145	11
22	31146	11
22	31147	11
22	31148	11
22	31149	11
22	31150	11
22	31151	11
22	31152	11
22	31153	11
22	31154	11
22	31155	11
22	31156	11
22	31157	11
22	31158	11
22	31159	11
22	31160	11
22	31161	11
22	31162	11
22	31163	11
22	31164	11
22	31165	11
22	31166	11
22	31167	10
22	31168	10
22	31169	10
22	31170	10
22	31171	10
22	31172	10
22	31173	10
22	31174	10
22	31175	11
22	31176	11
22	31177	11
22	31178	11
22	31179	11
22	31180	11
22	31181	11
22	31182	11
22	31183	11
22	31184	11
22	31185	11
22	31186	11
22	31187	11
22	31188	11
22	31189	11
22	31190	12
22	31191	12
22	31192	12
22	31193	12
22	31194	13
22	31195	13
22	31196	13
22	31197	13
22	31198	14
22	31199	14
22	31200	14
22	31201	14
22	31202	14
22	31203	14
22	31204	14
22	31205	14
22	31206	14
22	31207	14
22	31208	14
22	31209	14
22	31210	14
22	31211	14
22	31212	14
22	31213	14
22	31214	14
22	31215	14
22	31216	14
22	31217	14
22	31218	14
22	31219	14
22	31220	13
22	31221	13
22	31222	13
22	31223	13
22	31224	13
22	31225	13
22	31226	13
22	31227	13
22	31228	13
22	31229	12
22	31230	12
22	31231	12
22	31232	12
22	31233	12
22	31234	12
22	31235	12
22	31236	13
22	31237	13
22	31238	13
22	31239	13
22	31240	11
22	31241	11
22	31242	11
22	31243	10
22	31244	10
22	31245	10
22	31246	11
22	31247	11
22	31248	11
22	31249	12
22	31250	12
22	31251	12
22	31252	12
22	31253	12
22	31254	12
22	31255	11
22	31256	13
22	31257	12
22	31258	12
22	31259	12
22	31260	12
22	31261	12
22	31262	12
22	31263	12
22	31264	12
22	31265	12
22	31266	12
22	31267	12
22	31268	12
22	31269	12
22	31270	12
22	31271	12
22	31272	12
22	31273	12
22	31274	12
22	31275	12
22	31276	12
22	31277	12
22	31278	12
22	31279	12
22	31280	12
22	31281	12
22	31282	12
22	31283	12
22	31284	12
22	31285	12
22	31286	12
22	31287	12
22	31288	11
22	31289	11
22	31290	11
22	31291	12
22	31292	12
22	31293	12
22	31294	10
22	31295	10
22	31296	10
22	31297	10
22	31298	10
22	31299	10
22	31300	10
22	31301	10
22	31302	10
22	31303	10
22	31304	10
22	31305	10
22	31306	10
22	31307	10
22	31308	10
22	31309	10
22	31310	10
22	31311	10
22	31312	10
22	31313	11
22	31314	11
22	31315	11
22	31316	11
22	31317	11
22	31318	11
22	31319	11
22	31320	11
22	31321	13
22	31322	13
22	31323	13
22	31324	13
22	31325	12
22	31326	12
22	31327	12
22	31328	12
22	31329	12
22	31330	12
22	31331	12
22	31332	12
22	31333	12
22	31334	12
22	31335	12
22	31336	12
22	31337	12
22	31338	11
22	31339	11
22	31340	11
22	31341	11
22	31342	11
22	31343	10
22	31344	10
22	31345	10
22	31346	10
22	31347	10
22	31348	9
22	31349	9
22	31350	9
22	31351	9
22	31352	9
22	31353	9
22	31354	9
22	31355	9
22	31356	9
22	31357	9
22	31358	9
22	31359	9
22	31360	9
22	31361	9
22	31362	9
22	31363	10
22	31364	10
22	31365	10
22	31366	10
22	31367	10
22	31368	10
22	31369	10
22	31370	10
22	31371	10
22	31372	10
22	31373	10
22	31374	10
22	31375	10
22	31376	10
22	31377	10
22	31378	10
22	31379	10
22	31380	10
22	31381	10
22	31382	10
22	31383	10
22	31384	10
22	31385	10
22	31386	9
22	31387	9
22	31388	9
22	31389	9
22	31390	9
22	31391	9
22	31392	9
22	31393	9
22	31394	9
22	31395	8
22	31396	8
22	31397	7
22	31398	8
22	31399	8
22	31400	8
22	31401	8
22	31402	11
22	31403	11
22	31404	11
22	31405	9
22	31406	9
22	31407	9
22	31408	9
22	31409	9
22	31410	9
22	31411	9
22	31412	9
22	31413	9
22	31414	10
22	31415	10
22	31416	10
22	31417	10
22	31418	10
22	31419	10
22	31420	10
22	31421	10
22	31422	10
22	31423	10
22	31424	10
22	31425	10
22	31426	10
22	31427	10
22	31428	10
22	31429	10
22	31430	10
22	31431	10
22	31432	10
22	31433	11
22	31434	11
22	31435	11
22	31436	11
22	31437	11
22	31438	11
22	31439	11
22	31440	11
22	31441	10
22	31442	10
22	31443	10
22	31444	10
22	31445	10
22	31446	10
22	31447	10
22	31448	10
22	31449	10
22	31450	10
22	31451	10
22	31452	10
22	31453	10
22	31454	10
22	31455	10
22	31456	10
22	31457	10
22	31458	10
22	31459	10
22	31460	10
22	31461	10
22	31462	11
22	31463	11
22	31464	11
22	31465	11
22	31466	11
22	31467	11
22	31468	11
22	31469	11
22	31470	10
22	31471	9
22	31472	9
22	31473	9
22	31474	9
22	31475	9
22	31476	9
22	31477	9
22	31478	9
22	31479	10
22	31480	10
22	31481	10
22	31482	10
22	31483	11
22	31484	11
22	31485	11
22	31486	11
22	31487	11
22	31488	11
22	31489	11
22	31490	11
22	31491	11
22	31492	11
22	31493	11
22	31494	11
22	31495	11
22	31496	11
22	31497	11
22	31498	11
22	31499	11
22	31500	11
22	31501	11
22	31502	11
22	31503	11
22	31504	11
22	31505	11
22	31506	11
22	31507	11
22	31508	11
22	31509	11
22	31510	11
22	31511	11
22	31512	11
22	31513	10
22	31514	10
22	31515	10
22	31516	10
22	31517	10
22	31518	10
22	31519	10
22	31520	10
22	31521	10
22	31522	10
22	31523	10
22	31524	10
22	31525	10
22	31526	10
22	31527	10
22	31528	10
22	31529	11
22	31530	11
22	31531	11
22	31532	11
22	31533	11
22	31534	11
22	31535	11
22	31536	12
22	31537	12
22	31538	12
22	31539	12
22	31540	12
22	31541	12
22	31542	12
22	31543	13
22	31544	13
22	31545	13
22	31546	13
22	31547	12
22	31548	12
22	31549	12
22	31550	12
22	31551	12
22	31552	9
22	31553	9
22	31554	9
22	31555	8
22	31556	8
22	31557	8
22	31558	8
22	31559	8
22	31560	8
22	31561	8
22	31562	8
22	31563	8
22	31564	8
22	31565	8
22	31566	8
22	31567	9
22	31568	10
22	31569	10
22	31570	10
22	31571	10
22	31572	10
22	31573	10
22	31574	10
22	31575	10
22	31576	10
22	31577	10
22	31578	10
22	31579	10
22	31580	10
22	31581	10
22	31582	9
22	31583	9
22	31584	9
22	31585	9
22	31586	10
22	31587	10
22	31588	10
22	31589	11
22	31590	11
22	31591	11
22	31592	11
22	31593	13
22	31594	13
22	31595	13
22	31596	13
22	31597	13
22	31598	15
22	31599	16
22	31600	16
22	31601	16
22	31602	17
22	31603	17
22	31604	17
22	31605	17
22	31606	17
22	31607	17
22	31608	17
22	31609	17
22	31610	17
22	31611	17
22	31612	15
22	31613	15
22	31614	15
22	31615	15
22	31616	15
22	31617	15
22	31618	15
22	31619	15
22	31620	15
22	31621	15
22	31622	15
22	31623	17
22	31624	18
22	31625	18
22	31626	18
22	31627	18
22	31628	17
22	31629	17
22	31630	17
22	31631	17
22	31632	17
22	31633	16
22	31634	16
22	31635	16
22	31636	16
22	31637	16
22	31638	16
22	31639	16
22	31640	16
22	31641	17
22	31642	17
22	31643	17
22	31644	17
22	31645	17
22	31646	17
22	31647	17
22	31648	17
22	31649	17
22	31650	17
22	31651	17
22	31652	17
22	31653	18
22	31654	18
22	31655	18
22	31656	18
22	31657	18
22	31658	18
22	31659	18
22	31660	18
22	31661	18
22	31662	20
22	31663	20
22	31664	20
22	31665	20
22	31666	20
22	31667	20
22	31668	20
22	31669	20
22	31670	21
22	31671	21
22	31672	21
22	31673	21
22	31674	21
22	31675	21
22	31676	21
22	31677	21
22	31678	21
22	31679	20
22	31680	20
22	31681	20
22	31682	20
22	31683	20
22	31684	20
22	31685	20
22	31686	19
22	31687	19
22	31688	19
22	31689	19
22	31690	19
22	31691	19
22	31692	19
22	31693	18
22	31694	18
22	31695	18
22	31696	18
22	31697	18
22	31698	18
22	31699	18
22	31700	18
22	31701	18
22	31702	18
22	31703	18
22	31704	18
22	31705	19
22	31706	19
22	31707	19
22	31708	19
22	31709	19
22	31710	19
22	31711	19
22	31712	19
22	31713	19
22	31714	19
22	31715	19
22	31716	19
22	31717	17
22	31718	17
22	31719	17
22	31720	17
22	31721	17
22	31722	17
22	31723	17
22	31724	17
22	31725	17
22	31726	17
22	31727	17
22	31728	17
22	31729	17
22	31730	17
22	31731	17
22	31732	17
22	31733	17
22	31734	17
22	31735	17
22	31736	16
22	31737	16
22	31738	15
22	31739	15
22	31740	15
22	31741	15
22	31742	13
22	31743	13
22	31744	14
22	31745	15
22	31746	13
22	31747	13
22	31748	12
22	31749	12
22	31750	12
22	31751	12
22	31752	11
22	31753	11
22	31754	11
22	31755	11
22	31756	11
22	31757	11
22	31758	11
22	31759	11
22	31760	11
22	31761	11
22	31762	11
22	31763	11
22	31764	11
22	31765	11
22	31766	11
22	31767	11
22	31768	11
22	31769	11
22	31770	11
22	31771	11
22	31772	11
22	31773	9
22	31774	8
22	31775	8
22	31776	8
22	31777	8
22	31778	8
22	31779	10
22	31780	10
22	31781	10
22	31782	10
22	31783	10
22	31784	10
22	31785	10
22	31786	10
22	31787	11
22	31788	12
22	31789	12
22	31790	12
22	31791	12
22	31792	12
22	31793	12
22	31794	12
22	31795	12
22	31796	12
22	31797	12
22	31798	12
22	31799	12
22	31800	12
22	31801	12
22	31802	11
22	31803	11
22	31804	11
22	31805	12
22	31806	12
22	31807	12
22	31808	12
22	31809	14
22	31810	16
22	31811	16
22	31812	14
22	31813	14
22	31814	14
22	31815	14
22	31816	14
22	31817	14
22	31818	14
22	31819	14
22	31820	13
22	31821	13
22	31822	13
22	31823	13
22	31824	14
22	31825	14
22	31826	14
22	31827	14
22	31828	14
22	31829	14
22	31830	14
22	31831	14
22	31832	14
22	31833	14
22	31834	14
22	31835	14
22	31836	14
22	31837	14
22	31838	14
22	31839	14
22	31840	14
22	31841	14
22	31842	14
22	31843	14
22	31844	14
22	31845	14
22	31846	14
22	31847	14
22	31848	14
22	31849	14
22	31850	14
22	31851	14
22	31852	14
22	31853	14
22	31854	13
22	31855	13
22	31856	13
22	31857	13
22	31858	13
22	31859	13
22	31860	13
22	31861	13
22	31862	13
22	31863	13
22	31864	14
22	31865	14
22	31866	14
22	31867	14
22	31868	14
22	31869	14
22	31870	14
22	31871	14
22	31872	14
22	31873	14
22	31874	15
22	31875	15
22	31876	15
22	31877	16
22	31878	16
22	31879	16
22	31880	16
22	31881	16
22	31882	16
22	31883	17
22	31884	17
22	31885	18
22	31886	19
22	31887	19
22	31888	19
22	31889	19
22	31890	19
22	31891	19
22	31892	19
22	31893	19
22	31894	18
22	31895	17
22	31896	17
22	31897	17
22	31898	17
22	31899	19
22	31900	19
22	31901	19
22	31902	19
22	31903	19
22	31904	19
22	31905	19
22	31906	19
22	31907	19
22	31908	17
22	31909	17
22	31910	17
22	31911	17
22	31912	17
22	31913	17
22	31914	17
22	31915	17
22	31916	17
22	31917	17
22	31918	17
22	31919	17
22	31920	17
22	31921	17
22	31922	17
22	31923	17
22	31924	17
22	31925	17
22	31926	17
22	31927	17
22	31928	19
22	31929	17
22	31930	17
22	31931	17
22	31932	17
22	31933	17
22	31934	17
22	31935	17
22	31936	17
22	31937	17
22	31938	17
22	31939	17
22	31940	17
22	31941	16
22	31942	16
22	31943	16
22	31944	16
22	31945	16
22	31946	16
22	31947	16
22	31948	16
22	31949	17
22	31950	17
22	31951	17
22	31952	17
22	31953	17
22	31954	17
22	31955	17
22	31956	17
22	31957	17
22	31958	15
22	31959	13
22	31960	13
22	31961	13
22	31962	13
22	31963	13
22	31964	13
22	31965	13
22	31966	13
22	31967	13
22	31968	13
22	31969	13
22	31970	13
22	31971	13
22	31972	12
22	31973	12
22	31974	12
22	31975	12
22	31976	12
22	31977	12
22	31978	12
22	31979	12
22	31980	12
22	31981	12
22	31982	12
22	31983	12
22	31984	12
22	31985	12
22	31986	12
22	31987	12
22	31988	12
22	31989	12
22	31990	12
22	31991	12
22	31992	12
22	31993	12
22	31994	12
22	31995	12
22	31996	12
22	31997	12
22	31998	12
22	31999	12
22	32000	12
22	32001	12
22	32002	12
22	32003	12
22	32004	12
22	32005	12
22	32006	12
22	32007	12
22	32008	12
22	32009	12
22	32010	12
22	32011	12
22	32012	12
22	32013	12
22	32014	12
22	32015	12
22	32016	12
22	32017	12
22	32018	12
22	32019	12
22	32020	12
22	32021	12
22	32022	12
22	32023	12
22	32024	11
22	32025	11
22	32026	10
22	32027	10
22	32028	10
22	32029	10
22	32030	9
22	32031	8
22	32032	8
22	32033	8
22	32034	8
22	32035	7
22	32036	7
22	32037	7
22	32038	7
22	32039	7
22	32040	7
22	32041	7
22	32042	7
22	32043	7
22	32044	7
22	32045	10
22	32046	10
22	32047	10
22	32048	9
22	32049	12
22	32050	13
22	32051	13
22	32052	13
22	32053	13
22	32054	13
22	32055	13
22	32056	13
22	32057	13
22	32058	13
22	32059	13
22	32060	13
22	32061	13
22	32062	13
22	32063	13
22	32064	13
22	32065	13
22	32066	13
22	32067	13
22	32068	13
22	32069	13
22	32070	13
22	32071	13
22	32072	13
22	32073	13
22	32074	13
22	32075	13
22	32076	13
22	32077	11
22	32078	11
22	32079	11
22	32080	11
22	32081	11
22	32082	11
22	32083	11
22	32084	11
22	32085	11
22	32086	11
22	32087	11
22	32088	11
22	32089	11
22	32090	11
22	32091	11
22	32092	11
22	32093	11
22	32094	11
22	32095	11
22	32096	12
22	32097	12
22	32098	12
22	32099	11
22	32100	11
22	32101	11
22	32102	11
22	32103	11
22	32104	10
22	32105	10
22	32106	10
22	32107	10
22	32108	10
22	32109	10
22	32110	10
22	32111	10
22	32112	10
22	32113	10
22	32114	10
22	32115	10
22	32116	10
22	32117	10
22	32118	10
22	32119	10
22	32120	10
22	32121	10
22	32122	10
22	32123	10
22	32124	11
22	32125	11
22	32126	11
22	32127	11
22	32128	11
22	32129	11
22	32130	11
22	32131	11
22	32132	11
22	32133	11
22	32134	11
22	32135	11
22	32136	11
22	32137	11
22	32138	11
22	32139	11
22	32140	11
22	32141	11
22	32142	11
22	32143	11
22	32144	11
22	32145	11
22	32146	11
22	32147	11
22	32148	11
22	32149	11
22	32150	11
22	32151	11
22	32152	11
22	32153	11
22	32154	11
22	32155	11
22	32156	11
22	32157	11
22	32158	11
22	32159	11
22	32160	10
22	32161	10
22	32162	10
22	32163	10
22	32164	10
22	32165	10
22	32166	10
22	32167	10
22	32168	10
22	32169	10
22	32170	10
22	32171	10
22	32172	10
22	32173	10
22	32174	10
22	32175	10
22	32176	10
22	32177	10
22	32178	10
22	32179	10
22	32180	10
22	32181	10
22	32182	10
22	32183	10
22	32184	10
22	32185	10
22	32186	10
22	32187	10
22	32188	10
22	32189	10
22	32190	10
22	32191	10
22	32192	10
22	32193	10
22	32194	10
22	32195	8
22	32196	9
22	32197	9
22	32198	8
22	32199	6
22	32200	5
22	32201	5
22	32202	5
22	32203	5
22	32204	5
22	32205	5
22	32206	7
22	32207	7
22	32208	7
22	32209	7
22	32210	7
22	32211	7
22	32212	7
22	32213	7
22	32214	7
22	32215	7
22	32216	7
22	32217	7
22	32218	7
22	32219	7
22	32220	7
22	32221	7
22	32222	7
22	32223	7
22	32224	7
22	32225	7
22	32226	7
22	32227	7
22	32228	7
22	32229	7
22	32230	7
22	32231	7
22	32232	7
22	32233	7
22	32234	7
22	32235	7
22	32236	7
22	32237	7
22	32238	7
22	32239	7
22	32240	7
22	32241	7
22	32242	7
22	32243	7
22	32244	7
22	32245	6
22	32246	6
22	32247	6
22	32248	6
22	32249	6
22	32250	6
22	32251	6
22	32252	6
22	32253	6
22	32254	7
22	32255	7
22	32256	7
22	32257	7
22	32258	7
22	32259	7
22	32260	7
22	32261	7
22	32262	7
22	32263	7
22	32264	7
22	32265	7
22	32266	7
22	32267	7
22	32268	7
22	32269	7
22	32270	7
22	32271	7
22	32272	7
22	32273	7
22	32274	6
22	32275	6
22	32276	6
22	32277	6
22	32278	6
22	32279	6
22	32280	6
22	32281	6
22	32282	6
22	32283	6
22	32284	6
22	32285	6
22	32286	6
22	32287	6
22	32288	6
22	32289	6
22	32290	6
22	32291	6
22	32292	6
22	32293	6
22	32294	6
22	32295	6
22	32296	6
22	32297	6
22	32298	6
22	32299	6
22	32300	6
22	32301	6
22	32302	6
22	32303	6
22	32304	6
22	32305	6
22	32306	6
22	32307	6
22	32308	6
22	32309	6
22	32310	6
22	32311	7
22	32312	7
22	32313	7
22	32314	7
22	32315	7
22	32316	7
22	32317	9
22	32318	9
22	32319	9
22	32320	9
22	32321	9
22	32322	9
22	32323	9
22	32324	9
22	32325	9
22	32326	9
22	32327	9
22	32328	9
22	32329	9
22	32330	9
22	32331	9
22	32332	9
22	32333	9
22	32334	9
22	32335	9
22	32336	9
22	32337	9
22	32338	6
22	32339	6
22	32340	6
22	32341	7
22	32342	7
22	32343	7
22	32344	9
22	32345	9
22	32346	9
22	32347	9
22	32348	9
22	32349	9
22	32350	9
22	32351	9
22	32352	9
22	32353	9
22	32354	9
22	32355	7
22	32356	7
22	32357	7
22	32358	7
22	32359	7
22	32360	7
22	32361	7
22	32362	7
22	32363	7
22	32364	7
22	32365	7
22	32366	7
22	32367	7
22	32368	7
22	32369	7
22	32370	7
22	32371	7
22	32372	7
22	32373	7
22	32374	7
22	32375	7
22	32376	7
22	32377	7
22	32378	7
22	32379	7
22	32380	7
22	32381	7
22	32382	7
22	32383	7
22	32384	7
22	32385	7
22	32386	7
22	32387	7
22	32388	7
22	32389	7
22	32390	7
22	32391	7
22	32392	7
22	32393	7
22	32394	7
22	32395	7
22	32396	7
22	32397	7
22	32398	7
22	32399	7
22	32400	7
22	32401	7
22	32402	7
22	32403	7
22	32404	7
22	32405	7
22	32406	7
22	32407	7
22	32408	7
22	32409	7
22	32410	7
22	32411	7
22	32412	7
22	32413	7
22	32414	7
22	32415	7
22	32416	7
22	32417	7
22	32418	7
22	32419	7
22	32420	7
22	32421	7
22	32422	7
22	32423	7
22	32424	7
22	32425	7
22	32426	9
22	32427	10
22	32428	10
22	32429	10
22	32430	10
22	32431	10
22	32432	10
22	32433	10
22	32434	10
22	32435	10
22	32436	10
22	32437	10
22	32438	10
22	32439	10
22	32440	10
22	32441	10
22	32442	10
22	32443	10
22	32444	10
22	32445	11
22	32446	11
22	32447	11
22	32448	11
22	32449	11
22	32450	11
22	32451	11
22	32452	11
22	32453	11
22	32454	11
22	32455	11
22	32456	11
22	32457	15
22	32458	15
22	32459	16
22	32460	16
22	32461	15
22	32462	15
22	32463	15
22	32464	15
22	32465	15
22	32466	15
22	32467	15
22	32468	15
22	32469	16
22	32470	16
22	32471	16
22	32472	16
22	32473	16
22	32474	16
22	32475	16
22	32476	16
22	32477	16
22	32478	16
22	32479	16
22	32480	16
22	32481	16
22	32482	16
22	32483	16
22	32484	19
22	32485	19
22	32486	19
22	32487	19
22	32488	19
22	32489	19
22	32490	19
22	32491	19
22	32492	19
22	32493	19
22	32494	15
22	32495	16
22	32496	16
22	32497	16
22	32498	16
22	32499	16
22	32500	16
22	32501	16
22	32502	16
22	32503	16
22	32504	16
22	32505	16
22	32506	16
22	32507	16
22	32508	16
22	32509	16
22	32510	17
22	32511	17
22	32512	17
22	32513	17
22	32514	17
22	32515	17
22	32516	17
22	32517	17
22	32518	17
22	32519	19
22	32520	19
22	32521	19
22	32522	19
22	32523	19
22	32524	19
22	32525	19
22	32526	19
22	32527	19
22	32528	19
22	32529	19
22	32530	19
22	32531	19
22	32532	19
22	32533	19
22	32534	19
22	32535	19
22	32536	19
22	32537	19
22	32538	19
22	32539	19
22	32540	20
22	32541	20
22	32542	20
22	32543	20
22	32544	20
22	32545	20
22	32546	20
22	32547	19
22	32548	19
22	32549	19
22	32550	19
22	32551	19
22	32552	19
22	32553	19
22	32554	20
22	32555	20
22	32556	20
22	32557	20
22	32558	20
22	32559	20
22	32560	18
22	32561	18
22	32562	18
22	32563	18
22	32564	18
22	32565	18
22	32566	18
22	32567	18
22	32568	18
22	32569	18
22	32570	18
22	32571	18
22	32572	18
22	32573	18
22	32574	18
22	32575	18
22	32576	17
22	32577	17
22	32578	17
22	32579	17
22	32580	17
22	32581	17
22	32582	18
22	32583	18
22	32584	18
22	32585	18
22	32586	18
22	32587	16
22	32588	16
22	32589	16
22	32590	16
22	32591	16
22	32592	16
22	32593	16
22	32594	15
22	32595	15
22	32596	15
22	32597	15
22	32598	15
22	32599	15
22	32600	15
22	32601	15
22	32602	15
22	32603	15
22	32604	15
22	32605	15
22	32606	15
22	32607	13
22	32608	13
22	32609	12
22	32610	12
22	32611	12
22	32612	12
22	32613	12
22	32614	11
22	32615	11
22	32616	10
22	32617	9
22	32618	9
22	32619	9
22	32620	9
22	32621	9
22	32622	9
22	32623	9
22	32624	9
22	32625	9
22	32626	9
22	32627	9
22	32628	9
22	32629	9
22	32630	9
22	32631	9
22	32632	9
22	32633	9
22	32634	8
22	32635	8
22	32636	8
22	32637	8
22	32638	8
22	32639	8
22	32640	9
22	32641	8
22	32642	8
22	32643	8
22	32644	8
22	32645	7
22	32646	7
22	32647	7
22	32648	7
22	32649	7
22	32650	8
22	32651	9
22	32652	9
22	32653	9
22	32654	9
22	32655	9
22	32656	9
22	32657	9
22	32658	9
22	32659	9
22	32660	8
22	32661	8
22	32662	8
22	32663	8
22	32664	8
22	32665	8
22	32666	8
22	32667	8
22	32668	8
22	32669	8
22	32670	8
22	32671	8
22	32672	10
22	32673	10
22	32674	10
22	32675	10
22	32676	10
22	32677	10
22	32678	10
22	32679	10
22	32680	10
22	32681	10
22	32682	10
22	32683	10
22	32684	10
22	32685	10
22	32686	10
22	32687	10
22	32688	10
22	32689	10
22	32690	9
22	32691	9
22	32692	10
22	32693	10
22	32694	10
22	32695	10
22	32696	10
22	32697	10
22	32698	10
22	32699	10
22	32700	10
22	32701	10
22	32702	9
22	32703	9
22	32704	9
22	32705	9
22	32706	9
22	32707	9
22	32708	9
22	32709	9
22	32710	9
22	32711	9
22	32712	9
22	32713	9
22	32714	9
22	32715	9
22	32716	9
22	32717	9
22	32718	9
22	32719	9
22	32720	9
22	32721	9
22	32722	9
22	32723	9
22	32724	9
22	32725	10
22	32726	10
22	32727	10
22	32728	10
22	32729	10
22	32730	10
22	32731	10
22	32732	9
22	32733	9
22	32734	9
22	32735	10
22	32736	10
22	32737	10
22	32738	10
22	32739	10
22	32740	10
22	32741	10
22	32742	10
22	32743	10
22	32744	10
22	32745	10
22	32746	11
22	32747	11
22	32748	11
22	32749	11
22	32750	11
22	32751	11
22	32752	11
22	32753	11
22	32754	11
22	32755	11
22	32756	11
22	32757	11
22	32758	11
22	32759	11
22	32760	11
22	32761	11
22	32762	11
22	32763	11
22	32764	11
22	32765	11
22	32766	11
22	32767	11
22	32768	11
22	32769	11
22	32770	11
22	32771	11
22	32772	11
22	32773	11
22	32774	11
22	32775	11
22	32776	11
22	32777	11
22	32778	11
22	32779	14
22	32780	14
22	32781	14
22	32782	14
22	32783	14
22	32784	15
22	32785	15
22	32786	16
22	32787	16
22	32788	16
22	32789	15
22	32790	15
22	32791	15
22	32792	15
22	32793	15
22	32794	15
22	32795	15
22	32796	15
22	32797	16
22	32798	16
22	32799	16
22	32800	15
22	32801	14
22	32802	14
22	32803	14
22	32804	14
22	32805	14
22	32806	15
22	32807	15
22	32808	15
22	32809	16
22	32810	16
22	32811	16
22	32812	16
22	32813	16
22	32814	16
22	32815	16
22	32816	16
22	32817	16
22	32818	15
22	32819	16
22	32820	16
22	32821	16
22	32822	14
22	32823	14
22	32824	14
22	32825	14
22	32826	14
22	32827	14
22	32828	14
22	32829	14
22	32830	14
22	32831	12
22	32832	14
22	32833	14
22	32834	14
22	32835	14
22	32836	14
22	32837	14
22	32838	14
22	32839	14
22	32840	14
22	32841	13
22	32842	13
22	32843	13
22	32844	14
22	32845	14
22	32846	14
22	32847	14
22	32848	14
22	32849	14
22	32850	14
22	32851	14
22	32852	14
22	32853	14
22	32854	14
22	32855	14
22	32856	14
22	32857	14
22	32858	14
22	32859	15
22	32860	15
22	32861	15
22	32862	15
22	32863	15
22	32864	15
22	32865	15
22	32866	15
22	32867	15
22	32868	15
22	32869	15
22	32870	15
22	32871	15
22	32872	14
22	32873	14
22	32874	14
22	32875	14
22	32876	14
22	32877	14
22	32878	14
22	32879	14
22	32880	14
22	32881	14
22	32882	14
22	32883	14
22	32884	14
22	32885	13
22	32886	13
22	32887	13
22	32888	13
22	32889	13
22	32890	13
22	32891	13
22	32892	13
22	32893	13
22	32894	13
22	32895	13
22	32896	12
22	32897	13
22	32898	13
22	32899	13
22	32900	13
22	32901	13
22	32902	13
22	32903	13
22	32904	13
22	32905	13
22	32906	13
22	32907	13
22	32908	13
22	32909	13
22	32910	13
22	32911	13
22	32912	14
22	32913	14
22	32914	14
22	32915	14
22	32916	14
22	32917	14
22	32918	15
22	32919	15
22	32920	15
22	32921	15
22	32922	15
22	32923	15
22	32924	15
22	32925	15
22	32926	15
22	32927	15
22	32928	15
22	32929	12
22	32930	12
22	32931	12
22	32932	12
22	32933	12
22	32934	11
22	32935	11
22	32936	10
22	32937	10
22	32938	10
22	32939	11
22	32940	11
22	32941	11
22	32942	11
22	32943	11
22	32944	11
22	32945	11
22	32946	11
22	32947	10
22	32948	10
22	32949	10
22	32950	10
22	32951	10
22	32952	10
22	32953	10
22	32954	10
22	32955	10
22	32956	9
22	32957	9
22	32958	8
22	32959	8
22	32960	8
22	32961	8
22	32962	8
22	32963	8
22	32964	8
22	32965	8
22	32966	8
22	32967	7
22	32968	7
22	32969	6
22	32970	6
22	32971	6
22	32972	6
22	32973	6
22	32974	6
22	32975	6
22	32976	6
22	32977	6
22	32978	6
22	32979	6
22	32980	6
22	32981	6
22	32982	6
22	32983	6
22	32984	6
22	32985	6
22	32986	6
22	32987	6
22	32988	6
22	32989	6
22	32990	6
22	32991	6
22	32992	6
22	32993	6
22	32994	5
22	32995	5
22	32996	5
22	32997	5
22	32998	5
22	32999	5
22	33000	5
22	33001	5
22	33002	5
22	33003	5
22	33004	5
22	33005	5
22	33006	5
22	33007	6
22	33008	6
22	33009	5
22	33010	5
22	33011	5
22	33012	5
22	33013	5
22	33014	5
22	33015	5
22	33016	5
22	33017	5
22	33018	5
22	33019	5
22	33020	5
22	33021	5
22	33022	5
22	33023	5
22	33024	5
22	33025	6
22	33026	6
22	33027	6
22	33028	6
22	33029	6
22	33030	6
22	33031	6
22	33032	6
22	33033	6
22	33034	6
22	33035	6
22	33036	6
22	33037	6
22	33038	6
22	33039	6
22	33040	6
22	33041	6
22	33042	6
22	33043	6
22	33044	6
22	33045	6
22	33046	5
22	33047	5
22	33048	5
22	33049	5
22	33050	5
22	33051	5
22	33052	5
22	33053	5
22	33054	5
22	33055	5
22	33056	5
22	33057	5
22	33058	5
22	33059	6
22	33060	6
22	33061	6
22	33062	5
22	33063	5
22	33064	5
22	33065	5
22	33066	5
22	33067	4
22	33068	4
22	33069	4
22	33070	5
22	33071	5
22	33072	5
22	33073	5
22	33074	5
22	33075	5
22	33076	5
22	33077	5
22	33078	5
22	33079	5
22	33080	5
22	33081	5
22	33082	5
22	33083	5
22	33084	5
22	33085	5
22	33086	5
22	33087	4
22	33088	4
22	33089	4
22	33090	4
22	33091	4
22	33092	4
22	33093	4
22	33094	4
22	33095	4
22	33096	4
22	33097	4
22	33098	4
22	33099	4
22	33100	4
22	33101	4
22	33102	4
22	33103	4
22	33104	4
22	33105	4
22	33106	4
22	33107	4
22	33108	4
22	33109	4
22	33110	4
22	33111	4
22	33112	4
22	33113	4
22	33114	4
22	33115	4
22	33116	4
22	33117	4
22	33118	4
22	33119	4
22	33120	4
22	33121	4
22	33122	4
22	33123	4
22	33124	4
22	33125	4
22	33126	4
22	33127	4
22	33128	4
22	33129	4
22	33130	4
22	33131	4
22	33132	4
22	33133	4
22	33134	4
22	33135	4
22	33136	4
22	33137	4
22	33138	4
22	33139	4
22	33140	4
22	33141	4
22	33142	4
22	33143	4
22	33144	4
22	33145	4
22	33146	4
22	33147	5
22	33148	5
22	33149	5
22	33150	5
22	33151	5
22	33152	5
22	33153	5
22	33154	4
22	33155	4
22	33156	4
22	33157	4
22	33158	4
22	33159	4
22	33160	4
22	33161	4
22	33162	4
22	33163	4
22	33164	4
22	33165	4
22	33166	0
22	33167	4
22	33168	4
22	33169	4
22	33170	4
22	33171	4
22	33172	4
22	33173	4
22	33174	4
22	33175	3
22	33176	3
22	33177	3
22	33178	3
22	33179	3
22	33180	3
22	33181	3
22	33182	3
22	33183	3
22	33184	3
22	33185	3
22	33186	3
22	33187	3
22	33188	3
22	33189	3
22	33190	3
22	33191	3
22	33192	3
22	33193	3
22	33194	3
22	33195	3
22	33196	3
22	33197	3
22	33198	3
22	33199	3
22	33200	3
22	33201	3
22	33202	3
22	33203	3
22	33204	3
22	33205	3
22	33206	3
22	33207	3
22	33208	3
22	33209	4
22	33210	3
22	33211	3
22	33212	3
22	33213	3
22	33214	3
22	33215	3
22	33216	3
22	33217	3
22	33218	3
22	33219	3
22	33220	2
22	33221	2
22	33222	2
22	33223	2
22	33224	2
22	33225	2
22	33226	2
22	33227	2
22	33228	2
22	33229	2
22	33230	2
22	33231	2
22	33232	2
22	33233	2
22	33234	2
22	33235	2
22	33236	2
22	33237	2
22	33238	2
22	33239	2
22	33240	2
22	33241	2
22	33242	2
22	33243	2
22	33244	2
22	33245	2
22	33246	2
22	33247	2
22	33248	2
22	33249	2
22	33250	2
22	33251	2
22	33252	2
22	33253	2
22	33254	2
22	33255	2
22	33256	2
22	33257	2
22	33258	2
22	33259	2
22	33260	2
22	33261	2
22	33262	2
22	33263	2
22	33264	2
22	33265	2
22	33266	2
22	33267	2
22	33268	2
22	33269	2
22	33270	2
22	33271	2
22	33272	2
22	33273	2
22	33274	2
22	33275	2
22	33276	2
22	33277	2
22	33278	2
22	33279	2
22	33280	2
22	33281	2
22	33282	2
22	33283	2
22	33284	2
22	33285	2
22	33286	2
22	33287	2
22	33288	2
22	33289	2
22	33290	2
22	33291	2
22	33292	2
22	33293	1
22	33294	1
22	33295	1
22	33296	1
22	33309	1
22	33310	1
22	33311	1
22	33312	1
22	33313	1
22	33314	1
22	33315	1
22	33316	1
22	33317	1
22	33318	1
22	33319	1
22	33320	1
22	33321	1
22	33322	1
22	33323	1
22	33324	1
22	33325	1
22	33326	1
22	33327	1
22	33328	1
22	33329	1
22	33330	1
22	33331	1
22	33332	1
22	33333	1
22	33334	1
22	33335	1
22	33336	1
22	33337	1
22	33338	1
22	33339	1
22	33340	1
22	33341	1
22	33342	1
22	33343	1
22	33344	1
22	33345	1
22	33346	1
22	33347	1
22	33348	1
22	33349	1
22	33350	1
22	33351	1
22	33352	1
22	33353	1
22	33354	1
22	33355	1
22	33356	1
22	33357	1
22	33358	1
22	33359	1
22	33360	1
22	33361	1
22	33362	1
22	33363	1
22	33364	1
22	33365	1
22	33366	1
22	33367	1
22	33368	1
22	33369	1
22	33370	1
22	33371	1
22	33372	1
22	33373	1
22	33374	1
22	33375	1
22	33376	1
22	33377	1
22	33378	1
22	33379	1
22	33380	1
22	33381	1
22	33382	1
22	33383	1
22	33384	1
22	33385	1
22	33386	1
22	33387	1
22	33388	2
22	33389	2
22	33390	2
22	33391	2
22	33392	2
22	33393	2
22	33394	2
22	33395	2
22	33396	2
22	33397	2
22	33398	2
22	33399	2
22	33400	2
22	33401	2
22	33402	2
22	33403	2
22	33404	2
22	33405	2
22	33406	2
22	33407	2
22	33408	2
22	33409	2
22	33410	4
22	33411	4
22	33412	4
22	33413	4
22	33414	4
22	33415	4
22	33416	4
22	33417	4
22	33418	4
22	33419	4
22	33420	4
22	33421	4
22	33422	4
22	33423	4
22	33424	4
22	33425	4
22	33426	4
22	33427	4
22	33428	4
22	33429	5
22	33430	5
22	33431	5
22	33432	6
22	33433	6
22	33434	6
22	33435	6
22	33436	6
22	33437	6
22	33438	6
22	33439	6
22	33440	6
22	33441	6
22	33442	6
22	33443	6
22	33444	6
22	33445	6
22	33446	6
22	33447	6
22	33448	6
22	33449	6
22	33450	6
22	33451	6
22	33452	6
22	33453	5
22	33454	5
22	33455	5
22	33456	5
22	33457	5
22	33458	5
22	33459	5
22	33460	5
22	33461	5
22	33462	6
22	33463	6
22	33464	6
22	33465	6
22	33466	6
22	33467	6
22	33468	7
22	33469	7
22	33470	7
22	33471	7
22	33472	7
22	33473	7
22	33474	7
22	33475	8
22	33476	8
22	33477	8
22	33478	8
22	33479	8
22	33480	8
22	33481	8
22	33482	8
22	33483	8
22	33484	8
22	33485	8
22	33486	8
22	33487	8
22	33488	8
22	33489	8
22	33490	8
22	33491	8
22	33492	8
22	33493	8
22	33494	8
22	33495	8
22	33496	8
22	33497	8
22	33498	8
22	33499	8
22	33500	8
22	33501	8
22	33502	8
22	33503	8
22	33504	8
22	33505	8
22	33506	8
22	33507	8
22	33508	8
22	33509	8
22	33510	8
22	33511	8
22	33512	8
22	33513	8
22	33514	8
22	33515	8
22	33516	8
22	33517	8
22	33518	8
22	33519	8
22	33520	8
22	33521	8
22	33522	8
22	33523	8
22	33524	8
22	33525	8
22	33526	8
22	33527	8
22	33528	8
22	33529	8
22	33530	8
22	33531	8
22	33532	8
22	33533	8
22	33534	8
22	33535	8
22	33536	8
22	33537	8
22	33538	7
22	33539	7
22	33540	7
22	33541	7
22	33542	7
22	33543	7
22	33544	7
22	33545	7
22	33546	7
22	33547	7
22	33548	7
22	33549	7
22	33550	7
22	33551	7
22	33552	7
22	33553	7
22	33554	8
22	33555	8
22	33556	8
22	33557	8
22	33558	8
