22	15502	120
22	15503	120
22	15504	119
22	15505	120
22	15506	122
22	15507	121
22	15508	121
22	15509	121
22	15510	121
22	15511	121
22	15512	122
22	15513	122
22	15514	123
22	15515	123
22	15516	123
22	15517	123
22	15518	123
22	15519	123
22	15520	126
22	15521	126
22	15522	131
22	15523	131
22	15524	133
22	15525	133
22	15526	138
22	15527	136
22	15528	136
22	15529	131
22	15530	130
22	15531	132
22	15532	132
22	15533	132
22	15534	132
22	15535	131
22	15536	130
22	15537	129
22	15538	129
22	15539	129
22	15540	132
22	15541	132
22	15542	123
22	15543	123
22	15544	123
22	15545	123
22	15546	116
22	15547	116
22	15548	117
22	15549	120
22	15550	119
22	15551	119
22	15552	122
22	15553	125
22	15554	122
22	15555	122
22	15556	122
22	15557	121
22	15558	120
22	15559	121
22	15560	119
22	15561	113
22	15562	111
22	15563	112
22	15564	111
22	15565	111
22	15566	111
22	15567	114
22	15568	114
22	15569	114
22	15570	113
22	15571	113
22	15572	113
22	15573	114
22	15574	114
22	15575	114
22	15576	114
22	15577	114
22	15578	114
22	15579	115
22	15580	115
22	15581	115
22	15582	115
22	15583	113
22	15584	115
22	15585	114
22	15586	115
22	15587	115
22	15588	115
22	15589	115
22	15590	114
22	15591	113
22	15592	112
22	15593	112
22	15594	110
22	15595	109
22	15596	109
22	15597	109
22	15598	112
22	15599	113
22	15600	115
22	15601	116
22	15602	116
22	15603	118
22	15604	120
22	15605	117
22	15606	116
22	15607	116
22	15608	117
22	15609	117
22	15610	117
22	15611	115
22	15612	115
22	15613	112
22	15614	112
22	15615	113
22	15616	113
22	15617	113
22	15618	113
22	15619	117
22	15620	117
22	15621	114
22	15622	114
22	15623	112
22	15624	112
22	15625	117
22	15626	117
22	15627	117
22	15628	117
22	15629	117
22	15630	115
22	15631	116
22	15632	113
22	15633	112
22	15634	98
22	15635	95
22	15636	98
22	15637	97
22	15638	97
22	15639	97
22	15640	98
22	15641	98
22	15642	98
22	15643	98
22	15644	96
22	15645	96
22	15646	96
22	15647	95
22	15648	95
22	15649	96
22	15650	99
22	15651	99
22	15652	99
22	15653	99
22	15654	97
22	15655	96
22	15656	96
22	15657	96
22	15658	96
22	15659	94
22	15660	94
22	15661	93
22	15662	93
22	15663	99
22	15664	98
22	15665	96
22	15666	96
22	15667	96
22	15668	96
22	15669	95
22	15670	93
22	15671	95
22	15672	90
22	15673	88
22	15674	88
22	15675	82
22	15676	82
22	15677	84
22	15678	84
22	15679	84
22	15680	83
22	15681	83
22	15682	83
22	15683	83
22	15684	83
22	15685	81
22	15686	81
22	15687	83
22	15688	84
22	15689	84
22	15690	80
22	15691	80
22	15692	79
22	15693	80
22	15694	80
22	15695	81
22	15696	81
22	15697	80
22	15698	81
22	15699	78
22	15700	76
22	15701	76
22	15702	73
22	15703	74
22	15704	74
22	15705	74
22	15706	74
22	15707	74
22	15708	81
22	15709	81
22	15710	81
22	15711	79
22	15712	78
22	15713	84
22	15714	87
22	15715	87
22	15716	88
22	15717	87
22	15718	89
22	15719	89
22	15720	90
22	15721	90
22	15722	88
22	15723	88
22	15724	88
22	15725	89
22	15726	89
22	15727	89
22	15728	89
22	15729	88
22	15730	88
22	15731	88
22	15732	88
22	15733	87
22	15734	86
22	15735	86
22	15736	90
22	15737	90
22	15738	90
22	15739	92
22	15740	93
22	15741	95
22	15742	95
22	15743	95
22	15744	96
22	15745	98
22	15746	97
22	15747	99
22	15748	96
22	15749	101
22	15750	100
22	15751	99
22	15752	98
22	15753	103
22	15754	104
22	15755	104
22	15756	107
22	15757	107
22	15758	106
22	15759	107
22	15760	116
22	15761	118
22	15762	118
22	15763	118
22	15764	116
22	15765	118
22	15766	118
22	15767	118
22	15768	118
22	15769	112
22	15770	112
22	15771	112
22	15772	114
22	15773	116
22	15774	116
22	15775	111
22	15776	111
22	15777	115
22	15778	115
22	15779	115
22	15780	116
22	15781	115
22	15782	115
22	15783	115
22	15784	115
22	15785	115
22	15786	112
22	15787	112
22	15788	112
22	15789	111
22	15790	113
22	15791	113
22	15792	113
22	15793	113
22	15794	113
22	15795	113
22	15796	113
22	15797	113
22	15798	113
22	15799	107
22	15800	107
22	15801	107
22	15802	108
22	15803	108
22	15804	108
22	15805	108
22	15806	108
22	15807	109
22	15808	109
22	15809	109
22	15810	109
22	15811	112
22	15812	112
22	15813	106
22	15814	105
22	15815	105
22	15816	105
22	15817	114
22	15818	114
22	15819	114
22	15820	112
22	15821	112
22	15822	112
22	15823	114
22	15824	114
22	15825	114
22	15826	115
22	15827	113
22	15828	115
22	15829	113
22	15830	113
22	15831	113
22	15832	113
22	15833	113
22	15834	115
22	15835	115
22	15836	115
22	15837	110
22	15838	110
22	15839	111
22	15840	111
22	15841	110
22	15842	109
22	15843	109
22	15844	110
22	15845	110
22	15846	110
22	15847	110
22	15848	109
22	15849	109
22	15850	110
22	15851	115
22	15852	114
22	15853	113
22	15854	116
22	15855	122
22	15856	123
22	15857	116
22	15858	116
22	15859	117
22	15860	117
22	15861	117
22	15862	112
22	15863	109
22	15864	109
22	15865	108
22	15866	107
22	15867	107
22	15868	108
22	15869	108
22	15870	106
22	15871	106
22	15872	109
22	15873	109
22	15874	110
22	15875	110
22	15876	115
22	15877	115
22	15878	115
22	15879	115
22	15880	116
22	15881	117
22	15882	117
22	15883	117
22	15884	117
22	15885	112
22	15886	113
22	15887	113
22	15888	112
22	15889	117
22	15890	116
22	15891	114
22	15892	115
22	15893	115
22	15894	114
22	15895	112
22	15896	110
22	15897	112
22	15898	105
22	15899	105
22	15900	104
22	15901	104
22	15902	104
22	15903	98
22	15904	98
22	15905	99
22	15906	97
22	15907	96
22	15908	96
22	15909	95
22	15910	84
22	15911	84
22	15912	84
22	15913	86
22	15914	86
22	15915	84
22	15916	84
22	15917	87
22	15918	87
22	15919	87
22	15920	88
22	15921	88
22	15922	84
22	15923	84
22	15924	84
22	15925	84
22	15926	84
22	15927	80
22	15928	80
22	15929	79
22	15930	80
22	15931	81
22	15932	81
22	15933	81
22	15934	83
22	15935	83
22	15936	83
22	15937	83
22	15938	86
22	15939	86
22	15940	84
22	15941	84
22	15942	85
22	15943	85
22	15944	85
22	15945	85
22	15946	85
22	15947	85
22	15948	85
22	15949	85
22	15950	88
22	15951	88
22	15952	93
22	15953	94
22	15954	94
22	15955	94
22	15956	94
22	15957	94
22	15958	94
22	15959	93
22	15960	93
22	15961	90
22	15962	90
22	15963	90
22	15964	90
22	15965	90
22	15966	81
22	15967	82
22	15968	82
22	15969	82
22	15970	82
22	15971	82
22	15972	83
22	15973	83
22	15974	83
22	15975	82
22	15976	81
22	15977	80
22	15978	80
22	15979	81
22	15980	81
22	15981	82
22	15982	82
22	15983	81
22	15984	81
22	15985	82
22	15986	82
22	15987	82
22	15988	81
22	15989	80
22	15990	80
22	15991	81
22	15992	81
22	15993	81
22	15994	79
22	15995	80
22	15996	90
22	15997	91
22	15998	93
22	15999	93
22	16000	88
22	16001	88
22	16002	88
22	16003	89
22	16004	86
22	16005	77
22	16006	77
22	16007	77
22	16008	77
22	16009	76
22	16010	76
22	16011	76
22	16012	76
22	16013	76
22	16014	77
22	16015	74
22	16016	78
22	16017	79
22	16018	79
22	16019	81
22	16020	84
22	16021	84
22	16022	84
22	16023	84
22	16024	83
22	16025	82
22	16026	77
22	16027	77
22	16028	79
22	16029	78
22	16030	78
22	16031	77
22	16032	77
22	16033	77
22	16034	78
22	16035	78
22	16036	81
22	16037	81
22	16038	81
22	16039	77
22	16040	78
22	16041	77
22	16042	77
22	16043	81
22	16044	81
22	16045	81
22	16046	81
22	16047	82
22	16048	82
22	16049	82
22	16050	82
22	16051	82
22	16052	83
22	16053	84
22	16054	84
22	16055	85
22	16056	85
22	16057	85
22	16058	88
22	16059	90
22	16060	90
22	16061	90
22	16062	88
22	16063	88
22	16064	88
22	16065	88
22	16066	89
22	16067	86
22	16068	86
22	16069	85
22	16070	85
22	16071	86
22	16072	88
22	16073	88
22	16074	88
22	16075	88
22	16076	90
22	16077	90
22	16078	90
22	16079	90
22	16080	89
22	16081	88
22	16082	88
22	16083	86
22	16084	86
22	16085	88
22	16086	88
22	16087	88
22	16088	85
22	16089	85
22	16090	86
22	16091	96
22	16092	97
22	16093	97
22	16094	98
22	16095	98
22	16096	98
22	16097	98
22	16098	98
22	16099	95
22	16100	95
22	16101	95
22	16102	90
22	16103	90
22	16104	90
22	16105	90
22	16106	89
22	16107	89
22	16108	94
22	16109	94
22	16110	94
22	16111	94
22	16112	94
22	16113	95
22	16114	95
22	16115	95
22	16116	94
22	16117	92
22	16118	93
22	16119	94
22	16120	94
22	16121	93
22	16122	93
22	16123	93
22	16124	96
22	16125	96
22	16126	96
22	16127	99
22	16128	99
22	16129	98
22	16130	98
22	16131	96
22	16132	96
22	16133	96
22	16134	96
22	16135	96
22	16136	96
22	16137	97
22	16138	99
22	16139	103
22	16140	102
22	16141	102
22	16142	102
22	16143	104
22	16144	104
22	16145	103
22	16146	93
22	16147	91
22	16148	89
22	16149	88
22	16150	88
22	16151	88
22	16152	87
22	16153	87
22	16154	87
22	16155	87
22	16156	86
22	16157	87
22	16158	89
22	16159	89
22	16160	90
22	16161	89
22	16162	89
22	16163	88
22	16164	88
22	16165	87
22	16166	84
22	16167	84
22	16168	87
22	16169	87
22	16170	84
22	16171	84
22	16172	83
22	16173	83
22	16174	86
22	16175	87
22	16176	88
22	16177	93
22	16178	91
22	16179	91
22	16180	91
22	16181	91
22	16182	91
22	16183	91
22	16184	90
22	16185	90
22	16186	89
22	16187	91
22	16188	90
22	16189	90
22	16190	91
22	16191	91
22	16192	92
22	16193	88
22	16194	92
22	16195	92
22	16196	91
22	16197	91
22	16198	95
22	16199	95
22	16200	97
22	16201	97
22	16202	99
22	16203	97
22	16204	97
22	16205	99
22	16206	100
22	16207	100
22	16208	97
22	16209	96
22	16210	96
22	16211	96
22	16212	96
22	16213	97
22	16214	97
22	16215	96
22	16216	96
22	16217	96
22	16218	96
22	16219	97
22	16220	96
22	16221	94
22	16222	98
22	16223	98
22	16224	98
22	16225	98
22	16226	96
22	16227	96
22	16228	96
22	16229	96
22	16230	96
22	16231	97
22	16232	109
22	16233	109
22	16234	109
22	16235	110
22	16236	110
22	16237	113
22	16238	114
22	16239	114
22	16240	112
22	16241	102
22	16242	102
22	16243	102
22	16244	102
22	16245	102
22	16246	102
22	16247	102
22	16248	105
22	16249	107
22	16250	107
22	16251	106
22	16252	106
22	16253	106
22	16254	106
22	16255	107
22	16256	105
22	16257	106
22	16258	102
22	16259	108
22	16260	114
22	16261	114
22	16262	114
22	16263	113
22	16264	113
22	16265	119
22	16266	121
22	16267	120
22	16268	119
22	16269	119
22	16270	122
22	16271	122
22	16272	122
22	16273	123
22	16274	119
22	16275	119
22	16276	121
22	16277	124
22	16278	123
22	16279	123
22	16280	122
22	16281	122
22	16282	123
22	16283	123
22	16284	122
22	16285	121
22	16286	121
22	16287	121
22	16288	116
22	16289	116
22	16290	116
22	16291	117
22	16292	115
22	16293	115
22	16294	118
22	16295	118
22	16296	118
22	16297	119
22	16298	127
22	16299	129
22	16300	129
22	16301	129
22	16302	129
22	16303	129
22	16304	130
22	16305	130
22	16306	130
22	16307	130
22	16308	128
22	16309	129
22	16310	132
22	16311	132
22	16312	132
22	16313	132
22	16314	134
22	16315	136
22	16316	136
22	16317	133
22	16318	133
22	16319	131
22	16320	130
22	16321	130
22	16322	130
22	16323	129
22	16324	128
22	16325	131
22	16326	126
22	16327	126
22	16328	127
22	16329	127
22	16330	127
22	16331	127
22	16332	134
22	16333	134
22	16334	138
22	16335	135
22	16336	133
22	16337	141
22	16338	140
22	16339	150
22	16340	149
22	16341	151
22	16342	151
22	16343	148
22	16344	147
22	16345	147
22	16346	147
22	16347	147
22	16348	143
22	16349	142
22	16350	142
22	16351	142
22	16352	139
22	16353	139
22	16354	140
22	16355	137
22	16356	138
22	16357	140
22	16358	140
22	16359	140
22	16360	140
22	16361	140
22	16362	140
22	16363	139
22	16364	139
22	16365	139
22	16366	139
22	16367	139
22	16368	139
22	16369	143
22	16370	143
22	16371	142
22	16372	139
22	16373	151
22	16374	152
22	16375	152
22	16376	153
22	16377	153
22	16378	153
22	16379	153
22	16380	154
22	16381	154
22	16382	143
22	16383	140
22	16384	142
22	16385	141
22	16386	138
22	16387	137
22	16388	137
22	16389	137
22	16390	137
22	16391	137
22	16392	136
22	16393	135
22	16394	137
22	16395	137
22	16396	137
22	16397	134
22	16398	134
22	16399	132
22	16400	136
22	16401	136
22	16402	134
22	16403	134
22	16404	134
22	16405	134
22	16406	134
22	16407	136
22	16408	136
22	16409	132
22	16410	131
22	16411	131
22	16412	131
22	16413	127
22	16414	129
22	16415	129
22	16416	129
22	16417	129
22	16418	129
22	16419	129
22	16420	142
22	16421	142
22	16422	142
22	16423	142
22	16424	143
22	16425	143
22	16426	139
22	16427	136
22	16428	136
22	16429	136
22	16430	136
22	16431	136
22	16432	136
22	16433	136
22	16434	136
22	16435	136
22	16436	136
22	16437	136
22	16438	137
22	16439	140
22	16440	141
22	16441	140
22	16442	140
22	16443	137
22	16444	138
22	16445	138
22	16446	138
22	16447	137
22	16448	129
22	16449	127
22	16450	129
22	16451	129
22	16452	129
22	16453	129
22	16454	128
22	16455	128
22	16456	128
22	16457	128
22	16458	128
22	16459	124
22	16460	124
22	16461	124
22	16462	124
22	16463	124
22	16464	120
22	16465	121
22	16466	121
22	16467	121
22	16468	121
22	16469	125
22	16470	125
22	16471	125
22	16472	125
22	16473	133
22	16474	133
22	16475	130
22	16476	130
22	16477	129
22	16478	134
22	16479	134
22	16480	134
22	16481	134
22	16482	126
22	16483	126
22	16484	124
22	16485	127
22	16486	127
22	16487	121
22	16488	120
22	16489	110
22	16490	111
22	16491	109
22	16492	108
22	16493	106
22	16494	106
22	16495	106
22	16496	106
22	16497	106
22	16498	108
22	16499	107
22	16500	107
22	16501	108
22	16502	108
22	16503	108
22	16504	107
22	16505	107
22	16506	104
22	16507	102
22	16508	102
22	16509	102
22	16510	103
22	16511	103
22	16512	103
22	16513	106
22	16514	106
22	16515	107
22	16516	107
22	16517	107
22	16518	107
22	16519	102
22	16520	103
22	16521	103
22	16522	111
22	16523	101
22	16524	101
22	16525	102
22	16526	101
22	16527	105
22	16528	105
22	16529	105
22	16530	103
22	16531	103
22	16532	103
22	16533	103
22	16534	101
22	16535	101
22	16536	101
22	16537	102
22	16538	102
22	16539	102
22	16540	102
22	16541	104
22	16542	105
22	16543	108
22	16544	106
22	16545	106
22	16546	106
22	16547	106
22	16548	106
22	16549	112
22	16550	112
22	16551	112
22	16552	112
22	16553	112
22	16554	112
22	16555	113
22	16556	113
22	16557	110
22	16558	105
22	16559	105
22	16560	110
22	16561	111
22	16562	111
22	16563	112
22	16564	108
22	16565	110
22	16566	113
22	16567	116
22	16568	116
22	16569	101
22	16570	102
22	16571	103
22	16572	103
22	16573	103
22	16574	105
22	16575	105
22	16576	105
22	16577	105
22	16578	105
22	16579	107
22	16580	107
22	16581	107
22	16582	111
22	16583	111
22	16584	111
22	16585	111
22	16586	111
22	16587	111
22	16588	111
22	16589	110
22	16590	110
22	16591	110
22	16592	110
22	16593	110
22	16594	109
22	16595	109
22	16596	109
22	16597	111
22	16598	111
22	16599	111
22	16600	112
22	16601	112
22	16602	112
22	16603	111
22	16604	111
22	16605	111
22	16606	111
22	16607	112
22	16608	112
22	16609	111
22	16610	112
22	16611	112
22	16612	113
22	16613	113
22	16614	114
22	16615	113
22	16616	113
22	16617	113
22	16618	114
22	16619	110
22	16620	111
22	16621	113
22	16622	113
22	16623	104
22	16624	104
22	16625	104
22	16626	105
22	16627	105
22	16628	101
22	16629	101
22	16630	101
22	16631	100
22	16632	100
22	16633	100
22	16634	99
22	16635	96
22	16636	96
22	16637	97
22	16638	98
22	16639	98
22	16640	97
22	16641	97
22	16642	97
22	16643	101
22	16644	101
22	16645	101
22	16646	103
22	16647	105
22	16648	104
22	16649	104
22	16650	104
22	16651	103
22	16652	104
22	16653	104
22	16654	104
22	16655	105
22	16656	105
22	16657	106
22	16658	106
22	16659	109
22	16660	108
22	16661	108
22	16662	113
22	16663	111
22	16664	116
22	16665	116
22	16666	116
22	16667	116
22	16668	117
22	16669	118
22	16670	120
22	16671	118
22	16672	112
22	16673	110
22	16674	109
22	16675	109
22	16676	106
22	16677	105
22	16678	108
22	16679	108
22	16680	108
22	16681	108
22	16682	106
22	16683	106
22	16684	106
22	16685	107
22	16686	107
22	16687	107
22	16688	109
22	16689	112
22	16690	114
22	16691	113
22	16692	111
22	16693	112
22	16694	112
22	16695	111
22	16696	111
22	16697	111
22	16698	107
22	16699	103
22	16700	103
22	16701	103
22	16702	106
22	16703	106
22	16704	106
22	16705	104
22	16706	104
22	16707	108
22	16708	108
22	16709	108
22	16710	103
22	16711	102
22	16712	102
22	16713	101
22	16714	101
22	16715	99
22	16716	94
22	16717	94
22	16718	94
22	16719	95
22	16720	98
22	16721	97
22	16722	97
22	16723	98
22	16724	98
22	16725	99
22	16726	99
22	16727	100
22	16728	101
22	16729	100
22	16730	103
22	16731	104
22	16732	100
22	16733	100
22	16734	100
22	16735	100
22	16736	100
22	16737	99
22	16738	99
22	16739	96
22	16740	96
22	16741	96
22	16742	96
22	16743	96
22	16744	96
22	16745	96
22	16746	94
22	16747	96
22	16748	101
22	16749	107
22	16750	105
22	16751	105
22	16752	105
22	16753	107
22	16754	107
22	16755	109
22	16756	108
22	16757	108
22	16758	108
22	16759	108
22	16760	108
22	16761	108
22	16762	107
22	16763	106
22	16764	106
22	16765	106
22	16766	106
22	16767	107
22	16768	108
22	16769	108
22	16770	107
22	16771	105
22	16772	103
22	16773	103
22	16774	104
22	16775	104
22	16776	103
22	16777	103
22	16778	109
22	16779	112
22	16780	114
22	16781	114
22	16782	114
22	16783	115
22	16784	115
22	16785	115
22	16786	115
22	16787	111
22	16788	111
22	16789	113
22	16790	113
22	16791	114
22	16792	114
22	16793	110
22	16794	109
22	16795	109
22	16796	110
22	16797	108
22	16798	113
22	16799	113
22	16800	116
22	16801	116
22	16802	115
22	16803	114
22	16804	115
22	16805	115
22	16806	116
22	16807	115
22	16808	114
22	16809	112
22	16810	112
22	16811	112
22	16812	106
22	16813	101
22	16814	101
22	16815	101
22	16816	100
22	16817	100
22	16818	100
22	16819	96
22	16820	95
22	16821	95
22	16822	94
22	16823	94
22	16824	94
22	16825	94
22	16826	95
22	16827	95
22	16828	94
22	16829	94
22	16830	98
22	16831	98
22	16832	99
22	16833	99
22	16834	98
22	16835	99
22	16836	99
22	16837	98
22	16838	94
22	16839	92
22	16840	94
22	16841	94
22	16842	94
22	16843	100
22	16844	100
22	16845	100
22	16846	100
22	16847	100
22	16848	99
22	16849	98
22	16850	99
22	16851	101
22	16852	102
22	16853	102
22	16854	102
22	16855	102
22	16856	106
22	16857	102
22	16858	102
22	16859	102
22	16860	102
22	16861	102
22	16862	102
22	16863	102
22	16864	102
22	16865	102
22	16866	102
22	16867	102
22	16868	101
22	16869	100
22	16870	100
22	16871	100
22	16872	96
22	16873	97
22	16874	97
22	16875	97
22	16876	98
22	16877	97
22	16878	96
22	16879	97
22	16880	93
22	16881	93
22	16882	93
22	16883	93
22	16884	93
22	16885	93
22	16886	94
22	16887	94
22	16888	94
22	16889	94
22	16890	94
22	16891	94
22	16892	94
22	16893	94
22	16894	96
22	16895	94
22	16896	90
22	16897	91
22	16898	91
22	16899	95
22	16900	95
22	16901	95
22	16902	95
22	16903	93
22	16904	94
22	16905	93
22	16906	93
22	16907	93
22	16908	93
22	16909	94
22	16910	94
22	16911	94
22	16912	94
22	16913	94
22	16914	94
22	16915	94
22	16916	94
22	16917	93
22	16918	91
22	16919	91
22	16920	95
22	16921	95
22	16922	96
22	16923	98
22	16924	98
22	16925	98
22	16926	99
22	16927	101
22	16928	94
22	16929	90
22	16930	90
22	16931	90
22	16932	90
22	16933	89
22	16934	89
22	16935	89
22	16936	89
22	16937	89
22	16938	89
22	16939	93
22	16940	93
22	16941	93
22	16942	93
22	16943	93
22	16944	93
22	16945	93
22	16946	93
22	16947	93
22	16948	87
22	16949	88
22	16950	85
22	16951	85
22	16952	85
22	16953	85
22	16954	85
22	16955	85
22	16956	84
22	16957	83
22	16958	83
22	16959	82
22	16960	82
22	16961	82
22	16962	82
22	16963	82
22	16964	82
22	16965	81
22	16966	81
22	16967	82
22	16968	82
22	16969	82
22	16970	82
22	16971	81
22	16972	82
22	16973	82
22	16974	82
22	16975	82
22	16976	82
22	16977	82
22	16978	82
22	16979	78
22	16980	78
22	16981	78
22	16982	77
22	16983	77
22	16984	82
22	16985	81
22	16986	81
22	16987	81
22	16988	82
22	16989	82
22	16990	80
22	16991	81
22	16992	83
22	16993	75
22	16994	76
22	16995	82
22	16996	82
22	16997	82
22	16998	82
22	16999	81
22	17000	82
22	17001	81
22	17002	83
22	17003	84
22	17004	80
22	17005	87
22	17006	87
22	17007	87
22	17008	87
22	17009	86
22	17010	87
22	17011	87
22	17012	88
22	17013	88
22	17014	88
22	17015	88
22	17016	88
22	17017	88
22	17018	87
22	17019	85
22	17020	87
22	17021	87
22	17022	94
22	17023	93
22	17024	93
22	17025	92
22	17026	91
22	17027	91
22	17028	91
22	17029	90
22	17030	90
22	17031	91
22	17032	91
22	17033	91
22	17034	91
22	17035	99
22	17036	98
22	17037	97
22	17038	98
22	17039	98
22	17040	113
22	17041	113
22	17042	114
22	17043	112
22	17044	110
22	17045	113
22	17046	116
22	17047	116
22	17048	118
22	17049	108
22	17050	112
22	17051	113
22	17052	120
22	17053	121
22	17054	119
22	17055	120
22	17056	120
22	17057	120
22	17058	120
22	17059	118
22	17060	129
22	17061	131
22	17062	132
22	17063	132
22	17064	132
22	17065	136
22	17066	136
22	17067	143
22	17068	141
22	17069	138
22	17070	138
22	17071	139
22	17072	141
22	17073	140
22	17074	139
22	17075	140
22	17076	138
22	17077	139
22	17078	138
22	17079	138
22	17080	138
22	17081	139
22	17082	137
22	17083	139
22	17084	140
22	17085	144
22	17086	147
22	17087	147
22	17088	147
22	17089	141
22	17090	141
22	17091	140
22	17092	146
22	17093	146
22	17094	146
22	17095	145
22	17096	145
22	17097	150
22	17098	150
22	17099	149
22	17100	149
22	17101	152
22	17102	152
22	17103	153
22	17104	153
22	17105	155
22	17106	155
22	17107	155
22	17108	154
22	17109	154
22	17110	154
22	17111	154
22	17112	154
22	17113	154
22	17114	154
22	17115	154
22	17116	154
22	17117	153
22	17118	153
22	17119	153
22	17120	153
22	17121	153
22	17122	153
22	17123	153
22	17124	153
22	17125	153
22	17126	154
22	17127	155
22	17128	155
22	17129	155
22	17130	155
22	17131	157
22	17132	157
22	17133	153
22	17134	154
22	17135	156
22	17136	156
22	17137	156
22	17138	155
22	17139	160
22	17140	165
22	17141	164
22	17142	164
22	17143	173
22	17144	167
22	17145	168
22	17146	168
22	17147	168
22	17148	168
22	17149	167
22	17150	163
22	17151	174
22	17152	171
22	17153	171
22	17154	166
22	17155	168
22	17156	169
22	17157	169
22	17158	169
22	17159	169
22	17160	168
22	17161	174
22	17162	173
22	17163	181
22	17164	181
22	17165	181
22	17166	181
22	17167	181
22	17168	181
22	17169	180
22	17170	178
22	17171	177
22	17172	169
22	17173	170
22	17174	171
22	17175	171
22	17176	171
22	17177	171
22	17178	171
22	17179	173
22	17180	173
22	17181	172
22	17182	166
22	17183	166
22	17184	166
22	17185	164
22	17186	164
22	17187	168
22	17188	167
22	17189	167
22	17190	153
22	17191	151
22	17192	151
22	17193	161
22	17194	158
22	17195	156
22	17196	155
22	17197	154
22	17198	155
22	17199	155
22	17200	151
22	17201	151
22	17202	144
22	17203	143
22	17204	143
22	17205	142
22	17206	142
22	17207	142
22	17208	144
22	17209	145
22	17210	134
22	17211	133
22	17212	132
22	17213	132
22	17214	133
22	17215	128
22	17216	126
22	17217	125
22	17218	125
22	17219	125
22	17220	124
22	17221	124
22	17222	123
22	17223	121
22	17224	121
22	17225	120
22	17226	125
22	17227	126
22	17228	126
22	17229	126
22	17230	127
22	17231	128
22	17232	130
22	17233	134
22	17234	134
22	17235	130
22	17236	127
22	17237	130
22	17238	141
22	17239	141
22	17240	142
22	17241	135
22	17242	140
22	17243	144
22	17244	144
22	17245	144
22	17246	144
22	17247	141
22	17248	142
22	17249	142
22	17250	142
22	17251	137
22	17252	137
22	17253	135
22	17254	139
22	17255	139
22	17256	139
22	17257	139
22	17258	140
22	17259	140
22	17260	140
22	17261	140
22	17262	140
22	17263	140
22	17264	140
22	17265	140
22	17266	140
22	17267	140
22	17268	140
22	17269	141
22	17270	141
22	17271	141
22	17272	141
22	17273	142
22	17274	141
22	17275	139
22	17276	144
22	17277	153
22	17278	153
22	17279	153
22	17280	151
22	17281	152
22	17282	152
22	17283	152
22	17284	153
22	17285	145
22	17286	146
22	17287	147
22	17288	147
22	17289	142
22	17290	139
22	17291	140
22	17292	155
22	17293	146
22	17294	145
22	17295	144
22	17296	144
22	17297	149
22	17298	149
22	17299	148
22	17300	146
22	17301	135
22	17302	140
22	17303	141
22	17304	139
22	17305	137
22	17306	137
22	17307	137
22	17308	137
22	17309	137
22	17310	137
22	17311	131
22	17312	131
22	17313	123
22	17314	122
22	17315	122
22	17316	122
22	17317	122
22	17318	122
22	17319	127
22	17320	127
22	17321	132
22	17322	132
22	17323	134
22	17324	134
22	17325	145
22	17326	145
22	17327	146
22	17328	147
22	17329	147
22	17330	147
22	17331	147
22	17332	147
22	17333	147
22	17334	148
22	17335	147
22	17336	147
22	17337	150
22	17338	150
22	17339	151
22	17340	153
22	17341	153
22	17342	153
22	17343	146
22	17344	146
22	17345	150
22	17346	153
22	17347	153
22	17348	154
22	17349	154
22	17350	157
22	17351	158
22	17352	158
22	17353	158
22	17354	158
22	17355	159
22	17356	159
22	17357	157
22	17358	157
22	17359	158
22	17360	159
22	17361	159
22	17362	159
22	17363	159
22	17364	159
22	17365	160
22	17366	160
22	17367	160
22	17368	161
22	17369	161
22	17370	162
22	17371	162
22	17372	163
22	17373	164
22	17374	169
22	17375	162
22	17376	162
22	17377	170
22	17378	169
22	17379	175
22	17380	174
22	17381	174
22	17382	171
22	17383	172
22	17384	174
22	17385	174
22	17386	172
22	17387	172
22	17388	162
22	17389	163
22	17390	163
22	17391	163
22	17392	156
22	17393	155
22	17394	159
22	17395	159
22	17396	159
22	17397	157
22	17398	157
22	17399	159
22	17400	159
22	17401	159
22	17402	159
22	17403	155
22	17404	155
22	17405	155
22	17406	156
22	17407	157
22	17408	156
22	17409	156
22	17410	157
22	17411	157
22	17412	157
22	17413	157
22	17414	157
22	17415	158
22	17416	158
22	17417	159
22	17418	160
22	17419	159
22	17420	159
22	17421	159
22	17422	159
22	17423	161
22	17424	163
22	17425	163
22	17426	158
22	17427	149
22	17428	151
22	17429	156
22	17430	156
22	17431	155
22	17432	155
22	17433	166
22	17434	165
22	17435	165
22	17436	164
22	17437	161
22	17438	161
22	17439	162
22	17440	160
22	17441	147
22	17442	147
22	17443	147
22	17444	148
22	17445	148
22	17446	143
22	17447	144
22	17448	149
22	17449	148
22	17450	151
22	17451	151
22	17452	146
22	17453	146
22	17454	145
22	17455	147
22	17456	146
22	17457	146
22	17458	146
22	17459	146
22	17460	146
22	17461	146
22	17462	146
22	17463	146
22	17464	146
22	17465	146
22	17466	150
22	17467	150
22	17468	150
22	17469	145
22	17470	145
22	17471	140
22	17472	140
22	17473	136
22	17474	135
22	17475	125
22	17476	124
22	17477	123
22	17478	121
22	17479	121
22	17480	121
22	17481	121
22	17482	121
22	17483	121
22	17484	121
22	17485	118
22	17486	118
22	17487	116
22	17488	116
22	17489	116
22	17490	113
22	17491	113
22	17492	113
22	17493	112
22	17494	112
22	17495	111
22	17496	108
22	17497	108
22	17498	106
22	17499	106
22	17500	103
22	17501	102
22	17502	102
22	17503	102
22	17504	101
22	17505	101
22	17506	101
22	17507	101
22	17508	101
22	17509	99
22	17510	98
22	17511	98
22	17512	99
22	17513	99
22	17514	99
22	17515	99
22	17516	99
22	17517	99
22	17518	98
22	17519	99
22	17520	98
22	17521	98
22	17522	96
22	17523	96
22	17524	91
22	17525	91
22	17526	91
22	17527	81
22	17528	76
22	17529	75
22	17530	74
22	17531	74
22	17532	71
22	17533	68
22	17534	67
22	17535	67
22	17536	66
22	17537	66
22	17538	64
22	17539	64
22	17540	63
22	17541	63
22	17542	63
22	17543	60
22	17544	60
22	17545	59
22	17546	59
22	17547	59
22	17548	59
22	17549	57
22	17550	57
22	17551	57
22	17552	60
22	17553	60
22	17554	60
22	17555	60
22	17556	59
22	17557	58
22	17558	58
22	17559	57
22	17560	57
22	17561	57
22	17562	57
22	17563	57
22	17564	57
22	17565	54
22	17566	54
22	17567	54
22	17568	54
22	17569	54
22	17570	54
22	17571	54
22	17572	54
22	17573	52
22	17574	52
22	17575	51
22	17576	49
22	17577	49
22	17578	45
22	17579	45
22	17580	45
22	17581	45
22	17582	45
22	17583	32
22	17584	32
22	17585	32
22	17586	32
22	17587	32
22	17588	32
22	17589	31
22	17590	31
22	17591	23
22	17592	26
22	17593	25
22	17594	10
22	17595	10
22	17596	10
22	17597	9
22	17598	3
22	17599	2
22	18609	1
22	18610	1
22	18611	1
22	18612	1
22	18613	1
22	18614	1
22	18615	1
22	18616	1
22	18617	1
22	18618	1
22	18619	1
22	18620	1
22	18621	1
22	18622	1
22	18623	1
22	18624	1
22	18625	1
22	18626	1
22	18627	1
22	18628	1
22	18629	1
22	18630	1
22	18631	1
22	18632	1
22	18633	1
22	18634	1
22	18635	1
22	18636	1
22	18637	1
22	18638	1
22	18639	1
22	18640	1
22	18641	1
22	18642	1
22	18643	1
22	18644	1
22	18645	1
22	18646	1
22	18647	1
22	18648	1
22	18649	1
22	18650	1
22	18651	1
22	18652	1
22	18653	1
22	18654	1
22	18655	1
22	18656	1
22	18657	1
22	18658	1
22	18659	1
22	18660	1
22	18661	1
22	18662	1
22	18663	1
22	18664	1
22	18665	1
22	18666	1
22	18667	1
22	18668	1
22	18669	1
22	18670	1
22	18671	1
22	18672	1
22	18673	1
22	18674	1
22	18675	1
22	18676	1
22	18677	1
22	18678	1
22	18679	1
22	18680	1
22	18681	1
22	18682	1
22	18683	1
22	18684	1
22	18685	1
22	18686	1
22	18687	1
22	18688	1
22	18689	1
22	18690	1
22	18691	1
22	18692	1
22	18693	1
22	18694	1
22	18695	1
22	18696	1
22	18697	1
22	18698	1
22	18699	1
22	18700	1
22	18701	1
22	18702	1
22	18703	1
22	18704	1
22	18705	1
22	18706	1
22	18707	1
22	18708	1
22	18709	1
22	18710	1
22	18711	1
22	18712	1
22	18713	1
22	18714	1
22	18715	1
22	18716	1
22	18717	1
22	18718	1
22	18719	1
22	18720	1
22	18721	1
22	18722	1
22	18723	1
22	18724	1
22	18725	1
22	18726	1
22	18727	1
22	18728	1
22	18729	1
22	18730	1
22	18731	2
22	18732	2
22	18733	2
22	18734	2
22	18735	2
22	18736	2
22	18737	2
22	18738	2
22	18739	2
22	18740	2
22	18741	2
22	18742	2
22	18743	2
22	18744	2
22	18745	2
22	18746	2
22	18747	2
22	18748	2
22	18749	2
22	18750	2
22	18751	2
22	18752	2
22	18753	2
22	18754	2
22	18755	2
22	18756	2
22	18757	2
22	18758	2
22	18759	1
22	18760	1
22	18761	1
22	18762	1
22	18763	1
22	18764	1
22	18765	1
22	18766	1
22	18767	1
22	18768	1
22	18769	1
22	18770	1
22	18771	1
22	18772	1
22	18773	1
22	18774	1
22	18775	1
22	18776	1
22	18777	1
22	18778	1
22	18779	1
22	18780	1
22	18781	1
22	18782	1
22	18783	1
22	18784	1
22	18785	1
22	18786	1
22	18787	1
22	18788	1
22	18789	1
22	18790	1
22	18791	1
22	18792	1
22	18793	1
22	18794	1
22	18795	1
22	18796	1
22	18797	1
22	18798	1
22	18799	1
22	18800	1
22	18801	1
22	18802	1
22	18803	1
22	18804	1
22	18805	1
22	18806	1
22	18807	1
22	18808	1
22	18809	1
22	18810	1
22	18811	1
22	18812	1
22	18813	1
22	18814	1
22	18815	1
22	18816	1
22	18817	1
22	18818	1
22	18819	1
22	18820	1
22	18821	1
22	18822	1
22	18823	1
22	18824	1
22	18825	1
22	18826	1
22	18827	1
22	18828	1
22	18829	1
22	18830	1
22	18831	1
22	18832	1
22	18833	1
22	18834	1
22	18835	1
22	18836	1
22	18837	1
22	18838	1
22	18839	1
22	18840	1
22	18841	1
22	18842	1
22	18843	1
22	18844	1
22	18845	1
22	18846	1
22	18847	1
22	18848	1
22	18849	1
22	18850	1
22	18851	1
22	18852	1
22	18853	1
22	18854	1
22	18855	1
22	18856	1
22	18857	1
22	18858	1
22	18859	1
22	18860	1
22	18861	1
22	18862	1
22	18863	1
22	18864	1
22	18865	1
22	18866	1
22	18867	1
22	18868	1
22	18869	1
22	18870	1
22	18871	1
22	18872	1
22	18873	1
22	18874	1
22	18875	1
22	18876	1
22	18877	1
22	18878	1
22	18879	1
22	19138	1
22	19139	1
22	19140	1
22	19141	1
22	19142	1
22	19143	1
22	19144	1
22	19145	1
22	19146	1
22	19147	1
22	19148	1
22	19149	1
22	19150	1
22	19151	1
22	19152	1
22	19153	1
22	19154	1
22	19155	1
22	19156	1
22	19157	1
22	19158	1
22	19159	1
22	19160	1
22	19161	1
22	19162	1
22	19163	1
22	19164	1
22	19165	1
22	19166	1
22	19167	1
22	19168	1
22	19169	1
22	19170	1
22	19171	1
22	19172	1
22	19173	1
22	19174	1
22	19175	1
22	19176	1
22	19177	1
22	19178	1
22	19179	1
22	19180	1
22	19181	2
22	19182	2
22	19183	2
22	19184	2
22	19185	2
22	19186	2
22	19187	2
22	19188	2
22	19189	2
22	19190	2
22	19191	2
22	19192	2
22	19193	2
22	19194	2
22	19195	2
22	19196	2
22	19197	2
22	19198	2
22	19199	2
22	19200	2
22	19201	2
22	19202	2
22	19203	2
22	19204	2
22	19205	2
22	19206	2
22	19207	2
22	19208	2
22	19209	2
22	19210	2
22	19211	2
22	19212	2
22	19213	2
22	19214	2
22	19215	2
22	19216	2
22	19217	2
22	19218	2
22	19219	2
22	19220	2
22	19221	2
22	19222	2
22	19223	2
22	19224	2
22	19225	2
22	19226	2
22	19227	2
22	19228	2
22	19229	2
22	19230	2
22	19231	2
22	19232	2
22	19233	2
22	19234	2
22	19235	2
22	19236	2
22	19237	2
22	19238	2
22	19239	2
22	19240	2
22	19241	2
22	19242	2
22	19243	2
22	19244	2
22	19245	2
22	19246	2
22	19247	2
22	19248	2
22	19249	2
22	19250	2
22	19251	2
22	19252	2
22	19253	2
22	19254	2
22	19255	2
22	19256	2
22	19257	2
22	19258	2
22	19259	2
22	19260	2
22	19261	2
22	19262	2
22	19263	2
22	19264	2
22	19265	2
22	19266	2
22	19267	2
22	19268	2
22	19269	2
22	19270	2
22	19271	2
22	19272	2
22	19273	2
22	19274	2
22	19275	2
22	19276	2
22	19277	2
22	19278	2
22	19279	2
22	19280	2
22	19281	2
22	19282	2
22	19283	2
22	19284	2
22	19285	2
22	19286	2
22	19287	1
22	19288	1
22	19289	1
22	19290	1
22	19291	1
22	19292	1
22	19293	1
22	19294	1
22	19295	1
22	19296	1
22	19297	1
22	19298	1
22	19299	1
22	19300	1
22	19301	1
22	19302	1
22	19303	1
22	19304	1
22	19305	1
22	19306	1
22	19307	1
22	19308	1
22	19309	1
22	19310	1
22	19311	1
22	19312	1
22	19313	1
22	19314	1
22	19315	1
22	19316	1
22	19317	1
22	19318	1
22	19319	1
22	19320	1
22	19321	1
22	19322	1
22	19323	1
22	19324	1
22	19325	1
22	19326	1
22	19327	1
22	19328	1
22	19329	1
22	19429	8
22	19430	44
22	19431	45
22	19432	45
22	19433	45
22	19434	46
22	19435	47
22	19436	48
22	19437	48
22	19438	48
22	19439	48
22	19440	48
22	19441	52
22	19442	58
22	19443	59
22	19444	60
22	19445	60
22	19446	61
22	19447	62
22	19448	62
22	19449	62
22	19450	62
22	19451	65
22	19452	67
22	19453	67
22	19454	68
22	19455	68
22	19456	68
22	19457	68
22	19458	68
22	19459	73
22	19460	75
22	19461	75
22	19462	75
22	19463	75
22	19464	75
22	19465	75
22	19466	79
22	19467	79
22	19468	79
22	19469	82
22	19470	83
22	19471	83
22	19472	83
22	19473	83
22	19474	83
22	19475	83
22	19476	85
22	19477	88
22	19478	89
22	19479	89
22	19480	90
22	19481	90
22	19482	90
22	19483	91
22	19484	92
22	19485	92
22	19486	92
22	19487	92
22	19488	92
22	19489	92
22	19490	92
22	19491	93
22	19492	93
22	19493	93
22	19494	95
22	19495	95
22	19496	96
22	19497	96
22	19498	96
22	19499	95
22	19500	95
22	19501	98
22	19502	98
22	19503	98
22	19504	98
22	19505	98
22	19506	100
22	19507	100
22	19508	99
22	19509	99
22	19510	99
22	19511	99
22	19512	99
22	19513	99
22	19514	99
22	19515	99
22	19516	99
22	19517	101
22	19518	101
22	19519	105
22	19520	105
22	19521	104
22	19522	104
22	19523	108
22	19524	108
22	19525	112
22	19526	112
22	19527	111
22	19528	113
22	19529	113
22	19530	115
22	19531	114
22	19532	110
22	19533	110
22	19534	110
22	19535	110
22	19536	110
22	19537	110
22	19538	109
22	19539	109
22	19540	105
22	19541	105
22	19542	105
22	19543	104
22	19544	104
22	19545	107
22	19546	108
22	19547	108
22	19548	108
22	19549	108
22	19550	108
22	19551	112
22	19552	112
22	19553	112
22	19554	111
22	19555	112
22	19556	112
22	19557	112
22	19558	112
22	19559	114
22	19560	114
22	19561	114
22	19562	114
22	19563	112
22	19564	112
22	19565	112
22	19566	115
22	19567	115
22	19568	115
22	19569	115
22	19570	126
22	19571	127
22	19572	127
22	19573	127
22	19574	127
22	19575	127
22	19576	127
22	19577	133
22	19578	135
22	19579	125
22	19580	126
22	19581	125
22	19582	125
22	19583	124
22	19584	123
22	19585	123
22	19586	123
22	19587	127
22	19588	127
22	19589	127
22	19590	127
22	19591	122
22	19592	117
22	19593	118
22	19594	119
22	19595	119
22	19596	119
22	19597	118
22	19598	118
22	19599	113
22	19600	115
22	19601	115
22	19602	115
22	19603	115
22	19604	114
22	19605	114
22	19606	117
22	19607	117
22	19608	117
22	19609	112
22	19610	114
22	19611	114
22	19612	114
22	19613	115
22	19614	115
22	19615	116
22	19616	113
22	19617	114
22	19618	115
22	19619	114
22	19620	117
22	19621	117
22	19622	117
22	19623	117
22	19624	117
22	19625	118
22	19626	116
22	19627	115
22	19628	115
22	19629	111
22	19630	110
22	19631	110
22	19632	110
22	19633	109
22	19634	107
22	19635	112
22	19636	112
22	19637	120
22	19638	120
22	19639	120
22	19640	123
22	19641	123
22	19642	123
22	19643	123
22	19644	124
22	19645	124
22	19646	119
22	19647	119
22	19648	119
22	19649	118
22	19650	115
22	19651	115
22	19652	115
22	19653	115
22	19654	115
22	19655	115
22	19656	115
22	19657	120
22	19658	120
22	19659	120
22	19660	119
22	19661	120
22	19662	120
22	19663	124
22	19664	126
22	19665	126
22	19666	124
22	19667	124
22	19668	122
22	19669	120
22	19670	120
22	19671	119
22	19672	115
22	19673	120
22	19674	117
22	19675	118
22	19676	118
22	19677	116
22	19678	115
22	19679	115
22	19680	115
22	19681	115
22	19682	115
22	19683	115
22	19684	116
22	19685	116
22	19686	116
22	19687	118
22	19688	118
22	19689	116
22	19690	116
22	19691	119
22	19692	119
22	19693	119
22	19694	116
22	19695	115
22	19696	115
22	19697	116
22	19698	117
22	19699	117
22	19700	113
22	19701	113
22	19702	113
22	19703	113
22	19704	118
22	19705	117
22	19706	120
22	19707	122
22	19708	122
22	19709	124
22	19710	122
22	19711	131
22	19712	131
22	19713	134
22	19714	138
22	19715	135
22	19716	135
22	19717	135
22	19718	139
22	19719	140
22	19720	129
22	19721	128
22	19722	130
22	19723	130
22	19724	131
22	19725	131
22	19726	131
22	19727	126
22	19728	133
22	19729	134
22	19730	133
22	19731	133
22	19732	133
22	19733	133
22	19734	133
22	19735	133
22	19736	134
22	19737	130
22	19738	130
22	19739	132
22	19740	130
22	19741	133
22	19742	133
22	19743	137
22	19744	137
22	19745	137
22	19746	136
22	19747	136
22	19748	136
22	19749	144
22	19750	142
22	19751	142
22	19752	144
22	19753	144
22	19754	146
22	19755	143
22	19756	144
22	19757	145
22	19758	145
22	19759	146
22	19760	147
22	19761	148
22	19762	149
22	19763	148
22	19764	148
22	19765	147
22	19766	148
22	19767	147
22	19768	143
22	19769	140
22	19770	140
22	19771	140
22	19772	141
22	19773	141
22	19774	140
22	19775	139
22	19776	136
22	19777	139
22	19778	140
22	19779	140
22	19780	140
22	19781	140
22	19782	140
22	19783	140
22	19784	139
22	19785	134
22	19786	128
22	19787	124
22	19788	124
22	19789	121
22	19790	121
22	19791	123
22	19792	123
22	19793	123
22	19794	122
22	19795	122
22	19796	123
22	19797	125
22	19798	125
22	19799	125
22	19800	125
22	19801	125
22	19802	125
22	19803	128
22	19804	128
22	19805	128
22	19806	123
22	19807	123
22	19808	124
22	19809	125
22	19810	124
22	19811	124
22	19812	120
22	19813	119
22	19814	121
22	19815	122
22	19816	123
22	19817	122
22	19818	125
22	19819	127
22	19820	127
22	19821	127
22	19822	127
22	19823	122
22	19824	121
22	19825	121
22	19826	121
22	19827	121
22	19828	120
22	19829	120
22	19830	120
22	19831	120
22	19832	120
22	19833	120
22	19834	117
22	19835	117
22	19836	116
22	19837	116
22	19838	116
22	19839	119
22	19840	119
22	19841	120
22	19842	120
22	19843	121
22	19844	122
22	19845	125
22	19846	125
22	19847	124
22	19848	123
22	19849	125
22	19850	139
22	19851	139
22	19852	141
22	19853	138
22	19854	127
22	19855	132
22	19856	132
22	19857	132
22	19858	132
22	19859	126
22	19860	128
22	19861	123
22	19862	123
22	19863	120
22	19864	119
22	19865	119
22	19866	119
22	19867	119
22	19868	117
22	19869	123
22	19870	121
22	19871	121
22	19872	121
22	19873	121
22	19874	120
22	19875	120
22	19876	121
22	19877	120
22	19878	115
22	19879	116
22	19880	117
22	19881	117
22	19882	117
22	19883	117
22	19884	119
22	19885	121
22	19886	141
22	19887	146
22	19888	145
22	19889	144
22	19890	144
22	19891	144
22	19892	147
22	19893	143
22	19894	143
22	19895	143
22	19896	142
22	19897	148
22	19898	147
22	19899	147
22	19900	147
22	19901	145
22	19902	147
22	19903	147
22	19904	148
22	19905	148
22	19906	147
22	19907	146
22	19908	144
22	19909	143
22	19910	140
22	19911	139
22	19912	138
22	19913	138
22	19914	138
22	19915	139
22	19916	140
22	19917	140
22	19918	139
22	19919	139
22	19920	139
22	19921	139
22	19922	138
22	19923	140
22	19924	139
22	19925	139
22	19926	139
22	19927	135
22	19928	135
22	19929	135
22	19930	135
22	19931	136
22	19932	136
22	19933	137
22	19934	140
22	19935	140
22	19936	140
22	19937	140
22	19938	140
22	19939	140
22	19940	138
22	19941	133
22	19942	132
22	19943	135
22	19944	135
22	19945	135
22	19946	135
22	19947	133
22	19948	134
22	19949	134
22	19950	134
22	19951	135
22	19952	135
22	19953	132
22	19954	133
22	19955	133
22	19956	133
22	19957	132
22	19958	132
22	19959	135
22	19960	135
22	19961	135
22	19962	135
22	19963	135
22	19964	134
22	19965	133
22	19966	132
22	19967	132
22	19968	130
22	19969	128
22	19970	128
22	19971	128
22	19972	128
22	19973	128
22	19974	128
22	19975	127
22	19976	127
22	19977	127
22	19978	127
22	19979	128
22	19980	128
22	19981	130
22	19982	129
22	19983	129
22	19984	129
22	19985	131
22	19986	131
22	19987	131
22	19988	131
22	19989	128
22	19990	124
22	19991	124
22	19992	123
22	19993	123
22	19994	123
22	19995	120
22	19996	119
22	19997	119
22	19998	119
22	19999	117
22	20000	105
22	20001	103
22	20002	104
22	20003	103
22	20004	103
22	20005	108
22	20006	109
22	20007	117
22	20008	117
22	20009	117
22	20010	119
22	20011	123
22	20012	123
22	20013	123
22	20014	120
22	20015	120
22	20016	120
22	20017	120
22	20018	120
22	20019	111
22	20020	111
22	20021	111
22	20022	111
22	20023	111
22	20024	111
22	20025	111
22	20026	110
22	20027	129
22	20028	129
22	20029	132
22	20030	131
22	20031	131
22	20032	132
22	20033	135
22	20034	133
22	20035	131
22	20036	109
22	20037	105
22	20038	113
22	20039	132
22	20040	132
22	20041	129
22	20042	125
22	20043	125
22	20044	125
22	20045	127
22	20046	127
22	20047	123
22	20048	116
22	20049	116
22	20050	117
22	20051	117
22	20052	120
22	20053	120
22	20054	117
22	20055	117
22	20056	117
22	20057	117
22	20058	123
22	20059	123
22	20060	123
22	20061	123
22	20062	124
22	20063	124
22	20064	129
22	20065	128
22	20066	127
22	20067	128
22	20068	128
22	20069	128
22	20070	132
22	20071	135
22	20072	136
22	20073	136
22	20074	136
22	20075	136
22	20076	137
22	20077	137
22	20078	137
22	20079	137
22	20080	136
22	20081	136
22	20082	136
22	20083	135
22	20084	133
22	20085	133
22	20086	133
22	20087	134
22	20088	134
22	20089	135
22	20090	135
22	20091	135
22	20092	135
22	20093	132
22	20094	132
22	20095	139
22	20096	139
22	20097	139
22	20098	140
22	20099	141
22	20100	140
22	20101	140
22	20102	140
22	20103	140
22	20104	139
22	20105	139
22	20106	139
22	20107	140
22	20108	140
22	20109	137
22	20110	137
22	20111	137
22	20112	137
22	20113	138
22	20114	138
22	20115	138
22	20116	138
22	20117	138
22	20118	138
22	20119	146
22	20120	146
22	20121	149
22	20122	150
22	20123	150
22	20124	152
22	20125	152
22	20126	152
22	20127	152
22	20128	152
22	20129	151
22	20130	151
22	20131	149
22	20132	149
22	20133	151
22	20134	153
22	20135	151
22	20136	151
22	20137	151
22	20138	151
22	20139	152
22	20140	152
22	20141	152
22	20142	150
22	20143	155
22	20144	153
22	20145	153
22	20146	154
22	20147	153
22	20148	158
22	20149	158
22	20150	158
22	20151	156
22	20152	148
22	20153	150
22	20154	150
22	20155	148
22	20156	147
22	20157	139
22	20158	134
22	20159	134
22	20160	136
22	20161	143
22	20162	143
22	20163	144
22	20164	144
22	20165	147
22	20166	147
22	20167	147
22	20168	147
22	20169	148
22	20170	148
22	20171	151
22	20172	151
22	20173	151
22	20174	152
22	20175	152
22	20176	135
22	20177	135
22	20178	135
22	20179	134
22	20180	134
22	20181	133
22	20182	133
22	20183	128
22	20184	129
22	20185	129
22	20186	129
22	20187	122
22	20188	122
22	20189	106
22	20190	106
22	20191	106
22	20192	106
22	20193	107
22	20194	105
22	20195	105
22	20196	105
22	20197	103
22	20198	108
22	20199	108
22	20200	107
22	20201	107
22	20202	104
22	20203	105
22	20204	106
22	20205	110
22	20206	111
22	20207	110
22	20208	108
22	20209	109
22	20210	109
22	20211	111
22	20212	110
22	20213	110
22	20214	104
22	20215	104
22	20216	103
22	20217	103
22	20218	103
22	20219	99
22	20220	99
22	20221	96
22	20222	95
22	20223	95
22	20224	95
22	20225	97
22	20226	96
22	20227	96
22	20228	96
22	20229	97
22	20230	98
22	20231	98
22	20232	97
22	20233	96
22	20234	96
22	20235	99
22	20236	99
22	20237	98
22	20238	98
22	20239	96
22	20240	96
22	20241	96
22	20242	97
22	20243	97
22	20244	90
22	20245	91
22	20246	91
22	20247	91
22	20248	90
22	20249	90
22	20250	91
22	20251	91
22	20252	91
22	20253	91
22	20254	91
22	20255	91
22	20256	91
22	20257	90
22	20258	90
22	20259	90
22	20260	91
22	20261	94
22	20262	94
22	20263	95
22	20264	96
22	20265	98
22	20266	98
22	20267	98
22	20268	96
22	20269	91
22	20270	91
22	20271	89
22	20272	89
22	20273	89
22	20274	88
22	20275	88
22	20276	89
22	20277	90
22	20278	90
22	20279	90
22	20280	91
22	20281	91
22	20282	91
22	20283	89
22	20284	87
22	20285	87
22	20286	87
22	20287	87
22	20288	87
22	20289	87
22	20290	88
22	20291	88
22	20292	91
22	20293	94
22	20294	96
22	20295	96
22	20296	95
22	20297	95
22	20298	90
22	20299	90
22	20300	90
22	20301	95
22	20302	95
22	20303	94
22	20304	94
22	20305	92
22	20306	94
22	20307	94
22	20308	94
22	20309	92
22	20310	85
22	20311	85
22	20312	85
22	20313	84
22	20314	82
22	20315	79
22	20316	79
22	20317	81
22	20318	81
22	20319	80
22	20320	80
22	20321	78
22	20322	78
22	20323	78
22	20324	77
22	20325	77
22	20326	75
22	20327	75
22	20328	75
22	20329	75
22	20330	75
22	20331	75
22	20332	75
22	20333	75
22	20334	75
22	20335	75
22	20336	75
22	20337	74
22	20338	74
22	20339	73
22	20340	73
22	20341	73
22	20342	73
22	20343	72
22	20344	72
22	20345	67
22	20346	69
22	20347	69
22	20348	69
22	20349	69
22	20350	69
22	20351	69
22	20352	68
22	20353	67
22	20354	66
22	20355	66
22	20356	66
22	20357	65
22	20358	65
22	20359	64
22	20360	64
22	20361	62
22	20362	62
22	20363	62
22	20364	61
22	20365	61
22	20366	61
22	20367	60
22	20368	60
22	20369	60
22	20370	60
22	20371	60
22	20372	60
22	20373	60
22	20374	60
22	20375	58
22	20376	58
22	20377	58
22	20378	57
22	20379	57
22	20380	56
22	20381	56
22	20382	56
22	20383	56
22	20384	56
22	20385	53
22	20386	53
22	20387	53
22	20388	53
22	20389	53
22	20390	53
22	20391	53
22	20392	52
22	20393	52
22	20394	52
22	20395	52
22	20396	52
22	20397	52
22	20398	52
22	20399	52
22	20400	51
22	20401	51
22	20402	51
22	20403	51
22	20404	51
22	20405	51
22	20406	51
22	20407	51
22	20408	51
22	20409	50
22	20410	50
22	20411	47
22	20412	46
22	20413	45
22	20414	45
22	20415	43
22	20416	43
22	20417	43
22	20418	42
22	20419	40
22	20420	40
22	20421	41
22	20422	41
22	20423	41
22	20424	40
22	20425	40
22	20426	39
22	20427	38
22	20428	38
22	20429	38
22	20430	35
22	20431	35
22	20432	35
22	20433	35
22	20434	35
22	20435	35
22	20436	35
22	20437	35
22	20438	34
22	20439	34
22	20440	33
22	20441	30
22	20442	24
22	20443	24
22	20444	22
22	20445	24
22	20446	24
22	20447	24
22	20448	24
22	20449	24
22	20450	24
22	20451	21
22	20452	21
22	20453	21
22	20454	21
22	20455	21
22	20456	19
22	20457	19
22	20458	19
22	20459	19
22	20460	18
22	20461	18
22	20462	18
22	20463	18
22	20464	18
22	20465	18
22	20466	18
22	20467	16
22	20468	18
22	20469	18
22	20470	17
22	20471	17
22	20472	17
22	20473	17
22	20474	18
22	20475	18
22	20476	18
22	20477	18
22	20478	18
22	20479	18
22	20480	18
22	20481	22
22	20482	22
22	20483	21
22	20484	21
22	20485	21
22	20486	21
22	20487	21
22	20488	19
22	20489	19
22	20490	19
22	20491	19
22	20492	19
22	20493	19
22	20494	19
22	20495	19
22	20496	17
22	20497	17
22	20498	17
22	20499	17
22	20500	16
22	20501	15
22	20502	15
22	20503	15
22	20504	15
22	20505	15
22	20506	12
22	20507	12
22	20508	12
22	20509	12
22	20510	14
22	20511	14
22	20512	14
22	20513	14
22	20514	14
22	20515	14
22	20516	14
22	20517	14
22	20518	14
22	20519	14
22	20520	14
22	20521	14
22	20522	14
22	20523	14
22	20524	14
22	20525	14
22	20526	14
22	20527	14
22	20528	14
22	20529	14
22	20530	14
22	20531	14
22	20532	14
22	20533	14
22	20534	14
22	20535	14
22	20536	14
22	20537	14
22	20538	14
22	20539	14
22	20540	14
22	20541	14
22	20542	14
22	20543	14
22	20544	14
22	20545	14
22	20546	14
22	20547	14
22	20548	14
22	20549	14
22	20550	14
22	20551	14
22	20552	14
22	20553	14
22	20554	14
22	20555	14
22	20556	14
22	20557	14
22	20558	14
22	20559	14
22	20560	14
22	20561	14
22	20562	14
22	20563	14
22	20564	14
22	20565	14
22	20566	14
22	20567	14
22	20568	13
22	20569	12
22	20570	12
22	20571	12
22	20572	12
22	20573	12
22	20574	12
22	20575	12
22	20576	12
22	20577	12
22	20578	13
22	20579	13
22	20580	13
22	20581	12
22	20582	12
22	20583	11
22	20584	12
22	20585	12
22	20586	12
22	20587	12
22	20588	12
22	20589	12
22	20590	12
22	20591	10
22	20592	10
22	20593	10
22	20594	10
22	20595	10
22	20596	10
22	20597	10
22	20598	10
22	20599	10
22	20600	10
22	20601	10
22	20602	10
22	20603	10
22	20604	10
22	20605	10
22	20606	10
22	20607	10
22	20608	10
22	20609	10
22	20610	10
22	20611	10
22	20612	10
22	20613	10
22	20614	10
22	20615	9
22	20616	9
22	20617	9
22	20618	9
22	20619	9
22	20620	9
22	20621	8
22	20622	8
22	20623	8
22	20624	12
22	20625	12
22	20626	12
22	20627	12
22	20628	12
22	20629	15
22	20630	15
22	20631	11
22	20632	11
22	20633	11
22	20634	11
22	20635	11
22	20636	11
22	20637	11
22	20638	11
22	20639	11
22	20640	11
22	20641	11
22	20642	12
22	20643	12
22	20644	12
22	20645	12
22	20646	12
22	20647	12
22	20648	12
22	20649	12
22	20650	15
22	20651	15
22	20652	15
22	20653	16
22	20654	16
22	20655	17
22	20656	17
22	20657	17
22	20658	18
22	20659	16
22	20660	17
22	20661	17
22	20662	17
22	20663	17
22	20664	17
22	20665	17
22	20666	17
22	20667	17
22	20668	17
22	20669	19
22	20670	19
22	20671	19
22	20672	19
22	20673	19
22	20674	19
22	20675	19
22	20676	19
22	20677	19
22	20678	19
22	20679	20
22	20680	20
22	20681	20
22	20682	20
22	20683	20
22	20684	20
22	20685	20
22	20686	20
22	20687	20
22	20688	20
22	20689	20
22	20690	20
22	20691	21
22	20692	21
22	20693	21
22	20694	21
22	20695	21
22	20696	23
22	20697	23
22	20698	23
22	20699	23
22	20700	23
22	20701	23
22	20702	23
22	20703	23
22	20704	23
22	20705	23
22	20706	23
22	20707	23
22	20708	23
22	20709	23
22	20710	23
22	20711	24
22	20712	24
22	20713	25
22	20714	25
22	20715	25
22	20716	25
22	20717	25
22	20718	24
22	20719	24
22	20720	24
22	20721	24
22	20722	24
22	20723	24
22	20724	24
22	20725	25
22	20726	25
22	20727	25
22	20728	24
22	20729	24
22	20730	24
22	20731	25
22	20732	26
22	20733	26
22	20734	26
22	20735	28
22	20736	28
22	20737	28
22	20738	28
22	20739	28
22	20740	28
22	20741	28
22	20742	28
22	20743	28
22	20744	28
22	20745	28
22	20746	30
22	20747	30
22	20748	30
22	20749	31
22	20750	31
22	20751	31
22	20752	34
22	20753	34
22	20754	34
22	20755	33
22	20756	35
22	20757	35
22	20758	35
22	20759	35
22	20760	35
22	20761	35
22	20762	36
22	20763	36
22	20764	36
22	20765	36
22	20766	36
22	20767	36
22	20768	36
22	20769	36
22	20770	35
22	20771	35
22	20772	34
22	20773	35
22	20774	35
22	20775	35
22	20776	35
22	20777	35
22	20778	37
22	20779	36
22	20780	38
22	20781	38
22	20782	38
22	20783	38
22	20784	40
22	20785	42
22	20786	43
22	20787	43
22	20788	43
22	20789	43
22	20790	44
22	20791	44
22	20792	45
22	20793	45
22	20794	45
22	20795	46
22	20796	46
22	20797	46
22	20798	46
22	20799	45
22	20800	45
22	20801	49
22	20802	50
22	20803	53
22	20804	53
22	20805	52
22	20806	54
22	20807	55
22	20808	55
22	20809	55
22	20810	55
22	20811	55
22	20812	55
22	20813	58
22	20814	58
22	20815	58
22	20816	58
22	20817	58
22	20818	58
22	20819	58
22	20820	58
22	20821	60
22	20822	60
22	20823	60
22	20824	60
22	20825	60
22	20826	61
22	20827	61
22	20828	61
22	20829	62
22	20830	63
22	20831	63
22	20832	63
22	20833	63
22	20834	65
22	20835	65
22	20836	65
22	20837	65
22	20838	65
22	20839	65
22	20840	64
22	20841	64
22	20842	64
22	20843	65
22	20844	68
22	20845	68
22	20846	69
22	20847	69
22	20848	69
22	20849	70
22	20850	71
22	20851	72
22	20852	72
22	20853	70
22	20854	70
22	20855	70
22	20856	70
22	20857	70
22	20858	70
22	20859	70
22	20860	69
22	20861	69
22	20862	69
22	20863	68
22	20864	68
22	20865	74
22	20866	76
22	20867	76
22	20868	76
22	20869	78
22	20870	78
22	20871	80
22	20872	84
22	20873	92
22	20874	89
22	20875	90
22	20876	90
22	20877	90
22	20878	90
22	20879	89
22	20880	90
22	20881	89
22	20882	86
22	20883	86
22	20884	85
22	20885	85
22	20886	85
22	20887	85
22	20888	85
22	20889	89
22	20890	89
22	20891	89
22	20892	89
22	20893	91
22	20894	102
22	20895	100
22	20896	101
22	20897	101
22	20898	101
22	20899	100
22	20900	100
22	20901	98
22	20902	100
22	20903	105
22	20904	105
22	20905	107
22	20906	109
22	20907	109
22	20908	111
22	20909	119
22	20910	119
22	20911	119
22	20912	118
22	20913	120
22	20914	121
22	20915	121
22	20916	121
22	20917	121
22	20918	123
22	20919	124
22	20920	124
22	20921	124
22	20922	123
22	20923	123
22	20924	123
22	20925	123
22	20926	123
22	20927	120
22	20928	119
22	20929	119
22	20930	117
22	20931	117
22	20932	117
22	20933	117
22	20934	115
22	20935	112
22	20936	112
22	20937	112
22	20938	111
22	20939	111
22	20940	111
22	20941	112
22	20942	116
22	20943	116
22	20944	116
22	20945	115
22	20946	115
22	20947	115
22	20948	115
22	20949	115
22	20950	112
22	20951	109
22	20952	104
22	20953	106
22	20954	108
22	20955	106
22	20956	106
22	20957	105
22	20958	106
22	20959	106
22	20960	106
22	20961	106
22	20962	106
22	20963	102
22	20964	103
22	20965	104
22	20966	104
22	20967	107
22	20968	105
22	20969	105
22	20970	105
22	20971	105
22	20972	105
22	20973	105
22	20974	106
22	20975	106
22	20976	105
22	20977	105
22	20978	105
22	20979	105
22	20980	105
22	20981	105
22	20982	105
22	20983	103
22	20984	103
22	20985	106
22	20986	109
22	20987	109
22	20988	111
22	20989	111
22	20990	111
22	20991	113
22	20992	113
22	20993	113
22	20994	108
22	20995	109
22	20996	108
22	20997	109
22	20998	109
22	20999	109
22	21000	113
22	21001	113
22	21002	115
22	21003	115
22	21004	115
22	21005	116
22	21006	116
22	21007	116
22	21008	117
22	21009	117
22	21010	117
22	21011	117
22	21012	117
22	21013	118
22	21014	117
22	21015	111
22	21016	111
22	21017	111
22	21018	111
22	21019	111
22	21020	112
22	21021	106
22	21022	106
22	21023	99
22	21024	105
22	21025	105
22	21026	106
22	21027	106
22	21028	106
22	21029	105
22	21030	109
22	21031	109
22	21032	108
22	21033	109
22	21034	109
22	21035	118
22	21036	118
22	21037	118
22	21038	118
22	21039	112
22	21040	112
22	21041	113
22	21042	111
22	21043	111
22	21044	101
22	21045	105
22	21046	105
22	21047	105
22	21048	105
22	21049	105
22	21050	118
22	21051	115
22	21052	113
22	21053	112
22	21054	111
22	21055	109
22	21056	109
22	21057	107
22	21058	106
22	21059	102
22	21060	104
22	21061	105
22	21062	105
22	21063	103
22	21064	102
22	21065	102
22	21066	105
22	21067	105
22	21068	104
22	21069	103
22	21070	104
22	21071	104
22	21072	104
22	21073	104
22	21074	104
22	21075	104
22	21076	105
22	21077	107
22	21078	106
22	21079	107
22	21080	107
22	21081	107
22	21082	108
22	21083	110
22	21084	110
22	21085	116
22	21086	116
22	21087	116
22	21088	120
22	21089	121
22	21090	121
22	21091	120
22	21092	115
22	21093	116
22	21094	116
22	21095	117
22	21096	117
22	21097	117
22	21098	118
22	21099	118
22	21100	118
22	21101	117
22	21102	117
22	21103	116
22	21104	115
22	21105	118
22	21106	118
22	21107	122
22	21108	121
22	21109	121
22	21110	121
22	21111	121
22	21112	121
22	21113	121
22	21114	120
22	21115	121
22	21116	121
22	21117	118
22	21118	118
22	21119	118
22	21120	119
22	21121	119
22	21122	119
22	21123	119
22	21124	119
22	21125	120
22	21126	123
22	21127	123
22	21128	128
22	21129	126
22	21130	127
22	21131	127
22	21132	127
22	21133	126
22	21134	123
22	21135	119
22	21136	121
22	21137	119
22	21138	119
22	21139	120
22	21140	118
22	21141	119
22	21142	119
22	21143	120
22	21144	120
22	21145	121
22	21146	121
22	21147	120
22	21148	121
22	21149	121
22	21150	115
22	21151	115
22	21152	113
22	21153	114
22	21154	113
22	21155	113
22	21156	113
22	21157	115
22	21158	115
22	21159	115
22	21160	115
22	21161	115
22	21162	115
22	21163	116
22	21164	118
22	21165	120
22	21166	120
22	21167	121
22	21168	121
22	21169	121
22	21170	120
22	21171	120
22	21172	121
22	21173	116
22	21174	115
22	21175	114
22	21176	114
22	21177	115
22	21178	115
22	21179	116
22	21180	114
22	21181	114
22	21182	114
22	21183	115
22	21184	115
22	21185	107
22	21186	107
22	21187	104
22	21188	105
22	21189	106
22	21190	106
22	21191	105
22	21192	105
22	21193	105
22	21194	102
22	21195	101
22	21196	101
22	21197	101
22	21198	101
22	21199	101
22	21200	92
22	21201	98
22	21202	95
22	21203	95
22	21204	94
22	21205	94
22	21206	94
22	21207	96
22	21208	96
22	21209	93
22	21210	91
22	21211	88
22	21212	88
22	21213	88
22	21214	89
22	21215	89
22	21216	85
22	21217	85
22	21218	83
22	21219	84
22	21220	87
22	21221	88
22	21222	88
22	21223	88
22	21224	91
22	21225	91
22	21226	91
22	21227	90
22	21228	93
22	21229	91
22	21230	92
22	21231	94
22	21232	99
22	21233	99
22	21234	99
22	21235	93
22	21236	93
22	21237	93
22	21238	91
22	21239	89
22	21240	91
22	21241	91
22	21242	91
22	21243	90
22	21244	89
22	21245	89
22	21246	88
22	21247	88
22	21248	91
22	21249	93
22	21250	97
22	21251	97
22	21252	97
22	21253	97
22	21254	99
22	21255	96
22	21256	96
22	21257	92
22	21258	92
22	21259	92
22	21260	92
22	21261	92
22	21262	92
22	21263	92
22	21264	90
22	21265	90
22	21266	90
22	21267	90
22	21268	90
22	21269	98
22	21270	97
22	21271	97
22	21272	97
22	21273	98
22	21274	102
22	21275	98
22	21276	98
22	21277	98
22	21278	93
22	21279	93
22	21280	93
22	21281	94
22	21282	93
22	21283	93
22	21284	93
22	21285	93
22	21286	93
22	21287	93
22	21288	92
22	21289	92
22	21290	92
22	21291	91
22	21292	90
22	21293	90
22	21294	91
22	21295	89
22	21296	89
22	21297	90
22	21298	90
22	21299	90
22	21300	94
22	21301	94
22	21302	95
22	21303	95
22	21304	95
22	21305	97
22	21306	94
22	21307	97
22	21308	97
22	21309	99
22	21310	100
22	21311	100
22	21312	101
22	21313	103
22	21314	99
22	21315	99
22	21316	99
22	21317	99
22	21318	97
22	21319	98
22	21320	98
22	21321	98
22	21322	96
22	21323	97
22	21324	98
22	21325	98
22	21326	97
22	21327	98
22	21328	97
22	21329	99
22	21330	97
22	21331	99
22	21332	98
22	21333	98
22	21334	98
22	21335	98
22	21336	101
22	21337	107
22	21338	106
22	21339	104
22	21340	104
22	21341	104
22	21342	120
22	21343	121
22	21344	121
22	21345	125
22	21346	125
22	21347	125
22	21348	126
22	21349	126
22	21350	131
22	21351	123
22	21352	126
22	21353	126
22	21354	126
22	21355	126
22	21356	126
22	21357	124
22	21358	124
22	21359	124
22	21360	124
22	21361	125
22	21362	125
22	21363	124
22	21364	124
22	21365	133
22	21366	134
22	21367	135
22	21368	135
22	21369	134
22	21370	137
22	21371	139
22	21372	139
22	21373	142
22	21374	140
22	21375	140
22	21376	141
22	21377	141
22	21378	138
22	21379	138
22	21380	140
22	21381	139
22	21382	131
22	21383	131
22	21384	131
22	21385	131
22	21386	131
22	21387	131
22	21388	131
22	21389	131
22	21390	133
22	21391	141
22	21392	144
22	21393	144
22	21394	145
22	21395	146
22	21396	146
22	21397	150
22	21398	146
22	21399	146
22	21400	142
22	21401	144
22	21402	148
22	21403	148
22	21404	153
22	21405	153
22	21406	155
22	21407	155
22	21408	155
22	21409	155
22	21410	157
22	21411	157
22	21412	157
22	21413	157
22	21414	159
22	21415	168
22	21416	170
22	21417	171
22	21418	171
22	21419	165
22	21420	165
22	21421	168
22	21422	168
22	21423	167
22	21424	162
22	21425	165
22	21426	164
22	21427	164
22	21428	165
22	21429	165
22	21430	165
22	21431	164
22	21432	164
22	21433	164
22	21434	165
22	21435	164
22	21436	163
22	21437	163
22	21438	165
22	21439	165
22	21440	164
22	21441	165
22	21442	170
22	21443	171
22	21444	171
22	21445	171
22	21446	171
22	21447	172
22	21448	172
22	21449	175
22	21450	171
22	21451	171
22	21452	170
22	21453	169
22	21454	169
22	21455	168
22	21456	168
22	21457	167
22	21458	165
22	21459	166
22	21460	165
22	21461	166
22	21462	165
22	21463	162
22	21464	161
22	21465	164
22	21466	164
22	21467	164
22	21468	164
22	21469	163
22	21470	163
22	21471	163
22	21472	164
22	21473	164
22	21474	165
22	21475	165
22	21476	166
22	21477	165
22	21478	165
22	21479	164
22	21480	162
22	21481	162
22	21482	162
22	21483	160
22	21484	160
22	21485	168
22	21486	170
22	21487	167
22	21488	167
22	21489	167
22	21490	167
22	21491	166
22	21492	151
22	21493	155
22	21494	155
22	21495	153
22	21496	153
22	21497	153
22	21498	148
22	21499	148
22	21500	152
22	21501	152
22	21502	155
22	21503	155
22	21504	155
22	21505	155
22	21506	155
22	21507	155
22	21508	155
22	21509	156
22	21510	157
22	21511	159
22	21512	159
22	21513	159
22	21514	150
22	21515	150
22	21516	152
22	21517	151
22	21518	150
22	21519	150
22	21520	145
22	21521	145
22	21522	145
22	21523	140
22	21524	139
22	21525	138
22	21526	138
22	21527	138
22	21528	139
22	21529	136
22	21530	136
22	21531	136
22	21532	136
22	21533	142
22	21534	142
22	21535	144
22	21536	144
22	21537	144
22	21538	145
22	21539	151
22	21540	139
22	21541	139
22	21542	137
22	21543	136
22	21544	136
22	21545	136
22	21546	133
22	21547	129
22	21548	130
22	21549	127
22	21550	129
22	21551	128
22	21552	128
22	21553	128
22	21554	123
22	21555	125
22	21556	133
22	21557	134
22	21558	135
22	21559	133
22	21560	133
22	21561	133
22	21562	133
22	21563	133
22	21564	137
22	21565	129
22	21566	127
22	21567	126
22	21568	126
22	21569	126
22	21570	126
22	21571	123
22	21572	123
22	21573	124
22	21574	125
22	21575	122
22	21576	121
22	21577	123
22	21578	123
22	21579	125
22	21580	125
22	21581	125
22	21582	125
22	21583	129
22	21584	128
22	21585	128
22	21586	128
22	21587	126
22	21588	128
22	21589	128
22	21590	128
22	21591	129
22	21592	123
22	21593	122
22	21594	122
22	21595	122
22	21596	123
22	21597	120
22	21598	120
22	21599	117
22	21600	117
22	21601	117
22	21602	117
22	21603	117
22	21604	116
22	21605	114
22	21606	118
22	21607	118
22	21608	117
22	21609	117
22	21610	117
22	21611	116
22	21612	116
22	21613	116
22	21614	116
22	21615	113
22	21616	113
22	21617	116
22	21618	116
22	21619	116
22	21620	116
22	21621	117
22	21622	117
22	21623	117
22	21624	115
22	21625	115
22	21626	115
22	21627	118
22	21628	123
22	21629	122
22	21630	122
22	21631	122
22	21632	125
22	21633	125
22	21634	121
22	21635	109
22	21636	110
22	21637	112
22	21638	112
22	21639	112
22	21640	112
22	21641	109
22	21642	108
22	21643	112
22	21644	113
22	21645	111
22	21646	113
22	21647	113
22	21648	114
22	21649	114
22	21650	111
22	21651	113
22	21652	107
22	21653	107
22	21654	107
22	21655	107
22	21656	107
22	21657	107
22	21658	107
22	21659	105
22	21660	106
22	21661	105
22	21662	105
22	21663	108
22	21664	108
22	21665	107
22	21666	105
22	21667	105
22	21668	105
22	21669	104
22	21670	103
22	21671	103
22	21672	103
22	21673	103
22	21674	103
22	21675	103
22	21676	103
22	21677	103
22	21678	106
22	21679	106
22	21680	106
22	21681	106
22	21682	104
22	21683	100
22	21684	100
22	21685	98
22	21686	101
22	21687	97
22	21688	97
22	21689	96
22	21690	96
22	21691	96
22	21692	99
22	21693	99
22	21694	100
22	21695	99
22	21696	100
22	21697	120
22	21698	120
22	21699	122
22	21700	120
22	21701	121
22	21702	121
22	21703	123
22	21704	123
22	21705	124
22	21706	114
22	21707	113
22	21708	113
22	21709	114
22	21710	114
22	21711	114
22	21712	115
22	21713	115
22	21714	107
22	21715	106
22	21716	106
22	21717	106
22	21718	108
22	21719	108
22	21720	114
22	21721	114
22	21722	113
22	21723	112
22	21724	112
22	21725	115
22	21726	114
22	21727	112
22	21728	113
22	21729	112
22	21730	112
22	21731	113
22	21732	113
22	21733	112
22	21734	113
22	21735	113
22	21736	113
22	21737	113
22	21738	112
22	21739	118
22	21740	118
22	21741	117
22	21742	117
22	21743	117
22	21744	118
22	21745	116
22	21746	116
22	21747	117
22	21748	117
22	21749	117
22	21750	119
22	21751	119
22	21752	119
22	21753	119
22	21754	122
22	21755	122
22	21756	120
22	21757	119
22	21758	119
22	21759	119
22	21760	119
22	21761	119
22	21762	119
22	21763	120
22	21764	125
22	21765	125
22	21766	125
22	21767	130
22	21768	141
22	21769	141
22	21770	141
22	21771	138
22	21772	138
22	21773	138
22	21774	138
22	21775	137
22	21776	132
22	21777	126
22	21778	127
22	21779	127
22	21780	127
22	21781	127
22	21782	127
22	21783	127
22	21784	127
22	21785	127
22	21786	125
22	21787	124
22	21788	124
22	21789	126
22	21790	128
22	21791	128
22	21792	128
22	21793	126
22	21794	125
22	21795	128
22	21796	130
22	21797	130
22	21798	130
22	21799	130
22	21800	130
22	21801	130
22	21802	136
22	21803	137
22	21804	137
22	21805	141
22	21806	141
22	21807	141
22	21808	141
22	21809	141
22	21810	140
22	21811	138
22	21812	138
22	21813	135
22	21814	135
22	21815	135
22	21816	135
22	21817	135
22	21818	135
22	21819	136
22	21820	136
22	21821	136
22	21822	137
22	21823	138
22	21824	138
22	21825	138
22	21826	138
22	21827	138
22	21828	135
22	21829	136
22	21830	136
22	21831	136
22	21832	137
22	21833	137
22	21834	137
22	21835	136
22	21836	132
22	21837	132
22	21838	131
22	21839	131
22	21840	131
22	21841	131
22	21842	129
22	21843	131
22	21844	129
22	21845	129
22	21846	128
22	21847	108
22	21848	110
22	21849	110
22	21850	110
22	21851	109
22	21852	107
22	21853	107
22	21854	107
22	21855	105
22	21856	103
22	21857	102
22	21858	102
22	21859	102
22	21860	102
22	21861	102
22	21862	102
22	21863	102
22	21864	104
22	21865	105
22	21866	105
22	21867	105
22	21868	103
22	21869	98
22	21870	97
22	21871	97
22	21872	97
22	21873	97
22	21874	98
22	21875	98
22	21876	99
22	21877	99
22	21878	101
22	21879	105
22	21880	106
22	21881	105
22	21882	103
22	21883	103
22	21884	103
22	21885	106
22	21886	106
22	21887	105
22	21888	107
22	21889	100
22	21890	100
22	21891	100
22	21892	100
22	21893	100
22	21894	99
22	21895	99
22	21896	101
22	21897	100
22	21898	101
22	21899	99
22	21900	99
22	21901	99
22	21902	99
22	21903	99
22	21904	96
22	21905	94
22	21906	98
22	21907	100
22	21908	100
22	21909	101
22	21910	101
22	21911	101
22	21912	102
22	21913	94
22	21914	94
22	21915	94
22	21916	94
22	21917	83
22	21918	78
22	21919	78
22	21920	79
22	21921	79
22	21922	79
22	21923	79
22	21924	79
22	21925	80
22	21926	80
22	21927	80
22	21928	79
22	21929	79
22	21930	79
22	21931	78
22	21932	78
22	21933	78
22	21934	78
22	21935	78
22	21936	79
22	21937	80
22	21938	80
22	21939	80
22	21940	78
22	21941	80
22	21942	79
22	21943	77
22	21944	77
22	21945	74
22	21946	72
22	21947	71
22	21948	71
22	21949	71
22	21950	70
22	21951	66
22	21952	70
22	21953	69
22	21954	69
22	21955	65
22	21956	66
22	21957	68
22	21958	68
22	21959	67
22	21960	67
22	21961	68
22	21962	68
22	21963	68
22	21964	68
22	21965	68
22	21966	68
22	21967	68
22	21968	68
22	21969	69
22	21970	69
22	21971	68
22	21972	67
22	21973	66
22	21974	66
22	21975	66
22	21976	66
22	21977	65
22	21978	69
22	21979	69
22	21980	69
22	21981	69
22	21982	68
22	21983	72
22	21984	73
22	21985	73
22	21986	73
22	21987	76
22	21988	76
22	21989	77
22	21990	77
22	21991	74
22	21992	74
22	21993	75
22	21994	75
22	21995	75
22	21996	75
22	21997	74
22	21998	74
22	21999	75
22	22000	75
22	22001	75
22	22002	75
22	22003	75
22	22004	75
22	22005	75
22	22006	75
22	22007	75
22	22008	77
22	22009	76
22	22010	76
22	22011	75
22	22012	75
22	22013	75
22	22014	73
22	22015	75
22	22016	75
22	22017	76
22	22018	76
22	22019	80
22	22020	80
22	22021	81
22	22022	81
22	22023	81
22	22024	74
22	22025	74
22	22026	74
22	22027	73
22	22028	67
22	22029	67
22	22030	66
22	22031	66
22	22032	66
22	22033	65
22	22034	64
22	22035	64
22	22036	69
22	22037	67
22	22038	68
22	22039	68
22	22040	72
22	22041	72
22	22042	72
22	22043	71
22	22044	71
22	22045	71
22	22046	71
22	22047	71
22	22048	72
22	22049	74
22	22050	76
22	22051	76
22	22052	76
22	22053	77
22	22054	73
22	22055	74
22	22056	73
22	22057	71
22	22058	71
22	22059	71
22	22060	72
22	22061	72
22	22062	72
22	22063	72
22	22064	73
22	22065	73
22	22066	74
22	22067	72
22	22068	72
22	22069	72
22	22070	71
22	22071	71
22	22072	71
22	22073	71
22	22074	71
22	22075	70
22	22076	73
22	22077	73
22	22078	73
22	22079	73
22	22080	74
22	22081	74
22	22082	75
22	22083	76
22	22084	76
22	22085	76
22	22086	75
22	22087	71
22	22088	71
22	22089	72
22	22090	71
22	22091	71
22	22092	71
22	22093	72
22	22094	73
22	22095	74
22	22096	74
22	22097	73
22	22098	78
22	22099	78
22	22100	78
22	22101	78
22	22102	75
22	22103	77
22	22104	78
22	22105	78
22	22106	78
22	22107	76
22	22108	76
22	22109	76
22	22110	77
22	22111	77
22	22112	77
22	22113	77
22	22114	77
22	22115	77
22	22116	77
22	22117	77
22	22118	82
22	22119	82
22	22120	82
22	22121	82
22	22122	82
22	22123	82
22	22124	84
22	22125	84
22	22126	84
22	22127	81
22	22128	83
22	22129	83
22	22130	84
22	22131	84
22	22132	78
22	22133	78
22	22134	78
22	22135	78
22	22136	78
22	22137	75
22	22138	76
22	22139	76
22	22140	78
22	22141	78
22	22142	78
22	22143	77
22	22144	77
22	22145	79
22	22146	80
22	22147	80
22	22148	82
22	22149	79
22	22150	79
22	22151	79
22	22152	79
22	22153	79
22	22154	82
22	22155	84
22	22156	84
22	22157	84
22	22158	85
22	22159	85
22	22160	85
22	22161	85
22	22162	85
22	22163	87
22	22164	83
22	22165	83
22	22166	81
22	22167	81
22	22168	76
22	22169	76
22	22170	78
22	22171	78
22	22172	78
22	22173	78
22	22174	77
22	22175	77
22	22176	78
22	22177	78
22	22178	78
22	22179	78
22	22180	78
22	22181	79
22	22182	79
22	22183	79
22	22184	80
22	22185	77
22	22186	78
22	22187	79
22	22188	78
22	22189	79
22	22190	75
22	22191	76
22	22192	76
22	22193	76
22	22194	79
22	22195	79
22	22196	78
22	22197	78
22	22198	77
22	22199	75
22	22200	73
22	22201	73
22	22202	73
22	22203	72
22	22204	71
22	22205	72
22	22206	72
22	22207	72
22	22208	71
22	22209	70
22	22210	70
22	22211	70
22	22212	69
22	22213	69
22	22214	67
22	22215	67
22	22216	66
22	22217	66
22	22218	66
22	22219	66
22	22220	66
22	22221	66
22	22222	66
22	22223	66
22	22224	67
22	22225	66
22	22226	66
22	22227	68
22	22228	67
22	22229	68
22	22230	68
22	22231	68
22	22232	67
22	22233	67
22	22234	67
22	22235	68
22	22236	68
22	22237	68
22	22238	67
22	22239	67
22	22240	66
22	22241	66
22	22242	66
22	22243	65
22	22244	66
22	22245	65
22	22246	65
22	22247	65
22	22248	61
22	22249	60
22	22250	61
22	22251	61
22	22252	60
22	22253	58
22	22254	58
22	22255	57
22	22256	57
22	22257	57
22	22258	58
22	22259	57
22	22260	57
22	22261	57
22	22262	57
22	22263	57
22	22264	58
22	22265	63
22	22266	63
22	22267	60
22	22268	58
22	22269	58
22	22270	58
22	22271	58
22	22272	58
22	22273	58
22	22274	57
22	22275	57
22	22276	54
22	22277	55
22	22278	55
22	22279	57
22	22280	56
22	22281	56
22	22282	55
22	22283	55
22	22284	55
22	22285	55
22	22286	59
22	22287	59
22	22288	56
22	22289	55
22	22290	55
22	22291	55
22	22292	55
22	22293	55
22	22294	55
22	22295	53
22	22296	52
22	22297	52
22	22298	53
22	22299	53
22	22300	54
22	22301	54
22	22302	54
22	22303	51
22	22304	57
22	22305	55
22	22306	55
22	22307	55
22	22308	54
22	22309	54
22	22310	54
22	22311	56
22	22312	56
22	22313	53
22	22314	52
22	22315	52
22	22316	53
22	22317	54
22	22318	51
22	22319	52
22	22320	56
22	22321	56
22	22322	57
22	22323	57
22	22324	58
22	22325	58
22	22326	65
22	22327	66
22	22328	66
22	22329	66
22	22330	65
22	22331	66
22	22332	67
22	22333	66
22	22334	73
22	22335	70
22	22336	69
22	22337	69
22	22338	69
22	22339	67
22	22340	69
22	22341	68
22	22342	71
22	22343	72
22	22344	72
22	22345	71
22	22346	71
22	22347	70
22	22348	70
22	22349	70
22	22350	70
22	22351	70
22	22352	69
22	22353	70
22	22354	70
22	22355	70
22	22356	70
22	22357	70
22	22358	71
22	22359	71
22	22360	71
22	22361	71
22	22362	71
22	22363	71
22	22364	72
22	22365	72
22	22366	72
22	22367	72
22	22368	74
22	22369	74
22	22370	74
22	22371	74
22	22372	74
22	22373	74
22	22374	75
22	22375	74
22	22376	73
22	22377	70
22	22378	70
22	22379	73
22	22380	73
22	22381	75
22	22382	75
22	22383	75
22	22384	75
22	22385	75
22	22386	76
22	22387	79
22	22388	79
22	22389	79
22	22390	78
22	22391	80
22	22392	80
22	22393	80
22	22394	82
22	22395	82
22	22396	85
22	22397	85
22	22398	85
22	22399	84
22	22400	84
22	22401	84
22	22402	84
22	22403	84
22	22404	85
22	22405	84
22	22406	84
22	22407	84
22	22408	84
22	22409	85
22	22410	85
22	22411	85
22	22412	86
22	22413	86
22	22414	85
22	22415	86
22	22416	87
22	22417	87
22	22418	87
22	22419	87
22	22420	87
22	22421	88
22	22422	88
22	22423	88
22	22424	91
22	22425	91
22	22426	91
22	22427	90
22	22428	91
22	22429	93
22	22430	93
22	22431	94
22	22432	96
22	22433	96
22	22434	98
22	22435	98
22	22436	99
22	22437	99
22	22438	100
22	22439	100
22	22440	103
22	22441	103
22	22442	103
22	22443	104
22	22444	106
22	22445	107
22	22446	107
22	22447	106
22	22448	106
22	22449	105
22	22450	105
22	22451	104
22	22452	105
22	22453	101
22	22454	100
22	22455	100
22	22456	100
22	22457	100
22	22458	100
22	22459	100
22	22460	101
22	22461	105
22	22462	105
22	22463	107
22	22464	107
22	22465	107
22	22466	108
22	22467	107
22	22468	107
22	22469	108
22	22470	103
22	22471	106
22	22472	116
22	22473	116
22	22474	115
22	22475	106
22	22476	105
22	22477	105
22	22478	106
22	22479	108
22	22480	107
22	22481	102
22	22482	104
22	22483	99
22	22484	100
22	22485	100
22	22486	99
22	22487	99
22	22488	102
22	22489	102
22	22490	102
22	22491	99
22	22492	98
22	22493	98
22	22494	99
22	22495	101
22	22496	101
22	22497	101
22	22498	105
22	22499	105
22	22500	106
22	22501	106
22	22502	106
22	22503	106
22	22504	106
22	22505	106
22	22506	106
22	22507	102
22	22508	102
22	22509	102
22	22510	102
22	22511	103
22	22512	104
22	22513	103
22	22514	103
22	22515	103
22	22516	103
22	22517	103
22	22518	101
22	22519	101
22	22520	102
22	22521	102
22	22522	102
22	22523	101
22	22524	101
22	22525	101
22	22526	101
22	22527	101
22	22528	101
22	22529	99
22	22530	99
22	22531	99
22	22532	98
22	22533	99
22	22534	100
22	22535	100
22	22536	99
22	22537	100
22	22538	100
22	22539	100
22	22540	100
22	22541	100
22	22542	99
22	22543	97
22	22544	97
22	22545	97
22	22546	95
22	22547	95
22	22548	93
22	22549	93
22	22550	92
22	22551	92
22	22552	93
22	22553	94
22	22554	93
22	22555	93
22	22556	93
22	22557	93
22	22558	92
22	22559	93
22	22560	94
22	22561	93
22	22562	92
22	22563	92
22	22564	93
22	22565	95
22	22566	94
22	22567	100
22	22568	102
22	22569	102
22	22570	102
22	22571	100
22	22572	101
22	22573	98
22	22574	101
22	22575	101
22	22576	99
22	22577	101
22	22578	100
22	22579	100
22	22580	99
22	22581	97
22	22582	97
22	22583	97
22	22584	96
22	22585	96
22	22586	97
22	22587	97
22	22588	96
22	22589	96
22	22590	96
22	22591	96
22	22592	97
22	22593	100
22	22594	107
22	22595	107
22	22596	107
22	22597	107
22	22598	107
22	22599	110
22	22600	109
22	22601	110
22	22602	109
22	22603	107
22	22604	107
22	22605	107
22	22606	107
22	22607	107
22	22608	106
22	22609	106
22	22610	106
22	22611	102
22	22612	101
22	22613	99
22	22614	99
22	22615	98
22	22616	98
22	22617	98
22	22618	98
22	22619	97
22	22620	95
22	22621	91
22	22622	86
22	22623	86
22	22624	86
22	22625	86
22	22626	86
22	22627	86
22	22628	85
22	22629	87
22	22630	87
22	22631	86
22	22632	85
22	22633	85
22	22634	86
22	22635	86
22	22636	86
22	22637	85
22	22638	83
22	22639	84
22	22640	84
22	22641	84
22	22642	83
22	22643	82
22	22644	82
22	22645	86
22	22646	86
22	22647	86
22	22648	82
22	22649	87
22	22650	86
22	22651	86
22	22652	86
22	22653	86
22	22654	86
22	22655	87
22	22656	89
22	22657	93
22	22658	93
22	22659	93
22	22660	93
22	22661	91
22	22662	91
22	22663	91
22	22664	91
22	22665	97
22	22666	97
22	22667	97
22	22668	97
22	22669	102
22	22670	101
22	22671	101
22	22672	101
22	22673	101
22	22674	100
22	22675	100
22	22676	100
22	22677	102
22	22678	103
22	22679	106
22	22680	106
22	22681	106
22	22682	106
22	22683	105
22	22684	105
22	22685	105
22	22686	102
22	22687	101
22	22688	101
22	22689	103
22	22690	102
22	22691	102
22	22692	102
22	22693	102
22	22694	102
22	22695	110
22	22696	110
22	22697	108
22	22698	110
22	22699	109
22	22700	112
22	22701	113
22	22702	113
22	22703	113
22	22704	113
22	22705	115
22	22706	114
22	22707	116
22	22708	118
22	22709	115
22	22710	114
22	22711	114
22	22712	115
22	22713	115
22	22714	114
22	22715	117
22	22716	111
22	22717	109
22	22718	109
22	22719	109
22	22720	109
22	22721	109
22	22722	109
22	22723	108
22	22724	106
22	22725	106
22	22726	106
22	22727	106
22	22728	107
22	22729	108
22	22730	109
22	22731	110
22	22732	110
22	22733	110
22	22734	113
22	22735	115
22	22736	113
22	22737	113
22	22738	113
22	22739	111
22	22740	110
22	22741	111
22	22742	99
22	22743	96
22	22744	96
22	22745	96
22	22746	97
22	22747	97
22	22748	97
22	22749	94
22	22750	94
22	22751	95
22	22752	97
22	22753	97
22	22754	97
22	22755	97
22	22756	100
22	22757	100
22	22758	99
22	22759	99
22	22760	100
22	22761	103
22	22762	110
22	22763	110
22	22764	110
22	22765	110
22	22766	110
22	22767	110
22	22768	110
22	22769	110
22	22770	110
22	22771	108
22	22772	107
22	22773	108
22	22774	108
22	22775	108
22	22776	110
22	22777	110
22	22778	110
22	22779	107
22	22780	106
22	22781	106
22	22782	106
22	22783	106
22	22784	104
22	22785	104
22	22786	108
22	22787	111
22	22788	111
22	22789	110
22	22790	111
22	22791	114
22	22792	115
22	22793	115
22	22794	115
22	22795	110
22	22796	119
22	22797	119
22	22798	122
22	22799	118
22	22800	118
22	22801	118
22	22802	117
22	22803	117
22	22804	119
22	22805	118
22	22806	117
22	22807	112
22	22808	112
22	22809	114
22	22810	114
22	22811	114
22	22812	114
22	22813	114
22	22814	114
22	22815	107
22	22816	107
22	22817	107
22	22818	106
22	22819	109
22	22820	111
22	22821	111
22	22822	111
22	22823	111
22	22824	111
22	22825	111
22	22826	109
22	22827	106
22	22828	104
22	22829	104
22	22830	106
22	22831	105
22	22832	105
22	22833	105
22	22834	105
22	22835	105
22	22836	109
22	22837	111
22	22838	109
22	22839	108
22	22840	108
22	22841	110
22	22842	110
22	22843	110
22	22844	115
22	22845	110
22	22846	112
22	22847	112
22	22848	112
22	22849	113
22	22850	109
22	22851	110
22	22852	113
22	22853	113
22	22854	111
22	22855	111
22	22856	111
22	22857	109
22	22858	107
22	22859	107
22	22860	107
22	22861	103
22	22862	103
22	22863	105
22	22864	107
22	22865	105
22	22866	105
22	22867	106
22	22868	106
22	22869	106
22	22870	112
22	22871	112
22	22872	112
22	22873	112
22	22874	117
22	22875	117
22	22876	118
22	22877	118
22	22878	117
22	22879	116
22	22880	115
22	22881	116
22	22882	116
22	22883	110
22	22884	110
22	22885	110
22	22886	110
22	22887	111
22	22888	111
22	22889	112
22	22890	111
22	22891	111
22	22892	111
22	22893	111
22	22894	111
22	22895	111
22	22896	110
22	22897	110
22	22898	112
22	22899	112
22	22900	110
22	22901	109
22	22902	116
22	22903	116
22	22904	116
22	22905	114
22	22906	119
22	22907	118
22	22908	118
22	22909	118
22	22910	118
22	22911	115
22	22912	108
22	22913	111
22	22914	111
22	22915	111
22	22916	115
22	22917	115
22	22918	115
22	22919	115
22	22920	115
22	22921	116
22	22922	113
22	22923	113
22	22924	113
22	22925	114
22	22926	112
22	22927	112
22	22928	112
22	22929	112
22	22930	112
22	22931	113
22	22932	113
22	22933	113
22	22934	116
22	22935	110
22	22936	110
22	22937	110
22	22938	110
22	22939	110
22	22940	108
22	22941	106
22	22942	105
22	22943	106
22	22944	106
22	22945	106
22	22946	98
22	22947	96
22	22948	94
22	22949	96
22	22950	97
22	22951	97
22	22952	97
22	22953	97
22	22954	95
22	22955	95
22	22956	94
22	22957	94
22	22958	93
22	22959	93
22	22960	102
22	22961	108
22	22962	108
22	22963	108
22	22964	116
22	22965	116
22	22966	116
22	22967	116
22	22968	116
22	22969	114
22	22970	112
22	22971	113
22	22972	113
22	22973	114
22	22974	116
22	22975	116
22	22976	116
22	22977	116
22	22978	116
22	22979	114
22	22980	114
22	22981	114
22	22982	116
22	22983	116
22	22984	116
22	22985	115
22	22986	113
22	22987	113
22	22988	113
22	22989	114
22	22990	114
22	22991	112
22	22992	112
22	22993	112
22	22994	108
22	22995	107
22	22996	105
22	22997	105
22	22998	104
22	22999	106
22	23000	106
22	23001	101
22	23002	101
22	23003	101
22	23004	101
22	23005	102
22	23006	102
22	23007	102
22	23008	103
22	23009	104
22	23010	104
22	23011	104
22	23012	103
22	23013	102
22	23014	100
22	23015	100
22	23016	103
22	23017	104
22	23018	105
22	23019	99
22	23020	99
22	23021	99
22	23022	105
22	23023	113
22	23024	110
22	23025	109
22	23026	107
22	23027	107
22	23028	107
22	23029	108
22	23030	108
22	23031	106
22	23032	106
22	23033	106
22	23034	105
22	23035	105
22	23036	105
22	23037	104
22	23038	104
22	23039	106
22	23040	107
22	23041	110
22	23042	110
22	23043	110
22	23044	112
22	23045	112
22	23046	112
22	23047	116
22	23048	115
22	23049	111
22	23050	108
22	23051	107
22	23052	107
22	23053	107
22	23054	107
22	23055	108
22	23056	105
22	23057	106
22	23058	106
22	23059	108
22	23060	107
22	23061	107
22	23062	107
22	23063	104
22	23064	103
22	23065	99
22	23066	99
22	23067	101
22	23068	101
22	23069	101
22	23070	102
22	23071	101
22	23072	101
22	23073	101
22	23074	101
22	23075	100
22	23076	100
22	23077	100
22	23078	98
22	23079	100
22	23080	99
22	23081	99
22	23082	99
22	23083	99
22	23084	100
22	23085	102
22	23086	102
22	23087	102
22	23088	102
22	23089	103
22	23090	103
22	23091	103
22	23092	103
22	23093	103
22	23094	104
22	23095	104
22	23096	104
22	23097	104
22	23098	104
22	23099	106
22	23100	112
22	23101	112
22	23102	112
22	23103	112
22	23104	116
22	23105	116
22	23106	116
22	23107	109
22	23108	105
22	23109	108
22	23110	102
22	23111	104
22	23112	105
22	23113	97
22	23114	100
22	23115	100
22	23116	100
22	23117	100
22	23118	98
22	23119	97
22	23120	97
22	23121	96
22	23122	96
22	23123	95
22	23124	95
22	23125	95
22	23126	96
22	23127	96
22	23128	96
22	23129	94
22	23130	94
22	23131	95
22	23132	95
22	23133	95
22	23134	94
22	23135	94
22	23136	95
22	23137	96
22	23138	97
22	23139	96
22	23140	96
22	23141	99
22	23142	99
22	23143	100
22	23144	99
22	23145	99
22	23146	99
22	23147	99
22	23148	99
22	23149	98
22	23150	99
22	23151	99
22	23152	97
22	23153	97
22	23154	97
22	23155	98
22	23156	98
22	23157	98
22	23158	98
22	23159	98
22	23160	99
22	23161	99
22	23162	102
22	23163	101
22	23164	107
22	23165	107
22	23166	104
22	23167	103
22	23168	102
22	23169	103
22	23170	103
22	23171	101
22	23172	100
22	23173	91
22	23174	90
22	23175	90
22	23176	90
22	23177	90
22	23178	89
22	23179	89
22	23180	90
22	23181	91
22	23182	91
22	23183	91
22	23184	91
22	23185	92
22	23186	92
22	23187	92
22	23188	94
22	23189	93
22	23190	92
22	23191	89
22	23192	90
22	23193	90
22	23194	89
22	23195	89
22	23196	85
22	23197	85
22	23198	84
22	23199	84
22	23200	84
22	23201	84
22	23202	84
22	23203	84
22	23204	87
22	23205	88
22	23206	87
22	23207	86
22	23208	84
22	23209	85
22	23210	86
22	23211	87
22	23212	87
22	23213	87
22	23214	87
22	23215	86
22	23216	86
22	23217	90
22	23218	92
22	23219	92
22	23220	92
22	23221	92
22	23222	92
22	23223	91
22	23224	94
22	23225	98
22	23226	104
22	23227	104
22	23228	104
22	23229	104
22	23230	104
22	23231	104
22	23232	104
22	23233	100
22	23234	105
22	23235	103
22	23236	106
22	23237	107
22	23238	108
22	23239	109
22	23240	111
22	23241	111
22	23242	114
22	23243	114
22	23244	113
22	23245	102
22	23246	104
22	23247	102
22	23248	102
22	23249	102
22	23250	102
22	23251	102
22	23252	102
22	23253	103
22	23254	100
22	23255	99
22	23256	101
22	23257	100
22	23258	101
22	23259	100
22	23260	101
22	23261	101
22	23262	100
22	23263	100
22	23264	97
22	23265	97
22	23266	97
22	23267	104
22	23268	104
22	23269	103
22	23270	104
22	23271	104
22	23272	104
22	23273	102
22	23274	105
22	23275	105
22	23276	102
22	23277	103
22	23278	103
22	23279	107
22	23280	111
22	23281	111
22	23282	114
22	23283	114
22	23284	115
22	23285	115
22	23286	112
22	23287	111
22	23288	111
22	23289	111
22	23290	112
22	23291	109
22	23292	110
22	23293	108
22	23294	108
22	23295	108
22	23296	108
22	23297	116
22	23298	115
22	23299	114
22	23300	114
22	23301	114
22	23302	114
22	23303	116
22	23304	115
22	23305	115
22	23306	115
22	23307	115
22	23308	125
22	23309	124
22	23310	124
22	23311	124
22	23312	121
22	23313	117
22	23314	117
22	23315	120
22	23316	121
22	23317	120
22	23318	119
22	23319	119
22	23320	119
22	23321	121
22	23322	121
22	23323	121
22	23324	122
22	23325	122
22	23326	122
22	23327	123
22	23328	123
22	23329	123
22	23330	122
22	23331	121
22	23332	121
22	23333	122
22	23334	124
22	23335	123
22	23336	128
22	23337	126
22	23338	126
22	23339	125
22	23340	125
22	23341	125
22	23342	125
22	23343	123
22	23344	123
22	23345	124
22	23346	124
22	23347	124
22	23348	123
22	23349	124
22	23350	127
22	23351	129
22	23352	129
22	23353	130
22	23354	127
22	23355	124
22	23356	126
22	23357	126
22	23358	124
22	23359	123
22	23360	124
22	23361	124
22	23362	127
22	23363	127
22	23364	127
22	23365	129
22	23366	129
22	23367	124
22	23368	123
22	23369	122
22	23370	122
22	23371	123
22	23372	124
22	23373	124
22	23374	119
22	23375	122
22	23376	115
22	23377	115
22	23378	115
22	23379	115
22	23380	116
22	23381	119
22	23382	119
22	23383	118
22	23384	116
22	23385	115
22	23386	112
22	23387	114
22	23388	113
22	23389	123
22	23390	125
22	23391	125
22	23392	122
22	23393	121
22	23394	120
22	23395	121
22	23396	121
22	23397	121
22	23398	122
22	23399	121
22	23400	121
22	23401	125
22	23402	125
22	23403	123
22	23404	123
22	23405	123
22	23406	125
22	23407	125
22	23408	124
22	23409	124
22	23410	123
22	23411	123
22	23412	123
22	23413	123
22	23414	123
22	23415	123
22	23416	124
22	23417	120
22	23418	119
22	23419	119
22	23420	125
22	23421	129
22	23422	129
22	23423	129
22	23424	126
22	23425	125
22	23426	125
22	23427	124
22	23428	128
22	23429	124
22	23430	121
22	23431	121
22	23432	119
22	23433	119
22	23434	118
22	23435	124
22	23436	124
22	23437	124
22	23438	124
22	23439	124
22	23440	123
22	23441	122
22	23442	122
22	23443	122
22	23444	122
22	23445	122
22	23446	121
22	23447	115
22	23448	122
22	23449	122
22	23450	122
22	23451	122
22	23452	122
22	23453	123
22	23454	123
22	23455	127
22	23456	129
22	23457	117
22	23458	117
22	23459	117
22	23460	120
22	23461	121
22	23462	121
22	23463	121
22	23464	118
22	23465	118
22	23466	119
22	23467	119
22	23468	120
22	23469	121
22	23470	119
22	23471	118
22	23472	120
22	23473	119
22	23474	119
22	23475	120
22	23476	121
22	23477	120
22	23478	120
22	23479	120
22	23480	122
22	23481	124
22	23482	126
22	23483	125
22	23484	123
22	23485	119
22	23486	118
22	23487	118
22	23488	118
22	23489	118
22	23490	120
22	23491	125
22	23492	125
22	23493	125
22	23494	125
22	23495	125
22	23496	125
22	23497	125
22	23498	125
22	23499	123
22	23500	120
22	23501	118
22	23502	119
22	23503	118
22	23504	118
22	23505	118
22	23506	117
22	23507	117
22	23508	117
22	23509	117
22	23510	119
22	23511	117
22	23512	117
22	23513	117
22	23514	116
22	23515	114
22	23516	114
22	23517	120
22	23518	120
22	23519	120
22	23520	120
22	23521	120
22	23522	119
22	23523	119
22	23524	117
22	23525	118
22	23526	121
22	23527	121
22	23528	121
22	23529	120
22	23530	126
22	23531	127
22	23532	127
22	23533	126
22	23534	123
22	23535	127
22	23536	133
22	23537	130
22	23538	130
22	23539	119
22	23540	117
22	23541	117
22	23542	121
22	23543	121
22	23544	120
22	23545	118
22	23546	119
22	23547	123
22	23548	122
22	23549	122
22	23550	122
22	23551	119
22	23552	120
22	23553	122
22	23554	121
22	23555	118
22	23556	120
22	23557	122
22	23558	123
22	23559	123
22	23560	121
22	23561	121
22	23562	121
22	23563	121
22	23564	121
22	23565	120
22	23566	119
22	23567	118
22	23568	118
22	23569	112
22	23570	113
22	23571	111
22	23572	111
22	23573	118
22	23574	118
22	23575	118
22	23576	114
22	23577	114
22	23578	114
22	23579	114
22	23580	112
22	23581	112
22	23582	111
22	23583	111
22	23584	107
22	23585	107
22	23586	107
22	23587	107
22	23588	110
22	23589	110
22	23590	110
22	23591	110
22	23592	110
22	23593	111
22	23594	111
22	23595	119
22	23596	119
22	23597	113
22	23598	113
22	23599	112
22	23600	112
22	23601	112
22	23602	113
22	23603	109
22	23604	108
22	23605	108
22	23606	108
22	23607	108
22	23608	109
22	23609	109
22	23610	108
22	23611	113
22	23612	114
22	23613	115
22	23614	116
22	23615	116
22	23616	116
22	23617	116
22	23618	115
22	23619	114
22	23620	115
22	23621	115
22	23622	123
22	23623	123
22	23624	123
22	23625	121
22	23626	121
22	23627	121
22	23628	121
22	23629	117
22	23630	117
22	23631	115
22	23632	124
22	23633	124
22	23634	124
22	23635	124
22	23636	122
22	23637	124
22	23638	125
22	23639	122
22	23640	121
22	23641	119
22	23642	119
22	23643	119
22	23644	119
22	23645	118
22	23646	118
22	23647	118
22	23648	118
22	23649	118
22	23650	118
22	23651	121
22	23652	122
22	23653	122
22	23654	123
22	23655	123
22	23656	123
22	23657	123
22	23658	126
22	23659	126
22	23660	123
22	23661	123
22	23662	123
22	23663	123
22	23664	123
22	23665	127
22	23666	138
22	23667	134
22	23668	135
22	23669	135
22	23670	134
22	23671	134
22	23672	134
22	23673	134
22	23674	134
22	23675	134
22	23676	133
22	23677	136
22	23678	136
22	23679	129
22	23680	129
22	23681	129
22	23682	129
22	23683	129
22	23684	129
22	23685	127
22	23686	125
22	23687	126
22	23688	135
22	23689	135
22	23690	135
22	23691	135
22	23692	132
22	23693	132
22	23694	132
22	23695	132
22	23696	132
22	23697	129
22	23698	136
22	23699	142
22	23700	140
22	23701	140
22	23702	139
22	23703	138
22	23704	138
22	23705	138
22	23706	142
22	23707	143
22	23708	142
22	23709	142
22	23710	142
22	23711	142
22	23712	142
22	23713	142
22	23714	142
22	23715	142
22	23716	142
22	23717	142
22	23718	144
22	23719	144
22	23720	143
22	23721	143
22	23722	152
22	23723	145
22	23724	148
22	23725	148
22	23726	149
22	23727	151
22	23728	152
22	23729	153
22	23730	153
22	23731	154
22	23732	155
22	23733	154
22	23734	154
22	23735	165
22	23736	168
22	23737	170
22	23738	167
22	23739	167
22	23740	170
22	23741	170
22	23742	181
22	23743	185
22	23744	177
22	23745	175
22	23746	175
22	23747	175
22	23748	177
22	23749	177
22	23750	179
22	23751	177
22	23752	184
22	23753	185
22	23754	183
22	23755	183
22	23756	184
22	23757	184
22	23758	184
22	23759	177
22	23760	176
22	23761	176
22	23762	175
22	23763	173
22	23764	173
22	23765	173
22	23766	173
22	23767	177
22	23768	177
22	23769	177
22	23770	172
22	23771	171
22	23772	171
22	23773	171
22	23774	173
22	23775	173
22	23776	173
22	23777	173
22	23778	173
22	23779	173
22	23780	173
22	23781	173
22	23782	169
22	23783	169
22	23784	169
22	23785	171
22	23786	171
22	23787	174
22	23788	173
22	23789	173
22	23790	174
22	23791	171
22	23792	171
22	23793	171
22	23794	171
22	23795	171
22	23796	171
22	23797	171
22	23798	171
22	23799	176
22	23800	178
22	23801	177
22	23802	176
22	23803	175
22	23804	175
22	23805	175
22	23806	175
22	23807	172
22	23808	172
22	23809	172
22	23810	172
22	23811	172
22	23812	173
22	23813	175
22	23814	175
22	23815	176
22	23816	165
22	23817	162
22	23818	161
22	23819	161
22	23820	161
22	23821	161
22	23822	161
22	23823	161
22	23824	164
22	23825	161
22	23826	158
22	23827	160
22	23828	160
22	23829	160
22	23830	160
22	23831	159
22	23832	159
22	23833	160
22	23834	159
22	23835	148
22	23836	146
22	23837	146
22	23838	146
22	23839	146
22	23840	148
22	23841	150
22	23842	147
22	23843	147
22	23844	146
22	23845	148
22	23846	148
22	23847	148
22	23848	143
22	23849	137
22	23850	137
22	23851	137
22	23852	140
22	23853	140
22	23854	139
22	23855	138
22	23856	133
22	23857	132
22	23858	132
22	23859	132
22	23860	132
22	23861	132
22	23862	132
22	23863	136
22	23864	136
22	23865	137
22	23866	137
22	23867	135
22	23868	136
22	23869	136
22	23870	136
22	23871	136
22	23872	127
22	23873	127
22	23874	125
22	23875	126
22	23876	128
22	23877	127
22	23878	126
22	23879	126
22	23880	126
22	23881	123
22	23882	131
22	23883	137
22	23884	139
22	23885	131
22	23886	128
22	23887	126
22	23888	126
22	23889	127
22	23890	124
22	23891	114
22	23892	113
22	23893	111
22	23894	113
22	23895	113
22	23896	113
22	23897	113
22	23898	112
22	23899	112
22	23900	110
22	23901	110
22	23902	102
22	23903	102
22	23904	103
22	23905	103
22	23906	103
22	23907	102
22	23908	106
22	23909	107
22	23910	109
22	23911	110
22	23912	111
22	23913	113
22	23914	115
22	23915	115
22	23916	115
22	23917	111
22	23918	112
22	23919	108
22	23920	108
22	23921	108
22	23922	107
22	23923	107
22	23924	105
22	23925	105
22	23926	105
22	23927	105
22	23928	106
22	23929	106
22	23930	106
22	23931	106
22	23932	106
22	23933	106
22	23934	106
22	23935	104
22	23936	101
22	23937	101
22	23938	101
22	23939	101
22	23940	101
22	23941	102
22	23942	102
22	23943	102
22	23944	102
22	23945	102
22	23946	102
22	23947	106
22	23948	109
22	23949	104
22	23950	102
22	23951	102
22	23952	102
22	23953	102
22	23954	102
22	23955	102
22	23956	102
22	23957	103
22	23958	104
22	23959	104
22	23960	105
22	23961	105
22	23962	105
22	23963	103
22	23964	103
22	23965	98
22	23966	98
22	23967	98
22	23968	98
22	23969	98
22	23970	98
22	23971	98
22	23972	99
22	23973	98
22	23974	96
22	23975	93
22	23976	93
22	23977	91
22	23978	91
22	23979	91
22	23980	94
22	23981	95
22	23982	95
22	23983	94
22	23984	91
22	23985	91
22	23986	91
22	23987	91
22	23988	91
22	23989	91
22	23990	87
22	23991	88
22	23992	88
22	23993	89
22	23994	87
22	23995	85
22	23996	89
22	23997	88
22	23998	90
22	23999	93
22	24000	94
22	24001	93
22	24002	91
22	24003	90
22	24004	90
22	24005	90
22	24006	90
22	24007	90
22	24008	88
22	24009	88
22	24010	88
22	24011	88
22	24012	86
22	24013	86
22	24014	86
22	24015	95
22	24016	97
22	24017	98
22	24018	98
22	24019	99
22	24020	99
22	24021	101
22	24022	101
22	24023	101
22	24024	100
22	24025	95
22	24026	91
22	24027	90
22	24028	91
22	24029	91
22	24030	81
22	24031	79
22	24032	79
22	24033	79
22	24034	76
22	24035	76
22	24036	76
22	24037	76
22	24038	76
22	24039	79
22	24040	79
22	24041	78
22	24042	78
22	24043	78
22	24044	76
22	24045	76
22	24046	76
22	24047	78
22	24048	78
22	24049	79
22	24050	80
22	24051	80
22	24052	80
22	24053	80
22	24054	84
22	24055	84
22	24056	84
22	24057	80
22	24058	80
22	24059	79
22	24060	79
22	24061	78
22	24062	77
22	24063	75
22	24064	75
22	24065	76
22	24066	76
22	24067	76
22	24068	75
22	24069	75
22	24070	77
22	24071	77
22	24072	77
22	24073	77
22	24074	77
22	24075	77
22	24076	77
22	24077	77
22	24078	77
22	24079	77
22	24080	76
22	24081	76
22	24082	76
22	24083	77
22	24084	77
22	24085	78
22	24086	78
22	24087	78
22	24088	79
22	24089	81
22	24090	80
22	24091	80
22	24092	80
22	24093	80
22	24094	82
22	24095	82
22	24096	80
22	24097	78
22	24098	75
22	24099	75
22	24100	75
22	24101	75
22	24102	78
22	24103	81
22	24104	81
22	24105	81
22	24106	81
22	24107	79
22	24108	78
22	24109	78
22	24110	77
22	24111	77
22	24112	75
22	24113	75
22	24114	75
22	24115	75
22	24116	75
22	24117	76
22	24118	76
22	24119	76
22	24120	76
22	24121	77
22	24122	76
22	24123	76
22	24124	75
22	24125	75
22	24126	75
22	24127	75
22	24128	75
22	24129	74
22	24130	70
22	24131	70
22	24132	70
22	24133	70
22	24134	70
22	24135	71
22	24136	73
22	24137	73
22	24138	73
22	24139	73
22	24140	73
22	24141	72
22	24142	72
22	24143	71
22	24144	69
22	24145	66
22	24146	66
22	24147	66
22	24148	65
22	24149	62
22	24150	61
22	24151	61
22	24152	61
22	24153	61
22	24154	61
22	24155	62
22	24156	62
22	24157	61
22	24158	61
22	24159	61
22	24160	61
22	24161	61
22	24162	61
22	24163	61
22	24164	51
22	24165	51
22	24166	49
22	24167	48
22	24168	46
22	24169	45
22	24170	44
22	24171	42
22	24172	42
22	24173	41
22	24174	41
22	24175	41
22	24176	41
22	24177	41
22	24178	40
22	24179	40
22	24180	41
22	24181	41
22	24182	41
22	24183	41
22	24184	41
22	24185	41
22	24186	41
22	24187	38
22	24188	38
22	24189	38
22	24190	38
22	24191	38
22	24192	37
22	24193	38
22	24194	38
22	24195	38
22	24196	37
22	24197	35
22	24198	35
22	24199	35
22	24200	34
22	24201	34
22	24202	31
22	24203	29
22	24204	28
22	24205	28
22	24206	28
22	24207	28
22	24208	28
22	24209	28
22	24210	28
22	24211	28
22	24212	28
22	24213	28
22	24214	27
22	24215	27
22	24216	27
22	24217	27
22	24218	27
22	24219	25
22	24220	25
22	24221	25
22	24222	25
22	24223	25
22	24224	25
22	24225	25
22	24226	25
22	24227	25
22	24228	25
22	24229	25
22	24230	25
22	24231	25
22	24232	25
22	24233	25
22	24234	25
22	24235	24
22	24236	24
22	24237	23
22	24238	23
22	24239	23
22	24240	23
22	24241	23
22	24242	23
22	24243	25
22	24244	24
22	24245	24
22	24246	24
22	24247	24
22	24248	23
22	24249	23
22	24250	25
22	24251	27
22	24252	21
22	24253	21
22	24254	21
22	24255	21
22	24256	24
22	24257	24
22	24258	25
22	24259	26
22	24260	26
22	24261	26
22	24262	26
22	24263	26
22	24264	26
22	24265	25
22	24266	25
22	24267	25
22	24268	25
22	24269	25
22	24270	25
22	24271	25
22	24272	25
22	24273	25
22	24274	25
22	24275	25
22	24276	25
22	24277	25
22	24278	25
22	24279	25
22	24280	25
22	24281	26
22	24282	26
22	24283	26
22	24284	26
22	24285	25
22	24286	23
22	24287	23
22	24288	23
22	24289	23
22	24290	23
22	24291	23
22	24292	23
22	24293	25
22	24294	25
22	24295	25
22	24296	25
22	24297	25
22	24298	25
22	24299	25
22	24300	25
22	24301	23
22	24302	23
22	24303	23
22	24304	23
22	24305	23
22	24306	23
22	24307	21
22	24308	21
22	24309	20
22	24310	20
22	24311	20
22	24312	20
22	24313	20
22	24314	20
22	24315	20
22	24316	22
22	24317	22
22	24318	22
22	24319	22
22	24320	22
22	24321	21
22	24322	21
22	24323	21
22	24324	21
22	24325	21
22	24326	21
22	24327	21
22	24328	22
22	24329	21
22	24330	20
22	24331	20
22	24332	20
22	24333	20
22	24334	20
22	24335	20
22	24336	20
22	24337	20
22	24338	21
22	24339	19
22	24340	19
22	24341	19
22	24342	19
22	24343	19
22	24344	19
22	24345	19
22	24346	19
22	24347	19
22	24348	19
22	24349	19
22	24350	19
22	24351	19
22	24352	19
22	24353	19
22	24354	19
22	24355	19
22	24356	19
22	24357	19
22	24358	18
22	24359	18
22	24360	18
22	24361	18
22	24362	18
22	24363	19
22	24364	19
22	24365	19
22	24366	19
22	24367	19
22	24368	19
22	24369	19
22	24370	19
22	24371	19
22	24372	19
22	24373	19
22	24374	19
22	24375	19
22	24376	19
22	24377	19
22	24378	19
22	24379	19
22	24380	19
22	24381	19
22	24382	19
22	24383	18
22	24384	18
22	24385	18
22	24386	18
22	24387	18
22	24388	16
22	24389	16
22	24390	16
22	24391	16
22	24392	16
22	24393	14
22	24394	14
22	24395	14
22	24396	14
22	24397	14
22	24398	13
22	24399	13
22	24400	11
22	24401	11
22	24402	11
22	24403	11
22	24404	11
22	24405	10
22	24406	10
22	24407	10
22	24408	9
22	24409	8
22	24410	8
22	24411	8
22	24412	13
22	24413	13
22	24414	13
22	24415	14
22	24416	14
22	24417	14
22	24418	13
22	24419	14
22	24420	14
22	24421	15
22	24422	15
22	24423	15
22	24424	15
22	24425	15
22	24426	15
22	24427	15
22	24428	14
22	24429	14
22	24430	14
22	24431	14
22	24432	14
22	24433	14
22	24434	14
22	24435	14
22	24436	14
22	24437	14
22	24438	14
22	24439	14
22	24440	14
22	24441	14
22	24442	9
22	24443	9
22	24444	9
22	24445	9
22	24446	9
22	24447	9
22	24448	10
22	24449	10
22	24450	10
22	24451	10
22	24452	10
22	24453	12
22	24454	12
22	24455	12
22	24456	12
22	24457	12
22	24458	16
22	24459	16
22	24460	16
22	24461	16
22	24462	16
22	24463	17
22	24464	17
22	24465	17
22	24466	20
22	24467	20
22	24468	20
22	24469	20
22	24470	20
22	24471	20
22	24472	20
22	24473	21
22	24474	21
22	24475	23
22	24476	23
22	24477	24
22	24478	25
22	24479	24
22	24480	24
22	24481	25
22	24482	25
22	24483	25
22	24484	25
22	24485	25
22	24486	25
22	24487	25
22	24488	25
22	24489	27
22	24490	27
22	24491	27
22	24492	27
22	24493	27
22	24494	30
22	24495	30
22	24496	30
22	24497	30
22	24498	30
22	24499	32
22	24500	32
22	24501	32
22	24502	34
22	24503	34
22	24504	34
22	24505	34
22	24506	34
22	24507	34
22	24508	34
22	24509	34
22	24510	34
22	24511	36
22	24512	36
22	24513	37
22	24514	37
22	24515	39
22	24516	39
22	24517	39
22	24518	39
22	24519	39
22	24520	40
22	24521	41
22	24522	41
22	24523	41
22	24524	41
22	24525	41
22	24526	41
22	24527	41
22	24528	41
22	24529	41
22	24530	41
22	24531	42
22	24532	42
22	24533	42
22	24534	42
22	24535	42
22	24536	42
22	24537	41
22	24538	41
22	24539	43
22	24540	43
22	24541	44
22	24542	44
22	24543	44
22	24544	44
22	24545	44
22	24546	45
22	24547	46
22	24548	47
22	24549	48
22	24550	49
22	24551	50
22	24552	50
22	24553	50
22	24554	50
22	24555	50
22	24556	49
22	24557	50
22	24558	50
22	24559	50
22	24560	52
22	24561	53
22	24562	59
22	24563	59
22	24564	59
22	24565	59
22	24566	59
22	24567	59
22	24568	59
22	24569	59
22	24570	60
22	24571	63
22	24572	64
22	24573	64
22	24574	64
22	24575	64
22	24576	64
22	24577	64
22	24578	66
22	24579	66
22	24580	66
22	24581	67
22	24582	68
22	24583	71
22	24584	71
22	24585	71
22	24586	71
22	24587	72
22	24588	75
22	24589	75
22	24590	75
22	24591	75
22	24592	75
22	24593	77
22	24594	79
22	24595	79
22	24596	82
22	24597	82
22	24598	83
22	24599	83
22	24600	83
22	24601	83
22	24602	83
22	24603	85
22	24604	86
22	24605	86
22	24606	86
22	24607	89
22	24608	87
22	24609	87
22	24610	87
22	24611	87
22	24612	87
22	24613	86
22	24614	87
22	24615	87
22	24616	83
22	24617	83
22	24618	83
22	24619	83
22	24620	83
22	24621	83
22	24622	83
22	24623	83
22	24624	83
22	24625	79
22	24626	79
22	24627	78
22	24628	77
22	24629	78
22	24630	77
22	24631	77
22	24632	77
22	24633	78
22	24634	76
22	24635	76
22	24636	77
22	24637	77
22	24638	77
22	24639	75
22	24640	75
22	24641	76
22	24642	76
22	24643	77
22	24644	74
22	24645	74
22	24646	73
22	24647	73
22	24648	74
22	24649	72
22	24650	73
22	24651	75
22	24652	73
22	24653	73
22	24654	73
22	24655	73
22	24656	73
22	24657	73
22	24658	73
22	24659	73
22	24660	71
22	24661	72
22	24662	72
22	24663	72
22	24664	73
22	24665	73
22	24666	73
22	24667	80
22	24668	81
22	24669	81
22	24670	80
22	24671	79
22	24672	79
22	24673	79
22	24674	79
22	24675	79
22	24676	79
22	24677	79
22	24678	79
22	24679	80
22	24680	79
22	24681	79
22	24682	82
22	24683	83
22	24684	83
22	24685	86
22	24686	86
22	24687	86
22	24688	88
22	24689	85
22	24690	88
22	24691	89
22	24692	89
22	24693	88
22	24694	88
22	24695	88
22	24696	90
22	24697	90
22	24698	90
22	24699	91
22	24700	93
22	24701	92
22	24702	92
22	24703	92
22	24704	93
22	24705	93
22	24706	93
22	24707	92
22	24708	93
22	24709	93
22	24710	92
22	24711	85
22	24712	85
22	24713	85
22	24714	86
22	24715	87
22	24716	87
22	24717	87
22	24718	87
22	24719	90
22	24720	86
22	24721	85
22	24722	87
22	24723	87
22	24724	87
22	24725	89
22	24726	90
22	24727	90
22	24728	88
22	24729	88
22	24730	87
22	24731	87
22	24732	84
22	24733	84
22	24734	84
22	24735	84
22	24736	84
22	24737	84
22	24738	81
22	24739	81
22	24740	81
22	24741	79
22	24742	83
22	24743	82
22	24744	86
22	24745	86
22	24746	83
22	24747	82
22	24748	82
22	24749	82
22	24750	82
22	24751	83
22	24752	81
22	24753	79
22	24754	78
22	24755	78
22	24756	78
22	24757	76
22	24758	76
22	24759	76
22	24760	76
22	24761	76
22	24762	76
22	24763	76
22	24764	75
22	24765	75
22	24766	76
22	24767	76
22	24768	81
22	24769	81
22	24770	81
22	24771	81
22	24772	81
22	24773	81
22	24774	86
22	24775	86
22	24776	86
22	24777	86
22	24778	89
22	24779	89
22	24780	89
22	24781	89
22	24782	88
22	24783	88
22	24784	91
22	24785	91
22	24786	90
22	24787	90
22	24788	90
22	24789	90
22	24790	90
22	24791	89
22	24792	89
22	24793	88
22	24794	90
22	24795	90
22	24796	90
22	24797	90
22	24798	89
22	24799	90
22	24800	89
22	24801	87
22	24802	87
22	24803	87
22	24804	87
22	24805	87
22	24806	87
22	24807	89
22	24808	91
22	24809	91
22	24810	89
22	24811	90
22	24812	89
22	24813	88
22	24814	88
22	24815	90
22	24816	83
22	24817	82
22	24818	83
22	24819	84
22	24820	84
22	24821	86
22	24822	86
22	24823	95
22	24824	96
22	24825	96
22	24826	96
22	24827	96
22	24828	95
22	24829	95
22	24830	95
22	24831	99
22	24832	96
22	24833	96
22	24834	93
22	24835	93
22	24836	93
22	24837	98
22	24838	96
22	24839	95
22	24840	91
22	24841	90
22	24842	90
22	24843	92
22	24844	92
22	24845	89
22	24846	90
22	24847	90
22	24848	90
22	24849	88
22	24850	89
22	24851	91
22	24852	90
22	24853	90
22	24854	89
22	24855	90
22	24856	90
22	24857	90
22	24858	89
22	24859	88
22	24860	89
22	24861	89
22	24862	89
22	24863	89
22	24864	88
22	24865	87
22	24866	89
22	24867	103
22	24868	103
22	24869	100
22	24870	100
22	24871	98
22	24872	98
22	24873	99
22	24874	99
22	24875	99
22	24876	98
22	24877	98
22	24878	98
22	24879	97
22	24880	97
22	24881	97
22	24882	97
22	24883	97
22	24884	97
22	24885	97
22	24886	97
22	24887	97
22	24888	97
22	24889	97
22	24890	98
22	24891	98
22	24892	97
22	24893	93
22	24894	93
22	24895	93
22	24896	92
22	24897	92
22	24898	92
22	24899	94
22	24900	94
22	24901	93
22	24902	93
22	24903	93
22	24904	93
22	24905	93
22	24906	96
22	24907	96
22	24908	97
22	24909	97
22	24910	97
22	24911	97
22	24912	97
22	24913	100
22	24914	100
22	24915	100
22	24916	99
22	24917	94
22	24918	97
22	24919	97
22	24920	97
22	24921	96
22	24922	91
22	24923	91
22	24924	92
22	24925	92
22	24926	94
22	24927	91
22	24928	90
22	24929	90
22	24930	91
22	24931	92
22	24932	92
22	24933	93
22	24934	92
22	24935	92
22	24936	92
22	24937	93
22	24938	92
22	24939	92
22	24940	94
22	24941	95
22	24942	95
22	24943	93
22	24944	93
22	24945	93
22	24946	93
22	24947	92
22	24948	92
22	24949	92
22	24950	92
22	24951	92
22	24952	92
22	24953	92
22	24954	92
22	24955	93
22	24956	91
22	24957	91
22	24958	89
22	24959	89
22	24960	89
22	24961	89
22	24962	89
22	24963	88
22	24964	84
22	24965	84
22	24966	83
22	24967	83
22	24968	82
22	24969	82
22	24970	82
22	24971	80
22	24972	72
22	24973	69
22	24974	69
22	24975	69
22	24976	69
22	24977	72
22	24978	72
22	24979	71
22	24980	68
22	24981	66
22	24982	67
22	24983	67
22	24984	67
22	24985	67
22	24986	63
22	24987	62
22	24988	63
22	24989	63
22	24990	63
22	24991	61
22	24992	61
22	24993	61
22	24994	63
22	24995	64
22	24996	63
22	24997	63
22	24998	62
22	24999	62
22	25000	60
22	25001	58
22	25002	58
22	25003	58
22	25004	58
22	25005	57
22	25006	57
22	25007	58
22	25008	58
22	25009	58
22	25010	58
22	25011	58
22	25012	58
22	25013	58
22	25014	54
22	25015	55
22	25016	47
22	25017	45
22	25018	45
22	25019	46
22	25020	46
22	25021	46
22	25022	46
22	25023	46
22	25024	43
22	25025	43
22	25026	44
22	25027	44
22	25028	45
22	25029	45
22	25030	46
22	25031	46
22	25032	46
22	25033	46
22	25034	46
22	25035	46
22	25036	46
22	25037	46
22	25038	46
22	25039	46
22	25040	45
22	25041	45
22	25042	44
22	25043	45
22	25044	45
22	25045	45
22	25046	45
22	25047	47
22	25048	50
22	25049	48
22	25050	48
22	25051	48
22	25052	48
22	25053	48
22	25054	48
22	25055	48
22	25056	45
22	25057	44
22	25058	46
22	25059	46
22	25060	47
22	25061	47
22	25062	47
22	25063	46
22	25064	46
22	25065	44
22	25066	44
22	25067	46
22	25068	46
22	25069	46
22	25070	46
22	25071	46
22	25072	48
22	25073	48
22	25074	52
22	25075	52
22	25076	51
22	25077	51
22	25078	52
22	25079	52
22	25080	52
22	25081	51
22	25082	52
22	25083	49
22	25084	49
22	25085	49
22	25086	48
22	25087	48
22	25088	48
22	25089	46
22	25090	46
22	25091	45
22	25092	45
22	25093	45
22	25094	45
22	25095	44
22	25096	44
22	25097	44
22	25098	44
22	25099	45
22	25100	45
22	25101	45
22	25102	45
22	25103	45
22	25104	46
22	25105	45
22	25106	45
22	25107	41
22	25108	42
22	25109	46
22	25110	46
22	25111	47
22	25112	47
22	25113	47
22	25114	50
22	25115	50
22	25116	53
22	25117	53
22	25118	53
22	25119	53
22	25120	55
22	25121	57
22	25122	57
22	25123	57
22	25124	57
22	25125	57
22	25126	57
22	25127	58
22	25128	58
22	25129	58
22	25130	58
22	25131	58
22	25132	58
22	25133	57
22	25134	57
22	25135	58
22	25136	58
22	25137	59
22	25138	59
22	25139	60
22	25140	60
22	25141	60
22	25142	60
22	25143	60
22	25144	58
22	25145	56
22	25146	56
22	25147	56
22	25148	56
22	25149	56
22	25150	58
22	25151	58
22	25152	59
22	25153	59
22	25154	60
22	25155	60
22	25156	60
22	25157	60
22	25158	60
22	25159	58
22	25160	58
22	25161	60
22	25162	60
22	25163	61
22	25164	63
22	25165	63
22	25166	65
22	25167	65
22	25168	65
22	25169	65
22	25170	64
22	25171	70
22	25172	70
22	25173	70
22	25174	70
22	25175	69
22	25176	70
22	25177	70
22	25178	71
22	25179	71
22	25180	71
22	25181	71
22	25182	71
22	25183	69
22	25184	69
22	25185	69
22	25186	75
22	25187	75
22	25188	76
22	25189	76
22	25190	76
22	25191	76
22	25192	75
22	25193	75
22	25194	75
22	25195	74
22	25196	74
22	25197	74
22	25198	75
22	25199	77
22	25200	79
22	25201	79
22	25202	79
22	25203	79
22	25204	79
22	25205	79
22	25206	79
22	25207	77
22	25208	77
22	25209	79
22	25210	78
22	25211	78
22	25212	78
22	25213	81
22	25214	81
22	25215	82
22	25216	82
22	25217	84
22	25218	84
22	25219	85
22	25220	85
22	25221	84
22	25222	84
22	25223	84
22	25224	83
22	25225	88
22	25226	89
22	25227	90
22	25228	90
22	25229	90
22	25230	90
22	25231	90
22	25232	90
22	25233	90
22	25234	90
22	25235	91
22	25236	91
22	25237	91
22	25238	91
22	25239	91
22	25240	91
22	25241	92
22	25242	92
22	25243	92
22	25244	90
22	25245	92
22	25246	92
22	25247	90
22	25248	90
22	25249	91
22	25250	93
22	25251	93
22	25252	95
22	25253	95
22	25254	91
22	25255	92
22	25256	92
22	25257	92
22	25258	91
22	25259	87
22	25260	87
22	25261	86
22	25262	88
22	25263	91
22	25264	90
22	25265	90
22	25266	90
22	25267	92
22	25268	92
22	25269	92
22	25270	89
22	25271	88
22	25272	88
22	25273	89
22	25274	90
22	25275	90
22	25276	90
22	25277	89
22	25278	89
22	25279	89
22	25280	89
22	25281	90
22	25282	90
22	25283	90
22	25284	90
22	25285	89
22	25286	89
22	25287	88
22	25288	88
22	25289	87
22	25290	88
22	25291	88
22	25292	88
22	25293	89
22	25294	89
22	25295	89
22	25296	90
22	25297	91
22	25298	91
22	25299	90
22	25300	88
22	25301	90
22	25302	88
22	25303	87
22	25304	87
22	25305	89
22	25306	89
22	25307	88
22	25308	88
22	25309	87
22	25310	90
22	25311	88
22	25312	88
22	25313	86
22	25314	79
22	25315	79
22	25316	77
22	25317	77
22	25318	77
22	25319	79
22	25320	78
22	25321	78
22	25322	78
22	25323	78
22	25324	79
22	25325	80
22	25326	82
22	25327	82
22	25328	78
22	25329	77
22	25330	75
22	25331	75
22	25332	76
22	25333	76
22	25334	76
22	25335	67
22	25336	71
22	25337	72
22	25338	70
22	25339	70
22	25340	70
22	25341	70
22	25342	71
22	25343	72
22	25344	72
22	25345	73
22	25346	73
22	25347	72
22	25348	71
22	25349	71
22	25350	69
22	25351	69
22	25352	75
22	25353	80
22	25354	80
22	25355	80
22	25356	81
22	25357	81
22	25358	81
22	25359	79
22	25360	79
22	25361	79
22	25362	79
22	25363	78
22	25364	78
22	25365	77
22	25366	83
22	25367	81
22	25368	83
22	25369	82
22	25370	82
22	25371	82
22	25372	84
22	25373	83
22	25374	83
22	25375	77
22	25376	77
22	25377	77
22	25378	77
22	25379	78
22	25380	78
22	25381	78
22	25382	79
22	25383	79
22	25384	79
22	25385	78
22	25386	78
22	25387	79
22	25388	79
22	25389	79
22	25390	81
22	25391	83
22	25392	83
22	25393	84
22	25394	83
22	25395	82
22	25396	81
22	25397	82
22	25398	93
22	25399	93
22	25400	91
22	25401	91
22	25402	89
22	25403	94
22	25404	100
22	25405	101
22	25406	101
22	25407	101
22	25408	101
22	25409	101
22	25410	101
22	25411	100
22	25412	98
22	25413	96
22	25414	95
22	25415	98
22	25416	102
22	25417	100
22	25418	100
22	25419	102
22	25420	102
22	25421	102
22	25422	101
22	25423	100
22	25424	100
22	25425	100
22	25426	100
22	25427	100
22	25428	100
22	25429	101
22	25430	105
22	25431	105
22	25432	105
22	25433	105
22	25434	105
22	25435	107
22	25436	108
22	25437	111
22	25438	110
22	25439	110
22	25440	109
22	25441	109
22	25442	113
22	25443	113
22	25444	113
22	25445	116
22	25446	116
22	25447	120
22	25448	123
22	25449	123
22	25450	123
22	25451	119
22	25452	121
22	25453	123
22	25454	123
22	25455	123
22	25456	129
22	25457	129
22	25458	129
22	25459	129
22	25460	126
22	25461	126
22	25462	126
22	25463	126
22	25464	126
22	25465	127
22	25466	127
22	25467	130
22	25468	132
22	25469	130
22	25470	129
22	25471	130
22	25472	130
22	25473	130
22	25474	126
22	25475	126
22	25476	129
22	25477	129
22	25478	129
22	25479	128
22	25480	128
22	25481	131
22	25482	133
22	25483	134
22	25484	136
22	25485	133
22	25486	138
22	25487	138
22	25488	139
22	25489	139
22	25490	139
22	25491	138
22	25492	138
22	25493	138
22	25494	140
22	25495	139
22	25496	139
22	25497	139
22	25498	139
22	25499	139
22	25500	145
22	25501	141
22	25502	140
22	25503	136
22	25504	136
22	25505	137
22	25506	137
22	25507	137
22	25508	139
22	25509	139
22	25510	140
22	25511	140
22	25512	140
22	25513	140
22	25514	140
22	25515	140
22	25516	134
22	25517	132
22	25518	132
22	25519	135
22	25520	135
22	25521	133
22	25522	133
22	25523	137
22	25524	137
22	25525	139
22	25526	139
22	25527	139
22	25528	139
22	25529	139
22	25530	138
22	25531	141
22	25532	145
22	25533	145
22	25534	145
22	25535	145
22	25536	145
22	25537	144
22	25538	145
22	25539	145
22	25540	142
22	25541	141
22	25542	141
22	25543	142
22	25544	143
22	25545	144
22	25546	144
22	25547	146
22	25548	135
22	25549	135
22	25550	135
22	25551	135
22	25552	135
22	25553	125
22	25554	125
22	25555	124
22	25556	125
22	25557	125
22	25558	125
22	25559	125
22	25560	125
22	25561	124
22	25562	125
22	25563	123
22	25564	123
22	25565	121
22	25566	118
22	25567	118
22	25568	116
22	25569	116
22	25570	118
22	25571	118
22	25572	116
22	25573	114
22	25574	114
22	25575	114
22	25576	114
22	25577	114
22	25578	112
22	25579	109
22	25580	108
22	25581	108
22	25582	108
22	25583	108
22	25584	107
22	25585	106
22	25586	107
22	25587	108
22	25588	108
22	25589	108
22	25590	108
22	25591	108
22	25592	104
22	25593	106
22	25594	106
22	25595	101
22	25596	100
22	25597	94
22	25598	94
22	25599	94
22	25600	93
22	25601	92
22	25602	96
22	25603	96
22	25604	96
22	25605	93
22	25606	87
22	25607	89
22	25608	90
22	25609	90
22	25610	90
22	25611	90
22	25612	90
22	25613	90
22	25614	90
22	25615	89
22	25616	90
22	25617	88
22	25618	86
22	25619	86
22	25620	86
22	25621	85
22	25622	86
22	25623	86
22	25624	85
22	25625	86
22	25626	81
22	25627	83
22	25628	83
22	25629	82
22	25630	83
22	25631	78
22	25632	78
22	25633	78
22	25634	78
22	25635	78
22	25636	71
22	25637	71
22	25638	70
22	25639	70
22	25640	70
22	25641	75
22	25642	75
22	25643	74
22	25644	82
22	25645	82
22	25646	82
22	25647	81
22	25648	81
22	25649	80
22	25650	76
22	25651	76
22	25652	76
22	25653	76
22	25654	75
22	25655	74
22	25656	74
22	25657	74
22	25658	74
22	25659	74
22	25660	74
22	25661	75
22	25662	75
22	25663	75
22	25664	75
22	25665	75
22	25666	74
22	25667	72
22	25668	73
22	25669	73
22	25670	73
22	25671	73
22	25672	73
22	25673	70
22	25674	70
22	25675	68
22	25676	69
22	25677	70
22	25678	69
22	25679	68
22	25680	68
22	25681	66
22	25682	64
22	25683	64
22	25684	64
22	25685	64
22	25686	66
22	25687	66
22	25688	67
22	25689	67
22	25690	66
22	25691	72
22	25692	73
22	25693	73
22	25694	72
22	25695	71
22	25696	71
22	25697	70
22	25698	70
22	25699	70
22	25700	68
22	25701	68
22	25702	68
22	25703	68
22	25704	67
22	25705	67
22	25706	67
22	25707	67
22	25708	70
22	25709	70
22	25710	75
22	25711	74
22	25712	74
22	25713	75
22	25714	76
22	25715	74
22	25716	75
22	25717	75
22	25718	75
22	25719	73
22	25720	73
22	25721	75
22	25722	75
22	25723	75
22	25724	75
22	25725	78
22	25726	78
22	25727	79
22	25728	79
22	25729	79
22	25730	79
22	25731	80
22	25732	88
22	25733	87
22	25734	87
22	25735	87
22	25736	83
22	25737	82
22	25738	84
22	25739	84
22	25740	84
22	25741	84
22	25742	82
22	25743	90
22	25744	91
22	25745	93
22	25746	92
22	25747	92
22	25748	93
22	25749	94
22	25750	94
22	25751	92
22	25752	87
22	25753	87
22	25754	86
22	25755	86
22	25756	87
22	25757	86
22	25758	85
22	25759	85
22	25760	85
22	25761	85
22	25762	85
22	25763	85
22	25764	85
22	25765	83
22	25766	86
22	25767	85
22	25768	87
22	25769	87
22	25770	87
22	25771	86
22	25772	86
22	25773	87
22	25774	87
22	25775	87
22	25776	87
22	25777	85
22	25778	85
22	25779	85
22	25780	85
22	25781	85
22	25782	85
22	25783	85
22	25784	85
22	25785	89
22	25786	89
22	25787	89
22	25788	89
22	25789	89
22	25790	89
22	25791	84
22	25792	84
22	25793	84
22	25794	74
22	25795	75
22	25796	79
22	25797	79
22	25798	79
22	25799	79
22	25800	79
22	25801	79
22	25802	79
22	25803	79
22	25804	81
22	25805	81
22	25806	81
22	25807	81
22	25808	81
22	25809	82
22	25810	83
22	25811	83
22	25812	83
22	25813	83
22	25814	83
22	25815	83
22	25816	83
22	25817	82
22	25818	83
22	25819	83
22	25820	83
22	25821	83
22	25822	83
22	25823	82
22	25824	82
22	25825	83
22	25826	80
22	25827	80
22	25828	80
22	25829	80
22	25830	80
22	25831	82
22	25832	82
22	25833	81
22	25834	82
22	25835	82
22	25836	92
22	25837	92
22	25838	92
22	25839	92
22	25840	87
22	25841	85
22	25842	84
22	25843	86
22	25844	87
22	25845	87
22	25846	87
22	25847	90
22	25848	90
22	25849	90
22	25850	90
22	25851	90
22	25852	90
22	25853	91
22	25854	93
22	25855	94
22	25856	94
22	25857	94
22	25858	91
22	25859	91
22	25860	86
22	25861	86
22	25862	86
22	25863	88
22	25864	87
22	25865	86
22	25866	86
22	25867	86
22	25868	86
22	25869	86
22	25870	84
22	25871	84
22	25872	86
22	25873	88
22	25874	88
22	25875	85
22	25876	85
22	25877	84
22	25878	87
22	25879	89
22	25880	90
22	25881	89
22	25882	79
22	25883	81
22	25884	80
22	25885	80
22	25886	81
22	25887	84
22	25888	82
22	25889	84
22	25890	84
22	25891	84
22	25892	84
22	25893	78
22	25894	79
22	25895	79
22	25896	80
22	25897	80
22	25898	78
22	25899	78
22	25900	78
22	25901	78
22	25902	78
22	25903	78
22	25904	78
22	25905	78
22	25906	77
22	25907	77
22	25908	79
22	25909	79
22	25910	79
22	25911	79
22	25912	79
22	25913	79
22	25914	81
22	25915	81
22	25916	79
22	25917	79
22	25918	77
22	25919	77
22	25920	77
22	25921	77
22	25922	76
22	25923	77
22	25924	78
22	25925	81
22	25926	81
22	25927	81
22	25928	81
22	25929	81
22	25930	81
22	25931	81
22	25932	81
22	25933	81
22	25934	85
22	25935	82
22	25936	82
22	25937	82
22	25938	83
22	25939	83
22	25940	83
22	25941	83
22	25942	83
22	25943	78
22	25944	78
22	25945	77
22	25946	77
22	25947	78
22	25948	83
22	25949	83
22	25950	83
22	25951	83
22	25952	84
22	25953	83
22	25954	82
22	25955	83
22	25956	83
22	25957	84
22	25958	83
22	25959	84
22	25960	86
22	25961	86
22	25962	86
22	25963	86
22	25964	86
22	25965	86
22	25966	86
22	25967	85
22	25968	85
22	25969	85
22	25970	85
22	25971	89
22	25972	89
22	25973	89
22	25974	88
22	25975	89
22	25976	96
22	25977	98
22	25978	98
22	25979	98
22	25980	95
22	25981	102
22	25982	102
22	25983	102
22	25984	102
22	25985	87
22	25986	87
22	25987	86
22	25988	88
22	25989	88
22	25990	88
22	25991	87
22	25992	86
22	25993	86
22	25994	84
22	25995	84
22	25996	84
22	25997	81
22	25998	81
22	25999	84
22	26000	84
22	26001	84
22	26002	84
22	26003	88
22	26004	88
22	26005	87
22	26006	87
22	26007	88
22	26008	88
22	26009	88
22	26010	89
22	26011	89
22	26012	87
22	26013	86
22	26014	86
22	26015	86
22	26016	86
22	26017	90
22	26018	90
22	26019	90
22	26020	90
22	26021	88
22	26022	88
22	26023	86
22	26024	86
22	26025	87
22	26026	86
22	26027	86
22	26028	83
22	26029	83
22	26030	82
22	26031	83
22	26032	83
22	26033	81
22	26034	87
22	26035	87
22	26036	86
22	26037	89
22	26038	89
22	26039	87
22	26040	87
22	26041	87
22	26042	87
22	26043	87
22	26044	84
22	26045	83
22	26046	83
22	26047	83
22	26048	88
22	26049	88
22	26050	89
22	26051	92
22	26052	92
22	26053	92
22	26054	92
22	26055	93
22	26056	93
22	26057	93
22	26058	91
22	26059	92
22	26060	94
22	26061	95
22	26062	95
22	26063	95
22	26064	93
22	26065	94
22	26066	93
22	26067	93
22	26068	91
22	26069	93
22	26070	94
22	26071	95
22	26072	95
22	26073	94
22	26074	93
22	26075	91
22	26076	91
22	26077	93
22	26078	93
22	26079	93
22	26080	93
22	26081	93
22	26082	94
22	26083	94
22	26084	91
22	26085	97
22	26086	97
22	26087	96
22	26088	96
22	26089	96
22	26090	96
22	26091	96
22	26092	97
22	26093	97
22	26094	99
22	26095	99
22	26096	99
22	26097	97
22	26098	95
22	26099	99
22	26100	103
22	26101	109
22	26102	108
22	26103	107
22	26104	108
22	26105	108
22	26106	108
22	26107	107
22	26108	107
22	26109	105
22	26110	98
22	26111	98
22	26112	98
22	26113	99
22	26114	99
22	26115	99
22	26116	99
22	26117	99
22	26118	98
22	26119	98
22	26120	98
22	26121	96
22	26122	96
22	26123	96
22	26124	96
22	26125	92
22	26126	92
22	26127	89
22	26128	89
22	26129	89
22	26130	89
22	26131	83
22	26132	83
22	26133	83
22	26134	83
22	26135	83
22	26136	83
22	26137	83
22	26138	81
22	26139	81
22	26140	81
22	26141	83
22	26142	83
22	26143	83
22	26144	83
22	26145	83
22	26146	83
22	26147	86
22	26148	86
22	26149	84
22	26150	86
22	26151	81
22	26152	81
22	26153	81
22	26154	81
22	26155	82
22	26156	82
22	26157	82
22	26158	82
22	26159	82
22	26160	81
22	26161	81
22	26162	81
22	26163	81
22	26164	82
22	26165	82
22	26166	82
22	26167	78
22	26168	78
22	26169	79
22	26170	79
22	26171	79
22	26172	79
22	26173	90
22	26174	93
22	26175	93
22	26176	93
22	26177	93
22	26178	93
22	26179	93
22	26180	95
22	26181	95
22	26182	91
22	26183	92
22	26184	92
22	26185	92
22	26186	90
22	26187	86
22	26188	86
22	26189	87
22	26190	87
22	26191	88
22	26192	90
22	26193	91
22	26194	91
22	26195	91
22	26196	91
22	26197	91
22	26198	86
22	26199	86
22	26200	82
22	26201	82
22	26202	82
22	26203	82
22	26204	82
22	26205	81
22	26206	81
22	26207	81
22	26208	81
22	26209	79
22	26210	77
22	26211	77
22	26212	77
22	26213	77
22	26214	77
22	26215	76
22	26216	77
22	26217	79
22	26218	79
22	26219	79
22	26220	77
22	26221	77
22	26222	78
22	26223	78
22	26224	83
22	26225	82
22	26226	80
22	26227	80
22	26228	82
22	26229	82
22	26230	82
22	26231	82
22	26232	82
22	26233	72
22	26234	71
22	26235	71
22	26236	71
22	26237	72
22	26238	72
22	26239	74
22	26240	74
22	26241	73
22	26242	72
22	26243	73
22	26244	73
22	26245	73
22	26246	67
22	26247	67
22	26248	66
22	26249	66
22	26250	63
22	26251	61
22	26252	61
22	26253	61
22	26254	61
22	26255	61
22	26256	61
22	26257	61
22	26258	61
22	26259	62
22	26260	62
22	26261	62
22	26262	62
22	26263	61
22	26264	61
22	26265	61
22	26266	61
22	26267	61
22	26268	61
22	26269	61
22	26270	61
22	26271	62
22	26272	62
22	26273	62
22	26274	62
22	26275	61
22	26276	61
22	26277	61
22	26278	61
22	26279	61
22	26280	61
22	26281	62
22	26282	64
22	26283	64
22	26284	64
22	26285	64
22	26286	65
22	26287	70
22	26288	71
22	26289	71
22	26290	73
22	26291	71
22	26292	71
22	26293	72
22	26294	72
22	26295	73
22	26296	71
22	26297	71
22	26298	68
22	26299	68
22	26300	66
22	26301	66
22	26302	66
22	26303	66
22	26304	66
22	26305	67
22	26306	67
22	26307	66
22	26308	67
22	26309	67
22	26310	67
22	26311	73
22	26312	75
22	26313	85
22	26314	84
22	26315	92
22	26316	92
22	26317	92
22	26318	92
22	26319	97
22	26320	97
22	26321	96
22	26322	86
22	26323	84
22	26324	81
22	26325	82
22	26326	82
22	26327	82
22	26328	82
22	26329	82
22	26330	82
22	26331	81
22	26332	80
22	26333	78
22	26334	78
22	26335	80
22	26336	80
22	26337	80
22	26338	80
22	26339	79
22	26340	82
22	26341	82
22	26342	80
22	26343	81
22	26344	81
22	26345	82
22	26346	83
22	26347	83
22	26348	83
22	26349	83
22	26350	83
22	26351	83
22	26352	83
22	26353	83
22	26354	83
22	26355	83
22	26356	83
22	26357	83
22	26358	83
22	26359	85
22	26360	86
22	26361	87
22	26362	87
22	26363	87
22	26364	87
22	26365	86
22	26366	84
22	26367	84
22	26368	83
22	26369	85
22	26370	84
22	26371	85
22	26372	85
22	26373	85
22	26374	81
22	26375	81
22	26376	81
22	26377	81
22	26378	79
22	26379	79
22	26380	82
22	26381	84
22	26382	83
22	26383	82
22	26384	82
22	26385	82
22	26386	81
22	26387	81
22	26388	83
22	26389	81
22	26390	81
22	26391	81
22	26392	81
22	26393	80
22	26394	80
22	26395	80
22	26396	80
22	26397	80
22	26398	80
22	26399	80
22	26400	82
22	26401	82
22	26402	82
22	26403	85
22	26404	88
22	26405	88
22	26406	88
22	26407	88
22	26408	89
22	26409	88
22	26410	88
22	26411	98
22	26412	98
22	26413	98
22	26414	98
22	26415	98
22	26416	98
22	26417	98
22	26418	98
22	26419	99
22	26420	98
22	26421	98
22	26422	98
22	26423	99
22	26424	99
22	26425	100
22	26426	100
22	26427	100
22	26428	100
22	26429	100
22	26430	100
22	26431	97
22	26432	97
22	26433	97
22	26434	97
22	26435	97
22	26436	96
22	26437	92
22	26438	92
22	26439	97
22	26440	96
22	26441	94
22	26442	95
22	26443	94
22	26444	95
22	26445	93
22	26446	93
22	26447	93
22	26448	91
22	26449	92
22	26450	92
22	26451	92
22	26452	93
22	26453	92
22	26454	96
22	26455	95
22	26456	95
22	26457	95
22	26458	97
22	26459	102
22	26460	102
22	26461	94
22	26462	94
22	26463	85
22	26464	85
22	26465	77
22	26466	77
22	26467	77
22	26468	72
22	26469	72
22	26470	75
22	26471	78
22	26472	76
22	26473	77
22	26474	77
22	26475	77
22	26476	80
22	26477	81
22	26478	81
22	26479	82
22	26480	82
22	26481	87
22	26482	88
22	26483	88
22	26484	88
22	26485	86
22	26486	87
22	26487	88
22	26488	88
22	26489	88
22	26490	85
22	26491	85
22	26492	85
22	26493	85
22	26494	85
22	26495	84
22	26496	83
22	26497	85
22	26498	85
22	26499	85
22	26500	88
22	26501	88
22	26502	88
22	26503	88
22	26504	88
22	26505	89
22	26506	89
22	26507	89
22	26508	90
22	26509	88
22	26510	87
22	26511	87
22	26512	87
22	26513	87
22	26514	87
22	26515	87
22	26516	87
22	26517	87
22	26518	87
22	26519	87
22	26520	88
22	26521	89
22	26522	89
22	26523	90
22	26524	89
22	26525	89
22	26526	89
22	26527	89
22	26528	89
22	26529	89
22	26530	84
22	26531	84
22	26532	84
22	26533	84
22	26534	84
22	26535	84
22	26536	84
22	26537	82
22	26538	80
22	26539	81
22	26540	82
22	26541	85
22	26542	85
22	26543	89
22	26544	89
22	26545	91
22	26546	91
22	26547	91
22	26548	91
22	26549	89
22	26550	95
22	26551	96
22	26552	94
22	26553	93
22	26554	89
22	26555	89
22	26556	88
22	26557	88
22	26558	88
22	26559	83
22	26560	82
22	26561	82
22	26562	83
22	26563	84
22	26564	84
22	26565	84
22	26566	84
22	26567	84
22	26568	84
22	26569	83
22	26570	85
22	26571	87
22	26572	88
22	26573	88
22	26574	88
22	26575	87
22	26576	87
22	26577	88
22	26578	93
22	26579	93
22	26580	93
22	26581	97
22	26582	97
22	26583	97
22	26584	97
22	26585	96
22	26586	96
22	26587	96
22	26588	95
22	26589	91
22	26590	91
22	26591	92
22	26592	91
22	26593	91
22	26594	91
22	26595	92
22	26596	92
22	26597	92
22	26598	92
22	26599	93
22	26600	93
22	26601	93
22	26602	92
22	26603	88
22	26604	88
22	26605	89
22	26606	89
22	26607	87
22	26608	83
22	26609	83
22	26610	83
22	26611	83
22	26612	83
22	26613	84
22	26614	85
22	26615	85
22	26616	87
22	26617	89
22	26618	88
22	26619	86
22	26620	86
22	26621	83
22	26622	85
22	26623	85
22	26624	84
22	26625	83
22	26626	80
22	26627	80
22	26628	80
22	26629	79
22	26630	76
22	26631	73
22	26632	73
22	26633	73
22	26634	73
22	26635	73
22	26636	73
22	26637	74
22	26638	74
22	26639	74
22	26640	74
22	26641	76
22	26642	82
22	26643	82
22	26644	82
22	26645	82
22	26646	80
22	26647	80
22	26648	80
22	26649	80
22	26650	77
22	26651	82
22	26652	82
22	26653	82
22	26654	82
22	26655	82
22	26656	83
22	26657	83
22	26658	85
22	26659	86
22	26660	85
22	26661	85
22	26662	85
22	26663	85
22	26664	86
22	26665	86
22	26666	85
22	26667	85
22	26668	87
22	26669	87
22	26670	84
22	26671	84
22	26672	84
22	26673	84
22	26674	84
22	26675	84
22	26676	85
22	26677	88
22	26678	88
22	26679	88
22	26680	89
22	26681	90
22	26682	90
22	26683	90
22	26684	93
22	26685	93
22	26686	94
22	26687	94
22	26688	97
22	26689	96
22	26690	101
22	26691	100
22	26692	105
22	26693	103
22	26694	103
22	26695	101
22	26696	101
22	26697	102
22	26698	102
22	26699	102
22	26700	96
22	26701	98
22	26702	98
22	26703	98
22	26704	98
22	26705	99
22	26706	101
22	26707	101
22	26708	101
22	26709	100
22	26710	100
22	26711	99
22	26712	99
22	26713	103
22	26714	104
22	26715	104
22	26716	104
22	26717	104
22	26718	106
22	26719	104
22	26720	104
22	26721	103
22	26722	102
22	26723	103
22	26724	107
22	26725	107
22	26726	105
22	26727	101
22	26728	102
22	26729	102
22	26730	102
22	26731	98
22	26732	100
22	26733	99
22	26734	99
22	26735	99
22	26736	99
22	26737	99
22	26738	98
22	26739	98
22	26740	100
22	26741	98
22	26742	98
22	26743	98
22	26744	103
22	26745	102
22	26746	104
22	26747	104
22	26748	104
22	26749	104
22	26750	104
22	26751	104
22	26752	104
22	26753	104
22	26754	103
22	26755	104
22	26756	105
22	26757	106
22	26758	106
22	26759	110
22	26760	111
22	26761	111
22	26762	111
22	26763	110
22	26764	111
22	26765	111
22	26766	110
22	26767	111
22	26768	111
22	26769	112
22	26770	111
22	26771	111
22	26772	109
22	26773	109
22	26774	109
22	26775	109
22	26776	109
22	26777	109
22	26778	111
22	26779	113
22	26780	113
22	26781	113
22	26782	114
22	26783	114
22	26784	114
22	26785	113
22	26786	113
22	26787	111
22	26788	109
22	26789	109
22	26790	111
22	26791	108
22	26792	109
22	26793	109
22	26794	110
22	26795	112
22	26796	114
22	26797	119
22	26798	117
22	26799	119
22	26800	117
22	26801	117
22	26802	117
22	26803	118
22	26804	124
22	26805	127
22	26806	125
22	26807	124
22	26808	123
22	26809	122
22	26810	122
22	26811	122
22	26812	122
22	26813	124
22	26814	123
22	26815	123
22	26816	123
22	26817	123
22	26818	125
22	26819	124
22	26820	124
22	26821	124
22	26822	124
22	26823	124
22	26824	124
22	26825	124
22	26826	123
22	26827	121
22	26828	121
22	26829	120
22	26830	120
22	26831	120
22	26832	120
22	26833	120
22	26834	117
22	26835	117
22	26836	117
22	26837	115
22	26838	114
22	26839	112
22	26840	108
22	26841	108
22	26842	101
22	26843	101
22	26844	103
22	26845	104
22	26846	103
22	26847	103
22	26848	103
22	26849	104
22	26850	100
22	26851	99
22	26852	101
22	26853	101
22	26854	101
22	26855	98
22	26856	98
22	26857	98
22	26858	98
22	26859	99
22	26860	98
22	26861	98
22	26862	98
22	26863	94
22	26864	95
22	26865	95
22	26866	95
22	26867	93
22	26868	93
22	26869	97
22	26870	92
22	26871	93
22	26872	93
22	26873	94
22	26874	94
22	26875	94
22	26876	94
22	26877	91
22	26878	91
22	26879	91
22	26880	91
22	26881	91
22	26882	93
22	26883	93
22	26884	93
22	26885	93
22	26886	94
22	26887	94
22	26888	94
22	26889	94
22	26890	93
22	26891	95
22	26892	99
22	26893	105
22	26894	102
22	26895	101
22	26896	100
22	26897	100
22	26898	100
22	26899	100
22	26900	103
22	26901	103
22	26902	103
22	26903	103
22	26904	102
22	26905	103
22	26906	102
22	26907	101
22	26908	100
22	26909	97
22	26910	98
22	26911	98
22	26912	98
22	26913	98
22	26914	94
22	26915	94
22	26916	95
22	26917	91
22	26918	92
22	26919	97
22	26920	97
22	26921	96
22	26922	97
22	26923	98
22	26924	98
22	26925	98
22	26926	98
22	26927	98
22	26928	96
22	26929	99
22	26930	101
22	26931	101
22	26932	100
22	26933	100
22	26934	100
22	26935	100
22	26936	100
22	26937	100
22	26938	98
22	26939	93
22	26940	94
22	26941	94
22	26942	94
22	26943	98
22	26944	96
22	26945	94
22	26946	94
22	26947	89
22	26948	89
22	26949	87
22	26950	86
22	26951	84
22	26952	79
22	26953	79
22	26954	76
22	26955	76
22	26956	77
22	26957	76
22	26958	78
22	26959	78
22	26960	78
22	26961	79
22	26962	77
22	26963	77
22	26964	77
22	26965	77
22	26966	78
22	26967	77
22	26968	78
22	26969	78
22	26970	78
22	26971	78
22	26972	78
22	26973	78
22	26974	78
22	26975	77
22	26976	80
22	26977	80
22	26978	80
22	26979	81
22	26980	87
22	26981	87
22	26982	87
22	26983	87
22	26984	87
22	26985	88
22	26986	89
22	26987	89
22	26988	89
22	26989	87
22	26990	88
22	26991	88
22	26992	89
22	26993	89
22	26994	87
22	26995	86
22	26996	86
22	26997	86
22	26998	85
22	26999	82
22	27000	82
22	27001	81
22	27002	81
22	27003	82
22	27004	83
22	27005	82
22	27006	82
22	27007	82
22	27008	83
22	27009	83
22	27010	89
22	27011	89
22	27012	92
22	27013	92
22	27014	90
22	27015	92
22	27016	92
22	27017	92
22	27018	91
22	27019	89
22	27020	88
22	27021	85
22	27022	88
22	27023	88
22	27024	88
22	27025	89
22	27026	88
22	27027	88
22	27028	89
22	27029	89
22	27030	89
22	27031	88
22	27032	87
22	27033	87
22	27034	87
22	27035	87
22	27036	87
22	27037	87
22	27038	87
22	27039	86
22	27040	86
22	27041	79
22	27042	74
22	27043	74
22	27044	74
22	27045	75
22	27046	75
22	27047	75
22	27048	75
22	27049	76
22	27050	76
22	27051	77
22	27052	77
22	27053	77
22	27054	77
22	27055	76
22	27056	76
22	27057	76
22	27058	76
22	27059	77
22	27060	75
22	27061	81
22	27062	81
22	27063	81
22	27064	82
22	27065	81
22	27066	81
22	27067	80
22	27068	76
22	27069	76
22	27070	76
22	27071	75
22	27072	76
22	27073	75
22	27074	75
22	27075	75
22	27076	75
22	27077	75
22	27078	73
22	27079	74
22	27080	76
22	27081	76
22	27082	78
22	27083	78
22	27084	78
22	27085	78
22	27086	78
22	27087	78
22	27088	78
22	27089	79
22	27090	78
22	27091	78
22	27092	77
22	27093	72
22	27094	73
22	27095	73
22	27096	74
22	27097	75
22	27098	75
22	27099	76
22	27100	76
22	27101	75
22	27102	75
22	27103	75
22	27104	75
22	27105	76
22	27106	76
22	27107	74
22	27108	70
22	27109	70
22	27110	70
22	27111	69
22	27112	69
22	27113	69
22	27114	69
22	27115	69
22	27116	68
22	27117	71
22	27118	72
22	27119	72
22	27120	72
22	27121	72
22	27122	76
22	27123	76
22	27124	76
22	27125	76
22	27126	75
22	27127	77
22	27128	77
22	27129	77
22	27130	71
22	27131	72
22	27132	72
22	27133	72
22	27134	70
22	27135	69
22	27136	71
22	27137	71
22	27138	72
22	27139	71
22	27140	71
22	27141	70
22	27142	70
22	27143	70
22	27144	70
22	27145	70
22	27146	70
22	27147	70
22	27148	70
22	27149	71
22	27150	71
22	27151	74
22	27152	74
22	27153	73
22	27154	72
22	27155	71
22	27156	72
22	27157	72
22	27158	71
22	27159	71
22	27160	65
22	27161	65
22	27162	62
22	27163	61
22	27164	62
22	27165	60
22	27166	60
22	27167	60
22	27168	60
22	27169	59
22	27170	57
22	27171	59
22	27172	59
22	27173	59
22	27174	59
22	27175	58
22	27176	58
22	27177	58
22	27178	57
22	27179	58
22	27180	58
22	27181	58
22	27182	56
22	27183	56
22	27184	56
22	27185	56
22	27186	57
22	27187	57
22	27188	57
22	27189	57
22	27190	57
22	27191	57
22	27192	58
22	27193	58
22	27194	57
22	27195	57
22	27196	57
22	27197	57
22	27198	57
22	27199	56
22	27200	55
22	27201	63
22	27202	64
22	27203	64
22	27204	64
22	27205	64
22	27206	64
22	27207	64
22	27208	64
22	27209	63
22	27210	58
22	27211	60
22	27212	63
22	27213	64
22	27214	65
22	27215	65
22	27216	65
22	27217	65
22	27218	65
22	27219	67
22	27220	68
22	27221	69
22	27222	68
22	27223	68
22	27224	68
22	27225	68
22	27226	69
22	27227	67
22	27228	63
22	27229	63
22	27230	63
22	27231	63
22	27232	63
22	27233	63
22	27234	63
22	27235	63
22	27236	63
22	27237	63
22	27238	63
22	27239	63
22	27240	63
22	27241	67
22	27242	67
22	27243	67
22	27244	66
22	27245	65
22	27246	65
22	27247	64
22	27248	64
22	27249	63
22	27250	63
22	27251	64
22	27252	64
22	27253	64
22	27254	64
22	27255	62
22	27256	62
22	27257	62
22	27258	62
22	27259	62
22	27260	62
22	27261	62
22	27262	62
22	27263	64
22	27264	63
22	27265	63
22	27266	62
22	27267	60
22	27268	59
22	27269	59
22	27270	60
22	27271	60
22	27272	58
22	27273	58
22	27274	58
22	27275	56
22	27276	54
22	27277	54
22	27278	54
22	27279	54
22	27280	61
22	27281	61
22	27282	61
22	27283	62
22	27284	62
22	27285	62
22	27286	61
22	27287	60
22	27288	59
22	27289	62
22	27290	62
22	27291	62
22	27292	62
22	27293	62
22	27294	62
22	27295	62
22	27296	62
22	27297	62
22	27298	61
22	27299	61
22	27300	61
22	27301	58
22	27302	58
22	27303	59
22	27304	59
22	27305	59
22	27306	59
22	27307	59
22	27308	61
22	27309	61
22	27310	61
22	27311	61
22	27312	61
22	27313	62
22	27314	62
22	27315	62
22	27316	62
22	27317	62
22	27318	62
22	27319	62
22	27320	62
22	27321	61
22	27322	64
22	27323	64
22	27324	64
22	27325	64
22	27326	64
22	27327	64
22	27328	64
22	27329	63
22	27330	63
22	27331	63
22	27332	63
22	27333	63
22	27334	63
22	27335	63
22	27336	62
22	27337	62
22	27338	62
22	27339	62
22	27340	62
22	27341	62
22	27342	62
22	27343	62
22	27344	63
22	27345	63
22	27346	63
22	27347	63
22	27348	63
22	27349	62
22	27350	61
22	27351	66
22	27352	67
22	27353	67
22	27354	67
22	27355	67
22	27356	67
22	27357	67
22	27358	67
22	27359	65
22	27360	62
22	27361	63
22	27362	63
22	27363	62
22	27364	60
22	27365	60
22	27366	60
22	27367	57
22	27368	56
22	27369	56
22	27370	54
22	27371	54
22	27372	55
22	27373	56
22	27374	56
22	27375	55
22	27376	55
22	27377	55
22	27378	55
22	27379	55
22	27380	55
22	27381	53
22	27382	54
22	27383	54
22	27384	54
22	27385	54
22	27386	54
22	27387	56
22	27388	56
22	27389	56
22	27390	57
22	27391	53
22	27392	53
22	27393	53
22	27394	53
22	27395	53
22	27396	53
22	27397	53
22	27398	53
22	27399	53
22	27400	52
22	27401	52
22	27402	53
22	27403	55
22	27404	55
22	27405	55
22	27406	55
22	27407	55
22	27408	55
22	27409	55
22	27410	56
22	27411	57
22	27412	57
22	27413	56
22	27414	56
22	27415	56
22	27416	56
22	27417	55
22	27418	55
22	27419	55
22	27420	52
22	27421	63
22	27422	63
22	27423	63
22	27424	63
22	27425	63
22	27426	63
22	27427	63
22	27428	63
22	27429	63
22	27430	55
22	27431	56
22	27432	56
22	27433	55
22	27434	57
22	27435	58
22	27436	58
22	27437	58
22	27438	57
22	27439	58
22	27440	58
22	27441	59
22	27442	58
22	27443	59
22	27444	61
22	27445	61
22	27446	61
22	27447	61
22	27448	61
22	27449	62
22	27450	62
22	27451	65
22	27452	65
22	27453	65
22	27454	65
22	27455	65
22	27456	65
22	27457	65
22	27458	65
22	27459	65
22	27460	67
22	27461	69
22	27462	77
22	27463	77
22	27464	77
22	27465	79
22	27466	79
22	27467	79
22	27468	80
22	27469	80
22	27470	80
22	27471	77
22	27472	79
22	27473	79
22	27474	79
22	27475	79
22	27476	79
22	27477	79
22	27478	79
22	27479	80
22	27480	83
22	27481	86
22	27482	86
22	27483	86
22	27484	86
22	27485	86
22	27486	86
22	27487	86
22	27488	86
22	27489	88
22	27490	88
22	27491	96
22	27492	96
22	27493	95
22	27494	95
22	27495	95
22	27496	95
22	27497	94
22	27498	94
22	27499	94
22	27500	90
22	27501	84
22	27502	84
22	27503	84
22	27504	84
22	27505	84
22	27506	84
22	27507	84
22	27508	84
22	27509	83
22	27510	87
22	27511	87
22	27512	90
22	27513	93
22	27514	94
22	27515	95
22	27516	95
22	27517	95
22	27518	95
22	27519	99
22	27520	100
22	27521	99
22	27522	99
22	27523	101
22	27524	101
22	27525	101
22	27526	101
22	27527	101
22	27528	101
22	27529	103
22	27530	103
22	27531	105
22	27532	104
22	27533	105
22	27534	106
22	27535	106
22	27536	105
22	27537	105
22	27538	104
22	27539	103
22	27540	103
22	27541	103
22	27542	104
22	27543	104
22	27544	104
22	27545	110
22	27546	110
22	27547	114
22	27548	114
22	27549	114
22	27550	112
22	27551	114
22	27552	116
22	27553	119
22	27554	119
22	27555	119
22	27556	119
22	27557	119
22	27558	119
22	27559	120
22	27560	120
22	27561	119
22	27562	118
22	27563	118
22	27564	119
22	27565	119
22	27566	121
22	27567	121
22	27568	123
22	27569	123
22	27570	122
22	27571	111
22	27572	111
22	27573	111
22	27574	111
22	27575	112
22	27576	112
22	27577	112
22	27578	113
22	27579	113
22	27580	113
22	27581	112
22	27582	116
22	27583	116
22	27584	114
22	27585	114
22	27586	114
22	27587	115
22	27588	114
22	27589	112
22	27590	112
22	27591	111
22	27592	115
22	27593	114
22	27594	114
22	27595	114
22	27596	114
22	27597	114
22	27598	114
22	27599	115
22	27600	116
22	27601	118
22	27602	120
22	27603	120
22	27604	121
22	27605	121
22	27606	122
22	27607	122
22	27608	121
22	27609	121
22	27610	110
22	27611	110
22	27612	114
22	27613	113
22	27614	116
22	27615	114
22	27616	113
22	27617	113
22	27618	112
22	27619	113
22	27620	113
22	27621	119
22	27622	119
22	27623	119
22	27624	120
22	27625	120
22	27626	120
22	27627	121
22	27628	120
22	27629	120
22	27630	121
22	27631	118
22	27632	119
22	27633	119
22	27634	119
22	27635	119
22	27636	119
22	27637	120
22	27638	120
22	27639	118
22	27640	120
22	27641	111
22	27642	111
22	27643	112
22	27644	112
22	27645	114
22	27646	114
22	27647	114
22	27648	114
22	27649	115
22	27650	116
22	27651	122
22	27652	121
22	27653	121
22	27654	123
22	27655	123
22	27656	123
22	27657	123
22	27658	123
22	27659	123
22	27660	120
22	27661	120
22	27662	123
22	27663	120
22	27664	119
22	27665	118
22	27666	118
22	27667	119
22	27668	117
22	27669	116
22	27670	115
22	27671	115
22	27672	112
22	27673	112
22	27674	112
22	27675	112
22	27676	114
22	27677	115
22	27678	115
22	27679	113
22	27680	113
22	27681	111
22	27682	111
22	27683	109
22	27684	111
22	27685	127
22	27686	128
22	27687	135
22	27688	136
22	27689	137
22	27690	137
22	27691	137
22	27692	136
22	27693	138
22	27694	132
22	27695	132
22	27696	129
22	27697	128
22	27698	133
22	27699	133
22	27700	138
22	27701	138
22	27702	132
22	27703	133
22	27704	135
22	27705	136
22	27706	136
22	27707	136
22	27708	136
22	27709	134
22	27710	134
22	27711	134
22	27712	138
22	27713	139
22	27714	139
22	27715	139
22	27716	137
22	27717	139
22	27718	137
22	27719	139
22	27720	139
22	27721	139
22	27722	139
22	27723	142
22	27724	142
22	27725	141
22	27726	141
22	27727	140
22	27728	140
22	27729	140
22	27730	140
22	27731	139
22	27732	136
22	27733	136
22	27734	136
22	27735	136
22	27736	135
22	27737	135
22	27738	135
22	27739	131
22	27740	131
22	27741	131
22	27742	131
22	27743	131
22	27744	131
22	27745	132
22	27746	133
22	27747	134
22	27748	131
22	27749	131
22	27750	131
22	27751	123
22	27752	124
22	27753	125
22	27754	124
22	27755	129
22	27756	128
22	27757	128
22	27758	127
22	27759	126
22	27760	126
22	27761	136
22	27762	132
22	27763	136
22	27764	133
22	27765	136
22	27766	137
22	27767	137
22	27768	139
22	27769	137
22	27770	140
22	27771	144
22	27772	143
22	27773	142
22	27774	143
22	27775	143
22	27776	143
22	27777	142
22	27778	142
22	27779	140
22	27780	138
22	27781	137
22	27782	137
22	27783	137
22	27784	137
22	27785	137
22	27786	144
22	27787	144
22	27788	146
22	27789	146
22	27790	145
22	27791	146
22	27792	146
22	27793	146
22	27794	144
22	27795	142
22	27796	142
22	27797	146
22	27798	146
22	27799	140
22	27800	141
22	27801	141
22	27802	141
22	27803	139
22	27804	139
22	27805	140
22	27806	137
22	27807	137
22	27808	137
22	27809	135
22	27810	134
22	27811	133
22	27812	133
22	27813	133
22	27814	133
22	27815	137
22	27816	138
22	27817	141
22	27818	141
22	27819	141
22	27820	141
22	27821	141
22	27822	141
22	27823	141
22	27824	141
22	27825	142
22	27826	140
22	27827	139
22	27828	140
22	27829	140
22	27830	143
22	27831	145
22	27832	146
22	27833	152
22	27834	155
22	27835	139
22	27836	138
22	27837	131
22	27838	132
22	27839	133
22	27840	134
22	27841	134
22	27842	134
22	27843	132
22	27844	133
22	27845	133
22	27846	133
22	27847	134
22	27848	132
22	27849	128
22	27850	128
22	27851	128
22	27852	129
22	27853	129
22	27854	135
22	27855	134
22	27856	134
22	27857	134
22	27858	134
22	27859	134
22	27860	128
22	27861	128
22	27862	129
22	27863	129
22	27864	129
22	27865	129
22	27866	129
22	27867	127
22	27868	127
22	27869	125
22	27870	126
22	27871	130
22	27872	130
22	27873	129
22	27874	128
22	27875	128
22	27876	128
22	27877	128
22	27878	130
22	27879	130
22	27880	130
22	27881	130
22	27882	135
22	27883	137
22	27884	138
22	27885	139
22	27886	139
22	27887	140
22	27888	141
22	27889	141
22	27890	141
22	27891	141
22	27892	140
22	27893	141
22	27894	141
22	27895	142
22	27896	142
22	27897	141
22	27898	142
22	27899	142
22	27900	144
22	27901	147
22	27902	146
22	27903	145
22	27904	143
22	27905	144
22	27906	148
22	27907	150
22	27908	150
22	27909	150
22	27910	140
22	27911	145
22	27912	146
22	27913	143
22	27914	144
22	27915	140
22	27916	139
22	27917	139
22	27918	131
22	27919	130
22	27920	124
22	27921	124
22	27922	124
22	27923	124
22	27924	123
22	27925	123
22	27926	123
22	27927	123
22	27928	123
22	27929	125
22	27930	127
22	27931	127
22	27932	127
22	27933	127
22	27934	126
22	27935	127
22	27936	120
22	27937	120
22	27938	118
22	27939	121
22	27940	126
22	27941	125
22	27942	124
22	27943	124
22	27944	124
22	27945	124
22	27946	124
22	27947	122
22	27948	122
22	27949	119
22	27950	119
22	27951	121
22	27952	121
22	27953	126
22	27954	127
22	27955	129
22	27956	134
22	27957	133
22	27958	134
22	27959	134
22	27960	135
22	27961	139
22	27962	139
22	27963	140
22	27964	136
22	27965	135
22	27966	131
22	27967	131
22	27968	131
22	27969	130
22	27970	131
22	27971	132
22	27972	132
22	27973	132
22	27974	131
22	27975	131
22	27976	131
22	27977	130
22	27978	130
22	27979	130
22	27980	127
22	27981	126
22	27982	125
22	27983	117
22	27984	112
22	27985	113
22	27986	113
22	27987	114
22	27988	112
22	27989	112
22	27990	111
22	27991	110
22	27992	110
22	27993	110
22	27994	114
22	27995	113
22	27996	112
22	27997	110
22	27998	109
22	27999	109
22	28000	110
22	28001	109
22	28002	108
22	28003	99
22	28004	99
22	28005	99
22	28006	99
22	28007	99
22	28008	99
22	28009	100
22	28010	100
22	28011	99
22	28012	104
22	28013	105
22	28014	107
22	28015	107
22	28016	107
22	28017	107
22	28018	112
22	28019	112
22	28020	111
22	28021	106
22	28022	107
22	28023	107
22	28024	107
22	28025	108
22	28026	108
22	28027	107
22	28028	107
22	28029	107
22	28030	107
22	28031	108
22	28032	102
22	28033	100
22	28034	98
22	28035	98
22	28036	97
22	28037	97
22	28038	96
22	28039	96
22	28040	96
22	28041	96
22	28042	96
22	28043	94
22	28044	94
22	28045	93
22	28046	95
22	28047	94
22	28048	94
22	28049	94
22	28050	94
22	28051	92
22	28052	92
22	28053	90
22	28054	90
22	28055	88
22	28056	84
22	28057	82
22	28058	82
22	28059	82
22	28060	78
22	28061	78
22	28062	78
22	28063	77
22	28064	76
22	28065	78
22	28066	78
22	28067	78
22	28068	78
22	28069	78
22	28070	78
22	28071	80
22	28072	80
22	28073	80
22	28074	80
22	28075	80
22	28076	80
22	28077	80
22	28078	80
22	28079	78
22	28080	77
22	28081	83
22	28082	95
22	28083	97
22	28084	97
22	28085	96
22	28086	96
22	28087	101
22	28088	102
22	28089	100
22	28090	94
22	28091	94
22	28092	97
22	28093	98
22	28094	100
22	28095	99
22	28096	99
22	28097	109
22	28098	109
22	28099	109
22	28100	109
22	28101	107
22	28102	116
22	28103	112
22	28104	113
22	28105	111
22	28106	106
22	28107	105
22	28108	106
22	28109	105
22	28110	105
22	28111	102
22	28112	103
22	28113	108
22	28114	108
22	28115	108
22	28116	108
22	28117	109
22	28118	112
22	28119	112
22	28120	121
22	28121	120
22	28122	120
22	28123	126
22	28124	129
22	28125	129
22	28126	130
22	28127	130
22	28128	130
22	28129	132
22	28130	132
22	28131	134
22	28132	134
22	28133	134
22	28134	133
22	28135	133
22	28136	134
22	28137	135
22	28138	135
22	28139	134
22	28140	134
22	28141	134
22	28142	133
22	28143	131
22	28144	131
22	28145	132
22	28146	132
22	28147	131
22	28148	131
22	28149	132
22	28150	129
22	28151	129
22	28152	129
22	28153	128
22	28154	128
22	28155	128
22	28156	129
22	28157	130
22	28158	129
22	28159	129
22	28160	129
22	28161	129
22	28162	124
22	28163	124
22	28164	124
22	28165	124
22	28166	124
22	28167	127
22	28168	122
22	28169	122
22	28170	125
22	28171	125
22	28172	124
22	28173	128
22	28174	127
22	28175	127
22	28176	128
22	28177	128
22	28178	128
22	28179	129
22	28180	129
22	28181	129
22	28182	129
22	28183	129
22	28184	129
22	28185	129
22	28186	129
22	28187	129
22	28188	129
22	28189	129
22	28190	130
22	28191	130
22	28192	130
22	28193	129
22	28194	129
22	28195	137
22	28196	135
22	28197	136
22	28198	135
22	28199	136
22	28200	136
22	28201	136
22	28202	136
22	28203	137
22	28204	137
22	28205	137
22	28206	137
22	28207	138
22	28208	144
22	28209	144
22	28210	144
22	28211	145
22	28212	145
22	28213	146
22	28214	146
22	28215	144
22	28216	144
22	28217	144
22	28218	144
22	28219	144
22	28220	144
22	28221	142
22	28222	144
22	28223	144
22	28224	145
22	28225	149
22	28226	149
22	28227	149
22	28228	149
22	28229	150
22	28230	150
22	28231	133
22	28232	131
22	28233	129
22	28234	129
22	28235	129
22	28236	125
22	28237	125
22	28238	122
22	28239	121
22	28240	121
22	28241	121
22	28242	119
22	28243	118
22	28244	116
22	28245	116
22	28246	117
22	28247	110
22	28248	111
22	28249	111
22	28250	111
22	28251	104
22	28252	104
22	28253	105
22	28254	105
22	28255	104
22	28256	104
22	28257	104
22	28258	103
22	28259	107
22	28260	113
22	28261	112
22	28262	106
22	28263	105
22	28264	109
22	28265	109
22	28266	109
22	28267	108
22	28268	105
22	28269	98
22	28270	98
22	28271	98
22	28272	99
22	28273	93
22	28274	92
22	28275	95
22	28276	94
22	28277	94
22	28278	96
22	28279	93
22	28280	93
22	28281	91
22	28282	91
22	28283	92
22	28284	90
22	28285	92
22	28286	89
22	28287	90
22	28288	90
22	28289	90
22	28290	91
22	28291	91
22	28292	91
22	28293	90
22	28294	90
22	28295	90
22	28296	93
22	28297	98
22	28298	99
22	28299	99
22	28300	99
22	28301	99
22	28302	99
22	28303	99
22	28304	99
22	28305	99
22	28306	98
22	28307	101
22	28308	102
22	28309	102
22	28310	102
22	28311	102
22	28312	101
22	28313	101
22	28314	110
22	28315	112
22	28316	109
22	28317	109
22	28318	109
22	28319	109
22	28320	108
22	28321	108
22	28322	109
22	28323	105
22	28324	105
22	28325	104
22	28326	104
22	28327	105
22	28328	105
22	28329	104
22	28330	104
22	28331	103
22	28332	103
22	28333	104
22	28334	104
22	28335	109
22	28336	109
22	28337	109
22	28338	109
22	28339	109
22	28340	110
22	28341	110
22	28342	110
22	28343	110
22	28344	100
22	28345	99
22	28346	100
22	28347	113
22	28348	113
22	28349	112
22	28350	112
22	28351	112
22	28352	114
22	28353	117
22	28354	117
22	28355	117
22	28356	114
22	28357	110
22	28358	110
22	28359	111
22	28360	110
22	28361	111
22	28362	110
22	28363	110
22	28364	110
22	28365	110
22	28366	111
22	28367	111
22	28368	111
22	28369	111
22	28370	112
22	28371	118
22	28372	118
22	28373	121
22	28374	122
22	28375	118
22	28376	118
22	28377	119
22	28378	119
22	28379	117
22	28380	116
22	28381	116
22	28382	117
22	28383	117
22	28384	118
22	28385	118
22	28386	117
22	28387	117
22	28388	132
22	28389	132
22	28390	133
22	28391	133
22	28392	132
22	28393	132
22	28394	132
22	28395	132
22	28396	131
22	28397	128
22	28398	127
22	28399	129
22	28400	129
22	28401	129
22	28402	127
22	28403	127
22	28404	127
22	28405	127
22	28406	127
22	28407	128
22	28408	125
22	28409	125
22	28410	119
22	28411	122
22	28412	122
22	28413	118
22	28414	119
22	28415	119
22	28416	119
22	28417	119
22	28418	123
22	28419	125
22	28420	122
22	28421	122
22	28422	121
22	28423	126
22	28424	125
22	28425	124
22	28426	124
22	28427	122
22	28428	122
22	28429	123
22	28430	123
22	28431	123
22	28432	129
22	28433	128
22	28434	129
22	28435	127
22	28436	127
22	28437	126
22	28438	126
22	28439	125
22	28440	124
22	28441	124
22	28442	124
22	28443	135
22	28444	135
22	28445	135
22	28446	132
22	28447	127
22	28448	128
22	28449	127
22	28450	127
22	28451	125
22	28452	125
22	28453	125
22	28454	127
22	28455	127
22	28456	123
22	28457	128
22	28458	127
22	28459	129
22	28460	129
22	28461	130
22	28462	124
22	28463	123
22	28464	122
22	28465	126
22	28466	126
22	28467	126
22	28468	127
22	28469	127
22	28470	127
22	28471	127
22	28472	125
22	28473	126
22	28474	128
22	28475	132
22	28476	132
22	28477	132
22	28478	132
22	28479	133
22	28480	134
22	28481	134
22	28482	136
22	28483	136
22	28484	136
22	28485	135
22	28486	135
22	28487	138
22	28488	138
22	28489	138
22	28490	136
22	28491	136
22	28492	136
22	28493	136
22	28494	137
22	28495	138
22	28496	137
22	28497	128
22	28498	131
22	28499	131
22	28500	132
22	28501	130
22	28502	129
22	28503	125
22	28504	125
22	28505	125
22	28506	125
22	28507	125
22	28508	124
22	28509	124
22	28510	124
22	28511	123
22	28512	123
22	28513	123
22	28514	123
22	28515	124
22	28516	123
22	28517	123
22	28518	124
22	28519	124
22	28520	124
22	28521	118
22	28522	116
22	28523	113
22	28524	118
22	28525	118
22	28526	124
22	28527	123
22	28528	123
22	28529	124
22	28530	126
22	28531	126
22	28532	125
22	28533	125
22	28534	124
22	28535	124
22	28536	125
22	28537	125
22	28538	110
22	28539	112
22	28540	111
22	28541	111
22	28542	111
22	28543	111
22	28544	112
22	28545	112
22	28546	112
22	28547	112
22	28548	111
22	28549	113
22	28550	113
22	28551	113
22	28552	114
22	28553	114
22	28554	115
22	28555	118
22	28556	120
22	28557	120
22	28558	120
22	28559	120
22	28560	121
22	28561	119
22	28562	119
22	28563	119
22	28564	118
22	28565	118
22	28566	121
22	28567	117
22	28568	117
22	28569	115
22	28570	115
22	28571	116
22	28572	114
22	28573	113
22	28574	116
22	28575	117
22	28576	118
22	28577	118
22	28578	117
22	28579	117
22	28580	117
22	28581	117
22	28582	110
22	28583	121
22	28584	121
22	28585	121
22	28586	121
22	28587	121
22	28588	121
22	28589	121
22	28590	123
22	28591	124
22	28592	113
22	28593	111
22	28594	111
22	28595	111
22	28596	112
22	28597	112
22	28598	112
22	28599	112
22	28600	113
22	28601	113
22	28602	113
22	28603	114
22	28604	112
22	28605	114
22	28606	116
22	28607	111
22	28608	111
22	28609	109
22	28610	110
22	28611	110
22	28612	110
22	28613	110
22	28614	109
22	28615	105
22	28616	105
22	28617	105
22	28618	105
22	28619	105
22	28620	105
22	28621	106
22	28622	106
22	28623	108
22	28624	107
22	28625	105
22	28626	104
22	28627	105
22	28628	105
22	28629	104
22	28630	103
22	28631	103
22	28632	100
22	28633	100
22	28634	99
22	28635	99
22	28636	99
22	28637	96
22	28638	96
22	28639	96
22	28640	96
22	28641	96
22	28642	96
22	28643	96
22	28644	95
22	28645	94
22	28646	94
22	28647	90
22	28648	86
22	28649	86
22	28650	86
22	28651	86
22	28652	87
22	28653	87
22	28654	87
22	28655	87
22	28656	88
22	28657	91
22	28658	91
22	28659	91
22	28660	91
22	28661	92
22	28662	92
22	28663	97
22	28664	97
22	28665	97
22	28666	103
22	28667	107
22	28668	107
22	28669	107
22	28670	107
22	28671	110
22	28672	104
22	28673	104
22	28674	101
22	28675	99
22	28676	101
22	28677	100
22	28678	100
22	28679	99
22	28680	97
22	28681	98
22	28682	100
22	28683	100
22	28684	100
22	28685	106
22	28686	106
22	28687	108
22	28688	106
22	28689	106
22	28690	106
22	28691	108
22	28692	108
22	28693	108
22	28694	105
22	28695	106
22	28696	106
22	28697	116
22	28698	116
22	28699	118
22	28700	118
22	28701	118
22	28702	117
22	28703	118
22	28704	121
22	28705	120
22	28706	116
22	28707	116
22	28708	115
22	28709	116
22	28710	115
22	28711	114
22	28712	115
22	28713	112
22	28714	112
22	28715	112
22	28716	112
22	28717	112
22	28718	112
22	28719	113
22	28720	113
22	28721	114
22	28722	117
22	28723	116
22	28724	111
22	28725	111
22	28726	111
22	28727	111
22	28728	113
22	28729	113
22	28730	115
22	28731	115
22	28732	114
22	28733	105
22	28734	105
22	28735	105
22	28736	106
22	28737	106
22	28738	107
22	28739	108
22	28740	105
22	28741	104
22	28742	102
22	28743	102
22	28744	102
22	28745	100
22	28746	100
22	28747	109
22	28748	109
22	28749	109
22	28750	112
22	28751	113
22	28752	113
22	28753	112
22	28754	112
22	28755	110
22	28756	108
22	28757	108
22	28758	109
22	28759	109
22	28760	109
22	28761	108
22	28762	108
22	28763	106
22	28764	107
22	28765	107
22	28766	106
22	28767	106
22	28768	106
22	28769	111
22	28770	111
22	28771	111
22	28772	112
22	28773	111
22	28774	110
22	28775	110
22	28776	110
22	28777	112
22	28778	112
22	28779	112
22	28780	112
22	28781	112
22	28782	112
22	28783	112
22	28784	111
22	28785	111
22	28786	112
22	28787	113
22	28788	113
22	28789	113
22	28790	113
22	28791	115
22	28792	115
22	28793	119
22	28794	119
22	28795	119
22	28796	119
22	28797	119
22	28798	119
22	28799	119
22	28800	119
22	28801	120
22	28802	119
22	28803	122
22	28804	122
22	28805	121
22	28806	119
22	28807	120
22	28808	121
22	28809	121
22	28810	120
22	28811	120
22	28812	119
22	28813	115
22	28814	114
22	28815	114
22	28816	108
22	28817	104
22	28818	106
22	28819	107
22	28820	104
22	28821	105
22	28822	105
22	28823	106
22	28824	104
22	28825	103
22	28826	103
22	28827	103
22	28828	105
22	28829	105
22	28830	105
22	28831	109
22	28832	108
22	28833	110
22	28834	111
22	28835	104
22	28836	104
22	28837	103
22	28838	106
22	28839	106
22	28840	107
22	28841	105
22	28842	104
22	28843	102
22	28844	102
22	28845	102
22	28846	100
22	28847	93
22	28848	93
22	28849	95
22	28850	95
22	28851	95
22	28852	95
22	28853	95
22	28854	92
22	28855	92
22	28856	92
22	28857	93
22	28858	93
22	28859	93
22	28860	93
22	28861	93
22	28862	92
22	28863	92
22	28864	92
22	28865	94
22	28866	94
22	28867	95
22	28868	95
22	28869	88
22	28870	90
22	28871	93
22	28872	93
22	28873	93
22	28874	94
22	28875	94
22	28876	94
22	28877	95
22	28878	93
22	28879	96
22	28880	99
22	28881	98
22	28882	99
22	28883	99
22	28884	99
22	28885	98
22	28886	97
22	28887	105
22	28888	104
22	28889	103
22	28890	104
22	28891	105
22	28892	106
22	28893	107
22	28894	107
22	28895	107
22	28896	98
22	28897	97
22	28898	97
22	28899	97
22	28900	96
22	28901	96
22	28902	96
22	28903	98
22	28904	98
22	28905	98
22	28906	99
22	28907	101
22	28908	110
22	28909	110
22	28910	113
22	28911	115
22	28912	115
22	28913	114
22	28914	114
22	28915	114
22	28916	114
22	28917	114
22	28918	113
22	28919	108
22	28920	109
22	28921	108
22	28922	109
22	28923	112
22	28924	112
22	28925	114
22	28926	114
22	28927	111
22	28928	116
22	28929	119
22	28930	119
22	28931	119
22	28932	122
22	28933	123
22	28934	124
22	28935	123
22	28936	124
22	28937	123
22	28938	123
22	28939	123
22	28940	123
22	28941	121
22	28942	118
22	28943	117
22	28944	117
22	28945	117
22	28946	117
22	28947	117
22	28948	117
22	28949	117
22	28950	117
22	28951	116
22	28952	116
22	28953	115
22	28954	115
22	28955	115
22	28956	114
22	28957	114
22	28958	114
22	28959	114
22	28960	115
22	28961	115
22	28962	115
22	28963	115
22	28964	116
22	28965	115
22	28966	116
22	28967	116
22	28968	113
22	28969	113
22	28970	113
22	28971	115
22	28972	115
22	28973	113
22	28974	113
22	28975	114
22	28976	114
22	28977	114
22	28978	112
22	28979	111
22	28980	108
22	28981	108
22	28982	107
22	28983	107
22	28984	106
22	28985	108
22	28986	107
22	28987	107
22	28988	105
22	28989	105
22	28990	105
22	28991	105
22	28992	105
22	28993	105
22	28994	107
22	28995	107
22	28996	106
22	28997	105
22	28998	105
22	28999	101
22	29000	101
22	29001	102
22	29002	102
22	29003	102
22	29004	101
22	29005	102
22	29006	103
22	29007	102
22	29008	104
22	29009	104
22	29010	104
22	29011	106
22	29012	106
22	29013	106
22	29014	105
22	29015	105
22	29016	105
22	29017	104
22	29018	104
22	29019	104
22	29020	102
22	29021	100
22	29022	100
22	29023	102
22	29024	101
22	29025	101
22	29026	104
22	29027	103
22	29028	103
22	29029	100
22	29030	96
22	29031	95
22	29032	95
22	29033	97
22	29034	97
22	29035	91
22	29036	95
22	29037	95
22	29038	95
22	29039	97
22	29040	96
22	29041	95
22	29042	100
22	29043	100
22	29044	100
22	29045	102
22	29046	102
22	29047	102
22	29048	108
22	29049	122
22	29050	120
22	29051	113
22	29052	118
22	29053	117
22	29054	119
22	29055	120
22	29056	119
22	29057	117
22	29058	107
22	29059	107
22	29060	106
22	29061	107
22	29062	107
22	29063	107
22	29064	107
22	29065	109
22	29066	110
22	29067	110
22	29068	109
22	29069	109
22	29070	111
22	29071	108
22	29072	108
22	29073	105
22	29074	104
22	29075	104
22	29076	104
22	29077	104
22	29078	100
22	29079	97
22	29080	97
22	29081	97
22	29082	94
22	29083	95
22	29084	92
22	29085	92
22	29086	92
22	29087	92
22	29088	92
22	29089	92
22	29090	92
22	29091	92
22	29092	92
22	29093	92
22	29094	92
22	29095	92
22	29096	92
22	29097	92
22	29098	99
22	29099	103
22	29100	107
22	29101	107
22	29102	108
22	29103	110
22	29104	113
22	29105	113
22	29106	115
22	29107	117
22	29108	119
22	29109	120
22	29110	120
22	29111	124
22	29112	124
22	29113	125
22	29114	124
22	29115	126
22	29116	130
22	29117	128
22	29118	136
22	29119	136
22	29120	135
22	29121	137
22	29122	137
22	29123	137
22	29124	137
22	29125	135
22	29126	137
22	29127	137
22	29128	137
22	29129	137
22	29130	136
22	29131	136
22	29132	134
22	29133	135
22	29134	135
22	29135	133
22	29136	133
22	29137	133
22	29138	132
22	29139	131
22	29140	131
22	29141	131
22	29142	133
22	29143	133
22	29144	131
22	29145	131
22	29146	131
22	29147	132
22	29148	132
22	29149	131
22	29150	132
22	29151	131
22	29152	134
22	29153	134
22	29154	134
22	29155	134
22	29156	134
22	29157	136
22	29158	134
22	29159	131
22	29160	131
22	29161	133
22	29162	135
22	29163	136
22	29164	136
22	29165	135
22	29166	137
22	29167	138
22	29168	138
22	29169	138
22	29170	138
22	29171	138
22	29172	139
22	29173	138
22	29174	138
22	29175	138
22	29176	135
22	29177	141
22	29178	143
22	29179	144
22	29180	144
22	29181	144
22	29182	150
22	29183	150
22	29184	146
22	29185	146
22	29186	142
22	29187	143
22	29188	142
22	29189	142
22	29190	139
22	29191	136
22	29192	136
22	29193	136
22	29194	139
22	29195	137
22	29196	131
22	29197	131
22	29198	128
22	29199	117
22	29200	121
22	29201	121
22	29202	121
22	29203	121
22	29204	121
22	29205	120
22	29206	120
22	29207	122
22	29208	122
22	29209	119
22	29210	120
22	29211	117
22	29212	117
22	29213	114
22	29214	114
22	29215	114
22	29216	114
22	29217	115
22	29218	115
22	29219	113
22	29220	113
22	29221	113
22	29222	113
22	29223	113
22	29224	114
22	29225	114
22	29226	114
22	29227	114
22	29228	114
22	29229	114
22	29230	115
22	29231	115
22	29232	115
22	29233	113
22	29234	113
22	29235	113
22	29236	116
22	29237	116
22	29238	116
22	29239	116
22	29240	118
22	29241	119
22	29242	119
22	29243	119
22	29244	119
22	29245	121
22	29246	123
22	29247	126
22	29248	119
22	29249	115
22	29250	119
22	29251	123
22	29252	125
22	29253	123
22	29254	120
22	29255	120
22	29256	117
22	29257	116
22	29258	113
22	29259	115
22	29260	115
22	29261	113
22	29262	112
22	29263	112
22	29264	113
22	29265	111
22	29266	104
22	29267	106
22	29268	98
22	29269	97
22	29270	97
22	29271	95
22	29272	95
22	29273	95
22	29274	95
22	29275	95
22	29276	93
22	29277	94
22	29278	95
22	29279	95
22	29280	97
22	29281	97
22	29282	97
22	29283	98
22	29284	98
22	29285	99
22	29286	99
22	29287	99
22	29288	100
22	29289	100
22	29290	100
22	29291	100
22	29292	98
22	29293	103
22	29294	103
22	29295	105
22	29296	108
22	29297	108
22	29298	108
22	29299	107
22	29300	107
22	29301	108
22	29302	105
22	29303	105
22	29304	104
22	29305	102
22	29306	101
22	29307	99
22	29308	99
22	29309	103
22	29310	101
22	29311	101
22	29312	98
22	29313	97
22	29314	99
22	29315	100
22	29316	101
22	29317	100
22	29318	100
22	29319	100
22	29320	100
22	29321	100
22	29322	100
22	29323	99
22	29324	99
22	29325	99
22	29326	97
22	29327	94
22	29328	91
22	29329	94
22	29330	96
22	29331	96
22	29332	92
22	29333	92
22	29334	95
22	29335	98
22	29336	103
22	29337	102
22	29338	102
22	29339	101
22	29340	101
22	29341	101
22	29342	101
22	29343	100
22	29344	98
22	29345	99
22	29346	99
22	29347	99
22	29348	100
22	29349	100
22	29350	97
22	29351	96
22	29352	100
22	29353	99
22	29354	99
22	29355	99
22	29356	99
22	29357	97
22	29358	98
22	29359	98
22	29360	97
22	29361	98
22	29362	97
22	29363	97
22	29364	95
22	29365	95
22	29366	95
22	29367	94
22	29368	94
22	29369	94
22	29370	94
22	29371	95
22	29372	96
22	29373	96
22	29374	95
22	29375	96
22	29376	97
22	29377	98
22	29378	97
22	29379	97
22	29380	96
22	29381	96
22	29382	96
22	29383	96
22	29384	96
22	29385	93
22	29386	94
22	29387	96
22	29388	96
22	29389	94
22	29390	93
22	29391	96
22	29392	98
22	29393	100
22	29394	97
22	29395	95
22	29396	95
22	29397	95
22	29398	95
22	29399	91
22	29400	88
22	29401	83
22	29402	83
22	29403	90
22	29404	90
22	29405	91
22	29406	91
22	29407	92
22	29408	92
22	29409	87
22	29410	87
22	29411	85
22	29412	85
22	29413	85
22	29414	85
22	29415	85
22	29416	85
22	29417	85
22	29418	85
22	29419	87
22	29420	87
22	29421	88
22	29422	88
22	29423	88
22	29424	89
22	29425	89
22	29426	89
22	29427	87
22	29428	86
22	29429	86
22	29430	85
22	29431	85
22	29432	86
22	29433	85
22	29434	85
22	29435	85
22	29436	85
22	29437	85
22	29438	88
22	29439	88
22	29440	88
22	29441	89
22	29442	89
22	29443	86
22	29444	87
22	29445	87
22	29446	88
22	29447	86
22	29448	86
22	29449	86
22	29450	88
22	29451	87
22	29452	88
22	29453	88
22	29454	89
22	29455	89
22	29456	89
22	29457	92
22	29458	91
22	29459	88
22	29460	89
22	29461	90
22	29462	90
22	29463	88
22	29464	88
22	29465	88
22	29466	88
22	29467	88
22	29468	88
22	29469	88
22	29470	87
22	29471	88
22	29472	90
22	29473	90
22	29474	90
22	29475	93
22	29476	94
22	29477	93
22	29478	90
22	29479	87
22	29480	88
22	29481	89
22	29482	89
22	29483	86
22	29484	83
22	29485	78
22	29486	78
22	29487	78
22	29488	78
22	29489	78
22	29490	78
22	29491	78
22	29492	80
22	29493	80
22	29494	80
22	29495	79
22	29496	79
22	29497	78
22	29498	78
22	29499	76
22	29500	79
22	29501	79
22	29502	78
22	29503	79
22	29504	78
22	29505	78
22	29506	80
22	29507	83
22	29508	83
22	29509	83
22	29510	83
22	29511	83
22	29512	83
22	29513	83
22	29514	83
22	29515	83
22	29516	83
22	29517	83
22	29518	83
22	29519	83
22	29520	82
22	29521	82
22	29522	81
22	29523	82
22	29524	82
22	29525	81
22	29526	80
22	29527	80
22	29528	80
22	29529	80
22	29530	80
22	29531	81
22	29532	81
22	29533	84
22	29534	84
22	29535	83
22	29536	83
22	29537	83
22	29538	83
22	29539	84
22	29540	81
22	29541	81
22	29542	77
22	29543	78
22	29544	81
22	29545	81
22	29546	81
22	29547	80
22	29548	80
22	29549	82
22	29550	81
22	29551	81
22	29552	79
22	29553	74
22	29554	73
22	29555	73
22	29556	72
22	29557	72
22	29558	73
22	29559	73
22	29560	73
22	29561	72
22	29562	72
22	29563	72
22	29564	72
22	29565	72
22	29566	72
22	29567	72
22	29568	70
22	29569	70
22	29570	71
22	29571	70
22	29572	70
22	29573	70
22	29574	70
22	29575	70
22	29576	70
22	29577	70
22	29578	71
22	29579	72
22	29580	74
22	29581	74
22	29582	75
22	29583	75
22	29584	76
22	29585	76
22	29586	76
22	29587	77
22	29588	74
22	29589	74
22	29590	74
22	29591	69
22	29592	68
22	29593	67
22	29594	65
22	29595	65
22	29596	65
22	29597	65
22	29598	67
22	29599	67
22	29600	66
22	29601	66
22	29602	66
22	29603	66
22	29604	65
22	29605	65
22	29606	64
22	29607	62
22	29608	62
22	29609	62
22	29610	62
22	29611	61
22	29612	61
22	29613	69
22	29614	70
22	29615	69
22	29616	70
22	29617	71
22	29618	71
22	29619	71
22	29620	70
22	29621	69
22	29622	67
22	29623	68
22	29624	65
22	29625	64
22	29626	64
22	29627	64
22	29628	64
22	29629	65
22	29630	67
22	29631	67
22	29632	67
22	29633	68
22	29634	68
22	29635	68
22	29636	68
22	29637	68
22	29638	69
22	29639	69
22	29640	69
22	29641	69
22	29642	67
22	29643	67
22	29644	67
22	29645	67
22	29646	69
22	29647	69
22	29648	72
22	29649	72
22	29650	68
22	29651	72
22	29652	70
22	29653	70
22	29654	70
22	29655	68
22	29656	69
22	29657	66
22	29658	66
22	29659	62
22	29660	61
22	29661	61
22	29662	61
22	29663	61
22	29664	61
22	29665	66
22	29666	66
22	29667	66
22	29668	66
22	29669	66
22	29670	66
22	29671	66
22	29672	66
22	29673	66
22	29674	66
22	29675	66
22	29676	66
22	29677	71
22	29678	72
22	29679	72
22	29680	72
22	29681	71
22	29682	68
22	29683	68
22	29684	69
22	29685	69
22	29686	68
22	29687	68
22	29688	68
22	29689	68
22	29690	68
22	29691	69
22	29692	68
22	29693	67
22	29694	67
22	29695	67
22	29696	67
22	29697	67
22	29698	67
22	29699	66
22	29700	66
22	29701	68
22	29702	69
22	29703	69
22	29704	69
22	29705	69
22	29706	68
22	29707	67
22	29708	68
22	29709	68
22	29710	68
22	29711	68
22	29712	68
22	29713	68
22	29714	68
22	29715	68
22	29716	68
22	29717	69
22	29718	69
22	29719	73
22	29720	73
22	29721	73
22	29722	73
22	29723	74
22	29724	74
22	29725	74
22	29726	78
22	29727	77
22	29728	76
22	29729	74
22	29730	76
22	29731	76
22	29732	74
22	29733	73
22	29734	73
22	29735	72
22	29736	72
22	29737	76
22	29738	76
22	29739	76
22	29740	76
22	29741	76
22	29742	76
22	29743	76
22	29744	76
22	29745	75
22	29746	75
22	29747	73
22	29748	73
22	29749	73
22	29750	71
22	29751	73
22	29752	79
22	29753	79
22	29754	79
22	29755	79
22	29756	78
22	29757	79
22	29758	79
22	29759	79
22	29760	79
22	29761	72
22	29762	72
22	29763	70
22	29764	70
22	29765	70
22	29766	68
22	29767	68
22	29768	68
22	29769	68
22	29770	72
22	29771	72
22	29772	71
22	29773	71
22	29774	71
22	29775	75
22	29776	75
22	29777	76
22	29778	73
22	29779	71
22	29780	73
22	29781	73
22	29782	73
22	29783	72
22	29784	72
22	29785	72
22	29786	72
22	29787	71
22	29788	71
22	29789	72
22	29790	72
22	29791	72
22	29792	72
22	29793	72
22	29794	73
22	29795	70
22	29796	69
22	29797	69
22	29798	67
22	29799	69
22	29800	64
22	29801	64
22	29802	64
22	29803	64
22	29804	64
22	29805	66
22	29806	70
22	29807	70
22	29808	70
22	29809	70
22	29810	70
22	29811	70
22	29812	70
22	29813	70
22	29814	71
22	29815	64
22	29816	64
22	29817	64
22	29818	64
22	29819	64
22	29820	64
22	29821	64
22	29822	65
22	29823	65
22	29824	65
22	29825	67
22	29826	67
22	29827	68
22	29828	67
22	29829	64
22	29830	67
22	29831	68
22	29832	68
22	29833	68
22	29834	68
22	29835	68
22	29836	67
22	29837	69
22	29838	74
22	29839	74
22	29840	76
22	29841	75
22	29842	84
22	29843	84
22	29844	84
22	29845	84
22	29846	84
22	29847	85
22	29848	87
22	29849	84
22	29850	83
22	29851	81
22	29852	82
22	29853	82
22	29854	82
22	29855	82
22	29856	82
22	29857	81
22	29858	81
22	29859	81
22	29860	81
22	29861	82
22	29862	82
22	29863	82
22	29864	83
22	29865	83
22	29866	84
22	29867	84
22	29868	87
22	29869	82
22	29870	82
22	29871	82
22	29872	82
22	29873	81
22	29874	81
22	29875	81
22	29876	77
22	29877	77
22	29878	77
22	29879	78
22	29880	77
22	29881	77
22	29882	77
22	29883	78
22	29884	78
22	29885	78
22	29886	78
22	29887	76
22	29888	76
22	29889	76
22	29890	76
22	29891	76
22	29892	76
22	29893	76
22	29894	77
22	29895	77
22	29896	77
22	29897	77
22	29898	77
22	29899	77
22	29900	76
22	29901	76
22	29902	69
22	29903	69
22	29904	69
22	29905	69
22	29906	69
22	29907	69
22	29908	69
22	29909	69
22	29910	69
22	29911	77
22	29912	77
22	29913	77
22	29914	79
22	29915	80
22	29916	81
22	29917	81
22	29918	84
22	29919	84
22	29920	80
22	29921	85
22	29922	85
22	29923	85
22	29924	82
22	29925	82
22	29926	82
22	29927	81
22	29928	81
22	29929	81
22	29930	79
22	29931	79
22	29932	79
22	29933	79
22	29934	81
22	29935	83
22	29936	84
22	29937	85
22	29938	89
22	29939	89
22	29940	89
22	29941	89
22	29942	89
22	29943	89
22	29944	88
22	29945	88
22	29946	88
22	29947	88
22	29948	86
22	29949	86
22	29950	86
22	29951	86
22	29952	86
22	29953	86
22	29954	85
22	29955	85
22	29956	80
22	29957	80
22	29958	85
22	29959	85
22	29960	89
22	29961	89
22	29962	90
22	29963	89
22	29964	89
22	29965	90
22	29966	90
22	29967	90
22	29968	90
22	29969	90
22	29970	90
22	29971	90
22	29972	89
22	29973	91
22	29974	88
22	29975	86
22	29976	85
22	29977	85
22	29978	85
22	29979	85
22	29980	83
22	29981	85
22	29982	85
22	29983	97
22	29984	99
22	29985	99
22	29986	99
22	29987	90
22	29988	97
22	29989	96
22	29990	94
22	29991	93
22	29992	85
22	29993	85
22	29994	85
22	29995	85
22	29996	86
22	29997	84
22	29998	85
22	29999	85
22	30000	85
22	30001	85
22	30002	84
22	30003	84
22	30004	85
22	30005	88
22	30006	88
22	30007	89
22	30008	89
22	30009	90
22	30010	90
22	30011	89
22	30012	91
22	30013	91
22	30014	92
22	30015	92
22	30016	91
22	30017	91
22	30018	87
22	30019	88
22	30020	91
22	30021	92
22	30022	92
22	30023	91
22	30024	91
22	30025	91
22	30026	91
22	30027	93
22	30028	93
22	30029	92
22	30030	92
22	30031	92
22	30032	92
22	30033	92
22	30034	92
22	30035	93
22	30036	94
22	30037	93
22	30038	93
22	30039	94
22	30040	95
22	30041	95
22	30042	95
22	30043	96
22	30044	98
22	30045	100
22	30046	100
22	30047	101
22	30048	102
22	30049	105
22	30050	108
22	30051	108
22	30052	108
22	30053	108
22	30054	110
22	30055	110
22	30056	109
22	30057	109
22	30058	109
22	30059	109
22	30060	109
22	30061	101
22	30062	103
22	30063	102
22	30064	105
22	30065	104
22	30066	104
22	30067	104
22	30068	101
22	30069	101
22	30070	101
22	30071	98
22	30072	98
22	30073	97
22	30074	97
22	30075	97
22	30076	98
22	30077	106
22	30078	117
22	30079	117
22	30080	117
22	30081	117
22	30082	116
22	30083	116
22	30084	119
22	30085	117
22	30086	116
22	30087	113
22	30088	111
22	30089	111
22	30090	115
22	30091	115
22	30092	118
22	30093	118
22	30094	120
22	30095	120
22	30096	121
22	30097	125
22	30098	125
22	30099	125
22	30100	125
22	30101	131
22	30102	132
22	30103	134
22	30104	141
22	30105	141
22	30106	141
22	30107	141
22	30108	136
22	30109	136
22	30110	130
22	30111	129
22	30112	130
22	30113	132
22	30114	132
22	30115	132
22	30116	133
22	30117	133
22	30118	134
22	30119	134
22	30120	134
22	30121	134
22	30122	134
22	30123	132
22	30124	132
22	30125	132
22	30126	133
22	30127	133
22	30128	133
22	30129	133
22	30130	137
22	30131	136
22	30132	123
22	30133	123
22	30134	122
22	30135	122
22	30136	122
22	30137	122
22	30138	115
22	30139	115
22	30140	117
22	30141	117
22	30142	117
22	30143	117
22	30144	117
22	30145	122
22	30146	121
22	30147	121
22	30148	122
22	30149	122
22	30150	128
22	30151	128
22	30152	128
22	30153	127
22	30154	128
22	30155	125
22	30156	125
22	30157	124
22	30158	124
22	30159	128
22	30160	128
22	30161	128
22	30162	126
22	30163	126
22	30164	124
22	30165	124
22	30166	125
22	30167	126
22	30168	126
22	30169	125
22	30170	122
22	30171	121
22	30172	121
22	30173	121
22	30174	122
22	30175	122
22	30176	124
22	30177	126
22	30178	126
22	30179	125
22	30180	125
22	30181	128
22	30182	129
22	30183	128
22	30184	130
22	30185	137
22	30186	136
22	30187	136
22	30188	135
22	30189	135
22	30190	134
22	30191	135
22	30192	136
22	30193	133
22	30194	126
22	30195	126
22	30196	127
22	30197	126
22	30198	124
22	30199	122
22	30200	121
22	30201	121
22	30202	124
22	30203	124
22	30204	122
22	30205	122
22	30206	122
22	30207	124
22	30208	124
22	30209	124
22	30210	124
22	30211	122
22	30212	122
22	30213	122
22	30214	118
22	30215	118
22	30216	117
22	30217	118
22	30218	124
22	30219	124
22	30220	124
22	30221	124
22	30222	125
22	30223	125
22	30224	126
22	30225	126
22	30226	125
22	30227	110
22	30228	106
22	30229	112
22	30230	112
22	30231	114
22	30232	113
22	30233	112
22	30234	112
22	30235	111
22	30236	114
22	30237	117
22	30238	117
22	30239	118
22	30240	114
22	30241	114
22	30242	112
22	30243	112
22	30244	115
22	30245	116
22	30246	116
22	30247	112
22	30248	112
22	30249	112
22	30250	106
22	30251	105
22	30252	103
22	30253	96
22	30254	97
22	30255	100
22	30256	100
22	30257	100
22	30258	100
22	30259	100
22	30260	101
22	30261	100
22	30262	100
22	30263	98
22	30264	97
22	30265	97
22	30266	96
22	30267	95
22	30268	96
22	30269	96
22	30270	96
22	30271	100
22	30272	100
22	30273	100
22	30274	100
22	30275	100
22	30276	99
22	30277	99
22	30278	99
22	30279	107
22	30280	104
22	30281	107
22	30282	107
22	30283	106
22	30284	106
22	30285	106
22	30286	109
22	30287	110
22	30288	110
22	30289	110
22	30290	108
22	30291	120
22	30292	120
22	30293	122
22	30294	121
22	30295	116
22	30296	116
22	30297	115
22	30298	116
22	30299	116
22	30300	110
22	30301	111
22	30302	111
22	30303	108
22	30304	108
22	30305	109
22	30306	116
22	30307	116
22	30308	116
22	30309	111
22	30310	112
22	30311	112
22	30312	112
22	30313	113
22	30314	113
22	30315	112
22	30316	113
22	30317	113
22	30318	113
22	30319	113
22	30320	113
22	30321	114
22	30322	114
22	30323	114
22	30324	119
22	30325	117
22	30326	117
22	30327	118
22	30328	119
22	30329	123
22	30330	123
22	30331	125
22	30332	122
22	30333	122
22	30334	116
22	30335	116
22	30336	116
22	30337	116
22	30338	115
22	30339	115
22	30340	115
22	30341	115
22	30342	115
22	30343	119
22	30344	119
22	30345	120
22	30346	120
22	30347	122
22	30348	122
22	30349	128
22	30350	129
22	30351	129
22	30352	126
22	30353	126
22	30354	130
22	30355	132
22	30356	130
22	30357	130
22	30358	130
22	30359	132
22	30360	132
22	30361	132
22	30362	132
22	30363	132
22	30364	135
22	30365	137
22	30366	137
22	30367	130
22	30368	130
22	30369	131
22	30370	140
22	30371	139
22	30372	139
22	30373	139
22	30374	138
22	30375	138
22	30376	139
22	30377	139
22	30378	140
22	30379	135
22	30380	135
22	30381	133
22	30382	133
22	30383	133
22	30384	133
22	30385	133
22	30386	132
22	30387	130
22	30388	133
22	30389	132
22	30390	132
22	30391	131
22	30392	131
22	30393	131
22	30394	128
22	30395	127
22	30396	126
22	30397	126
22	30398	128
22	30399	128
22	30400	130
22	30401	130
22	30402	136
22	30403	139
22	30404	141
22	30405	138
22	30406	138
22	30407	138
22	30408	138
22	30409	140
22	30410	143
22	30411	143
22	30412	143
22	30413	144
22	30414	145
22	30415	145
22	30416	147
22	30417	146
22	30418	146
22	30419	147
22	30420	150
22	30421	148
22	30422	148
22	30423	150
22	30424	150
22	30425	150
22	30426	150
22	30427	150
22	30428	149
22	30429	141
22	30430	140
22	30431	144
22	30432	144
22	30433	145
22	30434	145
22	30435	145
22	30436	141
22	30437	141
22	30438	141
22	30439	141
22	30440	141
22	30441	129
22	30442	131
22	30443	131
22	30444	131
22	30445	130
22	30446	131
22	30447	132
22	30448	131
22	30449	131
22	30450	131
22	30451	130
22	30452	133
22	30453	135
22	30454	135
22	30455	127
22	30456	127
22	30457	127
22	30458	127
22	30459	127
22	30460	126
22	30461	127
22	30462	126
22	30463	126
22	30464	126
22	30465	126
22	30466	126
22	30467	126
22	30468	125
22	30469	125
22	30470	126
22	30471	129
22	30472	129
22	30473	128
22	30474	121
22	30475	120
22	30476	122
22	30477	123
22	30478	122
22	30479	118
22	30480	115
22	30481	114
22	30482	116
22	30483	118
22	30484	118
22	30485	118
22	30486	119
22	30487	119
22	30488	120
22	30489	123
22	30490	123
22	30491	122
22	30492	119
22	30493	120
22	30494	131
22	30495	129
22	30496	129
22	30497	127
22	30498	123
22	30499	128
22	30500	127
22	30501	127
22	30502	127
22	30503	121
22	30504	125
22	30505	126
22	30506	126
22	30507	126
22	30508	126
22	30509	126
22	30510	127
22	30511	128
22	30512	128
22	30513	129
22	30514	124
22	30515	124
22	30516	128
22	30517	128
22	30518	120
22	30519	121
22	30520	122
22	30521	122
22	30522	122
22	30523	125
22	30524	125
22	30525	125
22	30526	124
22	30527	122
22	30528	123
22	30529	123
22	30530	125
22	30531	129
22	30532	129
22	30533	129
22	30534	135
22	30535	136
22	30536	135
22	30537	134
22	30538	134
22	30539	135
22	30540	135
22	30541	135
22	30542	135
22	30543	138
22	30544	140
22	30545	150
22	30546	150
22	30547	147
22	30548	148
22	30549	148
22	30550	146
22	30551	142
22	30552	139
22	30553	136
22	30554	133
22	30555	135
22	30556	135
22	30557	135
22	30558	133
22	30559	133
22	30560	131
22	30561	132
22	30562	132
22	30563	131
22	30564	134
22	30565	133
22	30566	134
22	30567	139
22	30568	139
22	30569	137
22	30570	137
22	30571	135
22	30572	136
22	30573	134
22	30574	140
22	30575	140
22	30576	140
22	30577	139
22	30578	137
22	30579	139
22	30580	135
22	30581	138
22	30582	138
22	30583	133
22	30584	133
22	30585	134
22	30586	134
22	30587	134
22	30588	134
22	30589	134
22	30590	135
22	30591	135
22	30592	131
22	30593	131
22	30594	131
22	30595	131
22	30596	129
22	30597	129
22	30598	129
22	30599	129
22	30600	130
22	30601	127
22	30602	127
22	30603	125
22	30604	125
22	30605	125
22	30606	125
22	30607	126
22	30608	129
22	30609	131
22	30610	130
22	30611	135
22	30612	135
22	30613	135
22	30614	137
22	30615	136
22	30616	143
22	30617	144
22	30618	144
22	30619	144
22	30620	142
22	30621	141
22	30622	141
22	30623	142
22	30624	142
22	30625	138
22	30626	138
22	30627	139
22	30628	138
22	30629	138
22	30630	136
22	30631	135
22	30632	134
22	30633	133
22	30634	133
22	30635	134
22	30636	134
22	30637	133
22	30638	135
22	30639	133
22	30640	135
22	30641	135
22	30642	136
22	30643	133
22	30644	127
22	30645	127
22	30646	127
22	30647	124
22	30648	122
22	30649	125
22	30650	125
22	30651	126
22	30652	126
22	30653	126
22	30654	122
22	30655	122
22	30656	122
22	30657	124
22	30658	122
22	30659	123
22	30660	122
22	30661	122
22	30662	124
22	30663	123
22	30664	124
22	30665	125
22	30666	121
22	30667	121
22	30668	120
22	30669	121
22	30670	123
22	30671	123
22	30672	124
22	30673	122
22	30674	121
22	30675	123
22	30676	133
22	30677	133
22	30678	128
22	30679	129
22	30680	127
22	30681	128
22	30682	130
22	30683	131
22	30684	125
22	30685	124
22	30686	127
22	30687	126
22	30688	125
22	30689	125
22	30690	127
22	30691	127
22	30692	127
22	30693	123
22	30694	124
22	30695	116
22	30696	114
22	30697	114
22	30698	114
22	30699	115
22	30700	115
22	30701	115
22	30702	116
22	30703	116
22	30704	116
22	30705	115
22	30706	115
22	30707	117
22	30708	121
22	30709	121
22	30710	118
22	30711	118
22	30712	120
22	30713	121
22	30714	117
22	30715	116
22	30716	115
22	30717	110
22	30718	110
22	30719	108
22	30720	108
22	30721	108
22	30722	107
22	30723	107
22	30724	101
22	30725	105
22	30726	105
22	30727	105
22	30728	106
22	30729	104
22	30730	103
22	30731	103
22	30732	103
22	30733	103
22	30734	103
22	30735	102
22	30736	103
22	30737	105
22	30738	105
22	30739	105
22	30740	104
22	30741	104
22	30742	104
22	30743	104
22	30744	104
22	30745	107
22	30746	107
22	30747	107
22	30748	107
22	30749	107
22	30750	106
22	30751	106
22	30752	112
22	30753	119
22	30754	119
22	30755	119
22	30756	119
22	30757	122
22	30758	119
22	30759	115
22	30760	116
22	30761	111
22	30762	111
22	30763	111
22	30764	109
22	30765	104
22	30766	102
22	30767	106
22	30768	111
22	30769	110
22	30770	110
22	30771	110
22	30772	109
22	30773	113
22	30774	112
22	30775	113
22	30776	111
22	30777	111
22	30778	111
22	30779	112
22	30780	112
22	30781	112
22	30782	113
22	30783	114
22	30784	113
22	30785	112
22	30786	112
22	30787	113
22	30788	113
22	30789	112
22	30790	110
22	30791	109
22	30792	111
22	30793	111
22	30794	112
22	30795	112
22	30796	114
22	30797	111
22	30798	109
22	30799	109
22	30800	111
22	30801	110
22	30802	110
22	30803	117
22	30804	117
22	30805	116
22	30806	119
22	30807	117
22	30808	116
22	30809	117
22	30810	117
22	30811	124
22	30812	124
22	30813	127
22	30814	125
22	30815	124
22	30816	124
22	30817	127
22	30818	127
22	30819	128
22	30820	124
22	30821	123
22	30822	125
22	30823	125
22	30824	127
22	30825	124
22	30826	118
22	30827	118
22	30828	118
22	30829	117
22	30830	118
22	30831	115
22	30832	115
22	30833	111
22	30834	111
22	30835	111
22	30836	111
22	30837	112
22	30838	112
22	30839	110
22	30840	110
22	30841	108
22	30842	108
22	30843	108
22	30844	108
22	30845	109
22	30846	110
22	30847	110
22	30848	110
22	30849	109
22	30850	110
22	30851	110
22	30852	109
22	30853	109
22	30854	109
22	30855	108
22	30856	108
22	30857	107
22	30858	103
22	30859	103
22	30860	103
22	30861	101
22	30862	101
22	30863	105
22	30864	105
22	30865	105
22	30866	105
22	30867	107
22	30868	109
22	30869	109
22	30870	109
22	30871	109
22	30872	109
22	30873	109
22	30874	105
22	30875	105
22	30876	105
22	30877	106
22	30878	105
22	30879	105
22	30880	106
22	30881	106
22	30882	106
22	30883	113
22	30884	118
22	30885	117
22	30886	116
22	30887	117
22	30888	123
22	30889	123
22	30890	123
22	30891	125
22	30892	122
22	30893	123
22	30894	123
22	30895	123
22	30896	123
22	30897	123
22	30898	123
22	30899	124
22	30900	120
22	30901	121
22	30902	116
22	30903	115
22	30904	115
22	30905	115
22	30906	114
22	30907	112
22	30908	114
22	30909	117
22	30910	114
22	30911	114
22	30912	116
22	30913	122
22	30914	124
22	30915	124
22	30916	120
22	30917	117
22	30918	114
22	30919	114
22	30920	114
22	30921	115
22	30922	111
22	30923	110
22	30924	117
22	30925	116
22	30926	119
22	30927	119
22	30928	123
22	30929	122
22	30930	123
22	30931	127
22	30932	126
22	30933	126
22	30934	126
22	30935	125
22	30936	127
22	30937	126
22	30938	126
22	30939	127
22	30940	127
22	30941	128
22	30942	128
22	30943	128
22	30944	127
22	30945	125
22	30946	125
22	30947	127
22	30948	129
22	30949	127
22	30950	120
22	30951	120
22	30952	120
22	30953	120
22	30954	120
22	30955	120
22	30956	119
22	30957	120
22	30958	120
22	30959	119
22	30960	111
22	30961	111
22	30962	111
22	30963	108
22	30964	108
22	30965	106
22	30966	110
22	30967	110
22	30968	110
22	30969	111
22	30970	111
22	30971	111
22	30972	111
22	30973	111
22	30974	107
22	30975	107
22	30976	108
22	30977	108
22	30978	112
22	30979	111
22	30980	112
22	30981	112
22	30982	113
22	30983	113
22	30984	113
22	30985	113
22	30986	113
22	30987	112
22	30988	112
22	30989	112
22	30990	112
22	30991	112
22	30992	112
22	30993	115
22	30994	119
22	30995	119
22	30996	118
22	30997	117
22	30998	118
22	30999	118
22	31000	118
22	31001	118
22	31002	118
22	31003	119
22	31004	121
22	31005	123
22	31006	123
22	31007	122
22	31008	122
22	31009	122
22	31010	122
22	31011	122
22	31012	120
22	31013	118
22	31014	118
22	31015	118
22	31016	116
22	31017	115
22	31018	115
22	31019	115
22	31020	116
22	31021	117
22	31022	118
22	31023	120
22	31024	120
22	31025	120
22	31026	120
22	31027	119
22	31028	120
22	31029	120
22	31030	119
22	31031	118
22	31032	119
22	31033	112
22	31034	109
22	31035	108
22	31036	107
22	31037	99
22	31038	99
22	31039	99
22	31040	99
22	31041	96
22	31042	96
22	31043	94
22	31044	94
22	31045	94
22	31046	94
22	31047	94
22	31048	98
22	31049	97
22	31050	94
22	31051	93
22	31052	93
22	31053	95
22	31054	97
22	31055	97
22	31056	97
22	31057	98
22	31058	96
22	31059	95
22	31060	95
22	31061	96
22	31062	90
22	31063	90
22	31064	89
22	31065	89
22	31066	90
22	31067	89
22	31068	89
22	31069	90
22	31070	89
22	31071	89
22	31072	89
22	31073	83
22	31074	82
22	31075	79
22	31076	79
22	31077	79
22	31078	75
22	31079	75
22	31080	70
22	31081	70
22	31082	72
22	31083	71
22	31084	71
22	31085	71
22	31086	69
22	31087	69
22	31088	71
22	31089	70
22	31090	65
22	31091	64
22	31092	64
22	31093	64
22	31094	64
22	31095	64
22	31096	65
22	31097	63
22	31098	63
22	31099	63
22	31100	64
22	31101	64
22	31102	65
22	31103	66
22	31104	67
22	31105	68
22	31106	68
22	31107	67
22	31108	69
22	31109	71
22	31110	72
22	31111	72
22	31112	72
22	31113	72
22	31114	71
22	31115	72
22	31116	68
22	31117	69
22	31118	66
22	31119	68
22	31120	68
22	31121	68
22	31122	67
22	31123	67
22	31124	69
22	31125	69
22	31126	68
22	31127	68
22	31128	64
22	31129	67
22	31130	66
22	31131	68
22	31132	67
22	31133	67
22	31134	69
22	31135	79
22	31136	79
22	31137	79
22	31138	79
22	31139	80
22	31140	80
22	31141	80
22	31142	77
22	31143	77
22	31144	72
22	31145	73
22	31146	74
22	31147	74
22	31148	73
22	31149	73
22	31150	73
22	31151	73
22	31152	74
22	31153	74
22	31154	73
22	31155	71
22	31156	71
22	31157	72
22	31158	73
22	31159	73
22	31160	73
22	31161	73
22	31162	72
22	31163	72
22	31164	72
22	31165	74
22	31166	75
22	31167	74
22	31168	76
22	31169	78
22	31170	77
22	31171	76
22	31172	77
22	31173	81
22	31174	81
22	31175	81
22	31176	85
22	31177	82
22	31178	82
22	31179	82
22	31180	82
22	31181	82
22	31182	82
22	31183	81
22	31184	81
22	31185	81
22	31186	81
22	31187	81
22	31188	80
22	31189	80
22	31190	84
22	31191	85
22	31192	85
22	31193	86
22	31194	89
22	31195	89
22	31196	89
22	31197	89
22	31198	86
22	31199	88
22	31200	88
22	31201	84
22	31202	84
22	31203	84
22	31204	84
22	31205	84
22	31206	84
22	31207	80
22	31208	80
22	31209	79
22	31210	79
22	31211	78
22	31212	78
22	31213	77
22	31214	77
22	31215	77
22	31216	76
22	31217	77
22	31218	77
22	31219	77
22	31220	78
22	31221	78
22	31222	78
22	31223	78
22	31224	78
22	31225	78
22	31226	78
22	31227	78
22	31228	78
22	31229	80
22	31230	80
22	31231	80
22	31232	78
22	31233	78
22	31234	79
22	31235	79
22	31236	81
22	31237	80
22	31238	79
22	31239	82
22	31240	82
22	31241	82
22	31242	82
22	31243	82
22	31244	85
22	31245	84
22	31246	94
22	31247	94
22	31248	95
22	31249	97
22	31250	97
22	31251	97
22	31252	96
22	31253	95
22	31254	95
22	31255	93
22	31256	93
22	31257	94
22	31258	94
22	31259	92
22	31260	91
22	31261	94
22	31262	94
22	31263	98
22	31264	97
22	31265	97
22	31266	96
22	31267	95
22	31268	95
22	31269	93
22	31270	94
22	31271	95
22	31272	95
22	31273	95
22	31274	94
22	31275	95
22	31276	95
22	31277	95
22	31278	92
22	31279	92
22	31280	90
22	31281	90
22	31282	90
22	31283	91
22	31284	88
22	31285	88
22	31286	88
22	31287	88
22	31288	88
22	31289	87
22	31290	87
22	31291	90
22	31292	90
22	31293	90
22	31294	89
22	31295	89
22	31296	88
22	31297	88
22	31298	88
22	31299	88
22	31300	88
22	31301	88
22	31302	87
22	31303	86
22	31304	87
22	31305	87
22	31306	88
22	31307	88
22	31308	88
22	31309	88
22	31310	88
22	31311	98
22	31312	103
22	31313	104
22	31314	102
22	31315	102
22	31316	104
22	31317	105
22	31318	103
22	31319	103
22	31320	103
22	31321	107
22	31322	108
22	31323	107
22	31324	108
22	31325	108
22	31326	106
22	31327	106
22	31328	106
22	31329	106
22	31330	109
22	31331	108
22	31332	112
22	31333	111
22	31334	112
22	31335	112
22	31336	112
22	31337	113
22	31338	113
22	31339	109
22	31340	112
22	31341	111
22	31342	113
22	31343	110
22	31344	109
22	31345	109
22	31346	108
22	31347	108
22	31348	108
22	31349	107
22	31350	107
22	31351	107
22	31352	107
22	31353	114
22	31354	114
22	31355	115
22	31356	115
22	31357	115
22	31358	115
22	31359	114
22	31360	115
22	31361	115
22	31362	115
22	31363	117
22	31364	116
22	31365	116
22	31366	116
22	31367	116
22	31368	115
22	31369	114
22	31370	116
22	31371	116
22	31372	116
22	31373	116
22	31374	116
22	31375	116
22	31376	116
22	31377	116
22	31378	116
22	31379	114
22	31380	114
22	31381	115
22	31382	115
22	31383	115
22	31384	114
22	31385	115
22	31386	113
22	31387	113
22	31388	114
22	31389	112
22	31390	113
22	31391	113
22	31392	114
22	31393	114
22	31394	111
22	31395	103
22	31396	103
22	31397	101
22	31398	100
22	31399	103
22	31400	103
22	31401	103
22	31402	110
22	31403	110
22	31404	110
22	31405	112
22	31406	112
22	31407	112
22	31408	111
22	31409	111
22	31410	109
22	31411	110
22	31412	110
22	31413	106
22	31414	106
22	31415	106
22	31416	107
22	31417	107
22	31418	109
22	31419	106
22	31420	106
22	31421	108
22	31422	108
22	31423	112
22	31424	112
22	31425	112
22	31426	112
22	31427	112
22	31428	112
22	31429	113
22	31430	112
22	31431	111
22	31432	109
22	31433	109
22	31434	109
22	31435	109
22	31436	109
22	31437	109
22	31438	109
22	31439	110
22	31440	110
22	31441	107
22	31442	108
22	31443	108
22	31444	108
22	31445	116
22	31446	116
22	31447	116
22	31448	117
22	31449	117
22	31450	117
22	31451	118
22	31452	122
22	31453	123
22	31454	122
22	31455	123
22	31456	123
22	31457	124
22	31458	123
22	31459	123
22	31460	122
22	31461	113
22	31462	113
22	31463	116
22	31464	117
22	31465	115
22	31466	112
22	31467	112
22	31468	114
22	31469	114
22	31470	112
22	31471	106
22	31472	106
22	31473	105
22	31474	106
22	31475	106
22	31476	108
22	31477	109
22	31478	111
22	31479	110
22	31480	108
22	31481	107
22	31482	108
22	31483	110
22	31484	109
22	31485	109
22	31486	107
22	31487	107
22	31488	107
22	31489	107
22	31490	104
22	31491	102
22	31492	102
22	31493	102
22	31494	105
22	31495	107
22	31496	107
22	31497	107
22	31498	106
22	31499	112
22	31500	112
22	31501	112
22	31502	110
22	31503	107
22	31504	109
22	31505	108
22	31506	108
22	31507	108
22	31508	108
22	31509	108
22	31510	107
22	31511	107
22	31512	107
22	31513	106
22	31514	106
22	31515	107
22	31516	107
22	31517	107
22	31518	107
22	31519	105
22	31520	105
22	31521	105
22	31522	105
22	31523	105
22	31524	105
22	31525	105
22	31526	105
22	31527	105
22	31528	105
22	31529	105
22	31530	104
22	31531	104
22	31532	104
22	31533	104
22	31534	105
22	31535	104
22	31536	104
22	31537	103
22	31538	103
22	31539	101
22	31540	101
22	31541	100
22	31542	100
22	31543	106
22	31544	106
22	31545	106
22	31546	106
22	31547	105
22	31548	105
22	31549	102
22	31550	102
22	31551	101
22	31552	94
22	31553	94
22	31554	94
22	31555	89
22	31556	89
22	31557	90
22	31558	90
22	31559	92
22	31560	92
22	31561	90
22	31562	90
22	31563	90
22	31564	92
22	31565	94
22	31566	94
22	31567	98
22	31568	96
22	31569	98
22	31570	99
22	31571	97
22	31572	95
22	31573	92
22	31574	92
22	31575	92
22	31576	94
22	31577	93
22	31578	94
22	31579	94
22	31580	94
22	31581	95
22	31582	95
22	31583	96
22	31584	95
22	31585	98
22	31586	98
22	31587	99
22	31588	98
22	31589	98
22	31590	98
22	31591	98
22	31592	97
22	31593	98
22	31594	95
22	31595	91
22	31596	91
22	31597	90
22	31598	90
22	31599	90
22	31600	88
22	31601	85
22	31602	87
22	31603	92
22	31604	97
22	31605	96
22	31606	95
22	31607	95
22	31608	95
22	31609	96
22	31610	97
22	31611	97
22	31612	88
22	31613	88
22	31614	87
22	31615	87
22	31616	88
22	31617	88
22	31618	86
22	31619	89
22	31620	88
22	31621	86
22	31622	86
22	31623	86
22	31624	90
22	31625	89
22	31626	87
22	31627	85
22	31628	84
22	31629	84
22	31630	82
22	31631	81
22	31632	81
22	31633	80
22	31634	80
22	31635	80
22	31636	80
22	31637	82
22	31638	84
22	31639	85
22	31640	85
22	31641	85
22	31642	85
22	31643	85
22	31644	82
22	31645	82
22	31646	82
22	31647	82
22	31648	82
22	31649	84
22	31650	85
22	31651	85
22	31652	85
22	31653	85
22	31654	83
22	31655	83
22	31656	84
22	31657	84
22	31658	84
22	31659	86
22	31660	86
22	31661	86
22	31662	86
22	31663	85
22	31664	84
22	31665	85
22	31666	85
22	31667	85
22	31668	88
22	31669	88
22	31670	90
22	31671	90
22	31672	90
22	31673	90
22	31674	90
22	31675	90
22	31676	90
22	31677	90
22	31678	93
22	31679	94
22	31680	94
22	31681	94
22	31682	94
22	31683	94
22	31684	94
22	31685	94
22	31686	94
22	31687	94
22	31688	94
22	31689	94
22	31690	94
22	31691	94
22	31692	95
22	31693	89
22	31694	91
22	31695	91
22	31696	91
22	31697	91
22	31698	92
22	31699	95
22	31700	95
22	31701	95
22	31702	95
22	31703	95
22	31704	95
22	31705	96
22	31706	95
22	31707	95
22	31708	99
22	31709	98
22	31710	99
22	31711	99
22	31712	99
22	31713	99
22	31714	99
22	31715	98
22	31716	97
22	31717	93
22	31718	93
22	31719	91
22	31720	90
22	31721	90
22	31722	90
22	31723	90
22	31724	90
22	31725	91
22	31726	91
22	31727	91
22	31728	90
22	31729	89
22	31730	89
22	31731	88
22	31732	89
22	31733	90
22	31734	90
22	31735	87
22	31736	87
22	31737	87
22	31738	87
22	31739	88
22	31740	89
22	31741	90
22	31742	89
22	31743	88
22	31744	91
22	31745	91
22	31746	91
22	31747	91
22	31748	92
22	31749	92
22	31750	92
22	31751	92
22	31752	83
22	31753	78
22	31754	79
22	31755	79
22	31756	77
22	31757	81
22	31758	84
22	31759	84
22	31760	86
22	31761	86
22	31762	86
22	31763	86
22	31764	86
22	31765	86
22	31766	85
22	31767	85
22	31768	82
22	31769	83
22	31770	85
22	31771	85
22	31772	87
22	31773	82
22	31774	82
22	31775	82
22	31776	82
22	31777	82
22	31778	82
22	31779	82
22	31780	85
22	31781	85
22	31782	85
22	31783	85
22	31784	86
22	31785	86
22	31786	87
22	31787	85
22	31788	83
22	31789	87
22	31790	89
22	31791	89
22	31792	89
22	31793	89
22	31794	89
22	31795	87
22	31796	87
22	31797	88
22	31798	85
22	31799	82
22	31800	82
22	31801	82
22	31802	82
22	31803	81
22	31804	82
22	31805	83
22	31806	85
22	31807	86
22	31808	86
22	31809	96
22	31810	101
22	31811	102
22	31812	102
22	31813	102
22	31814	102
22	31815	101
22	31816	102
22	31817	103
22	31818	100
22	31819	101
22	31820	99
22	31821	99
22	31822	99
22	31823	99
22	31824	101
22	31825	101
22	31826	101
22	31827	101
22	31828	98
22	31829	99
22	31830	99
22	31831	99
22	31832	99
22	31833	98
22	31834	98
22	31835	99
22	31836	99
22	31837	99
22	31838	99
22	31839	99
22	31840	99
22	31841	99
22	31842	98
22	31843	99
22	31844	97
22	31845	97
22	31846	97
22	31847	98
22	31848	98
22	31849	95
22	31850	96
22	31851	97
22	31852	97
22	31853	97
22	31854	96
22	31855	96
22	31856	96
22	31857	96
22	31858	96
22	31859	95
22	31860	94
22	31861	96
22	31862	97
22	31863	95
22	31864	99
22	31865	98
22	31866	98
22	31867	98
22	31868	98
22	31869	98
22	31870	96
22	31871	96
22	31872	97
22	31873	97
22	31874	96
22	31875	95
22	31876	95
22	31877	97
22	31878	97
22	31879	97
22	31880	99
22	31881	94
22	31882	94
22	31883	96
22	31884	97
22	31885	99
22	31886	99
22	31887	99
22	31888	98
22	31889	97
22	31890	97
22	31891	99
22	31892	99
22	31893	99
22	31894	96
22	31895	96
22	31896	96
22	31897	96
22	31898	95
22	31899	101
22	31900	102
22	31901	103
22	31902	103
22	31903	103
22	31904	102
22	31905	102
22	31906	103
22	31907	102
22	31908	98
22	31909	98
22	31910	96
22	31911	96
22	31912	96
22	31913	96
22	31914	96
22	31915	96
22	31916	97
22	31917	98
22	31918	98
22	31919	98
22	31920	96
22	31921	96
22	31922	96
22	31923	96
22	31924	96
22	31925	96
22	31926	102
22	31927	102
22	31928	107
22	31929	107
22	31930	103
22	31931	103
22	31932	106
22	31933	105
22	31934	105
22	31935	104
22	31936	96
22	31937	96
22	31938	97
22	31939	97
22	31940	97
22	31941	97
22	31942	99
22	31943	99
22	31944	99
22	31945	100
22	31946	100
22	31947	98
22	31948	97
22	31949	102
22	31950	102
22	31951	104
22	31952	105
22	31953	106
22	31954	115
22	31955	111
22	31956	111
22	31957	110
22	31958	105
22	31959	98
22	31960	100
22	31961	100
22	31962	100
22	31963	100
22	31964	100
22	31965	99
22	31966	99
22	31967	100
22	31968	101
22	31969	102
22	31970	102
22	31971	104
22	31972	102
22	31973	102
22	31974	102
22	31975	102
22	31976	102
22	31977	103
22	31978	102
22	31979	101
22	31980	101
22	31981	102
22	31982	102
22	31983	103
22	31984	103
22	31985	102
22	31986	102
22	31987	102
22	31988	103
22	31989	103
22	31990	104
22	31991	104
22	31992	104
22	31993	104
22	31994	105
22	31995	105
22	31996	106
22	31997	104
22	31998	104
22	31999	105
22	32000	107
22	32001	108
22	32002	108
22	32003	111
22	32004	111
22	32005	111
22	32006	111
22	32007	111
22	32008	109
22	32009	109
22	32010	107
22	32011	107
22	32012	102
22	32013	102
22	32014	102
22	32015	102
22	32016	102
22	32017	105
22	32018	105
22	32019	105
22	32020	105
22	32021	105
22	32022	104
22	32023	104
22	32024	104
22	32025	104
22	32026	102
22	32027	102
22	32028	102
22	32029	101
22	32030	100
22	32031	98
22	32032	102
22	32033	102
22	32034	101
22	32035	97
22	32036	97
22	32037	99
22	32038	99
22	32039	98
22	32040	96
22	32041	95
22	32042	95
22	32043	95
22	32044	95
22	32045	106
22	32046	108
22	32047	113
22	32048	117
22	32049	119
22	32050	120
22	32051	119
22	32052	119
22	32053	120
22	32054	120
22	32055	120
22	32056	122
22	32057	120
22	32058	120
22	32059	119
22	32060	120
22	32061	121
22	32062	123
22	32063	123
22	32064	123
22	32065	123
22	32066	122
22	32067	124
22	32068	126
22	32069	126
22	32070	126
22	32071	126
22	32072	126
22	32073	126
22	32074	126
22	32075	121
22	32076	121
22	32077	117
22	32078	117
22	32079	117
22	32080	117
22	32081	116
22	32082	116
22	32083	117
22	32084	119
22	32085	119
22	32086	121
22	32087	121
22	32088	120
22	32089	120
22	32090	122
22	32091	122
22	32092	122
22	32093	125
22	32094	126
22	32095	138
22	32096	138
22	32097	138
22	32098	138
22	32099	132
22	32100	135
22	32101	133
22	32102	132
22	32103	131
22	32104	120
22	32105	120
22	32106	121
22	32107	127
22	32108	134
22	32109	131
22	32110	130
22	32111	128
22	32112	128
22	32113	128
22	32114	128
22	32115	127
22	32116	124
22	32117	125
22	32118	127
22	32119	127
22	32120	125
22	32121	126
22	32122	126
22	32123	130
22	32124	130
22	32125	130
22	32126	130
22	32127	129
22	32128	130
22	32129	132
22	32130	132
22	32131	137
22	32132	137
22	32133	136
22	32134	136
22	32135	136
22	32136	140
22	32137	139
22	32138	139
22	32139	138
22	32140	137
22	32141	142
22	32142	142
22	32143	142
22	32144	148
22	32145	147
22	32146	147
22	32147	147
22	32148	148
22	32149	146
22	32150	143
22	32151	143
22	32152	139
22	32153	139
22	32154	139
22	32155	139
22	32156	139
22	32157	139
22	32158	139
22	32159	139
22	32160	139
22	32161	139
22	32162	140
22	32163	140
22	32164	140
22	32165	140
22	32166	140
22	32167	137
22	32168	137
22	32169	137
22	32170	137
22	32171	136
22	32172	137
22	32173	137
22	32174	139
22	32175	139
22	32176	139
22	32177	139
22	32178	139
22	32179	139
22	32180	139
22	32181	135
22	32182	136
22	32183	135
22	32184	137
22	32185	136
22	32186	136
22	32187	150
22	32188	167
22	32189	168
22	32190	175
22	32191	186
22	32192	187
22	32193	187
22	32194	187
22	32195	176
22	32196	198
22	32197	194
22	32198	186
22	32199	183
22	32200	183
22	32201	183
22	32202	183
22	32203	183
22	32204	183
22	32205	180
22	32206	181
22	32207	184
22	32208	185
22	32209	185
22	32210	185
22	32211	184
22	32212	184
22	32213	184
22	32214	185
22	32215	189
22	32216	186
22	32217	187
22	32218	185
22	32219	186
22	32220	186
22	32221	186
22	32222	186
22	32223	187
22	32224	187
22	32225	186
22	32226	185
22	32227	184
22	32228	185
22	32229	185
22	32230	185
22	32231	187
22	32232	188
22	32233	192
22	32234	192
22	32235	193
22	32236	191
22	32237	191
22	32238	191
22	32239	191
22	32240	195
22	32241	195
22	32242	181
22	32243	182
22	32244	181
22	32245	183
22	32246	183
22	32247	183
22	32248	183
22	32249	187
22	32250	184
22	32251	184
22	32252	185
22	32253	186
22	32254	186
22	32255	187
22	32256	186
22	32257	181
22	32258	173
22	32259	174
22	32260	175
22	32261	175
22	32262	176
22	32263	176
22	32264	176
22	32265	177
22	32266	178
22	32267	179
22	32268	179
22	32269	179
22	32270	179
22	32271	179
22	32272	181
22	32273	177
22	32274	177
22	32275	177
22	32276	175
22	32277	175
22	32278	175
22	32279	175
22	32280	171
22	32281	176
22	32282	176
22	32283	175
22	32284	176
22	32285	177
22	32286	176
22	32287	176
22	32288	178
22	32289	185
22	32290	180
22	32291	180
22	32292	180
22	32293	173
22	32294	173
22	32295	174
22	32296	175
22	32297	174
22	32298	173
22	32299	174
22	32300	174
22	32301	177
22	32302	181
22	32303	181
22	32304	181
22	32305	181
22	32306	181
22	32307	182
22	32308	182
22	32309	185
22	32310	185
22	32311	185
22	32312	184
22	32313	184
22	32314	192
22	32315	192
22	32316	218
22	32317	218
22	32318	222
22	32319	223
22	32320	224
22	32321	224
22	32322	223
22	32323	221
22	32324	223
22	32325	225
22	32326	226
22	32327	226
22	32328	226
22	32329	235
22	32330	236
22	32331	236
22	32332	236
22	32333	235
22	32334	237
22	32335	238
22	32336	238
22	32337	219
22	32338	207
22	32339	206
22	32340	188
22	32341	188
22	32342	190
22	32343	191
22	32344	194
22	32345	172
22	32346	171
22	32347	171
22	32348	170
22	32349	170
22	32350	172
22	32351	171
22	32352	171
22	32353	171
22	32354	172
22	32355	172
22	32356	171
22	32357	167
22	32358	166
22	32359	166
22	32360	166
22	32361	166
22	32362	164
22	32363	164
22	32364	163
22	32365	160
22	32366	160
22	32367	163
22	32368	166
22	32369	166
22	32370	166
22	32371	169
22	32372	168
22	32373	168
22	32374	170
22	32375	170
22	32376	174
22	32377	174
22	32378	174
22	32379	174
22	32380	178
22	32381	176
22	32382	175
22	32383	173
22	32384	173
22	32385	172
22	32386	177
22	32387	177
22	32388	176
22	32389	176
22	32390	170
22	32391	173
22	32392	172
22	32393	171
22	32394	171
22	32395	167
22	32396	167
22	32397	167
22	32398	176
22	32399	178
22	32400	178
22	32401	178
22	32402	179
22	32403	177
22	32404	177
22	32405	174
22	32406	174
22	32407	174
22	32408	173
22	32409	172
22	32410	172
22	32411	172
22	32412	172
22	32413	172
22	32414	172
22	32415	171
22	32416	170
22	32417	168
22	32418	166
22	32419	166
22	32420	165
22	32421	163
22	32422	163
22	32423	163
22	32424	165
22	32425	165
22	32426	165
22	32427	165
22	32428	165
22	32429	165
22	32430	165
22	32431	159
22	32432	157
22	32433	157
22	32434	155
22	32435	152
22	32436	152
22	32437	152
22	32438	152
22	32439	143
22	32440	145
22	32441	145
22	32442	146
22	32443	146
22	32444	146
22	32445	145
22	32446	144
22	32447	144
22	32448	144
22	32449	143
22	32450	142
22	32451	138
22	32452	140
22	32453	141
22	32454	141
22	32455	147
22	32456	147
22	32457	167
22	32458	167
22	32459	166
22	32460	167
22	32461	167
22	32462	167
22	32463	165
22	32464	160
22	32465	160
22	32466	135
22	32467	139
22	32468	142
22	32469	141
22	32470	141
22	32471	142
22	32472	142
22	32473	142
22	32474	140
22	32475	138
22	32476	141
22	32477	141
22	32478	139
22	32479	132
22	32480	131
22	32481	132
22	32482	132
22	32483	132
22	32484	140
22	32485	139
22	32486	141
22	32487	142
22	32488	142
22	32489	142
22	32490	141
22	32491	143
22	32492	141
22	32493	142
22	32494	137
22	32495	144
22	32496	145
22	32497	145
22	32498	150
22	32499	150
22	32500	148
22	32501	148
22	32502	148
22	32503	149
22	32504	147
22	32505	147
22	32506	148
22	32507	148
22	32508	150
22	32509	150
22	32510	150
22	32511	150
22	32512	152
22	32513	152
22	32514	152
22	32515	151
22	32516	151
22	32517	147
22	32518	144
22	32519	142
22	32520	146
22	32521	144
22	32522	144
22	32523	144
22	32524	142
22	32525	142
22	32526	138
22	32527	138
22	32528	140
22	32529	136
22	32530	136
22	32531	135
22	32532	135
22	32533	132
22	32534	132
22	32535	132
22	32536	128
22	32537	128
22	32538	136
22	32539	138
22	32540	138
22	32541	137
22	32542	138
22	32543	141
22	32544	141
22	32545	142
22	32546	148
22	32547	137
22	32548	132
22	32549	132
22	32550	132
22	32551	134
22	32552	132
22	32553	132
22	32554	141
22	32555	141
22	32556	141
22	32557	143
22	32558	143
22	32559	142
22	32560	141
22	32561	142
22	32562	142
22	32563	142
22	32564	142
22	32565	142
22	32566	145
22	32567	146
22	32568	146
22	32569	146
22	32570	154
22	32571	154
22	32572	154
22	32573	156
22	32574	155
22	32575	156
22	32576	156
22	32577	156
22	32578	155
22	32579	161
22	32580	165
22	32581	165
22	32582	165
22	32583	169
22	32584	169
22	32585	169
22	32586	169
22	32587	169
22	32588	169
22	32589	170
22	32590	170
22	32591	170
22	32592	169
22	32593	169
22	32594	170
22	32595	170
22	32596	169
22	32597	172
22	32598	170
22	32599	170
22	32600	169
22	32601	170
22	32602	170
22	32603	169
22	32604	169
22	32605	169
22	32606	170
22	32607	152
22	32608	152
22	32609	155
22	32610	155
22	32611	155
22	32612	156
22	32613	161
22	32614	159
22	32615	159
22	32616	159
22	32617	154
22	32618	149
22	32619	149
22	32620	150
22	32621	150
22	32622	150
22	32623	150
22	32624	151
22	32625	148
22	32626	150
22	32627	150
22	32628	150
22	32629	151
22	32630	151
22	32631	152
22	32632	152
22	32633	153
22	32634	146
22	32635	143
22	32636	143
22	32637	142
22	32638	142
22	32639	143
22	32640	144
22	32641	143
22	32642	143
22	32643	140
22	32644	140
22	32645	132
22	32646	132
22	32647	132
22	32648	128
22	32649	131
22	32650	131
22	32651	131
22	32652	131
22	32653	132
22	32654	133
22	32655	133
22	32656	132
22	32657	132
22	32658	130
22	32659	130
22	32660	130
22	32661	130
22	32662	128
22	32663	128
22	32664	128
22	32665	128
22	32666	128
22	32667	129
22	32668	129
22	32669	135
22	32670	130
22	32671	130
22	32672	135
22	32673	135
22	32674	139
22	32675	140
22	32676	140
22	32677	139
22	32678	138
22	32679	138
22	32680	138
22	32681	138
22	32682	134
22	32683	134
22	32684	134
22	32685	134
22	32686	126
22	32687	128
22	32688	131
22	32689	132
22	32690	131
22	32691	129
22	32692	130
22	32693	136
22	32694	133
22	32695	131
22	32696	130
22	32697	130
22	32698	130
22	32699	140
22	32700	138
22	32701	138
22	32702	128
22	32703	128
22	32704	127
22	32705	127
22	32706	127
22	32707	126
22	32708	126
22	32709	126
22	32710	129
22	32711	130
22	32712	130
22	32713	130
22	32714	130
22	32715	127
22	32716	127
22	32717	127
22	32718	127
22	32719	130
22	32720	122
22	32721	122
22	32722	122
22	32723	120
22	32724	119
22	32725	122
22	32726	122
22	32727	123
22	32728	118
22	32729	117
22	32730	113
22	32731	113
22	32732	111
22	32733	111
22	32734	111
22	32735	111
22	32736	111
22	32737	111
22	32738	110
22	32739	110
22	32740	110
22	32741	110
22	32742	110
22	32743	112
22	32744	111
22	32745	116
22	32746	116
22	32747	114
22	32748	114
22	32749	114
22	32750	112
22	32751	112
22	32752	112
22	32753	112
22	32754	109
22	32755	108
22	32756	110
22	32757	104
22	32758	104
22	32759	106
22	32760	105
22	32761	105
22	32762	104
22	32763	99
22	32764	98
22	32765	97
22	32766	97
22	32767	98
22	32768	96
22	32769	96
22	32770	97
22	32771	96
22	32772	97
22	32773	97
22	32774	102
22	32775	103
22	32776	101
22	32777	101
22	32778	100
22	32779	112
22	32780	116
22	32781	113
22	32782	114
22	32783	113
22	32784	112
22	32785	112
22	32786	116
22	32787	116
22	32788	116
22	32789	114
22	32790	114
22	32791	113
22	32792	113
22	32793	113
22	32794	116
22	32795	118
22	32796	115
22	32797	115
22	32798	114
22	32799	115
22	32800	115
22	32801	115
22	32802	115
22	32803	113
22	32804	112
22	32805	112
22	32806	113
22	32807	112
22	32808	115
22	32809	118
22	32810	119
22	32811	119
22	32812	119
22	32813	121
22	32814	122
22	32815	123
22	32816	123
22	32817	122
22	32818	118
22	32819	120
22	32820	120
22	32821	120
22	32822	114
22	32823	110
22	32824	110
22	32825	110
22	32826	110
22	32827	110
22	32828	112
22	32829	113
22	32830	113
22	32831	113
22	32832	115
22	32833	115
22	32834	118
22	32835	117
22	32836	117
22	32837	115
22	32838	111
22	32839	111
22	32840	125
22	32841	116
22	32842	117
22	32843	117
22	32844	117
22	32845	117
22	32846	117
22	32847	116
22	32848	116
22	32849	106
22	32850	106
22	32851	106
22	32852	106
22	32853	107
22	32854	107
22	32855	107
22	32856	108
22	32857	109
22	32858	111
22	32859	108
22	32860	108
22	32861	106
22	32862	106
22	32863	117
22	32864	120
22	32865	120
22	32866	119
22	32867	119
22	32868	120
22	32869	118
22	32870	118
22	32871	119
22	32872	114
22	32873	114
22	32874	114
22	32875	114
22	32876	114
22	32877	115
22	32878	115
22	32879	115
22	32880	115
22	32881	118
22	32882	119
22	32883	120
22	32884	120
22	32885	120
22	32886	120
22	32887	121
22	32888	121
22	32889	121
22	32890	122
22	32891	120
22	32892	120
22	32893	120
22	32894	120
22	32895	117
22	32896	116
22	32897	117
22	32898	117
22	32899	117
22	32900	117
22	32901	117
22	32902	117
22	32903	114
22	32904	114
22	32905	114
22	32906	112
22	32907	112
22	32908	112
22	32909	111
22	32910	111
22	32911	111
22	32912	111
22	32913	111
22	32914	111
22	32915	113
22	32916	112
22	32917	112
22	32918	111
22	32919	111
22	32920	118
22	32921	123
22	32922	123
22	32923	123
22	32924	118
22	32925	117
22	32926	117
22	32927	118
22	32928	125
22	32929	113
22	32930	110
22	32931	112
22	32932	112
22	32933	116
22	32934	116
22	32935	116
22	32936	112
22	32937	112
22	32938	112
22	32939	116
22	32940	117
22	32941	121
22	32942	121
22	32943	122
22	32944	121
22	32945	119
22	32946	119
22	32947	120
22	32948	120
22	32949	120
22	32950	119
22	32951	119
22	32952	119
22	32953	119
22	32954	118
22	32955	119
22	32956	119
22	32957	119
22	32958	114
22	32959	113
22	32960	113
22	32961	113
22	32962	112
22	32963	111
22	32964	110
22	32965	110
22	32966	111
22	32967	110
22	32968	110
22	32969	108
22	32970	109
22	32971	111
22	32972	113
22	32973	113
22	32974	113
22	32975	118
22	32976	119
22	32977	118
22	32978	118
22	32979	119
22	32980	120
22	32981	122
22	32982	128
22	32983	128
22	32984	125
22	32985	125
22	32986	125
22	32987	125
22	32988	125
22	32989	125
22	32990	111
22	32991	110
22	32992	113
22	32993	114
22	32994	114
22	32995	114
22	32996	113
22	32997	113
22	32998	114
22	32999	114
22	33000	115
22	33001	118
22	33002	117
22	33003	119
22	33004	119
22	33005	117
22	33006	117
22	33007	124
22	33008	123
22	33009	123
22	33010	124
22	33011	129
22	33012	118
22	33013	115
22	33014	116
22	33015	117
22	33016	117
22	33017	120
22	33018	119
22	33019	118
22	33020	118
22	33021	117
22	33022	119
22	33023	119
22	33024	119
22	33025	121
22	33026	122
22	33027	121
22	33028	121
22	33029	121
22	33030	121
22	33031	118
22	33032	116
22	33033	116
22	33034	118
22	33035	118
22	33036	120
22	33037	120
22	33038	120
22	33039	120
22	33040	120
22	33041	119
22	33042	119
22	33043	119
22	33044	119
22	33045	119
22	33046	118
22	33047	119
22	33048	119
22	33049	119
22	33050	119
22	33051	120
22	33052	120
22	33053	120
22	33054	120
22	33055	120
22	33056	120
22	33057	119
22	33058	120
22	33059	121
22	33060	121
22	33061	121
22	33062	123
22	33063	123
22	33064	123
22	33065	121
22	33066	121
22	33067	121
22	33068	117
22	33069	118
22	33070	114
22	33071	114
22	33072	116
22	33073	116
22	33074	126
22	33075	126
22	33076	124
22	33077	123
22	33078	118
22	33079	119
22	33080	121
22	33081	121
22	33082	120
22	33083	116
22	33084	116
22	33085	117
22	33086	118
22	33087	117
22	33088	115
22	33089	114
22	33090	112
22	33091	109
22	33092	109
22	33093	107
22	33094	107
22	33095	107
22	33096	107
22	33097	106
22	33098	106
22	33099	106
22	33100	106
22	33101	106
22	33102	106
22	33103	107
22	33104	107
22	33105	107
22	33106	110
22	33107	110
22	33108	111
22	33109	111
22	33110	111
22	33111	111
22	33112	111
22	33113	111
22	33114	111
22	33115	111
22	33116	110
22	33117	120
22	33118	120
22	33119	120
22	33120	119
22	33121	119
22	33122	124
22	33123	130
22	33124	130
22	33125	126
22	33126	126
22	33127	127
22	33128	126
22	33129	125
22	33130	124
22	33131	115
22	33132	116
22	33133	116
22	33134	116
22	33135	116
22	33136	118
22	33137	118
22	33138	119
22	33139	119
22	33140	120
22	33141	117
22	33142	117
22	33143	123
22	33144	123
22	33145	123
22	33146	123
22	33147	133
22	33148	132
22	33149	134
22	33150	131
22	33151	133
22	33152	133
22	33153	137
22	33154	137
22	33155	137
22	33156	126
22	33157	133
22	33158	134
22	33159	134
22	33160	136
22	33161	133
22	33162	133
22	33163	133
22	33164	133
22	33165	132
22	33166	134
22	33167	135
22	33168	136
22	33169	136
22	33170	136
22	33171	136
22	33172	134
22	33173	135
22	33174	135
22	33175	136
22	33176	136
22	33177	136
22	33178	136
22	33179	136
22	33180	136
22	33181	136
22	33182	131
22	33183	131
22	33184	131
22	33185	131
22	33186	129
22	33187	129
22	33188	129
22	33189	128
22	33190	128
22	33191	129
22	33192	129
22	33193	129
22	33194	130
22	33195	133
22	33196	133
22	33197	133
22	33198	133
22	33199	133
22	33200	132
22	33201	133
22	33202	133
22	33203	135
22	33204	135
22	33205	135
22	33206	135
22	33207	135
22	33208	133
22	33209	133
22	33210	134
22	33211	135
22	33212	133
22	33213	133
22	33214	133
22	33215	133
22	33216	133
22	33217	133
22	33218	133
22	33219	131
22	33220	126
22	33221	127
22	33222	129
22	33223	119
22	33224	119
22	33225	119
22	33226	119
22	33227	119
22	33228	120
22	33229	120
22	33230	118
22	33231	116
22	33232	116
22	33233	116
22	33234	118
22	33235	117
22	33236	116
22	33237	116
22	33238	116
22	33239	116
22	33240	121
22	33241	121
22	33242	121
22	33243	120
22	33244	120
22	33245	120
22	33246	120
22	33247	122
22	33248	122
22	33249	122
22	33250	122
22	33251	122
22	33252	122
22	33253	121
22	33254	121
22	33255	121
22	33256	118
22	33257	119
22	33258	121
22	33259	121
22	33260	121
22	33261	122
22	33262	122
22	33263	132
22	33264	130
22	33265	129
22	33266	128
22	33267	130
22	33268	133
22	33269	130
22	33270	128
22	33271	131
22	33272	124
22	33273	124
22	33274	123
22	33275	123
22	33276	122
22	33277	121
22	33278	121
22	33279	121
22	33280	121
22	33281	121
22	33282	121
22	33283	117
22	33284	128
22	33285	129
22	33286	129
22	33287	129
22	33288	128
22	33289	130
22	33290	129
22	33291	132
22	33292	132
22	33293	125
22	33294	127
22	33295	130
22	33296	131
22	33297	121
22	33298	121
22	33299	122
22	33300	122
22	33301	119
22	33302	119
22	33303	123
22	33304	123
22	33305	123
22	33306	123
22	33307	118
22	33308	116
22	33309	123
22	33310	125
22	33311	125
22	33312	124
22	33313	124
22	33314	124
22	33315	128
22	33316	125
22	33317	128
22	33318	127
22	33319	127
22	33320	127
22	33321	128
22	33322	127
22	33323	126
22	33324	128
22	33325	127
22	33326	129
22	33327	129
22	33328	130
22	33329	133
22	33330	134
22	33331	134
22	33332	135
22	33333	135
22	33334	136
22	33335	136
22	33336	139
22	33337	139
22	33338	140
22	33339	140
22	33340	140
22	33341	140
22	33342	150
22	33343	151
22	33344	150
22	33345	147
22	33346	147
22	33347	146
22	33348	146
22	33349	146
22	33350	146
22	33351	145
22	33352	144
22	33353	144
22	33354	145
22	33355	145
22	33356	145
22	33357	143
22	33358	143
22	33359	142
22	33360	144
22	33361	144
22	33362	148
22	33363	162
22	33364	161
22	33365	162
22	33366	162
22	33367	162
22	33368	162
22	33369	162
22	33370	165
22	33371	162
22	33372	159
22	33373	159
22	33374	159
22	33375	159
22	33376	160
22	33377	160
22	33378	157
22	33379	157
22	33380	157
22	33381	160
22	33382	162
22	33383	162
22	33384	163
22	33385	166
22	33386	166
22	33387	167
22	33388	171
22	33389	172
22	33390	167
22	33391	167
22	33392	167
22	33393	167
22	33394	167
22	33395	168
22	33396	168
22	33397	164
22	33398	167
22	33399	167
22	33400	167
22	33401	168
22	33402	168
22	33403	168
22	33404	167
22	33405	167
22	33406	168
22	33407	166
22	33408	165
22	33409	165
22	33410	162
22	33411	162
22	33412	164
22	33413	180
22	33414	184
22	33415	184
22	33416	182
22	33417	186
22	33418	184
22	33419	180
22	33420	180
22	33421	178
22	33422	178
22	33423	178
22	33424	179
22	33425	179
22	33426	180
22	33427	183
22	33428	183
22	33429	186
22	33430	186
22	33431	186
22	33432	191
22	33433	191
22	33434	181
22	33435	182
22	33436	184
22	33437	186
22	33438	183
22	33439	184
22	33440	187
22	33441	190
22	33442	190
22	33443	188
22	33444	186
22	33445	186
22	33446	200
22	33447	203
22	33448	204
22	33449	203
22	33450	203
22	33451	203
22	33452	198
22	33453	194
22	33454	194
22	33455	195
22	33456	195
22	33457	195
22	33458	191
22	33459	193
22	33460	192
22	33461	192
22	33462	194
22	33463	194
22	33464	194
22	33465	190
22	33466	196
22	33467	198
22	33468	199
22	33469	199
22	33470	198
22	33471	198
22	33472	202
22	33473	202
22	33474	199
22	33475	199
22	33476	197
22	33477	196
22	33478	193
22	33479	193
22	33480	192
22	33481	192
22	33482	192
22	33483	201
22	33484	200
22	33485	199
22	33486	199
22	33487	200
22	33488	201
22	33489	204
22	33490	203
22	33491	203
22	33492	194
22	33493	193
22	33494	193
22	33495	193
22	33496	193
22	33497	197
22	33498	197
22	33499	199
22	33500	199
22	33501	199
22	33502	200
22	33503	199
22	33504	199
22	33505	199
22	33506	201
22	33507	206
22	33508	206
22	33509	206
22	33510	206
22	33511	201
22	33512	201
22	33513	187
22	33514	188
22	33515	188
22	33516	190
22	33517	190
22	33518	191
22	33519	191
22	33520	188
22	33521	194
22	33522	194
22	33523	195
22	33524	196
22	33525	196
22	33526	196
22	33527	196
22	33528	196
22	33529	197
22	33530	198
22	33531	195
22	33532	193
22	33533	192
22	33534	191
22	33535	191
22	33536	191
22	33537	191
22	33538	189
22	33539	189
22	33540	196
22	33541	198
22	33542	198
22	33543	200
22	33544	199
22	33545	199
22	33546	199
22	33547	199
22	33548	197
22	33549	198
22	33550	198
22	33551	197
22	33552	197
22	33553	197
22	33554	206
22	33555	206
22	33556	205
22	33557	203
22	33558	205
