22	15502	22
22	15503	22
22	15504	22
22	15505	22
22	15506	22
22	15507	22
22	15508	21
22	15509	21
22	15510	21
22	15511	21
22	15512	20
22	15513	20
22	15514	20
22	15515	19
22	15516	20
22	15517	20
22	15518	20
22	15519	20
22	15520	20
22	15521	19
22	15522	18
22	15523	17
22	15524	17
22	15525	17
22	15526	17
22	15527	17
22	15528	17
22	15529	19
22	15530	19
22	15531	20
22	15532	21
22	15533	21
22	15534	20
22	15535	20
22	15536	21
22	15537	21
22	15538	22
22	15539	20
22	15540	20
22	15541	20
22	15542	20
22	15543	20
22	15544	20
22	15545	21
22	15546	21
22	15547	21
22	15548	22
22	15549	22
22	15550	22
22	15551	23
22	15552	24
22	15553	25
22	15554	26
22	15555	26
22	15556	26
22	15557	25
22	15558	25
22	15559	27
22	15560	26
22	15561	26
22	15562	26
22	15563	27
22	15564	27
22	15565	27
22	15566	27
22	15567	27
22	15568	27
22	15569	28
22	15570	29
22	15571	28
22	15572	29
22	15573	29
22	15574	29
22	15575	30
22	15576	29
22	15577	30
22	15578	30
22	15579	30
22	15580	31
22	15581	30
22	15582	31
22	15583	31
22	15584	31
22	15585	31
22	15586	31
22	15587	31
22	15588	31
22	15589	32
22	15590	33
22	15591	33
22	15592	33
22	15593	33
22	15594	32
22	15595	33
22	15596	32
22	15597	33
22	15598	33
22	15599	34
22	15600	33
22	15601	33
22	15602	33
22	15603	32
22	15604	32
22	15605	32
22	15606	33
22	15607	33
22	15608	31
22	15609	31
22	15610	31
22	15611	31
22	15612	31
22	15613	30
22	15614	30
22	15615	30
22	15616	30
22	15617	29
22	15618	29
22	15619	29
22	15620	30
22	15621	28
22	15622	28
22	15623	26
22	15624	27
22	15625	28
22	15626	27
22	15627	27
22	15628	27
22	15629	27
22	15630	27
22	15631	26
22	15632	26
22	15633	25
22	15634	25
22	15635	26
22	15636	27
22	15637	28
22	15638	28
22	15639	27
22	15640	27
22	15641	26
22	15642	27
22	15643	27
22	15644	27
22	15645	27
22	15646	27
22	15647	26
22	15648	25
22	15649	25
22	15650	25
22	15651	26
22	15652	26
22	15653	27
22	15654	26
22	15655	26
22	15656	28
22	15657	28
22	15658	28
22	15659	27
22	15660	26
22	15661	25
22	15662	25
22	15663	24
22	15664	24
22	15665	24
22	15666	25
22	15667	25
22	15668	25
22	15669	25
22	15670	28
22	15671	28
22	15672	28
22	15673	27
22	15674	27
22	15675	27
22	15676	27
22	15677	27
22	15678	27
22	15679	26
22	15680	27
22	15681	27
22	15682	27
22	15683	29
22	15684	29
22	15685	28
22	15686	28
22	15687	28
22	15688	26
22	15689	26
22	15690	26
22	15691	25
22	15692	25
22	15693	25
22	15694	25
22	15695	25
22	15696	24
22	15697	24
22	15698	24
22	15699	24
22	15700	24
22	15701	24
22	15702	23
22	15703	24
22	15704	26
22	15705	26
22	15706	26
22	15707	26
22	15708	26
22	15709	26
22	15710	25
22	15711	25
22	15712	25
22	15713	25
22	15714	25
22	15715	25
22	15716	25
22	15717	24
22	15718	24
22	15719	25
22	15720	26
22	15721	26
22	15722	26
22	15723	26
22	15724	26
22	15725	27
22	15726	26
22	15727	25
22	15728	25
22	15729	25
22	15730	25
22	15731	26
22	15732	26
22	15733	26
22	15734	25
22	15735	24
22	15736	24
22	15737	24
22	15738	25
22	15739	24
22	15740	25
22	15741	24
22	15742	24
22	15743	24
22	15744	24
22	15745	24
22	15746	24
22	15747	23
22	15748	23
22	15749	22
22	15750	23
22	15751	23
22	15752	23
22	15753	22
22	15754	22
22	15755	22
22	15756	21
22	15757	20
22	15758	19
22	15759	19
22	15760	19
22	15761	19
22	15762	19
22	15763	20
22	15764	23
22	15765	23
22	15766	22
22	15767	22
22	15768	23
22	15769	24
22	15770	24
22	15771	24
22	15772	24
22	15773	24
22	15774	24
22	15775	24
22	15776	24
22	15777	23
22	15778	22
22	15779	23
22	15780	22
22	15781	22
22	15782	19
22	15783	19
22	15784	19
22	15785	19
22	15786	19
22	15787	19
22	15788	20
22	15789	20
22	15790	20
22	15791	20
22	15792	20
22	15793	22
22	15794	23
22	15795	25
22	15796	26
22	15797	26
22	15798	26
22	15799	25
22	15800	27
22	15801	27
22	15802	27
22	15803	29
22	15804	28
22	15805	27
22	15806	27
22	15807	27
22	15808	27
22	15809	27
22	15810	26
22	15811	27
22	15812	27
22	15813	27
22	15814	26
22	15815	27
22	15816	28
22	15817	28
22	15818	28
22	15819	28
22	15820	28
22	15821	28
22	15822	28
22	15823	27
22	15824	28
22	15825	28
22	15826	28
22	15827	27
22	15828	26
22	15829	27
22	15830	26
22	15831	27
22	15832	28
22	15833	28
22	15834	28
22	15835	26
22	15836	26
22	15837	27
22	15838	27
22	15839	26
22	15840	25
22	15841	25
22	15842	26
22	15843	26
22	15844	25
22	15845	26
22	15846	27
22	15847	27
22	15848	28
22	15849	29
22	15850	29
22	15851	30
22	15852	32
22	15853	34
22	15854	34
22	15855	33
22	15856	34
22	15857	34
22	15858	34
22	15859	34
22	15860	35
22	15861	36
22	15862	35
22	15863	36
22	15864	36
22	15865	37
22	15866	39
22	15867	40
22	15868	41
22	15869	41
22	15870	41
22	15871	41
22	15872	41
22	15873	40
22	15874	40
22	15875	39
22	15876	39
22	15877	39
22	15878	39
22	15879	39
22	15880	39
22	15881	39
22	15882	40
22	15883	40
22	15884	40
22	15885	41
22	15886	42
22	15887	42
22	15888	43
22	15889	42
22	15890	42
22	15891	41
22	15892	41
22	15893	40
22	15894	41
22	15895	41
22	15896	42
22	15897	41
22	15898	42
22	15899	41
22	15900	41
22	15901	41
22	15902	42
22	15903	43
22	15904	42
22	15905	41
22	15906	41
22	15907	41
22	15908	41
22	15909	41
22	15910	40
22	15911	39
22	15912	40
22	15913	39
22	15914	38
22	15915	38
22	15916	38
22	15917	37
22	15918	36
22	15919	35
22	15920	35
22	15921	35
22	15922	34
22	15923	35
22	15924	36
22	15925	36
22	15926	36
22	15927	36
22	15928	34
22	15929	34
22	15930	34
22	15931	33
22	15932	33
22	15933	31
22	15934	31
22	15935	31
22	15936	31
22	15937	31
22	15938	31
22	15939	31
22	15940	31
22	15941	27
22	15942	26
22	15943	25
22	15944	24
22	15945	24
22	15946	24
22	15947	24
22	15948	24
22	15949	24
22	15950	24
22	15951	23
22	15952	23
22	15953	24
22	15954	24
22	15955	23
22	15956	20
22	15957	20
22	15958	19
22	15959	18
22	15960	18
22	15961	18
22	15962	18
22	15963	18
22	15964	19
22	15965	18
22	15966	18
22	15967	17
22	15968	19
22	15969	20
22	15970	20
22	15971	22
22	15972	22
22	15973	21
22	15974	23
22	15975	23
22	15976	25
22	15977	25
22	15978	25
22	15979	26
22	15980	26
22	15981	28
22	15982	28
22	15983	29
22	15984	29
22	15985	29
22	15986	29
22	15987	29
22	15988	30
22	15989	30
22	15990	32
22	15991	33
22	15992	33
22	15993	34
22	15994	33
22	15995	30
22	15996	30
22	15997	30
22	15998	30
22	15999	31
22	16000	32
22	16001	31
22	16002	31
22	16003	32
22	16004	33
22	16005	33
22	16006	33
22	16007	34
22	16008	34
22	16009	34
22	16010	34
22	16011	34
22	16012	33
22	16013	34
22	16014	33
22	16015	33
22	16016	31
22	16017	31
22	16018	31
22	16019	31
22	16020	31
22	16021	31
22	16022	34
22	16023	34
22	16024	34
22	16025	33
22	16026	34
22	16027	33
22	16028	33
22	16029	35
22	16030	36
22	16031	36
22	16032	36
22	16033	36
22	16034	37
22	16035	37
22	16036	38
22	16037	38
22	16038	38
22	16039	37
22	16040	39
22	16041	39
22	16042	40
22	16043	40
22	16044	39
22	16045	40
22	16046	39
22	16047	39
22	16048	39
22	16049	39
22	16050	39
22	16051	39
22	16052	39
22	16053	40
22	16054	40
22	16055	40
22	16056	38
22	16057	38
22	16058	39
22	16059	41
22	16060	42
22	16061	41
22	16062	43
22	16063	43
22	16064	44
22	16065	45
22	16066	45
22	16067	44
22	16068	39
22	16069	39
22	16070	39
22	16071	39
22	16072	38
22	16073	38
22	16074	38
22	16075	38
22	16076	38
22	16077	38
22	16078	38
22	16079	38
22	16080	38
22	16081	38
22	16082	38
22	16083	39
22	16084	39
22	16085	39
22	16086	39
22	16087	38
22	16088	38
22	16089	38
22	16090	38
22	16091	37
22	16092	37
22	16093	37
22	16094	37
22	16095	35
22	16096	34
22	16097	33
22	16098	33
22	16099	33
22	16100	34
22	16101	32
22	16102	32
22	16103	33
22	16104	31
22	16105	30
22	16106	32
22	16107	33
22	16108	34
22	16109	33
22	16110	33
22	16111	33
22	16112	33
22	16113	34
22	16114	34
22	16115	34
22	16116	33
22	16117	33
22	16118	31
22	16119	31
22	16120	31
22	16121	31
22	16122	31
22	16123	31
22	16124	30
22	16125	29
22	16126	29
22	16127	29
22	16128	29
22	16129	29
22	16130	29
22	16131	29
22	16132	31
22	16133	31
22	16134	32
22	16135	31
22	16136	30
22	16137	30
22	16138	29
22	16139	29
22	16140	29
22	16141	28
22	16142	28
22	16143	28
22	16144	27
22	16145	26
22	16146	26
22	16147	25
22	16148	24
22	16149	23
22	16150	22
22	16151	22
22	16152	22
22	16153	23
22	16154	23
22	16155	24
22	16156	24
22	16157	23
22	16158	23
22	16159	24
22	16160	23
22	16161	23
22	16162	23
22	16163	23
22	16164	23
22	16165	23
22	16166	23
22	16167	22
22	16168	23
22	16169	24
22	16170	23
22	16171	23
22	16172	23
22	16173	23
22	16174	24
22	16175	25
22	16176	25
22	16177	25
22	16178	26
22	16179	27
22	16180	29
22	16181	29
22	16182	30
22	16183	30
22	16184	31
22	16185	31
22	16186	31
22	16187	30
22	16188	32
22	16189	31
22	16190	31
22	16191	30
22	16192	30
22	16193	30
22	16194	31
22	16195	32
22	16196	32
22	16197	33
22	16198	34
22	16199	35
22	16200	35
22	16201	35
22	16202	35
22	16203	35
22	16204	36
22	16205	35
22	16206	36
22	16207	36
22	16208	35
22	16209	34
22	16210	35
22	16211	34
22	16212	35
22	16213	33
22	16214	32
22	16215	30
22	16216	31
22	16217	32
22	16218	32
22	16219	32
22	16220	32
22	16221	32
22	16222	33
22	16223	33
22	16224	33
22	16225	33
22	16226	32
22	16227	32
22	16228	32
22	16229	32
22	16230	31
22	16231	33
22	16232	34
22	16233	35
22	16234	33
22	16235	35
22	16236	36
22	16237	35
22	16238	36
22	16239	36
22	16240	37
22	16241	37
22	16242	36
22	16243	36
22	16244	36
22	16245	36
22	16246	36
22	16247	35
22	16248	36
22	16249	36
22	16250	37
22	16251	38
22	16252	36
22	16253	35
22	16254	35
22	16255	34
22	16256	33
22	16257	35
22	16258	37
22	16259	39
22	16260	37
22	16261	37
22	16262	38
22	16263	37
22	16264	35
22	16265	35
22	16266	35
22	16267	34
22	16268	34
22	16269	33
22	16270	34
22	16271	36
22	16272	37
22	16273	37
22	16274	36
22	16275	36
22	16276	35
22	16277	36
22	16278	36
22	16279	36
22	16280	36
22	16281	36
22	16282	36
22	16283	35
22	16284	35
22	16285	34
22	16286	35
22	16287	34
22	16288	34
22	16289	34
22	16290	34
22	16291	34
22	16292	34
22	16293	34
22	16294	34
22	16295	34
22	16296	33
22	16297	33
22	16298	33
22	16299	33
22	16300	33
22	16301	34
22	16302	35
22	16303	35
22	16304	35
22	16305	35
22	16306	34
22	16307	34
22	16308	34
22	16309	33
22	16310	34
22	16311	34
22	16312	33
22	16313	35
22	16314	37
22	16315	37
22	16316	36
22	16317	36
22	16318	36
22	16319	36
22	16320	36
22	16321	36
22	16322	36
22	16323	35
22	16324	35
22	16325	36
22	16326	36
22	16327	36
22	16328	37
22	16329	37
22	16330	37
22	16331	35
22	16332	35
22	16333	35
22	16334	36
22	16335	36
22	16336	37
22	16337	37
22	16338	37
22	16339	36
22	16340	36
22	16341	36
22	16342	35
22	16343	34
22	16344	33
22	16345	33
22	16346	32
22	16347	33
22	16348	35
22	16349	35
22	16350	35
22	16351	34
22	16352	34
22	16353	33
22	16354	32
22	16355	33
22	16356	32
22	16357	30
22	16358	31
22	16359	31
22	16360	31
22	16361	30
22	16362	31
22	16363	31
22	16364	31
22	16365	31
22	16366	31
22	16367	32
22	16368	32
22	16369	32
22	16370	33
22	16371	32
22	16372	32
22	16373	34
22	16374	34
22	16375	33
22	16376	33
22	16377	33
22	16378	32
22	16379	33
22	16380	33
22	16381	33
22	16382	32
22	16383	33
22	16384	33
22	16385	33
22	16386	34
22	16387	32
22	16388	31
22	16389	31
22	16390	31
22	16391	32
22	16392	33
22	16393	35
22	16394	35
22	16395	36
22	16396	37
22	16397	36
22	16398	37
22	16399	37
22	16400	39
22	16401	40
22	16402	40
22	16403	41
22	16404	40
22	16405	38
22	16406	37
22	16407	37
22	16408	36
22	16409	37
22	16410	35
22	16411	35
22	16412	36
22	16413	36
22	16414	37
22	16415	37
22	16416	36
22	16417	35
22	16418	35
22	16419	36
22	16420	36
22	16421	35
22	16422	35
22	16423	34
22	16424	34
22	16425	36
22	16426	36
22	16427	36
22	16428	34
22	16429	32
22	16430	32
22	16431	32
22	16432	32
22	16433	31
22	16434	31
22	16435	30
22	16436	30
22	16437	30
22	16438	30
22	16439	30
22	16440	30
22	16441	30
22	16442	30
22	16443	29
22	16444	25
22	16445	24
22	16446	25
22	16447	26
22	16448	26
22	16449	25
22	16450	26
22	16451	26
22	16452	27
22	16453	27
22	16454	24
22	16455	23
22	16456	23
22	16457	22
22	16458	22
22	16459	21
22	16460	20
22	16461	19
22	16462	19
22	16463	18
22	16464	18
22	16465	18
22	16466	18
22	16467	18
22	16468	18
22	16469	18
22	16470	18
22	16471	19
22	16472	19
22	16473	18
22	16474	19
22	16475	19
22	16476	19
22	16477	19
22	16478	19
22	16479	19
22	16480	19
22	16481	18
22	16482	16
22	16483	16
22	16484	16
22	16485	16
22	16486	15
22	16487	15
22	16488	15
22	16489	15
22	16490	15
22	16491	15
22	16492	14
22	16493	13
22	16494	13
22	16495	13
22	16496	12
22	16497	11
22	16498	11
22	16499	10
22	16500	9
22	16501	9
22	16502	9
22	16503	8
22	16504	7
22	16505	7
22	16506	8
22	16507	8
22	16508	8
22	16509	6
22	16510	6
22	16511	6
22	16512	6
22	16513	6
22	16514	6
22	16515	6
22	16516	6
22	16517	6
22	16518	6
22	16519	5
22	16520	5
22	16521	4
22	16522	3
22	16523	3
22	16524	3
22	16525	3
22	16526	3
22	16527	3
22	16528	3
22	16529	3
22	16530	3
22	16531	3
22	16532	2
22	16533	2
22	16534	2
22	16535	2
22	16536	3
22	16537	3
22	16538	3
22	16539	4
22	16540	4
22	16541	4
22	16542	4
22	16543	4
22	16544	5
22	16545	5
22	16546	5
22	16547	4
22	16548	4
22	16549	4
22	16550	4
22	16551	4
22	16552	5
22	16553	6
22	16554	6
22	16555	6
22	16556	6
22	16557	6
22	16558	6
22	16559	6
22	16560	6
22	16561	7
22	16562	7
22	16563	7
22	16564	7
22	16565	7
22	16566	6
22	16567	6
22	16568	6
22	16569	6
22	16570	7
22	16571	7
22	16572	7
22	16573	7
22	16574	7
22	16575	7
22	16576	7
22	16577	7
22	16578	7
22	16579	7
22	16580	8
22	16581	8
22	16582	8
22	16583	8
22	16584	8
22	16585	8
22	16586	8
22	16587	8
22	16588	8
22	16589	8
22	16590	7
22	16591	6
22	16592	6
22	16593	6
22	16594	6
22	16595	6
22	16596	6
22	16597	6
22	16598	6
22	16599	6
22	16600	6
22	16601	6
22	16602	6
22	16603	6
22	16604	6
22	16605	7
22	16606	8
22	16607	9
22	16608	9
22	16609	9
22	16610	9
22	16611	9
22	16612	9
22	16613	9
22	16614	9
22	16615	9
22	16616	9
22	16617	9
22	16618	9
22	16619	9
22	16620	9
22	16621	9
22	16622	8
22	16623	8
22	16624	8
22	16625	8
22	16626	8
22	16627	8
22	16628	6
22	16629	6
22	16630	7
22	16631	8
22	16632	8
22	16633	8
22	16634	8
22	16635	9
22	16636	9
22	16637	10
22	16638	9
22	16639	9
22	16640	9
22	16641	9
22	16642	9
22	16643	9
22	16644	8
22	16645	8
22	16646	8
22	16647	8
22	16648	9
22	16649	10
22	16650	10
22	16651	10
22	16652	10
22	16653	9
22	16654	9
22	16655	9
22	16656	9
22	16657	9
22	16658	9
22	16659	10
22	16660	10
22	16661	10
22	16662	10
22	16663	10
22	16664	11
22	16665	11
22	16666	11
22	16667	11
22	16668	11
22	16669	11
22	16670	11
22	16671	11
22	16672	11
22	16673	11
22	16674	11
22	16675	11
22	16676	12
22	16677	12
22	16678	12
22	16679	10
22	16680	10
22	16681	10
22	16682	10
22	16683	11
22	16684	11
22	16685	11
22	16686	11
22	16687	12
22	16688	12
22	16689	12
22	16690	12
22	16691	11
22	16692	11
22	16693	11
22	16694	11
22	16695	11
22	16696	10
22	16697	10
22	16698	10
22	16699	10
22	16700	10
22	16701	10
22	16702	10
22	16703	10
22	16704	10
22	16705	10
22	16706	10
22	16707	9
22	16708	9
22	16709	9
22	16710	9
22	16711	9
22	16712	9
22	16713	9
22	16714	9
22	16715	9
22	16716	9
22	16717	9
22	16718	9
22	16719	9
22	16720	8
22	16721	6
22	16722	6
22	16723	5
22	16724	5
22	16725	5
22	16726	5
22	16727	5
22	16728	5
22	16729	5
22	16730	5
22	16731	5
22	16732	5
22	16733	5
22	16734	5
22	16735	5
22	16736	5
22	16737	6
22	16738	6
22	16739	6
22	16740	6
22	16741	6
22	16742	6
22	16743	6
22	16744	6
22	16745	6
22	16746	6
22	16747	6
22	16748	6
22	16749	6
22	16750	6
22	16751	6
22	16752	6
22	16753	6
22	16754	6
22	16755	6
22	16756	6
22	16757	6
22	16758	5
22	16759	5
22	16760	5
22	16761	5
22	16762	5
22	16763	5
22	16764	5
22	16765	5
22	16766	5
22	16767	5
22	16768	5
22	16769	5
22	16770	5
22	16771	5
22	16772	5
22	16773	4
22	16774	4
22	16775	4
22	16776	4
22	16777	4
22	16778	4
22	16779	4
22	16780	4
22	16781	4
22	16782	3
22	16783	3
22	16784	3
22	16785	3
22	16786	3
22	16787	3
22	16788	3
22	16789	2
22	16790	2
22	16791	2
22	16792	2
22	16793	2
22	16794	2
22	16795	2
22	16796	2
22	16797	3
22	16798	3
22	16799	3
22	16800	3
22	16801	3
22	16802	3
22	16803	3
22	16804	3
22	16805	3
22	16806	3
22	16807	3
22	16808	3
22	16809	3
22	16810	3
22	16811	3
22	16812	3
22	16813	3
22	16814	3
22	16815	2
22	16816	2
22	16817	2
22	16818	3
22	16819	3
22	16820	3
22	16821	3
22	16822	3
22	16823	3
22	16824	3
22	16825	3
22	16826	3
22	16827	3
22	16828	4
22	16829	4
22	16830	4
22	16831	4
22	16832	5
22	16833	5
22	16834	5
22	16835	5
22	16836	5
22	16837	5
22	16838	5
22	16839	5
22	16840	5
22	16841	5
22	16842	5
22	16843	5
22	16844	5
22	16845	5
22	16846	5
22	16847	5
22	16848	5
22	16849	5
22	16850	5
22	16851	5
22	16852	5
22	16853	5
22	16854	5
22	16855	5
22	16856	5
22	16857	6
22	16858	6
22	16859	6
22	16860	6
22	16861	6
22	16862	6
22	16863	6
22	16864	7
22	16865	8
22	16866	8
22	16867	8
22	16868	8
22	16869	8
22	16870	8
22	16871	8
22	16872	8
22	16873	8
22	16874	8
22	16875	8
22	16876	8
22	16877	8
22	16878	8
22	16879	10
22	16880	10
22	16881	10
22	16882	10
22	16883	10
22	16884	10
22	16885	10
22	16886	9
22	16887	9
22	16888	9
22	16889	10
22	16890	10
22	16891	10
22	16892	9
22	16893	9
22	16894	8
22	16895	8
22	16896	9
22	16897	9
22	16898	9
22	16899	9
22	16900	9
22	16901	9
22	16902	9
22	16903	9
22	16904	7
22	16905	7
22	16906	7
22	16907	7
22	16908	7
22	16909	8
22	16910	8
22	16911	8
22	16912	8
22	16913	7
22	16914	6
22	16915	6
22	16916	6
22	16917	6
22	16918	6
22	16919	6
22	16920	6
22	16921	6
22	16922	6
22	16923	6
22	16924	6
22	16925	6
22	16926	6
22	16927	6
22	16928	6
22	16929	6
22	16930	6
22	16931	7
22	16932	7
22	16933	7
22	16934	8
22	16935	8
22	16936	8
22	16937	8
22	16938	8
22	16939	8
22	16940	8
22	16941	8
22	16942	8
22	16943	8
22	16944	8
22	16945	8
22	16946	8
22	16947	8
22	16948	6
22	16949	6
22	16950	6
22	16951	6
22	16952	6
22	16953	6
22	16954	6
22	16955	7
22	16956	7
22	16957	7
22	16958	7
22	16959	7
22	16960	7
22	16961	7
22	16962	7
22	16963	7
22	16964	7
22	16965	7
22	16966	6
22	16967	6
22	16968	6
22	16969	6
22	16970	6
22	16971	6
22	16972	6
22	16973	6
22	16974	7
22	16975	6
22	16976	6
22	16977	6
22	16978	6
22	16979	6
22	16980	6
22	16981	6
22	16982	6
22	16983	6
22	16984	6
22	16985	6
22	16986	6
22	16987	6
22	16988	6
22	16989	6
22	16990	7
22	16991	7
22	16992	8
22	16993	8
22	16994	8
22	16995	8
22	16996	10
22	16997	10
22	16998	10
22	16999	11
22	17000	11
22	17001	11
22	17002	11
22	17003	11
22	17004	12
22	17005	12
22	17006	12
22	17007	12
22	17008	12
22	17009	12
22	17010	13
22	17011	13
22	17012	13
22	17013	13
22	17014	13
22	17015	13
22	17016	13
22	17017	13
22	17018	13
22	17019	13
22	17020	13
22	17021	13
22	17022	13
22	17023	13
22	17024	14
22	17025	14
22	17026	14
22	17027	14
22	17028	14
22	17029	14
22	17030	13
22	17031	13
22	17032	13
22	17033	12
22	17034	12
22	17035	12
22	17036	10
22	17037	10
22	17038	10
22	17039	11
22	17040	11
22	17041	11
22	17042	11
22	17043	11
22	17044	11
22	17045	11
22	17046	11
22	17047	11
22	17048	11
22	17049	10
22	17050	10
22	17051	10
22	17052	10
22	17053	10
22	17054	9
22	17055	9
22	17056	9
22	17057	9
22	17058	8
22	17059	8
22	17060	8
22	17061	8
22	17062	8
22	17063	8
22	17064	9
22	17065	10
22	17066	10
22	17067	9
22	17068	9
22	17069	9
22	17070	9
22	17071	9
22	17072	9
22	17073	9
22	17074	8
22	17075	8
22	17076	8
22	17077	8
22	17078	8
22	17079	8
22	17080	8
22	17081	8
22	17082	8
22	17083	8
22	17084	8
22	17085	8
22	17086	8
22	17087	8
22	17088	8
22	17089	8
22	17090	8
22	17091	8
22	17092	8
22	17093	8
22	17094	8
22	17095	8
22	17096	8
22	17097	8
22	17098	8
22	17099	9
22	17100	9
22	17101	9
22	17102	8
22	17103	8
22	17104	7
22	17105	7
22	17106	6
22	17107	6
22	17108	4
22	17109	4
22	17110	4
22	17111	4
22	17112	4
22	17113	4
22	17114	5
22	17115	4
22	17116	4
22	17117	4
22	17118	5
22	17119	5
22	17120	5
22	17121	5
22	17122	5
22	17123	5
22	17124	5
22	17125	6
22	17126	6
22	17127	6
22	17128	6
22	17129	6
22	17130	6
22	17131	6
22	17132	6
22	17133	6
22	17134	6
22	17135	6
22	17136	6
22	17137	6
22	17138	7
22	17139	7
22	17140	7
22	17141	7
22	17142	7
22	17143	7
22	17144	7
22	17145	7
22	17146	7
22	17147	7
22	17148	7
22	17149	7
22	17150	7
22	17151	7
22	17152	7
22	17153	6
22	17154	6
22	17155	6
22	17156	7
22	17157	7
22	17158	7
22	17159	8
22	17160	8
22	17161	8
22	17162	8
22	17163	8
22	17164	8
22	17165	8
22	17166	8
22	17167	8
22	17168	8
22	17169	8
22	17170	8
22	17171	8
22	17172	8
22	17173	8
22	17174	7
22	17175	7
22	17176	7
22	17177	7
22	17178	7
22	17179	6
22	17180	6
22	17181	6
22	17182	6
22	17183	6
22	17184	6
22	17185	6
22	17186	6
22	17187	5
22	17188	5
22	17189	5
22	17190	5
22	17191	5
22	17192	4
22	17193	4
22	17194	4
22	17195	4
22	17196	4
22	17197	4
22	17198	3
22	17199	3
22	17200	3
22	17201	4
22	17202	4
22	17203	3
22	17204	3
22	17205	3
22	17206	3
22	17207	3
22	17208	3
22	17209	3
22	17210	3
22	17211	3
22	17212	3
22	17213	3
22	17214	3
22	17215	3
22	17216	4
22	17217	3
22	17218	3
22	17219	3
22	17220	3
22	17221	3
22	17222	3
22	17223	4
22	17224	3
22	17225	4
22	17226	4
22	17227	4
22	17228	4
22	17229	5
22	17230	5
22	17231	5
22	17232	5
22	17233	5
22	17234	5
22	17235	5
22	17236	5
22	17237	5
22	17238	5
22	17239	5
22	17240	5
22	17241	5
22	17242	5
22	17243	5
22	17244	5
22	17245	5
22	17246	5
22	17247	5
22	17248	5
22	17249	5
22	17250	5
22	17251	6
22	17252	7
22	17253	7
22	17254	7
22	17255	7
22	17256	7
22	17257	7
22	17258	7
22	17259	7
22	17260	7
22	17261	7
22	17262	7
22	17263	6
22	17264	7
22	17265	7
22	17266	7
22	17267	7
22	17268	7
22	17269	7
22	17270	7
22	17271	6
22	17272	6
22	17273	6
22	17274	6
22	17275	6
22	17276	6
22	17277	5
22	17278	5
22	17279	5
22	17280	5
22	17281	5
22	17282	4
22	17283	4
22	17284	4
22	17285	4
22	17286	3
22	17287	3
22	17288	3
22	17289	3
22	17290	3
22	17291	3
22	17292	3
22	17293	3
22	17294	3
22	17295	3
22	17296	3
22	17297	3
22	17298	4
22	17299	4
22	17300	4
22	17301	4
22	17302	4
22	17303	4
22	17304	4
22	17305	4
22	17306	4
22	17307	4
22	17308	4
22	17309	4
22	17310	4
22	17311	4
22	17312	4
22	17313	4
22	17314	4
22	17315	4
22	17316	4
22	17317	4
22	17318	4
22	17319	4
22	17320	4
22	17321	5
22	17322	5
22	17323	5
22	17324	5
22	17325	5
22	17326	5
22	17327	5
22	17328	5
22	17329	5
22	17330	5
22	17331	6
22	17332	6
22	17333	6
22	17334	6
22	17335	7
22	17336	7
22	17337	7
22	17338	7
22	17339	7
22	17340	6
22	17341	7
22	17342	6
22	17343	6
22	17344	6
22	17345	6
22	17346	6
22	17347	6
22	17348	6
22	17349	6
22	17350	6
22	17351	6
22	17352	6
22	17353	6
22	17354	6
22	17355	6
22	17356	6
22	17357	6
22	17358	6
22	17359	6
22	17360	5
22	17361	5
22	17362	5
22	17363	5
22	17364	5
22	17365	5
22	17366	5
22	17367	5
22	17368	5
22	17369	5
22	17370	5
22	17371	5
22	17372	5
22	17373	5
22	17374	5
22	17375	5
22	17376	5
22	17377	5
22	17378	5
22	17379	5
22	17380	6
22	17381	6
22	17382	6
22	17383	6
22	17384	6
22	17385	6
22	17386	6
22	17387	6
22	17388	6
22	17389	6
22	17390	6
22	17391	6
22	17392	6
22	17393	6
22	17394	6
22	17395	5
22	17396	6
22	17397	6
22	17398	6
22	17399	6
22	17400	6
22	17401	6
22	17402	7
22	17403	7
22	17404	7
22	17405	7
22	17406	7
22	17407	7
22	17408	7
22	17409	7
22	17410	7
22	17411	7
22	17412	7
22	17413	7
22	17414	7
22	17415	7
22	17416	7
22	17417	7
22	17418	7
22	17419	7
22	17420	7
22	17421	6
22	17422	6
22	17423	6
22	17424	5
22	17425	5
22	17426	5
22	17427	5
22	17428	5
22	17429	4
22	17430	3
22	17431	3
22	17432	3
22	17433	3
22	17434	4
22	17435	4
22	17436	4
22	17437	3
22	17438	3
22	17439	3
22	17440	3
22	17441	3
22	17442	3
22	17443	3
22	17444	3
22	17445	3
22	17446	3
22	17447	4
22	17448	4
22	17449	4
22	17450	4
22	17451	4
22	17452	4
22	17453	3
22	17454	3
22	17455	3
22	17456	3
22	17457	3
22	17458	3
22	17459	3
22	17460	3
22	17461	3
22	17462	3
22	17463	3
22	17464	3
22	17465	3
22	17466	3
22	17467	3
22	17468	3
22	17469	3
22	17470	3
22	17471	2
22	17472	2
22	17473	2
22	17474	2
22	17475	2
22	17476	2
22	17477	2
22	17478	2
22	17479	2
22	17480	2
22	17481	2
22	17482	2
22	17483	2
22	17484	2
22	17485	2
22	17486	2
22	17487	2
22	17488	1
22	17503	1
22	17504	1
22	17505	1
22	17506	1
22	17507	1
22	17508	1
22	17509	1
22	17510	1
22	17511	1
22	17512	1
22	17513	1
22	17514	1
22	17515	1
22	17516	1
22	17517	1
22	17518	1
22	17519	2
22	17520	2
22	17521	2
22	17522	2
22	17523	2
22	17524	2
22	17525	2
22	17526	3
22	17527	4
22	17528	4
22	17529	4
22	17530	4
22	17531	4
22	17532	5
22	17533	5
22	17534	5
22	17535	5
22	17536	5
22	17537	5
22	17538	5
22	17539	5
22	17540	5
22	17541	5
22	17542	5
22	17543	5
22	17544	5
22	17545	4
22	17546	4
22	17547	4
22	17548	4
22	17549	4
22	17550	4
22	17551	4
22	17552	4
22	17553	4
22	17554	4
22	17555	4
22	17556	4
22	17557	4
22	17558	4
22	17559	4
22	17560	4
22	17561	4
22	17562	4
22	17563	4
22	17564	4
22	17565	5
22	17566	5
22	17567	5
22	17568	5
22	17569	5
22	17570	4
22	17571	4
22	17572	4
22	17573	4
22	17574	4
22	17575	4
22	17576	4
22	17577	4
22	17578	4
22	17579	4
22	17580	4
22	17581	4
22	17582	3
22	17583	3
22	17584	3
22	17585	3
22	17586	3
22	17587	3
22	17588	3
22	17589	2
22	17590	2
22	17591	0
22	17592	1
22	17593	1
22	17594	1
22	17595	1
22	17596	1
22	17597	1
22	17598	1
22	17599	2
22	17600	2
22	17601	1
22	17602	1
22	17603	1
22	17604	1
22	17605	1
22	17606	1
22	17607	1
22	17608	1
22	17609	1
22	17610	1
22	17611	1
22	17612	1
22	17613	1
22	17614	1
22	17615	1
22	17616	1
22	17617	1
22	17618	1
22	17619	1
22	17620	1
22	17673	1
22	17674	1
22	17675	1
22	17676	1
22	17677	1
22	17678	1
22	17679	1
22	17680	1
22	17681	1
22	17682	1
22	17683	1
22	17684	1
22	17685	1
22	17686	1
22	17687	1
22	17688	1
22	17689	1
22	18085	1
22	18086	1
22	18087	1
22	18088	1
22	18089	1
22	18090	1
22	18091	1
22	18092	1
22	18093	1
22	18094	1
22	18095	1
22	18096	1
22	18097	1
22	18098	1
22	18099	1
22	18100	1
22	18101	1
22	18102	1
22	18103	1
22	18104	1
22	18105	1
22	18106	1
22	18107	1
22	18108	1
22	18109	1
22	18110	2
22	18111	2
22	18112	2
22	18113	2
22	18114	2
22	18115	2
22	18116	2
22	18117	2
22	18118	2
22	18119	2
22	18120	2
22	18121	2
22	18122	2
22	18123	2
22	18124	2
22	18125	2
22	18126	2
22	18127	2
22	18128	2
22	18129	2
22	18130	2
22	18131	2
22	18132	2
22	18133	2
22	18134	2
22	18135	2
22	18136	2
22	18137	2
22	18138	2
22	18139	2
22	18140	2
22	18141	2
22	18142	2
22	18143	2
22	18144	2
22	18145	2
22	18146	2
22	18147	2
22	18148	2
22	18149	2
22	18150	2
22	18151	2
22	18152	2
22	18153	2
22	18154	2
22	18155	2
22	18156	2
22	18157	2
22	18158	3
22	18159	3
22	18160	4
22	18161	4
22	18162	4
22	18163	4
22	18164	4
22	18165	5
22	18166	6
22	18167	6
22	18168	6
22	18169	6
22	18170	7
22	18171	7
22	18172	7
22	18173	8
22	18174	8
22	18175	8
22	18176	8
22	18177	8
22	18178	9
22	18179	9
22	18180	9
22	18181	9
22	18182	9
22	18183	9
22	18184	9
22	18185	9
22	18186	9
22	18187	9
22	18188	9
22	18189	10
22	18190	12
22	18191	13
22	18192	13
22	18193	13
22	18194	14
22	18195	14
22	18196	14
22	18197	14
22	18198	14
22	18199	14
22	18200	14
22	18201	14
22	18202	14
22	18203	14
22	18204	14
22	18205	16
22	18206	16
22	18207	16
22	18208	17
22	18209	17
22	18210	17
22	18211	17
22	18212	17
22	18213	17
22	18214	17
22	18215	17
22	18216	18
22	18217	18
22	18218	18
22	18219	19
22	18220	20
22	18221	20
22	18222	20
22	18223	20
22	18224	20
22	18225	20
22	18226	21
22	18227	21
22	18228	21
22	18229	21
22	18230	22
22	18231	22
22	18232	22
22	18233	22
22	18234	22
22	18235	22
22	18236	21
22	18237	21
22	18238	20
22	18239	19
22	18240	19
22	18241	19
22	18242	19
22	18243	19
22	18244	19
22	18245	18
22	18246	18
22	18247	18
22	18248	18
22	18249	18
22	18250	18
22	18251	18
22	18252	18
22	18253	17
22	18254	17
22	18255	17
22	18256	17
22	18257	17
22	18258	16
22	18259	16
22	18260	16
22	18261	16
22	18262	16
22	18263	16
22	18264	15
22	18265	14
22	18266	14
22	18267	13
22	18268	13
22	18269	13
22	18270	13
22	18271	13
22	18272	12
22	18273	12
22	18274	12
22	18275	12
22	18276	12
22	18277	12
22	18278	12
22	18279	11
22	18280	11
22	18281	11
22	18282	11
22	18283	10
22	18284	9
22	18285	8
22	18286	7
22	18287	7
22	18288	7
22	18289	7
22	18290	7
22	18291	7
22	18292	7
22	18293	7
22	18294	6
22	18295	5
22	18296	5
22	18297	5
22	18298	5
22	18299	5
22	18300	4
22	18301	2
22	18302	2
22	18303	1
22	19894	1
22	19895	1
22	19896	1
22	19897	1
22	19898	1
22	19899	1
22	19900	1
22	19901	1
22	19902	1
22	19903	1
22	19904	1
22	19905	1
22	19906	1
22	19907	1
22	19908	1
22	19909	1
22	19910	2
22	19911	2
22	19912	2
22	19913	2
22	19914	2
22	19915	2
22	19916	2
22	19917	2
22	19918	2
22	19919	2
22	19920	2
22	19921	2
22	19922	2
22	19923	2
22	19924	3
22	19925	3
22	19926	4
22	19927	4
22	19928	4
22	19929	4
22	19930	4
22	19931	4
22	19932	4
22	19933	4
22	19934	4
22	19935	4
22	19936	4
22	19937	4
22	19938	4
22	19939	4
22	19940	5
22	19941	5
22	19942	5
22	19943	5
22	19944	5
22	19945	5
22	19946	5
22	19947	5
22	19948	5
22	19949	5
22	19950	5
22	19951	5
22	19952	6
22	19953	7
22	19954	7
22	19955	7
22	19956	7
22	19957	7
22	19958	7
22	19959	7
22	19960	7
22	19961	7
22	19962	8
22	19963	8
22	19964	8
22	19965	9
22	19966	10
22	19967	10
22	19968	11
22	19969	11
22	19970	12
22	19971	12
22	19972	12
22	19973	12
22	19974	12
22	19975	12
22	19976	14
22	19977	14
22	19978	15
22	19979	15
22	19980	15
22	19981	15
22	19982	15
22	19983	15
22	19984	15
22	19985	16
22	19986	16
22	19987	17
22	19988	17
22	19989	19
22	19990	20
22	19991	20
22	19992	21
22	19993	21
22	19994	21
22	19995	21
22	19996	22
22	19997	22
22	19998	22
22	19999	22
22	20000	24
22	20001	24
22	20002	24
22	20003	24
22	20004	24
22	20005	24
22	20006	24
22	20007	24
22	20008	24
22	20009	24
22	20010	27
22	20011	28
22	20012	29
22	20013	30
22	20014	31
22	20015	32
22	20016	32
22	20017	33
22	20018	33
22	20019	34
22	20020	34
22	20021	35
22	20022	37
22	20023	37
22	20024	37
22	20025	37
22	20026	38
22	20027	39
22	20028	41
22	20029	41
22	20030	41
22	20031	42
22	20032	42
22	20033	42
22	20034	42
22	20035	43
22	20036	44
22	20037	45
22	20038	45
22	20039	45
22	20040	46
22	20041	46
22	20042	46
22	20043	46
22	20044	47
22	20045	48
22	20046	47
22	20047	48
22	20048	50
22	20049	53
22	20050	54
22	20051	55
22	20052	56
22	20053	56
22	20054	54
22	20055	53
22	20056	53
22	20057	51
22	20058	53
22	20059	54
22	20060	54
22	20061	54
22	20062	54
22	20063	54
22	20064	54
22	20065	54
22	20066	54
22	20067	55
22	20068	55
22	20069	57
22	20070	57
22	20071	57
22	20072	58
22	20073	58
22	20074	60
22	20075	60
22	20076	59
22	20077	61
22	20078	59
22	20079	58
22	20080	58
22	20081	57
22	20082	58
22	20083	58
22	20084	58
22	20085	55
22	20086	54
22	20087	54
22	20088	55
22	20089	55
22	20090	54
22	20091	56
22	20092	56
22	20093	55
22	20094	55
22	20095	56
22	20096	54
22	20097	54
22	20098	53
22	20099	54
22	20100	54
22	20101	53
22	20102	52
22	20103	50
22	20104	50
22	20105	49
22	20106	51
22	20107	50
22	20108	51
22	20109	52
22	20110	50
22	20111	49
22	20112	49
22	20113	48
22	20114	47
22	20115	47
22	20116	47
22	20117	47
22	20118	46
22	20119	46
22	20120	44
22	20121	44
22	20122	44
22	20123	43
22	20124	43
22	20125	43
22	20126	43
22	20127	43
22	20128	43
22	20129	41
22	20130	40
22	20131	38
22	20132	36
22	20133	37
22	20134	36
22	20135	34
22	20136	35
22	20137	35
22	20138	35
22	20139	35
22	20140	35
22	20141	35
22	20142	35
22	20143	36
22	20144	37
22	20145	37
22	20146	38
22	20147	38
22	20148	37
22	20149	36
22	20150	35
22	20151	35
22	20152	35
22	20153	37
22	20154	38
22	20155	38
22	20156	39
22	20157	39
22	20158	39
22	20159	40
22	20160	41
22	20161	42
22	20162	42
22	20163	43
22	20164	43
22	20165	43
22	20166	42
22	20167	43
22	20168	42
22	20169	43
22	20170	43
22	20171	42
22	20172	42
22	20173	41
22	20174	42
22	20175	42
22	20176	42
22	20177	43
22	20178	44
22	20179	44
22	20180	45
22	20181	45
22	20182	45
22	20183	46
22	20184	47
22	20185	47
22	20186	47
22	20187	46
22	20188	46
22	20189	46
22	20190	46
22	20191	45
22	20192	48
22	20193	48
22	20194	50
22	20195	50
22	20196	50
22	20197	50
22	20198	49
22	20199	48
22	20200	51
22	20201	51
22	20202	50
22	20203	51
22	20204	50
22	20205	49
22	20206	48
22	20207	49
22	20208	47
22	20209	45
22	20210	45
22	20211	45
22	20212	43
22	20213	43
22	20214	42
22	20215	42
22	20216	42
22	20217	42
22	20218	42
22	20219	42
22	20220	40
22	20221	40
22	20222	39
22	20223	40
22	20224	38
22	20225	38
22	20226	39
22	20227	37
22	20228	37
22	20229	37
22	20230	37
22	20231	38
22	20232	39
22	20233	40
22	20234	40
22	20235	40
22	20236	40
22	20237	40
22	20238	39
22	20239	39
22	20240	39
22	20241	41
22	20242	41
22	20243	42
22	20244	43
22	20245	43
22	20246	44
22	20247	43
22	20248	42
22	20249	43
22	20250	42
22	20251	42
22	20252	42
22	20253	41
22	20254	41
22	20255	41
22	20256	41
22	20257	41
22	20258	41
22	20259	41
22	20260	41
22	20261	41
22	20262	42
22	20263	41
22	20264	40
22	20265	40
22	20266	40
22	20267	40
22	20268	40
22	20269	39
22	20270	41
22	20271	41
22	20272	40
22	20273	41
22	20274	41
22	20275	41
22	20276	41
22	20277	41
22	20278	41
22	20279	41
22	20280	41
22	20281	41
22	20282	41
22	20283	43
22	20284	44
22	20285	44
22	20286	46
22	20287	45
22	20288	45
22	20289	44
22	20290	46
22	20291	46
22	20292	46
22	20293	46
22	20294	46
22	20295	44
22	20296	45
22	20297	43
22	20298	43
22	20299	43
22	20300	42
22	20301	42
22	20302	42
22	20303	44
22	20304	44
22	20305	44
22	20306	45
22	20307	44
22	20308	43
22	20309	42
22	20310	44
22	20311	44
22	20312	44
22	20313	44
22	20314	44
22	20315	44
22	20316	43
22	20317	42
22	20318	42
22	20319	42
22	20320	42
22	20321	39
22	20322	38
22	20323	38
22	20324	39
22	20325	38
22	20326	37
22	20327	37
22	20328	37
22	20329	37
22	20330	37
22	20331	36
22	20332	36
22	20333	37
22	20334	37
22	20335	36
22	20336	36
22	20337	36
22	20338	37
22	20339	36
22	20340	35
22	20341	36
22	20342	34
22	20343	35
22	20344	35
22	20345	35
22	20346	35
22	20347	34
22	20348	32
22	20349	32
22	20350	32
22	20351	34
22	20352	33
22	20353	33
22	20354	32
22	20355	32
22	20356	31
22	20357	31
22	20358	31
22	20359	31
22	20360	31
22	20361	31
22	20362	31
22	20363	30
22	20364	29
22	20365	27
22	20366	28
22	20367	28
22	20368	28
22	20369	29
22	20370	31
22	20371	31
22	20372	32
22	20373	32
22	20374	33
22	20375	34
22	20376	35
22	20377	35
22	20378	36
22	20379	36
22	20380	36
22	20381	36
22	20382	35
22	20383	35
22	20384	34
22	20385	35
22	20386	34
22	20387	34
22	20388	34
22	20389	32
22	20390	32
22	20391	32
22	20392	32
22	20393	32
22	20394	32
22	20395	32
22	20396	33
22	20397	33
22	20398	33
22	20399	32
22	20400	33
22	20401	33
22	20402	34
22	20403	34
22	20404	33
22	20405	32
22	20406	31
22	20407	31
22	20408	32
22	20409	32
22	20410	31
22	20411	30
22	20412	30
22	20413	30
22	20414	31
22	20415	31
22	20416	32
22	20417	32
22	20418	32
22	20419	31
22	20420	30
22	20421	26
22	20422	26
22	20423	25
22	20424	25
22	20425	24
22	20426	24
22	20427	22
22	20428	23
22	20429	23
22	20430	23
22	20431	23
22	20432	22
22	20433	21
22	20434	22
22	20435	21
22	20436	21
22	20437	20
22	20438	19
22	20439	19
22	20440	18
22	20441	17
22	20442	16
22	20443	15
22	20444	15
22	20445	14
22	20446	14
22	20447	15
22	20448	15
22	20449	16
22	20450	16
22	20451	17
22	20452	16
22	20453	15
22	20454	16
22	20455	17
22	20456	16
22	20457	16
22	20458	17
22	20459	17
22	20460	15
22	20461	15
22	20462	15
22	20463	15
22	20464	16
22	20465	16
22	20466	16
22	20467	16
22	20468	16
22	20469	16
22	20470	16
22	20471	17
22	20472	16
22	20473	16
22	20474	16
22	20475	17
22	20476	18
22	20477	18
22	20478	19
22	20479	19
22	20480	19
22	20481	20
22	20482	20
22	20483	21
22	20484	21
22	20485	21
22	20486	20
22	20487	21
22	20488	21
22	20489	21
22	20490	21
22	20491	21
22	20492	20
22	20493	21
22	20494	21
22	20495	19
22	20496	18
22	20497	18
22	20498	18
22	20499	18
22	20500	18
22	20501	19
22	20502	19
22	20503	19
22	20504	19
22	20505	19
22	20506	19
22	20507	18
22	20508	18
22	20509	18
22	20510	18
22	20511	19
22	20512	19
22	20513	18
22	20514	18
22	20515	18
22	20516	18
22	20517	18
22	20518	18
22	20519	18
22	20520	18
22	20521	17
22	20522	16
22	20523	16
22	20524	15
22	20525	18
22	20526	18
22	20527	17
22	20528	17
22	20529	17
22	20530	17
22	20531	16
22	20532	16
22	20533	15
22	20534	15
22	20535	14
22	20536	12
22	20537	12
22	20538	11
22	20539	10
22	20540	9
22	20541	9
22	20542	9
22	20543	9
22	20544	9
22	20545	10
22	20546	9
22	20547	9
22	20548	9
22	20549	9
22	20550	9
22	20551	8
22	20552	9
22	20553	10
22	20554	11
22	20555	11
22	20556	11
22	20557	12
22	20558	12
22	20559	12
22	20560	12
22	20561	13
22	20562	12
22	20563	12
22	20564	12
22	20565	12
22	20566	13
22	20567	13
22	20568	11
22	20569	12
22	20570	11
22	20571	11
22	20572	11
22	20573	10
22	20574	10
22	20575	10
22	20576	10
22	20577	10
22	20578	10
22	20579	10
22	20580	10
22	20581	9
22	20582	9
22	20583	7
22	20584	7
22	20585	7
22	20586	7
22	20587	7
22	20588	7
22	20589	7
22	20590	7
22	20591	6
22	20592	6
22	20593	6
22	20594	6
22	20595	6
22	20596	6
22	20597	6
22	20598	7
22	20599	7
22	20600	7
22	20601	7
22	20602	8
22	20603	8
22	20604	9
22	20605	10
22	20606	10
22	20607	11
22	20608	11
22	20609	11
22	20610	13
22	20611	13
22	20612	13
22	20613	13
22	20614	13
22	20615	14
22	20616	14
22	20617	14
22	20618	15
22	20619	15
22	20620	15
22	20621	15
22	20622	16
22	20623	16
22	20624	16
22	20625	16
22	20626	16
22	20627	16
22	20628	17
22	20629	17
22	20630	18
22	20631	18
22	20632	18
22	20633	18
22	20634	19
22	20635	21
22	20636	22
22	20637	22
22	20638	23
22	20639	23
22	20640	23
22	20641	24
22	20642	24
22	20643	25
22	20644	26
22	20645	26
22	20646	26
22	20647	26
22	20648	27
22	20649	28
22	20650	26
22	20651	26
22	20652	27
22	20653	28
22	20654	28
22	20655	28
22	20656	30
22	20657	30
22	20658	30
22	20659	30
22	20660	30
22	20661	32
22	20662	35
22	20663	34
22	20664	34
22	20665	34
22	20666	34
22	20667	33
22	20668	33
22	20669	33
22	20670	32
22	20671	35
22	20672	37
22	20673	37
22	20674	37
22	20675	35
22	20676	35
22	20677	35
22	20678	35
22	20679	34
22	20680	34
22	20681	34
22	20682	36
22	20683	37
22	20684	38
22	20685	38
22	20686	38
22	20687	37
22	20688	37
22	20689	36
22	20690	36
22	20691	37
22	20692	37
22	20693	37
22	20694	37
22	20695	37
22	20696	35
22	20697	35
22	20698	35
22	20699	35
22	20700	35
22	20701	35
22	20702	36
22	20703	36
22	20704	36
22	20705	37
22	20706	37
22	20707	35
22	20708	36
22	20709	36
22	20710	38
22	20711	37
22	20712	37
22	20713	38
22	20714	37
22	20715	38
22	20716	37
22	20717	37
22	20718	37
22	20719	36
22	20720	36
22	20721	37
22	20722	37
22	20723	35
22	20724	36
22	20725	37
22	20726	36
22	20727	34
22	20728	34
22	20729	34
22	20730	33
22	20731	33
22	20732	32
22	20733	32
22	20734	31
22	20735	33
22	20736	33
22	20737	34
22	20738	33
22	20739	33
22	20740	32
22	20741	33
22	20742	34
22	20743	35
22	20744	35
22	20745	36
22	20746	36
22	20747	35
22	20748	34
22	20749	34
22	20750	34
22	20751	34
22	20752	34
22	20753	35
22	20754	35
22	20755	35
22	20756	33
22	20757	33
22	20758	34
22	20759	35
22	20760	35
22	20761	35
22	20762	35
22	20763	35
22	20764	34
22	20765	35
22	20766	34
22	20767	33
22	20768	33
22	20769	34
22	20770	34
22	20771	35
22	20772	33
22	20773	32
22	20774	33
22	20775	33
22	20776	33
22	20777	32
22	20778	29
22	20779	30
22	20780	30
22	20781	30
22	20782	30
22	20783	30
22	20784	30
22	20785	30
22	20786	30
22	20787	30
22	20788	30
22	20789	30
22	20790	30
22	20791	30
22	20792	31
22	20793	31
22	20794	31
22	20795	31
22	20796	31
22	20797	32
22	20798	32
22	20799	32
22	20800	32
22	20801	31
22	20802	30
22	20803	30
22	20804	31
22	20805	31
22	20806	30
22	20807	30
22	20808	31
22	20809	32
22	20810	32
22	20811	31
22	20812	31
22	20813	31
22	20814	30
22	20815	31
22	20816	31
22	20817	31
22	20818	32
22	20819	32
22	20820	33
22	20821	33
22	20822	33
22	20823	33
22	20824	33
22	20825	32
22	20826	31
22	20827	31
22	20828	31
22	20829	31
22	20830	32
22	20831	32
22	20832	32
22	20833	34
22	20834	34
22	20835	34
22	20836	32
22	20837	31
22	20838	31
22	20839	31
22	20840	33
22	20841	35
22	20842	36
22	20843	37
22	20844	37
22	20845	37
22	20846	38
22	20847	39
22	20848	40
22	20849	40
22	20850	40
22	20851	42
22	20852	42
22	20853	42
22	20854	42
22	20855	41
22	20856	40
22	20857	40
22	20858	40
22	20859	40
22	20860	40
22	20861	40
22	20862	40
22	20863	42
22	20864	43
22	20865	43
22	20866	43
22	20867	43
22	20868	42
22	20869	42
22	20870	42
22	20871	41
22	20872	41
22	20873	40
22	20874	39
22	20875	39
22	20876	38
22	20877	38
22	20878	37
22	20879	37
22	20880	38
22	20881	38
22	20882	39
22	20883	39
22	20884	39
22	20885	40
22	20886	38
22	20887	37
22	20888	36
22	20889	36
22	20890	35
22	20891	35
22	20892	33
22	20893	33
22	20894	32
22	20895	31
22	20896	31
22	20897	33
22	20898	32
22	20899	32
22	20900	33
22	20901	33
22	20902	33
22	20903	32
22	20904	31
22	20905	32
22	20906	32
22	20907	32
22	20908	31
22	20909	30
22	20910	30
22	20911	30
22	20912	30
22	20913	30
22	20914	30
22	20915	30
22	20916	30
22	20917	28
22	20918	28
22	20919	28
22	20920	28
22	20921	27
22	20922	27
22	20923	26
22	20924	26
22	20925	26
22	20926	26
22	20927	24
22	20928	24
22	20929	23
22	20930	23
22	20931	22
22	20932	22
22	20933	21
22	20934	21
22	20935	21
22	20936	20
22	20937	20
22	20938	20
22	20939	20
22	20940	20
22	20941	19
22	20942	19
22	20943	18
22	20944	18
22	20945	18
22	20946	17
22	20947	17
22	20948	17
22	20949	17
22	20950	17
22	20951	16
22	20952	15
22	20953	15
22	20954	15
22	20955	15
22	20956	15
22	20957	14
22	20958	14
22	20959	13
22	20960	12
22	20961	11
22	20962	11
22	20963	10
22	20964	9
22	20965	9
22	20966	9
22	20967	9
22	20968	9
22	20969	8
22	20970	8
22	20971	8
22	20972	8
22	20973	8
22	20974	7
22	20975	7
22	20976	6
22	20977	6
22	20978	6
22	20979	5
22	20980	5
22	20981	7
22	20982	7
22	20983	7
22	20984	7
22	20985	7
22	20986	7
22	20987	7
22	20988	7
22	20989	8
22	20990	9
22	20991	9
22	20992	10
22	20993	10
22	20994	10
22	20995	10
22	20996	11
22	20997	10
22	20998	10
22	20999	10
22	21000	10
22	21001	10
22	21002	11
22	21003	11
22	21004	11
22	21005	11
22	21006	11
22	21007	11
22	21008	11
22	21009	11
22	21010	11
22	21011	11
22	21012	11
22	21013	11
22	21014	12
22	21015	12
22	21016	12
22	21017	11
22	21018	12
22	21019	12
22	21020	12
22	21021	12
22	21022	12
22	21023	12
22	21024	11
22	21025	11
22	21026	11
22	21027	11
22	21028	11
22	21029	11
22	21030	11
22	21031	11
22	21032	11
22	21033	11
22	21034	11
22	21035	11
22	21036	11
22	21037	11
22	21038	11
22	21039	11
22	21040	11
22	21041	11
22	21042	11
22	21043	11
22	21044	10
22	21045	10
22	21046	10
22	21047	10
22	21048	11
22	21049	11
22	21050	11
22	21051	12
22	21052	12
22	21053	13
22	21054	14
22	21055	15
22	21056	15
22	21057	16
22	21058	16
22	21059	17
22	21060	16
22	21061	16
22	21062	16
22	21063	16
22	21064	16
22	21065	18
22	21066	18
22	21067	18
22	21068	18
22	21069	19
22	21070	19
22	21071	19
22	21072	19
22	21073	19
22	21074	20
22	21075	20
22	21076	20
22	21077	20
22	21078	19
22	21079	19
22	21080	19
22	21081	21
22	21082	21
22	21083	21
22	21084	22
22	21085	23
22	21086	23
22	21087	23
22	21088	25
22	21089	25
22	21090	25
22	21091	25
22	21092	27
22	21093	27
22	21094	28
22	21095	29
22	21096	28
22	21097	29
22	21098	30
22	21099	30
22	21100	31
22	21101	31
22	21102	30
22	21103	30
22	21104	30
22	21105	31
22	21106	32
22	21107	33
22	21108	33
22	21109	33
22	21110	33
22	21111	32
22	21112	32
22	21113	32
22	21114	33
22	21115	33
22	21116	34
22	21117	34
22	21118	34
22	21119	34
22	21120	35
22	21121	35
22	21122	36
22	21123	37
22	21124	37
22	21125	37
22	21126	37
22	21127	35
22	21128	37
22	21129	38
22	21130	38
22	21131	38
22	21132	38
22	21133	39
22	21134	40
22	21135	40
22	21136	41
22	21137	41
22	21138	43
22	21139	42
22	21140	43
22	21141	42
22	21142	41
22	21143	41
22	21144	40
22	21145	40
22	21146	39
22	21147	41
22	21148	40
22	21149	41
22	21150	42
22	21151	41
22	21152	41
22	21153	40
22	21154	40
22	21155	40
22	21156	41
22	21157	43
22	21158	44
22	21159	45
22	21160	45
22	21161	45
22	21162	44
22	21163	43
22	21164	44
22	21165	44
22	21166	44
22	21167	44
22	21168	44
22	21169	43
22	21170	43
22	21171	43
22	21172	43
22	21173	44
22	21174	44
22	21175	44
22	21176	44
22	21177	43
22	21178	43
22	21179	43
22	21180	43
22	21181	42
22	21182	42
22	21183	41
22	21184	41
22	21185	40
22	21186	41
22	21187	42
22	21188	43
22	21189	43
22	21190	41
22	21191	41
22	21192	41
22	21193	43
22	21194	43
22	21195	42
22	21196	41
22	21197	40
22	21198	41
22	21199	40
22	21200	39
22	21201	39
22	21202	39
22	21203	39
22	21204	39
22	21205	39
22	21206	38
22	21207	39
22	21208	40
22	21209	40
22	21210	40
22	21211	40
22	21212	40
22	21213	40
22	21214	40
22	21215	40
22	21216	39
22	21217	37
22	21218	37
22	21219	37
22	21220	37
22	21221	37
22	21222	37
22	21223	37
22	21224	36
22	21225	35
22	21226	34
22	21227	34
22	21228	33
22	21229	33
22	21230	32
22	21231	34
22	21232	35
22	21233	36
22	21234	36
22	21235	36
22	21236	36
22	21237	36
22	21238	36
22	21239	37
22	21240	38
22	21241	38
22	21242	38
22	21243	39
22	21244	39
22	21245	39
22	21246	40
22	21247	41
22	21248	42
22	21249	42
22	21250	42
22	21251	42
22	21252	42
22	21253	41
22	21254	43
22	21255	45
22	21256	46
22	21257	45
22	21258	46
22	21259	47
22	21260	49
22	21261	48
22	21262	49
22	21263	49
22	21264	49
22	21265	50
22	21266	49
22	21267	48
22	21268	50
22	21269	49
22	21270	49
22	21271	49
22	21272	47
22	21273	47
22	21274	48
22	21275	48
22	21276	48
22	21277	47
22	21278	46
22	21279	44
22	21280	44
22	21281	45
22	21282	46
22	21283	47
22	21284	46
22	21285	47
22	21286	47
22	21287	46
22	21288	46
22	21289	46
22	21290	46
22	21291	46
22	21292	46
22	21293	48
22	21294	48
22	21295	49
22	21296	49
22	21297	48
22	21298	48
22	21299	48
22	21300	48
22	21301	48
22	21302	48
22	21303	47
22	21304	47
22	21305	43
22	21306	44
22	21307	44
22	21308	45
22	21309	45
22	21310	46
22	21311	47
22	21312	45
22	21313	44
22	21314	44
22	21315	43
22	21316	43
22	21317	44
22	21318	44
22	21319	45
22	21320	46
22	21321	47
22	21322	48
22	21323	49
22	21324	49
22	21325	48
22	21326	47
22	21327	46
22	21328	47
22	21329	47
22	21330	47
22	21331	47
22	21332	46
22	21333	46
22	21334	46
22	21335	45
22	21336	44
22	21337	44
22	21338	43
22	21339	43
22	21340	43
22	21341	44
22	21342	44
22	21343	44
22	21344	43
22	21345	42
22	21346	42
22	21347	41
22	21348	41
22	21349	40
22	21350	40
22	21351	40
22	21352	39
22	21353	38
22	21354	38
22	21355	37
22	21356	37
22	21357	37
22	21358	37
22	21359	37
22	21360	38
22	21361	38
22	21362	38
22	21363	38
22	21364	39
22	21365	39
22	21366	39
22	21367	40
22	21368	39
22	21369	40
22	21370	41
22	21371	42
22	21372	43
22	21373	43
22	21374	43
22	21375	43
22	21376	43
22	21377	43
22	21378	44
22	21379	44
22	21380	44
22	21381	44
22	21382	43
22	21383	42
22	21384	43
22	21385	44
22	21386	45
22	21387	45
22	21388	47
22	21389	45
22	21390	45
22	21391	44
22	21392	42
22	21393	43
22	21394	42
22	21395	43
22	21396	43
22	21397	43
22	21398	44
22	21399	45
22	21400	45
22	21401	46
22	21402	46
22	21403	45
22	21404	47
22	21405	46
22	21406	46
22	21407	45
22	21408	44
22	21409	45
22	21410	45
22	21411	44
22	21412	43
22	21413	45
22	21414	45
22	21415	45
22	21416	45
22	21417	44
22	21418	43
22	21419	43
22	21420	43
22	21421	43
22	21422	43
22	21423	42
22	21424	41
22	21425	41
22	21426	41
22	21427	41
22	21428	40
22	21429	40
22	21430	39
22	21431	38
22	21432	36
22	21433	37
22	21434	37
22	21435	36
22	21436	37
22	21437	37
22	21438	36
22	21439	36
22	21440	35
22	21441	35
22	21442	35
22	21443	35
22	21444	35
22	21445	36
22	21446	36
22	21447	36
22	21448	37
22	21449	38
22	21450	37
22	21451	38
22	21452	38
22	21453	37
22	21454	37
22	21455	38
22	21456	39
22	21457	39
22	21458	39
22	21459	39
22	21460	38
22	21461	38
22	21462	38
22	21463	38
22	21464	38
22	21465	38
22	21466	37
22	21467	38
22	21468	38
22	21469	37
22	21470	36
22	21471	36
22	21472	35
22	21473	35
22	21474	36
22	21475	37
22	21476	39
22	21477	39
22	21478	41
22	21479	43
22	21480	42
22	21481	43
22	21482	44
22	21483	44
22	21484	44
22	21485	44
22	21486	45
22	21487	45
22	21488	45
22	21489	45
22	21490	46
22	21491	46
22	21492	44
22	21493	44
22	21494	45
22	21495	44
22	21496	44
22	21497	45
22	21498	47
22	21499	48
22	21500	49
22	21501	50
22	21502	50
22	21503	50
22	21504	52
22	21505	50
22	21506	50
22	21507	50
22	21508	52
22	21509	53
22	21510	53
22	21511	52
22	21512	51
22	21513	53
22	21514	52
22	21515	53
22	21516	54
22	21517	55
22	21518	56
22	21519	57
22	21520	56
22	21521	56
22	21522	56
22	21523	55
22	21524	55
22	21525	54
22	21526	54
22	21527	55
22	21528	55
22	21529	54
22	21530	53
22	21531	54
22	21532	54
22	21533	54
22	21534	54
22	21535	53
22	21536	53
22	21537	50
22	21538	47
22	21539	47
22	21540	47
22	21541	49
22	21542	50
22	21543	50
22	21544	50
22	21545	50
22	21546	48
22	21547	45
22	21548	41
22	21549	42
22	21550	41
22	21551	41
22	21552	42
22	21553	41
22	21554	38
22	21555	37
22	21556	37
22	21557	36
22	21558	37
22	21559	37
22	21560	37
22	21561	37
22	21562	37
22	21563	35
22	21564	34
22	21565	34
22	21566	35
22	21567	36
22	21568	37
22	21569	37
22	21570	36
22	21571	37
22	21572	36
22	21573	36
22	21574	36
22	21575	35
22	21576	35
22	21577	35
22	21578	34
22	21579	35
22	21580	33
22	21581	32
22	21582	31
22	21583	32
22	21584	33
22	21585	34
22	21586	35
22	21587	37
22	21588	38
22	21589	38
22	21590	38
22	21591	39
22	21592	39
22	21593	39
22	21594	39
22	21595	39
22	21596	39
22	21597	40
22	21598	40
22	21599	41
22	21600	41
22	21601	41
22	21602	42
22	21603	42
22	21604	41
22	21605	41
22	21606	39
22	21607	39
22	21608	39
22	21609	39
22	21610	39
22	21611	39
22	21612	40
22	21613	39
22	21614	38
22	21615	38
22	21616	38
22	21617	36
22	21618	36
22	21619	36
22	21620	36
22	21621	36
22	21622	36
22	21623	37
22	21624	37
22	21625	37
22	21626	37
22	21627	37
22	21628	38
22	21629	38
22	21630	37
22	21631	39
22	21632	39
22	21633	39
22	21634	40
22	21635	40
22	21636	40
22	21637	39
22	21638	41
22	21639	42
22	21640	40
22	21641	39
22	21642	39
22	21643	39
22	21644	39
22	21645	39
22	21646	40
22	21647	40
22	21648	40
22	21649	37
22	21650	37
22	21651	36
22	21652	36
22	21653	36
22	21654	36
22	21655	37
22	21656	38
22	21657	39
22	21658	39
22	21659	40
22	21660	40
22	21661	41
22	21662	41
22	21663	41
22	21664	40
22	21665	39
22	21666	40
22	21667	39
22	21668	39
22	21669	38
22	21670	37
22	21671	36
22	21672	36
22	21673	37
22	21674	36
22	21675	36
22	21676	36
22	21677	36
22	21678	35
22	21679	35
22	21680	34
22	21681	32
22	21682	32
22	21683	32
22	21684	32
22	21685	33
22	21686	35
22	21687	35
22	21688	37
22	21689	37
22	21690	38
22	21691	40
22	21692	40
22	21693	40
22	21694	40
22	21695	41
22	21696	42
22	21697	42
22	21698	42
22	21699	42
22	21700	43
22	21701	43
22	21702	42
22	21703	42
22	21704	41
22	21705	42
22	21706	41
22	21707	41
22	21708	41
22	21709	42
22	21710	43
22	21711	43
22	21712	43
22	21713	43
22	21714	43
22	21715	43
22	21716	43
22	21717	44
22	21718	44
22	21719	44
22	21720	45
22	21721	44
22	21722	45
22	21723	45
22	21724	43
22	21725	42
22	21726	43
22	21727	41
22	21728	38
22	21729	39
22	21730	39
22	21731	38
22	21732	38
22	21733	36
22	21734	36
22	21735	35
22	21736	36
22	21737	36
22	21738	37
22	21739	37
22	21740	38
22	21741	38
22	21742	37
22	21743	37
22	21744	38
22	21745	37
22	21746	36
22	21747	36
22	21748	36
22	21749	35
22	21750	35
22	21751	35
22	21752	34
22	21753	34
22	21754	34
22	21755	34
22	21756	34
22	21757	34
22	21758	34
22	21759	35
22	21760	34
22	21761	35
22	21762	35
22	21763	35
22	21764	34
22	21765	34
22	21766	36
22	21767	36
22	21768	36
22	21769	36
22	21770	35
22	21771	37
22	21772	37
22	21773	37
22	21774	36
22	21775	35
22	21776	34
22	21777	35
22	21778	36
22	21779	38
22	21780	41
22	21781	41
22	21782	40
22	21783	40
22	21784	40
22	21785	40
22	21786	41
22	21787	41
22	21788	41
22	21789	42
22	21790	42
22	21791	42
22	21792	42
22	21793	43
22	21794	43
22	21795	43
22	21796	44
22	21797	44
22	21798	45
22	21799	45
22	21800	45
22	21801	45
22	21802	45
22	21803	45
22	21804	46
22	21805	45
22	21806	46
22	21807	46
22	21808	45
22	21809	45
22	21810	44
22	21811	43
22	21812	42
22	21813	42
22	21814	42
22	21815	43
22	21816	43
22	21817	43
22	21818	42
22	21819	42
22	21820	42
22	21821	42
22	21822	43
22	21823	43
22	21824	43
22	21825	42
22	21826	41
22	21827	40
22	21828	42
22	21829	43
22	21830	43
22	21831	42
22	21832	42
22	21833	43
22	21834	43
22	21835	43
22	21836	43
22	21837	42
22	21838	42
22	21839	43
22	21840	41
22	21841	42
22	21842	42
22	21843	43
22	21844	42
22	21845	41
22	21846	40
22	21847	41
22	21848	41
22	21849	41
22	21850	41
22	21851	43
22	21852	44
22	21853	45
22	21854	44
22	21855	42
22	21856	40
22	21857	41
22	21858	41
22	21859	41
22	21860	40
22	21861	40
22	21862	40
22	21863	40
22	21864	41
22	21865	40
22	21866	41
22	21867	43
22	21868	43
22	21869	44
22	21870	44
22	21871	45
22	21872	44
22	21873	45
22	21874	45
22	21875	46
22	21876	47
22	21877	47
22	21878	47
22	21879	46
22	21880	45
22	21881	44
22	21882	44
22	21883	45
22	21884	45
22	21885	45
22	21886	44
22	21887	45
22	21888	45
22	21889	46
22	21890	47
22	21891	48
22	21892	45
22	21893	45
22	21894	44
22	21895	45
22	21896	46
22	21897	46
22	21898	46
22	21899	46
22	21900	45
22	21901	43
22	21902	44
22	21903	44
22	21904	43
22	21905	43
22	21906	44
22	21907	44
22	21908	43
22	21909	43
22	21910	43
22	21911	42
22	21912	41
22	21913	41
22	21914	39
22	21915	39
22	21916	39
22	21917	39
22	21918	39
22	21919	38
22	21920	38
22	21921	38
22	21922	38
22	21923	36
22	21924	35
22	21925	35
22	21926	35
22	21927	34
22	21928	33
22	21929	33
22	21930	31
22	21931	32
22	21932	33
22	21933	31
22	21934	28
22	21935	29
22	21936	30
22	21937	31
22	21938	32
22	21939	32
22	21940	31
22	21941	31
22	21942	31
22	21943	32
22	21944	30
22	21945	31
22	21946	32
22	21947	32
22	21948	32
22	21949	34
22	21950	34
22	21951	35
22	21952	35
22	21953	36
22	21954	36
22	21955	36
22	21956	36
22	21957	36
22	21958	36
22	21959	36
22	21960	36
22	21961	35
22	21962	35
22	21963	35
22	21964	35
22	21965	36
22	21966	36
22	21967	37
22	21968	36
22	21969	37
22	21970	38
22	21971	38
22	21972	38
22	21973	37
22	21974	35
22	21975	36
22	21976	36
22	21977	37
22	21978	37
22	21979	37
22	21980	37
22	21981	37
22	21982	38
22	21983	37
22	21984	39
22	21985	39
22	21986	39
22	21987	39
22	21988	41
22	21989	40
22	21990	41
22	21991	41
22	21992	40
22	21993	40
22	21994	40
22	21995	40
22	21996	41
22	21997	41
22	21998	41
22	21999	42
22	22000	43
22	22001	44
22	22002	44
22	22003	45
22	22004	46
22	22005	46
22	22006	45
22	22007	45
22	22008	46
22	22009	46
22	22010	46
22	22011	46
22	22012	46
22	22013	45
22	22014	44
22	22015	43
22	22016	43
22	22017	43
22	22018	42
22	22019	42
22	22020	42
22	22021	41
22	22022	40
22	22023	38
22	22024	38
22	22025	39
22	22026	38
22	22027	38
22	22028	37
22	22029	36
22	22030	36
22	22031	37
22	22032	37
22	22033	37
22	22034	37
22	22035	36
22	22036	35
22	22037	35
22	22038	35
22	22039	35
22	22040	34
22	22041	35
22	22042	35
22	22043	35
22	22044	35
22	22045	35
22	22046	33
22	22047	32
22	22048	33
22	22049	34
22	22050	35
22	22051	34
22	22052	33
22	22053	33
22	22054	33
22	22055	34
22	22056	35
22	22057	34
22	22058	34
22	22059	34
22	22060	34
22	22061	33
22	22062	33
22	22063	35
22	22064	35
22	22065	35
22	22066	35
22	22067	35
22	22068	35
22	22069	34
22	22070	33
22	22071	34
22	22072	34
22	22073	34
22	22074	34
22	22075	34
22	22076	34
22	22077	33
22	22078	32
22	22079	31
22	22080	32
22	22081	32
22	22082	32
22	22083	31
22	22084	30
22	22085	31
22	22086	30
22	22087	31
22	22088	31
22	22089	31
22	22090	30
22	22091	30
22	22092	29
22	22093	29
22	22094	28
22	22095	28
22	22096	28
22	22097	26
22	22098	28
22	22099	29
22	22100	29
22	22101	30
22	22102	29
22	22103	29
22	22104	28
22	22105	28
22	22106	28
22	22107	30
22	22108	29
22	22109	30
22	22110	29
22	22111	29
22	22112	29
22	22113	29
22	22114	30
22	22115	30
22	22116	33
22	22117	34
22	22118	34
22	22119	34
22	22120	35
22	22121	36
22	22122	37
22	22123	38
22	22124	38
22	22125	38
22	22126	38
22	22127	36
22	22128	34
22	22129	35
22	22130	35
22	22131	36
22	22132	35
22	22133	35
22	22134	35
22	22135	35
22	22136	36
22	22137	36
22	22138	37
22	22139	37
22	22140	39
22	22141	38
22	22142	38
22	22143	38
22	22144	38
22	22145	38
22	22146	39
22	22147	38
22	22148	39
22	22149	40
22	22150	40
22	22151	40
22	22152	40
22	22153	41
22	22154	41
22	22155	42
22	22156	42
22	22157	42
22	22158	43
22	22159	43
22	22160	42
22	22161	43
22	22162	42
22	22163	41
22	22164	42
22	22165	41
22	22166	41
22	22167	41
22	22168	41
22	22169	41
22	22170	38
22	22171	39
22	22172	39
22	22173	39
22	22174	39
22	22175	39
22	22176	40
22	22177	40
22	22178	39
22	22179	39
22	22180	39
22	22181	38
22	22182	38
22	22183	38
22	22184	37
22	22185	36
22	22186	38
22	22187	40
22	22188	40
22	22189	40
22	22190	41
22	22191	41
22	22192	39
22	22193	39
22	22194	39
22	22195	41
22	22196	41
22	22197	39
22	22198	39
22	22199	39
22	22200	40
22	22201	41
22	22202	42
22	22203	43
22	22204	42
22	22205	42
22	22206	42
22	22207	41
22	22208	42
22	22209	43
22	22210	43
22	22211	43
22	22212	44
22	22213	44
22	22214	44
22	22215	43
22	22216	43
22	22217	44
22	22218	45
22	22219	45
22	22220	45
22	22221	44
22	22222	43
22	22223	42
22	22224	41
22	22225	41
22	22226	41
22	22227	41
22	22228	41
22	22229	41
22	22230	42
22	22231	43
22	22232	43
22	22233	44
22	22234	43
22	22235	43
22	22236	41
22	22237	42
22	22238	42
22	22239	44
22	22240	46
22	22241	46
22	22242	46
22	22243	48
22	22244	49
22	22245	49
22	22246	50
22	22247	50
22	22248	50
22	22249	49
22	22250	50
22	22251	50
22	22252	51
22	22253	51
22	22254	51
22	22255	51
22	22256	50
22	22257	49
22	22258	49
22	22259	48
22	22260	50
22	22261	49
22	22262	48
22	22263	48
22	22264	49
22	22265	49
22	22266	47
22	22267	46
22	22268	46
22	22269	46
22	22270	46
22	22271	45
22	22272	45
22	22273	45
22	22274	45
22	22275	45
22	22276	43
22	22277	43
22	22278	44
22	22279	43
22	22280	42
22	22281	42
22	22282	42
22	22283	42
22	22284	42
22	22285	41
22	22286	41
22	22287	40
22	22288	40
22	22289	38
22	22290	38
22	22291	38
22	22292	37
22	22293	36
22	22294	34
22	22295	33
22	22296	33
22	22297	34
22	22298	34
22	22299	34
22	22300	34
22	22301	35
22	22302	35
22	22303	34
22	22304	35
22	22305	34
22	22306	34
22	22307	34
22	22308	34
22	22309	34
22	22310	33
22	22311	32
22	22312	32
22	22313	32
22	22314	30
22	22315	30
22	22316	29
22	22317	28
22	22318	28
22	22319	29
22	22320	29
22	22321	28
22	22322	28
22	22323	27
22	22324	25
22	22325	24
22	22326	24
22	22327	25
22	22328	25
22	22329	25
22	22330	24
22	22331	23
22	22332	21
22	22333	23
22	22334	25
22	22335	24
22	22336	23
22	22337	23
22	22338	21
22	22339	21
22	22340	22
22	22341	21
22	22342	20
22	22343	21
22	22344	22
22	22345	23
22	22346	23
22	22347	23
22	22348	23
22	22349	24
22	22350	24
22	22351	24
22	22352	24
22	22353	24
22	22354	24
22	22355	24
22	22356	24
22	22357	23
22	22358	23
22	22359	24
22	22360	25
22	22361	26
22	22362	26
22	22363	27
22	22364	27
22	22365	27
22	22366	27
22	22367	27
22	22368	27
22	22369	27
22	22370	27
22	22371	26
22	22372	26
22	22373	25
22	22374	24
22	22375	23
22	22376	24
22	22377	25
22	22378	25
22	22379	25
22	22380	26
22	22381	25
22	22382	25
22	22383	26
22	22384	27
22	22385	28
22	22386	29
22	22387	30
22	22388	28
22	22389	28
22	22390	28
22	22391	28
22	22392	28
22	22393	29
22	22394	29
22	22395	29
22	22396	29
22	22397	29
22	22398	28
22	22399	28
22	22400	28
22	22401	28
22	22402	29
22	22403	29
22	22404	29
22	22405	30
22	22406	30
22	22407	31
22	22408	31
22	22409	31
22	22410	30
22	22411	30
22	22412	31
22	22413	31
22	22414	31
22	22415	31
22	22416	32
22	22417	32
22	22418	32
22	22419	31
22	22420	31
22	22421	31
22	22422	31
22	22423	31
22	22424	31
22	22425	30
22	22426	30
22	22427	31
22	22428	32
22	22429	32
22	22430	33
22	22431	33
22	22432	32
22	22433	32
22	22434	32
22	22435	32
22	22436	32
22	22437	32
22	22438	32
22	22439	33
22	22440	33
22	22441	33
22	22442	34
22	22443	35
22	22444	35
22	22445	36
22	22446	37
22	22447	37
22	22448	38
22	22449	37
22	22450	37
22	22451	37
22	22452	37
22	22453	37
22	22454	37
22	22455	37
22	22456	37
22	22457	38
22	22458	37
22	22459	36
22	22460	36
22	22461	35
22	22462	35
22	22463	36
22	22464	36
22	22465	36
22	22466	36
22	22467	36
22	22468	37
22	22469	38
22	22470	38
22	22471	36
22	22472	35
22	22473	35
22	22474	36
22	22475	36
22	22476	36
22	22477	35
22	22478	35
22	22479	34
22	22480	33
22	22481	34
22	22482	34
22	22483	35
22	22484	34
22	22485	34
22	22486	34
22	22487	35
22	22488	35
22	22489	35
22	22490	35
22	22491	36
22	22492	36
22	22493	36
22	22494	36
22	22495	37
22	22496	35
22	22497	36
22	22498	36
22	22499	35
22	22500	34
22	22501	34
22	22502	34
22	22503	34
22	22504	35
22	22505	35
22	22506	33
22	22507	34
22	22508	35
22	22509	36
22	22510	37
22	22511	37
22	22512	36
22	22513	36
22	22514	35
22	22515	35
22	22516	34
22	22517	34
22	22518	34
22	22519	33
22	22520	33
22	22521	33
22	22522	31
22	22523	30
22	22524	30
22	22525	29
22	22526	28
22	22527	29
22	22528	28
22	22529	29
22	22530	29
22	22531	29
22	22532	29
22	22533	30
22	22534	30
22	22535	30
22	22536	30
22	22537	28
22	22538	28
22	22539	29
22	22540	30
22	22541	31
22	22542	31
22	22543	31
22	22544	32
22	22545	33
22	22546	35
22	22547	35
22	22548	35
22	22549	35
22	22550	36
22	22551	36
22	22552	37
22	22553	37
22	22554	36
22	22555	36
22	22556	38
22	22557	39
22	22558	39
22	22559	38
22	22560	38
22	22561	39
22	22562	38
22	22563	38
22	22564	37
22	22565	37
22	22566	37
22	22567	38
22	22568	37
22	22569	38
22	22570	38
22	22571	39
22	22572	38
22	22573	38
22	22574	38
22	22575	39
22	22576	40
22	22577	40
22	22578	39
22	22579	38
22	22580	38
22	22581	37
22	22582	37
22	22583	36
22	22584	36
22	22585	36
22	22586	37
22	22587	37
22	22588	37
22	22589	40
22	22590	40
22	22591	39
22	22592	40
22	22593	40
22	22594	40
22	22595	40
22	22596	40
22	22597	40
22	22598	41
22	22599	42
22	22600	42
22	22601	42
22	22602	42
22	22603	42
22	22604	42
22	22605	43
22	22606	42
22	22607	42
22	22608	42
22	22609	40
22	22610	41
22	22611	40
22	22612	40
22	22613	40
22	22614	42
22	22615	43
22	22616	43
22	22617	42
22	22618	41
22	22619	42
22	22620	43
22	22621	43
22	22622	45
22	22623	46
22	22624	45
22	22625	46
22	22626	46
22	22627	47
22	22628	46
22	22629	47
22	22630	48
22	22631	48
22	22632	47
22	22633	48
22	22634	46
22	22635	45
22	22636	45
22	22637	45
22	22638	46
22	22639	46
22	22640	46
22	22641	48
22	22642	48
22	22643	48
22	22644	49
22	22645	50
22	22646	51
22	22647	51
22	22648	50
22	22649	51
22	22650	51
22	22651	51
22	22652	52
22	22653	53
22	22654	54
22	22655	54
22	22656	53
22	22657	53
22	22658	53
22	22659	54
22	22660	54
22	22661	54
22	22662	53
22	22663	53
22	22664	52
22	22665	51
22	22666	51
22	22667	51
22	22668	51
22	22669	50
22	22670	50
22	22671	50
22	22672	49
22	22673	48
22	22674	48
22	22675	48
22	22676	48
22	22677	48
22	22678	47
22	22679	47
22	22680	44
22	22681	43
22	22682	41
22	22683	42
22	22684	42
22	22685	41
22	22686	40
22	22687	39
22	22688	38
22	22689	38
22	22690	38
22	22691	37
22	22692	36
22	22693	36
22	22694	35
22	22695	34
22	22696	34
22	22697	34
22	22698	34
22	22699	33
22	22700	33
22	22701	32
22	22702	33
22	22703	33
22	22704	33
22	22705	32
22	22706	31
22	22707	31
22	22708	31
22	22709	31
22	22710	31
22	22711	31
22	22712	32
22	22713	31
22	22714	32
22	22715	32
22	22716	32
22	22717	33
22	22718	33
22	22719	33
22	22720	33
22	22721	33
22	22722	33
22	22723	33
22	22724	33
22	22725	33
22	22726	33
22	22727	33
22	22728	32
22	22729	31
22	22730	31
22	22731	31
22	22732	31
22	22733	31
22	22734	32
22	22735	31
22	22736	32
22	22737	32
22	22738	32
22	22739	33
22	22740	34
22	22741	36
22	22742	36
22	22743	36
22	22744	36
22	22745	36
22	22746	36
22	22747	36
22	22748	37
22	22749	37
22	22750	38
22	22751	38
22	22752	38
22	22753	37
22	22754	37
22	22755	37
22	22756	37
22	22757	37
22	22758	36
22	22759	36
22	22760	36
22	22761	36
22	22762	36
22	22763	35
22	22764	35
22	22765	34
22	22766	35
22	22767	35
22	22768	35
22	22769	34
22	22770	34
22	22771	34
22	22772	34
22	22773	34
22	22774	34
22	22775	35
22	22776	35
22	22777	36
22	22778	35
22	22779	34
22	22780	34
22	22781	34
22	22782	34
22	22783	34
22	22784	35
22	22785	34
22	22786	33
22	22787	34
22	22788	33
22	22789	33
22	22790	32
22	22791	33
22	22792	32
22	22793	32
22	22794	31
22	22795	31
22	22796	30
22	22797	32
22	22798	31
22	22799	31
22	22800	31
22	22801	31
22	22802	31
22	22803	31
22	22804	31
22	22805	30
22	22806	31
22	22807	32
22	22808	32
22	22809	33
22	22810	33
22	22811	33
22	22812	33
22	22813	32
22	22814	32
22	22815	32
22	22816	32
22	22817	33
22	22818	35
22	22819	35
22	22820	35
22	22821	35
22	22822	36
22	22823	37
22	22824	37
22	22825	36
22	22826	36
22	22827	36
22	22828	34
22	22829	34
22	22830	36
22	22831	35
22	22832	34
22	22833	35
22	22834	35
22	22835	35
22	22836	34
22	22837	34
22	22838	34
22	22839	33
22	22840	33
22	22841	33
22	22842	34
22	22843	34
22	22844	34
22	22845	34
22	22846	35
22	22847	35
22	22848	35
22	22849	35
22	22850	35
22	22851	34
22	22852	34
22	22853	34
22	22854	36
22	22855	36
22	22856	36
22	22857	35
22	22858	34
22	22859	35
22	22860	35
22	22861	35
22	22862	34
22	22863	33
22	22864	32
22	22865	32
22	22866	31
22	22867	31
22	22868	31
22	22869	31
22	22870	30
22	22871	30
22	22872	31
22	22873	30
22	22874	31
22	22875	31
22	22876	30
22	22877	31
22	22878	31
22	22879	31
22	22880	30
22	22881	30
22	22882	30
22	22883	32
22	22884	33
22	22885	31
22	22886	29
22	22887	29
22	22888	29
22	22889	29
22	22890	29
22	22891	28
22	22892	28
22	22893	28
22	22894	28
22	22895	28
22	22896	27
22	22897	27
22	22898	27
22	22899	28
22	22900	27
22	22901	27
22	22902	26
22	22903	26
22	22904	26
22	22905	26
22	22906	26
22	22907	26
22	22908	26
22	22909	26
22	22910	27
22	22911	28
22	22912	27
22	22913	28
22	22914	28
22	22915	28
22	22916	29
22	22917	30
22	22918	30
22	22919	31
22	22920	30
22	22921	31
22	22922	31
22	22923	31
22	22924	31
22	22925	31
22	22926	32
22	22927	32
22	22928	31
22	22929	31
22	22930	30
22	22931	29
22	22932	29
22	22933	29
22	22934	29
22	22935	29
22	22936	29
22	22937	29
22	22938	29
22	22939	28
22	22940	28
22	22941	28
22	22942	27
22	22943	27
22	22944	27
22	22945	28
22	22946	27
22	22947	30
22	22948	32
22	22949	32
22	22950	32
22	22951	31
22	22952	32
22	22953	32
22	22954	30
22	22955	32
22	22956	32
22	22957	32
22	22958	32
22	22959	32
22	22960	33
22	22961	33
22	22962	33
22	22963	33
22	22964	33
22	22965	33
22	22966	32
22	22967	31
22	22968	32
22	22969	33
22	22970	34
22	22971	36
22	22972	36
22	22973	37
22	22974	38
22	22975	38
22	22976	38
22	22977	38
22	22978	39
22	22979	39
22	22980	41
22	22981	40
22	22982	40
22	22983	41
22	22984	41
22	22985	40
22	22986	40
22	22987	39
22	22988	39
22	22989	39
22	22990	38
22	22991	39
22	22992	40
22	22993	40
22	22994	39
22	22995	40
22	22996	41
22	22997	40
22	22998	40
22	22999	40
22	23000	40
22	23001	40
22	23002	39
22	23003	40
22	23004	39
22	23005	39
22	23006	40
22	23007	40
22	23008	40
22	23009	40
22	23010	40
22	23011	40
22	23012	39
22	23013	37
22	23014	36
22	23015	36
22	23016	36
22	23017	36
22	23018	36
22	23019	35
22	23020	36
22	23021	36
22	23022	34
22	23023	35
22	23024	35
22	23025	35
22	23026	36
22	23027	36
22	23028	34
22	23029	34
22	23030	32
22	23031	32
22	23032	33
22	23033	33
22	23034	34
22	23035	34
22	23036	35
22	23037	35
22	23038	35
22	23039	36
22	23040	36
22	23041	37
22	23042	36
22	23043	36
22	23044	36
22	23045	37
22	23046	37
22	23047	35
22	23048	35
22	23049	35
22	23050	35
22	23051	35
22	23052	35
22	23053	35
22	23054	37
22	23055	39
22	23056	39
22	23057	39
22	23058	39
22	23059	39
22	23060	38
22	23061	38
22	23062	39
22	23063	39
22	23064	37
22	23065	40
22	23066	39
22	23067	40
22	23068	40
22	23069	40
22	23070	43
22	23071	43
22	23072	43
22	23073	43
22	23074	44
22	23075	44
22	23076	44
22	23077	44
22	23078	44
22	23079	45
22	23080	45
22	23081	45
22	23082	44
22	23083	44
22	23084	43
22	23085	44
22	23086	44
22	23087	45
22	23088	45
22	23089	44
22	23090	44
22	23091	44
22	23092	45
22	23093	45
22	23094	46
22	23095	46
22	23096	46
22	23097	46
22	23098	45
22	23099	44
22	23100	43
22	23101	42
22	23102	41
22	23103	41
22	23104	40
22	23105	40
22	23106	40
22	23107	42
22	23108	45
22	23109	47
22	23110	46
22	23111	46
22	23112	46
22	23113	44
22	23114	46
22	23115	46
22	23116	46
22	23117	46
22	23118	47
22	23119	47
22	23120	48
22	23121	47
22	23122	45
22	23123	45
22	23124	43
22	23125	43
22	23126	45
22	23127	44
22	23128	45
22	23129	46
22	23130	46
22	23131	46
22	23132	46
22	23133	46
22	23134	46
22	23135	45
22	23136	45
22	23137	45
22	23138	47
22	23139	47
22	23140	47
22	23141	46
22	23142	46
22	23143	47
22	23144	48
22	23145	49
22	23146	49
22	23147	50
22	23148	52
22	23149	52
22	23150	53
22	23151	53
22	23152	53
22	23153	55
22	23154	55
22	23155	55
22	23156	55
22	23157	53
22	23158	53
22	23159	54
22	23160	54
22	23161	55
22	23162	55
22	23163	55
22	23164	56
22	23165	56
22	23166	57
22	23167	57
22	23168	57
22	23169	57
22	23170	58
22	23171	57
22	23172	57
22	23173	56
22	23174	56
22	23175	56
22	23176	56
22	23177	56
22	23178	55
22	23179	55
22	23180	55
22	23181	55
22	23182	55
22	23183	54
22	23184	53
22	23185	49
22	23186	49
22	23187	48
22	23188	48
22	23189	47
22	23190	47
22	23191	45
22	23192	45
22	23193	44
22	23194	44
22	23195	44
22	23196	45
22	23197	45
22	23198	45
22	23199	46
22	23200	45
22	23201	45
22	23202	44
22	23203	43
22	23204	43
22	23205	42
22	23206	41
22	23207	41
22	23208	41
22	23209	41
22	23210	42
22	23211	41
22	23212	41
22	23213	40
22	23214	40
22	23215	39
22	23216	40
22	23217	41
22	23218	40
22	23219	39
22	23220	40
22	23221	39
22	23222	40
22	23223	37
22	23224	38
22	23225	37
22	23226	36
22	23227	35
22	23228	34
22	23229	35
22	23230	35
22	23231	34
22	23232	34
22	23233	34
22	23234	35
22	23235	33
22	23236	32
22	23237	32
22	23238	33
22	23239	33
22	23240	32
22	23241	32
22	23242	32
22	23243	32
22	23244	32
22	23245	32
22	23246	34
22	23247	34
22	23248	33
22	23249	33
22	23250	33
22	23251	34
22	23252	35
22	23253	36
22	23254	36
22	23255	36
22	23256	32
22	23257	32
22	23258	32
22	23259	32
22	23260	32
22	23261	32
22	23262	32
22	23263	32
22	23264	32
22	23265	32
22	23266	32
22	23267	32
22	23268	32
22	23269	32
22	23270	32
22	23271	32
22	23272	32
22	23273	31
22	23274	31
22	23275	32
22	23276	31
22	23277	31
22	23278	33
22	23279	33
22	23280	32
22	23281	33
22	23282	35
22	23283	34
22	23284	33
22	23285	33
22	23286	33
22	23287	33
22	23288	32
22	23289	31
22	23290	30
22	23291	29
22	23292	29
22	23293	30
22	23294	29
22	23295	30
22	23296	30
22	23297	29
22	23298	29
22	23299	30
22	23300	30
22	23301	30
22	23302	31
22	23303	31
22	23304	32
22	23305	31
22	23306	30
22	23307	30
22	23308	30
22	23309	30
22	23310	30
22	23311	30
22	23312	30
22	23313	30
22	23314	32
22	23315	32
22	23316	31
22	23317	31
22	23318	31
22	23319	30
22	23320	29
22	23321	30
22	23322	30
22	23323	29
22	23324	28
22	23325	28
22	23326	27
22	23327	26
22	23328	25
22	23329	22
22	23330	22
22	23331	21
22	23332	21
22	23333	21
22	23334	21
22	23335	21
22	23336	21
22	23337	20
22	23338	19
22	23339	20
22	23340	20
22	23341	20
22	23342	20
22	23343	20
22	23344	20
22	23345	21
22	23346	21
22	23347	20
22	23348	20
22	23349	21
22	23350	21
22	23351	21
22	23352	21
22	23353	21
22	23354	21
22	23355	19
22	23356	19
22	23357	17
22	23358	17
22	23359	18
22	23360	19
22	23361	19
22	23362	19
22	23363	19
22	23364	19
22	23365	20
22	23366	21
22	23367	22
22	23368	21
22	23369	20
22	23370	19
22	23371	19
22	23372	19
22	23373	18
22	23374	17
22	23375	17
22	23376	18
22	23377	18
22	23378	19
22	23379	20
22	23380	19
22	23381	19
22	23382	18
22	23383	18
22	23384	17
22	23385	17
22	23386	16
22	23387	15
22	23388	15
22	23389	17
22	23390	16
22	23391	16
22	23392	16
22	23393	18
22	23394	18
22	23395	18
22	23396	18
22	23397	18
22	23398	18
22	23399	18
22	23400	18
22	23401	18
22	23402	18
22	23403	19
22	23404	20
22	23405	20
22	23406	20
22	23407	20
22	23408	21
22	23409	22
22	23410	23
22	23411	26
22	23412	28
22	23413	28
22	23414	30
22	23415	31
22	23416	31
22	23417	32
22	23418	33
22	23419	33
22	23420	33
22	23421	33
22	23422	34
22	23423	36
22	23424	36
22	23425	36
22	23426	36
22	23427	37
22	23428	38
22	23429	38
22	23430	39
22	23431	39
22	23432	39
22	23433	39
22	23434	41
22	23435	43
22	23436	43
22	23437	43
22	23438	44
22	23439	44
22	23440	45
22	23441	45
22	23442	46
22	23443	47
22	23444	47
22	23445	47
22	23446	47
22	23447	47
22	23448	46
22	23449	44
22	23450	44
22	23451	44
22	23452	43
22	23453	43
22	23454	41
22	23455	41
22	23456	43
22	23457	43
22	23458	43
22	23459	43
22	23460	44
22	23461	44
22	23462	44
22	23463	45
22	23464	45
22	23465	45
22	23466	43
22	23467	43
22	23468	45
22	23469	45
22	23470	46
22	23471	45
22	23472	46
22	23473	46
22	23474	47
22	23475	48
22	23476	49
22	23477	49
22	23478	49
22	23479	48
22	23480	47
22	23481	47
22	23482	47
22	23483	47
22	23484	47
22	23485	46
22	23486	46
22	23487	46
22	23488	45
22	23489	45
22	23490	45
22	23491	46
22	23492	45
22	23493	45
22	23494	44
22	23495	44
22	23496	44
22	23497	46
22	23498	47
22	23499	48
22	23500	47
22	23501	47
22	23502	46
22	23503	45
22	23504	45
22	23505	46
22	23506	46
22	23507	46
22	23508	45
22	23509	45
22	23510	45
22	23511	44
22	23512	44
22	23513	41
22	23514	40
22	23515	41
22	23516	41
22	23517	40
22	23518	38
22	23519	37
22	23520	37
22	23521	37
22	23522	37
22	23523	37
22	23524	38
22	23525	38
22	23526	39
22	23527	39
22	23528	39
22	23529	39
22	23530	40
22	23531	39
22	23532	39
22	23533	38
22	23534	37
22	23535	36
22	23536	36
22	23537	36
22	23538	36
22	23539	34
22	23540	33
22	23541	32
22	23542	32
22	23543	32
22	23544	34
22	23545	35
22	23546	35
22	23547	35
22	23548	36
22	23549	36
22	23550	36
22	23551	35
22	23552	36
22	23553	37
22	23554	36
22	23555	37
22	23556	38
22	23557	37
22	23558	39
22	23559	39
22	23560	40
22	23561	39
22	23562	39
22	23563	40
22	23564	40
22	23565	40
22	23566	41
22	23567	42
22	23568	43
22	23569	44
22	23570	45
22	23571	45
22	23572	45
22	23573	44
22	23574	46
22	23575	46
22	23576	46
22	23577	47
22	23578	47
22	23579	47
22	23580	47
22	23581	47
22	23582	47
22	23583	48
22	23584	48
22	23585	47
22	23586	46
22	23587	44
22	23588	44
22	23589	44
22	23590	45
22	23591	45
22	23592	45
22	23593	45
22	23594	45
22	23595	45
22	23596	45
22	23597	45
22	23598	45
22	23599	45
22	23600	45
22	23601	44
22	23602	43
22	23603	40
22	23604	39
22	23605	40
22	23606	40
22	23607	39
22	23608	38
22	23609	38
22	23610	38
22	23611	38
22	23612	38
22	23613	38
22	23614	40
22	23615	39
22	23616	39
22	23617	41
22	23618	41
22	23619	44
22	23620	43
22	23621	42
22	23622	43
22	23623	44
22	23624	43
22	23625	42
22	23626	40
22	23627	40
22	23628	40
22	23629	40
22	23630	40
22	23631	39
22	23632	39
22	23633	37
22	23634	38
22	23635	38
22	23636	39
22	23637	39
22	23638	39
22	23639	39
22	23640	38
22	23641	38
22	23642	37
22	23643	38
22	23644	39
22	23645	39
22	23646	39
22	23647	40
22	23648	40
22	23649	41
22	23650	40
22	23651	39
22	23652	38
22	23653	38
22	23654	37
22	23655	37
22	23656	37
22	23657	37
22	23658	37
22	23659	38
22	23660	37
22	23661	35
22	23662	34
22	23663	34
22	23664	34
22	23665	33
22	23666	33
22	23667	32
22	23668	32
22	23669	32
22	23670	30
22	23671	31
22	23672	32
22	23673	29
22	23674	30
22	23675	30
22	23676	30
22	23677	30
22	23678	31
22	23679	33
22	23680	33
22	23681	34
22	23682	36
22	23683	36
22	23684	35
22	23685	35
22	23686	35
22	23687	35
22	23688	35
22	23689	36
22	23690	35
22	23691	36
22	23692	35
22	23693	35
22	23694	37
22	23695	38
22	23696	38
22	23697	38
22	23698	38
22	23699	37
22	23700	37
22	23701	37
22	23702	38
22	23703	39
22	23704	40
22	23705	40
22	23706	40
22	23707	40
22	23708	41
22	23709	41
22	23710	40
22	23711	39
22	23712	39
22	23713	39
22	23714	38
22	23715	38
22	23716	38
22	23717	37
22	23718	38
22	23719	38
22	23720	37
22	23721	37
22	23722	37
22	23723	37
22	23724	37
22	23725	37
22	23726	37
22	23727	37
22	23728	38
22	23729	37
22	23730	37
22	23731	38
22	23732	37
22	23733	37
22	23734	37
22	23735	37
22	23736	35
22	23737	36
22	23738	38
22	23739	38
22	23740	37
22	23741	36
22	23742	36
22	23743	36
22	23744	37
22	23745	35
22	23746	35
22	23747	36
22	23748	36
22	23749	36
22	23750	35
22	23751	35
22	23752	35
22	23753	34
22	23754	33
22	23755	33
22	23756	32
22	23757	33
22	23758	33
22	23759	35
22	23760	35
22	23761	34
22	23762	34
22	23763	35
22	23764	35
22	23765	37
22	23766	37
22	23767	36
22	23768	36
22	23769	37
22	23770	36
22	23771	36
22	23772	35
22	23773	36
22	23774	36
22	23775	37
22	23776	37
22	23777	37
22	23778	37
22	23779	37
22	23780	37
22	23781	38
22	23782	37
22	23783	37
22	23784	36
22	23785	36
22	23786	36
22	23787	35
22	23788	36
22	23789	36
22	23790	37
22	23791	37
22	23792	37
22	23793	39
22	23794	39
22	23795	39
22	23796	38
22	23797	37
22	23798	37
22	23799	37
22	23800	40
22	23801	40
22	23802	40
22	23803	41
22	23804	41
22	23805	41
22	23806	38
22	23807	37
22	23808	37
22	23809	36
22	23810	35
22	23811	36
22	23812	36
22	23813	35
22	23814	34
22	23815	35
22	23816	36
22	23817	37
22	23818	36
22	23819	36
22	23820	36
22	23821	36
22	23822	36
22	23823	35
22	23824	34
22	23825	33
22	23826	35
22	23827	37
22	23828	36
22	23829	36
22	23830	36
22	23831	36
22	23832	37
22	23833	38
22	23834	40
22	23835	40
22	23836	40
22	23837	40
22	23838	41
22	23839	40
22	23840	39
22	23841	40
22	23842	40
22	23843	39
22	23844	39
22	23845	40
22	23846	40
22	23847	40
22	23848	41
22	23849	40
22	23850	40
22	23851	41
22	23852	41
22	23853	41
22	23854	41
22	23855	41
22	23856	42
22	23857	41
22	23858	41
22	23859	42
22	23860	42
22	23861	43
22	23862	43
22	23863	42
22	23864	42
22	23865	42
22	23866	42
22	23867	42
22	23868	41
22	23869	41
22	23870	42
22	23871	41
22	23872	41
22	23873	41
22	23874	41
22	23875	40
22	23876	41
22	23877	41
22	23878	41
22	23879	41
22	23880	41
22	23881	42
22	23882	42
22	23883	44
22	23884	44
22	23885	43
22	23886	43
22	23887	43
22	23888	43
22	23889	43
22	23890	44
22	23891	43
22	23892	42
22	23893	42
22	23894	42
22	23895	42
22	23896	42
22	23897	43
22	23898	43
22	23899	44
22	23900	44
22	23901	45
22	23902	46
22	23903	47
22	23904	47
22	23905	47
22	23906	47
22	23907	46
22	23908	46
22	23909	46
22	23910	46
22	23911	46
22	23912	46
22	23913	46
22	23914	47
22	23915	47
22	23916	47
22	23917	47
22	23918	48
22	23919	49
22	23920	50
22	23921	51
22	23922	51
22	23923	51
22	23924	51
22	23925	51
22	23926	50
22	23927	50
22	23928	51
22	23929	50
22	23930	50
22	23931	50
22	23932	49
22	23933	49
22	23934	48
22	23935	47
22	23936	46
22	23937	46
22	23938	45
22	23939	45
22	23940	44
22	23941	44
22	23942	43
22	23943	43
22	23944	44
22	23945	42
22	23946	42
22	23947	41
22	23948	41
22	23949	40
22	23950	41
22	23951	41
22	23952	42
22	23953	40
22	23954	42
22	23955	42
22	23956	43
22	23957	43
22	23958	44
22	23959	45
22	23960	44
22	23961	43
22	23962	42
22	23963	42
22	23964	42
22	23965	43
22	23966	43
22	23967	44
22	23968	45
22	23969	44
22	23970	44
22	23971	44
22	23972	45
22	23973	45
22	23974	45
22	23975	45
22	23976	46
22	23977	45
22	23978	45
22	23979	45
22	23980	44
22	23981	43
22	23982	41
22	23983	40
22	23984	39
22	23985	39
22	23986	39
22	23987	36
22	23988	34
22	23989	32
22	23990	31
22	23991	31
22	23992	31
22	23993	31
22	23994	32
22	23995	34
22	23996	34
22	23997	34
22	23998	35
22	23999	35
22	24000	35
22	24001	35
22	24002	35
22	24003	35
22	24004	35
22	24005	35
22	24006	34
22	24007	34
22	24008	35
22	24009	37
22	24010	37
22	24011	38
22	24012	39
22	24013	39
22	24014	39
22	24015	39
22	24016	39
22	24017	37
22	24018	36
22	24019	36
22	24020	35
22	24021	35
22	24022	37
22	24023	37
22	24024	39
22	24025	37
22	24026	37
22	24027	38
22	24028	38
22	24029	37
22	24030	38
22	24031	38
22	24032	38
22	24033	39
22	24034	39
22	24035	39
22	24036	39
22	24037	39
22	24038	40
22	24039	40
22	24040	39
22	24041	40
22	24042	40
22	24043	39
22	24044	39
22	24045	39
22	24046	40
22	24047	41
22	24048	41
22	24049	41
22	24050	40
22	24051	40
22	24052	40
22	24053	41
22	24054	41
22	24055	42
22	24056	43
22	24057	44
22	24058	44
22	24059	43
22	24060	42
22	24061	42
22	24062	41
22	24063	40
22	24064	41
22	24065	41
22	24066	41
22	24067	41
22	24068	41
22	24069	41
22	24070	41
22	24071	41
22	24072	40
22	24073	41
22	24074	41
22	24075	41
22	24076	38
22	24077	38
22	24078	38
22	24079	39
22	24080	40
22	24081	40
22	24082	42
22	24083	41
22	24084	40
22	24085	40
22	24086	40
22	24087	42
22	24088	42
22	24089	43
22	24090	41
22	24091	42
22	24092	42
22	24093	42
22	24094	43
22	24095	43
22	24096	44
22	24097	43
22	24098	45
22	24099	45
22	24100	45
22	24101	46
22	24102	48
22	24103	49
22	24104	50
22	24105	51
22	24106	53
22	24107	53
22	24108	53
22	24109	54
22	24110	54
22	24111	52
22	24112	50
22	24113	50
22	24114	49
22	24115	48
22	24116	48
22	24117	48
22	24118	48
22	24119	49
22	24120	49
22	24121	47
22	24122	46
22	24123	46
22	24124	46
22	24125	45
22	24126	46
22	24127	47
22	24128	47
22	24129	47
22	24130	46
22	24131	47
22	24132	49
22	24133	49
22	24134	49
22	24135	50
22	24136	50
22	24137	50
22	24138	49
22	24139	50
22	24140	50
22	24141	50
22	24142	50
22	24143	50
22	24144	51
22	24145	49
22	24146	48
22	24147	48
22	24148	48
22	24149	49
22	24150	48
22	24151	48
22	24152	48
22	24153	48
22	24154	45
22	24155	46
22	24156	46
22	24157	45
22	24158	46
22	24159	47
22	24160	47
22	24161	47
22	24162	49
22	24163	50
22	24164	50
22	24165	50
22	24166	49
22	24167	49
22	24168	49
22	24169	48
22	24170	48
22	24171	48
22	24172	48
22	24173	48
22	24174	48
22	24175	48
22	24176	47
22	24177	48
22	24178	48
22	24179	47
22	24180	47
22	24181	46
22	24182	46
22	24183	45
22	24184	44
22	24185	44
22	24186	45
22	24187	45
22	24188	45
22	24189	46
22	24190	46
22	24191	46
22	24192	45
22	24193	44
22	24194	44
22	24195	43
22	24196	43
22	24197	43
22	24198	43
22	24199	42
22	24200	41
22	24201	41
22	24202	42
22	24203	42
22	24204	40
22	24205	39
22	24206	38
22	24207	39
22	24208	39
22	24209	41
22	24210	41
22	24211	42
22	24212	42
22	24213	43
22	24214	44
22	24215	44
22	24216	44
22	24217	44
22	24218	44
22	24219	42
22	24220	41
22	24221	41
22	24222	42
22	24223	42
22	24224	43
22	24225	43
22	24226	43
22	24227	43
22	24228	42
22	24229	42
22	24230	41
22	24231	40
22	24232	40
22	24233	40
22	24234	39
22	24235	41
22	24236	40
22	24237	40
22	24238	39
22	24239	37
22	24240	37
22	24241	36
22	24242	36
22	24243	36
22	24244	36
22	24245	35
22	24246	35
22	24247	35
22	24248	34
22	24249	34
22	24250	34
22	24251	32
22	24252	32
22	24253	30
22	24254	30
22	24255	29
22	24256	29
22	24257	28
22	24258	27
22	24259	27
22	24260	27
22	24261	28
22	24262	28
22	24263	29
22	24264	29
22	24265	27
22	24266	27
22	24267	28
22	24268	28
22	24269	28
22	24270	28
22	24271	28
22	24272	29
22	24273	29
22	24274	29
22	24275	29
22	24276	30
22	24277	29
22	24278	27
22	24279	27
22	24280	26
22	24281	26
22	24282	26
22	24283	26
22	24284	25
22	24285	25
22	24286	24
22	24287	23
22	24288	23
22	24289	24
22	24290	24
22	24291	23
22	24292	23
22	24293	24
22	24294	24
22	24295	22
22	24296	22
22	24297	22
22	24298	23
22	24299	23
22	24300	23
22	24301	24
22	24302	23
22	24303	23
22	24304	23
22	24305	23
22	24306	23
22	24307	23
22	24308	22
22	24309	22
22	24310	22
22	24311	22
22	24312	23
22	24313	23
22	24314	23
22	24315	23
22	24316	23
22	24317	24
22	24318	24
22	24319	24
22	24320	25
22	24321	25
22	24322	24
22	24323	25
22	24324	24
22	24325	24
22	24326	24
22	24327	23
22	24328	22
22	24329	21
22	24330	22
22	24331	22
22	24332	21
22	24333	20
22	24334	20
22	24335	20
22	24336	20
22	24337	20
22	24338	19
22	24339	19
22	24340	20
22	24341	20
22	24342	19
22	24343	19
22	24344	18
22	24345	17
22	24346	17
22	24347	17
22	24348	17
22	24349	17
22	24350	16
22	24351	16
22	24352	16
22	24353	16
22	24354	16
22	24355	16
22	24356	16
22	24357	16
22	24358	15
22	24359	15
22	24360	14
22	24361	14
22	24362	14
22	24363	13
22	24364	12
22	24365	12
22	24366	12
22	24367	12
22	24368	12
22	24369	11
22	24370	11
22	24371	10
22	24372	10
22	24373	9
22	24374	9
22	24375	7
22	24376	7
22	24377	7
22	24378	7
22	24379	7
22	24380	6
22	24381	6
22	24382	5
22	24383	5
22	24384	3
22	24385	3
22	24386	3
22	24387	3
22	24388	3
22	24389	3
22	24390	3
22	24391	3
22	24392	3
22	24393	3
22	24394	3
22	24395	3
22	24396	3
22	24397	3
22	24398	3
22	24399	3
22	24400	3
22	24401	3
22	24402	3
22	24403	2
22	24404	2
22	24405	1
22	24406	1
22	24407	1
22	24408	1
22	24409	1
22	24410	1
22	24411	1
22	24412	1
22	24413	1
22	24414	1
22	24422	1
22	24423	1
22	24424	1
22	24425	1
22	24426	1
22	24427	2
22	24428	2
22	24429	3
22	24430	3
22	24431	3
22	24432	4
22	24433	4
22	24434	5
22	24435	5
22	24436	5
22	24437	5
22	24438	5
22	24439	5
22	24440	5
22	24441	5
22	24442	5
22	24443	5
22	24444	6
22	24445	7
22	24446	8
22	24447	10
22	24448	11
22	24449	12
22	24450	12
22	24451	12
22	24452	12
22	24453	15
22	24454	15
22	24455	16
22	24456	16
22	24457	16
22	24458	17
22	24459	18
22	24460	18
22	24461	18
22	24462	19
22	24463	19
22	24464	20
22	24465	22
22	24466	23
22	24467	23
22	24468	25
22	24469	25
22	24470	25
22	24471	26
22	24472	26
22	24473	26
22	24474	26
22	24475	27
22	24476	27
22	24477	27
22	24478	27
22	24479	28
22	24480	29
22	24481	29
22	24482	30
22	24483	31
22	24484	31
22	24485	31
22	24486	31
22	24487	31
22	24488	31
22	24489	32
22	24490	33
22	24491	34
22	24492	34
22	24493	33
22	24494	33
22	24495	33
22	24496	33
22	24497	33
22	24498	33
22	24499	33
22	24500	35
22	24501	34
22	24502	34
22	24503	35
22	24504	34
22	24505	35
22	24506	34
22	24507	32
22	24508	32
22	24509	32
22	24510	32
22	24511	33
22	24512	32
22	24513	33
22	24514	33
22	24515	34
22	24516	35
22	24517	35
22	24518	34
22	24519	34
22	24520	35
22	24521	34
22	24522	34
22	24523	33
22	24524	33
22	24525	33
22	24526	33
22	24527	33
22	24528	33
22	24529	33
22	24530	33
22	24531	33
22	24532	33
22	24533	34
22	24534	34
22	24535	33
22	24536	34
22	24537	34
22	24538	34
22	24539	34
22	24540	35
22	24541	36
22	24542	37
22	24543	39
22	24544	40
22	24545	40
22	24546	40
22	24547	39
22	24548	39
22	24549	39
22	24550	40
22	24551	40
22	24552	41
22	24553	40
22	24554	40
22	24555	39
22	24556	39
22	24557	42
22	24558	41
22	24559	41
22	24560	41
22	24561	41
22	24562	42
22	24563	42
22	24564	42
22	24565	42
22	24566	41
22	24567	41
22	24568	41
22	24569	40
22	24570	39
22	24571	39
22	24572	38
22	24573	39
22	24574	40
22	24575	39
22	24576	40
22	24577	40
22	24578	40
22	24579	40
22	24580	41
22	24581	41
22	24582	41
22	24583	40
22	24584	40
22	24585	41
22	24586	41
22	24587	41
22	24588	41
22	24589	39
22	24590	39
22	24591	39
22	24592	39
22	24593	38
22	24594	39
22	24595	39
22	24596	39
22	24597	40
22	24598	39
22	24599	40
22	24600	40
22	24601	41
22	24602	41
22	24603	38
22	24604	37
22	24605	38
22	24606	39
22	24607	39
22	24608	39
22	24609	37
22	24610	36
22	24611	36
22	24612	36
22	24613	36
22	24614	35
22	24615	36
22	24616	34
22	24617	34
22	24618	33
22	24619	32
22	24620	32
22	24621	32
22	24622	32
22	24623	32
22	24624	31
22	24625	30
22	24626	29
22	24627	28
22	24628	28
22	24629	26
22	24630	26
22	24631	27
22	24632	26
22	24633	27
22	24634	27
22	24635	27
22	24636	26
22	24637	26
22	24638	26
22	24639	26
22	24640	26
22	24641	25
22	24642	25
22	24643	23
22	24644	23
22	24645	22
22	24646	22
22	24647	23
22	24648	24
22	24649	22
22	24650	20
22	24651	20
22	24652	20
22	24653	20
22	24654	20
22	24655	20
22	24656	18
22	24657	17
22	24658	16
22	24659	17
22	24660	17
22	24661	17
22	24662	17
22	24663	17
22	24664	18
22	24665	18
22	24666	18
22	24667	18
22	24668	19
22	24669	19
22	24670	19
22	24671	18
22	24672	18
22	24673	18
22	24674	18
22	24675	18
22	24676	18
22	24677	18
22	24678	19
22	24679	20
22	24680	21
22	24681	22
22	24682	22
22	24683	23
22	24684	23
22	24685	23
22	24686	23
22	24687	22
22	24688	22
22	24689	23
22	24690	23
22	24691	23
22	24692	24
22	24693	25
22	24694	25
22	24695	28
22	24696	28
22	24697	28
22	24698	27
22	24699	27
22	24700	27
22	24701	27
22	24702	28
22	24703	28
22	24704	28
22	24705	28
22	24706	28
22	24707	28
22	24708	28
22	24709	30
22	24710	31
22	24711	31
22	24712	30
22	24713	30
22	24714	30
22	24715	29
22	24716	29
22	24717	31
22	24718	32
22	24719	32
22	24720	33
22	24721	34
22	24722	34
22	24723	34
22	24724	34
22	24725	34
22	24726	34
22	24727	35
22	24728	36
22	24729	36
22	24730	36
22	24731	35
22	24732	35
22	24733	36
22	24734	36
22	24735	36
22	24736	36
22	24737	36
22	24738	36
22	24739	36
22	24740	36
22	24741	37
22	24742	37
22	24743	37
22	24744	37
22	24745	37
22	24746	37
22	24747	37
22	24748	39
22	24749	39
22	24750	39
22	24751	39
22	24752	38
22	24753	40
22	24754	41
22	24755	41
22	24756	42
22	24757	41
22	24758	40
22	24759	39
22	24760	39
22	24761	38
22	24762	38
22	24763	38
22	24764	38
22	24765	39
22	24766	40
22	24767	40
22	24768	39
22	24769	39
22	24770	40
22	24771	40
22	24772	40
22	24773	39
22	24774	39
22	24775	40
22	24776	40
22	24777	40
22	24778	41
22	24779	41
22	24780	41
22	24781	42
22	24782	42
22	24783	42
22	24784	43
22	24785	43
22	24786	43
22	24787	44
22	24788	44
22	24789	44
22	24790	44
22	24791	44
22	24792	44
22	24793	44
22	24794	45
22	24795	44
22	24796	44
22	24797	45
22	24798	45
22	24799	44
22	24800	44
22	24801	44
22	24802	45
22	24803	45
22	24804	44
22	24805	43
22	24806	43
22	24807	42
22	24808	41
22	24809	41
22	24810	41
22	24811	41
22	24812	41
22	24813	41
22	24814	41
22	24815	41
22	24816	41
22	24817	41
22	24818	41
22	24819	41
22	24820	40
22	24821	39
22	24822	38
22	24823	36
22	24824	36
22	24825	37
22	24826	38
22	24827	38
22	24828	38
22	24829	37
22	24830	37
22	24831	36
22	24832	36
22	24833	36
22	24834	36
22	24835	36
22	24836	36
22	24837	36
22	24838	35
22	24839	35
22	24840	34
22	24841	34
22	24842	32
22	24843	31
22	24844	30
22	24845	30
22	24846	30
22	24847	32
22	24848	32
22	24849	30
22	24850	30
22	24851	30
22	24852	30
22	24853	30
22	24854	29
22	24855	30
22	24856	30
22	24857	30
22	24858	30
22	24859	30
22	24860	30
22	24861	30
22	24862	29
22	24863	30
22	24864	30
22	24865	30
22	24866	31
22	24867	31
22	24868	31
22	24869	31
22	24870	29
22	24871	29
22	24872	28
22	24873	27
22	24874	26
22	24875	26
22	24876	27
22	24877	27
22	24878	27
22	24879	27
22	24880	27
22	24881	28
22	24882	29
22	24883	29
22	24884	29
22	24885	29
22	24886	31
22	24887	32
22	24888	31
22	24889	31
22	24890	31
22	24891	31
22	24892	32
22	24893	33
22	24894	31
22	24895	31
22	24896	31
22	24897	31
22	24898	32
22	24899	32
22	24900	31
22	24901	32
22	24902	31
22	24903	31
22	24904	31
22	24905	31
22	24906	30
22	24907	29
22	24908	30
22	24909	30
22	24910	30
22	24911	33
22	24912	34
22	24913	33
22	24914	35
22	24915	35
22	24916	33
22	24917	32
22	24918	32
22	24919	32
22	24920	32
22	24921	33
22	24922	34
22	24923	34
22	24924	34
22	24925	33
22	24926	33
22	24927	33
22	24928	32
22	24929	32
22	24930	31
22	24931	32
22	24932	31
22	24933	30
22	24934	30
22	24935	29
22	24936	29
22	24937	30
22	24938	30
22	24939	29
22	24940	28
22	24941	28
22	24942	28
22	24943	27
22	24944	27
22	24945	28
22	24946	27
22	24947	26
22	24948	26
22	24949	26
22	24950	26
22	24951	26
22	24952	26
22	24953	25
22	24954	25
22	24955	24
22	24956	24
22	24957	24
22	24958	24
22	24959	24
22	24960	24
22	24961	24
22	24962	23
22	24963	24
22	24964	26
22	24965	28
22	24966	28
22	24967	25
22	24968	24
22	24969	25
22	24970	26
22	24971	26
22	24972	26
22	24973	27
22	24974	26
22	24975	26
22	24976	27
22	24977	28
22	24978	28
22	24979	29
22	24980	30
22	24981	30
22	24982	29
22	24983	29
22	24984	30
22	24985	30
22	24986	30
22	24987	30
22	24988	31
22	24989	32
22	24990	31
22	24991	30
22	24992	30
22	24993	29
22	24994	30
22	24995	31
22	24996	31
22	24997	31
22	24998	31
22	24999	31
22	25000	30
22	25001	29
22	25002	29
22	25003	29
22	25004	28
22	25005	28
22	25006	28
22	25007	29
22	25008	30
22	25009	29
22	25010	28
22	25011	29
22	25012	29
22	25013	29
22	25014	27
22	25015	27
22	25016	28
22	25017	28
22	25018	27
22	25019	27
22	25020	28
22	25021	27
22	25022	26
22	25023	27
22	25024	27
22	25025	27
22	25026	27
22	25027	27
22	25028	26
22	25029	25
22	25030	25
22	25031	26
22	25032	26
22	25033	26
22	25034	26
22	25035	27
22	25036	26
22	25037	24
22	25038	22
22	25039	22
22	25040	23
22	25041	24
22	25042	25
22	25043	25
22	25044	24
22	25045	24
22	25046	24
22	25047	24
22	25048	22
22	25049	22
22	25050	22
22	25051	22
22	25052	22
22	25053	21
22	25054	21
22	25055	21
22	25056	21
22	25057	21
22	25058	21
22	25059	21
22	25060	20
22	25061	19
22	25062	19
22	25063	18
22	25064	18
22	25065	19
22	25066	19
22	25067	19
22	25068	19
22	25069	17
22	25070	17
22	25071	17
22	25072	17
22	25073	17
22	25074	16
22	25075	16
22	25076	16
22	25077	16
22	25078	15
22	25079	11
22	25080	10
22	25081	8
22	25082	7
22	25083	7
22	25084	7
22	25085	7
22	25086	6
22	25087	6
22	25088	6
22	25089	5
22	25090	3
22	25091	3
22	25092	3
22	25093	3
22	25094	2
22	25095	2
22	25096	2
22	25097	2
22	25098	2
22	25099	2
22	25100	2
22	25109	1
22	25110	2
22	25111	4
22	25112	4
22	25113	5
22	25114	6
22	25115	7
22	25116	10
22	25117	10
22	25118	10
22	25119	10
22	25120	10
22	25121	10
22	25122	10
22	25123	10
22	25124	11
22	25125	12
22	25126	12
22	25127	13
22	25128	15
22	25129	15
22	25130	15
22	25131	15
22	25132	15
22	25133	15
22	25134	16
22	25135	17
22	25136	19
22	25137	19
22	25138	21
22	25139	21
22	25140	22
22	25141	22
22	25142	23
22	25143	23
22	25144	24
22	25145	24
22	25146	24
22	25147	25
22	25148	24
22	25149	24
22	25150	25
22	25151	25
22	25152	25
22	25153	25
22	25154	26
22	25155	26
22	25156	26
22	25157	26
22	25158	26
22	25159	26
22	25160	26
22	25161	26
22	25162	26
22	25163	27
22	25164	27
22	25165	26
22	25166	26
22	25167	27
22	25168	27
22	25169	27
22	25170	27
22	25171	28
22	25172	28
22	25173	28
22	25174	28
22	25175	28
22	25176	28
22	25177	28
22	25178	27
22	25179	27
22	25180	27
22	25181	27
22	25182	27
22	25183	26
22	25184	27
22	25185	28
22	25186	29
22	25187	30
22	25188	30
22	25189	30
22	25190	30
22	25191	30
22	25192	30
22	25193	30
22	25194	29
22	25195	29
22	25196	29
22	25197	29
22	25198	28
22	25199	29
22	25200	27
22	25201	28
22	25202	29
22	25203	29
22	25204	30
22	25205	30
22	25206	30
22	25207	31
22	25208	31
22	25209	32
22	25210	32
22	25211	33
22	25212	33
22	25213	33
22	25214	32
22	25215	32
22	25216	33
22	25217	34
22	25218	34
22	25219	34
22	25220	34
22	25221	33
22	25222	32
22	25223	31
22	25224	31
22	25225	32
22	25226	32
22	25227	32
22	25228	33
22	25229	34
22	25230	35
22	25231	35
22	25232	36
22	25233	34
22	25234	34
22	25235	34
22	25236	36
22	25237	35
22	25238	35
22	25239	35
22	25240	35
22	25241	34
22	25242	33
22	25243	33
22	25244	34
22	25245	35
22	25246	34
22	25247	34
22	25248	34
22	25249	35
22	25250	34
22	25251	34
22	25252	34
22	25253	34
22	25254	34
22	25255	34
22	25256	33
22	25257	32
22	25258	32
22	25259	33
22	25260	33
22	25261	31
22	25262	32
22	25263	32
22	25264	32
22	25265	31
22	25266	30
22	25267	30
22	25268	30
22	25269	29
22	25270	27
22	25271	27
22	25272	27
22	25273	27
22	25274	27
22	25275	27
22	25276	26
22	25277	25
22	25278	25
22	25279	24
22	25280	23
22	25281	22
22	25282	21
22	25283	21
22	25284	21
22	25285	20
22	25286	20
22	25287	20
22	25288	20
22	25289	20
22	25290	19
22	25291	18
22	25292	18
22	25293	16
22	25294	16
22	25295	16
22	25296	15
22	25297	15
22	25298	15
22	25299	13
22	25300	13
22	25301	12
22	25302	9
22	25303	9
22	25304	8
22	25305	8
22	25306	7
22	25307	6
22	25308	6
22	25309	5
22	25310	6
22	25311	6
22	25312	6
22	25313	6
22	25314	5
22	25315	5
22	25316	5
22	25317	4
22	25318	4
22	25319	4
22	25320	4
22	25321	4
22	25322	3
22	25323	3
22	25324	3
22	25325	3
22	25326	3
22	25327	2
22	25328	2
22	25329	3
22	25330	3
22	25331	3
22	25332	4
22	25333	4
22	25334	5
22	25335	5
22	25336	5
22	25337	6
22	25338	6
22	25339	6
22	25340	6
22	25341	5
22	25342	6
22	25343	6
22	25344	6
22	25345	6
22	25346	6
22	25347	6
22	25348	6
22	25349	6
22	25350	6
22	25351	7
22	25352	7
22	25353	7
22	25354	7
22	25355	7
22	25356	8
22	25357	8
22	25358	9
22	25359	10
22	25360	11
22	25361	12
22	25362	12
22	25363	12
22	25364	13
22	25365	14
22	25366	15
22	25367	15
22	25368	16
22	25369	16
22	25370	16
22	25371	16
22	25372	16
22	25373	16
22	25374	17
22	25375	17
22	25376	17
22	25377	17
22	25378	17
22	25379	18
22	25380	19
22	25381	20
22	25382	20
22	25383	20
22	25384	20
22	25385	20
22	25386	20
22	25387	20
22	25388	21
22	25389	21
22	25390	21
22	25391	22
22	25392	23
22	25393	23
22	25394	22
22	25395	22
22	25396	21
22	25397	22
22	25398	22
22	25399	22
22	25400	22
22	25401	22
22	25402	22
22	25403	22
22	25404	22
22	25405	22
22	25406	22
22	25407	22
22	25408	22
22	25409	23
22	25410	24
22	25411	26
22	25412	27
22	25413	28
22	25414	28
22	25415	29
22	25416	29
22	25417	29
22	25418	29
22	25419	29
22	25420	29
22	25421	30
22	25422	30
22	25423	29
22	25424	29
22	25425	29
22	25426	29
22	25427	29
22	25428	29
22	25429	28
22	25430	28
22	25431	28
22	25432	28
22	25433	28
22	25434	27
22	25435	27
22	25436	27
22	25437	26
22	25438	26
22	25439	26
22	25440	26
22	25441	26
22	25442	27
22	25443	26
22	25444	27
22	25445	28
22	25446	28
22	25447	28
22	25448	28
22	25449	28
22	25450	28
22	25451	28
22	25452	27
22	25453	26
22	25454	26
22	25455	26
22	25456	27
22	25457	27
22	25458	27
22	25459	26
22	25460	25
22	25461	24
22	25462	24
22	25463	26
22	25464	25
22	25465	24
22	25466	23
22	25467	23
22	25468	23
22	25469	24
22	25470	23
22	25471	23
22	25472	24
22	25473	25
22	25474	25
22	25475	25
22	25476	25
22	25477	25
22	25478	25
22	25479	25
22	25480	27
22	25481	27
22	25482	26
22	25483	27
22	25484	27
22	25485	26
22	25486	27
22	25487	28
22	25488	29
22	25489	28
22	25490	29
22	25491	30
22	25492	30
22	25493	30
22	25494	31
22	25495	32
22	25496	32
22	25497	31
22	25498	31
22	25499	31
22	25500	31
22	25501	31
22	25502	32
22	25503	31
22	25504	32
22	25505	31
22	25506	31
22	25507	31
22	25508	32
22	25509	33
22	25510	32
22	25511	32
22	25512	32
22	25513	32
22	25514	32
22	25515	32
22	25516	32
22	25517	32
22	25518	32
22	25519	34
22	25520	32
22	25521	32
22	25522	32
22	25523	31
22	25524	29
22	25525	31
22	25526	32
22	25527	32
22	25528	32
22	25529	32
22	25530	33
22	25531	33
22	25532	33
22	25533	33
22	25534	34
22	25535	34
22	25536	34
22	25537	34
22	25538	33
22	25539	33
22	25540	34
22	25541	34
22	25542	33
22	25543	34
22	25544	35
22	25545	36
22	25546	36
22	25547	36
22	25548	36
22	25549	36
22	25550	37
22	25551	37
22	25552	36
22	25553	35
22	25554	34
22	25555	34
22	25556	37
22	25557	38
22	25558	38
22	25559	38
22	25560	38
22	25561	38
22	25562	37
22	25563	37
22	25564	37
22	25565	36
22	25566	36
22	25567	36
22	25568	36
22	25569	37
22	25570	37
22	25571	37
22	25572	37
22	25573	37
22	25574	37
22	25575	36
22	25576	35
22	25577	35
22	25578	35
22	25579	36
22	25580	36
22	25581	37
22	25582	35
22	25583	35
22	25584	35
22	25585	35
22	25586	35
22	25587	35
22	25588	35
22	25589	36
22	25590	36
22	25591	35
22	25592	37
22	25593	36
22	25594	35
22	25595	33
22	25596	33
22	25597	33
22	25598	34
22	25599	33
22	25600	32
22	25601	32
22	25602	33
22	25603	34
22	25604	33
22	25605	34
22	25606	34
22	25607	34
22	25608	33
22	25609	34
22	25610	33
22	25611	32
22	25612	32
22	25613	34
22	25614	34
22	25615	34
22	25616	34
22	25617	35
22	25618	35
22	25619	35
22	25620	34
22	25621	34
22	25622	32
22	25623	32
22	25624	32
22	25625	31
22	25626	30
22	25627	29
22	25628	28
22	25629	29
22	25630	29
22	25631	29
22	25632	28
22	25633	28
22	25634	29
22	25635	31
22	25636	32
22	25637	32
22	25638	32
22	25639	32
22	25640	32
22	25641	32
22	25642	33
22	25643	33
22	25644	33
22	25645	32
22	25646	33
22	25647	33
22	25648	32
22	25649	31
22	25650	31
22	25651	31
22	25652	31
22	25653	32
22	25654	32
22	25655	33
22	25656	32
22	25657	32
22	25658	30
22	25659	30
22	25660	30
22	25661	29
22	25662	28
22	25663	30
22	25664	31
22	25665	32
22	25666	32
22	25667	31
22	25668	30
22	25669	30
22	25670	31
22	25671	32
22	25672	32
22	25673	33
22	25674	33
22	25675	33
22	25676	34
22	25677	32
22	25678	32
22	25679	32
22	25680	29
22	25681	28
22	25682	28
22	25683	29
22	25684	29
22	25685	28
22	25686	27
22	25687	28
22	25688	29
22	25689	28
22	25690	28
22	25691	28
22	25692	27
22	25693	28
22	25694	28
22	25695	28
22	25696	28
22	25697	28
22	25698	29
22	25699	28
22	25700	28
22	25701	28
22	25702	28
22	25703	27
22	25704	28
22	25705	28
22	25706	27
22	25707	26
22	25708	26
22	25709	26
22	25710	26
22	25711	26
22	25712	26
22	25713	26
22	25714	26
22	25715	26
22	25716	26
22	25717	25
22	25718	24
22	25719	23
22	25720	22
22	25721	22
22	25722	22
22	25723	22
22	25724	22
22	25725	22
22	25726	22
22	25727	22
22	25728	21
22	25729	21
22	25730	20
22	25731	20
22	25732	20
22	25733	19
22	25734	19
22	25735	19
22	25736	19
22	25737	19
22	25738	19
22	25739	19
22	25740	19
22	25741	18
22	25742	18
22	25743	16
22	25744	15
22	25745	14
22	25746	13
22	25747	13
22	25748	13
22	25749	12
22	25750	11
22	25751	10
22	25752	10
22	25753	9
22	25754	6
22	25755	6
22	25756	6
22	25757	6
22	25758	7
22	25759	7
22	25760	8
22	25761	8
22	25762	7
22	25763	5
22	25764	5
22	25765	5
22	25766	4
22	25767	4
22	25768	4
22	25769	4
22	25770	5
22	25771	5
22	25772	5
22	25773	5
22	25774	5
22	25775	5
22	25776	5
22	25777	5
22	25778	5
22	25779	5
22	25780	5
22	25781	5
22	25782	4
22	25783	4
22	25784	4
22	25785	3
22	25786	3
22	25787	3
22	25788	3
22	25789	3
22	25790	3
22	25791	3
22	25792	3
22	25793	3
22	25794	4
22	25795	4
22	25796	4
22	25797	4
22	25798	4
22	25799	4
22	25800	4
22	25801	4
22	25802	4
22	25803	4
22	25804	4
22	25805	4
22	25806	4
22	25807	4
22	25808	4
22	25809	4
22	25810	4
22	25811	4
22	25812	4
22	25813	4
22	25814	4
22	25815	4
22	25816	4
22	25817	4
22	25818	4
22	25819	5
22	25820	5
22	25821	5
22	25822	5
22	25823	5
22	25824	5
22	25825	5
22	25826	5
22	25827	5
22	25828	6
22	25829	6
22	25830	5
22	25831	5
22	25832	5
22	25833	5
22	25834	5
22	25835	5
22	25836	5
22	25837	5
22	25838	5
22	25839	5
22	25840	5
22	25841	5
22	25842	4
22	25843	4
22	25844	4
22	25845	5
22	25846	5
22	25847	5
22	25848	5
22	25849	5
22	25850	5
22	25851	5
22	25852	5
22	25853	5
22	25854	5
22	25855	5
22	25856	5
22	25857	5
22	25858	5
22	25859	5
22	25860	5
22	25861	5
22	25862	5
22	25863	5
22	25864	5
22	25865	5
22	25866	5
22	25867	6
22	25868	6
22	25869	6
22	25870	6
22	25871	6
22	25872	6
22	25873	5
22	25874	5
22	25875	5
22	25876	5
22	25877	5
22	25878	5
22	25879	5
22	25880	5
22	25881	5
22	25882	5
22	25883	5
22	25884	5
22	25885	5
22	25886	5
22	25887	5
22	25888	5
22	25889	6
22	25890	6
22	25891	6
22	25892	6
22	25893	6
22	25894	6
22	25895	6
22	25896	6
22	25897	6
22	25898	6
22	25899	7
22	25900	7
22	25901	7
22	25902	7
22	25903	8
22	25904	8
22	25905	10
22	25906	10
22	25907	11
22	25908	11
22	25909	11
22	25910	11
22	25911	11
22	25912	11
22	25913	11
22	25914	11
22	25915	11
22	25916	10
22	25917	10
22	25918	11
22	25919	11
22	25920	12
22	25921	13
22	25922	13
22	25923	14
22	25924	14
22	25925	14
22	25926	14
22	25927	14
22	25928	15
22	25929	15
22	25930	15
22	25931	15
22	25932	15
22	25933	16
22	25934	16
22	25935	16
22	25936	16
22	25937	17
22	25938	17
22	25939	17
22	25940	17
22	25941	17
22	25942	17
22	25943	17
22	25944	17
22	25945	17
22	25946	16
22	25947	16
22	25948	16
22	25949	16
22	25950	16
22	25951	16
22	25952	17
22	25953	17
22	25954	18
22	25955	18
22	25956	18
22	25957	17
22	25958	17
22	25959	16
22	25960	16
22	25961	16
22	25962	17
22	25963	16
22	25964	15
22	25965	15
22	25966	15
22	25967	15
22	25968	15
22	25969	15
22	25970	16
22	25971	16
22	25972	16
22	25973	16
22	25974	15
22	25975	15
22	25976	16
22	25977	15
22	25978	15
22	25979	15
22	25980	15
22	25981	15
22	25982	15
22	25983	14
22	25984	14
22	25985	14
22	25986	14
22	25987	13
22	25988	12
22	25989	11
22	25990	11
22	25991	11
22	25992	11
22	25993	11
22	25994	11
22	25995	11
22	25996	11
22	25997	11
22	25998	12
22	25999	12
22	26000	10
22	26001	9
22	26002	9
22	26003	8
22	26004	8
22	26005	8
22	26006	8
22	26007	8
22	26008	8
22	26009	8
22	26010	8
22	26011	8
22	26012	8
22	26013	8
22	26014	8
22	26015	8
22	26016	8
22	26017	8
22	26018	8
22	26019	8
22	26020	8
22	26021	8
22	26022	9
22	26023	9
22	26024	9
22	26025	8
22	26026	8
22	26027	8
22	26028	7
22	26029	7
22	26030	7
22	26031	7
22	26032	6
22	26033	6
22	26034	6
22	26035	6
22	26036	6
22	26037	6
22	26038	6
22	26039	6
22	26040	7
22	26041	6
22	26042	6
22	26043	5
22	26044	5
22	26045	5
22	26046	5
22	26047	5
22	26048	5
22	26049	6
22	26050	5
22	26051	5
22	26052	5
22	26053	5
22	26054	5
22	26055	5
22	26056	5
22	26057	5
22	26058	5
22	26059	5
22	26060	4
22	26061	4
22	26062	4
22	26063	4
22	26064	4
22	26065	5
22	26066	5
22	26067	5
22	26068	5
22	26069	4
22	26070	4
22	26071	4
22	26072	4
22	26073	4
22	26074	4
22	26075	4
22	26076	4
22	26077	4
22	26078	4
22	26079	4
22	26080	3
22	26081	3
22	26082	4
22	26083	5
22	26084	5
22	26085	5
22	26086	5
22	26087	5
22	26088	5
22	26089	5
22	26090	5
22	26091	5
22	26092	5
22	26093	5
22	26094	5
22	26095	5
22	26096	5
22	26097	5
22	26098	5
22	26099	5
22	26100	4
22	26101	4
22	26102	3
22	26103	3
22	26104	3
22	26105	3
22	26106	3
22	26107	3
22	26108	3
22	26109	3
22	26110	3
22	26111	3
22	26112	3
22	26113	3
22	26114	2
22	26115	2
22	26116	3
22	26117	3
22	26118	3
22	26119	3
22	26120	3
22	26121	3
22	26122	3
22	26123	3
22	26124	3
22	26125	3
22	26126	3
22	26127	3
22	26128	4
22	26129	4
22	26130	3
22	26131	3
22	26132	3
22	26133	3
22	26134	3
22	26135	3
22	26136	3
22	26137	3
22	26138	3
22	26139	3
22	26140	3
22	26141	3
22	26142	4
22	26143	4
22	26144	4
22	26145	4
22	26146	4
22	26147	4
22	26148	4
22	26149	4
22	26150	4
22	26151	4
22	26152	4
22	26153	4
22	26154	4
22	26155	4
22	26156	4
22	26157	4
22	26158	3
22	26159	3
22	26160	3
22	26161	4
22	26162	4
22	26163	4
22	26164	4
22	26165	4
22	26166	4
22	26167	4
22	26168	4
22	26169	4
22	26170	4
22	26171	4
22	26172	4
22	26173	4
22	26174	4
22	26175	4
22	26176	4
22	26177	4
22	26178	4
22	26179	4
22	26180	4
22	26181	4
22	26182	4
22	26183	4
22	26184	4
22	26185	4
22	26186	4
22	26187	4
22	26188	4
22	26189	4
22	26190	4
22	26191	4
22	26192	4
22	26193	4
22	26194	4
22	26195	4
22	26196	4
22	26197	5
22	26198	5
22	26199	5
22	26200	5
22	26201	5
22	26202	5
22	26203	5
22	26204	5
22	26205	6
22	26206	6
22	26207	6
22	26208	6
22	26209	6
22	26210	6
22	26211	6
22	26212	6
22	26213	5
22	26214	5
22	26215	5
22	26216	5
22	26217	5
22	26218	5
22	26219	5
22	26220	4
22	26221	4
22	26222	4
22	26223	4
22	26224	3
22	26225	3
22	26226	3
22	26227	4
22	26228	4
22	26229	4
22	26230	4
22	26231	4
22	26232	4
22	26233	4
22	26234	4
22	26235	4
22	26236	3
22	26237	4
22	26238	4
22	26239	4
22	26240	4
22	26241	4
22	26242	4
22	26243	4
22	26244	4
22	26245	4
22	26246	4
22	26247	4
22	26248	4
22	26249	4
22	26250	4
22	26251	4
22	26252	4
22	26253	4
22	26254	4
22	26255	4
22	26256	4
22	26257	4
22	26258	4
22	26259	4
22	26260	4
22	26261	4
22	26262	4
22	26263	4
22	26264	4
22	26265	3
22	26266	2
22	26267	2
22	26268	2
22	26269	2
22	26270	2
22	26271	2
22	26272	1
22	26273	1
22	26274	1
22	26275	1
22	26276	2
22	26277	2
22	26278	2
22	26279	2
22	26280	2
22	26281	2
22	26282	2
22	26283	2
22	26284	2
22	26285	2
22	26286	3
22	26287	3
22	26288	3
22	26289	3
22	26290	3
22	26291	3
22	26292	3
22	26293	3
22	26294	3
22	26295	3
22	26296	3
22	26297	3
22	26298	3
22	26299	3
22	26300	3
22	26301	4
22	26302	3
22	26303	3
22	26304	3
22	26305	3
22	26306	3
22	26307	3
22	26308	3
22	26309	3
22	26310	3
22	26311	3
22	26312	3
22	26313	3
22	26314	3
22	26315	4
22	26316	4
22	26317	5
22	26318	7
22	26319	9
22	26320	9
22	26321	9
22	26322	11
22	26323	11
22	26324	12
22	26325	12
22	26326	14
22	26327	15
22	26328	15
22	26329	18
22	26330	19
22	26331	19
22	26332	19
22	26333	19
22	26334	19
22	26335	20
22	26336	20
22	26337	21
22	26338	22
22	26339	23
22	26340	23
22	26341	23
22	26342	23
22	26343	24
22	26344	26
22	26345	27
22	26346	28
22	26347	27
22	26348	27
22	26349	27
22	26350	27
22	26351	27
22	26352	27
22	26353	27
22	26354	27
22	26355	27
22	26356	28
22	26357	28
22	26358	29
22	26359	29
22	26360	29
22	26361	29
22	26362	29
22	26363	28
22	26364	30
22	26365	31
22	26366	31
22	26367	32
22	26368	32
22	26369	32
22	26370	32
22	26371	31
22	26372	32
22	26373	32
22	26374	32
22	26375	30
22	26376	30
22	26377	30
22	26378	29
22	26379	28
22	26380	28
22	26381	28
22	26382	27
22	26383	27
22	26384	27
22	26385	27
22	26386	28
22	26387	28
22	26388	29
22	26389	30
22	26390	29
22	26391	30
22	26392	29
22	26393	29
22	26394	30
22	26395	29
22	26396	30
22	26397	30
22	26398	30
22	26399	30
22	26400	31
22	26401	33
22	26402	33
22	26403	34
22	26404	33
22	26405	34
22	26406	34
22	26407	34
22	26408	33
22	26409	33
22	26410	32
22	26411	32
22	26412	30
22	26413	29
22	26414	29
22	26415	29
22	26416	29
22	26417	32
22	26418	32
22	26419	32
22	26420	32
22	26421	33
22	26422	34
22	26423	35
22	26424	36
22	26425	35
22	26426	35
22	26427	35
22	26428	36
22	26429	36
22	26430	35
22	26431	34
22	26432	35
22	26433	35
22	26434	37
22	26435	36
22	26436	36
22	26437	36
22	26438	37
22	26439	37
22	26440	37
22	26441	37
22	26442	37
22	26443	37
22	26444	37
22	26445	37
22	26446	37
22	26447	36
22	26448	38
22	26449	39
22	26450	39
22	26451	38
22	26452	38
22	26453	38
22	26454	38
22	26455	38
22	26456	38
22	26457	38
22	26458	37
22	26459	37
22	26460	36
22	26461	37
22	26462	37
22	26463	36
22	26464	37
22	26465	37
22	26466	36
22	26467	36
22	26468	36
22	26469	35
22	26470	34
22	26471	34
22	26472	35
22	26473	34
22	26474	35
22	26475	35
22	26476	34
22	26477	34
22	26478	34
22	26479	34
22	26480	35
22	26481	36
22	26482	36
22	26483	36
22	26484	36
22	26485	37
22	26486	37
22	26487	37
22	26488	37
22	26489	37
22	26490	37
22	26491	37
22	26492	36
22	26493	37
22	26494	37
22	26495	37
22	26496	36
22	26497	36
22	26498	36
22	26499	36
22	26500	37
22	26501	38
22	26502	38
22	26503	38
22	26504	38
22	26505	38
22	26506	38
22	26507	38
22	26508	38
22	26509	38
22	26510	39
22	26511	40
22	26512	39
22	26513	38
22	26514	35
22	26515	36
22	26516	37
22	26517	39
22	26518	39
22	26519	39
22	26520	40
22	26521	39
22	26522	40
22	26523	42
22	26524	43
22	26525	43
22	26526	43
22	26527	41
22	26528	42
22	26529	41
22	26530	41
22	26531	40
22	26532	40
22	26533	40
22	26534	40
22	26535	40
22	26536	40
22	26537	40
22	26538	40
22	26539	40
22	26540	40
22	26541	41
22	26542	41
22	26543	40
22	26544	41
22	26545	43
22	26546	44
22	26547	42
22	26548	41
22	26549	44
22	26550	44
22	26551	44
22	26552	44
22	26553	43
22	26554	42
22	26555	41
22	26556	42
22	26557	42
22	26558	40
22	26559	39
22	26560	38
22	26561	37
22	26562	37
22	26563	39
22	26564	39
22	26565	38
22	26566	38
22	26567	39
22	26568	41
22	26569	40
22	26570	42
22	26571	43
22	26572	41
22	26573	41
22	26574	42
22	26575	42
22	26576	42
22	26577	42
22	26578	42
22	26579	42
22	26580	42
22	26581	40
22	26582	40
22	26583	40
22	26584	40
22	26585	39
22	26586	40
22	26587	40
22	26588	38
22	26589	38
22	26590	38
22	26591	38
22	26592	38
22	26593	38
22	26594	38
22	26595	38
22	26596	37
22	26597	35
22	26598	36
22	26599	36
22	26600	36
22	26601	36
22	26602	36
22	26603	35
22	26604	35
22	26605	32
22	26606	31
22	26607	32
22	26608	31
22	26609	29
22	26610	29
22	26611	29
22	26612	28
22	26613	27
22	26614	27
22	26615	28
22	26616	27
22	26617	26
22	26618	25
22	26619	25
22	26620	25
22	26621	25
22	26622	25
22	26623	25
22	26624	26
22	26625	26
22	26626	26
22	26627	26
22	26628	26
22	26629	27
22	26630	26
22	26631	26
22	26632	26
22	26633	28
22	26634	28
22	26635	28
22	26636	28
22	26637	28
22	26638	28
22	26639	29
22	26640	30
22	26641	30
22	26642	30
22	26643	30
22	26644	30
22	26645	30
22	26646	30
22	26647	31
22	26648	31
22	26649	31
22	26650	31
22	26651	32
22	26652	32
22	26653	32
22	26654	32
22	26655	32
22	26656	32
22	26657	33
22	26658	34
22	26659	37
22	26660	37
22	26661	37
22	26662	37
22	26663	38
22	26664	38
22	26665	36
22	26666	35
22	26667	35
22	26668	36
22	26669	36
22	26670	37
22	26671	38
22	26672	39
22	26673	39
22	26674	38
22	26675	37
22	26676	37
22	26677	37
22	26678	36
22	26679	36
22	26680	38
22	26681	38
22	26682	38
22	26683	37
22	26684	36
22	26685	37
22	26686	37
22	26687	38
22	26688	36
22	26689	36
22	26690	36
22	26691	36
22	26692	38
22	26693	39
22	26694	40
22	26695	40
22	26696	41
22	26697	39
22	26698	39
22	26699	38
22	26700	39
22	26701	39
22	26702	41
22	26703	40
22	26704	39
22	26705	39
22	26706	40
22	26707	40
22	26708	41
22	26709	41
22	26710	42
22	26711	43
22	26712	43
22	26713	43
22	26714	43
22	26715	44
22	26716	44
22	26717	45
22	26718	45
22	26719	45
22	26720	45
22	26721	45
22	26722	45
22	26723	44
22	26724	44
22	26725	43
22	26726	45
22	26727	44
22	26728	43
22	26729	43
22	26730	43
22	26731	42
22	26732	42
22	26733	41
22	26734	41
22	26735	41
22	26736	42
22	26737	42
22	26738	43
22	26739	42
22	26740	41
22	26741	41
22	26742	39
22	26743	38
22	26744	36
22	26745	38
22	26746	39
22	26747	41
22	26748	41
22	26749	43
22	26750	45
22	26751	45
22	26752	46
22	26753	47
22	26754	47
22	26755	48
22	26756	47
22	26757	49
22	26758	49
22	26759	49
22	26760	48
22	26761	47
22	26762	49
22	26763	48
22	26764	50
22	26765	50
22	26766	51
22	26767	52
22	26768	53
22	26769	54
22	26770	54
22	26771	53
22	26772	53
22	26773	52
22	26774	51
22	26775	53
22	26776	53
22	26777	53
22	26778	54
22	26779	54
22	26780	54
22	26781	55
22	26782	54
22	26783	53
22	26784	54
22	26785	54
22	26786	55
22	26787	55
22	26788	54
22	26789	55
22	26790	55
22	26791	55
22	26792	56
22	26793	57
22	26794	57
22	26795	57
22	26796	57
22	26797	57
22	26798	57
22	26799	58
22	26800	59
22	26801	59
22	26802	59
22	26803	59
22	26804	58
22	26805	57
22	26806	57
22	26807	56
22	26808	58
22	26809	57
22	26810	57
22	26811	58
22	26812	59
22	26813	59
22	26814	59
22	26815	59
22	26816	59
22	26817	59
22	26818	58
22	26819	58
22	26820	58
22	26821	58
22	26822	57
22	26823	56
22	26824	55
22	26825	55
22	26826	56
22	26827	57
22	26828	57
22	26829	55
22	26830	55
22	26831	55
22	26832	54
22	26833	53
22	26834	54
22	26835	55
22	26836	53
22	26837	54
22	26838	54
22	26839	53
22	26840	54
22	26841	55
22	26842	55
22	26843	57
22	26844	57
22	26845	59
22	26846	58
22	26847	58
22	26848	59
22	26849	58
22	26850	55
22	26851	55
22	26852	55
22	26853	56
22	26854	57
22	26855	56
22	26856	52
22	26857	51
22	26858	49
22	26859	49
22	26860	48
22	26861	48
22	26862	47
22	26863	46
22	26864	47
22	26865	47
22	26866	50
22	26867	50
22	26868	49
22	26869	49
22	26870	49
22	26871	48
22	26872	48
22	26873	48
22	26874	49
22	26875	50
22	26876	49
22	26877	48
22	26878	47
22	26879	47
22	26880	48
22	26881	49
22	26882	49
22	26883	48
22	26884	47
22	26885	46
22	26886	46
22	26887	45
22	26888	45
22	26889	45
22	26890	44
22	26891	44
22	26892	45
22	26893	45
22	26894	44
22	26895	43
22	26896	42
22	26897	40
22	26898	42
22	26899	42
22	26900	41
22	26901	41
22	26902	40
22	26903	40
22	26904	41
22	26905	41
22	26906	41
22	26907	40
22	26908	40
22	26909	39
22	26910	39
22	26911	39
22	26912	39
22	26913	39
22	26914	38
22	26915	38
22	26916	39
22	26917	39
22	26918	38
22	26919	39
22	26920	40
22	26921	40
22	26922	40
22	26923	41
22	26924	41
22	26925	41
22	26926	39
22	26927	39
22	26928	40
22	26929	42
22	26930	42
22	26931	43
22	26932	42
22	26933	43
22	26934	44
22	26935	45
22	26936	45
22	26937	45
22	26938	45
22	26939	45
22	26940	44
22	26941	44
22	26942	43
22	26943	44
22	26944	45
22	26945	45
22	26946	45
22	26947	45
22	26948	45
22	26949	44
22	26950	44
22	26951	44
22	26952	45
22	26953	45
22	26954	44
22	26955	43
22	26956	41
22	26957	41
22	26958	41
22	26959	42
22	26960	42
22	26961	41
22	26962	42
22	26963	41
22	26964	42
22	26965	42
22	26966	42
22	26967	42
22	26968	43
22	26969	42
22	26970	41
22	26971	41
22	26972	41
22	26973	41
22	26974	41
22	26975	41
22	26976	41
22	26977	41
22	26978	39
22	26979	38
22	26980	37
22	26981	37
22	26982	37
22	26983	37
22	26984	36
22	26985	36
22	26986	34
22	26987	35
22	26988	34
22	26989	36
22	26990	37
22	26991	36
22	26992	36
22	26993	36
22	26994	35
22	26995	36
22	26996	36
22	26997	37
22	26998	37
22	26999	37
22	27000	37
22	27001	37
22	27002	38
22	27003	39
22	27004	39
22	27005	38
22	27006	37
22	27007	38
22	27008	37
22	27009	37
22	27010	40
22	27011	40
22	27012	40
22	27013	40
22	27014	41
22	27015	42
22	27016	42
22	27017	43
22	27018	43
22	27019	43
22	27020	43
22	27021	44
22	27022	44
22	27023	44
22	27024	42
22	27025	42
22	27026	42
22	27027	42
22	27028	41
22	27029	39
22	27030	38
22	27031	38
22	27032	38
22	27033	39
22	27034	39
22	27035	42
22	27036	43
22	27037	42
22	27038	41
22	27039	42
22	27040	43
22	27041	42
22	27042	40
22	27043	39
22	27044	38
22	27045	37
22	27046	37
22	27047	38
22	27048	38
22	27049	37
22	27050	36
22	27051	36
22	27052	36
22	27053	37
22	27054	37
22	27055	37
22	27056	36
22	27057	37
22	27058	36
22	27059	35
22	27060	37
22	27061	36
22	27062	36
22	27063	35
22	27064	34
22	27065	33
22	27066	34
22	27067	34
22	27068	35
22	27069	35
22	27070	34
22	27071	34
22	27072	34
22	27073	35
22	27074	34
22	27075	33
22	27076	34
22	27077	34
22	27078	34
22	27079	34
22	27080	34
22	27081	34
22	27082	35
22	27083	37
22	27084	37
22	27085	36
22	27086	37
22	27087	36
22	27088	35
22	27089	37
22	27090	36
22	27091	36
22	27092	36
22	27093	35
22	27094	35
22	27095	36
22	27096	38
22	27097	39
22	27098	39
22	27099	36
22	27100	36
22	27101	35
22	27102	36
22	27103	38
22	27104	37
22	27105	37
22	27106	37
22	27107	37
22	27108	36
22	27109	35
22	27110	35
22	27111	34
22	27112	34
22	27113	35
22	27114	35
22	27115	35
22	27116	35
22	27117	35
22	27118	36
22	27119	36
22	27120	36
22	27121	37
22	27122	37
22	27123	38
22	27124	37
22	27125	38
22	27126	38
22	27127	39
22	27128	39
22	27129	40
22	27130	41
22	27131	40
22	27132	40
22	27133	40
22	27134	39
22	27135	38
22	27136	36
22	27137	35
22	27138	34
22	27139	35
22	27140	36
22	27141	35
22	27142	35
22	27143	36
22	27144	37
22	27145	37
22	27146	37
22	27147	37
22	27148	37
22	27149	36
22	27150	37
22	27151	37
22	27152	38
22	27153	38
22	27154	38
22	27155	37
22	27156	38
22	27157	38
22	27158	37
22	27159	36
22	27160	36
22	27161	38
22	27162	38
22	27163	38
22	27164	39
22	27165	40
22	27166	39
22	27167	40
22	27168	39
22	27169	39
22	27170	40
22	27171	40
22	27172	40
22	27173	43
22	27174	43
22	27175	42
22	27176	42
22	27177	42
22	27178	43
22	27179	43
22	27180	44
22	27181	44
22	27182	44
22	27183	44
22	27184	44
22	27185	44
22	27186	44
22	27187	44
22	27188	45
22	27189	46
22	27190	46
22	27191	46
22	27192	46
22	27193	46
22	27194	43
22	27195	43
22	27196	43
22	27197	43
22	27198	43
22	27199	42
22	27200	43
22	27201	43
22	27202	43
22	27203	43
22	27204	42
22	27205	43
22	27206	43
22	27207	43
22	27208	42
22	27209	41
22	27210	40
22	27211	38
22	27212	38
22	27213	38
22	27214	36
22	27215	35
22	27216	35
22	27217	35
22	27218	35
22	27219	34
22	27220	35
22	27221	35
22	27222	34
22	27223	33
22	27224	32
22	27225	31
22	27226	33
22	27227	33
22	27228	33
22	27229	33
22	27230	33
22	27231	33
22	27232	33
22	27233	33
22	27234	33
22	27235	32
22	27236	32
22	27237	33
22	27238	34
22	27239	34
22	27240	34
22	27241	34
22	27242	34
22	27243	34
22	27244	35
22	27245	36
22	27246	36
22	27247	35
22	27248	36
22	27249	36
22	27250	36
22	27251	36
22	27252	38
22	27253	40
22	27254	40
22	27255	41
22	27256	43
22	27257	43
22	27258	42
22	27259	43
22	27260	43
22	27261	42
22	27262	41
22	27263	42
22	27264	41
22	27265	41
22	27266	41
22	27267	41
22	27268	41
22	27269	39
22	27270	39
22	27271	38
22	27272	38
22	27273	38
22	27274	37
22	27275	36
22	27276	35
22	27277	35
22	27278	35
22	27279	35
22	27280	35
22	27281	35
22	27282	35
22	27283	35
22	27284	35
22	27285	36
22	27286	37
22	27287	36
22	27288	35
22	27289	37
22	27290	36
22	27291	36
22	27292	35
22	27293	34
22	27294	35
22	27295	35
22	27296	34
22	27297	34
22	27298	34
22	27299	33
22	27300	32
22	27301	32
22	27302	33
22	27303	33
22	27304	33
22	27305	33
22	27306	34
22	27307	34
22	27308	34
22	27309	34
22	27310	34
22	27311	34
22	27312	33
22	27313	33
22	27314	34
22	27315	34
22	27316	34
22	27317	34
22	27318	33
22	27319	32
22	27320	32
22	27321	33
22	27322	33
22	27323	34
22	27324	34
22	27325	34
22	27326	34
22	27327	35
22	27328	35
22	27329	35
22	27330	37
22	27331	37
22	27332	36
22	27333	36
22	27334	37
22	27335	37
22	27336	36
22	27337	35
22	27338	35
22	27339	34
22	27340	34
22	27341	34
22	27342	35
22	27343	35
22	27344	35
22	27345	35
22	27346	35
22	27347	35
22	27348	35
22	27349	34
22	27350	34
22	27351	34
22	27352	32
22	27353	32
22	27354	32
22	27355	31
22	27356	30
22	27357	30
22	27358	30
22	27359	30
22	27360	30
22	27361	29
22	27362	27
22	27363	26
22	27364	26
22	27365	27
22	27366	28
22	27367	27
22	27368	27
22	27369	27
22	27370	27
22	27371	26
22	27372	27
22	27373	28
22	27374	29
22	27375	28
22	27376	28
22	27377	29
22	27378	28
22	27379	28
22	27380	28
22	27381	27
22	27382	26
22	27383	26
22	27384	26
22	27385	25
22	27386	25
22	27387	24
22	27388	25
22	27389	24
22	27390	23
22	27391	23
22	27392	23
22	27393	23
22	27394	23
22	27395	23
22	27396	23
22	27397	23
22	27398	21
22	27399	21
22	27400	21
22	27401	21
22	27402	20
22	27403	20
22	27404	22
22	27405	22
22	27406	21
22	27407	21
22	27408	18
22	27409	18
22	27410	17
22	27411	17
22	27412	17
22	27413	17
22	27414	17
22	27415	16
22	27416	15
22	27417	16
22	27418	18
22	27419	18
22	27420	18
22	27421	17
22	27422	17
22	27423	17
22	27424	17
22	27425	17
22	27426	18
22	27427	18
22	27428	16
22	27429	16
22	27430	15
22	27431	15
22	27432	16
22	27433	16
22	27434	16
22	27435	16
22	27436	16
22	27437	17
22	27438	17
22	27439	17
22	27440	18
22	27441	18
22	27442	17
22	27443	18
22	27444	18
22	27445	18
22	27446	18
22	27447	18
22	27448	18
22	27449	18
22	27450	18
22	27451	17
22	27452	17
22	27453	17
22	27454	18
22	27455	17
22	27456	17
22	27457	17
22	27458	17
22	27459	18
22	27460	19
22	27461	19
22	27462	20
22	27463	20
22	27464	19
22	27465	20
22	27466	20
22	27467	19
22	27468	19
22	27469	20
22	27470	21
22	27471	20
22	27472	20
22	27473	20
22	27474	20
22	27475	21
22	27476	22
22	27477	22
22	27478	23
22	27479	23
22	27480	24
22	27481	25
22	27482	25
22	27483	25
22	27484	25
22	27485	25
22	27486	25
22	27487	25
22	27488	27
22	27489	27
22	27490	27
22	27491	27
22	27492	27
22	27493	26
22	27494	25
22	27495	25
22	27496	25
22	27497	27
22	27498	27
22	27499	27
22	27500	27
22	27501	27
22	27502	27
22	27503	27
22	27504	28
22	27505	27
22	27506	27
22	27507	27
22	27508	26
22	27509	26
22	27510	26
22	27511	25
22	27512	25
22	27513	25
22	27514	25
22	27515	25
22	27516	24
22	27517	23
22	27518	23
22	27519	23
22	27520	23
22	27521	23
22	27522	22
22	27523	21
22	27524	21
22	27525	22
22	27526	22
22	27527	22
22	27528	22
22	27529	21
22	27530	21
22	27531	21
22	27532	21
22	27533	20
22	27534	20
22	27535	20
22	27536	20
22	27537	20
22	27538	19
22	27539	19
22	27540	18
22	27541	17
22	27542	16
22	27543	15
22	27544	15
22	27545	15
22	27546	12
22	27547	12
22	27548	12
22	27549	11
22	27550	11
22	27551	10
22	27552	10
22	27553	10
22	27554	9
22	27555	9
22	27556	9
22	27557	9
22	27558	9
22	27559	9
22	27560	9
22	27561	8
22	27562	7
22	27563	6
22	27564	6
22	27565	5
22	27566	5
22	27567	5
22	27568	5
22	27569	5
22	27570	5
22	27571	5
22	27572	4
22	27573	4
22	27574	4
22	27575	4
22	27576	4
22	27577	4
22	27578	4
22	27579	4
22	27580	4
22	27581	4
22	27582	4
22	27583	4
22	27584	4
22	27585	4
22	27586	4
22	27587	5
22	27588	5
22	27589	5
22	27590	5
22	27591	5
22	27592	5
22	27593	5
22	27594	5
22	27595	5
22	27596	5
22	27597	5
22	27598	5
22	27599	5
22	27600	5
22	27601	5
22	27602	5
22	27603	5
22	27604	5
22	27605	5
22	27606	5
22	27607	5
22	27608	6
22	27609	6
22	27610	6
22	27611	6
22	27612	8
22	27613	9
22	27614	9
22	27615	11
22	27616	12
22	27617	12
22	27618	12
22	27619	12
22	27620	12
22	27621	14
22	27622	14
22	27623	16
22	27624	17
22	27625	17
22	27626	17
22	27627	18
22	27628	18
22	27629	19
22	27630	20
22	27631	19
22	27632	19
22	27633	20
22	27634	21
22	27635	22
22	27636	22
22	27637	22
22	27638	22
22	27639	22
22	27640	22
22	27641	22
22	27642	21
22	27643	21
22	27644	23
22	27645	23
22	27646	24
22	27647	25
22	27648	26
22	27649	26
22	27650	27
22	27651	26
22	27652	28
22	27653	28
22	27654	28
22	27655	29
22	27656	29
22	27657	29
22	27658	28
22	27659	27
22	27660	27
22	27661	27
22	27662	27
22	27663	27
22	27664	28
22	27665	28
22	27666	28
22	27667	28
22	27668	29
22	27669	30
22	27670	31
22	27671	31
22	27672	32
22	27673	32
22	27674	31
22	27675	31
22	27676	32
22	27677	33
22	27678	34
22	27679	34
22	27680	36
22	27681	36
22	27682	37
22	27683	37
22	27684	37
22	27685	37
22	27686	36
22	27687	35
22	27688	36
22	27689	36
22	27690	37
22	27691	37
22	27692	38
22	27693	38
22	27694	40
22	27695	40
22	27696	41
22	27697	42
22	27698	44
22	27699	43
22	27700	45
22	27701	45
22	27702	45
22	27703	45
22	27704	46
22	27705	46
22	27706	45
22	27707	45
22	27708	44
22	27709	44
22	27710	45
22	27711	45
22	27712	44
22	27713	45
22	27714	45
22	27715	44
22	27716	46
22	27717	46
22	27718	46
22	27719	48
22	27720	48
22	27721	49
22	27722	48
22	27723	49
22	27724	49
22	27725	49
22	27726	49
22	27727	47
22	27728	47
22	27729	47
22	27730	47
22	27731	47
22	27732	47
22	27733	47
22	27734	46
22	27735	45
22	27736	45
22	27737	46
22	27738	45
22	27739	45
22	27740	45
22	27741	44
22	27742	44
22	27743	44
22	27744	46
22	27745	46
22	27746	46
22	27747	46
22	27748	44
22	27749	44
22	27750	44
22	27751	45
22	27752	45
22	27753	45
22	27754	44
22	27755	44
22	27756	43
22	27757	43
22	27758	41
22	27759	41
22	27760	40
22	27761	41
22	27762	39
22	27763	39
22	27764	38
22	27765	38
22	27766	39
22	27767	39
22	27768	39
22	27769	38
22	27770	37
22	27771	37
22	27772	37
22	27773	38
22	27774	40
22	27775	40
22	27776	41
22	27777	41
22	27778	41
22	27779	42
22	27780	43
22	27781	44
22	27782	44
22	27783	44
22	27784	45
22	27785	45
22	27786	45
22	27787	46
22	27788	46
22	27789	44
22	27790	44
22	27791	43
22	27792	43
22	27793	43
22	27794	43
22	27795	43
22	27796	43
22	27797	44
22	27798	44
22	27799	43
22	27800	43
22	27801	43
22	27802	43
22	27803	43
22	27804	42
22	27805	42
22	27806	42
22	27807	42
22	27808	42
22	27809	42
22	27810	41
22	27811	41
22	27812	41
22	27813	40
22	27814	40
22	27815	39
22	27816	38
22	27817	38
22	27818	40
22	27819	40
22	27820	40
22	27821	40
22	27822	39
22	27823	38
22	27824	38
22	27825	38
22	27826	38
22	27827	37
22	27828	37
22	27829	38
22	27830	38
22	27831	39
22	27832	39
22	27833	39
22	27834	39
22	27835	40
22	27836	40
22	27837	40
22	27838	39
22	27839	39
22	27840	38
22	27841	38
22	27842	39
22	27843	39
22	27844	38
22	27845	38
22	27846	38
22	27847	37
22	27848	38
22	27849	37
22	27850	37
22	27851	37
22	27852	37
22	27853	38
22	27854	37
22	27855	37
22	27856	38
22	27857	39
22	27858	40
22	27859	39
22	27860	38
22	27861	38
22	27862	37
22	27863	37
22	27864	38
22	27865	39
22	27866	39
22	27867	39
22	27868	40
22	27869	39
22	27870	39
22	27871	39
22	27872	39
22	27873	39
22	27874	39
22	27875	39
22	27876	39
22	27877	39
22	27878	39
22	27879	39
22	27880	39
22	27881	39
22	27882	40
22	27883	40
22	27884	40
22	27885	38
22	27886	38
22	27887	37
22	27888	37
22	27889	37
22	27890	37
22	27891	37
22	27892	37
22	27893	36
22	27894	36
22	27895	35
22	27896	35
22	27897	36
22	27898	37
22	27899	37
22	27900	36
22	27901	36
22	27902	36
22	27903	35
22	27904	35
22	27905	37
22	27906	37
22	27907	36
22	27908	35
22	27909	35
22	27910	33
22	27911	33
22	27912	34
22	27913	33
22	27914	33
22	27915	33
22	27916	31
22	27917	31
22	27918	31
22	27919	31
22	27920	31
22	27921	31
22	27922	31
22	27923	30
22	27924	31
22	27925	29
22	27926	29
22	27927	29
22	27928	29
22	27929	29
22	27930	28
22	27931	28
22	27932	28
22	27933	28
22	27934	27
22	27935	26
22	27936	27
22	27937	27
22	27938	28
22	27939	28
22	27940	28
22	27941	29
22	27942	29
22	27943	28
22	27944	26
22	27945	26
22	27946	26
22	27947	26
22	27948	26
22	27949	24
22	27950	24
22	27951	23
22	27952	23
22	27953	23
22	27954	24
22	27955	24
22	27956	25
22	27957	24
22	27958	24
22	27959	24
22	27960	24
22	27961	24
22	27962	25
22	27963	25
22	27964	25
22	27965	26
22	27966	26
22	27967	27
22	27968	27
22	27969	27
22	27970	27
22	27971	27
22	27972	27
22	27973	28
22	27974	28
22	27975	27
22	27976	27
22	27977	27
22	27978	27
22	27979	27
22	27980	26
22	27981	26
22	27982	27
22	27983	28
22	27984	28
22	27985	27
22	27986	27
22	27987	29
22	27988	29
22	27989	27
22	27990	27
22	27991	27
22	27992	26
22	27993	27
22	27994	27
22	27995	28
22	27996	29
22	27997	30
22	27998	31
22	27999	30
22	28000	30
22	28001	30
22	28002	30
22	28003	30
22	28004	30
22	28005	30
22	28006	31
22	28007	32
22	28008	32
22	28009	32
22	28010	32
22	28011	33
22	28012	34
22	28013	34
22	28014	33
22	28015	33
22	28016	33
22	28017	32
22	28018	33
22	28019	33
22	28020	33
22	28021	32
22	28022	34
22	28023	34
22	28024	34
22	28025	35
22	28026	35
22	28027	35
22	28028	35
22	28029	35
22	28030	34
22	28031	34
22	28032	34
22	28033	35
22	28034	34
22	28035	34
22	28036	33
22	28037	34
22	28038	34
22	28039	34
22	28040	35
22	28041	35
22	28042	36
22	28043	35
22	28044	36
22	28045	35
22	28046	35
22	28047	34
22	28048	33
22	28049	33
22	28050	31
22	28051	30
22	28052	30
22	28053	30
22	28054	31
22	28055	30
22	28056	29
22	28057	27
22	28058	26
22	28059	26
22	28060	26
22	28061	25
22	28062	25
22	28063	26
22	28064	26
22	28065	25
22	28066	25
22	28067	25
22	28068	25
22	28069	25
22	28070	25
22	28071	24
22	28072	23
22	28073	24
22	28074	23
22	28075	22
22	28076	22
22	28077	22
22	28078	22
22	28079	20
22	28080	20
22	28081	20
22	28082	20
22	28083	20
22	28084	20
22	28085	20
22	28086	20
22	28087	20
22	28088	20
22	28089	20
22	28090	20
22	28091	20
22	28092	20
22	28093	19
22	28094	18
22	28095	17
22	28096	17
22	28097	17
22	28098	17
22	28099	16
22	28100	15
22	28101	15
22	28102	15
22	28103	15
22	28104	14
22	28105	15
22	28106	16
22	28107	16
22	28108	16
22	28109	17
22	28110	17
22	28111	16
22	28112	16
22	28113	16
22	28114	17
22	28115	17
22	28116	17
22	28117	18
22	28118	18
22	28119	18
22	28120	18
22	28121	17
22	28122	17
22	28123	17
22	28124	17
22	28125	18
22	28126	18
22	28127	18
22	28128	18
22	28129	18
22	28130	18
22	28131	18
22	28132	18
22	28133	18
22	28134	18
22	28135	18
22	28136	17
22	28137	17
22	28138	16
22	28139	16
22	28140	15
22	28141	15
22	28142	14
22	28143	14
22	28144	13
22	28145	13
22	28146	12
22	28147	12
22	28148	12
22	28149	11
22	28150	9
22	28151	9
22	28152	8
22	28153	7
22	28154	7
22	28155	6
22	28156	6
22	28157	5
22	28158	5
22	28159	5
22	28160	5
22	28161	5
22	28162	5
22	28163	5
22	28164	5
22	28165	5
22	28166	5
22	28167	5
22	28168	5
22	28169	6
22	28170	6
22	28171	6
22	28172	5
22	28173	5
22	28174	5
22	28175	5
22	28176	5
22	28177	5
22	28178	5
22	28179	5
22	28180	6
22	28181	6
22	28182	6
22	28183	6
22	28184	6
22	28185	6
22	28186	6
22	28187	6
22	28188	6
22	28189	6
22	28190	6
22	28191	6
22	28192	6
22	28193	6
22	28194	6
22	28195	6
22	28196	6
22	28197	5
22	28198	5
22	28199	5
22	28200	5
22	28201	5
22	28202	5
22	28203	4
22	28204	5
22	28205	5
22	28206	5
22	28207	5
22	28208	5
22	28209	4
22	28210	5
22	28211	5
22	28212	5
22	28213	5
22	28214	5
22	28215	5
22	28216	5
22	28217	5
22	28218	5
22	28219	5
22	28220	5
22	28221	4
22	28222	4
22	28223	4
22	28224	4
22	28225	5
22	28226	7
22	28227	7
22	28228	7
22	28229	7
22	28230	7
22	28231	9
22	28232	10
22	28233	10
22	28234	11
22	28235	11
22	28236	11
22	28237	12
22	28238	12
22	28239	12
22	28240	12
22	28241	14
22	28242	15
22	28243	15
22	28244	15
22	28245	15
22	28246	16
22	28247	15
22	28248	15
22	28249	15
22	28250	17
22	28251	17
22	28252	18
22	28253	18
22	28254	19
22	28255	20
22	28256	20
22	28257	21
22	28258	21
22	28259	21
22	28260	22
22	28261	22
22	28262	22
22	28263	24
22	28264	24
22	28265	23
22	28266	24
22	28267	24
22	28268	24
22	28269	24
22	28270	24
22	28271	25
22	28272	26
22	28273	26
22	28274	25
22	28275	24
22	28276	24
22	28277	25
22	28278	26
22	28279	27
22	28280	28
22	28281	28
22	28282	28
22	28283	28
22	28284	29
22	28285	30
22	28286	30
22	28287	30
22	28288	30
22	28289	29
22	28290	29
22	28291	29
22	28292	29
22	28293	29
22	28294	29
22	28295	28
22	28296	28
22	28297	28
22	28298	28
22	28299	29
22	28300	28
22	28301	29
22	28302	29
22	28303	29
22	28304	29
22	28305	30
22	28306	30
22	28307	29
22	28308	30
22	28309	29
22	28310	29
22	28311	29
22	28312	31
22	28313	30
22	28314	29
22	28315	29
22	28316	30
22	28317	30
22	28318	30
22	28319	30
22	28320	29
22	28321	29
22	28322	29
22	28323	29
22	28324	29
22	28325	30
22	28326	30
22	28327	30
22	28328	29
22	28329	29
22	28330	28
22	28331	26
22	28332	26
22	28333	25
22	28334	25
22	28335	25
22	28336	25
22	28337	23
22	28338	22
22	28339	22
22	28340	20
22	28341	21
22	28342	21
22	28343	21
22	28344	21
22	28345	20
22	28346	20
22	28347	20
22	28348	20
22	28349	19
22	28350	18
22	28351	17
22	28352	18
22	28353	18
22	28354	17
22	28355	17
22	28356	17
22	28357	16
22	28358	16
22	28359	15
22	28360	13
22	28361	13
22	28362	12
22	28363	12
22	28364	12
22	28365	12
22	28366	11
22	28367	10
22	28368	11
22	28369	11
22	28370	11
22	28371	12
22	28372	11
22	28373	11
22	28374	11
22	28375	11
22	28376	10
22	28377	10
22	28378	10
22	28379	10
22	28380	10
22	28381	10
22	28382	13
22	28383	14
22	28384	14
22	28385	14
22	28386	14
22	28387	14
22	28388	15
22	28389	15
22	28390	16
22	28391	16
22	28392	17
22	28393	17
22	28394	17
22	28395	18
22	28396	19
22	28397	19
22	28398	20
22	28399	21
22	28400	23
22	28401	23
22	28402	23
22	28403	23
22	28404	23
22	28405	24
22	28406	26
22	28407	26
22	28408	26
22	28409	26
22	28410	26
22	28411	26
22	28412	26
22	28413	26
22	28414	26
22	28415	26
22	28416	26
22	28417	26
22	28418	28
22	28419	28
22	28420	28
22	28421	28
22	28422	29
22	28423	29
22	28424	28
22	28425	28
22	28426	28
22	28427	28
22	28428	26
22	28429	27
22	28430	27
22	28431	27
22	28432	27
22	28433	28
22	28434	28
22	28435	27
22	28436	27
22	28437	27
22	28438	27
22	28439	27
22	28440	27
22	28441	27
22	28442	26
22	28443	25
22	28444	25
22	28445	23
22	28446	24
22	28447	24
22	28448	24
22	28449	24
22	28450	25
22	28451	26
22	28452	26
22	28453	26
22	28454	26
22	28455	25
22	28456	26
22	28457	28
22	28458	28
22	28459	28
22	28460	28
22	28461	29
22	28462	28
22	28463	28
22	28464	27
22	28465	27
22	28466	27
22	28467	26
22	28468	26
22	28469	26
22	28470	25
22	28471	25
22	28472	25
22	28473	24
22	28474	24
22	28475	25
22	28476	26
22	28477	26
22	28478	27
22	28479	27
22	28480	27
22	28481	27
22	28482	26
22	28483	25
22	28484	26
22	28485	26
22	28486	26
22	28487	26
22	28488	26
22	28489	26
22	28490	26
22	28491	26
22	28492	25
22	28493	24
22	28494	24
22	28495	23
22	28496	23
22	28497	22
22	28498	21
22	28499	20
22	28500	20
22	28501	19
22	28502	19
22	28503	19
22	28504	20
22	28505	20
22	28506	20
22	28507	20
22	28508	20
22	28509	21
22	28510	22
22	28511	21
22	28512	20
22	28513	22
22	28514	22
22	28515	23
22	28516	23
22	28517	25
22	28518	25
22	28519	25
22	28520	25
22	28521	25
22	28522	25
22	28523	25
22	28524	25
22	28525	25
22	28526	26
22	28527	27
22	28528	27
22	28529	27
22	28530	28
22	28531	28
22	28532	29
22	28533	29
22	28534	29
22	28535	30
22	28536	30
22	28537	30
22	28538	31
22	28539	31
22	28540	31
22	28541	31
22	28542	30
22	28543	30
22	28544	29
22	28545	30
22	28546	29
22	28547	29
22	28548	31
22	28549	32
22	28550	32
22	28551	31
22	28552	30
22	28553	30
22	28554	30
22	28555	30
22	28556	31
22	28557	31
22	28558	32
22	28559	32
22	28560	32
22	28561	32
22	28562	31
22	28563	30
22	28564	29
22	28565	29
22	28566	29
22	28567	29
22	28568	29
22	28569	29
22	28570	30
22	28571	30
22	28572	30
22	28573	30
22	28574	30
22	28575	29
22	28576	29
22	28577	28
22	28578	28
22	28579	29
22	28580	29
22	28581	29
22	28582	30
22	28583	30
22	28584	30
22	28585	29
22	28586	28
22	28587	28
22	28588	28
22	28589	28
22	28590	28
22	28591	27
22	28592	26
22	28593	25
22	28594	25
22	28595	25
22	28596	25
22	28597	25
22	28598	24
22	28599	24
22	28600	23
22	28601	24
22	28602	26
22	28603	26
22	28604	25
22	28605	26
22	28606	25
22	28607	25
22	28608	26
22	28609	26
22	28610	26
22	28611	25
22	28612	25
22	28613	26
22	28614	26
22	28615	25
22	28616	25
22	28617	24
22	28618	26
22	28619	26
22	28620	27
22	28621	26
22	28622	27
22	28623	27
22	28624	28
22	28625	29
22	28626	29
22	28627	30
22	28628	31
22	28629	32
22	28630	33
22	28631	32
22	28632	33
22	28633	32
22	28634	33
22	28635	33
22	28636	34
22	28637	38
22	28638	38
22	28639	39
22	28640	39
22	28641	40
22	28642	40
22	28643	40
22	28644	39
22	28645	39
22	28646	39
22	28647	41
22	28648	41
22	28649	42
22	28650	42
22	28651	42
22	28652	42
22	28653	43
22	28654	43
22	28655	42
22	28656	43
22	28657	43
22	28658	43
22	28659	43
22	28660	43
22	28661	43
22	28662	43
22	28663	43
22	28664	44
22	28665	44
22	28666	44
22	28667	45
22	28668	45
22	28669	45
22	28670	44
22	28671	45
22	28672	46
22	28673	44
22	28674	44
22	28675	45
22	28676	45
22	28677	43
22	28678	43
22	28679	42
22	28680	41
22	28681	41
22	28682	40
22	28683	40
22	28684	39
22	28685	40
22	28686	41
22	28687	41
22	28688	42
22	28689	42
22	28690	44
22	28691	43
22	28692	42
22	28693	41
22	28694	43
22	28695	43
22	28696	44
22	28697	43
22	28698	43
22	28699	42
22	28700	42
22	28701	42
22	28702	42
22	28703	41
22	28704	40
22	28705	39
22	28706	40
22	28707	41
22	28708	41
22	28709	40
22	28710	40
22	28711	41
22	28712	40
22	28713	41
22	28714	41
22	28715	41
22	28716	41
22	28717	42
22	28718	43
22	28719	43
22	28720	43
22	28721	45
22	28722	45
22	28723	45
22	28724	45
22	28725	44
22	28726	43
22	28727	43
22	28728	42
22	28729	41
22	28730	41
22	28731	41
22	28732	41
22	28733	39
22	28734	40
22	28735	41
22	28736	41
22	28737	43
22	28738	43
22	28739	44
22	28740	46
22	28741	47
22	28742	47
22	28743	47
22	28744	47
22	28745	46
22	28746	45
22	28747	45
22	28748	45
22	28749	44
22	28750	44
22	28751	44
22	28752	42
22	28753	42
22	28754	42
22	28755	40
22	28756	40
22	28757	40
22	28758	40
22	28759	40
22	28760	40
22	28761	40
22	28762	39
22	28763	38
22	28764	39
22	28765	38
22	28766	38
22	28767	37
22	28768	36
22	28769	36
22	28770	35
22	28771	35
22	28772	35
22	28773	35
22	28774	34
22	28775	33
22	28776	32
22	28777	31
22	28778	31
22	28779	29
22	28780	28
22	28781	28
22	28782	29
22	28783	29
22	28784	29
22	28785	29
22	28786	29
22	28787	29
22	28788	29
22	28789	29
22	28790	29
22	28791	29
22	28792	29
22	28793	27
22	28794	26
22	28795	26
22	28796	25
22	28797	24
22	28798	24
22	28799	24
22	28800	24
22	28801	24
22	28802	24
22	28803	24
22	28804	24
22	28805	24
22	28806	24
22	28807	25
22	28808	25
22	28809	25
22	28810	23
22	28811	22
22	28812	22
22	28813	21
22	28814	21
22	28815	21
22	28816	21
22	28817	20
22	28818	19
22	28819	18
22	28820	17
22	28821	17
22	28822	17
22	28823	17
22	28824	18
22	28825	17
22	28826	17
22	28827	17
22	28828	17
22	28829	18
22	28830	18
22	28831	18
22	28832	18
22	28833	18
22	28834	18
22	28835	18
22	28836	18
22	28837	18
22	28838	18
22	28839	18
22	28840	18
22	28841	18
22	28842	19
22	28843	19
22	28844	20
22	28845	20
22	28846	22
22	28847	23
22	28848	23
22	28849	22
22	28850	22
22	28851	22
22	28852	22
22	28853	23
22	28854	23
22	28855	24
22	28856	23
22	28857	24
22	28858	26
22	28859	26
22	28860	26
22	28861	25
22	28862	25
22	28863	25
22	28864	25
22	28865	25
22	28866	26
22	28867	27
22	28868	27
22	28869	27
22	28870	27
22	28871	26
22	28872	27
22	28873	27
22	28874	28
22	28875	28
22	28876	29
22	28877	30
22	28878	30
22	28879	30
22	28880	30
22	28881	31
22	28882	32
22	28883	32
22	28884	32
22	28885	32
22	28886	32
22	28887	31
22	28888	31
22	28889	33
22	28890	33
22	28891	32
22	28892	32
22	28893	32
22	28894	33
22	28895	35
22	28896	36
22	28897	36
22	28898	36
22	28899	37
22	28900	36
22	28901	36
22	28902	37
22	28903	37
22	28904	36
22	28905	37
22	28906	35
22	28907	35
22	28908	35
22	28909	35
22	28910	35
22	28911	35
22	28912	35
22	28913	36
22	28914	36
22	28915	36
22	28916	34
22	28917	35
22	28918	35
22	28919	35
22	28920	35
22	28921	35
22	28922	34
22	28923	34
22	28924	34
22	28925	34
22	28926	34
22	28927	34
22	28928	34
22	28929	34
22	28930	33
22	28931	34
22	28932	34
22	28933	34
22	28934	34
22	28935	32
22	28936	30
22	28937	30
22	28938	30
22	28939	30
22	28940	30
22	28941	29
22	28942	29
22	28943	30
22	28944	29
22	28945	29
22	28946	29
22	28947	30
22	28948	30
22	28949	30
22	28950	29
22	28951	28
22	28952	28
22	28953	28
22	28954	28
22	28955	26
22	28956	27
22	28957	27
22	28958	27
22	28959	28
22	28960	28
22	28961	28
22	28962	28
22	28963	28
22	28964	28
22	28965	30
22	28966	29
22	28967	30
22	28968	29
22	28969	29
22	28970	31
22	28971	29
22	28972	28
22	28973	27
22	28974	26
22	28975	27
22	28976	26
22	28977	26
22	28978	26
22	28979	26
22	28980	25
22	28981	24
22	28982	24
22	28983	24
22	28984	24
22	28985	23
22	28986	23
22	28987	22
22	28988	22
22	28989	20
22	28990	20
22	28991	21
22	28992	21
22	28993	21
22	28994	21
22	28995	21
22	28996	21
22	28997	21
22	28998	21
22	28999	21
22	29000	20
22	29001	20
22	29002	19
22	29003	18
22	29004	17
22	29005	17
22	29006	17
22	29007	17
22	29008	18
22	29009	19
22	29010	19
22	29011	19
22	29012	19
22	29013	18
22	29014	18
22	29015	17
22	29016	16
22	29017	17
22	29018	17
22	29019	17
22	29020	18
22	29021	18
22	29022	19
22	29023	19
22	29024	20
22	29025	20
22	29026	20
22	29027	20
22	29028	20
22	29029	20
22	29030	21
22	29031	21
22	29032	22
22	29033	22
22	29034	22
22	29035	22
22	29036	22
22	29037	22
22	29038	22
22	29039	22
22	29040	22
22	29041	22
22	29042	21
22	29043	18
22	29044	19
22	29045	18
22	29046	18
22	29047	18
22	29048	17
22	29049	16
22	29050	16
22	29051	14
22	29052	15
22	29053	14
22	29054	14
22	29055	14
22	29056	13
22	29057	14
22	29058	14
22	29059	14
22	29060	15
22	29061	16
22	29062	17
22	29063	17
22	29064	17
22	29065	17
22	29066	17
22	29067	16
22	29068	16
22	29069	16
22	29070	16
22	29071	16
22	29072	16
22	29073	17
22	29074	17
22	29075	17
22	29076	18
22	29077	19
22	29078	19
22	29079	19
22	29080	17
22	29081	17
22	29082	17
22	29083	17
22	29084	17
22	29085	17
22	29086	17
22	29087	17
22	29088	17
22	29089	16
22	29090	16
22	29091	15
22	29092	14
22	29093	14
22	29094	15
22	29095	14
22	29096	13
22	29097	13
22	29098	14
22	29099	14
22	29100	15
22	29101	15
22	29102	15
22	29103	15
22	29104	15
22	29105	15
22	29106	14
22	29107	13
22	29108	12
22	29109	10
22	29110	9
22	29111	9
22	29112	10
22	29113	10
22	29114	10
22	29115	10
22	29116	10
22	29117	10
22	29118	9
22	29119	8
22	29120	7
22	29121	6
22	29122	6
22	29123	6
22	29124	6
22	29125	6
22	29126	7
22	29127	7
22	29128	7
22	29129	8
22	29130	10
22	29131	10
22	29132	10
22	29133	10
22	29134	12
22	29135	13
22	29136	13
22	29137	13
22	29138	13
22	29139	13
22	29140	14
22	29141	14
22	29142	15
22	29143	16
22	29144	15
22	29145	16
22	29146	16
22	29147	16
22	29148	18
22	29149	19
22	29150	19
22	29151	19
22	29152	20
22	29153	21
22	29154	21
22	29155	23
22	29156	23
22	29157	23
22	29158	23
22	29159	23
22	29160	22
22	29161	21
22	29162	20
22	29163	20
22	29164	20
22	29165	20
22	29166	20
22	29167	20
22	29168	20
22	29169	21
22	29170	21
22	29171	21
22	29172	22
22	29173	22
22	29174	23
22	29175	23
22	29176	23
22	29177	25
22	29178	26
22	29179	27
22	29180	28
22	29181	28
22	29182	28
22	29183	29
22	29184	29
22	29185	29
22	29186	30
22	29187	31
22	29188	31
22	29189	31
22	29190	32
22	29191	33
22	29192	34
22	29193	34
22	29194	34
22	29195	33
22	29196	33
22	29197	33
22	29198	33
22	29199	33
22	29200	33
22	29201	32
22	29202	30
22	29203	30
22	29204	30
22	29205	30
22	29206	31
22	29207	31
22	29208	31
22	29209	31
22	29210	33
22	29211	33
22	29212	32
22	29213	32
22	29214	33
22	29215	34
22	29216	35
22	29217	36
22	29218	36
22	29219	36
22	29220	36
22	29221	35
22	29222	35
22	29223	35
22	29224	36
22	29225	35
22	29226	36
22	29227	36
22	29228	37
22	29229	37
22	29230	38
22	29231	38
22	29232	39
22	29233	38
22	29234	39
22	29235	39
22	29236	40
22	29237	41
22	29238	41
22	29239	41
22	29240	40
22	29241	40
22	29242	41
22	29243	42
22	29244	42
22	29245	42
22	29246	41
22	29247	41
22	29248	40
22	29249	39
22	29250	38
22	29251	38
22	29252	38
22	29253	38
22	29254	38
22	29255	38
22	29256	37
22	29257	37
22	29258	37
22	29259	36
22	29260	37
22	29261	37
22	29262	37
22	29263	37
22	29264	37
22	29265	38
22	29266	39
22	29267	39
22	29268	39
22	29269	40
22	29270	42
22	29271	43
22	29272	43
22	29273	44
22	29274	42
22	29275	42
22	29276	41
22	29277	42
22	29278	41
22	29279	41
22	29280	41
22	29281	41
22	29282	41
22	29283	42
22	29284	42
22	29285	41
22	29286	39
22	29287	38
22	29288	38
22	29289	38
22	29290	40
22	29291	39
22	29292	39
22	29293	39
22	29294	40
22	29295	41
22	29296	41
22	29297	42
22	29298	42
22	29299	42
22	29300	42
22	29301	41
22	29302	40
22	29303	40
22	29304	39
22	29305	40
22	29306	40
22	29307	40
22	29308	40
22	29309	40
22	29310	40
22	29311	41
22	29312	40
22	29313	40
22	29314	39
22	29315	39
22	29316	39
22	29317	39
22	29318	41
22	29319	41
22	29320	39
22	29321	38
22	29322	38
22	29323	38
22	29324	38
22	29325	38
22	29326	39
22	29327	38
22	29328	37
22	29329	37
22	29330	37
22	29331	36
22	29332	36
22	29333	35
22	29334	36
22	29335	34
22	29336	34
22	29337	35
22	29338	34
22	29339	34
22	29340	35
22	29341	36
22	29342	36
22	29343	35
22	29344	34
22	29345	34
22	29346	33
22	29347	34
22	29348	31
22	29349	31
22	29350	32
22	29351	32
22	29352	32
22	29353	32
22	29354	31
22	29355	32
22	29356	33
22	29357	32
22	29358	32
22	29359	33
22	29360	35
22	29361	36
22	29362	36
22	29363	36
22	29364	38
22	29365	38
22	29366	37
22	29367	37
22	29368	38
22	29369	39
22	29370	38
22	29371	38
22	29372	37
22	29373	37
22	29374	36
22	29375	37
22	29376	37
22	29377	37
22	29378	37
22	29379	38
22	29380	39
22	29381	39
22	29382	40
22	29383	40
22	29384	40
22	29385	40
22	29386	39
22	29387	40
22	29388	40
22	29389	40
22	29390	39
22	29391	39
22	29392	40
22	29393	40
22	29394	40
22	29395	41
22	29396	42
22	29397	42
22	29398	42
22	29399	42
22	29400	42
22	29401	41
22	29402	41
22	29403	42
22	29404	43
22	29405	40
22	29406	38
22	29407	39
22	29408	40
22	29409	40
22	29410	41
22	29411	41
22	29412	41
22	29413	41
22	29414	41
22	29415	42
22	29416	42
22	29417	40
22	29418	40
22	29419	40
22	29420	41
22	29421	41
22	29422	42
22	29423	42
22	29424	42
22	29425	41
22	29426	40
22	29427	40
22	29428	40
22	29429	40
22	29430	42
22	29431	43
22	29432	46
22	29433	46
22	29434	45
22	29435	45
22	29436	45
22	29437	46
22	29438	45
22	29439	46
22	29440	48
22	29441	48
22	29442	49
22	29443	49
22	29444	50
22	29445	50
22	29446	50
22	29447	51
22	29448	51
22	29449	52
22	29450	51
22	29451	50
22	29452	50
22	29453	49
22	29454	49
22	29455	50
22	29456	50
22	29457	50
22	29458	49
22	29459	50
22	29460	49
22	29461	49
22	29462	49
22	29463	49
22	29464	49
22	29465	47
22	29466	46
22	29467	47
22	29468	47
22	29469	47
22	29470	47
22	29471	47
22	29472	47
22	29473	47
22	29474	48
22	29475	50
22	29476	49
22	29477	49
22	29478	49
22	29479	48
22	29480	47
22	29481	49
22	29482	49
22	29483	48
22	29484	48
22	29485	48
22	29486	47
22	29487	47
22	29488	46
22	29489	46
22	29490	46
22	29491	46
22	29492	46
22	29493	47
22	29494	46
22	29495	46
22	29496	45
22	29497	44
22	29498	44
22	29499	45
22	29500	45
22	29501	45
22	29502	44
22	29503	43
22	29504	45
22	29505	44
22	29506	42
22	29507	41
22	29508	40
22	29509	41
22	29510	41
22	29511	40
22	29512	41
22	29513	42
22	29514	42
22	29515	43
22	29516	41
22	29517	41
22	29518	42
22	29519	42
22	29520	42
22	29521	44
22	29522	43
22	29523	42
22	29524	42
22	29525	42
22	29526	43
22	29527	42
22	29528	42
22	29529	42
22	29530	42
22	29531	41
22	29532	41
22	29533	40
22	29534	40
22	29535	40
22	29536	40
22	29537	40
22	29538	41
22	29539	40
22	29540	39
22	29541	39
22	29542	37
22	29543	38
22	29544	37
22	29545	38
22	29546	38
22	29547	37
22	29548	38
22	29549	39
22	29550	40
22	29551	39
22	29552	37
22	29553	38
22	29554	39
22	29555	38
22	29556	38
22	29557	38
22	29558	38
22	29559	39
22	29560	40
22	29561	40
22	29562	41
22	29563	41
22	29564	42
22	29565	42
22	29566	42
22	29567	42
22	29568	42
22	29569	43
22	29570	42
22	29571	44
22	29572	44
22	29573	44
22	29574	43
22	29575	43
22	29576	43
22	29577	45
22	29578	44
22	29579	43
22	29580	42
22	29581	42
22	29582	41
22	29583	41
22	29584	42
22	29585	42
22	29586	41
22	29587	42
22	29588	41
22	29589	40
22	29590	39
22	29591	39
22	29592	40
22	29593	39
22	29594	40
22	29595	41
22	29596	41
22	29597	41
22	29598	42
22	29599	42
22	29600	41
22	29601	41
22	29602	41
22	29603	42
22	29604	42
22	29605	44
22	29606	44
22	29607	43
22	29608	43
22	29609	43
22	29610	43
22	29611	44
22	29612	44
22	29613	45
22	29614	45
22	29615	45
22	29616	46
22	29617	46
22	29618	48
22	29619	48
22	29620	48
22	29621	49
22	29622	50
22	29623	49
22	29624	49
22	29625	49
22	29626	49
22	29627	47
22	29628	49
22	29629	49
22	29630	50
22	29631	49
22	29632	50
22	29633	50
22	29634	52
22	29635	52
22	29636	52
22	29637	52
22	29638	53
22	29639	52
22	29640	52
22	29641	52
22	29642	51
22	29643	49
22	29644	49
22	29645	50
22	29646	49
22	29647	51
22	29648	51
22	29649	52
22	29650	53
22	29651	54
22	29652	52
22	29653	53
22	29654	53
22	29655	53
22	29656	54
22	29657	54
22	29658	54
22	29659	55
22	29660	55
22	29661	55
22	29662	52
22	29663	51
22	29664	50
22	29665	50
22	29666	50
22	29667	50
22	29668	50
22	29669	51
22	29670	50
22	29671	50
22	29672	50
22	29673	50
22	29674	48
22	29675	47
22	29676	47
22	29677	46
22	29678	46
22	29679	46
22	29680	45
22	29681	44
22	29682	45
22	29683	43
22	29684	43
22	29685	42
22	29686	41
22	29687	40
22	29688	40
22	29689	39
22	29690	39
22	29691	39
22	29692	39
22	29693	39
22	29694	38
22	29695	38
22	29696	38
22	29697	39
22	29698	39
22	29699	39
22	29700	39
22	29701	39
22	29702	38
22	29703	39
22	29704	39
22	29705	39
22	29706	38
22	29707	36
22	29708	36
22	29709	35
22	29710	33
22	29711	32
22	29712	30
22	29713	30
22	29714	30
22	29715	30
22	29716	30
22	29717	30
22	29718	31
22	29719	31
22	29720	31
22	29721	31
22	29722	31
22	29723	31
22	29724	32
22	29725	31
22	29726	31
22	29727	30
22	29728	31
22	29729	31
22	29730	31
22	29731	31
22	29732	30
22	29733	29
22	29734	28
22	29735	29
22	29736	29
22	29737	28
22	29738	29
22	29739	29
22	29740	30
22	29741	30
22	29742	30
22	29743	31
22	29744	32
22	29745	34
22	29746	33
22	29747	33
22	29748	34
22	29749	36
22	29750	37
22	29751	37
22	29752	37
22	29753	36
22	29754	37
22	29755	38
22	29756	38
22	29757	37
22	29758	36
22	29759	36
22	29760	37
22	29761	38
22	29762	38
22	29763	39
22	29764	39
22	29765	39
22	29766	37
22	29767	37
22	29768	38
22	29769	39
22	29770	40
22	29771	40
22	29772	40
22	29773	41
22	29774	41
22	29775	41
22	29776	43
22	29777	43
22	29778	42
22	29779	42
22	29780	41
22	29781	41
22	29782	42
22	29783	42
22	29784	42
22	29785	43
22	29786	44
22	29787	44
22	29788	45
22	29789	45
22	29790	44
22	29791	43
22	29792	44
22	29793	46
22	29794	47
22	29795	46
22	29796	46
22	29797	45
22	29798	45
22	29799	44
22	29800	44
22	29801	44
22	29802	44
22	29803	45
22	29804	45
22	29805	45
22	29806	45
22	29807	44
22	29808	45
22	29809	45
22	29810	45
22	29811	44
22	29812	43
22	29813	42
22	29814	42
22	29815	42
22	29816	42
22	29817	40
22	29818	40
22	29819	40
22	29820	39
22	29821	39
22	29822	40
22	29823	40
22	29824	40
22	29825	39
22	29826	40
22	29827	38
22	29828	37
22	29829	38
22	29830	39
22	29831	39
22	29832	40
22	29833	40
22	29834	39
22	29835	38
22	29836	40
22	29837	41
22	29838	42
22	29839	42
22	29840	43
22	29841	42
22	29842	43
22	29843	43
22	29844	44
22	29845	44
22	29846	42
22	29847	42
22	29848	43
22	29849	42
22	29850	42
22	29851	42
22	29852	41
22	29853	41
22	29854	40
22	29855	39
22	29856	38
22	29857	38
22	29858	38
22	29859	39
22	29860	39
22	29861	40
22	29862	39
22	29863	39
22	29864	40
22	29865	41
22	29866	42
22	29867	41
22	29868	41
22	29869	43
22	29870	43
22	29871	42
22	29872	41
22	29873	40
22	29874	40
22	29875	39
22	29876	40
22	29877	41
22	29878	40
22	29879	40
22	29880	40
22	29881	40
22	29882	41
22	29883	41
22	29884	41
22	29885	41
22	29886	42
22	29887	42
22	29888	44
22	29889	43
22	29890	43
22	29891	44
22	29892	43
22	29893	44
22	29894	46
22	29895	45
22	29896	45
22	29897	46
22	29898	46
22	29899	46
22	29900	46
22	29901	45
22	29902	46
22	29903	46
22	29904	46
22	29905	45
22	29906	45
22	29907	43
22	29908	44
22	29909	44
22	29910	44
22	29911	45
22	29912	45
22	29913	45
22	29914	44
22	29915	44
22	29916	43
22	29917	42
22	29918	42
22	29919	42
22	29920	43
22	29921	44
22	29922	44
22	29923	44
22	29924	45
22	29925	44
22	29926	43
22	29927	43
22	29928	43
22	29929	44
22	29930	44
22	29931	44
22	29932	44
22	29933	44
22	29934	42
22	29935	42
22	29936	41
22	29937	42
22	29938	43
22	29939	45
22	29940	44
22	29941	44
22	29942	45
22	29943	45
22	29944	45
22	29945	46
22	29946	46
22	29947	47
22	29948	48
22	29949	49
22	29950	49
22	29951	50
22	29952	50
22	29953	49
22	29954	49
22	29955	51
22	29956	52
22	29957	52
22	29958	53
22	29959	52
22	29960	52
22	29961	54
22	29962	53
22	29963	54
22	29964	54
22	29965	55
22	29966	54
22	29967	54
22	29968	54
22	29969	53
22	29970	52
22	29971	53
22	29972	52
22	29973	52
22	29974	51
22	29975	52
22	29976	51
22	29977	50
22	29978	51
22	29979	52
22	29980	53
22	29981	53
22	29982	52
22	29983	52
22	29984	53
22	29985	55
22	29986	54
22	29987	53
22	29988	53
22	29989	53
22	29990	52
22	29991	52
22	29992	52
22	29993	52
22	29994	52
22	29995	53
22	29996	51
22	29997	51
22	29998	52
22	29999	52
22	30000	53
22	30001	53
22	30002	53
22	30003	52
22	30004	51
22	30005	51
22	30006	51
22	30007	51
22	30008	50
22	30009	51
22	30010	50
22	30011	50
22	30012	49
22	30013	48
22	30014	48
22	30015	47
22	30016	48
22	30017	49
22	30018	49
22	30019	50
22	30020	49
22	30021	49
22	30022	48
22	30023	48
22	30024	48
22	30025	48
22	30026	49
22	30027	48
22	30028	49
22	30029	48
22	30030	50
22	30031	51
22	30032	50
22	30033	49
22	30034	49
22	30035	49
22	30036	49
22	30037	48
22	30038	48
22	30039	48
22	30040	47
22	30041	47
22	30042	46
22	30043	46
22	30044	45
22	30045	45
22	30046	45
22	30047	45
22	30048	46
22	30049	46
22	30050	45
22	30051	45
22	30052	44
22	30053	45
22	30054	46
22	30055	46
22	30056	46
22	30057	46
22	30058	46
22	30059	46
22	30060	45
22	30061	48
22	30062	48
22	30063	47
22	30064	47
22	30065	47
22	30066	47
22	30067	47
22	30068	46
22	30069	47
22	30070	47
22	30071	48
22	30072	48
22	30073	49
22	30074	49
22	30075	50
22	30076	50
22	30077	52
22	30078	53
22	30079	50
22	30080	49
22	30081	48
22	30082	47
22	30083	48
22	30084	48
22	30085	46
22	30086	47
22	30087	47
22	30088	46
22	30089	46
22	30090	47
22	30091	47
22	30092	47
22	30093	47
22	30094	48
22	30095	47
22	30096	45
22	30097	45
22	30098	45
22	30099	44
22	30100	43
22	30101	45
22	30102	46
22	30103	46
22	30104	45
22	30105	44
22	30106	43
22	30107	43
22	30108	41
22	30109	40
22	30110	39
22	30111	38
22	30112	37
22	30113	37
22	30114	37
22	30115	37
22	30116	39
22	30117	38
22	30118	38
22	30119	38
22	30120	37
22	30121	37
22	30122	38
22	30123	38
22	30124	37
22	30125	37
22	30126	36
22	30127	35
22	30128	35
22	30129	36
22	30130	36
22	30131	37
22	30132	38
22	30133	37
22	30134	37
22	30135	38
22	30136	39
22	30137	37
22	30138	37
22	30139	35
22	30140	35
22	30141	35
22	30142	35
22	30143	34
22	30144	35
22	30145	35
22	30146	35
22	30147	35
22	30148	36
22	30149	35
22	30150	35
22	30151	34
22	30152	34
22	30153	34
22	30154	34
22	30155	34
22	30156	33
22	30157	33
22	30158	34
22	30159	35
22	30160	35
22	30161	36
22	30162	37
22	30163	37
22	30164	37
22	30165	36
22	30166	37
22	30167	38
22	30168	39
22	30169	37
22	30170	37
22	30171	38
22	30172	38
22	30173	37
22	30174	37
22	30175	38
22	30176	37
22	30177	37
22	30178	37
22	30179	36
22	30180	36
22	30181	36
22	30182	35
22	30183	34
22	30184	35
22	30185	36
22	30186	36
22	30187	35
22	30188	35
22	30189	35
22	30190	35
22	30191	36
22	30192	37
22	30193	37
22	30194	36
22	30195	35
22	30196	36
22	30197	37
22	30198	37
22	30199	38
22	30200	38
22	30201	40
22	30202	40
22	30203	39
22	30204	38
22	30205	38
22	30206	38
22	30207	38
22	30208	38
22	30209	38
22	30210	37
22	30211	38
22	30212	38
22	30213	38
22	30214	39
22	30215	39
22	30216	39
22	30217	40
22	30218	41
22	30219	41
22	30220	43
22	30221	44
22	30222	44
22	30223	44
22	30224	43
22	30225	43
22	30226	41
22	30227	42
22	30228	42
22	30229	42
22	30230	42
22	30231	42
22	30232	41
22	30233	41
22	30234	41
22	30235	41
22	30236	42
22	30237	42
22	30238	42
22	30239	42
22	30240	41
22	30241	41
22	30242	41
22	30243	41
22	30244	41
22	30245	41
22	30246	42
22	30247	42
22	30248	42
22	30249	42
22	30250	41
22	30251	40
22	30252	42
22	30253	42
22	30254	41
22	30255	42
22	30256	42
22	30257	42
22	30258	41
22	30259	40
22	30260	40
22	30261	40
22	30262	39
22	30263	39
22	30264	39
22	30265	41
22	30266	41
22	30267	42
22	30268	40
22	30269	40
22	30270	40
22	30271	41
22	30272	40
22	30273	40
22	30274	40
22	30275	40
22	30276	40
22	30277	41
22	30278	41
22	30279	41
22	30280	40
22	30281	41
22	30282	41
22	30283	40
22	30284	40
22	30285	40
22	30286	41
22	30287	39
22	30288	39
22	30289	39
22	30290	38
22	30291	38
22	30292	39
22	30293	39
22	30294	39
22	30295	39
22	30296	39
22	30297	39
22	30298	39
22	30299	39
22	30300	42
22	30301	41
22	30302	40
22	30303	41
22	30304	41
22	30305	42
22	30306	43
22	30307	44
22	30308	44
22	30309	45
22	30310	46
22	30311	46
22	30312	47
22	30313	47
22	30314	47
22	30315	46
22	30316	46
22	30317	47
22	30318	48
22	30319	48
22	30320	48
22	30321	48
22	30322	49
22	30323	50
22	30324	49
22	30325	49
22	30326	48
22	30327	46
22	30328	46
22	30329	46
22	30330	46
22	30331	45
22	30332	44
22	30333	44
22	30334	43
22	30335	44
22	30336	43
22	30337	43
22	30338	42
22	30339	42
22	30340	42
22	30341	41
22	30342	40
22	30343	41
22	30344	41
22	30345	40
22	30346	40
22	30347	40
22	30348	40
22	30349	40
22	30350	40
22	30351	40
22	30352	39
22	30353	40
22	30354	39
22	30355	39
22	30356	39
22	30357	38
22	30358	39
22	30359	39
22	30360	40
22	30361	41
22	30362	41
22	30363	40
22	30364	40
22	30365	42
22	30366	41
22	30367	42
22	30368	41
22	30369	42
22	30370	42
22	30371	41
22	30372	42
22	30373	42
22	30374	42
22	30375	42
22	30376	43
22	30377	44
22	30378	43
22	30379	43
22	30380	41
22	30381	42
22	30382	41
22	30383	42
22	30384	42
22	30385	43
22	30386	43
22	30387	43
22	30388	44
22	30389	46
22	30390	45
22	30391	45
22	30392	45
22	30393	45
22	30394	45
22	30395	45
22	30396	45
22	30397	45
22	30398	45
22	30399	47
22	30400	49
22	30401	49
22	30402	49
22	30403	48
22	30404	48
22	30405	48
22	30406	48
22	30407	48
22	30408	48
22	30409	49
22	30410	47
22	30411	47
22	30412	49
22	30413	47
22	30414	48
22	30415	47
22	30416	46
22	30417	46
22	30418	46
22	30419	45
22	30420	42
22	30421	42
22	30422	42
22	30423	41
22	30424	41
22	30425	40
22	30426	39
22	30427	39
22	30428	38
22	30429	37
22	30430	38
22	30431	38
22	30432	38
22	30433	39
22	30434	39
22	30435	40
22	30436	40
22	30437	41
22	30438	40
22	30439	40
22	30440	39
22	30441	38
22	30442	39
22	30443	40
22	30444	41
22	30445	41
22	30446	40
22	30447	40
22	30448	40
22	30449	40
22	30450	39
22	30451	40
22	30452	39
22	30453	40
22	30454	40
22	30455	40
22	30456	40
22	30457	40
22	30458	41
22	30459	42
22	30460	42
22	30461	42
22	30462	42
22	30463	41
22	30464	40
22	30465	39
22	30466	39
22	30467	39
22	30468	40
22	30469	40
22	30470	40
22	30471	40
22	30472	40
22	30473	40
22	30474	40
22	30475	39
22	30476	38
22	30477	38
22	30478	38
22	30479	38
22	30480	37
22	30481	36
22	30482	36
22	30483	36
22	30484	36
22	30485	36
22	30486	36
22	30487	35
22	30488	35
22	30489	34
22	30490	38
22	30491	38
22	30492	39
22	30493	38
22	30494	38
22	30495	38
22	30496	39
22	30497	38
22	30498	39
22	30499	39
22	30500	39
22	30501	39
22	30502	38
22	30503	37
22	30504	36
22	30505	35
22	30506	36
22	30507	37
22	30508	37
22	30509	36
22	30510	35
22	30511	34
22	30512	35
22	30513	36
22	30514	35
22	30515	35
22	30516	35
22	30517	37
22	30518	38
22	30519	39
22	30520	39
22	30521	38
22	30522	39
22	30523	39
22	30524	38
22	30525	38
22	30526	38
22	30527	38
22	30528	38
22	30529	39
22	30530	38
22	30531	38
22	30532	37
22	30533	36
22	30534	36
22	30535	34
22	30536	34
22	30537	33
22	30538	33
22	30539	33
22	30540	32
22	30541	32
22	30542	34
22	30543	35
22	30544	35
22	30545	35
22	30546	34
22	30547	35
22	30548	35
22	30549	34
22	30550	33
22	30551	33
22	30552	34
22	30553	32
22	30554	32
22	30555	32
22	30556	32
22	30557	34
22	30558	34
22	30559	34
22	30560	34
22	30561	35
22	30562	34
22	30563	33
22	30564	32
22	30565	31
22	30566	30
22	30567	31
22	30568	31
22	30569	32
22	30570	33
22	30571	34
22	30572	35
22	30573	35
22	30574	36
22	30575	36
22	30576	38
22	30577	39
22	30578	37
22	30579	38
22	30580	39
22	30581	38
22	30582	38
22	30583	38
22	30584	40
22	30585	41
22	30586	41
22	30587	41
22	30588	41
22	30589	42
22	30590	42
22	30591	42
22	30592	42
22	30593	42
22	30594	42
22	30595	42
22	30596	43
22	30597	41
22	30598	41
22	30599	42
22	30600	42
22	30601	42
22	30602	42
22	30603	42
22	30604	42
22	30605	41
22	30606	40
22	30607	40
22	30608	40
22	30609	40
22	30610	39
22	30611	39
22	30612	39
22	30613	37
22	30614	36
22	30615	35
22	30616	33
22	30617	32
22	30618	33
22	30619	32
22	30620	32
22	30621	30
22	30622	30
22	30623	30
22	30624	30
22	30625	29
22	30626	28
22	30627	27
22	30628	27
22	30629	26
22	30630	27
22	30631	27
22	30632	26
22	30633	24
22	30634	23
22	30635	22
22	30636	22
22	30637	22
22	30638	22
22	30639	22
22	30640	22
22	30641	22
22	30642	22
22	30643	19
22	30644	19
22	30645	20
22	30646	19
22	30647	17
22	30648	17
22	30649	17
22	30650	17
22	30651	17
22	30652	17
22	30653	16
22	30654	16
22	30655	16
22	30656	16
22	30657	16
22	30658	16
22	30659	16
22	30660	16
22	30661	16
22	30662	16
22	30663	16
22	30664	15
22	30665	15
22	30666	14
22	30667	13
22	30668	13
22	30669	13
22	30670	13
22	30671	11
22	30672	12
22	30673	12
22	30674	12
22	30675	12
22	30676	11
22	30677	11
22	30678	10
22	30679	10
22	30680	10
22	30681	10
22	30682	10
22	30683	10
22	30684	10
22	30685	12
22	30686	11
22	30687	12
22	30688	12
22	30689	13
22	30690	13
22	30691	12
22	30692	13
22	30693	14
22	30694	14
22	30695	14
22	30696	13
22	30697	13
22	30698	14
22	30699	14
22	30700	14
22	30701	14
22	30702	14
22	30703	15
22	30704	15
22	30705	15
22	30706	15
22	30707	18
22	30708	19
22	30709	19
22	30710	19
22	30711	19
22	30712	19
22	30713	19
22	30714	18
22	30715	19
22	30716	19
22	30717	19
22	30718	19
22	30719	19
22	30720	19
22	30721	19
22	30722	18
22	30723	18
22	30724	18
22	30725	18
22	30726	17
22	30727	17
22	30728	17
22	30729	17
22	30730	17
22	30731	16
22	30732	16
22	30733	18
22	30734	19
22	30735	19
22	30736	19
22	30737	20
22	30738	22
22	30739	22
22	30740	22
22	30741	22
22	30742	22
22	30743	21
22	30744	21
22	30745	22
22	30746	23
22	30747	25
22	30748	25
22	30749	25
22	30750	25
22	30751	23
22	30752	23
22	30753	23
22	30754	24
22	30755	23
22	30756	24
22	30757	24
22	30758	23
22	30759	23
22	30760	23
22	30761	24
22	30762	25
22	30763	26
22	30764	26
22	30765	26
22	30766	27
22	30767	28
22	30768	28
22	30769	28
22	30770	28
22	30771	29
22	30772	29
22	30773	29
22	30774	29
22	30775	29
22	30776	29
22	30777	30
22	30778	30
22	30779	30
22	30780	28
22	30781	28
22	30782	28
22	30783	27
22	30784	27
22	30785	28
22	30786	27
22	30787	27
22	30788	27
22	30789	27
22	30790	28
22	30791	30
22	30792	30
22	30793	30
22	30794	31
22	30795	32
22	30796	33
22	30797	34
22	30798	34
22	30799	35
22	30800	35
22	30801	35
22	30802	34
22	30803	34
22	30804	34
22	30805	33
22	30806	34
22	30807	34
22	30808	34
22	30809	36
22	30810	37
22	30811	36
22	30812	37
22	30813	37
22	30814	37
22	30815	37
22	30816	37
22	30817	38
22	30818	38
22	30819	38
22	30820	38
22	30821	40
22	30822	40
22	30823	39
22	30824	38
22	30825	38
22	30826	38
22	30827	37
22	30828	37
22	30829	37
22	30830	38
22	30831	39
22	30832	40
22	30833	40
22	30834	40
22	30835	40
22	30836	40
22	30837	40
22	30838	40
22	30839	38
22	30840	38
22	30841	39
22	30842	40
22	30843	40
22	30844	40
22	30845	40
22	30846	40
22	30847	41
22	30848	41
22	30849	42
22	30850	42
22	30851	42
22	30852	42
22	30853	42
22	30854	42
22	30855	41
22	30856	41
22	30857	41
22	30858	41
22	30859	41
22	30860	40
22	30861	41
22	30862	40
22	30863	40
22	30864	39
22	30865	39
22	30866	39
22	30867	39
22	30868	40
22	30869	39
22	30870	40
22	30871	39
22	30872	43
22	30873	44
22	30874	43
22	30875	43
22	30876	43
22	30877	44
22	30878	44
22	30879	44
22	30880	45
22	30881	44
22	30882	44
22	30883	45
22	30884	44
22	30885	45
22	30886	46
22	30887	44
22	30888	43
22	30889	43
22	30890	43
22	30891	43
22	30892	42
22	30893	41
22	30894	40
22	30895	40
22	30896	40
22	30897	40
22	30898	40
22	30899	41
22	30900	40
22	30901	40
22	30902	39
22	30903	39
22	30904	39
22	30905	38
22	30906	38
22	30907	39
22	30908	39
22	30909	39
22	30910	40
22	30911	40
22	30912	40
22	30913	41
22	30914	41
22	30915	41
22	30916	41
22	30917	42
22	30918	42
22	30919	43
22	30920	42
22	30921	42
22	30922	43
22	30923	43
22	30924	42
22	30925	41
22	30926	41
22	30927	41
22	30928	43
22	30929	43
22	30930	43
22	30931	42
22	30932	41
22	30933	41
22	30934	41
22	30935	41
22	30936	42
22	30937	43
22	30938	43
22	30939	42
22	30940	42
22	30941	42
22	30942	42
22	30943	42
22	30944	42
22	30945	43
22	30946	43
22	30947	43
22	30948	44
22	30949	44
22	30950	45
22	30951	45
22	30952	44
22	30953	44
22	30954	44
22	30955	44
22	30956	44
22	30957	44
22	30958	44
22	30959	44
22	30960	43
22	30961	42
22	30962	41
22	30963	41
22	30964	39
22	30965	37
22	30966	37
22	30967	37
22	30968	37
22	30969	36
22	30970	36
22	30971	37
22	30972	37
22	30973	37
22	30974	36
22	30975	36
22	30976	35
22	30977	34
22	30978	34
22	30979	34
22	30980	34
22	30981	33
22	30982	32
22	30983	31
22	30984	30
22	30985	31
22	30986	32
22	30987	33
22	30988	32
22	30989	31
22	30990	32
22	30991	32
22	30992	31
22	30993	31
22	30994	31
22	30995	31
22	30996	30
22	30997	30
22	30998	30
22	30999	30
22	31000	30
22	31001	31
22	31002	31
22	31003	30
22	31004	28
22	31005	27
22	31006	27
22	31007	27
22	31008	27
22	31009	27
22	31010	28
22	31011	27
22	31012	28
22	31013	28
22	31014	28
22	31015	28
22	31016	28
22	31017	27
22	31018	28
22	31019	28
22	31020	28
22	31021	28
22	31022	29
22	31023	30
22	31024	30
22	31025	29
22	31026	29
22	31027	30
22	31028	31
22	31029	31
22	31030	31
22	31031	29
22	31032	29
22	31033	30
22	31034	30
22	31035	30
22	31036	31
22	31037	32
22	31038	31
22	31039	31
22	31040	31
22	31041	31
22	31042	31
22	31043	31
22	31044	31
22	31045	30
22	31046	31
22	31047	31
22	31048	31
22	31049	33
22	31050	34
22	31051	34
22	31052	35
22	31053	35
22	31054	35
22	31055	33
22	31056	34
22	31057	34
22	31058	34
22	31059	34
22	31060	33
22	31061	34
22	31062	32
22	31063	32
22	31064	32
22	31065	32
22	31066	31
22	31067	31
22	31068	31
22	31069	30
22	31070	31
22	31071	32
22	31072	32
22	31073	32
22	31074	31
22	31075	31
22	31076	31
22	31077	30
22	31078	30
22	31079	30
22	31080	30
22	31081	31
22	31082	31
22	31083	31
22	31084	31
22	31085	32
22	31086	31
22	31087	30
22	31088	30
22	31089	30
22	31090	30
22	31091	29
22	31092	29
22	31093	29
22	31094	29
22	31095	27
22	31096	28
22	31097	28
22	31098	29
22	31099	29
22	31100	31
22	31101	30
22	31102	30
22	31103	29
22	31104	30
22	31105	30
22	31106	31
22	31107	30
22	31108	30
22	31109	30
22	31110	29
22	31111	32
22	31112	33
22	31113	33
22	31114	33
22	31115	32
22	31116	32
22	31117	31
22	31118	31
22	31119	33
22	31120	33
22	31121	33
22	31122	33
22	31123	32
22	31124	29
22	31125	30
22	31126	31
22	31127	33
22	31128	33
22	31129	33
22	31130	33
22	31131	33
22	31132	35
22	31133	35
22	31134	35
22	31135	36
22	31136	37
22	31137	36
22	31138	36
22	31139	38
22	31140	40
22	31141	42
22	31142	42
22	31143	41
22	31144	39
22	31145	39
22	31146	39
22	31147	39
22	31148	39
22	31149	39
22	31150	39
22	31151	39
22	31152	39
22	31153	40
22	31154	40
22	31155	41
22	31156	39
22	31157	40
22	31158	39
22	31159	39
22	31160	39
22	31161	39
22	31162	40
22	31163	40
22	31164	41
22	31165	42
22	31166	40
22	31167	41
22	31168	42
22	31169	42
22	31170	42
22	31171	42
22	31172	41
22	31173	41
22	31174	41
22	31175	40
22	31176	41
22	31177	42
22	31178	43
22	31179	43
22	31180	44
22	31181	44
22	31182	44
22	31183	43
22	31184	43
22	31185	44
22	31186	45
22	31187	44
22	31188	44
22	31189	44
22	31190	44
22	31191	43
22	31192	42
22	31193	44
22	31194	45
22	31195	44
22	31196	46
22	31197	45
22	31198	47
22	31199	46
22	31200	47
22	31201	46
22	31202	46
22	31203	45
22	31204	44
22	31205	45
22	31206	44
22	31207	44
22	31208	43
22	31209	43
22	31210	44
22	31211	43
22	31212	43
22	31213	44
22	31214	44
22	31215	43
22	31216	43
22	31217	43
22	31218	43
22	31219	42
22	31220	42
22	31221	42
22	31222	42
22	31223	42
22	31224	42
22	31225	43
22	31226	42
22	31227	43
22	31228	44
22	31229	44
22	31230	45
22	31231	44
22	31232	44
22	31233	43
22	31234	43
22	31235	43
22	31236	42
22	31237	42
22	31238	43
22	31239	43
22	31240	43
22	31241	44
22	31242	44
22	31243	44
22	31244	42
22	31245	43
22	31246	44
22	31247	43
22	31248	43
22	31249	43
22	31250	44
22	31251	45
22	31252	45
22	31253	45
22	31254	45
22	31255	45
22	31256	44
22	31257	44
22	31258	44
22	31259	45
22	31260	46
22	31261	47
22	31262	48
22	31263	47
22	31264	48
22	31265	50
22	31266	50
22	31267	50
22	31268	51
22	31269	51
22	31270	51
22	31271	51
22	31272	52
22	31273	51
22	31274	50
22	31275	51
22	31276	49
22	31277	48
22	31278	47
22	31279	46
22	31280	46
22	31281	45
22	31282	45
22	31283	45
22	31284	46
22	31285	47
22	31286	46
22	31287	46
22	31288	45
22	31289	44
22	31290	44
22	31291	44
22	31292	45
22	31293	45
22	31294	46
22	31295	46
22	31296	46
22	31297	45
22	31298	43
22	31299	43
22	31300	42
22	31301	42
22	31302	42
22	31303	41
22	31304	40
22	31305	40
22	31306	40
22	31307	41
22	31308	40
22	31309	38
22	31310	37
22	31311	37
22	31312	36
22	31313	36
22	31314	33
22	31315	32
22	31316	29
22	31317	29
22	31318	28
22	31319	29
22	31320	30
22	31321	30
22	31322	30
22	31323	31
22	31324	32
22	31325	31
22	31326	31
22	31327	32
22	31328	32
22	31329	33
22	31330	31
22	31331	31
22	31332	32
22	31333	32
22	31334	30
22	31335	31
22	31336	30
22	31337	30
22	31338	31
22	31339	31
22	31340	32
22	31341	33
22	31342	33
22	31343	33
22	31344	33
22	31345	34
22	31346	36
22	31347	35
22	31348	36
22	31349	37
22	31350	37
22	31351	37
22	31352	38
22	31353	38
22	31354	37
22	31355	39
22	31356	38
22	31357	38
22	31358	38
22	31359	38
22	31360	38
22	31361	39
22	31362	40
22	31363	39
22	31364	40
22	31365	41
22	31366	42
22	31367	41
22	31368	42
22	31369	41
22	31370	41
22	31371	41
22	31372	42
22	31373	43
22	31374	43
22	31375	44
22	31376	44
22	31377	44
22	31378	44
22	31379	44
22	31380	44
22	31381	44
22	31382	45
22	31383	45
22	31384	45
22	31385	45
22	31386	44
22	31387	44
22	31388	45
22	31389	46
22	31390	44
22	31391	44
22	31392	44
22	31393	45
22	31394	44
22	31395	44
22	31396	44
22	31397	44
22	31398	43
22	31399	45
22	31400	45
22	31401	46
22	31402	47
22	31403	46
22	31404	45
22	31405	46
22	31406	46
22	31407	46
22	31408	46
22	31409	46
22	31410	45
22	31411	45
22	31412	44
22	31413	44
22	31414	45
22	31415	45
22	31416	44
22	31417	44
22	31418	43
22	31419	43
22	31420	42
22	31421	42
22	31422	41
22	31423	42
22	31424	41
22	31425	41
22	31426	41
22	31427	41
22	31428	41
22	31429	42
22	31430	42
22	31431	42
22	31432	42
22	31433	42
22	31434	42
22	31435	43
22	31436	43
22	31437	43
22	31438	43
22	31439	43
22	31440	43
22	31441	42
22	31442	40
22	31443	40
22	31444	41
22	31445	41
22	31446	41
22	31447	43
22	31448	44
22	31449	44
22	31450	44
22	31451	43
22	31452	43
22	31453	42
22	31454	41
22	31455	42
22	31456	41
22	31457	42
22	31458	42
22	31459	43
22	31460	42
22	31461	41
22	31462	41
22	31463	41
22	31464	42
22	31465	42
22	31466	42
22	31467	42
22	31468	42
22	31469	41
22	31470	41
22	31471	39
22	31472	38
22	31473	37
22	31474	37
22	31475	37
22	31476	38
22	31477	37
22	31478	35
22	31479	35
22	31480	35
22	31481	35
22	31482	36
22	31483	37
22	31484	37
22	31485	37
22	31486	36
22	31487	36
22	31488	36
22	31489	35
22	31490	36
22	31491	36
22	31492	36
22	31493	38
22	31494	38
22	31495	37
22	31496	36
22	31497	37
22	31498	37
22	31499	39
22	31500	39
22	31501	40
22	31502	41
22	31503	39
22	31504	39
22	31505	38
22	31506	37
22	31507	38
22	31508	38
22	31509	37
22	31510	37
22	31511	38
22	31512	39
22	31513	39
22	31514	39
22	31515	39
22	31516	39
22	31517	39
22	31518	39
22	31519	39
22	31520	39
22	31521	39
22	31522	38
22	31523	38
22	31524	39
22	31525	38
22	31526	38
22	31527	39
22	31528	40
22	31529	40
22	31530	40
22	31531	39
22	31532	40
22	31533	41
22	31534	42
22	31535	42
22	31536	42
22	31537	42
22	31538	42
22	31539	42
22	31540	43
22	31541	42
22	31542	42
22	31543	42
22	31544	42
22	31545	41
22	31546	40
22	31547	39
22	31548	38
22	31549	37
22	31550	37
22	31551	37
22	31552	37
22	31553	38
22	31554	37
22	31555	35
22	31556	35
22	31557	36
22	31558	35
22	31559	35
22	31560	34
22	31561	34
22	31562	35
22	31563	35
22	31564	35
22	31565	35
22	31566	35
22	31567	36
22	31568	35
22	31569	36
22	31570	36
22	31571	35
22	31572	35
22	31573	35
22	31574	36
22	31575	35
22	31576	35
22	31577	37
22	31578	36
22	31579	36
22	31580	35
22	31581	35
22	31582	35
22	31583	34
22	31584	33
22	31585	33
22	31586	34
22	31587	34
22	31588	35
22	31589	34
22	31590	34
22	31591	35
22	31592	35
22	31593	36
22	31594	37
22	31595	37
22	31596	38
22	31597	40
22	31598	42
22	31599	42
22	31600	42
22	31601	42
22	31602	41
22	31603	41
22	31604	41
22	31605	40
22	31606	42
22	31607	43
22	31608	42
22	31609	43
22	31610	43
22	31611	42
22	31612	42
22	31613	42
22	31614	42
22	31615	43
22	31616	43
22	31617	45
22	31618	45
22	31619	44
22	31620	44
22	31621	46
22	31622	46
22	31623	45
22	31624	45
22	31625	44
22	31626	44
22	31627	43
22	31628	43
22	31629	43
22	31630	44
22	31631	44
22	31632	44
22	31633	44
22	31634	43
22	31635	44
22	31636	43
22	31637	43
22	31638	43
22	31639	43
22	31640	43
22	31641	42
22	31642	42
22	31643	42
22	31644	42
22	31645	42
22	31646	42
22	31647	41
22	31648	40
22	31649	42
22	31650	41
22	31651	42
22	31652	41
22	31653	41
22	31654	42
22	31655	42
22	31656	42
22	31657	43
22	31658	43
22	31659	42
22	31660	43
22	31661	43
22	31662	43
22	31663	44
22	31664	44
22	31665	44
22	31666	45
22	31667	44
22	31668	44
22	31669	45
22	31670	46
22	31671	45
22	31672	44
22	31673	44
22	31674	43
22	31675	43
22	31676	43
22	31677	44
22	31678	44
22	31679	45
22	31680	45
22	31681	44
22	31682	43
22	31683	42
22	31684	42
22	31685	42
22	31686	41
22	31687	39
22	31688	39
22	31689	40
22	31690	40
22	31691	41
22	31692	40
22	31693	40
22	31694	41
22	31695	41
22	31696	42
22	31697	42
22	31698	43
22	31699	43
22	31700	44
22	31701	43
22	31702	44
22	31703	44
22	31704	44
22	31705	45
22	31706	45
22	31707	47
22	31708	47
22	31709	47
22	31710	47
22	31711	46
22	31712	47
22	31713	47
22	31714	46
22	31715	46
22	31716	46
22	31717	46
22	31718	47
22	31719	46
22	31720	47
22	31721	46
22	31722	46
22	31723	45
22	31724	46
22	31725	46
22	31726	46
22	31727	46
22	31728	46
22	31729	45
22	31730	45
22	31731	44
22	31732	43
22	31733	43
22	31734	45
22	31735	46
22	31736	45
22	31737	45
22	31738	44
22	31739	45
22	31740	46
22	31741	46
22	31742	46
22	31743	47
22	31744	46
22	31745	46
22	31746	46
22	31747	45
22	31748	45
22	31749	46
22	31750	46
22	31751	46
22	31752	46
22	31753	45
22	31754	45
22	31755	45
22	31756	46
22	31757	46
22	31758	46
22	31759	46
22	31760	45
22	31761	43
22	31762	43
22	31763	44
22	31764	44
22	31765	43
22	31766	43
22	31767	43
22	31768	44
22	31769	44
22	31770	44
22	31771	44
22	31772	44
22	31773	44
22	31774	44
22	31775	44
22	31776	42
22	31777	42
22	31778	40
22	31779	40
22	31780	39
22	31781	40
22	31782	40
22	31783	39
22	31784	38
22	31785	36
22	31786	35
22	31787	34
22	31788	33
22	31789	34
22	31790	34
22	31791	34
22	31792	34
22	31793	33
22	31794	34
22	31795	34
22	31796	31
22	31797	30
22	31798	32
22	31799	31
22	31800	29
22	31801	30
22	31802	30
22	31803	29
22	31804	29
22	31805	29
22	31806	29
22	31807	31
22	31808	31
22	31809	31
22	31810	31
22	31811	31
22	31812	32
22	31813	33
22	31814	31
22	31815	31
22	31816	30
22	31817	30
22	31818	31
22	31819	31
22	31820	30
22	31821	29
22	31822	30
22	31823	30
22	31824	30
22	31825	30
22	31826	30
22	31827	30
22	31828	30
22	31829	30
22	31830	31
22	31831	34
22	31832	34
22	31833	33
22	31834	33
22	31835	33
22	31836	32
22	31837	33
22	31838	34
22	31839	34
22	31840	35
22	31841	36
22	31842	37
22	31843	37
22	31844	37
22	31845	37
22	31846	36
22	31847	36
22	31848	38
22	31849	39
22	31850	38
22	31851	39
22	31852	38
22	31853	39
22	31854	39
22	31855	38
22	31856	38
22	31857	39
22	31858	39
22	31859	39
22	31860	40
22	31861	39
22	31862	39
22	31863	39
22	31864	39
22	31865	39
22	31866	39
22	31867	37
22	31868	36
22	31869	36
22	31870	35
22	31871	35
22	31872	35
22	31873	35
22	31874	36
22	31875	35
22	31876	34
22	31877	34
22	31878	34
22	31879	34
22	31880	34
22	31881	35
22	31882	34
22	31883	33
22	31884	33
22	31885	33
22	31886	34
22	31887	32
22	31888	32
22	31889	31
22	31890	31
22	31891	31
22	31892	31
22	31893	31
22	31894	31
22	31895	31
22	31896	31
22	31897	31
22	31898	30
22	31899	29
22	31900	29
22	31901	29
22	31902	28
22	31903	28
22	31904	27
22	31905	25
22	31906	25
22	31907	24
22	31908	24
22	31909	24
22	31910	24
22	31911	24
22	31912	24
22	31913	25
22	31914	25
22	31915	25
22	31916	24
22	31917	24
22	31918	24
22	31919	27
22	31920	27
22	31921	27
22	31922	27
22	31923	28
22	31924	29
22	31925	30
22	31926	30
22	31927	30
22	31928	30
22	31929	30
22	31930	30
22	31931	30
22	31932	29
22	31933	28
22	31934	28
22	31935	28
22	31936	27
22	31937	27
22	31938	26
22	31939	26
22	31940	26
22	31941	26
22	31942	26
22	31943	26
22	31944	26
22	31945	25
22	31946	25
22	31947	26
22	31948	26
22	31949	26
22	31950	27
22	31951	26
22	31952	25
22	31953	25
22	31954	26
22	31955	25
22	31956	25
22	31957	26
22	31958	26
22	31959	25
22	31960	25
22	31961	26
22	31962	27
22	31963	27
22	31964	28
22	31965	27
22	31966	26
22	31967	26
22	31968	26
22	31969	26
22	31970	25
22	31971	25
22	31972	26
22	31973	27
22	31974	27
22	31975	27
22	31976	27
22	31977	27
22	31978	27
22	31979	27
22	31980	26
22	31981	26
22	31982	27
22	31983	26
22	31984	26
22	31985	26
22	31986	26
22	31987	27
22	31988	28
22	31989	28
22	31990	29
22	31991	30
22	31992	30
22	31993	30
22	31994	30
22	31995	30
22	31996	30
22	31997	31
22	31998	31
22	31999	31
22	32000	30
22	32001	30
22	32002	30
22	32003	29
22	32004	30
22	32005	29
22	32006	29
22	32007	29
22	32008	27
22	32009	27
22	32010	27
22	32011	28
22	32012	30
22	32013	30
22	32014	31
22	32015	32
22	32016	32
22	32017	33
22	32018	33
22	32019	33
22	32020	33
22	32021	34
22	32022	35
22	32023	35
22	32024	33
22	32025	35
22	32026	36
22	32027	37
22	32028	38
22	32029	37
22	32030	38
22	32031	38
22	32032	39
22	32033	39
22	32034	39
22	32035	40
22	32036	40
22	32037	39
22	32038	39
22	32039	38
22	32040	37
22	32041	37
22	32042	37
22	32043	39
22	32044	40
22	32045	39
22	32046	40
22	32047	39
22	32048	38
22	32049	38
22	32050	39
22	32051	40
22	32052	40
22	32053	41
22	32054	40
22	32055	41
22	32056	41
22	32057	42
22	32058	42
22	32059	40
22	32060	42
22	32061	41
22	32062	41
22	32063	41
22	32064	42
22	32065	42
22	32066	41
22	32067	41
22	32068	42
22	32069	42
22	32070	41
22	32071	41
22	32072	41
22	32073	41
22	32074	40
22	32075	41
22	32076	40
22	32077	41
22	32078	41
22	32079	41
22	32080	41
22	32081	41
22	32082	43
22	32083	43
22	32084	43
22	32085	44
22	32086	44
22	32087	44
22	32088	44
22	32089	46
22	32090	47
22	32091	45
22	32092	45
22	32093	45
22	32094	45
22	32095	45
22	32096	45
22	32097	45
22	32098	44
22	32099	45
22	32100	44
22	32101	43
22	32102	43
22	32103	44
22	32104	42
22	32105	40
22	32106	41
22	32107	39
22	32108	41
22	32109	39
22	32110	38
22	32111	37
22	32112	37
22	32113	35
22	32114	35
22	32115	35
22	32116	36
22	32117	39
22	32118	42
22	32119	42
22	32120	42
22	32121	42
22	32122	43
22	32123	43
22	32124	43
22	32125	43
22	32126	41
22	32127	40
22	32128	38
22	32129	36
22	32130	35
22	32131	33
22	32132	35
22	32133	35
22	32134	34
22	32135	34
22	32136	34
22	32137	34
22	32138	34
22	32139	34
22	32140	34
22	32141	34
22	32142	35
22	32143	34
22	32144	33
22	32145	33
22	32146	32
22	32147	33
22	32148	33
22	32149	33
22	32150	33
22	32151	33
22	32152	33
22	32153	33
22	32154	34
22	32155	33
22	32156	32
22	32157	32
22	32158	32
22	32159	31
22	32160	31
22	32161	31
22	32162	30
22	32163	29
22	32164	29
22	32165	29
22	32166	30
22	32167	29
22	32168	29
22	32169	28
22	32170	28
22	32171	28
22	32172	29
22	32173	30
22	32174	29
22	32175	28
22	32176	30
22	32177	30
22	32178	30
22	32179	31
22	32180	31
22	32181	30
22	32182	31
22	32183	31
22	32184	31
22	32185	31
22	32186	32
22	32187	32
22	32188	32
22	32189	32
22	32190	32
22	32191	32
22	32192	32
22	32193	33
22	32194	33
22	32195	35
22	32196	35
22	32197	35
22	32198	35
22	32199	35
22	32200	37
22	32201	38
22	32202	39
22	32203	40
22	32204	38
22	32205	38
22	32206	38
22	32207	39
22	32208	38
22	32209	38
22	32210	39
22	32211	39
22	32212	39
22	32213	39
22	32214	39
22	32215	39
22	32216	38
22	32217	37
22	32218	37
22	32219	38
22	32220	38
22	32221	37
22	32222	37
22	32223	37
22	32224	37
22	32225	37
22	32226	36
22	32227	35
22	32228	35
22	32229	35
22	32230	36
22	32231	35
22	32232	35
22	32233	35
22	32234	34
22	32235	34
22	32236	33
22	32237	33
22	32238	33
22	32239	33
22	32240	34
22	32241	34
22	32242	34
22	32243	34
22	32244	34
22	32245	33
22	32246	31
22	32247	31
22	32248	30
22	32249	28
22	32250	27
22	32251	27
22	32252	26
22	32253	24
22	32254	23
22	32255	23
22	32256	23
22	32257	23
22	32258	22
22	32259	21
22	32260	20
22	32261	20
22	32262	19
22	32263	19
22	32264	18
22	32265	18
22	32266	18
22	32267	19
22	32268	19
22	32269	19
22	32270	18
22	32271	18
22	32272	18
22	32273	18
22	32274	17
22	32275	17
22	32276	16
22	32277	16
22	32278	15
22	32279	15
22	32280	15
22	32281	14
22	32282	15
22	32283	15
22	32284	15
22	32285	12
22	32286	12
22	32287	12
22	32288	12
22	32289	12
22	32290	11
22	32291	11
22	32292	11
22	32293	11
22	32294	13
22	32295	13
22	32296	14
22	32297	13
22	32298	13
22	32299	13
22	32300	14
22	32301	15
22	32302	15
22	32303	15
22	32304	15
22	32305	15
22	32306	14
22	32307	14
22	32308	13
22	32309	13
22	32310	14
22	32311	15
22	32312	15
22	32313	15
22	32314	15
22	32315	15
22	32316	15
22	32317	16
22	32318	16
22	32319	16
22	32320	16
22	32321	17
22	32322	17
22	32323	20
22	32324	20
22	32325	21
22	32326	21
22	32327	21
22	32328	20
22	32329	20
22	32330	20
22	32331	21
22	32332	20
22	32333	19
22	32334	19
22	32335	20
22	32336	19
22	32337	19
22	32338	19
22	32339	19
22	32340	19
22	32341	20
22	32342	19
22	32343	19
22	32344	20
22	32345	21
22	32346	21
22	32347	21
22	32348	21
22	32349	21
22	32350	21
22	32351	21
22	32352	21
22	32353	21
22	32354	20
22	32355	20
22	32356	20
22	32357	20
22	32358	20
22	32359	20
22	32360	22
22	32361	22
22	32362	22
22	32363	22
22	32364	22
22	32365	21
22	32366	21
22	32367	20
22	32368	20
22	32369	20
22	32370	20
22	32371	20
22	32372	20
22	32373	20
22	32374	20
22	32375	20
22	32376	20
22	32377	19
22	32378	17
22	32379	16
22	32380	16
22	32381	16
22	32382	15
22	32383	15
22	32384	15
22	32385	15
22	32386	15
22	32387	14
22	32388	13
22	32389	13
22	32390	13
22	32391	12
22	32392	12
22	32393	11
22	32394	11
22	32395	10
22	32396	9
22	32397	9
22	32398	8
22	32399	7
22	32400	8
22	32401	8
22	32402	8
22	32403	8
22	32404	9
22	32405	9
22	32406	10
22	32407	10
22	32408	10
22	32409	10
22	32410	10
22	32411	10
22	32412	11
22	32413	11
22	32414	11
22	32415	11
22	32416	11
22	32417	11
22	32418	12
22	32419	13
22	32420	13
22	32421	13
22	32422	13
22	32423	12
22	32424	12
22	32425	12
22	32426	12
22	32427	11
22	32428	11
22	32429	11
22	32430	11
22	32431	11
22	32432	11
22	32433	11
22	32434	11
22	32435	12
22	32436	13
22	32437	13
22	32438	13
22	32439	13
22	32440	13
22	32441	13
22	32442	13
22	32443	13
22	32444	13
22	32445	12
22	32446	12
22	32447	11
22	32448	11
22	32449	11
22	32450	11
22	32451	11
22	32452	11
22	32453	12
22	32454	12
22	32455	12
22	32456	13
22	32457	13
22	32458	14
22	32459	14
22	32460	14
22	32461	14
22	32462	14
22	32463	14
22	32464	14
22	32465	14
22	32466	15
22	32467	15
22	32468	16
22	32469	16
22	32470	16
22	32471	16
22	32472	16
22	32473	16
22	32474	16
22	32475	16
22	32476	16
22	32477	15
22	32478	15
22	32479	15
22	32480	15
22	32481	15
22	32482	16
22	32483	18
22	32484	19
22	32485	21
22	32486	22
22	32487	22
22	32488	23
22	32489	24
22	32490	24
22	32491	24
22	32492	24
22	32493	24
22	32494	25
22	32495	25
22	32496	25
22	32497	26
22	32498	27
22	32499	28
22	32500	28
22	32501	28
22	32502	30
22	32503	30
22	32504	30
22	32505	30
22	32506	30
22	32507	30
22	32508	30
22	32509	32
22	32510	33
22	32511	32
22	32512	32
22	32513	32
22	32514	32
22	32515	32
22	32516	34
22	32517	34
22	32518	34
22	32519	35
22	32520	35
22	32521	35
22	32522	36
22	32523	37
22	32524	37
22	32525	36
22	32526	36
22	32527	36
22	32528	35
22	32529	34
22	32530	34
22	32531	33
22	32532	33
22	32533	32
22	32534	33
22	32535	33
22	32536	33
22	32537	34
22	32538	34
22	32539	35
22	32540	35
22	32541	35
22	32542	35
22	32543	35
22	32544	35
22	32545	35
22	32546	34
22	32547	33
22	32548	35
22	32549	34
22	32550	34
22	32551	35
22	32552	36
22	32553	36
22	32554	36
22	32555	35
22	32556	34
22	32557	33
22	32558	32
22	32559	31
22	32560	31
22	32561	31
22	32562	31
22	32563	30
22	32564	29
22	32565	28
22	32566	26
22	32567	26
22	32568	26
22	32569	25
22	32570	24
22	32571	23
22	32572	23
22	32573	23
22	32574	24
22	32575	24
22	32576	24
22	32577	24
22	32578	24
22	32579	23
22	32580	24
22	32581	24
22	32582	25
22	32583	25
22	32584	26
22	32585	26
22	32586	28
22	32587	28
22	32588	28
22	32589	29
22	32590	29
22	32591	30
22	32592	31
22	32593	30
22	32594	30
22	32595	31
22	32596	33
22	32597	34
22	32598	35
22	32599	35
22	32600	36
22	32601	36
22	32602	36
22	32603	36
22	32604	38
22	32605	38
22	32606	38
22	32607	38
22	32608	37
22	32609	37
22	32610	37
22	32611	37
22	32612	39
22	32613	39
22	32614	39
22	32615	39
22	32616	39
22	32617	40
22	32618	40
22	32619	40
22	32620	40
22	32621	41
22	32622	41
22	32623	42
22	32624	43
22	32625	43
22	32626	43
22	32627	43
22	32628	43
22	32629	42
22	32630	42
22	32631	42
22	32632	42
22	32633	41
22	32634	41
22	32635	41
22	32636	43
22	32637	43
22	32638	43
22	32639	43
22	32640	42
22	32641	42
22	32642	41
22	32643	42
22	32644	42
22	32645	42
22	32646	42
22	32647	42
22	32648	43
22	32649	43
22	32650	43
22	32651	42
22	32652	42
22	32653	44
22	32654	45
22	32655	46
22	32656	47
22	32657	48
22	32658	47
22	32659	47
22	32660	47
22	32661	47
22	32662	47
22	32663	46
22	32664	46
22	32665	46
22	32666	45
22	32667	45
22	32668	46
22	32669	46
22	32670	46
22	32671	48
22	32672	48
22	32673	49
22	32674	50
22	32675	50
22	32676	51
22	32677	50
22	32678	50
22	32679	50
22	32680	49
22	32681	48
22	32682	47
22	32683	46
22	32684	46
22	32685	47
22	32686	48
22	32687	48
22	32688	50
22	32689	51
22	32690	51
22	32691	51
22	32692	50
22	32693	51
22	32694	51
22	32695	51
22	32696	51
22	32697	52
22	32698	52
22	32699	52
22	32700	51
22	32701	52
22	32702	54
22	32703	53
22	32704	54
22	32705	54
22	32706	54
22	32707	55
22	32708	54
22	32709	54
22	32710	54
22	32711	54
22	32712	53
22	32713	53
22	32714	53
22	32715	54
22	32716	53
22	32717	54
22	32718	54
22	32719	54
22	32720	54
22	32721	55
22	32722	55
22	32723	56
22	32724	57
22	32725	56
22	32726	55
22	32727	55
22	32728	55
22	32729	54
22	32730	55
22	32731	57
22	32732	57
22	32733	57
22	32734	57
22	32735	57
22	32736	54
22	32737	54
22	32738	54
22	32739	53
22	32740	53
22	32741	53
22	32742	53
22	32743	52
22	32744	53
22	32745	52
22	32746	51
22	32747	50
22	32748	50
22	32749	51
22	32750	51
22	32751	51
22	32752	51
22	32753	50
22	32754	51
22	32755	53
22	32756	53
22	32757	52
22	32758	52
22	32759	50
22	32760	49
22	32761	50
22	32762	50
22	32763	49
22	32764	49
22	32765	48
22	32766	47
22	32767	48
22	32768	47
22	32769	48
22	32770	50
22	32771	50
22	32772	51
22	32773	51
22	32774	50
22	32775	50
22	32776	49
22	32777	49
22	32778	49
22	32779	49
22	32780	48
22	32781	50
22	32782	48
22	32783	47
22	32784	47
22	32785	47
22	32786	46
22	32787	46
22	32788	46
22	32789	45
22	32790	45
22	32791	45
22	32792	44
22	32793	44
22	32794	45
22	32795	46
22	32796	46
22	32797	46
22	32798	46
22	32799	45
22	32800	45
22	32801	46
22	32802	46
22	32803	48
22	32804	47
22	32805	47
22	32806	46
22	32807	46
22	32808	47
22	32809	46
22	32810	46
22	32811	47
22	32812	47
22	32813	48
22	32814	49
22	32815	49
22	32816	48
22	32817	48
22	32818	48
22	32819	48
22	32820	47
22	32821	47
22	32822	46
22	32823	45
22	32824	44
22	32825	44
22	32826	45
22	32827	45
22	32828	45
22	32829	45
22	32830	45
22	32831	46
22	32832	46
22	32833	46
22	32834	45
22	32835	46
22	32836	46
22	32837	46
22	32838	46
22	32839	46
22	32840	46
22	32841	44
22	32842	42
22	32843	41
22	32844	41
22	32845	40
22	32846	40
22	32847	39
22	32848	38
22	32849	38
22	32850	38
22	32851	39
22	32852	39
22	32853	38
22	32854	39
22	32855	39
22	32856	39
22	32857	39
22	32858	40
22	32859	39
22	32860	38
22	32861	39
22	32862	37
22	32863	38
22	32864	38
22	32865	39
22	32866	39
22	32867	38
22	32868	38
22	32869	39
22	32870	40
22	32871	39
22	32872	40
22	32873	40
22	32874	40
22	32875	39
22	32876	38
22	32877	39
22	32878	39
22	32879	39
22	32880	40
22	32881	41
22	32882	41
22	32883	41
22	32884	41
22	32885	42
22	32886	40
22	32887	39
22	32888	39
22	32889	40
22	32890	41
22	32891	42
22	32892	42
22	32893	42
22	32894	42
22	32895	42
22	32896	42
22	32897	42
22	32898	43
22	32899	43
22	32900	43
22	32901	42
22	32902	41
22	32903	41
22	32904	41
22	32905	41
22	32906	40
22	32907	41
22	32908	40
22	32909	39
22	32910	38
22	32911	38
22	32912	39
22	32913	40
22	32914	40
22	32915	40
22	32916	41
22	32917	43
22	32918	44
22	32919	44
22	32920	45
22	32921	46
22	32922	47
22	32923	47
22	32924	48
22	32925	48
22	32926	48
22	32927	50
22	32928	50
22	32929	48
22	32930	48
22	32931	49
22	32932	50
22	32933	50
22	32934	49
22	32935	50
22	32936	50
22	32937	50
22	32938	49
22	32939	48
22	32940	48
22	32941	48
22	32942	49
22	32943	49
22	32944	50
22	32945	49
22	32946	49
22	32947	50
22	32948	51
22	32949	50
22	32950	51
22	32951	52
22	32952	53
22	32953	52
22	32954	51
22	32955	51
22	32956	52
22	32957	52
22	32958	51
22	32959	50
22	32960	50
22	32961	50
22	32962	49
22	32963	50
22	32964	49
22	32965	50
22	32966	50
22	32967	51
22	32968	53
22	32969	53
22	32970	53
22	32971	54
22	32972	55
22	32973	56
22	32974	53
22	32975	54
22	32976	54
22	32977	55
22	32978	54
22	32979	56
22	32980	53
22	32981	53
22	32982	53
22	32983	51
22	32984	50
22	32985	51
22	32986	49
22	32987	50
22	32988	49
22	32989	48
22	32990	48
22	32991	47
22	32992	48
22	32993	48
22	32994	48
22	32995	45
22	32996	45
22	32997	44
22	32998	44
22	32999	43
22	33000	43
22	33001	43
22	33002	43
22	33003	43
22	33004	42
22	33005	42
22	33006	41
22	33007	42
22	33008	42
22	33009	41
22	33010	39
22	33011	39
22	33012	38
22	33013	38
22	33014	39
22	33015	39
22	33016	39
22	33017	38
22	33018	38
22	33019	38
22	33020	38
22	33021	38
22	33022	37
22	33023	38
22	33024	36
22	33025	36
22	33026	36
22	33027	36
22	33028	35
22	33029	34
22	33030	33
22	33031	31
22	33032	31
22	33033	31
22	33034	31
22	33035	31
22	33036	32
22	33037	33
22	33038	34
22	33039	34
22	33040	36
22	33041	36
22	33042	36
22	33043	37
22	33044	37
22	33045	37
22	33046	35
22	33047	34
22	33048	34
22	33049	35
22	33050	33
22	33051	33
22	33052	33
22	33053	33
22	33054	32
22	33055	32
22	33056	31
22	33057	30
22	33058	30
22	33059	30
22	33060	30
22	33061	30
22	33062	29
22	33063	29
22	33064	29
22	33065	29
22	33066	29
22	33067	29
22	33068	30
22	33069	30
22	33070	30
22	33071	30
22	33072	31
22	33073	31
22	33074	32
22	33075	30
22	33076	31
22	33077	31
22	33078	31
22	33079	32
22	33080	33
22	33081	34
22	33082	34
22	33083	33
22	33084	33
22	33085	33
22	33086	34
22	33087	34
22	33088	33
22	33089	33
22	33090	31
22	33091	31
22	33092	30
22	33093	29
22	33094	29
22	33095	29
22	33096	29
22	33097	28
22	33098	28
22	33099	28
22	33100	28
22	33101	28
22	33102	28
22	33103	28
22	33104	28
22	33105	28
22	33106	27
22	33107	26
22	33108	26
22	33109	26
22	33110	28
22	33111	28
22	33112	28
22	33113	27
22	33114	28
22	33115	27
22	33116	27
22	33117	26
22	33118	26
22	33119	26
22	33120	26
22	33121	26
22	33122	26
22	33123	26
22	33124	26
22	33125	26
22	33126	26
22	33127	25
22	33128	26
22	33129	27
22	33130	28
22	33131	29
22	33132	29
22	33133	29
22	33134	30
22	33135	30
22	33136	30
22	33137	30
22	33138	30
22	33139	30
22	33140	29
22	33141	28
22	33142	28
22	33143	27
22	33144	27
22	33145	27
22	33146	28
22	33147	28
22	33148	28
22	33149	28
22	33150	29
22	33151	30
22	33152	30
22	33153	30
22	33154	30
22	33155	30
22	33156	31
22	33157	31
22	33158	31
22	33159	31
22	33160	30
22	33161	29
22	33162	29
22	33163	29
22	33164	29
22	33165	29
22	33166	28
22	33167	28
22	33168	27
22	33169	26
22	33170	26
22	33171	24
22	33172	24
22	33173	23
22	33174	23
22	33175	23
22	33176	23
22	33177	22
22	33178	23
22	33179	24
22	33180	25
22	33181	24
22	33182	23
22	33183	21
22	33184	22
22	33185	21
22	33186	22
22	33187	22
22	33188	23
22	33189	24
22	33190	23
22	33191	23
22	33192	23
22	33193	23
22	33194	23
22	33195	23
22	33196	24
22	33197	24
22	33198	24
22	33199	24
22	33200	24
22	33201	23
22	33202	22
22	33203	23
22	33204	22
22	33205	23
22	33206	22
22	33207	22
22	33208	22
22	33209	22
22	33210	22
22	33211	23
22	33212	24
22	33213	24
22	33214	23
22	33215	21
22	33216	21
22	33217	21
22	33218	21
22	33219	21
22	33220	21
22	33221	21
22	33222	21
22	33223	23
22	33224	24
22	33225	25
22	33226	25
22	33227	24
22	33228	24
22	33229	25
22	33230	27
22	33231	27
22	33232	28
22	33233	27
22	33234	27
22	33235	27
22	33236	27
22	33237	27
22	33238	26
22	33239	26
22	33240	26
22	33241	25
22	33242	25
22	33243	25
22	33244	24
22	33245	24
22	33246	24
22	33247	23
22	33248	24
22	33249	24
22	33250	25
22	33251	25
22	33252	25
22	33253	24
22	33254	24
22	33255	24
22	33256	24
22	33257	23
22	33258	22
22	33259	22
22	33260	22
22	33261	23
22	33262	23
22	33263	24
22	33264	25
22	33265	23
22	33266	23
22	33267	24
22	33268	24
22	33269	24
22	33270	24
22	33271	26
22	33272	26
22	33273	26
22	33274	24
22	33275	28
22	33276	26
22	33277	26
22	33278	26
22	33279	28
22	33280	29
22	33281	29
22	33282	29
22	33283	28
22	33284	28
22	33285	28
22	33286	28
22	33287	28
22	33288	28
22	33289	27
22	33290	27
22	33291	25
22	33292	26
22	33293	26
22	33294	25
22	33295	24
22	33296	25
22	33297	25
22	33298	24
22	33299	24
22	33300	24
22	33301	24
22	33302	24
22	33303	23
22	33304	23
22	33305	23
22	33306	24
22	33307	23
22	33308	23
22	33309	23
22	33310	23
22	33311	23
22	33312	25
22	33313	23
22	33314	22
22	33315	22
22	33316	22
22	33317	22
22	33318	23
22	33319	24
22	33320	26
22	33321	26
22	33322	26
22	33323	27
22	33324	27
22	33325	29
22	33326	29
22	33327	30
22	33328	29
22	33329	29
22	33330	30
22	33331	31
22	33332	31
22	33333	31
22	33334	31
22	33335	31
22	33336	31
22	33337	32
22	33338	34
22	33339	35
22	33340	34
22	33341	34
22	33342	34
22	33343	33
22	33344	32
22	33345	32
22	33346	31
22	33347	31
22	33348	32
22	33349	32
22	33350	31
22	33351	30
22	33352	30
22	33353	30
22	33354	30
22	33355	30
22	33356	30
22	33357	31
22	33358	30
22	33359	31
22	33360	30
22	33361	30
22	33362	30
22	33363	29
22	33364	28
22	33365	28
22	33366	28
22	33367	27
22	33368	28
22	33369	28
22	33370	28
22	33371	27
22	33372	27
22	33373	26
22	33374	26
22	33375	25
22	33376	24
22	33377	24
22	33378	20
22	33379	20
22	33380	20
22	33381	19
22	33382	19
22	33383	19
22	33384	18
22	33385	17
22	33386	17
22	33387	17
22	33388	17
22	33389	16
22	33390	17
22	33391	15
22	33392	15
22	33393	15
22	33394	15
22	33395	15
22	33396	15
22	33397	14
22	33398	14
22	33399	14
22	33400	13
22	33401	13
22	33402	12
22	33403	11
22	33404	11
22	33405	11
22	33406	11
22	33407	11
22	33408	11
22	33409	11
22	33410	10
22	33411	10
22	33412	10
22	33413	10
22	33414	10
22	33415	10
22	33416	10
22	33417	10
22	33418	10
22	33419	10
22	33420	11
22	33421	11
22	33422	11
22	33423	11
22	33424	10
22	33425	10
22	33426	8
22	33427	7
22	33428	6
22	33429	5
22	33430	8
22	33431	11
22	33432	11
22	33433	11
22	33434	11
22	33435	11
22	33436	11
22	33437	11
22	33438	11
22	33439	12
22	33440	12
22	33441	13
22	33442	13
22	33443	14
22	33444	13
22	33445	14
22	33446	14
22	33447	14
22	33448	14
22	33449	14
22	33450	14
22	33451	14
22	33452	15
22	33453	15
22	33454	15
22	33455	16
22	33456	16
22	33457	17
22	33458	19
22	33459	19
22	33460	18
22	33461	18
22	33462	18
22	33463	18
22	33464	18
22	33465	18
22	33466	18
22	33467	18
22	33468	19
22	33469	19
22	33470	19
22	33471	18
22	33472	18
22	33473	19
22	33474	19
22	33475	19
22	33476	20
22	33477	21
22	33478	20
22	33479	21
22	33480	22
22	33481	23
22	33482	23
22	33483	22
22	33484	22
22	33485	23
22	33486	23
22	33487	23
22	33488	23
22	33489	23
22	33490	23
22	33491	24
22	33492	23
22	33493	24
22	33494	25
22	33495	25
22	33496	26
22	33497	26
22	33498	26
22	33499	27
22	33500	27
22	33501	27
22	33502	28
22	33503	29
22	33504	29
22	33505	29
22	33506	29
22	33507	29
22	33508	29
22	33509	29
22	33510	29
22	33511	29
22	33512	29
22	33513	29
22	33514	28
22	33515	28
22	33516	27
22	33517	27
22	33518	27
22	33519	27
22	33520	27
22	33521	25
22	33522	23
22	33523	23
22	33524	22
22	33525	21
22	33526	19
22	33527	20
22	33528	20
22	33529	20
22	33530	19
22	33531	19
22	33532	18
22	33533	19
22	33534	20
22	33535	21
22	33536	21
22	33537	22
22	33538	21
22	33539	22
22	33540	22
22	33541	21
22	33542	21
22	33543	21
22	33544	21
22	33545	20
22	33546	21
22	33547	21
22	33548	21
22	33549	21
22	33550	19
22	33551	19
22	33552	19
22	33553	19
22	33554	19
22	33555	19
22	33556	20
22	33557	20
22	33558	20
