22	15502	14
22	15503	14
22	15504	14
22	15505	14
22	15506	14
22	15507	14
22	15508	15
22	15509	15
22	15510	15
22	15511	16
22	15512	16
22	15513	16
22	15514	16
22	15515	16
22	15516	16
22	15517	15
22	15518	16
22	15519	16
22	15520	15
22	15521	16
22	15522	16
22	15523	16
22	15524	16
22	15525	16
22	15526	16
22	15527	16
22	15528	15
22	15529	16
22	15530	16
22	15531	16
22	15532	16
22	15533	16
22	15534	16
22	15535	16
22	15536	16
22	15537	15
22	15538	16
22	15539	16
22	15540	16
22	15541	16
22	15542	16
22	15543	17
22	15544	17
22	15545	17
22	15546	18
22	15547	18
22	15548	18
22	15549	19
22	15550	19
22	15551	18
22	15552	18
22	15553	19
22	15554	18
22	15555	18
22	15556	18
22	15557	19
22	15558	19
22	15559	19
22	15560	19
22	15561	19
22	15562	18
22	15563	18
22	15564	18
22	15565	18
22	15566	18
22	15567	18
22	15568	18
22	15569	18
22	15570	18
22	15571	19
22	15572	18
22	15573	18
22	15574	18
22	15575	18
22	15576	17
22	15577	17
22	15578	17
22	15579	17
22	15580	16
22	15581	17
22	15582	16
22	15583	16
22	15584	16
22	15585	17
22	15586	17
22	15587	17
22	15588	17
22	15589	18
22	15590	18
22	15591	18
22	15592	18
22	15593	18
22	15594	18
22	15595	18
22	15596	18
22	15597	18
22	15598	18
22	15599	18
22	15600	17
22	15601	18
22	15602	19
22	15603	18
22	15604	18
22	15605	18
22	15606	18
22	15607	17
22	15608	16
22	15609	16
22	15610	16
22	15611	16
22	15612	15
22	15613	15
22	15614	15
22	15615	15
22	15616	15
22	15617	15
22	15618	16
22	15619	15
22	15620	15
22	15621	15
22	15622	15
22	15623	15
22	15624	16
22	15625	17
22	15626	17
22	15627	17
22	15628	17
22	15629	17
22	15630	16
22	15631	16
22	15632	16
22	15633	16
22	15634	17
22	15635	16
22	15636	16
22	15637	15
22	15638	15
22	15639	15
22	15640	15
22	15641	16
22	15642	17
22	15643	17
22	15644	17
22	15645	17
22	15646	17
22	15647	19
22	15648	19
22	15649	20
22	15650	20
22	15651	20
22	15652	20
22	15653	20
22	15654	20
22	15655	20
22	15656	20
22	15657	21
22	15658	21
22	15659	20
22	15660	20
22	15661	20
22	15662	21
22	15663	21
22	15664	21
22	15665	20
22	15666	20
22	15667	20
22	15668	20
22	15669	20
22	15670	20
22	15671	21
22	15672	21
22	15673	22
22	15674	22
22	15675	23
22	15676	23
22	15677	23
22	15678	24
22	15679	24
22	15680	26
22	15681	26
22	15682	26
22	15683	27
22	15684	28
22	15685	29
22	15686	29
22	15687	29
22	15688	27
22	15689	27
22	15690	27
22	15691	28
22	15692	28
22	15693	28
22	15694	28
22	15695	28
22	15696	29
22	15697	29
22	15698	29
22	15699	29
22	15700	30
22	15701	31
22	15702	31
22	15703	31
22	15704	31
22	15705	31
22	15706	31
22	15707	31
22	15708	30
22	15709	30
22	15710	29
22	15711	29
22	15712	29
22	15713	29
22	15714	30
22	15715	29
22	15716	29
22	15717	29
22	15718	28
22	15719	28
22	15720	29
22	15721	29
22	15722	29
22	15723	26
22	15724	26
22	15725	27
22	15726	27
22	15727	27
22	15728	27
22	15729	29
22	15730	29
22	15731	29
22	15732	29
22	15733	30
22	15734	30
22	15735	31
22	15736	32
22	15737	33
22	15738	32
22	15739	30
22	15740	30
22	15741	30
22	15742	32
22	15743	33
22	15744	33
22	15745	33
22	15746	33
22	15747	34
22	15748	35
22	15749	34
22	15750	35
22	15751	35
22	15752	36
22	15753	35
22	15754	35
22	15755	36
22	15756	36
22	15757	34
22	15758	34
22	15759	34
22	15760	34
22	15761	33
22	15762	33
22	15763	34
22	15764	35
22	15765	35
22	15766	35
22	15767	35
22	15768	36
22	15769	37
22	15770	37
22	15771	37
22	15772	38
22	15773	38
22	15774	38
22	15775	39
22	15776	39
22	15777	39
22	15778	38
22	15779	37
22	15780	36
22	15781	37
22	15782	36
22	15783	36
22	15784	36
22	15785	37
22	15786	37
22	15787	37
22	15788	35
22	15789	34
22	15790	34
22	15791	33
22	15792	32
22	15793	33
22	15794	32
22	15795	31
22	15796	31
22	15797	31
22	15798	31
22	15799	30
22	15800	29
22	15801	30
22	15802	29
22	15803	29
22	15804	29
22	15805	31
22	15806	32
22	15807	33
22	15808	34
22	15809	34
22	15810	33
22	15811	32
22	15812	32
22	15813	32
22	15814	31
22	15815	30
22	15816	28
22	15817	28
22	15818	28
22	15819	27
22	15820	27
22	15821	26
22	15822	25
22	15823	25
22	15824	26
22	15825	26
22	15826	26
22	15827	27
22	15828	27
22	15829	26
22	15830	25
22	15831	26
22	15832	26
22	15833	26
22	15834	26
22	15835	26
22	15836	25
22	15837	24
22	15838	24
22	15839	24
22	15840	24
22	15841	24
22	15842	23
22	15843	23
22	15844	22
22	15845	21
22	15846	21
22	15847	21
22	15848	21
22	15849	21
22	15850	21
22	15851	21
22	15852	20
22	15853	19
22	15854	19
22	15855	19
22	15856	19
22	15857	20
22	15858	19
22	15859	18
22	15860	18
22	15861	18
22	15862	18
22	15863	17
22	15864	16
22	15865	16
22	15866	16
22	15867	15
22	15868	15
22	15869	15
22	15870	15
22	15871	15
22	15872	14
22	15873	14
22	15874	13
22	15875	13
22	15876	13
22	15877	14
22	15878	14
22	15879	14
22	15880	14
22	15881	14
22	15882	15
22	15883	16
22	15884	16
22	15885	16
22	15886	16
22	15887	15
22	15888	15
22	15889	15
22	15890	15
22	15891	15
22	15892	14
22	15893	14
22	15894	13
22	15895	13
22	15896	13
22	15897	13
22	15898	13
22	15899	13
22	15900	13
22	15901	13
22	15902	13
22	15903	14
22	15904	15
22	15905	14
22	15906	15
22	15907	15
22	15908	15
22	15909	15
22	15910	16
22	15911	16
22	15912	15
22	15913	15
22	15914	14
22	15915	15
22	15916	15
22	15917	15
22	15918	15
22	15919	15
22	15920	15
22	15921	14
22	15922	14
22	15923	14
22	15924	14
22	15925	13
22	15926	13
22	15927	13
22	15928	13
22	15929	13
22	15930	13
22	15931	14
22	15932	13
22	15933	13
22	15934	13
22	15935	12
22	15936	11
22	15937	11
22	15938	10
22	15939	10
22	15940	10
22	15941	8
22	15942	7
22	15943	7
22	15944	7
22	15945	6
22	15946	4
22	15947	4
22	15948	4
22	15949	4
22	15950	4
22	15951	4
22	15952	4
22	15953	4
22	15954	3
22	15955	3
22	15956	2
22	15957	1
22	15958	1
22	15959	2
22	15960	2
22	15961	1
22	15962	1
22	15963	2
22	15964	2
22	15965	2
22	15966	2
22	15967	2
22	15968	3
22	15969	3
22	15970	3
22	15971	3
22	15972	3
22	15973	3
22	15974	3
22	15975	3
22	15976	3
22	15977	3
22	15978	3
22	15979	3
22	15980	3
22	15981	3
22	15982	3
22	15983	3
22	15984	3
22	15985	3
22	15986	5
22	15987	5
22	15988	5
22	15989	5
22	15990	6
22	15991	7
22	15992	8
22	15993	8
22	15994	8
22	15995	10
22	15996	10
22	15997	10
22	15998	10
22	15999	11
22	16000	11
22	16001	12
22	16002	12
22	16003	12
22	16004	13
22	16005	13
22	16006	13
22	16007	13
22	16008	13
22	16009	13
22	16010	15
22	16011	16
22	16012	16
22	16013	17
22	16014	17
22	16015	17
22	16016	17
22	16017	18
22	16018	18
22	16019	18
22	16020	18
22	16021	18
22	16022	19
22	16023	19
22	16024	19
22	16025	20
22	16026	20
22	16027	20
22	16028	20
22	16029	21
22	16030	21
22	16031	22
22	16032	22
22	16033	22
22	16034	22
22	16035	21
22	16036	21
22	16037	21
22	16038	20
22	16039	21
22	16040	21
22	16041	21
22	16042	21
22	16043	20
22	16044	21
22	16045	22
22	16046	23
22	16047	23
22	16048	23
22	16049	24
22	16050	25
22	16051	25
22	16052	25
22	16053	26
22	16054	25
22	16055	25
22	16056	24
22	16057	24
22	16058	24
22	16059	24
22	16060	24
22	16061	25
22	16062	25
22	16063	24
22	16064	23
22	16065	22
22	16066	22
22	16067	22
22	16068	22
22	16069	22
22	16070	23
22	16071	23
22	16072	22
22	16073	22
22	16074	21
22	16075	21
22	16076	21
22	16077	21
22	16078	21
22	16079	20
22	16080	20
22	16081	20
22	16082	21
22	16083	21
22	16084	22
22	16085	21
22	16086	21
22	16087	22
22	16088	22
22	16089	21
22	16090	21
22	16091	21
22	16092	21
22	16093	20
22	16094	20
22	16095	21
22	16096	20
22	16097	20
22	16098	20
22	16099	20
22	16100	20
22	16101	20
22	16102	21
22	16103	21
22	16104	21
22	16105	21
22	16106	22
22	16107	23
22	16108	23
22	16109	22
22	16110	22
22	16111	22
22	16112	21
22	16113	21
22	16114	21
22	16115	22
22	16116	22
22	16117	22
22	16118	23
22	16119	24
22	16120	24
22	16121	23
22	16122	23
22	16123	23
22	16124	23
22	16125	22
22	16126	22
22	16127	22
22	16128	23
22	16129	23
22	16130	23
22	16131	23
22	16132	24
22	16133	24
22	16134	24
22	16135	24
22	16136	24
22	16137	24
22	16138	24
22	16139	24
22	16140	24
22	16141	24
22	16142	23
22	16143	23
22	16144	23
22	16145	23
22	16146	22
22	16147	22
22	16148	21
22	16149	21
22	16150	21
22	16151	21
22	16152	20
22	16153	20
22	16154	21
22	16155	20
22	16156	21
22	16157	21
22	16158	21
22	16159	21
22	16160	21
22	16161	21
22	16162	21
22	16163	20
22	16164	21
22	16165	21
22	16166	21
22	16167	21
22	16168	21
22	16169	21
22	16170	21
22	16171	21
22	16172	21
22	16173	21
22	16174	21
22	16175	21
22	16176	20
22	16177	19
22	16178	19
22	16179	19
22	16180	20
22	16181	19
22	16182	19
22	16183	19
22	16184	19
22	16185	19
22	16186	19
22	16187	19
22	16188	19
22	16189	19
22	16190	19
22	16191	19
22	16192	19
22	16193	19
22	16194	19
22	16195	20
22	16196	20
22	16197	20
22	16198	20
22	16199	20
22	16200	21
22	16201	21
22	16202	21
22	16203	20
22	16204	18
22	16205	18
22	16206	18
22	16207	18
22	16208	18
22	16209	18
22	16210	17
22	16211	18
22	16212	17
22	16213	16
22	16214	17
22	16215	16
22	16216	16
22	16217	16
22	16218	16
22	16219	17
22	16220	17
22	16221	17
22	16222	18
22	16223	19
22	16224	19
22	16225	19
22	16226	19
22	16227	19
22	16228	20
22	16229	20
22	16230	20
22	16231	20
22	16232	20
22	16233	21
22	16234	20
22	16235	20
22	16236	20
22	16237	19
22	16238	19
22	16239	20
22	16240	19
22	16241	18
22	16242	19
22	16243	20
22	16244	20
22	16245	20
22	16246	20
22	16247	20
22	16248	20
22	16249	20
22	16250	20
22	16251	19
22	16252	19
22	16253	19
22	16254	19
22	16255	19
22	16256	20
22	16257	20
22	16258	20
22	16259	20
22	16260	19
22	16261	19
22	16262	18
22	16263	18
22	16264	18
22	16265	19
22	16266	19
22	16267	19
22	16268	18
22	16269	18
22	16270	18
22	16271	17
22	16272	17
22	16273	18
22	16274	17
22	16275	17
22	16276	17
22	16277	17
22	16278	17
22	16279	16
22	16280	15
22	16281	16
22	16282	16
22	16283	16
22	16284	16
22	16285	15
22	16286	15
22	16287	15
22	16288	14
22	16289	14
22	16290	14
22	16291	14
22	16292	13
22	16293	13
22	16294	13
22	16295	12
22	16296	12
22	16297	13
22	16298	13
22	16299	12
22	16300	12
22	16301	12
22	16302	12
22	16303	12
22	16304	12
22	16305	12
22	16306	13
22	16307	14
22	16308	13
22	16309	14
22	16310	15
22	16311	16
22	16312	16
22	16313	16
22	16314	15
22	16315	16
22	16316	16
22	16317	17
22	16318	17
22	16319	16
22	16320	18
22	16321	17
22	16322	16
22	16323	16
22	16324	16
22	16325	16
22	16326	16
22	16327	16
22	16328	16
22	16329	17
22	16330	18
22	16331	18
22	16332	18
22	16333	18
22	16334	18
22	16335	19
22	16336	20
22	16337	20
22	16338	19
22	16339	18
22	16340	18
22	16341	17
22	16342	17
22	16343	17
22	16344	17
22	16345	17
22	16346	17
22	16347	17
22	16348	17
22	16349	18
22	16350	18
22	16351	18
22	16352	18
22	16353	18
22	16354	17
22	16355	15
22	16356	15
22	16357	15
22	16358	14
22	16359	14
22	16360	15
22	16361	16
22	16362	16
22	16363	17
22	16364	17
22	16365	17
22	16366	16
22	16367	16
22	16368	16
22	16369	15
22	16370	15
22	16371	16
22	16372	15
22	16373	15
22	16374	16
22	16375	18
22	16376	18
22	16377	18
22	16378	18
22	16379	18
22	16380	18
22	16381	18
22	16382	19
22	16383	20
22	16384	21
22	16385	20
22	16386	20
22	16387	20
22	16388	21
22	16389	22
22	16390	23
22	16391	23
22	16392	24
22	16393	24
22	16394	24
22	16395	25
22	16396	25
22	16397	25
22	16398	25
22	16399	25
22	16400	25
22	16401	24
22	16402	24
22	16403	25
22	16404	27
22	16405	27
22	16406	27
22	16407	27
22	16408	26
22	16409	26
22	16410	26
22	16411	26
22	16412	26
22	16413	25
22	16414	25
22	16415	25
22	16416	25
22	16417	25
22	16418	24
22	16419	24
22	16420	24
22	16421	24
22	16422	24
22	16423	25
22	16424	24
22	16425	24
22	16426	24
22	16427	24
22	16428	24
22	16429	24
22	16430	24
22	16431	24
22	16432	24
22	16433	24
22	16434	24
22	16435	24
22	16436	23
22	16437	22
22	16438	21
22	16439	21
22	16440	22
22	16441	23
22	16442	22
22	16443	21
22	16444	22
22	16445	22
22	16446	22
22	16447	22
22	16448	22
22	16449	21
22	16450	21
22	16451	22
22	16452	22
22	16453	22
22	16454	22
22	16455	22
22	16456	22
22	16457	21
22	16458	21
22	16459	21
22	16460	20
22	16461	20
22	16462	20
22	16463	20
22	16464	20
22	16465	20
22	16466	19
22	16467	19
22	16468	20
22	16469	19
22	16470	20
22	16471	20
22	16472	19
22	16473	17
22	16474	17
22	16475	17
22	16476	17
22	16477	16
22	16478	16
22	16479	16
22	16480	17
22	16481	17
22	16482	17
22	16483	17
22	16484	17
22	16485	17
22	16486	17
22	16487	17
22	16488	17
22	16489	18
22	16490	18
22	16491	18
22	16492	17
22	16493	17
22	16494	17
22	16495	16
22	16496	16
22	16497	16
22	16498	16
22	16499	16
22	16500	16
22	16501	16
22	16502	17
22	16503	17
22	16504	17
22	16505	16
22	16506	16
22	16507	16
22	16508	16
22	16509	18
22	16510	17
22	16511	17
22	16512	18
22	16513	19
22	16514	20
22	16515	20
22	16516	20
22	16517	20
22	16518	21
22	16519	21
22	16520	21
22	16521	22
22	16522	21
22	16523	21
22	16524	22
22	16525	22
22	16526	22
22	16527	22
22	16528	22
22	16529	24
22	16530	24
22	16531	24
22	16532	25
22	16533	24
22	16534	23
22	16535	23
22	16536	23
22	16537	22
22	16538	22
22	16539	22
22	16540	22
22	16541	23
22	16542	23
22	16543	23
22	16544	23
22	16545	23
22	16546	23
22	16547	23
22	16548	23
22	16549	24
22	16550	24
22	16551	24
22	16552	24
22	16553	24
22	16554	24
22	16555	24
22	16556	24
22	16557	24
22	16558	24
22	16559	24
22	16560	24
22	16561	24
22	16562	25
22	16563	25
22	16564	26
22	16565	26
22	16566	26
22	16567	26
22	16568	26
22	16569	25
22	16570	24
22	16571	24
22	16572	23
22	16573	21
22	16574	22
22	16575	20
22	16576	20
22	16577	19
22	16578	18
22	16579	17
22	16580	17
22	16581	16
22	16582	16
22	16583	16
22	16584	17
22	16585	18
22	16586	18
22	16587	19
22	16588	20
22	16589	20
22	16590	20
22	16591	20
22	16592	20
22	16593	21
22	16594	20
22	16595	20
22	16596	20
22	16597	21
22	16598	21
22	16599	20
22	16600	20
22	16601	20
22	16602	20
22	16603	20
22	16604	20
22	16605	20
22	16606	21
22	16607	21
22	16608	22
22	16609	22
22	16610	21
22	16611	20
22	16612	21
22	16613	23
22	16614	23
22	16615	23
22	16616	22
22	16617	23
22	16618	22
22	16619	21
22	16620	21
22	16621	21
22	16622	23
22	16623	22
22	16624	22
22	16625	22
22	16626	22
22	16627	22
22	16628	22
22	16629	22
22	16630	22
22	16631	22
22	16632	22
22	16633	22
22	16634	22
22	16635	23
22	16636	24
22	16637	24
22	16638	24
22	16639	24
22	16640	24
22	16641	24
22	16642	24
22	16643	23
22	16644	23
22	16645	24
22	16646	23
22	16647	23
22	16648	23
22	16649	23
22	16650	23
22	16651	23
22	16652	23
22	16653	24
22	16654	25
22	16655	24
22	16656	24
22	16657	23
22	16658	23
22	16659	24
22	16660	23
22	16661	23
22	16662	23
22	16663	23
22	16664	22
22	16665	22
22	16666	21
22	16667	21
22	16668	21
22	16669	22
22	16670	23
22	16671	23
22	16672	23
22	16673	23
22	16674	24
22	16675	24
22	16676	23
22	16677	24
22	16678	24
22	16679	22
22	16680	23
22	16681	23
22	16682	22
22	16683	22
22	16684	24
22	16685	24
22	16686	24
22	16687	22
22	16688	23
22	16689	23
22	16690	23
22	16691	24
22	16692	24
22	16693	23
22	16694	25
22	16695	25
22	16696	23
22	16697	23
22	16698	22
22	16699	23
22	16700	24
22	16701	24
22	16702	24
22	16703	24
22	16704	24
22	16705	24
22	16706	25
22	16707	25
22	16708	25
22	16709	25
22	16710	26
22	16711	26
22	16712	26
22	16713	26
22	16714	26
22	16715	26
22	16716	26
22	16717	26
22	16718	26
22	16719	26
22	16720	26
22	16721	25
22	16722	25
22	16723	25
22	16724	25
22	16725	24
22	16726	24
22	16727	25
22	16728	24
22	16729	24
22	16730	24
22	16731	24
22	16732	23
22	16733	23
22	16734	23
22	16735	22
22	16736	22
22	16737	21
22	16738	21
22	16739	21
22	16740	20
22	16741	20
22	16742	20
22	16743	21
22	16744	21
22	16745	21
22	16746	22
22	16747	22
22	16748	21
22	16749	21
22	16750	22
22	16751	22
22	16752	22
22	16753	23
22	16754	24
22	16755	24
22	16756	23
22	16757	23
22	16758	23
22	16759	23
22	16760	22
22	16761	23
22	16762	24
22	16763	25
22	16764	25
22	16765	24
22	16766	24
22	16767	24
22	16768	24
22	16769	24
22	16770	24
22	16771	23
22	16772	23
22	16773	23
22	16774	22
22	16775	21
22	16776	20
22	16777	19
22	16778	18
22	16779	18
22	16780	19
22	16781	19
22	16782	20
22	16783	21
22	16784	21
22	16785	22
22	16786	22
22	16787	23
22	16788	23
22	16789	24
22	16790	24
22	16791	24
22	16792	24
22	16793	25
22	16794	25
22	16795	25
22	16796	25
22	16797	25
22	16798	25
22	16799	25
22	16800	25
22	16801	25
22	16802	26
22	16803	26
22	16804	25
22	16805	25
22	16806	25
22	16807	26
22	16808	26
22	16809	26
22	16810	26
22	16811	27
22	16812	28
22	16813	27
22	16814	25
22	16815	26
22	16816	26
22	16817	27
22	16818	28
22	16819	27
22	16820	27
22	16821	28
22	16822	28
22	16823	28
22	16824	28
22	16825	28
22	16826	29
22	16827	28
22	16828	28
22	16829	27
22	16830	28
22	16831	27
22	16832	27
22	16833	27
22	16834	28
22	16835	28
22	16836	28
22	16837	28
22	16838	28
22	16839	28
22	16840	28
22	16841	27
22	16842	27
22	16843	27
22	16844	25
22	16845	25
22	16846	25
22	16847	25
22	16848	25
22	16849	25
22	16850	24
22	16851	25
22	16852	24
22	16853	23
22	16854	23
22	16855	22
22	16856	23
22	16857	24
22	16858	23
22	16859	23
22	16860	23
22	16861	22
22	16862	22
22	16863	22
22	16864	23
22	16865	23
22	16866	24
22	16867	23
22	16868	23
22	16869	24
22	16870	24
22	16871	24
22	16872	26
22	16873	27
22	16874	27
22	16875	27
22	16876	27
22	16877	27
22	16878	27
22	16879	26
22	16880	26
22	16881	26
22	16882	25
22	16883	24
22	16884	24
22	16885	25
22	16886	25
22	16887	25
22	16888	26
22	16889	27
22	16890	27
22	16891	28
22	16892	27
22	16893	28
22	16894	28
22	16895	28
22	16896	27
22	16897	28
22	16898	27
22	16899	27
22	16900	27
22	16901	27
22	16902	28
22	16903	27
22	16904	28
22	16905	28
22	16906	28
22	16907	27
22	16908	28
22	16909	27
22	16910	27
22	16911	27
22	16912	28
22	16913	28
22	16914	32
22	16915	32
22	16916	31
22	16917	31
22	16918	31
22	16919	30
22	16920	30
22	16921	31
22	16922	31
22	16923	31
22	16924	30
22	16925	30
22	16926	29
22	16927	29
22	16928	30
22	16929	29
22	16930	29
22	16931	29
22	16932	29
22	16933	27
22	16934	26
22	16935	27
22	16936	27
22	16937	27
22	16938	26
22	16939	25
22	16940	25
22	16941	26
22	16942	26
22	16943	26
22	16944	26
22	16945	26
22	16946	27
22	16947	26
22	16948	28
22	16949	28
22	16950	27
22	16951	30
22	16952	30
22	16953	31
22	16954	31
22	16955	31
22	16956	31
22	16957	32
22	16958	31
22	16959	31
22	16960	32
22	16961	32
22	16962	31
22	16963	31
22	16964	31
22	16965	31
22	16966	31
22	16967	31
22	16968	31
22	16969	30
22	16970	30
22	16971	30
22	16972	31
22	16973	32
22	16974	32
22	16975	31
22	16976	31
22	16977	31
22	16978	31
22	16979	30
22	16980	30
22	16981	28
22	16982	28
22	16983	28
22	16984	28
22	16985	28
22	16986	28
22	16987	27
22	16988	27
22	16989	26
22	16990	26
22	16991	26
22	16992	26
22	16993	26
22	16994	26
22	16995	27
22	16996	26
22	16997	26
22	16998	26
22	16999	26
22	17000	26
22	17001	26
22	17002	26
22	17003	26
22	17004	26
22	17005	27
22	17006	27
22	17007	27
22	17008	27
22	17009	27
22	17010	26
22	17011	27
22	17012	26
22	17013	27
22	17014	27
22	17015	27
22	17016	26
22	17017	26
22	17018	26
22	17019	26
22	17020	26
22	17021	26
22	17022	25
22	17023	25
22	17024	26
22	17025	26
22	17026	27
22	17027	28
22	17028	27
22	17029	27
22	17030	27
22	17031	26
22	17032	27
22	17033	27
22	17034	27
22	17035	26
22	17036	27
22	17037	26
22	17038	26
22	17039	26
22	17040	26
22	17041	27
22	17042	28
22	17043	27
22	17044	28
22	17045	28
22	17046	28
22	17047	29
22	17048	30
22	17049	29
22	17050	28
22	17051	28
22	17052	28
22	17053	28
22	17054	28
22	17055	28
22	17056	28
22	17057	27
22	17058	27
22	17059	27
22	17060	28
22	17061	28
22	17062	28
22	17063	29
22	17064	28
22	17065	29
22	17066	27
22	17067	26
22	17068	26
22	17069	25
22	17070	25
22	17071	25
22	17072	24
22	17073	25
22	17074	25
22	17075	24
22	17076	22
22	17077	21
22	17078	21
22	17079	21
22	17080	22
22	17081	22
22	17082	22
22	17083	22
22	17084	22
22	17085	23
22	17086	23
22	17087	23
22	17088	25
22	17089	25
22	17090	25
22	17091	26
22	17092	25
22	17093	25
22	17094	26
22	17095	26
22	17096	26
22	17097	26
22	17098	27
22	17099	28
22	17100	28
22	17101	29
22	17102	28
22	17103	31
22	17104	30
22	17105	31
22	17106	31
22	17107	31
22	17108	32
22	17109	32
22	17110	32
22	17111	31
22	17112	30
22	17113	31
22	17114	31
22	17115	31
22	17116	31
22	17117	32
22	17118	32
22	17119	32
22	17120	31
22	17121	31
22	17122	31
22	17123	31
22	17124	32
22	17125	33
22	17126	33
22	17127	33
22	17128	33
22	17129	33
22	17130	34
22	17131	35
22	17132	35
22	17133	34
22	17134	33
22	17135	33
22	17136	33
22	17137	33
22	17138	33
22	17139	34
22	17140	34
22	17141	33
22	17142	34
22	17143	32
22	17144	31
22	17145	31
22	17146	31
22	17147	30
22	17148	28
22	17149	28
22	17150	27
22	17151	28
22	17152	27
22	17153	26
22	17154	27
22	17155	26
22	17156	25
22	17157	24
22	17158	24
22	17159	24
22	17160	24
22	17161	23
22	17162	21
22	17163	22
22	17164	23
22	17165	23
22	17166	23
22	17167	23
22	17168	22
22	17169	22
22	17170	22
22	17171	22
22	17172	22
22	17173	23
22	17174	23
22	17175	24
22	17176	24
22	17177	22
22	17178	22
22	17179	21
22	17180	22
22	17181	21
22	17182	21
22	17183	21
22	17184	21
22	17185	22
22	17186	22
22	17187	22
22	17188	22
22	17189	22
22	17190	21
22	17191	21
22	17192	20
22	17193	19
22	17194	19
22	17195	19
22	17196	18
22	17197	18
22	17198	17
22	17199	16
22	17200	17
22	17201	17
22	17202	17
22	17203	16
22	17204	16
22	17205	16
22	17206	16
22	17207	16
22	17208	16
22	17209	16
22	17210	16
22	17211	16
22	17212	16
22	17213	15
22	17214	15
22	17215	15
22	17216	15
22	17217	15
22	17218	15
22	17219	15
22	17220	16
22	17221	17
22	17222	17
22	17223	16
22	17224	16
22	17225	16
22	17226	16
22	17227	15
22	17228	15
22	17229	15
22	17230	15
22	17231	14
22	17232	14
22	17233	14
22	17234	14
22	17235	14
22	17236	14
22	17237	14
22	17238	14
22	17239	13
22	17240	13
22	17241	13
22	17242	12
22	17243	12
22	17244	12
22	17245	12
22	17246	11
22	17247	9
22	17248	9
22	17249	9
22	17250	9
22	17251	10
22	17252	9
22	17253	9
22	17254	8
22	17255	8
22	17256	6
22	17257	6
22	17258	6
22	17259	6
22	17260	6
22	17261	6
22	17262	6
22	17263	6
22	17264	6
22	17265	6
22	17266	6
22	17267	6
22	17268	6
22	17269	5
22	17270	5
22	17271	4
22	17272	4
22	17273	3
22	17274	3
22	17275	3
22	17276	3
22	17277	3
22	17278	3
22	17279	3
22	17280	3
22	17281	3
22	17282	3
22	17283	4
22	17284	4
22	17285	4
22	17286	4
22	17287	4
22	17288	5
22	17289	5
22	17290	4
22	17291	4
22	17292	4
22	17293	3
22	17294	3
22	17295	4
22	17296	5
22	17297	6
22	17298	7
22	17299	7
22	17300	7
22	17301	7
22	17302	7
22	17303	8
22	17304	8
22	17305	9
22	17306	10
22	17307	10
22	17308	12
22	17309	12
22	17310	12
22	17311	12
22	17312	12
22	17313	12
22	17314	12
22	17315	12
22	17316	12
22	17317	12
22	17318	12
22	17319	12
22	17320	12
22	17321	13
22	17322	14
22	17323	14
22	17324	14
22	17325	14
22	17326	15
22	17327	16
22	17328	17
22	17329	17
22	17330	17
22	17331	17
22	17332	17
22	17333	18
22	17334	19
22	17335	19
22	17336	20
22	17337	20
22	17338	22
22	17339	24
22	17340	24
22	17341	23
22	17342	23
22	17343	23
22	17344	26
22	17345	26
22	17346	26
22	17347	25
22	17348	25
22	17349	26
22	17350	26
22	17351	26
22	17352	29
22	17353	29
22	17354	29
22	17355	29
22	17356	30
22	17357	30
22	17358	30
22	17359	30
22	17360	30
22	17361	31
22	17362	32
22	17363	32
22	17364	33
22	17365	33
22	17366	34
22	17367	36
22	17368	37
22	17369	37
22	17370	37
22	17371	37
22	17372	38
22	17373	38
22	17374	35
22	17375	35
22	17376	35
22	17377	35
22	17378	37
22	17379	36
22	17380	36
22	17381	36
22	17382	36
22	17383	36
22	17384	35
22	17385	34
22	17386	34
22	17387	32
22	17388	31
22	17389	31
22	17390	31
22	17391	32
22	17392	32
22	17393	31
22	17394	31
22	17395	31
22	17396	31
22	17397	31
22	17398	31
22	17399	31
22	17400	31
22	17401	31
22	17402	30
22	17403	30
22	17404	29
22	17405	29
22	17406	30
22	17407	29
22	17408	28
22	17409	30
22	17410	30
22	17411	30
22	17412	30
22	17413	29
22	17414	29
22	17415	29
22	17416	29
22	17417	29
22	17418	29
22	17419	29
22	17420	28
22	17421	28
22	17422	28
22	17423	28
22	17424	28
22	17425	28
22	17426	27
22	17427	27
22	17428	27
22	17429	26
22	17430	25
22	17431	26
22	17432	25
22	17433	26
22	17434	26
22	17435	25
22	17436	25
22	17437	26
22	17438	25
22	17439	25
22	17440	25
22	17441	25
22	17442	24
22	17443	24
22	17444	25
22	17445	26
22	17446	25
22	17447	24
22	17448	24
22	17449	24
22	17450	22
22	17451	22
22	17452	21
22	17453	21
22	17454	20
22	17455	20
22	17456	20
22	17457	19
22	17458	20
22	17459	21
22	17460	21
22	17461	22
22	17462	22
22	17463	22
22	17464	22
22	17465	23
22	17466	22
22	17467	21
22	17468	20
22	17469	20
22	17470	20
22	17471	19
22	17472	19
22	17473	21
22	17474	19
22	17475	19
22	17476	19
22	17477	20
22	17478	20
22	17479	21
22	17480	21
22	17481	22
22	17482	24
22	17483	24
22	17484	24
22	17485	24
22	17486	23
22	17487	24
22	17488	25
22	17489	25
22	17490	25
22	17491	25
22	17492	25
22	17493	25
22	17494	25
22	17495	25
22	17496	26
22	17497	26
22	17498	26
22	17499	26
22	17500	28
22	17501	29
22	17502	29
22	17503	29
22	17504	29
22	17505	29
22	17506	29
22	17507	29
22	17508	29
22	17509	29
22	17510	28
22	17511	28
22	17512	27
22	17513	29
22	17514	30
22	17515	31
22	17516	31
22	17517	31
22	17518	30
22	17519	30
22	17520	30
22	17521	30
22	17522	30
22	17523	30
22	17524	28
22	17525	28
22	17526	28
22	17527	28
22	17528	27
22	17529	27
22	17530	27
22	17531	27
22	17532	28
22	17533	28
22	17534	28
22	17535	27
22	17536	27
22	17537	27
22	17538	27
22	17539	27
22	17540	27
22	17541	26
22	17542	26
22	17543	26
22	17544	25
22	17545	24
22	17546	25
22	17547	25
22	17548	24
22	17549	23
22	17550	23
22	17551	22
22	17552	22
22	17553	21
22	17554	20
22	17555	19
22	17556	19
22	17557	19
22	17558	19
22	17559	18
22	17560	18
22	17561	18
22	17562	18
22	17563	18
22	17564	18
22	17565	18
22	17566	17
22	17567	17
22	17568	16
22	17569	15
22	17570	14
22	17571	14
22	17572	13
22	17573	12
22	17574	11
22	17575	10
22	17576	10
22	17577	10
22	17578	10
22	17579	10
22	17580	10
22	17581	9
22	17582	8
22	17583	8
22	17584	8
22	17585	7
22	17586	7
22	17587	7
22	17588	6
22	17589	5
22	17590	5
22	17591	2
22	17592	5
22	17593	5
22	17594	5
22	17595	5
22	17596	5
22	17597	4
22	17598	3
22	17599	3
22	17600	2
22	17601	1
22	17602	1
22	17603	1
22	17604	1
22	17605	1
22	17606	1
22	17607	1
22	17608	1
22	17609	1
22	17610	1
22	17611	1
22	17612	1
22	17613	1
22	17614	1
22	17615	1
22	17616	1
22	17617	1
22	17618	1
22	17619	1
22	17620	1
22	17621	1
22	17622	1
22	17623	1
22	17624	1
22	17625	1
22	17626	1
22	17627	1
22	17628	1
22	17629	1
22	17630	1
22	17631	1
22	17686	1
22	17687	1
22	17688	1
22	17689	1
22	17690	1
22	17691	1
22	17692	1
22	17693	1
22	17694	1
22	17695	1
22	17696	1
22	17697	1
22	17698	1
22	17699	1
22	17700	1
22	17701	1
22	17702	1
22	17703	1
22	19865	1
22	19866	1
22	19867	1
22	19868	1
22	19869	1
22	19870	1
22	19871	1
22	19872	1
22	19873	1
22	19874	1
22	19875	1
22	19876	1
22	19877	1
22	19878	1
22	19879	1
22	19880	1
22	19881	1
22	19882	1
22	19883	1
22	19884	1
22	19885	1
22	19886	1
22	19887	1
22	19888	1
22	19889	1
22	19890	1
22	19891	1
22	19892	2
22	19893	2
22	19894	2
22	19895	2
22	19896	2
22	19897	2
22	19898	2
22	19899	2
22	19900	2
22	19901	2
22	19902	2
22	19903	2
22	19904	2
22	19905	2
22	19906	2
22	19907	2
22	19908	2
22	19909	2
22	19910	2
22	19911	2
22	19912	2
22	19913	2
22	19914	2
22	19915	2
22	19916	2
22	19917	2
22	19918	2
22	19919	2
22	19920	2
22	19921	2
22	19922	2
22	19923	2
22	19924	2
22	19925	2
22	19926	2
22	19927	2
22	19928	2
22	19929	2
22	19930	2
22	19931	2
22	19932	2
22	19933	2
22	19934	2
22	19935	2
22	19936	2
22	19937	2
22	19938	2
22	19939	2
22	19940	2
22	19941	2
22	19942	2
22	19943	2
22	19944	2
22	19945	2
22	19946	2
22	19947	2
22	19948	2
22	19949	2
22	19950	2
22	19951	2
22	19952	3
22	19953	3
22	19954	3
22	19955	3
22	19956	3
22	19957	3
22	19958	3
22	19959	3
22	19960	3
22	19961	3
22	19962	3
22	19963	3
22	19964	3
22	19965	3
22	19966	3
22	19967	3
22	19968	3
22	19969	3
22	19970	3
22	19971	3
22	19972	3
22	19973	3
22	19974	3
22	19975	3
22	19976	3
22	19977	3
22	19978	3
22	19979	4
22	19980	4
22	19981	5
22	19982	5
22	19983	5
22	19984	5
22	19985	5
22	19986	5
22	19987	5
22	19988	5
22	19989	6
22	19990	6
22	19991	6
22	19992	6
22	19993	6
22	19994	6
22	19995	6
22	19996	6
22	19997	7
22	19998	8
22	19999	8
22	20000	9
22	20001	9
22	20002	9
22	20003	9
22	20004	9
22	20005	9
22	20006	9
22	20007	9
22	20008	9
22	20009	9
22	20010	9
22	20011	10
22	20012	10
22	20013	10
22	20014	11
22	20015	11
22	20016	11
22	20017	13
22	20018	13
22	20019	13
22	20020	13
22	20021	14
22	20022	14
22	20023	14
22	20024	15
22	20025	15
22	20026	15
22	20027	16
22	20028	16
22	20029	16
22	20030	16
22	20031	16
22	20032	16
22	20033	17
22	20034	18
22	20035	18
22	20036	18
22	20037	18
22	20038	19
22	20039	19
22	20040	19
22	20041	19
22	20042	22
22	20043	22
22	20044	23
22	20045	23
22	20046	22
22	20047	23
22	20048	25
22	20049	25
22	20050	25
22	20051	26
22	20052	26
22	20053	29
22	20054	28
22	20055	27
22	20056	27
22	20057	27
22	20058	27
22	20059	28
22	20060	29
22	20061	29
22	20062	29
22	20063	29
22	20064	29
22	20065	29
22	20066	29
22	20067	29
22	20068	29
22	20069	29
22	20070	30
22	20071	30
22	20072	30
22	20073	30
22	20074	30
22	20075	30
22	20076	29
22	20077	30
22	20078	31
22	20079	31
22	20080	31
22	20081	30
22	20082	30
22	20083	31
22	20084	30
22	20085	31
22	20086	31
22	20087	31
22	20088	30
22	20089	30
22	20090	29
22	20091	26
22	20092	26
22	20093	25
22	20094	25
22	20095	25
22	20096	25
22	20097	25
22	20098	25
22	20099	24
22	20100	23
22	20101	24
22	20102	26
22	20103	26
22	20104	26
22	20105	26
22	20106	26
22	20107	26
22	20108	26
22	20109	25
22	20110	25
22	20111	26
22	20112	25
22	20113	25
22	20114	25
22	20115	26
22	20116	26
22	20117	28
22	20118	28
22	20119	28
22	20120	28
22	20121	29
22	20122	30
22	20123	30
22	20124	30
22	20125	29
22	20126	30
22	20127	30
22	20128	30
22	20129	30
22	20130	30
22	20131	30
22	20132	30
22	20133	30
22	20134	30
22	20135	30
22	20136	30
22	20137	31
22	20138	31
22	20139	30
22	20140	31
22	20141	31
22	20142	31
22	20143	31
22	20144	31
22	20145	31
22	20146	31
22	20147	32
22	20148	31
22	20149	30
22	20150	30
22	20151	29
22	20152	30
22	20153	30
22	20154	30
22	20155	30
22	20156	30
22	20157	30
22	20158	29
22	20159	28
22	20160	29
22	20161	29
22	20162	29
22	20163	29
22	20164	29
22	20165	31
22	20166	31
22	20167	31
22	20168	31
22	20169	31
22	20170	30
22	20171	29
22	20172	29
22	20173	29
22	20174	28
22	20175	27
22	20176	25
22	20177	24
22	20178	24
22	20179	23
22	20180	23
22	20181	22
22	20182	22
22	20183	23
22	20184	23
22	20185	23
22	20186	23
22	20187	23
22	20188	22
22	20189	23
22	20190	24
22	20191	25
22	20192	25
22	20193	26
22	20194	26
22	20195	26
22	20196	26
22	20197	25
22	20198	26
22	20199	25
22	20200	25
22	20201	25
22	20202	26
22	20203	25
22	20204	25
22	20205	26
22	20206	26
22	20207	27
22	20208	27
22	20209	27
22	20210	28
22	20211	28
22	20212	27
22	20213	27
22	20214	26
22	20215	27
22	20216	27
22	20217	27
22	20218	27
22	20219	27
22	20220	27
22	20221	29
22	20222	29
22	20223	28
22	20224	29
22	20225	30
22	20226	30
22	20227	30
22	20228	31
22	20229	31
22	20230	31
22	20231	31
22	20232	32
22	20233	31
22	20234	31
22	20235	30
22	20236	30
22	20237	30
22	20238	30
22	20239	29
22	20240	28
22	20241	28
22	20242	28
22	20243	28
22	20244	28
22	20245	27
22	20246	27
22	20247	27
22	20248	26
22	20249	25
22	20250	23
22	20251	23
22	20252	23
22	20253	22
22	20254	20
22	20255	20
22	20256	19
22	20257	19
22	20258	19
22	20259	19
22	20260	19
22	20261	20
22	20262	21
22	20263	20
22	20264	20
22	20265	18
22	20266	18
22	20267	19
22	20268	19
22	20269	19
22	20270	19
22	20271	18
22	20272	18
22	20273	17
22	20274	18
22	20275	18
22	20276	18
22	20277	19
22	20278	19
22	20279	19
22	20280	19
22	20281	19
22	20282	19
22	20283	19
22	20284	19
22	20285	19
22	20286	18
22	20287	18
22	20288	18
22	20289	19
22	20290	20
22	20291	19
22	20292	19
22	20293	21
22	20294	21
22	20295	21
22	20296	21
22	20297	21
22	20298	21
22	20299	21
22	20300	22
22	20301	22
22	20302	23
22	20303	23
22	20304	23
22	20305	23
22	20306	23
22	20307	23
22	20308	24
22	20309	24
22	20310	24
22	20311	23
22	20312	23
22	20313	23
22	20314	24
22	20315	24
22	20316	24
22	20317	23
22	20318	23
22	20319	23
22	20320	23
22	20321	23
22	20322	23
22	20323	23
22	20324	23
22	20325	23
22	20326	22
22	20327	22
22	20328	23
22	20329	24
22	20330	24
22	20331	25
22	20332	25
22	20333	26
22	20334	26
22	20335	26
22	20336	26
22	20337	26
22	20338	26
22	20339	26
22	20340	26
22	20341	25
22	20342	25
22	20343	25
22	20344	24
22	20345	24
22	20346	24
22	20347	25
22	20348	25
22	20349	24
22	20350	24
22	20351	24
22	20352	24
22	20353	24
22	20354	24
22	20355	24
22	20356	23
22	20357	24
22	20358	23
22	20359	23
22	20360	23
22	20361	22
22	20362	22
22	20363	21
22	20364	21
22	20365	20
22	20366	20
22	20367	20
22	20368	19
22	20369	18
22	20370	18
22	20371	18
22	20372	19
22	20373	19
22	20374	19
22	20375	19
22	20376	18
22	20377	17
22	20378	17
22	20379	16
22	20380	16
22	20381	15
22	20382	14
22	20383	13
22	20384	13
22	20385	13
22	20386	13
22	20387	13
22	20388	13
22	20389	13
22	20390	14
22	20391	14
22	20392	14
22	20393	15
22	20394	15
22	20395	14
22	20396	15
22	20397	16
22	20398	17
22	20399	17
22	20400	18
22	20401	18
22	20402	18
22	20403	18
22	20404	18
22	20405	18
22	20406	18
22	20407	18
22	20408	18
22	20409	19
22	20410	19
22	20411	21
22	20412	21
22	20413	20
22	20414	20
22	20415	19
22	20416	19
22	20417	20
22	20418	20
22	20419	19
22	20420	19
22	20421	17
22	20422	17
22	20423	16
22	20424	16
22	20425	17
22	20426	16
22	20427	16
22	20428	17
22	20429	17
22	20430	17
22	20431	17
22	20432	17
22	20433	17
22	20434	17
22	20435	16
22	20436	16
22	20437	15
22	20438	15
22	20439	14
22	20440	13
22	20441	12
22	20442	12
22	20443	13
22	20444	13
22	20445	13
22	20446	13
22	20447	13
22	20448	12
22	20449	12
22	20450	12
22	20451	12
22	20452	12
22	20453	12
22	20454	12
22	20455	12
22	20456	12
22	20457	11
22	20458	11
22	20459	10
22	20460	10
22	20461	10
22	20462	11
22	20463	11
22	20464	11
22	20465	11
22	20466	11
22	20467	11
22	20468	11
22	20469	11
22	20470	11
22	20471	13
22	20472	14
22	20473	14
22	20474	14
22	20475	14
22	20476	15
22	20477	15
22	20478	15
22	20479	15
22	20480	15
22	20481	15
22	20482	15
22	20483	15
22	20484	15
22	20485	15
22	20486	15
22	20487	15
22	20488	15
22	20489	14
22	20490	13
22	20491	13
22	20492	13
22	20493	12
22	20494	11
22	20495	11
22	20496	9
22	20497	9
22	20498	8
22	20499	8
22	20500	8
22	20501	7
22	20502	7
22	20503	6
22	20504	5
22	20505	4
22	20506	4
22	20507	4
22	20508	4
22	20509	4
22	20510	4
22	20511	3
22	20512	3
22	20513	3
22	20514	3
22	20515	3
22	20516	2
22	20517	2
22	20518	2
22	20519	2
22	20520	2
22	20521	2
22	20522	2
22	20523	2
22	20524	2
22	20525	1
22	20526	1
22	20527	1
22	20528	1
22	20529	1
22	20530	1
22	20531	1
22	20532	1
22	20533	1
22	20534	1
22	20535	1
22	20536	1
22	20537	1
22	20538	1
22	20541	1
22	20542	1
22	20543	1
22	20544	1
22	20545	1
22	20546	1
22	20547	1
22	20548	1
22	20549	2
22	20550	2
22	20551	3
22	20552	3
22	20553	3
22	20554	3
22	20555	3
22	20556	2
22	20557	3
22	20558	3
22	20559	3
22	20560	3
22	20561	3
22	20562	3
22	20563	4
22	20564	4
22	20565	4
22	20566	4
22	20567	4
22	20568	4
22	20569	3
22	20570	2
22	20571	2
22	20572	2
22	20573	2
22	20574	2
22	20575	2
22	20576	2
22	20577	2
22	20578	3
22	20579	2
22	20580	2
22	20581	2
22	20582	2
22	20583	2
22	20584	2
22	20585	2
22	20586	2
22	20587	2
22	20588	2
22	20589	2
22	20590	3
22	20591	3
22	20592	3
22	20593	3
22	20594	3
22	20595	2
22	20596	2
22	20597	2
22	20598	3
22	20599	3
22	20600	3
22	20601	3
22	20602	3
22	20603	3
22	20604	3
22	20605	3
22	20606	4
22	20607	5
22	20608	5
22	20609	6
22	20610	6
22	20611	6
22	20612	7
22	20613	8
22	20614	8
22	20615	8
22	20616	8
22	20617	9
22	20618	9
22	20619	10
22	20620	11
22	20621	11
22	20622	11
22	20623	12
22	20624	12
22	20625	12
22	20626	12
22	20627	12
22	20628	12
22	20629	12
22	20630	12
22	20631	12
22	20632	12
22	20633	13
22	20634	13
22	20635	13
22	20636	14
22	20637	14
22	20638	14
22	20639	15
22	20640	15
22	20641	16
22	20642	17
22	20643	18
22	20644	18
22	20645	18
22	20646	19
22	20647	20
22	20648	22
22	20649	22
22	20650	22
22	20651	21
22	20652	21
22	20653	21
22	20654	21
22	20655	22
22	20656	22
22	20657	22
22	20658	22
22	20659	22
22	20660	22
22	20661	22
22	20662	22
22	20663	23
22	20664	24
22	20665	24
22	20666	25
22	20667	27
22	20668	27
22	20669	27
22	20670	27
22	20671	26
22	20672	25
22	20673	25
22	20674	25
22	20675	25
22	20676	25
22	20677	26
22	20678	27
22	20679	28
22	20680	28
22	20681	28
22	20682	28
22	20683	28
22	20684	29
22	20685	30
22	20686	29
22	20687	29
22	20688	29
22	20689	29
22	20690	29
22	20691	29
22	20692	29
22	20693	29
22	20694	29
22	20695	28
22	20696	29
22	20697	28
22	20698	29
22	20699	29
22	20700	29
22	20701	30
22	20702	30
22	20703	30
22	20704	29
22	20705	29
22	20706	29
22	20707	31
22	20708	31
22	20709	32
22	20710	34
22	20711	34
22	20712	33
22	20713	33
22	20714	32
22	20715	33
22	20716	32
22	20717	32
22	20718	32
22	20719	32
22	20720	34
22	20721	33
22	20722	34
22	20723	34
22	20724	34
22	20725	35
22	20726	36
22	20727	37
22	20728	37
22	20729	38
22	20730	37
22	20731	37
22	20732	37
22	20733	37
22	20734	36
22	20735	36
22	20736	36
22	20737	35
22	20738	34
22	20739	33
22	20740	33
22	20741	33
22	20742	32
22	20743	31
22	20744	30
22	20745	30
22	20746	30
22	20747	30
22	20748	30
22	20749	30
22	20750	30
22	20751	30
22	20752	28
22	20753	28
22	20754	28
22	20755	28
22	20756	27
22	20757	27
22	20758	28
22	20759	28
22	20760	28
22	20761	29
22	20762	29
22	20763	29
22	20764	29
22	20765	29
22	20766	29
22	20767	29
22	20768	30
22	20769	29
22	20770	28
22	20771	28
22	20772	27
22	20773	27
22	20774	27
22	20775	27
22	20776	26
22	20777	25
22	20778	25
22	20779	25
22	20780	24
22	20781	24
22	20782	23
22	20783	23
22	20784	22
22	20785	23
22	20786	22
22	20787	22
22	20788	23
22	20789	25
22	20790	25
22	20791	25
22	20792	25
22	20793	24
22	20794	22
22	20795	22
22	20796	22
22	20797	23
22	20798	24
22	20799	24
22	20800	24
22	20801	24
22	20802	24
22	20803	24
22	20804	25
22	20805	25
22	20806	26
22	20807	26
22	20808	26
22	20809	26
22	20810	26
22	20811	25
22	20812	25
22	20813	25
22	20814	25
22	20815	25
22	20816	24
22	20817	24
22	20818	23
22	20819	21
22	20820	22
22	20821	21
22	20822	20
22	20823	20
22	20824	19
22	20825	19
22	20826	19
22	20827	18
22	20828	18
22	20829	18
22	20830	18
22	20831	18
22	20832	18
22	20833	18
22	20834	18
22	20835	18
22	20836	18
22	20837	18
22	20838	18
22	20839	18
22	20840	18
22	20841	18
22	20842	18
22	20843	18
22	20844	17
22	20845	18
22	20846	18
22	20847	18
22	20848	18
22	20849	18
22	20850	18
22	20851	18
22	20852	17
22	20853	17
22	20854	17
22	20855	18
22	20856	17
22	20857	17
22	20858	16
22	20859	16
22	20860	16
22	20861	18
22	20862	18
22	20863	18
22	20864	18
22	20865	19
22	20866	20
22	20867	20
22	20868	19
22	20869	20
22	20870	20
22	20871	20
22	20872	20
22	20873	19
22	20874	20
22	20875	19
22	20876	19
22	20877	19
22	20878	19
22	20879	18
22	20880	18
22	20881	18
22	20882	18
22	20883	18
22	20884	18
22	20885	19
22	20886	20
22	20887	19
22	20888	19
22	20889	19
22	20890	18
22	20891	18
22	20892	18
22	20893	17
22	20894	16
22	20895	15
22	20896	15
22	20897	16
22	20898	16
22	20899	16
22	20900	16
22	20901	17
22	20902	17
22	20903	16
22	20904	16
22	20905	17
22	20906	17
22	20907	16
22	20908	14
22	20909	14
22	20910	14
22	20911	13
22	20912	13
22	20913	13
22	20914	14
22	20915	14
22	20916	14
22	20917	14
22	20918	14
22	20919	14
22	20920	14
22	20921	14
22	20922	14
22	20923	13
22	20924	13
22	20925	13
22	20926	13
22	20927	13
22	20928	13
22	20929	13
22	20930	13
22	20931	13
22	20932	13
22	20933	13
22	20934	13
22	20935	14
22	20936	14
22	20937	13
22	20938	13
22	20939	12
22	20940	12
22	20941	12
22	20942	12
22	20943	12
22	20944	12
22	20945	11
22	20946	11
22	20947	11
22	20948	10
22	20949	10
22	20950	9
22	20951	9
22	20952	9
22	20953	9
22	20954	9
22	20955	9
22	20956	9
22	20957	8
22	20958	8
22	20959	8
22	20960	8
22	20961	8
22	20962	8
22	20963	8
22	20964	8
22	20965	7
22	20966	6
22	20967	6
22	20968	5
22	20969	5
22	20970	5
22	20971	5
22	20972	5
22	20973	4
22	20974	4
22	20975	4
22	20976	4
22	20977	4
22	20978	5
22	20979	5
22	20980	5
22	20981	5
22	20982	5
22	20983	5
22	20984	4
22	20985	4
22	20986	3
22	20987	3
22	20988	3
22	20989	4
22	20990	4
22	20991	4
22	20992	4
22	20993	5
22	20994	5
22	20995	5
22	20996	5
22	20997	6
22	20998	5
22	20999	6
22	21000	6
22	21001	6
22	21002	6
22	21003	6
22	21004	6
22	21005	6
22	21006	6
22	21007	6
22	21008	6
22	21009	6
22	21010	6
22	21011	6
22	21012	6
22	21013	6
22	21014	6
22	21015	6
22	21016	6
22	21017	7
22	21018	6
22	21019	6
22	21020	6
22	21021	5
22	21022	5
22	21023	5
22	21024	5
22	21025	5
22	21026	5
22	21027	5
22	21028	5
22	21029	5
22	21030	4
22	21031	4
22	21032	4
22	21033	4
22	21034	3
22	21035	3
22	21036	3
22	21037	3
22	21038	3
22	21039	3
22	21040	3
22	21041	3
22	21042	3
22	21043	2
22	21044	2
22	21045	2
22	21046	2
22	21047	2
22	21048	3
22	21049	5
22	21050	5
22	21051	6
22	21052	7
22	21053	7
22	21054	7
22	21055	7
22	21056	6
22	21057	6
22	21058	6
22	21059	6
22	21060	6
22	21061	7
22	21062	7
22	21063	7
22	21064	7
22	21065	8
22	21066	8
22	21067	9
22	21068	9
22	21069	9
22	21070	8
22	21071	8
22	21072	8
22	21073	8
22	21074	9
22	21075	9
22	21076	9
22	21077	9
22	21078	10
22	21079	10
22	21080	11
22	21081	11
22	21082	11
22	21083	11
22	21084	11
22	21085	11
22	21086	11
22	21087	11
22	21088	11
22	21089	11
22	21090	11
22	21091	11
22	21092	11
22	21093	11
22	21094	10
22	21095	10
22	21096	10
22	21097	9
22	21098	9
22	21099	10
22	21100	10
22	21101	10
22	21102	10
22	21103	10
22	21104	11
22	21105	11
22	21106	12
22	21107	12
22	21108	12
22	21109	12
22	21110	12
22	21111	12
22	21112	13
22	21113	14
22	21114	14
22	21115	15
22	21116	15
22	21117	15
22	21118	15
22	21119	15
22	21120	15
22	21121	15
22	21122	16
22	21123	16
22	21124	16
22	21125	16
22	21126	16
22	21127	16
22	21128	16
22	21129	16
22	21130	16
22	21131	15
22	21132	16
22	21133	16
22	21134	17
22	21135	17
22	21136	18
22	21137	19
22	21138	17
22	21139	17
22	21140	17
22	21141	17
22	21142	17
22	21143	18
22	21144	18
22	21145	19
22	21146	20
22	21147	20
22	21148	21
22	21149	21
22	21150	21
22	21151	21
22	21152	21
22	21153	22
22	21154	22
22	21155	22
22	21156	21
22	21157	22
22	21158	22
22	21159	23
22	21160	23
22	21161	24
22	21162	24
22	21163	23
22	21164	23
22	21165	24
22	21166	24
22	21167	24
22	21168	24
22	21169	23
22	21170	23
22	21171	22
22	21172	22
22	21173	22
22	21174	22
22	21175	23
22	21176	24
22	21177	23
22	21178	22
22	21179	22
22	21180	22
22	21181	22
22	21182	22
22	21183	22
22	21184	22
22	21185	21
22	21186	21
22	21187	22
22	21188	23
22	21189	23
22	21190	22
22	21191	21
22	21192	23
22	21193	22
22	21194	23
22	21195	24
22	21196	22
22	21197	22
22	21198	22
22	21199	23
22	21200	23
22	21201	22
22	21202	22
22	21203	22
22	21204	22
22	21205	22
22	21206	23
22	21207	23
22	21208	24
22	21209	25
22	21210	25
22	21211	24
22	21212	24
22	21213	23
22	21214	23
22	21215	21
22	21216	20
22	21217	19
22	21218	20
22	21219	19
22	21220	18
22	21221	18
22	21222	19
22	21223	19
22	21224	20
22	21225	20
22	21226	20
22	21227	20
22	21228	20
22	21229	21
22	21230	23
22	21231	23
22	21232	23
22	21233	23
22	21234	23
22	21235	23
22	21236	23
22	21237	23
22	21238	23
22	21239	22
22	21240	22
22	21241	22
22	21242	23
22	21243	25
22	21244	25
22	21245	26
22	21246	26
22	21247	26
22	21248	25
22	21249	24
22	21250	24
22	21251	24
22	21252	24
22	21253	24
22	21254	24
22	21255	25
22	21256	26
22	21257	26
22	21258	27
22	21259	27
22	21260	27
22	21261	27
22	21262	27
22	21263	27
22	21264	27
22	21265	25
22	21266	25
22	21267	25
22	21268	25
22	21269	25
22	21270	26
22	21271	25
22	21272	26
22	21273	26
22	21274	26
22	21275	25
22	21276	24
22	21277	24
22	21278	25
22	21279	25
22	21280	26
22	21281	25
22	21282	25
22	21283	25
22	21284	24
22	21285	24
22	21286	24
22	21287	23
22	21288	22
22	21289	23
22	21290	23
22	21291	23
22	21292	25
22	21293	25
22	21294	25
22	21295	26
22	21296	26
22	21297	26
22	21298	26
22	21299	26
22	21300	26
22	21301	27
22	21302	28
22	21303	27
22	21304	27
22	21305	27
22	21306	26
22	21307	26
22	21308	26
22	21309	26
22	21310	28
22	21311	26
22	21312	27
22	21313	27
22	21314	26
22	21315	26
22	21316	25
22	21317	25
22	21318	24
22	21319	24
22	21320	24
22	21321	24
22	21322	26
22	21323	27
22	21324	27
22	21325	26
22	21326	26
22	21327	25
22	21328	25
22	21329	25
22	21330	25
22	21331	25
22	21332	25
22	21333	26
22	21334	26
22	21335	27
22	21336	26
22	21337	26
22	21338	26
22	21339	26
22	21340	27
22	21341	27
22	21342	27
22	21343	28
22	21344	28
22	21345	28
22	21346	29
22	21347	29
22	21348	29
22	21349	29
22	21350	30
22	21351	29
22	21352	29
22	21353	29
22	21354	29
22	21355	28
22	21356	27
22	21357	27
22	21358	27
22	21359	27
22	21360	26
22	21361	27
22	21362	27
22	21363	27
22	21364	26
22	21365	25
22	21366	25
22	21367	24
22	21368	22
22	21369	23
22	21370	23
22	21371	23
22	21372	23
22	21373	23
22	21374	23
22	21375	23
22	21376	24
22	21377	24
22	21378	25
22	21379	26
22	21380	25
22	21381	26
22	21382	25
22	21383	25
22	21384	24
22	21385	24
22	21386	25
22	21387	25
22	21388	25
22	21389	26
22	21390	26
22	21391	27
22	21392	28
22	21393	27
22	21394	26
22	21395	25
22	21396	25
22	21397	25
22	21398	26
22	21399	26
22	21400	26
22	21401	24
22	21402	24
22	21403	24
22	21404	23
22	21405	23
22	21406	23
22	21407	23
22	21408	23
22	21409	23
22	21410	23
22	21411	23
22	21412	22
22	21413	23
22	21414	24
22	21415	24
22	21416	25
22	21417	25
22	21418	25
22	21419	24
22	21420	24
22	21421	25
22	21422	25
22	21423	25
22	21424	24
22	21425	24
22	21426	24
22	21427	25
22	21428	25
22	21429	24
22	21430	25
22	21431	24
22	21432	23
22	21433	22
22	21434	22
22	21435	22
22	21436	22
22	21437	22
22	21438	21
22	21439	21
22	21440	20
22	21441	19
22	21442	19
22	21443	19
22	21444	19
22	21445	19
22	21446	18
22	21447	18
22	21448	18
22	21449	18
22	21450	18
22	21451	18
22	21452	19
22	21453	19
22	21454	19
22	21455	19
22	21456	19
22	21457	19
22	21458	20
22	21459	20
22	21460	20
22	21461	20
22	21462	20
22	21463	20
22	21464	20
22	21465	20
22	21466	20
22	21467	20
22	21468	19
22	21469	19
22	21470	20
22	21471	18
22	21472	16
22	21473	16
22	21474	16
22	21475	16
22	21476	15
22	21477	15
22	21478	16
22	21479	17
22	21480	17
22	21481	16
22	21482	15
22	21483	14
22	21484	14
22	21485	14
22	21486	14
22	21487	14
22	21488	14
22	21489	14
22	21490	12
22	21491	13
22	21492	13
22	21493	13
22	21494	14
22	21495	15
22	21496	15
22	21497	15
22	21498	16
22	21499	18
22	21500	17
22	21501	17
22	21502	17
22	21503	17
22	21504	16
22	21505	16
22	21506	16
22	21507	16
22	21508	16
22	21509	17
22	21510	18
22	21511	18
22	21512	19
22	21513	20
22	21514	20
22	21515	21
22	21516	21
22	21517	21
22	21518	21
22	21519	22
22	21520	22
22	21521	21
22	21522	21
22	21523	21
22	21524	21
22	21525	22
22	21526	22
22	21527	22
22	21528	22
22	21529	22
22	21530	22
22	21531	22
22	21532	22
22	21533	22
22	21534	22
22	21535	22
22	21536	22
22	21537	22
22	21538	22
22	21539	21
22	21540	21
22	21541	20
22	21542	21
22	21543	21
22	21544	21
22	21545	21
22	21546	20
22	21547	20
22	21548	20
22	21549	20
22	21550	21
22	21551	21
22	21552	21
22	21553	21
22	21554	22
22	21555	22
22	21556	23
22	21557	23
22	21558	24
22	21559	25
22	21560	24
22	21561	23
22	21562	23
22	21563	22
22	21564	22
22	21565	22
22	21566	22
22	21567	23
22	21568	22
22	21569	22
22	21570	22
22	21571	20
22	21572	20
22	21573	21
22	21574	20
22	21575	20
22	21576	21
22	21577	21
22	21578	21
22	21579	21
22	21580	22
22	21581	21
22	21582	21
22	21583	22
22	21584	22
22	21585	22
22	21586	22
22	21587	22
22	21588	21
22	21589	21
22	21590	21
22	21591	20
22	21592	21
22	21593	22
22	21594	22
22	21595	23
22	21596	23
22	21597	23
22	21598	23
22	21599	23
22	21600	23
22	21601	22
22	21602	21
22	21603	20
22	21604	20
22	21605	20
22	21606	21
22	21607	21
22	21608	20
22	21609	20
22	21610	20
22	21611	20
22	21612	20
22	21613	20
22	21614	20
22	21615	20
22	21616	20
22	21617	20
22	21618	20
22	21619	20
22	21620	20
22	21621	21
22	21622	22
22	21623	21
22	21624	21
22	21625	21
22	21626	21
22	21627	21
22	21628	20
22	21629	20
22	21630	20
22	21631	20
22	21632	20
22	21633	20
22	21634	21
22	21635	20
22	21636	20
22	21637	20
22	21638	20
22	21639	21
22	21640	22
22	21641	23
22	21642	23
22	21643	22
22	21644	22
22	21645	22
22	21646	22
22	21647	22
22	21648	22
22	21649	23
22	21650	25
22	21651	25
22	21652	26
22	21653	26
22	21654	27
22	21655	27
22	21656	27
22	21657	27
22	21658	26
22	21659	25
22	21660	26
22	21661	26
22	21662	29
22	21663	28
22	21664	27
22	21665	27
22	21666	26
22	21667	27
22	21668	27
22	21669	27
22	21670	27
22	21671	27
22	21672	27
22	21673	27
22	21674	27
22	21675	27
22	21676	26
22	21677	27
22	21678	28
22	21679	28
22	21680	27
22	21681	26
22	21682	26
22	21683	26
22	21684	27
22	21685	26
22	21686	26
22	21687	26
22	21688	27
22	21689	27
22	21690	27
22	21691	28
22	21692	28
22	21693	28
22	21694	26
22	21695	26
22	21696	26
22	21697	26
22	21698	27
22	21699	27
22	21700	27
22	21701	28
22	21702	28
22	21703	27
22	21704	26
22	21705	27
22	21706	26
22	21707	27
22	21708	27
22	21709	27
22	21710	26
22	21711	26
22	21712	27
22	21713	28
22	21714	28
22	21715	27
22	21716	27
22	21717	27
22	21718	26
22	21719	26
22	21720	26
22	21721	26
22	21722	27
22	21723	27
22	21724	28
22	21725	28
22	21726	28
22	21727	28
22	21728	28
22	21729	29
22	21730	28
22	21731	28
22	21732	30
22	21733	31
22	21734	31
22	21735	31
22	21736	32
22	21737	33
22	21738	33
22	21739	32
22	21740	32
22	21741	32
22	21742	32
22	21743	32
22	21744	33
22	21745	33
22	21746	34
22	21747	34
22	21748	33
22	21749	34
22	21750	34
22	21751	34
22	21752	33
22	21753	32
22	21754	33
22	21755	32
22	21756	32
22	21757	33
22	21758	33
22	21759	34
22	21760	34
22	21761	31
22	21762	32
22	21763	34
22	21764	33
22	21765	32
22	21766	32
22	21767	31
22	21768	30
22	21769	29
22	21770	28
22	21771	27
22	21772	27
22	21773	27
22	21774	28
22	21775	28
22	21776	27
22	21777	29
22	21778	29
22	21779	30
22	21780	30
22	21781	30
22	21782	30
22	21783	30
22	21784	30
22	21785	29
22	21786	30
22	21787	30
22	21788	29
22	21789	30
22	21790	30
22	21791	29
22	21792	29
22	21793	30
22	21794	30
22	21795	30
22	21796	31
22	21797	30
22	21798	30
22	21799	29
22	21800	29
22	21801	30
22	21802	30
22	21803	30
22	21804	30
22	21805	30
22	21806	30
22	21807	31
22	21808	31
22	21809	32
22	21810	32
22	21811	32
22	21812	31
22	21813	32
22	21814	32
22	21815	32
22	21816	31
22	21817	31
22	21818	31
22	21819	32
22	21820	32
22	21821	31
22	21822	31
22	21823	31
22	21824	32
22	21825	31
22	21826	30
22	21827	30
22	21828	29
22	21829	30
22	21830	29
22	21831	29
22	21832	29
22	21833	29
22	21834	29
22	21835	29
22	21836	29
22	21837	31
22	21838	32
22	21839	32
22	21840	33
22	21841	33
22	21842	32
22	21843	32
22	21844	33
22	21845	34
22	21846	34
22	21847	34
22	21848	34
22	21849	32
22	21850	32
22	21851	31
22	21852	30
22	21853	29
22	21854	31
22	21855	31
22	21856	31
22	21857	31
22	21858	32
22	21859	31
22	21860	31
22	21861	31
22	21862	32
22	21863	32
22	21864	32
22	21865	32
22	21866	33
22	21867	29
22	21868	29
22	21869	29
22	21870	30
22	21871	29
22	21872	30
22	21873	29
22	21874	29
22	21875	26
22	21876	26
22	21877	27
22	21878	27
22	21879	27
22	21880	27
22	21881	28
22	21882	28
22	21883	28
22	21884	28
22	21885	30
22	21886	29
22	21887	29
22	21888	29
22	21889	30
22	21890	29
22	21891	29
22	21892	31
22	21893	31
22	21894	31
22	21895	31
22	21896	30
22	21897	31
22	21898	31
22	21899	30
22	21900	30
22	21901	31
22	21902	30
22	21903	29
22	21904	29
22	21905	28
22	21906	28
22	21907	28
22	21908	29
22	21909	29
22	21910	30
22	21911	30
22	21912	30
22	21913	29
22	21914	26
22	21915	25
22	21916	24
22	21917	23
22	21918	23
22	21919	23
22	21920	23
22	21921	22
22	21922	22
22	21923	23
22	21924	23
22	21925	23
22	21926	25
22	21927	24
22	21928	25
22	21929	24
22	21930	23
22	21931	23
22	21932	23
22	21933	22
22	21934	22
22	21935	22
22	21936	21
22	21937	21
22	21938	21
22	21939	21
22	21940	23
22	21941	23
22	21942	23
22	21943	25
22	21944	26
22	21945	26
22	21946	28
22	21947	28
22	21948	28
22	21949	28
22	21950	28
22	21951	29
22	21952	29
22	21953	30
22	21954	30
22	21955	30
22	21956	30
22	21957	30
22	21958	31
22	21959	31
22	21960	31
22	21961	30
22	21962	31
22	21963	31
22	21964	31
22	21965	31
22	21966	31
22	21967	31
22	21968	32
22	21969	32
22	21970	33
22	21971	33
22	21972	33
22	21973	32
22	21974	33
22	21975	34
22	21976	33
22	21977	34
22	21978	35
22	21979	36
22	21980	35
22	21981	34
22	21982	35
22	21983	33
22	21984	33
22	21985	34
22	21986	34
22	21987	34
22	21988	33
22	21989	32
22	21990	31
22	21991	31
22	21992	31
22	21993	30
22	21994	31
22	21995	31
22	21996	31
22	21997	31
22	21998	31
22	21999	30
22	22000	31
22	22001	31
22	22002	31
22	22003	32
22	22004	32
22	22005	31
22	22006	31
22	22007	32
22	22008	33
22	22009	34
22	22010	33
22	22011	33
22	22012	33
22	22013	33
22	22014	33
22	22015	33
22	22016	33
22	22017	34
22	22018	34
22	22019	34
22	22020	33
22	22021	32
22	22022	31
22	22023	31
22	22024	31
22	22025	30
22	22026	30
22	22027	30
22	22028	31
22	22029	31
22	22030	31
22	22031	31
22	22032	31
22	22033	30
22	22034	30
22	22035	30
22	22036	29
22	22037	29
22	22038	28
22	22039	27
22	22040	28
22	22041	29
22	22042	29
22	22043	29
22	22044	29
22	22045	30
22	22046	31
22	22047	31
22	22048	31
22	22049	31
22	22050	30
22	22051	28
22	22052	26
22	22053	26
22	22054	26
22	22055	27
22	22056	26
22	22057	27
22	22058	25
22	22059	26
22	22060	26
22	22061	25
22	22062	25
22	22063	24
22	22064	24
22	22065	24
22	22066	24
22	22067	24
22	22068	24
22	22069	24
22	22070	23
22	22071	22
22	22072	23
22	22073	23
22	22074	22
22	22075	22
22	22076	23
22	22077	23
22	22078	23
22	22079	22
22	22080	21
22	22081	21
22	22082	22
22	22083	22
22	22084	22
22	22085	20
22	22086	20
22	22087	20
22	22088	19
22	22089	19
22	22090	20
22	22091	20
22	22092	21
22	22093	23
22	22094	23
22	22095	23
22	22096	24
22	22097	24
22	22098	23
22	22099	25
22	22100	25
22	22101	25
22	22102	26
22	22103	26
22	22104	27
22	22105	28
22	22106	27
22	22107	27
22	22108	26
22	22109	27
22	22110	26
22	22111	26
22	22112	25
22	22113	26
22	22114	26
22	22115	27
22	22116	28
22	22117	30
22	22118	30
22	22119	29
22	22120	29
22	22121	28
22	22122	28
22	22123	27
22	22124	27
22	22125	27
22	22126	27
22	22127	27
22	22128	28
22	22129	28
22	22130	28
22	22131	30
22	22132	31
22	22133	31
22	22134	31
22	22135	31
22	22136	31
22	22137	31
22	22138	31
22	22139	31
22	22140	31
22	22141	31
22	22142	31
22	22143	31
22	22144	30
22	22145	32
22	22146	34
22	22147	34
22	22148	35
22	22149	35
22	22150	35
22	22151	34
22	22152	34
22	22153	35
22	22154	36
22	22155	36
22	22156	37
22	22157	37
22	22158	37
22	22159	37
22	22160	37
22	22161	38
22	22162	38
22	22163	38
22	22164	39
22	22165	39
22	22166	38
22	22167	38
22	22168	38
22	22169	38
22	22170	38
22	22171	39
22	22172	39
22	22173	39
22	22174	39
22	22175	39
22	22176	39
22	22177	37
22	22178	37
22	22179	37
22	22180	37
22	22181	36
22	22182	36
22	22183	37
22	22184	36
22	22185	36
22	22186	37
22	22187	37
22	22188	36
22	22189	35
22	22190	35
22	22191	35
22	22192	35
22	22193	35
22	22194	36
22	22195	34
22	22196	34
22	22197	34
22	22198	34
22	22199	35
22	22200	34
22	22201	35
22	22202	34
22	22203	34
22	22204	33
22	22205	32
22	22206	32
22	22207	32
22	22208	33
22	22209	33
22	22210	33
22	22211	32
22	22212	31
22	22213	31
22	22214	30
22	22215	30
22	22216	30
22	22217	30
22	22218	30
22	22219	30
22	22220	28
22	22221	27
22	22222	27
22	22223	26
22	22224	27
22	22225	27
22	22226	27
22	22227	26
22	22228	26
22	22229	26
22	22230	25
22	22231	26
22	22232	26
22	22233	26
22	22234	26
22	22235	26
22	22236	26
22	22237	26
22	22238	26
22	22239	26
22	22240	26
22	22241	26
22	22242	24
22	22243	23
22	22244	23
22	22245	23
22	22246	22
22	22247	21
22	22248	21
22	22249	20
22	22250	21
22	22251	22
22	22252	22
22	22253	22
22	22254	22
22	22255	22
22	22256	22
22	22257	22
22	22258	22
22	22259	22
22	22260	22
22	22261	22
22	22262	23
22	22263	22
22	22264	22
22	22265	22
22	22266	23
22	22267	23
22	22268	24
22	22269	24
22	22270	24
22	22271	24
22	22272	24
22	22273	24
22	22274	24
22	22275	23
22	22276	23
22	22277	21
22	22278	21
22	22279	21
22	22280	21
22	22281	21
22	22282	21
22	22283	21
22	22284	21
22	22285	22
22	22286	22
22	22287	21
22	22288	21
22	22289	20
22	22290	20
22	22291	20
22	22292	21
22	22293	21
22	22294	20
22	22295	20
22	22296	20
22	22297	20
22	22298	20
22	22299	18
22	22300	18
22	22301	17
22	22302	17
22	22303	17
22	22304	18
22	22305	19
22	22306	19
22	22307	20
22	22308	19
22	22309	19
22	22310	20
22	22311	20
22	22312	20
22	22313	20
22	22314	20
22	22315	20
22	22316	20
22	22317	20
22	22318	20
22	22319	20
22	22320	21
22	22321	22
22	22322	22
22	22323	22
22	22324	21
22	22325	21
22	22326	21
22	22327	21
22	22328	21
22	22329	22
22	22330	22
22	22331	21
22	22332	21
22	22333	20
22	22334	20
22	22335	21
22	22336	22
22	22337	22
22	22338	25
22	22339	26
22	22340	27
22	22341	28
22	22342	29
22	22343	29
22	22344	29
22	22345	30
22	22346	30
22	22347	31
22	22348	31
22	22349	32
22	22350	31
22	22351	32
22	22352	33
22	22353	31
22	22354	31
22	22355	31
22	22356	32
22	22357	33
22	22358	33
22	22359	33
22	22360	32
22	22361	33
22	22362	33
22	22363	34
22	22364	34
22	22365	34
22	22366	34
22	22367	34
22	22368	34
22	22369	34
22	22370	34
22	22371	34
22	22372	33
22	22373	33
22	22374	33
22	22375	33
22	22376	32
22	22377	32
22	22378	30
22	22379	31
22	22380	29
22	22381	31
22	22382	30
22	22383	31
22	22384	29
22	22385	27
22	22386	27
22	22387	28
22	22388	29
22	22389	28
22	22390	29
22	22391	29
22	22392	29
22	22393	29
22	22394	29
22	22395	28
22	22396	27
22	22397	27
22	22398	27
22	22399	27
22	22400	27
22	22401	26
22	22402	26
22	22403	26
22	22404	26
22	22405	26
22	22406	26
22	22407	26
22	22408	27
22	22409	27
22	22410	27
22	22411	28
22	22412	27
22	22413	27
22	22414	27
22	22415	27
22	22416	27
22	22417	27
22	22418	27
22	22419	27
22	22420	28
22	22421	28
22	22422	28
22	22423	29
22	22424	29
22	22425	29
22	22426	29
22	22427	27
22	22428	27
22	22429	27
22	22430	27
22	22431	26
22	22432	26
22	22433	27
22	22434	27
22	22435	25
22	22436	24
22	22437	24
22	22438	23
22	22439	23
22	22440	23
22	22441	23
22	22442	23
22	22443	25
22	22444	25
22	22445	25
22	22446	24
22	22447	24
22	22448	23
22	22449	22
22	22450	21
22	22451	21
22	22452	21
22	22453	21
22	22454	22
22	22455	22
22	22456	21
22	22457	21
22	22458	21
22	22459	22
22	22460	22
22	22461	22
22	22462	23
22	22463	24
22	22464	23
22	22465	23
22	22466	23
22	22467	23
22	22468	24
22	22469	24
22	22470	24
22	22471	24
22	22472	24
22	22473	26
22	22474	25
22	22475	24
22	22476	24
22	22477	24
22	22478	24
22	22479	23
22	22480	24
22	22481	26
22	22482	26
22	22483	26
22	22484	27
22	22485	27
22	22486	27
22	22487	27
22	22488	28
22	22489	28
22	22490	26
22	22491	27
22	22492	27
22	22493	27
22	22494	25
22	22495	25
22	22496	26
22	22497	27
22	22498	27
22	22499	27
22	22500	26
22	22501	26
22	22502	26
22	22503	25
22	22504	24
22	22505	24
22	22506	24
22	22507	25
22	22508	25
22	22509	25
22	22510	25
22	22511	25
22	22512	24
22	22513	24
22	22514	24
22	22515	24
22	22516	24
22	22517	24
22	22518	24
22	22519	24
22	22520	25
22	22521	25
22	22522	25
22	22523	25
22	22524	25
22	22525	25
22	22526	24
22	22527	24
22	22528	25
22	22529	23
22	22530	25
22	22531	25
22	22532	24
22	22533	23
22	22534	23
22	22535	23
22	22536	23
22	22537	23
22	22538	23
22	22539	24
22	22540	25
22	22541	26
22	22542	26
22	22543	27
22	22544	28
22	22545	29
22	22546	29
22	22547	30
22	22548	30
22	22549	30
22	22550	30
22	22551	30
22	22552	30
22	22553	31
22	22554	31
22	22555	31
22	22556	31
22	22557	32
22	22558	32
22	22559	31
22	22560	31
22	22561	30
22	22562	30
22	22563	30
22	22564	30
22	22565	29
22	22566	28
22	22567	28
22	22568	29
22	22569	30
22	22570	30
22	22571	30
22	22572	28
22	22573	26
22	22574	26
22	22575	25
22	22576	27
22	22577	27
22	22578	27
22	22579	28
22	22580	28
22	22581	28
22	22582	29
22	22583	27
22	22584	26
22	22585	26
22	22586	26
22	22587	25
22	22588	25
22	22589	25
22	22590	25
22	22591	25
22	22592	24
22	22593	24
22	22594	24
22	22595	25
22	22596	25
22	22597	25
22	22598	25
22	22599	24
22	22600	25
22	22601	25
22	22602	25
22	22603	25
22	22604	26
22	22605	26
22	22606	26
22	22607	26
22	22608	27
22	22609	27
22	22610	26
22	22611	26
22	22612	26
22	22613	26
22	22614	25
22	22615	23
22	22616	22
22	22617	22
22	22618	22
22	22619	21
22	22620	20
22	22621	20
22	22622	20
22	22623	20
22	22624	21
22	22625	21
22	22626	20
22	22627	20
22	22628	20
22	22629	19
22	22630	20
22	22631	19
22	22632	19
22	22633	18
22	22634	18
22	22635	18
22	22636	18
22	22637	19
22	22638	19
22	22639	18
22	22640	19
22	22641	19
22	22642	19
22	22643	19
22	22644	19
22	22645	19
22	22646	18
22	22647	18
22	22648	17
22	22649	18
22	22650	18
22	22651	18
22	22652	17
22	22653	17
22	22654	17
22	22655	18
22	22656	18
22	22657	19
22	22658	19
22	22659	20
22	22660	19
22	22661	19
22	22662	20
22	22663	20
22	22664	20
22	22665	19
22	22666	19
22	22667	19
22	22668	19
22	22669	19
22	22670	19
22	22671	19
22	22672	19
22	22673	19
22	22674	19
22	22675	19
22	22676	19
22	22677	19
22	22678	19
22	22679	18
22	22680	19
22	22681	18
22	22682	18
22	22683	19
22	22684	19
22	22685	19
22	22686	19
22	22687	19
22	22688	19
22	22689	19
22	22690	18
22	22691	17
22	22692	17
22	22693	16
22	22694	16
22	22695	16
22	22696	16
22	22697	16
22	22698	17
22	22699	16
22	22700	17
22	22701	18
22	22702	19
22	22703	19
22	22704	18
22	22705	16
22	22706	16
22	22707	16
22	22708	17
22	22709	17
22	22710	17
22	22711	18
22	22712	18
22	22713	18
22	22714	18
22	22715	18
22	22716	18
22	22717	18
22	22718	17
22	22719	17
22	22720	17
22	22721	18
22	22722	18
22	22723	18
22	22724	17
22	22725	17
22	22726	18
22	22727	18
22	22728	18
22	22729	20
22	22730	20
22	22731	20
22	22732	20
22	22733	20
22	22734	20
22	22735	20
22	22736	20
22	22737	20
22	22738	20
22	22739	21
22	22740	22
22	22741	22
22	22742	22
22	22743	23
22	22744	23
22	22745	24
22	22746	24
22	22747	24
22	22748	25
22	22749	26
22	22750	26
22	22751	26
22	22752	27
22	22753	27
22	22754	27
22	22755	27
22	22756	27
22	22757	27
22	22758	27
22	22759	26
22	22760	25
22	22761	24
22	22762	24
22	22763	23
22	22764	23
22	22765	23
22	22766	23
22	22767	23
22	22768	23
22	22769	23
22	22770	23
22	22771	24
22	22772	24
22	22773	23
22	22774	22
22	22775	22
22	22776	22
22	22777	22
22	22778	22
22	22779	22
22	22780	23
22	22781	23
22	22782	23
22	22783	22
22	22784	23
22	22785	22
22	22786	22
22	22787	22
22	22788	23
22	22789	24
22	22790	26
22	22791	26
22	22792	26
22	22793	27
22	22794	27
22	22795	28
22	22796	29
22	22797	30
22	22798	30
22	22799	30
22	22800	30
22	22801	29
22	22802	29
22	22803	29
22	22804	29
22	22805	30
22	22806	29
22	22807	28
22	22808	28
22	22809	28
22	22810	28
22	22811	28
22	22812	29
22	22813	29
22	22814	29
22	22815	31
22	22816	31
22	22817	31
22	22818	30
22	22819	30
22	22820	30
22	22821	30
22	22822	31
22	22823	32
22	22824	33
22	22825	34
22	22826	34
22	22827	33
22	22828	32
22	22829	31
22	22830	31
22	22831	31
22	22832	30
22	22833	30
22	22834	29
22	22835	29
22	22836	29
22	22837	29
22	22838	28
22	22839	30
22	22840	29
22	22841	30
22	22842	30
22	22843	30
22	22844	31
22	22845	30
22	22846	30
22	22847	30
22	22848	30
22	22849	30
22	22850	29
22	22851	29
22	22852	28
22	22853	28
22	22854	28
22	22855	27
22	22856	27
22	22857	27
22	22858	27
22	22859	26
22	22860	26
22	22861	26
22	22862	26
22	22863	26
22	22864	25
22	22865	25
22	22866	25
22	22867	25
22	22868	25
22	22869	25
22	22870	25
22	22871	24
22	22872	24
22	22873	24
22	22874	24
22	22875	23
22	22876	23
22	22877	23
22	22878	23
22	22879	23
22	22880	23
22	22881	23
22	22882	22
22	22883	23
22	22884	23
22	22885	23
22	22886	22
22	22887	22
22	22888	22
22	22889	21
22	22890	22
22	22891	22
22	22892	22
22	22893	21
22	22894	22
22	22895	22
22	22896	21
22	22897	21
22	22898	22
22	22899	21
22	22900	20
22	22901	20
22	22902	20
22	22903	20
22	22904	20
22	22905	20
22	22906	20
22	22907	20
22	22908	21
22	22909	21
22	22910	21
22	22911	21
22	22912	20
22	22913	20
22	22914	20
22	22915	21
22	22916	22
22	22917	22
22	22918	20
22	22919	21
22	22920	22
22	22921	22
22	22922	22
22	22923	21
22	22924	21
22	22925	21
22	22926	21
22	22927	21
22	22928	21
22	22929	22
22	22930	23
22	22931	23
22	22932	23
22	22933	23
22	22934	23
22	22935	23
22	22936	25
22	22937	25
22	22938	26
22	22939	26
22	22940	27
22	22941	27
22	22942	28
22	22943	28
22	22944	30
22	22945	30
22	22946	29
22	22947	29
22	22948	30
22	22949	29
22	22950	29
22	22951	29
22	22952	29
22	22953	29
22	22954	29
22	22955	29
22	22956	28
22	22957	27
22	22958	27
22	22959	27
22	22960	27
22	22961	27
22	22962	28
22	22963	28
22	22964	29
22	22965	29
22	22966	29
22	22967	28
22	22968	28
22	22969	28
22	22970	28
22	22971	28
22	22972	29
22	22973	29
22	22974	30
22	22975	31
22	22976	30
22	22977	30
22	22978	30
22	22979	29
22	22980	28
22	22981	28
22	22982	28
22	22983	28
22	22984	26
22	22985	26
22	22986	27
22	22987	27
22	22988	26
22	22989	26
22	22990	26
22	22991	25
22	22992	24
22	22993	24
22	22994	26
22	22995	26
22	22996	26
22	22997	26
22	22998	26
22	22999	26
22	23000	25
22	23001	25
22	23002	26
22	23003	27
22	23004	27
22	23005	27
22	23006	27
22	23007	27
22	23008	27
22	23009	27
22	23010	28
22	23011	28
22	23012	28
22	23013	28
22	23014	29
22	23015	29
22	23016	28
22	23017	28
22	23018	28
22	23019	28
22	23020	28
22	23021	28
22	23022	25
22	23023	25
22	23024	24
22	23025	24
22	23026	24
22	23027	24
22	23028	23
22	23029	23
22	23030	22
22	23031	23
22	23032	23
22	23033	24
22	23034	24
22	23035	25
22	23036	25
22	23037	25
22	23038	25
22	23039	26
22	23040	26
22	23041	26
22	23042	26
22	23043	25
22	23044	25
22	23045	24
22	23046	24
22	23047	24
22	23048	24
22	23049	24
22	23050	24
22	23051	24
22	23052	24
22	23053	25
22	23054	25
22	23055	24
22	23056	24
22	23057	24
22	23058	24
22	23059	25
22	23060	25
22	23061	25
22	23062	25
22	23063	26
22	23064	26
22	23065	25
22	23066	25
22	23067	24
22	23068	24
22	23069	24
22	23070	24
22	23071	24
22	23072	24
22	23073	24
22	23074	23
22	23075	23
22	23076	23
22	23077	23
22	23078	23
22	23079	23
22	23080	23
22	23081	23
22	23082	22
22	23083	22
22	23084	22
22	23085	22
22	23086	20
22	23087	21
22	23088	20
22	23089	21
22	23090	21
22	23091	22
22	23092	22
22	23093	23
22	23094	23
22	23095	23
22	23096	22
22	23097	22
22	23098	22
22	23099	22
22	23100	23
22	23101	22
22	23102	22
22	23103	20
22	23104	20
22	23105	20
22	23106	20
22	23107	21
22	23108	21
22	23109	23
22	23110	23
22	23111	23
22	23112	23
22	23113	25
22	23114	25
22	23115	25
22	23116	26
22	23117	26
22	23118	26
22	23119	26
22	23120	26
22	23121	26
22	23122	27
22	23123	27
22	23124	27
22	23125	28
22	23126	28
22	23127	28
22	23128	28
22	23129	28
22	23130	28
22	23131	28
22	23132	29
22	23133	28
22	23134	28
22	23135	28
22	23136	28
22	23137	28
22	23138	28
22	23139	28
22	23140	28
22	23141	27
22	23142	27
22	23143	27
22	23144	27
22	23145	26
22	23146	27
22	23147	27
22	23148	27
22	23149	27
22	23150	27
22	23151	27
22	23152	28
22	23153	28
22	23154	28
22	23155	28
22	23156	28
22	23157	28
22	23158	28
22	23159	28
22	23160	29
22	23161	29
22	23162	30
22	23163	31
22	23164	31
22	23165	32
22	23166	31
22	23167	32
22	23168	32
22	23169	31
22	23170	31
22	23171	31
22	23172	30
22	23173	30
22	23174	31
22	23175	31
22	23176	32
22	23177	32
22	23178	33
22	23179	33
22	23180	33
22	23181	34
22	23182	34
22	23183	32
22	23184	32
22	23185	32
22	23186	33
22	23187	31
22	23188	31
22	23189	31
22	23190	31
22	23191	31
22	23192	31
22	23193	31
22	23194	30
22	23195	29
22	23196	29
22	23197	28
22	23198	28
22	23199	28
22	23200	28
22	23201	28
22	23202	28
22	23203	28
22	23204	28
22	23205	27
22	23206	28
22	23207	27
22	23208	27
22	23209	28
22	23210	28
22	23211	28
22	23212	28
22	23213	28
22	23214	28
22	23215	29
22	23216	29
22	23217	28
22	23218	28
22	23219	27
22	23220	27
22	23221	27
22	23222	27
22	23223	27
22	23224	26
22	23225	26
22	23226	25
22	23227	24
22	23228	23
22	23229	23
22	23230	23
22	23231	23
22	23232	23
22	23233	24
22	23234	23
22	23235	24
22	23236	24
22	23237	25
22	23238	24
22	23239	24
22	23240	25
22	23241	26
22	23242	25
22	23243	26
22	23244	25
22	23245	25
22	23246	25
22	23247	24
22	23248	24
22	23249	25
22	23250	25
22	23251	24
22	23252	24
22	23253	25
22	23254	25
22	23255	25
22	23256	26
22	23257	27
22	23258	27
22	23259	28
22	23260	28
22	23261	28
22	23262	29
22	23263	31
22	23264	31
22	23265	31
22	23266	31
22	23267	31
22	23268	30
22	23269	30
22	23270	30
22	23271	30
22	23272	30
22	23273	28
22	23274	28
22	23275	28
22	23276	28
22	23277	28
22	23278	28
22	23279	29
22	23280	30
22	23281	30
22	23282	31
22	23283	32
22	23284	32
22	23285	33
22	23286	33
22	23287	33
22	23288	33
22	23289	33
22	23290	33
22	23291	32
22	23292	30
22	23293	30
22	23294	28
22	23295	28
22	23296	28
22	23297	29
22	23298	30
22	23299	30
22	23300	32
22	23301	32
22	23302	34
22	23303	34
22	23304	34
22	23305	34
22	23306	34
22	23307	34
22	23308	34
22	23309	34
22	23310	33
22	23311	32
22	23312	31
22	23313	31
22	23314	31
22	23315	30
22	23316	30
22	23317	31
22	23318	31
22	23319	31
22	23320	31
22	23321	31
22	23322	31
22	23323	31
22	23324	30
22	23325	30
22	23326	29
22	23327	29
22	23328	31
22	23329	31
22	23330	30
22	23331	31
22	23332	31
22	23333	31
22	23334	31
22	23335	31
22	23336	31
22	23337	30
22	23338	30
22	23339	31
22	23340	30
22	23341	31
22	23342	32
22	23343	32
22	23344	31
22	23345	31
22	23346	31
22	23347	32
22	23348	31
22	23349	32
22	23350	31
22	23351	33
22	23352	33
22	23353	33
22	23354	33
22	23355	33
22	23356	33
22	23357	33
22	23358	33
22	23359	33
22	23360	33
22	23361	33
22	23362	32
22	23363	32
22	23364	30
22	23365	29
22	23366	29
22	23367	29
22	23368	29
22	23369	28
22	23370	30
22	23371	30
22	23372	30
22	23373	30
22	23374	31
22	23375	31
22	23376	31
22	23377	31
22	23378	32
22	23379	32
22	23380	33
22	23381	34
22	23382	33
22	23383	32
22	23384	33
22	23385	32
22	23386	32
22	23387	33
22	23388	33
22	23389	33
22	23390	33
22	23391	34
22	23392	33
22	23393	33
22	23394	34
22	23395	34
22	23396	33
22	23397	33
22	23398	33
22	23399	33
22	23400	34
22	23401	32
22	23402	32
22	23403	32
22	23404	32
22	23405	32
22	23406	32
22	23407	32
22	23408	32
22	23409	32
22	23410	31
22	23411	31
22	23412	30
22	23413	30
22	23414	30
22	23415	31
22	23416	32
22	23417	33
22	23418	33
22	23419	32
22	23420	32
22	23421	32
22	23422	32
22	23423	31
22	23424	31
22	23425	31
22	23426	31
22	23427	31
22	23428	30
22	23429	30
22	23430	31
22	23431	32
22	23432	32
22	23433	32
22	23434	32
22	23435	33
22	23436	32
22	23437	32
22	23438	32
22	23439	32
22	23440	32
22	23441	31
22	23442	30
22	23443	30
22	23444	30
22	23445	30
22	23446	29
22	23447	29
22	23448	29
22	23449	28
22	23450	28
22	23451	27
22	23452	27
22	23453	27
22	23454	28
22	23455	28
22	23456	28
22	23457	28
22	23458	28
22	23459	27
22	23460	28
22	23461	27
22	23462	27
22	23463	27
22	23464	26
22	23465	26
22	23466	25
22	23467	26
22	23468	25
22	23469	25
22	23470	25
22	23471	26
22	23472	26
22	23473	26
22	23474	24
22	23475	24
22	23476	25
22	23477	25
22	23478	26
22	23479	26
22	23480	26
22	23481	24
22	23482	25
22	23483	25
22	23484	24
22	23485	25
22	23486	25
22	23487	26
22	23488	26
22	23489	26
22	23490	26
22	23491	26
22	23492	25
22	23493	25
22	23494	25
22	23495	25
22	23496	27
22	23497	27
22	23498	26
22	23499	26
22	23500	26
22	23501	26
22	23502	27
22	23503	27
22	23504	27
22	23505	28
22	23506	28
22	23507	29
22	23508	29
22	23509	29
22	23510	28
22	23511	26
22	23512	26
22	23513	26
22	23514	26
22	23515	26
22	23516	25
22	23517	25
22	23518	25
22	23519	26
22	23520	27
22	23521	27
22	23522	27
22	23523	26
22	23524	26
22	23525	26
22	23526	27
22	23527	27
22	23528	27
22	23529	27
22	23530	26
22	23531	23
22	23532	23
22	23533	23
22	23534	23
22	23535	23
22	23536	24
22	23537	23
22	23538	23
22	23539	24
22	23540	24
22	23541	24
22	23542	23
22	23543	25
22	23544	25
22	23545	25
22	23546	24
22	23547	25
22	23548	25
22	23549	25
22	23550	24
22	23551	24
22	23552	25
22	23553	25
22	23554	23
22	23555	22
22	23556	23
22	23557	23
22	23558	23
22	23559	23
22	23560	22
22	23561	23
22	23562	23
22	23563	23
22	23564	23
22	23565	22
22	23566	22
22	23567	23
22	23568	23
22	23569	22
22	23570	21
22	23571	21
22	23572	22
22	23573	22
22	23574	22
22	23575	22
22	23576	23
22	23577	24
22	23578	24
22	23579	24
22	23580	23
22	23581	23
22	23582	23
22	23583	22
22	23584	23
22	23585	23
22	23586	23
22	23587	24
22	23588	24
22	23589	23
22	23590	24
22	23591	24
22	23592	24
22	23593	25
22	23594	25
22	23595	26
22	23596	26
22	23597	26
22	23598	27
22	23599	26
22	23600	27
22	23601	27
22	23602	28
22	23603	27
22	23604	28
22	23605	28
22	23606	28
22	23607	28
22	23608	27
22	23609	27
22	23610	27
22	23611	28
22	23612	28
22	23613	29
22	23614	28
22	23615	29
22	23616	29
22	23617	30
22	23618	30
22	23619	30
22	23620	31
22	23621	32
22	23622	32
22	23623	31
22	23624	31
22	23625	30
22	23626	30
22	23627	32
22	23628	33
22	23629	33
22	23630	32
22	23631	31
22	23632	29
22	23633	31
22	23634	31
22	23635	31
22	23636	31
22	23637	31
22	23638	30
22	23639	30
22	23640	30
22	23641	30
22	23642	30
22	23643	31
22	23644	31
22	23645	31
22	23646	31
22	23647	29
22	23648	29
22	23649	29
22	23650	29
22	23651	28
22	23652	28
22	23653	28
22	23654	28
22	23655	28
22	23656	27
22	23657	27
22	23658	26
22	23659	26
22	23660	25
22	23661	25
22	23662	25
22	23663	26
22	23664	26
22	23665	26
22	23666	26
22	23667	26
22	23668	26
22	23669	26
22	23670	27
22	23671	27
22	23672	25
22	23673	24
22	23674	24
22	23675	23
22	23676	23
22	23677	23
22	23678	23
22	23679	22
22	23680	23
22	23681	23
22	23682	22
22	23683	23
22	23684	23
22	23685	23
22	23686	23
22	23687	23
22	23688	23
22	23689	24
22	23690	24
22	23691	25
22	23692	25
22	23693	25
22	23694	24
22	23695	24
22	23696	23
22	23697	23
22	23698	23
22	23699	23
22	23700	23
22	23701	24
22	23702	25
22	23703	25
22	23704	26
22	23705	26
22	23706	26
22	23707	26
22	23708	25
22	23709	25
22	23710	25
22	23711	24
22	23712	25
22	23713	26
22	23714	26
22	23715	27
22	23716	27
22	23717	28
22	23718	28
22	23719	28
22	23720	28
22	23721	27
22	23722	27
22	23723	27
22	23724	27
22	23725	26
22	23726	26
22	23727	26
22	23728	25
22	23729	25
22	23730	24
22	23731	25
22	23732	25
22	23733	23
22	23734	22
22	23735	22
22	23736	22
22	23737	22
22	23738	23
22	23739	23
22	23740	23
22	23741	24
22	23742	25
22	23743	25
22	23744	25
22	23745	25
22	23746	24
22	23747	24
22	23748	24
22	23749	24
22	23750	25
22	23751	26
22	23752	27
22	23753	26
22	23754	25
22	23755	24
22	23756	25
22	23757	24
22	23758	24
22	23759	24
22	23760	24
22	23761	25
22	23762	24
22	23763	25
22	23764	24
22	23765	24
22	23766	24
22	23767	24
22	23768	22
22	23769	22
22	23770	23
22	23771	23
22	23772	23
22	23773	23
22	23774	23
22	23775	23
22	23776	23
22	23777	23
22	23778	23
22	23779	23
22	23780	23
22	23781	20
22	23782	20
22	23783	20
22	23784	20
22	23785	19
22	23786	18
22	23787	18
22	23788	18
22	23789	18
22	23790	18
22	23791	18
22	23792	18
22	23793	18
22	23794	19
22	23795	19
22	23796	19
22	23797	20
22	23798	20
22	23799	20
22	23800	19
22	23801	20
22	23802	20
22	23803	20
22	23804	20
22	23805	20
22	23806	20
22	23807	20
22	23808	20
22	23809	20
22	23810	20
22	23811	20
22	23812	20
22	23813	20
22	23814	19
22	23815	20
22	23816	21
22	23817	22
22	23818	22
22	23819	22
22	23820	22
22	23821	22
22	23822	22
22	23823	22
22	23824	22
22	23825	22
22	23826	23
22	23827	24
22	23828	23
22	23829	23
22	23830	23
22	23831	22
22	23832	22
22	23833	22
22	23834	22
22	23835	21
22	23836	21
22	23837	21
22	23838	21
22	23839	19
22	23840	18
22	23841	18
22	23842	19
22	23843	19
22	23844	19
22	23845	19
22	23846	19
22	23847	19
22	23848	19
22	23849	20
22	23850	20
22	23851	21
22	23852	21
22	23853	21
22	23854	21
22	23855	21
22	23856	21
22	23857	21
22	23858	21
22	23859	21
22	23860	22
22	23861	22
22	23862	22
22	23863	22
22	23864	21
22	23865	22
22	23866	23
22	23867	23
22	23868	25
22	23869	24
22	23870	23
22	23871	23
22	23872	23
22	23873	23
22	23874	23
22	23875	23
22	23876	23
22	23877	23
22	23878	24
22	23879	24
22	23880	24
22	23881	25
22	23882	25
22	23883	25
22	23884	25
22	23885	24
22	23886	25
22	23887	25
22	23888	25
22	23889	24
22	23890	24
22	23891	24
22	23892	24
22	23893	24
22	23894	24
22	23895	23
22	23896	22
22	23897	22
22	23898	22
22	23899	22
22	23900	23
22	23901	22
22	23902	22
22	23903	22
22	23904	22
22	23905	22
22	23906	21
22	23907	21
22	23908	21
22	23909	19
22	23910	19
22	23911	19
22	23912	19
22	23913	19
22	23914	19
22	23915	20
22	23916	19
22	23917	18
22	23918	18
22	23919	18
22	23920	18
22	23921	19
22	23922	19
22	23923	19
22	23924	19
22	23925	20
22	23926	19
22	23927	19
22	23928	20
22	23929	20
22	23930	20
22	23931	21
22	23932	20
22	23933	21
22	23934	21
22	23935	21
22	23936	21
22	23937	21
22	23938	21
22	23939	21
22	23940	21
22	23941	20
22	23942	20
22	23943	19
22	23944	19
22	23945	17
22	23946	17
22	23947	17
22	23948	17
22	23949	17
22	23950	18
22	23951	18
22	23952	19
22	23953	19
22	23954	19
22	23955	18
22	23956	18
22	23957	18
22	23958	18
22	23959	19
22	23960	20
22	23961	21
22	23962	21
22	23963	22
22	23964	22
22	23965	23
22	23966	24
22	23967	24
22	23968	25
22	23969	25
22	23970	25
22	23971	25
22	23972	25
22	23973	25
22	23974	25
22	23975	25
22	23976	25
22	23977	25
22	23978	25
22	23979	25
22	23980	25
22	23981	25
22	23982	26
22	23983	25
22	23984	24
22	23985	24
22	23986	23
22	23987	23
22	23988	23
22	23989	23
22	23990	24
22	23991	24
22	23992	24
22	23993	24
22	23994	23
22	23995	23
22	23996	23
22	23997	23
22	23998	24
22	23999	25
22	24000	26
22	24001	26
22	24002	25
22	24003	25
22	24004	26
22	24005	26
22	24006	27
22	24007	26
22	24008	25
22	24009	25
22	24010	25
22	24011	23
22	24012	23
22	24013	24
22	24014	23
22	24015	23
22	24016	23
22	24017	22
22	24018	23
22	24019	23
22	24020	22
22	24021	22
22	24022	22
22	24023	22
22	24024	23
22	24025	22
22	24026	21
22	24027	20
22	24028	20
22	24029	20
22	24030	20
22	24031	21
22	24032	21
22	24033	21
22	24034	22
22	24035	23
22	24036	24
22	24037	23
22	24038	23
22	24039	24
22	24040	25
22	24041	25
22	24042	26
22	24043	26
22	24044	26
22	24045	26
22	24046	27
22	24047	27
22	24048	27
22	24049	28
22	24050	27
22	24051	27
22	24052	27
22	24053	27
22	24054	27
22	24055	26
22	24056	26
22	24057	26
22	24058	28
22	24059	29
22	24060	29
22	24061	30
22	24062	30
22	24063	30
22	24064	30
22	24065	30
22	24066	32
22	24067	32
22	24068	32
22	24069	33
22	24070	33
22	24071	32
22	24072	32
22	24073	32
22	24074	32
22	24075	31
22	24076	31
22	24077	31
22	24078	30
22	24079	30
22	24080	30
22	24081	30
22	24082	30
22	24083	30
22	24084	28
22	24085	29
22	24086	29
22	24087	28
22	24088	28
22	24089	28
22	24090	28
22	24091	29
22	24092	30
22	24093	30
22	24094	30
22	24095	28
22	24096	28
22	24097	28
22	24098	28
22	24099	28
22	24100	28
22	24101	27
22	24102	27
22	24103	27
22	24104	27
22	24105	27
22	24106	28
22	24107	28
22	24108	28
22	24109	27
22	24110	26
22	24111	26
22	24112	27
22	24113	26
22	24114	26
22	24115	26
22	24116	26
22	24117	26
22	24118	26
22	24119	26
22	24120	26
22	24121	26
22	24122	26
22	24123	26
22	24124	28
22	24125	28
22	24126	28
22	24127	28
22	24128	28
22	24129	29
22	24130	30
22	24131	29
22	24132	30
22	24133	31
22	24134	32
22	24135	32
22	24136	31
22	24137	30
22	24138	31
22	24139	30
22	24140	31
22	24141	30
22	24142	31
22	24143	30
22	24144	29
22	24145	29
22	24146	29
22	24147	29
22	24148	29
22	24149	29
22	24150	27
22	24151	27
22	24152	27
22	24153	27
22	24154	28
22	24155	28
22	24156	28
22	24157	27
22	24158	27
22	24159	27
22	24160	25
22	24161	26
22	24162	26
22	24163	26
22	24164	27
22	24165	27
22	24166	28
22	24167	28
22	24168	30
22	24169	29
22	24170	30
22	24171	30
22	24172	30
22	24173	30
22	24174	31
22	24175	31
22	24176	30
22	24177	29
22	24178	29
22	24179	29
22	24180	29
22	24181	29
22	24182	29
22	24183	29
22	24184	29
22	24185	29
22	24186	28
22	24187	30
22	24188	30
22	24189	28
22	24190	28
22	24191	27
22	24192	27
22	24193	27
22	24194	27
22	24195	26
22	24196	27
22	24197	27
22	24198	26
22	24199	26
22	24200	25
22	24201	24
22	24202	23
22	24203	22
22	24204	21
22	24205	21
22	24206	21
22	24207	21
22	24208	21
22	24209	21
22	24210	20
22	24211	20
22	24212	20
22	24213	19
22	24214	19
22	24215	19
22	24216	19
22	24217	19
22	24218	19
22	24219	19
22	24220	18
22	24221	18
22	24222	18
22	24223	17
22	24224	16
22	24225	16
22	24226	17
22	24227	16
22	24228	16
22	24229	16
22	24230	16
22	24231	15
22	24232	15
22	24233	16
22	24234	14
22	24235	14
22	24236	14
22	24237	14
22	24238	13
22	24239	13
22	24240	13
22	24241	13
22	24242	13
22	24243	13
22	24244	13
22	24245	12
22	24246	12
22	24247	12
22	24248	12
22	24249	12
22	24250	12
22	24251	12
22	24252	11
22	24253	12
22	24254	12
22	24255	12
22	24256	12
22	24257	12
22	24258	12
22	24259	12
22	24260	12
22	24261	11
22	24262	11
22	24263	12
22	24264	12
22	24265	12
22	24266	12
22	24267	11
22	24268	11
22	24269	12
22	24270	12
22	24271	12
22	24272	12
22	24273	12
22	24274	12
22	24275	12
22	24276	14
22	24277	14
22	24278	14
22	24279	14
22	24280	14
22	24281	14
22	24282	13
22	24283	12
22	24284	11
22	24285	11
22	24286	11
22	24287	12
22	24288	12
22	24289	13
22	24290	13
22	24291	13
22	24292	13
22	24293	13
22	24294	12
22	24295	12
22	24296	11
22	24297	11
22	24298	11
22	24299	12
22	24300	12
22	24301	13
22	24302	13
22	24303	13
22	24304	14
22	24305	14
22	24306	14
22	24307	14
22	24308	14
22	24309	14
22	24310	14
22	24311	13
22	24312	14
22	24313	14
22	24314	14
22	24315	14
22	24316	14
22	24317	14
22	24318	14
22	24319	14
22	24320	14
22	24321	13
22	24322	13
22	24323	13
22	24324	13
22	24325	13
22	24326	13
22	24327	14
22	24328	14
22	24329	14
22	24330	14
22	24331	14
22	24332	15
22	24333	15
22	24334	14
22	24335	13
22	24336	14
22	24337	13
22	24338	13
22	24339	13
22	24340	13
22	24341	13
22	24342	11
22	24343	11
22	24344	11
22	24345	10
22	24346	11
22	24347	11
22	24348	10
22	24349	10
22	24350	9
22	24351	8
22	24352	7
22	24353	6
22	24354	6
22	24355	6
22	24356	6
22	24357	5
22	24358	4
22	24359	4
22	24360	4
22	24361	4
22	24362	4
22	24363	4
22	24364	4
22	24365	3
22	24366	3
22	24367	3
22	24368	2
22	24369	2
22	24370	2
22	24371	2
22	24372	1
22	24373	1
22	24374	1
22	24375	1
22	24376	1
22	24377	1
22	24378	1
22	24422	2
22	24423	3
22	24424	4
22	24425	4
22	24426	4
22	24427	6
22	24428	6
22	24429	6
22	24430	6
22	24431	6
22	24432	6
22	24433	6
22	24434	6
22	24435	6
22	24436	6
22	24437	8
22	24438	9
22	24439	9
22	24440	9
22	24441	9
22	24442	10
22	24443	10
22	24444	10
22	24445	10
22	24446	10
22	24447	10
22	24448	10
22	24449	10
22	24450	10
22	24451	10
22	24452	10
22	24453	10
22	24454	10
22	24455	10
22	24456	10
22	24457	9
22	24458	10
22	24459	9
22	24460	9
22	24461	10
22	24462	11
22	24463	11
22	24464	10
22	24465	10
22	24466	11
22	24467	11
22	24468	12
22	24469	12
22	24470	12
22	24471	12
22	24472	12
22	24473	13
22	24474	14
22	24475	15
22	24476	15
22	24477	15
22	24478	15
22	24479	15
22	24480	17
22	24481	18
22	24482	19
22	24483	20
22	24484	21
22	24485	21
22	24486	21
22	24487	21
22	24488	22
22	24489	22
22	24490	20
22	24491	20
22	24492	19
22	24493	20
22	24494	20
22	24495	20
22	24496	21
22	24497	21
22	24498	21
22	24499	21
22	24500	21
22	24501	21
22	24502	21
22	24503	22
22	24504	22
22	24505	22
22	24506	22
22	24507	23
22	24508	22
22	24509	22
22	24510	22
22	24511	23
22	24512	26
22	24513	27
22	24514	27
22	24515	28
22	24516	28
22	24517	27
22	24518	27
22	24519	29
22	24520	29
22	24521	29
22	24522	29
22	24523	29
22	24524	29
22	24525	29
22	24526	29
22	24527	29
22	24528	29
22	24529	29
22	24530	28
22	24531	29
22	24532	29
22	24533	29
22	24534	29
22	24535	30
22	24536	27
22	24537	27
22	24538	27
22	24539	27
22	24540	27
22	24541	28
22	24542	27
22	24543	27
22	24544	27
22	24545	27
22	24546	27
22	24547	27
22	24548	27
22	24549	26
22	24550	26
22	24551	26
22	24552	27
22	24553	29
22	24554	29
22	24555	29
22	24556	29
22	24557	29
22	24558	29
22	24559	29
22	24560	30
22	24561	30
22	24562	31
22	24563	31
22	24564	32
22	24565	32
22	24566	32
22	24567	32
22	24568	33
22	24569	32
22	24570	31
22	24571	31
22	24572	32
22	24573	31
22	24574	32
22	24575	32
22	24576	33
22	24577	34
22	24578	33
22	24579	32
22	24580	33
22	24581	33
22	24582	33
22	24583	32
22	24584	32
22	24585	31
22	24586	31
22	24587	31
22	24588	30
22	24589	30
22	24590	31
22	24591	30
22	24592	30
22	24593	31
22	24594	32
22	24595	32
22	24596	31
22	24597	31
22	24598	31
22	24599	32
22	24600	33
22	24601	34
22	24602	35
22	24603	35
22	24604	36
22	24605	36
22	24606	36
22	24607	34
22	24608	34
22	24609	34
22	24610	34
22	24611	33
22	24612	33
22	24613	33
22	24614	32
22	24615	32
22	24616	30
22	24617	29
22	24618	28
22	24619	26
22	24620	26
22	24621	25
22	24622	25
22	24623	25
22	24624	25
22	24625	26
22	24626	26
22	24627	26
22	24628	26
22	24629	25
22	24630	25
22	24631	25
22	24632	26
22	24633	27
22	24634	28
22	24635	27
22	24636	27
22	24637	27
22	24638	26
22	24639	27
22	24640	27
22	24641	27
22	24642	27
22	24643	25
22	24644	24
22	24645	23
22	24646	23
22	24647	22
22	24648	22
22	24649	22
22	24650	21
22	24651	20
22	24652	19
22	24653	19
22	24654	19
22	24655	19
22	24656	19
22	24657	19
22	24658	19
22	24659	20
22	24660	20
22	24661	21
22	24662	22
22	24663	22
22	24664	21
22	24665	21
22	24666	19
22	24667	18
22	24668	18
22	24669	20
22	24670	20
22	24671	20
22	24672	20
22	24673	20
22	24674	20
22	24675	20
22	24676	20
22	24677	20
22	24678	20
22	24679	19
22	24680	19
22	24681	19
22	24682	20
22	24683	19
22	24684	19
22	24685	20
22	24686	20
22	24687	19
22	24688	20
22	24689	20
22	24690	19
22	24691	18
22	24692	18
22	24693	18
22	24694	17
22	24695	17
22	24696	17
22	24697	16
22	24698	17
22	24699	18
22	24700	19
22	24701	19
22	24702	19
22	24703	19
22	24704	19
22	24705	19
22	24706	20
22	24707	21
22	24708	22
22	24709	22
22	24710	22
22	24711	21
22	24712	21
22	24713	20
22	24714	20
22	24715	19
22	24716	20
22	24717	20
22	24718	20
22	24719	20
22	24720	19
22	24721	19
22	24722	19
22	24723	20
22	24724	19
22	24725	19
22	24726	20
22	24727	19
22	24728	20
22	24729	20
22	24730	19
22	24731	19
22	24732	18
22	24733	18
22	24734	19
22	24735	18
22	24736	17
22	24737	17
22	24738	15
22	24739	15
22	24740	15
22	24741	14
22	24742	14
22	24743	14
22	24744	14
22	24745	14
22	24746	14
22	24747	15
22	24748	15
22	24749	15
22	24750	15
22	24751	15
22	24752	16
22	24753	16
22	24754	14
22	24755	14
22	24756	13
22	24757	13
22	24758	14
22	24759	14
22	24760	14
22	24761	14
22	24762	14
22	24763	16
22	24764	15
22	24765	16
22	24766	17
22	24767	17
22	24768	17
22	24769	17
22	24770	18
22	24771	19
22	24772	19
22	24773	19
22	24774	19
22	24775	19
22	24776	18
22	24777	18
22	24778	18
22	24779	18
22	24780	19
22	24781	21
22	24782	21
22	24783	20
22	24784	20
22	24785	20
22	24786	20
22	24787	20
22	24788	20
22	24789	20
22	24790	20
22	24791	20
22	24792	20
22	24793	21
22	24794	21
22	24795	21
22	24796	21
22	24797	21
22	24798	21
22	24799	21
22	24800	20
22	24801	20
22	24802	20
22	24803	20
22	24804	20
22	24805	20
22	24806	20
22	24807	21
22	24808	20
22	24809	19
22	24810	19
22	24811	19
22	24812	19
22	24813	18
22	24814	19
22	24815	19
22	24816	20
22	24817	20
22	24818	20
22	24819	20
22	24820	20
22	24821	20
22	24822	20
22	24823	21
22	24824	19
22	24825	19
22	24826	19
22	24827	19
22	24828	18
22	24829	19
22	24830	19
22	24831	19
22	24832	20
22	24833	22
22	24834	22
22	24835	21
22	24836	22
22	24837	22
22	24838	22
22	24839	22
22	24840	22
22	24841	21
22	24842	21
22	24843	21
22	24844	20
22	24845	20
22	24846	20
22	24847	21
22	24848	21
22	24849	21
22	24850	21
22	24851	21
22	24852	22
22	24853	21
22	24854	21
22	24855	20
22	24856	20
22	24857	19
22	24858	19
22	24859	18
22	24860	18
22	24861	18
22	24862	17
22	24863	17
22	24864	17
22	24865	18
22	24866	19
22	24867	20
22	24868	21
22	24869	20
22	24870	20
22	24871	19
22	24872	18
22	24873	18
22	24874	18
22	24875	19
22	24876	19
22	24877	19
22	24878	19
22	24879	19
22	24880	20
22	24881	20
22	24882	20
22	24883	21
22	24884	21
22	24885	21
22	24886	21
22	24887	21
22	24888	20
22	24889	20
22	24890	20
22	24891	20
22	24892	20
22	24893	20
22	24894	19
22	24895	19
22	24896	18
22	24897	19
22	24898	19
22	24899	20
22	24900	21
22	24901	21
22	24902	21
22	24903	22
22	24904	22
22	24905	22
22	24906	22
22	24907	24
22	24908	24
22	24909	25
22	24910	25
22	24911	25
22	24912	25
22	24913	25
22	24914	25
22	24915	27
22	24916	27
22	24917	27
22	24918	27
22	24919	25
22	24920	27
22	24921	27
22	24922	27
22	24923	25
22	24924	26
22	24925	27
22	24926	28
22	24927	28
22	24928	27
22	24929	27
22	24930	27
22	24931	27
22	24932	27
22	24933	26
22	24934	27
22	24935	28
22	24936	28
22	24937	29
22	24938	27
22	24939	28
22	24940	28
22	24941	28
22	24942	28
22	24943	28
22	24944	28
22	24945	28
22	24946	28
22	24947	27
22	24948	27
22	24949	27
22	24950	27
22	24951	27
22	24952	27
22	24953	27
22	24954	27
22	24955	27
22	24956	28
22	24957	27
22	24958	26
22	24959	26
22	24960	25
22	24961	26
22	24962	26
22	24963	26
22	24964	26
22	24965	25
22	24966	25
22	24967	25
22	24968	25
22	24969	26
22	24970	26
22	24971	26
22	24972	29
22	24973	29
22	24974	29
22	24975	29
22	24976	29
22	24977	28
22	24978	28
22	24979	28
22	24980	28
22	24981	27
22	24982	27
22	24983	27
22	24984	26
22	24985	26
22	24986	26
22	24987	27
22	24988	26
22	24989	25
22	24990	26
22	24991	26
22	24992	26
22	24993	24
22	24994	23
22	24995	22
22	24996	22
22	24997	23
22	24998	23
22	24999	23
22	25000	23
22	25001	23
22	25002	23
22	25003	23
22	25004	22
22	25005	23
22	25006	23
22	25007	23
22	25008	24
22	25009	23
22	25010	23
22	25011	23
22	25012	23
22	25013	23
22	25014	23
22	25015	24
22	25016	25
22	25017	24
22	25018	24
22	25019	24
22	25020	24
22	25021	25
22	25022	25
22	25023	25
22	25024	25
22	25025	24
22	25026	24
22	25027	24
22	25028	24
22	25029	24
22	25030	24
22	25031	24
22	25032	25
22	25033	25
22	25034	26
22	25035	24
22	25036	25
22	25037	24
22	25038	25
22	25039	25
22	25040	24
22	25041	24
22	25042	23
22	25043	23
22	25044	24
22	25045	23
22	25046	23
22	25047	23
22	25048	23
22	25049	23
22	25050	23
22	25051	23
22	25052	23
22	25053	23
22	25054	24
22	25055	24
22	25056	23
22	25057	23
22	25058	22
22	25059	22
22	25060	22
22	25061	23
22	25062	23
22	25063	22
22	25064	20
22	25065	20
22	25066	20
22	25067	20
22	25068	20
22	25069	20
22	25070	20
22	25071	20
22	25072	20
22	25073	20
22	25074	19
22	25075	19
22	25076	19
22	25077	19
22	25078	18
22	25079	17
22	25080	16
22	25081	16
22	25082	15
22	25083	14
22	25084	14
22	25085	14
22	25086	14
22	25087	14
22	25088	13
22	25089	13
22	25090	13
22	25091	12
22	25092	12
22	25093	12
22	25094	11
22	25095	11
22	25096	11
22	25097	11
22	25098	11
22	25099	10
22	25100	9
22	25101	8
22	25102	7
22	25103	7
22	25104	4
22	25105	3
22	25106	3
22	25107	2
22	25108	2
22	25109	2
22	25110	2
22	25111	1
22	25114	1
22	25115	2
22	25116	2
22	25117	3
22	25118	4
22	25119	4
22	25120	4
22	25121	5
22	25122	5
22	25123	5
22	25124	5
22	25125	5
22	25126	5
22	25127	5
22	25128	5
22	25129	6
22	25130	7
22	25131	7
22	25132	7
22	25133	8
22	25134	8
22	25135	9
22	25136	11
22	25137	12
22	25138	12
22	25139	12
22	25140	12
22	25141	13
22	25142	14
22	25143	14
22	25144	14
22	25145	15
22	25146	15
22	25147	16
22	25148	17
22	25149	18
22	25150	18
22	25151	18
22	25152	18
22	25153	18
22	25154	18
22	25155	18
22	25156	19
22	25157	19
22	25158	19
22	25159	20
22	25160	20
22	25161	19
22	25162	19
22	25163	19
22	25164	19
22	25165	19
22	25166	20
22	25167	20
22	25168	20
22	25169	20
22	25170	20
22	25171	20
22	25172	20
22	25173	20
22	25174	20
22	25175	20
22	25176	20
22	25177	20
22	25178	20
22	25179	20
22	25180	21
22	25181	21
22	25182	21
22	25183	21
22	25184	22
22	25185	22
22	25186	22
22	25187	22
22	25188	21
22	25189	21
22	25190	20
22	25191	20
22	25192	20
22	25193	20
22	25194	21
22	25195	21
22	25196	21
22	25197	22
22	25198	23
22	25199	23
22	25200	21
22	25201	21
22	25202	21
22	25203	21
22	25204	20
22	25205	20
22	25206	21
22	25207	21
22	25208	21
22	25209	21
22	25210	20
22	25211	21
22	25212	21
22	25213	21
22	25214	21
22	25215	22
22	25216	22
22	25217	22
22	25218	22
22	25219	22
22	25220	22
22	25221	21
22	25222	21
22	25223	21
22	25224	21
22	25225	21
22	25226	21
22	25227	20
22	25228	20
22	25229	20
22	25230	20
22	25231	20
22	25232	20
22	25233	20
22	25234	19
22	25235	19
22	25236	19
22	25237	20
22	25238	21
22	25239	22
22	25240	22
22	25241	22
22	25242	21
22	25243	20
22	25244	20
22	25245	18
22	25246	18
22	25247	18
22	25248	19
22	25249	19
22	25250	19
22	25251	20
22	25252	20
22	25253	21
22	25254	20
22	25255	20
22	25256	20
22	25257	20
22	25258	21
22	25259	21
22	25260	21
22	25261	21
22	25262	21
22	25263	21
22	25264	21
22	25265	20
22	25266	18
22	25267	18
22	25268	17
22	25269	17
22	25270	17
22	25271	17
22	25272	17
22	25273	17
22	25274	17
22	25275	16
22	25276	16
22	25277	16
22	25278	16
22	25279	15
22	25280	14
22	25281	14
22	25282	14
22	25283	14
22	25284	14
22	25285	13
22	25286	13
22	25287	13
22	25288	12
22	25289	12
22	25290	12
22	25291	11
22	25292	11
22	25293	10
22	25294	10
22	25295	10
22	25296	10
22	25297	9
22	25298	9
22	25299	9
22	25300	8
22	25301	8
22	25302	7
22	25303	7
22	25304	7
22	25305	7
22	25306	5
22	25307	5
22	25308	5
22	25309	5
22	25310	5
22	25311	4
22	25312	4
22	25313	3
22	25314	3
22	25315	3
22	25316	3
22	25317	3
22	25318	3
22	25319	2
22	25320	2
22	25321	2
22	25322	2
22	25323	2
22	25324	2
22	25325	2
22	25326	2
22	25327	2
22	25328	3
22	25329	3
22	25330	3
22	25331	3
22	25332	2
22	25333	2
22	25334	2
22	25335	2
22	25336	2
22	25337	2
22	25338	3
22	25339	3
22	25340	2
22	25341	2
22	25342	3
22	25343	3
22	25344	3
22	25345	3
22	25346	3
22	25347	3
22	25348	3
22	25349	3
22	25350	3
22	25351	3
22	25352	3
22	25353	3
22	25354	3
22	25355	3
22	25356	3
22	25357	4
22	25358	4
22	25359	5
22	25360	5
22	25361	5
22	25362	6
22	25363	6
22	25364	6
22	25365	6
22	25366	6
22	25367	6
22	25368	6
22	25369	6
22	25370	7
22	25371	7
22	25372	7
22	25373	7
22	25374	7
22	25375	7
22	25376	8
22	25377	8
22	25378	8
22	25379	8
22	25380	7
22	25381	7
22	25382	8
22	25383	7
22	25384	7
22	25385	7
22	25386	7
22	25387	7
22	25388	8
22	25389	8
22	25390	8
22	25391	10
22	25392	11
22	25393	11
22	25394	11
22	25395	11
22	25396	11
22	25397	11
22	25398	11
22	25399	11
22	25400	12
22	25401	12
22	25402	12
22	25403	12
22	25404	13
22	25405	13
22	25406	13
22	25407	11
22	25408	12
22	25409	12
22	25410	13
22	25411	13
22	25412	15
22	25413	15
22	25414	15
22	25415	16
22	25416	16
22	25417	16
22	25418	16
22	25419	17
22	25420	17
22	25421	17
22	25422	17
22	25423	18
22	25424	18
22	25425	18
22	25426	18
22	25427	17
22	25428	17
22	25429	17
22	25430	16
22	25431	16
22	25432	17
22	25433	17
22	25434	17
22	25435	19
22	25436	19
22	25437	19
22	25438	19
22	25439	20
22	25440	20
22	25441	21
22	25442	21
22	25443	21
22	25444	20
22	25445	20
22	25446	20
22	25447	19
22	25448	19
22	25449	19
22	25450	19
22	25451	19
22	25452	19
22	25453	19
22	25454	18
22	25455	19
22	25456	18
22	25457	19
22	25458	20
22	25459	20
22	25460	20
22	25461	20
22	25462	21
22	25463	21
22	25464	20
22	25465	19
22	25466	19
22	25467	19
22	25468	19
22	25469	20
22	25470	20
22	25471	20
22	25472	20
22	25473	20
22	25474	20
22	25475	21
22	25476	22
22	25477	23
22	25478	23
22	25479	23
22	25480	23
22	25481	22
22	25482	22
22	25483	22
22	25484	22
22	25485	22
22	25486	22
22	25487	21
22	25488	21
22	25489	23
22	25490	23
22	25491	23
22	25492	24
22	25493	24
22	25494	24
22	25495	24
22	25496	24
22	25497	24
22	25498	24
22	25499	24
22	25500	24
22	25501	26
22	25502	26
22	25503	26
22	25504	26
22	25505	27
22	25506	27
22	25507	28
22	25508	29
22	25509	30
22	25510	30
22	25511	31
22	25512	31
22	25513	32
22	25514	32
22	25515	32
22	25516	33
22	25517	32
22	25518	32
22	25519	31
22	25520	31
22	25521	31
22	25522	31
22	25523	31
22	25524	31
22	25525	31
22	25526	31
22	25527	31
22	25528	31
22	25529	31
22	25530	31
22	25531	31
22	25532	31
22	25533	31
22	25534	31
22	25535	32
22	25536	32
22	25537	32
22	25538	32
22	25539	33
22	25540	33
22	25541	33
22	25542	33
22	25543	33
22	25544	33
22	25545	33
22	25546	34
22	25547	35
22	25548	37
22	25549	38
22	25550	37
22	25551	36
22	25552	35
22	25553	34
22	25554	34
22	25555	35
22	25556	34
22	25557	33
22	25558	34
22	25559	34
22	25560	35
22	25561	35
22	25562	34
22	25563	34
22	25564	35
22	25565	35
22	25566	34
22	25567	34
22	25568	36
22	25569	35
22	25570	35
22	25571	35
22	25572	34
22	25573	34
22	25574	35
22	25575	35
22	25576	35
22	25577	35
22	25578	35
22	25579	34
22	25580	33
22	25581	33
22	25582	33
22	25583	33
22	25584	32
22	25585	31
22	25586	30
22	25587	30
22	25588	30
22	25589	30
22	25590	30
22	25591	30
22	25592	29
22	25593	29
22	25594	29
22	25595	30
22	25596	30
22	25597	30
22	25598	30
22	25599	29
22	25600	29
22	25601	29
22	25602	28
22	25603	27
22	25604	28
22	25605	28
22	25606	28
22	25607	27
22	25608	27
22	25609	27
22	25610	27
22	25611	26
22	25612	27
22	25613	27
22	25614	28
22	25615	28
22	25616	27
22	25617	27
22	25618	26
22	25619	25
22	25620	25
22	25621	25
22	25622	23
22	25623	23
22	25624	22
22	25625	23
22	25626	22
22	25627	22
22	25628	22
22	25629	22
22	25630	21
22	25631	20
22	25632	21
22	25633	21
22	25634	22
22	25635	22
22	25636	22
22	25637	23
22	25638	23
22	25639	23
22	25640	23
22	25641	23
22	25642	23
22	25643	23
22	25644	25
22	25645	25
22	25646	25
22	25647	25
22	25648	24
22	25649	24
22	25650	24
22	25651	25
22	25652	26
22	25653	26
22	25654	26
22	25655	27
22	25656	27
22	25657	28
22	25658	28
22	25659	30
22	25660	31
22	25661	31
22	25662	30
22	25663	30
22	25664	30
22	25665	30
22	25666	30
22	25667	31
22	25668	31
22	25669	30
22	25670	30
22	25671	30
22	25672	30
22	25673	30
22	25674	30
22	25675	29
22	25676	28
22	25677	28
22	25678	28
22	25679	27
22	25680	26
22	25681	26
22	25682	25
22	25683	25
22	25684	25
22	25685	25
22	25686	24
22	25687	23
22	25688	23
22	25689	23
22	25690	23
22	25691	23
22	25692	24
22	25693	23
22	25694	22
22	25695	23
22	25696	23
22	25697	23
22	25698	22
22	25699	22
22	25700	21
22	25701	19
22	25702	20
22	25703	20
22	25704	20
22	25705	20
22	25706	18
22	25707	17
22	25708	18
22	25709	18
22	25710	17
22	25711	16
22	25712	16
22	25713	14
22	25714	14
22	25715	12
22	25716	11
22	25717	11
22	25718	11
22	25719	11
22	25720	10
22	25721	10
22	25722	10
22	25723	10
22	25724	10
22	25725	10
22	25726	10
22	25727	10
22	25728	10
22	25729	10
22	25730	9
22	25731	9
22	25732	9
22	25733	8
22	25734	8
22	25735	8
22	25736	8
22	25737	8
22	25738	8
22	25739	8
22	25740	8
22	25741	7
22	25742	6
22	25743	6
22	25744	6
22	25745	5
22	25746	5
22	25747	5
22	25748	5
22	25749	5
22	25750	5
22	25751	5
22	25752	4
22	25753	4
22	25754	4
22	25755	4
22	25756	4
22	25757	4
22	25758	4
22	25759	4
22	25760	4
22	25761	4
22	25762	4
22	25763	4
22	25764	4
22	25765	4
22	25766	4
22	25767	4
22	25768	4
22	25769	3
22	25770	3
22	25771	2
22	25772	2
22	25773	2
22	25774	2
22	25775	2
22	25776	2
22	25777	2
22	25778	1
22	25779	1
22	25921	1
22	25922	1
22	25923	1
22	25924	1
22	25925	2
22	25926	2
22	25927	2
22	25928	3
22	25929	3
22	25930	3
22	25931	3
22	25932	3
22	25933	3
22	25934	3
22	25935	3
22	25936	4
22	25937	4
22	25938	4
22	25939	4
22	25940	4
22	25941	4
22	25942	4
22	25943	4
22	25944	4
22	25945	4
22	25946	4
22	25947	4
22	25948	4
22	25949	5
22	25950	5
22	25951	5
22	25952	5
22	25953	6
22	25954	7
22	25955	7
22	25956	7
22	25957	7
22	25958	7
22	25959	7
22	25960	7
22	25961	7
22	25962	7
22	25963	7
22	25964	7
22	25965	7
22	25966	7
22	25967	7
22	25968	7
22	25969	7
22	25970	7
22	25971	6
22	25972	6
22	25973	6
22	25974	6
22	25975	6
22	25976	6
22	25977	6
22	25978	6
22	25979	6
22	25980	6
22	25981	6
22	25982	6
22	25983	6
22	25984	6
22	25985	6
22	25986	6
22	25987	5
22	25988	5
22	25989	5
22	25990	5
22	25991	5
22	25992	4
22	25993	4
22	25994	4
22	25995	4
22	25996	4
22	25997	4
22	25998	4
22	25999	4
22	26000	4
22	26001	2
22	26002	2
22	26003	1
22	26004	1
22	26005	1
22	26006	1
22	26007	1
22	26008	1
22	26310	1
22	26311	1
22	26312	1
22	26313	1
22	26314	1
22	26315	1
22	26316	1
22	26317	1
22	26318	1
22	26319	1
22	26320	1
22	26321	1
22	26322	3
22	26323	4
22	26324	4
22	26325	5
22	26326	5
22	26327	5
22	26328	5
22	26329	5
22	26330	6
22	26331	6
22	26332	6
22	26333	6
22	26334	6
22	26335	6
22	26336	6
22	26337	5
22	26338	7
22	26339	7
22	26340	7
22	26341	7
22	26342	7
22	26343	8
22	26344	8
22	26345	8
22	26346	8
22	26347	8
22	26348	8
22	26349	8
22	26350	9
22	26351	9
22	26352	9
22	26353	9
22	26354	9
22	26355	9
22	26356	9
22	26357	10
22	26358	11
22	26359	12
22	26360	12
22	26361	12
22	26362	14
22	26363	14
22	26364	14
22	26365	14
22	26366	14
22	26367	14
22	26368	14
22	26369	14
22	26370	14
22	26371	14
22	26372	13
22	26373	13
22	26374	14
22	26375	14
22	26376	14
22	26377	14
22	26378	14
22	26379	13
22	26380	13
22	26381	13
22	26382	14
22	26383	14
22	26384	15
22	26385	15
22	26386	15
22	26387	15
22	26388	16
22	26389	15
22	26390	15
22	26391	15
22	26392	15
22	26393	15
22	26394	15
22	26395	15
22	26396	14
22	26397	15
22	26398	15
22	26399	16
22	26400	17
22	26401	17
22	26402	16
22	26403	17
22	26404	16
22	26405	16
22	26406	16
22	26407	16
22	26408	16
22	26409	16
22	26410	16
22	26411	16
22	26412	17
22	26413	17
22	26414	18
22	26415	19
22	26416	20
22	26417	20
22	26418	20
22	26419	20
22	26420	20
22	26421	20
22	26422	19
22	26423	20
22	26424	21
22	26425	21
22	26426	21
22	26427	21
22	26428	21
22	26429	20
22	26430	20
22	26431	20
22	26432	20
22	26433	20
22	26434	19
22	26435	19
22	26436	19
22	26437	20
22	26438	18
22	26439	19
22	26440	19
22	26441	19
22	26442	19
22	26443	19
22	26444	19
22	26445	20
22	26446	21
22	26447	21
22	26448	21
22	26449	22
22	26450	21
22	26451	21
22	26452	19
22	26453	19
22	26454	20
22	26455	20
22	26456	20
22	26457	19
22	26458	19
22	26459	19
22	26460	19
22	26461	20
22	26462	21
22	26463	21
22	26464	21
22	26465	21
22	26466	21
22	26467	20
22	26468	20
22	26469	18
22	26470	18
22	26471	19
22	26472	20
22	26473	19
22	26474	21
22	26475	21
22	26476	21
22	26477	21
22	26478	21
22	26479	22
22	26480	22
22	26481	22
22	26482	22
22	26483	22
22	26484	22
22	26485	23
22	26486	22
22	26487	22
22	26488	21
22	26489	20
22	26490	21
22	26491	21
22	26492	21
22	26493	21
22	26494	22
22	26495	23
22	26496	23
22	26497	23
22	26498	23
22	26499	23
22	26500	22
22	26501	23
22	26502	23
22	26503	23
22	26504	24
22	26505	25
22	26506	26
22	26507	27
22	26508	26
22	26509	27
22	26510	27
22	26511	27
22	26512	27
22	26513	27
22	26514	27
22	26515	29
22	26516	29
22	26517	29
22	26518	29
22	26519	28
22	26520	28
22	26521	28
22	26522	27
22	26523	27
22	26524	27
22	26525	27
22	26526	27
22	26527	27
22	26528	26
22	26529	26
22	26530	26
22	26531	25
22	26532	25
22	26533	25
22	26534	26
22	26535	26
22	26536	26
22	26537	26
22	26538	26
22	26539	26
22	26540	26
22	26541	26
22	26542	25
22	26543	24
22	26544	22
22	26545	22
22	26546	21
22	26547	21
22	26548	21
22	26549	20
22	26550	20
22	26551	19
22	26552	17
22	26553	18
22	26554	17
22	26555	17
22	26556	17
22	26557	17
22	26558	18
22	26559	18
22	26560	18
22	26561	19
22	26562	20
22	26563	20
22	26564	20
22	26565	19
22	26566	19
22	26567	19
22	26568	20
22	26569	19
22	26570	19
22	26571	19
22	26572	19
22	26573	17
22	26574	17
22	26575	18
22	26576	19
22	26577	20
22	26578	21
22	26579	21
22	26580	20
22	26581	21
22	26582	20
22	26583	19
22	26584	19
22	26585	19
22	26586	19
22	26587	19
22	26588	19
22	26589	18
22	26590	18
22	26591	18
22	26592	20
22	26593	20
22	26594	20
22	26595	20
22	26596	20
22	26597	20
22	26598	20
22	26599	20
22	26600	20
22	26601	21
22	26602	21
22	26603	22
22	26604	22
22	26605	22
22	26606	21
22	26607	20
22	26608	20
22	26609	20
22	26610	20
22	26611	20
22	26612	20
22	26613	20
22	26614	21
22	26615	21
22	26616	21
22	26617	21
22	26618	21
22	26619	22
22	26620	22
22	26621	22
22	26622	22
22	26623	23
22	26624	23
22	26625	23
22	26626	23
22	26627	24
22	26628	24
22	26629	25
22	26630	25
22	26631	25
22	26632	25
22	26633	26
22	26634	26
22	26635	26
22	26636	26
22	26637	27
22	26638	28
22	26639	28
22	26640	26
22	26641	26
22	26642	26
22	26643	25
22	26644	25
22	26645	25
22	26646	26
22	26647	26
22	26648	27
22	26649	26
22	26650	26
22	26651	26
22	26652	27
22	26653	27
22	26654	27
22	26655	27
22	26656	27
22	26657	27
22	26658	27
22	26659	27
22	26660	26
22	26661	24
22	26662	24
22	26663	24
22	26664	26
22	26665	26
22	26666	26
22	26667	26
22	26668	26
22	26669	26
22	26670	25
22	26671	23
22	26672	23
22	26673	23
22	26674	22
22	26675	22
22	26676	22
22	26677	21
22	26678	21
22	26679	22
22	26680	22
22	26681	23
22	26682	23
22	26683	24
22	26684	24
22	26685	24
22	26686	24
22	26687	24
22	26688	24
22	26689	24
22	26690	25
22	26691	25
22	26692	24
22	26693	22
22	26694	22
22	26695	22
22	26696	22
22	26697	22
22	26698	22
22	26699	21
22	26700	21
22	26701	21
22	26702	22
22	26703	22
22	26704	22
22	26705	23
22	26706	22
22	26707	23
22	26708	23
22	26709	23
22	26710	23
22	26711	23
22	26712	23
22	26713	24
22	26714	24
22	26715	25
22	26716	25
22	26717	25
22	26718	25
22	26719	25
22	26720	25
22	26721	26
22	26722	26
22	26723	26
22	26724	26
22	26725	26
22	26726	26
22	26727	27
22	26728	27
22	26729	27
22	26730	26
22	26731	25
22	26732	25
22	26733	26
22	26734	26
22	26735	26
22	26736	27
22	26737	27
22	26738	27
22	26739	28
22	26740	30
22	26741	30
22	26742	30
22	26743	30
22	26744	31
22	26745	32
22	26746	32
22	26747	32
22	26748	31
22	26749	32
22	26750	32
22	26751	31
22	26752	30
22	26753	29
22	26754	28
22	26755	28
22	26756	29
22	26757	29
22	26758	28
22	26759	28
22	26760	29
22	26761	29
22	26762	28
22	26763	27
22	26764	30
22	26765	30
22	26766	30
22	26767	30
22	26768	30
22	26769	32
22	26770	32
22	26771	33
22	26772	33
22	26773	34
22	26774	33
22	26775	34
22	26776	34
22	26777	34
22	26778	34
22	26779	34
22	26780	33
22	26781	33
22	26782	33
22	26783	33
22	26784	34
22	26785	34
22	26786	35
22	26787	35
22	26788	34
22	26789	35
22	26790	35
22	26791	34
22	26792	33
22	26793	33
22	26794	32
22	26795	32
22	26796	31
22	26797	31
22	26798	31
22	26799	31
22	26800	34
22	26801	34
22	26802	33
22	26803	31
22	26804	32
22	26805	33
22	26806	34
22	26807	33
22	26808	32
22	26809	32
22	26810	31
22	26811	31
22	26812	31
22	26813	31
22	26814	30
22	26815	29
22	26816	28
22	26817	28
22	26818	28
22	26819	28
22	26820	26
22	26821	26
22	26822	29
22	26823	28
22	26824	28
22	26825	28
22	26826	29
22	26827	29
22	26828	28
22	26829	28
22	26830	28
22	26831	27
22	26832	27
22	26833	28
22	26834	28
22	26835	28
22	26836	28
22	26837	28
22	26838	29
22	26839	28
22	26840	28
22	26841	27
22	26842	27
22	26843	27
22	26844	27
22	26845	26
22	26846	26
22	26847	26
22	26848	26
22	26849	25
22	26850	25
22	26851	25
22	26852	25
22	26853	25
22	26854	24
22	26855	23
22	26856	22
22	26857	23
22	26858	23
22	26859	24
22	26860	24
22	26861	24
22	26862	24
22	26863	24
22	26864	24
22	26865	24
22	26866	25
22	26867	25
22	26868	24
22	26869	25
22	26870	25
22	26871	25
22	26872	26
22	26873	26
22	26874	26
22	26875	26
22	26876	26
22	26877	26
22	26878	25
22	26879	26
22	26880	27
22	26881	28
22	26882	28
22	26883	29
22	26884	29
22	26885	29
22	26886	29
22	26887	28
22	26888	27
22	26889	26
22	26890	26
22	26891	26
22	26892	27
22	26893	27
22	26894	27
22	26895	27
22	26896	27
22	26897	27
22	26898	27
22	26899	28
22	26900	29
22	26901	30
22	26902	31
22	26903	30
22	26904	29
22	26905	29
22	26906	29
22	26907	28
22	26908	29
22	26909	30
22	26910	30
22	26911	30
22	26912	30
22	26913	30
22	26914	30
22	26915	32
22	26916	33
22	26917	32
22	26918	33
22	26919	32
22	26920	31
22	26921	31
22	26922	31
22	26923	31
22	26924	31
22	26925	29
22	26926	30
22	26927	30
22	26928	30
22	26929	29
22	26930	28
22	26931	28
22	26932	28
22	26933	28
22	26934	29
22	26935	29
22	26936	29
22	26937	29
22	26938	29
22	26939	30
22	26940	30
22	26941	31
22	26942	32
22	26943	32
22	26944	32
22	26945	31
22	26946	31
22	26947	31
22	26948	30
22	26949	29
22	26950	29
22	26951	28
22	26952	28
22	26953	28
22	26954	28
22	26955	28
22	26956	28
22	26957	28
22	26958	27
22	26959	27
22	26960	27
22	26961	27
22	26962	27
22	26963	26
22	26964	26
22	26965	26
22	26966	26
22	26967	25
22	26968	25
22	26969	26
22	26970	25
22	26971	25
22	26972	25
22	26973	24
22	26974	22
22	26975	23
22	26976	23
22	26977	22
22	26978	22
22	26979	22
22	26980	21
22	26981	21
22	26982	21
22	26983	21
22	26984	21
22	26985	21
22	26986	21
22	26987	22
22	26988	23
22	26989	23
22	26990	23
22	26991	23
22	26992	24
22	26993	23
22	26994	22
22	26995	22
22	26996	22
22	26997	22
22	26998	23
22	26999	23
22	27000	22
22	27001	22
22	27002	23
22	27003	23
22	27004	24
22	27005	24
22	27006	23
22	27007	23
22	27008	23
22	27009	23
22	27010	23
22	27011	25
22	27012	24
22	27013	24
22	27014	25
22	27015	25
22	27016	24
22	27017	24
22	27018	24
22	27019	25
22	27020	25
22	27021	25
22	27022	25
22	27023	24
22	27024	25
22	27025	25
22	27026	25
22	27027	24
22	27028	23
22	27029	22
22	27030	22
22	27031	23
22	27032	23
22	27033	23
22	27034	22
22	27035	22
22	27036	22
22	27037	23
22	27038	23
22	27039	22
22	27040	22
22	27041	20
22	27042	20
22	27043	21
22	27044	21
22	27045	20
22	27046	19
22	27047	21
22	27048	20
22	27049	20
22	27050	21
22	27051	21
22	27052	20
22	27053	20
22	27054	20
22	27055	19
22	27056	17
22	27057	18
22	27058	18
22	27059	18
22	27060	18
22	27061	18
22	27062	18
22	27063	18
22	27064	18
22	27065	17
22	27066	17
22	27067	18
22	27068	18
22	27069	18
22	27070	17
22	27071	16
22	27072	16
22	27073	15
22	27074	15
22	27075	15
22	27076	15
22	27077	15
22	27078	15
22	27079	15
22	27080	15
22	27081	16
22	27082	16
22	27083	16
22	27084	16
22	27085	16
22	27086	16
22	27087	17
22	27088	18
22	27089	18
22	27090	16
22	27091	16
22	27092	16
22	27093	17
22	27094	17
22	27095	17
22	27096	17
22	27097	17
22	27098	17
22	27099	17
22	27100	17
22	27101	16
22	27102	16
22	27103	17
22	27104	17
22	27105	18
22	27106	17
22	27107	16
22	27108	15
22	27109	15
22	27110	15
22	27111	16
22	27112	17
22	27113	17
22	27114	16
22	27115	16
22	27116	16
22	27117	16
22	27118	16
22	27119	17
22	27120	17
22	27121	17
22	27122	17
22	27123	15
22	27124	15
22	27125	16
22	27126	15
22	27127	14
22	27128	15
22	27129	14
22	27130	14
22	27131	15
22	27132	15
22	27133	15
22	27134	16
22	27135	17
22	27136	18
22	27137	18
22	27138	18
22	27139	17
22	27140	17
22	27141	18
22	27142	19
22	27143	19
22	27144	20
22	27145	20
22	27146	20
22	27147	20
22	27148	21
22	27149	21
22	27150	21
22	27151	21
22	27152	20
22	27153	20
22	27154	20
22	27155	20
22	27156	20
22	27157	20
22	27158	20
22	27159	21
22	27160	21
22	27161	21
22	27162	21
22	27163	21
22	27164	20
22	27165	20
22	27166	18
22	27167	19
22	27168	18
22	27169	19
22	27170	19
22	27171	19
22	27172	19
22	27173	19
22	27174	18
22	27175	17
22	27176	18
22	27177	18
22	27178	18
22	27179	18
22	27180	19
22	27181	19
22	27182	19
22	27183	19
22	27184	18
22	27185	17
22	27186	18
22	27187	20
22	27188	20
22	27189	20
22	27190	20
22	27191	20
22	27192	20
22	27193	20
22	27194	18
22	27195	18
22	27196	18
22	27197	16
22	27198	15
22	27199	15
22	27200	15
22	27201	15
22	27202	15
22	27203	15
22	27204	14
22	27205	14
22	27206	14
22	27207	14
22	27208	14
22	27209	13
22	27210	12
22	27211	12
22	27212	11
22	27213	10
22	27214	10
22	27215	9
22	27216	9
22	27217	9
22	27218	9
22	27219	9
22	27220	9
22	27221	9
22	27222	9
22	27223	10
22	27224	10
22	27225	10
22	27226	9
22	27227	9
22	27228	9
22	27229	8
22	27230	9
22	27231	8
22	27232	9
22	27233	9
22	27234	10
22	27235	11
22	27236	12
22	27237	13
22	27238	13
22	27239	14
22	27240	15
22	27241	15
22	27242	16
22	27243	16
22	27244	16
22	27245	16
22	27246	16
22	27247	16
22	27248	16
22	27249	16
22	27250	17
22	27251	18
22	27252	18
22	27253	18
22	27254	18
22	27255	18
22	27256	18
22	27257	18
22	27258	18
22	27259	18
22	27260	18
22	27261	18
22	27262	19
22	27263	18
22	27264	18
22	27265	18
22	27266	17
22	27267	18
22	27268	18
22	27269	18
22	27270	18
22	27271	18
22	27272	17
22	27273	18
22	27274	18
22	27275	18
22	27276	18
22	27277	18
22	27278	17
22	27279	17
22	27280	18
22	27281	18
22	27282	19
22	27283	19
22	27284	19
22	27285	19
22	27286	19
22	27287	21
22	27288	22
22	27289	23
22	27290	22
22	27291	22
22	27292	23
22	27293	23
22	27294	23
22	27295	23
22	27296	23
22	27297	21
22	27298	21
22	27299	21
22	27300	22
22	27301	22
22	27302	21
22	27303	21
22	27304	21
22	27305	21
22	27306	21
22	27307	20
22	27308	20
22	27309	20
22	27310	21
22	27311	21
22	27312	21
22	27313	22
22	27314	21
22	27315	22
22	27316	23
22	27317	23
22	27318	23
22	27319	23
22	27320	23
22	27321	24
22	27322	24
22	27323	24
22	27324	23
22	27325	23
22	27326	22
22	27327	22
22	27328	23
22	27329	23
22	27330	23
22	27331	23
22	27332	24
22	27333	24
22	27334	23
22	27335	23
22	27336	23
22	27337	23
22	27338	23
22	27339	23
22	27340	23
22	27341	23
22	27342	23
22	27343	23
22	27344	22
22	27345	23
22	27346	23
22	27347	23
22	27348	23
22	27349	24
22	27350	23
22	27351	22
22	27352	22
22	27353	21
22	27354	21
22	27355	20
22	27356	20
22	27357	20
22	27358	21
22	27359	21
22	27360	21
22	27361	21
22	27362	21
22	27363	18
22	27364	19
22	27365	19
22	27366	19
22	27367	19
22	27368	19
22	27369	19
22	27370	19
22	27371	19
22	27372	18
22	27373	19
22	27374	19
22	27375	18
22	27376	19
22	27377	19
22	27378	20
22	27379	20
22	27380	20
22	27381	20
22	27382	20
22	27383	21
22	27384	21
22	27385	21
22	27386	19
22	27387	19
22	27388	19
22	27389	19
22	27390	21
22	27391	21
22	27392	22
22	27393	22
22	27394	22
22	27395	22
22	27396	22
22	27397	21
22	27398	21
22	27399	21
22	27400	21
22	27401	21
22	27402	23
22	27403	23
22	27404	23
22	27405	23
22	27406	23
22	27407	23
22	27408	23
22	27409	23
22	27410	23
22	27411	23
22	27412	23
22	27413	23
22	27414	23
22	27415	22
22	27416	23
22	27417	24
22	27418	23
22	27419	24
22	27420	24
22	27421	24
22	27422	24
22	27423	24
22	27424	24
22	27425	23
22	27426	22
22	27427	23
22	27428	22
22	27429	22
22	27430	22
22	27431	20
22	27432	20
22	27433	21
22	27434	21
22	27435	21
22	27436	20
22	27437	20
22	27438	19
22	27439	18
22	27440	18
22	27441	18
22	27442	19
22	27443	21
22	27444	23
22	27445	22
22	27446	21
22	27447	20
22	27448	20
22	27449	19
22	27450	19
22	27451	19
22	27452	21
22	27453	21
22	27454	21
22	27455	22
22	27456	22
22	27457	23
22	27458	24
22	27459	24
22	27460	23
22	27461	23
22	27462	24
22	27463	23
22	27464	23
22	27465	23
22	27466	23
22	27467	23
22	27468	22
22	27469	22
22	27470	21
22	27471	21
22	27472	20
22	27473	19
22	27474	19
22	27475	19
22	27476	19
22	27477	17
22	27478	17
22	27479	16
22	27480	17
22	27481	17
22	27482	17
22	27483	17
22	27484	17
22	27485	16
22	27486	16
22	27487	17
22	27488	18
22	27489	18
22	27490	18
22	27491	18
22	27492	17
22	27493	17
22	27494	16
22	27495	16
22	27496	16
22	27497	17
22	27498	17
22	27499	17
22	27500	17
22	27501	17
22	27502	16
22	27503	16
22	27504	16
22	27505	16
22	27506	14
22	27507	15
22	27508	14
22	27509	13
22	27510	13
22	27511	12
22	27512	11
22	27513	11
22	27514	10
22	27515	10
22	27516	10
22	27517	10
22	27518	11
22	27519	11
22	27520	10
22	27521	9
22	27522	9
22	27523	9
22	27524	10
22	27525	10
22	27526	10
22	27527	10
22	27528	10
22	27529	10
22	27530	10
22	27531	10
22	27532	10
22	27533	9
22	27534	8
22	27535	8
22	27536	8
22	27537	8
22	27538	8
22	27539	7
22	27540	7
22	27541	7
22	27542	7
22	27543	7
22	27544	6
22	27545	6
22	27546	6
22	27547	6
22	27548	5
22	27549	5
22	27550	4
22	27551	4
22	27552	3
22	27553	3
22	27554	3
22	27555	3
22	27556	3
22	27557	3
22	27558	3
22	27559	3
22	27560	2
22	27561	2
22	27562	1
22	27563	1
22	27564	1
22	27565	1
22	27566	1
22	27567	1
22	27568	1
22	27569	1
22	27608	1
22	27609	1
22	27610	3
22	27611	3
22	27612	3
22	27613	5
22	27614	5
22	27615	5
22	27616	5
22	27617	5
22	27618	5
22	27619	5
22	27620	5
22	27621	5
22	27622	5
22	27623	5
22	27624	7
22	27625	8
22	27626	9
22	27627	10
22	27628	10
22	27629	10
22	27630	11
22	27631	11
22	27632	11
22	27633	11
22	27634	11
22	27635	11
22	27636	11
22	27637	12
22	27638	12
22	27639	12
22	27640	12
22	27641	12
22	27642	13
22	27643	14
22	27644	14
22	27645	14
22	27646	15
22	27647	15
22	27648	17
22	27649	17
22	27650	17
22	27651	17
22	27652	17
22	27653	18
22	27654	19
22	27655	19
22	27656	19
22	27657	20
22	27658	20
22	27659	20
22	27660	21
22	27661	22
22	27662	22
22	27663	22
22	27664	22
22	27665	23
22	27666	24
22	27667	24
22	27668	25
22	27669	25
22	27670	26
22	27671	27
22	27672	28
22	27673	28
22	27674	27
22	27675	28
22	27676	29
22	27677	29
22	27678	28
22	27679	28
22	27680	27
22	27681	27
22	27682	26
22	27683	26
22	27684	25
22	27685	24
22	27686	24
22	27687	24
22	27688	24
22	27689	24
22	27690	24
22	27691	24
22	27692	25
22	27693	25
22	27694	25
22	27695	25
22	27696	25
22	27697	24
22	27698	23
22	27699	23
22	27700	22
22	27701	21
22	27702	22
22	27703	22
22	27704	22
22	27705	20
22	27706	20
22	27707	21
22	27708	20
22	27709	21
22	27710	22
22	27711	23
22	27712	23
22	27713	22
22	27714	22
22	27715	22
22	27716	21
22	27717	21
22	27718	22
22	27719	22
22	27720	23
22	27721	24
22	27722	25
22	27723	24
22	27724	24
22	27725	24
22	27726	24
22	27727	22
22	27728	22
22	27729	22
22	27730	22
22	27731	22
22	27732	21
22	27733	21
22	27734	22
22	27735	22
22	27736	22
22	27737	21
22	27738	21
22	27739	21
22	27740	21
22	27741	21
22	27742	21
22	27743	21
22	27744	19
22	27745	19
22	27746	19
22	27747	18
22	27748	18
22	27749	18
22	27750	19
22	27751	18
22	27752	17
22	27753	17
22	27754	17
22	27755	18
22	27756	18
22	27757	18
22	27758	18
22	27759	18
22	27760	18
22	27761	18
22	27762	18
22	27763	18
22	27764	18
22	27765	17
22	27766	17
22	27767	16
22	27768	17
22	27769	16
22	27770	16
22	27771	16
22	27772	16
22	27773	15
22	27774	16
22	27775	17
22	27776	18
22	27777	18
22	27778	17
22	27779	18
22	27780	18
22	27781	19
22	27782	20
22	27783	20
22	27784	21
22	27785	21
22	27786	21
22	27787	21
22	27788	22
22	27789	22
22	27790	22
22	27791	22
22	27792	22
22	27793	21
22	27794	21
22	27795	20
22	27796	21
22	27797	22
22	27798	22
22	27799	22
22	27800	22
22	27801	22
22	27802	22
22	27803	22
22	27804	22
22	27805	22
22	27806	22
22	27807	22
22	27808	21
22	27809	21
22	27810	21
22	27811	21
22	27812	22
22	27813	22
22	27814	20
22	27815	20
22	27816	20
22	27817	21
22	27818	21
22	27819	21
22	27820	21
22	27821	21
22	27822	21
22	27823	21
22	27824	21
22	27825	21
22	27826	22
22	27827	21
22	27828	20
22	27829	20
22	27830	20
22	27831	19
22	27832	19
22	27833	19
22	27834	19
22	27835	18
22	27836	19
22	27837	20
22	27838	20
22	27839	20
22	27840	19
22	27841	19
22	27842	19
22	27843	19
22	27844	20
22	27845	20
22	27846	20
22	27847	21
22	27848	21
22	27849	21
22	27850	21
22	27851	20
22	27852	20
22	27853	20
22	27854	21
22	27855	21
22	27856	21
22	27857	21
22	27858	22
22	27859	24
22	27860	25
22	27861	26
22	27862	26
22	27863	26
22	27864	26
22	27865	25
22	27866	26
22	27867	26
22	27868	26
22	27869	26
22	27870	26
22	27871	26
22	27872	26
22	27873	26
22	27874	25
22	27875	25
22	27876	26
22	27877	26
22	27878	26
22	27879	26
22	27880	26
22	27881	25
22	27882	25
22	27883	26
22	27884	26
22	27885	25
22	27886	25
22	27887	25
22	27888	25
22	27889	24
22	27890	24
22	27891	24
22	27892	24
22	27893	24
22	27894	24
22	27895	23
22	27896	23
22	27897	23
22	27898	23
22	27899	23
22	27900	24
22	27901	24
22	27902	24
22	27903	23
22	27904	23
22	27905	23
22	27906	23
22	27907	22
22	27908	22
22	27909	22
22	27910	20
22	27911	19
22	27912	19
22	27913	19
22	27914	19
22	27915	19
22	27916	19
22	27917	19
22	27918	19
22	27919	19
22	27920	19
22	27921	19
22	27922	19
22	27923	19
22	27924	18
22	27925	18
22	27926	18
22	27927	18
22	27928	18
22	27929	18
22	27930	19
22	27931	18
22	27932	18
22	27933	18
22	27934	17
22	27935	17
22	27936	17
22	27937	16
22	27938	15
22	27939	15
22	27940	15
22	27941	14
22	27942	14
22	27943	14
22	27944	13
22	27945	12
22	27946	12
22	27947	11
22	27948	11
22	27949	11
22	27950	10
22	27951	11
22	27952	11
22	27953	11
22	27954	11
22	27955	12
22	27956	12
22	27957	12
22	27958	12
22	27959	13
22	27960	14
22	27961	14
22	27962	14
22	27963	13
22	27964	13
22	27965	14
22	27966	15
22	27967	15
22	27968	14
22	27969	14
22	27970	13
22	27971	13
22	27972	13
22	27973	13
22	27974	13
22	27975	12
22	27976	12
22	27977	12
22	27978	12
22	27979	12
22	27980	12
22	27981	12
22	27982	12
22	27983	12
22	27984	12
22	27985	12
22	27986	13
22	27987	13
22	27988	13
22	27989	13
22	27990	13
22	27991	13
22	27992	13
22	27993	13
22	27994	13
22	27995	13
22	27996	15
22	27997	14
22	27998	14
22	27999	16
22	28000	17
22	28001	17
22	28002	16
22	28003	18
22	28004	20
22	28005	19
22	28006	19
22	28007	19
22	28008	19
22	28009	19
22	28010	19
22	28011	19
22	28012	19
22	28013	19
22	28014	20
22	28015	20
22	28016	20
22	28017	20
22	28018	20
22	28019	20
22	28020	20
22	28021	20
22	28022	20
22	28023	20
22	28024	20
22	28025	19
22	28026	19
22	28027	19
22	28028	19
22	28029	20
22	28030	19
22	28031	20
22	28032	20
22	28033	20
22	28034	20
22	28035	20
22	28036	19
22	28037	19
22	28038	19
22	28039	18
22	28040	17
22	28041	17
22	28042	18
22	28043	18
22	28044	18
22	28045	20
22	28046	22
22	28047	21
22	28048	21
22	28049	21
22	28050	21
22	28051	21
22	28052	21
22	28053	21
22	28054	21
22	28055	21
22	28056	22
22	28057	21
22	28058	19
22	28059	20
22	28060	19
22	28061	19
22	28062	21
22	28063	21
22	28064	21
22	28065	21
22	28066	21
22	28067	21
22	28068	21
22	28069	21
22	28070	20
22	28071	20
22	28072	19
22	28073	19
22	28074	19
22	28075	19
22	28076	19
22	28077	19
22	28078	19
22	28079	19
22	28080	20
22	28081	20
22	28082	20
22	28083	20
22	28084	19
22	28085	19
22	28086	19
22	28087	19
22	28088	19
22	28089	19
22	28090	19
22	28091	19
22	28092	18
22	28093	18
22	28094	18
22	28095	17
22	28096	17
22	28097	15
22	28098	14
22	28099	14
22	28100	13
22	28101	12
22	28102	12
22	28103	11
22	28104	12
22	28105	12
22	28106	12
22	28107	13
22	28108	13
22	28109	13
22	28110	14
22	28111	14
22	28112	14
22	28113	15
22	28114	15
22	28115	15
22	28116	15
22	28117	15
22	28118	15
22	28119	15
22	28120	15
22	28121	14
22	28122	14
22	28123	14
22	28124	13
22	28125	13
22	28126	13
22	28127	13
22	28128	13
22	28129	13
22	28130	13
22	28131	13
22	28132	13
22	28133	13
22	28134	13
22	28135	12
22	28136	11
22	28137	10
22	28138	10
22	28139	10
22	28140	10
22	28141	9
22	28142	9
22	28143	9
22	28144	8
22	28145	8
22	28146	7
22	28147	6
22	28148	6
22	28149	5
22	28150	5
22	28151	4
22	28152	3
22	28153	3
22	28154	2
22	28155	2
22	28156	1
22	28157	1
22	28158	1
22	28210	1
22	28211	1
22	28212	1
22	28213	1
22	28214	1
22	28215	1
22	28216	2
22	28217	2
22	28218	2
22	28219	2
22	28220	2
22	28221	2
22	28222	2
22	28223	2
22	28224	2
22	28225	2
22	28226	2
22	28227	3
22	28228	3
22	28229	3
22	28230	3
22	28231	4
22	28232	4
22	28233	4
22	28234	4
22	28235	5
22	28236	5
22	28237	5
22	28238	8
22	28239	9
22	28240	10
22	28241	10
22	28242	10
22	28243	11
22	28244	11
22	28245	11
22	28246	11
22	28247	11
22	28248	12
22	28249	13
22	28250	13
22	28251	13
22	28252	13
22	28253	13
22	28254	13
22	28255	13
22	28256	14
22	28257	14
22	28258	14
22	28259	15
22	28260	15
22	28261	15
22	28262	16
22	28263	16
22	28264	17
22	28265	17
22	28266	17
22	28267	16
22	28268	16
22	28269	16
22	28270	16
22	28271	16
22	28272	17
22	28273	17
22	28274	16
22	28275	15
22	28276	15
22	28277	15
22	28278	15
22	28279	17
22	28280	16
22	28281	16
22	28282	17
22	28283	17
22	28284	17
22	28285	17
22	28286	17
22	28287	17
22	28288	17
22	28289	17
22	28290	17
22	28291	17
22	28292	18
22	28293	17
22	28294	17
22	28295	16
22	28296	16
22	28297	16
22	28298	16
22	28299	16
22	28300	16
22	28301	16
22	28302	16
22	28303	16
22	28304	15
22	28305	15
22	28306	15
22	28307	14
22	28308	14
22	28309	14
22	28310	14
22	28311	14
22	28312	13
22	28313	15
22	28314	15
22	28315	14
22	28316	15
22	28317	15
22	28318	15
22	28319	15
22	28320	15
22	28321	16
22	28322	16
22	28323	16
22	28324	16
22	28325	16
22	28326	15
22	28327	16
22	28328	16
22	28329	16
22	28330	14
22	28331	14
22	28332	14
22	28333	14
22	28334	14
22	28335	14
22	28336	14
22	28337	14
22	28338	13
22	28339	12
22	28340	12
22	28341	12
22	28342	11
22	28343	12
22	28344	12
22	28345	12
22	28346	12
22	28347	13
22	28348	13
22	28349	13
22	28350	13
22	28351	13
22	28352	13
22	28353	13
22	28354	13
22	28355	13
22	28356	13
22	28357	13
22	28358	13
22	28359	13
22	28360	12
22	28361	12
22	28362	13
22	28363	13
22	28364	12
22	28365	13
22	28366	13
22	28367	11
22	28368	11
22	28369	11
22	28370	11
22	28371	11
22	28372	10
22	28373	10
22	28374	10
22	28375	10
22	28376	10
22	28377	10
22	28378	10
22	28379	11
22	28380	11
22	28381	11
22	28382	11
22	28383	11
22	28384	11
22	28385	11
22	28386	11
22	28387	11
22	28388	11
22	28389	11
22	28390	11
22	28391	11
22	28392	11
22	28393	11
22	28394	11
22	28395	13
22	28396	13
22	28397	14
22	28398	15
22	28399	15
22	28400	15
22	28401	15
22	28402	15
22	28403	15
22	28404	15
22	28405	15
22	28406	15
22	28407	16
22	28408	17
22	28409	18
22	28410	18
22	28411	19
22	28412	19
22	28413	20
22	28414	20
22	28415	20
22	28416	20
22	28417	21
22	28418	22
22	28419	22
22	28420	23
22	28421	23
22	28422	26
22	28423	26
22	28424	26
22	28425	26
22	28426	26
22	28427	27
22	28428	27
22	28429	27
22	28430	29
22	28431	30
22	28432	32
22	28433	34
22	28434	34
22	28435	33
22	28436	33
22	28437	33
22	28438	33
22	28439	33
22	28440	33
22	28441	33
22	28442	33
22	28443	33
22	28444	33
22	28445	33
22	28446	33
22	28447	33
22	28448	34
22	28449	34
22	28450	33
22	28451	32
22	28452	31
22	28453	32
22	28454	32
22	28455	31
22	28456	32
22	28457	33
22	28458	33
22	28459	33
22	28460	32
22	28461	32
22	28462	30
22	28463	30
22	28464	30
22	28465	30
22	28466	30
22	28467	31
22	28468	32
22	28469	32
22	28470	32
22	28471	31
22	28472	31
22	28473	30
22	28474	30
22	28475	31
22	28476	30
22	28477	30
22	28478	30
22	28479	29
22	28480	29
22	28481	29
22	28482	29
22	28483	29
22	28484	29
22	28485	29
22	28486	30
22	28487	30
22	28488	31
22	28489	31
22	28490	31
22	28491	31
22	28492	30
22	28493	30
22	28494	30
22	28495	30
22	28496	30
22	28497	28
22	28498	28
22	28499	28
22	28500	28
22	28501	27
22	28502	27
22	28503	26
22	28504	27
22	28505	27
22	28506	27
22	28507	26
22	28508	26
22	28509	25
22	28510	25
22	28511	25
22	28512	25
22	28513	25
22	28514	26
22	28515	26
22	28516	28
22	28517	28
22	28518	28
22	28519	28
22	28520	28
22	28521	28
22	28522	28
22	28523	28
22	28524	28
22	28525	28
22	28526	27
22	28527	27
22	28528	27
22	28529	28
22	28530	28
22	28531	28
22	28532	29
22	28533	30
22	28534	29
22	28535	29
22	28536	30
22	28537	30
22	28538	30
22	28539	30
22	28540	30
22	28541	29
22	28542	29
22	28543	29
22	28544	29
22	28545	30
22	28546	30
22	28547	29
22	28548	29
22	28549	29
22	28550	30
22	28551	31
22	28552	31
22	28553	31
22	28554	31
22	28555	31
22	28556	31
22	28557	30
22	28558	29
22	28559	28
22	28560	28
22	28561	27
22	28562	28
22	28563	28
22	28564	30
22	28565	30
22	28566	30
22	28567	29
22	28568	29
22	28569	29
22	28570	29
22	28571	30
22	28572	30
22	28573	30
22	28574	30
22	28575	28
22	28576	28
22	28577	28
22	28578	28
22	28579	27
22	28580	27
22	28581	28
22	28582	28
22	28583	28
22	28584	28
22	28585	28
22	28586	28
22	28587	27
22	28588	27
22	28589	27
22	28590	25
22	28591	25
22	28592	25
22	28593	24
22	28594	24
22	28595	23
22	28596	23
22	28597	23
22	28598	23
22	28599	22
22	28600	23
22	28601	23
22	28602	23
22	28603	23
22	28604	22
22	28605	22
22	28606	23
22	28607	23
22	28608	23
22	28609	24
22	28610	25
22	28611	25
22	28612	25
22	28613	26
22	28614	26
22	28615	27
22	28616	26
22	28617	26
22	28618	27
22	28619	27
22	28620	28
22	28621	28
22	28622	27
22	28623	27
22	28624	27
22	28625	27
22	28626	27
22	28627	26
22	28628	26
22	28629	26
22	28630	27
22	28631	27
22	28632	27
22	28633	28
22	28634	27
22	28635	27
22	28636	27
22	28637	27
22	28638	27
22	28639	27
22	28640	27
22	28641	27
22	28642	27
22	28643	26
22	28644	26
22	28645	26
22	28646	26
22	28647	27
22	28648	28
22	28649	28
22	28650	28
22	28651	29
22	28652	29
22	28653	28
22	28654	28
22	28655	28
22	28656	27
22	28657	28
22	28658	30
22	28659	30
22	28660	30
22	28661	31
22	28662	32
22	28663	32
22	28664	31
22	28665	31
22	28666	32
22	28667	32
22	28668	32
22	28669	31
22	28670	30
22	28671	30
22	28672	30
22	28673	29
22	28674	29
22	28675	29
22	28676	28
22	28677	28
22	28678	28
22	28679	29
22	28680	30
22	28681	30
22	28682	29
22	28683	30
22	28684	29
22	28685	28
22	28686	28
22	28687	28
22	28688	27
22	28689	27
22	28690	26
22	28691	26
22	28692	26
22	28693	26
22	28694	25
22	28695	25
22	28696	25
22	28697	24
22	28698	23
22	28699	23
22	28700	24
22	28701	23
22	28702	23
22	28703	24
22	28704	24
22	28705	24
22	28706	23
22	28707	22
22	28708	21
22	28709	22
22	28710	23
22	28711	22
22	28712	22
22	28713	21
22	28714	22
22	28715	22
22	28716	23
22	28717	23
22	28718	23
22	28719	24
22	28720	24
22	28721	23
22	28722	24
22	28723	24
22	28724	24
22	28725	23
22	28726	24
22	28727	25
22	28728	25
22	28729	25
22	28730	25
22	28731	25
22	28732	26
22	28733	27
22	28734	27
22	28735	27
22	28736	27
22	28737	28
22	28738	29
22	28739	28
22	28740	28
22	28741	29
22	28742	29
22	28743	29
22	28744	29
22	28745	29
22	28746	30
22	28747	30
22	28748	29
22	28749	29
22	28750	29
22	28751	29
22	28752	26
22	28753	26
22	28754	26
22	28755	26
22	28756	26
22	28757	26
22	28758	26
22	28759	26
22	28760	25
22	28761	26
22	28762	25
22	28763	26
22	28764	26
22	28765	25
22	28766	24
22	28767	23
22	28768	23
22	28769	23
22	28770	23
22	28771	23
22	28772	22
22	28773	22
22	28774	21
22	28775	21
22	28776	20
22	28777	20
22	28778	21
22	28779	21
22	28780	20
22	28781	20
22	28782	19
22	28783	19
22	28784	19
22	28785	19
22	28786	19
22	28787	19
22	28788	19
22	28789	19
22	28790	18
22	28791	18
22	28792	19
22	28793	19
22	28794	19
22	28795	19
22	28796	19
22	28797	19
22	28798	19
22	28799	21
22	28800	22
22	28801	22
22	28802	23
22	28803	23
22	28804	24
22	28805	24
22	28806	24
22	28807	24
22	28808	24
22	28809	24
22	28810	24
22	28811	24
22	28812	23
22	28813	22
22	28814	23
22	28815	24
22	28816	24
22	28817	24
22	28818	23
22	28819	23
22	28820	24
22	28821	23
22	28822	22
22	28823	22
22	28824	23
22	28825	23
22	28826	23
22	28827	23
22	28828	24
22	28829	24
22	28830	23
22	28831	22
22	28832	21
22	28833	21
22	28834	21
22	28835	22
22	28836	21
22	28837	21
22	28838	21
22	28839	21
22	28840	21
22	28841	22
22	28842	23
22	28843	23
22	28844	23
22	28845	23
22	28846	23
22	28847	24
22	28848	24
22	28849	24
22	28850	25
22	28851	24
22	28852	24
22	28853	23
22	28854	23
22	28855	23
22	28856	23
22	28857	23
22	28858	23
22	28859	23
22	28860	24
22	28861	24
22	28862	24
22	28863	25
22	28864	25
22	28865	25
22	28866	25
22	28867	26
22	28868	27
22	28869	26
22	28870	26
22	28871	26
22	28872	26
22	28873	25
22	28874	26
22	28875	27
22	28876	27
22	28877	28
22	28878	28
22	28879	28
22	28880	28
22	28881	27
22	28882	27
22	28883	26
22	28884	26
22	28885	26
22	28886	26
22	28887	25
22	28888	24
22	28889	24
22	28890	25
22	28891	26
22	28892	27
22	28893	27
22	28894	27
22	28895	28
22	28896	29
22	28897	28
22	28898	29
22	28899	29
22	28900	30
22	28901	30
22	28902	29
22	28903	29
22	28904	27
22	28905	26
22	28906	26
22	28907	25
22	28908	25
22	28909	26
22	28910	24
22	28911	25
22	28912	25
22	28913	25
22	28914	25
22	28915	24
22	28916	24
22	28917	23
22	28918	23
22	28919	24
22	28920	25
22	28921	25
22	28922	26
22	28923	25
22	28924	24
22	28925	24
22	28926	24
22	28927	24
22	28928	24
22	28929	25
22	28930	26
22	28931	27
22	28932	27
22	28933	26
22	28934	27
22	28935	27
22	28936	27
22	28937	28
22	28938	27
22	28939	27
22	28940	26
22	28941	26
22	28942	26
22	28943	26
22	28944	26
22	28945	27
22	28946	26
22	28947	26
22	28948	27
22	28949	27
22	28950	27
22	28951	27
22	28952	28
22	28953	28
22	28954	29
22	28955	29
22	28956	28
22	28957	26
22	28958	26
22	28959	25
22	28960	26
22	28961	26
22	28962	23
22	28963	23
22	28964	26
22	28965	25
22	28966	25
22	28967	25
22	28968	25
22	28969	26
22	28970	26
22	28971	27
22	28972	27
22	28973	27
22	28974	27
22	28975	27
22	28976	28
22	28977	27
22	28978	27
22	28979	27
22	28980	26
22	28981	26
22	28982	26
22	28983	25
22	28984	24
22	28985	24
22	28986	23
22	28987	23
22	28988	23
22	28989	23
22	28990	23
22	28991	22
22	28992	23
22	28993	24
22	28994	24
22	28995	24
22	28996	24
22	28997	24
22	28998	24
22	28999	24
22	29000	24
22	29001	25
22	29002	26
22	29003	26
22	29004	27
22	29005	26
22	29006	27
22	29007	26
22	29008	26
22	29009	26
22	29010	26
22	29011	26
22	29012	25
22	29013	25
22	29014	26
22	29015	26
22	29016	26
22	29017	25
22	29018	26
22	29019	26
22	29020	25
22	29021	25
22	29022	24
22	29023	24
22	29024	23
22	29025	25
22	29026	24
22	29027	24
22	29028	23
22	29029	22
22	29030	22
22	29031	22
22	29032	22
22	29033	23
22	29034	23
22	29035	23
22	29036	24
22	29037	24
22	29038	24
22	29039	24
22	29040	24
22	29041	23
22	29042	23
22	29043	22
22	29044	23
22	29045	22
22	29046	22
22	29047	20
22	29048	19
22	29049	19
22	29050	19
22	29051	19
22	29052	20
22	29053	21
22	29054	21
22	29055	21
22	29056	21
22	29057	21
22	29058	21
22	29059	21
22	29060	21
22	29061	21
22	29062	21
22	29063	21
22	29064	22
22	29065	21
22	29066	21
22	29067	22
22	29068	22
22	29069	21
22	29070	21
22	29071	22
22	29072	23
22	29073	23
22	29074	23
22	29075	23
22	29076	23
22	29077	23
22	29078	23
22	29079	23
22	29080	23
22	29081	22
22	29082	22
22	29083	22
22	29084	22
22	29085	22
22	29086	22
22	29087	22
22	29088	21
22	29089	20
22	29090	20
22	29091	20
22	29092	21
22	29093	21
22	29094	20
22	29095	21
22	29096	21
22	29097	20
22	29098	19
22	29099	19
22	29100	19
22	29101	19
22	29102	19
22	29103	17
22	29104	16
22	29105	16
22	29106	15
22	29107	14
22	29108	14
22	29109	14
22	29110	14
22	29111	13
22	29112	13
22	29113	12
22	29114	11
22	29115	11
22	29116	11
22	29117	10
22	29118	9
22	29119	9
22	29120	8
22	29121	8
22	29122	7
22	29123	6
22	29124	6
22	29125	6
22	29126	6
22	29127	6
22	29128	6
22	29129	6
22	29130	6
22	29131	5
22	29132	5
22	29133	5
22	29134	5
22	29135	5
22	29136	5
22	29137	5
22	29138	6
22	29139	5
22	29140	5
22	29141	5
22	29142	5
22	29143	5
22	29144	6
22	29145	7
22	29146	7
22	29147	7
22	29148	8
22	29149	7
22	29150	8
22	29151	8
22	29152	8
22	29153	9
22	29154	9
22	29155	9
22	29156	9
22	29157	9
22	29158	11
22	29159	12
22	29160	12
22	29161	12
22	29162	12
22	29163	12
22	29164	12
22	29165	12
22	29166	12
22	29167	12
22	29168	11
22	29169	11
22	29170	11
22	29171	11
22	29172	11
22	29173	11
22	29174	12
22	29175	12
22	29176	12
22	29177	12
22	29178	12
22	29179	13
22	29180	13
22	29181	13
22	29182	14
22	29183	15
22	29184	15
22	29185	15
22	29186	15
22	29187	15
22	29188	15
22	29189	14
22	29190	14
22	29191	14
22	29192	14
22	29193	14
22	29194	14
22	29195	13
22	29196	14
22	29197	13
22	29198	13
22	29199	13
22	29200	13
22	29201	13
22	29202	14
22	29203	15
22	29204	17
22	29205	18
22	29206	18
22	29207	20
22	29208	20
22	29209	19
22	29210	19
22	29211	19
22	29212	19
22	29213	19
22	29214	19
22	29215	18
22	29216	18
22	29217	18
22	29218	19
22	29219	20
22	29220	20
22	29221	21
22	29222	21
22	29223	20
22	29224	20
22	29225	20
22	29226	20
22	29227	20
22	29228	20
22	29229	21
22	29230	21
22	29231	20
22	29232	20
22	29233	21
22	29234	21
22	29235	20
22	29236	20
22	29237	20
22	29238	19
22	29239	19
22	29240	19
22	29241	20
22	29242	20
22	29243	20
22	29244	20
22	29245	19
22	29246	19
22	29247	19
22	29248	19
22	29249	19
22	29250	19
22	29251	19
22	29252	19
22	29253	19
22	29254	19
22	29255	20
22	29256	20
22	29257	21
22	29258	22
22	29259	21
22	29260	21
22	29261	20
22	29262	20
22	29263	20
22	29264	21
22	29265	21
22	29266	21
22	29267	21
22	29268	22
22	29269	22
22	29270	23
22	29271	23
22	29272	23
22	29273	23
22	29274	23
22	29275	23
22	29276	23
22	29277	22
22	29278	22
22	29279	23
22	29280	23
22	29281	23
22	29282	23
22	29283	22
22	29284	22
22	29285	22
22	29286	21
22	29287	21
22	29288	22
22	29289	23
22	29290	23
22	29291	23
22	29292	25
22	29293	25
22	29294	25
22	29295	24
22	29296	24
22	29297	24
22	29298	24
22	29299	24
22	29300	24
22	29301	23
22	29302	24
22	29303	23
22	29304	23
22	29305	23
22	29306	23
22	29307	25
22	29308	27
22	29309	27
22	29310	28
22	29311	28
22	29312	28
22	29313	28
22	29314	28
22	29315	28
22	29316	29
22	29317	30
22	29318	31
22	29319	29
22	29320	28
22	29321	27
22	29322	27
22	29323	26
22	29324	26
22	29325	26
22	29326	27
22	29327	26
22	29328	25
22	29329	25
22	29330	25
22	29331	25
22	29332	25
22	29333	24
22	29334	26
22	29335	26
22	29336	27
22	29337	29
22	29338	29
22	29339	28
22	29340	28
22	29341	28
22	29342	28
22	29343	28
22	29344	28
22	29345	28
22	29346	27
22	29347	28
22	29348	27
22	29349	26
22	29350	27
22	29351	27
22	29352	28
22	29353	28
22	29354	28
22	29355	29
22	29356	29
22	29357	29
22	29358	29
22	29359	29
22	29360	29
22	29361	28
22	29362	27
22	29363	27
22	29364	27
22	29365	26
22	29366	26
22	29367	26
22	29368	25
22	29369	26
22	29370	26
22	29371	26
22	29372	26
22	29373	25
22	29374	24
22	29375	25
22	29376	25
22	29377	25
22	29378	24
22	29379	24
22	29380	25
22	29381	23
22	29382	22
22	29383	23
22	29384	22
22	29385	21
22	29386	22
22	29387	22
22	29388	22
22	29389	22
22	29390	21
22	29391	21
22	29392	21
22	29393	21
22	29394	20
22	29395	20
22	29396	20
22	29397	21
22	29398	21
22	29399	21
22	29400	22
22	29401	22
22	29402	21
22	29403	21
22	29404	21
22	29405	22
22	29406	22
22	29407	23
22	29408	23
22	29409	22
22	29410	22
22	29411	24
22	29412	24
22	29413	24
22	29414	25
22	29415	25
22	29416	24
22	29417	22
22	29418	22
22	29419	22
22	29420	21
22	29421	21
22	29422	22
22	29423	22
22	29424	22
22	29425	22
22	29426	22
22	29427	22
22	29428	22
22	29429	21
22	29430	21
22	29431	21
22	29432	21
22	29433	21
22	29434	21
22	29435	21
22	29436	21
22	29437	22
22	29438	21
22	29439	21
22	29440	21
22	29441	22
22	29442	22
22	29443	21
22	29444	21
22	29445	20
22	29446	20
22	29447	21
22	29448	21
22	29449	22
22	29450	23
22	29451	23
22	29452	24
22	29453	23
22	29454	23
22	29455	23
22	29456	23
22	29457	23
22	29458	23
22	29459	23
22	29460	23
22	29461	23
22	29462	23
22	29463	23
22	29464	24
22	29465	24
22	29466	23
22	29467	23
22	29468	23
22	29469	23
22	29470	23
22	29471	23
22	29472	23
22	29473	23
22	29474	23
22	29475	23
22	29476	23
22	29477	23
22	29478	23
22	29479	24
22	29480	23
22	29481	23
22	29482	24
22	29483	25
22	29484	24
22	29485	23
22	29486	24
22	29487	23
22	29488	23
22	29489	22
22	29490	20
22	29491	20
22	29492	20
22	29493	19
22	29494	19
22	29495	18
22	29496	18
22	29497	19
22	29498	18
22	29499	18
22	29500	16
22	29501	16
22	29502	16
22	29503	18
22	29504	19
22	29505	19
22	29506	19
22	29507	19
22	29508	19
22	29509	19
22	29510	19
22	29511	17
22	29512	16
22	29513	16
22	29514	16
22	29515	16
22	29516	17
22	29517	17
22	29518	17
22	29519	16
22	29520	16
22	29521	16
22	29522	16
22	29523	18
22	29524	18
22	29525	18
22	29526	18
22	29527	18
22	29528	19
22	29529	20
22	29530	20
22	29531	20
22	29532	20
22	29533	20
22	29534	19
22	29535	19
22	29536	18
22	29537	16
22	29538	16
22	29539	17
22	29540	16
22	29541	16
22	29542	17
22	29543	17
22	29544	17
22	29545	19
22	29546	18
22	29547	18
22	29548	18
22	29549	19
22	29550	21
22	29551	20
22	29552	20
22	29553	20
22	29554	20
22	29555	19
22	29556	19
22	29557	19
22	29558	18
22	29559	16
22	29560	16
22	29561	17
22	29562	16
22	29563	16
22	29564	16
22	29565	17
22	29566	17
22	29567	17
22	29568	17
22	29569	16
22	29570	16
22	29571	17
22	29572	17
22	29573	17
22	29574	17
22	29575	17
22	29576	17
22	29577	17
22	29578	17
22	29579	17
22	29580	17
22	29581	17
22	29582	17
22	29583	17
22	29584	17
22	29585	17
22	29586	17
22	29587	17
22	29588	17
22	29589	17
22	29590	17
22	29591	17
22	29592	18
22	29593	18
22	29594	20
22	29595	20
22	29596	21
22	29597	21
22	29598	21
22	29599	21
22	29600	22
22	29601	22
22	29602	20
22	29603	20
22	29604	19
22	29605	19
22	29606	19
22	29607	19
22	29608	18
22	29609	19
22	29610	19
22	29611	19
22	29612	19
22	29613	19
22	29614	18
22	29615	18
22	29616	18
22	29617	18
22	29618	18
22	29619	19
22	29620	19
22	29621	19
22	29622	20
22	29623	20
22	29624	20
22	29625	20
22	29626	20
22	29627	20
22	29628	20
22	29629	20
22	29630	20
22	29631	21
22	29632	21
22	29633	21
22	29634	22
22	29635	22
22	29636	22
22	29637	22
22	29638	22
22	29639	21
22	29640	21
22	29641	22
22	29642	21
22	29643	20
22	29644	19
22	29645	18
22	29646	17
22	29647	17
22	29648	17
22	29649	17
22	29650	17
22	29651	16
22	29652	17
22	29653	17
22	29654	18
22	29655	18
22	29656	19
22	29657	19
22	29658	18
22	29659	18
22	29660	18
22	29661	19
22	29662	19
22	29663	19
22	29664	18
22	29665	18
22	29666	18
22	29667	18
22	29668	18
22	29669	18
22	29670	18
22	29671	17
22	29672	17
22	29673	17
22	29674	17
22	29675	17
22	29676	16
22	29677	16
22	29678	16
22	29679	16
22	29680	16
22	29681	16
22	29682	16
22	29683	16
22	29684	15
22	29685	15
22	29686	15
22	29687	15
22	29688	14
22	29689	13
22	29690	13
22	29691	13
22	29692	13
22	29693	12
22	29694	12
22	29695	12
22	29696	11
22	29697	11
22	29698	12
22	29699	12
22	29700	12
22	29701	11
22	29702	11
22	29703	11
22	29704	10
22	29705	10
22	29706	10
22	29707	11
22	29708	12
22	29709	11
22	29710	11
22	29711	11
22	29712	11
22	29713	11
22	29714	11
22	29715	11
22	29716	11
22	29717	11
22	29718	10
22	29719	8
22	29720	8
22	29721	8
22	29722	8
22	29723	8
22	29724	8
22	29725	7
22	29726	6
22	29727	6
22	29728	6
22	29729	7
22	29730	7
22	29731	7
22	29732	7
22	29733	7
22	29734	8
22	29735	8
22	29736	8
22	29737	8
22	29738	8
22	29739	8
22	29740	9
22	29741	10
22	29742	11
22	29743	11
22	29744	11
22	29745	11
22	29746	12
22	29747	12
22	29748	12
22	29749	13
22	29750	14
22	29751	16
22	29752	17
22	29753	17
22	29754	17
22	29755	17
22	29756	19
22	29757	19
22	29758	19
22	29759	19
22	29760	19
22	29761	19
22	29762	20
22	29763	20
22	29764	20
22	29765	20
22	29766	20
22	29767	21
22	29768	21
22	29769	21
22	29770	21
22	29771	21
22	29772	22
22	29773	22
22	29774	22
22	29775	22
22	29776	23
22	29777	23
22	29778	23
22	29779	24
22	29780	24
22	29781	24
22	29782	25
22	29783	24
22	29784	24
22	29785	23
22	29786	23
22	29787	23
22	29788	23
22	29789	23
22	29790	23
22	29791	23
22	29792	22
22	29793	23
22	29794	23
22	29795	23
22	29796	23
22	29797	23
22	29798	22
22	29799	22
22	29800	22
22	29801	24
22	29802	24
22	29803	24
22	29804	25
22	29805	25
22	29806	25
22	29807	26
22	29808	26
22	29809	25
22	29810	24
22	29811	24
22	29812	25
22	29813	25
22	29814	25
22	29815	25
22	29816	25
22	29817	25
22	29818	25
22	29819	24
22	29820	24
22	29821	24
22	29822	24
22	29823	25
22	29824	25
22	29825	24
22	29826	24
22	29827	24
22	29828	24
22	29829	23
22	29830	23
22	29831	25
22	29832	25
22	29833	25
22	29834	24
22	29835	23
22	29836	23
22	29837	23
22	29838	23
22	29839	23
22	29840	24
22	29841	23
22	29842	22
22	29843	22
22	29844	21
22	29845	21
22	29846	22
22	29847	23
22	29848	24
22	29849	24
22	29850	24
22	29851	25
22	29852	27
22	29853	27
22	29854	27
22	29855	27
22	29856	27
22	29857	27
22	29858	27
22	29859	27
22	29860	27
22	29861	27
22	29862	27
22	29863	27
22	29864	27
22	29865	26
22	29866	26
22	29867	25
22	29868	27
22	29869	27
22	29870	29
22	29871	29
22	29872	30
22	29873	30
22	29874	30
22	29875	28
22	29876	28
22	29877	29
22	29878	28
22	29879	28
22	29880	28
22	29881	28
22	29882	28
22	29883	27
22	29884	27
22	29885	27
22	29886	27
22	29887	27
22	29888	28
22	29889	28
22	29890	27
22	29891	27
22	29892	27
22	29893	26
22	29894	26
22	29895	26
22	29896	27
22	29897	26
22	29898	26
22	29899	26
22	29900	25
22	29901	24
22	29902	23
22	29903	24
22	29904	23
22	29905	22
22	29906	22
22	29907	23
22	29908	23
22	29909	23
22	29910	23
22	29911	22
22	29912	23
22	29913	24
22	29914	23
22	29915	23
22	29916	22
22	29917	21
22	29918	20
22	29919	20
22	29920	20
22	29921	20
22	29922	19
22	29923	18
22	29924	19
22	29925	18
22	29926	19
22	29927	19
22	29928	19
22	29929	19
22	29930	19
22	29931	19
22	29932	19
22	29933	18
22	29934	18
22	29935	18
22	29936	18
22	29937	18
22	29938	17
22	29939	18
22	29940	18
22	29941	18
22	29942	18
22	29943	19
22	29944	19
22	29945	19
22	29946	19
22	29947	18
22	29948	18
22	29949	18
22	29950	18
22	29951	18
22	29952	18
22	29953	18
22	29954	18
22	29955	19
22	29956	19
22	29957	19
22	29958	19
22	29959	20
22	29960	20
22	29961	20
22	29962	20
22	29963	20
22	29964	20
22	29965	20
22	29966	20
22	29967	20
22	29968	20
22	29969	20
22	29970	20
22	29971	20
22	29972	21
22	29973	20
22	29974	21
22	29975	22
22	29976	22
22	29977	22
22	29978	21
22	29979	20
22	29980	21
22	29981	22
22	29982	22
22	29983	21
22	29984	21
22	29985	21
22	29986	22
22	29987	22
22	29988	22
22	29989	23
22	29990	23
22	29991	23
22	29992	23
22	29993	23
22	29994	24
22	29995	24
22	29996	23
22	29997	23
22	29998	23
22	29999	22
22	30000	23
22	30001	23
22	30002	24
22	30003	24
22	30004	24
22	30005	24
22	30006	23
22	30007	23
22	30008	23
22	30009	22
22	30010	22
22	30011	22
22	30012	22
22	30013	21
22	30014	21
22	30015	20
22	30016	21
22	30017	21
22	30018	21
22	30019	20
22	30020	20
22	30021	20
22	30022	20
22	30023	20
22	30024	20
22	30025	20
22	30026	20
22	30027	20
22	30028	20
22	30029	19
22	30030	19
22	30031	19
22	30032	18
22	30033	17
22	30034	18
22	30035	18
22	30036	18
22	30037	17
22	30038	17
22	30039	17
22	30040	19
22	30041	19
22	30042	20
22	30043	20
22	30044	21
22	30045	21
22	30046	23
22	30047	23
22	30048	23
22	30049	23
22	30050	23
22	30051	23
22	30052	23
22	30053	22
22	30054	22
22	30055	22
22	30056	22
22	30057	22
22	30058	22
22	30059	22
22	30060	20
22	30061	21
22	30062	22
22	30063	22
22	30064	22
22	30065	23
22	30066	23
22	30067	22
22	30068	21
22	30069	21
22	30070	21
22	30071	21
22	30072	21
22	30073	21
22	30074	22
22	30075	22
22	30076	22
22	30077	23
22	30078	23
22	30079	23
22	30080	23
22	30081	24
22	30082	22
22	30083	22
22	30084	21
22	30085	21
22	30086	21
22	30087	21
22	30088	21
22	30089	20
22	30090	20
22	30091	20
22	30092	21
22	30093	21
22	30094	21
22	30095	20
22	30096	19
22	30097	19
22	30098	19
22	30099	19
22	30100	18
22	30101	18
22	30102	19
22	30103	19
22	30104	20
22	30105	19
22	30106	19
22	30107	19
22	30108	19
22	30109	19
22	30110	19
22	30111	17
22	30112	15
22	30113	15
22	30114	16
22	30115	16
22	30116	17
22	30117	17
22	30118	16
22	30119	16
22	30120	16
22	30121	15
22	30122	16
22	30123	16
22	30124	16
22	30125	17
22	30126	17
22	30127	18
22	30128	18
22	30129	18
22	30130	18
22	30131	18
22	30132	18
22	30133	17
22	30134	18
22	30135	17
22	30136	17
22	30137	17
22	30138	17
22	30139	17
22	30140	18
22	30141	18
22	30142	18
22	30143	17
22	30144	16
22	30145	16
22	30146	16
22	30147	16
22	30148	16
22	30149	16
22	30150	17
22	30151	17
22	30152	17
22	30153	17
22	30154	18
22	30155	18
22	30156	18
22	30157	18
22	30158	18
22	30159	16
22	30160	17
22	30161	17
22	30162	17
22	30163	17
22	30164	16
22	30165	16
22	30166	16
22	30167	16
22	30168	16
22	30169	16
22	30170	15
22	30171	15
22	30172	15
22	30173	15
22	30174	14
22	30175	14
22	30176	14
22	30177	15
22	30178	15
22	30179	15
22	30180	17
22	30181	18
22	30182	17
22	30183	16
22	30184	15
22	30185	15
22	30186	16
22	30187	16
22	30188	16
22	30189	17
22	30190	17
22	30191	17
22	30192	16
22	30193	16
22	30194	17
22	30195	15
22	30196	15
22	30197	15
22	30198	16
22	30199	16
22	30200	15
22	30201	15
22	30202	15
22	30203	15
22	30204	15
22	30205	15
22	30206	15
22	30207	16
22	30208	16
22	30209	16
22	30210	16
22	30211	18
22	30212	18
22	30213	20
22	30214	20
22	30215	20
22	30216	20
22	30217	19
22	30218	19
22	30219	19
22	30220	20
22	30221	21
22	30222	21
22	30223	22
22	30224	22
22	30225	21
22	30226	20
22	30227	20
22	30228	21
22	30229	21
22	30230	21
22	30231	20
22	30232	22
22	30233	23
22	30234	23
22	30235	23
22	30236	23
22	30237	22
22	30238	22
22	30239	22
22	30240	22
22	30241	22
22	30242	22
22	30243	22
22	30244	22
22	30245	22
22	30246	23
22	30247	23
22	30248	23
22	30249	23
22	30250	23
22	30251	24
22	30252	24
22	30253	25
22	30254	26
22	30255	26
22	30256	27
22	30257	27
22	30258	27
22	30259	26
22	30260	26
22	30261	27
22	30262	28
22	30263	28
22	30264	28
22	30265	28
22	30266	28
22	30267	28
22	30268	28
22	30269	29
22	30270	29
22	30271	29
22	30272	29
22	30273	29
22	30274	29
22	30275	29
22	30276	28
22	30277	28
22	30278	28
22	30279	27
22	30280	27
22	30281	26
22	30282	25
22	30283	25
22	30284	26
22	30285	26
22	30286	26
22	30287	27
22	30288	26
22	30289	25
22	30290	25
22	30291	27
22	30292	27
22	30293	27
22	30294	27
22	30295	27
22	30296	27
22	30297	26
22	30298	26
22	30299	26
22	30300	26
22	30301	26
22	30302	27
22	30303	26
22	30304	26
22	30305	25
22	30306	25
22	30307	26
22	30308	26
22	30309	26
22	30310	26
22	30311	26
22	30312	26
22	30313	26
22	30314	25
22	30315	24
22	30316	24
22	30317	24
22	30318	25
22	30319	25
22	30320	25
22	30321	25
22	30322	25
22	30323	25
22	30324	25
22	30325	26
22	30326	26
22	30327	25
22	30328	26
22	30329	25
22	30330	24
22	30331	23
22	30332	22
22	30333	22
22	30334	22
22	30335	24
22	30336	24
22	30337	24
22	30338	23
22	30339	22
22	30340	22
22	30341	22
22	30342	23
22	30343	23
22	30344	21
22	30345	21
22	30346	20
22	30347	20
22	30348	20
22	30349	21
22	30350	21
22	30351	21
22	30352	21
22	30353	22
22	30354	22
22	30355	23
22	30356	22
22	30357	22
22	30358	22
22	30359	22
22	30360	22
22	30361	22
22	30362	22
22	30363	22
22	30364	23
22	30365	23
22	30366	23
22	30367	24
22	30368	25
22	30369	24
22	30370	23
22	30371	23
22	30372	23
22	30373	23
22	30374	23
22	30375	23
22	30376	23
22	30377	23
22	30378	23
22	30379	23
22	30380	26
22	30381	25
22	30382	26
22	30383	26
22	30384	25
22	30385	25
22	30386	26
22	30387	26
22	30388	26
22	30389	26
22	30390	27
22	30391	27
22	30392	27
22	30393	25
22	30394	25
22	30395	25
22	30396	25
22	30397	25
22	30398	26
22	30399	26
22	30400	26
22	30401	25
22	30402	25
22	30403	25
22	30404	26
22	30405	27
22	30406	26
22	30407	28
22	30408	28
22	30409	29
22	30410	29
22	30411	29
22	30412	29
22	30413	29
22	30414	29
22	30415	29
22	30416	30
22	30417	29
22	30418	30
22	30419	30
22	30420	30
22	30421	30
22	30422	30
22	30423	30
22	30424	30
22	30425	30
22	30426	29
22	30427	29
22	30428	30
22	30429	30
22	30430	30
22	30431	30
22	30432	29
22	30433	28
22	30434	28
22	30435	27
22	30436	27
22	30437	27
22	30438	27
22	30439	27
22	30440	28
22	30441	28
22	30442	28
22	30443	29
22	30444	30
22	30445	29
22	30446	29
22	30447	29
22	30448	29
22	30449	29
22	30450	29
22	30451	28
22	30452	28
22	30453	28
22	30454	27
22	30455	27
22	30456	27
22	30457	26
22	30458	27
22	30459	27
22	30460	27
22	30461	28
22	30462	29
22	30463	27
22	30464	26
22	30465	26
22	30466	27
22	30467	27
22	30468	27
22	30469	27
22	30470	28
22	30471	27
22	30472	28
22	30473	28
22	30474	28
22	30475	28
22	30476	27
22	30477	27
22	30478	26
22	30479	26
22	30480	27
22	30481	28
22	30482	28
22	30483	28
22	30484	28
22	30485	27
22	30486	27
22	30487	27
22	30488	27
22	30489	26
22	30490	25
22	30491	25
22	30492	26
22	30493	28
22	30494	28
22	30495	28
22	30496	29
22	30497	29
22	30498	29
22	30499	33
22	30500	34
22	30501	35
22	30502	34
22	30503	34
22	30504	33
22	30505	32
22	30506	32
22	30507	32
22	30508	33
22	30509	34
22	30510	34
22	30511	34
22	30512	33
22	30513	33
22	30514	32
22	30515	33
22	30516	33
22	30517	34
22	30518	34
22	30519	33
22	30520	32
22	30521	31
22	30522	30
22	30523	30
22	30524	28
22	30525	28
22	30526	29
22	30527	27
22	30528	27
22	30529	28
22	30530	29
22	30531	29
22	30532	28
22	30533	28
22	30534	29
22	30535	30
22	30536	31
22	30537	31
22	30538	31
22	30539	31
22	30540	31
22	30541	32
22	30542	32
22	30543	31
22	30544	31
22	30545	30
22	30546	30
22	30547	31
22	30548	30
22	30549	30
22	30550	29
22	30551	29
22	30552	29
22	30553	28
22	30554	29
22	30555	29
22	30556	29
22	30557	30
22	30558	30
22	30559	32
22	30560	32
22	30561	32
22	30562	31
22	30563	31
22	30564	31
22	30565	30
22	30566	28
22	30567	29
22	30568	29
22	30569	29
22	30570	30
22	30571	30
22	30572	30
22	30573	30
22	30574	30
22	30575	29
22	30576	30
22	30577	29
22	30578	29
22	30579	29
22	30580	29
22	30581	30
22	30582	30
22	30583	31
22	30584	32
22	30585	31
22	30586	31
22	30587	30
22	30588	29
22	30589	28
22	30590	27
22	30591	27
22	30592	28
22	30593	29
22	30594	29
22	30595	29
22	30596	29
22	30597	29
22	30598	29
22	30599	29
22	30600	29
22	30601	29
22	30602	29
22	30603	29
22	30604	29
22	30605	29
22	30606	29
22	30607	29
22	30608	29
22	30609	29
22	30610	28
22	30611	28
22	30612	28
22	30613	28
22	30614	28
22	30615	28
22	30616	27
22	30617	26
22	30618	26
22	30619	27
22	30620	27
22	30621	27
22	30622	28
22	30623	28
22	30624	28
22	30625	28
22	30626	27
22	30627	28
22	30628	28
22	30629	29
22	30630	29
22	30631	28
22	30632	27
22	30633	28
22	30634	28
22	30635	27
22	30636	28
22	30637	27
22	30638	25
22	30639	25
22	30640	24
22	30641	23
22	30642	22
22	30643	22
22	30644	22
22	30645	22
22	30646	22
22	30647	22
22	30648	22
22	30649	22
22	30650	24
22	30651	24
22	30652	23
22	30653	23
22	30654	23
22	30655	23
22	30656	23
22	30657	23
22	30658	22
22	30659	21
22	30660	21
22	30661	21
22	30662	22
22	30663	22
22	30664	22
22	30665	22
22	30666	21
22	30667	23
22	30668	22
22	30669	22
22	30670	22
22	30671	22
22	30672	23
22	30673	25
22	30674	25
22	30675	25
22	30676	26
22	30677	27
22	30678	27
22	30679	27
22	30680	26
22	30681	26
22	30682	26
22	30683	26
22	30684	26
22	30685	26
22	30686	25
22	30687	25
22	30688	26
22	30689	26
22	30690	25
22	30691	25
22	30692	24
22	30693	23
22	30694	23
22	30695	23
22	30696	23
22	30697	23
22	30698	24
22	30699	24
22	30700	23
22	30701	23
22	30702	23
22	30703	23
22	30704	23
22	30705	23
22	30706	22
22	30707	20
22	30708	20
22	30709	20
22	30710	19
22	30711	19
22	30712	19
22	30713	19
22	30714	19
22	30715	20
22	30716	20
22	30717	20
22	30718	20
22	30719	21
22	30720	21
22	30721	21
22	30722	23
22	30723	23
22	30724	23
22	30725	23
22	30726	23
22	30727	22
22	30728	23
22	30729	22
22	30730	21
22	30731	21
22	30732	22
22	30733	22
22	30734	23
22	30735	23
22	30736	24
22	30737	23
22	30738	23
22	30739	22
22	30740	23
22	30741	23
22	30742	22
22	30743	22
22	30744	22
22	30745	22
22	30746	22
22	30747	22
22	30748	22
22	30749	22
22	30750	22
22	30751	22
22	30752	23
22	30753	22
22	30754	22
22	30755	22
22	30756	22
22	30757	22
22	30758	22
22	30759	21
22	30760	21
22	30761	22
22	30762	20
22	30763	20
22	30764	21
22	30765	22
22	30766	21
22	30767	21
22	30768	20
22	30769	20
22	30770	20
22	30771	20
22	30772	20
22	30773	20
22	30774	20
22	30775	21
22	30776	20
22	30777	20
22	30778	21
22	30779	21
22	30780	21
22	30781	21
22	30782	22
22	30783	23
22	30784	23
22	30785	23
22	30786	23
22	30787	24
22	30788	23
22	30789	23
22	30790	23
22	30791	24
22	30792	24
22	30793	24
22	30794	24
22	30795	24
22	30796	23
22	30797	23
22	30798	23
22	30799	23
22	30800	23
22	30801	23
22	30802	22
22	30803	22
22	30804	22
22	30805	23
22	30806	23
22	30807	24
22	30808	23
22	30809	22
22	30810	21
22	30811	22
22	30812	24
22	30813	22
22	30814	23
22	30815	24
22	30816	25
22	30817	25
22	30818	25
22	30819	25
22	30820	24
22	30821	23
22	30822	23
22	30823	22
22	30824	22
22	30825	22
22	30826	22
22	30827	21
22	30828	22
22	30829	22
22	30830	21
22	30831	21
22	30832	22
22	30833	23
22	30834	23
22	30835	23
22	30836	23
22	30837	23
22	30838	23
22	30839	23
22	30840	23
22	30841	22
22	30842	22
22	30843	22
22	30844	22
22	30845	22
22	30846	20
22	30847	20
22	30848	19
22	30849	19
22	30850	19
22	30851	19
22	30852	19
22	30853	19
22	30854	18
22	30855	18
22	30856	18
22	30857	17
22	30858	16
22	30859	16
22	30860	16
22	30861	16
22	30862	16
22	30863	16
22	30864	15
22	30865	15
22	30866	14
22	30867	14
22	30868	14
22	30869	14
22	30870	14
22	30871	14
22	30872	14
22	30873	14
22	30874	14
22	30875	13
22	30876	13
22	30877	12
22	30878	11
22	30879	10
22	30880	10
22	30881	9
22	30882	8
22	30883	8
22	30884	8
22	30885	8
22	30886	8
22	30887	8
22	30888	6
22	30889	6
22	30890	6
22	30891	6
22	30892	6
22	30893	6
22	30894	6
22	30895	6
22	30896	5
22	30897	4
22	30898	4
22	30899	4
22	30900	3
22	30901	2
22	30902	2
22	30903	2
22	30904	2
22	30905	2
22	30906	2
22	30907	1
22	30926	2
22	30927	2
22	30928	2
22	30929	2
22	30930	2
22	30931	2
22	30932	2
22	30933	2
22	30934	2
22	30935	2
22	30936	3
22	30937	3
22	30938	4
22	30939	4
22	30940	4
22	30941	4
22	30942	4
22	30943	5
22	30944	5
22	30945	6
22	30946	6
22	30947	6
22	30948	6
22	30949	6
22	30950	7
22	30951	7
22	30952	9
22	30953	9
22	30954	9
22	30955	11
22	30956	11
22	30957	11
22	30958	11
22	30959	11
22	30960	11
22	30961	11
22	30962	11
22	30963	11
22	30964	11
22	30965	11
22	30966	11
22	30967	12
22	30968	11
22	30969	11
22	30970	11
22	30971	11
22	30972	11
22	30973	11
22	30974	11
22	30975	11
22	30976	11
22	30977	11
22	30978	11
22	30979	11
22	30980	11
22	30981	11
22	30982	11
22	30983	11
22	30984	12
22	30985	12
22	30986	13
22	30987	13
22	30988	13
22	30989	13
22	30990	13
22	30991	13
22	30992	13
22	30993	14
22	30994	14
22	30995	14
22	30996	14
22	30997	14
22	30998	14
22	30999	14
22	31000	14
22	31001	14
22	31002	13
22	31003	13
22	31004	13
22	31005	13
22	31006	13
22	31007	13
22	31008	13
22	31009	13
22	31010	14
22	31011	13
22	31012	13
22	31013	13
22	31014	13
22	31015	13
22	31016	13
22	31017	13
22	31018	14
22	31019	13
22	31020	13
22	31021	14
22	31022	14
22	31023	14
22	31024	14
22	31025	14
22	31026	14
22	31027	13
22	31028	14
22	31029	14
22	31030	14
22	31031	14
22	31032	14
22	31033	13
22	31034	12
22	31035	11
22	31036	11
22	31037	11
22	31038	10
22	31039	10
22	31040	10
22	31041	11
22	31042	11
22	31043	11
22	31044	11
22	31045	11
22	31046	11
22	31047	11
22	31048	11
22	31049	12
22	31050	12
22	31051	11
22	31052	11
22	31053	11
22	31054	11
22	31055	10
22	31056	10
22	31057	10
22	31058	10
22	31059	10
22	31060	10
22	31061	10
22	31062	10
22	31063	11
22	31064	12
22	31065	12
22	31066	12
22	31067	12
22	31068	11
22	31069	11
22	31070	10
22	31071	10
22	31072	9
22	31073	9
22	31074	10
22	31075	11
22	31076	12
22	31077	12
22	31078	12
22	31079	13
22	31080	14
22	31081	13
22	31082	12
22	31083	12
22	31084	12
22	31085	12
22	31086	12
22	31087	13
22	31088	14
22	31089	15
22	31090	15
22	31091	15
22	31092	16
22	31093	16
22	31094	17
22	31095	17
22	31096	16
22	31097	17
22	31098	18
22	31099	19
22	31100	21
22	31101	22
22	31102	23
22	31103	23
22	31104	23
22	31105	24
22	31106	24
22	31107	23
22	31108	23
22	31109	22
22	31110	21
22	31111	23
22	31112	24
22	31113	24
22	31114	25
22	31115	25
22	31116	25
22	31117	25
22	31118	25
22	31119	25
22	31120	25
22	31121	25
22	31122	24
22	31123	23
22	31124	23
22	31125	22
22	31126	23
22	31127	23
22	31128	23
22	31129	22
22	31130	22
22	31131	23
22	31132	23
22	31133	22
22	31134	21
22	31135	21
22	31136	21
22	31137	19
22	31138	18
22	31139	18
22	31140	18
22	31141	18
22	31142	18
22	31143	18
22	31144	19
22	31145	20
22	31146	19
22	31147	18
22	31148	19
22	31149	19
22	31150	19
22	31151	20
22	31152	20
22	31153	20
22	31154	22
22	31155	22
22	31156	23
22	31157	23
22	31158	22
22	31159	22
22	31160	22
22	31161	23
22	31162	24
22	31163	25
22	31164	25
22	31165	25
22	31166	24
22	31167	24
22	31168	25
22	31169	24
22	31170	24
22	31171	25
22	31172	24
22	31173	24
22	31174	24
22	31175	24
22	31176	24
22	31177	24
22	31178	24
22	31179	24
22	31180	24
22	31181	24
22	31182	24
22	31183	24
22	31184	24
22	31185	24
22	31186	23
22	31187	23
22	31188	23
22	31189	22
22	31190	22
22	31191	21
22	31192	21
22	31193	21
22	31194	21
22	31195	19
22	31196	18
22	31197	18
22	31198	19
22	31199	18
22	31200	18
22	31201	17
22	31202	18
22	31203	19
22	31204	19
22	31205	19
22	31206	19
22	31207	19
22	31208	19
22	31209	20
22	31210	20
22	31211	20
22	31212	20
22	31213	20
22	31214	20
22	31215	21
22	31216	21
22	31217	22
22	31218	22
22	31219	23
22	31220	23
22	31221	21
22	31222	22
22	31223	22
22	31224	22
22	31225	22
22	31226	21
22	31227	20
22	31228	19
22	31229	19
22	31230	19
22	31231	20
22	31232	20
22	31233	20
22	31234	22
22	31235	22
22	31236	21
22	31237	21
22	31238	21
22	31239	21
22	31240	21
22	31241	21
22	31242	23
22	31243	24
22	31244	25
22	31245	25
22	31246	25
22	31247	25
22	31248	24
22	31249	24
22	31250	25
22	31251	25
22	31252	25
22	31253	25
22	31254	26
22	31255	26
22	31256	26
22	31257	26
22	31258	26
22	31259	26
22	31260	26
22	31261	26
22	31262	26
22	31263	26
22	31264	26
22	31265	25
22	31266	26
22	31267	26
22	31268	26
22	31269	26
22	31270	26
22	31271	26
22	31272	27
22	31273	27
22	31274	27
22	31275	26
22	31276	26
22	31277	26
22	31278	25
22	31279	25
22	31280	25
22	31281	25
22	31282	25
22	31283	25
22	31284	25
22	31285	25
22	31286	24
22	31287	24
22	31288	23
22	31289	22
22	31290	22
22	31291	22
22	31292	22
22	31293	22
22	31294	22
22	31295	21
22	31296	20
22	31297	21
22	31298	21
22	31299	21
22	31300	21
22	31301	21
22	31302	23
22	31303	23
22	31304	23
22	31305	24
22	31306	24
22	31307	24
22	31308	23
22	31309	22
22	31310	22
22	31311	22
22	31312	22
22	31313	23
22	31314	23
22	31315	23
22	31316	23
22	31317	23
22	31318	22
22	31319	23
22	31320	24
22	31321	25
22	31322	24
22	31323	24
22	31324	25
22	31325	25
22	31326	25
22	31327	24
22	31328	25
22	31329	25
22	31330	25
22	31331	25
22	31332	26
22	31333	27
22	31334	27
22	31335	28
22	31336	27
22	31337	27
22	31338	27
22	31339	29
22	31340	29
22	31341	29
22	31342	29
22	31343	29
22	31344	29
22	31345	29
22	31346	29
22	31347	29
22	31348	29
22	31349	28
22	31350	28
22	31351	28
22	31352	28
22	31353	27
22	31354	26
22	31355	25
22	31356	25
22	31357	25
22	31358	24
22	31359	23
22	31360	22
22	31361	22
22	31362	22
22	31363	20
22	31364	20
22	31365	20
22	31366	20
22	31367	20
22	31368	19
22	31369	18
22	31370	18
22	31371	17
22	31372	17
22	31373	15
22	31374	15
22	31375	15
22	31376	16
22	31377	16
22	31378	17
22	31379	16
22	31380	15
22	31381	16
22	31382	17
22	31383	19
22	31384	19
22	31385	20
22	31386	20
22	31387	20
22	31388	20
22	31389	20
22	31390	20
22	31391	20
22	31392	21
22	31393	21
22	31394	21
22	31395	21
22	31396	21
22	31397	20
22	31398	20
22	31399	20
22	31400	19
22	31401	20
22	31402	21
22	31403	22
22	31404	22
22	31405	21
22	31406	22
22	31407	22
22	31408	22
22	31409	22
22	31410	24
22	31411	24
22	31412	25
22	31413	25
22	31414	25
22	31415	25
22	31416	25
22	31417	25
22	31418	24
22	31419	24
22	31420	25
22	31421	25
22	31422	25
22	31423	25
22	31424	25
22	31425	25
22	31426	25
22	31427	25
22	31428	25
22	31429	25
22	31430	24
22	31431	23
22	31432	24
22	31433	24
22	31434	25
22	31435	25
22	31436	26
22	31437	25
22	31438	25
22	31439	24
22	31440	24
22	31441	23
22	31442	24
22	31443	24
22	31444	24
22	31445	23
22	31446	23
22	31447	23
22	31448	23
22	31449	23
22	31450	23
22	31451	24
22	31452	25
22	31453	24
22	31454	23
22	31455	23
22	31456	24
22	31457	24
22	31458	24
22	31459	24
22	31460	25
22	31461	24
22	31462	24
22	31463	24
22	31464	24
22	31465	25
22	31466	25
22	31467	26
22	31468	25
22	31469	25
22	31470	26
22	31471	25
22	31472	26
22	31473	26
22	31474	25
22	31475	25
22	31476	25
22	31477	25
22	31478	25
22	31479	25
22	31480	24
22	31481	24
22	31482	23
22	31483	23
22	31484	22
22	31485	22
22	31486	22
22	31487	21
22	31488	21
22	31489	21
22	31490	22
22	31491	22
22	31492	22
22	31493	22
22	31494	22
22	31495	22
22	31496	23
22	31497	24
22	31498	24
22	31499	24
22	31500	23
22	31501	23
22	31502	23
22	31503	23
22	31504	24
22	31505	24
22	31506	24
22	31507	24
22	31508	24
22	31509	22
22	31510	21
22	31511	20
22	31512	21
22	31513	22
22	31514	22
22	31515	22
22	31516	22
22	31517	24
22	31518	24
22	31519	23
22	31520	23
22	31521	23
22	31522	23
22	31523	23
22	31524	23
22	31525	23
22	31526	24
22	31527	25
22	31528	25
22	31529	25
22	31530	25
22	31531	25
22	31532	24
22	31533	24
22	31534	25
22	31535	25
22	31536	26
22	31537	25
22	31538	22
22	31539	21
22	31540	22
22	31541	21
22	31542	21
22	31543	21
22	31544	20
22	31545	20
22	31546	20
22	31547	20
22	31548	20
22	31549	20
22	31550	21
22	31551	21
22	31552	21
22	31553	21
22	31554	20
22	31555	19
22	31556	20
22	31557	20
22	31558	20
22	31559	20
22	31560	21
22	31561	21
22	31562	21
22	31563	22
22	31564	22
22	31565	22
22	31566	22
22	31567	22
22	31568	22
22	31569	23
22	31570	24
22	31571	24
22	31572	23
22	31573	23
22	31574	23
22	31575	23
22	31576	23
22	31577	23
22	31578	24
22	31579	24
22	31580	25
22	31581	25
22	31582	26
22	31583	26
22	31584	27
22	31585	28
22	31586	29
22	31587	29
22	31588	29
22	31589	28
22	31590	29
22	31591	29
22	31592	30
22	31593	30
22	31594	30
22	31595	29
22	31596	29
22	31597	30
22	31598	30
22	31599	30
22	31600	30
22	31601	30
22	31602	29
22	31603	28
22	31604	28
22	31605	28
22	31606	28
22	31607	29
22	31608	29
22	31609	29
22	31610	29
22	31611	31
22	31612	32
22	31613	32
22	31614	32
22	31615	33
22	31616	33
22	31617	32
22	31618	30
22	31619	30
22	31620	30
22	31621	30
22	31622	29
22	31623	27
22	31624	26
22	31625	26
22	31626	26
22	31627	25
22	31628	25
22	31629	25
22	31630	24
22	31631	24
22	31632	25
22	31633	25
22	31634	25
22	31635	25
22	31636	25
22	31637	26
22	31638	26
22	31639	27
22	31640	27
22	31641	27
22	31642	27
22	31643	27
22	31644	27
22	31645	27
22	31646	27
22	31647	27
22	31648	28
22	31649	28
22	31650	30
22	31651	30
22	31652	30
22	31653	30
22	31654	30
22	31655	29
22	31656	29
22	31657	29
22	31658	29
22	31659	29
22	31660	29
22	31661	29
22	31662	29
22	31663	29
22	31664	28
22	31665	28
22	31666	28
22	31667	28
22	31668	29
22	31669	28
22	31670	29
22	31671	29
22	31672	28
22	31673	28
22	31674	28
22	31675	28
22	31676	26
22	31677	26
22	31678	26
22	31679	26
22	31680	26
22	31681	26
22	31682	26
22	31683	25
22	31684	26
22	31685	26
22	31686	26
22	31687	26
22	31688	26
22	31689	26
22	31690	25
22	31691	25
22	31692	25
22	31693	25
22	31694	24
22	31695	25
22	31696	26
22	31697	27
22	31698	27
22	31699	27
22	31700	27
22	31701	27
22	31702	27
22	31703	27
22	31704	28
22	31705	28
22	31706	29
22	31707	29
22	31708	28
22	31709	28
22	31710	29
22	31711	30
22	31712	30
22	31713	31
22	31714	30
22	31715	30
22	31716	30
22	31717	30
22	31718	30
22	31719	30
22	31720	29
22	31721	29
22	31722	29
22	31723	28
22	31724	29
22	31725	29
22	31726	28
22	31727	28
22	31728	28
22	31729	29
22	31730	29
22	31731	29
22	31732	29
22	31733	29
22	31734	29
22	31735	29
22	31736	29
22	31737	28
22	31738	29
22	31739	29
22	31740	29
22	31741	29
22	31742	29
22	31743	29
22	31744	29
22	31745	29
22	31746	30
22	31747	30
22	31748	30
22	31749	29
22	31750	28
22	31751	27
22	31752	27
22	31753	26
22	31754	26
22	31755	26
22	31756	26
22	31757	27
22	31758	27
22	31759	27
22	31760	27
22	31761	26
22	31762	26
22	31763	26
22	31764	25
22	31765	26
22	31766	27
22	31767	27
22	31768	27
22	31769	27
22	31770	26
22	31771	27
22	31772	27
22	31773	28
22	31774	28
22	31775	28
22	31776	27
22	31777	27
22	31778	26
22	31779	27
22	31780	26
22	31781	27
22	31782	27
22	31783	27
22	31784	28
22	31785	28
22	31786	28
22	31787	27
22	31788	27
22	31789	27
22	31790	27
22	31791	27
22	31792	27
22	31793	28
22	31794	28
22	31795	27
22	31796	27
22	31797	27
22	31798	26
22	31799	26
22	31800	26
22	31801	27
22	31802	24
22	31803	24
22	31804	24
22	31805	25
22	31806	23
22	31807	23
22	31808	21
22	31809	20
22	31810	21
22	31811	21
22	31812	21
22	31813	22
22	31814	22
22	31815	22
22	31816	22
22	31817	23
22	31818	24
22	31819	24
22	31820	24
22	31821	24
22	31822	24
22	31823	24
22	31824	23
22	31825	23
22	31826	23
22	31827	23
22	31828	23
22	31829	25
22	31830	25
22	31831	25
22	31832	25
22	31833	26
22	31834	28
22	31835	28
22	31836	27
22	31837	26
22	31838	25
22	31839	25
22	31840	24
22	31841	23
22	31842	24
22	31843	24
22	31844	23
22	31845	23
22	31846	23
22	31847	22
22	31848	23
22	31849	23
22	31850	23
22	31851	23
22	31852	24
22	31853	23
22	31854	23
22	31855	23
22	31856	23
22	31857	22
22	31858	22
22	31859	22
22	31860	22
22	31861	24
22	31862	24
22	31863	25
22	31864	26
22	31865	27
22	31866	27
22	31867	27
22	31868	27
22	31869	27
22	31870	25
22	31871	23
22	31872	23
22	31873	23
22	31874	23
22	31875	23
22	31876	24
22	31877	24
22	31878	23
22	31879	23
22	31880	24
22	31881	23
22	31882	22
22	31883	22
22	31884	22
22	31885	21
22	31886	21
22	31887	20
22	31888	19
22	31889	19
22	31890	19
22	31891	19
22	31892	20
22	31893	20
22	31894	21
22	31895	20
22	31896	19
22	31897	19
22	31898	19
22	31899	19
22	31900	19
22	31901	18
22	31902	18
22	31903	18
22	31904	18
22	31905	18
22	31906	19
22	31907	20
22	31908	20
22	31909	19
22	31910	21
22	31911	21
22	31912	21
22	31913	21
22	31914	20
22	31915	21
22	31916	20
22	31917	20
22	31918	20
22	31919	20
22	31920	20
22	31921	20
22	31922	21
22	31923	21
22	31924	22
22	31925	22
22	31926	22
22	31927	22
22	31928	23
22	31929	23
22	31930	22
22	31931	23
22	31932	23
22	31933	23
22	31934	23
22	31935	24
22	31936	24
22	31937	24
22	31938	24
22	31939	24
22	31940	25
22	31941	25
22	31942	26
22	31943	26
22	31944	26
22	31945	26
22	31946	25
22	31947	26
22	31948	26
22	31949	26
22	31950	26
22	31951	25
22	31952	24
22	31953	23
22	31954	23
22	31955	22
22	31956	21
22	31957	21
22	31958	21
22	31959	21
22	31960	21
22	31961	21
22	31962	21
22	31963	21
22	31964	21
22	31965	21
22	31966	19
22	31967	18
22	31968	18
22	31969	18
22	31970	18
22	31971	17
22	31972	18
22	31973	19
22	31974	21
22	31975	21
22	31976	22
22	31977	22
22	31978	22
22	31979	23
22	31980	24
22	31981	24
22	31982	24
22	31983	24
22	31984	24
22	31985	25
22	31986	26
22	31987	26
22	31988	26
22	31989	26
22	31990	26
22	31991	26
22	31992	25
22	31993	24
22	31994	24
22	31995	24
22	31996	24
22	31997	24
22	31998	24
22	31999	25
22	32000	25
22	32001	25
22	32002	25
22	32003	25
22	32004	26
22	32005	26
22	32006	26
22	32007	27
22	32008	27
22	32009	27
22	32010	27
22	32011	27
22	32012	28
22	32013	30
22	32014	30
22	32015	28
22	32016	28
22	32017	29
22	32018	29
22	32019	28
22	32020	29
22	32021	30
22	32022	30
22	32023	30
22	32024	30
22	32025	30
22	32026	30
22	32027	31
22	32028	32
22	32029	32
22	32030	34
22	32031	34
22	32032	36
22	32033	36
22	32034	36
22	32035	36
22	32036	37
22	32037	37
22	32038	37
22	32039	37
22	32040	37
22	32041	37
22	32042	37
22	32043	37
22	32044	36
22	32045	35
22	32046	35
22	32047	35
22	32048	34
22	32049	35
22	32050	34
22	32051	34
22	32052	34
22	32053	34
22	32054	34
22	32055	33
22	32056	33
22	32057	33
22	32058	33
22	32059	33
22	32060	33
22	32061	33
22	32062	33
22	32063	34
22	32064	34
22	32065	35
22	32066	34
22	32067	33
22	32068	33
22	32069	34
22	32070	33
22	32071	32
22	32072	33
22	32073	32
22	32074	31
22	32075	30
22	32076	29
22	32077	29
22	32078	27
22	32079	28
22	32080	28
22	32081	28
22	32082	29
22	32083	30
22	32084	30
22	32085	30
22	32086	30
22	32087	30
22	32088	30
22	32089	30
22	32090	30
22	32091	31
22	32092	31
22	32093	33
22	32094	33
22	32095	33
22	32096	34
22	32097	32
22	32098	32
22	32099	32
22	32100	32
22	32101	32
22	32102	33
22	32103	32
22	32104	33
22	32105	33
22	32106	31
22	32107	30
22	32108	29
22	32109	29
22	32110	29
22	32111	29
22	32112	28
22	32113	28
22	32114	27
22	32115	27
22	32116	27
22	32117	27
22	32118	26
22	32119	26
22	32120	26
22	32121	27
22	32122	26
22	32123	27
22	32124	28
22	32125	29
22	32126	29
22	32127	29
22	32128	29
22	32129	27
22	32130	28
22	32131	28
22	32132	28
22	32133	28
22	32134	28
22	32135	28
22	32136	27
22	32137	27
22	32138	28
22	32139	28
22	32140	29
22	32141	29
22	32142	30
22	32143	30
22	32144	29
22	32145	29
22	32146	29
22	32147	29
22	32148	29
22	32149	29
22	32150	28
22	32151	28
22	32152	28
22	32153	27
22	32154	28
22	32155	28
22	32156	28
22	32157	28
22	32158	28
22	32159	28
22	32160	28
22	32161	27
22	32162	26
22	32163	26
22	32164	26
22	32165	25
22	32166	25
22	32167	24
22	32168	23
22	32169	23
22	32170	24
22	32171	24
22	32172	25
22	32173	26
22	32174	25
22	32175	24
22	32176	25
22	32177	25
22	32178	25
22	32179	26
22	32180	27
22	32181	26
22	32182	26
22	32183	26
22	32184	26
22	32185	25
22	32186	25
22	32187	25
22	32188	25
22	32189	25
22	32190	24
22	32191	24
22	32192	24
22	32193	24
22	32194	24
22	32195	24
22	32196	24
22	32197	25
22	32198	25
22	32199	24
22	32200	23
22	32201	23
22	32202	22
22	32203	22
22	32204	22
22	32205	22
22	32206	23
22	32207	23
22	32208	23
22	32209	23
22	32210	23
22	32211	23
22	32212	24
22	32213	24
22	32214	24
22	32215	24
22	32216	24
22	32217	23
22	32218	23
22	32219	22
22	32220	21
22	32221	22
22	32222	22
22	32223	22
22	32224	22
22	32225	22
22	32226	21
22	32227	22
22	32228	22
22	32229	22
22	32230	22
22	32231	21
22	32232	21
22	32233	22
22	32234	21
22	32235	21
22	32236	21
22	32237	21
22	32238	21
22	32239	21
22	32240	21
22	32241	21
22	32242	21
22	32243	21
22	32244	20
22	32245	19
22	32246	18
22	32247	18
22	32248	17
22	32249	16
22	32250	16
22	32251	14
22	32252	14
22	32253	14
22	32254	14
22	32255	14
22	32256	14
22	32257	13
22	32258	13
22	32259	13
22	32260	12
22	32261	12
22	32262	11
22	32263	10
22	32264	10
22	32265	9
22	32266	9
22	32267	9
22	32268	8
22	32269	7
22	32270	8
22	32271	8
22	32272	7
22	32273	8
22	32274	8
22	32275	8
22	32276	8
22	32277	8
22	32278	7
22	32279	7
22	32280	7
22	32281	7
22	32282	7
22	32283	7
22	32284	7
22	32285	7
22	32286	7
22	32287	8
22	32288	8
22	32289	8
22	32290	8
22	32291	8
22	32292	8
22	32293	8
22	32294	8
22	32295	8
22	32296	8
22	32297	8
22	32298	8
22	32299	8
22	32300	8
22	32301	9
22	32302	9
22	32303	9
22	32304	9
22	32305	9
22	32306	9
22	32307	9
22	32308	11
22	32309	11
22	32310	10
22	32311	10
22	32312	10
22	32313	9
22	32314	10
22	32315	13
22	32316	13
22	32317	13
22	32318	13
22	32319	13
22	32320	13
22	32321	13
22	32322	13
22	32323	13
22	32324	13
22	32325	14
22	32326	14
22	32327	14
22	32328	14
22	32329	15
22	32330	16
22	32331	16
22	32332	16
22	32333	16
22	32334	16
22	32335	16
22	32336	16
22	32337	17
22	32338	18
22	32339	18
22	32340	18
22	32341	20
22	32342	20
22	32343	20
22	32344	20
22	32345	20
22	32346	20
22	32347	19
22	32348	19
22	32349	19
22	32350	21
22	32351	23
22	32352	24
22	32353	24
22	32354	23
22	32355	23
22	32356	23
22	32357	23
22	32358	23
22	32359	23
22	32360	23
22	32361	23
22	32362	24
22	32363	24
22	32364	24
22	32365	24
22	32366	23
22	32367	23
22	32368	23
22	32369	23
22	32370	21
22	32371	22
22	32372	22
22	32373	21
22	32374	22
22	32375	22
22	32376	22
22	32377	22
22	32378	22
22	32379	23
22	32380	23
22	32381	23
22	32382	22
22	32383	21
22	32384	21
22	32385	20
22	32386	20
22	32387	21
22	32388	20
22	32389	20
22	32390	20
22	32391	20
22	32392	20
22	32393	20
22	32394	21
22	32395	21
22	32396	21
22	32397	21
22	32398	21
22	32399	21
22	32400	22
22	32401	22
22	32402	22
22	32403	22
22	32404	22
22	32405	22
22	32406	23
22	32407	23
22	32408	24
22	32409	23
22	32410	22
22	32411	21
22	32412	21
22	32413	20
22	32414	20
22	32415	21
22	32416	21
22	32417	22
22	32418	22
22	32419	23
22	32420	24
22	32421	24
22	32422	24
22	32423	25
22	32424	24
22	32425	24
22	32426	24
22	32427	24
22	32428	24
22	32429	24
22	32430	24
22	32431	24
22	32432	24
22	32433	24
22	32434	24
22	32435	24
22	32436	24
22	32437	24
22	32438	24
22	32439	23
22	32440	22
22	32441	22
22	32442	22
22	32443	22
22	32444	22
22	32445	22
22	32446	21
22	32447	21
22	32448	22
22	32449	22
22	32450	21
22	32451	20
22	32452	21
22	32453	21
22	32454	20
22	32455	20
22	32456	21
22	32457	21
22	32458	21
22	32459	22
22	32460	21
22	32461	21
22	32462	21
22	32463	21
22	32464	21
22	32465	21
22	32466	21
22	32467	20
22	32468	20
22	32469	19
22	32470	19
22	32471	19
22	32472	18
22	32473	18
22	32474	19
22	32475	19
22	32476	20
22	32477	20
22	32478	20
22	32479	20
22	32480	20
22	32481	19
22	32482	18
22	32483	19
22	32484	19
22	32485	19
22	32486	18
22	32487	19
22	32488	20
22	32489	21
22	32490	21
22	32491	21
22	32492	21
22	32493	21
22	32494	21
22	32495	21
22	32496	21
22	32497	20
22	32498	21
22	32499	20
22	32500	21
22	32501	21
22	32502	21
22	32503	21
22	32504	20
22	32505	20
22	32506	19
22	32507	19
22	32508	18
22	32509	18
22	32510	18
22	32511	18
22	32512	18
22	32513	19
22	32514	19
22	32515	19
22	32516	19
22	32517	19
22	32518	19
22	32519	19
22	32520	19
22	32521	19
22	32522	17
22	32523	16
22	32524	16
22	32525	17
22	32526	17
22	32527	16
22	32528	16
22	32529	15
22	32530	16
22	32531	17
22	32532	17
22	32533	16
22	32534	16
22	32535	16
22	32536	15
22	32537	14
22	32538	14
22	32539	13
22	32540	14
22	32541	14
22	32542	13
22	32543	12
22	32544	12
22	32545	13
22	32546	14
22	32547	14
22	32548	15
22	32549	15
22	32550	16
22	32551	17
22	32552	17
22	32553	18
22	32554	18
22	32555	17
22	32556	18
22	32557	18
22	32558	18
22	32559	18
22	32560	19
22	32561	20
22	32562	21
22	32563	21
22	32564	20
22	32565	20
22	32566	20
22	32567	20
22	32568	20
22	32569	19
22	32570	17
22	32571	16
22	32572	16
22	32573	16
22	32574	16
22	32575	17
22	32576	18
22	32577	17
22	32578	18
22	32579	18
22	32580	18
22	32581	19
22	32582	20
22	32583	21
22	32584	20
22	32585	20
22	32586	20
22	32587	21
22	32588	20
22	32589	21
22	32590	21
22	32591	21
22	32592	21
22	32593	21
22	32594	22
22	32595	22
22	32596	22
22	32597	22
22	32598	21
22	32599	20
22	32600	20
22	32601	21
22	32602	22
22	32603	23
22	32604	23
22	32605	24
22	32606	25
22	32607	25
22	32608	25
22	32609	26
22	32610	26
22	32611	26
22	32612	27
22	32613	27
22	32614	27
22	32615	27
22	32616	28
22	32617	28
22	32618	28
22	32619	27
22	32620	28
22	32621	29
22	32622	28
22	32623	29
22	32624	28
22	32625	28
22	32626	28
22	32627	28
22	32628	28
22	32629	28
22	32630	30
22	32631	30
22	32632	29
22	32633	28
22	32634	28
22	32635	28
22	32636	28
22	32637	27
22	32638	27
22	32639	27
22	32640	27
22	32641	27
22	32642	28
22	32643	29
22	32644	29
22	32645	28
22	32646	28
22	32647	29
22	32648	30
22	32649	30
22	32650	30
22	32651	30
22	32652	30
22	32653	31
22	32654	30
22	32655	31
22	32656	31
22	32657	31
22	32658	31
22	32659	32
22	32660	32
22	32661	32
22	32662	31
22	32663	32
22	32664	32
22	32665	31
22	32666	30
22	32667	31
22	32668	31
22	32669	29
22	32670	30
22	32671	30
22	32672	30
22	32673	30
22	32674	30
22	32675	30
22	32676	29
22	32677	28
22	32678	28
22	32679	29
22	32680	29
22	32681	29
22	32682	29
22	32683	30
22	32684	30
22	32685	30
22	32686	31
22	32687	31
22	32688	31
22	32689	29
22	32690	29
22	32691	28
22	32692	27
22	32693	27
22	32694	27
22	32695	27
22	32696	27
22	32697	27
22	32698	27
22	32699	28
22	32700	29
22	32701	29
22	32702	30
22	32703	29
22	32704	29
22	32705	29
22	32706	30
22	32707	30
22	32708	29
22	32709	30
22	32710	30
22	32711	30
22	32712	30
22	32713	30
22	32714	30
22	32715	29
22	32716	29
22	32717	30
22	32718	30
22	32719	30
22	32720	30
22	32721	30
22	32722	30
22	32723	30
22	32724	30
22	32725	30
22	32726	30
22	32727	30
22	32728	31
22	32729	30
22	32730	30
22	32731	30
22	32732	30
22	32733	30
22	32734	30
22	32735	29
22	32736	28
22	32737	28
22	32738	27
22	32739	28
22	32740	28
22	32741	29
22	32742	29
22	32743	29
22	32744	28
22	32745	29
22	32746	29
22	32747	30
22	32748	32
22	32749	31
22	32750	31
22	32751	31
22	32752	32
22	32753	32
22	32754	33
22	32755	33
22	32756	33
22	32757	32
22	32758	32
22	32759	33
22	32760	32
22	32761	32
22	32762	31
22	32763	32
22	32764	33
22	32765	36
22	32766	37
22	32767	37
22	32768	37
22	32769	37
22	32770	37
22	32771	37
22	32772	36
22	32773	37
22	32774	36
22	32775	36
22	32776	36
22	32777	37
22	32778	37
22	32779	37
22	32780	37
22	32781	36
22	32782	35
22	32783	36
22	32784	36
22	32785	35
22	32786	35
22	32787	36
22	32788	36
22	32789	35
22	32790	34
22	32791	34
22	32792	34
22	32793	33
22	32794	33
22	32795	34
22	32796	33
22	32797	33
22	32798	33
22	32799	33
22	32800	34
22	32801	34
22	32802	33
22	32803	32
22	32804	32
22	32805	31
22	32806	31
22	32807	32
22	32808	32
22	32809	32
22	32810	32
22	32811	30
22	32812	31
22	32813	31
22	32814	31
22	32815	30
22	32816	30
22	32817	32
22	32818	32
22	32819	31
22	32820	31
22	32821	32
22	32822	31
22	32823	34
22	32824	34
22	32825	34
22	32826	33
22	32827	31
22	32828	31
22	32829	31
22	32830	31
22	32831	31
22	32832	31
22	32833	31
22	32834	31
22	32835	30
22	32836	30
22	32837	31
22	32838	32
22	32839	31
22	32840	32
22	32841	32
22	32842	32
22	32843	32
22	32844	35
22	32845	34
22	32846	35
22	32847	35
22	32848	35
22	32849	36
22	32850	35
22	32851	35
22	32852	35
22	32853	35
22	32854	35
22	32855	34
22	32856	34
22	32857	35
22	32858	35
22	32859	35
22	32860	35
22	32861	36
22	32862	35
22	32863	35
22	32864	35
22	32865	35
22	32866	35
22	32867	35
22	32868	34
22	32869	32
22	32870	35
22	32871	35
22	32872	34
22	32873	34
22	32874	33
22	32875	33
22	32876	32
22	32877	30
22	32878	30
22	32879	30
22	32880	32
22	32881	32
22	32882	32
22	32883	32
22	32884	32
22	32885	32
22	32886	32
22	32887	31
22	32888	30
22	32889	30
22	32890	30
22	32891	30
22	32892	30
22	32893	30
22	32894	29
22	32895	30
22	32896	31
22	32897	32
22	32898	31
22	32899	32
22	32900	33
22	32901	33
22	32902	32
22	32903	33
22	32904	33
22	32905	32
22	32906	33
22	32907	34
22	32908	34
22	32909	33
22	32910	34
22	32911	34
22	32912	32
22	32913	32
22	32914	31
22	32915	31
22	32916	32
22	32917	32
22	32918	31
22	32919	31
22	32920	31
22	32921	31
22	32922	32
22	32923	33
22	32924	32
22	32925	31
22	32926	31
22	32927	31
22	32928	31
22	32929	30
22	32930	29
22	32931	30
22	32932	31
22	32933	31
22	32934	31
22	32935	29
22	32936	29
22	32937	29
22	32938	28
22	32939	28
22	32940	29
22	32941	29
22	32942	29
22	32943	30
22	32944	31
22	32945	32
22	32946	32
22	32947	32
22	32948	32
22	32949	32
22	32950	32
22	32951	32
22	32952	32
22	32953	31
22	32954	31
22	32955	31
22	32956	31
22	32957	30
22	32958	29
22	32959	29
22	32960	28
22	32961	27
22	32962	26
22	32963	26
22	32964	26
22	32965	25
22	32966	23
22	32967	22
22	32968	22
22	32969	22
22	32970	22
22	32971	21
22	32972	21
22	32973	19
22	32974	19
22	32975	18
22	32976	18
22	32977	17
22	32978	19
22	32979	19
22	32980	18
22	32981	18
22	32982	19
22	32983	19
22	32984	19
22	32985	18
22	32986	17
22	32987	17
22	32988	17
22	32989	17
22	32990	17
22	32991	17
22	32992	17
22	32993	17
22	32994	17
22	32995	17
22	32996	17
22	32997	17
22	32998	16
22	32999	16
22	33000	16
22	33001	16
22	33002	16
22	33003	16
22	33004	15
22	33005	15
22	33006	15
22	33007	13
22	33008	13
22	33009	13
22	33010	12
22	33011	12
22	33012	12
22	33013	11
22	33014	11
22	33015	10
22	33016	8
22	33017	7
22	33018	7
22	33019	6
22	33020	6
22	33021	6
22	33022	6
22	33023	6
22	33024	6
22	33025	6
22	33026	6
22	33027	6
22	33028	6
22	33029	6
22	33030	6
22	33031	6
22	33032	6
22	33033	6
22	33034	5
22	33035	4
22	33036	4
22	33037	4
22	33038	4
22	33039	4
22	33040	4
22	33041	5
22	33042	5
22	33043	5
22	33044	5
22	33045	5
22	33046	5
22	33047	5
22	33048	5
22	33049	5
22	33050	5
22	33051	6
22	33052	6
22	33053	7
22	33054	7
22	33055	7
22	33056	7
22	33057	7
22	33058	8
22	33059	8
22	33060	8
22	33061	8
22	33062	8
22	33063	8
22	33064	9
22	33065	9
22	33066	9
22	33067	9
22	33068	9
22	33069	9
22	33070	9
22	33071	11
22	33072	11
22	33073	11
22	33074	12
22	33075	12
22	33076	12
22	33077	13
22	33078	13
22	33079	13
22	33080	13
22	33081	13
22	33082	14
22	33083	15
22	33084	14
22	33085	14
22	33086	14
22	33087	14
22	33088	13
22	33089	14
22	33090	14
22	33091	15
22	33092	15
22	33093	15
22	33094	15
22	33095	15
22	33096	16
22	33097	16
22	33098	15
22	33099	15
22	33100	15
22	33101	15
22	33102	14
22	33103	14
22	33104	14
22	33105	15
22	33106	15
22	33107	15
22	33108	15
22	33109	15
22	33110	15
22	33111	15
22	33112	15
22	33113	15
22	33114	15
22	33115	15
22	33116	16
22	33117	17
22	33118	17
22	33119	17
22	33120	16
22	33121	16
22	33122	16
22	33123	16
22	33124	16
22	33125	16
22	33126	17
22	33127	17
22	33128	16
22	33129	16
22	33130	16
22	33131	16
22	33132	16
22	33133	16
22	33134	16
22	33135	17
22	33136	17
22	33137	17
22	33138	17
22	33139	17
22	33140	17
22	33141	17
22	33142	16
22	33143	16
22	33144	16
22	33145	17
22	33146	17
22	33147	16
22	33148	16
22	33149	16
22	33150	16
22	33151	16
22	33152	17
22	33153	18
22	33154	17
22	33155	18
22	33156	18
22	33157	18
22	33158	18
22	33159	18
22	33160	19
22	33161	19
22	33162	20
22	33163	20
22	33164	19
22	33165	20
22	33166	20
22	33167	20
22	33168	19
22	33169	19
22	33170	19
22	33171	18
22	33172	18
22	33173	18
22	33174	18
22	33175	17
22	33176	17
22	33177	19
22	33178	21
22	33179	21
22	33180	21
22	33181	21
22	33182	21
22	33183	21
22	33184	21
22	33185	21
22	33186	22
22	33187	22
22	33188	22
22	33189	22
22	33190	22
22	33191	22
22	33192	22
22	33193	22
22	33194	22
22	33195	22
22	33196	21
22	33197	21
22	33198	23
22	33199	24
22	33200	23
22	33201	23
22	33202	23
22	33203	23
22	33204	22
22	33205	21
22	33206	21
22	33207	21
22	33208	21
22	33209	21
22	33210	21
22	33211	21
22	33212	20
22	33213	20
22	33214	20
22	33215	19
22	33216	19
22	33217	19
22	33218	19
22	33219	19
22	33220	19
22	33221	19
22	33222	20
22	33223	20
22	33224	20
22	33225	20
22	33226	19
22	33227	19
22	33228	19
22	33229	19
22	33230	18
22	33231	18
22	33232	18
22	33233	19
22	33234	18
22	33235	19
22	33236	19
22	33237	20
22	33238	20
22	33239	20
22	33240	19
22	33241	19
22	33242	19
22	33243	18
22	33244	19
22	33245	19
22	33246	18
22	33247	17
22	33248	17
22	33249	17
22	33250	16
22	33251	16
22	33252	16
22	33253	15
22	33254	15
22	33255	15
22	33256	15
22	33257	15
22	33258	14
22	33259	13
22	33260	13
22	33261	12
22	33262	11
22	33263	10
22	33264	9
22	33265	8
22	33266	7
22	33267	7
22	33268	7
22	33269	6
22	33270	4
22	33271	4
22	33272	4
22	33273	4
22	33274	3
22	33275	3
22	33276	3
22	33277	3
22	33278	3
22	33279	3
22	33280	3
22	33281	3
22	33282	2
22	33283	2
22	33284	2
22	33285	2
22	33286	2
22	33287	2
22	33288	2
22	33289	1
22	33290	1
22	33291	1
22	33292	1
22	33293	1
22	33294	1
22	33295	2
22	33296	2
22	33297	2
22	33298	2
22	33299	2
22	33300	2
22	33301	2
22	33302	2
22	33303	2
22	33304	2
22	33305	1
22	33306	2
22	33307	2
22	33308	2
22	33309	2
22	33310	2
22	33311	2
22	33312	2
22	33313	2
22	33314	4
22	33315	5
22	33316	5
22	33317	6
22	33318	7
22	33319	7
22	33320	7
22	33321	9
22	33322	9
22	33323	9
22	33324	9
22	33325	9
22	33326	9
22	33327	10
22	33328	10
22	33329	10
22	33330	11
22	33331	12
22	33332	12
22	33333	14
22	33334	14
22	33335	16
22	33336	16
22	33337	16
22	33338	16
22	33339	17
22	33340	17
22	33341	18
22	33342	18
22	33343	18
22	33344	18
22	33345	18
22	33346	19
22	33347	19
22	33348	18
22	33349	18
22	33350	19
22	33351	19
22	33352	19
22	33353	19
22	33354	20
22	33355	20
22	33356	21
22	33357	21
22	33358	21
22	33359	21
22	33360	21
22	33361	21
22	33362	22
22	33363	23
22	33364	22
22	33365	22
22	33366	21
22	33367	21
22	33368	21
22	33369	21
22	33370	21
22	33371	21
22	33372	22
22	33373	22
22	33374	22
22	33375	21
22	33376	21
22	33377	21
22	33378	21
22	33379	21
22	33380	21
22	33381	21
22	33382	21
22	33383	20
22	33384	20
22	33385	20
22	33386	18
22	33387	18
22	33388	18
22	33389	16
22	33390	15
22	33391	15
22	33392	15
22	33393	15
22	33394	15
22	33395	15
22	33396	16
22	33397	16
22	33398	17
22	33399	17
22	33400	17
22	33401	17
22	33402	17
22	33403	17
22	33404	17
22	33405	17
22	33406	18
22	33407	18
22	33408	18
22	33409	20
22	33410	21
22	33411	21
22	33412	22
22	33413	23
22	33414	23
22	33415	24
22	33416	24
22	33417	25
22	33418	25
22	33419	25
22	33420	25
22	33421	25
22	33422	24
22	33423	25
22	33424	26
22	33425	26
22	33426	26
22	33427	26
22	33428	26
22	33429	26
22	33430	27
22	33431	27
22	33432	28
22	33433	29
22	33434	29
22	33435	29
22	33436	29
22	33437	30
22	33438	30
22	33439	31
22	33440	31
22	33441	32
22	33442	33
22	33443	34
22	33444	32
22	33445	32
22	33446	32
22	33447	32
22	33448	33
22	33449	32
22	33450	32
22	33451	33
22	33452	33
22	33453	33
22	33454	33
22	33455	33
22	33456	33
22	33457	33
22	33458	34
22	33459	33
22	33460	34
22	33461	34
22	33462	34
22	33463	34
22	33464	34
22	33465	34
22	33466	34
22	33467	33
22	33468	33
22	33469	32
22	33470	31
22	33471	32
22	33472	32
22	33473	33
22	33474	33
22	33475	33
22	33476	32
22	33477	32
22	33478	33
22	33479	33
22	33480	32
22	33481	32
22	33482	31
22	33483	31
22	33484	31
22	33485	32
22	33486	32
22	33487	31
22	33488	33
22	33489	33
22	33490	34
22	33491	34
22	33492	34
22	33493	32
22	33494	32
22	33495	32
22	33496	31
22	33497	31
22	33498	31
22	33499	31
22	33500	31
22	33501	31
22	33502	31
22	33503	31
22	33504	31
22	33505	31
22	33506	31
22	33507	31
22	33508	31
22	33509	31
22	33510	32
22	33511	31
22	33512	31
22	33513	31
22	33514	30
22	33515	30
22	33516	30
22	33517	28
22	33518	29
22	33519	29
22	33520	29
22	33521	29
22	33522	28
22	33523	26
22	33524	26
22	33525	27
22	33526	27
22	33527	28
22	33528	28
22	33529	28
22	33530	27
22	33531	27
22	33532	27
22	33533	26
22	33534	26
22	33535	26
22	33536	25
22	33537	25
22	33538	25
22	33539	25
22	33540	25
22	33541	24
22	33542	24
22	33543	24
22	33544	24
22	33545	25
22	33546	25
22	33547	26
22	33548	26
22	33549	26
22	33550	26
22	33551	26
22	33552	26
22	33553	24
22	33554	23
22	33555	23
22	33556	23
22	33557	23
22	33558	23
