22	15667	1
22	15668	1
22	15669	1
22	15670	1
22	15671	1
22	15672	1
22	15673	1
22	15674	1
22	15675	1
22	15676	1
22	15677	1
22	15678	1
22	15679	1
22	15680	1
22	15681	1
22	15682	1
22	15683	1
22	15684	1
22	15685	1
22	15686	1
22	15687	1
22	15688	2
22	15689	2
22	15690	2
22	15691	2
22	15692	2
22	15693	2
22	15694	2
22	15695	2
22	15696	2
22	15697	2
22	15698	2
22	15699	2
22	15700	2
22	15701	2
22	15702	2
22	15703	2
22	15704	2
22	15705	2
22	15706	2
22	15707	2
22	15708	2
22	15709	2
22	15710	2
22	15711	2
22	15712	2
22	15713	2
22	15714	2
22	15715	2
22	15716	2
22	15717	2
22	15718	2
22	15719	2
22	15720	2
22	15721	2
22	15722	2
22	15723	2
22	15724	2
22	15725	2
22	15726	2
22	15727	2
22	15728	2
22	15729	2
22	15730	2
22	15731	2
22	15732	2
22	15733	1
22	15734	1
22	15735	1
22	15736	1
22	15737	1
22	15738	1
22	15739	1
22	15740	1
22	15741	1
22	15742	1
22	15743	1
22	15744	1
22	15745	1
22	15746	1
22	15747	1
22	15748	1
22	15749	1
22	15750	1
22	15751	1
22	15752	1
22	15753	1
22	15754	1
22	15755	1
22	15756	1
22	15757	1
22	15758	1
22	15759	1
22	15760	1
22	15761	1
22	15762	1
22	15763	1
22	15764	1
22	15765	1
22	15766	1
22	15767	1
22	15768	1
22	15769	1
22	15770	1
22	15771	1
22	15772	1
22	15773	1
22	15774	1
22	15775	1
22	15776	1
22	15777	1
22	15778	1
22	15779	1
22	15780	1
22	15781	1
22	15782	1
22	15783	1
22	15784	1
22	15785	1
22	15786	1
22	15787	1
22	15788	1
22	15789	1
22	15790	1
22	15791	1
22	15792	1
22	15793	2
22	15794	2
22	15795	2
22	15796	2
22	15797	2
22	15798	2
22	15799	2
22	15800	3
22	15801	3
22	15802	3
22	15803	3
22	15804	3
22	15805	3
22	15806	3
22	15807	3
22	15808	3
22	15809	3
22	15810	3
22	15811	3
22	15812	3
22	15813	3
22	15814	3
22	15815	3
22	15816	3
22	15817	3
22	15818	3
22	15819	3
22	15820	3
22	15821	3
22	15822	2
22	15823	2
22	15824	2
22	15825	3
22	15826	3
22	15827	2
22	15828	2
22	15829	2
22	15830	2
22	15831	2
22	15832	2
22	15833	2
22	15834	2
22	15835	2
22	15836	2
22	15837	2
22	15838	2
22	15839	2
22	15840	2
22	15841	2
22	15842	2
22	15843	2
22	15844	2
22	15845	2
22	15846	2
22	15847	2
22	15848	2
22	15849	2
22	15850	2
22	15851	2
22	15852	2
22	15853	2
22	15854	2
22	15855	2
22	15856	2
22	15857	2
22	15858	2
22	15859	2
22	15860	2
22	15861	2
22	15862	2
22	15863	2
22	15864	2
22	15865	2
22	15866	2
22	15867	2
22	15868	2
22	15869	2
22	15870	2
22	15871	2
22	15872	2
22	15873	2
22	15874	2
22	15875	2
22	15876	3
22	15877	3
22	15878	3
22	15879	3
22	15880	3
22	15881	3
22	15882	3
22	15883	3
22	15884	3
22	15885	3
22	15886	3
22	15887	3
22	15888	3
22	15889	3
22	15890	3
22	15891	3
22	15892	3
22	15893	3
22	15894	3
22	15895	2
22	15896	2
22	15897	2
22	15898	2
22	15899	2
22	15900	2
22	15901	2
22	15902	2
22	15903	2
22	15904	2
22	15905	2
22	15906	2
22	15907	3
22	15908	3
22	15909	3
22	15910	3
22	15911	3
22	15912	3
22	15913	3
22	15914	3
22	15915	3
22	15916	3
22	15917	3
22	15918	3
22	15919	3
22	15920	3
22	15921	3
22	15922	3
22	15923	3
22	15924	3
22	15925	3
22	15926	3
22	15927	3
22	15928	3
22	15929	3
22	15930	3
22	15931	3
22	15932	3
22	15933	3
22	15934	3
22	15935	3
22	15936	3
22	15937	3
22	15938	3
22	15939	3
22	15940	3
22	15941	3
22	15942	3
22	15943	3
22	15944	3
22	15945	3
22	15946	3
22	15947	3
22	15948	3
22	15949	3
22	15950	3
22	15951	3
22	15952	3
22	15953	3
22	15954	3
22	15955	3
22	15956	3
22	15957	3
22	15958	3
22	15959	3
22	15960	3
22	15961	3
22	15962	3
22	15963	3
22	15964	3
22	15965	3
22	15966	3
22	15967	3
22	15968	3
22	15969	3
22	15970	3
22	15971	3
22	15972	3
22	15973	3
22	15974	2
22	15975	2
22	15976	2
22	15977	2
22	15978	2
22	15979	2
22	15980	2
22	15981	2
22	15982	2
22	15983	2
22	15984	2
22	15985	2
22	15986	2
22	15987	2
22	15988	2
22	15989	2
22	15990	2
22	15991	2
22	15992	2
22	15993	2
22	15994	2
22	15995	2
22	15996	2
22	15997	1
22	15998	1
22	15999	1
22	16000	1
22	16001	1
22	16002	1
22	16003	1
22	16004	1
22	16005	1
22	16006	1
22	16007	1
22	16008	1
22	16009	1
22	16010	1
22	16011	1
22	16012	1
22	16013	1
22	16014	1
22	16015	1
22	16016	1
22	16017	1
22	16018	1
22	16019	1
22	16020	1
22	16021	2
22	16022	3
22	16023	3
22	16024	3
22	16025	3
22	16026	3
22	16027	3
22	16028	3
22	16029	3
22	16030	3
22	16031	3
22	16032	3
22	16033	3
22	16034	3
22	16035	3
22	16036	3
22	16037	3
22	16038	3
22	16039	3
22	16040	4
22	16041	4
22	16042	4
22	16043	4
22	16044	4
22	16045	4
22	16046	4
22	16047	4
22	16048	4
22	16049	4
22	16050	4
22	16051	4
22	16052	4
22	16053	4
22	16054	4
22	16055	4
22	16056	4
22	16057	4
22	16058	4
22	16059	4
22	16060	4
22	16061	4
22	16062	4
22	16063	4
22	16064	4
22	16065	4
22	16066	4
22	16067	4
22	16068	4
22	16069	4
22	16070	4
22	16071	4
22	16072	5
22	16073	5
22	16074	5
22	16075	5
22	16076	5
22	16077	5
22	16078	5
22	16079	5
22	16080	5
22	16081	5
22	16082	5
22	16083	5
22	16084	5
22	16085	5
22	16086	5
22	16087	5
22	16088	5
22	16089	5
22	16090	5
22	16091	5
22	16092	5
22	16093	5
22	16094	5
22	16095	5
22	16096	5
22	16097	5
22	16098	5
22	16099	5
22	16100	5
22	16101	5
22	16102	4
22	16103	4
22	16104	4
22	16105	3
22	16106	3
22	16107	3
22	16108	3
22	16109	2
22	16110	3
22	16111	4
22	16112	3
22	16113	3
22	16114	3
22	16115	3
22	16116	3
22	16117	3
22	16118	3
22	16119	3
22	16120	3
22	16121	3
22	16122	3
22	16123	3
22	16124	3
22	16125	3
22	16126	3
22	16127	3
22	16128	3
22	16129	3
22	16130	3
22	16131	2
22	16132	2
22	16133	3
22	16134	2
22	16135	1
22	16136	2
22	16137	2
22	16138	2
22	16139	2
22	16140	2
22	16141	2
22	16142	2
22	16143	2
22	16144	2
22	16145	2
22	16146	2
22	16147	2
22	16148	2
22	16149	2
22	16150	2
22	16151	2
22	16152	2
22	16153	2
22	16154	2
22	16155	2
22	16156	2
22	16157	2
22	16158	2
22	16159	2
22	16160	2
22	16161	2
22	16162	2
22	16163	2
22	16164	2
22	16165	2
22	16166	2
22	16167	2
22	16168	2
22	16169	2
22	16170	2
22	16171	2
22	16172	2
22	16173	2
22	16174	2
22	16175	2
22	16176	2
22	16177	2
22	16178	2
22	16179	2
22	16180	2
22	16181	2
22	16182	2
22	16183	2
22	16184	2
22	16185	2
22	16186	2
22	16187	2
22	16188	2
22	16189	2
22	16190	2
22	16191	2
22	16192	3
22	16193	3
22	16194	3
22	16195	3
22	16196	3
22	16197	3
22	16198	3
22	16199	3
22	16200	3
22	16201	3
22	16202	3
22	16203	3
22	16204	3
22	16205	3
22	16206	3
22	16207	3
22	16208	3
22	16209	3
22	16210	3
22	16211	4
22	16212	4
22	16213	4
22	16214	4
22	16215	4
22	16216	4
22	16217	4
22	16218	4
22	16219	4
22	16220	4
22	16221	4
22	16222	4
22	16223	4
22	16224	4
22	16225	4
22	16226	4
22	16227	4
22	16228	4
22	16229	2
22	16230	1
22	16231	2
22	16232	2
22	16233	2
22	16234	2
22	16235	2
22	16236	2
22	16237	2
22	16238	2
22	16239	2
22	16240	2
22	16241	2
22	16242	2
22	16243	2
22	16244	2
22	16245	2
22	16246	2
22	16247	2
22	16248	2
22	16249	2
22	16250	2
22	16251	2
22	16252	2
22	16253	2
22	16254	2
22	16255	2
22	16256	2
22	16257	2
22	16258	2
22	16259	2
22	16260	2
22	16261	2
22	16262	2
22	16263	2
22	16264	2
22	16265	2
22	16266	2
22	16267	2
22	16268	2
22	16269	2
22	16270	2
22	16271	2
22	16272	2
22	16273	2
22	16274	2
22	16275	2
22	16276	2
22	16277	2
22	16278	2
22	16279	2
22	16280	2
22	16281	2
22	16282	3
22	16283	3
22	16284	3
22	16285	3
22	16286	3
22	16287	3
22	16288	3
22	16289	3
22	16290	3
22	16291	3
22	16292	3
22	16293	3
22	16294	3
22	16295	3
22	16296	3
22	16297	3
22	16298	3
22	16299	3
22	16300	3
22	16301	3
22	16302	3
22	16303	3
22	16304	3
22	16305	3
22	16306	3
22	16307	3
22	16308	3
22	16309	2
22	16310	3
22	16311	3
22	16312	3
22	16313	3
22	16314	3
22	16315	3
22	16316	3
22	16317	2
22	16318	2
22	16319	2
22	16320	2
22	16321	2
22	16322	2
22	16323	2
22	16324	2
22	16325	3
22	16326	3
22	16327	3
22	16328	3
22	16329	3
22	16330	3
22	16331	3
22	16332	3
22	16333	3
22	16334	3
22	16335	3
22	16336	3
22	16337	3
22	16338	3
22	16339	4
22	16340	4
22	16341	4
22	16342	4
22	16343	4
22	16344	4
22	16345	4
22	16346	4
22	16347	4
22	16348	4
22	16349	4
22	16350	4
22	16351	4
22	16352	4
22	16353	4
22	16354	4
22	16355	4
22	16356	4
22	16357	4
22	16358	4
22	16359	4
22	16360	4
22	16361	4
22	16362	3
22	16363	3
22	16364	3
22	16365	3
22	16366	3
22	16367	3
22	16368	3
22	16369	3
22	16370	3
22	16371	3
22	16372	3
22	16373	3
22	16374	2
22	16375	2
22	16376	2
22	16377	2
22	16378	2
22	16379	2
22	16380	2
22	16381	2
22	16382	2
22	16383	2
22	16384	2
22	16385	2
22	16386	2
22	16387	2
22	16388	2
22	16389	2
22	16390	2
22	16391	2
22	16392	1
22	16393	1
22	16394	1
22	16395	1
22	16396	1
22	16397	1
22	16398	1
22	16399	1
22	16400	1
22	16401	1
22	16402	1
22	16403	1
22	16404	1
22	16405	1
22	16406	1
22	16407	1
22	16408	1
22	16409	1
22	16410	1
22	16411	1
22	16412	1
22	16413	1
22	16414	1
22	16415	1
22	16416	1
22	16417	1
22	16418	1
22	16419	1
22	16420	1
22	16421	1
22	16422	1
22	16423	1
22	16424	1
22	16425	1
22	16426	1
22	16427	1
22	16428	1
22	16429	1
22	16430	1
22	16431	1
22	16432	1
22	16433	1
22	16434	1
22	16435	1
22	16436	1
22	16437	1
22	16438	1
22	16439	1
22	16440	1
22	16441	1
22	16442	1
22	16443	1
22	16444	1
22	16445	1
22	16446	1
22	16447	1
22	16448	1
22	16449	1
22	16450	1
22	16451	1
22	16452	1
22	16453	1
22	16476	1
22	16477	1
22	16478	1
22	16479	1
22	16480	1
22	16481	1
22	16482	1
22	16483	1
22	16484	1
22	16485	1
22	16486	1
22	16487	2
22	16488	2
22	16489	2
22	16490	2
22	16491	2
22	16492	2
22	16493	2
22	16494	2
22	16495	2
22	16496	2
22	16497	3
22	16498	3
22	16499	3
22	16500	3
22	16501	3
22	16502	3
22	16503	3
22	16504	3
22	16505	3
22	16506	3
22	16507	3
22	16508	3
22	16509	3
22	16510	3
22	16511	3
22	16512	3
22	16513	3
22	16514	3
22	16515	3
22	16516	3
22	16517	3
22	16518	3
22	16519	3
22	16520	4
22	16521	4
22	16522	4
22	16523	4
22	16524	5
22	16525	5
22	16526	6
22	16527	6
22	16528	6
22	16529	6
22	16530	6
22	16531	6
22	16532	6
22	16533	6
22	16534	6
22	16535	6
22	16536	6
22	16537	6
22	16538	6
22	16539	6
22	16540	6
22	16541	6
22	16542	6
22	16543	6
22	16544	6
22	16545	6
22	16546	6
22	16547	6
22	16548	6
22	16549	6
22	16550	6
22	16551	6
22	16552	6
22	16553	6
22	16554	6
22	16555	6
22	16556	6
22	16557	6
22	16558	6
22	16559	6
22	16560	6
22	16561	6
22	16562	6
22	16563	6
22	16564	6
22	16565	6
22	16566	5
22	16567	5
22	16568	5
22	16569	5
22	16570	5
22	16571	5
22	16572	5
22	16573	5
22	16574	5
22	16575	5
22	16576	5
22	16577	5
22	16578	5
22	16579	5
22	16580	5
22	16581	5
22	16582	5
22	16583	5
22	16584	5
22	16585	5
22	16586	5
22	16587	5
22	16588	5
22	16589	5
22	16590	5
22	16591	5
22	16592	5
22	16593	4
22	16594	4
22	16595	4
22	16596	5
22	16597	5
22	16598	6
22	16599	6
22	16600	6
22	16601	6
22	16602	6
22	16603	6
22	16604	6
22	16605	6
22	16606	6
22	16607	6
22	16608	6
22	16609	6
22	16610	6
22	16611	6
22	16612	6
22	16613	6
22	16614	6
22	16615	6
22	16616	6
22	16617	6
22	16618	7
22	16619	7
22	16620	7
22	16621	6
22	16622	6
22	16623	7
22	16624	7
22	16625	7
22	16626	7
22	16627	7
22	16628	7
22	16629	7
22	16630	7
22	16631	6
22	16632	6
22	16633	6
22	16634	6
22	16635	6
22	16636	7
22	16637	7
22	16638	7
22	16639	7
22	16640	7
22	16641	7
22	16642	7
22	16643	7
22	16644	7
22	16645	7
22	16646	7
22	16647	7
22	16648	7
22	16649	6
22	16650	6
22	16651	6
22	16652	6
22	16653	6
22	16654	6
22	16655	6
22	16656	6
22	16657	6
22	16658	6
22	16659	6
22	16660	6
22	16661	6
22	16662	6
22	16663	6
22	16664	6
22	16665	6
22	16666	6
22	16667	5
22	16668	5
22	16669	4
22	16670	4
22	16671	5
22	16672	5
22	16673	4
22	16674	4
22	16675	4
22	16676	4
22	16677	4
22	16678	4
22	16679	4
22	16680	4
22	16681	4
22	16682	4
22	16683	4
22	16684	4
22	16685	4
22	16686	4
22	16687	4
22	16688	4
22	16689	5
22	16690	5
22	16691	5
22	16692	5
22	16693	5
22	16694	5
22	16695	5
22	16696	5
22	16697	5
22	16698	5
22	16699	5
22	16700	5
22	16701	5
22	16702	4
22	16703	4
22	16704	4
22	16705	4
22	16706	4
22	16707	4
22	16708	3
22	16709	3
22	16710	3
22	16711	4
22	16712	4
22	16713	4
22	16714	4
22	16715	4
22	16716	4
22	16717	4
22	16718	4
22	16719	4
22	16720	4
22	16721	4
22	16722	4
22	16723	4
22	16724	4
22	16725	4
22	16726	4
22	16727	5
22	16728	5
22	16729	5
22	16730	5
22	16731	5
22	16732	5
22	16733	4
22	16734	4
22	16735	4
22	16736	4
22	16737	4
22	16738	4
22	16739	4
22	16740	4
22	16741	4
22	16742	4
22	16743	4
22	16744	4
22	16745	4
22	16746	4
22	16747	4
22	16748	4
22	16749	4
22	16750	4
22	16751	4
22	16752	4
22	16753	4
22	16754	4
22	16755	4
22	16756	4
22	16757	3
22	16758	3
22	16759	3
22	16760	3
22	16761	3
22	16762	3
22	16763	3
22	16764	3
22	16765	3
22	16766	3
22	16767	3
22	16768	3
22	16769	3
22	16770	3
22	16771	3
22	16772	3
22	16773	3
22	16774	3
22	16775	3
22	16776	3
22	16777	3
22	16778	3
22	16779	3
22	16780	3
22	16781	3
22	16782	3
22	16783	3
22	16784	3
22	16785	3
22	16786	3
22	16787	2
22	16788	2
22	16789	2
22	16790	2
22	16791	2
22	16792	2
22	16793	3
22	16794	3
22	16795	3
22	16796	3
22	16797	3
22	16798	3
22	16799	3
22	16800	3
22	16801	3
22	16802	3
22	16803	3
22	16804	3
22	16805	3
22	16806	2
22	16807	2
22	16808	2
22	16809	2
22	16810	2
22	16811	2
22	16812	2
22	16813	2
22	16814	2
22	16815	2
22	16816	2
22	16817	2
22	16818	2
22	16819	2
22	16820	2
22	16821	2
22	16822	2
22	16823	2
22	16824	2
22	16825	2
22	16826	2
22	16827	2
22	16828	2
22	16829	2
22	16830	2
22	16831	2
22	16832	2
22	16833	2
22	16834	2
22	16835	2
22	16836	2
22	16837	2
22	16838	2
22	16839	3
22	16840	3
22	16841	3
22	16842	4
22	16843	4
22	16844	4
22	16845	4
22	16846	4
22	16847	4
22	16848	4
22	16849	3
22	16850	4
22	16851	4
22	16852	4
22	16853	4
22	16854	4
22	16855	4
22	16856	4
22	16857	4
22	16858	3
22	16859	3
22	16860	3
22	16861	3
22	16862	3
22	16863	3
22	16864	3
22	16865	3
22	16866	3
22	16867	3
22	16868	3
22	16869	3
22	16870	3
22	16871	3
22	16872	3
22	16873	3
22	16874	3
22	16875	3
22	16876	3
22	16877	3
22	16878	4
22	16879	4
22	16880	4
22	16881	4
22	16882	4
22	16883	4
22	16884	4
22	16885	4
22	16886	4
22	16887	4
22	16888	4
22	16889	4
22	16890	5
22	16891	5
22	16892	5
22	16893	5
22	16894	5
22	16895	5
22	16896	5
22	16897	5
22	16898	6
22	16899	6
22	16900	6
22	16901	7
22	16902	7
22	16903	7
22	16904	7
22	16905	7
22	16906	7
22	16907	7
22	16908	7
22	16909	7
22	16910	7
22	16911	7
22	16912	7
22	16913	7
22	16914	7
22	16915	7
22	16916	7
22	16917	7
22	16918	7
22	16919	7
22	16920	6
22	16921	6
22	16922	6
22	16923	6
22	16924	6
22	16925	6
22	16926	6
22	16927	6
22	16928	6
22	16929	6
22	16930	7
22	16931	7
22	16932	5
22	16933	5
22	16934	5
22	16935	5
22	16936	5
22	16937	5
22	16938	5
22	16939	5
22	16940	5
22	16941	5
22	16942	5
22	16943	5
22	16944	5
22	16945	5
22	16946	5
22	16947	5
22	16948	4
22	16949	4
22	16950	4
22	16951	4
22	16952	4
22	16953	4
22	16954	4
22	16955	4
22	16956	4
22	16957	4
22	16958	4
22	16959	4
22	16960	4
22	16961	4
22	16962	4
22	16963	4
22	16964	4
22	16965	4
22	16966	4
22	16967	4
22	16968	4
22	16969	4
22	16970	4
22	16971	4
22	16972	4
22	16973	4
22	16974	4
22	16975	4
22	16976	4
22	16977	4
22	16978	4
22	16979	4
22	16980	4
22	16981	4
22	16982	4
22	16983	4
22	16984	3
22	16985	3
22	16986	3
22	16987	3
22	16988	3
22	16989	3
22	16990	2
22	16991	2
22	16992	2
22	16993	2
22	16994	2
22	16995	2
22	16996	2
22	16997	2
22	16998	2
22	16999	1
22	17000	1
22	17001	1
22	17002	1
22	17003	1
22	17004	1
22	17017	1
22	17018	1
22	17019	1
22	17020	1
22	17021	1
22	17022	1
22	17023	1
22	17024	1
22	17025	1
22	17026	1
22	17027	1
22	17028	1
22	17029	1
22	17030	2
22	17031	2
22	17032	2
22	17033	2
22	17034	2
22	17035	2
22	17036	2
22	17037	2
22	17038	2
22	17039	3
22	17040	3
22	17041	3
22	17042	3
22	17043	3
22	17044	3
22	17045	3
22	17046	3
22	17047	3
22	17048	3
22	17049	3
22	17050	3
22	17051	3
22	17052	3
22	17053	3
22	17054	3
22	17055	3
22	17056	3
22	17057	3
22	17058	3
22	17059	3
22	17060	3
22	17061	3
22	17062	3
22	17063	3
22	17064	3
22	17065	3
22	17066	3
22	17067	3
22	17068	3
22	17069	3
22	17070	4
22	17071	4
22	17072	4
22	17073	4
22	17074	4
22	17075	5
22	17076	5
22	17077	5
22	17078	5
22	17079	5
22	17080	5
22	17081	5
22	17082	5
22	17083	5
22	17084	5
22	17085	5
22	17086	5
22	17087	5
22	17088	5
22	17089	5
22	17090	5
22	17091	5
22	17092	5
22	17093	5
22	17094	5
22	17095	5
22	17096	5
22	17097	5
22	17098	4
22	17099	4
22	17100	4
22	17101	4
22	17102	4
22	17103	4
22	17104	4
22	17105	4
22	17106	4
22	17107	4
22	17108	4
22	17109	4
22	17110	4
22	17111	4
22	17112	4
22	17113	4
22	17114	4
22	17115	4
22	17116	4
22	17117	3
22	17118	3
22	17119	3
22	17120	3
22	17121	3
22	17122	3
22	17123	3
22	17124	3
22	17125	3
22	17126	3
22	17127	3
22	17128	3
22	17129	3
22	17130	3
22	17131	3
22	17132	3
22	17133	3
22	17134	3
22	17135	3
22	17136	3
22	17137	3
22	17138	3
22	17139	3
22	17140	3
22	17141	3
22	17142	3
22	17143	3
22	17144	3
22	17145	3
22	17146	3
22	17147	3
22	17148	4
22	17149	4
22	17150	4
22	17151	4
22	17152	4
22	17153	4
22	17154	4
22	17155	4
22	17156	4
22	17157	4
22	17158	4
22	17159	4
22	17160	4
22	17161	4
22	17162	3
22	17163	2
22	17164	2
22	17165	1
22	17166	1
22	17167	1
22	17168	1
22	17169	1
22	17170	1
22	17171	1
22	17172	1
22	17173	2
22	17174	3
22	17175	3
22	17176	3
22	17177	3
22	17178	3
22	17179	3
22	17180	3
22	17181	3
22	17182	3
22	17183	3
22	17184	3
22	17185	3
22	17186	3
22	17187	3
22	17188	3
22	17189	3
22	17190	3
22	17191	3
22	17192	3
22	17193	3
22	17194	3
22	17195	3
22	17196	3
22	17197	3
22	17198	3
22	17199	3
22	17200	3
22	17201	3
22	17202	4
22	17203	4
22	17204	5
22	17205	5
22	17206	5
22	17207	5
22	17208	4
22	17209	4
22	17210	4
22	17211	4
22	17212	3
22	17213	3
22	17214	3
22	17215	3
22	17216	3
22	17217	3
22	17218	3
22	17219	3
22	17220	3
22	17221	3
22	17222	3
22	17223	3
22	17224	2
22	17225	2
22	17226	2
22	17227	2
22	17228	2
22	17229	2
22	17230	2
22	17231	2
22	17232	2
22	17233	2
22	17234	2
22	17235	2
22	17236	2
22	17237	2
22	17238	2
22	17239	2
22	17240	2
22	17241	2
22	17242	2
22	17243	2
22	17244	2
22	17245	2
22	17246	2
22	17247	2
22	17248	2
22	17249	2
22	17250	2
22	17251	2
22	17252	2
22	17253	2
22	17254	1
22	17255	1
22	17256	1
22	17257	1
22	17258	1
22	17259	1
22	17260	1
22	17261	1
22	17262	1
22	17263	1
22	17264	1
22	17265	1
22	17266	1
22	17267	1
22	17268	1
22	17269	1
22	17270	1
22	17271	1
22	17272	1
22	17273	1
22	17274	1
22	17275	1
22	17276	1
22	17277	1
22	17278	1
22	17279	1
22	17280	1
22	17281	1
22	17282	1
22	17283	1
22	17284	1
22	17285	1
22	17286	1
22	17287	1
22	17288	1
22	17289	1
22	17297	1
22	17298	1
22	17299	2
22	17300	2
22	17301	2
22	17302	2
22	17303	2
22	17304	2
22	17305	2
22	17306	2
22	17307	2
22	17308	2
22	17309	2
22	17310	2
22	17311	2
22	17312	2
22	17313	2
22	17314	2
22	17315	2
22	17316	2
22	17317	2
22	17318	2
22	17319	2
22	17320	2
22	17321	2
22	17322	2
22	17323	1
22	17324	2
22	17325	2
22	17326	2
22	17327	2
22	17328	2
22	17329	2
22	17330	2
22	17331	2
22	17332	2
22	17333	2
22	17334	2
22	17335	2
22	17336	2
22	17337	2
22	17338	2
22	17339	1
22	17340	1
22	17341	2
22	17342	2
22	17343	2
22	17344	2
22	17345	2
22	17346	2
22	17347	2
22	17348	2
22	17349	2
22	17350	2
22	17351	2
22	17352	2
22	17353	2
22	17354	2
22	17355	2
22	17356	2
22	17357	2
22	17358	3
22	17359	3
22	17360	3
22	17361	3
22	17362	3
22	17363	3
22	17364	3
22	17365	3
22	17366	3
22	17367	3
22	17368	3
22	17369	3
22	17370	2
22	17371	2
22	17372	2
22	17373	2
22	17374	2
22	17375	2
22	17376	1
22	17377	1
22	17378	1
22	17379	1
22	17380	1
22	17381	1
22	17382	1
22	17383	1
22	17384	1
22	17385	1
22	17386	1
22	17387	1
22	17388	1
22	17389	1
22	17390	1
22	17391	1
22	17392	1
22	17393	1
22	17394	1
22	17395	1
22	17396	1
22	17397	1
22	17398	1
22	17399	1
22	17400	1
22	17401	1
22	17402	1
22	17403	1
22	17404	2
22	17405	2
22	17406	2
22	17407	2
22	17408	2
22	17409	2
22	17410	2
22	17411	2
22	17412	3
22	17413	3
22	17414	3
22	17415	3
22	17416	3
22	17417	3
22	17418	3
22	17419	3
22	17420	3
22	17421	3
22	17422	2
22	17423	2
22	17424	2
22	17425	2
22	17426	2
22	17427	2
22	17428	2
22	17429	2
22	17430	2
22	17431	2
22	17432	2
22	17433	2
22	17434	2
22	17435	2
22	17436	2
22	17437	1
22	17438	1
22	17439	1
22	17440	1
22	17441	1
22	17442	1
22	17443	1
22	17444	1
22	17445	1
22	17447	1
22	17448	1
22	17449	1
22	17450	1
22	17451	1
22	17452	2
22	17453	2
22	17454	2
22	17455	2
22	17456	2
22	17457	2
22	17458	2
22	17459	2
22	17460	2
22	17461	2
22	17462	2
22	17463	2
22	17464	2
22	17465	2
22	17466	2
22	17467	2
22	17468	2
22	17469	2
22	17470	2
22	17471	2
22	17472	2
22	17473	2
22	17474	2
22	17475	1
22	17476	1
22	17477	1
22	17478	1
22	17479	1
22	17480	1
22	17481	1
22	17482	1
22	17483	1
22	17484	1
22	17485	1
22	17486	1
22	17487	1
22	17488	1
22	17489	1
22	17490	1
22	17491	1
22	17492	2
22	17493	2
22	17494	2
22	17495	4
22	17496	4
22	17497	4
22	17498	4
22	17499	4
22	17500	4
22	17501	4
22	17502	4
22	17503	4
22	17504	4
22	17505	4
22	17506	4
22	17507	4
22	17508	4
22	17509	4
22	17510	4
22	17511	4
22	17512	4
22	17513	4
22	17514	4
22	17515	4
22	17516	4
22	17517	4
22	17518	4
22	17519	5
22	17520	5
22	17521	5
22	17522	5
22	17523	5
22	17524	5
22	17525	6
22	17526	6
22	17527	6
22	17528	6
22	17529	6
22	17530	5
22	17531	5
22	17532	5
22	17533	5
22	17534	5
22	17535	5
22	17536	6
22	17537	6
22	17538	6
22	17539	6
22	17540	6
22	17541	6
22	17542	6
22	17543	6
22	17544	6
22	17545	6
22	17546	6
22	17547	7
22	17548	7
22	17549	7
22	17550	7
22	17551	7
22	17552	6
22	17553	6
22	17554	6
22	17555	6
22	17556	6
22	17557	6
22	17558	6
22	17559	6
22	17560	6
22	17561	5
22	17562	5
22	17563	5
22	17564	5
22	17565	5
22	17566	5
22	17567	5
22	17568	5
22	17569	5
22	17570	4
22	17571	4
22	17572	4
22	17573	4
22	17574	4
22	17575	4
22	17576	4
22	17577	4
22	17578	4
22	17579	4
22	17580	4
22	17581	5
22	17582	5
22	17583	5
22	17584	5
22	17585	5
22	17586	5
22	17587	5
22	17588	5
22	17589	5
22	17590	5
22	17591	5
22	17592	5
22	17593	5
22	17594	5
22	17595	5
22	17596	5
22	17597	5
22	17598	5
22	17599	5
22	17600	5
22	17601	5
22	17602	5
22	17603	5
22	17604	5
22	17605	5
22	17606	5
22	17607	5
22	17608	5
22	17609	5
22	17610	5
22	17611	0
22	17612	4
22	17613	4
22	17614	4
22	17615	4
22	17616	4
22	17617	4
22	17618	4
22	17619	4
22	17620	4
22	17621	4
22	17622	4
22	17623	4
22	17624	4
22	17625	4
22	17626	4
22	17627	5
22	17628	5
22	17629	5
22	17630	5
22	17631	5
22	17632	5
22	17633	5
22	17634	5
22	17635	5
22	17636	5
22	17637	5
22	17638	5
22	17639	5
22	17640	5
22	17641	5
22	17642	5
22	17643	5
22	17644	5
22	17645	5
22	17646	5
22	17647	5
22	17648	6
22	17649	6
22	17650	6
22	17651	6
22	17652	6
22	17653	6
22	17654	6
22	17655	6
22	17656	6
22	17657	6
22	17658	6
22	17659	6
22	17660	6
22	17661	6
22	17662	6
22	17663	5
22	17664	5
22	17665	6
22	17666	6
22	17667	6
22	17668	6
22	17669	6
22	17670	6
22	17671	6
22	17672	6
22	17673	6
22	17674	6
22	17675	6
22	17676	6
22	17677	5
22	17678	5
22	17679	4
22	17680	5
22	17681	4
22	17682	4
22	17683	3
22	17684	3
22	17685	3
22	17686	3
22	17687	3
22	17688	4
22	17689	4
22	17690	5
22	17691	5
22	17692	5
22	17693	5
22	17694	5
22	17695	5
22	17696	5
22	17697	5
22	17698	5
22	17699	5
22	17700	5
22	17701	5
22	17702	5
22	17703	5
22	17704	5
22	17705	5
22	17706	5
22	17707	5
22	17708	5
22	17709	5
22	17710	5
22	17711	5
22	17712	5
22	17713	5
22	17714	5
22	17715	5
22	17716	5
22	17717	5
22	17718	5
22	17719	5
22	17720	5
22	17721	5
22	17722	5
22	17723	5
22	17724	5
22	17725	5
22	17726	5
22	17727	5
22	17728	5
22	17729	5
22	17730	5
22	17731	5
22	17732	5
22	17733	5
22	17734	5
22	17735	5
22	17736	5
22	17737	5
22	17738	5
22	17739	5
22	17740	4
22	17741	4
22	17742	4
22	17743	4
22	17744	4
22	17745	4
22	17746	4
22	17747	4
22	17748	4
22	17749	4
22	17750	3
22	17751	3
22	17752	3
22	17753	3
22	17754	3
22	17755	3
22	17756	3
22	17757	3
22	17758	3
22	17759	3
22	17760	3
22	17761	3
22	17762	3
22	17763	3
22	17764	2
22	17765	2
22	17766	2
22	17767	2
22	17768	2
22	17769	2
22	17770	2
22	17771	2
22	17772	2
22	17773	2
22	17774	2
22	17775	2
22	17776	2
22	17777	2
22	17778	2
22	17779	2
22	17780	2
22	17781	2
22	17782	2
22	17783	2
22	17784	2
22	17785	1
22	17786	1
22	17787	1
22	17788	1
22	17789	1
22	17790	1
22	17791	1
22	17792	1
22	17793	1
22	17794	1
22	17795	1
22	17796	1
22	17797	1
22	17798	1
22	17799	1
22	17800	1
22	17801	1
22	17802	1
22	17803	1
22	17804	1
22	17805	1
22	17806	1
22	17807	1
22	17808	1
22	17809	1
22	17810	1
22	17811	1
22	17812	1
22	17813	1
22	17814	1
22	17815	1
22	17816	1
22	17817	1
22	17818	1
22	17819	1
22	17820	1
22	17821	1
22	17822	1
22	17823	1
22	17824	1
22	17825	1
22	17826	1
22	17827	1
22	17828	1
22	17829	1
22	17830	1
22	17831	1
22	17832	1
22	17833	1
22	17834	1
22	17835	1
22	17836	1
22	17837	1
22	17838	1
22	17839	1
22	17840	1
22	17841	1
22	17842	1
22	17843	1
22	17844	1
22	17845	1
22	17846	1
22	17847	1
22	17848	1
22	17849	1
22	17850	1
22	17851	1
22	17852	1
22	17853	1
22	18167	1
22	18168	1
22	18169	1
22	18170	1
22	18171	1
22	18172	1
22	18173	1
22	18174	1
22	18175	1
22	18176	1
22	18177	1
22	18178	1
22	18179	1
22	18180	1
22	18181	1
22	18182	1
22	18183	1
22	18184	1
22	18185	1
22	18186	1
22	18187	1
22	18188	1
22	18189	1
22	18190	1
22	18191	2
22	18192	2
22	18193	2
22	18194	2
22	18195	2
22	18196	2
22	18197	2
22	18198	2
22	18199	3
22	18200	3
22	18201	3
22	18202	3
22	18203	3
22	18204	3
22	18205	3
22	18206	3
22	18207	3
22	18208	3
22	18209	3
22	18210	3
22	18211	3
22	18212	3
22	18213	3
22	18214	3
22	18215	3
22	18216	3
22	18217	3
22	18218	3
22	18219	3
22	18220	3
22	18221	3
22	18222	3
22	18223	3
22	18224	3
22	18225	3
22	18226	3
22	18227	3
22	18228	3
22	18229	3
22	18230	3
22	18231	3
22	18232	3
22	18233	3
22	18234	3
22	18235	3
22	18236	3
22	18237	3
22	18238	3
22	18239	3
22	18240	3
22	18241	3
22	18242	3
22	18243	3
22	18244	3
22	18245	2
22	18246	2
22	18247	2
22	18248	2
22	18249	2
22	18250	2
22	18251	2
22	18252	1
22	18253	1
22	18254	1
22	18255	1
22	18256	1
22	18257	1
22	18258	1
22	18259	1
22	18260	1
22	18261	1
22	18262	1
22	18263	1
22	18264	1
22	18265	1
22	18266	1
22	18267	1
22	18268	1
22	18269	1
22	18270	1
22	18271	1
22	18272	1
22	18273	1
22	18274	1
22	18275	1
22	18276	1
22	18277	1
22	18278	1
22	18279	1
22	18280	1
22	18281	1
22	18282	1
22	18283	1
22	18284	1
22	19928	1
22	19929	1
22	19930	1
22	19931	1
22	19932	1
22	19933	2
22	19934	2
22	19935	2
22	19936	2
22	19937	2
22	19938	2
22	19939	2
22	19940	2
22	19941	2
22	19942	2
22	19943	2
22	19944	2
22	19945	2
22	19946	2
22	19947	2
22	19948	2
22	19949	2
22	19950	2
22	19951	2
22	19952	2
22	19953	2
22	19954	2
22	19955	2
22	19956	2
22	19957	2
22	19958	2
22	19959	2
22	19960	2
22	19961	2
22	19962	2
22	19963	2
22	19964	2
22	19965	2
22	19966	2
22	19967	2
22	19968	2
22	19969	2
22	19970	2
22	19971	2
22	19972	2
22	19973	2
22	19974	2
22	19975	2
22	19976	2
22	19977	3
22	19978	3
22	19979	3
22	19980	3
22	19981	3
22	19982	3
22	19983	3
22	19984	3
22	19985	3
22	19986	3
22	19987	3
22	19988	3
22	19989	3
22	19990	4
22	19991	4
22	19992	4
22	19993	5
22	19994	5
22	19995	5
22	19996	5
22	19997	5
22	19998	6
22	19999	6
22	20000	6
22	20001	6
22	20002	6
22	20003	6
22	20004	6
22	20005	6
22	20006	6
22	20007	6
22	20008	6
22	20009	6
22	20010	6
22	20011	6
22	20012	6
22	20013	6
22	20014	8
22	20015	8
22	20016	8
22	20017	8
22	20018	8
22	20019	8
22	20020	8
22	20021	8
22	20022	8
22	20023	8
22	20024	8
22	20025	8
22	20026	8
22	20027	8
22	20028	8
22	20029	8
22	20030	8
22	20031	8
22	20032	8
22	20033	9
22	20034	9
22	20035	9
22	20036	9
22	20037	9
22	20038	9
22	20039	10
22	20040	10
22	20041	10
22	20042	10
22	20043	10
22	20044	10
22	20045	10
22	20046	10
22	20047	10
22	20048	10
22	20049	10
22	20050	10
22	20051	10
22	20052	10
22	20053	9
22	20054	8
22	20055	8
22	20056	8
22	20057	8
22	20058	7
22	20059	7
22	20060	7
22	20061	7
22	20062	6
22	20063	6
22	20064	5
22	20065	5
22	20066	5
22	20067	5
22	20068	5
22	20069	5
22	20070	5
22	20071	4
22	20072	4
22	20073	4
22	20074	4
22	20075	4
22	20076	4
22	20077	5
22	20078	4
22	20079	4
22	20080	4
22	20081	2
22	20082	1
22	20083	1
22	20084	1
22	20085	1
22	20086	2
22	20087	3
22	20088	3
22	20089	3
22	20090	3
22	20091	3
22	20092	3
22	20093	4
22	20094	4
22	20095	4
22	20096	4
22	20097	4
22	20098	4
22	20099	4
22	20100	4
22	20101	4
22	20102	4
22	20103	4
22	20104	4
22	20105	4
22	20106	4
22	20107	3
22	20108	3
22	20109	3
22	20110	2
22	20111	2
22	20112	2
22	20113	2
22	20114	2
22	20115	2
22	20116	2
22	20117	2
22	20118	2
22	20119	2
22	20120	2
22	20121	2
22	20122	2
22	20123	2
22	20124	2
22	20125	2
22	20126	2
22	20127	2
22	20128	2
22	20129	2
22	20130	2
22	20131	2
22	20132	2
22	20133	2
22	20134	2
22	20135	2
22	20136	2
22	20137	2
22	20138	2
22	20139	2
22	20140	2
22	20141	2
22	20142	2
22	20143	2
22	20144	2
22	20145	2
22	20146	2
22	20147	2
22	20148	2
22	20149	2
22	20150	2
22	20151	2
22	20152	2
22	20153	2
22	20154	2
22	20155	2
22	20167	1
22	20168	1
22	20169	1
22	20170	1
22	20171	1
22	20172	1
22	20173	1
22	20174	1
22	20175	1
22	20176	1
22	20177	1
22	20178	1
22	20179	1
22	20180	1
22	20181	1
22	20182	1
22	20183	0
22	20184	1
22	20185	1
22	20186	1
22	20187	1
22	20218	1
22	20219	1
22	20220	1
22	20221	1
22	20222	1
22	20223	1
22	20224	1
22	20225	1
22	20226	1
22	20227	1
22	20228	2
22	20229	2
22	20230	2
22	20231	2
22	20232	2
22	20233	2
22	20234	2
22	20235	2
22	20236	2
22	20237	2
22	20238	2
22	20239	2
22	20240	2
22	20241	2
22	20242	3
22	20243	3
22	20244	3
22	20245	3
22	20246	3
22	20247	3
22	20248	3
22	20249	3
22	20250	3
22	20251	3
22	20252	3
22	20253	3
22	20254	3
22	20255	3
22	20256	3
22	20257	3
22	20258	3
22	20259	3
22	20260	3
22	20261	3
22	20262	4
22	20263	4
22	20264	4
22	20265	4
22	20266	4
22	20267	4
22	20268	4
22	20269	4
22	20270	4
22	20271	4
22	20272	4
22	20273	4
22	20274	4
22	20275	4
22	20276	4
22	20277	4
22	20278	4
22	20279	4
22	20280	3
22	20281	3
22	20282	3
22	20283	3
22	20284	3
22	20285	3
22	20286	3
22	20287	3
22	20288	3
22	20289	3
22	20290	2
22	20291	2
22	20292	2
22	20293	1
22	20294	1
22	20295	1
22	20296	1
22	20297	1
22	20298	1
22	20299	1
22	20300	1
22	20301	1
22	20302	1
22	20303	1
22	20304	1
22	20305	1
22	20306	1
22	20307	1
22	20308	1
22	20309	1
22	20310	1
22	20311	1
22	20312	1
22	20313	1
22	20314	1
22	20315	1
22	20316	1
22	20317	1
22	20318	1
22	20319	1
22	20320	1
22	20321	1
22	20322	1
22	20323	1
22	20324	1
22	20325	1
22	20326	1
22	20327	1
22	20328	1
22	20329	1
22	20330	1
22	20331	1
22	20332	1
22	20333	1
22	20334	1
22	20335	1
22	20336	1
22	20337	2
22	20338	2
22	20339	2
22	20340	1
22	20341	1
22	20342	1
22	20343	1
22	20344	1
22	20345	1
22	20346	1
22	20347	1
22	20348	1
22	20349	1
22	20350	1
22	20351	1
22	20352	1
22	20353	1
22	20354	1
22	20355	1
22	20356	1
22	20357	1
22	20358	1
22	20359	1
22	20360	2
22	20361	2
22	20362	2
22	20363	2
22	20364	2
22	20365	2
22	20366	2
22	20367	2
22	20368	2
22	20369	2
22	20370	2
22	20371	2
22	20372	2
22	20373	2
22	20374	2
22	20375	2
22	20376	2
22	20377	2
22	20378	2
22	20379	2
22	20380	2
22	20381	2
22	20382	2
22	20383	2
22	20384	2
22	20385	2
22	20386	2
22	20387	2
22	20388	1
22	20389	1
22	20390	1
22	20391	1
22	20392	1
22	20393	1
22	20394	1
22	20395	1
22	20396	1
22	20397	1
22	20398	1
22	20399	1
22	20400	1
22	20401	1
22	20402	1
22	20403	2
22	20404	2
22	20405	2
22	20406	2
22	20407	2
22	20408	2
22	20409	2
22	20410	2
22	20411	2
22	20412	2
22	20413	2
22	20414	2
22	20415	2
22	20416	2
22	20417	2
22	20418	2
22	20419	2
22	20420	2
22	20421	2
22	20422	2
22	20423	2
22	20424	1
22	20425	1
22	20426	1
22	20427	1
22	20428	1
22	20429	1
22	20430	1
22	20431	1
22	20432	1
22	20433	1
22	20434	1
22	20435	1
22	20436	1
22	20437	1
22	20438	1
22	20439	1
22	20440	1
22	20441	1
22	20442	1
22	20443	1
22	20444	1
22	20445	1
22	20452	1
22	20453	1
22	20454	1
22	20455	1
22	20456	1
22	20457	1
22	20458	1
22	20459	1
22	20460	2
22	20461	2
22	20462	2
22	20463	2
22	20464	2
22	20465	2
22	20466	2
22	20467	2
22	20468	2
22	20469	2
22	20470	2
22	20471	2
22	20472	2
22	20473	2
22	20474	2
22	20475	2
22	20476	2
22	20477	2
22	20478	2
22	20479	2
22	20480	2
22	20481	2
22	20482	3
22	20483	3
22	20484	3
22	20485	3
22	20486	3
22	20487	3
22	20488	3
22	20489	4
22	20490	4
22	20491	4
22	20492	4
22	20493	4
22	20494	4
22	20495	4
22	20496	5
22	20497	5
22	20498	5
22	20499	5
22	20500	5
22	20501	5
22	20502	5
22	20503	5
22	20504	5
22	20505	6
22	20506	6
22	20507	6
22	20508	6
22	20509	6
22	20510	6
22	20511	6
22	20512	6
22	20513	7
22	20514	7
22	20515	7
22	20516	7
22	20517	7
22	20518	7
22	20519	7
22	20520	7
22	20521	7
22	20522	7
22	20523	7
22	20524	7
22	20525	8
22	20526	8
22	20527	8
22	20528	7
22	20529	6
22	20530	6
22	20531	6
22	20532	6
22	20533	6
22	20534	6
22	20535	6
22	20536	6
22	20537	6
22	20538	5
22	20539	5
22	20540	5
22	20541	5
22	20542	5
22	20543	5
22	20544	5
22	20545	5
22	20546	5
22	20547	5
22	20548	5
22	20549	5
22	20550	5
22	20551	5
22	20552	5
22	20553	5
22	20554	5
22	20555	5
22	20556	5
22	20557	5
22	20558	5
22	20559	5
22	20560	5
22	20561	5
22	20562	5
22	20563	5
22	20564	5
22	20565	5
22	20566	5
22	20567	5
22	20568	5
22	20569	4
22	20570	4
22	20571	4
22	20572	4
22	20573	4
22	20574	4
22	20575	4
22	20576	4
22	20577	4
22	20578	4
22	20579	4
22	20580	4
22	20581	4
22	20582	4
22	20583	3
22	20584	3
22	20585	3
22	20586	3
22	20587	3
22	20588	3
22	20589	3
22	20590	3
22	20591	3
22	20592	3
22	20593	3
22	20594	3
22	20595	3
22	20596	3
22	20597	3
22	20598	3
22	20599	3
22	20600	3
22	20601	3
22	20602	3
22	20603	2
22	20604	3
22	20605	3
22	20606	3
22	20607	3
22	20608	3
22	20609	3
22	20610	3
22	20611	3
22	20612	3
22	20613	3
22	20614	3
22	20615	3
22	20616	3
22	20617	3
22	20618	3
22	20619	3
22	20620	3
22	20621	3
22	20622	3
22	20623	3
22	20624	3
22	20625	3
22	20626	3
22	20627	3
22	20628	3
22	20629	3
22	20630	3
22	20631	3
22	20632	3
22	20633	3
22	20634	3
22	20635	3
22	20636	3
22	20637	3
22	20638	3
22	20639	3
22	20640	3
22	20641	2
22	20642	2
22	20643	2
22	20644	2
22	20645	2
22	20646	2
22	20647	2
22	20648	2
22	20649	2
22	20650	1
22	20651	1
22	20652	1
22	20653	1
22	20654	1
22	20655	1
22	20656	1
22	20657	1
22	20658	1
22	20659	1
22	20660	1
22	20661	1
22	20662	1
22	20663	1
22	20664	1
22	20665	1
22	20666	1
22	20667	1
22	20668	1
22	20669	1
22	20670	1
22	20671	1
22	20672	1
22	20673	1
22	20674	1
22	20675	1
22	20676	1
22	20677	1
22	20678	1
22	20679	1
22	20680	1
22	20681	1
22	20682	1
22	20683	1
22	20684	1
22	20701	1
22	20702	1
22	20703	1
22	20704	1
22	20705	1
22	20706	1
22	20707	1
22	20708	1
22	20709	1
22	20710	1
22	20711	1
22	20712	1
22	20713	1
22	20714	1
22	20715	1
22	20716	1
22	20717	1
22	20718	1
22	20719	1
22	20847	1
22	20848	1
22	20849	2
22	20850	2
22	20851	2
22	20852	2
22	20853	2
22	20854	2
22	20855	2
22	20856	2
22	20857	2
22	20858	2
22	20859	2
22	20860	2
22	20861	2
22	20862	2
22	20863	2
22	20864	2
22	20865	2
22	20866	2
22	20867	2
22	20868	2
22	20869	2
22	20870	2
22	20871	2
22	20872	2
22	20873	2
22	20874	2
22	20875	2
22	20876	2
22	20877	2
22	20878	2
22	20879	2
22	20880	2
22	20881	2
22	20882	2
22	20883	2
22	20884	2
22	20885	2
22	20886	2
22	20887	2
22	20888	2
22	20889	2
22	20890	2
22	20891	2
22	20892	2
22	20893	1
22	20894	1
22	20895	1
22	20896	2
22	20897	2
22	20898	2
22	20899	2
22	20900	2
22	20901	2
22	20902	2
22	20903	2
22	20904	2
22	20905	2
22	20906	2
22	20907	2
22	20908	2
22	20909	2
22	20910	2
22	20911	2
22	20912	2
22	20913	1
22	20914	1
22	20915	1
22	20916	1
22	20917	1
22	20918	2
22	20919	2
22	20920	2
22	20921	2
22	20922	2
22	20923	2
22	20924	2
22	20925	2
22	20926	2
22	20927	2
22	20928	2
22	20929	2
22	20930	2
22	20931	2
22	20932	2
22	20933	2
22	20934	2
22	20935	2
22	20936	2
22	20937	2
22	20938	2
22	20939	2
22	20940	2
22	20941	2
22	20942	2
22	20943	2
22	20944	2
22	20945	2
22	20946	2
22	20947	2
22	20948	2
22	20949	2
22	20950	2
22	20951	2
22	20952	2
22	20953	2
22	20954	2
22	20955	2
22	20956	2
22	20957	2
22	20958	2
22	20959	3
22	20960	3
22	20961	3
22	20962	3
22	20963	3
22	20964	3
22	20965	3
22	20966	3
22	20967	3
22	20968	3
22	20969	3
22	20970	3
22	20971	3
22	20972	3
22	20973	3
22	20974	3
22	20975	3
22	20976	3
22	20977	3
22	20978	4
22	20979	4
22	20980	4
22	20981	4
22	20982	4
22	20983	4
22	20984	4
22	20985	4
22	20986	4
22	20987	5
22	20988	5
22	20989	5
22	20990	5
22	20991	5
22	20992	5
22	20993	5
22	20994	5
22	20995	5
22	20996	5
22	20997	5
22	20998	5
22	20999	5
22	21000	5
22	21001	5
22	21002	5
22	21003	5
22	21004	5
22	21005	5
22	21006	5
22	21007	5
22	21008	5
22	21009	5
22	21010	5
22	21011	5
22	21012	5
22	21013	5
22	21014	4
22	21015	4
22	21016	4
22	21017	3
22	21018	3
22	21019	3
22	21020	3
22	21021	3
22	21022	2
22	21023	2
22	21024	2
22	21025	2
22	21026	2
22	21027	2
22	21028	2
22	21029	2
22	21030	3
22	21031	3
22	21032	3
22	21033	3
22	21034	3
22	21035	2
22	21036	3
22	21037	3
22	21038	3
22	21039	3
22	21040	3
22	21041	3
22	21042	3
22	21043	3
22	21044	4
22	21045	4
22	21046	5
22	21047	5
22	21048	5
22	21049	5
22	21050	5
22	21051	6
22	21052	6
22	21053	6
22	21054	5
22	21055	5
22	21056	5
22	21057	5
22	21058	5
22	21059	5
22	21060	5
22	21061	5
22	21062	5
22	21063	5
22	21064	5
22	21065	5
22	21066	5
22	21067	5
22	21068	5
22	21069	5
22	21070	5
22	21071	5
22	21072	5
22	21073	5
22	21074	5
22	21075	5
22	21076	5
22	21077	5
22	21078	5
22	21079	5
22	21080	5
22	21081	5
22	21082	5
22	21083	5
22	21084	5
22	21085	5
22	21086	5
22	21087	5
22	21088	6
22	21089	6
22	21090	6
22	21091	6
22	21092	6
22	21093	6
22	21094	6
22	21095	6
22	21096	5
22	21097	5
22	21098	6
22	21099	5
22	21100	5
22	21101	5
22	21102	5
22	21103	4
22	21104	4
22	21105	4
22	21106	4
22	21107	4
22	21108	4
22	21109	4
22	21110	4
22	21111	4
22	21112	4
22	21113	4
22	21114	4
22	21115	4
22	21116	4
22	21117	4
22	21118	4
22	21119	4
22	21120	4
22	21121	4
22	21122	4
22	21123	4
22	21124	4
22	21125	4
22	21126	4
22	21127	4
22	21128	4
22	21129	3
22	21130	3
22	21131	3
22	21132	3
22	21133	3
22	21134	3
22	21135	3
22	21136	3
22	21137	3
22	21138	3
22	21139	3
22	21140	3
22	21141	3
22	21142	3
22	21143	3
22	21144	3
22	21145	3
22	21146	3
22	21147	3
22	21148	3
22	21149	3
22	21150	3
22	21151	3
22	21152	3
22	21153	3
22	21154	3
22	21155	3
22	21156	3
22	21157	3
22	21158	2
22	21159	2
22	21160	2
22	21161	2
22	21162	2
22	21163	2
22	21164	1
22	21165	1
22	21166	1
22	21167	1
22	21168	1
22	21169	1
22	21170	1
22	21171	1
22	21172	1
22	21173	1
22	21174	1
22	21175	1
22	21235	1
22	21236	1
22	21237	1
22	21238	1
22	21239	1
22	21240	1
22	21241	1
22	21242	1
22	21243	1
22	21244	1
22	21245	1
22	21246	1
22	21247	1
22	21248	1
22	21249	1
22	21250	1
22	21251	1
22	21252	1
22	21253	1
22	21254	1
22	21255	1
22	21256	1
22	21257	1
22	21258	1
22	21259	1
22	21260	1
22	21261	1
22	21262	1
22	21263	1
22	21264	1
22	21265	1
22	21266	1
22	21267	1
22	21268	1
22	21269	1
22	21270	1
22	21271	1
22	21272	1
22	21273	1
22	21274	1
22	21275	1
22	21284	1
22	21285	1
22	21286	1
22	21287	1
22	21288	1
22	21289	1
22	21290	1
22	21291	1
22	21292	1
22	21293	1
22	21294	1
22	21295	1
22	21296	1
22	21297	1
22	21298	1
22	21299	1
22	21300	1
22	21301	1
22	21302	1
22	21303	1
22	21304	1
22	21305	1
22	21306	2
22	21307	2
22	21308	2
22	21309	2
22	21310	2
22	21311	2
22	21312	2
22	21313	2
22	21314	2
22	21315	2
22	21316	2
22	21317	2
22	21318	2
22	21319	2
22	21320	2
22	21321	2
22	21322	2
22	21323	2
22	21324	2
22	21325	2
22	21326	2
22	21327	2
22	21328	1
22	21329	1
22	21330	1
22	21331	1
22	21332	1
22	21333	1
22	21334	1
22	21335	1
22	21336	1
22	21337	1
22	21338	1
22	21339	2
22	21340	2
22	21341	2
22	21342	2
22	21343	2
22	21344	2
22	21345	2
22	21346	2
22	21347	2
22	21348	2
22	21349	2
22	21350	2
22	21351	2
22	21352	2
22	21353	2
22	21354	2
22	21355	2
22	21356	2
22	21357	2
22	21358	2
22	21359	2
22	21360	2
22	21361	2
22	21362	2
22	21363	2
22	21364	2
22	21365	2
22	21366	2
22	21367	2
22	21368	2
22	21369	2
22	21370	2
22	21371	2
22	21372	2
22	21373	2
22	21374	2
22	21375	2
22	21376	2
22	21377	2
22	21378	2
22	21379	2
22	21380	2
22	21381	2
22	21382	2
22	21383	2
22	21384	2
22	21385	2
22	21386	2
22	21387	2
22	21388	2
22	21389	2
22	21390	2
22	21391	2
22	21392	2
22	21393	2
22	21394	2
22	21395	2
22	21396	2
22	21397	2
22	21398	2
22	21399	2
22	21400	2
22	21401	2
22	21402	2
22	21403	2
22	21404	2
22	21405	2
22	21406	2
22	21407	2
22	21408	3
22	21409	2
22	21410	2
22	21411	2
22	21412	2
22	21413	2
22	21414	2
22	21415	2
22	21416	2
22	21417	2
22	21418	2
22	21419	2
22	21420	2
22	21421	2
22	21422	2
22	21423	3
22	21424	3
22	21425	3
22	21426	3
22	21427	3
22	21428	3
22	21429	3
22	21430	3
22	21431	3
22	21432	3
22	21433	3
22	21434	3
22	21435	3
22	21436	3
22	21437	3
22	21438	3
22	21439	3
22	21440	2
22	21441	2
22	21442	2
22	21443	2
22	21444	2
22	21445	2
22	21446	2
22	21447	2
22	21448	2
22	21449	2
22	21450	2
22	21451	2
22	21452	1
22	21453	1
22	21454	1
22	21455	1
22	21456	1
22	21457	1
22	21458	1
22	21459	1
22	21460	1
22	21468	1
22	21469	1
22	21470	1
22	21471	1
22	21472	1
22	21473	1
22	21474	1
22	21475	1
22	21476	1
22	21477	1
22	21478	1
22	21479	1
22	21480	1
22	21481	1
22	21482	1
22	21483	1
22	21484	1
22	21485	1
22	21486	1
22	21487	1
22	21488	1
22	21489	1
22	21490	1
22	21491	1
22	21492	1
22	21493	1
22	21494	1
22	21495	1
22	21496	1
22	21497	1
22	21498	1
22	21499	1
22	21500	1
22	21501	1
22	21502	1
22	21503	1
22	21504	1
22	21505	1
22	21506	1
22	21507	1
22	21508	1
22	21509	1
22	21510	1
22	21511	1
22	21512	1
22	21513	1
22	21514	2
22	21515	2
22	21516	2
22	21517	2
22	21518	2
22	21519	2
22	21520	2
22	21521	2
22	21522	2
22	21523	2
22	21524	2
22	21525	2
22	21526	2
22	21527	2
22	21528	2
22	21529	2
22	21530	2
22	21531	2
22	21532	2
22	21533	2
22	21534	2
22	21535	2
22	21536	2
22	21537	2
22	21538	2
22	21539	2
22	21540	3
22	21541	3
22	21542	3
22	21543	3
22	21544	3
22	21545	3
22	21546	3
22	21547	3
22	21548	3
22	21549	3
22	21550	3
22	21551	3
22	21552	3
22	21553	3
22	21554	3
22	21555	3
22	21556	3
22	21557	3
22	21558	4
22	21559	4
22	21560	4
22	21561	5
22	21562	5
22	21563	5
22	21564	5
22	21565	5
22	21566	5
22	21567	5
22	21568	5
22	21569	5
22	21570	5
22	21571	5
22	21572	5
22	21573	5
22	21574	5
22	21575	5
22	21576	5
22	21577	5
22	21578	5
22	21579	5
22	21580	5
22	21581	5
22	21582	5
22	21583	5
22	21584	4
22	21585	4
22	21586	4
22	21587	4
22	21588	4
22	21589	4
22	21590	4
22	21591	4
22	21592	5
22	21593	5
22	21594	5
22	21595	5
22	21596	6
22	21597	6
22	21598	6
22	21599	6
22	21600	6
22	21601	6
22	21602	6
22	21603	6
22	21604	6
22	21605	6
22	21606	6
22	21607	6
22	21608	6
22	21609	6
22	21610	6
22	21611	6
22	21612	6
22	21613	6
22	21614	6
22	21615	6
22	21616	6
22	21617	6
22	21618	6
22	21619	6
22	21620	6
22	21621	6
22	21622	5
22	21623	5
22	21624	5
22	21625	5
22	21626	5
22	21627	5
22	21628	5
22	21629	4
22	21630	4
22	21631	4
22	21632	4
22	21633	4
22	21634	4
22	21635	4
22	21636	4
22	21637	4
22	21638	4
22	21639	4
22	21640	4
22	21641	4
22	21642	4
22	21643	4
22	21644	4
22	21645	4
22	21646	4
22	21647	4
22	21648	4
22	21649	4
22	21650	4
22	21651	4
22	21652	4
22	21653	4
22	21654	4
22	21655	3
22	21656	3
22	21657	3
22	21658	2
22	21659	2
22	21660	2
22	21661	3
22	21662	3
22	21663	3
22	21664	3
22	21665	3
22	21666	3
22	21667	3
22	21668	3
22	21669	3
22	21670	3
22	21671	3
22	21672	3
22	21673	3
22	21674	3
22	21675	3
22	21676	4
22	21677	4
22	21678	4
22	21679	4
22	21680	4
22	21681	4
22	21682	4
22	21683	4
22	21684	4
22	21685	4
22	21686	3
22	21687	3
22	21688	3
22	21689	3
22	21690	3
22	21691	3
22	21692	3
22	21693	3
22	21694	3
22	21695	2
22	21696	2
22	21697	2
22	21698	2
22	21699	2
22	21700	2
22	21701	2
22	21702	2
22	21703	2
22	21704	2
22	21705	2
22	21706	2
22	21707	2
22	21708	2
22	21709	2
22	21710	2
22	21711	2
22	21712	2
22	21713	2
22	21714	2
22	21715	2
22	21716	3
22	21717	3
22	21718	3
22	21719	3
22	21720	3
22	21721	3
22	21722	3
22	21723	3
22	21724	3
22	21725	3
22	21726	3
22	21727	3
22	21728	3
22	21729	3
22	21730	3
22	21731	3
22	21732	4
22	21733	4
22	21734	4
22	21735	4
22	21736	4
22	21737	1
22	21738	1
22	21739	1
22	21740	1
22	21741	1
22	21742	1
22	21743	1
22	21744	1
22	21745	1
22	21746	1
22	21747	1
22	21748	1
22	21749	1
22	21750	1
22	21751	1
22	21752	1
22	21753	1
22	21754	1
22	21755	1
22	21756	1
22	21757	1
22	21758	1
22	21759	1
22	21760	1
22	21761	1
22	21762	1
22	21763	1
22	21764	1
22	21765	1
22	21766	1
22	21767	1
22	21768	1
22	21769	1
22	21770	1
22	21771	1
22	21772	2
22	21773	2
22	21774	2
22	21775	1
22	21776	1
22	21777	1
22	21778	1
22	21779	2
22	21780	2
22	21781	3
22	21782	4
22	21783	4
22	21784	5
22	21785	5
22	21786	5
22	21787	5
22	21788	5
22	21789	5
22	21790	5
22	21791	5
22	21792	5
22	21793	5
22	21794	5
22	21795	5
22	21796	5
22	21797	5
22	21798	5
22	21799	5
22	21800	4
22	21801	4
22	21802	4
22	21803	4
22	21804	4
22	21805	4
22	21806	3
22	21807	3
22	21808	3
22	21809	3
22	21810	3
22	21811	3
22	21812	3
22	21813	4
22	21814	4
22	21815	4
22	21816	4
22	21817	4
22	21818	4
22	21819	4
22	21820	4
22	21821	4
22	21822	4
22	21823	4
22	21824	4
22	21825	4
22	21826	4
22	21827	3
22	21828	3
22	21829	3
22	21830	3
22	21831	3
22	21832	3
22	21833	3
22	21834	3
22	21835	3
22	21836	3
22	21837	3
22	21838	3
22	21839	3
22	21840	3
22	21841	3
22	21842	3
22	21843	3
22	21844	3
22	21845	3
22	21846	2
22	21847	2
22	21848	2
22	21849	2
22	21850	2
22	21851	2
22	21852	2
22	21853	2
22	21854	2
22	21855	2
22	21856	2
22	21857	2
22	21858	2
22	21859	2
22	21860	2
22	21861	2
22	21862	2
22	21863	2
22	21864	2
22	21865	2
22	21866	2
22	21867	2
22	21868	2
22	21869	2
22	21870	2
22	21871	2
22	21872	2
22	21873	2
22	21874	2
22	21875	2
22	21876	2
22	21877	2
22	21878	2
22	21879	2
22	21880	2
22	21881	2
22	21882	2
22	21883	2
22	21884	2
22	21885	2
22	21886	1
22	21887	1
22	21888	1
22	21889	1
22	21890	1
22	21891	1
22	21892	1
22	21893	1
22	21894	1
22	21895	1
22	21896	1
22	21897	2
22	21898	2
22	21899	2
22	21900	2
22	21901	2
22	21902	3
22	21903	3
22	21904	3
22	21905	3
22	21906	3
22	21907	3
22	21908	3
22	21909	3
22	21910	3
22	21911	3
22	21912	3
22	21913	3
22	21914	3
22	21915	3
22	21916	3
22	21917	3
22	21918	3
22	21919	4
22	21920	4
22	21921	4
22	21922	4
22	21923	4
22	21924	4
22	21925	4
22	21926	4
22	21927	4
22	21928	4
22	21929	4
22	21930	4
22	21931	5
22	21932	4
22	21933	4
22	21934	4
22	21935	4
22	21936	4
22	21937	4
22	21938	4
22	21939	4
22	21940	3
22	21941	3
22	21942	3
22	21943	3
22	21944	3
22	21945	3
22	21946	3
22	21947	3
22	21948	3
22	21949	3
22	21950	3
22	21951	3
22	21952	3
22	21953	3
22	21954	3
22	21955	4
22	21956	4
22	21957	4
22	21958	4
22	21959	4
22	21960	4
22	21961	4
22	21962	4
22	21963	4
22	21964	4
22	21965	4
22	21966	4
22	21967	4
22	21968	4
22	21969	4
22	21970	4
22	21971	4
22	21972	4
22	21973	3
22	21974	3
22	21975	3
22	21976	3
22	21977	3
22	21978	3
22	21979	3
22	21980	3
22	21981	3
22	21982	3
22	21983	3
22	21984	3
22	21985	3
22	21986	3
22	21987	3
22	21988	3
22	21989	3
22	21990	3
22	21991	3
22	21992	3
22	21993	3
22	21994	3
22	21995	3
22	21996	3
22	21997	3
22	21998	3
22	21999	2
22	22000	2
22	22001	2
22	22002	2
22	22003	2
22	22004	2
22	22005	2
22	22006	2
22	22007	2
22	22008	2
22	22009	2
22	22010	2
22	22011	2
22	22012	2
22	22013	2
22	22014	2
22	22015	2
22	22016	2
22	22017	3
22	22018	3
22	22019	3
22	22020	3
22	22021	3
22	22022	3
22	22023	3
22	22024	3
22	22025	3
22	22026	3
22	22027	3
22	22028	2
22	22029	2
22	22030	2
22	22031	2
22	22032	2
22	22033	2
22	22034	2
22	22035	2
22	22036	2
22	22037	2
22	22038	2
22	22039	2
22	22040	3
22	22041	3
22	22042	4
22	22043	4
22	22044	4
22	22045	4
22	22046	4
22	22047	4
22	22048	3
22	22049	3
22	22050	3
22	22051	3
22	22052	3
22	22053	3
22	22054	4
22	22055	4
22	22056	4
22	22057	4
22	22058	4
22	22059	4
22	22060	4
22	22061	4
22	22062	4
22	22063	4
22	22064	4
22	22065	4
22	22066	4
22	22067	4
22	22068	4
22	22069	4
22	22070	4
22	22071	4
22	22072	4
22	22073	5
22	22074	5
22	22075	5
22	22076	5
22	22077	4
22	22078	4
22	22079	4
22	22080	4
22	22081	4
22	22082	4
22	22083	4
22	22084	3
22	22085	3
22	22086	3
22	22087	3
22	22088	3
22	22089	3
22	22090	3
22	22091	3
22	22092	3
22	22093	3
22	22094	3
22	22095	3
22	22096	3
22	22097	3
22	22098	3
22	22099	3
22	22100	3
22	22101	3
22	22102	3
22	22103	3
22	22104	3
22	22105	3
22	22106	3
22	22107	3
22	22108	3
22	22109	3
22	22110	3
22	22111	3
22	22112	3
22	22113	3
22	22114	3
22	22115	3
22	22116	3
22	22117	3
22	22118	3
22	22119	3
22	22120	3
22	22121	3
22	22122	3
22	22123	3
22	22124	3
22	22125	3
22	22126	3
22	22127	3
22	22128	3
22	22129	3
22	22130	3
22	22131	3
22	22132	3
22	22133	3
22	22134	3
22	22135	3
22	22136	3
22	22137	3
22	22138	3
22	22139	3
22	22140	3
22	22141	2
22	22142	2
22	22143	2
22	22144	2
22	22145	3
22	22146	3
22	22147	3
22	22148	3
22	22149	3
22	22150	3
22	22151	3
22	22152	3
22	22153	3
22	22154	3
22	22155	3
22	22156	2
22	22157	2
22	22158	2
22	22159	2
22	22160	2
22	22161	2
22	22162	2
22	22163	2
22	22164	2
22	22165	2
22	22166	2
22	22167	2
22	22168	3
22	22169	2
22	22170	2
22	22171	2
22	22172	2
22	22173	2
22	22174	2
22	22175	2
22	22176	2
22	22177	2
22	22178	2
22	22179	2
22	22180	2
22	22181	2
22	22182	2
22	22183	2
22	22184	3
22	22185	3
22	22186	3
22	22187	3
22	22188	3
22	22189	3
22	22190	2
22	22191	2
22	22192	2
22	22193	2
22	22194	2
22	22195	2
22	22196	2
22	22197	2
22	22198	2
22	22199	2
22	22200	2
22	22201	2
22	22202	2
22	22203	2
22	22204	2
22	22205	3
22	22206	3
22	22207	3
22	22208	3
22	22209	3
22	22210	3
22	22211	3
22	22212	3
22	22213	3
22	22214	3
22	22215	3
22	22216	3
22	22217	3
22	22218	3
22	22219	3
22	22220	3
22	22221	3
22	22222	3
22	22223	3
22	22224	3
22	22225	3
22	22226	3
22	22227	3
22	22228	3
22	22229	3
22	22230	3
22	22231	3
22	22232	2
22	22233	3
22	22234	4
22	22235	4
22	22236	4
22	22237	4
22	22238	5
22	22239	5
22	22240	6
22	22241	6
22	22242	6
22	22243	6
22	22244	6
22	22245	6
22	22246	6
22	22247	6
22	22248	6
22	22249	7
22	22250	7
22	22251	7
22	22252	7
22	22253	7
22	22254	7
22	22255	7
22	22256	7
22	22257	6
22	22258	6
22	22259	6
22	22260	6
22	22261	6
22	22262	6
22	22263	6
22	22264	6
22	22265	6
22	22266	6
22	22267	6
22	22268	6
22	22269	6
22	22270	6
22	22271	6
22	22272	6
22	22273	6
22	22274	5
22	22275	4
22	22276	4
22	22277	4
22	22278	4
22	22279	4
22	22280	4
22	22281	4
22	22282	3
22	22283	2
22	22284	2
22	22285	2
22	22286	2
22	22287	2
22	22288	2
22	22289	2
22	22290	2
22	22291	2
22	22292	2
22	22293	2
22	22294	3
22	22295	3
22	22296	3
22	22297	3
22	22298	3
22	22299	3
22	22300	3
22	22301	3
22	22302	3
22	22303	3
22	22304	3
22	22305	3
22	22306	3
22	22307	3
22	22308	3
22	22309	3
22	22310	3
22	22311	3
22	22312	2
22	22313	2
22	22314	2
22	22315	1
22	22316	1
22	22317	1
22	22318	1
22	22319	1
22	22320	1
22	22321	1
22	22322	1
22	22323	1
22	22324	1
22	22325	1
22	22326	1
22	22327	1
22	22328	1
22	22329	1
22	22330	1
22	22331	1
22	22332	1
22	22333	1
22	22334	2
22	22335	2
22	22336	2
22	22337	2
22	22338	2
22	22339	2
22	22340	2
22	22341	2
22	22342	2
22	22343	2
22	22344	2
22	22345	2
22	22346	2
22	22347	2
22	22348	2
22	22349	2
22	22350	2
22	22351	2
22	22352	2
22	22353	1
22	22354	1
22	22355	1
22	22356	1
22	22357	1
22	22358	1
22	22359	1
22	22360	1
22	22361	1
22	22362	1
22	22363	1
22	22364	1
22	22365	1
22	22366	1
22	22367	1
22	22368	2
22	22369	2
22	22370	2
22	22371	2
22	22372	2
22	22373	2
22	22374	2
22	22375	2
22	22376	2
22	22377	2
22	22378	2
22	22379	1
22	22380	1
22	22381	1
22	22382	1
22	22383	1
22	22384	1
22	22385	1
22	22386	2
22	22387	2
22	22388	2
22	22389	2
22	22390	2
22	22391	2
22	22392	2
22	22393	2
22	22394	2
22	22395	2
22	22396	2
22	22397	2
22	22398	2
22	22399	2
22	22400	2
22	22401	2
22	22402	2
22	22403	2
22	22404	2
22	22405	2
22	22406	3
22	22407	3
22	22408	3
22	22409	3
22	22410	3
22	22411	3
22	22412	3
22	22413	3
22	22414	3
22	22415	3
22	22416	3
22	22417	3
22	22418	3
22	22419	3
22	22420	3
22	22421	3
22	22422	3
22	22423	2
22	22424	3
22	22425	3
22	22426	3
22	22427	3
22	22428	3
22	22429	2
22	22430	1
22	22431	1
22	22432	1
22	22433	1
22	22434	1
22	22435	1
22	22436	1
22	22437	1
22	22438	1
22	22439	1
22	22440	1
22	22441	1
22	22442	1
22	22443	1
22	22444	1
22	22445	1
22	22446	1
22	22447	1
22	22448	1
22	22449	1
22	22450	1
22	22451	1
22	22452	1
22	22453	1
22	22454	1
22	22455	1
22	22456	1
22	22457	1
22	22458	1
22	22459	1
22	22460	1
22	22461	1
22	22462	1
22	22463	1
22	22464	1
22	22465	1
22	22466	1
22	22467	1
22	22468	1
22	22469	1
22	22470	1
22	22471	1
22	22472	1
22	22473	1
22	22474	1
22	22475	2
22	22476	2
22	22477	2
22	22478	2
22	22479	2
22	22480	2
22	22481	2
22	22482	2
22	22483	2
22	22484	3
22	22485	3
22	22486	3
22	22487	3
22	22488	3
22	22489	3
22	22490	3
22	22491	2
22	22492	2
22	22493	2
22	22494	2
22	22495	2
22	22496	2
22	22497	2
22	22498	2
22	22499	2
22	22500	2
22	22501	2
22	22502	2
22	22503	2
22	22504	2
22	22505	2
22	22506	2
22	22507	2
22	22508	2
22	22509	2
22	22510	2
22	22511	2
22	22512	2
22	22513	2
22	22514	2
22	22515	3
22	22516	3
22	22517	3
22	22518	3
22	22519	3
22	22520	3
22	22521	2
22	22522	2
22	22523	2
22	22524	2
22	22525	2
22	22526	2
22	22527	2
22	22528	3
22	22529	3
22	22530	3
22	22531	3
22	22532	3
22	22533	3
22	22534	3
22	22535	3
22	22536	3
22	22537	3
22	22538	3
22	22539	3
22	22540	3
22	22541	3
22	22542	2
22	22543	2
22	22544	2
22	22545	2
22	22546	2
22	22547	2
22	22548	2
22	22549	2
22	22550	2
22	22551	2
22	22552	2
22	22553	2
22	22554	2
22	22555	2
22	22556	2
22	22557	2
22	22558	2
22	22559	2
22	22560	2
22	22561	2
22	22562	2
22	22563	2
22	22564	2
22	22565	2
22	22566	2
22	22567	2
22	22568	2
22	22569	2
22	22570	2
22	22571	2
22	22572	2
22	22573	2
22	22574	2
22	22575	2
22	22576	2
22	22577	2
22	22578	2
22	22579	2
22	22580	2
22	22581	2
22	22582	3
22	22583	2
22	22584	2
22	22585	2
22	22586	2
22	22587	2
22	22588	2
22	22589	1
22	22590	1
22	22591	1
22	22592	1
22	22593	1
22	22594	1
22	22595	1
22	22596	1
22	22597	1
22	22598	1
22	22599	1
22	22600	1
22	22601	1
22	22602	1
22	22603	1
22	22604	1
22	22605	1
22	22606	1
22	22607	1
22	22608	1
22	22609	1
22	22704	1
22	22705	1
22	22706	1
22	22707	1
22	22708	2
22	22709	2
22	22710	2
22	22711	2
22	22712	2
22	22713	2
22	22714	2
22	22715	2
22	22716	2
22	22717	2
22	22718	2
22	22719	2
22	22720	2
22	22721	3
22	22722	3
22	22723	2
22	22724	2
22	22725	2
22	22726	2
22	22727	2
22	22728	2
22	22729	2
22	22730	2
22	22731	2
22	22732	2
22	22733	2
22	22734	2
22	22735	2
22	22736	2
22	22737	2
22	22738	2
22	22739	2
22	22740	2
22	22741	2
22	22742	2
22	22743	2
22	22744	2
22	22745	2
22	22746	2
22	22747	2
22	22748	2
22	22749	2
22	22750	3
22	22751	3
22	22752	3
22	22753	3
22	22754	3
22	22755	3
22	22756	3
22	22757	3
22	22758	3
22	22759	3
22	22760	3
22	22761	3
22	22762	3
22	22763	3
22	22764	3
22	22765	3
22	22766	3
22	22767	3
22	22768	3
22	22769	3
22	22770	3
22	22771	3
22	22772	3
22	22773	2
22	22774	1
22	22775	1
22	22776	1
22	22777	1
22	22778	1
22	22779	1
22	22780	1
22	22781	1
22	22782	1
22	22783	1
22	22784	1
22	22785	1
22	22786	1
22	22787	1
22	22788	1
22	22789	1
22	22790	1
22	22791	1
22	22792	1
22	22793	1
22	22838	2
22	22839	2
22	22840	2
22	22841	2
22	22842	2
22	22843	2
22	22844	2
22	22845	2
22	22846	2
22	22847	2
22	22848	2
22	22849	2
22	22850	2
22	22851	2
22	22852	2
22	22853	2
22	22854	2
22	22855	2
22	22856	2
22	22857	2
22	22858	2
22	22859	2
22	22860	2
22	22861	2
22	22862	2
22	22863	2
22	22864	2
22	22865	2
22	22866	2
22	22867	2
22	22868	2
22	22869	2
22	22870	2
22	22871	2
22	22872	2
22	22873	2
22	22874	2
22	22875	2
22	22876	2
22	22877	2
22	22878	2
22	22879	2
22	22880	2
22	22881	2
22	22882	2
22	22883	2
22	22884	2
22	22885	2
22	22886	2
22	22887	2
22	22888	2
22	22889	2
22	22890	2
22	22891	2
22	22892	2
22	22893	2
22	22894	2
22	22895	2
22	22896	2
22	22897	2
22	22898	2
22	22899	2
22	22900	2
22	22901	2
22	22902	2
22	22903	3
22	22904	3
22	22905	3
22	22906	3
22	22907	3
22	22908	3
22	22909	3
22	22910	3
22	22911	3
22	22912	3
22	22913	3
22	22914	3
22	22915	3
22	22916	3
22	22917	3
22	22918	3
22	22919	3
22	22920	3
22	22921	3
22	22922	3
22	22923	3
22	22924	3
22	22925	3
22	22926	3
22	22927	3
22	22928	3
22	22929	3
22	22930	3
22	22931	3
22	22932	3
22	22933	4
22	22934	4
22	22935	4
22	22936	4
22	22937	4
22	22938	4
22	22939	4
22	22940	4
22	22941	4
22	22942	4
22	22943	4
22	22944	4
22	22945	4
22	22946	4
22	22947	4
22	22948	3
22	22949	3
22	22950	2
22	22951	2
22	22952	2
22	22953	2
22	22954	1
22	22955	1
22	22956	1
22	22957	1
22	22958	1
22	22959	2
22	22960	2
22	22961	2
22	22962	2
22	22963	2
22	22964	2
22	22965	2
22	22966	2
22	22967	2
22	22968	2
22	22969	2
22	22970	2
22	22971	2
22	22972	2
22	22973	2
22	22974	2
22	22975	2
22	22976	2
22	22977	2
22	22978	3
22	22979	3
22	22980	3
22	22981	3
22	22982	3
22	22983	3
22	22984	3
22	22985	2
22	22986	2
22	22987	2
22	22988	2
22	22989	2
22	22990	2
22	22991	2
22	22992	2
22	22993	2
22	22994	2
22	22995	2
22	22996	2
22	22997	2
22	22998	2
22	22999	2
22	23000	2
22	23001	2
22	23002	2
22	23003	2
22	23004	2
22	23005	1
22	23006	1
22	23007	1
22	23008	1
22	23009	1
22	23010	1
22	23011	1
22	23012	1
22	23013	1
22	23014	1
22	23015	2
22	23016	2
22	23017	2
22	23018	2
22	23019	2
22	23020	2
22	23021	2
22	23022	2
22	23023	2
22	23024	2
22	23025	2
22	23026	2
22	23027	2
22	23028	2
22	23029	2
22	23030	2
22	23031	2
22	23032	2
22	23033	2
22	23034	2
22	23035	2
22	23036	2
22	23037	2
22	23038	2
22	23039	2
22	23040	2
22	23041	2
22	23042	2
22	23043	2
22	23044	2
22	23045	2
22	23046	2
22	23047	2
22	23048	2
22	23049	2
22	23050	2
22	23051	2
22	23052	2
22	23053	2
22	23054	2
22	23055	2
22	23056	2
22	23057	2
22	23058	3
22	23059	3
22	23060	3
22	23061	3
22	23062	3
22	23063	3
22	23064	3
22	23065	2
22	23066	2
22	23067	2
22	23068	3
22	23069	3
22	23070	3
22	23071	3
22	23072	3
22	23073	3
22	23074	3
22	23075	3
22	23076	3
22	23077	3
22	23078	3
22	23079	3
22	23080	3
22	23081	3
22	23082	2
22	23083	2
22	23084	2
22	23085	2
22	23086	2
22	23087	2
22	23088	2
22	23089	2
22	23090	2
22	23091	2
22	23092	2
22	23093	2
22	23094	2
22	23095	2
22	23096	2
22	23097	2
22	23098	2
22	23099	2
22	23100	2
22	23101	2
22	23102	2
22	23103	2
22	23104	2
22	23105	2
22	23106	2
22	23107	2
22	23108	2
22	23109	2
22	23110	3
22	23111	3
22	23112	3
22	23113	3
22	23114	3
22	23115	3
22	23116	3
22	23117	3
22	23118	3
22	23119	3
22	23120	3
22	23121	3
22	23122	3
22	23123	3
22	23124	3
22	23125	3
22	23126	3
22	23127	3
22	23128	3
22	23129	3
22	23130	3
22	23131	3
22	23132	3
22	23133	4
22	23134	4
22	23135	4
22	23136	4
22	23137	4
22	23138	4
22	23139	4
22	23140	5
22	23141	5
22	23142	6
22	23143	6
22	23144	6
22	23145	6
22	23146	6
22	23147	6
22	23148	5
22	23149	5
22	23150	5
22	23151	5
22	23152	5
22	23153	5
22	23154	5
22	23155	5
22	23156	5
22	23157	5
22	23158	5
22	23159	5
22	23160	5
22	23161	5
22	23162	4
22	23163	4
22	23164	4
22	23165	4
22	23166	4
22	23167	4
22	23168	4
22	23169	4
22	23170	4
22	23171	4
22	23172	4
22	23173	3
22	23174	3
22	23175	3
22	23176	3
22	23177	3
22	23178	3
22	23179	3
22	23180	3
22	23181	3
22	23182	3
22	23183	3
22	23184	3
22	23185	3
22	23186	3
22	23187	3
22	23188	3
22	23189	3
22	23190	3
22	23191	3
22	23192	3
22	23193	3
22	23194	4
22	23195	4
22	23196	4
22	23197	4
22	23198	3
22	23199	3
22	23200	3
22	23201	3
22	23202	3
22	23203	3
22	23204	3
22	23205	3
22	23206	3
22	23207	3
22	23208	3
22	23209	3
22	23210	3
22	23211	3
22	23212	3
22	23213	3
22	23214	3
22	23215	3
22	23216	3
22	23217	3
22	23218	3
22	23219	2
22	23220	2
22	23221	2
22	23222	2
22	23223	3
22	23224	3
22	23225	3
22	23226	3
22	23227	3
22	23228	3
22	23229	3
22	23230	3
22	23231	3
22	23232	3
22	23233	3
22	23234	2
22	23235	2
22	23236	2
22	23237	2
22	23238	2
22	23239	2
22	23240	2
22	23241	2
22	23242	2
22	23243	2
22	23244	2
22	23245	2
22	23246	2
22	23247	2
22	23248	2
22	23249	3
22	23250	3
22	23251	3
22	23252	3
22	23253	3
22	23254	3
22	23255	3
22	23256	3
22	23257	3
22	23258	3
22	23259	3
22	23260	3
22	23261	3
22	23262	3
22	23263	3
22	23264	3
22	23265	2
22	23266	2
22	23267	2
22	23268	2
22	23269	2
22	23270	2
22	23271	2
22	23272	2
22	23273	2
22	23274	2
22	23275	2
22	23276	2
22	23277	2
22	23278	1
22	23279	1
22	23280	1
22	23281	1
22	23282	1
22	23283	1
22	23284	1
22	23285	1
22	23286	1
22	23287	1
22	23288	1
22	23289	1
22	23290	1
22	23291	1
22	23292	1
22	23293	1
22	23294	1
22	23295	1
22	23296	1
22	23297	1
22	23305	1
22	23306	1
22	23307	1
22	23308	1
22	23309	1
22	23310	1
22	23311	1
22	23312	1
22	23313	1
22	23314	1
22	23315	1
22	23316	1
22	23317	1
22	23318	1
22	23319	1
22	23320	1
22	23321	1
22	23322	1
22	23323	1
22	23324	1
22	23325	1
22	23326	1
22	23327	1
22	23328	1
22	23329	1
22	23330	1
22	23331	1
22	23332	1
22	23333	2
22	23334	2
22	23335	2
22	23336	2
22	23337	2
22	23338	2
22	23339	2
22	23340	2
22	23341	2
22	23342	3
22	23343	3
22	23344	3
22	23345	3
22	23346	3
22	23347	3
22	23348	3
22	23349	4
22	23350	4
22	23351	4
22	23352	4
22	23353	4
22	23354	4
22	23355	4
22	23356	4
22	23357	4
22	23358	4
22	23359	5
22	23360	5
22	23361	5
22	23362	5
22	23363	5
22	23364	5
22	23365	5
22	23366	5
22	23367	5
22	23368	5
22	23369	5
22	23370	5
22	23371	5
22	23372	5
22	23373	5
22	23374	5
22	23375	5
22	23376	5
22	23377	5
22	23378	5
22	23379	5
22	23380	5
22	23381	5
22	23382	5
22	23383	5
22	23384	5
22	23385	5
22	23386	5
22	23387	5
22	23388	5
22	23389	6
22	23390	6
22	23391	6
22	23392	6
22	23393	6
22	23394	6
22	23395	6
22	23396	6
22	23397	6
22	23398	6
22	23399	7
22	23400	7
22	23401	6
22	23402	6
22	23403	6
22	23404	6
22	23405	6
22	23406	6
22	23407	6
22	23408	6
22	23409	6
22	23410	6
22	23411	6
22	23412	6
22	23413	6
22	23414	6
22	23415	6
22	23416	6
22	23417	6
22	23418	6
22	23419	6
22	23420	6
22	23421	6
22	23422	6
22	23423	6
22	23424	6
22	23425	6
22	23426	6
22	23427	6
22	23428	6
22	23429	6
22	23430	5
22	23431	6
22	23432	6
22	23433	5
22	23434	5
22	23435	5
22	23436	5
22	23437	5
22	23438	5
22	23439	5
22	23440	5
22	23441	5
22	23442	5
22	23443	5
22	23444	5
22	23445	5
22	23446	5
22	23447	5
22	23448	5
22	23449	5
22	23450	5
22	23451	5
22	23452	5
22	23453	5
22	23454	5
22	23455	5
22	23456	5
22	23457	5
22	23458	5
22	23459	5
22	23460	5
22	23461	5
22	23462	5
22	23463	5
22	23464	5
22	23465	5
22	23466	5
22	23467	5
22	23468	5
22	23469	5
22	23470	5
22	23471	5
22	23472	6
22	23473	6
22	23474	6
22	23475	6
22	23476	6
22	23477	6
22	23478	6
22	23479	6
22	23480	6
22	23481	6
22	23482	6
22	23483	6
22	23484	6
22	23485	6
22	23486	6
22	23487	6
22	23488	6
22	23489	5
22	23490	5
22	23491	5
22	23492	5
22	23493	5
22	23494	5
22	23495	5
22	23496	4
22	23497	4
22	23498	5
22	23499	4
22	23500	4
22	23501	4
22	23502	4
22	23503	4
22	23504	4
22	23505	4
22	23506	4
22	23507	4
22	23508	4
22	23509	4
22	23510	4
22	23511	4
22	23512	4
22	23513	4
22	23514	4
22	23515	4
22	23516	4
22	23517	4
22	23518	4
22	23519	4
22	23520	4
22	23521	4
22	23522	4
22	23523	4
22	23524	4
22	23525	4
22	23526	4
22	23527	4
22	23528	4
22	23529	5
22	23530	7
22	23531	7
22	23532	8
22	23533	8
22	23534	8
22	23535	8
22	23536	8
22	23537	9
22	23538	9
22	23539	9
22	23540	9
22	23541	9
22	23542	9
22	23543	9
22	23544	9
22	23545	9
22	23546	9
22	23547	9
22	23548	9
22	23549	9
22	23550	9
22	23551	9
22	23552	9
22	23553	9
22	23554	9
22	23555	9
22	23556	9
22	23557	9
22	23558	8
22	23559	8
22	23560	7
22	23561	7
22	23562	7
22	23563	6
22	23564	6
22	23565	6
22	23566	6
22	23567	6
22	23568	6
22	23569	6
22	23570	5
22	23571	5
22	23572	5
22	23573	5
22	23574	5
22	23575	5
22	23576	4
22	23577	4
22	23578	4
22	23579	4
22	23580	4
22	23581	4
22	23582	4
22	23583	4
22	23584	4
22	23585	4
22	23586	4
22	23587	4
22	23588	4
22	23589	4
22	23590	4
22	23591	4
22	23592	4
22	23593	4
22	23594	4
22	23595	4
22	23596	4
22	23597	4
22	23598	4
22	23599	4
22	23600	5
22	23601	6
22	23602	6
22	23603	6
22	23604	6
22	23605	5
22	23606	5
22	23607	5
22	23608	5
22	23609	6
22	23610	7
22	23611	7
22	23612	7
22	23613	7
22	23614	7
22	23615	8
22	23616	8
22	23617	8
22	23618	8
22	23619	8
22	23620	8
22	23621	8
22	23622	8
22	23623	8
22	23624	8
22	23625	8
22	23626	8
22	23627	8
22	23628	9
22	23629	9
22	23630	9
22	23631	9
22	23632	9
22	23633	9
22	23634	9
22	23635	9
22	23636	9
22	23637	9
22	23638	9
22	23639	9
22	23640	9
22	23641	9
22	23642	9
22	23643	8
22	23644	8
22	23645	8
22	23646	8
22	23647	8
22	23648	9
22	23649	9
22	23650	9
22	23651	9
22	23652	9
22	23653	8
22	23654	8
22	23655	8
22	23656	8
22	23657	8
22	23658	7
22	23659	7
22	23660	6
22	23661	6
22	23662	6
22	23663	6
22	23664	6
22	23665	6
22	23666	6
22	23667	6
22	23668	6
22	23669	6
22	23670	6
22	23671	6
22	23672	6
22	23673	5
22	23674	5
22	23675	5
22	23676	5
22	23677	4
22	23678	4
22	23679	4
22	23680	3
22	23681	4
22	23682	4
22	23683	4
22	23684	4
22	23685	4
22	23686	4
22	23687	4
22	23688	4
22	23689	4
22	23690	4
22	23691	4
22	23692	3
22	23693	3
22	23694	3
22	23695	3
22	23696	3
22	23697	3
22	23698	3
22	23699	3
22	23700	3
22	23701	3
22	23702	3
22	23703	3
22	23704	3
22	23705	3
22	23706	3
22	23707	3
22	23708	3
22	23709	3
22	23710	4
22	23711	4
22	23712	5
22	23713	4
22	23714	4
22	23715	4
22	23716	4
22	23717	4
22	23718	4
22	23719	4
22	23720	4
22	23721	4
22	23722	4
22	23723	4
22	23724	4
22	23725	4
22	23726	4
22	23727	4
22	23728	4
22	23729	4
22	23730	4
22	23731	4
22	23732	4
22	23733	4
22	23734	4
22	23735	4
22	23736	4
22	23737	4
22	23738	4
22	23739	4
22	23740	4
22	23741	4
22	23742	4
22	23743	4
22	23744	4
22	23745	4
22	23746	4
22	23747	4
22	23748	4
22	23749	4
22	23750	4
22	23751	4
22	23752	4
22	23753	5
22	23754	5
22	23755	5
22	23756	5
22	23757	5
22	23758	5
22	23759	5
22	23760	5
22	23761	4
22	23762	4
22	23763	4
22	23764	4
22	23765	4
22	23766	4
22	23767	4
22	23768	5
22	23769	5
22	23770	4
22	23771	4
22	23772	4
22	23773	4
22	23774	4
22	23775	4
22	23776	4
22	23777	4
22	23778	4
22	23779	4
22	23780	4
22	23781	3
22	23782	3
22	23783	4
22	23784	4
22	23785	4
22	23786	4
22	23787	4
22	23788	4
22	23789	4
22	23790	4
22	23791	4
22	23792	4
22	23793	4
22	23794	4
22	23795	4
22	23796	4
22	23797	4
22	23798	4
22	23799	4
22	23800	5
22	23801	5
22	23802	5
22	23803	5
22	23804	5
22	23805	5
22	23806	5
22	23807	5
22	23808	5
22	23809	5
22	23810	5
22	23811	5
22	23812	5
22	23813	5
22	23814	5
22	23815	5
22	23816	5
22	23817	5
22	23818	5
22	23819	5
22	23820	5
22	23821	5
22	23822	5
22	23823	5
22	23824	6
22	23825	6
22	23826	7
22	23827	7
22	23828	7
22	23829	7
22	23830	7
22	23831	7
22	23832	7
22	23833	7
22	23834	7
22	23835	7
22	23836	7
22	23837	7
22	23838	7
22	23839	6
22	23840	6
22	23841	6
22	23842	6
22	23843	5
22	23844	5
22	23845	5
22	23846	5
22	23847	5
22	23848	5
22	23849	5
22	23850	5
22	23851	5
22	23852	5
22	23853	5
22	23854	5
22	23855	5
22	23856	5
22	23857	4
22	23858	4
22	23859	4
22	23860	4
22	23861	3
22	23862	3
22	23863	3
22	23864	3
22	23865	3
22	23866	3
22	23867	3
22	23868	3
22	23869	3
22	23870	3
22	23871	3
22	23872	3
22	23873	3
22	23874	3
22	23875	2
22	23876	2
22	23877	2
22	23878	2
22	23879	2
22	23880	2
22	23881	2
22	23882	2
22	23883	2
22	23884	2
22	23885	2
22	23886	2
22	23887	2
22	23888	2
22	23889	2
22	23890	2
22	23891	2
22	23892	1
22	23893	1
22	23894	1
22	23895	1
22	23896	1
22	23897	1
22	23898	1
22	23899	1
22	23900	1
22	23901	1
22	23902	1
22	23903	1
22	23904	1
22	23905	1
22	23906	1
22	23907	1
22	23908	1
22	23909	1
22	23910	1
22	23911	1
22	23912	1
22	23913	1
22	23914	1
22	23915	1
22	23916	1
22	23917	1
22	23918	1
22	23919	1
22	23962	1
22	23963	1
22	23964	1
22	23965	1
22	23966	1
22	23967	2
22	23968	2
22	23969	2
22	23970	2
22	23971	2
22	23972	2
22	23973	2
22	23974	2
22	23975	2
22	23976	2
22	23977	2
22	23978	2
22	23979	2
22	23980	2
22	23981	2
22	23982	2
22	23983	2
22	23984	2
22	23985	2
22	23986	1
22	23987	1
22	23988	1
22	23989	1
22	23990	1
22	23991	1
22	23992	2
22	23993	2
22	23994	2
22	23995	2
22	23996	2
22	23997	2
22	23998	2
22	23999	2
22	24000	2
22	24001	2
22	24002	3
22	24003	3
22	24004	3
22	24005	3
22	24006	3
22	24007	3
22	24008	3
22	24009	3
22	24010	3
22	24011	3
22	24012	3
22	24013	3
22	24014	3
22	24015	3
22	24016	2
22	24017	2
22	24018	2
22	24019	2
22	24020	2
22	24021	2
22	24022	2
22	24023	3
22	24024	3
22	24025	3
22	24026	3
22	24027	3
22	24028	3
22	24029	3
22	24030	3
22	24031	3
22	24032	3
22	24033	3
22	24034	3
22	24035	3
22	24036	3
22	24037	3
22	24038	3
22	24039	3
22	24040	3
22	24041	3
22	24042	3
22	24043	3
22	24044	3
22	24045	3
22	24046	3
22	24047	2
22	24048	2
22	24049	2
22	24050	2
22	24051	2
22	24052	2
22	24053	2
22	24054	2
22	24055	2
22	24056	3
22	24057	3
22	24058	3
22	24059	3
22	24060	3
22	24061	3
22	24062	3
22	24063	3
22	24064	2
22	24065	2
22	24066	2
22	24067	2
22	24068	2
22	24069	2
22	24070	2
22	24071	2
22	24072	2
22	24073	2
22	24074	3
22	24075	3
22	24076	3
22	24077	3
22	24078	4
22	24079	4
22	24080	4
22	24081	4
22	24082	4
22	24083	4
22	24084	4
22	24085	4
22	24086	3
22	24087	3
22	24088	4
22	24089	4
22	24090	4
22	24091	4
22	24092	4
22	24093	4
22	24094	4
22	24095	5
22	24096	5
22	24097	5
22	24098	5
22	24099	5
22	24100	5
22	24101	5
22	24102	4
22	24103	3
22	24104	3
22	24105	3
22	24106	3
22	24107	3
22	24108	3
22	24109	3
22	24110	3
22	24111	3
22	24112	3
22	24113	3
22	24114	3
22	24115	3
22	24116	4
22	24117	4
22	24118	4
22	24119	4
22	24120	4
22	24121	4
22	24122	4
22	24123	4
22	24124	4
22	24125	4
22	24126	4
22	24127	4
22	24128	4
22	24129	4
22	24130	3
22	24131	3
22	24132	3
22	24133	3
22	24134	2
22	24135	2
22	24136	2
22	24137	2
22	24138	2
22	24139	2
22	24140	2
22	24141	2
22	24142	2
22	24143	2
22	24144	2
22	24145	3
22	24146	3
22	24147	3
22	24148	3
22	24149	3
22	24150	3
22	24151	3
22	24152	3
22	24153	3
22	24154	2
22	24155	2
22	24156	2
22	24157	2
22	24158	2
22	24159	2
22	24160	2
22	24161	2
22	24162	2
22	24163	2
22	24164	2
22	24165	2
22	24166	2
22	24167	2
22	24168	3
22	24169	3
22	24170	3
22	24171	3
22	24172	4
22	24173	4
22	24174	4
22	24175	4
22	24176	4
22	24177	4
22	24178	4
22	24179	4
22	24180	4
22	24181	3
22	24182	3
22	24183	3
22	24184	3
22	24185	3
22	24186	3
22	24187	4
22	24188	4
22	24189	3
22	24190	3
22	24191	3
22	24192	3
22	24193	3
22	24194	3
22	24195	3
22	24196	3
22	24197	3
22	24198	3
22	24199	3
22	24200	3
22	24201	3
22	24202	3
22	24203	3
22	24204	3
22	24205	3
22	24206	4
22	24207	4
22	24208	4
22	24209	4
22	24210	4
22	24211	4
22	24212	4
22	24213	4
22	24214	4
22	24215	4
22	24216	4
22	24217	4
22	24218	4
22	24219	4
22	24220	4
22	24221	4
22	24222	4
22	24223	4
22	24224	4
22	24225	4
22	24226	4
22	24227	4
22	24228	4
22	24229	4
22	24230	4
22	24231	4
22	24232	4
22	24233	4
22	24234	4
22	24235	4
22	24236	4
22	24237	4
22	24238	4
22	24239	4
22	24240	4
22	24241	4
22	24242	4
22	24243	4
22	24244	4
22	24245	4
22	24246	4
22	24247	4
22	24248	3
22	24249	2
22	24250	2
22	24251	2
22	24252	2
22	24253	2
22	24254	2
22	24255	2
22	24256	2
22	24257	2
22	24258	2
22	24259	2
22	24260	2
22	24261	2
22	24262	1
22	24263	1
22	24264	2
22	24265	2
22	24266	2
22	24267	2
22	24268	2
22	24269	2
22	24270	2
22	24271	2
22	24272	2
22	24273	2
22	24274	2
22	24275	2
22	24276	2
22	24277	2
22	24278	2
22	24279	2
22	24280	2
22	24281	2
22	24282	2
22	24283	2
22	24284	2
22	24285	2
22	24286	2
22	24287	2
22	24288	2
22	24289	2
22	24290	2
22	24291	2
22	24292	2
22	24293	2
22	24294	2
22	24295	2
22	24296	2
22	24297	1
22	24298	1
22	24299	1
22	24300	1
22	24301	1
22	24302	1
22	24303	1
22	24304	1
22	24305	1
22	24306	1
22	24307	1
22	24308	1
22	24309	1
22	24310	1
22	24311	1
22	24312	1
22	24313	1
22	24314	1
22	24315	1
22	24316	1
22	24317	1
22	24318	1
22	24319	1
22	24320	1
22	24321	1
22	24322	1
22	24323	1
22	24324	1
22	24325	1
22	24326	1
22	24327	1
22	24328	1
22	24347	1
22	24348	1
22	24349	1
22	24350	1
22	24351	1
22	24352	1
22	24353	1
22	24354	1
22	24355	1
22	24356	1
22	24357	1
22	24358	1
22	24359	1
22	24360	1
22	24361	1
22	24362	1
22	24363	1
22	24364	1
22	24365	1
22	24366	1
22	24367	1
22	24368	1
22	24369	1
22	24370	1
22	24371	1
22	24372	2
22	24373	2
22	24374	2
22	24375	2
22	24376	2
22	24377	2
22	24378	2
22	24379	2
22	24380	2
22	24381	2
22	24382	2
22	24383	2
22	24384	2
22	24385	2
22	24386	2
22	24387	2
22	24388	2
22	24389	2
22	24390	2
22	24391	2
22	24392	1
22	24393	1
22	24394	1
22	24395	1
22	24396	1
22	24397	1
22	24398	1
22	24399	1
22	24400	1
22	24401	1
22	24402	1
22	24403	1
22	24404	1
22	24405	1
22	24406	1
22	24407	1
22	24408	1
22	24409	1
22	24410	1
22	24411	1
22	24412	1
22	24413	1
22	24457	1
22	24458	1
22	24459	1
22	24460	1
22	24461	1
22	24462	1
22	24463	1
22	24464	1
22	24465	1
22	24466	1
22	24467	1
22	24468	1
22	24469	2
22	24470	2
22	24471	2
22	24472	2
22	24473	2
22	24474	2
22	24475	2
22	24476	2
22	24477	2
22	24478	2
22	24479	2
22	24480	2
22	24481	2
22	24482	2
22	24483	2
22	24484	3
22	24485	3
22	24486	3
22	24487	3
22	24488	3
22	24489	3
22	24490	3
22	24491	4
22	24492	4
22	24493	4
22	24494	4
22	24495	4
22	24496	4
22	24497	4
22	24498	4
22	24499	4
22	24500	4
22	24501	4
22	24502	4
22	24503	4
22	24504	4
22	24505	4
22	24506	4
22	24507	4
22	24508	4
22	24509	4
22	24510	4
22	24511	4
22	24512	4
22	24513	4
22	24514	4
22	24515	4
22	24516	4
22	24517	4
22	24518	4
22	24519	4
22	24520	4
22	24521	4
22	24522	4
22	24523	4
22	24524	5
22	24525	5
22	24526	5
22	24527	5
22	24528	5
22	24529	5
22	24530	5
22	24531	5
22	24532	5
22	24533	5
22	24534	5
22	24535	5
22	24536	5
22	24537	5
22	24538	6
22	24539	6
22	24540	6
22	24541	6
22	24542	6
22	24543	6
22	24544	6
22	24545	6
22	24546	6
22	24547	6
22	24548	6
22	24549	6
22	24550	6
22	24551	6
22	24552	6
22	24553	6
22	24554	5
22	24555	5
22	24556	5
22	24557	5
22	24558	5
22	24559	5
22	24560	5
22	24561	5
22	24562	6
22	24563	6
22	24564	6
22	24565	6
22	24566	6
22	24567	6
22	24568	6
22	24569	6
22	24570	6
22	24571	6
22	24572	6
22	24573	6
22	24574	6
22	24575	6
22	24576	6
22	24577	6
22	24578	6
22	24579	6
22	24580	6
22	24581	6
22	24582	6
22	24583	6
22	24584	6
22	24585	6
22	24586	6
22	24587	6
22	24588	7
22	24589	7
22	24590	7
22	24591	7
22	24592	7
22	24593	7
22	24594	7
22	24595	7
22	24596	7
22	24597	7
22	24598	7
22	24599	7
22	24600	7
22	24601	7
22	24602	7
22	24603	6
22	24604	7
22	24605	7
22	24606	7
22	24607	7
22	24608	7
22	24609	7
22	24610	7
22	24611	7
22	24612	7
22	24613	8
22	24614	8
22	24615	8
22	24616	8
22	24617	8
22	24618	8
22	24619	8
22	24620	8
22	24621	8
22	24622	8
22	24623	8
22	24624	8
22	24625	8
22	24626	7
22	24627	7
22	24628	7
22	24629	7
22	24630	6
22	24631	6
22	24632	6
22	24633	6
22	24634	6
22	24635	5
22	24636	5
22	24637	5
22	24638	5
22	24639	5
22	24640	5
22	24641	5
22	24642	5
22	24643	5
22	24644	5
22	24645	5
22	24646	5
22	24647	5
22	24648	5
22	24649	5
22	24650	5
22	24651	5
22	24652	5
22	24653	5
22	24654	5
22	24655	5
22	24656	5
22	24657	5
22	24658	5
22	24659	5
22	24660	5
22	24661	4
22	24662	4
22	24663	4
22	24664	4
22	24665	4
22	24666	4
22	24667	4
22	24668	3
22	24669	3
22	24670	3
22	24671	3
22	24672	3
22	24673	3
22	24674	3
22	24675	3
22	24676	3
22	24677	3
22	24678	3
22	24679	3
22	24680	3
22	24681	3
22	24682	3
22	24683	3
22	24684	3
22	24685	3
22	24686	3
22	24687	3
22	24688	3
22	24689	3
22	24690	3
22	24691	2
22	24692	3
22	24693	3
22	24694	3
22	24695	3
22	24696	3
22	24697	3
22	24698	3
22	24699	3
22	24700	3
22	24701	3
22	24702	3
22	24703	3
22	24704	3
22	24705	3
22	24706	3
22	24707	3
22	24708	3
22	24709	3
22	24710	3
22	24711	3
22	24712	3
22	24713	3
22	24714	3
22	24715	3
22	24716	3
22	24717	3
22	24718	3
22	24719	3
22	24720	3
22	24721	3
22	24722	3
22	24723	3
22	24724	3
22	24725	3
22	24726	3
22	24727	3
22	24728	2
22	24729	2
22	24730	2
22	24731	2
22	24732	2
22	24733	2
22	24734	2
22	24735	2
22	24736	2
22	24737	2
22	24738	2
22	24739	2
22	24740	2
22	24741	2
22	24742	2
22	24743	2
22	24744	2
22	24745	2
22	24746	2
22	24747	2
22	24748	2
22	24749	3
22	24750	3
22	24751	3
22	24752	3
22	24753	3
22	24754	3
22	24755	3
22	24756	3
22	24757	3
22	24758	3
22	24759	3
22	24760	3
22	24761	3
22	24762	3
22	24763	3
22	24764	3
22	24765	2
22	24766	2
22	24767	2
22	24768	2
22	24769	2
22	24770	2
22	24771	3
22	24772	3
22	24773	3
22	24774	3
22	24775	3
22	24776	3
22	24777	3
22	24778	3
22	24779	4
22	24780	4
22	24781	4
22	24782	4
22	24783	4
22	24784	4
22	24785	4
22	24786	3
22	24787	3
22	24788	3
22	24789	3
22	24790	4
22	24791	3
22	24792	3
22	24793	3
22	24794	3
22	24795	3
22	24796	3
22	24797	3
22	24798	3
22	24799	3
22	24800	3
22	24801	3
22	24802	3
22	24803	3
22	24804	3
22	24805	3
22	24806	3
22	24807	3
22	24808	3
22	24809	3
22	24810	3
22	24811	3
22	24812	3
22	24813	3
22	24814	3
22	24815	3
22	24816	3
22	24817	3
22	24818	3
22	24819	3
22	24820	3
22	24821	3
22	24822	3
22	24823	4
22	24824	4
22	24825	4
22	24826	4
22	24827	4
22	24828	3
22	24829	3
22	24830	3
22	24831	3
22	24832	3
22	24833	4
22	24834	4
22	24835	4
22	24836	4
22	24837	4
22	24838	4
22	24839	4
22	24840	4
22	24841	4
22	24842	4
22	24843	4
22	24844	4
22	24845	4
22	24846	4
22	24847	4
22	24848	4
22	24849	4
22	24850	4
22	24851	4
22	24852	4
22	24853	4
22	24854	4
22	24855	4
22	24856	4
22	24857	3
22	24858	3
22	24859	3
22	24860	3
22	24861	3
22	24862	3
22	24863	2
22	24864	2
22	24865	2
22	24866	2
22	24867	2
22	24868	2
22	24869	2
22	24870	2
22	24871	2
22	24872	2
22	24873	2
22	24874	2
22	24875	2
22	24876	2
22	24877	2
22	24878	2
22	24879	2
22	24880	2
22	24881	2
22	24882	2
22	24883	2
22	24884	2
22	24885	2
22	24886	1
22	24887	1
22	24888	1
22	24889	1
22	24890	1
22	24891	1
22	24892	1
22	24893	1
22	24894	1
22	24905	1
22	24906	1
22	24907	1
22	24908	1
22	24909	1
22	24910	1
22	24911	1
22	24912	1
22	24913	2
22	24914	2
22	24915	3
22	24916	3
22	24917	3
22	24918	3
22	24919	3
22	24920	3
22	24921	3
22	24922	3
22	24923	3
22	24924	3
22	24925	3
22	24926	3
22	24927	3
22	24928	3
22	24929	3
22	24930	3
22	24931	3
22	24932	3
22	24933	3
22	24934	3
22	24935	2
22	24936	2
22	24937	2
22	24938	2
22	24939	2
22	24940	2
22	24941	2
22	24942	2
22	24943	2
22	24944	2
22	24945	2
22	24946	2
22	24947	2
22	24948	2
22	24949	2
22	24950	2
22	24951	2
22	24952	2
22	24953	2
22	24954	2
22	24955	2
22	24956	2
22	24957	2
22	24958	2
22	24959	2
22	24960	2
22	24961	2
22	24962	2
22	24963	2
22	24964	2
22	24965	2
22	24966	2
22	24967	2
22	24968	2
22	24969	2
22	24970	2
22	24971	2
22	24972	2
22	24973	2
22	24974	2
22	24975	2
22	24976	2
22	24977	2
22	24978	2
22	24979	2
22	24980	2
22	24981	2
22	24982	1
22	24983	2
22	24984	2
22	24985	2
22	24986	2
22	24987	2
22	24988	2
22	24989	2
22	24990	2
22	24991	2
22	24992	2
22	24993	2
22	24994	3
22	24995	3
22	24996	3
22	24997	3
22	24998	3
22	24999	3
22	25000	3
22	25001	3
22	25002	3
22	25003	3
22	25004	3
22	25005	3
22	25006	3
22	25007	3
22	25008	3
22	25009	3
22	25010	3
22	25011	3
22	25012	3
22	25013	3
22	25014	3
22	25015	3
22	25016	3
22	25017	3
22	25018	3
22	25019	4
22	25020	4
22	25021	4
22	25022	4
22	25023	4
22	25024	4
22	25025	4
22	25026	4
22	25027	4
22	25028	4
22	25029	4
22	25030	4
22	25031	4
22	25032	4
22	25033	4
22	25034	4
22	25035	4
22	25036	4
22	25037	4
22	25038	4
22	25039	4
22	25040	4
22	25041	4
22	25042	4
22	25043	4
22	25044	4
22	25045	4
22	25046	4
22	25047	4
22	25048	4
22	25049	4
22	25050	4
22	25051	4
22	25052	4
22	25053	4
22	25054	4
22	25055	4
22	25056	4
22	25057	4
22	25058	4
22	25059	4
22	25060	4
22	25061	3
22	25062	3
22	25063	3
22	25064	3
22	25065	3
22	25066	2
22	25067	2
22	25068	2
22	25069	2
22	25070	2
22	25071	2
22	25072	2
22	25073	2
22	25074	2
22	25075	2
22	25076	2
22	25077	2
22	25078	2
22	25079	2
22	25080	2
22	25081	2
22	25082	2
22	25083	2
22	25084	2
22	25085	2
22	25086	2
22	25087	2
22	25088	2
22	25089	2
22	25090	2
22	25091	3
22	25092	3
22	25093	3
22	25094	3
22	25095	3
22	25096	3
22	25097	4
22	25098	4
22	25099	4
22	25100	4
22	25101	4
22	25102	4
22	25103	4
22	25104	5
22	25105	5
22	25106	5
22	25107	4
22	25108	4
22	25109	4
22	25110	4
22	25111	4
22	25112	4
22	25113	4
22	25114	4
22	25115	4
22	25116	5
22	25117	5
22	25118	5
22	25119	5
22	25120	5
22	25121	5
22	25122	5
22	25123	5
22	25124	5
22	25125	6
22	25126	6
22	25127	6
22	25128	6
22	25129	6
22	25130	6
22	25131	6
22	25132	6
22	25133	6
22	25134	7
22	25135	7
22	25136	7
22	25137	7
22	25138	7
22	25139	6
22	25140	6
22	25141	6
22	25142	6
22	25143	6
22	25144	6
22	25145	6
22	25146	5
22	25147	5
22	25148	5
22	25149	6
22	25150	6
22	25151	6
22	25152	6
22	25153	6
22	25154	6
22	25155	6
22	25156	6
22	25157	6
22	25158	6
22	25159	6
22	25160	6
22	25161	6
22	25162	6
22	25163	5
22	25164	5
22	25165	5
22	25166	5
22	25167	5
22	25168	5
22	25169	5
22	25170	5
22	25171	4
22	25172	4
22	25173	4
22	25174	4
22	25175	4
22	25176	4
22	25177	4
22	25178	4
22	25179	4
22	25180	4
22	25181	3
22	25182	3
22	25183	2
22	25184	2
22	25185	2
22	25186	2
22	25187	2
22	25188	2
22	25189	2
22	25190	2
22	25191	2
22	25192	2
22	25193	2
22	25194	2
22	25195	2
22	25196	2
22	25197	2
22	25198	2
22	25199	2
22	25200	2
22	25201	2
22	25202	2
22	25203	2
22	25204	2
22	25205	3
22	25206	3
22	25207	4
22	25208	4
22	25209	4
22	25210	4
22	25211	4
22	25212	4
22	25213	4
22	25214	4
22	25215	4
22	25216	4
22	25217	4
22	25218	4
22	25219	4
22	25220	4
22	25221	4
22	25222	4
22	25223	4
22	25224	5
22	25225	5
22	25226	5
22	25227	5
22	25228	5
22	25229	5
22	25230	5
22	25231	5
22	25232	5
22	25233	5
22	25234	5
22	25235	5
22	25236	5
22	25237	4
22	25238	3
22	25239	3
22	25240	3
22	25241	3
22	25242	2
22	25243	2
22	25244	2
22	25245	2
22	25246	2
22	25247	2
22	25248	2
22	25249	3
22	25250	3
22	25251	3
22	25252	3
22	25253	3
22	25254	3
22	25255	3
22	25256	3
22	25257	3
22	25258	3
22	25259	3
22	25260	3
22	25261	3
22	25262	3
22	25263	3
22	25264	3
22	25265	3
22	25266	3
22	25267	3
22	25268	3
22	25269	3
22	25270	3
22	25271	3
22	25272	3
22	25273	3
22	25274	3
22	25275	3
22	25276	3
22	25277	3
22	25278	3
22	25279	4
22	25280	4
22	25281	4
22	25282	4
22	25283	4
22	25284	4
22	25285	4
22	25286	4
22	25287	4
22	25288	4
22	25289	4
22	25290	4
22	25291	4
22	25292	4
22	25293	4
22	25294	4
22	25295	4
22	25296	4
22	25297	4
22	25298	4
22	25299	4
22	25300	4
22	25301	4
22	25302	4
22	25303	4
22	25304	4
22	25305	4
22	25306	4
22	25307	4
22	25308	4
22	25309	4
22	25310	4
22	25311	4
22	25312	4
22	25313	4
22	25314	4
22	25315	4
22	25316	4
22	25317	4
22	25318	4
22	25319	4
22	25320	4
22	25321	4
22	25322	4
22	25323	4
22	25324	4
22	25325	4
22	25326	4
22	25327	4
22	25328	4
22	25329	4
22	25330	4
22	25331	4
22	25332	4
22	25333	4
22	25334	3
22	25335	3
22	25336	3
22	25337	3
22	25338	2
22	25339	3
22	25340	3
22	25341	3
22	25342	3
22	25343	3
22	25344	3
22	25345	3
22	25346	3
22	25347	3
22	25348	3
22	25349	3
22	25350	3
22	25351	3
22	25352	2
22	25353	2
22	25354	2
22	25355	2
22	25356	2
22	25357	2
22	25358	2
22	25359	2
22	25360	2
22	25361	2
22	25362	3
22	25363	3
22	25364	3
22	25365	3
22	25366	3
22	25367	3
22	25368	3
22	25369	3
22	25370	3
22	25371	3
22	25372	4
22	25373	4
22	25374	4
22	25375	4
22	25376	4
22	25377	4
22	25378	4
22	25379	4
22	25380	4
22	25381	4
22	25382	5
22	25383	5
22	25384	5
22	25385	5
22	25386	5
22	25387	5
22	25388	5
22	25389	5
22	25390	5
22	25391	5
22	25392	5
22	25393	5
22	25394	5
22	25395	5
22	25396	6
22	25397	6
22	25398	7
22	25399	7
22	25400	7
22	25401	7
22	25402	7
22	25403	7
22	25404	7
22	25405	7
22	25406	7
22	25407	7
22	25408	7
22	25409	7
22	25410	8
22	25411	8
22	25412	8
22	25413	8
22	25414	8
22	25415	8
22	25416	8
22	25417	8
22	25418	8
22	25419	8
22	25420	8
22	25421	8
22	25422	8
22	25423	8
22	25424	7
22	25425	7
22	25426	7
22	25427	7
22	25428	7
22	25429	7
22	25430	7
22	25431	7
22	25432	7
22	25433	7
22	25434	7
22	25435	7
22	25436	7
22	25437	7
22	25438	8
22	25439	7
22	25440	7
22	25441	7
22	25442	7
22	25443	7
22	25444	7
22	25445	7
22	25446	7
22	25447	7
22	25448	7
22	25449	7
22	25450	7
22	25451	7
22	25452	8
22	25453	7
22	25454	7
22	25455	6
22	25456	6
22	25457	6
22	25458	6
22	25459	5
22	25460	4
22	25461	4
22	25462	4
22	25463	4
22	25464	4
22	25465	4
22	25466	4
22	25467	4
22	25468	4
22	25469	4
22	25470	4
22	25471	4
22	25472	4
22	25473	4
22	25474	4
22	25475	4
22	25476	4
22	25477	3
22	25478	3
22	25479	3
22	25480	3
22	25481	3
22	25482	3
22	25483	3
22	25484	3
22	25485	3
22	25486	3
22	25487	2
22	25488	2
22	25489	2
22	25490	2
22	25491	1
22	25492	1
22	25571	1
22	25572	1
22	25573	2
22	25574	2
22	25575	2
22	25576	2
22	25577	2
22	25578	2
22	25579	2
22	25580	2
22	25581	3
22	25582	3
22	25583	3
22	25584	4
22	25585	4
22	25586	4
22	25587	4
22	25588	4
22	25589	4
22	25590	4
22	25591	4
22	25592	4
22	25593	4
22	25594	4
22	25595	4
22	25596	4
22	25597	4
22	25598	4
22	25599	4
22	25600	4
22	25601	4
22	25602	4
22	25603	4
22	25604	4
22	25605	4
22	25606	4
22	25607	4
22	25608	4
22	25609	4
22	25610	4
22	25611	4
22	25612	4
22	25613	4
22	25614	4
22	25615	4
22	25616	4
22	25617	4
22	25618	4
22	25619	4
22	25620	4
22	25621	4
22	25622	4
22	25623	4
22	25624	4
22	25625	4
22	25626	4
22	25627	4
22	25628	4
22	25629	4
22	25630	4
22	25631	4
22	25632	4
22	25633	4
22	25634	4
22	25635	4
22	25636	5
22	25637	5
22	25638	5
22	25639	5
22	25640	5
22	25641	5
22	25642	5
22	25643	5
22	25644	5
22	25645	5
22	25646	5
22	25647	5
22	25648	5
22	25649	5
22	25650	5
22	25651	5
22	25652	5
22	25653	5
22	25654	5
22	25655	5
22	25656	5
22	25657	5
22	25658	5
22	25659	5
22	25660	5
22	25661	4
22	25662	4
22	25663	4
22	25664	4
22	25665	4
22	25666	4
22	25667	4
22	25668	4
22	25669	4
22	25670	4
22	25671	4
22	25672	5
22	25673	5
22	25674	5
22	25675	5
22	25676	5
22	25677	5
22	25678	5
22	25679	5
22	25680	5
22	25681	5
22	25682	5
22	25683	5
22	25684	5
22	25685	5
22	25686	5
22	25687	4
22	25688	4
22	25689	4
22	25690	4
22	25691	4
22	25692	4
22	25693	4
22	25694	5
22	25695	5
22	25696	5
22	25697	5
22	25698	4
22	25699	4
22	25700	4
22	25701	4
22	25702	4
22	25703	4
22	25704	4
22	25705	4
22	25706	4
22	25707	4
22	25708	4
22	25709	4
22	25710	4
22	25711	4
22	25712	4
22	25713	4
22	25714	4
22	25715	5
22	25716	5
22	25717	5
22	25718	5
22	25719	5
22	25720	5
22	25721	5
22	25722	5
22	25723	5
22	25724	4
22	25725	3
22	25726	3
22	25727	3
22	25728	3
22	25729	3
22	25730	3
22	25731	3
22	25732	3
22	25733	3
22	25734	3
22	25735	2
22	25736	2
22	25737	2
22	25738	2
22	25739	2
22	25740	2
22	25741	2
22	25742	2
22	25743	2
22	25744	2
22	25745	2
22	25746	3
22	25747	3
22	25748	3
22	25749	3
22	25750	3
22	25751	4
22	25752	4
22	25753	5
22	25754	5
22	25755	3
22	25756	3
22	25757	3
22	25758	3
22	25759	3
22	25760	3
22	25761	3
22	25762	3
22	25763	3
22	25764	3
22	25765	3
22	25766	4
22	25767	5
22	25768	5
22	25769	5
22	25770	5
22	25771	5
22	25772	5
22	25773	6
22	25774	6
22	25775	6
22	25776	6
22	25777	6
22	25778	6
22	25779	6
22	25780	6
22	25781	6
22	25782	6
22	25783	6
22	25784	6
22	25785	6
22	25786	6
22	25787	6
22	25788	7
22	25789	7
22	25790	7
22	25791	7
22	25792	7
22	25793	7
22	25794	7
22	25795	7
22	25796	7
22	25797	7
22	25798	7
22	25799	7
22	25800	7
22	25801	7
22	25802	7
22	25803	7
22	25804	7
22	25805	7
22	25806	7
22	25807	7
22	25808	7
22	25809	7
22	25810	6
22	25811	7
22	25812	7
22	25813	6
22	25814	5
22	25815	5
22	25816	5
22	25817	5
22	25818	5
22	25819	5
22	25820	5
22	25821	5
22	25822	5
22	25823	5
22	25824	5
22	25825	5
22	25826	5
22	25827	5
22	25828	5
22	25829	5
22	25830	5
22	25831	5
22	25832	5
22	25833	5
22	25834	5
22	25835	5
22	25836	5
22	25837	5
22	25838	5
22	25839	5
22	25840	5
22	25841	5
22	25842	5
22	25843	5
22	25844	5
22	25845	5
22	25846	5
22	25847	4
22	25848	4
22	25849	4
22	25850	4
22	25851	4
22	25852	4
22	25853	3
22	25854	3
22	25855	4
22	25856	4
22	25857	3
22	25858	3
22	25859	3
22	25860	3
22	25861	3
22	25862	4
22	25863	4
22	25864	4
22	25865	4
22	25866	4
22	25867	4
22	25868	4
22	25869	4
22	25870	4
22	25871	4
22	25872	4
22	25873	4
22	25874	4
22	25875	4
22	25876	4
22	25877	4
22	25878	4
22	25879	4
22	25880	3
22	25881	3
22	25882	3
22	25883	3
22	25884	3
22	25885	3
22	25886	3
22	25887	3
22	25888	3
22	25889	3
22	25890	3
22	25891	3
22	25892	3
22	25893	4
22	25894	4
22	25895	4
22	25896	4
22	25897	4
22	25898	4
22	25899	4
22	25900	4
22	25901	4
22	25902	4
22	25903	3
22	25904	3
22	25905	3
22	25906	3
22	25907	3
22	25908	3
22	25909	2
22	25910	2
22	25911	2
22	25912	2
22	25913	2
22	25914	2
22	25915	2
22	25916	2
22	25917	3
22	25918	3
22	25919	3
22	25920	3
22	25921	4
22	25922	4
22	25923	4
22	25924	4
22	25925	4
22	25926	4
22	25927	5
22	25928	5
22	25929	5
22	25930	5
22	25931	5
22	25932	5
22	25933	5
22	25934	5
22	25935	5
22	25936	5
22	25937	5
22	25938	4
22	25939	4
22	25940	4
22	25941	4
22	25942	4
22	25943	4
22	25944	4
22	25945	4
22	25946	4
22	25947	4
22	25948	4
22	25949	4
22	25950	4
22	25951	4
22	25952	4
22	25953	3
22	25954	3
22	25955	3
22	25956	3
22	25957	3
22	25958	3
22	25959	3
22	25960	3
22	25961	3
22	25962	3
22	25963	3
22	25964	3
22	25965	3
22	25966	3
22	25967	3
22	25968	3
22	25969	3
22	25970	3
22	25971	3
22	25972	3
22	25973	3
22	25974	2
22	25975	2
22	25976	2
22	25977	3
22	25978	3
22	25979	3
22	25980	3
22	25981	3
22	25982	3
22	25983	3
22	25984	3
22	25985	3
22	25986	3
22	25987	3
22	25988	3
22	25989	3
22	25990	3
22	25991	3
22	25992	3
22	25993	3
22	25994	3
22	25995	3
22	25996	3
22	25997	4
22	25998	4
22	25999	4
22	26000	4
22	26001	4
22	26002	4
22	26003	4
22	26004	4
22	26005	4
22	26006	4
22	26007	4
22	26008	4
22	26009	4
22	26010	4
22	26011	4
22	26012	4
22	26013	5
22	26014	4
22	26015	4
22	26016	4
22	26017	4
22	26018	4
22	26019	4
22	26020	4
22	26021	4
22	26022	4
22	26023	4
22	26024	4
22	26025	4
22	26026	4
22	26027	3
22	26028	3
22	26029	3
22	26030	3
22	26031	4
22	26032	4
22	26033	4
22	26034	4
22	26035	4
22	26036	4
22	26037	4
22	26038	4
22	26039	4
22	26040	4
22	26041	4
22	26042	4
22	26043	4
22	26044	4
22	26045	4
22	26046	4
22	26047	4
22	26048	4
22	26049	4
22	26050	4
22	26051	4
22	26052	4
22	26053	4
22	26054	4
22	26055	4
22	26056	4
22	26057	4
22	26058	4
22	26059	4
22	26060	4
22	26061	4
22	26062	4
22	26063	4
22	26064	4
22	26065	4
22	26066	4
22	26067	4
22	26068	4
22	26069	4
22	26070	4
22	26071	4
22	26072	4
22	26073	4
22	26074	3
22	26075	3
22	26076	3
22	26077	3
22	26078	3
22	26079	3
22	26080	3
22	26081	3
22	26082	3
22	26083	3
22	26084	3
22	26085	3
22	26086	3
22	26087	3
22	26088	3
22	26089	3
22	26090	3
22	26091	3
22	26092	3
22	26093	3
22	26094	3
22	26095	3
22	26096	3
22	26097	3
22	26098	3
22	26099	3
22	26100	3
22	26101	3
22	26102	3
22	26103	3
22	26104	3
22	26105	3
22	26106	3
22	26107	3
22	26108	3
22	26109	3
22	26110	4
22	26111	4
22	26112	4
22	26113	4
22	26114	4
22	26115	4
22	26116	4
22	26117	4
22	26118	4
22	26119	3
22	26120	3
22	26121	3
22	26122	3
22	26123	3
22	26124	3
22	26125	3
22	26126	3
22	26127	2
22	26128	2
22	26129	2
22	26130	2
22	26131	2
22	26132	2
22	26133	2
22	26134	2
22	26135	2
22	26136	2
22	26137	2
22	26138	2
22	26139	2
22	26140	2
22	26141	2
22	26142	2
22	26143	2
22	26144	2
22	26145	2
22	26146	2
22	26147	2
22	26148	2
22	26149	2
22	26150	2
22	26151	2
22	26152	2
22	26153	2
22	26154	2
22	26155	2
22	26156	2
22	26157	2
22	26158	2
22	26159	2
22	26160	2
22	26161	2
22	26162	2
22	26163	2
22	26164	2
22	26165	2
22	26166	2
22	26167	2
22	26168	2
22	26169	2
22	26170	2
22	26171	2
22	26172	2
22	26173	2
22	26174	2
22	26175	2
22	26176	2
22	26177	2
22	26178	2
22	26179	2
22	26180	2
22	26181	2
22	26182	2
22	26183	2
22	26184	2
22	26185	1
22	26186	1
22	26187	1
22	26188	1
22	26189	1
22	26190	1
22	26191	1
22	26192	1
22	26193	1
22	26194	1
22	26195	1
22	26196	1
22	26197	1
22	26198	1
22	26199	1
22	26200	1
22	26201	2
22	26202	2
22	26203	2
22	26204	2
22	26205	2
22	26206	2
22	26207	3
22	26208	3
22	26209	3
22	26210	2
22	26211	2
22	26212	2
22	26213	2
22	26214	2
22	26215	2
22	26216	2
22	26217	2
22	26218	2
22	26219	3
22	26220	2
22	26221	2
22	26222	2
22	26223	2
22	26224	2
22	26225	2
22	26226	2
22	26227	2
22	26228	2
22	26229	2
22	26230	2
22	26231	2
22	26232	2
22	26233	2
22	26234	2
22	26235	2
22	26236	3
22	26237	3
22	26238	3
22	26239	3
22	26240	4
22	26241	4
22	26242	4
22	26243	4
22	26244	4
22	26245	4
22	26246	4
22	26247	4
22	26248	4
22	26249	4
22	26250	4
22	26251	4
22	26252	4
22	26253	4
22	26254	4
22	26255	4
22	26256	4
22	26257	5
22	26258	5
22	26259	5
22	26260	5
22	26261	5
22	26262	5
22	26263	5
22	26264	5
22	26265	5
22	26266	5
22	26267	5
22	26268	5
22	26269	5
22	26270	5
22	26271	5
22	26272	5
22	26273	5
22	26274	5
22	26275	5
22	26276	5
22	26277	5
22	26278	5
22	26279	5
22	26280	5
22	26281	5
22	26282	5
22	26283	5
22	26284	5
22	26285	5
22	26286	5
22	26287	4
22	26288	4
22	26289	4
22	26290	5
22	26291	5
22	26292	5
22	26293	5
22	26294	5
22	26295	5
22	26296	5
22	26297	5
22	26298	5
22	26299	5
22	26300	4
22	26301	4
22	26302	4
22	26303	5
22	26304	5
22	26305	6
22	26306	5
22	26307	5
22	26308	5
22	26309	5
22	26310	5
22	26311	5
22	26312	5
22	26313	7
22	26314	7
22	26315	7
22	26316	7
22	26317	7
22	26318	7
22	26319	7
22	26320	7
22	26321	7
22	26322	7
22	26323	7
22	26324	6
22	26325	6
22	26326	6
22	26327	6
22	26328	6
22	26329	6
22	26330	6
22	26331	6
22	26332	6
22	26333	6
22	26334	5
22	26335	5
22	26336	5
22	26337	5
22	26338	5
22	26339	5
22	26340	4
22	26341	4
22	26342	4
22	26343	4
22	26344	4
22	26345	4
22	26346	4
22	26347	4
22	26348	4
22	26349	4
22	26350	4
22	26351	4
22	26352	4
22	26353	4
22	26354	4
22	26355	4
22	26356	4
22	26357	4
22	26358	4
22	26359	5
22	26360	5
22	26361	4
22	26362	4
22	26363	4
22	26364	4
22	26365	4
22	26366	5
22	26367	5
22	26368	5
22	26369	5
22	26370	6
22	26371	6
22	26372	6
22	26373	6
22	26374	6
22	26375	6
22	26376	6
22	26377	6
22	26378	6
22	26379	6
22	26380	6
22	26381	6
22	26382	6
22	26383	6
22	26384	6
22	26385	6
22	26386	6
22	26387	6
22	26388	6
22	26389	6
22	26390	6
22	26391	6
22	26392	6
22	26393	6
22	26394	6
22	26395	6
22	26396	5
22	26397	5
22	26398	5
22	26399	6
22	26400	6
22	26401	5
22	26402	5
22	26403	5
22	26404	5
22	26405	4
22	26406	4
22	26407	4
22	26408	4
22	26409	3
22	26410	3
22	26411	3
22	26412	2
22	26413	2
22	26414	2
22	26415	2
22	26416	2
22	26417	2
22	26418	2
22	26419	2
22	26420	2
22	26421	2
22	26422	2
22	26423	2
22	26424	2
22	26425	3
22	26426	3
22	26427	3
22	26428	3
22	26429	3
22	26430	3
22	26431	3
22	26432	3
22	26433	3
22	26434	3
22	26435	3
22	26436	3
22	26437	3
22	26438	3
22	26439	3
22	26440	3
22	26441	3
22	26442	3
22	26443	3
22	26444	3
22	26445	3
22	26446	3
22	26447	2
22	26448	2
22	26449	2
22	26450	2
22	26451	2
22	26452	2
22	26453	3
22	26454	3
22	26455	3
22	26456	3
22	26457	3
22	26458	3
22	26459	3
22	26460	3
22	26461	3
22	26462	3
22	26463	3
22	26464	3
22	26465	3
22	26466	3
22	26467	3
22	26468	3
22	26469	3
22	26470	3
22	26471	3
22	26472	3
22	26473	3
22	26474	3
22	26475	3
22	26476	3
22	26477	3
22	26478	3
22	26479	3
22	26480	3
22	26481	3
22	26482	3
22	26483	3
22	26484	3
22	26485	3
22	26486	3
22	26487	3
22	26488	3
22	26489	2
22	26490	2
22	26491	2
22	26492	2
22	26493	2
22	26494	2
22	26495	2
22	26496	2
22	26497	2
22	26498	2
22	26499	2
22	26500	1
22	26501	1
22	26502	1
22	26503	1
22	26504	1
22	26505	1
22	26506	1
22	26507	1
22	26508	1
22	26509	1
22	26510	1
22	26511	1
22	26512	1
22	26513	1
22	26514	2
22	26515	2
22	26516	2
22	26517	2
22	26518	2
22	26519	2
22	26520	2
22	26521	2
22	26522	2
22	26523	2
22	26524	2
22	26525	2
22	26526	2
22	26527	2
22	26528	2
22	26529	2
22	26530	2
22	26531	2
22	26532	2
22	26533	2
22	26534	2
22	26535	2
22	26536	2
22	26537	2
22	26538	2
22	26539	2
22	26540	2
22	26541	2
22	26542	2
22	26543	2
22	26544	2
22	26545	2
22	26546	2
22	26547	2
22	26548	2
22	26549	2
22	26550	2
22	26551	2
22	26552	2
22	26553	2
22	26554	2
22	26555	2
22	26556	3
22	26557	2
22	26558	2
22	26559	2
22	26560	2
22	26561	2
22	26562	2
22	26563	2
22	26564	2
22	26565	2
22	26566	2
22	26567	2
22	26568	2
22	26569	2
22	26570	2
22	26571	2
22	26572	2
22	26573	2
22	26574	2
22	26575	2
22	26576	2
22	26577	3
22	26578	3
22	26579	3
22	26580	3
22	26581	2
22	26582	2
22	26583	2
22	26584	2
22	26585	2
22	26586	2
22	26587	2
22	26588	2
22	26589	2
22	26590	3
22	26591	3
22	26592	3
22	26593	3
22	26594	3
22	26595	3
22	26596	3
22	26597	3
22	26598	3
22	26599	3
22	26600	3
22	26601	3
22	26602	3
22	26603	3
22	26604	3
22	26605	3
22	26606	3
22	26607	3
22	26608	3
22	26609	3
22	26610	3
22	26611	3
22	26612	3
22	26613	3
22	26614	3
22	26615	2
22	26616	2
22	26617	2
22	26618	2
22	26619	2
22	26620	2
22	26621	2
22	26622	2
22	26623	2
22	26624	2
22	26625	2
22	26626	2
22	26627	2
22	26628	2
22	26629	2
22	26630	2
22	26631	2
22	26632	2
22	26633	2
22	26634	2
22	26635	2
22	26636	2
22	26637	2
22	26638	2
22	26639	2
22	26640	2
22	26641	1
22	26642	1
22	26643	1
22	26644	1
22	26645	1
22	26646	1
22	26647	1
22	26648	1
22	26649	1
22	26650	1
22	26651	1
22	26652	1
22	26653	2
22	26654	2
22	26655	2
22	26656	2
22	26657	2
22	26658	2
22	26659	2
22	26660	2
22	26661	2
22	26662	2
22	26663	2
22	26664	2
22	26665	2
22	26666	2
22	26667	2
22	26668	2
22	26669	2
22	26670	2
22	26671	2
22	26672	2
22	26673	2
22	26674	2
22	26675	3
22	26676	3
22	26677	4
22	26678	4
22	26679	4
22	26680	4
22	26681	4
22	26682	4
22	26683	4
22	26684	4
22	26685	4
22	26686	4
22	26687	4
22	26688	4
22	26689	4
22	26690	4
22	26691	4
22	26692	4
22	26693	4
22	26694	4
22	26695	4
22	26696	4
22	26697	4
22	26698	4
22	26699	3
22	26700	3
22	26701	3
22	26702	3
22	26703	3
22	26704	3
22	26705	3
22	26706	3
22	26707	3
22	26708	3
22	26709	4
22	26710	4
22	26711	4
22	26712	4
22	26713	4
22	26714	4
22	26715	4
22	26716	4
22	26717	4
22	26718	4
22	26719	4
22	26720	4
22	26721	4
22	26722	3
22	26723	3
22	26724	3
22	26725	3
22	26726	3
22	26727	3
22	26728	2
22	26729	2
22	26730	2
22	26731	2
22	26732	2
22	26733	2
22	26734	2
22	26735	2
22	26736	2
22	26737	2
22	26738	2
22	26739	2
22	26740	2
22	26741	2
22	26742	2
22	26743	2
22	26744	2
22	26745	2
22	26746	2
22	26747	2
22	26748	2
22	26749	2
22	26750	2
22	26751	2
22	26752	2
22	26753	2
22	26754	2
22	26755	2
22	26756	2
22	26757	2
22	26758	2
22	26759	2
22	26760	2
22	26761	2
22	26762	2
22	26763	2
22	26764	2
22	26765	2
22	26766	2
22	26767	3
22	26768	3
22	26769	3
22	26770	3
22	26771	3
22	26772	3
22	26773	3
22	26774	3
22	26775	3
22	26776	3
22	26777	3
22	26778	3
22	26779	3
22	26780	3
22	26781	3
22	26782	3
22	26783	3
22	26784	3
22	26785	3
22	26786	3
22	26787	3
22	26788	3
22	26789	3
22	26790	3
22	26791	3
22	26792	3
22	26793	3
22	26794	3
22	26795	3
22	26796	3
22	26797	3
22	26798	3
22	26799	3
22	26800	4
22	26801	4
22	26802	4
22	26803	4
22	26804	4
22	26805	4
22	26806	4
22	26807	4
22	26808	4
22	26809	4
22	26810	4
22	26811	4
22	26812	4
22	26813	4
22	26814	4
22	26815	4
22	26816	3
22	26817	3
22	26818	4
22	26819	4
22	26820	4
22	26821	4
22	26822	4
22	26823	4
22	26824	4
22	26825	4
22	26826	4
22	26827	4
22	26828	4
22	26829	5
22	26830	5
22	26831	5
22	26832	5
22	26833	5
22	26834	5
22	26835	5
22	26836	5
22	26837	5
22	26838	5
22	26839	5
22	26840	5
22	26841	5
22	26842	5
22	26843	5
22	26844	5
22	26845	5
22	26846	5
22	26847	5
22	26848	5
22	26849	5
22	26850	5
22	26851	5
22	26852	5
22	26853	5
22	26854	5
22	26855	5
22	26856	5
22	26857	5
22	26858	5
22	26859	5
22	26860	5
22	26861	5
22	26862	5
22	26863	5
22	26864	5
22	26865	5
22	26866	6
22	26867	6
22	26868	6
22	26869	6
22	26870	6
22	26871	6
22	26872	6
22	26873	6
22	26874	6
22	26875	6
22	26876	6
22	26877	6
22	26878	6
22	26879	6
22	26880	5
22	26881	5
22	26882	4
22	26883	4
22	26884	4
22	26885	4
22	26886	4
22	26887	3
22	26888	3
22	26889	3
22	26890	3
22	26891	3
22	26892	3
22	26893	3
22	26894	3
22	26895	3
22	26896	4
22	26897	4
22	26898	4
22	26899	4
22	26900	4
22	26901	4
22	26902	4
22	26903	4
22	26904	4
22	26905	4
22	26906	4
22	26907	4
22	26908	3
22	26909	3
22	26910	3
22	26911	3
22	26912	3
22	26913	3
22	26914	3
22	26915	3
22	26916	3
22	26917	3
22	26918	3
22	26919	4
22	26920	4
22	26921	4
22	26922	4
22	26923	4
22	26924	4
22	26925	4
22	26926	4
22	26927	4
22	26928	4
22	26929	4
22	26930	4
22	26931	4
22	26932	4
22	26933	4
22	26934	4
22	26935	3
22	26936	3
22	26937	3
22	26938	3
22	26939	3
22	26940	3
22	26941	3
22	26942	3
22	26943	3
22	26944	3
22	26945	3
22	26946	4
22	26947	4
22	26948	4
22	26949	4
22	26950	4
22	26951	4
22	26952	4
22	26953	4
22	26954	4
22	26955	4
22	26956	2
22	26957	2
22	26958	2
22	26959	2
22	26960	2
22	26961	2
22	26962	2
22	26963	2
22	26964	2
22	26965	2
22	26966	2
22	26967	2
22	26968	2
22	26969	2
22	26970	2
22	26971	2
22	26972	2
22	26973	2
22	26974	2
22	26975	2
22	26976	2
22	26977	2
22	26978	2
22	26979	2
22	26980	2
22	26981	2
22	26982	2
22	26983	2
22	26984	2
22	26985	1
22	26986	1
22	26987	1
22	26988	2
22	26989	2
22	26990	3
22	26991	3
22	26992	3
22	26993	4
22	26994	4
22	26995	4
22	26996	4
22	26997	4
22	26998	4
22	26999	4
22	27000	4
22	27001	4
22	27002	4
22	27003	4
22	27004	4
22	27005	4
22	27006	4
22	27007	4
22	27008	4
22	27009	4
22	27010	4
22	27011	4
22	27012	4
22	27013	4
22	27014	4
22	27015	4
22	27016	4
22	27017	4
22	27018	4
22	27019	4
22	27020	3
22	27021	3
22	27022	3
22	27023	3
22	27024	3
22	27025	3
22	27026	3
22	27027	3
22	27028	3
22	27029	3
22	27030	3
22	27031	3
22	27032	3
22	27033	3
22	27034	3
22	27035	3
22	27036	3
22	27037	3
22	27038	3
22	27039	3
22	27040	3
22	27041	3
22	27042	3
22	27043	3
22	27044	3
22	27045	3
22	27046	3
22	27047	3
22	27048	3
22	27049	3
22	27050	3
22	27051	3
22	27052	3
22	27053	3
22	27054	3
22	27055	3
22	27056	4
22	27057	4
22	27058	4
22	27059	4
22	27060	4
22	27061	4
22	27062	4
22	27063	4
22	27064	4
22	27065	4
22	27066	4
22	27067	4
22	27068	4
22	27069	4
22	27070	4
22	27071	4
22	27072	4
22	27073	4
22	27074	4
22	27075	4
22	27076	4
22	27077	4
22	27078	4
22	27079	5
22	27080	5
22	27081	5
22	27082	6
22	27083	6
22	27084	6
22	27085	5
22	27086	5
22	27087	5
22	27088	5
22	27089	5
22	27090	5
22	27091	4
22	27092	4
22	27093	4
22	27094	4
22	27095	4
22	27096	4
22	27097	4
22	27098	4
22	27099	4
22	27100	4
22	27101	4
22	27102	4
22	27103	4
22	27104	4
22	27105	4
22	27106	5
22	27107	5
22	27108	6
22	27109	6
22	27110	6
22	27111	6
22	27112	6
22	27113	6
22	27114	6
22	27115	6
22	27116	6
22	27117	7
22	27118	7
22	27119	6
22	27120	5
22	27121	5
22	27122	5
22	27123	4
22	27124	4
22	27125	4
22	27126	4
22	27127	4
22	27128	4
22	27129	4
22	27130	4
22	27131	4
22	27132	3
22	27133	3
22	27134	3
22	27135	3
22	27136	4
22	27137	4
22	27138	4
22	27139	3
22	27140	3
22	27141	3
22	27142	3
22	27143	3
22	27144	3
22	27145	3
22	27146	3
22	27147	3
22	27148	3
22	27149	3
22	27150	3
22	27151	2
22	27152	2
22	27153	2
22	27154	2
22	27155	2
22	27156	2
22	27157	2
22	27158	2
22	27159	2
22	27160	2
22	27161	2
22	27162	1
22	27163	1
22	27164	1
22	27165	1
22	27166	1
22	27167	1
22	27168	1
22	27173	1
22	27174	1
22	27175	1
22	27176	1
22	27177	1
22	27178	1
22	27179	1
22	27180	1
22	27181	1
22	27182	1
22	27183	1
22	27184	1
22	27185	1
22	27186	2
22	27187	2
22	27188	2
22	27189	2
22	27190	2
22	27191	3
22	27192	2
22	27193	2
22	27194	2
22	27195	2
22	27196	2
22	27197	2
22	27198	2
22	27199	2
22	27200	2
22	27201	2
22	27202	2
22	27203	2
22	27204	2
22	27205	2
22	27206	2
22	27207	2
22	27208	2
22	27209	2
22	27210	2
22	27211	2
22	27212	2
22	27213	2
22	27214	2
22	27215	2
22	27216	2
22	27217	2
22	27218	2
22	27219	3
22	27220	3
22	27221	4
22	27222	5
22	27223	4
22	27224	4
22	27225	4
22	27226	5
22	27227	5
22	27228	5
22	27229	5
22	27230	5
22	27231	5
22	27232	5
22	27233	5
22	27234	5
22	27235	5
22	27236	5
22	27237	5
22	27238	5
22	27239	5
22	27240	5
22	27241	4
22	27242	4
22	27243	4
22	27244	4
22	27245	4
22	27246	4
22	27247	4
22	27248	5
22	27249	5
22	27250	6
22	27251	6
22	27252	6
22	27253	6
22	27254	6
22	27255	6
22	27256	6
22	27257	6
22	27258	6
22	27259	6
22	27260	6
22	27261	6
22	27262	6
22	27263	6
22	27264	6
22	27265	6
22	27266	6
22	27267	6
22	27268	6
22	27269	6
22	27270	6
22	27271	6
22	27272	6
22	27273	6
22	27274	6
22	27275	5
22	27276	5
22	27277	5
22	27278	5
22	27279	4
22	27280	4
22	27281	4
22	27282	4
22	27283	4
22	27284	4
22	27285	4
22	27286	4
22	27287	4
22	27288	4
22	27289	4
22	27290	4
22	27291	4
22	27292	4
22	27293	4
22	27294	4
22	27295	4
22	27296	4
22	27297	4
22	27298	4
22	27299	4
22	27300	4
22	27301	5
22	27302	5
22	27303	6
22	27304	6
22	27305	6
22	27306	5
22	27307	5
22	27308	5
22	27309	5
22	27310	5
22	27311	4
22	27312	4
22	27313	4
22	27314	4
22	27315	4
22	27316	4
22	27317	4
22	27318	4
22	27319	4
22	27320	4
22	27321	4
22	27322	4
22	27323	4
22	27324	5
22	27325	6
22	27326	6
22	27327	6
22	27328	6
22	27329	6
22	27330	6
22	27331	6
22	27332	6
22	27333	6
22	27334	6
22	27335	6
22	27336	6
22	27337	6
22	27338	6
22	27339	6
22	27340	6
22	27341	6
22	27342	5
22	27343	5
22	27344	4
22	27345	4
22	27346	4
22	27347	4
22	27348	4
22	27349	4
22	27350	4
22	27351	4
22	27352	4
22	27353	4
22	27354	4
22	27355	4
22	27356	4
22	27357	4
22	27358	4
22	27359	4
22	27360	5
22	27361	5
22	27362	5
22	27363	5
22	27364	5
22	27365	5
22	27366	5
22	27367	5
22	27368	5
22	27369	5
22	27370	5
22	27371	5
22	27372	6
22	27373	6
22	27374	6
22	27375	6
22	27376	6
22	27377	6
22	27378	6
22	27379	6
22	27380	6
22	27381	6
22	27382	6
22	27383	6
22	27384	6
22	27385	6
22	27386	5
22	27387	5
22	27388	5
22	27389	5
22	27390	6
22	27391	6
22	27392	6
22	27393	6
22	27394	6
22	27395	6
22	27396	6
22	27397	7
22	27398	7
22	27399	6
22	27400	6
22	27401	6
22	27402	6
22	27403	6
22	27404	6
22	27405	6
22	27406	6
22	27407	6
22	27408	6
22	27409	6
22	27410	5
22	27411	5
22	27412	5
22	27413	6
22	27414	6
22	27415	7
22	27416	7
22	27417	8
22	27418	8
22	27419	8
22	27420	8
22	27421	8
22	27422	7
22	27423	7
22	27424	7
22	27425	6
22	27426	6
22	27427	6
22	27428	6
22	27429	6
22	27430	6
22	27431	6
22	27432	6
22	27433	6
22	27434	5
22	27435	5
22	27436	5
22	27437	5
22	27438	5
22	27439	5
22	27440	5
22	27441	5
22	27442	5
22	27443	4
22	27444	4
22	27445	4
22	27446	4
22	27447	4
22	27448	4
22	27449	4
22	27450	4
22	27451	4
22	27452	4
22	27453	4
22	27454	4
22	27455	4
22	27456	4
22	27457	4
22	27458	4
22	27459	4
22	27460	3
22	27461	2
22	27462	1
22	27463	1
22	27464	1
22	27522	1
22	27523	1
22	27524	2
22	27525	2
22	27526	2
22	27527	2
22	27528	2
22	27529	2
22	27530	2
22	27531	2
22	27532	2
22	27533	2
22	27534	2
22	27535	2
22	27536	2
22	27537	2
22	27538	2
22	27539	2
22	27540	2
22	27541	2
22	27542	2
22	27543	2
22	27544	2
22	27545	2
22	27546	2
22	27547	2
22	27548	2
22	27549	2
22	27550	2
22	27551	2
22	27552	2
22	27553	3
22	27554	3
22	27555	3
22	27556	3
22	27557	3
22	27558	3
22	27559	3
22	27560	3
22	27561	3
22	27562	3
22	27563	3
22	27564	3
22	27565	3
22	27566	3
22	27567	3
22	27568	3
22	27569	3
22	27570	3
22	27571	3
22	27572	3
22	27573	3
22	27574	3
22	27575	3
22	27576	3
22	27577	3
22	27578	4
22	27579	4
22	27580	4
22	27581	4
22	27582	4
22	27583	4
22	27584	4
22	27585	4
22	27586	4
22	27587	3
22	27588	3
22	27589	3
22	27590	3
22	27591	3
22	27592	3
22	27593	3
22	27594	3
22	27595	3
22	27596	3
22	27597	3
22	27598	3
22	27599	4
22	27600	4
22	27601	4
22	27602	4
22	27603	4
22	27604	4
22	27605	4
22	27606	4
22	27607	4
22	27608	4
22	27609	4
22	27610	4
22	27611	4
22	27612	4
22	27613	4
22	27614	4
22	27615	4
22	27616	4
22	27617	4
22	27618	4
22	27619	4
22	27620	4
22	27621	4
22	27622	4
22	27623	4
22	27624	4
22	27625	4
22	27626	4
22	27627	3
22	27628	3
22	27629	3
22	27630	2
22	27631	2
22	27632	2
22	27633	2
22	27634	2
22	27635	2
22	27636	2
22	27637	2
22	27638	2
22	27639	2
22	27640	2
22	27641	2
22	27642	1
22	27643	1
22	27644	1
22	27645	1
22	27646	1
22	27647	1
22	27648	1
22	27649	1
22	27650	2
22	27651	1
22	27652	1
22	27653	1
22	27654	1
22	27655	1
22	27656	1
22	27657	2
22	27658	2
22	27659	2
22	27660	2
22	27661	2
22	27662	2
22	27663	2
22	27664	2
22	27665	2
22	27666	2
22	27667	2
22	27668	2
22	27669	3
22	27670	3
22	27671	3
22	27672	3
22	27673	3
22	27674	3
22	27675	3
22	27676	3
22	27677	3
22	27678	3
22	27679	3
22	27680	3
22	27681	3
22	27682	3
22	27683	2
22	27684	3
22	27685	3
22	27686	3
22	27687	3
22	27688	3
22	27689	3
22	27690	3
22	27691	3
22	27692	3
22	27693	3
22	27694	3
22	27695	3
22	27696	3
22	27697	3
22	27698	3
22	27699	3
22	27700	3
22	27701	3
22	27702	3
22	27703	3
22	27704	3
22	27705	3
22	27706	3
22	27707	3
22	27708	3
22	27709	4
22	27710	4
22	27711	4
22	27712	4
22	27713	4
22	27714	4
22	27715	4
22	27716	5
22	27717	5
22	27718	5
22	27719	5
22	27720	5
22	27721	5
22	27722	5
22	27723	5
22	27724	5
22	27725	5
22	27726	5
22	27727	5
22	27728	5
22	27729	5
22	27730	4
22	27731	4
22	27732	4
22	27733	4
22	27734	4
22	27735	4
22	27736	4
22	27737	4
22	27738	4
22	27739	4
22	27740	4
22	27741	4
22	27742	4
22	27743	4
22	27744	4
22	27745	4
22	27746	4
22	27747	4
22	27748	4
22	27749	4
22	27750	4
22	27751	4
22	27752	4
22	27753	4
22	27754	4
22	27755	4
22	27756	4
22	27757	4
22	27758	4
22	27759	4
22	27760	4
22	27761	4
22	27762	4
22	27763	4
22	27764	4
22	27765	5
22	27766	5
22	27767	5
22	27768	5
22	27769	5
22	27770	5
22	27771	4
22	27772	4
22	27773	4
22	27774	4
22	27775	4
22	27776	4
22	27777	4
22	27778	4
22	27779	4
22	27780	4
22	27781	4
22	27782	4
22	27783	4
22	27784	5
22	27785	5
22	27786	5
22	27787	5
22	27788	5
22	27789	5
22	27790	5
22	27791	5
22	27792	5
22	27793	6
22	27794	6
22	27795	6
22	27796	6
22	27797	7
22	27798	7
22	27799	7
22	27800	7
22	27801	7
22	27802	7
22	27803	6
22	27804	6
22	27805	6
22	27806	5
22	27807	5
22	27808	5
22	27809	4
22	27810	4
22	27811	4
22	27812	4
22	27813	4
22	27814	4
22	27815	4
22	27816	4
22	27817	4
22	27818	3
22	27819	3
22	27820	3
22	27821	2
22	27822	2
22	27823	2
22	27824	2
22	27825	2
22	27826	2
22	27827	2
22	27828	2
22	27829	2
22	27830	2
22	27831	2
22	27832	2
22	27833	3
22	27834	3
22	27835	3
22	27836	3
22	27837	3
22	27838	3
22	27839	3
22	27840	3
22	27841	3
22	27842	3
22	27843	3
22	27844	3
22	27845	3
22	27846	3
22	27847	4
22	27848	4
22	27849	4
22	27850	4
22	27851	4
22	27852	4
22	27853	4
22	27854	4
22	27855	4
22	27856	4
22	27857	4
22	27858	4
22	27859	4
22	27860	4
22	27861	4
22	27862	5
22	27863	5
22	27864	5
22	27865	5
22	27866	5
22	27867	5
22	27868	5
22	27869	5
22	27870	5
22	27871	5
22	27872	5
22	27873	5
22	27874	5
22	27875	5
22	27876	5
22	27877	5
22	27878	5
22	27879	5
22	27880	5
22	27881	5
22	27882	5
22	27883	5
22	27884	5
22	27885	5
22	27886	5
22	27887	5
22	27888	5
22	27889	5
22	27890	5
22	27891	5
22	27892	5
22	27893	5
22	27894	5
22	27895	5
22	27896	5
22	27897	4
22	27898	4
22	27899	5
22	27900	5
22	27901	5
22	27902	5
22	27903	5
22	27904	5
22	27905	5
22	27906	5
22	27907	5
22	27908	4
22	27909	4
22	27910	4
22	27911	4
22	27912	4
22	27913	4
22	27914	4
22	27915	4
22	27916	4
22	27917	4
22	27918	4
22	27919	4
22	27920	4
22	27921	4
22	27922	4
22	27923	4
22	27924	4
22	27925	3
22	27926	3
22	27927	3
22	27928	3
22	27929	3
22	27930	3
22	27931	3
22	27932	3
22	27933	3
22	27934	3
22	27935	3
22	27936	3
22	27937	3
22	27938	3
22	27939	3
22	27940	3
22	27941	3
22	27942	3
22	27943	3
22	27944	3
22	27945	3
22	27946	3
22	27947	3
22	27948	3
22	27949	3
22	27950	3
22	27951	3
22	27952	3
22	27953	3
22	27954	3
22	27955	3
22	27956	3
22	27957	3
22	27958	4
22	27959	4
22	27960	4
22	27961	4
22	27962	4
22	27963	4
22	27964	4
22	27965	4
22	27966	4
22	27967	4
22	27968	4
22	27969	4
22	27970	4
22	27971	4
22	27972	4
22	27973	4
22	27974	4
22	27975	4
22	27976	4
22	27977	4
22	27978	4
22	27979	4
22	27980	4
22	27981	4
22	27982	4
22	27983	4
22	27984	4
22	27985	4
22	27986	4
22	27987	4
22	27988	4
22	27989	4
22	27990	4
22	27991	4
22	27992	5
22	27993	5
22	27994	5
22	27995	5
22	27996	5
22	27997	5
22	27998	5
22	27999	5
22	28000	4
22	28001	4
22	28002	4
22	28003	4
22	28004	4
22	28005	3
22	28006	3
22	28007	4
22	28008	4
22	28009	4
22	28010	4
22	28011	4
22	28012	4
22	28013	3
22	28014	3
22	28015	3
22	28016	3
22	28017	3
22	28018	3
22	28019	3
22	28020	3
22	28021	3
22	28022	3
22	28023	3
22	28024	3
22	28025	3
22	28026	3
22	28027	3
22	28028	3
22	28029	3
22	28030	3
22	28031	3
22	28032	3
22	28033	3
22	28034	3
22	28035	3
22	28036	3
22	28037	3
22	28038	3
22	28039	3
22	28040	3
22	28041	2
22	28042	2
22	28043	2
22	28044	1
22	28045	1
22	28046	1
22	28047	1
22	28048	1
22	28049	1
22	28050	1
22	28051	1
22	28052	1
22	28053	1
22	28253	1
22	28254	1
22	28255	2
22	28256	3
22	28257	3
22	28258	3
22	28259	3
22	28260	3
22	28261	3
22	28262	3
22	28263	3
22	28264	3
22	28265	3
22	28266	3
22	28267	3
22	28268	3
22	28269	3
22	28270	3
22	28271	3
22	28272	3
22	28273	3
22	28274	3
22	28275	4
22	28276	4
22	28277	4
22	28278	4
22	28279	4
22	28280	4
22	28281	4
22	28282	4
22	28283	4
22	28284	4
22	28285	4
22	28286	5
22	28287	5
22	28288	5
22	28289	5
22	28290	5
22	28291	5
22	28292	5
22	28293	5
22	28294	5
22	28295	5
22	28296	5
22	28297	5
22	28298	5
22	28299	5
22	28300	5
22	28301	5
22	28302	5
22	28303	5
22	28304	6
22	28305	4
22	28306	4
22	28307	4
22	28308	3
22	28309	3
22	28310	3
22	28311	4
22	28312	4
22	28313	4
22	28314	4
22	28315	4
22	28316	4
22	28317	5
22	28318	5
22	28319	5
22	28320	5
22	28321	5
22	28322	5
22	28323	6
22	28324	6
22	28325	6
22	28326	5
22	28327	5
22	28328	5
22	28329	5
22	28330	5
22	28331	5
22	28332	5
22	28333	5
22	28334	5
22	28335	5
22	28336	5
22	28337	5
22	28338	5
22	28339	5
22	28340	5
22	28341	5
22	28342	5
22	28343	5
22	28344	5
22	28345	5
22	28346	5
22	28347	5
22	28348	6
22	28349	6
22	28350	6
22	28351	6
22	28352	6
22	28353	6
22	28354	6
22	28355	6
22	28356	6
22	28357	6
22	28358	7
22	28359	7
22	28360	7
22	28361	7
22	28362	7
22	28363	7
22	28364	7
22	28365	7
22	28366	7
22	28367	7
22	28368	7
22	28369	7
22	28370	7
22	28371	7
22	28372	6
22	28373	6
22	28374	6
22	28375	6
22	28376	6
22	28377	6
22	28378	6
22	28379	6
22	28380	6
22	28381	6
22	28382	6
22	28383	6
22	28384	6
22	28385	6
22	28386	6
22	28387	6
22	28388	6
22	28389	6
22	28390	6
22	28391	6
22	28392	6
22	28393	7
22	28394	7
22	28395	8
22	28396	8
22	28397	8
22	28398	8
22	28399	8
22	28400	8
22	28401	8
22	28402	8
22	28403	8
22	28404	8
22	28405	8
22	28406	8
22	28407	8
22	28408	8
22	28409	8
22	28410	8
22	28411	8
22	28412	8
22	28413	7
22	28414	7
22	28415	7
22	28416	7
22	28417	7
22	28418	7
22	28419	7
22	28420	7
22	28421	7
22	28422	6
22	28423	6
22	28424	6
22	28425	6
22	28426	6
22	28427	6
22	28428	6
22	28429	6
22	28430	6
22	28431	6
22	28432	5
22	28433	5
22	28434	5
22	28435	5
22	28436	5
22	28437	5
22	28438	5
22	28439	5
22	28440	5
22	28441	5
22	28442	5
22	28443	5
22	28444	6
22	28445	7
22	28446	7
22	28447	7
22	28448	7
22	28449	7
22	28450	7
22	28451	7
22	28452	8
22	28453	8
22	28454	8
22	28455	7
22	28456	7
22	28457	7
22	28458	7
22	28459	7
22	28460	7
22	28461	7
22	28462	7
22	28463	7
22	28464	8
22	28465	8
22	28466	8
22	28467	7
22	28468	6
22	28469	6
22	28470	6
22	28471	6
22	28472	6
22	28473	6
22	28474	6
22	28475	6
22	28476	6
22	28477	6
22	28478	6
22	28479	6
22	28480	6
22	28481	6
22	28482	6
22	28483	6
22	28484	6
22	28485	6
22	28486	7
22	28487	7
22	28488	7
22	28489	7
22	28490	7
22	28491	7
22	28492	7
22	28493	7
22	28494	7
22	28495	7
22	28496	7
22	28497	7
22	28498	7
22	28499	7
22	28500	7
22	28501	7
22	28502	7
22	28503	7
22	28504	8
22	28505	8
22	28506	8
22	28507	8
22	28508	8
22	28509	8
22	28510	8
22	28511	8
22	28512	8
22	28513	9
22	28514	9
22	28515	9
22	28516	8
22	28517	8
22	28518	8
22	28519	8
22	28520	8
22	28521	8
22	28522	8
22	28523	8
22	28524	8
22	28525	8
22	28526	8
22	28527	7
22	28528	7
22	28529	7
22	28530	7
22	28531	7
22	28532	6
22	28533	6
22	28534	6
22	28535	6
22	28536	6
22	28537	6
22	28538	6
22	28539	6
22	28540	6
22	28541	6
22	28542	6
22	28543	6
22	28544	5
22	28545	5
22	28546	5
22	28547	6
22	28548	6
22	28549	6
22	28550	6
22	28551	6
22	28552	6
22	28553	6
22	28554	6
22	28555	5
22	28556	5
22	28557	6
22	28558	6
22	28559	7
22	28560	7
22	28561	7
22	28562	7
22	28563	8
22	28564	8
22	28565	8
22	28566	8
22	28567	8
22	28568	8
22	28569	8
22	28570	8
22	28571	8
22	28572	8
22	28573	8
22	28574	8
22	28575	8
22	28576	8
22	28577	7
22	28578	7
22	28579	7
22	28580	7
22	28581	6
22	28582	6
22	28583	6
22	28584	6
22	28585	6
22	28586	6
22	28587	6
22	28588	6
22	28589	5
22	28590	5
22	28591	5
22	28592	4
22	28593	5
22	28594	5
22	28595	5
22	28596	5
22	28597	5
22	28598	5
22	28599	5
22	28600	5
22	28601	5
22	28602	5
22	28603	5
22	28604	5
22	28605	5
22	28606	5
22	28607	4
22	28608	4
22	28609	4
22	28610	4
22	28611	4
22	28612	3
22	28613	4
22	28614	4
22	28615	4
22	28616	4
22	28617	4
22	28618	4
22	28619	4
22	28620	4
22	28621	4
22	28622	4
22	28623	4
22	28624	4
22	28625	4
22	28626	5
22	28627	5
22	28628	5
22	28629	5
22	28630	5
22	28631	4
22	28632	4
22	28633	4
22	28634	5
22	28635	5
22	28636	5
22	28637	5
22	28638	5
22	28639	5
22	28640	5
22	28641	5
22	28642	5
22	28643	5
22	28644	5
22	28645	5
22	28646	5
22	28647	5
22	28648	5
22	28649	5
22	28650	5
22	28651	5
22	28652	5
22	28653	4
22	28654	4
22	28655	4
22	28656	4
22	28657	4
22	28658	4
22	28659	4
22	28660	4
22	28661	4
22	28662	4
22	28663	4
22	28664	4
22	28665	5
22	28666	5
22	28667	4
22	28668	4
22	28669	4
22	28670	4
22	28671	4
22	28672	4
22	28673	4
22	28674	4
22	28675	4
22	28676	3
22	28677	3
22	28678	3
22	28679	3
22	28680	3
22	28681	3
22	28682	3
22	28683	3
22	28684	3
22	28685	2
22	28686	2
22	28687	2
22	28688	2
22	28689	2
22	28690	2
22	28691	2
22	28692	2
22	28693	2
22	28694	2
22	28695	2
22	28696	2
22	28697	2
22	28698	2
22	28699	2
22	28700	2
22	28701	2
22	28702	2
22	28703	2
22	28704	2
22	28705	2
22	28706	2
22	28707	2
22	28708	1
22	28709	1
22	28710	1
22	28711	1
22	28712	1
22	28713	1
22	28714	1
22	28715	1
22	28716	1
22	28717	1
22	28718	1
22	28719	1
22	28720	1
22	28721	1
22	28722	1
22	28723	2
22	28724	2
22	28725	2
22	28726	2
22	28727	2
22	28728	2
22	28729	2
22	28730	2
22	28731	2
22	28732	2
22	28733	2
22	28734	2
22	28735	2
22	28736	2
22	28737	2
22	28738	2
22	28739	3
22	28740	3
22	28741	3
22	28742	3
22	28743	3
22	28744	3
22	28745	3
22	28746	3
22	28747	3
22	28748	3
22	28749	3
22	28750	3
22	28751	3
22	28752	3
22	28753	2
22	28754	2
22	28755	2
22	28756	3
22	28757	3
22	28758	3
22	28759	3
22	28760	3
22	28761	3
22	28762	3
22	28763	3
22	28764	3
22	28765	3
22	28766	3
22	28767	3
22	28768	3
22	28769	3
22	28770	3
22	28771	3
22	28772	3
22	28773	3
22	28774	3
22	28775	3
22	28776	3
22	28777	3
22	28778	3
22	28779	4
22	28780	4
22	28781	4
22	28782	4
22	28783	4
22	28784	4
22	28785	4
22	28786	4
22	28787	4
22	28788	5
22	28789	5
22	28790	5
22	28791	5
22	28792	5
22	28793	5
22	28794	5
22	28795	5
22	28796	5
22	28797	5
22	28798	5
22	28799	4
22	28800	4
22	28801	4
22	28802	4
22	28803	4
22	28804	4
22	28805	4
22	28806	3
22	28807	3
22	28808	3
22	28809	3
22	28810	3
22	28811	3
22	28812	3
22	28813	3
22	28814	3
22	28815	3
22	28816	3
22	28817	3
22	28818	2
22	28819	2
22	28820	2
22	28821	2
22	28822	2
22	28823	2
22	28824	2
22	28825	2
22	28826	2
22	28827	2
22	28828	2
22	28829	2
22	28830	3
22	28831	3
22	28832	3
22	28833	3
22	28834	3
22	28835	3
22	28836	3
22	28837	3
22	28838	3
22	28839	3
22	28840	3
22	28841	3
22	28842	3
22	28843	3
22	28844	3
22	28845	3
22	28846	3
22	28847	3
22	28848	3
22	28849	3
22	28850	4
22	28851	4
22	28852	4
22	28853	4
22	28854	4
22	28855	4
22	28856	4
22	28857	4
22	28858	4
22	28859	4
22	28860	4
22	28861	4
22	28862	4
22	28863	4
22	28864	4
22	28865	4
22	28866	4
22	28867	4
22	28868	4
22	28869	4
22	28870	4
22	28871	3
22	28872	3
22	28873	3
22	28874	4
22	28875	4
22	28876	4
22	28877	4
22	28878	4
22	28879	4
22	28880	4
22	28881	4
22	28882	4
22	28883	4
22	28884	4
22	28885	4
22	28886	4
22	28887	4
22	28888	4
22	28889	4
22	28890	4
22	28891	4
22	28892	4
22	28893	4
22	28894	4
22	28895	4
22	28896	4
22	28897	4
22	28898	4
22	28899	4
22	28900	4
22	28901	4
22	28902	4
22	28903	4
22	28904	4
22	28905	5
22	28906	6
22	28907	6
22	28908	5
22	28909	5
22	28910	5
22	28911	5
22	28912	6
22	28913	6
22	28914	6
22	28915	6
22	28916	6
22	28917	6
22	28918	6
22	28919	6
22	28920	6
22	28921	6
22	28922	6
22	28923	6
22	28924	7
22	28925	7
22	28926	7
22	28927	7
22	28928	7
22	28929	7
22	28930	7
22	28931	8
22	28932	8
22	28933	8
22	28934	8
22	28935	8
22	28936	8
22	28937	8
22	28938	8
22	28939	8
22	28940	8
22	28941	8
22	28942	8
22	28943	8
22	28944	8
22	28945	8
22	28946	9
22	28947	9
22	28948	9
22	28949	9
22	28950	9
22	28951	9
22	28952	9
22	28953	9
22	28954	9
22	28955	9
22	28956	9
22	28957	9
22	28958	8
22	28959	7
22	28960	7
22	28961	7
22	28962	7
22	28963	7
22	28964	8
22	28965	8
22	28966	8
22	28967	8
22	28968	9
22	28969	9
22	28970	8
22	28971	9
22	28972	8
22	28973	8
22	28974	8
22	28975	8
22	28976	8
22	28977	8
22	28978	8
22	28979	8
22	28980	8
22	28981	8
22	28982	8
22	28983	8
22	28984	8
22	28985	8
22	28986	7
22	28987	7
22	28988	7
22	28989	7
22	28990	6
22	28991	6
22	28992	6
22	28993	6
22	28994	6
22	28995	6
22	28996	6
22	28997	6
22	28998	5
22	28999	5
22	29000	5
22	29001	5
22	29002	5
22	29003	5
22	29004	6
22	29005	6
22	29006	6
22	29007	6
22	29008	6
22	29009	6
22	29010	6
22	29011	6
22	29012	6
22	29013	6
22	29014	6
22	29015	6
22	29016	6
22	29017	6
22	29018	6
22	29019	6
22	29020	6
22	29021	6
22	29022	5
22	29023	5
22	29024	5
22	29025	5
22	29026	5
22	29027	5
22	29028	5
22	29029	5
22	29030	5
22	29031	5
22	29032	5
22	29033	5
22	29034	5
22	29035	4
22	29036	4
22	29037	5
22	29038	5
22	29039	5
22	29040	6
22	29041	6
22	29042	6
22	29043	5
22	29044	6
22	29045	6
22	29046	6
22	29047	6
22	29048	6
22	29049	6
22	29050	5
22	29051	4
22	29052	4
22	29053	4
22	29054	4
22	29055	4
22	29056	4
22	29057	4
22	29058	5
22	29059	5
22	29060	5
22	29061	6
22	29062	7
22	29063	7
22	29064	7
22	29065	7
22	29066	7
22	29067	7
22	29068	7
22	29069	7
22	29070	7
22	29071	7
22	29072	7
22	29073	7
22	29074	6
22	29075	7
22	29076	7
22	29077	7
22	29078	7
22	29079	7
22	29080	7
22	29081	7
22	29082	7
22	29083	7
22	29084	7
22	29085	7
22	29086	7
22	29087	7
22	29088	7
22	29089	7
22	29090	7
22	29091	7
22	29092	7
22	29093	7
22	29094	7
22	29095	7
22	29096	6
22	29097	6
22	29098	6
22	29099	6
22	29100	6
22	29101	6
22	29102	6
22	29103	6
22	29104	6
22	29105	6
22	29106	5
22	29107	5
22	29108	5
22	29109	5
22	29110	5
22	29111	5
22	29112	4
22	29113	5
22	29114	4
22	29115	4
22	29116	4
22	29117	4
22	29118	4
22	29119	4
22	29120	4
22	29121	4
22	29122	3
22	29123	3
22	29124	3
22	29125	3
22	29126	3
22	29127	3
22	29128	3
22	29129	3
22	29130	3
22	29131	3
22	29132	2
22	29133	2
22	29134	2
22	29135	2
22	29136	2
22	29137	2
22	29138	2
22	29139	2
22	29140	2
22	29141	2
22	29142	2
22	29143	2
22	29144	2
22	29145	2
22	29146	2
22	29147	2
22	29148	2
22	29149	2
22	29150	2
22	29151	2
22	29152	2
22	29153	2
22	29154	2
22	29155	3
22	29156	3
22	29157	3
22	29158	3
22	29159	3
22	29160	3
22	29161	3
22	29162	3
22	29163	3
22	29164	3
22	29165	3
22	29166	3
22	29167	2
22	29168	2
22	29169	2
22	29170	2
22	29171	2
22	29172	2
22	29173	2
22	29174	3
22	29175	3
22	29176	3
22	29177	3
22	29178	3
22	29179	4
22	29180	4
22	29181	4
22	29182	4
22	29183	5
22	29184	5
22	29185	5
22	29186	5
22	29187	5
22	29188	5
22	29189	5
22	29190	5
22	29191	5
22	29192	5
22	29193	5
22	29194	5
22	29195	4
22	29196	4
22	29197	4
22	29198	4
22	29199	4
22	29200	4
22	29201	4
22	29202	4
22	29203	4
22	29204	5
22	29205	5
22	29206	5
22	29207	5
22	29208	5
22	29209	5
22	29210	5
22	29211	5
22	29212	6
22	29213	6
22	29214	6
22	29215	6
22	29216	6
22	29217	6
22	29218	6
22	29219	6
22	29220	6
22	29221	5
22	29222	5
22	29223	5
22	29224	5
22	29225	5
22	29226	5
22	29227	5
22	29228	5
22	29229	4
22	29230	4
22	29231	4
22	29232	4
22	29233	5
22	29234	5
22	29235	5
22	29236	5
22	29237	5
22	29238	5
22	29239	5
22	29240	5
22	29241	5
22	29242	5
22	29243	5
22	29244	5
22	29245	5
22	29246	5
22	29247	5
22	29248	5
22	29249	5
22	29250	5
22	29251	5
22	29252	5
22	29253	5
22	29254	5
22	29255	5
22	29256	5
22	29257	5
22	29258	5
22	29259	5
22	29260	5
22	29261	5
22	29262	5
22	29263	5
22	29264	5
22	29265	5
22	29266	4
22	29267	4
22	29268	4
22	29269	4
22	29270	4
22	29271	4
22	29272	3
22	29273	4
22	29274	4
22	29275	4
22	29276	4
22	29277	5
22	29278	5
22	29279	5
22	29280	5
22	29281	5
22	29282	5
22	29283	5
22	29284	5
22	29285	5
22	29286	6
22	29287	5
22	29288	5
22	29289	5
22	29290	5
22	29291	5
22	29292	5
22	29293	4
22	29294	4
22	29295	4
22	29296	4
22	29297	4
22	29298	4
22	29299	4
22	29300	4
22	29301	4
22	29302	4
22	29303	4
22	29304	4
22	29305	4
22	29306	4
22	29307	4
22	29308	4
22	29309	4
22	29310	4
22	29311	3
22	29312	3
22	29313	3
22	29314	3
22	29315	3
22	29316	3
22	29317	3
22	29318	3
22	29319	3
22	29320	3
22	29321	3
22	29322	4
22	29323	4
22	29324	4
22	29325	4
22	29326	4
22	29327	4
22	29328	4
22	29329	4
22	29330	4
22	29331	4
22	29332	4
22	29333	4
22	29334	4
22	29335	4
22	29336	4
22	29337	4
22	29338	4
22	29339	4
22	29340	4
22	29341	4
22	29342	3
22	29343	3
22	29344	3
22	29345	3
22	29346	3
22	29347	3
22	29348	3
22	29349	4
22	29350	4
22	29351	4
22	29352	4
22	29353	4
22	29354	4
22	29355	4
22	29356	4
22	29357	4
22	29358	4
22	29359	4
22	29360	4
22	29361	4
22	29362	4
22	29363	4
22	29364	4
22	29365	4
22	29366	4
22	29367	4
22	29368	4
22	29369	4
22	29370	4
22	29371	3
22	29372	3
22	29373	2
22	29374	2
22	29375	2
22	29376	2
22	29377	2
22	29378	2
22	29379	2
22	29380	2
22	29381	2
22	29382	2
22	29383	2
22	29384	2
22	29385	2
22	29386	2
22	29387	2
22	29388	2
22	29389	2
22	29390	2
22	29391	2
22	29392	2
22	29393	2
22	29394	2
22	29395	2
22	29396	2
22	29397	2
22	29398	2
22	29399	2
22	29400	2
22	29401	2
22	29402	2
22	29403	2
22	29404	2
22	29405	2
22	29406	2
22	29407	2
22	29408	2
22	29409	2
22	29410	1
22	29411	1
22	29412	1
22	29413	1
22	29414	1
22	29415	1
22	29416	1
22	29417	1
22	29418	1
22	29419	1
22	29420	1
22	29421	1
22	29422	1
22	29423	1
22	29424	1
22	29425	1
22	29426	1
22	29427	1
22	29428	1
22	29429	1
22	29430	1
22	29431	1
22	29432	1
22	29433	1
22	29434	1
22	29435	1
22	29436	1
22	29437	1
22	29438	1
22	29439	1
22	29440	1
22	29441	1
22	29442	1
22	29443	1
22	29444	1
22	29445	1
22	29446	1
22	29447	1
22	29448	1
22	29449	1
22	29450	1
22	29451	1
22	29452	1
22	29463	1
22	29464	1
22	29465	1
22	29466	1
22	29467	1
22	29468	1
22	29469	1
22	29470	1
22	29471	1
22	29472	1
22	29473	1
22	29474	1
22	29475	1
22	29476	1
22	29477	1
22	29478	1
22	29479	1
22	29480	2
22	29481	2
22	29482	2
22	29483	2
22	29484	2
22	29485	2
22	29486	2
22	29487	2
22	29488	2
22	29489	2
22	29490	2
22	29491	2
22	29492	2
22	29493	2
22	29494	2
22	29495	2
22	29496	2
22	29497	2
22	29498	2
22	29499	2
22	29500	2
22	29501	2
22	29502	2
22	29503	2
22	29504	2
22	29505	2
22	29506	2
22	29507	2
22	29508	2
22	29509	2
22	29510	2
22	29511	2
22	29512	2
22	29513	2
22	29514	2
22	29515	2
22	29516	2
22	29517	2
22	29518	2
22	29519	2
22	29520	2
22	29521	2
22	29522	2
22	29523	2
22	29524	2
22	29525	2
22	29526	2
22	29527	2
22	29528	2
22	29529	2
22	29530	2
22	29531	2
22	29532	2
22	29533	2
22	29534	2
22	29535	2
22	29536	2
22	29537	2
22	29538	2
22	29539	2
22	29540	2
22	29541	2
22	29542	2
22	29543	3
22	29544	3
22	29545	3
22	29546	3
22	29547	4
22	29548	4
22	29549	4
22	29550	4
22	29551	4
22	29552	4
22	29553	4
22	29554	4
22	29555	4
22	29556	4
22	29557	4
22	29558	4
22	29559	4
22	29560	4
22	29561	4
22	29562	4
22	29563	4
22	29564	5
22	29565	5
22	29566	5
22	29567	5
22	29568	5
22	29569	5
22	29570	5
22	29571	5
22	29572	5
22	29573	5
22	29574	5
22	29575	5
22	29576	5
22	29577	5
22	29578	5
22	29579	5
22	29580	5
22	29581	4
22	29582	4
22	29583	3
22	29584	3
22	29585	3
22	29586	3
22	29587	3
22	29588	3
22	29589	3
22	29590	4
22	29591	4
22	29592	4
22	29593	4
22	29594	3
22	29595	3
22	29596	3
22	29597	3
22	29598	2
22	29599	2
22	29600	2
22	29601	2
22	29602	2
22	29603	2
22	29604	2
22	29605	2
22	29606	2
22	29607	2
22	29608	2
22	29609	2
22	29610	2
22	29611	2
22	29612	2
22	29613	2
22	29614	2
22	29615	2
22	29616	2
22	29617	2
22	29618	2
22	29619	2
22	29620	2
22	29621	2
22	29622	2
22	29623	2
22	29624	2
22	29625	2
22	29626	2
22	29627	2
22	29628	2
22	29629	2
22	29630	2
22	29631	2
22	29632	2
22	29633	2
22	29634	2
22	29635	2
22	29636	2
22	29637	2
22	29638	2
22	29639	2
22	29640	2
22	29641	2
22	29642	2
22	29643	2
22	29644	2
22	29645	2
22	29646	2
22	29647	2
22	29648	2
22	29649	2
22	29650	2
22	29651	2
22	29652	2
22	29653	2
22	29654	2
22	29655	2
22	29656	2
22	29657	2
22	29658	2
22	29659	3
22	29660	3
22	29661	3
22	29662	3
22	29663	3
22	29664	3
22	29665	3
22	29666	3
22	29667	4
22	29668	4
22	29669	4
22	29670	4
22	29671	4
22	29672	4
22	29673	4
22	29674	4
22	29675	4
22	29676	4
22	29677	4
22	29678	4
22	29679	4
22	29680	4
22	29681	4
22	29682	4
22	29683	4
22	29684	4
22	29685	4
22	29686	4
22	29687	3
22	29688	3
22	29689	3
22	29690	3
22	29691	3
22	29692	3
22	29693	3
22	29694	3
22	29695	2
22	29696	1
22	29697	1
22	29698	1
22	29699	1
22	29700	1
22	29701	1
22	29702	1
22	29703	1
22	29704	1
22	29705	1
22	29706	1
22	29707	1
22	29708	1
22	29737	1
22	29738	2
22	29739	2
22	29740	2
22	29741	2
22	29742	2
22	29743	2
22	29744	2
22	29745	2
22	29746	2
22	29747	2
22	29748	2
22	29749	2
22	29750	2
22	29751	2
22	29752	2
22	29753	2
22	29754	2
22	29755	2
22	29756	2
22	29757	2
22	29758	2
22	29759	2
22	29760	2
22	29761	3
22	29762	3
22	29763	3
22	29764	3
22	29765	3
22	29766	3
22	29767	3
22	29768	3
22	29769	3
22	29770	3
22	29771	4
22	29772	4
22	29773	4
22	29774	4
22	29775	4
22	29776	4
22	29777	4
22	29778	4
22	29779	4
22	29780	4
22	29781	3
22	29782	3
22	29783	3
22	29784	3
22	29785	3
22	29786	3
22	29787	3
22	29788	3
22	29789	3
22	29790	3
22	29791	3
22	29792	3
22	29793	3
22	29794	3
22	29795	3
22	29796	3
22	29797	2
22	29798	2
22	29799	2
22	29800	2
22	29801	2
22	29802	2
22	29803	2
22	29804	2
22	29805	2
22	29806	2
22	29807	2
22	29808	2
22	29809	2
22	29810	2
22	29811	2
22	29812	1
22	29813	1
22	29814	1
22	29815	1
22	29816	1
22	29817	1
22	29818	1
22	29819	1
22	29820	1
22	29821	1
22	29822	1
22	29823	1
22	29824	1
22	29825	1
22	29826	1
22	29827	1
22	29834	1
22	29835	1
22	29836	1
22	29837	1
22	29838	1
22	29839	1
22	29840	1
22	29841	1
22	29842	1
22	29843	1
22	29844	1
22	29845	1
22	29846	1
22	29847	1
22	29848	1
22	29849	1
22	29850	1
22	29851	1
22	29852	1
22	29853	1
22	29854	1
22	29855	1
22	29856	1
22	29857	1
22	29858	1
22	29859	1
22	29860	1
22	29861	1
22	29862	1
22	29863	2
22	29864	2
22	29865	2
22	29866	2
22	29867	2
22	29868	2
22	29869	2
22	29870	2
22	29871	2
22	29872	2
22	29873	2
22	29874	2
22	29875	2
22	29876	2
22	29877	2
22	29878	2
22	29879	2
22	29880	2
22	29881	2
22	29882	2
22	29883	2
22	29884	2
22	29885	2
22	29886	2
22	29887	2
22	29888	2
22	29889	2
22	29890	2
22	29891	2
22	29892	2
22	29893	2
22	29894	2
22	29895	1
22	29896	1
22	29897	1
22	29898	1
22	29899	1
22	29900	1
22	29901	1
22	29902	1
22	29903	1
22	29904	1
22	29905	1
22	29906	1
22	29907	1
22	29908	1
22	29909	1
22	29910	1
22	29911	1
22	29912	1
22	29913	1
22	29914	1
22	29915	1
22	29916	1
22	29917	1
22	29918	1
22	29919	1
22	29920	1
22	29921	1
22	29922	1
22	29923	1
22	29924	1
22	29925	1
22	29926	1
22	29927	1
22	29928	1
22	29929	1
22	29930	1
22	29931	1
22	29932	1
22	29933	1
22	29934	1
22	29935	1
22	29936	1
22	29937	1
22	29938	1
22	29939	1
22	29940	1
22	29941	1
22	29942	1
22	29943	1
22	29944	1
22	29945	1
22	29946	1
22	29947	1
22	29948	1
22	29949	1
22	29950	1
22	29951	1
22	29952	1
22	29953	1
22	29954	1
22	29955	1
22	29956	1
22	29957	1
22	29958	1
22	29959	1
22	29960	2
22	29961	2
22	29962	2
22	29963	2
22	29964	2
22	29965	2
22	29966	2
22	29967	2
22	29968	2
22	29969	2
22	29970	3
22	29971	3
22	29972	3
22	29973	3
22	29974	3
22	29975	3
22	29976	3
22	29977	3
22	29978	3
22	29979	3
22	29980	3
22	29981	3
22	29982	3
22	29983	3
22	29984	3
22	29985	4
22	29986	4
22	29987	4
22	29988	4
22	29989	4
22	29990	4
22	29991	4
22	29992	5
22	29993	5
22	29994	6
22	29995	6
22	29996	6
22	29997	5
22	29998	5
22	29999	5
22	30000	5
22	30001	5
22	30002	5
22	30003	5
22	30004	5
22	30005	5
22	30006	5
22	30007	5
22	30008	5
22	30009	5
22	30010	6
22	30011	6
22	30012	7
22	30013	7
22	30014	7
22	30015	7
22	30016	7
22	30017	7
22	30018	7
22	30019	7
22	30020	7
22	30021	7
22	30022	7
22	30023	7
22	30024	7
22	30025	7
22	30026	7
22	30027	7
22	30028	7
22	30029	7
22	30030	7
22	30031	7
22	30032	6
22	30033	6
22	30034	6
22	30035	6
22	30036	6
22	30037	6
22	30038	6
22	30039	7
22	30040	7
22	30041	7
22	30042	8
22	30043	8
22	30044	8
22	30045	8
22	30046	8
22	30047	8
22	30048	8
22	30049	8
22	30050	8
22	30051	8
22	30052	8
22	30053	8
22	30054	8
22	30055	7
22	30056	7
22	30057	7
22	30058	7
22	30059	7
22	30060	7
22	30061	7
22	30062	7
22	30063	7
22	30064	7
22	30065	7
22	30066	7
22	30067	7
22	30068	7
22	30069	7
22	30070	7
22	30071	7
22	30072	7
22	30073	7
22	30074	7
22	30075	7
22	30076	7
22	30077	7
22	30078	7
22	30079	7
22	30080	7
22	30081	6
22	30082	5
22	30083	5
22	30084	5
22	30085	4
22	30086	4
22	30087	5
22	30088	5
22	30089	5
22	30090	4
22	30091	5
22	30092	5
22	30093	5
22	30094	5
22	30095	5
22	30096	5
22	30097	5
22	30098	5
22	30099	5
22	30100	5
22	30101	5
22	30102	5
22	30103	4
22	30104	4
22	30105	4
22	30106	4
22	30107	4
22	30108	4
22	30109	4
22	30110	4
22	30111	4
22	30112	4
22	30113	4
22	30114	4
22	30115	5
22	30116	5
22	30117	5
22	30118	5
22	30119	5
22	30120	5
22	30121	5
22	30122	5
22	30123	5
22	30124	5
22	30125	5
22	30126	5
22	30127	5
22	30128	5
22	30129	4
22	30130	4
22	30131	4
22	30132	4
22	30133	4
22	30134	4
22	30135	4
22	30136	5
22	30137	4
22	30138	4
22	30139	4
22	30140	4
22	30141	4
22	30142	4
22	30143	4
22	30144	4
22	30145	4
22	30146	4
22	30147	4
22	30148	4
22	30149	4
22	30150	4
22	30151	4
22	30152	4
22	30153	4
22	30154	4
22	30155	4
22	30156	4
22	30157	4
22	30158	4
22	30159	4
22	30160	4
22	30161	4
22	30162	4
22	30163	4
22	30164	4
22	30165	4
22	30166	4
22	30167	4
22	30168	4
22	30169	4
22	30170	4
22	30171	4
22	30172	4
22	30173	4
22	30174	4
22	30175	5
22	30176	5
22	30177	5
22	30178	4
22	30179	4
22	30180	4
22	30181	4
22	30182	4
22	30183	5
22	30184	5
22	30185	5
22	30186	5
22	30187	5
22	30188	5
22	30189	4
22	30190	4
22	30191	4
22	30192	4
22	30193	4
22	30194	4
22	30195	4
22	30196	3
22	30197	3
22	30198	4
22	30199	4
22	30200	4
22	30201	4
22	30202	4
22	30203	4
22	30204	4
22	30205	4
22	30206	4
22	30207	4
22	30208	4
22	30209	4
22	30210	4
22	30211	4
22	30212	4
22	30213	4
22	30214	4
22	30215	4
22	30216	4
22	30217	4
22	30218	4
22	30219	5
22	30220	5
22	30221	4
22	30222	4
22	30223	4
22	30224	4
22	30225	4
22	30226	4
22	30227	5
22	30228	5
22	30229	5
22	30230	5
22	30231	5
22	30232	5
22	30233	5
22	30234	5
22	30235	5
22	30236	6
22	30237	5
22	30238	6
22	30239	6
22	30240	6
22	30241	6
22	30242	6
22	30243	6
22	30244	6
22	30245	6
22	30246	6
22	30247	6
22	30248	6
22	30249	6
22	30250	6
22	30251	6
22	30252	6
22	30253	6
22	30254	6
22	30255	6
22	30256	6
22	30257	6
22	30258	6
22	30259	6
22	30260	6
22	30261	6
22	30262	5
22	30263	5
22	30264	5
22	30265	5
22	30266	5
22	30267	5
22	30268	5
22	30269	5
22	30270	6
22	30271	6
22	30272	6
22	30273	6
22	30274	6
22	30275	6
22	30276	6
22	30277	6
22	30278	6
22	30279	6
22	30280	6
22	30281	6
22	30282	6
22	30283	6
22	30284	6
22	30285	5
22	30286	5
22	30287	5
22	30288	5
22	30289	5
22	30290	5
22	30291	4
22	30292	4
22	30293	4
22	30294	4
22	30295	4
22	30296	4
22	30297	4
22	30298	4
22	30299	4
22	30300	4
22	30301	4
22	30302	4
22	30303	5
22	30304	6
22	30305	6
22	30306	6
22	30307	6
22	30308	6
22	30309	6
22	30310	6
22	30311	6
22	30312	6
22	30313	6
22	30314	7
22	30315	8
22	30316	8
22	30317	9
22	30318	9
22	30319	9
22	30320	9
22	30321	9
22	30322	9
22	30323	8
22	30324	8
22	30325	7
22	30326	7
22	30327	6
22	30328	7
22	30329	7
22	30330	7
22	30331	7
22	30332	7
22	30333	7
22	30334	6
22	30335	6
22	30336	6
22	30337	6
22	30338	5
22	30339	5
22	30340	5
22	30341	5
22	30342	5
22	30343	5
22	30344	5
22	30345	5
22	30346	4
22	30347	4
22	30348	4
22	30349	4
22	30350	4
22	30351	4
22	30352	4
22	30353	5
22	30354	5
22	30355	5
22	30356	5
22	30357	5
22	30358	4
22	30359	4
22	30360	4
22	30361	4
22	30362	3
22	30363	3
22	30364	3
22	30365	3
22	30366	3
22	30367	3
22	30368	3
22	30369	3
22	30370	3
22	30371	3
22	30372	3
22	30373	3
22	30374	3
22	30375	3
22	30376	3
22	30377	3
22	30378	3
22	30379	3
22	30380	3
22	30381	3
22	30382	3
22	30383	3
22	30384	3
22	30385	3
22	30386	3
22	30387	3
22	30388	3
22	30389	3
22	30390	3
22	30391	3
22	30392	3
22	30393	3
22	30394	4
22	30395	4
22	30396	4
22	30397	4
22	30398	4
22	30399	4
22	30400	4
22	30401	5
22	30402	5
22	30403	5
22	30404	5
22	30405	5
22	30406	4
22	30407	4
22	30408	4
22	30409	4
22	30410	5
22	30411	5
22	30412	5
22	30413	5
22	30414	5
22	30415	5
22	30416	5
22	30417	5
22	30418	5
22	30419	5
22	30420	5
22	30421	5
22	30422	5
22	30423	5
22	30424	5
22	30425	5
22	30426	5
22	30427	5
22	30428	5
22	30429	5
22	30430	5
22	30431	5
22	30432	5
22	30433	5
22	30434	5
22	30435	5
22	30436	5
22	30437	4
22	30438	4
22	30439	4
22	30440	4
22	30441	4
22	30442	4
22	30443	4
22	30444	4
22	30445	4
22	30446	4
22	30447	4
22	30448	4
22	30449	4
22	30450	4
22	30451	4
22	30452	4
22	30453	4
22	30454	4
22	30455	4
22	30456	4
22	30457	4
22	30458	4
22	30459	4
22	30460	4
22	30461	4
22	30462	4
22	30463	4
22	30464	3
22	30465	3
22	30466	3
22	30467	3
22	30468	3
22	30469	3
22	30470	3
22	30471	3
22	30472	2
22	30473	2
22	30474	2
22	30475	2
22	30476	2
22	30477	2
22	30478	2
22	30479	2
22	30480	2
22	30481	2
22	30482	2
22	30483	2
22	30484	2
22	30485	2
22	30486	2
22	30487	2
22	30488	2
22	30489	2
22	30490	2
22	30491	2
22	30492	2
22	30493	2
22	30494	2
22	30495	2
22	30496	1
22	30497	1
22	30498	2
22	30499	2
22	30500	2
22	30501	2
22	30502	2
22	30503	2
22	30504	2
22	30505	2
22	30506	2
22	30507	2
22	30508	2
22	30509	2
22	30510	2
22	30511	2
22	30512	2
22	30513	2
22	30514	2
22	30515	2
22	30516	2
22	30517	2
22	30518	2
22	30519	2
22	30520	2
22	30521	2
22	30522	2
22	30523	2
22	30524	2
22	30525	2
22	30526	2
22	30527	2
22	30528	2
22	30529	1
22	30530	2
22	30531	2
22	30532	2
22	30533	2
22	30534	2
22	30535	3
22	30536	3
22	30537	3
22	30538	3
22	30539	3
22	30540	3
22	30541	3
22	30542	3
22	30543	3
22	30544	3
22	30545	3
22	30546	3
22	30547	3
22	30548	3
22	30549	3
22	30550	3
22	30551	3
22	30552	3
22	30553	3
22	30554	3
22	30555	3
22	30556	3
22	30557	3
22	30558	3
22	30559	3
22	30560	3
22	30561	3
22	30562	3
22	30563	3
22	30564	3
22	30565	4
22	30566	4
22	30567	4
22	30568	4
22	30569	4
22	30570	4
22	30571	4
22	30572	4
22	30573	4
22	30574	4
22	30575	4
22	30576	4
22	30577	4
22	30578	4
22	30579	4
22	30580	4
22	30581	4
22	30582	4
22	30583	4
22	30584	4
22	30585	4
22	30586	4
22	30587	4
22	30588	4
22	30589	4
22	30590	5
22	30591	5
22	30592	5
22	30593	5
22	30594	5
22	30595	5
22	30596	5
22	30597	5
22	30598	5
22	30599	5
22	30600	5
22	30601	5
22	30602	4
22	30603	3
22	30604	4
22	30605	4
22	30606	4
22	30607	4
22	30608	4
22	30609	3
22	30610	3
22	30611	3
22	30612	3
22	30613	4
22	30614	4
22	30615	4
22	30616	4
22	30617	4
22	30618	4
22	30619	4
22	30620	4
22	30621	3
22	30622	3
22	30623	3
22	30624	4
22	30625	4
22	30626	4
22	30627	4
22	30628	4
22	30629	4
22	30630	4
22	30631	4
22	30632	4
22	30633	4
22	30634	4
22	30635	4
22	30636	4
22	30637	4
22	30638	4
22	30639	4
22	30640	4
22	30641	4
22	30642	4
22	30643	4
22	30644	4
22	30645	4
22	30646	4
22	30647	4
22	30648	4
22	30649	4
22	30650	4
22	30651	4
22	30652	4
22	30653	4
22	30654	3
22	30655	3
22	30656	3
22	30657	3
22	30658	3
22	30659	3
22	30660	3
22	30661	3
22	30662	3
22	30663	3
22	30664	3
22	30665	3
22	30666	3
22	30667	3
22	30668	3
22	30669	3
22	30670	3
22	30671	3
22	30672	4
22	30673	4
22	30674	4
22	30675	4
22	30676	4
22	30677	4
22	30678	4
22	30679	4
22	30680	4
22	30681	4
22	30682	5
22	30683	5
22	30684	5
22	30685	5
22	30686	5
22	30687	5
22	30688	5
22	30689	5
22	30690	5
22	30691	5
22	30692	4
22	30693	4
22	30694	4
22	30695	3
22	30696	3
22	30697	3
22	30698	3
22	30699	3
22	30700	3
22	30701	3
22	30702	4
22	30703	4
22	30704	4
22	30705	4
22	30706	4
22	30707	4
22	30708	4
22	30709	4
22	30710	4
22	30711	4
22	30712	4
22	30713	3
22	30714	3
22	30715	3
22	30716	4
22	30717	4
22	30718	4
22	30719	4
22	30720	4
22	30721	4
22	30722	4
22	30723	4
22	30724	4
22	30725	4
22	30726	4
22	30727	4
22	30728	4
22	30729	4
22	30730	4
22	30731	4
22	30732	4
22	30733	4
22	30734	4
22	30735	4
22	30736	3
22	30737	3
22	30738	4
22	30739	4
22	30740	4
22	30741	3
22	30742	3
22	30743	3
22	30744	3
22	30745	3
22	30746	3
22	30747	3
22	30748	3
22	30749	3
22	30750	3
22	30751	3
22	30752	3
22	30753	3
22	30754	3
22	30755	3
22	30756	3
22	30757	3
22	30758	3
22	30759	3
22	30760	3
22	30761	3
22	30762	3
22	30763	3
22	30764	3
22	30765	3
22	30766	3
22	30767	3
22	30768	3
22	30769	3
22	30770	3
22	30771	3
22	30772	3
22	30773	3
22	30774	3
22	30775	3
22	30776	3
22	30777	3
22	30778	3
22	30779	3
22	30780	3
22	30781	3
22	30782	3
22	30783	4
22	30784	4
22	30785	4
22	30786	4
22	30787	4
22	30788	4
22	30789	4
22	30790	4
22	30791	4
22	30792	4
22	30793	3
22	30794	3
22	30795	3
22	30796	3
22	30797	3
22	30798	3
22	30799	3
22	30800	3
22	30801	3
22	30802	3
22	30803	3
22	30804	3
22	30805	3
22	30806	3
22	30807	3
22	30808	3
22	30809	3
22	30810	3
22	30811	3
22	30812	3
22	30813	3
22	30814	3
22	30815	3
22	30816	3
22	30817	2
22	30818	2
22	30819	2
22	30820	2
22	30821	2
22	30822	2
22	30823	2
22	30824	2
22	30825	2
22	30826	2
22	30827	2
22	30828	1
22	30829	1
22	30830	1
22	30831	1
22	30913	1
22	30914	1
22	30915	1
22	30916	1
22	30917	1
22	30918	1
22	30919	1
22	30920	1
22	30921	1
22	30922	1
22	30923	1
22	30924	1
22	30925	1
22	30926	1
22	30927	1
22	30928	1
22	30929	1
22	30930	1
22	30931	1
22	30932	1
22	30933	1
22	30934	1
22	30935	1
22	30936	1
22	30937	1
22	30938	1
22	30939	1
22	30940	1
22	30941	1
22	30942	1
22	30943	1
22	30944	1
22	30945	1
22	30946	1
22	30947	1
22	30948	1
22	30949	1
22	30950	1
22	30951	1
22	30952	1
22	31039	1
22	31040	1
22	31041	1
22	31042	1
22	31043	1
22	31044	1
22	31045	1
22	31046	1
22	31047	1
22	31048	1
22	31049	1
22	31050	1
22	31051	1
22	31052	1
22	31053	1
22	31054	1
22	31055	1
22	31056	1
22	31057	1
22	31058	1
22	31059	2
22	31060	2
22	31061	2
22	31062	2
22	31063	2
22	31064	2
22	31065	2
22	31066	2
22	31067	2
22	31068	2
22	31069	2
22	31070	1
22	31071	1
22	31072	1
22	31073	1
22	31074	1
22	31075	1
22	31076	1
22	31077	2
22	31078	2
22	31079	2
22	31080	2
22	31081	2
22	31082	2
22	31083	2
22	31084	2
22	31085	2
22	31086	2
22	31087	2
22	31088	2
22	31089	2
22	31090	2
22	31091	2
22	31092	2
22	31093	2
22	31094	2
22	31095	2
22	31096	2
22	31097	3
22	31098	3
22	31099	3
22	31100	3
22	31101	3
22	31102	3
22	31103	3
22	31104	4
22	31105	4
22	31106	4
22	31107	4
22	31108	4
22	31109	4
22	31110	4
22	31111	4
22	31112	4
22	31113	4
22	31114	4
22	31115	6
22	31116	6
22	31117	6
22	31118	6
22	31119	6
22	31120	6
22	31121	6
22	31122	6
22	31123	6
22	31124	6
22	31125	6
22	31126	6
22	31127	5
22	31128	5
22	31129	5
22	31130	5
22	31131	5
22	31132	5
22	31133	4
22	31134	4
22	31135	4
22	31136	4
22	31137	4
22	31138	3
22	31139	3
22	31140	3
22	31141	3
22	31142	3
22	31143	3
22	31144	3
22	31145	3
22	31146	3
22	31147	3
22	31148	3
22	31149	4
22	31150	4
22	31151	4
22	31152	4
22	31153	4
22	31154	4
22	31155	4
22	31156	4
22	31157	4
22	31158	4
22	31159	4
22	31160	4
22	31161	4
22	31162	4
22	31163	4
22	31164	4
22	31165	4
22	31166	4
22	31167	4
22	31168	4
22	31169	4
22	31170	4
22	31171	4
22	31172	4
22	31173	4
22	31174	4
22	31175	4
22	31176	4
22	31177	4
22	31178	4
22	31179	4
22	31180	4
22	31181	4
22	31182	4
22	31183	4
22	31184	4
22	31185	4
22	31186	4
22	31187	4
22	31188	4
22	31189	3
22	31190	3
22	31191	3
22	31192	3
22	31193	3
22	31194	3
22	31195	3
22	31196	2
22	31197	2
22	31198	2
22	31199	2
22	31200	2
22	31201	2
22	31202	2
22	31203	2
22	31204	2
22	31205	2
22	31206	2
22	31207	2
22	31208	2
22	31209	2
22	31210	2
22	31211	2
22	31212	2
22	31213	2
22	31214	2
22	31215	2
22	31216	2
22	31217	2
22	31218	2
22	31219	2
22	31220	2
22	31221	2
22	31222	2
22	31223	2
22	31224	2
22	31225	3
22	31226	2
22	31227	2
22	31228	2
22	31229	2
22	31230	2
22	31231	2
22	31232	2
22	31233	2
22	31234	2
22	31235	2
22	31236	2
22	31237	2
22	31238	2
22	31239	2
22	31240	2
22	31241	2
22	31242	2
22	31243	2
22	31244	2
22	31245	2
22	31246	2
22	31247	2
22	31248	2
22	31249	2
22	31250	2
22	31251	2
22	31252	2
22	31253	2
22	31254	2
22	31255	3
22	31256	3
22	31257	3
22	31258	3
22	31259	3
22	31260	3
22	31261	3
22	31262	3
22	31263	3
22	31264	3
22	31265	3
22	31266	3
22	31267	3
22	31268	3
22	31269	3
22	31270	3
22	31271	3
22	31272	3
22	31273	3
22	31274	3
22	31275	4
22	31276	4
22	31277	4
22	31278	4
22	31279	4
22	31280	4
22	31281	4
22	31282	4
22	31283	4
22	31284	4
22	31285	5
22	31286	5
22	31287	4
22	31288	4
22	31289	4
22	31290	5
22	31291	5
22	31292	5
22	31293	5
22	31294	5
22	31295	5
22	31296	5
22	31297	5
22	31298	5
22	31299	5
22	31300	4
22	31301	5
22	31302	5
22	31303	5
22	31304	5
22	31305	5
22	31306	5
22	31307	4
22	31308	4
22	31309	4
22	31310	4
22	31311	3
22	31312	3
22	31313	3
22	31314	3
22	31315	3
22	31316	3
22	31317	3
22	31318	3
22	31319	3
22	31320	3
22	31321	3
22	31322	3
22	31323	3
22	31324	3
22	31325	3
22	31326	3
22	31327	4
22	31328	5
22	31329	5
22	31330	5
22	31331	4
22	31332	3
22	31333	3
22	31334	3
22	31335	3
22	31336	3
22	31337	3
22	31338	3
22	31339	3
22	31340	4
22	31341	4
22	31342	3
22	31343	3
22	31344	3
22	31345	3
22	31346	2
22	31347	2
22	31348	2
22	31349	2
22	31350	2
22	31351	2
22	31352	2
22	31353	2
22	31354	2
22	31355	2
22	31356	2
22	31357	2
22	31358	2
22	31359	2
22	31360	2
22	31361	2
22	31362	2
22	31363	2
22	31364	2
22	31365	2
22	31366	2
22	31367	2
22	31368	3
22	31369	3
22	31370	3
22	31371	3
22	31372	3
22	31373	3
22	31374	3
22	31375	3
22	31376	3
22	31377	3
22	31378	3
22	31379	3
22	31380	3
22	31381	3
22	31382	3
22	31383	3
22	31384	3
22	31385	3
22	31386	3
22	31387	3
22	31388	4
22	31389	4
22	31390	4
22	31391	4
22	31392	4
22	31393	4
22	31394	3
22	31395	3
22	31396	3
22	31397	3
22	31398	3
22	31399	3
22	31400	3
22	31401	3
22	31402	3
22	31403	3
22	31404	3
22	31405	3
22	31406	3
22	31407	3
22	31408	3
22	31409	3
22	31410	2
22	31411	2
22	31412	3
22	31413	3
22	31414	3
22	31415	3
22	31416	3
22	31417	3
22	31418	3
22	31419	3
22	31420	3
22	31421	3
22	31422	3
22	31423	3
22	31424	3
22	31425	3
22	31426	3
22	31427	3
22	31428	3
22	31429	3
22	31430	3
22	31431	3
22	31432	3
22	31433	3
22	31434	3
22	31435	3
22	31436	3
22	31437	3
22	31438	3
22	31439	3
22	31440	3
22	31441	3
22	31442	3
22	31443	3
22	31444	3
22	31445	3
22	31446	3
22	31447	3
22	31448	3
22	31449	3
22	31450	3
22	31451	3
22	31452	3
22	31453	3
22	31454	3
22	31455	3
22	31456	3
22	31457	3
22	31458	3
22	31459	3
22	31460	3
22	31461	2
22	31462	2
22	31463	2
22	31464	2
22	31465	2
22	31466	2
22	31467	2
22	31468	2
22	31469	2
22	31470	2
22	31471	1
22	31472	1
22	31473	1
22	31474	1
22	31475	2
22	31476	2
22	31477	2
22	31478	2
22	31479	2
22	31480	2
22	31481	2
22	31482	2
22	31483	2
22	31484	2
22	31485	2
22	31486	2
22	31487	2
22	31488	2
22	31489	2
22	31490	2
22	31491	2
22	31492	2
22	31493	2
22	31494	2
22	31495	2
22	31496	2
22	31497	2
22	31498	2
22	31499	2
22	31500	2
22	31501	2
22	31502	2
22	31503	2
22	31504	2
22	31505	2
22	31506	3
22	31507	3
22	31508	3
22	31509	3
22	31510	3
22	31511	4
22	31512	4
22	31513	4
22	31514	4
22	31515	4
22	31516	4
22	31517	4
22	31518	4
22	31519	4
22	31520	4
22	31521	4
22	31522	4
22	31523	4
22	31524	4
22	31525	4
22	31526	4
22	31527	4
22	31528	4
22	31529	4
22	31530	4
22	31531	4
22	31532	4
22	31533	4
22	31534	4
22	31535	4
22	31536	4
22	31537	4
22	31538	4
22	31539	4
22	31540	4
22	31541	4
22	31542	4
22	31543	4
22	31544	4
22	31545	4
22	31546	5
22	31547	5
22	31548	4
22	31549	4
22	31550	4
22	31551	4
22	31552	4
22	31553	4
22	31554	4
22	31555	4
22	31556	4
22	31557	4
22	31558	4
22	31559	4
22	31560	4
22	31561	4
22	31562	4
22	31563	4
22	31564	4
22	31565	3
22	31566	2
22	31567	2
22	31568	2
22	31569	2
22	31570	3
22	31571	3
22	31572	3
22	31573	3
22	31574	3
22	31575	3
22	31576	3
22	31577	3
22	31578	3
22	31579	3
22	31580	3
22	31581	3
22	31582	3
22	31583	3
22	31584	3
22	31585	3
22	31586	3
22	31587	3
22	31588	3
22	31589	3
22	31590	3
22	31591	3
22	31592	3
22	31593	3
22	31594	4
22	31595	4
22	31596	4
22	31597	4
22	31598	4
22	31599	4
22	31600	4
22	31601	4
22	31602	4
22	31603	4
22	31604	4
22	31605	4
22	31606	4
22	31607	4
22	31608	4
22	31609	5
22	31610	5
22	31611	5
22	31612	5
22	31613	4
22	31614	4
22	31615	4
22	31616	5
22	31617	5
22	31618	5
22	31619	5
22	31620	5
22	31621	5
22	31622	5
22	31623	5
22	31624	5
22	31625	6
22	31626	6
22	31627	6
22	31628	6
22	31629	6
22	31630	6
22	31631	6
22	31632	6
22	31633	6
22	31634	6
22	31635	4
22	31636	4
22	31637	3
22	31638	3
22	31639	3
22	31640	3
22	31641	3
22	31642	3
22	31643	3
22	31644	3
22	31645	3
22	31646	3
22	31647	3
22	31648	3
22	31649	3
22	31650	3
22	31651	3
22	31652	3
22	31653	3
22	31654	3
22	31655	3
22	31656	3
22	31657	3
22	31658	3
22	31659	3
22	31660	3
22	31661	3
22	31662	3
22	31663	3
22	31664	3
22	31665	3
22	31666	3
22	31667	3
22	31668	3
22	31669	3
22	31670	3
22	31671	3
22	31672	3
22	31673	3
22	31674	3
22	31675	3
22	31676	4
22	31677	4
22	31678	4
22	31679	4
22	31680	4
22	31681	5
22	31682	5
22	31683	5
22	31684	5
22	31685	5
22	31686	4
22	31687	5
22	31688	5
22	31689	5
22	31690	5
22	31691	5
22	31692	4
22	31693	4
22	31694	4
22	31695	5
22	31696	5
22	31697	5
22	31698	5
22	31699	5
22	31700	5
22	31701	5
22	31702	5
22	31703	5
22	31704	5
22	31705	5
22	31706	5
22	31707	5
22	31708	5
22	31709	5
22	31710	5
22	31711	5
22	31712	5
22	31713	5
22	31714	5
22	31715	5
22	31716	5
22	31717	5
22	31718	5
22	31719	6
22	31720	6
22	31721	5
22	31722	6
22	31723	6
22	31724	5
22	31725	6
22	31726	6
22	31727	6
22	31728	6
22	31729	6
22	31730	6
22	31731	6
22	31732	6
22	31733	6
22	31734	6
22	31735	6
22	31736	6
22	31737	6
22	31738	6
22	31739	5
22	31740	5
22	31741	5
22	31742	5
22	31743	5
22	31744	5
22	31745	5
22	31746	5
22	31747	5
22	31748	5
22	31749	5
22	31750	5
22	31751	5
22	31752	5
22	31753	5
22	31754	5
22	31755	5
22	31756	5
22	31757	5
22	31758	4
22	31759	4
22	31760	4
22	31761	4
22	31762	4
22	31763	4
22	31764	4
22	31765	4
22	31766	4
22	31767	4
22	31768	4
22	31769	4
22	31770	4
22	31771	4
22	31772	4
22	31773	4
22	31774	4
22	31775	4
22	31776	4
22	31777	5
22	31778	5
22	31779	5
22	31780	5
22	31781	5
22	31782	6
22	31783	6
22	31784	6
22	31785	6
22	31786	6
22	31787	6
22	31788	6
22	31789	6
22	31790	6
22	31791	6
22	31792	6
22	31793	6
22	31794	6
22	31795	6
22	31796	6
22	31797	5
22	31798	5
22	31799	4
22	31800	4
22	31801	4
22	31802	4
22	31803	4
22	31804	4
22	31805	4
22	31806	4
22	31807	4
22	31808	4
22	31809	4
22	31810	4
22	31811	4
22	31812	3
22	31813	3
22	31814	2
22	31815	2
22	31816	2
22	31817	2
22	31818	2
22	31819	2
22	31820	2
22	31821	2
22	31822	2
22	31823	2
22	31824	2
22	31825	2
22	31826	2
22	31827	2
22	31828	2
22	31829	2
22	31830	2
22	31831	2
22	31832	2
22	31833	2
22	31834	2
22	31835	2
22	31836	3
22	31837	3
22	31838	3
22	31839	3
22	31840	3
22	31841	3
22	31842	3
22	31843	3
22	31844	3
22	31845	3
22	31846	3
22	31847	3
22	31848	3
22	31849	3
22	31850	3
22	31851	3
22	31852	2
22	31853	2
22	31854	2
22	31855	2
22	31856	2
22	31857	2
22	31858	2
22	31859	2
22	31860	2
22	31861	2
22	31862	2
22	31863	2
22	31864	2
22	31865	2
22	31866	2
22	31867	2
22	31868	2
22	31869	2
22	31870	2
22	31871	2
22	31872	2
22	31873	2
22	31874	3
22	31875	3
22	31876	3
22	31877	2
22	31878	2
22	31879	2
22	31880	2
22	31881	2
22	31882	2
22	31883	2
22	31884	2
22	31885	2
22	31886	2
22	31887	2
22	31888	2
22	31889	2
22	31890	2
22	31891	2
22	31892	2
22	31893	2
22	31894	2
22	31895	2
22	31896	2
22	31897	2
22	31898	2
22	31899	1
22	31900	1
22	31901	1
22	31902	1
22	31903	1
22	31904	1
22	31905	1
22	31906	1
22	31907	1
22	31908	1
22	31909	1
22	31910	1
22	31911	1
22	31912	1
22	31913	1
22	31914	1
22	31915	1
22	31916	1
22	31917	1
22	31918	1
22	31919	1
22	31920	1
22	31921	1
22	31922	1
22	31923	1
22	31924	1
22	31925	1
22	31926	1
22	31927	1
22	31928	1
22	31929	1
22	31930	1
22	31931	1
22	31932	1
22	31933	1
22	31934	2
22	31935	2
22	31936	2
22	31937	2
22	31938	2
22	31939	2
22	31940	2
22	31941	2
22	31942	2
22	31943	2
22	31944	2
22	31945	2
22	31946	2
22	31947	2
22	31948	2
22	31949	2
22	31950	2
22	31951	2
22	31952	2
22	31953	2
22	31954	2
22	31955	2
22	31956	2
22	31957	2
22	31958	2
22	31959	2
22	31960	2
22	31961	2
22	31962	2
22	31963	2
22	31964	2
22	31965	2
22	31966	2
22	31967	1
22	31968	1
22	31969	1
22	31970	1
22	31971	1
22	31972	1
22	31973	3
22	31974	3
22	31975	3
22	31976	3
22	31977	3
22	31978	3
22	31979	3
22	31980	3
22	31981	3
22	31982	3
22	31983	3
22	31984	3
22	31985	3
22	31986	3
22	31987	3
22	31988	3
22	31989	3
22	31990	3
22	31991	3
22	31992	3
22	31993	3
22	31994	3
22	31995	3
22	31996	3
22	31997	3
22	31998	3
22	31999	3
22	32000	3
22	32001	3
22	32002	3
22	32003	3
22	32004	3
22	32005	3
22	32006	3
22	32007	3
22	32008	3
22	32009	3
22	32010	3
22	32011	3
22	32012	3
22	32013	3
22	32014	3
22	32015	3
22	32016	3
22	32017	3
22	32018	3
22	32019	3
22	32020	3
22	32021	3
22	32022	3
22	32023	3
22	32024	2
22	32025	2
22	32026	2
22	32027	2
22	32028	2
22	32029	2
22	32030	2
22	32031	2
22	32032	2
22	32033	2
22	32034	2
22	32035	2
22	32036	2
22	32037	2
22	32038	3
22	32039	3
22	32040	3
22	32041	4
22	32042	4
22	32043	4
22	32044	4
22	32045	4
22	32046	4
22	32047	4
22	32048	4
22	32049	4
22	32050	4
22	32051	4
22	32052	4
22	32053	5
22	32054	5
22	32055	5
22	32056	5
22	32057	5
22	32058	5
22	32059	5
22	32060	5
22	32061	5
22	32062	5
22	32063	5
22	32064	5
22	32065	4
22	32066	5
22	32067	5
22	32068	5
22	32069	5
22	32070	5
22	32071	5
22	32072	5
22	32073	5
22	32074	5
22	32075	5
22	32076	5
22	32077	5
22	32078	5
22	32079	5
22	32080	5
22	32081	5
22	32082	5
22	32083	5
22	32084	5
22	32085	5
22	32086	5
22	32087	5
22	32088	5
22	32089	5
22	32090	5
22	32091	5
22	32092	4
22	32093	4
22	32094	4
22	32095	4
22	32096	4
22	32097	4
22	32098	4
22	32099	4
22	32100	4
22	32101	4
22	32102	4
22	32103	4
22	32104	5
22	32105	5
22	32106	5
22	32107	3
22	32108	3
22	32109	3
22	32110	3
22	32111	4
22	32112	4
22	32113	4
22	32114	4
22	32115	4
22	32116	4
22	32117	4
22	32118	4
22	32119	4
22	32120	4
22	32121	4
22	32122	3
22	32123	2
22	32124	2
22	32125	2
22	32126	3
22	32127	3
22	32128	3
22	32129	3
22	32130	3
22	32131	3
22	32132	3
22	32133	2
22	32134	2
22	32135	2
22	32136	2
22	32137	2
22	32138	2
22	32139	2
22	32140	2
22	32141	2
22	32142	2
22	32143	2
22	32144	2
22	32145	2
22	32146	2
22	32147	2
22	32148	2
22	32149	2
22	32150	2
22	32151	2
22	32152	2
22	32153	2
22	32154	2
22	32155	2
22	32156	2
22	32157	2
22	32158	2
22	32159	2
22	32160	2
22	32161	2
22	32162	2
22	32163	2
22	32164	2
22	32165	2
22	32166	2
22	32167	2
22	32168	2
22	32169	2
22	32170	3
22	32171	3
22	32172	3
22	32173	3
22	32174	3
22	32175	3
22	32176	3
22	32177	3
22	32178	3
22	32179	3
22	32180	3
22	32181	3
22	32182	3
22	32183	4
22	32184	4
22	32185	4
22	32186	4
22	32187	4
22	32188	5
22	32189	5
22	32190	4
22	32191	4
22	32192	4
22	32193	4
22	32194	4
22	32195	4
22	32196	4
22	32197	4
22	32198	4
22	32199	4
22	32200	4
22	32201	4
22	32202	4
22	32203	4
22	32204	3
22	32205	3
22	32206	2
22	32207	2
22	32208	2
22	32209	2
22	32210	2
22	32211	2
22	32212	2
22	32213	2
22	32214	2
22	32215	2
22	32216	2
22	32217	2
22	32218	2
22	32219	2
22	32220	2
22	32221	2
22	32222	2
22	32223	2
22	32224	2
22	32225	2
22	32226	2
22	32227	2
22	32228	2
22	32229	1
22	32230	1
22	32231	1
22	32232	1
22	32233	1
22	32234	1
22	32235	1
22	32236	1
22	32237	1
22	32238	1
22	32239	1
22	32240	1
22	32273	1
22	32274	1
22	32275	1
22	32276	1
22	32277	1
22	32278	1
22	32279	1
22	32280	1
22	32281	1
22	32282	1
22	32283	1
22	32284	1
22	32285	1
22	32286	1
22	32287	1
22	32288	1
22	32289	1
22	32290	1
22	32291	1
22	32292	1
22	32293	1
22	32294	1
22	32295	1
22	32296	1
22	32297	1
22	32298	1
22	32299	1
22	32300	1
22	32301	1
22	32302	1
22	32303	1
22	32304	1
22	32305	1
22	32306	1
22	32307	1
22	32308	1
22	32309	1
22	32310	1
22	32311	1
22	32312	1
22	32313	1
22	32314	1
22	32315	1
22	32316	1
22	32317	1
22	32318	1
22	32319	1
22	32320	1
22	32321	1
22	32322	1
22	32323	1
22	32324	1
22	32325	1
22	32326	1
22	32327	1
22	32328	1
22	32329	1
22	32330	1
22	32331	1
22	32332	1
22	32338	1
22	32339	1
22	32340	1
22	32341	1
22	32342	1
22	32343	1
22	32344	1
22	32345	1
22	32346	1
22	32347	1
22	32348	1
22	32349	1
22	32350	1
22	32351	1
22	32352	1
22	32353	1
22	32354	2
22	32355	2
22	32356	2
22	32357	2
22	32358	2
22	32359	2
22	32360	2
22	32361	2
22	32362	2
22	32363	2
22	32364	2
22	32365	2
22	32366	2
22	32367	2
22	32368	2
22	32369	2
22	32370	2
22	32371	1
22	32372	1
22	32373	1
22	32374	1
22	32375	1
22	32376	1
22	32377	1
22	32378	1
22	32379	1
22	32380	1
22	32381	1
22	32382	1
22	32383	1
22	32384	1
22	32385	1
22	32386	1
22	32387	1
22	32388	1
22	32389	1
22	32390	1
22	32391	1
22	32464	1
22	32465	1
22	32466	2
22	32467	3
22	32468	3
22	32469	3
22	32470	3
22	32471	3
22	32472	3
22	32473	3
22	32474	3
22	32475	3
22	32476	3
22	32477	3
22	32478	3
22	32479	3
22	32480	3
22	32481	3
22	32482	3
22	32483	3
22	32484	3
22	32485	4
22	32486	4
22	32487	4
22	32488	4
22	32489	4
22	32490	4
22	32491	4
22	32492	4
22	32493	4
22	32494	4
22	32495	4
22	32496	4
22	32497	4
22	32498	3
22	32499	3
22	32500	3
22	32501	3
22	32502	3
22	32503	3
22	32504	3
22	32505	3
22	32506	3
22	32507	3
22	32508	3
22	32509	3
22	32510	3
22	32511	3
22	32512	3
22	32513	3
22	32514	3
22	32515	3
22	32516	3
22	32517	3
22	32518	3
22	32519	3
22	32520	3
22	32521	3
22	32522	4
22	32523	4
22	32524	4
22	32525	4
22	32526	4
22	32527	4
22	32528	4
22	32529	4
22	32530	4
22	32531	4
22	32532	3
22	32533	3
22	32534	3
22	32535	3
22	32536	3
22	32537	3
22	32538	3
22	32539	3
22	32540	3
22	32541	3
22	32542	3
22	32543	3
22	32544	3
22	32545	3
22	32546	3
22	32547	3
22	32548	3
22	32549	3
22	32550	3
22	32551	3
22	32552	3
22	32553	2
22	32554	2
22	32555	2
22	32556	2
22	32557	2
22	32558	2
22	32559	2
22	32560	2
22	32561	2
22	32562	2
22	32563	2
22	32564	2
22	32565	2
22	32566	2
22	32567	2
22	32568	2
22	32569	2
22	32570	2
22	32571	2
22	32572	2
22	32573	2
22	32574	2
22	32575	2
22	32576	2
22	32577	2
22	32578	2
22	32579	2
22	32580	2
22	32581	2
22	32582	2
22	32583	2
22	32584	2
22	32585	2
22	32586	2
22	32587	2
22	32588	2
22	32589	2
22	32590	2
22	32591	2
22	32592	2
22	32593	2
22	32594	1
22	32595	1
22	32596	1
22	32597	1
22	32598	1
22	32599	2
22	32600	2
22	32601	2
22	32602	2
22	32603	2
22	32604	2
22	32605	2
22	32606	2
22	32607	2
22	32608	2
22	32609	2
22	32610	2
22	32611	2
22	32612	2
22	32613	2
22	32614	2
22	32615	3
22	32616	3
22	32617	3
22	32618	3
22	32619	3
22	32620	3
22	32621	3
22	32622	3
22	32623	3
22	32624	3
22	32625	3
22	32626	3
22	32627	2
22	32628	2
22	32629	2
22	32630	2
22	32631	2
22	32632	2
22	32633	2
22	32634	2
22	32635	2
22	32636	2
22	32637	2
22	32638	2
22	32639	2
22	32640	2
22	32641	2
22	32642	2
22	32643	2
22	32644	2
22	32645	2
22	32646	2
22	32647	2
22	32648	2
22	32649	2
22	32650	2
22	32651	2
22	32652	1
22	32653	1
22	32654	1
22	32655	1
22	32656	1
22	32657	1
22	32658	1
22	32659	1
22	32660	1
22	32661	1
22	32662	1
22	32663	1
22	32664	1
22	32665	1
22	32666	1
22	32667	1
22	32668	1
22	32669	1
22	32670	2
22	32671	2
22	32672	2
22	32673	2
22	32674	2
22	32675	2
22	32676	2
22	32677	2
22	32678	2
22	32679	2
22	32680	1
22	32681	1
22	32682	1
22	32683	1
22	32684	1
22	32685	1
22	32686	1
22	32687	1
22	32688	1
22	32689	1
22	32690	1
22	32691	1
22	32692	1
22	32693	1
22	32694	1
22	32695	1
22	32696	1
22	32697	1
22	32698	1
22	32699	1
22	32700	1
22	32701	1
22	32702	1
22	32703	1
22	32704	1
22	32705	1
22	32706	1
22	32707	1
22	32708	1
22	32709	1
22	32710	1
22	32711	1
22	32712	1
22	32713	1
22	32714	1
22	32715	1
22	32716	1
22	32717	1
22	32718	1
22	32719	1
22	32720	1
22	32721	1
22	32722	1
22	32723	2
22	32724	2
22	32725	2
22	32726	2
22	32727	2
22	32728	2
22	32729	2
22	32730	2
22	32731	2
22	32732	2
22	32733	2
22	32734	2
22	32735	2
22	32736	2
22	32737	2
22	32738	2
22	32739	2
22	32740	2
22	32741	2
22	32742	2
22	32743	2
22	32744	2
22	32745	2
22	32746	2
22	32747	2
22	32748	2
22	32749	2
22	32750	2
22	32751	3
22	32752	3
22	32753	3
22	32754	3
22	32755	3
22	32756	3
22	32757	3
22	32758	3
22	32759	3
22	32760	3
22	32761	3
22	32762	3
22	32763	3
22	32764	3
22	32765	3
22	32766	3
22	32767	3
22	32768	3
22	32769	3
22	32770	3
22	32771	3
22	32772	3
22	32773	3
22	32774	3
22	32775	3
22	32776	3
22	32777	3
22	32778	3
22	32779	3
22	32780	3
22	32781	3
22	32782	3
22	32783	3
22	32784	3
22	32785	3
22	32786	3
22	32787	3
22	32788	3
22	32789	3
22	32790	3
22	32791	3
22	32792	3
22	32793	3
22	32794	3
22	32795	3
22	32796	2
22	32797	2
22	32798	2
22	32799	2
22	32800	2
22	32801	2
22	32802	2
22	32803	2
22	32804	3
22	32805	3
22	32806	3
22	32807	3
22	32808	3
22	32809	3
22	32810	3
22	32811	3
22	32812	3
22	32813	3
22	32814	2
22	32815	2
22	32816	3
22	32817	3
22	32818	3
22	32819	3
22	32820	3
22	32821	6
22	32822	6
22	32823	6
22	32824	6
22	32825	6
22	32826	6
22	32827	6
22	32828	6
22	32829	6
22	32830	6
22	32831	6
22	32832	6
22	32833	6
22	32834	6
22	32835	6
22	32836	6
22	32837	6
22	32838	6
22	32839	6
22	32840	6
22	32841	6
22	32842	6
22	32843	6
22	32844	6
22	32845	6
22	32846	6
22	32847	6
22	32848	6
22	32849	6
22	32850	6
22	32851	6
22	32852	6
22	32853	6
22	32854	6
22	32855	6
22	32856	6
22	32857	6
22	32858	6
22	32859	6
22	32860	5
22	32861	5
22	32862	5
22	32863	5
22	32864	5
22	32865	5
22	32866	5
22	32867	5
22	32868	6
22	32869	5
22	32870	5
22	32871	5
22	32872	5
22	32873	5
22	32874	5
22	32875	5
22	32876	5
22	32877	5
22	32878	5
22	32879	5
22	32880	5
22	32881	5
22	32882	5
22	32883	5
22	32884	5
22	32885	5
22	32886	5
22	32887	5
22	32888	5
22	32889	5
22	32890	5
22	32891	5
22	32892	5
22	32893	5
22	32894	5
22	32895	4
22	32896	4
22	32897	4
22	32898	4
22	32899	4
22	32900	4
22	32901	4
22	32902	4
22	32903	4
22	32904	4
22	32905	5
22	32906	5
22	32907	5
22	32908	5
22	32909	5
22	32910	5
22	32911	5
22	32912	5
22	32913	5
22	32914	5
22	32915	4
22	32916	4
22	32917	4
22	32918	3
22	32919	3
22	32920	3
22	32921	3
22	32922	3
22	32923	3
22	32924	3
22	32925	3
22	32926	3
22	32927	3
22	32928	3
22	32929	3
22	32930	3
22	32931	3
22	32932	3
22	32933	3
22	32934	3
22	32935	3
22	32936	3
22	32937	3
22	32938	2
22	32939	2
22	32940	2
22	32941	2
22	32942	2
22	32943	2
22	32944	2
22	32945	2
22	32946	2
22	32947	1
22	32948	1
22	32949	1
22	32950	1
22	32951	1
22	32952	1
22	32953	2
22	32954	2
22	32955	2
22	32956	2
22	32957	2
22	32958	2
22	32959	2
22	32960	2
22	32961	2
22	32962	2
22	32963	2
22	32964	2
22	32965	1
22	32966	1
22	32967	1
22	32968	1
22	32969	1
22	32970	1
22	32971	1
22	32972	1
22	32973	1
22	32974	1
22	32975	1
22	32976	1
22	32977	1
22	32978	1
22	32979	1
22	32980	1
22	32981	1
22	32982	1
22	32983	1
22	32984	1
22	32985	1
22	32986	1
22	32987	1
22	32988	1
22	32989	2
22	32990	2
22	32991	2
22	32992	2
22	32993	2
22	32994	2
22	32995	2
22	32996	2
22	32997	2
22	32998	2
22	32999	2
22	33000	2
22	33001	2
22	33002	2
22	33003	2
22	33004	2
22	33005	2
22	33006	2
22	33007	2
22	33008	2
22	33009	2
22	33010	2
22	33011	2
22	33012	2
22	33013	2
22	33014	2
22	33015	2
22	33016	2
22	33017	2
22	33018	2
22	33019	2
22	33020	2
22	33021	2
22	33022	2
22	33023	2
22	33024	2
22	33025	2
22	33026	2
22	33027	2
22	33028	2
22	33029	2
22	33030	2
22	33031	2
22	33032	2
22	33033	3
22	33034	3
22	33035	3
22	33036	3
22	33037	3
22	33038	3
22	33039	3
22	33040	3
22	33041	2
22	33042	2
22	33043	2
22	33044	2
22	33045	2
22	33046	2
22	33047	2
22	33048	2
22	33049	2
22	33050	2
22	33051	2
22	33052	2
22	33053	2
22	33054	2
22	33055	2
22	33056	2
22	33057	2
22	33058	2
22	33059	2
22	33060	2
22	33061	2
22	33062	2
22	33063	2
22	33064	2
22	33065	2
22	33066	2
22	33067	2
22	33068	2
22	33069	2
22	33070	2
22	33071	2
22	33072	2
22	33073	2
22	33074	2
22	33075	2
22	33076	2
22	33077	2
22	33078	2
22	33079	2
22	33080	2
22	33081	2
22	33082	2
22	33083	2
22	33084	2
22	33085	2
22	33086	2
22	33087	2
22	33088	2
22	33089	2
22	33090	2
22	33091	2
22	33092	2
22	33093	2
22	33094	2
22	33095	3
22	33096	3
22	33097	3
22	33098	3
22	33099	3
22	33100	3
22	33101	3
22	33102	3
22	33103	2
22	33104	2
22	33105	2
22	33106	2
22	33107	2
22	33108	3
22	33109	3
22	33110	3
22	33111	3
22	33112	3
22	33113	3
22	33114	2
22	33115	2
22	33116	2
22	33117	2
22	33118	2
22	33119	2
22	33120	2
22	33121	2
22	33122	1
22	33123	1
22	33124	1
22	33125	1
22	33126	1
22	33127	1
22	33128	1
22	33129	1
22	33130	1
22	33131	1
22	33132	1
22	33133	1
22	33134	1
22	33135	1
22	33136	1
22	33137	1
22	33138	1
22	33139	1
22	33140	1
22	33141	1
22	33229	1
22	33230	1
22	33231	1
22	33232	1
22	33233	1
22	33234	2
22	33235	2
22	33236	2
22	33237	2
22	33238	2
22	33239	2
22	33240	2
22	33241	2
22	33242	2
22	33243	2
22	33244	2
22	33245	2
22	33246	2
22	33247	2
22	33248	1
22	33249	1
22	33250	1
22	33251	1
22	33252	1
22	33253	1
22	33254	1
22	33255	1
22	33256	1
22	33257	1
22	33258	1
22	33259	1
22	33260	1
22	33261	1
22	33262	1
22	33263	1
22	33264	1
22	33265	1
22	33266	1
22	33267	1
22	33268	1
22	33269	1
22	33270	1
22	33271	1
22	33272	1
22	33273	1
22	33274	1
22	33275	1
22	33276	1
22	33277	1
22	33278	1
22	33279	1
22	33280	1
22	33281	1
22	33282	1
22	33283	1
22	33284	1
22	33285	1
22	33286	1
22	33287	1
22	33288	1
22	33289	1
22	33290	1
22	33291	1
22	33292	1
22	33293	1
22	33294	1
22	33295	1
22	33296	1
22	33297	1
22	33298	1
22	33325	1
22	33326	1
22	33327	1
22	33328	1
22	33329	2
22	33330	2
22	33331	2
22	33332	2
22	33333	3
22	33334	3
22	33335	3
22	33336	3
22	33337	3
22	33338	3
22	33339	3
22	33340	4
22	33341	4
22	33342	4
22	33343	4
22	33344	4
22	33345	4
22	33346	4
22	33347	4
22	33348	4
22	33349	5
22	33350	5
22	33351	5
22	33352	5
22	33353	5
22	33354	5
22	33355	5
22	33356	5
22	33357	5
22	33358	4
22	33359	4
22	33360	4
22	33361	4
22	33362	4
22	33363	4
22	33364	4
22	33365	3
22	33366	3
22	33367	3
22	33368	4
22	33369	4
22	33370	4
22	33371	4
22	33372	4
22	33373	4
22	33374	4
22	33375	4
22	33376	4
22	33377	3
22	33378	4
22	33379	4
22	33380	4
22	33381	4
22	33382	4
22	33383	4
22	33384	4
22	33385	4
22	33386	4
22	33387	4
22	33388	3
22	33389	4
22	33390	4
22	33391	4
22	33392	4
22	33393	4
22	33394	4
22	33395	4
22	33396	4
22	33397	4
22	33398	4
22	33399	4
22	33400	4
22	33401	4
22	33402	4
22	33403	4
22	33404	4
22	33405	4
22	33406	4
22	33407	4
22	33408	4
22	33409	4
22	33410	4
22	33411	4
22	33412	4
22	33413	4
22	33414	4
22	33415	4
22	33416	4
22	33417	4
22	33418	4
22	33419	4
22	33420	5
22	33421	5
22	33422	5
22	33423	5
22	33424	5
22	33425	6
22	33426	6
22	33427	6
22	33428	6
22	33429	6
22	33430	6
22	33431	6
22	33432	6
22	33433	6
22	33434	6
22	33435	6
22	33436	6
22	33437	6
22	33438	6
22	33439	6
22	33440	6
22	33441	6
22	33442	6
22	33443	6
22	33444	6
22	33445	6
22	33446	6
22	33447	6
22	33448	6
22	33449	4
22	33450	5
22	33451	5
22	33452	5
22	33453	4
22	33454	4
22	33455	4
22	33456	4
22	33457	4
22	33458	5
22	33459	5
22	33460	5
22	33461	5
22	33462	5
22	33463	5
22	33464	5
22	33465	5
22	33466	5
22	33467	5
22	33468	5
22	33469	5
22	33470	5
22	33471	5
22	33472	5
22	33473	5
22	33474	5
22	33475	5
22	33476	5
22	33477	5
22	33478	4
22	33479	5
22	33480	5
22	33481	5
22	33482	5
22	33483	5
22	33484	5
22	33485	5
22	33486	5
22	33487	5
22	33488	5
22	33489	5
22	33490	5
22	33491	5
22	33492	4
22	33493	4
22	33494	4
22	33495	3
22	33496	3
22	33497	3
22	33498	3
22	33499	3
22	33500	3
22	33501	3
22	33502	3
22	33503	4
22	33504	4
22	33505	4
22	33506	4
22	33507	4
22	33508	4
22	33509	4
22	33510	4
22	33511	5
22	33512	5
22	33513	5
22	33514	5
22	33515	5
22	33516	5
22	33517	5
22	33518	5
22	33519	5
22	33520	6
22	33521	6
22	33522	6
22	33523	7
22	33524	7
22	33525	7
22	33526	7
22	33527	6
22	33528	6
22	33529	6
22	33530	6
22	33531	6
22	33532	6
22	33533	6
22	33534	6
22	33535	7
22	33536	6
22	33537	6
22	33538	6
22	33539	6
22	33540	6
22	33541	6
22	33542	6
22	33543	5
22	33544	5
22	33545	5
22	33546	5
22	33547	5
22	33548	5
22	33549	5
22	33550	5
22	33551	5
22	33552	5
22	33553	4
22	33554	4
22	33555	4
22	33556	3
22	33557	3
22	33558	3
