22	15502	1
22	15503	1
22	15504	1
22	15505	1
22	15506	1
22	15507	1
22	15508	1
22	15509	1
22	15510	1
22	15511	2
22	15512	2
22	15513	2
22	15514	2
22	15515	2
22	15516	2
22	15517	2
22	15518	2
22	15519	2
22	15520	2
22	15521	2
22	15522	2
22	15523	2
22	15524	2
22	15525	2
22	15526	2
22	15527	2
22	15528	2
22	15529	2
22	15530	1
22	15531	2
22	15532	1
22	15533	1
22	15534	2
22	15535	2
22	15536	2
22	15537	2
22	15538	2
22	15539	2
22	15540	2
22	15541	2
22	15542	2
22	15543	2
22	15544	2
22	15545	2
22	15546	2
22	15547	2
22	15548	2
22	15549	2
22	15550	2
22	15551	2
22	15552	2
22	15553	2
22	15554	2
22	15555	2
22	15556	2
22	15557	2
22	15558	2
22	15559	2
22	15560	2
22	15561	2
22	15562	2
22	15563	2
22	15564	1
22	15565	1
22	15566	1
22	15567	1
22	15568	1
22	15569	1
22	15570	1
22	15571	1
22	15572	1
22	15573	1
22	15574	2
22	15575	2
22	15576	2
22	15577	2
22	15578	2
22	15579	2
22	15580	2
22	15581	2
22	15582	2
22	15583	2
22	15584	2
22	15585	2
22	15586	2
22	15587	2
22	15588	2
22	15589	2
22	15590	1
22	15591	1
22	15592	1
22	15593	1
22	15594	1
22	15595	1
22	15596	1
22	15597	1
22	15598	2
22	15599	2
22	15600	2
22	15601	2
22	15602	2
22	15603	2
22	15604	2
22	15605	2
22	15606	2
22	15607	2
22	15608	2
22	15609	2
22	15610	2
22	15611	2
22	15612	2
22	15613	2
22	15614	2
22	15615	2
22	15616	2
22	15617	2
22	15618	1
22	15619	1
22	15620	1
22	15621	1
22	15622	1
22	15623	1
22	15624	1
22	15625	1
22	15626	1
22	15627	1
22	15628	1
22	15629	1
22	15630	1
22	15631	1
22	15632	1
22	15633	1
22	15634	1
22	15635	1
22	15636	1
22	15637	1
22	15638	1
22	15639	1
22	15640	1
22	15641	1
22	15642	1
22	15643	1
22	15644	1
22	15645	1
22	15646	1
22	15647	1
22	15648	1
22	15649	1
22	15650	1
22	15651	1
22	15652	1
22	15653	1
22	15654	1
22	15655	1
22	15656	1
22	15657	1
22	15658	1
22	15659	1
22	15660	1
22	15661	1
22	15662	1
22	15663	1
22	15680	1
22	15681	1
22	15682	1
22	15683	1
22	15684	1
22	15685	1
22	15686	1
22	15687	1
22	15688	1
22	15689	1
22	15690	1
22	15691	1
22	15692	1
22	15693	1
22	15694	1
22	15695	1
22	15696	1
22	15697	1
22	15698	1
22	15699	1
22	15700	1
22	15701	1
22	15702	1
22	15703	1
22	15704	1
22	15705	2
22	15706	2
22	15707	2
22	15708	2
22	15709	2
22	15710	2
22	15711	1
22	15712	2
22	15713	2
22	15714	2
22	15715	2
22	15716	2
22	15717	1
22	15718	1
22	15719	1
22	15720	1
22	15721	1
22	15722	1
22	15723	1
22	15724	1
22	15725	1
22	15740	1
22	15741	1
22	15742	1
22	15743	1
22	15744	1
22	15745	1
22	15746	1
22	15747	1
22	15748	1
22	15749	1
22	15750	1
22	15751	1
22	15752	1
22	15753	1
22	15754	1
22	15755	1
22	15756	1
22	15757	1
22	15758	1
22	15759	1
22	15760	1
22	15761	1
22	15762	1
22	15763	1
22	15764	1
22	15765	1
22	15766	1
22	15767	1
22	15768	1
22	15769	1
22	15770	1
22	15771	1
22	15772	1
22	15773	1
22	15774	1
22	15775	1
22	15776	1
22	15777	1
22	15778	1
22	15779	1
22	15780	1
22	15781	1
22	15782	1
22	15783	1
22	15784	1
22	15785	1
22	15786	1
22	15787	1
22	15788	1
22	15789	1
22	15790	1
22	15791	1
22	15792	1
22	15793	1
22	15794	1
22	15795	1
22	15796	1
22	15797	1
22	15798	1
22	15799	1
22	15800	1
22	15801	1
22	15823	1
22	15824	1
22	15825	1
22	15826	1
22	15827	1
22	15828	1
22	15829	1
22	15830	1
22	15831	1
22	15832	1
22	15833	1
22	15834	1
22	15835	1
22	15836	1
22	15837	1
22	15838	1
22	15839	1
22	15840	1
22	15841	1
22	15842	1
22	15843	1
22	15844	1
22	15845	1
22	15846	1
22	15847	1
22	15848	1
22	15849	1
22	15850	1
22	15851	1
22	15852	1
22	15853	1
22	15854	1
22	15855	1
22	15856	1
22	15857	1
22	15858	1
22	15859	1
22	15860	1
22	15861	1
22	15862	1
22	15863	1
22	15890	1
22	15891	1
22	15892	1
22	15893	2
22	15894	1
22	15895	2
22	15896	2
22	15897	2
22	15898	2
22	15899	2
22	15900	2
22	15901	2
22	15902	2
22	15903	2
22	15904	2
22	15905	2
22	15906	2
22	15907	2
22	15908	2
22	15909	2
22	15910	3
22	15911	2
22	15912	2
22	15913	2
22	15914	2
22	15915	1
22	15916	1
22	15917	1
22	15918	1
22	15919	1
22	15920	1
22	15921	1
22	15922	1
22	15923	1
22	15924	1
22	15925	1
22	15926	1
22	15927	1
22	15928	2
22	15929	2
22	15930	2
22	15931	2
22	15932	2
22	15933	2
22	15934	2
22	15935	2
22	15936	2
22	15937	2
22	15938	2
22	15939	2
22	15940	2
22	15941	2
22	15942	2
22	15943	2
22	15944	2
22	15945	2
22	15946	2
22	15947	2
22	15948	2
22	15949	2
22	15950	2
22	15951	2
22	15952	2
22	15953	2
22	15954	1
22	15955	1
22	15956	1
22	15957	1
22	15960	1
22	15961	1
22	15962	1
22	15963	1
22	15964	1
22	15965	1
22	15966	1
22	15967	1
22	15968	1
22	15969	1
22	15970	1
22	15971	1
22	15972	1
22	15973	1
22	15974	1
22	15975	1
22	15976	1
22	15977	1
22	15978	1
22	15979	1
22	15980	1
22	15981	1
22	15982	1
22	15983	1
22	15984	1
22	15985	1
22	15986	1
22	15987	1
22	15988	1
22	15989	1
22	15990	1
22	15991	1
22	15992	1
22	15993	1
22	15994	1
22	15995	1
22	15996	1
22	15997	1
22	15998	1
22	16039	1
22	16040	1
22	16041	1
22	16042	1
22	16043	1
22	16044	1
22	16045	1
22	16046	1
22	16047	1
22	16048	1
22	16049	1
22	16050	1
22	16051	1
22	16052	1
22	16053	1
22	16054	1
22	16055	1
22	16056	1
22	16057	1
22	16058	1
22	16060	1
22	16061	2
22	16062	2
22	16063	2
22	16064	3
22	16065	3
22	16066	3
22	16067	3
22	16068	3
22	16069	3
22	16070	3
22	16071	3
22	16072	3
22	16073	3
22	16074	3
22	16075	3
22	16076	3
22	16077	3
22	16078	3
22	16079	3
22	16080	2
22	16081	2
22	16082	2
22	16083	2
22	16084	2
22	16085	2
22	16086	2
22	16087	2
22	16088	2
22	16089	2
22	16090	2
22	16091	2
22	16092	2
22	16093	2
22	16094	2
22	16095	2
22	16096	2
22	16097	3
22	16098	3
22	16099	3
22	16100	3
22	16101	3
22	16102	3
22	16103	3
22	16104	2
22	16105	2
22	16106	2
22	16107	2
22	16108	2
22	16109	2
22	16110	2
22	16111	2
22	16112	2
22	16113	2
22	16114	2
22	16115	2
22	16116	1
22	16117	1
22	16118	1
22	16119	1
22	16120	1
22	16121	1
22	16122	1
22	16123	1
22	16124	1
22	16125	1
22	16126	1
22	16127	1
22	16128	1
22	16129	1
22	16130	1
22	16131	1
22	16132	2
22	16133	1
22	16134	1
22	16135	1
22	16136	1
22	16137	2
22	16138	2
22	16139	2
22	16140	2
22	16141	2
22	16142	2
22	16143	2
22	16144	2
22	16145	2
22	16146	2
22	16147	2
22	16148	2
22	16149	2
22	16150	2
22	16151	2
22	16152	2
22	16153	2
22	16154	2
22	16155	2
22	16156	2
22	16157	3
22	16158	3
22	16159	2
22	16160	2
22	16161	2
22	16162	2
22	16163	2
22	16164	2
22	16165	2
22	16166	2
22	16167	2
22	16168	2
22	16169	2
22	16170	3
22	16171	3
22	16172	3
22	16173	3
22	16174	3
22	16175	3
22	16176	3
22	16177	3
22	16178	3
22	16179	3
22	16180	3
22	16181	3
22	16182	3
22	16183	3
22	16184	3
22	16185	4
22	16186	4
22	16187	4
22	16188	4
22	16189	4
22	16190	4
22	16191	4
22	16192	4
22	16193	4
22	16194	5
22	16195	5
22	16196	5
22	16197	4
22	16198	4
22	16199	4
22	16200	4
22	16201	4
22	16202	4
22	16203	4
22	16204	3
22	16205	3
22	16206	2
22	16207	2
22	16208	2
22	16209	2
22	16210	2
22	16211	2
22	16212	2
22	16213	2
22	16214	2
22	16215	2
22	16216	2
22	16217	2
22	16218	2
22	16219	2
22	16220	2
22	16221	2
22	16222	2
22	16223	2
22	16224	2
22	16225	2
22	16226	2
22	16227	2
22	16228	2
22	16229	2
22	16230	2
22	16231	1
22	16232	1
22	16233	1
22	16234	1
22	16235	1
22	16265	1
22	16266	1
22	16267	1
22	16268	1
22	16269	1
22	16270	1
22	16271	1
22	16272	1
22	16273	1
22	16274	1
22	16275	1
22	16276	1
22	16277	1
22	16278	1
22	16279	1
22	16306	1
22	16307	1
22	16308	1
22	16309	1
22	16310	1
22	16311	1
22	16312	1
22	16313	1
22	16314	1
22	16315	1
22	16316	1
22	16317	1
22	16318	1
22	16319	1
22	16320	1
22	16321	1
22	16322	1
22	16323	1
22	16324	1
22	16325	1
22	16326	1
22	16327	1
22	16328	1
22	16329	1
22	16330	1
22	16331	1
22	16332	1
22	16333	1
22	16334	1
22	16335	1
22	16336	1
22	16337	1
22	16338	1
22	16339	1
22	16340	1
22	16341	1
22	16342	1
22	16343	1
22	16344	1
22	16345	1
22	16346	1
22	16347	1
22	16348	1
22	16349	1
22	16350	2
22	16351	2
22	16352	2
22	16353	2
22	16354	2
22	16355	2
22	16356	3
22	16357	3
22	16358	3
22	16359	3
22	16360	3
22	16361	3
22	16362	3
22	16363	3
22	16364	3
22	16365	3
22	16366	3
22	16367	4
22	16368	4
22	16369	4
22	16370	4
22	16371	4
22	16372	4
22	16373	4
22	16374	4
22	16375	4
22	16376	4
22	16377	4
22	16378	4
22	16379	4
22	16380	4
22	16381	4
22	16382	4
22	16383	4
22	16384	4
22	16385	4
22	16386	4
22	16387	4
22	16388	3
22	16389	3
22	16390	3
22	16391	3
22	16392	3
22	16393	3
22	16394	3
22	16395	3
22	16396	3
22	16397	3
22	16398	3
22	16399	3
22	16400	3
22	16401	3
22	16402	3
22	16403	3
22	16404	3
22	16405	3
22	16406	3
22	16407	3
22	16408	3
22	16409	3
22	16410	3
22	16411	3
22	16412	3
22	16413	3
22	16414	3
22	16415	3
22	16416	3
22	16417	3
22	16418	3
22	16419	3
22	16420	4
22	16421	4
22	16422	4
22	16423	4
22	16424	4
22	16425	4
22	16426	4
22	16427	4
22	16428	4
22	16429	4
22	16430	4
22	16431	4
22	16432	2
22	16433	2
22	16434	1
22	16435	1
22	16436	1
22	16437	1
22	16438	1
22	16439	1
22	16440	1
22	16441	1
22	16442	1
22	16443	2
22	16444	2
22	16445	2
22	16446	3
22	16447	3
22	16448	3
22	16449	3
22	16450	3
22	16451	3
22	16452	3
22	16453	3
22	16454	3
22	16455	3
22	16456	3
22	16457	3
22	16458	3
22	16459	3
22	16460	3
22	16461	3
22	16462	3
22	16463	3
22	16464	3
22	16465	2
22	16466	2
22	16467	2
22	16468	2
22	16469	2
22	16470	2
22	16471	2
22	16472	2
22	16473	2
22	16474	2
22	16475	2
22	16476	2
22	16477	2
22	16478	2
22	16479	2
22	16480	2
22	16481	3
22	16482	3
22	16483	3
22	16484	3
22	16485	3
22	16486	3
22	16487	3
22	16488	3
22	16489	3
22	16490	3
22	16491	2
22	16492	2
22	16493	2
22	16494	2
22	16495	2
22	16496	2
22	16497	2
22	16498	2
22	16499	2
22	16500	1
22	16606	1
22	16607	1
22	16608	1
22	16609	1
22	16610	1
22	16611	1
22	16612	1
22	16613	1
22	16614	1
22	16615	1
22	16616	1
22	16617	1
22	16618	1
22	16619	1
22	16620	1
22	16621	1
22	16622	1
22	16623	1
22	16624	1
22	16625	1
22	16626	1
22	16627	1
22	16628	1
22	16629	1
22	16630	1
22	16631	1
22	16632	1
22	16633	1
22	16634	1
22	16635	1
22	16636	1
22	16637	1
22	16638	1
22	16639	1
22	16640	1
22	16641	1
22	16642	1
22	16643	1
22	16644	1
22	16645	1
22	16646	1
22	16647	1
22	16648	1
22	16649	1
22	16650	1
22	16651	1
22	16652	1
22	16653	1
22	16654	1
22	16655	1
22	16656	1
22	16657	1
22	16658	1
22	16659	1
22	16660	1
22	16661	1
22	16662	1
22	16663	1
22	16664	1
22	16665	1
22	16666	1
22	16667	1
22	16668	1
22	16669	1
22	16670	1
22	16671	1
22	16698	1
22	16699	1
22	16700	1
22	16701	1
22	16702	1
22	16703	1
22	16704	1
22	16705	1
22	16706	1
22	16707	1
22	16708	1
22	16709	1
22	16710	1
22	16711	1
22	16712	1
22	16713	1
22	16714	1
22	16715	1
22	16716	1
22	16717	1
22	16718	1
22	16719	1
22	16720	1
22	16721	1
22	16722	1
22	16723	1
22	16724	1
22	16725	1
22	16726	1
22	16727	1
22	16728	1
22	16729	1
22	16730	1
22	16731	1
22	16732	1
22	16793	1
22	16794	1
22	16795	1
22	16796	1
22	16797	1
22	16798	1
22	16799	1
22	16800	1
22	16801	1
22	16802	1
22	16803	1
22	16804	1
22	16805	1
22	16806	1
22	16807	1
22	16808	1
22	16809	1
22	16810	1
22	16811	1
22	16812	1
22	16813	1
22	16814	1
22	16815	1
22	16816	1
22	16817	1
22	16818	1
22	16819	1
22	16820	1
22	16821	1
22	16822	1
22	16823	1
22	16824	1
22	16825	1
22	16826	1
22	16827	1
22	16828	1
22	16829	1
22	16830	1
22	16831	1
22	16832	1
22	16833	1
22	16834	1
22	16835	1
22	16836	1
22	16837	1
22	16838	1
22	16839	1
22	16840	1
22	16841	1
22	16972	1
22	16973	1
22	16974	1
22	16975	1
22	16976	1
22	16977	1
22	16978	1
22	16979	1
22	16980	1
22	16981	1
22	16982	1
22	16983	1
22	16984	1
22	16985	1
22	16986	1
22	16987	1
22	16988	1
22	16989	1
22	16990	1
22	16991	2
22	16992	2
22	16993	2
22	16994	2
22	16995	2
22	16996	3
22	16997	3
22	16998	3
22	16999	3
22	17000	3
22	17001	3
22	17002	3
22	17003	3
22	17004	3
22	17005	3
22	17006	3
22	17007	3
22	17008	3
22	17009	3
22	17010	3
22	17011	3
22	17012	3
22	17013	2
22	17014	2
22	17015	2
22	17016	2
22	17017	2
22	17018	2
22	17019	2
22	17020	2
22	17021	2
22	17022	2
22	17023	2
22	17024	2
22	17025	2
22	17026	2
22	17027	2
22	17028	2
22	17029	2
22	17030	2
22	17031	2
22	17032	2
22	17033	2
22	17034	2
22	17035	2
22	17036	2
22	17037	2
22	17038	2
22	17039	2
22	17040	2
22	17041	1
22	17042	1
22	17043	1
22	17044	1
22	17045	1
22	17046	1
22	17047	1
22	17048	1
22	17049	1
22	17050	1
22	17051	1
22	17054	1
22	17055	1
22	17056	1
22	17057	1
22	17058	1
22	17059	1
22	17060	1
22	17061	1
22	17062	1
22	17063	1
22	17064	1
22	17065	1
22	17066	1
22	17067	1
22	17068	1
22	17069	1
22	17070	1
22	17071	1
22	17072	1
22	17073	1
22	17074	1
22	17075	1
22	17076	1
22	17077	1
22	17078	1
22	17079	1
22	17080	1
22	17081	1
22	17082	1
22	17083	1
22	17084	1
22	17085	1
22	17086	1
22	17250	1
22	17251	1
22	17252	1
22	17253	2
22	17254	2
22	17255	2
22	17256	2
22	17257	2
22	17258	2
22	17259	2
22	17260	2
22	17261	2
22	17262	2
22	17263	2
22	17264	1
22	17265	1
22	17266	1
22	17267	1
22	17268	1
22	17269	1
22	17270	1
22	17271	1
22	17272	1
22	17273	1
22	17274	1
22	17275	1
22	17276	1
22	17277	1
22	17278	1
22	17279	1
22	17280	1
22	17281	1
22	17282	1
22	17283	1
22	17284	1
22	17285	1
22	17286	1
22	17287	1
22	17288	1
22	17289	1
22	17290	1
22	17291	1
22	17292	1
22	17293	1
22	17294	1
22	17295	1
22	17296	1
22	17297	1
22	17298	1
22	17299	1
22	17300	1
22	17301	1
22	17354	1
22	17355	1
22	17356	1
22	17357	1
22	17358	1
22	17359	1
22	17360	1
22	17361	1
22	17362	1
22	17363	1
22	17364	1
22	17365	1
22	17366	1
22	17367	1
22	17368	1
22	17369	1
22	17370	1
22	17371	1
22	17372	1
22	17373	1
22	17374	1
22	17375	1
22	17376	1
22	17377	1
22	17378	1
22	17379	1
22	17380	1
22	17381	1
22	17382	1
22	17383	1
22	17384	1
22	17385	1
22	17386	1
22	17387	1
22	17388	1
22	17389	1
22	17390	1
22	17391	1
22	17411	1
22	17412	2
22	17413	2
22	17414	2
22	17415	2
22	17416	2
22	17417	2
22	17418	2
22	17419	2
22	17420	2
22	17421	2
22	17422	2
22	17423	2
22	17424	2
22	17425	2
22	17426	2
22	17427	2
22	17428	2
22	17429	2
22	17430	2
22	17431	1
22	17432	1
22	17433	1
22	17434	1
22	17435	1
22	17436	1
22	17437	1
22	17438	1
22	17439	1
22	17440	1
22	17441	1
22	17442	1
22	17443	1
22	17444	1
22	17445	1
22	17446	1
22	17447	1
22	17448	1
22	17449	1
22	17450	1
22	17451	1
22	17452	1
22	17453	1
22	17454	1
22	17455	1
22	17456	1
22	17457	1
22	17458	1
22	17459	1
22	17460	1
22	17461	1
22	17462	1
22	17463	1
22	17464	1
22	17465	1
22	17466	1
22	17467	1
22	17468	1
22	17469	1
22	17470	1
22	17471	1
22	17472	1
22	17473	1
22	17474	1
22	17491	1
22	17492	1
22	17493	1
22	17494	1
22	17495	1
22	17496	1
22	17497	1
22	17498	1
22	17499	1
22	17500	1
22	17501	1
22	17502	1
22	17503	1
22	17504	1
22	17505	1
22	17506	1
22	17507	1
22	17508	1
22	17509	1
22	17510	1
22	17511	1
22	17512	1
22	17513	1
22	17514	1
22	17515	1
22	17516	1
22	17517	1
22	17518	1
22	17519	1
22	17520	1
22	17521	1
22	17522	1
22	17523	1
22	17524	1
22	17525	1
22	17526	1
22	17527	1
22	17528	1
22	17529	1
22	17530	1
22	17531	1
22	17532	1
22	17533	1
22	17534	1
22	17535	1
22	17536	1
22	17537	1
22	17538	1
22	17539	1
22	17540	1
22	17541	1
22	17542	1
22	17543	1
22	17544	1
22	17545	1
22	17546	1
22	17547	1
22	17548	1
22	18160	1
22	18161	1
22	18162	1
22	18163	1
22	18164	1
22	18165	1
22	18166	1
22	18167	1
22	18168	1
22	18169	1
22	18170	1
22	18171	1
22	18172	1
22	18173	1
22	18174	1
22	18175	1
22	18176	1
22	18177	1
22	18178	1
22	18179	1
22	18180	1
22	18181	1
22	18182	1
22	18183	1
22	18184	1
22	18185	1
22	18186	1
22	18187	1
22	18188	1
22	18189	1
22	18190	1
22	18191	1
22	18192	1
22	18193	1
22	18194	1
22	18195	1
22	18196	1
22	18197	1
22	18198	1
22	18199	1
22	18200	1
22	18201	1
22	18202	1
22	18203	1
22	18204	1
22	18205	1
22	18206	1
22	18207	1
22	18208	1
22	18209	1
22	18210	1
22	18211	1
22	18212	1
22	18213	1
22	18214	1
22	18215	1
22	18216	1
22	18217	1
22	18218	1
22	18219	1
22	18220	1
22	18221	1
22	18222	1
22	18223	1
22	18224	1
22	18225	1
22	18226	1
22	18227	1
22	18228	1
22	18229	1
22	18230	1
22	18231	1
22	18232	1
22	18233	2
22	18234	2
22	18235	2
22	18236	2
22	18237	2
22	18238	2
22	18239	2
22	18240	2
22	18241	2
22	18242	2
22	18243	2
22	18244	2
22	18245	2
22	18246	2
22	18247	2
22	18248	2
22	18249	2
22	18250	2
22	18251	2
22	18252	2
22	18253	2
22	18254	2
22	18255	2
22	18256	2
22	18257	2
22	18258	2
22	18259	2
22	18260	2
22	18261	2
22	18262	2
22	18263	2
22	18264	2
22	18265	2
22	18266	2
22	18267	2
22	18268	2
22	18269	2
22	18270	2
22	18271	2
22	18272	2
22	18273	2
22	18274	2
22	18275	2
22	18276	2
22	18277	2
22	18278	2
22	18279	2
22	18280	2
22	18281	2
22	18282	2
22	18283	2
22	18284	2
22	18285	2
22	18286	2
22	18287	2
22	18288	2
22	18289	2
22	18290	2
22	18291	2
22	18292	2
22	18293	2
22	18294	2
22	18295	2
22	18296	2
22	18297	2
22	18298	2
22	18299	2
22	18300	2
22	18301	1
22	18302	1
22	18303	1
22	18304	1
22	18305	1
22	18306	1
22	18307	1
22	18308	1
22	18309	1
22	18310	1
22	18311	1
22	18312	1
22	18313	1
22	18314	1
22	18315	1
22	18316	1
22	18317	1
22	18318	1
22	18319	1
22	18320	1
22	18321	1
22	18322	1
22	18323	1
22	18324	1
22	18325	1
22	18326	1
22	18327	1
22	18328	1
22	18329	1
22	18330	1
22	18331	1
22	18332	1
22	18333	1
22	18334	1
22	18335	1
22	19894	1
22	19895	1
22	19896	1
22	19897	1
22	19898	1
22	19899	1
22	19900	1
22	19901	1
22	19902	1
22	19903	1
22	19904	1
22	19905	1
22	19906	1
22	19907	1
22	19908	1
22	19909	1
22	19910	1
22	19911	1
22	19912	1
22	19913	1
22	19914	1
22	19915	1
22	19916	1
22	19917	1
22	19918	1
22	19919	1
22	19920	1
22	19921	1
22	19922	1
22	19923	1
22	19924	1
22	19925	1
22	19926	1
22	19927	1
22	19928	1
22	19929	1
22	19930	1
22	19931	1
22	19932	1
22	19933	1
22	19934	1
22	19935	1
22	19936	1
22	19937	1
22	19938	1
22	19939	1
22	19940	1
22	19941	1
22	19942	1
22	19943	1
22	19944	1
22	19945	1
22	19946	1
22	19947	1
22	19948	1
22	19949	1
22	19950	1
22	19951	1
22	19952	1
22	19953	1
22	19954	1
22	19955	1
22	19956	1
22	19957	1
22	19958	1
22	19959	1
22	19960	1
22	19961	1
22	19962	1
22	19963	1
22	19964	1
22	19965	1
22	19966	1
22	19967	1
22	19968	1
22	19969	1
22	19970	1
22	19971	1
22	19972	1
22	19973	1
22	19974	1
22	19975	1
22	19976	1
22	19977	1
22	19978	1
22	19979	1
22	19980	1
22	19981	1
22	19982	1
22	19983	1
22	19984	1
22	19985	1
22	19986	1
22	19987	1
22	19988	1
22	19989	1
22	19990	1
22	19991	1
22	19992	1
22	19993	1
22	19994	1
22	19995	1
22	19996	1
22	19997	1
22	19998	1
22	19999	1
22	20000	1
22	20001	1
22	20002	1
22	20003	1
22	20004	1
22	20005	1
22	20006	1
22	20007	1
22	20008	1
22	20009	1
22	20010	1
22	20011	1
22	20012	1
22	20013	1
22	20014	1
22	20015	1
22	20016	1
22	20017	1
22	20018	1
22	20019	1
22	20020	1
22	20021	1
22	20022	1
22	20023	1
22	20024	1
22	20025	1
22	20026	1
22	20027	1
22	20028	1
22	20029	3
22	20030	3
22	20031	3
22	20032	3
22	20033	3
22	20034	3
22	20035	3
22	20036	3
22	20037	3
22	20038	3
22	20039	3
22	20040	3
22	20041	4
22	20042	4
22	20043	4
22	20044	4
22	20045	4
22	20046	4
22	20047	4
22	20048	4
22	20049	4
22	20050	4
22	20051	4
22	20052	4
22	20053	5
22	20054	5
22	20055	5
22	20056	5
22	20057	5
22	20058	5
22	20059	5
22	20060	5
22	20061	5
22	20062	5
22	20063	5
22	20064	5
22	20065	5
22	20066	5
22	20067	5
22	20068	5
22	20069	5
22	20070	5
22	20071	5
22	20072	5
22	20073	5
22	20074	5
22	20075	5
22	20076	5
22	20077	5
22	20078	5
22	20079	5
22	20080	5
22	20081	6
22	20082	6
22	20083	6
22	20084	6
22	20085	6
22	20086	6
22	20087	6
22	20088	6
22	20089	6
22	20090	6
22	20091	6
22	20092	6
22	20093	6
22	20094	6
22	20095	6
22	20096	6
22	20097	6
22	20098	6
22	20099	6
22	20100	6
22	20101	6
22	20102	6
22	20103	6
22	20104	6
22	20105	6
22	20106	6
22	20107	6
22	20108	6
22	20109	5
22	20110	5
22	20111	4
22	20112	4
22	20113	4
22	20114	3
22	20115	3
22	20116	3
22	20117	2
22	20118	2
22	20119	2
22	20120	3
22	20121	4
22	20122	4
22	20123	4
22	20124	4
22	20125	4
22	20126	4
22	20127	4
22	20128	4
22	20129	4
22	20130	4
22	20131	4
22	20132	4
22	20133	4
22	20134	4
22	20135	4
22	20136	4
22	20137	4
22	20138	4
22	20139	4
22	20140	4
22	20141	4
22	20142	4
22	20143	4
22	20144	4
22	20145	4
22	20146	4
22	20147	4
22	20148	4
22	20149	4
22	20150	4
22	20151	5
22	20152	4
22	20153	4
22	20154	3
22	20155	2
22	20156	2
22	20157	2
22	20158	2
22	20159	2
22	20160	2
22	20161	2
22	20162	2
22	20163	2
22	20164	2
22	20165	2
22	20166	2
22	20167	2
22	20168	2
22	20169	2
22	20170	2
22	20171	2
22	20172	2
22	20173	2
22	20174	2
22	20175	2
22	20176	2
22	20177	2
22	20178	2
22	20179	2
22	20180	2
22	20181	2
22	20182	2
22	20183	2
22	20184	2
22	20185	2
22	20186	3
22	20187	3
22	20188	3
22	20189	3
22	20190	3
22	20191	4
22	20192	4
22	20193	3
22	20194	4
22	20195	4
22	20196	3
22	20197	4
22	20198	4
22	20199	4
22	20200	4
22	20201	4
22	20202	4
22	20203	4
22	20204	4
22	20205	4
22	20206	3
22	20207	3
22	20208	3
22	20209	3
22	20210	3
22	20211	3
22	20212	3
22	20213	3
22	20214	3
22	20215	3
22	20216	3
22	20217	3
22	20218	3
22	20219	3
22	20220	3
22	20221	3
22	20222	3
22	20223	3
22	20224	3
22	20225	3
22	20226	3
22	20227	3
22	20228	3
22	20229	3
22	20230	3
22	20231	3
22	20232	3
22	20233	3
22	20234	3
22	20235	3
22	20236	3
22	20237	3
22	20238	3
22	20239	3
22	20240	3
22	20241	2
22	20242	2
22	20243	2
22	20244	2
22	20245	2
22	20246	2
22	20247	2
22	20248	2
22	20249	2
22	20250	2
22	20251	2
22	20252	2
22	20253	1
22	20254	1
22	20255	1
22	20274	1
22	20275	1
22	20276	1
22	20277	1
22	20278	1
22	20279	2
22	20280	2
22	20281	2
22	20282	2
22	20283	2
22	20284	2
22	20285	2
22	20286	2
22	20287	2
22	20288	2
22	20289	2
22	20290	2
22	20291	2
22	20292	2
22	20293	2
22	20294	2
22	20295	2
22	20296	2
22	20297	2
22	20298	2
22	20299	2
22	20300	2
22	20301	2
22	20302	2
22	20303	2
22	20304	2
22	20305	2
22	20306	2
22	20307	2
22	20308	2
22	20309	2
22	20310	2
22	20311	3
22	20312	3
22	20313	3
22	20314	3
22	20315	3
22	20316	3
22	20317	3
22	20318	3
22	20319	3
22	20320	3
22	20321	3
22	20322	3
22	20323	3
22	20324	3
22	20325	3
22	20326	3
22	20327	3
22	20328	3
22	20329	2
22	20330	3
22	20331	3
22	20332	3
22	20333	3
22	20334	3
22	20335	3
22	20336	3
22	20337	3
22	20338	4
22	20339	4
22	20340	4
22	20341	4
22	20342	4
22	20343	4
22	20344	4
22	20345	4
22	20346	5
22	20347	5
22	20348	5
22	20349	5
22	20350	4
22	20351	4
22	20352	3
22	20353	3
22	20354	3
22	20355	3
22	20356	3
22	20357	3
22	20358	3
22	20359	3
22	20360	2
22	20361	2
22	20362	2
22	20363	2
22	20364	2
22	20365	2
22	20366	2
22	20367	2
22	20368	2
22	20369	2
22	20370	2
22	20371	2
22	20372	2
22	20373	3
22	20374	3
22	20375	4
22	20376	4
22	20377	4
22	20378	4
22	20379	4
22	20380	4
22	20381	4
22	20382	4
22	20383	4
22	20384	4
22	20385	4
22	20386	3
22	20387	3
22	20388	3
22	20389	3
22	20390	3
22	20391	3
22	20392	3
22	20393	3
22	20394	3
22	20395	3
22	20396	3
22	20397	3
22	20398	3
22	20399	3
22	20400	3
22	20401	3
22	20402	3
22	20403	3
22	20404	3
22	20405	3
22	20406	2
22	20407	2
22	20408	2
22	20409	2
22	20410	2
22	20411	2
22	20412	2
22	20413	2
22	20414	2
22	20415	3
22	20416	3
22	20417	4
22	20418	4
22	20419	4
22	20420	4
22	20421	3
22	20422	3
22	20423	3
22	20424	3
22	20425	3
22	20426	3
22	20427	3
22	20428	3
22	20429	3
22	20430	3
22	20431	3
22	20432	3
22	20433	3
22	20434	2
22	20435	2
22	20436	2
22	20437	2
22	20438	2
22	20439	2
22	20440	2
22	20441	2
22	20442	2
22	20443	2
22	20444	2
22	20445	2
22	20446	2
22	20447	2
22	20448	2
22	20449	2
22	20450	2
22	20451	2
22	20452	2
22	20453	2
22	20454	2
22	20455	2
22	20456	2
22	20457	2
22	20458	2
22	20459	2
22	20460	2
22	20461	1
22	20462	1
22	20463	1
22	20464	2
22	20465	2
22	20466	2
22	20467	2
22	20468	2
22	20469	2
22	20470	2
22	20471	2
22	20472	2
22	20473	2
22	20474	2
22	20475	2
22	20476	2
22	20477	2
22	20478	2
22	20479	2
22	20480	2
22	20481	1
22	20482	1
22	20483	1
22	20484	1
22	20607	1
22	20608	1
22	20609	1
22	20610	1
22	20611	1
22	20612	1
22	20613	1
22	20614	1
22	20615	1
22	20616	1
22	20617	1
22	20618	1
22	20619	2
22	20620	3
22	20621	3
22	20622	3
22	20623	3
22	20624	3
22	20625	3
22	20626	3
22	20627	3
22	20628	3
22	20629	3
22	20630	3
22	20631	3
22	20632	3
22	20633	3
22	20634	3
22	20635	3
22	20636	3
22	20637	3
22	20638	3
22	20639	3
22	20640	3
22	20641	2
22	20642	2
22	20643	2
22	20644	2
22	20645	2
22	20646	2
22	20647	2
22	20648	2
22	20649	2
22	20650	1
22	20651	1
22	20652	1
22	20653	1
22	20654	1
22	20655	1
22	20656	1
22	20657	1
22	20658	1
22	20659	1
22	20660	1
22	20661	1
22	20662	1
22	20663	1
22	20664	1
22	20665	1
22	20666	1
22	20667	1
22	20668	1
22	20669	1
22	20670	1
22	20671	1
22	20672	1
22	20673	1
22	20674	1
22	20675	1
22	20676	1
22	20677	1
22	20678	1
22	20679	1
22	20680	1
22	20681	1
22	20682	1
22	20683	1
22	20684	1
22	20685	1
22	20686	1
22	20687	1
22	20688	1
22	20689	1
22	20690	1
22	20691	1
22	20692	1
22	20693	1
22	20694	1
22	20695	1
22	20696	1
22	20697	1
22	20698	1
22	20699	1
22	20700	1
22	20701	1
22	20702	1
22	20703	1
22	20704	1
22	20705	1
22	20720	1
22	20721	1
22	20722	1
22	20723	1
22	20724	1
22	20725	1
22	20726	1
22	20727	1
22	20728	1
22	20729	1
22	20730	1
22	20731	1
22	20732	1
22	20733	1
22	20734	1
22	20735	1
22	20736	2
22	20737	2
22	20738	2
22	20739	2
22	20740	2
22	20741	2
22	20742	2
22	20743	2
22	20744	3
22	20745	3
22	20746	3
22	20747	3
22	20748	3
22	20749	3
22	20750	3
22	20751	3
22	20752	3
22	20753	3
22	20754	3
22	20755	2
22	20756	2
22	20757	2
22	20758	2
22	20759	2
22	20760	2
22	20761	2
22	20762	2
22	20763	2
22	20764	2
22	20765	2
22	20766	2
22	20767	2
22	20768	2
22	20769	2
22	20770	2
22	20771	2
22	20772	2
22	20773	2
22	20774	2
22	20775	2
22	20776	2
22	20777	2
22	20778	2
22	20779	2
22	20780	2
22	20781	1
22	20782	1
22	20783	1
22	20784	1
22	20785	1
22	20786	1
22	20787	1
22	20788	1
22	20789	1
22	20790	1
22	20791	1
22	20792	1
22	20793	1
22	20794	1
22	20795	1
22	20796	1
22	20797	1
22	20798	1
22	20799	2
22	20800	2
22	20801	2
22	20802	2
22	20803	2
22	20804	2
22	20805	2
22	20806	2
22	20807	2
22	20808	2
22	20809	2
22	20810	2
22	20811	2
22	20812	2
22	20813	2
22	20814	2
22	20815	2
22	20816	2
22	20817	2
22	20818	2
22	20819	2
22	20820	2
22	20821	2
22	20822	2
22	20823	2
22	20824	3
22	20825	3
22	20826	3
22	20827	3
22	20828	3
22	20829	3
22	20830	3
22	20831	3
22	20832	3
22	20833	3
22	20834	3
22	20835	3
22	20836	3
22	20837	3
22	20838	3
22	20839	3
22	20840	3
22	20841	3
22	20842	3
22	20843	2
22	20844	1
22	20845	1
22	20846	1
22	20847	1
22	20854	1
22	20855	1
22	20856	1
22	20857	1
22	20858	1
22	20859	1
22	20860	1
22	20861	1
22	20862	1
22	20863	1
22	20864	1
22	20865	1
22	20866	1
22	20867	1
22	20868	1
22	20869	1
22	20870	1
22	20871	1
22	20872	1
22	20873	1
22	20874	1
22	20875	1
22	20896	1
22	20897	1
22	20898	1
22	20899	1
22	20900	1
22	20901	1
22	20902	1
22	20903	1
22	20904	1
22	20905	1
22	20906	1
22	20907	1
22	20908	1
22	20909	1
22	20910	1
22	20911	1
22	20912	1
22	20913	1
22	20914	1
22	20957	1
22	20958	1
22	20959	1
22	20960	1
22	20961	1
22	20962	1
22	20963	1
22	20964	1
22	20965	1
22	20966	1
22	20967	1
22	20968	1
22	20969	1
22	20970	1
22	20971	1
22	20972	1
22	20973	1
22	20974	1
22	20975	1
22	20976	1
22	20977	1
22	20978	1
22	20979	1
22	20980	1
22	20981	1
22	20982	1
22	20983	1
22	20984	1
22	20985	1
22	20986	2
22	20987	2
22	20988	2
22	20989	2
22	20990	2
22	20991	2
22	20992	2
22	20993	2
22	20994	2
22	20995	2
22	20996	2
22	20997	2
22	20998	2
22	20999	2
22	21000	2
22	21001	2
22	21002	2
22	21003	2
22	21004	2
22	21005	2
22	21006	2
22	21007	2
22	21008	2
22	21009	2
22	21010	2
22	21011	2
22	21012	2
22	21013	2
22	21014	2
22	21015	2
22	21016	2
22	21017	3
22	21018	3
22	21019	3
22	21020	3
22	21021	3
22	21022	3
22	21023	3
22	21024	3
22	21025	2
22	21026	3
22	21027	3
22	21028	2
22	21029	2
22	21030	2
22	21031	2
22	21032	2
22	21033	1
22	21034	1
22	21035	1
22	21036	1
22	21061	1
22	21062	2
22	21063	2
22	21064	2
22	21065	2
22	21066	3
22	21067	3
22	21068	3
22	21069	3
22	21070	3
22	21071	3
22	21072	3
22	21073	3
22	21074	3
22	21075	3
22	21076	3
22	21077	3
22	21078	3
22	21079	3
22	21080	3
22	21081	3
22	21082	4
22	21083	4
22	21084	4
22	21085	4
22	21086	4
22	21087	4
22	21088	4
22	21089	4
22	21090	3
22	21091	3
22	21092	3
22	21093	3
22	21094	3
22	21095	3
22	21096	3
22	21097	3
22	21098	3
22	21099	3
22	21100	3
22	21101	3
22	21102	3
22	21103	3
22	21104	3
22	21105	3
22	21106	3
22	21107	4
22	21108	4
22	21109	5
22	21110	5
22	21111	5
22	21112	5
22	21113	5
22	21114	5
22	21115	5
22	21116	5
22	21117	5
22	21118	4
22	21119	5
22	21120	5
22	21121	5
22	21122	5
22	21123	5
22	21124	5
22	21125	5
22	21126	5
22	21127	5
22	21128	5
22	21129	5
22	21130	5
22	21131	4
22	21132	1
22	21133	1
22	21134	1
22	21135	1
22	21136	1
22	21137	1
22	21138	1
22	21139	1
22	21140	1
22	21141	2
22	21142	2
22	21143	2
22	21144	2
22	21145	2
22	21146	2
22	21147	2
22	21148	2
22	21149	2
22	21150	2
22	21151	2
22	21152	3
22	21153	3
22	21154	3
22	21155	3
22	21156	3
22	21157	3
22	21158	4
22	21159	4
22	21160	4
22	21161	4
22	21162	4
22	21163	5
22	21164	5
22	21165	5
22	21166	5
22	21167	5
22	21168	5
22	21169	5
22	21170	5
22	21171	5
22	21172	5
22	21173	5
22	21174	5
22	21175	5
22	21176	5
22	21177	5
22	21178	5
22	21179	5
22	21180	5
22	21181	4
22	21182	3
22	21183	3
22	21184	3
22	21185	3
22	21186	3
22	21187	3
22	21188	3
22	21189	3
22	21190	4
22	21191	4
22	21192	4
22	21193	4
22	21194	4
22	21195	4
22	21196	4
22	21197	4
22	21198	4
22	21199	4
22	21200	4
22	21201	4
22	21202	4
22	21203	4
22	21204	4
22	21205	4
22	21206	4
22	21207	4
22	21208	4
22	21209	4
22	21210	3
22	21211	3
22	21212	3
22	21213	3
22	21214	3
22	21215	3
22	21216	3
22	21217	3
22	21218	3
22	21219	3
22	21220	3
22	21221	3
22	21222	3
22	21223	3
22	21224	3
22	21225	3
22	21226	3
22	21227	3
22	21228	3
22	21229	4
22	21230	4
22	21231	4
22	21232	4
22	21233	3
22	21234	3
22	21235	3
22	21236	4
22	21237	4
22	21238	4
22	21239	4
22	21240	4
22	21241	4
22	21242	4
22	21243	4
22	21244	4
22	21245	4
22	21246	4
22	21247	4
22	21248	3
22	21249	3
22	21250	3
22	21251	3
22	21252	3
22	21253	3
22	21254	3
22	21255	3
22	21256	3
22	21257	3
22	21258	3
22	21259	3
22	21260	4
22	21261	4
22	21262	4
22	21263	4
22	21264	4
22	21265	4
22	21266	4
22	21267	4
22	21268	4
22	21269	4
22	21270	4
22	21271	4
22	21272	4
22	21273	4
22	21274	4
22	21275	3
22	21276	3
22	21277	3
22	21278	3
22	21279	3
22	21280	3
22	21281	3
22	21282	4
22	21283	4
22	21284	4
22	21285	4
22	21286	4
22	21287	4
22	21288	4
22	21289	4
22	21290	4
22	21291	3
22	21292	4
22	21293	4
22	21294	5
22	21295	5
22	21296	5
22	21297	5
22	21298	5
22	21299	5
22	21300	5
22	21301	5
22	21302	4
22	21303	4
22	21304	4
22	21305	4
22	21306	5
22	21307	6
22	21308	6
22	21309	6
22	21310	6
22	21311	6
22	21312	6
22	21313	6
22	21314	6
22	21315	6
22	21316	6
22	21317	6
22	21318	6
22	21319	6
22	21320	5
22	21321	5
22	21322	5
22	21323	6
22	21324	5
22	21325	5
22	21326	5
22	21327	5
22	21328	5
22	21329	5
22	21330	5
22	21331	5
22	21332	5
22	21333	5
22	21334	5
22	21335	4
22	21336	4
22	21337	4
22	21338	3
22	21339	3
22	21340	3
22	21341	3
22	21342	3
22	21343	3
22	21344	3
22	21345	3
22	21346	2
22	21347	2
22	21348	2
22	21349	2
22	21350	2
22	21351	2
22	21352	3
22	21353	3
22	21354	3
22	21355	3
22	21356	3
22	21357	3
22	21358	3
22	21359	3
22	21360	3
22	21361	2
22	21362	2
22	21363	2
22	21364	2
22	21365	2
22	21366	2
22	21367	2
22	21368	2
22	21369	2
22	21370	2
22	21371	2
22	21372	2
22	21373	2
22	21374	2
22	21375	2
22	21376	2
22	21377	2
22	21378	2
22	21379	2
22	21380	2
22	21381	3
22	21382	3
22	21383	2
22	21384	2
22	21385	2
22	21386	2
22	21387	2
22	21388	2
22	21389	2
22	21390	2
22	21391	2
22	21392	2
22	21393	2
22	21394	2
22	21395	2
22	21396	2
22	21397	2
22	21398	3
22	21399	3
22	21400	3
22	21401	3
22	21402	3
22	21403	2
22	21404	2
22	21405	1
22	21406	1
22	21407	1
22	21408	1
22	21409	1
22	21410	1
22	21411	1
22	21412	1
22	21413	1
22	21414	1
22	21415	1
22	21423	1
22	21424	1
22	21425	1
22	21426	1
22	21427	1
22	21428	1
22	21429	1
22	21430	1
22	21431	1
22	21432	1
22	21433	1
22	21434	1
22	21435	1
22	21436	1
22	21437	1
22	21438	1
22	21439	1
22	21440	1
22	21441	1
22	21442	1
22	21443	1
22	21444	1
22	21445	1
22	21446	1
22	21447	1
22	21448	1
22	21449	1
22	21450	1
22	21451	1
22	21452	1
22	21453	1
22	21454	1
22	21455	1
22	21456	1
22	21457	1
22	21458	1
22	21459	1
22	21460	1
22	21461	1
22	21462	1
22	21463	1
22	21464	1
22	21465	1
22	21466	1
22	21467	1
22	21468	1
22	21469	1
22	21470	1
22	21471	1
22	21472	1
22	21473	1
22	21474	1
22	21475	1
22	21476	1
22	21477	1
22	21478	1
22	21479	1
22	21480	1
22	21481	1
22	21482	1
22	21483	1
22	21484	1
22	21485	1
22	21486	1
22	21487	1
22	21488	1
22	21489	1
22	21490	1
22	21491	1
22	21492	1
22	21493	1
22	21494	1
22	21495	1
22	21496	1
22	21497	1
22	21498	1
22	21499	1
22	21500	1
22	21501	1
22	21502	1
22	21552	1
22	21553	1
22	21554	1
22	21555	1
22	21556	1
22	21557	1
22	21558	2
22	21559	2
22	21560	2
22	21561	2
22	21562	2
22	21563	2
22	21564	2
22	21565	2
22	21566	2
22	21567	2
22	21568	2
22	21569	2
22	21570	2
22	21571	2
22	21572	2
22	21573	2
22	21574	3
22	21575	3
22	21576	3
22	21577	3
22	21578	3
22	21579	3
22	21580	3
22	21581	3
22	21582	3
22	21583	3
22	21584	3
22	21585	3
22	21586	2
22	21587	2
22	21588	2
22	21589	2
22	21590	2
22	21591	2
22	21592	2
22	21593	2
22	21594	2
22	21595	2
22	21596	2
22	21597	2
22	21598	2
22	21599	2
22	21600	2
22	21601	2
22	21602	2
22	21603	2
22	21604	2
22	21605	2
22	21606	2
22	21607	2
22	21608	2
22	21609	2
22	21610	2
22	21611	1
22	21612	1
22	21613	1
22	21614	1
22	21615	1
22	21616	1
22	21617	1
22	21618	1
22	21619	1
22	21620	1
22	21621	2
22	21622	2
22	21623	3
22	21624	3
22	21625	3
22	21626	3
22	21627	3
22	21628	3
22	21629	3
22	21630	3
22	21631	3
22	21632	3
22	21633	3
22	21634	3
22	21635	3
22	21636	3
22	21637	3
22	21638	3
22	21639	4
22	21640	4
22	21641	4
22	21642	5
22	21643	5
22	21644	5
22	21645	5
22	21646	5
22	21647	5
22	21648	5
22	21649	5
22	21650	5
22	21651	5
22	21652	5
22	21653	5
22	21654	5
22	21655	5
22	21656	5
22	21657	5
22	21658	6
22	21659	6
22	21660	6
22	21661	6
22	21662	5
22	21663	4
22	21664	4
22	21665	4
22	21666	4
22	21667	4
22	21668	4
22	21669	4
22	21670	4
22	21671	4
22	21672	4
22	21673	5
22	21674	5
22	21675	5
22	21676	5
22	21677	5
22	21678	5
22	21679	5
22	21680	5
22	21681	5
22	21682	5
22	21683	5
22	21684	5
22	21685	5
22	21686	5
22	21687	5
22	21688	5
22	21689	5
22	21690	5
22	21691	5
22	21692	5
22	21693	6
22	21694	6
22	21695	6
22	21696	6
22	21697	6
22	21698	6
22	21699	6
22	21700	6
22	21701	6
22	21702	6
22	21703	6
22	21704	6
22	21705	6
22	21706	6
22	21707	5
22	21708	5
22	21709	6
22	21710	5
22	21711	5
22	21712	5
22	21713	5
22	21714	5
22	21715	6
22	21716	6
22	21717	6
22	21718	6
22	21719	6
22	21720	6
22	21721	6
22	21722	6
22	21723	6
22	21724	6
22	21725	6
22	21726	6
22	21727	7
22	21728	7
22	21729	7
22	21730	7
22	21731	7
22	21732	7
22	21733	7
22	21734	7
22	21735	7
22	21736	7
22	21737	7
22	21738	7
22	21739	7
22	21740	6
22	21741	6
22	21742	6
22	21743	6
22	21744	6
22	21745	5
22	21746	5
22	21747	5
22	21748	5
22	21749	5
22	21750	5
22	21751	5
22	21752	5
22	21753	5
22	21754	5
22	21755	5
22	21756	4
22	21757	4
22	21758	4
22	21759	4
22	21760	3
22	21761	4
22	21762	4
22	21763	4
22	21764	4
22	21765	3
22	21766	3
22	21767	3
22	21768	3
22	21769	3
22	21770	3
22	21771	3
22	21772	3
22	21773	3
22	21774	3
22	21775	3
22	21776	3
22	21777	3
22	21778	3
22	21779	3
22	21780	3
22	21781	3
22	21782	3
22	21783	3
22	21784	3
22	21785	3
22	21786	3
22	21787	3
22	21788	3
22	21789	3
22	21790	3
22	21791	3
22	21792	3
22	21793	3
22	21794	3
22	21795	3
22	21796	3
22	21797	4
22	21798	4
22	21799	4
22	21800	4
22	21801	4
22	21802	4
22	21803	4
22	21804	4
22	21805	4
22	21806	4
22	21807	4
22	21808	4
22	21809	4
22	21810	4
22	21811	4
22	21812	4
22	21813	4
22	21814	4
22	21815	6
22	21816	6
22	21817	6
22	21818	6
22	21819	5
22	21820	5
22	21821	5
22	21822	5
22	21823	5
22	21824	5
22	21825	5
22	21826	5
22	21827	5
22	21828	5
22	21829	5
22	21830	5
22	21831	5
22	21832	5
22	21833	5
22	21834	4
22	21835	4
22	21836	4
22	21837	4
22	21838	4
22	21839	4
22	21840	4
22	21841	4
22	21842	4
22	21843	4
22	21844	4
22	21845	4
22	21846	4
22	21847	4
22	21848	4
22	21849	4
22	21850	4
22	21851	4
22	21852	4
22	21853	3
22	21854	3
22	21855	3
22	21856	3
22	21857	3
22	21858	3
22	21859	3
22	21860	4
22	21861	4
22	21862	4
22	21863	5
22	21864	5
22	21865	5
22	21866	5
22	21867	5
22	21868	5
22	21869	5
22	21870	5
22	21871	5
22	21872	5
22	21873	6
22	21874	6
22	21875	6
22	21876	6
22	21877	6
22	21878	6
22	21879	6
22	21880	6
22	21881	6
22	21882	6
22	21883	6
22	21884	6
22	21885	6
22	21886	6
22	21887	5
22	21888	5
22	21889	5
22	21890	5
22	21891	5
22	21892	5
22	21893	5
22	21894	4
22	21895	4
22	21896	4
22	21897	4
22	21898	4
22	21899	4
22	21900	4
22	21901	4
22	21902	4
22	21903	3
22	21904	3
22	21905	3
22	21906	3
22	21907	3
22	21908	3
22	21909	3
22	21910	3
22	21911	3
22	21912	3
22	21913	3
22	21914	3
22	21915	3
22	21916	3
22	21917	3
22	21918	3
22	21919	3
22	21920	3
22	21921	3
22	21922	3
22	21923	3
22	21924	3
22	21925	3
22	21926	3
22	21927	3
22	21928	2
22	21929	2
22	21930	2
22	21931	2
22	21932	2
22	21933	2
22	21934	2
22	21935	1
22	21936	1
22	21937	1
22	21938	1
22	21939	1
22	21940	1
22	21941	1
22	21942	2
22	21943	2
22	21944	2
22	21945	2
22	21946	2
22	21947	2
22	21948	2
22	21949	2
22	21950	2
22	21951	2
22	21952	2
22	21953	2
22	21954	2
22	21955	2
22	21956	2
22	21957	2
22	21958	2
22	21959	2
22	21960	2
22	21961	2
22	21962	2
22	21963	2
22	21964	2
22	21965	2
22	21966	2
22	21967	2
22	21968	2
22	21969	1
22	21970	1
22	21971	1
22	21972	1
22	21973	1
22	21974	1
22	21975	1
22	21976	1
22	21977	1
22	21978	1
22	21979	1
22	21980	1
22	21981	1
22	21982	1
22	21983	1
22	21984	1
22	21985	1
22	21986	1
22	21987	1
22	21988	1
22	21989	1
22	21990	1
22	21991	1
22	21992	1
22	21993	1
22	21994	1
22	21995	1
22	21996	1
22	21997	1
22	21998	2
22	21999	2
22	22000	2
22	22001	2
22	22002	2
22	22003	2
22	22004	2
22	22005	2
22	22006	2
22	22007	2
22	22008	2
22	22009	1
22	22010	1
22	22011	1
22	22012	1
22	22013	1
22	22014	1
22	22015	1
22	22016	1
22	22017	1
22	22018	1
22	22019	1
22	22020	1
22	22021	1
22	22022	1
22	22023	1
22	22024	1
22	22025	2
22	22026	2
22	22027	2
22	22028	2
22	22029	2
22	22030	2
22	22031	2
22	22032	2
22	22033	2
22	22034	2
22	22035	2
22	22036	2
22	22037	2
22	22038	2
22	22039	3
22	22040	3
22	22041	3
22	22042	3
22	22043	3
22	22044	3
22	22045	3
22	22046	3
22	22047	3
22	22048	3
22	22049	3
22	22050	3
22	22051	3
22	22052	2
22	22053	2
22	22054	3
22	22055	3
22	22056	3
22	22057	4
22	22058	4
22	22059	4
22	22060	4
22	22061	4
22	22062	4
22	22063	4
22	22064	4
22	22065	4
22	22066	4
22	22067	4
22	22068	4
22	22069	4
22	22070	4
22	22071	4
22	22072	4
22	22073	4
22	22074	4
22	22075	4
22	22076	4
22	22077	4
22	22078	4
22	22079	4
22	22080	4
22	22081	4
22	22082	4
22	22083	4
22	22084	4
22	22085	4
22	22086	4
22	22087	4
22	22088	4
22	22089	4
22	22090	4
22	22091	4
22	22092	4
22	22093	4
22	22094	4
22	22095	4
22	22096	3
22	22097	3
22	22098	3
22	22099	3
22	22100	3
22	22101	3
22	22102	3
22	22103	3
22	22104	3
22	22105	2
22	22106	2
22	22107	2
22	22108	2
22	22109	2
22	22110	2
22	22111	2
22	22112	2
22	22113	2
22	22114	2
22	22115	2
22	22116	2
22	22117	2
22	22118	2
22	22119	2
22	22120	2
22	22121	2
22	22122	2
22	22123	2
22	22124	2
22	22125	2
22	22126	1
22	22127	1
22	22128	1
22	22129	1
22	22130	1
22	22131	2
22	22132	2
22	22133	2
22	22134	2
22	22135	2
22	22136	2
22	22137	2
22	22138	2
22	22139	2
22	22140	2
22	22141	2
22	22142	2
22	22143	2
22	22144	2
22	22145	2
22	22146	2
22	22147	2
22	22148	2
22	22149	2
22	22150	2
22	22151	2
22	22152	2
22	22153	2
22	22154	2
22	22155	2
22	22156	2
22	22157	2
22	22158	2
22	22159	2
22	22160	2
22	22161	2
22	22162	2
22	22163	2
22	22164	2
22	22165	2
22	22166	2
22	22167	2
22	22168	2
22	22169	2
22	22170	2
22	22171	2
22	22172	2
22	22173	2
22	22174	2
22	22175	2
22	22176	3
22	22177	3
22	22178	3
22	22179	3
22	22180	2
22	22181	2
22	22182	2
22	22183	1
22	22184	1
22	22185	1
22	22186	1
22	22187	1
22	22188	1
22	22189	1
22	22190	1
22	22191	1
22	22192	1
22	22193	1
22	22194	1
22	22195	1
22	22196	1
22	22197	1
22	22198	1
22	22199	1
22	22200	1
22	22201	1
22	22202	1
22	22203	2
22	22204	2
22	22205	2
22	22206	2
22	22207	2
22	22208	2
22	22209	2
22	22210	2
22	22211	2
22	22212	2
22	22213	2
22	22214	2
22	22215	2
22	22216	2
22	22217	2
22	22218	2
22	22219	3
22	22220	3
22	22221	3
22	22222	3
22	22223	3
22	22224	3
22	22225	3
22	22226	3
22	22227	3
22	22228	4
22	22229	4
22	22230	4
22	22231	4
22	22232	4
22	22233	4
22	22234	4
22	22235	4
22	22236	4
22	22237	4
22	22238	4
22	22239	4
22	22240	4
22	22241	4
22	22242	3
22	22243	3
22	22244	4
22	22245	4
22	22246	4
22	22247	4
22	22248	4
22	22249	4
22	22250	3
22	22251	3
22	22252	3
22	22253	3
22	22254	3
22	22255	3
22	22256	3
22	22257	3
22	22258	3
22	22259	3
22	22260	3
22	22261	3
22	22262	3
22	22263	2
22	22264	2
22	22265	2
22	22266	2
22	22267	2
22	22268	2
22	22269	2
22	22270	2
22	22271	2
22	22272	2
22	22273	2
22	22274	2
22	22275	2
22	22276	2
22	22277	2
22	22278	2
22	22279	2
22	22280	2
22	22281	2
22	22282	2
22	22283	3
22	22284	3
22	22285	3
22	22286	3
22	22287	3
22	22288	3
22	22289	3
22	22290	3
22	22291	3
22	22292	4
22	22293	4
22	22294	4
22	22295	4
22	22296	4
22	22297	3
22	22298	3
22	22299	3
22	22300	3
22	22301	3
22	22302	3
22	22303	3
22	22304	3
22	22305	3
22	22306	3
22	22307	3
22	22308	2
22	22309	2
22	22310	3
22	22311	3
22	22312	3
22	22313	3
22	22314	3
22	22315	3
22	22316	3
22	22317	3
22	22318	3
22	22319	3
22	22320	3
22	22321	3
22	22322	3
22	22323	3
22	22324	3
22	22325	3
22	22326	3
22	22327	3
22	22328	3
22	22329	3
22	22330	3
22	22331	3
22	22332	3
22	22333	3
22	22334	3
22	22335	3
22	22336	3
22	22337	3
22	22338	3
22	22339	3
22	22340	3
22	22341	3
22	22342	4
22	22343	5
22	22344	4
22	22345	4
22	22346	4
22	22347	4
22	22348	4
22	22349	3
22	22350	3
22	22351	3
22	22352	4
22	22353	4
22	22354	4
22	22355	4
22	22356	4
22	22357	4
22	22358	4
22	22359	4
22	22360	4
22	22361	4
22	22362	4
22	22363	4
22	22364	4
22	22365	4
22	22366	4
22	22367	4
22	22368	4
22	22369	4
22	22370	4
22	22371	4
22	22372	3
22	22373	3
22	22374	3
22	22375	3
22	22376	3
22	22377	3
22	22378	2
22	22379	2
22	22380	2
22	22381	3
22	22382	3
22	22383	3
22	22384	3
22	22385	3
22	22386	3
22	22387	3
22	22388	3
22	22389	3
22	22390	3
22	22391	3
22	22392	3
22	22393	3
22	22394	3
22	22395	3
22	22396	2
22	22397	2
22	22398	2
22	22399	2
22	22400	2
22	22401	2
22	22402	2
22	22403	2
22	22404	2
22	22405	2
22	22406	2
22	22407	2
22	22408	1
22	22409	1
22	22410	1
22	22436	1
22	22437	1
22	22438	1
22	22439	1
22	22440	1
22	22441	1
22	22442	1
22	22443	1
22	22444	1
22	22445	1
22	22446	2
22	22447	2
22	22448	2
22	22449	2
22	22450	2
22	22451	2
22	22452	2
22	22453	2
22	22454	2
22	22455	2
22	22456	2
22	22457	2
22	22458	2
22	22459	2
22	22460	2
22	22461	2
22	22462	2
22	22463	2
22	22464	2
22	22465	2
22	22466	2
22	22467	2
22	22468	2
22	22469	2
22	22470	2
22	22471	2
22	22472	2
22	22473	1
22	22474	1
22	22475	2
22	22476	2
22	22477	2
22	22478	2
22	22479	2
22	22480	2
22	22481	2
22	22482	2
22	22483	2
22	22484	2
22	22485	2
22	22486	2
22	22487	2
22	22488	1
22	22489	1
22	22490	1
22	22491	1
22	22492	1
22	22493	1
22	22494	1
22	22495	1
22	22496	1
22	22497	1
22	22498	1
22	22499	1
22	22500	1
22	22501	1
22	22502	1
22	22503	1
22	22504	1
22	22505	1
22	22506	1
22	22507	1
22	22508	1
22	22509	1
22	22510	1
22	22595	1
22	22596	1
22	22597	1
22	22598	1
22	22599	1
22	22600	1
22	22601	1
22	22602	1
22	22603	1
22	22604	2
22	22605	2
22	22606	2
22	22607	3
22	22608	4
22	22609	4
22	22610	4
22	22611	4
22	22612	4
22	22613	4
22	22614	4
22	22615	4
22	22616	4
22	22617	4
22	22618	4
22	22619	5
22	22620	5
22	22621	5
22	22622	5
22	22623	5
22	22624	6
22	22625	6
22	22626	6
22	22627	6
22	22628	6
22	22629	6
22	22630	6
22	22631	6
22	22632	6
22	22633	6
22	22634	6
22	22635	6
22	22636	6
22	22637	6
22	22638	6
22	22639	6
22	22640	6
22	22641	6
22	22642	6
22	22643	6
22	22644	6
22	22645	6
22	22646	5
22	22647	5
22	22648	5
22	22649	5
22	22650	5
22	22651	5
22	22652	5
22	22653	5
22	22654	5
22	22655	5
22	22656	5
22	22657	4
22	22658	4
22	22659	4
22	22660	4
22	22661	4
22	22662	4
22	22663	4
22	22664	3
22	22665	3
22	22666	3
22	22667	3
22	22668	2
22	22669	2
22	22670	3
22	22671	3
22	22672	3
22	22673	3
22	22674	3
22	22675	3
22	22676	3
22	22677	3
22	22678	3
22	22679	3
22	22680	3
22	22681	3
22	22682	3
22	22683	3
22	22684	3
22	22685	4
22	22686	3
22	22687	3
22	22688	3
22	22689	3
22	22690	3
22	22691	3
22	22692	3
22	22693	3
22	22694	3
22	22695	2
22	22696	2
22	22697	2
22	22698	2
22	22699	2
22	22700	2
22	22701	2
22	22729	1
22	22730	1
22	22731	1
22	22732	1
22	22733	1
22	22734	1
22	22735	1
22	22736	1
22	22737	1
22	22738	1
22	22739	1
22	22740	1
22	22741	1
22	22742	1
22	22743	1
22	22744	2
22	22745	2
22	22746	3
22	22747	3
22	22748	3
22	22749	3
22	22750	3
22	22751	3
22	22752	3
22	22753	3
22	22754	3
22	22755	3
22	22756	3
22	22757	3
22	22758	3
22	22759	3
22	22760	3
22	22761	3
22	22762	3
22	22763	4
22	22764	4
22	22765	4
22	22766	4
22	22767	4
22	22768	5
22	22769	5
22	22770	5
22	22771	5
22	22772	5
22	22773	5
22	22774	5
22	22775	5
22	22776	5
22	22777	5
22	22778	5
22	22779	4
22	22780	4
22	22781	4
22	22782	4
22	22783	4
22	22784	4
22	22785	4
22	22786	4
22	22787	4
22	22788	4
22	22789	4
22	22790	4
22	22791	4
22	22792	4
22	22793	4
22	22794	4
22	22795	4
22	22796	4
22	22797	4
22	22798	4
22	22799	4
22	22800	4
22	22801	4
22	22802	4
22	22803	4
22	22804	4
22	22805	4
22	22806	4
22	22807	4
22	22808	4
22	22809	3
22	22810	3
22	22811	3
22	22812	3
22	22813	3
22	22814	3
22	22815	3
22	22816	3
22	22817	3
22	22818	3
22	22819	3
22	22820	3
22	22821	3
22	22822	3
22	22823	3
22	22824	3
22	22825	3
22	22826	3
22	22827	2
22	22828	2
22	22829	2
22	22830	2
22	22831	2
22	22832	2
22	22833	2
22	22834	2
22	22835	2
22	22836	2
22	22837	2
22	22838	2
22	22839	2
22	22840	2
22	22841	2
22	22842	1
22	22843	1
22	22844	2
22	22845	2
22	22846	2
22	22847	2
22	22848	2
22	22849	2
22	22850	2
22	22851	2
22	22852	2
22	22853	2
22	22854	2
22	22855	2
22	22856	2
22	22857	2
22	22858	1
22	22859	1
22	22860	1
22	22861	1
22	22954	1
22	22955	1
22	22956	1
22	22957	1
22	22958	1
22	22959	1
22	22960	1
22	22961	1
22	22962	1
22	22963	1
22	22964	1
22	22965	1
22	22966	1
22	22967	1
22	22968	1
22	22969	1
22	22970	1
22	22971	1
22	22989	1
22	22990	1
22	22991	1
22	22992	1
22	22993	1
22	22994	1
22	22995	1
22	22996	1
22	22997	1
22	22998	1
22	22999	1
22	23000	1
22	23001	1
22	23002	1
22	23003	1
22	23004	1
22	23005	1
22	23006	1
22	23007	1
22	23008	1
22	23009	1
22	23010	1
22	23011	1
22	23012	1
22	23013	1
22	23014	1
22	23015	1
22	23016	1
22	23017	1
22	23018	1
22	23019	1
22	23020	1
22	23021	1
22	23022	1
22	23023	1
22	23024	1
22	23025	1
22	23026	1
22	23027	1
22	23028	1
22	23029	1
22	23030	1
22	23031	1
22	23032	2
22	23033	2
22	23034	2
22	23035	3
22	23036	3
22	23037	3
22	23038	3
22	23039	3
22	23040	3
22	23041	3
22	23042	3
22	23043	3
22	23044	3
22	23045	3
22	23046	3
22	23047	3
22	23048	3
22	23049	3
22	23050	3
22	23051	3
22	23052	3
22	23053	3
22	23054	3
22	23055	3
22	23056	3
22	23057	3
22	23058	4
22	23059	4
22	23060	4
22	23061	4
22	23062	4
22	23063	4
22	23064	4
22	23065	4
22	23066	5
22	23067	5
22	23068	5
22	23069	5
22	23070	5
22	23071	4
22	23072	4
22	23073	4
22	23074	4
22	23075	4
22	23076	4
22	23077	3
22	23078	3
22	23079	3
22	23080	3
22	23081	3
22	23082	3
22	23083	3
22	23084	3
22	23085	3
22	23086	3
22	23087	3
22	23088	3
22	23089	3
22	23090	3
22	23091	3
22	23092	3
22	23093	3
22	23094	3
22	23095	3
22	23096	3
22	23097	3
22	23098	4
22	23099	4
22	23100	4
22	23101	4
22	23102	4
22	23103	4
22	23104	4
22	23105	4
22	23106	4
22	23107	4
22	23108	4
22	23109	4
22	23110	4
22	23111	4
22	23112	4
22	23113	4
22	23114	4
22	23115	4
22	23116	4
22	23117	4
22	23118	4
22	23119	4
22	23120	4
22	23121	3
22	23122	3
22	23123	3
22	23124	3
22	23125	3
22	23126	3
22	23127	3
22	23128	3
22	23129	3
22	23130	3
22	23131	3
22	23132	3
22	23133	2
22	23134	2
22	23135	2
22	23136	2
22	23137	2
22	23138	2
22	23139	2
22	23140	2
22	23141	2
22	23142	2
22	23143	2
22	23144	2
22	23145	2
22	23146	2
22	23147	2
22	23148	2
22	23149	2
22	23150	2
22	23151	2
22	23152	2
22	23153	2
22	23154	2
22	23155	1
22	23156	1
22	23157	2
22	23158	2
22	23159	2
22	23160	2
22	23161	2
22	23162	2
22	23163	2
22	23164	2
22	23165	2
22	23166	2
22	23167	2
22	23168	2
22	23169	2
22	23170	2
22	23171	2
22	23172	2
22	23173	2
22	23174	2
22	23175	2
22	23176	2
22	23177	2
22	23178	2
22	23179	2
22	23180	2
22	23181	2
22	23182	2
22	23183	3
22	23184	3
22	23185	3
22	23186	3
22	23187	3
22	23188	3
22	23189	3
22	23190	3
22	23191	3
22	23192	3
22	23193	3
22	23194	3
22	23195	3
22	23196	3
22	23197	3
22	23198	3
22	23199	4
22	23200	4
22	23201	4
22	23202	4
22	23203	4
22	23204	4
22	23205	4
22	23206	4
22	23207	5
22	23208	5
22	23209	5
22	23210	5
22	23211	4
22	23212	4
22	23213	4
22	23214	4
22	23215	4
22	23216	4
22	23217	4
22	23218	4
22	23219	4
22	23220	4
22	23221	4
22	23222	3
22	23223	4
22	23224	4
22	23225	4
22	23226	4
22	23227	4
22	23228	4
22	23229	4
22	23230	4
22	23231	4
22	23232	4
22	23233	4
22	23234	4
22	23235	4
22	23236	4
22	23237	4
22	23238	4
22	23239	4
22	23240	4
22	23241	4
22	23242	4
22	23243	4
22	23244	4
22	23245	3
22	23246	3
22	23247	1
22	23248	1
22	23249	1
22	23250	1
22	23251	1
22	23252	1
22	23253	2
22	23254	2
22	23255	2
22	23256	2
22	23257	2
22	23258	2
22	23259	2
22	23260	2
22	23261	2
22	23262	2
22	23263	2
22	23264	2
22	23265	2
22	23266	2
22	23267	2
22	23268	2
22	23269	2
22	23270	2
22	23271	2
22	23272	2
22	23273	2
22	23274	2
22	23275	2
22	23276	2
22	23277	2
22	23278	2
22	23279	2
22	23280	1
22	23281	1
22	23282	1
22	23283	1
22	23284	1
22	23285	1
22	23286	1
22	23287	1
22	23288	1
22	23289	1
22	23290	1
22	23291	1
22	23292	1
22	23293	1
22	23294	1
22	23295	1
22	23296	1
22	23297	1
22	23298	1
22	23299	1
22	23300	1
22	23301	1
22	23302	1
22	23303	1
22	23304	1
22	23305	1
22	23306	1
22	23307	1
22	23308	1
22	23309	1
22	23310	1
22	23311	1
22	23312	1
22	23313	1
22	23314	1
22	23315	1
22	23316	2
22	23317	2
22	23318	2
22	23319	2
22	23320	2
22	23321	2
22	23322	1
22	23323	1
22	23324	1
22	23325	1
22	23326	1
22	23327	1
22	23328	1
22	23329	1
22	23330	1
22	23331	1
22	23332	1
22	23333	2
22	23334	2
22	23335	2
22	23336	1
22	23337	1
22	23338	1
22	23339	1
22	23340	1
22	23341	1
22	23342	1
22	23343	1
22	23344	1
22	23345	1
22	23346	1
22	23347	2
22	23348	2
22	23349	2
22	23350	2
22	23351	2
22	23352	2
22	23353	2
22	23354	2
22	23355	2
22	23356	2
22	23357	3
22	23358	3
22	23359	3
22	23360	3
22	23361	3
22	23362	3
22	23363	3
22	23364	3
22	23365	3
22	23366	3
22	23367	3
22	23368	3
22	23369	3
22	23370	3
22	23371	3
22	23372	3
22	23373	3
22	23374	3
22	23375	3
22	23376	3
22	23377	3
22	23378	3
22	23379	3
22	23380	3
22	23381	3
22	23382	3
22	23383	2
22	23384	2
22	23385	2
22	23386	2
22	23387	2
22	23388	2
22	23389	2
22	23390	2
22	23391	2
22	23392	2
22	23393	2
22	23394	2
22	23395	2
22	23396	2
22	23397	2
22	23398	2
22	23399	2
22	23400	2
22	23401	2
22	23402	2
22	23403	2
22	23404	2
22	23405	2
22	23406	2
22	23407	2
22	23408	2
22	23409	2
22	23410	2
22	23411	2
22	23412	2
22	23413	1
22	23414	1
22	23415	1
22	23416	1
22	23417	1
22	23418	1
22	23441	1
22	23442	1
22	23443	1
22	23444	1
22	23445	1
22	23446	1
22	23447	1
22	23448	1
22	23449	1
22	23450	1
22	23451	1
22	23452	1
22	23453	1
22	23454	1
22	23455	2
22	23456	2
22	23457	2
22	23458	2
22	23459	2
22	23460	2
22	23461	2
22	23462	2
22	23463	2
22	23464	2
22	23465	2
22	23466	2
22	23467	2
22	23468	2
22	23469	2
22	23470	2
22	23471	2
22	23472	2
22	23473	1
22	23474	1
22	23475	1
22	23476	1
22	23477	1
22	23483	2
22	23484	2
22	23485	2
22	23486	2
22	23487	2
22	23488	2
22	23489	2
22	23490	2
22	23491	2
22	23492	2
22	23493	2
22	23494	2
22	23495	2
22	23496	2
22	23497	2
22	23498	2
22	23499	2
22	23500	2
22	23501	2
22	23502	1
22	23503	1
22	23504	1
22	23505	1
22	23506	1
22	23507	1
22	23508	1
22	23509	1
22	23510	1
22	23511	1
22	23512	1
22	23513	1
22	23514	1
22	23515	1
22	23516	1
22	23517	1
22	23518	1
22	23519	1
22	23520	1
22	23521	1
22	23522	1
22	23523	2
22	23524	2
22	23525	2
22	23526	2
22	23527	2
22	23528	2
22	23529	1
22	23530	1
22	23531	1
22	23532	1
22	23533	1
22	23534	1
22	23535	1
22	23536	1
22	23537	1
22	23538	1
22	23539	2
22	23540	2
22	23541	2
22	23542	2
22	23543	2
22	23544	2
22	23545	2
22	23546	2
22	23547	2
22	23548	3
22	23549	3
22	23550	3
22	23551	3
22	23552	3
22	23553	3
22	23554	3
22	23555	3
22	23556	3
22	23557	2
22	23558	2
22	23559	2
22	23560	2
22	23561	2
22	23562	2
22	23563	2
22	23564	2
22	23565	2
22	23566	2
22	23567	2
22	23568	2
22	23569	2
22	23570	2
22	23571	2
22	23572	2
22	23573	2
22	23574	2
22	23575	2
22	23576	2
22	23577	2
22	23578	2
22	23579	2
22	23580	2
22	23581	2
22	23582	2
22	23583	2
22	23584	2
22	23585	2
22	23586	2
22	23587	2
22	23588	2
22	23589	2
22	23590	2
22	23591	2
22	23592	2
22	23593	2
22	23594	2
22	23595	2
22	23596	2
22	23597	2
22	23598	2
22	23599	2
22	23600	2
22	23601	2
22	23602	2
22	23603	2
22	23604	2
22	23605	2
22	23606	2
22	23607	2
22	23608	2
22	23609	3
22	23610	3
22	23611	3
22	23612	3
22	23613	3
22	23614	3
22	23615	3
22	23616	2
22	23617	2
22	23618	2
22	23619	2
22	23620	2
22	23621	2
22	23622	2
22	23623	2
22	23624	2
22	23625	2
22	23626	1
22	23627	1
22	23628	1
22	23629	1
22	23630	1
22	23631	1
22	23632	1
22	23633	1
22	23634	1
22	23635	1
22	23636	1
22	23637	1
22	23638	1
22	23696	1
22	23697	1
22	23698	1
22	23699	1
22	23700	1
22	23701	1
22	23702	1
22	23703	1
22	23704	1
22	23705	1
22	23706	1
22	23707	1
22	23708	1
22	23709	1
22	23710	1
22	23711	1
22	23712	2
22	23713	2
22	23714	2
22	23715	1
22	23716	2
22	23717	2
22	23718	2
22	23719	2
22	23720	2
22	23721	2
22	23722	2
22	23723	2
22	23724	2
22	23725	2
22	23726	2
22	23727	2
22	23728	2
22	23729	3
22	23730	3
22	23731	2
22	23732	2
22	23733	2
22	23734	2
22	23735	2
22	23736	2
22	23737	2
22	23738	2
22	23739	2
22	23740	2
22	23741	2
22	23742	2
22	23743	2
22	23744	3
22	23745	3
22	23746	3
22	23747	3
22	23748	4
22	23749	4
22	23750	4
22	23751	4
22	23752	4
22	23753	4
22	23754	4
22	23755	4
22	23756	3
22	23757	3
22	23758	3
22	23759	3
22	23760	3
22	23761	3
22	23762	3
22	23763	3
22	23764	3
22	23765	3
22	23766	3
22	23767	3
22	23768	3
22	23769	3
22	23770	3
22	23771	3
22	23772	3
22	23773	3
22	23774	3
22	23775	3
22	23776	3
22	23777	3
22	23778	3
22	23779	3
22	23780	2
22	23781	2
22	23782	2
22	23783	2
22	23784	2
22	23785	2
22	23786	2
22	23787	2
22	23788	2
22	23789	2
22	23790	2
22	23791	2
22	23792	2
22	23793	2
22	23794	1
22	23795	1
22	23796	1
22	23797	1
22	23798	1
22	23799	1
22	23800	1
22	23801	1
22	23802	1
22	23803	2
22	23804	2
22	23805	2
22	23806	2
22	23807	2
22	23808	2
22	23809	2
22	23810	2
22	23811	2
22	23812	2
22	23813	2
22	23814	2
22	23815	2
22	23816	2
22	23817	2
22	23818	2
22	23819	2
22	23820	2
22	23821	2
22	23822	2
22	23823	2
22	23824	2
22	23825	2
22	23826	2
22	23827	2
22	23828	2
22	23829	2
22	23830	2
22	23831	2
22	23832	2
22	23833	2
22	23834	2
22	23835	2
22	23836	2
22	23837	3
22	23838	3
22	23839	3
22	23840	3
22	23841	3
22	23842	3
22	23843	3
22	23844	3
22	23845	3
22	23846	3
22	23847	3
22	23848	3
22	23849	3
22	23850	3
22	23851	3
22	23852	3
22	23853	3
22	23854	3
22	23855	2
22	23856	2
22	23857	2
22	23858	1
22	23859	1
22	23860	1
22	23861	1
22	23862	1
22	23863	1
22	23864	1
22	23865	1
22	23866	1
22	23867	1
22	23868	1
22	23869	1
22	23870	1
22	23871	1
22	23872	1
22	23873	1
22	23874	2
22	23875	2
22	23876	2
22	23877	2
22	23878	2
22	23879	2
22	23880	2
22	23881	2
22	23882	2
22	23883	1
22	23884	1
22	23885	1
22	23886	1
22	23887	1
22	23888	1
22	23889	1
22	23890	1
22	23891	1
22	23892	1
22	23893	1
22	23894	1
22	23895	1
22	23896	1
22	23897	1
22	23898	1
22	23899	1
22	23900	1
22	23901	1
22	23902	1
22	23903	1
22	23904	1
22	23905	1
22	23906	1
22	23907	1
22	23908	1
22	23909	2
22	23910	2
22	23911	2
22	23912	2
22	23913	2
22	23914	3
22	23915	3
22	23916	3
22	23917	3
22	23918	3
22	23919	3
22	23920	3
22	23921	3
22	23922	3
22	23923	3
22	23924	3
22	23925	3
22	23926	3
22	23927	3
22	23928	3
22	23929	3
22	23930	3
22	23931	3
22	23932	3
22	23933	3
22	23934	3
22	23935	3
22	23936	3
22	23937	2
22	23938	2
22	23939	2
22	23940	2
22	23941	2
22	23942	3
22	23943	3
22	23944	3
22	23945	3
22	23946	4
22	23947	4
22	23948	4
22	23949	4
22	23950	4
22	23951	4
22	23952	4
22	23953	4
22	23954	4
22	23955	4
22	23956	4
22	23957	4
22	23958	4
22	23959	4
22	23960	4
22	23961	4
22	23962	3
22	23963	3
22	23964	3
22	23965	3
22	23966	3
22	23967	2
22	23968	2
22	23969	2
22	23970	2
22	23971	2
22	23972	2
22	23973	2
22	23974	3
22	23975	3
22	23976	3
22	23977	3
22	23978	3
22	23979	3
22	23980	3
22	23981	3
22	23982	3
22	23983	3
22	23984	3
22	23985	3
22	23986	3
22	23987	3
22	23988	3
22	23989	2
22	23990	2
22	23991	2
22	23992	2
22	23993	3
22	23994	3
22	23995	3
22	23996	3
22	23997	3
22	23998	3
22	23999	3
22	24000	3
22	24001	2
22	24002	2
22	24003	2
22	24004	1
22	24005	1
22	24006	1
22	24007	1
22	24008	3
22	24009	3
22	24010	3
22	24011	3
22	24012	3
22	24013	3
22	24014	3
22	24015	3
22	24016	3
22	24017	3
22	24018	3
22	24019	3
22	24020	3
22	24021	2
22	24022	2
22	24023	2
22	24024	2
22	24025	2
22	24026	2
22	24027	2
22	24028	2
22	24029	2
22	24030	2
22	24031	2
22	24032	2
22	24033	2
22	24034	2
22	24035	2
22	24036	3
22	24037	3
22	24038	3
22	24039	3
22	24040	3
22	24041	3
22	24042	3
22	24043	3
22	24044	3
22	24045	3
22	24046	3
22	24047	3
22	24048	3
22	24049	3
22	24050	3
22	24051	3
22	24052	3
22	24053	2
22	24054	2
22	24055	2
22	24056	2
22	24057	2
22	24058	2
22	24059	2
22	24060	3
22	24061	2
22	24062	2
22	24063	2
22	24064	2
22	24065	3
22	24066	3
22	24067	3
22	24068	3
22	24069	3
22	24070	3
22	24071	3
22	24072	3
22	24073	3
22	24074	3
22	24075	3
22	24076	3
22	24077	3
22	24078	4
22	24079	4
22	24080	4
22	24081	5
22	24082	6
22	24083	6
22	24084	6
22	24085	6
22	24086	6
22	24087	6
22	24088	6
22	24089	6
22	24090	6
22	24091	6
22	24092	6
22	24093	6
22	24094	6
22	24095	6
22	24096	5
22	24097	6
22	24098	5
22	24099	5
22	24100	5
22	24101	5
22	24102	5
22	24103	5
22	24104	5
22	24105	5
22	24106	6
22	24107	5
22	24108	5
22	24109	5
22	24110	5
22	24111	5
22	24112	5
22	24113	5
22	24114	5
22	24115	5
22	24116	5
22	24117	4
22	24118	4
22	24119	4
22	24120	4
22	24121	4
22	24122	4
22	24123	4
22	24124	4
22	24125	4
22	24126	4
22	24127	4
22	24128	4
22	24129	4
22	24130	4
22	24131	4
22	24132	4
22	24133	4
22	24134	4
22	24135	4
22	24136	4
22	24137	4
22	24138	4
22	24139	4
22	24140	4
22	24141	4
22	24142	4
22	24143	4
22	24144	4
22	24145	4
22	24146	4
22	24147	4
22	24148	4
22	24149	4
22	24150	4
22	24151	4
22	24152	4
22	24153	4
22	24154	3
22	24155	3
22	24156	3
22	24157	3
22	24158	3
22	24159	3
22	24160	3
22	24161	4
22	24162	4
22	24163	4
22	24164	4
22	24165	4
22	24166	4
22	24167	4
22	24168	4
22	24169	4
22	24170	4
22	24171	4
22	24172	4
22	24173	4
22	24174	4
22	24175	4
22	24176	4
22	24177	4
22	24178	4
22	24179	4
22	24180	4
22	24181	4
22	24182	4
22	24183	4
22	24184	3
22	24185	3
22	24186	3
22	24187	3
22	24188	3
22	24189	3
22	24190	3
22	24191	4
22	24192	4
22	24193	3
22	24194	3
22	24195	3
22	24196	3
22	24197	3
22	24198	3
22	24199	3
22	24200	3
22	24201	3
22	24202	2
22	24203	2
22	24204	2
22	24205	2
22	24206	2
22	24207	2
22	24208	2
22	24209	2
22	24210	2
22	24211	2
22	24212	2
22	24213	2
22	24214	2
22	24215	2
22	24216	3
22	24217	3
22	24218	3
22	24219	3
22	24220	3
22	24221	2
22	24222	2
22	24223	2
22	24224	2
22	24225	2
22	24226	2
22	24227	2
22	24228	2
22	24229	2
22	24230	2
22	24231	2
22	24232	2
22	24233	2
22	24234	2
22	24235	3
22	24236	3
22	24237	3
22	24238	3
22	24239	3
22	24240	3
22	24241	3
22	24242	3
22	24243	3
22	24244	3
22	24245	3
22	24246	2
22	24247	2
22	24248	2
22	24249	2
22	24250	2
22	24251	2
22	24252	2
22	24253	1
22	24254	1
22	24255	1
22	24256	1
22	24257	1
22	24299	1
22	24300	1
22	24301	1
22	24302	1
22	24303	1
22	24304	1
22	24305	1
22	24306	1
22	24307	1
22	24308	1
22	24309	1
22	24310	1
22	24311	1
22	24312	1
22	24313	1
22	24314	2
22	24315	2
22	24316	2
22	24317	2
22	24318	2
22	24319	2
22	24320	2
22	24321	3
22	24322	3
22	24323	4
22	24324	4
22	24325	4
22	24326	4
22	24327	4
22	24328	4
22	24329	4
22	24330	4
22	24331	4
22	24332	4
22	24333	4
22	24334	4
22	24335	4
22	24336	4
22	24337	5
22	24338	5
22	24339	5
22	24340	5
22	24341	5
22	24342	5
22	24343	5
22	24344	4
22	24345	6
22	24346	6
22	24347	6
22	24348	6
22	24349	7
22	24350	7
22	24351	7
22	24352	7
22	24353	7
22	24354	7
22	24355	7
22	24356	6
22	24357	6
22	24358	5
22	24359	5
22	24360	5
22	24361	4
22	24362	4
22	24363	4
22	24364	4
22	24365	4
22	24366	4
22	24367	4
22	24368	4
22	24369	4
22	24370	4
22	24371	3
22	24372	3
22	24373	3
22	24374	3
22	24375	3
22	24376	3
22	24377	3
22	24378	3
22	24379	3
22	24380	3
22	24381	3
22	24382	3
22	24383	3
22	24384	3
22	24385	3
22	24386	3
22	24387	3
22	24388	3
22	24389	3
22	24390	3
22	24391	2
22	24392	1
22	24393	1
22	24394	1
22	24395	1
22	24396	1
22	24397	1
22	24398	1
22	24399	1
22	24400	1
22	24401	1
22	24402	1
22	24403	1
22	24404	1
22	24405	1
22	24406	1
22	24407	1
22	24408	1
22	24409	1
22	24410	1
22	24411	1
22	24412	1
22	24413	2
22	24414	2
22	24415	2
22	24416	2
22	24417	2
22	24418	2
22	24419	2
22	24420	1
22	24421	1
22	24422	1
22	24423	1
22	24424	1
22	24425	1
22	24426	1
22	24427	1
22	24428	1
22	24429	1
22	24430	1
22	24431	1
22	24432	1
22	24433	1
22	24497	1
22	24498	1
22	24499	1
22	24500	1
22	24501	2
22	24502	2
22	24503	2
22	24504	2
22	24505	2
22	24506	2
22	24507	2
22	24508	2
22	24509	2
22	24510	2
22	24511	2
22	24512	2
22	24513	2
22	24514	2
22	24515	2
22	24516	2
22	24517	2
22	24518	2
22	24519	2
22	24520	2
22	24521	2
22	24522	3
22	24523	3
22	24524	3
22	24525	3
22	24526	3
22	24527	3
22	24528	3
22	24529	3
22	24530	3
22	24531	3
22	24532	3
22	24533	3
22	24534	3
22	24535	3
22	24536	3
22	24537	3
22	24538	4
22	24539	4
22	24540	4
22	24541	4
22	24542	4
22	24543	4
22	24544	4
22	24545	4
22	24546	4
22	24547	4
22	24548	4
22	24549	4
22	24550	4
22	24551	5
22	24552	5
22	24553	5
22	24554	5
22	24555	5
22	24556	5
22	24557	5
22	24558	5
22	24559	5
22	24560	5
22	24561	5
22	24562	5
22	24563	5
22	24564	5
22	24565	5
22	24566	5
22	24567	5
22	24568	5
22	24569	5
22	24570	5
22	24571	5
22	24572	5
22	24573	5
22	24574	5
22	24575	5
22	24576	4
22	24577	4
22	24578	4
22	24579	3
22	24580	3
22	24581	3
22	24582	3
22	24583	3
22	24584	3
22	24585	3
22	24586	3
22	24587	3
22	24588	3
22	24589	3
22	24590	3
22	24591	3
22	24592	2
22	24593	2
22	24594	2
22	24595	2
22	24596	2
22	24597	2
22	24598	2
22	24599	2
22	24600	2
22	24601	2
22	24602	2
22	24603	2
22	24604	2
22	24605	2
22	24606	2
22	24607	2
22	24608	2
22	24609	2
22	24610	2
22	24611	2
22	24612	2
22	24613	2
22	24614	2
22	24615	2
22	24616	2
22	24617	1
22	24618	1
22	24619	1
22	24620	1
22	24621	1
22	24622	1
22	24623	1
22	24624	1
22	24625	1
22	24626	1
22	24627	1
22	24628	1
22	24629	1
22	24630	1
22	24631	1
22	24632	1
22	24633	2
22	24634	2
22	24635	2
22	24636	2
22	24637	2
22	24638	2
22	24639	2
22	24640	2
22	24641	2
22	24642	2
22	24643	2
22	24644	2
22	24645	2
22	24646	2
22	24647	1
22	24648	1
22	24649	1
22	24650	1
22	24651	1
22	24652	1
22	24653	1
22	24654	2
22	24655	2
22	24656	2
22	24657	2
22	24658	2
22	24659	2
22	24660	2
22	24661	2
22	24662	2
22	24663	2
22	24664	2
22	24665	3
22	24666	3
22	24667	3
22	24668	3
22	24669	3
22	24670	3
22	24671	3
22	24672	3
22	24673	3
22	24674	3
22	24675	3
22	24676	3
22	24677	3
22	24678	3
22	24679	3
22	24680	3
22	24681	3
22	24682	3
22	24683	3
22	24684	3
22	24685	3
22	24686	3
22	24687	3
22	24688	3
22	24689	3
22	24690	2
22	24691	2
22	24692	3
22	24693	3
22	24694	3
22	24695	3
22	24696	3
22	24697	3
22	24698	3
22	24699	3
22	24700	3
22	24701	3
22	24702	3
22	24703	3
22	24704	4
22	24705	4
22	24706	4
22	24707	5
22	24708	5
22	24709	5
22	24710	5
22	24711	5
22	24712	5
22	24713	5
22	24714	5
22	24715	4
22	24716	4
22	24717	4
22	24718	4
22	24719	5
22	24720	5
22	24721	5
22	24722	5
22	24723	5
22	24724	5
22	24725	5
22	24726	5
22	24727	5
22	24728	4
22	24729	4
22	24730	4
22	24731	5
22	24732	5
22	24733	5
22	24734	5
22	24735	5
22	24736	5
22	24737	5
22	24738	5
22	24739	5
22	24740	5
22	24741	5
22	24742	5
22	24743	5
22	24744	6
22	24745	6
22	24746	6
22	24747	6
22	24748	5
22	24749	5
22	24750	5
22	24751	5
22	24752	5
22	24753	5
22	24754	5
22	24755	5
22	24756	5
22	24757	5
22	24758	5
22	24759	5
22	24760	5
22	24761	5
22	24762	5
22	24763	5
22	24764	5
22	24765	5
22	24766	5
22	24767	5
22	24768	5
22	24769	4
22	24770	5
22	24771	4
22	24772	4
22	24773	4
22	24774	4
22	24775	4
22	24776	4
22	24777	4
22	24778	4
22	24779	4
22	24780	4
22	24781	4
22	24782	4
22	24783	4
22	24784	5
22	24785	5
22	24786	5
22	24787	4
22	24788	5
22	24789	5
22	24790	5
22	24791	5
22	24792	4
22	24793	5
22	24794	5
22	24795	5
22	24796	4
22	24797	4
22	24798	4
22	24799	3
22	24800	3
22	24801	3
22	24802	3
22	24803	2
22	24804	2
22	24805	2
22	24806	2
22	24807	2
22	24808	2
22	24809	2
22	24810	2
22	24811	2
22	24812	2
22	24813	2
22	24814	2
22	24815	2
22	24816	2
22	24817	2
22	24818	2
22	24819	2
22	24820	3
22	24821	3
22	24822	3
22	24823	3
22	24824	3
22	24825	4
22	24826	4
22	24827	4
22	24828	4
22	24829	4
22	24830	4
22	24831	4
22	24832	4
22	24833	4
22	24834	4
22	24835	4
22	24836	4
22	24837	4
22	24838	4
22	24839	4
22	24840	4
22	24841	4
22	24842	4
22	24843	4
22	24844	4
22	24845	4
22	24846	4
22	24847	4
22	24848	4
22	24849	4
22	24850	5
22	24851	5
22	24852	5
22	24853	5
22	24854	5
22	24855	5
22	24856	5
22	24857	5
22	24858	4
22	24859	4
22	24860	3
22	24861	3
22	24862	3
22	24863	3
22	24864	3
22	24865	3
22	24866	2
22	24867	3
22	24868	3
22	24869	3
22	24870	3
22	24871	3
22	24872	3
22	24873	3
22	24874	3
22	24875	3
22	24876	3
22	24877	3
22	24878	3
22	24879	3
22	24880	3
22	24881	3
22	24882	3
22	24883	3
22	24884	3
22	24885	3
22	24886	3
22	24887	3
22	24888	2
22	24889	2
22	24890	2
22	24891	2
22	24892	2
22	24893	2
22	24894	2
22	24895	2
22	24896	2
22	24897	2
22	24898	2
22	24899	2
22	24900	2
22	24901	2
22	24902	2
22	24903	2
22	24904	1
22	24905	1
22	24906	1
22	24907	1
22	24908	1
22	24909	1
22	24910	1
22	24911	1
22	24912	1
22	24913	1
22	24914	1
22	24915	1
22	24916	1
22	24917	1
22	24918	1
22	24919	1
22	24920	1
22	24921	2
22	24922	2
22	24923	2
22	24924	2
22	24925	2
22	24926	2
22	24927	2
22	24928	2
22	24929	2
22	24930	1
22	24931	1
22	24932	2
22	24933	2
22	24934	2
22	24935	2
22	24936	2
22	24937	2
22	24938	2
22	24939	2
22	24940	2
22	24941	2
22	24942	2
22	24943	2
22	24944	3
22	24945	3
22	24946	3
22	24947	3
22	24948	3
22	24949	3
22	24950	3
22	24951	2
22	24952	2
22	24953	2
22	24954	2
22	24955	2
22	24956	2
22	24957	2
22	24958	2
22	24959	2
22	24960	2
22	24961	2
22	24962	2
22	24963	2
22	24964	2
22	24965	2
22	24966	3
22	24967	3
22	24968	3
22	24969	3
22	24970	3
22	24971	3
22	24972	3
22	24973	3
22	24974	3
22	24975	3
22	24976	3
22	24977	3
22	24978	3
22	24979	3
22	24980	3
22	24981	3
22	24982	3
22	24983	3
22	24984	3
22	24985	3
22	24986	3
22	24987	3
22	24988	3
22	24989	3
22	24990	3
22	24991	4
22	24992	5
22	24993	5
22	24994	5
22	24995	5
22	24996	5
22	24997	5
22	24998	5
22	24999	5
22	25000	5
22	25001	5
22	25002	5
22	25003	5
22	25004	5
22	25005	5
22	25006	5
22	25007	5
22	25008	5
22	25009	5
22	25010	5
22	25011	6
22	25012	6
22	25013	6
22	25014	6
22	25015	6
22	25016	6
22	25017	6
22	25018	6
22	25019	6
22	25020	6
22	25021	6
22	25022	6
22	25023	6
22	25024	6
22	25025	4
22	25026	4
22	25027	4
22	25028	4
22	25029	4
22	25030	4
22	25031	4
22	25032	4
22	25033	4
22	25034	4
22	25035	4
22	25036	4
22	25037	4
22	25038	4
22	25039	3
22	25040	3
22	25041	4
22	25042	4
22	25043	4
22	25044	4
22	25045	4
22	25046	4
22	25047	4
22	25048	4
22	25049	3
22	25050	3
22	25051	3
22	25052	3
22	25053	3
22	25054	2
22	25055	2
22	25056	2
22	25057	2
22	25058	2
22	25059	2
22	25060	2
22	25061	2
22	25062	2
22	25063	2
22	25064	2
22	25065	2
22	25066	2
22	25067	2
22	25068	2
22	25069	1
22	25070	1
22	25071	1
22	25072	1
22	25073	1
22	25074	1
22	25075	1
22	25076	1
22	25077	1
22	25078	1
22	25079	1
22	25080	1
22	25081	1
22	25082	1
22	25083	1
22	25084	1
22	25085	1
22	25086	1
22	25122	1
22	25123	1
22	25124	1
22	25125	1
22	25126	1
22	25127	1
22	25128	1
22	25129	2
22	25130	2
22	25131	2
22	25132	2
22	25133	2
22	25134	2
22	25135	2
22	25136	2
22	25137	2
22	25138	2
22	25139	2
22	25140	2
22	25141	2
22	25142	2
22	25143	2
22	25144	2
22	25145	2
22	25146	2
22	25147	2
22	25148	2
22	25149	2
22	25150	2
22	25151	2
22	25152	2
22	25153	2
22	25154	2
22	25155	2
22	25156	2
22	25157	2
22	25158	2
22	25159	2
22	25160	2
22	25161	2
22	25162	2
22	25163	2
22	25164	2
22	25165	2
22	25166	2
22	25167	2
22	25168	2
22	25169	1
22	25170	1
22	25171	1
22	25172	1
22	25173	1
22	25174	1
22	25175	1
22	25176	1
22	25177	1
22	25178	1
22	25179	1
22	25180	1
22	25181	1
22	25182	1
22	25183	1
22	25184	1
22	25185	1
22	25186	1
22	25187	1
22	25188	1
22	25189	1
22	25190	1
22	25191	1
22	25192	1
22	25193	1
22	25198	1
22	25199	1
22	25200	1
22	25201	1
22	25202	1
22	25203	1
22	25204	1
22	25205	1
22	25206	2
22	25207	2
22	25208	2
22	25209	2
22	25210	2
22	25211	2
22	25212	2
22	25213	2
22	25214	2
22	25215	2
22	25216	2
22	25217	3
22	25218	3
22	25219	3
22	25220	3
22	25221	3
22	25222	3
22	25223	3
22	25224	3
22	25225	3
22	25226	3
22	25227	3
22	25228	3
22	25229	3
22	25230	3
22	25231	4
22	25232	4
22	25233	4
22	25234	6
22	25235	6
22	25236	6
22	25237	6
22	25238	6
22	25239	6
22	25240	7
22	25241	7
22	25242	7
22	25243	7
22	25244	6
22	25245	6
22	25246	6
22	25247	6
22	25248	6
22	25249	6
22	25250	6
22	25251	6
22	25252	6
22	25253	6
22	25254	6
22	25255	6
22	25256	5
22	25257	5
22	25258	6
22	25259	6
22	25260	6
22	25261	6
22	25262	6
22	25263	5
22	25264	5
22	25265	5
22	25266	5
22	25267	5
22	25268	5
22	25269	5
22	25270	4
22	25271	4
22	25272	3
22	25273	3
22	25274	3
22	25275	3
22	25276	3
22	25277	3
22	25278	3
22	25279	3
22	25280	3
22	25281	3
22	25282	3
22	25283	2
22	25284	2
22	25285	2
22	25286	2
22	25287	2
22	25288	2
22	25289	2
22	25290	2
22	25291	2
22	25292	2
22	25293	2
22	25294	2
22	25295	2
22	25296	2
22	25297	2
22	25298	2
22	25299	2
22	25300	2
22	25301	2
22	25302	2
22	25303	2
22	25304	2
22	25305	2
22	25306	2
22	25307	2
22	25308	2
22	25309	2
22	25310	2
22	25311	2
22	25312	2
22	25313	2
22	25314	2
22	25315	1
22	25356	1
22	25357	1
22	25358	1
22	25359	1
22	25360	1
22	25361	1
22	25362	1
22	25363	1
22	25364	1
22	25365	1
22	25366	1
22	25367	1
22	25368	1
22	25369	1
22	25370	1
22	25371	1
22	25372	1
22	25373	1
22	25388	1
22	25389	1
22	25390	1
22	25391	1
22	25392	1
22	25393	1
22	25394	1
22	25395	1
22	25396	1
22	25397	1
22	25398	1
22	25399	1
22	25400	2
22	25401	2
22	25402	2
22	25403	2
22	25404	2
22	25405	2
22	25406	2
22	25407	2
22	25408	2
22	25409	2
22	25410	2
22	25411	2
22	25412	2
22	25413	2
22	25414	2
22	25415	2
22	25416	2
22	25417	2
22	25418	2
22	25419	2
22	25420	2
22	25421	3
22	25422	3
22	25423	3
22	25424	3
22	25425	3
22	25426	3
22	25427	3
22	25428	3
22	25429	2
22	25430	2
22	25431	2
22	25432	2
22	25433	3
22	25434	3
22	25435	3
22	25436	3
22	25437	3
22	25438	3
22	25439	3
22	25440	3
22	25441	3
22	25442	4
22	25443	4
22	25444	4
22	25445	4
22	25446	4
22	25447	3
22	25448	3
22	25449	3
22	25450	3
22	25451	3
22	25452	3
22	25453	3
22	25454	3
22	25455	3
22	25456	3
22	25457	3
22	25458	3
22	25459	3
22	25460	3
22	25461	3
22	25462	3
22	25463	3
22	25464	3
22	25465	3
22	25466	3
22	25467	3
22	25468	3
22	25469	3
22	25470	3
22	25471	3
22	25472	3
22	25473	3
22	25474	3
22	25475	3
22	25476	3
22	25477	3
22	25478	3
22	25479	3
22	25480	3
22	25481	3
22	25482	3
22	25483	3
22	25484	3
22	25485	3
22	25486	3
22	25487	3
22	25488	3
22	25489	3
22	25490	3
22	25491	4
22	25492	4
22	25493	4
22	25494	5
22	25495	5
22	25496	4
22	25497	4
22	25498	4
22	25499	4
22	25500	4
22	25501	4
22	25502	4
22	25503	4
22	25504	4
22	25505	4
22	25506	4
22	25507	4
22	25508	4
22	25509	4
22	25510	4
22	25511	4
22	25512	4
22	25513	4
22	25514	4
22	25515	4
22	25516	4
22	25517	3
22	25518	3
22	25519	3
22	25520	3
22	25521	3
22	25522	3
22	25523	3
22	25524	3
22	25525	3
22	25526	4
22	25527	4
22	25528	4
22	25529	4
22	25530	4
22	25531	4
22	25532	4
22	25533	4
22	25534	4
22	25535	3
22	25536	3
22	25537	3
22	25538	3
22	25539	3
22	25540	4
22	25541	3
22	25542	3
22	25543	3
22	25544	3
22	25545	4
22	25546	4
22	25547	4
22	25548	4
22	25549	4
22	25550	4
22	25551	4
22	25552	4
22	25553	4
22	25554	4
22	25555	4
22	25556	4
22	25557	4
22	25558	4
22	25559	4
22	25560	4
22	25561	4
22	25562	4
22	25563	4
22	25564	4
22	25565	4
22	25566	3
22	25567	3
22	25568	3
22	25569	3
22	25570	3
22	25571	3
22	25572	3
22	25573	3
22	25574	3
22	25575	3
22	25576	2
22	25577	2
22	25578	1
22	25579	1
22	25580	1
22	25581	1
22	25582	1
22	25583	1
22	25584	1
22	25585	1
22	25586	1
22	25595	1
22	25596	1
22	25597	1
22	25598	1
22	25599	1
22	25600	1
22	25601	1
22	25602	1
22	25603	1
22	25604	1
22	25605	1
22	25606	1
22	25607	1
22	25608	1
22	25609	1
22	25610	1
22	25611	1
22	25612	1
22	25613	1
22	25614	1
22	25615	1
22	25616	1
22	25617	1
22	25618	1
22	25619	1
22	25620	1
22	25621	1
22	25622	1
22	25623	1
22	25624	1
22	25625	1
22	25626	1
22	25627	1
22	25628	1
22	25629	1
22	25630	1
22	25631	1
22	25632	1
22	25633	1
22	25634	1
22	25635	1
22	25636	1
22	25637	1
22	25638	1
22	25639	1
22	25640	1
22	25641	1
22	25642	1
22	25643	1
22	25644	1
22	25645	1
22	25646	1
22	25680	1
22	25681	1
22	25682	1
22	25683	1
22	25684	1
22	25685	1
22	25686	1
22	25687	1
22	25688	1
22	25689	1
22	25690	1
22	25691	1
22	25692	1
22	25693	1
22	25694	1
22	25695	1
22	25696	1
22	25697	2
22	25698	2
22	25699	2
22	25700	2
22	25701	2
22	25702	2
22	25703	2
22	25704	2
22	25705	2
22	25706	2
22	25707	2
22	25708	2
22	25709	2
22	25710	2
22	25711	2
22	25712	2
22	25713	2
22	25714	2
22	25715	2
22	25716	2
22	25717	2
22	25718	2
22	25719	2
22	25720	2
22	25721	2
22	25722	2
22	25723	2
22	25724	2
22	25725	3
22	25726	3
22	25727	3
22	25728	3
22	25729	3
22	25730	3
22	25731	3
22	25732	3
22	25733	3
22	25734	3
22	25735	3
22	25736	4
22	25737	4
22	25738	4
22	25739	4
22	25740	4
22	25741	4
22	25742	4
22	25743	4
22	25744	4
22	25745	4
22	25746	4
22	25747	4
22	25748	3
22	25749	3
22	25750	3
22	25751	3
22	25752	3
22	25753	3
22	25754	3
22	25755	3
22	25756	3
22	25757	3
22	25758	3
22	25759	3
22	25760	3
22	25761	3
22	25762	2
22	25763	2
22	25764	2
22	25765	2
22	25766	2
22	25767	1
22	25768	1
22	25769	1
22	25770	1
22	25771	1
22	25772	1
22	25773	1
22	25774	1
22	25775	1
22	25776	1
22	25777	1
22	25778	1
22	25779	1
22	25780	1
22	25781	1
22	25782	1
22	25783	1
22	25784	1
22	25785	1
22	25786	1
22	25787	1
22	25788	1
22	25789	1
22	25790	1
22	25791	1
22	25792	1
22	25797	1
22	25798	1
22	25799	1
22	25800	1
22	25801	1
22	25802	1
22	25803	1
22	25804	1
22	25805	1
22	25806	1
22	25807	1
22	25808	1
22	25809	1
22	25810	1
22	25811	1
22	25812	1
22	25813	1
22	25814	1
22	25815	1
22	25816	1
22	25817	1
22	25818	1
22	25819	1
22	25820	1
22	25821	1
22	25822	1
22	25823	1
22	25824	1
22	25825	1
22	25826	1
22	25827	1
22	25828	1
22	25829	1
22	25830	1
22	25831	1
22	25832	1
22	25833	1
22	25839	1
22	25840	1
22	25841	1
22	25842	1
22	25843	1
22	25844	1
22	25845	1
22	25846	1
22	25847	1
22	25848	1
22	25849	1
22	25850	1
22	25851	1
22	25852	1
22	25853	1
22	25854	1
22	25855	1
22	25856	1
22	25857	1
22	25858	1
22	25859	1
22	25860	1
22	25861	1
22	25862	1
22	25863	1
22	25864	1
22	25865	1
22	25866	1
22	25867	1
22	25868	1
22	25869	1
22	25870	1
22	25871	1
22	25872	1
22	25873	1
22	25874	1
22	25875	1
22	25876	1
22	25877	1
22	25878	1
22	25897	1
22	25898	1
22	25899	1
22	25900	1
22	25901	1
22	25902	1
22	25903	1
22	25904	1
22	25905	1
22	25906	1
22	25907	1
22	25908	1
22	25909	1
22	25910	1
22	25911	1
22	25912	1
22	25913	1
22	25914	1
22	25915	1
22	25916	1
22	25917	1
22	25918	1
22	25919	1
22	25920	1
22	25921	1
22	25922	1
22	25923	1
22	25924	1
22	25925	1
22	25926	1
22	25927	1
22	25928	1
22	25929	1
22	25930	1
22	25931	1
22	25932	1
22	25933	1
22	25934	1
22	25935	1
22	25936	1
22	25937	1
22	25938	2
22	25939	2
22	25940	2
22	25941	2
22	25942	2
22	25943	2
22	25944	2
22	25945	2
22	25946	2
22	25947	2
22	25948	2
22	25949	2
22	25950	2
22	25951	2
22	25952	2
22	25953	2
22	25954	2
22	25955	2
22	25956	1
22	25957	1
22	25958	1
22	25959	1
22	25960	1
22	25961	1
22	25962	1
22	25963	1
22	25964	1
22	25965	1
22	25966	1
22	25967	1
22	25968	1
22	25969	1
22	25970	1
22	25971	1
22	25972	1
22	25973	1
22	25974	1
22	25975	1
22	25976	1
22	25977	1
22	25978	1
22	25979	1
22	25980	1
22	25981	1
22	25982	1
22	25983	1
22	25984	1
22	25985	1
22	25986	1
22	25987	1
22	25988	1
22	25989	1
22	25990	1
22	25991	1
22	26019	1
22	26020	1
22	26021	1
22	26022	1
22	26023	1
22	26024	1
22	26025	1
22	26026	1
22	26027	1
22	26028	1
22	26029	1
22	26030	1
22	26031	1
22	26032	1
22	26033	1
22	26034	1
22	26035	1
22	26036	1
22	26037	1
22	26038	1
22	26039	1
22	26040	1
22	26041	1
22	26042	1
22	26043	1
22	26044	1
22	26045	1
22	26046	1
22	26047	1
22	26048	1
22	26049	1
22	26050	1
22	26051	1
22	26052	1
22	26053	1
22	26054	1
22	26055	1
22	26056	1
22	26057	1
22	26058	1
22	26162	1
22	26163	1
22	26164	1
22	26165	1
22	26166	1
22	26167	1
22	26168	1
22	26169	1
22	26170	1
22	26171	1
22	26172	1
22	26173	1
22	26174	1
22	26175	1
22	26176	1
22	26177	1
22	26178	1
22	26179	1
22	26180	1
22	26181	1
22	26182	1
22	26183	1
22	26184	1
22	26185	1
22	26186	1
22	26187	1
22	26188	1
22	26189	1
22	26190	1
22	26191	1
22	26192	2
22	26193	2
22	26194	2
22	26195	2
22	26196	2
22	26197	2
22	26198	2
22	26199	2
22	26200	2
22	26201	2
22	26202	2
22	26203	2
22	26204	2
22	26205	2
22	26206	2
22	26207	2
22	26208	2
22	26209	2
22	26210	2
22	26211	2
22	26212	2
22	26213	2
22	26214	2
22	26215	1
22	26216	1
22	26217	1
22	26218	1
22	26219	1
22	26220	1
22	26221	1
22	26222	2
22	26223	2
22	26224	2
22	26225	3
22	26226	3
22	26227	3
22	26228	3
22	26229	3
22	26230	3
22	26231	3
22	26232	3
22	26233	3
22	26234	3
22	26235	3
22	26236	3
22	26237	3
22	26238	3
22	26239	3
22	26240	3
22	26241	3
22	26242	3
22	26243	3
22	26244	3
22	26245	3
22	26246	3
22	26247	3
22	26248	3
22	26249	3
22	26250	3
22	26251	3
22	26252	3
22	26253	3
22	26254	3
22	26255	3
22	26256	3
22	26257	2
22	26258	2
22	26259	2
22	26260	2
22	26261	2
22	26262	2
22	26263	2
22	26264	2
22	26265	2
22	26266	2
22	26267	2
22	26268	2
22	26269	2
22	26270	2
22	26271	2
22	26272	2
22	26273	2
22	26274	2
22	26275	2
22	26276	2
22	26277	2
22	26278	1
22	26279	1
22	26280	1
22	26281	1
22	26282	1
22	26283	1
22	26284	1
22	26285	1
22	26286	1
22	26287	1
22	26288	1
22	26289	1
22	26290	1
22	26291	1
22	26292	1
22	26293	1
22	26294	1
22	26295	1
22	26296	1
22	26297	1
22	26298	2
22	26299	2
22	26300	2
22	26301	2
22	26302	2
22	26303	2
22	26304	2
22	26305	2
22	26306	2
22	26307	3
22	26308	3
22	26309	3
22	26310	3
22	26311	3
22	26312	3
22	26313	3
22	26314	3
22	26315	2
22	26316	2
22	26317	3
22	26318	3
22	26319	3
22	26320	3
22	26321	3
22	26322	3
22	26323	3
22	26324	3
22	26325	3
22	26326	3
22	26327	4
22	26328	4
22	26329	4
22	26330	4
22	26331	3
22	26332	3
22	26333	3
22	26334	3
22	26335	3
22	26336	3
22	26337	4
22	26338	4
22	26339	4
22	26340	4
22	26341	3
22	26342	3
22	26343	3
22	26344	3
22	26345	3
22	26346	3
22	26347	3
22	26348	3
22	26349	2
22	26350	2
22	26351	3
22	26352	3
22	26353	2
22	26354	2
22	26355	2
22	26356	2
22	26357	2
22	26358	2
22	26359	2
22	26360	2
22	26361	2
22	26362	2
22	26363	2
22	26364	2
22	26365	2
22	26366	2
22	26367	2
22	26368	2
22	26369	2
22	26370	2
22	26371	2
22	26372	2
22	26373	2
22	26374	2
22	26375	2
22	26376	2
22	26377	2
22	26378	2
22	26379	4
22	26380	4
22	26381	4
22	26382	4
22	26383	4
22	26384	4
22	26385	4
22	26386	4
22	26387	4
22	26388	4
22	26389	4
22	26390	4
22	26391	4
22	26392	4
22	26393	4
22	26394	4
22	26395	4
22	26396	4
22	26397	4
22	26398	4
22	26399	4
22	26400	4
22	26401	4
22	26402	4
22	26403	4
22	26404	4
22	26405	3
22	26406	3
22	26407	3
22	26408	3
22	26409	3
22	26410	3
22	26411	3
22	26412	3
22	26413	3
22	26414	3
22	26415	3
22	26416	2
22	26417	2
22	26418	2
22	26419	3
22	26420	3
22	26421	3
22	26422	3
22	26423	3
22	26424	3
22	26425	3
22	26426	3
22	26427	3
22	26428	3
22	26429	3
22	26430	3
22	26431	3
22	26432	4
22	26433	4
22	26434	4
22	26435	4
22	26436	4
22	26437	4
22	26438	4
22	26439	4
22	26440	4
22	26441	4
22	26442	4
22	26443	5
22	26444	5
22	26445	5
22	26446	5
22	26447	5
22	26448	5
22	26449	5
22	26450	5
22	26451	5
22	26452	5
22	26453	5
22	26454	5
22	26455	5
22	26456	5
22	26457	4
22	26458	4
22	26459	4
22	26460	4
22	26461	4
22	26462	4
22	26463	4
22	26464	4
22	26465	4
22	26466	4
22	26467	4
22	26468	4
22	26469	4
22	26470	4
22	26471	4
22	26472	4
22	26473	4
22	26474	4
22	26475	4
22	26476	4
22	26477	4
22	26478	4
22	26479	5
22	26480	5
22	26481	5
22	26482	4
22	26483	4
22	26484	4
22	26485	4
22	26486	4
22	26487	4
22	26488	4
22	26489	4
22	26490	4
22	26491	4
22	26492	4
22	26493	4
22	26494	4
22	26495	4
22	26496	4
22	26497	3
22	26498	3
22	26499	3
22	26500	3
22	26501	3
22	26502	3
22	26503	2
22	26504	2
22	26505	2
22	26506	2
22	26507	2
22	26508	2
22	26509	2
22	26510	2
22	26511	2
22	26512	2
22	26513	2
22	26514	2
22	26515	2
22	26516	2
22	26517	2
22	26518	2
22	26519	2
22	26520	2
22	26521	2
22	26522	2
22	26523	2
22	26524	2
22	26525	2
22	26526	2
22	26527	2
22	26528	2
22	26529	2
22	26530	2
22	26531	2
22	26532	2
22	26533	2
22	26534	2
22	26535	2
22	26536	2
22	26537	2
22	26538	2
22	26539	2
22	26540	2
22	26541	2
22	26542	2
22	26543	2
22	26544	1
22	26545	1
22	26546	1
22	26547	1
22	26548	1
22	26549	1
22	26550	1
22	26551	1
22	26552	1
22	26553	1
22	26554	1
22	26555	1
22	26556	1
22	26557	1
22	26558	2
22	26559	2
22	26560	2
22	26561	2
22	26562	3
22	26563	3
22	26564	4
22	26565	4
22	26566	4
22	26567	4
22	26568	4
22	26569	4
22	26570	4
22	26571	4
22	26572	4
22	26573	4
22	26574	4
22	26575	4
22	26576	4
22	26577	4
22	26578	4
22	26579	4
22	26580	4
22	26581	4
22	26582	4
22	26583	4
22	26584	4
22	26585	5
22	26586	5
22	26587	5
22	26588	5
22	26589	5
22	26590	4
22	26591	4
22	26592	4
22	26593	4
22	26594	4
22	26595	4
22	26596	4
22	26597	4
22	26598	4
22	26599	4
22	26600	4
22	26601	4
22	26602	4
22	26603	4
22	26604	4
22	26605	4
22	26606	4
22	26607	4
22	26608	4
22	26609	5
22	26610	5
22	26611	5
22	26612	5
22	26613	5
22	26614	5
22	26615	5
22	26616	5
22	26617	5
22	26618	5
22	26619	5
22	26620	4
22	26621	4
22	26622	3
22	26623	3
22	26624	3
22	26625	3
22	26626	3
22	26627	3
22	26628	3
22	26629	3
22	26630	2
22	26631	2
22	26632	2
22	26633	2
22	26634	2
22	26635	2
22	26636	2
22	26637	2
22	26638	2
22	26639	2
22	26640	3
22	26641	3
22	26642	3
22	26643	3
22	26644	3
22	26645	3
22	26646	3
22	26647	3
22	26648	3
22	26649	3
22	26650	3
22	26651	3
22	26652	3
22	26653	2
22	26654	2
22	26655	2
22	26656	2
22	26657	2
22	26658	2
22	26659	2
22	26660	2
22	26661	2
22	26662	2
22	26663	2
22	26664	2
22	26665	2
22	26666	2
22	26667	2
22	26668	2
22	26669	2
22	26670	2
22	26671	2
22	26672	2
22	26673	2
22	26674	2
22	26675	2
22	26676	2
22	26677	2
22	26678	2
22	26679	2
22	26680	2
22	26681	1
22	26682	1
22	26683	1
22	26684	1
22	26685	2
22	26686	1
22	26687	1
22	26688	1
22	26689	1
22	26690	1
22	26691	1
22	26692	1
22	26693	1
22	26694	1
22	26695	1
22	26696	1
22	26697	1
22	26698	1
22	26699	1
22	26700	1
22	26701	1
22	26702	1
22	26703	1
22	26704	1
22	26705	1
22	26706	1
22	26707	1
22	26708	1
22	26709	1
22	26710	1
22	26711	1
22	26712	1
22	26713	1
22	26714	1
22	26715	1
22	26716	1
22	26717	1
22	26718	1
22	26719	1
22	26720	1
22	26721	1
22	26722	1
22	26723	1
22	26724	1
22	26725	1
22	26726	1
22	26727	1
22	26728	1
22	26729	1
22	26730	2
22	26731	2
22	26732	2
22	26733	2
22	26734	2
22	26735	2
22	26736	2
22	26737	2
22	26738	2
22	26739	2
22	26740	2
22	26741	2
22	26742	2
22	26743	2
22	26744	2
22	26745	3
22	26746	3
22	26747	3
22	26748	3
22	26749	3
22	26750	3
22	26751	3
22	26752	3
22	26753	3
22	26754	3
22	26755	3
22	26756	3
22	26757	2
22	26758	2
22	26759	2
22	26760	2
22	26761	2
22	26762	2
22	26763	3
22	26764	3
22	26765	3
22	26766	4
22	26767	5
22	26768	6
22	26769	6
22	26770	6
22	26771	6
22	26772	6
22	26773	6
22	26774	6
22	26775	6
22	26776	6
22	26777	6
22	26778	6
22	26779	6
22	26780	6
22	26781	6
22	26782	6
22	26783	6
22	26784	6
22	26785	6
22	26786	6
22	26787	6
22	26788	6
22	26789	6
22	26790	6
22	26791	6
22	26792	7
22	26793	6
22	26794	5
22	26795	5
22	26796	5
22	26797	5
22	26798	5
22	26799	5
22	26800	5
22	26801	4
22	26802	4
22	26803	4
22	26804	4
22	26805	4
22	26806	4
22	26807	4
22	26808	4
22	26809	4
22	26810	4
22	26811	4
22	26812	4
22	26813	4
22	26814	4
22	26815	4
22	26816	4
22	26817	4
22	26818	4
22	26819	4
22	26820	4
22	26821	4
22	26822	4
22	26823	5
22	26824	5
22	26825	5
22	26826	5
22	26827	6
22	26828	6
22	26829	6
22	26830	6
22	26831	6
22	26832	6
22	26833	6
22	26834	6
22	26835	5
22	26836	5
22	26837	4
22	26838	4
22	26839	4
22	26840	3
22	26841	3
22	26842	2
22	26843	2
22	26844	3
22	26845	3
22	26846	3
22	26847	3
22	26848	3
22	26849	3
22	26850	3
22	26851	3
22	26852	3
22	26853	3
22	26854	3
22	26855	3
22	26856	3
22	26857	3
22	26858	3
22	26859	3
22	26860	3
22	26861	3
22	26862	3
22	26863	3
22	26864	3
22	26865	4
22	26866	3
22	26867	3
22	26868	3
22	26869	3
22	26870	3
22	26871	3
22	26872	3
22	26873	3
22	26874	3
22	26875	3
22	26876	3
22	26877	3
22	26878	3
22	26879	3
22	26880	3
22	26881	3
22	26882	3
22	26883	3
22	26884	3
22	26885	3
22	26886	3
22	26887	3
22	26888	3
22	26889	3
22	26890	3
22	26891	3
22	26892	4
22	26893	4
22	26894	4
22	26895	4
22	26896	4
22	26897	4
22	26898	4
22	26899	4
22	26900	4
22	26901	4
22	26902	4
22	26903	4
22	26904	4
22	26905	4
22	26906	4
22	26907	4
22	26908	4
22	26909	4
22	26910	4
22	26911	4
22	26912	4
22	26913	4
22	26914	4
22	26915	4
22	26916	4
22	26917	4
22	26918	4
22	26919	4
22	26920	3
22	26921	3
22	26922	3
22	26923	3
22	26924	3
22	26925	3
22	26926	3
22	26927	3
22	26928	3
22	26929	3
22	26930	3
22	26931	3
22	26932	2
22	26933	2
22	26934	2
22	26935	2
22	26936	2
22	26937	2
22	26938	2
22	26939	2
22	26940	2
22	26941	2
22	26942	1
22	26943	1
22	26944	2
22	26945	2
22	26946	2
22	26947	2
22	26948	2
22	26949	2
22	26950	2
22	26951	2
22	26952	2
22	26953	2
22	26954	2
22	26955	2
22	26956	2
22	26957	2
22	26958	2
22	26959	2
22	26960	2
22	26961	2
22	26962	2
22	26963	2
22	26964	2
22	26965	2
22	26966	2
22	26967	2
22	26968	2
22	26969	2
22	26970	2
22	26971	2
22	26972	2
22	26973	1
22	26994	1
22	26995	1
22	26996	1
22	26997	1
22	26998	1
22	26999	1
22	27000	1
22	27001	1
22	27002	1
22	27003	1
22	27004	1
22	27005	1
22	27006	1
22	27007	1
22	27008	1
22	27009	1
22	27010	1
22	27011	1
22	27012	2
22	27013	2
22	27014	2
22	27015	2
22	27016	2
22	27017	2
22	27018	2
22	27019	2
22	27020	2
22	27021	2
22	27022	2
22	27023	2
22	27024	2
22	27025	2
22	27026	2
22	27027	2
22	27028	2
22	27029	2
22	27030	2
22	27031	2
22	27032	2
22	27033	2
22	27034	2
22	27035	2
22	27036	2
22	27037	2
22	27038	2
22	27039	2
22	27040	2
22	27041	2
22	27042	2
22	27043	2
22	27044	2
22	27045	2
22	27046	2
22	27047	2
22	27048	2
22	27049	2
22	27050	2
22	27051	2
22	27052	2
22	27053	2
22	27054	1
22	27055	1
22	27056	1
22	27057	2
22	27058	3
22	27059	3
22	27060	3
22	27061	3
22	27062	3
22	27063	3
22	27064	3
22	27065	3
22	27066	3
22	27067	3
22	27068	3
22	27069	3
22	27070	3
22	27071	3
22	27072	3
22	27073	3
22	27074	3
22	27075	3
22	27076	3
22	27077	3
22	27078	3
22	27079	3
22	27080	3
22	27081	3
22	27082	3
22	27083	3
22	27084	3
22	27085	3
22	27086	3
22	27087	3
22	27088	3
22	27089	3
22	27090	3
22	27091	3
22	27092	3
22	27093	3
22	27094	3
22	27095	3
22	27096	3
22	27097	3
22	27098	3
22	27099	3
22	27100	3
22	27101	3
22	27102	3
22	27103	3
22	27104	4
22	27105	4
22	27106	4
22	27107	3
22	27108	3
22	27109	2
22	27110	2
22	27111	3
22	27112	3
22	27113	3
22	27114	3
22	27115	3
22	27116	3
22	27117	3
22	27118	3
22	27119	3
22	27120	3
22	27121	3
22	27122	3
22	27123	2
22	27124	2
22	27125	2
22	27126	2
22	27127	2
22	27128	2
22	27129	2
22	27130	1
22	27131	2
22	27132	1
22	27133	1
22	27134	1
22	27135	1
22	27136	1
22	27137	1
22	27138	1
22	27139	1
22	27140	1
22	27141	1
22	27142	2
22	27143	2
22	27144	2
22	27145	2
22	27146	2
22	27147	2
22	27148	2
22	27149	2
22	27150	3
22	27151	3
22	27152	3
22	27153	3
22	27154	3
22	27155	3
22	27156	3
22	27157	3
22	27158	3
22	27159	3
22	27160	3
22	27161	3
22	27162	3
22	27163	3
22	27164	3
22	27165	3
22	27166	3
22	27167	3
22	27168	4
22	27169	4
22	27170	5
22	27171	5
22	27172	5
22	27173	5
22	27174	5
22	27175	5
22	27176	5
22	27177	5
22	27178	5
22	27179	5
22	27180	5
22	27181	5
22	27182	5
22	27183	5
22	27184	5
22	27185	5
22	27186	5
22	27187	5
22	27188	5
22	27189	6
22	27190	6
22	27191	6
22	27192	6
22	27193	6
22	27194	6
22	27195	5
22	27196	5
22	27197	5
22	27198	5
22	27199	5
22	27200	5
22	27201	5
22	27202	5
22	27203	5
22	27204	5
22	27205	5
22	27206	5
22	27207	5
22	27208	5
22	27209	4
22	27210	4
22	27211	3
22	27212	3
22	27213	3
22	27214	2
22	27215	3
22	27216	3
22	27217	4
22	27218	4
22	27219	4
22	27220	4
22	27221	4
22	27222	4
22	27223	4
22	27224	4
22	27225	4
22	27226	4
22	27227	4
22	27228	4
22	27229	4
22	27230	4
22	27231	4
22	27232	4
22	27233	4
22	27234	4
22	27235	4
22	27236	4
22	27237	4
22	27238	4
22	27239	5
22	27240	5
22	27241	5
22	27242	4
22	27243	4
22	27244	4
22	27245	3
22	27246	3
22	27247	3
22	27248	4
22	27249	4
22	27250	4
22	27251	4
22	27252	4
22	27253	4
22	27254	4
22	27255	4
22	27256	4
22	27257	5
22	27258	5
22	27259	5
22	27260	5
22	27261	5
22	27262	5
22	27263	5
22	27264	5
22	27265	5
22	27266	5
22	27267	5
22	27268	5
22	27269	5
22	27270	5
22	27271	5
22	27272	5
22	27273	6
22	27274	6
22	27275	6
22	27276	5
22	27277	5
22	27278	5
22	27279	5
22	27280	5
22	27281	5
22	27282	5
22	27283	5
22	27284	5
22	27285	5
22	27286	5
22	27287	5
22	27288	4
22	27289	4
22	27290	4
22	27291	4
22	27292	4
22	27293	4
22	27294	4
22	27295	4
22	27296	4
22	27297	4
22	27298	4
22	27299	4
22	27300	4
22	27301	4
22	27302	4
22	27303	4
22	27304	4
22	27305	4
22	27306	3
22	27307	3
22	27308	3
22	27309	3
22	27310	3
22	27311	3
22	27312	3
22	27313	2
22	27314	2
22	27315	2
22	27316	2
22	27317	3
22	27318	3
22	27319	4
22	27320	4
22	27321	4
22	27322	4
22	27323	4
22	27324	4
22	27325	4
22	27326	4
22	27327	4
22	27328	4
22	27329	4
22	27330	4
22	27331	4
22	27332	4
22	27333	4
22	27334	4
22	27335	4
22	27336	4
22	27337	4
22	27338	4
22	27339	4
22	27340	4
22	27341	4
22	27342	4
22	27343	4
22	27344	4
22	27345	4
22	27346	4
22	27347	4
22	27348	4
22	27349	4
22	27350	4
22	27351	4
22	27352	4
22	27353	4
22	27354	3
22	27355	3
22	27356	3
22	27357	3
22	27358	3
22	27359	3
22	27360	2
22	27361	2
22	27362	2
22	27363	2
22	27364	2
22	27365	2
22	27366	2
22	27367	2
22	27368	2
22	27369	2
22	27370	2
22	27371	2
22	27372	2
22	27373	2
22	27374	2
22	27375	3
22	27376	2
22	27377	2
22	27378	2
22	27379	2
22	27380	2
22	27381	2
22	27382	2
22	27383	2
22	27384	2
22	27385	2
22	27386	3
22	27387	4
22	27388	4
22	27389	4
22	27390	4
22	27391	4
22	27392	4
22	27393	4
22	27394	4
22	27395	4
22	27396	4
22	27397	4
22	27398	4
22	27399	4
22	27400	4
22	27401	4
22	27402	4
22	27403	4
22	27404	4
22	27405	4
22	27406	4
22	27407	4
22	27408	4
22	27409	4
22	27410	4
22	27411	4
22	27412	4
22	27413	4
22	27414	4
22	27415	4
22	27416	4
22	27417	4
22	27418	4
22	27419	4
22	27420	4
22	27421	4
22	27422	4
22	27423	4
22	27424	4
22	27425	3
22	27426	3
22	27427	3
22	27428	3
22	27429	3
22	27430	4
22	27431	4
22	27432	4
22	27433	4
22	27434	4
22	27435	4
22	27436	4
22	27437	4
22	27438	5
22	27439	5
22	27440	5
22	27441	4
22	27442	5
22	27443	5
22	27444	5
22	27445	5
22	27446	5
22	27447	5
22	27448	6
22	27449	6
22	27450	6
22	27451	6
22	27452	6
22	27453	6
22	27454	6
22	27455	6
22	27456	6
22	27457	6
22	27458	6
22	27459	5
22	27460	5
22	27461	5
22	27462	5
22	27463	5
22	27464	5
22	27465	5
22	27466	5
22	27467	5
22	27468	5
22	27469	5
22	27470	5
22	27471	4
22	27472	4
22	27473	4
22	27474	4
22	27475	3
22	27476	3
22	27477	3
22	27478	3
22	27479	3
22	27480	3
22	27481	4
22	27482	4
22	27483	4
22	27484	4
22	27485	4
22	27486	4
22	27487	4
22	27488	4
22	27489	4
22	27490	4
22	27491	4
22	27492	4
22	27493	4
22	27494	4
22	27495	3
22	27496	3
22	27497	3
22	27498	3
22	27499	3
22	27500	3
22	27501	3
22	27502	3
22	27503	3
22	27504	3
22	27505	3
22	27506	3
22	27507	3
22	27508	3
22	27509	3
22	27510	3
22	27511	3
22	27512	3
22	27513	3
22	27514	3
22	27515	3
22	27516	3
22	27517	3
22	27518	3
22	27519	3
22	27520	3
22	27521	3
22	27522	3
22	27523	3
22	27524	3
22	27525	3
22	27526	2
22	27527	2
22	27528	2
22	27529	2
22	27530	2
22	27531	2
22	27532	2
22	27533	2
22	27534	2
22	27535	2
22	27536	2
22	27537	2
22	27538	2
22	27539	2
22	27540	2
22	27541	2
22	27542	2
22	27543	2
22	27544	2
22	27545	2
22	27546	2
22	27547	2
22	27548	1
22	27549	1
22	27550	1
22	27551	1
22	27552	1
22	27553	1
22	27554	1
22	27555	1
22	27556	1
22	27557	1
22	27558	1
22	27559	1
22	27560	1
22	27561	1
22	27562	1
22	27563	1
22	27564	1
22	27565	1
22	27566	1
22	27567	1
22	27568	1
22	27569	1
22	27570	2
22	27571	2
22	27572	2
22	27573	2
22	27574	2
22	27575	2
22	27576	2
22	27577	2
22	27578	2
22	27579	2
22	27580	2
22	27581	2
22	27582	2
22	27583	2
22	27584	2
22	27585	2
22	27586	2
22	27587	2
22	27588	2
22	27589	1
22	27590	1
22	27591	1
22	27592	1
22	27593	2
22	27594	2
22	27595	2
22	27596	2
22	27597	2
22	27598	3
22	27599	3
22	27600	3
22	27601	3
22	27602	3
22	27603	3
22	27604	3
22	27605	3
22	27606	3
22	27607	3
22	27608	3
22	27609	2
22	27610	2
22	27611	2
22	27612	1
22	27613	1
22	27614	1
22	27615	1
22	27616	1
22	27617	1
22	27618	1
22	27619	1
22	27620	1
22	27621	1
22	27622	1
22	27623	1
22	27624	1
22	27625	1
22	27626	1
22	27627	1
22	27628	1
22	27629	1
22	27630	1
22	27631	1
22	27632	1
22	27633	1
22	27634	1
22	27635	1
22	27636	1
22	27637	1
22	27638	2
22	27639	2
22	27640	2
22	27641	2
22	27642	2
22	27643	2
22	27644	2
22	27645	2
22	27646	2
22	27647	3
22	27648	4
22	27649	4
22	27650	4
22	27651	4
22	27652	4
22	27653	4
22	27654	4
22	27655	4
22	27656	4
22	27657	4
22	27658	4
22	27659	4
22	27660	4
22	27661	4
22	27662	4
22	27663	4
22	27664	4
22	27665	4
22	27666	4
22	27667	4
22	27668	4
22	27669	4
22	27670	4
22	27671	4
22	27672	4
22	27673	4
22	27674	3
22	27675	3
22	27676	3
22	27677	3
22	27678	2
22	27679	1
22	27680	1
22	27681	1
22	27682	1
22	27683	1
22	27696	1
22	27697	1
22	27698	1
22	27699	1
22	27700	1
22	27701	1
22	27702	1
22	27703	1
22	27704	1
22	27705	1
22	27706	1
22	27707	1
22	27708	1
22	27709	1
22	27710	1
22	27711	1
22	27712	1
22	27713	1
22	27714	1
22	27715	1
22	27716	1
22	27717	1
22	27718	1
22	27719	1
22	27720	1
22	27721	1
22	27722	1
22	27723	1
22	27724	1
22	27725	1
22	27726	1
22	27727	1
22	27728	1
22	27729	2
22	27730	3
22	27731	3
22	27732	3
22	27733	3
22	27734	3
22	27735	3
22	27736	3
22	27737	3
22	27738	3
22	27739	3
22	27740	3
22	27741	3
22	27742	3
22	27743	3
22	27744	3
22	27745	3
22	27746	3
22	27747	3
22	27748	3
22	27749	3
22	27750	3
22	27751	3
22	27752	2
22	27753	2
22	27754	2
22	27755	2
22	27756	2
22	27757	2
22	27758	2
22	27759	2
22	27760	2
22	27761	2
22	27762	2
22	27763	2
22	27764	2
22	27765	2
22	27766	2
22	27767	2
22	27768	2
22	27769	2
22	27770	2
22	27771	2
22	27772	2
22	27773	2
22	27774	2
22	27775	2
22	27776	2
22	27777	2
22	27778	2
22	27779	2
22	27780	2
22	27781	2
22	27782	2
22	27783	3
22	27784	3
22	27785	3
22	27786	3
22	27787	3
22	27788	3
22	27789	3
22	27790	3
22	27791	3
22	27792	3
22	27793	3
22	27794	3
22	27795	3
22	27796	3
22	27797	3
22	27798	3
22	27799	3
22	27800	3
22	27801	3
22	27802	3
22	27803	3
22	27804	3
22	27805	3
22	27806	3
22	27807	4
22	27808	4
22	27809	4
22	27810	4
22	27811	4
22	27812	4
22	27813	5
22	27814	5
22	27815	4
22	27816	4
22	27817	4
22	27818	4
22	27819	4
22	27820	4
22	27821	4
22	27822	4
22	27823	4
22	27824	4
22	27825	4
22	27826	4
22	27827	4
22	27828	4
22	27829	4
22	27830	4
22	27831	4
22	27832	4
22	27833	5
22	27834	5
22	27835	5
22	27836	5
22	27837	6
22	27838	5
22	27839	5
22	27840	5
22	27841	5
22	27842	4
22	27843	4
22	27844	4
22	27845	4
22	27846	4
22	27847	4
22	27848	4
22	27849	4
22	27850	5
22	27851	5
22	27852	5
22	27853	5
22	27854	5
22	27855	5
22	27856	5
22	27857	5
22	27858	5
22	27859	5
22	27860	5
22	27861	5
22	27862	5
22	27863	5
22	27864	5
22	27865	5
22	27866	6
22	27867	5
22	27868	5
22	27869	5
22	27870	5
22	27871	5
22	27872	4
22	27873	4
22	27874	4
22	27875	4
22	27876	4
22	27877	4
22	27878	4
22	27879	4
22	27880	4
22	27881	4
22	27882	5
22	27883	6
22	27884	6
22	27885	7
22	27886	7
22	27887	7
22	27888	6
22	27889	6
22	27890	6
22	27891	6
22	27892	6
22	27893	6
22	27894	6
22	27895	6
22	27896	6
22	27897	6
22	27898	6
22	27899	6
22	27900	6
22	27901	5
22	27902	5
22	27903	5
22	27904	5
22	27905	5
22	27906	5
22	27907	5
22	27908	5
22	27909	5
22	27910	5
22	27911	5
22	27912	5
22	27913	5
22	27914	5
22	27915	5
22	27916	5
22	27917	5
22	27918	5
22	27919	5
22	27920	5
22	27921	5
22	27922	5
22	27923	5
22	27924	6
22	27925	6
22	27926	6
22	27927	6
22	27928	5
22	27929	5
22	27930	6
22	27931	6
22	27932	5
22	27933	5
22	27934	5
22	27935	5
22	27936	5
22	27937	6
22	27938	6
22	27939	6
22	27940	6
22	27941	6
22	27942	6
22	27943	6
22	27944	6
22	27945	6
22	27946	6
22	27947	6
22	27948	6
22	27949	6
22	27950	7
22	27951	7
22	27952	7
22	27953	7
22	27954	7
22	27955	7
22	27956	7
22	27957	8
22	27958	8
22	27959	7
22	27960	7
22	27961	7
22	27962	7
22	27963	6
22	27964	6
22	27965	6
22	27966	6
22	27967	6
22	27968	6
22	27969	5
22	27970	5
22	27971	5
22	27972	5
22	27973	5
22	27974	4
22	27975	4
22	27976	4
22	27977	4
22	27978	4
22	27979	4
22	27980	4
22	27981	4
22	27982	4
22	27983	4
22	27984	4
22	27985	4
22	27986	4
22	27987	4
22	27988	4
22	27989	4
22	27990	4
22	27991	4
22	27992	4
22	27993	4
22	27994	4
22	27995	4
22	27996	4
22	27997	4
22	27998	3
22	27999	3
22	28000	3
22	28001	3
22	28002	2
22	28003	2
22	28004	2
22	28005	2
22	28006	2
22	28007	2
22	28008	2
22	28009	2
22	28010	1
22	28011	1
22	28012	1
22	28013	1
22	28014	1
22	28015	1
22	28016	1
22	28017	1
22	28018	1
22	28019	1
22	28045	1
22	28046	1
22	28047	1
22	28048	1
22	28049	1
22	28050	1
22	28051	1
22	28052	1
22	28053	1
22	28054	1
22	28055	1
22	28056	1
22	28057	1
22	28058	1
22	28059	1
22	28060	1
22	28061	1
22	28062	1
22	28063	1
22	28064	1
22	28065	1
22	28066	1
22	28067	1
22	28068	1
22	28069	1
22	28070	1
22	28071	1
22	28072	1
22	28073	1
22	28074	1
22	28075	1
22	28076	1
22	28077	1
22	28078	1
22	28079	1
22	28080	1
22	28081	1
22	28082	1
22	28083	1
22	28120	1
22	28121	1
22	28122	1
22	28123	1
22	28124	1
22	28125	2
22	28126	2
22	28127	2
22	28128	2
22	28129	2
22	28130	2
22	28131	2
22	28132	2
22	28133	3
22	28134	3
22	28135	3
22	28136	3
22	28137	3
22	28138	3
22	28139	3
22	28140	3
22	28141	3
22	28142	3
22	28143	3
22	28144	3
22	28145	3
22	28146	3
22	28147	2
22	28148	2
22	28149	2
22	28150	2
22	28151	2
22	28152	2
22	28153	2
22	28154	2
22	28155	2
22	28156	2
22	28157	2
22	28158	2
22	28159	2
22	28160	2
22	28161	2
22	28162	2
22	28163	2
22	28164	2
22	28165	2
22	28166	2
22	28167	3
22	28168	3
22	28169	3
22	28170	3
22	28171	3
22	28172	3
22	28173	3
22	28174	3
22	28175	3
22	28176	3
22	28177	3
22	28178	3
22	28179	3
22	28180	3
22	28181	3
22	28182	3
22	28183	3
22	28184	3
22	28185	3
22	28186	3
22	28187	3
22	28188	3
22	28189	3
22	28190	3
22	28191	3
22	28192	3
22	28193	3
22	28194	3
22	28195	3
22	28196	3
22	28197	3
22	28198	3
22	28199	3
22	28200	4
22	28201	4
22	28202	4
22	28203	4
22	28204	4
22	28205	4
22	28206	4
22	28207	4
22	28208	4
22	28209	4
22	28210	4
22	28211	4
22	28212	4
22	28213	4
22	28214	4
22	28215	4
22	28216	3
22	28217	3
22	28218	3
22	28219	3
22	28220	3
22	28221	3
22	28222	3
22	28223	3
22	28224	2
22	28225	2
22	28226	2
22	28227	2
22	28228	2
22	28229	2
22	28230	2
22	28231	2
22	28232	2
22	28233	2
22	28234	2
22	28235	1
22	28236	1
22	28237	1
22	28238	1
22	28239	1
22	28240	1
22	28241	1
22	28242	1
22	28243	1
22	28244	1
22	28245	1
22	28246	1
22	28247	1
22	28248	1
22	28249	1
22	28250	1
22	28251	1
22	28252	1
22	28253	1
22	28254	1
22	28255	1
22	28256	1
22	28257	1
22	28258	1
22	28259	1
22	28260	1
22	28261	1
22	28262	1
22	28263	1
22	28264	1
22	28273	1
22	28274	1
22	28275	1
22	28276	1
22	28277	1
22	28278	1
22	28279	1
22	28280	1
22	28281	1
22	28282	1
22	28283	1
22	28284	1
22	28285	1
22	28286	1
22	28287	1
22	28288	1
22	28289	1
22	28290	1
22	28291	1
22	28292	1
22	28293	1
22	28294	1
22	28295	1
22	28296	1
22	28297	1
22	28298	1
22	28299	1
22	28300	1
22	28301	2
22	28302	2
22	28303	2
22	28304	2
22	28305	2
22	28306	2
22	28307	2
22	28308	2
22	28309	2
22	28310	2
22	28311	2
22	28312	2
22	28313	2
22	28314	2
22	28315	3
22	28316	3
22	28317	2
22	28318	2
22	28319	2
22	28320	2
22	28321	2
22	28322	2
22	28323	2
22	28324	2
22	28325	2
22	28326	2
22	28327	2
22	28328	2
22	28329	2
22	28330	2
22	28331	2
22	28332	2
22	28333	2
22	28334	2
22	28335	2
22	28336	2
22	28337	2
22	28338	2
22	28339	2
22	28340	2
22	28341	2
22	28342	2
22	28343	2
22	28344	2
22	28345	2
22	28346	1
22	28347	1
22	28348	1
22	28349	1
22	28350	1
22	28351	1
22	28352	1
22	28353	1
22	28354	1
22	28355	1
22	28356	2
22	28357	2
22	28358	2
22	28359	2
22	28360	2
22	28361	2
22	28362	2
22	28363	2
22	28364	2
22	28365	2
22	28366	2
22	28367	2
22	28368	2
22	28369	2
22	28370	2
22	28371	2
22	28372	2
22	28373	2
22	28374	2
22	28375	2
22	28376	1
22	28377	1
22	28378	1
22	28379	1
22	28380	1
22	28381	1
22	28382	1
22	28383	1
22	28384	1
22	28385	1
22	28386	1
22	28387	1
22	28388	1
22	28389	1
22	28390	1
22	28391	1
22	28392	1
22	28393	1
22	28394	1
22	28395	1
22	28396	1
22	28397	1
22	28398	1
22	28399	1
22	28400	1
22	28401	1
22	28402	1
22	28403	1
22	28404	1
22	28405	1
22	28406	1
22	28407	1
22	28408	1
22	28409	1
22	28410	1
22	28411	1
22	28412	1
22	28413	1
22	28414	1
22	28415	1
22	28416	1
22	28417	1
22	28442	1
22	28443	1
22	28444	1
22	28445	1
22	28446	1
22	28447	1
22	28448	1
22	28449	1
22	28450	1
22	28451	1
22	28452	1
22	28453	1
22	28454	2
22	28455	2
22	28456	2
22	28457	2
22	28458	2
22	28459	2
22	28460	2
22	28461	2
22	28462	2
22	28463	2
22	28464	2
22	28465	2
22	28466	2
22	28467	2
22	28468	2
22	28469	1
22	28470	1
22	28471	1
22	28472	1
22	28473	1
22	28474	1
22	28475	1
22	28476	1
22	28477	1
22	28478	1
22	28479	1
22	28480	1
22	28481	1
22	28482	1
22	28483	1
22	28484	1
22	28485	1
22	28486	1
22	28487	1
22	28488	1
22	28489	1
22	28490	1
22	28491	1
22	28492	1
22	28493	1
22	28494	1
22	28495	1
22	28496	1
22	28497	1
22	28498	1
22	28499	1
22	28500	1
22	28501	1
22	28502	1
22	28503	1
22	28504	1
22	28505	1
22	28506	1
22	28563	1
22	28564	1
22	28565	1
22	28566	1
22	28567	2
22	28568	2
22	28569	2
22	28570	2
22	28571	2
22	28572	2
22	28573	2
22	28574	2
22	28575	2
22	28576	2
22	28577	2
22	28578	2
22	28579	2
22	28580	2
22	28581	2
22	28582	2
22	28583	2
22	28584	2
22	28585	2
22	28586	2
22	28587	2
22	28588	2
22	28589	2
22	28590	2
22	28591	2
22	28592	2
22	28593	2
22	28594	2
22	28595	2
22	28596	2
22	28597	2
22	28598	2
22	28599	2
22	28600	2
22	28601	2
22	28602	2
22	28603	2
22	28604	2
22	28605	1
22	28606	2
22	28607	2
22	28608	2
22	28609	2
22	28610	2
22	28611	2
22	28612	2
22	28613	2
22	28614	2
22	28615	2
22	28616	2
22	28617	2
22	28618	2
22	28619	2
22	28620	3
22	28621	3
22	28622	3
22	28623	3
22	28624	3
22	28625	3
22	28626	3
22	28627	3
22	28628	3
22	28629	3
22	28630	3
22	28631	3
22	28632	3
22	28633	3
22	28634	3
22	28635	3
22	28636	3
22	28637	3
22	28638	3
22	28639	3
22	28640	2
22	28641	2
22	28642	2
22	28643	2
22	28644	2
22	28645	2
22	28646	2
22	28647	2
22	28648	2
22	28649	2
22	28650	2
22	28651	2
22	28652	2
22	28653	1
22	28654	1
22	28655	1
22	28656	1
22	28657	1
22	28658	1
22	28659	1
22	28660	1
22	28661	1
22	28662	2
22	28663	2
22	28664	2
22	28665	2
22	28666	2
22	28667	2
22	28668	2
22	28669	2
22	28670	2
22	28671	2
22	28672	2
22	28673	2
22	28674	2
22	28675	2
22	28676	2
22	28677	2
22	28678	2
22	28679	2
22	28680	2
22	28681	1
22	28682	1
22	28683	1
22	28684	1
22	28685	1
22	28686	1
22	28687	1
22	28704	1
22	28705	1
22	28706	1
22	28707	1
22	28708	1
22	28709	1
22	28710	1
22	28711	1
22	28712	1
22	28713	1
22	28714	1
22	28715	1
22	28716	1
22	28717	1
22	28718	1
22	28719	1
22	28720	1
22	28721	1
22	28722	1
22	28723	1
22	28724	1
22	28725	1
22	28726	1
22	28727	1
22	28728	1
22	28729	1
22	28730	1
22	28731	1
22	28732	1
22	28733	2
22	28734	2
22	28735	2
22	28736	2
22	28737	2
22	28738	2
22	28739	2
22	28740	2
22	28741	2
22	28742	2
22	28743	2
22	28744	2
22	28745	2
22	28746	2
22	28747	2
22	28748	2
22	28749	1
22	28750	1
22	28751	1
22	28752	1
22	28753	1
22	28754	1
22	28755	1
22	28756	1
22	28757	1
22	28758	1
22	28759	1
22	28760	1
22	28761	1
22	28762	1
22	28763	2
22	28764	3
22	28765	3
22	28766	3
22	28767	3
22	28768	3
22	28769	3
22	28770	3
22	28771	3
22	28772	3
22	28773	3
22	28774	3
22	28775	3
22	28776	3
22	28777	3
22	28778	3
22	28779	3
22	28780	3
22	28781	3
22	28782	3
22	28783	3
22	28784	3
22	28785	3
22	28786	2
22	28787	2
22	28788	2
22	28789	2
22	28790	2
22	28791	2
22	28792	2
22	28793	2
22	28794	2
22	28795	2
22	28796	2
22	28797	2
22	28798	2
22	28799	2
22	28800	2
22	28801	3
22	28802	3
22	28803	3
22	28804	3
22	28805	3
22	28806	3
22	28807	3
22	28808	3
22	28809	3
22	28810	3
22	28811	3
22	28812	3
22	28813	3
22	28814	3
22	28815	2
22	28816	2
22	28817	2
22	28818	1
22	28819	1
22	28820	1
22	28826	1
22	28827	1
22	28828	1
22	28829	1
22	28830	1
22	28831	1
22	28832	1
22	28833	1
22	28834	1
22	28835	1
22	28836	1
22	28837	1
22	28838	1
22	28839	1
22	28840	1
22	28841	1
22	28842	1
22	28843	1
22	28844	1
22	28845	1
22	28846	1
22	28847	1
22	28878	1
22	28879	1
22	28880	1
22	28881	1
22	28882	1
22	28883	1
22	28884	1
22	28885	1
22	28886	1
22	28887	1
22	28888	1
22	28889	1
22	28890	2
22	28891	2
22	28892	2
22	28893	2
22	28894	2
22	28895	2
22	28896	2
22	28897	2
22	28898	2
22	28899	2
22	28900	2
22	28901	3
22	28902	3
22	28903	2
22	28904	2
22	28905	2
22	28906	2
22	28907	2
22	28908	2
22	28909	2
22	28910	2
22	28911	2
22	28912	2
22	28913	2
22	28914	2
22	28915	2
22	28916	3
22	28917	3
22	28918	3
22	28919	3
22	28920	3
22	28921	3
22	28922	3
22	28923	3
22	28924	3
22	28925	4
22	28926	4
22	28927	4
22	28928	4
22	28929	4
22	28930	4
22	28931	4
22	28932	4
22	28933	4
22	28934	4
22	28935	4
22	28936	4
22	28937	4
22	28938	4
22	28939	4
22	28940	4
22	28941	4
22	28942	4
22	28943	4
22	28944	4
22	28945	4
22	28946	4
22	28947	4
22	28948	3
22	28949	3
22	28950	3
22	28951	3
22	28952	3
22	28953	3
22	28954	3
22	28955	4
22	28956	4
22	28957	4
22	28958	5
22	28959	5
22	28960	5
22	28961	5
22	28962	5
22	28963	5
22	28964	5
22	28965	5
22	28966	5
22	28967	5
22	28968	5
22	28969	5
22	28970	4
22	28971	4
22	28972	4
22	28973	4
22	28974	4
22	28975	4
22	28976	4
22	28977	4
22	28978	4
22	28979	4
22	28980	4
22	28981	4
22	28982	4
22	28983	4
22	28984	3
22	28985	3
22	28986	3
22	28987	3
22	28988	3
22	28989	3
22	28990	3
22	28991	3
22	28992	3
22	28993	3
22	28994	3
22	28995	3
22	28996	3
22	28997	3
22	28998	3
22	28999	3
22	29000	3
22	29001	3
22	29002	3
22	29003	3
22	29004	3
22	29005	3
22	29006	3
22	29007	3
22	29008	2
22	29009	2
22	29010	2
22	29011	2
22	29012	3
22	29013	3
22	29014	3
22	29015	3
22	29016	3
22	29017	3
22	29018	3
22	29019	3
22	29020	3
22	29021	3
22	29022	4
22	29023	4
22	29024	3
22	29025	3
22	29026	3
22	29027	3
22	29028	3
22	29029	3
22	29030	3
22	29031	3
22	29032	4
22	29033	4
22	29034	4
22	29035	4
22	29036	4
22	29037	4
22	29038	4
22	29039	4
22	29040	4
22	29041	3
22	29042	3
22	29043	3
22	29044	3
22	29045	3
22	29046	3
22	29047	3
22	29048	3
22	29049	3
22	29050	3
22	29051	3
22	29052	2
22	29053	3
22	29054	3
22	29055	3
22	29056	3
22	29057	3
22	29058	3
22	29059	3
22	29060	3
22	29061	3
22	29062	3
22	29063	3
22	29064	3
22	29065	3
22	29066	3
22	29067	3
22	29068	3
22	29069	3
22	29070	3
22	29071	3
22	29072	3
22	29073	3
22	29074	2
22	29075	2
22	29076	2
22	29077	2
22	29078	3
22	29079	3
22	29080	3
22	29081	3
22	29082	3
22	29083	3
22	29084	3
22	29085	3
22	29086	3
22	29087	3
22	29088	3
22	29089	4
22	29090	4
22	29091	4
22	29092	3
22	29093	4
22	29094	5
22	29095	5
22	29096	5
22	29097	5
22	29098	5
22	29099	5
22	29100	5
22	29101	5
22	29102	5
22	29103	5
22	29104	5
22	29105	5
22	29106	5
22	29107	6
22	29108	6
22	29109	6
22	29110	5
22	29111	6
22	29112	6
22	29113	6
22	29114	6
22	29115	6
22	29116	5
22	29117	5
22	29118	6
22	29119	6
22	29120	6
22	29121	6
22	29122	6
22	29123	6
22	29124	6
22	29125	6
22	29126	6
22	29127	6
22	29128	6
22	29129	6
22	29130	6
22	29131	6
22	29132	6
22	29133	6
22	29134	6
22	29135	6
22	29136	6
22	29137	5
22	29138	4
22	29139	4
22	29140	4
22	29141	4
22	29142	4
22	29143	4
22	29144	4
22	29145	4
22	29146	4
22	29147	4
22	29148	4
22	29149	3
22	29150	3
22	29151	3
22	29152	3
22	29153	3
22	29154	3
22	29155	3
22	29156	3
22	29157	3
22	29158	3
22	29159	4
22	29160	4
22	29161	4
22	29162	3
22	29163	3
22	29164	3
22	29165	3
22	29166	2
22	29167	2
22	29168	2
22	29169	2
22	29170	2
22	29171	2
22	29172	2
22	29173	2
22	29174	2
22	29175	2
22	29176	1
22	29177	1
22	29225	1
22	29226	1
22	29227	1
22	29228	3
22	29229	3
22	29230	3
22	29231	3
22	29232	3
22	29233	3
22	29234	3
22	29235	3
22	29236	4
22	29237	4
22	29238	4
22	29239	4
22	29240	4
22	29241	4
22	29242	4
22	29243	4
22	29244	4
22	29245	4
22	29246	4
22	29247	4
22	29248	3
22	29249	3
22	29250	3
22	29251	3
22	29252	3
22	29253	3
22	29254	3
22	29255	3
22	29256	3
22	29257	3
22	29258	3
22	29259	3
22	29260	3
22	29261	3
22	29262	2
22	29263	2
22	29264	2
22	29265	2
22	29266	1
22	29267	1
22	29268	1
22	29269	1
22	29270	1
22	29271	1
22	29272	1
22	29273	1
22	29274	2
22	29275	2
22	29276	2
22	29277	2
22	29278	2
22	29279	2
22	29280	2
22	29281	2
22	29282	2
22	29283	2
22	29284	2
22	29285	2
22	29286	2
22	29287	2
22	29288	2
22	29289	2
22	29290	2
22	29291	2
22	29292	2
22	29293	1
22	29294	1
22	29295	1
22	29296	1
22	29297	1
22	29298	2
22	29299	2
22	29300	2
22	29301	2
22	29302	2
22	29303	2
22	29304	2
22	29305	2
22	29306	2
22	29307	2
22	29308	2
22	29309	2
22	29310	3
22	29311	3
22	29312	3
22	29313	3
22	29314	3
22	29315	3
22	29316	3
22	29317	3
22	29318	3
22	29319	3
22	29320	3
22	29321	3
22	29322	3
22	29323	3
22	29324	3
22	29325	3
22	29326	3
22	29327	3
22	29328	3
22	29329	2
22	29330	2
22	29331	3
22	29332	3
22	29333	3
22	29334	3
22	29335	3
22	29336	3
22	29337	4
22	29338	4
22	29339	4
22	29340	4
22	29341	4
22	29342	4
22	29343	4
22	29344	3
22	29345	4
22	29346	4
22	29347	4
22	29348	4
22	29349	4
22	29350	4
22	29351	4
22	29352	4
22	29353	4
22	29354	4
22	29355	4
22	29356	4
22	29357	4
22	29358	4
22	29359	4
22	29360	4
22	29361	4
22	29362	4
22	29363	4
22	29364	3
22	29365	3
22	29366	3
22	29367	3
22	29368	3
22	29369	3
22	29370	3
22	29371	3
22	29372	3
22	29373	4
22	29374	4
22	29375	4
22	29376	4
22	29377	4
22	29378	4
22	29379	5
22	29380	5
22	29381	5
22	29382	5
22	29383	5
22	29384	5
22	29385	5
22	29386	5
22	29387	5
22	29388	5
22	29389	5
22	29390	5
22	29391	4
22	29392	4
22	29393	4
22	29394	3
22	29395	3
22	29396	3
22	29397	3
22	29398	3
22	29399	3
22	29400	3
22	29401	2
22	29402	2
22	29403	2
22	29404	2
22	29405	2
22	29406	2
22	29407	2
22	29408	3
22	29409	3
22	29410	3
22	29411	3
22	29412	3
22	29413	3
22	29414	3
22	29415	3
22	29416	3
22	29417	3
22	29418	3
22	29419	3
22	29420	3
22	29421	3
22	29422	3
22	29423	3
22	29424	3
22	29425	3
22	29426	3
22	29427	3
22	29428	3
22	29429	3
22	29430	2
22	29431	2
22	29432	2
22	29433	2
22	29434	2
22	29435	2
22	29436	2
22	29437	2
22	29438	2
22	29439	2
22	29440	2
22	29441	2
22	29442	2
22	29443	2
22	29444	2
22	29445	2
22	29446	3
22	29447	3
22	29448	4
22	29449	4
22	29450	4
22	29451	4
22	29452	4
22	29453	4
22	29454	4
22	29455	4
22	29456	4
22	29457	4
22	29458	4
22	29459	4
22	29460	4
22	29461	4
22	29462	4
22	29463	4
22	29464	4
22	29465	4
22	29466	4
22	29467	4
22	29468	4
22	29469	4
22	29470	4
22	29471	4
22	29472	4
22	29473	4
22	29474	4
22	29475	4
22	29476	4
22	29477	4
22	29478	4
22	29479	5
22	29480	5
22	29481	5
22	29482	5
22	29483	5
22	29484	5
22	29485	5
22	29486	5
22	29487	5
22	29488	5
22	29489	5
22	29490	5
22	29491	5
22	29492	5
22	29493	4
22	29494	4
22	29495	4
22	29496	4
22	29497	5
22	29498	5
22	29499	4
22	29500	4
22	29501	4
22	29502	3
22	29503	3
22	29504	3
22	29505	3
22	29506	4
22	29507	4
22	29508	4
22	29509	4
22	29510	4
22	29511	4
22	29512	4
22	29513	4
22	29514	5
22	29515	5
22	29516	5
22	29517	5
22	29518	5
22	29519	5
22	29520	5
22	29521	5
22	29522	5
22	29523	5
22	29524	5
22	29525	5
22	29526	5
22	29527	5
22	29528	5
22	29529	5
22	29530	5
22	29531	5
22	29532	5
22	29533	5
22	29534	5
22	29535	5
22	29536	5
22	29537	5
22	29538	5
22	29539	5
22	29540	5
22	29541	5
22	29542	5
22	29543	5
22	29544	6
22	29545	6
22	29546	5
22	29547	5
22	29548	5
22	29549	6
22	29550	6
22	29551	6
22	29552	6
22	29553	6
22	29554	6
22	29555	6
22	29556	5
22	29557	5
22	29558	4
22	29559	4
22	29560	4
22	29561	4
22	29562	4
22	29563	4
22	29564	4
22	29565	4
22	29566	4
22	29567	3
22	29568	3
22	29569	3
22	29570	3
22	29571	3
22	29572	3
22	29573	3
22	29574	3
22	29575	3
22	29576	3
22	29577	3
22	29578	3
22	29579	3
22	29580	3
22	29581	3
22	29582	3
22	29583	3
22	29584	3
22	29585	3
22	29586	3
22	29587	3
22	29588	3
22	29589	3
22	29590	2
22	29591	2
22	29592	2
22	29593	2
22	29594	2
22	29595	2
22	29596	2
22	29597	2
22	29598	2
22	29599	2
22	29600	2
22	29601	2
22	29602	2
22	29603	2
22	29604	2
22	29605	2
22	29606	2
22	29607	2
22	29608	2
22	29609	2
22	29610	1
22	29611	1
22	29612	2
22	29613	2
22	29614	1
22	29615	1
22	29616	2
22	29617	2
22	29618	2
22	29619	2
22	29620	2
22	29621	2
22	29622	2
22	29623	2
22	29624	2
22	29625	2
22	29626	2
22	29627	2
22	29628	2
22	29629	2
22	29630	2
22	29631	2
22	29632	2
22	29633	2
22	29634	2
22	29635	2
22	29636	2
22	29637	2
22	29638	2
22	29639	1
22	29640	1
22	29641	1
22	29642	1
22	29643	1
22	29644	1
22	29645	1
22	29646	1
22	29647	1
22	29648	1
22	29649	1
22	29650	2
22	29651	2
22	29652	2
22	29653	2
22	29654	2
22	29655	2
22	29656	2
22	29657	2
22	29658	2
22	29659	2
22	29660	2
22	29661	2
22	29662	2
22	29663	2
22	29664	2
22	29665	2
22	29666	2
22	29667	2
22	29668	2
22	29669	1
22	29670	1
22	29671	1
22	29672	1
22	29673	1
22	29674	1
22	29675	1
22	29676	1
22	29677	1
22	29678	1
22	29679	1
22	29680	1
22	29681	1
22	29682	1
22	29683	1
22	29684	1
22	29685	1
22	29686	1
22	29687	1
22	29688	1
22	29689	1
22	29690	1
22	29691	1
22	29692	1
22	29693	1
22	29755	1
22	29756	2
22	29757	2
22	29758	2
22	29759	2
22	29760	2
22	29761	2
22	29762	2
22	29763	2
22	29764	2
22	29765	2
22	29766	2
22	29767	2
22	29768	3
22	29769	3
22	29770	3
22	29771	3
22	29772	3
22	29773	3
22	29774	3
22	29775	3
22	29776	3
22	29777	3
22	29778	3
22	29779	3
22	29780	4
22	29781	4
22	29782	4
22	29783	4
22	29784	4
22	29785	4
22	29786	4
22	29787	4
22	29788	4
22	29789	4
22	29790	4
22	29791	4
22	29792	3
22	29793	3
22	29794	3
22	29795	3
22	29796	3
22	29797	3
22	29798	3
22	29799	3
22	29800	3
22	29801	4
22	29802	4
22	29803	4
22	29804	4
22	29805	4
22	29806	4
22	29807	4
22	29808	4
22	29809	4
22	29810	4
22	29811	4
22	29812	4
22	29813	4
22	29814	4
22	29815	4
22	29816	4
22	29817	4
22	29818	5
22	29819	5
22	29820	5
22	29821	5
22	29822	5
22	29823	5
22	29824	5
22	29825	5
22	29826	5
22	29827	5
22	29828	5
22	29829	5
22	29830	5
22	29831	5
22	29832	5
22	29833	5
22	29834	5
22	29835	5
22	29836	5
22	29837	4
22	29838	4
22	29839	4
22	29840	4
22	29841	4
22	29842	4
22	29843	3
22	29844	3
22	29845	2
22	29846	2
22	29847	2
22	29848	2
22	29849	2
22	29850	2
22	29851	2
22	29852	2
22	29853	2
22	29854	2
22	29855	2
22	29856	2
22	29857	2
22	29858	2
22	29859	2
22	29860	2
22	29861	2
22	29862	2
22	29863	2
22	29864	1
22	29865	1
22	29866	1
22	29867	1
22	29868	1
22	29869	1
22	29870	1
22	29871	1
22	29872	1
22	29873	2
22	29874	2
22	29875	2
22	29876	2
22	29877	2
22	29878	2
22	29879	2
22	29880	2
22	29881	2
22	29882	2
22	29883	2
22	29884	2
22	29885	2
22	29886	2
22	29887	1
22	29888	1
22	29889	1
22	29890	1
22	29891	1
22	29892	1
22	29893	1
22	29894	1
22	29895	1
22	29896	1
22	29897	1
22	29898	1
22	29899	1
22	29900	1
22	29901	1
22	29902	1
22	29903	1
22	29904	1
22	29905	1
22	29906	1
22	29907	1
22	29908	1
22	29909	1
22	29910	1
22	29911	1
22	29912	1
22	29913	1
22	29914	1
22	29915	1
22	29916	1
22	29917	1
22	29918	1
22	29919	1
22	29920	1
22	29921	1
22	29922	1
22	29923	1
22	29924	1
22	29925	1
22	29926	1
22	29927	1
22	29928	1
22	29929	1
22	29930	1
22	29931	1
22	29932	1
22	29933	1
22	29934	1
22	29935	1
22	29953	1
22	29954	1
22	29955	1
22	29956	1
22	29957	1
22	29958	1
22	29959	1
22	29960	1
22	29961	1
22	29962	1
22	29963	1
22	29964	1
22	29965	1
22	29966	1
22	29967	1
22	29968	1
22	29969	1
22	29970	1
22	29971	1
22	29972	1
22	29973	1
22	29974	1
22	29975	1
22	29976	1
22	29977	2
22	29978	2
22	29979	2
22	29980	2
22	29981	2
22	29982	2
22	29983	2
22	29984	2
22	29985	2
22	29986	2
22	29987	2
22	29988	2
22	29989	2
22	29990	2
22	29991	2
22	29992	2
22	29993	2
22	29994	2
22	29995	2
22	29996	2
22	29997	3
22	29998	3
22	29999	3
22	30000	3
22	30001	3
22	30002	3
22	30003	3
22	30004	3
22	30005	3
22	30006	3
22	30007	4
22	30008	4
22	30009	4
22	30010	4
22	30011	4
22	30012	4
22	30013	4
22	30014	4
22	30015	4
22	30016	3
22	30017	3
22	30018	3
22	30019	3
22	30020	3
22	30021	3
22	30022	3
22	30023	4
22	30024	4
22	30025	4
22	30026	5
22	30027	5
22	30028	5
22	30029	4
22	30030	5
22	30031	5
22	30032	5
22	30033	5
22	30034	5
22	30035	5
22	30036	5
22	30037	5
22	30038	5
22	30039	5
22	30040	5
22	30041	5
22	30042	5
22	30043	5
22	30044	5
22	30045	4
22	30046	4
22	30047	4
22	30048	3
22	30049	3
22	30050	3
22	30051	3
22	30052	3
22	30053	3
22	30054	3
22	30055	2
22	30056	2
22	30057	2
22	30058	2
22	30059	2
22	30060	2
22	30061	2
22	30062	2
22	30063	3
22	30064	3
22	30065	3
22	30066	3
22	30067	3
22	30068	3
22	30069	3
22	30070	2
22	30071	2
22	30072	2
22	30073	2
22	30074	2
22	30075	2
22	30076	2
22	30077	2
22	30078	2
22	30079	2
22	30080	2
22	30081	2
22	30082	2
22	30083	2
22	30084	2
22	30085	2
22	30086	3
22	30087	3
22	30088	3
22	30089	3
22	30090	3
22	30091	3
22	30092	3
22	30093	3
22	30094	2
22	30095	2
22	30096	2
22	30097	2
22	30098	2
22	30099	2
22	30100	3
22	30101	3
22	30102	2
22	30103	2
22	30104	2
22	30105	2
22	30106	2
22	30107	2
22	30108	2
22	30109	2
22	30110	2
22	30111	2
22	30112	2
22	30113	2
22	30114	2
22	30115	2
22	30116	2
22	30117	2
22	30118	2
22	30119	2
22	30120	2
22	30121	2
22	30122	2
22	30123	2
22	30124	2
22	30125	2
22	30126	3
22	30127	3
22	30128	3
22	30129	3
22	30130	3
22	30131	3
22	30132	3
22	30133	3
22	30134	3
22	30135	2
22	30136	2
22	30137	2
22	30138	2
22	30139	2
22	30140	3
22	30141	3
22	30142	3
22	30143	3
22	30144	3
22	30145	3
22	30146	2
22	30147	2
22	30148	2
22	30149	2
22	30150	2
22	30151	2
22	30152	2
22	30153	2
22	30154	2
22	30155	2
22	30156	2
22	30157	2
22	30158	2
22	30159	3
22	30160	3
22	30161	3
22	30162	3
22	30163	3
22	30164	3
22	30165	3
22	30166	3
22	30167	3
22	30168	3
22	30169	3
22	30170	3
22	30171	3
22	30172	3
22	30173	3
22	30174	3
22	30175	3
22	30176	3
22	30177	2
22	30178	2
22	30179	2
22	30180	2
22	30181	2
22	30182	2
22	30183	2
22	30184	2
22	30185	2
22	30186	2
22	30187	2
22	30188	2
22	30189	2
22	30190	2
22	30191	2
22	30192	2
22	30193	2
22	30194	3
22	30195	3
22	30196	3
22	30197	3
22	30198	3
22	30199	3
22	30200	3
22	30201	2
22	30202	2
22	30203	2
22	30204	2
22	30205	2
22	30206	2
22	30207	2
22	30208	2
22	30209	2
22	30210	2
22	30211	2
22	30212	2
22	30213	2
22	30214	2
22	30215	2
22	30216	2
22	30217	2
22	30218	2
22	30219	2
22	30220	2
22	30221	2
22	30222	2
22	30223	1
22	30224	2
22	30225	3
22	30226	3
22	30227	3
22	30228	3
22	30229	3
22	30230	3
22	30231	3
22	30232	3
22	30233	3
22	30234	4
22	30235	5
22	30236	5
22	30237	5
22	30238	5
22	30239	5
22	30240	5
22	30241	5
22	30242	5
22	30243	5
22	30244	5
22	30245	5
22	30246	5
22	30247	5
22	30248	5
22	30249	6
22	30250	6
22	30251	6
22	30252	6
22	30253	6
22	30254	6
22	30255	6
22	30256	6
22	30257	6
22	30258	6
22	30259	6
22	30260	6
22	30261	6
22	30262	6
22	30263	6
22	30264	6
22	30265	6
22	30266	6
22	30267	6
22	30268	6
22	30269	6
22	30270	6
22	30271	6
22	30272	6
22	30273	6
22	30274	6
22	30275	6
22	30276	6
22	30277	7
22	30278	7
22	30279	7
22	30280	6
22	30281	6
22	30282	5
22	30283	4
22	30284	4
22	30285	4
22	30286	4
22	30287	4
22	30288	4
22	30289	4
22	30290	4
22	30291	4
22	30292	4
22	30293	4
22	30294	4
22	30295	3
22	30296	3
22	30297	3
22	30298	3
22	30299	3
22	30300	3
22	30301	3
22	30302	3
22	30303	3
22	30304	3
22	30305	3
22	30306	3
22	30307	3
22	30308	3
22	30309	3
22	30310	3
22	30311	3
22	30312	3
22	30313	3
22	30314	3
22	30315	3
22	30316	3
22	30317	3
22	30318	3
22	30319	3
22	30320	3
22	30321	3
22	30322	3
22	30323	3
22	30324	3
22	30325	3
22	30326	3
22	30327	3
22	30328	2
22	30329	2
22	30330	2
22	30331	2
22	30332	2
22	30333	2
22	30334	2
22	30335	2
22	30336	2
22	30337	2
22	30338	2
22	30339	1
22	30340	1
22	30341	1
22	30342	1
22	30343	1
22	30344	1
22	30345	1
22	30346	1
22	30347	1
22	30348	1
22	30349	1
22	30350	1
22	30351	1
22	30352	1
22	30353	1
22	30354	1
22	30355	1
22	30356	1
22	30357	1
22	30358	1
22	30359	1
22	30360	1
22	30361	1
22	30362	1
22	30363	1
22	30364	1
22	30365	1
22	30366	1
22	30367	1
22	30368	1
22	30369	1
22	30370	1
22	30371	1
22	30372	1
22	30373	1
22	30374	1
22	30375	1
22	30376	1
22	30377	1
22	30378	1
22	30379	1
22	30380	1
22	30381	1
22	30382	1
22	30383	1
22	30384	1
22	30385	1
22	30386	1
22	30393	1
22	30394	2
22	30395	2
22	30396	2
22	30397	2
22	30398	2
22	30399	2
22	30400	2
22	30401	2
22	30402	2
22	30403	2
22	30404	2
22	30405	3
22	30406	3
22	30407	3
22	30408	3
22	30409	3
22	30410	3
22	30411	3
22	30412	3
22	30413	3
22	30414	3
22	30415	1
22	30416	1
22	30417	1
22	30418	1
22	30419	1
22	30420	1
22	30421	1
22	30422	1
22	30423	1
22	30424	1
22	30425	1
22	30426	1
22	30427	1
22	30428	1
22	30429	1
22	30430	1
22	30431	1
22	30432	1
22	30433	1
22	30434	1
22	30435	1
22	30436	1
22	30437	1
22	30438	1
22	30439	1
22	30440	1
22	30441	1
22	30442	1
22	30443	1
22	30444	1
22	30445	1
22	30446	2
22	30447	2
22	30448	2
22	30449	2
22	30450	2
22	30451	1
22	30452	1
22	30453	1
22	30454	1
22	30455	1
22	30456	1
22	30457	1
22	30458	1
22	30459	1
22	30460	1
22	30523	1
22	30524	1
22	30525	1
22	30526	1
22	30527	2
22	30528	2
22	30529	2
22	30530	2
22	30531	2
22	30532	2
22	30533	2
22	30534	2
22	30535	2
22	30536	2
22	30537	2
22	30538	2
22	30539	2
22	30540	2
22	30541	2
22	30542	2
22	30543	2
22	30544	2
22	30545	2
22	30546	2
22	30547	2
22	30548	2
22	30549	2
22	30550	2
22	30551	2
22	30552	2
22	30553	2
22	30554	2
22	30555	2
22	30556	2
22	30557	2
22	30558	1
22	30559	1
22	30560	1
22	30561	1
22	30562	1
22	30563	1
22	30564	1
22	30565	1
22	30566	2
22	30567	2
22	30568	2
22	30569	2
22	30570	2
22	30571	2
22	30572	2
22	30573	2
22	30574	2
22	30575	2
22	30576	2
22	30577	2
22	30578	2
22	30579	2
22	30580	2
22	30581	2
22	30582	2
22	30583	2
22	30584	2
22	30585	2
22	30586	2
22	30587	2
22	30588	2
22	30589	2
22	30590	2
22	30591	2
22	30592	2
22	30593	2
22	30594	2
22	30595	2
22	30596	2
22	30597	2
22	30598	1
22	30599	1
22	30600	1
22	30601	1
22	30602	1
22	30603	1
22	30604	1
22	30605	1
22	30606	1
22	30607	1
22	30608	1
22	30609	1
22	30610	1
22	30611	1
22	30612	1
22	30613	1
22	30614	1
22	30615	1
22	30616	1
22	30617	1
22	30618	1
22	30619	1
22	30620	1
22	30621	1
22	30624	1
22	30625	1
22	30626	1
22	30627	1
22	30628	1
22	30629	1
22	30630	1
22	30631	1
22	30632	1
22	30633	1
22	30634	1
22	30635	1
22	30636	1
22	30637	1
22	30638	1
22	30639	1
22	30640	1
22	30641	1
22	30642	1
22	30643	1
22	30644	1
22	30645	1
22	30646	1
22	30647	1
22	30648	1
22	30649	1
22	30650	1
22	30651	1
22	30652	1
22	30653	1
22	30654	1
22	30655	1
22	30656	1
22	30657	1
22	30658	1
22	30659	1
22	30660	1
22	30661	1
22	30662	1
22	30663	1
22	30664	1
22	30665	1
22	30666	1
22	30667	1
22	30668	1
22	30669	1
22	30670	1
22	30671	1
22	30672	1
22	30673	1
22	30679	1
22	30680	1
22	30681	1
22	30682	1
22	30683	1
22	30684	1
22	30685	1
22	30686	1
22	30687	1
22	30688	1
22	30689	2
22	30690	2
22	30691	2
22	30692	2
22	30693	2
22	30694	2
22	30695	2
22	30696	2
22	30697	2
22	30698	2
22	30699	2
22	30700	3
22	30701	3
22	30702	3
22	30703	3
22	30704	3
22	30705	3
22	30706	3
22	30707	3
22	30708	3
22	30709	3
22	30710	4
22	30711	4
22	30712	4
22	30713	5
22	30714	5
22	30715	5
22	30716	5
22	30717	5
22	30718	6
22	30719	6
22	30720	6
22	30721	6
22	30722	6
22	30723	6
22	30724	6
22	30725	6
22	30726	6
22	30727	7
22	30728	7
22	30729	7
22	30730	7
22	30731	7
22	30732	7
22	30733	7
22	30734	7
22	30735	7
22	30736	7
22	30737	7
22	30738	7
22	30739	7
22	30740	7
22	30741	7
22	30742	6
22	30743	5
22	30744	4
22	30745	4
22	30746	4
22	30747	4
22	30748	4
22	30749	4
22	30750	4
22	30751	4
22	30752	2
22	30753	2
22	30754	2
22	30755	2
22	30756	2
22	30757	2
22	30758	2
22	30759	3
22	30760	3
22	30761	2
22	30762	2
22	30763	2
22	30764	2
22	30765	2
22	30766	2
22	30767	2
22	30768	2
22	30769	2
22	30770	2
22	30771	2
22	30772	2
22	30773	2
22	30774	2
22	30775	2
22	30776	2
22	30777	2
22	30778	2
22	30779	2
22	30780	2
22	30781	2
22	30782	2
22	30783	1
22	30784	1
22	30785	1
22	30786	2
22	30787	2
22	30788	2
22	30789	2
22	30790	2
22	30791	2
22	30792	2
22	30793	2
22	30794	2
22	30795	3
22	30796	3
22	30797	3
22	30798	3
22	30799	3
22	30800	3
22	30801	3
22	30802	3
22	30803	3
22	30804	3
22	30805	3
22	30806	3
22	30807	3
22	30808	3
22	30809	3
22	30810	3
22	30811	3
22	30812	3
22	30813	3
22	30814	4
22	30815	4
22	30816	4
22	30817	4
22	30818	4
22	30819	4
22	30820	3
22	30821	3
22	30822	3
22	30823	3
22	30824	3
22	30825	3
22	30826	3
22	30827	5
22	30828	5
22	30829	5
22	30830	5
22	30831	5
22	30832	6
22	30833	6
22	30834	6
22	30835	6
22	30836	6
22	30837	6
22	30838	6
22	30839	6
22	30840	6
22	30841	6
22	30842	6
22	30843	6
22	30844	6
22	30845	6
22	30846	7
22	30847	7
22	30848	7
22	30849	7
22	30850	7
22	30851	7
22	30852	7
22	30853	7
22	30854	7
22	30855	7
22	30856	7
22	30857	6
22	30858	6
22	30859	6
22	30860	6
22	30861	6
22	30862	6
22	30863	6
22	30864	6
22	30865	6
22	30866	5
22	30867	5
22	30868	5
22	30869	5
22	30870	5
22	30871	5
22	30872	5
22	30873	3
22	30874	3
22	30875	3
22	30876	3
22	30877	3
22	30878	3
22	30879	3
22	30880	3
22	30881	3
22	30882	3
22	30883	3
22	30884	2
22	30885	1
22	30936	1
22	30937	1
22	30938	1
22	30939	1
22	30940	1
22	30941	1
22	30942	1
22	30943	1
22	30944	1
22	30945	1
22	30946	1
22	30947	1
22	30948	1
22	30949	1
22	30950	1
22	30951	1
22	30952	1
22	30953	1
22	30954	1
22	30955	1
22	30956	1
22	30957	1
22	30958	1
22	30959	1
22	30960	1
22	30961	1
22	30962	1
22	30963	1
22	30964	1
22	30965	1
22	30966	1
22	30967	1
22	30968	1
22	30969	1
22	30970	1
22	30971	1
22	30972	1
22	30973	1
22	30974	1
22	30975	1
22	30976	1
22	30977	1
22	30978	1
22	30979	1
22	30980	1
22	30981	1
22	30982	1
22	30983	1
22	30984	1
22	30985	1
22	30986	1
22	30987	1
22	30988	1
22	30989	1
22	30990	1
22	30991	1
22	30992	1
22	30993	1
22	30994	1
22	30995	1
22	30996	1
22	31031	1
22	31032	1
22	31033	1
22	31034	1
22	31035	1
22	31036	1
22	31037	1
22	31038	1
22	31039	1
22	31040	1
22	31041	1
22	31042	1
22	31043	1
22	31044	1
22	31045	1
22	31046	1
22	31047	1
22	31048	1
22	31049	1
22	31050	1
22	31051	1
22	31052	1
22	31053	1
22	31054	1
22	31055	1
22	31056	1
22	31057	1
22	31058	1
22	31059	1
22	31060	1
22	31061	2
22	31062	3
22	31063	3
22	31064	3
22	31065	3
22	31066	3
22	31067	3
22	31068	3
22	31069	3
22	31070	3
22	31071	3
22	31072	3
22	31073	3
22	31074	3
22	31075	3
22	31076	3
22	31077	3
22	31078	3
22	31079	3
22	31080	2
22	31081	2
22	31082	2
22	31083	2
22	31084	2
22	31085	2
22	31086	2
22	31087	2
22	31088	2
22	31089	2
22	31090	2
22	31091	2
22	31092	2
22	31093	3
22	31094	3
22	31095	3
22	31096	3
22	31097	3
22	31098	3
22	31099	3
22	31100	2
22	31101	2
22	31102	2
22	31103	2
22	31104	2
22	31105	2
22	31106	2
22	31107	2
22	31108	2
22	31109	2
22	31110	2
22	31111	2
22	31112	2
22	31113	2
22	31114	2
22	31115	2
22	31116	2
22	31117	2
22	31118	2
22	31119	2
22	31120	2
22	31121	2
22	31122	1
22	31123	1
22	31124	1
22	31125	1
22	31126	1
22	31127	1
22	31128	1
22	31129	1
22	31130	1
22	31131	1
22	31132	1
22	31133	1
22	31154	1
22	31155	1
22	31156	2
22	31157	2
22	31158	2
22	31159	2
22	31160	2
22	31161	2
22	31162	2
22	31163	2
22	31164	2
22	31165	2
22	31166	2
22	31167	2
22	31168	2
22	31169	2
22	31170	2
22	31171	2
22	31172	2
22	31173	2
22	31174	3
22	31175	2
22	31176	2
22	31177	2
22	31178	2
22	31179	2
22	31180	2
22	31181	2
22	31182	2
22	31183	2
22	31184	3
22	31185	3
22	31186	3
22	31187	3
22	31188	3
22	31189	3
22	31190	3
22	31191	3
22	31192	3
22	31193	3
22	31194	2
22	31195	2
22	31196	2
22	31197	2
22	31198	2
22	31199	2
22	31200	2
22	31201	2
22	31202	3
22	31203	2
22	31204	2
22	31205	1
22	31206	1
22	31207	1
22	31208	1
22	31209	1
22	31210	2
22	31211	2
22	31212	2
22	31213	2
22	31214	2
22	31215	2
22	31216	2
22	31217	2
22	31218	2
22	31219	2
22	31220	2
22	31221	2
22	31222	2
22	31223	2
22	31224	2
22	31225	2
22	31226	2
22	31227	2
22	31228	2
22	31229	2
22	31230	2
22	31231	2
22	31232	2
22	31233	2
22	31234	2
22	31235	2
22	31236	2
22	31237	2
22	31238	2
22	31239	2
22	31240	2
22	31241	2
22	31242	2
22	31243	2
22	31244	2
22	31245	2
22	31246	2
22	31247	2
22	31248	1
22	31249	1
22	31250	1
22	31251	1
22	31252	1
22	31253	1
22	31254	1
22	31255	1
22	31256	2
22	31257	2
22	31258	2
22	31259	1
22	31260	1
22	31261	1
22	31262	1
22	31263	1
22	31264	1
22	31265	1
22	31266	1
22	31267	1
22	31268	1
22	31269	2
22	31270	2
22	31271	2
22	31272	2
22	31273	2
22	31274	2
22	31275	2
22	31276	2
22	31277	2
22	31278	2
22	31279	2
22	31280	2
22	31281	2
22	31282	2
22	31283	2
22	31284	3
22	31285	3
22	31286	3
22	31287	3
22	31288	3
22	31289	3
22	31290	3
22	31291	3
22	31292	3
22	31293	3
22	31294	3
22	31295	3
22	31296	3
22	31297	3
22	31298	3
22	31299	2
22	31300	2
22	31301	2
22	31302	2
22	31303	2
22	31304	3
22	31305	3
22	31306	3
22	31307	3
22	31308	3
22	31309	2
22	31310	2
22	31311	2
22	31312	2
22	31313	2
22	31314	2
22	31315	3
22	31316	3
22	31317	3
22	31318	3
22	31319	3
22	31320	3
22	31321	3
22	31322	3
22	31323	3
22	31324	3
22	31325	3
22	31326	3
22	31327	3
22	31328	3
22	31329	3
22	31330	3
22	31331	3
22	31332	3
22	31333	3
22	31334	3
22	31335	3
22	31336	3
22	31337	3
22	31338	4
22	31339	4
22	31340	4
22	31341	4
22	31342	3
22	31343	3
22	31344	3
22	31345	3
22	31346	3
22	31347	2
22	31348	3
22	31349	3
22	31350	3
22	31351	3
22	31352	3
22	31353	2
22	31354	3
22	31355	3
22	31356	3
22	31357	3
22	31358	3
22	31359	3
22	31360	3
22	31361	2
22	31362	2
22	31363	2
22	31364	2
22	31365	2
22	31366	1
22	31367	1
22	31368	1
22	31369	1
22	31370	1
22	31371	1
22	31372	2
22	31373	2
22	31374	2
22	31375	2
22	31376	3
22	31377	3
22	31378	3
22	31379	3
22	31380	5
22	31381	5
22	31382	5
22	31383	5
22	31384	5
22	31385	5
22	31386	5
22	31387	5
22	31388	6
22	31389	7
22	31390	7
22	31391	7
22	31392	7
22	31393	7
22	31394	7
22	31395	7
22	31396	7
22	31397	7
22	31398	7
22	31399	7
22	31400	6
22	31401	6
22	31402	6
22	31403	6
22	31404	6
22	31405	5
22	31406	5
22	31407	5
22	31408	5
22	31409	5
22	31410	5
22	31411	5
22	31412	5
22	31413	5
22	31414	5
22	31415	5
22	31416	5
22	31417	5
22	31418	5
22	31419	4
22	31420	4
22	31421	4
22	31422	4
22	31423	4
22	31424	4
22	31425	4
22	31426	4
22	31427	4
22	31428	4
22	31429	4
22	31430	4
22	31431	4
22	31432	4
22	31433	4
22	31434	4
22	31435	3
22	31436	3
22	31437	4
22	31438	4
22	31439	5
22	31440	5
22	31441	5
22	31442	5
22	31443	5
22	31444	4
22	31445	4
22	31446	4
22	31447	4
22	31448	4
22	31449	4
22	31450	4
22	31451	4
22	31452	4
22	31453	4
22	31454	4
22	31455	4
22	31456	4
22	31457	4
22	31458	6
22	31459	6
22	31460	6
22	31461	5
22	31462	5
22	31463	5
22	31464	5
22	31465	5
22	31466	5
22	31467	5
22	31468	5
22	31469	5
22	31470	5
22	31471	5
22	31472	5
22	31473	5
22	31474	5
22	31475	5
22	31476	5
22	31477	4
22	31478	4
22	31479	4
22	31480	3
22	31481	3
22	31482	3
22	31483	3
22	31484	3
22	31485	3
22	31486	3
22	31487	2
22	31488	2
22	31489	2
22	31490	2
22	31491	2
22	31492	2
22	31493	2
22	31494	1
22	31495	1
22	31496	1
22	31497	1
22	31498	1
22	31499	1
22	31500	1
22	31501	1
22	31502	1
22	31503	1
22	31504	1
22	31505	2
22	31506	2
22	31507	2
22	31508	2
22	31509	2
22	31510	2
22	31511	2
22	31512	2
22	31513	2
22	31514	2
22	31515	2
22	31516	2
22	31517	2
22	31518	2
22	31519	2
22	31520	2
22	31521	2
22	31522	2
22	31523	1
22	31524	1
22	31525	2
22	31526	2
22	31527	2
22	31528	2
22	31529	2
22	31530	2
22	31531	2
22	31532	2
22	31533	2
22	31534	2
22	31535	2
22	31536	2
22	31537	3
22	31538	3
22	31539	3
22	31540	3
22	31541	3
22	31542	3
22	31543	3
22	31544	3
22	31545	3
22	31546	3
22	31547	3
22	31548	3
22	31549	3
22	31550	2
22	31551	2
22	31552	2
22	31553	2
22	31554	1
22	31555	1
22	31556	1
22	31557	1
22	31558	1
22	31559	1
22	31560	1
22	31561	1
22	31562	1
22	31563	1
22	31564	1
22	31565	1
22	31566	1
22	31567	1
22	31568	1
22	31569	1
22	31570	1
22	31571	1
22	31572	1
22	31573	1
22	31574	1
22	31575	1
22	31576	1
22	31577	1
22	31578	1
22	31579	1
22	31580	1
22	31588	1
22	31589	1
22	31590	1
22	31591	1
22	31592	2
22	31593	2
22	31594	2
22	31595	2
22	31596	2
22	31597	2
22	31598	2
22	31599	2
22	31600	2
22	31601	2
22	31602	2
22	31603	2
22	31604	2
22	31605	2
22	31606	2
22	31607	2
22	31608	2
22	31609	2
22	31610	2
22	31611	2
22	31612	1
22	31613	1
22	31614	1
22	31615	1
22	31616	1
22	31617	1
22	31618	1
22	31619	1
22	31620	1
22	31665	1
22	31666	1
22	31667	1
22	31668	2
22	31669	2
22	31670	2
22	31671	2
22	31672	2
22	31673	2
22	31674	3
22	31675	3
22	31676	3
22	31677	3
22	31678	3
22	31679	3
22	31680	3
22	31681	4
22	31682	4
22	31683	4
22	31684	4
22	31685	4
22	31686	4
22	31687	4
22	31688	4
22	31689	4
22	31690	4
22	31691	4
22	31692	4
22	31693	4
22	31694	4
22	31695	4
22	31696	4
22	31697	4
22	31698	4
22	31699	4
22	31700	4
22	31701	4
22	31702	4
22	31703	4
22	31704	4
22	31705	4
22	31706	4
22	31707	3
22	31708	3
22	31709	3
22	31710	4
22	31711	4
22	31712	4
22	31713	4
22	31714	4
22	31715	4
22	31716	4
22	31717	5
22	31718	5
22	31719	5
22	31720	5
22	31721	5
22	31722	5
22	31723	5
22	31724	4
22	31725	4
22	31726	4
22	31727	4
22	31728	4
22	31729	4
22	31730	4
22	31731	4
22	31732	4
22	31733	4
22	31734	4
22	31735	4
22	31736	4
22	31737	4
22	31738	4
22	31739	4
22	31740	4
22	31741	3
22	31742	3
22	31743	3
22	31744	3
22	31745	3
22	31746	2
22	31747	2
22	31748	2
22	31749	2
22	31750	3
22	31751	3
22	31752	3
22	31753	3
22	31754	3
22	31755	3
22	31756	3
22	31757	3
22	31758	3
22	31759	3
22	31760	3
22	31761	3
22	31762	3
22	31763	3
22	31764	3
22	31765	3
22	31766	3
22	31767	3
22	31768	3
22	31769	3
22	31770	3
22	31771	3
22	31772	3
22	31773	3
22	31774	3
22	31775	3
22	31776	3
22	31777	3
22	31778	3
22	31779	3
22	31780	2
22	31781	2
22	31782	2
22	31783	2
22	31784	2
22	31785	2
22	31786	2
22	31787	2
22	31788	2
22	31789	2
22	31790	2
22	31791	2
22	31792	2
22	31793	2
22	31794	2
22	31795	2
22	31796	2
22	31797	2
22	31798	2
22	31799	2
22	31800	2
22	31801	2
22	31802	2
22	31803	2
22	31804	2
22	31805	2
22	31806	2
22	31807	2
22	31808	1
22	31809	1
22	31810	1
22	31811	2
22	31812	2
22	31813	2
22	31814	2
22	31815	2
22	31816	2
22	31817	2
22	31818	2
22	31819	2
22	31820	2
22	31821	2
22	31822	2
22	31823	3
22	31824	3
22	31825	3
22	31826	3
22	31827	3
22	31828	3
22	31829	3
22	31830	3
22	31831	3
22	31832	3
22	31833	4
22	31834	4
22	31835	4
22	31836	3
22	31837	3
22	31838	3
22	31839	3
22	31840	3
22	31841	3
22	31842	3
22	31843	3
22	31844	3
22	31845	3
22	31846	3
22	31847	2
22	31848	2
22	31849	2
22	31850	2
22	31851	2
22	31852	2
22	31853	2
22	31854	2
22	31855	2
22	31856	2
22	31857	2
22	31858	2
22	31859	2
22	31860	2
22	31861	2
22	31862	2
22	31863	2
22	31864	2
22	31865	2
22	31866	2
22	31867	2
22	31868	2
22	31869	2
22	31870	2
22	31871	3
22	31872	3
22	31873	3
22	31874	3
22	31875	3
22	31876	2
22	31877	2
22	31878	2
22	31879	2
22	31880	2
22	31881	2
22	31882	2
22	31883	2
22	31884	2
22	31885	2
22	31886	2
22	31887	2
22	31888	2
22	31889	2
22	31890	2
22	31891	2
22	31892	1
22	31893	1
22	31894	1
22	31895	1
22	31896	1
22	31897	1
22	31898	1
22	31899	1
22	31900	1
22	31901	1
22	31902	1
22	31903	1
22	31904	1
22	31905	1
22	31906	1
22	31907	1
22	31908	1
22	31909	1
22	31910	1
22	31911	1
22	31912	1
22	31913	1
22	31914	2
22	31915	2
22	31916	2
22	31917	2
22	31918	2
22	31919	2
22	31920	2
22	31921	2
22	31922	2
22	31923	2
22	31924	2
22	31925	2
22	31926	2
22	31927	1
22	31928	1
22	31929	1
22	31930	1
22	31931	1
22	31932	2
22	31933	2
22	31934	3
22	31935	3
22	31936	3
22	31937	3
22	31938	3
22	31939	3
22	31940	3
22	31941	3
22	31942	3
22	31943	3
22	31944	3
22	31945	3
22	31946	3
22	31947	3
22	31948	3
22	31949	3
22	31950	3
22	31951	3
22	31952	3
22	31953	3
22	31954	3
22	31955	3
22	31956	2
22	31957	2
22	31958	2
22	31959	2
22	31960	2
22	31961	2
22	31962	2
22	31963	2
22	31964	2
22	31965	2
22	31966	2
22	31967	2
22	31968	2
22	31969	2
22	31970	2
22	31971	2
22	31972	2
22	31973	2
22	31974	2
22	31975	2
22	31976	2
22	31977	2
22	31978	2
22	31979	2
22	31980	2
22	31981	2
22	31982	3
22	31983	3
22	31984	3
22	31985	3
22	31986	3
22	31987	3
22	31988	3
22	31989	3
22	31990	3
22	31991	3
22	31992	3
22	31993	3
22	31994	3
22	31995	3
22	31996	3
22	31997	3
22	31998	3
22	31999	3
22	32000	3
22	32001	3
22	32002	3
22	32003	3
22	32004	3
22	32005	3
22	32006	3
22	32007	3
22	32008	3
22	32009	3
22	32010	3
22	32011	3
22	32012	3
22	32013	3
22	32014	3
22	32015	3
22	32016	3
22	32017	3
22	32018	3
22	32019	3
22	32020	3
22	32021	3
22	32022	3
22	32023	3
22	32024	3
22	32025	4
22	32026	4
22	32027	4
22	32028	4
22	32029	4
22	32030	3
22	32031	3
22	32032	1
22	32033	1
22	32034	1
22	32035	1
22	32036	1
22	32037	1
22	32038	1
22	32039	1
22	32040	1
22	32041	1
22	32042	2
22	32043	2
22	32044	2
22	32045	2
22	32046	2
22	32047	2
22	32048	2
22	32049	2
22	32050	2
22	32051	2
22	32052	3
22	32053	3
22	32054	3
22	32055	3
22	32056	3
22	32057	3
22	32058	3
22	32059	3
22	32060	3
22	32061	3
22	32062	3
22	32063	3
22	32064	3
22	32065	3
22	32066	3
22	32067	3
22	32068	3
22	32069	3
22	32070	3
22	32071	3
22	32072	3
22	32073	3
22	32074	3
22	32075	3
22	32076	3
22	32077	3
22	32078	3
22	32079	3
22	32080	3
22	32081	3
22	32082	3
22	32083	3
22	32084	3
22	32085	3
22	32086	3
22	32087	3
22	32088	3
22	32089	3
22	32090	3
22	32091	2
22	32092	2
22	32093	2
22	32094	2
22	32095	2
22	32096	2
22	32097	2
22	32098	2
22	32099	2
22	32100	2
22	32101	2
22	32102	2
22	32103	2
22	32104	2
22	32105	2
22	32106	2
22	32107	2
22	32108	2
22	32109	2
22	32110	2
22	32111	2
22	32112	1
22	32113	1
22	32114	1
22	32115	1
22	32116	1
22	32117	1
22	32118	1
22	32119	1
22	32120	1
22	32121	1
22	32122	1
22	32123	1
22	32124	1
22	32125	1
22	32126	2
22	32127	2
22	32128	2
22	32129	2
22	32130	2
22	32131	2
22	32132	2
22	32133	2
22	32134	2
22	32135	2
22	32136	2
22	32137	2
22	32138	2
22	32139	2
22	32140	2
22	32141	2
22	32142	2
22	32143	2
22	32144	2
22	32145	2
22	32146	2
22	32147	2
22	32148	2
22	32149	2
22	32150	2
22	32151	2
22	32152	3
22	32153	3
22	32154	3
22	32155	3
22	32156	4
22	32157	4
22	32158	4
22	32159	4
22	32160	4
22	32161	4
22	32162	4
22	32163	4
22	32164	4
22	32165	4
22	32166	4
22	32167	4
22	32168	4
22	32169	4
22	32170	3
22	32171	3
22	32172	3
22	32173	3
22	32174	3
22	32175	3
22	32176	3
22	32177	3
22	32178	3
22	32179	3
22	32180	3
22	32181	3
22	32182	3
22	32183	3
22	32184	3
22	32185	3
22	32186	3
22	32187	3
22	32188	3
22	32189	3
22	32190	3
22	32191	3
22	32192	3
22	32193	3
22	32194	3
22	32195	4
22	32196	4
22	32197	4
22	32198	4
22	32199	4
22	32200	4
22	32201	4
22	32202	4
22	32203	4
22	32204	4
22	32205	4
22	32206	4
22	32207	5
22	32208	5
22	32209	4
22	32210	4
22	32211	3
22	32212	3
22	32213	3
22	32214	3
22	32215	3
22	32216	3
22	32217	3
22	32218	3
22	32219	3
22	32220	3
22	32221	4
22	32222	4
22	32223	5
22	32224	5
22	32225	5
22	32226	5
22	32227	5
22	32228	5
22	32229	5
22	32230	5
22	32231	5
22	32232	5
22	32233	5
22	32234	5
22	32235	5
22	32236	5
22	32237	5
22	32238	5
22	32239	4
22	32240	4
22	32241	4
22	32242	5
22	32243	5
22	32244	5
22	32245	5
22	32246	5
22	32247	5
22	32248	5
22	32249	5
22	32250	5
22	32251	5
22	32252	5
22	32253	4
22	32254	4
22	32255	4
22	32256	4
22	32257	4
22	32258	4
22	32259	4
22	32260	3
22	32261	3
22	32262	3
22	32263	3
22	32264	3
22	32265	3
22	32266	3
22	32267	3
22	32268	3
22	32269	3
22	32270	3
22	32271	3
22	32272	3
22	32273	3
22	32274	3
22	32275	3
22	32276	2
22	32277	2
22	32278	2
22	32279	2
22	32280	2
22	32281	2
22	32282	2
22	32283	2
22	32284	2
22	32285	2
22	32286	1
22	32287	2
22	32288	2
22	32289	2
22	32290	2
22	32291	2
22	32292	3
22	32293	3
22	32294	3
22	32295	3
22	32296	3
22	32297	3
22	32298	3
22	32299	3
22	32300	2
22	32301	2
22	32302	2
22	32303	2
22	32304	3
22	32305	3
22	32306	4
22	32307	4
22	32308	4
22	32309	4
22	32310	3
22	32311	3
22	32312	3
22	32313	3
22	32314	3
22	32315	3
22	32316	3
22	32317	3
22	32318	3
22	32319	2
22	32320	2
22	32321	2
22	32322	2
22	32323	2
22	32324	2
22	32325	2
22	32326	1
22	32327	1
22	32328	1
22	32329	1
22	32330	1
22	32331	1
22	32332	1
22	32333	1
22	32334	1
22	32335	1
22	32336	1
22	32337	1
22	32338	1
22	32339	2
22	32340	2
22	32341	2
22	32342	2
22	32343	2
22	32344	2
22	32345	2
22	32346	2
22	32347	2
22	32348	2
22	32349	2
22	32350	2
22	32351	2
22	32352	2
22	32353	2
22	32354	2
22	32355	2
22	32356	2
22	32357	2
22	32358	2
22	32359	2
22	32360	2
22	32361	2
22	32362	2
22	32363	2
22	32364	2
22	32365	2
22	32366	2
22	32367	2
22	32368	2
22	32369	2
22	32370	2
22	32371	2
22	32372	2
22	32373	2
22	32374	2
22	32375	2
22	32376	2
22	32377	2
22	32378	2
22	32379	2
22	32380	2
22	32381	2
22	32382	2
22	32383	2
22	32384	2
22	32385	2
22	32386	1
22	32387	1
22	32388	1
22	32389	1
22	32390	2
22	32391	2
22	32392	1
22	32393	1
22	32394	2
22	32395	2
22	32396	2
22	32397	2
22	32398	2
22	32399	2
22	32400	2
22	32401	2
22	32402	2
22	32403	2
22	32404	2
22	32405	2
22	32406	2
22	32407	2
22	32408	2
22	32409	2
22	32410	2
22	32411	2
22	32412	2
22	32413	2
22	32414	2
22	32415	2
22	32416	2
22	32417	2
22	32418	2
22	32419	2
22	32420	2
22	32421	2
22	32422	2
22	32423	2
22	32424	1
22	32425	1
22	32426	1
22	32427	1
22	32428	1
22	32429	1
22	32430	1
22	32431	1
22	32432	1
22	32433	1
22	32434	1
22	32435	1
22	32436	1
22	32437	1
22	32438	1
22	32439	1
22	32440	1
22	32441	1
22	32442	1
22	32443	1
22	32444	1
22	32445	1
22	32446	1
22	32544	1
22	32545	1
22	32546	1
22	32547	1
22	32548	1
22	32549	1
22	32550	1
22	32551	1
22	32552	1
22	32553	1
22	32554	1
22	32555	1
22	32556	1
22	32557	1
22	32558	1
22	32559	1
22	32560	1
22	32561	1
22	32562	1
22	32563	1
22	32564	2
22	32565	2
22	32566	2
22	32567	2
22	32568	2
22	32569	2
22	32570	2
22	32571	2
22	32572	2
22	32573	2
22	32574	2
22	32575	2
22	32576	2
22	32577	2
22	32578	2
22	32579	2
22	32580	2
22	32581	2
22	32582	2
22	32583	2
22	32584	2
22	32585	2
22	32586	2
22	32587	2
22	32588	2
22	32589	2
22	32590	3
22	32591	3
22	32592	3
22	32593	3
22	32594	3
22	32595	3
22	32596	3
22	32597	3
22	32598	2
22	32599	2
22	32600	2
22	32601	2
22	32602	3
22	32603	3
22	32604	3
22	32605	3
22	32606	2
22	32607	2
22	32608	2
22	32609	2
22	32610	2
22	32611	2
22	32612	2
22	32613	2
22	32614	2
22	32615	2
22	32616	2
22	32617	2
22	32618	2
22	32619	3
22	32620	3
22	32621	3
22	32622	3
22	32623	3
22	32624	5
22	32625	5
22	32626	5
22	32627	5
22	32628	5
22	32629	5
22	32630	5
22	32631	5
22	32632	5
22	32633	5
22	32634	5
22	32635	5
22	32636	5
22	32637	5
22	32638	5
22	32639	5
22	32640	5
22	32641	5
22	32642	5
22	32643	4
22	32644	4
22	32645	4
22	32646	4
22	32647	4
22	32648	4
22	32649	4
22	32650	4
22	32651	3
22	32652	3
22	32653	3
22	32654	3
22	32655	3
22	32656	3
22	32657	2
22	32658	3
22	32659	3
22	32660	3
22	32661	3
22	32662	3
22	32663	3
22	32664	3
22	32665	3
22	32666	3
22	32667	4
22	32668	4
22	32669	5
22	32670	5
22	32671	5
22	32672	5
22	32673	5
22	32674	5
22	32675	5
22	32676	5
22	32677	5
22	32678	5
22	32679	5
22	32680	5
22	32681	5
22	32682	5
22	32683	4
22	32684	4
22	32685	5
22	32686	5
22	32687	5
22	32688	5
22	32689	5
22	32690	5
22	32691	5
22	32692	5
22	32693	5
22	32694	5
22	32695	5
22	32696	5
22	32697	4
22	32698	4
22	32699	4
22	32700	4
22	32701	4
22	32702	4
22	32703	4
22	32704	4
22	32705	4
22	32706	4
22	32707	4
22	32708	4
22	32709	3
22	32710	3
22	32711	3
22	32712	3
22	32713	3
22	32714	3
22	32715	3
22	32716	3
22	32717	3
22	32718	3
22	32719	3
22	32720	3
22	32721	3
22	32722	3
22	32723	3
22	32724	3
22	32725	3
22	32726	3
22	32727	3
22	32728	3
22	32729	3
22	32730	3
22	32731	3
22	32732	3
22	32733	4
22	32734	4
22	32735	4
22	32736	3
22	32737	3
22	32738	3
22	32739	3
22	32740	3
22	32741	3
22	32742	3
22	32743	3
22	32744	3
22	32745	3
22	32746	3
22	32747	3
22	32748	3
22	32749	3
22	32750	3
22	32751	3
22	32752	3
22	32753	3
22	32754	3
22	32755	3
22	32756	3
22	32757	3
22	32758	3
22	32759	3
22	32760	3
22	32761	4
22	32762	4
22	32763	4
22	32764	4
22	32765	5
22	32766	5
22	32767	5
22	32768	5
22	32769	5
22	32770	5
22	32771	5
22	32772	5
22	32773	5
22	32774	6
22	32775	5
22	32776	5
22	32777	5
22	32778	5
22	32779	5
22	32780	5
22	32781	5
22	32782	4
22	32783	4
22	32784	4
22	32785	4
22	32786	4
22	32787	4
22	32788	4
22	32789	4
22	32790	4
22	32791	5
22	32792	5
22	32793	4
22	32794	5
22	32795	5
22	32796	5
22	32797	5
22	32798	5
22	32799	5
22	32800	5
22	32801	5
22	32802	5
22	32803	4
22	32804	5
22	32805	6
22	32806	6
22	32807	6
22	32808	6
22	32809	6
22	32810	6
22	32811	6
22	32812	6
22	32813	6
22	32814	6
22	32815	6
22	32816	6
22	32817	6
22	32818	6
22	32819	6
22	32820	6
22	32821	6
22	32822	6
22	32823	6
22	32824	6
22	32825	6
22	32826	7
22	32827	7
22	32828	8
22	32829	8
22	32830	8
22	32831	8
22	32832	8
22	32833	8
22	32834	8
22	32835	9
22	32836	9
22	32837	8
22	32838	9
22	32839	9
22	32840	8
22	32841	9
22	32842	9
22	32843	9
22	32844	9
22	32845	9
22	32846	9
22	32847	9
22	32848	9
22	32849	8
22	32850	8
22	32851	8
22	32852	8
22	32853	8
22	32854	8
22	32855	8
22	32856	8
22	32857	8
22	32858	8
22	32859	8
22	32860	8
22	32861	8
22	32862	8
22	32863	8
22	32864	7
22	32865	7
22	32866	7
22	32867	7
22	32868	7
22	32869	7
22	32870	7
22	32871	7
22	32872	7
22	32873	7
22	32874	7
22	32875	7
22	32876	7
22	32877	7
22	32878	7
22	32879	7
22	32880	7
22	32881	7
22	32882	7
22	32883	7
22	32884	7
22	32885	6
22	32886	6
22	32887	6
22	32888	6
22	32889	5
22	32890	3
22	32891	3
22	32892	3
22	32893	3
22	32894	3
22	32895	3
22	32896	3
22	32897	2
22	32898	2
22	32899	2
22	32900	2
22	32901	2
22	32902	2
22	32903	2
22	32904	2
22	32905	2
22	32906	2
22	32907	2
22	32908	2
22	32909	2
22	32910	2
22	32911	2
22	32912	2
22	32913	2
22	32914	2
22	32915	2
22	32916	3
22	32917	2
22	32918	2
22	32919	2
22	32920	2
22	32921	2
22	32922	2
22	32923	2
22	32924	2
22	32925	2
22	32926	2
22	32927	2
22	32928	2
22	32929	2
22	32930	2
22	32931	2
22	32932	3
22	32933	3
22	32934	3
22	32935	3
22	32936	3
22	32937	3
22	32938	3
22	32939	3
22	32940	3
22	32941	2
22	32942	2
22	32943	2
22	32944	2
22	32945	2
22	32946	2
22	32947	2
22	32948	2
22	32949	2
22	32950	2
22	32951	2
22	32952	1
22	32953	1
22	32954	1
22	32955	1
22	32956	1
22	32957	1
22	32958	1
22	32959	1
22	32960	1
22	32961	1
22	32962	1
22	32963	1
22	32964	1
22	32965	1
22	32966	1
22	32978	1
22	32979	1
22	32980	1
22	32981	1
22	32982	1
22	32983	1
22	32984	1
22	32985	1
22	32986	1
22	32987	1
22	32988	1
22	32989	1
22	32990	1
22	32991	1
22	32992	1
22	32993	1
22	32994	1
22	32995	1
22	32996	1
22	32997	1
22	32998	1
22	32999	1
22	33000	1
22	33001	1
22	33002	1
22	33003	1
22	33004	1
22	33005	1
22	33006	1
22	33007	1
22	33008	1
22	33009	1
22	33010	1
22	33011	1
22	33012	1
22	33013	1
22	33014	1
22	33015	1
22	33016	1
22	33017	1
22	33018	1
22	33019	1
22	33025	1
22	33026	2
22	33027	2
22	33028	3
22	33029	3
22	33030	4
22	33031	4
22	33032	4
22	33033	4
22	33034	4
22	33035	4
22	33036	4
22	33037	4
22	33038	5
22	33039	5
22	33040	5
22	33041	5
22	33042	6
22	33043	6
22	33044	6
22	33045	6
22	33046	6
22	33047	6
22	33048	6
22	33049	6
22	33050	6
22	33051	5
22	33052	5
22	33053	5
22	33054	5
22	33055	5
22	33056	4
22	33057	4
22	33058	4
22	33059	4
22	33060	4
22	33061	4
22	33062	4
22	33063	4
22	33064	4
22	33065	4
22	33066	4
22	33067	4
22	33068	4
22	33069	4
22	33070	4
22	33071	4
22	33072	4
22	33073	4
22	33074	4
22	33075	3
22	33076	3
22	33077	3
22	33078	2
22	33079	2
22	33080	2
22	33081	2
22	33082	2
22	33083	3
22	33084	3
22	33085	3
22	33086	3
22	33087	3
22	33088	3
22	33089	3
22	33090	3
22	33091	3
22	33092	3
22	33093	3
22	33094	3
22	33095	3
22	33096	3
22	33097	3
22	33098	3
22	33099	3
22	33100	3
22	33101	3
22	33102	3
22	33103	3
22	33104	3
22	33105	3
22	33106	3
22	33107	3
22	33108	3
22	33109	4
22	33110	4
22	33111	4
22	33112	4
22	33113	4
22	33114	4
22	33115	5
22	33116	5
22	33117	5
22	33118	5
22	33119	5
22	33120	5
22	33121	5
22	33122	5
22	33123	5
22	33124	5
22	33125	5
22	33126	5
22	33127	6
22	33128	6
22	33129	6
22	33130	6
22	33131	6
22	33132	6
22	33133	6
22	33134	6
22	33135	6
22	33136	6
22	33137	6
22	33138	6
22	33139	6
22	33140	6
22	33141	7
22	33142	7
22	33143	7
22	33144	7
22	33145	7
22	33146	7
22	33147	7
22	33148	7
22	33149	7
22	33150	7
22	33151	7
22	33152	8
22	33153	6
22	33154	6
22	33155	6
22	33156	6
22	33157	6
22	33158	6
22	33159	6
22	33160	6
22	33161	6
22	33162	6
22	33163	6
22	33164	6
22	33165	6
22	33166	6
22	33167	5
22	33168	5
22	33169	5
22	33170	5
22	33171	4
22	33172	4
22	33173	4
22	33174	3
22	33175	3
22	33176	3
22	33177	3
22	33178	3
22	33179	3
22	33180	3
22	33181	2
22	33182	2
22	33183	2
22	33184	2
22	33185	2
22	33186	2
22	33187	2
22	33188	1
22	33189	1
22	33190	1
22	33191	1
22	33192	1
22	33193	1
22	33194	1
22	33195	1
22	33196	1
22	33197	1
22	33198	1
22	33199	1
22	33200	1
22	33201	1
22	33202	1
22	33203	1
22	33204	1
22	33205	1
22	33206	1
22	33207	1
22	33208	1
22	33209	1
22	33210	1
22	33211	1
22	33212	1
22	33213	1
22	33214	1
22	33215	1
22	33216	1
22	33217	1
22	33218	1
22	33219	1
22	33220	1
22	33221	1
22	33222	1
22	33223	1
22	33224	1
22	33225	1
22	33226	1
22	33227	1
22	33228	1
22	33229	2
22	33230	2
22	33231	2
22	33232	2
22	33233	2
22	33234	2
22	33235	2
22	33236	1
22	33237	1
22	33238	2
22	33239	2
22	33240	2
22	33241	2
22	33242	2
22	33243	2
22	33244	2
22	33245	2
22	33246	2
22	33247	2
22	33248	2
22	33249	2
22	33250	2
22	33251	2
22	33252	2
22	33253	2
22	33254	2
22	33255	2
22	33256	2
22	33257	2
22	33258	2
22	33259	2
22	33260	2
22	33261	2
22	33262	2
22	33263	2
22	33264	2
22	33265	2
22	33266	2
22	33267	2
22	33268	2
22	33269	2
22	33270	2
22	33271	3
22	33272	3
22	33273	3
22	33274	3
22	33275	3
22	33276	3
22	33277	3
22	33278	3
22	33279	3
22	33280	3
22	33281	3
22	33282	3
22	33283	3
22	33284	2
22	33285	2
22	33286	2
22	33287	2
22	33288	2
22	33289	2
22	33290	2
22	33291	2
22	33292	2
22	33293	2
22	33294	2
22	33295	2
22	33296	1
22	33297	1
22	33298	1
22	33312	1
22	33313	1
22	33314	1
22	33315	1
22	33316	1
22	33317	1
22	33318	1
22	33319	1
22	33320	1
22	33321	1
22	33322	1
22	33323	1
22	33324	1
22	33325	1
22	33326	1
22	33327	1
22	33328	1
22	33329	1
22	33330	1
22	33331	1
22	33332	1
22	33333	1
22	33334	1
22	33335	1
22	33336	1
22	33337	1
22	33338	1
22	33339	1
22	33340	1
22	33341	1
22	33342	1
22	33343	1
22	33344	1
22	33355	1
22	33356	1
22	33357	1
22	33358	1
22	33359	1
22	33360	1
22	33361	1
22	33362	1
22	33363	1
22	33364	1
22	33365	1
22	33366	1
22	33367	1
22	33368	1
22	33369	1
22	33370	1
22	33371	1
22	33372	1
22	33373	1
22	33374	2
22	33375	2
22	33376	2
22	33377	2
22	33378	2
22	33379	2
22	33380	2
22	33381	2
22	33382	2
22	33383	2
22	33384	2
22	33385	2
22	33386	2
22	33387	2
22	33388	2
22	33389	2
22	33390	2
22	33391	2
22	33392	2
22	33393	2
22	33394	2
22	33395	2
22	33396	2
22	33397	2
22	33398	2
22	33399	2
22	33400	2
22	33401	2
22	33402	2
22	33403	2
22	33404	2
22	33405	2
22	33406	2
22	33407	2
22	33408	2
22	33409	2
22	33410	2
22	33411	2
22	33412	2
22	33413	2
22	33414	2
22	33415	2
22	33416	2
22	33417	2
22	33418	2
22	33419	2
22	33420	2
22	33421	2
22	33422	2
22	33423	2
22	33424	2
22	33425	1
22	33426	1
22	33427	1
22	33428	1
22	33429	1
22	33430	1
22	33431	1
22	33432	1
22	33433	1
22	33434	1
22	33435	1
22	33436	1
22	33437	1
22	33438	1
22	33439	1
22	33440	1
22	33441	1
22	33442	1
22	33443	1
22	33444	1
22	33445	1
22	33446	1
22	33447	1
22	33448	1
22	33449	1
22	33450	1
22	33451	1
22	33452	1
22	33453	1
22	33454	1
22	33456	1
22	33457	1
22	33458	1
22	33459	1
22	33460	1
22	33461	1
22	33462	1
22	33463	1
22	33464	1
22	33465	1
22	33466	1
22	33467	1
22	33468	1
22	33469	1
22	33470	2
22	33471	2
22	33472	2
22	33473	2
22	33474	2
22	33475	2
22	33476	2
22	33477	2
22	33478	2
22	33479	2
22	33480	2
22	33481	2
22	33482	2
22	33483	2
22	33484	2
22	33485	3
22	33486	3
22	33487	3
22	33488	3
22	33489	3
22	33490	3
22	33491	4
22	33492	4
22	33493	4
22	33494	4
22	33495	4
22	33496	4
22	33497	4
22	33498	4
22	33499	4
22	33500	4
22	33501	4
22	33502	4
22	33503	4
22	33504	4
22	33505	4
22	33506	4
22	33507	4
22	33508	4
22	33509	4
22	33510	4
22	33511	5
22	33512	5
22	33513	5
22	33514	5
22	33515	5
22	33516	5
22	33517	5
22	33518	5
22	33519	5
22	33520	5
22	33521	5
22	33522	5
22	33523	5
22	33524	5
22	33525	5
22	33526	5
22	33527	5
22	33528	5
22	33529	6
22	33530	6
22	33531	6
22	33532	6
22	33533	6
22	33534	5
22	33535	5
22	33536	4
22	33537	3
22	33538	3
22	33539	3
22	33540	3
22	33541	2
22	33542	2
22	33543	2
22	33544	2
22	33545	2
22	33546	2
22	33547	2
22	33548	2
22	33549	2
22	33550	2
22	33551	1
22	33552	1
22	33553	1
22	33554	1
22	33555	1
22	33556	1
22	33557	1
22	33558	1
