22	15502	4
22	15503	4
22	15504	4
22	15505	4
22	15506	4
22	15507	4
22	15508	4
22	15509	5
22	15510	5
22	15511	6
22	15512	6
22	15513	6
22	15514	6
22	15515	6
22	15516	6
22	15517	6
22	15518	6
22	15519	6
22	15520	6
22	15521	6
22	15522	6
22	15523	6
22	15524	6
22	15525	6
22	15526	6
22	15527	6
22	15528	6
22	15529	6
22	15530	6
22	15531	6
22	15532	5
22	15533	5
22	15534	4
22	15535	4
22	15536	4
22	15537	4
22	15538	5
22	15539	5
22	15540	5
22	15541	5
22	15542	5
22	15543	5
22	15544	5
22	15545	4
22	15546	5
22	15547	4
22	15548	4
22	15549	5
22	15550	5
22	15551	5
22	15552	6
22	15553	7
22	15554	7
22	15555	6
22	15556	7
22	15557	8
22	15558	8
22	15559	8
22	15560	8
22	15561	7
22	15562	9
22	15563	9
22	15564	9
22	15565	9
22	15566	9
22	15567	9
22	15568	9
22	15569	7
22	15570	8
22	15571	8
22	15572	8
22	15573	8
22	15574	8
22	15575	8
22	15576	7
22	15577	6
22	15578	7
22	15579	7
22	15580	6
22	15581	6
22	15582	6
22	15583	5
22	15584	4
22	15585	4
22	15586	5
22	15587	5
22	15588	5
22	15589	6
22	15590	6
22	15591	6
22	15592	6
22	15593	7
22	15594	7
22	15595	7
22	15596	8
22	15597	9
22	15598	9
22	15599	8
22	15600	9
22	15601	9
22	15602	10
22	15603	11
22	15604	10
22	15605	10
22	15606	10
22	15607	10
22	15608	10
22	15609	10
22	15610	10
22	15611	10
22	15612	10
22	15613	9
22	15614	9
22	15615	9
22	15616	10
22	15617	10
22	15618	10
22	15619	10
22	15620	8
22	15621	7
22	15622	7
22	15623	8
22	15624	7
22	15625	6
22	15626	5
22	15627	5
22	15628	4
22	15629	4
22	15630	5
22	15631	6
22	15632	7
22	15633	8
22	15634	8
22	15635	7
22	15636	8
22	15637	8
22	15638	8
22	15639	9
22	15640	9
22	15641	11
22	15642	11
22	15643	11
22	15644	12
22	15645	12
22	15646	13
22	15647	13
22	15648	13
22	15649	11
22	15650	10
22	15651	10
22	15652	10
22	15653	10
22	15654	9
22	15655	9
22	15656	8
22	15657	8
22	15658	7
22	15659	8
22	15660	8
22	15661	8
22	15662	8
22	15663	8
22	15664	7
22	15665	7
22	15666	8
22	15667	9
22	15668	9
22	15669	9
22	15670	8
22	15671	8
22	15672	8
22	15673	7
22	15674	7
22	15675	8
22	15676	8
22	15677	10
22	15678	10
22	15679	10
22	15680	10
22	15681	9
22	15682	8
22	15683	8
22	15684	7
22	15685	8
22	15686	8
22	15687	8
22	15688	8
22	15689	9
22	15690	9
22	15691	9
22	15692	9
22	15693	9
22	15694	8
22	15695	8
22	15696	9
22	15697	8
22	15698	8
22	15699	8
22	15700	8
22	15701	8
22	15702	8
22	15703	8
22	15704	8
22	15705	8
22	15706	9
22	15707	9
22	15708	9
22	15709	9
22	15710	9
22	15711	9
22	15712	9
22	15713	10
22	15714	10
22	15715	10
22	15716	9
22	15717	9
22	15718	10
22	15719	10
22	15720	10
22	15721	10
22	15722	10
22	15723	10
22	15724	10
22	15725	9
22	15726	8
22	15727	8
22	15728	8
22	15729	8
22	15730	7
22	15731	7
22	15732	7
22	15733	7
22	15734	8
22	15735	8
22	15736	8
22	15737	8
22	15738	9
22	15739	9
22	15740	8
22	15741	9
22	15742	9
22	15743	9
22	15744	9
22	15745	8
22	15746	7
22	15747	8
22	15748	7
22	15749	7
22	15750	7
22	15751	6
22	15752	5
22	15753	5
22	15754	5
22	15755	5
22	15756	5
22	15757	5
22	15758	5
22	15759	5
22	15760	5
22	15761	4
22	15762	4
22	15763	4
22	15764	4
22	15765	4
22	15766	4
22	15767	5
22	15768	6
22	15769	6
22	15770	6
22	15771	6
22	15772	6
22	15773	6
22	15774	6
22	15775	5
22	15776	5
22	15777	5
22	15778	5
22	15779	4
22	15780	4
22	15781	4
22	15782	4
22	15783	5
22	15784	5
22	15785	5
22	15786	6
22	15787	6
22	15788	6
22	15789	5
22	15790	5
22	15791	4
22	15792	4
22	15793	4
22	15794	4
22	15795	4
22	15796	4
22	15797	4
22	15798	4
22	15799	4
22	15800	5
22	15801	5
22	15802	5
22	15803	4
22	15804	3
22	15805	2
22	15806	2
22	15807	3
22	15808	3
22	15809	3
22	15810	3
22	15811	3
22	15812	3
22	15813	4
22	15814	4
22	15815	4
22	15816	4
22	15817	4
22	15818	4
22	15819	4
22	15820	4
22	15821	4
22	15822	3
22	15823	3
22	15824	3
22	15825	3
22	15826	2
22	15827	2
22	15828	2
22	15829	2
22	15830	2
22	15831	2
22	15832	2
22	15833	2
22	15834	2
22	15835	2
22	15836	2
22	15837	2
22	15838	2
22	15839	2
22	15840	2
22	15841	2
22	15842	2
22	15843	2
22	15844	2
22	15845	2
22	15846	2
22	15847	2
22	15848	3
22	15849	3
22	15850	3
22	15851	3
22	15852	3
22	15853	3
22	15854	3
22	15855	2
22	15856	2
22	15857	2
22	15858	2
22	15859	1
22	15860	1
22	15861	1
22	15862	2
22	15863	2
22	15864	2
22	15865	3
22	15866	4
22	15867	4
22	15868	4
22	15869	4
22	15870	4
22	15871	4
22	15872	4
22	15873	4
22	15874	5
22	15875	5
22	15876	5
22	15877	5
22	15878	5
22	15879	5
22	15880	5
22	15881	5
22	15882	4
22	15883	4
22	15884	4
22	15885	4
22	15886	4
22	15887	5
22	15888	5
22	15889	5
22	15890	5
22	15891	5
22	15892	6
22	15893	6
22	15894	5
22	15895	5
22	15896	5
22	15897	5
22	15898	6
22	15899	6
22	15900	6
22	15901	7
22	15902	7
22	15903	7
22	15904	7
22	15905	7
22	15906	7
22	15907	7
22	15908	8
22	15909	8
22	15910	7
22	15911	8
22	15912	9
22	15913	10
22	15914	9
22	15915	9
22	15916	9
22	15917	10
22	15918	10
22	15919	9
22	15920	9
22	15921	9
22	15922	9
22	15923	9
22	15924	9
22	15925	9
22	15926	9
22	15927	9
22	15928	9
22	15929	8
22	15930	8
22	15931	7
22	15932	6
22	15933	5
22	15934	5
22	15935	6
22	15936	6
22	15937	7
22	15938	7
22	15939	6
22	15940	6
22	15941	6
22	15942	6
22	15943	6
22	15944	6
22	15945	6
22	15946	6
22	15947	7
22	15948	7
22	15949	7
22	15950	7
22	15951	7
22	15952	7
22	15953	8
22	15954	8
22	15955	7
22	15956	7
22	15957	7
22	15958	8
22	15959	8
22	15960	8
22	15961	8
22	15962	9
22	15963	9
22	15964	9
22	15965	9
22	15966	9
22	15967	9
22	15968	9
22	15969	9
22	15970	9
22	15971	9
22	15972	9
22	15973	9
22	15974	9
22	15975	9
22	15976	9
22	15977	10
22	15978	10
22	15979	10
22	15980	10
22	15981	10
22	15982	9
22	15983	9
22	15984	9
22	15985	9
22	15986	9
22	15987	9
22	15988	9
22	15989	8
22	15990	9
22	15991	10
22	15992	10
22	15993	10
22	15994	9
22	15995	9
22	15996	10
22	15997	10
22	15998	10
22	15999	10
22	16000	11
22	16001	10
22	16002	10
22	16003	10
22	16004	9
22	16005	9
22	16006	9
22	16007	8
22	16008	8
22	16009	8
22	16010	8
22	16011	9
22	16012	8
22	16013	8
22	16014	8
22	16015	8
22	16016	8
22	16017	8
22	16018	8
22	16019	8
22	16020	8
22	16021	8
22	16022	7
22	16023	7
22	16024	7
22	16025	7
22	16026	6
22	16027	5
22	16028	6
22	16029	6
22	16030	5
22	16031	5
22	16032	5
22	16033	5
22	16034	5
22	16035	4
22	16036	4
22	16037	4
22	16038	4
22	16039	4
22	16040	4
22	16041	4
22	16042	4
22	16043	4
22	16044	4
22	16045	4
22	16046	4
22	16047	5
22	16048	5
22	16049	5
22	16050	4
22	16051	4
22	16052	5
22	16053	5
22	16054	5
22	16055	5
22	16056	5
22	16057	5
22	16058	5
22	16059	5
22	16060	5
22	16061	5
22	16062	6
22	16063	6
22	16064	5
22	16065	5
22	16066	6
22	16067	6
22	16068	7
22	16069	7
22	16070	7
22	16071	7
22	16072	7
22	16073	7
22	16074	7
22	16075	8
22	16076	8
22	16077	8
22	16078	8
22	16079	9
22	16080	9
22	16081	10
22	16082	10
22	16083	10
22	16084	9
22	16085	9
22	16086	9
22	16087	8
22	16088	8
22	16089	8
22	16090	9
22	16091	9
22	16092	9
22	16093	9
22	16094	9
22	16095	11
22	16096	9
22	16097	9
22	16098	9
22	16099	9
22	16100	9
22	16101	9
22	16102	10
22	16103	10
22	16104	11
22	16105	12
22	16106	12
22	16107	12
22	16108	13
22	16109	14
22	16110	14
22	16111	13
22	16112	13
22	16113	12
22	16114	12
22	16115	11
22	16116	11
22	16117	11
22	16118	11
22	16119	11
22	16120	11
22	16121	11
22	16122	11
22	16123	11
22	16124	11
22	16125	11
22	16126	12
22	16127	11
22	16128	11
22	16129	11
22	16130	11
22	16131	10
22	16132	10
22	16133	9
22	16134	9
22	16135	8
22	16136	8
22	16137	8
22	16138	8
22	16139	7
22	16140	7
22	16141	8
22	16142	8
22	16143	8
22	16144	8
22	16145	7
22	16146	6
22	16147	7
22	16148	6
22	16149	7
22	16150	7
22	16151	7
22	16152	7
22	16153	7
22	16154	7
22	16155	6
22	16156	7
22	16157	7
22	16158	7
22	16159	8
22	16160	7
22	16161	6
22	16162	6
22	16163	7
22	16164	6
22	16165	5
22	16166	5
22	16167	5
22	16168	5
22	16169	5
22	16170	5
22	16171	5
22	16172	5
22	16173	6
22	16174	7
22	16175	6
22	16176	6
22	16177	5
22	16178	5
22	16179	6
22	16180	6
22	16181	7
22	16182	7
22	16183	8
22	16184	8
22	16185	8
22	16186	8
22	16187	8
22	16188	9
22	16189	9
22	16190	9
22	16191	9
22	16192	9
22	16193	9
22	16194	9
22	16195	9
22	16196	10
22	16197	10
22	16198	10
22	16199	9
22	16200	9
22	16201	9
22	16202	9
22	16203	9
22	16204	9
22	16205	9
22	16206	9
22	16207	9
22	16208	8
22	16209	8
22	16210	7
22	16211	7
22	16212	7
22	16213	7
22	16214	7
22	16215	7
22	16216	7
22	16217	7
22	16218	7
22	16219	7
22	16220	7
22	16221	6
22	16222	7
22	16223	7
22	16224	7
22	16225	7
22	16226	7
22	16227	7
22	16228	7
22	16229	7
22	16230	7
22	16231	6
22	16232	6
22	16233	6
22	16234	6
22	16235	6
22	16236	6
22	16237	6
22	16238	6
22	16239	6
22	16240	7
22	16241	7
22	16242	6
22	16243	7
22	16244	6
22	16245	5
22	16246	5
22	16247	6
22	16248	6
22	16249	6
22	16250	6
22	16251	6
22	16252	6
22	16253	7
22	16254	7
22	16255	8
22	16256	9
22	16257	9
22	16258	9
22	16259	10
22	16260	10
22	16261	10
22	16262	10
22	16263	10
22	16264	10
22	16265	11
22	16266	12
22	16267	12
22	16268	11
22	16269	11
22	16270	11
22	16271	11
22	16272	11
22	16273	10
22	16274	11
22	16275	11
22	16276	11
22	16277	11
22	16278	12
22	16279	12
22	16280	11
22	16281	11
22	16282	12
22	16283	12
22	16284	12
22	16285	12
22	16286	11
22	16287	10
22	16288	10
22	16289	10
22	16290	10
22	16291	10
22	16292	10
22	16293	10
22	16294	10
22	16295	10
22	16296	9
22	16297	8
22	16298	8
22	16299	8
22	16300	8
22	16301	7
22	16302	7
22	16303	7
22	16304	7
22	16305	7
22	16306	6
22	16307	4
22	16308	4
22	16309	4
22	16310	4
22	16311	5
22	16312	5
22	16313	4
22	16314	4
22	16315	4
22	16316	4
22	16317	6
22	16318	5
22	16319	5
22	16320	5
22	16321	6
22	16322	6
22	16323	6
22	16324	6
22	16325	6
22	16326	6
22	16327	6
22	16328	6
22	16329	6
22	16330	6
22	16331	6
22	16332	7
22	16333	7
22	16334	7
22	16335	7
22	16336	7
22	16337	7
22	16338	7
22	16339	7
22	16340	7
22	16341	6
22	16342	4
22	16343	4
22	16344	4
22	16345	5
22	16346	5
22	16347	5
22	16348	5
22	16349	5
22	16350	5
22	16351	5
22	16352	5
22	16353	5
22	16354	5
22	16355	5
22	16356	5
22	16357	5
22	16358	5
22	16359	5
22	16360	5
22	16361	5
22	16362	6
22	16363	6
22	16364	5
22	16365	5
22	16366	5
22	16367	6
22	16368	6
22	16369	6
22	16370	6
22	16371	5
22	16372	4
22	16373	4
22	16374	4
22	16375	4
22	16376	4
22	16377	4
22	16378	5
22	16379	5
22	16380	5
22	16381	5
22	16382	5
22	16383	5
22	16384	5
22	16385	7
22	16386	7
22	16387	7
22	16388	6
22	16389	6
22	16390	6
22	16391	6
22	16392	7
22	16393	7
22	16394	8
22	16395	8
22	16396	8
22	16397	8
22	16398	7
22	16399	7
22	16400	7
22	16401	8
22	16402	8
22	16403	8
22	16404	8
22	16405	8
22	16406	8
22	16407	8
22	16408	8
22	16409	7
22	16410	9
22	16411	10
22	16412	9
22	16413	9
22	16414	9
22	16415	9
22	16416	10
22	16417	10
22	16418	11
22	16419	11
22	16420	11
22	16421	12
22	16422	12
22	16423	10
22	16424	12
22	16425	12
22	16426	12
22	16427	12
22	16428	11
22	16429	12
22	16430	11
22	16431	9
22	16432	9
22	16433	9
22	16434	9
22	16435	9
22	16436	9
22	16437	8
22	16438	6
22	16439	6
22	16440	6
22	16441	6
22	16442	6
22	16443	6
22	16444	6
22	16445	6
22	16446	5
22	16447	5
22	16448	6
22	16449	6
22	16450	6
22	16451	6
22	16452	6
22	16453	7
22	16454	7
22	16455	7
22	16456	6
22	16457	5
22	16458	5
22	16459	5
22	16460	5
22	16461	4
22	16462	4
22	16463	4
22	16464	4
22	16465	4
22	16466	4
22	16467	4
22	16468	4
22	16469	4
22	16470	3
22	16471	3
22	16472	2
22	16473	2
22	16474	2
22	16475	2
22	16476	2
22	16477	3
22	16478	3
22	16479	3
22	16480	3
22	16481	3
22	16482	3
22	16483	3
22	16484	3
22	16485	2
22	16486	3
22	16487	2
22	16488	2
22	16489	2
22	16490	2
22	16491	2
22	16492	2
22	16493	2
22	16494	2
22	16495	2
22	16496	2
22	16497	2
22	16498	2
22	16499	2
22	16500	2
22	16501	2
22	16502	3
22	16503	3
22	16504	3
22	16505	3
22	16506	3
22	16507	4
22	16508	4
22	16509	4
22	16510	4
22	16511	5
22	16512	5
22	16513	5
22	16514	5
22	16515	5
22	16516	5
22	16517	5
22	16518	6
22	16519	6
22	16520	6
22	16521	6
22	16522	6
22	16523	6
22	16524	6
22	16525	5
22	16526	4
22	16527	4
22	16528	4
22	16529	4
22	16530	4
22	16531	5
22	16532	5
22	16533	5
22	16534	5
22	16535	5
22	16536	5
22	16537	5
22	16538	5
22	16539	5
22	16540	5
22	16541	5
22	16542	5
22	16543	4
22	16544	4
22	16545	4
22	16546	4
22	16547	4
22	16548	4
22	16549	4
22	16550	3
22	16551	3
22	16552	2
22	16553	2
22	16554	2
22	16555	2
22	16556	2
22	16557	2
22	16558	2
22	16559	2
22	16560	2
22	16561	2
22	16562	2
22	16563	2
22	16564	2
22	16565	2
22	16568	1
22	16569	1
22	16570	1
22	16571	1
22	16572	1
22	16573	1
22	16574	1
22	16575	1
22	16576	1
22	16577	1
22	16578	2
22	16579	2
22	16580	2
22	16581	2
22	16582	2
22	16583	2
22	16584	2
22	16585	2
22	16586	2
22	16587	1
22	16588	1
22	16589	1
22	16590	1
22	16591	1
22	16592	1
22	16593	1
22	16594	2
22	16595	2
22	16596	2
22	16597	2
22	16598	2
22	16599	2
22	16600	2
22	16601	3
22	16602	3
22	16603	4
22	16604	4
22	16605	5
22	16606	5
22	16607	5
22	16608	5
22	16609	5
22	16610	6
22	16611	6
22	16612	6
22	16613	6
22	16614	6
22	16615	6
22	16616	5
22	16617	6
22	16618	6
22	16619	6
22	16620	6
22	16621	6
22	16622	6
22	16623	6
22	16624	6
22	16625	7
22	16626	6
22	16627	6
22	16628	7
22	16629	7
22	16630	5
22	16631	5
22	16632	5
22	16633	5
22	16634	5
22	16635	5
22	16636	5
22	16637	5
22	16638	5
22	16639	5
22	16640	5
22	16641	5
22	16642	5
22	16643	6
22	16644	6
22	16645	6
22	16646	6
22	16647	6
22	16648	6
22	16649	6
22	16650	6
22	16651	6
22	16652	6
22	16653	6
22	16654	6
22	16655	6
22	16656	6
22	16657	5
22	16658	5
22	16659	5
22	16660	5
22	16661	5
22	16662	5
22	16663	5
22	16664	5
22	16665	5
22	16666	5
22	16667	6
22	16668	7
22	16669	7
22	16670	7
22	16671	7
22	16672	7
22	16673	6
22	16674	6
22	16675	5
22	16676	5
22	16677	5
22	16678	6
22	16679	6
22	16680	6
22	16681	6
22	16682	7
22	16683	8
22	16684	9
22	16685	9
22	16686	9
22	16687	10
22	16688	10
22	16689	10
22	16690	10
22	16691	10
22	16692	10
22	16693	10
22	16694	10
22	16695	11
22	16696	12
22	16697	12
22	16698	12
22	16699	12
22	16700	12
22	16701	12
22	16702	12
22	16703	12
22	16704	12
22	16705	12
22	16706	12
22	16707	12
22	16708	11
22	16709	11
22	16710	12
22	16711	12
22	16712	12
22	16713	13
22	16714	12
22	16715	12
22	16716	12
22	16717	12
22	16718	12
22	16719	12
22	16720	12
22	16721	12
22	16722	11
22	16723	11
22	16724	10
22	16725	10
22	16726	9
22	16727	9
22	16728	9
22	16729	8
22	16730	8
22	16731	8
22	16732	7
22	16733	7
22	16734	7
22	16735	7
22	16736	7
22	16737	7
22	16738	7
22	16739	8
22	16740	9
22	16741	9
22	16742	9
22	16743	9
22	16744	10
22	16745	10
22	16746	10
22	16747	10
22	16748	10
22	16749	11
22	16750	11
22	16751	11
22	16752	12
22	16753	12
22	16754	12
22	16755	12
22	16756	12
22	16757	12
22	16758	13
22	16759	13
22	16760	14
22	16761	14
22	16762	13
22	16763	13
22	16764	13
22	16765	14
22	16766	14
22	16767	14
22	16768	14
22	16769	14
22	16770	14
22	16771	14
22	16772	14
22	16773	14
22	16774	14
22	16775	15
22	16776	15
22	16777	14
22	16778	14
22	16779	14
22	16780	14
22	16781	14
22	16782	14
22	16783	14
22	16784	14
22	16785	14
22	16786	14
22	16787	14
22	16788	13
22	16789	13
22	16790	12
22	16791	12
22	16792	12
22	16793	12
22	16794	11
22	16795	10
22	16796	10
22	16797	10
22	16798	11
22	16799	11
22	16800	12
22	16801	13
22	16802	13
22	16803	13
22	16804	13
22	16805	13
22	16806	12
22	16807	12
22	16808	12
22	16809	12
22	16810	12
22	16811	12
22	16812	12
22	16813	11
22	16814	11
22	16815	11
22	16816	11
22	16817	11
22	16818	11
22	16819	11
22	16820	13
22	16821	12
22	16822	11
22	16823	11
22	16824	11
22	16825	10
22	16826	10
22	16827	10
22	16828	10
22	16829	9
22	16830	9
22	16831	8
22	16832	9
22	16833	8
22	16834	8
22	16835	8
22	16836	8
22	16837	8
22	16838	8
22	16839	8
22	16840	8
22	16841	7
22	16842	7
22	16843	6
22	16844	6
22	16845	6
22	16846	6
22	16847	7
22	16848	7
22	16849	7
22	16850	7
22	16851	7
22	16852	7
22	16853	7
22	16854	6
22	16855	6
22	16856	6
22	16857	6
22	16858	6
22	16859	5
22	16860	5
22	16861	6
22	16862	7
22	16863	8
22	16864	8
22	16865	7
22	16866	6
22	16867	6
22	16868	5
22	16869	5
22	16870	5
22	16871	5
22	16872	5
22	16873	5
22	16874	5
22	16875	5
22	16876	4
22	16877	5
22	16878	4
22	16879	5
22	16880	5
22	16881	5
22	16882	5
22	16883	6
22	16884	7
22	16885	7
22	16886	7
22	16887	7
22	16888	7
22	16889	7
22	16890	7
22	16891	8
22	16892	8
22	16893	8
22	16894	8
22	16895	9
22	16896	9
22	16897	10
22	16898	10
22	16899	10
22	16900	10
22	16901	10
22	16902	9
22	16903	9
22	16904	9
22	16905	9
22	16906	10
22	16907	10
22	16908	11
22	16909	11
22	16910	11
22	16911	11
22	16912	11
22	16913	11
22	16914	11
22	16915	12
22	16916	12
22	16917	12
22	16918	12
22	16919	11
22	16920	11
22	16921	11
22	16922	11
22	16923	10
22	16924	10
22	16925	9
22	16926	9
22	16927	9
22	16928	9
22	16929	9
22	16930	9
22	16931	8
22	16932	7
22	16933	9
22	16934	9
22	16935	8
22	16936	8
22	16937	8
22	16938	8
22	16939	8
22	16940	8
22	16941	8
22	16942	8
22	16943	8
22	16944	8
22	16945	8
22	16946	7
22	16947	8
22	16948	8
22	16949	9
22	16950	9
22	16951	9
22	16952	9
22	16953	6
22	16954	6
22	16955	6
22	16956	6
22	16957	6
22	16958	6
22	16959	5
22	16960	5
22	16961	5
22	16962	4
22	16963	4
22	16964	4
22	16965	4
22	16966	4
22	16967	4
22	16968	4
22	16969	4
22	16970	3
22	16971	3
22	16972	3
22	16973	3
22	16974	4
22	16975	4
22	16976	4
22	16977	6
22	16978	6
22	16979	6
22	16980	6
22	16981	6
22	16982	6
22	16983	6
22	16984	6
22	16985	6
22	16986	6
22	16987	6
22	16988	6
22	16989	6
22	16990	6
22	16991	8
22	16992	8
22	16993	8
22	16994	8
22	16995	9
22	16996	9
22	16997	9
22	16998	9
22	16999	9
22	17000	8
22	17001	8
22	17002	8
22	17003	7
22	17004	7
22	17005	7
22	17006	7
22	17007	8
22	17008	8
22	17009	8
22	17010	8
22	17011	8
22	17012	9
22	17013	9
22	17014	7
22	17015	7
22	17016	8
22	17017	8
22	17018	7
22	17019	8
22	17020	9
22	17021	10
22	17022	11
22	17023	11
22	17024	12
22	17025	12
22	17026	13
22	17027	13
22	17028	13
22	17029	12
22	17030	14
22	17031	14
22	17032	14
22	17033	14
22	17034	14
22	17035	14
22	17036	13
22	17037	12
22	17038	12
22	17039	12
22	17040	12
22	17041	12
22	17042	12
22	17043	12
22	17044	12
22	17045	11
22	17046	9
22	17047	8
22	17048	8
22	17049	8
22	17050	8
22	17051	7
22	17052	6
22	17053	5
22	17054	4
22	17055	3
22	17056	3
22	17057	3
22	17058	4
22	17059	4
22	17060	4
22	17061	6
22	17062	6
22	17063	6
22	17064	6
22	17065	6
22	17066	7
22	17067	7
22	17068	8
22	17069	7
22	17070	7
22	17071	6
22	17072	6
22	17073	8
22	17074	8
22	17075	8
22	17076	9
22	17077	9
22	17078	9
22	17079	8
22	17080	7
22	17081	7
22	17082	6
22	17083	6
22	17084	6
22	17085	6
22	17086	5
22	17087	5
22	17088	5
22	17089	5
22	17090	5
22	17091	5
22	17092	5
22	17093	5
22	17094	6
22	17095	6
22	17096	6
22	17097	6
22	17098	6
22	17099	6
22	17100	6
22	17101	6
22	17102	5
22	17103	5
22	17104	5
22	17105	6
22	17106	7
22	17107	7
22	17108	6
22	17109	6
22	17110	6
22	17111	5
22	17112	7
22	17113	7
22	17114	7
22	17115	8
22	17116	8
22	17117	8
22	17118	8
22	17119	8
22	17120	8
22	17121	8
22	17122	7
22	17123	7
22	17124	5
22	17125	5
22	17126	5
22	17127	5
22	17128	5
22	17129	5
22	17130	5
22	17131	4
22	17132	4
22	17133	4
22	17134	4
22	17135	4
22	17136	4
22	17137	4
22	17138	4
22	17139	4
22	17140	4
22	17141	4
22	17142	3
22	17143	3
22	17144	2
22	17145	2
22	17146	2
22	17147	3
22	17148	3
22	17149	3
22	17150	3
22	17151	3
22	17152	3
22	17153	3
22	17154	2
22	17155	2
22	17156	3
22	17157	4
22	17158	4
22	17159	4
22	17160	5
22	17161	6
22	17162	9
22	17163	10
22	17164	10
22	17165	10
22	17166	10
22	17167	11
22	17168	11
22	17169	12
22	17170	12
22	17171	12
22	17172	11
22	17173	11
22	17174	11
22	17175	11
22	17176	11
22	17177	11
22	17178	11
22	17179	11
22	17180	10
22	17181	9
22	17182	9
22	17183	8
22	17184	8
22	17185	9
22	17186	9
22	17187	9
22	17188	9
22	17189	8
22	17190	8
22	17191	8
22	17192	8
22	17193	8
22	17194	8
22	17195	8
22	17196	8
22	17197	8
22	17198	7
22	17199	7
22	17200	8
22	17201	8
22	17202	8
22	17203	9
22	17204	9
22	17205	10
22	17206	10
22	17207	9
22	17208	9
22	17209	9
22	17210	9
22	17211	8
22	17212	8
22	17213	9
22	17214	9
22	17215	9
22	17216	9
22	17217	9
22	17218	9
22	17219	9
22	17220	9
22	17221	9
22	17222	9
22	17223	8
22	17224	8
22	17225	8
22	17226	7
22	17227	7
22	17228	7
22	17229	7
22	17230	8
22	17231	7
22	17232	6
22	17233	6
22	17234	6
22	17235	6
22	17236	6
22	17237	7
22	17238	8
22	17239	7
22	17240	8
22	17241	8
22	17242	8
22	17243	8
22	17244	8
22	17245	8
22	17246	8
22	17247	8
22	17248	9
22	17249	9
22	17250	10
22	17251	9
22	17252	9
22	17253	9
22	17254	9
22	17255	9
22	17256	10
22	17257	10
22	17258	10
22	17259	9
22	17260	9
22	17261	9
22	17262	9
22	17263	9
22	17264	8
22	17265	8
22	17266	8
22	17267	7
22	17268	5
22	17269	5
22	17270	4
22	17271	4
22	17272	3
22	17273	3
22	17274	2
22	17275	2
22	17276	2
22	17277	2
22	17278	2
22	17279	2
22	17280	2
22	17281	2
22	17282	2
22	17283	2
22	17284	2
22	17285	2
22	17286	2
22	17287	2
22	17288	1
22	17289	1
22	17290	1
22	17291	1
22	17292	1
22	17293	1
22	17296	1
22	17297	2
22	17298	2
22	17299	2
22	17300	2
22	17301	2
22	17302	2
22	17303	2
22	17304	2
22	17305	2
22	17306	2
22	17307	2
22	17308	2
22	17309	2
22	17310	2
22	17311	2
22	17312	2
22	17313	2
22	17314	3
22	17315	4
22	17316	4
22	17317	4
22	17318	4
22	17319	4
22	17320	4
22	17321	4
22	17322	5
22	17323	6
22	17324	6
22	17325	6
22	17326	6
22	17327	6
22	17328	6
22	17329	5
22	17330	5
22	17331	5
22	17332	5
22	17333	5
22	17334	3
22	17335	3
22	17336	3
22	17337	4
22	17338	4
22	17339	4
22	17340	4
22	17341	3
22	17342	2
22	17343	2
22	17344	3
22	17345	3
22	17346	3
22	17347	3
22	17348	3
22	17349	3
22	17350	2
22	17351	2
22	17352	2
22	17353	2
22	17354	2
22	17355	2
22	17356	3
22	17357	3
22	17358	4
22	17359	4
22	17360	4
22	17361	4
22	17362	4
22	17363	4
22	17364	4
22	17365	4
22	17366	4
22	17367	4
22	17368	4
22	17369	4
22	17370	4
22	17371	4
22	17372	4
22	17373	5
22	17374	5
22	17375	5
22	17376	4
22	17377	3
22	17378	3
22	17379	3
22	17380	3
22	17381	3
22	17382	3
22	17383	3
22	17384	3
22	17385	4
22	17386	4
22	17387	4
22	17388	5
22	17389	5
22	17390	5
22	17391	5
22	17392	5
22	17393	5
22	17394	5
22	17395	5
22	17396	4
22	17397	4
22	17398	4
22	17399	3
22	17400	3
22	17401	3
22	17402	3
22	17403	3
22	17404	3
22	17405	3
22	17406	2
22	17407	2
22	17408	2
22	17409	2
22	17410	2
22	17411	2
22	17412	2
22	17413	2
22	17414	2
22	17415	2
22	17416	2
22	17417	2
22	17418	2
22	17419	2
22	17420	2
22	17421	2
22	17422	2
22	17423	2
22	17424	2
22	17425	2
22	17426	3
22	17427	3
22	17428	3
22	17429	3
22	17430	3
22	17431	3
22	17432	3
22	17433	3
22	17434	3
22	17435	3
22	17436	3
22	17437	3
22	17438	3
22	17439	3
22	17440	3
22	17441	3
22	17442	4
22	17443	4
22	17444	5
22	17445	6
22	17446	6
22	17447	7
22	17448	7
22	17449	7
22	17450	7
22	17451	7
22	17452	7
22	17453	7
22	17454	7
22	17455	8
22	17456	8
22	17457	8
22	17458	8
22	17459	8
22	17460	8
22	17461	7
22	17462	7
22	17463	7
22	17464	8
22	17465	8
22	17466	9
22	17467	10
22	17468	9
22	17469	9
22	17470	10
22	17471	10
22	17472	10
22	17473	10
22	17474	10
22	17475	11
22	17476	11
22	17477	12
22	17478	13
22	17479	13
22	17480	13
22	17481	13
22	17482	13
22	17483	13
22	17484	13
22	17485	13
22	17486	12
22	17487	13
22	17488	13
22	17489	13
22	17490	12
22	17491	12
22	17492	12
22	17493	11
22	17494	12
22	17495	11
22	17496	11
22	17497	11
22	17498	11
22	17499	11
22	17500	11
22	17501	11
22	17502	11
22	17503	11
22	17504	11
22	17505	11
22	17506	11
22	17507	11
22	17508	11
22	17509	11
22	17510	11
22	17511	10
22	17512	10
22	17513	10
22	17514	10
22	17515	10
22	17516	10
22	17517	8
22	17518	8
22	17519	7
22	17520	6
22	17521	6
22	17522	6
22	17523	6
22	17524	7
22	17525	7
22	17526	7
22	17527	6
22	17528	5
22	17529	6
22	17530	6
22	17531	6
22	17532	6
22	17533	6
22	17534	5
22	17535	6
22	17536	8
22	17537	8
22	17538	8
22	17539	8
22	17540	8
22	17541	8
22	17542	8
22	17543	8
22	17544	7
22	17545	8
22	17546	7
22	17547	7
22	17548	7
22	17549	7
22	17550	7
22	17551	7
22	17552	7
22	17553	7
22	17554	7
22	17555	7
22	17556	6
22	17557	6
22	17558	6
22	17559	6
22	17560	6
22	17561	6
22	17562	5
22	17563	4
22	17564	4
22	17565	4
22	17566	4
22	17567	4
22	17568	3
22	17569	3
22	17570	3
22	17571	3
22	17572	3
22	17573	2
22	17574	2
22	17575	2
22	17576	2
22	17577	2
22	17578	2
22	17579	2
22	17580	2
22	17581	1
22	17582	1
22	17583	1
22	17584	1
22	17585	1
22	17586	1
22	17587	1
22	17588	1
22	17589	1
22	17590	1
22	17591	1
22	17592	1
22	17593	1
22	17620	1
22	17621	1
22	17622	1
22	17623	1
22	17624	1
22	17625	1
22	17626	1
22	17627	1
22	17628	1
22	17629	1
22	17630	1
22	17631	1
22	17632	1
22	17633	1
22	17634	1
22	17635	1
22	17636	1
22	17637	2
22	17638	2
22	17639	2
22	17640	1
22	17641	1
22	17642	1
22	17643	1
22	17644	1
22	17645	1
22	17646	1
22	17647	1
22	17648	1
22	17649	1
22	17650	1
22	17651	1
22	17652	1
22	17691	1
22	17692	1
22	17693	1
22	17694	1
22	17695	1
22	17696	1
22	17697	1
22	17698	1
22	17699	0
22	17700	1
22	17701	1
22	17702	1
22	17703	1
22	17704	1
22	17705	1
22	17706	1
22	17707	1
22	17708	1
22	17709	1
22	17710	1
22	17711	1
22	17712	1
22	19977	2
22	19978	2
22	19979	2
22	19980	2
22	19981	2
22	19982	2
22	19983	2
22	19984	2
22	19985	2
22	19986	3
22	19987	3
22	19988	3
22	19989	3
22	19990	4
22	19991	4
22	19992	4
22	19993	4
22	19994	4
22	19995	4
22	19996	4
22	19997	4
22	19998	5
22	19999	5
22	20000	5
22	20001	5
22	20002	5
22	20003	5
22	20004	5
22	20005	5
22	20006	5
22	20007	5
22	20008	5
22	20009	5
22	20010	5
22	20011	5
22	20012	6
22	20013	7
22	20014	7
22	20015	7
22	20016	7
22	20017	7
22	20018	8
22	20019	8
22	20020	8
22	20021	8
22	20022	8
22	20023	8
22	20024	8
22	20025	9
22	20026	9
22	20027	9
22	20028	9
22	20029	10
22	20030	11
22	20031	11
22	20032	11
22	20033	11
22	20034	11
22	20035	11
22	20036	11
22	20037	11
22	20038	11
22	20039	12
22	20040	12
22	20041	12
22	20042	13
22	20043	13
22	20044	13
22	20045	13
22	20046	12
22	20047	12
22	20048	12
22	20049	14
22	20050	13
22	20051	14
22	20052	14
22	20053	14
22	20054	14
22	20055	14
22	20056	14
22	20057	14
22	20058	13
22	20059	13
22	20060	13
22	20061	12
22	20062	12
22	20063	12
22	20064	12
22	20065	12
22	20066	11
22	20067	12
22	20068	13
22	20069	14
22	20070	14
22	20071	14
22	20072	15
22	20073	14
22	20074	14
22	20075	14
22	20076	14
22	20077	13
22	20078	16
22	20079	16
22	20080	15
22	20081	15
22	20082	14
22	20083	15
22	20084	15
22	20085	15
22	20086	13
22	20087	13
22	20088	14
22	20089	14
22	20090	13
22	20091	13
22	20092	13
22	20093	13
22	20094	13
22	20095	12
22	20096	12
22	20097	12
22	20098	11
22	20099	11
22	20100	12
22	20101	14
22	20102	13
22	20103	12
22	20104	12
22	20105	12
22	20106	12
22	20107	12
22	20108	12
22	20109	11
22	20110	11
22	20111	11
22	20112	10
22	20113	9
22	20114	9
22	20115	10
22	20116	10
22	20117	9
22	20118	8
22	20119	8
22	20120	9
22	20121	9
22	20122	9
22	20123	9
22	20124	10
22	20125	10
22	20126	10
22	20127	10
22	20128	9
22	20129	9
22	20130	7
22	20131	6
22	20132	6
22	20133	6
22	20134	6
22	20135	7
22	20136	7
22	20137	7
22	20138	7
22	20139	7
22	20140	8
22	20141	8
22	20142	7
22	20143	8
22	20144	8
22	20145	8
22	20146	8
22	20147	8
22	20148	8
22	20149	8
22	20150	8
22	20151	8
22	20152	8
22	20153	8
22	20154	8
22	20155	8
22	20156	8
22	20157	8
22	20158	8
22	20159	8
22	20160	7
22	20161	7
22	20162	6
22	20163	6
22	20164	6
22	20165	6
22	20166	5
22	20167	5
22	20168	6
22	20169	7
22	20170	7
22	20171	7
22	20172	7
22	20173	8
22	20174	9
22	20175	11
22	20176	13
22	20177	14
22	20178	15
22	20179	16
22	20180	16
22	20181	16
22	20182	16
22	20183	16
22	20184	16
22	20185	16
22	20186	17
22	20187	17
22	20188	18
22	20189	18
22	20190	18
22	20191	17
22	20192	16
22	20193	16
22	20194	15
22	20195	15
22	20196	12
22	20197	11
22	20198	9
22	20199	8
22	20200	8
22	20201	7
22	20202	7
22	20203	7
22	20204	6
22	20205	6
22	20206	7
22	20207	7
22	20208	7
22	20209	7
22	20210	7
22	20211	7
22	20212	7
22	20213	8
22	20214	7
22	20215	7
22	20216	7
22	20217	7
22	20218	7
22	20219	7
22	20220	7
22	20221	7
22	20222	7
22	20223	7
22	20224	7
22	20225	7
22	20226	7
22	20227	8
22	20228	7
22	20229	6
22	20230	6
22	20231	6
22	20232	5
22	20233	5
22	20234	5
22	20235	5
22	20236	5
22	20237	4
22	20238	4
22	20239	4
22	20240	4
22	20241	4
22	20242	4
22	20243	5
22	20244	5
22	20245	5
22	20246	5
22	20247	5
22	20248	5
22	20249	5
22	20250	5
22	20251	5
22	20252	5
22	20253	5
22	20254	5
22	20255	5
22	20256	5
22	20257	5
22	20258	5
22	20259	5
22	20260	5
22	20261	5
22	20262	5
22	20263	5
22	20264	4
22	20265	4
22	20266	4
22	20267	5
22	20268	5
22	20269	5
22	20270	5
22	20271	6
22	20272	6
22	20273	6
22	20274	6
22	20275	6
22	20276	6
22	20277	6
22	20278	6
22	20279	6
22	20280	6
22	20281	6
22	20282	6
22	20283	6
22	20284	6
22	20285	6
22	20286	6
22	20287	6
22	20288	6
22	20289	5
22	20290	4
22	20291	4
22	20292	4
22	20293	4
22	20294	4
22	20295	4
22	20296	5
22	20297	5
22	20298	5
22	20299	5
22	20300	5
22	20301	5
22	20302	5
22	20303	5
22	20304	4
22	20305	5
22	20306	5
22	20307	6
22	20308	6
22	20309	5
22	20310	5
22	20311	5
22	20312	5
22	20313	6
22	20314	5
22	20315	5
22	20316	5
22	20317	5
22	20318	5
22	20319	5
22	20320	5
22	20321	6
22	20322	7
22	20323	7
22	20324	7
22	20325	8
22	20326	8
22	20327	8
22	20328	8
22	20329	8
22	20330	8
22	20331	8
22	20332	8
22	20333	9
22	20334	10
22	20335	10
22	20336	10
22	20337	10
22	20338	10
22	20339	10
22	20340	10
22	20341	10
22	20342	10
22	20343	10
22	20344	10
22	20345	10
22	20346	10
22	20347	10
22	20348	10
22	20349	11
22	20350	11
22	20351	11
22	20352	12
22	20353	12
22	20354	11
22	20355	11
22	20356	11
22	20357	12
22	20358	12
22	20359	12
22	20360	12
22	20361	12
22	20362	13
22	20363	14
22	20364	13
22	20365	14
22	20366	15
22	20367	15
22	20368	15
22	20369	15
22	20370	15
22	20371	14
22	20372	14
22	20373	15
22	20374	13
22	20375	13
22	20376	13
22	20377	13
22	20378	13
22	20379	11
22	20380	11
22	20381	12
22	20382	10
22	20383	10
22	20384	11
22	20385	10
22	20386	10
22	20387	11
22	20388	11
22	20389	11
22	20390	11
22	20391	11
22	20392	11
22	20393	12
22	20394	12
22	20395	12
22	20396	12
22	20397	12
22	20398	11
22	20399	10
22	20400	10
22	20401	10
22	20402	10
22	20403	10
22	20404	10
22	20405	10
22	20406	10
22	20407	11
22	20408	11
22	20409	11
22	20410	11
22	20411	11
22	20412	10
22	20413	10
22	20414	10
22	20415	9
22	20416	8
22	20417	9
22	20418	9
22	20419	10
22	20420	10
22	20421	10
22	20422	10
22	20423	10
22	20424	10
22	20425	11
22	20426	11
22	20427	11
22	20428	11
22	20429	12
22	20430	13
22	20431	13
22	20432	13
22	20433	12
22	20434	12
22	20435	11
22	20436	10
22	20437	10
22	20438	10
22	20439	10
22	20440	9
22	20441	8
22	20442	9
22	20443	9
22	20444	9
22	20445	9
22	20446	11
22	20447	11
22	20448	11
22	20449	11
22	20450	11
22	20451	11
22	20452	12
22	20453	13
22	20454	13
22	20455	13
22	20456	13
22	20457	12
22	20458	12
22	20459	12
22	20460	11
22	20461	10
22	20462	11
22	20463	10
22	20464	10
22	20465	10
22	20466	11
22	20467	11
22	20468	11
22	20469	11
22	20470	12
22	20471	12
22	20472	12
22	20473	11
22	20474	11
22	20475	11
22	20476	11
22	20477	11
22	20478	11
22	20479	11
22	20480	11
22	20481	9
22	20482	10
22	20483	10
22	20484	11
22	20485	11
22	20486	12
22	20487	11
22	20488	12
22	20489	11
22	20490	10
22	20491	10
22	20492	10
22	20493	10
22	20494	11
22	20495	11
22	20496	11
22	20497	11
22	20498	10
22	20499	10
22	20500	9
22	20501	10
22	20502	10
22	20503	10
22	20504	9
22	20505	9
22	20506	10
22	20507	11
22	20508	11
22	20509	11
22	20510	11
22	20511	10
22	20512	11
22	20513	11
22	20514	9
22	20515	9
22	20516	9
22	20517	10
22	20518	9
22	20519	9
22	20520	9
22	20521	9
22	20522	9
22	20523	10
22	20524	9
22	20525	8
22	20526	8
22	20527	9
22	20528	9
22	20529	10
22	20530	9
22	20531	10
22	20532	9
22	20533	10
22	20534	10
22	20535	10
22	20536	9
22	20537	9
22	20538	9
22	20539	9
22	20540	8
22	20541	8
22	20542	7
22	20543	8
22	20544	9
22	20545	10
22	20546	10
22	20547	10
22	20548	10
22	20549	11
22	20550	10
22	20551	10
22	20552	10
22	20553	10
22	20554	11
22	20555	11
22	20556	12
22	20557	12
22	20558	12
22	20559	12
22	20560	11
22	20561	11
22	20562	9
22	20563	9
22	20564	9
22	20565	10
22	20566	10
22	20567	10
22	20568	9
22	20569	9
22	20570	8
22	20571	7
22	20572	7
22	20573	8
22	20574	8
22	20575	7
22	20576	7
22	20577	7
22	20578	6
22	20579	7
22	20580	7
22	20581	7
22	20582	7
22	20583	7
22	20584	7
22	20585	8
22	20586	8
22	20587	7
22	20588	6
22	20589	7
22	20590	7
22	20591	7
22	20592	7
22	20593	7
22	20594	7
22	20595	6
22	20596	6
22	20597	7
22	20598	7
22	20599	7
22	20600	7
22	20601	7
22	20602	7
22	20603	7
22	20604	7
22	20605	7
22	20606	7
22	20607	7
22	20608	8
22	20609	8
22	20610	8
22	20611	11
22	20612	10
22	20613	10
22	20614	10
22	20615	10
22	20616	10
22	20617	10
22	20618	9
22	20619	9
22	20620	9
22	20621	10
22	20622	10
22	20623	9
22	20624	9
22	20625	8
22	20626	7
22	20627	8
22	20628	8
22	20629	8
22	20630	8
22	20631	8
22	20632	8
22	20633	8
22	20634	8
22	20635	8
22	20636	7
22	20637	6
22	20638	7
22	20639	7
22	20640	7
22	20641	6
22	20642	6
22	20643	6
22	20644	6
22	20645	6
22	20646	6
22	20647	6
22	20648	6
22	20649	6
22	20650	6
22	20651	5
22	20652	5
22	20653	5
22	20654	3
22	20655	3
22	20656	3
22	20657	3
22	20658	3
22	20659	2
22	20660	2
22	20661	2
22	20662	2
22	20663	1
22	20664	1
22	20665	1
22	20666	1
22	20667	1
22	20668	1
22	20669	2
22	20670	2
22	20671	2
22	20672	2
22	20673	2
22	20674	2
22	20675	2
22	20676	2
22	20677	2
22	20678	2
22	20679	2
22	20680	2
22	20681	2
22	20682	2
22	20683	1
22	20684	1
22	20685	1
22	20686	2
22	20687	3
22	20688	3
22	20689	3
22	20690	3
22	20691	3
22	20692	3
22	20693	3
22	20694	3
22	20695	3
22	20696	3
22	20697	3
22	20698	3
22	20699	3
22	20700	3
22	20701	3
22	20702	3
22	20703	4
22	20704	4
22	20705	4
22	20706	4
22	20707	4
22	20708	4
22	20709	4
22	20710	4
22	20711	4
22	20712	5
22	20713	5
22	20714	5
22	20715	5
22	20716	5
22	20717	5
22	20718	5
22	20719	5
22	20720	5
22	20721	4
22	20722	5
22	20723	5
22	20724	5
22	20725	6
22	20726	6
22	20727	6
22	20728	6
22	20729	5
22	20730	4
22	20731	4
22	20732	4
22	20733	4
22	20734	2
22	20735	3
22	20736	4
22	20737	4
22	20738	4
22	20739	5
22	20740	5
22	20741	5
22	20742	5
22	20743	5
22	20744	5
22	20745	4
22	20746	4
22	20747	4
22	20748	4
22	20749	4
22	20750	4
22	20751	4
22	20752	5
22	20753	5
22	20754	4
22	20755	4
22	20756	4
22	20757	3
22	20758	2
22	20759	2
22	20760	2
22	20761	2
22	20762	1
22	20763	1
22	20764	1
22	20765	1
22	20766	1
22	20767	1
22	20768	1
22	20769	1
22	20770	2
22	20771	2
22	20772	2
22	20773	2
22	20774	2
22	20775	2
22	20776	2
22	20777	3
22	20778	3
22	20779	4
22	20780	4
22	20781	4
22	20782	4
22	20783	5
22	20784	5
22	20785	5
22	20786	6
22	20787	6
22	20788	6
22	20789	6
22	20790	6
22	20791	6
22	20792	6
22	20793	6
22	20794	5
22	20795	5
22	20796	5
22	20797	6
22	20798	6
22	20799	6
22	20800	6
22	20801	5
22	20802	5
22	20803	5
22	20804	5
22	20805	5
22	20806	4
22	20807	4
22	20808	4
22	20809	3
22	20810	3
22	20811	3
22	20812	3
22	20813	3
22	20814	3
22	20815	3
22	20816	3
22	20817	3
22	20818	2
22	20819	2
22	20820	2
22	20821	2
22	20822	2
22	20823	3
22	20824	3
22	20825	3
22	20826	3
22	20827	3
22	20828	3
22	20829	3
22	20830	3
22	20831	3
22	20832	2
22	20833	2
22	20834	2
22	20835	2
22	20836	2
22	20837	1
22	20838	1
22	20839	1
22	20840	1
22	20841	1
22	20842	1
22	20843	1
22	20844	1
22	20845	1
22	20846	1
22	20847	2
22	20848	2
22	20849	2
22	20850	2
22	20851	2
22	20852	2
22	20853	2
22	20854	2
22	20855	2
22	20856	1
22	20857	3
22	20858	3
22	20859	3
22	20860	5
22	20861	5
22	20862	6
22	20863	5
22	20864	5
22	20865	6
22	20866	6
22	20867	6
22	20868	6
22	20869	6
22	20870	6
22	20871	6
22	20872	6
22	20873	6
22	20874	6
22	20875	7
22	20876	7
22	20877	7
22	20878	6
22	20879	7
22	20880	7
22	20881	8
22	20882	8
22	20883	8
22	20884	8
22	20885	7
22	20886	7
22	20887	8
22	20888	8
22	20889	8
22	20890	8
22	20891	8
22	20892	8
22	20893	8
22	20894	9
22	20895	9
22	20896	8
22	20897	8
22	20898	8
22	20899	7
22	20900	6
22	20901	6
22	20902	6
22	20903	6
22	20904	6
22	20905	6
22	20906	6
22	20907	7
22	20908	8
22	20909	9
22	20910	9
22	20911	9
22	20912	9
22	20913	8
22	20914	9
22	20915	9
22	20916	10
22	20917	10
22	20918	10
22	20919	10
22	20920	10
22	20921	10
22	20922	10
22	20923	10
22	20924	10
22	20925	10
22	20926	10
22	20927	9
22	20928	9
22	20929	8
22	20930	7
22	20931	7
22	20932	5
22	20933	5
22	20934	4
22	20935	4
22	20936	4
22	20937	4
22	20938	4
22	20939	4
22	20940	4
22	20941	4
22	20942	4
22	20943	4
22	20944	4
22	20945	4
22	20946	4
22	20947	4
22	20948	4
22	20949	4
22	20950	4
22	20951	4
22	20952	5
22	20953	5
22	20954	5
22	20955	5
22	20956	6
22	20957	6
22	20958	8
22	20959	8
22	20960	8
22	20961	8
22	20962	7
22	20963	7
22	20964	7
22	20965	7
22	20966	7
22	20967	8
22	20968	8
22	20969	8
22	20970	8
22	20971	8
22	20972	9
22	20973	8
22	20974	8
22	20975	10
22	20976	10
22	20977	10
22	20978	9
22	20979	9
22	20980	10
22	20981	12
22	20982	13
22	20983	13
22	20984	13
22	20985	13
22	20986	13
22	20987	15
22	20988	14
22	20989	16
22	20990	16
22	20991	16
22	20992	15
22	20993	14
22	20994	14
22	20995	14
22	20996	15
22	20997	14
22	20998	14
22	20999	13
22	21000	13
22	21001	11
22	21002	10
22	21003	10
22	21004	9
22	21005	9
22	21006	9
22	21007	9
22	21008	9
22	21009	9
22	21010	8
22	21011	8
22	21012	8
22	21013	8
22	21014	8
22	21015	8
22	21016	8
22	21017	8
22	21018	9
22	21019	9
22	21020	8
22	21021	8
22	21022	8
22	21023	8
22	21024	7
22	21025	8
22	21026	8
22	21027	7
22	21028	7
22	21029	6
22	21030	6
22	21031	6
22	21032	6
22	21033	5
22	21034	4
22	21035	4
22	21036	4
22	21037	4
22	21038	4
22	21039	4
22	21040	4
22	21041	3
22	21042	3
22	21043	3
22	21044	3
22	21045	3
22	21046	4
22	21047	4
22	21048	5
22	21049	5
22	21050	5
22	21051	5
22	21052	5
22	21053	5
22	21054	5
22	21055	5
22	21056	5
22	21057	5
22	21058	5
22	21059	5
22	21060	5
22	21061	4
22	21062	5
22	21063	5
22	21064	5
22	21065	6
22	21066	6
22	21067	7
22	21068	7
22	21069	7
22	21070	7
22	21071	8
22	21072	8
22	21073	8
22	21074	7
22	21075	7
22	21076	7
22	21077	8
22	21078	10
22	21079	11
22	21080	11
22	21081	11
22	21082	11
22	21083	11
22	21084	11
22	21085	11
22	21086	11
22	21087	12
22	21088	12
22	21089	12
22	21090	12
22	21091	11
22	21092	11
22	21093	11
22	21094	12
22	21095	12
22	21096	12
22	21097	12
22	21098	11
22	21099	12
22	21100	12
22	21101	11
22	21102	11
22	21103	11
22	21104	11
22	21105	12
22	21106	12
22	21107	12
22	21108	11
22	21109	13
22	21110	13
22	21111	13
22	21112	13
22	21113	12
22	21114	12
22	21115	13
22	21116	13
22	21117	14
22	21118	14
22	21119	14
22	21120	14
22	21121	14
22	21122	14
22	21123	14
22	21124	15
22	21125	15
22	21126	15
22	21127	16
22	21128	15
22	21129	13
22	21130	13
22	21131	13
22	21132	13
22	21133	14
22	21134	14
22	21135	12
22	21136	12
22	21137	12
22	21138	12
22	21139	12
22	21140	12
22	21141	12
22	21142	11
22	21143	11
22	21144	10
22	21145	11
22	21146	10
22	21147	10
22	21148	10
22	21149	10
22	21150	10
22	21151	9
22	21152	8
22	21153	8
22	21154	8
22	21155	8
22	21156	9
22	21157	8
22	21158	9
22	21159	10
22	21160	10
22	21161	9
22	21162	9
22	21163	9
22	21164	9
22	21165	9
22	21166	10
22	21167	10
22	21168	10
22	21169	10
22	21170	10
22	21171	10
22	21172	10
22	21173	10
22	21174	10
22	21175	10
22	21176	10
22	21177	11
22	21178	11
22	21179	11
22	21180	12
22	21181	12
22	21182	12
22	21183	12
22	21184	12
22	21185	12
22	21186	12
22	21187	12
22	21188	12
22	21189	14
22	21190	15
22	21191	15
22	21192	15
22	21193	15
22	21194	14
22	21195	15
22	21196	14
22	21197	14
22	21198	13
22	21199	13
22	21200	13
22	21201	14
22	21202	14
22	21203	13
22	21204	13
22	21205	13
22	21206	13
22	21207	12
22	21208	12
22	21209	12
22	21210	10
22	21211	10
22	21212	10
22	21213	10
22	21214	10
22	21215	10
22	21216	10
22	21217	10
22	21218	10
22	21219	10
22	21220	10
22	21221	10
22	21222	10
22	21223	10
22	21224	10
22	21225	9
22	21226	9
22	21227	7
22	21228	8
22	21229	8
22	21230	8
22	21231	8
22	21232	9
22	21233	9
22	21234	10
22	21235	10
22	21236	11
22	21237	11
22	21238	11
22	21239	11
22	21240	11
22	21241	11
22	21242	9
22	21243	9
22	21244	9
22	21245	9
22	21246	9
22	21247	8
22	21248	8
22	21249	9
22	21250	8
22	21251	8
22	21252	8
22	21253	8
22	21254	8
22	21255	7
22	21256	6
22	21257	7
22	21258	7
22	21259	7
22	21260	7
22	21261	7
22	21262	7
22	21263	7
22	21264	7
22	21265	7
22	21266	7
22	21267	8
22	21268	8
22	21269	6
22	21270	6
22	21271	6
22	21272	6
22	21273	6
22	21274	6
22	21275	6
22	21276	6
22	21277	6
22	21278	6
22	21279	5
22	21280	5
22	21281	4
22	21282	5
22	21283	5
22	21284	5
22	21285	5
22	21286	5
22	21287	5
22	21288	4
22	21289	4
22	21290	4
22	21291	4
22	21292	4
22	21293	4
22	21294	4
22	21295	4
22	21296	3
22	21297	3
22	21298	3
22	21299	4
22	21300	4
22	21301	4
22	21302	3
22	21303	3
22	21304	3
22	21305	3
22	21306	3
22	21307	2
22	21308	2
22	21309	2
22	21310	2
22	21311	2
22	21312	2
22	21313	2
22	21314	2
22	21315	2
22	21316	2
22	21317	2
22	21318	2
22	21319	3
22	21320	3
22	21321	3
22	21322	3
22	21323	4
22	21324	3
22	21325	3
22	21326	3
22	21327	2
22	21328	3
22	21329	3
22	21330	3
22	21331	3
22	21332	3
22	21333	3
22	21334	3
22	21335	3
22	21336	3
22	21337	4
22	21338	5
22	21339	5
22	21340	6
22	21341	6
22	21342	7
22	21343	7
22	21344	7
22	21345	6
22	21346	6
22	21347	6
22	21348	7
22	21349	7
22	21350	7
22	21351	7
22	21352	8
22	21353	8
22	21354	8
22	21355	8
22	21356	8
22	21357	9
22	21358	9
22	21359	9
22	21360	9
22	21361	9
22	21362	8
22	21363	8
22	21364	8
22	21365	8
22	21366	8
22	21367	8
22	21368	9
22	21369	9
22	21370	9
22	21371	9
22	21372	8
22	21373	8
22	21374	8
22	21375	9
22	21376	9
22	21377	9
22	21378	10
22	21379	10
22	21380	11
22	21381	11
22	21382	10
22	21383	10
22	21384	11
22	21385	11
22	21386	11
22	21387	11
22	21388	11
22	21389	11
22	21390	11
22	21391	11
22	21392	12
22	21393	13
22	21394	12
22	21395	11
22	21396	12
22	21397	12
22	21398	12
22	21399	12
22	21400	12
22	21401	11
22	21402	11
22	21403	12
22	21404	12
22	21405	12
22	21406	13
22	21407	12
22	21408	11
22	21409	11
22	21410	12
22	21411	12
22	21412	12
22	21413	12
22	21414	12
22	21415	11
22	21416	10
22	21417	10
22	21418	10
22	21419	10
22	21420	8
22	21421	8
22	21422	8
22	21423	8
22	21424	8
22	21425	7
22	21426	8
22	21427	8
22	21428	8
22	21429	8
22	21430	10
22	21431	11
22	21432	11
22	21433	9
22	21434	10
22	21435	11
22	21436	11
22	21437	11
22	21438	11
22	21439	12
22	21440	12
22	21441	11
22	21442	11
22	21443	11
22	21444	11
22	21445	11
22	21446	10
22	21447	11
22	21448	11
22	21449	11
22	21450	11
22	21451	11
22	21452	12
22	21453	12
22	21454	13
22	21455	13
22	21456	13
22	21457	11
22	21458	11
22	21459	12
22	21460	11
22	21461	12
22	21462	13
22	21463	11
22	21464	12
22	21465	11
22	21466	11
22	21467	11
22	21468	10
22	21469	11
22	21470	11
22	21471	12
22	21472	11
22	21473	11
22	21474	11
22	21475	11
22	21476	11
22	21477	11
22	21478	10
22	21479	10
22	21480	10
22	21481	11
22	21482	11
22	21483	11
22	21484	10
22	21485	10
22	21486	10
22	21487	11
22	21488	11
22	21489	11
22	21490	12
22	21491	13
22	21492	13
22	21493	13
22	21494	13
22	21495	12
22	21496	13
22	21497	13
22	21498	14
22	21499	14
22	21500	14
22	21501	14
22	21502	14
22	21503	15
22	21504	15
22	21505	16
22	21506	16
22	21507	17
22	21508	16
22	21509	16
22	21510	17
22	21511	16
22	21512	15
22	21513	15
22	21514	15
22	21515	15
22	21516	15
22	21517	15
22	21518	15
22	21519	15
22	21520	15
22	21521	14
22	21522	14
22	21523	13
22	21524	11
22	21525	11
22	21526	10
22	21527	9
22	21528	8
22	21529	9
22	21530	8
22	21531	8
22	21532	8
22	21533	8
22	21534	7
22	21535	7
22	21536	7
22	21537	7
22	21538	7
22	21539	7
22	21540	7
22	21541	7
22	21542	6
22	21543	8
22	21544	8
22	21545	8
22	21546	8
22	21547	8
22	21548	8
22	21549	8
22	21550	7
22	21551	7
22	21552	7
22	21553	7
22	21554	7
22	21555	7
22	21556	7
22	21557	6
22	21558	6
22	21559	6
22	21560	7
22	21561	7
22	21562	7
22	21563	7
22	21564	6
22	21565	6
22	21566	5
22	21567	5
22	21568	5
22	21569	5
22	21570	4
22	21571	4
22	21572	4
22	21573	3
22	21574	3
22	21575	3
22	21576	3
22	21577	3
22	21578	3
22	21579	4
22	21580	4
22	21581	4
22	21582	5
22	21583	6
22	21584	6
22	21585	7
22	21586	7
22	21587	9
22	21588	9
22	21589	9
22	21590	9
22	21591	10
22	21592	10
22	21593	10
22	21594	10
22	21595	10
22	21596	10
22	21597	11
22	21598	11
22	21599	11
22	21600	10
22	21601	10
22	21602	10
22	21603	9
22	21604	9
22	21605	10
22	21606	10
22	21607	10
22	21608	11
22	21609	9
22	21610	9
22	21611	9
22	21612	10
22	21613	10
22	21614	10
22	21615	9
22	21616	9
22	21617	9
22	21618	9
22	21619	8
22	21620	8
22	21621	8
22	21622	8
22	21623	8
22	21624	8
22	21625	8
22	21626	7
22	21627	6
22	21628	6
22	21629	6
22	21630	6
22	21631	6
22	21632	6
22	21633	6
22	21634	6
22	21635	6
22	21636	5
22	21637	5
22	21638	5
22	21639	5
22	21640	5
22	21641	6
22	21642	7
22	21643	7
22	21644	8
22	21645	8
22	21646	8
22	21647	8
22	21648	8
22	21649	8
22	21650	9
22	21651	8
22	21652	8
22	21653	7
22	21654	8
22	21655	7
22	21656	7
22	21657	6
22	21658	6
22	21659	7
22	21660	7
22	21661	7
22	21662	7
22	21663	7
22	21664	8
22	21665	8
22	21666	8
22	21667	8
22	21668	8
22	21669	6
22	21670	6
22	21671	6
22	21672	6
22	21673	6
22	21674	6
22	21675	7
22	21676	8
22	21677	9
22	21678	9
22	21679	10
22	21680	10
22	21681	10
22	21682	10
22	21683	9
22	21684	9
22	21685	9
22	21686	9
22	21687	9
22	21688	10
22	21689	12
22	21690	12
22	21691	13
22	21692	13
22	21693	13
22	21694	13
22	21695	13
22	21696	13
22	21697	13
22	21698	13
22	21699	13
22	21700	13
22	21701	13
22	21702	15
22	21703	14
22	21704	14
22	21705	15
22	21706	15
22	21707	15
22	21708	15
22	21709	15
22	21710	15
22	21711	15
22	21712	13
22	21713	13
22	21714	14
22	21715	14
22	21716	14
22	21717	12
22	21718	13
22	21719	13
22	21720	12
22	21721	11
22	21722	12
22	21723	12
22	21724	13
22	21725	14
22	21726	14
22	21727	14
22	21728	14
22	21729	15
22	21730	15
22	21731	14
22	21732	14
22	21733	15
22	21734	14
22	21735	14
22	21736	14
22	21737	13
22	21738	13
22	21739	14
22	21740	13
22	21741	12
22	21742	12
22	21743	13
22	21744	13
22	21745	12
22	21746	12
22	21747	12
22	21748	11
22	21749	11
22	21750	10
22	21751	9
22	21752	9
22	21753	7
22	21754	6
22	21755	6
22	21756	6
22	21757	5
22	21758	6
22	21759	6
22	21760	5
22	21761	5
22	21762	5
22	21763	5
22	21764	4
22	21765	4
22	21766	4
22	21767	4
22	21768	3
22	21769	3
22	21770	3
22	21771	3
22	21772	3
22	21773	3
22	21774	3
22	21775	2
22	21776	4
22	21777	4
22	21778	4
22	21779	4
22	21780	6
22	21781	6
22	21782	7
22	21783	7
22	21784	8
22	21785	8
22	21786	8
22	21787	8
22	21788	8
22	21789	9
22	21790	9
22	21791	9
22	21792	10
22	21793	10
22	21794	12
22	21795	13
22	21796	13
22	21797	13
22	21798	13
22	21799	13
22	21800	12
22	21801	12
22	21802	13
22	21803	12
22	21804	13
22	21805	13
22	21806	13
22	21807	13
22	21808	14
22	21809	14
22	21810	14
22	21811	15
22	21812	14
22	21813	15
22	21814	14
22	21815	15
22	21816	14
22	21817	14
22	21818	13
22	21819	12
22	21820	12
22	21821	12
22	21822	11
22	21823	10
22	21824	11
22	21825	11
22	21826	11
22	21827	11
22	21828	12
22	21829	11
22	21830	11
22	21831	8
22	21832	8
22	21833	8
22	21834	7
22	21835	6
22	21836	6
22	21837	6
22	21838	6
22	21839	6
22	21840	5
22	21841	5
22	21842	6
22	21843	7
22	21844	7
22	21845	7
22	21846	7
22	21847	8
22	21848	10
22	21849	11
22	21850	11
22	21851	11
22	21852	11
22	21853	10
22	21854	11
22	21855	11
22	21856	11
22	21857	11
22	21858	12
22	21859	12
22	21860	12
22	21861	11
22	21862	11
22	21863	12
22	21864	12
22	21865	12
22	21866	11
22	21867	11
22	21868	9
22	21869	9
22	21870	8
22	21871	8
22	21872	7
22	21873	7
22	21874	7
22	21875	8
22	21876	7
22	21877	7
22	21878	8
22	21879	8
22	21880	8
22	21881	8
22	21882	9
22	21883	9
22	21884	9
22	21885	9
22	21886	9
22	21887	8
22	21888	9
22	21889	9
22	21890	8
22	21891	8
22	21892	8
22	21893	9
22	21894	7
22	21895	7
22	21896	7
22	21897	8
22	21898	8
22	21899	8
22	21900	8
22	21901	9
22	21902	8
22	21903	8
22	21904	8
22	21905	8
22	21906	8
22	21907	8
22	21908	9
22	21909	9
22	21910	9
22	21911	9
22	21912	9
22	21913	8
22	21914	7
22	21915	9
22	21916	9
22	21917	9
22	21918	9
22	21919	10
22	21920	10
22	21921	10
22	21922	11
22	21923	9
22	21924	9
22	21925	9
22	21926	9
22	21927	9
22	21928	9
22	21929	9
22	21930	9
22	21931	9
22	21932	9
22	21933	11
22	21934	11
22	21935	11
22	21936	10
22	21937	10
22	21938	9
22	21939	10
22	21940	12
22	21941	12
22	21942	12
22	21943	12
22	21944	12
22	21945	12
22	21946	12
22	21947	12
22	21948	13
22	21949	13
22	21950	13
22	21951	13
22	21952	10
22	21953	10
22	21954	10
22	21955	10
22	21956	11
22	21957	10
22	21958	10
22	21959	10
22	21960	9
22	21961	8
22	21962	9
22	21963	9
22	21964	9
22	21965	8
22	21966	8
22	21967	7
22	21968	7
22	21969	7
22	21970	7
22	21971	7
22	21972	7
22	21973	7
22	21974	7
22	21975	7
22	21976	6
22	21977	6
22	21978	6
22	21979	6
22	21980	7
22	21981	7
22	21982	7
22	21983	8
22	21984	9
22	21985	9
22	21986	11
22	21987	11
22	21988	12
22	21989	12
22	21990	12
22	21991	12
22	21992	11
22	21993	11
22	21994	11
22	21995	11
22	21996	11
22	21997	12
22	21998	12
22	21999	10
22	22000	10
22	22001	10
22	22002	10
22	22003	9
22	22004	9
22	22005	8
22	22006	8
22	22007	7
22	22008	7
22	22009	7
22	22010	7
22	22011	8
22	22012	8
22	22013	8
22	22014	8
22	22015	8
22	22016	7
22	22017	7
22	22018	7
22	22019	6
22	22020	5
22	22021	5
22	22022	6
22	22023	6
22	22024	6
22	22025	6
22	22026	6
22	22027	6
22	22028	6
22	22029	7
22	22030	8
22	22031	9
22	22032	9
22	22033	11
22	22034	12
22	22035	12
22	22036	12
22	22037	12
22	22038	12
22	22039	12
22	22040	13
22	22041	15
22	22042	15
22	22043	16
22	22044	16
22	22045	17
22	22046	18
22	22047	18
22	22048	18
22	22049	18
22	22050	18
22	22051	18
22	22052	18
22	22053	18
22	22054	16
22	22055	17
22	22056	16
22	22057	16
22	22058	17
22	22059	16
22	22060	16
22	22061	16
22	22062	16
22	22063	16
22	22064	16
22	22065	16
22	22066	15
22	22067	15
22	22068	15
22	22069	15
22	22070	15
22	22071	14
22	22072	15
22	22073	15
22	22074	17
22	22075	16
22	22076	17
22	22077	16
22	22078	16
22	22079	16
22	22080	15
22	22081	15
22	22082	15
22	22083	15
22	22084	15
22	22085	15
22	22086	15
22	22087	17
22	22088	16
22	22089	16
22	22090	16
22	22091	16
22	22092	14
22	22093	13
22	22094	14
22	22095	14
22	22096	14
22	22097	14
22	22098	14
22	22099	15
22	22100	14
22	22101	15
22	22102	14
22	22103	14
22	22104	13
22	22105	14
22	22106	14
22	22107	14
22	22108	15
22	22109	15
22	22110	15
22	22111	15
22	22112	15
22	22113	13
22	22114	14
22	22115	14
22	22116	13
22	22117	13
22	22118	11
22	22119	11
22	22120	12
22	22121	10
22	22122	10
22	22123	9
22	22124	9
22	22125	9
22	22126	9
22	22127	8
22	22128	8
22	22129	9
22	22130	9
22	22131	9
22	22132	9
22	22133	9
22	22134	9
22	22135	9
22	22136	9
22	22137	8
22	22138	8
22	22139	8
22	22140	8
22	22141	8
22	22142	8
22	22143	8
22	22144	8
22	22145	9
22	22146	9
22	22147	10
22	22148	10
22	22149	10
22	22150	10
22	22151	9
22	22152	9
22	22153	9
22	22154	9
22	22155	9
22	22156	9
22	22157	9
22	22158	9
22	22159	11
22	22160	11
22	22161	11
22	22162	11
22	22163	10
22	22164	10
22	22165	10
22	22166	10
22	22167	10
22	22168	9
22	22169	10
22	22170	7
22	22171	7
22	22172	8
22	22173	6
22	22174	6
22	22175	6
22	22176	6
22	22177	6
22	22178	5
22	22179	5
22	22180	4
22	22181	4
22	22182	5
22	22183	4
22	22184	4
22	22185	5
22	22186	6
22	22187	6
22	22188	6
22	22189	7
22	22190	7
22	22191	7
22	22192	7
22	22193	7
22	22194	7
22	22195	7
22	22196	8
22	22197	8
22	22198	8
22	22199	8
22	22200	8
22	22201	8
22	22202	8
22	22203	8
22	22204	7
22	22205	7
22	22206	7
22	22207	7
22	22208	7
22	22209	7
22	22210	8
22	22211	8
22	22212	7
22	22213	8
22	22214	9
22	22215	10
22	22216	10
22	22217	10
22	22218	10
22	22219	9
22	22220	10
22	22221	11
22	22222	11
22	22223	11
22	22224	10
22	22225	10
22	22226	10
22	22227	10
22	22228	10
22	22229	10
22	22230	10
22	22231	11
22	22232	9
22	22233	8
22	22234	9
22	22235	8
22	22236	8
22	22237	9
22	22238	9
22	22239	9
22	22240	9
22	22241	9
22	22242	9
22	22243	9
22	22244	9
22	22245	9
22	22246	10
22	22247	11
22	22248	11
22	22249	12
22	22250	11
22	22251	11
22	22252	11
22	22253	12
22	22254	12
22	22255	12
22	22256	13
22	22257	14
22	22258	14
22	22259	14
22	22260	15
22	22261	15
22	22262	15
22	22263	15
22	22264	15
22	22265	14
22	22266	15
22	22267	15
22	22268	15
22	22269	15
22	22270	15
22	22271	15
22	22272	14
22	22273	14
22	22274	14
22	22275	13
22	22276	11
22	22277	12
22	22278	10
22	22279	10
22	22280	10
22	22281	10
22	22282	9
22	22283	9
22	22284	9
22	22285	9
22	22286	9
22	22287	8
22	22288	7
22	22289	7
22	22290	6
22	22291	4
22	22292	4
22	22293	3
22	22294	3
22	22295	3
22	22296	3
22	22297	4
22	22298	4
22	22299	4
22	22300	3
22	22301	4
22	22302	5
22	22303	5
22	22304	5
22	22305	5
22	22306	5
22	22307	4
22	22308	4
22	22309	4
22	22310	5
22	22311	5
22	22312	5
22	22313	5
22	22314	5
22	22315	5
22	22316	5
22	22317	5
22	22318	5
22	22319	5
22	22320	5
22	22321	4
22	22322	4
22	22323	4
22	22324	4
22	22325	5
22	22326	5
22	22327	4
22	22328	3
22	22329	3
22	22330	3
22	22331	3
22	22332	3
22	22333	3
22	22334	4
22	22335	4
22	22336	3
22	22337	3
22	22338	3
22	22339	3
22	22340	3
22	22341	3
22	22342	3
22	22343	4
22	22344	4
22	22345	4
22	22346	4
22	22347	4
22	22348	5
22	22349	5
22	22350	6
22	22351	7
22	22352	7
22	22353	7
22	22354	8
22	22355	8
22	22356	9
22	22357	10
22	22358	11
22	22359	11
22	22360	12
22	22361	12
22	22362	13
22	22363	13
22	22364	13
22	22365	13
22	22366	14
22	22367	14
22	22368	13
22	22369	13
22	22370	13
22	22371	12
22	22372	11
22	22373	10
22	22374	9
22	22375	8
22	22376	8
22	22377	8
22	22378	8
22	22379	7
22	22380	6
22	22381	6
22	22382	5
22	22383	5
22	22384	4
22	22385	4
22	22386	4
22	22387	4
22	22388	3
22	22389	4
22	22390	4
22	22391	4
22	22392	4
22	22393	5
22	22394	5
22	22395	5
22	22396	4
22	22397	4
22	22398	4
22	22399	4
22	22400	4
22	22401	4
22	22402	4
22	22403	4
22	22404	4
22	22405	4
22	22406	5
22	22407	4
22	22408	4
22	22409	5
22	22410	6
22	22411	6
22	22412	5
22	22413	5
22	22414	5
22	22415	5
22	22416	5
22	22417	5
22	22418	5
22	22419	5
22	22420	7
22	22421	8
22	22422	8
22	22423	8
22	22424	8
22	22425	9
22	22426	10
22	22427	10
22	22428	10
22	22429	9
22	22430	9
22	22431	9
22	22432	9
22	22433	10
22	22434	11
22	22435	11
22	22436	11
22	22437	11
22	22438	11
22	22439	12
22	22440	11
22	22441	11
22	22442	12
22	22443	12
22	22444	13
22	22445	13
22	22446	12
22	22447	12
22	22448	12
22	22449	12
22	22450	12
22	22451	12
22	22452	12
22	22453	12
22	22454	11
22	22455	11
22	22456	11
22	22457	11
22	22458	11
22	22459	11
22	22460	11
22	22461	10
22	22462	11
22	22463	10
22	22464	10
22	22465	10
22	22466	8
22	22467	8
22	22468	8
22	22469	8
22	22470	9
22	22471	9
22	22472	8
22	22473	10
22	22474	10
22	22475	11
22	22476	11
22	22477	10
22	22478	10
22	22479	10
22	22480	9
22	22481	11
22	22482	11
22	22483	10
22	22484	11
22	22485	11
22	22486	11
22	22487	12
22	22488	12
22	22489	12
22	22490	11
22	22491	11
22	22492	11
22	22493	10
22	22494	9
22	22495	9
22	22496	9
22	22497	8
22	22498	9
22	22499	9
22	22500	9
22	22501	9
22	22502	9
22	22503	10
22	22504	11
22	22505	12
22	22506	12
22	22507	11
22	22508	11
22	22509	11
22	22510	11
22	22511	12
22	22512	13
22	22513	13
22	22514	13
22	22515	13
22	22516	13
22	22517	13
22	22518	13
22	22519	12
22	22520	12
22	22521	13
22	22522	13
22	22523	13
22	22524	13
22	22525	13
22	22526	13
22	22527	13
22	22528	13
22	22529	13
22	22530	14
22	22531	14
22	22532	14
22	22533	14
22	22534	14
22	22535	14
22	22536	14
22	22537	16
22	22538	16
22	22539	16
22	22540	17
22	22541	18
22	22542	18
22	22543	16
22	22544	16
22	22545	16
22	22546	17
22	22547	17
22	22548	18
22	22549	17
22	22550	17
22	22551	17
22	22552	16
22	22553	16
22	22554	17
22	22555	16
22	22556	15
22	22557	14
22	22558	13
22	22559	13
22	22560	14
22	22561	14
22	22562	14
22	22563	14
22	22564	14
22	22565	14
22	22566	14
22	22567	14
22	22568	14
22	22569	14
22	22570	15
22	22571	15
22	22572	15
22	22573	15
22	22574	15
22	22575	14
22	22576	14
22	22577	14
22	22578	14
22	22579	14
22	22580	14
22	22581	14
22	22582	13
22	22583	12
22	22584	13
22	22585	14
22	22586	14
22	22587	15
22	22588	15
22	22589	15
22	22590	15
22	22591	15
22	22592	14
22	22593	14
22	22594	15
22	22595	14
22	22596	13
22	22597	13
22	22598	13
22	22599	12
22	22600	12
22	22601	13
22	22602	13
22	22603	13
22	22604	12
22	22605	13
22	22606	13
22	22607	14
22	22608	13
22	22609	13
22	22610	13
22	22611	13
22	22612	13
22	22613	12
22	22614	13
22	22615	13
22	22616	13
22	22617	11
22	22618	11
22	22619	11
22	22620	11
22	22621	10
22	22622	10
22	22623	9
22	22624	9
22	22625	9
22	22626	8
22	22627	9
22	22628	9
22	22629	9
22	22630	10
22	22631	10
22	22632	10
22	22633	10
22	22634	10
22	22635	10
22	22636	11
22	22637	12
22	22638	12
22	22639	12
22	22640	12
22	22641	11
22	22642	11
22	22643	11
22	22644	11
22	22645	10
22	22646	11
22	22647	11
22	22648	11
22	22649	10
22	22650	10
22	22651	10
22	22652	10
22	22653	10
22	22654	9
22	22655	9
22	22656	9
22	22657	9
22	22658	8
22	22659	6
22	22660	6
22	22661	6
22	22662	6
22	22663	6
22	22664	5
22	22665	5
22	22666	5
22	22667	5
22	22668	5
22	22669	6
22	22670	6
22	22671	6
22	22672	6
22	22673	6
22	22674	6
22	22675	6
22	22676	6
22	22677	7
22	22678	7
22	22679	7
22	22680	7
22	22681	6
22	22682	6
22	22683	6
22	22684	5
22	22685	5
22	22686	4
22	22687	4
22	22688	4
22	22689	3
22	22690	4
22	22691	4
22	22692	4
22	22693	4
22	22694	4
22	22695	3
22	22696	3
22	22697	4
22	22698	4
22	22699	4
22	22700	4
22	22701	4
22	22702	5
22	22703	5
22	22704	6
22	22705	6
22	22706	6
22	22707	6
22	22708	7
22	22709	7
22	22710	7
22	22711	7
22	22712	8
22	22713	7
22	22714	7
22	22715	7
22	22716	7
22	22717	6
22	22718	6
22	22719	6
22	22720	6
22	22721	6
22	22722	5
22	22723	5
22	22724	5
22	22725	4
22	22726	4
22	22727	4
22	22728	4
22	22729	4
22	22730	4
22	22731	4
22	22732	4
22	22733	4
22	22734	4
22	22735	4
22	22736	4
22	22737	4
22	22738	4
22	22739	4
22	22740	4
22	22741	4
22	22742	4
22	22743	4
22	22744	4
22	22745	4
22	22746	4
22	22747	5
22	22748	5
22	22749	6
22	22750	6
22	22751	5
22	22752	5
22	22753	5
22	22754	5
22	22755	5
22	22756	5
22	22757	5
22	22758	5
22	22759	5
22	22760	5
22	22761	5
22	22762	5
22	22763	5
22	22764	5
22	22765	5
22	22766	4
22	22767	4
22	22768	4
22	22769	4
22	22770	4
22	22771	4
22	22772	4
22	22773	4
22	22774	4
22	22775	4
22	22776	5
22	22777	5
22	22778	5
22	22779	5
22	22780	5
22	22781	5
22	22782	5
22	22783	5
22	22784	5
22	22785	5
22	22786	4
22	22787	4
22	22788	5
22	22789	5
22	22790	5
22	22791	6
22	22792	6
22	22793	6
22	22794	6
22	22795	6
22	22796	6
22	22797	6
22	22798	7
22	22799	6
22	22800	6
22	22801	6
22	22802	6
22	22803	6
22	22804	6
22	22805	6
22	22806	6
22	22807	6
22	22808	6
22	22809	6
22	22810	7
22	22811	7
22	22812	7
22	22813	6
22	22814	6
22	22815	5
22	22816	5
22	22817	5
22	22818	5
22	22819	5
22	22820	5
22	22821	5
22	22822	6
22	22823	6
22	22824	6
22	22825	6
22	22826	7
22	22827	7
22	22828	7
22	22829	7
22	22830	8
22	22831	8
22	22832	8
22	22833	7
22	22834	8
22	22835	8
22	22836	8
22	22837	9
22	22838	9
22	22839	10
22	22840	11
22	22841	11
22	22842	11
22	22843	11
22	22844	11
22	22845	9
22	22846	8
22	22847	9
22	22848	9
22	22849	9
22	22850	10
22	22851	10
22	22852	11
22	22853	11
22	22854	11
22	22855	11
22	22856	11
22	22857	11
22	22858	12
22	22859	12
22	22860	12
22	22861	12
22	22862	12
22	22863	13
22	22864	13
22	22865	12
22	22866	12
22	22867	12
22	22868	13
22	22869	12
22	22870	12
22	22871	12
22	22872	11
22	22873	11
22	22874	12
22	22875	12
22	22876	11
22	22877	10
22	22878	10
22	22879	10
22	22880	10
22	22881	10
22	22882	10
22	22883	10
22	22884	10
22	22885	8
22	22886	10
22	22887	9
22	22888	8
22	22889	8
22	22890	8
22	22891	9
22	22892	9
22	22893	8
22	22894	8
22	22895	8
22	22896	8
22	22897	8
22	22898	7
22	22899	7
22	22900	7
22	22901	6
22	22902	5
22	22903	5
22	22904	5
22	22905	5
22	22906	6
22	22907	6
22	22908	7
22	22909	7
22	22910	7
22	22911	7
22	22912	7
22	22913	8
22	22914	7
22	22915	7
22	22916	8
22	22917	8
22	22918	8
22	22919	7
22	22920	8
22	22921	9
22	22922	9
22	22923	10
22	22924	10
22	22925	10
22	22926	10
22	22927	10
22	22928	10
22	22929	10
22	22930	10
22	22931	10
22	22932	10
22	22933	9
22	22934	9
22	22935	10
22	22936	10
22	22937	10
22	22938	10
22	22939	10
22	22940	10
22	22941	10
22	22942	11
22	22943	11
22	22944	11
22	22945	11
22	22946	10
22	22947	10
22	22948	9
22	22949	9
22	22950	10
22	22951	10
22	22952	10
22	22953	10
22	22954	10
22	22955	11
22	22956	12
22	22957	12
22	22958	12
22	22959	12
22	22960	12
22	22961	12
22	22962	11
22	22963	11
22	22964	11
22	22965	11
22	22966	11
22	22967	11
22	22968	11
22	22969	12
22	22970	12
22	22971	12
22	22972	12
22	22973	11
22	22974	11
22	22975	11
22	22976	11
22	22977	11
22	22978	11
22	22979	10
22	22980	10
22	22981	11
22	22982	11
22	22983	10
22	22984	10
22	22985	10
22	22986	11
22	22987	10
22	22988	11
22	22989	11
22	22990	11
22	22991	11
22	22992	11
22	22993	11
22	22994	11
22	22995	12
22	22996	12
22	22997	12
22	22998	12
22	22999	13
22	23000	13
22	23001	13
22	23002	13
22	23003	13
22	23004	13
22	23005	12
22	23006	11
22	23007	10
22	23008	10
22	23009	10
22	23010	10
22	23011	10
22	23012	10
22	23013	10
22	23014	9
22	23015	9
22	23016	9
22	23017	9
22	23018	8
22	23019	8
22	23020	7
22	23021	7
22	23022	7
22	23023	7
22	23024	7
22	23025	6
22	23026	7
22	23027	8
22	23028	8
22	23029	8
22	23030	8
22	23031	8
22	23032	6
22	23033	7
22	23034	7
22	23035	8
22	23036	8
22	23037	8
22	23038	10
22	23039	10
22	23040	10
22	23041	10
22	23042	11
22	23043	11
22	23044	10
22	23045	10
22	23046	10
22	23047	10
22	23048	11
22	23049	11
22	23050	11
22	23051	11
22	23052	11
22	23053	12
22	23054	12
22	23055	13
22	23056	12
22	23057	12
22	23058	11
22	23059	11
22	23060	11
22	23061	11
22	23062	11
22	23063	11
22	23064	11
22	23065	11
22	23066	11
22	23067	12
22	23068	13
22	23069	13
22	23070	12
22	23071	13
22	23072	13
22	23073	13
22	23074	13
22	23075	13
22	23076	13
22	23077	13
22	23078	13
22	23079	13
22	23080	13
22	23081	13
22	23082	12
22	23083	13
22	23084	13
22	23085	13
22	23086	13
22	23087	13
22	23088	13
22	23089	13
22	23090	13
22	23091	13
22	23092	13
22	23093	12
22	23094	12
22	23095	11
22	23096	13
22	23097	12
22	23098	13
22	23099	14
22	23100	16
22	23101	15
22	23102	16
22	23103	15
22	23104	16
22	23105	17
22	23106	17
22	23107	17
22	23108	17
22	23109	17
22	23110	17
22	23111	17
22	23112	17
22	23113	17
22	23114	16
22	23115	17
22	23116	17
22	23117	17
22	23118	16
22	23119	16
22	23120	15
22	23121	16
22	23122	15
22	23123	15
22	23124	15
22	23125	15
22	23126	14
22	23127	14
22	23128	14
22	23129	14
22	23130	14
22	23131	14
22	23132	14
22	23133	13
22	23134	13
22	23135	13
22	23136	13
22	23137	16
22	23138	17
22	23139	16
22	23140	15
22	23141	15
22	23142	16
22	23143	16
22	23144	16
22	23145	16
22	23146	16
22	23147	16
22	23148	15
22	23149	16
22	23150	15
22	23151	15
22	23152	15
22	23153	15
22	23154	15
22	23155	15
22	23156	14
22	23157	14
22	23158	14
22	23159	14
22	23160	15
22	23161	14
22	23162	15
22	23163	13
22	23164	13
22	23165	13
22	23166	13
22	23167	13
22	23168	14
22	23169	15
22	23170	15
22	23171	15
22	23172	15
22	23173	15
22	23174	15
22	23175	16
22	23176	15
22	23177	14
22	23178	14
22	23179	14
22	23180	13
22	23181	13
22	23182	13
22	23183	12
22	23184	11
22	23185	11
22	23186	12
22	23187	12
22	23188	13
22	23189	13
22	23190	13
22	23191	13
22	23192	13
22	23193	14
22	23194	14
22	23195	13
22	23196	14
22	23197	13
22	23198	13
22	23199	13
22	23200	13
22	23201	14
22	23202	14
22	23203	14
22	23204	14
22	23205	14
22	23206	13
22	23207	12
22	23208	12
22	23209	12
22	23210	12
22	23211	12
22	23212	12
22	23213	11
22	23214	10
22	23215	10
22	23216	10
22	23217	10
22	23218	10
22	23219	10
22	23220	10
22	23221	9
22	23222	9
22	23223	8
22	23224	9
22	23225	9
22	23226	10
22	23227	10
22	23228	10
22	23229	10
22	23230	10
22	23231	10
22	23232	9
22	23233	8
22	23234	8
22	23235	7
22	23236	7
22	23237	7
22	23238	7
22	23239	7
22	23240	8
22	23241	8
22	23242	8
22	23243	10
22	23244	10
22	23245	9
22	23246	9
22	23247	9
22	23248	9
22	23249	9
22	23250	8
22	23251	9
22	23252	10
22	23253	9
22	23254	9
22	23255	9
22	23256	9
22	23257	9
22	23258	9
22	23259	9
22	23260	9
22	23261	8
22	23262	8
22	23263	8
22	23264	8
22	23265	7
22	23266	7
22	23267	7
22	23268	7
22	23269	7
22	23270	7
22	23271	7
22	23272	7
22	23273	7
22	23274	7
22	23275	6
22	23276	7
22	23277	7
22	23278	7
22	23279	7
22	23280	7
22	23281	7
22	23282	5
22	23283	5
22	23284	5
22	23285	6
22	23286	6
22	23287	6
22	23288	6
22	23289	7
22	23290	7
22	23291	6
22	23292	6
22	23293	7
22	23294	7
22	23295	7
22	23296	7
22	23297	7
22	23298	7
22	23299	8
22	23300	8
22	23301	7
22	23302	7
22	23303	8
22	23304	9
22	23305	10
22	23306	10
22	23307	10
22	23308	10
22	23309	11
22	23310	11
22	23311	11
22	23312	12
22	23313	13
22	23314	13
22	23315	13
22	23316	13
22	23317	13
22	23318	12
22	23319	12
22	23320	12
22	23321	12
22	23322	12
22	23323	11
22	23324	11
22	23325	11
22	23326	11
22	23327	12
22	23328	12
22	23329	12
22	23330	11
22	23331	11
22	23332	11
22	23333	12
22	23334	11
22	23335	11
22	23336	12
22	23337	12
22	23338	12
22	23339	12
22	23340	13
22	23341	13
22	23342	14
22	23343	14
22	23344	14
22	23345	14
22	23346	14
22	23347	13
22	23348	13
22	23349	13
22	23350	13
22	23351	13
22	23352	13
22	23353	14
22	23354	14
22	23355	14
22	23356	14
22	23357	15
22	23358	15
22	23359	16
22	23360	17
22	23361	17
22	23362	17
22	23363	17
22	23364	16
22	23365	16
22	23366	15
22	23367	15
22	23368	15
22	23369	14
22	23370	13
22	23371	13
22	23372	14
22	23373	13
22	23374	13
22	23375	13
22	23376	14
22	23377	15
22	23378	14
22	23379	12
22	23380	13
22	23381	13
22	23382	13
22	23383	13
22	23384	12
22	23385	11
22	23386	12
22	23387	12
22	23388	12
22	23389	12
22	23390	12
22	23391	13
22	23392	13
22	23393	12
22	23394	12
22	23395	12
22	23396	12
22	23397	12
22	23398	12
22	23399	12
22	23400	12
22	23401	12
22	23402	12
22	23403	11
22	23404	10
22	23405	11
22	23406	11
22	23407	11
22	23408	11
22	23409	11
22	23410	11
22	23411	11
22	23412	10
22	23413	10
22	23414	10
22	23415	10
22	23416	10
22	23417	10
22	23418	10
22	23419	10
22	23420	10
22	23421	11
22	23422	12
22	23423	12
22	23424	12
22	23425	12
22	23426	12
22	23427	13
22	23428	13
22	23429	12
22	23430	13
22	23431	13
22	23432	12
22	23433	12
22	23434	12
22	23435	12
22	23436	12
22	23437	13
22	23438	15
22	23439	15
22	23440	14
22	23441	13
22	23442	13
22	23443	13
22	23444	12
22	23445	13
22	23446	13
22	23447	12
22	23448	12
22	23449	12
22	23450	12
22	23451	12
22	23452	13
22	23453	13
22	23454	14
22	23455	14
22	23456	13
22	23457	13
22	23458	13
22	23459	14
22	23460	14
22	23461	14
22	23462	14
22	23463	15
22	23464	15
22	23465	15
22	23466	16
22	23467	16
22	23468	16
22	23469	16
22	23470	17
22	23471	17
22	23472	17
22	23473	18
22	23474	18
22	23475	17
22	23476	16
22	23477	15
22	23478	14
22	23479	13
22	23480	13
22	23481	13
22	23482	13
22	23483	13
22	23484	14
22	23485	14
22	23486	14
22	23487	13
22	23488	14
22	23489	14
22	23490	14
22	23491	13
22	23492	12
22	23493	13
22	23494	13
22	23495	13
22	23496	12
22	23497	12
22	23498	12
22	23499	12
22	23500	13
22	23501	13
22	23502	14
22	23503	15
22	23504	15
22	23505	15
22	23506	17
22	23507	18
22	23508	18
22	23509	17
22	23510	16
22	23511	16
22	23512	16
22	23513	15
22	23514	14
22	23515	14
22	23516	14
22	23517	14
22	23518	15
22	23519	15
22	23520	16
22	23521	16
22	23522	17
22	23523	16
22	23524	17
22	23525	17
22	23526	16
22	23527	17
22	23528	17
22	23529	16
22	23530	15
22	23531	16
22	23532	16
22	23533	16
22	23534	17
22	23535	17
22	23536	17
22	23537	17
22	23538	16
22	23539	16
22	23540	16
22	23541	17
22	23542	17
22	23543	17
22	23544	17
22	23545	17
22	23546	17
22	23547	18
22	23548	18
22	23549	18
22	23550	20
22	23551	20
22	23552	20
22	23553	19
22	23554	17
22	23555	16
22	23556	17
22	23557	17
22	23558	19
22	23559	18
22	23560	18
22	23561	19
22	23562	18
22	23563	18
22	23564	17
22	23565	17
22	23566	17
22	23567	17
22	23568	17
22	23569	17
22	23570	17
22	23571	17
22	23572	17
22	23573	18
22	23574	18
22	23575	17
22	23576	16
22	23577	17
22	23578	17
22	23579	17
22	23580	16
22	23581	15
22	23582	15
22	23583	15
22	23584	14
22	23585	14
22	23586	14
22	23587	14
22	23588	13
22	23589	13
22	23590	13
22	23591	13
22	23592	13
22	23593	14
22	23594	14
22	23595	14
22	23596	14
22	23597	14
22	23598	14
22	23599	16
22	23600	17
22	23601	16
22	23602	16
22	23603	15
22	23604	14
22	23605	13
22	23606	13
22	23607	13
22	23608	13
22	23609	13
22	23610	13
22	23611	13
22	23612	13
22	23613	13
22	23614	12
22	23615	11
22	23616	11
22	23617	11
22	23618	12
22	23619	12
22	23620	11
22	23621	11
22	23622	11
22	23623	12
22	23624	12
22	23625	12
22	23626	12
22	23627	12
22	23628	12
22	23629	11
22	23630	13
22	23631	12
22	23632	12
22	23633	12
22	23634	12
22	23635	11
22	23636	11
22	23637	12
22	23638	12
22	23639	12
22	23640	12
22	23641	12
22	23642	12
22	23643	13
22	23644	13
22	23645	13
22	23646	13
22	23647	12
22	23648	12
22	23649	12
22	23650	12
22	23651	12
22	23652	13
22	23653	12
22	23654	13
22	23655	13
22	23656	13
22	23657	13
22	23658	13
22	23659	13
22	23660	14
22	23661	14
22	23662	14
22	23663	14
22	23664	14
22	23665	13
22	23666	13
22	23667	13
22	23668	13
22	23669	13
22	23670	15
22	23671	14
22	23672	14
22	23673	14
22	23674	13
22	23675	13
22	23676	12
22	23677	11
22	23678	11
22	23679	10
22	23680	11
22	23681	11
22	23682	11
22	23683	11
22	23684	12
22	23685	13
22	23686	13
22	23687	13
22	23688	13
22	23689	13
22	23690	13
22	23691	12
22	23692	13
22	23693	13
22	23694	11
22	23695	11
22	23696	10
22	23697	10
22	23698	10
22	23699	10
22	23700	11
22	23701	10
22	23702	11
22	23703	11
22	23704	11
22	23705	11
22	23706	11
22	23707	11
22	23708	12
22	23709	11
22	23710	11
22	23711	11
22	23712	8
22	23713	8
22	23714	8
22	23715	8
22	23716	8
22	23717	8
22	23718	8
22	23719	9
22	23720	9
22	23721	9
22	23722	9
22	23723	9
22	23724	9
22	23725	9
22	23726	9
22	23727	9
22	23728	9
22	23729	9
22	23730	10
22	23731	9
22	23732	9
22	23733	9
22	23734	9
22	23735	9
22	23736	9
22	23737	9
22	23738	8
22	23739	8
22	23740	8
22	23741	9
22	23742	10
22	23743	10
22	23744	10
22	23745	10
22	23746	10
22	23747	9
22	23748	9
22	23749	9
22	23750	9
22	23751	8
22	23752	8
22	23753	9
22	23754	9
22	23755	9
22	23756	9
22	23757	9
22	23758	9
22	23759	9
22	23760	9
22	23761	8
22	23762	8
22	23763	8
22	23764	8
22	23765	8
22	23766	8
22	23767	9
22	23768	10
22	23769	10
22	23770	10
22	23771	10
22	23772	10
22	23773	8
22	23774	7
22	23775	7
22	23776	7
22	23777	7
22	23778	7
22	23779	7
22	23780	7
22	23781	6
22	23782	6
22	23783	6
22	23784	6
22	23785	6
22	23786	6
22	23787	5
22	23788	4
22	23789	4
22	23790	4
22	23791	4
22	23792	4
22	23793	4
22	23794	4
22	23795	4
22	23796	4
22	23797	4
22	23798	4
22	23799	4
22	23800	5
22	23801	5
22	23802	5
22	23803	6
22	23804	5
22	23805	5
22	23806	6
22	23807	7
22	23808	8
22	23809	8
22	23810	8
22	23811	7
22	23812	7
22	23813	7
22	23814	7
22	23815	7
22	23816	7
22	23817	8
22	23818	8
22	23819	8
22	23820	8
22	23821	8
22	23822	8
22	23823	9
22	23824	9
22	23825	9
22	23826	9
22	23827	10
22	23828	10
22	23829	10
22	23830	11
22	23831	11
22	23832	10
22	23833	10
22	23834	9
22	23835	10
22	23836	10
22	23837	10
22	23838	10
22	23839	10
22	23840	10
22	23841	10
22	23842	10
22	23843	10
22	23844	10
22	23845	10
22	23846	11
22	23847	11
22	23848	11
22	23849	10
22	23850	10
22	23851	10
22	23852	10
22	23853	10
22	23854	10
22	23855	10
22	23856	10
22	23857	10
22	23858	10
22	23859	10
22	23860	10
22	23861	11
22	23862	12
22	23863	12
22	23864	12
22	23865	12
22	23866	12
22	23867	12
22	23868	13
22	23869	13
22	23870	12
22	23871	12
22	23872	12
22	23873	11
22	23874	11
22	23875	10
22	23876	10
22	23877	10
22	23878	10
22	23879	10
22	23880	10
22	23881	9
22	23882	9
22	23883	8
22	23884	8
22	23885	7
22	23886	6
22	23887	6
22	23888	7
22	23889	7
22	23890	7
22	23891	7
22	23892	8
22	23893	8
22	23894	8
22	23895	8
22	23896	6
22	23897	7
22	23898	8
22	23899	7
22	23900	6
22	23901	6
22	23902	6
22	23903	6
22	23904	6
22	23905	8
22	23906	8
22	23907	8
22	23908	9
22	23909	10
22	23910	10
22	23911	9
22	23912	9
22	23913	9
22	23914	8
22	23915	8
22	23916	8
22	23917	8
22	23918	8
22	23919	8
22	23920	7
22	23921	7
22	23922	7
22	23923	6
22	23924	5
22	23925	5
22	23926	5
22	23927	5
22	23928	5
22	23929	5
22	23930	5
22	23931	5
22	23932	5
22	23933	5
22	23934	5
22	23935	5
22	23936	5
22	23937	5
22	23938	5
22	23939	6
22	23940	6
22	23941	5
22	23942	6
22	23943	6
22	23944	6
22	23945	6
22	23946	7
22	23947	6
22	23948	6
22	23949	8
22	23950	8
22	23951	8
22	23952	8
22	23953	8
22	23954	8
22	23955	9
22	23956	8
22	23957	8
22	23958	7
22	23959	7
22	23960	7
22	23961	7
22	23962	7
22	23963	6
22	23964	6
22	23965	6
22	23966	6
22	23967	6
22	23968	5
22	23969	5
22	23970	5
22	23971	5
22	23972	4
22	23973	5
22	23974	5
22	23975	5
22	23976	5
22	23977	5
22	23978	6
22	23979	6
22	23980	6
22	23981	6
22	23982	6
22	23983	5
22	23984	5
22	23985	5
22	23986	5
22	23987	5
22	23988	5
22	23989	5
22	23990	6
22	23991	6
22	23992	5
22	23993	5
22	23994	5
22	23995	5
22	23996	5
22	23997	5
22	23998	4
22	23999	4
22	24000	4
22	24001	4
22	24002	4
22	24003	4
22	24004	5
22	24005	5
22	24006	5
22	24007	5
22	24008	5
22	24009	6
22	24010	6
22	24011	6
22	24012	6
22	24013	6
22	24014	6
22	24015	6
22	24016	7
22	24017	8
22	24018	7
22	24019	7
22	24020	8
22	24021	7
22	24022	7
22	24023	7
22	24024	7
22	24025	8
22	24026	9
22	24027	10
22	24028	10
22	24029	10
22	24030	10
22	24031	10
22	24032	10
22	24033	10
22	24034	10
22	24035	12
22	24036	12
22	24037	12
22	24038	13
22	24039	14
22	24040	14
22	24041	14
22	24042	14
22	24043	14
22	24044	16
22	24045	16
22	24046	15
22	24047	15
22	24048	14
22	24049	15
22	24050	15
22	24051	15
22	24052	13
22	24053	13
22	24054	13
22	24055	13
22	24056	13
22	24057	12
22	24058	12
22	24059	12
22	24060	12
22	24061	11
22	24062	11
22	24063	11
22	24064	12
22	24065	11
22	24066	11
22	24067	11
22	24068	11
22	24069	11
22	24070	11
22	24071	12
22	24072	11
22	24073	12
22	24074	13
22	24075	13
22	24076	13
22	24077	13
22	24078	13
22	24079	12
22	24080	13
22	24081	13
22	24082	13
22	24083	13
22	24084	13
22	24085	14
22	24086	14
22	24087	14
22	24088	14
22	24089	14
22	24090	14
22	24091	13
22	24092	13
22	24093	10
22	24094	10
22	24095	10
22	24096	10
22	24097	11
22	24098	11
22	24099	12
22	24100	12
22	24101	12
22	24102	13
22	24103	13
22	24104	13
22	24105	13
22	24106	12
22	24107	12
22	24108	12
22	24109	12
22	24110	11
22	24111	10
22	24112	10
22	24113	10
22	24114	11
22	24115	8
22	24116	8
22	24117	8
22	24118	8
22	24119	7
22	24120	6
22	24121	6
22	24122	6
22	24123	6
22	24124	6
22	24125	7
22	24126	7
22	24127	7
22	24128	7
22	24129	8
22	24130	8
22	24131	7
22	24132	7
22	24133	8
22	24134	8
22	24135	8
22	24136	8
22	24137	7
22	24138	7
22	24139	7
22	24140	7
22	24141	7
22	24142	7
22	24143	7
22	24144	7
22	24145	7
22	24146	7
22	24147	7
22	24148	6
22	24149	6
22	24150	6
22	24151	7
22	24152	8
22	24153	8
22	24154	8
22	24155	8
22	24156	9
22	24157	9
22	24158	9
22	24159	9
22	24160	10
22	24161	10
22	24162	10
22	24163	10
22	24164	11
22	24165	11
22	24166	11
22	24167	12
22	24168	11
22	24169	10
22	24170	10
22	24171	10
22	24172	10
22	24173	11
22	24174	11
22	24175	10
22	24176	11
22	24177	12
22	24178	12
22	24179	11
22	24180	11
22	24181	11
22	24182	12
22	24183	11
22	24184	10
22	24185	10
22	24186	10
22	24187	8
22	24188	7
22	24189	8
22	24190	8
22	24191	8
22	24192	8
22	24193	9
22	24194	9
22	24195	9
22	24196	9
22	24197	10
22	24198	10
22	24199	10
22	24200	10
22	24201	8
22	24202	7
22	24203	7
22	24204	8
22	24205	8
22	24206	9
22	24207	9
22	24208	9
22	24209	9
22	24210	9
22	24211	8
22	24212	8
22	24213	8
22	24214	8
22	24215	8
22	24216	6
22	24217	6
22	24218	6
22	24219	6
22	24220	6
22	24221	5
22	24222	6
22	24223	6
22	24224	6
22	24225	4
22	24226	4
22	24227	4
22	24228	4
22	24229	4
22	24230	4
22	24231	4
22	24232	4
22	24233	4
22	24234	4
22	24235	3
22	24236	3
22	24237	2
22	24238	2
22	24239	2
22	24240	3
22	24241	3
22	24242	3
22	24243	3
22	24244	3
22	24245	3
22	24246	2
22	24247	2
22	24248	2
22	24249	2
22	24250	1
22	24251	1
22	24252	1
22	24253	1
22	24254	1
22	24255	2
22	24256	2
22	24257	2
22	24258	2
22	24259	2
22	24260	2
22	24261	2
22	24262	2
22	24263	2
22	24264	2
22	24265	2
22	24266	2
22	24267	2
22	24268	2
22	24269	2
22	24270	2
22	24271	2
22	24272	2
22	24273	2
22	24274	3
22	24275	3
22	24276	2
22	24277	2
22	24278	2
22	24279	2
22	24280	2
22	24281	3
22	24282	3
22	24283	3
22	24284	3
22	24285	3
22	24286	3
22	24287	3
22	24288	3
22	24289	3
22	24290	3
22	24291	3
22	24292	2
22	24293	4
22	24294	4
22	24295	4
22	24296	4
22	24297	4
22	24298	3
22	24299	3
22	24300	3
22	24301	3
22	24302	3
22	24303	3
22	24304	4
22	24305	4
22	24306	4
22	24307	4
22	24308	4
22	24309	3
22	24310	3
22	24311	3
22	24312	3
22	24313	3
22	24314	3
22	24315	3
22	24316	3
22	24317	3
22	24318	3
22	24319	3
22	24320	3
22	24321	3
22	24322	3
22	24323	3
22	24324	3
22	24325	3
22	24326	4
22	24327	5
22	24328	6
22	24329	6
22	24330	7
22	24331	7
22	24332	6
22	24333	6
22	24334	6
22	24335	7
22	24336	7
22	24337	7
22	24338	8
22	24339	8
22	24340	8
22	24341	8
22	24342	8
22	24343	8
22	24344	9
22	24345	9
22	24346	8
22	24347	9
22	24348	9
22	24349	9
22	24350	9
22	24351	8
22	24352	8
22	24353	7
22	24354	7
22	24355	7
22	24356	8
22	24357	7
22	24358	6
22	24359	5
22	24360	5
22	24361	5
22	24362	5
22	24363	5
22	24364	5
22	24365	4
22	24366	4
22	24367	4
22	24368	4
22	24369	4
22	24370	4
22	24371	4
22	24372	4
22	24373	4
22	24374	4
22	24375	4
22	24376	4
22	24377	4
22	24378	4
22	24379	4
22	24380	4
22	24381	5
22	24382	5
22	24383	4
22	24384	4
22	24385	4
22	24386	3
22	24387	3
22	24388	3
22	24389	4
22	24390	4
22	24391	5
22	24392	5
22	24393	5
22	24394	5
22	24395	6
22	24396	6
22	24397	6
22	24398	6
22	24399	6
22	24400	7
22	24401	7
22	24402	8
22	24403	8
22	24404	8
22	24405	8
22	24406	8
22	24407	8
22	24408	8
22	24409	9
22	24410	9
22	24411	9
22	24412	9
22	24413	9
22	24414	9
22	24415	9
22	24416	9
22	24417	9
22	24418	10
22	24419	8
22	24420	8
22	24421	9
22	24422	8
22	24423	8
22	24424	8
22	24425	8
22	24426	8
22	24427	7
22	24428	7
22	24429	7
22	24430	7
22	24431	7
22	24432	7
22	24433	8
22	24434	8
22	24435	8
22	24436	8
22	24437	6
22	24438	6
22	24439	6
22	24440	6
22	24441	6
22	24442	6
22	24443	6
22	24444	6
22	24445	6
22	24446	6
22	24447	6
22	24448	6
22	24449	6
22	24450	6
22	24451	5
22	24452	5
22	24453	5
22	24454	5
22	24455	5
22	24456	4
22	24457	4
22	24458	4
22	24459	4
22	24460	4
22	24461	4
22	24462	5
22	24463	4
22	24464	4
22	24465	4
22	24466	5
22	24467	5
22	24468	5
22	24469	5
22	24470	5
22	24471	5
22	24472	5
22	24473	5
22	24474	5
22	24475	5
22	24476	5
22	24477	5
22	24478	6
22	24479	6
22	24480	8
22	24481	8
22	24482	8
22	24483	9
22	24484	9
22	24485	9
22	24486	9
22	24487	10
22	24488	10
22	24489	9
22	24490	9
22	24491	9
22	24492	10
22	24493	10
22	24494	10
22	24495	10
22	24496	11
22	24497	11
22	24498	10
22	24499	10
22	24500	10
22	24501	11
22	24502	11
22	24503	11
22	24504	11
22	24505	12
22	24506	11
22	24507	13
22	24508	12
22	24509	12
22	24510	12
22	24511	12
22	24512	12
22	24513	12
22	24514	13
22	24515	13
22	24516	14
22	24517	14
22	24518	15
22	24519	16
22	24520	16
22	24521	17
22	24522	18
22	24523	18
22	24524	19
22	24525	19
22	24526	19
22	24527	19
22	24528	19
22	24529	19
22	24530	20
22	24531	20
22	24532	21
22	24533	20
22	24534	19
22	24535	18
22	24536	18
22	24537	18
22	24538	18
22	24539	18
22	24540	18
22	24541	19
22	24542	19
22	24543	20
22	24544	20
22	24545	20
22	24546	19
22	24547	19
22	24548	19
22	24549	18
22	24550	18
22	24551	17
22	24552	17
22	24553	18
22	24554	17
22	24555	17
22	24556	17
22	24557	17
22	24558	18
22	24559	18
22	24560	17
22	24561	16
22	24562	15
22	24563	14
22	24564	14
22	24565	13
22	24566	13
22	24567	14
22	24568	14
22	24569	14
22	24570	15
22	24571	14
22	24572	14
22	24573	14
22	24574	15
22	24575	14
22	24576	14
22	24577	14
22	24578	14
22	24579	13
22	24580	12
22	24581	12
22	24582	12
22	24583	12
22	24584	12
22	24585	12
22	24586	12
22	24587	12
22	24588	11
22	24589	11
22	24590	10
22	24591	10
22	24592	10
22	24593	10
22	24594	10
22	24595	12
22	24596	13
22	24597	14
22	24598	13
22	24599	13
22	24600	13
22	24601	14
22	24602	14
22	24603	14
22	24604	14
22	24605	14
22	24606	14
22	24607	12
22	24608	12
22	24609	12
22	24610	12
22	24611	12
22	24612	12
22	24613	12
22	24614	12
22	24615	10
22	24616	10
22	24617	9
22	24618	7
22	24619	7
22	24620	6
22	24621	5
22	24622	5
22	24623	4
22	24624	3
22	24625	3
22	24626	3
22	24627	3
22	24628	3
22	24629	3
22	24630	3
22	24631	4
22	24632	4
22	24633	4
22	24634	4
22	24635	4
22	24636	4
22	24637	4
22	24638	4
22	24639	4
22	24640	4
22	24641	4
22	24642	5
22	24643	5
22	24644	5
22	24645	5
22	24646	6
22	24647	5
22	24648	5
22	24649	5
22	24650	5
22	24651	5
22	24652	4
22	24653	4
22	24654	3
22	24655	3
22	24656	3
22	24657	3
22	24658	3
22	24659	3
22	24660	3
22	24661	4
22	24662	4
22	24663	4
22	24664	4
22	24665	4
22	24666	4
22	24667	4
22	24668	4
22	24669	4
22	24670	4
22	24671	4
22	24672	4
22	24673	4
22	24674	4
22	24675	4
22	24676	4
22	24677	4
22	24678	4
22	24679	4
22	24680	4
22	24681	4
22	24682	4
22	24683	5
22	24684	4
22	24685	4
22	24686	4
22	24687	4
22	24688	4
22	24689	4
22	24690	4
22	24691	4
22	24692	4
22	24693	4
22	24694	4
22	24695	5
22	24696	6
22	24697	6
22	24698	6
22	24699	6
22	24700	7
22	24701	7
22	24702	8
22	24703	9
22	24704	10
22	24705	10
22	24706	10
22	24707	10
22	24708	10
22	24709	10
22	24710	11
22	24711	10
22	24712	10
22	24713	10
22	24714	11
22	24715	11
22	24716	11
22	24717	12
22	24718	13
22	24719	13
22	24720	13
22	24721	13
22	24722	13
22	24723	12
22	24724	10
22	24725	7
22	24726	7
22	24727	7
22	24728	8
22	24729	8
22	24730	9
22	24731	9
22	24732	9
22	24733	9
22	24734	9
22	24735	9
22	24736	9
22	24737	9
22	24738	9
22	24739	9
22	24740	9
22	24741	9
22	24742	10
22	24743	10
22	24744	10
22	24745	11
22	24746	11
22	24747	10
22	24748	10
22	24749	10
22	24750	11
22	24751	11
22	24752	11
22	24753	11
22	24754	11
22	24755	11
22	24756	12
22	24757	12
22	24758	12
22	24759	11
22	24760	10
22	24761	10
22	24762	10
22	24763	10
22	24764	9
22	24765	8
22	24766	8
22	24767	9
22	24768	9
22	24769	8
22	24770	7
22	24771	8
22	24772	8
22	24773	6
22	24774	5
22	24775	4
22	24776	4
22	24777	4
22	24778	4
22	24779	4
22	24780	4
22	24781	5
22	24782	5
22	24783	5
22	24784	5
22	24785	5
22	24786	6
22	24787	6
22	24788	6
22	24789	6
22	24790	6
22	24791	6
22	24792	6
22	24793	6
22	24794	6
22	24795	6
22	24796	6
22	24797	7
22	24798	7
22	24799	8
22	24800	7
22	24801	7
22	24802	9
22	24803	10
22	24804	9
22	24805	9
22	24806	9
22	24807	10
22	24808	10
22	24809	10
22	24810	10
22	24811	11
22	24812	11
22	24813	10
22	24814	10
22	24815	10
22	24816	10
22	24817	11
22	24818	11
22	24819	12
22	24820	12
22	24821	12
22	24822	13
22	24823	13
22	24824	13
22	24825	13
22	24826	13
22	24827	13
22	24828	13
22	24829	13
22	24830	13
22	24831	11
22	24832	11
22	24833	11
22	24834	11
22	24835	11
22	24836	11
22	24837	11
22	24838	11
22	24839	11
22	24840	10
22	24841	8
22	24842	8
22	24843	7
22	24844	8
22	24845	8
22	24846	8
22	24847	8
22	24848	9
22	24849	10
22	24850	10
22	24851	10
22	24852	9
22	24853	9
22	24854	9
22	24855	8
22	24856	7
22	24857	7
22	24858	6
22	24859	8
22	24860	8
22	24861	8
22	24862	8
22	24863	8
22	24864	8
22	24865	8
22	24866	7
22	24867	7
22	24868	7
22	24869	8
22	24870	8
22	24871	8
22	24872	8
22	24873	9
22	24874	9
22	24875	9
22	24876	9
22	24877	9
22	24878	8
22	24879	8
22	24880	9
22	24881	9
22	24882	9
22	24883	9
22	24884	9
22	24885	9
22	24886	9
22	24887	9
22	24888	9
22	24889	9
22	24890	9
22	24891	9
22	24892	9
22	24893	9
22	24894	9
22	24895	9
22	24896	9
22	24897	9
22	24898	10
22	24899	9
22	24900	8
22	24901	8
22	24902	8
22	24903	8
22	24904	8
22	24905	8
22	24906	8
22	24907	8
22	24908	8
22	24909	8
22	24910	8
22	24911	8
22	24912	8
22	24913	7
22	24914	7
22	24915	6
22	24916	6
22	24917	6
22	24918	7
22	24919	7
22	24920	7
22	24921	7
22	24922	7
22	24923	7
22	24924	7
22	24925	7
22	24926	7
22	24927	8
22	24928	8
22	24929	8
22	24930	8
22	24931	8
22	24932	8
22	24933	8
22	24934	8
22	24935	8
22	24936	8
22	24937	8
22	24938	8
22	24939	8
22	24940	8
22	24941	8
22	24942	8
22	24943	7
22	24944	6
22	24945	7
22	24946	7
22	24947	7
22	24948	6
22	24949	6
22	24950	6
22	24951	6
22	24952	6
22	24953	6
22	24954	5
22	24955	5
22	24956	5
22	24957	5
22	24958	5
22	24959	7
22	24960	7
22	24961	6
22	24962	6
22	24963	7
22	24964	8
22	24965	7
22	24966	7
22	24967	7
22	24968	7
22	24969	7
22	24970	8
22	24971	9
22	24972	9
22	24973	9
22	24974	9
22	24975	9
22	24976	9
22	24977	10
22	24978	10
22	24979	10
22	24980	10
22	24981	10
22	24982	10
22	24983	10
22	24984	10
22	24985	9
22	24986	9
22	24987	9
22	24988	9
22	24989	9
22	24990	9
22	24991	9
22	24992	8
22	24993	8
22	24994	8
22	24995	8
22	24996	8
22	24997	8
22	24998	8
22	24999	6
22	25000	6
22	25001	6
22	25002	6
22	25003	6
22	25004	7
22	25005	6
22	25006	6
22	25007	6
22	25008	6
22	25009	6
22	25010	7
22	25011	7
22	25012	6
22	25013	7
22	25014	7
22	25015	6
22	25016	6
22	25017	6
22	25018	6
22	25019	6
22	25020	7
22	25021	7
22	25022	7
22	25023	8
22	25024	9
22	25025	9
22	25026	9
22	25027	9
22	25028	9
22	25029	9
22	25030	10
22	25031	10
22	25032	9
22	25033	9
22	25034	9
22	25035	9
22	25036	9
22	25037	9
22	25038	9
22	25039	9
22	25040	10
22	25041	10
22	25042	10
22	25043	10
22	25044	10
22	25045	10
22	25046	11
22	25047	11
22	25048	11
22	25049	11
22	25050	12
22	25051	12
22	25052	11
22	25053	11
22	25054	11
22	25055	12
22	25056	12
22	25057	11
22	25058	11
22	25059	11
22	25060	11
22	25061	11
22	25062	11
22	25063	11
22	25064	11
22	25065	11
22	25066	10
22	25067	10
22	25068	10
22	25069	10
22	25070	10
22	25071	10
22	25072	9
22	25073	8
22	25074	7
22	25075	6
22	25076	6
22	25077	6
22	25078	5
22	25079	5
22	25080	6
22	25081	6
22	25082	6
22	25083	6
22	25084	6
22	25085	6
22	25086	5
22	25087	5
22	25088	5
22	25089	4
22	25090	4
22	25091	4
22	25092	2
22	25093	2
22	25094	2
22	25095	2
22	25096	2
22	25097	2
22	25098	2
22	25099	2
22	25100	2
22	25101	2
22	25102	2
22	25103	1
22	25104	1
22	25105	2
22	25106	2
22	25107	2
22	25108	2
22	25109	2
22	25110	2
22	25111	2
22	25112	2
22	25113	2
22	25114	3
22	25115	3
22	25116	3
22	25117	3
22	25118	3
22	25119	3
22	25120	3
22	25121	3
22	25122	4
22	25123	4
22	25124	5
22	25125	5
22	25126	6
22	25127	6
22	25128	6
22	25129	6
22	25130	6
22	25131	7
22	25132	7
22	25133	7
22	25134	7
22	25135	7
22	25136	7
22	25137	7
22	25138	7
22	25139	7
22	25140	7
22	25141	7
22	25142	7
22	25143	7
22	25144	7
22	25145	6
22	25146	6
22	25147	6
22	25148	6
22	25149	6
22	25150	6
22	25151	6
22	25152	6
22	25153	6
22	25154	6
22	25155	5
22	25156	6
22	25157	6
22	25158	7
22	25159	6
22	25160	6
22	25161	6
22	25162	7
22	25163	7
22	25164	6
22	25165	6
22	25166	7
22	25167	7
22	25168	7
22	25169	7
22	25170	7
22	25171	9
22	25172	10
22	25173	10
22	25174	10
22	25175	10
22	25176	10
22	25177	10
22	25178	10
22	25179	11
22	25180	12
22	25181	12
22	25182	12
22	25183	12
22	25184	12
22	25185	12
22	25186	12
22	25187	11
22	25188	10
22	25189	10
22	25190	10
22	25191	10
22	25192	10
22	25193	11
22	25194	11
22	25195	11
22	25196	11
22	25197	10
22	25198	10
22	25199	10
22	25200	10
22	25201	10
22	25202	10
22	25203	10
22	25204	10
22	25205	10
22	25206	10
22	25207	10
22	25208	9
22	25209	10
22	25210	10
22	25211	10
22	25212	10
22	25213	10
22	25214	9
22	25215	9
22	25216	9
22	25217	9
22	25218	7
22	25219	7
22	25220	8
22	25221	7
22	25222	7
22	25223	7
22	25224	7
22	25225	7
22	25226	7
22	25227	7
22	25228	7
22	25229	8
22	25230	8
22	25231	8
22	25232	8
22	25233	8
22	25234	9
22	25235	10
22	25236	9
22	25237	9
22	25238	8
22	25239	8
22	25240	8
22	25241	8
22	25242	8
22	25243	8
22	25244	8
22	25245	8
22	25246	7
22	25247	8
22	25248	8
22	25249	7
22	25250	7
22	25251	7
22	25252	7
22	25253	6
22	25254	5
22	25255	4
22	25256	4
22	25257	4
22	25258	5
22	25259	6
22	25260	6
22	25261	6
22	25262	6
22	25263	6
22	25264	6
22	25265	6
22	25266	7
22	25267	6
22	25268	6
22	25269	6
22	25270	6
22	25271	6
22	25272	6
22	25273	5
22	25274	4
22	25275	4
22	25276	4
22	25277	2
22	25278	3
22	25279	3
22	25280	3
22	25281	3
22	25282	3
22	25283	3
22	25284	3
22	25285	3
22	25286	3
22	25287	3
22	25288	3
22	25289	3
22	25290	3
22	25291	4
22	25292	4
22	25293	4
22	25294	4
22	25295	4
22	25296	4
22	25297	4
22	25298	5
22	25299	5
22	25300	5
22	25301	5
22	25302	5
22	25303	5
22	25304	5
22	25305	5
22	25306	5
22	25307	5
22	25308	4
22	25309	4
22	25310	4
22	25311	4
22	25312	4
22	25313	3
22	25314	3
22	25315	3
22	25316	3
22	25317	3
22	25318	3
22	25319	3
22	25320	3
22	25321	3
22	25322	2
22	25323	2
22	25324	2
22	25325	2
22	25326	2
22	25327	2
22	25328	1
22	25329	1
22	25338	1
22	25339	1
22	25340	1
22	25341	1
22	25342	1
22	25343	1
22	25344	1
22	25345	1
22	25346	1
22	25347	1
22	25348	1
22	25349	1
22	25350	1
22	25351	1
22	25352	1
22	25353	2
22	25354	2
22	25355	2
22	25356	2
22	25357	2
22	25358	3
22	25359	3
22	25360	3
22	25361	3
22	25362	3
22	25363	3
22	25364	3
22	25365	4
22	25366	4
22	25367	4
22	25368	4
22	25369	4
22	25370	4
22	25371	6
22	25372	6
22	25373	5
22	25374	5
22	25375	5
22	25376	4
22	25377	3
22	25378	3
22	25379	3
22	25380	3
22	25381	3
22	25382	4
22	25383	4
22	25384	3
22	25385	3
22	25386	3
22	25387	3
22	25388	3
22	25389	3
22	25390	2
22	25391	2
22	25392	2
22	25393	2
22	25394	2
22	25395	2
22	25396	2
22	25397	2
22	25398	2
22	25399	2
22	25400	3
22	25401	4
22	25402	4
22	25403	4
22	25404	4
22	25405	4
22	25406	5
22	25407	5
22	25408	6
22	25409	6
22	25410	6
22	25411	6
22	25412	6
22	25413	6
22	25414	6
22	25415	6
22	25416	6
22	25417	6
22	25418	6
22	25419	6
22	25420	6
22	25421	7
22	25422	7
22	25423	7
22	25424	7
22	25425	7
22	25426	7
22	25427	7
22	25428	7
22	25429	7
22	25430	6
22	25431	7
22	25432	7
22	25433	7
22	25434	6
22	25435	7
22	25436	7
22	25437	7
22	25438	8
22	25439	8
22	25440	8
22	25441	8
22	25442	7
22	25443	6
22	25444	6
22	25445	7
22	25446	8
22	25447	8
22	25448	7
22	25449	7
22	25450	7
22	25451	7
22	25452	7
22	25453	7
22	25454	7
22	25455	7
22	25456	7
22	25457	7
22	25458	6
22	25459	6
22	25460	6
22	25461	6
22	25462	6
22	25463	6
22	25464	6
22	25465	6
22	25466	7
22	25467	7
22	25468	8
22	25469	7
22	25470	8
22	25471	7
22	25472	7
22	25473	7
22	25474	7
22	25475	7
22	25476	7
22	25477	9
22	25478	10
22	25479	9
22	25480	9
22	25481	9
22	25482	9
22	25483	9
22	25484	9
22	25485	9
22	25486	9
22	25487	9
22	25488	9
22	25489	9
22	25490	8
22	25491	9
22	25492	9
22	25493	9
22	25494	9
22	25495	9
22	25496	8
22	25497	8
22	25498	8
22	25499	8
22	25500	8
22	25501	9
22	25502	9
22	25503	9
22	25504	9
22	25505	9
22	25506	8
22	25507	7
22	25508	7
22	25509	8
22	25510	8
22	25511	8
22	25512	8
22	25513	8
22	25514	8
22	25515	8
22	25516	8
22	25517	8
22	25518	8
22	25519	8
22	25520	8
22	25521	8
22	25522	8
22	25523	7
22	25524	7
22	25525	7
22	25526	7
22	25527	8
22	25528	8
22	25529	8
22	25530	8
22	25531	8
22	25532	8
22	25533	8
22	25534	8
22	25535	8
22	25536	8
22	25537	8
22	25538	7
22	25539	7
22	25540	7
22	25541	8
22	25542	8
22	25543	8
22	25544	8
22	25545	8
22	25546	8
22	25547	8
22	25548	8
22	25549	8
22	25550	8
22	25551	8
22	25552	8
22	25553	7
22	25554	7
22	25555	7
22	25556	8
22	25557	8
22	25558	8
22	25559	7
22	25560	7
22	25561	7
22	25562	7
22	25563	7
22	25564	7
22	25565	8
22	25566	8
22	25567	8
22	25568	8
22	25569	8
22	25570	8
22	25571	8
22	25572	8
22	25573	9
22	25574	9
22	25575	9
22	25576	9
22	25577	10
22	25578	11
22	25579	11
22	25580	12
22	25581	12
22	25582	12
22	25583	12
22	25584	12
22	25585	12
22	25586	12
22	25587	12
22	25588	12
22	25589	12
22	25590	12
22	25591	12
22	25592	13
22	25593	13
22	25594	13
22	25595	13
22	25596	12
22	25597	11
22	25598	11
22	25599	11
22	25600	11
22	25601	11
22	25602	10
22	25603	9
22	25604	10
22	25605	10
22	25606	10
22	25607	10
22	25608	12
22	25609	11
22	25610	11
22	25611	11
22	25612	11
22	25613	10
22	25614	10
22	25615	10
22	25616	12
22	25617	12
22	25618	11
22	25619	11
22	25620	12
22	25621	13
22	25622	13
22	25623	13
22	25624	13
22	25625	12
22	25626	12
22	25627	12
22	25628	12
22	25629	12
22	25630	12
22	25631	12
22	25632	12
22	25633	12
22	25634	12
22	25635	12
22	25636	13
22	25637	13
22	25638	14
22	25639	13
22	25640	12
22	25641	13
22	25642	14
22	25643	13
22	25644	13
22	25645	13
22	25646	12
22	25647	13
22	25648	14
22	25649	13
22	25650	13
22	25651	13
22	25652	13
22	25653	12
22	25654	12
22	25655	11
22	25656	11
22	25657	9
22	25658	9
22	25659	9
22	25660	9
22	25661	10
22	25662	10
22	25663	10
22	25664	11
22	25665	11
22	25666	11
22	25667	10
22	25668	10
22	25669	10
22	25670	11
22	25671	12
22	25672	12
22	25673	12
22	25674	12
22	25675	12
22	25676	12
22	25677	12
22	25678	12
22	25679	12
22	25680	12
22	25681	13
22	25682	14
22	25683	15
22	25684	16
22	25685	16
22	25686	17
22	25687	16
22	25688	16
22	25689	15
22	25690	15
22	25691	15
22	25692	13
22	25693	13
22	25694	12
22	25695	12
22	25696	12
22	25697	12
22	25698	12
22	25699	12
22	25700	12
22	25701	11
22	25702	11
22	25703	11
22	25704	9
22	25705	9
22	25706	9
22	25707	7
22	25708	6
22	25709	6
22	25710	6
22	25711	6
22	25712	6
22	25713	6
22	25714	6
22	25715	6
22	25716	6
22	25717	8
22	25718	7
22	25719	7
22	25720	7
22	25721	7
22	25722	7
22	25723	7
22	25724	7
22	25725	7
22	25726	7
22	25727	7
22	25728	8
22	25729	8
22	25730	8
22	25731	8
22	25732	8
22	25733	8
22	25734	8
22	25735	8
22	25736	8
22	25737	8
22	25738	8
22	25739	7
22	25740	7
22	25741	7
22	25742	7
22	25743	8
22	25744	8
22	25745	8
22	25746	8
22	25747	8
22	25748	8
22	25749	8
22	25750	7
22	25751	7
22	25752	7
22	25753	7
22	25754	7
22	25755	7
22	25756	7
22	25757	7
22	25758	7
22	25759	7
22	25760	7
22	25761	7
22	25762	6
22	25763	6
22	25764	5
22	25765	4
22	25766	4
22	25767	4
22	25768	4
22	25769	4
22	25770	4
22	25771	4
22	25772	2
22	25773	2
22	25774	2
22	25775	1
22	25776	1
22	25777	1
22	25778	1
22	25779	1
22	25780	1
22	25781	1
22	25782	1
22	25826	1
22	25827	1
22	25828	1
22	25829	1
22	25830	1
22	25831	2
22	25832	2
22	25833	2
22	25834	2
22	25835	2
22	25836	2
22	25837	2
22	25838	2
22	25839	2
22	25840	2
22	25841	2
22	25842	2
22	25843	2
22	25844	2
22	25845	2
22	25846	2
22	25847	2
22	25848	2
22	25849	2
22	25850	1
22	25851	1
22	25852	1
22	25853	1
22	25854	1
22	25855	1
22	25856	1
22	25857	1
22	25858	1
22	25859	1
22	25860	1
22	25861	1
22	25862	1
22	25863	1
22	25864	1
22	25865	1
22	25866	1
22	25867	1
22	25868	1
22	25869	1
22	25870	1
22	25871	1
22	25872	1
22	25873	1
22	25874	1
22	25875	1
22	25876	1
22	25877	1
22	25878	1
22	25879	1
22	25880	1
22	25881	1
22	25882	1
22	25883	1
22	25884	1
22	25885	1
22	25886	1
22	25887	1
22	25888	1
22	25889	1
22	25890	1
22	25891	1
22	25892	1
22	25893	1
22	25894	1
22	25895	1
22	25896	1
22	25897	1
22	25915	1
22	25916	1
22	25917	1
22	25918	2
22	25919	2
22	25920	3
22	25921	4
22	25922	4
22	25923	4
22	25924	4
22	25925	4
22	25926	5
22	25927	6
22	25928	6
22	25929	6
22	25930	6
22	25931	6
22	25932	6
22	25933	6
22	25934	5
22	25935	5
22	25936	5
22	25937	5
22	25938	5
22	25939	4
22	25940	4
22	25941	4
22	25942	4
22	25943	4
22	25944	4
22	25945	4
22	25946	4
22	25947	3
22	25948	3
22	25949	2
22	25950	2
22	25951	2
22	25952	2
22	25953	2
22	25954	3
22	25955	3
22	25956	3
22	25957	4
22	25958	4
22	25959	4
22	25960	4
22	25961	4
22	25962	4
22	25963	4
22	25964	4
22	25965	4
22	25966	4
22	25967	4
22	25968	4
22	25969	4
22	25970	4
22	25971	3
22	25972	3
22	25973	3
22	25974	4
22	25975	4
22	25976	4
22	25977	4
22	25978	4
22	25979	4
22	25980	4
22	25981	4
22	25982	4
22	25983	4
22	25984	4
22	25985	4
22	25986	4
22	25987	4
22	25988	4
22	25989	4
22	25990	4
22	25991	4
22	25992	4
22	25993	4
22	25994	4
22	25995	4
22	25996	4
22	25997	4
22	25998	4
22	25999	4
22	26000	4
22	26001	4
22	26002	4
22	26003	4
22	26004	4
22	26005	3
22	26006	3
22	26007	3
22	26008	3
22	26009	3
22	26010	3
22	26011	3
22	26012	3
22	26013	3
22	26014	3
22	26015	3
22	26016	3
22	26017	3
22	26018	3
22	26019	2
22	26020	2
22	26021	2
22	26022	2
22	26023	2
22	26024	1
22	26025	1
22	26026	1
22	26027	1
22	26028	1
22	26029	1
22	26030	1
22	26031	1
22	26032	1
22	26033	1
22	26034	2
22	26035	1
22	26036	1
22	26037	1
22	26038	1
22	26039	1
22	26040	1
22	26041	1
22	26042	1
22	26043	2
22	26044	2
22	26045	3
22	26046	3
22	26047	3
22	26048	3
22	26049	3
22	26050	3
22	26051	3
22	26052	3
22	26053	3
22	26054	3
22	26055	2
22	26056	2
22	26057	2
22	26058	1
22	26059	2
22	26060	2
22	26061	2
22	26062	2
22	26063	2
22	26064	1
22	26065	1
22	26070	1
22	26071	1
22	26072	1
22	26073	1
22	26074	1
22	26075	1
22	26076	2
22	26077	2
22	26078	2
22	26079	2
22	26080	2
22	26081	2
22	26082	2
22	26083	2
22	26084	2
22	26085	2
22	26086	2
22	26087	2
22	26088	2
22	26089	2
22	26090	2
22	26091	1
22	26092	1
22	26093	1
22	26094	1
22	26095	1
22	26096	1
22	26214	1
22	26215	1
22	26216	1
22	26217	1
22	26218	1
22	26219	1
22	26220	1
22	26221	1
22	26222	1
22	26223	1
22	26224	1
22	26225	1
22	26226	1
22	26227	1
22	26228	1
22	26229	1
22	26230	1
22	26231	1
22	26232	1
22	26341	1
22	26342	1
22	26343	2
22	26344	2
22	26345	2
22	26346	2
22	26347	2
22	26348	2
22	26349	3
22	26350	3
22	26351	3
22	26352	3
22	26353	3
22	26354	4
22	26355	4
22	26356	5
22	26357	5
22	26358	5
22	26359	5
22	26360	6
22	26361	5
22	26362	4
22	26363	5
22	26364	6
22	26365	6
22	26366	6
22	26367	7
22	26368	6
22	26369	6
22	26370	7
22	26371	8
22	26372	8
22	26373	7
22	26374	7
22	26375	7
22	26376	7
22	26377	7
22	26378	7
22	26379	8
22	26380	10
22	26381	10
22	26382	10
22	26383	10
22	26384	11
22	26385	11
22	26386	11
22	26387	11
22	26388	11
22	26389	12
22	26390	12
22	26391	12
22	26392	12
22	26393	12
22	26394	11
22	26395	11
22	26396	12
22	26397	12
22	26398	12
22	26399	12
22	26400	12
22	26401	12
22	26402	14
22	26403	14
22	26404	13
22	26405	13
22	26406	13
22	26407	13
22	26408	13
22	26409	12
22	26410	12
22	26411	12
22	26412	12
22	26413	12
22	26414	11
22	26415	10
22	26416	11
22	26417	11
22	26418	11
22	26419	11
22	26420	11
22	26421	11
22	26422	12
22	26423	11
22	26424	11
22	26425	10
22	26426	11
22	26427	11
22	26428	12
22	26429	12
22	26430	12
22	26431	12
22	26432	12
22	26433	13
22	26434	13
22	26435	13
22	26436	13
22	26437	13
22	26438	13
22	26439	12
22	26440	12
22	26441	12
22	26442	10
22	26443	9
22	26444	10
22	26445	10
22	26446	10
22	26447	10
22	26448	10
22	26449	10
22	26450	10
22	26451	10
22	26452	10
22	26453	9
22	26454	9
22	26455	9
22	26456	9
22	26457	9
22	26458	9
22	26459	10
22	26460	10
22	26461	10
22	26462	9
22	26463	9
22	26464	10
22	26465	10
22	26466	10
22	26467	9
22	26468	9
22	26469	10
22	26470	11
22	26471	11
22	26472	11
22	26473	11
22	26474	10
22	26475	10
22	26476	10
22	26477	9
22	26478	9
22	26479	9
22	26480	8
22	26481	8
22	26482	8
22	26483	8
22	26484	9
22	26485	8
22	26486	8
22	26487	9
22	26488	9
22	26489	8
22	26490	8
22	26491	8
22	26492	9
22	26493	9
22	26494	9
22	26495	9
22	26496	9
22	26497	10
22	26498	10
22	26499	11
22	26500	10
22	26501	11
22	26502	11
22	26503	12
22	26504	12
22	26505	12
22	26506	13
22	26507	14
22	26508	14
22	26509	13
22	26510	13
22	26511	13
22	26512	12
22	26513	14
22	26514	14
22	26515	15
22	26516	15
22	26517	14
22	26518	14
22	26519	12
22	26520	12
22	26521	12
22	26522	14
22	26523	14
22	26524	14
22	26525	13
22	26526	13
22	26527	13
22	26528	13
22	26529	14
22	26530	13
22	26531	13
22	26532	13
22	26533	13
22	26534	13
22	26535	13
22	26536	13
22	26537	13
22	26538	13
22	26539	13
22	26540	13
22	26541	11
22	26542	11
22	26543	11
22	26544	10
22	26545	10
22	26546	10
22	26547	10
22	26548	10
22	26549	10
22	26550	10
22	26551	11
22	26552	10
22	26553	10
22	26554	10
22	26555	9
22	26556	9
22	26557	9
22	26558	9
22	26559	10
22	26560	10
22	26561	10
22	26562	9
22	26563	9
22	26564	9
22	26565	9
22	26566	9
22	26567	9
22	26568	9
22	26569	9
22	26570	9
22	26571	10
22	26572	10
22	26573	10
22	26574	10
22	26575	9
22	26576	9
22	26577	9
22	26578	10
22	26579	10
22	26580	10
22	26581	11
22	26582	11
22	26583	11
22	26584	11
22	26585	12
22	26586	12
22	26587	13
22	26588	14
22	26589	14
22	26590	14
22	26591	14
22	26592	14
22	26593	13
22	26594	13
22	26595	13
22	26596	14
22	26597	14
22	26598	14
22	26599	15
22	26600	15
22	26601	14
22	26602	14
22	26603	14
22	26604	14
22	26605	14
22	26606	13
22	26607	13
22	26608	13
22	26609	14
22	26610	13
22	26611	13
22	26612	13
22	26613	13
22	26614	14
22	26615	13
22	26616	14
22	26617	15
22	26618	15
22	26619	15
22	26620	15
22	26621	15
22	26622	16
22	26623	17
22	26624	17
22	26625	17
22	26626	17
22	26627	15
22	26628	15
22	26629	15
22	26630	15
22	26631	15
22	26632	15
22	26633	14
22	26634	14
22	26635	15
22	26636	13
22	26637	12
22	26638	12
22	26639	12
22	26640	12
22	26641	12
22	26642	11
22	26643	10
22	26644	9
22	26645	9
22	26646	9
22	26647	10
22	26648	12
22	26649	13
22	26650	13
22	26651	13
22	26652	13
22	26653	13
22	26654	13
22	26655	12
22	26656	12
22	26657	12
22	26658	11
22	26659	11
22	26660	11
22	26661	11
22	26662	10
22	26663	11
22	26664	11
22	26665	12
22	26666	12
22	26667	12
22	26668	13
22	26669	12
22	26670	13
22	26671	13
22	26672	12
22	26673	12
22	26674	12
22	26675	12
22	26676	12
22	26677	11
22	26678	11
22	26679	11
22	26680	11
22	26681	11
22	26682	12
22	26683	11
22	26684	11
22	26685	11
22	26686	11
22	26687	10
22	26688	9
22	26689	9
22	26690	9
22	26691	8
22	26692	8
22	26693	8
22	26694	8
22	26695	7
22	26696	7
22	26697	7
22	26698	7
22	26699	7
22	26700	7
22	26701	8
22	26702	8
22	26703	8
22	26704	9
22	26705	9
22	26706	8
22	26707	8
22	26708	9
22	26709	9
22	26710	9
22	26711	9
22	26712	9
22	26713	9
22	26714	9
22	26715	9
22	26716	9
22	26717	9
22	26718	9
22	26719	10
22	26720	9
22	26721	10
22	26722	10
22	26723	10
22	26724	10
22	26725	11
22	26726	11
22	26727	11
22	26728	12
22	26729	12
22	26730	12
22	26731	12
22	26732	12
22	26733	12
22	26734	12
22	26735	13
22	26736	15
22	26737	15
22	26738	15
22	26739	15
22	26740	15
22	26741	14
22	26742	14
22	26743	14
22	26744	16
22	26745	15
22	26746	14
22	26747	14
22	26748	13
22	26749	13
22	26750	14
22	26751	14
22	26752	15
22	26753	15
22	26754	14
22	26755	12
22	26756	12
22	26757	12
22	26758	12
22	26759	12
22	26760	13
22	26761	14
22	26762	13
22	26763	12
22	26764	11
22	26765	10
22	26766	11
22	26767	11
22	26768	11
22	26769	11
22	26770	11
22	26771	11
22	26772	11
22	26773	12
22	26774	12
22	26775	12
22	26776	12
22	26777	12
22	26778	12
22	26779	12
22	26780	11
22	26781	11
22	26782	10
22	26783	11
22	26784	11
22	26785	11
22	26786	11
22	26787	11
22	26788	11
22	26789	12
22	26790	12
22	26791	12
22	26792	12
22	26793	11
22	26794	12
22	26795	12
22	26796	13
22	26797	13
22	26798	14
22	26799	15
22	26800	14
22	26801	13
22	26802	12
22	26803	11
22	26804	11
22	26805	11
22	26806	11
22	26807	11
22	26808	11
22	26809	11
22	26810	11
22	26811	11
22	26812	11
22	26813	10
22	26814	9
22	26815	10
22	26816	10
22	26817	10
22	26818	11
22	26819	11
22	26820	11
22	26821	11
22	26822	11
22	26823	11
22	26824	11
22	26825	10
22	26826	9
22	26827	9
22	26828	10
22	26829	9
22	26830	8
22	26831	8
22	26832	9
22	26833	9
22	26834	9
22	26835	8
22	26836	8
22	26837	9
22	26838	8
22	26839	8
22	26840	8
22	26841	7
22	26842	7
22	26843	8
22	26844	7
22	26845	7
22	26846	7
22	26847	7
22	26848	6
22	26849	6
22	26850	5
22	26851	5
22	26852	6
22	26853	6
22	26854	6
22	26855	6
22	26856	6
22	26857	7
22	26858	7
22	26859	7
22	26860	7
22	26861	6
22	26862	6
22	26863	6
22	26864	6
22	26865	6
22	26866	6
22	26867	7
22	26868	7
22	26869	8
22	26870	7
22	26871	7
22	26872	8
22	26873	8
22	26874	8
22	26875	8
22	26876	9
22	26877	9
22	26878	10
22	26879	11
22	26880	11
22	26881	11
22	26882	11
22	26883	10
22	26884	11
22	26885	11
22	26886	11
22	26887	11
22	26888	11
22	26889	10
22	26890	10
22	26891	9
22	26892	8
22	26893	8
22	26894	8
22	26895	7
22	26896	7
22	26897	7
22	26898	6
22	26899	5
22	26900	4
22	26901	4
22	26902	6
22	26903	6
22	26904	6
22	26905	6
22	26906	6
22	26907	6
22	26908	7
22	26909	8
22	26910	8
22	26911	8
22	26912	8
22	26913	9
22	26914	10
22	26915	10
22	26916	10
22	26917	10
22	26918	10
22	26919	11
22	26920	11
22	26921	12
22	26922	12
22	26923	12
22	26924	12
22	26925	12
22	26926	12
22	26927	12
22	26928	12
22	26929	12
22	26930	12
22	26931	11
22	26932	11
22	26933	11
22	26934	11
22	26935	11
22	26936	12
22	26937	12
22	26938	11
22	26939	11
22	26940	12
22	26941	12
22	26942	11
22	26943	11
22	26944	11
22	26945	11
22	26946	11
22	26947	11
22	26948	10
22	26949	9
22	26950	9
22	26951	9
22	26952	9
22	26953	9
22	26954	9
22	26955	9
22	26956	9
22	26957	9
22	26958	9
22	26959	9
22	26960	9
22	26961	8
22	26962	7
22	26963	7
22	26964	7
22	26965	7
22	26966	6
22	26967	6
22	26968	5
22	26969	4
22	26970	4
22	26971	4
22	26972	4
22	26973	5
22	26974	5
22	26975	5
22	26976	5
22	26977	5
22	26978	6
22	26979	5
22	26980	5
22	26981	5
22	26982	5
22	26983	5
22	26984	5
22	26985	5
22	26986	5
22	26987	6
22	26988	6
22	26989	6
22	26990	5
22	26991	5
22	26992	5
22	26993	6
22	26994	6
22	26995	6
22	26996	6
22	26997	6
22	26998	6
22	26999	6
22	27000	7
22	27001	7
22	27002	7
22	27003	7
22	27004	7
22	27005	7
22	27006	6
22	27007	6
22	27008	6
22	27009	7
22	27010	7
22	27011	7
22	27012	7
22	27013	6
22	27014	5
22	27015	4
22	27016	5
22	27017	5
22	27018	5
22	27019	4
22	27020	4
22	27021	4
22	27022	4
22	27023	4
22	27024	4
22	27025	4
22	27026	4
22	27027	4
22	27028	4
22	27029	4
22	27030	3
22	27031	3
22	27032	3
22	27033	4
22	27034	4
22	27035	4
22	27036	4
22	27037	4
22	27038	4
22	27039	4
22	27040	5
22	27041	5
22	27042	5
22	27043	6
22	27044	6
22	27045	7
22	27046	7
22	27047	7
22	27048	8
22	27049	8
22	27050	8
22	27051	7
22	27052	7
22	27053	7
22	27054	7
22	27055	7
22	27056	7
22	27057	7
22	27058	7
22	27059	7
22	27060	7
22	27061	7
22	27062	6
22	27063	6
22	27064	6
22	27065	5
22	27066	5
22	27067	5
22	27068	5
22	27069	5
22	27070	6
22	27071	5
22	27072	6
22	27073	6
22	27074	6
22	27075	7
22	27076	7
22	27077	7
22	27078	7
22	27079	8
22	27080	7
22	27081	6
22	27082	6
22	27083	6
22	27084	6
22	27085	6
22	27086	6
22	27087	6
22	27088	6
22	27089	6
22	27090	5
22	27091	4
22	27092	4
22	27093	4
22	27094	5
22	27095	5
22	27096	5
22	27097	5
22	27098	5
22	27099	5
22	27100	6
22	27101	7
22	27102	8
22	27103	8
22	27104	10
22	27105	11
22	27106	12
22	27107	12
22	27108	12
22	27109	13
22	27110	13
22	27111	14
22	27112	15
22	27113	16
22	27114	16
22	27115	15
22	27116	15
22	27117	15
22	27118	15
22	27119	15
22	27120	13
22	27121	12
22	27122	10
22	27123	10
22	27124	9
22	27125	9
22	27126	9
22	27127	9
22	27128	9
22	27129	9
22	27130	9
22	27131	10
22	27132	9
22	27133	9
22	27134	9
22	27135	10
22	27136	11
22	27137	11
22	27138	11
22	27139	10
22	27140	11
22	27141	10
22	27142	10
22	27143	11
22	27144	11
22	27145	11
22	27146	10
22	27147	9
22	27148	9
22	27149	9
22	27150	8
22	27151	7
22	27152	5
22	27153	5
22	27154	6
22	27155	6
22	27156	7
22	27157	7
22	27158	7
22	27159	7
22	27160	7
22	27161	7
22	27162	7
22	27163	8
22	27164	7
22	27165	6
22	27166	6
22	27167	6
22	27168	6
22	27169	7
22	27170	8
22	27171	8
22	27172	9
22	27173	9
22	27174	9
22	27175	9
22	27176	9
22	27177	9
22	27178	9
22	27179	9
22	27180	9
22	27181	9
22	27182	10
22	27183	10
22	27184	10
22	27185	10
22	27186	10
22	27187	10
22	27188	11
22	27189	11
22	27190	12
22	27191	12
22	27192	11
22	27193	11
22	27194	11
22	27195	11
22	27196	11
22	27197	11
22	27198	11
22	27199	11
22	27200	11
22	27201	10
22	27202	10
22	27203	10
22	27204	9
22	27205	9
22	27206	8
22	27207	8
22	27208	9
22	27209	9
22	27210	8
22	27211	8
22	27212	7
22	27213	7
22	27214	7
22	27215	7
22	27216	7
22	27217	8
22	27218	8
22	27219	7
22	27220	7
22	27221	6
22	27222	7
22	27223	6
22	27224	7
22	27225	7
22	27226	7
22	27227	7
22	27228	6
22	27229	6
22	27230	6
22	27231	7
22	27232	7
22	27233	7
22	27234	7
22	27235	7
22	27236	7
22	27237	7
22	27238	7
22	27239	7
22	27240	8
22	27241	9
22	27242	9
22	27243	9
22	27244	9
22	27245	8
22	27246	8
22	27247	8
22	27248	8
22	27249	8
22	27250	8
22	27251	8
22	27252	8
22	27253	8
22	27254	8
22	27255	8
22	27256	8
22	27257	9
22	27258	8
22	27259	8
22	27260	8
22	27261	8
22	27262	9
22	27263	9
22	27264	9
22	27265	9
22	27266	10
22	27267	10
22	27268	10
22	27269	10
22	27270	10
22	27271	10
22	27272	10
22	27273	11
22	27274	11
22	27275	11
22	27276	11
22	27277	10
22	27278	10
22	27279	10
22	27280	10
22	27281	10
22	27282	10
22	27283	10
22	27284	9
22	27285	9
22	27286	10
22	27287	10
22	27288	11
22	27289	13
22	27290	14
22	27291	15
22	27292	16
22	27293	16
22	27294	15
22	27295	15
22	27296	15
22	27297	15
22	27298	14
22	27299	14
22	27300	14
22	27301	13
22	27302	12
22	27303	12
22	27304	12
22	27305	13
22	27306	13
22	27307	12
22	27308	11
22	27309	12
22	27310	13
22	27311	13
22	27312	13
22	27313	14
22	27314	14
22	27315	13
22	27316	13
22	27317	13
22	27318	13
22	27319	12
22	27320	12
22	27321	12
22	27322	12
22	27323	12
22	27324	12
22	27325	13
22	27326	12
22	27327	13
22	27328	14
22	27329	12
22	27330	12
22	27331	11
22	27332	11
22	27333	11
22	27334	11
22	27335	11
22	27336	11
22	27337	11
22	27338	11
22	27339	11
22	27340	11
22	27341	10
22	27342	10
22	27343	9
22	27344	9
22	27345	9
22	27346	8
22	27347	9
22	27348	9
22	27349	9
22	27350	10
22	27351	10
22	27352	10
22	27353	10
22	27354	11
22	27355	11
22	27356	11
22	27357	10
22	27358	9
22	27359	9
22	27360	8
22	27361	9
22	27362	10
22	27363	10
22	27364	10
22	27365	10
22	27366	10
22	27367	10
22	27368	10
22	27369	11
22	27370	11
22	27371	12
22	27372	13
22	27373	13
22	27374	12
22	27375	13
22	27376	13
22	27377	13
22	27378	14
22	27379	14
22	27380	14
22	27381	15
22	27382	15
22	27383	16
22	27384	16
22	27385	16
22	27386	16
22	27387	17
22	27388	17
22	27389	18
22	27390	17
22	27391	17
22	27392	17
22	27393	17
22	27394	18
22	27395	17
22	27396	17
22	27397	17
22	27398	17
22	27399	18
22	27400	19
22	27401	18
22	27402	19
22	27403	19
22	27404	19
22	27405	19
22	27406	19
22	27407	19
22	27408	19
22	27409	18
22	27410	17
22	27411	17
22	27412	17
22	27413	17
22	27414	17
22	27415	17
22	27416	16
22	27417	15
22	27418	15
22	27419	14
22	27420	14
22	27421	14
22	27422	14
22	27423	15
22	27424	14
22	27425	13
22	27426	13
22	27427	13
22	27428	14
22	27429	14
22	27430	15
22	27431	15
22	27432	15
22	27433	15
22	27434	12
22	27435	12
22	27436	12
22	27437	12
22	27438	12
22	27439	11
22	27440	11
22	27441	11
22	27442	10
22	27443	10
22	27444	10
22	27445	9
22	27446	9
22	27447	9
22	27448	9
22	27449	8
22	27450	8
22	27451	8
22	27452	8
22	27453	8
22	27454	8
22	27455	8
22	27456	8
22	27457	8
22	27458	8
22	27459	7
22	27460	7
22	27461	7
22	27462	5
22	27463	5
22	27464	5
22	27465	5
22	27466	5
22	27467	4
22	27468	4
22	27469	4
22	27470	4
22	27471	4
22	27472	5
22	27473	5
22	27474	5
22	27475	5
22	27476	5
22	27477	5
22	27478	5
22	27479	6
22	27480	6
22	27481	6
22	27482	7
22	27483	7
22	27484	8
22	27485	8
22	27486	7
22	27487	7
22	27488	7
22	27489	6
22	27490	6
22	27491	6
22	27492	6
22	27493	6
22	27494	6
22	27495	6
22	27496	6
22	27497	6
22	27498	6
22	27499	6
22	27500	6
22	27501	5
22	27502	5
22	27503	5
22	27504	5
22	27505	5
22	27506	5
22	27507	5
22	27508	5
22	27509	5
22	27510	5
22	27511	6
22	27512	6
22	27513	6
22	27514	6
22	27515	6
22	27516	6
22	27517	5
22	27518	8
22	27519	8
22	27520	9
22	27521	9
22	27522	9
22	27523	9
22	27524	10
22	27525	10
22	27526	11
22	27527	11
22	27528	11
22	27529	11
22	27530	11
22	27531	11
22	27532	11
22	27533	10
22	27534	9
22	27535	9
22	27536	8
22	27537	8
22	27538	8
22	27539	8
22	27540	8
22	27541	8
22	27542	8
22	27543	8
22	27544	7
22	27545	7
22	27546	6
22	27547	6
22	27548	6
22	27549	6
22	27550	5
22	27551	3
22	27552	4
22	27553	3
22	27554	3
22	27555	3
22	27556	3
22	27557	4
22	27558	4
22	27559	3
22	27560	3
22	27561	3
22	27562	3
22	27563	4
22	27564	5
22	27565	5
22	27566	5
22	27567	5
22	27568	5
22	27569	5
22	27570	5
22	27571	5
22	27572	5
22	27573	5
22	27574	5
22	27575	5
22	27576	5
22	27577	5
22	27578	5
22	27579	7
22	27580	7
22	27581	7
22	27582	7
22	27583	7
22	27584	7
22	27585	7
22	27586	7
22	27587	7
22	27588	7
22	27589	7
22	27590	6
22	27591	6
22	27592	6
22	27593	5
22	27594	6
22	27595	6
22	27596	6
22	27597	6
22	27598	6
22	27599	6
22	27600	6
22	27601	6
22	27602	6
22	27603	6
22	27604	7
22	27605	6
22	27606	6
22	27607	6
22	27608	6
22	27609	7
22	27610	7
22	27611	7
22	27612	6
22	27613	6
22	27614	7
22	27615	7
22	27616	8
22	27617	8
22	27618	8
22	27619	8
22	27620	9
22	27621	9
22	27622	9
22	27623	9
22	27624	9
22	27625	9
22	27626	9
22	27627	9
22	27628	9
22	27629	9
22	27630	9
22	27631	9
22	27632	9
22	27633	9
22	27634	9
22	27635	9
22	27636	9
22	27637	9
22	27638	10
22	27639	10
22	27640	10
22	27641	9
22	27642	8
22	27643	7
22	27644	7
22	27645	7
22	27646	7
22	27647	7
22	27648	6
22	27649	5
22	27650	5
22	27651	5
22	27652	6
22	27653	6
22	27654	7
22	27655	7
22	27656	6
22	27657	6
22	27658	6
22	27659	6
22	27660	6
22	27661	6
22	27662	6
22	27663	6
22	27664	7
22	27665	7
22	27666	8
22	27667	9
22	27668	9
22	27669	9
22	27670	8
22	27671	7
22	27672	7
22	27673	7
22	27674	7
22	27675	8
22	27676	8
22	27677	8
22	27678	8
22	27679	8
22	27680	8
22	27681	9
22	27682	9
22	27683	9
22	27684	10
22	27685	9
22	27686	9
22	27687	7
22	27688	6
22	27689	6
22	27690	7
22	27691	8
22	27692	8
22	27693	9
22	27694	10
22	27695	10
22	27696	10
22	27697	10
22	27698	10
22	27699	10
22	27700	10
22	27701	10
22	27702	10
22	27703	10
22	27704	10
22	27705	10
22	27706	10
22	27707	11
22	27708	11
22	27709	11
22	27710	11
22	27711	11
22	27712	11
22	27713	11
22	27714	11
22	27715	11
22	27716	12
22	27717	12
22	27718	12
22	27719	12
22	27720	12
22	27721	13
22	27722	13
22	27723	13
22	27724	14
22	27725	14
22	27726	14
22	27727	13
22	27728	11
22	27729	11
22	27730	11
22	27731	10
22	27732	11
22	27733	9
22	27734	9
22	27735	10
22	27736	10
22	27737	10
22	27738	10
22	27739	10
22	27740	11
22	27741	11
22	27742	11
22	27743	12
22	27744	12
22	27745	10
22	27746	10
22	27747	11
22	27748	11
22	27749	12
22	27750	12
22	27751	12
22	27752	12
22	27753	12
22	27754	12
22	27755	11
22	27756	10
22	27757	10
22	27758	10
22	27759	10
22	27760	10
22	27761	10
22	27762	9
22	27763	9
22	27764	9
22	27765	9
22	27766	9
22	27767	8
22	27768	8
22	27769	8
22	27770	7
22	27771	7
22	27772	7
22	27773	6
22	27774	6
22	27775	6
22	27776	7
22	27777	5
22	27778	5
22	27779	5
22	27780	5
22	27781	6
22	27782	6
22	27783	6
22	27784	6
22	27785	7
22	27786	7
22	27787	7
22	27788	7
22	27789	7
22	27790	7
22	27791	7
22	27792	7
22	27793	8
22	27794	9
22	27795	9
22	27796	9
22	27797	9
22	27798	8
22	27799	8
22	27800	7
22	27801	7
22	27802	7
22	27803	7
22	27804	7
22	27805	6
22	27806	7
22	27807	7
22	27808	7
22	27809	7
22	27810	7
22	27811	7
22	27812	7
22	27813	7
22	27814	7
22	27815	7
22	27816	6
22	27817	6
22	27818	6
22	27819	6
22	27820	7
22	27821	7
22	27822	7
22	27823	8
22	27824	8
22	27825	9
22	27826	9
22	27827	9
22	27828	8
22	27829	8
22	27830	9
22	27831	10
22	27832	10
22	27833	10
22	27834	10
22	27835	10
22	27836	10
22	27837	10
22	27838	10
22	27839	9
22	27840	9
22	27841	9
22	27842	9
22	27843	9
22	27844	9
22	27845	7
22	27846	8
22	27847	8
22	27848	7
22	27849	8
22	27850	8
22	27851	9
22	27852	9
22	27853	9
22	27854	9
22	27855	9
22	27856	9
22	27857	9
22	27858	9
22	27859	9
22	27860	9
22	27861	9
22	27862	9
22	27863	9
22	27864	9
22	27865	9
22	27866	9
22	27867	9
22	27868	9
22	27869	9
22	27870	10
22	27871	10
22	27872	10
22	27873	10
22	27874	10
22	27875	10
22	27876	10
22	27877	11
22	27878	10
22	27879	9
22	27880	9
22	27881	9
22	27882	8
22	27883	8
22	27884	8
22	27885	8
22	27886	8
22	27887	9
22	27888	9
22	27889	9
22	27890	9
22	27891	10
22	27892	9
22	27893	9
22	27894	9
22	27895	9
22	27896	10
22	27897	10
22	27898	9
22	27899	9
22	27900	9
22	27901	9
22	27902	9
22	27903	8
22	27904	8
22	27905	8
22	27906	7
22	27907	7
22	27908	6
22	27909	6
22	27910	5
22	27911	5
22	27912	5
22	27913	6
22	27914	6
22	27915	6
22	27916	6
22	27917	7
22	27918	7
22	27919	7
22	27920	7
22	27921	7
22	27922	7
22	27923	7
22	27924	7
22	27925	7
22	27926	7
22	27927	6
22	27928	6
22	27929	6
22	27930	6
22	27931	6
22	27932	6
22	27933	6
22	27934	6
22	27935	6
22	27936	7
22	27937	6
22	27938	5
22	27939	5
22	27940	5
22	27941	5
22	27942	5
22	27943	5
22	27944	5
22	27945	5
22	27946	6
22	27947	6
22	27948	6
22	27949	6
22	27950	6
22	27951	6
22	27952	6
22	27953	6
22	27954	6
22	27955	7
22	27956	8
22	27957	8
22	27958	9
22	27959	9
22	27960	9
22	27961	10
22	27962	10
22	27963	9
22	27964	9
22	27965	9
22	27966	10
22	27967	10
22	27968	11
22	27969	11
22	27970	11
22	27971	11
22	27972	11
22	27973	11
22	27974	11
22	27975	11
22	27976	11
22	27977	11
22	27978	11
22	27979	10
22	27980	10
22	27981	10
22	27982	10
22	27983	10
22	27984	10
22	27985	8
22	27986	8
22	27987	8
22	27988	7
22	27989	8
22	27990	8
22	27991	7
22	27992	7
22	27993	7
22	27994	7
22	27995	7
22	27996	7
22	27997	7
22	27998	7
22	27999	7
22	28000	7
22	28001	7
22	28002	8
22	28003	8
22	28004	8
22	28005	8
22	28006	8
22	28007	8
22	28008	9
22	28009	9
22	28010	9
22	28011	9
22	28012	9
22	28013	9
22	28014	9
22	28015	9
22	28016	9
22	28017	9
22	28018	10
22	28019	10
22	28020	10
22	28021	8
22	28022	7
22	28023	7
22	28024	7
22	28025	7
22	28026	7
22	28027	7
22	28028	7
22	28029	7
22	28030	7
22	28031	7
22	28032	7
22	28033	7
22	28034	7
22	28035	7
22	28036	7
22	28037	7
22	28038	8
22	28039	7
22	28040	7
22	28041	7
22	28042	8
22	28043	8
22	28044	8
22	28045	8
22	28046	10
22	28047	10
22	28048	10
22	28049	10
22	28050	10
22	28051	10
22	28052	10
22	28053	11
22	28054	11
22	28055	11
22	28056	11
22	28057	11
22	28058	11
22	28059	11
22	28060	11
22	28061	11
22	28062	11
22	28063	11
22	28064	10
22	28065	10
22	28066	10
22	28067	9
22	28068	9
22	28069	9
22	28070	9
22	28071	9
22	28072	9
22	28073	8
22	28074	8
22	28075	7
22	28076	6
22	28077	6
22	28078	5
22	28079	5
22	28080	4
22	28081	5
22	28082	5
22	28083	5
22	28084	5
22	28085	5
22	28086	5
22	28087	5
22	28088	5
22	28089	4
22	28090	4
22	28091	4
22	28092	4
22	28093	4
22	28094	4
22	28095	4
22	28096	4
22	28097	4
22	28098	4
22	28099	5
22	28100	6
22	28101	5
22	28102	5
22	28103	5
22	28104	6
22	28105	6
22	28106	6
22	28107	6
22	28108	6
22	28109	6
22	28110	6
22	28111	6
22	28112	6
22	28113	6
22	28114	6
22	28115	6
22	28116	6
22	28117	7
22	28118	8
22	28119	8
22	28120	9
22	28121	9
22	28122	9
22	28123	9
22	28124	9
22	28125	9
22	28126	8
22	28127	8
22	28128	8
22	28129	9
22	28130	9
22	28131	8
22	28132	8
22	28133	8
22	28134	8
22	28135	8
22	28136	7
22	28137	8
22	28138	8
22	28139	8
22	28140	8
22	28141	8
22	28142	9
22	28143	8
22	28144	8
22	28145	8
22	28146	8
22	28147	8
22	28148	8
22	28149	7
22	28150	7
22	28151	5
22	28152	5
22	28153	5
22	28154	4
22	28155	3
22	28156	3
22	28157	5
22	28158	5
22	28159	5
22	28160	5
22	28161	5
22	28162	4
22	28163	4
22	28164	5
22	28165	6
22	28166	6
22	28167	7
22	28168	7
22	28169	7
22	28170	7
22	28171	7
22	28172	7
22	28173	8
22	28174	10
22	28175	10
22	28176	10
22	28177	10
22	28178	8
22	28179	8
22	28180	9
22	28181	9
22	28182	9
22	28183	10
22	28184	11
22	28185	9
22	28186	9
22	28187	8
22	28188	8
22	28189	8
22	28190	9
22	28191	9
22	28192	9
22	28193	8
22	28194	8
22	28195	8
22	28196	8
22	28197	10
22	28198	10
22	28199	12
22	28200	12
22	28201	12
22	28202	12
22	28203	13
22	28204	12
22	28205	13
22	28206	13
22	28207	13
22	28208	13
22	28209	13
22	28210	12
22	28211	12
22	28212	12
22	28213	12
22	28214	14
22	28215	14
22	28216	14
22	28217	13
22	28218	12
22	28219	12
22	28220	12
22	28221	12
22	28222	10
22	28223	10
22	28224	9
22	28225	9
22	28226	10
22	28227	10
22	28228	10
22	28229	10
22	28230	10
22	28231	11
22	28232	11
22	28233	11
22	28234	11
22	28235	11
22	28236	10
22	28237	10
22	28238	10
22	28239	10
22	28240	9
22	28241	9
22	28242	10
22	28243	11
22	28244	11
22	28245	11
22	28246	12
22	28247	12
22	28248	12
22	28249	12
22	28250	12
22	28251	12
22	28252	11
22	28253	11
22	28254	10
22	28255	10
22	28256	10
22	28257	9
22	28258	9
22	28259	9
22	28260	9
22	28261	8
22	28262	8
22	28263	9
22	28264	9
22	28265	8
22	28266	8
22	28267	9
22	28268	8
22	28269	8
22	28270	8
22	28271	8
22	28272	8
22	28273	9
22	28274	9
22	28275	10
22	28276	10
22	28277	12
22	28278	13
22	28279	13
22	28280	13
22	28281	12
22	28282	12
22	28283	12
22	28284	12
22	28285	12
22	28286	12
22	28287	11
22	28288	11
22	28289	10
22	28290	10
22	28291	10
22	28292	10
22	28293	10
22	28294	10
22	28295	10
22	28296	10
22	28297	10
22	28298	10
22	28299	10
22	28300	10
22	28301	10
22	28302	10
22	28303	10
22	28304	10
22	28305	9
22	28306	9
22	28307	10
22	28308	9
22	28309	9
22	28310	9
22	28311	10
22	28312	10
22	28313	11
22	28314	10
22	28315	10
22	28316	9
22	28317	8
22	28318	9
22	28319	9
22	28320	9
22	28321	9
22	28322	9
22	28323	9
22	28324	9
22	28325	9
22	28326	9
22	28327	8
22	28328	8
22	28329	8
22	28330	8
22	28331	8
22	28332	9
22	28333	10
22	28334	10
22	28335	11
22	28336	11
22	28337	11
22	28338	11
22	28339	11
22	28340	12
22	28341	12
22	28342	12
22	28343	12
22	28344	12
22	28345	11
22	28346	12
22	28347	14
22	28348	13
22	28349	13
22	28350	13
22	28351	13
22	28352	13
22	28353	13
22	28354	12
22	28355	12
22	28356	12
22	28357	11
22	28358	11
22	28359	10
22	28360	10
22	28361	10
22	28362	11
22	28363	9
22	28364	9
22	28365	9
22	28366	9
22	28367	9
22	28368	8
22	28369	8
22	28370	9
22	28371	9
22	28372	9
22	28373	10
22	28374	10
22	28375	10
22	28376	9
22	28377	10
22	28378	10
22	28379	9
22	28380	10
22	28381	10
22	28382	10
22	28383	10
22	28384	9
22	28385	10
22	28386	10
22	28387	10
22	28388	10
22	28389	10
22	28390	9
22	28391	9
22	28392	9
22	28393	10
22	28394	9
22	28395	9
22	28396	12
22	28397	13
22	28398	14
22	28399	13
22	28400	13
22	28401	12
22	28402	13
22	28403	13
22	28404	13
22	28405	13
22	28406	13
22	28407	13
22	28408	14
22	28409	14
22	28410	13
22	28411	13
22	28412	12
22	28413	12
22	28414	11
22	28415	10
22	28416	10
22	28417	10
22	28418	10
22	28419	10
22	28420	10
22	28421	10
22	28422	10
22	28423	10
22	28424	10
22	28425	10
22	28426	10
22	28427	10
22	28428	9
22	28429	9
22	28430	8
22	28431	9
22	28432	9
22	28433	7
22	28434	8
22	28435	8
22	28436	10
22	28437	10
22	28438	10
22	28439	10
22	28440	10
22	28441	10
22	28442	10
22	28443	10
22	28444	9
22	28445	10
22	28446	11
22	28447	11
22	28448	11
22	28449	11
22	28450	11
22	28451	11
22	28452	11
22	28453	11
22	28454	11
22	28455	12
22	28456	12
22	28457	12
22	28458	12
22	28459	12
22	28460	12
22	28461	12
22	28462	12
22	28463	11
22	28464	11
22	28465	11
22	28466	12
22	28467	12
22	28468	12
22	28469	12
22	28470	12
22	28471	12
22	28472	13
22	28473	10
22	28474	10
22	28475	10
22	28476	10
22	28477	10
22	28478	10
22	28479	10
22	28480	10
22	28481	10
22	28482	10
22	28483	11
22	28484	11
22	28485	11
22	28486	11
22	28487	11
22	28488	9
22	28489	9
22	28490	9
22	28491	9
22	28492	9
22	28493	9
22	28494	9
22	28495	9
22	28496	9
22	28497	8
22	28498	8
22	28499	8
22	28500	8
22	28501	8
22	28502	8
22	28503	8
22	28504	8
22	28505	8
22	28506	9
22	28507	9
22	28508	10
22	28509	9
22	28510	10
22	28511	9
22	28512	8
22	28513	8
22	28514	8
22	28515	9
22	28516	9
22	28517	9
22	28518	9
22	28519	9
22	28520	8
22	28521	8
22	28522	8
22	28523	8
22	28524	8
22	28525	9
22	28526	9
22	28527	8
22	28528	8
22	28529	9
22	28530	9
22	28531	10
22	28532	10
22	28533	10
22	28534	10
22	28535	10
22	28536	10
22	28537	10
22	28538	10
22	28539	10
22	28540	10
22	28541	10
22	28542	10
22	28543	10
22	28544	10
22	28545	10
22	28546	10
22	28547	10
22	28548	10
22	28549	10
22	28550	10
22	28551	9
22	28552	9
22	28553	9
22	28554	9
22	28555	9
22	28556	9
22	28557	9
22	28558	9
22	28559	9
22	28560	10
22	28561	10
22	28562	10
22	28563	10
22	28564	10
22	28565	9
22	28566	9
22	28567	9
22	28568	9
22	28569	9
22	28570	9
22	28571	9
22	28572	8
22	28573	9
22	28574	9
22	28575	9
22	28576	9
22	28577	9
22	28578	9
22	28579	9
22	28580	9
22	28581	9
22	28582	9
22	28583	8
22	28584	8
22	28585	9
22	28586	9
22	28587	8
22	28588	8
22	28589	8
22	28590	7
22	28591	7
22	28592	7
22	28593	7
22	28594	6
22	28595	7
22	28596	7
22	28597	7
22	28598	8
22	28599	7
22	28600	7
22	28601	7
22	28602	7
22	28603	7
22	28604	7
22	28605	8
22	28606	8
22	28607	8
22	28608	8
22	28609	8
22	28610	10
22	28611	10
22	28612	10
22	28613	10
22	28614	9
22	28615	9
22	28616	9
22	28617	9
22	28618	9
22	28619	9
22	28620	9
22	28621	10
22	28622	11
22	28623	10
22	28624	10
22	28625	11
22	28626	11
22	28627	11
22	28628	12
22	28629	12
22	28630	12
22	28631	12
22	28632	12
22	28633	12
22	28634	12
22	28635	11
22	28636	11
22	28637	11
22	28638	12
22	28639	13
22	28640	14
22	28641	14
22	28642	14
22	28643	14
22	28644	14
22	28645	14
22	28646	14
22	28647	15
22	28648	14
22	28649	15
22	28650	15
22	28651	14
22	28652	14
22	28653	14
22	28654	13
22	28655	13
22	28656	13
22	28657	14
22	28658	13
22	28659	13
22	28660	13
22	28661	16
22	28662	16
22	28663	16
22	28664	16
22	28665	16
22	28666	13
22	28667	13
22	28668	13
22	28669	13
22	28670	13
22	28671	13
22	28672	13
22	28673	14
22	28674	14
22	28675	14
22	28676	14
22	28677	14
22	28678	14
22	28679	13
22	28680	13
22	28681	13
22	28682	13
22	28683	13
22	28684	13
22	28685	12
22	28686	12
22	28687	12
22	28688	13
22	28689	13
22	28690	11
22	28691	10
22	28692	9
22	28693	8
22	28694	8
22	28695	8
22	28696	7
22	28697	7
22	28698	7
22	28699	7
22	28700	8
22	28701	8
22	28702	9
22	28703	9
22	28704	9
22	28705	9
22	28706	9
22	28707	8
22	28708	7
22	28709	7
22	28710	7
22	28711	8
22	28712	8
22	28713	8
22	28714	8
22	28715	8
22	28716	8
22	28717	8
22	28718	8
22	28719	9
22	28720	10
22	28721	10
22	28722	10
22	28723	11
22	28724	11
22	28725	10
22	28726	10
22	28727	10
22	28728	10
22	28729	10
22	28730	11
22	28731	11
22	28732	11
22	28733	10
22	28734	10
22	28735	10
22	28736	10
22	28737	10
22	28738	9
22	28739	10
22	28740	9
22	28741	9
22	28742	8
22	28743	7
22	28744	7
22	28745	7
22	28746	8
22	28747	8
22	28748	8
22	28749	8
22	28750	7
22	28751	7
22	28752	7
22	28753	7
22	28754	7
22	28755	7
22	28756	7
22	28757	7
22	28758	8
22	28759	8
22	28760	8
22	28761	7
22	28762	8
22	28763	8
22	28764	5
22	28765	6
22	28766	6
22	28767	7
22	28768	7
22	28769	6
22	28770	6
22	28771	6
22	28772	6
22	28773	6
22	28774	6
22	28775	6
22	28776	6
22	28777	5
22	28778	5
22	28779	5
22	28780	6
22	28781	6
22	28782	5
22	28783	5
22	28784	5
22	28785	5
22	28786	5
22	28787	5
22	28788	5
22	28789	5
22	28790	6
22	28791	6
22	28792	6
22	28793	6
22	28794	6
22	28795	6
22	28796	6
22	28797	6
22	28798	4
22	28799	4
22	28800	4
22	28801	4
22	28802	5
22	28803	5
22	28804	5
22	28805	5
22	28806	5
22	28807	6
22	28808	6
22	28809	6
22	28810	8
22	28811	8
22	28812	8
22	28813	9
22	28814	10
22	28815	9
22	28816	8
22	28817	9
22	28818	9
22	28819	9
22	28820	9
22	28821	8
22	28822	8
22	28823	8
22	28824	8
22	28825	8
22	28826	8
22	28827	8
22	28828	8
22	28829	7
22	28830	7
22	28831	7
22	28832	7
22	28833	7
22	28834	7
22	28835	7
22	28836	7
22	28837	7
22	28838	9
22	28839	9
22	28840	8
22	28841	8
22	28842	8
22	28843	8
22	28844	8
22	28845	8
22	28846	7
22	28847	7
22	28848	6
22	28849	6
22	28850	8
22	28851	8
22	28852	9
22	28853	9
22	28854	8
22	28855	7
22	28856	7
22	28857	8
22	28858	8
22	28859	8
22	28860	8
22	28861	9
22	28862	9
22	28863	9
22	28864	11
22	28865	11
22	28866	11
22	28867	10
22	28868	10
22	28869	10
22	28870	11
22	28871	12
22	28872	11
22	28873	11
22	28874	11
22	28875	10
22	28876	10
22	28877	10
22	28878	12
22	28879	12
22	28880	13
22	28881	14
22	28882	14
22	28883	14
22	28884	15
22	28885	15
22	28886	14
22	28887	16
22	28888	16
22	28889	16
22	28890	15
22	28891	14
22	28892	14
22	28893	13
22	28894	13
22	28895	14
22	28896	14
22	28897	13
22	28898	13
22	28899	13
22	28900	13
22	28901	13
22	28902	12
22	28903	13
22	28904	13
22	28905	14
22	28906	14
22	28907	14
22	28908	13
22	28909	13
22	28910	13
22	28911	14
22	28912	14
22	28913	14
22	28914	13
22	28915	12
22	28916	12
22	28917	12
22	28918	12
22	28919	12
22	28920	12
22	28921	12
22	28922	12
22	28923	10
22	28924	10
22	28925	9
22	28926	10
22	28927	11
22	28928	11
22	28929	10
22	28930	10
22	28931	10
22	28932	11
22	28933	10
22	28934	10
22	28935	11
22	28936	11
22	28937	12
22	28938	12
22	28939	11
22	28940	11
22	28941	10
22	28942	10
22	28943	10
22	28944	10
22	28945	10
22	28946	9
22	28947	9
22	28948	9
22	28949	9
22	28950	9
22	28951	8
22	28952	7
22	28953	7
22	28954	7
22	28955	7
22	28956	7
22	28957	7
22	28958	7
22	28959	7
22	28960	7
22	28961	7
22	28962	8
22	28963	8
22	28964	7
22	28965	7
22	28966	7
22	28967	8
22	28968	8
22	28969	7
22	28970	7
22	28971	7
22	28972	6
22	28973	6
22	28974	5
22	28975	5
22	28976	5
22	28977	5
22	28978	5
22	28979	4
22	28980	4
22	28981	4
22	28982	4
22	28983	4
22	28984	3
22	28985	3
22	28986	3
22	28987	3
22	28988	3
22	28989	3
22	28990	3
22	28991	3
22	28992	4
22	28993	4
22	28994	4
22	28995	4
22	28996	4
22	28997	4
22	28998	4
22	28999	4
22	29000	5
22	29001	6
22	29002	6
22	29003	6
22	29004	6
22	29005	6
22	29006	5
22	29007	6
22	29008	6
22	29009	6
22	29010	5
22	29011	5
22	29012	5
22	29013	5
22	29014	5
22	29015	5
22	29016	5
22	29017	5
22	29018	5
22	29019	5
22	29020	6
22	29021	6
22	29022	6
22	29023	6
22	29024	7
22	29025	8
22	29026	8
22	29027	7
22	29028	8
22	29029	8
22	29030	8
22	29031	8
22	29032	8
22	29033	8
22	29034	8
22	29035	8
22	29036	8
22	29037	8
22	29038	8
22	29039	8
22	29040	8
22	29041	9
22	29042	9
22	29043	8
22	29044	8
22	29045	8
22	29046	9
22	29047	8
22	29048	8
22	29049	8
22	29050	7
22	29051	7
22	29052	7
22	29053	7
22	29054	7
22	29055	7
22	29056	8
22	29057	8
22	29058	9
22	29059	9
22	29060	9
22	29061	8
22	29062	8
22	29063	8
22	29064	8
22	29065	8
22	29066	8
22	29067	9
22	29068	8
22	29069	8
22	29070	8
22	29071	8
22	29072	8
22	29073	8
22	29074	9
22	29075	9
22	29076	9
22	29077	8
22	29078	8
22	29079	8
22	29080	10
22	29081	9
22	29082	9
22	29083	9
22	29084	10
22	29085	10
22	29086	10
22	29087	10
22	29088	10
22	29089	10
22	29090	10
22	29091	10
22	29092	10
22	29093	10
22	29094	9
22	29095	10
22	29096	10
22	29097	10
22	29098	10
22	29099	10
22	29100	11
22	29101	10
22	29102	10
22	29103	10
22	29104	10
22	29105	10
22	29106	9
22	29107	9
22	29108	9
22	29109	8
22	29110	8
22	29111	8
22	29112	9
22	29113	8
22	29114	8
22	29115	8
22	29116	8
22	29117	9
22	29118	9
22	29119	9
22	29120	9
22	29121	8
22	29122	8
22	29123	7
22	29124	7
22	29125	7
22	29126	8
22	29127	8
22	29128	8
22	29129	7
22	29130	7
22	29131	7
22	29132	7
22	29133	7
22	29134	7
22	29135	7
22	29136	7
22	29137	7
22	29138	7
22	29139	7
22	29140	7
22	29141	8
22	29142	8
22	29143	7
22	29144	7
22	29145	7
22	29146	7
22	29147	7
22	29148	7
22	29149	7
22	29150	5
22	29151	6
22	29152	6
22	29153	6
22	29154	6
22	29155	6
22	29156	6
22	29157	6
22	29158	6
22	29159	5
22	29160	5
22	29161	6
22	29162	6
22	29163	6
22	29164	6
22	29165	6
22	29166	9
22	29167	9
22	29168	9
22	29169	9
22	29170	9
22	29171	8
22	29172	8
22	29173	8
22	29174	7
22	29175	9
22	29176	10
22	29177	10
22	29178	11
22	29179	11
22	29180	11
22	29181	11
22	29182	11
22	29183	11
22	29184	11
22	29185	11
22	29186	12
22	29187	12
22	29188	12
22	29189	11
22	29190	11
22	29191	12
22	29192	10
22	29193	10
22	29194	10
22	29195	10
22	29196	10
22	29197	10
22	29198	10
22	29199	10
22	29200	11
22	29201	11
22	29202	12
22	29203	12
22	29204	12
22	29205	12
22	29206	12
22	29207	13
22	29208	13
22	29209	13
22	29210	12
22	29211	11
22	29212	11
22	29213	11
22	29214	10
22	29215	11
22	29216	11
22	29217	11
22	29218	11
22	29219	12
22	29220	12
22	29221	11
22	29222	10
22	29223	10
22	29224	11
22	29225	10
22	29226	11
22	29227	11
22	29228	11
22	29229	11
22	29230	11
22	29231	12
22	29232	11
22	29233	12
22	29234	11
22	29235	10
22	29236	10
22	29237	10
22	29238	10
22	29239	10
22	29240	9
22	29241	9
22	29242	10
22	29243	10
22	29244	11
22	29245	11
22	29246	11
22	29247	10
22	29248	10
22	29249	9
22	29250	9
22	29251	9
22	29252	8
22	29253	7
22	29254	7
22	29255	6
22	29256	7
22	29257	7
22	29258	8
22	29259	7
22	29260	7
22	29261	7
22	29262	7
22	29263	6
22	29264	6
22	29265	6
22	29266	7
22	29267	7
22	29268	6
22	29269	6
22	29270	6
22	29271	6
22	29272	6
22	29273	6
22	29274	7
22	29275	7
22	29276	8
22	29277	9
22	29278	8
22	29279	8
22	29280	8
22	29281	8
22	29282	8
22	29283	8
22	29284	8
22	29285	8
22	29286	8
22	29287	8
22	29288	8
22	29289	8
22	29290	9
22	29291	9
22	29292	8
22	29293	8
22	29294	9
22	29295	9
22	29296	8
22	29297	8
22	29298	8
22	29299	8
22	29300	8
22	29301	8
22	29302	8
22	29303	7
22	29304	9
22	29305	9
22	29306	9
22	29307	10
22	29308	9
22	29309	11
22	29310	11
22	29311	12
22	29312	12
22	29313	12
22	29314	10
22	29315	10
22	29316	10
22	29317	10
22	29318	10
22	29319	11
22	29320	11
22	29321	11
22	29322	12
22	29323	12
22	29324	12
22	29325	12
22	29326	13
22	29327	11
22	29328	12
22	29329	12
22	29330	11
22	29331	11
22	29332	12
22	29333	12
22	29334	12
22	29335	13
22	29336	14
22	29337	15
22	29338	13
22	29339	13
22	29340	12
22	29341	12
22	29342	12
22	29343	12
22	29344	11
22	29345	11
22	29346	10
22	29347	12
22	29348	12
22	29349	13
22	29350	14
22	29351	14
22	29352	13
22	29353	13
22	29354	13
22	29355	13
22	29356	13
22	29357	13
22	29358	13
22	29359	13
22	29360	13
22	29361	13
22	29362	13
22	29363	13
22	29364	13
22	29365	13
22	29366	14
22	29367	13
22	29368	13
22	29369	13
22	29370	13
22	29371	13
22	29372	13
22	29373	12
22	29374	12
22	29375	13
22	29376	13
22	29377	13
22	29378	13
22	29379	12
22	29380	11
22	29381	11
22	29382	11
22	29383	12
22	29384	12
22	29385	12
22	29386	13
22	29387	13
22	29388	12
22	29389	12
22	29390	13
22	29391	13
22	29392	12
22	29393	12
22	29394	14
22	29395	14
22	29396	14
22	29397	14
22	29398	14
22	29399	13
22	29400	13
22	29401	12
22	29402	12
22	29403	13
22	29404	13
22	29405	13
22	29406	13
22	29407	13
22	29408	13
22	29409	13
22	29410	10
22	29411	9
22	29412	9
22	29413	9
22	29414	9
22	29415	9
22	29416	9
22	29417	8
22	29418	8
22	29419	8
22	29420	7
22	29421	7
22	29422	7
22	29423	6
22	29424	5
22	29425	5
22	29426	5
22	29427	7
22	29428	7
22	29429	7
22	29430	7
22	29431	7
22	29432	7
22	29433	7
22	29434	8
22	29435	9
22	29436	9
22	29437	9
22	29438	8
22	29439	9
22	29440	10
22	29441	9
22	29442	8
22	29443	9
22	29444	9
22	29445	9
22	29446	8
22	29447	8
22	29448	9
22	29449	9
22	29450	8
22	29451	10
22	29452	10
22	29453	10
22	29454	11
22	29455	11
22	29456	11
22	29457	11
22	29458	10
22	29459	11
22	29460	11
22	29461	11
22	29462	11
22	29463	9
22	29464	9
22	29465	9
22	29466	8
22	29467	7
22	29468	7
22	29469	7
22	29470	7
22	29471	7
22	29472	7
22	29473	7
22	29474	7
22	29475	7
22	29476	7
22	29477	7
22	29478	7
22	29479	7
22	29480	8
22	29481	8
22	29482	8
22	29483	8
22	29484	7
22	29485	6
22	29486	6
22	29487	6
22	29488	6
22	29489	5
22	29490	5
22	29491	5
22	29492	5
22	29493	5
22	29494	5
22	29495	5
22	29496	5
22	29497	5
22	29498	5
22	29499	5
22	29500	5
22	29501	4
22	29502	4
22	29503	4
22	29504	5
22	29505	5
22	29506	5
22	29507	5
22	29508	5
22	29509	6
22	29510	6
22	29511	4
22	29512	4
22	29513	4
22	29514	4
22	29515	4
22	29516	4
22	29517	5
22	29518	6
22	29519	6
22	29520	6
22	29521	6
22	29522	6
22	29523	6
22	29524	6
22	29525	6
22	29526	7
22	29527	8
22	29528	9
22	29529	9
22	29530	9
22	29531	10
22	29532	10
22	29533	10
22	29534	10
22	29535	10
22	29536	11
22	29537	12
22	29538	11
22	29539	11
22	29540	11
22	29541	11
22	29542	12
22	29543	13
22	29544	14
22	29545	15
22	29546	15
22	29547	15
22	29548	14
22	29549	15
22	29550	14
22	29551	14
22	29552	15
22	29553	14
22	29554	15
22	29555	15
22	29556	16
22	29557	17
22	29558	17
22	29559	18
22	29560	17
22	29561	16
22	29562	16
22	29563	15
22	29564	15
22	29565	13
22	29566	13
22	29567	12
22	29568	12
22	29569	11
22	29570	11
22	29571	11
22	29572	10
22	29573	9
22	29574	8
22	29575	7
22	29576	8
22	29577	9
22	29578	9
22	29579	10
22	29580	10
22	29581	10
22	29582	9
22	29583	9
22	29584	9
22	29585	9
22	29586	9
22	29587	9
22	29588	9
22	29589	9
22	29590	8
22	29591	8
22	29592	10
22	29593	10
22	29594	10
22	29595	10
22	29596	10
22	29597	10
22	29598	10
22	29599	10
22	29600	10
22	29601	9
22	29602	9
22	29603	9
22	29604	9
22	29605	9
22	29606	8
22	29607	7
22	29608	7
22	29609	6
22	29610	6
22	29611	6
22	29612	6
22	29613	6
22	29614	5
22	29615	4
22	29616	3
22	29617	3
22	29618	3
22	29619	3
22	29620	3
22	29621	3
22	29622	3
22	29623	4
22	29624	4
22	29625	4
22	29626	4
22	29627	4
22	29628	4
22	29629	4
22	29630	4
22	29631	4
22	29632	3
22	29633	2
22	29634	2
22	29635	2
22	29636	2
22	29637	2
22	29638	2
22	29639	2
22	29640	2
22	29641	2
22	29642	3
22	29643	3
22	29644	4
22	29645	5
22	29646	5
22	29647	6
22	29648	6
22	29649	6
22	29650	5
22	29651	6
22	29652	6
22	29653	7
22	29654	7
22	29655	7
22	29656	7
22	29657	7
22	29658	7
22	29659	7
22	29660	8
22	29661	9
22	29662	9
22	29663	10
22	29664	10
22	29665	10
22	29666	11
22	29667	12
22	29668	12
22	29669	13
22	29670	13
22	29671	13
22	29672	13
22	29673	13
22	29674	12
22	29675	12
22	29676	12
22	29677	10
22	29678	9
22	29679	9
22	29680	8
22	29681	8
22	29682	8
22	29683	7
22	29684	7
22	29685	7
22	29686	7
22	29687	7
22	29688	7
22	29689	7
22	29690	7
22	29691	6
22	29692	6
22	29693	6
22	29694	5
22	29695	5
22	29696	6
22	29697	6
22	29698	6
22	29699	6
22	29700	6
22	29701	6
22	29702	6
22	29703	6
22	29704	6
22	29705	6
22	29706	7
22	29707	7
22	29708	7
22	29709	7
22	29710	7
22	29711	7
22	29712	7
22	29713	7
22	29714	8
22	29715	7
22	29716	7
22	29717	7
22	29718	7
22	29719	6
22	29720	5
22	29721	5
22	29722	6
22	29723	6
22	29724	5
22	29725	5
22	29726	5
22	29727	4
22	29728	5
22	29729	5
22	29730	5
22	29731	5
22	29732	5
22	29733	5
22	29734	5
22	29735	5
22	29736	5
22	29737	5
22	29738	5
22	29739	5
22	29740	5
22	29741	6
22	29742	7
22	29743	7
22	29744	7
22	29745	6
22	29746	6
22	29747	6
22	29748	6
22	29749	7
22	29750	7
22	29751	7
22	29752	7
22	29753	7
22	29754	6
22	29755	6
22	29756	6
22	29757	6
22	29758	6
22	29759	6
22	29760	5
22	29761	5
22	29762	5
22	29763	6
22	29764	6
22	29765	6
22	29766	6
22	29767	6
22	29768	7
22	29769	7
22	29770	7
22	29771	8
22	29772	8
22	29773	9
22	29774	9
22	29775	9
22	29776	9
22	29777	9
22	29778	9
22	29779	10
22	29780	10
22	29781	10
22	29782	11
22	29783	10
22	29784	10
22	29785	10
22	29786	10
22	29787	10
22	29788	10
22	29789	9
22	29790	9
22	29791	9
22	29792	8
22	29793	9
22	29794	9
22	29795	9
22	29796	9
22	29797	9
22	29798	9
22	29799	8
22	29800	9
22	29801	9
22	29802	9
22	29803	9
22	29804	9
22	29805	9
22	29806	8
22	29807	7
22	29808	7
22	29809	7
22	29810	7
22	29811	7
22	29812	6
22	29813	7
22	29814	7
22	29815	7
22	29816	7
22	29817	6
22	29818	6
22	29819	6
22	29820	7
22	29821	7
22	29822	7
22	29823	7
22	29824	7
22	29825	7
22	29826	7
22	29827	8
22	29828	8
22	29829	8
22	29830	7
22	29831	7
22	29832	6
22	29833	6
22	29834	6
22	29835	6
22	29836	6
22	29837	7
22	29838	8
22	29839	8
22	29840	8
22	29841	8
22	29842	8
22	29843	8
22	29844	7
22	29845	7
22	29846	7
22	29847	6
22	29848	6
22	29849	6
22	29850	6
22	29851	7
22	29852	6
22	29853	6
22	29854	6
22	29855	7
22	29856	7
22	29857	7
22	29858	7
22	29859	8
22	29860	8
22	29861	8
22	29862	8
22	29863	8
22	29864	8
22	29865	8
22	29866	9
22	29867	9
22	29868	10
22	29869	10
22	29870	9
22	29871	8
22	29872	8
22	29873	8
22	29874	9
22	29875	9
22	29876	9
22	29877	9
22	29878	8
22	29879	9
22	29880	8
22	29881	8
22	29882	7
22	29883	7
22	29884	7
22	29885	7
22	29886	7
22	29887	7
22	29888	7
22	29889	8
22	29890	9
22	29891	9
22	29892	10
22	29893	10
22	29894	10
22	29895	9
22	29896	9
22	29897	8
22	29898	8
22	29899	8
22	29900	8
22	29901	9
22	29902	9
22	29903	9
22	29904	9
22	29905	7
22	29906	7
22	29907	6
22	29908	6
22	29909	7
22	29910	7
22	29911	7
22	29912	7
22	29913	7
22	29914	7
22	29915	8
22	29916	9
22	29917	8
22	29918	9
22	29919	9
22	29920	9
22	29921	9
22	29922	9
22	29923	9
22	29924	9
22	29925	9
22	29926	9
22	29927	10
22	29928	9
22	29929	7
22	29930	8
22	29931	8
22	29932	9
22	29933	9
22	29934	9
22	29935	9
22	29936	9
22	29937	10
22	29938	10
22	29939	11
22	29940	11
22	29941	11
22	29942	11
22	29943	13
22	29944	12
22	29945	12
22	29946	11
22	29947	12
22	29948	11
22	29949	12
22	29950	12
22	29951	12
22	29952	10
22	29953	9
22	29954	10
22	29955	10
22	29956	11
22	29957	11
22	29958	10
22	29959	10
22	29960	10
22	29961	10
22	29962	10
22	29963	11
22	29964	10
22	29965	10
22	29966	10
22	29967	10
22	29968	10
22	29969	10
22	29970	10
22	29971	10
22	29972	10
22	29973	11
22	29974	11
22	29975	9
22	29976	10
22	29977	10
22	29978	10
22	29979	10
22	29980	10
22	29981	10
22	29982	10
22	29983	10
22	29984	9
22	29985	9
22	29986	9
22	29987	11
22	29988	11
22	29989	11
22	29990	11
22	29991	12
22	29992	11
22	29993	11
22	29994	12
22	29995	11
22	29996	11
22	29997	11
22	29998	11
22	29999	11
22	30000	11
22	30001	11
22	30002	12
22	30003	12
22	30004	12
22	30005	12
22	30006	13
22	30007	12
22	30008	13
22	30009	13
22	30010	14
22	30011	14
22	30012	14
22	30013	14
22	30014	14
22	30015	14
22	30016	14
22	30017	14
22	30018	13
22	30019	12
22	30020	13
22	30021	14
22	30022	13
22	30023	13
22	30024	13
22	30025	13
22	30026	13
22	30027	13
22	30028	13
22	30029	13
22	30030	13
22	30031	13
22	30032	13
22	30033	12
22	30034	12
22	30035	12
22	30036	12
22	30037	11
22	30038	11
22	30039	12
22	30040	12
22	30041	12
22	30042	12
22	30043	11
22	30044	11
22	30045	11
22	30046	11
22	30047	11
22	30048	11
22	30049	11
22	30050	11
22	30051	10
22	30052	10
22	30053	11
22	30054	11
22	30055	12
22	30056	12
22	30057	12
22	30058	12
22	30059	13
22	30060	13
22	30061	13
22	30062	12
22	30063	12
22	30064	11
22	30065	11
22	30066	11
22	30067	11
22	30068	11
22	30069	11
22	30070	11
22	30071	12
22	30072	12
22	30073	12
22	30074	12
22	30075	11
22	30076	11
22	30077	11
22	30078	12
22	30079	12
22	30080	12
22	30081	11
22	30082	10
22	30083	10
22	30084	10
22	30085	10
22	30086	10
22	30087	9
22	30088	8
22	30089	10
22	30090	9
22	30091	9
22	30092	9
22	30093	8
22	30094	8
22	30095	7
22	30096	6
22	30097	6
22	30098	6
22	30099	6
22	30100	6
22	30101	6
22	30102	6
22	30103	6
22	30104	5
22	30105	5
22	30106	6
22	30107	6
22	30108	6
22	30109	6
22	30110	6
22	30111	6
22	30112	6
22	30113	6
22	30114	6
22	30115	5
22	30116	5
22	30117	5
22	30118	5
22	30119	6
22	30120	8
22	30121	8
22	30122	8
22	30123	8
22	30124	9
22	30125	8
22	30126	9
22	30127	9
22	30128	9
22	30129	10
22	30130	11
22	30131	12
22	30132	12
22	30133	13
22	30134	13
22	30135	13
22	30136	13
22	30137	13
22	30138	13
22	30139	13
22	30140	13
22	30141	12
22	30142	12
22	30143	13
22	30144	13
22	30145	13
22	30146	13
22	30147	13
22	30148	13
22	30149	13
22	30150	13
22	30151	13
22	30152	13
22	30153	15
22	30154	15
22	30155	15
22	30156	14
22	30157	14
22	30158	14
22	30159	15
22	30160	15
22	30161	14
22	30162	13
22	30163	13
22	30164	14
22	30165	14
22	30166	14
22	30167	13
22	30168	15
22	30169	15
22	30170	15
22	30171	14
22	30172	14
22	30173	14
22	30174	14
22	30175	13
22	30176	13
22	30177	11
22	30178	11
22	30179	11
22	30180	11
22	30181	11
22	30182	11
22	30183	11
22	30184	11
22	30185	11
22	30186	11
22	30187	11
22	30188	11
22	30189	11
22	30190	11
22	30191	11
22	30192	11
22	30193	11
22	30194	11
22	30195	11
22	30196	10
22	30197	11
22	30198	12
22	30199	11
22	30200	11
22	30201	10
22	30202	10
22	30203	10
22	30204	10
22	30205	9
22	30206	9
22	30207	9
22	30208	8
22	30209	9
22	30210	9
22	30211	9
22	30212	9
22	30213	9
22	30214	9
22	30215	9
22	30216	9
22	30217	9
22	30218	9
22	30219	9
22	30220	9
22	30221	9
22	30222	9
22	30223	9
22	30224	9
22	30225	9
22	30226	10
22	30227	10
22	30228	10
22	30229	11
22	30230	12
22	30231	12
22	30232	12
22	30233	11
22	30234	12
22	30235	13
22	30236	16
22	30237	16
22	30238	15
22	30239	14
22	30240	14
22	30241	14
22	30242	15
22	30243	14
22	30244	14
22	30245	14
22	30246	14
22	30247	14
22	30248	14
22	30249	14
22	30250	14
22	30251	12
22	30252	11
22	30253	10
22	30254	10
22	30255	10
22	30256	10
22	30257	9
22	30258	9
22	30259	8
22	30260	8
22	30261	8
22	30262	8
22	30263	8
22	30264	10
22	30265	10
22	30266	10
22	30267	10
22	30268	10
22	30269	10
22	30270	10
22	30271	10
22	30272	9
22	30273	9
22	30274	10
22	30275	9
22	30276	9
22	30277	9
22	30278	8
22	30279	8
22	30280	9
22	30281	8
22	30282	8
22	30283	8
22	30284	8
22	30285	10
22	30286	10
22	30287	10
22	30288	10
22	30289	10
22	30290	9
22	30291	9
22	30292	9
22	30293	9
22	30294	10
22	30295	9
22	30296	8
22	30297	8
22	30298	8
22	30299	8
22	30300	8
22	30301	8
22	30302	8
22	30303	8
22	30304	8
22	30305	9
22	30306	9
22	30307	9
22	30308	9
22	30309	8
22	30310	8
22	30311	9
22	30312	8
22	30313	7
22	30314	7
22	30315	7
22	30316	8
22	30317	9
22	30318	8
22	30319	8
22	30320	8
22	30321	9
22	30322	8
22	30323	8
22	30324	8
22	30325	8
22	30326	8
22	30327	8
22	30328	10
22	30329	9
22	30330	9
22	30331	9
22	30332	9
22	30333	9
22	30334	9
22	30335	9
22	30336	9
22	30337	9
22	30338	9
22	30339	10
22	30340	10
22	30341	10
22	30342	10
22	30343	10
22	30344	10
22	30345	9
22	30346	9
22	30347	9
22	30348	9
22	30349	9
22	30350	9
22	30351	8
22	30352	9
22	30353	9
22	30354	9
22	30355	9
22	30356	9
22	30357	9
22	30358	9
22	30359	8
22	30360	6
22	30361	6
22	30362	5
22	30363	4
22	30364	4
22	30365	4
22	30366	5
22	30367	5
22	30368	5
22	30369	5
22	30370	5
22	30371	5
22	30372	5
22	30373	6
22	30374	6
22	30375	6
22	30376	7
22	30377	8
22	30378	8
22	30379	8
22	30380	8
22	30381	8
22	30382	9
22	30383	9
22	30384	10
22	30385	10
22	30386	10
22	30387	9
22	30388	9
22	30389	9
22	30390	9
22	30391	9
22	30392	9
22	30393	9
22	30394	9
22	30395	9
22	30396	9
22	30397	8
22	30398	8
22	30399	8
22	30400	8
22	30401	9
22	30402	8
22	30403	8
22	30404	8
22	30405	9
22	30406	9
22	30407	9
22	30408	8
22	30409	8
22	30410	8
22	30411	8
22	30412	8
22	30413	8
22	30414	8
22	30415	8
22	30416	8
22	30417	8
22	30418	8
22	30419	7
22	30420	7
22	30421	7
22	30422	7
22	30423	7
22	30424	7
22	30425	7
22	30426	8
22	30427	8
22	30428	7
22	30429	9
22	30430	8
22	30431	8
22	30432	8
22	30433	7
22	30434	7
22	30435	7
22	30436	7
22	30437	7
22	30438	6
22	30439	8
22	30440	8
22	30441	8
22	30442	8
22	30443	8
22	30444	8
22	30445	9
22	30446	9
22	30447	9
22	30448	9
22	30449	9
22	30450	9
22	30451	10
22	30452	10
22	30453	11
22	30454	10
22	30455	12
22	30456	12
22	30457	12
22	30458	13
22	30459	13
22	30460	13
22	30461	13
22	30462	12
22	30463	12
22	30464	11
22	30465	10
22	30466	10
22	30467	10
22	30468	9
22	30469	8
22	30470	8
22	30471	9
22	30472	9
22	30473	9
22	30474	9
22	30475	9
22	30476	9
22	30477	9
22	30478	8
22	30479	9
22	30480	9
22	30481	9
22	30482	9
22	30483	9
22	30484	9
22	30485	9
22	30486	9
22	30487	9
22	30488	9
22	30489	10
22	30490	10
22	30491	9
22	30492	9
22	30493	8
22	30494	8
22	30495	8
22	30496	8
22	30497	8
22	30498	7
22	30499	8
22	30500	8
22	30501	8
22	30502	8
22	30503	8
22	30504	8
22	30505	8
22	30506	9
22	30507	9
22	30508	10
22	30509	10
22	30510	10
22	30511	9
22	30512	9
22	30513	8
22	30514	9
22	30515	9
22	30516	9
22	30517	9
22	30518	10
22	30519	10
22	30520	10
22	30521	11
22	30522	11
22	30523	11
22	30524	11
22	30525	11
22	30526	10
22	30527	10
22	30528	10
22	30529	10
22	30530	10
22	30531	10
22	30532	10
22	30533	9
22	30534	9
22	30535	8
22	30536	8
22	30537	8
22	30538	7
22	30539	7
22	30540	6
22	30541	6
22	30542	6
22	30543	6
22	30544	7
22	30545	7
22	30546	9
22	30547	9
22	30548	9
22	30549	9
22	30550	9
22	30551	9
22	30552	9
22	30553	9
22	30554	8
22	30555	8
22	30556	8
22	30557	7
22	30558	7
22	30559	7
22	30560	7
22	30561	7
22	30562	8
22	30563	9
22	30564	9
22	30565	9
22	30566	9
22	30567	9
22	30568	9
22	30569	9
22	30570	9
22	30571	9
22	30572	9
22	30573	9
22	30574	9
22	30575	10
22	30576	10
22	30577	10
22	30578	10
22	30579	11
22	30580	11
22	30581	11
22	30582	12
22	30583	12
22	30584	12
22	30585	12
22	30586	12
22	30587	11
22	30588	11
22	30589	10
22	30590	9
22	30591	10
22	30592	10
22	30593	9
22	30594	9
22	30595	9
22	30596	9
22	30597	8
22	30598	7
22	30599	7
22	30600	8
22	30601	8
22	30602	8
22	30603	7
22	30604	7
22	30605	8
22	30606	8
22	30607	7
22	30608	7
22	30609	6
22	30610	5
22	30611	5
22	30612	6
22	30613	6
22	30614	6
22	30615	6
22	30616	6
22	30617	6
22	30618	6
22	30619	6
22	30620	6
22	30621	6
22	30622	6
22	30623	6
22	30624	5
22	30625	5
22	30626	5
22	30627	5
22	30628	5
22	30629	5
22	30630	5
22	30631	4
22	30632	3
22	30633	4
22	30634	4
22	30635	5
22	30636	5
22	30637	5
22	30638	6
22	30639	7
22	30640	7
22	30641	7
22	30642	7
22	30643	8
22	30644	9
22	30645	10
22	30646	10
22	30647	10
22	30648	10
22	30649	9
22	30650	8
22	30651	8
22	30652	8
22	30653	8
22	30654	8
22	30655	7
22	30656	6
22	30657	5
22	30658	5
22	30659	5
22	30660	5
22	30661	5
22	30662	5
22	30663	5
22	30664	5
22	30665	5
22	30666	4
22	30667	4
22	30668	4
22	30669	4
22	30670	4
22	30671	4
22	30672	4
22	30673	4
22	30674	4
22	30675	4
22	30676	3
22	30677	3
22	30678	3
22	30679	2
22	30680	2
22	30681	2
22	30682	2
22	30683	1
22	30684	1
22	30685	1
22	30686	1
22	30687	1
22	30688	2
22	30689	2
22	30690	2
22	30691	2
22	30692	2
22	30693	2
22	30694	2
22	30695	4
22	30696	4
22	30697	4
22	30698	4
22	30699	4
22	30700	4
22	30701	4
22	30702	5
22	30703	5
22	30704	5
22	30705	5
22	30706	5
22	30707	5
22	30708	6
22	30709	7
22	30710	8
22	30711	9
22	30712	9
22	30713	9
22	30714	9
22	30715	9
22	30716	9
22	30717	9
22	30718	10
22	30719	10
22	30720	10
22	30721	9
22	30722	10
22	30723	10
22	30724	10
22	30725	11
22	30726	11
22	30727	10
22	30728	9
22	30729	9
22	30730	9
22	30731	9
22	30732	9
22	30733	9
22	30734	9
22	30735	9
22	30736	9
22	30737	8
22	30738	8
22	30739	7
22	30740	8
22	30741	7
22	30742	7
22	30743	8
22	30744	9
22	30745	10
22	30746	9
22	30747	9
22	30748	8
22	30749	8
22	30750	8
22	30751	8
22	30752	8
22	30753	8
22	30754	8
22	30755	8
22	30756	8
22	30757	8
22	30758	8
22	30759	9
22	30760	9
22	30761	9
22	30762	10
22	30763	10
22	30764	11
22	30765	12
22	30766	12
22	30767	12
22	30768	12
22	30769	12
22	30770	12
22	30771	12
22	30772	12
22	30773	12
22	30774	12
22	30775	12
22	30776	12
22	30777	12
22	30778	12
22	30779	12
22	30780	12
22	30781	11
22	30782	11
22	30783	12
22	30784	11
22	30785	11
22	30786	11
22	30787	10
22	30788	9
22	30789	9
22	30790	8
22	30791	8
22	30792	8
22	30793	8
22	30794	8
22	30795	9
22	30796	9
22	30797	9
22	30798	9
22	30799	10
22	30800	10
22	30801	11
22	30802	11
22	30803	11
22	30804	12
22	30805	12
22	30806	12
22	30807	12
22	30808	11
22	30809	11
22	30810	10
22	30811	10
22	30812	11
22	30813	11
22	30814	11
22	30815	11
22	30816	12
22	30817	12
22	30818	11
22	30819	10
22	30820	10
22	30821	10
22	30822	10
22	30823	10
22	30824	10
22	30825	11
22	30826	12
22	30827	12
22	30828	12
22	30829	11
22	30830	11
22	30831	11
22	30832	10
22	30833	9
22	30834	9
22	30835	9
22	30836	9
22	30837	9
22	30838	9
22	30839	8
22	30840	8
22	30841	8
22	30842	8
22	30843	8
22	30844	8
22	30845	8
22	30846	9
22	30847	9
22	30848	9
22	30849	9
22	30850	9
22	30851	9
22	30852	9
22	30853	9
22	30854	9
22	30855	9
22	30856	9
22	30857	9
22	30858	9
22	30859	10
22	30860	10
22	30861	9
22	30862	10
22	30863	10
22	30864	10
22	30865	9
22	30866	9
22	30867	9
22	30868	9
22	30869	9
22	30870	9
22	30871	9
22	30872	9
22	30873	9
22	30874	9
22	30875	9
22	30876	10
22	30877	11
22	30878	11
22	30879	12
22	30880	12
22	30881	12
22	30882	11
22	30883	11
22	30884	10
22	30885	10
22	30886	10
22	30887	10
22	30888	10
22	30889	11
22	30890	12
22	30891	13
22	30892	12
22	30893	13
22	30894	12
22	30895	12
22	30896	12
22	30897	12
22	30898	12
22	30899	12
22	30900	12
22	30901	12
22	30902	12
22	30903	11
22	30904	10
22	30905	11
22	30906	10
22	30907	10
22	30908	10
22	30909	11
22	30910	11
22	30911	11
22	30912	11
22	30913	11
22	30914	10
22	30915	10
22	30916	11
22	30917	11
22	30918	10
22	30919	10
22	30920	10
22	30921	10
22	30922	10
22	30923	9
22	30924	10
22	30925	10
22	30926	10
22	30927	11
22	30928	10
22	30929	10
22	30930	10
22	30931	10
22	30932	9
22	30933	9
22	30934	9
22	30935	9
22	30936	8
22	30937	7
22	30938	7
22	30939	7
22	30940	7
22	30941	7
22	30942	6
22	30943	6
22	30944	6
22	30945	6
22	30946	6
22	30947	6
22	30948	6
22	30949	6
22	30950	6
22	30951	6
22	30952	6
22	30953	6
22	30954	6
22	30955	6
22	30956	5
22	30957	5
22	30958	5
22	30959	5
22	30960	5
22	30961	6
22	30962	6
22	30963	7
22	30964	7
22	30965	7
22	30966	6
22	30967	6
22	30968	6
22	30969	6
22	30970	6
22	30971	5
22	30972	6
22	30973	6
22	30974	4
22	30975	5
22	30976	5
22	30977	5
22	30978	5
22	30979	5
22	30980	5
22	30981	5
22	30982	5
22	30983	5
22	30984	5
22	30985	5
22	30986	5
22	30987	4
22	30988	4
22	30989	4
22	30990	4
22	30991	3
22	30992	3
22	30993	3
22	30994	3
22	30995	3
22	30996	3
22	30997	3
22	30998	2
22	30999	2
22	31000	3
22	31001	4
22	31002	5
22	31003	5
22	31004	4
22	31005	4
22	31006	4
22	31007	4
22	31008	4
22	31009	4
22	31010	4
22	31011	4
22	31012	4
22	31013	4
22	31014	4
22	31015	4
22	31016	4
22	31017	4
22	31018	4
22	31019	4
22	31020	4
22	31021	4
22	31022	4
22	31023	4
22	31024	4
22	31025	4
22	31026	5
22	31027	5
22	31028	6
22	31029	6
22	31030	7
22	31031	7
22	31032	7
22	31033	7
22	31034	7
22	31035	7
22	31036	7
22	31037	7
22	31038	7
22	31039	7
22	31040	9
22	31041	9
22	31042	10
22	31043	10
22	31044	11
22	31045	10
22	31046	10
22	31047	9
22	31048	8
22	31049	8
22	31050	8
22	31051	8
22	31052	8
22	31053	8
22	31054	8
22	31055	8
22	31056	7
22	31057	6
22	31058	6
22	31059	6
22	31060	5
22	31061	5
22	31062	5
22	31063	4
22	31064	4
22	31065	4
22	31066	4
22	31067	4
22	31068	4
22	31069	4
22	31070	4
22	31071	3
22	31072	3
22	31073	3
22	31074	3
22	31075	3
22	31076	3
22	31077	3
22	31078	3
22	31079	3
22	31080	3
22	31081	2
22	31082	2
22	31083	2
22	31084	2
22	31085	3
22	31086	3
22	31087	2
22	31088	2
22	31089	2
22	31090	2
22	31091	2
22	31092	2
22	31093	2
22	31094	3
22	31095	3
22	31096	3
22	31097	3
22	31098	3
22	31099	3
22	31100	3
22	31101	3
22	31102	3
22	31103	3
22	31104	3
22	31105	3
22	31106	1
22	31107	1
22	31108	1
22	31109	1
22	31110	1
22	31111	1
22	31112	1
22	31145	1
22	31146	1
22	31147	1
22	31148	1
22	31149	2
22	31150	2
22	31151	2
22	31152	2
22	31153	2
22	31154	3
22	31155	4
22	31156	4
22	31157	4
22	31158	4
22	31159	4
22	31160	5
22	31161	5
22	31162	6
22	31163	6
22	31164	6
22	31165	6
22	31166	6
22	31167	7
22	31168	8
22	31169	9
22	31170	9
22	31171	9
22	31172	9
22	31173	10
22	31174	11
22	31175	10
22	31176	11
22	31177	11
22	31178	11
22	31179	10
22	31180	11
22	31181	11
22	31182	11
22	31183	11
22	31184	12
22	31185	11
22	31186	11
22	31187	13
22	31188	13
22	31189	14
22	31190	14
22	31191	15
22	31192	15
22	31193	16
22	31194	15
22	31195	15
22	31196	14
22	31197	14
22	31198	14
22	31199	15
22	31200	15
22	31201	15
22	31202	14
22	31203	15
22	31204	15
22	31205	13
22	31206	13
22	31207	15
22	31208	15
22	31209	15
22	31210	15
22	31211	15
22	31212	16
22	31213	15
22	31214	15
22	31215	15
22	31216	14
22	31217	12
22	31218	11
22	31219	12
22	31220	12
22	31221	11
22	31222	11
22	31223	11
22	31224	12
22	31225	12
22	31226	11
22	31227	11
22	31228	11
22	31229	10
22	31230	10
22	31231	10
22	31232	10
22	31233	10
22	31234	11
22	31235	11
22	31236	11
22	31237	11
22	31238	9
22	31239	9
22	31240	10
22	31241	10
22	31242	11
22	31243	12
22	31244	12
22	31245	13
22	31246	13
22	31247	12
22	31248	12
22	31249	12
22	31250	11
22	31251	11
22	31252	12
22	31253	12
22	31254	12
22	31255	11
22	31256	11
22	31257	10
22	31258	11
22	31259	11
22	31260	11
22	31261	11
22	31262	11
22	31263	11
22	31264	11
22	31265	11
22	31266	10
22	31267	12
22	31268	12
22	31269	11
22	31270	12
22	31271	13
22	31272	14
22	31273	14
22	31274	15
22	31275	15
22	31276	15
22	31277	15
22	31278	15
22	31279	17
22	31280	17
22	31281	17
22	31282	18
22	31283	17
22	31284	17
22	31285	17
22	31286	17
22	31287	17
22	31288	16
22	31289	16
22	31290	16
22	31291	16
22	31292	16
22	31293	16
22	31294	16
22	31295	16
22	31296	16
22	31297	14
22	31298	14
22	31299	14
22	31300	13
22	31301	13
22	31302	13
22	31303	13
22	31304	12
22	31305	12
22	31306	11
22	31307	10
22	31308	10
22	31309	10
22	31310	10
22	31311	10
22	31312	9
22	31313	9
22	31314	9
22	31315	9
22	31316	9
22	31317	9
22	31318	9
22	31319	9
22	31320	9
22	31321	9
22	31322	9
22	31323	9
22	31324	9
22	31325	9
22	31326	9
22	31327	11
22	31328	12
22	31329	12
22	31330	13
22	31331	13
22	31332	13
22	31333	12
22	31334	12
22	31335	12
22	31336	12
22	31337	11
22	31338	11
22	31339	11
22	31340	11
22	31341	11
22	31342	11
22	31343	11
22	31344	11
22	31345	11
22	31346	12
22	31347	12
22	31348	11
22	31349	11
22	31350	11
22	31351	11
22	31352	11
22	31353	11
22	31354	11
22	31355	12
22	31356	11
22	31357	10
22	31358	11
22	31359	11
22	31360	11
22	31361	10
22	31362	10
22	31363	10
22	31364	9
22	31365	9
22	31366	9
22	31367	9
22	31368	10
22	31369	11
22	31370	11
22	31371	12
22	31372	12
22	31373	11
22	31374	11
22	31375	11
22	31376	10
22	31377	10
22	31378	10
22	31379	10
22	31380	10
22	31381	10
22	31382	9
22	31383	10
22	31384	11
22	31385	12
22	31386	12
22	31387	11
22	31388	11
22	31389	10
22	31390	10
22	31391	10
22	31392	11
22	31393	11
22	31394	11
22	31395	11
22	31396	12
22	31397	12
22	31398	12
22	31399	13
22	31400	13
22	31401	12
22	31402	13
22	31403	13
22	31404	14
22	31405	13
22	31406	12
22	31407	12
22	31408	12
22	31409	12
22	31410	12
22	31411	11
22	31412	11
22	31413	11
22	31414	11
22	31415	11
22	31416	11
22	31417	11
22	31418	11
22	31419	11
22	31420	11
22	31421	10
22	31422	9
22	31423	9
22	31424	9
22	31425	9
22	31426	10
22	31427	10
22	31428	10
22	31429	9
22	31430	10
22	31431	11
22	31432	11
22	31433	10
22	31434	10
22	31435	11
22	31436	11
22	31437	12
22	31438	11
22	31439	11
22	31440	11
22	31441	12
22	31442	12
22	31443	12
22	31444	13
22	31445	13
22	31446	13
22	31447	13
22	31448	13
22	31449	14
22	31450	14
22	31451	14
22	31452	16
22	31453	15
22	31454	16
22	31455	16
22	31456	16
22	31457	16
22	31458	15
22	31459	15
22	31460	15
22	31461	15
22	31462	16
22	31463	15
22	31464	14
22	31465	14
22	31466	14
22	31467	13
22	31468	13
22	31469	13
22	31470	13
22	31471	13
22	31472	12
22	31473	13
22	31474	13
22	31475	12
22	31476	13
22	31477	13
22	31478	12
22	31479	11
22	31480	11
22	31481	10
22	31482	12
22	31483	12
22	31484	12
22	31485	12
22	31486	11
22	31487	13
22	31488	13
22	31489	13
22	31490	13
22	31491	13
22	31492	14
22	31493	13
22	31494	13
22	31495	13
22	31496	13
22	31497	12
22	31498	12
22	31499	13
22	31500	13
22	31501	14
22	31502	14
22	31503	14
22	31504	13
22	31505	13
22	31506	13
22	31507	13
22	31508	13
22	31509	13
22	31510	12
22	31511	12
22	31512	12
22	31513	12
22	31514	11
22	31515	10
22	31516	10
22	31517	9
22	31518	9
22	31519	9
22	31520	9
22	31521	9
22	31522	8
22	31523	10
22	31524	10
22	31525	10
22	31526	10
22	31527	10
22	31528	9
22	31529	9
22	31530	9
22	31531	10
22	31532	10
22	31533	10
22	31534	10
22	31535	10
22	31536	10
22	31537	10
22	31538	10
22	31539	11
22	31540	11
22	31541	11
22	31542	10
22	31543	10
22	31544	10
22	31545	9
22	31546	9
22	31547	9
22	31548	9
22	31549	9
22	31550	9
22	31551	9
22	31552	9
22	31553	9
22	31554	9
22	31555	9
22	31556	10
22	31557	10
22	31558	9
22	31559	9
22	31560	9
22	31561	8
22	31562	9
22	31563	9
22	31564	10
22	31565	9
22	31566	9
22	31567	8
22	31568	8
22	31569	8
22	31570	8
22	31571	8
22	31572	8
22	31573	9
22	31574	9
22	31575	11
22	31576	11
22	31577	11
22	31578	11
22	31579	10
22	31580	10
22	31581	10
22	31582	10
22	31583	10
22	31584	10
22	31585	11
22	31586	11
22	31587	11
22	31588	12
22	31589	12
22	31590	10
22	31591	10
22	31592	10
22	31593	9
22	31594	9
22	31595	8
22	31596	9
22	31597	9
22	31598	8
22	31599	8
22	31600	8
22	31601	8
22	31602	7
22	31603	6
22	31604	7
22	31605	8
22	31606	8
22	31607	7
22	31608	8
22	31609	8
22	31610	8
22	31611	9
22	31612	9
22	31613	9
22	31614	9
22	31615	10
22	31616	10
22	31617	10
22	31618	10
22	31619	11
22	31620	11
22	31621	11
22	31622	11
22	31623	11
22	31624	11
22	31625	12
22	31626	12
22	31627	12
22	31628	12
22	31629	13
22	31630	13
22	31631	13
22	31632	13
22	31633	14
22	31634	13
22	31635	12
22	31636	12
22	31637	12
22	31638	12
22	31639	12
22	31640	12
22	31641	10
22	31642	10
22	31643	10
22	31644	9
22	31645	9
22	31646	9
22	31647	9
22	31648	8
22	31649	8
22	31650	8
22	31651	8
22	31652	7
22	31653	8
22	31654	8
22	31655	7
22	31656	7
22	31657	7
22	31658	7
22	31659	7
22	31660	8
22	31661	8
22	31662	8
22	31663	8
22	31664	9
22	31665	9
22	31666	9
22	31667	10
22	31668	10
22	31669	10
22	31670	9
22	31671	9
22	31672	9
22	31673	9
22	31674	9
22	31675	9
22	31676	8
22	31677	8
22	31678	8
22	31679	8
22	31680	6
22	31681	5
22	31682	5
22	31683	5
22	31684	5
22	31685	4
22	31686	4
22	31687	4
22	31688	3
22	31689	3
22	31690	4
22	31691	4
22	31692	5
22	31693	5
22	31694	5
22	31695	5
22	31696	5
22	31697	5
22	31698	4
22	31699	4
22	31700	4
22	31701	3
22	31702	3
22	31703	3
22	31704	3
22	31705	3
22	31706	4
22	31707	3
22	31708	3
22	31709	2
22	31710	2
22	31711	3
22	31712	3
22	31713	4
22	31714	4
22	31715	4
22	31716	4
22	31717	4
22	31718	4
22	31719	4
22	31720	4
22	31721	3
22	31722	3
22	31723	3
22	31724	3
22	31725	3
22	31726	3
22	31727	3
22	31728	3
22	31729	3
22	31730	3
22	31731	3
22	31732	3
22	31733	3
22	31734	3
22	31735	3
22	31736	3
22	31737	3
22	31738	3
22	31739	4
22	31740	4
22	31741	4
22	31742	4
22	31743	4
22	31744	4
22	31745	4
22	31746	4
22	31747	3
22	31748	3
22	31749	2
22	31750	2
22	31751	2
22	31752	2
22	31753	2
22	31754	3
22	31755	3
22	31756	3
22	31757	3
22	31758	3
22	31759	3
22	31760	3
22	31761	3
22	31762	2
22	31763	2
22	31764	2
22	31765	2
22	31766	3
22	31767	3
22	31768	3
22	31769	4
22	31770	4
22	31771	4
22	31772	4
22	31773	4
22	31774	4
22	31775	4
22	31776	4
22	31777	4
22	31778	5
22	31779	5
22	31780	4
22	31781	5
22	31782	5
22	31783	5
22	31784	5
22	31785	5
22	31786	5
22	31787	5
22	31788	4
22	31789	4
22	31790	4
22	31791	4
22	31792	4
22	31793	4
22	31794	4
22	31795	5
22	31796	6
22	31797	6
22	31798	6
22	31799	6
22	31800	6
22	31801	5
22	31802	5
22	31803	5
22	31804	5
22	31805	5
22	31806	5
22	31807	5
22	31808	5
22	31809	5
22	31810	4
22	31811	4
22	31812	5
22	31813	5
22	31814	5
22	31815	6
22	31816	6
22	31817	7
22	31818	7
22	31819	8
22	31820	8
22	31821	9
22	31822	9
22	31823	9
22	31824	10
22	31825	10
22	31826	10
22	31827	10
22	31828	10
22	31829	10
22	31830	10
22	31831	11
22	31832	10
22	31833	10
22	31834	10
22	31835	10
22	31836	10
22	31837	10
22	31838	10
22	31839	9
22	31840	9
22	31841	9
22	31842	9
22	31843	9
22	31844	9
22	31845	9
22	31846	9
22	31847	10
22	31848	10
22	31849	10
22	31850	10
22	31851	10
22	31852	9
22	31853	10
22	31854	10
22	31855	11
22	31856	11
22	31857	10
22	31858	11
22	31859	11
22	31860	11
22	31861	11
22	31862	11
22	31863	12
22	31864	13
22	31865	13
22	31866	13
22	31867	12
22	31868	13
22	31869	13
22	31870	13
22	31871	13
22	31872	14
22	31873	12
22	31874	12
22	31875	12
22	31876	12
22	31877	12
22	31878	13
22	31879	13
22	31880	13
22	31881	13
22	31882	13
22	31883	14
22	31884	14
22	31885	13
22	31886	12
22	31887	11
22	31888	11
22	31889	11
22	31890	11
22	31891	10
22	31892	10
22	31893	10
22	31894	10
22	31895	11
22	31896	11
22	31897	11
22	31898	11
22	31899	10
22	31900	10
22	31901	10
22	31902	10
22	31903	10
22	31904	10
22	31905	10
22	31906	10
22	31907	10
22	31908	10
22	31909	11
22	31910	11
22	31911	12
22	31912	12
22	31913	12
22	31914	11
22	31915	11
22	31916	11
22	31917	11
22	31918	11
22	31919	11
22	31920	11
22	31921	12
22	31922	12
22	31923	12
22	31924	12
22	31925	13
22	31926	12
22	31927	12
22	31928	11
22	31929	11
22	31930	9
22	31931	9
22	31932	9
22	31933	9
22	31934	9
22	31935	9
22	31936	9
22	31937	9
22	31938	7
22	31939	7
22	31940	7
22	31941	7
22	31942	7
22	31943	7
22	31944	7
22	31945	7
22	31946	7
22	31947	8
22	31948	8
22	31949	8
22	31950	8
22	31951	7
22	31952	7
22	31953	7
22	31954	7
22	31955	7
22	31956	7
22	31957	7
22	31958	7
22	31959	7
22	31960	7
22	31961	7
22	31962	7
22	31963	7
22	31964	7
22	31965	6
22	31966	7
22	31967	7
22	31968	7
22	31969	7
22	31970	8
22	31971	7
22	31972	7
22	31973	7
22	31974	7
22	31975	7
22	31976	7
22	31977	7
22	31978	8
22	31979	8
22	31980	8
22	31981	8
22	31982	8
22	31983	8
22	31984	9
22	31985	9
22	31986	9
22	31987	9
22	31988	9
22	31989	9
22	31990	9
22	31991	9
22	31992	9
22	31993	9
22	31994	9
22	31995	9
22	31996	9
22	31997	9
22	31998	8
22	31999	9
22	32000	8
22	32001	7
22	32002	8
22	32003	9
22	32004	9
22	32005	9
22	32006	9
22	32007	10
22	32008	10
22	32009	11
22	32010	11
22	32011	11
22	32012	12
22	32013	13
22	32014	13
22	32015	13
22	32016	14
22	32017	14
22	32018	14
22	32019	14
22	32020	14
22	32021	12
22	32022	13
22	32023	13
22	32024	14
22	32025	14
22	32026	14
22	32027	14
22	32028	14
22	32029	14
22	32030	13
22	32031	12
22	32032	13
22	32033	13
22	32034	14
22	32035	14
22	32036	14
22	32037	13
22	32038	13
22	32039	13
22	32040	15
22	32041	15
22	32042	14
22	32043	15
22	32044	15
22	32045	14
22	32046	13
22	32047	13
22	32048	12
22	32049	11
22	32050	10
22	32051	10
22	32052	10
22	32053	9
22	32054	9
22	32055	10
22	32056	10
22	32057	10
22	32058	11
22	32059	10
22	32060	10
22	32061	10
22	32062	10
22	32063	10
22	32064	10
22	32065	9
22	32066	9
22	32067	11
22	32068	11
22	32069	11
22	32070	12
22	32071	12
22	32072	11
22	32073	10
22	32074	10
22	32075	10
22	32076	10
22	32077	10
22	32078	10
22	32079	11
22	32080	10
22	32081	11
22	32082	11
22	32083	12
22	32084	12
22	32085	13
22	32086	13
22	32087	12
22	32088	14
22	32089	15
22	32090	15
22	32091	15
22	32092	14
22	32093	14
22	32094	13
22	32095	13
22	32096	12
22	32097	12
22	32098	13
22	32099	12
22	32100	12
22	32101	11
22	32102	11
22	32103	10
22	32104	9
22	32105	8
22	32106	7
22	32107	7
22	32108	7
22	32109	7
22	32110	6
22	32111	6
22	32112	6
22	32113	6
22	32114	6
22	32115	5
22	32116	5
22	32117	6
22	32118	6
22	32119	6
22	32120	6
22	32121	6
22	32122	5
22	32123	5
22	32124	4
22	32125	4
22	32126	5
22	32127	5
22	32128	6
22	32129	6
22	32130	5
22	32131	5
22	32132	6
22	32133	6
22	32134	6
22	32135	7
22	32136	7
22	32137	8
22	32138	8
22	32139	8
22	32140	8
22	32141	8
22	32142	10
22	32143	10
22	32144	10
22	32145	10
22	32146	10
22	32147	10
22	32148	10
22	32149	9
22	32150	10
22	32151	10
22	32152	10
22	32153	10
22	32154	10
22	32155	9
22	32156	10
22	32157	9
22	32158	9
22	32159	9
22	32160	10
22	32161	10
22	32162	10
22	32163	10
22	32164	10
22	32165	9
22	32166	7
22	32167	7
22	32168	8
22	32169	9
22	32170	9
22	32171	9
22	32172	8
22	32173	8
22	32174	8
22	32175	8
22	32176	8
22	32177	8
22	32178	8
22	32179	8
22	32180	8
22	32181	8
22	32182	8
22	32183	9
22	32184	9
22	32185	9
22	32186	9
22	32187	9
22	32188	8
22	32189	8
22	32190	8
22	32191	8
22	32192	7
22	32193	7
22	32194	7
22	32195	6
22	32196	6
22	32197	6
22	32198	6
22	32199	6
22	32200	6
22	32201	6
22	32202	6
22	32203	6
22	32204	5
22	32205	5
22	32206	6
22	32207	6
22	32208	5
22	32209	5
22	32210	5
22	32211	6
22	32212	6
22	32213	6
22	32214	6
22	32215	7
22	32216	7
22	32217	7
22	32218	7
22	32219	7
22	32220	6
22	32221	6
22	32222	6
22	32223	6
22	32224	6
22	32225	5
22	32226	5
22	32227	5
22	32228	5
22	32229	6
22	32230	6
22	32231	6
22	32232	7
22	32233	7
22	32234	6
22	32235	6
22	32236	7
22	32237	7
22	32238	8
22	32239	8
22	32240	8
22	32241	7
22	32242	7
22	32243	7
22	32244	6
22	32245	6
22	32246	6
22	32247	5
22	32248	5
22	32249	5
22	32250	6
22	32251	6
22	32252	6
22	32253	6
22	32254	6
22	32255	8
22	32256	8
22	32257	8
22	32258	8
22	32259	8
22	32260	7
22	32261	7
22	32262	7
22	32263	8
22	32264	9
22	32265	9
22	32266	9
22	32267	10
22	32268	10
22	32269	11
22	32270	11
22	32271	14
22	32272	13
22	32273	13
22	32274	13
22	32275	13
22	32276	13
22	32277	12
22	32278	12
22	32279	13
22	32280	13
22	32281	12
22	32282	12
22	32283	11
22	32284	11
22	32285	10
22	32286	10
22	32287	9
22	32288	9
22	32289	8
22	32290	8
22	32291	7
22	32292	7
22	32293	7
22	32294	6
22	32295	6
22	32296	6
22	32297	5
22	32298	4
22	32299	4
22	32300	4
22	32301	4
22	32302	4
22	32303	3
22	32304	3
22	32305	2
22	32306	1
22	32307	2
22	32308	2
22	32309	2
22	32310	2
22	32311	2
22	32312	2
22	32313	2
22	32314	2
22	32315	2
22	32316	3
22	32317	3
22	32318	3
22	32319	3
22	32320	4
22	32321	5
22	32322	5
22	32323	5
22	32324	5
22	32325	5
22	32326	4
22	32327	4
22	32328	5
22	32329	5
22	32330	5
22	32331	5
22	32332	5
22	32333	5
22	32334	6
22	32335	6
22	32336	6
22	32337	6
22	32338	5
22	32339	6
22	32340	6
22	32341	6
22	32342	6
22	32343	6
22	32344	6
22	32345	6
22	32346	6
22	32347	5
22	32348	5
22	32349	5
22	32350	5
22	32351	5
22	32352	5
22	32353	5
22	32354	5
22	32355	4
22	32356	4
22	32357	4
22	32358	4
22	32359	4
22	32360	4
22	32361	4
22	32362	4
22	32363	4
22	32364	4
22	32365	4
22	32366	4
22	32367	4
22	32368	4
22	32369	4
22	32370	4
22	32371	4
22	32372	4
22	32373	4
22	32374	4
22	32375	4
22	32376	4
22	32377	4
22	32378	4
22	32379	5
22	32380	4
22	32381	4
22	32382	5
22	32383	5
22	32384	5
22	32385	5
22	32386	4
22	32387	4
22	32388	4
22	32389	5
22	32390	5
22	32391	5
22	32392	5
22	32393	5
22	32394	5
22	32395	3
22	32396	3
22	32397	3
22	32398	3
22	32399	3
22	32400	3
22	32401	3
22	32402	3
22	32403	3
22	32404	3
22	32405	3
22	32406	3
22	32407	3
22	32408	3
22	32409	3
22	32410	3
22	32411	4
22	32412	4
22	32413	4
22	32414	4
22	32415	4
22	32416	4
22	32417	4
22	32418	5
22	32419	5
22	32420	5
22	32421	5
22	32422	6
22	32423	6
22	32424	7
22	32425	7
22	32426	7
22	32427	8
22	32428	9
22	32429	9
22	32430	9
22	32431	9
22	32432	9
22	32433	8
22	32434	9
22	32435	9
22	32436	9
22	32437	9
22	32438	8
22	32439	7
22	32440	7
22	32441	7
22	32442	7
22	32443	7
22	32444	7
22	32445	7
22	32446	7
22	32447	8
22	32448	8
22	32449	8
22	32450	8
22	32451	8
22	32452	8
22	32453	9
22	32454	9
22	32455	10
22	32456	10
22	32457	9
22	32458	9
22	32459	8
22	32460	8
22	32461	8
22	32462	9
22	32463	9
22	32464	9
22	32465	9
22	32466	9
22	32467	8
22	32468	8
22	32469	8
22	32470	8
22	32471	8
22	32472	8
22	32473	8
22	32474	8
22	32475	8
22	32476	8
22	32477	8
22	32478	9
22	32479	9
22	32480	10
22	32481	11
22	32482	12
22	32483	12
22	32484	11
22	32485	12
22	32486	12
22	32487	12
22	32488	12
22	32489	12
22	32490	12
22	32491	12
22	32492	11
22	32493	11
22	32494	11
22	32495	11
22	32496	11
22	32497	11
22	32498	11
22	32499	11
22	32500	11
22	32501	11
22	32502	11
22	32503	10
22	32504	10
22	32505	10
22	32506	8
22	32507	8
22	32508	8
22	32509	9
22	32510	9
22	32511	9
22	32512	8
22	32513	7
22	32514	7
22	32515	9
22	32516	9
22	32517	8
22	32518	8
22	32519	8
22	32520	8
22	32521	8
22	32522	8
22	32523	8
22	32524	9
22	32525	9
22	32526	8
22	32527	7
22	32528	7
22	32529	7
22	32530	6
22	32531	6
22	32532	6
22	32533	6
22	32534	6
22	32535	7
22	32536	8
22	32537	8
22	32538	8
22	32539	8
22	32540	9
22	32541	9
22	32542	9
22	32543	9
22	32544	10
22	32545	9
22	32546	8
22	32547	8
22	32548	8
22	32549	8
22	32550	7
22	32551	7
22	32552	7
22	32553	7
22	32554	7
22	32555	7
22	32556	7
22	32557	7
22	32558	7
22	32559	7
22	32560	7
22	32561	7
22	32562	7
22	32563	6
22	32564	5
22	32565	5
22	32566	4
22	32567	4
22	32568	4
22	32569	4
22	32570	4
22	32571	3
22	32572	3
22	32573	3
22	32574	3
22	32575	3
22	32576	2
22	32577	1
22	32578	1
22	32579	1
22	32580	1
22	32581	2
22	32582	2
22	32583	2
22	32584	1
22	32585	1
22	32586	2
22	32587	3
22	32588	3
22	32589	3
22	32590	4
22	32591	4
22	32592	5
22	32593	5
22	32594	5
22	32595	5
22	32596	5
22	32597	5
22	32598	5
22	32599	5
22	32600	4
22	32601	5
22	32602	5
22	32603	5
22	32604	6
22	32605	6
22	32606	6
22	32607	7
22	32608	7
22	32609	7
22	32610	8
22	32611	8
22	32612	8
22	32613	8
22	32614	8
22	32615	8
22	32616	8
22	32617	8
22	32618	8
22	32619	8
22	32620	9
22	32621	9
22	32622	9
22	32623	8
22	32624	8
22	32625	8
22	32626	8
22	32627	8
22	32628	7
22	32629	8
22	32630	8
22	32631	8
22	32632	9
22	32633	9
22	32634	9
22	32635	9
22	32636	9
22	32637	10
22	32638	10
22	32639	10
22	32640	10
22	32641	10
22	32642	10
22	32643	10
22	32644	10
22	32645	10
22	32646	11
22	32647	11
22	32648	10
22	32649	10
22	32650	10
22	32651	10
22	32652	11
22	32653	10
22	32654	9
22	32655	10
22	32656	10
22	32657	9
22	32658	9
22	32659	9
22	32660	9
22	32661	9
22	32662	9
22	32663	9
22	32664	9
22	32665	10
22	32666	10
22	32667	10
22	32668	10
22	32669	11
22	32670	11
22	32671	12
22	32672	12
22	32673	12
22	32674	12
22	32675	10
22	32676	11
22	32677	10
22	32678	8
22	32679	10
22	32680	9
22	32681	9
22	32682	9
22	32683	9
22	32684	8
22	32685	8
22	32686	8
22	32687	8
22	32688	7
22	32689	6
22	32690	7
22	32691	7
22	32692	7
22	32693	8
22	32694	8
22	32695	8
22	32696	8
22	32697	8
22	32698	8
22	32699	8
22	32700	8
22	32701	8
22	32702	8
22	32703	9
22	32704	9
22	32705	9
22	32706	10
22	32707	10
22	32708	10
22	32709	11
22	32710	11
22	32711	11
22	32712	11
22	32713	11
22	32714	11
22	32715	11
22	32716	11
22	32717	12
22	32718	11
22	32719	11
22	32720	11
22	32721	11
22	32722	11
22	32723	11
22	32724	11
22	32725	11
22	32726	11
22	32727	11
22	32728	10
22	32729	10
22	32730	11
22	32731	9
22	32732	9
22	32733	8
22	32734	8
22	32735	8
22	32736	8
22	32737	7
22	32738	7
22	32739	7
22	32740	8
22	32741	7
22	32742	7
22	32743	7
22	32744	7
22	32745	7
22	32746	8
22	32747	8
22	32748	9
22	32749	9
22	32750	9
22	32751	8
22	32752	8
22	32753	8
22	32754	8
22	32755	8
22	32756	8
22	32757	8
22	32758	9
22	32759	9
22	32760	9
22	32761	9
22	32762	10
22	32763	10
22	32764	10
22	32765	10
22	32766	9
22	32767	9
22	32768	9
22	32769	8
22	32770	8
22	32771	8
22	32772	8
22	32773	8
22	32774	7
22	32775	7
22	32776	7
22	32777	7
22	32778	7
22	32779	6
22	32780	6
22	32781	6
22	32782	6
22	32783	6
22	32784	6
22	32785	5
22	32786	5
22	32787	5
22	32788	5
22	32789	5
22	32790	5
22	32791	5
22	32792	5
22	32793	4
22	32794	4
22	32795	4
22	32796	4
22	32797	4
22	32798	5
22	32799	6
22	32800	6
22	32801	6
22	32802	6
22	32803	6
22	32804	5
22	32805	5
22	32806	5
22	32807	5
22	32808	5
22	32809	5
22	32810	5
22	32811	5
22	32812	5
22	32813	5
22	32814	6
22	32815	6
22	32816	6
22	32817	7
22	32818	7
22	32819	8
22	32820	8
22	32821	8
22	32822	8
22	32823	8
22	32824	7
22	32825	7
22	32826	7
22	32827	7
22	32828	6
22	32829	6
22	32830	6
22	32831	7
22	32832	8
22	32833	8
22	32834	8
22	32835	8
22	32836	8
22	32837	8
22	32838	8
22	32839	8
22	32840	8
22	32841	9
22	32842	10
22	32843	10
22	32844	10
22	32845	10
22	32846	11
22	32847	11
22	32848	11
22	32849	11
22	32850	11
22	32851	11
22	32852	10
22	32853	10
22	32854	10
22	32855	10
22	32856	10
22	32857	10
22	32858	10
22	32859	9
22	32860	9
22	32861	7
22	32862	7
22	32863	7
22	32864	7
22	32865	6
22	32866	6
22	32867	6
22	32868	6
22	32869	4
22	32870	4
22	32871	4
22	32872	4
22	32873	4
22	32874	4
22	32875	5
22	32876	5
22	32877	6
22	32878	6
22	32879	7
22	32880	6
22	32881	6
22	32882	6
22	32883	7
22	32884	7
22	32885	7
22	32886	7
22	32887	7
22	32888	7
22	32889	7
22	32890	7
22	32891	7
22	32892	7
22	32893	7
22	32894	8
22	32895	7
22	32896	7
22	32897	6
22	32898	6
22	32899	5
22	32900	5
22	32901	4
22	32902	4
22	32903	4
22	32904	4
22	32905	5
22	32906	5
22	32907	5
22	32908	6
22	32909	6
22	32910	6
22	32911	6
22	32912	6
22	32913	4
22	32914	6
22	32915	7
22	32916	7
22	32917	7
22	32918	7
22	32919	8
22	32920	8
22	32921	9
22	32922	8
22	32923	7
22	32924	7
22	32925	7
22	32926	7
22	32927	6
22	32928	6
22	32929	6
22	32930	6
22	32931	5
22	32932	6
22	32933	6
22	32934	6
22	32935	6
22	32936	7
22	32937	7
22	32938	7
22	32939	8
22	32940	8
22	32941	8
22	32942	8
22	32943	8
22	32944	8
22	32945	8
22	32946	8
22	32947	8
22	32948	9
22	32949	10
22	32950	11
22	32951	11
22	32952	11
22	32953	11
22	32954	11
22	32955	11
22	32956	10
22	32957	9
22	32958	10
22	32959	10
22	32960	10
22	32961	10
22	32962	10
22	32963	10
22	32964	10
22	32965	10
22	32966	9
22	32967	9
22	32968	9
22	32969	9
22	32970	9
22	32971	9
22	32972	9
22	32973	8
22	32974	8
22	32975	7
22	32976	6
22	32977	6
22	32978	6
22	32979	6
22	32980	7
22	32981	7
22	32982	6
22	32983	6
22	32984	6
22	32985	6
22	32986	6
22	32987	7
22	32988	7
22	32989	7
22	32990	7
22	32991	6
22	32992	6
22	32993	6
22	32994	6
22	32995	6
22	32996	6
22	32997	6
22	32998	6
22	32999	6
22	33000	6
22	33001	6
22	33002	6
22	33003	6
22	33004	7
22	33005	6
22	33006	8
22	33007	8
22	33008	8
22	33009	8
22	33010	7
22	33011	7
22	33012	7
22	33013	7
22	33014	7
22	33015	7
22	33016	7
22	33017	6
22	33018	5
22	33019	5
22	33020	5
22	33021	4
22	33022	4
22	33023	4
22	33024	4
22	33025	4
22	33026	4
22	33027	4
22	33028	5
22	33029	4
22	33030	4
22	33031	5
22	33032	5
22	33033	5
22	33034	6
22	33035	6
22	33036	7
22	33037	7
22	33038	7
22	33039	7
22	33040	8
22	33041	8
22	33042	7
22	33043	8
22	33044	8
22	33045	7
22	33046	7
22	33047	7
22	33048	6
22	33049	5
22	33050	5
22	33051	5
22	33052	5
22	33053	7
22	33054	7
22	33055	7
22	33056	7
22	33057	7
22	33058	7
22	33059	7
22	33060	7
22	33061	7
22	33062	6
22	33063	6
22	33064	6
22	33065	6
22	33066	6
22	33067	7
22	33068	7
22	33069	7
22	33070	8
22	33071	8
22	33072	8
22	33073	8
22	33074	8
22	33075	8
22	33076	8
22	33077	7
22	33078	7
22	33079	7
22	33080	6
22	33081	7
22	33082	7
22	33083	8
22	33084	8
22	33085	9
22	33086	9
22	33087	9
22	33088	9
22	33089	8
22	33090	8
22	33091	9
22	33092	9
22	33093	9
22	33094	9
22	33095	9
22	33096	9
22	33097	9
22	33098	9
22	33099	9
22	33100	10
22	33101	10
22	33102	10
22	33103	10
22	33104	10
22	33105	10
22	33106	11
22	33107	11
22	33108	10
22	33109	10
22	33110	10
22	33111	9
22	33112	9
22	33113	10
22	33114	10
22	33115	10
22	33116	10
22	33117	11
22	33118	12
22	33119	12
22	33120	12
22	33121	13
22	33122	12
22	33123	12
22	33124	12
22	33125	11
22	33126	11
22	33127	11
22	33128	10
22	33129	10
22	33130	10
22	33131	10
22	33132	10
22	33133	10
22	33134	10
22	33135	9
22	33136	7
22	33137	7
22	33138	7
22	33139	7
22	33140	7
22	33141	7
22	33142	7
22	33143	7
22	33144	7
22	33145	7
22	33146	7
22	33147	7
22	33148	7
22	33149	7
22	33150	7
22	33151	7
22	33152	7
22	33153	7
22	33154	7
22	33155	7
22	33156	6
22	33157	7
22	33158	6
22	33159	6
22	33160	7
22	33161	8
22	33162	9
22	33163	9
22	33164	10
22	33165	10
22	33166	11
22	33167	11
22	33168	11
22	33169	11
22	33170	11
22	33171	11
22	33172	11
22	33173	11
22	33174	11
22	33175	12
22	33176	12
22	33177	12
22	33178	13
22	33179	13
22	33180	13
22	33181	12
22	33182	11
22	33183	9
22	33184	10
22	33185	10
22	33186	10
22	33187	10
22	33188	10
22	33189	10
22	33190	10
22	33191	10
22	33192	10
22	33193	9
22	33194	9
22	33195	9
22	33196	10
22	33197	10
22	33198	10
22	33199	10
22	33200	11
22	33201	11
22	33202	10
22	33203	11
22	33204	9
22	33205	9
22	33206	9
22	33207	10
22	33208	10
22	33209	10
22	33210	10
22	33211	9
22	33212	8
22	33213	8
22	33214	8
22	33215	8
22	33216	8
22	33217	9
22	33218	8
22	33219	8
22	33220	7
22	33221	7
22	33222	8
22	33223	8
22	33224	7
22	33225	7
22	33226	7
22	33227	7
22	33228	7
22	33229	7
22	33230	7
22	33231	8
22	33232	9
22	33233	9
22	33234	9
22	33235	9
22	33236	10
22	33237	10
22	33238	10
22	33239	10
22	33240	10
22	33241	10
22	33242	10
22	33243	10
22	33244	9
22	33245	8
22	33246	8
22	33247	8
22	33248	8
22	33249	8
22	33250	8
22	33251	8
22	33252	7
22	33253	6
22	33254	7
22	33255	7
22	33256	7
22	33257	7
22	33258	7
22	33259	7
22	33260	7
22	33261	7
22	33262	7
22	33263	7
22	33264	7
22	33265	7
22	33266	7
22	33267	7
22	33268	7
22	33269	7
22	33270	7
22	33271	7
22	33272	8
22	33273	9
22	33274	8
22	33275	8
22	33276	7
22	33277	7
22	33278	6
22	33279	6
22	33280	6
22	33281	6
22	33282	6
22	33283	6
22	33284	6
22	33285	6
22	33286	6
22	33287	6
22	33288	6
22	33289	6
22	33290	6
22	33291	6
22	33292	6
22	33293	5
22	33294	5
22	33295	4
22	33296	3
22	33297	3
22	33298	3
22	33299	2
22	33300	2
22	33301	1
22	33310	1
22	33311	1
22	33312	1
22	33313	1
22	33314	1
22	33315	2
22	33316	2
22	33317	3
22	33318	3
22	33319	3
22	33320	3
22	33321	3
22	33322	3
22	33323	3
22	33324	3
22	33325	4
22	33326	5
22	33327	5
22	33328	6
22	33329	6
22	33330	6
22	33331	6
22	33332	6
22	33333	7
22	33334	8
22	33335	9
22	33336	9
22	33337	9
22	33338	9
22	33339	9
22	33340	9
22	33341	9
22	33342	9
22	33343	9
22	33344	9
22	33345	9
22	33346	9
22	33347	9
22	33348	10
22	33349	11
22	33350	11
22	33351	11
22	33352	11
22	33353	10
22	33354	10
22	33355	10
22	33356	11
22	33357	11
22	33358	11
22	33359	12
22	33360	12
22	33361	12
22	33362	12
22	33363	13
22	33364	13
22	33365	14
22	33366	14
22	33367	15
22	33368	15
22	33369	15
22	33370	15
22	33371	14
22	33372	14
22	33373	13
22	33374	13
22	33375	13
22	33376	13
22	33377	12
22	33378	12
22	33379	12
22	33380	12
22	33381	12
22	33382	12
22	33383	11
22	33384	10
22	33385	10
22	33386	9
22	33387	8
22	33388	8
22	33389	7
22	33390	7
22	33391	7
22	33392	7
22	33393	6
22	33394	5
22	33395	5
22	33396	5
22	33397	5
22	33398	5
22	33399	4
22	33400	4
22	33401	4
22	33402	4
22	33403	5
22	33404	4
22	33405	4
22	33406	5
22	33407	5
22	33408	6
22	33409	6
22	33410	6
22	33411	6
22	33412	5
22	33413	4
22	33414	4
22	33415	4
22	33416	4
22	33417	4
22	33418	4
22	33419	4
22	33420	4
22	33421	4
22	33422	4
22	33423	4
22	33424	4
22	33425	4
22	33426	4
22	33427	5
22	33428	4
22	33429	5
22	33430	5
22	33431	5
22	33432	6
22	33433	6
22	33434	6
22	33435	6
22	33436	6
22	33437	6
22	33438	6
22	33439	6
22	33440	6
22	33441	6
22	33442	5
22	33443	5
22	33444	5
22	33445	5
22	33446	5
22	33447	5
22	33448	5
22	33449	5
22	33450	4
22	33451	5
22	33452	4
22	33453	4
22	33454	4
22	33455	4
22	33456	4
22	33457	4
22	33458	4
22	33459	5
22	33460	6
22	33461	6
22	33462	7
22	33463	6
22	33464	7
22	33465	7
22	33466	7
22	33467	7
22	33468	8
22	33469	8
22	33470	8
22	33471	9
22	33472	9
22	33473	10
22	33474	10
22	33475	11
22	33476	11
22	33477	11
22	33478	11
22	33479	9
22	33480	9
22	33481	8
22	33482	8
22	33483	9
22	33484	10
22	33485	10
22	33486	10
22	33487	10
22	33488	10
22	33489	10
22	33490	10
22	33491	12
22	33492	13
22	33493	14
22	33494	14
22	33495	14
22	33496	13
22	33497	13
22	33498	13
22	33499	13
22	33500	14
22	33501	14
22	33502	14
22	33503	14
22	33504	14
22	33505	14
22	33506	14
22	33507	15
22	33508	16
22	33509	16
22	33510	16
22	33511	16
22	33512	16
22	33513	16
22	33514	16
22	33515	15
22	33516	16
22	33517	16
22	33518	16
22	33519	15
22	33520	14
22	33521	14
22	33522	14
22	33523	14
22	33524	13
22	33525	13
22	33526	13
22	33527	13
22	33528	12
22	33529	12
22	33530	12
22	33531	12
22	33532	12
22	33533	11
22	33534	11
22	33535	11
22	33536	11
22	33537	13
22	33538	13
22	33539	14
22	33540	15
22	33541	14
22	33542	14
22	33543	14
22	33544	13
22	33545	13
22	33546	13
22	33547	13
22	33548	12
22	33549	12
22	33550	12
22	33551	12
22	33552	12
22	33553	13
22	33554	12
22	33555	12
22	33556	12
22	33557	13
22	33558	13
