22	15502	5
22	15503	6
22	15504	6
22	15505	6
22	15506	6
22	15507	6
22	15508	5
22	15509	6
22	15510	6
22	15511	6
22	15512	6
22	15513	6
22	15514	6
22	15515	6
22	15516	6
22	15517	6
22	15518	6
22	15519	7
22	15520	7
22	15521	8
22	15522	8
22	15523	8
22	15524	8
22	15525	7
22	15526	7
22	15527	7
22	15528	7
22	15529	7
22	15530	6
22	15531	6
22	15532	6
22	15533	6
22	15534	6
22	15535	6
22	15536	7
22	15537	7
22	15538	7
22	15539	6
22	15540	6
22	15541	6
22	15542	6
22	15543	7
22	15544	7
22	15545	7
22	15546	7
22	15547	7
22	15548	7
22	15549	7
22	15550	6
22	15551	6
22	15552	7
22	15553	7
22	15554	7
22	15555	8
22	15556	8
22	15557	8
22	15558	8
22	15559	8
22	15560	8
22	15561	8
22	15562	8
22	15563	7
22	15564	7
22	15565	7
22	15566	7
22	15567	7
22	15568	8
22	15569	8
22	15570	8
22	15571	8
22	15572	9
22	15573	9
22	15574	10
22	15575	10
22	15576	10
22	15577	10
22	15578	11
22	15579	10
22	15580	8
22	15581	8
22	15582	8
22	15583	8
22	15584	8
22	15585	8
22	15586	8
22	15587	9
22	15588	10
22	15589	10
22	15590	10
22	15591	11
22	15592	11
22	15593	11
22	15594	11
22	15595	11
22	15596	9
22	15597	9
22	15598	9
22	15599	9
22	15600	10
22	15601	10
22	15602	10
22	15603	10
22	15604	10
22	15605	8
22	15606	8
22	15607	8
22	15608	8
22	15609	8
22	15610	8
22	15611	8
22	15612	8
22	15613	8
22	15614	8
22	15615	7
22	15616	7
22	15617	7
22	15618	7
22	15619	6
22	15620	6
22	15621	5
22	15622	4
22	15623	5
22	15624	6
22	15625	5
22	15626	6
22	15627	6
22	15628	7
22	15629	7
22	15630	8
22	15631	8
22	15632	9
22	15633	9
22	15634	9
22	15635	9
22	15636	9
22	15637	10
22	15638	9
22	15639	9
22	15640	9
22	15641	9
22	15642	9
22	15643	9
22	15644	9
22	15645	8
22	15646	8
22	15647	8
22	15648	8
22	15649	9
22	15650	9
22	15651	9
22	15652	9
22	15653	9
22	15654	8
22	15655	7
22	15656	7
22	15657	7
22	15658	6
22	15659	6
22	15660	5
22	15661	5
22	15662	5
22	15663	6
22	15664	6
22	15665	6
22	15666	6
22	15667	6
22	15668	6
22	15669	6
22	15670	6
22	15671	7
22	15672	7
22	15673	7
22	15674	8
22	15675	8
22	15676	7
22	15677	7
22	15678	7
22	15679	8
22	15680	9
22	15681	9
22	15682	9
22	15683	9
22	15684	10
22	15685	11
22	15686	11
22	15687	12
22	15688	12
22	15689	12
22	15690	13
22	15691	13
22	15692	13
22	15693	12
22	15694	12
22	15695	12
22	15696	13
22	15697	13
22	15698	13
22	15699	13
22	15700	13
22	15701	13
22	15702	14
22	15703	13
22	15704	11
22	15705	11
22	15706	10
22	15707	10
22	15708	9
22	15709	9
22	15710	9
22	15711	9
22	15712	9
22	15713	10
22	15714	10
22	15715	9
22	15716	10
22	15717	10
22	15718	10
22	15719	11
22	15720	12
22	15721	12
22	15722	11
22	15723	11
22	15724	12
22	15725	12
22	15726	12
22	15727	11
22	15728	11
22	15729	12
22	15730	12
22	15731	12
22	15732	12
22	15733	13
22	15734	14
22	15735	14
22	15736	14
22	15737	15
22	15738	16
22	15739	17
22	15740	17
22	15741	15
22	15742	15
22	15743	15
22	15744	15
22	15745	15
22	15746	14
22	15747	14
22	15748	15
22	15749	14
22	15750	15
22	15751	15
22	15752	16
22	15753	15
22	15754	16
22	15755	16
22	15756	15
22	15757	16
22	15758	16
22	15759	16
22	15760	16
22	15761	16
22	15762	16
22	15763	18
22	15764	18
22	15765	17
22	15766	18
22	15767	18
22	15768	17
22	15769	17
22	15770	17
22	15771	17
22	15772	17
22	15773	17
22	15774	17
22	15775	18
22	15776	17
22	15777	18
22	15778	18
22	15779	18
22	15780	18
22	15781	18
22	15782	17
22	15783	18
22	15784	18
22	15785	17
22	15786	17
22	15787	18
22	15788	19
22	15789	19
22	15790	19
22	15791	18
22	15792	18
22	15793	18
22	15794	18
22	15795	17
22	15796	16
22	15797	14
22	15798	14
22	15799	13
22	15800	14
22	15801	12
22	15802	12
22	15803	11
22	15804	11
22	15805	11
22	15806	11
22	15807	11
22	15808	10
22	15809	9
22	15810	9
22	15811	9
22	15812	10
22	15813	9
22	15814	9
22	15815	8
22	15816	8
22	15817	7
22	15818	7
22	15819	7
22	15820	6
22	15821	6
22	15822	6
22	15823	7
22	15824	8
22	15825	7
22	15826	7
22	15827	7
22	15828	7
22	15829	8
22	15830	8
22	15831	9
22	15832	8
22	15833	7
22	15834	7
22	15835	7
22	15836	8
22	15837	9
22	15838	9
22	15839	10
22	15840	10
22	15841	10
22	15842	10
22	15843	10
22	15844	10
22	15845	11
22	15846	11
22	15847	11
22	15848	12
22	15849	12
22	15850	12
22	15851	12
22	15852	11
22	15853	11
22	15854	11
22	15855	11
22	15856	10
22	15857	10
22	15858	10
22	15859	10
22	15860	10
22	15861	11
22	15862	11
22	15863	10
22	15864	10
22	15865	10
22	15866	10
22	15867	8
22	15868	7
22	15869	7
22	15870	7
22	15871	7
22	15872	7
22	15873	7
22	15874	7
22	15875	7
22	15876	7
22	15877	7
22	15878	7
22	15879	7
22	15880	7
22	15881	7
22	15882	7
22	15883	7
22	15884	7
22	15885	5
22	15886	5
22	15887	5
22	15888	5
22	15889	5
22	15890	4
22	15891	4
22	15892	4
22	15893	4
22	15894	4
22	15895	4
22	15896	4
22	15897	4
22	15898	4
22	15899	4
22	15900	5
22	15901	5
22	15902	5
22	15903	5
22	15904	5
22	15905	5
22	15906	5
22	15907	5
22	15908	5
22	15909	5
22	15910	5
22	15911	5
22	15912	5
22	15913	6
22	15914	6
22	15915	6
22	15916	6
22	15917	6
22	15918	5
22	15919	5
22	15920	5
22	15921	4
22	15922	4
22	15923	4
22	15924	4
22	15925	4
22	15926	4
22	15927	4
22	15928	4
22	15929	3
22	15930	3
22	15931	3
22	15932	4
22	15933	4
22	15934	4
22	15935	4
22	15936	4
22	15937	4
22	15938	4
22	15939	3
22	15940	3
22	15941	4
22	15942	4
22	15943	4
22	15944	4
22	15945	4
22	15946	5
22	15947	5
22	15948	5
22	15949	5
22	15950	5
22	15951	6
22	15952	6
22	15953	6
22	15954	6
22	15955	6
22	15956	6
22	15957	6
22	15958	5
22	15959	4
22	15960	4
22	15961	4
22	15962	4
22	15963	5
22	15964	5
22	15965	5
22	15966	5
22	15967	6
22	15968	6
22	15969	6
22	15970	6
22	15971	7
22	15972	8
22	15973	8
22	15974	9
22	15975	9
22	15976	10
22	15977	10
22	15978	10
22	15979	11
22	15980	11
22	15981	12
22	15982	12
22	15983	11
22	15984	11
22	15985	11
22	15986	12
22	15987	13
22	15988	13
22	15989	13
22	15990	13
22	15991	13
22	15992	13
22	15993	14
22	15994	14
22	15995	14
22	15996	14
22	15997	15
22	15998	15
22	15999	15
22	16000	15
22	16001	14
22	16002	14
22	16003	12
22	16004	11
22	16005	10
22	16006	10
22	16007	9
22	16008	9
22	16009	8
22	16010	8
22	16011	7
22	16012	7
22	16013	7
22	16014	6
22	16015	6
22	16016	6
22	16017	6
22	16018	5
22	16019	5
22	16020	5
22	16021	4
22	16022	4
22	16023	4
22	16024	5
22	16025	5
22	16026	4
22	16027	3
22	16028	3
22	16029	3
22	16030	3
22	16031	3
22	16032	3
22	16033	4
22	16034	4
22	16035	4
22	16036	4
22	16037	4
22	16038	4
22	16039	4
22	16040	4
22	16041	4
22	16042	5
22	16043	6
22	16044	6
22	16045	8
22	16046	8
22	16047	8
22	16048	8
22	16049	8
22	16050	8
22	16051	8
22	16052	8
22	16053	8
22	16054	8
22	16055	8
22	16056	9
22	16057	9
22	16058	10
22	16059	11
22	16060	11
22	16061	11
22	16062	10
22	16063	9
22	16064	9
22	16065	9
22	16066	9
22	16067	8
22	16068	8
22	16069	8
22	16070	8
22	16071	7
22	16072	7
22	16073	7
22	16074	7
22	16075	7
22	16076	7
22	16077	7
22	16078	7
22	16079	6
22	16080	6
22	16081	6
22	16082	7
22	16083	8
22	16084	7
22	16085	9
22	16086	9
22	16087	9
22	16088	8
22	16089	8
22	16090	8
22	16091	8
22	16092	8
22	16093	8
22	16094	8
22	16095	8
22	16096	7
22	16097	8
22	16098	8
22	16099	8
22	16100	8
22	16101	8
22	16102	8
22	16103	8
22	16104	8
22	16105	8
22	16106	7
22	16107	7
22	16108	7
22	16109	8
22	16110	8
22	16111	8
22	16112	7
22	16113	7
22	16114	7
22	16115	7
22	16116	8
22	16117	8
22	16118	8
22	16119	9
22	16120	10
22	16121	11
22	16122	10
22	16123	9
22	16124	9
22	16125	9
22	16126	8
22	16127	8
22	16128	8
22	16129	8
22	16130	9
22	16131	9
22	16132	9
22	16133	8
22	16134	8
22	16135	10
22	16136	10
22	16137	10
22	16138	10
22	16139	10
22	16140	10
22	16141	10
22	16142	10
22	16143	10
22	16144	9
22	16145	9
22	16146	9
22	16147	9
22	16148	9
22	16149	9
22	16150	9
22	16151	8
22	16152	8
22	16153	8
22	16154	8
22	16155	8
22	16156	7
22	16157	7
22	16158	7
22	16159	7
22	16160	7
22	16161	8
22	16162	8
22	16163	7
22	16164	7
22	16165	7
22	16166	7
22	16167	8
22	16168	8
22	16169	10
22	16170	11
22	16171	11
22	16172	12
22	16173	13
22	16174	14
22	16175	14
22	16176	14
22	16177	15
22	16178	14
22	16179	13
22	16180	13
22	16181	13
22	16182	13
22	16183	13
22	16184	13
22	16185	13
22	16186	13
22	16187	13
22	16188	13
22	16189	13
22	16190	13
22	16191	13
22	16192	13
22	16193	13
22	16194	13
22	16195	12
22	16196	12
22	16197	13
22	16198	14
22	16199	14
22	16200	14
22	16201	14
22	16202	14
22	16203	13
22	16204	12
22	16205	11
22	16206	12
22	16207	12
22	16208	11
22	16209	11
22	16210	11
22	16211	12
22	16212	12
22	16213	12
22	16214	11
22	16215	11
22	16216	12
22	16217	12
22	16218	12
22	16219	12
22	16220	12
22	16221	12
22	16222	12
22	16223	13
22	16224	13
22	16225	13
22	16226	16
22	16227	15
22	16228	16
22	16229	15
22	16230	15
22	16231	16
22	16232	17
22	16233	16
22	16234	15
22	16235	15
22	16236	15
22	16237	14
22	16238	13
22	16239	13
22	16240	12
22	16241	12
22	16242	12
22	16243	12
22	16244	13
22	16245	13
22	16246	13
22	16247	13
22	16248	14
22	16249	15
22	16250	16
22	16251	16
22	16252	16
22	16253	16
22	16254	15
22	16255	15
22	16256	14
22	16257	14
22	16258	14
22	16259	14
22	16260	13
22	16261	13
22	16262	14
22	16263	13
22	16264	13
22	16265	13
22	16266	13
22	16267	13
22	16268	12
22	16269	11
22	16270	11
22	16271	10
22	16272	10
22	16273	10
22	16274	9
22	16275	8
22	16276	8
22	16277	8
22	16278	9
22	16279	9
22	16280	9
22	16281	9
22	16282	9
22	16283	9
22	16284	8
22	16285	8
22	16286	8
22	16287	8
22	16288	8
22	16289	8
22	16290	8
22	16291	8
22	16292	8
22	16293	8
22	16294	7
22	16295	6
22	16296	5
22	16297	5
22	16298	5
22	16299	5
22	16300	5
22	16301	4
22	16302	4
22	16303	5
22	16304	5
22	16305	5
22	16306	6
22	16307	6
22	16308	6
22	16309	6
22	16310	7
22	16311	6
22	16312	9
22	16313	9
22	16314	9
22	16315	10
22	16316	10
22	16317	11
22	16318	11
22	16319	11
22	16320	11
22	16321	12
22	16322	12
22	16323	12
22	16324	12
22	16325	13
22	16326	13
22	16327	13
22	16328	14
22	16329	15
22	16330	15
22	16331	15
22	16332	15
22	16333	15
22	16334	15
22	16335	15
22	16336	15
22	16337	15
22	16338	17
22	16339	16
22	16340	16
22	16341	16
22	16342	17
22	16343	17
22	16344	17
22	16345	17
22	16346	18
22	16347	18
22	16348	17
22	16349	18
22	16350	18
22	16351	17
22	16352	17
22	16353	18
22	16354	17
22	16355	16
22	16356	16
22	16357	16
22	16358	17
22	16359	17
22	16360	16
22	16361	17
22	16362	18
22	16363	18
22	16364	18
22	16365	19
22	16366	19
22	16367	19
22	16368	19
22	16369	19
22	16370	19
22	16371	19
22	16372	18
22	16373	17
22	16374	17
22	16375	19
22	16376	19
22	16377	19
22	16378	19
22	16379	20
22	16380	20
22	16381	19
22	16382	19
22	16383	19
22	16384	19
22	16385	18
22	16386	17
22	16387	18
22	16388	16
22	16389	16
22	16390	16
22	16391	16
22	16392	16
22	16393	16
22	16394	17
22	16395	17
22	16396	16
22	16397	16
22	16398	14
22	16399	15
22	16400	13
22	16401	13
22	16402	12
22	16403	12
22	16404	12
22	16405	11
22	16406	11
22	16407	10
22	16408	9
22	16409	9
22	16410	10
22	16411	10
22	16412	10
22	16413	9
22	16414	9
22	16415	9
22	16416	10
22	16417	11
22	16418	11
22	16419	11
22	16420	11
22	16421	11
22	16422	12
22	16423	11
22	16424	12
22	16425	13
22	16426	13
22	16427	13
22	16428	13
22	16429	13
22	16430	13
22	16431	13
22	16432	14
22	16433	14
22	16434	14
22	16435	15
22	16436	15
22	16437	14
22	16438	16
22	16439	17
22	16440	18
22	16441	18
22	16442	18
22	16443	17
22	16444	17
22	16445	17
22	16446	17
22	16447	17
22	16448	17
22	16449	17
22	16450	15
22	16451	14
22	16452	16
22	16453	16
22	16454	15
22	16455	16
22	16456	15
22	16457	15
22	16458	15
22	16459	16
22	16460	16
22	16461	16
22	16462	16
22	16463	15
22	16464	14
22	16465	14
22	16466	14
22	16467	15
22	16468	14
22	16469	14
22	16470	14
22	16471	14
22	16472	13
22	16473	13
22	16474	12
22	16475	13
22	16476	14
22	16477	14
22	16478	14
22	16479	14
22	16480	14
22	16481	15
22	16482	15
22	16483	15
22	16484	15
22	16485	14
22	16486	15
22	16487	15
22	16488	15
22	16489	12
22	16490	12
22	16491	12
22	16492	12
22	16493	11
22	16494	11
22	16495	11
22	16496	11
22	16497	12
22	16498	13
22	16499	14
22	16500	14
22	16501	14
22	16502	14
22	16503	13
22	16504	13
22	16505	13
22	16506	13
22	16507	13
22	16508	13
22	16509	12
22	16510	12
22	16511	11
22	16512	10
22	16513	10
22	16514	11
22	16515	12
22	16516	12
22	16517	12
22	16518	10
22	16519	10
22	16520	10
22	16521	10
22	16522	10
22	16523	10
22	16524	10
22	16525	10
22	16526	12
22	16527	10
22	16528	12
22	16529	11
22	16530	11
22	16531	11
22	16532	10
22	16533	11
22	16534	10
22	16535	11
22	16536	10
22	16537	10
22	16538	10
22	16539	10
22	16540	11
22	16541	11
22	16542	11
22	16543	11
22	16544	10
22	16545	10
22	16546	9
22	16547	8
22	16548	7
22	16549	7
22	16550	7
22	16551	7
22	16552	7
22	16553	7
22	16554	7
22	16555	6
22	16556	5
22	16557	4
22	16558	3
22	16559	3
22	16560	2
22	16561	2
22	16562	1
22	16563	1
22	16564	1
22	16565	1
22	16576	1
22	16577	1
22	16578	1
22	16579	1
22	16580	1
22	16581	1
22	16582	1
22	16583	1
22	16584	1
22	16585	1
22	16586	1
22	16587	1
22	16588	1
22	16589	1
22	16590	2
22	16591	2
22	16592	3
22	16593	3
22	16594	3
22	16595	3
22	16596	3
22	16597	3
22	16598	4
22	16599	5
22	16600	6
22	16601	6
22	16602	6
22	16603	6
22	16604	6
22	16605	7
22	16606	8
22	16607	8
22	16608	9
22	16609	9
22	16610	8
22	16611	8
22	16612	8
22	16613	8
22	16614	8
22	16615	8
22	16616	9
22	16617	9
22	16618	9
22	16619	9
22	16620	10
22	16621	10
22	16622	10
22	16623	10
22	16624	11
22	16625	11
22	16626	11
22	16627	12
22	16628	13
22	16629	13
22	16630	13
22	16631	13
22	16632	13
22	16633	13
22	16634	13
22	16635	15
22	16636	14
22	16637	14
22	16638	14
22	16639	14
22	16640	12
22	16641	12
22	16642	12
22	16643	12
22	16644	13
22	16645	13
22	16646	12
22	16647	12
22	16648	12
22	16649	10
22	16650	11
22	16651	11
22	16652	12
22	16653	12
22	16654	12
22	16655	12
22	16656	12
22	16657	11
22	16658	11
22	16659	11
22	16660	11
22	16661	11
22	16662	11
22	16663	11
22	16664	9
22	16665	9
22	16666	10
22	16667	10
22	16668	10
22	16669	10
22	16670	11
22	16671	12
22	16672	12
22	16673	11
22	16674	11
22	16675	11
22	16676	11
22	16677	11
22	16678	11
22	16679	10
22	16680	9
22	16681	9
22	16682	9
22	16683	9
22	16684	9
22	16685	9
22	16686	8
22	16687	8
22	16688	8
22	16689	8
22	16690	8
22	16691	8
22	16692	8
22	16693	8
22	16694	8
22	16695	8
22	16696	8
22	16697	8
22	16698	8
22	16699	8
22	16700	8
22	16701	8
22	16702	8
22	16703	8
22	16704	8
22	16705	8
22	16706	8
22	16707	8
22	16708	8
22	16709	8
22	16710	8
22	16711	8
22	16712	7
22	16713	7
22	16714	7
22	16715	8
22	16716	8
22	16717	8
22	16718	8
22	16719	9
22	16720	9
22	16721	10
22	16722	10
22	16723	10
22	16724	10
22	16725	10
22	16726	9
22	16727	9
22	16728	9
22	16729	10
22	16730	10
22	16731	10
22	16732	9
22	16733	9
22	16734	9
22	16735	9
22	16736	9
22	16737	9
22	16738	9
22	16739	9
22	16740	8
22	16741	8
22	16742	8
22	16743	8
22	16744	8
22	16745	9
22	16746	9
22	16747	8
22	16748	9
22	16749	9
22	16750	8
22	16751	7
22	16752	7
22	16753	7
22	16754	7
22	16755	7
22	16756	8
22	16757	9
22	16758	9
22	16759	9
22	16760	9
22	16761	9
22	16762	9
22	16763	10
22	16764	10
22	16765	9
22	16766	9
22	16767	9
22	16768	10
22	16769	11
22	16770	11
22	16771	11
22	16772	11
22	16773	12
22	16774	12
22	16775	11
22	16776	12
22	16777	13
22	16778	14
22	16779	14
22	16780	15
22	16781	15
22	16782	15
22	16783	15
22	16784	15
22	16785	15
22	16786	14
22	16787	14
22	16788	13
22	16789	13
22	16790	12
22	16791	12
22	16792	12
22	16793	12
22	16794	12
22	16795	13
22	16796	12
22	16797	11
22	16798	11
22	16799	11
22	16800	12
22	16801	11
22	16802	11
22	16803	11
22	16804	11
22	16805	11
22	16806	12
22	16807	13
22	16808	13
22	16809	14
22	16810	13
22	16811	13
22	16812	13
22	16813	13
22	16814	13
22	16815	12
22	16816	11
22	16817	10
22	16818	10
22	16819	10
22	16820	10
22	16821	10
22	16822	9
22	16823	9
22	16824	8
22	16825	8
22	16826	8
22	16827	8
22	16828	8
22	16829	8
22	16830	8
22	16831	6
22	16832	7
22	16833	7
22	16834	7
22	16835	6
22	16836	6
22	16837	7
22	16838	8
22	16839	10
22	16840	10
22	16841	9
22	16842	10
22	16843	10
22	16844	10
22	16845	10
22	16846	11
22	16847	12
22	16848	12
22	16849	12
22	16850	12
22	16851	12
22	16852	13
22	16853	15
22	16854	16
22	16855	16
22	16856	16
22	16857	17
22	16858	17
22	16859	17
22	16860	17
22	16861	17
22	16862	17
22	16863	18
22	16864	19
22	16865	20
22	16866	20
22	16867	19
22	16868	21
22	16869	21
22	16870	21
22	16871	21
22	16872	21
22	16873	21
22	16874	21
22	16875	21
22	16876	20
22	16877	20
22	16878	20
22	16879	20
22	16880	20
22	16881	20
22	16882	21
22	16883	20
22	16884	20
22	16885	19
22	16886	18
22	16887	17
22	16888	18
22	16889	18
22	16890	17
22	16891	16
22	16892	17
22	16893	16
22	16894	16
22	16895	16
22	16896	15
22	16897	14
22	16898	15
22	16899	15
22	16900	15
22	16901	15
22	16902	16
22	16903	16
22	16904	15
22	16905	15
22	16906	14
22	16907	13
22	16908	13
22	16909	13
22	16910	12
22	16911	12
22	16912	12
22	16913	11
22	16914	9
22	16915	10
22	16916	10
22	16917	10
22	16918	10
22	16919	9
22	16920	9
22	16921	8
22	16922	8
22	16923	8
22	16924	8
22	16925	8
22	16926	8
22	16927	8
22	16928	8
22	16929	7
22	16930	6
22	16931	6
22	16932	6
22	16933	6
22	16934	5
22	16935	5
22	16936	5
22	16937	4
22	16938	4
22	16939	4
22	16940	5
22	16941	5
22	16942	5
22	16943	5
22	16944	5
22	16945	5
22	16946	5
22	16947	5
22	16948	5
22	16949	5
22	16950	5
22	16951	5
22	16952	5
22	16953	3
22	16954	3
22	16955	3
22	16956	3
22	16957	3
22	16958	3
22	16959	3
22	16960	4
22	16961	4
22	16962	4
22	16963	4
22	16964	4
22	16965	5
22	16966	5
22	16967	5
22	16968	6
22	16969	7
22	16970	6
22	16971	5
22	16972	5
22	16973	5
22	16974	6
22	16975	6
22	16976	6
22	16977	8
22	16978	10
22	16979	10
22	16980	10
22	16981	10
22	16982	10
22	16983	10
22	16984	10
22	16985	10
22	16986	10
22	16987	10
22	16988	11
22	16989	12
22	16990	12
22	16991	12
22	16992	12
22	16993	12
22	16994	12
22	16995	12
22	16996	13
22	16997	14
22	16998	15
22	16999	16
22	17000	16
22	17001	17
22	17002	17
22	17003	17
22	17004	16
22	17005	16
22	17006	16
22	17007	16
22	17008	16
22	17009	16
22	17010	16
22	17011	15
22	17012	16
22	17013	16
22	17014	17
22	17015	16
22	17016	17
22	17017	17
22	17018	16
22	17019	16
22	17020	16
22	17021	17
22	17022	16
22	17023	15
22	17024	15
22	17025	15
22	17026	14
22	17027	14
22	17028	14
22	17029	13
22	17030	13
22	17031	14
22	17032	15
22	17033	16
22	17034	15
22	17035	15
22	17036	15
22	17037	15
22	17038	15
22	17039	14
22	17040	14
22	17041	13
22	17042	13
22	17043	15
22	17044	16
22	17045	17
22	17046	17
22	17047	17
22	17048	15
22	17049	14
22	17050	14
22	17051	14
22	17052	14
22	17053	13
22	17054	12
22	17055	12
22	17056	11
22	17057	10
22	17058	10
22	17059	9
22	17060	10
22	17061	10
22	17062	10
22	17063	10
22	17064	11
22	17065	12
22	17066	12
22	17067	13
22	17068	13
22	17069	12
22	17070	13
22	17071	13
22	17072	13
22	17073	13
22	17074	14
22	17075	15
22	17076	15
22	17077	15
22	17078	15
22	17079	14
22	17080	14
22	17081	14
22	17082	14
22	17083	14
22	17084	14
22	17085	13
22	17086	12
22	17087	11
22	17088	10
22	17089	10
22	17090	10
22	17091	10
22	17092	10
22	17093	10
22	17094	9
22	17095	7
22	17096	6
22	17097	6
22	17098	5
22	17099	6
22	17100	6
22	17101	6
22	17102	6
22	17103	6
22	17104	6
22	17105	6
22	17106	6
22	17107	6
22	17108	6
22	17109	7
22	17110	7
22	17111	7
22	17112	7
22	17113	7
22	17114	7
22	17115	7
22	17116	7
22	17117	8
22	17118	7
22	17119	7
22	17120	6
22	17121	6
22	17122	6
22	17123	6
22	17124	6
22	17125	7
22	17126	7
22	17127	6
22	17128	6
22	17129	7
22	17130	6
22	17131	7
22	17132	7
22	17133	7
22	17134	7
22	17135	7
22	17136	7
22	17137	7
22	17138	7
22	17139	7
22	17140	7
22	17141	8
22	17142	8
22	17143	8
22	17144	7
22	17145	6
22	17146	6
22	17147	6
22	17148	5
22	17149	4
22	17150	4
22	17151	4
22	17152	4
22	17153	5
22	17154	6
22	17155	6
22	17156	6
22	17157	5
22	17158	5
22	17159	5
22	17160	5
22	17161	6
22	17162	6
22	17163	6
22	17164	7
22	17165	7
22	17166	7
22	17167	7
22	17168	7
22	17169	7
22	17170	7
22	17171	7
22	17172	7
22	17173	6
22	17174	7
22	17175	6
22	17176	6
22	17177	7
22	17178	8
22	17179	8
22	17180	8
22	17181	8
22	17182	8
22	17183	10
22	17184	11
22	17185	12
22	17186	13
22	17187	12
22	17188	12
22	17189	12
22	17190	13
22	17191	14
22	17192	14
22	17193	15
22	17194	15
22	17195	15
22	17196	15
22	17197	14
22	17198	14
22	17199	14
22	17200	13
22	17201	13
22	17202	12
22	17203	13
22	17204	13
22	17205	12
22	17206	12
22	17207	12
22	17208	12
22	17209	12
22	17210	12
22	17211	13
22	17212	14
22	17213	14
22	17214	14
22	17215	13
22	17216	14
22	17217	14
22	17218	15
22	17219	15
22	17220	15
22	17221	14
22	17222	14
22	17223	14
22	17224	14
22	17225	14
22	17226	15
22	17227	15
22	17228	15
22	17229	15
22	17230	15
22	17231	15
22	17232	15
22	17233	16
22	17234	15
22	17235	15
22	17236	14
22	17237	14
22	17238	14
22	17239	14
22	17240	13
22	17241	13
22	17242	13
22	17243	13
22	17244	13
22	17245	12
22	17246	11
22	17247	11
22	17248	11
22	17249	10
22	17250	10
22	17251	9
22	17252	10
22	17253	10
22	17254	10
22	17255	10
22	17256	10
22	17257	9
22	17258	9
22	17259	11
22	17260	10
22	17261	10
22	17262	10
22	17263	9
22	17264	8
22	17265	8
22	17266	8
22	17267	8
22	17268	7
22	17269	7
22	17270	7
22	17271	7
22	17272	7
22	17273	7
22	17274	6
22	17275	6
22	17276	6
22	17277	6
22	17278	6
22	17279	6
22	17280	6
22	17281	6
22	17282	5
22	17283	5
22	17284	5
22	17285	5
22	17286	5
22	17287	5
22	17288	5
22	17289	5
22	17290	4
22	17291	4
22	17292	3
22	17293	2
22	17294	2
22	17295	1
22	17296	1
22	17302	1
22	17303	1
22	17304	1
22	17305	1
22	17306	1
22	17307	2
22	17308	2
22	17309	2
22	17310	2
22	17311	2
22	17312	2
22	17313	2
22	17314	2
22	17315	2
22	17316	2
22	17317	2
22	17318	2
22	17319	3
22	17320	3
22	17321	3
22	17322	3
22	17323	3
22	17324	3
22	17325	3
22	17326	3
22	17327	3
22	17328	4
22	17329	4
22	17330	4
22	17331	4
22	17332	5
22	17333	5
22	17334	6
22	17335	6
22	17336	6
22	17337	7
22	17338	8
22	17339	8
22	17340	9
22	17341	9
22	17342	9
22	17343	9
22	17344	9
22	17345	9
22	17346	9
22	17347	9
22	17348	9
22	17349	9
22	17350	9
22	17351	9
22	17352	9
22	17353	9
22	17354	9
22	17355	9
22	17356	9
22	17357	8
22	17358	8
22	17359	8
22	17360	8
22	17361	9
22	17362	9
22	17363	10
22	17364	9
22	17365	9
22	17366	9
22	17367	9
22	17368	9
22	17369	8
22	17370	9
22	17371	10
22	17372	10
22	17373	10
22	17374	8
22	17375	10
22	17376	10
22	17377	10
22	17378	10
22	17379	10
22	17380	9
22	17381	9
22	17382	9
22	17383	9
22	17384	8
22	17385	9
22	17386	9
22	17387	9
22	17388	10
22	17389	10
22	17390	10
22	17391	10
22	17392	10
22	17393	10
22	17394	10
22	17395	11
22	17396	11
22	17397	10
22	17398	10
22	17399	9
22	17400	9
22	17401	9
22	17402	9
22	17403	9
22	17404	8
22	17405	8
22	17406	9
22	17407	10
22	17408	10
22	17409	10
22	17410	10
22	17411	9
22	17412	9
22	17413	9
22	17414	9
22	17415	9
22	17416	9
22	17417	9
22	17418	9
22	17419	8
22	17420	8
22	17421	7
22	17422	7
22	17423	8
22	17424	8
22	17425	9
22	17426	10
22	17427	10
22	17428	10
22	17429	10
22	17430	11
22	17431	12
22	17432	12
22	17433	12
22	17434	12
22	17435	13
22	17436	13
22	17437	14
22	17438	14
22	17439	14
22	17440	13
22	17441	12
22	17442	12
22	17443	12
22	17444	12
22	17445	13
22	17446	13
22	17447	13
22	17448	13
22	17449	14
22	17450	13
22	17451	13
22	17452	13
22	17453	13
22	17454	13
22	17455	12
22	17456	12
22	17457	12
22	17458	11
22	17459	9
22	17460	9
22	17461	9
22	17462	9
22	17463	10
22	17464	10
22	17465	10
22	17466	11
22	17467	11
22	17468	11
22	17469	11
22	17470	10
22	17471	10
22	17472	10
22	17473	10
22	17474	12
22	17475	12
22	17476	12
22	17477	13
22	17478	13
22	17479	13
22	17480	13
22	17481	13
22	17482	13
22	17483	13
22	17484	13
22	17485	13
22	17486	14
22	17487	15
22	17488	15
22	17489	15
22	17490	14
22	17491	14
22	17492	14
22	17493	14
22	17494	13
22	17495	14
22	17496	14
22	17497	14
22	17498	14
22	17499	14
22	17500	14
22	17501	14
22	17502	15
22	17503	15
22	17504	15
22	17505	15
22	17506	14
22	17507	14
22	17508	14
22	17509	14
22	17510	13
22	17511	12
22	17512	12
22	17513	14
22	17514	14
22	17515	15
22	17516	15
22	17517	15
22	17518	14
22	17519	14
22	17520	13
22	17521	13
22	17522	12
22	17523	11
22	17524	12
22	17525	11
22	17526	11
22	17527	11
22	17528	10
22	17529	9
22	17530	9
22	17531	9
22	17532	8
22	17533	8
22	17534	9
22	17535	9
22	17536	8
22	17537	7
22	17538	6
22	17539	6
22	17540	6
22	17541	6
22	17542	6
22	17543	5
22	17544	5
22	17545	4
22	17546	4
22	17547	5
22	17548	5
22	17549	5
22	17550	5
22	17551	7
22	17552	7
22	17553	6
22	17554	7
22	17555	7
22	17556	8
22	17557	8
22	17558	8
22	17559	9
22	17560	9
22	17561	9
22	17562	9
22	17563	9
22	17564	8
22	17565	8
22	17566	7
22	17567	7
22	17568	7
22	17569	6
22	17570	5
22	17571	5
22	17572	5
22	17573	5
22	17574	5
22	17575	4
22	17576	4
22	17577	4
22	17578	4
22	17579	4
22	17580	4
22	17581	4
22	17582	4
22	17583	4
22	17584	4
22	17585	4
22	17586	4
22	17587	3
22	17588	1
22	17589	1
22	17590	1
22	17591	1
22	17592	1
22	17593	1
22	17594	1
22	18205	1
22	18206	1
22	18207	1
22	18208	1
22	18209	1
22	18210	1
22	18211	1
22	18212	1
22	18213	1
22	18214	1
22	18215	1
22	18216	1
22	18217	1
22	18218	2
22	18219	2
22	18220	3
22	18221	3
22	18222	3
22	18223	3
22	18224	3
22	18225	3
22	18226	3
22	18227	3
22	18228	3
22	18229	3
22	18230	3
22	18231	3
22	18232	3
22	18233	3
22	18234	3
22	18235	3
22	18236	3
22	18237	3
22	18238	3
22	18239	3
22	18240	3
22	18241	3
22	18242	3
22	18243	3
22	18244	3
22	18245	3
22	18246	2
22	18247	2
22	18248	1
22	18249	1
22	18250	1
22	18251	1
22	18252	1
22	18253	1
22	18254	1
22	18255	1
22	18256	1
22	19974	1
22	19975	1
22	19976	1
22	19977	1
22	19978	1
22	19979	1
22	19980	1
22	19981	2
22	19982	2
22	19983	2
22	19984	2
22	19985	2
22	19986	2
22	19987	2
22	19988	2
22	19989	2
22	19990	2
22	19991	2
22	19992	2
22	19993	2
22	19994	2
22	19995	3
22	19996	4
22	19997	4
22	19998	4
22	19999	5
22	20000	5
22	20001	5
22	20002	5
22	20003	5
22	20004	5
22	20005	5
22	20006	5
22	20007	5
22	20008	5
22	20009	5
22	20010	5
22	20011	6
22	20012	6
22	20013	6
22	20014	6
22	20015	6
22	20016	6
22	20017	6
22	20018	6
22	20019	6
22	20020	6
22	20021	7
22	20022	7
22	20023	7
22	20024	8
22	20025	9
22	20026	9
22	20027	9
22	20028	9
22	20029	10
22	20030	10
22	20031	10
22	20032	10
22	20033	10
22	20034	11
22	20035	11
22	20036	11
22	20037	11
22	20038	11
22	20039	12
22	20040	12
22	20041	12
22	20042	12
22	20043	13
22	20044	14
22	20045	14
22	20046	13
22	20047	12
22	20048	12
22	20049	13
22	20050	13
22	20051	13
22	20052	15
22	20053	17
22	20054	17
22	20055	17
22	20056	17
22	20057	17
22	20058	17
22	20059	17
22	20060	16
22	20061	17
22	20062	17
22	20063	17
22	20064	17
22	20065	17
22	20066	18
22	20067	18
22	20068	17
22	20069	17
22	20070	17
22	20071	17
22	20072	18
22	20073	18
22	20074	18
22	20075	18
22	20076	17
22	20077	16
22	20078	16
22	20079	17
22	20080	17
22	20081	17
22	20082	17
22	20083	15
22	20084	16
22	20085	16
22	20086	17
22	20087	18
22	20088	17
22	20089	17
22	20090	17
22	20091	18
22	20092	18
22	20093	18
22	20094	18
22	20095	18
22	20096	18
22	20097	18
22	20098	17
22	20099	17
22	20100	17
22	20101	17
22	20102	18
22	20103	18
22	20104	18
22	20105	18
22	20106	20
22	20107	20
22	20108	19
22	20109	19
22	20110	19
22	20111	18
22	20112	18
22	20113	16
22	20114	16
22	20115	15
22	20116	15
22	20117	15
22	20118	15
22	20119	15
22	20120	14
22	20121	14
22	20122	14
22	20123	14
22	20124	14
22	20125	14
22	20126	14
22	20127	14
22	20128	14
22	20129	15
22	20130	14
22	20131	13
22	20132	12
22	20133	13
22	20134	14
22	20135	16
22	20136	16
22	20137	15
22	20138	15
22	20139	15
22	20140	15
22	20141	15
22	20142	14
22	20143	14
22	20144	14
22	20145	15
22	20146	15
22	20147	15
22	20148	14
22	20149	14
22	20150	14
22	20151	14
22	20152	13
22	20153	12
22	20154	13
22	20155	13
22	20156	13
22	20157	13
22	20158	12
22	20159	12
22	20160	11
22	20161	11
22	20162	11
22	20163	11
22	20164	11
22	20165	10
22	20166	10
22	20167	10
22	20168	10
22	20169	10
22	20170	9
22	20171	8
22	20172	7
22	20173	7
22	20174	6
22	20175	6
22	20176	6
22	20177	6
22	20178	7
22	20179	7
22	20180	6
22	20181	7
22	20182	7
22	20183	7
22	20184	7
22	20185	7
22	20186	8
22	20187	8
22	20188	8
22	20189	8
22	20190	7
22	20191	7
22	20192	7
22	20193	7
22	20194	8
22	20195	7
22	20196	7
22	20197	7
22	20198	7
22	20199	7
22	20200	7
22	20201	8
22	20202	8
22	20203	7
22	20204	9
22	20205	9
22	20206	9
22	20207	10
22	20208	10
22	20209	10
22	20210	11
22	20211	12
22	20212	12
22	20213	12
22	20214	12
22	20215	13
22	20216	14
22	20217	14
22	20218	15
22	20219	15
22	20220	14
22	20221	14
22	20222	13
22	20223	13
22	20224	13
22	20225	13
22	20226	13
22	20227	14
22	20228	15
22	20229	16
22	20230	16
22	20231	16
22	20232	15
22	20233	15
22	20234	15
22	20235	16
22	20236	17
22	20237	17
22	20238	16
22	20239	15
22	20240	14
22	20241	14
22	20242	14
22	20243	13
22	20244	12
22	20245	12
22	20246	12
22	20247	12
22	20248	13
22	20249	13
22	20250	13
22	20251	13
22	20252	13
22	20253	13
22	20254	12
22	20255	11
22	20256	11
22	20257	11
22	20258	11
22	20259	10
22	20260	10
22	20261	9
22	20262	9
22	20263	9
22	20264	9
22	20265	9
22	20266	9
22	20267	8
22	20268	8
22	20269	9
22	20270	9
22	20271	8
22	20272	8
22	20273	8
22	20274	9
22	20275	9
22	20276	9
22	20277	9
22	20278	10
22	20279	10
22	20280	10
22	20281	11
22	20282	11
22	20283	11
22	20284	10
22	20285	9
22	20286	10
22	20287	10
22	20288	10
22	20289	10
22	20290	9
22	20291	10
22	20292	10
22	20293	9
22	20294	9
22	20295	9
22	20296	9
22	20297	9
22	20298	9
22	20299	9
22	20300	9
22	20301	9
22	20302	9
22	20303	9
22	20304	8
22	20305	8
22	20306	7
22	20307	7
22	20308	7
22	20309	7
22	20310	7
22	20311	7
22	20312	8
22	20313	8
22	20314	7
22	20315	7
22	20316	7
22	20317	7
22	20318	8
22	20319	9
22	20320	10
22	20321	9
22	20322	9
22	20323	8
22	20324	9
22	20325	9
22	20326	9
22	20327	9
22	20328	9
22	20329	9
22	20330	8
22	20331	8
22	20332	8
22	20333	8
22	20334	9
22	20335	9
22	20336	9
22	20337	9
22	20338	9
22	20339	9
22	20340	9
22	20341	9
22	20342	9
22	20343	10
22	20344	10
22	20345	10
22	20346	10
22	20347	10
22	20348	10
22	20349	10
22	20350	10
22	20351	10
22	20352	10
22	20353	10
22	20354	10
22	20355	10
22	20356	9
22	20357	9
22	20358	10
22	20359	11
22	20360	11
22	20361	11
22	20362	11
22	20363	11
22	20364	11
22	20365	11
22	20366	12
22	20367	13
22	20368	14
22	20369	14
22	20370	14
22	20371	15
22	20372	15
22	20373	15
22	20374	15
22	20375	15
22	20376	14
22	20377	14
22	20378	14
22	20379	13
22	20380	13
22	20381	13
22	20382	14
22	20383	13
22	20384	13
22	20385	14
22	20386	14
22	20387	14
22	20388	13
22	20389	13
22	20390	13
22	20391	13
22	20392	12
22	20393	13
22	20394	13
22	20395	13
22	20396	13
22	20397	13
22	20398	12
22	20399	12
22	20400	12
22	20401	11
22	20402	11
22	20403	11
22	20404	11
22	20405	11
22	20406	12
22	20407	12
22	20408	11
22	20409	10
22	20410	10
22	20411	9
22	20412	9
22	20413	9
22	20414	9
22	20415	10
22	20416	11
22	20417	10
22	20418	10
22	20419	10
22	20420	10
22	20421	10
22	20422	10
22	20423	8
22	20424	8
22	20425	7
22	20426	7
22	20427	7
22	20428	7
22	20429	7
22	20430	7
22	20431	7
22	20432	7
22	20433	7
22	20434	6
22	20435	6
22	20436	6
22	20437	6
22	20438	7
22	20439	7
22	20440	6
22	20441	6
22	20442	5
22	20443	4
22	20444	4
22	20445	4
22	20446	4
22	20447	4
22	20448	4
22	20449	4
22	20450	5
22	20451	5
22	20452	5
22	20453	5
22	20454	5
22	20455	5
22	20456	4
22	20457	4
22	20458	4
22	20459	4
22	20460	4
22	20461	5
22	20462	5
22	20463	5
22	20464	5
22	20465	7
22	20466	7
22	20467	7
22	20468	7
22	20469	7
22	20470	7
22	20471	6
22	20472	6
22	20473	6
22	20474	6
22	20475	7
22	20476	7
22	20477	7
22	20478	8
22	20479	8
22	20480	8
22	20481	8
22	20482	8
22	20483	8
22	20484	8
22	20485	9
22	20486	9
22	20487	9
22	20488	9
22	20489	9
22	20490	9
22	20491	10
22	20492	10
22	20493	11
22	20494	10
22	20495	10
22	20496	11
22	20497	11
22	20498	11
22	20499	12
22	20500	12
22	20501	12
22	20502	12
22	20503	11
22	20504	10
22	20505	10
22	20506	9
22	20507	9
22	20508	10
22	20509	10
22	20510	10
22	20511	10
22	20512	10
22	20513	11
22	20514	10
22	20515	10
22	20516	9
22	20517	10
22	20518	9
22	20519	12
22	20520	13
22	20521	14
22	20522	15
22	20523	15
22	20524	15
22	20525	15
22	20526	15
22	20527	16
22	20528	16
22	20529	16
22	20530	16
22	20531	16
22	20532	16
22	20533	15
22	20534	15
22	20535	15
22	20536	14
22	20537	14
22	20538	15
22	20539	15
22	20540	16
22	20541	15
22	20542	15
22	20543	15
22	20544	15
22	20545	14
22	20546	14
22	20547	14
22	20548	15
22	20549	15
22	20550	15
22	20551	15
22	20552	15
22	20553	14
22	20554	14
22	20555	13
22	20556	13
22	20557	11
22	20558	11
22	20559	12
22	20560	13
22	20561	13
22	20562	12
22	20563	12
22	20564	12
22	20565	12
22	20566	12
22	20567	12
22	20568	11
22	20569	10
22	20570	10
22	20571	10
22	20572	11
22	20573	11
22	20574	11
22	20575	10
22	20576	10
22	20577	10
22	20578	10
22	20579	9
22	20580	10
22	20581	10
22	20582	11
22	20583	11
22	20584	10
22	20585	10
22	20586	10
22	20587	10
22	20588	10
22	20589	11
22	20590	11
22	20591	10
22	20592	11
22	20593	11
22	20594	11
22	20595	11
22	20596	11
22	20597	12
22	20598	11
22	20599	11
22	20600	11
22	20601	12
22	20602	11
22	20603	10
22	20604	10
22	20605	10
22	20606	10
22	20607	9
22	20608	9
22	20609	9
22	20610	9
22	20611	9
22	20612	8
22	20613	8
22	20614	8
22	20615	8
22	20616	8
22	20617	9
22	20618	9
22	20619	9
22	20620	9
22	20621	8
22	20622	8
22	20623	9
22	20624	9
22	20625	9
22	20626	9
22	20627	10
22	20628	9
22	20629	9
22	20630	9
22	20631	9
22	20632	9
22	20633	10
22	20634	10
22	20635	10
22	20636	9
22	20637	9
22	20638	10
22	20639	10
22	20640	10
22	20641	10
22	20642	11
22	20643	11
22	20644	11
22	20645	11
22	20646	11
22	20647	11
22	20648	11
22	20649	11
22	20650	11
22	20651	11
22	20652	11
22	20653	11
22	20654	11
22	20655	11
22	20656	11
22	20657	11
22	20658	11
22	20659	11
22	20660	10
22	20661	9
22	20662	8
22	20663	7
22	20664	7
22	20665	7
22	20666	7
22	20667	7
22	20668	6
22	20669	6
22	20670	6
22	20671	6
22	20672	6
22	20673	6
22	20674	6
22	20675	6
22	20676	6
22	20677	6
22	20678	6
22	20679	5
22	20680	5
22	20681	5
22	20682	4
22	20683	3
22	20684	2
22	20685	2
22	20686	2
22	20687	2
22	20688	2
22	20689	1
22	20697	1
22	20698	1
22	20699	2
22	20700	2
22	20701	2
22	20702	3
22	20703	4
22	20704	4
22	20705	4
22	20706	4
22	20707	4
22	20708	4
22	20709	4
22	20710	4
22	20711	4
22	20712	4
22	20713	4
22	20714	4
22	20715	4
22	20716	4
22	20717	4
22	20718	4
22	20719	4
22	20720	4
22	20721	4
22	20722	3
22	20723	3
22	20724	5
22	20725	5
22	20726	5
22	20727	5
22	20728	7
22	20729	6
22	20730	6
22	20731	6
22	20732	6
22	20733	6
22	20734	6
22	20735	7
22	20736	8
22	20737	8
22	20738	9
22	20739	9
22	20740	9
22	20741	9
22	20742	9
22	20743	9
22	20744	9
22	20745	9
22	20746	9
22	20747	9
22	20748	9
22	20749	9
22	20750	9
22	20751	9
22	20752	10
22	20753	10
22	20754	9
22	20755	10
22	20756	9
22	20757	9
22	20758	9
22	20759	9
22	20760	9
22	20761	9
22	20762	8
22	20763	8
22	20764	9
22	20765	8
22	20766	8
22	20767	8
22	20768	8
22	20769	7
22	20770	7
22	20771	7
22	20772	6
22	20773	6
22	20774	6
22	20775	6
22	20776	6
22	20777	6
22	20778	6
22	20779	6
22	20780	7
22	20781	6
22	20782	5
22	20783	5
22	20784	5
22	20785	5
22	20786	4
22	20787	4
22	20788	4
22	20789	4
22	20790	4
22	20791	3
22	20792	2
22	20793	2
22	20794	2
22	20795	2
22	20796	2
22	20797	3
22	20798	3
22	20799	3
22	20800	4
22	20801	4
22	20802	6
22	20803	6
22	20804	6
22	20805	6
22	20806	6
22	20807	6
22	20808	6
22	20809	6
22	20810	5
22	20811	5
22	20812	5
22	20813	4
22	20814	4
22	20815	4
22	20816	5
22	20817	5
22	20818	5
22	20819	5
22	20820	5
22	20821	5
22	20822	5
22	20823	5
22	20824	6
22	20825	6
22	20826	5
22	20827	5
22	20828	5
22	20829	6
22	20830	6
22	20831	6
22	20832	6
22	20833	7
22	20834	7
22	20835	8
22	20836	8
22	20837	8
22	20838	7
22	20839	7
22	20840	6
22	20841	7
22	20842	7
22	20843	7
22	20844	7
22	20845	7
22	20846	8
22	20847	9
22	20848	9
22	20849	10
22	20850	11
22	20851	11
22	20852	11
22	20853	11
22	20854	11
22	20855	11
22	20856	11
22	20857	11
22	20858	10
22	20859	10
22	20860	11
22	20861	10
22	20862	10
22	20863	10
22	20864	10
22	20865	10
22	20866	11
22	20867	10
22	20868	12
22	20869	11
22	20870	11
22	20871	11
22	20872	11
22	20873	11
22	20874	11
22	20875	11
22	20876	11
22	20877	11
22	20878	12
22	20879	11
22	20880	10
22	20881	10
22	20882	10
22	20883	11
22	20884	10
22	20885	8
22	20886	8
22	20887	9
22	20888	8
22	20889	8
22	20890	8
22	20891	8
22	20892	8
22	20893	7
22	20894	7
22	20895	6
22	20896	6
22	20897	6
22	20898	6
22	20899	7
22	20900	7
22	20901	8
22	20902	8
22	20903	9
22	20904	9
22	20905	9
22	20906	9
22	20907	9
22	20908	9
22	20909	10
22	20910	9
22	20911	9
22	20912	9
22	20913	9
22	20914	10
22	20915	9
22	20916	9
22	20917	8
22	20918	8
22	20919	8
22	20920	7
22	20921	7
22	20922	7
22	20923	7
22	20924	8
22	20925	8
22	20926	8
22	20927	10
22	20928	10
22	20929	9
22	20930	9
22	20931	9
22	20932	9
22	20933	9
22	20934	8
22	20935	9
22	20936	9
22	20937	8
22	20938	9
22	20939	10
22	20940	10
22	20941	11
22	20942	11
22	20943	11
22	20944	10
22	20945	9
22	20946	9
22	20947	9
22	20948	9
22	20949	9
22	20950	9
22	20951	9
22	20952	10
22	20953	10
22	20954	10
22	20955	11
22	20956	11
22	20957	11
22	20958	11
22	20959	11
22	20960	11
22	20961	10
22	20962	9
22	20963	8
22	20964	8
22	20965	7
22	20966	8
22	20967	8
22	20968	9
22	20969	9
22	20970	8
22	20971	9
22	20972	11
22	20973	11
22	20974	11
22	20975	12
22	20976	12
22	20977	11
22	20978	11
22	20979	10
22	20980	9
22	20981	9
22	20982	10
22	20983	9
22	20984	8
22	20985	8
22	20986	9
22	20987	9
22	20988	9
22	20989	9
22	20990	9
22	20991	9
22	20992	9
22	20993	9
22	20994	10
22	20995	11
22	20996	11
22	20997	11
22	20998	12
22	20999	11
22	21000	11
22	21001	11
22	21002	11
22	21003	11
22	21004	10
22	21005	10
22	21006	10
22	21007	11
22	21008	12
22	21009	12
22	21010	12
22	21011	13
22	21012	12
22	21013	13
22	21014	13
22	21015	13
22	21016	13
22	21017	12
22	21018	12
22	21019	12
22	21020	12
22	21021	11
22	21022	10
22	21023	10
22	21024	11
22	21025	11
22	21026	11
22	21027	13
22	21028	13
22	21029	13
22	21030	13
22	21031	13
22	21032	13
22	21033	13
22	21034	13
22	21035	13
22	21036	12
22	21037	12
22	21038	12
22	21039	12
22	21040	12
22	21041	12
22	21042	12
22	21043	12
22	21044	12
22	21045	12
22	21046	11
22	21047	10
22	21048	9
22	21049	9
22	21050	10
22	21051	9
22	21052	8
22	21053	8
22	21054	9
22	21055	9
22	21056	9
22	21057	9
22	21058	10
22	21059	9
22	21060	9
22	21061	9
22	21062	9
22	21063	9
22	21064	9
22	21065	10
22	21066	10
22	21067	10
22	21068	10
22	21069	10
22	21070	9
22	21071	9
22	21072	9
22	21073	11
22	21074	11
22	21075	10
22	21076	9
22	21077	9
22	21078	9
22	21079	9
22	21080	9
22	21081	9
22	21082	9
22	21083	9
22	21084	9
22	21085	9
22	21086	9
22	21087	9
22	21088	9
22	21089	9
22	21090	10
22	21091	10
22	21092	11
22	21093	10
22	21094	11
22	21095	11
22	21096	12
22	21097	12
22	21098	12
22	21099	11
22	21100	10
22	21101	10
22	21102	9
22	21103	9
22	21104	9
22	21105	10
22	21106	10
22	21107	11
22	21108	11
22	21109	13
22	21110	13
22	21111	12
22	21112	13
22	21113	13
22	21114	13
22	21115	12
22	21116	11
22	21117	11
22	21118	11
22	21119	11
22	21120	12
22	21121	14
22	21122	14
22	21123	15
22	21124	16
22	21125	16
22	21126	16
22	21127	17
22	21128	15
22	21129	14
22	21130	13
22	21131	13
22	21132	13
22	21133	13
22	21134	13
22	21135	13
22	21136	13
22	21137	14
22	21138	13
22	21139	14
22	21140	14
22	21141	14
22	21142	14
22	21143	14
22	21144	14
22	21145	14
22	21146	15
22	21147	14
22	21148	13
22	21149	12
22	21150	12
22	21151	12
22	21152	12
22	21153	12
22	21154	12
22	21155	12
22	21156	12
22	21157	13
22	21158	12
22	21159	12
22	21160	11
22	21161	10
22	21162	10
22	21163	10
22	21164	11
22	21165	10
22	21166	10
22	21167	10
22	21168	9
22	21169	9
22	21170	9
22	21171	10
22	21172	10
22	21173	10
22	21174	11
22	21175	10
22	21176	8
22	21177	8
22	21178	8
22	21179	8
22	21180	8
22	21181	8
22	21182	7
22	21183	7
22	21184	7
22	21185	7
22	21186	7
22	21187	7
22	21188	8
22	21189	8
22	21190	8
22	21191	8
22	21192	8
22	21193	8
22	21194	8
22	21195	8
22	21196	8
22	21197	8
22	21198	8
22	21199	8
22	21200	7
22	21201	6
22	21202	6
22	21203	6
22	21204	6
22	21205	6
22	21206	5
22	21207	5
22	21208	5
22	21209	5
22	21210	6
22	21211	8
22	21212	8
22	21213	8
22	21214	8
22	21215	8
22	21216	8
22	21217	8
22	21218	8
22	21219	8
22	21220	8
22	21221	7
22	21222	6
22	21223	6
22	21224	5
22	21225	5
22	21226	5
22	21227	5
22	21228	5
22	21229	5
22	21230	4
22	21231	4
22	21232	4
22	21233	5
22	21234	5
22	21235	5
22	21236	5
22	21237	5
22	21238	5
22	21239	6
22	21240	7
22	21241	7
22	21242	7
22	21243	7
22	21244	7
22	21245	7
22	21246	7
22	21247	7
22	21248	7
22	21249	7
22	21250	7
22	21251	7
22	21252	7
22	21253	7
22	21254	7
22	21255	6
22	21256	6
22	21257	6
22	21258	6
22	21259	6
22	21260	6
22	21261	7
22	21262	7
22	21263	7
22	21264	7
22	21265	7
22	21266	8
22	21267	9
22	21268	9
22	21269	9
22	21270	10
22	21271	8
22	21272	8
22	21273	9
22	21274	9
22	21275	8
22	21276	7
22	21277	7
22	21278	8
22	21279	8
22	21280	9
22	21281	9
22	21282	9
22	21283	9
22	21284	9
22	21285	9
22	21286	10
22	21287	10
22	21288	10
22	21289	11
22	21290	11
22	21291	11
22	21292	11
22	21293	11
22	21294	11
22	21295	11
22	21296	11
22	21297	11
22	21298	11
22	21299	10
22	21300	10
22	21301	10
22	21302	10
22	21303	10
22	21304	10
22	21305	10
22	21306	10
22	21307	10
22	21308	11
22	21309	10
22	21310	10
22	21311	9
22	21312	9
22	21313	9
22	21314	8
22	21315	7
22	21316	7
22	21317	7
22	21318	7
22	21319	7
22	21320	8
22	21321	9
22	21322	8
22	21323	10
22	21324	10
22	21325	10
22	21326	10
22	21327	11
22	21328	11
22	21329	11
22	21330	12
22	21331	12
22	21332	12
22	21333	12
22	21334	12
22	21335	12
22	21336	11
22	21337	10
22	21338	10
22	21339	10
22	21340	10
22	21341	10
22	21342	10
22	21343	11
22	21344	10
22	21345	10
22	21346	10
22	21347	10
22	21348	10
22	21349	10
22	21350	11
22	21351	11
22	21352	11
22	21353	11
22	21354	11
22	21355	11
22	21356	12
22	21357	13
22	21358	13
22	21359	14
22	21360	15
22	21361	14
22	21362	14
22	21363	13
22	21364	12
22	21365	11
22	21366	12
22	21367	12
22	21368	13
22	21369	13
22	21370	12
22	21371	11
22	21372	11
22	21373	11
22	21374	11
22	21375	11
22	21376	12
22	21377	12
22	21378	12
22	21379	12
22	21380	12
22	21381	12
22	21382	12
22	21383	12
22	21384	12
22	21385	12
22	21386	12
22	21387	12
22	21388	11
22	21389	11
22	21390	12
22	21391	12
22	21392	13
22	21393	13
22	21394	12
22	21395	13
22	21396	14
22	21397	14
22	21398	16
22	21399	15
22	21400	15
22	21401	15
22	21402	15
22	21403	16
22	21404	18
22	21405	18
22	21406	17
22	21407	14
22	21408	14
22	21409	14
22	21410	14
22	21411	14
22	21412	16
22	21413	16
22	21414	15
22	21415	15
22	21416	15
22	21417	15
22	21418	13
22	21419	13
22	21420	13
22	21421	13
22	21422	12
22	21423	11
22	21424	10
22	21425	10
22	21426	9
22	21427	9
22	21428	9
22	21429	9
22	21430	9
22	21431	8
22	21432	10
22	21433	10
22	21434	10
22	21435	10
22	21436	10
22	21437	10
22	21438	10
22	21439	11
22	21440	11
22	21441	11
22	21442	11
22	21443	10
22	21444	10
22	21445	11
22	21446	10
22	21447	10
22	21448	10
22	21449	10
22	21450	10
22	21451	10
22	21452	11
22	21453	11
22	21454	12
22	21455	11
22	21456	12
22	21457	13
22	21458	15
22	21459	15
22	21460	15
22	21461	15
22	21462	15
22	21463	16
22	21464	15
22	21465	15
22	21466	16
22	21467	16
22	21468	16
22	21469	16
22	21470	15
22	21471	16
22	21472	16
22	21473	16
22	21474	16
22	21475	16
22	21476	16
22	21477	16
22	21478	17
22	21479	17
22	21480	16
22	21481	16
22	21482	15
22	21483	15
22	21484	15
22	21485	15
22	21486	15
22	21487	15
22	21488	14
22	21489	13
22	21490	13
22	21491	12
22	21492	12
22	21493	13
22	21494	13
22	21495	13
22	21496	13
22	21497	13
22	21498	13
22	21499	13
22	21500	13
22	21501	13
22	21502	13
22	21503	13
22	21504	13
22	21505	13
22	21506	13
22	21507	12
22	21508	14
22	21509	15
22	21510	14
22	21511	14
22	21512	13
22	21513	13
22	21514	13
22	21515	13
22	21516	12
22	21517	13
22	21518	13
22	21519	13
22	21520	11
22	21521	11
22	21522	12
22	21523	12
22	21524	12
22	21525	12
22	21526	12
22	21527	11
22	21528	10
22	21529	11
22	21530	11
22	21531	10
22	21532	10
22	21533	10
22	21534	10
22	21535	11
22	21536	11
22	21537	11
22	21538	11
22	21539	10
22	21540	10
22	21541	10
22	21542	9
22	21543	9
22	21544	9
22	21545	9
22	21546	11
22	21547	11
22	21548	12
22	21549	12
22	21550	13
22	21551	13
22	21552	12
22	21553	13
22	21554	13
22	21555	13
22	21556	13
22	21557	13
22	21558	13
22	21559	12
22	21560	12
22	21561	11
22	21562	10
22	21563	11
22	21564	11
22	21565	11
22	21566	11
22	21567	11
22	21568	11
22	21569	12
22	21570	13
22	21571	13
22	21572	14
22	21573	14
22	21574	15
22	21575	14
22	21576	12
22	21577	12
22	21578	12
22	21579	11
22	21580	11
22	21581	10
22	21582	11
22	21583	11
22	21584	11
22	21585	11
22	21586	11
22	21587	11
22	21588	11
22	21589	11
22	21590	11
22	21591	11
22	21592	10
22	21593	11
22	21594	13
22	21595	13
22	21596	13
22	21597	13
22	21598	13
22	21599	13
22	21600	12
22	21601	12
22	21602	12
22	21603	12
22	21604	13
22	21605	13
22	21606	13
22	21607	13
22	21608	13
22	21609	13
22	21610	13
22	21611	12
22	21612	12
22	21613	11
22	21614	11
22	21615	11
22	21616	11
22	21617	11
22	21618	12
22	21619	12
22	21620	12
22	21621	12
22	21622	11
22	21623	11
22	21624	12
22	21625	12
22	21626	12
22	21627	13
22	21628	13
22	21629	14
22	21630	14
22	21631	13
22	21632	12
22	21633	11
22	21634	10
22	21635	10
22	21636	10
22	21637	8
22	21638	8
22	21639	9
22	21640	9
22	21641	9
22	21642	10
22	21643	10
22	21644	10
22	21645	10
22	21646	11
22	21647	11
22	21648	11
22	21649	11
22	21650	12
22	21651	12
22	21652	11
22	21653	11
22	21654	11
22	21655	10
22	21656	10
22	21657	11
22	21658	11
22	21659	11
22	21660	11
22	21661	11
22	21662	8
22	21663	8
22	21664	8
22	21665	9
22	21666	9
22	21667	10
22	21668	10
22	21669	9
22	21670	9
22	21671	9
22	21672	8
22	21673	8
22	21674	9
22	21675	9
22	21676	9
22	21677	9
22	21678	10
22	21679	11
22	21680	12
22	21681	11
22	21682	12
22	21683	12
22	21684	12
22	21685	12
22	21686	11
22	21687	13
22	21688	13
22	21689	13
22	21690	14
22	21691	15
22	21692	15
22	21693	14
22	21694	14
22	21695	14
22	21696	15
22	21697	14
22	21698	14
22	21699	13
22	21700	14
22	21701	14
22	21702	14
22	21703	15
22	21704	14
22	21705	14
22	21706	15
22	21707	16
22	21708	15
22	21709	15
22	21710	15
22	21711	15
22	21712	14
22	21713	13
22	21714	13
22	21715	13
22	21716	13
22	21717	13
22	21718	14
22	21719	14
22	21720	14
22	21721	14
22	21722	13
22	21723	13
22	21724	15
22	21725	15
22	21726	14
22	21727	14
22	21728	14
22	21729	15
22	21730	14
22	21731	15
22	21732	13
22	21733	13
22	21734	14
22	21735	15
22	21736	16
22	21737	15
22	21738	15
22	21739	15
22	21740	14
22	21741	15
22	21742	14
22	21743	14
22	21744	14
22	21745	13
22	21746	13
22	21747	14
22	21748	14
22	21749	14
22	21750	14
22	21751	13
22	21752	13
22	21753	13
22	21754	13
22	21755	13
22	21756	13
22	21757	12
22	21758	13
22	21759	13
22	21760	13
22	21761	13
22	21762	13
22	21763	13
22	21764	13
22	21765	13
22	21766	13
22	21767	16
22	21768	16
22	21769	17
22	21770	16
22	21771	15
22	21772	14
22	21773	14
22	21774	14
22	21775	14
22	21776	14
22	21777	14
22	21778	13
22	21779	15
22	21780	15
22	21781	15
22	21782	15
22	21783	16
22	21784	16
22	21785	15
22	21786	15
22	21787	15
22	21788	15
22	21789	15
22	21790	15
22	21791	15
22	21792	14
22	21793	15
22	21794	16
22	21795	15
22	21796	14
22	21797	15
22	21798	15
22	21799	15
22	21800	15
22	21801	13
22	21802	13
22	21803	14
22	21804	15
22	21805	14
22	21806	14
22	21807	13
22	21808	13
22	21809	13
22	21810	14
22	21811	13
22	21812	12
22	21813	13
22	21814	13
22	21815	14
22	21816	14
22	21817	14
22	21818	15
22	21819	15
22	21820	15
22	21821	15
22	21822	15
22	21823	15
22	21824	15
22	21825	15
22	21826	15
22	21827	15
22	21828	15
22	21829	15
22	21830	15
22	21831	16
22	21832	16
22	21833	16
22	21834	16
22	21835	16
22	21836	16
22	21837	16
22	21838	16
22	21839	16
22	21840	15
22	21841	14
22	21842	14
22	21843	14
22	21844	13
22	21845	11
22	21846	11
22	21847	11
22	21848	11
22	21849	12
22	21850	13
22	21851	13
22	21852	13
22	21853	14
22	21854	14
22	21855	13
22	21856	14
22	21857	14
22	21858	13
22	21859	13
22	21860	13
22	21861	12
22	21862	10
22	21863	11
22	21864	11
22	21865	10
22	21866	11
22	21867	11
22	21868	10
22	21869	10
22	21870	10
22	21871	10
22	21872	10
22	21873	10
22	21874	10
22	21875	10
22	21876	11
22	21877	11
22	21878	11
22	21879	11
22	21880	11
22	21881	11
22	21882	11
22	21883	11
22	21884	11
22	21885	11
22	21886	10
22	21887	10
22	21888	11
22	21889	12
22	21890	14
22	21891	14
22	21892	13
22	21893	13
22	21894	13
22	21895	13
22	21896	14
22	21897	13
22	21898	13
22	21899	13
22	21900	14
22	21901	14
22	21902	14
22	21903	14
22	21904	14
22	21905	13
22	21906	12
22	21907	13
22	21908	12
22	21909	12
22	21910	12
22	21911	12
22	21912	12
22	21913	11
22	21914	11
22	21915	10
22	21916	10
22	21917	10
22	21918	10
22	21919	10
22	21920	11
22	21921	12
22	21922	12
22	21923	13
22	21924	13
22	21925	12
22	21926	12
22	21927	11
22	21928	11
22	21929	11
22	21930	11
22	21931	10
22	21932	10
22	21933	10
22	21934	9
22	21935	9
22	21936	9
22	21937	9
22	21938	8
22	21939	8
22	21940	8
22	21941	8
22	21942	8
22	21943	8
22	21944	8
22	21945	8
22	21946	8
22	21947	10
22	21948	9
22	21949	10
22	21950	11
22	21951	11
22	21952	9
22	21953	9
22	21954	9
22	21955	9
22	21956	9
22	21957	9
22	21958	9
22	21959	9
22	21960	8
22	21961	8
22	21962	9
22	21963	9
22	21964	9
22	21965	9
22	21966	7
22	21967	8
22	21968	8
22	21969	9
22	21970	9
22	21971	9
22	21972	9
22	21973	8
22	21974	8
22	21975	7
22	21976	7
22	21977	9
22	21978	9
22	21979	9
22	21980	9
22	21981	9
22	21982	9
22	21983	9
22	21984	9
22	21985	9
22	21986	11
22	21987	12
22	21988	12
22	21989	12
22	21990	12
22	21991	12
22	21992	12
22	21993	12
22	21994	11
22	21995	9
22	21996	10
22	21997	8
22	21998	9
22	21999	10
22	22000	10
22	22001	10
22	22002	9
22	22003	9
22	22004	10
22	22005	9
22	22006	9
22	22007	9
22	22008	8
22	22009	9
22	22010	8
22	22011	8
22	22012	8
22	22013	8
22	22014	8
22	22015	8
22	22016	8
22	22017	10
22	22018	11
22	22019	12
22	22020	12
22	22021	12
22	22022	12
22	22023	12
22	22024	12
22	22025	12
22	22026	12
22	22027	11
22	22028	13
22	22029	14
22	22030	13
22	22031	12
22	22032	12
22	22033	12
22	22034	12
22	22035	12
22	22036	11
22	22037	11
22	22038	11
22	22039	12
22	22040	11
22	22041	11
22	22042	11
22	22043	11
22	22044	12
22	22045	12
22	22046	12
22	22047	12
22	22048	12
22	22049	11
22	22050	11
22	22051	10
22	22052	11
22	22053	11
22	22054	11
22	22055	11
22	22056	11
22	22057	11
22	22058	10
22	22059	10
22	22060	10
22	22061	10
22	22062	10
22	22063	10
22	22064	9
22	22065	9
22	22066	9
22	22067	9
22	22068	9
22	22069	9
22	22070	8
22	22071	8
22	22072	9
22	22073	8
22	22074	9
22	22075	8
22	22076	8
22	22077	8
22	22078	7
22	22079	7
22	22080	7
22	22081	7
22	22082	7
22	22083	7
22	22084	6
22	22085	6
22	22086	5
22	22087	4
22	22088	4
22	22089	3
22	22090	3
22	22091	4
22	22092	5
22	22093	5
22	22094	5
22	22095	5
22	22096	5
22	22097	4
22	22098	4
22	22099	5
22	22100	5
22	22101	5
22	22102	7
22	22103	7
22	22104	7
22	22105	8
22	22106	9
22	22107	9
22	22108	10
22	22109	11
22	22110	12
22	22111	12
22	22112	11
22	22113	11
22	22114	11
22	22115	12
22	22116	12
22	22117	13
22	22118	14
22	22119	14
22	22120	14
22	22121	14
22	22122	14
22	22123	14
22	22124	15
22	22125	15
22	22126	14
22	22127	14
22	22128	15
22	22129	15
22	22130	15
22	22131	17
22	22132	17
22	22133	17
22	22134	16
22	22135	16
22	22136	16
22	22137	16
22	22138	16
22	22139	15
22	22140	16
22	22141	15
22	22142	16
22	22143	17
22	22144	16
22	22145	15
22	22146	15
22	22147	15
22	22148	15
22	22149	15
22	22150	14
22	22151	14
22	22152	13
22	22153	12
22	22154	13
22	22155	12
22	22156	12
22	22157	12
22	22158	11
22	22159	11
22	22160	11
22	22161	11
22	22162	12
22	22163	10
22	22164	10
22	22165	10
22	22166	10
22	22167	11
22	22168	11
22	22169	11
22	22170	12
22	22171	12
22	22172	12
22	22173	11
22	22174	11
22	22175	11
22	22176	11
22	22177	11
22	22178	11
22	22179	11
22	22180	11
22	22181	11
22	22182	11
22	22183	11
22	22184	11
22	22185	11
22	22186	11
22	22187	11
22	22188	10
22	22189	10
22	22190	10
22	22191	12
22	22192	12
22	22193	12
22	22194	12
22	22195	13
22	22196	13
22	22197	12
22	22198	12
22	22199	11
22	22200	11
22	22201	11
22	22202	10
22	22203	10
22	22204	10
22	22205	10
22	22206	10
22	22207	10
22	22208	10
22	22209	10
22	22210	10
22	22211	10
22	22212	11
22	22213	12
22	22214	12
22	22215	11
22	22216	12
22	22217	12
22	22218	12
22	22219	13
22	22220	11
22	22221	11
22	22222	11
22	22223	11
22	22224	11
22	22225	11
22	22226	11
22	22227	11
22	22228	11
22	22229	11
22	22230	10
22	22231	10
22	22232	10
22	22233	10
22	22234	10
22	22235	10
22	22236	10
22	22237	10
22	22238	10
22	22239	10
22	22240	10
22	22241	10
22	22242	10
22	22243	11
22	22244	9
22	22245	9
22	22246	9
22	22247	10
22	22248	10
22	22249	9
22	22250	9
22	22251	9
22	22252	10
22	22253	10
22	22254	10
22	22255	9
22	22256	9
22	22257	9
22	22258	9
22	22259	9
22	22260	9
22	22261	8
22	22262	8
22	22263	8
22	22264	8
22	22265	7
22	22266	8
22	22267	8
22	22268	9
22	22269	10
22	22270	10
22	22271	10
22	22272	10
22	22273	10
22	22274	9
22	22275	8
22	22276	8
22	22277	8
22	22278	8
22	22279	8
22	22280	8
22	22281	9
22	22282	10
22	22283	10
22	22284	13
22	22285	12
22	22286	13
22	22287	14
22	22288	14
22	22289	12
22	22290	11
22	22291	12
22	22292	13
22	22293	13
22	22294	13
22	22295	13
22	22296	13
22	22297	13
22	22298	14
22	22299	14
22	22300	14
22	22301	15
22	22302	15
22	22303	14
22	22304	14
22	22305	14
22	22306	14
22	22307	15
22	22308	15
22	22309	15
22	22310	15
22	22311	14
22	22312	16
22	22313	16
22	22314	17
22	22315	17
22	22316	16
22	22317	15
22	22318	15
22	22319	15
22	22320	15
22	22321	15
22	22322	14
22	22323	13
22	22324	13
22	22325	14
22	22326	12
22	22327	12
22	22328	11
22	22329	12
22	22330	11
22	22331	11
22	22332	11
22	22333	12
22	22334	12
22	22335	12
22	22336	12
22	22337	14
22	22338	13
22	22339	13
22	22340	13
22	22341	13
22	22342	14
22	22343	14
22	22344	13
22	22345	13
22	22346	13
22	22347	13
22	22348	14
22	22349	14
22	22350	14
22	22351	14
22	22352	15
22	22353	14
22	22354	14
22	22355	14
22	22356	14
22	22357	13
22	22358	13
22	22359	13
22	22360	12
22	22361	12
22	22362	12
22	22363	13
22	22364	14
22	22365	13
22	22366	13
22	22367	13
22	22368	13
22	22369	12
22	22370	12
22	22371	11
22	22372	11
22	22373	11
22	22374	10
22	22375	9
22	22376	8
22	22377	8
22	22378	8
22	22379	8
22	22380	8
22	22381	9
22	22382	9
22	22383	9
22	22384	9
22	22385	9
22	22386	9
22	22387	9
22	22388	9
22	22389	8
22	22390	8
22	22391	8
22	22392	8
22	22393	8
22	22394	8
22	22395	7
22	22396	7
22	22397	6
22	22398	6
22	22399	6
22	22400	6
22	22401	7
22	22402	8
22	22403	9
22	22404	9
22	22405	8
22	22406	9
22	22407	9
22	22408	9
22	22409	9
22	22410	9
22	22411	9
22	22412	8
22	22413	10
22	22414	10
22	22415	10
22	22416	11
22	22417	12
22	22418	12
22	22419	12
22	22420	12
22	22421	12
22	22422	11
22	22423	11
22	22424	10
22	22425	10
22	22426	10
22	22427	9
22	22428	9
22	22429	9
22	22430	9
22	22431	8
22	22432	7
22	22433	8
22	22434	7
22	22435	7
22	22436	7
22	22437	7
22	22438	8
22	22439	7
22	22440	8
22	22441	8
22	22442	8
22	22443	8
22	22444	8
22	22445	8
22	22446	9
22	22447	9
22	22448	10
22	22449	10
22	22450	10
22	22451	10
22	22452	10
22	22453	11
22	22454	11
22	22455	10
22	22456	10
22	22457	9
22	22458	9
22	22459	9
22	22460	9
22	22461	9
22	22462	9
22	22463	8
22	22464	7
22	22465	5
22	22466	5
22	22467	4
22	22468	4
22	22469	4
22	22470	5
22	22471	5
22	22472	6
22	22473	7
22	22474	7
22	22475	7
22	22476	7
22	22477	7
22	22478	7
22	22479	8
22	22480	8
22	22481	8
22	22482	8
22	22483	9
22	22484	9
22	22485	9
22	22486	9
22	22487	9
22	22488	10
22	22489	10
22	22490	10
22	22491	10
22	22492	10
22	22493	10
22	22494	10
22	22495	9
22	22496	10
22	22497	10
22	22498	10
22	22499	10
22	22500	10
22	22501	11
22	22502	11
22	22503	11
22	22504	12
22	22505	12
22	22506	12
22	22507	12
22	22508	12
22	22509	10
22	22510	10
22	22511	10
22	22512	11
22	22513	11
22	22514	11
22	22515	12
22	22516	12
22	22517	11
22	22518	12
22	22519	12
22	22520	12
22	22521	11
22	22522	11
22	22523	10
22	22524	10
22	22525	10
22	22526	11
22	22527	11
22	22528	11
22	22529	11
22	22530	11
22	22531	11
22	22532	11
22	22533	11
22	22534	11
22	22535	11
22	22536	11
22	22537	10
22	22538	11
22	22539	11
22	22540	10
22	22541	9
22	22542	9
22	22543	8
22	22544	8
22	22545	8
22	22546	9
22	22547	9
22	22548	10
22	22549	10
22	22550	8
22	22551	8
22	22552	8
22	22553	8
22	22554	7
22	22555	7
22	22556	6
22	22557	6
22	22558	7
22	22559	8
22	22560	8
22	22561	8
22	22562	8
22	22563	8
22	22564	7
22	22565	7
22	22566	7
22	22567	7
22	22568	7
22	22569	5
22	22570	5
22	22571	5
22	22572	5
22	22573	5
22	22574	5
22	22575	4
22	22576	4
22	22577	4
22	22578	5
22	22579	6
22	22580	6
22	22581	6
22	22582	5
22	22583	5
22	22584	5
22	22585	7
22	22586	7
22	22587	7
22	22588	7
22	22589	7
22	22590	7
22	22591	7
22	22592	8
22	22593	7
22	22594	7
22	22595	7
22	22596	8
22	22597	7
22	22598	7
22	22599	7
22	22600	7
22	22601	7
22	22602	8
22	22603	8
22	22604	8
22	22605	8
22	22606	8
22	22607	8
22	22608	8
22	22609	7
22	22610	6
22	22611	6
22	22612	5
22	22613	5
22	22614	6
22	22615	7
22	22616	7
22	22617	8
22	22618	8
22	22619	7
22	22620	7
22	22621	7
22	22622	7
22	22623	8
22	22624	8
22	22625	8
22	22626	8
22	22627	8
22	22628	8
22	22629	9
22	22630	10
22	22631	10
22	22632	10
22	22633	10
22	22634	10
22	22635	10
22	22636	10
22	22637	11
22	22638	10
22	22639	11
22	22640	11
22	22641	12
22	22642	12
22	22643	12
22	22644	12
22	22645	12
22	22646	12
22	22647	12
22	22648	12
22	22649	12
22	22650	13
22	22651	13
22	22652	14
22	22653	14
22	22654	14
22	22655	14
22	22656	14
22	22657	15
22	22658	15
22	22659	14
22	22660	14
22	22661	14
22	22662	13
22	22663	13
22	22664	11
22	22665	11
22	22666	11
22	22667	11
22	22668	11
22	22669	11
22	22670	10
22	22671	9
22	22672	10
22	22673	10
22	22674	9
22	22675	9
22	22676	8
22	22677	8
22	22678	7
22	22679	7
22	22680	7
22	22681	8
22	22682	8
22	22683	8
22	22684	7
22	22685	7
22	22686	7
22	22687	7
22	22688	7
22	22689	6
22	22690	4
22	22691	4
22	22692	4
22	22693	4
22	22694	4
22	22695	3
22	22696	3
22	22697	3
22	22698	4
22	22699	4
22	22700	4
22	22701	4
22	22702	3
22	22703	2
22	22704	3
22	22705	4
22	22706	4
22	22707	7
22	22708	7
22	22709	7
22	22710	9
22	22711	10
22	22712	10
22	22713	11
22	22714	11
22	22715	11
22	22716	12
22	22717	13
22	22718	12
22	22719	11
22	22720	12
22	22721	13
22	22722	13
22	22723	14
22	22724	14
22	22725	14
22	22726	15
22	22727	15
22	22728	15
22	22729	15
22	22730	15
22	22731	15
22	22732	14
22	22733	14
22	22734	14
22	22735	14
22	22736	13
22	22737	13
22	22738	14
22	22739	14
22	22740	14
22	22741	13
22	22742	13
22	22743	13
22	22744	13
22	22745	13
22	22746	13
22	22747	13
22	22748	14
22	22749	14
22	22750	13
22	22751	13
22	22752	13
22	22753	13
22	22754	13
22	22755	13
22	22756	13
22	22757	13
22	22758	12
22	22759	12
22	22760	11
22	22761	11
22	22762	11
22	22763	12
22	22764	11
22	22765	10
22	22766	11
22	22767	11
22	22768	11
22	22769	11
22	22770	11
22	22771	10
22	22772	10
22	22773	10
22	22774	11
22	22775	10
22	22776	10
22	22777	10
22	22778	9
22	22779	9
22	22780	9
22	22781	9
22	22782	9
22	22783	10
22	22784	9
22	22785	8
22	22786	8
22	22787	9
22	22788	9
22	22789	9
22	22790	9
22	22791	9
22	22792	9
22	22793	9
22	22794	9
22	22795	9
22	22796	10
22	22797	10
22	22798	9
22	22799	10
22	22800	10
22	22801	10
22	22802	10
22	22803	10
22	22804	10
22	22805	10
22	22806	10
22	22807	10
22	22808	10
22	22809	10
22	22810	10
22	22811	10
22	22812	10
22	22813	9
22	22814	9
22	22815	9
22	22816	8
22	22817	8
22	22818	8
22	22819	8
22	22820	8
22	22821	8
22	22822	8
22	22823	8
22	22824	8
22	22825	9
22	22826	8
22	22827	8
22	22828	8
22	22829	9
22	22830	9
22	22831	9
22	22832	9
22	22833	9
22	22834	9
22	22835	9
22	22836	9
22	22837	9
22	22838	9
22	22839	11
22	22840	11
22	22841	12
22	22842	13
22	22843	12
22	22844	13
22	22845	13
22	22846	13
22	22847	14
22	22848	14
22	22849	14
22	22850	14
22	22851	14
22	22852	14
22	22853	14
22	22854	14
22	22855	14
22	22856	14
22	22857	14
22	22858	14
22	22859	13
22	22860	14
22	22861	12
22	22862	12
22	22863	13
22	22864	12
22	22865	11
22	22866	11
22	22867	11
22	22868	11
22	22869	11
22	22870	11
22	22871	11
22	22872	11
22	22873	10
22	22874	9
22	22875	9
22	22876	9
22	22877	9
22	22878	9
22	22879	9
22	22880	9
22	22881	9
22	22882	9
22	22883	10
22	22884	9
22	22885	9
22	22886	11
22	22887	11
22	22888	11
22	22889	12
22	22890	11
22	22891	12
22	22892	12
22	22893	12
22	22894	12
22	22895	12
22	22896	12
22	22897	12
22	22898	12
22	22899	12
22	22900	12
22	22901	12
22	22902	11
22	22903	11
22	22904	12
22	22905	13
22	22906	14
22	22907	14
22	22908	14
22	22909	14
22	22910	14
22	22911	14
22	22912	15
22	22913	13
22	22914	13
22	22915	13
22	22916	14
22	22917	14
22	22918	14
22	22919	14
22	22920	14
22	22921	14
22	22922	15
22	22923	15
22	22924	15
22	22925	16
22	22926	17
22	22927	17
22	22928	17
22	22929	16
22	22930	16
22	22931	16
22	22932	16
22	22933	15
22	22934	14
22	22935	13
22	22936	13
22	22937	13
22	22938	11
22	22939	11
22	22940	12
22	22941	12
22	22942	11
22	22943	10
22	22944	10
22	22945	10
22	22946	10
22	22947	10
22	22948	11
22	22949	11
22	22950	11
22	22951	12
22	22952	12
22	22953	12
22	22954	12
22	22955	12
22	22956	11
22	22957	11
22	22958	10
22	22959	9
22	22960	8
22	22961	8
22	22962	8
22	22963	8
22	22964	8
22	22965	9
22	22966	8
22	22967	8
22	22968	8
22	22969	8
22	22970	9
22	22971	9
22	22972	10
22	22973	10
22	22974	10
22	22975	10
22	22976	10
22	22977	10
22	22978	10
22	22979	10
22	22980	10
22	22981	9
22	22982	10
22	22983	10
22	22984	10
22	22985	10
22	22986	10
22	22987	10
22	22988	9
22	22989	9
22	22990	9
22	22991	7
22	22992	7
22	22993	7
22	22994	7
22	22995	7
22	22996	7
22	22997	7
22	22998	7
22	22999	7
22	23000	8
22	23001	8
22	23002	8
22	23003	8
22	23004	8
22	23005	8
22	23006	8
22	23007	7
22	23008	8
22	23009	9
22	23010	9
22	23011	10
22	23012	10
22	23013	10
22	23014	10
22	23015	10
22	23016	10
22	23017	10
22	23018	10
22	23019	10
22	23020	10
22	23021	10
22	23022	10
22	23023	9
22	23024	8
22	23025	8
22	23026	8
22	23027	8
22	23028	9
22	23029	10
22	23030	10
22	23031	10
22	23032	9
22	23033	9
22	23034	9
22	23035	9
22	23036	10
22	23037	10
22	23038	11
22	23039	11
22	23040	11
22	23041	11
22	23042	12
22	23043	13
22	23044	13
22	23045	13
22	23046	13
22	23047	13
22	23048	13
22	23049	14
22	23050	14
22	23051	14
22	23052	15
22	23053	15
22	23054	15
22	23055	14
22	23056	14
22	23057	14
22	23058	13
22	23059	13
22	23060	13
22	23061	13
22	23062	13
22	23063	13
22	23064	14
22	23065	13
22	23066	13
22	23067	13
22	23068	13
22	23069	13
22	23070	13
22	23071	12
22	23072	11
22	23073	11
22	23074	11
22	23075	11
22	23076	11
22	23077	11
22	23078	10
22	23079	10
22	23080	10
22	23081	10
22	23082	9
22	23083	9
22	23084	9
22	23085	8
22	23086	5
22	23087	5
22	23088	4
22	23089	4
22	23090	4
22	23091	3
22	23092	3
22	23093	3
22	23094	3
22	23095	3
22	23096	3
22	23097	3
22	23098	2
22	23099	2
22	23100	1
22	23101	1
22	23102	1
22	23103	1
22	23104	1
22	23105	1
22	23125	1
22	23126	2
22	23127	2
22	23128	2
22	23129	3
22	23130	3
22	23131	3
22	23132	3
22	23133	3
22	23134	3
22	23135	3
22	23136	3
22	23137	3
22	23138	3
22	23139	3
22	23140	3
22	23141	3
22	23142	3
22	23143	4
22	23144	4
22	23145	5
22	23146	6
22	23147	6
22	23148	7
22	23149	7
22	23150	7
22	23151	8
22	23152	8
22	23153	8
22	23154	10
22	23155	10
22	23156	10
22	23157	10
22	23158	10
22	23159	11
22	23160	10
22	23161	10
22	23162	10
22	23163	9
22	23164	9
22	23165	9
22	23166	7
22	23167	8
22	23168	8
22	23169	9
22	23170	9
22	23171	9
22	23172	8
22	23173	7
22	23174	7
22	23175	7
22	23176	8
22	23177	8
22	23178	8
22	23179	8
22	23180	8
22	23181	8
22	23182	8
22	23183	8
22	23184	9
22	23185	9
22	23186	10
22	23187	10
22	23188	10
22	23189	10
22	23190	11
22	23191	11
22	23192	11
22	23193	11
22	23194	11
22	23195	11
22	23196	11
22	23197	10
22	23198	10
22	23199	8
22	23200	8
22	23201	8
22	23202	8
22	23203	9
22	23204	9
22	23205	9
22	23206	9
22	23207	9
22	23208	9
22	23209	8
22	23210	8
22	23211	8
22	23212	9
22	23213	9
22	23214	9
22	23215	9
22	23216	8
22	23217	7
22	23218	7
22	23219	7
22	23220	7
22	23221	7
22	23222	6
22	23223	6
22	23224	7
22	23225	7
22	23226	6
22	23227	7
22	23228	7
22	23229	8
22	23230	8
22	23231	7
22	23232	8
22	23233	8
22	23234	8
22	23235	8
22	23236	8
22	23237	8
22	23238	9
22	23239	9
22	23240	9
22	23241	9
22	23242	10
22	23243	10
22	23244	10
22	23245	10
22	23246	9
22	23247	9
22	23248	8
22	23249	8
22	23250	8
22	23251	9
22	23252	9
22	23253	9
22	23254	9
22	23255	10
22	23256	10
22	23257	10
22	23258	10
22	23259	9
22	23260	9
22	23261	9
22	23262	9
22	23263	8
22	23264	8
22	23265	8
22	23266	7
22	23267	6
22	23268	6
22	23269	7
22	23270	8
22	23271	8
22	23272	8
22	23273	8
22	23274	8
22	23275	9
22	23276	9
22	23277	8
22	23278	8
22	23279	8
22	23280	7
22	23281	7
22	23282	8
22	23283	9
22	23284	8
22	23285	8
22	23286	8
22	23287	8
22	23288	8
22	23289	8
22	23290	9
22	23291	9
22	23292	9
22	23293	9
22	23294	10
22	23295	11
22	23296	10
22	23297	10
22	23298	11
22	23299	11
22	23300	11
22	23301	11
22	23302	11
22	23303	12
22	23304	11
22	23305	11
22	23306	11
22	23307	12
22	23308	12
22	23309	12
22	23310	13
22	23311	12
22	23312	12
22	23313	12
22	23314	11
22	23315	11
22	23316	10
22	23317	11
22	23318	11
22	23319	12
22	23320	11
22	23321	11
22	23322	11
22	23323	11
22	23324	10
22	23325	9
22	23326	9
22	23327	9
22	23328	9
22	23329	8
22	23330	7
22	23331	7
22	23332	8
22	23333	9
22	23334	8
22	23335	9
22	23336	9
22	23337	9
22	23338	9
22	23339	9
22	23340	10
22	23341	10
22	23342	10
22	23343	10
22	23344	10
22	23345	10
22	23346	9
22	23347	9
22	23348	9
22	23349	8
22	23350	8
22	23351	9
22	23352	8
22	23353	8
22	23354	9
22	23355	9
22	23356	9
22	23357	10
22	23358	11
22	23359	11
22	23360	11
22	23361	12
22	23362	12
22	23363	12
22	23364	12
22	23365	11
22	23366	12
22	23367	13
22	23368	13
22	23369	13
22	23370	11
22	23371	11
22	23372	11
22	23373	11
22	23374	11
22	23375	11
22	23376	11
22	23377	10
22	23378	10
22	23379	10
22	23380	10
22	23381	10
22	23382	11
22	23383	11
22	23384	11
22	23385	11
22	23386	11
22	23387	11
22	23388	11
22	23389	10
22	23390	10
22	23391	10
22	23392	10
22	23393	10
22	23394	10
22	23395	9
22	23396	9
22	23397	8
22	23398	8
22	23399	7
22	23400	7
22	23401	6
22	23402	6
22	23403	6
22	23404	6
22	23405	7
22	23406	7
22	23407	7
22	23408	6
22	23409	6
22	23410	7
22	23411	7
22	23412	7
22	23413	6
22	23414	6
22	23415	6
22	23416	6
22	23417	6
22	23418	6
22	23419	6
22	23420	6
22	23421	6
22	23422	5
22	23423	6
22	23424	6
22	23425	6
22	23426	6
22	23427	7
22	23428	7
22	23429	8
22	23430	10
22	23431	10
22	23432	11
22	23433	11
22	23434	12
22	23435	13
22	23436	13
22	23437	13
22	23438	13
22	23439	13
22	23440	14
22	23441	14
22	23442	14
22	23443	14
22	23444	14
22	23445	14
22	23446	12
22	23447	13
22	23448	13
22	23449	13
22	23450	13
22	23451	13
22	23452	13
22	23453	12
22	23454	14
22	23455	15
22	23456	15
22	23457	15
22	23458	15
22	23459	15
22	23460	15
22	23461	15
22	23462	15
22	23463	14
22	23464	14
22	23465	15
22	23466	14
22	23467	14
22	23468	14
22	23469	13
22	23470	13
22	23471	13
22	23472	14
22	23473	14
22	23474	15
22	23475	14
22	23476	13
22	23477	14
22	23478	13
22	23479	12
22	23480	11
22	23481	11
22	23482	12
22	23483	12
22	23484	12
22	23485	12
22	23486	12
22	23487	12
22	23488	12
22	23489	13
22	23490	13
22	23491	13
22	23492	12
22	23493	12
22	23494	12
22	23495	11
22	23496	11
22	23497	10
22	23498	10
22	23499	10
22	23500	10
22	23501	12
22	23502	12
22	23503	12
22	23504	11
22	23505	12
22	23506	12
22	23507	12
22	23508	11
22	23509	11
22	23510	11
22	23511	10
22	23512	10
22	23513	11
22	23514	11
22	23515	11
22	23516	11
22	23517	10
22	23518	9
22	23519	9
22	23520	9
22	23521	9
22	23522	9
22	23523	8
22	23524	8
22	23525	8
22	23526	7
22	23527	5
22	23528	5
22	23529	5
22	23530	5
22	23531	4
22	23532	5
22	23533	5
22	23534	4
22	23535	4
22	23536	5
22	23537	5
22	23538	6
22	23539	6
22	23540	6
22	23541	6
22	23542	6
22	23543	6
22	23544	6
22	23545	6
22	23546	6
22	23547	7
22	23548	7
22	23549	8
22	23550	8
22	23551	7
22	23552	7
22	23553	6
22	23554	6
22	23555	8
22	23556	9
22	23557	9
22	23558	10
22	23559	10
22	23560	11
22	23561	11
22	23562	12
22	23563	12
22	23564	13
22	23565	14
22	23566	14
22	23567	14
22	23568	14
22	23569	14
22	23570	13
22	23571	13
22	23572	13
22	23573	13
22	23574	13
22	23575	13
22	23576	14
22	23577	14
22	23578	15
22	23579	16
22	23580	16
22	23581	17
22	23582	17
22	23583	17
22	23584	17
22	23585	17
22	23586	17
22	23587	17
22	23588	17
22	23589	16
22	23590	15
22	23591	16
22	23592	15
22	23593	15
22	23594	15
22	23595	15
22	23596	15
22	23597	15
22	23598	15
22	23599	15
22	23600	15
22	23601	16
22	23602	16
22	23603	17
22	23604	17
22	23605	17
22	23606	17
22	23607	17
22	23608	17
22	23609	17
22	23610	17
22	23611	17
22	23612	17
22	23613	17
22	23614	17
22	23615	18
22	23616	18
22	23617	17
22	23618	17
22	23619	16
22	23620	15
22	23621	15
22	23622	15
22	23623	15
22	23624	15
22	23625	15
22	23626	14
22	23627	15
22	23628	16
22	23629	17
22	23630	17
22	23631	17
22	23632	18
22	23633	17
22	23634	16
22	23635	15
22	23636	13
22	23637	12
22	23638	13
22	23639	12
22	23640	12
22	23641	12
22	23642	13
22	23643	13
22	23644	12
22	23645	12
22	23646	12
22	23647	11
22	23648	11
22	23649	10
22	23650	9
22	23651	9
22	23652	9
22	23653	10
22	23654	10
22	23655	10
22	23656	10
22	23657	9
22	23658	9
22	23659	6
22	23660	7
22	23661	7
22	23662	8
22	23663	9
22	23664	9
22	23665	9
22	23666	9
22	23667	10
22	23668	9
22	23669	9
22	23670	9
22	23671	9
22	23672	9
22	23673	10
22	23674	10
22	23675	10
22	23676	10
22	23677	10
22	23678	10
22	23679	10
22	23680	10
22	23681	11
22	23682	10
22	23683	11
22	23684	11
22	23685	11
22	23686	10
22	23687	10
22	23688	10
22	23689	10
22	23690	10
22	23691	10
22	23692	10
22	23693	10
22	23694	10
22	23695	10
22	23696	10
22	23697	10
22	23698	11
22	23699	11
22	23700	11
22	23701	11
22	23702	11
22	23703	11
22	23704	11
22	23705	10
22	23706	10
22	23707	10
22	23708	10
22	23709	8
22	23710	9
22	23711	9
22	23712	9
22	23713	10
22	23714	10
22	23715	9
22	23716	8
22	23717	7
22	23718	7
22	23719	6
22	23720	6
22	23721	6
22	23722	6
22	23723	6
22	23724	6
22	23725	8
22	23726	8
22	23727	8
22	23728	9
22	23729	10
22	23730	10
22	23731	10
22	23732	10
22	23733	10
22	23734	12
22	23735	12
22	23736	13
22	23737	13
22	23738	13
22	23739	13
22	23740	14
22	23741	14
22	23742	14
22	23743	13
22	23744	12
22	23745	13
22	23746	13
22	23747	12
22	23748	13
22	23749	13
22	23750	13
22	23751	12
22	23752	12
22	23753	13
22	23754	13
22	23755	14
22	23756	15
22	23757	15
22	23758	16
22	23759	17
22	23760	16
22	23761	15
22	23762	15
22	23763	14
22	23764	13
22	23765	13
22	23766	13
22	23767	13
22	23768	13
22	23769	13
22	23770	14
22	23771	13
22	23772	15
22	23773	15
22	23774	15
22	23775	16
22	23776	16
22	23777	16
22	23778	17
22	23779	17
22	23780	17
22	23781	17
22	23782	17
22	23783	17
22	23784	17
22	23785	18
22	23786	17
22	23787	17
22	23788	17
22	23789	17
22	23790	16
22	23791	15
22	23792	15
22	23793	16
22	23794	16
22	23795	16
22	23796	16
22	23797	15
22	23798	14
22	23799	15
22	23800	16
22	23801	17
22	23802	16
22	23803	16
22	23804	16
22	23805	16
22	23806	16
22	23807	17
22	23808	17
22	23809	17
22	23810	18
22	23811	18
22	23812	18
22	23813	19
22	23814	19
22	23815	19
22	23816	18
22	23817	18
22	23818	18
22	23819	18
22	23820	17
22	23821	16
22	23822	16
22	23823	17
22	23824	17
22	23825	17
22	23826	17
22	23827	17
22	23828	17
22	23829	17
22	23830	15
22	23831	15
22	23832	15
22	23833	15
22	23834	15
22	23835	15
22	23836	15
22	23837	15
22	23838	14
22	23839	14
22	23840	14
22	23841	14
22	23842	13
22	23843	12
22	23844	11
22	23845	11
22	23846	12
22	23847	11
22	23848	12
22	23849	13
22	23850	12
22	23851	14
22	23852	13
22	23853	14
22	23854	14
22	23855	14
22	23856	14
22	23857	15
22	23858	15
22	23859	14
22	23860	13
22	23861	13
22	23862	14
22	23863	15
22	23864	15
22	23865	15
22	23866	16
22	23867	16
22	23868	17
22	23869	17
22	23870	18
22	23871	17
22	23872	17
22	23873	17
22	23874	17
22	23875	17
22	23876	18
22	23877	19
22	23878	18
22	23879	17
22	23880	16
22	23881	16
22	23882	16
22	23883	18
22	23884	18
22	23885	18
22	23886	18
22	23887	18
22	23888	18
22	23889	18
22	23890	17
22	23891	17
22	23892	17
22	23893	17
22	23894	17
22	23895	17
22	23896	17
22	23897	17
22	23898	18
22	23899	18
22	23900	17
22	23901	17
22	23902	17
22	23903	18
22	23904	19
22	23905	18
22	23906	17
22	23907	16
22	23908	15
22	23909	15
22	23910	13
22	23911	14
22	23912	14
22	23913	14
22	23914	13
22	23915	13
22	23916	13
22	23917	13
22	23918	13
22	23919	13
22	23920	12
22	23921	11
22	23922	11
22	23923	12
22	23924	12
22	23925	14
22	23926	14
22	23927	14
22	23928	14
22	23929	14
22	23930	14
22	23931	15
22	23932	15
22	23933	15
22	23934	15
22	23935	15
22	23936	15
22	23937	15
22	23938	14
22	23939	14
22	23940	16
22	23941	16
22	23942	16
22	23943	17
22	23944	17
22	23945	18
22	23946	18
22	23947	17
22	23948	16
22	23949	15
22	23950	14
22	23951	15
22	23952	15
22	23953	14
22	23954	14
22	23955	14
22	23956	13
22	23957	13
22	23958	13
22	23959	13
22	23960	13
22	23961	13
22	23962	14
22	23963	14
22	23964	14
22	23965	14
22	23966	14
22	23967	15
22	23968	15
22	23969	15
22	23970	15
22	23971	15
22	23972	14
22	23973	14
22	23974	14
22	23975	14
22	23976	14
22	23977	13
22	23978	13
22	23979	13
22	23980	12
22	23981	11
22	23982	11
22	23983	12
22	23984	12
22	23985	11
22	23986	11
22	23987	11
22	23988	11
22	23989	11
22	23990	12
22	23991	11
22	23992	11
22	23993	10
22	23994	11
22	23995	12
22	23996	12
22	23997	14
22	23998	15
22	23999	15
22	24000	16
22	24001	16
22	24002	16
22	24003	17
22	24004	17
22	24005	17
22	24006	17
22	24007	18
22	24008	17
22	24009	17
22	24010	17
22	24011	18
22	24012	18
22	24013	18
22	24014	18
22	24015	18
22	24016	18
22	24017	17
22	24018	17
22	24019	16
22	24020	15
22	24021	15
22	24022	16
22	24023	16
22	24024	16
22	24025	15
22	24026	16
22	24027	16
22	24028	16
22	24029	15
22	24030	14
22	24031	14
22	24032	15
22	24033	15
22	24034	15
22	24035	15
22	24036	14
22	24037	15
22	24038	15
22	24039	14
22	24040	14
22	24041	14
22	24042	14
22	24043	15
22	24044	14
22	24045	12
22	24046	11
22	24047	11
22	24048	11
22	24049	10
22	24050	11
22	24051	11
22	24052	11
22	24053	12
22	24054	12
22	24055	12
22	24056	12
22	24057	12
22	24058	12
22	24059	12
22	24060	12
22	24061	12
22	24062	11
22	24063	10
22	24064	10
22	24065	10
22	24066	11
22	24067	10
22	24068	10
22	24069	9
22	24070	9
22	24071	9
22	24072	10
22	24073	10
22	24074	9
22	24075	9
22	24076	9
22	24077	8
22	24078	8
22	24079	7
22	24080	7
22	24081	7
22	24082	7
22	24083	7
22	24084	7
22	24085	6
22	24086	6
22	24087	5
22	24088	5
22	24089	5
22	24090	4
22	24091	3
22	24092	4
22	24093	3
22	24094	4
22	24095	4
22	24096	4
22	24097	5
22	24098	5
22	24099	5
22	24100	5
22	24101	6
22	24102	8
22	24103	9
22	24104	9
22	24105	9
22	24106	9
22	24107	9
22	24108	9
22	24109	9
22	24110	9
22	24111	8
22	24112	8
22	24113	8
22	24114	8
22	24115	8
22	24116	9
22	24117	10
22	24118	9
22	24119	10
22	24120	9
22	24121	9
22	24122	9
22	24123	9
22	24124	11
22	24125	12
22	24126	12
22	24127	12
22	24128	12
22	24129	12
22	24130	11
22	24131	12
22	24132	12
22	24133	12
22	24134	12
22	24135	12
22	24136	12
22	24137	11
22	24138	11
22	24139	11
22	24140	10
22	24141	10
22	24142	9
22	24143	8
22	24144	8
22	24145	8
22	24146	8
22	24147	8
22	24148	8
22	24149	8
22	24150	8
22	24151	8
22	24152	9
22	24153	8
22	24154	8
22	24155	8
22	24156	7
22	24157	7
22	24158	8
22	24159	8
22	24160	7
22	24161	7
22	24162	7
22	24163	7
22	24164	7
22	24165	7
22	24166	6
22	24167	6
22	24168	7
22	24169	7
22	24170	8
22	24171	8
22	24172	9
22	24173	9
22	24174	9
22	24175	11
22	24176	11
22	24177	11
22	24178	10
22	24179	10
22	24180	10
22	24181	11
22	24182	11
22	24183	11
22	24184	11
22	24185	12
22	24186	12
22	24187	12
22	24188	12
22	24189	12
22	24190	12
22	24191	12
22	24192	12
22	24193	12
22	24194	13
22	24195	12
22	24196	11
22	24197	11
22	24198	11
22	24199	12
22	24200	12
22	24201	13
22	24202	13
22	24203	13
22	24204	13
22	24205	13
22	24206	12
22	24207	12
22	24208	12
22	24209	15
22	24210	14
22	24211	13
22	24212	12
22	24213	12
22	24214	12
22	24215	12
22	24216	11
22	24217	11
22	24218	11
22	24219	11
22	24220	11
22	24221	10
22	24222	10
22	24223	9
22	24224	9
22	24225	9
22	24226	9
22	24227	9
22	24228	9
22	24229	9
22	24230	9
22	24231	9
22	24232	9
22	24233	8
22	24234	7
22	24235	7
22	24236	6
22	24237	6
22	24238	6
22	24239	6
22	24240	6
22	24241	6
22	24242	7
22	24243	7
22	24244	6
22	24245	6
22	24246	5
22	24247	5
22	24248	5
22	24249	5
22	24250	5
22	24251	5
22	24252	5
22	24253	5
22	24254	4
22	24255	4
22	24256	6
22	24257	7
22	24258	7
22	24259	8
22	24260	8
22	24261	9
22	24262	9
22	24263	10
22	24264	10
22	24265	10
22	24266	10
22	24267	9
22	24268	9
22	24269	9
22	24270	9
22	24271	9
22	24272	9
22	24273	9
22	24274	10
22	24275	10
22	24276	10
22	24277	10
22	24278	10
22	24279	10
22	24280	12
22	24281	12
22	24282	12
22	24283	13
22	24284	12
22	24285	11
22	24286	11
22	24287	11
22	24288	11
22	24289	12
22	24290	12
22	24291	12
22	24292	12
22	24293	11
22	24294	11
22	24295	11
22	24296	10
22	24297	11
22	24298	11
22	24299	10
22	24300	11
22	24301	11
22	24302	10
22	24303	9
22	24304	9
22	24305	9
22	24306	9
22	24307	9
22	24308	9
22	24309	9
22	24310	9
22	24311	9
22	24312	9
22	24313	9
22	24314	9
22	24315	10
22	24316	11
22	24317	11
22	24318	11
22	24319	11
22	24320	11
22	24321	11
22	24322	11
22	24323	11
22	24324	12
22	24325	14
22	24326	14
22	24327	14
22	24328	14
22	24329	14
22	24330	14
22	24331	13
22	24332	12
22	24333	12
22	24334	11
22	24335	11
22	24336	10
22	24337	11
22	24338	11
22	24339	10
22	24340	11
22	24341	10
22	24342	10
22	24343	10
22	24344	10
22	24345	10
22	24346	11
22	24347	12
22	24348	12
22	24349	11
22	24350	10
22	24351	11
22	24352	11
22	24353	12
22	24354	12
22	24355	12
22	24356	11
22	24357	11
22	24358	11
22	24359	11
22	24360	11
22	24361	12
22	24362	12
22	24363	12
22	24364	12
22	24365	12
22	24366	10
22	24367	11
22	24368	11
22	24369	11
22	24370	11
22	24371	12
22	24372	11
22	24373	12
22	24374	11
22	24375	11
22	24376	11
22	24377	11
22	24378	10
22	24379	9
22	24380	8
22	24381	8
22	24382	8
22	24383	8
22	24384	11
22	24385	11
22	24386	11
22	24387	11
22	24388	11
22	24389	11
22	24390	11
22	24391	10
22	24392	9
22	24393	9
22	24394	10
22	24395	10
22	24396	11
22	24397	11
22	24398	10
22	24399	9
22	24400	9
22	24401	10
22	24402	9
22	24403	9
22	24404	8
22	24405	8
22	24406	8
22	24407	8
22	24408	9
22	24409	9
22	24410	9
22	24411	9
22	24412	9
22	24413	9
22	24414	9
22	24415	10
22	24416	9
22	24417	9
22	24418	8
22	24419	9
22	24420	9
22	24421	9
22	24422	9
22	24423	10
22	24424	10
22	24425	11
22	24426	12
22	24427	11
22	24428	11
22	24429	11
22	24430	11
22	24431	11
22	24432	10
22	24433	9
22	24434	9
22	24435	9
22	24436	9
22	24437	9
22	24438	9
22	24439	9
22	24440	9
22	24441	9
22	24442	9
22	24443	9
22	24444	9
22	24445	9
22	24446	9
22	24447	10
22	24448	10
22	24449	9
22	24450	8
22	24451	8
22	24452	8
22	24453	7
22	24454	7
22	24455	8
22	24456	8
22	24457	8
22	24458	9
22	24459	9
22	24460	9
22	24461	9
22	24462	9
22	24463	8
22	24464	8
22	24465	10
22	24466	10
22	24467	9
22	24468	9
22	24469	9
22	24470	9
22	24471	10
22	24472	10
22	24473	11
22	24474	11
22	24475	11
22	24476	11
22	24477	11
22	24478	12
22	24479	13
22	24480	13
22	24481	12
22	24482	12
22	24483	13
22	24484	13
22	24485	12
22	24486	12
22	24487	12
22	24488	12
22	24489	12
22	24490	12
22	24491	12
22	24492	13
22	24493	12
22	24494	12
22	24495	12
22	24496	11
22	24497	11
22	24498	11
22	24499	11
22	24500	11
22	24501	11
22	24502	11
22	24503	11
22	24504	11
22	24505	11
22	24506	10
22	24507	11
22	24508	11
22	24509	11
22	24510	11
22	24511	11
22	24512	11
22	24513	11
22	24514	11
22	24515	11
22	24516	11
22	24517	12
22	24518	12
22	24519	12
22	24520	12
22	24521	11
22	24522	11
22	24523	10
22	24524	10
22	24525	10
22	24526	9
22	24527	9
22	24528	9
22	24529	10
22	24530	10
22	24531	12
22	24532	12
22	24533	12
22	24534	12
22	24535	11
22	24536	10
22	24537	11
22	24538	11
22	24539	11
22	24540	11
22	24541	11
22	24542	11
22	24543	11
22	24544	12
22	24545	12
22	24546	12
22	24547	12
22	24548	11
22	24549	11
22	24550	10
22	24551	10
22	24552	11
22	24553	11
22	24554	11
22	24555	10
22	24556	10
22	24557	9
22	24558	9
22	24559	9
22	24560	10
22	24561	9
22	24562	9
22	24563	9
22	24564	9
22	24565	10
22	24566	10
22	24567	10
22	24568	10
22	24569	10
22	24570	10
22	24571	10
22	24572	10
22	24573	9
22	24574	9
22	24575	9
22	24576	10
22	24577	10
22	24578	9
22	24579	9
22	24580	9
22	24581	9
22	24582	8
22	24583	8
22	24584	8
22	24585	8
22	24586	8
22	24587	8
22	24588	8
22	24589	8
22	24590	8
22	24591	9
22	24592	8
22	24593	8
22	24594	8
22	24595	8
22	24596	8
22	24597	8
22	24598	7
22	24599	7
22	24600	7
22	24601	7
22	24602	7
22	24603	7
22	24604	6
22	24605	7
22	24606	7
22	24607	8
22	24608	8
22	24609	9
22	24610	9
22	24611	9
22	24612	9
22	24613	10
22	24614	11
22	24615	13
22	24616	13
22	24617	13
22	24618	14
22	24619	15
22	24620	15
22	24621	15
22	24622	15
22	24623	14
22	24624	15
22	24625	16
22	24626	17
22	24627	16
22	24628	16
22	24629	17
22	24630	17
22	24631	17
22	24632	16
22	24633	17
22	24634	17
22	24635	19
22	24636	20
22	24637	21
22	24638	21
22	24639	20
22	24640	20
22	24641	21
22	24642	21
22	24643	21
22	24644	21
22	24645	20
22	24646	20
22	24647	20
22	24648	19
22	24649	19
22	24650	19
22	24651	20
22	24652	21
22	24653	21
22	24654	20
22	24655	20
22	24656	19
22	24657	19
22	24658	19
22	24659	21
22	24660	21
22	24661	21
22	24662	22
22	24663	21
22	24664	19
22	24665	19
22	24666	17
22	24667	19
22	24668	18
22	24669	17
22	24670	18
22	24671	18
22	24672	19
22	24673	19
22	24674	20
22	24675	19
22	24676	19
22	24677	19
22	24678	18
22	24679	19
22	24680	19
22	24681	18
22	24682	18
22	24683	20
22	24684	21
22	24685	20
22	24686	19
22	24687	19
22	24688	20
22	24689	19
22	24690	19
22	24691	20
22	24692	19
22	24693	18
22	24694	19
22	24695	19
22	24696	19
22	24697	19
22	24698	19
22	24699	19
22	24700	19
22	24701	20
22	24702	21
22	24703	22
22	24704	21
22	24705	20
22	24706	20
22	24707	19
22	24708	19
22	24709	19
22	24710	18
22	24711	17
22	24712	17
22	24713	16
22	24714	17
22	24715	18
22	24716	18
22	24717	18
22	24718	18
22	24719	17
22	24720	17
22	24721	16
22	24722	15
22	24723	14
22	24724	14
22	24725	14
22	24726	13
22	24727	13
22	24728	13
22	24729	13
22	24730	13
22	24731	12
22	24732	12
22	24733	12
22	24734	11
22	24735	11
22	24736	11
22	24737	10
22	24738	9
22	24739	10
22	24740	10
22	24741	10
22	24742	9
22	24743	9
22	24744	10
22	24745	10
22	24746	10
22	24747	10
22	24748	10
22	24749	10
22	24750	10
22	24751	10
22	24752	10
22	24753	9
22	24754	8
22	24755	9
22	24756	8
22	24757	8
22	24758	8
22	24759	8
22	24760	8
22	24761	8
22	24762	9
22	24763	9
22	24764	9
22	24765	9
22	24766	8
22	24767	8
22	24768	8
22	24769	9
22	24770	9
22	24771	9
22	24772	9
22	24773	9
22	24774	10
22	24775	10
22	24776	10
22	24777	10
22	24778	11
22	24779	12
22	24780	12
22	24781	11
22	24782	13
22	24783	15
22	24784	15
22	24785	15
22	24786	15
22	24787	14
22	24788	14
22	24789	14
22	24790	14
22	24791	13
22	24792	13
22	24793	12
22	24794	13
22	24795	13
22	24796	13
22	24797	13
22	24798	12
22	24799	12
22	24800	11
22	24801	12
22	24802	12
22	24803	13
22	24804	13
22	24805	12
22	24806	12
22	24807	12
22	24808	12
22	24809	11
22	24810	11
22	24811	11
22	24812	11
22	24813	12
22	24814	13
22	24815	13
22	24816	13
22	24817	13
22	24818	12
22	24819	12
22	24820	11
22	24821	11
22	24822	11
22	24823	11
22	24824	12
22	24825	11
22	24826	11
22	24827	12
22	24828	12
22	24829	12
22	24830	13
22	24831	14
22	24832	14
22	24833	15
22	24834	15
22	24835	15
22	24836	15
22	24837	15
22	24838	15
22	24839	14
22	24840	13
22	24841	13
22	24842	14
22	24843	14
22	24844	15
22	24845	15
22	24846	15
22	24847	15
22	24848	15
22	24849	16
22	24850	16
22	24851	16
22	24852	16
22	24853	15
22	24854	15
22	24855	15
22	24856	16
22	24857	15
22	24858	15
22	24859	14
22	24860	14
22	24861	13
22	24862	13
22	24863	13
22	24864	13
22	24865	13
22	24866	12
22	24867	11
22	24868	10
22	24869	10
22	24870	9
22	24871	9
22	24872	9
22	24873	10
22	24874	9
22	24875	8
22	24876	8
22	24877	8
22	24878	9
22	24879	10
22	24880	10
22	24881	10
22	24882	10
22	24883	9
22	24884	8
22	24885	8
22	24886	8
22	24887	9
22	24888	9
22	24889	10
22	24890	9
22	24891	9
22	24892	9
22	24893	9
22	24894	10
22	24895	10
22	24896	11
22	24897	10
22	24898	11
22	24899	11
22	24900	10
22	24901	10
22	24902	10
22	24903	10
22	24904	11
22	24905	11
22	24906	11
22	24907	13
22	24908	11
22	24909	11
22	24910	10
22	24911	10
22	24912	9
22	24913	9
22	24914	9
22	24915	9
22	24916	8
22	24917	8
22	24918	7
22	24919	8
22	24920	9
22	24921	10
22	24922	10
22	24923	12
22	24924	12
22	24925	12
22	24926	12
22	24927	12
22	24928	12
22	24929	11
22	24930	11
22	24931	11
22	24932	12
22	24933	13
22	24934	12
22	24935	13
22	24936	13
22	24937	13
22	24938	14
22	24939	14
22	24940	15
22	24941	15
22	24942	14
22	24943	14
22	24944	14
22	24945	14
22	24946	14
22	24947	15
22	24948	15
22	24949	14
22	24950	15
22	24951	14
22	24952	13
22	24953	14
22	24954	14
22	24955	15
22	24956	15
22	24957	15
22	24958	15
22	24959	14
22	24960	14
22	24961	14
22	24962	15
22	24963	15
22	24964	15
22	24965	15
22	24966	15
22	24967	14
22	24968	12
22	24969	12
22	24970	12
22	24971	12
22	24972	12
22	24973	12
22	24974	12
22	24975	12
22	24976	12
22	24977	12
22	24978	12
22	24979	11
22	24980	10
22	24981	9
22	24982	9
22	24983	8
22	24984	8
22	24985	8
22	24986	8
22	24987	9
22	24988	8
22	24989	8
22	24990	8
22	24991	7
22	24992	7
22	24993	8
22	24994	8
22	24995	9
22	24996	9
22	24997	9
22	24998	9
22	24999	9
22	25000	8
22	25001	8
22	25002	8
22	25003	8
22	25004	8
22	25005	8
22	25006	8
22	25007	8
22	25008	8
22	25009	8
22	25010	8
22	25011	8
22	25012	10
22	25013	10
22	25014	10
22	25015	10
22	25016	10
22	25017	9
22	25018	10
22	25019	11
22	25020	12
22	25021	12
22	25022	12
22	25023	13
22	25024	13
22	25025	14
22	25026	15
22	25027	16
22	25028	16
22	25029	16
22	25030	16
22	25031	15
22	25032	15
22	25033	15
22	25034	15
22	25035	15
22	25036	15
22	25037	16
22	25038	16
22	25039	16
22	25040	16
22	25041	17
22	25042	17
22	25043	18
22	25044	18
22	25045	19
22	25046	20
22	25047	19
22	25048	19
22	25049	19
22	25050	18
22	25051	19
22	25052	19
22	25053	19
22	25054	20
22	25055	20
22	25056	20
22	25057	19
22	25058	18
22	25059	19
22	25060	18
22	25061	17
22	25062	17
22	25063	16
22	25064	16
22	25065	16
22	25066	15
22	25067	15
22	25068	14
22	25069	13
22	25070	13
22	25071	12
22	25072	12
22	25073	11
22	25074	11
22	25075	11
22	25076	10
22	25077	10
22	25078	9
22	25079	9
22	25080	8
22	25081	8
22	25082	9
22	25083	8
22	25084	7
22	25085	7
22	25086	7
22	25087	6
22	25088	6
22	25089	6
22	25090	5
22	25091	5
22	25092	5
22	25093	5
22	25094	4
22	25095	4
22	25096	4
22	25097	4
22	25098	4
22	25099	3
22	25100	2
22	25101	2
22	25102	2
22	25103	2
22	25104	2
22	25105	2
22	25106	2
22	25107	1
22	25115	1
22	25116	1
22	25117	2
22	25118	2
22	25119	2
22	25120	2
22	25121	2
22	25122	2
22	25123	2
22	25124	2
22	25125	2
22	25126	2
22	25127	2
22	25128	2
22	25129	2
22	25130	2
22	25131	3
22	25132	3
22	25133	3
22	25134	3
22	25135	3
22	25136	2
22	25137	2
22	25138	2
22	25139	2
22	25140	2
22	25141	2
22	25142	2
22	25143	2
22	25144	3
22	25145	3
22	25146	3
22	25147	3
22	25148	3
22	25149	3
22	25150	3
22	25151	4
22	25152	5
22	25153	6
22	25154	6
22	25155	6
22	25156	7
22	25157	8
22	25158	8
22	25159	9
22	25160	9
22	25161	9
22	25162	9
22	25163	9
22	25164	9
22	25165	9
22	25166	10
22	25167	10
22	25168	10
22	25169	11
22	25170	11
22	25171	12
22	25172	12
22	25173	12
22	25174	13
22	25175	13
22	25176	13
22	25177	13
22	25178	13
22	25179	13
22	25180	13
22	25181	13
22	25182	15
22	25183	15
22	25184	16
22	25185	15
22	25186	16
22	25187	17
22	25188	16
22	25189	16
22	25190	16
22	25191	18
22	25192	17
22	25193	17
22	25194	17
22	25195	16
22	25196	17
22	25197	16
22	25198	16
22	25199	16
22	25200	17
22	25201	16
22	25202	16
22	25203	16
22	25204	16
22	25205	14
22	25206	13
22	25207	13
22	25208	13
22	25209	13
22	25210	13
22	25211	12
22	25212	12
22	25213	13
22	25214	11
22	25215	11
22	25216	11
22	25217	10
22	25218	10
22	25219	10
22	25220	11
22	25221	12
22	25222	11
22	25223	11
22	25224	11
22	25225	11
22	25226	11
22	25227	12
22	25228	12
22	25229	13
22	25230	13
22	25231	13
22	25232	13
22	25233	13
22	25234	14
22	25235	14
22	25236	15
22	25237	15
22	25238	15
22	25239	14
22	25240	14
22	25241	14
22	25242	14
22	25243	13
22	25244	16
22	25245	15
22	25246	15
22	25247	15
22	25248	15
22	25249	15
22	25250	15
22	25251	15
22	25252	14
22	25253	14
22	25254	13
22	25255	12
22	25256	13
22	25257	13
22	25258	13
22	25259	12
22	25260	11
22	25261	11
22	25262	11
22	25263	10
22	25264	9
22	25265	9
22	25266	9
22	25267	8
22	25268	8
22	25269	8
22	25270	8
22	25271	9
22	25272	7
22	25273	7
22	25274	7
22	25275	7
22	25276	7
22	25277	7
22	25278	7
22	25279	7
22	25280	7
22	25281	7
22	25282	7
22	25283	6
22	25284	6
22	25285	5
22	25286	5
22	25287	6
22	25288	6
22	25289	6
22	25290	6
22	25291	6
22	25292	6
22	25293	7
22	25294	7
22	25295	7
22	25296	6
22	25297	6
22	25298	6
22	25299	6
22	25300	6
22	25301	6
22	25302	6
22	25303	6
22	25304	5
22	25305	4
22	25306	4
22	25307	3
22	25308	3
22	25309	3
22	25310	3
22	25311	3
22	25312	3
22	25313	3
22	25314	3
22	25315	3
22	25316	3
22	25317	3
22	25318	3
22	25319	4
22	25320	4
22	25321	4
22	25322	4
22	25323	5
22	25324	5
22	25325	5
22	25326	5
22	25327	5
22	25328	5
22	25329	4
22	25330	4
22	25331	4
22	25332	4
22	25333	4
22	25334	4
22	25335	4
22	25336	4
22	25337	4
22	25338	4
22	25339	4
22	25340	3
22	25341	3
22	25342	2
22	25343	2
22	25344	2
22	25345	2
22	25346	1
22	25347	1
22	25348	1
22	25349	1
22	25350	1
22	25351	1
22	25352	3
22	25353	3
22	25354	3
22	25355	3
22	25356	4
22	25357	4
22	25358	4
22	25359	4
22	25360	4
22	25361	4
22	25362	5
22	25363	5
22	25364	5
22	25365	5
22	25366	5
22	25367	7
22	25368	7
22	25369	7
22	25370	7
22	25371	7
22	25372	7
22	25373	7
22	25374	8
22	25375	8
22	25376	8
22	25377	8
22	25378	8
22	25379	8
22	25380	8
22	25381	9
22	25382	9
22	25383	9
22	25384	9
22	25385	9
22	25386	8
22	25387	8
22	25388	8
22	25389	8
22	25390	9
22	25391	9
22	25392	9
22	25393	9
22	25394	9
22	25395	10
22	25396	10
22	25397	11
22	25398	11
22	25399	11
22	25400	12
22	25401	12
22	25402	13
22	25403	13
22	25404	13
22	25405	13
22	25406	13
22	25407	14
22	25408	14
22	25409	13
22	25410	16
22	25411	17
22	25412	17
22	25413	18
22	25414	18
22	25415	18
22	25416	19
22	25417	19
22	25418	19
22	25419	19
22	25420	18
22	25421	18
22	25422	17
22	25423	17
22	25424	17
22	25425	16
22	25426	16
22	25427	17
22	25428	17
22	25429	16
22	25430	16
22	25431	15
22	25432	15
22	25433	15
22	25434	15
22	25435	13
22	25436	12
22	25437	12
22	25438	12
22	25439	13
22	25440	13
22	25441	13
22	25442	13
22	25443	13
22	25444	12
22	25445	13
22	25446	13
22	25447	13
22	25448	12
22	25449	12
22	25450	12
22	25451	11
22	25452	11
22	25453	11
22	25454	10
22	25455	9
22	25456	10
22	25457	9
22	25458	8
22	25459	7
22	25460	6
22	25461	6
22	25462	6
22	25463	6
22	25464	5
22	25465	5
22	25466	5
22	25467	5
22	25468	5
22	25469	5
22	25470	5
22	25471	5
22	25472	6
22	25473	7
22	25474	9
22	25475	8
22	25476	9
22	25477	9
22	25478	10
22	25479	10
22	25480	10
22	25481	9
22	25482	9
22	25483	10
22	25484	10
22	25485	10
22	25486	10
22	25487	10
22	25488	11
22	25489	11
22	25490	11
22	25491	11
22	25492	11
22	25493	11
22	25494	11
22	25495	11
22	25496	12
22	25497	12
22	25498	11
22	25499	11
22	25500	11
22	25501	12
22	25502	12
22	25503	13
22	25504	12
22	25505	11
22	25506	11
22	25507	11
22	25508	12
22	25509	12
22	25510	12
22	25511	12
22	25512	12
22	25513	11
22	25514	12
22	25515	12
22	25516	12
22	25517	12
22	25518	12
22	25519	11
22	25520	11
22	25521	12
22	25522	10
22	25523	10
22	25524	9
22	25525	9
22	25526	9
22	25527	10
22	25528	10
22	25529	10
22	25530	11
22	25531	11
22	25532	11
22	25533	11
22	25534	11
22	25535	11
22	25536	11
22	25537	12
22	25538	13
22	25539	13
22	25540	13
22	25541	13
22	25542	14
22	25543	14
22	25544	13
22	25545	12
22	25546	13
22	25547	12
22	25548	12
22	25549	12
22	25550	12
22	25551	11
22	25552	12
22	25553	12
22	25554	13
22	25555	13
22	25556	13
22	25557	13
22	25558	13
22	25559	13
22	25560	13
22	25561	13
22	25562	14
22	25563	13
22	25564	15
22	25565	15
22	25566	15
22	25567	15
22	25568	14
22	25569	14
22	25570	14
22	25571	14
22	25572	13
22	25573	13
22	25574	14
22	25575	12
22	25576	11
22	25577	11
22	25578	11
22	25579	11
22	25580	11
22	25581	12
22	25582	13
22	25583	14
22	25584	13
22	25585	15
22	25586	15
22	25587	15
22	25588	15
22	25589	15
22	25590	14
22	25591	14
22	25592	15
22	25593	15
22	25594	14
22	25595	14
22	25596	13
22	25597	13
22	25598	15
22	25599	15
22	25600	15
22	25601	14
22	25602	14
22	25603	14
22	25604	16
22	25605	15
22	25606	14
22	25607	14
22	25608	14
22	25609	14
22	25610	13
22	25611	13
22	25612	13
22	25613	15
22	25614	15
22	25615	16
22	25616	18
22	25617	19
22	25618	18
22	25619	17
22	25620	17
22	25621	17
22	25622	17
22	25623	17
22	25624	17
22	25625	17
22	25626	17
22	25627	17
22	25628	17
22	25629	18
22	25630	18
22	25631	17
22	25632	17
22	25633	17
22	25634	17
22	25635	18
22	25636	18
22	25637	18
22	25638	18
22	25639	17
22	25640	17
22	25641	17
22	25642	17
22	25643	16
22	25644	16
22	25645	16
22	25646	16
22	25647	16
22	25648	16
22	25649	17
22	25650	16
22	25651	17
22	25652	17
22	25653	17
22	25654	17
22	25655	17
22	25656	17
22	25657	17
22	25658	18
22	25659	17
22	25660	16
22	25661	17
22	25662	16
22	25663	16
22	25664	16
22	25665	17
22	25666	18
22	25667	17
22	25668	18
22	25669	18
22	25670	18
22	25671	17
22	25672	16
22	25673	17
22	25674	17
22	25675	17
22	25676	18
22	25677	14
22	25678	14
22	25679	14
22	25680	16
22	25681	16
22	25682	17
22	25683	19
22	25684	19
22	25685	19
22	25686	18
22	25687	18
22	25688	18
22	25689	20
22	25690	20
22	25691	22
22	25692	22
22	25693	21
22	25694	21
22	25695	21
22	25696	21
22	25697	20
22	25698	19
22	25699	18
22	25700	18
22	25701	18
22	25702	17
22	25703	18
22	25704	18
22	25705	17
22	25706	16
22	25707	16
22	25708	16
22	25709	13
22	25710	13
22	25711	12
22	25712	11
22	25713	11
22	25714	11
22	25715	12
22	25716	12
22	25717	12
22	25718	12
22	25719	11
22	25720	11
22	25721	10
22	25722	9
22	25723	8
22	25724	7
22	25725	7
22	25726	7
22	25727	7
22	25728	7
22	25729	7
22	25730	8
22	25731	8
22	25732	9
22	25733	9
22	25734	9
22	25735	9
22	25736	8
22	25737	7
22	25738	7
22	25739	7
22	25740	8
22	25741	8
22	25742	10
22	25743	10
22	25744	10
22	25745	9
22	25746	8
22	25747	8
22	25748	8
22	25749	8
22	25750	8
22	25751	8
22	25752	7
22	25753	7
22	25754	7
22	25755	7
22	25756	6
22	25757	7
22	25758	7
22	25759	7
22	25760	7
22	25761	7
22	25762	7
22	25763	7
22	25764	8
22	25765	8
22	25766	8
22	25767	8
22	25768	8
22	25769	8
22	25770	8
22	25771	8
22	25772	7
22	25773	7
22	25774	8
22	25775	9
22	25776	10
22	25777	11
22	25778	11
22	25779	11
22	25780	11
22	25781	12
22	25782	12
22	25783	12
22	25784	12
22	25785	13
22	25786	13
22	25787	13
22	25788	13
22	25789	14
22	25790	14
22	25791	14
22	25792	14
22	25793	13
22	25794	14
22	25795	14
22	25796	14
22	25797	14
22	25798	14
22	25799	14
22	25800	13
22	25801	14
22	25802	15
22	25803	15
22	25804	15
22	25805	15
22	25806	15
22	25807	14
22	25808	14
22	25809	15
22	25810	14
22	25811	14
22	25812	14
22	25813	14
22	25814	13
22	25815	12
22	25816	12
22	25817	12
22	25818	12
22	25819	12
22	25820	12
22	25821	12
22	25822	11
22	25823	11
22	25824	10
22	25825	10
22	25826	10
22	25827	10
22	25828	10
22	25829	11
22	25830	10
22	25831	9
22	25832	9
22	25833	9
22	25834	8
22	25835	8
22	25836	8
22	25837	7
22	25838	7
22	25839	7
22	25840	7
22	25841	6
22	25842	6
22	25843	7
22	25844	7
22	25845	6
22	25846	5
22	25847	5
22	25848	5
22	25849	5
22	25850	5
22	25851	6
22	25852	6
22	25853	6
22	25854	6
22	25855	6
22	25856	6
22	25857	6
22	25858	6
22	25859	8
22	25860	8
22	25861	8
22	25862	9
22	25863	9
22	25864	9
22	25865	9
22	25866	9
22	25867	9
22	25868	8
22	25869	8
22	25870	8
22	25871	8
22	25872	8
22	25873	8
22	25874	8
22	25875	8
22	25876	8
22	25877	8
22	25878	7
22	25879	6
22	25880	7
22	25881	7
22	25882	6
22	25883	6
22	25884	6
22	25885	7
22	25886	7
22	25887	7
22	25888	7
22	25889	7
22	25890	7
22	25891	6
22	25892	6
22	25893	6
22	25894	6
22	25895	6
22	25896	6
22	25897	6
22	25898	5
22	25899	5
22	25900	5
22	25901	5
22	25902	4
22	25903	4
22	25904	4
22	25905	4
22	25906	4
22	25907	5
22	25908	5
22	25909	3
22	25910	3
22	25911	2
22	25912	2
22	25913	2
22	25914	2
22	25915	2
22	25916	2
22	25917	2
22	25918	2
22	25919	3
22	25920	3
22	25921	3
22	25922	3
22	25923	3
22	25924	3
22	25925	3
22	25926	3
22	25927	4
22	25928	4
22	25929	4
22	25930	4
22	25931	4
22	25932	3
22	25933	3
22	25934	3
22	25935	3
22	25936	3
22	25937	3
22	25938	3
22	25939	3
22	25940	3
22	25941	3
22	25942	3
22	25943	3
22	25944	3
22	25945	3
22	25946	4
22	25947	4
22	25948	4
22	25949	4
22	25950	3
22	25951	3
22	25952	4
22	25953	4
22	25954	4
22	25955	4
22	25956	4
22	25957	4
22	25958	4
22	25959	4
22	25960	4
22	25961	3
22	25962	3
22	25963	4
22	25964	5
22	25965	6
22	25966	6
22	25967	6
22	25968	6
22	25969	6
22	25970	6
22	25971	6
22	25972	6
22	25973	7
22	25974	7
22	25975	8
22	25976	8
22	25977	9
22	25978	9
22	25979	10
22	25980	10
22	25981	10
22	25982	11
22	25983	11
22	25984	11
22	25985	11
22	25986	11
22	25987	11
22	25988	10
22	25989	11
22	25990	12
22	25991	12
22	25992	12
22	25993	10
22	25994	10
22	25995	11
22	25996	12
22	25997	12
22	25998	13
22	25999	13
22	26000	13
22	26001	12
22	26002	12
22	26003	12
22	26004	12
22	26005	12
22	26006	12
22	26007	12
22	26008	13
22	26009	13
22	26010	13
22	26011	13
22	26012	13
22	26013	13
22	26014	14
22	26015	14
22	26016	13
22	26017	12
22	26018	11
22	26019	11
22	26020	12
22	26021	13
22	26022	13
22	26023	13
22	26024	13
22	26025	13
22	26026	13
22	26027	13
22	26028	12
22	26029	12
22	26030	13
22	26031	13
22	26032	14
22	26033	15
22	26034	14
22	26035	14
22	26036	15
22	26037	15
22	26038	14
22	26039	13
22	26040	13
22	26041	13
22	26042	13
22	26043	14
22	26044	14
22	26045	14
22	26046	12
22	26047	12
22	26048	12
22	26049	12
22	26050	13
22	26051	12
22	26052	12
22	26053	12
22	26054	13
22	26055	13
22	26056	13
22	26057	14
22	26058	14
22	26059	14
22	26060	15
22	26061	15
22	26062	15
22	26063	15
22	26064	15
22	26065	15
22	26066	14
22	26067	14
22	26068	14
22	26069	13
22	26070	13
22	26071	13
22	26072	13
22	26073	13
22	26074	13
22	26075	12
22	26076	13
22	26077	13
22	26078	13
22	26079	13
22	26080	12
22	26081	13
22	26082	13
22	26083	13
22	26084	13
22	26085	12
22	26086	12
22	26087	13
22	26088	12
22	26089	13
22	26090	13
22	26091	13
22	26092	13
22	26093	13
22	26094	13
22	26095	13
22	26096	13
22	26097	11
22	26098	11
22	26099	11
22	26100	11
22	26101	10
22	26102	10
22	26103	9
22	26104	9
22	26105	9
22	26106	8
22	26107	8
22	26108	8
22	26109	7
22	26110	7
22	26111	6
22	26112	7
22	26113	7
22	26114	6
22	26115	6
22	26116	6
22	26117	6
22	26118	6
22	26119	7
22	26120	8
22	26121	8
22	26122	10
22	26123	9
22	26124	9
22	26125	9
22	26126	9
22	26127	9
22	26128	9
22	26129	9
22	26130	9
22	26131	9
22	26132	10
22	26133	11
22	26134	12
22	26135	12
22	26136	12
22	26137	12
22	26138	12
22	26139	12
22	26140	12
22	26141	12
22	26142	13
22	26143	13
22	26144	12
22	26145	12
22	26146	12
22	26147	12
22	26148	12
22	26149	11
22	26150	10
22	26151	9
22	26152	9
22	26153	9
22	26154	9
22	26155	9
22	26156	9
22	26157	9
22	26158	8
22	26159	8
22	26160	7
22	26161	8
22	26162	7
22	26163	7
22	26164	6
22	26165	6
22	26166	7
22	26167	7
22	26168	8
22	26169	8
22	26170	6
22	26171	6
22	26172	6
22	26173	6
22	26174	7
22	26175	7
22	26176	8
22	26177	8
22	26178	8
22	26179	7
22	26180	7
22	26181	7
22	26182	7
22	26183	8
22	26184	8
22	26185	8
22	26186	8
22	26187	7
22	26188	7
22	26189	7
22	26190	7
22	26191	7
22	26192	7
22	26193	7
22	26194	7
22	26195	7
22	26196	7
22	26197	8
22	26198	8
22	26199	8
22	26200	8
22	26201	8
22	26202	8
22	26203	8
22	26204	8
22	26205	9
22	26206	9
22	26207	9
22	26208	9
22	26209	10
22	26210	10
22	26211	10
22	26212	10
22	26213	10
22	26214	10
22	26215	10
22	26216	10
22	26217	9
22	26218	9
22	26219	9
22	26220	8
22	26221	8
22	26222	8
22	26223	8
22	26224	9
22	26225	9
22	26226	9
22	26227	8
22	26228	8
22	26229	8
22	26230	8
22	26231	10
22	26232	10
22	26233	10
22	26234	10
22	26235	11
22	26236	12
22	26237	14
22	26238	14
22	26239	15
22	26240	15
22	26241	16
22	26242	14
22	26243	14
22	26244	14
22	26245	14
22	26246	14
22	26247	12
22	26248	12
22	26249	12
22	26250	12
22	26251	13
22	26252	13
22	26253	13
22	26254	13
22	26255	13
22	26256	13
22	26257	13
22	26258	13
22	26259	13
22	26260	14
22	26261	14
22	26262	14
22	26263	12
22	26264	10
22	26265	11
22	26266	11
22	26267	11
22	26268	11
22	26269	11
22	26270	11
22	26271	11
22	26272	11
22	26273	11
22	26274	10
22	26275	10
22	26276	10
22	26277	10
22	26278	10
22	26279	9
22	26280	9
22	26281	9
22	26282	9
22	26283	9
22	26284	8
22	26285	8
22	26286	8
22	26287	8
22	26288	8
22	26289	7
22	26290	6
22	26291	6
22	26292	6
22	26293	5
22	26294	5
22	26295	4
22	26296	5
22	26297	5
22	26298	7
22	26299	7
22	26300	7
22	26301	7
22	26302	7
22	26303	7
22	26304	8
22	26305	8
22	26306	8
22	26307	8
22	26308	8
22	26309	9
22	26310	9
22	26311	9
22	26312	10
22	26313	11
22	26314	10
22	26315	10
22	26316	10
22	26317	11
22	26318	12
22	26319	12
22	26320	12
22	26321	12
22	26322	11
22	26323	11
22	26324	13
22	26325	13
22	26326	15
22	26327	15
22	26328	15
22	26329	15
22	26330	16
22	26331	15
22	26332	16
22	26333	16
22	26334	18
22	26335	19
22	26336	19
22	26337	18
22	26338	19
22	26339	22
22	26340	21
22	26341	21
22	26342	22
22	26343	20
22	26344	21
22	26345	21
22	26346	21
22	26347	20
22	26348	21
22	26349	21
22	26350	21
22	26351	21
22	26352	19
22	26353	18
22	26354	18
22	26355	18
22	26356	18
22	26357	18
22	26358	17
22	26359	17
22	26360	16
22	26361	16
22	26362	15
22	26363	15
22	26364	14
22	26365	14
22	26366	14
22	26367	12
22	26368	14
22	26369	14
22	26370	13
22	26371	14
22	26372	13
22	26373	12
22	26374	11
22	26375	11
22	26376	11
22	26377	11
22	26378	11
22	26379	10
22	26380	11
22	26381	11
22	26382	11
22	26383	11
22	26384	11
22	26385	10
22	26386	9
22	26387	9
22	26388	9
22	26389	8
22	26390	10
22	26391	8
22	26392	8
22	26393	9
22	26394	11
22	26395	12
22	26396	12
22	26397	11
22	26398	11
22	26399	11
22	26400	10
22	26401	10
22	26402	10
22	26403	9
22	26404	9
22	26405	9
22	26406	9
22	26407	10
22	26408	10
22	26409	10
22	26410	10
22	26411	10
22	26412	10
22	26413	10
22	26414	10
22	26415	10
22	26416	10
22	26417	10
22	26418	10
22	26419	10
22	26420	11
22	26421	11
22	26422	11
22	26423	12
22	26424	12
22	26425	11
22	26426	11
22	26427	10
22	26428	10
22	26429	10
22	26430	10
22	26431	11
22	26432	11
22	26433	11
22	26434	11
22	26435	11
22	26436	11
22	26437	10
22	26438	10
22	26439	10
22	26440	11
22	26441	12
22	26442	12
22	26443	13
22	26444	13
22	26445	12
22	26446	12
22	26447	12
22	26448	11
22	26449	12
22	26450	13
22	26451	13
22	26452	11
22	26453	10
22	26454	11
22	26455	11
22	26456	11
22	26457	11
22	26458	12
22	26459	12
22	26460	12
22	26461	14
22	26462	14
22	26463	14
22	26464	14
22	26465	14
22	26466	14
22	26467	15
22	26468	14
22	26469	14
22	26470	13
22	26471	14
22	26472	14
22	26473	13
22	26474	13
22	26475	13
22	26476	13
22	26477	13
22	26478	13
22	26479	13
22	26480	13
22	26481	12
22	26482	12
22	26483	11
22	26484	11
22	26485	10
22	26486	10
22	26487	10
22	26488	11
22	26489	12
22	26490	12
22	26491	11
22	26492	11
22	26493	11
22	26494	11
22	26495	10
22	26496	10
22	26497	10
22	26498	10
22	26499	10
22	26500	9
22	26501	9
22	26502	9
22	26503	9
22	26504	9
22	26505	9
22	26506	9
22	26507	9
22	26508	9
22	26509	8
22	26510	9
22	26511	9
22	26512	9
22	26513	9
22	26514	9
22	26515	10
22	26516	11
22	26517	10
22	26518	11
22	26519	11
22	26520	10
22	26521	9
22	26522	10
22	26523	11
22	26524	11
22	26525	11
22	26526	11
22	26527	11
22	26528	11
22	26529	11
22	26530	11
22	26531	11
22	26532	11
22	26533	10
22	26534	10
22	26535	10
22	26536	9
22	26537	9
22	26538	9
22	26539	9
22	26540	10
22	26541	11
22	26542	11
22	26543	11
22	26544	10
22	26545	10
22	26546	9
22	26547	8
22	26548	7
22	26549	7
22	26550	6
22	26551	7
22	26552	6
22	26553	6
22	26554	7
22	26555	7
22	26556	7
22	26557	7
22	26558	7
22	26559	7
22	26560	7
22	26561	7
22	26562	8
22	26563	10
22	26564	10
22	26565	9
22	26566	9
22	26567	9
22	26568	9
22	26569	10
22	26570	10
22	26571	11
22	26572	11
22	26573	10
22	26574	10
22	26575	10
22	26576	10
22	26577	10
22	26578	9
22	26579	9
22	26580	9
22	26581	9
22	26582	10
22	26583	10
22	26584	10
22	26585	10
22	26586	10
22	26587	10
22	26588	10
22	26589	11
22	26590	9
22	26591	8
22	26592	8
22	26593	8
22	26594	9
22	26595	9
22	26596	9
22	26597	8
22	26598	8
22	26599	9
22	26600	9
22	26601	9
22	26602	9
22	26603	9
22	26604	9
22	26605	9
22	26606	9
22	26607	9
22	26608	9
22	26609	10
22	26610	10
22	26611	11
22	26612	10
22	26613	10
22	26614	11
22	26615	12
22	26616	12
22	26617	12
22	26618	11
22	26619	12
22	26620	12
22	26621	13
22	26622	13
22	26623	14
22	26624	15
22	26625	15
22	26626	15
22	26627	14
22	26628	14
22	26629	14
22	26630	14
22	26631	15
22	26632	14
22	26633	14
22	26634	14
22	26635	14
22	26636	14
22	26637	13
22	26638	13
22	26639	13
22	26640	13
22	26641	13
22	26642	13
22	26643	13
22	26644	13
22	26645	12
22	26646	13
22	26647	13
22	26648	13
22	26649	13
22	26650	12
22	26651	12
22	26652	12
22	26653	12
22	26654	12
22	26655	12
22	26656	11
22	26657	11
22	26658	10
22	26659	9
22	26660	9
22	26661	9
22	26662	10
22	26663	10
22	26664	10
22	26665	9
22	26666	9
22	26667	9
22	26668	9
22	26669	9
22	26670	9
22	26671	9
22	26672	9
22	26673	9
22	26674	9
22	26675	9
22	26676	9
22	26677	8
22	26678	8
22	26679	8
22	26680	8
22	26681	8
22	26682	9
22	26683	9
22	26684	9
22	26685	9
22	26686	9
22	26687	8
22	26688	9
22	26689	9
22	26690	9
22	26691	8
22	26692	9
22	26693	9
22	26694	9
22	26695	9
22	26696	9
22	26697	9
22	26698	10
22	26699	10
22	26700	10
22	26701	9
22	26702	8
22	26703	8
22	26704	8
22	26705	8
22	26706	8
22	26707	8
22	26708	9
22	26709	8
22	26710	8
22	26711	8
22	26712	11
22	26713	11
22	26714	11
22	26715	11
22	26716	11
22	26717	10
22	26718	10
22	26719	10
22	26720	10
22	26721	10
22	26722	10
22	26723	11
22	26724	11
22	26725	11
22	26726	11
22	26727	11
22	26728	11
22	26729	10
22	26730	11
22	26731	11
22	26732	12
22	26733	13
22	26734	13
22	26735	13
22	26736	14
22	26737	14
22	26738	14
22	26739	15
22	26740	15
22	26741	15
22	26742	15
22	26743	14
22	26744	13
22	26745	14
22	26746	14
22	26747	14
22	26748	14
22	26749	13
22	26750	13
22	26751	14
22	26752	14
22	26753	14
22	26754	14
22	26755	13
22	26756	13
22	26757	13
22	26758	14
22	26759	13
22	26760	13
22	26761	13
22	26762	12
22	26763	12
22	26764	11
22	26765	10
22	26766	10
22	26767	11
22	26768	11
22	26769	11
22	26770	10
22	26771	10
22	26772	10
22	26773	11
22	26774	10
22	26775	11
22	26776	10
22	26777	11
22	26778	12
22	26779	12
22	26780	12
22	26781	12
22	26782	12
22	26783	12
22	26784	13
22	26785	14
22	26786	16
22	26787	16
22	26788	16
22	26789	16
22	26790	15
22	26791	15
22	26792	15
22	26793	16
22	26794	15
22	26795	15
22	26796	16
22	26797	16
22	26798	16
22	26799	15
22	26800	15
22	26801	15
22	26802	15
22	26803	15
22	26804	14
22	26805	13
22	26806	12
22	26807	12
22	26808	12
22	26809	11
22	26810	10
22	26811	10
22	26812	8
22	26813	9
22	26814	9
22	26815	9
22	26816	9
22	26817	10
22	26818	9
22	26819	9
22	26820	9
22	26821	9
22	26822	8
22	26823	9
22	26824	9
22	26825	9
22	26826	10
22	26827	10
22	26828	10
22	26829	10
22	26830	10
22	26831	11
22	26832	11
22	26833	11
22	26834	11
22	26835	11
22	26836	11
22	26837	11
22	26838	11
22	26839	11
22	26840	11
22	26841	12
22	26842	13
22	26843	13
22	26844	12
22	26845	12
22	26846	11
22	26847	11
22	26848	10
22	26849	11
22	26850	12
22	26851	11
22	26852	11
22	26853	12
22	26854	11
22	26855	11
22	26856	11
22	26857	10
22	26858	9
22	26859	9
22	26860	9
22	26861	9
22	26862	8
22	26863	8
22	26864	8
22	26865	7
22	26866	7
22	26867	7
22	26868	8
22	26869	8
22	26870	8
22	26871	8
22	26872	8
22	26873	8
22	26874	8
22	26875	7
22	26876	7
22	26877	7
22	26878	7
22	26879	7
22	26880	7
22	26881	6
22	26882	6
22	26883	6
22	26884	6
22	26885	7
22	26886	7
22	26887	6
22	26888	6
22	26889	6
22	26890	6
22	26891	6
22	26892	6
22	26893	6
22	26894	6
22	26895	6
22	26896	6
22	26897	6
22	26898	6
22	26899	6
22	26900	6
22	26901	6
22	26902	6
22	26903	6
22	26904	6
22	26905	6
22	26906	6
22	26907	6
22	26908	6
22	26909	6
22	26910	7
22	26911	7
22	26912	6
22	26913	6
22	26914	6
22	26915	6
22	26916	6
22	26917	5
22	26918	6
22	26919	7
22	26920	7
22	26921	7
22	26922	7
22	26923	7
22	26924	7
22	26925	7
22	26926	7
22	26927	7
22	26928	6
22	26929	6
22	26930	6
22	26931	6
22	26932	6
22	26933	6
22	26934	6
22	26935	6
22	26936	6
22	26937	6
22	26938	6
22	26939	6
22	26940	6
22	26941	6
22	26942	6
22	26943	6
22	26944	6
22	26945	6
22	26946	5
22	26947	5
22	26948	5
22	26949	5
22	26950	4
22	26951	3
22	26952	2
22	26953	2
22	26954	3
22	26955	3
22	26956	3
22	26957	3
22	26958	3
22	26959	3
22	26960	3
22	26961	2
22	26962	1
22	26963	1
22	26964	1
22	26965	1
22	26966	1
22	26967	1
22	26968	1
22	26969	1
22	26970	1
22	26971	1
22	26972	1
22	26973	1
22	26974	1
22	26975	1
22	26976	1
22	26977	1
22	26978	2
22	26979	2
22	26980	3
22	26981	3
22	26982	3
22	26983	3
22	26984	3
22	26985	3
22	26986	3
22	26987	3
22	26988	4
22	26989	4
22	26990	5
22	26991	5
22	26992	4
22	26993	4
22	26994	4
22	26995	4
22	26996	4
22	26997	4
22	26998	4
22	26999	4
22	27000	5
22	27001	6
22	27002	6
22	27003	7
22	27004	8
22	27005	8
22	27006	8
22	27007	8
22	27008	8
22	27009	8
22	27010	8
22	27011	8
22	27012	8
22	27013	7
22	27014	9
22	27015	8
22	27016	7
22	27017	7
22	27018	8
22	27019	8
22	27020	9
22	27021	9
22	27022	9
22	27023	9
22	27024	9
22	27025	9
22	27026	9
22	27027	9
22	27028	9
22	27029	9
22	27030	9
22	27031	9
22	27032	9
22	27033	9
22	27034	9
22	27035	9
22	27036	8
22	27037	7
22	27038	7
22	27039	8
22	27040	8
22	27041	9
22	27042	9
22	27043	8
22	27044	8
22	27045	8
22	27046	8
22	27047	8
22	27048	8
22	27049	8
22	27050	8
22	27051	8
22	27052	8
22	27053	7
22	27054	8
22	27055	8
22	27056	8
22	27057	7
22	27058	7
22	27059	7
22	27060	7
22	27061	7
22	27062	7
22	27063	7
22	27064	6
22	27065	7
22	27066	7
22	27067	8
22	27068	10
22	27069	10
22	27070	10
22	27071	10
22	27072	10
22	27073	10
22	27074	11
22	27075	11
22	27076	11
22	27077	11
22	27078	11
22	27079	11
22	27080	11
22	27081	10
22	27082	10
22	27083	10
22	27084	10
22	27085	10
22	27086	11
22	27087	11
22	27088	10
22	27089	11
22	27090	11
22	27091	11
22	27092	12
22	27093	12
22	27094	12
22	27095	12
22	27096	12
22	27097	13
22	27098	13
22	27099	13
22	27100	13
22	27101	14
22	27102	13
22	27103	13
22	27104	12
22	27105	12
22	27106	12
22	27107	12
22	27108	12
22	27109	13
22	27110	13
22	27111	13
22	27112	12
22	27113	13
22	27114	13
22	27115	13
22	27116	13
22	27117	13
22	27118	13
22	27119	14
22	27120	15
22	27121	14
22	27122	14
22	27123	14
22	27124	14
22	27125	14
22	27126	14
22	27127	14
22	27128	13
22	27129	14
22	27130	14
22	27131	14
22	27132	13
22	27133	13
22	27134	13
22	27135	14
22	27136	13
22	27137	14
22	27138	14
22	27139	14
22	27140	14
22	27141	14
22	27142	14
22	27143	14
22	27144	13
22	27145	12
22	27146	12
22	27147	12
22	27148	13
22	27149	13
22	27150	13
22	27151	12
22	27152	12
22	27153	10
22	27154	9
22	27155	9
22	27156	7
22	27157	7
22	27158	7
22	27159	7
22	27160	7
22	27161	7
22	27162	6
22	27163	7
22	27164	8
22	27165	7
22	27166	7
22	27167	7
22	27168	8
22	27169	8
22	27170	8
22	27171	8
22	27172	8
22	27173	8
22	27174	9
22	27175	9
22	27176	9
22	27177	8
22	27178	9
22	27179	9
22	27180	10
22	27181	10
22	27182	11
22	27183	12
22	27184	12
22	27185	13
22	27186	14
22	27187	14
22	27188	14
22	27189	14
22	27190	15
22	27191	15
22	27192	15
22	27193	15
22	27194	15
22	27195	15
22	27196	15
22	27197	16
22	27198	16
22	27199	16
22	27200	15
22	27201	14
22	27202	14
22	27203	14
22	27204	14
22	27205	15
22	27206	15
22	27207	15
22	27208	16
22	27209	16
22	27210	16
22	27211	16
22	27212	16
22	27213	14
22	27214	13
22	27215	13
22	27216	12
22	27217	11
22	27218	11
22	27219	11
22	27220	11
22	27221	10
22	27222	10
22	27223	10
22	27224	10
22	27225	10
22	27226	11
22	27227	11
22	27228	11
22	27229	11
22	27230	12
22	27231	12
22	27232	13
22	27233	13
22	27234	12
22	27235	13
22	27236	12
22	27237	12
22	27238	12
22	27239	10
22	27240	10
22	27241	11
22	27242	11
22	27243	11
22	27244	11
22	27245	12
22	27246	12
22	27247	12
22	27248	12
22	27249	13
22	27250	13
22	27251	13
22	27252	13
22	27253	12
22	27254	13
22	27255	13
22	27256	13
22	27257	14
22	27258	13
22	27259	13
22	27260	13
22	27261	12
22	27262	11
22	27263	12
22	27264	12
22	27265	12
22	27266	12
22	27267	12
22	27268	12
22	27269	12
22	27270	12
22	27271	12
22	27272	12
22	27273	12
22	27274	12
22	27275	12
22	27276	12
22	27277	12
22	27278	13
22	27279	13
22	27280	13
22	27281	13
22	27282	13
22	27283	13
22	27284	13
22	27285	13
22	27286	13
22	27287	13
22	27288	13
22	27289	13
22	27290	12
22	27291	13
22	27292	13
22	27293	14
22	27294	14
22	27295	14
22	27296	14
22	27297	13
22	27298	12
22	27299	12
22	27300	12
22	27301	13
22	27302	13
22	27303	13
22	27304	14
22	27305	14
22	27306	14
22	27307	14
22	27308	13
22	27309	14
22	27310	14
22	27311	15
22	27312	14
22	27313	15
22	27314	16
22	27315	18
22	27316	19
22	27317	16
22	27318	15
22	27319	15
22	27320	17
22	27321	18
22	27322	19
22	27323	20
22	27324	20
22	27325	20
22	27326	21
22	27327	21
22	27328	21
22	27329	20
22	27330	18
22	27331	18
22	27332	18
22	27333	18
22	27334	17
22	27335	18
22	27336	17
22	27337	17
22	27338	16
22	27339	16
22	27340	16
22	27341	16
22	27342	14
22	27343	14
22	27344	13
22	27345	13
22	27346	13
22	27347	12
22	27348	12
22	27349	12
22	27350	12
22	27351	11
22	27352	12
22	27353	11
22	27354	10
22	27355	10
22	27356	10
22	27357	10
22	27358	11
22	27359	10
22	27360	10
22	27361	10
22	27362	11
22	27363	11
22	27364	11
22	27365	11
22	27366	10
22	27367	11
22	27368	10
22	27369	9
22	27370	10
22	27371	10
22	27372	11
22	27373	11
22	27374	12
22	27375	12
22	27376	13
22	27377	13
22	27378	13
22	27379	14
22	27380	14
22	27381	14
22	27382	13
22	27383	13
22	27384	13
22	27385	12
22	27386	13
22	27387	13
22	27388	13
22	27389	13
22	27390	13
22	27391	13
22	27392	12
22	27393	13
22	27394	12
22	27395	14
22	27396	14
22	27397	15
22	27398	15
22	27399	15
22	27400	15
22	27401	15
22	27402	15
22	27403	15
22	27404	14
22	27405	13
22	27406	12
22	27407	12
22	27408	13
22	27409	14
22	27410	14
22	27411	13
22	27412	12
22	27413	12
22	27414	12
22	27415	12
22	27416	11
22	27417	12
22	27418	12
22	27419	12
22	27420	11
22	27421	11
22	27422	10
22	27423	11
22	27424	11
22	27425	11
22	27426	11
22	27427	11
22	27428	11
22	27429	11
22	27430	11
22	27431	11
22	27432	11
22	27433	11
22	27434	11
22	27435	10
22	27436	10
22	27437	10
22	27438	10
22	27439	10
22	27440	10
22	27441	10
22	27442	10
22	27443	10
22	27444	10
22	27445	9
22	27446	9
22	27447	10
22	27448	11
22	27449	11
22	27450	11
22	27451	12
22	27452	13
22	27453	13
22	27454	14
22	27455	14
22	27456	14
22	27457	12
22	27458	12
22	27459	12
22	27460	12
22	27461	12
22	27462	12
22	27463	12
22	27464	11
22	27465	11
22	27466	10
22	27467	10
22	27468	11
22	27469	11
22	27470	11
22	27471	11
22	27472	11
22	27473	12
22	27474	11
22	27475	11
22	27476	12
22	27477	12
22	27478	12
22	27479	12
22	27480	12
22	27481	12
22	27482	12
22	27483	12
22	27484	12
22	27485	11
22	27486	12
22	27487	13
22	27488	14
22	27489	14
22	27490	14
22	27491	13
22	27492	13
22	27493	14
22	27494	14
22	27495	15
22	27496	15
22	27497	15
22	27498	15
22	27499	16
22	27500	18
22	27501	17
22	27502	17
22	27503	17
22	27504	16
22	27505	15
22	27506	15
22	27507	14
22	27508	13
22	27509	14
22	27510	13
22	27511	13
22	27512	12
22	27513	12
22	27514	12
22	27515	12
22	27516	13
22	27517	13
22	27518	13
22	27519	14
22	27520	14
22	27521	15
22	27522	14
22	27523	14
22	27524	15
22	27525	13
22	27526	14
22	27527	14
22	27528	14
22	27529	14
22	27530	14
22	27531	14
22	27532	14
22	27533	14
22	27534	14
22	27535	14
22	27536	12
22	27537	12
22	27538	12
22	27539	10
22	27540	9
22	27541	8
22	27542	7
22	27543	6
22	27544	5
22	27545	5
22	27546	4
22	27547	4
22	27548	4
22	27549	4
22	27550	4
22	27551	4
22	27552	5
22	27553	5
22	27554	5
22	27555	5
22	27556	4
22	27557	4
22	27558	4
22	27559	5
22	27560	5
22	27561	4
22	27562	4
22	27563	4
22	27564	4
22	27565	5
22	27566	5
22	27567	4
22	27568	4
22	27569	4
22	27570	4
22	27571	4
22	27572	4
22	27573	4
22	27574	4
22	27575	4
22	27576	4
22	27577	4
22	27578	4
22	27579	4
22	27580	5
22	27581	5
22	27582	5
22	27583	5
22	27584	5
22	27585	6
22	27586	7
22	27587	7
22	27588	7
22	27589	7
22	27590	7
22	27591	6
22	27592	6
22	27593	6
22	27594	6
22	27595	6
22	27596	7
22	27597	7
22	27598	6
22	27599	6
22	27600	6
22	27601	6
22	27602	6
22	27603	6
22	27604	6
22	27605	6
22	27606	6
22	27607	6
22	27608	6
22	27609	8
22	27610	7
22	27611	7
22	27612	8
22	27613	7
22	27614	7
22	27615	7
22	27616	7
22	27617	8
22	27618	9
22	27619	9
22	27620	9
22	27621	9
22	27622	8
22	27623	8
22	27624	8
22	27625	7
22	27626	7
22	27627	7
22	27628	7
22	27629	8
22	27630	8
22	27631	8
22	27632	7
22	27633	7
22	27634	7
22	27635	10
22	27636	10
22	27637	10
22	27638	9
22	27639	9
22	27640	8
22	27641	8
22	27642	8
22	27643	9
22	27644	10
22	27645	9
22	27646	9
22	27647	10
22	27648	11
22	27649	11
22	27650	11
22	27651	11
22	27652	11
22	27653	11
22	27654	10
22	27655	10
22	27656	10
22	27657	10
22	27658	10
22	27659	10
22	27660	10
22	27661	10
22	27662	10
22	27663	10
22	27664	8
22	27665	8
22	27666	8
22	27667	8
22	27668	7
22	27669	7
22	27670	7
22	27671	7
22	27672	6
22	27673	6
22	27674	6
22	27675	7
22	27676	7
22	27677	7
22	27678	7
22	27679	6
22	27680	7
22	27681	7
22	27682	7
22	27683	7
22	27684	8
22	27685	8
22	27686	8
22	27687	9
22	27688	8
22	27689	7
22	27690	7
22	27691	7
22	27692	7
22	27693	7
22	27694	6
22	27695	7
22	27696	7
22	27697	8
22	27698	9
22	27699	11
22	27700	12
22	27701	12
22	27702	11
22	27703	11
22	27704	11
22	27705	11
22	27706	12
22	27707	12
22	27708	13
22	27709	14
22	27710	14
22	27711	15
22	27712	17
22	27713	16
22	27714	17
22	27715	17
22	27716	17
22	27717	18
22	27718	18
22	27719	19
22	27720	18
22	27721	18
22	27722	17
22	27723	17
22	27724	17
22	27725	16
22	27726	15
22	27727	16
22	27728	16
22	27729	16
22	27730	16
22	27731	16
22	27732	16
22	27733	16
22	27734	16
22	27735	15
22	27736	14
22	27737	14
22	27738	13
22	27739	12
22	27740	12
22	27741	11
22	27742	10
22	27743	11
22	27744	11
22	27745	11
22	27746	11
22	27747	11
22	27748	11
22	27749	11
22	27750	11
22	27751	10
22	27752	10
22	27753	9
22	27754	8
22	27755	8
22	27756	7
22	27757	5
22	27758	4
22	27759	3
22	27760	3
22	27761	3
22	27762	2
22	27763	4
22	27764	4
22	27765	4
22	27766	4
22	27767	4
22	27768	4
22	27769	4
22	27770	3
22	27771	3
22	27772	3
22	27773	3
22	27774	3
22	27775	3
22	27776	3
22	27777	4
22	27778	5
22	27779	6
22	27780	6
22	27781	6
22	27782	7
22	27783	7
22	27784	8
22	27785	9
22	27786	10
22	27787	10
22	27788	10
22	27789	10
22	27790	11
22	27791	10
22	27792	11
22	27793	11
22	27794	11
22	27795	12
22	27796	12
22	27797	13
22	27798	12
22	27799	12
22	27800	12
22	27801	12
22	27802	12
22	27803	13
22	27804	13
22	27805	13
22	27806	12
22	27807	12
22	27808	10
22	27809	10
22	27810	10
22	27811	9
22	27812	9
22	27813	9
22	27814	9
22	27815	9
22	27816	9
22	27817	9
22	27818	10
22	27819	10
22	27820	10
22	27821	9
22	27822	9
22	27823	9
22	27824	9
22	27825	8
22	27826	8
22	27827	8
22	27828	8
22	27829	8
22	27830	8
22	27831	8
22	27832	9
22	27833	9
22	27834	9
22	27835	9
22	27836	8
22	27837	9
22	27838	10
22	27839	11
22	27840	12
22	27841	11
22	27842	11
22	27843	11
22	27844	11
22	27845	11
22	27846	11
22	27847	11
22	27848	10
22	27849	12
22	27850	12
22	27851	12
22	27852	13
22	27853	12
22	27854	12
22	27855	13
22	27856	13
22	27857	13
22	27858	13
22	27859	14
22	27860	14
22	27861	14
22	27862	14
22	27863	13
22	27864	13
22	27865	12
22	27866	13
22	27867	13
22	27868	13
22	27869	13
22	27870	14
22	27871	14
22	27872	14
22	27873	14
22	27874	15
22	27875	16
22	27876	15
22	27877	15
22	27878	14
22	27879	13
22	27880	13
22	27881	12
22	27882	12
22	27883	13
22	27884	13
22	27885	13
22	27886	13
22	27887	12
22	27888	12
22	27889	12
22	27890	12
22	27891	13
22	27892	12
22	27893	13
22	27894	13
22	27895	13
22	27896	13
22	27897	14
22	27898	14
22	27899	14
22	27900	14
22	27901	14
22	27902	13
22	27903	13
22	27904	13
22	27905	14
22	27906	14
22	27907	13
22	27908	12
22	27909	12
22	27910	11
22	27911	11
22	27912	11
22	27913	11
22	27914	11
22	27915	11
22	27916	11
22	27917	11
22	27918	10
22	27919	11
22	27920	11
22	27921	10
22	27922	10
22	27923	9
22	27924	9
22	27925	8
22	27926	9
22	27927	9
22	27928	8
22	27929	8
22	27930	8
22	27931	8
22	27932	8
22	27933	9
22	27934	9
22	27935	10
22	27936	10
22	27937	10
22	27938	10
22	27939	10
22	27940	10
22	27941	10
22	27942	10
22	27943	9
22	27944	8
22	27945	7
22	27946	7
22	27947	7
22	27948	7
22	27949	6
22	27950	6
22	27951	6
22	27952	6
22	27953	5
22	27954	5
22	27955	6
22	27956	6
22	27957	6
22	27958	6
22	27959	6
22	27960	6
22	27961	6
22	27962	5
22	27963	5
22	27964	5
22	27965	5
22	27966	5
22	27967	4
22	27968	4
22	27969	4
22	27970	4
22	27971	4
22	27972	4
22	27973	4
22	27974	4
22	27975	4
22	27976	4
22	27977	5
22	27978	5
22	27979	4
22	27980	4
22	27981	4
22	27982	4
22	27983	4
22	27984	4
22	27985	4
22	27986	5
22	27987	6
22	27988	6
22	27989	6
22	27990	6
22	27991	5
22	27992	4
22	27993	5
22	27994	6
22	27995	7
22	27996	6
22	27997	6
22	27998	6
22	27999	6
22	28000	6
22	28001	6
22	28002	7
22	28003	7
22	28004	7
22	28005	8
22	28006	8
22	28007	8
22	28008	9
22	28009	9
22	28010	9
22	28011	9
22	28012	9
22	28013	8
22	28014	8
22	28015	6
22	28016	6
22	28017	6
22	28018	7
22	28019	8
22	28020	9
22	28021	9
22	28022	10
22	28023	10
22	28024	10
22	28025	9
22	28026	9
22	28027	9
22	28028	9
22	28029	9
22	28030	10
22	28031	10
22	28032	10
22	28033	10
22	28034	12
22	28035	12
22	28036	12
22	28037	14
22	28038	14
22	28039	14
22	28040	13
22	28041	14
22	28042	14
22	28043	13
22	28044	13
22	28045	14
22	28046	14
22	28047	14
22	28048	14
22	28049	13
22	28050	13
22	28051	11
22	28052	10
22	28053	10
22	28054	10
22	28055	10
22	28056	10
22	28057	10
22	28058	8
22	28059	8
22	28060	7
22	28061	7
22	28062	7
22	28063	8
22	28064	8
22	28065	8
22	28066	9
22	28067	9
22	28068	9
22	28069	9
22	28070	9
22	28071	9
22	28072	9
22	28073	9
22	28074	8
22	28075	8
22	28076	8
22	28077	8
22	28078	8
22	28079	8
22	28080	8
22	28081	9
22	28082	10
22	28083	11
22	28084	12
22	28085	13
22	28086	13
22	28087	13
22	28088	14
22	28089	14
22	28090	15
22	28091	15
22	28092	15
22	28093	16
22	28094	16
22	28095	16
22	28096	17
22	28097	17
22	28098	18
22	28099	18
22	28100	18
22	28101	18
22	28102	17
22	28103	17
22	28104	16
22	28105	17
22	28106	18
22	28107	18
22	28108	19
22	28109	18
22	28110	18
22	28111	17
22	28112	17
22	28113	16
22	28114	15
22	28115	14
22	28116	15
22	28117	15
22	28118	15
22	28119	16
22	28120	16
22	28121	17
22	28122	17
22	28123	17
22	28124	17
22	28125	17
22	28126	16
22	28127	15
22	28128	14
22	28129	12
22	28130	10
22	28131	11
22	28132	11
22	28133	11
22	28134	11
22	28135	10
22	28136	9
22	28137	10
22	28138	9
22	28139	9
22	28140	9
22	28141	9
22	28142	9
22	28143	9
22	28144	8
22	28145	7
22	28146	7
22	28147	7
22	28148	7
22	28149	7
22	28150	7
22	28151	7
22	28152	6
22	28153	6
22	28154	7
22	28155	7
22	28156	7
22	28157	7
22	28158	7
22	28159	8
22	28160	6
22	28161	7
22	28162	7
22	28163	7
22	28164	8
22	28165	8
22	28166	8
22	28167	8
22	28168	7
22	28169	7
22	28170	7
22	28171	8
22	28172	7
22	28173	7
22	28174	8
22	28175	7
22	28176	6
22	28177	5
22	28178	5
22	28179	5
22	28180	4
22	28181	4
22	28182	4
22	28183	4
22	28184	4
22	28185	4
22	28186	4
22	28187	4
22	28188	4
22	28189	4
22	28190	4
22	28191	4
22	28192	4
22	28193	3
22	28194	4
22	28195	4
22	28196	4
22	28197	4
22	28198	4
22	28199	4
22	28200	5
22	28201	6
22	28202	6
22	28203	7
22	28204	7
22	28205	7
22	28206	7
22	28207	8
22	28208	9
22	28209	9
22	28210	10
22	28211	10
22	28212	9
22	28213	9
22	28214	9
22	28215	10
22	28216	10
22	28217	11
22	28218	11
22	28219	10
22	28220	10
22	28221	10
22	28222	10
22	28223	9
22	28224	9
22	28225	9
22	28226	11
22	28227	12
22	28228	10
22	28229	10
22	28230	11
22	28231	11
22	28232	12
22	28233	12
22	28234	12
22	28235	13
22	28236	14
22	28237	14
22	28238	14
22	28239	14
22	28240	14
22	28241	14
22	28242	14
22	28243	14
22	28244	14
22	28245	14
22	28246	14
22	28247	14
22	28248	14
22	28249	15
22	28250	16
22	28251	16
22	28252	16
22	28253	16
22	28254	14
22	28255	14
22	28256	14
22	28257	13
22	28258	11
22	28259	10
22	28260	10
22	28261	9
22	28262	9
22	28263	9
22	28264	9
22	28265	9
22	28266	10
22	28267	10
22	28268	11
22	28269	12
22	28270	12
22	28271	12
22	28272	13
22	28273	14
22	28274	14
22	28275	14
22	28276	14
22	28277	13
22	28278	13
22	28279	13
22	28280	14
22	28281	15
22	28282	15
22	28283	16
22	28284	16
22	28285	16
22	28286	17
22	28287	16
22	28288	17
22	28289	17
22	28290	17
22	28291	17
22	28292	17
22	28293	16
22	28294	16
22	28295	16
22	28296	15
22	28297	15
22	28298	15
22	28299	16
22	28300	16
22	28301	16
22	28302	17
22	28303	16
22	28304	16
22	28305	15
22	28306	16
22	28307	16
22	28308	16
22	28309	14
22	28310	14
22	28311	14
22	28312	14
22	28313	13
22	28314	12
22	28315	11
22	28316	12
22	28317	13
22	28318	13
22	28319	13
22	28320	14
22	28321	13
22	28322	13
22	28323	13
22	28324	13
22	28325	13
22	28326	13
22	28327	12
22	28328	11
22	28329	11
22	28330	10
22	28331	11
22	28332	11
22	28333	11
22	28334	11
22	28335	11
22	28336	12
22	28337	11
22	28338	10
22	28339	9
22	28340	8
22	28341	8
22	28342	8
22	28343	8
22	28344	8
22	28345	9
22	28346	9
22	28347	10
22	28348	10
22	28349	10
22	28350	10
22	28351	9
22	28352	9
22	28353	9
22	28354	9
22	28355	9
22	28356	9
22	28357	9
22	28358	9
22	28359	9
22	28360	8
22	28361	8
22	28362	7
22	28363	6
22	28364	5
22	28365	5
22	28366	5
22	28367	5
22	28368	6
22	28369	7
22	28370	8
22	28371	9
22	28372	9
22	28373	9
22	28374	9
22	28375	9
22	28376	9
22	28377	8
22	28378	8
22	28379	8
22	28380	8
22	28381	8
22	28382	8
22	28383	8
22	28384	8
22	28385	9
22	28386	9
22	28387	8
22	28388	7
22	28389	7
22	28390	7
22	28391	7
22	28392	7
22	28393	7
22	28394	7
22	28395	6
22	28396	6
22	28397	5
22	28398	5
22	28399	6
22	28400	6
22	28401	6
22	28402	6
22	28403	7
22	28404	7
22	28405	7
22	28406	7
22	28407	8
22	28408	8
22	28409	8
22	28410	9
22	28411	8
22	28412	8
22	28413	7
22	28414	7
22	28415	7
22	28416	7
22	28417	7
22	28418	7
22	28419	7
22	28420	7
22	28421	7
22	28422	6
22	28423	6
22	28424	7
22	28425	7
22	28426	7
22	28427	7
22	28428	8
22	28429	9
22	28430	7
22	28431	6
22	28432	6
22	28433	6
22	28434	6
22	28435	6
22	28436	6
22	28437	6
22	28438	7
22	28439	7
22	28440	7
22	28441	7
22	28442	8
22	28443	7
22	28444	7
22	28445	7
22	28446	8
22	28447	9
22	28448	9
22	28449	9
22	28450	9
22	28451	9
22	28452	10
22	28453	10
22	28454	10
22	28455	10
22	28456	10
22	28457	11
22	28458	11
22	28459	11
22	28460	12
22	28461	12
22	28462	13
22	28463	13
22	28464	13
22	28465	13
22	28466	13
22	28467	13
22	28468	13
22	28469	12
22	28470	11
22	28471	12
22	28472	11
22	28473	12
22	28474	12
22	28475	12
22	28476	12
22	28477	11
22	28478	11
22	28479	11
22	28480	13
22	28481	13
22	28482	13
22	28483	12
22	28484	12
22	28485	13
22	28486	13
22	28487	13
22	28488	14
22	28489	14
22	28490	14
22	28491	14
22	28492	13
22	28493	13
22	28494	12
22	28495	12
22	28496	12
22	28497	12
22	28498	12
22	28499	12
22	28500	12
22	28501	12
22	28502	10
22	28503	9
22	28504	8
22	28505	9
22	28506	9
22	28507	10
22	28508	11
22	28509	11
22	28510	11
22	28511	10
22	28512	10
22	28513	11
22	28514	12
22	28515	11
22	28516	12
22	28517	13
22	28518	13
22	28519	13
22	28520	13
22	28521	13
22	28522	13
22	28523	13
22	28524	14
22	28525	14
22	28526	14
22	28527	15
22	28528	15
22	28529	16
22	28530	16
22	28531	17
22	28532	17
22	28533	16
22	28534	16
22	28535	16
22	28536	15
22	28537	15
22	28538	15
22	28539	15
22	28540	15
22	28541	15
22	28542	16
22	28543	15
22	28544	15
22	28545	15
22	28546	15
22	28547	15
22	28548	16
22	28549	17
22	28550	17
22	28551	17
22	28552	16
22	28553	15
22	28554	15
22	28555	15
22	28556	15
22	28557	15
22	28558	15
22	28559	15
22	28560	15
22	28561	15
22	28562	15
22	28563	15
22	28564	14
22	28565	14
22	28566	13
22	28567	13
22	28568	13
22	28569	13
22	28570	13
22	28571	13
22	28572	14
22	28573	14
22	28574	13
22	28575	13
22	28576	13
22	28577	13
22	28578	14
22	28579	15
22	28580	15
22	28581	14
22	28582	14
22	28583	14
22	28584	14
22	28585	15
22	28586	14
22	28587	14
22	28588	13
22	28589	13
22	28590	13
22	28591	15
22	28592	14
22	28593	13
22	28594	14
22	28595	14
22	28596	14
22	28597	16
22	28598	15
22	28599	15
22	28600	15
22	28601	14
22	28602	14
22	28603	14
22	28604	14
22	28605	14
22	28606	14
22	28607	14
22	28608	15
22	28609	15
22	28610	14
22	28611	14
22	28612	15
22	28613	15
22	28614	14
22	28615	14
22	28616	13
22	28617	14
22	28618	14
22	28619	14
22	28620	14
22	28621	14
22	28622	14
22	28623	15
22	28624	15
22	28625	16
22	28626	16
22	28627	16
22	28628	15
22	28629	15
22	28630	15
22	28631	15
22	28632	14
22	28633	14
22	28634	13
22	28635	13
22	28636	13
22	28637	13
22	28638	13
22	28639	12
22	28640	12
22	28641	12
22	28642	12
22	28643	11
22	28644	10
22	28645	11
22	28646	11
22	28647	11
22	28648	11
22	28649	10
22	28650	11
22	28651	9
22	28652	9
22	28653	9
22	28654	9
22	28655	9
22	28656	10
22	28657	10
22	28658	9
22	28659	9
22	28660	9
22	28661	9
22	28662	9
22	28663	9
22	28664	9
22	28665	9
22	28666	9
22	28667	10
22	28668	9
22	28669	9
22	28670	8
22	28671	8
22	28672	8
22	28673	8
22	28674	9
22	28675	9
22	28676	9
22	28677	8
22	28678	8
22	28679	8
22	28680	8
22	28681	7
22	28682	7
22	28683	7
22	28684	5
22	28685	5
22	28686	5
22	28687	5
22	28688	5
22	28689	4
22	28690	4
22	28691	5
22	28692	5
22	28693	5
22	28694	6
22	28695	8
22	28696	8
22	28697	8
22	28698	8
22	28699	6
22	28700	6
22	28701	6
22	28702	6
22	28703	6
22	28704	6
22	28705	6
22	28706	7
22	28707	7
22	28708	7
22	28709	7
22	28710	8
22	28711	8
22	28712	8
22	28713	8
22	28714	8
22	28715	8
22	28716	9
22	28717	9
22	28718	10
22	28719	10
22	28720	10
22	28721	10
22	28722	10
22	28723	10
22	28724	10
22	28725	11
22	28726	10
22	28727	11
22	28728	12
22	28729	12
22	28730	12
22	28731	12
22	28732	12
22	28733	12
22	28734	11
22	28735	10
22	28736	10
22	28737	10
22	28738	11
22	28739	11
22	28740	11
22	28741	11
22	28742	11
22	28743	11
22	28744	11
22	28745	11
22	28746	11
22	28747	11
22	28748	11
22	28749	11
22	28750	12
22	28751	11
22	28752	10
22	28753	10
22	28754	9
22	28755	10
22	28756	9
22	28757	9
22	28758	7
22	28759	9
22	28760	9
22	28761	9
22	28762	9
22	28763	8
22	28764	9
22	28765	8
22	28766	7
22	28767	7
22	28768	7
22	28769	7
22	28770	7
22	28771	7
22	28772	7
22	28773	7
22	28774	7
22	28775	7
22	28776	7
22	28777	7
22	28778	6
22	28779	6
22	28780	6
22	28781	7
22	28782	5
22	28783	5
22	28784	6
22	28785	7
22	28786	7
22	28787	8
22	28788	8
22	28789	8
22	28790	7
22	28791	8
22	28792	8
22	28793	8
22	28794	8
22	28795	9
22	28796	10
22	28797	11
22	28798	11
22	28799	11
22	28800	11
22	28801	11
22	28802	11
22	28803	10
22	28804	10
22	28805	10
22	28806	11
22	28807	11
22	28808	11
22	28809	11
22	28810	10
22	28811	9
22	28812	10
22	28813	9
22	28814	10
22	28815	11
22	28816	12
22	28817	12
22	28818	13
22	28819	14
22	28820	14
22	28821	13
22	28822	14
22	28823	14
22	28824	15
22	28825	15
22	28826	15
22	28827	15
22	28828	15
22	28829	15
22	28830	14
22	28831	14
22	28832	14
22	28833	13
22	28834	14
22	28835	14
22	28836	15
22	28837	14
22	28838	14
22	28839	13
22	28840	13
22	28841	12
22	28842	12
22	28843	12
22	28844	10
22	28845	10
22	28846	10
22	28847	10
22	28848	9
22	28849	9
22	28850	9
22	28851	9
22	28852	9
22	28853	8
22	28854	8
22	28855	9
22	28856	8
22	28857	6
22	28858	7
22	28859	7
22	28860	7
22	28861	7
22	28862	8
22	28863	7
22	28864	8
22	28865	8
22	28866	7
22	28867	7
22	28868	8
22	28869	9
22	28870	10
22	28871	10
22	28872	10
22	28873	10
22	28874	10
22	28875	11
22	28876	10
22	28877	10
22	28878	10
22	28879	10
22	28880	10
22	28881	10
22	28882	9
22	28883	9
22	28884	9
22	28885	10
22	28886	10
22	28887	10
22	28888	10
22	28889	12
22	28890	12
22	28891	12
22	28892	12
22	28893	11
22	28894	12
22	28895	11
22	28896	11
22	28897	11
22	28898	12
22	28899	12
22	28900	12
22	28901	12
22	28902	12
22	28903	12
22	28904	13
22	28905	13
22	28906	13
22	28907	13
22	28908	12
22	28909	12
22	28910	14
22	28911	14
22	28912	14
22	28913	13
22	28914	12
22	28915	11
22	28916	12
22	28917	12
22	28918	12
22	28919	13
22	28920	12
22	28921	12
22	28922	13
22	28923	13
22	28924	13
22	28925	13
22	28926	14
22	28927	14
22	28928	14
22	28929	14
22	28930	13
22	28931	14
22	28932	14
22	28933	14
22	28934	14
22	28935	14
22	28936	14
22	28937	15
22	28938	15
22	28939	15
22	28940	14
22	28941	14
22	28942	12
22	28943	12
22	28944	12
22	28945	11
22	28946	11
22	28947	10
22	28948	10
22	28949	10
22	28950	10
22	28951	10
22	28952	9
22	28953	9
22	28954	9
22	28955	8
22	28956	9
22	28957	9
22	28958	9
22	28959	9
22	28960	10
22	28961	9
22	28962	9
22	28963	8
22	28964	8
22	28965	9
22	28966	9
22	28967	9
22	28968	9
22	28969	9
22	28970	9
22	28971	9
22	28972	9
22	28973	8
22	28974	9
22	28975	8
22	28976	8
22	28977	7
22	28978	7
22	28979	7
22	28980	8
22	28981	8
22	28982	9
22	28983	9
22	28984	9
22	28985	9
22	28986	10
22	28987	10
22	28988	10
22	28989	11
22	28990	10
22	28991	10
22	28992	9
22	28993	9
22	28994	9
22	28995	9
22	28996	9
22	28997	10
22	28998	9
22	28999	9
22	29000	9
22	29001	8
22	29002	7
22	29003	7
22	29004	7
22	29005	7
22	29006	7
22	29007	6
22	29008	6
22	29009	5
22	29010	5
22	29011	5
22	29012	5
22	29013	5
22	29014	4
22	29015	5
22	29016	5
22	29017	5
22	29018	5
22	29019	4
22	29020	4
22	29021	5
22	29022	4
22	29023	4
22	29024	3
22	29025	3
22	29026	3
22	29027	3
22	29028	3
22	29029	3
22	29030	3
22	29031	3
22	29032	3
22	29033	3
22	29034	2
22	29035	2
22	29036	2
22	29037	2
22	29038	2
22	29039	2
22	29040	2
22	29041	2
22	29042	3
22	29043	4
22	29044	4
22	29045	4
22	29046	4
22	29047	4
22	29048	4
22	29049	4
22	29050	4
22	29051	4
22	29052	4
22	29053	3
22	29054	4
22	29055	4
22	29056	4
22	29057	4
22	29058	4
22	29059	5
22	29060	5
22	29061	5
22	29062	5
22	29063	6
22	29064	6
22	29065	6
22	29066	6
22	29067	6
22	29068	6
22	29069	5
22	29070	5
22	29071	5
22	29072	5
22	29073	5
22	29074	5
22	29075	6
22	29076	6
22	29077	6
22	29078	7
22	29079	7
22	29080	7
22	29081	7
22	29082	7
22	29083	6
22	29084	6
22	29085	6
22	29086	6
22	29087	6
22	29088	7
22	29089	6
22	29090	5
22	29091	6
22	29092	7
22	29093	7
22	29094	7
22	29095	6
22	29096	6
22	29097	7
22	29098	7
22	29099	7
22	29100	7
22	29101	7
22	29102	7
22	29103	7
22	29104	7
22	29105	5
22	29106	5
22	29107	5
22	29108	4
22	29109	4
22	29110	6
22	29111	6
22	29112	5
22	29113	5
22	29114	5
22	29115	5
22	29116	5
22	29117	5
22	29118	5
22	29119	6
22	29120	6
22	29121	6
22	29122	6
22	29123	6
22	29124	6
22	29125	5
22	29126	5
22	29127	4
22	29128	4
22	29129	4
22	29130	5
22	29131	5
22	29132	5
22	29133	5
22	29134	6
22	29135	6
22	29136	6
22	29137	6
22	29138	6
22	29139	6
22	29140	6
22	29141	6
22	29142	6
22	29143	6
22	29144	6
22	29145	7
22	29146	7
22	29147	7
22	29148	7
22	29149	6
22	29150	6
22	29151	6
22	29152	7
22	29153	8
22	29154	8
22	29155	9
22	29156	9
22	29157	9
22	29158	9
22	29159	10
22	29160	10
22	29161	10
22	29162	10
22	29163	10
22	29164	12
22	29165	13
22	29166	13
22	29167	13
22	29168	13
22	29169	12
22	29170	12
22	29171	12
22	29172	11
22	29173	13
22	29174	13
22	29175	13
22	29176	13
22	29177	13
22	29178	13
22	29179	12
22	29180	13
22	29181	14
22	29182	14
22	29183	14
22	29184	14
22	29185	14
22	29186	14
22	29187	14
22	29188	14
22	29189	15
22	29190	15
22	29191	15
22	29192	15
22	29193	14
22	29194	13
22	29195	13
22	29196	13
22	29197	14
22	29198	14
22	29199	13
22	29200	13
22	29201	13
22	29202	13
22	29203	14
22	29204	15
22	29205	13
22	29206	13
22	29207	14
22	29208	14
22	29209	13
22	29210	12
22	29211	12
22	29212	11
22	29213	12
22	29214	12
22	29215	12
22	29216	12
22	29217	12
22	29218	12
22	29219	13
22	29220	13
22	29221	12
22	29222	12
22	29223	12
22	29224	12
22	29225	12
22	29226	12
22	29227	12
22	29228	13
22	29229	12
22	29230	12
22	29231	11
22	29232	12
22	29233	12
22	29234	13
22	29235	13
22	29236	13
22	29237	13
22	29238	13
22	29239	13
22	29240	12
22	29241	12
22	29242	12
22	29243	13
22	29244	12
22	29245	12
22	29246	12
22	29247	12
22	29248	12
22	29249	13
22	29250	13
22	29251	13
22	29252	12
22	29253	13
22	29254	13
22	29255	13
22	29256	12
22	29257	12
22	29258	13
22	29259	13
22	29260	14
22	29261	13
22	29262	12
22	29263	13
22	29264	13
22	29265	14
22	29266	14
22	29267	14
22	29268	13
22	29269	13
22	29270	13
22	29271	12
22	29272	13
22	29273	13
22	29274	13
22	29275	13
22	29276	14
22	29277	13
22	29278	13
22	29279	13
22	29280	13
22	29281	13
22	29282	13
22	29283	12
22	29284	12
22	29285	11
22	29286	10
22	29287	10
22	29288	9
22	29289	9
22	29290	10
22	29291	9
22	29292	8
22	29293	8
22	29294	8
22	29295	9
22	29296	9
22	29297	9
22	29298	8
22	29299	8
22	29300	9
22	29301	9
22	29302	9
22	29303	8
22	29304	8
22	29305	7
22	29306	8
22	29307	9
22	29308	11
22	29309	11
22	29310	11
22	29311	11
22	29312	11
22	29313	11
22	29314	11
22	29315	11
22	29316	12
22	29317	13
22	29318	13
22	29319	13
22	29320	13
22	29321	12
22	29322	12
22	29323	12
22	29324	13
22	29325	13
22	29326	15
22	29327	15
22	29328	14
22	29329	16
22	29330	16
22	29331	17
22	29332	16
22	29333	16
22	29334	15
22	29335	15
22	29336	15
22	29337	16
22	29338	15
22	29339	15
22	29340	16
22	29341	16
22	29342	16
22	29343	15
22	29344	15
22	29345	16
22	29346	16
22	29347	17
22	29348	17
22	29349	17
22	29350	16
22	29351	16
22	29352	16
22	29353	16
22	29354	15
22	29355	15
22	29356	15
22	29357	14
22	29358	14
22	29359	14
22	29360	14
22	29361	14
22	29362	14
22	29363	13
22	29364	12
22	29365	12
22	29366	11
22	29367	11
22	29368	11
22	29369	10
22	29370	10
22	29371	10
22	29372	9
22	29373	7
22	29374	8
22	29375	9
22	29376	10
22	29377	10
22	29378	11
22	29379	11
22	29380	11
22	29381	11
22	29382	10
22	29383	11
22	29384	11
22	29385	11
22	29386	11
22	29387	11
22	29388	11
22	29389	11
22	29390	11
22	29391	10
22	29392	10
22	29393	10
22	29394	10
22	29395	10
22	29396	9
22	29397	9
22	29398	9
22	29399	9
22	29400	7
22	29401	8
22	29402	8
22	29403	8
22	29404	7
22	29405	7
22	29406	7
22	29407	7
22	29408	7
22	29409	7
22	29410	7
22	29411	7
22	29412	7
22	29413	7
22	29414	7
22	29415	8
22	29416	8
22	29417	7
22	29418	7
22	29419	7
22	29420	7
22	29421	7
22	29422	6
22	29423	6
22	29424	8
22	29425	8
22	29426	8
22	29427	8
22	29428	9
22	29429	9
22	29430	9
22	29431	9
22	29432	8
22	29433	6
22	29434	6
22	29435	6
22	29436	6
22	29437	5
22	29438	5
22	29439	6
22	29440	6
22	29441	6
22	29442	5
22	29443	5
22	29444	5
22	29445	5
22	29446	5
22	29447	6
22	29448	7
22	29449	7
22	29450	7
22	29451	7
22	29452	7
22	29453	7
22	29454	7
22	29455	7
22	29456	6
22	29457	6
22	29458	6
22	29459	6
22	29460	6
22	29461	6
22	29462	6
22	29463	6
22	29464	5
22	29465	5
22	29466	4
22	29467	4
22	29468	4
22	29469	3
22	29470	4
22	29471	4
22	29472	5
22	29473	5
22	29474	5
22	29475	6
22	29476	6
22	29477	5
22	29478	5
22	29479	5
22	29480	5
22	29481	5
22	29482	5
22	29483	5
22	29484	7
22	29485	7
22	29486	8
22	29487	8
22	29488	8
22	29489	8
22	29490	8
22	29491	7
22	29492	7
22	29493	7
22	29494	9
22	29495	9
22	29496	10
22	29497	10
22	29498	10
22	29499	10
22	29500	10
22	29501	11
22	29502	11
22	29503	11
22	29504	11
22	29505	11
22	29506	11
22	29507	12
22	29508	12
22	29509	12
22	29510	11
22	29511	11
22	29512	12
22	29513	12
22	29514	12
22	29515	11
22	29516	9
22	29517	10
22	29518	11
22	29519	11
22	29520	10
22	29521	10
22	29522	10
22	29523	10
22	29524	9
22	29525	9
22	29526	9
22	29527	9
22	29528	9
22	29529	9
22	29530	9
22	29531	9
22	29532	9
22	29533	9
22	29534	9
22	29535	9
22	29536	9
22	29537	9
22	29538	9
22	29539	9
22	29540	9
22	29541	9
22	29542	10
22	29543	10
22	29544	8
22	29545	8
22	29546	8
22	29547	8
22	29548	7
22	29549	7
22	29550	6
22	29551	6
22	29552	6
22	29553	6
22	29554	5
22	29555	5
22	29556	6
22	29557	6
22	29558	6
22	29559	7
22	29560	7
22	29561	7
22	29562	7
22	29563	7
22	29564	6
22	29565	6
22	29566	6
22	29567	6
22	29568	7
22	29569	8
22	29570	8
22	29571	8
22	29572	8
22	29573	8
22	29574	8
22	29575	8
22	29576	8
22	29577	8
22	29578	7
22	29579	7
22	29580	7
22	29581	6
22	29582	6
22	29583	6
22	29584	6
22	29585	6
22	29586	5
22	29587	5
22	29588	5
22	29589	5
22	29590	5
22	29591	6
22	29592	6
22	29593	6
22	29594	5
22	29595	4
22	29596	3
22	29597	2
22	29598	2
22	29599	2
22	29600	3
22	29601	3
22	29602	3
22	29603	3
22	29604	4
22	29605	4
22	29606	4
22	29607	4
22	29608	4
22	29609	4
22	29610	5
22	29611	5
22	29612	5
22	29613	6
22	29614	7
22	29615	7
22	29616	7
22	29617	7
22	29618	7
22	29619	7
22	29620	8
22	29621	8
22	29622	8
22	29623	9
22	29624	10
22	29625	9
22	29626	9
22	29627	9
22	29628	8
22	29629	8
22	29630	8
22	29631	8
22	29632	8
22	29633	8
22	29634	9
22	29635	9
22	29636	9
22	29637	9
22	29638	9
22	29639	9
22	29640	9
22	29641	9
22	29642	10
22	29643	10
22	29644	9
22	29645	9
22	29646	9
22	29647	8
22	29648	9
22	29649	10
22	29650	10
22	29651	11
22	29652	11
22	29653	12
22	29654	12
22	29655	12
22	29656	12
22	29657	12
22	29658	12
22	29659	12
22	29660	13
22	29661	13
22	29662	12
22	29663	12
22	29664	12
22	29665	12
22	29666	14
22	29667	14
22	29668	14
22	29669	14
22	29670	12
22	29671	12
22	29672	12
22	29673	12
22	29674	12
22	29675	12
22	29676	12
22	29677	11
22	29678	11
22	29679	9
22	29680	9
22	29681	9
22	29682	10
22	29683	9
22	29684	9
22	29685	7
22	29686	6
22	29687	5
22	29688	6
22	29689	6
22	29690	6
22	29691	6
22	29692	5
22	29693	5
22	29694	5
22	29695	5
22	29696	6
22	29697	6
22	29698	6
22	29699	6
22	29700	6
22	29701	6
22	29702	6
22	29703	7
22	29704	7
22	29705	8
22	29706	8
22	29707	8
22	29708	8
22	29709	8
22	29710	8
22	29711	8
22	29712	8
22	29713	7
22	29714	6
22	29715	6
22	29716	6
22	29717	5
22	29718	5
22	29719	5
22	29720	5
22	29721	4
22	29722	3
22	29723	2
22	29724	2
22	29725	3
22	29726	3
22	29727	3
22	29728	3
22	29729	4
22	29730	4
22	29731	4
22	29732	4
22	29733	5
22	29734	5
22	29735	6
22	29736	6
22	29737	6
22	29738	7
22	29739	7
22	29740	7
22	29741	7
22	29742	8
22	29743	8
22	29744	8
22	29745	9
22	29746	9
22	29747	11
22	29748	10
22	29749	10
22	29750	11
22	29751	11
22	29752	11
22	29753	12
22	29754	12
22	29755	12
22	29756	11
22	29757	11
22	29758	11
22	29759	11
22	29760	11
22	29761	10
22	29762	10
22	29763	10
22	29764	10
22	29765	9
22	29766	9
22	29767	8
22	29768	7
22	29769	8
22	29770	8
22	29771	8
22	29772	8
22	29773	8
22	29774	8
22	29775	8
22	29776	8
22	29777	8
22	29778	9
22	29779	10
22	29780	10
22	29781	10
22	29782	11
22	29783	11
22	29784	11
22	29785	11
22	29786	12
22	29787	12
22	29788	12
22	29789	12
22	29790	14
22	29791	13
22	29792	13
22	29793	12
22	29794	13
22	29795	13
22	29796	13
22	29797	13
22	29798	13
22	29799	13
22	29800	14
22	29801	13
22	29802	14
22	29803	14
22	29804	14
22	29805	14
22	29806	14
22	29807	14
22	29808	15
22	29809	15
22	29810	15
22	29811	15
22	29812	14
22	29813	14
22	29814	14
22	29815	14
22	29816	13
22	29817	13
22	29818	13
22	29819	13
22	29820	12
22	29821	12
22	29822	12
22	29823	12
22	29824	13
22	29825	12
22	29826	11
22	29827	11
22	29828	11
22	29829	12
22	29830	13
22	29831	13
22	29832	14
22	29833	14
22	29834	14
22	29835	15
22	29836	15
22	29837	15
22	29838	15
22	29839	14
22	29840	15
22	29841	14
22	29842	14
22	29843	13
22	29844	13
22	29845	13
22	29846	13
22	29847	11
22	29848	11
22	29849	11
22	29850	11
22	29851	11
22	29852	11
22	29853	11
22	29854	12
22	29855	12
22	29856	12
22	29857	12
22	29858	12
22	29859	12
22	29860	12
22	29861	12
22	29862	11
22	29863	10
22	29864	11
22	29865	11
22	29866	11
22	29867	13
22	29868	13
22	29869	13
22	29870	13
22	29871	12
22	29872	12
22	29873	11
22	29874	11
22	29875	11
22	29876	12
22	29877	12
22	29878	12
22	29879	11
22	29880	11
22	29881	12
22	29882	12
22	29883	12
22	29884	12
22	29885	12
22	29886	12
22	29887	12
22	29888	12
22	29889	13
22	29890	12
22	29891	12
22	29892	12
22	29893	12
22	29894	12
22	29895	12
22	29896	12
22	29897	12
22	29898	12
22	29899	11
22	29900	11
22	29901	11
22	29902	10
22	29903	10
22	29904	9
22	29905	9
22	29906	10
22	29907	9
22	29908	9
22	29909	9
22	29910	9
22	29911	8
22	29912	8
22	29913	7
22	29914	7
22	29915	7
22	29916	8
22	29917	8
22	29918	8
22	29919	8
22	29920	8
22	29921	9
22	29922	8
22	29923	8
22	29924	9
22	29925	9
22	29926	9
22	29927	9
22	29928	9
22	29929	9
22	29930	10
22	29931	10
22	29932	10
22	29933	10
22	29934	10
22	29935	10
22	29936	11
22	29937	11
22	29938	11
22	29939	11
22	29940	11
22	29941	10
22	29942	9
22	29943	9
22	29944	8
22	29945	7
22	29946	7
22	29947	7
22	29948	8
22	29949	7
22	29950	7
22	29951	8
22	29952	8
22	29953	8
22	29954	9
22	29955	9
22	29956	8
22	29957	8
22	29958	8
22	29959	8
22	29960	8
22	29961	9
22	29962	9
22	29963	8
22	29964	9
22	29965	10
22	29966	10
22	29967	10
22	29968	10
22	29969	9
22	29970	9
22	29971	9
22	29972	9
22	29973	9
22	29974	9
22	29975	9
22	29976	8
22	29977	8
22	29978	8
22	29979	8
22	29980	8
22	29981	8
22	29982	9
22	29983	10
22	29984	10
22	29985	10
22	29986	10
22	29987	9
22	29988	10
22	29989	10
22	29990	9
22	29991	9
22	29992	9
22	29993	7
22	29994	7
22	29995	7
22	29996	7
22	29997	8
22	29998	8
22	29999	8
22	30000	8
22	30001	8
22	30002	8
22	30003	8
22	30004	8
22	30005	7
22	30006	8
22	30007	8
22	30008	8
22	30009	8
22	30010	8
22	30011	8
22	30012	8
22	30013	10
22	30014	10
22	30015	10
22	30016	11
22	30017	11
22	30018	11
22	30019	11
22	30020	11
22	30021	10
22	30022	10
22	30023	9
22	30024	9
22	30025	9
22	30026	9
22	30027	9
22	30028	9
22	30029	9
22	30030	9
22	30031	9
22	30032	9
22	30033	9
22	30034	9
22	30035	10
22	30036	10
22	30037	9
22	30038	9
22	30039	9
22	30040	7
22	30041	6
22	30042	6
22	30043	6
22	30044	6
22	30045	5
22	30046	5
22	30047	4
22	30048	4
22	30049	4
22	30050	4
22	30051	4
22	30052	6
22	30053	6
22	30054	5
22	30055	5
22	30056	5
22	30057	4
22	30058	4
22	30059	4
22	30060	4
22	30061	5
22	30062	6
22	30063	6
22	30064	8
22	30065	8
22	30066	8
22	30067	9
22	30068	10
22	30069	11
22	30070	12
22	30071	13
22	30072	13
22	30073	13
22	30074	13
22	30075	13
22	30076	14
22	30077	14
22	30078	14
22	30079	14
22	30080	14
22	30081	14
22	30082	14
22	30083	15
22	30084	15
22	30085	15
22	30086	16
22	30087	16
22	30088	16
22	30089	16
22	30090	15
22	30091	16
22	30092	15
22	30093	15
22	30094	14
22	30095	13
22	30096	13
22	30097	13
22	30098	13
22	30099	13
22	30100	13
22	30101	13
22	30102	11
22	30103	11
22	30104	11
22	30105	11
22	30106	10
22	30107	10
22	30108	10
22	30109	10
22	30110	10
22	30111	9
22	30112	8
22	30113	8
22	30114	7
22	30115	6
22	30116	7
22	30117	7
22	30118	6
22	30119	6
22	30120	6
22	30121	5
22	30122	7
22	30123	7
22	30124	7
22	30125	7
22	30126	6
22	30127	5
22	30128	5
22	30129	5
22	30130	5
22	30131	6
22	30132	6
22	30133	7
22	30134	7
22	30135	6
22	30136	6
22	30137	6
22	30138	6
22	30139	6
22	30140	6
22	30141	6
22	30142	7
22	30143	8
22	30144	8
22	30145	8
22	30146	8
22	30147	8
22	30148	10
22	30149	10
22	30150	10
22	30151	11
22	30152	11
22	30153	12
22	30154	12
22	30155	12
22	30156	12
22	30157	12
22	30158	12
22	30159	13
22	30160	13
22	30161	13
22	30162	14
22	30163	13
22	30164	12
22	30165	12
22	30166	12
22	30167	12
22	30168	11
22	30169	12
22	30170	13
22	30171	13
22	30172	13
22	30173	13
22	30174	12
22	30175	12
22	30176	13
22	30177	13
22	30178	13
22	30179	14
22	30180	15
22	30181	15
22	30182	16
22	30183	16
22	30184	15
22	30185	14
22	30186	14
22	30187	14
22	30188	14
22	30189	14
22	30190	14
22	30191	14
22	30192	14
22	30193	13
22	30194	15
22	30195	15
22	30196	14
22	30197	13
22	30198	14
22	30199	16
22	30200	16
22	30201	16
22	30202	16
22	30203	15
22	30204	14
22	30205	13
22	30206	13
22	30207	12
22	30208	12
22	30209	12
22	30210	11
22	30211	11
22	30212	10
22	30213	9
22	30214	9
22	30215	9
22	30216	8
22	30217	8
22	30218	8
22	30219	9
22	30220	9
22	30221	9
22	30222	9
22	30223	9
22	30224	7
22	30225	7
22	30226	6
22	30227	5
22	30228	5
22	30229	5
22	30230	5
22	30231	5
22	30232	6
22	30233	7
22	30234	7
22	30235	7
22	30236	7
22	30237	8
22	30238	9
22	30239	10
22	30240	10
22	30241	10
22	30242	11
22	30243	12
22	30244	11
22	30245	10
22	30246	10
22	30247	10
22	30248	10
22	30249	10
22	30250	11
22	30251	11
22	30252	11
22	30253	12
22	30254	12
22	30255	13
22	30256	13
22	30257	13
22	30258	15
22	30259	14
22	30260	14
22	30261	14
22	30262	14
22	30263	14
22	30264	14
22	30265	14
22	30266	14
22	30267	14
22	30268	15
22	30269	15
22	30270	15
22	30271	15
22	30272	15
22	30273	15
22	30274	14
22	30275	14
22	30276	14
22	30277	12
22	30278	12
22	30279	13
22	30280	13
22	30281	13
22	30282	12
22	30283	12
22	30284	12
22	30285	12
22	30286	12
22	30287	11
22	30288	11
22	30289	12
22	30290	13
22	30291	14
22	30292	13
22	30293	12
22	30294	11
22	30295	11
22	30296	11
22	30297	11
22	30298	11
22	30299	11
22	30300	12
22	30301	11
22	30302	11
22	30303	12
22	30304	12
22	30305	11
22	30306	11
22	30307	11
22	30308	10
22	30309	10
22	30310	10
22	30311	11
22	30312	13
22	30313	13
22	30314	13
22	30315	13
22	30316	14
22	30317	14
22	30318	14
22	30319	14
22	30320	15
22	30321	15
22	30322	15
22	30323	15
22	30324	14
22	30325	14
22	30326	13
22	30327	12
22	30328	12
22	30329	12
22	30330	10
22	30331	9
22	30332	9
22	30333	10
22	30334	10
22	30335	10
22	30336	10
22	30337	10
22	30338	10
22	30339	9
22	30340	9
22	30341	9
22	30342	9
22	30343	9
22	30344	7
22	30345	8
22	30346	7
22	30347	6
22	30348	6
22	30349	6
22	30350	6
22	30351	6
22	30352	6
22	30353	6
22	30354	6
22	30355	7
22	30356	7
22	30357	7
22	30358	6
22	30359	6
22	30360	7
22	30361	8
22	30362	8
22	30363	9
22	30364	9
22	30365	9
22	30366	8
22	30367	8
22	30368	8
22	30369	8
22	30370	8
22	30371	8
22	30372	8
22	30373	8
22	30374	8
22	30375	8
22	30376	9
22	30377	9
22	30378	9
22	30379	9
22	30380	10
22	30381	10
22	30382	10
22	30383	9
22	30384	10
22	30385	10
22	30386	10
22	30387	11
22	30388	10
22	30389	10
22	30390	10
22	30391	10
22	30392	11
22	30393	11
22	30394	12
22	30395	12
22	30396	10
22	30397	10
22	30398	11
22	30399	13
22	30400	14
22	30401	14
22	30402	14
22	30403	14
22	30404	14
22	30405	14
22	30406	14
22	30407	15
22	30408	16
22	30409	17
22	30410	17
22	30411	18
22	30412	17
22	30413	18
22	30414	18
22	30415	18
22	30416	18
22	30417	17
22	30418	15
22	30419	14
22	30420	13
22	30421	12
22	30422	13
22	30423	13
22	30424	13
22	30425	13
22	30426	13
22	30427	13
22	30428	13
22	30429	13
22	30430	12
22	30431	11
22	30432	10
22	30433	10
22	30434	10
22	30435	10
22	30436	11
22	30437	11
22	30438	10
22	30439	10
22	30440	10
22	30441	10
22	30442	11
22	30443	11
22	30444	12
22	30445	12
22	30446	12
22	30447	12
22	30448	12
22	30449	13
22	30450	12
22	30451	12
22	30452	12
22	30453	12
22	30454	11
22	30455	11
22	30456	10
22	30457	10
22	30458	10
22	30459	9
22	30460	9
22	30461	9
22	30462	8
22	30463	9
22	30464	9
22	30465	9
22	30466	11
22	30467	11
22	30468	11
22	30469	11
22	30470	10
22	30471	10
22	30472	11
22	30473	11
22	30474	11
22	30475	13
22	30476	13
22	30477	12
22	30478	12
22	30479	12
22	30480	12
22	30481	11
22	30482	11
22	30483	11
22	30484	11
22	30485	10
22	30486	9
22	30487	10
22	30488	9
22	30489	9
22	30490	10
22	30491	12
22	30492	12
22	30493	13
22	30494	12
22	30495	13
22	30496	13
22	30497	12
22	30498	13
22	30499	14
22	30500	15
22	30501	15
22	30502	14
22	30503	14
22	30504	15
22	30505	15
22	30506	15
22	30507	16
22	30508	16
22	30509	16
22	30510	17
22	30511	16
22	30512	16
22	30513	15
22	30514	15
22	30515	14
22	30516	13
22	30517	12
22	30518	11
22	30519	10
22	30520	10
22	30521	9
22	30522	9
22	30523	9
22	30524	8
22	30525	8
22	30526	8
22	30527	8
22	30528	8
22	30529	8
22	30530	7
22	30531	7
22	30532	8
22	30533	8
22	30534	8
22	30535	8
22	30536	9
22	30537	10
22	30538	10
22	30539	10
22	30540	10
22	30541	11
22	30542	12
22	30543	12
22	30544	11
22	30545	11
22	30546	10
22	30547	9
22	30548	8
22	30549	8
22	30550	8
22	30551	8
22	30552	8
22	30553	8
22	30554	8
22	30555	8
22	30556	9
22	30557	9
22	30558	9
22	30559	9
22	30560	9
22	30561	9
22	30562	10
22	30563	10
22	30564	11
22	30565	11
22	30566	11
22	30567	11
22	30568	11
22	30569	10
22	30570	9
22	30571	9
22	30572	8
22	30573	7
22	30574	8
22	30575	7
22	30576	7
22	30577	7
22	30578	7
22	30579	8
22	30580	7
22	30581	8
22	30582	8
22	30583	9
22	30584	9
22	30585	9
22	30586	9
22	30587	9
22	30588	9
22	30589	10
22	30590	9
22	30591	9
22	30592	9
22	30593	8
22	30594	7
22	30595	6
22	30596	6
22	30597	5
22	30598	6
22	30599	6
22	30600	6
22	30601	6
22	30602	8
22	30603	9
22	30604	9
22	30605	9
22	30606	8
22	30607	8
22	30608	8
22	30609	8
22	30610	8
22	30611	8
22	30612	7
22	30613	7
22	30614	7
22	30615	8
22	30616	8
22	30617	8
22	30618	8
22	30619	9
22	30620	9
22	30621	9
22	30622	9
22	30623	9
22	30624	9
22	30625	8
22	30626	7
22	30627	6
22	30628	7
22	30629	7
22	30630	6
22	30631	6
22	30632	5
22	30633	5
22	30634	7
22	30635	6
22	30636	7
22	30637	7
22	30638	7
22	30639	7
22	30640	7
22	30641	7
22	30642	7
22	30643	7
22	30644	7
22	30645	7
22	30646	7
22	30647	7
22	30648	6
22	30649	6
22	30650	6
22	30651	6
22	30652	6
22	30653	6
22	30654	6
22	30655	4
22	30656	4
22	30657	5
22	30658	5
22	30659	4
22	30660	4
22	30661	4
22	30662	4
22	30663	4
22	30664	4
22	30665	4
22	30666	4
22	30667	4
22	30668	4
22	30669	4
22	30670	4
22	30671	4
22	30672	3
22	30673	3
22	30674	3
22	30675	2
22	30676	2
22	30677	2
22	30678	1
22	30679	1
22	30680	1
22	30681	1
22	30682	1
22	30683	1
22	30684	1
22	30685	1
22	30686	1
22	30687	1
22	30688	1
22	30689	1
22	30690	1
22	30691	1
22	30692	1
22	30693	1
22	30694	1
22	30695	1
22	30696	1
22	30697	1
22	30698	2
22	30699	2
22	30700	3
22	30701	3
22	30702	5
22	30703	5
22	30704	5
22	30705	5
22	30706	6
22	30707	6
22	30708	6
22	30709	7
22	30710	9
22	30711	9
22	30712	11
22	30713	12
22	30714	12
22	30715	12
22	30716	12
22	30717	12
22	30718	12
22	30719	12
22	30720	12
22	30721	12
22	30722	12
22	30723	13
22	30724	13
22	30725	13
22	30726	12
22	30727	12
22	30728	12
22	30729	12
22	30730	12
22	30731	12
22	30732	13
22	30733	13
22	30734	13
22	30735	13
22	30736	13
22	30737	13
22	30738	13
22	30739	13
22	30740	13
22	30741	13
22	30742	14
22	30743	13
22	30744	13
22	30745	13
22	30746	12
22	30747	11
22	30748	10
22	30749	10
22	30750	9
22	30751	8
22	30752	9
22	30753	9
22	30754	9
22	30755	9
22	30756	8
22	30757	8
22	30758	8
22	30759	10
22	30760	10
22	30761	10
22	30762	11
22	30763	12
22	30764	12
22	30765	12
22	30766	13
22	30767	13
22	30768	12
22	30769	12
22	30770	12
22	30771	12
22	30772	12
22	30773	12
22	30774	11
22	30775	11
22	30776	10
22	30777	10
22	30778	10
22	30779	7
22	30780	8
22	30781	8
22	30782	7
22	30783	7
22	30784	8
22	30785	7
22	30786	7
22	30787	7
22	30788	7
22	30789	7
22	30790	7
22	30791	7
22	30792	7
22	30793	7
22	30794	7
22	30795	7
22	30796	7
22	30797	8
22	30798	8
22	30799	8
22	30800	8
22	30801	7
22	30802	7
22	30803	6
22	30804	6
22	30805	6
22	30806	6
22	30807	6
22	30808	6
22	30809	6
22	30810	7
22	30811	7
22	30812	7
22	30813	7
22	30814	7
22	30815	7
22	30816	7
22	30817	7
22	30818	7
22	30819	7
22	30820	7
22	30821	7
22	30822	7
22	30823	7
22	30824	7
22	30825	7
22	30826	7
22	30827	8
22	30828	8
22	30829	8
22	30830	8
22	30831	8
22	30832	8
22	30833	10
22	30834	10
22	30835	10
22	30836	11
22	30837	10
22	30838	11
22	30839	11
22	30840	11
22	30841	11
22	30842	11
22	30843	11
22	30844	11
22	30845	11
22	30846	12
22	30847	11
22	30848	11
22	30849	11
22	30850	11
22	30851	11
22	30852	10
22	30853	10
22	30854	10
22	30855	10
22	30856	10
22	30857	10
22	30858	10
22	30859	10
22	30860	10
22	30861	10
22	30862	10
22	30863	9
22	30864	9
22	30865	8
22	30866	8
22	30867	7
22	30868	7
22	30869	7
22	30870	7
22	30871	7
22	30872	8
22	30873	6
22	30874	7
22	30875	7
22	30876	7
22	30877	8
22	30878	8
22	30879	8
22	30880	8
22	30881	8
22	30882	8
22	30883	8
22	30884	8
22	30885	8
22	30886	8
22	30887	9
22	30888	10
22	30889	10
22	30890	10
22	30891	10
22	30892	10
22	30893	10
22	30894	10
22	30895	10
22	30896	9
22	30897	7
22	30898	7
22	30899	7
22	30900	8
22	30901	8
22	30902	8
22	30903	8
22	30904	8
22	30905	9
22	30906	9
22	30907	9
22	30908	9
22	30909	9
22	30910	10
22	30911	10
22	30912	10
22	30913	10
22	30914	10
22	30915	10
22	30916	10
22	30917	10
22	30918	10
22	30919	10
22	30920	9
22	30921	9
22	30922	9
22	30923	9
22	30924	9
22	30925	9
22	30926	9
22	30927	9
22	30928	10
22	30929	10
22	30930	10
22	30931	11
22	30932	11
22	30933	11
22	30934	13
22	30935	13
22	30936	14
22	30937	14
22	30938	14
22	30939	14
22	30940	14
22	30941	14
22	30942	14
22	30943	14
22	30944	15
22	30945	15
22	30946	15
22	30947	16
22	30948	15
22	30949	15
22	30950	14
22	30951	14
22	30952	14
22	30953	13
22	30954	12
22	30955	12
22	30956	11
22	30957	10
22	30958	10
22	30959	9
22	30960	9
22	30961	9
22	30962	9
22	30963	9
22	30964	9
22	30965	9
22	30966	9
22	30967	9
22	30968	9
22	30969	9
22	30970	9
22	30971	10
22	30972	10
22	30973	10
22	30974	9
22	30975	9
22	30976	8
22	30977	8
22	30978	9
22	30979	9
22	30980	9
22	30981	9
22	30982	9
22	30983	10
22	30984	10
22	30985	10
22	30986	10
22	30987	10
22	30988	11
22	30989	11
22	30990	12
22	30991	12
22	30992	11
22	30993	10
22	30994	10
22	30995	10
22	30996	10
22	30997	10
22	30998	10
22	30999	10
22	31000	10
22	31001	11
22	31002	11
22	31003	11
22	31004	11
22	31005	11
22	31006	10
22	31007	10
22	31008	10
22	31009	10
22	31010	10
22	31011	10
22	31012	10
22	31013	9
22	31014	9
22	31015	7
22	31016	7
22	31017	8
22	31018	7
22	31019	6
22	31020	5
22	31021	5
22	31022	5
22	31023	6
22	31024	6
22	31025	6
22	31026	6
22	31027	6
22	31028	6
22	31029	6
22	31030	6
22	31031	6
22	31032	6
22	31033	6
22	31034	6
22	31035	6
22	31036	6
22	31037	7
22	31038	7
22	31039	7
22	31040	7
22	31041	6
22	31042	6
22	31043	6
22	31044	5
22	31045	5
22	31046	6
22	31047	5
22	31048	5
22	31049	5
22	31050	6
22	31051	6
22	31052	6
22	31053	6
22	31054	6
22	31055	6
22	31056	6
22	31057	6
22	31058	6
22	31059	6
22	31060	6
22	31061	6
22	31062	6
22	31063	5
22	31064	5
22	31065	5
22	31066	4
22	31067	6
22	31068	6
22	31069	6
22	31070	7
22	31071	8
22	31072	8
22	31073	8
22	31074	8
22	31075	9
22	31076	9
22	31077	9
22	31078	9
22	31079	9
22	31080	9
22	31081	9
22	31082	9
22	31083	9
22	31084	9
22	31085	9
22	31086	9
22	31087	9
22	31088	9
22	31089	8
22	31090	8
22	31091	6
22	31092	6
22	31093	8
22	31094	8
22	31095	8
22	31096	8
22	31097	8
22	31098	8
22	31099	7
22	31100	8
22	31101	8
22	31102	8
22	31103	7
22	31104	7
22	31105	7
22	31106	6
22	31107	6
22	31108	6
22	31109	6
22	31110	6
22	31111	6
22	31112	6
22	31113	5
22	31114	5
22	31115	5
22	31116	5
22	31117	5
22	31118	5
22	31119	5
22	31120	5
22	31121	5
22	31122	5
22	31123	5
22	31124	5
22	31125	5
22	31126	5
22	31127	4
22	31128	4
22	31129	3
22	31130	3
22	31131	4
22	31132	3
22	31133	3
22	31134	3
22	31135	3
22	31136	4
22	31137	4
22	31138	4
22	31139	4
22	31140	4
22	31141	4
22	31142	4
22	31143	5
22	31144	5
22	31145	5
22	31146	5
22	31147	5
22	31148	5
22	31149	5
22	31150	5
22	31151	5
22	31152	5
22	31153	5
22	31154	6
22	31155	6
22	31156	6
22	31157	6
22	31158	6
22	31159	7
22	31160	8
22	31161	9
22	31162	11
22	31163	10
22	31164	9
22	31165	10
22	31166	11
22	31167	11
22	31168	10
22	31169	11
22	31170	11
22	31171	11
22	31172	12
22	31173	12
22	31174	13
22	31175	13
22	31176	14
22	31177	14
22	31178	14
22	31179	14
22	31180	14
22	31181	13
22	31182	13
22	31183	14
22	31184	14
22	31185	14
22	31186	14
22	31187	14
22	31188	15
22	31189	15
22	31190	14
22	31191	13
22	31192	13
22	31193	13
22	31194	13
22	31195	12
22	31196	12
22	31197	11
22	31198	11
22	31199	11
22	31200	11
22	31201	11
22	31202	12
22	31203	13
22	31204	13
22	31205	13
22	31206	13
22	31207	13
22	31208	13
22	31209	14
22	31210	14
22	31211	13
22	31212	12
22	31213	12
22	31214	13
22	31215	13
22	31216	13
22	31217	13
22	31218	11
22	31219	10
22	31220	11
22	31221	11
22	31222	11
22	31223	11
22	31224	12
22	31225	12
22	31226	12
22	31227	13
22	31228	13
22	31229	13
22	31230	13
22	31231	13
22	31232	13
22	31233	14
22	31234	14
22	31235	14
22	31236	14
22	31237	14
22	31238	13
22	31239	13
22	31240	13
22	31241	14
22	31242	14
22	31243	15
22	31244	15
22	31245	15
22	31246	14
22	31247	14
22	31248	13
22	31249	12
22	31250	13
22	31251	13
22	31252	12
22	31253	12
22	31254	12
22	31255	11
22	31256	11
22	31257	10
22	31258	9
22	31259	10
22	31260	10
22	31261	11
22	31262	11
22	31263	11
22	31264	12
22	31265	12
22	31266	11
22	31267	11
22	31268	11
22	31269	12
22	31270	12
22	31271	13
22	31272	13
22	31273	13
22	31274	13
22	31275	13
22	31276	12
22	31277	12
22	31278	11
22	31279	11
22	31280	11
22	31281	11
22	31282	11
22	31283	11
22	31284	10
22	31285	11
22	31286	12
22	31287	14
22	31288	14
22	31289	14
22	31290	14
22	31291	14
22	31292	13
22	31293	12
22	31294	12
22	31295	13
22	31296	13
22	31297	13
22	31298	14
22	31299	14
22	31300	14
22	31301	13
22	31302	13
22	31303	13
22	31304	14
22	31305	13
22	31306	13
22	31307	13
22	31308	14
22	31309	13
22	31310	13
22	31311	12
22	31312	12
22	31313	12
22	31314	12
22	31315	13
22	31316	15
22	31317	15
22	31318	15
22	31319	15
22	31320	13
22	31321	14
22	31322	13
22	31323	13
22	31324	13
22	31325	13
22	31326	14
22	31327	14
22	31328	15
22	31329	14
22	31330	15
22	31331	15
22	31332	15
22	31333	15
22	31334	15
22	31335	16
22	31336	17
22	31337	15
22	31338	16
22	31339	17
22	31340	17
22	31341	15
22	31342	15
22	31343	14
22	31344	14
22	31345	15
22	31346	15
22	31347	15
22	31348	16
22	31349	16
22	31350	18
22	31351	18
22	31352	18
22	31353	18
22	31354	17
22	31355	17
22	31356	17
22	31357	17
22	31358	18
22	31359	18
22	31360	18
22	31361	16
22	31362	15
22	31363	14
22	31364	15
22	31365	14
22	31366	14
22	31367	12
22	31368	12
22	31369	12
22	31370	11
22	31371	10
22	31372	11
22	31373	11
22	31374	11
22	31375	11
22	31376	12
22	31377	12
22	31378	12
22	31379	12
22	31380	13
22	31381	13
22	31382	15
22	31383	14
22	31384	14
22	31385	14
22	31386	14
22	31387	13
22	31388	13
22	31389	12
22	31390	12
22	31391	12
22	31392	11
22	31393	11
22	31394	11
22	31395	11
22	31396	11
22	31397	12
22	31398	12
22	31399	12
22	31400	11
22	31401	10
22	31402	10
22	31403	11
22	31404	11
22	31405	11
22	31406	11
22	31407	11
22	31408	11
22	31409	11
22	31410	11
22	31411	11
22	31412	11
22	31413	10
22	31414	10
22	31415	10
22	31416	11
22	31417	10
22	31418	10
22	31419	10
22	31420	10
22	31421	10
22	31422	8
22	31423	8
22	31424	8
22	31425	8
22	31426	8
22	31427	9
22	31428	9
22	31429	8
22	31430	8
22	31431	9
22	31432	8
22	31433	7
22	31434	6
22	31435	6
22	31436	5
22	31437	5
22	31438	5
22	31439	5
22	31440	5
22	31441	5
22	31442	5
22	31443	5
22	31444	5
22	31445	6
22	31446	6
22	31447	6
22	31448	7
22	31449	6
22	31450	6
22	31451	8
22	31452	8
22	31453	8
22	31454	8
22	31455	9
22	31456	9
22	31457	9
22	31458	10
22	31459	10
22	31460	11
22	31461	11
22	31462	10
22	31463	10
22	31464	10
22	31465	10
22	31466	10
22	31467	10
22	31468	10
22	31469	10
22	31470	10
22	31471	10
22	31472	11
22	31473	11
22	31474	11
22	31475	11
22	31476	11
22	31477	11
22	31478	10
22	31479	9
22	31480	9
22	31481	9
22	31482	9
22	31483	8
22	31484	8
22	31485	9
22	31486	9
22	31487	8
22	31488	7
22	31489	8
22	31490	8
22	31491	7
22	31492	7
22	31493	7
22	31494	6
22	31495	6
22	31496	6
22	31497	6
22	31498	6
22	31499	7
22	31500	7
22	31501	8
22	31502	9
22	31503	9
22	31504	9
22	31505	10
22	31506	10
22	31507	10
22	31508	11
22	31509	11
22	31510	11
22	31511	11
22	31512	11
22	31513	11
22	31514	11
22	31515	10
22	31516	11
22	31517	11
22	31518	11
22	31519	11
22	31520	11
22	31521	11
22	31522	12
22	31523	13
22	31524	13
22	31525	13
22	31526	13
22	31527	14
22	31528	14
22	31529	14
22	31530	14
22	31531	14
22	31532	14
22	31533	13
22	31534	14
22	31535	13
22	31536	13
22	31537	14
22	31538	14
22	31539	14
22	31540	14
22	31541	14
22	31542	14
22	31543	15
22	31544	15
22	31545	15
22	31546	15
22	31547	15
22	31548	15
22	31549	14
22	31550	14
22	31551	14
22	31552	15
22	31553	16
22	31554	15
22	31555	15
22	31556	15
22	31557	14
22	31558	13
22	31559	13
22	31560	12
22	31561	13
22	31562	13
22	31563	14
22	31564	14
22	31565	14
22	31566	14
22	31567	13
22	31568	13
22	31569	12
22	31570	13
22	31571	14
22	31572	12
22	31573	12
22	31574	11
22	31575	11
22	31576	11
22	31577	11
22	31578	10
22	31579	9
22	31580	10
22	31581	10
22	31582	11
22	31583	11
22	31584	11
22	31585	10
22	31586	10
22	31587	10
22	31588	10
22	31589	10
22	31590	10
22	31591	10
22	31592	10
22	31593	10
22	31594	9
22	31595	9
22	31596	9
22	31597	10
22	31598	10
22	31599	8
22	31600	8
22	31601	9
22	31602	9
22	31603	9
22	31604	9
22	31605	9
22	31606	9
22	31607	9
22	31608	9
22	31609	9
22	31610	9
22	31611	8
22	31612	7
22	31613	7
22	31614	7
22	31615	7
22	31616	7
22	31617	8
22	31618	8
22	31619	8
22	31620	8
22	31621	7
22	31622	7
22	31623	7
22	31624	6
22	31625	6
22	31626	5
22	31627	5
22	31628	5
22	31629	6
22	31630	7
22	31631	7
22	31632	6
22	31633	6
22	31634	5
22	31635	4
22	31636	4
22	31637	4
22	31638	4
22	31639	4
22	31640	4
22	31641	4
22	31642	4
22	31643	4
22	31644	4
22	31645	4
22	31646	4
22	31647	4
22	31648	4
22	31649	5
22	31650	5
22	31651	4
22	31652	4
22	31653	4
22	31654	4
22	31655	4
22	31656	4
22	31657	4
22	31658	4
22	31659	3
22	31660	4
22	31661	4
22	31662	4
22	31663	4
22	31664	4
22	31665	4
22	31666	4
22	31667	4
22	31668	4
22	31669	4
22	31670	4
22	31671	4
22	31672	4
22	31673	4
22	31674	4
22	31675	5
22	31676	5
22	31677	5
22	31678	5
22	31679	5
22	31680	5
22	31681	5
22	31682	5
22	31683	5
22	31684	4
22	31685	4
22	31686	4
22	31687	5
22	31688	5
22	31689	5
22	31690	5
22	31691	5
22	31692	5
22	31693	5
22	31694	5
22	31695	5
22	31696	5
22	31697	6
22	31698	6
22	31699	6
22	31700	6
22	31701	6
22	31702	6
22	31703	6
22	31704	5
22	31705	5
22	31706	4
22	31707	5
22	31708	6
22	31709	7
22	31710	7
22	31711	7
22	31712	7
22	31713	7
22	31714	7
22	31715	8
22	31716	8
22	31717	7
22	31718	7
22	31719	7
22	31720	7
22	31721	9
22	31722	9
22	31723	9
22	31724	9
22	31725	9
22	31726	10
22	31727	10
22	31728	11
22	31729	11
22	31730	11
22	31731	11
22	31732	11
22	31733	12
22	31734	12
22	31735	12
22	31736	12
22	31737	11
22	31738	11
22	31739	11
22	31740	11
22	31741	11
22	31742	12
22	31743	12
22	31744	13
22	31745	12
22	31746	14
22	31747	14
22	31748	13
22	31749	13
22	31750	13
22	31751	13
22	31752	14
22	31753	14
22	31754	13
22	31755	13
22	31756	13
22	31757	13
22	31758	13
22	31759	14
22	31760	13
22	31761	14
22	31762	14
22	31763	14
22	31764	14
22	31765	14
22	31766	14
22	31767	14
22	31768	13
22	31769	13
22	31770	14
22	31771	14
22	31772	13
22	31773	13
22	31774	13
22	31775	12
22	31776	11
22	31777	11
22	31778	11
22	31779	11
22	31780	11
22	31781	11
22	31782	11
22	31783	11
22	31784	9
22	31785	8
22	31786	8
22	31787	8
22	31788	8
22	31789	8
22	31790	7
22	31791	7
22	31792	9
22	31793	9
22	31794	9
22	31795	10
22	31796	11
22	31797	11
22	31798	10
22	31799	10
22	31800	10
22	31801	10
22	31802	10
22	31803	9
22	31804	9
22	31805	9
22	31806	9
22	31807	9
22	31808	9
22	31809	9
22	31810	9
22	31811	10
22	31812	10
22	31813	10
22	31814	10
22	31815	10
22	31816	10
22	31817	10
22	31818	10
22	31819	9
22	31820	11
22	31821	11
22	31822	11
22	31823	11
22	31824	11
22	31825	11
22	31826	11
22	31827	12
22	31828	13
22	31829	13
22	31830	12
22	31831	12
22	31832	12
22	31833	12
22	31834	12
22	31835	12
22	31836	12
22	31837	13
22	31838	13
22	31839	15
22	31840	15
22	31841	15
22	31842	14
22	31843	14
22	31844	13
22	31845	13
22	31846	13
22	31847	13
22	31848	13
22	31849	12
22	31850	13
22	31851	12
22	31852	12
22	31853	12
22	31854	11
22	31855	12
22	31856	11
22	31857	11
22	31858	11
22	31859	11
22	31860	11
22	31861	11
22	31862	11
22	31863	11
22	31864	12
22	31865	12
22	31866	12
22	31867	12
22	31868	12
22	31869	13
22	31870	12
22	31871	12
22	31872	12
22	31873	12
22	31874	12
22	31875	11
22	31876	10
22	31877	10
22	31878	10
22	31879	9
22	31880	9
22	31881	9
22	31882	8
22	31883	7
22	31884	7
22	31885	7
22	31886	6
22	31887	5
22	31888	5
22	31889	5
22	31890	5
22	31891	5
22	31892	5
22	31893	5
22	31894	5
22	31895	4
22	31896	4
22	31897	4
22	31898	4
22	31899	4
22	31900	3
22	31901	3
22	31902	3
22	31903	3
22	31904	2
22	31905	2
22	31906	2
22	31907	2
22	31908	2
22	31909	3
22	31910	3
22	31911	3
22	31912	3
22	31913	2
22	31914	2
22	31915	2
22	31916	2
22	31917	2
22	31918	1
22	31919	1
22	31920	1
22	31921	1
22	31922	2
22	31923	2
22	31924	2
22	31925	2
22	31926	2
22	31927	2
22	31928	2
22	31929	2
22	31930	2
22	31931	4
22	31932	4
22	31933	5
22	31934	6
22	31935	6
22	31936	6
22	31937	7
22	31938	6
22	31939	6
22	31940	6
22	31941	6
22	31942	6
22	31943	7
22	31944	8
22	31945	8
22	31946	8
22	31947	9
22	31948	9
22	31949	9
22	31950	10
22	31951	9
22	31952	9
22	31953	9
22	31954	9
22	31955	8
22	31956	9
22	31957	9
22	31958	10
22	31959	10
22	31960	10
22	31961	10
22	31962	11
22	31963	11
22	31964	11
22	31965	11
22	31966	11
22	31967	10
22	31968	10
22	31969	10
22	31970	10
22	31971	10
22	31972	10
22	31973	9
22	31974	9
22	31975	9
22	31976	9
22	31977	9
22	31978	8
22	31979	9
22	31980	10
22	31981	10
22	31982	10
22	31983	10
22	31984	10
22	31985	10
22	31986	10
22	31987	11
22	31988	11
22	31989	12
22	31990	12
22	31991	12
22	31992	11
22	31993	11
22	31994	11
22	31995	11
22	31996	11
22	31997	11
22	31998	11
22	31999	12
22	32000	12
22	32001	11
22	32002	11
22	32003	11
22	32004	11
22	32005	11
22	32006	11
22	32007	11
22	32008	11
22	32009	11
22	32010	12
22	32011	12
22	32012	12
22	32013	12
22	32014	12
22	32015	12
22	32016	13
22	32017	13
22	32018	12
22	32019	12
22	32020	12
22	32021	13
22	32022	13
22	32023	12
22	32024	12
22	32025	12
22	32026	12
22	32027	12
22	32028	14
22	32029	14
22	32030	14
22	32031	14
22	32032	14
22	32033	14
22	32034	15
22	32035	14
22	32036	14
22	32037	14
22	32038	13
22	32039	13
22	32040	13
22	32041	12
22	32042	13
22	32043	13
22	32044	13
22	32045	14
22	32046	14
22	32047	14
22	32048	15
22	32049	14
22	32050	14
22	32051	14
22	32052	16
22	32053	16
22	32054	16
22	32055	16
22	32056	16
22	32057	16
22	32058	16
22	32059	13
22	32060	14
22	32061	14
22	32062	14
22	32063	15
22	32064	14
22	32065	15
22	32066	16
22	32067	17
22	32068	17
22	32069	18
22	32070	20
22	32071	20
22	32072	19
22	32073	19
22	32074	19
22	32075	19
22	32076	19
22	32077	19
22	32078	19
22	32079	19
22	32080	18
22	32081	18
22	32082	17
22	32083	17
22	32084	16
22	32085	16
22	32086	16
22	32087	15
22	32088	15
22	32089	15
22	32090	15
22	32091	16
22	32092	16
22	32093	16
22	32094	15
22	32095	15
22	32096	15
22	32097	13
22	32098	12
22	32099	13
22	32100	13
22	32101	12
22	32102	13
22	32103	13
22	32104	14
22	32105	12
22	32106	11
22	32107	10
22	32108	10
22	32109	10
22	32110	9
22	32111	8
22	32112	8
22	32113	8
22	32114	9
22	32115	9
22	32116	9
22	32117	10
22	32118	10
22	32119	10
22	32120	11
22	32121	11
22	32122	11
22	32123	11
22	32124	11
22	32125	11
22	32126	11
22	32127	10
22	32128	10
22	32129	10
22	32130	9
22	32131	8
22	32132	8
22	32133	7
22	32134	7
22	32135	7
22	32136	6
22	32137	6
22	32138	7
22	32139	8
22	32140	8
22	32141	8
22	32142	8
22	32143	8
22	32144	9
22	32145	10
22	32146	9
22	32147	9
22	32148	9
22	32149	9
22	32150	9
22	32151	9
22	32152	9
22	32153	10
22	32154	10
22	32155	13
22	32156	13
22	32157	13
22	32158	12
22	32159	13
22	32160	13
22	32161	13
22	32162	13
22	32163	12
22	32164	12
22	32165	11
22	32166	11
22	32167	11
22	32168	11
22	32169	10
22	32170	10
22	32171	10
22	32172	10
22	32173	11
22	32174	12
22	32175	12
22	32176	11
22	32177	12
22	32178	12
22	32179	13
22	32180	13
22	32181	12
22	32182	12
22	32183	12
22	32184	12
22	32185	12
22	32186	12
22	32187	12
22	32188	13
22	32189	13
22	32190	13
22	32191	12
22	32192	12
22	32193	12
22	32194	12
22	32195	12
22	32196	12
22	32197	12
22	32198	12
22	32199	12
22	32200	13
22	32201	12
22	32202	13
22	32203	14
22	32204	14
22	32205	14
22	32206	14
22	32207	14
22	32208	14
22	32209	13
22	32210	13
22	32211	12
22	32212	13
22	32213	12
22	32214	12
22	32215	11
22	32216	11
22	32217	11
22	32218	12
22	32219	12
22	32220	11
22	32221	11
22	32222	10
22	32223	11
22	32224	11
22	32225	11
22	32226	11
22	32227	12
22	32228	12
22	32229	13
22	32230	13
22	32231	14
22	32232	14
22	32233	15
22	32234	14
22	32235	13
22	32236	12
22	32237	12
22	32238	12
22	32239	12
22	32240	13
22	32241	13
22	32242	13
22	32243	13
22	32244	13
22	32245	13
22	32246	13
22	32247	13
22	32248	12
22	32249	13
22	32250	13
22	32251	12
22	32252	12
22	32253	14
22	32254	14
22	32255	13
22	32256	13
22	32257	13
22	32258	13
22	32259	13
22	32260	13
22	32261	12
22	32262	12
22	32263	12
22	32264	10
22	32265	9
22	32266	9
22	32267	8
22	32268	8
22	32269	8
22	32270	8
22	32271	8
22	32272	8
22	32273	9
22	32274	10
22	32275	10
22	32276	10
22	32277	10
22	32278	10
22	32279	10
22	32280	10
22	32281	9
22	32282	10
22	32283	11
22	32284	10
22	32285	8
22	32286	9
22	32287	9
22	32288	9
22	32289	9
22	32290	9
22	32291	9
22	32292	9
22	32293	10
22	32294	10
22	32295	10
22	32296	10
22	32297	11
22	32298	11
22	32299	11
22	32300	12
22	32301	11
22	32302	10
22	32303	10
22	32304	10
22	32305	10
22	32306	10
22	32307	11
22	32308	11
22	32309	11
22	32310	12
22	32311	12
22	32312	13
22	32313	13
22	32314	13
22	32315	13
22	32316	13
22	32317	13
22	32318	13
22	32319	13
22	32320	13
22	32321	15
22	32322	14
22	32323	15
22	32324	15
22	32325	14
22	32326	14
22	32327	14
22	32328	12
22	32329	14
22	32330	13
22	32331	15
22	32332	15
22	32333	15
22	32334	14
22	32335	14
22	32336	14
22	32337	14
22	32338	13
22	32339	14
22	32340	15
22	32341	13
22	32342	13
22	32343	12
22	32344	12
22	32345	13
22	32346	13
22	32347	14
22	32348	14
22	32349	14
22	32350	14
22	32351	14
22	32352	14
22	32353	14
22	32354	15
22	32355	15
22	32356	16
22	32357	16
22	32358	15
22	32359	16
22	32360	16
22	32361	16
22	32362	15
22	32363	14
22	32364	13
22	32365	11
22	32366	11
22	32367	11
22	32368	11
22	32369	11
22	32370	12
22	32371	12
22	32372	12
22	32373	12
22	32374	12
22	32375	12
22	32376	13
22	32377	13
22	32378	13
22	32379	14
22	32380	14
22	32381	15
22	32382	15
22	32383	15
22	32384	14
22	32385	14
22	32386	14
22	32387	14
22	32388	14
22	32389	14
22	32390	12
22	32391	12
22	32392	11
22	32393	11
22	32394	10
22	32395	9
22	32396	9
22	32397	9
22	32398	10
22	32399	9
22	32400	9
22	32401	9
22	32402	10
22	32403	10
22	32404	10
22	32405	10
22	32406	11
22	32407	11
22	32408	10
22	32409	9
22	32410	9
22	32411	9
22	32412	9
22	32413	9
22	32414	9
22	32415	8
22	32416	9
22	32417	9
22	32418	10
22	32419	10
22	32420	10
22	32421	10
22	32422	10
22	32423	9
22	32424	10
22	32425	9
22	32426	9
22	32427	9
22	32428	9
22	32429	9
22	32430	9
22	32431	9
22	32432	9
22	32433	9
22	32434	10
22	32435	10
22	32436	10
22	32437	10
22	32438	10
22	32439	10
22	32440	9
22	32441	9
22	32442	9
22	32443	9
22	32444	9
22	32445	9
22	32446	9
22	32447	10
22	32448	10
22	32449	10
22	32450	8
22	32451	7
22	32452	7
22	32453	7
22	32454	7
22	32455	8
22	32456	7
22	32457	7
22	32458	7
22	32459	6
22	32460	6
22	32461	5
22	32462	5
22	32463	5
22	32464	5
22	32465	5
22	32466	4
22	32467	3
22	32468	3
22	32469	4
22	32470	4
22	32471	4
22	32472	4
22	32473	4
22	32474	5
22	32475	5
22	32476	5
22	32477	6
22	32478	6
22	32479	6
22	32480	6
22	32481	6
22	32482	6
22	32483	7
22	32484	7
22	32485	7
22	32486	6
22	32487	6
22	32488	6
22	32489	6
22	32490	6
22	32491	6
22	32492	7
22	32493	8
22	32494	8
22	32495	8
22	32496	8
22	32497	7
22	32498	7
22	32499	7
22	32500	7
22	32501	6
22	32502	7
22	32503	7
22	32504	8
22	32505	8
22	32506	8
22	32507	8
22	32508	8
22	32509	7
22	32510	7
22	32511	6
22	32512	6
22	32513	6
22	32514	6
22	32515	6
22	32516	5
22	32517	5
22	32518	4
22	32519	5
22	32520	6
22	32521	7
22	32522	7
22	32523	7
22	32524	7
22	32525	7
22	32526	7
22	32527	7
22	32528	7
22	32529	7
22	32530	7
22	32531	7
22	32532	8
22	32533	8
22	32534	9
22	32535	9
22	32536	9
22	32537	9
22	32538	9
22	32539	9
22	32540	8
22	32541	8
22	32542	8
22	32543	8
22	32544	11
22	32545	11
22	32546	11
22	32547	11
22	32548	11
22	32549	12
22	32550	11
22	32551	12
22	32552	12
22	32553	12
22	32554	12
22	32555	12
22	32556	12
22	32557	12
22	32558	12
22	32559	12
22	32560	12
22	32561	13
22	32562	13
22	32563	12
22	32564	12
22	32565	13
22	32566	13
22	32567	13
22	32568	13
22	32569	14
22	32570	14
22	32571	14
22	32572	14
22	32573	14
22	32574	14
22	32575	13
22	32576	12
22	32577	11
22	32578	10
22	32579	9
22	32580	9
22	32581	8
22	32582	8
22	32583	8
22	32584	8
22	32585	8
22	32586	8
22	32587	8
22	32588	8
22	32589	7
22	32590	6
22	32591	6
22	32592	6
22	32593	6
22	32594	7
22	32595	7
22	32596	7
22	32597	6
22	32598	7
22	32599	8
22	32600	7
22	32601	8
22	32602	9
22	32603	9
22	32604	9
22	32605	8
22	32606	8
22	32607	7
22	32608	7
22	32609	7
22	32610	6
22	32611	6
22	32612	7
22	32613	7
22	32614	8
22	32615	8
22	32616	8
22	32617	9
22	32618	9
22	32619	8
22	32620	9
22	32621	8
22	32622	8
22	32623	9
22	32624	9
22	32625	9
22	32626	9
22	32627	9
22	32628	9
22	32629	10
22	32630	10
22	32631	10
22	32632	11
22	32633	11
22	32634	11
22	32635	11
22	32636	10
22	32637	10
22	32638	10
22	32639	11
22	32640	12
22	32641	12
22	32642	12
22	32643	11
22	32644	11
22	32645	11
22	32646	11
22	32647	11
22	32648	11
22	32649	11
22	32650	11
22	32651	11
22	32652	11
22	32653	10
22	32654	10
22	32655	10
22	32656	10
22	32657	9
22	32658	9
22	32659	9
22	32660	11
22	32661	12
22	32662	11
22	32663	11
22	32664	11
22	32665	12
22	32666	11
22	32667	12
22	32668	12
22	32669	12
22	32670	12
22	32671	13
22	32672	13
22	32673	13
22	32674	13
22	32675	13
22	32676	14
22	32677	13
22	32678	14
22	32679	14
22	32680	12
22	32681	12
22	32682	11
22	32683	11
22	32684	10
22	32685	10
22	32686	10
22	32687	8
22	32688	8
22	32689	8
22	32690	8
22	32691	8
22	32692	7
22	32693	7
22	32694	10
22	32695	10
22	32696	10
22	32697	9
22	32698	9
22	32699	9
22	32700	9
22	32701	9
22	32702	11
22	32703	11
22	32704	11
22	32705	9
22	32706	8
22	32707	9
22	32708	10
22	32709	10
22	32710	10
22	32711	10
22	32712	11
22	32713	12
22	32714	14
22	32715	14
22	32716	15
22	32717	15
22	32718	15
22	32719	14
22	32720	13
22	32721	13
22	32722	12
22	32723	13
22	32724	14
22	32725	14
22	32726	14
22	32727	14
22	32728	15
22	32729	15
22	32730	15
22	32731	16
22	32732	16
22	32733	17
22	32734	17
22	32735	17
22	32736	17
22	32737	17
22	32738	17
22	32739	16
22	32740	15
22	32741	15
22	32742	15
22	32743	15
22	32744	17
22	32745	17
22	32746	17
22	32747	16
22	32748	16
22	32749	16
22	32750	16
22	32751	16
22	32752	15
22	32753	16
22	32754	16
22	32755	15
22	32756	15
22	32757	15
22	32758	15
22	32759	16
22	32760	16
22	32761	17
22	32762	15
22	32763	14
22	32764	14
22	32765	14
22	32766	13
22	32767	13
22	32768	12
22	32769	11
22	32770	10
22	32771	9
22	32772	7
22	32773	7
22	32774	8
22	32775	8
22	32776	8
22	32777	9
22	32778	9
22	32779	9
22	32780	9
22	32781	9
22	32782	9
22	32783	9
22	32784	9
22	32785	8
22	32786	9
22	32787	10
22	32788	10
22	32789	10
22	32790	10
22	32791	10
22	32792	10
22	32793	10
22	32794	10
22	32795	11
22	32796	10
22	32797	10
22	32798	10
22	32799	11
22	32800	11
22	32801	10
22	32802	10
22	32803	11
22	32804	11
22	32805	10
22	32806	9
22	32807	9
22	32808	9
22	32809	8
22	32810	9
22	32811	10
22	32812	10
22	32813	10
22	32814	9
22	32815	9
22	32816	9
22	32817	10
22	32818	10
22	32819	10
22	32820	10
22	32821	9
22	32822	10
22	32823	10
22	32824	10
22	32825	10
22	32826	10
22	32827	10
22	32828	10
22	32829	11
22	32830	12
22	32831	12
22	32832	13
22	32833	13
22	32834	13
22	32835	14
22	32836	14
22	32837	14
22	32838	15
22	32839	14
22	32840	15
22	32841	17
22	32842	17
22	32843	17
22	32844	17
22	32845	17
22	32846	17
22	32847	17
22	32848	17
22	32849	17
22	32850	17
22	32851	17
22	32852	17
22	32853	17
22	32854	16
22	32855	14
22	32856	13
22	32857	13
22	32858	13
22	32859	12
22	32860	10
22	32861	10
22	32862	10
22	32863	10
22	32864	10
22	32865	10
22	32866	11
22	32867	11
22	32868	10
22	32869	9
22	32870	9
22	32871	8
22	32872	8
22	32873	8
22	32874	7
22	32875	7
22	32876	6
22	32877	6
22	32878	7
22	32879	8
22	32880	8
22	32881	8
22	32882	8
22	32883	8
22	32884	8
22	32885	8
22	32886	8
22	32887	8
22	32888	7
22	32889	7
22	32890	7
22	32891	7
22	32892	7
22	32893	7
22	32894	7
22	32895	7
22	32896	7
22	32897	7
22	32898	7
22	32899	8
22	32900	8
22	32901	8
22	32902	8
22	32903	8
22	32904	9
22	32905	9
22	32906	9
22	32907	9
22	32908	9
22	32909	9
22	32910	10
22	32911	12
22	32912	11
22	32913	11
22	32914	11
22	32915	12
22	32916	12
22	32917	12
22	32918	12
22	32919	13
22	32920	13
22	32921	12
22	32922	12
22	32923	13
22	32924	14
22	32925	15
22	32926	15
22	32927	15
22	32928	15
22	32929	15
22	32930	15
22	32931	15
22	32932	15
22	32933	16
22	32934	16
22	32935	16
22	32936	16
22	32937	17
22	32938	18
22	32939	17
22	32940	16
22	32941	16
22	32942	16
22	32943	16
22	32944	16
22	32945	16
22	32946	17
22	32947	17
22	32948	17
22	32949	17
22	32950	17
22	32951	16
22	32952	16
22	32953	17
22	32954	17
22	32955	18
22	32956	19
22	32957	19
22	32958	19
22	32959	17
22	32960	17
22	32961	16
22	32962	16
22	32963	18
22	32964	18
22	32965	17
22	32966	17
22	32967	16
22	32968	16
22	32969	16
22	32970	16
22	32971	15
22	32972	15
22	32973	16
22	32974	16
22	32975	15
22	32976	15
22	32977	13
22	32978	12
22	32979	12
22	32980	11
22	32981	10
22	32982	9
22	32983	9
22	32984	9
22	32985	9
22	32986	9
22	32987	9
22	32988	10
22	32989	10
22	32990	9
22	32991	9
22	32992	8
22	32993	7
22	32994	7
22	32995	7
22	32996	8
22	32997	8
22	32998	8
22	32999	8
22	33000	7
22	33001	8
22	33002	7
22	33003	6
22	33004	6
22	33005	5
22	33006	4
22	33007	4
22	33008	4
22	33009	4
22	33010	4
22	33011	3
22	33012	3
22	33013	3
22	33014	4
22	33015	4
22	33016	4
22	33017	5
22	33018	5
22	33019	5
22	33020	4
22	33021	4
22	33022	2
22	33023	2
22	33024	2
22	33025	2
22	33026	2
22	33027	3
22	33028	4
22	33029	4
22	33030	4
22	33031	5
22	33032	5
22	33033	5
22	33034	5
22	33035	5
22	33036	5
22	33037	5
22	33038	5
22	33039	5
22	33040	6
22	33041	6
22	33042	6
22	33043	6
22	33044	5
22	33045	5
22	33046	5
22	33047	4
22	33048	4
22	33049	4
22	33050	4
22	33051	3
22	33052	3
22	33053	2
22	33054	2
22	33055	2
22	33056	2
22	33057	2
22	33058	2
22	33059	3
22	33060	3
22	33061	3
22	33062	3
22	33063	3
22	33064	3
22	33065	3
22	33066	4
22	33067	5
22	33068	6
22	33069	6
22	33070	7
22	33071	7
22	33072	7
22	33073	7
22	33074	7
22	33075	7
22	33076	7
22	33077	7
22	33078	6
22	33079	7
22	33080	8
22	33081	8
22	33082	7
22	33083	7
22	33084	7
22	33085	7
22	33086	7
22	33087	8
22	33088	8
22	33089	8
22	33090	9
22	33091	8
22	33092	7
22	33093	9
22	33094	9
22	33095	9
22	33096	9
22	33097	10
22	33098	9
22	33099	10
22	33100	10
22	33101	10
22	33102	10
22	33103	10
22	33104	10
22	33105	9
22	33106	9
22	33107	9
22	33108	10
22	33109	11
22	33110	11
22	33111	11
22	33112	10
22	33113	10
22	33114	10
22	33115	11
22	33116	11
22	33117	11
22	33118	11
22	33119	11
22	33120	11
22	33121	12
22	33122	14
22	33123	14
22	33124	14
22	33125	14
22	33126	13
22	33127	13
22	33128	13
22	33129	13
22	33130	12
22	33131	13
22	33132	14
22	33133	14
22	33134	16
22	33135	17
22	33136	17
22	33137	18
22	33138	18
22	33139	19
22	33140	20
22	33141	20
22	33142	20
22	33143	20
22	33144	20
22	33145	19
22	33146	20
22	33147	20
22	33148	20
22	33149	21
22	33150	21
22	33151	20
22	33152	20
22	33153	20
22	33154	20
22	33155	19
22	33156	19
22	33157	18
22	33158	17
22	33159	17
22	33160	17
22	33161	17
22	33162	16
22	33163	15
22	33164	14
22	33165	14
22	33166	13
22	33167	13
22	33168	14
22	33169	14
22	33170	12
22	33171	11
22	33172	9
22	33173	9
22	33174	8
22	33175	8
22	33176	8
22	33177	7
22	33178	8
22	33179	8
22	33180	8
22	33181	8
22	33182	7
22	33183	7
22	33184	6
22	33185	5
22	33186	5
22	33187	6
22	33188	6
22	33189	7
22	33190	7
22	33191	7
22	33192	7
22	33193	7
22	33194	7
22	33195	7
22	33196	7
22	33197	7
22	33198	7
22	33199	6
22	33200	6
22	33201	7
22	33202	7
22	33203	7
22	33204	7
22	33205	7
22	33206	8
22	33207	8
22	33208	9
22	33209	9
22	33210	9
22	33211	8
22	33212	8
22	33213	8
22	33214	9
22	33215	9
22	33216	9
22	33217	9
22	33218	9
22	33219	9
22	33220	9
22	33221	10
22	33222	9
22	33223	9
22	33224	9
22	33225	9
22	33226	9
22	33227	9
22	33228	9
22	33229	9
22	33230	11
22	33231	11
22	33232	10
22	33233	10
22	33234	9
22	33235	9
22	33236	9
22	33237	9
22	33238	8
22	33239	8
22	33240	8
22	33241	7
22	33242	7
22	33243	7
22	33244	8
22	33245	9
22	33246	9
22	33247	9
22	33248	9
22	33249	9
22	33250	9
22	33251	7
22	33252	7
22	33253	7
22	33254	7
22	33255	7
22	33256	6
22	33257	6
22	33258	7
22	33259	7
22	33260	7
22	33261	7
22	33262	7
22	33263	7
22	33264	7
22	33265	7
22	33266	7
22	33267	6
22	33268	6
22	33269	6
22	33270	6
22	33271	7
22	33272	8
22	33273	8
22	33274	8
22	33275	8
22	33276	8
22	33277	8
22	33278	9
22	33279	8
22	33280	8
22	33281	8
22	33282	8
22	33283	8
22	33284	8
22	33285	8
22	33286	8
22	33287	8
22	33288	8
22	33289	8
22	33290	8
22	33291	8
22	33292	8
22	33293	8
22	33294	7
22	33295	8
22	33296	8
22	33297	8
22	33298	9
22	33299	9
22	33300	11
22	33301	12
22	33302	12
22	33303	12
22	33304	12
22	33305	13
22	33306	11
22	33307	11
22	33308	11
22	33309	11
22	33310	12
22	33311	12
22	33312	11
22	33313	10
22	33314	9
22	33315	9
22	33316	9
22	33317	10
22	33318	10
22	33319	10
22	33320	10
22	33321	10
22	33322	10
22	33323	10
22	33324	10
22	33325	12
22	33326	12
22	33327	11
22	33328	11
22	33329	11
22	33330	11
22	33331	12
22	33332	13
22	33333	13
22	33334	14
22	33335	14
22	33336	14
22	33337	13
22	33338	13
22	33339	13
22	33340	13
22	33341	13
22	33342	14
22	33343	14
22	33344	14
22	33345	13
22	33346	13
22	33347	13
22	33348	14
22	33349	13
22	33350	12
22	33351	11
22	33352	10
22	33353	9
22	33354	9
22	33355	9
22	33356	8
22	33357	8
22	33358	8
22	33359	8
22	33360	7
22	33361	7
22	33362	7
22	33363	7
22	33364	8
22	33365	8
22	33366	8
22	33367	8
22	33368	7
22	33369	8
22	33370	8
22	33371	8
22	33372	8
22	33373	9
22	33374	9
22	33375	9
22	33376	10
22	33377	10
22	33378	10
22	33379	11
22	33380	11
22	33381	12
22	33382	13
22	33383	14
22	33384	14
22	33385	14
22	33386	16
22	33387	14
22	33388	15
22	33389	15
22	33390	15
22	33391	15
22	33392	15
22	33393	14
22	33394	14
22	33395	14
22	33396	13
22	33397	12
22	33398	12
22	33399	12
22	33400	12
22	33401	12
22	33402	12
22	33403	12
22	33404	12
22	33405	10
22	33406	9
22	33407	9
22	33408	9
22	33409	10
22	33410	9
22	33411	8
22	33412	8
22	33413	8
22	33414	8
22	33415	8
22	33416	8
22	33417	8
22	33418	8
22	33419	8
22	33420	7
22	33421	7
22	33422	8
22	33423	7
22	33424	7
22	33425	7
22	33426	9
22	33427	8
22	33428	7
22	33429	6
22	33430	6
22	33431	6
22	33432	6
22	33433	7
22	33434	6
22	33435	6
22	33436	7
22	33437	6
22	33438	7
22	33439	8
22	33440	8
22	33441	8
22	33442	8
22	33443	8
22	33444	8
22	33445	8
22	33446	7
22	33447	7
22	33448	8
22	33449	8
22	33450	8
22	33451	8
22	33452	8
22	33453	8
22	33454	9
22	33455	9
22	33456	9
22	33457	8
22	33458	9
22	33459	9
22	33460	9
22	33461	9
22	33462	9
22	33463	10
22	33464	9
22	33465	9
22	33466	10
22	33467	10
22	33468	10
22	33469	10
22	33470	10
22	33471	10
22	33472	9
22	33473	8
22	33474	9
22	33475	9
22	33476	9
22	33477	9
22	33478	11
22	33479	11
22	33480	12
22	33481	12
22	33482	10
22	33483	10
22	33484	11
22	33485	13
22	33486	13
22	33487	13
22	33488	12
22	33489	12
22	33490	11
22	33491	11
22	33492	11
22	33493	11
22	33494	10
22	33495	10
22	33496	11
22	33497	10
22	33498	10
22	33499	9
22	33500	10
22	33501	10
22	33502	10
22	33503	10
22	33504	10
22	33505	10
22	33506	10
22	33507	10
22	33508	10
22	33509	10
22	33510	9
22	33511	9
22	33512	11
22	33513	11
22	33514	11
22	33515	11
22	33516	11
22	33517	11
22	33518	11
22	33519	12
22	33520	12
22	33521	12
22	33522	10
22	33523	10
22	33524	10
22	33525	9
22	33526	9
22	33527	8
22	33528	8
22	33529	7
22	33530	7
22	33531	7
22	33532	7
22	33533	7
22	33534	7
22	33535	7
22	33536	6
22	33537	6
22	33538	6
22	33539	6
22	33540	6
22	33541	7
22	33542	7
22	33543	6
22	33544	6
22	33545	6
22	33546	5
22	33547	4
22	33548	4
22	33549	4
22	33550	5
22	33551	5
22	33552	4
22	33553	4
22	33554	4
22	33555	4
22	33556	5
22	33557	5
22	33558	5
