Length	Count	Sample	Type	Species
15	3	76.LTU_2009_S19	Collapsed	Arabidopsis
16	2	76.LTU_2009_S19	Collapsed	Arabidopsis
17	16	76.LTU_2009_S19	Collapsed	Arabidopsis
18	25	76.LTU_2009_S19	Collapsed	Arabidopsis
19	34	76.LTU_2009_S19	Collapsed	Arabidopsis
20	30	76.LTU_2009_S19	Collapsed	Arabidopsis
21	27	76.LTU_2009_S19	Collapsed	Arabidopsis
22	21	76.LTU_2009_S19	Collapsed	Arabidopsis
23	20	76.LTU_2009_S19	Collapsed	Arabidopsis
24	67	76.LTU_2009_S19	Collapsed	Arabidopsis
25	40	76.LTU_2009_S19	Collapsed	Arabidopsis
26	61	76.LTU_2009_S19	Collapsed	Arabidopsis
27	67	76.LTU_2009_S19	Collapsed	Arabidopsis
28	67	76.LTU_2009_S19	Collapsed	Arabidopsis
29	84	76.LTU_2009_S19	Collapsed	Arabidopsis
30	97	76.LTU_2009_S19	Collapsed	Arabidopsis
31	94	76.LTU_2009_S19	Collapsed	Arabidopsis
32	84	76.LTU_2009_S19	Collapsed	Arabidopsis
33	82	76.LTU_2009_S19	Collapsed	Arabidopsis
34	98	76.LTU_2009_S19	Collapsed	Arabidopsis
35	94	76.LTU_2009_S19	Collapsed	Arabidopsis
36	104	76.LTU_2009_S19	Collapsed	Arabidopsis
37	82	76.LTU_2009_S19	Collapsed	Arabidopsis
38	119	76.LTU_2009_S19	Collapsed	Arabidopsis
39	116	76.LTU_2009_S19	Collapsed	Arabidopsis
40	94	76.LTU_2009_S19	Collapsed	Arabidopsis
41	85	76.LTU_2009_S19	Collapsed	Arabidopsis
42	90	76.LTU_2009_S19	Collapsed	Arabidopsis
43	90	76.LTU_2009_S19	Collapsed	Arabidopsis
44	91	76.LTU_2009_S19	Collapsed	Arabidopsis
45	83	76.LTU_2009_S19	Collapsed	Arabidopsis
46	91	76.LTU_2009_S19	Collapsed	Arabidopsis
47	78	76.LTU_2009_S19	Collapsed	Arabidopsis
48	79	76.LTU_2009_S19	Collapsed	Arabidopsis
49	76	76.LTU_2009_S19	Collapsed	Arabidopsis
50	98	76.LTU_2009_S19	Collapsed	Arabidopsis
51	93	76.LTU_2009_S19	Collapsed	Arabidopsis
52	73	76.LTU_2009_S19	Collapsed	Arabidopsis
53	93	76.LTU_2009_S19	Collapsed	Arabidopsis
54	98	76.LTU_2009_S19	Collapsed	Arabidopsis
55	92	76.LTU_2009_S19	Collapsed	Arabidopsis
56	108	76.LTU_2009_S19	Collapsed	Arabidopsis
57	89	76.LTU_2009_S19	Collapsed	Arabidopsis
58	103	76.LTU_2009_S19	Collapsed	Arabidopsis
59	89	76.LTU_2009_S19	Collapsed	Arabidopsis
60	92	76.LTU_2009_S19	Collapsed	Arabidopsis
61	89	76.LTU_2009_S19	Collapsed	Arabidopsis
62	112	76.LTU_2009_S19	Collapsed	Arabidopsis
63	102	76.LTU_2009_S19	Collapsed	Arabidopsis
64	86	76.LTU_2009_S19	Collapsed	Arabidopsis
65	96	76.LTU_2009_S19	Collapsed	Arabidopsis
66	116	76.LTU_2009_S19	Collapsed	Arabidopsis
67	116	76.LTU_2009_S19	Collapsed	Arabidopsis
68	120	76.LTU_2009_S19	Collapsed	Arabidopsis
69	96	76.LTU_2009_S19	Collapsed	Arabidopsis
70	103	76.LTU_2009_S19	Collapsed	Arabidopsis
71	108	76.LTU_2009_S19	Collapsed	Arabidopsis
72	115	76.LTU_2009_S19	Collapsed	Arabidopsis
73	119	76.LTU_2009_S19	Collapsed	Arabidopsis
74	110	76.LTU_2009_S19	Collapsed	Arabidopsis
75	109	76.LTU_2009_S19	Collapsed	Arabidopsis
76	119	76.LTU_2009_S19	Collapsed	Arabidopsis
77	121	76.LTU_2009_S19	Collapsed	Arabidopsis
78	133	76.LTU_2009_S19	Collapsed	Arabidopsis
79	133	76.LTU_2009_S19	Collapsed	Arabidopsis
80	132	76.LTU_2009_S19	Collapsed	Arabidopsis
81	126	76.LTU_2009_S19	Collapsed	Arabidopsis
82	119	76.LTU_2009_S19	Collapsed	Arabidopsis
83	143	76.LTU_2009_S19	Collapsed	Arabidopsis
84	139	76.LTU_2009_S19	Collapsed	Arabidopsis
85	138	76.LTU_2009_S19	Collapsed	Arabidopsis
86	138	76.LTU_2009_S19	Collapsed	Arabidopsis
87	136	76.LTU_2009_S19	Collapsed	Arabidopsis
88	150	76.LTU_2009_S19	Collapsed	Arabidopsis
89	169	76.LTU_2009_S19	Collapsed	Arabidopsis
90	137	76.LTU_2009_S19	Collapsed	Arabidopsis
91	182	76.LTU_2009_S19	Collapsed	Arabidopsis
92	150	76.LTU_2009_S19	Collapsed	Arabidopsis
93	157	76.LTU_2009_S19	Collapsed	Arabidopsis
94	194	76.LTU_2009_S19	Collapsed	Arabidopsis
95	199	76.LTU_2009_S19	Collapsed	Arabidopsis
96	172	76.LTU_2009_S19	Collapsed	Arabidopsis
97	173	76.LTU_2009_S19	Collapsed	Arabidopsis
98	214	76.LTU_2009_S19	Collapsed	Arabidopsis
99	217	76.LTU_2009_S19	Collapsed	Arabidopsis
100	226	76.LTU_2009_S19	Collapsed	Arabidopsis
101	223	76.LTU_2009_S19	Collapsed	Arabidopsis
102	209	76.LTU_2009_S19	Collapsed	Arabidopsis
103	209	76.LTU_2009_S19	Collapsed	Arabidopsis
104	207	76.LTU_2009_S19	Collapsed	Arabidopsis
105	222	76.LTU_2009_S19	Collapsed	Arabidopsis
106	236	76.LTU_2009_S19	Collapsed	Arabidopsis
107	255	76.LTU_2009_S19	Collapsed	Arabidopsis
108	252	76.LTU_2009_S19	Collapsed	Arabidopsis
109	245	76.LTU_2009_S19	Collapsed	Arabidopsis
110	269	76.LTU_2009_S19	Collapsed	Arabidopsis
111	268	76.LTU_2009_S19	Collapsed	Arabidopsis
112	271	76.LTU_2009_S19	Collapsed	Arabidopsis
113	274	76.LTU_2009_S19	Collapsed	Arabidopsis
114	278	76.LTU_2009_S19	Collapsed	Arabidopsis
115	256	76.LTU_2009_S19	Collapsed	Arabidopsis
116	248	76.LTU_2009_S19	Collapsed	Arabidopsis
117	290	76.LTU_2009_S19	Collapsed	Arabidopsis
118	287	76.LTU_2009_S19	Collapsed	Arabidopsis
119	273	76.LTU_2009_S19	Collapsed	Arabidopsis
120	250	76.LTU_2009_S19	Collapsed	Arabidopsis
121	287	76.LTU_2009_S19	Collapsed	Arabidopsis
122	282	76.LTU_2009_S19	Collapsed	Arabidopsis
123	298	76.LTU_2009_S19	Collapsed	Arabidopsis
124	288	76.LTU_2009_S19	Collapsed	Arabidopsis
125	291	76.LTU_2009_S19	Collapsed	Arabidopsis
126	324	76.LTU_2009_S19	Collapsed	Arabidopsis
127	292	76.LTU_2009_S19	Collapsed	Arabidopsis
128	299	76.LTU_2009_S19	Collapsed	Arabidopsis
129	313	76.LTU_2009_S19	Collapsed	Arabidopsis
130	296	76.LTU_2009_S19	Collapsed	Arabidopsis
131	278	76.LTU_2009_S19	Collapsed	Arabidopsis
132	269	76.LTU_2009_S19	Collapsed	Arabidopsis
133	272	76.LTU_2009_S19	Collapsed	Arabidopsis
134	280	76.LTU_2009_S19	Collapsed	Arabidopsis
135	271	76.LTU_2009_S19	Collapsed	Arabidopsis
136	303	76.LTU_2009_S19	Collapsed	Arabidopsis
137	245	76.LTU_2009_S19	Collapsed	Arabidopsis
138	251	76.LTU_2009_S19	Collapsed	Arabidopsis
139	307	76.LTU_2009_S19	Collapsed	Arabidopsis
92	1	76.LTU_2009_S19	Paired	Arabidopsis
93	1	76.LTU_2009_S19	Paired	Arabidopsis
94	1	76.LTU_2009_S19	Paired	Arabidopsis
96	1	76.LTU_2009_S19	Paired	Arabidopsis
97	2	76.LTU_2009_S19	Paired	Arabidopsis
98	1	76.LTU_2009_S19	Paired	Arabidopsis
99	3	76.LTU_2009_S19	Paired	Arabidopsis
100	2	76.LTU_2009_S19	Paired	Arabidopsis
101	1	76.LTU_2009_S19	Paired	Arabidopsis
103	3	76.LTU_2009_S19	Paired	Arabidopsis
105	3	76.LTU_2009_S19	Paired	Arabidopsis
106	1	76.LTU_2009_S19	Paired	Arabidopsis
107	2	76.LTU_2009_S19	Paired	Arabidopsis
108	2	76.LTU_2009_S19	Paired	Arabidopsis
109	2	76.LTU_2009_S19	Paired	Arabidopsis
110	2	76.LTU_2009_S19	Paired	Arabidopsis
112	4	76.LTU_2009_S19	Paired	Arabidopsis
113	1	76.LTU_2009_S19	Paired	Arabidopsis
114	1	76.LTU_2009_S19	Paired	Arabidopsis
115	2	76.LTU_2009_S19	Paired	Arabidopsis
116	3	76.LTU_2009_S19	Paired	Arabidopsis
117	7	76.LTU_2009_S19	Paired	Arabidopsis
118	3	76.LTU_2009_S19	Paired	Arabidopsis
119	7	76.LTU_2009_S19	Paired	Arabidopsis
120	1	76.LTU_2009_S19	Paired	Arabidopsis
121	4	76.LTU_2009_S19	Paired	Arabidopsis
122	5	76.LTU_2009_S19	Paired	Arabidopsis
123	3	76.LTU_2009_S19	Paired	Arabidopsis
124	3	76.LTU_2009_S19	Paired	Arabidopsis
125	3	76.LTU_2009_S19	Paired	Arabidopsis
126	11	76.LTU_2009_S19	Paired	Arabidopsis
127	5	76.LTU_2009_S19	Paired	Arabidopsis
128	13	76.LTU_2009_S19	Paired	Arabidopsis
129	13	76.LTU_2009_S19	Paired	Arabidopsis
130	12	76.LTU_2009_S19	Paired	Arabidopsis
131	12	76.LTU_2009_S19	Paired	Arabidopsis
132	17	76.LTU_2009_S19	Paired	Arabidopsis
133	20	76.LTU_2009_S19	Paired	Arabidopsis
134	13	76.LTU_2009_S19	Paired	Arabidopsis
135	21	76.LTU_2009_S19	Paired	Arabidopsis
136	14	76.LTU_2009_S19	Paired	Arabidopsis
137	13	76.LTU_2009_S19	Paired	Arabidopsis
138	18	76.LTU_2009_S19	Paired	Arabidopsis
139	21	76.LTU_2009_S19	Paired	Arabidopsis
140	284	76.LTU_2009_S19	Paired	Arabidopsis
141	287	76.LTU_2009_S19	Paired	Arabidopsis
142	297	76.LTU_2009_S19	Paired	Arabidopsis
143	281	76.LTU_2009_S19	Paired	Arabidopsis
144	265	76.LTU_2009_S19	Paired	Arabidopsis
145	264	76.LTU_2009_S19	Paired	Arabidopsis
146	233	76.LTU_2009_S19	Paired	Arabidopsis
147	240	76.LTU_2009_S19	Paired	Arabidopsis
148	270	76.LTU_2009_S19	Paired	Arabidopsis
149	229	76.LTU_2009_S19	Paired	Arabidopsis
150	208	76.LTU_2009_S19	Paired	Arabidopsis
151	244	76.LTU_2009_S19	Paired	Arabidopsis
152	197	76.LTU_2009_S19	Paired	Arabidopsis
153	203	76.LTU_2009_S19	Paired	Arabidopsis
154	235	76.LTU_2009_S19	Paired	Arabidopsis
155	212	76.LTU_2009_S19	Paired	Arabidopsis
156	238	76.LTU_2009_S19	Paired	Arabidopsis
157	205	76.LTU_2009_S19	Paired	Arabidopsis
158	216	76.LTU_2009_S19	Paired	Arabidopsis
159	213	76.LTU_2009_S19	Paired	Arabidopsis
160	199	76.LTU_2009_S19	Paired	Arabidopsis
161	194	76.LTU_2009_S19	Paired	Arabidopsis
162	195	76.LTU_2009_S19	Paired	Arabidopsis
163	172	76.LTU_2009_S19	Paired	Arabidopsis
164	186	76.LTU_2009_S19	Paired	Arabidopsis
165	175	76.LTU_2009_S19	Paired	Arabidopsis
166	174	76.LTU_2009_S19	Paired	Arabidopsis
167	180	76.LTU_2009_S19	Paired	Arabidopsis
168	177	76.LTU_2009_S19	Paired	Arabidopsis
169	157	76.LTU_2009_S19	Paired	Arabidopsis
170	178	76.LTU_2009_S19	Paired	Arabidopsis
171	152	76.LTU_2009_S19	Paired	Arabidopsis
172	164	76.LTU_2009_S19	Paired	Arabidopsis
173	160	76.LTU_2009_S19	Paired	Arabidopsis
174	140	76.LTU_2009_S19	Paired	Arabidopsis
175	128	76.LTU_2009_S19	Paired	Arabidopsis
176	172	76.LTU_2009_S19	Paired	Arabidopsis
177	149	76.LTU_2009_S19	Paired	Arabidopsis
178	137	76.LTU_2009_S19	Paired	Arabidopsis
179	150	76.LTU_2009_S19	Paired	Arabidopsis
180	139	76.LTU_2009_S19	Paired	Arabidopsis
181	140	76.LTU_2009_S19	Paired	Arabidopsis
182	135	76.LTU_2009_S19	Paired	Arabidopsis
183	139	76.LTU_2009_S19	Paired	Arabidopsis
184	114	76.LTU_2009_S19	Paired	Arabidopsis
185	124	76.LTU_2009_S19	Paired	Arabidopsis
186	123	76.LTU_2009_S19	Paired	Arabidopsis
187	134	76.LTU_2009_S19	Paired	Arabidopsis
188	133	76.LTU_2009_S19	Paired	Arabidopsis
189	101	76.LTU_2009_S19	Paired	Arabidopsis
190	113	76.LTU_2009_S19	Paired	Arabidopsis
191	101	76.LTU_2009_S19	Paired	Arabidopsis
192	99	76.LTU_2009_S19	Paired	Arabidopsis
193	101	76.LTU_2009_S19	Paired	Arabidopsis
194	91	76.LTU_2009_S19	Paired	Arabidopsis
195	96	76.LTU_2009_S19	Paired	Arabidopsis
196	109	76.LTU_2009_S19	Paired	Arabidopsis
197	95	76.LTU_2009_S19	Paired	Arabidopsis
198	85	76.LTU_2009_S19	Paired	Arabidopsis
199	117	76.LTU_2009_S19	Paired	Arabidopsis
200	96	76.LTU_2009_S19	Paired	Arabidopsis
201	92	76.LTU_2009_S19	Paired	Arabidopsis
202	74	76.LTU_2009_S19	Paired	Arabidopsis
203	79	76.LTU_2009_S19	Paired	Arabidopsis
204	100	76.LTU_2009_S19	Paired	Arabidopsis
205	80	76.LTU_2009_S19	Paired	Arabidopsis
206	91	76.LTU_2009_S19	Paired	Arabidopsis
207	77	76.LTU_2009_S19	Paired	Arabidopsis
208	87	76.LTU_2009_S19	Paired	Arabidopsis
209	92	76.LTU_2009_S19	Paired	Arabidopsis
210	82	76.LTU_2009_S19	Paired	Arabidopsis
211	70	76.LTU_2009_S19	Paired	Arabidopsis
212	64	76.LTU_2009_S19	Paired	Arabidopsis
213	79	76.LTU_2009_S19	Paired	Arabidopsis
214	73	76.LTU_2009_S19	Paired	Arabidopsis
215	87	76.LTU_2009_S19	Paired	Arabidopsis
216	65	76.LTU_2009_S19	Paired	Arabidopsis
217	60	76.LTU_2009_S19	Paired	Arabidopsis
218	64	76.LTU_2009_S19	Paired	Arabidopsis
219	70	76.LTU_2009_S19	Paired	Arabidopsis
220	61	76.LTU_2009_S19	Paired	Arabidopsis
221	70	76.LTU_2009_S19	Paired	Arabidopsis
222	48	76.LTU_2009_S19	Paired	Arabidopsis
223	78	76.LTU_2009_S19	Paired	Arabidopsis
224	47	76.LTU_2009_S19	Paired	Arabidopsis
225	64	76.LTU_2009_S19	Paired	Arabidopsis
226	85	76.LTU_2009_S19	Paired	Arabidopsis
227	52	76.LTU_2009_S19	Paired	Arabidopsis
228	46	76.LTU_2009_S19	Paired	Arabidopsis
229	58	76.LTU_2009_S19	Paired	Arabidopsis
230	44	76.LTU_2009_S19	Paired	Arabidopsis
231	57	76.LTU_2009_S19	Paired	Arabidopsis
232	55	76.LTU_2009_S19	Paired	Arabidopsis
233	56	76.LTU_2009_S19	Paired	Arabidopsis
234	50	76.LTU_2009_S19	Paired	Arabidopsis
235	53	76.LTU_2009_S19	Paired	Arabidopsis
236	42	76.LTU_2009_S19	Paired	Arabidopsis
237	47	76.LTU_2009_S19	Paired	Arabidopsis
238	52	76.LTU_2009_S19	Paired	Arabidopsis
239	35	76.LTU_2009_S19	Paired	Arabidopsis
240	46	76.LTU_2009_S19	Paired	Arabidopsis
241	40	76.LTU_2009_S19	Paired	Arabidopsis
242	38	76.LTU_2009_S19	Paired	Arabidopsis
243	41	76.LTU_2009_S19	Paired	Arabidopsis
244	43	76.LTU_2009_S19	Paired	Arabidopsis
245	38	76.LTU_2009_S19	Paired	Arabidopsis
246	34	76.LTU_2009_S19	Paired	Arabidopsis
247	44	76.LTU_2009_S19	Paired	Arabidopsis
248	32	76.LTU_2009_S19	Paired	Arabidopsis
249	45	76.LTU_2009_S19	Paired	Arabidopsis
250	33	76.LTU_2009_S19	Paired	Arabidopsis
251	30	76.LTU_2009_S19	Paired	Arabidopsis
252	23	76.LTU_2009_S19	Paired	Arabidopsis
253	44	76.LTU_2009_S19	Paired	Arabidopsis
254	22	76.LTU_2009_S19	Paired	Arabidopsis
255	32	76.LTU_2009_S19	Paired	Arabidopsis
256	24	76.LTU_2009_S19	Paired	Arabidopsis
257	31	76.LTU_2009_S19	Paired	Arabidopsis
258	34	76.LTU_2009_S19	Paired	Arabidopsis
259	29	76.LTU_2009_S19	Paired	Arabidopsis
260	28	76.LTU_2009_S19	Paired	Arabidopsis
261	33	76.LTU_2009_S19	Paired	Arabidopsis
262	27	76.LTU_2009_S19	Paired	Arabidopsis
263	28	76.LTU_2009_S19	Paired	Arabidopsis
264	30	76.LTU_2009_S19	Paired	Arabidopsis
265	29	76.LTU_2009_S19	Paired	Arabidopsis
266	25	76.LTU_2009_S19	Paired	Arabidopsis
267	20	76.LTU_2009_S19	Paired	Arabidopsis
268	26	76.LTU_2009_S19	Paired	Arabidopsis
269	25	76.LTU_2009_S19	Paired	Arabidopsis
270	28	76.LTU_2009_S19	Paired	Arabidopsis
271	21	76.LTU_2009_S19	Paired	Arabidopsis
272	24	76.LTU_2009_S19	Paired	Arabidopsis
273	23	76.LTU_2009_S19	Paired	Arabidopsis
274	26	76.LTU_2009_S19	Paired	Arabidopsis
275	20	76.LTU_2009_S19	Paired	Arabidopsis
276	19	76.LTU_2009_S19	Paired	Arabidopsis
277	22	76.LTU_2009_S19	Paired	Arabidopsis
278	22	76.LTU_2009_S19	Paired	Arabidopsis
279	29	76.LTU_2009_S19	Paired	Arabidopsis
280	19	76.LTU_2009_S19	Paired	Arabidopsis
281	13	76.LTU_2009_S19	Paired	Arabidopsis
282	25	76.LTU_2009_S19	Paired	Arabidopsis
283	15	76.LTU_2009_S19	Paired	Arabidopsis
284	10	76.LTU_2009_S19	Paired	Arabidopsis
285	33	76.LTU_2009_S19	Paired	Arabidopsis
286	21	76.LTU_2009_S19	Paired	Arabidopsis
287	19	76.LTU_2009_S19	Paired	Arabidopsis
288	21	76.LTU_2009_S19	Paired	Arabidopsis
289	18	76.LTU_2009_S19	Paired	Arabidopsis
290	16	76.LTU_2009_S19	Paired	Arabidopsis
291	21	76.LTU_2009_S19	Paired	Arabidopsis
292	13	76.LTU_2009_S19	Paired	Arabidopsis
293	23	76.LTU_2009_S19	Paired	Arabidopsis
294	15	76.LTU_2009_S19	Paired	Arabidopsis
295	14	76.LTU_2009_S19	Paired	Arabidopsis
296	21	76.LTU_2009_S19	Paired	Arabidopsis
297	16	76.LTU_2009_S19	Paired	Arabidopsis
298	19	76.LTU_2009_S19	Paired	Arabidopsis
299	11	76.LTU_2009_S19	Paired	Arabidopsis
300	15	76.LTU_2009_S19	Paired	Arabidopsis
301	15	76.LTU_2009_S19	Paired	Arabidopsis
302	20	76.LTU_2009_S19	Paired	Arabidopsis
303	21	76.LTU_2009_S19	Paired	Arabidopsis
304	15	76.LTU_2009_S19	Paired	Arabidopsis
305	13	76.LTU_2009_S19	Paired	Arabidopsis
306	6	76.LTU_2009_S19	Paired	Arabidopsis
307	17	76.LTU_2009_S19	Paired	Arabidopsis
308	8	76.LTU_2009_S19	Paired	Arabidopsis
309	12	76.LTU_2009_S19	Paired	Arabidopsis
310	14	76.LTU_2009_S19	Paired	Arabidopsis
311	17	76.LTU_2009_S19	Paired	Arabidopsis
312	12	76.LTU_2009_S19	Paired	Arabidopsis
313	6	76.LTU_2009_S19	Paired	Arabidopsis
314	8	76.LTU_2009_S19	Paired	Arabidopsis
315	10	76.LTU_2009_S19	Paired	Arabidopsis
316	12	76.LTU_2009_S19	Paired	Arabidopsis
317	14	76.LTU_2009_S19	Paired	Arabidopsis
318	13	76.LTU_2009_S19	Paired	Arabidopsis
319	9	76.LTU_2009_S19	Paired	Arabidopsis
320	7	76.LTU_2009_S19	Paired	Arabidopsis
321	8	76.LTU_2009_S19	Paired	Arabidopsis
322	15	76.LTU_2009_S19	Paired	Arabidopsis
323	12	76.LTU_2009_S19	Paired	Arabidopsis
324	15	76.LTU_2009_S19	Paired	Arabidopsis
325	4	76.LTU_2009_S19	Paired	Arabidopsis
326	11	76.LTU_2009_S19	Paired	Arabidopsis
327	11	76.LTU_2009_S19	Paired	Arabidopsis
328	11	76.LTU_2009_S19	Paired	Arabidopsis
329	13	76.LTU_2009_S19	Paired	Arabidopsis
330	10	76.LTU_2009_S19	Paired	Arabidopsis
331	7	76.LTU_2009_S19	Paired	Arabidopsis
332	12	76.LTU_2009_S19	Paired	Arabidopsis
333	6	76.LTU_2009_S19	Paired	Arabidopsis
334	6	76.LTU_2009_S19	Paired	Arabidopsis
335	8	76.LTU_2009_S19	Paired	Arabidopsis
336	14	76.LTU_2009_S19	Paired	Arabidopsis
337	7	76.LTU_2009_S19	Paired	Arabidopsis
338	9	76.LTU_2009_S19	Paired	Arabidopsis
339	12	76.LTU_2009_S19	Paired	Arabidopsis
340	22	76.LTU_2009_S19	Paired	Arabidopsis
341	12	76.LTU_2009_S19	Paired	Arabidopsis
342	11	76.LTU_2009_S19	Paired	Arabidopsis
343	9	76.LTU_2009_S19	Paired	Arabidopsis
344	5	76.LTU_2009_S19	Paired	Arabidopsis
345	13	76.LTU_2009_S19	Paired	Arabidopsis
346	8	76.LTU_2009_S19	Paired	Arabidopsis
347	8	76.LTU_2009_S19	Paired	Arabidopsis
348	7	76.LTU_2009_S19	Paired	Arabidopsis
349	7	76.LTU_2009_S19	Paired	Arabidopsis
350	6	76.LTU_2009_S19	Paired	Arabidopsis
351	9	76.LTU_2009_S19	Paired	Arabidopsis
352	9	76.LTU_2009_S19	Paired	Arabidopsis
353	7	76.LTU_2009_S19	Paired	Arabidopsis
354	2	76.LTU_2009_S19	Paired	Arabidopsis
355	7	76.LTU_2009_S19	Paired	Arabidopsis
356	7	76.LTU_2009_S19	Paired	Arabidopsis
357	4	76.LTU_2009_S19	Paired	Arabidopsis
358	3	76.LTU_2009_S19	Paired	Arabidopsis
359	4	76.LTU_2009_S19	Paired	Arabidopsis
360	4	76.LTU_2009_S19	Paired	Arabidopsis
361	6	76.LTU_2009_S19	Paired	Arabidopsis
362	7	76.LTU_2009_S19	Paired	Arabidopsis
363	2	76.LTU_2009_S19	Paired	Arabidopsis
364	2	76.LTU_2009_S19	Paired	Arabidopsis
365	5	76.LTU_2009_S19	Paired	Arabidopsis
366	5	76.LTU_2009_S19	Paired	Arabidopsis
367	3	76.LTU_2009_S19	Paired	Arabidopsis
368	2	76.LTU_2009_S19	Paired	Arabidopsis
369	3	76.LTU_2009_S19	Paired	Arabidopsis
370	3	76.LTU_2009_S19	Paired	Arabidopsis
371	4	76.LTU_2009_S19	Paired	Arabidopsis
372	6	76.LTU_2009_S19	Paired	Arabidopsis
373	3	76.LTU_2009_S19	Paired	Arabidopsis
374	5	76.LTU_2009_S19	Paired	Arabidopsis
375	6	76.LTU_2009_S19	Paired	Arabidopsis
376	2	76.LTU_2009_S19	Paired	Arabidopsis
377	4	76.LTU_2009_S19	Paired	Arabidopsis
378	7	76.LTU_2009_S19	Paired	Arabidopsis
379	1	76.LTU_2009_S19	Paired	Arabidopsis
380	6	76.LTU_2009_S19	Paired	Arabidopsis
381	2	76.LTU_2009_S19	Paired	Arabidopsis
382	2	76.LTU_2009_S19	Paired	Arabidopsis
383	1	76.LTU_2009_S19	Paired	Arabidopsis
384	5	76.LTU_2009_S19	Paired	Arabidopsis
385	3	76.LTU_2009_S19	Paired	Arabidopsis
386	1	76.LTU_2009_S19	Paired	Arabidopsis
387	4	76.LTU_2009_S19	Paired	Arabidopsis
388	3	76.LTU_2009_S19	Paired	Arabidopsis
389	1	76.LTU_2009_S19	Paired	Arabidopsis
390	1	76.LTU_2009_S19	Paired	Arabidopsis
391	3	76.LTU_2009_S19	Paired	Arabidopsis
392	5	76.LTU_2009_S19	Paired	Arabidopsis
393	3	76.LTU_2009_S19	Paired	Arabidopsis
394	2	76.LTU_2009_S19	Paired	Arabidopsis
396	2	76.LTU_2009_S19	Paired	Arabidopsis
397	5	76.LTU_2009_S19	Paired	Arabidopsis
398	1	76.LTU_2009_S19	Paired	Arabidopsis
399	1	76.LTU_2009_S19	Paired	Arabidopsis
400	3	76.LTU_2009_S19	Paired	Arabidopsis
401	3	76.LTU_2009_S19	Paired	Arabidopsis
402	2	76.LTU_2009_S19	Paired	Arabidopsis
403	2	76.LTU_2009_S19	Paired	Arabidopsis
404	3	76.LTU_2009_S19	Paired	Arabidopsis
405	1	76.LTU_2009_S19	Paired	Arabidopsis
406	4	76.LTU_2009_S19	Paired	Arabidopsis
407	1	76.LTU_2009_S19	Paired	Arabidopsis
408	6	76.LTU_2009_S19	Paired	Arabidopsis
409	1	76.LTU_2009_S19	Paired	Arabidopsis
410	1	76.LTU_2009_S19	Paired	Arabidopsis
411	2	76.LTU_2009_S19	Paired	Arabidopsis
412	4	76.LTU_2009_S19	Paired	Arabidopsis
413	2	76.LTU_2009_S19	Paired	Arabidopsis
414	3	76.LTU_2009_S19	Paired	Arabidopsis
415	6	76.LTU_2009_S19	Paired	Arabidopsis
417	2	76.LTU_2009_S19	Paired	Arabidopsis
418	1	76.LTU_2009_S19	Paired	Arabidopsis
419	1	76.LTU_2009_S19	Paired	Arabidopsis
420	5	76.LTU_2009_S19	Paired	Arabidopsis
421	3	76.LTU_2009_S19	Paired	Arabidopsis
423	1	76.LTU_2009_S19	Paired	Arabidopsis
424	4	76.LTU_2009_S19	Paired	Arabidopsis
425	1	76.LTU_2009_S19	Paired	Arabidopsis
426	1	76.LTU_2009_S19	Paired	Arabidopsis
427	2	76.LTU_2009_S19	Paired	Arabidopsis
429	3	76.LTU_2009_S19	Paired	Arabidopsis
430	1	76.LTU_2009_S19	Paired	Arabidopsis
431	1	76.LTU_2009_S19	Paired	Arabidopsis
432	4	76.LTU_2009_S19	Paired	Arabidopsis
433	3	76.LTU_2009_S19	Paired	Arabidopsis
434	1	76.LTU_2009_S19	Paired	Arabidopsis
435	2	76.LTU_2009_S19	Paired	Arabidopsis
436	2	76.LTU_2009_S19	Paired	Arabidopsis
438	5	76.LTU_2009_S19	Paired	Arabidopsis
440	3	76.LTU_2009_S19	Paired	Arabidopsis
441	1	76.LTU_2009_S19	Paired	Arabidopsis
442	1	76.LTU_2009_S19	Paired	Arabidopsis
443	1	76.LTU_2009_S19	Paired	Arabidopsis
446	1	76.LTU_2009_S19	Paired	Arabidopsis
448	2	76.LTU_2009_S19	Paired	Arabidopsis
450	1	76.LTU_2009_S19	Paired	Arabidopsis
451	1	76.LTU_2009_S19	Paired	Arabidopsis
452	1	76.LTU_2009_S19	Paired	Arabidopsis
455	2	76.LTU_2009_S19	Paired	Arabidopsis
467	1	76.LTU_2009_S19	Paired	Arabidopsis
468	1	76.LTU_2009_S19	Paired	Arabidopsis
476	1	76.LTU_2009_S19	Paired	Arabidopsis
477	1	76.LTU_2009_S19	Paired	Arabidopsis
480	1	76.LTU_2009_S19	Paired	Arabidopsis
15	2	76.LTU_2009_S19	Collapsed	Pseudomonas
18	5	76.LTU_2009_S19	Collapsed	Pseudomonas
19	27	76.LTU_2009_S19	Collapsed	Pseudomonas
20	34	76.LTU_2009_S19	Collapsed	Pseudomonas
21	32	76.LTU_2009_S19	Collapsed	Pseudomonas
22	41	76.LTU_2009_S19	Collapsed	Pseudomonas
23	35	76.LTU_2009_S19	Collapsed	Pseudomonas
24	42	76.LTU_2009_S19	Collapsed	Pseudomonas
25	54	76.LTU_2009_S19	Collapsed	Pseudomonas
26	57	76.LTU_2009_S19	Collapsed	Pseudomonas
27	58	76.LTU_2009_S19	Collapsed	Pseudomonas
28	57	76.LTU_2009_S19	Collapsed	Pseudomonas
29	61	76.LTU_2009_S19	Collapsed	Pseudomonas
30	67	76.LTU_2009_S19	Collapsed	Pseudomonas
31	58	76.LTU_2009_S19	Collapsed	Pseudomonas
32	68	76.LTU_2009_S19	Collapsed	Pseudomonas
33	86	76.LTU_2009_S19	Collapsed	Pseudomonas
34	65	76.LTU_2009_S19	Collapsed	Pseudomonas
35	86	76.LTU_2009_S19	Collapsed	Pseudomonas
36	95	76.LTU_2009_S19	Collapsed	Pseudomonas
37	94	76.LTU_2009_S19	Collapsed	Pseudomonas
38	99	76.LTU_2009_S19	Collapsed	Pseudomonas
39	141	76.LTU_2009_S19	Collapsed	Pseudomonas
40	104	76.LTU_2009_S19	Collapsed	Pseudomonas
41	123	76.LTU_2009_S19	Collapsed	Pseudomonas
42	130	76.LTU_2009_S19	Collapsed	Pseudomonas
43	150	76.LTU_2009_S19	Collapsed	Pseudomonas
44	153	76.LTU_2009_S19	Collapsed	Pseudomonas
45	164	76.LTU_2009_S19	Collapsed	Pseudomonas
46	185	76.LTU_2009_S19	Collapsed	Pseudomonas
47	193	76.LTU_2009_S19	Collapsed	Pseudomonas
48	179	76.LTU_2009_S19	Collapsed	Pseudomonas
49	185	76.LTU_2009_S19	Collapsed	Pseudomonas
50	200	76.LTU_2009_S19	Collapsed	Pseudomonas
51	229	76.LTU_2009_S19	Collapsed	Pseudomonas
52	237	76.LTU_2009_S19	Collapsed	Pseudomonas
53	253	76.LTU_2009_S19	Collapsed	Pseudomonas
54	292	76.LTU_2009_S19	Collapsed	Pseudomonas
55	256	76.LTU_2009_S19	Collapsed	Pseudomonas
56	290	76.LTU_2009_S19	Collapsed	Pseudomonas
57	312	76.LTU_2009_S19	Collapsed	Pseudomonas
58	346	76.LTU_2009_S19	Collapsed	Pseudomonas
59	355	76.LTU_2009_S19	Collapsed	Pseudomonas
60	390	76.LTU_2009_S19	Collapsed	Pseudomonas
61	400	76.LTU_2009_S19	Collapsed	Pseudomonas
62	420	76.LTU_2009_S19	Collapsed	Pseudomonas
63	459	76.LTU_2009_S19	Collapsed	Pseudomonas
64	512	76.LTU_2009_S19	Collapsed	Pseudomonas
65	549	76.LTU_2009_S19	Collapsed	Pseudomonas
66	600	76.LTU_2009_S19	Collapsed	Pseudomonas
67	626	76.LTU_2009_S19	Collapsed	Pseudomonas
68	704	76.LTU_2009_S19	Collapsed	Pseudomonas
69	708	76.LTU_2009_S19	Collapsed	Pseudomonas
70	718	76.LTU_2009_S19	Collapsed	Pseudomonas
71	870	76.LTU_2009_S19	Collapsed	Pseudomonas
72	857	76.LTU_2009_S19	Collapsed	Pseudomonas
73	926	76.LTU_2009_S19	Collapsed	Pseudomonas
74	954	76.LTU_2009_S19	Collapsed	Pseudomonas
75	1011	76.LTU_2009_S19	Collapsed	Pseudomonas
76	1104	76.LTU_2009_S19	Collapsed	Pseudomonas
77	1192	76.LTU_2009_S19	Collapsed	Pseudomonas
78	1262	76.LTU_2009_S19	Collapsed	Pseudomonas
79	1325	76.LTU_2009_S19	Collapsed	Pseudomonas
80	1471	76.LTU_2009_S19	Collapsed	Pseudomonas
81	1414	76.LTU_2009_S19	Collapsed	Pseudomonas
82	1531	76.LTU_2009_S19	Collapsed	Pseudomonas
83	1685	76.LTU_2009_S19	Collapsed	Pseudomonas
84	1714	76.LTU_2009_S19	Collapsed	Pseudomonas
85	1923	76.LTU_2009_S19	Collapsed	Pseudomonas
86	1894	76.LTU_2009_S19	Collapsed	Pseudomonas
87	1961	76.LTU_2009_S19	Collapsed	Pseudomonas
88	2135	76.LTU_2009_S19	Collapsed	Pseudomonas
89	2337	76.LTU_2009_S19	Collapsed	Pseudomonas
90	2471	76.LTU_2009_S19	Collapsed	Pseudomonas
91	2580	76.LTU_2009_S19	Collapsed	Pseudomonas
92	2708	76.LTU_2009_S19	Collapsed	Pseudomonas
93	3057	76.LTU_2009_S19	Collapsed	Pseudomonas
94	3241	76.LTU_2009_S19	Collapsed	Pseudomonas
95	3365	76.LTU_2009_S19	Collapsed	Pseudomonas
96	3492	76.LTU_2009_S19	Collapsed	Pseudomonas
97	3752	76.LTU_2009_S19	Collapsed	Pseudomonas
98	3935	76.LTU_2009_S19	Collapsed	Pseudomonas
99	4145	76.LTU_2009_S19	Collapsed	Pseudomonas
100	4273	76.LTU_2009_S19	Collapsed	Pseudomonas
101	4687	76.LTU_2009_S19	Collapsed	Pseudomonas
102	4724	76.LTU_2009_S19	Collapsed	Pseudomonas
103	4958	76.LTU_2009_S19	Collapsed	Pseudomonas
104	5117	76.LTU_2009_S19	Collapsed	Pseudomonas
105	5413	76.LTU_2009_S19	Collapsed	Pseudomonas
106	5676	76.LTU_2009_S19	Collapsed	Pseudomonas
107	6034	76.LTU_2009_S19	Collapsed	Pseudomonas
108	6248	76.LTU_2009_S19	Collapsed	Pseudomonas
109	6454	76.LTU_2009_S19	Collapsed	Pseudomonas
110	6617	76.LTU_2009_S19	Collapsed	Pseudomonas
111	6836	76.LTU_2009_S19	Collapsed	Pseudomonas
112	7392	76.LTU_2009_S19	Collapsed	Pseudomonas
113	7362	76.LTU_2009_S19	Collapsed	Pseudomonas
114	8011	76.LTU_2009_S19	Collapsed	Pseudomonas
115	8114	76.LTU_2009_S19	Collapsed	Pseudomonas
116	8305	76.LTU_2009_S19	Collapsed	Pseudomonas
117	8667	76.LTU_2009_S19	Collapsed	Pseudomonas
118	9101	76.LTU_2009_S19	Collapsed	Pseudomonas
119	9217	76.LTU_2009_S19	Collapsed	Pseudomonas
120	9274	76.LTU_2009_S19	Collapsed	Pseudomonas
121	9862	76.LTU_2009_S19	Collapsed	Pseudomonas
122	9808	76.LTU_2009_S19	Collapsed	Pseudomonas
123	10397	76.LTU_2009_S19	Collapsed	Pseudomonas
124	11306	76.LTU_2009_S19	Collapsed	Pseudomonas
125	11571	76.LTU_2009_S19	Collapsed	Pseudomonas
126	11895	76.LTU_2009_S19	Collapsed	Pseudomonas
127	12155	76.LTU_2009_S19	Collapsed	Pseudomonas
128	12114	76.LTU_2009_S19	Collapsed	Pseudomonas
129	12462	76.LTU_2009_S19	Collapsed	Pseudomonas
130	12917	76.LTU_2009_S19	Collapsed	Pseudomonas
131	13007	76.LTU_2009_S19	Collapsed	Pseudomonas
132	13307	76.LTU_2009_S19	Collapsed	Pseudomonas
133	13327	76.LTU_2009_S19	Collapsed	Pseudomonas
134	13342	76.LTU_2009_S19	Collapsed	Pseudomonas
135	13667	76.LTU_2009_S19	Collapsed	Pseudomonas
136	13947	76.LTU_2009_S19	Collapsed	Pseudomonas
137	13883	76.LTU_2009_S19	Collapsed	Pseudomonas
138	14200	76.LTU_2009_S19	Collapsed	Pseudomonas
139	14209	76.LTU_2009_S19	Collapsed	Pseudomonas
0	8	76.LTU_2009_S19	Paired	Pseudomonas
86	1	76.LTU_2009_S19	Paired	Pseudomonas
89	3	76.LTU_2009_S19	Paired	Pseudomonas
90	7	76.LTU_2009_S19	Paired	Pseudomonas
91	2	76.LTU_2009_S19	Paired	Pseudomonas
92	8	76.LTU_2009_S19	Paired	Pseudomonas
93	8	76.LTU_2009_S19	Paired	Pseudomonas
94	8	76.LTU_2009_S19	Paired	Pseudomonas
95	17	76.LTU_2009_S19	Paired	Pseudomonas
96	23	76.LTU_2009_S19	Paired	Pseudomonas
97	29	76.LTU_2009_S19	Paired	Pseudomonas
98	27	76.LTU_2009_S19	Paired	Pseudomonas
99	53	76.LTU_2009_S19	Paired	Pseudomonas
100	41	76.LTU_2009_S19	Paired	Pseudomonas
101	50	76.LTU_2009_S19	Paired	Pseudomonas
102	53	76.LTU_2009_S19	Paired	Pseudomonas
103	48	76.LTU_2009_S19	Paired	Pseudomonas
104	54	76.LTU_2009_S19	Paired	Pseudomonas
105	63	76.LTU_2009_S19	Paired	Pseudomonas
106	61	76.LTU_2009_S19	Paired	Pseudomonas
107	60	76.LTU_2009_S19	Paired	Pseudomonas
108	73	76.LTU_2009_S19	Paired	Pseudomonas
109	95	76.LTU_2009_S19	Paired	Pseudomonas
110	91	76.LTU_2009_S19	Paired	Pseudomonas
111	85	76.LTU_2009_S19	Paired	Pseudomonas
112	108	76.LTU_2009_S19	Paired	Pseudomonas
113	116	76.LTU_2009_S19	Paired	Pseudomonas
114	105	76.LTU_2009_S19	Paired	Pseudomonas
115	107	76.LTU_2009_S19	Paired	Pseudomonas
116	146	76.LTU_2009_S19	Paired	Pseudomonas
117	151	76.LTU_2009_S19	Paired	Pseudomonas
118	152	76.LTU_2009_S19	Paired	Pseudomonas
119	167	76.LTU_2009_S19	Paired	Pseudomonas
120	169	76.LTU_2009_S19	Paired	Pseudomonas
121	183	76.LTU_2009_S19	Paired	Pseudomonas
122	177	76.LTU_2009_S19	Paired	Pseudomonas
123	212	76.LTU_2009_S19	Paired	Pseudomonas
124	229	76.LTU_2009_S19	Paired	Pseudomonas
125	259	76.LTU_2009_S19	Paired	Pseudomonas
126	309	76.LTU_2009_S19	Paired	Pseudomonas
127	382	76.LTU_2009_S19	Paired	Pseudomonas
128	525	76.LTU_2009_S19	Paired	Pseudomonas
129	562	76.LTU_2009_S19	Paired	Pseudomonas
130	582	76.LTU_2009_S19	Paired	Pseudomonas
131	593	76.LTU_2009_S19	Paired	Pseudomonas
132	692	76.LTU_2009_S19	Paired	Pseudomonas
133	726	76.LTU_2009_S19	Paired	Pseudomonas
134	768	76.LTU_2009_S19	Paired	Pseudomonas
135	865	76.LTU_2009_S19	Paired	Pseudomonas
136	877	76.LTU_2009_S19	Paired	Pseudomonas
137	1113	76.LTU_2009_S19	Paired	Pseudomonas
138	1258	76.LTU_2009_S19	Paired	Pseudomonas
139	1537	76.LTU_2009_S19	Paired	Pseudomonas
140	16620	76.LTU_2009_S19	Paired	Pseudomonas
141	16863	76.LTU_2009_S19	Paired	Pseudomonas
142	17188	76.LTU_2009_S19	Paired	Pseudomonas
143	17139	76.LTU_2009_S19	Paired	Pseudomonas
144	17412	76.LTU_2009_S19	Paired	Pseudomonas
145	17270	76.LTU_2009_S19	Paired	Pseudomonas
146	17362	76.LTU_2009_S19	Paired	Pseudomonas
147	17353	76.LTU_2009_S19	Paired	Pseudomonas
148	17822	76.LTU_2009_S19	Paired	Pseudomonas
149	17620	76.LTU_2009_S19	Paired	Pseudomonas
150	17523	76.LTU_2009_S19	Paired	Pseudomonas
151	17818	76.LTU_2009_S19	Paired	Pseudomonas
152	17865	76.LTU_2009_S19	Paired	Pseudomonas
153	17740	76.LTU_2009_S19	Paired	Pseudomonas
154	17737	76.LTU_2009_S19	Paired	Pseudomonas
155	17884	76.LTU_2009_S19	Paired	Pseudomonas
156	17602	76.LTU_2009_S19	Paired	Pseudomonas
157	17923	76.LTU_2009_S19	Paired	Pseudomonas
158	17784	76.LTU_2009_S19	Paired	Pseudomonas
159	17509	76.LTU_2009_S19	Paired	Pseudomonas
160	17603	76.LTU_2009_S19	Paired	Pseudomonas
161	17525	76.LTU_2009_S19	Paired	Pseudomonas
162	17381	76.LTU_2009_S19	Paired	Pseudomonas
163	17524	76.LTU_2009_S19	Paired	Pseudomonas
164	17482	76.LTU_2009_S19	Paired	Pseudomonas
165	17331	76.LTU_2009_S19	Paired	Pseudomonas
166	17232	76.LTU_2009_S19	Paired	Pseudomonas
167	17283	76.LTU_2009_S19	Paired	Pseudomonas
168	17394	76.LTU_2009_S19	Paired	Pseudomonas
169	17006	76.LTU_2009_S19	Paired	Pseudomonas
170	17449	76.LTU_2009_S19	Paired	Pseudomonas
171	16862	76.LTU_2009_S19	Paired	Pseudomonas
172	17140	76.LTU_2009_S19	Paired	Pseudomonas
173	16825	76.LTU_2009_S19	Paired	Pseudomonas
174	16525	76.LTU_2009_S19	Paired	Pseudomonas
175	16722	76.LTU_2009_S19	Paired	Pseudomonas
176	16350	76.LTU_2009_S19	Paired	Pseudomonas
177	16242	76.LTU_2009_S19	Paired	Pseudomonas
178	16274	76.LTU_2009_S19	Paired	Pseudomonas
179	16067	76.LTU_2009_S19	Paired	Pseudomonas
180	15993	76.LTU_2009_S19	Paired	Pseudomonas
181	15698	76.LTU_2009_S19	Paired	Pseudomonas
182	16063	76.LTU_2009_S19	Paired	Pseudomonas
183	15638	76.LTU_2009_S19	Paired	Pseudomonas
184	15818	76.LTU_2009_S19	Paired	Pseudomonas
185	15548	76.LTU_2009_S19	Paired	Pseudomonas
186	15321	76.LTU_2009_S19	Paired	Pseudomonas
187	15328	76.LTU_2009_S19	Paired	Pseudomonas
188	15148	76.LTU_2009_S19	Paired	Pseudomonas
189	15013	76.LTU_2009_S19	Paired	Pseudomonas
190	15118	76.LTU_2009_S19	Paired	Pseudomonas
191	14594	76.LTU_2009_S19	Paired	Pseudomonas
192	14601	76.LTU_2009_S19	Paired	Pseudomonas
193	14443	76.LTU_2009_S19	Paired	Pseudomonas
194	14568	76.LTU_2009_S19	Paired	Pseudomonas
195	14156	76.LTU_2009_S19	Paired	Pseudomonas
196	14267	76.LTU_2009_S19	Paired	Pseudomonas
197	14176	76.LTU_2009_S19	Paired	Pseudomonas
198	14096	76.LTU_2009_S19	Paired	Pseudomonas
199	13873	76.LTU_2009_S19	Paired	Pseudomonas
200	13991	76.LTU_2009_S19	Paired	Pseudomonas
201	13596	76.LTU_2009_S19	Paired	Pseudomonas
202	13577	76.LTU_2009_S19	Paired	Pseudomonas
203	13569	76.LTU_2009_S19	Paired	Pseudomonas
204	13143	76.LTU_2009_S19	Paired	Pseudomonas
205	12964	76.LTU_2009_S19	Paired	Pseudomonas
206	13096	76.LTU_2009_S19	Paired	Pseudomonas
207	13095	76.LTU_2009_S19	Paired	Pseudomonas
208	12940	76.LTU_2009_S19	Paired	Pseudomonas
209	12695	76.LTU_2009_S19	Paired	Pseudomonas
210	12508	76.LTU_2009_S19	Paired	Pseudomonas
211	12495	76.LTU_2009_S19	Paired	Pseudomonas
212	12341	76.LTU_2009_S19	Paired	Pseudomonas
213	12199	76.LTU_2009_S19	Paired	Pseudomonas
214	12446	76.LTU_2009_S19	Paired	Pseudomonas
215	12143	76.LTU_2009_S19	Paired	Pseudomonas
216	11875	76.LTU_2009_S19	Paired	Pseudomonas
217	11549	76.LTU_2009_S19	Paired	Pseudomonas
218	11726	76.LTU_2009_S19	Paired	Pseudomonas
219	11672	76.LTU_2009_S19	Paired	Pseudomonas
220	11399	76.LTU_2009_S19	Paired	Pseudomonas
221	11213	76.LTU_2009_S19	Paired	Pseudomonas
222	10985	76.LTU_2009_S19	Paired	Pseudomonas
223	11153	76.LTU_2009_S19	Paired	Pseudomonas
224	11191	76.LTU_2009_S19	Paired	Pseudomonas
225	10832	76.LTU_2009_S19	Paired	Pseudomonas
226	10979	76.LTU_2009_S19	Paired	Pseudomonas
227	10805	76.LTU_2009_S19	Paired	Pseudomonas
228	10431	76.LTU_2009_S19	Paired	Pseudomonas
229	10564	76.LTU_2009_S19	Paired	Pseudomonas
230	10555	76.LTU_2009_S19	Paired	Pseudomonas
231	10192	76.LTU_2009_S19	Paired	Pseudomonas
232	10332	76.LTU_2009_S19	Paired	Pseudomonas
233	9850	76.LTU_2009_S19	Paired	Pseudomonas
234	9947	76.LTU_2009_S19	Paired	Pseudomonas
235	10031	76.LTU_2009_S19	Paired	Pseudomonas
236	9891	76.LTU_2009_S19	Paired	Pseudomonas
237	9605	76.LTU_2009_S19	Paired	Pseudomonas
238	9590	76.LTU_2009_S19	Paired	Pseudomonas
239	9499	76.LTU_2009_S19	Paired	Pseudomonas
240	9348	76.LTU_2009_S19	Paired	Pseudomonas
241	9141	76.LTU_2009_S19	Paired	Pseudomonas
242	9238	76.LTU_2009_S19	Paired	Pseudomonas
243	9019	76.LTU_2009_S19	Paired	Pseudomonas
244	8844	76.LTU_2009_S19	Paired	Pseudomonas
245	8896	76.LTU_2009_S19	Paired	Pseudomonas
246	8566	76.LTU_2009_S19	Paired	Pseudomonas
247	8883	76.LTU_2009_S19	Paired	Pseudomonas
248	8663	76.LTU_2009_S19	Paired	Pseudomonas
249	8604	76.LTU_2009_S19	Paired	Pseudomonas
250	8572	76.LTU_2009_S19	Paired	Pseudomonas
251	8178	76.LTU_2009_S19	Paired	Pseudomonas
252	8005	76.LTU_2009_S19	Paired	Pseudomonas
253	8105	76.LTU_2009_S19	Paired	Pseudomonas
254	7933	76.LTU_2009_S19	Paired	Pseudomonas
255	8101	76.LTU_2009_S19	Paired	Pseudomonas
256	7966	76.LTU_2009_S19	Paired	Pseudomonas
257	7922	76.LTU_2009_S19	Paired	Pseudomonas
258	7765	76.LTU_2009_S19	Paired	Pseudomonas
259	7777	76.LTU_2009_S19	Paired	Pseudomonas
260	7643	76.LTU_2009_S19	Paired	Pseudomonas
261	7365	76.LTU_2009_S19	Paired	Pseudomonas
262	7505	76.LTU_2009_S19	Paired	Pseudomonas
263	7352	76.LTU_2009_S19	Paired	Pseudomonas
264	7176	76.LTU_2009_S19	Paired	Pseudomonas
265	7042	76.LTU_2009_S19	Paired	Pseudomonas
266	7070	76.LTU_2009_S19	Paired	Pseudomonas
267	6962	76.LTU_2009_S19	Paired	Pseudomonas
268	7226	76.LTU_2009_S19	Paired	Pseudomonas
269	7025	76.LTU_2009_S19	Paired	Pseudomonas
270	6727	76.LTU_2009_S19	Paired	Pseudomonas
271	6807	76.LTU_2009_S19	Paired	Pseudomonas
272	6604	76.LTU_2009_S19	Paired	Pseudomonas
273	6503	76.LTU_2009_S19	Paired	Pseudomonas
274	6442	76.LTU_2009_S19	Paired	Pseudomonas
275	6509	76.LTU_2009_S19	Paired	Pseudomonas
276	6394	76.LTU_2009_S19	Paired	Pseudomonas
277	6402	76.LTU_2009_S19	Paired	Pseudomonas
278	6270	76.LTU_2009_S19	Paired	Pseudomonas
279	6135	76.LTU_2009_S19	Paired	Pseudomonas
280	6294	76.LTU_2009_S19	Paired	Pseudomonas
281	6095	76.LTU_2009_S19	Paired	Pseudomonas
282	5757	76.LTU_2009_S19	Paired	Pseudomonas
283	5871	76.LTU_2009_S19	Paired	Pseudomonas
284	5753	76.LTU_2009_S19	Paired	Pseudomonas
285	5529	76.LTU_2009_S19	Paired	Pseudomonas
286	5767	76.LTU_2009_S19	Paired	Pseudomonas
287	5416	76.LTU_2009_S19	Paired	Pseudomonas
288	5549	76.LTU_2009_S19	Paired	Pseudomonas
289	5460	76.LTU_2009_S19	Paired	Pseudomonas
290	5424	76.LTU_2009_S19	Paired	Pseudomonas
291	5340	76.LTU_2009_S19	Paired	Pseudomonas
292	5256	76.LTU_2009_S19	Paired	Pseudomonas
293	5202	76.LTU_2009_S19	Paired	Pseudomonas
294	5120	76.LTU_2009_S19	Paired	Pseudomonas
295	5095	76.LTU_2009_S19	Paired	Pseudomonas
296	4936	76.LTU_2009_S19	Paired	Pseudomonas
297	4886	76.LTU_2009_S19	Paired	Pseudomonas
298	5042	76.LTU_2009_S19	Paired	Pseudomonas
299	4993	76.LTU_2009_S19	Paired	Pseudomonas
300	4824	76.LTU_2009_S19	Paired	Pseudomonas
301	4817	76.LTU_2009_S19	Paired	Pseudomonas
302	4858	76.LTU_2009_S19	Paired	Pseudomonas
303	4727	76.LTU_2009_S19	Paired	Pseudomonas
304	4455	76.LTU_2009_S19	Paired	Pseudomonas
305	4427	76.LTU_2009_S19	Paired	Pseudomonas
306	4459	76.LTU_2009_S19	Paired	Pseudomonas
307	4564	76.LTU_2009_S19	Paired	Pseudomonas
308	4535	76.LTU_2009_S19	Paired	Pseudomonas
309	4447	76.LTU_2009_S19	Paired	Pseudomonas
310	4444	76.LTU_2009_S19	Paired	Pseudomonas
311	4479	76.LTU_2009_S19	Paired	Pseudomonas
312	4392	76.LTU_2009_S19	Paired	Pseudomonas
313	4141	76.LTU_2009_S19	Paired	Pseudomonas
314	4087	76.LTU_2009_S19	Paired	Pseudomonas
315	3869	76.LTU_2009_S19	Paired	Pseudomonas
316	4048	76.LTU_2009_S19	Paired	Pseudomonas
317	3896	76.LTU_2009_S19	Paired	Pseudomonas
318	3842	76.LTU_2009_S19	Paired	Pseudomonas
319	3954	76.LTU_2009_S19	Paired	Pseudomonas
320	3913	76.LTU_2009_S19	Paired	Pseudomonas
321	3967	76.LTU_2009_S19	Paired	Pseudomonas
322	3703	76.LTU_2009_S19	Paired	Pseudomonas
323	3653	76.LTU_2009_S19	Paired	Pseudomonas
324	3731	76.LTU_2009_S19	Paired	Pseudomonas
325	3729	76.LTU_2009_S19	Paired	Pseudomonas
326	3487	76.LTU_2009_S19	Paired	Pseudomonas
327	3476	76.LTU_2009_S19	Paired	Pseudomonas
328	3421	76.LTU_2009_S19	Paired	Pseudomonas
329	3484	76.LTU_2009_S19	Paired	Pseudomonas
330	3403	76.LTU_2009_S19	Paired	Pseudomonas
331	3541	76.LTU_2009_S19	Paired	Pseudomonas
332	3415	76.LTU_2009_S19	Paired	Pseudomonas
333	3270	76.LTU_2009_S19	Paired	Pseudomonas
334	3303	76.LTU_2009_S19	Paired	Pseudomonas
335	3037	76.LTU_2009_S19	Paired	Pseudomonas
336	3107	76.LTU_2009_S19	Paired	Pseudomonas
337	3216	76.LTU_2009_S19	Paired	Pseudomonas
338	3089	76.LTU_2009_S19	Paired	Pseudomonas
339	2971	76.LTU_2009_S19	Paired	Pseudomonas
340	3166	76.LTU_2009_S19	Paired	Pseudomonas
341	3120	76.LTU_2009_S19	Paired	Pseudomonas
342	2944	76.LTU_2009_S19	Paired	Pseudomonas
343	2852	76.LTU_2009_S19	Paired	Pseudomonas
344	2894	76.LTU_2009_S19	Paired	Pseudomonas
345	2916	76.LTU_2009_S19	Paired	Pseudomonas
346	2816	76.LTU_2009_S19	Paired	Pseudomonas
347	2764	76.LTU_2009_S19	Paired	Pseudomonas
348	2740	76.LTU_2009_S19	Paired	Pseudomonas
349	2582	76.LTU_2009_S19	Paired	Pseudomonas
350	2704	76.LTU_2009_S19	Paired	Pseudomonas
351	2701	76.LTU_2009_S19	Paired	Pseudomonas
352	2659	76.LTU_2009_S19	Paired	Pseudomonas
353	2599	76.LTU_2009_S19	Paired	Pseudomonas
354	2566	76.LTU_2009_S19	Paired	Pseudomonas
355	2538	76.LTU_2009_S19	Paired	Pseudomonas
356	2459	76.LTU_2009_S19	Paired	Pseudomonas
357	2489	76.LTU_2009_S19	Paired	Pseudomonas
358	2417	76.LTU_2009_S19	Paired	Pseudomonas
359	2331	76.LTU_2009_S19	Paired	Pseudomonas
360	2381	76.LTU_2009_S19	Paired	Pseudomonas
361	2450	76.LTU_2009_S19	Paired	Pseudomonas
362	2360	76.LTU_2009_S19	Paired	Pseudomonas
363	2219	76.LTU_2009_S19	Paired	Pseudomonas
364	2286	76.LTU_2009_S19	Paired	Pseudomonas
365	2271	76.LTU_2009_S19	Paired	Pseudomonas
366	2225	76.LTU_2009_S19	Paired	Pseudomonas
367	2288	76.LTU_2009_S19	Paired	Pseudomonas
368	2078	76.LTU_2009_S19	Paired	Pseudomonas
369	2044	76.LTU_2009_S19	Paired	Pseudomonas
370	2107	76.LTU_2009_S19	Paired	Pseudomonas
371	2125	76.LTU_2009_S19	Paired	Pseudomonas
372	2110	76.LTU_2009_S19	Paired	Pseudomonas
373	2099	76.LTU_2009_S19	Paired	Pseudomonas
374	2102	76.LTU_2009_S19	Paired	Pseudomonas
375	2020	76.LTU_2009_S19	Paired	Pseudomonas
376	1964	76.LTU_2009_S19	Paired	Pseudomonas
377	1897	76.LTU_2009_S19	Paired	Pseudomonas
378	1895	76.LTU_2009_S19	Paired	Pseudomonas
379	1980	76.LTU_2009_S19	Paired	Pseudomonas
380	1966	76.LTU_2009_S19	Paired	Pseudomonas
381	1805	76.LTU_2009_S19	Paired	Pseudomonas
382	1891	76.LTU_2009_S19	Paired	Pseudomonas
383	1891	76.LTU_2009_S19	Paired	Pseudomonas
384	1798	76.LTU_2009_S19	Paired	Pseudomonas
385	1822	76.LTU_2009_S19	Paired	Pseudomonas
386	1727	76.LTU_2009_S19	Paired	Pseudomonas
387	1800	76.LTU_2009_S19	Paired	Pseudomonas
388	1658	76.LTU_2009_S19	Paired	Pseudomonas
389	1603	76.LTU_2009_S19	Paired	Pseudomonas
390	1557	76.LTU_2009_S19	Paired	Pseudomonas
391	1689	76.LTU_2009_S19	Paired	Pseudomonas
392	1635	76.LTU_2009_S19	Paired	Pseudomonas
393	1576	76.LTU_2009_S19	Paired	Pseudomonas
394	1614	76.LTU_2009_S19	Paired	Pseudomonas
395	1576	76.LTU_2009_S19	Paired	Pseudomonas
396	1603	76.LTU_2009_S19	Paired	Pseudomonas
397	1486	76.LTU_2009_S19	Paired	Pseudomonas
398	1457	76.LTU_2009_S19	Paired	Pseudomonas
399	1531	76.LTU_2009_S19	Paired	Pseudomonas
400	1436	76.LTU_2009_S19	Paired	Pseudomonas
401	1452	76.LTU_2009_S19	Paired	Pseudomonas
402	1443	76.LTU_2009_S19	Paired	Pseudomonas
403	1443	76.LTU_2009_S19	Paired	Pseudomonas
404	1387	76.LTU_2009_S19	Paired	Pseudomonas
405	1368	76.LTU_2009_S19	Paired	Pseudomonas
406	1343	76.LTU_2009_S19	Paired	Pseudomonas
407	1335	76.LTU_2009_S19	Paired	Pseudomonas
408	1348	76.LTU_2009_S19	Paired	Pseudomonas
409	1267	76.LTU_2009_S19	Paired	Pseudomonas
410	1281	76.LTU_2009_S19	Paired	Pseudomonas
411	1278	76.LTU_2009_S19	Paired	Pseudomonas
412	1232	76.LTU_2009_S19	Paired	Pseudomonas
413	1223	76.LTU_2009_S19	Paired	Pseudomonas
414	1239	76.LTU_2009_S19	Paired	Pseudomonas
415	1222	76.LTU_2009_S19	Paired	Pseudomonas
416	1185	76.LTU_2009_S19	Paired	Pseudomonas
417	1159	76.LTU_2009_S19	Paired	Pseudomonas
418	1230	76.LTU_2009_S19	Paired	Pseudomonas
419	1199	76.LTU_2009_S19	Paired	Pseudomonas
420	1148	76.LTU_2009_S19	Paired	Pseudomonas
421	1103	76.LTU_2009_S19	Paired	Pseudomonas
422	1129	76.LTU_2009_S19	Paired	Pseudomonas
423	1098	76.LTU_2009_S19	Paired	Pseudomonas
424	1044	76.LTU_2009_S19	Paired	Pseudomonas
425	1065	76.LTU_2009_S19	Paired	Pseudomonas
426	1056	76.LTU_2009_S19	Paired	Pseudomonas
427	1076	76.LTU_2009_S19	Paired	Pseudomonas
428	1049	76.LTU_2009_S19	Paired	Pseudomonas
429	1044	76.LTU_2009_S19	Paired	Pseudomonas
430	981	76.LTU_2009_S19	Paired	Pseudomonas
431	965	76.LTU_2009_S19	Paired	Pseudomonas
432	952	76.LTU_2009_S19	Paired	Pseudomonas
433	932	76.LTU_2009_S19	Paired	Pseudomonas
434	931	76.LTU_2009_S19	Paired	Pseudomonas
435	955	76.LTU_2009_S19	Paired	Pseudomonas
436	964	76.LTU_2009_S19	Paired	Pseudomonas
437	904	76.LTU_2009_S19	Paired	Pseudomonas
438	924	76.LTU_2009_S19	Paired	Pseudomonas
439	890	76.LTU_2009_S19	Paired	Pseudomonas
440	891	76.LTU_2009_S19	Paired	Pseudomonas
441	840	76.LTU_2009_S19	Paired	Pseudomonas
442	876	76.LTU_2009_S19	Paired	Pseudomonas
443	816	76.LTU_2009_S19	Paired	Pseudomonas
444	829	76.LTU_2009_S19	Paired	Pseudomonas
445	774	76.LTU_2009_S19	Paired	Pseudomonas
446	846	76.LTU_2009_S19	Paired	Pseudomonas
447	795	76.LTU_2009_S19	Paired	Pseudomonas
448	819	76.LTU_2009_S19	Paired	Pseudomonas
449	760	76.LTU_2009_S19	Paired	Pseudomonas
450	809	76.LTU_2009_S19	Paired	Pseudomonas
451	809	76.LTU_2009_S19	Paired	Pseudomonas
452	714	76.LTU_2009_S19	Paired	Pseudomonas
453	724	76.LTU_2009_S19	Paired	Pseudomonas
454	729	76.LTU_2009_S19	Paired	Pseudomonas
455	718	76.LTU_2009_S19	Paired	Pseudomonas
456	762	76.LTU_2009_S19	Paired	Pseudomonas
457	810	76.LTU_2009_S19	Paired	Pseudomonas
458	746	76.LTU_2009_S19	Paired	Pseudomonas
459	767	76.LTU_2009_S19	Paired	Pseudomonas
460	863	76.LTU_2009_S19	Paired	Pseudomonas
461	804	76.LTU_2009_S19	Paired	Pseudomonas
462	831	76.LTU_2009_S19	Paired	Pseudomonas
463	799	76.LTU_2009_S19	Paired	Pseudomonas
464	964	76.LTU_2009_S19	Paired	Pseudomonas
465	781	76.LTU_2009_S19	Paired	Pseudomonas
466	746	76.LTU_2009_S19	Paired	Pseudomonas
467	722	76.LTU_2009_S19	Paired	Pseudomonas
468	737	76.LTU_2009_S19	Paired	Pseudomonas
469	689	76.LTU_2009_S19	Paired	Pseudomonas
470	697	76.LTU_2009_S19	Paired	Pseudomonas
471	677	76.LTU_2009_S19	Paired	Pseudomonas
472	791	76.LTU_2009_S19	Paired	Pseudomonas
473	683	76.LTU_2009_S19	Paired	Pseudomonas
474	754	76.LTU_2009_S19	Paired	Pseudomonas
475	859	76.LTU_2009_S19	Paired	Pseudomonas
476	619	76.LTU_2009_S19	Paired	Pseudomonas
477	828	76.LTU_2009_S19	Paired	Pseudomonas
478	710	76.LTU_2009_S19	Paired	Pseudomonas
479	547	76.LTU_2009_S19	Paired	Pseudomonas
480	556	76.LTU_2009_S19	Paired	Pseudomonas
481	661	76.LTU_2009_S19	Paired	Pseudomonas
482	448	76.LTU_2009_S19	Paired	Pseudomonas
483	532	76.LTU_2009_S19	Paired	Pseudomonas
484	439	76.LTU_2009_S19	Paired	Pseudomonas
485	379	76.LTU_2009_S19	Paired	Pseudomonas
486	352	76.LTU_2009_S19	Paired	Pseudomonas
487	358	76.LTU_2009_S19	Paired	Pseudomonas
488	352	76.LTU_2009_S19	Paired	Pseudomonas
489	377	76.LTU_2009_S19	Paired	Pseudomonas
490	388	76.LTU_2009_S19	Paired	Pseudomonas
491	311	76.LTU_2009_S19	Paired	Pseudomonas
492	331	76.LTU_2009_S19	Paired	Pseudomonas
493	330	76.LTU_2009_S19	Paired	Pseudomonas
494	318	76.LTU_2009_S19	Paired	Pseudomonas
495	325	76.LTU_2009_S19	Paired	Pseudomonas
496	317	76.LTU_2009_S19	Paired	Pseudomonas
497	275	76.LTU_2009_S19	Paired	Pseudomonas
498	283	76.LTU_2009_S19	Paired	Pseudomonas
499	325	76.LTU_2009_S19	Paired	Pseudomonas
500	287	76.LTU_2009_S19	Paired	Pseudomonas
501	315	76.LTU_2009_S19	Paired	Pseudomonas
502	337	76.LTU_2009_S19	Paired	Pseudomonas
503	287	76.LTU_2009_S19	Paired	Pseudomonas
504	302	76.LTU_2009_S19	Paired	Pseudomonas
505	321	76.LTU_2009_S19	Paired	Pseudomonas
506	294	76.LTU_2009_S19	Paired	Pseudomonas
507	270	76.LTU_2009_S19	Paired	Pseudomonas
508	306	76.LTU_2009_S19	Paired	Pseudomonas
509	258	76.LTU_2009_S19	Paired	Pseudomonas
510	250	76.LTU_2009_S19	Paired	Pseudomonas
511	265	76.LTU_2009_S19	Paired	Pseudomonas
512	251	76.LTU_2009_S19	Paired	Pseudomonas
513	243	76.LTU_2009_S19	Paired	Pseudomonas
514	257	76.LTU_2009_S19	Paired	Pseudomonas
515	277	76.LTU_2009_S19	Paired	Pseudomonas
516	232	76.LTU_2009_S19	Paired	Pseudomonas
517	213	76.LTU_2009_S19	Paired	Pseudomonas
518	187	76.LTU_2009_S19	Paired	Pseudomonas
519	231	76.LTU_2009_S19	Paired	Pseudomonas
520	228	76.LTU_2009_S19	Paired	Pseudomonas
521	216	76.LTU_2009_S19	Paired	Pseudomonas
522	229	76.LTU_2009_S19	Paired	Pseudomonas
523	201	76.LTU_2009_S19	Paired	Pseudomonas
524	227	76.LTU_2009_S19	Paired	Pseudomonas
525	209	76.LTU_2009_S19	Paired	Pseudomonas
526	220	76.LTU_2009_S19	Paired	Pseudomonas
527	225	76.LTU_2009_S19	Paired	Pseudomonas
528	183	76.LTU_2009_S19	Paired	Pseudomonas
529	178	76.LTU_2009_S19	Paired	Pseudomonas
530	201	76.LTU_2009_S19	Paired	Pseudomonas
531	215	76.LTU_2009_S19	Paired	Pseudomonas
532	190	76.LTU_2009_S19	Paired	Pseudomonas
533	212	76.LTU_2009_S19	Paired	Pseudomonas
534	184	76.LTU_2009_S19	Paired	Pseudomonas
535	204	76.LTU_2009_S19	Paired	Pseudomonas
536	203	76.LTU_2009_S19	Paired	Pseudomonas
537	199	76.LTU_2009_S19	Paired	Pseudomonas
538	163	76.LTU_2009_S19	Paired	Pseudomonas
539	188	76.LTU_2009_S19	Paired	Pseudomonas
540	179	76.LTU_2009_S19	Paired	Pseudomonas
541	186	76.LTU_2009_S19	Paired	Pseudomonas
542	176	76.LTU_2009_S19	Paired	Pseudomonas
543	186	76.LTU_2009_S19	Paired	Pseudomonas
544	174	76.LTU_2009_S19	Paired	Pseudomonas
545	168	76.LTU_2009_S19	Paired	Pseudomonas
546	154	76.LTU_2009_S19	Paired	Pseudomonas
547	152	76.LTU_2009_S19	Paired	Pseudomonas
548	185	76.LTU_2009_S19	Paired	Pseudomonas
549	160	76.LTU_2009_S19	Paired	Pseudomonas
550	148	76.LTU_2009_S19	Paired	Pseudomonas
551	149	76.LTU_2009_S19	Paired	Pseudomonas
552	150	76.LTU_2009_S19	Paired	Pseudomonas
553	134	76.LTU_2009_S19	Paired	Pseudomonas
554	132	76.LTU_2009_S19	Paired	Pseudomonas
555	149	76.LTU_2009_S19	Paired	Pseudomonas
556	137	76.LTU_2009_S19	Paired	Pseudomonas
557	140	76.LTU_2009_S19	Paired	Pseudomonas
558	118	76.LTU_2009_S19	Paired	Pseudomonas
559	131	76.LTU_2009_S19	Paired	Pseudomonas
560	124	76.LTU_2009_S19	Paired	Pseudomonas
561	150	76.LTU_2009_S19	Paired	Pseudomonas
562	149	76.LTU_2009_S19	Paired	Pseudomonas
563	153	76.LTU_2009_S19	Paired	Pseudomonas
564	120	76.LTU_2009_S19	Paired	Pseudomonas
565	116	76.LTU_2009_S19	Paired	Pseudomonas
566	116	76.LTU_2009_S19	Paired	Pseudomonas
567	150	76.LTU_2009_S19	Paired	Pseudomonas
568	105	76.LTU_2009_S19	Paired	Pseudomonas
569	133	76.LTU_2009_S19	Paired	Pseudomonas
570	120	76.LTU_2009_S19	Paired	Pseudomonas
571	105	76.LTU_2009_S19	Paired	Pseudomonas
572	117	76.LTU_2009_S19	Paired	Pseudomonas
573	110	76.LTU_2009_S19	Paired	Pseudomonas
574	115	76.LTU_2009_S19	Paired	Pseudomonas
575	104	76.LTU_2009_S19	Paired	Pseudomonas
576	85	76.LTU_2009_S19	Paired	Pseudomonas
577	107	76.LTU_2009_S19	Paired	Pseudomonas
578	96	76.LTU_2009_S19	Paired	Pseudomonas
579	109	76.LTU_2009_S19	Paired	Pseudomonas
580	102	76.LTU_2009_S19	Paired	Pseudomonas
581	98	76.LTU_2009_S19	Paired	Pseudomonas
582	94	76.LTU_2009_S19	Paired	Pseudomonas
583	102	76.LTU_2009_S19	Paired	Pseudomonas
584	101	76.LTU_2009_S19	Paired	Pseudomonas
585	103	76.LTU_2009_S19	Paired	Pseudomonas
586	102	76.LTU_2009_S19	Paired	Pseudomonas
587	108	76.LTU_2009_S19	Paired	Pseudomonas
588	95	76.LTU_2009_S19	Paired	Pseudomonas
589	85	76.LTU_2009_S19	Paired	Pseudomonas
590	103	76.LTU_2009_S19	Paired	Pseudomonas
591	79	76.LTU_2009_S19	Paired	Pseudomonas
592	93	76.LTU_2009_S19	Paired	Pseudomonas
593	92	76.LTU_2009_S19	Paired	Pseudomonas
594	79	76.LTU_2009_S19	Paired	Pseudomonas
595	110	76.LTU_2009_S19	Paired	Pseudomonas
596	95	76.LTU_2009_S19	Paired	Pseudomonas
597	83	76.LTU_2009_S19	Paired	Pseudomonas
598	101	76.LTU_2009_S19	Paired	Pseudomonas
599	81	76.LTU_2009_S19	Paired	Pseudomonas
600	96	76.LTU_2009_S19	Paired	Pseudomonas
601	79	76.LTU_2009_S19	Paired	Pseudomonas
602	89	76.LTU_2009_S19	Paired	Pseudomonas
603	65	76.LTU_2009_S19	Paired	Pseudomonas
604	75	76.LTU_2009_S19	Paired	Pseudomonas
605	74	76.LTU_2009_S19	Paired	Pseudomonas
606	72	76.LTU_2009_S19	Paired	Pseudomonas
607	76	76.LTU_2009_S19	Paired	Pseudomonas
608	68	76.LTU_2009_S19	Paired	Pseudomonas
609	65	76.LTU_2009_S19	Paired	Pseudomonas
610	55	76.LTU_2009_S19	Paired	Pseudomonas
611	63	76.LTU_2009_S19	Paired	Pseudomonas
612	66	76.LTU_2009_S19	Paired	Pseudomonas
613	61	76.LTU_2009_S19	Paired	Pseudomonas
614	57	76.LTU_2009_S19	Paired	Pseudomonas
615	70	76.LTU_2009_S19	Paired	Pseudomonas
616	61	76.LTU_2009_S19	Paired	Pseudomonas
617	62	76.LTU_2009_S19	Paired	Pseudomonas
618	69	76.LTU_2009_S19	Paired	Pseudomonas
619	50	76.LTU_2009_S19	Paired	Pseudomonas
620	65	76.LTU_2009_S19	Paired	Pseudomonas
621	57	76.LTU_2009_S19	Paired	Pseudomonas
622	65	76.LTU_2009_S19	Paired	Pseudomonas
623	50	76.LTU_2009_S19	Paired	Pseudomonas
624	43	76.LTU_2009_S19	Paired	Pseudomonas
625	56	76.LTU_2009_S19	Paired	Pseudomonas
626	47	76.LTU_2009_S19	Paired	Pseudomonas
627	53	76.LTU_2009_S19	Paired	Pseudomonas
628	48	76.LTU_2009_S19	Paired	Pseudomonas
629	49	76.LTU_2009_S19	Paired	Pseudomonas
630	42	76.LTU_2009_S19	Paired	Pseudomonas
631	44	76.LTU_2009_S19	Paired	Pseudomonas
632	43	76.LTU_2009_S19	Paired	Pseudomonas
633	29	76.LTU_2009_S19	Paired	Pseudomonas
634	42	76.LTU_2009_S19	Paired	Pseudomonas
635	40	76.LTU_2009_S19	Paired	Pseudomonas
636	32	76.LTU_2009_S19	Paired	Pseudomonas
637	29	76.LTU_2009_S19	Paired	Pseudomonas
638	36	76.LTU_2009_S19	Paired	Pseudomonas
639	32	76.LTU_2009_S19	Paired	Pseudomonas
640	32	76.LTU_2009_S19	Paired	Pseudomonas
641	29	76.LTU_2009_S19	Paired	Pseudomonas
642	34	76.LTU_2009_S19	Paired	Pseudomonas
643	27	76.LTU_2009_S19	Paired	Pseudomonas
644	21	76.LTU_2009_S19	Paired	Pseudomonas
645	39	76.LTU_2009_S19	Paired	Pseudomonas
646	18	76.LTU_2009_S19	Paired	Pseudomonas
647	27	76.LTU_2009_S19	Paired	Pseudomonas
648	17	76.LTU_2009_S19	Paired	Pseudomonas
649	28	76.LTU_2009_S19	Paired	Pseudomonas
650	20	76.LTU_2009_S19	Paired	Pseudomonas
651	14	76.LTU_2009_S19	Paired	Pseudomonas
652	16	76.LTU_2009_S19	Paired	Pseudomonas
653	11	76.LTU_2009_S19	Paired	Pseudomonas
654	14	76.LTU_2009_S19	Paired	Pseudomonas
655	5	76.LTU_2009_S19	Paired	Pseudomonas
656	11	76.LTU_2009_S19	Paired	Pseudomonas
657	5	76.LTU_2009_S19	Paired	Pseudomonas
658	7	76.LTU_2009_S19	Paired	Pseudomonas
659	3	76.LTU_2009_S19	Paired	Pseudomonas
660	4	76.LTU_2009_S19	Paired	Pseudomonas
661	4	76.LTU_2009_S19	Paired	Pseudomonas
662	1	76.LTU_2009_S19	Paired	Pseudomonas
663	3	76.LTU_2009_S19	Paired	Pseudomonas
664	1	76.LTU_2009_S19	Paired	Pseudomonas
15	14	33.ESP_1985b	Collapsed	Arabidopsis
16	8	33.ESP_1985b	Collapsed	Arabidopsis
17	74	33.ESP_1985b	Collapsed	Arabidopsis
18	174	33.ESP_1985b	Collapsed	Arabidopsis
19	199	33.ESP_1985b	Collapsed	Arabidopsis
20	153	33.ESP_1985b	Collapsed	Arabidopsis
21	102	33.ESP_1985b	Collapsed	Arabidopsis
22	59	33.ESP_1985b	Collapsed	Arabidopsis
23	60	33.ESP_1985b	Collapsed	Arabidopsis
24	73	33.ESP_1985b	Collapsed	Arabidopsis
25	74	33.ESP_1985b	Collapsed	Arabidopsis
26	68	33.ESP_1985b	Collapsed	Arabidopsis
27	95	33.ESP_1985b	Collapsed	Arabidopsis
28	106	33.ESP_1985b	Collapsed	Arabidopsis
29	96	33.ESP_1985b	Collapsed	Arabidopsis
30	126	33.ESP_1985b	Collapsed	Arabidopsis
31	114	33.ESP_1985b	Collapsed	Arabidopsis
32	155	33.ESP_1985b	Collapsed	Arabidopsis
33	147	33.ESP_1985b	Collapsed	Arabidopsis
34	139	33.ESP_1985b	Collapsed	Arabidopsis
35	149	33.ESP_1985b	Collapsed	Arabidopsis
36	168	33.ESP_1985b	Collapsed	Arabidopsis
37	170	33.ESP_1985b	Collapsed	Arabidopsis
38	164	33.ESP_1985b	Collapsed	Arabidopsis
39	203	33.ESP_1985b	Collapsed	Arabidopsis
40	168	33.ESP_1985b	Collapsed	Arabidopsis
41	206	33.ESP_1985b	Collapsed	Arabidopsis
42	180	33.ESP_1985b	Collapsed	Arabidopsis
43	184	33.ESP_1985b	Collapsed	Arabidopsis
44	209	33.ESP_1985b	Collapsed	Arabidopsis
45	199	33.ESP_1985b	Collapsed	Arabidopsis
46	200	33.ESP_1985b	Collapsed	Arabidopsis
47	202	33.ESP_1985b	Collapsed	Arabidopsis
48	228	33.ESP_1985b	Collapsed	Arabidopsis
49	223	33.ESP_1985b	Collapsed	Arabidopsis
50	206	33.ESP_1985b	Collapsed	Arabidopsis
51	232	33.ESP_1985b	Collapsed	Arabidopsis
52	238	33.ESP_1985b	Collapsed	Arabidopsis
53	242	33.ESP_1985b	Collapsed	Arabidopsis
54	272	33.ESP_1985b	Collapsed	Arabidopsis
55	261	33.ESP_1985b	Collapsed	Arabidopsis
56	257	33.ESP_1985b	Collapsed	Arabidopsis
57	285	33.ESP_1985b	Collapsed	Arabidopsis
58	284	33.ESP_1985b	Collapsed	Arabidopsis
59	272	33.ESP_1985b	Collapsed	Arabidopsis
60	266	33.ESP_1985b	Collapsed	Arabidopsis
61	257	33.ESP_1985b	Collapsed	Arabidopsis
62	307	33.ESP_1985b	Collapsed	Arabidopsis
63	314	33.ESP_1985b	Collapsed	Arabidopsis
64	308	33.ESP_1985b	Collapsed	Arabidopsis
65	288	33.ESP_1985b	Collapsed	Arabidopsis
66	351	33.ESP_1985b	Collapsed	Arabidopsis
67	339	33.ESP_1985b	Collapsed	Arabidopsis
68	365	33.ESP_1985b	Collapsed	Arabidopsis
69	346	33.ESP_1985b	Collapsed	Arabidopsis
70	377	33.ESP_1985b	Collapsed	Arabidopsis
71	375	33.ESP_1985b	Collapsed	Arabidopsis
72	450	33.ESP_1985b	Collapsed	Arabidopsis
73	493	33.ESP_1985b	Collapsed	Arabidopsis
74	458	33.ESP_1985b	Collapsed	Arabidopsis
75	464	33.ESP_1985b	Collapsed	Arabidopsis
76	481	33.ESP_1985b	Collapsed	Arabidopsis
77	472	33.ESP_1985b	Collapsed	Arabidopsis
78	523	33.ESP_1985b	Collapsed	Arabidopsis
79	533	33.ESP_1985b	Collapsed	Arabidopsis
80	554	33.ESP_1985b	Collapsed	Arabidopsis
81	610	33.ESP_1985b	Collapsed	Arabidopsis
82	613	33.ESP_1985b	Collapsed	Arabidopsis
83	632	33.ESP_1985b	Collapsed	Arabidopsis
84	665	33.ESP_1985b	Collapsed	Arabidopsis
85	691	33.ESP_1985b	Collapsed	Arabidopsis
86	730	33.ESP_1985b	Collapsed	Arabidopsis
87	696	33.ESP_1985b	Collapsed	Arabidopsis
88	754	33.ESP_1985b	Collapsed	Arabidopsis
89	778	33.ESP_1985b	Collapsed	Arabidopsis
90	837	33.ESP_1985b	Collapsed	Arabidopsis
91	840	33.ESP_1985b	Collapsed	Arabidopsis
92	882	33.ESP_1985b	Collapsed	Arabidopsis
93	897	33.ESP_1985b	Collapsed	Arabidopsis
94	981	33.ESP_1985b	Collapsed	Arabidopsis
95	1019	33.ESP_1985b	Collapsed	Arabidopsis
96	1066	33.ESP_1985b	Collapsed	Arabidopsis
97	1043	33.ESP_1985b	Collapsed	Arabidopsis
98	1130	33.ESP_1985b	Collapsed	Arabidopsis
99	1119	33.ESP_1985b	Collapsed	Arabidopsis
100	1137	33.ESP_1985b	Collapsed	Arabidopsis
101	1222	33.ESP_1985b	Collapsed	Arabidopsis
102	1307	33.ESP_1985b	Collapsed	Arabidopsis
103	1239	33.ESP_1985b	Collapsed	Arabidopsis
104	1312	33.ESP_1985b	Collapsed	Arabidopsis
105	1307	33.ESP_1985b	Collapsed	Arabidopsis
106	1331	33.ESP_1985b	Collapsed	Arabidopsis
107	1376	33.ESP_1985b	Collapsed	Arabidopsis
108	1428	33.ESP_1985b	Collapsed	Arabidopsis
109	1393	33.ESP_1985b	Collapsed	Arabidopsis
110	1450	33.ESP_1985b	Collapsed	Arabidopsis
111	1550	33.ESP_1985b	Collapsed	Arabidopsis
112	1529	33.ESP_1985b	Collapsed	Arabidopsis
113	1556	33.ESP_1985b	Collapsed	Arabidopsis
114	1552	33.ESP_1985b	Collapsed	Arabidopsis
115	1624	33.ESP_1985b	Collapsed	Arabidopsis
116	1616	33.ESP_1985b	Collapsed	Arabidopsis
117	1604	33.ESP_1985b	Collapsed	Arabidopsis
118	1599	33.ESP_1985b	Collapsed	Arabidopsis
119	1683	33.ESP_1985b	Collapsed	Arabidopsis
120	1610	33.ESP_1985b	Collapsed	Arabidopsis
121	1666	33.ESP_1985b	Collapsed	Arabidopsis
122	1663	33.ESP_1985b	Collapsed	Arabidopsis
123	1718	33.ESP_1985b	Collapsed	Arabidopsis
124	1714	33.ESP_1985b	Collapsed	Arabidopsis
125	1664	33.ESP_1985b	Collapsed	Arabidopsis
126	1733	33.ESP_1985b	Collapsed	Arabidopsis
127	1709	33.ESP_1985b	Collapsed	Arabidopsis
128	1665	33.ESP_1985b	Collapsed	Arabidopsis
129	1632	33.ESP_1985b	Collapsed	Arabidopsis
130	1663	33.ESP_1985b	Collapsed	Arabidopsis
131	1613	33.ESP_1985b	Collapsed	Arabidopsis
132	1656	33.ESP_1985b	Collapsed	Arabidopsis
133	1632	33.ESP_1985b	Collapsed	Arabidopsis
134	1624	33.ESP_1985b	Collapsed	Arabidopsis
135	1497	33.ESP_1985b	Collapsed	Arabidopsis
136	1424	33.ESP_1985b	Collapsed	Arabidopsis
137	1547	33.ESP_1985b	Collapsed	Arabidopsis
138	1532	33.ESP_1985b	Collapsed	Arabidopsis
139	1462	33.ESP_1985b	Collapsed	Arabidopsis
81	1	33.ESP_1985b	Paired	Arabidopsis
87	1	33.ESP_1985b	Paired	Arabidopsis
89	1	33.ESP_1985b	Paired	Arabidopsis
92	1	33.ESP_1985b	Paired	Arabidopsis
93	2	33.ESP_1985b	Paired	Arabidopsis
94	2	33.ESP_1985b	Paired	Arabidopsis
95	2	33.ESP_1985b	Paired	Arabidopsis
96	2	33.ESP_1985b	Paired	Arabidopsis
97	2	33.ESP_1985b	Paired	Arabidopsis
98	3	33.ESP_1985b	Paired	Arabidopsis
99	4	33.ESP_1985b	Paired	Arabidopsis
100	3	33.ESP_1985b	Paired	Arabidopsis
101	7	33.ESP_1985b	Paired	Arabidopsis
102	9	33.ESP_1985b	Paired	Arabidopsis
103	5	33.ESP_1985b	Paired	Arabidopsis
104	4	33.ESP_1985b	Paired	Arabidopsis
105	4	33.ESP_1985b	Paired	Arabidopsis
106	6	33.ESP_1985b	Paired	Arabidopsis
107	9	33.ESP_1985b	Paired	Arabidopsis
108	8	33.ESP_1985b	Paired	Arabidopsis
109	7	33.ESP_1985b	Paired	Arabidopsis
110	10	33.ESP_1985b	Paired	Arabidopsis
111	17	33.ESP_1985b	Paired	Arabidopsis
112	15	33.ESP_1985b	Paired	Arabidopsis
113	15	33.ESP_1985b	Paired	Arabidopsis
114	11	33.ESP_1985b	Paired	Arabidopsis
115	11	33.ESP_1985b	Paired	Arabidopsis
116	15	33.ESP_1985b	Paired	Arabidopsis
117	18	33.ESP_1985b	Paired	Arabidopsis
118	16	33.ESP_1985b	Paired	Arabidopsis
119	16	33.ESP_1985b	Paired	Arabidopsis
120	16	33.ESP_1985b	Paired	Arabidopsis
121	22	33.ESP_1985b	Paired	Arabidopsis
122	12	33.ESP_1985b	Paired	Arabidopsis
123	20	33.ESP_1985b	Paired	Arabidopsis
124	26	33.ESP_1985b	Paired	Arabidopsis
125	22	33.ESP_1985b	Paired	Arabidopsis
126	42	33.ESP_1985b	Paired	Arabidopsis
127	55	33.ESP_1985b	Paired	Arabidopsis
128	62	33.ESP_1985b	Paired	Arabidopsis
129	62	33.ESP_1985b	Paired	Arabidopsis
130	53	33.ESP_1985b	Paired	Arabidopsis
131	64	33.ESP_1985b	Paired	Arabidopsis
132	53	33.ESP_1985b	Paired	Arabidopsis
133	68	33.ESP_1985b	Paired	Arabidopsis
134	74	33.ESP_1985b	Paired	Arabidopsis
135	70	33.ESP_1985b	Paired	Arabidopsis
136	89	33.ESP_1985b	Paired	Arabidopsis
137	81	33.ESP_1985b	Paired	Arabidopsis
138	101	33.ESP_1985b	Paired	Arabidopsis
139	134	33.ESP_1985b	Paired	Arabidopsis
140	1477	33.ESP_1985b	Paired	Arabidopsis
141	1500	33.ESP_1985b	Paired	Arabidopsis
142	1473	33.ESP_1985b	Paired	Arabidopsis
143	1400	33.ESP_1985b	Paired	Arabidopsis
144	1338	33.ESP_1985b	Paired	Arabidopsis
145	1420	33.ESP_1985b	Paired	Arabidopsis
146	1365	33.ESP_1985b	Paired	Arabidopsis
147	1333	33.ESP_1985b	Paired	Arabidopsis
148	1270	33.ESP_1985b	Paired	Arabidopsis
149	1195	33.ESP_1985b	Paired	Arabidopsis
150	1208	33.ESP_1985b	Paired	Arabidopsis
151	1137	33.ESP_1985b	Paired	Arabidopsis
152	1157	33.ESP_1985b	Paired	Arabidopsis
153	1064	33.ESP_1985b	Paired	Arabidopsis
154	1105	33.ESP_1985b	Paired	Arabidopsis
155	1087	33.ESP_1985b	Paired	Arabidopsis
156	1057	33.ESP_1985b	Paired	Arabidopsis
157	1079	33.ESP_1985b	Paired	Arabidopsis
158	1059	33.ESP_1985b	Paired	Arabidopsis
159	953	33.ESP_1985b	Paired	Arabidopsis
160	979	33.ESP_1985b	Paired	Arabidopsis
161	945	33.ESP_1985b	Paired	Arabidopsis
162	931	33.ESP_1985b	Paired	Arabidopsis
163	872	33.ESP_1985b	Paired	Arabidopsis
164	886	33.ESP_1985b	Paired	Arabidopsis
165	852	33.ESP_1985b	Paired	Arabidopsis
166	843	33.ESP_1985b	Paired	Arabidopsis
167	767	33.ESP_1985b	Paired	Arabidopsis
168	801	33.ESP_1985b	Paired	Arabidopsis
169	772	33.ESP_1985b	Paired	Arabidopsis
170	743	33.ESP_1985b	Paired	Arabidopsis
171	695	33.ESP_1985b	Paired	Arabidopsis
172	690	33.ESP_1985b	Paired	Arabidopsis
173	736	33.ESP_1985b	Paired	Arabidopsis
174	664	33.ESP_1985b	Paired	Arabidopsis
175	635	33.ESP_1985b	Paired	Arabidopsis
176	618	33.ESP_1985b	Paired	Arabidopsis
177	609	33.ESP_1985b	Paired	Arabidopsis
178	587	33.ESP_1985b	Paired	Arabidopsis
179	568	33.ESP_1985b	Paired	Arabidopsis
180	557	33.ESP_1985b	Paired	Arabidopsis
181	566	33.ESP_1985b	Paired	Arabidopsis
182	547	33.ESP_1985b	Paired	Arabidopsis
183	557	33.ESP_1985b	Paired	Arabidopsis
184	537	33.ESP_1985b	Paired	Arabidopsis
185	473	33.ESP_1985b	Paired	Arabidopsis
186	474	33.ESP_1985b	Paired	Arabidopsis
187	448	33.ESP_1985b	Paired	Arabidopsis
188	458	33.ESP_1985b	Paired	Arabidopsis
189	468	33.ESP_1985b	Paired	Arabidopsis
190	404	33.ESP_1985b	Paired	Arabidopsis
191	429	33.ESP_1985b	Paired	Arabidopsis
192	394	33.ESP_1985b	Paired	Arabidopsis
193	378	33.ESP_1985b	Paired	Arabidopsis
194	421	33.ESP_1985b	Paired	Arabidopsis
195	388	33.ESP_1985b	Paired	Arabidopsis
196	328	33.ESP_1985b	Paired	Arabidopsis
197	354	33.ESP_1985b	Paired	Arabidopsis
198	327	33.ESP_1985b	Paired	Arabidopsis
199	325	33.ESP_1985b	Paired	Arabidopsis
200	319	33.ESP_1985b	Paired	Arabidopsis
201	310	33.ESP_1985b	Paired	Arabidopsis
202	292	33.ESP_1985b	Paired	Arabidopsis
203	324	33.ESP_1985b	Paired	Arabidopsis
204	314	33.ESP_1985b	Paired	Arabidopsis
205	296	33.ESP_1985b	Paired	Arabidopsis
206	292	33.ESP_1985b	Paired	Arabidopsis
207	293	33.ESP_1985b	Paired	Arabidopsis
208	281	33.ESP_1985b	Paired	Arabidopsis
209	245	33.ESP_1985b	Paired	Arabidopsis
210	255	33.ESP_1985b	Paired	Arabidopsis
211	234	33.ESP_1985b	Paired	Arabidopsis
212	236	33.ESP_1985b	Paired	Arabidopsis
213	229	33.ESP_1985b	Paired	Arabidopsis
214	224	33.ESP_1985b	Paired	Arabidopsis
215	212	33.ESP_1985b	Paired	Arabidopsis
216	219	33.ESP_1985b	Paired	Arabidopsis
217	239	33.ESP_1985b	Paired	Arabidopsis
218	232	33.ESP_1985b	Paired	Arabidopsis
219	202	33.ESP_1985b	Paired	Arabidopsis
220	187	33.ESP_1985b	Paired	Arabidopsis
221	172	33.ESP_1985b	Paired	Arabidopsis
222	191	33.ESP_1985b	Paired	Arabidopsis
223	174	33.ESP_1985b	Paired	Arabidopsis
224	190	33.ESP_1985b	Paired	Arabidopsis
225	175	33.ESP_1985b	Paired	Arabidopsis
226	170	33.ESP_1985b	Paired	Arabidopsis
227	147	33.ESP_1985b	Paired	Arabidopsis
228	162	33.ESP_1985b	Paired	Arabidopsis
229	161	33.ESP_1985b	Paired	Arabidopsis
230	145	33.ESP_1985b	Paired	Arabidopsis
231	155	33.ESP_1985b	Paired	Arabidopsis
232	159	33.ESP_1985b	Paired	Arabidopsis
233	150	33.ESP_1985b	Paired	Arabidopsis
234	140	33.ESP_1985b	Paired	Arabidopsis
235	137	33.ESP_1985b	Paired	Arabidopsis
236	115	33.ESP_1985b	Paired	Arabidopsis
237	144	33.ESP_1985b	Paired	Arabidopsis
238	137	33.ESP_1985b	Paired	Arabidopsis
239	133	33.ESP_1985b	Paired	Arabidopsis
240	112	33.ESP_1985b	Paired	Arabidopsis
241	123	33.ESP_1985b	Paired	Arabidopsis
242	133	33.ESP_1985b	Paired	Arabidopsis
243	111	33.ESP_1985b	Paired	Arabidopsis
244	85	33.ESP_1985b	Paired	Arabidopsis
245	105	33.ESP_1985b	Paired	Arabidopsis
246	94	33.ESP_1985b	Paired	Arabidopsis
247	112	33.ESP_1985b	Paired	Arabidopsis
248	116	33.ESP_1985b	Paired	Arabidopsis
249	106	33.ESP_1985b	Paired	Arabidopsis
250	118	33.ESP_1985b	Paired	Arabidopsis
251	93	33.ESP_1985b	Paired	Arabidopsis
252	107	33.ESP_1985b	Paired	Arabidopsis
253	71	33.ESP_1985b	Paired	Arabidopsis
254	83	33.ESP_1985b	Paired	Arabidopsis
255	83	33.ESP_1985b	Paired	Arabidopsis
256	71	33.ESP_1985b	Paired	Arabidopsis
257	75	33.ESP_1985b	Paired	Arabidopsis
258	93	33.ESP_1985b	Paired	Arabidopsis
259	77	33.ESP_1985b	Paired	Arabidopsis
260	61	33.ESP_1985b	Paired	Arabidopsis
261	62	33.ESP_1985b	Paired	Arabidopsis
262	66	33.ESP_1985b	Paired	Arabidopsis
263	61	33.ESP_1985b	Paired	Arabidopsis
264	76	33.ESP_1985b	Paired	Arabidopsis
265	63	33.ESP_1985b	Paired	Arabidopsis
266	64	33.ESP_1985b	Paired	Arabidopsis
267	80	33.ESP_1985b	Paired	Arabidopsis
268	61	33.ESP_1985b	Paired	Arabidopsis
269	67	33.ESP_1985b	Paired	Arabidopsis
270	45	33.ESP_1985b	Paired	Arabidopsis
271	61	33.ESP_1985b	Paired	Arabidopsis
272	42	33.ESP_1985b	Paired	Arabidopsis
273	42	33.ESP_1985b	Paired	Arabidopsis
274	65	33.ESP_1985b	Paired	Arabidopsis
275	49	33.ESP_1985b	Paired	Arabidopsis
276	59	33.ESP_1985b	Paired	Arabidopsis
277	58	33.ESP_1985b	Paired	Arabidopsis
278	52	33.ESP_1985b	Paired	Arabidopsis
279	47	33.ESP_1985b	Paired	Arabidopsis
280	48	33.ESP_1985b	Paired	Arabidopsis
281	68	33.ESP_1985b	Paired	Arabidopsis
282	48	33.ESP_1985b	Paired	Arabidopsis
283	46	33.ESP_1985b	Paired	Arabidopsis
284	46	33.ESP_1985b	Paired	Arabidopsis
285	46	33.ESP_1985b	Paired	Arabidopsis
286	44	33.ESP_1985b	Paired	Arabidopsis
287	55	33.ESP_1985b	Paired	Arabidopsis
288	38	33.ESP_1985b	Paired	Arabidopsis
289	45	33.ESP_1985b	Paired	Arabidopsis
290	42	33.ESP_1985b	Paired	Arabidopsis
291	36	33.ESP_1985b	Paired	Arabidopsis
292	39	33.ESP_1985b	Paired	Arabidopsis
293	44	33.ESP_1985b	Paired	Arabidopsis
294	40	33.ESP_1985b	Paired	Arabidopsis
295	36	33.ESP_1985b	Paired	Arabidopsis
296	36	33.ESP_1985b	Paired	Arabidopsis
297	39	33.ESP_1985b	Paired	Arabidopsis
298	29	33.ESP_1985b	Paired	Arabidopsis
299	34	33.ESP_1985b	Paired	Arabidopsis
300	32	33.ESP_1985b	Paired	Arabidopsis
301	39	33.ESP_1985b	Paired	Arabidopsis
302	29	33.ESP_1985b	Paired	Arabidopsis
303	35	33.ESP_1985b	Paired	Arabidopsis
304	23	33.ESP_1985b	Paired	Arabidopsis
305	23	33.ESP_1985b	Paired	Arabidopsis
306	35	33.ESP_1985b	Paired	Arabidopsis
307	33	33.ESP_1985b	Paired	Arabidopsis
308	32	33.ESP_1985b	Paired	Arabidopsis
309	31	33.ESP_1985b	Paired	Arabidopsis
310	24	33.ESP_1985b	Paired	Arabidopsis
311	25	33.ESP_1985b	Paired	Arabidopsis
312	22	33.ESP_1985b	Paired	Arabidopsis
313	17	33.ESP_1985b	Paired	Arabidopsis
314	20	33.ESP_1985b	Paired	Arabidopsis
315	17	33.ESP_1985b	Paired	Arabidopsis
316	21	33.ESP_1985b	Paired	Arabidopsis
317	20	33.ESP_1985b	Paired	Arabidopsis
318	21	33.ESP_1985b	Paired	Arabidopsis
319	26	33.ESP_1985b	Paired	Arabidopsis
320	24	33.ESP_1985b	Paired	Arabidopsis
321	24	33.ESP_1985b	Paired	Arabidopsis
322	21	33.ESP_1985b	Paired	Arabidopsis
323	21	33.ESP_1985b	Paired	Arabidopsis
324	16	33.ESP_1985b	Paired	Arabidopsis
325	9	33.ESP_1985b	Paired	Arabidopsis
326	19	33.ESP_1985b	Paired	Arabidopsis
327	25	33.ESP_1985b	Paired	Arabidopsis
328	14	33.ESP_1985b	Paired	Arabidopsis
329	16	33.ESP_1985b	Paired	Arabidopsis
330	13	33.ESP_1985b	Paired	Arabidopsis
331	10	33.ESP_1985b	Paired	Arabidopsis
332	15	33.ESP_1985b	Paired	Arabidopsis
333	12	33.ESP_1985b	Paired	Arabidopsis
334	9	33.ESP_1985b	Paired	Arabidopsis
335	21	33.ESP_1985b	Paired	Arabidopsis
336	16	33.ESP_1985b	Paired	Arabidopsis
337	14	33.ESP_1985b	Paired	Arabidopsis
338	10	33.ESP_1985b	Paired	Arabidopsis
339	5	33.ESP_1985b	Paired	Arabidopsis
340	8	33.ESP_1985b	Paired	Arabidopsis
341	9	33.ESP_1985b	Paired	Arabidopsis
342	7	33.ESP_1985b	Paired	Arabidopsis
343	11	33.ESP_1985b	Paired	Arabidopsis
344	20	33.ESP_1985b	Paired	Arabidopsis
345	11	33.ESP_1985b	Paired	Arabidopsis
346	10	33.ESP_1985b	Paired	Arabidopsis
347	14	33.ESP_1985b	Paired	Arabidopsis
348	12	33.ESP_1985b	Paired	Arabidopsis
349	6	33.ESP_1985b	Paired	Arabidopsis
350	9	33.ESP_1985b	Paired	Arabidopsis
351	14	33.ESP_1985b	Paired	Arabidopsis
352	12	33.ESP_1985b	Paired	Arabidopsis
353	7	33.ESP_1985b	Paired	Arabidopsis
354	8	33.ESP_1985b	Paired	Arabidopsis
355	9	33.ESP_1985b	Paired	Arabidopsis
356	10	33.ESP_1985b	Paired	Arabidopsis
357	6	33.ESP_1985b	Paired	Arabidopsis
358	9	33.ESP_1985b	Paired	Arabidopsis
359	9	33.ESP_1985b	Paired	Arabidopsis
360	3	33.ESP_1985b	Paired	Arabidopsis
361	7	33.ESP_1985b	Paired	Arabidopsis
362	8	33.ESP_1985b	Paired	Arabidopsis
363	7	33.ESP_1985b	Paired	Arabidopsis
364	5	33.ESP_1985b	Paired	Arabidopsis
365	4	33.ESP_1985b	Paired	Arabidopsis
366	6	33.ESP_1985b	Paired	Arabidopsis
367	8	33.ESP_1985b	Paired	Arabidopsis
368	1	33.ESP_1985b	Paired	Arabidopsis
369	5	33.ESP_1985b	Paired	Arabidopsis
370	8	33.ESP_1985b	Paired	Arabidopsis
371	10	33.ESP_1985b	Paired	Arabidopsis
372	6	33.ESP_1985b	Paired	Arabidopsis
373	4	33.ESP_1985b	Paired	Arabidopsis
375	1	33.ESP_1985b	Paired	Arabidopsis
376	6	33.ESP_1985b	Paired	Arabidopsis
377	6	33.ESP_1985b	Paired	Arabidopsis
378	2	33.ESP_1985b	Paired	Arabidopsis
380	3	33.ESP_1985b	Paired	Arabidopsis
381	2	33.ESP_1985b	Paired	Arabidopsis
382	2	33.ESP_1985b	Paired	Arabidopsis
383	3	33.ESP_1985b	Paired	Arabidopsis
384	1	33.ESP_1985b	Paired	Arabidopsis
385	2	33.ESP_1985b	Paired	Arabidopsis
386	2	33.ESP_1985b	Paired	Arabidopsis
388	1	33.ESP_1985b	Paired	Arabidopsis
391	1	33.ESP_1985b	Paired	Arabidopsis
392	1	33.ESP_1985b	Paired	Arabidopsis
399	1	33.ESP_1985b	Paired	Arabidopsis
15	2	33.ESP_1985b	Collapsed	Pseudomonas
17	5	33.ESP_1985b	Collapsed	Pseudomonas
18	43	33.ESP_1985b	Collapsed	Pseudomonas
19	132	33.ESP_1985b	Collapsed	Pseudomonas
20	178	33.ESP_1985b	Collapsed	Pseudomonas
21	150	33.ESP_1985b	Collapsed	Pseudomonas
22	122	33.ESP_1985b	Collapsed	Pseudomonas
23	156	33.ESP_1985b	Collapsed	Pseudomonas
24	163	33.ESP_1985b	Collapsed	Pseudomonas
25	168	33.ESP_1985b	Collapsed	Pseudomonas
26	188	33.ESP_1985b	Collapsed	Pseudomonas
27	183	33.ESP_1985b	Collapsed	Pseudomonas
28	195	33.ESP_1985b	Collapsed	Pseudomonas
29	222	33.ESP_1985b	Collapsed	Pseudomonas
30	222	33.ESP_1985b	Collapsed	Pseudomonas
31	250	33.ESP_1985b	Collapsed	Pseudomonas
32	257	33.ESP_1985b	Collapsed	Pseudomonas
33	253	33.ESP_1985b	Collapsed	Pseudomonas
34	273	33.ESP_1985b	Collapsed	Pseudomonas
35	266	33.ESP_1985b	Collapsed	Pseudomonas
36	309	33.ESP_1985b	Collapsed	Pseudomonas
37	298	33.ESP_1985b	Collapsed	Pseudomonas
38	370	33.ESP_1985b	Collapsed	Pseudomonas
39	353	33.ESP_1985b	Collapsed	Pseudomonas
40	361	33.ESP_1985b	Collapsed	Pseudomonas
41	396	33.ESP_1985b	Collapsed	Pseudomonas
42	373	33.ESP_1985b	Collapsed	Pseudomonas
43	379	33.ESP_1985b	Collapsed	Pseudomonas
44	406	33.ESP_1985b	Collapsed	Pseudomonas
45	398	33.ESP_1985b	Collapsed	Pseudomonas
46	402	33.ESP_1985b	Collapsed	Pseudomonas
47	424	33.ESP_1985b	Collapsed	Pseudomonas
48	449	33.ESP_1985b	Collapsed	Pseudomonas
49	440	33.ESP_1985b	Collapsed	Pseudomonas
50	479	33.ESP_1985b	Collapsed	Pseudomonas
51	497	33.ESP_1985b	Collapsed	Pseudomonas
52	516	33.ESP_1985b	Collapsed	Pseudomonas
53	522	33.ESP_1985b	Collapsed	Pseudomonas
54	518	33.ESP_1985b	Collapsed	Pseudomonas
55	522	33.ESP_1985b	Collapsed	Pseudomonas
56	560	33.ESP_1985b	Collapsed	Pseudomonas
57	576	33.ESP_1985b	Collapsed	Pseudomonas
58	571	33.ESP_1985b	Collapsed	Pseudomonas
59	645	33.ESP_1985b	Collapsed	Pseudomonas
60	625	33.ESP_1985b	Collapsed	Pseudomonas
61	601	33.ESP_1985b	Collapsed	Pseudomonas
62	646	33.ESP_1985b	Collapsed	Pseudomonas
63	736	33.ESP_1985b	Collapsed	Pseudomonas
64	789	33.ESP_1985b	Collapsed	Pseudomonas
65	744	33.ESP_1985b	Collapsed	Pseudomonas
66	844	33.ESP_1985b	Collapsed	Pseudomonas
67	887	33.ESP_1985b	Collapsed	Pseudomonas
68	807	33.ESP_1985b	Collapsed	Pseudomonas
69	931	33.ESP_1985b	Collapsed	Pseudomonas
70	916	33.ESP_1985b	Collapsed	Pseudomonas
71	1032	33.ESP_1985b	Collapsed	Pseudomonas
72	1048	33.ESP_1985b	Collapsed	Pseudomonas
73	1049	33.ESP_1985b	Collapsed	Pseudomonas
74	1047	33.ESP_1985b	Collapsed	Pseudomonas
75	1082	33.ESP_1985b	Collapsed	Pseudomonas
76	1232	33.ESP_1985b	Collapsed	Pseudomonas
77	1270	33.ESP_1985b	Collapsed	Pseudomonas
78	1298	33.ESP_1985b	Collapsed	Pseudomonas
79	1398	33.ESP_1985b	Collapsed	Pseudomonas
80	1452	33.ESP_1985b	Collapsed	Pseudomonas
81	1549	33.ESP_1985b	Collapsed	Pseudomonas
82	1634	33.ESP_1985b	Collapsed	Pseudomonas
83	1689	33.ESP_1985b	Collapsed	Pseudomonas
84	1691	33.ESP_1985b	Collapsed	Pseudomonas
85	1867	33.ESP_1985b	Collapsed	Pseudomonas
86	1926	33.ESP_1985b	Collapsed	Pseudomonas
87	1974	33.ESP_1985b	Collapsed	Pseudomonas
88	2122	33.ESP_1985b	Collapsed	Pseudomonas
89	2230	33.ESP_1985b	Collapsed	Pseudomonas
90	2285	33.ESP_1985b	Collapsed	Pseudomonas
91	2545	33.ESP_1985b	Collapsed	Pseudomonas
92	2539	33.ESP_1985b	Collapsed	Pseudomonas
93	2958	33.ESP_1985b	Collapsed	Pseudomonas
94	2951	33.ESP_1985b	Collapsed	Pseudomonas
95	3195	33.ESP_1985b	Collapsed	Pseudomonas
96	3419	33.ESP_1985b	Collapsed	Pseudomonas
97	3590	33.ESP_1985b	Collapsed	Pseudomonas
98	3600	33.ESP_1985b	Collapsed	Pseudomonas
99	4021	33.ESP_1985b	Collapsed	Pseudomonas
100	4009	33.ESP_1985b	Collapsed	Pseudomonas
101	4202	33.ESP_1985b	Collapsed	Pseudomonas
102	4345	33.ESP_1985b	Collapsed	Pseudomonas
103	4587	33.ESP_1985b	Collapsed	Pseudomonas
104	4815	33.ESP_1985b	Collapsed	Pseudomonas
105	4940	33.ESP_1985b	Collapsed	Pseudomonas
106	5233	33.ESP_1985b	Collapsed	Pseudomonas
107	5443	33.ESP_1985b	Collapsed	Pseudomonas
108	5680	33.ESP_1985b	Collapsed	Pseudomonas
109	5957	33.ESP_1985b	Collapsed	Pseudomonas
110	6029	33.ESP_1985b	Collapsed	Pseudomonas
111	6467	33.ESP_1985b	Collapsed	Pseudomonas
112	6529	33.ESP_1985b	Collapsed	Pseudomonas
113	6711	33.ESP_1985b	Collapsed	Pseudomonas
114	6988	33.ESP_1985b	Collapsed	Pseudomonas
115	7362	33.ESP_1985b	Collapsed	Pseudomonas
116	7369	33.ESP_1985b	Collapsed	Pseudomonas
117	7510	33.ESP_1985b	Collapsed	Pseudomonas
118	7764	33.ESP_1985b	Collapsed	Pseudomonas
119	8010	33.ESP_1985b	Collapsed	Pseudomonas
120	8034	33.ESP_1985b	Collapsed	Pseudomonas
121	8384	33.ESP_1985b	Collapsed	Pseudomonas
122	8417	33.ESP_1985b	Collapsed	Pseudomonas
123	8581	33.ESP_1985b	Collapsed	Pseudomonas
124	9469	33.ESP_1985b	Collapsed	Pseudomonas
125	9434	33.ESP_1985b	Collapsed	Pseudomonas
126	9974	33.ESP_1985b	Collapsed	Pseudomonas
127	9886	33.ESP_1985b	Collapsed	Pseudomonas
128	9823	33.ESP_1985b	Collapsed	Pseudomonas
129	9998	33.ESP_1985b	Collapsed	Pseudomonas
130	10386	33.ESP_1985b	Collapsed	Pseudomonas
131	10356	33.ESP_1985b	Collapsed	Pseudomonas
132	10543	33.ESP_1985b	Collapsed	Pseudomonas
133	10383	33.ESP_1985b	Collapsed	Pseudomonas
134	10587	33.ESP_1985b	Collapsed	Pseudomonas
135	10702	33.ESP_1985b	Collapsed	Pseudomonas
136	10746	33.ESP_1985b	Collapsed	Pseudomonas
137	10774	33.ESP_1985b	Collapsed	Pseudomonas
138	10473	33.ESP_1985b	Collapsed	Pseudomonas
139	10721	33.ESP_1985b	Collapsed	Pseudomonas
0	7	33.ESP_1985b	Paired	Pseudomonas
86	1	33.ESP_1985b	Paired	Pseudomonas
89	3	33.ESP_1985b	Paired	Pseudomonas
90	4	33.ESP_1985b	Paired	Pseudomonas
91	2	33.ESP_1985b	Paired	Pseudomonas
92	3	33.ESP_1985b	Paired	Pseudomonas
93	1	33.ESP_1985b	Paired	Pseudomonas
94	4	33.ESP_1985b	Paired	Pseudomonas
95	17	33.ESP_1985b	Paired	Pseudomonas
96	13	33.ESP_1985b	Paired	Pseudomonas
97	23	33.ESP_1985b	Paired	Pseudomonas
98	16	33.ESP_1985b	Paired	Pseudomonas
99	26	33.ESP_1985b	Paired	Pseudomonas
100	30	33.ESP_1985b	Paired	Pseudomonas
101	32	33.ESP_1985b	Paired	Pseudomonas
102	45	33.ESP_1985b	Paired	Pseudomonas
103	41	33.ESP_1985b	Paired	Pseudomonas
104	43	33.ESP_1985b	Paired	Pseudomonas
105	29	33.ESP_1985b	Paired	Pseudomonas
106	36	33.ESP_1985b	Paired	Pseudomonas
107	44	33.ESP_1985b	Paired	Pseudomonas
108	50	33.ESP_1985b	Paired	Pseudomonas
109	49	33.ESP_1985b	Paired	Pseudomonas
110	55	33.ESP_1985b	Paired	Pseudomonas
111	72	33.ESP_1985b	Paired	Pseudomonas
112	50	33.ESP_1985b	Paired	Pseudomonas
113	75	33.ESP_1985b	Paired	Pseudomonas
114	81	33.ESP_1985b	Paired	Pseudomonas
115	87	33.ESP_1985b	Paired	Pseudomonas
116	80	33.ESP_1985b	Paired	Pseudomonas
117	69	33.ESP_1985b	Paired	Pseudomonas
118	102	33.ESP_1985b	Paired	Pseudomonas
119	88	33.ESP_1985b	Paired	Pseudomonas
120	133	33.ESP_1985b	Paired	Pseudomonas
121	113	33.ESP_1985b	Paired	Pseudomonas
122	124	33.ESP_1985b	Paired	Pseudomonas
123	117	33.ESP_1985b	Paired	Pseudomonas
124	145	33.ESP_1985b	Paired	Pseudomonas
125	148	33.ESP_1985b	Paired	Pseudomonas
126	228	33.ESP_1985b	Paired	Pseudomonas
127	257	33.ESP_1985b	Paired	Pseudomonas
128	375	33.ESP_1985b	Paired	Pseudomonas
129	350	33.ESP_1985b	Paired	Pseudomonas
130	383	33.ESP_1985b	Paired	Pseudomonas
131	439	33.ESP_1985b	Paired	Pseudomonas
132	450	33.ESP_1985b	Paired	Pseudomonas
133	439	33.ESP_1985b	Paired	Pseudomonas
134	524	33.ESP_1985b	Paired	Pseudomonas
135	527	33.ESP_1985b	Paired	Pseudomonas
136	678	33.ESP_1985b	Paired	Pseudomonas
137	753	33.ESP_1985b	Paired	Pseudomonas
138	751	33.ESP_1985b	Paired	Pseudomonas
139	982	33.ESP_1985b	Paired	Pseudomonas
140	12049	33.ESP_1985b	Paired	Pseudomonas
141	12247	33.ESP_1985b	Paired	Pseudomonas
142	12430	33.ESP_1985b	Paired	Pseudomonas
143	12241	33.ESP_1985b	Paired	Pseudomonas
144	12339	33.ESP_1985b	Paired	Pseudomonas
145	12229	33.ESP_1985b	Paired	Pseudomonas
146	12018	33.ESP_1985b	Paired	Pseudomonas
147	11928	33.ESP_1985b	Paired	Pseudomonas
148	12094	33.ESP_1985b	Paired	Pseudomonas
149	11856	33.ESP_1985b	Paired	Pseudomonas
150	11887	33.ESP_1985b	Paired	Pseudomonas
151	12004	33.ESP_1985b	Paired	Pseudomonas
152	11603	33.ESP_1985b	Paired	Pseudomonas
153	11651	33.ESP_1985b	Paired	Pseudomonas
154	11750	33.ESP_1985b	Paired	Pseudomonas
155	11491	33.ESP_1985b	Paired	Pseudomonas
156	11376	33.ESP_1985b	Paired	Pseudomonas
157	11395	33.ESP_1985b	Paired	Pseudomonas
158	11238	33.ESP_1985b	Paired	Pseudomonas
159	11385	33.ESP_1985b	Paired	Pseudomonas
160	11140	33.ESP_1985b	Paired	Pseudomonas
161	10901	33.ESP_1985b	Paired	Pseudomonas
162	10801	33.ESP_1985b	Paired	Pseudomonas
163	10979	33.ESP_1985b	Paired	Pseudomonas
164	10679	33.ESP_1985b	Paired	Pseudomonas
165	10682	33.ESP_1985b	Paired	Pseudomonas
166	10401	33.ESP_1985b	Paired	Pseudomonas
167	10275	33.ESP_1985b	Paired	Pseudomonas
168	9985	33.ESP_1985b	Paired	Pseudomonas
169	10217	33.ESP_1985b	Paired	Pseudomonas
170	9641	33.ESP_1985b	Paired	Pseudomonas
171	9817	33.ESP_1985b	Paired	Pseudomonas
172	9763	33.ESP_1985b	Paired	Pseudomonas
173	9630	33.ESP_1985b	Paired	Pseudomonas
174	9304	33.ESP_1985b	Paired	Pseudomonas
175	9292	33.ESP_1985b	Paired	Pseudomonas
176	9008	33.ESP_1985b	Paired	Pseudomonas
177	9222	33.ESP_1985b	Paired	Pseudomonas
178	8995	33.ESP_1985b	Paired	Pseudomonas
179	8661	33.ESP_1985b	Paired	Pseudomonas
180	8620	33.ESP_1985b	Paired	Pseudomonas
181	8729	33.ESP_1985b	Paired	Pseudomonas
182	8510	33.ESP_1985b	Paired	Pseudomonas
183	8192	33.ESP_1985b	Paired	Pseudomonas
184	8151	33.ESP_1985b	Paired	Pseudomonas
185	8095	33.ESP_1985b	Paired	Pseudomonas
186	7997	33.ESP_1985b	Paired	Pseudomonas
187	7953	33.ESP_1985b	Paired	Pseudomonas
188	7671	33.ESP_1985b	Paired	Pseudomonas
189	7656	33.ESP_1985b	Paired	Pseudomonas
190	7502	33.ESP_1985b	Paired	Pseudomonas
191	7436	33.ESP_1985b	Paired	Pseudomonas
192	7222	33.ESP_1985b	Paired	Pseudomonas
193	7241	33.ESP_1985b	Paired	Pseudomonas
194	7089	33.ESP_1985b	Paired	Pseudomonas
195	7104	33.ESP_1985b	Paired	Pseudomonas
196	6888	33.ESP_1985b	Paired	Pseudomonas
197	6636	33.ESP_1985b	Paired	Pseudomonas
198	6533	33.ESP_1985b	Paired	Pseudomonas
199	6529	33.ESP_1985b	Paired	Pseudomonas
200	6430	33.ESP_1985b	Paired	Pseudomonas
201	6418	33.ESP_1985b	Paired	Pseudomonas
202	6185	33.ESP_1985b	Paired	Pseudomonas
203	5972	33.ESP_1985b	Paired	Pseudomonas
204	6104	33.ESP_1985b	Paired	Pseudomonas
205	6015	33.ESP_1985b	Paired	Pseudomonas
206	5726	33.ESP_1985b	Paired	Pseudomonas
207	5688	33.ESP_1985b	Paired	Pseudomonas
208	5758	33.ESP_1985b	Paired	Pseudomonas
209	5512	33.ESP_1985b	Paired	Pseudomonas
210	5497	33.ESP_1985b	Paired	Pseudomonas
211	5362	33.ESP_1985b	Paired	Pseudomonas
212	5163	33.ESP_1985b	Paired	Pseudomonas
213	5118	33.ESP_1985b	Paired	Pseudomonas
214	5226	33.ESP_1985b	Paired	Pseudomonas
215	5067	33.ESP_1985b	Paired	Pseudomonas
216	4977	33.ESP_1985b	Paired	Pseudomonas
217	4937	33.ESP_1985b	Paired	Pseudomonas
218	4767	33.ESP_1985b	Paired	Pseudomonas
219	4620	33.ESP_1985b	Paired	Pseudomonas
220	4718	33.ESP_1985b	Paired	Pseudomonas
221	4465	33.ESP_1985b	Paired	Pseudomonas
222	4531	33.ESP_1985b	Paired	Pseudomonas
223	4389	33.ESP_1985b	Paired	Pseudomonas
224	4303	33.ESP_1985b	Paired	Pseudomonas
225	4279	33.ESP_1985b	Paired	Pseudomonas
226	4291	33.ESP_1985b	Paired	Pseudomonas
227	3959	33.ESP_1985b	Paired	Pseudomonas
228	4120	33.ESP_1985b	Paired	Pseudomonas
229	4078	33.ESP_1985b	Paired	Pseudomonas
230	3879	33.ESP_1985b	Paired	Pseudomonas
231	3805	33.ESP_1985b	Paired	Pseudomonas
232	3867	33.ESP_1985b	Paired	Pseudomonas
233	3660	33.ESP_1985b	Paired	Pseudomonas
234	3633	33.ESP_1985b	Paired	Pseudomonas
235	3629	33.ESP_1985b	Paired	Pseudomonas
236	3664	33.ESP_1985b	Paired	Pseudomonas
237	3419	33.ESP_1985b	Paired	Pseudomonas
238	3528	33.ESP_1985b	Paired	Pseudomonas
239	3324	33.ESP_1985b	Paired	Pseudomonas
240	3271	33.ESP_1985b	Paired	Pseudomonas
241	3222	33.ESP_1985b	Paired	Pseudomonas
242	3108	33.ESP_1985b	Paired	Pseudomonas
243	3052	33.ESP_1985b	Paired	Pseudomonas
244	3114	33.ESP_1985b	Paired	Pseudomonas
245	3119	33.ESP_1985b	Paired	Pseudomonas
246	2968	33.ESP_1985b	Paired	Pseudomonas
247	2978	33.ESP_1985b	Paired	Pseudomonas
248	2827	33.ESP_1985b	Paired	Pseudomonas
249	2857	33.ESP_1985b	Paired	Pseudomonas
250	2910	33.ESP_1985b	Paired	Pseudomonas
251	2713	33.ESP_1985b	Paired	Pseudomonas
252	2538	33.ESP_1985b	Paired	Pseudomonas
253	2706	33.ESP_1985b	Paired	Pseudomonas
254	2583	33.ESP_1985b	Paired	Pseudomonas
255	2492	33.ESP_1985b	Paired	Pseudomonas
256	2517	33.ESP_1985b	Paired	Pseudomonas
257	2463	33.ESP_1985b	Paired	Pseudomonas
258	2439	33.ESP_1985b	Paired	Pseudomonas
259	2395	33.ESP_1985b	Paired	Pseudomonas
260	2335	33.ESP_1985b	Paired	Pseudomonas
261	2268	33.ESP_1985b	Paired	Pseudomonas
262	2223	33.ESP_1985b	Paired	Pseudomonas
263	2200	33.ESP_1985b	Paired	Pseudomonas
264	2045	33.ESP_1985b	Paired	Pseudomonas
265	2155	33.ESP_1985b	Paired	Pseudomonas
266	2084	33.ESP_1985b	Paired	Pseudomonas
267	2062	33.ESP_1985b	Paired	Pseudomonas
268	2036	33.ESP_1985b	Paired	Pseudomonas
269	1992	33.ESP_1985b	Paired	Pseudomonas
270	1967	33.ESP_1985b	Paired	Pseudomonas
271	1909	33.ESP_1985b	Paired	Pseudomonas
272	1895	33.ESP_1985b	Paired	Pseudomonas
273	1848	33.ESP_1985b	Paired	Pseudomonas
274	1784	33.ESP_1985b	Paired	Pseudomonas
275	1763	33.ESP_1985b	Paired	Pseudomonas
276	1750	33.ESP_1985b	Paired	Pseudomonas
277	1711	33.ESP_1985b	Paired	Pseudomonas
278	1626	33.ESP_1985b	Paired	Pseudomonas
279	1726	33.ESP_1985b	Paired	Pseudomonas
280	1632	33.ESP_1985b	Paired	Pseudomonas
281	1617	33.ESP_1985b	Paired	Pseudomonas
282	1589	33.ESP_1985b	Paired	Pseudomonas
283	1626	33.ESP_1985b	Paired	Pseudomonas
284	1430	33.ESP_1985b	Paired	Pseudomonas
285	1524	33.ESP_1985b	Paired	Pseudomonas
286	1443	33.ESP_1985b	Paired	Pseudomonas
287	1439	33.ESP_1985b	Paired	Pseudomonas
288	1339	33.ESP_1985b	Paired	Pseudomonas
289	1375	33.ESP_1985b	Paired	Pseudomonas
290	1395	33.ESP_1985b	Paired	Pseudomonas
291	1344	33.ESP_1985b	Paired	Pseudomonas
292	1263	33.ESP_1985b	Paired	Pseudomonas
293	1302	33.ESP_1985b	Paired	Pseudomonas
294	1218	33.ESP_1985b	Paired	Pseudomonas
295	1189	33.ESP_1985b	Paired	Pseudomonas
296	1177	33.ESP_1985b	Paired	Pseudomonas
297	1258	33.ESP_1985b	Paired	Pseudomonas
298	1234	33.ESP_1985b	Paired	Pseudomonas
299	1190	33.ESP_1985b	Paired	Pseudomonas
300	1119	33.ESP_1985b	Paired	Pseudomonas
301	1090	33.ESP_1985b	Paired	Pseudomonas
302	1098	33.ESP_1985b	Paired	Pseudomonas
303	1098	33.ESP_1985b	Paired	Pseudomonas
304	1052	33.ESP_1985b	Paired	Pseudomonas
305	1058	33.ESP_1985b	Paired	Pseudomonas
306	1029	33.ESP_1985b	Paired	Pseudomonas
307	1039	33.ESP_1985b	Paired	Pseudomonas
308	931	33.ESP_1985b	Paired	Pseudomonas
309	1007	33.ESP_1985b	Paired	Pseudomonas
310	983	33.ESP_1985b	Paired	Pseudomonas
311	910	33.ESP_1985b	Paired	Pseudomonas
312	913	33.ESP_1985b	Paired	Pseudomonas
313	917	33.ESP_1985b	Paired	Pseudomonas
314	891	33.ESP_1985b	Paired	Pseudomonas
315	867	33.ESP_1985b	Paired	Pseudomonas
316	863	33.ESP_1985b	Paired	Pseudomonas
317	832	33.ESP_1985b	Paired	Pseudomonas
318	829	33.ESP_1985b	Paired	Pseudomonas
319	817	33.ESP_1985b	Paired	Pseudomonas
320	793	33.ESP_1985b	Paired	Pseudomonas
321	797	33.ESP_1985b	Paired	Pseudomonas
322	849	33.ESP_1985b	Paired	Pseudomonas
323	802	33.ESP_1985b	Paired	Pseudomonas
324	766	33.ESP_1985b	Paired	Pseudomonas
325	733	33.ESP_1985b	Paired	Pseudomonas
326	693	33.ESP_1985b	Paired	Pseudomonas
327	730	33.ESP_1985b	Paired	Pseudomonas
328	658	33.ESP_1985b	Paired	Pseudomonas
329	668	33.ESP_1985b	Paired	Pseudomonas
330	642	33.ESP_1985b	Paired	Pseudomonas
331	717	33.ESP_1985b	Paired	Pseudomonas
332	659	33.ESP_1985b	Paired	Pseudomonas
333	651	33.ESP_1985b	Paired	Pseudomonas
334	642	33.ESP_1985b	Paired	Pseudomonas
335	597	33.ESP_1985b	Paired	Pseudomonas
336	595	33.ESP_1985b	Paired	Pseudomonas
337	582	33.ESP_1985b	Paired	Pseudomonas
338	544	33.ESP_1985b	Paired	Pseudomonas
339	577	33.ESP_1985b	Paired	Pseudomonas
340	578	33.ESP_1985b	Paired	Pseudomonas
341	545	33.ESP_1985b	Paired	Pseudomonas
342	578	33.ESP_1985b	Paired	Pseudomonas
343	560	33.ESP_1985b	Paired	Pseudomonas
344	527	33.ESP_1985b	Paired	Pseudomonas
345	491	33.ESP_1985b	Paired	Pseudomonas
346	550	33.ESP_1985b	Paired	Pseudomonas
347	452	33.ESP_1985b	Paired	Pseudomonas
348	535	33.ESP_1985b	Paired	Pseudomonas
349	488	33.ESP_1985b	Paired	Pseudomonas
350	504	33.ESP_1985b	Paired	Pseudomonas
351	484	33.ESP_1985b	Paired	Pseudomonas
352	499	33.ESP_1985b	Paired	Pseudomonas
353	520	33.ESP_1985b	Paired	Pseudomonas
354	515	33.ESP_1985b	Paired	Pseudomonas
355	586	33.ESP_1985b	Paired	Pseudomonas
356	595	33.ESP_1985b	Paired	Pseudomonas
357	515	33.ESP_1985b	Paired	Pseudomonas
358	505	33.ESP_1985b	Paired	Pseudomonas
359	424	33.ESP_1985b	Paired	Pseudomonas
360	402	33.ESP_1985b	Paired	Pseudomonas
361	388	33.ESP_1985b	Paired	Pseudomonas
362	362	33.ESP_1985b	Paired	Pseudomonas
363	384	33.ESP_1985b	Paired	Pseudomonas
364	345	33.ESP_1985b	Paired	Pseudomonas
365	342	33.ESP_1985b	Paired	Pseudomonas
366	350	33.ESP_1985b	Paired	Pseudomonas
367	337	33.ESP_1985b	Paired	Pseudomonas
368	339	33.ESP_1985b	Paired	Pseudomonas
369	366	33.ESP_1985b	Paired	Pseudomonas
370	319	33.ESP_1985b	Paired	Pseudomonas
371	285	33.ESP_1985b	Paired	Pseudomonas
372	292	33.ESP_1985b	Paired	Pseudomonas
373	303	33.ESP_1985b	Paired	Pseudomonas
374	254	33.ESP_1985b	Paired	Pseudomonas
375	306	33.ESP_1985b	Paired	Pseudomonas
376	267	33.ESP_1985b	Paired	Pseudomonas
377	280	33.ESP_1985b	Paired	Pseudomonas
378	267	33.ESP_1985b	Paired	Pseudomonas
379	306	33.ESP_1985b	Paired	Pseudomonas
380	245	33.ESP_1985b	Paired	Pseudomonas
381	208	33.ESP_1985b	Paired	Pseudomonas
382	285	33.ESP_1985b	Paired	Pseudomonas
383	277	33.ESP_1985b	Paired	Pseudomonas
384	250	33.ESP_1985b	Paired	Pseudomonas
385	263	33.ESP_1985b	Paired	Pseudomonas
386	240	33.ESP_1985b	Paired	Pseudomonas
387	253	33.ESP_1985b	Paired	Pseudomonas
388	236	33.ESP_1985b	Paired	Pseudomonas
389	236	33.ESP_1985b	Paired	Pseudomonas
390	247	33.ESP_1985b	Paired	Pseudomonas
391	247	33.ESP_1985b	Paired	Pseudomonas
392	320	33.ESP_1985b	Paired	Pseudomonas
393	265	33.ESP_1985b	Paired	Pseudomonas
394	312	33.ESP_1985b	Paired	Pseudomonas
395	342	33.ESP_1985b	Paired	Pseudomonas
396	239	33.ESP_1985b	Paired	Pseudomonas
397	232	33.ESP_1985b	Paired	Pseudomonas
398	212	33.ESP_1985b	Paired	Pseudomonas
399	210	33.ESP_1985b	Paired	Pseudomonas
400	173	33.ESP_1985b	Paired	Pseudomonas
401	162	33.ESP_1985b	Paired	Pseudomonas
402	162	33.ESP_1985b	Paired	Pseudomonas
403	138	33.ESP_1985b	Paired	Pseudomonas
404	149	33.ESP_1985b	Paired	Pseudomonas
405	151	33.ESP_1985b	Paired	Pseudomonas
406	160	33.ESP_1985b	Paired	Pseudomonas
407	144	33.ESP_1985b	Paired	Pseudomonas
408	109	33.ESP_1985b	Paired	Pseudomonas
409	125	33.ESP_1985b	Paired	Pseudomonas
410	128	33.ESP_1985b	Paired	Pseudomonas
411	147	33.ESP_1985b	Paired	Pseudomonas
412	132	33.ESP_1985b	Paired	Pseudomonas
413	139	33.ESP_1985b	Paired	Pseudomonas
414	151	33.ESP_1985b	Paired	Pseudomonas
415	137	33.ESP_1985b	Paired	Pseudomonas
416	109	33.ESP_1985b	Paired	Pseudomonas
417	125	33.ESP_1985b	Paired	Pseudomonas
418	103	33.ESP_1985b	Paired	Pseudomonas
419	100	33.ESP_1985b	Paired	Pseudomonas
420	114	33.ESP_1985b	Paired	Pseudomonas
421	123	33.ESP_1985b	Paired	Pseudomonas
422	107	33.ESP_1985b	Paired	Pseudomonas
423	105	33.ESP_1985b	Paired	Pseudomonas
424	114	33.ESP_1985b	Paired	Pseudomonas
425	95	33.ESP_1985b	Paired	Pseudomonas
426	120	33.ESP_1985b	Paired	Pseudomonas
427	93	33.ESP_1985b	Paired	Pseudomonas
428	112	33.ESP_1985b	Paired	Pseudomonas
429	114	33.ESP_1985b	Paired	Pseudomonas
430	108	33.ESP_1985b	Paired	Pseudomonas
431	97	33.ESP_1985b	Paired	Pseudomonas
432	82	33.ESP_1985b	Paired	Pseudomonas
433	83	33.ESP_1985b	Paired	Pseudomonas
434	77	33.ESP_1985b	Paired	Pseudomonas
435	90	33.ESP_1985b	Paired	Pseudomonas
436	103	33.ESP_1985b	Paired	Pseudomonas
437	79	33.ESP_1985b	Paired	Pseudomonas
438	111	33.ESP_1985b	Paired	Pseudomonas
439	82	33.ESP_1985b	Paired	Pseudomonas
440	88	33.ESP_1985b	Paired	Pseudomonas
441	87	33.ESP_1985b	Paired	Pseudomonas
442	70	33.ESP_1985b	Paired	Pseudomonas
443	80	33.ESP_1985b	Paired	Pseudomonas
444	69	33.ESP_1985b	Paired	Pseudomonas
445	72	33.ESP_1985b	Paired	Pseudomonas
446	76	33.ESP_1985b	Paired	Pseudomonas
447	87	33.ESP_1985b	Paired	Pseudomonas
448	63	33.ESP_1985b	Paired	Pseudomonas
449	59	33.ESP_1985b	Paired	Pseudomonas
450	47	33.ESP_1985b	Paired	Pseudomonas
451	49	33.ESP_1985b	Paired	Pseudomonas
452	50	33.ESP_1985b	Paired	Pseudomonas
453	49	33.ESP_1985b	Paired	Pseudomonas
454	46	33.ESP_1985b	Paired	Pseudomonas
455	40	33.ESP_1985b	Paired	Pseudomonas
456	33	33.ESP_1985b	Paired	Pseudomonas
457	48	33.ESP_1985b	Paired	Pseudomonas
458	51	33.ESP_1985b	Paired	Pseudomonas
459	32	33.ESP_1985b	Paired	Pseudomonas
460	43	33.ESP_1985b	Paired	Pseudomonas
461	34	33.ESP_1985b	Paired	Pseudomonas
462	41	33.ESP_1985b	Paired	Pseudomonas
463	24	33.ESP_1985b	Paired	Pseudomonas
464	29	33.ESP_1985b	Paired	Pseudomonas
465	35	33.ESP_1985b	Paired	Pseudomonas
466	34	33.ESP_1985b	Paired	Pseudomonas
467	33	33.ESP_1985b	Paired	Pseudomonas
468	34	33.ESP_1985b	Paired	Pseudomonas
469	38	33.ESP_1985b	Paired	Pseudomonas
470	36	33.ESP_1985b	Paired	Pseudomonas
471	22	33.ESP_1985b	Paired	Pseudomonas
472	33	33.ESP_1985b	Paired	Pseudomonas
473	23	33.ESP_1985b	Paired	Pseudomonas
474	32	33.ESP_1985b	Paired	Pseudomonas
475	25	33.ESP_1985b	Paired	Pseudomonas
476	20	33.ESP_1985b	Paired	Pseudomonas
477	27	33.ESP_1985b	Paired	Pseudomonas
478	31	33.ESP_1985b	Paired	Pseudomonas
479	30	33.ESP_1985b	Paired	Pseudomonas
480	16	33.ESP_1985b	Paired	Pseudomonas
481	20	33.ESP_1985b	Paired	Pseudomonas
482	31	33.ESP_1985b	Paired	Pseudomonas
483	25	33.ESP_1985b	Paired	Pseudomonas
484	27	33.ESP_1985b	Paired	Pseudomonas
485	19	33.ESP_1985b	Paired	Pseudomonas
486	19	33.ESP_1985b	Paired	Pseudomonas
487	22	33.ESP_1985b	Paired	Pseudomonas
488	18	33.ESP_1985b	Paired	Pseudomonas
489	18	33.ESP_1985b	Paired	Pseudomonas
490	24	33.ESP_1985b	Paired	Pseudomonas
491	24	33.ESP_1985b	Paired	Pseudomonas
492	28	33.ESP_1985b	Paired	Pseudomonas
493	17	33.ESP_1985b	Paired	Pseudomonas
494	22	33.ESP_1985b	Paired	Pseudomonas
495	19	33.ESP_1985b	Paired	Pseudomonas
496	19	33.ESP_1985b	Paired	Pseudomonas
497	24	33.ESP_1985b	Paired	Pseudomonas
498	18	33.ESP_1985b	Paired	Pseudomonas
499	16	33.ESP_1985b	Paired	Pseudomonas
500	30	33.ESP_1985b	Paired	Pseudomonas
501	17	33.ESP_1985b	Paired	Pseudomonas
502	10	33.ESP_1985b	Paired	Pseudomonas
503	11	33.ESP_1985b	Paired	Pseudomonas
504	16	33.ESP_1985b	Paired	Pseudomonas
505	20	33.ESP_1985b	Paired	Pseudomonas
506	12	33.ESP_1985b	Paired	Pseudomonas
507	16	33.ESP_1985b	Paired	Pseudomonas
508	18	33.ESP_1985b	Paired	Pseudomonas
509	9	33.ESP_1985b	Paired	Pseudomonas
510	8	33.ESP_1985b	Paired	Pseudomonas
511	10	33.ESP_1985b	Paired	Pseudomonas
512	11	33.ESP_1985b	Paired	Pseudomonas
513	10	33.ESP_1985b	Paired	Pseudomonas
514	11	33.ESP_1985b	Paired	Pseudomonas
515	3	33.ESP_1985b	Paired	Pseudomonas
516	6	33.ESP_1985b	Paired	Pseudomonas
517	2	33.ESP_1985b	Paired	Pseudomonas
518	5	33.ESP_1985b	Paired	Pseudomonas
519	2	33.ESP_1985b	Paired	Pseudomonas
520	1	33.ESP_1985b	Paired	Pseudomonas
15	172	109.NOR_1990	Collapsed	Arabidopsis
16	204	109.NOR_1990	Collapsed	Arabidopsis
17	1735	109.NOR_1990	Collapsed	Arabidopsis
18	4806	109.NOR_1990	Collapsed	Arabidopsis
19	6367	109.NOR_1990	Collapsed	Arabidopsis
20	5145	109.NOR_1990	Collapsed	Arabidopsis
21	3837	109.NOR_1990	Collapsed	Arabidopsis
22	3459	109.NOR_1990	Collapsed	Arabidopsis
23	3843	109.NOR_1990	Collapsed	Arabidopsis
24	5028	109.NOR_1990	Collapsed	Arabidopsis
25	6553	109.NOR_1990	Collapsed	Arabidopsis
26	8307	109.NOR_1990	Collapsed	Arabidopsis
27	10533	109.NOR_1990	Collapsed	Arabidopsis
28	12626	109.NOR_1990	Collapsed	Arabidopsis
29	14089	109.NOR_1990	Collapsed	Arabidopsis
30	14009	109.NOR_1990	Collapsed	Arabidopsis
31	14551	109.NOR_1990	Collapsed	Arabidopsis
32	15085	109.NOR_1990	Collapsed	Arabidopsis
33	15752	109.NOR_1990	Collapsed	Arabidopsis
34	16055	109.NOR_1990	Collapsed	Arabidopsis
35	16963	109.NOR_1990	Collapsed	Arabidopsis
36	17270	109.NOR_1990	Collapsed	Arabidopsis
37	18346	109.NOR_1990	Collapsed	Arabidopsis
38	19088	109.NOR_1990	Collapsed	Arabidopsis
39	18684	109.NOR_1990	Collapsed	Arabidopsis
40	17949	109.NOR_1990	Collapsed	Arabidopsis
41	17059	109.NOR_1990	Collapsed	Arabidopsis
42	16293	109.NOR_1990	Collapsed	Arabidopsis
43	16001	109.NOR_1990	Collapsed	Arabidopsis
44	15677	109.NOR_1990	Collapsed	Arabidopsis
45	15391	109.NOR_1990	Collapsed	Arabidopsis
46	15651	109.NOR_1990	Collapsed	Arabidopsis
47	15655	109.NOR_1990	Collapsed	Arabidopsis
48	15537	109.NOR_1990	Collapsed	Arabidopsis
49	15360	109.NOR_1990	Collapsed	Arabidopsis
50	14597	109.NOR_1990	Collapsed	Arabidopsis
51	13421	109.NOR_1990	Collapsed	Arabidopsis
52	12969	109.NOR_1990	Collapsed	Arabidopsis
53	12351	109.NOR_1990	Collapsed	Arabidopsis
54	11852	109.NOR_1990	Collapsed	Arabidopsis
55	11606	109.NOR_1990	Collapsed	Arabidopsis
56	11214	109.NOR_1990	Collapsed	Arabidopsis
57	11026	109.NOR_1990	Collapsed	Arabidopsis
58	10646	109.NOR_1990	Collapsed	Arabidopsis
59	10575	109.NOR_1990	Collapsed	Arabidopsis
60	9991	109.NOR_1990	Collapsed	Arabidopsis
61	9449	109.NOR_1990	Collapsed	Arabidopsis
62	8986	109.NOR_1990	Collapsed	Arabidopsis
63	8535	109.NOR_1990	Collapsed	Arabidopsis
64	8412	109.NOR_1990	Collapsed	Arabidopsis
65	7976	109.NOR_1990	Collapsed	Arabidopsis
66	7884	109.NOR_1990	Collapsed	Arabidopsis
67	7585	109.NOR_1990	Collapsed	Arabidopsis
68	7451	109.NOR_1990	Collapsed	Arabidopsis
69	7227	109.NOR_1990	Collapsed	Arabidopsis
70	7117	109.NOR_1990	Collapsed	Arabidopsis
71	6550	109.NOR_1990	Collapsed	Arabidopsis
72	6109	109.NOR_1990	Collapsed	Arabidopsis
73	5742	109.NOR_1990	Collapsed	Arabidopsis
74	5631	109.NOR_1990	Collapsed	Arabidopsis
75	5344	109.NOR_1990	Collapsed	Arabidopsis
76	5273	109.NOR_1990	Collapsed	Arabidopsis
77	5132	109.NOR_1990	Collapsed	Arabidopsis
78	5164	109.NOR_1990	Collapsed	Arabidopsis
79	4880	109.NOR_1990	Collapsed	Arabidopsis
80	4646	109.NOR_1990	Collapsed	Arabidopsis
81	4381	109.NOR_1990	Collapsed	Arabidopsis
82	4289	109.NOR_1990	Collapsed	Arabidopsis
83	4023	109.NOR_1990	Collapsed	Arabidopsis
84	3794	109.NOR_1990	Collapsed	Arabidopsis
85	3752	109.NOR_1990	Collapsed	Arabidopsis
86	3476	109.NOR_1990	Collapsed	Arabidopsis
87	3535	109.NOR_1990	Collapsed	Arabidopsis
88	3479	109.NOR_1990	Collapsed	Arabidopsis
89	3286	109.NOR_1990	Collapsed	Arabidopsis
90	3239	109.NOR_1990	Collapsed	Arabidopsis
91	3017	109.NOR_1990	Collapsed	Arabidopsis
92	2990	109.NOR_1990	Collapsed	Arabidopsis
93	2834	109.NOR_1990	Collapsed	Arabidopsis
94	2790	109.NOR_1990	Collapsed	Arabidopsis
95	2570	109.NOR_1990	Collapsed	Arabidopsis
96	2668	109.NOR_1990	Collapsed	Arabidopsis
97	2579	109.NOR_1990	Collapsed	Arabidopsis
98	2530	109.NOR_1990	Collapsed	Arabidopsis
99	2492	109.NOR_1990	Collapsed	Arabidopsis
100	2322	109.NOR_1990	Collapsed	Arabidopsis
101	2289	109.NOR_1990	Collapsed	Arabidopsis
102	2173	109.NOR_1990	Collapsed	Arabidopsis
103	2088	109.NOR_1990	Collapsed	Arabidopsis
104	2061	109.NOR_1990	Collapsed	Arabidopsis
105	1952	109.NOR_1990	Collapsed	Arabidopsis
106	1934	109.NOR_1990	Collapsed	Arabidopsis
107	1911	109.NOR_1990	Collapsed	Arabidopsis
108	1782	109.NOR_1990	Collapsed	Arabidopsis
109	1802	109.NOR_1990	Collapsed	Arabidopsis
110	1858	109.NOR_1990	Collapsed	Arabidopsis
111	1680	109.NOR_1990	Collapsed	Arabidopsis
112	1668	109.NOR_1990	Collapsed	Arabidopsis
113	1557	109.NOR_1990	Collapsed	Arabidopsis
114	1591	109.NOR_1990	Collapsed	Arabidopsis
115	1512	109.NOR_1990	Collapsed	Arabidopsis
116	1423	109.NOR_1990	Collapsed	Arabidopsis
117	1500	109.NOR_1990	Collapsed	Arabidopsis
118	1395	109.NOR_1990	Collapsed	Arabidopsis
119	1418	109.NOR_1990	Collapsed	Arabidopsis
120	1418	109.NOR_1990	Collapsed	Arabidopsis
121	1242	109.NOR_1990	Collapsed	Arabidopsis
122	1303	109.NOR_1990	Collapsed	Arabidopsis
123	1212	109.NOR_1990	Collapsed	Arabidopsis
124	1221	109.NOR_1990	Collapsed	Arabidopsis
125	1239	109.NOR_1990	Collapsed	Arabidopsis
126	1185	109.NOR_1990	Collapsed	Arabidopsis
127	1173	109.NOR_1990	Collapsed	Arabidopsis
128	1112	109.NOR_1990	Collapsed	Arabidopsis
129	1073	109.NOR_1990	Collapsed	Arabidopsis
130	1086	109.NOR_1990	Collapsed	Arabidopsis
131	1112	109.NOR_1990	Collapsed	Arabidopsis
132	1061	109.NOR_1990	Collapsed	Arabidopsis
133	999	109.NOR_1990	Collapsed	Arabidopsis
134	953	109.NOR_1990	Collapsed	Arabidopsis
135	909	109.NOR_1990	Collapsed	Arabidopsis
136	859	109.NOR_1990	Collapsed	Arabidopsis
137	825	109.NOR_1990	Collapsed	Arabidopsis
138	913	109.NOR_1990	Collapsed	Arabidopsis
139	898	109.NOR_1990	Collapsed	Arabidopsis
140	617	109.NOR_1990	Collapsed	Arabidopsis
141	620	109.NOR_1990	Collapsed	Arabidopsis
142	580	109.NOR_1990	Collapsed	Arabidopsis
143	536	109.NOR_1990	Collapsed	Arabidopsis
144	487	109.NOR_1990	Collapsed	Arabidopsis
145	459	109.NOR_1990	Collapsed	Arabidopsis
146	477	109.NOR_1990	Collapsed	Arabidopsis
147	435	109.NOR_1990	Collapsed	Arabidopsis
148	504	109.NOR_1990	Collapsed	Arabidopsis
149	450	109.NOR_1990	Collapsed	Arabidopsis
150	424	109.NOR_1990	Collapsed	Arabidopsis
151	450	109.NOR_1990	Collapsed	Arabidopsis
152	407	109.NOR_1990	Collapsed	Arabidopsis
153	390	109.NOR_1990	Collapsed	Arabidopsis
154	337	109.NOR_1990	Collapsed	Arabidopsis
155	364	109.NOR_1990	Collapsed	Arabidopsis
156	391	109.NOR_1990	Collapsed	Arabidopsis
157	331	109.NOR_1990	Collapsed	Arabidopsis
158	375	109.NOR_1990	Collapsed	Arabidopsis
159	312	109.NOR_1990	Collapsed	Arabidopsis
160	325	109.NOR_1990	Collapsed	Arabidopsis
161	289	109.NOR_1990	Collapsed	Arabidopsis
162	278	109.NOR_1990	Collapsed	Arabidopsis
163	276	109.NOR_1990	Collapsed	Arabidopsis
164	248	109.NOR_1990	Collapsed	Arabidopsis
165	288	109.NOR_1990	Collapsed	Arabidopsis
166	255	109.NOR_1990	Collapsed	Arabidopsis
167	228	109.NOR_1990	Collapsed	Arabidopsis
168	235	109.NOR_1990	Collapsed	Arabidopsis
169	237	109.NOR_1990	Collapsed	Arabidopsis
170	195	109.NOR_1990	Collapsed	Arabidopsis
171	228	109.NOR_1990	Collapsed	Arabidopsis
172	231	109.NOR_1990	Collapsed	Arabidopsis
173	199	109.NOR_1990	Collapsed	Arabidopsis
174	216	109.NOR_1990	Collapsed	Arabidopsis
175	173	109.NOR_1990	Collapsed	Arabidopsis
176	196	109.NOR_1990	Collapsed	Arabidopsis
177	169	109.NOR_1990	Collapsed	Arabidopsis
178	176	109.NOR_1990	Collapsed	Arabidopsis
179	177	109.NOR_1990	Collapsed	Arabidopsis
180	172	109.NOR_1990	Collapsed	Arabidopsis
181	178	109.NOR_1990	Collapsed	Arabidopsis
182	137	109.NOR_1990	Collapsed	Arabidopsis
183	148	109.NOR_1990	Collapsed	Arabidopsis
184	153	109.NOR_1990	Collapsed	Arabidopsis
185	139	109.NOR_1990	Collapsed	Arabidopsis
186	131	109.NOR_1990	Collapsed	Arabidopsis
187	117	109.NOR_1990	Collapsed	Arabidopsis
188	118	109.NOR_1990	Collapsed	Arabidopsis
189	128	109.NOR_1990	Collapsed	Arabidopsis
35	1	109.NOR_1990	Paired	Arabidopsis
37	2	109.NOR_1990	Paired	Arabidopsis
38	4	109.NOR_1990	Paired	Arabidopsis
39	2	109.NOR_1990	Paired	Arabidopsis
40	2	109.NOR_1990	Paired	Arabidopsis
42	2	109.NOR_1990	Paired	Arabidopsis
43	4	109.NOR_1990	Paired	Arabidopsis
44	2	109.NOR_1990	Paired	Arabidopsis
45	2	109.NOR_1990	Paired	Arabidopsis
46	1	109.NOR_1990	Paired	Arabidopsis
47	1	109.NOR_1990	Paired	Arabidopsis
48	1	109.NOR_1990	Paired	Arabidopsis
49	4	109.NOR_1990	Paired	Arabidopsis
50	4	109.NOR_1990	Paired	Arabidopsis
51	2	109.NOR_1990	Paired	Arabidopsis
52	2	109.NOR_1990	Paired	Arabidopsis
53	1	109.NOR_1990	Paired	Arabidopsis
56	1	109.NOR_1990	Paired	Arabidopsis
57	1	109.NOR_1990	Paired	Arabidopsis
60	2	109.NOR_1990	Paired	Arabidopsis
61	2	109.NOR_1990	Paired	Arabidopsis
66	1	109.NOR_1990	Paired	Arabidopsis
71	1	109.NOR_1990	Paired	Arabidopsis
72	1	109.NOR_1990	Paired	Arabidopsis
77	1	109.NOR_1990	Paired	Arabidopsis
78	1	109.NOR_1990	Paired	Arabidopsis
80	1	109.NOR_1990	Paired	Arabidopsis
81	1	109.NOR_1990	Paired	Arabidopsis
83	1	109.NOR_1990	Paired	Arabidopsis
92	2	109.NOR_1990	Paired	Arabidopsis
98	1	109.NOR_1990	Paired	Arabidopsis
99	2	109.NOR_1990	Paired	Arabidopsis
101	1	109.NOR_1990	Paired	Arabidopsis
105	1	109.NOR_1990	Paired	Arabidopsis
106	1	109.NOR_1990	Paired	Arabidopsis
108	1	109.NOR_1990	Paired	Arabidopsis
109	2	109.NOR_1990	Paired	Arabidopsis
110	1	109.NOR_1990	Paired	Arabidopsis
111	3	109.NOR_1990	Paired	Arabidopsis
112	1	109.NOR_1990	Paired	Arabidopsis
113	3	109.NOR_1990	Paired	Arabidopsis
114	4	109.NOR_1990	Paired	Arabidopsis
115	3	109.NOR_1990	Paired	Arabidopsis
116	5	109.NOR_1990	Paired	Arabidopsis
117	5	109.NOR_1990	Paired	Arabidopsis
118	3	109.NOR_1990	Paired	Arabidopsis
119	6	109.NOR_1990	Paired	Arabidopsis
120	6	109.NOR_1990	Paired	Arabidopsis
121	4	109.NOR_1990	Paired	Arabidopsis
122	4	109.NOR_1990	Paired	Arabidopsis
123	6	109.NOR_1990	Paired	Arabidopsis
124	7	109.NOR_1990	Paired	Arabidopsis
125	6	109.NOR_1990	Paired	Arabidopsis
126	11	109.NOR_1990	Paired	Arabidopsis
127	7	109.NOR_1990	Paired	Arabidopsis
128	8	109.NOR_1990	Paired	Arabidopsis
129	11	109.NOR_1990	Paired	Arabidopsis
130	14	109.NOR_1990	Paired	Arabidopsis
131	10	109.NOR_1990	Paired	Arabidopsis
132	10	109.NOR_1990	Paired	Arabidopsis
133	10	109.NOR_1990	Paired	Arabidopsis
134	19	109.NOR_1990	Paired	Arabidopsis
135	13	109.NOR_1990	Paired	Arabidopsis
136	16	109.NOR_1990	Paired	Arabidopsis
137	17	109.NOR_1990	Paired	Arabidopsis
138	16	109.NOR_1990	Paired	Arabidopsis
139	31	109.NOR_1990	Paired	Arabidopsis
140	255	109.NOR_1990	Paired	Arabidopsis
141	242	109.NOR_1990	Paired	Arabidopsis
142	227	109.NOR_1990	Paired	Arabidopsis
143	241	109.NOR_1990	Paired	Arabidopsis
144	265	109.NOR_1990	Paired	Arabidopsis
145	258	109.NOR_1990	Paired	Arabidopsis
146	211	109.NOR_1990	Paired	Arabidopsis
147	217	109.NOR_1990	Paired	Arabidopsis
148	220	109.NOR_1990	Paired	Arabidopsis
149	231	109.NOR_1990	Paired	Arabidopsis
150	211	109.NOR_1990	Paired	Arabidopsis
151	222	109.NOR_1990	Paired	Arabidopsis
152	202	109.NOR_1990	Paired	Arabidopsis
153	190	109.NOR_1990	Paired	Arabidopsis
154	192	109.NOR_1990	Paired	Arabidopsis
155	219	109.NOR_1990	Paired	Arabidopsis
156	198	109.NOR_1990	Paired	Arabidopsis
157	185	109.NOR_1990	Paired	Arabidopsis
158	197	109.NOR_1990	Paired	Arabidopsis
159	216	109.NOR_1990	Paired	Arabidopsis
160	210	109.NOR_1990	Paired	Arabidopsis
161	192	109.NOR_1990	Paired	Arabidopsis
162	206	109.NOR_1990	Paired	Arabidopsis
163	197	109.NOR_1990	Paired	Arabidopsis
164	182	109.NOR_1990	Paired	Arabidopsis
165	171	109.NOR_1990	Paired	Arabidopsis
166	194	109.NOR_1990	Paired	Arabidopsis
167	187	109.NOR_1990	Paired	Arabidopsis
168	194	109.NOR_1990	Paired	Arabidopsis
169	173	109.NOR_1990	Paired	Arabidopsis
170	197	109.NOR_1990	Paired	Arabidopsis
171	188	109.NOR_1990	Paired	Arabidopsis
172	167	109.NOR_1990	Paired	Arabidopsis
173	152	109.NOR_1990	Paired	Arabidopsis
174	166	109.NOR_1990	Paired	Arabidopsis
175	168	109.NOR_1990	Paired	Arabidopsis
176	180	109.NOR_1990	Paired	Arabidopsis
177	167	109.NOR_1990	Paired	Arabidopsis
178	186	109.NOR_1990	Paired	Arabidopsis
179	147	109.NOR_1990	Paired	Arabidopsis
180	181	109.NOR_1990	Paired	Arabidopsis
181	141	109.NOR_1990	Paired	Arabidopsis
182	172	109.NOR_1990	Paired	Arabidopsis
183	144	109.NOR_1990	Paired	Arabidopsis
184	157	109.NOR_1990	Paired	Arabidopsis
185	140	109.NOR_1990	Paired	Arabidopsis
186	148	109.NOR_1990	Paired	Arabidopsis
187	131	109.NOR_1990	Paired	Arabidopsis
188	126	109.NOR_1990	Paired	Arabidopsis
189	147	109.NOR_1990	Paired	Arabidopsis
190	252	109.NOR_1990	Paired	Arabidopsis
191	239	109.NOR_1990	Paired	Arabidopsis
192	273	109.NOR_1990	Paired	Arabidopsis
193	277	109.NOR_1990	Paired	Arabidopsis
194	225	109.NOR_1990	Paired	Arabidopsis
195	226	109.NOR_1990	Paired	Arabidopsis
196	233	109.NOR_1990	Paired	Arabidopsis
197	249	109.NOR_1990	Paired	Arabidopsis
198	210	109.NOR_1990	Paired	Arabidopsis
199	218	109.NOR_1990	Paired	Arabidopsis
200	211	109.NOR_1990	Paired	Arabidopsis
201	197	109.NOR_1990	Paired	Arabidopsis
202	203	109.NOR_1990	Paired	Arabidopsis
203	203	109.NOR_1990	Paired	Arabidopsis
204	228	109.NOR_1990	Paired	Arabidopsis
205	182	109.NOR_1990	Paired	Arabidopsis
206	182	109.NOR_1990	Paired	Arabidopsis
207	194	109.NOR_1990	Paired	Arabidopsis
208	183	109.NOR_1990	Paired	Arabidopsis
209	174	109.NOR_1990	Paired	Arabidopsis
210	170	109.NOR_1990	Paired	Arabidopsis
211	177	109.NOR_1990	Paired	Arabidopsis
212	217	109.NOR_1990	Paired	Arabidopsis
213	157	109.NOR_1990	Paired	Arabidopsis
214	194	109.NOR_1990	Paired	Arabidopsis
215	179	109.NOR_1990	Paired	Arabidopsis
216	172	109.NOR_1990	Paired	Arabidopsis
217	158	109.NOR_1990	Paired	Arabidopsis
218	158	109.NOR_1990	Paired	Arabidopsis
219	179	109.NOR_1990	Paired	Arabidopsis
220	178	109.NOR_1990	Paired	Arabidopsis
221	149	109.NOR_1990	Paired	Arabidopsis
222	149	109.NOR_1990	Paired	Arabidopsis
223	152	109.NOR_1990	Paired	Arabidopsis
224	156	109.NOR_1990	Paired	Arabidopsis
225	150	109.NOR_1990	Paired	Arabidopsis
226	154	109.NOR_1990	Paired	Arabidopsis
227	142	109.NOR_1990	Paired	Arabidopsis
228	145	109.NOR_1990	Paired	Arabidopsis
229	139	109.NOR_1990	Paired	Arabidopsis
230	127	109.NOR_1990	Paired	Arabidopsis
231	127	109.NOR_1990	Paired	Arabidopsis
232	137	109.NOR_1990	Paired	Arabidopsis
233	128	109.NOR_1990	Paired	Arabidopsis
234	132	109.NOR_1990	Paired	Arabidopsis
235	123	109.NOR_1990	Paired	Arabidopsis
236	116	109.NOR_1990	Paired	Arabidopsis
237	124	109.NOR_1990	Paired	Arabidopsis
238	121	109.NOR_1990	Paired	Arabidopsis
239	95	109.NOR_1990	Paired	Arabidopsis
240	128	109.NOR_1990	Paired	Arabidopsis
241	110	109.NOR_1990	Paired	Arabidopsis
242	119	109.NOR_1990	Paired	Arabidopsis
243	120	109.NOR_1990	Paired	Arabidopsis
244	105	109.NOR_1990	Paired	Arabidopsis
245	101	109.NOR_1990	Paired	Arabidopsis
246	103	109.NOR_1990	Paired	Arabidopsis
247	122	109.NOR_1990	Paired	Arabidopsis
248	80	109.NOR_1990	Paired	Arabidopsis
249	115	109.NOR_1990	Paired	Arabidopsis
250	112	109.NOR_1990	Paired	Arabidopsis
251	86	109.NOR_1990	Paired	Arabidopsis
252	93	109.NOR_1990	Paired	Arabidopsis
253	104	109.NOR_1990	Paired	Arabidopsis
254	87	109.NOR_1990	Paired	Arabidopsis
255	100	109.NOR_1990	Paired	Arabidopsis
256	109	109.NOR_1990	Paired	Arabidopsis
257	71	109.NOR_1990	Paired	Arabidopsis
258	86	109.NOR_1990	Paired	Arabidopsis
259	86	109.NOR_1990	Paired	Arabidopsis
260	82	109.NOR_1990	Paired	Arabidopsis
261	74	109.NOR_1990	Paired	Arabidopsis
262	91	109.NOR_1990	Paired	Arabidopsis
263	72	109.NOR_1990	Paired	Arabidopsis
264	83	109.NOR_1990	Paired	Arabidopsis
265	87	109.NOR_1990	Paired	Arabidopsis
266	78	109.NOR_1990	Paired	Arabidopsis
267	76	109.NOR_1990	Paired	Arabidopsis
268	87	109.NOR_1990	Paired	Arabidopsis
269	79	109.NOR_1990	Paired	Arabidopsis
270	65	109.NOR_1990	Paired	Arabidopsis
271	87	109.NOR_1990	Paired	Arabidopsis
272	83	109.NOR_1990	Paired	Arabidopsis
273	68	109.NOR_1990	Paired	Arabidopsis
274	76	109.NOR_1990	Paired	Arabidopsis
275	66	109.NOR_1990	Paired	Arabidopsis
276	63	109.NOR_1990	Paired	Arabidopsis
277	56	109.NOR_1990	Paired	Arabidopsis
278	74	109.NOR_1990	Paired	Arabidopsis
279	63	109.NOR_1990	Paired	Arabidopsis
280	67	109.NOR_1990	Paired	Arabidopsis
281	77	109.NOR_1990	Paired	Arabidopsis
282	72	109.NOR_1990	Paired	Arabidopsis
283	75	109.NOR_1990	Paired	Arabidopsis
284	59	109.NOR_1990	Paired	Arabidopsis
285	58	109.NOR_1990	Paired	Arabidopsis
286	53	109.NOR_1990	Paired	Arabidopsis
287	69	109.NOR_1990	Paired	Arabidopsis
288	38	109.NOR_1990	Paired	Arabidopsis
289	45	109.NOR_1990	Paired	Arabidopsis
290	47	109.NOR_1990	Paired	Arabidopsis
291	55	109.NOR_1990	Paired	Arabidopsis
292	59	109.NOR_1990	Paired	Arabidopsis
293	63	109.NOR_1990	Paired	Arabidopsis
294	56	109.NOR_1990	Paired	Arabidopsis
295	61	109.NOR_1990	Paired	Arabidopsis
296	63	109.NOR_1990	Paired	Arabidopsis
297	44	109.NOR_1990	Paired	Arabidopsis
298	52	109.NOR_1990	Paired	Arabidopsis
299	47	109.NOR_1990	Paired	Arabidopsis
300	49	109.NOR_1990	Paired	Arabidopsis
301	47	109.NOR_1990	Paired	Arabidopsis
302	61	109.NOR_1990	Paired	Arabidopsis
303	56	109.NOR_1990	Paired	Arabidopsis
304	50	109.NOR_1990	Paired	Arabidopsis
305	49	109.NOR_1990	Paired	Arabidopsis
306	54	109.NOR_1990	Paired	Arabidopsis
307	39	109.NOR_1990	Paired	Arabidopsis
308	42	109.NOR_1990	Paired	Arabidopsis
309	45	109.NOR_1990	Paired	Arabidopsis
310	65	109.NOR_1990	Paired	Arabidopsis
311	53	109.NOR_1990	Paired	Arabidopsis
312	46	109.NOR_1990	Paired	Arabidopsis
313	52	109.NOR_1990	Paired	Arabidopsis
314	36	109.NOR_1990	Paired	Arabidopsis
315	47	109.NOR_1990	Paired	Arabidopsis
316	37	109.NOR_1990	Paired	Arabidopsis
317	38	109.NOR_1990	Paired	Arabidopsis
318	44	109.NOR_1990	Paired	Arabidopsis
319	41	109.NOR_1990	Paired	Arabidopsis
320	35	109.NOR_1990	Paired	Arabidopsis
321	38	109.NOR_1990	Paired	Arabidopsis
322	48	109.NOR_1990	Paired	Arabidopsis
323	24	109.NOR_1990	Paired	Arabidopsis
324	40	109.NOR_1990	Paired	Arabidopsis
325	31	109.NOR_1990	Paired	Arabidopsis
326	31	109.NOR_1990	Paired	Arabidopsis
327	27	109.NOR_1990	Paired	Arabidopsis
328	32	109.NOR_1990	Paired	Arabidopsis
329	30	109.NOR_1990	Paired	Arabidopsis
330	41	109.NOR_1990	Paired	Arabidopsis
331	29	109.NOR_1990	Paired	Arabidopsis
332	34	109.NOR_1990	Paired	Arabidopsis
333	40	109.NOR_1990	Paired	Arabidopsis
334	40	109.NOR_1990	Paired	Arabidopsis
335	26	109.NOR_1990	Paired	Arabidopsis
336	33	109.NOR_1990	Paired	Arabidopsis
337	31	109.NOR_1990	Paired	Arabidopsis
338	29	109.NOR_1990	Paired	Arabidopsis
339	34	109.NOR_1990	Paired	Arabidopsis
340	16	109.NOR_1990	Paired	Arabidopsis
341	41	109.NOR_1990	Paired	Arabidopsis
342	28	109.NOR_1990	Paired	Arabidopsis
343	35	109.NOR_1990	Paired	Arabidopsis
344	33	109.NOR_1990	Paired	Arabidopsis
345	29	109.NOR_1990	Paired	Arabidopsis
346	28	109.NOR_1990	Paired	Arabidopsis
347	32	109.NOR_1990	Paired	Arabidopsis
348	25	109.NOR_1990	Paired	Arabidopsis
349	34	109.NOR_1990	Paired	Arabidopsis
350	21	109.NOR_1990	Paired	Arabidopsis
351	28	109.NOR_1990	Paired	Arabidopsis
352	26	109.NOR_1990	Paired	Arabidopsis
353	36	109.NOR_1990	Paired	Arabidopsis
354	28	109.NOR_1990	Paired	Arabidopsis
355	40	109.NOR_1990	Paired	Arabidopsis
356	23	109.NOR_1990	Paired	Arabidopsis
357	20	109.NOR_1990	Paired	Arabidopsis
358	21	109.NOR_1990	Paired	Arabidopsis
359	22	109.NOR_1990	Paired	Arabidopsis
360	20	109.NOR_1990	Paired	Arabidopsis
361	36	109.NOR_1990	Paired	Arabidopsis
362	24	109.NOR_1990	Paired	Arabidopsis
363	21	109.NOR_1990	Paired	Arabidopsis
364	19	109.NOR_1990	Paired	Arabidopsis
365	28	109.NOR_1990	Paired	Arabidopsis
366	19	109.NOR_1990	Paired	Arabidopsis
367	17	109.NOR_1990	Paired	Arabidopsis
368	17	109.NOR_1990	Paired	Arabidopsis
369	21	109.NOR_1990	Paired	Arabidopsis
370	18	109.NOR_1990	Paired	Arabidopsis
371	26	109.NOR_1990	Paired	Arabidopsis
372	22	109.NOR_1990	Paired	Arabidopsis
373	19	109.NOR_1990	Paired	Arabidopsis
374	14	109.NOR_1990	Paired	Arabidopsis
375	25	109.NOR_1990	Paired	Arabidopsis
376	12	109.NOR_1990	Paired	Arabidopsis
377	18	109.NOR_1990	Paired	Arabidopsis
378	13	109.NOR_1990	Paired	Arabidopsis
379	23	109.NOR_1990	Paired	Arabidopsis
380	12	109.NOR_1990	Paired	Arabidopsis
381	24	109.NOR_1990	Paired	Arabidopsis
382	17	109.NOR_1990	Paired	Arabidopsis
383	16	109.NOR_1990	Paired	Arabidopsis
384	15	109.NOR_1990	Paired	Arabidopsis
385	14	109.NOR_1990	Paired	Arabidopsis
386	12	109.NOR_1990	Paired	Arabidopsis
387	13	109.NOR_1990	Paired	Arabidopsis
388	18	109.NOR_1990	Paired	Arabidopsis
389	26	109.NOR_1990	Paired	Arabidopsis
390	14	109.NOR_1990	Paired	Arabidopsis
391	13	109.NOR_1990	Paired	Arabidopsis
392	18	109.NOR_1990	Paired	Arabidopsis
393	13	109.NOR_1990	Paired	Arabidopsis
394	11	109.NOR_1990	Paired	Arabidopsis
395	11	109.NOR_1990	Paired	Arabidopsis
396	24	109.NOR_1990	Paired	Arabidopsis
397	12	109.NOR_1990	Paired	Arabidopsis
398	15	109.NOR_1990	Paired	Arabidopsis
399	9	109.NOR_1990	Paired	Arabidopsis
400	5	109.NOR_1990	Paired	Arabidopsis
401	13	109.NOR_1990	Paired	Arabidopsis
402	8	109.NOR_1990	Paired	Arabidopsis
403	16	109.NOR_1990	Paired	Arabidopsis
404	12	109.NOR_1990	Paired	Arabidopsis
405	23	109.NOR_1990	Paired	Arabidopsis
406	11	109.NOR_1990	Paired	Arabidopsis
407	15	109.NOR_1990	Paired	Arabidopsis
408	17	109.NOR_1990	Paired	Arabidopsis
409	19	109.NOR_1990	Paired	Arabidopsis
410	12	109.NOR_1990	Paired	Arabidopsis
411	9	109.NOR_1990	Paired	Arabidopsis
412	14	109.NOR_1990	Paired	Arabidopsis
413	9	109.NOR_1990	Paired	Arabidopsis
414	10	109.NOR_1990	Paired	Arabidopsis
415	9	109.NOR_1990	Paired	Arabidopsis
416	11	109.NOR_1990	Paired	Arabidopsis
417	14	109.NOR_1990	Paired	Arabidopsis
418	11	109.NOR_1990	Paired	Arabidopsis
419	16	109.NOR_1990	Paired	Arabidopsis
420	14	109.NOR_1990	Paired	Arabidopsis
421	10	109.NOR_1990	Paired	Arabidopsis
422	11	109.NOR_1990	Paired	Arabidopsis
423	11	109.NOR_1990	Paired	Arabidopsis
424	13	109.NOR_1990	Paired	Arabidopsis
425	10	109.NOR_1990	Paired	Arabidopsis
426	8	109.NOR_1990	Paired	Arabidopsis
427	13	109.NOR_1990	Paired	Arabidopsis
428	14	109.NOR_1990	Paired	Arabidopsis
429	6	109.NOR_1990	Paired	Arabidopsis
430	11	109.NOR_1990	Paired	Arabidopsis
431	15	109.NOR_1990	Paired	Arabidopsis
432	9	109.NOR_1990	Paired	Arabidopsis
433	6	109.NOR_1990	Paired	Arabidopsis
434	10	109.NOR_1990	Paired	Arabidopsis
435	12	109.NOR_1990	Paired	Arabidopsis
436	7	109.NOR_1990	Paired	Arabidopsis
437	8	109.NOR_1990	Paired	Arabidopsis
438	9	109.NOR_1990	Paired	Arabidopsis
439	9	109.NOR_1990	Paired	Arabidopsis
440	8	109.NOR_1990	Paired	Arabidopsis
441	9	109.NOR_1990	Paired	Arabidopsis
442	16	109.NOR_1990	Paired	Arabidopsis
443	7	109.NOR_1990	Paired	Arabidopsis
444	13	109.NOR_1990	Paired	Arabidopsis
445	4	109.NOR_1990	Paired	Arabidopsis
446	8	109.NOR_1990	Paired	Arabidopsis
447	9	109.NOR_1990	Paired	Arabidopsis
448	9	109.NOR_1990	Paired	Arabidopsis
449	6	109.NOR_1990	Paired	Arabidopsis
450	4	109.NOR_1990	Paired	Arabidopsis
451	4	109.NOR_1990	Paired	Arabidopsis
452	5	109.NOR_1990	Paired	Arabidopsis
453	8	109.NOR_1990	Paired	Arabidopsis
454	11	109.NOR_1990	Paired	Arabidopsis
455	9	109.NOR_1990	Paired	Arabidopsis
456	4	109.NOR_1990	Paired	Arabidopsis
457	6	109.NOR_1990	Paired	Arabidopsis
458	9	109.NOR_1990	Paired	Arabidopsis
459	14	109.NOR_1990	Paired	Arabidopsis
460	7	109.NOR_1990	Paired	Arabidopsis
461	9	109.NOR_1990	Paired	Arabidopsis
462	5	109.NOR_1990	Paired	Arabidopsis
463	6	109.NOR_1990	Paired	Arabidopsis
464	7	109.NOR_1990	Paired	Arabidopsis
465	8	109.NOR_1990	Paired	Arabidopsis
466	5	109.NOR_1990	Paired	Arabidopsis
467	6	109.NOR_1990	Paired	Arabidopsis
468	4	109.NOR_1990	Paired	Arabidopsis
469	5	109.NOR_1990	Paired	Arabidopsis
470	4	109.NOR_1990	Paired	Arabidopsis
471	7	109.NOR_1990	Paired	Arabidopsis
472	5	109.NOR_1990	Paired	Arabidopsis
473	4	109.NOR_1990	Paired	Arabidopsis
474	9	109.NOR_1990	Paired	Arabidopsis
475	8	109.NOR_1990	Paired	Arabidopsis
476	3	109.NOR_1990	Paired	Arabidopsis
477	4	109.NOR_1990	Paired	Arabidopsis
478	2	109.NOR_1990	Paired	Arabidopsis
479	2	109.NOR_1990	Paired	Arabidopsis
480	7	109.NOR_1990	Paired	Arabidopsis
481	4	109.NOR_1990	Paired	Arabidopsis
482	6	109.NOR_1990	Paired	Arabidopsis
483	6	109.NOR_1990	Paired	Arabidopsis
484	7	109.NOR_1990	Paired	Arabidopsis
485	6	109.NOR_1990	Paired	Arabidopsis
486	4	109.NOR_1990	Paired	Arabidopsis
487	2	109.NOR_1990	Paired	Arabidopsis
488	5	109.NOR_1990	Paired	Arabidopsis
489	3	109.NOR_1990	Paired	Arabidopsis
490	2	109.NOR_1990	Paired	Arabidopsis
491	5	109.NOR_1990	Paired	Arabidopsis
492	2	109.NOR_1990	Paired	Arabidopsis
493	3	109.NOR_1990	Paired	Arabidopsis
494	4	109.NOR_1990	Paired	Arabidopsis
495	4	109.NOR_1990	Paired	Arabidopsis
496	4	109.NOR_1990	Paired	Arabidopsis
497	2	109.NOR_1990	Paired	Arabidopsis
498	3	109.NOR_1990	Paired	Arabidopsis
499	1	109.NOR_1990	Paired	Arabidopsis
500	6	109.NOR_1990	Paired	Arabidopsis
501	4	109.NOR_1990	Paired	Arabidopsis
502	4	109.NOR_1990	Paired	Arabidopsis
503	2	109.NOR_1990	Paired	Arabidopsis
504	2	109.NOR_1990	Paired	Arabidopsis
505	1	109.NOR_1990	Paired	Arabidopsis
506	6	109.NOR_1990	Paired	Arabidopsis
507	3	109.NOR_1990	Paired	Arabidopsis
508	1	109.NOR_1990	Paired	Arabidopsis
509	1	109.NOR_1990	Paired	Arabidopsis
510	3	109.NOR_1990	Paired	Arabidopsis
511	2	109.NOR_1990	Paired	Arabidopsis
512	3	109.NOR_1990	Paired	Arabidopsis
513	3	109.NOR_1990	Paired	Arabidopsis
514	2	109.NOR_1990	Paired	Arabidopsis
515	4	109.NOR_1990	Paired	Arabidopsis
516	3	109.NOR_1990	Paired	Arabidopsis
517	6	109.NOR_1990	Paired	Arabidopsis
518	5	109.NOR_1990	Paired	Arabidopsis
519	4	109.NOR_1990	Paired	Arabidopsis
520	3	109.NOR_1990	Paired	Arabidopsis
521	2	109.NOR_1990	Paired	Arabidopsis
522	1	109.NOR_1990	Paired	Arabidopsis
523	1	109.NOR_1990	Paired	Arabidopsis
524	4	109.NOR_1990	Paired	Arabidopsis
525	1	109.NOR_1990	Paired	Arabidopsis
527	4	109.NOR_1990	Paired	Arabidopsis
528	3	109.NOR_1990	Paired	Arabidopsis
529	4	109.NOR_1990	Paired	Arabidopsis
530	5	109.NOR_1990	Paired	Arabidopsis
531	2	109.NOR_1990	Paired	Arabidopsis
532	2	109.NOR_1990	Paired	Arabidopsis
533	3	109.NOR_1990	Paired	Arabidopsis
534	4	109.NOR_1990	Paired	Arabidopsis
535	1	109.NOR_1990	Paired	Arabidopsis
536	3	109.NOR_1990	Paired	Arabidopsis
537	2	109.NOR_1990	Paired	Arabidopsis
539	2	109.NOR_1990	Paired	Arabidopsis
540	5	109.NOR_1990	Paired	Arabidopsis
541	2	109.NOR_1990	Paired	Arabidopsis
542	2	109.NOR_1990	Paired	Arabidopsis
543	1	109.NOR_1990	Paired	Arabidopsis
544	3	109.NOR_1990	Paired	Arabidopsis
545	2	109.NOR_1990	Paired	Arabidopsis
546	4	109.NOR_1990	Paired	Arabidopsis
547	3	109.NOR_1990	Paired	Arabidopsis
548	4	109.NOR_1990	Paired	Arabidopsis
549	3	109.NOR_1990	Paired	Arabidopsis
550	2	109.NOR_1990	Paired	Arabidopsis
551	4	109.NOR_1990	Paired	Arabidopsis
552	4	109.NOR_1990	Paired	Arabidopsis
553	2	109.NOR_1990	Paired	Arabidopsis
554	4	109.NOR_1990	Paired	Arabidopsis
555	1	109.NOR_1990	Paired	Arabidopsis
556	2	109.NOR_1990	Paired	Arabidopsis
557	2	109.NOR_1990	Paired	Arabidopsis
558	1	109.NOR_1990	Paired	Arabidopsis
559	2	109.NOR_1990	Paired	Arabidopsis
560	2	109.NOR_1990	Paired	Arabidopsis
561	3	109.NOR_1990	Paired	Arabidopsis
562	1	109.NOR_1990	Paired	Arabidopsis
563	3	109.NOR_1990	Paired	Arabidopsis
564	2	109.NOR_1990	Paired	Arabidopsis
565	3	109.NOR_1990	Paired	Arabidopsis
566	3	109.NOR_1990	Paired	Arabidopsis
567	4	109.NOR_1990	Paired	Arabidopsis
568	2	109.NOR_1990	Paired	Arabidopsis
569	1	109.NOR_1990	Paired	Arabidopsis
570	3	109.NOR_1990	Paired	Arabidopsis
571	3	109.NOR_1990	Paired	Arabidopsis
572	3	109.NOR_1990	Paired	Arabidopsis
574	1	109.NOR_1990	Paired	Arabidopsis
575	1	109.NOR_1990	Paired	Arabidopsis
576	1	109.NOR_1990	Paired	Arabidopsis
577	2	109.NOR_1990	Paired	Arabidopsis
578	1	109.NOR_1990	Paired	Arabidopsis
579	2	109.NOR_1990	Paired	Arabidopsis
580	3	109.NOR_1990	Paired	Arabidopsis
581	2	109.NOR_1990	Paired	Arabidopsis
582	2	109.NOR_1990	Paired	Arabidopsis
583	3	109.NOR_1990	Paired	Arabidopsis
584	3	109.NOR_1990	Paired	Arabidopsis
585	2	109.NOR_1990	Paired	Arabidopsis
587	1	109.NOR_1990	Paired	Arabidopsis
591	1	109.NOR_1990	Paired	Arabidopsis
595	2	109.NOR_1990	Paired	Arabidopsis
598	1	109.NOR_1990	Paired	Arabidopsis
599	2	109.NOR_1990	Paired	Arabidopsis
600	3	109.NOR_1990	Paired	Arabidopsis
601	3	109.NOR_1990	Paired	Arabidopsis
602	2	109.NOR_1990	Paired	Arabidopsis
603	1	109.NOR_1990	Paired	Arabidopsis
604	3	109.NOR_1990	Paired	Arabidopsis
605	3	109.NOR_1990	Paired	Arabidopsis
610	2	109.NOR_1990	Paired	Arabidopsis
612	2	109.NOR_1990	Paired	Arabidopsis
613	3	109.NOR_1990	Paired	Arabidopsis
614	2	109.NOR_1990	Paired	Arabidopsis
616	1	109.NOR_1990	Paired	Arabidopsis
618	1	109.NOR_1990	Paired	Arabidopsis
619	2	109.NOR_1990	Paired	Arabidopsis
620	3	109.NOR_1990	Paired	Arabidopsis
621	1	109.NOR_1990	Paired	Arabidopsis
623	1	109.NOR_1990	Paired	Arabidopsis
624	1	109.NOR_1990	Paired	Arabidopsis
625	1	109.NOR_1990	Paired	Arabidopsis
628	1	109.NOR_1990	Paired	Arabidopsis
629	3	109.NOR_1990	Paired	Arabidopsis
630	2	109.NOR_1990	Paired	Arabidopsis
631	1	109.NOR_1990	Paired	Arabidopsis
632	1	109.NOR_1990	Paired	Arabidopsis
633	1	109.NOR_1990	Paired	Arabidopsis
635	2	109.NOR_1990	Paired	Arabidopsis
637	1	109.NOR_1990	Paired	Arabidopsis
638	1	109.NOR_1990	Paired	Arabidopsis
640	1	109.NOR_1990	Paired	Arabidopsis
642	1	109.NOR_1990	Paired	Arabidopsis
644	1	109.NOR_1990	Paired	Arabidopsis
647	1	109.NOR_1990	Paired	Arabidopsis
649	3	109.NOR_1990	Paired	Arabidopsis
653	1	109.NOR_1990	Paired	Arabidopsis
654	2	109.NOR_1990	Paired	Arabidopsis
656	1	109.NOR_1990	Paired	Arabidopsis
659	1	109.NOR_1990	Paired	Arabidopsis
660	1	109.NOR_1990	Paired	Arabidopsis
666	1	109.NOR_1990	Paired	Arabidopsis
671	1	109.NOR_1990	Paired	Arabidopsis
674	1	109.NOR_1990	Paired	Arabidopsis
688	1	109.NOR_1990	Paired	Arabidopsis
695	1	109.NOR_1990	Paired	Arabidopsis
15	44	109.NOR_1990	Collapsed	Pseudomonas
17	93	109.NOR_1990	Collapsed	Pseudomonas
18	1646	109.NOR_1990	Collapsed	Pseudomonas
19	5405	109.NOR_1990	Collapsed	Pseudomonas
20	6814	109.NOR_1990	Collapsed	Pseudomonas
21	6238	109.NOR_1990	Collapsed	Pseudomonas
22	5882	109.NOR_1990	Collapsed	Pseudomonas
23	6048	109.NOR_1990	Collapsed	Pseudomonas
24	6957	109.NOR_1990	Collapsed	Pseudomonas
25	7378	109.NOR_1990	Collapsed	Pseudomonas
26	7748	109.NOR_1990	Collapsed	Pseudomonas
27	8204	109.NOR_1990	Collapsed	Pseudomonas
28	8255	109.NOR_1990	Collapsed	Pseudomonas
29	8305	109.NOR_1990	Collapsed	Pseudomonas
30	8570	109.NOR_1990	Collapsed	Pseudomonas
31	8531	109.NOR_1990	Collapsed	Pseudomonas
32	8612	109.NOR_1990	Collapsed	Pseudomonas
33	8556	109.NOR_1990	Collapsed	Pseudomonas
34	8341	109.NOR_1990	Collapsed	Pseudomonas
35	8134	109.NOR_1990	Collapsed	Pseudomonas
36	8152	109.NOR_1990	Collapsed	Pseudomonas
37	7951	109.NOR_1990	Collapsed	Pseudomonas
38	8502	109.NOR_1990	Collapsed	Pseudomonas
39	8395	109.NOR_1990	Collapsed	Pseudomonas
40	8219	109.NOR_1990	Collapsed	Pseudomonas
41	7839	109.NOR_1990	Collapsed	Pseudomonas
42	7883	109.NOR_1990	Collapsed	Pseudomonas
43	7646	109.NOR_1990	Collapsed	Pseudomonas
44	7496	109.NOR_1990	Collapsed	Pseudomonas
45	7171	109.NOR_1990	Collapsed	Pseudomonas
46	7197	109.NOR_1990	Collapsed	Pseudomonas
47	6819	109.NOR_1990	Collapsed	Pseudomonas
48	6742	109.NOR_1990	Collapsed	Pseudomonas
49	6606	109.NOR_1990	Collapsed	Pseudomonas
50	6452	109.NOR_1990	Collapsed	Pseudomonas
51	6427	109.NOR_1990	Collapsed	Pseudomonas
52	6192	109.NOR_1990	Collapsed	Pseudomonas
53	6186	109.NOR_1990	Collapsed	Pseudomonas
54	5958	109.NOR_1990	Collapsed	Pseudomonas
55	5993	109.NOR_1990	Collapsed	Pseudomonas
56	5700	109.NOR_1990	Collapsed	Pseudomonas
57	5732	109.NOR_1990	Collapsed	Pseudomonas
58	5653	109.NOR_1990	Collapsed	Pseudomonas
59	5539	109.NOR_1990	Collapsed	Pseudomonas
60	5351	109.NOR_1990	Collapsed	Pseudomonas
61	5266	109.NOR_1990	Collapsed	Pseudomonas
62	5183	109.NOR_1990	Collapsed	Pseudomonas
63	5090	109.NOR_1990	Collapsed	Pseudomonas
64	5431	109.NOR_1990	Collapsed	Pseudomonas
65	5255	109.NOR_1990	Collapsed	Pseudomonas
66	5226	109.NOR_1990	Collapsed	Pseudomonas
67	5207	109.NOR_1990	Collapsed	Pseudomonas
68	4966	109.NOR_1990	Collapsed	Pseudomonas
69	4925	109.NOR_1990	Collapsed	Pseudomonas
70	4912	109.NOR_1990	Collapsed	Pseudomonas
71	4699	109.NOR_1990	Collapsed	Pseudomonas
72	4726	109.NOR_1990	Collapsed	Pseudomonas
73	4612	109.NOR_1990	Collapsed	Pseudomonas
74	4629	109.NOR_1990	Collapsed	Pseudomonas
75	4513	109.NOR_1990	Collapsed	Pseudomonas
76	4431	109.NOR_1990	Collapsed	Pseudomonas
77	4331	109.NOR_1990	Collapsed	Pseudomonas
78	4363	109.NOR_1990	Collapsed	Pseudomonas
79	4315	109.NOR_1990	Collapsed	Pseudomonas
80	4137	109.NOR_1990	Collapsed	Pseudomonas
81	4201	109.NOR_1990	Collapsed	Pseudomonas
82	4069	109.NOR_1990	Collapsed	Pseudomonas
83	3977	109.NOR_1990	Collapsed	Pseudomonas
84	4084	109.NOR_1990	Collapsed	Pseudomonas
85	3993	109.NOR_1990	Collapsed	Pseudomonas
86	3998	109.NOR_1990	Collapsed	Pseudomonas
87	3895	109.NOR_1990	Collapsed	Pseudomonas
88	3903	109.NOR_1990	Collapsed	Pseudomonas
89	3796	109.NOR_1990	Collapsed	Pseudomonas
90	3790	109.NOR_1990	Collapsed	Pseudomonas
91	3888	109.NOR_1990	Collapsed	Pseudomonas
92	3651	109.NOR_1990	Collapsed	Pseudomonas
93	3890	109.NOR_1990	Collapsed	Pseudomonas
94	3975	109.NOR_1990	Collapsed	Pseudomonas
95	3869	109.NOR_1990	Collapsed	Pseudomonas
96	3926	109.NOR_1990	Collapsed	Pseudomonas
97	3938	109.NOR_1990	Collapsed	Pseudomonas
98	3786	109.NOR_1990	Collapsed	Pseudomonas
99	3807	109.NOR_1990	Collapsed	Pseudomonas
100	3904	109.NOR_1990	Collapsed	Pseudomonas
101	3771	109.NOR_1990	Collapsed	Pseudomonas
102	3812	109.NOR_1990	Collapsed	Pseudomonas
103	3663	109.NOR_1990	Collapsed	Pseudomonas
104	3673	109.NOR_1990	Collapsed	Pseudomonas
105	3574	109.NOR_1990	Collapsed	Pseudomonas
106	3753	109.NOR_1990	Collapsed	Pseudomonas
107	3659	109.NOR_1990	Collapsed	Pseudomonas
108	3721	109.NOR_1990	Collapsed	Pseudomonas
109	3719	109.NOR_1990	Collapsed	Pseudomonas
110	3490	109.NOR_1990	Collapsed	Pseudomonas
111	3490	109.NOR_1990	Collapsed	Pseudomonas
112	3608	109.NOR_1990	Collapsed	Pseudomonas
113	3521	109.NOR_1990	Collapsed	Pseudomonas
114	3619	109.NOR_1990	Collapsed	Pseudomonas
115	3625	109.NOR_1990	Collapsed	Pseudomonas
116	3526	109.NOR_1990	Collapsed	Pseudomonas
117	3482	109.NOR_1990	Collapsed	Pseudomonas
118	3501	109.NOR_1990	Collapsed	Pseudomonas
119	3506	109.NOR_1990	Collapsed	Pseudomonas
120	3555	109.NOR_1990	Collapsed	Pseudomonas
121	3481	109.NOR_1990	Collapsed	Pseudomonas
122	3409	109.NOR_1990	Collapsed	Pseudomonas
123	3388	109.NOR_1990	Collapsed	Pseudomonas
124	3638	109.NOR_1990	Collapsed	Pseudomonas
125	3666	109.NOR_1990	Collapsed	Pseudomonas
126	3708	109.NOR_1990	Collapsed	Pseudomonas
127	3589	109.NOR_1990	Collapsed	Pseudomonas
128	3523	109.NOR_1990	Collapsed	Pseudomonas
129	3574	109.NOR_1990	Collapsed	Pseudomonas
130	3521	109.NOR_1990	Collapsed	Pseudomonas
131	3616	109.NOR_1990	Collapsed	Pseudomonas
132	3633	109.NOR_1990	Collapsed	Pseudomonas
133	3438	109.NOR_1990	Collapsed	Pseudomonas
134	3572	109.NOR_1990	Collapsed	Pseudomonas
135	3490	109.NOR_1990	Collapsed	Pseudomonas
136	3522	109.NOR_1990	Collapsed	Pseudomonas
137	3374	109.NOR_1990	Collapsed	Pseudomonas
138	3403	109.NOR_1990	Collapsed	Pseudomonas
139	3493	109.NOR_1990	Collapsed	Pseudomonas
140	1141	109.NOR_1990	Collapsed	Pseudomonas
141	1082	109.NOR_1990	Collapsed	Pseudomonas
142	1136	109.NOR_1990	Collapsed	Pseudomonas
143	1101	109.NOR_1990	Collapsed	Pseudomonas
144	1035	109.NOR_1990	Collapsed	Pseudomonas
145	1036	109.NOR_1990	Collapsed	Pseudomonas
146	987	109.NOR_1990	Collapsed	Pseudomonas
147	967	109.NOR_1990	Collapsed	Pseudomonas
148	957	109.NOR_1990	Collapsed	Pseudomonas
149	942	109.NOR_1990	Collapsed	Pseudomonas
150	974	109.NOR_1990	Collapsed	Pseudomonas
151	983	109.NOR_1990	Collapsed	Pseudomonas
152	907	109.NOR_1990	Collapsed	Pseudomonas
153	856	109.NOR_1990	Collapsed	Pseudomonas
154	845	109.NOR_1990	Collapsed	Pseudomonas
155	844	109.NOR_1990	Collapsed	Pseudomonas
156	850	109.NOR_1990	Collapsed	Pseudomonas
157	859	109.NOR_1990	Collapsed	Pseudomonas
158	851	109.NOR_1990	Collapsed	Pseudomonas
159	797	109.NOR_1990	Collapsed	Pseudomonas
160	776	109.NOR_1990	Collapsed	Pseudomonas
161	796	109.NOR_1990	Collapsed	Pseudomonas
162	796	109.NOR_1990	Collapsed	Pseudomonas
163	727	109.NOR_1990	Collapsed	Pseudomonas
164	760	109.NOR_1990	Collapsed	Pseudomonas
165	766	109.NOR_1990	Collapsed	Pseudomonas
166	726	109.NOR_1990	Collapsed	Pseudomonas
167	723	109.NOR_1990	Collapsed	Pseudomonas
168	730	109.NOR_1990	Collapsed	Pseudomonas
169	700	109.NOR_1990	Collapsed	Pseudomonas
170	666	109.NOR_1990	Collapsed	Pseudomonas
171	684	109.NOR_1990	Collapsed	Pseudomonas
172	663	109.NOR_1990	Collapsed	Pseudomonas
173	621	109.NOR_1990	Collapsed	Pseudomonas
174	641	109.NOR_1990	Collapsed	Pseudomonas
175	624	109.NOR_1990	Collapsed	Pseudomonas
176	596	109.NOR_1990	Collapsed	Pseudomonas
177	632	109.NOR_1990	Collapsed	Pseudomonas
178	594	109.NOR_1990	Collapsed	Pseudomonas
179	569	109.NOR_1990	Collapsed	Pseudomonas
180	550	109.NOR_1990	Collapsed	Pseudomonas
181	594	109.NOR_1990	Collapsed	Pseudomonas
182	561	109.NOR_1990	Collapsed	Pseudomonas
183	550	109.NOR_1990	Collapsed	Pseudomonas
184	539	109.NOR_1990	Collapsed	Pseudomonas
185	526	109.NOR_1990	Collapsed	Pseudomonas
186	527	109.NOR_1990	Collapsed	Pseudomonas
187	534	109.NOR_1990	Collapsed	Pseudomonas
188	480	109.NOR_1990	Collapsed	Pseudomonas
189	491	109.NOR_1990	Collapsed	Pseudomonas
0	9	109.NOR_1990	Paired	Pseudomonas
54	1	109.NOR_1990	Paired	Pseudomonas
57	2	109.NOR_1990	Paired	Pseudomonas
64	1	109.NOR_1990	Paired	Pseudomonas
66	1	109.NOR_1990	Paired	Pseudomonas
69	1	109.NOR_1990	Paired	Pseudomonas
70	2	109.NOR_1990	Paired	Pseudomonas
74	1	109.NOR_1990	Paired	Pseudomonas
95	2	109.NOR_1990	Paired	Pseudomonas
96	4	109.NOR_1990	Paired	Pseudomonas
97	3	109.NOR_1990	Paired	Pseudomonas
98	4	109.NOR_1990	Paired	Pseudomonas
99	5	109.NOR_1990	Paired	Pseudomonas
100	7	109.NOR_1990	Paired	Pseudomonas
101	8	109.NOR_1990	Paired	Pseudomonas
102	5	109.NOR_1990	Paired	Pseudomonas
103	9	109.NOR_1990	Paired	Pseudomonas
104	7	109.NOR_1990	Paired	Pseudomonas
105	11	109.NOR_1990	Paired	Pseudomonas
106	7	109.NOR_1990	Paired	Pseudomonas
107	10	109.NOR_1990	Paired	Pseudomonas
108	8	109.NOR_1990	Paired	Pseudomonas
109	11	109.NOR_1990	Paired	Pseudomonas
110	18	109.NOR_1990	Paired	Pseudomonas
111	12	109.NOR_1990	Paired	Pseudomonas
112	10	109.NOR_1990	Paired	Pseudomonas
113	10	109.NOR_1990	Paired	Pseudomonas
114	17	109.NOR_1990	Paired	Pseudomonas
115	14	109.NOR_1990	Paired	Pseudomonas
116	14	109.NOR_1990	Paired	Pseudomonas
117	21	109.NOR_1990	Paired	Pseudomonas
118	20	109.NOR_1990	Paired	Pseudomonas
119	25	109.NOR_1990	Paired	Pseudomonas
120	25	109.NOR_1990	Paired	Pseudomonas
121	29	109.NOR_1990	Paired	Pseudomonas
122	25	109.NOR_1990	Paired	Pseudomonas
123	24	109.NOR_1990	Paired	Pseudomonas
124	39	109.NOR_1990	Paired	Pseudomonas
125	53	109.NOR_1990	Paired	Pseudomonas
126	51	109.NOR_1990	Paired	Pseudomonas
127	70	109.NOR_1990	Paired	Pseudomonas
128	81	109.NOR_1990	Paired	Pseudomonas
129	90	109.NOR_1990	Paired	Pseudomonas
130	85	109.NOR_1990	Paired	Pseudomonas
131	94	109.NOR_1990	Paired	Pseudomonas
132	85	109.NOR_1990	Paired	Pseudomonas
133	103	109.NOR_1990	Paired	Pseudomonas
134	115	109.NOR_1990	Paired	Pseudomonas
135	124	109.NOR_1990	Paired	Pseudomonas
136	119	109.NOR_1990	Paired	Pseudomonas
137	167	109.NOR_1990	Paired	Pseudomonas
138	161	109.NOR_1990	Paired	Pseudomonas
139	188	109.NOR_1990	Paired	Pseudomonas
140	2611	109.NOR_1990	Paired	Pseudomonas
141	2571	109.NOR_1990	Paired	Pseudomonas
142	2661	109.NOR_1990	Paired	Pseudomonas
143	2536	109.NOR_1990	Paired	Pseudomonas
144	2610	109.NOR_1990	Paired	Pseudomonas
145	2609	109.NOR_1990	Paired	Pseudomonas
146	2612	109.NOR_1990	Paired	Pseudomonas
147	2763	109.NOR_1990	Paired	Pseudomonas
148	2660	109.NOR_1990	Paired	Pseudomonas
149	2643	109.NOR_1990	Paired	Pseudomonas
150	2694	109.NOR_1990	Paired	Pseudomonas
151	2715	109.NOR_1990	Paired	Pseudomonas
152	2746	109.NOR_1990	Paired	Pseudomonas
153	2593	109.NOR_1990	Paired	Pseudomonas
154	2617	109.NOR_1990	Paired	Pseudomonas
155	2684	109.NOR_1990	Paired	Pseudomonas
156	2646	109.NOR_1990	Paired	Pseudomonas
157	2776	109.NOR_1990	Paired	Pseudomonas
158	2773	109.NOR_1990	Paired	Pseudomonas
159	2703	109.NOR_1990	Paired	Pseudomonas
160	2805	109.NOR_1990	Paired	Pseudomonas
161	2731	109.NOR_1990	Paired	Pseudomonas
162	2697	109.NOR_1990	Paired	Pseudomonas
163	2769	109.NOR_1990	Paired	Pseudomonas
164	2770	109.NOR_1990	Paired	Pseudomonas
165	2806	109.NOR_1990	Paired	Pseudomonas
166	2795	109.NOR_1990	Paired	Pseudomonas
167	2753	109.NOR_1990	Paired	Pseudomonas
168	2788	109.NOR_1990	Paired	Pseudomonas
169	2843	109.NOR_1990	Paired	Pseudomonas
170	2721	109.NOR_1990	Paired	Pseudomonas
171	2740	109.NOR_1990	Paired	Pseudomonas
172	2851	109.NOR_1990	Paired	Pseudomonas
173	2812	109.NOR_1990	Paired	Pseudomonas
174	2849	109.NOR_1990	Paired	Pseudomonas
175	2797	109.NOR_1990	Paired	Pseudomonas
176	2851	109.NOR_1990	Paired	Pseudomonas
177	2775	109.NOR_1990	Paired	Pseudomonas
178	2817	109.NOR_1990	Paired	Pseudomonas
179	2764	109.NOR_1990	Paired	Pseudomonas
180	2746	109.NOR_1990	Paired	Pseudomonas
181	2804	109.NOR_1990	Paired	Pseudomonas
182	2804	109.NOR_1990	Paired	Pseudomonas
183	2693	109.NOR_1990	Paired	Pseudomonas
184	2732	109.NOR_1990	Paired	Pseudomonas
185	2818	109.NOR_1990	Paired	Pseudomonas
186	2829	109.NOR_1990	Paired	Pseudomonas
187	2722	109.NOR_1990	Paired	Pseudomonas
188	2753	109.NOR_1990	Paired	Pseudomonas
189	2833	109.NOR_1990	Paired	Pseudomonas
190	3372	109.NOR_1990	Paired	Pseudomonas
191	3380	109.NOR_1990	Paired	Pseudomonas
192	3343	109.NOR_1990	Paired	Pseudomonas
193	3223	109.NOR_1990	Paired	Pseudomonas
194	3205	109.NOR_1990	Paired	Pseudomonas
195	3353	109.NOR_1990	Paired	Pseudomonas
196	3333	109.NOR_1990	Paired	Pseudomonas
197	3220	109.NOR_1990	Paired	Pseudomonas
198	3319	109.NOR_1990	Paired	Pseudomonas
199	3279	109.NOR_1990	Paired	Pseudomonas
200	3194	109.NOR_1990	Paired	Pseudomonas
201	3202	109.NOR_1990	Paired	Pseudomonas
202	3279	109.NOR_1990	Paired	Pseudomonas
203	3168	109.NOR_1990	Paired	Pseudomonas
204	3222	109.NOR_1990	Paired	Pseudomonas
205	3211	109.NOR_1990	Paired	Pseudomonas
206	3026	109.NOR_1990	Paired	Pseudomonas
207	3148	109.NOR_1990	Paired	Pseudomonas
208	3113	109.NOR_1990	Paired	Pseudomonas
209	3089	109.NOR_1990	Paired	Pseudomonas
210	2987	109.NOR_1990	Paired	Pseudomonas
211	3105	109.NOR_1990	Paired	Pseudomonas
212	3004	109.NOR_1990	Paired	Pseudomonas
213	3124	109.NOR_1990	Paired	Pseudomonas
214	3104	109.NOR_1990	Paired	Pseudomonas
215	3071	109.NOR_1990	Paired	Pseudomonas
216	3009	109.NOR_1990	Paired	Pseudomonas
217	3090	109.NOR_1990	Paired	Pseudomonas
218	2967	109.NOR_1990	Paired	Pseudomonas
219	2895	109.NOR_1990	Paired	Pseudomonas
220	3049	109.NOR_1990	Paired	Pseudomonas
221	2907	109.NOR_1990	Paired	Pseudomonas
222	2960	109.NOR_1990	Paired	Pseudomonas
223	3080	109.NOR_1990	Paired	Pseudomonas
224	3003	109.NOR_1990	Paired	Pseudomonas
225	2924	109.NOR_1990	Paired	Pseudomonas
226	2961	109.NOR_1990	Paired	Pseudomonas
227	2834	109.NOR_1990	Paired	Pseudomonas
228	2895	109.NOR_1990	Paired	Pseudomonas
229	2854	109.NOR_1990	Paired	Pseudomonas
230	2906	109.NOR_1990	Paired	Pseudomonas
231	2865	109.NOR_1990	Paired	Pseudomonas
232	2797	109.NOR_1990	Paired	Pseudomonas
233	2773	109.NOR_1990	Paired	Pseudomonas
234	2847	109.NOR_1990	Paired	Pseudomonas
235	2817	109.NOR_1990	Paired	Pseudomonas
236	2867	109.NOR_1990	Paired	Pseudomonas
237	2816	109.NOR_1990	Paired	Pseudomonas
238	2843	109.NOR_1990	Paired	Pseudomonas
239	2718	109.NOR_1990	Paired	Pseudomonas
240	2764	109.NOR_1990	Paired	Pseudomonas
241	2772	109.NOR_1990	Paired	Pseudomonas
242	2686	109.NOR_1990	Paired	Pseudomonas
243	2726	109.NOR_1990	Paired	Pseudomonas
244	2727	109.NOR_1990	Paired	Pseudomonas
245	2675	109.NOR_1990	Paired	Pseudomonas
246	2786	109.NOR_1990	Paired	Pseudomonas
247	2804	109.NOR_1990	Paired	Pseudomonas
248	2687	109.NOR_1990	Paired	Pseudomonas
249	2620	109.NOR_1990	Paired	Pseudomonas
250	2707	109.NOR_1990	Paired	Pseudomonas
251	2687	109.NOR_1990	Paired	Pseudomonas
252	2642	109.NOR_1990	Paired	Pseudomonas
253	2568	109.NOR_1990	Paired	Pseudomonas
254	2684	109.NOR_1990	Paired	Pseudomonas
255	2603	109.NOR_1990	Paired	Pseudomonas
256	2611	109.NOR_1990	Paired	Pseudomonas
257	2688	109.NOR_1990	Paired	Pseudomonas
258	2626	109.NOR_1990	Paired	Pseudomonas
259	2583	109.NOR_1990	Paired	Pseudomonas
260	2580	109.NOR_1990	Paired	Pseudomonas
261	2544	109.NOR_1990	Paired	Pseudomonas
262	2618	109.NOR_1990	Paired	Pseudomonas
263	2472	109.NOR_1990	Paired	Pseudomonas
264	2486	109.NOR_1990	Paired	Pseudomonas
265	2500	109.NOR_1990	Paired	Pseudomonas
266	2399	109.NOR_1990	Paired	Pseudomonas
267	2544	109.NOR_1990	Paired	Pseudomonas
268	2492	109.NOR_1990	Paired	Pseudomonas
269	2493	109.NOR_1990	Paired	Pseudomonas
270	2361	109.NOR_1990	Paired	Pseudomonas
271	2436	109.NOR_1990	Paired	Pseudomonas
272	2508	109.NOR_1990	Paired	Pseudomonas
273	2358	109.NOR_1990	Paired	Pseudomonas
274	2442	109.NOR_1990	Paired	Pseudomonas
275	2390	109.NOR_1990	Paired	Pseudomonas
276	2464	109.NOR_1990	Paired	Pseudomonas
277	2509	109.NOR_1990	Paired	Pseudomonas
278	2370	109.NOR_1990	Paired	Pseudomonas
279	2319	109.NOR_1990	Paired	Pseudomonas
280	2459	109.NOR_1990	Paired	Pseudomonas
281	2409	109.NOR_1990	Paired	Pseudomonas
282	2374	109.NOR_1990	Paired	Pseudomonas
283	2355	109.NOR_1990	Paired	Pseudomonas
284	2315	109.NOR_1990	Paired	Pseudomonas
285	2327	109.NOR_1990	Paired	Pseudomonas
286	2345	109.NOR_1990	Paired	Pseudomonas
287	2303	109.NOR_1990	Paired	Pseudomonas
288	2298	109.NOR_1990	Paired	Pseudomonas
289	2315	109.NOR_1990	Paired	Pseudomonas
290	2260	109.NOR_1990	Paired	Pseudomonas
291	2311	109.NOR_1990	Paired	Pseudomonas
292	2262	109.NOR_1990	Paired	Pseudomonas
293	2280	109.NOR_1990	Paired	Pseudomonas
294	2278	109.NOR_1990	Paired	Pseudomonas
295	2226	109.NOR_1990	Paired	Pseudomonas
296	2209	109.NOR_1990	Paired	Pseudomonas
297	2291	109.NOR_1990	Paired	Pseudomonas
298	2172	109.NOR_1990	Paired	Pseudomonas
299	2142	109.NOR_1990	Paired	Pseudomonas
300	2203	109.NOR_1990	Paired	Pseudomonas
301	2207	109.NOR_1990	Paired	Pseudomonas
302	2143	109.NOR_1990	Paired	Pseudomonas
303	2137	109.NOR_1990	Paired	Pseudomonas
304	2229	109.NOR_1990	Paired	Pseudomonas
305	2099	109.NOR_1990	Paired	Pseudomonas
306	2100	109.NOR_1990	Paired	Pseudomonas
307	2151	109.NOR_1990	Paired	Pseudomonas
308	2059	109.NOR_1990	Paired	Pseudomonas
309	2061	109.NOR_1990	Paired	Pseudomonas
310	2131	109.NOR_1990	Paired	Pseudomonas
311	2178	109.NOR_1990	Paired	Pseudomonas
312	2137	109.NOR_1990	Paired	Pseudomonas
313	2100	109.NOR_1990	Paired	Pseudomonas
314	2158	109.NOR_1990	Paired	Pseudomonas
315	2030	109.NOR_1990	Paired	Pseudomonas
316	2023	109.NOR_1990	Paired	Pseudomonas
317	2004	109.NOR_1990	Paired	Pseudomonas
318	2031	109.NOR_1990	Paired	Pseudomonas
319	2027	109.NOR_1990	Paired	Pseudomonas
320	2083	109.NOR_1990	Paired	Pseudomonas
321	2084	109.NOR_1990	Paired	Pseudomonas
322	2006	109.NOR_1990	Paired	Pseudomonas
323	1972	109.NOR_1990	Paired	Pseudomonas
324	2024	109.NOR_1990	Paired	Pseudomonas
325	1964	109.NOR_1990	Paired	Pseudomonas
326	1913	109.NOR_1990	Paired	Pseudomonas
327	1877	109.NOR_1990	Paired	Pseudomonas
328	1894	109.NOR_1990	Paired	Pseudomonas
329	1876	109.NOR_1990	Paired	Pseudomonas
330	1901	109.NOR_1990	Paired	Pseudomonas
331	1938	109.NOR_1990	Paired	Pseudomonas
332	1835	109.NOR_1990	Paired	Pseudomonas
333	1805	109.NOR_1990	Paired	Pseudomonas
334	1913	109.NOR_1990	Paired	Pseudomonas
335	1839	109.NOR_1990	Paired	Pseudomonas
336	1739	109.NOR_1990	Paired	Pseudomonas
337	1772	109.NOR_1990	Paired	Pseudomonas
338	1833	109.NOR_1990	Paired	Pseudomonas
339	1836	109.NOR_1990	Paired	Pseudomonas
340	1857	109.NOR_1990	Paired	Pseudomonas
341	1807	109.NOR_1990	Paired	Pseudomonas
342	1758	109.NOR_1990	Paired	Pseudomonas
343	1808	109.NOR_1990	Paired	Pseudomonas
344	1790	109.NOR_1990	Paired	Pseudomonas
345	1725	109.NOR_1990	Paired	Pseudomonas
346	1762	109.NOR_1990	Paired	Pseudomonas
347	1634	109.NOR_1990	Paired	Pseudomonas
348	1683	109.NOR_1990	Paired	Pseudomonas
349	1714	109.NOR_1990	Paired	Pseudomonas
350	1693	109.NOR_1990	Paired	Pseudomonas
351	1695	109.NOR_1990	Paired	Pseudomonas
352	1761	109.NOR_1990	Paired	Pseudomonas
353	1731	109.NOR_1990	Paired	Pseudomonas
354	1687	109.NOR_1990	Paired	Pseudomonas
355	1668	109.NOR_1990	Paired	Pseudomonas
356	1611	109.NOR_1990	Paired	Pseudomonas
357	1608	109.NOR_1990	Paired	Pseudomonas
358	1622	109.NOR_1990	Paired	Pseudomonas
359	1577	109.NOR_1990	Paired	Pseudomonas
360	1628	109.NOR_1990	Paired	Pseudomonas
361	1731	109.NOR_1990	Paired	Pseudomonas
362	1568	109.NOR_1990	Paired	Pseudomonas
363	1580	109.NOR_1990	Paired	Pseudomonas
364	1614	109.NOR_1990	Paired	Pseudomonas
365	1578	109.NOR_1990	Paired	Pseudomonas
366	1523	109.NOR_1990	Paired	Pseudomonas
367	1527	109.NOR_1990	Paired	Pseudomonas
368	1537	109.NOR_1990	Paired	Pseudomonas
369	1438	109.NOR_1990	Paired	Pseudomonas
370	1534	109.NOR_1990	Paired	Pseudomonas
371	1528	109.NOR_1990	Paired	Pseudomonas
372	1505	109.NOR_1990	Paired	Pseudomonas
373	1476	109.NOR_1990	Paired	Pseudomonas
374	1533	109.NOR_1990	Paired	Pseudomonas
375	1461	109.NOR_1990	Paired	Pseudomonas
376	1440	109.NOR_1990	Paired	Pseudomonas
377	1414	109.NOR_1990	Paired	Pseudomonas
378	1419	109.NOR_1990	Paired	Pseudomonas
379	1466	109.NOR_1990	Paired	Pseudomonas
380	1403	109.NOR_1990	Paired	Pseudomonas
381	1352	109.NOR_1990	Paired	Pseudomonas
382	1385	109.NOR_1990	Paired	Pseudomonas
383	1427	109.NOR_1990	Paired	Pseudomonas
384	1318	109.NOR_1990	Paired	Pseudomonas
385	1439	109.NOR_1990	Paired	Pseudomonas
386	1291	109.NOR_1990	Paired	Pseudomonas
387	1363	109.NOR_1990	Paired	Pseudomonas
388	1356	109.NOR_1990	Paired	Pseudomonas
389	1295	109.NOR_1990	Paired	Pseudomonas
390	1315	109.NOR_1990	Paired	Pseudomonas
391	1296	109.NOR_1990	Paired	Pseudomonas
392	1218	109.NOR_1990	Paired	Pseudomonas
393	1324	109.NOR_1990	Paired	Pseudomonas
394	1298	109.NOR_1990	Paired	Pseudomonas
395	1265	109.NOR_1990	Paired	Pseudomonas
396	1260	109.NOR_1990	Paired	Pseudomonas
397	1169	109.NOR_1990	Paired	Pseudomonas
398	1241	109.NOR_1990	Paired	Pseudomonas
399	1245	109.NOR_1990	Paired	Pseudomonas
400	1228	109.NOR_1990	Paired	Pseudomonas
401	1192	109.NOR_1990	Paired	Pseudomonas
402	1150	109.NOR_1990	Paired	Pseudomonas
403	1195	109.NOR_1990	Paired	Pseudomonas
404	1177	109.NOR_1990	Paired	Pseudomonas
405	1192	109.NOR_1990	Paired	Pseudomonas
406	1216	109.NOR_1990	Paired	Pseudomonas
407	1126	109.NOR_1990	Paired	Pseudomonas
408	1133	109.NOR_1990	Paired	Pseudomonas
409	1095	109.NOR_1990	Paired	Pseudomonas
410	1055	109.NOR_1990	Paired	Pseudomonas
411	1105	109.NOR_1990	Paired	Pseudomonas
412	1068	109.NOR_1990	Paired	Pseudomonas
413	1102	109.NOR_1990	Paired	Pseudomonas
414	1058	109.NOR_1990	Paired	Pseudomonas
415	1076	109.NOR_1990	Paired	Pseudomonas
416	1085	109.NOR_1990	Paired	Pseudomonas
417	1038	109.NOR_1990	Paired	Pseudomonas
418	1063	109.NOR_1990	Paired	Pseudomonas
419	1002	109.NOR_1990	Paired	Pseudomonas
420	992	109.NOR_1990	Paired	Pseudomonas
421	1024	109.NOR_1990	Paired	Pseudomonas
422	1040	109.NOR_1990	Paired	Pseudomonas
423	1046	109.NOR_1990	Paired	Pseudomonas
424	1049	109.NOR_1990	Paired	Pseudomonas
425	1009	109.NOR_1990	Paired	Pseudomonas
426	1057	109.NOR_1990	Paired	Pseudomonas
427	1015	109.NOR_1990	Paired	Pseudomonas
428	1026	109.NOR_1990	Paired	Pseudomonas
429	957	109.NOR_1990	Paired	Pseudomonas
430	905	109.NOR_1990	Paired	Pseudomonas
431	909	109.NOR_1990	Paired	Pseudomonas
432	920	109.NOR_1990	Paired	Pseudomonas
433	940	109.NOR_1990	Paired	Pseudomonas
434	905	109.NOR_1990	Paired	Pseudomonas
435	899	109.NOR_1990	Paired	Pseudomonas
436	920	109.NOR_1990	Paired	Pseudomonas
437	854	109.NOR_1990	Paired	Pseudomonas
438	915	109.NOR_1990	Paired	Pseudomonas
439	875	109.NOR_1990	Paired	Pseudomonas
440	860	109.NOR_1990	Paired	Pseudomonas
441	851	109.NOR_1990	Paired	Pseudomonas
442	843	109.NOR_1990	Paired	Pseudomonas
443	874	109.NOR_1990	Paired	Pseudomonas
444	812	109.NOR_1990	Paired	Pseudomonas
445	864	109.NOR_1990	Paired	Pseudomonas
446	842	109.NOR_1990	Paired	Pseudomonas
447	834	109.NOR_1990	Paired	Pseudomonas
448	834	109.NOR_1990	Paired	Pseudomonas
449	790	109.NOR_1990	Paired	Pseudomonas
450	752	109.NOR_1990	Paired	Pseudomonas
451	804	109.NOR_1990	Paired	Pseudomonas
452	747	109.NOR_1990	Paired	Pseudomonas
453	729	109.NOR_1990	Paired	Pseudomonas
454	715	109.NOR_1990	Paired	Pseudomonas
455	755	109.NOR_1990	Paired	Pseudomonas
456	805	109.NOR_1990	Paired	Pseudomonas
457	783	109.NOR_1990	Paired	Pseudomonas
458	718	109.NOR_1990	Paired	Pseudomonas
459	734	109.NOR_1990	Paired	Pseudomonas
460	729	109.NOR_1990	Paired	Pseudomonas
461	713	109.NOR_1990	Paired	Pseudomonas
462	668	109.NOR_1990	Paired	Pseudomonas
463	725	109.NOR_1990	Paired	Pseudomonas
464	650	109.NOR_1990	Paired	Pseudomonas
465	692	109.NOR_1990	Paired	Pseudomonas
466	674	109.NOR_1990	Paired	Pseudomonas
467	655	109.NOR_1990	Paired	Pseudomonas
468	694	109.NOR_1990	Paired	Pseudomonas
469	682	109.NOR_1990	Paired	Pseudomonas
470	672	109.NOR_1990	Paired	Pseudomonas
471	637	109.NOR_1990	Paired	Pseudomonas
472	604	109.NOR_1990	Paired	Pseudomonas
473	619	109.NOR_1990	Paired	Pseudomonas
474	610	109.NOR_1990	Paired	Pseudomonas
475	634	109.NOR_1990	Paired	Pseudomonas
476	657	109.NOR_1990	Paired	Pseudomonas
477	607	109.NOR_1990	Paired	Pseudomonas
478	582	109.NOR_1990	Paired	Pseudomonas
479	580	109.NOR_1990	Paired	Pseudomonas
480	585	109.NOR_1990	Paired	Pseudomonas
481	554	109.NOR_1990	Paired	Pseudomonas
482	600	109.NOR_1990	Paired	Pseudomonas
483	578	109.NOR_1990	Paired	Pseudomonas
484	553	109.NOR_1990	Paired	Pseudomonas
485	538	109.NOR_1990	Paired	Pseudomonas
486	598	109.NOR_1990	Paired	Pseudomonas
487	548	109.NOR_1990	Paired	Pseudomonas
488	494	109.NOR_1990	Paired	Pseudomonas
489	552	109.NOR_1990	Paired	Pseudomonas
490	478	109.NOR_1990	Paired	Pseudomonas
491	498	109.NOR_1990	Paired	Pseudomonas
492	516	109.NOR_1990	Paired	Pseudomonas
493	503	109.NOR_1990	Paired	Pseudomonas
494	530	109.NOR_1990	Paired	Pseudomonas
495	508	109.NOR_1990	Paired	Pseudomonas
496	484	109.NOR_1990	Paired	Pseudomonas
497	507	109.NOR_1990	Paired	Pseudomonas
498	515	109.NOR_1990	Paired	Pseudomonas
499	465	109.NOR_1990	Paired	Pseudomonas
500	493	109.NOR_1990	Paired	Pseudomonas
501	483	109.NOR_1990	Paired	Pseudomonas
502	505	109.NOR_1990	Paired	Pseudomonas
503	450	109.NOR_1990	Paired	Pseudomonas
504	451	109.NOR_1990	Paired	Pseudomonas
505	461	109.NOR_1990	Paired	Pseudomonas
506	473	109.NOR_1990	Paired	Pseudomonas
507	447	109.NOR_1990	Paired	Pseudomonas
508	424	109.NOR_1990	Paired	Pseudomonas
509	443	109.NOR_1990	Paired	Pseudomonas
510	458	109.NOR_1990	Paired	Pseudomonas
511	433	109.NOR_1990	Paired	Pseudomonas
512	476	109.NOR_1990	Paired	Pseudomonas
513	421	109.NOR_1990	Paired	Pseudomonas
514	398	109.NOR_1990	Paired	Pseudomonas
515	410	109.NOR_1990	Paired	Pseudomonas
516	376	109.NOR_1990	Paired	Pseudomonas
517	421	109.NOR_1990	Paired	Pseudomonas
518	426	109.NOR_1990	Paired	Pseudomonas
519	446	109.NOR_1990	Paired	Pseudomonas
520	410	109.NOR_1990	Paired	Pseudomonas
521	422	109.NOR_1990	Paired	Pseudomonas
522	388	109.NOR_1990	Paired	Pseudomonas
523	379	109.NOR_1990	Paired	Pseudomonas
524	368	109.NOR_1990	Paired	Pseudomonas
525	367	109.NOR_1990	Paired	Pseudomonas
526	395	109.NOR_1990	Paired	Pseudomonas
527	363	109.NOR_1990	Paired	Pseudomonas
528	358	109.NOR_1990	Paired	Pseudomonas
529	369	109.NOR_1990	Paired	Pseudomonas
530	393	109.NOR_1990	Paired	Pseudomonas
531	361	109.NOR_1990	Paired	Pseudomonas
532	382	109.NOR_1990	Paired	Pseudomonas
533	362	109.NOR_1990	Paired	Pseudomonas
534	331	109.NOR_1990	Paired	Pseudomonas
535	331	109.NOR_1990	Paired	Pseudomonas
536	334	109.NOR_1990	Paired	Pseudomonas
537	343	109.NOR_1990	Paired	Pseudomonas
538	298	109.NOR_1990	Paired	Pseudomonas
539	336	109.NOR_1990	Paired	Pseudomonas
540	343	109.NOR_1990	Paired	Pseudomonas
541	289	109.NOR_1990	Paired	Pseudomonas
542	320	109.NOR_1990	Paired	Pseudomonas
543	330	109.NOR_1990	Paired	Pseudomonas
544	302	109.NOR_1990	Paired	Pseudomonas
545	323	109.NOR_1990	Paired	Pseudomonas
546	292	109.NOR_1990	Paired	Pseudomonas
547	325	109.NOR_1990	Paired	Pseudomonas
548	304	109.NOR_1990	Paired	Pseudomonas
549	312	109.NOR_1990	Paired	Pseudomonas
550	309	109.NOR_1990	Paired	Pseudomonas
551	329	109.NOR_1990	Paired	Pseudomonas
552	284	109.NOR_1990	Paired	Pseudomonas
553	296	109.NOR_1990	Paired	Pseudomonas
554	276	109.NOR_1990	Paired	Pseudomonas
555	270	109.NOR_1990	Paired	Pseudomonas
556	267	109.NOR_1990	Paired	Pseudomonas
557	263	109.NOR_1990	Paired	Pseudomonas
558	276	109.NOR_1990	Paired	Pseudomonas
559	288	109.NOR_1990	Paired	Pseudomonas
560	269	109.NOR_1990	Paired	Pseudomonas
561	260	109.NOR_1990	Paired	Pseudomonas
562	247	109.NOR_1990	Paired	Pseudomonas
563	231	109.NOR_1990	Paired	Pseudomonas
564	256	109.NOR_1990	Paired	Pseudomonas
565	255	109.NOR_1990	Paired	Pseudomonas
566	248	109.NOR_1990	Paired	Pseudomonas
567	242	109.NOR_1990	Paired	Pseudomonas
568	239	109.NOR_1990	Paired	Pseudomonas
569	234	109.NOR_1990	Paired	Pseudomonas
570	221	109.NOR_1990	Paired	Pseudomonas
571	233	109.NOR_1990	Paired	Pseudomonas
572	200	109.NOR_1990	Paired	Pseudomonas
573	235	109.NOR_1990	Paired	Pseudomonas
574	257	109.NOR_1990	Paired	Pseudomonas
575	236	109.NOR_1990	Paired	Pseudomonas
576	248	109.NOR_1990	Paired	Pseudomonas
577	205	109.NOR_1990	Paired	Pseudomonas
578	188	109.NOR_1990	Paired	Pseudomonas
579	228	109.NOR_1990	Paired	Pseudomonas
580	210	109.NOR_1990	Paired	Pseudomonas
581	223	109.NOR_1990	Paired	Pseudomonas
582	218	109.NOR_1990	Paired	Pseudomonas
583	198	109.NOR_1990	Paired	Pseudomonas
584	230	109.NOR_1990	Paired	Pseudomonas
585	230	109.NOR_1990	Paired	Pseudomonas
586	201	109.NOR_1990	Paired	Pseudomonas
587	172	109.NOR_1990	Paired	Pseudomonas
588	208	109.NOR_1990	Paired	Pseudomonas
589	208	109.NOR_1990	Paired	Pseudomonas
590	190	109.NOR_1990	Paired	Pseudomonas
591	205	109.NOR_1990	Paired	Pseudomonas
592	173	109.NOR_1990	Paired	Pseudomonas
593	197	109.NOR_1990	Paired	Pseudomonas
594	161	109.NOR_1990	Paired	Pseudomonas
595	166	109.NOR_1990	Paired	Pseudomonas
596	187	109.NOR_1990	Paired	Pseudomonas
597	180	109.NOR_1990	Paired	Pseudomonas
598	177	109.NOR_1990	Paired	Pseudomonas
599	183	109.NOR_1990	Paired	Pseudomonas
600	152	109.NOR_1990	Paired	Pseudomonas
601	164	109.NOR_1990	Paired	Pseudomonas
602	166	109.NOR_1990	Paired	Pseudomonas
603	187	109.NOR_1990	Paired	Pseudomonas
604	146	109.NOR_1990	Paired	Pseudomonas
605	157	109.NOR_1990	Paired	Pseudomonas
606	175	109.NOR_1990	Paired	Pseudomonas
607	181	109.NOR_1990	Paired	Pseudomonas
608	179	109.NOR_1990	Paired	Pseudomonas
609	155	109.NOR_1990	Paired	Pseudomonas
610	167	109.NOR_1990	Paired	Pseudomonas
611	161	109.NOR_1990	Paired	Pseudomonas
612	147	109.NOR_1990	Paired	Pseudomonas
613	145	109.NOR_1990	Paired	Pseudomonas
614	141	109.NOR_1990	Paired	Pseudomonas
615	154	109.NOR_1990	Paired	Pseudomonas
616	132	109.NOR_1990	Paired	Pseudomonas
617	148	109.NOR_1990	Paired	Pseudomonas
618	156	109.NOR_1990	Paired	Pseudomonas
619	140	109.NOR_1990	Paired	Pseudomonas
620	170	109.NOR_1990	Paired	Pseudomonas
621	128	109.NOR_1990	Paired	Pseudomonas
622	136	109.NOR_1990	Paired	Pseudomonas
623	130	109.NOR_1990	Paired	Pseudomonas
624	120	109.NOR_1990	Paired	Pseudomonas
625	136	109.NOR_1990	Paired	Pseudomonas
626	123	109.NOR_1990	Paired	Pseudomonas
627	155	109.NOR_1990	Paired	Pseudomonas
628	128	109.NOR_1990	Paired	Pseudomonas
629	120	109.NOR_1990	Paired	Pseudomonas
630	119	109.NOR_1990	Paired	Pseudomonas
631	107	109.NOR_1990	Paired	Pseudomonas
632	117	109.NOR_1990	Paired	Pseudomonas
633	130	109.NOR_1990	Paired	Pseudomonas
634	125	109.NOR_1990	Paired	Pseudomonas
635	130	109.NOR_1990	Paired	Pseudomonas
636	119	109.NOR_1990	Paired	Pseudomonas
637	110	109.NOR_1990	Paired	Pseudomonas
638	112	109.NOR_1990	Paired	Pseudomonas
639	110	109.NOR_1990	Paired	Pseudomonas
640	108	109.NOR_1990	Paired	Pseudomonas
641	104	109.NOR_1990	Paired	Pseudomonas
642	107	109.NOR_1990	Paired	Pseudomonas
643	101	109.NOR_1990	Paired	Pseudomonas
644	123	109.NOR_1990	Paired	Pseudomonas
645	121	109.NOR_1990	Paired	Pseudomonas
646	119	109.NOR_1990	Paired	Pseudomonas
647	113	109.NOR_1990	Paired	Pseudomonas
648	106	109.NOR_1990	Paired	Pseudomonas
649	113	109.NOR_1990	Paired	Pseudomonas
650	124	109.NOR_1990	Paired	Pseudomonas
651	126	109.NOR_1990	Paired	Pseudomonas
652	144	109.NOR_1990	Paired	Pseudomonas
653	135	109.NOR_1990	Paired	Pseudomonas
654	151	109.NOR_1990	Paired	Pseudomonas
655	163	109.NOR_1990	Paired	Pseudomonas
656	231	109.NOR_1990	Paired	Pseudomonas
657	137	109.NOR_1990	Paired	Pseudomonas
658	154	109.NOR_1990	Paired	Pseudomonas
659	102	109.NOR_1990	Paired	Pseudomonas
660	138	109.NOR_1990	Paired	Pseudomonas
661	82	109.NOR_1990	Paired	Pseudomonas
662	64	109.NOR_1990	Paired	Pseudomonas
663	64	109.NOR_1990	Paired	Pseudomonas
664	71	109.NOR_1990	Paired	Pseudomonas
665	59	109.NOR_1990	Paired	Pseudomonas
666	61	109.NOR_1990	Paired	Pseudomonas
667	49	109.NOR_1990	Paired	Pseudomonas
668	57	109.NOR_1990	Paired	Pseudomonas
669	69	109.NOR_1990	Paired	Pseudomonas
670	61	109.NOR_1990	Paired	Pseudomonas
671	65	109.NOR_1990	Paired	Pseudomonas
672	49	109.NOR_1990	Paired	Pseudomonas
673	64	109.NOR_1990	Paired	Pseudomonas
674	65	109.NOR_1990	Paired	Pseudomonas
675	50	109.NOR_1990	Paired	Pseudomonas
676	64	109.NOR_1990	Paired	Pseudomonas
677	52	109.NOR_1990	Paired	Pseudomonas
678	59	109.NOR_1990	Paired	Pseudomonas
679	59	109.NOR_1990	Paired	Pseudomonas
680	37	109.NOR_1990	Paired	Pseudomonas
681	60	109.NOR_1990	Paired	Pseudomonas
682	52	109.NOR_1990	Paired	Pseudomonas
683	60	109.NOR_1990	Paired	Pseudomonas
684	54	109.NOR_1990	Paired	Pseudomonas
685	73	109.NOR_1990	Paired	Pseudomonas
686	52	109.NOR_1990	Paired	Pseudomonas
687	57	109.NOR_1990	Paired	Pseudomonas
688	54	109.NOR_1990	Paired	Pseudomonas
689	52	109.NOR_1990	Paired	Pseudomonas
690	48	109.NOR_1990	Paired	Pseudomonas
691	32	109.NOR_1990	Paired	Pseudomonas
692	45	109.NOR_1990	Paired	Pseudomonas
693	55	109.NOR_1990	Paired	Pseudomonas
694	47	109.NOR_1990	Paired	Pseudomonas
695	45	109.NOR_1990	Paired	Pseudomonas
696	39	109.NOR_1990	Paired	Pseudomonas
697	45	109.NOR_1990	Paired	Pseudomonas
698	49	109.NOR_1990	Paired	Pseudomonas
699	45	109.NOR_1990	Paired	Pseudomonas
700	60	109.NOR_1990	Paired	Pseudomonas
701	42	109.NOR_1990	Paired	Pseudomonas
702	44	109.NOR_1990	Paired	Pseudomonas
703	34	109.NOR_1990	Paired	Pseudomonas
704	43	109.NOR_1990	Paired	Pseudomonas
705	60	109.NOR_1990	Paired	Pseudomonas
706	50	109.NOR_1990	Paired	Pseudomonas
707	47	109.NOR_1990	Paired	Pseudomonas
708	44	109.NOR_1990	Paired	Pseudomonas
709	45	109.NOR_1990	Paired	Pseudomonas
710	53	109.NOR_1990	Paired	Pseudomonas
711	38	109.NOR_1990	Paired	Pseudomonas
712	39	109.NOR_1990	Paired	Pseudomonas
713	30	109.NOR_1990	Paired	Pseudomonas
714	38	109.NOR_1990	Paired	Pseudomonas
715	42	109.NOR_1990	Paired	Pseudomonas
716	42	109.NOR_1990	Paired	Pseudomonas
717	41	109.NOR_1990	Paired	Pseudomonas
718	40	109.NOR_1990	Paired	Pseudomonas
719	24	109.NOR_1990	Paired	Pseudomonas
720	42	109.NOR_1990	Paired	Pseudomonas
721	39	109.NOR_1990	Paired	Pseudomonas
722	25	109.NOR_1990	Paired	Pseudomonas
723	27	109.NOR_1990	Paired	Pseudomonas
724	39	109.NOR_1990	Paired	Pseudomonas
725	33	109.NOR_1990	Paired	Pseudomonas
726	28	109.NOR_1990	Paired	Pseudomonas
727	33	109.NOR_1990	Paired	Pseudomonas
728	29	109.NOR_1990	Paired	Pseudomonas
729	28	109.NOR_1990	Paired	Pseudomonas
730	35	109.NOR_1990	Paired	Pseudomonas
731	31	109.NOR_1990	Paired	Pseudomonas
732	26	109.NOR_1990	Paired	Pseudomonas
733	36	109.NOR_1990	Paired	Pseudomonas
734	33	109.NOR_1990	Paired	Pseudomonas
735	28	109.NOR_1990	Paired	Pseudomonas
736	39	109.NOR_1990	Paired	Pseudomonas
737	21	109.NOR_1990	Paired	Pseudomonas
738	26	109.NOR_1990	Paired	Pseudomonas
739	25	109.NOR_1990	Paired	Pseudomonas
740	26	109.NOR_1990	Paired	Pseudomonas
741	28	109.NOR_1990	Paired	Pseudomonas
742	28	109.NOR_1990	Paired	Pseudomonas
743	30	109.NOR_1990	Paired	Pseudomonas
744	32	109.NOR_1990	Paired	Pseudomonas
745	27	109.NOR_1990	Paired	Pseudomonas
746	26	109.NOR_1990	Paired	Pseudomonas
747	14	109.NOR_1990	Paired	Pseudomonas
748	16	109.NOR_1990	Paired	Pseudomonas
749	16	109.NOR_1990	Paired	Pseudomonas
750	28	109.NOR_1990	Paired	Pseudomonas
751	30	109.NOR_1990	Paired	Pseudomonas
752	36	109.NOR_1990	Paired	Pseudomonas
753	14	109.NOR_1990	Paired	Pseudomonas
754	22	109.NOR_1990	Paired	Pseudomonas
755	15	109.NOR_1990	Paired	Pseudomonas
756	25	109.NOR_1990	Paired	Pseudomonas
757	22	109.NOR_1990	Paired	Pseudomonas
758	25	109.NOR_1990	Paired	Pseudomonas
759	24	109.NOR_1990	Paired	Pseudomonas
760	18	109.NOR_1990	Paired	Pseudomonas
761	16	109.NOR_1990	Paired	Pseudomonas
762	18	109.NOR_1990	Paired	Pseudomonas
763	16	109.NOR_1990	Paired	Pseudomonas
764	25	109.NOR_1990	Paired	Pseudomonas
765	23	109.NOR_1990	Paired	Pseudomonas
766	19	109.NOR_1990	Paired	Pseudomonas
767	20	109.NOR_1990	Paired	Pseudomonas
768	18	109.NOR_1990	Paired	Pseudomonas
769	26	109.NOR_1990	Paired	Pseudomonas
770	24	109.NOR_1990	Paired	Pseudomonas
771	21	109.NOR_1990	Paired	Pseudomonas
772	31	109.NOR_1990	Paired	Pseudomonas
773	23	109.NOR_1990	Paired	Pseudomonas
774	19	109.NOR_1990	Paired	Pseudomonas
775	20	109.NOR_1990	Paired	Pseudomonas
776	23	109.NOR_1990	Paired	Pseudomonas
777	18	109.NOR_1990	Paired	Pseudomonas
778	12	109.NOR_1990	Paired	Pseudomonas
779	21	109.NOR_1990	Paired	Pseudomonas
780	10	109.NOR_1990	Paired	Pseudomonas
781	14	109.NOR_1990	Paired	Pseudomonas
782	8	109.NOR_1990	Paired	Pseudomonas
783	18	109.NOR_1990	Paired	Pseudomonas
784	20	109.NOR_1990	Paired	Pseudomonas
785	21	109.NOR_1990	Paired	Pseudomonas
786	21	109.NOR_1990	Paired	Pseudomonas
787	20	109.NOR_1990	Paired	Pseudomonas
788	17	109.NOR_1990	Paired	Pseudomonas
789	19	109.NOR_1990	Paired	Pseudomonas
790	13	109.NOR_1990	Paired	Pseudomonas
791	17	109.NOR_1990	Paired	Pseudomonas
792	15	109.NOR_1990	Paired	Pseudomonas
793	15	109.NOR_1990	Paired	Pseudomonas
794	12	109.NOR_1990	Paired	Pseudomonas
795	16	109.NOR_1990	Paired	Pseudomonas
796	14	109.NOR_1990	Paired	Pseudomonas
797	16	109.NOR_1990	Paired	Pseudomonas
798	5	109.NOR_1990	Paired	Pseudomonas
799	14	109.NOR_1990	Paired	Pseudomonas
800	24	109.NOR_1990	Paired	Pseudomonas
801	13	109.NOR_1990	Paired	Pseudomonas
802	19	109.NOR_1990	Paired	Pseudomonas
803	10	109.NOR_1990	Paired	Pseudomonas
804	12	109.NOR_1990	Paired	Pseudomonas
805	10	109.NOR_1990	Paired	Pseudomonas
806	14	109.NOR_1990	Paired	Pseudomonas
807	12	109.NOR_1990	Paired	Pseudomonas
808	11	109.NOR_1990	Paired	Pseudomonas
809	17	109.NOR_1990	Paired	Pseudomonas
810	12	109.NOR_1990	Paired	Pseudomonas
811	17	109.NOR_1990	Paired	Pseudomonas
812	12	109.NOR_1990	Paired	Pseudomonas
813	10	109.NOR_1990	Paired	Pseudomonas
814	9	109.NOR_1990	Paired	Pseudomonas
815	8	109.NOR_1990	Paired	Pseudomonas
816	7	109.NOR_1990	Paired	Pseudomonas
817	9	109.NOR_1990	Paired	Pseudomonas
818	9	109.NOR_1990	Paired	Pseudomonas
819	8	109.NOR_1990	Paired	Pseudomonas
820	15	109.NOR_1990	Paired	Pseudomonas
821	9	109.NOR_1990	Paired	Pseudomonas
822	9	109.NOR_1990	Paired	Pseudomonas
823	9	109.NOR_1990	Paired	Pseudomonas
824	5	109.NOR_1990	Paired	Pseudomonas
825	10	109.NOR_1990	Paired	Pseudomonas
826	11	109.NOR_1990	Paired	Pseudomonas
827	7	109.NOR_1990	Paired	Pseudomonas
828	16	109.NOR_1990	Paired	Pseudomonas
829	11	109.NOR_1990	Paired	Pseudomonas
830	8	109.NOR_1990	Paired	Pseudomonas
831	7	109.NOR_1990	Paired	Pseudomonas
832	13	109.NOR_1990	Paired	Pseudomonas
833	5	109.NOR_1990	Paired	Pseudomonas
834	9	109.NOR_1990	Paired	Pseudomonas
835	8	109.NOR_1990	Paired	Pseudomonas
836	14	109.NOR_1990	Paired	Pseudomonas
837	15	109.NOR_1990	Paired	Pseudomonas
838	9	109.NOR_1990	Paired	Pseudomonas
839	8	109.NOR_1990	Paired	Pseudomonas
840	9	109.NOR_1990	Paired	Pseudomonas
841	14	109.NOR_1990	Paired	Pseudomonas
842	7	109.NOR_1990	Paired	Pseudomonas
843	10	109.NOR_1990	Paired	Pseudomonas
844	9	109.NOR_1990	Paired	Pseudomonas
845	9	109.NOR_1990	Paired	Pseudomonas
846	7	109.NOR_1990	Paired	Pseudomonas
847	2	109.NOR_1990	Paired	Pseudomonas
848	10	109.NOR_1990	Paired	Pseudomonas
849	4	109.NOR_1990	Paired	Pseudomonas
850	7	109.NOR_1990	Paired	Pseudomonas
851	5	109.NOR_1990	Paired	Pseudomonas
852	10	109.NOR_1990	Paired	Pseudomonas
853	9	109.NOR_1990	Paired	Pseudomonas
854	6	109.NOR_1990	Paired	Pseudomonas
855	7	109.NOR_1990	Paired	Pseudomonas
856	9	109.NOR_1990	Paired	Pseudomonas
857	6	109.NOR_1990	Paired	Pseudomonas
858	8	109.NOR_1990	Paired	Pseudomonas
859	5	109.NOR_1990	Paired	Pseudomonas
860	9	109.NOR_1990	Paired	Pseudomonas
861	8	109.NOR_1990	Paired	Pseudomonas
862	6	109.NOR_1990	Paired	Pseudomonas
863	6	109.NOR_1990	Paired	Pseudomonas
864	9	109.NOR_1990	Paired	Pseudomonas
865	8	109.NOR_1990	Paired	Pseudomonas
866	3	109.NOR_1990	Paired	Pseudomonas
867	11	109.NOR_1990	Paired	Pseudomonas
868	5	109.NOR_1990	Paired	Pseudomonas
869	2	109.NOR_1990	Paired	Pseudomonas
870	6	109.NOR_1990	Paired	Pseudomonas
871	8	109.NOR_1990	Paired	Pseudomonas
872	6	109.NOR_1990	Paired	Pseudomonas
873	4	109.NOR_1990	Paired	Pseudomonas
874	5	109.NOR_1990	Paired	Pseudomonas
875	1	109.NOR_1990	Paired	Pseudomonas
876	8	109.NOR_1990	Paired	Pseudomonas
877	3	109.NOR_1990	Paired	Pseudomonas
878	5	109.NOR_1990	Paired	Pseudomonas
879	6	109.NOR_1990	Paired	Pseudomonas
880	6	109.NOR_1990	Paired	Pseudomonas
881	7	109.NOR_1990	Paired	Pseudomonas
882	1	109.NOR_1990	Paired	Pseudomonas
883	4	109.NOR_1990	Paired	Pseudomonas
884	8	109.NOR_1990	Paired	Pseudomonas
885	2	109.NOR_1990	Paired	Pseudomonas
886	2	109.NOR_1990	Paired	Pseudomonas
887	4	109.NOR_1990	Paired	Pseudomonas
888	3	109.NOR_1990	Paired	Pseudomonas
889	2	109.NOR_1990	Paired	Pseudomonas
890	4	109.NOR_1990	Paired	Pseudomonas
891	2	109.NOR_1990	Paired	Pseudomonas
892	4	109.NOR_1990	Paired	Pseudomonas
893	5	109.NOR_1990	Paired	Pseudomonas
894	3	109.NOR_1990	Paired	Pseudomonas
895	4	109.NOR_1990	Paired	Pseudomonas
896	9	109.NOR_1990	Paired	Pseudomonas
897	5	109.NOR_1990	Paired	Pseudomonas
898	1	109.NOR_1990	Paired	Pseudomonas
899	7	109.NOR_1990	Paired	Pseudomonas
900	2	109.NOR_1990	Paired	Pseudomonas
901	1	109.NOR_1990	Paired	Pseudomonas
902	5	109.NOR_1990	Paired	Pseudomonas
903	3	109.NOR_1990	Paired	Pseudomonas
904	1	109.NOR_1990	Paired	Pseudomonas
905	3	109.NOR_1990	Paired	Pseudomonas
906	5	109.NOR_1990	Paired	Pseudomonas
907	2	109.NOR_1990	Paired	Pseudomonas
908	4	109.NOR_1990	Paired	Pseudomonas
909	3	109.NOR_1990	Paired	Pseudomonas
910	6	109.NOR_1990	Paired	Pseudomonas
911	10	109.NOR_1990	Paired	Pseudomonas
912	3	109.NOR_1990	Paired	Pseudomonas
913	2	109.NOR_1990	Paired	Pseudomonas
914	3	109.NOR_1990	Paired	Pseudomonas
915	1	109.NOR_1990	Paired	Pseudomonas
916	3	109.NOR_1990	Paired	Pseudomonas
917	1	109.NOR_1990	Paired	Pseudomonas
918	4	109.NOR_1990	Paired	Pseudomonas
919	2	109.NOR_1990	Paired	Pseudomonas
920	4	109.NOR_1990	Paired	Pseudomonas
921	2	109.NOR_1990	Paired	Pseudomonas
922	1	109.NOR_1990	Paired	Pseudomonas
923	3	109.NOR_1990	Paired	Pseudomonas
924	6	109.NOR_1990	Paired	Pseudomonas
925	6	109.NOR_1990	Paired	Pseudomonas
926	4	109.NOR_1990	Paired	Pseudomonas
927	4	109.NOR_1990	Paired	Pseudomonas
928	2	109.NOR_1990	Paired	Pseudomonas
929	3	109.NOR_1990	Paired	Pseudomonas
930	4	109.NOR_1990	Paired	Pseudomonas
931	2	109.NOR_1990	Paired	Pseudomonas
932	3	109.NOR_1990	Paired	Pseudomonas
933	3	109.NOR_1990	Paired	Pseudomonas
934	2	109.NOR_1990	Paired	Pseudomonas
935	1	109.NOR_1990	Paired	Pseudomonas
936	1	109.NOR_1990	Paired	Pseudomonas
937	6	109.NOR_1990	Paired	Pseudomonas
938	3	109.NOR_1990	Paired	Pseudomonas
939	2	109.NOR_1990	Paired	Pseudomonas
940	4	109.NOR_1990	Paired	Pseudomonas
941	3	109.NOR_1990	Paired	Pseudomonas
942	1	109.NOR_1990	Paired	Pseudomonas
946	1	109.NOR_1990	Paired	Pseudomonas
947	1	109.NOR_1990	Paired	Pseudomonas
948	1	109.NOR_1990	Paired	Pseudomonas
15	1	30.ESP_1983b	Collapsed	Arabidopsis
16	1	30.ESP_1983b	Collapsed	Arabidopsis
17	11	30.ESP_1983b	Collapsed	Arabidopsis
18	35	30.ESP_1983b	Collapsed	Arabidopsis
19	52	30.ESP_1983b	Collapsed	Arabidopsis
20	33	30.ESP_1983b	Collapsed	Arabidopsis
21	37	30.ESP_1983b	Collapsed	Arabidopsis
22	48	30.ESP_1983b	Collapsed	Arabidopsis
23	47	30.ESP_1983b	Collapsed	Arabidopsis
24	76	30.ESP_1983b	Collapsed	Arabidopsis
25	76	30.ESP_1983b	Collapsed	Arabidopsis
26	88	30.ESP_1983b	Collapsed	Arabidopsis
27	110	30.ESP_1983b	Collapsed	Arabidopsis
28	105	30.ESP_1983b	Collapsed	Arabidopsis
29	112	30.ESP_1983b	Collapsed	Arabidopsis
30	117	30.ESP_1983b	Collapsed	Arabidopsis
31	166	30.ESP_1983b	Collapsed	Arabidopsis
32	173	30.ESP_1983b	Collapsed	Arabidopsis
33	168	30.ESP_1983b	Collapsed	Arabidopsis
34	184	30.ESP_1983b	Collapsed	Arabidopsis
35	184	30.ESP_1983b	Collapsed	Arabidopsis
36	214	30.ESP_1983b	Collapsed	Arabidopsis
37	203	30.ESP_1983b	Collapsed	Arabidopsis
38	252	30.ESP_1983b	Collapsed	Arabidopsis
39	248	30.ESP_1983b	Collapsed	Arabidopsis
40	265	30.ESP_1983b	Collapsed	Arabidopsis
41	338	30.ESP_1983b	Collapsed	Arabidopsis
42	311	30.ESP_1983b	Collapsed	Arabidopsis
43	354	30.ESP_1983b	Collapsed	Arabidopsis
44	345	30.ESP_1983b	Collapsed	Arabidopsis
45	400	30.ESP_1983b	Collapsed	Arabidopsis
46	388	30.ESP_1983b	Collapsed	Arabidopsis
47	413	30.ESP_1983b	Collapsed	Arabidopsis
48	494	30.ESP_1983b	Collapsed	Arabidopsis
49	526	30.ESP_1983b	Collapsed	Arabidopsis
50	595	30.ESP_1983b	Collapsed	Arabidopsis
51	570	30.ESP_1983b	Collapsed	Arabidopsis
52	664	30.ESP_1983b	Collapsed	Arabidopsis
53	602	30.ESP_1983b	Collapsed	Arabidopsis
54	683	30.ESP_1983b	Collapsed	Arabidopsis
55	727	30.ESP_1983b	Collapsed	Arabidopsis
56	725	30.ESP_1983b	Collapsed	Arabidopsis
57	852	30.ESP_1983b	Collapsed	Arabidopsis
58	904	30.ESP_1983b	Collapsed	Arabidopsis
59	962	30.ESP_1983b	Collapsed	Arabidopsis
60	1027	30.ESP_1983b	Collapsed	Arabidopsis
61	1008	30.ESP_1983b	Collapsed	Arabidopsis
62	1155	30.ESP_1983b	Collapsed	Arabidopsis
63	1173	30.ESP_1983b	Collapsed	Arabidopsis
64	1202	30.ESP_1983b	Collapsed	Arabidopsis
65	1324	30.ESP_1983b	Collapsed	Arabidopsis
66	1390	30.ESP_1983b	Collapsed	Arabidopsis
67	1485	30.ESP_1983b	Collapsed	Arabidopsis
68	1588	30.ESP_1983b	Collapsed	Arabidopsis
69	1661	30.ESP_1983b	Collapsed	Arabidopsis
70	1762	30.ESP_1983b	Collapsed	Arabidopsis
71	1818	30.ESP_1983b	Collapsed	Arabidopsis
72	1903	30.ESP_1983b	Collapsed	Arabidopsis
73	2083	30.ESP_1983b	Collapsed	Arabidopsis
74	2180	30.ESP_1983b	Collapsed	Arabidopsis
75	2236	30.ESP_1983b	Collapsed	Arabidopsis
76	2303	30.ESP_1983b	Collapsed	Arabidopsis
77	2477	30.ESP_1983b	Collapsed	Arabidopsis
78	2623	30.ESP_1983b	Collapsed	Arabidopsis
79	2652	30.ESP_1983b	Collapsed	Arabidopsis
80	2821	30.ESP_1983b	Collapsed	Arabidopsis
81	2884	30.ESP_1983b	Collapsed	Arabidopsis
82	3060	30.ESP_1983b	Collapsed	Arabidopsis
83	3060	30.ESP_1983b	Collapsed	Arabidopsis
84	3264	30.ESP_1983b	Collapsed	Arabidopsis
85	3426	30.ESP_1983b	Collapsed	Arabidopsis
86	3555	30.ESP_1983b	Collapsed	Arabidopsis
87	3707	30.ESP_1983b	Collapsed	Arabidopsis
88	3739	30.ESP_1983b	Collapsed	Arabidopsis
89	3922	30.ESP_1983b	Collapsed	Arabidopsis
90	4120	30.ESP_1983b	Collapsed	Arabidopsis
91	4110	30.ESP_1983b	Collapsed	Arabidopsis
92	4336	30.ESP_1983b	Collapsed	Arabidopsis
93	4687	30.ESP_1983b	Collapsed	Arabidopsis
94	4654	30.ESP_1983b	Collapsed	Arabidopsis
95	4823	30.ESP_1983b	Collapsed	Arabidopsis
96	5105	30.ESP_1983b	Collapsed	Arabidopsis
97	5148	30.ESP_1983b	Collapsed	Arabidopsis
98	5296	30.ESP_1983b	Collapsed	Arabidopsis
99	5506	30.ESP_1983b	Collapsed	Arabidopsis
100	5487	30.ESP_1983b	Collapsed	Arabidopsis
101	5627	30.ESP_1983b	Collapsed	Arabidopsis
102	5898	30.ESP_1983b	Collapsed	Arabidopsis
103	6130	30.ESP_1983b	Collapsed	Arabidopsis
104	5981	30.ESP_1983b	Collapsed	Arabidopsis
105	6186	30.ESP_1983b	Collapsed	Arabidopsis
106	6279	30.ESP_1983b	Collapsed	Arabidopsis
107	6396	30.ESP_1983b	Collapsed	Arabidopsis
108	6566	30.ESP_1983b	Collapsed	Arabidopsis
109	6676	30.ESP_1983b	Collapsed	Arabidopsis
110	6770	30.ESP_1983b	Collapsed	Arabidopsis
111	6801	30.ESP_1983b	Collapsed	Arabidopsis
112	6842	30.ESP_1983b	Collapsed	Arabidopsis
113	6876	30.ESP_1983b	Collapsed	Arabidopsis
114	7047	30.ESP_1983b	Collapsed	Arabidopsis
115	7156	30.ESP_1983b	Collapsed	Arabidopsis
116	7088	30.ESP_1983b	Collapsed	Arabidopsis
117	7125	30.ESP_1983b	Collapsed	Arabidopsis
118	7257	30.ESP_1983b	Collapsed	Arabidopsis
119	7098	30.ESP_1983b	Collapsed	Arabidopsis
120	7219	30.ESP_1983b	Collapsed	Arabidopsis
121	7202	30.ESP_1983b	Collapsed	Arabidopsis
122	7377	30.ESP_1983b	Collapsed	Arabidopsis
123	7095	30.ESP_1983b	Collapsed	Arabidopsis
124	7304	30.ESP_1983b	Collapsed	Arabidopsis
125	7211	30.ESP_1983b	Collapsed	Arabidopsis
126	7301	30.ESP_1983b	Collapsed	Arabidopsis
127	7058	30.ESP_1983b	Collapsed	Arabidopsis
128	7166	30.ESP_1983b	Collapsed	Arabidopsis
129	7009	30.ESP_1983b	Collapsed	Arabidopsis
130	7077	30.ESP_1983b	Collapsed	Arabidopsis
131	6951	30.ESP_1983b	Collapsed	Arabidopsis
132	6885	30.ESP_1983b	Collapsed	Arabidopsis
133	6861	30.ESP_1983b	Collapsed	Arabidopsis
134	6754	30.ESP_1983b	Collapsed	Arabidopsis
135	6666	30.ESP_1983b	Collapsed	Arabidopsis
136	6640	30.ESP_1983b	Collapsed	Arabidopsis
137	6582	30.ESP_1983b	Collapsed	Arabidopsis
138	6436	30.ESP_1983b	Collapsed	Arabidopsis
139	6340	30.ESP_1983b	Collapsed	Arabidopsis
0	1	30.ESP_1983b	Paired	Arabidopsis
88	2	30.ESP_1983b	Paired	Arabidopsis
89	1	30.ESP_1983b	Paired	Arabidopsis
90	10	30.ESP_1983b	Paired	Arabidopsis
91	9	30.ESP_1983b	Paired	Arabidopsis
92	4	30.ESP_1983b	Paired	Arabidopsis
93	9	30.ESP_1983b	Paired	Arabidopsis
94	6	30.ESP_1983b	Paired	Arabidopsis
95	16	30.ESP_1983b	Paired	Arabidopsis
96	15	30.ESP_1983b	Paired	Arabidopsis
97	14	30.ESP_1983b	Paired	Arabidopsis
98	6	30.ESP_1983b	Paired	Arabidopsis
99	21	30.ESP_1983b	Paired	Arabidopsis
100	26	30.ESP_1983b	Paired	Arabidopsis
101	25	30.ESP_1983b	Paired	Arabidopsis
102	24	30.ESP_1983b	Paired	Arabidopsis
103	25	30.ESP_1983b	Paired	Arabidopsis
104	31	30.ESP_1983b	Paired	Arabidopsis
105	30	30.ESP_1983b	Paired	Arabidopsis
106	40	30.ESP_1983b	Paired	Arabidopsis
107	40	30.ESP_1983b	Paired	Arabidopsis
108	43	30.ESP_1983b	Paired	Arabidopsis
109	43	30.ESP_1983b	Paired	Arabidopsis
110	47	30.ESP_1983b	Paired	Arabidopsis
111	49	30.ESP_1983b	Paired	Arabidopsis
112	57	30.ESP_1983b	Paired	Arabidopsis
113	60	30.ESP_1983b	Paired	Arabidopsis
114	67	30.ESP_1983b	Paired	Arabidopsis
115	65	30.ESP_1983b	Paired	Arabidopsis
116	67	30.ESP_1983b	Paired	Arabidopsis
117	55	30.ESP_1983b	Paired	Arabidopsis
118	69	30.ESP_1983b	Paired	Arabidopsis
119	71	30.ESP_1983b	Paired	Arabidopsis
120	75	30.ESP_1983b	Paired	Arabidopsis
121	80	30.ESP_1983b	Paired	Arabidopsis
122	88	30.ESP_1983b	Paired	Arabidopsis
123	95	30.ESP_1983b	Paired	Arabidopsis
124	96	30.ESP_1983b	Paired	Arabidopsis
125	115	30.ESP_1983b	Paired	Arabidopsis
126	145	30.ESP_1983b	Paired	Arabidopsis
127	170	30.ESP_1983b	Paired	Arabidopsis
128	238	30.ESP_1983b	Paired	Arabidopsis
129	245	30.ESP_1983b	Paired	Arabidopsis
130	268	30.ESP_1983b	Paired	Arabidopsis
131	282	30.ESP_1983b	Paired	Arabidopsis
132	271	30.ESP_1983b	Paired	Arabidopsis
133	306	30.ESP_1983b	Paired	Arabidopsis
134	287	30.ESP_1983b	Paired	Arabidopsis
135	306	30.ESP_1983b	Paired	Arabidopsis
136	374	30.ESP_1983b	Paired	Arabidopsis
137	377	30.ESP_1983b	Paired	Arabidopsis
138	460	30.ESP_1983b	Paired	Arabidopsis
139	695	30.ESP_1983b	Paired	Arabidopsis
140	6170	30.ESP_1983b	Paired	Arabidopsis
141	6305	30.ESP_1983b	Paired	Arabidopsis
142	6376	30.ESP_1983b	Paired	Arabidopsis
143	6234	30.ESP_1983b	Paired	Arabidopsis
144	6023	30.ESP_1983b	Paired	Arabidopsis
145	6021	30.ESP_1983b	Paired	Arabidopsis
146	5955	30.ESP_1983b	Paired	Arabidopsis
147	5754	30.ESP_1983b	Paired	Arabidopsis
148	5758	30.ESP_1983b	Paired	Arabidopsis
149	5687	30.ESP_1983b	Paired	Arabidopsis
150	5527	30.ESP_1983b	Paired	Arabidopsis
151	5404	30.ESP_1983b	Paired	Arabidopsis
152	5471	30.ESP_1983b	Paired	Arabidopsis
153	5333	30.ESP_1983b	Paired	Arabidopsis
154	5174	30.ESP_1983b	Paired	Arabidopsis
155	5161	30.ESP_1983b	Paired	Arabidopsis
156	5137	30.ESP_1983b	Paired	Arabidopsis
157	4945	30.ESP_1983b	Paired	Arabidopsis
158	4835	30.ESP_1983b	Paired	Arabidopsis
159	4741	30.ESP_1983b	Paired	Arabidopsis
160	4682	30.ESP_1983b	Paired	Arabidopsis
161	4454	30.ESP_1983b	Paired	Arabidopsis
162	4519	30.ESP_1983b	Paired	Arabidopsis
163	4245	30.ESP_1983b	Paired	Arabidopsis
164	4453	30.ESP_1983b	Paired	Arabidopsis
165	4339	30.ESP_1983b	Paired	Arabidopsis
166	4128	30.ESP_1983b	Paired	Arabidopsis
167	4080	30.ESP_1983b	Paired	Arabidopsis
168	4013	30.ESP_1983b	Paired	Arabidopsis
169	3894	30.ESP_1983b	Paired	Arabidopsis
170	3781	30.ESP_1983b	Paired	Arabidopsis
171	3874	30.ESP_1983b	Paired	Arabidopsis
172	3795	30.ESP_1983b	Paired	Arabidopsis
173	3587	30.ESP_1983b	Paired	Arabidopsis
174	3642	30.ESP_1983b	Paired	Arabidopsis
175	3472	30.ESP_1983b	Paired	Arabidopsis
176	3464	30.ESP_1983b	Paired	Arabidopsis
177	3338	30.ESP_1983b	Paired	Arabidopsis
178	3352	30.ESP_1983b	Paired	Arabidopsis
179	3332	30.ESP_1983b	Paired	Arabidopsis
180	3251	30.ESP_1983b	Paired	Arabidopsis
181	3128	30.ESP_1983b	Paired	Arabidopsis
182	2997	30.ESP_1983b	Paired	Arabidopsis
183	3029	30.ESP_1983b	Paired	Arabidopsis
184	2904	30.ESP_1983b	Paired	Arabidopsis
185	2927	30.ESP_1983b	Paired	Arabidopsis
186	2715	30.ESP_1983b	Paired	Arabidopsis
187	2815	30.ESP_1983b	Paired	Arabidopsis
188	2661	30.ESP_1983b	Paired	Arabidopsis
189	2687	30.ESP_1983b	Paired	Arabidopsis
190	2721	30.ESP_1983b	Paired	Arabidopsis
191	2595	30.ESP_1983b	Paired	Arabidopsis
192	2538	30.ESP_1983b	Paired	Arabidopsis
193	2464	30.ESP_1983b	Paired	Arabidopsis
194	2457	30.ESP_1983b	Paired	Arabidopsis
195	2356	30.ESP_1983b	Paired	Arabidopsis
196	2339	30.ESP_1983b	Paired	Arabidopsis
197	2332	30.ESP_1983b	Paired	Arabidopsis
198	2258	30.ESP_1983b	Paired	Arabidopsis
199	2237	30.ESP_1983b	Paired	Arabidopsis
200	2151	30.ESP_1983b	Paired	Arabidopsis
201	2205	30.ESP_1983b	Paired	Arabidopsis
202	2205	30.ESP_1983b	Paired	Arabidopsis
203	2064	30.ESP_1983b	Paired	Arabidopsis
204	1959	30.ESP_1983b	Paired	Arabidopsis
205	2021	30.ESP_1983b	Paired	Arabidopsis
206	1892	30.ESP_1983b	Paired	Arabidopsis
207	1959	30.ESP_1983b	Paired	Arabidopsis
208	1911	30.ESP_1983b	Paired	Arabidopsis
209	1820	30.ESP_1983b	Paired	Arabidopsis
210	1755	30.ESP_1983b	Paired	Arabidopsis
211	1742	30.ESP_1983b	Paired	Arabidopsis
212	1674	30.ESP_1983b	Paired	Arabidopsis
213	1651	30.ESP_1983b	Paired	Arabidopsis
214	1605	30.ESP_1983b	Paired	Arabidopsis
215	1619	30.ESP_1983b	Paired	Arabidopsis
216	1593	30.ESP_1983b	Paired	Arabidopsis
217	1585	30.ESP_1983b	Paired	Arabidopsis
218	1542	30.ESP_1983b	Paired	Arabidopsis
219	1461	30.ESP_1983b	Paired	Arabidopsis
220	1457	30.ESP_1983b	Paired	Arabidopsis
221	1392	30.ESP_1983b	Paired	Arabidopsis
222	1424	30.ESP_1983b	Paired	Arabidopsis
223	1329	30.ESP_1983b	Paired	Arabidopsis
224	1364	30.ESP_1983b	Paired	Arabidopsis
225	1306	30.ESP_1983b	Paired	Arabidopsis
226	1247	30.ESP_1983b	Paired	Arabidopsis
227	1325	30.ESP_1983b	Paired	Arabidopsis
228	1273	30.ESP_1983b	Paired	Arabidopsis
229	1227	30.ESP_1983b	Paired	Arabidopsis
230	1173	30.ESP_1983b	Paired	Arabidopsis
231	1261	30.ESP_1983b	Paired	Arabidopsis
232	1172	30.ESP_1983b	Paired	Arabidopsis
233	1141	30.ESP_1983b	Paired	Arabidopsis
234	1053	30.ESP_1983b	Paired	Arabidopsis
235	1041	30.ESP_1983b	Paired	Arabidopsis
236	1051	30.ESP_1983b	Paired	Arabidopsis
237	1066	30.ESP_1983b	Paired	Arabidopsis
238	1079	30.ESP_1983b	Paired	Arabidopsis
239	947	30.ESP_1983b	Paired	Arabidopsis
240	1013	30.ESP_1983b	Paired	Arabidopsis
241	1002	30.ESP_1983b	Paired	Arabidopsis
242	948	30.ESP_1983b	Paired	Arabidopsis
243	919	30.ESP_1983b	Paired	Arabidopsis
244	927	30.ESP_1983b	Paired	Arabidopsis
245	828	30.ESP_1983b	Paired	Arabidopsis
246	870	30.ESP_1983b	Paired	Arabidopsis
247	838	30.ESP_1983b	Paired	Arabidopsis
248	842	30.ESP_1983b	Paired	Arabidopsis
249	788	30.ESP_1983b	Paired	Arabidopsis
250	815	30.ESP_1983b	Paired	Arabidopsis
251	823	30.ESP_1983b	Paired	Arabidopsis
252	766	30.ESP_1983b	Paired	Arabidopsis
253	744	30.ESP_1983b	Paired	Arabidopsis
254	706	30.ESP_1983b	Paired	Arabidopsis
255	742	30.ESP_1983b	Paired	Arabidopsis
256	734	30.ESP_1983b	Paired	Arabidopsis
257	753	30.ESP_1983b	Paired	Arabidopsis
258	700	30.ESP_1983b	Paired	Arabidopsis
259	675	30.ESP_1983b	Paired	Arabidopsis
260	653	30.ESP_1983b	Paired	Arabidopsis
261	638	30.ESP_1983b	Paired	Arabidopsis
262	598	30.ESP_1983b	Paired	Arabidopsis
263	622	30.ESP_1983b	Paired	Arabidopsis
264	625	30.ESP_1983b	Paired	Arabidopsis
265	640	30.ESP_1983b	Paired	Arabidopsis
266	571	30.ESP_1983b	Paired	Arabidopsis
267	564	30.ESP_1983b	Paired	Arabidopsis
268	569	30.ESP_1983b	Paired	Arabidopsis
269	582	30.ESP_1983b	Paired	Arabidopsis
270	525	30.ESP_1983b	Paired	Arabidopsis
271	540	30.ESP_1983b	Paired	Arabidopsis
272	515	30.ESP_1983b	Paired	Arabidopsis
273	491	30.ESP_1983b	Paired	Arabidopsis
274	550	30.ESP_1983b	Paired	Arabidopsis
275	511	30.ESP_1983b	Paired	Arabidopsis
276	533	30.ESP_1983b	Paired	Arabidopsis
277	488	30.ESP_1983b	Paired	Arabidopsis
278	461	30.ESP_1983b	Paired	Arabidopsis
279	532	30.ESP_1983b	Paired	Arabidopsis
280	476	30.ESP_1983b	Paired	Arabidopsis
281	460	30.ESP_1983b	Paired	Arabidopsis
282	449	30.ESP_1983b	Paired	Arabidopsis
283	433	30.ESP_1983b	Paired	Arabidopsis
284	439	30.ESP_1983b	Paired	Arabidopsis
285	419	30.ESP_1983b	Paired	Arabidopsis
286	410	30.ESP_1983b	Paired	Arabidopsis
287	425	30.ESP_1983b	Paired	Arabidopsis
288	415	30.ESP_1983b	Paired	Arabidopsis
289	427	30.ESP_1983b	Paired	Arabidopsis
290	389	30.ESP_1983b	Paired	Arabidopsis
291	378	30.ESP_1983b	Paired	Arabidopsis
292	387	30.ESP_1983b	Paired	Arabidopsis
293	408	30.ESP_1983b	Paired	Arabidopsis
294	369	30.ESP_1983b	Paired	Arabidopsis
295	342	30.ESP_1983b	Paired	Arabidopsis
296	336	30.ESP_1983b	Paired	Arabidopsis
297	311	30.ESP_1983b	Paired	Arabidopsis
298	341	30.ESP_1983b	Paired	Arabidopsis
299	312	30.ESP_1983b	Paired	Arabidopsis
300	347	30.ESP_1983b	Paired	Arabidopsis
301	308	30.ESP_1983b	Paired	Arabidopsis
302	311	30.ESP_1983b	Paired	Arabidopsis
303	281	30.ESP_1983b	Paired	Arabidopsis
304	315	30.ESP_1983b	Paired	Arabidopsis
305	264	30.ESP_1983b	Paired	Arabidopsis
306	285	30.ESP_1983b	Paired	Arabidopsis
307	279	30.ESP_1983b	Paired	Arabidopsis
308	236	30.ESP_1983b	Paired	Arabidopsis
309	274	30.ESP_1983b	Paired	Arabidopsis
310	266	30.ESP_1983b	Paired	Arabidopsis
311	271	30.ESP_1983b	Paired	Arabidopsis
312	261	30.ESP_1983b	Paired	Arabidopsis
313	292	30.ESP_1983b	Paired	Arabidopsis
314	251	30.ESP_1983b	Paired	Arabidopsis
315	237	30.ESP_1983b	Paired	Arabidopsis
316	232	30.ESP_1983b	Paired	Arabidopsis
317	241	30.ESP_1983b	Paired	Arabidopsis
318	240	30.ESP_1983b	Paired	Arabidopsis
319	238	30.ESP_1983b	Paired	Arabidopsis
320	223	30.ESP_1983b	Paired	Arabidopsis
321	237	30.ESP_1983b	Paired	Arabidopsis
322	208	30.ESP_1983b	Paired	Arabidopsis
323	217	30.ESP_1983b	Paired	Arabidopsis
324	203	30.ESP_1983b	Paired	Arabidopsis
325	190	30.ESP_1983b	Paired	Arabidopsis
326	198	30.ESP_1983b	Paired	Arabidopsis
327	191	30.ESP_1983b	Paired	Arabidopsis
328	197	30.ESP_1983b	Paired	Arabidopsis
329	165	30.ESP_1983b	Paired	Arabidopsis
330	208	30.ESP_1983b	Paired	Arabidopsis
331	207	30.ESP_1983b	Paired	Arabidopsis
332	175	30.ESP_1983b	Paired	Arabidopsis
333	212	30.ESP_1983b	Paired	Arabidopsis
334	212	30.ESP_1983b	Paired	Arabidopsis
335	172	30.ESP_1983b	Paired	Arabidopsis
336	178	30.ESP_1983b	Paired	Arabidopsis
337	173	30.ESP_1983b	Paired	Arabidopsis
338	152	30.ESP_1983b	Paired	Arabidopsis
339	169	30.ESP_1983b	Paired	Arabidopsis
340	162	30.ESP_1983b	Paired	Arabidopsis
341	122	30.ESP_1983b	Paired	Arabidopsis
342	152	30.ESP_1983b	Paired	Arabidopsis
343	121	30.ESP_1983b	Paired	Arabidopsis
344	111	30.ESP_1983b	Paired	Arabidopsis
345	138	30.ESP_1983b	Paired	Arabidopsis
346	138	30.ESP_1983b	Paired	Arabidopsis
347	142	30.ESP_1983b	Paired	Arabidopsis
348	122	30.ESP_1983b	Paired	Arabidopsis
349	115	30.ESP_1983b	Paired	Arabidopsis
350	127	30.ESP_1983b	Paired	Arabidopsis
351	117	30.ESP_1983b	Paired	Arabidopsis
352	125	30.ESP_1983b	Paired	Arabidopsis
353	144	30.ESP_1983b	Paired	Arabidopsis
354	144	30.ESP_1983b	Paired	Arabidopsis
355	123	30.ESP_1983b	Paired	Arabidopsis
356	119	30.ESP_1983b	Paired	Arabidopsis
357	110	30.ESP_1983b	Paired	Arabidopsis
358	116	30.ESP_1983b	Paired	Arabidopsis
359	104	30.ESP_1983b	Paired	Arabidopsis
360	90	30.ESP_1983b	Paired	Arabidopsis
361	101	30.ESP_1983b	Paired	Arabidopsis
362	79	30.ESP_1983b	Paired	Arabidopsis
363	88	30.ESP_1983b	Paired	Arabidopsis
364	96	30.ESP_1983b	Paired	Arabidopsis
365	94	30.ESP_1983b	Paired	Arabidopsis
366	79	30.ESP_1983b	Paired	Arabidopsis
367	99	30.ESP_1983b	Paired	Arabidopsis
368	87	30.ESP_1983b	Paired	Arabidopsis
369	80	30.ESP_1983b	Paired	Arabidopsis
370	68	30.ESP_1983b	Paired	Arabidopsis
371	91	30.ESP_1983b	Paired	Arabidopsis
372	71	30.ESP_1983b	Paired	Arabidopsis
373	74	30.ESP_1983b	Paired	Arabidopsis
374	74	30.ESP_1983b	Paired	Arabidopsis
375	79	30.ESP_1983b	Paired	Arabidopsis
376	57	30.ESP_1983b	Paired	Arabidopsis
377	74	30.ESP_1983b	Paired	Arabidopsis
378	59	30.ESP_1983b	Paired	Arabidopsis
379	62	30.ESP_1983b	Paired	Arabidopsis
380	61	30.ESP_1983b	Paired	Arabidopsis
381	55	30.ESP_1983b	Paired	Arabidopsis
382	56	30.ESP_1983b	Paired	Arabidopsis
383	67	30.ESP_1983b	Paired	Arabidopsis
384	49	30.ESP_1983b	Paired	Arabidopsis
385	70	30.ESP_1983b	Paired	Arabidopsis
386	54	30.ESP_1983b	Paired	Arabidopsis
387	51	30.ESP_1983b	Paired	Arabidopsis
388	63	30.ESP_1983b	Paired	Arabidopsis
389	66	30.ESP_1983b	Paired	Arabidopsis
390	46	30.ESP_1983b	Paired	Arabidopsis
391	57	30.ESP_1983b	Paired	Arabidopsis
392	57	30.ESP_1983b	Paired	Arabidopsis
393	48	30.ESP_1983b	Paired	Arabidopsis
394	45	30.ESP_1983b	Paired	Arabidopsis
395	36	30.ESP_1983b	Paired	Arabidopsis
396	39	30.ESP_1983b	Paired	Arabidopsis
397	37	30.ESP_1983b	Paired	Arabidopsis
398	43	30.ESP_1983b	Paired	Arabidopsis
399	37	30.ESP_1983b	Paired	Arabidopsis
400	43	30.ESP_1983b	Paired	Arabidopsis
401	48	30.ESP_1983b	Paired	Arabidopsis
402	35	30.ESP_1983b	Paired	Arabidopsis
403	47	30.ESP_1983b	Paired	Arabidopsis
404	38	30.ESP_1983b	Paired	Arabidopsis
405	43	30.ESP_1983b	Paired	Arabidopsis
406	41	30.ESP_1983b	Paired	Arabidopsis
407	34	30.ESP_1983b	Paired	Arabidopsis
408	41	30.ESP_1983b	Paired	Arabidopsis
409	42	30.ESP_1983b	Paired	Arabidopsis
410	33	30.ESP_1983b	Paired	Arabidopsis
411	37	30.ESP_1983b	Paired	Arabidopsis
412	34	30.ESP_1983b	Paired	Arabidopsis
413	36	30.ESP_1983b	Paired	Arabidopsis
414	26	30.ESP_1983b	Paired	Arabidopsis
415	31	30.ESP_1983b	Paired	Arabidopsis
416	26	30.ESP_1983b	Paired	Arabidopsis
417	24	30.ESP_1983b	Paired	Arabidopsis
418	32	30.ESP_1983b	Paired	Arabidopsis
419	26	30.ESP_1983b	Paired	Arabidopsis
420	33	30.ESP_1983b	Paired	Arabidopsis
421	34	30.ESP_1983b	Paired	Arabidopsis
422	35	30.ESP_1983b	Paired	Arabidopsis
423	25	30.ESP_1983b	Paired	Arabidopsis
424	31	30.ESP_1983b	Paired	Arabidopsis
425	26	30.ESP_1983b	Paired	Arabidopsis
426	28	30.ESP_1983b	Paired	Arabidopsis
427	18	30.ESP_1983b	Paired	Arabidopsis
428	29	30.ESP_1983b	Paired	Arabidopsis
429	24	30.ESP_1983b	Paired	Arabidopsis
430	21	30.ESP_1983b	Paired	Arabidopsis
431	19	30.ESP_1983b	Paired	Arabidopsis
432	20	30.ESP_1983b	Paired	Arabidopsis
433	20	30.ESP_1983b	Paired	Arabidopsis
434	16	30.ESP_1983b	Paired	Arabidopsis
435	17	30.ESP_1983b	Paired	Arabidopsis
436	19	30.ESP_1983b	Paired	Arabidopsis
437	17	30.ESP_1983b	Paired	Arabidopsis
438	19	30.ESP_1983b	Paired	Arabidopsis
439	13	30.ESP_1983b	Paired	Arabidopsis
440	12	30.ESP_1983b	Paired	Arabidopsis
441	4	30.ESP_1983b	Paired	Arabidopsis
442	12	30.ESP_1983b	Paired	Arabidopsis
443	13	30.ESP_1983b	Paired	Arabidopsis
444	12	30.ESP_1983b	Paired	Arabidopsis
445	4	30.ESP_1983b	Paired	Arabidopsis
446	11	30.ESP_1983b	Paired	Arabidopsis
447	9	30.ESP_1983b	Paired	Arabidopsis
448	1	30.ESP_1983b	Paired	Arabidopsis
449	9	30.ESP_1983b	Paired	Arabidopsis
450	9	30.ESP_1983b	Paired	Arabidopsis
451	13	30.ESP_1983b	Paired	Arabidopsis
452	10	30.ESP_1983b	Paired	Arabidopsis
453	4	30.ESP_1983b	Paired	Arabidopsis
454	4	30.ESP_1983b	Paired	Arabidopsis
455	10	30.ESP_1983b	Paired	Arabidopsis
456	10	30.ESP_1983b	Paired	Arabidopsis
457	6	30.ESP_1983b	Paired	Arabidopsis
458	6	30.ESP_1983b	Paired	Arabidopsis
459	6	30.ESP_1983b	Paired	Arabidopsis
460	9	30.ESP_1983b	Paired	Arabidopsis
461	3	30.ESP_1983b	Paired	Arabidopsis
462	3	30.ESP_1983b	Paired	Arabidopsis
463	8	30.ESP_1983b	Paired	Arabidopsis
464	4	30.ESP_1983b	Paired	Arabidopsis
465	10	30.ESP_1983b	Paired	Arabidopsis
466	5	30.ESP_1983b	Paired	Arabidopsis
467	7	30.ESP_1983b	Paired	Arabidopsis
468	3	30.ESP_1983b	Paired	Arabidopsis
469	6	30.ESP_1983b	Paired	Arabidopsis
470	2	30.ESP_1983b	Paired	Arabidopsis
471	2	30.ESP_1983b	Paired	Arabidopsis
472	2	30.ESP_1983b	Paired	Arabidopsis
473	1	30.ESP_1983b	Paired	Arabidopsis
477	1	30.ESP_1983b	Paired	Arabidopsis
478	1	30.ESP_1983b	Paired	Arabidopsis
18	6	30.ESP_1983b	Collapsed	Pseudomonas
19	11	30.ESP_1983b	Collapsed	Pseudomonas
20	18	30.ESP_1983b	Collapsed	Pseudomonas
21	9	30.ESP_1983b	Collapsed	Pseudomonas
22	7	30.ESP_1983b	Collapsed	Pseudomonas
23	4	30.ESP_1983b	Collapsed	Pseudomonas
24	7	30.ESP_1983b	Collapsed	Pseudomonas
25	1	30.ESP_1983b	Collapsed	Pseudomonas
26	3	30.ESP_1983b	Collapsed	Pseudomonas
27	6	30.ESP_1983b	Collapsed	Pseudomonas
28	3	30.ESP_1983b	Collapsed	Pseudomonas
29	3	30.ESP_1983b	Collapsed	Pseudomonas
30	6	30.ESP_1983b	Collapsed	Pseudomonas
31	4	30.ESP_1983b	Collapsed	Pseudomonas
32	7	30.ESP_1983b	Collapsed	Pseudomonas
33	5	30.ESP_1983b	Collapsed	Pseudomonas
34	4	30.ESP_1983b	Collapsed	Pseudomonas
35	6	30.ESP_1983b	Collapsed	Pseudomonas
36	8	30.ESP_1983b	Collapsed	Pseudomonas
37	8	30.ESP_1983b	Collapsed	Pseudomonas
38	7	30.ESP_1983b	Collapsed	Pseudomonas
39	11	30.ESP_1983b	Collapsed	Pseudomonas
40	11	30.ESP_1983b	Collapsed	Pseudomonas
41	10	30.ESP_1983b	Collapsed	Pseudomonas
42	15	30.ESP_1983b	Collapsed	Pseudomonas
43	13	30.ESP_1983b	Collapsed	Pseudomonas
44	18	30.ESP_1983b	Collapsed	Pseudomonas
45	19	30.ESP_1983b	Collapsed	Pseudomonas
46	18	30.ESP_1983b	Collapsed	Pseudomonas
47	18	30.ESP_1983b	Collapsed	Pseudomonas
48	16	30.ESP_1983b	Collapsed	Pseudomonas
49	24	30.ESP_1983b	Collapsed	Pseudomonas
50	28	30.ESP_1983b	Collapsed	Pseudomonas
51	24	30.ESP_1983b	Collapsed	Pseudomonas
52	24	30.ESP_1983b	Collapsed	Pseudomonas
53	31	30.ESP_1983b	Collapsed	Pseudomonas
54	32	30.ESP_1983b	Collapsed	Pseudomonas
55	29	30.ESP_1983b	Collapsed	Pseudomonas
56	28	30.ESP_1983b	Collapsed	Pseudomonas
57	36	30.ESP_1983b	Collapsed	Pseudomonas
58	48	30.ESP_1983b	Collapsed	Pseudomonas
59	41	30.ESP_1983b	Collapsed	Pseudomonas
60	37	30.ESP_1983b	Collapsed	Pseudomonas
61	58	30.ESP_1983b	Collapsed	Pseudomonas
62	50	30.ESP_1983b	Collapsed	Pseudomonas
63	57	30.ESP_1983b	Collapsed	Pseudomonas
64	60	30.ESP_1983b	Collapsed	Pseudomonas
65	72	30.ESP_1983b	Collapsed	Pseudomonas
66	66	30.ESP_1983b	Collapsed	Pseudomonas
67	70	30.ESP_1983b	Collapsed	Pseudomonas
68	59	30.ESP_1983b	Collapsed	Pseudomonas
69	88	30.ESP_1983b	Collapsed	Pseudomonas
70	78	30.ESP_1983b	Collapsed	Pseudomonas
71	79	30.ESP_1983b	Collapsed	Pseudomonas
72	108	30.ESP_1983b	Collapsed	Pseudomonas
73	100	30.ESP_1983b	Collapsed	Pseudomonas
74	119	30.ESP_1983b	Collapsed	Pseudomonas
75	130	30.ESP_1983b	Collapsed	Pseudomonas
76	129	30.ESP_1983b	Collapsed	Pseudomonas
77	115	30.ESP_1983b	Collapsed	Pseudomonas
78	137	30.ESP_1983b	Collapsed	Pseudomonas
79	138	30.ESP_1983b	Collapsed	Pseudomonas
80	146	30.ESP_1983b	Collapsed	Pseudomonas
81	141	30.ESP_1983b	Collapsed	Pseudomonas
82	144	30.ESP_1983b	Collapsed	Pseudomonas
83	149	30.ESP_1983b	Collapsed	Pseudomonas
84	154	30.ESP_1983b	Collapsed	Pseudomonas
85	192	30.ESP_1983b	Collapsed	Pseudomonas
86	170	30.ESP_1983b	Collapsed	Pseudomonas
87	213	30.ESP_1983b	Collapsed	Pseudomonas
88	208	30.ESP_1983b	Collapsed	Pseudomonas
89	217	30.ESP_1983b	Collapsed	Pseudomonas
90	249	30.ESP_1983b	Collapsed	Pseudomonas
91	227	30.ESP_1983b	Collapsed	Pseudomonas
92	238	30.ESP_1983b	Collapsed	Pseudomonas
93	277	30.ESP_1983b	Collapsed	Pseudomonas
94	264	30.ESP_1983b	Collapsed	Pseudomonas
95	279	30.ESP_1983b	Collapsed	Pseudomonas
96	342	30.ESP_1983b	Collapsed	Pseudomonas
97	323	30.ESP_1983b	Collapsed	Pseudomonas
98	323	30.ESP_1983b	Collapsed	Pseudomonas
99	332	30.ESP_1983b	Collapsed	Pseudomonas
100	327	30.ESP_1983b	Collapsed	Pseudomonas
101	336	30.ESP_1983b	Collapsed	Pseudomonas
102	365	30.ESP_1983b	Collapsed	Pseudomonas
103	385	30.ESP_1983b	Collapsed	Pseudomonas
104	449	30.ESP_1983b	Collapsed	Pseudomonas
105	391	30.ESP_1983b	Collapsed	Pseudomonas
106	435	30.ESP_1983b	Collapsed	Pseudomonas
107	431	30.ESP_1983b	Collapsed	Pseudomonas
108	421	30.ESP_1983b	Collapsed	Pseudomonas
109	426	30.ESP_1983b	Collapsed	Pseudomonas
110	466	30.ESP_1983b	Collapsed	Pseudomonas
111	478	30.ESP_1983b	Collapsed	Pseudomonas
112	417	30.ESP_1983b	Collapsed	Pseudomonas
113	451	30.ESP_1983b	Collapsed	Pseudomonas
114	438	30.ESP_1983b	Collapsed	Pseudomonas
115	489	30.ESP_1983b	Collapsed	Pseudomonas
116	499	30.ESP_1983b	Collapsed	Pseudomonas
117	480	30.ESP_1983b	Collapsed	Pseudomonas
118	496	30.ESP_1983b	Collapsed	Pseudomonas
119	480	30.ESP_1983b	Collapsed	Pseudomonas
120	492	30.ESP_1983b	Collapsed	Pseudomonas
121	511	30.ESP_1983b	Collapsed	Pseudomonas
122	514	30.ESP_1983b	Collapsed	Pseudomonas
123	499	30.ESP_1983b	Collapsed	Pseudomonas
124	532	30.ESP_1983b	Collapsed	Pseudomonas
125	532	30.ESP_1983b	Collapsed	Pseudomonas
126	534	30.ESP_1983b	Collapsed	Pseudomonas
127	538	30.ESP_1983b	Collapsed	Pseudomonas
128	557	30.ESP_1983b	Collapsed	Pseudomonas
129	536	30.ESP_1983b	Collapsed	Pseudomonas
130	565	30.ESP_1983b	Collapsed	Pseudomonas
131	551	30.ESP_1983b	Collapsed	Pseudomonas
132	614	30.ESP_1983b	Collapsed	Pseudomonas
133	593	30.ESP_1983b	Collapsed	Pseudomonas
134	559	30.ESP_1983b	Collapsed	Pseudomonas
135	532	30.ESP_1983b	Collapsed	Pseudomonas
136	518	30.ESP_1983b	Collapsed	Pseudomonas
137	545	30.ESP_1983b	Collapsed	Pseudomonas
138	570	30.ESP_1983b	Collapsed	Pseudomonas
139	526	30.ESP_1983b	Collapsed	Pseudomonas
91	1	30.ESP_1983b	Paired	Pseudomonas
97	1	30.ESP_1983b	Paired	Pseudomonas
98	3	30.ESP_1983b	Paired	Pseudomonas
99	1	30.ESP_1983b	Paired	Pseudomonas
100	2	30.ESP_1983b	Paired	Pseudomonas
101	1	30.ESP_1983b	Paired	Pseudomonas
103	1	30.ESP_1983b	Paired	Pseudomonas
104	3	30.ESP_1983b	Paired	Pseudomonas
105	3	30.ESP_1983b	Paired	Pseudomonas
106	6	30.ESP_1983b	Paired	Pseudomonas
107	1	30.ESP_1983b	Paired	Pseudomonas
108	4	30.ESP_1983b	Paired	Pseudomonas
109	6	30.ESP_1983b	Paired	Pseudomonas
110	3	30.ESP_1983b	Paired	Pseudomonas
111	5	30.ESP_1983b	Paired	Pseudomonas
112	9	30.ESP_1983b	Paired	Pseudomonas
113	3	30.ESP_1983b	Paired	Pseudomonas
114	5	30.ESP_1983b	Paired	Pseudomonas
115	5	30.ESP_1983b	Paired	Pseudomonas
116	3	30.ESP_1983b	Paired	Pseudomonas
117	4	30.ESP_1983b	Paired	Pseudomonas
118	4	30.ESP_1983b	Paired	Pseudomonas
119	4	30.ESP_1983b	Paired	Pseudomonas
120	11	30.ESP_1983b	Paired	Pseudomonas
121	9	30.ESP_1983b	Paired	Pseudomonas
122	8	30.ESP_1983b	Paired	Pseudomonas
123	11	30.ESP_1983b	Paired	Pseudomonas
124	3	30.ESP_1983b	Paired	Pseudomonas
125	12	30.ESP_1983b	Paired	Pseudomonas
126	10	30.ESP_1983b	Paired	Pseudomonas
127	12	30.ESP_1983b	Paired	Pseudomonas
128	23	30.ESP_1983b	Paired	Pseudomonas
129	20	30.ESP_1983b	Paired	Pseudomonas
130	30	30.ESP_1983b	Paired	Pseudomonas
131	32	30.ESP_1983b	Paired	Pseudomonas
132	31	30.ESP_1983b	Paired	Pseudomonas
133	19	30.ESP_1983b	Paired	Pseudomonas
134	23	30.ESP_1983b	Paired	Pseudomonas
135	25	30.ESP_1983b	Paired	Pseudomonas
136	28	30.ESP_1983b	Paired	Pseudomonas
137	35	30.ESP_1983b	Paired	Pseudomonas
138	38	30.ESP_1983b	Paired	Pseudomonas
139	64	30.ESP_1983b	Paired	Pseudomonas
140	603	30.ESP_1983b	Paired	Pseudomonas
141	640	30.ESP_1983b	Paired	Pseudomonas
142	620	30.ESP_1983b	Paired	Pseudomonas
143	621	30.ESP_1983b	Paired	Pseudomonas
144	623	30.ESP_1983b	Paired	Pseudomonas
145	577	30.ESP_1983b	Paired	Pseudomonas
146	571	30.ESP_1983b	Paired	Pseudomonas
147	584	30.ESP_1983b	Paired	Pseudomonas
148	588	30.ESP_1983b	Paired	Pseudomonas
149	540	30.ESP_1983b	Paired	Pseudomonas
150	541	30.ESP_1983b	Paired	Pseudomonas
151	551	30.ESP_1983b	Paired	Pseudomonas
152	541	30.ESP_1983b	Paired	Pseudomonas
153	553	30.ESP_1983b	Paired	Pseudomonas
154	515	30.ESP_1983b	Paired	Pseudomonas
155	533	30.ESP_1983b	Paired	Pseudomonas
156	515	30.ESP_1983b	Paired	Pseudomonas
157	537	30.ESP_1983b	Paired	Pseudomonas
158	524	30.ESP_1983b	Paired	Pseudomonas
159	542	30.ESP_1983b	Paired	Pseudomonas
160	514	30.ESP_1983b	Paired	Pseudomonas
161	487	30.ESP_1983b	Paired	Pseudomonas
162	497	30.ESP_1983b	Paired	Pseudomonas
163	467	30.ESP_1983b	Paired	Pseudomonas
164	465	30.ESP_1983b	Paired	Pseudomonas
165	426	30.ESP_1983b	Paired	Pseudomonas
166	472	30.ESP_1983b	Paired	Pseudomonas
167	450	30.ESP_1983b	Paired	Pseudomonas
168	448	30.ESP_1983b	Paired	Pseudomonas
169	465	30.ESP_1983b	Paired	Pseudomonas
170	451	30.ESP_1983b	Paired	Pseudomonas
171	445	30.ESP_1983b	Paired	Pseudomonas
172	437	30.ESP_1983b	Paired	Pseudomonas
173	465	30.ESP_1983b	Paired	Pseudomonas
174	404	30.ESP_1983b	Paired	Pseudomonas
175	419	30.ESP_1983b	Paired	Pseudomonas
176	438	30.ESP_1983b	Paired	Pseudomonas
177	394	30.ESP_1983b	Paired	Pseudomonas
178	422	30.ESP_1983b	Paired	Pseudomonas
179	406	30.ESP_1983b	Paired	Pseudomonas
180	416	30.ESP_1983b	Paired	Pseudomonas
181	378	30.ESP_1983b	Paired	Pseudomonas
182	405	30.ESP_1983b	Paired	Pseudomonas
183	373	30.ESP_1983b	Paired	Pseudomonas
184	367	30.ESP_1983b	Paired	Pseudomonas
185	385	30.ESP_1983b	Paired	Pseudomonas
186	377	30.ESP_1983b	Paired	Pseudomonas
187	338	30.ESP_1983b	Paired	Pseudomonas
188	364	30.ESP_1983b	Paired	Pseudomonas
189	354	30.ESP_1983b	Paired	Pseudomonas
190	329	30.ESP_1983b	Paired	Pseudomonas
191	365	30.ESP_1983b	Paired	Pseudomonas
192	305	30.ESP_1983b	Paired	Pseudomonas
193	330	30.ESP_1983b	Paired	Pseudomonas
194	327	30.ESP_1983b	Paired	Pseudomonas
195	311	30.ESP_1983b	Paired	Pseudomonas
196	345	30.ESP_1983b	Paired	Pseudomonas
197	334	30.ESP_1983b	Paired	Pseudomonas
198	296	30.ESP_1983b	Paired	Pseudomonas
199	333	30.ESP_1983b	Paired	Pseudomonas
200	288	30.ESP_1983b	Paired	Pseudomonas
201	294	30.ESP_1983b	Paired	Pseudomonas
202	303	30.ESP_1983b	Paired	Pseudomonas
203	317	30.ESP_1983b	Paired	Pseudomonas
204	268	30.ESP_1983b	Paired	Pseudomonas
205	291	30.ESP_1983b	Paired	Pseudomonas
206	256	30.ESP_1983b	Paired	Pseudomonas
207	264	30.ESP_1983b	Paired	Pseudomonas
208	283	30.ESP_1983b	Paired	Pseudomonas
209	282	30.ESP_1983b	Paired	Pseudomonas
210	280	30.ESP_1983b	Paired	Pseudomonas
211	230	30.ESP_1983b	Paired	Pseudomonas
212	243	30.ESP_1983b	Paired	Pseudomonas
213	268	30.ESP_1983b	Paired	Pseudomonas
214	244	30.ESP_1983b	Paired	Pseudomonas
215	238	30.ESP_1983b	Paired	Pseudomonas
216	234	30.ESP_1983b	Paired	Pseudomonas
217	251	30.ESP_1983b	Paired	Pseudomonas
218	239	30.ESP_1983b	Paired	Pseudomonas
219	221	30.ESP_1983b	Paired	Pseudomonas
220	212	30.ESP_1983b	Paired	Pseudomonas
221	237	30.ESP_1983b	Paired	Pseudomonas
222	224	30.ESP_1983b	Paired	Pseudomonas
223	219	30.ESP_1983b	Paired	Pseudomonas
224	252	30.ESP_1983b	Paired	Pseudomonas
225	227	30.ESP_1983b	Paired	Pseudomonas
226	222	30.ESP_1983b	Paired	Pseudomonas
227	241	30.ESP_1983b	Paired	Pseudomonas
228	184	30.ESP_1983b	Paired	Pseudomonas
229	182	30.ESP_1983b	Paired	Pseudomonas
230	208	30.ESP_1983b	Paired	Pseudomonas
231	158	30.ESP_1983b	Paired	Pseudomonas
232	196	30.ESP_1983b	Paired	Pseudomonas
233	204	30.ESP_1983b	Paired	Pseudomonas
234	204	30.ESP_1983b	Paired	Pseudomonas
235	190	30.ESP_1983b	Paired	Pseudomonas
236	191	30.ESP_1983b	Paired	Pseudomonas
237	172	30.ESP_1983b	Paired	Pseudomonas
238	187	30.ESP_1983b	Paired	Pseudomonas
239	172	30.ESP_1983b	Paired	Pseudomonas
240	168	30.ESP_1983b	Paired	Pseudomonas
241	160	30.ESP_1983b	Paired	Pseudomonas
242	156	30.ESP_1983b	Paired	Pseudomonas
243	186	30.ESP_1983b	Paired	Pseudomonas
244	162	30.ESP_1983b	Paired	Pseudomonas
245	187	30.ESP_1983b	Paired	Pseudomonas
246	160	30.ESP_1983b	Paired	Pseudomonas
247	155	30.ESP_1983b	Paired	Pseudomonas
248	150	30.ESP_1983b	Paired	Pseudomonas
249	147	30.ESP_1983b	Paired	Pseudomonas
250	159	30.ESP_1983b	Paired	Pseudomonas
251	145	30.ESP_1983b	Paired	Pseudomonas
252	138	30.ESP_1983b	Paired	Pseudomonas
253	148	30.ESP_1983b	Paired	Pseudomonas
254	160	30.ESP_1983b	Paired	Pseudomonas
255	149	30.ESP_1983b	Paired	Pseudomonas
256	133	30.ESP_1983b	Paired	Pseudomonas
257	135	30.ESP_1983b	Paired	Pseudomonas
258	151	30.ESP_1983b	Paired	Pseudomonas
259	139	30.ESP_1983b	Paired	Pseudomonas
260	154	30.ESP_1983b	Paired	Pseudomonas
261	136	30.ESP_1983b	Paired	Pseudomonas
262	126	30.ESP_1983b	Paired	Pseudomonas
263	132	30.ESP_1983b	Paired	Pseudomonas
264	118	30.ESP_1983b	Paired	Pseudomonas
265	129	30.ESP_1983b	Paired	Pseudomonas
266	132	30.ESP_1983b	Paired	Pseudomonas
267	122	30.ESP_1983b	Paired	Pseudomonas
268	142	30.ESP_1983b	Paired	Pseudomonas
269	122	30.ESP_1983b	Paired	Pseudomonas
270	119	30.ESP_1983b	Paired	Pseudomonas
271	129	30.ESP_1983b	Paired	Pseudomonas
272	115	30.ESP_1983b	Paired	Pseudomonas
273	118	30.ESP_1983b	Paired	Pseudomonas
274	127	30.ESP_1983b	Paired	Pseudomonas
275	112	30.ESP_1983b	Paired	Pseudomonas
276	129	30.ESP_1983b	Paired	Pseudomonas
277	102	30.ESP_1983b	Paired	Pseudomonas
278	100	30.ESP_1983b	Paired	Pseudomonas
279	106	30.ESP_1983b	Paired	Pseudomonas
280	128	30.ESP_1983b	Paired	Pseudomonas
281	124	30.ESP_1983b	Paired	Pseudomonas
282	101	30.ESP_1983b	Paired	Pseudomonas
283	103	30.ESP_1983b	Paired	Pseudomonas
284	110	30.ESP_1983b	Paired	Pseudomonas
285	89	30.ESP_1983b	Paired	Pseudomonas
286	78	30.ESP_1983b	Paired	Pseudomonas
287	80	30.ESP_1983b	Paired	Pseudomonas
288	94	30.ESP_1983b	Paired	Pseudomonas
289	93	30.ESP_1983b	Paired	Pseudomonas
290	84	30.ESP_1983b	Paired	Pseudomonas
291	85	30.ESP_1983b	Paired	Pseudomonas
292	72	30.ESP_1983b	Paired	Pseudomonas
293	76	30.ESP_1983b	Paired	Pseudomonas
294	87	30.ESP_1983b	Paired	Pseudomonas
295	88	30.ESP_1983b	Paired	Pseudomonas
296	83	30.ESP_1983b	Paired	Pseudomonas
297	72	30.ESP_1983b	Paired	Pseudomonas
298	78	30.ESP_1983b	Paired	Pseudomonas
299	83	30.ESP_1983b	Paired	Pseudomonas
300	68	30.ESP_1983b	Paired	Pseudomonas
301	88	30.ESP_1983b	Paired	Pseudomonas
302	92	30.ESP_1983b	Paired	Pseudomonas
303	89	30.ESP_1983b	Paired	Pseudomonas
304	79	30.ESP_1983b	Paired	Pseudomonas
305	79	30.ESP_1983b	Paired	Pseudomonas
306	70	30.ESP_1983b	Paired	Pseudomonas
307	82	30.ESP_1983b	Paired	Pseudomonas
308	61	30.ESP_1983b	Paired	Pseudomonas
309	78	30.ESP_1983b	Paired	Pseudomonas
310	57	30.ESP_1983b	Paired	Pseudomonas
311	79	30.ESP_1983b	Paired	Pseudomonas
312	85	30.ESP_1983b	Paired	Pseudomonas
313	81	30.ESP_1983b	Paired	Pseudomonas
314	76	30.ESP_1983b	Paired	Pseudomonas
315	53	30.ESP_1983b	Paired	Pseudomonas
316	67	30.ESP_1983b	Paired	Pseudomonas
317	65	30.ESP_1983b	Paired	Pseudomonas
318	53	30.ESP_1983b	Paired	Pseudomonas
319	65	30.ESP_1983b	Paired	Pseudomonas
320	53	30.ESP_1983b	Paired	Pseudomonas
321	66	30.ESP_1983b	Paired	Pseudomonas
322	59	30.ESP_1983b	Paired	Pseudomonas
323	62	30.ESP_1983b	Paired	Pseudomonas
324	58	30.ESP_1983b	Paired	Pseudomonas
325	61	30.ESP_1983b	Paired	Pseudomonas
326	50	30.ESP_1983b	Paired	Pseudomonas
327	67	30.ESP_1983b	Paired	Pseudomonas
328	48	30.ESP_1983b	Paired	Pseudomonas
329	62	30.ESP_1983b	Paired	Pseudomonas
330	54	30.ESP_1983b	Paired	Pseudomonas
331	56	30.ESP_1983b	Paired	Pseudomonas
332	71	30.ESP_1983b	Paired	Pseudomonas
333	45	30.ESP_1983b	Paired	Pseudomonas
334	62	30.ESP_1983b	Paired	Pseudomonas
335	49	30.ESP_1983b	Paired	Pseudomonas
336	46	30.ESP_1983b	Paired	Pseudomonas
337	40	30.ESP_1983b	Paired	Pseudomonas
338	62	30.ESP_1983b	Paired	Pseudomonas
339	48	30.ESP_1983b	Paired	Pseudomonas
340	51	30.ESP_1983b	Paired	Pseudomonas
341	50	30.ESP_1983b	Paired	Pseudomonas
342	57	30.ESP_1983b	Paired	Pseudomonas
343	47	30.ESP_1983b	Paired	Pseudomonas
344	51	30.ESP_1983b	Paired	Pseudomonas
345	52	30.ESP_1983b	Paired	Pseudomonas
346	58	30.ESP_1983b	Paired	Pseudomonas
347	46	30.ESP_1983b	Paired	Pseudomonas
348	44	30.ESP_1983b	Paired	Pseudomonas
349	45	30.ESP_1983b	Paired	Pseudomonas
350	42	30.ESP_1983b	Paired	Pseudomonas
351	35	30.ESP_1983b	Paired	Pseudomonas
352	50	30.ESP_1983b	Paired	Pseudomonas
353	42	30.ESP_1983b	Paired	Pseudomonas
354	35	30.ESP_1983b	Paired	Pseudomonas
355	53	30.ESP_1983b	Paired	Pseudomonas
356	32	30.ESP_1983b	Paired	Pseudomonas
357	53	30.ESP_1983b	Paired	Pseudomonas
358	45	30.ESP_1983b	Paired	Pseudomonas
359	36	30.ESP_1983b	Paired	Pseudomonas
360	39	30.ESP_1983b	Paired	Pseudomonas
361	28	30.ESP_1983b	Paired	Pseudomonas
362	37	30.ESP_1983b	Paired	Pseudomonas
363	36	30.ESP_1983b	Paired	Pseudomonas
364	40	30.ESP_1983b	Paired	Pseudomonas
365	36	30.ESP_1983b	Paired	Pseudomonas
366	34	30.ESP_1983b	Paired	Pseudomonas
367	35	30.ESP_1983b	Paired	Pseudomonas
368	29	30.ESP_1983b	Paired	Pseudomonas
369	37	30.ESP_1983b	Paired	Pseudomonas
370	34	30.ESP_1983b	Paired	Pseudomonas
371	47	30.ESP_1983b	Paired	Pseudomonas
372	27	30.ESP_1983b	Paired	Pseudomonas
373	34	30.ESP_1983b	Paired	Pseudomonas
374	25	30.ESP_1983b	Paired	Pseudomonas
375	28	30.ESP_1983b	Paired	Pseudomonas
376	30	30.ESP_1983b	Paired	Pseudomonas
377	25	30.ESP_1983b	Paired	Pseudomonas
378	35	30.ESP_1983b	Paired	Pseudomonas
379	28	30.ESP_1983b	Paired	Pseudomonas
380	32	30.ESP_1983b	Paired	Pseudomonas
381	33	30.ESP_1983b	Paired	Pseudomonas
382	20	30.ESP_1983b	Paired	Pseudomonas
383	39	30.ESP_1983b	Paired	Pseudomonas
384	25	30.ESP_1983b	Paired	Pseudomonas
385	24	30.ESP_1983b	Paired	Pseudomonas
386	35	30.ESP_1983b	Paired	Pseudomonas
387	31	30.ESP_1983b	Paired	Pseudomonas
388	26	30.ESP_1983b	Paired	Pseudomonas
389	23	30.ESP_1983b	Paired	Pseudomonas
390	21	30.ESP_1983b	Paired	Pseudomonas
391	23	30.ESP_1983b	Paired	Pseudomonas
392	22	30.ESP_1983b	Paired	Pseudomonas
393	25	30.ESP_1983b	Paired	Pseudomonas
394	16	30.ESP_1983b	Paired	Pseudomonas
395	18	30.ESP_1983b	Paired	Pseudomonas
396	17	30.ESP_1983b	Paired	Pseudomonas
397	32	30.ESP_1983b	Paired	Pseudomonas
398	26	30.ESP_1983b	Paired	Pseudomonas
399	22	30.ESP_1983b	Paired	Pseudomonas
400	21	30.ESP_1983b	Paired	Pseudomonas
401	19	30.ESP_1983b	Paired	Pseudomonas
402	20	30.ESP_1983b	Paired	Pseudomonas
403	21	30.ESP_1983b	Paired	Pseudomonas
404	24	30.ESP_1983b	Paired	Pseudomonas
405	20	30.ESP_1983b	Paired	Pseudomonas
406	27	30.ESP_1983b	Paired	Pseudomonas
407	25	30.ESP_1983b	Paired	Pseudomonas
408	17	30.ESP_1983b	Paired	Pseudomonas
409	20	30.ESP_1983b	Paired	Pseudomonas
410	24	30.ESP_1983b	Paired	Pseudomonas
411	19	30.ESP_1983b	Paired	Pseudomonas
412	26	30.ESP_1983b	Paired	Pseudomonas
413	15	30.ESP_1983b	Paired	Pseudomonas
414	7	30.ESP_1983b	Paired	Pseudomonas
415	16	30.ESP_1983b	Paired	Pseudomonas
416	18	30.ESP_1983b	Paired	Pseudomonas
417	24	30.ESP_1983b	Paired	Pseudomonas
418	20	30.ESP_1983b	Paired	Pseudomonas
419	17	30.ESP_1983b	Paired	Pseudomonas
420	19	30.ESP_1983b	Paired	Pseudomonas
421	17	30.ESP_1983b	Paired	Pseudomonas
422	16	30.ESP_1983b	Paired	Pseudomonas
423	25	30.ESP_1983b	Paired	Pseudomonas
424	17	30.ESP_1983b	Paired	Pseudomonas
425	17	30.ESP_1983b	Paired	Pseudomonas
426	16	30.ESP_1983b	Paired	Pseudomonas
427	22	30.ESP_1983b	Paired	Pseudomonas
428	16	30.ESP_1983b	Paired	Pseudomonas
429	18	30.ESP_1983b	Paired	Pseudomonas
430	14	30.ESP_1983b	Paired	Pseudomonas
431	19	30.ESP_1983b	Paired	Pseudomonas
432	19	30.ESP_1983b	Paired	Pseudomonas
433	23	30.ESP_1983b	Paired	Pseudomonas
434	15	30.ESP_1983b	Paired	Pseudomonas
435	22	30.ESP_1983b	Paired	Pseudomonas
436	9	30.ESP_1983b	Paired	Pseudomonas
437	16	30.ESP_1983b	Paired	Pseudomonas
438	12	30.ESP_1983b	Paired	Pseudomonas
439	9	30.ESP_1983b	Paired	Pseudomonas
440	10	30.ESP_1983b	Paired	Pseudomonas
441	9	30.ESP_1983b	Paired	Pseudomonas
442	7	30.ESP_1983b	Paired	Pseudomonas
443	9	30.ESP_1983b	Paired	Pseudomonas
444	8	30.ESP_1983b	Paired	Pseudomonas
445	7	30.ESP_1983b	Paired	Pseudomonas
446	10	30.ESP_1983b	Paired	Pseudomonas
447	15	30.ESP_1983b	Paired	Pseudomonas
448	7	30.ESP_1983b	Paired	Pseudomonas
449	16	30.ESP_1983b	Paired	Pseudomonas
450	11	30.ESP_1983b	Paired	Pseudomonas
451	7	30.ESP_1983b	Paired	Pseudomonas
452	7	30.ESP_1983b	Paired	Pseudomonas
453	10	30.ESP_1983b	Paired	Pseudomonas
454	7	30.ESP_1983b	Paired	Pseudomonas
455	11	30.ESP_1983b	Paired	Pseudomonas
456	13	30.ESP_1983b	Paired	Pseudomonas
457	6	30.ESP_1983b	Paired	Pseudomonas
458	6	30.ESP_1983b	Paired	Pseudomonas
459	13	30.ESP_1983b	Paired	Pseudomonas
460	8	30.ESP_1983b	Paired	Pseudomonas
461	7	30.ESP_1983b	Paired	Pseudomonas
462	10	30.ESP_1983b	Paired	Pseudomonas
463	9	30.ESP_1983b	Paired	Pseudomonas
464	6	30.ESP_1983b	Paired	Pseudomonas
465	8	30.ESP_1983b	Paired	Pseudomonas
466	5	30.ESP_1983b	Paired	Pseudomonas
467	10	30.ESP_1983b	Paired	Pseudomonas
468	8	30.ESP_1983b	Paired	Pseudomonas
469	8	30.ESP_1983b	Paired	Pseudomonas
470	6	30.ESP_1983b	Paired	Pseudomonas
471	6	30.ESP_1983b	Paired	Pseudomonas
472	2	30.ESP_1983b	Paired	Pseudomonas
473	7	30.ESP_1983b	Paired	Pseudomonas
474	5	30.ESP_1983b	Paired	Pseudomonas
475	3	30.ESP_1983b	Paired	Pseudomonas
476	5	30.ESP_1983b	Paired	Pseudomonas
477	4	30.ESP_1983b	Paired	Pseudomonas
478	2	30.ESP_1983b	Paired	Pseudomonas
479	4	30.ESP_1983b	Paired	Pseudomonas
480	5	30.ESP_1983b	Paired	Pseudomonas
481	6	30.ESP_1983b	Paired	Pseudomonas
482	3	30.ESP_1983b	Paired	Pseudomonas
483	2	30.ESP_1983b	Paired	Pseudomonas
484	8	30.ESP_1983b	Paired	Pseudomonas
485	3	30.ESP_1983b	Paired	Pseudomonas
486	5	30.ESP_1983b	Paired	Pseudomonas
487	1	30.ESP_1983b	Paired	Pseudomonas
488	8	30.ESP_1983b	Paired	Pseudomonas
489	3	30.ESP_1983b	Paired	Pseudomonas
490	6	30.ESP_1983b	Paired	Pseudomonas
491	4	30.ESP_1983b	Paired	Pseudomonas
492	2	30.ESP_1983b	Paired	Pseudomonas
493	3	30.ESP_1983b	Paired	Pseudomonas
494	4	30.ESP_1983b	Paired	Pseudomonas
495	5	30.ESP_1983b	Paired	Pseudomonas
496	4	30.ESP_1983b	Paired	Pseudomonas
497	5	30.ESP_1983b	Paired	Pseudomonas
498	2	30.ESP_1983b	Paired	Pseudomonas
499	6	30.ESP_1983b	Paired	Pseudomonas
500	7	30.ESP_1983b	Paired	Pseudomonas
501	8	30.ESP_1983b	Paired	Pseudomonas
502	3	30.ESP_1983b	Paired	Pseudomonas
503	4	30.ESP_1983b	Paired	Pseudomonas
504	5	30.ESP_1983b	Paired	Pseudomonas
505	2	30.ESP_1983b	Paired	Pseudomonas
506	5	30.ESP_1983b	Paired	Pseudomonas
507	3	30.ESP_1983b	Paired	Pseudomonas
508	5	30.ESP_1983b	Paired	Pseudomonas
509	1	30.ESP_1983b	Paired	Pseudomonas
510	1	30.ESP_1983b	Paired	Pseudomonas
511	6	30.ESP_1983b	Paired	Pseudomonas
512	6	30.ESP_1983b	Paired	Pseudomonas
513	3	30.ESP_1983b	Paired	Pseudomonas
514	2	30.ESP_1983b	Paired	Pseudomonas
515	2	30.ESP_1983b	Paired	Pseudomonas
516	2	30.ESP_1983b	Paired	Pseudomonas
517	1	30.ESP_1983b	Paired	Pseudomonas
518	3	30.ESP_1983b	Paired	Pseudomonas
519	1	30.ESP_1983b	Paired	Pseudomonas
520	1	30.ESP_1983b	Paired	Pseudomonas
521	2	30.ESP_1983b	Paired	Pseudomonas
522	5	30.ESP_1983b	Paired	Pseudomonas
523	3	30.ESP_1983b	Paired	Pseudomonas
524	1	30.ESP_1983b	Paired	Pseudomonas
525	5	30.ESP_1983b	Paired	Pseudomonas
526	3	30.ESP_1983b	Paired	Pseudomonas
527	1	30.ESP_1983b	Paired	Pseudomonas
528	2	30.ESP_1983b	Paired	Pseudomonas
529	3	30.ESP_1983b	Paired	Pseudomonas
530	1	30.ESP_1983b	Paired	Pseudomonas
531	1	30.ESP_1983b	Paired	Pseudomonas
532	1	30.ESP_1983b	Paired	Pseudomonas
533	1	30.ESP_1983b	Paired	Pseudomonas
534	2	30.ESP_1983b	Paired	Pseudomonas
535	2	30.ESP_1983b	Paired	Pseudomonas
536	3	30.ESP_1983b	Paired	Pseudomonas
537	1	30.ESP_1983b	Paired	Pseudomonas
538	2	30.ESP_1983b	Paired	Pseudomonas
539	3	30.ESP_1983b	Paired	Pseudomonas
542	2	30.ESP_1983b	Paired	Pseudomonas
543	1	30.ESP_1983b	Paired	Pseudomonas
544	2	30.ESP_1983b	Paired	Pseudomonas
545	3	30.ESP_1983b	Paired	Pseudomonas
546	2	30.ESP_1983b	Paired	Pseudomonas
547	2	30.ESP_1983b	Paired	Pseudomonas
550	3	30.ESP_1983b	Paired	Pseudomonas
551	1	30.ESP_1983b	Paired	Pseudomonas
552	1	30.ESP_1983b	Paired	Pseudomonas
555	1	30.ESP_1983b	Paired	Pseudomonas
556	1	30.ESP_1983b	Paired	Pseudomonas
557	2	30.ESP_1983b	Paired	Pseudomonas
559	2	30.ESP_1983b	Paired	Pseudomonas
560	1	30.ESP_1983b	Paired	Pseudomonas
562	2	30.ESP_1983b	Paired	Pseudomonas
565	1	30.ESP_1983b	Paired	Pseudomonas
566	1	30.ESP_1983b	Paired	Pseudomonas
567	1	30.ESP_1983b	Paired	Pseudomonas
568	2	30.ESP_1983b	Paired	Pseudomonas
570	2	30.ESP_1983b	Paired	Pseudomonas
571	1	30.ESP_1983b	Paired	Pseudomonas
573	1	30.ESP_1983b	Paired	Pseudomonas
574	1	30.ESP_1983b	Paired	Pseudomonas
577	1	30.ESP_1983b	Paired	Pseudomonas
578	1	30.ESP_1983b	Paired	Pseudomonas
580	1	30.ESP_1983b	Paired	Pseudomonas
583	1	30.ESP_1983b	Paired	Pseudomonas
589	1	30.ESP_1983b	Paired	Pseudomonas
613	1	30.ESP_1983b	Paired	Pseudomonas
620	1	30.ESP_1983b	Paired	Pseudomonas
629	1	30.ESP_1983b	Paired	Pseudomonas
15	75	120.RUS_1860	Collapsed	Arabidopsis
16	89	120.RUS_1860	Collapsed	Arabidopsis
17	760	120.RUS_1860	Collapsed	Arabidopsis
18	2022	120.RUS_1860	Collapsed	Arabidopsis
19	2411	120.RUS_1860	Collapsed	Arabidopsis
20	1884	120.RUS_1860	Collapsed	Arabidopsis
21	1330	120.RUS_1860	Collapsed	Arabidopsis
22	1043	120.RUS_1860	Collapsed	Arabidopsis
23	1089	120.RUS_1860	Collapsed	Arabidopsis
24	1376	120.RUS_1860	Collapsed	Arabidopsis
25	1714	120.RUS_1860	Collapsed	Arabidopsis
26	2104	120.RUS_1860	Collapsed	Arabidopsis
27	2652	120.RUS_1860	Collapsed	Arabidopsis
28	3140	120.RUS_1860	Collapsed	Arabidopsis
29	3508	120.RUS_1860	Collapsed	Arabidopsis
30	3715	120.RUS_1860	Collapsed	Arabidopsis
31	4143	120.RUS_1860	Collapsed	Arabidopsis
32	4279	120.RUS_1860	Collapsed	Arabidopsis
33	4474	120.RUS_1860	Collapsed	Arabidopsis
34	4670	120.RUS_1860	Collapsed	Arabidopsis
35	4689	120.RUS_1860	Collapsed	Arabidopsis
36	4905	120.RUS_1860	Collapsed	Arabidopsis
37	5045	120.RUS_1860	Collapsed	Arabidopsis
38	5225	120.RUS_1860	Collapsed	Arabidopsis
39	5193	120.RUS_1860	Collapsed	Arabidopsis
40	5192	120.RUS_1860	Collapsed	Arabidopsis
41	5081	120.RUS_1860	Collapsed	Arabidopsis
42	4859	120.RUS_1860	Collapsed	Arabidopsis
43	4945	120.RUS_1860	Collapsed	Arabidopsis
44	4863	120.RUS_1860	Collapsed	Arabidopsis
45	4789	120.RUS_1860	Collapsed	Arabidopsis
46	4585	120.RUS_1860	Collapsed	Arabidopsis
47	4652	120.RUS_1860	Collapsed	Arabidopsis
48	4478	120.RUS_1860	Collapsed	Arabidopsis
49	4296	120.RUS_1860	Collapsed	Arabidopsis
50	4353	120.RUS_1860	Collapsed	Arabidopsis
51	4332	120.RUS_1860	Collapsed	Arabidopsis
52	4055	120.RUS_1860	Collapsed	Arabidopsis
53	4012	120.RUS_1860	Collapsed	Arabidopsis
54	3987	120.RUS_1860	Collapsed	Arabidopsis
55	3862	120.RUS_1860	Collapsed	Arabidopsis
56	3766	120.RUS_1860	Collapsed	Arabidopsis
57	3759	120.RUS_1860	Collapsed	Arabidopsis
58	3618	120.RUS_1860	Collapsed	Arabidopsis
59	3567	120.RUS_1860	Collapsed	Arabidopsis
60	3594	120.RUS_1860	Collapsed	Arabidopsis
61	3473	120.RUS_1860	Collapsed	Arabidopsis
62	3425	120.RUS_1860	Collapsed	Arabidopsis
63	3324	120.RUS_1860	Collapsed	Arabidopsis
64	3376	120.RUS_1860	Collapsed	Arabidopsis
65	3293	120.RUS_1860	Collapsed	Arabidopsis
66	3151	120.RUS_1860	Collapsed	Arabidopsis
67	3334	120.RUS_1860	Collapsed	Arabidopsis
68	3187	120.RUS_1860	Collapsed	Arabidopsis
69	3322	120.RUS_1860	Collapsed	Arabidopsis
70	3266	120.RUS_1860	Collapsed	Arabidopsis
71	3248	120.RUS_1860	Collapsed	Arabidopsis
72	3230	120.RUS_1860	Collapsed	Arabidopsis
73	3251	120.RUS_1860	Collapsed	Arabidopsis
74	3183	120.RUS_1860	Collapsed	Arabidopsis
75	3158	120.RUS_1860	Collapsed	Arabidopsis
76	3247	120.RUS_1860	Collapsed	Arabidopsis
77	3301	120.RUS_1860	Collapsed	Arabidopsis
78	3222	120.RUS_1860	Collapsed	Arabidopsis
79	3258	120.RUS_1860	Collapsed	Arabidopsis
80	3279	120.RUS_1860	Collapsed	Arabidopsis
81	3381	120.RUS_1860	Collapsed	Arabidopsis
82	3375	120.RUS_1860	Collapsed	Arabidopsis
83	3519	120.RUS_1860	Collapsed	Arabidopsis
84	3541	120.RUS_1860	Collapsed	Arabidopsis
85	3569	120.RUS_1860	Collapsed	Arabidopsis
86	3689	120.RUS_1860	Collapsed	Arabidopsis
87	3644	120.RUS_1860	Collapsed	Arabidopsis
88	3746	120.RUS_1860	Collapsed	Arabidopsis
89	3861	120.RUS_1860	Collapsed	Arabidopsis
90	3869	120.RUS_1860	Collapsed	Arabidopsis
91	3928	120.RUS_1860	Collapsed	Arabidopsis
92	4074	120.RUS_1860	Collapsed	Arabidopsis
93	4029	120.RUS_1860	Collapsed	Arabidopsis
94	4273	120.RUS_1860	Collapsed	Arabidopsis
95	4385	120.RUS_1860	Collapsed	Arabidopsis
96	4510	120.RUS_1860	Collapsed	Arabidopsis
97	4628	120.RUS_1860	Collapsed	Arabidopsis
98	4767	120.RUS_1860	Collapsed	Arabidopsis
99	4827	120.RUS_1860	Collapsed	Arabidopsis
100	5057	120.RUS_1860	Collapsed	Arabidopsis
101	5060	120.RUS_1860	Collapsed	Arabidopsis
102	5168	120.RUS_1860	Collapsed	Arabidopsis
103	5457	120.RUS_1860	Collapsed	Arabidopsis
104	5413	120.RUS_1860	Collapsed	Arabidopsis
105	5685	120.RUS_1860	Collapsed	Arabidopsis
106	5842	120.RUS_1860	Collapsed	Arabidopsis
107	6126	120.RUS_1860	Collapsed	Arabidopsis
108	6107	120.RUS_1860	Collapsed	Arabidopsis
109	6383	120.RUS_1860	Collapsed	Arabidopsis
110	6539	120.RUS_1860	Collapsed	Arabidopsis
111	6675	120.RUS_1860	Collapsed	Arabidopsis
112	6925	120.RUS_1860	Collapsed	Arabidopsis
113	7068	120.RUS_1860	Collapsed	Arabidopsis
114	7152	120.RUS_1860	Collapsed	Arabidopsis
115	7290	120.RUS_1860	Collapsed	Arabidopsis
116	7720	120.RUS_1860	Collapsed	Arabidopsis
117	7898	120.RUS_1860	Collapsed	Arabidopsis
118	7846	120.RUS_1860	Collapsed	Arabidopsis
119	8201	120.RUS_1860	Collapsed	Arabidopsis
120	8387	120.RUS_1860	Collapsed	Arabidopsis
121	8452	120.RUS_1860	Collapsed	Arabidopsis
122	8685	120.RUS_1860	Collapsed	Arabidopsis
123	8856	120.RUS_1860	Collapsed	Arabidopsis
124	9011	120.RUS_1860	Collapsed	Arabidopsis
125	9157	120.RUS_1860	Collapsed	Arabidopsis
126	9419	120.RUS_1860	Collapsed	Arabidopsis
127	9480	120.RUS_1860	Collapsed	Arabidopsis
128	9753	120.RUS_1860	Collapsed	Arabidopsis
129	9852	120.RUS_1860	Collapsed	Arabidopsis
130	10118	120.RUS_1860	Collapsed	Arabidopsis
131	9870	120.RUS_1860	Collapsed	Arabidopsis
132	10233	120.RUS_1860	Collapsed	Arabidopsis
133	10155	120.RUS_1860	Collapsed	Arabidopsis
134	10326	120.RUS_1860	Collapsed	Arabidopsis
135	10617	120.RUS_1860	Collapsed	Arabidopsis
136	10502	120.RUS_1860	Collapsed	Arabidopsis
137	10612	120.RUS_1860	Collapsed	Arabidopsis
138	10524	120.RUS_1860	Collapsed	Arabidopsis
139	10840	120.RUS_1860	Collapsed	Arabidopsis
0	2	120.RUS_1860	Paired	Arabidopsis
95	13	120.RUS_1860	Paired	Arabidopsis
96	14	120.RUS_1860	Paired	Arabidopsis
97	16	120.RUS_1860	Paired	Arabidopsis
98	14	120.RUS_1860	Paired	Arabidopsis
99	25	120.RUS_1860	Paired	Arabidopsis
100	26	120.RUS_1860	Paired	Arabidopsis
101	30	120.RUS_1860	Paired	Arabidopsis
102	29	120.RUS_1860	Paired	Arabidopsis
103	30	120.RUS_1860	Paired	Arabidopsis
104	42	120.RUS_1860	Paired	Arabidopsis
105	35	120.RUS_1860	Paired	Arabidopsis
106	46	120.RUS_1860	Paired	Arabidopsis
107	55	120.RUS_1860	Paired	Arabidopsis
108	61	120.RUS_1860	Paired	Arabidopsis
109	50	120.RUS_1860	Paired	Arabidopsis
110	61	120.RUS_1860	Paired	Arabidopsis
111	90	120.RUS_1860	Paired	Arabidopsis
112	76	120.RUS_1860	Paired	Arabidopsis
113	76	120.RUS_1860	Paired	Arabidopsis
114	82	120.RUS_1860	Paired	Arabidopsis
115	80	120.RUS_1860	Paired	Arabidopsis
116	101	120.RUS_1860	Paired	Arabidopsis
117	96	120.RUS_1860	Paired	Arabidopsis
118	125	120.RUS_1860	Paired	Arabidopsis
119	90	120.RUS_1860	Paired	Arabidopsis
120	108	120.RUS_1860	Paired	Arabidopsis
121	133	120.RUS_1860	Paired	Arabidopsis
122	139	120.RUS_1860	Paired	Arabidopsis
123	120	120.RUS_1860	Paired	Arabidopsis
124	163	120.RUS_1860	Paired	Arabidopsis
125	175	120.RUS_1860	Paired	Arabidopsis
126	213	120.RUS_1860	Paired	Arabidopsis
127	278	120.RUS_1860	Paired	Arabidopsis
128	362	120.RUS_1860	Paired	Arabidopsis
129	426	120.RUS_1860	Paired	Arabidopsis
130	443	120.RUS_1860	Paired	Arabidopsis
131	420	120.RUS_1860	Paired	Arabidopsis
132	485	120.RUS_1860	Paired	Arabidopsis
133	481	120.RUS_1860	Paired	Arabidopsis
134	514	120.RUS_1860	Paired	Arabidopsis
135	500	120.RUS_1860	Paired	Arabidopsis
136	565	120.RUS_1860	Paired	Arabidopsis
137	620	120.RUS_1860	Paired	Arabidopsis
138	758	120.RUS_1860	Paired	Arabidopsis
139	1014	120.RUS_1860	Paired	Arabidopsis
140	10722	120.RUS_1860	Paired	Arabidopsis
141	11007	120.RUS_1860	Paired	Arabidopsis
142	11050	120.RUS_1860	Paired	Arabidopsis
143	11271	120.RUS_1860	Paired	Arabidopsis
144	10971	120.RUS_1860	Paired	Arabidopsis
145	11159	120.RUS_1860	Paired	Arabidopsis
146	11126	120.RUS_1860	Paired	Arabidopsis
147	10721	120.RUS_1860	Paired	Arabidopsis
148	10873	120.RUS_1860	Paired	Arabidopsis
149	10871	120.RUS_1860	Paired	Arabidopsis
150	11124	120.RUS_1860	Paired	Arabidopsis
151	10813	120.RUS_1860	Paired	Arabidopsis
152	10773	120.RUS_1860	Paired	Arabidopsis
153	10714	120.RUS_1860	Paired	Arabidopsis
154	10802	120.RUS_1860	Paired	Arabidopsis
155	10811	120.RUS_1860	Paired	Arabidopsis
156	10752	120.RUS_1860	Paired	Arabidopsis
157	10642	120.RUS_1860	Paired	Arabidopsis
158	10575	120.RUS_1860	Paired	Arabidopsis
159	10460	120.RUS_1860	Paired	Arabidopsis
160	10355	120.RUS_1860	Paired	Arabidopsis
161	10286	120.RUS_1860	Paired	Arabidopsis
162	10256	120.RUS_1860	Paired	Arabidopsis
163	10076	120.RUS_1860	Paired	Arabidopsis
164	9797	120.RUS_1860	Paired	Arabidopsis
165	9861	120.RUS_1860	Paired	Arabidopsis
166	9701	120.RUS_1860	Paired	Arabidopsis
167	9809	120.RUS_1860	Paired	Arabidopsis
168	9686	120.RUS_1860	Paired	Arabidopsis
169	9645	120.RUS_1860	Paired	Arabidopsis
170	9495	120.RUS_1860	Paired	Arabidopsis
171	9231	120.RUS_1860	Paired	Arabidopsis
172	9314	120.RUS_1860	Paired	Arabidopsis
173	9194	120.RUS_1860	Paired	Arabidopsis
174	9024	120.RUS_1860	Paired	Arabidopsis
175	8778	120.RUS_1860	Paired	Arabidopsis
176	8921	120.RUS_1860	Paired	Arabidopsis
177	8683	120.RUS_1860	Paired	Arabidopsis
178	8567	120.RUS_1860	Paired	Arabidopsis
179	8289	120.RUS_1860	Paired	Arabidopsis
180	8450	120.RUS_1860	Paired	Arabidopsis
181	8369	120.RUS_1860	Paired	Arabidopsis
182	8264	120.RUS_1860	Paired	Arabidopsis
183	8138	120.RUS_1860	Paired	Arabidopsis
184	7866	120.RUS_1860	Paired	Arabidopsis
185	7827	120.RUS_1860	Paired	Arabidopsis
186	7703	120.RUS_1860	Paired	Arabidopsis
187	7616	120.RUS_1860	Paired	Arabidopsis
188	7512	120.RUS_1860	Paired	Arabidopsis
189	7578	120.RUS_1860	Paired	Arabidopsis
190	7313	120.RUS_1860	Paired	Arabidopsis
191	7219	120.RUS_1860	Paired	Arabidopsis
192	7069	120.RUS_1860	Paired	Arabidopsis
193	6971	120.RUS_1860	Paired	Arabidopsis
194	7084	120.RUS_1860	Paired	Arabidopsis
195	6837	120.RUS_1860	Paired	Arabidopsis
196	6758	120.RUS_1860	Paired	Arabidopsis
197	6587	120.RUS_1860	Paired	Arabidopsis
198	6739	120.RUS_1860	Paired	Arabidopsis
199	6434	120.RUS_1860	Paired	Arabidopsis
200	6405	120.RUS_1860	Paired	Arabidopsis
201	6373	120.RUS_1860	Paired	Arabidopsis
202	6205	120.RUS_1860	Paired	Arabidopsis
203	6270	120.RUS_1860	Paired	Arabidopsis
204	6200	120.RUS_1860	Paired	Arabidopsis
205	5983	120.RUS_1860	Paired	Arabidopsis
206	5978	120.RUS_1860	Paired	Arabidopsis
207	5938	120.RUS_1860	Paired	Arabidopsis
208	5920	120.RUS_1860	Paired	Arabidopsis
209	5658	120.RUS_1860	Paired	Arabidopsis
210	5447	120.RUS_1860	Paired	Arabidopsis
211	5497	120.RUS_1860	Paired	Arabidopsis
212	5420	120.RUS_1860	Paired	Arabidopsis
213	5404	120.RUS_1860	Paired	Arabidopsis
214	5340	120.RUS_1860	Paired	Arabidopsis
215	5306	120.RUS_1860	Paired	Arabidopsis
216	5075	120.RUS_1860	Paired	Arabidopsis
217	4973	120.RUS_1860	Paired	Arabidopsis
218	5115	120.RUS_1860	Paired	Arabidopsis
219	4864	120.RUS_1860	Paired	Arabidopsis
220	4804	120.RUS_1860	Paired	Arabidopsis
221	4630	120.RUS_1860	Paired	Arabidopsis
222	4706	120.RUS_1860	Paired	Arabidopsis
223	4664	120.RUS_1860	Paired	Arabidopsis
224	4689	120.RUS_1860	Paired	Arabidopsis
225	4436	120.RUS_1860	Paired	Arabidopsis
226	4422	120.RUS_1860	Paired	Arabidopsis
227	4392	120.RUS_1860	Paired	Arabidopsis
228	4331	120.RUS_1860	Paired	Arabidopsis
229	4254	120.RUS_1860	Paired	Arabidopsis
230	4233	120.RUS_1860	Paired	Arabidopsis
231	4176	120.RUS_1860	Paired	Arabidopsis
232	4079	120.RUS_1860	Paired	Arabidopsis
233	4165	120.RUS_1860	Paired	Arabidopsis
234	4000	120.RUS_1860	Paired	Arabidopsis
235	4035	120.RUS_1860	Paired	Arabidopsis
236	3910	120.RUS_1860	Paired	Arabidopsis
237	3799	120.RUS_1860	Paired	Arabidopsis
238	3729	120.RUS_1860	Paired	Arabidopsis
239	3713	120.RUS_1860	Paired	Arabidopsis
240	3588	120.RUS_1860	Paired	Arabidopsis
241	3541	120.RUS_1860	Paired	Arabidopsis
242	3516	120.RUS_1860	Paired	Arabidopsis
243	3500	120.RUS_1860	Paired	Arabidopsis
244	3525	120.RUS_1860	Paired	Arabidopsis
245	3470	120.RUS_1860	Paired	Arabidopsis
246	3309	120.RUS_1860	Paired	Arabidopsis
247	3318	120.RUS_1860	Paired	Arabidopsis
248	3227	120.RUS_1860	Paired	Arabidopsis
249	3199	120.RUS_1860	Paired	Arabidopsis
250	3126	120.RUS_1860	Paired	Arabidopsis
251	3083	120.RUS_1860	Paired	Arabidopsis
252	3040	120.RUS_1860	Paired	Arabidopsis
253	2958	120.RUS_1860	Paired	Arabidopsis
254	2983	120.RUS_1860	Paired	Arabidopsis
255	3052	120.RUS_1860	Paired	Arabidopsis
256	2844	120.RUS_1860	Paired	Arabidopsis
257	2909	120.RUS_1860	Paired	Arabidopsis
258	2852	120.RUS_1860	Paired	Arabidopsis
259	2838	120.RUS_1860	Paired	Arabidopsis
260	2765	120.RUS_1860	Paired	Arabidopsis
261	2699	120.RUS_1860	Paired	Arabidopsis
262	2692	120.RUS_1860	Paired	Arabidopsis
263	2507	120.RUS_1860	Paired	Arabidopsis
264	2583	120.RUS_1860	Paired	Arabidopsis
265	2567	120.RUS_1860	Paired	Arabidopsis
266	2526	120.RUS_1860	Paired	Arabidopsis
267	2491	120.RUS_1860	Paired	Arabidopsis
268	2504	120.RUS_1860	Paired	Arabidopsis
269	2512	120.RUS_1860	Paired	Arabidopsis
270	2398	120.RUS_1860	Paired	Arabidopsis
271	2344	120.RUS_1860	Paired	Arabidopsis
272	2373	120.RUS_1860	Paired	Arabidopsis
273	2311	120.RUS_1860	Paired	Arabidopsis
274	2254	120.RUS_1860	Paired	Arabidopsis
275	2228	120.RUS_1860	Paired	Arabidopsis
276	2170	120.RUS_1860	Paired	Arabidopsis
277	2162	120.RUS_1860	Paired	Arabidopsis
278	2075	120.RUS_1860	Paired	Arabidopsis
279	2127	120.RUS_1860	Paired	Arabidopsis
280	2008	120.RUS_1860	Paired	Arabidopsis
281	2090	120.RUS_1860	Paired	Arabidopsis
282	2018	120.RUS_1860	Paired	Arabidopsis
283	1968	120.RUS_1860	Paired	Arabidopsis
284	1988	120.RUS_1860	Paired	Arabidopsis
285	1872	120.RUS_1860	Paired	Arabidopsis
286	1886	120.RUS_1860	Paired	Arabidopsis
287	1900	120.RUS_1860	Paired	Arabidopsis
288	1866	120.RUS_1860	Paired	Arabidopsis
289	1797	120.RUS_1860	Paired	Arabidopsis
290	1805	120.RUS_1860	Paired	Arabidopsis
291	1835	120.RUS_1860	Paired	Arabidopsis
292	1793	120.RUS_1860	Paired	Arabidopsis
293	1727	120.RUS_1860	Paired	Arabidopsis
294	1655	120.RUS_1860	Paired	Arabidopsis
295	1630	120.RUS_1860	Paired	Arabidopsis
296	1659	120.RUS_1860	Paired	Arabidopsis
297	1653	120.RUS_1860	Paired	Arabidopsis
298	1659	120.RUS_1860	Paired	Arabidopsis
299	1562	120.RUS_1860	Paired	Arabidopsis
300	1555	120.RUS_1860	Paired	Arabidopsis
301	1597	120.RUS_1860	Paired	Arabidopsis
302	1521	120.RUS_1860	Paired	Arabidopsis
303	1514	120.RUS_1860	Paired	Arabidopsis
304	1437	120.RUS_1860	Paired	Arabidopsis
305	1427	120.RUS_1860	Paired	Arabidopsis
306	1434	120.RUS_1860	Paired	Arabidopsis
307	1427	120.RUS_1860	Paired	Arabidopsis
308	1436	120.RUS_1860	Paired	Arabidopsis
309	1385	120.RUS_1860	Paired	Arabidopsis
310	1447	120.RUS_1860	Paired	Arabidopsis
311	1343	120.RUS_1860	Paired	Arabidopsis
312	1327	120.RUS_1860	Paired	Arabidopsis
313	1319	120.RUS_1860	Paired	Arabidopsis
314	1239	120.RUS_1860	Paired	Arabidopsis
315	1254	120.RUS_1860	Paired	Arabidopsis
316	1266	120.RUS_1860	Paired	Arabidopsis
317	1232	120.RUS_1860	Paired	Arabidopsis
318	1232	120.RUS_1860	Paired	Arabidopsis
319	1275	120.RUS_1860	Paired	Arabidopsis
320	1185	120.RUS_1860	Paired	Arabidopsis
321	1203	120.RUS_1860	Paired	Arabidopsis
322	1207	120.RUS_1860	Paired	Arabidopsis
323	1163	120.RUS_1860	Paired	Arabidopsis
324	1119	120.RUS_1860	Paired	Arabidopsis
325	1087	120.RUS_1860	Paired	Arabidopsis
326	1050	120.RUS_1860	Paired	Arabidopsis
327	1079	120.RUS_1860	Paired	Arabidopsis
328	1069	120.RUS_1860	Paired	Arabidopsis
329	1056	120.RUS_1860	Paired	Arabidopsis
330	1054	120.RUS_1860	Paired	Arabidopsis
331	1053	120.RUS_1860	Paired	Arabidopsis
332	1121	120.RUS_1860	Paired	Arabidopsis
333	1005	120.RUS_1860	Paired	Arabidopsis
334	1031	120.RUS_1860	Paired	Arabidopsis
335	978	120.RUS_1860	Paired	Arabidopsis
336	989	120.RUS_1860	Paired	Arabidopsis
337	969	120.RUS_1860	Paired	Arabidopsis
338	899	120.RUS_1860	Paired	Arabidopsis
339	947	120.RUS_1860	Paired	Arabidopsis
340	940	120.RUS_1860	Paired	Arabidopsis
341	874	120.RUS_1860	Paired	Arabidopsis
342	929	120.RUS_1860	Paired	Arabidopsis
343	839	120.RUS_1860	Paired	Arabidopsis
344	926	120.RUS_1860	Paired	Arabidopsis
345	787	120.RUS_1860	Paired	Arabidopsis
346	787	120.RUS_1860	Paired	Arabidopsis
347	803	120.RUS_1860	Paired	Arabidopsis
348	758	120.RUS_1860	Paired	Arabidopsis
349	771	120.RUS_1860	Paired	Arabidopsis
350	777	120.RUS_1860	Paired	Arabidopsis
351	815	120.RUS_1860	Paired	Arabidopsis
352	767	120.RUS_1860	Paired	Arabidopsis
353	803	120.RUS_1860	Paired	Arabidopsis
354	725	120.RUS_1860	Paired	Arabidopsis
355	747	120.RUS_1860	Paired	Arabidopsis
356	679	120.RUS_1860	Paired	Arabidopsis
357	695	120.RUS_1860	Paired	Arabidopsis
358	701	120.RUS_1860	Paired	Arabidopsis
359	701	120.RUS_1860	Paired	Arabidopsis
360	684	120.RUS_1860	Paired	Arabidopsis
361	714	120.RUS_1860	Paired	Arabidopsis
362	666	120.RUS_1860	Paired	Arabidopsis
363	685	120.RUS_1860	Paired	Arabidopsis
364	654	120.RUS_1860	Paired	Arabidopsis
365	651	120.RUS_1860	Paired	Arabidopsis
366	620	120.RUS_1860	Paired	Arabidopsis
367	603	120.RUS_1860	Paired	Arabidopsis
368	667	120.RUS_1860	Paired	Arabidopsis
369	620	120.RUS_1860	Paired	Arabidopsis
370	646	120.RUS_1860	Paired	Arabidopsis
371	618	120.RUS_1860	Paired	Arabidopsis
372	630	120.RUS_1860	Paired	Arabidopsis
373	580	120.RUS_1860	Paired	Arabidopsis
374	558	120.RUS_1860	Paired	Arabidopsis
375	534	120.RUS_1860	Paired	Arabidopsis
376	534	120.RUS_1860	Paired	Arabidopsis
377	469	120.RUS_1860	Paired	Arabidopsis
378	511	120.RUS_1860	Paired	Arabidopsis
379	514	120.RUS_1860	Paired	Arabidopsis
380	530	120.RUS_1860	Paired	Arabidopsis
381	531	120.RUS_1860	Paired	Arabidopsis
382	533	120.RUS_1860	Paired	Arabidopsis
383	462	120.RUS_1860	Paired	Arabidopsis
384	509	120.RUS_1860	Paired	Arabidopsis
385	476	120.RUS_1860	Paired	Arabidopsis
386	443	120.RUS_1860	Paired	Arabidopsis
387	443	120.RUS_1860	Paired	Arabidopsis
388	468	120.RUS_1860	Paired	Arabidopsis
389	471	120.RUS_1860	Paired	Arabidopsis
390	428	120.RUS_1860	Paired	Arabidopsis
391	456	120.RUS_1860	Paired	Arabidopsis
392	433	120.RUS_1860	Paired	Arabidopsis
393	427	120.RUS_1860	Paired	Arabidopsis
394	415	120.RUS_1860	Paired	Arabidopsis
395	397	120.RUS_1860	Paired	Arabidopsis
396	408	120.RUS_1860	Paired	Arabidopsis
397	366	120.RUS_1860	Paired	Arabidopsis
398	400	120.RUS_1860	Paired	Arabidopsis
399	408	120.RUS_1860	Paired	Arabidopsis
400	388	120.RUS_1860	Paired	Arabidopsis
401	364	120.RUS_1860	Paired	Arabidopsis
402	393	120.RUS_1860	Paired	Arabidopsis
403	365	120.RUS_1860	Paired	Arabidopsis
404	405	120.RUS_1860	Paired	Arabidopsis
405	350	120.RUS_1860	Paired	Arabidopsis
406	330	120.RUS_1860	Paired	Arabidopsis
407	324	120.RUS_1860	Paired	Arabidopsis
408	355	120.RUS_1860	Paired	Arabidopsis
409	358	120.RUS_1860	Paired	Arabidopsis
410	339	120.RUS_1860	Paired	Arabidopsis
411	381	120.RUS_1860	Paired	Arabidopsis
412	350	120.RUS_1860	Paired	Arabidopsis
413	348	120.RUS_1860	Paired	Arabidopsis
414	397	120.RUS_1860	Paired	Arabidopsis
415	427	120.RUS_1860	Paired	Arabidopsis
416	425	120.RUS_1860	Paired	Arabidopsis
417	354	120.RUS_1860	Paired	Arabidopsis
418	269	120.RUS_1860	Paired	Arabidopsis
419	277	120.RUS_1860	Paired	Arabidopsis
420	232	120.RUS_1860	Paired	Arabidopsis
421	263	120.RUS_1860	Paired	Arabidopsis
422	260	120.RUS_1860	Paired	Arabidopsis
423	236	120.RUS_1860	Paired	Arabidopsis
424	227	120.RUS_1860	Paired	Arabidopsis
425	252	120.RUS_1860	Paired	Arabidopsis
426	217	120.RUS_1860	Paired	Arabidopsis
427	250	120.RUS_1860	Paired	Arabidopsis
428	237	120.RUS_1860	Paired	Arabidopsis
429	208	120.RUS_1860	Paired	Arabidopsis
430	216	120.RUS_1860	Paired	Arabidopsis
431	205	120.RUS_1860	Paired	Arabidopsis
432	199	120.RUS_1860	Paired	Arabidopsis
433	207	120.RUS_1860	Paired	Arabidopsis
434	216	120.RUS_1860	Paired	Arabidopsis
435	225	120.RUS_1860	Paired	Arabidopsis
436	215	120.RUS_1860	Paired	Arabidopsis
437	219	120.RUS_1860	Paired	Arabidopsis
438	203	120.RUS_1860	Paired	Arabidopsis
439	199	120.RUS_1860	Paired	Arabidopsis
440	210	120.RUS_1860	Paired	Arabidopsis
441	181	120.RUS_1860	Paired	Arabidopsis
442	201	120.RUS_1860	Paired	Arabidopsis
443	193	120.RUS_1860	Paired	Arabidopsis
444	179	120.RUS_1860	Paired	Arabidopsis
445	172	120.RUS_1860	Paired	Arabidopsis
446	179	120.RUS_1860	Paired	Arabidopsis
447	204	120.RUS_1860	Paired	Arabidopsis
448	164	120.RUS_1860	Paired	Arabidopsis
449	148	120.RUS_1860	Paired	Arabidopsis
450	149	120.RUS_1860	Paired	Arabidopsis
451	174	120.RUS_1860	Paired	Arabidopsis
452	142	120.RUS_1860	Paired	Arabidopsis
453	166	120.RUS_1860	Paired	Arabidopsis
454	135	120.RUS_1860	Paired	Arabidopsis
455	131	120.RUS_1860	Paired	Arabidopsis
456	146	120.RUS_1860	Paired	Arabidopsis
457	155	120.RUS_1860	Paired	Arabidopsis
458	142	120.RUS_1860	Paired	Arabidopsis
459	150	120.RUS_1860	Paired	Arabidopsis
460	140	120.RUS_1860	Paired	Arabidopsis
461	124	120.RUS_1860	Paired	Arabidopsis
462	138	120.RUS_1860	Paired	Arabidopsis
463	139	120.RUS_1860	Paired	Arabidopsis
464	129	120.RUS_1860	Paired	Arabidopsis
465	121	120.RUS_1860	Paired	Arabidopsis
466	153	120.RUS_1860	Paired	Arabidopsis
467	127	120.RUS_1860	Paired	Arabidopsis
468	115	120.RUS_1860	Paired	Arabidopsis
469	144	120.RUS_1860	Paired	Arabidopsis
470	119	120.RUS_1860	Paired	Arabidopsis
471	108	120.RUS_1860	Paired	Arabidopsis
472	127	120.RUS_1860	Paired	Arabidopsis
473	106	120.RUS_1860	Paired	Arabidopsis
474	115	120.RUS_1860	Paired	Arabidopsis
475	91	120.RUS_1860	Paired	Arabidopsis
476	109	120.RUS_1860	Paired	Arabidopsis
477	112	120.RUS_1860	Paired	Arabidopsis
478	118	120.RUS_1860	Paired	Arabidopsis
479	99	120.RUS_1860	Paired	Arabidopsis
480	110	120.RUS_1860	Paired	Arabidopsis
481	94	120.RUS_1860	Paired	Arabidopsis
482	103	120.RUS_1860	Paired	Arabidopsis
483	101	120.RUS_1860	Paired	Arabidopsis
484	105	120.RUS_1860	Paired	Arabidopsis
485	108	120.RUS_1860	Paired	Arabidopsis
486	91	120.RUS_1860	Paired	Arabidopsis
487	107	120.RUS_1860	Paired	Arabidopsis
488	101	120.RUS_1860	Paired	Arabidopsis
489	88	120.RUS_1860	Paired	Arabidopsis
490	79	120.RUS_1860	Paired	Arabidopsis
491	103	120.RUS_1860	Paired	Arabidopsis
492	75	120.RUS_1860	Paired	Arabidopsis
493	92	120.RUS_1860	Paired	Arabidopsis
494	82	120.RUS_1860	Paired	Arabidopsis
495	73	120.RUS_1860	Paired	Arabidopsis
496	91	120.RUS_1860	Paired	Arabidopsis
497	82	120.RUS_1860	Paired	Arabidopsis
498	77	120.RUS_1860	Paired	Arabidopsis
499	69	120.RUS_1860	Paired	Arabidopsis
500	69	120.RUS_1860	Paired	Arabidopsis
501	67	120.RUS_1860	Paired	Arabidopsis
502	83	120.RUS_1860	Paired	Arabidopsis
503	61	120.RUS_1860	Paired	Arabidopsis
504	79	120.RUS_1860	Paired	Arabidopsis
505	65	120.RUS_1860	Paired	Arabidopsis
506	76	120.RUS_1860	Paired	Arabidopsis
507	76	120.RUS_1860	Paired	Arabidopsis
508	71	120.RUS_1860	Paired	Arabidopsis
509	71	120.RUS_1860	Paired	Arabidopsis
510	79	120.RUS_1860	Paired	Arabidopsis
511	67	120.RUS_1860	Paired	Arabidopsis
512	68	120.RUS_1860	Paired	Arabidopsis
513	73	120.RUS_1860	Paired	Arabidopsis
514	64	120.RUS_1860	Paired	Arabidopsis
515	74	120.RUS_1860	Paired	Arabidopsis
516	65	120.RUS_1860	Paired	Arabidopsis
517	68	120.RUS_1860	Paired	Arabidopsis
518	64	120.RUS_1860	Paired	Arabidopsis
519	61	120.RUS_1860	Paired	Arabidopsis
520	50	120.RUS_1860	Paired	Arabidopsis
521	49	120.RUS_1860	Paired	Arabidopsis
522	44	120.RUS_1860	Paired	Arabidopsis
523	47	120.RUS_1860	Paired	Arabidopsis
524	60	120.RUS_1860	Paired	Arabidopsis
525	60	120.RUS_1860	Paired	Arabidopsis
526	61	120.RUS_1860	Paired	Arabidopsis
527	52	120.RUS_1860	Paired	Arabidopsis
528	48	120.RUS_1860	Paired	Arabidopsis
529	50	120.RUS_1860	Paired	Arabidopsis
530	57	120.RUS_1860	Paired	Arabidopsis
531	58	120.RUS_1860	Paired	Arabidopsis
532	49	120.RUS_1860	Paired	Arabidopsis
533	52	120.RUS_1860	Paired	Arabidopsis
534	53	120.RUS_1860	Paired	Arabidopsis
535	49	120.RUS_1860	Paired	Arabidopsis
536	49	120.RUS_1860	Paired	Arabidopsis
537	54	120.RUS_1860	Paired	Arabidopsis
538	65	120.RUS_1860	Paired	Arabidopsis
539	54	120.RUS_1860	Paired	Arabidopsis
540	46	120.RUS_1860	Paired	Arabidopsis
541	61	120.RUS_1860	Paired	Arabidopsis
542	49	120.RUS_1860	Paired	Arabidopsis
543	46	120.RUS_1860	Paired	Arabidopsis
544	46	120.RUS_1860	Paired	Arabidopsis
545	49	120.RUS_1860	Paired	Arabidopsis
546	46	120.RUS_1860	Paired	Arabidopsis
547	32	120.RUS_1860	Paired	Arabidopsis
548	48	120.RUS_1860	Paired	Arabidopsis
549	41	120.RUS_1860	Paired	Arabidopsis
550	44	120.RUS_1860	Paired	Arabidopsis
551	33	120.RUS_1860	Paired	Arabidopsis
552	42	120.RUS_1860	Paired	Arabidopsis
553	42	120.RUS_1860	Paired	Arabidopsis
554	40	120.RUS_1860	Paired	Arabidopsis
555	38	120.RUS_1860	Paired	Arabidopsis
556	38	120.RUS_1860	Paired	Arabidopsis
557	43	120.RUS_1860	Paired	Arabidopsis
558	35	120.RUS_1860	Paired	Arabidopsis
559	32	120.RUS_1860	Paired	Arabidopsis
560	37	120.RUS_1860	Paired	Arabidopsis
561	37	120.RUS_1860	Paired	Arabidopsis
562	29	120.RUS_1860	Paired	Arabidopsis
563	28	120.RUS_1860	Paired	Arabidopsis
564	31	120.RUS_1860	Paired	Arabidopsis
565	35	120.RUS_1860	Paired	Arabidopsis
566	36	120.RUS_1860	Paired	Arabidopsis
567	27	120.RUS_1860	Paired	Arabidopsis
568	20	120.RUS_1860	Paired	Arabidopsis
569	30	120.RUS_1860	Paired	Arabidopsis
570	27	120.RUS_1860	Paired	Arabidopsis
571	23	120.RUS_1860	Paired	Arabidopsis
572	24	120.RUS_1860	Paired	Arabidopsis
573	18	120.RUS_1860	Paired	Arabidopsis
574	26	120.RUS_1860	Paired	Arabidopsis
575	23	120.RUS_1860	Paired	Arabidopsis
576	20	120.RUS_1860	Paired	Arabidopsis
577	16	120.RUS_1860	Paired	Arabidopsis
578	5	120.RUS_1860	Paired	Arabidopsis
579	4	120.RUS_1860	Paired	Arabidopsis
580	6	120.RUS_1860	Paired	Arabidopsis
581	3	120.RUS_1860	Paired	Arabidopsis
582	2	120.RUS_1860	Paired	Arabidopsis
583	1	120.RUS_1860	Paired	Arabidopsis
585	2	120.RUS_1860	Paired	Arabidopsis
587	2	120.RUS_1860	Paired	Arabidopsis
15	26	120.RUS_1860	Collapsed	Pseudomonas
17	37	120.RUS_1860	Collapsed	Pseudomonas
18	627	120.RUS_1860	Collapsed	Pseudomonas
19	2056	120.RUS_1860	Collapsed	Pseudomonas
20	2536	120.RUS_1860	Collapsed	Pseudomonas
21	2166	120.RUS_1860	Collapsed	Pseudomonas
22	1890	120.RUS_1860	Collapsed	Pseudomonas
23	1955	120.RUS_1860	Collapsed	Pseudomonas
24	2004	120.RUS_1860	Collapsed	Pseudomonas
25	2209	120.RUS_1860	Collapsed	Pseudomonas
26	2332	120.RUS_1860	Collapsed	Pseudomonas
27	2444	120.RUS_1860	Collapsed	Pseudomonas
28	2443	120.RUS_1860	Collapsed	Pseudomonas
29	2408	120.RUS_1860	Collapsed	Pseudomonas
30	2370	120.RUS_1860	Collapsed	Pseudomonas
31	2356	120.RUS_1860	Collapsed	Pseudomonas
32	2334	120.RUS_1860	Collapsed	Pseudomonas
33	2353	120.RUS_1860	Collapsed	Pseudomonas
34	2260	120.RUS_1860	Collapsed	Pseudomonas
35	2238	120.RUS_1860	Collapsed	Pseudomonas
36	2037	120.RUS_1860	Collapsed	Pseudomonas
37	2151	120.RUS_1860	Collapsed	Pseudomonas
38	2159	120.RUS_1860	Collapsed	Pseudomonas
39	2154	120.RUS_1860	Collapsed	Pseudomonas
40	2052	120.RUS_1860	Collapsed	Pseudomonas
41	1934	120.RUS_1860	Collapsed	Pseudomonas
42	1936	120.RUS_1860	Collapsed	Pseudomonas
43	1833	120.RUS_1860	Collapsed	Pseudomonas
44	1670	120.RUS_1860	Collapsed	Pseudomonas
45	1787	120.RUS_1860	Collapsed	Pseudomonas
46	1632	120.RUS_1860	Collapsed	Pseudomonas
47	1542	120.RUS_1860	Collapsed	Pseudomonas
48	1495	120.RUS_1860	Collapsed	Pseudomonas
49	1418	120.RUS_1860	Collapsed	Pseudomonas
50	1418	120.RUS_1860	Collapsed	Pseudomonas
51	1319	120.RUS_1860	Collapsed	Pseudomonas
52	1320	120.RUS_1860	Collapsed	Pseudomonas
53	1206	120.RUS_1860	Collapsed	Pseudomonas
54	1219	120.RUS_1860	Collapsed	Pseudomonas
55	1240	120.RUS_1860	Collapsed	Pseudomonas
56	1179	120.RUS_1860	Collapsed	Pseudomonas
57	1159	120.RUS_1860	Collapsed	Pseudomonas
58	1086	120.RUS_1860	Collapsed	Pseudomonas
59	1019	120.RUS_1860	Collapsed	Pseudomonas
60	1036	120.RUS_1860	Collapsed	Pseudomonas
61	987	120.RUS_1860	Collapsed	Pseudomonas
62	955	120.RUS_1860	Collapsed	Pseudomonas
63	938	120.RUS_1860	Collapsed	Pseudomonas
64	1066	120.RUS_1860	Collapsed	Pseudomonas
65	1006	120.RUS_1860	Collapsed	Pseudomonas
66	1060	120.RUS_1860	Collapsed	Pseudomonas
67	1045	120.RUS_1860	Collapsed	Pseudomonas
68	996	120.RUS_1860	Collapsed	Pseudomonas
69	969	120.RUS_1860	Collapsed	Pseudomonas
70	978	120.RUS_1860	Collapsed	Pseudomonas
71	968	120.RUS_1860	Collapsed	Pseudomonas
72	1006	120.RUS_1860	Collapsed	Pseudomonas
73	978	120.RUS_1860	Collapsed	Pseudomonas
74	1030	120.RUS_1860	Collapsed	Pseudomonas
75	945	120.RUS_1860	Collapsed	Pseudomonas
76	978	120.RUS_1860	Collapsed	Pseudomonas
77	914	120.RUS_1860	Collapsed	Pseudomonas
78	941	120.RUS_1860	Collapsed	Pseudomonas
79	966	120.RUS_1860	Collapsed	Pseudomonas
80	924	120.RUS_1860	Collapsed	Pseudomonas
81	938	120.RUS_1860	Collapsed	Pseudomonas
82	931	120.RUS_1860	Collapsed	Pseudomonas
83	915	120.RUS_1860	Collapsed	Pseudomonas
84	928	120.RUS_1860	Collapsed	Pseudomonas
85	935	120.RUS_1860	Collapsed	Pseudomonas
86	959	120.RUS_1860	Collapsed	Pseudomonas
87	966	120.RUS_1860	Collapsed	Pseudomonas
88	972	120.RUS_1860	Collapsed	Pseudomonas
89	951	120.RUS_1860	Collapsed	Pseudomonas
90	940	120.RUS_1860	Collapsed	Pseudomonas
91	994	120.RUS_1860	Collapsed	Pseudomonas
92	991	120.RUS_1860	Collapsed	Pseudomonas
93	1098	120.RUS_1860	Collapsed	Pseudomonas
94	1120	120.RUS_1860	Collapsed	Pseudomonas
95	1135	120.RUS_1860	Collapsed	Pseudomonas
96	1062	120.RUS_1860	Collapsed	Pseudomonas
97	1137	120.RUS_1860	Collapsed	Pseudomonas
98	1110	120.RUS_1860	Collapsed	Pseudomonas
99	1199	120.RUS_1860	Collapsed	Pseudomonas
100	1157	120.RUS_1860	Collapsed	Pseudomonas
101	1233	120.RUS_1860	Collapsed	Pseudomonas
102	1197	120.RUS_1860	Collapsed	Pseudomonas
103	1254	120.RUS_1860	Collapsed	Pseudomonas
104	1208	120.RUS_1860	Collapsed	Pseudomonas
105	1280	120.RUS_1860	Collapsed	Pseudomonas
106	1208	120.RUS_1860	Collapsed	Pseudomonas
107	1230	120.RUS_1860	Collapsed	Pseudomonas
108	1388	120.RUS_1860	Collapsed	Pseudomonas
109	1314	120.RUS_1860	Collapsed	Pseudomonas
110	1333	120.RUS_1860	Collapsed	Pseudomonas
111	1443	120.RUS_1860	Collapsed	Pseudomonas
112	1411	120.RUS_1860	Collapsed	Pseudomonas
113	1330	120.RUS_1860	Collapsed	Pseudomonas
114	1348	120.RUS_1860	Collapsed	Pseudomonas
115	1417	120.RUS_1860	Collapsed	Pseudomonas
116	1447	120.RUS_1860	Collapsed	Pseudomonas
117	1521	120.RUS_1860	Collapsed	Pseudomonas
118	1484	120.RUS_1860	Collapsed	Pseudomonas
119	1457	120.RUS_1860	Collapsed	Pseudomonas
120	1526	120.RUS_1860	Collapsed	Pseudomonas
121	1544	120.RUS_1860	Collapsed	Pseudomonas
122	1512	120.RUS_1860	Collapsed	Pseudomonas
123	1616	120.RUS_1860	Collapsed	Pseudomonas
124	1709	120.RUS_1860	Collapsed	Pseudomonas
125	1699	120.RUS_1860	Collapsed	Pseudomonas
126	1738	120.RUS_1860	Collapsed	Pseudomonas
127	1810	120.RUS_1860	Collapsed	Pseudomonas
128	1654	120.RUS_1860	Collapsed	Pseudomonas
129	1651	120.RUS_1860	Collapsed	Pseudomonas
130	1778	120.RUS_1860	Collapsed	Pseudomonas
131	1754	120.RUS_1860	Collapsed	Pseudomonas
132	1726	120.RUS_1860	Collapsed	Pseudomonas
133	1791	120.RUS_1860	Collapsed	Pseudomonas
134	1771	120.RUS_1860	Collapsed	Pseudomonas
135	1717	120.RUS_1860	Collapsed	Pseudomonas
136	1709	120.RUS_1860	Collapsed	Pseudomonas
137	1654	120.RUS_1860	Collapsed	Pseudomonas
138	1760	120.RUS_1860	Collapsed	Pseudomonas
139	1722	120.RUS_1860	Collapsed	Pseudomonas
0	1	120.RUS_1860	Paired	Pseudomonas
95	3	120.RUS_1860	Paired	Pseudomonas
96	3	120.RUS_1860	Paired	Pseudomonas
97	3	120.RUS_1860	Paired	Pseudomonas
98	3	120.RUS_1860	Paired	Pseudomonas
99	4	120.RUS_1860	Paired	Pseudomonas
100	5	120.RUS_1860	Paired	Pseudomonas
101	5	120.RUS_1860	Paired	Pseudomonas
102	5	120.RUS_1860	Paired	Pseudomonas
103	4	120.RUS_1860	Paired	Pseudomonas
104	6	120.RUS_1860	Paired	Pseudomonas
105	2	120.RUS_1860	Paired	Pseudomonas
106	4	120.RUS_1860	Paired	Pseudomonas
107	12	120.RUS_1860	Paired	Pseudomonas
108	8	120.RUS_1860	Paired	Pseudomonas
109	9	120.RUS_1860	Paired	Pseudomonas
110	16	120.RUS_1860	Paired	Pseudomonas
111	8	120.RUS_1860	Paired	Pseudomonas
112	23	120.RUS_1860	Paired	Pseudomonas
113	13	120.RUS_1860	Paired	Pseudomonas
114	10	120.RUS_1860	Paired	Pseudomonas
115	19	120.RUS_1860	Paired	Pseudomonas
116	14	120.RUS_1860	Paired	Pseudomonas
117	18	120.RUS_1860	Paired	Pseudomonas
118	19	120.RUS_1860	Paired	Pseudomonas
119	19	120.RUS_1860	Paired	Pseudomonas
120	22	120.RUS_1860	Paired	Pseudomonas
121	18	120.RUS_1860	Paired	Pseudomonas
122	20	120.RUS_1860	Paired	Pseudomonas
123	21	120.RUS_1860	Paired	Pseudomonas
124	31	120.RUS_1860	Paired	Pseudomonas
125	29	120.RUS_1860	Paired	Pseudomonas
126	41	120.RUS_1860	Paired	Pseudomonas
127	50	120.RUS_1860	Paired	Pseudomonas
128	56	120.RUS_1860	Paired	Pseudomonas
129	71	120.RUS_1860	Paired	Pseudomonas
130	81	120.RUS_1860	Paired	Pseudomonas
131	84	120.RUS_1860	Paired	Pseudomonas
132	81	120.RUS_1860	Paired	Pseudomonas
133	107	120.RUS_1860	Paired	Pseudomonas
134	108	120.RUS_1860	Paired	Pseudomonas
135	103	120.RUS_1860	Paired	Pseudomonas
136	136	120.RUS_1860	Paired	Pseudomonas
137	138	120.RUS_1860	Paired	Pseudomonas
138	135	120.RUS_1860	Paired	Pseudomonas
139	171	120.RUS_1860	Paired	Pseudomonas
140	1967	120.RUS_1860	Paired	Pseudomonas
141	1939	120.RUS_1860	Paired	Pseudomonas
142	1963	120.RUS_1860	Paired	Pseudomonas
143	1911	120.RUS_1860	Paired	Pseudomonas
144	1980	120.RUS_1860	Paired	Pseudomonas
145	1944	120.RUS_1860	Paired	Pseudomonas
146	1904	120.RUS_1860	Paired	Pseudomonas
147	1966	120.RUS_1860	Paired	Pseudomonas
148	1974	120.RUS_1860	Paired	Pseudomonas
149	1838	120.RUS_1860	Paired	Pseudomonas
150	1813	120.RUS_1860	Paired	Pseudomonas
151	1844	120.RUS_1860	Paired	Pseudomonas
152	1801	120.RUS_1860	Paired	Pseudomonas
153	1743	120.RUS_1860	Paired	Pseudomonas
154	1718	120.RUS_1860	Paired	Pseudomonas
155	1731	120.RUS_1860	Paired	Pseudomonas
156	1670	120.RUS_1860	Paired	Pseudomonas
157	1812	120.RUS_1860	Paired	Pseudomonas
158	1641	120.RUS_1860	Paired	Pseudomonas
159	1715	120.RUS_1860	Paired	Pseudomonas
160	1620	120.RUS_1860	Paired	Pseudomonas
161	1673	120.RUS_1860	Paired	Pseudomonas
162	1595	120.RUS_1860	Paired	Pseudomonas
163	1584	120.RUS_1860	Paired	Pseudomonas
164	1565	120.RUS_1860	Paired	Pseudomonas
165	1505	120.RUS_1860	Paired	Pseudomonas
166	1483	120.RUS_1860	Paired	Pseudomonas
167	1483	120.RUS_1860	Paired	Pseudomonas
168	1468	120.RUS_1860	Paired	Pseudomonas
169	1416	120.RUS_1860	Paired	Pseudomonas
170	1435	120.RUS_1860	Paired	Pseudomonas
171	1383	120.RUS_1860	Paired	Pseudomonas
172	1384	120.RUS_1860	Paired	Pseudomonas
173	1352	120.RUS_1860	Paired	Pseudomonas
174	1390	120.RUS_1860	Paired	Pseudomonas
175	1329	120.RUS_1860	Paired	Pseudomonas
176	1263	120.RUS_1860	Paired	Pseudomonas
177	1282	120.RUS_1860	Paired	Pseudomonas
178	1250	120.RUS_1860	Paired	Pseudomonas
179	1190	120.RUS_1860	Paired	Pseudomonas
180	1225	120.RUS_1860	Paired	Pseudomonas
181	1109	120.RUS_1860	Paired	Pseudomonas
182	1122	120.RUS_1860	Paired	Pseudomonas
183	1072	120.RUS_1860	Paired	Pseudomonas
184	1126	120.RUS_1860	Paired	Pseudomonas
185	1065	120.RUS_1860	Paired	Pseudomonas
186	1081	120.RUS_1860	Paired	Pseudomonas
187	1150	120.RUS_1860	Paired	Pseudomonas
188	1040	120.RUS_1860	Paired	Pseudomonas
189	1099	120.RUS_1860	Paired	Pseudomonas
190	1074	120.RUS_1860	Paired	Pseudomonas
191	1014	120.RUS_1860	Paired	Pseudomonas
192	951	120.RUS_1860	Paired	Pseudomonas
193	945	120.RUS_1860	Paired	Pseudomonas
194	911	120.RUS_1860	Paired	Pseudomonas
195	949	120.RUS_1860	Paired	Pseudomonas
196	890	120.RUS_1860	Paired	Pseudomonas
197	875	120.RUS_1860	Paired	Pseudomonas
198	861	120.RUS_1860	Paired	Pseudomonas
199	908	120.RUS_1860	Paired	Pseudomonas
200	878	120.RUS_1860	Paired	Pseudomonas
201	891	120.RUS_1860	Paired	Pseudomonas
202	828	120.RUS_1860	Paired	Pseudomonas
203	829	120.RUS_1860	Paired	Pseudomonas
204	798	120.RUS_1860	Paired	Pseudomonas
205	788	120.RUS_1860	Paired	Pseudomonas
206	752	120.RUS_1860	Paired	Pseudomonas
207	706	120.RUS_1860	Paired	Pseudomonas
208	738	120.RUS_1860	Paired	Pseudomonas
209	713	120.RUS_1860	Paired	Pseudomonas
210	697	120.RUS_1860	Paired	Pseudomonas
211	760	120.RUS_1860	Paired	Pseudomonas
212	678	120.RUS_1860	Paired	Pseudomonas
213	698	120.RUS_1860	Paired	Pseudomonas
214	694	120.RUS_1860	Paired	Pseudomonas
215	628	120.RUS_1860	Paired	Pseudomonas
216	616	120.RUS_1860	Paired	Pseudomonas
217	669	120.RUS_1860	Paired	Pseudomonas
218	647	120.RUS_1860	Paired	Pseudomonas
219	612	120.RUS_1860	Paired	Pseudomonas
220	624	120.RUS_1860	Paired	Pseudomonas
221	578	120.RUS_1860	Paired	Pseudomonas
222	601	120.RUS_1860	Paired	Pseudomonas
223	502	120.RUS_1860	Paired	Pseudomonas
224	534	120.RUS_1860	Paired	Pseudomonas
225	542	120.RUS_1860	Paired	Pseudomonas
226	568	120.RUS_1860	Paired	Pseudomonas
227	534	120.RUS_1860	Paired	Pseudomonas
228	488	120.RUS_1860	Paired	Pseudomonas
229	523	120.RUS_1860	Paired	Pseudomonas
230	489	120.RUS_1860	Paired	Pseudomonas
231	473	120.RUS_1860	Paired	Pseudomonas
232	529	120.RUS_1860	Paired	Pseudomonas
233	472	120.RUS_1860	Paired	Pseudomonas
234	484	120.RUS_1860	Paired	Pseudomonas
235	487	120.RUS_1860	Paired	Pseudomonas
236	435	120.RUS_1860	Paired	Pseudomonas
237	449	120.RUS_1860	Paired	Pseudomonas
238	429	120.RUS_1860	Paired	Pseudomonas
239	441	120.RUS_1860	Paired	Pseudomonas
240	404	120.RUS_1860	Paired	Pseudomonas
241	427	120.RUS_1860	Paired	Pseudomonas
242	418	120.RUS_1860	Paired	Pseudomonas
243	358	120.RUS_1860	Paired	Pseudomonas
244	395	120.RUS_1860	Paired	Pseudomonas
245	403	120.RUS_1860	Paired	Pseudomonas
246	386	120.RUS_1860	Paired	Pseudomonas
247	388	120.RUS_1860	Paired	Pseudomonas
248	361	120.RUS_1860	Paired	Pseudomonas
249	356	120.RUS_1860	Paired	Pseudomonas
250	384	120.RUS_1860	Paired	Pseudomonas
251	339	120.RUS_1860	Paired	Pseudomonas
252	352	120.RUS_1860	Paired	Pseudomonas
253	313	120.RUS_1860	Paired	Pseudomonas
254	327	120.RUS_1860	Paired	Pseudomonas
255	345	120.RUS_1860	Paired	Pseudomonas
256	363	120.RUS_1860	Paired	Pseudomonas
257	322	120.RUS_1860	Paired	Pseudomonas
258	326	120.RUS_1860	Paired	Pseudomonas
259	267	120.RUS_1860	Paired	Pseudomonas
260	286	120.RUS_1860	Paired	Pseudomonas
261	321	120.RUS_1860	Paired	Pseudomonas
262	256	120.RUS_1860	Paired	Pseudomonas
263	296	120.RUS_1860	Paired	Pseudomonas
264	312	120.RUS_1860	Paired	Pseudomonas
265	274	120.RUS_1860	Paired	Pseudomonas
266	268	120.RUS_1860	Paired	Pseudomonas
267	266	120.RUS_1860	Paired	Pseudomonas
268	262	120.RUS_1860	Paired	Pseudomonas
269	240	120.RUS_1860	Paired	Pseudomonas
270	233	120.RUS_1860	Paired	Pseudomonas
271	222	120.RUS_1860	Paired	Pseudomonas
272	263	120.RUS_1860	Paired	Pseudomonas
273	210	120.RUS_1860	Paired	Pseudomonas
274	226	120.RUS_1860	Paired	Pseudomonas
275	236	120.RUS_1860	Paired	Pseudomonas
276	210	120.RUS_1860	Paired	Pseudomonas
277	218	120.RUS_1860	Paired	Pseudomonas
278	196	120.RUS_1860	Paired	Pseudomonas
279	198	120.RUS_1860	Paired	Pseudomonas
280	196	120.RUS_1860	Paired	Pseudomonas
281	198	120.RUS_1860	Paired	Pseudomonas
282	168	120.RUS_1860	Paired	Pseudomonas
283	223	120.RUS_1860	Paired	Pseudomonas
284	191	120.RUS_1860	Paired	Pseudomonas
285	193	120.RUS_1860	Paired	Pseudomonas
286	194	120.RUS_1860	Paired	Pseudomonas
287	197	120.RUS_1860	Paired	Pseudomonas
288	183	120.RUS_1860	Paired	Pseudomonas
289	192	120.RUS_1860	Paired	Pseudomonas
290	200	120.RUS_1860	Paired	Pseudomonas
291	185	120.RUS_1860	Paired	Pseudomonas
292	157	120.RUS_1860	Paired	Pseudomonas
293	153	120.RUS_1860	Paired	Pseudomonas
294	158	120.RUS_1860	Paired	Pseudomonas
295	174	120.RUS_1860	Paired	Pseudomonas
296	147	120.RUS_1860	Paired	Pseudomonas
297	157	120.RUS_1860	Paired	Pseudomonas
298	160	120.RUS_1860	Paired	Pseudomonas
299	158	120.RUS_1860	Paired	Pseudomonas
300	147	120.RUS_1860	Paired	Pseudomonas
301	147	120.RUS_1860	Paired	Pseudomonas
302	162	120.RUS_1860	Paired	Pseudomonas
303	150	120.RUS_1860	Paired	Pseudomonas
304	141	120.RUS_1860	Paired	Pseudomonas
305	149	120.RUS_1860	Paired	Pseudomonas
306	134	120.RUS_1860	Paired	Pseudomonas
307	134	120.RUS_1860	Paired	Pseudomonas
308	122	120.RUS_1860	Paired	Pseudomonas
309	119	120.RUS_1860	Paired	Pseudomonas
310	125	120.RUS_1860	Paired	Pseudomonas
311	100	120.RUS_1860	Paired	Pseudomonas
312	126	120.RUS_1860	Paired	Pseudomonas
313	101	120.RUS_1860	Paired	Pseudomonas
314	112	120.RUS_1860	Paired	Pseudomonas
315	108	120.RUS_1860	Paired	Pseudomonas
316	107	120.RUS_1860	Paired	Pseudomonas
317	106	120.RUS_1860	Paired	Pseudomonas
318	105	120.RUS_1860	Paired	Pseudomonas
319	135	120.RUS_1860	Paired	Pseudomonas
320	94	120.RUS_1860	Paired	Pseudomonas
321	125	120.RUS_1860	Paired	Pseudomonas
322	100	120.RUS_1860	Paired	Pseudomonas
323	99	120.RUS_1860	Paired	Pseudomonas
324	111	120.RUS_1860	Paired	Pseudomonas
325	91	120.RUS_1860	Paired	Pseudomonas
326	92	120.RUS_1860	Paired	Pseudomonas
327	85	120.RUS_1860	Paired	Pseudomonas
328	116	120.RUS_1860	Paired	Pseudomonas
329	98	120.RUS_1860	Paired	Pseudomonas
330	84	120.RUS_1860	Paired	Pseudomonas
331	81	120.RUS_1860	Paired	Pseudomonas
332	96	120.RUS_1860	Paired	Pseudomonas
333	80	120.RUS_1860	Paired	Pseudomonas
334	87	120.RUS_1860	Paired	Pseudomonas
335	87	120.RUS_1860	Paired	Pseudomonas
336	89	120.RUS_1860	Paired	Pseudomonas
337	86	120.RUS_1860	Paired	Pseudomonas
338	86	120.RUS_1860	Paired	Pseudomonas
339	78	120.RUS_1860	Paired	Pseudomonas
340	72	120.RUS_1860	Paired	Pseudomonas
341	72	120.RUS_1860	Paired	Pseudomonas
342	67	120.RUS_1860	Paired	Pseudomonas
343	89	120.RUS_1860	Paired	Pseudomonas
344	73	120.RUS_1860	Paired	Pseudomonas
345	62	120.RUS_1860	Paired	Pseudomonas
346	57	120.RUS_1860	Paired	Pseudomonas
347	69	120.RUS_1860	Paired	Pseudomonas
348	59	120.RUS_1860	Paired	Pseudomonas
349	68	120.RUS_1860	Paired	Pseudomonas
350	67	120.RUS_1860	Paired	Pseudomonas
351	66	120.RUS_1860	Paired	Pseudomonas
352	71	120.RUS_1860	Paired	Pseudomonas
353	62	120.RUS_1860	Paired	Pseudomonas
354	38	120.RUS_1860	Paired	Pseudomonas
355	52	120.RUS_1860	Paired	Pseudomonas
356	69	120.RUS_1860	Paired	Pseudomonas
357	59	120.RUS_1860	Paired	Pseudomonas
358	60	120.RUS_1860	Paired	Pseudomonas
359	53	120.RUS_1860	Paired	Pseudomonas
360	55	120.RUS_1860	Paired	Pseudomonas
361	51	120.RUS_1860	Paired	Pseudomonas
362	56	120.RUS_1860	Paired	Pseudomonas
363	74	120.RUS_1860	Paired	Pseudomonas
364	90	120.RUS_1860	Paired	Pseudomonas
365	92	120.RUS_1860	Paired	Pseudomonas
366	56	120.RUS_1860	Paired	Pseudomonas
367	84	120.RUS_1860	Paired	Pseudomonas
368	80	120.RUS_1860	Paired	Pseudomonas
369	68	120.RUS_1860	Paired	Pseudomonas
370	53	120.RUS_1860	Paired	Pseudomonas
371	34	120.RUS_1860	Paired	Pseudomonas
372	40	120.RUS_1860	Paired	Pseudomonas
373	43	120.RUS_1860	Paired	Pseudomonas
374	34	120.RUS_1860	Paired	Pseudomonas
375	33	120.RUS_1860	Paired	Pseudomonas
376	27	120.RUS_1860	Paired	Pseudomonas
377	31	120.RUS_1860	Paired	Pseudomonas
378	29	120.RUS_1860	Paired	Pseudomonas
379	45	120.RUS_1860	Paired	Pseudomonas
380	20	120.RUS_1860	Paired	Pseudomonas
381	34	120.RUS_1860	Paired	Pseudomonas
382	27	120.RUS_1860	Paired	Pseudomonas
383	26	120.RUS_1860	Paired	Pseudomonas
384	30	120.RUS_1860	Paired	Pseudomonas
385	34	120.RUS_1860	Paired	Pseudomonas
386	27	120.RUS_1860	Paired	Pseudomonas
387	20	120.RUS_1860	Paired	Pseudomonas
388	33	120.RUS_1860	Paired	Pseudomonas
389	18	120.RUS_1860	Paired	Pseudomonas
390	28	120.RUS_1860	Paired	Pseudomonas
391	23	120.RUS_1860	Paired	Pseudomonas
392	36	120.RUS_1860	Paired	Pseudomonas
393	31	120.RUS_1860	Paired	Pseudomonas
394	21	120.RUS_1860	Paired	Pseudomonas
395	22	120.RUS_1860	Paired	Pseudomonas
396	25	120.RUS_1860	Paired	Pseudomonas
397	19	120.RUS_1860	Paired	Pseudomonas
398	26	120.RUS_1860	Paired	Pseudomonas
399	20	120.RUS_1860	Paired	Pseudomonas
400	25	120.RUS_1860	Paired	Pseudomonas
401	23	120.RUS_1860	Paired	Pseudomonas
402	12	120.RUS_1860	Paired	Pseudomonas
403	17	120.RUS_1860	Paired	Pseudomonas
404	18	120.RUS_1860	Paired	Pseudomonas
405	28	120.RUS_1860	Paired	Pseudomonas
406	24	120.RUS_1860	Paired	Pseudomonas
407	14	120.RUS_1860	Paired	Pseudomonas
408	17	120.RUS_1860	Paired	Pseudomonas
409	18	120.RUS_1860	Paired	Pseudomonas
410	19	120.RUS_1860	Paired	Pseudomonas
411	23	120.RUS_1860	Paired	Pseudomonas
412	23	120.RUS_1860	Paired	Pseudomonas
413	21	120.RUS_1860	Paired	Pseudomonas
414	13	120.RUS_1860	Paired	Pseudomonas
415	17	120.RUS_1860	Paired	Pseudomonas
416	21	120.RUS_1860	Paired	Pseudomonas
417	10	120.RUS_1860	Paired	Pseudomonas
418	19	120.RUS_1860	Paired	Pseudomonas
419	11	120.RUS_1860	Paired	Pseudomonas
420	16	120.RUS_1860	Paired	Pseudomonas
421	16	120.RUS_1860	Paired	Pseudomonas
422	9	120.RUS_1860	Paired	Pseudomonas
423	20	120.RUS_1860	Paired	Pseudomonas
424	15	120.RUS_1860	Paired	Pseudomonas
425	20	120.RUS_1860	Paired	Pseudomonas
426	19	120.RUS_1860	Paired	Pseudomonas
427	8	120.RUS_1860	Paired	Pseudomonas
428	11	120.RUS_1860	Paired	Pseudomonas
429	8	120.RUS_1860	Paired	Pseudomonas
430	7	120.RUS_1860	Paired	Pseudomonas
431	8	120.RUS_1860	Paired	Pseudomonas
432	10	120.RUS_1860	Paired	Pseudomonas
433	7	120.RUS_1860	Paired	Pseudomonas
434	10	120.RUS_1860	Paired	Pseudomonas
435	12	120.RUS_1860	Paired	Pseudomonas
436	7	120.RUS_1860	Paired	Pseudomonas
437	9	120.RUS_1860	Paired	Pseudomonas
438	8	120.RUS_1860	Paired	Pseudomonas
439	10	120.RUS_1860	Paired	Pseudomonas
440	9	120.RUS_1860	Paired	Pseudomonas
441	6	120.RUS_1860	Paired	Pseudomonas
442	15	120.RUS_1860	Paired	Pseudomonas
443	11	120.RUS_1860	Paired	Pseudomonas
444	16	120.RUS_1860	Paired	Pseudomonas
445	13	120.RUS_1860	Paired	Pseudomonas
446	11	120.RUS_1860	Paired	Pseudomonas
447	7	120.RUS_1860	Paired	Pseudomonas
448	12	120.RUS_1860	Paired	Pseudomonas
449	10	120.RUS_1860	Paired	Pseudomonas
450	12	120.RUS_1860	Paired	Pseudomonas
451	9	120.RUS_1860	Paired	Pseudomonas
452	12	120.RUS_1860	Paired	Pseudomonas
453	8	120.RUS_1860	Paired	Pseudomonas
454	13	120.RUS_1860	Paired	Pseudomonas
455	9	120.RUS_1860	Paired	Pseudomonas
456	10	120.RUS_1860	Paired	Pseudomonas
457	8	120.RUS_1860	Paired	Pseudomonas
458	11	120.RUS_1860	Paired	Pseudomonas
459	6	120.RUS_1860	Paired	Pseudomonas
460	7	120.RUS_1860	Paired	Pseudomonas
461	8	120.RUS_1860	Paired	Pseudomonas
462	7	120.RUS_1860	Paired	Pseudomonas
463	6	120.RUS_1860	Paired	Pseudomonas
464	4	120.RUS_1860	Paired	Pseudomonas
465	9	120.RUS_1860	Paired	Pseudomonas
466	1	120.RUS_1860	Paired	Pseudomonas
467	6	120.RUS_1860	Paired	Pseudomonas
468	4	120.RUS_1860	Paired	Pseudomonas
469	4	120.RUS_1860	Paired	Pseudomonas
470	3	120.RUS_1860	Paired	Pseudomonas
471	4	120.RUS_1860	Paired	Pseudomonas
472	1	120.RUS_1860	Paired	Pseudomonas
474	1	120.RUS_1860	Paired	Pseudomonas
15	6	64.GBR_1933b_S36	Collapsed	Arabidopsis
16	9	64.GBR_1933b_S36	Collapsed	Arabidopsis
17	52	64.GBR_1933b_S36	Collapsed	Arabidopsis
18	104	64.GBR_1933b_S36	Collapsed	Arabidopsis
19	249	64.GBR_1933b_S36	Collapsed	Arabidopsis
20	180	64.GBR_1933b_S36	Collapsed	Arabidopsis
21	276	64.GBR_1933b_S36	Collapsed	Arabidopsis
22	283	64.GBR_1933b_S36	Collapsed	Arabidopsis
23	335	64.GBR_1933b_S36	Collapsed	Arabidopsis
24	506	64.GBR_1933b_S36	Collapsed	Arabidopsis
25	487	64.GBR_1933b_S36	Collapsed	Arabidopsis
26	570	64.GBR_1933b_S36	Collapsed	Arabidopsis
27	634	64.GBR_1933b_S36	Collapsed	Arabidopsis
28	705	64.GBR_1933b_S36	Collapsed	Arabidopsis
29	817	64.GBR_1933b_S36	Collapsed	Arabidopsis
30	825	64.GBR_1933b_S36	Collapsed	Arabidopsis
31	969	64.GBR_1933b_S36	Collapsed	Arabidopsis
32	927	64.GBR_1933b_S36	Collapsed	Arabidopsis
33	1045	64.GBR_1933b_S36	Collapsed	Arabidopsis
34	1135	64.GBR_1933b_S36	Collapsed	Arabidopsis
35	1208	64.GBR_1933b_S36	Collapsed	Arabidopsis
36	1260	64.GBR_1933b_S36	Collapsed	Arabidopsis
37	1297	64.GBR_1933b_S36	Collapsed	Arabidopsis
38	1451	64.GBR_1933b_S36	Collapsed	Arabidopsis
39	1524	64.GBR_1933b_S36	Collapsed	Arabidopsis
40	1536	64.GBR_1933b_S36	Collapsed	Arabidopsis
41	1635	64.GBR_1933b_S36	Collapsed	Arabidopsis
42	1738	64.GBR_1933b_S36	Collapsed	Arabidopsis
43	1806	64.GBR_1933b_S36	Collapsed	Arabidopsis
44	1797	64.GBR_1933b_S36	Collapsed	Arabidopsis
45	1984	64.GBR_1933b_S36	Collapsed	Arabidopsis
46	2003	64.GBR_1933b_S36	Collapsed	Arabidopsis
47	2137	64.GBR_1933b_S36	Collapsed	Arabidopsis
48	2260	64.GBR_1933b_S36	Collapsed	Arabidopsis
49	2390	64.GBR_1933b_S36	Collapsed	Arabidopsis
50	2500	64.GBR_1933b_S36	Collapsed	Arabidopsis
51	2671	64.GBR_1933b_S36	Collapsed	Arabidopsis
52	2836	64.GBR_1933b_S36	Collapsed	Arabidopsis
53	2965	64.GBR_1933b_S36	Collapsed	Arabidopsis
54	3073	64.GBR_1933b_S36	Collapsed	Arabidopsis
55	3299	64.GBR_1933b_S36	Collapsed	Arabidopsis
56	3337	64.GBR_1933b_S36	Collapsed	Arabidopsis
57	3619	64.GBR_1933b_S36	Collapsed	Arabidopsis
58	3736	64.GBR_1933b_S36	Collapsed	Arabidopsis
59	3955	64.GBR_1933b_S36	Collapsed	Arabidopsis
60	4154	64.GBR_1933b_S36	Collapsed	Arabidopsis
61	4352	64.GBR_1933b_S36	Collapsed	Arabidopsis
62	4644	64.GBR_1933b_S36	Collapsed	Arabidopsis
63	4881	64.GBR_1933b_S36	Collapsed	Arabidopsis
64	4969	64.GBR_1933b_S36	Collapsed	Arabidopsis
65	5225	64.GBR_1933b_S36	Collapsed	Arabidopsis
66	5463	64.GBR_1933b_S36	Collapsed	Arabidopsis
67	5872	64.GBR_1933b_S36	Collapsed	Arabidopsis
68	6232	64.GBR_1933b_S36	Collapsed	Arabidopsis
69	6386	64.GBR_1933b_S36	Collapsed	Arabidopsis
70	6638	64.GBR_1933b_S36	Collapsed	Arabidopsis
71	7130	64.GBR_1933b_S36	Collapsed	Arabidopsis
72	7439	64.GBR_1933b_S36	Collapsed	Arabidopsis
73	7893	64.GBR_1933b_S36	Collapsed	Arabidopsis
74	8225	64.GBR_1933b_S36	Collapsed	Arabidopsis
75	8573	64.GBR_1933b_S36	Collapsed	Arabidopsis
76	8908	64.GBR_1933b_S36	Collapsed	Arabidopsis
77	9145	64.GBR_1933b_S36	Collapsed	Arabidopsis
78	9473	64.GBR_1933b_S36	Collapsed	Arabidopsis
79	10244	64.GBR_1933b_S36	Collapsed	Arabidopsis
80	10602	64.GBR_1933b_S36	Collapsed	Arabidopsis
81	10737	64.GBR_1933b_S36	Collapsed	Arabidopsis
82	11290	64.GBR_1933b_S36	Collapsed	Arabidopsis
83	11572	64.GBR_1933b_S36	Collapsed	Arabidopsis
84	12211	64.GBR_1933b_S36	Collapsed	Arabidopsis
85	12589	64.GBR_1933b_S36	Collapsed	Arabidopsis
86	12745	64.GBR_1933b_S36	Collapsed	Arabidopsis
87	13388	64.GBR_1933b_S36	Collapsed	Arabidopsis
88	13883	64.GBR_1933b_S36	Collapsed	Arabidopsis
89	14500	64.GBR_1933b_S36	Collapsed	Arabidopsis
90	14932	64.GBR_1933b_S36	Collapsed	Arabidopsis
91	15307	64.GBR_1933b_S36	Collapsed	Arabidopsis
92	15802	64.GBR_1933b_S36	Collapsed	Arabidopsis
93	16513	64.GBR_1933b_S36	Collapsed	Arabidopsis
94	17224	64.GBR_1933b_S36	Collapsed	Arabidopsis
95	17570	64.GBR_1933b_S36	Collapsed	Arabidopsis
96	17938	64.GBR_1933b_S36	Collapsed	Arabidopsis
97	18638	64.GBR_1933b_S36	Collapsed	Arabidopsis
98	18957	64.GBR_1933b_S36	Collapsed	Arabidopsis
99	19103	64.GBR_1933b_S36	Collapsed	Arabidopsis
100	19701	64.GBR_1933b_S36	Collapsed	Arabidopsis
101	20281	64.GBR_1933b_S36	Collapsed	Arabidopsis
102	20842	64.GBR_1933b_S36	Collapsed	Arabidopsis
103	21012	64.GBR_1933b_S36	Collapsed	Arabidopsis
104	21193	64.GBR_1933b_S36	Collapsed	Arabidopsis
105	21599	64.GBR_1933b_S36	Collapsed	Arabidopsis
106	21878	64.GBR_1933b_S36	Collapsed	Arabidopsis
107	22525	64.GBR_1933b_S36	Collapsed	Arabidopsis
108	22227	64.GBR_1933b_S36	Collapsed	Arabidopsis
109	22876	64.GBR_1933b_S36	Collapsed	Arabidopsis
110	22474	64.GBR_1933b_S36	Collapsed	Arabidopsis
111	22721	64.GBR_1933b_S36	Collapsed	Arabidopsis
112	22957	64.GBR_1933b_S36	Collapsed	Arabidopsis
113	23420	64.GBR_1933b_S36	Collapsed	Arabidopsis
114	23542	64.GBR_1933b_S36	Collapsed	Arabidopsis
115	23345	64.GBR_1933b_S36	Collapsed	Arabidopsis
116	23684	64.GBR_1933b_S36	Collapsed	Arabidopsis
117	23428	64.GBR_1933b_S36	Collapsed	Arabidopsis
118	23583	64.GBR_1933b_S36	Collapsed	Arabidopsis
119	23364	64.GBR_1933b_S36	Collapsed	Arabidopsis
120	23383	64.GBR_1933b_S36	Collapsed	Arabidopsis
121	22954	64.GBR_1933b_S36	Collapsed	Arabidopsis
122	23106	64.GBR_1933b_S36	Collapsed	Arabidopsis
123	22871	64.GBR_1933b_S36	Collapsed	Arabidopsis
124	22814	64.GBR_1933b_S36	Collapsed	Arabidopsis
125	22645	64.GBR_1933b_S36	Collapsed	Arabidopsis
126	22367	64.GBR_1933b_S36	Collapsed	Arabidopsis
127	22178	64.GBR_1933b_S36	Collapsed	Arabidopsis
128	21776	64.GBR_1933b_S36	Collapsed	Arabidopsis
129	21245	64.GBR_1933b_S36	Collapsed	Arabidopsis
130	20760	64.GBR_1933b_S36	Collapsed	Arabidopsis
131	20498	64.GBR_1933b_S36	Collapsed	Arabidopsis
132	19914	64.GBR_1933b_S36	Collapsed	Arabidopsis
133	19991	64.GBR_1933b_S36	Collapsed	Arabidopsis
134	19284	64.GBR_1933b_S36	Collapsed	Arabidopsis
135	19171	64.GBR_1933b_S36	Collapsed	Arabidopsis
136	18861	64.GBR_1933b_S36	Collapsed	Arabidopsis
137	18331	64.GBR_1933b_S36	Collapsed	Arabidopsis
138	17647	64.GBR_1933b_S36	Collapsed	Arabidopsis
139	17337	64.GBR_1933b_S36	Collapsed	Arabidopsis
0	2	64.GBR_1933b_S36	Paired	Arabidopsis
95	22	64.GBR_1933b_S36	Paired	Arabidopsis
96	20	64.GBR_1933b_S36	Paired	Arabidopsis
97	30	64.GBR_1933b_S36	Paired	Arabidopsis
98	35	64.GBR_1933b_S36	Paired	Arabidopsis
99	40	64.GBR_1933b_S36	Paired	Arabidopsis
100	58	64.GBR_1933b_S36	Paired	Arabidopsis
101	36	64.GBR_1933b_S36	Paired	Arabidopsis
102	46	64.GBR_1933b_S36	Paired	Arabidopsis
103	66	64.GBR_1933b_S36	Paired	Arabidopsis
104	59	64.GBR_1933b_S36	Paired	Arabidopsis
105	80	64.GBR_1933b_S36	Paired	Arabidopsis
106	86	64.GBR_1933b_S36	Paired	Arabidopsis
107	129	64.GBR_1933b_S36	Paired	Arabidopsis
108	166	64.GBR_1933b_S36	Paired	Arabidopsis
109	144	64.GBR_1933b_S36	Paired	Arabidopsis
110	182	64.GBR_1933b_S36	Paired	Arabidopsis
111	166	64.GBR_1933b_S36	Paired	Arabidopsis
112	173	64.GBR_1933b_S36	Paired	Arabidopsis
113	181	64.GBR_1933b_S36	Paired	Arabidopsis
114	180	64.GBR_1933b_S36	Paired	Arabidopsis
115	210	64.GBR_1933b_S36	Paired	Arabidopsis
116	197	64.GBR_1933b_S36	Paired	Arabidopsis
117	212	64.GBR_1933b_S36	Paired	Arabidopsis
118	214	64.GBR_1933b_S36	Paired	Arabidopsis
119	233	64.GBR_1933b_S36	Paired	Arabidopsis
120	247	64.GBR_1933b_S36	Paired	Arabidopsis
121	249	64.GBR_1933b_S36	Paired	Arabidopsis
122	266	64.GBR_1933b_S36	Paired	Arabidopsis
123	283	64.GBR_1933b_S36	Paired	Arabidopsis
124	301	64.GBR_1933b_S36	Paired	Arabidopsis
125	311	64.GBR_1933b_S36	Paired	Arabidopsis
126	418	64.GBR_1933b_S36	Paired	Arabidopsis
127	566	64.GBR_1933b_S36	Paired	Arabidopsis
128	739	64.GBR_1933b_S36	Paired	Arabidopsis
129	727	64.GBR_1933b_S36	Paired	Arabidopsis
130	768	64.GBR_1933b_S36	Paired	Arabidopsis
131	817	64.GBR_1933b_S36	Paired	Arabidopsis
132	753	64.GBR_1933b_S36	Paired	Arabidopsis
133	845	64.GBR_1933b_S36	Paired	Arabidopsis
134	841	64.GBR_1933b_S36	Paired	Arabidopsis
135	870	64.GBR_1933b_S36	Paired	Arabidopsis
136	939	64.GBR_1933b_S36	Paired	Arabidopsis
137	972	64.GBR_1933b_S36	Paired	Arabidopsis
138	1176	64.GBR_1933b_S36	Paired	Arabidopsis
139	1768	64.GBR_1933b_S36	Paired	Arabidopsis
140	16577	64.GBR_1933b_S36	Paired	Arabidopsis
141	17082	64.GBR_1933b_S36	Paired	Arabidopsis
142	16410	64.GBR_1933b_S36	Paired	Arabidopsis
143	16061	64.GBR_1933b_S36	Paired	Arabidopsis
144	15617	64.GBR_1933b_S36	Paired	Arabidopsis
145	15315	64.GBR_1933b_S36	Paired	Arabidopsis
146	14734	64.GBR_1933b_S36	Paired	Arabidopsis
147	14420	64.GBR_1933b_S36	Paired	Arabidopsis
148	14146	64.GBR_1933b_S36	Paired	Arabidopsis
149	13716	64.GBR_1933b_S36	Paired	Arabidopsis
150	13461	64.GBR_1933b_S36	Paired	Arabidopsis
151	13222	64.GBR_1933b_S36	Paired	Arabidopsis
152	12804	64.GBR_1933b_S36	Paired	Arabidopsis
153	12390	64.GBR_1933b_S36	Paired	Arabidopsis
154	12156	64.GBR_1933b_S36	Paired	Arabidopsis
155	11472	64.GBR_1933b_S36	Paired	Arabidopsis
156	11431	64.GBR_1933b_S36	Paired	Arabidopsis
157	10985	64.GBR_1933b_S36	Paired	Arabidopsis
158	10819	64.GBR_1933b_S36	Paired	Arabidopsis
159	10359	64.GBR_1933b_S36	Paired	Arabidopsis
160	10036	64.GBR_1933b_S36	Paired	Arabidopsis
161	9698	64.GBR_1933b_S36	Paired	Arabidopsis
162	9432	64.GBR_1933b_S36	Paired	Arabidopsis
163	9148	64.GBR_1933b_S36	Paired	Arabidopsis
164	8938	64.GBR_1933b_S36	Paired	Arabidopsis
165	8601	64.GBR_1933b_S36	Paired	Arabidopsis
166	8358	64.GBR_1933b_S36	Paired	Arabidopsis
167	8065	64.GBR_1933b_S36	Paired	Arabidopsis
168	7864	64.GBR_1933b_S36	Paired	Arabidopsis
169	7630	64.GBR_1933b_S36	Paired	Arabidopsis
170	7338	64.GBR_1933b_S36	Paired	Arabidopsis
171	7177	64.GBR_1933b_S36	Paired	Arabidopsis
172	6927	64.GBR_1933b_S36	Paired	Arabidopsis
173	6655	64.GBR_1933b_S36	Paired	Arabidopsis
174	6566	64.GBR_1933b_S36	Paired	Arabidopsis
175	6251	64.GBR_1933b_S36	Paired	Arabidopsis
176	6085	64.GBR_1933b_S36	Paired	Arabidopsis
177	5973	64.GBR_1933b_S36	Paired	Arabidopsis
178	5796	64.GBR_1933b_S36	Paired	Arabidopsis
179	5631	64.GBR_1933b_S36	Paired	Arabidopsis
180	5335	64.GBR_1933b_S36	Paired	Arabidopsis
181	5287	64.GBR_1933b_S36	Paired	Arabidopsis
182	5116	64.GBR_1933b_S36	Paired	Arabidopsis
183	4896	64.GBR_1933b_S36	Paired	Arabidopsis
184	4884	64.GBR_1933b_S36	Paired	Arabidopsis
185	4610	64.GBR_1933b_S36	Paired	Arabidopsis
186	4466	64.GBR_1933b_S36	Paired	Arabidopsis
187	4250	64.GBR_1933b_S36	Paired	Arabidopsis
188	4172	64.GBR_1933b_S36	Paired	Arabidopsis
189	4053	64.GBR_1933b_S36	Paired	Arabidopsis
190	3814	64.GBR_1933b_S36	Paired	Arabidopsis
191	3792	64.GBR_1933b_S36	Paired	Arabidopsis
192	3640	64.GBR_1933b_S36	Paired	Arabidopsis
193	3574	64.GBR_1933b_S36	Paired	Arabidopsis
194	3457	64.GBR_1933b_S36	Paired	Arabidopsis
195	3352	64.GBR_1933b_S36	Paired	Arabidopsis
196	3252	64.GBR_1933b_S36	Paired	Arabidopsis
197	3161	64.GBR_1933b_S36	Paired	Arabidopsis
198	2951	64.GBR_1933b_S36	Paired	Arabidopsis
199	2930	64.GBR_1933b_S36	Paired	Arabidopsis
200	2780	64.GBR_1933b_S36	Paired	Arabidopsis
201	2733	64.GBR_1933b_S36	Paired	Arabidopsis
202	2652	64.GBR_1933b_S36	Paired	Arabidopsis
203	2660	64.GBR_1933b_S36	Paired	Arabidopsis
204	2506	64.GBR_1933b_S36	Paired	Arabidopsis
205	2384	64.GBR_1933b_S36	Paired	Arabidopsis
206	2337	64.GBR_1933b_S36	Paired	Arabidopsis
207	2371	64.GBR_1933b_S36	Paired	Arabidopsis
208	2152	64.GBR_1933b_S36	Paired	Arabidopsis
209	2123	64.GBR_1933b_S36	Paired	Arabidopsis
210	2164	64.GBR_1933b_S36	Paired	Arabidopsis
211	1965	64.GBR_1933b_S36	Paired	Arabidopsis
212	1903	64.GBR_1933b_S36	Paired	Arabidopsis
213	1832	64.GBR_1933b_S36	Paired	Arabidopsis
214	1892	64.GBR_1933b_S36	Paired	Arabidopsis
215	1773	64.GBR_1933b_S36	Paired	Arabidopsis
216	1692	64.GBR_1933b_S36	Paired	Arabidopsis
217	1651	64.GBR_1933b_S36	Paired	Arabidopsis
218	1605	64.GBR_1933b_S36	Paired	Arabidopsis
219	1514	64.GBR_1933b_S36	Paired	Arabidopsis
220	1491	64.GBR_1933b_S36	Paired	Arabidopsis
221	1416	64.GBR_1933b_S36	Paired	Arabidopsis
222	1451	64.GBR_1933b_S36	Paired	Arabidopsis
223	1296	64.GBR_1933b_S36	Paired	Arabidopsis
224	1321	64.GBR_1933b_S36	Paired	Arabidopsis
225	1343	64.GBR_1933b_S36	Paired	Arabidopsis
226	1245	64.GBR_1933b_S36	Paired	Arabidopsis
227	1208	64.GBR_1933b_S36	Paired	Arabidopsis
228	1206	64.GBR_1933b_S36	Paired	Arabidopsis
229	1164	64.GBR_1933b_S36	Paired	Arabidopsis
230	1095	64.GBR_1933b_S36	Paired	Arabidopsis
231	1085	64.GBR_1933b_S36	Paired	Arabidopsis
232	1005	64.GBR_1933b_S36	Paired	Arabidopsis
233	1046	64.GBR_1933b_S36	Paired	Arabidopsis
234	1044	64.GBR_1933b_S36	Paired	Arabidopsis
235	961	64.GBR_1933b_S36	Paired	Arabidopsis
236	924	64.GBR_1933b_S36	Paired	Arabidopsis
237	897	64.GBR_1933b_S36	Paired	Arabidopsis
238	916	64.GBR_1933b_S36	Paired	Arabidopsis
239	833	64.GBR_1933b_S36	Paired	Arabidopsis
240	833	64.GBR_1933b_S36	Paired	Arabidopsis
241	831	64.GBR_1933b_S36	Paired	Arabidopsis
242	844	64.GBR_1933b_S36	Paired	Arabidopsis
243	793	64.GBR_1933b_S36	Paired	Arabidopsis
244	804	64.GBR_1933b_S36	Paired	Arabidopsis
245	743	64.GBR_1933b_S36	Paired	Arabidopsis
246	672	64.GBR_1933b_S36	Paired	Arabidopsis
247	765	64.GBR_1933b_S36	Paired	Arabidopsis
248	693	64.GBR_1933b_S36	Paired	Arabidopsis
249	652	64.GBR_1933b_S36	Paired	Arabidopsis
250	633	64.GBR_1933b_S36	Paired	Arabidopsis
251	647	64.GBR_1933b_S36	Paired	Arabidopsis
252	628	64.GBR_1933b_S36	Paired	Arabidopsis
253	566	64.GBR_1933b_S36	Paired	Arabidopsis
254	581	64.GBR_1933b_S36	Paired	Arabidopsis
255	616	64.GBR_1933b_S36	Paired	Arabidopsis
256	559	64.GBR_1933b_S36	Paired	Arabidopsis
257	559	64.GBR_1933b_S36	Paired	Arabidopsis
258	510	64.GBR_1933b_S36	Paired	Arabidopsis
259	559	64.GBR_1933b_S36	Paired	Arabidopsis
260	512	64.GBR_1933b_S36	Paired	Arabidopsis
261	456	64.GBR_1933b_S36	Paired	Arabidopsis
262	480	64.GBR_1933b_S36	Paired	Arabidopsis
263	464	64.GBR_1933b_S36	Paired	Arabidopsis
264	490	64.GBR_1933b_S36	Paired	Arabidopsis
265	445	64.GBR_1933b_S36	Paired	Arabidopsis
266	453	64.GBR_1933b_S36	Paired	Arabidopsis
267	422	64.GBR_1933b_S36	Paired	Arabidopsis
268	431	64.GBR_1933b_S36	Paired	Arabidopsis
269	412	64.GBR_1933b_S36	Paired	Arabidopsis
270	405	64.GBR_1933b_S36	Paired	Arabidopsis
271	413	64.GBR_1933b_S36	Paired	Arabidopsis
272	354	64.GBR_1933b_S36	Paired	Arabidopsis
273	374	64.GBR_1933b_S36	Paired	Arabidopsis
274	367	64.GBR_1933b_S36	Paired	Arabidopsis
275	356	64.GBR_1933b_S36	Paired	Arabidopsis
276	331	64.GBR_1933b_S36	Paired	Arabidopsis
277	376	64.GBR_1933b_S36	Paired	Arabidopsis
278	366	64.GBR_1933b_S36	Paired	Arabidopsis
279	347	64.GBR_1933b_S36	Paired	Arabidopsis
280	334	64.GBR_1933b_S36	Paired	Arabidopsis
281	327	64.GBR_1933b_S36	Paired	Arabidopsis
282	380	64.GBR_1933b_S36	Paired	Arabidopsis
283	407	64.GBR_1933b_S36	Paired	Arabidopsis
284	482	64.GBR_1933b_S36	Paired	Arabidopsis
285	522	64.GBR_1933b_S36	Paired	Arabidopsis
286	275	64.GBR_1933b_S36	Paired	Arabidopsis
287	233	64.GBR_1933b_S36	Paired	Arabidopsis
288	250	64.GBR_1933b_S36	Paired	Arabidopsis
289	231	64.GBR_1933b_S36	Paired	Arabidopsis
290	234	64.GBR_1933b_S36	Paired	Arabidopsis
291	212	64.GBR_1933b_S36	Paired	Arabidopsis
292	224	64.GBR_1933b_S36	Paired	Arabidopsis
293	197	64.GBR_1933b_S36	Paired	Arabidopsis
294	204	64.GBR_1933b_S36	Paired	Arabidopsis
295	203	64.GBR_1933b_S36	Paired	Arabidopsis
296	202	64.GBR_1933b_S36	Paired	Arabidopsis
297	207	64.GBR_1933b_S36	Paired	Arabidopsis
298	202	64.GBR_1933b_S36	Paired	Arabidopsis
299	195	64.GBR_1933b_S36	Paired	Arabidopsis
300	185	64.GBR_1933b_S36	Paired	Arabidopsis
301	164	64.GBR_1933b_S36	Paired	Arabidopsis
302	176	64.GBR_1933b_S36	Paired	Arabidopsis
303	168	64.GBR_1933b_S36	Paired	Arabidopsis
304	176	64.GBR_1933b_S36	Paired	Arabidopsis
305	147	64.GBR_1933b_S36	Paired	Arabidopsis
306	147	64.GBR_1933b_S36	Paired	Arabidopsis
307	168	64.GBR_1933b_S36	Paired	Arabidopsis
308	140	64.GBR_1933b_S36	Paired	Arabidopsis
309	151	64.GBR_1933b_S36	Paired	Arabidopsis
310	156	64.GBR_1933b_S36	Paired	Arabidopsis
311	141	64.GBR_1933b_S36	Paired	Arabidopsis
312	137	64.GBR_1933b_S36	Paired	Arabidopsis
313	147	64.GBR_1933b_S36	Paired	Arabidopsis
314	146	64.GBR_1933b_S36	Paired	Arabidopsis
315	134	64.GBR_1933b_S36	Paired	Arabidopsis
316	139	64.GBR_1933b_S36	Paired	Arabidopsis
317	133	64.GBR_1933b_S36	Paired	Arabidopsis
318	143	64.GBR_1933b_S36	Paired	Arabidopsis
319	142	64.GBR_1933b_S36	Paired	Arabidopsis
320	139	64.GBR_1933b_S36	Paired	Arabidopsis
321	115	64.GBR_1933b_S36	Paired	Arabidopsis
322	131	64.GBR_1933b_S36	Paired	Arabidopsis
323	110	64.GBR_1933b_S36	Paired	Arabidopsis
324	123	64.GBR_1933b_S36	Paired	Arabidopsis
325	113	64.GBR_1933b_S36	Paired	Arabidopsis
326	109	64.GBR_1933b_S36	Paired	Arabidopsis
327	109	64.GBR_1933b_S36	Paired	Arabidopsis
328	125	64.GBR_1933b_S36	Paired	Arabidopsis
329	94	64.GBR_1933b_S36	Paired	Arabidopsis
330	101	64.GBR_1933b_S36	Paired	Arabidopsis
331	106	64.GBR_1933b_S36	Paired	Arabidopsis
332	126	64.GBR_1933b_S36	Paired	Arabidopsis
333	88	64.GBR_1933b_S36	Paired	Arabidopsis
334	100	64.GBR_1933b_S36	Paired	Arabidopsis
335	93	64.GBR_1933b_S36	Paired	Arabidopsis
336	86	64.GBR_1933b_S36	Paired	Arabidopsis
337	66	64.GBR_1933b_S36	Paired	Arabidopsis
338	57	64.GBR_1933b_S36	Paired	Arabidopsis
339	77	64.GBR_1933b_S36	Paired	Arabidopsis
340	79	64.GBR_1933b_S36	Paired	Arabidopsis
341	26	64.GBR_1933b_S36	Paired	Arabidopsis
342	1	64.GBR_1933b_S36	Paired	Arabidopsis
17	2	64.GBR_1933b_S36	Collapsed	Pseudomonas
18	26	64.GBR_1933b_S36	Collapsed	Pseudomonas
19	60	64.GBR_1933b_S36	Collapsed	Pseudomonas
20	75	64.GBR_1933b_S36	Collapsed	Pseudomonas
21	90	64.GBR_1933b_S36	Collapsed	Pseudomonas
22	90	64.GBR_1933b_S36	Collapsed	Pseudomonas
23	97	64.GBR_1933b_S36	Collapsed	Pseudomonas
24	104	64.GBR_1933b_S36	Collapsed	Pseudomonas
25	122	64.GBR_1933b_S36	Collapsed	Pseudomonas
26	96	64.GBR_1933b_S36	Collapsed	Pseudomonas
27	152	64.GBR_1933b_S36	Collapsed	Pseudomonas
28	127	64.GBR_1933b_S36	Collapsed	Pseudomonas
29	182	64.GBR_1933b_S36	Collapsed	Pseudomonas
30	163	64.GBR_1933b_S36	Collapsed	Pseudomonas
31	138	64.GBR_1933b_S36	Collapsed	Pseudomonas
32	171	64.GBR_1933b_S36	Collapsed	Pseudomonas
33	157	64.GBR_1933b_S36	Collapsed	Pseudomonas
34	174	64.GBR_1933b_S36	Collapsed	Pseudomonas
35	200	64.GBR_1933b_S36	Collapsed	Pseudomonas
36	224	64.GBR_1933b_S36	Collapsed	Pseudomonas
37	210	64.GBR_1933b_S36	Collapsed	Pseudomonas
38	189	64.GBR_1933b_S36	Collapsed	Pseudomonas
39	228	64.GBR_1933b_S36	Collapsed	Pseudomonas
40	225	64.GBR_1933b_S36	Collapsed	Pseudomonas
41	243	64.GBR_1933b_S36	Collapsed	Pseudomonas
42	269	64.GBR_1933b_S36	Collapsed	Pseudomonas
43	244	64.GBR_1933b_S36	Collapsed	Pseudomonas
44	265	64.GBR_1933b_S36	Collapsed	Pseudomonas
45	273	64.GBR_1933b_S36	Collapsed	Pseudomonas
46	271	64.GBR_1933b_S36	Collapsed	Pseudomonas
47	280	64.GBR_1933b_S36	Collapsed	Pseudomonas
48	334	64.GBR_1933b_S36	Collapsed	Pseudomonas
49	314	64.GBR_1933b_S36	Collapsed	Pseudomonas
50	331	64.GBR_1933b_S36	Collapsed	Pseudomonas
51	354	64.GBR_1933b_S36	Collapsed	Pseudomonas
52	367	64.GBR_1933b_S36	Collapsed	Pseudomonas
53	331	64.GBR_1933b_S36	Collapsed	Pseudomonas
54	361	64.GBR_1933b_S36	Collapsed	Pseudomonas
55	416	64.GBR_1933b_S36	Collapsed	Pseudomonas
56	397	64.GBR_1933b_S36	Collapsed	Pseudomonas
57	405	64.GBR_1933b_S36	Collapsed	Pseudomonas
58	482	64.GBR_1933b_S36	Collapsed	Pseudomonas
59	428	64.GBR_1933b_S36	Collapsed	Pseudomonas
60	436	64.GBR_1933b_S36	Collapsed	Pseudomonas
61	500	64.GBR_1933b_S36	Collapsed	Pseudomonas
62	514	64.GBR_1933b_S36	Collapsed	Pseudomonas
63	566	64.GBR_1933b_S36	Collapsed	Pseudomonas
64	602	64.GBR_1933b_S36	Collapsed	Pseudomonas
65	595	64.GBR_1933b_S36	Collapsed	Pseudomonas
66	666	64.GBR_1933b_S36	Collapsed	Pseudomonas
67	662	64.GBR_1933b_S36	Collapsed	Pseudomonas
68	663	64.GBR_1933b_S36	Collapsed	Pseudomonas
69	728	64.GBR_1933b_S36	Collapsed	Pseudomonas
70	735	64.GBR_1933b_S36	Collapsed	Pseudomonas
71	781	64.GBR_1933b_S36	Collapsed	Pseudomonas
72	840	64.GBR_1933b_S36	Collapsed	Pseudomonas
73	846	64.GBR_1933b_S36	Collapsed	Pseudomonas
74	850	64.GBR_1933b_S36	Collapsed	Pseudomonas
75	887	64.GBR_1933b_S36	Collapsed	Pseudomonas
76	944	64.GBR_1933b_S36	Collapsed	Pseudomonas
77	944	64.GBR_1933b_S36	Collapsed	Pseudomonas
78	1043	64.GBR_1933b_S36	Collapsed	Pseudomonas
79	1001	64.GBR_1933b_S36	Collapsed	Pseudomonas
80	1118	64.GBR_1933b_S36	Collapsed	Pseudomonas
81	1167	64.GBR_1933b_S36	Collapsed	Pseudomonas
82	1139	64.GBR_1933b_S36	Collapsed	Pseudomonas
83	1193	64.GBR_1933b_S36	Collapsed	Pseudomonas
84	1276	64.GBR_1933b_S36	Collapsed	Pseudomonas
85	1311	64.GBR_1933b_S36	Collapsed	Pseudomonas
86	1373	64.GBR_1933b_S36	Collapsed	Pseudomonas
87	1374	64.GBR_1933b_S36	Collapsed	Pseudomonas
88	1488	64.GBR_1933b_S36	Collapsed	Pseudomonas
89	1534	64.GBR_1933b_S36	Collapsed	Pseudomonas
90	1535	64.GBR_1933b_S36	Collapsed	Pseudomonas
91	1633	64.GBR_1933b_S36	Collapsed	Pseudomonas
92	1630	64.GBR_1933b_S36	Collapsed	Pseudomonas
93	1926	64.GBR_1933b_S36	Collapsed	Pseudomonas
94	2007	64.GBR_1933b_S36	Collapsed	Pseudomonas
95	1956	64.GBR_1933b_S36	Collapsed	Pseudomonas
96	2043	64.GBR_1933b_S36	Collapsed	Pseudomonas
97	2152	64.GBR_1933b_S36	Collapsed	Pseudomonas
98	2125	64.GBR_1933b_S36	Collapsed	Pseudomonas
99	2297	64.GBR_1933b_S36	Collapsed	Pseudomonas
100	2190	64.GBR_1933b_S36	Collapsed	Pseudomonas
101	2213	64.GBR_1933b_S36	Collapsed	Pseudomonas
102	2371	64.GBR_1933b_S36	Collapsed	Pseudomonas
103	2359	64.GBR_1933b_S36	Collapsed	Pseudomonas
104	2407	64.GBR_1933b_S36	Collapsed	Pseudomonas
105	2548	64.GBR_1933b_S36	Collapsed	Pseudomonas
106	2507	64.GBR_1933b_S36	Collapsed	Pseudomonas
107	2636	64.GBR_1933b_S36	Collapsed	Pseudomonas
108	2653	64.GBR_1933b_S36	Collapsed	Pseudomonas
109	2645	64.GBR_1933b_S36	Collapsed	Pseudomonas
110	2745	64.GBR_1933b_S36	Collapsed	Pseudomonas
111	2652	64.GBR_1933b_S36	Collapsed	Pseudomonas
112	2871	64.GBR_1933b_S36	Collapsed	Pseudomonas
113	2663	64.GBR_1933b_S36	Collapsed	Pseudomonas
114	2854	64.GBR_1933b_S36	Collapsed	Pseudomonas
115	2847	64.GBR_1933b_S36	Collapsed	Pseudomonas
116	2660	64.GBR_1933b_S36	Collapsed	Pseudomonas
117	2823	64.GBR_1933b_S36	Collapsed	Pseudomonas
118	2878	64.GBR_1933b_S36	Collapsed	Pseudomonas
119	2809	64.GBR_1933b_S36	Collapsed	Pseudomonas
120	2776	64.GBR_1933b_S36	Collapsed	Pseudomonas
121	2865	64.GBR_1933b_S36	Collapsed	Pseudomonas
122	2751	64.GBR_1933b_S36	Collapsed	Pseudomonas
123	2901	64.GBR_1933b_S36	Collapsed	Pseudomonas
124	2922	64.GBR_1933b_S36	Collapsed	Pseudomonas
125	2951	64.GBR_1933b_S36	Collapsed	Pseudomonas
126	2943	64.GBR_1933b_S36	Collapsed	Pseudomonas
127	3036	64.GBR_1933b_S36	Collapsed	Pseudomonas
128	2835	64.GBR_1933b_S36	Collapsed	Pseudomonas
129	2923	64.GBR_1933b_S36	Collapsed	Pseudomonas
130	2870	64.GBR_1933b_S36	Collapsed	Pseudomonas
131	2807	64.GBR_1933b_S36	Collapsed	Pseudomonas
132	2720	64.GBR_1933b_S36	Collapsed	Pseudomonas
133	2713	64.GBR_1933b_S36	Collapsed	Pseudomonas
134	2691	64.GBR_1933b_S36	Collapsed	Pseudomonas
135	2517	64.GBR_1933b_S36	Collapsed	Pseudomonas
136	2545	64.GBR_1933b_S36	Collapsed	Pseudomonas
137	2461	64.GBR_1933b_S36	Collapsed	Pseudomonas
138	2535	64.GBR_1933b_S36	Collapsed	Pseudomonas
139	2354	64.GBR_1933b_S36	Collapsed	Pseudomonas
0	2	64.GBR_1933b_S36	Paired	Pseudomonas
95	2	64.GBR_1933b_S36	Paired	Pseudomonas
96	3	64.GBR_1933b_S36	Paired	Pseudomonas
97	7	64.GBR_1933b_S36	Paired	Pseudomonas
98	1	64.GBR_1933b_S36	Paired	Pseudomonas
99	2	64.GBR_1933b_S36	Paired	Pseudomonas
100	8	64.GBR_1933b_S36	Paired	Pseudomonas
101	6	64.GBR_1933b_S36	Paired	Pseudomonas
102	13	64.GBR_1933b_S36	Paired	Pseudomonas
103	9	64.GBR_1933b_S36	Paired	Pseudomonas
104	7	64.GBR_1933b_S36	Paired	Pseudomonas
105	7	64.GBR_1933b_S36	Paired	Pseudomonas
106	7	64.GBR_1933b_S36	Paired	Pseudomonas
107	25	64.GBR_1933b_S36	Paired	Pseudomonas
108	22	64.GBR_1933b_S36	Paired	Pseudomonas
109	25	64.GBR_1933b_S36	Paired	Pseudomonas
110	13	64.GBR_1933b_S36	Paired	Pseudomonas
111	19	64.GBR_1933b_S36	Paired	Pseudomonas
112	18	64.GBR_1933b_S36	Paired	Pseudomonas
113	21	64.GBR_1933b_S36	Paired	Pseudomonas
114	28	64.GBR_1933b_S36	Paired	Pseudomonas
115	32	64.GBR_1933b_S36	Paired	Pseudomonas
116	32	64.GBR_1933b_S36	Paired	Pseudomonas
117	20	64.GBR_1933b_S36	Paired	Pseudomonas
118	34	64.GBR_1933b_S36	Paired	Pseudomonas
119	36	64.GBR_1933b_S36	Paired	Pseudomonas
120	28	64.GBR_1933b_S36	Paired	Pseudomonas
121	33	64.GBR_1933b_S36	Paired	Pseudomonas
122	41	64.GBR_1933b_S36	Paired	Pseudomonas
123	37	64.GBR_1933b_S36	Paired	Pseudomonas
124	41	64.GBR_1933b_S36	Paired	Pseudomonas
125	39	64.GBR_1933b_S36	Paired	Pseudomonas
126	64	64.GBR_1933b_S36	Paired	Pseudomonas
127	76	64.GBR_1933b_S36	Paired	Pseudomonas
128	117	64.GBR_1933b_S36	Paired	Pseudomonas
129	79	64.GBR_1933b_S36	Paired	Pseudomonas
130	132	64.GBR_1933b_S36	Paired	Pseudomonas
131	105	64.GBR_1933b_S36	Paired	Pseudomonas
132	130	64.GBR_1933b_S36	Paired	Pseudomonas
133	139	64.GBR_1933b_S36	Paired	Pseudomonas
134	144	64.GBR_1933b_S36	Paired	Pseudomonas
135	162	64.GBR_1933b_S36	Paired	Pseudomonas
136	169	64.GBR_1933b_S36	Paired	Pseudomonas
137	171	64.GBR_1933b_S36	Paired	Pseudomonas
138	216	64.GBR_1933b_S36	Paired	Pseudomonas
139	253	64.GBR_1933b_S36	Paired	Pseudomonas
140	2747	64.GBR_1933b_S36	Paired	Pseudomonas
141	2652	64.GBR_1933b_S36	Paired	Pseudomonas
142	2662	64.GBR_1933b_S36	Paired	Pseudomonas
143	2728	64.GBR_1933b_S36	Paired	Pseudomonas
144	2558	64.GBR_1933b_S36	Paired	Pseudomonas
145	2509	64.GBR_1933b_S36	Paired	Pseudomonas
146	2503	64.GBR_1933b_S36	Paired	Pseudomonas
147	2443	64.GBR_1933b_S36	Paired	Pseudomonas
148	2392	64.GBR_1933b_S36	Paired	Pseudomonas
149	2307	64.GBR_1933b_S36	Paired	Pseudomonas
150	2252	64.GBR_1933b_S36	Paired	Pseudomonas
151	2168	64.GBR_1933b_S36	Paired	Pseudomonas
152	2140	64.GBR_1933b_S36	Paired	Pseudomonas
153	2040	64.GBR_1933b_S36	Paired	Pseudomonas
154	2013	64.GBR_1933b_S36	Paired	Pseudomonas
155	1970	64.GBR_1933b_S36	Paired	Pseudomonas
156	1829	64.GBR_1933b_S36	Paired	Pseudomonas
157	1914	64.GBR_1933b_S36	Paired	Pseudomonas
158	1899	64.GBR_1933b_S36	Paired	Pseudomonas
159	1788	64.GBR_1933b_S36	Paired	Pseudomonas
160	1854	64.GBR_1933b_S36	Paired	Pseudomonas
161	1679	64.GBR_1933b_S36	Paired	Pseudomonas
162	1609	64.GBR_1933b_S36	Paired	Pseudomonas
163	1598	64.GBR_1933b_S36	Paired	Pseudomonas
164	1598	64.GBR_1933b_S36	Paired	Pseudomonas
165	1538	64.GBR_1933b_S36	Paired	Pseudomonas
166	1503	64.GBR_1933b_S36	Paired	Pseudomonas
167	1445	64.GBR_1933b_S36	Paired	Pseudomonas
168	1361	64.GBR_1933b_S36	Paired	Pseudomonas
169	1418	64.GBR_1933b_S36	Paired	Pseudomonas
170	1290	64.GBR_1933b_S36	Paired	Pseudomonas
171	1321	64.GBR_1933b_S36	Paired	Pseudomonas
172	1303	64.GBR_1933b_S36	Paired	Pseudomonas
173	1205	64.GBR_1933b_S36	Paired	Pseudomonas
174	1175	64.GBR_1933b_S36	Paired	Pseudomonas
175	1155	64.GBR_1933b_S36	Paired	Pseudomonas
176	1107	64.GBR_1933b_S36	Paired	Pseudomonas
177	1100	64.GBR_1933b_S36	Paired	Pseudomonas
178	1011	64.GBR_1933b_S36	Paired	Pseudomonas
179	1007	64.GBR_1933b_S36	Paired	Pseudomonas
180	1021	64.GBR_1933b_S36	Paired	Pseudomonas
181	935	64.GBR_1933b_S36	Paired	Pseudomonas
182	908	64.GBR_1933b_S36	Paired	Pseudomonas
183	870	64.GBR_1933b_S36	Paired	Pseudomonas
184	945	64.GBR_1933b_S36	Paired	Pseudomonas
185	836	64.GBR_1933b_S36	Paired	Pseudomonas
186	819	64.GBR_1933b_S36	Paired	Pseudomonas
187	835	64.GBR_1933b_S36	Paired	Pseudomonas
188	702	64.GBR_1933b_S36	Paired	Pseudomonas
189	775	64.GBR_1933b_S36	Paired	Pseudomonas
190	722	64.GBR_1933b_S36	Paired	Pseudomonas
191	669	64.GBR_1933b_S36	Paired	Pseudomonas
192	704	64.GBR_1933b_S36	Paired	Pseudomonas
193	674	64.GBR_1933b_S36	Paired	Pseudomonas
194	614	64.GBR_1933b_S36	Paired	Pseudomonas
195	626	64.GBR_1933b_S36	Paired	Pseudomonas
196	594	64.GBR_1933b_S36	Paired	Pseudomonas
197	565	64.GBR_1933b_S36	Paired	Pseudomonas
198	588	64.GBR_1933b_S36	Paired	Pseudomonas
199	560	64.GBR_1933b_S36	Paired	Pseudomonas
200	518	64.GBR_1933b_S36	Paired	Pseudomonas
201	517	64.GBR_1933b_S36	Paired	Pseudomonas
202	518	64.GBR_1933b_S36	Paired	Pseudomonas
203	448	64.GBR_1933b_S36	Paired	Pseudomonas
204	459	64.GBR_1933b_S36	Paired	Pseudomonas
205	447	64.GBR_1933b_S36	Paired	Pseudomonas
206	442	64.GBR_1933b_S36	Paired	Pseudomonas
207	395	64.GBR_1933b_S36	Paired	Pseudomonas
208	397	64.GBR_1933b_S36	Paired	Pseudomonas
209	399	64.GBR_1933b_S36	Paired	Pseudomonas
210	372	64.GBR_1933b_S36	Paired	Pseudomonas
211	352	64.GBR_1933b_S36	Paired	Pseudomonas
212	344	64.GBR_1933b_S36	Paired	Pseudomonas
213	355	64.GBR_1933b_S36	Paired	Pseudomonas
214	335	64.GBR_1933b_S36	Paired	Pseudomonas
215	326	64.GBR_1933b_S36	Paired	Pseudomonas
216	344	64.GBR_1933b_S36	Paired	Pseudomonas
217	307	64.GBR_1933b_S36	Paired	Pseudomonas
218	335	64.GBR_1933b_S36	Paired	Pseudomonas
219	306	64.GBR_1933b_S36	Paired	Pseudomonas
220	259	64.GBR_1933b_S36	Paired	Pseudomonas
221	276	64.GBR_1933b_S36	Paired	Pseudomonas
222	258	64.GBR_1933b_S36	Paired	Pseudomonas
223	264	64.GBR_1933b_S36	Paired	Pseudomonas
224	238	64.GBR_1933b_S36	Paired	Pseudomonas
225	246	64.GBR_1933b_S36	Paired	Pseudomonas
226	241	64.GBR_1933b_S36	Paired	Pseudomonas
227	238	64.GBR_1933b_S36	Paired	Pseudomonas
228	195	64.GBR_1933b_S36	Paired	Pseudomonas
229	230	64.GBR_1933b_S36	Paired	Pseudomonas
230	204	64.GBR_1933b_S36	Paired	Pseudomonas
231	170	64.GBR_1933b_S36	Paired	Pseudomonas
232	189	64.GBR_1933b_S36	Paired	Pseudomonas
233	196	64.GBR_1933b_S36	Paired	Pseudomonas
234	175	64.GBR_1933b_S36	Paired	Pseudomonas
235	192	64.GBR_1933b_S36	Paired	Pseudomonas
236	180	64.GBR_1933b_S36	Paired	Pseudomonas
237	169	64.GBR_1933b_S36	Paired	Pseudomonas
238	175	64.GBR_1933b_S36	Paired	Pseudomonas
239	143	64.GBR_1933b_S36	Paired	Pseudomonas
240	154	64.GBR_1933b_S36	Paired	Pseudomonas
241	133	64.GBR_1933b_S36	Paired	Pseudomonas
242	127	64.GBR_1933b_S36	Paired	Pseudomonas
243	137	64.GBR_1933b_S36	Paired	Pseudomonas
244	137	64.GBR_1933b_S36	Paired	Pseudomonas
245	150	64.GBR_1933b_S36	Paired	Pseudomonas
246	131	64.GBR_1933b_S36	Paired	Pseudomonas
247	122	64.GBR_1933b_S36	Paired	Pseudomonas
248	142	64.GBR_1933b_S36	Paired	Pseudomonas
249	116	64.GBR_1933b_S36	Paired	Pseudomonas
250	118	64.GBR_1933b_S36	Paired	Pseudomonas
251	115	64.GBR_1933b_S36	Paired	Pseudomonas
252	122	64.GBR_1933b_S36	Paired	Pseudomonas
253	85	64.GBR_1933b_S36	Paired	Pseudomonas
254	96	64.GBR_1933b_S36	Paired	Pseudomonas
255	69	64.GBR_1933b_S36	Paired	Pseudomonas
256	121	64.GBR_1933b_S36	Paired	Pseudomonas
257	87	64.GBR_1933b_S36	Paired	Pseudomonas
258	111	64.GBR_1933b_S36	Paired	Pseudomonas
259	108	64.GBR_1933b_S36	Paired	Pseudomonas
260	92	64.GBR_1933b_S36	Paired	Pseudomonas
261	77	64.GBR_1933b_S36	Paired	Pseudomonas
262	97	64.GBR_1933b_S36	Paired	Pseudomonas
263	73	64.GBR_1933b_S36	Paired	Pseudomonas
264	87	64.GBR_1933b_S36	Paired	Pseudomonas
265	84	64.GBR_1933b_S36	Paired	Pseudomonas
266	63	64.GBR_1933b_S36	Paired	Pseudomonas
267	66	64.GBR_1933b_S36	Paired	Pseudomonas
268	68	64.GBR_1933b_S36	Paired	Pseudomonas
269	86	64.GBR_1933b_S36	Paired	Pseudomonas
270	74	64.GBR_1933b_S36	Paired	Pseudomonas
271	75	64.GBR_1933b_S36	Paired	Pseudomonas
272	57	64.GBR_1933b_S36	Paired	Pseudomonas
273	62	64.GBR_1933b_S36	Paired	Pseudomonas
274	50	64.GBR_1933b_S36	Paired	Pseudomonas
275	57	64.GBR_1933b_S36	Paired	Pseudomonas
276	56	64.GBR_1933b_S36	Paired	Pseudomonas
277	58	64.GBR_1933b_S36	Paired	Pseudomonas
278	64	64.GBR_1933b_S36	Paired	Pseudomonas
279	77	64.GBR_1933b_S36	Paired	Pseudomonas
280	73	64.GBR_1933b_S36	Paired	Pseudomonas
281	73	64.GBR_1933b_S36	Paired	Pseudomonas
282	84	64.GBR_1933b_S36	Paired	Pseudomonas
283	54	64.GBR_1933b_S36	Paired	Pseudomonas
284	104	64.GBR_1933b_S36	Paired	Pseudomonas
285	63	64.GBR_1933b_S36	Paired	Pseudomonas
286	110	64.GBR_1933b_S36	Paired	Pseudomonas
287	86	64.GBR_1933b_S36	Paired	Pseudomonas
288	38	64.GBR_1933b_S36	Paired	Pseudomonas
289	34	64.GBR_1933b_S36	Paired	Pseudomonas
290	20	64.GBR_1933b_S36	Paired	Pseudomonas
291	18	64.GBR_1933b_S36	Paired	Pseudomonas
292	22	64.GBR_1933b_S36	Paired	Pseudomonas
293	23	64.GBR_1933b_S36	Paired	Pseudomonas
294	23	64.GBR_1933b_S36	Paired	Pseudomonas
295	26	64.GBR_1933b_S36	Paired	Pseudomonas
296	23	64.GBR_1933b_S36	Paired	Pseudomonas
297	22	64.GBR_1933b_S36	Paired	Pseudomonas
298	33	64.GBR_1933b_S36	Paired	Pseudomonas
299	32	64.GBR_1933b_S36	Paired	Pseudomonas
300	30	64.GBR_1933b_S36	Paired	Pseudomonas
301	23	64.GBR_1933b_S36	Paired	Pseudomonas
302	21	64.GBR_1933b_S36	Paired	Pseudomonas
303	26	64.GBR_1933b_S36	Paired	Pseudomonas
304	17	64.GBR_1933b_S36	Paired	Pseudomonas
305	17	64.GBR_1933b_S36	Paired	Pseudomonas
306	21	64.GBR_1933b_S36	Paired	Pseudomonas
307	14	64.GBR_1933b_S36	Paired	Pseudomonas
308	19	64.GBR_1933b_S36	Paired	Pseudomonas
309	18	64.GBR_1933b_S36	Paired	Pseudomonas
310	14	64.GBR_1933b_S36	Paired	Pseudomonas
311	20	64.GBR_1933b_S36	Paired	Pseudomonas
312	18	64.GBR_1933b_S36	Paired	Pseudomonas
313	26	64.GBR_1933b_S36	Paired	Pseudomonas
314	18	64.GBR_1933b_S36	Paired	Pseudomonas
315	17	64.GBR_1933b_S36	Paired	Pseudomonas
316	21	64.GBR_1933b_S36	Paired	Pseudomonas
317	13	64.GBR_1933b_S36	Paired	Pseudomonas
318	17	64.GBR_1933b_S36	Paired	Pseudomonas
319	12	64.GBR_1933b_S36	Paired	Pseudomonas
320	13	64.GBR_1933b_S36	Paired	Pseudomonas
321	12	64.GBR_1933b_S36	Paired	Pseudomonas
322	14	64.GBR_1933b_S36	Paired	Pseudomonas
323	17	64.GBR_1933b_S36	Paired	Pseudomonas
324	15	64.GBR_1933b_S36	Paired	Pseudomonas
325	12	64.GBR_1933b_S36	Paired	Pseudomonas
326	12	64.GBR_1933b_S36	Paired	Pseudomonas
327	10	64.GBR_1933b_S36	Paired	Pseudomonas
328	12	64.GBR_1933b_S36	Paired	Pseudomonas
329	5	64.GBR_1933b_S36	Paired	Pseudomonas
330	9	64.GBR_1933b_S36	Paired	Pseudomonas
331	6	64.GBR_1933b_S36	Paired	Pseudomonas
15	2	34.ESP_1985c_S36	Collapsed	Arabidopsis
17	13	34.ESP_1985c_S36	Collapsed	Arabidopsis
18	26	34.ESP_1985c_S36	Collapsed	Arabidopsis
19	45	34.ESP_1985c_S36	Collapsed	Arabidopsis
20	45	34.ESP_1985c_S36	Collapsed	Arabidopsis
21	51	34.ESP_1985c_S36	Collapsed	Arabidopsis
22	65	34.ESP_1985c_S36	Collapsed	Arabidopsis
23	88	34.ESP_1985c_S36	Collapsed	Arabidopsis
24	110	34.ESP_1985c_S36	Collapsed	Arabidopsis
25	131	34.ESP_1985c_S36	Collapsed	Arabidopsis
26	162	34.ESP_1985c_S36	Collapsed	Arabidopsis
27	174	34.ESP_1985c_S36	Collapsed	Arabidopsis
28	201	34.ESP_1985c_S36	Collapsed	Arabidopsis
29	218	34.ESP_1985c_S36	Collapsed	Arabidopsis
30	233	34.ESP_1985c_S36	Collapsed	Arabidopsis
31	256	34.ESP_1985c_S36	Collapsed	Arabidopsis
32	302	34.ESP_1985c_S36	Collapsed	Arabidopsis
33	298	34.ESP_1985c_S36	Collapsed	Arabidopsis
34	349	34.ESP_1985c_S36	Collapsed	Arabidopsis
35	351	34.ESP_1985c_S36	Collapsed	Arabidopsis
36	388	34.ESP_1985c_S36	Collapsed	Arabidopsis
37	388	34.ESP_1985c_S36	Collapsed	Arabidopsis
38	435	34.ESP_1985c_S36	Collapsed	Arabidopsis
39	470	34.ESP_1985c_S36	Collapsed	Arabidopsis
40	480	34.ESP_1985c_S36	Collapsed	Arabidopsis
41	494	34.ESP_1985c_S36	Collapsed	Arabidopsis
42	521	34.ESP_1985c_S36	Collapsed	Arabidopsis
43	569	34.ESP_1985c_S36	Collapsed	Arabidopsis
44	570	34.ESP_1985c_S36	Collapsed	Arabidopsis
45	576	34.ESP_1985c_S36	Collapsed	Arabidopsis
46	584	34.ESP_1985c_S36	Collapsed	Arabidopsis
47	660	34.ESP_1985c_S36	Collapsed	Arabidopsis
48	626	34.ESP_1985c_S36	Collapsed	Arabidopsis
49	685	34.ESP_1985c_S36	Collapsed	Arabidopsis
50	750	34.ESP_1985c_S36	Collapsed	Arabidopsis
51	783	34.ESP_1985c_S36	Collapsed	Arabidopsis
52	782	34.ESP_1985c_S36	Collapsed	Arabidopsis
53	831	34.ESP_1985c_S36	Collapsed	Arabidopsis
54	896	34.ESP_1985c_S36	Collapsed	Arabidopsis
55	925	34.ESP_1985c_S36	Collapsed	Arabidopsis
56	973	34.ESP_1985c_S36	Collapsed	Arabidopsis
57	1047	34.ESP_1985c_S36	Collapsed	Arabidopsis
58	1092	34.ESP_1985c_S36	Collapsed	Arabidopsis
59	1116	34.ESP_1985c_S36	Collapsed	Arabidopsis
60	1150	34.ESP_1985c_S36	Collapsed	Arabidopsis
61	1225	34.ESP_1985c_S36	Collapsed	Arabidopsis
62	1286	34.ESP_1985c_S36	Collapsed	Arabidopsis
63	1329	34.ESP_1985c_S36	Collapsed	Arabidopsis
64	1449	34.ESP_1985c_S36	Collapsed	Arabidopsis
65	1494	34.ESP_1985c_S36	Collapsed	Arabidopsis
66	1519	34.ESP_1985c_S36	Collapsed	Arabidopsis
67	1642	34.ESP_1985c_S36	Collapsed	Arabidopsis
68	1704	34.ESP_1985c_S36	Collapsed	Arabidopsis
69	1858	34.ESP_1985c_S36	Collapsed	Arabidopsis
70	2027	34.ESP_1985c_S36	Collapsed	Arabidopsis
71	2012	34.ESP_1985c_S36	Collapsed	Arabidopsis
72	2084	34.ESP_1985c_S36	Collapsed	Arabidopsis
73	2272	34.ESP_1985c_S36	Collapsed	Arabidopsis
74	2291	34.ESP_1985c_S36	Collapsed	Arabidopsis
75	2418	34.ESP_1985c_S36	Collapsed	Arabidopsis
76	2613	34.ESP_1985c_S36	Collapsed	Arabidopsis
77	2776	34.ESP_1985c_S36	Collapsed	Arabidopsis
78	2862	34.ESP_1985c_S36	Collapsed	Arabidopsis
79	3020	34.ESP_1985c_S36	Collapsed	Arabidopsis
80	3132	34.ESP_1985c_S36	Collapsed	Arabidopsis
81	3279	34.ESP_1985c_S36	Collapsed	Arabidopsis
82	3413	34.ESP_1985c_S36	Collapsed	Arabidopsis
83	3629	34.ESP_1985c_S36	Collapsed	Arabidopsis
84	3860	34.ESP_1985c_S36	Collapsed	Arabidopsis
85	4018	34.ESP_1985c_S36	Collapsed	Arabidopsis
86	4267	34.ESP_1985c_S36	Collapsed	Arabidopsis
87	4329	34.ESP_1985c_S36	Collapsed	Arabidopsis
88	4538	34.ESP_1985c_S36	Collapsed	Arabidopsis
89	4932	34.ESP_1985c_S36	Collapsed	Arabidopsis
90	4956	34.ESP_1985c_S36	Collapsed	Arabidopsis
91	5389	34.ESP_1985c_S36	Collapsed	Arabidopsis
92	5606	34.ESP_1985c_S36	Collapsed	Arabidopsis
93	5926	34.ESP_1985c_S36	Collapsed	Arabidopsis
94	6093	34.ESP_1985c_S36	Collapsed	Arabidopsis
95	6287	34.ESP_1985c_S36	Collapsed	Arabidopsis
96	6738	34.ESP_1985c_S36	Collapsed	Arabidopsis
97	6976	34.ESP_1985c_S36	Collapsed	Arabidopsis
98	7149	34.ESP_1985c_S36	Collapsed	Arabidopsis
99	7545	34.ESP_1985c_S36	Collapsed	Arabidopsis
100	7889	34.ESP_1985c_S36	Collapsed	Arabidopsis
101	8141	34.ESP_1985c_S36	Collapsed	Arabidopsis
102	8495	34.ESP_1985c_S36	Collapsed	Arabidopsis
103	8928	34.ESP_1985c_S36	Collapsed	Arabidopsis
104	9507	34.ESP_1985c_S36	Collapsed	Arabidopsis
105	9702	34.ESP_1985c_S36	Collapsed	Arabidopsis
106	10055	34.ESP_1985c_S36	Collapsed	Arabidopsis
107	10280	34.ESP_1985c_S36	Collapsed	Arabidopsis
108	10816	34.ESP_1985c_S36	Collapsed	Arabidopsis
109	11401	34.ESP_1985c_S36	Collapsed	Arabidopsis
110	11604	34.ESP_1985c_S36	Collapsed	Arabidopsis
111	11860	34.ESP_1985c_S36	Collapsed	Arabidopsis
112	12326	34.ESP_1985c_S36	Collapsed	Arabidopsis
113	12661	34.ESP_1985c_S36	Collapsed	Arabidopsis
114	13141	34.ESP_1985c_S36	Collapsed	Arabidopsis
115	13385	34.ESP_1985c_S36	Collapsed	Arabidopsis
116	13722	34.ESP_1985c_S36	Collapsed	Arabidopsis
117	14023	34.ESP_1985c_S36	Collapsed	Arabidopsis
118	14500	34.ESP_1985c_S36	Collapsed	Arabidopsis
119	14899	34.ESP_1985c_S36	Collapsed	Arabidopsis
120	15468	34.ESP_1985c_S36	Collapsed	Arabidopsis
121	15447	34.ESP_1985c_S36	Collapsed	Arabidopsis
122	15682	34.ESP_1985c_S36	Collapsed	Arabidopsis
123	15924	34.ESP_1985c_S36	Collapsed	Arabidopsis
124	16782	34.ESP_1985c_S36	Collapsed	Arabidopsis
125	16784	34.ESP_1985c_S36	Collapsed	Arabidopsis
126	17011	34.ESP_1985c_S36	Collapsed	Arabidopsis
127	17346	34.ESP_1985c_S36	Collapsed	Arabidopsis
128	17367	34.ESP_1985c_S36	Collapsed	Arabidopsis
129	17461	34.ESP_1985c_S36	Collapsed	Arabidopsis
130	17853	34.ESP_1985c_S36	Collapsed	Arabidopsis
131	17995	34.ESP_1985c_S36	Collapsed	Arabidopsis
132	18076	34.ESP_1985c_S36	Collapsed	Arabidopsis
133	18174	34.ESP_1985c_S36	Collapsed	Arabidopsis
134	18217	34.ESP_1985c_S36	Collapsed	Arabidopsis
135	18265	34.ESP_1985c_S36	Collapsed	Arabidopsis
136	18321	34.ESP_1985c_S36	Collapsed	Arabidopsis
137	18476	34.ESP_1985c_S36	Collapsed	Arabidopsis
138	18183	34.ESP_1985c_S36	Collapsed	Arabidopsis
139	18561	34.ESP_1985c_S36	Collapsed	Arabidopsis
0	1	34.ESP_1985c_S36	Paired	Arabidopsis
47	1	34.ESP_1985c_S36	Paired	Arabidopsis
66	1	34.ESP_1985c_S36	Paired	Arabidopsis
75	1	34.ESP_1985c_S36	Paired	Arabidopsis
83	1	34.ESP_1985c_S36	Paired	Arabidopsis
84	2	34.ESP_1985c_S36	Paired	Arabidopsis
87	1	34.ESP_1985c_S36	Paired	Arabidopsis
88	1	34.ESP_1985c_S36	Paired	Arabidopsis
89	2	34.ESP_1985c_S36	Paired	Arabidopsis
90	7	34.ESP_1985c_S36	Paired	Arabidopsis
91	13	34.ESP_1985c_S36	Paired	Arabidopsis
92	9	34.ESP_1985c_S36	Paired	Arabidopsis
93	17	34.ESP_1985c_S36	Paired	Arabidopsis
94	12	34.ESP_1985c_S36	Paired	Arabidopsis
95	37	34.ESP_1985c_S36	Paired	Arabidopsis
96	33	34.ESP_1985c_S36	Paired	Arabidopsis
97	34	34.ESP_1985c_S36	Paired	Arabidopsis
98	32	34.ESP_1985c_S36	Paired	Arabidopsis
99	58	34.ESP_1985c_S36	Paired	Arabidopsis
100	56	34.ESP_1985c_S36	Paired	Arabidopsis
101	43	34.ESP_1985c_S36	Paired	Arabidopsis
102	58	34.ESP_1985c_S36	Paired	Arabidopsis
103	82	34.ESP_1985c_S36	Paired	Arabidopsis
104	69	34.ESP_1985c_S36	Paired	Arabidopsis
105	87	34.ESP_1985c_S36	Paired	Arabidopsis
106	80	34.ESP_1985c_S36	Paired	Arabidopsis
107	80	34.ESP_1985c_S36	Paired	Arabidopsis
108	100	34.ESP_1985c_S36	Paired	Arabidopsis
109	118	34.ESP_1985c_S36	Paired	Arabidopsis
110	100	34.ESP_1985c_S36	Paired	Arabidopsis
111	125	34.ESP_1985c_S36	Paired	Arabidopsis
112	116	34.ESP_1985c_S36	Paired	Arabidopsis
113	122	34.ESP_1985c_S36	Paired	Arabidopsis
114	146	34.ESP_1985c_S36	Paired	Arabidopsis
115	145	34.ESP_1985c_S36	Paired	Arabidopsis
116	184	34.ESP_1985c_S36	Paired	Arabidopsis
117	176	34.ESP_1985c_S36	Paired	Arabidopsis
118	155	34.ESP_1985c_S36	Paired	Arabidopsis
119	194	34.ESP_1985c_S36	Paired	Arabidopsis
120	216	34.ESP_1985c_S36	Paired	Arabidopsis
121	215	34.ESP_1985c_S36	Paired	Arabidopsis
122	224	34.ESP_1985c_S36	Paired	Arabidopsis
123	224	34.ESP_1985c_S36	Paired	Arabidopsis
124	279	34.ESP_1985c_S36	Paired	Arabidopsis
125	309	34.ESP_1985c_S36	Paired	Arabidopsis
126	392	34.ESP_1985c_S36	Paired	Arabidopsis
127	485	34.ESP_1985c_S36	Paired	Arabidopsis
128	555	34.ESP_1985c_S36	Paired	Arabidopsis
129	600	34.ESP_1985c_S36	Paired	Arabidopsis
130	677	34.ESP_1985c_S36	Paired	Arabidopsis
131	735	34.ESP_1985c_S36	Paired	Arabidopsis
132	725	34.ESP_1985c_S36	Paired	Arabidopsis
133	758	34.ESP_1985c_S36	Paired	Arabidopsis
134	791	34.ESP_1985c_S36	Paired	Arabidopsis
135	817	34.ESP_1985c_S36	Paired	Arabidopsis
136	949	34.ESP_1985c_S36	Paired	Arabidopsis
137	1007	34.ESP_1985c_S36	Paired	Arabidopsis
138	1222	34.ESP_1985c_S36	Paired	Arabidopsis
139	1670	34.ESP_1985c_S36	Paired	Arabidopsis
140	18175	34.ESP_1985c_S36	Paired	Arabidopsis
141	18884	34.ESP_1985c_S36	Paired	Arabidopsis
142	18524	34.ESP_1985c_S36	Paired	Arabidopsis
143	18687	34.ESP_1985c_S36	Paired	Arabidopsis
144	18161	34.ESP_1985c_S36	Paired	Arabidopsis
145	18109	34.ESP_1985c_S36	Paired	Arabidopsis
146	18204	34.ESP_1985c_S36	Paired	Arabidopsis
147	17961	34.ESP_1985c_S36	Paired	Arabidopsis
148	17968	34.ESP_1985c_S36	Paired	Arabidopsis
149	17726	34.ESP_1985c_S36	Paired	Arabidopsis
150	17626	34.ESP_1985c_S36	Paired	Arabidopsis
151	17580	34.ESP_1985c_S36	Paired	Arabidopsis
152	17510	34.ESP_1985c_S36	Paired	Arabidopsis
153	17366	34.ESP_1985c_S36	Paired	Arabidopsis
154	17037	34.ESP_1985c_S36	Paired	Arabidopsis
155	17299	34.ESP_1985c_S36	Paired	Arabidopsis
156	16926	34.ESP_1985c_S36	Paired	Arabidopsis
157	16432	34.ESP_1985c_S36	Paired	Arabidopsis
158	16287	34.ESP_1985c_S36	Paired	Arabidopsis
159	16167	34.ESP_1985c_S36	Paired	Arabidopsis
160	16039	34.ESP_1985c_S36	Paired	Arabidopsis
161	15705	34.ESP_1985c_S36	Paired	Arabidopsis
162	15473	34.ESP_1985c_S36	Paired	Arabidopsis
163	15572	34.ESP_1985c_S36	Paired	Arabidopsis
164	15370	34.ESP_1985c_S36	Paired	Arabidopsis
165	15147	34.ESP_1985c_S36	Paired	Arabidopsis
166	14975	34.ESP_1985c_S36	Paired	Arabidopsis
167	14791	34.ESP_1985c_S36	Paired	Arabidopsis
168	14492	34.ESP_1985c_S36	Paired	Arabidopsis
169	14129	34.ESP_1985c_S36	Paired	Arabidopsis
170	13993	34.ESP_1985c_S36	Paired	Arabidopsis
171	13725	34.ESP_1985c_S36	Paired	Arabidopsis
172	13682	34.ESP_1985c_S36	Paired	Arabidopsis
173	13518	34.ESP_1985c_S36	Paired	Arabidopsis
174	13420	34.ESP_1985c_S36	Paired	Arabidopsis
175	13289	34.ESP_1985c_S36	Paired	Arabidopsis
176	12950	34.ESP_1985c_S36	Paired	Arabidopsis
177	12608	34.ESP_1985c_S36	Paired	Arabidopsis
178	12528	34.ESP_1985c_S36	Paired	Arabidopsis
179	12217	34.ESP_1985c_S36	Paired	Arabidopsis
180	12232	34.ESP_1985c_S36	Paired	Arabidopsis
181	12070	34.ESP_1985c_S36	Paired	Arabidopsis
182	11927	34.ESP_1985c_S36	Paired	Arabidopsis
183	11828	34.ESP_1985c_S36	Paired	Arabidopsis
184	11253	34.ESP_1985c_S36	Paired	Arabidopsis
185	11315	34.ESP_1985c_S36	Paired	Arabidopsis
186	11045	34.ESP_1985c_S36	Paired	Arabidopsis
187	10839	34.ESP_1985c_S36	Paired	Arabidopsis
188	10587	34.ESP_1985c_S36	Paired	Arabidopsis
189	10583	34.ESP_1985c_S36	Paired	Arabidopsis
190	10283	34.ESP_1985c_S36	Paired	Arabidopsis
191	10032	34.ESP_1985c_S36	Paired	Arabidopsis
192	9742	34.ESP_1985c_S36	Paired	Arabidopsis
193	9860	34.ESP_1985c_S36	Paired	Arabidopsis
194	9549	34.ESP_1985c_S36	Paired	Arabidopsis
195	9354	34.ESP_1985c_S36	Paired	Arabidopsis
196	9233	34.ESP_1985c_S36	Paired	Arabidopsis
197	8987	34.ESP_1985c_S36	Paired	Arabidopsis
198	8998	34.ESP_1985c_S36	Paired	Arabidopsis
199	8741	34.ESP_1985c_S36	Paired	Arabidopsis
200	8681	34.ESP_1985c_S36	Paired	Arabidopsis
201	8457	34.ESP_1985c_S36	Paired	Arabidopsis
202	8336	34.ESP_1985c_S36	Paired	Arabidopsis
203	8241	34.ESP_1985c_S36	Paired	Arabidopsis
204	8175	34.ESP_1985c_S36	Paired	Arabidopsis
205	8042	34.ESP_1985c_S36	Paired	Arabidopsis
206	7889	34.ESP_1985c_S36	Paired	Arabidopsis
207	7593	34.ESP_1985c_S36	Paired	Arabidopsis
208	7501	34.ESP_1985c_S36	Paired	Arabidopsis
209	7352	34.ESP_1985c_S36	Paired	Arabidopsis
210	7415	34.ESP_1985c_S36	Paired	Arabidopsis
211	7031	34.ESP_1985c_S36	Paired	Arabidopsis
212	7037	34.ESP_1985c_S36	Paired	Arabidopsis
213	6972	34.ESP_1985c_S36	Paired	Arabidopsis
214	6735	34.ESP_1985c_S36	Paired	Arabidopsis
215	6485	34.ESP_1985c_S36	Paired	Arabidopsis
216	6652	34.ESP_1985c_S36	Paired	Arabidopsis
217	6477	34.ESP_1985c_S36	Paired	Arabidopsis
218	6322	34.ESP_1985c_S36	Paired	Arabidopsis
219	6316	34.ESP_1985c_S36	Paired	Arabidopsis
220	6024	34.ESP_1985c_S36	Paired	Arabidopsis
221	5965	34.ESP_1985c_S36	Paired	Arabidopsis
222	5860	34.ESP_1985c_S36	Paired	Arabidopsis
223	5824	34.ESP_1985c_S36	Paired	Arabidopsis
224	5507	34.ESP_1985c_S36	Paired	Arabidopsis
225	5487	34.ESP_1985c_S36	Paired	Arabidopsis
226	5444	34.ESP_1985c_S36	Paired	Arabidopsis
227	5347	34.ESP_1985c_S36	Paired	Arabidopsis
228	5355	34.ESP_1985c_S36	Paired	Arabidopsis
229	5186	34.ESP_1985c_S36	Paired	Arabidopsis
230	5113	34.ESP_1985c_S36	Paired	Arabidopsis
231	4936	34.ESP_1985c_S36	Paired	Arabidopsis
232	4944	34.ESP_1985c_S36	Paired	Arabidopsis
233	4744	34.ESP_1985c_S36	Paired	Arabidopsis
234	4755	34.ESP_1985c_S36	Paired	Arabidopsis
235	4678	34.ESP_1985c_S36	Paired	Arabidopsis
236	4580	34.ESP_1985c_S36	Paired	Arabidopsis
237	4600	34.ESP_1985c_S36	Paired	Arabidopsis
238	4417	34.ESP_1985c_S36	Paired	Arabidopsis
239	4322	34.ESP_1985c_S36	Paired	Arabidopsis
240	4339	34.ESP_1985c_S36	Paired	Arabidopsis
241	4111	34.ESP_1985c_S36	Paired	Arabidopsis
242	4112	34.ESP_1985c_S36	Paired	Arabidopsis
243	4078	34.ESP_1985c_S36	Paired	Arabidopsis
244	3972	34.ESP_1985c_S36	Paired	Arabidopsis
245	3990	34.ESP_1985c_S36	Paired	Arabidopsis
246	3801	34.ESP_1985c_S36	Paired	Arabidopsis
247	3641	34.ESP_1985c_S36	Paired	Arabidopsis
248	3729	34.ESP_1985c_S36	Paired	Arabidopsis
249	3611	34.ESP_1985c_S36	Paired	Arabidopsis
250	3657	34.ESP_1985c_S36	Paired	Arabidopsis
251	3540	34.ESP_1985c_S36	Paired	Arabidopsis
252	3388	34.ESP_1985c_S36	Paired	Arabidopsis
253	3402	34.ESP_1985c_S36	Paired	Arabidopsis
254	3331	34.ESP_1985c_S36	Paired	Arabidopsis
255	3269	34.ESP_1985c_S36	Paired	Arabidopsis
256	3365	34.ESP_1985c_S36	Paired	Arabidopsis
257	3144	34.ESP_1985c_S36	Paired	Arabidopsis
258	3181	34.ESP_1985c_S36	Paired	Arabidopsis
259	3002	34.ESP_1985c_S36	Paired	Arabidopsis
260	2927	34.ESP_1985c_S36	Paired	Arabidopsis
261	2979	34.ESP_1985c_S36	Paired	Arabidopsis
262	2947	34.ESP_1985c_S36	Paired	Arabidopsis
263	2834	34.ESP_1985c_S36	Paired	Arabidopsis
264	2752	34.ESP_1985c_S36	Paired	Arabidopsis
265	2750	34.ESP_1985c_S36	Paired	Arabidopsis
266	2814	34.ESP_1985c_S36	Paired	Arabidopsis
267	2698	34.ESP_1985c_S36	Paired	Arabidopsis
268	2676	34.ESP_1985c_S36	Paired	Arabidopsis
269	2631	34.ESP_1985c_S36	Paired	Arabidopsis
270	2576	34.ESP_1985c_S36	Paired	Arabidopsis
271	2578	34.ESP_1985c_S36	Paired	Arabidopsis
272	2305	34.ESP_1985c_S36	Paired	Arabidopsis
273	2409	34.ESP_1985c_S36	Paired	Arabidopsis
274	2476	34.ESP_1985c_S36	Paired	Arabidopsis
275	2333	34.ESP_1985c_S36	Paired	Arabidopsis
276	2224	34.ESP_1985c_S36	Paired	Arabidopsis
277	2251	34.ESP_1985c_S36	Paired	Arabidopsis
278	2310	34.ESP_1985c_S36	Paired	Arabidopsis
279	2156	34.ESP_1985c_S36	Paired	Arabidopsis
280	2202	34.ESP_1985c_S36	Paired	Arabidopsis
281	2089	34.ESP_1985c_S36	Paired	Arabidopsis
282	2117	34.ESP_1985c_S36	Paired	Arabidopsis
283	2009	34.ESP_1985c_S36	Paired	Arabidopsis
284	1985	34.ESP_1985c_S36	Paired	Arabidopsis
285	1950	34.ESP_1985c_S36	Paired	Arabidopsis
286	1914	34.ESP_1985c_S36	Paired	Arabidopsis
287	1813	34.ESP_1985c_S36	Paired	Arabidopsis
288	1862	34.ESP_1985c_S36	Paired	Arabidopsis
289	1910	34.ESP_1985c_S36	Paired	Arabidopsis
290	1763	34.ESP_1985c_S36	Paired	Arabidopsis
291	1793	34.ESP_1985c_S36	Paired	Arabidopsis
292	1736	34.ESP_1985c_S36	Paired	Arabidopsis
293	1729	34.ESP_1985c_S36	Paired	Arabidopsis
294	1636	34.ESP_1985c_S36	Paired	Arabidopsis
295	1623	34.ESP_1985c_S36	Paired	Arabidopsis
296	1558	34.ESP_1985c_S36	Paired	Arabidopsis
297	1569	34.ESP_1985c_S36	Paired	Arabidopsis
298	1621	34.ESP_1985c_S36	Paired	Arabidopsis
299	1588	34.ESP_1985c_S36	Paired	Arabidopsis
300	1466	34.ESP_1985c_S36	Paired	Arabidopsis
301	1549	34.ESP_1985c_S36	Paired	Arabidopsis
302	1557	34.ESP_1985c_S36	Paired	Arabidopsis
303	1398	34.ESP_1985c_S36	Paired	Arabidopsis
304	1425	34.ESP_1985c_S36	Paired	Arabidopsis
305	1401	34.ESP_1985c_S36	Paired	Arabidopsis
306	1364	34.ESP_1985c_S36	Paired	Arabidopsis
307	1375	34.ESP_1985c_S36	Paired	Arabidopsis
308	1282	34.ESP_1985c_S36	Paired	Arabidopsis
309	1352	34.ESP_1985c_S36	Paired	Arabidopsis
310	1281	34.ESP_1985c_S36	Paired	Arabidopsis
311	1278	34.ESP_1985c_S36	Paired	Arabidopsis
312	1311	34.ESP_1985c_S36	Paired	Arabidopsis
313	1247	34.ESP_1985c_S36	Paired	Arabidopsis
314	1182	34.ESP_1985c_S36	Paired	Arabidopsis
315	1164	34.ESP_1985c_S36	Paired	Arabidopsis
316	1159	34.ESP_1985c_S36	Paired	Arabidopsis
317	1149	34.ESP_1985c_S36	Paired	Arabidopsis
318	1177	34.ESP_1985c_S36	Paired	Arabidopsis
319	1174	34.ESP_1985c_S36	Paired	Arabidopsis
320	1134	34.ESP_1985c_S36	Paired	Arabidopsis
321	1123	34.ESP_1985c_S36	Paired	Arabidopsis
322	1057	34.ESP_1985c_S36	Paired	Arabidopsis
323	1037	34.ESP_1985c_S36	Paired	Arabidopsis
324	1050	34.ESP_1985c_S36	Paired	Arabidopsis
325	1024	34.ESP_1985c_S36	Paired	Arabidopsis
326	1050	34.ESP_1985c_S36	Paired	Arabidopsis
327	989	34.ESP_1985c_S36	Paired	Arabidopsis
328	926	34.ESP_1985c_S36	Paired	Arabidopsis
329	907	34.ESP_1985c_S36	Paired	Arabidopsis
330	949	34.ESP_1985c_S36	Paired	Arabidopsis
331	967	34.ESP_1985c_S36	Paired	Arabidopsis
332	889	34.ESP_1985c_S36	Paired	Arabidopsis
333	907	34.ESP_1985c_S36	Paired	Arabidopsis
334	884	34.ESP_1985c_S36	Paired	Arabidopsis
335	868	34.ESP_1985c_S36	Paired	Arabidopsis
336	821	34.ESP_1985c_S36	Paired	Arabidopsis
337	848	34.ESP_1985c_S36	Paired	Arabidopsis
338	795	34.ESP_1985c_S36	Paired	Arabidopsis
339	836	34.ESP_1985c_S36	Paired	Arabidopsis
340	818	34.ESP_1985c_S36	Paired	Arabidopsis
341	771	34.ESP_1985c_S36	Paired	Arabidopsis
342	817	34.ESP_1985c_S36	Paired	Arabidopsis
343	763	34.ESP_1985c_S36	Paired	Arabidopsis
344	724	34.ESP_1985c_S36	Paired	Arabidopsis
345	711	34.ESP_1985c_S36	Paired	Arabidopsis
346	715	34.ESP_1985c_S36	Paired	Arabidopsis
347	680	34.ESP_1985c_S36	Paired	Arabidopsis
348	715	34.ESP_1985c_S36	Paired	Arabidopsis
349	663	34.ESP_1985c_S36	Paired	Arabidopsis
350	700	34.ESP_1985c_S36	Paired	Arabidopsis
351	674	34.ESP_1985c_S36	Paired	Arabidopsis
352	663	34.ESP_1985c_S36	Paired	Arabidopsis
353	644	34.ESP_1985c_S36	Paired	Arabidopsis
354	658	34.ESP_1985c_S36	Paired	Arabidopsis
355	644	34.ESP_1985c_S36	Paired	Arabidopsis
356	574	34.ESP_1985c_S36	Paired	Arabidopsis
357	548	34.ESP_1985c_S36	Paired	Arabidopsis
358	576	34.ESP_1985c_S36	Paired	Arabidopsis
359	606	34.ESP_1985c_S36	Paired	Arabidopsis
360	603	34.ESP_1985c_S36	Paired	Arabidopsis
361	583	34.ESP_1985c_S36	Paired	Arabidopsis
362	621	34.ESP_1985c_S36	Paired	Arabidopsis
363	603	34.ESP_1985c_S36	Paired	Arabidopsis
364	648	34.ESP_1985c_S36	Paired	Arabidopsis
365	644	34.ESP_1985c_S36	Paired	Arabidopsis
366	592	34.ESP_1985c_S36	Paired	Arabidopsis
367	595	34.ESP_1985c_S36	Paired	Arabidopsis
368	567	34.ESP_1985c_S36	Paired	Arabidopsis
369	537	34.ESP_1985c_S36	Paired	Arabidopsis
370	540	34.ESP_1985c_S36	Paired	Arabidopsis
371	576	34.ESP_1985c_S36	Paired	Arabidopsis
372	536	34.ESP_1985c_S36	Paired	Arabidopsis
373	570	34.ESP_1985c_S36	Paired	Arabidopsis
374	461	34.ESP_1985c_S36	Paired	Arabidopsis
375	423	34.ESP_1985c_S36	Paired	Arabidopsis
376	388	34.ESP_1985c_S36	Paired	Arabidopsis
377	368	34.ESP_1985c_S36	Paired	Arabidopsis
378	390	34.ESP_1985c_S36	Paired	Arabidopsis
379	358	34.ESP_1985c_S36	Paired	Arabidopsis
380	313	34.ESP_1985c_S36	Paired	Arabidopsis
381	363	34.ESP_1985c_S36	Paired	Arabidopsis
382	346	34.ESP_1985c_S36	Paired	Arabidopsis
383	342	34.ESP_1985c_S36	Paired	Arabidopsis
384	377	34.ESP_1985c_S36	Paired	Arabidopsis
385	348	34.ESP_1985c_S36	Paired	Arabidopsis
386	316	34.ESP_1985c_S36	Paired	Arabidopsis
387	286	34.ESP_1985c_S36	Paired	Arabidopsis
388	301	34.ESP_1985c_S36	Paired	Arabidopsis
389	294	34.ESP_1985c_S36	Paired	Arabidopsis
390	300	34.ESP_1985c_S36	Paired	Arabidopsis
391	299	34.ESP_1985c_S36	Paired	Arabidopsis
392	289	34.ESP_1985c_S36	Paired	Arabidopsis
393	288	34.ESP_1985c_S36	Paired	Arabidopsis
394	283	34.ESP_1985c_S36	Paired	Arabidopsis
395	276	34.ESP_1985c_S36	Paired	Arabidopsis
396	273	34.ESP_1985c_S36	Paired	Arabidopsis
397	307	34.ESP_1985c_S36	Paired	Arabidopsis
398	244	34.ESP_1985c_S36	Paired	Arabidopsis
399	243	34.ESP_1985c_S36	Paired	Arabidopsis
400	269	34.ESP_1985c_S36	Paired	Arabidopsis
401	262	34.ESP_1985c_S36	Paired	Arabidopsis
402	208	34.ESP_1985c_S36	Paired	Arabidopsis
403	236	34.ESP_1985c_S36	Paired	Arabidopsis
404	257	34.ESP_1985c_S36	Paired	Arabidopsis
405	249	34.ESP_1985c_S36	Paired	Arabidopsis
406	256	34.ESP_1985c_S36	Paired	Arabidopsis
407	231	34.ESP_1985c_S36	Paired	Arabidopsis
408	224	34.ESP_1985c_S36	Paired	Arabidopsis
409	229	34.ESP_1985c_S36	Paired	Arabidopsis
410	223	34.ESP_1985c_S36	Paired	Arabidopsis
411	225	34.ESP_1985c_S36	Paired	Arabidopsis
412	209	34.ESP_1985c_S36	Paired	Arabidopsis
413	208	34.ESP_1985c_S36	Paired	Arabidopsis
414	207	34.ESP_1985c_S36	Paired	Arabidopsis
415	196	34.ESP_1985c_S36	Paired	Arabidopsis
416	186	34.ESP_1985c_S36	Paired	Arabidopsis
417	183	34.ESP_1985c_S36	Paired	Arabidopsis
418	177	34.ESP_1985c_S36	Paired	Arabidopsis
419	200	34.ESP_1985c_S36	Paired	Arabidopsis
420	169	34.ESP_1985c_S36	Paired	Arabidopsis
421	173	34.ESP_1985c_S36	Paired	Arabidopsis
422	158	34.ESP_1985c_S36	Paired	Arabidopsis
423	152	34.ESP_1985c_S36	Paired	Arabidopsis
424	172	34.ESP_1985c_S36	Paired	Arabidopsis
425	178	34.ESP_1985c_S36	Paired	Arabidopsis
426	177	34.ESP_1985c_S36	Paired	Arabidopsis
427	131	34.ESP_1985c_S36	Paired	Arabidopsis
428	163	34.ESP_1985c_S36	Paired	Arabidopsis
429	176	34.ESP_1985c_S36	Paired	Arabidopsis
430	149	34.ESP_1985c_S36	Paired	Arabidopsis
431	130	34.ESP_1985c_S36	Paired	Arabidopsis
432	163	34.ESP_1985c_S36	Paired	Arabidopsis
433	145	34.ESP_1985c_S36	Paired	Arabidopsis
434	153	34.ESP_1985c_S36	Paired	Arabidopsis
435	128	34.ESP_1985c_S36	Paired	Arabidopsis
436	140	34.ESP_1985c_S36	Paired	Arabidopsis
437	147	34.ESP_1985c_S36	Paired	Arabidopsis
438	147	34.ESP_1985c_S36	Paired	Arabidopsis
439	130	34.ESP_1985c_S36	Paired	Arabidopsis
440	144	34.ESP_1985c_S36	Paired	Arabidopsis
441	119	34.ESP_1985c_S36	Paired	Arabidopsis
442	114	34.ESP_1985c_S36	Paired	Arabidopsis
443	140	34.ESP_1985c_S36	Paired	Arabidopsis
444	134	34.ESP_1985c_S36	Paired	Arabidopsis
445	133	34.ESP_1985c_S36	Paired	Arabidopsis
446	108	34.ESP_1985c_S36	Paired	Arabidopsis
447	120	34.ESP_1985c_S36	Paired	Arabidopsis
448	109	34.ESP_1985c_S36	Paired	Arabidopsis
449	99	34.ESP_1985c_S36	Paired	Arabidopsis
450	109	34.ESP_1985c_S36	Paired	Arabidopsis
451	112	34.ESP_1985c_S36	Paired	Arabidopsis
452	108	34.ESP_1985c_S36	Paired	Arabidopsis
453	109	34.ESP_1985c_S36	Paired	Arabidopsis
454	96	34.ESP_1985c_S36	Paired	Arabidopsis
455	88	34.ESP_1985c_S36	Paired	Arabidopsis
456	100	34.ESP_1985c_S36	Paired	Arabidopsis
457	106	34.ESP_1985c_S36	Paired	Arabidopsis
458	86	34.ESP_1985c_S36	Paired	Arabidopsis
459	102	34.ESP_1985c_S36	Paired	Arabidopsis
460	78	34.ESP_1985c_S36	Paired	Arabidopsis
461	93	34.ESP_1985c_S36	Paired	Arabidopsis
462	97	34.ESP_1985c_S36	Paired	Arabidopsis
463	74	34.ESP_1985c_S36	Paired	Arabidopsis
464	92	34.ESP_1985c_S36	Paired	Arabidopsis
465	83	34.ESP_1985c_S36	Paired	Arabidopsis
466	90	34.ESP_1985c_S36	Paired	Arabidopsis
467	76	34.ESP_1985c_S36	Paired	Arabidopsis
468	68	34.ESP_1985c_S36	Paired	Arabidopsis
469	82	34.ESP_1985c_S36	Paired	Arabidopsis
470	71	34.ESP_1985c_S36	Paired	Arabidopsis
471	81	34.ESP_1985c_S36	Paired	Arabidopsis
472	85	34.ESP_1985c_S36	Paired	Arabidopsis
473	68	34.ESP_1985c_S36	Paired	Arabidopsis
474	80	34.ESP_1985c_S36	Paired	Arabidopsis
475	78	34.ESP_1985c_S36	Paired	Arabidopsis
476	72	34.ESP_1985c_S36	Paired	Arabidopsis
477	81	34.ESP_1985c_S36	Paired	Arabidopsis
478	74	34.ESP_1985c_S36	Paired	Arabidopsis
479	58	34.ESP_1985c_S36	Paired	Arabidopsis
480	69	34.ESP_1985c_S36	Paired	Arabidopsis
481	62	34.ESP_1985c_S36	Paired	Arabidopsis
482	65	34.ESP_1985c_S36	Paired	Arabidopsis
483	69	34.ESP_1985c_S36	Paired	Arabidopsis
484	59	34.ESP_1985c_S36	Paired	Arabidopsis
485	56	34.ESP_1985c_S36	Paired	Arabidopsis
486	43	34.ESP_1985c_S36	Paired	Arabidopsis
487	56	34.ESP_1985c_S36	Paired	Arabidopsis
488	41	34.ESP_1985c_S36	Paired	Arabidopsis
489	35	34.ESP_1985c_S36	Paired	Arabidopsis
490	25	34.ESP_1985c_S36	Paired	Arabidopsis
491	45	34.ESP_1985c_S36	Paired	Arabidopsis
492	32	34.ESP_1985c_S36	Paired	Arabidopsis
493	41	34.ESP_1985c_S36	Paired	Arabidopsis
494	25	34.ESP_1985c_S36	Paired	Arabidopsis
495	40	34.ESP_1985c_S36	Paired	Arabidopsis
496	35	34.ESP_1985c_S36	Paired	Arabidopsis
497	28	34.ESP_1985c_S36	Paired	Arabidopsis
498	22	34.ESP_1985c_S36	Paired	Arabidopsis
499	11	34.ESP_1985c_S36	Paired	Arabidopsis
500	10	34.ESP_1985c_S36	Paired	Arabidopsis
501	7	34.ESP_1985c_S36	Paired	Arabidopsis
502	4	34.ESP_1985c_S36	Paired	Arabidopsis
15	1	34.ESP_1985c_S36	Collapsed	Pseudomonas
17	2	34.ESP_1985c_S36	Collapsed	Pseudomonas
18	8	34.ESP_1985c_S36	Collapsed	Pseudomonas
19	20	34.ESP_1985c_S36	Collapsed	Pseudomonas
20	30	34.ESP_1985c_S36	Collapsed	Pseudomonas
21	36	34.ESP_1985c_S36	Collapsed	Pseudomonas
22	36	34.ESP_1985c_S36	Collapsed	Pseudomonas
23	42	34.ESP_1985c_S36	Collapsed	Pseudomonas
24	38	34.ESP_1985c_S36	Collapsed	Pseudomonas
25	39	34.ESP_1985c_S36	Collapsed	Pseudomonas
26	39	34.ESP_1985c_S36	Collapsed	Pseudomonas
27	60	34.ESP_1985c_S36	Collapsed	Pseudomonas
28	56	34.ESP_1985c_S36	Collapsed	Pseudomonas
29	58	34.ESP_1985c_S36	Collapsed	Pseudomonas
30	69	34.ESP_1985c_S36	Collapsed	Pseudomonas
31	64	34.ESP_1985c_S36	Collapsed	Pseudomonas
32	77	34.ESP_1985c_S36	Collapsed	Pseudomonas
33	78	34.ESP_1985c_S36	Collapsed	Pseudomonas
34	101	34.ESP_1985c_S36	Collapsed	Pseudomonas
35	87	34.ESP_1985c_S36	Collapsed	Pseudomonas
36	83	34.ESP_1985c_S36	Collapsed	Pseudomonas
37	86	34.ESP_1985c_S36	Collapsed	Pseudomonas
38	122	34.ESP_1985c_S36	Collapsed	Pseudomonas
39	126	34.ESP_1985c_S36	Collapsed	Pseudomonas
40	119	34.ESP_1985c_S36	Collapsed	Pseudomonas
41	133	34.ESP_1985c_S36	Collapsed	Pseudomonas
42	133	34.ESP_1985c_S36	Collapsed	Pseudomonas
43	139	34.ESP_1985c_S36	Collapsed	Pseudomonas
44	151	34.ESP_1985c_S36	Collapsed	Pseudomonas
45	168	34.ESP_1985c_S36	Collapsed	Pseudomonas
46	149	34.ESP_1985c_S36	Collapsed	Pseudomonas
47	191	34.ESP_1985c_S36	Collapsed	Pseudomonas
48	168	34.ESP_1985c_S36	Collapsed	Pseudomonas
49	184	34.ESP_1985c_S36	Collapsed	Pseudomonas
50	175	34.ESP_1985c_S36	Collapsed	Pseudomonas
51	219	34.ESP_1985c_S36	Collapsed	Pseudomonas
52	235	34.ESP_1985c_S36	Collapsed	Pseudomonas
53	205	34.ESP_1985c_S36	Collapsed	Pseudomonas
54	232	34.ESP_1985c_S36	Collapsed	Pseudomonas
55	255	34.ESP_1985c_S36	Collapsed	Pseudomonas
56	277	34.ESP_1985c_S36	Collapsed	Pseudomonas
57	294	34.ESP_1985c_S36	Collapsed	Pseudomonas
58	317	34.ESP_1985c_S36	Collapsed	Pseudomonas
59	297	34.ESP_1985c_S36	Collapsed	Pseudomonas
60	336	34.ESP_1985c_S36	Collapsed	Pseudomonas
61	346	34.ESP_1985c_S36	Collapsed	Pseudomonas
62	370	34.ESP_1985c_S36	Collapsed	Pseudomonas
63	351	34.ESP_1985c_S36	Collapsed	Pseudomonas
64	417	34.ESP_1985c_S36	Collapsed	Pseudomonas
65	459	34.ESP_1985c_S36	Collapsed	Pseudomonas
66	458	34.ESP_1985c_S36	Collapsed	Pseudomonas
67	514	34.ESP_1985c_S36	Collapsed	Pseudomonas
68	531	34.ESP_1985c_S36	Collapsed	Pseudomonas
69	560	34.ESP_1985c_S36	Collapsed	Pseudomonas
70	573	34.ESP_1985c_S36	Collapsed	Pseudomonas
71	634	34.ESP_1985c_S36	Collapsed	Pseudomonas
72	634	34.ESP_1985c_S36	Collapsed	Pseudomonas
73	660	34.ESP_1985c_S36	Collapsed	Pseudomonas
74	704	34.ESP_1985c_S36	Collapsed	Pseudomonas
75	785	34.ESP_1985c_S36	Collapsed	Pseudomonas
76	833	34.ESP_1985c_S36	Collapsed	Pseudomonas
77	901	34.ESP_1985c_S36	Collapsed	Pseudomonas
78	894	34.ESP_1985c_S36	Collapsed	Pseudomonas
79	922	34.ESP_1985c_S36	Collapsed	Pseudomonas
80	988	34.ESP_1985c_S36	Collapsed	Pseudomonas
81	1089	34.ESP_1985c_S36	Collapsed	Pseudomonas
82	1169	34.ESP_1985c_S36	Collapsed	Pseudomonas
83	1255	34.ESP_1985c_S36	Collapsed	Pseudomonas
84	1257	34.ESP_1985c_S36	Collapsed	Pseudomonas
85	1344	34.ESP_1985c_S36	Collapsed	Pseudomonas
86	1469	34.ESP_1985c_S36	Collapsed	Pseudomonas
87	1534	34.ESP_1985c_S36	Collapsed	Pseudomonas
88	1622	34.ESP_1985c_S36	Collapsed	Pseudomonas
89	1708	34.ESP_1985c_S36	Collapsed	Pseudomonas
90	1742	34.ESP_1985c_S36	Collapsed	Pseudomonas
91	1860	34.ESP_1985c_S36	Collapsed	Pseudomonas
92	1933	34.ESP_1985c_S36	Collapsed	Pseudomonas
93	2242	34.ESP_1985c_S36	Collapsed	Pseudomonas
94	2306	34.ESP_1985c_S36	Collapsed	Pseudomonas
95	2565	34.ESP_1985c_S36	Collapsed	Pseudomonas
96	2656	34.ESP_1985c_S36	Collapsed	Pseudomonas
97	2744	34.ESP_1985c_S36	Collapsed	Pseudomonas
98	2898	34.ESP_1985c_S36	Collapsed	Pseudomonas
99	2998	34.ESP_1985c_S36	Collapsed	Pseudomonas
100	3230	34.ESP_1985c_S36	Collapsed	Pseudomonas
101	3216	34.ESP_1985c_S36	Collapsed	Pseudomonas
102	3566	34.ESP_1985c_S36	Collapsed	Pseudomonas
103	3656	34.ESP_1985c_S36	Collapsed	Pseudomonas
104	3949	34.ESP_1985c_S36	Collapsed	Pseudomonas
105	4051	34.ESP_1985c_S36	Collapsed	Pseudomonas
106	4389	34.ESP_1985c_S36	Collapsed	Pseudomonas
107	4377	34.ESP_1985c_S36	Collapsed	Pseudomonas
108	4524	34.ESP_1985c_S36	Collapsed	Pseudomonas
109	4826	34.ESP_1985c_S36	Collapsed	Pseudomonas
110	4974	34.ESP_1985c_S36	Collapsed	Pseudomonas
111	5131	34.ESP_1985c_S36	Collapsed	Pseudomonas
112	5295	34.ESP_1985c_S36	Collapsed	Pseudomonas
113	5666	34.ESP_1985c_S36	Collapsed	Pseudomonas
114	5866	34.ESP_1985c_S36	Collapsed	Pseudomonas
115	5948	34.ESP_1985c_S36	Collapsed	Pseudomonas
116	6114	34.ESP_1985c_S36	Collapsed	Pseudomonas
117	6336	34.ESP_1985c_S36	Collapsed	Pseudomonas
118	6506	34.ESP_1985c_S36	Collapsed	Pseudomonas
119	6666	34.ESP_1985c_S36	Collapsed	Pseudomonas
120	7007	34.ESP_1985c_S36	Collapsed	Pseudomonas
121	7138	34.ESP_1985c_S36	Collapsed	Pseudomonas
122	7475	34.ESP_1985c_S36	Collapsed	Pseudomonas
123	7559	34.ESP_1985c_S36	Collapsed	Pseudomonas
124	8366	34.ESP_1985c_S36	Collapsed	Pseudomonas
125	8535	34.ESP_1985c_S36	Collapsed	Pseudomonas
126	8651	34.ESP_1985c_S36	Collapsed	Pseudomonas
127	9012	34.ESP_1985c_S36	Collapsed	Pseudomonas
128	8896	34.ESP_1985c_S36	Collapsed	Pseudomonas
129	9232	34.ESP_1985c_S36	Collapsed	Pseudomonas
130	9302	34.ESP_1985c_S36	Collapsed	Pseudomonas
131	9421	34.ESP_1985c_S36	Collapsed	Pseudomonas
132	9542	34.ESP_1985c_S36	Collapsed	Pseudomonas
133	9716	34.ESP_1985c_S36	Collapsed	Pseudomonas
134	9843	34.ESP_1985c_S36	Collapsed	Pseudomonas
135	10027	34.ESP_1985c_S36	Collapsed	Pseudomonas
136	10081	34.ESP_1985c_S36	Collapsed	Pseudomonas
137	10010	34.ESP_1985c_S36	Collapsed	Pseudomonas
138	10113	34.ESP_1985c_S36	Collapsed	Pseudomonas
139	10231	34.ESP_1985c_S36	Collapsed	Pseudomonas
0	9	34.ESP_1985c_S36	Paired	Pseudomonas
71	1	34.ESP_1985c_S36	Paired	Pseudomonas
73	1	34.ESP_1985c_S36	Paired	Pseudomonas
80	1	34.ESP_1985c_S36	Paired	Pseudomonas
89	1	34.ESP_1985c_S36	Paired	Pseudomonas
90	6	34.ESP_1985c_S36	Paired	Pseudomonas
91	8	34.ESP_1985c_S36	Paired	Pseudomonas
92	3	34.ESP_1985c_S36	Paired	Pseudomonas
93	3	34.ESP_1985c_S36	Paired	Pseudomonas
94	8	34.ESP_1985c_S36	Paired	Pseudomonas
95	13	34.ESP_1985c_S36	Paired	Pseudomonas
96	13	34.ESP_1985c_S36	Paired	Pseudomonas
97	17	34.ESP_1985c_S36	Paired	Pseudomonas
98	18	34.ESP_1985c_S36	Paired	Pseudomonas
99	19	34.ESP_1985c_S36	Paired	Pseudomonas
100	18	34.ESP_1985c_S36	Paired	Pseudomonas
101	35	34.ESP_1985c_S36	Paired	Pseudomonas
102	28	34.ESP_1985c_S36	Paired	Pseudomonas
103	36	34.ESP_1985c_S36	Paired	Pseudomonas
104	54	34.ESP_1985c_S36	Paired	Pseudomonas
105	47	34.ESP_1985c_S36	Paired	Pseudomonas
106	47	34.ESP_1985c_S36	Paired	Pseudomonas
107	51	34.ESP_1985c_S36	Paired	Pseudomonas
108	50	34.ESP_1985c_S36	Paired	Pseudomonas
109	43	34.ESP_1985c_S36	Paired	Pseudomonas
110	51	34.ESP_1985c_S36	Paired	Pseudomonas
111	57	34.ESP_1985c_S36	Paired	Pseudomonas
112	73	34.ESP_1985c_S36	Paired	Pseudomonas
113	79	34.ESP_1985c_S36	Paired	Pseudomonas
114	64	34.ESP_1985c_S36	Paired	Pseudomonas
115	84	34.ESP_1985c_S36	Paired	Pseudomonas
116	71	34.ESP_1985c_S36	Paired	Pseudomonas
117	81	34.ESP_1985c_S36	Paired	Pseudomonas
118	89	34.ESP_1985c_S36	Paired	Pseudomonas
119	107	34.ESP_1985c_S36	Paired	Pseudomonas
120	103	34.ESP_1985c_S36	Paired	Pseudomonas
121	119	34.ESP_1985c_S36	Paired	Pseudomonas
122	125	34.ESP_1985c_S36	Paired	Pseudomonas
123	123	34.ESP_1985c_S36	Paired	Pseudomonas
124	147	34.ESP_1985c_S36	Paired	Pseudomonas
125	184	34.ESP_1985c_S36	Paired	Pseudomonas
126	216	34.ESP_1985c_S36	Paired	Pseudomonas
127	264	34.ESP_1985c_S36	Paired	Pseudomonas
128	346	34.ESP_1985c_S36	Paired	Pseudomonas
129	412	34.ESP_1985c_S36	Paired	Pseudomonas
130	420	34.ESP_1985c_S36	Paired	Pseudomonas
131	428	34.ESP_1985c_S36	Paired	Pseudomonas
132	447	34.ESP_1985c_S36	Paired	Pseudomonas
133	491	34.ESP_1985c_S36	Paired	Pseudomonas
134	557	34.ESP_1985c_S36	Paired	Pseudomonas
135	569	34.ESP_1985c_S36	Paired	Pseudomonas
136	684	34.ESP_1985c_S36	Paired	Pseudomonas
137	803	34.ESP_1985c_S36	Paired	Pseudomonas
138	862	34.ESP_1985c_S36	Paired	Pseudomonas
139	1119	34.ESP_1985c_S36	Paired	Pseudomonas
140	12031	34.ESP_1985c_S36	Paired	Pseudomonas
141	12067	34.ESP_1985c_S36	Paired	Pseudomonas
142	12243	34.ESP_1985c_S36	Paired	Pseudomonas
143	12253	34.ESP_1985c_S36	Paired	Pseudomonas
144	12384	34.ESP_1985c_S36	Paired	Pseudomonas
145	12474	34.ESP_1985c_S36	Paired	Pseudomonas
146	12333	34.ESP_1985c_S36	Paired	Pseudomonas
147	12250	34.ESP_1985c_S36	Paired	Pseudomonas
148	12592	34.ESP_1985c_S36	Paired	Pseudomonas
149	12559	34.ESP_1985c_S36	Paired	Pseudomonas
150	12216	34.ESP_1985c_S36	Paired	Pseudomonas
151	12252	34.ESP_1985c_S36	Paired	Pseudomonas
152	12358	34.ESP_1985c_S36	Paired	Pseudomonas
153	12297	34.ESP_1985c_S36	Paired	Pseudomonas
154	12482	34.ESP_1985c_S36	Paired	Pseudomonas
155	12300	34.ESP_1985c_S36	Paired	Pseudomonas
156	12417	34.ESP_1985c_S36	Paired	Pseudomonas
157	12290	34.ESP_1985c_S36	Paired	Pseudomonas
158	12301	34.ESP_1985c_S36	Paired	Pseudomonas
159	11945	34.ESP_1985c_S36	Paired	Pseudomonas
160	12141	34.ESP_1985c_S36	Paired	Pseudomonas
161	12202	34.ESP_1985c_S36	Paired	Pseudomonas
162	12117	34.ESP_1985c_S36	Paired	Pseudomonas
163	11871	34.ESP_1985c_S36	Paired	Pseudomonas
164	11991	34.ESP_1985c_S36	Paired	Pseudomonas
165	11591	34.ESP_1985c_S36	Paired	Pseudomonas
166	11802	34.ESP_1985c_S36	Paired	Pseudomonas
167	11759	34.ESP_1985c_S36	Paired	Pseudomonas
168	11554	34.ESP_1985c_S36	Paired	Pseudomonas
169	11520	34.ESP_1985c_S36	Paired	Pseudomonas
170	11550	34.ESP_1985c_S36	Paired	Pseudomonas
171	11348	34.ESP_1985c_S36	Paired	Pseudomonas
172	11205	34.ESP_1985c_S36	Paired	Pseudomonas
173	11157	34.ESP_1985c_S36	Paired	Pseudomonas
174	10895	34.ESP_1985c_S36	Paired	Pseudomonas
175	10943	34.ESP_1985c_S36	Paired	Pseudomonas
176	10718	34.ESP_1985c_S36	Paired	Pseudomonas
177	10822	34.ESP_1985c_S36	Paired	Pseudomonas
178	10650	34.ESP_1985c_S36	Paired	Pseudomonas
179	10725	34.ESP_1985c_S36	Paired	Pseudomonas
180	10486	34.ESP_1985c_S36	Paired	Pseudomonas
181	10438	34.ESP_1985c_S36	Paired	Pseudomonas
182	10389	34.ESP_1985c_S36	Paired	Pseudomonas
183	10154	34.ESP_1985c_S36	Paired	Pseudomonas
184	10138	34.ESP_1985c_S36	Paired	Pseudomonas
185	9878	34.ESP_1985c_S36	Paired	Pseudomonas
186	9782	34.ESP_1985c_S36	Paired	Pseudomonas
187	9914	34.ESP_1985c_S36	Paired	Pseudomonas
188	9836	34.ESP_1985c_S36	Paired	Pseudomonas
189	9684	34.ESP_1985c_S36	Paired	Pseudomonas
190	9521	34.ESP_1985c_S36	Paired	Pseudomonas
191	9439	34.ESP_1985c_S36	Paired	Pseudomonas
192	9248	34.ESP_1985c_S36	Paired	Pseudomonas
193	9447	34.ESP_1985c_S36	Paired	Pseudomonas
194	9240	34.ESP_1985c_S36	Paired	Pseudomonas
195	8905	34.ESP_1985c_S36	Paired	Pseudomonas
196	8919	34.ESP_1985c_S36	Paired	Pseudomonas
197	8758	34.ESP_1985c_S36	Paired	Pseudomonas
198	8879	34.ESP_1985c_S36	Paired	Pseudomonas
199	8581	34.ESP_1985c_S36	Paired	Pseudomonas
200	8645	34.ESP_1985c_S36	Paired	Pseudomonas
201	8536	34.ESP_1985c_S36	Paired	Pseudomonas
202	8396	34.ESP_1985c_S36	Paired	Pseudomonas
203	8366	34.ESP_1985c_S36	Paired	Pseudomonas
204	8236	34.ESP_1985c_S36	Paired	Pseudomonas
205	8230	34.ESP_1985c_S36	Paired	Pseudomonas
206	7916	34.ESP_1985c_S36	Paired	Pseudomonas
207	7973	34.ESP_1985c_S36	Paired	Pseudomonas
208	7794	34.ESP_1985c_S36	Paired	Pseudomonas
209	7731	34.ESP_1985c_S36	Paired	Pseudomonas
210	7607	34.ESP_1985c_S36	Paired	Pseudomonas
211	7525	34.ESP_1985c_S36	Paired	Pseudomonas
212	7655	34.ESP_1985c_S36	Paired	Pseudomonas
213	7306	34.ESP_1985c_S36	Paired	Pseudomonas
214	7383	34.ESP_1985c_S36	Paired	Pseudomonas
215	7371	34.ESP_1985c_S36	Paired	Pseudomonas
216	7246	34.ESP_1985c_S36	Paired	Pseudomonas
217	7138	34.ESP_1985c_S36	Paired	Pseudomonas
218	6946	34.ESP_1985c_S36	Paired	Pseudomonas
219	7020	34.ESP_1985c_S36	Paired	Pseudomonas
220	6898	34.ESP_1985c_S36	Paired	Pseudomonas
221	6763	34.ESP_1985c_S36	Paired	Pseudomonas
222	6632	34.ESP_1985c_S36	Paired	Pseudomonas
223	6642	34.ESP_1985c_S36	Paired	Pseudomonas
224	6501	34.ESP_1985c_S36	Paired	Pseudomonas
225	6535	34.ESP_1985c_S36	Paired	Pseudomonas
226	6342	34.ESP_1985c_S36	Paired	Pseudomonas
227	6325	34.ESP_1985c_S36	Paired	Pseudomonas
228	6179	34.ESP_1985c_S36	Paired	Pseudomonas
229	6146	34.ESP_1985c_S36	Paired	Pseudomonas
230	5933	34.ESP_1985c_S36	Paired	Pseudomonas
231	5896	34.ESP_1985c_S36	Paired	Pseudomonas
232	5818	34.ESP_1985c_S36	Paired	Pseudomonas
233	5868	34.ESP_1985c_S36	Paired	Pseudomonas
234	5739	34.ESP_1985c_S36	Paired	Pseudomonas
235	5652	34.ESP_1985c_S36	Paired	Pseudomonas
236	5683	34.ESP_1985c_S36	Paired	Pseudomonas
237	5579	34.ESP_1985c_S36	Paired	Pseudomonas
238	5510	34.ESP_1985c_S36	Paired	Pseudomonas
239	5468	34.ESP_1985c_S36	Paired	Pseudomonas
240	5382	34.ESP_1985c_S36	Paired	Pseudomonas
241	5349	34.ESP_1985c_S36	Paired	Pseudomonas
242	5344	34.ESP_1985c_S36	Paired	Pseudomonas
243	5107	34.ESP_1985c_S36	Paired	Pseudomonas
244	5245	34.ESP_1985c_S36	Paired	Pseudomonas
245	5017	34.ESP_1985c_S36	Paired	Pseudomonas
246	5015	34.ESP_1985c_S36	Paired	Pseudomonas
247	4966	34.ESP_1985c_S36	Paired	Pseudomonas
248	4851	34.ESP_1985c_S36	Paired	Pseudomonas
249	4748	34.ESP_1985c_S36	Paired	Pseudomonas
250	4748	34.ESP_1985c_S36	Paired	Pseudomonas
251	4747	34.ESP_1985c_S36	Paired	Pseudomonas
252	4568	34.ESP_1985c_S36	Paired	Pseudomonas
253	4637	34.ESP_1985c_S36	Paired	Pseudomonas
254	4559	34.ESP_1985c_S36	Paired	Pseudomonas
255	4516	34.ESP_1985c_S36	Paired	Pseudomonas
256	4479	34.ESP_1985c_S36	Paired	Pseudomonas
257	4440	34.ESP_1985c_S36	Paired	Pseudomonas
258	4419	34.ESP_1985c_S36	Paired	Pseudomonas
259	4242	34.ESP_1985c_S36	Paired	Pseudomonas
260	4299	34.ESP_1985c_S36	Paired	Pseudomonas
261	4227	34.ESP_1985c_S36	Paired	Pseudomonas
262	4088	34.ESP_1985c_S36	Paired	Pseudomonas
263	4047	34.ESP_1985c_S36	Paired	Pseudomonas
264	4008	34.ESP_1985c_S36	Paired	Pseudomonas
265	4016	34.ESP_1985c_S36	Paired	Pseudomonas
266	3943	34.ESP_1985c_S36	Paired	Pseudomonas
267	3837	34.ESP_1985c_S36	Paired	Pseudomonas
268	3895	34.ESP_1985c_S36	Paired	Pseudomonas
269	3978	34.ESP_1985c_S36	Paired	Pseudomonas
270	3723	34.ESP_1985c_S36	Paired	Pseudomonas
271	3685	34.ESP_1985c_S36	Paired	Pseudomonas
272	3583	34.ESP_1985c_S36	Paired	Pseudomonas
273	3625	34.ESP_1985c_S36	Paired	Pseudomonas
274	3595	34.ESP_1985c_S36	Paired	Pseudomonas
275	3581	34.ESP_1985c_S36	Paired	Pseudomonas
276	3494	34.ESP_1985c_S36	Paired	Pseudomonas
277	3521	34.ESP_1985c_S36	Paired	Pseudomonas
278	3557	34.ESP_1985c_S36	Paired	Pseudomonas
279	3418	34.ESP_1985c_S36	Paired	Pseudomonas
280	3386	34.ESP_1985c_S36	Paired	Pseudomonas
281	3356	34.ESP_1985c_S36	Paired	Pseudomonas
282	3237	34.ESP_1985c_S36	Paired	Pseudomonas
283	3302	34.ESP_1985c_S36	Paired	Pseudomonas
284	3149	34.ESP_1985c_S36	Paired	Pseudomonas
285	3054	34.ESP_1985c_S36	Paired	Pseudomonas
286	3159	34.ESP_1985c_S36	Paired	Pseudomonas
287	3046	34.ESP_1985c_S36	Paired	Pseudomonas
288	3113	34.ESP_1985c_S36	Paired	Pseudomonas
289	3009	34.ESP_1985c_S36	Paired	Pseudomonas
290	2984	34.ESP_1985c_S36	Paired	Pseudomonas
291	2960	34.ESP_1985c_S36	Paired	Pseudomonas
292	2939	34.ESP_1985c_S36	Paired	Pseudomonas
293	2903	34.ESP_1985c_S36	Paired	Pseudomonas
294	2790	34.ESP_1985c_S36	Paired	Pseudomonas
295	2861	34.ESP_1985c_S36	Paired	Pseudomonas
296	2633	34.ESP_1985c_S36	Paired	Pseudomonas
297	2774	34.ESP_1985c_S36	Paired	Pseudomonas
298	2788	34.ESP_1985c_S36	Paired	Pseudomonas
299	2639	34.ESP_1985c_S36	Paired	Pseudomonas
300	2647	34.ESP_1985c_S36	Paired	Pseudomonas
301	2667	34.ESP_1985c_S36	Paired	Pseudomonas
302	2495	34.ESP_1985c_S36	Paired	Pseudomonas
303	2435	34.ESP_1985c_S36	Paired	Pseudomonas
304	2506	34.ESP_1985c_S36	Paired	Pseudomonas
305	2517	34.ESP_1985c_S36	Paired	Pseudomonas
306	2417	34.ESP_1985c_S36	Paired	Pseudomonas
307	2462	34.ESP_1985c_S36	Paired	Pseudomonas
308	2397	34.ESP_1985c_S36	Paired	Pseudomonas
309	2410	34.ESP_1985c_S36	Paired	Pseudomonas
310	2416	34.ESP_1985c_S36	Paired	Pseudomonas
311	2325	34.ESP_1985c_S36	Paired	Pseudomonas
312	2248	34.ESP_1985c_S36	Paired	Pseudomonas
313	2324	34.ESP_1985c_S36	Paired	Pseudomonas
314	2199	34.ESP_1985c_S36	Paired	Pseudomonas
315	2180	34.ESP_1985c_S36	Paired	Pseudomonas
316	2164	34.ESP_1985c_S36	Paired	Pseudomonas
317	2068	34.ESP_1985c_S36	Paired	Pseudomonas
318	2103	34.ESP_1985c_S36	Paired	Pseudomonas
319	2193	34.ESP_1985c_S36	Paired	Pseudomonas
320	2171	34.ESP_1985c_S36	Paired	Pseudomonas
321	2068	34.ESP_1985c_S36	Paired	Pseudomonas
322	2122	34.ESP_1985c_S36	Paired	Pseudomonas
323	2015	34.ESP_1985c_S36	Paired	Pseudomonas
324	1939	34.ESP_1985c_S36	Paired	Pseudomonas
325	1919	34.ESP_1985c_S36	Paired	Pseudomonas
326	1839	34.ESP_1985c_S36	Paired	Pseudomonas
327	1842	34.ESP_1985c_S36	Paired	Pseudomonas
328	1870	34.ESP_1985c_S36	Paired	Pseudomonas
329	1861	34.ESP_1985c_S36	Paired	Pseudomonas
330	1832	34.ESP_1985c_S36	Paired	Pseudomonas
331	1823	34.ESP_1985c_S36	Paired	Pseudomonas
332	1808	34.ESP_1985c_S36	Paired	Pseudomonas
333	1772	34.ESP_1985c_S36	Paired	Pseudomonas
334	1772	34.ESP_1985c_S36	Paired	Pseudomonas
335	1658	34.ESP_1985c_S36	Paired	Pseudomonas
336	1656	34.ESP_1985c_S36	Paired	Pseudomonas
337	1697	34.ESP_1985c_S36	Paired	Pseudomonas
338	1574	34.ESP_1985c_S36	Paired	Pseudomonas
339	1585	34.ESP_1985c_S36	Paired	Pseudomonas
340	1672	34.ESP_1985c_S36	Paired	Pseudomonas
341	1582	34.ESP_1985c_S36	Paired	Pseudomonas
342	1575	34.ESP_1985c_S36	Paired	Pseudomonas
343	1562	34.ESP_1985c_S36	Paired	Pseudomonas
344	1536	34.ESP_1985c_S36	Paired	Pseudomonas
345	1495	34.ESP_1985c_S36	Paired	Pseudomonas
346	1502	34.ESP_1985c_S36	Paired	Pseudomonas
347	1450	34.ESP_1985c_S36	Paired	Pseudomonas
348	1474	34.ESP_1985c_S36	Paired	Pseudomonas
349	1444	34.ESP_1985c_S36	Paired	Pseudomonas
350	1397	34.ESP_1985c_S36	Paired	Pseudomonas
351	1447	34.ESP_1985c_S36	Paired	Pseudomonas
352	1461	34.ESP_1985c_S36	Paired	Pseudomonas
353	1413	34.ESP_1985c_S36	Paired	Pseudomonas
354	1324	34.ESP_1985c_S36	Paired	Pseudomonas
355	1289	34.ESP_1985c_S36	Paired	Pseudomonas
356	1303	34.ESP_1985c_S36	Paired	Pseudomonas
357	1293	34.ESP_1985c_S36	Paired	Pseudomonas
358	1318	34.ESP_1985c_S36	Paired	Pseudomonas
359	1280	34.ESP_1985c_S36	Paired	Pseudomonas
360	1266	34.ESP_1985c_S36	Paired	Pseudomonas
361	1236	34.ESP_1985c_S36	Paired	Pseudomonas
362	1249	34.ESP_1985c_S36	Paired	Pseudomonas
363	1224	34.ESP_1985c_S36	Paired	Pseudomonas
364	1249	34.ESP_1985c_S36	Paired	Pseudomonas
365	1195	34.ESP_1985c_S36	Paired	Pseudomonas
366	1181	34.ESP_1985c_S36	Paired	Pseudomonas
367	1127	34.ESP_1985c_S36	Paired	Pseudomonas
368	1125	34.ESP_1985c_S36	Paired	Pseudomonas
369	1139	34.ESP_1985c_S36	Paired	Pseudomonas
370	1132	34.ESP_1985c_S36	Paired	Pseudomonas
371	1106	34.ESP_1985c_S36	Paired	Pseudomonas
372	1064	34.ESP_1985c_S36	Paired	Pseudomonas
373	1143	34.ESP_1985c_S36	Paired	Pseudomonas
374	1100	34.ESP_1985c_S36	Paired	Pseudomonas
375	1027	34.ESP_1985c_S36	Paired	Pseudomonas
376	1013	34.ESP_1985c_S36	Paired	Pseudomonas
377	963	34.ESP_1985c_S36	Paired	Pseudomonas
378	962	34.ESP_1985c_S36	Paired	Pseudomonas
379	939	34.ESP_1985c_S36	Paired	Pseudomonas
380	937	34.ESP_1985c_S36	Paired	Pseudomonas
381	980	34.ESP_1985c_S36	Paired	Pseudomonas
382	973	34.ESP_1985c_S36	Paired	Pseudomonas
383	916	34.ESP_1985c_S36	Paired	Pseudomonas
384	841	34.ESP_1985c_S36	Paired	Pseudomonas
385	950	34.ESP_1985c_S36	Paired	Pseudomonas
386	923	34.ESP_1985c_S36	Paired	Pseudomonas
387	853	34.ESP_1985c_S36	Paired	Pseudomonas
388	928	34.ESP_1985c_S36	Paired	Pseudomonas
389	861	34.ESP_1985c_S36	Paired	Pseudomonas
390	878	34.ESP_1985c_S36	Paired	Pseudomonas
391	861	34.ESP_1985c_S36	Paired	Pseudomonas
392	826	34.ESP_1985c_S36	Paired	Pseudomonas
393	803	34.ESP_1985c_S36	Paired	Pseudomonas
394	880	34.ESP_1985c_S36	Paired	Pseudomonas
395	835	34.ESP_1985c_S36	Paired	Pseudomonas
396	773	34.ESP_1985c_S36	Paired	Pseudomonas
397	777	34.ESP_1985c_S36	Paired	Pseudomonas
398	764	34.ESP_1985c_S36	Paired	Pseudomonas
399	729	34.ESP_1985c_S36	Paired	Pseudomonas
400	771	34.ESP_1985c_S36	Paired	Pseudomonas
401	743	34.ESP_1985c_S36	Paired	Pseudomonas
402	740	34.ESP_1985c_S36	Paired	Pseudomonas
403	754	34.ESP_1985c_S36	Paired	Pseudomonas
404	722	34.ESP_1985c_S36	Paired	Pseudomonas
405	727	34.ESP_1985c_S36	Paired	Pseudomonas
406	701	34.ESP_1985c_S36	Paired	Pseudomonas
407	671	34.ESP_1985c_S36	Paired	Pseudomonas
408	641	34.ESP_1985c_S36	Paired	Pseudomonas
409	671	34.ESP_1985c_S36	Paired	Pseudomonas
410	676	34.ESP_1985c_S36	Paired	Pseudomonas
411	682	34.ESP_1985c_S36	Paired	Pseudomonas
412	661	34.ESP_1985c_S36	Paired	Pseudomonas
413	670	34.ESP_1985c_S36	Paired	Pseudomonas
414	642	34.ESP_1985c_S36	Paired	Pseudomonas
415	621	34.ESP_1985c_S36	Paired	Pseudomonas
416	599	34.ESP_1985c_S36	Paired	Pseudomonas
417	642	34.ESP_1985c_S36	Paired	Pseudomonas
418	646	34.ESP_1985c_S36	Paired	Pseudomonas
419	541	34.ESP_1985c_S36	Paired	Pseudomonas
420	541	34.ESP_1985c_S36	Paired	Pseudomonas
421	551	34.ESP_1985c_S36	Paired	Pseudomonas
422	600	34.ESP_1985c_S36	Paired	Pseudomonas
423	539	34.ESP_1985c_S36	Paired	Pseudomonas
424	584	34.ESP_1985c_S36	Paired	Pseudomonas
425	561	34.ESP_1985c_S36	Paired	Pseudomonas
426	525	34.ESP_1985c_S36	Paired	Pseudomonas
427	561	34.ESP_1985c_S36	Paired	Pseudomonas
428	532	34.ESP_1985c_S36	Paired	Pseudomonas
429	543	34.ESP_1985c_S36	Paired	Pseudomonas
430	500	34.ESP_1985c_S36	Paired	Pseudomonas
431	483	34.ESP_1985c_S36	Paired	Pseudomonas
432	499	34.ESP_1985c_S36	Paired	Pseudomonas
433	511	34.ESP_1985c_S36	Paired	Pseudomonas
434	511	34.ESP_1985c_S36	Paired	Pseudomonas
435	534	34.ESP_1985c_S36	Paired	Pseudomonas
436	488	34.ESP_1985c_S36	Paired	Pseudomonas
437	519	34.ESP_1985c_S36	Paired	Pseudomonas
438	469	34.ESP_1985c_S36	Paired	Pseudomonas
439	453	34.ESP_1985c_S36	Paired	Pseudomonas
440	577	34.ESP_1985c_S36	Paired	Pseudomonas
441	501	34.ESP_1985c_S36	Paired	Pseudomonas
442	582	34.ESP_1985c_S36	Paired	Pseudomonas
443	513	34.ESP_1985c_S36	Paired	Pseudomonas
444	610	34.ESP_1985c_S36	Paired	Pseudomonas
445	666	34.ESP_1985c_S36	Paired	Pseudomonas
446	621	34.ESP_1985c_S36	Paired	Pseudomonas
447	637	34.ESP_1985c_S36	Paired	Pseudomonas
448	568	34.ESP_1985c_S36	Paired	Pseudomonas
449	634	34.ESP_1985c_S36	Paired	Pseudomonas
450	558	34.ESP_1985c_S36	Paired	Pseudomonas
451	473	34.ESP_1985c_S36	Paired	Pseudomonas
452	585	34.ESP_1985c_S36	Paired	Pseudomonas
453	371	34.ESP_1985c_S36	Paired	Pseudomonas
454	513	34.ESP_1985c_S36	Paired	Pseudomonas
455	300	34.ESP_1985c_S36	Paired	Pseudomonas
456	481	34.ESP_1985c_S36	Paired	Pseudomonas
457	388	34.ESP_1985c_S36	Paired	Pseudomonas
458	343	34.ESP_1985c_S36	Paired	Pseudomonas
459	280	34.ESP_1985c_S36	Paired	Pseudomonas
460	319	34.ESP_1985c_S36	Paired	Pseudomonas
461	241	34.ESP_1985c_S36	Paired	Pseudomonas
462	265	34.ESP_1985c_S36	Paired	Pseudomonas
463	237	34.ESP_1985c_S36	Paired	Pseudomonas
464	273	34.ESP_1985c_S36	Paired	Pseudomonas
465	254	34.ESP_1985c_S36	Paired	Pseudomonas
466	245	34.ESP_1985c_S36	Paired	Pseudomonas
467	241	34.ESP_1985c_S36	Paired	Pseudomonas
468	266	34.ESP_1985c_S36	Paired	Pseudomonas
469	239	34.ESP_1985c_S36	Paired	Pseudomonas
470	217	34.ESP_1985c_S36	Paired	Pseudomonas
471	215	34.ESP_1985c_S36	Paired	Pseudomonas
472	246	34.ESP_1985c_S36	Paired	Pseudomonas
473	203	34.ESP_1985c_S36	Paired	Pseudomonas
474	212	34.ESP_1985c_S36	Paired	Pseudomonas
475	209	34.ESP_1985c_S36	Paired	Pseudomonas
476	229	34.ESP_1985c_S36	Paired	Pseudomonas
477	215	34.ESP_1985c_S36	Paired	Pseudomonas
478	199	34.ESP_1985c_S36	Paired	Pseudomonas
479	217	34.ESP_1985c_S36	Paired	Pseudomonas
480	214	34.ESP_1985c_S36	Paired	Pseudomonas
481	196	34.ESP_1985c_S36	Paired	Pseudomonas
482	180	34.ESP_1985c_S36	Paired	Pseudomonas
483	193	34.ESP_1985c_S36	Paired	Pseudomonas
484	190	34.ESP_1985c_S36	Paired	Pseudomonas
485	197	34.ESP_1985c_S36	Paired	Pseudomonas
486	203	34.ESP_1985c_S36	Paired	Pseudomonas
487	207	34.ESP_1985c_S36	Paired	Pseudomonas
488	187	34.ESP_1985c_S36	Paired	Pseudomonas
489	172	34.ESP_1985c_S36	Paired	Pseudomonas
490	186	34.ESP_1985c_S36	Paired	Pseudomonas
491	193	34.ESP_1985c_S36	Paired	Pseudomonas
492	183	34.ESP_1985c_S36	Paired	Pseudomonas
493	168	34.ESP_1985c_S36	Paired	Pseudomonas
494	155	34.ESP_1985c_S36	Paired	Pseudomonas
495	144	34.ESP_1985c_S36	Paired	Pseudomonas
496	149	34.ESP_1985c_S36	Paired	Pseudomonas
497	159	34.ESP_1985c_S36	Paired	Pseudomonas
498	145	34.ESP_1985c_S36	Paired	Pseudomonas
499	173	34.ESP_1985c_S36	Paired	Pseudomonas
500	159	34.ESP_1985c_S36	Paired	Pseudomonas
501	154	34.ESP_1985c_S36	Paired	Pseudomonas
502	133	34.ESP_1985c_S36	Paired	Pseudomonas
503	136	34.ESP_1985c_S36	Paired	Pseudomonas
504	159	34.ESP_1985c_S36	Paired	Pseudomonas
505	153	34.ESP_1985c_S36	Paired	Pseudomonas
506	162	34.ESP_1985c_S36	Paired	Pseudomonas
507	163	34.ESP_1985c_S36	Paired	Pseudomonas
508	136	34.ESP_1985c_S36	Paired	Pseudomonas
509	138	34.ESP_1985c_S36	Paired	Pseudomonas
510	113	34.ESP_1985c_S36	Paired	Pseudomonas
511	123	34.ESP_1985c_S36	Paired	Pseudomonas
512	122	34.ESP_1985c_S36	Paired	Pseudomonas
513	116	34.ESP_1985c_S36	Paired	Pseudomonas
514	117	34.ESP_1985c_S36	Paired	Pseudomonas
515	115	34.ESP_1985c_S36	Paired	Pseudomonas
516	141	34.ESP_1985c_S36	Paired	Pseudomonas
517	115	34.ESP_1985c_S36	Paired	Pseudomonas
518	138	34.ESP_1985c_S36	Paired	Pseudomonas
519	133	34.ESP_1985c_S36	Paired	Pseudomonas
520	115	34.ESP_1985c_S36	Paired	Pseudomonas
521	127	34.ESP_1985c_S36	Paired	Pseudomonas
522	118	34.ESP_1985c_S36	Paired	Pseudomonas
523	109	34.ESP_1985c_S36	Paired	Pseudomonas
524	124	34.ESP_1985c_S36	Paired	Pseudomonas
525	100	34.ESP_1985c_S36	Paired	Pseudomonas
526	123	34.ESP_1985c_S36	Paired	Pseudomonas
527	105	34.ESP_1985c_S36	Paired	Pseudomonas
528	112	34.ESP_1985c_S36	Paired	Pseudomonas
529	103	34.ESP_1985c_S36	Paired	Pseudomonas
530	84	34.ESP_1985c_S36	Paired	Pseudomonas
531	97	34.ESP_1985c_S36	Paired	Pseudomonas
532	105	34.ESP_1985c_S36	Paired	Pseudomonas
533	85	34.ESP_1985c_S36	Paired	Pseudomonas
534	81	34.ESP_1985c_S36	Paired	Pseudomonas
535	89	34.ESP_1985c_S36	Paired	Pseudomonas
536	91	34.ESP_1985c_S36	Paired	Pseudomonas
537	104	34.ESP_1985c_S36	Paired	Pseudomonas
538	103	34.ESP_1985c_S36	Paired	Pseudomonas
539	92	34.ESP_1985c_S36	Paired	Pseudomonas
540	81	34.ESP_1985c_S36	Paired	Pseudomonas
541	85	34.ESP_1985c_S36	Paired	Pseudomonas
542	93	34.ESP_1985c_S36	Paired	Pseudomonas
543	86	34.ESP_1985c_S36	Paired	Pseudomonas
544	75	34.ESP_1985c_S36	Paired	Pseudomonas
545	62	34.ESP_1985c_S36	Paired	Pseudomonas
546	79	34.ESP_1985c_S36	Paired	Pseudomonas
547	83	34.ESP_1985c_S36	Paired	Pseudomonas
548	73	34.ESP_1985c_S36	Paired	Pseudomonas
549	88	34.ESP_1985c_S36	Paired	Pseudomonas
550	56	34.ESP_1985c_S36	Paired	Pseudomonas
551	73	34.ESP_1985c_S36	Paired	Pseudomonas
552	80	34.ESP_1985c_S36	Paired	Pseudomonas
553	68	34.ESP_1985c_S36	Paired	Pseudomonas
554	66	34.ESP_1985c_S36	Paired	Pseudomonas
555	68	34.ESP_1985c_S36	Paired	Pseudomonas
556	70	34.ESP_1985c_S36	Paired	Pseudomonas
557	67	34.ESP_1985c_S36	Paired	Pseudomonas
558	61	34.ESP_1985c_S36	Paired	Pseudomonas
559	78	34.ESP_1985c_S36	Paired	Pseudomonas
560	60	34.ESP_1985c_S36	Paired	Pseudomonas
561	71	34.ESP_1985c_S36	Paired	Pseudomonas
562	67	34.ESP_1985c_S36	Paired	Pseudomonas
563	73	34.ESP_1985c_S36	Paired	Pseudomonas
564	69	34.ESP_1985c_S36	Paired	Pseudomonas
565	64	34.ESP_1985c_S36	Paired	Pseudomonas
566	49	34.ESP_1985c_S36	Paired	Pseudomonas
567	57	34.ESP_1985c_S36	Paired	Pseudomonas
568	57	34.ESP_1985c_S36	Paired	Pseudomonas
569	55	34.ESP_1985c_S36	Paired	Pseudomonas
570	47	34.ESP_1985c_S36	Paired	Pseudomonas
571	49	34.ESP_1985c_S36	Paired	Pseudomonas
572	53	34.ESP_1985c_S36	Paired	Pseudomonas
573	52	34.ESP_1985c_S36	Paired	Pseudomonas
574	53	34.ESP_1985c_S36	Paired	Pseudomonas
575	36	34.ESP_1985c_S36	Paired	Pseudomonas
576	57	34.ESP_1985c_S36	Paired	Pseudomonas
577	53	34.ESP_1985c_S36	Paired	Pseudomonas
578	65	34.ESP_1985c_S36	Paired	Pseudomonas
579	60	34.ESP_1985c_S36	Paired	Pseudomonas
580	53	34.ESP_1985c_S36	Paired	Pseudomonas
581	50	34.ESP_1985c_S36	Paired	Pseudomonas
582	41	34.ESP_1985c_S36	Paired	Pseudomonas
583	55	34.ESP_1985c_S36	Paired	Pseudomonas
584	50	34.ESP_1985c_S36	Paired	Pseudomonas
585	42	34.ESP_1985c_S36	Paired	Pseudomonas
586	45	34.ESP_1985c_S36	Paired	Pseudomonas
587	47	34.ESP_1985c_S36	Paired	Pseudomonas
588	51	34.ESP_1985c_S36	Paired	Pseudomonas
589	39	34.ESP_1985c_S36	Paired	Pseudomonas
590	42	34.ESP_1985c_S36	Paired	Pseudomonas
591	42	34.ESP_1985c_S36	Paired	Pseudomonas
592	47	34.ESP_1985c_S36	Paired	Pseudomonas
593	45	34.ESP_1985c_S36	Paired	Pseudomonas
594	39	34.ESP_1985c_S36	Paired	Pseudomonas
595	43	34.ESP_1985c_S36	Paired	Pseudomonas
596	32	34.ESP_1985c_S36	Paired	Pseudomonas
597	26	34.ESP_1985c_S36	Paired	Pseudomonas
598	32	34.ESP_1985c_S36	Paired	Pseudomonas
599	30	34.ESP_1985c_S36	Paired	Pseudomonas
600	27	34.ESP_1985c_S36	Paired	Pseudomonas
601	33	34.ESP_1985c_S36	Paired	Pseudomonas
602	27	34.ESP_1985c_S36	Paired	Pseudomonas
603	31	34.ESP_1985c_S36	Paired	Pseudomonas
604	27	34.ESP_1985c_S36	Paired	Pseudomonas
605	28	34.ESP_1985c_S36	Paired	Pseudomonas
606	22	34.ESP_1985c_S36	Paired	Pseudomonas
607	19	34.ESP_1985c_S36	Paired	Pseudomonas
608	12	34.ESP_1985c_S36	Paired	Pseudomonas
609	20	34.ESP_1985c_S36	Paired	Pseudomonas
610	17	34.ESP_1985c_S36	Paired	Pseudomonas
611	8	34.ESP_1985c_S36	Paired	Pseudomonas
612	13	34.ESP_1985c_S36	Paired	Pseudomonas
613	8	34.ESP_1985c_S36	Paired	Pseudomonas
614	12	34.ESP_1985c_S36	Paired	Pseudomonas
615	6	34.ESP_1985c_S36	Paired	Pseudomonas
616	4	34.ESP_1985c_S36	Paired	Pseudomonas
617	3	34.ESP_1985c_S36	Paired	Pseudomonas
618	5	34.ESP_1985c_S36	Paired	Pseudomonas
619	2	34.ESP_1985c_S36	Paired	Pseudomonas
620	1	34.ESP_1985c_S36	Paired	Pseudomonas
622	1	34.ESP_1985c_S36	Paired	Pseudomonas
623	1	34.ESP_1985c_S36	Paired	Pseudomonas
624	1	34.ESP_1985c_S36	Paired	Pseudomonas
15	2	75.LTU_1894_S30	Collapsed	Arabidopsis
16	2	75.LTU_1894_S30	Collapsed	Arabidopsis
17	31	75.LTU_1894_S30	Collapsed	Arabidopsis
18	62	75.LTU_1894_S30	Collapsed	Arabidopsis
19	100	75.LTU_1894_S30	Collapsed	Arabidopsis
20	98	75.LTU_1894_S30	Collapsed	Arabidopsis
21	96	75.LTU_1894_S30	Collapsed	Arabidopsis
22	103	75.LTU_1894_S30	Collapsed	Arabidopsis
23	154	75.LTU_1894_S30	Collapsed	Arabidopsis
24	156	75.LTU_1894_S30	Collapsed	Arabidopsis
25	213	75.LTU_1894_S30	Collapsed	Arabidopsis
26	214	75.LTU_1894_S30	Collapsed	Arabidopsis
27	241	75.LTU_1894_S30	Collapsed	Arabidopsis
28	262	75.LTU_1894_S30	Collapsed	Arabidopsis
29	275	75.LTU_1894_S30	Collapsed	Arabidopsis
30	359	75.LTU_1894_S30	Collapsed	Arabidopsis
31	351	75.LTU_1894_S30	Collapsed	Arabidopsis
32	376	75.LTU_1894_S30	Collapsed	Arabidopsis
33	363	75.LTU_1894_S30	Collapsed	Arabidopsis
34	399	75.LTU_1894_S30	Collapsed	Arabidopsis
35	407	75.LTU_1894_S30	Collapsed	Arabidopsis
36	447	75.LTU_1894_S30	Collapsed	Arabidopsis
37	456	75.LTU_1894_S30	Collapsed	Arabidopsis
38	439	75.LTU_1894_S30	Collapsed	Arabidopsis
39	517	75.LTU_1894_S30	Collapsed	Arabidopsis
40	497	75.LTU_1894_S30	Collapsed	Arabidopsis
41	504	75.LTU_1894_S30	Collapsed	Arabidopsis
42	521	75.LTU_1894_S30	Collapsed	Arabidopsis
43	500	75.LTU_1894_S30	Collapsed	Arabidopsis
44	582	75.LTU_1894_S30	Collapsed	Arabidopsis
45	524	75.LTU_1894_S30	Collapsed	Arabidopsis
46	517	75.LTU_1894_S30	Collapsed	Arabidopsis
47	544	75.LTU_1894_S30	Collapsed	Arabidopsis
48	582	75.LTU_1894_S30	Collapsed	Arabidopsis
49	621	75.LTU_1894_S30	Collapsed	Arabidopsis
50	593	75.LTU_1894_S30	Collapsed	Arabidopsis
51	631	75.LTU_1894_S30	Collapsed	Arabidopsis
52	661	75.LTU_1894_S30	Collapsed	Arabidopsis
53	677	75.LTU_1894_S30	Collapsed	Arabidopsis
54	717	75.LTU_1894_S30	Collapsed	Arabidopsis
55	720	75.LTU_1894_S30	Collapsed	Arabidopsis
56	730	75.LTU_1894_S30	Collapsed	Arabidopsis
57	762	75.LTU_1894_S30	Collapsed	Arabidopsis
58	813	75.LTU_1894_S30	Collapsed	Arabidopsis
59	930	75.LTU_1894_S30	Collapsed	Arabidopsis
60	878	75.LTU_1894_S30	Collapsed	Arabidopsis
61	849	75.LTU_1894_S30	Collapsed	Arabidopsis
62	883	75.LTU_1894_S30	Collapsed	Arabidopsis
63	916	75.LTU_1894_S30	Collapsed	Arabidopsis
64	1012	75.LTU_1894_S30	Collapsed	Arabidopsis
65	992	75.LTU_1894_S30	Collapsed	Arabidopsis
66	1118	75.LTU_1894_S30	Collapsed	Arabidopsis
67	1155	75.LTU_1894_S30	Collapsed	Arabidopsis
68	1203	75.LTU_1894_S30	Collapsed	Arabidopsis
69	1252	75.LTU_1894_S30	Collapsed	Arabidopsis
70	1243	75.LTU_1894_S30	Collapsed	Arabidopsis
71	1310	75.LTU_1894_S30	Collapsed	Arabidopsis
72	1378	75.LTU_1894_S30	Collapsed	Arabidopsis
73	1469	75.LTU_1894_S30	Collapsed	Arabidopsis
74	1447	75.LTU_1894_S30	Collapsed	Arabidopsis
75	1550	75.LTU_1894_S30	Collapsed	Arabidopsis
76	1555	75.LTU_1894_S30	Collapsed	Arabidopsis
77	1626	75.LTU_1894_S30	Collapsed	Arabidopsis
78	1724	75.LTU_1894_S30	Collapsed	Arabidopsis
79	1783	75.LTU_1894_S30	Collapsed	Arabidopsis
80	1847	75.LTU_1894_S30	Collapsed	Arabidopsis
81	1863	75.LTU_1894_S30	Collapsed	Arabidopsis
82	2022	75.LTU_1894_S30	Collapsed	Arabidopsis
83	2073	75.LTU_1894_S30	Collapsed	Arabidopsis
84	2089	75.LTU_1894_S30	Collapsed	Arabidopsis
85	2179	75.LTU_1894_S30	Collapsed	Arabidopsis
86	2340	75.LTU_1894_S30	Collapsed	Arabidopsis
87	2392	75.LTU_1894_S30	Collapsed	Arabidopsis
88	2514	75.LTU_1894_S30	Collapsed	Arabidopsis
89	2606	75.LTU_1894_S30	Collapsed	Arabidopsis
90	2654	75.LTU_1894_S30	Collapsed	Arabidopsis
91	2810	75.LTU_1894_S30	Collapsed	Arabidopsis
92	3009	75.LTU_1894_S30	Collapsed	Arabidopsis
93	3193	75.LTU_1894_S30	Collapsed	Arabidopsis
94	3234	75.LTU_1894_S30	Collapsed	Arabidopsis
95	3316	75.LTU_1894_S30	Collapsed	Arabidopsis
96	3469	75.LTU_1894_S30	Collapsed	Arabidopsis
97	3604	75.LTU_1894_S30	Collapsed	Arabidopsis
98	3791	75.LTU_1894_S30	Collapsed	Arabidopsis
99	3919	75.LTU_1894_S30	Collapsed	Arabidopsis
100	4115	75.LTU_1894_S30	Collapsed	Arabidopsis
101	4187	75.LTU_1894_S30	Collapsed	Arabidopsis
102	4395	75.LTU_1894_S30	Collapsed	Arabidopsis
103	4628	75.LTU_1894_S30	Collapsed	Arabidopsis
104	4637	75.LTU_1894_S30	Collapsed	Arabidopsis
105	4938	75.LTU_1894_S30	Collapsed	Arabidopsis
106	5043	75.LTU_1894_S30	Collapsed	Arabidopsis
107	5223	75.LTU_1894_S30	Collapsed	Arabidopsis
108	5340	75.LTU_1894_S30	Collapsed	Arabidopsis
109	5618	75.LTU_1894_S30	Collapsed	Arabidopsis
110	5742	75.LTU_1894_S30	Collapsed	Arabidopsis
111	6062	75.LTU_1894_S30	Collapsed	Arabidopsis
112	6191	75.LTU_1894_S30	Collapsed	Arabidopsis
113	6311	75.LTU_1894_S30	Collapsed	Arabidopsis
114	6579	75.LTU_1894_S30	Collapsed	Arabidopsis
115	6814	75.LTU_1894_S30	Collapsed	Arabidopsis
116	6985	75.LTU_1894_S30	Collapsed	Arabidopsis
117	7131	75.LTU_1894_S30	Collapsed	Arabidopsis
118	7349	75.LTU_1894_S30	Collapsed	Arabidopsis
119	7652	75.LTU_1894_S30	Collapsed	Arabidopsis
120	7788	75.LTU_1894_S30	Collapsed	Arabidopsis
121	8228	75.LTU_1894_S30	Collapsed	Arabidopsis
122	8384	75.LTU_1894_S30	Collapsed	Arabidopsis
123	8644	75.LTU_1894_S30	Collapsed	Arabidopsis
124	9069	75.LTU_1894_S30	Collapsed	Arabidopsis
125	9228	75.LTU_1894_S30	Collapsed	Arabidopsis
126	9401	75.LTU_1894_S30	Collapsed	Arabidopsis
127	9646	75.LTU_1894_S30	Collapsed	Arabidopsis
128	9974	75.LTU_1894_S30	Collapsed	Arabidopsis
129	10256	75.LTU_1894_S30	Collapsed	Arabidopsis
130	10611	75.LTU_1894_S30	Collapsed	Arabidopsis
131	10924	75.LTU_1894_S30	Collapsed	Arabidopsis
132	10907	75.LTU_1894_S30	Collapsed	Arabidopsis
133	11396	75.LTU_1894_S30	Collapsed	Arabidopsis
134	11539	75.LTU_1894_S30	Collapsed	Arabidopsis
135	12045	75.LTU_1894_S30	Collapsed	Arabidopsis
136	12017	75.LTU_1894_S30	Collapsed	Arabidopsis
137	12064	75.LTU_1894_S30	Collapsed	Arabidopsis
138	12308	75.LTU_1894_S30	Collapsed	Arabidopsis
139	12556	75.LTU_1894_S30	Collapsed	Arabidopsis
0	14	75.LTU_1894_S30	Paired	Arabidopsis
78	1	75.LTU_1894_S30	Paired	Arabidopsis
81	1	75.LTU_1894_S30	Paired	Arabidopsis
82	1	75.LTU_1894_S30	Paired	Arabidopsis
83	3	75.LTU_1894_S30	Paired	Arabidopsis
85	1	75.LTU_1894_S30	Paired	Arabidopsis
95	12	75.LTU_1894_S30	Paired	Arabidopsis
96	9	75.LTU_1894_S30	Paired	Arabidopsis
97	22	75.LTU_1894_S30	Paired	Arabidopsis
98	15	75.LTU_1894_S30	Paired	Arabidopsis
99	34	75.LTU_1894_S30	Paired	Arabidopsis
100	35	75.LTU_1894_S30	Paired	Arabidopsis
101	28	75.LTU_1894_S30	Paired	Arabidopsis
102	37	75.LTU_1894_S30	Paired	Arabidopsis
103	28	75.LTU_1894_S30	Paired	Arabidopsis
104	38	75.LTU_1894_S30	Paired	Arabidopsis
105	46	75.LTU_1894_S30	Paired	Arabidopsis
106	45	75.LTU_1894_S30	Paired	Arabidopsis
107	56	75.LTU_1894_S30	Paired	Arabidopsis
108	61	75.LTU_1894_S30	Paired	Arabidopsis
109	93	75.LTU_1894_S30	Paired	Arabidopsis
110	89	75.LTU_1894_S30	Paired	Arabidopsis
111	67	75.LTU_1894_S30	Paired	Arabidopsis
112	85	75.LTU_1894_S30	Paired	Arabidopsis
113	103	75.LTU_1894_S30	Paired	Arabidopsis
114	89	75.LTU_1894_S30	Paired	Arabidopsis
115	111	75.LTU_1894_S30	Paired	Arabidopsis
116	121	75.LTU_1894_S30	Paired	Arabidopsis
117	112	75.LTU_1894_S30	Paired	Arabidopsis
118	127	75.LTU_1894_S30	Paired	Arabidopsis
119	143	75.LTU_1894_S30	Paired	Arabidopsis
120	169	75.LTU_1894_S30	Paired	Arabidopsis
121	160	75.LTU_1894_S30	Paired	Arabidopsis
122	168	75.LTU_1894_S30	Paired	Arabidopsis
123	177	75.LTU_1894_S30	Paired	Arabidopsis
124	224	75.LTU_1894_S30	Paired	Arabidopsis
125	223	75.LTU_1894_S30	Paired	Arabidopsis
126	271	75.LTU_1894_S30	Paired	Arabidopsis
127	312	75.LTU_1894_S30	Paired	Arabidopsis
128	461	75.LTU_1894_S30	Paired	Arabidopsis
129	503	75.LTU_1894_S30	Paired	Arabidopsis
130	503	75.LTU_1894_S30	Paired	Arabidopsis
131	605	75.LTU_1894_S30	Paired	Arabidopsis
132	553	75.LTU_1894_S30	Paired	Arabidopsis
133	637	75.LTU_1894_S30	Paired	Arabidopsis
134	669	75.LTU_1894_S30	Paired	Arabidopsis
135	718	75.LTU_1894_S30	Paired	Arabidopsis
136	749	75.LTU_1894_S30	Paired	Arabidopsis
137	838	75.LTU_1894_S30	Paired	Arabidopsis
138	1005	75.LTU_1894_S30	Paired	Arabidopsis
139	1350	75.LTU_1894_S30	Paired	Arabidopsis
140	12785	75.LTU_1894_S30	Paired	Arabidopsis
141	13288	75.LTU_1894_S30	Paired	Arabidopsis
142	13835	75.LTU_1894_S30	Paired	Arabidopsis
143	13733	75.LTU_1894_S30	Paired	Arabidopsis
144	14153	75.LTU_1894_S30	Paired	Arabidopsis
145	14207	75.LTU_1894_S30	Paired	Arabidopsis
146	14170	75.LTU_1894_S30	Paired	Arabidopsis
147	14552	75.LTU_1894_S30	Paired	Arabidopsis
148	14799	75.LTU_1894_S30	Paired	Arabidopsis
149	15018	75.LTU_1894_S30	Paired	Arabidopsis
150	15352	75.LTU_1894_S30	Paired	Arabidopsis
151	15432	75.LTU_1894_S30	Paired	Arabidopsis
152	15507	75.LTU_1894_S30	Paired	Arabidopsis
153	15700	75.LTU_1894_S30	Paired	Arabidopsis
154	15767	75.LTU_1894_S30	Paired	Arabidopsis
155	15995	75.LTU_1894_S30	Paired	Arabidopsis
156	16023	75.LTU_1894_S30	Paired	Arabidopsis
157	16091	75.LTU_1894_S30	Paired	Arabidopsis
158	16186	75.LTU_1894_S30	Paired	Arabidopsis
159	16335	75.LTU_1894_S30	Paired	Arabidopsis
160	16529	75.LTU_1894_S30	Paired	Arabidopsis
161	16588	75.LTU_1894_S30	Paired	Arabidopsis
162	16349	75.LTU_1894_S30	Paired	Arabidopsis
163	16570	75.LTU_1894_S30	Paired	Arabidopsis
164	16608	75.LTU_1894_S30	Paired	Arabidopsis
165	16559	75.LTU_1894_S30	Paired	Arabidopsis
166	16630	75.LTU_1894_S30	Paired	Arabidopsis
167	16746	75.LTU_1894_S30	Paired	Arabidopsis
168	16854	75.LTU_1894_S30	Paired	Arabidopsis
169	16800	75.LTU_1894_S30	Paired	Arabidopsis
170	16710	75.LTU_1894_S30	Paired	Arabidopsis
171	16599	75.LTU_1894_S30	Paired	Arabidopsis
172	17021	75.LTU_1894_S30	Paired	Arabidopsis
173	16647	75.LTU_1894_S30	Paired	Arabidopsis
174	16603	75.LTU_1894_S30	Paired	Arabidopsis
175	16569	75.LTU_1894_S30	Paired	Arabidopsis
176	16550	75.LTU_1894_S30	Paired	Arabidopsis
177	16667	75.LTU_1894_S30	Paired	Arabidopsis
178	16427	75.LTU_1894_S30	Paired	Arabidopsis
179	16487	75.LTU_1894_S30	Paired	Arabidopsis
180	16457	75.LTU_1894_S30	Paired	Arabidopsis
181	16373	75.LTU_1894_S30	Paired	Arabidopsis
182	16400	75.LTU_1894_S30	Paired	Arabidopsis
183	16175	75.LTU_1894_S30	Paired	Arabidopsis
184	16027	75.LTU_1894_S30	Paired	Arabidopsis
185	15930	75.LTU_1894_S30	Paired	Arabidopsis
186	16191	75.LTU_1894_S30	Paired	Arabidopsis
187	15795	75.LTU_1894_S30	Paired	Arabidopsis
188	15772	75.LTU_1894_S30	Paired	Arabidopsis
189	15868	75.LTU_1894_S30	Paired	Arabidopsis
190	15822	75.LTU_1894_S30	Paired	Arabidopsis
191	15393	75.LTU_1894_S30	Paired	Arabidopsis
192	15518	75.LTU_1894_S30	Paired	Arabidopsis
193	15494	75.LTU_1894_S30	Paired	Arabidopsis
194	15522	75.LTU_1894_S30	Paired	Arabidopsis
195	15045	75.LTU_1894_S30	Paired	Arabidopsis
196	15039	75.LTU_1894_S30	Paired	Arabidopsis
197	15047	75.LTU_1894_S30	Paired	Arabidopsis
198	14937	75.LTU_1894_S30	Paired	Arabidopsis
199	14843	75.LTU_1894_S30	Paired	Arabidopsis
200	14798	75.LTU_1894_S30	Paired	Arabidopsis
201	14721	75.LTU_1894_S30	Paired	Arabidopsis
202	14418	75.LTU_1894_S30	Paired	Arabidopsis
203	14204	75.LTU_1894_S30	Paired	Arabidopsis
204	14597	75.LTU_1894_S30	Paired	Arabidopsis
205	14137	75.LTU_1894_S30	Paired	Arabidopsis
206	14247	75.LTU_1894_S30	Paired	Arabidopsis
207	13937	75.LTU_1894_S30	Paired	Arabidopsis
208	13948	75.LTU_1894_S30	Paired	Arabidopsis
209	13753	75.LTU_1894_S30	Paired	Arabidopsis
210	13815	75.LTU_1894_S30	Paired	Arabidopsis
211	13635	75.LTU_1894_S30	Paired	Arabidopsis
212	13445	75.LTU_1894_S30	Paired	Arabidopsis
213	13500	75.LTU_1894_S30	Paired	Arabidopsis
214	13562	75.LTU_1894_S30	Paired	Arabidopsis
215	13193	75.LTU_1894_S30	Paired	Arabidopsis
216	13061	75.LTU_1894_S30	Paired	Arabidopsis
217	12790	75.LTU_1894_S30	Paired	Arabidopsis
218	12854	75.LTU_1894_S30	Paired	Arabidopsis
219	12689	75.LTU_1894_S30	Paired	Arabidopsis
220	12512	75.LTU_1894_S30	Paired	Arabidopsis
221	12672	75.LTU_1894_S30	Paired	Arabidopsis
222	12232	75.LTU_1894_S30	Paired	Arabidopsis
223	12355	75.LTU_1894_S30	Paired	Arabidopsis
224	12357	75.LTU_1894_S30	Paired	Arabidopsis
225	12378	75.LTU_1894_S30	Paired	Arabidopsis
226	12000	75.LTU_1894_S30	Paired	Arabidopsis
227	11826	75.LTU_1894_S30	Paired	Arabidopsis
228	11780	75.LTU_1894_S30	Paired	Arabidopsis
229	11554	75.LTU_1894_S30	Paired	Arabidopsis
230	11435	75.LTU_1894_S30	Paired	Arabidopsis
231	11405	75.LTU_1894_S30	Paired	Arabidopsis
232	11355	75.LTU_1894_S30	Paired	Arabidopsis
233	11357	75.LTU_1894_S30	Paired	Arabidopsis
234	11204	75.LTU_1894_S30	Paired	Arabidopsis
235	11046	75.LTU_1894_S30	Paired	Arabidopsis
236	11146	75.LTU_1894_S30	Paired	Arabidopsis
237	10852	75.LTU_1894_S30	Paired	Arabidopsis
238	10784	75.LTU_1894_S30	Paired	Arabidopsis
239	10762	75.LTU_1894_S30	Paired	Arabidopsis
240	10378	75.LTU_1894_S30	Paired	Arabidopsis
241	10361	75.LTU_1894_S30	Paired	Arabidopsis
242	10425	75.LTU_1894_S30	Paired	Arabidopsis
243	10152	75.LTU_1894_S30	Paired	Arabidopsis
244	10129	75.LTU_1894_S30	Paired	Arabidopsis
245	10211	75.LTU_1894_S30	Paired	Arabidopsis
246	10203	75.LTU_1894_S30	Paired	Arabidopsis
247	10051	75.LTU_1894_S30	Paired	Arabidopsis
248	9769	75.LTU_1894_S30	Paired	Arabidopsis
249	9692	75.LTU_1894_S30	Paired	Arabidopsis
250	9256	75.LTU_1894_S30	Paired	Arabidopsis
251	9323	75.LTU_1894_S30	Paired	Arabidopsis
252	9230	75.LTU_1894_S30	Paired	Arabidopsis
253	9395	75.LTU_1894_S30	Paired	Arabidopsis
254	9239	75.LTU_1894_S30	Paired	Arabidopsis
255	9276	75.LTU_1894_S30	Paired	Arabidopsis
256	9188	75.LTU_1894_S30	Paired	Arabidopsis
257	8899	75.LTU_1894_S30	Paired	Arabidopsis
258	8836	75.LTU_1894_S30	Paired	Arabidopsis
259	8880	75.LTU_1894_S30	Paired	Arabidopsis
260	8503	75.LTU_1894_S30	Paired	Arabidopsis
261	8485	75.LTU_1894_S30	Paired	Arabidopsis
262	8342	75.LTU_1894_S30	Paired	Arabidopsis
263	8246	75.LTU_1894_S30	Paired	Arabidopsis
264	8328	75.LTU_1894_S30	Paired	Arabidopsis
265	8175	75.LTU_1894_S30	Paired	Arabidopsis
266	8040	75.LTU_1894_S30	Paired	Arabidopsis
267	8155	75.LTU_1894_S30	Paired	Arabidopsis
268	7949	75.LTU_1894_S30	Paired	Arabidopsis
269	7796	75.LTU_1894_S30	Paired	Arabidopsis
270	7849	75.LTU_1894_S30	Paired	Arabidopsis
271	7594	75.LTU_1894_S30	Paired	Arabidopsis
272	7583	75.LTU_1894_S30	Paired	Arabidopsis
273	7492	75.LTU_1894_S30	Paired	Arabidopsis
274	7472	75.LTU_1894_S30	Paired	Arabidopsis
275	7537	75.LTU_1894_S30	Paired	Arabidopsis
276	7325	75.LTU_1894_S30	Paired	Arabidopsis
277	7322	75.LTU_1894_S30	Paired	Arabidopsis
278	7099	75.LTU_1894_S30	Paired	Arabidopsis
279	7001	75.LTU_1894_S30	Paired	Arabidopsis
280	7084	75.LTU_1894_S30	Paired	Arabidopsis
281	6827	75.LTU_1894_S30	Paired	Arabidopsis
282	6639	75.LTU_1894_S30	Paired	Arabidopsis
283	6734	75.LTU_1894_S30	Paired	Arabidopsis
284	6753	75.LTU_1894_S30	Paired	Arabidopsis
285	6589	75.LTU_1894_S30	Paired	Arabidopsis
286	6512	75.LTU_1894_S30	Paired	Arabidopsis
287	6770	75.LTU_1894_S30	Paired	Arabidopsis
288	6442	75.LTU_1894_S30	Paired	Arabidopsis
289	6532	75.LTU_1894_S30	Paired	Arabidopsis
290	6357	75.LTU_1894_S30	Paired	Arabidopsis
291	6101	75.LTU_1894_S30	Paired	Arabidopsis
292	6106	75.LTU_1894_S30	Paired	Arabidopsis
293	6139	75.LTU_1894_S30	Paired	Arabidopsis
294	5865	75.LTU_1894_S30	Paired	Arabidopsis
295	5888	75.LTU_1894_S30	Paired	Arabidopsis
296	5977	75.LTU_1894_S30	Paired	Arabidopsis
297	5906	75.LTU_1894_S30	Paired	Arabidopsis
298	5940	75.LTU_1894_S30	Paired	Arabidopsis
299	5904	75.LTU_1894_S30	Paired	Arabidopsis
300	5728	75.LTU_1894_S30	Paired	Arabidopsis
301	5560	75.LTU_1894_S30	Paired	Arabidopsis
302	5498	75.LTU_1894_S30	Paired	Arabidopsis
303	5474	75.LTU_1894_S30	Paired	Arabidopsis
304	5540	75.LTU_1894_S30	Paired	Arabidopsis
305	5430	75.LTU_1894_S30	Paired	Arabidopsis
306	5340	75.LTU_1894_S30	Paired	Arabidopsis
307	5264	75.LTU_1894_S30	Paired	Arabidopsis
308	5410	75.LTU_1894_S30	Paired	Arabidopsis
309	5373	75.LTU_1894_S30	Paired	Arabidopsis
310	5221	75.LTU_1894_S30	Paired	Arabidopsis
311	5217	75.LTU_1894_S30	Paired	Arabidopsis
312	4954	75.LTU_1894_S30	Paired	Arabidopsis
313	4968	75.LTU_1894_S30	Paired	Arabidopsis
314	4893	75.LTU_1894_S30	Paired	Arabidopsis
315	4979	75.LTU_1894_S30	Paired	Arabidopsis
316	4850	75.LTU_1894_S30	Paired	Arabidopsis
317	4889	75.LTU_1894_S30	Paired	Arabidopsis
318	4916	75.LTU_1894_S30	Paired	Arabidopsis
319	4751	75.LTU_1894_S30	Paired	Arabidopsis
320	4692	75.LTU_1894_S30	Paired	Arabidopsis
321	4683	75.LTU_1894_S30	Paired	Arabidopsis
322	4642	75.LTU_1894_S30	Paired	Arabidopsis
323	4594	75.LTU_1894_S30	Paired	Arabidopsis
324	4540	75.LTU_1894_S30	Paired	Arabidopsis
325	4552	75.LTU_1894_S30	Paired	Arabidopsis
326	4437	75.LTU_1894_S30	Paired	Arabidopsis
327	4376	75.LTU_1894_S30	Paired	Arabidopsis
328	4479	75.LTU_1894_S30	Paired	Arabidopsis
329	4423	75.LTU_1894_S30	Paired	Arabidopsis
330	4331	75.LTU_1894_S30	Paired	Arabidopsis
331	4376	75.LTU_1894_S30	Paired	Arabidopsis
332	4231	75.LTU_1894_S30	Paired	Arabidopsis
333	4138	75.LTU_1894_S30	Paired	Arabidopsis
334	4167	75.LTU_1894_S30	Paired	Arabidopsis
335	4076	75.LTU_1894_S30	Paired	Arabidopsis
336	4138	75.LTU_1894_S30	Paired	Arabidopsis
337	4077	75.LTU_1894_S30	Paired	Arabidopsis
338	3963	75.LTU_1894_S30	Paired	Arabidopsis
339	3838	75.LTU_1894_S30	Paired	Arabidopsis
340	3866	75.LTU_1894_S30	Paired	Arabidopsis
341	3870	75.LTU_1894_S30	Paired	Arabidopsis
342	3724	75.LTU_1894_S30	Paired	Arabidopsis
343	3768	75.LTU_1894_S30	Paired	Arabidopsis
344	3719	75.LTU_1894_S30	Paired	Arabidopsis
345	3629	75.LTU_1894_S30	Paired	Arabidopsis
346	3612	75.LTU_1894_S30	Paired	Arabidopsis
347	3639	75.LTU_1894_S30	Paired	Arabidopsis
348	3716	75.LTU_1894_S30	Paired	Arabidopsis
349	3681	75.LTU_1894_S30	Paired	Arabidopsis
350	3626	75.LTU_1894_S30	Paired	Arabidopsis
351	3539	75.LTU_1894_S30	Paired	Arabidopsis
352	3548	75.LTU_1894_S30	Paired	Arabidopsis
353	3530	75.LTU_1894_S30	Paired	Arabidopsis
354	3437	75.LTU_1894_S30	Paired	Arabidopsis
355	3462	75.LTU_1894_S30	Paired	Arabidopsis
356	3340	75.LTU_1894_S30	Paired	Arabidopsis
357	3339	75.LTU_1894_S30	Paired	Arabidopsis
358	3326	75.LTU_1894_S30	Paired	Arabidopsis
359	3277	75.LTU_1894_S30	Paired	Arabidopsis
360	3403	75.LTU_1894_S30	Paired	Arabidopsis
361	3254	75.LTU_1894_S30	Paired	Arabidopsis
362	3190	75.LTU_1894_S30	Paired	Arabidopsis
363	3255	75.LTU_1894_S30	Paired	Arabidopsis
364	3129	75.LTU_1894_S30	Paired	Arabidopsis
365	3071	75.LTU_1894_S30	Paired	Arabidopsis
366	2979	75.LTU_1894_S30	Paired	Arabidopsis
367	2823	75.LTU_1894_S30	Paired	Arabidopsis
368	3021	75.LTU_1894_S30	Paired	Arabidopsis
369	2971	75.LTU_1894_S30	Paired	Arabidopsis
370	2889	75.LTU_1894_S30	Paired	Arabidopsis
371	2927	75.LTU_1894_S30	Paired	Arabidopsis
372	2883	75.LTU_1894_S30	Paired	Arabidopsis
373	2817	75.LTU_1894_S30	Paired	Arabidopsis
374	2728	75.LTU_1894_S30	Paired	Arabidopsis
375	2769	75.LTU_1894_S30	Paired	Arabidopsis
376	2762	75.LTU_1894_S30	Paired	Arabidopsis
377	2763	75.LTU_1894_S30	Paired	Arabidopsis
378	2676	75.LTU_1894_S30	Paired	Arabidopsis
379	2629	75.LTU_1894_S30	Paired	Arabidopsis
380	2671	75.LTU_1894_S30	Paired	Arabidopsis
381	2685	75.LTU_1894_S30	Paired	Arabidopsis
382	2620	75.LTU_1894_S30	Paired	Arabidopsis
383	2641	75.LTU_1894_S30	Paired	Arabidopsis
384	2542	75.LTU_1894_S30	Paired	Arabidopsis
385	2515	75.LTU_1894_S30	Paired	Arabidopsis
386	2607	75.LTU_1894_S30	Paired	Arabidopsis
387	2376	75.LTU_1894_S30	Paired	Arabidopsis
388	2438	75.LTU_1894_S30	Paired	Arabidopsis
389	2421	75.LTU_1894_S30	Paired	Arabidopsis
390	2437	75.LTU_1894_S30	Paired	Arabidopsis
391	2324	75.LTU_1894_S30	Paired	Arabidopsis
392	2267	75.LTU_1894_S30	Paired	Arabidopsis
393	2301	75.LTU_1894_S30	Paired	Arabidopsis
394	2327	75.LTU_1894_S30	Paired	Arabidopsis
395	2247	75.LTU_1894_S30	Paired	Arabidopsis
396	2266	75.LTU_1894_S30	Paired	Arabidopsis
397	2154	75.LTU_1894_S30	Paired	Arabidopsis
398	2273	75.LTU_1894_S30	Paired	Arabidopsis
399	2240	75.LTU_1894_S30	Paired	Arabidopsis
400	2208	75.LTU_1894_S30	Paired	Arabidopsis
401	2146	75.LTU_1894_S30	Paired	Arabidopsis
402	2156	75.LTU_1894_S30	Paired	Arabidopsis
403	2176	75.LTU_1894_S30	Paired	Arabidopsis
404	2151	75.LTU_1894_S30	Paired	Arabidopsis
405	2100	75.LTU_1894_S30	Paired	Arabidopsis
406	2040	75.LTU_1894_S30	Paired	Arabidopsis
407	2110	75.LTU_1894_S30	Paired	Arabidopsis
408	1924	75.LTU_1894_S30	Paired	Arabidopsis
409	1979	75.LTU_1894_S30	Paired	Arabidopsis
410	1965	75.LTU_1894_S30	Paired	Arabidopsis
411	1978	75.LTU_1894_S30	Paired	Arabidopsis
412	1961	75.LTU_1894_S30	Paired	Arabidopsis
413	1956	75.LTU_1894_S30	Paired	Arabidopsis
414	1807	75.LTU_1894_S30	Paired	Arabidopsis
415	1845	75.LTU_1894_S30	Paired	Arabidopsis
416	1841	75.LTU_1894_S30	Paired	Arabidopsis
417	1810	75.LTU_1894_S30	Paired	Arabidopsis
418	1817	75.LTU_1894_S30	Paired	Arabidopsis
419	1784	75.LTU_1894_S30	Paired	Arabidopsis
420	1817	75.LTU_1894_S30	Paired	Arabidopsis
421	1829	75.LTU_1894_S30	Paired	Arabidopsis
422	1731	75.LTU_1894_S30	Paired	Arabidopsis
423	1769	75.LTU_1894_S30	Paired	Arabidopsis
424	1741	75.LTU_1894_S30	Paired	Arabidopsis
425	1711	75.LTU_1894_S30	Paired	Arabidopsis
426	1703	75.LTU_1894_S30	Paired	Arabidopsis
427	1630	75.LTU_1894_S30	Paired	Arabidopsis
428	1566	75.LTU_1894_S30	Paired	Arabidopsis
429	1646	75.LTU_1894_S30	Paired	Arabidopsis
430	1626	75.LTU_1894_S30	Paired	Arabidopsis
431	1618	75.LTU_1894_S30	Paired	Arabidopsis
432	1630	75.LTU_1894_S30	Paired	Arabidopsis
433	1616	75.LTU_1894_S30	Paired	Arabidopsis
434	1532	75.LTU_1894_S30	Paired	Arabidopsis
435	1619	75.LTU_1894_S30	Paired	Arabidopsis
436	1553	75.LTU_1894_S30	Paired	Arabidopsis
437	1452	75.LTU_1894_S30	Paired	Arabidopsis
438	1412	75.LTU_1894_S30	Paired	Arabidopsis
439	1452	75.LTU_1894_S30	Paired	Arabidopsis
440	1478	75.LTU_1894_S30	Paired	Arabidopsis
441	1503	75.LTU_1894_S30	Paired	Arabidopsis
442	1418	75.LTU_1894_S30	Paired	Arabidopsis
443	1453	75.LTU_1894_S30	Paired	Arabidopsis
444	1385	75.LTU_1894_S30	Paired	Arabidopsis
445	1474	75.LTU_1894_S30	Paired	Arabidopsis
446	1411	75.LTU_1894_S30	Paired	Arabidopsis
447	1382	75.LTU_1894_S30	Paired	Arabidopsis
448	1319	75.LTU_1894_S30	Paired	Arabidopsis
449	1364	75.LTU_1894_S30	Paired	Arabidopsis
450	1309	75.LTU_1894_S30	Paired	Arabidopsis
451	1379	75.LTU_1894_S30	Paired	Arabidopsis
452	1263	75.LTU_1894_S30	Paired	Arabidopsis
453	1325	75.LTU_1894_S30	Paired	Arabidopsis
454	1324	75.LTU_1894_S30	Paired	Arabidopsis
455	1235	75.LTU_1894_S30	Paired	Arabidopsis
456	1223	75.LTU_1894_S30	Paired	Arabidopsis
457	1250	75.LTU_1894_S30	Paired	Arabidopsis
458	1269	75.LTU_1894_S30	Paired	Arabidopsis
459	1206	75.LTU_1894_S30	Paired	Arabidopsis
460	1206	75.LTU_1894_S30	Paired	Arabidopsis
461	1244	75.LTU_1894_S30	Paired	Arabidopsis
462	1190	75.LTU_1894_S30	Paired	Arabidopsis
463	1137	75.LTU_1894_S30	Paired	Arabidopsis
464	1110	75.LTU_1894_S30	Paired	Arabidopsis
465	1134	75.LTU_1894_S30	Paired	Arabidopsis
466	1163	75.LTU_1894_S30	Paired	Arabidopsis
467	1160	75.LTU_1894_S30	Paired	Arabidopsis
468	1071	75.LTU_1894_S30	Paired	Arabidopsis
469	1104	75.LTU_1894_S30	Paired	Arabidopsis
470	1061	75.LTU_1894_S30	Paired	Arabidopsis
471	1040	75.LTU_1894_S30	Paired	Arabidopsis
472	1090	75.LTU_1894_S30	Paired	Arabidopsis
473	1031	75.LTU_1894_S30	Paired	Arabidopsis
474	1060	75.LTU_1894_S30	Paired	Arabidopsis
475	1080	75.LTU_1894_S30	Paired	Arabidopsis
476	1090	75.LTU_1894_S30	Paired	Arabidopsis
477	1002	75.LTU_1894_S30	Paired	Arabidopsis
478	1047	75.LTU_1894_S30	Paired	Arabidopsis
479	1071	75.LTU_1894_S30	Paired	Arabidopsis
480	980	75.LTU_1894_S30	Paired	Arabidopsis
481	1102	75.LTU_1894_S30	Paired	Arabidopsis
482	945	75.LTU_1894_S30	Paired	Arabidopsis
483	1019	75.LTU_1894_S30	Paired	Arabidopsis
484	1010	75.LTU_1894_S30	Paired	Arabidopsis
485	1018	75.LTU_1894_S30	Paired	Arabidopsis
486	941	75.LTU_1894_S30	Paired	Arabidopsis
487	938	75.LTU_1894_S30	Paired	Arabidopsis
488	920	75.LTU_1894_S30	Paired	Arabidopsis
489	939	75.LTU_1894_S30	Paired	Arabidopsis
490	892	75.LTU_1894_S30	Paired	Arabidopsis
491	888	75.LTU_1894_S30	Paired	Arabidopsis
492	865	75.LTU_1894_S30	Paired	Arabidopsis
493	902	75.LTU_1894_S30	Paired	Arabidopsis
494	823	75.LTU_1894_S30	Paired	Arabidopsis
495	849	75.LTU_1894_S30	Paired	Arabidopsis
496	863	75.LTU_1894_S30	Paired	Arabidopsis
497	858	75.LTU_1894_S30	Paired	Arabidopsis
498	847	75.LTU_1894_S30	Paired	Arabidopsis
499	858	75.LTU_1894_S30	Paired	Arabidopsis
500	858	75.LTU_1894_S30	Paired	Arabidopsis
501	772	75.LTU_1894_S30	Paired	Arabidopsis
502	804	75.LTU_1894_S30	Paired	Arabidopsis
503	842	75.LTU_1894_S30	Paired	Arabidopsis
504	755	75.LTU_1894_S30	Paired	Arabidopsis
505	855	75.LTU_1894_S30	Paired	Arabidopsis
506	841	75.LTU_1894_S30	Paired	Arabidopsis
507	802	75.LTU_1894_S30	Paired	Arabidopsis
508	748	75.LTU_1894_S30	Paired	Arabidopsis
509	749	75.LTU_1894_S30	Paired	Arabidopsis
510	770	75.LTU_1894_S30	Paired	Arabidopsis
511	775	75.LTU_1894_S30	Paired	Arabidopsis
512	777	75.LTU_1894_S30	Paired	Arabidopsis
513	779	75.LTU_1894_S30	Paired	Arabidopsis
514	822	75.LTU_1894_S30	Paired	Arabidopsis
515	948	75.LTU_1894_S30	Paired	Arabidopsis
516	856	75.LTU_1894_S30	Paired	Arabidopsis
517	848	75.LTU_1894_S30	Paired	Arabidopsis
518	797	75.LTU_1894_S30	Paired	Arabidopsis
519	905	75.LTU_1894_S30	Paired	Arabidopsis
520	707	75.LTU_1894_S30	Paired	Arabidopsis
521	787	75.LTU_1894_S30	Paired	Arabidopsis
522	751	75.LTU_1894_S30	Paired	Arabidopsis
523	666	75.LTU_1894_S30	Paired	Arabidopsis
524	627	75.LTU_1894_S30	Paired	Arabidopsis
525	650	75.LTU_1894_S30	Paired	Arabidopsis
526	573	75.LTU_1894_S30	Paired	Arabidopsis
527	648	75.LTU_1894_S30	Paired	Arabidopsis
528	621	75.LTU_1894_S30	Paired	Arabidopsis
529	694	75.LTU_1894_S30	Paired	Arabidopsis
530	634	75.LTU_1894_S30	Paired	Arabidopsis
531	686	75.LTU_1894_S30	Paired	Arabidopsis
532	635	75.LTU_1894_S30	Paired	Arabidopsis
533	558	75.LTU_1894_S30	Paired	Arabidopsis
534	653	75.LTU_1894_S30	Paired	Arabidopsis
535	538	75.LTU_1894_S30	Paired	Arabidopsis
536	595	75.LTU_1894_S30	Paired	Arabidopsis
537	544	75.LTU_1894_S30	Paired	Arabidopsis
538	514	75.LTU_1894_S30	Paired	Arabidopsis
539	476	75.LTU_1894_S30	Paired	Arabidopsis
540	490	75.LTU_1894_S30	Paired	Arabidopsis
541	510	75.LTU_1894_S30	Paired	Arabidopsis
542	514	75.LTU_1894_S30	Paired	Arabidopsis
543	474	75.LTU_1894_S30	Paired	Arabidopsis
544	487	75.LTU_1894_S30	Paired	Arabidopsis
545	448	75.LTU_1894_S30	Paired	Arabidopsis
546	433	75.LTU_1894_S30	Paired	Arabidopsis
547	448	75.LTU_1894_S30	Paired	Arabidopsis
548	435	75.LTU_1894_S30	Paired	Arabidopsis
549	474	75.LTU_1894_S30	Paired	Arabidopsis
550	409	75.LTU_1894_S30	Paired	Arabidopsis
551	434	75.LTU_1894_S30	Paired	Arabidopsis
552	443	75.LTU_1894_S30	Paired	Arabidopsis
553	434	75.LTU_1894_S30	Paired	Arabidopsis
554	374	75.LTU_1894_S30	Paired	Arabidopsis
555	383	75.LTU_1894_S30	Paired	Arabidopsis
556	373	75.LTU_1894_S30	Paired	Arabidopsis
557	467	75.LTU_1894_S30	Paired	Arabidopsis
558	403	75.LTU_1894_S30	Paired	Arabidopsis
559	412	75.LTU_1894_S30	Paired	Arabidopsis
560	406	75.LTU_1894_S30	Paired	Arabidopsis
561	420	75.LTU_1894_S30	Paired	Arabidopsis
562	379	75.LTU_1894_S30	Paired	Arabidopsis
563	376	75.LTU_1894_S30	Paired	Arabidopsis
564	366	75.LTU_1894_S30	Paired	Arabidopsis
565	334	75.LTU_1894_S30	Paired	Arabidopsis
566	392	75.LTU_1894_S30	Paired	Arabidopsis
567	341	75.LTU_1894_S30	Paired	Arabidopsis
568	342	75.LTU_1894_S30	Paired	Arabidopsis
569	328	75.LTU_1894_S30	Paired	Arabidopsis
570	340	75.LTU_1894_S30	Paired	Arabidopsis
571	349	75.LTU_1894_S30	Paired	Arabidopsis
572	308	75.LTU_1894_S30	Paired	Arabidopsis
573	336	75.LTU_1894_S30	Paired	Arabidopsis
574	325	75.LTU_1894_S30	Paired	Arabidopsis
575	317	75.LTU_1894_S30	Paired	Arabidopsis
576	329	75.LTU_1894_S30	Paired	Arabidopsis
577	321	75.LTU_1894_S30	Paired	Arabidopsis
578	307	75.LTU_1894_S30	Paired	Arabidopsis
579	338	75.LTU_1894_S30	Paired	Arabidopsis
580	358	75.LTU_1894_S30	Paired	Arabidopsis
581	297	75.LTU_1894_S30	Paired	Arabidopsis
582	308	75.LTU_1894_S30	Paired	Arabidopsis
583	295	75.LTU_1894_S30	Paired	Arabidopsis
584	303	75.LTU_1894_S30	Paired	Arabidopsis
585	295	75.LTU_1894_S30	Paired	Arabidopsis
586	284	75.LTU_1894_S30	Paired	Arabidopsis
587	330	75.LTU_1894_S30	Paired	Arabidopsis
588	281	75.LTU_1894_S30	Paired	Arabidopsis
589	289	75.LTU_1894_S30	Paired	Arabidopsis
590	298	75.LTU_1894_S30	Paired	Arabidopsis
591	275	75.LTU_1894_S30	Paired	Arabidopsis
592	263	75.LTU_1894_S30	Paired	Arabidopsis
593	253	75.LTU_1894_S30	Paired	Arabidopsis
594	244	75.LTU_1894_S30	Paired	Arabidopsis
595	245	75.LTU_1894_S30	Paired	Arabidopsis
596	245	75.LTU_1894_S30	Paired	Arabidopsis
597	253	75.LTU_1894_S30	Paired	Arabidopsis
598	266	75.LTU_1894_S30	Paired	Arabidopsis
599	228	75.LTU_1894_S30	Paired	Arabidopsis
600	260	75.LTU_1894_S30	Paired	Arabidopsis
601	240	75.LTU_1894_S30	Paired	Arabidopsis
602	242	75.LTU_1894_S30	Paired	Arabidopsis
603	241	75.LTU_1894_S30	Paired	Arabidopsis
604	242	75.LTU_1894_S30	Paired	Arabidopsis
605	250	75.LTU_1894_S30	Paired	Arabidopsis
606	255	75.LTU_1894_S30	Paired	Arabidopsis
607	244	75.LTU_1894_S30	Paired	Arabidopsis
608	230	75.LTU_1894_S30	Paired	Arabidopsis
609	240	75.LTU_1894_S30	Paired	Arabidopsis
610	222	75.LTU_1894_S30	Paired	Arabidopsis
611	206	75.LTU_1894_S30	Paired	Arabidopsis
612	210	75.LTU_1894_S30	Paired	Arabidopsis
613	217	75.LTU_1894_S30	Paired	Arabidopsis
614	220	75.LTU_1894_S30	Paired	Arabidopsis
615	223	75.LTU_1894_S30	Paired	Arabidopsis
616	219	75.LTU_1894_S30	Paired	Arabidopsis
617	209	75.LTU_1894_S30	Paired	Arabidopsis
618	209	75.LTU_1894_S30	Paired	Arabidopsis
619	206	75.LTU_1894_S30	Paired	Arabidopsis
620	188	75.LTU_1894_S30	Paired	Arabidopsis
621	192	75.LTU_1894_S30	Paired	Arabidopsis
622	192	75.LTU_1894_S30	Paired	Arabidopsis
623	183	75.LTU_1894_S30	Paired	Arabidopsis
624	160	75.LTU_1894_S30	Paired	Arabidopsis
625	218	75.LTU_1894_S30	Paired	Arabidopsis
626	190	75.LTU_1894_S30	Paired	Arabidopsis
627	161	75.LTU_1894_S30	Paired	Arabidopsis
628	179	75.LTU_1894_S30	Paired	Arabidopsis
629	171	75.LTU_1894_S30	Paired	Arabidopsis
630	190	75.LTU_1894_S30	Paired	Arabidopsis
631	179	75.LTU_1894_S30	Paired	Arabidopsis
632	192	75.LTU_1894_S30	Paired	Arabidopsis
633	168	75.LTU_1894_S30	Paired	Arabidopsis
634	166	75.LTU_1894_S30	Paired	Arabidopsis
635	169	75.LTU_1894_S30	Paired	Arabidopsis
636	175	75.LTU_1894_S30	Paired	Arabidopsis
637	159	75.LTU_1894_S30	Paired	Arabidopsis
638	178	75.LTU_1894_S30	Paired	Arabidopsis
639	164	75.LTU_1894_S30	Paired	Arabidopsis
640	139	75.LTU_1894_S30	Paired	Arabidopsis
641	166	75.LTU_1894_S30	Paired	Arabidopsis
642	142	75.LTU_1894_S30	Paired	Arabidopsis
643	144	75.LTU_1894_S30	Paired	Arabidopsis
644	140	75.LTU_1894_S30	Paired	Arabidopsis
645	153	75.LTU_1894_S30	Paired	Arabidopsis
646	167	75.LTU_1894_S30	Paired	Arabidopsis
647	135	75.LTU_1894_S30	Paired	Arabidopsis
648	132	75.LTU_1894_S30	Paired	Arabidopsis
649	135	75.LTU_1894_S30	Paired	Arabidopsis
650	107	75.LTU_1894_S30	Paired	Arabidopsis
651	136	75.LTU_1894_S30	Paired	Arabidopsis
652	148	75.LTU_1894_S30	Paired	Arabidopsis
653	150	75.LTU_1894_S30	Paired	Arabidopsis
654	147	75.LTU_1894_S30	Paired	Arabidopsis
655	155	75.LTU_1894_S30	Paired	Arabidopsis
656	129	75.LTU_1894_S30	Paired	Arabidopsis
657	127	75.LTU_1894_S30	Paired	Arabidopsis
658	138	75.LTU_1894_S30	Paired	Arabidopsis
659	136	75.LTU_1894_S30	Paired	Arabidopsis
660	118	75.LTU_1894_S30	Paired	Arabidopsis
661	138	75.LTU_1894_S30	Paired	Arabidopsis
662	119	75.LTU_1894_S30	Paired	Arabidopsis
663	134	75.LTU_1894_S30	Paired	Arabidopsis
664	144	75.LTU_1894_S30	Paired	Arabidopsis
665	118	75.LTU_1894_S30	Paired	Arabidopsis
666	119	75.LTU_1894_S30	Paired	Arabidopsis
667	117	75.LTU_1894_S30	Paired	Arabidopsis
668	129	75.LTU_1894_S30	Paired	Arabidopsis
669	104	75.LTU_1894_S30	Paired	Arabidopsis
670	105	75.LTU_1894_S30	Paired	Arabidopsis
671	97	75.LTU_1894_S30	Paired	Arabidopsis
672	123	75.LTU_1894_S30	Paired	Arabidopsis
673	118	75.LTU_1894_S30	Paired	Arabidopsis
674	96	75.LTU_1894_S30	Paired	Arabidopsis
675	110	75.LTU_1894_S30	Paired	Arabidopsis
676	100	75.LTU_1894_S30	Paired	Arabidopsis
677	110	75.LTU_1894_S30	Paired	Arabidopsis
678	114	75.LTU_1894_S30	Paired	Arabidopsis
679	92	75.LTU_1894_S30	Paired	Arabidopsis
680	105	75.LTU_1894_S30	Paired	Arabidopsis
681	112	75.LTU_1894_S30	Paired	Arabidopsis
682	103	75.LTU_1894_S30	Paired	Arabidopsis
683	106	75.LTU_1894_S30	Paired	Arabidopsis
684	90	75.LTU_1894_S30	Paired	Arabidopsis
685	113	75.LTU_1894_S30	Paired	Arabidopsis
686	102	75.LTU_1894_S30	Paired	Arabidopsis
687	80	75.LTU_1894_S30	Paired	Arabidopsis
688	94	75.LTU_1894_S30	Paired	Arabidopsis
689	85	75.LTU_1894_S30	Paired	Arabidopsis
690	100	75.LTU_1894_S30	Paired	Arabidopsis
691	98	75.LTU_1894_S30	Paired	Arabidopsis
692	77	75.LTU_1894_S30	Paired	Arabidopsis
693	95	75.LTU_1894_S30	Paired	Arabidopsis
694	79	75.LTU_1894_S30	Paired	Arabidopsis
695	82	75.LTU_1894_S30	Paired	Arabidopsis
696	92	75.LTU_1894_S30	Paired	Arabidopsis
697	88	75.LTU_1894_S30	Paired	Arabidopsis
698	97	75.LTU_1894_S30	Paired	Arabidopsis
699	99	75.LTU_1894_S30	Paired	Arabidopsis
700	89	75.LTU_1894_S30	Paired	Arabidopsis
701	73	75.LTU_1894_S30	Paired	Arabidopsis
702	98	75.LTU_1894_S30	Paired	Arabidopsis
703	90	75.LTU_1894_S30	Paired	Arabidopsis
704	86	75.LTU_1894_S30	Paired	Arabidopsis
705	84	75.LTU_1894_S30	Paired	Arabidopsis
706	73	75.LTU_1894_S30	Paired	Arabidopsis
707	77	75.LTU_1894_S30	Paired	Arabidopsis
708	78	75.LTU_1894_S30	Paired	Arabidopsis
709	59	75.LTU_1894_S30	Paired	Arabidopsis
710	79	75.LTU_1894_S30	Paired	Arabidopsis
711	89	75.LTU_1894_S30	Paired	Arabidopsis
712	69	75.LTU_1894_S30	Paired	Arabidopsis
713	59	75.LTU_1894_S30	Paired	Arabidopsis
714	97	75.LTU_1894_S30	Paired	Arabidopsis
715	55	75.LTU_1894_S30	Paired	Arabidopsis
716	69	75.LTU_1894_S30	Paired	Arabidopsis
717	87	75.LTU_1894_S30	Paired	Arabidopsis
718	75	75.LTU_1894_S30	Paired	Arabidopsis
719	57	75.LTU_1894_S30	Paired	Arabidopsis
720	55	75.LTU_1894_S30	Paired	Arabidopsis
721	73	75.LTU_1894_S30	Paired	Arabidopsis
722	66	75.LTU_1894_S30	Paired	Arabidopsis
723	57	75.LTU_1894_S30	Paired	Arabidopsis
724	70	75.LTU_1894_S30	Paired	Arabidopsis
725	55	75.LTU_1894_S30	Paired	Arabidopsis
726	68	75.LTU_1894_S30	Paired	Arabidopsis
727	62	75.LTU_1894_S30	Paired	Arabidopsis
728	54	75.LTU_1894_S30	Paired	Arabidopsis
729	57	75.LTU_1894_S30	Paired	Arabidopsis
730	61	75.LTU_1894_S30	Paired	Arabidopsis
731	61	75.LTU_1894_S30	Paired	Arabidopsis
732	66	75.LTU_1894_S30	Paired	Arabidopsis
733	65	75.LTU_1894_S30	Paired	Arabidopsis
734	62	75.LTU_1894_S30	Paired	Arabidopsis
735	68	75.LTU_1894_S30	Paired	Arabidopsis
736	51	75.LTU_1894_S30	Paired	Arabidopsis
737	61	75.LTU_1894_S30	Paired	Arabidopsis
738	52	75.LTU_1894_S30	Paired	Arabidopsis
739	55	75.LTU_1894_S30	Paired	Arabidopsis
740	48	75.LTU_1894_S30	Paired	Arabidopsis
741	43	75.LTU_1894_S30	Paired	Arabidopsis
742	64	75.LTU_1894_S30	Paired	Arabidopsis
743	48	75.LTU_1894_S30	Paired	Arabidopsis
744	65	75.LTU_1894_S30	Paired	Arabidopsis
745	39	75.LTU_1894_S30	Paired	Arabidopsis
746	55	75.LTU_1894_S30	Paired	Arabidopsis
747	52	75.LTU_1894_S30	Paired	Arabidopsis
748	48	75.LTU_1894_S30	Paired	Arabidopsis
749	44	75.LTU_1894_S30	Paired	Arabidopsis
750	41	75.LTU_1894_S30	Paired	Arabidopsis
751	48	75.LTU_1894_S30	Paired	Arabidopsis
752	41	75.LTU_1894_S30	Paired	Arabidopsis
753	40	75.LTU_1894_S30	Paired	Arabidopsis
754	36	75.LTU_1894_S30	Paired	Arabidopsis
755	31	75.LTU_1894_S30	Paired	Arabidopsis
756	53	75.LTU_1894_S30	Paired	Arabidopsis
757	30	75.LTU_1894_S30	Paired	Arabidopsis
758	34	75.LTU_1894_S30	Paired	Arabidopsis
759	39	75.LTU_1894_S30	Paired	Arabidopsis
760	25	75.LTU_1894_S30	Paired	Arabidopsis
761	23	75.LTU_1894_S30	Paired	Arabidopsis
762	27	75.LTU_1894_S30	Paired	Arabidopsis
763	31	75.LTU_1894_S30	Paired	Arabidopsis
764	24	75.LTU_1894_S30	Paired	Arabidopsis
765	20	75.LTU_1894_S30	Paired	Arabidopsis
766	13	75.LTU_1894_S30	Paired	Arabidopsis
767	17	75.LTU_1894_S30	Paired	Arabidopsis
768	16	75.LTU_1894_S30	Paired	Arabidopsis
769	19	75.LTU_1894_S30	Paired	Arabidopsis
770	20	75.LTU_1894_S30	Paired	Arabidopsis
771	16	75.LTU_1894_S30	Paired	Arabidopsis
772	14	75.LTU_1894_S30	Paired	Arabidopsis
773	13	75.LTU_1894_S30	Paired	Arabidopsis
774	12	75.LTU_1894_S30	Paired	Arabidopsis
775	14	75.LTU_1894_S30	Paired	Arabidopsis
776	9	75.LTU_1894_S30	Paired	Arabidopsis
777	8	75.LTU_1894_S30	Paired	Arabidopsis
778	7	75.LTU_1894_S30	Paired	Arabidopsis
779	10	75.LTU_1894_S30	Paired	Arabidopsis
780	11	75.LTU_1894_S30	Paired	Arabidopsis
781	6	75.LTU_1894_S30	Paired	Arabidopsis
782	6	75.LTU_1894_S30	Paired	Arabidopsis
783	6	75.LTU_1894_S30	Paired	Arabidopsis
784	5	75.LTU_1894_S30	Paired	Arabidopsis
785	5	75.LTU_1894_S30	Paired	Arabidopsis
786	4	75.LTU_1894_S30	Paired	Arabidopsis
787	4	75.LTU_1894_S30	Paired	Arabidopsis
788	1	75.LTU_1894_S30	Paired	Arabidopsis
15	1	75.LTU_1894_S30	Collapsed	Pseudomonas
17	1	75.LTU_1894_S30	Collapsed	Pseudomonas
18	9	75.LTU_1894_S30	Collapsed	Pseudomonas
19	35	75.LTU_1894_S30	Collapsed	Pseudomonas
20	51	75.LTU_1894_S30	Collapsed	Pseudomonas
21	31	75.LTU_1894_S30	Collapsed	Pseudomonas
22	42	75.LTU_1894_S30	Collapsed	Pseudomonas
23	35	75.LTU_1894_S30	Collapsed	Pseudomonas
24	33	75.LTU_1894_S30	Collapsed	Pseudomonas
25	36	75.LTU_1894_S30	Collapsed	Pseudomonas
26	50	75.LTU_1894_S30	Collapsed	Pseudomonas
27	46	75.LTU_1894_S30	Collapsed	Pseudomonas
28	41	75.LTU_1894_S30	Collapsed	Pseudomonas
29	40	75.LTU_1894_S30	Collapsed	Pseudomonas
30	52	75.LTU_1894_S30	Collapsed	Pseudomonas
31	46	75.LTU_1894_S30	Collapsed	Pseudomonas
32	52	75.LTU_1894_S30	Collapsed	Pseudomonas
33	37	75.LTU_1894_S30	Collapsed	Pseudomonas
34	58	75.LTU_1894_S30	Collapsed	Pseudomonas
35	36	75.LTU_1894_S30	Collapsed	Pseudomonas
36	58	75.LTU_1894_S30	Collapsed	Pseudomonas
37	51	75.LTU_1894_S30	Collapsed	Pseudomonas
38	60	75.LTU_1894_S30	Collapsed	Pseudomonas
39	52	75.LTU_1894_S30	Collapsed	Pseudomonas
40	51	75.LTU_1894_S30	Collapsed	Pseudomonas
41	42	75.LTU_1894_S30	Collapsed	Pseudomonas
42	63	75.LTU_1894_S30	Collapsed	Pseudomonas
43	50	75.LTU_1894_S30	Collapsed	Pseudomonas
44	69	75.LTU_1894_S30	Collapsed	Pseudomonas
45	56	75.LTU_1894_S30	Collapsed	Pseudomonas
46	52	75.LTU_1894_S30	Collapsed	Pseudomonas
47	70	75.LTU_1894_S30	Collapsed	Pseudomonas
48	54	75.LTU_1894_S30	Collapsed	Pseudomonas
49	71	75.LTU_1894_S30	Collapsed	Pseudomonas
50	70	75.LTU_1894_S30	Collapsed	Pseudomonas
51	74	75.LTU_1894_S30	Collapsed	Pseudomonas
52	61	75.LTU_1894_S30	Collapsed	Pseudomonas
53	67	75.LTU_1894_S30	Collapsed	Pseudomonas
54	67	75.LTU_1894_S30	Collapsed	Pseudomonas
55	75	75.LTU_1894_S30	Collapsed	Pseudomonas
56	54	75.LTU_1894_S30	Collapsed	Pseudomonas
57	83	75.LTU_1894_S30	Collapsed	Pseudomonas
58	71	75.LTU_1894_S30	Collapsed	Pseudomonas
59	77	75.LTU_1894_S30	Collapsed	Pseudomonas
60	55	75.LTU_1894_S30	Collapsed	Pseudomonas
61	86	75.LTU_1894_S30	Collapsed	Pseudomonas
62	76	75.LTU_1894_S30	Collapsed	Pseudomonas
63	72	75.LTU_1894_S30	Collapsed	Pseudomonas
64	84	75.LTU_1894_S30	Collapsed	Pseudomonas
65	94	75.LTU_1894_S30	Collapsed	Pseudomonas
66	78	75.LTU_1894_S30	Collapsed	Pseudomonas
67	80	75.LTU_1894_S30	Collapsed	Pseudomonas
68	94	75.LTU_1894_S30	Collapsed	Pseudomonas
69	109	75.LTU_1894_S30	Collapsed	Pseudomonas
70	109	75.LTU_1894_S30	Collapsed	Pseudomonas
71	110	75.LTU_1894_S30	Collapsed	Pseudomonas
72	103	75.LTU_1894_S30	Collapsed	Pseudomonas
73	115	75.LTU_1894_S30	Collapsed	Pseudomonas
74	98	75.LTU_1894_S30	Collapsed	Pseudomonas
75	114	75.LTU_1894_S30	Collapsed	Pseudomonas
76	134	75.LTU_1894_S30	Collapsed	Pseudomonas
77	131	75.LTU_1894_S30	Collapsed	Pseudomonas
78	135	75.LTU_1894_S30	Collapsed	Pseudomonas
79	140	75.LTU_1894_S30	Collapsed	Pseudomonas
80	118	75.LTU_1894_S30	Collapsed	Pseudomonas
81	156	75.LTU_1894_S30	Collapsed	Pseudomonas
82	119	75.LTU_1894_S30	Collapsed	Pseudomonas
83	152	75.LTU_1894_S30	Collapsed	Pseudomonas
84	150	75.LTU_1894_S30	Collapsed	Pseudomonas
85	159	75.LTU_1894_S30	Collapsed	Pseudomonas
86	171	75.LTU_1894_S30	Collapsed	Pseudomonas
87	165	75.LTU_1894_S30	Collapsed	Pseudomonas
88	154	75.LTU_1894_S30	Collapsed	Pseudomonas
89	156	75.LTU_1894_S30	Collapsed	Pseudomonas
90	191	75.LTU_1894_S30	Collapsed	Pseudomonas
91	178	75.LTU_1894_S30	Collapsed	Pseudomonas
92	182	75.LTU_1894_S30	Collapsed	Pseudomonas
93	219	75.LTU_1894_S30	Collapsed	Pseudomonas
94	236	75.LTU_1894_S30	Collapsed	Pseudomonas
95	219	75.LTU_1894_S30	Collapsed	Pseudomonas
96	238	75.LTU_1894_S30	Collapsed	Pseudomonas
97	261	75.LTU_1894_S30	Collapsed	Pseudomonas
98	270	75.LTU_1894_S30	Collapsed	Pseudomonas
99	276	75.LTU_1894_S30	Collapsed	Pseudomonas
100	285	75.LTU_1894_S30	Collapsed	Pseudomonas
101	290	75.LTU_1894_S30	Collapsed	Pseudomonas
102	324	75.LTU_1894_S30	Collapsed	Pseudomonas
103	296	75.LTU_1894_S30	Collapsed	Pseudomonas
104	339	75.LTU_1894_S30	Collapsed	Pseudomonas
105	348	75.LTU_1894_S30	Collapsed	Pseudomonas
106	338	75.LTU_1894_S30	Collapsed	Pseudomonas
107	336	75.LTU_1894_S30	Collapsed	Pseudomonas
108	355	75.LTU_1894_S30	Collapsed	Pseudomonas
109	380	75.LTU_1894_S30	Collapsed	Pseudomonas
110	399	75.LTU_1894_S30	Collapsed	Pseudomonas
111	369	75.LTU_1894_S30	Collapsed	Pseudomonas
112	379	75.LTU_1894_S30	Collapsed	Pseudomonas
113	426	75.LTU_1894_S30	Collapsed	Pseudomonas
114	417	75.LTU_1894_S30	Collapsed	Pseudomonas
115	466	75.LTU_1894_S30	Collapsed	Pseudomonas
116	451	75.LTU_1894_S30	Collapsed	Pseudomonas
117	470	75.LTU_1894_S30	Collapsed	Pseudomonas
118	477	75.LTU_1894_S30	Collapsed	Pseudomonas
119	513	75.LTU_1894_S30	Collapsed	Pseudomonas
120	526	75.LTU_1894_S30	Collapsed	Pseudomonas
121	534	75.LTU_1894_S30	Collapsed	Pseudomonas
122	532	75.LTU_1894_S30	Collapsed	Pseudomonas
123	537	75.LTU_1894_S30	Collapsed	Pseudomonas
124	654	75.LTU_1894_S30	Collapsed	Pseudomonas
125	652	75.LTU_1894_S30	Collapsed	Pseudomonas
126	634	75.LTU_1894_S30	Collapsed	Pseudomonas
127	668	75.LTU_1894_S30	Collapsed	Pseudomonas
128	687	75.LTU_1894_S30	Collapsed	Pseudomonas
129	653	75.LTU_1894_S30	Collapsed	Pseudomonas
130	710	75.LTU_1894_S30	Collapsed	Pseudomonas
131	741	75.LTU_1894_S30	Collapsed	Pseudomonas
132	751	75.LTU_1894_S30	Collapsed	Pseudomonas
133	777	75.LTU_1894_S30	Collapsed	Pseudomonas
134	794	75.LTU_1894_S30	Collapsed	Pseudomonas
135	796	75.LTU_1894_S30	Collapsed	Pseudomonas
136	812	75.LTU_1894_S30	Collapsed	Pseudomonas
137	846	75.LTU_1894_S30	Collapsed	Pseudomonas
138	787	75.LTU_1894_S30	Collapsed	Pseudomonas
139	834	75.LTU_1894_S30	Collapsed	Pseudomonas
96	1	75.LTU_1894_S30	Paired	Pseudomonas
97	2	75.LTU_1894_S30	Paired	Pseudomonas
98	1	75.LTU_1894_S30	Paired	Pseudomonas
99	2	75.LTU_1894_S30	Paired	Pseudomonas
100	2	75.LTU_1894_S30	Paired	Pseudomonas
101	4	75.LTU_1894_S30	Paired	Pseudomonas
102	5	75.LTU_1894_S30	Paired	Pseudomonas
103	1	75.LTU_1894_S30	Paired	Pseudomonas
104	6	75.LTU_1894_S30	Paired	Pseudomonas
105	3	75.LTU_1894_S30	Paired	Pseudomonas
106	6	75.LTU_1894_S30	Paired	Pseudomonas
107	5	75.LTU_1894_S30	Paired	Pseudomonas
108	2	75.LTU_1894_S30	Paired	Pseudomonas
109	6	75.LTU_1894_S30	Paired	Pseudomonas
110	3	75.LTU_1894_S30	Paired	Pseudomonas
111	5	75.LTU_1894_S30	Paired	Pseudomonas
112	6	75.LTU_1894_S30	Paired	Pseudomonas
113	5	75.LTU_1894_S30	Paired	Pseudomonas
114	8	75.LTU_1894_S30	Paired	Pseudomonas
115	9	75.LTU_1894_S30	Paired	Pseudomonas
116	20	75.LTU_1894_S30	Paired	Pseudomonas
117	8	75.LTU_1894_S30	Paired	Pseudomonas
118	17	75.LTU_1894_S30	Paired	Pseudomonas
119	14	75.LTU_1894_S30	Paired	Pseudomonas
120	16	75.LTU_1894_S30	Paired	Pseudomonas
121	15	75.LTU_1894_S30	Paired	Pseudomonas
122	16	75.LTU_1894_S30	Paired	Pseudomonas
123	14	75.LTU_1894_S30	Paired	Pseudomonas
124	17	75.LTU_1894_S30	Paired	Pseudomonas
125	19	75.LTU_1894_S30	Paired	Pseudomonas
126	32	75.LTU_1894_S30	Paired	Pseudomonas
127	32	75.LTU_1894_S30	Paired	Pseudomonas
128	29	75.LTU_1894_S30	Paired	Pseudomonas
129	45	75.LTU_1894_S30	Paired	Pseudomonas
130	43	75.LTU_1894_S30	Paired	Pseudomonas
131	45	75.LTU_1894_S30	Paired	Pseudomonas
132	49	75.LTU_1894_S30	Paired	Pseudomonas
133	63	75.LTU_1894_S30	Paired	Pseudomonas
134	51	75.LTU_1894_S30	Paired	Pseudomonas
135	65	75.LTU_1894_S30	Paired	Pseudomonas
136	79	75.LTU_1894_S30	Paired	Pseudomonas
137	79	75.LTU_1894_S30	Paired	Pseudomonas
138	99	75.LTU_1894_S30	Paired	Pseudomonas
139	102	75.LTU_1894_S30	Paired	Pseudomonas
140	1021	75.LTU_1894_S30	Paired	Pseudomonas
141	1093	75.LTU_1894_S30	Paired	Pseudomonas
142	1090	75.LTU_1894_S30	Paired	Pseudomonas
143	1069	75.LTU_1894_S30	Paired	Pseudomonas
144	1087	75.LTU_1894_S30	Paired	Pseudomonas
145	1156	75.LTU_1894_S30	Paired	Pseudomonas
146	1230	75.LTU_1894_S30	Paired	Pseudomonas
147	1187	75.LTU_1894_S30	Paired	Pseudomonas
148	1257	75.LTU_1894_S30	Paired	Pseudomonas
149	1317	75.LTU_1894_S30	Paired	Pseudomonas
150	1236	75.LTU_1894_S30	Paired	Pseudomonas
151	1238	75.LTU_1894_S30	Paired	Pseudomonas
152	1289	75.LTU_1894_S30	Paired	Pseudomonas
153	1209	75.LTU_1894_S30	Paired	Pseudomonas
154	1291	75.LTU_1894_S30	Paired	Pseudomonas
155	1300	75.LTU_1894_S30	Paired	Pseudomonas
156	1310	75.LTU_1894_S30	Paired	Pseudomonas
157	1327	75.LTU_1894_S30	Paired	Pseudomonas
158	1286	75.LTU_1894_S30	Paired	Pseudomonas
159	1357	75.LTU_1894_S30	Paired	Pseudomonas
160	1310	75.LTU_1894_S30	Paired	Pseudomonas
161	1394	75.LTU_1894_S30	Paired	Pseudomonas
162	1385	75.LTU_1894_S30	Paired	Pseudomonas
163	1388	75.LTU_1894_S30	Paired	Pseudomonas
164	1373	75.LTU_1894_S30	Paired	Pseudomonas
165	1354	75.LTU_1894_S30	Paired	Pseudomonas
166	1435	75.LTU_1894_S30	Paired	Pseudomonas
167	1422	75.LTU_1894_S30	Paired	Pseudomonas
168	1366	75.LTU_1894_S30	Paired	Pseudomonas
169	1396	75.LTU_1894_S30	Paired	Pseudomonas
170	1387	75.LTU_1894_S30	Paired	Pseudomonas
171	1463	75.LTU_1894_S30	Paired	Pseudomonas
172	1464	75.LTU_1894_S30	Paired	Pseudomonas
173	1413	75.LTU_1894_S30	Paired	Pseudomonas
174	1453	75.LTU_1894_S30	Paired	Pseudomonas
175	1450	75.LTU_1894_S30	Paired	Pseudomonas
176	1473	75.LTU_1894_S30	Paired	Pseudomonas
177	1385	75.LTU_1894_S30	Paired	Pseudomonas
178	1374	75.LTU_1894_S30	Paired	Pseudomonas
179	1384	75.LTU_1894_S30	Paired	Pseudomonas
180	1415	75.LTU_1894_S30	Paired	Pseudomonas
181	1447	75.LTU_1894_S30	Paired	Pseudomonas
182	1406	75.LTU_1894_S30	Paired	Pseudomonas
183	1411	75.LTU_1894_S30	Paired	Pseudomonas
184	1419	75.LTU_1894_S30	Paired	Pseudomonas
185	1453	75.LTU_1894_S30	Paired	Pseudomonas
186	1458	75.LTU_1894_S30	Paired	Pseudomonas
187	1407	75.LTU_1894_S30	Paired	Pseudomonas
188	1422	75.LTU_1894_S30	Paired	Pseudomonas
189	1455	75.LTU_1894_S30	Paired	Pseudomonas
190	1366	75.LTU_1894_S30	Paired	Pseudomonas
191	1364	75.LTU_1894_S30	Paired	Pseudomonas
192	1391	75.LTU_1894_S30	Paired	Pseudomonas
193	1358	75.LTU_1894_S30	Paired	Pseudomonas
194	1408	75.LTU_1894_S30	Paired	Pseudomonas
195	1397	75.LTU_1894_S30	Paired	Pseudomonas
196	1392	75.LTU_1894_S30	Paired	Pseudomonas
197	1375	75.LTU_1894_S30	Paired	Pseudomonas
198	1351	75.LTU_1894_S30	Paired	Pseudomonas
199	1431	75.LTU_1894_S30	Paired	Pseudomonas
200	1327	75.LTU_1894_S30	Paired	Pseudomonas
201	1356	75.LTU_1894_S30	Paired	Pseudomonas
202	1342	75.LTU_1894_S30	Paired	Pseudomonas
203	1271	75.LTU_1894_S30	Paired	Pseudomonas
204	1316	75.LTU_1894_S30	Paired	Pseudomonas
205	1365	75.LTU_1894_S30	Paired	Pseudomonas
206	1337	75.LTU_1894_S30	Paired	Pseudomonas
207	1322	75.LTU_1894_S30	Paired	Pseudomonas
208	1288	75.LTU_1894_S30	Paired	Pseudomonas
209	1257	75.LTU_1894_S30	Paired	Pseudomonas
210	1216	75.LTU_1894_S30	Paired	Pseudomonas
211	1266	75.LTU_1894_S30	Paired	Pseudomonas
212	1338	75.LTU_1894_S30	Paired	Pseudomonas
213	1223	75.LTU_1894_S30	Paired	Pseudomonas
214	1264	75.LTU_1894_S30	Paired	Pseudomonas
215	1254	75.LTU_1894_S30	Paired	Pseudomonas
216	1245	75.LTU_1894_S30	Paired	Pseudomonas
217	1246	75.LTU_1894_S30	Paired	Pseudomonas
218	1212	75.LTU_1894_S30	Paired	Pseudomonas
219	1178	75.LTU_1894_S30	Paired	Pseudomonas
220	1228	75.LTU_1894_S30	Paired	Pseudomonas
221	1164	75.LTU_1894_S30	Paired	Pseudomonas
222	1142	75.LTU_1894_S30	Paired	Pseudomonas
223	1136	75.LTU_1894_S30	Paired	Pseudomonas
224	1158	75.LTU_1894_S30	Paired	Pseudomonas
225	1198	75.LTU_1894_S30	Paired	Pseudomonas
226	1136	75.LTU_1894_S30	Paired	Pseudomonas
227	1158	75.LTU_1894_S30	Paired	Pseudomonas
228	1158	75.LTU_1894_S30	Paired	Pseudomonas
229	1086	75.LTU_1894_S30	Paired	Pseudomonas
230	1036	75.LTU_1894_S30	Paired	Pseudomonas
231	1042	75.LTU_1894_S30	Paired	Pseudomonas
232	1149	75.LTU_1894_S30	Paired	Pseudomonas
233	1109	75.LTU_1894_S30	Paired	Pseudomonas
234	1020	75.LTU_1894_S30	Paired	Pseudomonas
235	1046	75.LTU_1894_S30	Paired	Pseudomonas
236	1063	75.LTU_1894_S30	Paired	Pseudomonas
237	1150	75.LTU_1894_S30	Paired	Pseudomonas
238	1074	75.LTU_1894_S30	Paired	Pseudomonas
239	1033	75.LTU_1894_S30	Paired	Pseudomonas
240	1038	75.LTU_1894_S30	Paired	Pseudomonas
241	996	75.LTU_1894_S30	Paired	Pseudomonas
242	1006	75.LTU_1894_S30	Paired	Pseudomonas
243	970	75.LTU_1894_S30	Paired	Pseudomonas
244	936	75.LTU_1894_S30	Paired	Pseudomonas
245	974	75.LTU_1894_S30	Paired	Pseudomonas
246	1044	75.LTU_1894_S30	Paired	Pseudomonas
247	971	75.LTU_1894_S30	Paired	Pseudomonas
248	903	75.LTU_1894_S30	Paired	Pseudomonas
249	952	75.LTU_1894_S30	Paired	Pseudomonas
250	925	75.LTU_1894_S30	Paired	Pseudomonas
251	915	75.LTU_1894_S30	Paired	Pseudomonas
252	887	75.LTU_1894_S30	Paired	Pseudomonas
253	911	75.LTU_1894_S30	Paired	Pseudomonas
254	865	75.LTU_1894_S30	Paired	Pseudomonas
255	870	75.LTU_1894_S30	Paired	Pseudomonas
256	880	75.LTU_1894_S30	Paired	Pseudomonas
257	893	75.LTU_1894_S30	Paired	Pseudomonas
258	903	75.LTU_1894_S30	Paired	Pseudomonas
259	854	75.LTU_1894_S30	Paired	Pseudomonas
260	890	75.LTU_1894_S30	Paired	Pseudomonas
261	853	75.LTU_1894_S30	Paired	Pseudomonas
262	821	75.LTU_1894_S30	Paired	Pseudomonas
263	828	75.LTU_1894_S30	Paired	Pseudomonas
264	803	75.LTU_1894_S30	Paired	Pseudomonas
265	838	75.LTU_1894_S30	Paired	Pseudomonas
266	783	75.LTU_1894_S30	Paired	Pseudomonas
267	841	75.LTU_1894_S30	Paired	Pseudomonas
268	798	75.LTU_1894_S30	Paired	Pseudomonas
269	750	75.LTU_1894_S30	Paired	Pseudomonas
270	722	75.LTU_1894_S30	Paired	Pseudomonas
271	812	75.LTU_1894_S30	Paired	Pseudomonas
272	706	75.LTU_1894_S30	Paired	Pseudomonas
273	758	75.LTU_1894_S30	Paired	Pseudomonas
274	748	75.LTU_1894_S30	Paired	Pseudomonas
275	728	75.LTU_1894_S30	Paired	Pseudomonas
276	804	75.LTU_1894_S30	Paired	Pseudomonas
277	771	75.LTU_1894_S30	Paired	Pseudomonas
278	690	75.LTU_1894_S30	Paired	Pseudomonas
279	718	75.LTU_1894_S30	Paired	Pseudomonas
280	707	75.LTU_1894_S30	Paired	Pseudomonas
281	659	75.LTU_1894_S30	Paired	Pseudomonas
282	650	75.LTU_1894_S30	Paired	Pseudomonas
283	691	75.LTU_1894_S30	Paired	Pseudomonas
284	627	75.LTU_1894_S30	Paired	Pseudomonas
285	688	75.LTU_1894_S30	Paired	Pseudomonas
286	680	75.LTU_1894_S30	Paired	Pseudomonas
287	641	75.LTU_1894_S30	Paired	Pseudomonas
288	591	75.LTU_1894_S30	Paired	Pseudomonas
289	674	75.LTU_1894_S30	Paired	Pseudomonas
290	643	75.LTU_1894_S30	Paired	Pseudomonas
291	579	75.LTU_1894_S30	Paired	Pseudomonas
292	640	75.LTU_1894_S30	Paired	Pseudomonas
293	636	75.LTU_1894_S30	Paired	Pseudomonas
294	607	75.LTU_1894_S30	Paired	Pseudomonas
295	633	75.LTU_1894_S30	Paired	Pseudomonas
296	630	75.LTU_1894_S30	Paired	Pseudomonas
297	589	75.LTU_1894_S30	Paired	Pseudomonas
298	577	75.LTU_1894_S30	Paired	Pseudomonas
299	578	75.LTU_1894_S30	Paired	Pseudomonas
300	596	75.LTU_1894_S30	Paired	Pseudomonas
301	578	75.LTU_1894_S30	Paired	Pseudomonas
302	588	75.LTU_1894_S30	Paired	Pseudomonas
303	573	75.LTU_1894_S30	Paired	Pseudomonas
304	558	75.LTU_1894_S30	Paired	Pseudomonas
305	566	75.LTU_1894_S30	Paired	Pseudomonas
306	556	75.LTU_1894_S30	Paired	Pseudomonas
307	568	75.LTU_1894_S30	Paired	Pseudomonas
308	535	75.LTU_1894_S30	Paired	Pseudomonas
309	538	75.LTU_1894_S30	Paired	Pseudomonas
310	511	75.LTU_1894_S30	Paired	Pseudomonas
311	520	75.LTU_1894_S30	Paired	Pseudomonas
312	497	75.LTU_1894_S30	Paired	Pseudomonas
313	546	75.LTU_1894_S30	Paired	Pseudomonas
314	498	75.LTU_1894_S30	Paired	Pseudomonas
315	499	75.LTU_1894_S30	Paired	Pseudomonas
316	471	75.LTU_1894_S30	Paired	Pseudomonas
317	520	75.LTU_1894_S30	Paired	Pseudomonas
318	470	75.LTU_1894_S30	Paired	Pseudomonas
319	473	75.LTU_1894_S30	Paired	Pseudomonas
320	507	75.LTU_1894_S30	Paired	Pseudomonas
321	446	75.LTU_1894_S30	Paired	Pseudomonas
322	498	75.LTU_1894_S30	Paired	Pseudomonas
323	475	75.LTU_1894_S30	Paired	Pseudomonas
324	498	75.LTU_1894_S30	Paired	Pseudomonas
325	431	75.LTU_1894_S30	Paired	Pseudomonas
326	436	75.LTU_1894_S30	Paired	Pseudomonas
327	455	75.LTU_1894_S30	Paired	Pseudomonas
328	444	75.LTU_1894_S30	Paired	Pseudomonas
329	442	75.LTU_1894_S30	Paired	Pseudomonas
330	470	75.LTU_1894_S30	Paired	Pseudomonas
331	451	75.LTU_1894_S30	Paired	Pseudomonas
332	445	75.LTU_1894_S30	Paired	Pseudomonas
333	432	75.LTU_1894_S30	Paired	Pseudomonas
334	420	75.LTU_1894_S30	Paired	Pseudomonas
335	459	75.LTU_1894_S30	Paired	Pseudomonas
336	409	75.LTU_1894_S30	Paired	Pseudomonas
337	413	75.LTU_1894_S30	Paired	Pseudomonas
338	436	75.LTU_1894_S30	Paired	Pseudomonas
339	452	75.LTU_1894_S30	Paired	Pseudomonas
340	416	75.LTU_1894_S30	Paired	Pseudomonas
341	392	75.LTU_1894_S30	Paired	Pseudomonas
342	398	75.LTU_1894_S30	Paired	Pseudomonas
343	402	75.LTU_1894_S30	Paired	Pseudomonas
344	394	75.LTU_1894_S30	Paired	Pseudomonas
345	380	75.LTU_1894_S30	Paired	Pseudomonas
346	339	75.LTU_1894_S30	Paired	Pseudomonas
347	383	75.LTU_1894_S30	Paired	Pseudomonas
348	368	75.LTU_1894_S30	Paired	Pseudomonas
349	362	75.LTU_1894_S30	Paired	Pseudomonas
350	369	75.LTU_1894_S30	Paired	Pseudomonas
351	358	75.LTU_1894_S30	Paired	Pseudomonas
352	379	75.LTU_1894_S30	Paired	Pseudomonas
353	341	75.LTU_1894_S30	Paired	Pseudomonas
354	360	75.LTU_1894_S30	Paired	Pseudomonas
355	355	75.LTU_1894_S30	Paired	Pseudomonas
356	345	75.LTU_1894_S30	Paired	Pseudomonas
357	358	75.LTU_1894_S30	Paired	Pseudomonas
358	304	75.LTU_1894_S30	Paired	Pseudomonas
359	344	75.LTU_1894_S30	Paired	Pseudomonas
360	319	75.LTU_1894_S30	Paired	Pseudomonas
361	361	75.LTU_1894_S30	Paired	Pseudomonas
362	321	75.LTU_1894_S30	Paired	Pseudomonas
363	313	75.LTU_1894_S30	Paired	Pseudomonas
364	345	75.LTU_1894_S30	Paired	Pseudomonas
365	302	75.LTU_1894_S30	Paired	Pseudomonas
366	302	75.LTU_1894_S30	Paired	Pseudomonas
367	344	75.LTU_1894_S30	Paired	Pseudomonas
368	291	75.LTU_1894_S30	Paired	Pseudomonas
369	292	75.LTU_1894_S30	Paired	Pseudomonas
370	314	75.LTU_1894_S30	Paired	Pseudomonas
371	321	75.LTU_1894_S30	Paired	Pseudomonas
372	298	75.LTU_1894_S30	Paired	Pseudomonas
373	286	75.LTU_1894_S30	Paired	Pseudomonas
374	297	75.LTU_1894_S30	Paired	Pseudomonas
375	292	75.LTU_1894_S30	Paired	Pseudomonas
376	331	75.LTU_1894_S30	Paired	Pseudomonas
377	312	75.LTU_1894_S30	Paired	Pseudomonas
378	291	75.LTU_1894_S30	Paired	Pseudomonas
379	275	75.LTU_1894_S30	Paired	Pseudomonas
380	276	75.LTU_1894_S30	Paired	Pseudomonas
381	283	75.LTU_1894_S30	Paired	Pseudomonas
382	252	75.LTU_1894_S30	Paired	Pseudomonas
383	290	75.LTU_1894_S30	Paired	Pseudomonas
384	276	75.LTU_1894_S30	Paired	Pseudomonas
385	284	75.LTU_1894_S30	Paired	Pseudomonas
386	252	75.LTU_1894_S30	Paired	Pseudomonas
387	250	75.LTU_1894_S30	Paired	Pseudomonas
388	272	75.LTU_1894_S30	Paired	Pseudomonas
389	223	75.LTU_1894_S30	Paired	Pseudomonas
390	238	75.LTU_1894_S30	Paired	Pseudomonas
391	246	75.LTU_1894_S30	Paired	Pseudomonas
392	295	75.LTU_1894_S30	Paired	Pseudomonas
393	254	75.LTU_1894_S30	Paired	Pseudomonas
394	250	75.LTU_1894_S30	Paired	Pseudomonas
395	267	75.LTU_1894_S30	Paired	Pseudomonas
396	237	75.LTU_1894_S30	Paired	Pseudomonas
397	237	75.LTU_1894_S30	Paired	Pseudomonas
398	195	75.LTU_1894_S30	Paired	Pseudomonas
399	238	75.LTU_1894_S30	Paired	Pseudomonas
400	208	75.LTU_1894_S30	Paired	Pseudomonas
401	226	75.LTU_1894_S30	Paired	Pseudomonas
402	229	75.LTU_1894_S30	Paired	Pseudomonas
403	226	75.LTU_1894_S30	Paired	Pseudomonas
404	241	75.LTU_1894_S30	Paired	Pseudomonas
405	227	75.LTU_1894_S30	Paired	Pseudomonas
406	230	75.LTU_1894_S30	Paired	Pseudomonas
407	241	75.LTU_1894_S30	Paired	Pseudomonas
408	215	75.LTU_1894_S30	Paired	Pseudomonas
409	206	75.LTU_1894_S30	Paired	Pseudomonas
410	204	75.LTU_1894_S30	Paired	Pseudomonas
411	219	75.LTU_1894_S30	Paired	Pseudomonas
412	209	75.LTU_1894_S30	Paired	Pseudomonas
413	207	75.LTU_1894_S30	Paired	Pseudomonas
414	179	75.LTU_1894_S30	Paired	Pseudomonas
415	214	75.LTU_1894_S30	Paired	Pseudomonas
416	185	75.LTU_1894_S30	Paired	Pseudomonas
417	189	75.LTU_1894_S30	Paired	Pseudomonas
418	221	75.LTU_1894_S30	Paired	Pseudomonas
419	188	75.LTU_1894_S30	Paired	Pseudomonas
420	209	75.LTU_1894_S30	Paired	Pseudomonas
421	178	75.LTU_1894_S30	Paired	Pseudomonas
422	172	75.LTU_1894_S30	Paired	Pseudomonas
423	176	75.LTU_1894_S30	Paired	Pseudomonas
424	185	75.LTU_1894_S30	Paired	Pseudomonas
425	186	75.LTU_1894_S30	Paired	Pseudomonas
426	168	75.LTU_1894_S30	Paired	Pseudomonas
427	162	75.LTU_1894_S30	Paired	Pseudomonas
428	157	75.LTU_1894_S30	Paired	Pseudomonas
429	175	75.LTU_1894_S30	Paired	Pseudomonas
430	154	75.LTU_1894_S30	Paired	Pseudomonas
431	158	75.LTU_1894_S30	Paired	Pseudomonas
432	152	75.LTU_1894_S30	Paired	Pseudomonas
433	173	75.LTU_1894_S30	Paired	Pseudomonas
434	170	75.LTU_1894_S30	Paired	Pseudomonas
435	162	75.LTU_1894_S30	Paired	Pseudomonas
436	166	75.LTU_1894_S30	Paired	Pseudomonas
437	149	75.LTU_1894_S30	Paired	Pseudomonas
438	143	75.LTU_1894_S30	Paired	Pseudomonas
439	142	75.LTU_1894_S30	Paired	Pseudomonas
440	150	75.LTU_1894_S30	Paired	Pseudomonas
441	132	75.LTU_1894_S30	Paired	Pseudomonas
442	139	75.LTU_1894_S30	Paired	Pseudomonas
443	164	75.LTU_1894_S30	Paired	Pseudomonas
444	148	75.LTU_1894_S30	Paired	Pseudomonas
445	145	75.LTU_1894_S30	Paired	Pseudomonas
446	144	75.LTU_1894_S30	Paired	Pseudomonas
447	147	75.LTU_1894_S30	Paired	Pseudomonas
448	133	75.LTU_1894_S30	Paired	Pseudomonas
449	125	75.LTU_1894_S30	Paired	Pseudomonas
450	149	75.LTU_1894_S30	Paired	Pseudomonas
451	126	75.LTU_1894_S30	Paired	Pseudomonas
452	142	75.LTU_1894_S30	Paired	Pseudomonas
453	145	75.LTU_1894_S30	Paired	Pseudomonas
454	133	75.LTU_1894_S30	Paired	Pseudomonas
455	145	75.LTU_1894_S30	Paired	Pseudomonas
456	145	75.LTU_1894_S30	Paired	Pseudomonas
457	118	75.LTU_1894_S30	Paired	Pseudomonas
458	134	75.LTU_1894_S30	Paired	Pseudomonas
459	143	75.LTU_1894_S30	Paired	Pseudomonas
460	143	75.LTU_1894_S30	Paired	Pseudomonas
461	118	75.LTU_1894_S30	Paired	Pseudomonas
462	113	75.LTU_1894_S30	Paired	Pseudomonas
463	105	75.LTU_1894_S30	Paired	Pseudomonas
464	112	75.LTU_1894_S30	Paired	Pseudomonas
465	118	75.LTU_1894_S30	Paired	Pseudomonas
466	121	75.LTU_1894_S30	Paired	Pseudomonas
467	108	75.LTU_1894_S30	Paired	Pseudomonas
468	108	75.LTU_1894_S30	Paired	Pseudomonas
469	119	75.LTU_1894_S30	Paired	Pseudomonas
470	114	75.LTU_1894_S30	Paired	Pseudomonas
471	92	75.LTU_1894_S30	Paired	Pseudomonas
472	104	75.LTU_1894_S30	Paired	Pseudomonas
473	118	75.LTU_1894_S30	Paired	Pseudomonas
474	120	75.LTU_1894_S30	Paired	Pseudomonas
475	105	75.LTU_1894_S30	Paired	Pseudomonas
476	94	75.LTU_1894_S30	Paired	Pseudomonas
477	115	75.LTU_1894_S30	Paired	Pseudomonas
478	103	75.LTU_1894_S30	Paired	Pseudomonas
479	86	75.LTU_1894_S30	Paired	Pseudomonas
480	92	75.LTU_1894_S30	Paired	Pseudomonas
481	97	75.LTU_1894_S30	Paired	Pseudomonas
482	105	75.LTU_1894_S30	Paired	Pseudomonas
483	98	75.LTU_1894_S30	Paired	Pseudomonas
484	102	75.LTU_1894_S30	Paired	Pseudomonas
485	110	75.LTU_1894_S30	Paired	Pseudomonas
486	106	75.LTU_1894_S30	Paired	Pseudomonas
487	110	75.LTU_1894_S30	Paired	Pseudomonas
488	92	75.LTU_1894_S30	Paired	Pseudomonas
489	102	75.LTU_1894_S30	Paired	Pseudomonas
490	94	75.LTU_1894_S30	Paired	Pseudomonas
491	92	75.LTU_1894_S30	Paired	Pseudomonas
492	90	75.LTU_1894_S30	Paired	Pseudomonas
493	97	75.LTU_1894_S30	Paired	Pseudomonas
494	98	75.LTU_1894_S30	Paired	Pseudomonas
495	83	75.LTU_1894_S30	Paired	Pseudomonas
496	98	75.LTU_1894_S30	Paired	Pseudomonas
497	76	75.LTU_1894_S30	Paired	Pseudomonas
498	95	75.LTU_1894_S30	Paired	Pseudomonas
499	92	75.LTU_1894_S30	Paired	Pseudomonas
500	86	75.LTU_1894_S30	Paired	Pseudomonas
501	84	75.LTU_1894_S30	Paired	Pseudomonas
502	90	75.LTU_1894_S30	Paired	Pseudomonas
503	70	75.LTU_1894_S30	Paired	Pseudomonas
504	80	75.LTU_1894_S30	Paired	Pseudomonas
505	74	75.LTU_1894_S30	Paired	Pseudomonas
506	84	75.LTU_1894_S30	Paired	Pseudomonas
507	88	75.LTU_1894_S30	Paired	Pseudomonas
508	80	75.LTU_1894_S30	Paired	Pseudomonas
509	77	75.LTU_1894_S30	Paired	Pseudomonas
510	73	75.LTU_1894_S30	Paired	Pseudomonas
511	60	75.LTU_1894_S30	Paired	Pseudomonas
512	92	75.LTU_1894_S30	Paired	Pseudomonas
513	83	75.LTU_1894_S30	Paired	Pseudomonas
514	65	75.LTU_1894_S30	Paired	Pseudomonas
515	80	75.LTU_1894_S30	Paired	Pseudomonas
516	71	75.LTU_1894_S30	Paired	Pseudomonas
517	73	75.LTU_1894_S30	Paired	Pseudomonas
518	92	75.LTU_1894_S30	Paired	Pseudomonas
519	86	75.LTU_1894_S30	Paired	Pseudomonas
520	59	75.LTU_1894_S30	Paired	Pseudomonas
521	66	75.LTU_1894_S30	Paired	Pseudomonas
522	56	75.LTU_1894_S30	Paired	Pseudomonas
523	66	75.LTU_1894_S30	Paired	Pseudomonas
524	72	75.LTU_1894_S30	Paired	Pseudomonas
525	82	75.LTU_1894_S30	Paired	Pseudomonas
526	74	75.LTU_1894_S30	Paired	Pseudomonas
527	69	75.LTU_1894_S30	Paired	Pseudomonas
528	72	75.LTU_1894_S30	Paired	Pseudomonas
529	96	75.LTU_1894_S30	Paired	Pseudomonas
530	100	75.LTU_1894_S30	Paired	Pseudomonas
531	87	75.LTU_1894_S30	Paired	Pseudomonas
532	70	75.LTU_1894_S30	Paired	Pseudomonas
533	133	75.LTU_1894_S30	Paired	Pseudomonas
534	125	75.LTU_1894_S30	Paired	Pseudomonas
535	103	75.LTU_1894_S30	Paired	Pseudomonas
536	88	75.LTU_1894_S30	Paired	Pseudomonas
537	51	75.LTU_1894_S30	Paired	Pseudomonas
538	54	75.LTU_1894_S30	Paired	Pseudomonas
539	56	75.LTU_1894_S30	Paired	Pseudomonas
540	62	75.LTU_1894_S30	Paired	Pseudomonas
541	69	75.LTU_1894_S30	Paired	Pseudomonas
542	56	75.LTU_1894_S30	Paired	Pseudomonas
543	61	75.LTU_1894_S30	Paired	Pseudomonas
544	92	75.LTU_1894_S30	Paired	Pseudomonas
545	65	75.LTU_1894_S30	Paired	Pseudomonas
546	57	75.LTU_1894_S30	Paired	Pseudomonas
547	31	75.LTU_1894_S30	Paired	Pseudomonas
548	30	75.LTU_1894_S30	Paired	Pseudomonas
549	29	75.LTU_1894_S30	Paired	Pseudomonas
550	49	75.LTU_1894_S30	Paired	Pseudomonas
551	38	75.LTU_1894_S30	Paired	Pseudomonas
552	37	75.LTU_1894_S30	Paired	Pseudomonas
553	31	75.LTU_1894_S30	Paired	Pseudomonas
554	39	75.LTU_1894_S30	Paired	Pseudomonas
555	35	75.LTU_1894_S30	Paired	Pseudomonas
556	32	75.LTU_1894_S30	Paired	Pseudomonas
557	38	75.LTU_1894_S30	Paired	Pseudomonas
558	41	75.LTU_1894_S30	Paired	Pseudomonas
559	27	75.LTU_1894_S30	Paired	Pseudomonas
560	30	75.LTU_1894_S30	Paired	Pseudomonas
561	29	75.LTU_1894_S30	Paired	Pseudomonas
562	23	75.LTU_1894_S30	Paired	Pseudomonas
563	29	75.LTU_1894_S30	Paired	Pseudomonas
564	18	75.LTU_1894_S30	Paired	Pseudomonas
565	21	75.LTU_1894_S30	Paired	Pseudomonas
566	33	75.LTU_1894_S30	Paired	Pseudomonas
567	30	75.LTU_1894_S30	Paired	Pseudomonas
568	23	75.LTU_1894_S30	Paired	Pseudomonas
569	42	75.LTU_1894_S30	Paired	Pseudomonas
570	24	75.LTU_1894_S30	Paired	Pseudomonas
571	25	75.LTU_1894_S30	Paired	Pseudomonas
572	30	75.LTU_1894_S30	Paired	Pseudomonas
573	35	75.LTU_1894_S30	Paired	Pseudomonas
574	35	75.LTU_1894_S30	Paired	Pseudomonas
575	29	75.LTU_1894_S30	Paired	Pseudomonas
576	30	75.LTU_1894_S30	Paired	Pseudomonas
577	19	75.LTU_1894_S30	Paired	Pseudomonas
578	28	75.LTU_1894_S30	Paired	Pseudomonas
579	20	75.LTU_1894_S30	Paired	Pseudomonas
580	36	75.LTU_1894_S30	Paired	Pseudomonas
581	23	75.LTU_1894_S30	Paired	Pseudomonas
582	35	75.LTU_1894_S30	Paired	Pseudomonas
583	20	75.LTU_1894_S30	Paired	Pseudomonas
584	19	75.LTU_1894_S30	Paired	Pseudomonas
585	25	75.LTU_1894_S30	Paired	Pseudomonas
586	21	75.LTU_1894_S30	Paired	Pseudomonas
587	16	75.LTU_1894_S30	Paired	Pseudomonas
588	20	75.LTU_1894_S30	Paired	Pseudomonas
589	27	75.LTU_1894_S30	Paired	Pseudomonas
590	28	75.LTU_1894_S30	Paired	Pseudomonas
591	18	75.LTU_1894_S30	Paired	Pseudomonas
592	21	75.LTU_1894_S30	Paired	Pseudomonas
593	20	75.LTU_1894_S30	Paired	Pseudomonas
594	26	75.LTU_1894_S30	Paired	Pseudomonas
595	24	75.LTU_1894_S30	Paired	Pseudomonas
596	18	75.LTU_1894_S30	Paired	Pseudomonas
597	25	75.LTU_1894_S30	Paired	Pseudomonas
598	13	75.LTU_1894_S30	Paired	Pseudomonas
599	28	75.LTU_1894_S30	Paired	Pseudomonas
600	11	75.LTU_1894_S30	Paired	Pseudomonas
601	21	75.LTU_1894_S30	Paired	Pseudomonas
602	20	75.LTU_1894_S30	Paired	Pseudomonas
603	17	75.LTU_1894_S30	Paired	Pseudomonas
604	19	75.LTU_1894_S30	Paired	Pseudomonas
605	20	75.LTU_1894_S30	Paired	Pseudomonas
606	19	75.LTU_1894_S30	Paired	Pseudomonas
607	28	75.LTU_1894_S30	Paired	Pseudomonas
608	13	75.LTU_1894_S30	Paired	Pseudomonas
609	22	75.LTU_1894_S30	Paired	Pseudomonas
610	19	75.LTU_1894_S30	Paired	Pseudomonas
611	18	75.LTU_1894_S30	Paired	Pseudomonas
612	17	75.LTU_1894_S30	Paired	Pseudomonas
613	13	75.LTU_1894_S30	Paired	Pseudomonas
614	12	75.LTU_1894_S30	Paired	Pseudomonas
615	25	75.LTU_1894_S30	Paired	Pseudomonas
616	22	75.LTU_1894_S30	Paired	Pseudomonas
617	18	75.LTU_1894_S30	Paired	Pseudomonas
618	15	75.LTU_1894_S30	Paired	Pseudomonas
619	16	75.LTU_1894_S30	Paired	Pseudomonas
620	19	75.LTU_1894_S30	Paired	Pseudomonas
621	18	75.LTU_1894_S30	Paired	Pseudomonas
622	10	75.LTU_1894_S30	Paired	Pseudomonas
623	15	75.LTU_1894_S30	Paired	Pseudomonas
624	20	75.LTU_1894_S30	Paired	Pseudomonas
625	12	75.LTU_1894_S30	Paired	Pseudomonas
626	17	75.LTU_1894_S30	Paired	Pseudomonas
627	21	75.LTU_1894_S30	Paired	Pseudomonas
628	12	75.LTU_1894_S30	Paired	Pseudomonas
629	14	75.LTU_1894_S30	Paired	Pseudomonas
630	7	75.LTU_1894_S30	Paired	Pseudomonas
631	10	75.LTU_1894_S30	Paired	Pseudomonas
632	12	75.LTU_1894_S30	Paired	Pseudomonas
633	10	75.LTU_1894_S30	Paired	Pseudomonas
634	11	75.LTU_1894_S30	Paired	Pseudomonas
635	15	75.LTU_1894_S30	Paired	Pseudomonas
636	13	75.LTU_1894_S30	Paired	Pseudomonas
637	17	75.LTU_1894_S30	Paired	Pseudomonas
638	12	75.LTU_1894_S30	Paired	Pseudomonas
639	13	75.LTU_1894_S30	Paired	Pseudomonas
640	15	75.LTU_1894_S30	Paired	Pseudomonas
641	11	75.LTU_1894_S30	Paired	Pseudomonas
642	10	75.LTU_1894_S30	Paired	Pseudomonas
643	15	75.LTU_1894_S30	Paired	Pseudomonas
644	11	75.LTU_1894_S30	Paired	Pseudomonas
645	13	75.LTU_1894_S30	Paired	Pseudomonas
646	13	75.LTU_1894_S30	Paired	Pseudomonas
647	11	75.LTU_1894_S30	Paired	Pseudomonas
648	8	75.LTU_1894_S30	Paired	Pseudomonas
649	11	75.LTU_1894_S30	Paired	Pseudomonas
650	13	75.LTU_1894_S30	Paired	Pseudomonas
651	9	75.LTU_1894_S30	Paired	Pseudomonas
652	11	75.LTU_1894_S30	Paired	Pseudomonas
653	10	75.LTU_1894_S30	Paired	Pseudomonas
654	4	75.LTU_1894_S30	Paired	Pseudomonas
655	5	75.LTU_1894_S30	Paired	Pseudomonas
656	7	75.LTU_1894_S30	Paired	Pseudomonas
657	9	75.LTU_1894_S30	Paired	Pseudomonas
658	13	75.LTU_1894_S30	Paired	Pseudomonas
659	6	75.LTU_1894_S30	Paired	Pseudomonas
660	6	75.LTU_1894_S30	Paired	Pseudomonas
661	7	75.LTU_1894_S30	Paired	Pseudomonas
662	14	75.LTU_1894_S30	Paired	Pseudomonas
663	14	75.LTU_1894_S30	Paired	Pseudomonas
664	15	75.LTU_1894_S30	Paired	Pseudomonas
665	10	75.LTU_1894_S30	Paired	Pseudomonas
666	16	75.LTU_1894_S30	Paired	Pseudomonas
667	10	75.LTU_1894_S30	Paired	Pseudomonas
668	7	75.LTU_1894_S30	Paired	Pseudomonas
669	12	75.LTU_1894_S30	Paired	Pseudomonas
670	5	75.LTU_1894_S30	Paired	Pseudomonas
671	9	75.LTU_1894_S30	Paired	Pseudomonas
672	8	75.LTU_1894_S30	Paired	Pseudomonas
673	2	75.LTU_1894_S30	Paired	Pseudomonas
674	8	75.LTU_1894_S30	Paired	Pseudomonas
675	8	75.LTU_1894_S30	Paired	Pseudomonas
676	12	75.LTU_1894_S30	Paired	Pseudomonas
677	6	75.LTU_1894_S30	Paired	Pseudomonas
678	4	75.LTU_1894_S30	Paired	Pseudomonas
679	4	75.LTU_1894_S30	Paired	Pseudomonas
680	9	75.LTU_1894_S30	Paired	Pseudomonas
681	8	75.LTU_1894_S30	Paired	Pseudomonas
682	12	75.LTU_1894_S30	Paired	Pseudomonas
683	11	75.LTU_1894_S30	Paired	Pseudomonas
684	6	75.LTU_1894_S30	Paired	Pseudomonas
685	6	75.LTU_1894_S30	Paired	Pseudomonas
686	8	75.LTU_1894_S30	Paired	Pseudomonas
687	3	75.LTU_1894_S30	Paired	Pseudomonas
688	5	75.LTU_1894_S30	Paired	Pseudomonas
689	10	75.LTU_1894_S30	Paired	Pseudomonas
690	8	75.LTU_1894_S30	Paired	Pseudomonas
691	5	75.LTU_1894_S30	Paired	Pseudomonas
692	7	75.LTU_1894_S30	Paired	Pseudomonas
693	8	75.LTU_1894_S30	Paired	Pseudomonas
694	7	75.LTU_1894_S30	Paired	Pseudomonas
695	6	75.LTU_1894_S30	Paired	Pseudomonas
696	6	75.LTU_1894_S30	Paired	Pseudomonas
697	3	75.LTU_1894_S30	Paired	Pseudomonas
698	11	75.LTU_1894_S30	Paired	Pseudomonas
699	6	75.LTU_1894_S30	Paired	Pseudomonas
700	11	75.LTU_1894_S30	Paired	Pseudomonas
701	4	75.LTU_1894_S30	Paired	Pseudomonas
702	11	75.LTU_1894_S30	Paired	Pseudomonas
703	10	75.LTU_1894_S30	Paired	Pseudomonas
704	9	75.LTU_1894_S30	Paired	Pseudomonas
705	3	75.LTU_1894_S30	Paired	Pseudomonas
706	5	75.LTU_1894_S30	Paired	Pseudomonas
707	5	75.LTU_1894_S30	Paired	Pseudomonas
708	5	75.LTU_1894_S30	Paired	Pseudomonas
709	4	75.LTU_1894_S30	Paired	Pseudomonas
710	8	75.LTU_1894_S30	Paired	Pseudomonas
711	8	75.LTU_1894_S30	Paired	Pseudomonas
712	2	75.LTU_1894_S30	Paired	Pseudomonas
713	6	75.LTU_1894_S30	Paired	Pseudomonas
714	5	75.LTU_1894_S30	Paired	Pseudomonas
715	7	75.LTU_1894_S30	Paired	Pseudomonas
716	6	75.LTU_1894_S30	Paired	Pseudomonas
717	2	75.LTU_1894_S30	Paired	Pseudomonas
718	5	75.LTU_1894_S30	Paired	Pseudomonas
719	6	75.LTU_1894_S30	Paired	Pseudomonas
720	7	75.LTU_1894_S30	Paired	Pseudomonas
721	4	75.LTU_1894_S30	Paired	Pseudomonas
722	4	75.LTU_1894_S30	Paired	Pseudomonas
723	7	75.LTU_1894_S30	Paired	Pseudomonas
724	4	75.LTU_1894_S30	Paired	Pseudomonas
725	9	75.LTU_1894_S30	Paired	Pseudomonas
726	5	75.LTU_1894_S30	Paired	Pseudomonas
727	4	75.LTU_1894_S30	Paired	Pseudomonas
728	2	75.LTU_1894_S30	Paired	Pseudomonas
729	5	75.LTU_1894_S30	Paired	Pseudomonas
730	4	75.LTU_1894_S30	Paired	Pseudomonas
731	2	75.LTU_1894_S30	Paired	Pseudomonas
732	5	75.LTU_1894_S30	Paired	Pseudomonas
733	7	75.LTU_1894_S30	Paired	Pseudomonas
734	4	75.LTU_1894_S30	Paired	Pseudomonas
735	4	75.LTU_1894_S30	Paired	Pseudomonas
736	6	75.LTU_1894_S30	Paired	Pseudomonas
737	4	75.LTU_1894_S30	Paired	Pseudomonas
739	1	75.LTU_1894_S30	Paired	Pseudomonas
740	3	75.LTU_1894_S30	Paired	Pseudomonas
741	7	75.LTU_1894_S30	Paired	Pseudomonas
742	3	75.LTU_1894_S30	Paired	Pseudomonas
743	3	75.LTU_1894_S30	Paired	Pseudomonas
744	3	75.LTU_1894_S30	Paired	Pseudomonas
745	2	75.LTU_1894_S30	Paired	Pseudomonas
746	3	75.LTU_1894_S30	Paired	Pseudomonas
747	1	75.LTU_1894_S30	Paired	Pseudomonas
750	2	75.LTU_1894_S30	Paired	Pseudomonas
751	2	75.LTU_1894_S30	Paired	Pseudomonas
752	1	75.LTU_1894_S30	Paired	Pseudomonas
754	2	75.LTU_1894_S30	Paired	Pseudomonas
755	2	75.LTU_1894_S30	Paired	Pseudomonas
756	1	75.LTU_1894_S30	Paired	Pseudomonas
757	1	75.LTU_1894_S30	Paired	Pseudomonas
758	2	75.LTU_1894_S30	Paired	Pseudomonas
759	1	75.LTU_1894_S30	Paired	Pseudomonas
15	1	86.NOR_1911_S7	Collapsed	Arabidopsis
16	1	86.NOR_1911_S7	Collapsed	Arabidopsis
17	17	86.NOR_1911_S7	Collapsed	Arabidopsis
18	32	86.NOR_1911_S7	Collapsed	Arabidopsis
19	91	86.NOR_1911_S7	Collapsed	Arabidopsis
20	83	86.NOR_1911_S7	Collapsed	Arabidopsis
21	113	86.NOR_1911_S7	Collapsed	Arabidopsis
22	123	86.NOR_1911_S7	Collapsed	Arabidopsis
23	141	86.NOR_1911_S7	Collapsed	Arabidopsis
24	203	86.NOR_1911_S7	Collapsed	Arabidopsis
25	222	86.NOR_1911_S7	Collapsed	Arabidopsis
26	241	86.NOR_1911_S7	Collapsed	Arabidopsis
27	277	86.NOR_1911_S7	Collapsed	Arabidopsis
28	339	86.NOR_1911_S7	Collapsed	Arabidopsis
29	370	86.NOR_1911_S7	Collapsed	Arabidopsis
30	422	86.NOR_1911_S7	Collapsed	Arabidopsis
31	475	86.NOR_1911_S7	Collapsed	Arabidopsis
32	440	86.NOR_1911_S7	Collapsed	Arabidopsis
33	483	86.NOR_1911_S7	Collapsed	Arabidopsis
34	558	86.NOR_1911_S7	Collapsed	Arabidopsis
35	560	86.NOR_1911_S7	Collapsed	Arabidopsis
36	608	86.NOR_1911_S7	Collapsed	Arabidopsis
37	699	86.NOR_1911_S7	Collapsed	Arabidopsis
38	780	86.NOR_1911_S7	Collapsed	Arabidopsis
39	804	86.NOR_1911_S7	Collapsed	Arabidopsis
40	844	86.NOR_1911_S7	Collapsed	Arabidopsis
41	871	86.NOR_1911_S7	Collapsed	Arabidopsis
42	1001	86.NOR_1911_S7	Collapsed	Arabidopsis
43	1051	86.NOR_1911_S7	Collapsed	Arabidopsis
44	1165	86.NOR_1911_S7	Collapsed	Arabidopsis
45	1268	86.NOR_1911_S7	Collapsed	Arabidopsis
46	1339	86.NOR_1911_S7	Collapsed	Arabidopsis
47	1444	86.NOR_1911_S7	Collapsed	Arabidopsis
48	1550	86.NOR_1911_S7	Collapsed	Arabidopsis
49	1764	86.NOR_1911_S7	Collapsed	Arabidopsis
50	1851	86.NOR_1911_S7	Collapsed	Arabidopsis
51	2022	86.NOR_1911_S7	Collapsed	Arabidopsis
52	2162	86.NOR_1911_S7	Collapsed	Arabidopsis
53	2320	86.NOR_1911_S7	Collapsed	Arabidopsis
54	2631	86.NOR_1911_S7	Collapsed	Arabidopsis
55	2770	86.NOR_1911_S7	Collapsed	Arabidopsis
56	3053	86.NOR_1911_S7	Collapsed	Arabidopsis
57	3421	86.NOR_1911_S7	Collapsed	Arabidopsis
58	3661	86.NOR_1911_S7	Collapsed	Arabidopsis
59	4005	86.NOR_1911_S7	Collapsed	Arabidopsis
60	4449	86.NOR_1911_S7	Collapsed	Arabidopsis
61	4740	86.NOR_1911_S7	Collapsed	Arabidopsis
62	5281	86.NOR_1911_S7	Collapsed	Arabidopsis
63	5693	86.NOR_1911_S7	Collapsed	Arabidopsis
64	6692	86.NOR_1911_S7	Collapsed	Arabidopsis
65	6984	86.NOR_1911_S7	Collapsed	Arabidopsis
66	7684	86.NOR_1911_S7	Collapsed	Arabidopsis
67	8505	86.NOR_1911_S7	Collapsed	Arabidopsis
68	9347	86.NOR_1911_S7	Collapsed	Arabidopsis
69	9903	86.NOR_1911_S7	Collapsed	Arabidopsis
70	10648	86.NOR_1911_S7	Collapsed	Arabidopsis
71	11507	86.NOR_1911_S7	Collapsed	Arabidopsis
72	12676	86.NOR_1911_S7	Collapsed	Arabidopsis
73	13549	86.NOR_1911_S7	Collapsed	Arabidopsis
74	14439	86.NOR_1911_S7	Collapsed	Arabidopsis
75	15302	86.NOR_1911_S7	Collapsed	Arabidopsis
76	16395	86.NOR_1911_S7	Collapsed	Arabidopsis
77	17470	86.NOR_1911_S7	Collapsed	Arabidopsis
78	18516	86.NOR_1911_S7	Collapsed	Arabidopsis
79	19765	86.NOR_1911_S7	Collapsed	Arabidopsis
80	20685	86.NOR_1911_S7	Collapsed	Arabidopsis
81	22206	86.NOR_1911_S7	Collapsed	Arabidopsis
82	22935	86.NOR_1911_S7	Collapsed	Arabidopsis
83	23732	86.NOR_1911_S7	Collapsed	Arabidopsis
84	24967	86.NOR_1911_S7	Collapsed	Arabidopsis
85	26147	86.NOR_1911_S7	Collapsed	Arabidopsis
86	26980	86.NOR_1911_S7	Collapsed	Arabidopsis
87	28238	86.NOR_1911_S7	Collapsed	Arabidopsis
88	28748	86.NOR_1911_S7	Collapsed	Arabidopsis
89	29569	86.NOR_1911_S7	Collapsed	Arabidopsis
90	30274	86.NOR_1911_S7	Collapsed	Arabidopsis
91	31039	86.NOR_1911_S7	Collapsed	Arabidopsis
92	31322	86.NOR_1911_S7	Collapsed	Arabidopsis
93	33110	86.NOR_1911_S7	Collapsed	Arabidopsis
94	33394	86.NOR_1911_S7	Collapsed	Arabidopsis
95	33883	86.NOR_1911_S7	Collapsed	Arabidopsis
96	34792	86.NOR_1911_S7	Collapsed	Arabidopsis
97	34989	86.NOR_1911_S7	Collapsed	Arabidopsis
98	35039	86.NOR_1911_S7	Collapsed	Arabidopsis
99	35648	86.NOR_1911_S7	Collapsed	Arabidopsis
100	35787	86.NOR_1911_S7	Collapsed	Arabidopsis
101	35564	86.NOR_1911_S7	Collapsed	Arabidopsis
102	35995	86.NOR_1911_S7	Collapsed	Arabidopsis
103	36117	86.NOR_1911_S7	Collapsed	Arabidopsis
104	35972	86.NOR_1911_S7	Collapsed	Arabidopsis
105	35930	86.NOR_1911_S7	Collapsed	Arabidopsis
106	36446	86.NOR_1911_S7	Collapsed	Arabidopsis
107	36634	86.NOR_1911_S7	Collapsed	Arabidopsis
108	36385	86.NOR_1911_S7	Collapsed	Arabidopsis
109	35938	86.NOR_1911_S7	Collapsed	Arabidopsis
110	36426	86.NOR_1911_S7	Collapsed	Arabidopsis
111	36003	86.NOR_1911_S7	Collapsed	Arabidopsis
112	36252	86.NOR_1911_S7	Collapsed	Arabidopsis
113	36204	86.NOR_1911_S7	Collapsed	Arabidopsis
114	35588	86.NOR_1911_S7	Collapsed	Arabidopsis
115	35686	86.NOR_1911_S7	Collapsed	Arabidopsis
116	35369	86.NOR_1911_S7	Collapsed	Arabidopsis
117	35490	86.NOR_1911_S7	Collapsed	Arabidopsis
118	34897	86.NOR_1911_S7	Collapsed	Arabidopsis
119	34745	86.NOR_1911_S7	Collapsed	Arabidopsis
120	35058	86.NOR_1911_S7	Collapsed	Arabidopsis
121	34633	86.NOR_1911_S7	Collapsed	Arabidopsis
122	33899	86.NOR_1911_S7	Collapsed	Arabidopsis
123	34109	86.NOR_1911_S7	Collapsed	Arabidopsis
124	34312	86.NOR_1911_S7	Collapsed	Arabidopsis
125	34242	86.NOR_1911_S7	Collapsed	Arabidopsis
126	33900	86.NOR_1911_S7	Collapsed	Arabidopsis
127	33596	86.NOR_1911_S7	Collapsed	Arabidopsis
128	33267	86.NOR_1911_S7	Collapsed	Arabidopsis
129	32650	86.NOR_1911_S7	Collapsed	Arabidopsis
130	32575	86.NOR_1911_S7	Collapsed	Arabidopsis
131	32173	86.NOR_1911_S7	Collapsed	Arabidopsis
132	32049	86.NOR_1911_S7	Collapsed	Arabidopsis
133	31802	86.NOR_1911_S7	Collapsed	Arabidopsis
134	31428	86.NOR_1911_S7	Collapsed	Arabidopsis
135	30723	86.NOR_1911_S7	Collapsed	Arabidopsis
136	30612	86.NOR_1911_S7	Collapsed	Arabidopsis
137	30094	86.NOR_1911_S7	Collapsed	Arabidopsis
138	29776	86.NOR_1911_S7	Collapsed	Arabidopsis
139	29418	86.NOR_1911_S7	Collapsed	Arabidopsis
0	5	86.NOR_1911_S7	Paired	Arabidopsis
91	1	86.NOR_1911_S7	Paired	Arabidopsis
95	32	86.NOR_1911_S7	Paired	Arabidopsis
96	47	86.NOR_1911_S7	Paired	Arabidopsis
97	45	86.NOR_1911_S7	Paired	Arabidopsis
98	58	86.NOR_1911_S7	Paired	Arabidopsis
99	65	86.NOR_1911_S7	Paired	Arabidopsis
100	68	86.NOR_1911_S7	Paired	Arabidopsis
101	93	86.NOR_1911_S7	Paired	Arabidopsis
102	93	86.NOR_1911_S7	Paired	Arabidopsis
103	98	86.NOR_1911_S7	Paired	Arabidopsis
104	122	86.NOR_1911_S7	Paired	Arabidopsis
105	126	86.NOR_1911_S7	Paired	Arabidopsis
106	129	86.NOR_1911_S7	Paired	Arabidopsis
107	153	86.NOR_1911_S7	Paired	Arabidopsis
108	156	86.NOR_1911_S7	Paired	Arabidopsis
109	178	86.NOR_1911_S7	Paired	Arabidopsis
110	199	86.NOR_1911_S7	Paired	Arabidopsis
111	197	86.NOR_1911_S7	Paired	Arabidopsis
112	212	86.NOR_1911_S7	Paired	Arabidopsis
113	246	86.NOR_1911_S7	Paired	Arabidopsis
114	256	86.NOR_1911_S7	Paired	Arabidopsis
115	259	86.NOR_1911_S7	Paired	Arabidopsis
116	285	86.NOR_1911_S7	Paired	Arabidopsis
117	305	86.NOR_1911_S7	Paired	Arabidopsis
118	315	86.NOR_1911_S7	Paired	Arabidopsis
119	311	86.NOR_1911_S7	Paired	Arabidopsis
120	330	86.NOR_1911_S7	Paired	Arabidopsis
121	374	86.NOR_1911_S7	Paired	Arabidopsis
122	378	86.NOR_1911_S7	Paired	Arabidopsis
123	429	86.NOR_1911_S7	Paired	Arabidopsis
124	469	86.NOR_1911_S7	Paired	Arabidopsis
125	496	86.NOR_1911_S7	Paired	Arabidopsis
126	560	86.NOR_1911_S7	Paired	Arabidopsis
127	773	86.NOR_1911_S7	Paired	Arabidopsis
128	942	86.NOR_1911_S7	Paired	Arabidopsis
129	963	86.NOR_1911_S7	Paired	Arabidopsis
130	1138	86.NOR_1911_S7	Paired	Arabidopsis
131	1162	86.NOR_1911_S7	Paired	Arabidopsis
132	1239	86.NOR_1911_S7	Paired	Arabidopsis
133	1333	86.NOR_1911_S7	Paired	Arabidopsis
134	1358	86.NOR_1911_S7	Paired	Arabidopsis
135	1397	86.NOR_1911_S7	Paired	Arabidopsis
136	1546	86.NOR_1911_S7	Paired	Arabidopsis
137	1649	86.NOR_1911_S7	Paired	Arabidopsis
138	1956	86.NOR_1911_S7	Paired	Arabidopsis
139	2726	86.NOR_1911_S7	Paired	Arabidopsis
140	29523	86.NOR_1911_S7	Paired	Arabidopsis
141	29702	86.NOR_1911_S7	Paired	Arabidopsis
142	29423	86.NOR_1911_S7	Paired	Arabidopsis
143	29002	86.NOR_1911_S7	Paired	Arabidopsis
144	28874	86.NOR_1911_S7	Paired	Arabidopsis
145	28240	86.NOR_1911_S7	Paired	Arabidopsis
146	27507	86.NOR_1911_S7	Paired	Arabidopsis
147	27209	86.NOR_1911_S7	Paired	Arabidopsis
148	26711	86.NOR_1911_S7	Paired	Arabidopsis
149	26681	86.NOR_1911_S7	Paired	Arabidopsis
150	25899	86.NOR_1911_S7	Paired	Arabidopsis
151	26175	86.NOR_1911_S7	Paired	Arabidopsis
152	25191	86.NOR_1911_S7	Paired	Arabidopsis
153	24982	86.NOR_1911_S7	Paired	Arabidopsis
154	24461	86.NOR_1911_S7	Paired	Arabidopsis
155	23815	86.NOR_1911_S7	Paired	Arabidopsis
156	23626	86.NOR_1911_S7	Paired	Arabidopsis
157	23123	86.NOR_1911_S7	Paired	Arabidopsis
158	22761	86.NOR_1911_S7	Paired	Arabidopsis
159	22505	86.NOR_1911_S7	Paired	Arabidopsis
160	22385	86.NOR_1911_S7	Paired	Arabidopsis
161	21958	86.NOR_1911_S7	Paired	Arabidopsis
162	21541	86.NOR_1911_S7	Paired	Arabidopsis
163	20940	86.NOR_1911_S7	Paired	Arabidopsis
164	20569	86.NOR_1911_S7	Paired	Arabidopsis
165	20241	86.NOR_1911_S7	Paired	Arabidopsis
166	19934	86.NOR_1911_S7	Paired	Arabidopsis
167	19317	86.NOR_1911_S7	Paired	Arabidopsis
168	19076	86.NOR_1911_S7	Paired	Arabidopsis
169	18733	86.NOR_1911_S7	Paired	Arabidopsis
170	18149	86.NOR_1911_S7	Paired	Arabidopsis
171	17907	86.NOR_1911_S7	Paired	Arabidopsis
172	17567	86.NOR_1911_S7	Paired	Arabidopsis
173	17306	86.NOR_1911_S7	Paired	Arabidopsis
174	16889	86.NOR_1911_S7	Paired	Arabidopsis
175	17076	86.NOR_1911_S7	Paired	Arabidopsis
176	16257	86.NOR_1911_S7	Paired	Arabidopsis
177	15907	86.NOR_1911_S7	Paired	Arabidopsis
178	15733	86.NOR_1911_S7	Paired	Arabidopsis
179	15347	86.NOR_1911_S7	Paired	Arabidopsis
180	15150	86.NOR_1911_S7	Paired	Arabidopsis
181	14802	86.NOR_1911_S7	Paired	Arabidopsis
182	14408	86.NOR_1911_S7	Paired	Arabidopsis
183	14232	86.NOR_1911_S7	Paired	Arabidopsis
184	14260	86.NOR_1911_S7	Paired	Arabidopsis
185	13658	86.NOR_1911_S7	Paired	Arabidopsis
186	13301	86.NOR_1911_S7	Paired	Arabidopsis
187	12872	86.NOR_1911_S7	Paired	Arabidopsis
188	12572	86.NOR_1911_S7	Paired	Arabidopsis
189	12384	86.NOR_1911_S7	Paired	Arabidopsis
190	12127	86.NOR_1911_S7	Paired	Arabidopsis
191	11956	86.NOR_1911_S7	Paired	Arabidopsis
192	11472	86.NOR_1911_S7	Paired	Arabidopsis
193	11365	86.NOR_1911_S7	Paired	Arabidopsis
194	11127	86.NOR_1911_S7	Paired	Arabidopsis
195	10734	86.NOR_1911_S7	Paired	Arabidopsis
196	10507	86.NOR_1911_S7	Paired	Arabidopsis
197	10247	86.NOR_1911_S7	Paired	Arabidopsis
198	9984	86.NOR_1911_S7	Paired	Arabidopsis
199	9726	86.NOR_1911_S7	Paired	Arabidopsis
200	9393	86.NOR_1911_S7	Paired	Arabidopsis
201	9385	86.NOR_1911_S7	Paired	Arabidopsis
202	8989	86.NOR_1911_S7	Paired	Arabidopsis
203	8729	86.NOR_1911_S7	Paired	Arabidopsis
204	8510	86.NOR_1911_S7	Paired	Arabidopsis
205	8276	86.NOR_1911_S7	Paired	Arabidopsis
206	8164	86.NOR_1911_S7	Paired	Arabidopsis
207	7934	86.NOR_1911_S7	Paired	Arabidopsis
208	7729	86.NOR_1911_S7	Paired	Arabidopsis
209	7366	86.NOR_1911_S7	Paired	Arabidopsis
210	7184	86.NOR_1911_S7	Paired	Arabidopsis
211	6912	86.NOR_1911_S7	Paired	Arabidopsis
212	6716	86.NOR_1911_S7	Paired	Arabidopsis
213	6609	86.NOR_1911_S7	Paired	Arabidopsis
214	6478	86.NOR_1911_S7	Paired	Arabidopsis
215	6213	86.NOR_1911_S7	Paired	Arabidopsis
216	5997	86.NOR_1911_S7	Paired	Arabidopsis
217	5724	86.NOR_1911_S7	Paired	Arabidopsis
218	5548	86.NOR_1911_S7	Paired	Arabidopsis
219	5346	86.NOR_1911_S7	Paired	Arabidopsis
220	5271	86.NOR_1911_S7	Paired	Arabidopsis
221	5011	86.NOR_1911_S7	Paired	Arabidopsis
222	4949	86.NOR_1911_S7	Paired	Arabidopsis
223	4827	86.NOR_1911_S7	Paired	Arabidopsis
224	4595	86.NOR_1911_S7	Paired	Arabidopsis
225	4420	86.NOR_1911_S7	Paired	Arabidopsis
226	4325	86.NOR_1911_S7	Paired	Arabidopsis
227	4040	86.NOR_1911_S7	Paired	Arabidopsis
228	3978	86.NOR_1911_S7	Paired	Arabidopsis
229	3876	86.NOR_1911_S7	Paired	Arabidopsis
230	3662	86.NOR_1911_S7	Paired	Arabidopsis
231	3614	86.NOR_1911_S7	Paired	Arabidopsis
232	3413	86.NOR_1911_S7	Paired	Arabidopsis
233	3221	86.NOR_1911_S7	Paired	Arabidopsis
234	3227	86.NOR_1911_S7	Paired	Arabidopsis
235	3150	86.NOR_1911_S7	Paired	Arabidopsis
236	2956	86.NOR_1911_S7	Paired	Arabidopsis
237	2818	86.NOR_1911_S7	Paired	Arabidopsis
238	2731	86.NOR_1911_S7	Paired	Arabidopsis
239	2534	86.NOR_1911_S7	Paired	Arabidopsis
240	2463	86.NOR_1911_S7	Paired	Arabidopsis
241	2403	86.NOR_1911_S7	Paired	Arabidopsis
242	2316	86.NOR_1911_S7	Paired	Arabidopsis
243	2141	86.NOR_1911_S7	Paired	Arabidopsis
244	2120	86.NOR_1911_S7	Paired	Arabidopsis
245	2030	86.NOR_1911_S7	Paired	Arabidopsis
246	2024	86.NOR_1911_S7	Paired	Arabidopsis
247	1816	86.NOR_1911_S7	Paired	Arabidopsis
248	1720	86.NOR_1911_S7	Paired	Arabidopsis
249	1747	86.NOR_1911_S7	Paired	Arabidopsis
250	1526	86.NOR_1911_S7	Paired	Arabidopsis
251	1467	86.NOR_1911_S7	Paired	Arabidopsis
252	1443	86.NOR_1911_S7	Paired	Arabidopsis
253	1369	86.NOR_1911_S7	Paired	Arabidopsis
254	1317	86.NOR_1911_S7	Paired	Arabidopsis
255	1261	86.NOR_1911_S7	Paired	Arabidopsis
256	1182	86.NOR_1911_S7	Paired	Arabidopsis
257	1154	86.NOR_1911_S7	Paired	Arabidopsis
258	1145	86.NOR_1911_S7	Paired	Arabidopsis
259	1011	86.NOR_1911_S7	Paired	Arabidopsis
260	968	86.NOR_1911_S7	Paired	Arabidopsis
261	943	86.NOR_1911_S7	Paired	Arabidopsis
262	912	86.NOR_1911_S7	Paired	Arabidopsis
263	804	86.NOR_1911_S7	Paired	Arabidopsis
264	781	86.NOR_1911_S7	Paired	Arabidopsis
265	799	86.NOR_1911_S7	Paired	Arabidopsis
266	677	86.NOR_1911_S7	Paired	Arabidopsis
267	762	86.NOR_1911_S7	Paired	Arabidopsis
268	624	86.NOR_1911_S7	Paired	Arabidopsis
269	637	86.NOR_1911_S7	Paired	Arabidopsis
270	594	86.NOR_1911_S7	Paired	Arabidopsis
271	525	86.NOR_1911_S7	Paired	Arabidopsis
272	519	86.NOR_1911_S7	Paired	Arabidopsis
273	504	86.NOR_1911_S7	Paired	Arabidopsis
274	491	86.NOR_1911_S7	Paired	Arabidopsis
275	422	86.NOR_1911_S7	Paired	Arabidopsis
276	452	86.NOR_1911_S7	Paired	Arabidopsis
277	387	86.NOR_1911_S7	Paired	Arabidopsis
278	412	86.NOR_1911_S7	Paired	Arabidopsis
279	389	86.NOR_1911_S7	Paired	Arabidopsis
280	367	86.NOR_1911_S7	Paired	Arabidopsis
281	333	86.NOR_1911_S7	Paired	Arabidopsis
282	311	86.NOR_1911_S7	Paired	Arabidopsis
283	301	86.NOR_1911_S7	Paired	Arabidopsis
284	291	86.NOR_1911_S7	Paired	Arabidopsis
285	280	86.NOR_1911_S7	Paired	Arabidopsis
286	253	86.NOR_1911_S7	Paired	Arabidopsis
287	273	86.NOR_1911_S7	Paired	Arabidopsis
288	226	86.NOR_1911_S7	Paired	Arabidopsis
289	232	86.NOR_1911_S7	Paired	Arabidopsis
290	205	86.NOR_1911_S7	Paired	Arabidopsis
291	217	86.NOR_1911_S7	Paired	Arabidopsis
292	203	86.NOR_1911_S7	Paired	Arabidopsis
293	181	86.NOR_1911_S7	Paired	Arabidopsis
294	212	86.NOR_1911_S7	Paired	Arabidopsis
295	252	86.NOR_1911_S7	Paired	Arabidopsis
296	294	86.NOR_1911_S7	Paired	Arabidopsis
297	187	86.NOR_1911_S7	Paired	Arabidopsis
298	121	86.NOR_1911_S7	Paired	Arabidopsis
299	105	86.NOR_1911_S7	Paired	Arabidopsis
300	110	86.NOR_1911_S7	Paired	Arabidopsis
301	124	86.NOR_1911_S7	Paired	Arabidopsis
302	94	86.NOR_1911_S7	Paired	Arabidopsis
303	87	86.NOR_1911_S7	Paired	Arabidopsis
304	90	86.NOR_1911_S7	Paired	Arabidopsis
305	98	86.NOR_1911_S7	Paired	Arabidopsis
306	84	86.NOR_1911_S7	Paired	Arabidopsis
307	79	86.NOR_1911_S7	Paired	Arabidopsis
308	93	86.NOR_1911_S7	Paired	Arabidopsis
309	88	86.NOR_1911_S7	Paired	Arabidopsis
310	75	86.NOR_1911_S7	Paired	Arabidopsis
311	64	86.NOR_1911_S7	Paired	Arabidopsis
312	54	86.NOR_1911_S7	Paired	Arabidopsis
313	63	86.NOR_1911_S7	Paired	Arabidopsis
314	57	86.NOR_1911_S7	Paired	Arabidopsis
315	55	86.NOR_1911_S7	Paired	Arabidopsis
316	61	86.NOR_1911_S7	Paired	Arabidopsis
317	56	86.NOR_1911_S7	Paired	Arabidopsis
318	63	86.NOR_1911_S7	Paired	Arabidopsis
319	55	86.NOR_1911_S7	Paired	Arabidopsis
320	53	86.NOR_1911_S7	Paired	Arabidopsis
321	52	86.NOR_1911_S7	Paired	Arabidopsis
322	50	86.NOR_1911_S7	Paired	Arabidopsis
323	47	86.NOR_1911_S7	Paired	Arabidopsis
324	41	86.NOR_1911_S7	Paired	Arabidopsis
325	60	86.NOR_1911_S7	Paired	Arabidopsis
326	47	86.NOR_1911_S7	Paired	Arabidopsis
327	40	86.NOR_1911_S7	Paired	Arabidopsis
328	46	86.NOR_1911_S7	Paired	Arabidopsis
329	41	86.NOR_1911_S7	Paired	Arabidopsis
330	40	86.NOR_1911_S7	Paired	Arabidopsis
331	44	86.NOR_1911_S7	Paired	Arabidopsis
332	39	86.NOR_1911_S7	Paired	Arabidopsis
333	44	86.NOR_1911_S7	Paired	Arabidopsis
334	36	86.NOR_1911_S7	Paired	Arabidopsis
335	43	86.NOR_1911_S7	Paired	Arabidopsis
336	32	86.NOR_1911_S7	Paired	Arabidopsis
337	28	86.NOR_1911_S7	Paired	Arabidopsis
338	32	86.NOR_1911_S7	Paired	Arabidopsis
339	30	86.NOR_1911_S7	Paired	Arabidopsis
340	34	86.NOR_1911_S7	Paired	Arabidopsis
341	30	86.NOR_1911_S7	Paired	Arabidopsis
342	28	86.NOR_1911_S7	Paired	Arabidopsis
343	33	86.NOR_1911_S7	Paired	Arabidopsis
344	25	86.NOR_1911_S7	Paired	Arabidopsis
345	31	86.NOR_1911_S7	Paired	Arabidopsis
346	30	86.NOR_1911_S7	Paired	Arabidopsis
347	18	86.NOR_1911_S7	Paired	Arabidopsis
348	30	86.NOR_1911_S7	Paired	Arabidopsis
349	23	86.NOR_1911_S7	Paired	Arabidopsis
350	18	86.NOR_1911_S7	Paired	Arabidopsis
351	30	86.NOR_1911_S7	Paired	Arabidopsis
352	24	86.NOR_1911_S7	Paired	Arabidopsis
353	16	86.NOR_1911_S7	Paired	Arabidopsis
354	19	86.NOR_1911_S7	Paired	Arabidopsis
355	22	86.NOR_1911_S7	Paired	Arabidopsis
356	24	86.NOR_1911_S7	Paired	Arabidopsis
357	16	86.NOR_1911_S7	Paired	Arabidopsis
358	3	86.NOR_1911_S7	Paired	Arabidopsis
359	3	86.NOR_1911_S7	Paired	Arabidopsis
18	7	86.NOR_1911_S7	Collapsed	Pseudomonas
19	15	86.NOR_1911_S7	Collapsed	Pseudomonas
20	20	86.NOR_1911_S7	Collapsed	Pseudomonas
21	12	86.NOR_1911_S7	Collapsed	Pseudomonas
22	8	86.NOR_1911_S7	Collapsed	Pseudomonas
23	4	86.NOR_1911_S7	Collapsed	Pseudomonas
24	2	86.NOR_1911_S7	Collapsed	Pseudomonas
25	2	86.NOR_1911_S7	Collapsed	Pseudomonas
26	6	86.NOR_1911_S7	Collapsed	Pseudomonas
27	2	86.NOR_1911_S7	Collapsed	Pseudomonas
28	5	86.NOR_1911_S7	Collapsed	Pseudomonas
29	5	86.NOR_1911_S7	Collapsed	Pseudomonas
30	6	86.NOR_1911_S7	Collapsed	Pseudomonas
31	4	86.NOR_1911_S7	Collapsed	Pseudomonas
32	6	86.NOR_1911_S7	Collapsed	Pseudomonas
33	4	86.NOR_1911_S7	Collapsed	Pseudomonas
34	3	86.NOR_1911_S7	Collapsed	Pseudomonas
35	3	86.NOR_1911_S7	Collapsed	Pseudomonas
36	4	86.NOR_1911_S7	Collapsed	Pseudomonas
37	5	86.NOR_1911_S7	Collapsed	Pseudomonas
38	8	86.NOR_1911_S7	Collapsed	Pseudomonas
39	7	86.NOR_1911_S7	Collapsed	Pseudomonas
40	16	86.NOR_1911_S7	Collapsed	Pseudomonas
41	12	86.NOR_1911_S7	Collapsed	Pseudomonas
42	11	86.NOR_1911_S7	Collapsed	Pseudomonas
43	9	86.NOR_1911_S7	Collapsed	Pseudomonas
44	7	86.NOR_1911_S7	Collapsed	Pseudomonas
45	6	86.NOR_1911_S7	Collapsed	Pseudomonas
46	16	86.NOR_1911_S7	Collapsed	Pseudomonas
47	7	86.NOR_1911_S7	Collapsed	Pseudomonas
48	13	86.NOR_1911_S7	Collapsed	Pseudomonas
49	13	86.NOR_1911_S7	Collapsed	Pseudomonas
50	18	86.NOR_1911_S7	Collapsed	Pseudomonas
51	20	86.NOR_1911_S7	Collapsed	Pseudomonas
52	17	86.NOR_1911_S7	Collapsed	Pseudomonas
53	12	86.NOR_1911_S7	Collapsed	Pseudomonas
54	26	86.NOR_1911_S7	Collapsed	Pseudomonas
55	20	86.NOR_1911_S7	Collapsed	Pseudomonas
56	24	86.NOR_1911_S7	Collapsed	Pseudomonas
57	27	86.NOR_1911_S7	Collapsed	Pseudomonas
58	38	86.NOR_1911_S7	Collapsed	Pseudomonas
59	30	86.NOR_1911_S7	Collapsed	Pseudomonas
60	42	86.NOR_1911_S7	Collapsed	Pseudomonas
61	45	86.NOR_1911_S7	Collapsed	Pseudomonas
62	39	86.NOR_1911_S7	Collapsed	Pseudomonas
63	56	86.NOR_1911_S7	Collapsed	Pseudomonas
64	57	86.NOR_1911_S7	Collapsed	Pseudomonas
65	54	86.NOR_1911_S7	Collapsed	Pseudomonas
66	66	86.NOR_1911_S7	Collapsed	Pseudomonas
67	76	86.NOR_1911_S7	Collapsed	Pseudomonas
68	77	86.NOR_1911_S7	Collapsed	Pseudomonas
69	91	86.NOR_1911_S7	Collapsed	Pseudomonas
70	99	86.NOR_1911_S7	Collapsed	Pseudomonas
71	100	86.NOR_1911_S7	Collapsed	Pseudomonas
72	115	86.NOR_1911_S7	Collapsed	Pseudomonas
73	124	86.NOR_1911_S7	Collapsed	Pseudomonas
74	115	86.NOR_1911_S7	Collapsed	Pseudomonas
75	133	86.NOR_1911_S7	Collapsed	Pseudomonas
76	167	86.NOR_1911_S7	Collapsed	Pseudomonas
77	133	86.NOR_1911_S7	Collapsed	Pseudomonas
78	167	86.NOR_1911_S7	Collapsed	Pseudomonas
79	212	86.NOR_1911_S7	Collapsed	Pseudomonas
80	199	86.NOR_1911_S7	Collapsed	Pseudomonas
81	197	86.NOR_1911_S7	Collapsed	Pseudomonas
82	210	86.NOR_1911_S7	Collapsed	Pseudomonas
83	256	86.NOR_1911_S7	Collapsed	Pseudomonas
84	245	86.NOR_1911_S7	Collapsed	Pseudomonas
85	242	86.NOR_1911_S7	Collapsed	Pseudomonas
86	261	86.NOR_1911_S7	Collapsed	Pseudomonas
87	268	86.NOR_1911_S7	Collapsed	Pseudomonas
88	266	86.NOR_1911_S7	Collapsed	Pseudomonas
89	279	86.NOR_1911_S7	Collapsed	Pseudomonas
90	294	86.NOR_1911_S7	Collapsed	Pseudomonas
91	262	86.NOR_1911_S7	Collapsed	Pseudomonas
92	303	86.NOR_1911_S7	Collapsed	Pseudomonas
93	357	86.NOR_1911_S7	Collapsed	Pseudomonas
94	362	86.NOR_1911_S7	Collapsed	Pseudomonas
95	349	86.NOR_1911_S7	Collapsed	Pseudomonas
96	342	86.NOR_1911_S7	Collapsed	Pseudomonas
97	380	86.NOR_1911_S7	Collapsed	Pseudomonas
98	403	86.NOR_1911_S7	Collapsed	Pseudomonas
99	400	86.NOR_1911_S7	Collapsed	Pseudomonas
100	407	86.NOR_1911_S7	Collapsed	Pseudomonas
101	377	86.NOR_1911_S7	Collapsed	Pseudomonas
102	385	86.NOR_1911_S7	Collapsed	Pseudomonas
103	359	86.NOR_1911_S7	Collapsed	Pseudomonas
104	404	86.NOR_1911_S7	Collapsed	Pseudomonas
105	400	86.NOR_1911_S7	Collapsed	Pseudomonas
106	400	86.NOR_1911_S7	Collapsed	Pseudomonas
107	469	86.NOR_1911_S7	Collapsed	Pseudomonas
108	420	86.NOR_1911_S7	Collapsed	Pseudomonas
109	424	86.NOR_1911_S7	Collapsed	Pseudomonas
110	439	86.NOR_1911_S7	Collapsed	Pseudomonas
111	408	86.NOR_1911_S7	Collapsed	Pseudomonas
112	418	86.NOR_1911_S7	Collapsed	Pseudomonas
113	408	86.NOR_1911_S7	Collapsed	Pseudomonas
114	449	86.NOR_1911_S7	Collapsed	Pseudomonas
115	431	86.NOR_1911_S7	Collapsed	Pseudomonas
116	394	86.NOR_1911_S7	Collapsed	Pseudomonas
117	390	86.NOR_1911_S7	Collapsed	Pseudomonas
118	445	86.NOR_1911_S7	Collapsed	Pseudomonas
119	415	86.NOR_1911_S7	Collapsed	Pseudomonas
120	456	86.NOR_1911_S7	Collapsed	Pseudomonas
121	393	86.NOR_1911_S7	Collapsed	Pseudomonas
122	404	86.NOR_1911_S7	Collapsed	Pseudomonas
123	396	86.NOR_1911_S7	Collapsed	Pseudomonas
124	443	86.NOR_1911_S7	Collapsed	Pseudomonas
125	435	86.NOR_1911_S7	Collapsed	Pseudomonas
126	437	86.NOR_1911_S7	Collapsed	Pseudomonas
127	451	86.NOR_1911_S7	Collapsed	Pseudomonas
128	444	86.NOR_1911_S7	Collapsed	Pseudomonas
129	417	86.NOR_1911_S7	Collapsed	Pseudomonas
130	435	86.NOR_1911_S7	Collapsed	Pseudomonas
131	413	86.NOR_1911_S7	Collapsed	Pseudomonas
132	444	86.NOR_1911_S7	Collapsed	Pseudomonas
133	436	86.NOR_1911_S7	Collapsed	Pseudomonas
134	443	86.NOR_1911_S7	Collapsed	Pseudomonas
135	422	86.NOR_1911_S7	Collapsed	Pseudomonas
136	403	86.NOR_1911_S7	Collapsed	Pseudomonas
137	440	86.NOR_1911_S7	Collapsed	Pseudomonas
138	390	86.NOR_1911_S7	Collapsed	Pseudomonas
139	429	86.NOR_1911_S7	Collapsed	Pseudomonas
0	1	86.NOR_1911_S7	Paired	Pseudomonas
97	1	86.NOR_1911_S7	Paired	Pseudomonas
100	1	86.NOR_1911_S7	Paired	Pseudomonas
102	3	86.NOR_1911_S7	Paired	Pseudomonas
104	1	86.NOR_1911_S7	Paired	Pseudomonas
108	4	86.NOR_1911_S7	Paired	Pseudomonas
109	3	86.NOR_1911_S7	Paired	Pseudomonas
110	3	86.NOR_1911_S7	Paired	Pseudomonas
111	2	86.NOR_1911_S7	Paired	Pseudomonas
112	4	86.NOR_1911_S7	Paired	Pseudomonas
113	1	86.NOR_1911_S7	Paired	Pseudomonas
114	2	86.NOR_1911_S7	Paired	Pseudomonas
115	2	86.NOR_1911_S7	Paired	Pseudomonas
116	2	86.NOR_1911_S7	Paired	Pseudomonas
117	1	86.NOR_1911_S7	Paired	Pseudomonas
118	3	86.NOR_1911_S7	Paired	Pseudomonas
119	6	86.NOR_1911_S7	Paired	Pseudomonas
120	3	86.NOR_1911_S7	Paired	Pseudomonas
122	1	86.NOR_1911_S7	Paired	Pseudomonas
123	4	86.NOR_1911_S7	Paired	Pseudomonas
124	5	86.NOR_1911_S7	Paired	Pseudomonas
125	6	86.NOR_1911_S7	Paired	Pseudomonas
126	10	86.NOR_1911_S7	Paired	Pseudomonas
127	8	86.NOR_1911_S7	Paired	Pseudomonas
128	4	86.NOR_1911_S7	Paired	Pseudomonas
129	17	86.NOR_1911_S7	Paired	Pseudomonas
130	11	86.NOR_1911_S7	Paired	Pseudomonas
131	15	86.NOR_1911_S7	Paired	Pseudomonas
132	14	86.NOR_1911_S7	Paired	Pseudomonas
133	16	86.NOR_1911_S7	Paired	Pseudomonas
134	17	86.NOR_1911_S7	Paired	Pseudomonas
135	17	86.NOR_1911_S7	Paired	Pseudomonas
136	20	86.NOR_1911_S7	Paired	Pseudomonas
137	23	86.NOR_1911_S7	Paired	Pseudomonas
138	21	86.NOR_1911_S7	Paired	Pseudomonas
139	33	86.NOR_1911_S7	Paired	Pseudomonas
140	489	86.NOR_1911_S7	Paired	Pseudomonas
141	478	86.NOR_1911_S7	Paired	Pseudomonas
142	457	86.NOR_1911_S7	Paired	Pseudomonas
143	448	86.NOR_1911_S7	Paired	Pseudomonas
144	444	86.NOR_1911_S7	Paired	Pseudomonas
145	451	86.NOR_1911_S7	Paired	Pseudomonas
146	425	86.NOR_1911_S7	Paired	Pseudomonas
147	426	86.NOR_1911_S7	Paired	Pseudomonas
148	453	86.NOR_1911_S7	Paired	Pseudomonas
149	453	86.NOR_1911_S7	Paired	Pseudomonas
150	436	86.NOR_1911_S7	Paired	Pseudomonas
151	435	86.NOR_1911_S7	Paired	Pseudomonas
152	385	86.NOR_1911_S7	Paired	Pseudomonas
153	405	86.NOR_1911_S7	Paired	Pseudomonas
154	410	86.NOR_1911_S7	Paired	Pseudomonas
155	410	86.NOR_1911_S7	Paired	Pseudomonas
156	442	86.NOR_1911_S7	Paired	Pseudomonas
157	395	86.NOR_1911_S7	Paired	Pseudomonas
158	367	86.NOR_1911_S7	Paired	Pseudomonas
159	423	86.NOR_1911_S7	Paired	Pseudomonas
160	382	86.NOR_1911_S7	Paired	Pseudomonas
161	380	86.NOR_1911_S7	Paired	Pseudomonas
162	404	86.NOR_1911_S7	Paired	Pseudomonas
163	405	86.NOR_1911_S7	Paired	Pseudomonas
164	366	86.NOR_1911_S7	Paired	Pseudomonas
165	361	86.NOR_1911_S7	Paired	Pseudomonas
166	422	86.NOR_1911_S7	Paired	Pseudomonas
167	391	86.NOR_1911_S7	Paired	Pseudomonas
168	367	86.NOR_1911_S7	Paired	Pseudomonas
169	372	86.NOR_1911_S7	Paired	Pseudomonas
170	331	86.NOR_1911_S7	Paired	Pseudomonas
171	341	86.NOR_1911_S7	Paired	Pseudomonas
172	345	86.NOR_1911_S7	Paired	Pseudomonas
173	350	86.NOR_1911_S7	Paired	Pseudomonas
174	375	86.NOR_1911_S7	Paired	Pseudomonas
175	373	86.NOR_1911_S7	Paired	Pseudomonas
176	322	86.NOR_1911_S7	Paired	Pseudomonas
177	307	86.NOR_1911_S7	Paired	Pseudomonas
178	337	86.NOR_1911_S7	Paired	Pseudomonas
179	304	86.NOR_1911_S7	Paired	Pseudomonas
180	359	86.NOR_1911_S7	Paired	Pseudomonas
181	336	86.NOR_1911_S7	Paired	Pseudomonas
182	320	86.NOR_1911_S7	Paired	Pseudomonas
183	320	86.NOR_1911_S7	Paired	Pseudomonas
184	289	86.NOR_1911_S7	Paired	Pseudomonas
185	354	86.NOR_1911_S7	Paired	Pseudomonas
186	325	86.NOR_1911_S7	Paired	Pseudomonas
187	316	86.NOR_1911_S7	Paired	Pseudomonas
188	310	86.NOR_1911_S7	Paired	Pseudomonas
189	288	86.NOR_1911_S7	Paired	Pseudomonas
190	297	86.NOR_1911_S7	Paired	Pseudomonas
191	311	86.NOR_1911_S7	Paired	Pseudomonas
192	275	86.NOR_1911_S7	Paired	Pseudomonas
193	295	86.NOR_1911_S7	Paired	Pseudomonas
194	302	86.NOR_1911_S7	Paired	Pseudomonas
195	285	86.NOR_1911_S7	Paired	Pseudomonas
196	280	86.NOR_1911_S7	Paired	Pseudomonas
197	288	86.NOR_1911_S7	Paired	Pseudomonas
198	265	86.NOR_1911_S7	Paired	Pseudomonas
199	230	86.NOR_1911_S7	Paired	Pseudomonas
200	271	86.NOR_1911_S7	Paired	Pseudomonas
201	269	86.NOR_1911_S7	Paired	Pseudomonas
202	292	86.NOR_1911_S7	Paired	Pseudomonas
203	260	86.NOR_1911_S7	Paired	Pseudomonas
204	220	86.NOR_1911_S7	Paired	Pseudomonas
205	286	86.NOR_1911_S7	Paired	Pseudomonas
206	260	86.NOR_1911_S7	Paired	Pseudomonas
207	237	86.NOR_1911_S7	Paired	Pseudomonas
208	252	86.NOR_1911_S7	Paired	Pseudomonas
209	259	86.NOR_1911_S7	Paired	Pseudomonas
210	249	86.NOR_1911_S7	Paired	Pseudomonas
211	213	86.NOR_1911_S7	Paired	Pseudomonas
212	227	86.NOR_1911_S7	Paired	Pseudomonas
213	231	86.NOR_1911_S7	Paired	Pseudomonas
214	231	86.NOR_1911_S7	Paired	Pseudomonas
215	227	86.NOR_1911_S7	Paired	Pseudomonas
216	243	86.NOR_1911_S7	Paired	Pseudomonas
217	233	86.NOR_1911_S7	Paired	Pseudomonas
218	199	86.NOR_1911_S7	Paired	Pseudomonas
219	216	86.NOR_1911_S7	Paired	Pseudomonas
220	204	86.NOR_1911_S7	Paired	Pseudomonas
221	217	86.NOR_1911_S7	Paired	Pseudomonas
222	203	86.NOR_1911_S7	Paired	Pseudomonas
223	197	86.NOR_1911_S7	Paired	Pseudomonas
224	211	86.NOR_1911_S7	Paired	Pseudomonas
225	195	86.NOR_1911_S7	Paired	Pseudomonas
226	200	86.NOR_1911_S7	Paired	Pseudomonas
227	197	86.NOR_1911_S7	Paired	Pseudomonas
228	168	86.NOR_1911_S7	Paired	Pseudomonas
229	202	86.NOR_1911_S7	Paired	Pseudomonas
230	161	86.NOR_1911_S7	Paired	Pseudomonas
231	175	86.NOR_1911_S7	Paired	Pseudomonas
232	173	86.NOR_1911_S7	Paired	Pseudomonas
233	174	86.NOR_1911_S7	Paired	Pseudomonas
234	171	86.NOR_1911_S7	Paired	Pseudomonas
235	169	86.NOR_1911_S7	Paired	Pseudomonas
236	172	86.NOR_1911_S7	Paired	Pseudomonas
237	165	86.NOR_1911_S7	Paired	Pseudomonas
238	160	86.NOR_1911_S7	Paired	Pseudomonas
239	167	86.NOR_1911_S7	Paired	Pseudomonas
240	146	86.NOR_1911_S7	Paired	Pseudomonas
241	158	86.NOR_1911_S7	Paired	Pseudomonas
242	147	86.NOR_1911_S7	Paired	Pseudomonas
243	136	86.NOR_1911_S7	Paired	Pseudomonas
244	166	86.NOR_1911_S7	Paired	Pseudomonas
245	142	86.NOR_1911_S7	Paired	Pseudomonas
246	143	86.NOR_1911_S7	Paired	Pseudomonas
247	137	86.NOR_1911_S7	Paired	Pseudomonas
248	134	86.NOR_1911_S7	Paired	Pseudomonas
249	116	86.NOR_1911_S7	Paired	Pseudomonas
250	131	86.NOR_1911_S7	Paired	Pseudomonas
251	128	86.NOR_1911_S7	Paired	Pseudomonas
252	125	86.NOR_1911_S7	Paired	Pseudomonas
253	118	86.NOR_1911_S7	Paired	Pseudomonas
254	111	86.NOR_1911_S7	Paired	Pseudomonas
255	107	86.NOR_1911_S7	Paired	Pseudomonas
256	124	86.NOR_1911_S7	Paired	Pseudomonas
257	119	86.NOR_1911_S7	Paired	Pseudomonas
258	92	86.NOR_1911_S7	Paired	Pseudomonas
259	128	86.NOR_1911_S7	Paired	Pseudomonas
260	96	86.NOR_1911_S7	Paired	Pseudomonas
261	98	86.NOR_1911_S7	Paired	Pseudomonas
262	92	86.NOR_1911_S7	Paired	Pseudomonas
263	88	86.NOR_1911_S7	Paired	Pseudomonas
264	119	86.NOR_1911_S7	Paired	Pseudomonas
265	89	86.NOR_1911_S7	Paired	Pseudomonas
266	114	86.NOR_1911_S7	Paired	Pseudomonas
267	93	86.NOR_1911_S7	Paired	Pseudomonas
268	85	86.NOR_1911_S7	Paired	Pseudomonas
269	72	86.NOR_1911_S7	Paired	Pseudomonas
270	87	86.NOR_1911_S7	Paired	Pseudomonas
271	75	86.NOR_1911_S7	Paired	Pseudomonas
272	67	86.NOR_1911_S7	Paired	Pseudomonas
273	90	86.NOR_1911_S7	Paired	Pseudomonas
274	72	86.NOR_1911_S7	Paired	Pseudomonas
275	68	86.NOR_1911_S7	Paired	Pseudomonas
276	65	86.NOR_1911_S7	Paired	Pseudomonas
277	67	86.NOR_1911_S7	Paired	Pseudomonas
278	68	86.NOR_1911_S7	Paired	Pseudomonas
279	61	86.NOR_1911_S7	Paired	Pseudomonas
280	54	86.NOR_1911_S7	Paired	Pseudomonas
281	52	86.NOR_1911_S7	Paired	Pseudomonas
282	68	86.NOR_1911_S7	Paired	Pseudomonas
283	47	86.NOR_1911_S7	Paired	Pseudomonas
284	48	86.NOR_1911_S7	Paired	Pseudomonas
285	43	86.NOR_1911_S7	Paired	Pseudomonas
286	45	86.NOR_1911_S7	Paired	Pseudomonas
287	52	86.NOR_1911_S7	Paired	Pseudomonas
288	42	86.NOR_1911_S7	Paired	Pseudomonas
289	48	86.NOR_1911_S7	Paired	Pseudomonas
290	54	86.NOR_1911_S7	Paired	Pseudomonas
291	32	86.NOR_1911_S7	Paired	Pseudomonas
292	38	86.NOR_1911_S7	Paired	Pseudomonas
293	33	86.NOR_1911_S7	Paired	Pseudomonas
294	34	86.NOR_1911_S7	Paired	Pseudomonas
295	38	86.NOR_1911_S7	Paired	Pseudomonas
296	36	86.NOR_1911_S7	Paired	Pseudomonas
297	33	86.NOR_1911_S7	Paired	Pseudomonas
298	29	86.NOR_1911_S7	Paired	Pseudomonas
299	43	86.NOR_1911_S7	Paired	Pseudomonas
300	26	86.NOR_1911_S7	Paired	Pseudomonas
301	26	86.NOR_1911_S7	Paired	Pseudomonas
302	29	86.NOR_1911_S7	Paired	Pseudomonas
303	28	86.NOR_1911_S7	Paired	Pseudomonas
304	25	86.NOR_1911_S7	Paired	Pseudomonas
305	28	86.NOR_1911_S7	Paired	Pseudomonas
306	20	86.NOR_1911_S7	Paired	Pseudomonas
307	21	86.NOR_1911_S7	Paired	Pseudomonas
308	13	86.NOR_1911_S7	Paired	Pseudomonas
309	19	86.NOR_1911_S7	Paired	Pseudomonas
310	20	86.NOR_1911_S7	Paired	Pseudomonas
311	13	86.NOR_1911_S7	Paired	Pseudomonas
312	13	86.NOR_1911_S7	Paired	Pseudomonas
313	32	86.NOR_1911_S7	Paired	Pseudomonas
314	17	86.NOR_1911_S7	Paired	Pseudomonas
315	13	86.NOR_1911_S7	Paired	Pseudomonas
316	16	86.NOR_1911_S7	Paired	Pseudomonas
317	8	86.NOR_1911_S7	Paired	Pseudomonas
318	14	86.NOR_1911_S7	Paired	Pseudomonas
319	7	86.NOR_1911_S7	Paired	Pseudomonas
320	10	86.NOR_1911_S7	Paired	Pseudomonas
321	12	86.NOR_1911_S7	Paired	Pseudomonas
322	10	86.NOR_1911_S7	Paired	Pseudomonas
323	6	86.NOR_1911_S7	Paired	Pseudomonas
324	11	86.NOR_1911_S7	Paired	Pseudomonas
325	9	86.NOR_1911_S7	Paired	Pseudomonas
326	12	86.NOR_1911_S7	Paired	Pseudomonas
327	9	86.NOR_1911_S7	Paired	Pseudomonas
328	5	86.NOR_1911_S7	Paired	Pseudomonas
329	10	86.NOR_1911_S7	Paired	Pseudomonas
330	6	86.NOR_1911_S7	Paired	Pseudomonas
331	4	86.NOR_1911_S7	Paired	Pseudomonas
332	4	86.NOR_1911_S7	Paired	Pseudomonas
333	4	86.NOR_1911_S7	Paired	Pseudomonas
334	4	86.NOR_1911_S7	Paired	Pseudomonas
335	2	86.NOR_1911_S7	Paired	Pseudomonas
336	8	86.NOR_1911_S7	Paired	Pseudomonas
337	7	86.NOR_1911_S7	Paired	Pseudomonas
338	5	86.NOR_1911_S7	Paired	Pseudomonas
339	6	86.NOR_1911_S7	Paired	Pseudomonas
340	6	86.NOR_1911_S7	Paired	Pseudomonas
341	2	86.NOR_1911_S7	Paired	Pseudomonas
342	2	86.NOR_1911_S7	Paired	Pseudomonas
343	4	86.NOR_1911_S7	Paired	Pseudomonas
344	1	86.NOR_1911_S7	Paired	Pseudomonas
345	2	86.NOR_1911_S7	Paired	Pseudomonas
346	3	86.NOR_1911_S7	Paired	Pseudomonas
347	2	86.NOR_1911_S7	Paired	Pseudomonas
348	4	86.NOR_1911_S7	Paired	Pseudomonas
349	1	86.NOR_1911_S7	Paired	Pseudomonas
350	3	86.NOR_1911_S7	Paired	Pseudomonas
351	6	86.NOR_1911_S7	Paired	Pseudomonas
352	2	86.NOR_1911_S7	Paired	Pseudomonas
353	6	86.NOR_1911_S7	Paired	Pseudomonas
354	1	86.NOR_1911_S7	Paired	Pseudomonas
355	7	86.NOR_1911_S7	Paired	Pseudomonas
356	4	86.NOR_1911_S7	Paired	Pseudomonas
357	1	86.NOR_1911_S7	Paired	Pseudomonas
358	2	86.NOR_1911_S7	Paired	Pseudomonas
360	1	86.NOR_1911_S7	Paired	Pseudomonas
361	1	86.NOR_1911_S7	Paired	Pseudomonas
362	2	86.NOR_1911_S7	Paired	Pseudomonas
363	1	86.NOR_1911_S7	Paired	Pseudomonas
364	2	86.NOR_1911_S7	Paired	Pseudomonas
365	2	86.NOR_1911_S7	Paired	Pseudomonas
366	1	86.NOR_1911_S7	Paired	Pseudomonas
370	1	86.NOR_1911_S7	Paired	Pseudomonas
371	1	86.NOR_1911_S7	Paired	Pseudomonas
372	1	86.NOR_1911_S7	Paired	Pseudomonas
373	1	86.NOR_1911_S7	Paired	Pseudomonas
374	1	86.NOR_1911_S7	Paired	Pseudomonas
375	1	86.NOR_1911_S7	Paired	Pseudomonas
377	1	86.NOR_1911_S7	Paired	Pseudomonas
378	1	86.NOR_1911_S7	Paired	Pseudomonas
382	2	86.NOR_1911_S7	Paired	Pseudomonas
390	2	86.NOR_1911_S7	Paired	Pseudomonas
392	1	86.NOR_1911_S7	Paired	Pseudomonas
403	1	86.NOR_1911_S7	Paired	Pseudomonas
406	1	86.NOR_1911_S7	Paired	Pseudomonas
408	1	86.NOR_1911_S7	Paired	Pseudomonas
411	1	86.NOR_1911_S7	Paired	Pseudomonas
415	1	86.NOR_1911_S7	Paired	Pseudomonas
425	1	86.NOR_1911_S7	Paired	Pseudomonas
440	1	86.NOR_1911_S7	Paired	Pseudomonas
441	1	86.NOR_1911_S7	Paired	Pseudomonas
15	131	27.ESP_1975	Collapsed	Arabidopsis
16	121	27.ESP_1975	Collapsed	Arabidopsis
17	913	27.ESP_1975	Collapsed	Arabidopsis
18	2418	27.ESP_1975	Collapsed	Arabidopsis
19	3342	27.ESP_1975	Collapsed	Arabidopsis
20	3321	27.ESP_1975	Collapsed	Arabidopsis
21	3050	27.ESP_1975	Collapsed	Arabidopsis
22	2946	27.ESP_1975	Collapsed	Arabidopsis
23	2970	27.ESP_1975	Collapsed	Arabidopsis
24	3330	27.ESP_1975	Collapsed	Arabidopsis
25	3822	27.ESP_1975	Collapsed	Arabidopsis
26	4377	27.ESP_1975	Collapsed	Arabidopsis
27	4904	27.ESP_1975	Collapsed	Arabidopsis
28	5200	27.ESP_1975	Collapsed	Arabidopsis
29	5379	27.ESP_1975	Collapsed	Arabidopsis
30	5322	27.ESP_1975	Collapsed	Arabidopsis
31	5345	27.ESP_1975	Collapsed	Arabidopsis
32	5502	27.ESP_1975	Collapsed	Arabidopsis
33	5441	27.ESP_1975	Collapsed	Arabidopsis
34	5370	27.ESP_1975	Collapsed	Arabidopsis
35	5149	27.ESP_1975	Collapsed	Arabidopsis
36	5075	27.ESP_1975	Collapsed	Arabidopsis
37	5060	27.ESP_1975	Collapsed	Arabidopsis
38	6725	27.ESP_1975	Collapsed	Arabidopsis
39	6516	27.ESP_1975	Collapsed	Arabidopsis
40	6143	27.ESP_1975	Collapsed	Arabidopsis
41	5901	27.ESP_1975	Collapsed	Arabidopsis
42	5556	27.ESP_1975	Collapsed	Arabidopsis
43	5508	27.ESP_1975	Collapsed	Arabidopsis
44	5297	27.ESP_1975	Collapsed	Arabidopsis
45	5225	27.ESP_1975	Collapsed	Arabidopsis
46	5107	27.ESP_1975	Collapsed	Arabidopsis
47	4791	27.ESP_1975	Collapsed	Arabidopsis
48	4693	27.ESP_1975	Collapsed	Arabidopsis
49	4526	27.ESP_1975	Collapsed	Arabidopsis
50	4146	27.ESP_1975	Collapsed	Arabidopsis
51	4115	27.ESP_1975	Collapsed	Arabidopsis
52	3966	27.ESP_1975	Collapsed	Arabidopsis
53	3747	27.ESP_1975	Collapsed	Arabidopsis
54	3723	27.ESP_1975	Collapsed	Arabidopsis
55	3505	27.ESP_1975	Collapsed	Arabidopsis
56	3479	27.ESP_1975	Collapsed	Arabidopsis
57	3257	27.ESP_1975	Collapsed	Arabidopsis
58	3211	27.ESP_1975	Collapsed	Arabidopsis
59	3266	27.ESP_1975	Collapsed	Arabidopsis
60	3049	27.ESP_1975	Collapsed	Arabidopsis
61	2852	27.ESP_1975	Collapsed	Arabidopsis
62	2612	27.ESP_1975	Collapsed	Arabidopsis
63	2618	27.ESP_1975	Collapsed	Arabidopsis
64	3199	27.ESP_1975	Collapsed	Arabidopsis
65	3045	27.ESP_1975	Collapsed	Arabidopsis
66	3032	27.ESP_1975	Collapsed	Arabidopsis
67	2925	27.ESP_1975	Collapsed	Arabidopsis
68	2805	27.ESP_1975	Collapsed	Arabidopsis
69	2796	27.ESP_1975	Collapsed	Arabidopsis
70	2675	27.ESP_1975	Collapsed	Arabidopsis
71	2590	27.ESP_1975	Collapsed	Arabidopsis
72	2523	27.ESP_1975	Collapsed	Arabidopsis
73	2456	27.ESP_1975	Collapsed	Arabidopsis
74	2410	27.ESP_1975	Collapsed	Arabidopsis
75	2360	27.ESP_1975	Collapsed	Arabidopsis
76	2309	27.ESP_1975	Collapsed	Arabidopsis
77	2201	27.ESP_1975	Collapsed	Arabidopsis
78	2137	27.ESP_1975	Collapsed	Arabidopsis
79	2109	27.ESP_1975	Collapsed	Arabidopsis
80	2073	27.ESP_1975	Collapsed	Arabidopsis
81	2035	27.ESP_1975	Collapsed	Arabidopsis
82	1905	27.ESP_1975	Collapsed	Arabidopsis
83	1849	27.ESP_1975	Collapsed	Arabidopsis
84	1868	27.ESP_1975	Collapsed	Arabidopsis
85	1824	27.ESP_1975	Collapsed	Arabidopsis
86	1740	27.ESP_1975	Collapsed	Arabidopsis
87	1745	27.ESP_1975	Collapsed	Arabidopsis
88	1768	27.ESP_1975	Collapsed	Arabidopsis
89	1712	27.ESP_1975	Collapsed	Arabidopsis
90	1672	27.ESP_1975	Collapsed	Arabidopsis
91	1635	27.ESP_1975	Collapsed	Arabidopsis
92	1695	27.ESP_1975	Collapsed	Arabidopsis
93	1916	27.ESP_1975	Collapsed	Arabidopsis
94	1886	27.ESP_1975	Collapsed	Arabidopsis
95	1916	27.ESP_1975	Collapsed	Arabidopsis
96	1847	27.ESP_1975	Collapsed	Arabidopsis
97	1797	27.ESP_1975	Collapsed	Arabidopsis
98	1778	27.ESP_1975	Collapsed	Arabidopsis
99	1739	27.ESP_1975	Collapsed	Arabidopsis
100	1726	27.ESP_1975	Collapsed	Arabidopsis
101	1733	27.ESP_1975	Collapsed	Arabidopsis
102	1667	27.ESP_1975	Collapsed	Arabidopsis
103	1650	27.ESP_1975	Collapsed	Arabidopsis
104	1726	27.ESP_1975	Collapsed	Arabidopsis
105	1682	27.ESP_1975	Collapsed	Arabidopsis
106	1607	27.ESP_1975	Collapsed	Arabidopsis
107	1650	27.ESP_1975	Collapsed	Arabidopsis
108	1644	27.ESP_1975	Collapsed	Arabidopsis
109	1628	27.ESP_1975	Collapsed	Arabidopsis
110	1585	27.ESP_1975	Collapsed	Arabidopsis
111	1620	27.ESP_1975	Collapsed	Arabidopsis
112	1594	27.ESP_1975	Collapsed	Arabidopsis
113	1579	27.ESP_1975	Collapsed	Arabidopsis
114	1587	27.ESP_1975	Collapsed	Arabidopsis
115	1552	27.ESP_1975	Collapsed	Arabidopsis
116	1557	27.ESP_1975	Collapsed	Arabidopsis
117	1551	27.ESP_1975	Collapsed	Arabidopsis
118	1557	27.ESP_1975	Collapsed	Arabidopsis
119	1499	27.ESP_1975	Collapsed	Arabidopsis
120	1518	27.ESP_1975	Collapsed	Arabidopsis
121	1522	27.ESP_1975	Collapsed	Arabidopsis
122	1496	27.ESP_1975	Collapsed	Arabidopsis
123	1461	27.ESP_1975	Collapsed	Arabidopsis
124	1694	27.ESP_1975	Collapsed	Arabidopsis
125	1607	27.ESP_1975	Collapsed	Arabidopsis
126	1573	27.ESP_1975	Collapsed	Arabidopsis
127	1601	27.ESP_1975	Collapsed	Arabidopsis
128	1667	27.ESP_1975	Collapsed	Arabidopsis
129	1597	27.ESP_1975	Collapsed	Arabidopsis
130	1545	27.ESP_1975	Collapsed	Arabidopsis
131	1661	27.ESP_1975	Collapsed	Arabidopsis
132	1564	27.ESP_1975	Collapsed	Arabidopsis
133	1553	27.ESP_1975	Collapsed	Arabidopsis
134	1586	27.ESP_1975	Collapsed	Arabidopsis
135	1531	27.ESP_1975	Collapsed	Arabidopsis
136	1483	27.ESP_1975	Collapsed	Arabidopsis
137	1561	27.ESP_1975	Collapsed	Arabidopsis
138	1520	27.ESP_1975	Collapsed	Arabidopsis
139	1458	27.ESP_1975	Collapsed	Arabidopsis
140	505	27.ESP_1975	Collapsed	Arabidopsis
141	456	27.ESP_1975	Collapsed	Arabidopsis
142	482	27.ESP_1975	Collapsed	Arabidopsis
143	451	27.ESP_1975	Collapsed	Arabidopsis
144	475	27.ESP_1975	Collapsed	Arabidopsis
145	434	27.ESP_1975	Collapsed	Arabidopsis
146	448	27.ESP_1975	Collapsed	Arabidopsis
147	415	27.ESP_1975	Collapsed	Arabidopsis
148	423	27.ESP_1975	Collapsed	Arabidopsis
149	420	27.ESP_1975	Collapsed	Arabidopsis
150	373	27.ESP_1975	Collapsed	Arabidopsis
151	388	27.ESP_1975	Collapsed	Arabidopsis
152	369	27.ESP_1975	Collapsed	Arabidopsis
153	357	27.ESP_1975	Collapsed	Arabidopsis
154	345	27.ESP_1975	Collapsed	Arabidopsis
155	335	27.ESP_1975	Collapsed	Arabidopsis
156	346	27.ESP_1975	Collapsed	Arabidopsis
157	398	27.ESP_1975	Collapsed	Arabidopsis
158	373	27.ESP_1975	Collapsed	Arabidopsis
159	352	27.ESP_1975	Collapsed	Arabidopsis
160	382	27.ESP_1975	Collapsed	Arabidopsis
161	360	27.ESP_1975	Collapsed	Arabidopsis
162	313	27.ESP_1975	Collapsed	Arabidopsis
163	328	27.ESP_1975	Collapsed	Arabidopsis
164	338	27.ESP_1975	Collapsed	Arabidopsis
165	331	27.ESP_1975	Collapsed	Arabidopsis
166	326	27.ESP_1975	Collapsed	Arabidopsis
167	302	27.ESP_1975	Collapsed	Arabidopsis
168	287	27.ESP_1975	Collapsed	Arabidopsis
169	292	27.ESP_1975	Collapsed	Arabidopsis
170	289	27.ESP_1975	Collapsed	Arabidopsis
171	287	27.ESP_1975	Collapsed	Arabidopsis
172	257	27.ESP_1975	Collapsed	Arabidopsis
173	274	27.ESP_1975	Collapsed	Arabidopsis
174	274	27.ESP_1975	Collapsed	Arabidopsis
175	255	27.ESP_1975	Collapsed	Arabidopsis
176	284	27.ESP_1975	Collapsed	Arabidopsis
177	265	27.ESP_1975	Collapsed	Arabidopsis
178	231	27.ESP_1975	Collapsed	Arabidopsis
179	266	27.ESP_1975	Collapsed	Arabidopsis
180	252	27.ESP_1975	Collapsed	Arabidopsis
181	227	27.ESP_1975	Collapsed	Arabidopsis
182	241	27.ESP_1975	Collapsed	Arabidopsis
183	216	27.ESP_1975	Collapsed	Arabidopsis
184	198	27.ESP_1975	Collapsed	Arabidopsis
185	234	27.ESP_1975	Collapsed	Arabidopsis
186	257	27.ESP_1975	Collapsed	Arabidopsis
187	223	27.ESP_1975	Collapsed	Arabidopsis
188	188	27.ESP_1975	Collapsed	Arabidopsis
189	211	27.ESP_1975	Collapsed	Arabidopsis
63	2	27.ESP_1975	Paired	Arabidopsis
77	1	27.ESP_1975	Paired	Arabidopsis
83	1	27.ESP_1975	Paired	Arabidopsis
87	1	27.ESP_1975	Paired	Arabidopsis
95	6	27.ESP_1975	Paired	Arabidopsis
96	7	27.ESP_1975	Paired	Arabidopsis
97	6	27.ESP_1975	Paired	Arabidopsis
98	9	27.ESP_1975	Paired	Arabidopsis
99	12	27.ESP_1975	Paired	Arabidopsis
100	14	27.ESP_1975	Paired	Arabidopsis
101	14	27.ESP_1975	Paired	Arabidopsis
102	18	27.ESP_1975	Paired	Arabidopsis
103	21	27.ESP_1975	Paired	Arabidopsis
104	32	27.ESP_1975	Paired	Arabidopsis
105	20	27.ESP_1975	Paired	Arabidopsis
106	25	27.ESP_1975	Paired	Arabidopsis
107	34	27.ESP_1975	Paired	Arabidopsis
108	37	27.ESP_1975	Paired	Arabidopsis
109	34	27.ESP_1975	Paired	Arabidopsis
110	53	27.ESP_1975	Paired	Arabidopsis
111	36	27.ESP_1975	Paired	Arabidopsis
112	46	27.ESP_1975	Paired	Arabidopsis
113	37	27.ESP_1975	Paired	Arabidopsis
114	54	27.ESP_1975	Paired	Arabidopsis
115	46	27.ESP_1975	Paired	Arabidopsis
116	53	27.ESP_1975	Paired	Arabidopsis
117	69	27.ESP_1975	Paired	Arabidopsis
118	61	27.ESP_1975	Paired	Arabidopsis
119	75	27.ESP_1975	Paired	Arabidopsis
120	78	27.ESP_1975	Paired	Arabidopsis
121	85	27.ESP_1975	Paired	Arabidopsis
122	77	27.ESP_1975	Paired	Arabidopsis
123	90	27.ESP_1975	Paired	Arabidopsis
124	89	27.ESP_1975	Paired	Arabidopsis
125	86	27.ESP_1975	Paired	Arabidopsis
126	108	27.ESP_1975	Paired	Arabidopsis
127	114	27.ESP_1975	Paired	Arabidopsis
128	112	27.ESP_1975	Paired	Arabidopsis
129	142	27.ESP_1975	Paired	Arabidopsis
130	147	27.ESP_1975	Paired	Arabidopsis
131	181	27.ESP_1975	Paired	Arabidopsis
132	180	27.ESP_1975	Paired	Arabidopsis
133	183	27.ESP_1975	Paired	Arabidopsis
134	218	27.ESP_1975	Paired	Arabidopsis
135	237	27.ESP_1975	Paired	Arabidopsis
136	221	27.ESP_1975	Paired	Arabidopsis
137	276	27.ESP_1975	Paired	Arabidopsis
138	291	27.ESP_1975	Paired	Arabidopsis
139	364	27.ESP_1975	Paired	Arabidopsis
140	1356	27.ESP_1975	Paired	Arabidopsis
141	1459	27.ESP_1975	Paired	Arabidopsis
142	1484	27.ESP_1975	Paired	Arabidopsis
143	1474	27.ESP_1975	Paired	Arabidopsis
144	1345	27.ESP_1975	Paired	Arabidopsis
145	1402	27.ESP_1975	Paired	Arabidopsis
146	1502	27.ESP_1975	Paired	Arabidopsis
147	1492	27.ESP_1975	Paired	Arabidopsis
148	1405	27.ESP_1975	Paired	Arabidopsis
149	1490	27.ESP_1975	Paired	Arabidopsis
150	1485	27.ESP_1975	Paired	Arabidopsis
151	1469	27.ESP_1975	Paired	Arabidopsis
152	1527	27.ESP_1975	Paired	Arabidopsis
153	1469	27.ESP_1975	Paired	Arabidopsis
154	1595	27.ESP_1975	Paired	Arabidopsis
155	1515	27.ESP_1975	Paired	Arabidopsis
156	1505	27.ESP_1975	Paired	Arabidopsis
157	1437	27.ESP_1975	Paired	Arabidopsis
158	1527	27.ESP_1975	Paired	Arabidopsis
159	1541	27.ESP_1975	Paired	Arabidopsis
160	1573	27.ESP_1975	Paired	Arabidopsis
161	1558	27.ESP_1975	Paired	Arabidopsis
162	1550	27.ESP_1975	Paired	Arabidopsis
163	1584	27.ESP_1975	Paired	Arabidopsis
164	1599	27.ESP_1975	Paired	Arabidopsis
165	1523	27.ESP_1975	Paired	Arabidopsis
166	1586	27.ESP_1975	Paired	Arabidopsis
167	1557	27.ESP_1975	Paired	Arabidopsis
168	1574	27.ESP_1975	Paired	Arabidopsis
169	1555	27.ESP_1975	Paired	Arabidopsis
170	1507	27.ESP_1975	Paired	Arabidopsis
171	1597	27.ESP_1975	Paired	Arabidopsis
172	1606	27.ESP_1975	Paired	Arabidopsis
173	1596	27.ESP_1975	Paired	Arabidopsis
174	1651	27.ESP_1975	Paired	Arabidopsis
175	1564	27.ESP_1975	Paired	Arabidopsis
176	1584	27.ESP_1975	Paired	Arabidopsis
177	1628	27.ESP_1975	Paired	Arabidopsis
178	1710	27.ESP_1975	Paired	Arabidopsis
179	1684	27.ESP_1975	Paired	Arabidopsis
180	1685	27.ESP_1975	Paired	Arabidopsis
181	1643	27.ESP_1975	Paired	Arabidopsis
182	1632	27.ESP_1975	Paired	Arabidopsis
183	1570	27.ESP_1975	Paired	Arabidopsis
184	1625	27.ESP_1975	Paired	Arabidopsis
185	1675	27.ESP_1975	Paired	Arabidopsis
186	1716	27.ESP_1975	Paired	Arabidopsis
187	1659	27.ESP_1975	Paired	Arabidopsis
188	1722	27.ESP_1975	Paired	Arabidopsis
189	1689	27.ESP_1975	Paired	Arabidopsis
190	1938	27.ESP_1975	Paired	Arabidopsis
191	1904	27.ESP_1975	Paired	Arabidopsis
192	1946	27.ESP_1975	Paired	Arabidopsis
193	1954	27.ESP_1975	Paired	Arabidopsis
194	1913	27.ESP_1975	Paired	Arabidopsis
195	1842	27.ESP_1975	Paired	Arabidopsis
196	1879	27.ESP_1975	Paired	Arabidopsis
197	1936	27.ESP_1975	Paired	Arabidopsis
198	1888	27.ESP_1975	Paired	Arabidopsis
199	1831	27.ESP_1975	Paired	Arabidopsis
200	1989	27.ESP_1975	Paired	Arabidopsis
201	1772	27.ESP_1975	Paired	Arabidopsis
202	1897	27.ESP_1975	Paired	Arabidopsis
203	1945	27.ESP_1975	Paired	Arabidopsis
204	1899	27.ESP_1975	Paired	Arabidopsis
205	1890	27.ESP_1975	Paired	Arabidopsis
206	1856	27.ESP_1975	Paired	Arabidopsis
207	1835	27.ESP_1975	Paired	Arabidopsis
208	1802	27.ESP_1975	Paired	Arabidopsis
209	2000	27.ESP_1975	Paired	Arabidopsis
210	1792	27.ESP_1975	Paired	Arabidopsis
211	1722	27.ESP_1975	Paired	Arabidopsis
212	1856	27.ESP_1975	Paired	Arabidopsis
213	1823	27.ESP_1975	Paired	Arabidopsis
214	1900	27.ESP_1975	Paired	Arabidopsis
215	1805	27.ESP_1975	Paired	Arabidopsis
216	1781	27.ESP_1975	Paired	Arabidopsis
217	1826	27.ESP_1975	Paired	Arabidopsis
218	1782	27.ESP_1975	Paired	Arabidopsis
219	1692	27.ESP_1975	Paired	Arabidopsis
220	1783	27.ESP_1975	Paired	Arabidopsis
221	1730	27.ESP_1975	Paired	Arabidopsis
222	1776	27.ESP_1975	Paired	Arabidopsis
223	1726	27.ESP_1975	Paired	Arabidopsis
224	1721	27.ESP_1975	Paired	Arabidopsis
225	1743	27.ESP_1975	Paired	Arabidopsis
226	1767	27.ESP_1975	Paired	Arabidopsis
227	1727	27.ESP_1975	Paired	Arabidopsis
228	1674	27.ESP_1975	Paired	Arabidopsis
229	1670	27.ESP_1975	Paired	Arabidopsis
230	1677	27.ESP_1975	Paired	Arabidopsis
231	1734	27.ESP_1975	Paired	Arabidopsis
232	1674	27.ESP_1975	Paired	Arabidopsis
233	1622	27.ESP_1975	Paired	Arabidopsis
234	1609	27.ESP_1975	Paired	Arabidopsis
235	1710	27.ESP_1975	Paired	Arabidopsis
236	1667	27.ESP_1975	Paired	Arabidopsis
237	1619	27.ESP_1975	Paired	Arabidopsis
238	1632	27.ESP_1975	Paired	Arabidopsis
239	1616	27.ESP_1975	Paired	Arabidopsis
240	1614	27.ESP_1975	Paired	Arabidopsis
241	1535	27.ESP_1975	Paired	Arabidopsis
242	1586	27.ESP_1975	Paired	Arabidopsis
243	1597	27.ESP_1975	Paired	Arabidopsis
244	1549	27.ESP_1975	Paired	Arabidopsis
245	1519	27.ESP_1975	Paired	Arabidopsis
246	1499	27.ESP_1975	Paired	Arabidopsis
247	1547	27.ESP_1975	Paired	Arabidopsis
248	1555	27.ESP_1975	Paired	Arabidopsis
249	1486	27.ESP_1975	Paired	Arabidopsis
250	1491	27.ESP_1975	Paired	Arabidopsis
251	1505	27.ESP_1975	Paired	Arabidopsis
252	1378	27.ESP_1975	Paired	Arabidopsis
253	1433	27.ESP_1975	Paired	Arabidopsis
254	1435	27.ESP_1975	Paired	Arabidopsis
255	1463	27.ESP_1975	Paired	Arabidopsis
256	1458	27.ESP_1975	Paired	Arabidopsis
257	1383	27.ESP_1975	Paired	Arabidopsis
258	1448	27.ESP_1975	Paired	Arabidopsis
259	1356	27.ESP_1975	Paired	Arabidopsis
260	1352	27.ESP_1975	Paired	Arabidopsis
261	1369	27.ESP_1975	Paired	Arabidopsis
262	1348	27.ESP_1975	Paired	Arabidopsis
263	1337	27.ESP_1975	Paired	Arabidopsis
264	1295	27.ESP_1975	Paired	Arabidopsis
265	1338	27.ESP_1975	Paired	Arabidopsis
266	1314	27.ESP_1975	Paired	Arabidopsis
267	1376	27.ESP_1975	Paired	Arabidopsis
268	1341	27.ESP_1975	Paired	Arabidopsis
269	1254	27.ESP_1975	Paired	Arabidopsis
270	1332	27.ESP_1975	Paired	Arabidopsis
271	1307	27.ESP_1975	Paired	Arabidopsis
272	1280	27.ESP_1975	Paired	Arabidopsis
273	1224	27.ESP_1975	Paired	Arabidopsis
274	1261	27.ESP_1975	Paired	Arabidopsis
275	1231	27.ESP_1975	Paired	Arabidopsis
276	1207	27.ESP_1975	Paired	Arabidopsis
277	1202	27.ESP_1975	Paired	Arabidopsis
278	1196	27.ESP_1975	Paired	Arabidopsis
279	1232	27.ESP_1975	Paired	Arabidopsis
280	1285	27.ESP_1975	Paired	Arabidopsis
281	1157	27.ESP_1975	Paired	Arabidopsis
282	1131	27.ESP_1975	Paired	Arabidopsis
283	1099	27.ESP_1975	Paired	Arabidopsis
284	1141	27.ESP_1975	Paired	Arabidopsis
285	1065	27.ESP_1975	Paired	Arabidopsis
286	1086	27.ESP_1975	Paired	Arabidopsis
287	1054	27.ESP_1975	Paired	Arabidopsis
288	1088	27.ESP_1975	Paired	Arabidopsis
289	1098	27.ESP_1975	Paired	Arabidopsis
290	1060	27.ESP_1975	Paired	Arabidopsis
291	1051	27.ESP_1975	Paired	Arabidopsis
292	1054	27.ESP_1975	Paired	Arabidopsis
293	1037	27.ESP_1975	Paired	Arabidopsis
294	1023	27.ESP_1975	Paired	Arabidopsis
295	1021	27.ESP_1975	Paired	Arabidopsis
296	973	27.ESP_1975	Paired	Arabidopsis
297	990	27.ESP_1975	Paired	Arabidopsis
298	1005	27.ESP_1975	Paired	Arabidopsis
299	1021	27.ESP_1975	Paired	Arabidopsis
300	970	27.ESP_1975	Paired	Arabidopsis
301	976	27.ESP_1975	Paired	Arabidopsis
302	940	27.ESP_1975	Paired	Arabidopsis
303	975	27.ESP_1975	Paired	Arabidopsis
304	928	27.ESP_1975	Paired	Arabidopsis
305	917	27.ESP_1975	Paired	Arabidopsis
306	879	27.ESP_1975	Paired	Arabidopsis
307	880	27.ESP_1975	Paired	Arabidopsis
308	890	27.ESP_1975	Paired	Arabidopsis
309	886	27.ESP_1975	Paired	Arabidopsis
310	848	27.ESP_1975	Paired	Arabidopsis
311	851	27.ESP_1975	Paired	Arabidopsis
312	865	27.ESP_1975	Paired	Arabidopsis
313	887	27.ESP_1975	Paired	Arabidopsis
314	861	27.ESP_1975	Paired	Arabidopsis
315	800	27.ESP_1975	Paired	Arabidopsis
316	795	27.ESP_1975	Paired	Arabidopsis
317	817	27.ESP_1975	Paired	Arabidopsis
318	808	27.ESP_1975	Paired	Arabidopsis
319	819	27.ESP_1975	Paired	Arabidopsis
320	747	27.ESP_1975	Paired	Arabidopsis
321	815	27.ESP_1975	Paired	Arabidopsis
322	776	27.ESP_1975	Paired	Arabidopsis
323	812	27.ESP_1975	Paired	Arabidopsis
324	740	27.ESP_1975	Paired	Arabidopsis
325	742	27.ESP_1975	Paired	Arabidopsis
326	700	27.ESP_1975	Paired	Arabidopsis
327	716	27.ESP_1975	Paired	Arabidopsis
328	765	27.ESP_1975	Paired	Arabidopsis
329	705	27.ESP_1975	Paired	Arabidopsis
330	700	27.ESP_1975	Paired	Arabidopsis
331	703	27.ESP_1975	Paired	Arabidopsis
332	678	27.ESP_1975	Paired	Arabidopsis
333	699	27.ESP_1975	Paired	Arabidopsis
334	713	27.ESP_1975	Paired	Arabidopsis
335	691	27.ESP_1975	Paired	Arabidopsis
336	636	27.ESP_1975	Paired	Arabidopsis
337	720	27.ESP_1975	Paired	Arabidopsis
338	694	27.ESP_1975	Paired	Arabidopsis
339	632	27.ESP_1975	Paired	Arabidopsis
340	661	27.ESP_1975	Paired	Arabidopsis
341	595	27.ESP_1975	Paired	Arabidopsis
342	620	27.ESP_1975	Paired	Arabidopsis
343	594	27.ESP_1975	Paired	Arabidopsis
344	598	27.ESP_1975	Paired	Arabidopsis
345	621	27.ESP_1975	Paired	Arabidopsis
346	614	27.ESP_1975	Paired	Arabidopsis
347	578	27.ESP_1975	Paired	Arabidopsis
348	574	27.ESP_1975	Paired	Arabidopsis
349	604	27.ESP_1975	Paired	Arabidopsis
350	573	27.ESP_1975	Paired	Arabidopsis
351	575	27.ESP_1975	Paired	Arabidopsis
352	574	27.ESP_1975	Paired	Arabidopsis
353	587	27.ESP_1975	Paired	Arabidopsis
354	540	27.ESP_1975	Paired	Arabidopsis
355	551	27.ESP_1975	Paired	Arabidopsis
356	547	27.ESP_1975	Paired	Arabidopsis
357	554	27.ESP_1975	Paired	Arabidopsis
358	502	27.ESP_1975	Paired	Arabidopsis
359	492	27.ESP_1975	Paired	Arabidopsis
360	544	27.ESP_1975	Paired	Arabidopsis
361	542	27.ESP_1975	Paired	Arabidopsis
362	502	27.ESP_1975	Paired	Arabidopsis
363	467	27.ESP_1975	Paired	Arabidopsis
364	505	27.ESP_1975	Paired	Arabidopsis
365	498	27.ESP_1975	Paired	Arabidopsis
366	517	27.ESP_1975	Paired	Arabidopsis
367	495	27.ESP_1975	Paired	Arabidopsis
368	537	27.ESP_1975	Paired	Arabidopsis
369	514	27.ESP_1975	Paired	Arabidopsis
370	448	27.ESP_1975	Paired	Arabidopsis
371	516	27.ESP_1975	Paired	Arabidopsis
372	492	27.ESP_1975	Paired	Arabidopsis
373	469	27.ESP_1975	Paired	Arabidopsis
374	445	27.ESP_1975	Paired	Arabidopsis
375	462	27.ESP_1975	Paired	Arabidopsis
376	463	27.ESP_1975	Paired	Arabidopsis
377	447	27.ESP_1975	Paired	Arabidopsis
378	494	27.ESP_1975	Paired	Arabidopsis
379	453	27.ESP_1975	Paired	Arabidopsis
380	413	27.ESP_1975	Paired	Arabidopsis
381	407	27.ESP_1975	Paired	Arabidopsis
382	419	27.ESP_1975	Paired	Arabidopsis
383	423	27.ESP_1975	Paired	Arabidopsis
384	396	27.ESP_1975	Paired	Arabidopsis
385	416	27.ESP_1975	Paired	Arabidopsis
386	386	27.ESP_1975	Paired	Arabidopsis
387	391	27.ESP_1975	Paired	Arabidopsis
388	391	27.ESP_1975	Paired	Arabidopsis
389	401	27.ESP_1975	Paired	Arabidopsis
390	370	27.ESP_1975	Paired	Arabidopsis
391	386	27.ESP_1975	Paired	Arabidopsis
392	349	27.ESP_1975	Paired	Arabidopsis
393	381	27.ESP_1975	Paired	Arabidopsis
394	339	27.ESP_1975	Paired	Arabidopsis
395	358	27.ESP_1975	Paired	Arabidopsis
396	358	27.ESP_1975	Paired	Arabidopsis
397	369	27.ESP_1975	Paired	Arabidopsis
398	362	27.ESP_1975	Paired	Arabidopsis
399	333	27.ESP_1975	Paired	Arabidopsis
400	334	27.ESP_1975	Paired	Arabidopsis
401	360	27.ESP_1975	Paired	Arabidopsis
402	321	27.ESP_1975	Paired	Arabidopsis
403	376	27.ESP_1975	Paired	Arabidopsis
404	340	27.ESP_1975	Paired	Arabidopsis
405	335	27.ESP_1975	Paired	Arabidopsis
406	321	27.ESP_1975	Paired	Arabidopsis
407	357	27.ESP_1975	Paired	Arabidopsis
408	318	27.ESP_1975	Paired	Arabidopsis
409	330	27.ESP_1975	Paired	Arabidopsis
410	312	27.ESP_1975	Paired	Arabidopsis
411	304	27.ESP_1975	Paired	Arabidopsis
412	313	27.ESP_1975	Paired	Arabidopsis
413	296	27.ESP_1975	Paired	Arabidopsis
414	307	27.ESP_1975	Paired	Arabidopsis
415	341	27.ESP_1975	Paired	Arabidopsis
416	325	27.ESP_1975	Paired	Arabidopsis
417	318	27.ESP_1975	Paired	Arabidopsis
418	331	27.ESP_1975	Paired	Arabidopsis
419	275	27.ESP_1975	Paired	Arabidopsis
420	317	27.ESP_1975	Paired	Arabidopsis
421	269	27.ESP_1975	Paired	Arabidopsis
422	259	27.ESP_1975	Paired	Arabidopsis
423	302	27.ESP_1975	Paired	Arabidopsis
424	265	27.ESP_1975	Paired	Arabidopsis
425	259	27.ESP_1975	Paired	Arabidopsis
426	260	27.ESP_1975	Paired	Arabidopsis
427	268	27.ESP_1975	Paired	Arabidopsis
428	233	27.ESP_1975	Paired	Arabidopsis
429	221	27.ESP_1975	Paired	Arabidopsis
430	279	27.ESP_1975	Paired	Arabidopsis
431	246	27.ESP_1975	Paired	Arabidopsis
432	246	27.ESP_1975	Paired	Arabidopsis
433	234	27.ESP_1975	Paired	Arabidopsis
434	235	27.ESP_1975	Paired	Arabidopsis
435	279	27.ESP_1975	Paired	Arabidopsis
436	250	27.ESP_1975	Paired	Arabidopsis
437	240	27.ESP_1975	Paired	Arabidopsis
438	225	27.ESP_1975	Paired	Arabidopsis
439	252	27.ESP_1975	Paired	Arabidopsis
440	220	27.ESP_1975	Paired	Arabidopsis
441	205	27.ESP_1975	Paired	Arabidopsis
442	209	27.ESP_1975	Paired	Arabidopsis
443	200	27.ESP_1975	Paired	Arabidopsis
444	230	27.ESP_1975	Paired	Arabidopsis
445	222	27.ESP_1975	Paired	Arabidopsis
446	194	27.ESP_1975	Paired	Arabidopsis
447	222	27.ESP_1975	Paired	Arabidopsis
448	196	27.ESP_1975	Paired	Arabidopsis
449	213	27.ESP_1975	Paired	Arabidopsis
450	219	27.ESP_1975	Paired	Arabidopsis
451	217	27.ESP_1975	Paired	Arabidopsis
452	182	27.ESP_1975	Paired	Arabidopsis
453	218	27.ESP_1975	Paired	Arabidopsis
454	200	27.ESP_1975	Paired	Arabidopsis
455	183	27.ESP_1975	Paired	Arabidopsis
456	174	27.ESP_1975	Paired	Arabidopsis
457	188	27.ESP_1975	Paired	Arabidopsis
458	176	27.ESP_1975	Paired	Arabidopsis
459	161	27.ESP_1975	Paired	Arabidopsis
460	191	27.ESP_1975	Paired	Arabidopsis
461	175	27.ESP_1975	Paired	Arabidopsis
462	174	27.ESP_1975	Paired	Arabidopsis
463	183	27.ESP_1975	Paired	Arabidopsis
464	197	27.ESP_1975	Paired	Arabidopsis
465	161	27.ESP_1975	Paired	Arabidopsis
466	185	27.ESP_1975	Paired	Arabidopsis
467	183	27.ESP_1975	Paired	Arabidopsis
468	163	27.ESP_1975	Paired	Arabidopsis
469	190	27.ESP_1975	Paired	Arabidopsis
470	164	27.ESP_1975	Paired	Arabidopsis
471	172	27.ESP_1975	Paired	Arabidopsis
472	174	27.ESP_1975	Paired	Arabidopsis
473	168	27.ESP_1975	Paired	Arabidopsis
474	150	27.ESP_1975	Paired	Arabidopsis
475	150	27.ESP_1975	Paired	Arabidopsis
476	138	27.ESP_1975	Paired	Arabidopsis
477	164	27.ESP_1975	Paired	Arabidopsis
478	137	27.ESP_1975	Paired	Arabidopsis
479	164	27.ESP_1975	Paired	Arabidopsis
480	129	27.ESP_1975	Paired	Arabidopsis
481	143	27.ESP_1975	Paired	Arabidopsis
482	135	27.ESP_1975	Paired	Arabidopsis
483	141	27.ESP_1975	Paired	Arabidopsis
484	137	27.ESP_1975	Paired	Arabidopsis
485	132	27.ESP_1975	Paired	Arabidopsis
486	146	27.ESP_1975	Paired	Arabidopsis
487	140	27.ESP_1975	Paired	Arabidopsis
488	118	27.ESP_1975	Paired	Arabidopsis
489	143	27.ESP_1975	Paired	Arabidopsis
490	143	27.ESP_1975	Paired	Arabidopsis
491	147	27.ESP_1975	Paired	Arabidopsis
492	118	27.ESP_1975	Paired	Arabidopsis
493	152	27.ESP_1975	Paired	Arabidopsis
494	130	27.ESP_1975	Paired	Arabidopsis
495	120	27.ESP_1975	Paired	Arabidopsis
496	106	27.ESP_1975	Paired	Arabidopsis
497	130	27.ESP_1975	Paired	Arabidopsis
498	101	27.ESP_1975	Paired	Arabidopsis
499	124	27.ESP_1975	Paired	Arabidopsis
500	123	27.ESP_1975	Paired	Arabidopsis
501	125	27.ESP_1975	Paired	Arabidopsis
502	127	27.ESP_1975	Paired	Arabidopsis
503	96	27.ESP_1975	Paired	Arabidopsis
504	130	27.ESP_1975	Paired	Arabidopsis
505	114	27.ESP_1975	Paired	Arabidopsis
506	126	27.ESP_1975	Paired	Arabidopsis
507	99	27.ESP_1975	Paired	Arabidopsis
508	86	27.ESP_1975	Paired	Arabidopsis
509	108	27.ESP_1975	Paired	Arabidopsis
510	109	27.ESP_1975	Paired	Arabidopsis
511	121	27.ESP_1975	Paired	Arabidopsis
512	101	27.ESP_1975	Paired	Arabidopsis
513	113	27.ESP_1975	Paired	Arabidopsis
514	108	27.ESP_1975	Paired	Arabidopsis
515	99	27.ESP_1975	Paired	Arabidopsis
516	93	27.ESP_1975	Paired	Arabidopsis
517	116	27.ESP_1975	Paired	Arabidopsis
518	112	27.ESP_1975	Paired	Arabidopsis
519	99	27.ESP_1975	Paired	Arabidopsis
520	103	27.ESP_1975	Paired	Arabidopsis
521	118	27.ESP_1975	Paired	Arabidopsis
522	100	27.ESP_1975	Paired	Arabidopsis
523	106	27.ESP_1975	Paired	Arabidopsis
524	101	27.ESP_1975	Paired	Arabidopsis
525	90	27.ESP_1975	Paired	Arabidopsis
526	106	27.ESP_1975	Paired	Arabidopsis
527	113	27.ESP_1975	Paired	Arabidopsis
528	99	27.ESP_1975	Paired	Arabidopsis
529	98	27.ESP_1975	Paired	Arabidopsis
530	105	27.ESP_1975	Paired	Arabidopsis
531	114	27.ESP_1975	Paired	Arabidopsis
532	135	27.ESP_1975	Paired	Arabidopsis
533	152	27.ESP_1975	Paired	Arabidopsis
534	143	27.ESP_1975	Paired	Arabidopsis
535	111	27.ESP_1975	Paired	Arabidopsis
536	105	27.ESP_1975	Paired	Arabidopsis
537	100	27.ESP_1975	Paired	Arabidopsis
538	111	27.ESP_1975	Paired	Arabidopsis
539	85	27.ESP_1975	Paired	Arabidopsis
540	106	27.ESP_1975	Paired	Arabidopsis
541	84	27.ESP_1975	Paired	Arabidopsis
542	93	27.ESP_1975	Paired	Arabidopsis
543	118	27.ESP_1975	Paired	Arabidopsis
544	77	27.ESP_1975	Paired	Arabidopsis
545	91	27.ESP_1975	Paired	Arabidopsis
546	112	27.ESP_1975	Paired	Arabidopsis
547	134	27.ESP_1975	Paired	Arabidopsis
548	91	27.ESP_1975	Paired	Arabidopsis
549	73	27.ESP_1975	Paired	Arabidopsis
550	68	27.ESP_1975	Paired	Arabidopsis
551	82	27.ESP_1975	Paired	Arabidopsis
552	73	27.ESP_1975	Paired	Arabidopsis
553	56	27.ESP_1975	Paired	Arabidopsis
554	72	27.ESP_1975	Paired	Arabidopsis
555	62	27.ESP_1975	Paired	Arabidopsis
556	76	27.ESP_1975	Paired	Arabidopsis
557	46	27.ESP_1975	Paired	Arabidopsis
558	49	27.ESP_1975	Paired	Arabidopsis
559	66	27.ESP_1975	Paired	Arabidopsis
560	48	27.ESP_1975	Paired	Arabidopsis
561	43	27.ESP_1975	Paired	Arabidopsis
562	44	27.ESP_1975	Paired	Arabidopsis
563	46	27.ESP_1975	Paired	Arabidopsis
564	30	27.ESP_1975	Paired	Arabidopsis
565	42	27.ESP_1975	Paired	Arabidopsis
566	36	27.ESP_1975	Paired	Arabidopsis
567	50	27.ESP_1975	Paired	Arabidopsis
568	37	27.ESP_1975	Paired	Arabidopsis
569	68	27.ESP_1975	Paired	Arabidopsis
570	36	27.ESP_1975	Paired	Arabidopsis
571	61	27.ESP_1975	Paired	Arabidopsis
572	43	27.ESP_1975	Paired	Arabidopsis
573	64	27.ESP_1975	Paired	Arabidopsis
574	49	27.ESP_1975	Paired	Arabidopsis
575	33	27.ESP_1975	Paired	Arabidopsis
576	19	27.ESP_1975	Paired	Arabidopsis
577	29	27.ESP_1975	Paired	Arabidopsis
578	33	27.ESP_1975	Paired	Arabidopsis
579	27	27.ESP_1975	Paired	Arabidopsis
580	26	27.ESP_1975	Paired	Arabidopsis
581	20	27.ESP_1975	Paired	Arabidopsis
582	34	27.ESP_1975	Paired	Arabidopsis
583	30	27.ESP_1975	Paired	Arabidopsis
584	25	27.ESP_1975	Paired	Arabidopsis
585	19	27.ESP_1975	Paired	Arabidopsis
586	33	27.ESP_1975	Paired	Arabidopsis
587	29	27.ESP_1975	Paired	Arabidopsis
588	21	27.ESP_1975	Paired	Arabidopsis
589	27	27.ESP_1975	Paired	Arabidopsis
590	27	27.ESP_1975	Paired	Arabidopsis
591	28	27.ESP_1975	Paired	Arabidopsis
592	34	27.ESP_1975	Paired	Arabidopsis
593	23	27.ESP_1975	Paired	Arabidopsis
594	24	27.ESP_1975	Paired	Arabidopsis
595	25	27.ESP_1975	Paired	Arabidopsis
596	32	27.ESP_1975	Paired	Arabidopsis
597	23	27.ESP_1975	Paired	Arabidopsis
598	15	27.ESP_1975	Paired	Arabidopsis
599	21	27.ESP_1975	Paired	Arabidopsis
600	20	27.ESP_1975	Paired	Arabidopsis
601	22	27.ESP_1975	Paired	Arabidopsis
602	22	27.ESP_1975	Paired	Arabidopsis
603	11	27.ESP_1975	Paired	Arabidopsis
604	15	27.ESP_1975	Paired	Arabidopsis
605	17	27.ESP_1975	Paired	Arabidopsis
606	18	27.ESP_1975	Paired	Arabidopsis
607	17	27.ESP_1975	Paired	Arabidopsis
608	22	27.ESP_1975	Paired	Arabidopsis
609	29	27.ESP_1975	Paired	Arabidopsis
610	19	27.ESP_1975	Paired	Arabidopsis
611	19	27.ESP_1975	Paired	Arabidopsis
612	17	27.ESP_1975	Paired	Arabidopsis
613	8	27.ESP_1975	Paired	Arabidopsis
614	16	27.ESP_1975	Paired	Arabidopsis
615	20	27.ESP_1975	Paired	Arabidopsis
616	17	27.ESP_1975	Paired	Arabidopsis
617	15	27.ESP_1975	Paired	Arabidopsis
618	15	27.ESP_1975	Paired	Arabidopsis
619	15	27.ESP_1975	Paired	Arabidopsis
620	17	27.ESP_1975	Paired	Arabidopsis
621	16	27.ESP_1975	Paired	Arabidopsis
622	25	27.ESP_1975	Paired	Arabidopsis
623	16	27.ESP_1975	Paired	Arabidopsis
624	15	27.ESP_1975	Paired	Arabidopsis
625	18	27.ESP_1975	Paired	Arabidopsis
626	15	27.ESP_1975	Paired	Arabidopsis
627	12	27.ESP_1975	Paired	Arabidopsis
628	14	27.ESP_1975	Paired	Arabidopsis
629	12	27.ESP_1975	Paired	Arabidopsis
630	11	27.ESP_1975	Paired	Arabidopsis
631	16	27.ESP_1975	Paired	Arabidopsis
632	21	27.ESP_1975	Paired	Arabidopsis
633	13	27.ESP_1975	Paired	Arabidopsis
634	18	27.ESP_1975	Paired	Arabidopsis
635	13	27.ESP_1975	Paired	Arabidopsis
636	21	27.ESP_1975	Paired	Arabidopsis
637	9	27.ESP_1975	Paired	Arabidopsis
638	16	27.ESP_1975	Paired	Arabidopsis
639	23	27.ESP_1975	Paired	Arabidopsis
640	8	27.ESP_1975	Paired	Arabidopsis
641	12	27.ESP_1975	Paired	Arabidopsis
642	14	27.ESP_1975	Paired	Arabidopsis
643	12	27.ESP_1975	Paired	Arabidopsis
644	10	27.ESP_1975	Paired	Arabidopsis
645	8	27.ESP_1975	Paired	Arabidopsis
646	17	27.ESP_1975	Paired	Arabidopsis
647	12	27.ESP_1975	Paired	Arabidopsis
648	12	27.ESP_1975	Paired	Arabidopsis
649	11	27.ESP_1975	Paired	Arabidopsis
650	19	27.ESP_1975	Paired	Arabidopsis
651	10	27.ESP_1975	Paired	Arabidopsis
652	15	27.ESP_1975	Paired	Arabidopsis
653	13	27.ESP_1975	Paired	Arabidopsis
654	11	27.ESP_1975	Paired	Arabidopsis
655	14	27.ESP_1975	Paired	Arabidopsis
656	17	27.ESP_1975	Paired	Arabidopsis
657	8	27.ESP_1975	Paired	Arabidopsis
658	7	27.ESP_1975	Paired	Arabidopsis
659	17	27.ESP_1975	Paired	Arabidopsis
660	10	27.ESP_1975	Paired	Arabidopsis
661	8	27.ESP_1975	Paired	Arabidopsis
662	11	27.ESP_1975	Paired	Arabidopsis
663	10	27.ESP_1975	Paired	Arabidopsis
664	13	27.ESP_1975	Paired	Arabidopsis
665	14	27.ESP_1975	Paired	Arabidopsis
666	12	27.ESP_1975	Paired	Arabidopsis
667	13	27.ESP_1975	Paired	Arabidopsis
668	11	27.ESP_1975	Paired	Arabidopsis
669	6	27.ESP_1975	Paired	Arabidopsis
670	9	27.ESP_1975	Paired	Arabidopsis
671	7	27.ESP_1975	Paired	Arabidopsis
672	13	27.ESP_1975	Paired	Arabidopsis
673	10	27.ESP_1975	Paired	Arabidopsis
674	10	27.ESP_1975	Paired	Arabidopsis
675	8	27.ESP_1975	Paired	Arabidopsis
676	10	27.ESP_1975	Paired	Arabidopsis
677	14	27.ESP_1975	Paired	Arabidopsis
678	11	27.ESP_1975	Paired	Arabidopsis
679	7	27.ESP_1975	Paired	Arabidopsis
680	8	27.ESP_1975	Paired	Arabidopsis
681	5	27.ESP_1975	Paired	Arabidopsis
682	7	27.ESP_1975	Paired	Arabidopsis
683	6	27.ESP_1975	Paired	Arabidopsis
684	11	27.ESP_1975	Paired	Arabidopsis
685	12	27.ESP_1975	Paired	Arabidopsis
686	8	27.ESP_1975	Paired	Arabidopsis
687	11	27.ESP_1975	Paired	Arabidopsis
688	8	27.ESP_1975	Paired	Arabidopsis
689	9	27.ESP_1975	Paired	Arabidopsis
690	8	27.ESP_1975	Paired	Arabidopsis
691	10	27.ESP_1975	Paired	Arabidopsis
692	9	27.ESP_1975	Paired	Arabidopsis
693	7	27.ESP_1975	Paired	Arabidopsis
694	8	27.ESP_1975	Paired	Arabidopsis
695	7	27.ESP_1975	Paired	Arabidopsis
696	11	27.ESP_1975	Paired	Arabidopsis
697	12	27.ESP_1975	Paired	Arabidopsis
698	5	27.ESP_1975	Paired	Arabidopsis
699	16	27.ESP_1975	Paired	Arabidopsis
700	8	27.ESP_1975	Paired	Arabidopsis
701	6	27.ESP_1975	Paired	Arabidopsis
702	9	27.ESP_1975	Paired	Arabidopsis
703	4	27.ESP_1975	Paired	Arabidopsis
704	8	27.ESP_1975	Paired	Arabidopsis
705	6	27.ESP_1975	Paired	Arabidopsis
706	7	27.ESP_1975	Paired	Arabidopsis
707	8	27.ESP_1975	Paired	Arabidopsis
708	5	27.ESP_1975	Paired	Arabidopsis
709	10	27.ESP_1975	Paired	Arabidopsis
710	6	27.ESP_1975	Paired	Arabidopsis
711	9	27.ESP_1975	Paired	Arabidopsis
712	6	27.ESP_1975	Paired	Arabidopsis
713	9	27.ESP_1975	Paired	Arabidopsis
714	9	27.ESP_1975	Paired	Arabidopsis
715	5	27.ESP_1975	Paired	Arabidopsis
716	5	27.ESP_1975	Paired	Arabidopsis
717	8	27.ESP_1975	Paired	Arabidopsis
718	7	27.ESP_1975	Paired	Arabidopsis
719	7	27.ESP_1975	Paired	Arabidopsis
720	6	27.ESP_1975	Paired	Arabidopsis
721	7	27.ESP_1975	Paired	Arabidopsis
722	4	27.ESP_1975	Paired	Arabidopsis
723	8	27.ESP_1975	Paired	Arabidopsis
724	11	27.ESP_1975	Paired	Arabidopsis
725	7	27.ESP_1975	Paired	Arabidopsis
726	4	27.ESP_1975	Paired	Arabidopsis
727	7	27.ESP_1975	Paired	Arabidopsis
728	3	27.ESP_1975	Paired	Arabidopsis
729	3	27.ESP_1975	Paired	Arabidopsis
730	8	27.ESP_1975	Paired	Arabidopsis
731	11	27.ESP_1975	Paired	Arabidopsis
732	6	27.ESP_1975	Paired	Arabidopsis
733	4	27.ESP_1975	Paired	Arabidopsis
734	10	27.ESP_1975	Paired	Arabidopsis
735	4	27.ESP_1975	Paired	Arabidopsis
736	5	27.ESP_1975	Paired	Arabidopsis
737	2	27.ESP_1975	Paired	Arabidopsis
738	3	27.ESP_1975	Paired	Arabidopsis
739	7	27.ESP_1975	Paired	Arabidopsis
740	7	27.ESP_1975	Paired	Arabidopsis
741	2	27.ESP_1975	Paired	Arabidopsis
742	3	27.ESP_1975	Paired	Arabidopsis
743	3	27.ESP_1975	Paired	Arabidopsis
744	3	27.ESP_1975	Paired	Arabidopsis
745	11	27.ESP_1975	Paired	Arabidopsis
746	6	27.ESP_1975	Paired	Arabidopsis
747	5	27.ESP_1975	Paired	Arabidopsis
748	3	27.ESP_1975	Paired	Arabidopsis
749	4	27.ESP_1975	Paired	Arabidopsis
750	3	27.ESP_1975	Paired	Arabidopsis
751	4	27.ESP_1975	Paired	Arabidopsis
752	3	27.ESP_1975	Paired	Arabidopsis
753	5	27.ESP_1975	Paired	Arabidopsis
754	4	27.ESP_1975	Paired	Arabidopsis
755	3	27.ESP_1975	Paired	Arabidopsis
756	4	27.ESP_1975	Paired	Arabidopsis
757	5	27.ESP_1975	Paired	Arabidopsis
758	4	27.ESP_1975	Paired	Arabidopsis
759	2	27.ESP_1975	Paired	Arabidopsis
760	2	27.ESP_1975	Paired	Arabidopsis
761	5	27.ESP_1975	Paired	Arabidopsis
762	7	27.ESP_1975	Paired	Arabidopsis
763	6	27.ESP_1975	Paired	Arabidopsis
764	4	27.ESP_1975	Paired	Arabidopsis
765	3	27.ESP_1975	Paired	Arabidopsis
766	6	27.ESP_1975	Paired	Arabidopsis
767	2	27.ESP_1975	Paired	Arabidopsis
768	5	27.ESP_1975	Paired	Arabidopsis
770	3	27.ESP_1975	Paired	Arabidopsis
771	5	27.ESP_1975	Paired	Arabidopsis
772	2	27.ESP_1975	Paired	Arabidopsis
773	2	27.ESP_1975	Paired	Arabidopsis
774	5	27.ESP_1975	Paired	Arabidopsis
775	5	27.ESP_1975	Paired	Arabidopsis
776	1	27.ESP_1975	Paired	Arabidopsis
777	4	27.ESP_1975	Paired	Arabidopsis
778	3	27.ESP_1975	Paired	Arabidopsis
779	1	27.ESP_1975	Paired	Arabidopsis
780	2	27.ESP_1975	Paired	Arabidopsis
781	7	27.ESP_1975	Paired	Arabidopsis
782	6	27.ESP_1975	Paired	Arabidopsis
783	2	27.ESP_1975	Paired	Arabidopsis
784	1	27.ESP_1975	Paired	Arabidopsis
785	3	27.ESP_1975	Paired	Arabidopsis
786	2	27.ESP_1975	Paired	Arabidopsis
788	1	27.ESP_1975	Paired	Arabidopsis
789	3	27.ESP_1975	Paired	Arabidopsis
790	1	27.ESP_1975	Paired	Arabidopsis
791	3	27.ESP_1975	Paired	Arabidopsis
792	3	27.ESP_1975	Paired	Arabidopsis
793	4	27.ESP_1975	Paired	Arabidopsis
794	1	27.ESP_1975	Paired	Arabidopsis
795	1	27.ESP_1975	Paired	Arabidopsis
796	3	27.ESP_1975	Paired	Arabidopsis
797	3	27.ESP_1975	Paired	Arabidopsis
798	1	27.ESP_1975	Paired	Arabidopsis
799	4	27.ESP_1975	Paired	Arabidopsis
800	1	27.ESP_1975	Paired	Arabidopsis
801	1	27.ESP_1975	Paired	Arabidopsis
802	1	27.ESP_1975	Paired	Arabidopsis
803	1	27.ESP_1975	Paired	Arabidopsis
805	1	27.ESP_1975	Paired	Arabidopsis
806	2	27.ESP_1975	Paired	Arabidopsis
807	1	27.ESP_1975	Paired	Arabidopsis
808	2	27.ESP_1975	Paired	Arabidopsis
810	1	27.ESP_1975	Paired	Arabidopsis
815	1	27.ESP_1975	Paired	Arabidopsis
817	1	27.ESP_1975	Paired	Arabidopsis
15	44	27.ESP_1975	Collapsed	Pseudomonas
17	44	27.ESP_1975	Collapsed	Pseudomonas
18	773	27.ESP_1975	Collapsed	Pseudomonas
19	2331	27.ESP_1975	Collapsed	Pseudomonas
20	2544	27.ESP_1975	Collapsed	Pseudomonas
21	1818	27.ESP_1975	Collapsed	Pseudomonas
22	1359	27.ESP_1975	Collapsed	Pseudomonas
23	1165	27.ESP_1975	Collapsed	Pseudomonas
24	1086	27.ESP_1975	Collapsed	Pseudomonas
25	1162	27.ESP_1975	Collapsed	Pseudomonas
26	1135	27.ESP_1975	Collapsed	Pseudomonas
27	1228	27.ESP_1975	Collapsed	Pseudomonas
28	1184	27.ESP_1975	Collapsed	Pseudomonas
29	1138	27.ESP_1975	Collapsed	Pseudomonas
30	1164	27.ESP_1975	Collapsed	Pseudomonas
31	1138	27.ESP_1975	Collapsed	Pseudomonas
32	1132	27.ESP_1975	Collapsed	Pseudomonas
33	1102	27.ESP_1975	Collapsed	Pseudomonas
34	1062	27.ESP_1975	Collapsed	Pseudomonas
35	1039	27.ESP_1975	Collapsed	Pseudomonas
36	1049	27.ESP_1975	Collapsed	Pseudomonas
37	965	27.ESP_1975	Collapsed	Pseudomonas
38	1046	27.ESP_1975	Collapsed	Pseudomonas
39	1010	27.ESP_1975	Collapsed	Pseudomonas
40	932	27.ESP_1975	Collapsed	Pseudomonas
41	908	27.ESP_1975	Collapsed	Pseudomonas
42	921	27.ESP_1975	Collapsed	Pseudomonas
43	917	27.ESP_1975	Collapsed	Pseudomonas
44	812	27.ESP_1975	Collapsed	Pseudomonas
45	771	27.ESP_1975	Collapsed	Pseudomonas
46	804	27.ESP_1975	Collapsed	Pseudomonas
47	748	27.ESP_1975	Collapsed	Pseudomonas
48	796	27.ESP_1975	Collapsed	Pseudomonas
49	736	27.ESP_1975	Collapsed	Pseudomonas
50	657	27.ESP_1975	Collapsed	Pseudomonas
51	649	27.ESP_1975	Collapsed	Pseudomonas
52	613	27.ESP_1975	Collapsed	Pseudomonas
53	641	27.ESP_1975	Collapsed	Pseudomonas
54	569	27.ESP_1975	Collapsed	Pseudomonas
55	591	27.ESP_1975	Collapsed	Pseudomonas
56	539	27.ESP_1975	Collapsed	Pseudomonas
57	552	27.ESP_1975	Collapsed	Pseudomonas
58	548	27.ESP_1975	Collapsed	Pseudomonas
59	513	27.ESP_1975	Collapsed	Pseudomonas
60	513	27.ESP_1975	Collapsed	Pseudomonas
61	497	27.ESP_1975	Collapsed	Pseudomonas
62	473	27.ESP_1975	Collapsed	Pseudomonas
63	440	27.ESP_1975	Collapsed	Pseudomonas
64	493	27.ESP_1975	Collapsed	Pseudomonas
65	487	27.ESP_1975	Collapsed	Pseudomonas
66	463	27.ESP_1975	Collapsed	Pseudomonas
67	450	27.ESP_1975	Collapsed	Pseudomonas
68	411	27.ESP_1975	Collapsed	Pseudomonas
69	416	27.ESP_1975	Collapsed	Pseudomonas
70	399	27.ESP_1975	Collapsed	Pseudomonas
71	383	27.ESP_1975	Collapsed	Pseudomonas
72	401	27.ESP_1975	Collapsed	Pseudomonas
73	343	27.ESP_1975	Collapsed	Pseudomonas
74	342	27.ESP_1975	Collapsed	Pseudomonas
75	371	27.ESP_1975	Collapsed	Pseudomonas
76	352	27.ESP_1975	Collapsed	Pseudomonas
77	363	27.ESP_1975	Collapsed	Pseudomonas
78	333	27.ESP_1975	Collapsed	Pseudomonas
79	355	27.ESP_1975	Collapsed	Pseudomonas
80	327	27.ESP_1975	Collapsed	Pseudomonas
81	356	27.ESP_1975	Collapsed	Pseudomonas
82	358	27.ESP_1975	Collapsed	Pseudomonas
83	287	27.ESP_1975	Collapsed	Pseudomonas
84	333	27.ESP_1975	Collapsed	Pseudomonas
85	327	27.ESP_1975	Collapsed	Pseudomonas
86	328	27.ESP_1975	Collapsed	Pseudomonas
87	270	27.ESP_1975	Collapsed	Pseudomonas
88	305	27.ESP_1975	Collapsed	Pseudomonas
89	300	27.ESP_1975	Collapsed	Pseudomonas
90	295	27.ESP_1975	Collapsed	Pseudomonas
91	272	27.ESP_1975	Collapsed	Pseudomonas
92	308	27.ESP_1975	Collapsed	Pseudomonas
93	318	27.ESP_1975	Collapsed	Pseudomonas
94	314	27.ESP_1975	Collapsed	Pseudomonas
95	303	27.ESP_1975	Collapsed	Pseudomonas
96	300	27.ESP_1975	Collapsed	Pseudomonas
97	297	27.ESP_1975	Collapsed	Pseudomonas
98	295	27.ESP_1975	Collapsed	Pseudomonas
99	296	27.ESP_1975	Collapsed	Pseudomonas
100	293	27.ESP_1975	Collapsed	Pseudomonas
101	274	27.ESP_1975	Collapsed	Pseudomonas
102	267	27.ESP_1975	Collapsed	Pseudomonas
103	310	27.ESP_1975	Collapsed	Pseudomonas
104	258	27.ESP_1975	Collapsed	Pseudomonas
105	267	27.ESP_1975	Collapsed	Pseudomonas
106	249	27.ESP_1975	Collapsed	Pseudomonas
107	288	27.ESP_1975	Collapsed	Pseudomonas
108	298	27.ESP_1975	Collapsed	Pseudomonas
109	287	27.ESP_1975	Collapsed	Pseudomonas
110	315	27.ESP_1975	Collapsed	Pseudomonas
111	274	27.ESP_1975	Collapsed	Pseudomonas
112	280	27.ESP_1975	Collapsed	Pseudomonas
113	230	27.ESP_1975	Collapsed	Pseudomonas
114	287	27.ESP_1975	Collapsed	Pseudomonas
115	290	27.ESP_1975	Collapsed	Pseudomonas
116	274	27.ESP_1975	Collapsed	Pseudomonas
117	275	27.ESP_1975	Collapsed	Pseudomonas
118	265	27.ESP_1975	Collapsed	Pseudomonas
119	292	27.ESP_1975	Collapsed	Pseudomonas
120	292	27.ESP_1975	Collapsed	Pseudomonas
121	248	27.ESP_1975	Collapsed	Pseudomonas
122	266	27.ESP_1975	Collapsed	Pseudomonas
123	254	27.ESP_1975	Collapsed	Pseudomonas
124	258	27.ESP_1975	Collapsed	Pseudomonas
125	311	27.ESP_1975	Collapsed	Pseudomonas
126	281	27.ESP_1975	Collapsed	Pseudomonas
127	259	27.ESP_1975	Collapsed	Pseudomonas
128	249	27.ESP_1975	Collapsed	Pseudomonas
129	274	27.ESP_1975	Collapsed	Pseudomonas
130	260	27.ESP_1975	Collapsed	Pseudomonas
131	278	27.ESP_1975	Collapsed	Pseudomonas
132	279	27.ESP_1975	Collapsed	Pseudomonas
133	283	27.ESP_1975	Collapsed	Pseudomonas
134	244	27.ESP_1975	Collapsed	Pseudomonas
135	262	27.ESP_1975	Collapsed	Pseudomonas
136	274	27.ESP_1975	Collapsed	Pseudomonas
137	249	27.ESP_1975	Collapsed	Pseudomonas
138	256	27.ESP_1975	Collapsed	Pseudomonas
139	277	27.ESP_1975	Collapsed	Pseudomonas
140	84	27.ESP_1975	Collapsed	Pseudomonas
141	69	27.ESP_1975	Collapsed	Pseudomonas
142	83	27.ESP_1975	Collapsed	Pseudomonas
143	71	27.ESP_1975	Collapsed	Pseudomonas
144	66	27.ESP_1975	Collapsed	Pseudomonas
145	68	27.ESP_1975	Collapsed	Pseudomonas
146	71	27.ESP_1975	Collapsed	Pseudomonas
147	58	27.ESP_1975	Collapsed	Pseudomonas
148	75	27.ESP_1975	Collapsed	Pseudomonas
149	56	27.ESP_1975	Collapsed	Pseudomonas
150	74	27.ESP_1975	Collapsed	Pseudomonas
151	74	27.ESP_1975	Collapsed	Pseudomonas
152	60	27.ESP_1975	Collapsed	Pseudomonas
153	51	27.ESP_1975	Collapsed	Pseudomonas
154	66	27.ESP_1975	Collapsed	Pseudomonas
155	46	27.ESP_1975	Collapsed	Pseudomonas
156	42	27.ESP_1975	Collapsed	Pseudomonas
157	64	27.ESP_1975	Collapsed	Pseudomonas
158	54	27.ESP_1975	Collapsed	Pseudomonas
159	54	27.ESP_1975	Collapsed	Pseudomonas
160	48	27.ESP_1975	Collapsed	Pseudomonas
161	61	27.ESP_1975	Collapsed	Pseudomonas
162	50	27.ESP_1975	Collapsed	Pseudomonas
163	49	27.ESP_1975	Collapsed	Pseudomonas
164	43	27.ESP_1975	Collapsed	Pseudomonas
165	38	27.ESP_1975	Collapsed	Pseudomonas
166	53	27.ESP_1975	Collapsed	Pseudomonas
167	43	27.ESP_1975	Collapsed	Pseudomonas
168	51	27.ESP_1975	Collapsed	Pseudomonas
169	51	27.ESP_1975	Collapsed	Pseudomonas
170	40	27.ESP_1975	Collapsed	Pseudomonas
171	37	27.ESP_1975	Collapsed	Pseudomonas
172	45	27.ESP_1975	Collapsed	Pseudomonas
173	62	27.ESP_1975	Collapsed	Pseudomonas
174	37	27.ESP_1975	Collapsed	Pseudomonas
175	29	27.ESP_1975	Collapsed	Pseudomonas
176	29	27.ESP_1975	Collapsed	Pseudomonas
177	34	27.ESP_1975	Collapsed	Pseudomonas
178	36	27.ESP_1975	Collapsed	Pseudomonas
179	33	27.ESP_1975	Collapsed	Pseudomonas
180	36	27.ESP_1975	Collapsed	Pseudomonas
181	25	27.ESP_1975	Collapsed	Pseudomonas
182	48	27.ESP_1975	Collapsed	Pseudomonas
183	37	27.ESP_1975	Collapsed	Pseudomonas
184	28	27.ESP_1975	Collapsed	Pseudomonas
185	45	27.ESP_1975	Collapsed	Pseudomonas
186	25	27.ESP_1975	Collapsed	Pseudomonas
187	33	27.ESP_1975	Collapsed	Pseudomonas
188	33	27.ESP_1975	Collapsed	Pseudomonas
189	30	27.ESP_1975	Collapsed	Pseudomonas
106	1	27.ESP_1975	Paired	Pseudomonas
109	2	27.ESP_1975	Paired	Pseudomonas
110	3	27.ESP_1975	Paired	Pseudomonas
111	2	27.ESP_1975	Paired	Pseudomonas
112	2	27.ESP_1975	Paired	Pseudomonas
113	1	27.ESP_1975	Paired	Pseudomonas
114	1	27.ESP_1975	Paired	Pseudomonas
115	2	27.ESP_1975	Paired	Pseudomonas
117	2	27.ESP_1975	Paired	Pseudomonas
118	3	27.ESP_1975	Paired	Pseudomonas
119	1	27.ESP_1975	Paired	Pseudomonas
120	3	27.ESP_1975	Paired	Pseudomonas
122	2	27.ESP_1975	Paired	Pseudomonas
123	1	27.ESP_1975	Paired	Pseudomonas
124	4	27.ESP_1975	Paired	Pseudomonas
125	5	27.ESP_1975	Paired	Pseudomonas
126	6	27.ESP_1975	Paired	Pseudomonas
127	6	27.ESP_1975	Paired	Pseudomonas
128	9	27.ESP_1975	Paired	Pseudomonas
129	7	27.ESP_1975	Paired	Pseudomonas
130	11	27.ESP_1975	Paired	Pseudomonas
131	6	27.ESP_1975	Paired	Pseudomonas
132	8	27.ESP_1975	Paired	Pseudomonas
133	8	27.ESP_1975	Paired	Pseudomonas
134	6	27.ESP_1975	Paired	Pseudomonas
135	7	27.ESP_1975	Paired	Pseudomonas
136	14	27.ESP_1975	Paired	Pseudomonas
137	19	27.ESP_1975	Paired	Pseudomonas
138	14	27.ESP_1975	Paired	Pseudomonas
139	29	27.ESP_1975	Paired	Pseudomonas
140	219	27.ESP_1975	Paired	Pseudomonas
141	213	27.ESP_1975	Paired	Pseudomonas
142	201	27.ESP_1975	Paired	Pseudomonas
143	227	27.ESP_1975	Paired	Pseudomonas
144	194	27.ESP_1975	Paired	Pseudomonas
145	202	27.ESP_1975	Paired	Pseudomonas
146	223	27.ESP_1975	Paired	Pseudomonas
147	188	27.ESP_1975	Paired	Pseudomonas
148	246	27.ESP_1975	Paired	Pseudomonas
149	213	27.ESP_1975	Paired	Pseudomonas
150	217	27.ESP_1975	Paired	Pseudomonas
151	191	27.ESP_1975	Paired	Pseudomonas
152	226	27.ESP_1975	Paired	Pseudomonas
153	185	27.ESP_1975	Paired	Pseudomonas
154	188	27.ESP_1975	Paired	Pseudomonas
155	204	27.ESP_1975	Paired	Pseudomonas
156	218	27.ESP_1975	Paired	Pseudomonas
157	213	27.ESP_1975	Paired	Pseudomonas
158	202	27.ESP_1975	Paired	Pseudomonas
159	204	27.ESP_1975	Paired	Pseudomonas
160	228	27.ESP_1975	Paired	Pseudomonas
161	194	27.ESP_1975	Paired	Pseudomonas
162	204	27.ESP_1975	Paired	Pseudomonas
163	191	27.ESP_1975	Paired	Pseudomonas
164	201	27.ESP_1975	Paired	Pseudomonas
165	199	27.ESP_1975	Paired	Pseudomonas
166	222	27.ESP_1975	Paired	Pseudomonas
167	221	27.ESP_1975	Paired	Pseudomonas
168	223	27.ESP_1975	Paired	Pseudomonas
169	190	27.ESP_1975	Paired	Pseudomonas
170	222	27.ESP_1975	Paired	Pseudomonas
171	229	27.ESP_1975	Paired	Pseudomonas
172	215	27.ESP_1975	Paired	Pseudomonas
173	205	27.ESP_1975	Paired	Pseudomonas
174	253	27.ESP_1975	Paired	Pseudomonas
175	204	27.ESP_1975	Paired	Pseudomonas
176	227	27.ESP_1975	Paired	Pseudomonas
177	203	27.ESP_1975	Paired	Pseudomonas
178	237	27.ESP_1975	Paired	Pseudomonas
179	219	27.ESP_1975	Paired	Pseudomonas
180	212	27.ESP_1975	Paired	Pseudomonas
181	234	27.ESP_1975	Paired	Pseudomonas
182	220	27.ESP_1975	Paired	Pseudomonas
183	233	27.ESP_1975	Paired	Pseudomonas
184	200	27.ESP_1975	Paired	Pseudomonas
185	199	27.ESP_1975	Paired	Pseudomonas
186	208	27.ESP_1975	Paired	Pseudomonas
187	236	27.ESP_1975	Paired	Pseudomonas
188	221	27.ESP_1975	Paired	Pseudomonas
189	184	27.ESP_1975	Paired	Pseudomonas
190	253	27.ESP_1975	Paired	Pseudomonas
191	258	27.ESP_1975	Paired	Pseudomonas
192	254	27.ESP_1975	Paired	Pseudomonas
193	212	27.ESP_1975	Paired	Pseudomonas
194	258	27.ESP_1975	Paired	Pseudomonas
195	240	27.ESP_1975	Paired	Pseudomonas
196	240	27.ESP_1975	Paired	Pseudomonas
197	234	27.ESP_1975	Paired	Pseudomonas
198	239	27.ESP_1975	Paired	Pseudomonas
199	275	27.ESP_1975	Paired	Pseudomonas
200	236	27.ESP_1975	Paired	Pseudomonas
201	219	27.ESP_1975	Paired	Pseudomonas
202	244	27.ESP_1975	Paired	Pseudomonas
203	224	27.ESP_1975	Paired	Pseudomonas
204	232	27.ESP_1975	Paired	Pseudomonas
205	230	27.ESP_1975	Paired	Pseudomonas
206	201	27.ESP_1975	Paired	Pseudomonas
207	236	27.ESP_1975	Paired	Pseudomonas
208	248	27.ESP_1975	Paired	Pseudomonas
209	237	27.ESP_1975	Paired	Pseudomonas
210	244	27.ESP_1975	Paired	Pseudomonas
211	239	27.ESP_1975	Paired	Pseudomonas
212	234	27.ESP_1975	Paired	Pseudomonas
213	243	27.ESP_1975	Paired	Pseudomonas
214	233	27.ESP_1975	Paired	Pseudomonas
215	207	27.ESP_1975	Paired	Pseudomonas
216	229	27.ESP_1975	Paired	Pseudomonas
217	202	27.ESP_1975	Paired	Pseudomonas
218	192	27.ESP_1975	Paired	Pseudomonas
219	198	27.ESP_1975	Paired	Pseudomonas
220	232	27.ESP_1975	Paired	Pseudomonas
221	254	27.ESP_1975	Paired	Pseudomonas
222	208	27.ESP_1975	Paired	Pseudomonas
223	220	27.ESP_1975	Paired	Pseudomonas
224	215	27.ESP_1975	Paired	Pseudomonas
225	228	27.ESP_1975	Paired	Pseudomonas
226	228	27.ESP_1975	Paired	Pseudomonas
227	226	27.ESP_1975	Paired	Pseudomonas
228	210	27.ESP_1975	Paired	Pseudomonas
229	234	27.ESP_1975	Paired	Pseudomonas
230	214	27.ESP_1975	Paired	Pseudomonas
231	188	27.ESP_1975	Paired	Pseudomonas
232	196	27.ESP_1975	Paired	Pseudomonas
233	202	27.ESP_1975	Paired	Pseudomonas
234	182	27.ESP_1975	Paired	Pseudomonas
235	217	27.ESP_1975	Paired	Pseudomonas
236	190	27.ESP_1975	Paired	Pseudomonas
237	170	27.ESP_1975	Paired	Pseudomonas
238	197	27.ESP_1975	Paired	Pseudomonas
239	186	27.ESP_1975	Paired	Pseudomonas
240	174	27.ESP_1975	Paired	Pseudomonas
241	188	27.ESP_1975	Paired	Pseudomonas
242	181	27.ESP_1975	Paired	Pseudomonas
243	179	27.ESP_1975	Paired	Pseudomonas
244	183	27.ESP_1975	Paired	Pseudomonas
245	183	27.ESP_1975	Paired	Pseudomonas
246	161	27.ESP_1975	Paired	Pseudomonas
247	154	27.ESP_1975	Paired	Pseudomonas
248	169	27.ESP_1975	Paired	Pseudomonas
249	164	27.ESP_1975	Paired	Pseudomonas
250	165	27.ESP_1975	Paired	Pseudomonas
251	178	27.ESP_1975	Paired	Pseudomonas
252	182	27.ESP_1975	Paired	Pseudomonas
253	190	27.ESP_1975	Paired	Pseudomonas
254	155	27.ESP_1975	Paired	Pseudomonas
255	162	27.ESP_1975	Paired	Pseudomonas
256	179	27.ESP_1975	Paired	Pseudomonas
257	179	27.ESP_1975	Paired	Pseudomonas
258	163	27.ESP_1975	Paired	Pseudomonas
259	169	27.ESP_1975	Paired	Pseudomonas
260	156	27.ESP_1975	Paired	Pseudomonas
261	134	27.ESP_1975	Paired	Pseudomonas
262	155	27.ESP_1975	Paired	Pseudomonas
263	149	27.ESP_1975	Paired	Pseudomonas
264	170	27.ESP_1975	Paired	Pseudomonas
265	154	27.ESP_1975	Paired	Pseudomonas
266	136	27.ESP_1975	Paired	Pseudomonas
267	120	27.ESP_1975	Paired	Pseudomonas
268	170	27.ESP_1975	Paired	Pseudomonas
269	127	27.ESP_1975	Paired	Pseudomonas
270	144	27.ESP_1975	Paired	Pseudomonas
271	159	27.ESP_1975	Paired	Pseudomonas
272	135	27.ESP_1975	Paired	Pseudomonas
273	117	27.ESP_1975	Paired	Pseudomonas
274	143	27.ESP_1975	Paired	Pseudomonas
275	146	27.ESP_1975	Paired	Pseudomonas
276	125	27.ESP_1975	Paired	Pseudomonas
277	135	27.ESP_1975	Paired	Pseudomonas
278	129	27.ESP_1975	Paired	Pseudomonas
279	146	27.ESP_1975	Paired	Pseudomonas
280	127	27.ESP_1975	Paired	Pseudomonas
281	138	27.ESP_1975	Paired	Pseudomonas
282	151	27.ESP_1975	Paired	Pseudomonas
283	131	27.ESP_1975	Paired	Pseudomonas
284	138	27.ESP_1975	Paired	Pseudomonas
285	109	27.ESP_1975	Paired	Pseudomonas
286	123	27.ESP_1975	Paired	Pseudomonas
287	130	27.ESP_1975	Paired	Pseudomonas
288	121	27.ESP_1975	Paired	Pseudomonas
289	127	27.ESP_1975	Paired	Pseudomonas
290	130	27.ESP_1975	Paired	Pseudomonas
291	121	27.ESP_1975	Paired	Pseudomonas
292	107	27.ESP_1975	Paired	Pseudomonas
293	91	27.ESP_1975	Paired	Pseudomonas
294	109	27.ESP_1975	Paired	Pseudomonas
295	95	27.ESP_1975	Paired	Pseudomonas
296	121	27.ESP_1975	Paired	Pseudomonas
297	93	27.ESP_1975	Paired	Pseudomonas
298	115	27.ESP_1975	Paired	Pseudomonas
299	109	27.ESP_1975	Paired	Pseudomonas
300	106	27.ESP_1975	Paired	Pseudomonas
301	102	27.ESP_1975	Paired	Pseudomonas
302	90	27.ESP_1975	Paired	Pseudomonas
303	110	27.ESP_1975	Paired	Pseudomonas
304	104	27.ESP_1975	Paired	Pseudomonas
305	88	27.ESP_1975	Paired	Pseudomonas
306	115	27.ESP_1975	Paired	Pseudomonas
307	89	27.ESP_1975	Paired	Pseudomonas
308	95	27.ESP_1975	Paired	Pseudomonas
309	90	27.ESP_1975	Paired	Pseudomonas
310	82	27.ESP_1975	Paired	Pseudomonas
311	91	27.ESP_1975	Paired	Pseudomonas
312	95	27.ESP_1975	Paired	Pseudomonas
313	104	27.ESP_1975	Paired	Pseudomonas
314	87	27.ESP_1975	Paired	Pseudomonas
315	88	27.ESP_1975	Paired	Pseudomonas
316	104	27.ESP_1975	Paired	Pseudomonas
317	102	27.ESP_1975	Paired	Pseudomonas
318	92	27.ESP_1975	Paired	Pseudomonas
319	75	27.ESP_1975	Paired	Pseudomonas
320	91	27.ESP_1975	Paired	Pseudomonas
321	85	27.ESP_1975	Paired	Pseudomonas
322	72	27.ESP_1975	Paired	Pseudomonas
323	79	27.ESP_1975	Paired	Pseudomonas
324	86	27.ESP_1975	Paired	Pseudomonas
325	69	27.ESP_1975	Paired	Pseudomonas
326	71	27.ESP_1975	Paired	Pseudomonas
327	80	27.ESP_1975	Paired	Pseudomonas
328	81	27.ESP_1975	Paired	Pseudomonas
329	68	27.ESP_1975	Paired	Pseudomonas
330	84	27.ESP_1975	Paired	Pseudomonas
331	65	27.ESP_1975	Paired	Pseudomonas
332	59	27.ESP_1975	Paired	Pseudomonas
333	84	27.ESP_1975	Paired	Pseudomonas
334	61	27.ESP_1975	Paired	Pseudomonas
335	77	27.ESP_1975	Paired	Pseudomonas
336	64	27.ESP_1975	Paired	Pseudomonas
337	63	27.ESP_1975	Paired	Pseudomonas
338	75	27.ESP_1975	Paired	Pseudomonas
339	56	27.ESP_1975	Paired	Pseudomonas
340	67	27.ESP_1975	Paired	Pseudomonas
341	70	27.ESP_1975	Paired	Pseudomonas
342	70	27.ESP_1975	Paired	Pseudomonas
343	61	27.ESP_1975	Paired	Pseudomonas
344	60	27.ESP_1975	Paired	Pseudomonas
345	58	27.ESP_1975	Paired	Pseudomonas
346	56	27.ESP_1975	Paired	Pseudomonas
347	64	27.ESP_1975	Paired	Pseudomonas
348	68	27.ESP_1975	Paired	Pseudomonas
349	37	27.ESP_1975	Paired	Pseudomonas
350	50	27.ESP_1975	Paired	Pseudomonas
351	50	27.ESP_1975	Paired	Pseudomonas
352	69	27.ESP_1975	Paired	Pseudomonas
353	36	27.ESP_1975	Paired	Pseudomonas
354	51	27.ESP_1975	Paired	Pseudomonas
355	48	27.ESP_1975	Paired	Pseudomonas
356	54	27.ESP_1975	Paired	Pseudomonas
357	38	27.ESP_1975	Paired	Pseudomonas
358	51	27.ESP_1975	Paired	Pseudomonas
359	55	27.ESP_1975	Paired	Pseudomonas
360	48	27.ESP_1975	Paired	Pseudomonas
361	64	27.ESP_1975	Paired	Pseudomonas
362	37	27.ESP_1975	Paired	Pseudomonas
363	51	27.ESP_1975	Paired	Pseudomonas
364	37	27.ESP_1975	Paired	Pseudomonas
365	55	27.ESP_1975	Paired	Pseudomonas
366	61	27.ESP_1975	Paired	Pseudomonas
367	39	27.ESP_1975	Paired	Pseudomonas
368	42	27.ESP_1975	Paired	Pseudomonas
369	46	27.ESP_1975	Paired	Pseudomonas
370	42	27.ESP_1975	Paired	Pseudomonas
371	58	27.ESP_1975	Paired	Pseudomonas
372	41	27.ESP_1975	Paired	Pseudomonas
373	54	27.ESP_1975	Paired	Pseudomonas
374	46	27.ESP_1975	Paired	Pseudomonas
375	42	27.ESP_1975	Paired	Pseudomonas
376	40	27.ESP_1975	Paired	Pseudomonas
377	34	27.ESP_1975	Paired	Pseudomonas
378	48	27.ESP_1975	Paired	Pseudomonas
379	53	27.ESP_1975	Paired	Pseudomonas
380	41	27.ESP_1975	Paired	Pseudomonas
381	34	27.ESP_1975	Paired	Pseudomonas
382	53	27.ESP_1975	Paired	Pseudomonas
383	32	27.ESP_1975	Paired	Pseudomonas
384	31	27.ESP_1975	Paired	Pseudomonas
385	30	27.ESP_1975	Paired	Pseudomonas
386	32	27.ESP_1975	Paired	Pseudomonas
387	32	27.ESP_1975	Paired	Pseudomonas
388	36	27.ESP_1975	Paired	Pseudomonas
389	41	27.ESP_1975	Paired	Pseudomonas
390	37	27.ESP_1975	Paired	Pseudomonas
391	36	27.ESP_1975	Paired	Pseudomonas
392	37	27.ESP_1975	Paired	Pseudomonas
393	30	27.ESP_1975	Paired	Pseudomonas
394	38	27.ESP_1975	Paired	Pseudomonas
395	33	27.ESP_1975	Paired	Pseudomonas
396	30	27.ESP_1975	Paired	Pseudomonas
397	38	27.ESP_1975	Paired	Pseudomonas
398	47	27.ESP_1975	Paired	Pseudomonas
399	33	27.ESP_1975	Paired	Pseudomonas
400	25	27.ESP_1975	Paired	Pseudomonas
401	32	27.ESP_1975	Paired	Pseudomonas
402	23	27.ESP_1975	Paired	Pseudomonas
403	26	27.ESP_1975	Paired	Pseudomonas
404	28	27.ESP_1975	Paired	Pseudomonas
405	18	27.ESP_1975	Paired	Pseudomonas
406	26	27.ESP_1975	Paired	Pseudomonas
407	20	27.ESP_1975	Paired	Pseudomonas
408	28	27.ESP_1975	Paired	Pseudomonas
409	28	27.ESP_1975	Paired	Pseudomonas
410	26	27.ESP_1975	Paired	Pseudomonas
411	26	27.ESP_1975	Paired	Pseudomonas
412	29	27.ESP_1975	Paired	Pseudomonas
413	29	27.ESP_1975	Paired	Pseudomonas
414	25	27.ESP_1975	Paired	Pseudomonas
415	24	27.ESP_1975	Paired	Pseudomonas
416	24	27.ESP_1975	Paired	Pseudomonas
417	18	27.ESP_1975	Paired	Pseudomonas
418	26	27.ESP_1975	Paired	Pseudomonas
419	30	27.ESP_1975	Paired	Pseudomonas
420	28	27.ESP_1975	Paired	Pseudomonas
421	19	27.ESP_1975	Paired	Pseudomonas
422	26	27.ESP_1975	Paired	Pseudomonas
423	14	27.ESP_1975	Paired	Pseudomonas
424	22	27.ESP_1975	Paired	Pseudomonas
425	21	27.ESP_1975	Paired	Pseudomonas
426	23	27.ESP_1975	Paired	Pseudomonas
427	28	27.ESP_1975	Paired	Pseudomonas
428	26	27.ESP_1975	Paired	Pseudomonas
429	18	27.ESP_1975	Paired	Pseudomonas
430	14	27.ESP_1975	Paired	Pseudomonas
431	17	27.ESP_1975	Paired	Pseudomonas
432	25	27.ESP_1975	Paired	Pseudomonas
433	34	27.ESP_1975	Paired	Pseudomonas
434	15	27.ESP_1975	Paired	Pseudomonas
435	14	27.ESP_1975	Paired	Pseudomonas
436	29	27.ESP_1975	Paired	Pseudomonas
437	22	27.ESP_1975	Paired	Pseudomonas
438	21	27.ESP_1975	Paired	Pseudomonas
439	16	27.ESP_1975	Paired	Pseudomonas
440	22	27.ESP_1975	Paired	Pseudomonas
441	20	27.ESP_1975	Paired	Pseudomonas
442	21	27.ESP_1975	Paired	Pseudomonas
443	25	27.ESP_1975	Paired	Pseudomonas
444	18	27.ESP_1975	Paired	Pseudomonas
445	21	27.ESP_1975	Paired	Pseudomonas
446	19	27.ESP_1975	Paired	Pseudomonas
447	20	27.ESP_1975	Paired	Pseudomonas
448	13	27.ESP_1975	Paired	Pseudomonas
449	22	27.ESP_1975	Paired	Pseudomonas
450	17	27.ESP_1975	Paired	Pseudomonas
451	9	27.ESP_1975	Paired	Pseudomonas
452	10	27.ESP_1975	Paired	Pseudomonas
453	21	27.ESP_1975	Paired	Pseudomonas
454	22	27.ESP_1975	Paired	Pseudomonas
455	19	27.ESP_1975	Paired	Pseudomonas
456	15	27.ESP_1975	Paired	Pseudomonas
457	14	27.ESP_1975	Paired	Pseudomonas
458	17	27.ESP_1975	Paired	Pseudomonas
459	17	27.ESP_1975	Paired	Pseudomonas
460	14	27.ESP_1975	Paired	Pseudomonas
461	21	27.ESP_1975	Paired	Pseudomonas
462	13	27.ESP_1975	Paired	Pseudomonas
463	18	27.ESP_1975	Paired	Pseudomonas
464	17	27.ESP_1975	Paired	Pseudomonas
465	10	27.ESP_1975	Paired	Pseudomonas
466	17	27.ESP_1975	Paired	Pseudomonas
467	16	27.ESP_1975	Paired	Pseudomonas
468	13	27.ESP_1975	Paired	Pseudomonas
469	20	27.ESP_1975	Paired	Pseudomonas
470	12	27.ESP_1975	Paired	Pseudomonas
471	14	27.ESP_1975	Paired	Pseudomonas
472	14	27.ESP_1975	Paired	Pseudomonas
473	12	27.ESP_1975	Paired	Pseudomonas
474	8	27.ESP_1975	Paired	Pseudomonas
475	22	27.ESP_1975	Paired	Pseudomonas
476	15	27.ESP_1975	Paired	Pseudomonas
477	12	27.ESP_1975	Paired	Pseudomonas
478	13	27.ESP_1975	Paired	Pseudomonas
479	17	27.ESP_1975	Paired	Pseudomonas
480	14	27.ESP_1975	Paired	Pseudomonas
481	10	27.ESP_1975	Paired	Pseudomonas
482	11	27.ESP_1975	Paired	Pseudomonas
483	11	27.ESP_1975	Paired	Pseudomonas
484	10	27.ESP_1975	Paired	Pseudomonas
485	6	27.ESP_1975	Paired	Pseudomonas
486	9	27.ESP_1975	Paired	Pseudomonas
487	16	27.ESP_1975	Paired	Pseudomonas
488	9	27.ESP_1975	Paired	Pseudomonas
489	13	27.ESP_1975	Paired	Pseudomonas
490	8	27.ESP_1975	Paired	Pseudomonas
491	5	27.ESP_1975	Paired	Pseudomonas
492	10	27.ESP_1975	Paired	Pseudomonas
493	9	27.ESP_1975	Paired	Pseudomonas
494	10	27.ESP_1975	Paired	Pseudomonas
495	13	27.ESP_1975	Paired	Pseudomonas
496	11	27.ESP_1975	Paired	Pseudomonas
497	14	27.ESP_1975	Paired	Pseudomonas
498	11	27.ESP_1975	Paired	Pseudomonas
499	17	27.ESP_1975	Paired	Pseudomonas
500	15	27.ESP_1975	Paired	Pseudomonas
501	10	27.ESP_1975	Paired	Pseudomonas
502	11	27.ESP_1975	Paired	Pseudomonas
503	9	27.ESP_1975	Paired	Pseudomonas
504	6	27.ESP_1975	Paired	Pseudomonas
505	18	27.ESP_1975	Paired	Pseudomonas
506	6	27.ESP_1975	Paired	Pseudomonas
507	9	27.ESP_1975	Paired	Pseudomonas
508	4	27.ESP_1975	Paired	Pseudomonas
509	14	27.ESP_1975	Paired	Pseudomonas
510	5	27.ESP_1975	Paired	Pseudomonas
511	11	27.ESP_1975	Paired	Pseudomonas
512	6	27.ESP_1975	Paired	Pseudomonas
513	6	27.ESP_1975	Paired	Pseudomonas
514	10	27.ESP_1975	Paired	Pseudomonas
515	13	27.ESP_1975	Paired	Pseudomonas
516	5	27.ESP_1975	Paired	Pseudomonas
517	5	27.ESP_1975	Paired	Pseudomonas
518	12	27.ESP_1975	Paired	Pseudomonas
519	8	27.ESP_1975	Paired	Pseudomonas
520	5	27.ESP_1975	Paired	Pseudomonas
521	5	27.ESP_1975	Paired	Pseudomonas
522	3	27.ESP_1975	Paired	Pseudomonas
523	5	27.ESP_1975	Paired	Pseudomonas
524	5	27.ESP_1975	Paired	Pseudomonas
525	6	27.ESP_1975	Paired	Pseudomonas
526	6	27.ESP_1975	Paired	Pseudomonas
527	5	27.ESP_1975	Paired	Pseudomonas
528	3	27.ESP_1975	Paired	Pseudomonas
529	4	27.ESP_1975	Paired	Pseudomonas
530	10	27.ESP_1975	Paired	Pseudomonas
531	6	27.ESP_1975	Paired	Pseudomonas
532	5	27.ESP_1975	Paired	Pseudomonas
533	7	27.ESP_1975	Paired	Pseudomonas
534	10	27.ESP_1975	Paired	Pseudomonas
535	5	27.ESP_1975	Paired	Pseudomonas
537	6	27.ESP_1975	Paired	Pseudomonas
538	4	27.ESP_1975	Paired	Pseudomonas
539	4	27.ESP_1975	Paired	Pseudomonas
540	4	27.ESP_1975	Paired	Pseudomonas
541	4	27.ESP_1975	Paired	Pseudomonas
542	2	27.ESP_1975	Paired	Pseudomonas
543	3	27.ESP_1975	Paired	Pseudomonas
544	4	27.ESP_1975	Paired	Pseudomonas
545	4	27.ESP_1975	Paired	Pseudomonas
546	2	27.ESP_1975	Paired	Pseudomonas
547	2	27.ESP_1975	Paired	Pseudomonas
548	3	27.ESP_1975	Paired	Pseudomonas
549	3	27.ESP_1975	Paired	Pseudomonas
550	3	27.ESP_1975	Paired	Pseudomonas
551	1	27.ESP_1975	Paired	Pseudomonas
552	1	27.ESP_1975	Paired	Pseudomonas
553	4	27.ESP_1975	Paired	Pseudomonas
555	4	27.ESP_1975	Paired	Pseudomonas
556	3	27.ESP_1975	Paired	Pseudomonas
557	3	27.ESP_1975	Paired	Pseudomonas
558	1	27.ESP_1975	Paired	Pseudomonas
559	2	27.ESP_1975	Paired	Pseudomonas
560	7	27.ESP_1975	Paired	Pseudomonas
561	2	27.ESP_1975	Paired	Pseudomonas
562	3	27.ESP_1975	Paired	Pseudomonas
563	1	27.ESP_1975	Paired	Pseudomonas
564	6	27.ESP_1975	Paired	Pseudomonas
565	1	27.ESP_1975	Paired	Pseudomonas
566	3	27.ESP_1975	Paired	Pseudomonas
567	3	27.ESP_1975	Paired	Pseudomonas
568	5	27.ESP_1975	Paired	Pseudomonas
569	7	27.ESP_1975	Paired	Pseudomonas
570	3	27.ESP_1975	Paired	Pseudomonas
571	1	27.ESP_1975	Paired	Pseudomonas
572	1	27.ESP_1975	Paired	Pseudomonas
573	4	27.ESP_1975	Paired	Pseudomonas
574	3	27.ESP_1975	Paired	Pseudomonas
575	4	27.ESP_1975	Paired	Pseudomonas
577	3	27.ESP_1975	Paired	Pseudomonas
578	4	27.ESP_1975	Paired	Pseudomonas
579	2	27.ESP_1975	Paired	Pseudomonas
580	1	27.ESP_1975	Paired	Pseudomonas
581	2	27.ESP_1975	Paired	Pseudomonas
582	1	27.ESP_1975	Paired	Pseudomonas
583	3	27.ESP_1975	Paired	Pseudomonas
584	4	27.ESP_1975	Paired	Pseudomonas
585	1	27.ESP_1975	Paired	Pseudomonas
586	2	27.ESP_1975	Paired	Pseudomonas
587	1	27.ESP_1975	Paired	Pseudomonas
588	1	27.ESP_1975	Paired	Pseudomonas
589	3	27.ESP_1975	Paired	Pseudomonas
590	3	27.ESP_1975	Paired	Pseudomonas
591	2	27.ESP_1975	Paired	Pseudomonas
592	4	27.ESP_1975	Paired	Pseudomonas
593	3	27.ESP_1975	Paired	Pseudomonas
594	4	27.ESP_1975	Paired	Pseudomonas
595	3	27.ESP_1975	Paired	Pseudomonas
596	3	27.ESP_1975	Paired	Pseudomonas
597	2	27.ESP_1975	Paired	Pseudomonas
598	3	27.ESP_1975	Paired	Pseudomonas
599	4	27.ESP_1975	Paired	Pseudomonas
600	1	27.ESP_1975	Paired	Pseudomonas
602	2	27.ESP_1975	Paired	Pseudomonas
604	2	27.ESP_1975	Paired	Pseudomonas
605	6	27.ESP_1975	Paired	Pseudomonas
606	1	27.ESP_1975	Paired	Pseudomonas
607	3	27.ESP_1975	Paired	Pseudomonas
608	1	27.ESP_1975	Paired	Pseudomonas
609	2	27.ESP_1975	Paired	Pseudomonas
610	3	27.ESP_1975	Paired	Pseudomonas
611	2	27.ESP_1975	Paired	Pseudomonas
612	3	27.ESP_1975	Paired	Pseudomonas
613	2	27.ESP_1975	Paired	Pseudomonas
614	1	27.ESP_1975	Paired	Pseudomonas
615	2	27.ESP_1975	Paired	Pseudomonas
616	1	27.ESP_1975	Paired	Pseudomonas
617	1	27.ESP_1975	Paired	Pseudomonas
618	2	27.ESP_1975	Paired	Pseudomonas
619	2	27.ESP_1975	Paired	Pseudomonas
620	1	27.ESP_1975	Paired	Pseudomonas
622	2	27.ESP_1975	Paired	Pseudomonas
624	3	27.ESP_1975	Paired	Pseudomonas
625	1	27.ESP_1975	Paired	Pseudomonas
626	3	27.ESP_1975	Paired	Pseudomonas
627	1	27.ESP_1975	Paired	Pseudomonas
628	1	27.ESP_1975	Paired	Pseudomonas
629	1	27.ESP_1975	Paired	Pseudomonas
630	1	27.ESP_1975	Paired	Pseudomonas
631	2	27.ESP_1975	Paired	Pseudomonas
633	1	27.ESP_1975	Paired	Pseudomonas
639	1	27.ESP_1975	Paired	Pseudomonas
641	1	27.ESP_1975	Paired	Pseudomonas
644	4	27.ESP_1975	Paired	Pseudomonas
645	5	27.ESP_1975	Paired	Pseudomonas
646	2	27.ESP_1975	Paired	Pseudomonas
647	2	27.ESP_1975	Paired	Pseudomonas
648	1	27.ESP_1975	Paired	Pseudomonas
649	3	27.ESP_1975	Paired	Pseudomonas
651	5	27.ESP_1975	Paired	Pseudomonas
652	2	27.ESP_1975	Paired	Pseudomonas
653	2	27.ESP_1975	Paired	Pseudomonas
655	1	27.ESP_1975	Paired	Pseudomonas
657	1	27.ESP_1975	Paired	Pseudomonas
659	1	27.ESP_1975	Paired	Pseudomonas
660	4	27.ESP_1975	Paired	Pseudomonas
661	2	27.ESP_1975	Paired	Pseudomonas
662	1	27.ESP_1975	Paired	Pseudomonas
666	2	27.ESP_1975	Paired	Pseudomonas
667	1	27.ESP_1975	Paired	Pseudomonas
668	2	27.ESP_1975	Paired	Pseudomonas
669	2	27.ESP_1975	Paired	Pseudomonas
670	2	27.ESP_1975	Paired	Pseudomonas
671	2	27.ESP_1975	Paired	Pseudomonas
672	1	27.ESP_1975	Paired	Pseudomonas
676	2	27.ESP_1975	Paired	Pseudomonas
677	2	27.ESP_1975	Paired	Pseudomonas
678	1	27.ESP_1975	Paired	Pseudomonas
679	1	27.ESP_1975	Paired	Pseudomonas
682	2	27.ESP_1975	Paired	Pseudomonas
683	1	27.ESP_1975	Paired	Pseudomonas
691	1	27.ESP_1975	Paired	Pseudomonas
